[{"stream_name":"stderr","time":6.30054598,"data":"/usr/local/lib/python3.12/dist-packages/nbformat/__init__.py:96: MissingIDFieldWarning: Cell is missing an id field, this will become a hard error in future nbformat versions. You may want to use `normalize()` on your notebooks before validations (available since nbformat 5.1.4). Previous versions of nbformat are fixing this issue transparently, and will stop doing so in the future.\n"}
,{"stream_name":"stderr","time":6.300621051,"data":"  validate(nb)\n"}
,{"stream_name":"stderr","time":7.164909418,"data":"0.00s - Debugger warning: It seems that frozen modules are being used, which may\n"}
,{"stream_name":"stderr","time":7.164944484,"data":"0.00s - make the debugger miss breakpoints. Please pass -Xfrozen_modules=off\n"}
,{"stream_name":"stderr","time":7.164950684,"data":"0.00s - to python to disable frozen modules.\n"}
,{"stream_name":"stderr","time":7.164955651,"data":"0.00s - Note: Debugging will proceed. Set PYDEVD_DISABLE_FILE_VALIDATION=1 to disable this validation.\n"}
,{"stream_name":"stderr","time":7.780646198,"data":"0.00s - Debugger warning: It seems that frozen modules are being used, which may\n"}
,{"stream_name":"stderr","time":7.780679405,"data":"0.00s - make the debugger miss breakpoints. Please pass -Xfrozen_modules=off\n"}
,{"stream_name":"stderr","time":7.780686578,"data":"0.00s - to python to disable frozen modules.\n"}
,{"stream_name":"stderr","time":7.780693767,"data":"0.00s - Note: Debugging will proceed. Set PYDEVD_DISABLE_FILE_VALIDATION=1 to disable this validation.\n"}
,{"stream_name":"stdout","time":8.92729376,"data":"BIOHUB_PRESET: dual_seed_near_balanced_center_confirmed_synthetic_gap\n"}
,{"stream_name":"stdout","time":8.927333902,"data":"BIOHUB_SCORE_AXIS: near-balanced shared detections with marginal synthetic-gap confirmation\n"}
,{"stream_name":"stdout","time":8.927337541,"data":"ported safe-div: 8/11/10, diverge 2.25\n"}
,{"stream_name":"stdout","time":9.750875397,"data":"Biohub learned UNet + node-transformer + ILP submission\n"}
,{"stream_name":"stdout","time":9.750924315,"data":"COMP_DIR: /kaggle/input/competitions/biohub-cell-tracking-during-development exists: True\n"}
,{"stream_name":"stdout","time":9.75093072,"data":"TEST_DIR: /kaggle/input/competitions/biohub-cell-tracking-during-development/test exists: True\n"}
,{"stream_name":"stdout","time":9.750935619,"data":"{\n"}
,{"stream_name":"stdout","time":9.750940021,"data":"  \"adaptive_short_track_rescue\": false,\n"}
,{"stream_name":"stdout","time":9.750945483,"data":"  \"allow_artifact_fallback\": false,\n"}
,{"stream_name":"stdout","time":9.750950851,"data":"  \"allow_pip_install\": false,\n"}
,{"stream_name":"stdout","time":9.750956231,"data":"  \"deepcenter_checkpoint_default\": \"/kaggle/input/biohub-deepcenter-unet3d-center-prior-v1/weights/full_frame_center/checkpoint_last.pt\",\n"}
,{"stream_name":"stdout","time":9.750961454,"data":"  \"deepcenter_expected_epoch\": 500,\n"}
,{"stream_name":"stdout","time":9.750965873,"data":"  \"deepcenter_gap_add_gate\": true,\n"}
,{"stream_name":"stdout","time":9.750970375,"data":"  \"deepcenter_gap_confirm_min_span_um\": 8.5,\n"}
,{"stream_name":"stdout","time":9.750974818,"data":"  \"deepcenter_gap_threshold\": 0.25,\n"}
,{"stream_name":"stdout","time":9.751002791,"data":"  \"deepcenter_safe_div_add_gate\": false,\n"}
,{"stream_name":"stdout","time":9.751011199,"data":"  \"deepcenter_safe_div_threshold\": 0.12,\n"}
,{"stream_name":"stdout","time":9.751016734,"data":"  \"det_threshold\": 0.96875,\n"}
,{"stream_name":"stdout","time":9.75102113,"data":"  \"div_drop_to_single_if_bad\": true,\n"}
,{"stream_name":"stdout","time":9.751025489,"data":"  \"div_parent_max_um\": 10.5,\n"}
,{"stream_name":"stdout","time":9.751041976,"data":"  \"div_sister_max_um\": 8.0,\n"}
,{"stream_name":"stdout","time":9.751046247,"data":"  \"experiment_tag\": \"selected_101_dual_seed_near_balanced_center_confirmed_synthetic_gap\",\n"}
,{"stream_name":"stdout","time":9.751049889,"data":"  \"gap2_frame_frac_cap\": 0.006,\n"}
,{"stream_name":"stdout","time":9.751053771,"data":"  \"gap2_max_links_abs\": 180,\n"}
,{"stream_name":"stdout","time":9.75105763,"data":"  \"gap2_max_links_frac\": 0.0045,\n"}
,{"stream_name":"stdout","time":9.751061974,"data":"  \"gap2_max_step_um\": 4.4,\n"}
,{"stream_name":"stdout","time":9.751065909,"data":"  \"gap2_max_total_um\": 10.2,\n"}
,{"stream_name":"stdout","time":9.751069324,"data":"  \"gap2_require_context\": true,\n"}
,{"stream_name":"stdout","time":9.751072702,"data":"  \"gap_close_effective_max_gap\": 1,\n"}
,{"stream_name":"stdout","time":9.751076209,"data":"  \"gap_close_max_added_abs\": 2000,\n"}
,{"stream_name":"stdout","time":9.751079618,"data":"  \"gap_close_max_added_frac\": 0.05,\n"}
,{"stream_name":"stdout","time":9.751083672,"data":"  \"gap_close_max_gap\": 2,\n"}
,{"stream_name":"stdout","time":9.751087739,"data":"  \"gap_close_reuse_existing\": true,\n"}
,{"stream_name":"stdout","time":9.751091907,"data":"  \"gap_close_reuse_um\": 3.2,\n"}
,{"stream_name":"stdout","time":9.751096002,"data":"  \"gap_close_um\": 5.8,\n"}
,{"stream_name":"stdout","time":9.751099943,"data":"  \"gap_density_adaptive\": true,\n"}
,{"stream_name":"stdout","time":9.751103296,"data":"  \"gap_density_gain\": 0.04,\n"}
,{"stream_name":"stdout","time":9.751106688,"data":"  \"gap_density_max_step_delta_um\": 0.125,\n"}
,{"stream_name":"stdout","time":9.751110033,"data":"  \"gap_density_neighbors\": 3,\n"}
,{"stream_name":"stdout","time":9.751113395,"data":"  \"gap_density_reference_um\": 6.5,\n"}
,{"stream_name":"stdout","time":9.751116806,"data":"  \"gap_refine_max_shift_um\": 3.2,\n"}
,{"stream_name":"stdout","time":9.751120161,"data":"  \"gap_refine_synthetic\": true,\n"}
,{"stream_name":"stdout","time":9.751123834,"data":"  \"gap_refine_win_yx\": 3,\n"}
,{"stream_name":"stdout","time":9.751128712,"data":"  \"gap_refine_win_z\": 1,\n"}
,{"stream_name":"stdout","time":9.751136059,"data":"  \"ilp_appearance_weight\": 0.0,\n"}
,{"stream_name":"stdout","time":9.751138677,"data":"  \"ilp_disappearance_weight\": 1.5,\n"}
,{"stream_name":"stdout","time":9.751140888,"data":"  \"ilp_division_weight\": 1.0,\n"}
,{"stream_name":"stdout","time":9.751143105,"data":"  \"ilp_edge_weight\": -1.0,\n"}
,{"stream_name":"stdout","time":9.751145412,"data":"  \"method\": \"unet_transformer\",\n"}
,{"stream_name":"stdout","time":9.751147723999999,"data":"  \"motion_relink_learned_bonus\": 1.0,\n"}
,{"stream_name":"stdout","time":9.751149988,"data":"  \"motion_relink_max_frame_nodes\": 2600,\n"}
,{"stream_name":"stdout","time":9.751152221,"data":"  \"motion_relink_relaxed_um\": 10.0,\n"}
,{"stream_name":"stdout","time":9.751154459,"data":"  \"motion_relink_tight_um\": 6.0,\n"}
,{"stream_name":"stdout","time":9.751156683,"data":"  \"motion_relink_velocity_weight\": 0.5,\n"}
,{"stream_name":"stdout","time":9.751158894,"data":"  \"output_division_geometry_filter\": false,\n"}
,{"stream_name":"stdout","time":9.751161168,"data":"  \"output_edge_max_um\": 14.0,\n"}
,{"stream_name":"stdout","time":9.751180101,"data":"  \"output_enforce_next_frame\": true,\n"}
,{"stream_name":"stdout","time":9.751184337,"data":"  \"output_filter_short_tracks\": true,\n"}
,{"stream_name":"stdout","time":9.751188299,"data":"  \"output_gap2_recovery\": false,\n"}
,{"stream_name":"stdout","time":9.751202609,"data":"  \"output_gap_close\": true,\n"}
,{"stream_name":"stdout","time":9.751206398,"data":"  \"output_keep_division_components\": true,\n"}
,{"stream_name":"stdout","time":9.751209792000001,"data":"  \"output_linefit_smooth\": true,\n"}
,{"stream_name":"stdout","time":9.751213188,"data":"  \"output_linefit_weight\": 0.8,\n"}
,{"stream_name":"stdout","time":9.751216544,"data":"  \"output_linefit_window\": 2,\n"}
,{"stream_name":"stdout","time":9.751219904,"data":"  \"output_min_track_len\": 6,\n"}
,{"stream_name":"stdout","time":9.751223301,"data":"  \"output_motion_relink\": true,\n"}
,{"stream_name":"stdout","time":9.751226637,"data":"  \"output_prune_isolated\": true,\n"}
,{"stream_name":"stdout","time":9.751229959,"data":"  \"output_safe_divisions\": true,\n"}
,{"stream_name":"stdout","time":9.751233246,"data":"  \"output_single_child_repair\": false,\n"}
,{"stream_name":"stdout","time":9.751236615,"data":"  \"output_single_parent_repair\": true,\n"}
,{"stream_name":"stdout","time":9.751240056,"data":"  \"primary_artifact_manifest\": \"/kaggle/input/datasets/pilkwang/biohub-tracking-support-pack-50ep-v1/ARTIFACT_MANIFEST.json\",\n"}
,{"stream_name":"stdout","time":9.751248254,"data":"  \"safe_div_existing_child_max_um\": 10.0,\n"}
,{"stream_name":"stdout","time":9.751251283,"data":"  \"safe_div_frame_frac_cap\": 0.0076,\n"}
,{"stream_name":"stdout","time":9.751253582,"data":"  \"safe_div_global_frac_cap\": 0.00375,\n"}
,{"stream_name":"stdout","time":9.751255893,"data":"  \"safe_div_max_um\": 8.0,\n"}
,{"stream_name":"stdout","time":9.751258177,"data":"  \"safe_div_sister_max_um\": 11.0,\n"}
,{"stream_name":"stdout","time":9.751260402,"data":"  \"short_track_rescue_max_mean_edge_dist_um\": 3.25,\n"}
,{"stream_name":"stdout","time":9.751263174,"data":"  \"short_track_rescue_max_nodes_abs\": 180,\n"}
,{"stream_name":"stdout","time":9.751278777,"data":"  \"short_track_rescue_max_nodes_frac\": 0.018,\n"}
,{"stream_name":"stdout","time":9.751283856,"data":"  \"short_track_rescue_min_len\": 4,\n"}
,{"stream_name":"stdout","time":9.751288136,"data":"  \"short_track_rescue_min_mean_edge_prob\": 0.82,\n"}
,{"stream_name":"stdout","time":9.751292377,"data":"  \"short_track_rescue_trigger_removed_frac\": 0.1,\n"}
,{"stream_name":"stdout","time":9.751296366,"data":"  \"slice\": \"\",\n"}
,{"stream_name":"stdout","time":9.751299772,"data":"  \"target_artifact_slug\": \"biohub-tracking-support-pack-50ep-v1\",\n"}
,{"stream_name":"stdout","time":9.751303291,"data":"  \"unet_batch_size\": 4,\n"}
,{"stream_name":"stdout","time":9.751306526,"data":"  \"use_deepcenter_add_only_gate\": true,\n"}
,{"stream_name":"stdout","time":9.751309902,"data":"  \"use_ilp\": true,\n"}
,{"stream_name":"stdout","time":9.751313232,"data":"  \"weights\": \"weights/unet_transformer/split_0/edge_predictor_best.pth\"\n"}
,{"stream_name":"stdout","time":9.751316824,"data":"}\n"}
,{"stream_name":"stdout","time":9.963528243,"data":"ARTIFACTS: /kaggle/input/datasets/pilkwang/biohub-tracking-support-pack-50ep-v1\n"}
,{"stream_name":"stdout","time":9.963577818,"data":"Has offline wheels: True\n"}
,{"stream_name":"stdout","time":9.96358294,"data":"Artifact name: biohub-tracking-support-pack-400ep-snapshot-v1\n"}
,{"stream_name":"stdout","time":9.963587626,"data":"Weight sha256: 12f6881ee3620a831697ca098ff8f48e687a24225f4e048b538deec3562fe771\n"}
,{"stream_name":"stdout","time":9.963591906,"data":"Weight path: weights/unet_transformer/split_0/edge_predictor_best.pth\n"}
,{"stream_name":"stdout","time":10.718386863,"data":"Installing missing packages from offline package dirs: ['polars']\n"}
,{"stream_name":"stdout","time":10.718426359,"data":"Dependency resolver is disabled with --no-deps to avoid replacing Kaggle numpy/scipy in a live kernel.\n"}
,{"stream_name":"stdout","time":10.718431931,"data":"Offline package dirs: ['/kaggle/input/datasets/pilkwang/biohub-tracking-support-pack-50ep-v1/wheels']\n"}
,{"stream_name":"stdout","time":16.455136913,"data":"Offline dependency install succeeded.\n"}
,{"stream_name":"stdout","time":16.455182001,"data":"Installing missing packages from offline package dirs: ['tracksdata', 'zarr', 'pyscipopt', 'geff', 'geff_spec', 'ilpy', 'imagecodecs', 'rustworkx', 'numcodecs', 'donfig', 'bidict']\n"}
,{"stream_name":"stdout","time":16.455189664,"data":"Dependency resolver is disabled with --no-deps to avoid replacing Kaggle numpy/scipy in a live kernel.\n"}
,{"stream_name":"stdout","time":16.455196789,"data":"Offline package dirs: ['/kaggle/input/datasets/pilkwang/biohub-tracking-support-pack-50ep-v1/wheels']\n"}
,{"stream_name":"stdout","time":42.181866799,"data":"Offline dependency install succeeded.\n"}
,{"stream_name":"stderr","time":49.923709862,"data":"/usr/local/lib/python3.12/dist-packages/dask/array/image.py:7: FutureWarning: `find_available_plugins` is deprecated since version 0.25 and will be removed in version 0.27. The plugin infrastructure of `skimage.io` is deprecated. Instead, use `imageio` or other I/O packages directly.\n"}
,{"stream_name":"stderr","time":49.923742067,"data":"  from skimage.io import imread as sk_imread\n"}
,{"stream_name":"stderr","time":49.923746585,"data":"/usr/lib/python3.12/importlib/__init__.py:90: FutureWarning: `reset_plugins` is deprecated since version 0.25 and will be removed in version 0.27. The plugin infrastructure of `skimage.io` is deprecated. Instead, use `imageio` or other I/O packages directly.\n"}
,{"stream_name":"stderr","time":49.923750623,"data":"  return _bootstrap._gcd_import(name[level:], package, level)\n"}
,{"stream_name":"stderr","time":49.923753947,"data":"\n"}
,{"stream_name":"stderr","time":49.923757144,"data":"/usr/local/lib/python3.12/dist-packages/dask/array/image.py:7: FutureWarning: `find_available_plugins` is deprecated since version 0.25 and will be removed in version 0.27. The plugin infrastructure of `skimage.io` is deprecated. Instead, use `imageio` or other I/O packages directly.\n"}
,{"stream_name":"stderr","time":49.923761346,"data":"  from skimage.io import imread as sk_imread\n"}
,{"stream_name":"stderr","time":49.92376465,"data":"/usr/lib/python3.12/importlib/__init__.py:90: FutureWarning: `reset_plugins` is deprecated since version 0.25 and will be removed in version 0.27. The plugin infrastructure of `skimage.io` is deprecated. Instead, use `imageio` or other I/O packages directly.\n"}
,{"stream_name":"stderr","time":49.923768269,"data":"  return _bootstrap._gcd_import(name[level:], package, level)\n"}
,{"stream_name":"stdout","time":50.150914467,"data":"Required graph/Zarr/ILP packages import successfully.\n"}
,{"stream_name":"stdout","time":50.150951897,"data":"Inference repo: /kaggle/working/tracking_repo\n"}
,{"stream_name":"stdout","time":50.150958683,"data":"Weights: /kaggle/working/tracking_repo/weights/unet_transformer/split_0/edge_predictor_best.pth\n"}
,{"stream_name":"stdout","time":309.167493675,"data":"Secondary artifact: /kaggle/input/datasets/pilkwang/biohub-temporal-unet3d-seed314159-v1\n"}
,{"stream_name":"stdout","time":309.167539025,"data":"Secondary weight: /kaggle/working/secondary_seed_weights/unet_transformer/split_0/edge_predictor_best.pth\n"}
,{"stream_name":"stdout","time":309.167547395,"data":"Secondary SHA256: 9bac2fa0dadc4a6fc1899e0caf187f4b553e0a7cd90ba1261a68b35ffe9e305f\n"}
,{"stream_name":"stdout","time":309.167569917,"data":"Secondary edge-logit weight: 0.15\n"}
,{"stream_name":"stdout","time":313.518309736,"data":"CUDA device: Tesla T4\n"}
,{"stream_name":"stdout","time":313.518339736,"data":"TTA patch applied (400ep spatial D4-style)\n"}
,{"stream_name":"stdout","time":313.518344644,"data":"Calibrated dual-seed runtime patch applied\n"}
,{"stream_name":"stdout","time":313.518347893,"data":"Frozen frame retention guard applied at 0.90\n"}
,{"stream_name":"stdout","time":313.518351999,"data":"Found 4 test videos\n"}
,{"stream_name":"stdout","time":313.518356193,"data":"['44b6_0113de3b', '44b6_0b24845f', '6bba_05b6850b', '6bba_05db0fb1']\n"}
,{"stream_name":"stdout","time":313.518359571,"data":"Launching 2 independent video shards on CUDA devices ['0', '1']\n"}
,{"stream_name":"stdout","time":313.518367626,"data":"GPU shard 0: CUDA_VISIBLE_DEVICES=0 | /usr/bin/python3 scripts/predict_unet_transformer.py --data-dir /kaggle/input/competitions/biohub-cell-tracking-during-development/test --splits kaggle_test_splits_50ep.json --split 0 --weights weights/unet_transformer/split_0/edge_predictor_best.pth --unet-batch-size 4 --det-threshold 0.96875 --ilp-edge-weight -1.0 --ilp-appearance-weight 0.0 --ilp-disappearance-weight 1.5 --ilp-division-weight 1.0 --use-ilp --method unet_transformer_gpu0 --slice 0::2\n"}
,{"stream_name":"stdout","time":313.519577128,"data":"GPU shard 1: CUDA_VISIBLE_DEVICES=1 | /usr/bin/python3 scripts/predict_unet_transformer.py --data-dir /kaggle/input/competitions/biohub-cell-tracking-during-development/test --splits kaggle_test_splits_50ep.json --split 0 --weights weights/unet_transformer/split_0/edge_predictor_best.pth --unet-batch-size 4 --det-threshold 0.96875 --ilp-edge-weight -1.0 --ilp-appearance-weight 0.0 --ilp-disappearance-weight 1.5 --ilp-division-weight 1.0 --use-ilp --method unet_transformer_gpu1 --slice 1::2\n"}
,{"stream_name":"stderr","time":319.16506218,"data":"/usr/local/lib/python3.12/dist-packages/dask/array/image.py:7: FutureWarning: `find_available_plugins` is deprecated since version 0.25 and will be removed in version 0.27. The plugin infrastructure of `skimage.io` is deprecated. Instead, use `imageio` or other I/O packages directly.\n"}
,{"stream_name":"stderr","time":319.165097644,"data":"  from skimage.io import imread as sk_imread\n"}
,{"stream_name":"stderr","time":319.169867101,"data":"/usr/lib/python3.12/importlib/__init__.py:90: FutureWarning: `reset_plugins` is deprecated since version 0.25 and will be removed in version 0.27. The plugin infrastructure of `skimage.io` is deprecated. Instead, use `imageio` or other I/O packages directly.\n"}
,{"stream_name":"stderr","time":319.169893436,"data":"  return _bootstrap._gcd_import(name[level:], package, level)\n"}
,{"stream_name":"stderr","time":319.188397547,"data":"/usr/local/lib/python3.12/dist-packages/dask/array/image.py:7: FutureWarning: `find_available_plugins` is deprecated since version 0.25 and will be removed in version 0.27. The plugin infrastructure of `skimage.io` is deprecated. Instead, use `imageio` or other I/O packages directly.\n"}
,{"stream_name":"stderr","time":319.18843834,"data":"  from skimage.io import imread as sk_imread\n"}
,{"stream_name":"stderr","time":319.193754032,"data":"/usr/lib/python3.12/importlib/__init__.py:90: FutureWarning: `reset_plugins` is deprecated since version 0.25 and will be removed in version 0.27. The plugin infrastructure of `skimage.io` is deprecated. Instead, use `imageio` or other I/O packages directly.\n"}
,{"stream_name":"stderr","time":319.193778001,"data":"  return _bootstrap._gcd_import(name[level:], package, level)\n"}
,{"stream_name":"stderr","time":319.367381156,"data":"/usr/local/lib/python3.12/dist-packages/dask/array/image.py:7: FutureWarning: `find_available_plugins` is deprecated since version 0.25 and will be removed in version 0.27. The plugin infrastructure of `skimage.io` is deprecated. Instead, use `imageio` or other I/O packages directly.\n"}
,{"stream_name":"stderr","time":319.367441727,"data":"  from skimage.io import imread as sk_imread\n"}
,{"stream_name":"stderr","time":319.367446399,"data":"/usr/lib/python3.12/importlib/__init__.py:90: FutureWarning: `reset_plugins` is deprecated since version 0.25 and will be removed in version 0.27. The plugin infrastructure of `skimage.io` is deprecated. Instead, use `imageio` or other I/O packages directly.\n"}
,{"stream_name":"stderr","time":319.367451,"data":"  return _bootstrap._gcd_import(name[level:], package, level)\n"}
,{"stream_name":"stderr","time":319.367455691,"data":"/usr/local/lib/python3.12/dist-packages/dask/array/image.py:7: FutureWarning: `find_available_plugins` is deprecated since version 0.25 and will be removed in version 0.27. The plugin infrastructure of `skimage.io` is deprecated. Instead, use `imageio` or other I/O packages directly.\n"}
,{"stream_name":"stderr","time":319.367459198,"data":"  from skimage.io import imread as sk_imread\n"}
,{"stream_name":"stderr","time":319.367461912,"data":"/usr/lib/python3.12/importlib/__init__.py:90: FutureWarning: `reset_plugins` is deprecated since version 0.25 and will be removed in version 0.27. The plugin infrastructure of `skimage.io` is deprecated. Instead, use `imageio` or other I/O packages directly.\n"}
,{"stream_name":"stderr","time":319.367465004,"data":"  return _bootstrap._gcd_import(name[level:], package, level)\n"}
,{"stream_name":"stderr","time":319.367467748,"data":"\n"}
,{"stream_name":"stderr","time":319.367470463,"data":"/usr/local/lib/python3.12/dist-packages/dask/array/image.py:7: FutureWarning: `find_available_plugins` is deprecated since version 0.25 and will be removed in version 0.27. The plugin infrastructure of `skimage.io` is deprecated. Instead, use `imageio` or other I/O packages directly.\n"}
,{"stream_name":"stderr","time":319.367474016,"data":"  from skimage.io import imread as sk_imread\n"}
,{"stream_name":"stderr","time":319.367476657,"data":"/usr/lib/python3.12/importlib/__init__.py:90: FutureWarning: `reset_plugins` is deprecated since version 0.25 and will be removed in version 0.27. The plugin infrastructure of `skimage.io` is deprecated. Instead, use `imageio` or other I/O packages directly.\n"}
,{"stream_name":"stderr","time":319.367480125,"data":"  return _bootstrap._gcd_import(name[level:], package, level)\n"}
,{"stream_name":"stderr","time":319.367484048,"data":"/usr/local/lib/python3.12/dist-packages/dask/array/image.py:7: FutureWarning: `find_available_plugins` is deprecated since version 0.25 and will be removed in version 0.27. The plugin infrastructure of `skimage.io` is deprecated. Instead, use `imageio` or other I/O packages directly.\n"}
,{"stream_name":"stderr","time":319.3674872,"data":"  from skimage.io import imread as sk_imread\n"}
,{"stream_name":"stderr","time":319.367489875,"data":"/usr/lib/python3.12/importlib/__init__.py:90: FutureWarning: `reset_plugins` is deprecated since version 0.25 and will be removed in version 0.27. The plugin infrastructure of `skimage.io` is deprecated. Instead, use `imageio` or other I/O packages directly.\n"}
,{"stream_name":"stderr","time":319.367493018,"data":"  return _bootstrap._gcd_import(name[level:], package, level)\n"}
,{"stream_name":"stdout","time":319.972916878,"data":"Secondary model: /kaggle/working/secondary_seed_weights/unet_transformer/split_0/edge_predictor_best.pth | edge weight=0.150 | detection weight=0.475 | link mode=low_margin_consensus | temperature=1.000 | low-margin max=0.350 | edge threshold=0.480\n"}
,{"stream_name":"stdout","time":319.972996076,"data":"Fold 0: 2 datasets | weights=weights/unet_transformer/split_0/edge_predictor_best.pth | device=cuda | window_size=2 | pool_kernel_um=3.0\n"}
,{"stream_name":"stdout","time":319.974192344,"data":"Secondary model: /kaggle/working/secondary_seed_weights/unet_transformer/split_0/edge_predictor_best.pth | edge weight=0.150 | detection weight=0.475 | link mode=low_margin_consensus | temperature=1.000 | low-margin max=0.350 | edge threshold=0.480\n"}
,{"stream_name":"stdout","time":319.974227783,"data":"Fold 0: 2 datasets | weights=weights/unet_transformer/split_0/edge_predictor_best.pth | device=cuda | window_size=2 | pool_kernel_um=3.0\n"}
,{"stream_name":"stdout","time":320.175212303,"data":"Secondary model: /kaggle/working/secondary_seed_weights/unet_transformer/split_0/edge_predictor_best.pth | edge weight=0.150 | detection weight=0.475 | link mode=low_margin_consensus | temperature=1.000 | low-margin max=0.350 | edge threshold=0.480\n"}
,{"stream_name":"stdout","time":320.175269357,"data":"Fold 0: 2 datasets | weights=weights/unet_transformer/split_0/edge_predictor_best.pth | device=cuda | window_size=2 | pool_kernel_um=3.0\n"}
,{"stream_name":"stdout","time":320.175274722,"data":"Secondary model: /kaggle/working/secondary_seed_weights/unet_transformer/split_0/edge_predictor_best.pth | edge weight=0.150 | detection weight=0.475 | link mode=low_margin_consensus | temperature=1.000 | low-margin max=0.350 | edge threshold=0.480\n"}
,{"stream_name":"stdout","time":320.175279088,"data":"Fold 0: 2 datasets | weights=weights/unet_transformer/split_0/edge_predictor_best.pth | device=cuda | window_size=2 | pool_kernel_um=3.0\n"}
,{"stream_name":"stdout","time":322.910141309,"data":"BIOHUB_RETENTION_GUARD {\"blended_candidates\": 397, \"dataset\": \"44b6_0b24845f\", \"frame\": 0, \"minimum_retention\": 0.9, \"primary_candidates\": 456, \"retention\": 0.8706140350877193, \"use_primary\": true}\n"}
,{"stream_name":"stdout","time":322.911304911,"data":"BIOHUB_RETENTION_GUARD {\"blended_candidates\": 393, \"dataset\": \"44b6_0b24845f\", \"frame\": 1, \"minimum_retention\": 0.9, \"primary_candidates\": 437, \"retention\": 0.8993135011441648, \"use_primary\": true}\n"}
,{"stream_name":"stdout","time":323.113017106,"data":"BIOHUB_RETENTION_GUARD {\"blended_candidates\": 397, \"dataset\": \"44b6_0b24845f\", \"frame\": 0, \"minimum_retention\": 0.9, \"primary_candidates\": 456, \"retention\": 0.8706140350877193, \"use_primary\": true}\n"}
,{"stream_name":"stdout","time":323.113082166,"data":"BIOHUB_RETENTION_GUARD {\"blended_candidates\": 393, \"dataset\": \"44b6_0b24845f\", \"frame\": 1, \"minimum_retention\": 0.9, \"primary_candidates\": 437, \"retention\": 0.8993135011441648, \"use_primary\": true}\n"}
,{"stream_name":"stdout","time":327.90019908,"data":"BIOHUB_RETENTION_GUARD {\"blended_candidates\": 344, \"dataset\": \"44b6_0b24845f\", \"frame\": 2, \"minimum_retention\": 0.9, \"primary_candidates\": 387, \"retention\": 0.8888888888888888, \"use_primary\": true}\n"}
,{"stream_name":"stdout","time":328.103294052,"data":"BIOHUB_RETENTION_GUARD {\"blended_candidates\": 344, \"dataset\": \"44b6_0b24845f\", \"frame\": 2, \"minimum_retention\": 0.9, \"primary_candidates\": 387, \"retention\": 0.8888888888888888, \"use_primary\": true}\n"}
,{"stream_name":"stdout","time":329.747074502,"data":"BIOHUB_RETENTION_GUARD {\"blended_candidates\": 375, \"dataset\": \"44b6_0b24845f\", \"frame\": 3, \"minimum_retention\": 0.9, \"primary_candidates\": 419, \"retention\": 0.8949880668257757, \"use_primary\": true}\n"}
,{"stream_name":"stdout","time":329.949787871,"data":"BIOHUB_RETENTION_GUARD {\"blended_candidates\": 375, \"dataset\": \"44b6_0b24845f\", \"frame\": 3, \"minimum_retention\": 0.9, \"primary_candidates\": 419, \"retention\": 0.8949880668257757, \"use_primary\": true}\n"}
,{"stream_name":"stdout","time":331.630220527,"data":"BIOHUB_RETENTION_GUARD {\"blended_candidates\": 338, \"dataset\": \"44b6_0b24845f\", \"frame\": 4, \"minimum_retention\": 0.9, \"primary_candidates\": 395, \"retention\": 0.8556962025316456, \"use_primary\": true}\n"}
,{"stream_name":"stdout","time":331.835076309,"data":"BIOHUB_RETENTION_GUARD {\"blended_candidates\": 338, \"dataset\": \"44b6_0b24845f\", \"frame\": 4, \"minimum_retention\": 0.9, \"primary_candidates\": 395, \"retention\": 0.8556962025316456, \"use_primary\": true}\n"}
,{"stream_name":"stdout","time":333.524052212,"data":"BIOHUB_RETENTION_GUARD {\"blended_candidates\": 321, \"dataset\": \"44b6_0b24845f\", \"frame\": 5, \"minimum_retention\": 0.9, \"primary_candidates\": 378, \"retention\": 0.8492063492063492, \"use_primary\": true}\n"}
,{"stream_name":"stdout","time":333.727104633,"data":"BIOHUB_RETENTION_GUARD {\"blended_candidates\": 321, \"dataset\": \"44b6_0b24845f\", \"frame\": 5, \"minimum_retention\": 0.9, \"primary_candidates\": 378, \"retention\": 0.8492063492063492, \"use_primary\": true}\n"}
,{"stream_name":"stdout","time":335.393896868,"data":"BIOHUB_RETENTION_GUARD {\"blended_candidates\": 348, \"dataset\": \"44b6_0b24845f\", \"frame\": 6, \"minimum_retention\": 0.9, \"primary_candidates\": 390, \"retention\": 0.8923076923076924, \"use_primary\": true}\n"}
,{"stream_name":"stdout","time":335.596105073,"data":"BIOHUB_RETENTION_GUARD {\"blended_candidates\": 348, \"dataset\": \"44b6_0b24845f\", \"frame\": 6, \"minimum_retention\": 0.9, \"primary_candidates\": 390, \"retention\": 0.8923076923076924, \"use_primary\": true}\n"}
,{"stream_name":"stdout","time":337.258036742,"data":"BIOHUB_RETENTION_GUARD {\"blended_candidates\": 334, \"dataset\": \"44b6_0b24845f\", \"frame\": 7, \"minimum_retention\": 0.9, \"primary_candidates\": 380, \"retention\": 0.8789473684210526, \"use_primary\": true}\n"}
,{"stream_name":"stdout","time":337.4601139,"data":"BIOHUB_RETENTION_GUARD {\"blended_candidates\": 334, \"dataset\": \"44b6_0b24845f\", \"frame\": 7, \"minimum_retention\": 0.9, \"primary_candidates\": 380, \"retention\": 0.8789473684210526, \"use_primary\": true}\n"}
,{"stream_name":"stdout","time":342.912196286,"data":"BIOHUB_RETENTION_GUARD {\"blended_candidates\": 355, \"dataset\": \"44b6_0b24845f\", \"frame\": 10, \"minimum_retention\": 0.9, \"primary_candidates\": 412, \"retention\": 0.8616504854368932, \"use_primary\": true}\n"}
,{"stream_name":"stdout","time":343.121188855,"data":"BIOHUB_RETENTION_GUARD {\"blended_candidates\": 355, \"dataset\": \"44b6_0b24845f\", \"frame\": 10, \"minimum_retention\": 0.9, \"primary_candidates\": 412, \"retention\": 0.8616504854368932, \"use_primary\": true}\n"}
,{"stream_name":"stdout","time":346.756282546,"data":"BIOHUB_RETENTION_GUARD {\"blended_candidates\": 311, \"dataset\": \"44b6_0b24845f\", \"frame\": 12, \"minimum_retention\": 0.9, \"primary_candidates\": 354, \"retention\": 0.8785310734463276, \"use_primary\": true}\n"}
,{"stream_name":"stdout","time":346.959403175,"data":"BIOHUB_RETENTION_GUARD {\"blended_candidates\": 311, \"dataset\": \"44b6_0b24845f\", \"frame\": 12, \"minimum_retention\": 0.9, \"primary_candidates\": 354, \"retention\": 0.8785310734463276, \"use_primary\": true}\n"}
,{"stream_name":"stdout","time":348.663795712,"data":"BIOHUB_RETENTION_GUARD {\"blended_candidates\": 314, \"dataset\": \"44b6_0b24845f\", \"frame\": 13, \"minimum_retention\": 0.9, \"primary_candidates\": 380, \"retention\": 0.8263157894736842, \"use_primary\": true}\n"}
,{"stream_name":"stdout","time":348.866359395,"data":"BIOHUB_RETENTION_GUARD {\"blended_candidates\": 314, \"dataset\": \"44b6_0b24845f\", \"frame\": 13, \"minimum_retention\": 0.9, \"primary_candidates\": 380, \"retention\": 0.8263157894736842, \"use_primary\": true}\n"}
,{"stream_name":"stdout","time":362.148202643,"data":"BIOHUB_RETENTION_GUARD {\"blended_candidates\": 281, \"dataset\": \"44b6_0b24845f\", \"frame\": 20, \"minimum_retention\": 0.9, \"primary_candidates\": 313, \"retention\": 0.8977635782747604, \"use_primary\": true}\n"}
,{"stream_name":"stdout","time":362.351264556,"data":"BIOHUB_RETENTION_GUARD {\"blended_candidates\": 281, \"dataset\": \"44b6_0b24845f\", \"frame\": 20, \"minimum_retention\": 0.9, \"primary_candidates\": 313, \"retention\": 0.8977635782747604, \"use_primary\": true}\n"}
,{"stream_name":"stdout","time":364.055116381,"data":"BIOHUB_RETENTION_GUARD {\"blended_candidates\": 273, \"dataset\": \"44b6_0b24845f\", \"frame\": 21, \"minimum_retention\": 0.9, \"primary_candidates\": 316, \"retention\": 0.8639240506329114, \"use_primary\": true}\n"}
,{"stream_name":"stdout","time":364.258019676,"data":"BIOHUB_RETENTION_GUARD {\"blended_candidates\": 273, \"dataset\": \"44b6_0b24845f\", \"frame\": 21, \"minimum_retention\": 0.9, \"primary_candidates\": 316, \"retention\": 0.8639240506329114, \"use_primary\": true}\n"}
,{"stream_name":"stdout","time":366.042240025,"data":"BIOHUB_RETENTION_GUARD {\"blended_candidates\": 282, \"dataset\": \"44b6_0b24845f\", \"frame\": 22, \"minimum_retention\": 0.9, \"primary_candidates\": 317, \"retention\": 0.889589905362776, \"use_primary\": true}\n"}
,{"stream_name":"stdout","time":366.245368726,"data":"BIOHUB_RETENTION_GUARD {\"blended_candidates\": 282, \"dataset\": \"44b6_0b24845f\", \"frame\": 22, \"minimum_retention\": 0.9, \"primary_candidates\": 317, \"retention\": 0.889589905362776, \"use_primary\": true}\n"}
,{"stream_name":"stdout","time":369.972426343,"data":"BIOHUB_RETENTION_GUARD {\"blended_candidates\": 259, \"dataset\": \"44b6_0b24845f\", \"frame\": 24, \"minimum_retention\": 0.9, \"primary_candidates\": 301, \"retention\": 0.8604651162790697, \"use_primary\": true}\n"}
,{"stream_name":"stdout","time":370.17522571,"data":"BIOHUB_RETENTION_GUARD {\"blended_candidates\": 259, \"dataset\": \"44b6_0b24845f\", \"frame\": 24, \"minimum_retention\": 0.9, \"primary_candidates\": 301, \"retention\": 0.8604651162790697, \"use_primary\": true}\n"}
,{"stream_name":"stdout","time":375.890193763,"data":"BIOHUB_RETENTION_GUARD {\"blended_candidates\": 265, \"dataset\": \"44b6_0b24845f\", \"frame\": 27, \"minimum_retention\": 0.9, \"primary_candidates\": 299, \"retention\": 0.8862876254180602, \"use_primary\": true}\n"}
,{"stream_name":"stdout","time":376.10845416,"data":"BIOHUB_RETENTION_GUARD {\"blended_candidates\": 265, \"dataset\": \"44b6_0b24845f\", \"frame\": 27, \"minimum_retention\": 0.9, \"primary_candidates\": 299, \"retention\": 0.8862876254180602, \"use_primary\": true}\n"}
,{"stream_name":"stdout","time":381.794300451,"data":"BIOHUB_RETENTION_GUARD {\"blended_candidates\": 271, \"dataset\": \"44b6_0b24845f\", \"frame\": 30, \"minimum_retention\": 0.9, \"primary_candidates\": 302, \"retention\": 0.8973509933774835, \"use_primary\": true}\n"}
,{"stream_name":"stdout","time":381.997226511,"data":"BIOHUB_RETENTION_GUARD {\"blended_candidates\": 271, \"dataset\": \"44b6_0b24845f\", \"frame\": 30, \"minimum_retention\": 0.9, \"primary_candidates\": 302, \"retention\": 0.8973509933774835, \"use_primary\": true}\n"}
,{"stream_name":"stdout","time":385.775034929,"data":"BIOHUB_RETENTION_GUARD {\"blended_candidates\": 252, \"dataset\": \"44b6_0b24845f\", \"frame\": 32, \"minimum_retention\": 0.9, \"primary_candidates\": 289, \"retention\": 0.8719723183391004, \"use_primary\": true}\n"}
,{"stream_name":"stdout","time":385.978166874,"data":"BIOHUB_RETENTION_GUARD {\"blended_candidates\": 252, \"dataset\": \"44b6_0b24845f\", \"frame\": 32, \"minimum_retention\": 0.9, \"primary_candidates\": 289, \"retention\": 0.8719723183391004, \"use_primary\": true}\n"}
,{"stream_name":"stdout","time":416.572573851,"data":"BIOHUB_RETENTION_GUARD {\"blended_candidates\": 266, \"dataset\": \"44b6_0b24845f\", \"frame\": 47, \"minimum_retention\": 0.9, \"primary_candidates\": 304, \"retention\": 0.875, \"use_primary\": true}\n"}
,{"stream_name":"stdout","time":416.786166087,"data":"BIOHUB_RETENTION_GUARD {\"blended_candidates\": 266, \"dataset\": \"44b6_0b24845f\", \"frame\": 47, \"minimum_retention\": 0.9, \"primary_candidates\": 304, \"retention\": 0.875, \"use_primary\": true}\n"}
,{"stream_name":"stdout","time":420.795260116,"data":"BIOHUB_RETENTION_GUARD {\"blended_candidates\": 265, \"dataset\": \"44b6_0b24845f\", \"frame\": 49, \"minimum_retention\": 0.9, \"primary_candidates\": 301, \"retention\": 0.8803986710963455, \"use_primary\": true}\n"}
,{"stream_name":"stdout","time":421.000522136,"data":"BIOHUB_RETENTION_GUARD {\"blended_candidates\": 265, \"dataset\": \"44b6_0b24845f\", \"frame\": 49, \"minimum_retention\": 0.9, \"primary_candidates\": 301, \"retention\": 0.8803986710963455, \"use_primary\": true}\n"}
,{"stream_name":"stdout","time":425.065728195,"data":"BIOHUB_RETENTION_GUARD {\"blended_candidates\": 315, \"dataset\": \"44b6_0b24845f\", \"frame\": 51, \"minimum_retention\": 0.9, \"primary_candidates\": 356, \"retention\": 0.8848314606741573, \"use_primary\": true}\n"}
,{"stream_name":"stdout","time":425.268312674,"data":"BIOHUB_RETENTION_GUARD {\"blended_candidates\": 315, \"dataset\": \"44b6_0b24845f\", \"frame\": 51, \"minimum_retention\": 0.9, \"primary_candidates\": 356, \"retention\": 0.8848314606741573, \"use_primary\": true}\n"}
,{"stream_name":"stdout","time":435.891110824,"data":"BIOHUB_RETENTION_GUARD {\"blended_candidates\": 386, \"dataset\": \"44b6_0b24845f\", \"frame\": 56, \"minimum_retention\": 0.9, \"primary_candidates\": 431, \"retention\": 0.8955916473317865, \"use_primary\": true}\n"}
,{"stream_name":"stdout","time":436.093840241,"data":"BIOHUB_RETENTION_GUARD {\"blended_candidates\": 386, \"dataset\": \"44b6_0b24845f\", \"frame\": 56, \"minimum_retention\": 0.9, \"primary_candidates\": 431, \"retention\": 0.8955916473317865, \"use_primary\": true}\n"}
,{"stream_name":"stdout","time":438.087274294,"data":"BIOHUB_RETENTION_GUARD {\"blended_candidates\": 265, \"dataset\": \"44b6_0b24845f\", \"frame\": 57, \"minimum_retention\": 0.9, \"primary_candidates\": 296, \"retention\": 0.8952702702702703, \"use_primary\": true}\n"}
,{"stream_name":"stdout","time":438.289910896,"data":"BIOHUB_RETENTION_GUARD {\"blended_candidates\": 265, \"dataset\": \"44b6_0b24845f\", \"frame\": 57, \"minimum_retention\": 0.9, \"primary_candidates\": 296, \"retention\": 0.8952702702702703, \"use_primary\": true}\n"}
,{"stream_name":"stdout","time":440.235046663,"data":"BIOHUB_RETENTION_GUARD {\"blended_candidates\": 266, \"dataset\": \"44b6_0b24845f\", \"frame\": 58, \"minimum_retention\": 0.9, \"primary_candidates\": 308, \"retention\": 0.8636363636363636, \"use_primary\": true}\n"}
,{"stream_name":"stdout","time":440.438239931,"data":"BIOHUB_RETENTION_GUARD {\"blended_candidates\": 266, \"dataset\": \"44b6_0b24845f\", \"frame\": 58, \"minimum_retention\": 0.9, \"primary_candidates\": 308, \"retention\": 0.8636363636363636, \"use_primary\": true}\n"}
,{"stream_name":"stdout","time":442.355734987,"data":"BIOHUB_RETENTION_GUARD {\"blended_candidates\": 306, \"dataset\": \"44b6_0b24845f\", \"frame\": 59, \"minimum_retention\": 0.9, \"primary_candidates\": 342, \"retention\": 0.8947368421052632, \"use_primary\": true}\n"}
,{"stream_name":"stdout","time":442.558823599,"data":"BIOHUB_RETENTION_GUARD {\"blended_candidates\": 306, \"dataset\": \"44b6_0b24845f\", \"frame\": 59, \"minimum_retention\": 0.9, \"primary_candidates\": 342, \"retention\": 0.8947368421052632, \"use_primary\": true}\n"}
,{"stream_name":"stdout","time":444.477101415,"data":"BIOHUB_RETENTION_GUARD {\"blended_candidates\": 339, \"dataset\": \"44b6_0b24845f\", \"frame\": 60, \"minimum_retention\": 0.9, \"primary_candidates\": 384, \"retention\": 0.8828125, \"use_primary\": true}\n"}
,{"stream_name":"stdout","time":444.680050464,"data":"BIOHUB_RETENTION_GUARD {\"blended_candidates\": 339, \"dataset\": \"44b6_0b24845f\", \"frame\": 60, \"minimum_retention\": 0.9, \"primary_candidates\": 384, \"retention\": 0.8828125, \"use_primary\": true}\n"}
,{"stream_name":"stdout","time":446.586545923,"data":"BIOHUB_RETENTION_GUARD {\"blended_candidates\": 278, \"dataset\": \"44b6_0b24845f\", \"frame\": 61, \"minimum_retention\": 0.9, \"primary_candidates\": 320, \"retention\": 0.86875, \"use_primary\": true}\n"}
,{"stream_name":"stdout","time":446.800640586,"data":"BIOHUB_RETENTION_GUARD {\"blended_candidates\": 278, \"dataset\": \"44b6_0b24845f\", \"frame\": 61, \"minimum_retention\": 0.9, \"primary_candidates\": 320, \"retention\": 0.86875, \"use_primary\": true}\n"}
,{"stream_name":"stdout","time":448.676579343,"data":"BIOHUB_RETENTION_GUARD {\"blended_candidates\": 293, \"dataset\": \"44b6_0b24845f\", \"frame\": 62, \"minimum_retention\": 0.9, \"primary_candidates\": 340, \"retention\": 0.861764705882353, \"use_primary\": true}\n"}
,{"stream_name":"stdout","time":448.87937166,"data":"BIOHUB_RETENTION_GUARD {\"blended_candidates\": 293, \"dataset\": \"44b6_0b24845f\", \"frame\": 62, \"minimum_retention\": 0.9, \"primary_candidates\": 340, \"retention\": 0.861764705882353, \"use_primary\": true}\n"}
,{"stream_name":"stdout","time":452.836643609,"data":"BIOHUB_RETENTION_GUARD {\"blended_candidates\": 289, \"dataset\": \"44b6_0b24845f\", \"frame\": 64, \"minimum_retention\": 0.9, \"primary_candidates\": 332, \"retention\": 0.8704819277108434, \"use_primary\": true}\n"}
,{"stream_name":"stdout","time":453.039670689,"data":"BIOHUB_RETENTION_GUARD {\"blended_candidates\": 289, \"dataset\": \"44b6_0b24845f\", \"frame\": 64, \"minimum_retention\": 0.9, \"primary_candidates\": 332, \"retention\": 0.8704819277108434, \"use_primary\": true}\n"}
,{"stream_name":"stdout","time":457.026484723,"data":"BIOHUB_RETENTION_GUARD {\"blended_candidates\": 316, \"dataset\": \"44b6_0b24845f\", \"frame\": 66, \"minimum_retention\": 0.9, \"primary_candidates\": 369, \"retention\": 0.8563685636856369, \"use_primary\": true}\n"}
,{"stream_name":"stdout","time":457.229764775,"data":"BIOHUB_RETENTION_GUARD {\"blended_candidates\": 316, \"dataset\": \"44b6_0b24845f\", \"frame\": 66, \"minimum_retention\": 0.9, \"primary_candidates\": 369, \"retention\": 0.8563685636856369, \"use_primary\": true}\n"}
,{"stream_name":"stdout","time":459.112049388,"data":"BIOHUB_RETENTION_GUARD {\"blended_candidates\": 266, \"dataset\": \"44b6_0b24845f\", \"frame\": 67, \"minimum_retention\": 0.9, \"primary_candidates\": 306, \"retention\": 0.869281045751634, \"use_primary\": true}\n"}
,{"stream_name":"stdout","time":459.315100871,"data":"BIOHUB_RETENTION_GUARD {\"blended_candidates\": 266, \"dataset\": \"44b6_0b24845f\", \"frame\": 67, \"minimum_retention\": 0.9, \"primary_candidates\": 306, \"retention\": 0.869281045751634, \"use_primary\": true}\n"}
,{"stream_name":"stdout","time":465.381383482,"data":"BIOHUB_RETENTION_GUARD {\"blended_candidates\": 255, \"dataset\": \"44b6_0b24845f\", \"frame\": 70, \"minimum_retention\": 0.9, \"primary_candidates\": 298, \"retention\": 0.8557046979865772, \"use_primary\": true}\n"}
,{"stream_name":"stdout","time":465.584494016,"data":"BIOHUB_RETENTION_GUARD {\"blended_candidates\": 255, \"dataset\": \"44b6_0b24845f\", \"frame\": 70, \"minimum_retention\": 0.9, \"primary_candidates\": 298, \"retention\": 0.8557046979865772, \"use_primary\": true}\n"}
,{"stream_name":"stdout","time":467.469535474,"data":"BIOHUB_RETENTION_GUARD {\"blended_candidates\": 273, \"dataset\": \"44b6_0b24845f\", \"frame\": 71, \"minimum_retention\": 0.9, \"primary_candidates\": 318, \"retention\": 0.8584905660377359, \"use_primary\": true}\n"}
,{"stream_name":"stdout","time":467.67259359,"data":"BIOHUB_RETENTION_GUARD {\"blended_candidates\": 273, \"dataset\": \"44b6_0b24845f\", \"frame\": 71, \"minimum_retention\": 0.9, \"primary_candidates\": 318, \"retention\": 0.8584905660377359, \"use_primary\": true}\n"}
,{"stream_name":"stdout","time":471.597230291,"data":"BIOHUB_RETENTION_GUARD {\"blended_candidates\": 202, \"dataset\": \"44b6_0b24845f\", \"frame\": 73, \"minimum_retention\": 0.9, \"primary_candidates\": 257, \"retention\": 0.7859922178988327, \"use_primary\": true}\n"}
,{"stream_name":"stdout","time":471.800148314,"data":"BIOHUB_RETENTION_GUARD {\"blended_candidates\": 202, \"dataset\": \"44b6_0b24845f\", \"frame\": 73, \"minimum_retention\": 0.9, \"primary_candidates\": 257, \"retention\": 0.7859922178988327, \"use_primary\": true}\n"}
,{"stream_name":"stdout","time":473.660140137,"data":"BIOHUB_RETENTION_GUARD {\"blended_candidates\": 230, \"dataset\": \"44b6_0b24845f\", \"frame\": 74, \"minimum_retention\": 0.9, \"primary_candidates\": 285, \"retention\": 0.8070175438596491, \"use_primary\": true}\n"}
,{"stream_name":"stdout","time":473.863231259,"data":"BIOHUB_RETENTION_GUARD {\"blended_candidates\": 230, \"dataset\": \"44b6_0b24845f\", \"frame\": 74, \"minimum_retention\": 0.9, \"primary_candidates\": 285, \"retention\": 0.8070175438596491, \"use_primary\": true}\n"}
,{"stream_name":"stdout","time":475.688698011,"data":"BIOHUB_RETENTION_GUARD {\"blended_candidates\": 300, \"dataset\": \"44b6_0b24845f\", \"frame\": 75, \"minimum_retention\": 0.9, \"primary_candidates\": 367, \"retention\": 0.8174386920980926, \"use_primary\": true}\n"}
,{"stream_name":"stdout","time":475.892188982,"data":"BIOHUB_RETENTION_GUARD {\"blended_candidates\": 300, \"dataset\": \"44b6_0b24845f\", \"frame\": 75, \"minimum_retention\": 0.9, \"primary_candidates\": 367, \"retention\": 0.8174386920980926, \"use_primary\": true}\n"}
,{"stream_name":"stdout","time":477.772510545,"data":"BIOHUB_RETENTION_GUARD {\"blended_candidates\": 317, \"dataset\": \"44b6_0b24845f\", \"frame\": 76, \"minimum_retention\": 0.9, \"primary_candidates\": 369, \"retention\": 0.8590785907859079, \"use_primary\": true}\n"}
,{"stream_name":"stdout","time":477.990162046,"data":"BIOHUB_RETENTION_GUARD {\"blended_candidates\": 317, \"dataset\": \"44b6_0b24845f\", \"frame\": 76, \"minimum_retention\": 0.9, \"primary_candidates\": 369, \"retention\": 0.8590785907859079, \"use_primary\": true}\n"}
,{"stream_name":"stdout","time":479.863003655,"data":"BIOHUB_RETENTION_GUARD {\"blended_candidates\": 255, \"dataset\": \"44b6_0b24845f\", \"frame\": 77, \"minimum_retention\": 0.9, \"primary_candidates\": 323, \"retention\": 0.7894736842105263, \"use_primary\": true}\n"}
,{"stream_name":"stdout","time":480.06650786,"data":"BIOHUB_RETENTION_GUARD {\"blended_candidates\": 255, \"dataset\": \"44b6_0b24845f\", \"frame\": 77, \"minimum_retention\": 0.9, \"primary_candidates\": 323, \"retention\": 0.7894736842105263, \"use_primary\": true}\n"}
,{"stream_name":"stdout","time":481.926361701,"data":"BIOHUB_RETENTION_GUARD {\"blended_candidates\": 315, \"dataset\": \"44b6_0b24845f\", \"frame\": 78, \"minimum_retention\": 0.9, \"primary_candidates\": 388, \"retention\": 0.8118556701030928, \"use_primary\": true}\n"}
,{"stream_name":"stdout","time":482.12985417,"data":"BIOHUB_RETENTION_GUARD {\"blended_candidates\": 315, \"dataset\": \"44b6_0b24845f\", \"frame\": 78, \"minimum_retention\": 0.9, \"primary_candidates\": 388, \"retention\": 0.8118556701030928, \"use_primary\": true}\n"}
,{"stream_name":"stdout","time":483.990875669,"data":"BIOHUB_RETENTION_GUARD {\"blended_candidates\": 323, \"dataset\": \"44b6_0b24845f\", \"frame\": 79, \"minimum_retention\": 0.9, \"primary_candidates\": 420, \"retention\": 0.7690476190476191, \"use_primary\": true}\n"}
,{"stream_name":"stdout","time":484.19431391,"data":"BIOHUB_RETENTION_GUARD {\"blended_candidates\": 323, \"dataset\": \"44b6_0b24845f\", \"frame\": 79, \"minimum_retention\": 0.9, \"primary_candidates\": 420, \"retention\": 0.7690476190476191, \"use_primary\": true}\n"}
,{"stream_name":"stdout","time":486.075783005,"data":"BIOHUB_RETENTION_GUARD {\"blended_candidates\": 314, \"dataset\": \"44b6_0b24845f\", \"frame\": 80, \"minimum_retention\": 0.9, \"primary_candidates\": 382, \"retention\": 0.8219895287958116, \"use_primary\": true}\n"}
,{"stream_name":"stdout","time":486.279062027,"data":"BIOHUB_RETENTION_GUARD {\"blended_candidates\": 314, \"dataset\": \"44b6_0b24845f\", \"frame\": 80, \"minimum_retention\": 0.9, \"primary_candidates\": 382, \"retention\": 0.8219895287958116, \"use_primary\": true}\n"}
,{"stream_name":"stdout","time":488.161167827,"data":"BIOHUB_RETENTION_GUARD {\"blended_candidates\": 307, \"dataset\": \"44b6_0b24845f\", \"frame\": 81, \"minimum_retention\": 0.9, \"primary_candidates\": 378, \"retention\": 0.8121693121693122, \"use_primary\": true}\n"}
,{"stream_name":"stdout","time":488.364324302,"data":"BIOHUB_RETENTION_GUARD {\"blended_candidates\": 307, \"dataset\": \"44b6_0b24845f\", \"frame\": 81, \"minimum_retention\": 0.9, \"primary_candidates\": 378, \"retention\": 0.8121693121693122, \"use_primary\": true}\n"}
,{"stream_name":"stdout","time":490.247556208,"data":"BIOHUB_RETENTION_GUARD {\"blended_candidates\": 302, \"dataset\": \"44b6_0b24845f\", \"frame\": 82, \"minimum_retention\": 0.9, \"primary_candidates\": 377, \"retention\": 0.8010610079575596, \"use_primary\": true}\n"}
,{"stream_name":"stdout","time":490.450995336,"data":"BIOHUB_RETENTION_GUARD {\"blended_candidates\": 302, \"dataset\": \"44b6_0b24845f\", \"frame\": 82, \"minimum_retention\": 0.9, \"primary_candidates\": 377, \"retention\": 0.8010610079575596, \"use_primary\": true}\n"}
,{"stream_name":"stdout","time":492.314888699,"data":"BIOHUB_RETENTION_GUARD {\"blended_candidates\": 283, \"dataset\": \"44b6_0b24845f\", \"frame\": 83, \"minimum_retention\": 0.9, \"primary_candidates\": 368, \"retention\": 0.7690217391304348, \"use_primary\": true}\n"}
,{"stream_name":"stdout","time":492.517724793,"data":"BIOHUB_RETENTION_GUARD {\"blended_candidates\": 283, \"dataset\": \"44b6_0b24845f\", \"frame\": 83, \"minimum_retention\": 0.9, \"primary_candidates\": 368, \"retention\": 0.7690217391304348, \"use_primary\": true}\n"}
,{"stream_name":"stdout","time":494.383556735,"data":"BIOHUB_RETENTION_GUARD {\"blended_candidates\": 291, \"dataset\": \"44b6_0b24845f\", \"frame\": 84, \"minimum_retention\": 0.9, \"primary_candidates\": 359, \"retention\": 0.8105849582172702, \"use_primary\": true}\n"}
,{"stream_name":"stdout","time":494.586524446,"data":"BIOHUB_RETENTION_GUARD {\"blended_candidates\": 291, \"dataset\": \"44b6_0b24845f\", \"frame\": 84, \"minimum_retention\": 0.9, \"primary_candidates\": 359, \"retention\": 0.8105849582172702, \"use_primary\": true}\n"}
,{"stream_name":"stdout","time":496.493757039,"data":"BIOHUB_RETENTION_GUARD {\"blended_candidates\": 233, \"dataset\": \"44b6_0b24845f\", \"frame\": 85, \"minimum_retention\": 0.9, \"primary_candidates\": 289, \"retention\": 0.8062283737024222, \"use_primary\": true}\n"}
,{"stream_name":"stdout","time":496.697255477,"data":"BIOHUB_RETENTION_GUARD {\"blended_candidates\": 233, \"dataset\": \"44b6_0b24845f\", \"frame\": 85, \"minimum_retention\": 0.9, \"primary_candidates\": 289, \"retention\": 0.8062283737024222, \"use_primary\": true}\n"}
,{"stream_name":"stdout","time":498.5640665,"data":"BIOHUB_RETENTION_GUARD {\"blended_candidates\": 195, \"dataset\": \"44b6_0b24845f\", \"frame\": 86, \"minimum_retention\": 0.9, \"primary_candidates\": 276, \"retention\": 0.7065217391304348, \"use_primary\": true}\n"}
,{"stream_name":"stdout","time":498.767324097,"data":"BIOHUB_RETENTION_GUARD {\"blended_candidates\": 195, \"dataset\": \"44b6_0b24845f\", \"frame\": 86, \"minimum_retention\": 0.9, \"primary_candidates\": 276, \"retention\": 0.7065217391304348, \"use_primary\": true}\n"}
,{"stream_name":"stdout","time":500.636887949,"data":"BIOHUB_RETENTION_GUARD {\"blended_candidates\": 243, \"dataset\": \"44b6_0b24845f\", \"frame\": 87, \"minimum_retention\": 0.9, \"primary_candidates\": 314, \"retention\": 0.7738853503184714, \"use_primary\": true}\n"}
,{"stream_name":"stdout","time":500.839755047,"data":"BIOHUB_RETENTION_GUARD {\"blended_candidates\": 243, \"dataset\": \"44b6_0b24845f\", \"frame\": 87, \"minimum_retention\": 0.9, \"primary_candidates\": 314, \"retention\": 0.7738853503184714, \"use_primary\": true}\n"}
,{"stream_name":"stdout","time":502.713817322,"data":"BIOHUB_RETENTION_GUARD {\"blended_candidates\": 295, \"dataset\": \"44b6_0b24845f\", \"frame\": 88, \"minimum_retention\": 0.9, \"primary_candidates\": 356, \"retention\": 0.8286516853932584, \"use_primary\": true}\n"}
,{"stream_name":"stdout","time":502.916608273,"data":"BIOHUB_RETENTION_GUARD {\"blended_candidates\": 295, \"dataset\": \"44b6_0b24845f\", \"frame\": 88, \"minimum_retention\": 0.9, \"primary_candidates\": 356, \"retention\": 0.8286516853932584, \"use_primary\": true}\n"}
,{"stream_name":"stdout","time":504.824575377,"data":"BIOHUB_RETENTION_GUARD {\"blended_candidates\": 245, \"dataset\": \"44b6_0b24845f\", \"frame\": 89, \"minimum_retention\": 0.9, \"primary_candidates\": 312, \"retention\": 0.7852564102564102, \"use_primary\": true}\n"}
,{"stream_name":"stdout","time":505.027888458,"data":"BIOHUB_RETENTION_GUARD {\"blended_candidates\": 245, \"dataset\": \"44b6_0b24845f\", \"frame\": 89, \"minimum_retention\": 0.9, \"primary_candidates\": 312, \"retention\": 0.7852564102564102, \"use_primary\": true}\n"}
,{"stream_name":"stdout","time":506.939773112,"data":"BIOHUB_RETENTION_GUARD {\"blended_candidates\": 186, \"dataset\": \"44b6_0b24845f\", \"frame\": 90, \"minimum_retention\": 0.9, \"primary_candidates\": 266, \"retention\": 0.6992481203007519, \"use_primary\": true}\n"}
,{"stream_name":"stdout","time":507.143003787,"data":"BIOHUB_RETENTION_GUARD {\"blended_candidates\": 186, \"dataset\": \"44b6_0b24845f\", \"frame\": 90, \"minimum_retention\": 0.9, \"primary_candidates\": 266, \"retention\": 0.6992481203007519, \"use_primary\": true}\n"}
,{"stream_name":"stdout","time":509.022378003,"data":"BIOHUB_RETENTION_GUARD {\"blended_candidates\": 166, \"dataset\": \"44b6_0b24845f\", \"frame\": 91, \"minimum_retention\": 0.9, \"primary_candidates\": 232, \"retention\": 0.7155172413793104, \"use_primary\": true}\n"}
,{"stream_name":"stdout","time":509.24422578,"data":"BIOHUB_RETENTION_GUARD {\"blended_candidates\": 166, \"dataset\": \"44b6_0b24845f\", \"frame\": 91, \"minimum_retention\": 0.9, \"primary_candidates\": 232, \"retention\": 0.7155172413793104, \"use_primary\": true}\n"}
,{"stream_name":"stdout","time":511.131690478,"data":"BIOHUB_RETENTION_GUARD {\"blended_candidates\": 191, \"dataset\": \"44b6_0b24845f\", \"frame\": 92, \"minimum_retention\": 0.9, \"primary_candidates\": 283, \"retention\": 0.6749116607773852, \"use_primary\": true}\n"}
,{"stream_name":"stdout","time":511.334239365,"data":"BIOHUB_RETENTION_GUARD {\"blended_candidates\": 191, \"dataset\": \"44b6_0b24845f\", \"frame\": 92, \"minimum_retention\": 0.9, \"primary_candidates\": 283, \"retention\": 0.6749116607773852, \"use_primary\": true}\n"}
,{"stream_name":"stdout","time":513.223785016,"data":"BIOHUB_RETENTION_GUARD {\"blended_candidates\": 155, \"dataset\": \"44b6_0b24845f\", \"frame\": 93, \"minimum_retention\": 0.9, \"primary_candidates\": 249, \"retention\": 0.6224899598393574, \"use_primary\": true}\n"}
,{"stream_name":"stdout","time":513.426835912,"data":"BIOHUB_RETENTION_GUARD {\"blended_candidates\": 155, \"dataset\": \"44b6_0b24845f\", \"frame\": 93, \"minimum_retention\": 0.9, \"primary_candidates\": 249, \"retention\": 0.6224899598393574, \"use_primary\": true}\n"}
,{"stream_name":"stdout","time":515.324521361,"data":"BIOHUB_RETENTION_GUARD {\"blended_candidates\": 197, \"dataset\": \"44b6_0b24845f\", \"frame\": 94, \"minimum_retention\": 0.9, \"primary_candidates\": 283, \"retention\": 0.696113074204947, \"use_primary\": true}\n"}
,{"stream_name":"stdout","time":515.527101079,"data":"BIOHUB_RETENTION_GUARD {\"blended_candidates\": 197, \"dataset\": \"44b6_0b24845f\", \"frame\": 94, \"minimum_retention\": 0.9, \"primary_candidates\": 283, \"retention\": 0.696113074204947, \"use_primary\": true}\n"}
,{"stream_name":"stdout","time":517.44786352,"data":"BIOHUB_RETENTION_GUARD {\"blended_candidates\": 176, \"dataset\": \"44b6_0b24845f\", \"frame\": 95, \"minimum_retention\": 0.9, \"primary_candidates\": 295, \"retention\": 0.5966101694915255, \"use_primary\": true}\n"}
,{"stream_name":"stdout","time":517.650092183,"data":"BIOHUB_RETENTION_GUARD {\"blended_candidates\": 176, \"dataset\": \"44b6_0b24845f\", \"frame\": 95, \"minimum_retention\": 0.9, \"primary_candidates\": 295, \"retention\": 0.5966101694915255, \"use_primary\": true}\n"}
,{"stream_name":"stdout","time":519.600207406,"data":"BIOHUB_RETENTION_GUARD {\"blended_candidates\": 155, \"dataset\": \"44b6_0b24845f\", \"frame\": 96, \"minimum_retention\": 0.9, \"primary_candidates\": 268, \"retention\": 0.5783582089552238, \"use_primary\": true}\n"}
,{"stream_name":"stdout","time":519.803379924,"data":"BIOHUB_RETENTION_GUARD {\"blended_candidates\": 155, \"dataset\": \"44b6_0b24845f\", \"frame\": 96, \"minimum_retention\": 0.9, \"primary_candidates\": 268, \"retention\": 0.5783582089552238, \"use_primary\": true}\n"}
,{"stream_name":"stdout","time":521.710021234,"data":"BIOHUB_RETENTION_GUARD {\"blended_candidates\": 216, \"dataset\": \"44b6_0b24845f\", \"frame\": 97, \"minimum_retention\": 0.9, \"primary_candidates\": 316, \"retention\": 0.6835443037974683, \"use_primary\": true}\n"}
,{"stream_name":"stdout","time":521.913817822,"data":"BIOHUB_RETENTION_GUARD {\"blended_candidates\": 216, \"dataset\": \"44b6_0b24845f\", \"frame\": 97, \"minimum_retention\": 0.9, \"primary_candidates\": 316, \"retention\": 0.6835443037974683, \"use_primary\": true}\n"}
,{"stream_name":"stdout","time":523.810228476,"data":"BIOHUB_RETENTION_GUARD {\"blended_candidates\": 202, \"dataset\": \"44b6_0b24845f\", \"frame\": 98, \"minimum_retention\": 0.9, \"primary_candidates\": 284, \"retention\": 0.7112676056338029, \"use_primary\": true}\n"}
,{"stream_name":"stdout","time":524.012994314,"data":"BIOHUB_RETENTION_GUARD {\"blended_candidates\": 202, \"dataset\": \"44b6_0b24845f\", \"frame\": 98, \"minimum_retention\": 0.9, \"primary_candidates\": 284, \"retention\": 0.7112676056338029, \"use_primary\": true}\n"}
,{"stream_name":"stdout","time":525.933936388,"data":"BIOHUB_RETENTION_GUARD {\"blended_candidates\": 124, \"dataset\": \"44b6_0b24845f\", \"frame\": 99, \"minimum_retention\": 0.9, \"primary_candidates\": 214, \"retention\": 0.5794392523364486, \"use_primary\": true}\n"}
,{"stream_name":"stdout","time":526.136407692,"data":"BIOHUB_RETENTION_GUARD {\"blended_candidates\": 124, \"dataset\": \"44b6_0b24845f\", \"frame\": 99, \"minimum_retention\": 0.9, \"primary_candidates\": 214, \"retention\": 0.5794392523364486, \"use_primary\": true}\n"}
,{"stream_name":"stdout","time":769.340599702,"data":"Saved 2 predictions to /kaggle/working/tracking_repo/predictions/unknown/unet_transformer_gpu0/split_0\n"}
,{"stream_name":"stdout","time":769.553286655,"data":"Saved 2 predictions to /kaggle/working/tracking_repo/predictions/unknown/unet_transformer_gpu0/split_0\n"}
,{"stream_name":"stdout","time":846.016142956,"data":"Saved 2 predictions to /kaggle/working/tracking_repo/predictions/unknown/unet_transformer_gpu1/split_0\n"}
,{"stream_name":"stdout","time":846.231659068,"data":"Saved 2 predictions to /kaggle/working/tracking_repo/predictions/unknown/unet_transformer_gpu1/split_0\n"}
,{"stream_name":"stdout","time":848.805359405,"data":"Merged 4 prediction graphs into /kaggle/working/tracking_repo/predictions/unknown/unet_transformer/split_0\n"}
,{"stream_name":"stdout","time":848.805403004,"data":"Test prediction completed in 8.92 minutes\n"}
,{"stream_name":"stdout","time":888.246029635,"data":"Train subset for division learning: ['44b6_12dfb391', '44b6_267148e4', '44b6_2a2eff9f', '44b6_341df25f', '44b6_587a1e22', '44b6_5f15d135']\n"}
,{"stream_name":"stdout","time":888.246074075,"data":"Running train prediction for division learning ...\n"}
,{"stream_name":"stderr","time":892.839252512,"data":"/usr/local/lib/python3.12/dist-packages/dask/array/image.py:7: FutureWarning: `find_available_plugins` is deprecated since version 0.25 and will be removed in version 0.27. The plugin infrastructure of `skimage.io` is deprecated. Instead, use `imageio` or other I/O packages directly.\n"}
,{"stream_name":"stderr","time":892.839296621,"data":"  from skimage.io import imread as sk_imread\n"}
,{"stream_name":"stderr","time":892.844448568,"data":"/usr/lib/python3.12/importlib/__init__.py:90: FutureWarning: `reset_plugins` is deprecated since version 0.25 and will be removed in version 0.27. The plugin infrastructure of `skimage.io` is deprecated. Instead, use `imageio` or other I/O packages directly.\n"}
,{"stream_name":"stderr","time":892.844473124,"data":"  return _bootstrap._gcd_import(name[level:], package, level)\n"}
,{"stream_name":"stderr","time":893.042663641,"data":"/usr/local/lib/python3.12/dist-packages/dask/array/image.py:7: FutureWarning: `find_available_plugins` is deprecated since version 0.25 and will be removed in version 0.27. The plugin infrastructure of `skimage.io` is deprecated. Instead, use `imageio` or other I/O packages directly.\n"}
,{"stream_name":"stderr","time":893.042715225,"data":"  from skimage.io import imread as sk_imread\n"}
,{"stream_name":"stderr","time":893.042721023,"data":"/usr/lib/python3.12/importlib/__init__.py:90: FutureWarning: `reset_plugins` is deprecated since version 0.25 and will be removed in version 0.27. The plugin infrastructure of `skimage.io` is deprecated. Instead, use `imageio` or other I/O packages directly.\n"}
,{"stream_name":"stderr","time":893.042726056,"data":"  return _bootstrap._gcd_import(name[level:], package, level)\n"}
,{"stream_name":"stderr","time":893.042730307,"data":"\n"}
,{"stream_name":"stderr","time":893.042734203,"data":"/usr/local/lib/python3.12/dist-packages/dask/array/image.py:7: FutureWarning: `find_available_plugins` is deprecated since version 0.25 and will be removed in version 0.27. The plugin infrastructure of `skimage.io` is deprecated. Instead, use `imageio` or other I/O packages directly.\n"}
,{"stream_name":"stderr","time":893.042738903,"data":"  from skimage.io import imread as sk_imread\n"}
,{"stream_name":"stderr","time":893.04274245,"data":"/usr/lib/python3.12/importlib/__init__.py:90: FutureWarning: `reset_plugins` is deprecated since version 0.25 and will be removed in version 0.27. The plugin infrastructure of `skimage.io` is deprecated. Instead, use `imageio` or other I/O packages directly.\n"}
,{"stream_name":"stderr","time":893.04274658,"data":"  return _bootstrap._gcd_import(name[level:], package, level)\n"}
,{"stream_name":"stdout","time":893.331712422,"data":"Secondary model: /kaggle/working/secondary_seed_weights/unet_transformer/split_0/edge_predictor_best.pth | edge weight=0.150 | detection weight=0.475 | link mode=low_margin_consensus | temperature=1.000 | low-margin max=0.350 | edge threshold=0.480\n"}
,{"stream_name":"stdout","time":893.331753116,"data":"Fold 0: 6 datasets | weights=weights/unet_transformer/split_0/edge_predictor_best.pth | device=cuda | window_size=2 | pool_kernel_um=3.0\n"}
,{"stream_name":"stdout","time":893.533784871,"data":"Secondary model: /kaggle/working/secondary_seed_weights/unet_transformer/split_0/edge_predictor_best.pth | edge weight=0.150 | detection weight=0.475 | link mode=low_margin_consensus | temperature=1.000 | low-margin max=0.350 | edge threshold=0.480\n"}
,{"stream_name":"stdout","time":893.533820604,"data":"Fold 0: 6 datasets | weights=weights/unet_transformer/split_0/edge_predictor_best.pth | device=cuda | window_size=2 | pool_kernel_um=3.0\n"}
,{"stream_name":"stdout","time":1042.776268291,"data":"BIOHUB_RETENTION_GUARD {\"blended_candidates\": 503, \"dataset\": \"44b6_12dfb391\", \"frame\": 69, \"minimum_retention\": 0.9, \"primary_candidates\": 564, \"retention\": 0.8918439716312057, \"use_primary\": true}\n"}
,{"stream_name":"stdout","time":1042.993108702,"data":"BIOHUB_RETENTION_GUARD {\"blended_candidates\": 503, \"dataset\": \"44b6_12dfb391\", \"frame\": 69, \"minimum_retention\": 0.9, \"primary_candidates\": 564, \"retention\": 0.8918439716312057, \"use_primary\": true}\n"}
,{"stream_name":"stdout","time":1056.179406686,"data":"BIOHUB_RETENTION_GUARD {\"blended_candidates\": 502, \"dataset\": \"44b6_12dfb391\", \"frame\": 75, \"minimum_retention\": 0.9, \"primary_candidates\": 559, \"retention\": 0.8980322003577818, \"use_primary\": true}\n"}
,{"stream_name":"stdout","time":1056.382014355,"data":"BIOHUB_RETENTION_GUARD {\"blended_candidates\": 502, \"dataset\": \"44b6_12dfb391\", \"frame\": 75, \"minimum_retention\": 0.9, \"primary_candidates\": 559, \"retention\": 0.8980322003577818, \"use_primary\": true}\n"}
,{"stream_name":"stdout","time":1379.434616112,"data":"BIOHUB_RETENTION_GUARD {\"blended_candidates\": 495, \"dataset\": \"44b6_2a2eff9f\", \"frame\": 0, \"minimum_retention\": 0.9, \"primary_candidates\": 555, \"retention\": 0.8918918918918919, \"use_primary\": true}\n"}
,{"stream_name":"stdout","time":1379.648210628,"data":"BIOHUB_RETENTION_GUARD {\"blended_candidates\": 495, \"dataset\": \"44b6_2a2eff9f\", \"frame\": 0, \"minimum_retention\": 0.9, \"primary_candidates\": 555, \"retention\": 0.8918918918918919, \"use_primary\": true}\n"}
,{"stream_name":"stdout","time":1390.300421439,"data":"BIOHUB_RETENTION_GUARD {\"blended_candidates\": 487, \"dataset\": \"44b6_2a2eff9f\", \"frame\": 6, \"minimum_retention\": 0.9, \"primary_candidates\": 543, \"retention\": 0.8968692449355433, \"use_primary\": true}\n"}
,{"stream_name":"stdout","time":1390.502694676,"data":"BIOHUB_RETENTION_GUARD {\"blended_candidates\": 487, \"dataset\": \"44b6_2a2eff9f\", \"frame\": 6, \"minimum_retention\": 0.9, \"primary_candidates\": 543, \"retention\": 0.8968692449355433, \"use_primary\": true}\n"}
,{"stream_name":"stdout","time":1392.547104696,"data":"BIOHUB_RETENTION_GUARD {\"blended_candidates\": 469, \"dataset\": \"44b6_2a2eff9f\", \"frame\": 7, \"minimum_retention\": 0.9, \"primary_candidates\": 526, \"retention\": 0.8916349809885932, \"use_primary\": true}\n"}
,{"stream_name":"stdout","time":1392.749375517,"data":"BIOHUB_RETENTION_GUARD {\"blended_candidates\": 469, \"dataset\": \"44b6_2a2eff9f\", \"frame\": 7, \"minimum_retention\": 0.9, \"primary_candidates\": 526, \"retention\": 0.8916349809885932, \"use_primary\": true}\n"}
,{"stream_name":"stdout","time":1394.820347023,"data":"BIOHUB_RETENTION_GUARD {\"blended_candidates\": 461, \"dataset\": \"44b6_2a2eff9f\", \"frame\": 8, \"minimum_retention\": 0.9, \"primary_candidates\": 522, \"retention\": 0.8831417624521073, \"use_primary\": true}\n"}
,{"stream_name":"stdout","time":1395.022526909,"data":"BIOHUB_RETENTION_GUARD {\"blended_candidates\": 461, \"dataset\": \"44b6_2a2eff9f\", \"frame\": 8, \"minimum_retention\": 0.9, \"primary_candidates\": 522, \"retention\": 0.8831417624521073, \"use_primary\": true}\n"}
,{"stream_name":"stdout","time":1399.347682924,"data":"BIOHUB_RETENTION_GUARD {\"blended_candidates\": 449, \"dataset\": \"44b6_2a2eff9f\", \"frame\": 10, \"minimum_retention\": 0.9, \"primary_candidates\": 513, \"retention\": 0.8752436647173489, \"use_primary\": true}\n"}
,{"stream_name":"stdout","time":1399.550304179,"data":"BIOHUB_RETENTION_GUARD {\"blended_candidates\": 449, \"dataset\": \"44b6_2a2eff9f\", \"frame\": 10, \"minimum_retention\": 0.9, \"primary_candidates\": 513, \"retention\": 0.8752436647173489, \"use_primary\": true}\n"}
,{"stream_name":"stdout","time":1408.733612603,"data":"BIOHUB_RETENTION_GUARD {\"blended_candidates\": 435, \"dataset\": \"44b6_2a2eff9f\", \"frame\": 14, \"minimum_retention\": 0.9, \"primary_candidates\": 496, \"retention\": 0.8770161290322581, \"use_primary\": true}\n"}
,{"stream_name":"stdout","time":1408.936165297,"data":"BIOHUB_RETENTION_GUARD {\"blended_candidates\": 435, \"dataset\": \"44b6_2a2eff9f\", \"frame\": 14, \"minimum_retention\": 0.9, \"primary_candidates\": 496, \"retention\": 0.8770161290322581, \"use_primary\": true}\n"}
,{"stream_name":"stdout","time":1413.503613198,"data":"BIOHUB_RETENTION_GUARD {\"blended_candidates\": 404, \"dataset\": \"44b6_2a2eff9f\", \"frame\": 16, \"minimum_retention\": 0.9, \"primary_candidates\": 474, \"retention\": 0.8523206751054853, \"use_primary\": true}\n"}
,{"stream_name":"stdout","time":1413.72135182,"data":"BIOHUB_RETENTION_GUARD {\"blended_candidates\": 404, \"dataset\": \"44b6_2a2eff9f\", \"frame\": 16, \"minimum_retention\": 0.9, \"primary_candidates\": 474, \"retention\": 0.8523206751054853, \"use_primary\": true}\n"}
,{"stream_name":"stdout","time":1415.82235416,"data":"BIOHUB_RETENTION_GUARD {\"blended_candidates\": 387, \"dataset\": \"44b6_2a2eff9f\", \"frame\": 17, \"minimum_retention\": 0.9, \"primary_candidates\": 453, \"retention\": 0.8543046357615894, \"use_primary\": true}\n"}
,{"stream_name":"stdout","time":1416.02462156,"data":"BIOHUB_RETENTION_GUARD {\"blended_candidates\": 387, \"dataset\": \"44b6_2a2eff9f\", \"frame\": 17, \"minimum_retention\": 0.9, \"primary_candidates\": 453, \"retention\": 0.8543046357615894, \"use_primary\": true}\n"}
,{"stream_name":"stdout","time":1420.486339221,"data":"BIOHUB_RETENTION_GUARD {\"blended_candidates\": 418, \"dataset\": \"44b6_2a2eff9f\", \"frame\": 19, \"minimum_retention\": 0.9, \"primary_candidates\": 472, \"retention\": 0.885593220338983, \"use_primary\": true}\n"}
,{"stream_name":"stdout","time":1420.688534509,"data":"BIOHUB_RETENTION_GUARD {\"blended_candidates\": 418, \"dataset\": \"44b6_2a2eff9f\", \"frame\": 19, \"minimum_retention\": 0.9, \"primary_candidates\": 472, \"retention\": 0.885593220338983, \"use_primary\": true}\n"}
,{"stream_name":"stdout","time":1422.717685951,"data":"BIOHUB_RETENTION_GUARD {\"blended_candidates\": 444, \"dataset\": \"44b6_2a2eff9f\", \"frame\": 20, \"minimum_retention\": 0.9, \"primary_candidates\": 500, \"retention\": 0.888, \"use_primary\": true}\n"}
,{"stream_name":"stdout","time":1422.920054803,"data":"BIOHUB_RETENTION_GUARD {\"blended_candidates\": 444, \"dataset\": \"44b6_2a2eff9f\", \"frame\": 20, \"minimum_retention\": 0.9, \"primary_candidates\": 500, \"retention\": 0.888, \"use_primary\": true}\n"}
,{"stream_name":"stdout","time":1427.202128011,"data":"BIOHUB_RETENTION_GUARD {\"blended_candidates\": 411, \"dataset\": \"44b6_2a2eff9f\", \"frame\": 22, \"minimum_retention\": 0.9, \"primary_candidates\": 466, \"retention\": 0.8819742489270386, \"use_primary\": true}\n"}
,{"stream_name":"stdout","time":1427.404405292,"data":"BIOHUB_RETENTION_GUARD {\"blended_candidates\": 411, \"dataset\": \"44b6_2a2eff9f\", \"frame\": 22, \"minimum_retention\": 0.9, \"primary_candidates\": 466, \"retention\": 0.8819742489270386, \"use_primary\": true}\n"}
,{"stream_name":"stdout","time":1431.598784009,"data":"BIOHUB_RETENTION_GUARD {\"blended_candidates\": 415, \"dataset\": \"44b6_2a2eff9f\", \"frame\": 24, \"minimum_retention\": 0.9, \"primary_candidates\": 467, \"retention\": 0.8886509635974305, \"use_primary\": true}\n"}
,{"stream_name":"stdout","time":1431.80123885,"data":"BIOHUB_RETENTION_GUARD {\"blended_candidates\": 415, \"dataset\": \"44b6_2a2eff9f\", \"frame\": 24, \"minimum_retention\": 0.9, \"primary_candidates\": 467, \"retention\": 0.8886509635974305, \"use_primary\": true}\n"}
,{"stream_name":"stdout","time":1433.789868211,"data":"BIOHUB_RETENTION_GUARD {\"blended_candidates\": 398, \"dataset\": \"44b6_2a2eff9f\", \"frame\": 25, \"minimum_retention\": 0.9, \"primary_candidates\": 446, \"retention\": 0.8923766816143498, \"use_primary\": true}\n"}
,{"stream_name":"stdout","time":1433.99222278,"data":"BIOHUB_RETENTION_GUARD {\"blended_candidates\": 398, \"dataset\": \"44b6_2a2eff9f\", \"frame\": 25, \"minimum_retention\": 0.9, \"primary_candidates\": 446, \"retention\": 0.8923766816143498, \"use_primary\": true}\n"}
,{"stream_name":"stdout","time":1435.916275911,"data":"BIOHUB_RETENTION_GUARD {\"blended_candidates\": 393, \"dataset\": \"44b6_2a2eff9f\", \"frame\": 26, \"minimum_retention\": 0.9, \"primary_candidates\": 437, \"retention\": 0.8993135011441648, \"use_primary\": true}\n"}
,{"stream_name":"stdout","time":1436.118676318,"data":"BIOHUB_RETENTION_GUARD {\"blended_candidates\": 393, \"dataset\": \"44b6_2a2eff9f\", \"frame\": 26, \"minimum_retention\": 0.9, \"primary_candidates\": 437, \"retention\": 0.8993135011441648, \"use_primary\": true}\n"}
,{"stream_name":"stdout","time":1438.109075354,"data":"BIOHUB_RETENTION_GUARD {\"blended_candidates\": 409, \"dataset\": \"44b6_2a2eff9f\", \"frame\": 27, \"minimum_retention\": 0.9, \"primary_candidates\": 468, \"retention\": 0.8739316239316239, \"use_primary\": true}\n"}
,{"stream_name":"stdout","time":1438.311563419,"data":"BIOHUB_RETENTION_GUARD {\"blended_candidates\": 409, \"dataset\": \"44b6_2a2eff9f\", \"frame\": 27, \"minimum_retention\": 0.9, \"primary_candidates\": 468, \"retention\": 0.8739316239316239, \"use_primary\": true}\n"}
,{"stream_name":"stdout","time":1442.427635017,"data":"BIOHUB_RETENTION_GUARD {\"blended_candidates\": 396, \"dataset\": \"44b6_2a2eff9f\", \"frame\": 29, \"minimum_retention\": 0.9, \"primary_candidates\": 465, \"retention\": 0.8516129032258064, \"use_primary\": true}\n"}
,{"stream_name":"stdout","time":1442.630012757,"data":"BIOHUB_RETENTION_GUARD {\"blended_candidates\": 396, \"dataset\": \"44b6_2a2eff9f\", \"frame\": 29, \"minimum_retention\": 0.9, \"primary_candidates\": 465, \"retention\": 0.8516129032258064, \"use_primary\": true}\n"}
,{"stream_name":"stdout","time":1444.59963196,"data":"BIOHUB_RETENTION_GUARD {\"blended_candidates\": 406, \"dataset\": \"44b6_2a2eff9f\", \"frame\": 30, \"minimum_retention\": 0.9, \"primary_candidates\": 456, \"retention\": 0.8903508771929824, \"use_primary\": true}\n"}
,{"stream_name":"stdout","time":1444.810943191,"data":"BIOHUB_RETENTION_GUARD {\"blended_candidates\": 406, \"dataset\": \"44b6_2a2eff9f\", \"frame\": 30, \"minimum_retention\": 0.9, \"primary_candidates\": 456, \"retention\": 0.8903508771929824, \"use_primary\": true}\n"}
,{"stream_name":"stdout","time":1446.770081001,"data":"BIOHUB_RETENTION_GUARD {\"blended_candidates\": 406, \"dataset\": \"44b6_2a2eff9f\", \"frame\": 31, \"minimum_retention\": 0.9, \"primary_candidates\": 453, \"retention\": 0.8962472406181016, \"use_primary\": true}\n"}
,{"stream_name":"stdout","time":1446.972830172,"data":"BIOHUB_RETENTION_GUARD {\"blended_candidates\": 406, \"dataset\": \"44b6_2a2eff9f\", \"frame\": 31, \"minimum_retention\": 0.9, \"primary_candidates\": 453, \"retention\": 0.8962472406181016, \"use_primary\": true}\n"}
,{"stream_name":"stdout","time":1448.859139087,"data":"BIOHUB_RETENTION_GUARD {\"blended_candidates\": 410, \"dataset\": \"44b6_2a2eff9f\", \"frame\": 32, \"minimum_retention\": 0.9, \"primary_candidates\": 459, \"retention\": 0.8932461873638344, \"use_primary\": true}\n"}
,{"stream_name":"stdout","time":1449.061910532,"data":"BIOHUB_RETENTION_GUARD {\"blended_candidates\": 410, \"dataset\": \"44b6_2a2eff9f\", \"frame\": 32, \"minimum_retention\": 0.9, \"primary_candidates\": 459, \"retention\": 0.8932461873638344, \"use_primary\": true}\n"}
,{"stream_name":"stdout","time":1450.974778568,"data":"BIOHUB_RETENTION_GUARD {\"blended_candidates\": 396, \"dataset\": \"44b6_2a2eff9f\", \"frame\": 33, \"minimum_retention\": 0.9, \"primary_candidates\": 450, \"retention\": 0.88, \"use_primary\": true}\n"}
,{"stream_name":"stdout","time":1451.177435328,"data":"BIOHUB_RETENTION_GUARD {\"blended_candidates\": 396, \"dataset\": \"44b6_2a2eff9f\", \"frame\": 33, \"minimum_retention\": 0.9, \"primary_candidates\": 450, \"retention\": 0.88, \"use_primary\": true}\n"}
,{"stream_name":"stdout","time":1453.136679525,"data":"BIOHUB_RETENTION_GUARD {\"blended_candidates\": 395, \"dataset\": \"44b6_2a2eff9f\", \"frame\": 34, \"minimum_retention\": 0.9, \"primary_candidates\": 467, \"retention\": 0.8458244111349036, \"use_primary\": true}\n"}
,{"stream_name":"stdout","time":1453.338893229,"data":"BIOHUB_RETENTION_GUARD {\"blended_candidates\": 395, \"dataset\": \"44b6_2a2eff9f\", \"frame\": 34, \"minimum_retention\": 0.9, \"primary_candidates\": 467, \"retention\": 0.8458244111349036, \"use_primary\": true}\n"}
,{"stream_name":"stdout","time":1455.29024937,"data":"BIOHUB_RETENTION_GUARD {\"blended_candidates\": 406, \"dataset\": \"44b6_2a2eff9f\", \"frame\": 35, \"minimum_retention\": 0.9, \"primary_candidates\": 459, \"retention\": 0.8845315904139434, \"use_primary\": true}\n"}
,{"stream_name":"stdout","time":1455.492654183,"data":"BIOHUB_RETENTION_GUARD {\"blended_candidates\": 406, \"dataset\": \"44b6_2a2eff9f\", \"frame\": 35, \"minimum_retention\": 0.9, \"primary_candidates\": 459, \"retention\": 0.8845315904139434, \"use_primary\": true}\n"}
,{"stream_name":"stdout","time":1457.38441196,"data":"BIOHUB_RETENTION_GUARD {\"blended_candidates\": 386, \"dataset\": \"44b6_2a2eff9f\", \"frame\": 36, \"minimum_retention\": 0.9, \"primary_candidates\": 446, \"retention\": 0.8654708520179372, \"use_primary\": true}\n"}
,{"stream_name":"stdout","time":1457.586742396,"data":"BIOHUB_RETENTION_GUARD {\"blended_candidates\": 386, \"dataset\": \"44b6_2a2eff9f\", \"frame\": 36, \"minimum_retention\": 0.9, \"primary_candidates\": 446, \"retention\": 0.8654708520179372, \"use_primary\": true}\n"}
,{"stream_name":"stdout","time":1461.626937121,"data":"BIOHUB_RETENTION_GUARD {\"blended_candidates\": 368, \"dataset\": \"44b6_2a2eff9f\", \"frame\": 38, \"minimum_retention\": 0.9, \"primary_candidates\": 430, \"retention\": 0.8558139534883721, \"use_primary\": true}\n"}
,{"stream_name":"stdout","time":1461.829271681,"data":"BIOHUB_RETENTION_GUARD {\"blended_candidates\": 368, \"dataset\": \"44b6_2a2eff9f\", \"frame\": 38, \"minimum_retention\": 0.9, \"primary_candidates\": 430, \"retention\": 0.8558139534883721, \"use_primary\": true}\n"}
,{"stream_name":"stdout","time":1465.868172297,"data":"BIOHUB_RETENTION_GUARD {\"blended_candidates\": 363, \"dataset\": \"44b6_2a2eff9f\", \"frame\": 40, \"minimum_retention\": 0.9, \"primary_candidates\": 422, \"retention\": 0.8601895734597157, \"use_primary\": true}\n"}
,{"stream_name":"stdout","time":1466.070500157,"data":"BIOHUB_RETENTION_GUARD {\"blended_candidates\": 363, \"dataset\": \"44b6_2a2eff9f\", \"frame\": 40, \"minimum_retention\": 0.9, \"primary_candidates\": 422, \"retention\": 0.8601895734597157, \"use_primary\": true}\n"}
,{"stream_name":"stdout","time":1472.357651306,"data":"BIOHUB_RETENTION_GUARD {\"blended_candidates\": 366, \"dataset\": \"44b6_2a2eff9f\", \"frame\": 43, \"minimum_retention\": 0.9, \"primary_candidates\": 414, \"retention\": 0.8840579710144928, \"use_primary\": true}\n"}
,{"stream_name":"stdout","time":1472.561247844,"data":"BIOHUB_RETENTION_GUARD {\"blended_candidates\": 366, \"dataset\": \"44b6_2a2eff9f\", \"frame\": 43, \"minimum_retention\": 0.9, \"primary_candidates\": 414, \"retention\": 0.8840579710144928, \"use_primary\": true}\n"}
,{"stream_name":"stdout","time":1474.514870427,"data":"BIOHUB_RETENTION_GUARD {\"blended_candidates\": 382, \"dataset\": \"44b6_2a2eff9f\", \"frame\": 44, \"minimum_retention\": 0.9, \"primary_candidates\": 437, \"retention\": 0.8741418764302059, \"use_primary\": true}\n"}
,{"stream_name":"stdout","time":1474.717986077,"data":"BIOHUB_RETENTION_GUARD {\"blended_candidates\": 382, \"dataset\": \"44b6_2a2eff9f\", \"frame\": 44, \"minimum_retention\": 0.9, \"primary_candidates\": 437, \"retention\": 0.8741418764302059, \"use_primary\": true}\n"}
,{"stream_name":"stdout","time":1476.693258658,"data":"BIOHUB_RETENTION_GUARD {\"blended_candidates\": 371, \"dataset\": \"44b6_2a2eff9f\", \"frame\": 45, \"minimum_retention\": 0.9, \"primary_candidates\": 423, \"retention\": 0.8770685579196218, \"use_primary\": true}\n"}
,{"stream_name":"stdout","time":1476.909132445,"data":"BIOHUB_RETENTION_GUARD {\"blended_candidates\": 371, \"dataset\": \"44b6_2a2eff9f\", \"frame\": 45, \"minimum_retention\": 0.9, \"primary_candidates\": 423, \"retention\": 0.8770685579196218, \"use_primary\": true}\n"}
,{"stream_name":"stdout","time":1478.911173102,"data":"BIOHUB_RETENTION_GUARD {\"blended_candidates\": 378, \"dataset\": \"44b6_2a2eff9f\", \"frame\": 46, \"minimum_retention\": 0.9, \"primary_candidates\": 432, \"retention\": 0.875, \"use_primary\": true}\n"}
,{"stream_name":"stdout","time":1479.113680438,"data":"BIOHUB_RETENTION_GUARD {\"blended_candidates\": 378, \"dataset\": \"44b6_2a2eff9f\", \"frame\": 46, \"minimum_retention\": 0.9, \"primary_candidates\": 432, \"retention\": 0.875, \"use_primary\": true}\n"}
,{"stream_name":"stdout","time":1483.411641939,"data":"BIOHUB_RETENTION_GUARD {\"blended_candidates\": 359, \"dataset\": \"44b6_2a2eff9f\", \"frame\": 48, \"minimum_retention\": 0.9, \"primary_candidates\": 416, \"retention\": 0.8629807692307693, \"use_primary\": true}\n"}
,{"stream_name":"stdout","time":1483.613917734,"data":"BIOHUB_RETENTION_GUARD {\"blended_candidates\": 359, \"dataset\": \"44b6_2a2eff9f\", \"frame\": 48, \"minimum_retention\": 0.9, \"primary_candidates\": 416, \"retention\": 0.8629807692307693, \"use_primary\": true}\n"}
,{"stream_name":"stdout","time":1485.653670545,"data":"BIOHUB_RETENTION_GUARD {\"blended_candidates\": 341, \"dataset\": \"44b6_2a2eff9f\", \"frame\": 49, \"minimum_retention\": 0.9, \"primary_candidates\": 407, \"retention\": 0.8378378378378378, \"use_primary\": true}\n"}
,{"stream_name":"stdout","time":1485.856192675,"data":"BIOHUB_RETENTION_GUARD {\"blended_candidates\": 341, \"dataset\": \"44b6_2a2eff9f\", \"frame\": 49, \"minimum_retention\": 0.9, \"primary_candidates\": 407, \"retention\": 0.8378378378378378, \"use_primary\": true}\n"}
,{"stream_name":"stdout","time":1487.9123689,"data":"BIOHUB_RETENTION_GUARD {\"blended_candidates\": 329, \"dataset\": \"44b6_2a2eff9f\", \"frame\": 50, \"minimum_retention\": 0.9, \"primary_candidates\": 404, \"retention\": 0.8143564356435643, \"use_primary\": true}\n"}
,{"stream_name":"stdout","time":1488.114880668,"data":"BIOHUB_RETENTION_GUARD {\"blended_candidates\": 329, \"dataset\": \"44b6_2a2eff9f\", \"frame\": 50, \"minimum_retention\": 0.9, \"primary_candidates\": 404, \"retention\": 0.8143564356435643, \"use_primary\": true}\n"}
,{"stream_name":"stdout","time":1490.134686757,"data":"BIOHUB_RETENTION_GUARD {\"blended_candidates\": 346, \"dataset\": \"44b6_2a2eff9f\", \"frame\": 51, \"minimum_retention\": 0.9, \"primary_candidates\": 402, \"retention\": 0.8606965174129353, \"use_primary\": true}\n"}
,{"stream_name":"stdout","time":1490.337040422,"data":"BIOHUB_RETENTION_GUARD {\"blended_candidates\": 346, \"dataset\": \"44b6_2a2eff9f\", \"frame\": 51, \"minimum_retention\": 0.9, \"primary_candidates\": 402, \"retention\": 0.8606965174129353, \"use_primary\": true}\n"}
,{"stream_name":"stdout","time":1492.404010723,"data":"BIOHUB_RETENTION_GUARD {\"blended_candidates\": 342, \"dataset\": \"44b6_2a2eff9f\", \"frame\": 52, \"minimum_retention\": 0.9, \"primary_candidates\": 401, \"retention\": 0.8528678304239401, \"use_primary\": true}\n"}
,{"stream_name":"stdout","time":1492.606469829,"data":"BIOHUB_RETENTION_GUARD {\"blended_candidates\": 342, \"dataset\": \"44b6_2a2eff9f\", \"frame\": 52, \"minimum_retention\": 0.9, \"primary_candidates\": 401, \"retention\": 0.8528678304239401, \"use_primary\": true}\n"}
,{"stream_name":"stdout","time":1494.662473346,"data":"BIOHUB_RETENTION_GUARD {\"blended_candidates\": 353, \"dataset\": \"44b6_2a2eff9f\", \"frame\": 53, \"minimum_retention\": 0.9, \"primary_candidates\": 412, \"retention\": 0.8567961165048543, \"use_primary\": true}\n"}
,{"stream_name":"stdout","time":1494.864715535,"data":"BIOHUB_RETENTION_GUARD {\"blended_candidates\": 353, \"dataset\": \"44b6_2a2eff9f\", \"frame\": 53, \"minimum_retention\": 0.9, \"primary_candidates\": 412, \"retention\": 0.8567961165048543, \"use_primary\": true}\n"}
,{"stream_name":"stdout","time":1496.938780501,"data":"BIOHUB_RETENTION_GUARD {\"blended_candidates\": 323, \"dataset\": \"44b6_2a2eff9f\", \"frame\": 54, \"minimum_retention\": 0.9, \"primary_candidates\": 385, \"retention\": 0.8389610389610389, \"use_primary\": true}\n"}
,{"stream_name":"stdout","time":1497.141182494,"data":"BIOHUB_RETENTION_GUARD {\"blended_candidates\": 323, \"dataset\": \"44b6_2a2eff9f\", \"frame\": 54, \"minimum_retention\": 0.9, \"primary_candidates\": 385, \"retention\": 0.8389610389610389, \"use_primary\": true}\n"}
,{"stream_name":"stdout","time":1499.143509516,"data":"BIOHUB_RETENTION_GUARD {\"blended_candidates\": 319, \"dataset\": \"44b6_2a2eff9f\", \"frame\": 55, \"minimum_retention\": 0.9, \"primary_candidates\": 401, \"retention\": 0.7955112219451371, \"use_primary\": true}\n"}
,{"stream_name":"stdout","time":1499.345718666,"data":"BIOHUB_RETENTION_GUARD {\"blended_candidates\": 319, \"dataset\": \"44b6_2a2eff9f\", \"frame\": 55, \"minimum_retention\": 0.9, \"primary_candidates\": 401, \"retention\": 0.7955112219451371, \"use_primary\": true}\n"}
,{"stream_name":"stdout","time":1501.393278946,"data":"BIOHUB_RETENTION_GUARD {\"blended_candidates\": 336, \"dataset\": \"44b6_2a2eff9f\", \"frame\": 56, \"minimum_retention\": 0.9, \"primary_candidates\": 416, \"retention\": 0.8076923076923077, \"use_primary\": true}\n"}
,{"stream_name":"stdout","time":1501.595539713,"data":"BIOHUB_RETENTION_GUARD {\"blended_candidates\": 336, \"dataset\": \"44b6_2a2eff9f\", \"frame\": 56, \"minimum_retention\": 0.9, \"primary_candidates\": 416, \"retention\": 0.8076923076923077, \"use_primary\": true}\n"}
,{"stream_name":"stdout","time":1503.629931344,"data":"BIOHUB_RETENTION_GUARD {\"blended_candidates\": 360, \"dataset\": \"44b6_2a2eff9f\", \"frame\": 57, \"minimum_retention\": 0.9, \"primary_candidates\": 443, \"retention\": 0.8126410835214447, \"use_primary\": true}\n"}
,{"stream_name":"stdout","time":1503.8325225,"data":"BIOHUB_RETENTION_GUARD {\"blended_candidates\": 360, \"dataset\": \"44b6_2a2eff9f\", \"frame\": 57, \"minimum_retention\": 0.9, \"primary_candidates\": 443, \"retention\": 0.8126410835214447, \"use_primary\": true}\n"}
,{"stream_name":"stdout","time":1505.849854075,"data":"BIOHUB_RETENTION_GUARD {\"blended_candidates\": 337, \"dataset\": \"44b6_2a2eff9f\", \"frame\": 58, \"minimum_retention\": 0.9, \"primary_candidates\": 420, \"retention\": 0.8023809523809524, \"use_primary\": true}\n"}
,{"stream_name":"stdout","time":1506.052086797,"data":"BIOHUB_RETENTION_GUARD {\"blended_candidates\": 337, \"dataset\": \"44b6_2a2eff9f\", \"frame\": 58, \"minimum_retention\": 0.9, \"primary_candidates\": 420, \"retention\": 0.8023809523809524, \"use_primary\": true}\n"}
,{"stream_name":"stdout","time":1508.059650044,"data":"BIOHUB_RETENTION_GUARD {\"blended_candidates\": 390, \"dataset\": \"44b6_2a2eff9f\", \"frame\": 59, \"minimum_retention\": 0.9, \"primary_candidates\": 462, \"retention\": 0.8441558441558441, \"use_primary\": true}\n"}
,{"stream_name":"stdout","time":1508.279479068,"data":"BIOHUB_RETENTION_GUARD {\"blended_candidates\": 390, \"dataset\": \"44b6_2a2eff9f\", \"frame\": 59, \"minimum_retention\": 0.9, \"primary_candidates\": 462, \"retention\": 0.8441558441558441, \"use_primary\": true}\n"}
,{"stream_name":"stdout","time":1510.261011346,"data":"BIOHUB_RETENTION_GUARD {\"blended_candidates\": 347, \"dataset\": \"44b6_2a2eff9f\", \"frame\": 60, \"minimum_retention\": 0.9, \"primary_candidates\": 430, \"retention\": 0.8069767441860465, \"use_primary\": true}\n"}
,{"stream_name":"stdout","time":1510.463493409,"data":"BIOHUB_RETENTION_GUARD {\"blended_candidates\": 347, \"dataset\": \"44b6_2a2eff9f\", \"frame\": 60, \"minimum_retention\": 0.9, \"primary_candidates\": 430, \"retention\": 0.8069767441860465, \"use_primary\": true}\n"}
,{"stream_name":"stdout","time":1512.402711786,"data":"BIOHUB_RETENTION_GUARD {\"blended_candidates\": 381, \"dataset\": \"44b6_2a2eff9f\", \"frame\": 61, \"minimum_retention\": 0.9, \"primary_candidates\": 449, \"retention\": 0.8485523385300668, \"use_primary\": true}\n"}
,{"stream_name":"stdout","time":1512.60569949,"data":"BIOHUB_RETENTION_GUARD {\"blended_candidates\": 381, \"dataset\": \"44b6_2a2eff9f\", \"frame\": 61, \"minimum_retention\": 0.9, \"primary_candidates\": 449, \"retention\": 0.8485523385300668, \"use_primary\": true}\n"}
,{"stream_name":"stdout","time":1516.678179516,"data":"BIOHUB_RETENTION_GUARD {\"blended_candidates\": 393, \"dataset\": \"44b6_2a2eff9f\", \"frame\": 63, \"minimum_retention\": 0.9, \"primary_candidates\": 461, \"retention\": 0.8524945770065075, \"use_primary\": true}\n"}
,{"stream_name":"stdout","time":1516.880844558,"data":"BIOHUB_RETENTION_GUARD {\"blended_candidates\": 393, \"dataset\": \"44b6_2a2eff9f\", \"frame\": 63, \"minimum_retention\": 0.9, \"primary_candidates\": 461, \"retention\": 0.8524945770065075, \"use_primary\": true}\n"}
,{"stream_name":"stdout","time":1518.84019415,"data":"BIOHUB_RETENTION_GUARD {\"blended_candidates\": 387, \"dataset\": \"44b6_2a2eff9f\", \"frame\": 64, \"minimum_retention\": 0.9, \"primary_candidates\": 461, \"retention\": 0.8394793926247288, \"use_primary\": true}\n"}
,{"stream_name":"stdout","time":1519.042890836,"data":"BIOHUB_RETENTION_GUARD {\"blended_candidates\": 387, \"dataset\": \"44b6_2a2eff9f\", \"frame\": 64, \"minimum_retention\": 0.9, \"primary_candidates\": 461, \"retention\": 0.8394793926247288, \"use_primary\": true}\n"}
,{"stream_name":"stdout","time":1521.009306302,"data":"BIOHUB_RETENTION_GUARD {\"blended_candidates\": 416, \"dataset\": \"44b6_2a2eff9f\", \"frame\": 65, \"minimum_retention\": 0.9, \"primary_candidates\": 490, \"retention\": 0.8489795918367347, \"use_primary\": true}\n"}
,{"stream_name":"stdout","time":1521.211871019,"data":"BIOHUB_RETENTION_GUARD {\"blended_candidates\": 416, \"dataset\": \"44b6_2a2eff9f\", \"frame\": 65, \"minimum_retention\": 0.9, \"primary_candidates\": 490, \"retention\": 0.8489795918367347, \"use_primary\": true}\n"}
,{"stream_name":"stdout","time":1523.23507942,"data":"BIOHUB_RETENTION_GUARD {\"blended_candidates\": 370, \"dataset\": \"44b6_2a2eff9f\", \"frame\": 66, \"minimum_retention\": 0.9, \"primary_candidates\": 451, \"retention\": 0.8203991130820399, \"use_primary\": true}\n"}
,{"stream_name":"stdout","time":1523.437399294,"data":"BIOHUB_RETENTION_GUARD {\"blended_candidates\": 370, \"dataset\": \"44b6_2a2eff9f\", \"frame\": 66, \"minimum_retention\": 0.9, \"primary_candidates\": 451, \"retention\": 0.8203991130820399, \"use_primary\": true}\n"}
,{"stream_name":"stdout","time":1525.388836998,"data":"BIOHUB_RETENTION_GUARD {\"blended_candidates\": 401, \"dataset\": \"44b6_2a2eff9f\", \"frame\": 67, \"minimum_retention\": 0.9, \"primary_candidates\": 451, \"retention\": 0.8891352549889135, \"use_primary\": true}\n"}
,{"stream_name":"stdout","time":1525.591258457,"data":"BIOHUB_RETENTION_GUARD {\"blended_candidates\": 401, \"dataset\": \"44b6_2a2eff9f\", \"frame\": 67, \"minimum_retention\": 0.9, \"primary_candidates\": 451, \"retention\": 0.8891352549889135, \"use_primary\": true}\n"}
,{"stream_name":"stdout","time":1527.572194589,"data":"BIOHUB_RETENTION_GUARD {\"blended_candidates\": 395, \"dataset\": \"44b6_2a2eff9f\", \"frame\": 68, \"minimum_retention\": 0.9, \"primary_candidates\": 449, \"retention\": 0.8797327394209354, \"use_primary\": true}\n"}
,{"stream_name":"stdout","time":1527.774494993,"data":"BIOHUB_RETENTION_GUARD {\"blended_candidates\": 395, \"dataset\": \"44b6_2a2eff9f\", \"frame\": 68, \"minimum_retention\": 0.9, \"primary_candidates\": 449, \"retention\": 0.8797327394209354, \"use_primary\": true}\n"}
,{"stream_name":"stdout","time":1529.721687982,"data":"BIOHUB_RETENTION_GUARD {\"blended_candidates\": 388, \"dataset\": \"44b6_2a2eff9f\", \"frame\": 69, \"minimum_retention\": 0.9, \"primary_candidates\": 455, \"retention\": 0.8527472527472527, \"use_primary\": true}\n"}
,{"stream_name":"stdout","time":1529.924288688,"data":"BIOHUB_RETENTION_GUARD {\"blended_candidates\": 388, \"dataset\": \"44b6_2a2eff9f\", \"frame\": 69, \"minimum_retention\": 0.9, \"primary_candidates\": 455, \"retention\": 0.8527472527472527, \"use_primary\": true}\n"}
,{"stream_name":"stdout","time":1534.088265978,"data":"BIOHUB_RETENTION_GUARD {\"blended_candidates\": 391, \"dataset\": \"44b6_2a2eff9f\", \"frame\": 71, \"minimum_retention\": 0.9, \"primary_candidates\": 451, \"retention\": 0.8669623059866962, \"use_primary\": true}\n"}
,{"stream_name":"stdout","time":1534.290867596,"data":"BIOHUB_RETENTION_GUARD {\"blended_candidates\": 391, \"dataset\": \"44b6_2a2eff9f\", \"frame\": 71, \"minimum_retention\": 0.9, \"primary_candidates\": 451, \"retention\": 0.8669623059866962, \"use_primary\": true}\n"}
,{"stream_name":"stdout","time":1536.26785266,"data":"BIOHUB_RETENTION_GUARD {\"blended_candidates\": 402, \"dataset\": \"44b6_2a2eff9f\", \"frame\": 72, \"minimum_retention\": 0.9, \"primary_candidates\": 470, \"retention\": 0.8553191489361702, \"use_primary\": true}\n"}
,{"stream_name":"stdout","time":1536.470207054,"data":"BIOHUB_RETENTION_GUARD {\"blended_candidates\": 402, \"dataset\": \"44b6_2a2eff9f\", \"frame\": 72, \"minimum_retention\": 0.9, \"primary_candidates\": 470, \"retention\": 0.8553191489361702, \"use_primary\": true}\n"}
,{"stream_name":"stdout","time":1538.490056152,"data":"BIOHUB_RETENTION_GUARD {\"blended_candidates\": 335, \"dataset\": \"44b6_2a2eff9f\", \"frame\": 73, \"minimum_retention\": 0.9, \"primary_candidates\": 425, \"retention\": 0.788235294117647, \"use_primary\": true}\n"}
,{"stream_name":"stdout","time":1538.709963147,"data":"BIOHUB_RETENTION_GUARD {\"blended_candidates\": 335, \"dataset\": \"44b6_2a2eff9f\", \"frame\": 73, \"minimum_retention\": 0.9, \"primary_candidates\": 425, \"retention\": 0.788235294117647, \"use_primary\": true}\n"}
,{"stream_name":"stdout","time":1540.679568416,"data":"BIOHUB_RETENTION_GUARD {\"blended_candidates\": 365, \"dataset\": \"44b6_2a2eff9f\", \"frame\": 74, \"minimum_retention\": 0.9, \"primary_candidates\": 444, \"retention\": 0.8220720720720721, \"use_primary\": true}\n"}
,{"stream_name":"stdout","time":1540.881977647,"data":"BIOHUB_RETENTION_GUARD {\"blended_candidates\": 365, \"dataset\": \"44b6_2a2eff9f\", \"frame\": 74, \"minimum_retention\": 0.9, \"primary_candidates\": 444, \"retention\": 0.8220720720720721, \"use_primary\": true}\n"}
,{"stream_name":"stdout","time":1542.837078672,"data":"BIOHUB_RETENTION_GUARD {\"blended_candidates\": 344, \"dataset\": \"44b6_2a2eff9f\", \"frame\": 75, \"minimum_retention\": 0.9, \"primary_candidates\": 447, \"retention\": 0.7695749440715883, \"use_primary\": true}\n"}
,{"stream_name":"stdout","time":1543.039497408,"data":"BIOHUB_RETENTION_GUARD {\"blended_candidates\": 344, \"dataset\": \"44b6_2a2eff9f\", \"frame\": 75, \"minimum_retention\": 0.9, \"primary_candidates\": 447, \"retention\": 0.7695749440715883, \"use_primary\": true}\n"}
,{"stream_name":"stdout","time":1545.06242005,"data":"BIOHUB_RETENTION_GUARD {\"blended_candidates\": 332, \"dataset\": \"44b6_2a2eff9f\", \"frame\": 76, \"minimum_retention\": 0.9, \"primary_candidates\": 449, \"retention\": 0.7394209354120267, \"use_primary\": true}\n"}
,{"stream_name":"stdout","time":1545.265010641,"data":"BIOHUB_RETENTION_GUARD {\"blended_candidates\": 332, \"dataset\": \"44b6_2a2eff9f\", \"frame\": 76, \"minimum_retention\": 0.9, \"primary_candidates\": 449, \"retention\": 0.7394209354120267, \"use_primary\": true}\n"}
,{"stream_name":"stdout","time":1547.2505226,"data":"BIOHUB_RETENTION_GUARD {\"blended_candidates\": 344, \"dataset\": \"44b6_2a2eff9f\", \"frame\": 77, \"minimum_retention\": 0.9, \"primary_candidates\": 442, \"retention\": 0.7782805429864253, \"use_primary\": true}\n"}
,{"stream_name":"stdout","time":1547.452851807,"data":"BIOHUB_RETENTION_GUARD {\"blended_candidates\": 344, \"dataset\": \"44b6_2a2eff9f\", \"frame\": 77, \"minimum_retention\": 0.9, \"primary_candidates\": 442, \"retention\": 0.7782805429864253, \"use_primary\": true}\n"}
,{"stream_name":"stdout","time":1549.444553812,"data":"BIOHUB_RETENTION_GUARD {\"blended_candidates\": 417, \"dataset\": \"44b6_2a2eff9f\", \"frame\": 78, \"minimum_retention\": 0.9, \"primary_candidates\": 494, \"retention\": 0.8441295546558705, \"use_primary\": true}\n"}
,{"stream_name":"stdout","time":1549.647034805,"data":"BIOHUB_RETENTION_GUARD {\"blended_candidates\": 417, \"dataset\": \"44b6_2a2eff9f\", \"frame\": 78, \"minimum_retention\": 0.9, \"primary_candidates\": 494, \"retention\": 0.8441295546558705, \"use_primary\": true}\n"}
,{"stream_name":"stdout","time":1551.64840884,"data":"BIOHUB_RETENTION_GUARD {\"blended_candidates\": 432, \"dataset\": \"44b6_2a2eff9f\", \"frame\": 79, \"minimum_retention\": 0.9, \"primary_candidates\": 496, \"retention\": 0.8709677419354839, \"use_primary\": true}\n"}
,{"stream_name":"stdout","time":1551.851152234,"data":"BIOHUB_RETENTION_GUARD {\"blended_candidates\": 432, \"dataset\": \"44b6_2a2eff9f\", \"frame\": 79, \"minimum_retention\": 0.9, \"primary_candidates\": 496, \"retention\": 0.8709677419354839, \"use_primary\": true}\n"}
,{"stream_name":"stdout","time":1553.839797336,"data":"BIOHUB_RETENTION_GUARD {\"blended_candidates\": 362, \"dataset\": \"44b6_2a2eff9f\", \"frame\": 80, \"minimum_retention\": 0.9, \"primary_candidates\": 466, \"retention\": 0.776824034334764, \"use_primary\": true}\n"}
,{"stream_name":"stdout","time":1554.042648611,"data":"BIOHUB_RETENTION_GUARD {\"blended_candidates\": 362, \"dataset\": \"44b6_2a2eff9f\", \"frame\": 80, \"minimum_retention\": 0.9, \"primary_candidates\": 466, \"retention\": 0.776824034334764, \"use_primary\": true}\n"}
,{"stream_name":"stdout","time":1555.993134455,"data":"BIOHUB_RETENTION_GUARD {\"blended_candidates\": 393, \"dataset\": \"44b6_2a2eff9f\", \"frame\": 81, \"minimum_retention\": 0.9, \"primary_candidates\": 460, \"retention\": 0.8543478260869565, \"use_primary\": true}\n"}
,{"stream_name":"stdout","time":1556.195906946,"data":"BIOHUB_RETENTION_GUARD {\"blended_candidates\": 393, \"dataset\": \"44b6_2a2eff9f\", \"frame\": 81, \"minimum_retention\": 0.9, \"primary_candidates\": 460, \"retention\": 0.8543478260869565, \"use_primary\": true}\n"}
,{"stream_name":"stdout","time":1558.183039569,"data":"BIOHUB_RETENTION_GUARD {\"blended_candidates\": 376, \"dataset\": \"44b6_2a2eff9f\", \"frame\": 82, \"minimum_retention\": 0.9, \"primary_candidates\": 457, \"retention\": 0.8227571115973742, \"use_primary\": true}\n"}
,{"stream_name":"stdout","time":1558.385612001,"data":"BIOHUB_RETENTION_GUARD {\"blended_candidates\": 376, \"dataset\": \"44b6_2a2eff9f\", \"frame\": 82, \"minimum_retention\": 0.9, \"primary_candidates\": 457, \"retention\": 0.8227571115973742, \"use_primary\": true}\n"}
,{"stream_name":"stdout","time":1560.395124063,"data":"BIOHUB_RETENTION_GUARD {\"blended_candidates\": 339, \"dataset\": \"44b6_2a2eff9f\", \"frame\": 83, \"minimum_retention\": 0.9, \"primary_candidates\": 429, \"retention\": 0.7902097902097902, \"use_primary\": true}\n"}
,{"stream_name":"stdout","time":1560.59793599,"data":"BIOHUB_RETENTION_GUARD {\"blended_candidates\": 339, \"dataset\": \"44b6_2a2eff9f\", \"frame\": 83, \"minimum_retention\": 0.9, \"primary_candidates\": 429, \"retention\": 0.7902097902097902, \"use_primary\": true}\n"}
,{"stream_name":"stdout","time":1562.586407356,"data":"BIOHUB_RETENTION_GUARD {\"blended_candidates\": 360, \"dataset\": \"44b6_2a2eff9f\", \"frame\": 84, \"minimum_retention\": 0.9, \"primary_candidates\": 456, \"retention\": 0.7894736842105263, \"use_primary\": true}\n"}
,{"stream_name":"stdout","time":1562.788660291,"data":"BIOHUB_RETENTION_GUARD {\"blended_candidates\": 360, \"dataset\": \"44b6_2a2eff9f\", \"frame\": 84, \"minimum_retention\": 0.9, \"primary_candidates\": 456, \"retention\": 0.7894736842105263, \"use_primary\": true}\n"}
,{"stream_name":"stdout","time":1564.821357896,"data":"BIOHUB_RETENTION_GUARD {\"blended_candidates\": 391, \"dataset\": \"44b6_2a2eff9f\", \"frame\": 85, \"minimum_retention\": 0.9, \"primary_candidates\": 471, \"retention\": 0.8301486199575372, \"use_primary\": true}\n"}
,{"stream_name":"stdout","time":1565.024463665,"data":"BIOHUB_RETENTION_GUARD {\"blended_candidates\": 391, \"dataset\": \"44b6_2a2eff9f\", \"frame\": 85, \"minimum_retention\": 0.9, \"primary_candidates\": 471, \"retention\": 0.8301486199575372, \"use_primary\": true}\n"}
,{"stream_name":"stdout","time":1566.998034862,"data":"BIOHUB_RETENTION_GUARD {\"blended_candidates\": 413, \"dataset\": \"44b6_2a2eff9f\", \"frame\": 86, \"minimum_retention\": 0.9, \"primary_candidates\": 483, \"retention\": 0.855072463768116, \"use_primary\": true}\n"}
,{"stream_name":"stdout","time":1567.200809166,"data":"BIOHUB_RETENTION_GUARD {\"blended_candidates\": 413, \"dataset\": \"44b6_2a2eff9f\", \"frame\": 86, \"minimum_retention\": 0.9, \"primary_candidates\": 483, \"retention\": 0.855072463768116, \"use_primary\": true}\n"}
,{"stream_name":"stdout","time":1569.197137689,"data":"BIOHUB_RETENTION_GUARD {\"blended_candidates\": 398, \"dataset\": \"44b6_2a2eff9f\", \"frame\": 87, \"minimum_retention\": 0.9, \"primary_candidates\": 472, \"retention\": 0.8432203389830508, \"use_primary\": true}\n"}
,{"stream_name":"stdout","time":1569.417869952,"data":"BIOHUB_RETENTION_GUARD {\"blended_candidates\": 398, \"dataset\": \"44b6_2a2eff9f\", \"frame\": 87, \"minimum_retention\": 0.9, \"primary_candidates\": 472, \"retention\": 0.8432203389830508, \"use_primary\": true}\n"}
,{"stream_name":"stdout","time":1571.401328489,"data":"BIOHUB_RETENTION_GUARD {\"blended_candidates\": 345, \"dataset\": \"44b6_2a2eff9f\", \"frame\": 88, \"minimum_retention\": 0.9, \"primary_candidates\": 441, \"retention\": 0.782312925170068, \"use_primary\": true}\n"}
,{"stream_name":"stdout","time":1571.604058987,"data":"BIOHUB_RETENTION_GUARD {\"blended_candidates\": 345, \"dataset\": \"44b6_2a2eff9f\", \"frame\": 88, \"minimum_retention\": 0.9, \"primary_candidates\": 441, \"retention\": 0.782312925170068, \"use_primary\": true}\n"}
,{"stream_name":"stdout","time":1573.592939448,"data":"BIOHUB_RETENTION_GUARD {\"blended_candidates\": 357, \"dataset\": \"44b6_2a2eff9f\", \"frame\": 89, \"minimum_retention\": 0.9, \"primary_candidates\": 465, \"retention\": 0.7677419354838709, \"use_primary\": true}\n"}
,{"stream_name":"stdout","time":1573.795216942,"data":"BIOHUB_RETENTION_GUARD {\"blended_candidates\": 357, \"dataset\": \"44b6_2a2eff9f\", \"frame\": 89, \"minimum_retention\": 0.9, \"primary_candidates\": 465, \"retention\": 0.7677419354838709, \"use_primary\": true}\n"}
,{"stream_name":"stdout","time":1575.806457124,"data":"BIOHUB_RETENTION_GUARD {\"blended_candidates\": 401, \"dataset\": \"44b6_2a2eff9f\", \"frame\": 90, \"minimum_retention\": 0.9, \"primary_candidates\": 467, \"retention\": 0.8586723768736617, \"use_primary\": true}\n"}
,{"stream_name":"stdout","time":1576.008811411,"data":"BIOHUB_RETENTION_GUARD {\"blended_candidates\": 401, \"dataset\": \"44b6_2a2eff9f\", \"frame\": 90, \"minimum_retention\": 0.9, \"primary_candidates\": 467, \"retention\": 0.8586723768736617, \"use_primary\": true}\n"}
,{"stream_name":"stdout","time":1578.016599483,"data":"BIOHUB_RETENTION_GUARD {\"blended_candidates\": 387, \"dataset\": \"44b6_2a2eff9f\", \"frame\": 91, \"minimum_retention\": 0.9, \"primary_candidates\": 467, \"retention\": 0.828693790149893, \"use_primary\": true}\n"}
,{"stream_name":"stdout","time":1578.219580111,"data":"BIOHUB_RETENTION_GUARD {\"blended_candidates\": 387, \"dataset\": \"44b6_2a2eff9f\", \"frame\": 91, \"minimum_retention\": 0.9, \"primary_candidates\": 467, \"retention\": 0.828693790149893, \"use_primary\": true}\n"}
,{"stream_name":"stdout","time":1580.186634945,"data":"BIOHUB_RETENTION_GUARD {\"blended_candidates\": 392, \"dataset\": \"44b6_2a2eff9f\", \"frame\": 92, \"minimum_retention\": 0.9, \"primary_candidates\": 460, \"retention\": 0.8521739130434782, \"use_primary\": true}\n"}
,{"stream_name":"stdout","time":1580.38968656,"data":"BIOHUB_RETENTION_GUARD {\"blended_candidates\": 392, \"dataset\": \"44b6_2a2eff9f\", \"frame\": 92, \"minimum_retention\": 0.9, \"primary_candidates\": 460, \"retention\": 0.8521739130434782, \"use_primary\": true}\n"}
,{"stream_name":"stdout","time":1582.354898681,"data":"BIOHUB_RETENTION_GUARD {\"blended_candidates\": 394, \"dataset\": \"44b6_2a2eff9f\", \"frame\": 93, \"minimum_retention\": 0.9, \"primary_candidates\": 483, \"retention\": 0.8157349896480331, \"use_primary\": true}\n"}
,{"stream_name":"stdout","time":1582.558155019,"data":"BIOHUB_RETENTION_GUARD {\"blended_candidates\": 394, \"dataset\": \"44b6_2a2eff9f\", \"frame\": 93, \"minimum_retention\": 0.9, \"primary_candidates\": 483, \"retention\": 0.8157349896480331, \"use_primary\": true}\n"}
,{"stream_name":"stdout","time":1584.532491475,"data":"BIOHUB_RETENTION_GUARD {\"blended_candidates\": 415, \"dataset\": \"44b6_2a2eff9f\", \"frame\": 94, \"minimum_retention\": 0.9, \"primary_candidates\": 489, \"retention\": 0.8486707566462167, \"use_primary\": true}\n"}
,{"stream_name":"stdout","time":1584.735274881,"data":"BIOHUB_RETENTION_GUARD {\"blended_candidates\": 415, \"dataset\": \"44b6_2a2eff9f\", \"frame\": 94, \"minimum_retention\": 0.9, \"primary_candidates\": 489, \"retention\": 0.8486707566462167, \"use_primary\": true}\n"}
,{"stream_name":"stdout","time":1586.709480842,"data":"BIOHUB_RETENTION_GUARD {\"blended_candidates\": 411, \"dataset\": \"44b6_2a2eff9f\", \"frame\": 95, \"minimum_retention\": 0.9, \"primary_candidates\": 475, \"retention\": 0.8652631578947368, \"use_primary\": true}\n"}
,{"stream_name":"stdout","time":1586.911851579,"data":"BIOHUB_RETENTION_GUARD {\"blended_candidates\": 411, \"dataset\": \"44b6_2a2eff9f\", \"frame\": 95, \"minimum_retention\": 0.9, \"primary_candidates\": 475, \"retention\": 0.8652631578947368, \"use_primary\": true}\n"}
,{"stream_name":"stdout","time":1588.94325598,"data":"BIOHUB_RETENTION_GUARD {\"blended_candidates\": 386, \"dataset\": \"44b6_2a2eff9f\", \"frame\": 96, \"minimum_retention\": 0.9, \"primary_candidates\": 462, \"retention\": 0.8354978354978355, \"use_primary\": true}\n"}
,{"stream_name":"stdout","time":1589.145444559,"data":"BIOHUB_RETENTION_GUARD {\"blended_candidates\": 386, \"dataset\": \"44b6_2a2eff9f\", \"frame\": 96, \"minimum_retention\": 0.9, \"primary_candidates\": 462, \"retention\": 0.8354978354978355, \"use_primary\": true}\n"}
,{"stream_name":"stdout","time":1591.172830648,"data":"BIOHUB_RETENTION_GUARD {\"blended_candidates\": 360, \"dataset\": \"44b6_2a2eff9f\", \"frame\": 97, \"minimum_retention\": 0.9, \"primary_candidates\": 438, \"retention\": 0.821917808219178, \"use_primary\": true}\n"}
,{"stream_name":"stdout","time":1591.374894182,"data":"BIOHUB_RETENTION_GUARD {\"blended_candidates\": 360, \"dataset\": \"44b6_2a2eff9f\", \"frame\": 97, \"minimum_retention\": 0.9, \"primary_candidates\": 438, \"retention\": 0.821917808219178, \"use_primary\": true}\n"}
,{"stream_name":"stdout","time":1593.387681209,"data":"BIOHUB_RETENTION_GUARD {\"blended_candidates\": 393, \"dataset\": \"44b6_2a2eff9f\", \"frame\": 98, \"minimum_retention\": 0.9, \"primary_candidates\": 487, \"retention\": 0.8069815195071869, \"use_primary\": true}\n"}
,{"stream_name":"stdout","time":1593.590075517,"data":"BIOHUB_RETENTION_GUARD {\"blended_candidates\": 393, \"dataset\": \"44b6_2a2eff9f\", \"frame\": 98, \"minimum_retention\": 0.9, \"primary_candidates\": 487, \"retention\": 0.8069815195071869, \"use_primary\": true}\n"}
,{"stream_name":"stdout","time":1595.635055645,"data":"BIOHUB_RETENTION_GUARD {\"blended_candidates\": 349, \"dataset\": \"44b6_2a2eff9f\", \"frame\": 99, \"minimum_retention\": 0.9, \"primary_candidates\": 446, \"retention\": 0.7825112107623319, \"use_primary\": true}\n"}
,{"stream_name":"stdout","time":1595.83779269,"data":"BIOHUB_RETENTION_GUARD {\"blended_candidates\": 349, \"dataset\": \"44b6_2a2eff9f\", \"frame\": 99, \"minimum_retention\": 0.9, \"primary_candidates\": 446, \"retention\": 0.7825112107623319, \"use_primary\": true}\n"}
,{"stream_name":"stdout","time":2132.029558185,"data":"BIOHUB_RETENTION_GUARD {\"blended_candidates\": 256, \"dataset\": \"44b6_5f15d135\", \"frame\": 28, \"minimum_retention\": 0.9, \"primary_candidates\": 302, \"retention\": 0.847682119205298, \"use_primary\": true}\n"}
,{"stream_name":"stdout","time":2132.244361261,"data":"BIOHUB_RETENTION_GUARD {\"blended_candidates\": 256, \"dataset\": \"44b6_5f15d135\", \"frame\": 28, \"minimum_retention\": 0.9, \"primary_candidates\": 302, \"retention\": 0.847682119205298, \"use_primary\": true}\n"}
,{"stream_name":"stdout","time":2201.047092642,"data":"BIOHUB_RETENTION_GUARD {\"blended_candidates\": 277, \"dataset\": \"44b6_5f15d135\", \"frame\": 60, \"minimum_retention\": 0.9, \"primary_candidates\": 308, \"retention\": 0.8993506493506493, \"use_primary\": true}\n"}
,{"stream_name":"stdout","time":2201.26277038,"data":"BIOHUB_RETENTION_GUARD {\"blended_candidates\": 277, \"dataset\": \"44b6_5f15d135\", \"frame\": 60, \"minimum_retention\": 0.9, \"primary_candidates\": 308, \"retention\": 0.8993506493506493, \"use_primary\": true}\n"}
,{"stream_name":"stdout","time":2203.255370047,"data":"BIOHUB_RETENTION_GUARD {\"blended_candidates\": 237, \"dataset\": \"44b6_5f15d135\", \"frame\": 61, \"minimum_retention\": 0.9, \"primary_candidates\": 267, \"retention\": 0.8876404494382022, \"use_primary\": true}\n"}
,{"stream_name":"stdout","time":2203.458630367,"data":"BIOHUB_RETENTION_GUARD {\"blended_candidates\": 237, \"dataset\": \"44b6_5f15d135\", \"frame\": 61, \"minimum_retention\": 0.9, \"primary_candidates\": 267, \"retention\": 0.8876404494382022, \"use_primary\": true}\n"}
,{"stream_name":"stdout","time":2205.398266628,"data":"BIOHUB_RETENTION_GUARD {\"blended_candidates\": 230, \"dataset\": \"44b6_5f15d135\", \"frame\": 62, \"minimum_retention\": 0.9, \"primary_candidates\": 266, \"retention\": 0.8646616541353384, \"use_primary\": true}\n"}
,{"stream_name":"stdout","time":2205.601333489,"data":"BIOHUB_RETENTION_GUARD {\"blended_candidates\": 230, \"dataset\": \"44b6_5f15d135\", \"frame\": 62, \"minimum_retention\": 0.9, \"primary_candidates\": 266, \"retention\": 0.8646616541353384, \"use_primary\": true}\n"}
,{"stream_name":"stdout","time":2207.556715762,"data":"BIOHUB_RETENTION_GUARD {\"blended_candidates\": 203, \"dataset\": \"44b6_5f15d135\", \"frame\": 63, \"minimum_retention\": 0.9, \"primary_candidates\": 255, \"retention\": 0.796078431372549, \"use_primary\": true}\n"}
,{"stream_name":"stdout","time":2207.759794179,"data":"BIOHUB_RETENTION_GUARD {\"blended_candidates\": 203, \"dataset\": \"44b6_5f15d135\", \"frame\": 63, \"minimum_retention\": 0.9, \"primary_candidates\": 255, \"retention\": 0.796078431372549, \"use_primary\": true}\n"}
,{"stream_name":"stdout","time":2209.689534912,"data":"BIOHUB_RETENTION_GUARD {\"blended_candidates\": 195, \"dataset\": \"44b6_5f15d135\", \"frame\": 64, \"minimum_retention\": 0.9, \"primary_candidates\": 251, \"retention\": 0.7768924302788844, \"use_primary\": true}\n"}
,{"stream_name":"stdout","time":2209.892771146,"data":"BIOHUB_RETENTION_GUARD {\"blended_candidates\": 195, \"dataset\": \"44b6_5f15d135\", \"frame\": 64, \"minimum_retention\": 0.9, \"primary_candidates\": 251, \"retention\": 0.7768924302788844, \"use_primary\": true}\n"}
,{"stream_name":"stdout","time":2211.81283814,"data":"BIOHUB_RETENTION_GUARD {\"blended_candidates\": 203, \"dataset\": \"44b6_5f15d135\", \"frame\": 65, \"minimum_retention\": 0.9, \"primary_candidates\": 260, \"retention\": 0.7807692307692308, \"use_primary\": true}\n"}
,{"stream_name":"stdout","time":2212.015689229,"data":"BIOHUB_RETENTION_GUARD {\"blended_candidates\": 203, \"dataset\": \"44b6_5f15d135\", \"frame\": 65, \"minimum_retention\": 0.9, \"primary_candidates\": 260, \"retention\": 0.7807692307692308, \"use_primary\": true}\n"}
,{"stream_name":"stdout","time":2213.967317746,"data":"BIOHUB_RETENTION_GUARD {\"blended_candidates\": 203, \"dataset\": \"44b6_5f15d135\", \"frame\": 66, \"minimum_retention\": 0.9, \"primary_candidates\": 269, \"retention\": 0.7546468401486989, \"use_primary\": true}\n"}
,{"stream_name":"stdout","time":2214.170146475,"data":"BIOHUB_RETENTION_GUARD {\"blended_candidates\": 203, \"dataset\": \"44b6_5f15d135\", \"frame\": 66, \"minimum_retention\": 0.9, \"primary_candidates\": 269, \"retention\": 0.7546468401486989, \"use_primary\": true}\n"}
,{"stream_name":"stdout","time":2216.125237891,"data":"BIOHUB_RETENTION_GUARD {\"blended_candidates\": 219, \"dataset\": \"44b6_5f15d135\", \"frame\": 67, \"minimum_retention\": 0.9, \"primary_candidates\": 268, \"retention\": 0.8171641791044776, \"use_primary\": true}\n"}
,{"stream_name":"stdout","time":2216.327647258,"data":"BIOHUB_RETENTION_GUARD {\"blended_candidates\": 219, \"dataset\": \"44b6_5f15d135\", \"frame\": 67, \"minimum_retention\": 0.9, \"primary_candidates\": 268, \"retention\": 0.8171641791044776, \"use_primary\": true}\n"}
,{"stream_name":"stdout","time":2218.302426561,"data":"BIOHUB_RETENTION_GUARD {\"blended_candidates\": 209, \"dataset\": \"44b6_5f15d135\", \"frame\": 68, \"minimum_retention\": 0.9, \"primary_candidates\": 256, \"retention\": 0.81640625, \"use_primary\": true}\n"}
,{"stream_name":"stdout","time":2218.504880303,"data":"BIOHUB_RETENTION_GUARD {\"blended_candidates\": 209, \"dataset\": \"44b6_5f15d135\", \"frame\": 68, \"minimum_retention\": 0.9, \"primary_candidates\": 256, \"retention\": 0.81640625, \"use_primary\": true}\n"}
,{"stream_name":"stdout","time":2220.424330296,"data":"BIOHUB_RETENTION_GUARD {\"blended_candidates\": 197, \"dataset\": \"44b6_5f15d135\", \"frame\": 69, \"minimum_retention\": 0.9, \"primary_candidates\": 241, \"retention\": 0.8174273858921162, \"use_primary\": true}\n"}
,{"stream_name":"stdout","time":2220.626679934,"data":"BIOHUB_RETENTION_GUARD {\"blended_candidates\": 197, \"dataset\": \"44b6_5f15d135\", \"frame\": 69, \"minimum_retention\": 0.9, \"primary_candidates\": 241, \"retention\": 0.8174273858921162, \"use_primary\": true}\n"}
,{"stream_name":"stdout","time":2226.790756762,"data":"BIOHUB_RETENTION_GUARD {\"blended_candidates\": 191, \"dataset\": \"44b6_5f15d135\", \"frame\": 72, \"minimum_retention\": 0.9, \"primary_candidates\": 231, \"retention\": 0.8268398268398268, \"use_primary\": true}\n"}
,{"stream_name":"stdout","time":2226.993484037,"data":"BIOHUB_RETENTION_GUARD {\"blended_candidates\": 191, \"dataset\": \"44b6_5f15d135\", \"frame\": 72, \"minimum_retention\": 0.9, \"primary_candidates\": 231, \"retention\": 0.8268398268398268, \"use_primary\": true}\n"}
,{"stream_name":"stdout","time":2228.941588262,"data":"BIOHUB_RETENTION_GUARD {\"blended_candidates\": 190, \"dataset\": \"44b6_5f15d135\", \"frame\": 73, \"minimum_retention\": 0.9, \"primary_candidates\": 232, \"retention\": 0.8189655172413793, \"use_primary\": true}\n"}
,{"stream_name":"stdout","time":2229.144113957,"data":"BIOHUB_RETENTION_GUARD {\"blended_candidates\": 190, \"dataset\": \"44b6_5f15d135\", \"frame\": 73, \"minimum_retention\": 0.9, \"primary_candidates\": 232, \"retention\": 0.8189655172413793, \"use_primary\": true}\n"}
,{"stream_name":"stdout","time":2231.122951923,"data":"BIOHUB_RETENTION_GUARD {\"blended_candidates\": 176, \"dataset\": \"44b6_5f15d135\", \"frame\": 74, \"minimum_retention\": 0.9, \"primary_candidates\": 215, \"retention\": 0.8186046511627907, \"use_primary\": true}\n"}
,{"stream_name":"stdout","time":2231.337953227,"data":"BIOHUB_RETENTION_GUARD {\"blended_candidates\": 176, \"dataset\": \"44b6_5f15d135\", \"frame\": 74, \"minimum_retention\": 0.9, \"primary_candidates\": 215, \"retention\": 0.8186046511627907, \"use_primary\": true}\n"}
,{"stream_name":"stdout","time":2233.231472927,"data":"BIOHUB_RETENTION_GUARD {\"blended_candidates\": 151, \"dataset\": \"44b6_5f15d135\", \"frame\": 75, \"minimum_retention\": 0.9, \"primary_candidates\": 200, \"retention\": 0.755, \"use_primary\": true}\n"}
,{"stream_name":"stdout","time":2233.434154762,"data":"BIOHUB_RETENTION_GUARD {\"blended_candidates\": 151, \"dataset\": \"44b6_5f15d135\", \"frame\": 75, \"minimum_retention\": 0.9, \"primary_candidates\": 200, \"retention\": 0.755, \"use_primary\": true}\n"}
,{"stream_name":"stdout","time":2235.451914667,"data":"BIOHUB_RETENTION_GUARD {\"blended_candidates\": 147, \"dataset\": \"44b6_5f15d135\", \"frame\": 76, \"minimum_retention\": 0.9, \"primary_candidates\": 190, \"retention\": 0.7736842105263158, \"use_primary\": true}\n"}
,{"stream_name":"stdout","time":2235.654549141,"data":"BIOHUB_RETENTION_GUARD {\"blended_candidates\": 147, \"dataset\": \"44b6_5f15d135\", \"frame\": 76, \"minimum_retention\": 0.9, \"primary_candidates\": 190, \"retention\": 0.7736842105263158, \"use_primary\": true}\n"}
,{"stream_name":"stdout","time":2237.579349723,"data":"BIOHUB_RETENTION_GUARD {\"blended_candidates\": 167, \"dataset\": \"44b6_5f15d135\", \"frame\": 77, \"minimum_retention\": 0.9, \"primary_candidates\": 204, \"retention\": 0.8186274509803921, \"use_primary\": true}\n"}
,{"stream_name":"stdout","time":2237.78186906,"data":"BIOHUB_RETENTION_GUARD {\"blended_candidates\": 167, \"dataset\": \"44b6_5f15d135\", \"frame\": 77, \"minimum_retention\": 0.9, \"primary_candidates\": 204, \"retention\": 0.8186274509803921, \"use_primary\": true}\n"}
,{"stream_name":"stdout","time":2239.734484816,"data":"BIOHUB_RETENTION_GUARD {\"blended_candidates\": 156, \"dataset\": \"44b6_5f15d135\", \"frame\": 78, \"minimum_retention\": 0.9, \"primary_candidates\": 212, \"retention\": 0.7358490566037735, \"use_primary\": true}\n"}
,{"stream_name":"stdout","time":2239.937052695,"data":"BIOHUB_RETENTION_GUARD {\"blended_candidates\": 156, \"dataset\": \"44b6_5f15d135\", \"frame\": 78, \"minimum_retention\": 0.9, \"primary_candidates\": 212, \"retention\": 0.7358490566037735, \"use_primary\": true}\n"}
,{"stream_name":"stdout","time":2241.842911979,"data":"BIOHUB_RETENTION_GUARD {\"blended_candidates\": 194, \"dataset\": \"44b6_5f15d135\", \"frame\": 79, \"minimum_retention\": 0.9, \"primary_candidates\": 231, \"retention\": 0.8398268398268398, \"use_primary\": true}\n"}
,{"stream_name":"stdout","time":2242.045538654,"data":"BIOHUB_RETENTION_GUARD {\"blended_candidates\": 194, \"dataset\": \"44b6_5f15d135\", \"frame\": 79, \"minimum_retention\": 0.9, \"primary_candidates\": 231, \"retention\": 0.8398268398268398, \"use_primary\": true}\n"}
,{"stream_name":"stdout","time":2243.948116575,"data":"BIOHUB_RETENTION_GUARD {\"blended_candidates\": 192, \"dataset\": \"44b6_5f15d135\", \"frame\": 80, \"minimum_retention\": 0.9, \"primary_candidates\": 221, \"retention\": 0.8687782805429864, \"use_primary\": true}\n"}
,{"stream_name":"stdout","time":2244.150630749,"data":"BIOHUB_RETENTION_GUARD {\"blended_candidates\": 192, \"dataset\": \"44b6_5f15d135\", \"frame\": 80, \"minimum_retention\": 0.9, \"primary_candidates\": 221, \"retention\": 0.8687782805429864, \"use_primary\": true}\n"}
,{"stream_name":"stdout","time":2246.090933769,"data":"BIOHUB_RETENTION_GUARD {\"blended_candidates\": 206, \"dataset\": \"44b6_5f15d135\", \"frame\": 81, \"minimum_retention\": 0.9, \"primary_candidates\": 243, \"retention\": 0.8477366255144033, \"use_primary\": true}\n"}
,{"stream_name":"stdout","time":2246.293412758,"data":"BIOHUB_RETENTION_GUARD {\"blended_candidates\": 206, \"dataset\": \"44b6_5f15d135\", \"frame\": 81, \"minimum_retention\": 0.9, \"primary_candidates\": 243, \"retention\": 0.8477366255144033, \"use_primary\": true}\n"}
,{"stream_name":"stdout","time":2248.257541948,"data":"BIOHUB_RETENTION_GUARD {\"blended_candidates\": 203, \"dataset\": \"44b6_5f15d135\", \"frame\": 82, \"minimum_retention\": 0.9, \"primary_candidates\": 255, \"retention\": 0.796078431372549, \"use_primary\": true}\n"}
,{"stream_name":"stdout","time":2248.459972726,"data":"BIOHUB_RETENTION_GUARD {\"blended_candidates\": 203, \"dataset\": \"44b6_5f15d135\", \"frame\": 82, \"minimum_retention\": 0.9, \"primary_candidates\": 255, \"retention\": 0.796078431372549, \"use_primary\": true}\n"}
,{"stream_name":"stdout","time":2250.429921835,"data":"BIOHUB_RETENTION_GUARD {\"blended_candidates\": 142, \"dataset\": \"44b6_5f15d135\", \"frame\": 83, \"minimum_retention\": 0.9, \"primary_candidates\": 209, \"retention\": 0.6794258373205742, \"use_primary\": true}\n"}
,{"stream_name":"stdout","time":2250.632355748,"data":"BIOHUB_RETENTION_GUARD {\"blended_candidates\": 142, \"dataset\": \"44b6_5f15d135\", \"frame\": 83, \"minimum_retention\": 0.9, \"primary_candidates\": 209, \"retention\": 0.6794258373205742, \"use_primary\": true}\n"}
,{"stream_name":"stdout","time":2252.54486319,"data":"BIOHUB_RETENTION_GUARD {\"blended_candidates\": 130, \"dataset\": \"44b6_5f15d135\", \"frame\": 84, \"minimum_retention\": 0.9, \"primary_candidates\": 187, \"retention\": 0.6951871657754011, \"use_primary\": true}\n"}
,{"stream_name":"stdout","time":2252.747474524,"data":"BIOHUB_RETENTION_GUARD {\"blended_candidates\": 130, \"dataset\": \"44b6_5f15d135\", \"frame\": 84, \"minimum_retention\": 0.9, \"primary_candidates\": 187, \"retention\": 0.6951871657754011, \"use_primary\": true}\n"}
,{"stream_name":"stdout","time":2254.714957927,"data":"BIOHUB_RETENTION_GUARD {\"blended_candidates\": 142, \"dataset\": \"44b6_5f15d135\", \"frame\": 85, \"minimum_retention\": 0.9, \"primary_candidates\": 196, \"retention\": 0.7244897959183674, \"use_primary\": true}\n"}
,{"stream_name":"stdout","time":2254.917486274,"data":"BIOHUB_RETENTION_GUARD {\"blended_candidates\": 142, \"dataset\": \"44b6_5f15d135\", \"frame\": 85, \"minimum_retention\": 0.9, \"primary_candidates\": 196, \"retention\": 0.7244897959183674, \"use_primary\": true}\n"}
,{"stream_name":"stdout","time":2256.825033566,"data":"BIOHUB_RETENTION_GUARD {\"blended_candidates\": 138, \"dataset\": \"44b6_5f15d135\", \"frame\": 86, \"minimum_retention\": 0.9, \"primary_candidates\": 203, \"retention\": 0.6798029556650246, \"use_primary\": true}\n"}
,{"stream_name":"stdout","time":2257.027546238,"data":"BIOHUB_RETENTION_GUARD {\"blended_candidates\": 138, \"dataset\": \"44b6_5f15d135\", \"frame\": 86, \"minimum_retention\": 0.9, \"primary_candidates\": 203, \"retention\": 0.6798029556650246, \"use_primary\": true}\n"}
,{"stream_name":"stdout","time":2258.940319511,"data":"BIOHUB_RETENTION_GUARD {\"blended_candidates\": 154, \"dataset\": \"44b6_5f15d135\", \"frame\": 87, \"minimum_retention\": 0.9, \"primary_candidates\": 223, \"retention\": 0.6905829596412556, \"use_primary\": true}\n"}
,{"stream_name":"stdout","time":2259.142803302,"data":"BIOHUB_RETENTION_GUARD {\"blended_candidates\": 154, \"dataset\": \"44b6_5f15d135\", \"frame\": 87, \"minimum_retention\": 0.9, \"primary_candidates\": 223, \"retention\": 0.6905829596412556, \"use_primary\": true}\n"}
,{"stream_name":"stdout","time":2261.083837432,"data":"BIOHUB_RETENTION_GUARD {\"blended_candidates\": 122, \"dataset\": \"44b6_5f15d135\", \"frame\": 88, \"minimum_retention\": 0.9, \"primary_candidates\": 164, \"retention\": 0.7439024390243902, \"use_primary\": true}\n"}
,{"stream_name":"stdout","time":2261.286144667,"data":"BIOHUB_RETENTION_GUARD {\"blended_candidates\": 122, \"dataset\": \"44b6_5f15d135\", \"frame\": 88, \"minimum_retention\": 0.9, \"primary_candidates\": 164, \"retention\": 0.7439024390243902, \"use_primary\": true}\n"}
,{"stream_name":"stdout","time":2263.220886534,"data":"BIOHUB_RETENTION_GUARD {\"blended_candidates\": 128, \"dataset\": \"44b6_5f15d135\", \"frame\": 89, \"minimum_retention\": 0.9, \"primary_candidates\": 193, \"retention\": 0.6632124352331606, \"use_primary\": true}\n"}
,{"stream_name":"stdout","time":2263.435008751,"data":"BIOHUB_RETENTION_GUARD {\"blended_candidates\": 128, \"dataset\": \"44b6_5f15d135\", \"frame\": 89, \"minimum_retention\": 0.9, \"primary_candidates\": 193, \"retention\": 0.6632124352331606, \"use_primary\": true}\n"}
,{"stream_name":"stdout","time":2265.414619307,"data":"BIOHUB_RETENTION_GUARD {\"blended_candidates\": 159, \"dataset\": \"44b6_5f15d135\", \"frame\": 90, \"minimum_retention\": 0.9, \"primary_candidates\": 190, \"retention\": 0.8368421052631579, \"use_primary\": true}\n"}
,{"stream_name":"stdout","time":2265.617057931,"data":"BIOHUB_RETENTION_GUARD {\"blended_candidates\": 159, \"dataset\": \"44b6_5f15d135\", \"frame\": 90, \"minimum_retention\": 0.9, \"primary_candidates\": 190, \"retention\": 0.8368421052631579, \"use_primary\": true}\n"}
,{"stream_name":"stdout","time":2267.573159431,"data":"BIOHUB_RETENTION_GUARD {\"blended_candidates\": 131, \"dataset\": \"44b6_5f15d135\", \"frame\": 91, \"minimum_retention\": 0.9, \"primary_candidates\": 186, \"retention\": 0.7043010752688172, \"use_primary\": true}\n"}
,{"stream_name":"stdout","time":2267.776089717,"data":"BIOHUB_RETENTION_GUARD {\"blended_candidates\": 131, \"dataset\": \"44b6_5f15d135\", \"frame\": 91, \"minimum_retention\": 0.9, \"primary_candidates\": 186, \"retention\": 0.7043010752688172, \"use_primary\": true}\n"}
,{"stream_name":"stdout","time":2269.800350819,"data":"BIOHUB_RETENTION_GUARD {\"blended_candidates\": 102, \"dataset\": \"44b6_5f15d135\", \"frame\": 92, \"minimum_retention\": 0.9, \"primary_candidates\": 173, \"retention\": 0.5895953757225434, \"use_primary\": true}\n"}
,{"stream_name":"stdout","time":2270.00340145,"data":"BIOHUB_RETENTION_GUARD {\"blended_candidates\": 102, \"dataset\": \"44b6_5f15d135\", \"frame\": 92, \"minimum_retention\": 0.9, \"primary_candidates\": 173, \"retention\": 0.5895953757225434, \"use_primary\": true}\n"}
,{"stream_name":"stdout","time":2271.959082184,"data":"BIOHUB_RETENTION_GUARD {\"blended_candidates\": 122, \"dataset\": \"44b6_5f15d135\", \"frame\": 93, \"minimum_retention\": 0.9, \"primary_candidates\": 186, \"retention\": 0.6559139784946236, \"use_primary\": true}\n"}
,{"stream_name":"stdout","time":2272.161856956,"data":"BIOHUB_RETENTION_GUARD {\"blended_candidates\": 122, \"dataset\": \"44b6_5f15d135\", \"frame\": 93, \"minimum_retention\": 0.9, \"primary_candidates\": 186, \"retention\": 0.6559139784946236, \"use_primary\": true}\n"}
,{"stream_name":"stdout","time":2274.121570984,"data":"BIOHUB_RETENTION_GUARD {\"blended_candidates\": 148, \"dataset\": \"44b6_5f15d135\", \"frame\": 94, \"minimum_retention\": 0.9, \"primary_candidates\": 197, \"retention\": 0.751269035532995, \"use_primary\": true}\n"}
,{"stream_name":"stdout","time":2274.324066875,"data":"BIOHUB_RETENTION_GUARD {\"blended_candidates\": 148, \"dataset\": \"44b6_5f15d135\", \"frame\": 94, \"minimum_retention\": 0.9, \"primary_candidates\": 197, \"retention\": 0.751269035532995, \"use_primary\": true}\n"}
,{"stream_name":"stdout","time":2276.323647254,"data":"BIOHUB_RETENTION_GUARD {\"blended_candidates\": 123, \"dataset\": \"44b6_5f15d135\", \"frame\": 95, \"minimum_retention\": 0.9, \"primary_candidates\": 167, \"retention\": 0.7365269461077845, \"use_primary\": true}\n"}
,{"stream_name":"stdout","time":2276.526640549,"data":"BIOHUB_RETENTION_GUARD {\"blended_candidates\": 123, \"dataset\": \"44b6_5f15d135\", \"frame\": 95, \"minimum_retention\": 0.9, \"primary_candidates\": 167, \"retention\": 0.7365269461077845, \"use_primary\": true}\n"}
,{"stream_name":"stdout","time":2278.450921277,"data":"BIOHUB_RETENTION_GUARD {\"blended_candidates\": 109, \"dataset\": \"44b6_5f15d135\", \"frame\": 96, \"minimum_retention\": 0.9, \"primary_candidates\": 180, \"retention\": 0.6055555555555555, \"use_primary\": true}\n"}
,{"stream_name":"stdout","time":2278.653563229,"data":"BIOHUB_RETENTION_GUARD {\"blended_candidates\": 109, \"dataset\": \"44b6_5f15d135\", \"frame\": 96, \"minimum_retention\": 0.9, \"primary_candidates\": 180, \"retention\": 0.6055555555555555, \"use_primary\": true}\n"}
,{"stream_name":"stdout","time":2280.637270299,"data":"BIOHUB_RETENTION_GUARD {\"blended_candidates\": 139, \"dataset\": \"44b6_5f15d135\", \"frame\": 97, \"minimum_retention\": 0.9, \"primary_candidates\": 214, \"retention\": 0.6495327102803738, \"use_primary\": true}\n"}
,{"stream_name":"stdout","time":2280.840630334,"data":"BIOHUB_RETENTION_GUARD {\"blended_candidates\": 139, \"dataset\": \"44b6_5f15d135\", \"frame\": 97, \"minimum_retention\": 0.9, \"primary_candidates\": 214, \"retention\": 0.6495327102803738, \"use_primary\": true}\n"}
,{"stream_name":"stdout","time":2282.770603624,"data":"BIOHUB_RETENTION_GUARD {\"blended_candidates\": 114, \"dataset\": \"44b6_5f15d135\", \"frame\": 98, \"minimum_retention\": 0.9, \"primary_candidates\": 193, \"retention\": 0.5906735751295337, \"use_primary\": true}\n"}
,{"stream_name":"stdout","time":2282.973472889,"data":"BIOHUB_RETENTION_GUARD {\"blended_candidates\": 114, \"dataset\": \"44b6_5f15d135\", \"frame\": 98, \"minimum_retention\": 0.9, \"primary_candidates\": 193, \"retention\": 0.5906735751295337, \"use_primary\": true}\n"}
,{"stream_name":"stdout","time":2284.930328668,"data":"BIOHUB_RETENTION_GUARD {\"blended_candidates\": 126, \"dataset\": \"44b6_5f15d135\", \"frame\": 99, \"minimum_retention\": 0.9, \"primary_candidates\": 201, \"retention\": 0.6268656716417911, \"use_primary\": true}\n"}
,{"stream_name":"stdout","time":2285.133016678,"data":"BIOHUB_RETENTION_GUARD {\"blended_candidates\": 126, \"dataset\": \"44b6_5f15d135\", \"frame\": 99, \"minimum_retention\": 0.9, \"primary_candidates\": 201, \"retention\": 0.6268656716417911, \"use_primary\": true}\n"}
,{"stream_name":"stdout","time":2302.799279193,"data":"Saved 6 predictions to /kaggle/working/tracking_repo/predictions/unknown/unet_transformer_train/split_0\n"}
,{"stream_name":"stdout","time":2303.014009831,"data":"Saved 6 predictions to /kaggle/working/tracking_repo/predictions/unknown/unet_transformer_train/split_0\n"}
,{"stream_name":"stdout","time":2304.383517024,"data":"Train prediction completed in 23.61 minutes\n"}
,{"stream_name":"stdout","time":2304.383548829,"data":"Removed train retention log: retention_guard_single.jsonl\n"}
,{"stream_name":"stdout","time":2575.064738517,"data":"Trying DeepCenter add-only gate checkpoint: /kaggle/input/datasets/pilkwang/biohub-deepcenter-unet3d-center-prior-v1/weights/full_frame_center/checkpoint_last.pt\n"}
,{"stream_name":"stdout","time":2576.10986632,"data":"Loaded DeepCenter add-only gate checkpoint: /kaggle/input/datasets/pilkwang/biohub-deepcenter-unet3d-center-prior-v1/weights/full_frame_center/checkpoint_last.pt\n"}
,{"stream_name":"stdout","time":2576.10990672,"data":"DeepCenter checkpoint epoch: 500 best_score: -0.04500306242456039\n"}
,{"stream_name":"stdout","time":2576.10991152,"data":"Collecting division candidates from train subset ...\n"}
,{"stream_name":"stdout","time":2671.403922249,"data":"  44b6_12dfb391: collected so far features=1162 positives=0\n"}
,{"stream_name":"stdout","time":2708.730584814,"data":"  44b6_267148e4: collected so far features=1965 positives=0\n"}
,{"stream_name":"stdout","time":2780.375255176,"data":"  44b6_2a2eff9f: collected so far features=3189 positives=0\n"}
,{"stream_name":"stdout","time":2792.794139038,"data":"  44b6_341df25f: collected so far features=3323 positives=0\n"}
,{"stream_name":"stdout","time":2821.518589855,"data":"  44b6_587a1e22: collected so far features=3744 positives=0\n"}
,{"stream_name":"stdout","time":2859.289868146,"data":"  44b6_5f15d135: collected so far features=4374 positives=0\n"}
,{"stream_name":"stdout","time":2859.2899092,"data":"Division learning data: 4374 candidates, 0 positives\n"}
,{"stream_name":"stdout","time":2860.083270633,"data":"Division verifier report: {\n"}
,{"stream_name":"stdout","time":2860.08331337,"data":"  \"status\": \"ok\",\n"}
,{"stream_name":"stdout","time":2860.083317882,"data":"  \"n_candidates\": 4374,\n"}
,{"stream_name":"stdout","time":2860.083321524,"data":"  \"n_positives\": 0,\n"}
,{"stream_name":"stdout","time":2860.083324807,"data":"  \"n_negatives\": 4374,\n"}
,{"stream_name":"stdout","time":2860.083328147,"data":"  \"auc_cv\": null,\n"}
,{"stream_name":"stdout","time":2860.083331617,"data":"  \"feature_names\": [\n"}
,{"stream_name":"stdout","time":2860.083334856,"data":"    \"parent_dist_um\",\n"}
,{"stream_name":"stdout","time":2860.083338218,"data":"    \"sister_dist_um\",\n"}
,{"stream_name":"stdout","time":2860.083341381,"data":"    \"child_dist_um\",\n"}
,{"stream_name":"stdout","time":2860.083344659,"data":"    \"t\",\n"}
,{"stream_name":"stdout","time":2860.083347826,"data":"    \"deepcenter_candidate\",\n"}
,{"stream_name":"stdout","time":2860.083351063,"data":"    \"deepcenter_child\"\n"}
,{"stream_name":"stdout","time":2860.083354333,"data":"  ],\n"}
,{"stream_name":"stdout","time":2860.083357513,"data":"  \"train_stems\": [\n"}
,{"stream_name":"stdout","time":2860.083361089,"data":"    \"44b6_12dfb391\",\n"}
,{"stream_name":"stdout","time":2860.083364328,"data":"    \"44b6_267148e4\",\n"}
,{"stream_name":"stdout","time":2860.083367522,"data":"    \"44b6_2a2eff9f\",\n"}
,{"stream_name":"stdout","time":2860.083370658,"data":"    \"44b6_341df25f\",\n"}
,{"stream_name":"stdout","time":2860.083373786,"data":"    \"44b6_587a1e22\",\n"}
,{"stream_name":"stdout","time":2860.083376941,"data":"    \"44b6_5f15d135\"\n"}
,{"stream_name":"stdout","time":2860.083380219,"data":"  ]\n"}
,{"stream_name":"stdout","time":2860.083383359,"data":"}\n"}
,{"stream_name":"stdout","time":2860.083386463,"data":"Found 4 prediction graphs\n"}
,{"stream_name":"stdout","time":3148.641621001,"data":"Wrote /kaggle/working/submission.csv with 237,284 rows\n"}
,{"stream_name":"stdout","time":3148.641657043,"data":"Node rows: 120,748 | edge rows: 116,536\n"}
,{"stream_name":"stdout","time":3148.6416619,"data":"Wrote /kaggle/working/run_stats.csv\n"}
,{"stream_name":"stdout","time":3149.374736748,"data":"{\n"}
,{"stream_name":"stdout","time":3149.37477063,"data":"  \"configuration\": {\n"}
,{"stream_name":"stdout","time":3149.374780457,"data":"    \"deepcenter_gap_confirm_min_span_um\": 8.5,\n"}
,{"stream_name":"stdout","time":3149.374784157,"data":"    \"deepcenter_gap_threshold\": 0.25,\n"}
,{"stream_name":"stdout","time":3149.374787467,"data":"    \"detector_threshold\": 0.96875,\n"}
,{"stream_name":"stdout","time":3149.374790859,"data":"    \"edge_candidate_threshold\": 0.48,\n"}
,{"stream_name":"stdout","time":3149.374794143,"data":"    \"fallback_scope\": \"individual_frame\",\n"}
,{"stream_name":"stdout","time":3149.374797541,"data":"    \"gap_close_um\": 5.8,\n"}
,{"stream_name":"stdout","time":3149.374813748,"data":"    \"ilp_appearance_weight\": 0.0,\n"}
,{"stream_name":"stdout","time":3149.374816562,"data":"    \"ilp_disappearance_weight\": 1.5,\n"}
,{"stream_name":"stdout","time":3149.374818996,"data":"    \"minimum_candidate_retention\": 0.9,\n"}
,{"stream_name":"stdout","time":3149.374821407,"data":"    \"secondary_detection_weight\": 0.475,\n"}
,{"stream_name":"stdout","time":3149.374823929,"data":"    \"secondary_edge_weight\": 0.15,\n"}
,{"stream_name":"stdout","time":3149.374826288,"data":"    \"secondary_link_mode\": \"low_margin_consensus\",\n"}
,{"stream_name":"stdout","time":3149.374828789,"data":"    \"secondary_low_margin_max\": 0.35\n"}
,{"stream_name":"stdout","time":3149.374831266,"data":"  },\n"}
,{"stream_name":"stdout","time":3149.374833633,"data":"  \"diagnostics\": {\n"}
,{"stream_name":"stdout","time":3149.374836147,"data":"    \"by_movie\": {\n"}
,{"stream_name":"stdout","time":3149.374838511,"data":"      \"44b6_0113de3b\": {\n"}
,{"stream_name":"stdout","time":3149.374840895,"data":"        \"fallback_frames\": 0,\n"}
,{"stream_name":"stdout","time":3149.374843429,"data":"        \"frames\": 100,\n"}
,{"stream_name":"stdout","time":3149.374845811,"data":"        \"median_retention\": 1.007207417796478,\n"}
,{"stream_name":"stdout","time":3149.374848307,"data":"        \"minimum_retention\": 0.9871244635193133\n"}
,{"stream_name":"stdout","time":3149.374850726,"data":"      },\n"}
,{"stream_name":"stdout","time":3149.374853045,"data":"      \"44b6_0b24845f\": {\n"}
,{"stream_name":"stdout","time":3149.374855431,"data":"        \"fallback_frames\": 60,\n"}
,{"stream_name":"stdout","time":3149.374857799,"data":"        \"frames\": 100,\n"}
,{"stream_name":"stdout","time":3149.374860169,"data":"        \"median_retention\": 0.8875882571534746,\n"}
,{"stream_name":"stdout","time":3149.374862624,"data":"        \"minimum_retention\": 0.5783582089552238\n"}
,{"stream_name":"stdout","time":3149.37486502,"data":"      },\n"}
,{"stream_name":"stdout","time":3149.374867298,"data":"      \"6bba_05b6850b\": {\n"}
,{"stream_name":"stdout","time":3149.374869651,"data":"        \"fallback_frames\": 0,\n"}
,{"stream_name":"stdout","time":3149.374871999,"data":"        \"frames\": 100,\n"}
,{"stream_name":"stdout","time":3149.374874396,"data":"        \"median_retention\": 0.9858091787439613,\n"}
,{"stream_name":"stdout","time":3149.374876807,"data":"        \"minimum_retention\": 0.9\n"}
,{"stream_name":"stdout","time":3149.374879178,"data":"      },\n"}
,{"stream_name":"stdout","time":3149.374881452,"data":"      \"6bba_05db0fb1\": {\n"}
,{"stream_name":"stdout","time":3149.374883797,"data":"        \"fallback_frames\": 0,\n"}
,{"stream_name":"stdout","time":3149.374886144,"data":"        \"frames\": 100,\n"}
,{"stream_name":"stdout","time":3149.374888497,"data":"        \"median_retention\": 1.002805402268323,\n"}
,{"stream_name":"stdout","time":3149.374890911,"data":"        \"minimum_retention\": 0.9774330042313117\n"}
,{"stream_name":"stdout","time":3149.374893345,"data":"      }\n"}
,{"stream_name":"stdout","time":3149.374895643,"data":"    },\n"}
,{"stream_name":"stdout","time":3149.374898002,"data":"    \"fallback_frames\": 60,\n"}
,{"stream_name":"stdout","time":3149.374900373,"data":"    \"rows\": 400\n"}
,{"stream_name":"stdout","time":3149.374902704,"data":"  },\n"}
,{"stream_name":"stdout","time":3149.374905025,"data":"  \"experiment\": \"dual_seed_frame_retention_guard_production_v1\",\n"}
,{"stream_name":"stdout","time":3149.374907624,"data":"  \"hardware\": {\n"}
,{"stream_name":"stdout","time":3149.374910082,"data":"    \"visible_gpu_count\": 2\n"}
,{"stream_name":"stdout","time":3149.3749151,"data":"  },\n"}
,{"stream_name":"stdout","time":3149.374917533,"data":"  \"leaderboard_feedback_used_for_configuration\": false,\n"}
,{"stream_name":"stdout","time":3149.374920016,"data":"  \"method_attribution\": \"Pilkwang Kim public two-seed logit blend plus owned retention guard\",\n"}
,{"stream_name":"stdout","time":3149.374922652,"data":"  \"metric_hack_used\": false,\n"}
,{"stream_name":"stdout","time":3149.374925163,"data":"  \"organizer_labels_used_for_configuration\": false,\n"}
,{"stream_name":"stdout","time":3149.374927973,"data":"  \"parent_experiment\": \"two_seed_center_confirmed_clean_benchmark_v1\",\n"}
,{"stream_name":"stdout","time":3149.374930483,"data":"  \"public_output_used\": false,\n"}
,{"stream_name":"stdout","time":3149.374932903,"data":"  \"source_kernel\": \"pilkwang/biohub-cell-tracking-two-seeds-logit-blend\",\n"}
,{"stream_name":"stdout","time":3149.374935439,"data":"  \"source_notebook_sha256\": \"a2e660c6c5d66af5671643fb0e91b4d19faac5907077837116000daa1fee38ac\",\n"}
,{"stream_name":"stdout","time":3149.374938061,"data":"  \"status\": \"verified_output\",\n"}
,{"stream_name":"stdout","time":3149.37494048,"data":"  \"submission\": {\n"}
,{"stream_name":"stdout","time":3149.374942817,"data":"    \"datasets\": [\n"}
,{"stream_name":"stdout","time":3149.374945201,"data":"      \"44b6_0113de3b\",\n"}
,{"stream_name":"stdout","time":3149.374948944,"data":"      \"44b6_0b24845f\",\n"}
,{"stream_name":"stdout","time":3149.374951346,"data":"      \"6bba_05b6850b\",\n"}
,{"stream_name":"stdout","time":3149.374953688,"data":"      \"6bba_05db0fb1\"\n"}
,{"stream_name":"stdout","time":3149.374956121,"data":"    ],\n"}
,{"stream_name":"stdout","time":3149.374958457,"data":"    \"rows\": 237284,\n"}
,{"stream_name":"stdout","time":3149.374960869,"data":"    \"sha256\": \"5f4ec83d56b9fd0620473eed1e92a5a59932bf1c64e231111073ec008de2f7bc\"\n"}
,{"stream_name":"stdout","time":3149.374963429,"data":"  },\n"}
,{"stream_name":"stdout","time":3149.374965696,"data":"  \"topology\": {\n"}
,{"stream_name":"stdout","time":3149.374968101,"data":"    \"44b6_0113de3b\": {\n"}
,{"stream_name":"stdout","time":3149.374970473,"data":"      \"division_parents\": 89,\n"}
,{"stream_name":"stdout","time":3149.374972874,"data":"      \"edges\": 24656,\n"}
,{"stream_name":"stdout","time":3149.37501147,"data":"      \"max_indegree\": 1,\n"}
,{"stream_name":"stdout","time":3149.375016102,"data":"      \"max_outdegree\": 2,\n"}
,{"stream_name":"stdout","time":3149.375022943,"data":"      \"nodes\": 25361\n"}
,{"stream_name":"stdout","time":3149.375025948,"data":"    },\n"}
,{"stream_name":"stdout","time":3149.375028251,"data":"    \"44b6_0b24845f\": {\n"}
,{"stream_name":"stdout","time":3149.375030619,"data":"      \"division_parents\": 77,\n"}
,{"stream_name":"stdout","time":3149.375033007,"data":"      \"edges\": 18366,\n"}
,{"stream_name":"stdout","time":3149.375035471,"data":"      \"max_indegree\": 1,\n"}
,{"stream_name":"stdout","time":3149.375037893,"data":"      \"max_outdegree\": 2,\n"}
,{"stream_name":"stdout","time":3149.375040289,"data":"      \"nodes\": 19622\n"}
,{"stream_name":"stdout","time":3149.375042673,"data":"    },\n"}
,{"stream_name":"stdout","time":3149.375044961,"data":"    \"6bba_05b6850b\": {\n"}
,{"stream_name":"stdout","time":3149.375047316,"data":"      \"division_parents\": 14,\n"}
,{"stream_name":"stdout","time":3149.375049723,"data":"      \"edges\": 5957,\n"}
,{"stream_name":"stdout","time":3149.375052063,"data":"      \"max_indegree\": 1,\n"}
,{"stream_name":"stdout","time":3149.375057897,"data":"      \"max_outdegree\": 2,\n"}
,{"stream_name":"stdout","time":3149.375060423,"data":"      \"nodes\": 6159\n"}
,{"stream_name":"stdout","time":3149.375062787,"data":"    },\n"}
,{"stream_name":"stdout","time":3149.375065087,"data":"    \"6bba_05db0fb1\": {\n"}
,{"stream_name":"stdout","time":3149.375067452,"data":"      \"division_parents\": 204,\n"}
,{"stream_name":"stdout","time":3149.375069865,"data":"      \"edges\": 67557,\n"}
,{"stream_name":"stdout","time":3149.375072366,"data":"      \"max_indegree\": 1,\n"}
,{"stream_name":"stdout","time":3149.375074751,"data":"      \"max_outdegree\": 2,\n"}
,{"stream_name":"stdout","time":3149.375077115,"data":"      \"nodes\": 69606\n"}
,{"stream_name":"stdout","time":3149.375079565,"data":"    }\n"}
,{"stream_name":"stdout","time":3149.37508188,"data":"  }\n"}
,{"stream_name":"stdout","time":3149.375084205,"data":"}\n"}
,{"stream_name":"stderr","time":3154.87567983,"data":"/usr/local/lib/python3.12/dist-packages/mistune.py:435: SyntaxWarning: invalid escape sequence '\\|'\n"}
,{"stream_name":"stderr","time":3154.875717968,"data":"  cells[i][c] = re.sub('\\\\\\\\\\|', '|', cell)\n"}
,{"stream_name":"stderr","time":3155.024680128,"data":"/usr/local/lib/python3.12/dist-packages/nbconvert/filters/filter_links.py:36: SyntaxWarning: invalid escape sequence '\\_'\n"}
,{"stream_name":"stderr","time":3155.024709377,"data":"  text = re.sub(r'_', '\\_', text) # Escape underscores in display text\n"}
,{"stream_name":"stderr","time":3155.737420755,"data":"[NbConvertApp] Converting notebook __notebook__.ipynb to notebook\n"}
,{"stream_name":"stderr","time":3156.085181345,"data":"[NbConvertApp] Writing 271323 bytes to __notebook__.ipynb\n"}
,{"stream_name":"stderr","time":3158.674883015,"data":"[NbConvertApp] Converting notebook __notebook__.ipynb to html\n"}
,{"stream_name":"stderr","time":3160.141731874,"data":"[NbConvertApp] Writing 1041044 bytes to __results__.html\n"}
]