[{"stream_name":"stderr","time":6.379191595,"data":"0.00s - Debugger warning: It seems that frozen modules are being used, which may\n"}
,{"stream_name":"stderr","time":6.379286443,"data":"0.00s - make the debugger miss breakpoints. Please pass -Xfrozen_modules=off\n"}
,{"stream_name":"stderr","time":6.37929117,"data":"0.00s - to python to disable frozen modules.\n"}
,{"stream_name":"stderr","time":6.379293857,"data":"0.00s - Note: Debugging will proceed. Set PYDEVD_DISABLE_FILE_VALIDATION=1 to disable this validation.\n"}
,{"stream_name":"stderr","time":6.943803731,"data":"0.00s - Debugger warning: It seems that frozen modules are being used, which may\n"}
,{"stream_name":"stderr","time":6.943833139,"data":"0.00s - make the debugger miss breakpoints. Please pass -Xfrozen_modules=off\n"}
,{"stream_name":"stderr","time":6.943836988,"data":"0.00s - to python to disable frozen modules.\n"}
,{"stream_name":"stderr","time":6.943839796,"data":"0.00s - Note: Debugging will proceed. Set PYDEVD_DISABLE_FILE_VALIDATION=1 to disable this validation.\n"}
,{"stream_name":"stdout","time":7.956243463,"data":"BIOHUB_PRESET: harmonic_v3_division_wide\n"}
,{"stream_name":"stdout","time":7.956286656,"data":"BIOHUB_SCORE_AXIS: public 0.939 base + holdout-selected post-process configuration\n"}
,{"stream_name":"stdout","time":7.979670786,"data":"Configuration guard: PASS\n"}
,{"stream_name":"stdout","time":7.979709272,"data":"Baseline: fixed-90 dual-seed clean pipeline (public LB 0.913)\n"}
,{"stream_name":"stdout","time":7.979716513,"data":"Single model-level change: harmonic mutual-support association fusion\n"}
,{"stream_name":"stdout","time":7.97972058,"data":"Reverse-time association weight: 0.200\n"}
,{"stream_name":"stdout","time":8.709544889,"data":"Biohub learned UNet + node-transformer + ILP submission\n"}
,{"stream_name":"stdout","time":8.709578325,"data":"COMP_DIR: /kaggle/input/competitions/biohub-cell-tracking-during-development exists: True\n"}
,{"stream_name":"stdout","time":8.70958329,"data":"TEST_DIR: /kaggle/input/competitions/biohub-cell-tracking-during-development/test exists: True\n"}
,{"stream_name":"stdout","time":8.709587189,"data":"{\n"}
,{"stream_name":"stdout","time":8.709594585,"data":"  \"adaptive_short_track_rescue\": true,\n"}
,{"stream_name":"stdout","time":8.709597364,"data":"  \"allow_artifact_fallback\": false,\n"}
,{"stream_name":"stdout","time":8.709599683,"data":"  \"allow_pip_install\": false,\n"}
,{"stream_name":"stdout","time":8.709602,"data":"  \"deepcenter_checkpoint_default\": \"/kaggle/input/biohub-deepcenter-unet3d-center-prior-v1/weights/full_frame_center/best.pt\",\n"}
,{"stream_name":"stdout","time":8.709604624,"data":"  \"deepcenter_expected_epoch\": 2,\n"}
,{"stream_name":"stdout","time":8.709607006,"data":"  \"deepcenter_gap_add_gate\": true,\n"}
,{"stream_name":"stdout","time":8.709609436000001,"data":"  \"deepcenter_gap_confirm_min_span_um\": 8.5,\n"}
,{"stream_name":"stdout","time":8.709611863,"data":"  \"deepcenter_gap_threshold\": 0.25,\n"}
,{"stream_name":"stdout","time":8.709614202000001,"data":"  \"deepcenter_safe_div_add_gate\": true,\n"}
,{"stream_name":"stdout","time":8.709616524,"data":"  \"deepcenter_safe_div_threshold\": 0.25,\n"}
,{"stream_name":"stdout","time":8.709618793,"data":"  \"det_threshold\": 0.965,\n"}
,{"stream_name":"stdout","time":8.709621051,"data":"  \"div_drop_to_single_if_bad\": true,\n"}
,{"stream_name":"stdout","time":8.709623294,"data":"  \"div_parent_max_um\": 10.5,\n"}
,{"stream_name":"stdout","time":8.709625594,"data":"  \"div_sister_max_um\": 8.0,\n"}
,{"stream_name":"stdout","time":8.709627888,"data":"  \"experiment_tag\": \"selected_101_dual_seed_near_balanced_center_confirmed_synthetic_gap\",\n"}
,{"stream_name":"stdout","time":8.709641479,"data":"  \"gap2_frame_frac_cap\": 0.006,\n"}
,{"stream_name":"stdout","time":8.709644023,"data":"  \"gap2_max_links_abs\": 180,\n"}
,{"stream_name":"stdout","time":8.709646329,"data":"  \"gap2_max_links_frac\": 0.0045,\n"}
,{"stream_name":"stdout","time":8.709648594,"data":"  \"gap2_max_step_um\": 4.4,\n"}
,{"stream_name":"stdout","time":8.709650855,"data":"  \"gap2_max_total_um\": 10.2,\n"}
,{"stream_name":"stdout","time":8.709653058,"data":"  \"gap2_require_context\": true,\n"}
,{"stream_name":"stdout","time":8.709655428,"data":"  \"gap_close_effective_max_gap\": 1,\n"}
,{"stream_name":"stdout","time":8.709658162,"data":"  \"gap_close_max_added_abs\": 2000,\n"}
,{"stream_name":"stdout","time":8.709671473,"data":"  \"gap_close_max_added_frac\": 0.05,\n"}
,{"stream_name":"stdout","time":8.709675736,"data":"  \"gap_close_max_gap\": 2,\n"}
,{"stream_name":"stdout","time":8.709679191,"data":"  \"gap_close_reuse_existing\": true,\n"}
,{"stream_name":"stdout","time":8.709683748,"data":"  \"gap_close_reuse_um\": 3.2,\n"}
,{"stream_name":"stdout","time":8.709687724,"data":"  \"gap_close_um\": 5.0,\n"}
,{"stream_name":"stdout","time":8.7096911,"data":"  \"gap_density_adaptive\": true,\n"}
,{"stream_name":"stdout","time":8.709694484,"data":"  \"gap_density_gain\": 0.04,\n"}
,{"stream_name":"stdout","time":8.709697915,"data":"  \"gap_density_max_step_delta_um\": 0.125,\n"}
,{"stream_name":"stdout","time":8.709701386999999,"data":"  \"gap_density_neighbors\": 3,\n"}
,{"stream_name":"stdout","time":8.709704741,"data":"  \"gap_density_reference_um\": 6.5,\n"}
,{"stream_name":"stdout","time":8.70970815,"data":"  \"gap_refine_max_shift_um\": 3.2,\n"}
,{"stream_name":"stdout","time":8.709711521,"data":"  \"gap_refine_synthetic\": true,\n"}
,{"stream_name":"stdout","time":8.709714886,"data":"  \"gap_refine_win_yx\": 3,\n"}
,{"stream_name":"stdout","time":8.709718248,"data":"  \"gap_refine_win_z\": 1,\n"}
,{"stream_name":"stdout","time":8.709721798,"data":"  \"ilp_appearance_weight\": 0.0,\n"}
,{"stream_name":"stdout","time":8.709725268,"data":"  \"ilp_disappearance_weight\": 2.0,\n"}
,{"stream_name":"stdout","time":8.709728675000001,"data":"  \"ilp_division_weight\": 1.2,\n"}
,{"stream_name":"stdout","time":8.709735804,"data":"  \"ilp_edge_weight\": -1.0,\n"}
,{"stream_name":"stdout","time":8.709738383,"data":"  \"method\": \"unet_transformer\",\n"}
,{"stream_name":"stdout","time":8.709740822,"data":"  \"motion_relink_learned_bonus\": 1.0,\n"}
,{"stream_name":"stdout","time":8.709743148,"data":"  \"motion_relink_max_frame_nodes\": 2600,\n"}
,{"stream_name":"stdout","time":8.709745427,"data":"  \"motion_relink_relaxed_um\": 10.0,\n"}
,{"stream_name":"stdout","time":8.709747811,"data":"  \"motion_relink_tight_um\": 6.0,\n"}
,{"stream_name":"stdout","time":8.709750397,"data":"  \"motion_relink_velocity_weight\": 0.5,\n"}
,{"stream_name":"stdout","time":8.709763019,"data":"  \"output_division_geometry_filter\": false,\n"}
,{"stream_name":"stdout","time":8.709767129,"data":"  \"output_edge_max_um\": 14.0,\n"}
,{"stream_name":"stdout","time":8.709772795,"data":"  \"output_enforce_next_frame\": true,\n"}
,{"stream_name":"stdout","time":8.709777052,"data":"  \"output_filter_short_tracks\": true,\n"}
,{"stream_name":"stdout","time":8.709781005,"data":"  \"output_gap2_recovery\": true,\n"}
,{"stream_name":"stdout","time":8.709784421,"data":"  \"output_gap_close\": true,\n"}
,{"stream_name":"stdout","time":8.709787819,"data":"  \"output_keep_division_components\": true,\n"}
,{"stream_name":"stdout","time":8.709799129,"data":"  \"output_linefit_smooth\": true,\n"}
,{"stream_name":"stdout","time":8.70980271,"data":"  \"output_linefit_weight\": 0.8,\n"}
,{"stream_name":"stdout","time":8.709806149,"data":"  \"output_linefit_window\": 2,\n"}
,{"stream_name":"stdout","time":8.709809508,"data":"  \"output_min_track_len\": 6,\n"}
,{"stream_name":"stdout","time":8.709812922,"data":"  \"output_motion_relink\": true,\n"}
,{"stream_name":"stdout","time":8.709816274,"data":"  \"output_prune_isolated\": true,\n"}
,{"stream_name":"stdout","time":8.709819687,"data":"  \"output_safe_divisions\": true,\n"}
,{"stream_name":"stdout","time":8.709823049,"data":"  \"output_single_child_repair\": false,\n"}
,{"stream_name":"stdout","time":8.709826507,"data":"  \"output_single_parent_repair\": true,\n"}
,{"stream_name":"stdout","time":8.709846225,"data":"  \"primary_artifact_manifest\": \"/kaggle/input/datasets/pilkwang/biohub-tracking-support-pack-50ep-v1/ARTIFACT_MANIFEST.json\",\n"}
,{"stream_name":"stdout","time":8.709850889,"data":"  \"safe_div_existing_child_max_um\": 10.0,\n"}
,{"stream_name":"stdout","time":8.709855577,"data":"  \"safe_div_frame_frac_cap\": 0.0076,\n"}
,{"stream_name":"stdout","time":8.709860119,"data":"  \"safe_div_global_frac_cap\": 0.00375,\n"}
,{"stream_name":"stdout","time":8.709864409,"data":"  \"safe_div_max_um\": 9.0,\n"}
,{"stream_name":"stdout","time":8.709868049,"data":"  \"safe_div_sister_max_um\": 14.0,\n"}
,{"stream_name":"stdout","time":8.709871639,"data":"  \"short_track_rescue_max_mean_edge_dist_um\": 3.0,\n"}
,{"stream_name":"stdout","time":8.709875356,"data":"  \"short_track_rescue_max_nodes_abs\": 120,\n"}
,{"stream_name":"stdout","time":8.709879025,"data":"  \"short_track_rescue_max_nodes_frac\": 0.012,\n"}
,{"stream_name":"stdout","time":8.709882815,"data":"  \"short_track_rescue_min_len\": 4,\n"}
,{"stream_name":"stdout","time":8.709886538,"data":"  \"short_track_rescue_min_mean_edge_prob\": 0.88,\n"}
,{"stream_name":"stdout","time":8.709890243,"data":"  \"short_track_rescue_trigger_removed_frac\": 0.1,\n"}
,{"stream_name":"stdout","time":8.709893937,"data":"  \"slice\": \"\",\n"}
,{"stream_name":"stdout","time":8.709897585,"data":"  \"target_artifact_slug\": \"biohub-tracking-support-pack-50ep-v1\",\n"}
,{"stream_name":"stdout","time":8.70990136,"data":"  \"unet_batch_size\": 4,\n"}
,{"stream_name":"stdout","time":8.709904989,"data":"  \"use_deepcenter_add_only_gate\": true,\n"}
,{"stream_name":"stdout","time":8.709908637,"data":"  \"use_ilp\": true,\n"}
,{"stream_name":"stdout","time":8.709912237,"data":"  \"weights\": \"weights/unet_transformer/split_0/edge_predictor_best.pth\"\n"}
,{"stream_name":"stdout","time":8.709916155,"data":"}\n"}
,{"stream_name":"stdout","time":8.910064047,"data":"ARTIFACTS: /kaggle/input/datasets/pilkwang/biohub-tracking-support-pack-50ep-v1\n"}
,{"stream_name":"stdout","time":8.91008736,"data":"Has offline wheels: True\n"}
,{"stream_name":"stdout","time":8.91009177,"data":"Artifact name: biohub-tracking-support-pack-400ep-snapshot-v1\n"}
,{"stream_name":"stdout","time":8.910095703,"data":"Weight sha256: 12f6881ee3620a831697ca098ff8f48e687a24225f4e048b538deec3562fe771\n"}
,{"stream_name":"stdout","time":8.91009934,"data":"Weight path: weights/unet_transformer/split_0/edge_predictor_best.pth\n"}
,{"stream_name":"stdout","time":9.605316353,"data":"Installing missing packages from offline package dirs: ['polars']\n"}
,{"stream_name":"stdout","time":9.605357708,"data":"Dependency resolver is disabled with --no-deps to avoid replacing Kaggle numpy/scipy in a live kernel.\n"}
,{"stream_name":"stdout","time":9.60537498,"data":"Offline package dirs: ['/kaggle/input/datasets/pilkwang/biohub-tracking-support-pack-50ep-v1/wheels']\n"}
,{"stream_name":"stdout","time":14.642394808,"data":"Offline dependency install succeeded.\n"}
,{"stream_name":"stdout","time":14.642434628,"data":"Installing missing packages from offline package dirs: ['tracksdata', 'zarr', 'pyscipopt', 'geff', 'geff_spec', 'ilpy', 'imagecodecs', 'rustworkx', 'numcodecs', 'donfig', 'bidict']\n"}
,{"stream_name":"stdout","time":14.642441256,"data":"Dependency resolver is disabled with --no-deps to avoid replacing Kaggle numpy/scipy in a live kernel.\n"}
,{"stream_name":"stdout","time":14.6424465,"data":"Offline package dirs: ['/kaggle/input/datasets/pilkwang/biohub-tracking-support-pack-50ep-v1/wheels']\n"}
,{"stream_name":"stdout","time":35.573297382,"data":"Offline dependency install succeeded.\n"}
,{"stream_name":"stderr","time":42.643269848,"data":"/usr/local/lib/python3.12/dist-packages/dask/array/image.py:7: FutureWarning: `find_available_plugins` is deprecated since version 0.25 and will be removed in version 0.27. The plugin infrastructure of `skimage.io` is deprecated. Instead, use `imageio` or other I/O packages directly.\n"}
,{"stream_name":"stderr","time":42.643307595,"data":"  from skimage.io import imread as sk_imread\n"}
,{"stream_name":"stderr","time":42.643312917,"data":"/usr/lib/python3.12/importlib/__init__.py:90: FutureWarning: `reset_plugins` is deprecated since version 0.25 and will be removed in version 0.27. The plugin infrastructure of `skimage.io` is deprecated. Instead, use `imageio` or other I/O packages directly.\n"}
,{"stream_name":"stderr","time":42.643317321,"data":"  return _bootstrap._gcd_import(name[level:], package, level)\n"}
,{"stream_name":"stderr","time":42.643321067,"data":"\n"}
,{"stream_name":"stderr","time":42.643324766,"data":"/usr/local/lib/python3.12/dist-packages/dask/array/image.py:7: FutureWarning: `find_available_plugins` is deprecated since version 0.25 and will be removed in version 0.27. The plugin infrastructure of `skimage.io` is deprecated. Instead, use `imageio` or other I/O packages directly.\n"}
,{"stream_name":"stderr","time":42.643329067,"data":"  from skimage.io import imread as sk_imread\n"}
,{"stream_name":"stderr","time":42.643332684,"data":"/usr/lib/python3.12/importlib/__init__.py:90: FutureWarning: `reset_plugins` is deprecated since version 0.25 and will be removed in version 0.27. The plugin infrastructure of `skimage.io` is deprecated. Instead, use `imageio` or other I/O packages directly.\n"}
,{"stream_name":"stderr","time":42.643336744,"data":"  return _bootstrap._gcd_import(name[level:], package, level)\n"}
,{"stream_name":"stdout","time":42.833841797,"data":"Required graph/Zarr/ILP packages import successfully.\n"}
,{"stream_name":"stdout","time":42.833877519,"data":"Inference repo: /kaggle/working/tracking_repo\n"}
,{"stream_name":"stdout","time":42.833888617,"data":"Weights: /kaggle/working/tracking_repo/weights/unet_transformer/split_0/edge_predictor_best.pth\n"}
,{"stream_name":"stdout","time":43.428317366,"data":"Support repo Python manifest SHA256: 978b626d1fd1e7397435a437dfe68691defe1572fc3c20e61012d7c9b52ed029\n"}
,{"stream_name":"stdout","time":43.428370904,"data":"Primary materialized SHA256: 12f6881ee3620a831697ca098ff8f48e687a24225f4e048b538deec3562fe771\n"}
,{"stream_name":"stdout","time":43.428378234,"data":"DeepCenter materialized SHA256: 8040999a92f6b7bbd98fa8cf458141e045c0f9ad7c936bdb3b18e1f7edafe2a0\n"}
,{"stream_name":"stdout","time":306.009072704,"data":"Secondary artifact: /kaggle/input/datasets/pilkwang/biohub-temporal-unet3d-seed314159-v1\n"}
,{"stream_name":"stdout","time":306.009110869,"data":"Secondary weight: /kaggle/working/secondary_seed_weights/unet_transformer/split_0/edge_predictor_best.pth\n"}
,{"stream_name":"stdout","time":306.009125036,"data":"Secondary SHA256: 9bac2fa0dadc4a6fc1899e0caf187f4b553e0a7cd90ba1261a68b35ffe9e305f\n"}
,{"stream_name":"stdout","time":306.009129314,"data":"Secondary edge-logit weight: 0.15\n"}
,{"stream_name":"stdout","time":306.009133334,"data":"Runtime integrity receipt: /kaggle/working/bidirectional_production_runtime_integrity.json\n"}
,{"stream_name":"stdout","time":309.997051573,"data":"CUDA device: Tesla T4\n"}
,{"stream_name":"stdout","time":309.997080177,"data":"TTA patch applied (400ep spatial D4-style)\n"}
,{"stream_name":"stdout","time":309.997084697,"data":"Calibrated dual-seed runtime patch applied\n"}
,{"stream_name":"stdout","time":309.997089002,"data":"Frozen frame retention guard applied at 0.90\n"}
,{"stream_name":"stdout","time":309.99709446,"data":"Bidirectional harmonic-probability association fusion applied | weight= 0.15\n"}
,{"stream_name":"stdout","time":309.997102238,"data":"Pre-ILP detector-coordinate manifest hook applied\n"}
,{"stream_name":"stdout","time":309.997104907,"data":"EDGE_TTA patch installed and enabled in /kaggle/working/tracking_repo/scripts/predict_unet_transformer.py\n"}
,{"stream_name":"stdout","time":309.997107402,"data":"secondary edge-feature TTA patch installed and enabled\n"}
,{"stream_name":"stdout","time":310.002551207,"data":"Found 4 test videos\n"}
,{"stream_name":"stdout","time":310.002571931,"data":"['44b6_0113de3b', '44b6_0b24845f', '6bba_05b6850b', '6bba_05db0fb1']\n"}
,{"stream_name":"stdout","time":310.002576747,"data":"Launching 2 independent video shards on CUDA devices ['0', '1']\n"}
,{"stream_name":"stdout","time":310.002581397,"data":"GPU shard 0: CUDA_VISIBLE_DEVICES=0 | /usr/bin/python3 scripts/predict_unet_transformer.py --data-dir /kaggle/input/competitions/biohub-cell-tracking-during-development/test --splits kaggle_test_splits_50ep.json --split 0 --weights weights/unet_transformer/split_0/edge_predictor_best.pth --unet-batch-size 4 --det-threshold 0.965 --ilp-edge-weight -1.0 --ilp-appearance-weight 0.0 --ilp-disappearance-weight 2.0 --ilp-division-weight 1.2 --use-ilp --method unet_transformer_gpu0 --slice 0::2\n"}
,{"stream_name":"stdout","time":310.004366656,"data":"GPU shard 1: CUDA_VISIBLE_DEVICES=1 | /usr/bin/python3 scripts/predict_unet_transformer.py --data-dir /kaggle/input/competitions/biohub-cell-tracking-during-development/test --splits kaggle_test_splits_50ep.json --split 0 --weights weights/unet_transformer/split_0/edge_predictor_best.pth --unet-batch-size 4 --det-threshold 0.965 --ilp-edge-weight -1.0 --ilp-appearance-weight 0.0 --ilp-disappearance-weight 2.0 --ilp-division-weight 1.2 --use-ilp --method unet_transformer_gpu1 --slice 1::2\n"}
,{"stream_name":"stderr","time":315.298833117,"data":"/usr/local/lib/python3.12/dist-packages/dask/array/image.py:7: FutureWarning: `find_available_plugins` is deprecated since version 0.25 and will be removed in version 0.27. The plugin infrastructure of `skimage.io` is deprecated. Instead, use `imageio` or other I/O packages directly.\n"}
,{"stream_name":"stderr","time":315.298940794,"data":"  from skimage.io import imread as sk_imread\n"}
,{"stream_name":"stderr","time":315.30143456,"data":"/usr/local/lib/python3.12/dist-packages/dask/array/image.py:7: FutureWarning: `find_available_plugins` is deprecated since version 0.25 and will be removed in version 0.27. The plugin infrastructure of `skimage.io` is deprecated. Instead, use `imageio` or other I/O packages directly.\n"}
,{"stream_name":"stderr","time":315.301456373,"data":"  from skimage.io import imread as sk_imread\n"}
,{"stream_name":"stderr","time":315.303948074,"data":"/usr/lib/python3.12/importlib/__init__.py:90: FutureWarning: `reset_plugins` is deprecated since version 0.25 and will be removed in version 0.27. The plugin infrastructure of `skimage.io` is deprecated. Instead, use `imageio` or other I/O packages directly.\n"}
,{"stream_name":"stderr","time":315.303982959,"data":"  return _bootstrap._gcd_import(name[level:], package, level)\n"}
,{"stream_name":"stderr","time":315.306629813,"data":"/usr/lib/python3.12/importlib/__init__.py:90: FutureWarning: `reset_plugins` is deprecated since version 0.25 and will be removed in version 0.27. The plugin infrastructure of `skimage.io` is deprecated. Instead, use `imageio` or other I/O packages directly.\n"}
,{"stream_name":"stderr","time":315.306646527,"data":"  return _bootstrap._gcd_import(name[level:], package, level)\n"}
,{"stream_name":"stderr","time":315.501289342,"data":"/usr/local/lib/python3.12/dist-packages/dask/array/image.py:7: FutureWarning: `find_available_plugins` is deprecated since version 0.25 and will be removed in version 0.27. The plugin infrastructure of `skimage.io` is deprecated. Instead, use `imageio` or other I/O packages directly.\n"}
,{"stream_name":"stderr","time":315.501328967,"data":"  from skimage.io import imread as sk_imread\n"}
,{"stream_name":"stderr","time":315.501332604,"data":"/usr/local/lib/python3.12/dist-packages/dask/array/image.py:7: FutureWarning: `find_available_plugins` is deprecated since version 0.25 and will be removed in version 0.27. The plugin infrastructure of `skimage.io` is deprecated. Instead, use `imageio` or other I/O packages directly.\n"}
,{"stream_name":"stderr","time":315.501335722,"data":"  from skimage.io import imread as sk_imread\n"}
,{"stream_name":"stderr","time":315.501338199,"data":"/usr/lib/python3.12/importlib/__init__.py:90: FutureWarning: `reset_plugins` is deprecated since version 0.25 and will be removed in version 0.27. The plugin infrastructure of `skimage.io` is deprecated. Instead, use `imageio` or other I/O packages directly.\n"}
,{"stream_name":"stderr","time":315.501341033,"data":"  return _bootstrap._gcd_import(name[level:], package, level)\n"}
,{"stream_name":"stderr","time":315.501343527,"data":"/usr/lib/python3.12/importlib/__init__.py:90: FutureWarning: `reset_plugins` is deprecated since version 0.25 and will be removed in version 0.27. The plugin infrastructure of `skimage.io` is deprecated. Instead, use `imageio` or other I/O packages directly.\n"}
,{"stream_name":"stderr","time":315.501346462,"data":"  return _bootstrap._gcd_import(name[level:], package, level)\n"}
,{"stream_name":"stderr","time":315.501348921,"data":"\n"}
,{"stream_name":"stderr","time":315.501351309,"data":"/usr/local/lib/python3.12/dist-packages/dask/array/image.py:7: FutureWarning: `find_available_plugins` is deprecated since version 0.25 and will be removed in version 0.27. The plugin infrastructure of `skimage.io` is deprecated. Instead, use `imageio` or other I/O packages directly.\n"}
,{"stream_name":"stderr","time":315.501354201,"data":"  from skimage.io import imread as sk_imread\n"}
,{"stream_name":"stderr","time":315.501356591,"data":"/usr/local/lib/python3.12/dist-packages/dask/array/image.py:7: FutureWarning: `find_available_plugins` is deprecated since version 0.25 and will be removed in version 0.27. The plugin infrastructure of `skimage.io` is deprecated. Instead, use `imageio` or other I/O packages directly.\n"}
,{"stream_name":"stderr","time":315.50135954,"data":"  from skimage.io import imread as sk_imread\n"}
,{"stream_name":"stderr","time":315.501362776,"data":"/usr/lib/python3.12/importlib/__init__.py:90: FutureWarning: `reset_plugins` is deprecated since version 0.25 and will be removed in version 0.27. The plugin infrastructure of `skimage.io` is deprecated. Instead, use `imageio` or other I/O packages directly.\n"}
,{"stream_name":"stderr","time":315.50136571,"data":"  return _bootstrap._gcd_import(name[level:], package, level)\n"}
,{"stream_name":"stderr","time":315.501382955,"data":"/usr/lib/python3.12/importlib/__init__.py:90: FutureWarning: `reset_plugins` is deprecated since version 0.25 and will be removed in version 0.27. The plugin infrastructure of `skimage.io` is deprecated. Instead, use `imageio` or other I/O packages directly.\n"}
,{"stream_name":"stderr","time":315.501386133,"data":"  return _bootstrap._gcd_import(name[level:], package, level)\n"}
,{"stream_name":"stdout","time":316.033636756,"data":"Secondary model: /kaggle/working/secondary_seed_weights/unet_transformer/split_0/edge_predictor_best.pth | edge weight=0.150 | detection weight=0.800 | link mode=low_margin_consensus | temperature=1.000 | low-margin max=0.350 | edge threshold=0.480\n"}
,{"stream_name":"stdout","time":316.033935962,"data":"Fold 0: 2 datasets | weights=weights/unet_transformer/split_0/edge_predictor_best.pth | device=cuda | window_size=2 | pool_kernel_um=3.0\n"}
,{"stream_name":"stdout","time":316.034889865,"data":"Secondary model: /kaggle/working/secondary_seed_weights/unet_transformer/split_0/edge_predictor_best.pth | edge weight=0.150 | detection weight=0.800 | link mode=low_margin_consensus | temperature=1.000 | low-margin max=0.350 | edge threshold=0.480\n"}
,{"stream_name":"stdout","time":316.034903376,"data":"Fold 0: 2 datasets | weights=weights/unet_transformer/split_0/edge_predictor_best.pth | device=cuda | window_size=2 | pool_kernel_um=3.0\n"}
,{"stream_name":"stdout","time":316.23598819,"data":"Secondary model: /kaggle/working/secondary_seed_weights/unet_transformer/split_0/edge_predictor_best.pth | edge weight=0.150 | detection weight=0.800 | link mode=low_margin_consensus | temperature=1.000 | low-margin max=0.350 | edge threshold=0.480\n"}
,{"stream_name":"stdout","time":316.236014984,"data":"Fold 0: 2 datasets | weights=weights/unet_transformer/split_0/edge_predictor_best.pth | device=cuda | window_size=2 | pool_kernel_um=3.0\n"}
,{"stream_name":"stdout","time":316.236018586,"data":"Secondary model: /kaggle/working/secondary_seed_weights/unet_transformer/split_0/edge_predictor_best.pth | edge weight=0.150 | detection weight=0.800 | link mode=low_margin_consensus | temperature=1.000 | low-margin max=0.350 | edge threshold=0.480\n"}
,{"stream_name":"stdout","time":316.236037082,"data":"Fold 0: 2 datasets | weights=weights/unet_transformer/split_0/edge_predictor_best.pth | device=cuda | window_size=2 | pool_kernel_um=3.0\n"}
,{"stream_name":"stdout","time":317.895898459,"data":"EDGE_TTA_ACTIVE views= 8 mean_abs_feat_delta= 0.360585\n"}
,{"stream_name":"stdout","time":317.895950218,"data":"EDGE_TTA_ACTIVE views= 8 mean_abs_feat_delta= 0.323238\n"}
,{"stream_name":"stdout","time":318.098549104,"data":"EDGE_TTA_ACTIVE views= 8 mean_abs_feat_delta= 0.360585\n"}
,{"stream_name":"stdout","time":318.098605379,"data":"EDGE_TTA_ACTIVE views= 8 mean_abs_feat_delta= 0.323238\n"}
,{"stream_name":"stdout","time":318.756314853,"data":"SECONDARY_EDGE_TTA_ACTIVE views= 8 weight= 0.75 mean_abs_feat_delta= 0.28166\n"}
,{"stream_name":"stdout","time":318.756648078,"data":"SECONDARY_EDGE_TTA_ACTIVE views= 8 weight= 0.75 mean_abs_feat_delta= 0.230737\n"}
,{"stream_name":"stdout","time":318.85372097,"data":"BIOHUB_RETENTION_GUARD {\"blended_candidates\": 387, \"dataset\": \"44b6_0b24845f\", \"frame\": 0, \"minimum_retention\": 0.9, \"primary_candidates\": 465, \"retention\": 0.832258064516129, \"use_primary\": true}\n"}
,{"stream_name":"stdout","time":318.855196336,"data":"BIOHUB_RETENTION_GUARD {\"blended_candidates\": 391, \"dataset\": \"44b6_0b24845f\", \"frame\": 1, \"minimum_retention\": 0.9, \"primary_candidates\": 444, \"retention\": 0.8806306306306306, \"use_primary\": true}\n"}
,{"stream_name":"stdout","time":318.959668056,"data":"SECONDARY_EDGE_TTA_ACTIVE views= 8 weight= 0.75 mean_abs_feat_delta= 0.28166\n"}
,{"stream_name":"stdout","time":318.959712228,"data":"SECONDARY_EDGE_TTA_ACTIVE views= 8 weight= 0.75 mean_abs_feat_delta= 0.230737\n"}
,{"stream_name":"stdout","time":318.959718603,"data":"BIOHUB_RETENTION_GUARD {\"blended_candidates\": 387, \"dataset\": \"44b6_0b24845f\", \"frame\": 0, \"minimum_retention\": 0.9, \"primary_candidates\": 465, \"retention\": 0.832258064516129, \"use_primary\": true}\n"}
,{"stream_name":"stdout","time":318.959724594,"data":"BIOHUB_RETENTION_GUARD {\"blended_candidates\": 391, \"dataset\": \"44b6_0b24845f\", \"frame\": 1, \"minimum_retention\": 0.9, \"primary_candidates\": 444, \"retention\": 0.8806306306306306, \"use_primary\": true}\n"}
,{"stream_name":"stdout","time":322.76481865,"data":"EDGE_TTA_ACTIVE views= 8 mean_abs_feat_delta= 0.328294\n"}
,{"stream_name":"stdout","time":322.802694612,"data":"EDGE_TTA_ACTIVE views= 8 mean_abs_feat_delta= 0.361891\n"}
,{"stream_name":"stdout","time":322.967443702,"data":"EDGE_TTA_ACTIVE views= 8 mean_abs_feat_delta= 0.328294\n"}
,{"stream_name":"stdout","time":322.96747955,"data":"EDGE_TTA_ACTIVE views= 8 mean_abs_feat_delta= 0.361891\n"}
,{"stream_name":"stdout","time":323.621906526,"data":"SECONDARY_EDGE_TTA_ACTIVE views= 8 weight= 0.75 mean_abs_feat_delta= 0.23209\n"}
,{"stream_name":"stdout","time":323.658684748,"data":"SECONDARY_EDGE_TTA_ACTIVE views= 8 weight= 0.75 mean_abs_feat_delta= 0.288809\n"}
,{"stream_name":"stdout","time":323.662760106,"data":"BIOHUB_RETENTION_GUARD {\"blended_candidates\": 333, \"dataset\": \"44b6_0b24845f\", \"frame\": 2, \"minimum_retention\": 0.9, \"primary_candidates\": 390, \"retention\": 0.8538461538461538, \"use_primary\": true}\n"}
,{"stream_name":"stdout","time":323.824131717,"data":"SECONDARY_EDGE_TTA_ACTIVE views= 8 weight= 0.75 mean_abs_feat_delta= 0.23209\n"}
,{"stream_name":"stdout","time":323.824165694,"data":"SECONDARY_EDGE_TTA_ACTIVE views= 8 weight= 0.75 mean_abs_feat_delta= 0.288809\n"}
,{"stream_name":"stdout","time":323.824171922,"data":"BIOHUB_RETENTION_GUARD {\"blended_candidates\": 333, \"dataset\": \"44b6_0b24845f\", \"frame\": 2, \"minimum_retention\": 0.9, \"primary_candidates\": 390, \"retention\": 0.8538461538461538, \"use_primary\": true}\n"}
,{"stream_name":"stdout","time":324.57449815,"data":"EDGE_TTA_ACTIVE views= 8 mean_abs_feat_delta= 0.326314\n"}
,{"stream_name":"stdout","time":324.659506985,"data":"EDGE_TTA_ACTIVE views= 8 mean_abs_feat_delta= 0.354206\n"}
,{"stream_name":"stdout","time":324.777142248,"data":"EDGE_TTA_ACTIVE views= 8 mean_abs_feat_delta= 0.326314\n"}
,{"stream_name":"stdout","time":324.777191473,"data":"EDGE_TTA_ACTIVE views= 8 mean_abs_feat_delta= 0.354206\n"}
,{"stream_name":"stdout","time":325.424889227,"data":"SECONDARY_EDGE_TTA_ACTIVE views= 8 weight= 0.75 mean_abs_feat_delta= 0.232786\n"}
,{"stream_name":"stdout","time":325.506607203,"data":"SECONDARY_EDGE_TTA_ACTIVE views= 8 weight= 0.75 mean_abs_feat_delta= 0.287127\n"}
,{"stream_name":"stdout","time":325.511024466,"data":"BIOHUB_RETENTION_GUARD {\"blended_candidates\": 362, \"dataset\": \"44b6_0b24845f\", \"frame\": 3, \"minimum_retention\": 0.9, \"primary_candidates\": 421, \"retention\": 0.8598574821852731, \"use_primary\": true}\n"}
,{"stream_name":"stdout","time":325.627249409,"data":"SECONDARY_EDGE_TTA_ACTIVE views= 8 weight= 0.75 mean_abs_feat_delta= 0.232786\n"}
,{"stream_name":"stdout","time":325.627287489,"data":"SECONDARY_EDGE_TTA_ACTIVE views= 8 weight= 0.75 mean_abs_feat_delta= 0.287127\n"}
,{"stream_name":"stdout","time":325.62729194,"data":"BIOHUB_RETENTION_GUARD {\"blended_candidates\": 362, \"dataset\": \"44b6_0b24845f\", \"frame\": 3, \"minimum_retention\": 0.9, \"primary_candidates\": 421, \"retention\": 0.8598574821852731, \"use_primary\": true}\n"}
,{"stream_name":"stdout","time":326.379896815,"data":"EDGE_TTA_ACTIVE views= 8 mean_abs_feat_delta= 0.32686\n"}
,{"stream_name":"stdout","time":326.50067347,"data":"EDGE_TTA_ACTIVE views= 8 mean_abs_feat_delta= 0.358867\n"}
,{"stream_name":"stdout","time":326.582377047,"data":"EDGE_TTA_ACTIVE views= 8 mean_abs_feat_delta= 0.32686\n"}
,{"stream_name":"stdout","time":326.582405081,"data":"EDGE_TTA_ACTIVE views= 8 mean_abs_feat_delta= 0.358867\n"}
,{"stream_name":"stdout","time":327.233641703,"data":"SECONDARY_EDGE_TTA_ACTIVE views= 8 weight= 0.75 mean_abs_feat_delta= 0.232764\n"}
,{"stream_name":"stdout","time":327.350456255,"data":"SECONDARY_EDGE_TTA_ACTIVE views= 8 weight= 0.75 mean_abs_feat_delta= 0.283303\n"}
,{"stream_name":"stdout","time":327.354695308,"data":"BIOHUB_RETENTION_GUARD {\"blended_candidates\": 341, \"dataset\": \"44b6_0b24845f\", \"frame\": 4, \"minimum_retention\": 0.9, \"primary_candidates\": 404, \"retention\": 0.844059405940594, \"use_primary\": true}\n"}
,{"stream_name":"stdout","time":327.436246441,"data":"SECONDARY_EDGE_TTA_ACTIVE views= 8 weight= 0.75 mean_abs_feat_delta= 0.232764\n"}
,{"stream_name":"stdout","time":327.436272724,"data":"SECONDARY_EDGE_TTA_ACTIVE views= 8 weight= 0.75 mean_abs_feat_delta= 0.283303\n"}
,{"stream_name":"stdout","time":327.436277905,"data":"BIOHUB_RETENTION_GUARD {\"blended_candidates\": 341, \"dataset\": \"44b6_0b24845f\", \"frame\": 4, \"minimum_retention\": 0.9, \"primary_candidates\": 404, \"retention\": 0.844059405940594, \"use_primary\": true}\n"}
,{"stream_name":"stdout","time":328.186127652,"data":"EDGE_TTA_ACTIVE views= 8 mean_abs_feat_delta= 0.327781\n"}
,{"stream_name":"stdout","time":328.347608573,"data":"EDGE_TTA_ACTIVE views= 8 mean_abs_feat_delta= 0.362463\n"}
,{"stream_name":"stdout","time":328.388572535,"data":"EDGE_TTA_ACTIVE views= 8 mean_abs_feat_delta= 0.327781\n"}
,{"stream_name":"stdout","time":328.388599397,"data":"EDGE_TTA_ACTIVE views= 8 mean_abs_feat_delta= 0.362463\n"}
,{"stream_name":"stdout","time":329.054197056,"data":"SECONDARY_EDGE_TTA_ACTIVE views= 8 weight= 0.75 mean_abs_feat_delta= 0.236445\n"}
,{"stream_name":"stdout","time":329.200514266,"data":"SECONDARY_EDGE_TTA_ACTIVE views= 8 weight= 0.75 mean_abs_feat_delta= 0.289665\n"}
,{"stream_name":"stdout","time":329.204713839,"data":"BIOHUB_RETENTION_GUARD {\"blended_candidates\": 326, \"dataset\": \"44b6_0b24845f\", \"frame\": 5, \"minimum_retention\": 0.9, \"primary_candidates\": 383, \"retention\": 0.8511749347258486, \"use_primary\": true}\n"}
,{"stream_name":"stdout","time":329.256590391,"data":"SECONDARY_EDGE_TTA_ACTIVE views= 8 weight= 0.75 mean_abs_feat_delta= 0.236445\n"}
,{"stream_name":"stdout","time":329.256613423,"data":"SECONDARY_EDGE_TTA_ACTIVE views= 8 weight= 0.75 mean_abs_feat_delta= 0.289665\n"}
,{"stream_name":"stdout","time":329.256619085,"data":"BIOHUB_RETENTION_GUARD {\"blended_candidates\": 326, \"dataset\": \"44b6_0b24845f\", \"frame\": 5, \"minimum_retention\": 0.9, \"primary_candidates\": 383, \"retention\": 0.8511749347258486, \"use_primary\": true}\n"}
,{"stream_name":"stdout","time":330.037349557,"data":"EDGE_TTA_ACTIVE views= 8 mean_abs_feat_delta= 0.332086\n"}
,{"stream_name":"stdout","time":330.231647671,"data":"EDGE_TTA_ACTIVE views= 8 mean_abs_feat_delta= 0.363112\n"}
,{"stream_name":"stdout","time":330.240045888,"data":"EDGE_TTA_ACTIVE views= 8 mean_abs_feat_delta= 0.332086\n"}
,{"stream_name":"stdout","time":330.240071159,"data":"EDGE_TTA_ACTIVE views= 8 mean_abs_feat_delta= 0.363112\n"}
,{"stream_name":"stdout","time":330.893018715,"data":"SECONDARY_EDGE_TTA_ACTIVE views= 8 weight= 0.75 mean_abs_feat_delta= 0.236059\n"}
,{"stream_name":"stdout","time":331.087795921,"data":"SECONDARY_EDGE_TTA_ACTIVE views= 8 weight= 0.75 mean_abs_feat_delta= 0.296162\n"}
,{"stream_name":"stdout","time":331.091977133,"data":"BIOHUB_RETENTION_GUARD {\"blended_candidates\": 333, \"dataset\": \"44b6_0b24845f\", \"frame\": 6, \"minimum_retention\": 0.9, \"primary_candidates\": 403, \"retention\": 0.826302729528536, \"use_primary\": true}\n"}
,{"stream_name":"stdout","time":331.095277573,"data":"SECONDARY_EDGE_TTA_ACTIVE views= 8 weight= 0.75 mean_abs_feat_delta= 0.236059\n"}
,{"stream_name":"stdout","time":331.095298469,"data":"SECONDARY_EDGE_TTA_ACTIVE views= 8 weight= 0.75 mean_abs_feat_delta= 0.296162\n"}
,{"stream_name":"stdout","time":331.095303629,"data":"BIOHUB_RETENTION_GUARD {\"blended_candidates\": 333, \"dataset\": \"44b6_0b24845f\", \"frame\": 6, \"minimum_retention\": 0.9, \"primary_candidates\": 403, \"retention\": 0.826302729528536, \"use_primary\": true}\n"}
,{"stream_name":"stdout","time":331.847780741,"data":"EDGE_TTA_ACTIVE views= 8 mean_abs_feat_delta= 0.337311\n"}
,{"stream_name":"stdout","time":332.050330701,"data":"EDGE_TTA_ACTIVE views= 8 mean_abs_feat_delta= 0.337311\n"}
,{"stream_name":"stdout","time":332.148816489,"data":"EDGE_TTA_ACTIVE views= 8 mean_abs_feat_delta= 0.363947\n"}
,{"stream_name":"stdout","time":332.351333185,"data":"EDGE_TTA_ACTIVE views= 8 mean_abs_feat_delta= 0.363947\n"}
,{"stream_name":"stdout","time":332.717233079,"data":"SECONDARY_EDGE_TTA_ACTIVE views= 8 weight= 0.75 mean_abs_feat_delta= 0.242392\n"}
,{"stream_name":"stdout","time":332.919637046,"data":"SECONDARY_EDGE_TTA_ACTIVE views= 8 weight= 0.75 mean_abs_feat_delta= 0.242392\n"}
,{"stream_name":"stdout","time":333.005076786,"data":"SECONDARY_EDGE_TTA_ACTIVE views= 8 weight= 0.75 mean_abs_feat_delta= 0.297976\n"}
,{"stream_name":"stdout","time":333.009142691,"data":"BIOHUB_RETENTION_GUARD {\"blended_candidates\": 309, \"dataset\": \"44b6_0b24845f\", \"frame\": 7, \"minimum_retention\": 0.9, \"primary_candidates\": 390, \"retention\": 0.7923076923076923, \"use_primary\": true}\n"}
,{"stream_name":"stdout","time":333.208006142,"data":"SECONDARY_EDGE_TTA_ACTIVE views= 8 weight= 0.75 mean_abs_feat_delta= 0.297976\n"}
,{"stream_name":"stdout","time":333.20804295,"data":"BIOHUB_RETENTION_GUARD {\"blended_candidates\": 309, \"dataset\": \"44b6_0b24845f\", \"frame\": 7, \"minimum_retention\": 0.9, \"primary_candidates\": 390, \"retention\": 0.7923076923076923, \"use_primary\": true}\n"}
,{"stream_name":"stdout","time":333.749364548,"data":"EDGE_TTA_ACTIVE views= 8 mean_abs_feat_delta= 0.336476\n"}
,{"stream_name":"stdout","time":333.951611435,"data":"EDGE_TTA_ACTIVE views= 8 mean_abs_feat_delta= 0.336476\n"}
,{"stream_name":"stdout","time":334.028872351,"data":"EDGE_TTA_ACTIVE views= 8 mean_abs_feat_delta= 0.368841\n"}
,{"stream_name":"stdout","time":334.231314659,"data":"EDGE_TTA_ACTIVE views= 8 mean_abs_feat_delta= 0.368841\n"}
,{"stream_name":"stdout","time":334.608970435,"data":"SECONDARY_EDGE_TTA_ACTIVE views= 8 weight= 0.75 mean_abs_feat_delta= 0.241164\n"}
,{"stream_name":"stdout","time":334.811709571,"data":"SECONDARY_EDGE_TTA_ACTIVE views= 8 weight= 0.75 mean_abs_feat_delta= 0.241164\n"}
,{"stream_name":"stdout","time":334.899423959,"data":"SECONDARY_EDGE_TTA_ACTIVE views= 8 weight= 0.75 mean_abs_feat_delta= 0.292587\n"}
,{"stream_name":"stdout","time":334.903501672,"data":"BIOHUB_RETENTION_GUARD {\"blended_candidates\": 378, \"dataset\": \"44b6_0b24845f\", \"frame\": 8, \"minimum_retention\": 0.9, \"primary_candidates\": 443, \"retention\": 0.8532731376975169, \"use_primary\": true}\n"}
,{"stream_name":"stdout","time":335.10244136,"data":"SECONDARY_EDGE_TTA_ACTIVE views= 8 weight= 0.75 mean_abs_feat_delta= 0.292587\n"}
,{"stream_name":"stdout","time":335.102478944,"data":"BIOHUB_RETENTION_GUARD {\"blended_candidates\": 378, \"dataset\": \"44b6_0b24845f\", \"frame\": 8, \"minimum_retention\": 0.9, \"primary_candidates\": 443, \"retention\": 0.8532731376975169, \"use_primary\": true}\n"}
,{"stream_name":"stdout","time":335.650844581,"data":"EDGE_TTA_ACTIVE views= 8 mean_abs_feat_delta= 0.33307\n"}
,{"stream_name":"stdout","time":335.85339934,"data":"EDGE_TTA_ACTIVE views= 8 mean_abs_feat_delta= 0.33307\n"}
,{"stream_name":"stdout","time":335.938153108,"data":"EDGE_TTA_ACTIVE views= 8 mean_abs_feat_delta= 0.372442\n"}
,{"stream_name":"stdout","time":336.153660362,"data":"EDGE_TTA_ACTIVE views= 8 mean_abs_feat_delta= 0.372442\n"}
,{"stream_name":"stdout","time":336.51430023,"data":"SECONDARY_EDGE_TTA_ACTIVE views= 8 weight= 0.75 mean_abs_feat_delta= 0.240446\n"}
,{"stream_name":"stdout","time":336.717290876,"data":"SECONDARY_EDGE_TTA_ACTIVE views= 8 weight= 0.75 mean_abs_feat_delta= 0.240446\n"}
,{"stream_name":"stdout","time":336.797650885,"data":"SECONDARY_EDGE_TTA_ACTIVE views= 8 weight= 0.75 mean_abs_feat_delta= 0.291168\n"}
,{"stream_name":"stdout","time":336.801715284,"data":"BIOHUB_RETENTION_GUARD {\"blended_candidates\": 362, \"dataset\": \"44b6_0b24845f\", \"frame\": 9, \"minimum_retention\": 0.9, \"primary_candidates\": 429, \"retention\": 0.8438228438228438, \"use_primary\": true}\n"}
,{"stream_name":"stdout","time":337.000191416,"data":"SECONDARY_EDGE_TTA_ACTIVE views= 8 weight= 0.75 mean_abs_feat_delta= 0.291168\n"}
,{"stream_name":"stdout","time":337.000226512,"data":"BIOHUB_RETENTION_GUARD {\"blended_candidates\": 362, \"dataset\": \"44b6_0b24845f\", \"frame\": 9, \"minimum_retention\": 0.9, \"primary_candidates\": 429, \"retention\": 0.8438228438228438, \"use_primary\": true}\n"}
,{"stream_name":"stdout","time":337.559432728,"data":"EDGE_TTA_ACTIVE views= 8 mean_abs_feat_delta= 0.333216\n"}
,{"stream_name":"stdout","time":337.761881958,"data":"EDGE_TTA_ACTIVE views= 8 mean_abs_feat_delta= 0.333216\n"}
,{"stream_name":"stdout","time":337.906048722,"data":"EDGE_TTA_ACTIVE views= 8 mean_abs_feat_delta= 0.36599\n"}
,{"stream_name":"stdout","time":338.108718416,"data":"EDGE_TTA_ACTIVE views= 8 mean_abs_feat_delta= 0.36599\n"}
,{"stream_name":"stdout","time":338.424365614,"data":"SECONDARY_EDGE_TTA_ACTIVE views= 8 weight= 0.75 mean_abs_feat_delta= 0.24216\n"}
,{"stream_name":"stdout","time":338.62679828,"data":"SECONDARY_EDGE_TTA_ACTIVE views= 8 weight= 0.75 mean_abs_feat_delta= 0.24216\n"}
,{"stream_name":"stdout","time":338.766894666,"data":"SECONDARY_EDGE_TTA_ACTIVE views= 8 weight= 0.75 mean_abs_feat_delta= 0.301242\n"}
,{"stream_name":"stdout","time":338.770976773,"data":"BIOHUB_RETENTION_GUARD {\"blended_candidates\": 331, \"dataset\": \"44b6_0b24845f\", \"frame\": 10, \"minimum_retention\": 0.9, \"primary_candidates\": 419, \"retention\": 0.7899761336515513, \"use_primary\": true}\n"}
,{"stream_name":"stdout","time":338.969593286,"data":"SECONDARY_EDGE_TTA_ACTIVE views= 8 weight= 0.75 mean_abs_feat_delta= 0.301242\n"}
,{"stream_name":"stdout","time":338.969631172,"data":"BIOHUB_RETENTION_GUARD {\"blended_candidates\": 331, \"dataset\": \"44b6_0b24845f\", \"frame\": 10, \"minimum_retention\": 0.9, \"primary_candidates\": 419, \"retention\": 0.7899761336515513, \"use_primary\": true}\n"}
,{"stream_name":"stdout","time":339.44259787,"data":"EDGE_TTA_ACTIVE views= 8 mean_abs_feat_delta= 0.341654\n"}
,{"stream_name":"stdout","time":339.644878565,"data":"EDGE_TTA_ACTIVE views= 8 mean_abs_feat_delta= 0.341654\n"}
,{"stream_name":"stdout","time":339.834243581,"data":"EDGE_TTA_ACTIVE views= 8 mean_abs_feat_delta= 0.358411\n"}
,{"stream_name":"stdout","time":340.036482962,"data":"EDGE_TTA_ACTIVE views= 8 mean_abs_feat_delta= 0.358411\n"}
,{"stream_name":"stdout","time":340.31033552,"data":"SECONDARY_EDGE_TTA_ACTIVE views= 8 weight= 0.75 mean_abs_feat_delta= 0.243727\n"}
,{"stream_name":"stdout","time":340.512779883,"data":"SECONDARY_EDGE_TTA_ACTIVE views= 8 weight= 0.75 mean_abs_feat_delta= 0.243727\n"}
,{"stream_name":"stdout","time":340.697564581,"data":"SECONDARY_EDGE_TTA_ACTIVE views= 8 weight= 0.75 mean_abs_feat_delta= 0.289865\n"}
,{"stream_name":"stdout","time":340.70168087,"data":"BIOHUB_RETENTION_GUARD {\"blended_candidates\": 376, \"dataset\": \"44b6_0b24845f\", \"frame\": 11, \"minimum_retention\": 0.9, \"primary_candidates\": 441, \"retention\": 0.8526077097505669, \"use_primary\": true}\n"}
,{"stream_name":"stdout","time":340.899865475,"data":"SECONDARY_EDGE_TTA_ACTIVE views= 8 weight= 0.75 mean_abs_feat_delta= 0.289865\n"}
,{"stream_name":"stdout","time":340.899940037,"data":"BIOHUB_RETENTION_GUARD {\"blended_candidates\": 376, \"dataset\": \"44b6_0b24845f\", \"frame\": 11, \"minimum_retention\": 0.9, \"primary_candidates\": 441, \"retention\": 0.8526077097505669, \"use_primary\": true}\n"}
,{"stream_name":"stdout","time":341.318854341,"data":"EDGE_TTA_ACTIVE views= 8 mean_abs_feat_delta= 0.334228\n"}
,{"stream_name":"stdout","time":341.52141978,"data":"EDGE_TTA_ACTIVE views= 8 mean_abs_feat_delta= 0.334228\n"}
,{"stream_name":"stdout","time":341.824509497,"data":"EDGE_TTA_ACTIVE views= 8 mean_abs_feat_delta= 0.361758\n"}
,{"stream_name":"stdout","time":342.026740556,"data":"EDGE_TTA_ACTIVE views= 8 mean_abs_feat_delta= 0.361758\n"}
,{"stream_name":"stdout","time":342.188783464,"data":"SECONDARY_EDGE_TTA_ACTIVE views= 8 weight= 0.75 mean_abs_feat_delta= 0.241899\n"}
,{"stream_name":"stdout","time":342.390970982,"data":"SECONDARY_EDGE_TTA_ACTIVE views= 8 weight= 0.75 mean_abs_feat_delta= 0.241899\n"}
,{"stream_name":"stdout","time":342.690107663,"data":"SECONDARY_EDGE_TTA_ACTIVE views= 8 weight= 0.75 mean_abs_feat_delta= 0.298743\n"}
,{"stream_name":"stdout","time":342.694240118,"data":"BIOHUB_RETENTION_GUARD {\"blended_candidates\": 304, \"dataset\": \"44b6_0b24845f\", \"frame\": 12, \"minimum_retention\": 0.9, \"primary_candidates\": 361, \"retention\": 0.8421052631578947, \"use_primary\": true}\n"}
,{"stream_name":"stdout","time":342.892893351,"data":"SECONDARY_EDGE_TTA_ACTIVE views= 8 weight= 0.75 mean_abs_feat_delta= 0.298743\n"}
,{"stream_name":"stdout","time":342.892957652,"data":"BIOHUB_RETENTION_GUARD {\"blended_candidates\": 304, \"dataset\": \"44b6_0b24845f\", \"frame\": 12, \"minimum_retention\": 0.9, \"primary_candidates\": 361, \"retention\": 0.8421052631578947, \"use_primary\": true}\n"}
,{"stream_name":"stdout","time":343.216309286,"data":"EDGE_TTA_ACTIVE views= 8 mean_abs_feat_delta= 0.335161\n"}
,{"stream_name":"stdout","time":343.418520285,"data":"EDGE_TTA_ACTIVE views= 8 mean_abs_feat_delta= 0.335161\n"}
,{"stream_name":"stdout","time":343.725842726,"data":"EDGE_TTA_ACTIVE views= 8 mean_abs_feat_delta= 0.368237\n"}
,{"stream_name":"stdout","time":343.928059111,"data":"EDGE_TTA_ACTIVE views= 8 mean_abs_feat_delta= 0.368237\n"}
,{"stream_name":"stdout","time":344.089489344,"data":"SECONDARY_EDGE_TTA_ACTIVE views= 8 weight= 0.75 mean_abs_feat_delta= 0.237416\n"}
,{"stream_name":"stdout","time":344.291993334,"data":"SECONDARY_EDGE_TTA_ACTIVE views= 8 weight= 0.75 mean_abs_feat_delta= 0.237416\n"}
,{"stream_name":"stdout","time":344.591771207,"data":"SECONDARY_EDGE_TTA_ACTIVE views= 8 weight= 0.75 mean_abs_feat_delta= 0.295579\n"}
,{"stream_name":"stdout","time":344.595895485,"data":"BIOHUB_RETENTION_GUARD {\"blended_candidates\": 314, \"dataset\": \"44b6_0b24845f\", \"frame\": 13, \"minimum_retention\": 0.9, \"primary_candidates\": 382, \"retention\": 0.8219895287958116, \"use_primary\": true}\n"}
,{"stream_name":"stdout","time":344.794230981,"data":"SECONDARY_EDGE_TTA_ACTIVE views= 8 weight= 0.75 mean_abs_feat_delta= 0.295579\n"}
,{"stream_name":"stdout","time":344.794262911,"data":"BIOHUB_RETENTION_GUARD {\"blended_candidates\": 314, \"dataset\": \"44b6_0b24845f\", \"frame\": 13, \"minimum_retention\": 0.9, \"primary_candidates\": 382, \"retention\": 0.8219895287958116, \"use_primary\": true}\n"}
,{"stream_name":"stdout","time":345.061305432,"data":"EDGE_TTA_ACTIVE views= 8 mean_abs_feat_delta= 0.330752\n"}
,{"stream_name":"stdout","time":345.263804174,"data":"EDGE_TTA_ACTIVE views= 8 mean_abs_feat_delta= 0.330752\n"}
,{"stream_name":"stdout","time":345.654396801,"data":"EDGE_TTA_ACTIVE views= 8 mean_abs_feat_delta= 0.366311\n"}
,{"stream_name":"stdout","time":345.856971955,"data":"EDGE_TTA_ACTIVE views= 8 mean_abs_feat_delta= 0.366311\n"}
,{"stream_name":"stdout","time":345.92858874,"data":"SECONDARY_EDGE_TTA_ACTIVE views= 8 weight= 0.75 mean_abs_feat_delta= 0.238386\n"}
,{"stream_name":"stdout","time":346.130770339,"data":"SECONDARY_EDGE_TTA_ACTIVE views= 8 weight= 0.75 mean_abs_feat_delta= 0.238386\n"}
,{"stream_name":"stdout","time":346.522511047,"data":"SECONDARY_EDGE_TTA_ACTIVE views= 8 weight= 0.75 mean_abs_feat_delta= 0.29037\n"}
,{"stream_name":"stdout","time":346.526567707,"data":"BIOHUB_RETENTION_GUARD {\"blended_candidates\": 330, \"dataset\": \"44b6_0b24845f\", \"frame\": 14, \"minimum_retention\": 0.9, \"primary_candidates\": 378, \"retention\": 0.873015873015873, \"use_primary\": true}\n"}
,{"stream_name":"stdout","time":346.725005226,"data":"SECONDARY_EDGE_TTA_ACTIVE views= 8 weight= 0.75 mean_abs_feat_delta= 0.29037\n"}
,{"stream_name":"stdout","time":346.725042813,"data":"BIOHUB_RETENTION_GUARD {\"blended_candidates\": 330, \"dataset\": \"44b6_0b24845f\", \"frame\": 14, \"minimum_retention\": 0.9, \"primary_candidates\": 378, \"retention\": 0.873015873015873, \"use_primary\": true}\n"}
,{"stream_name":"stdout","time":346.898793406,"data":"EDGE_TTA_ACTIVE views= 8 mean_abs_feat_delta= 0.32964\n"}
,{"stream_name":"stdout","time":347.101010899,"data":"EDGE_TTA_ACTIVE views= 8 mean_abs_feat_delta= 0.32964\n"}
,{"stream_name":"stdout","time":347.54521758,"data":"EDGE_TTA_ACTIVE views= 8 mean_abs_feat_delta= 0.362666\n"}
,{"stream_name":"stdout","time":347.747783718,"data":"EDGE_TTA_ACTIVE views= 8 mean_abs_feat_delta= 0.362666\n"}
,{"stream_name":"stdout","time":347.77156484,"data":"SECONDARY_EDGE_TTA_ACTIVE views= 8 weight= 0.75 mean_abs_feat_delta= 0.238478\n"}
,{"stream_name":"stdout","time":347.974052408,"data":"SECONDARY_EDGE_TTA_ACTIVE views= 8 weight= 0.75 mean_abs_feat_delta= 0.238478\n"}
,{"stream_name":"stdout","time":348.416173115,"data":"SECONDARY_EDGE_TTA_ACTIVE views= 8 weight= 0.75 mean_abs_feat_delta= 0.286822\n"}
,{"stream_name":"stdout","time":348.618998618,"data":"SECONDARY_EDGE_TTA_ACTIVE views= 8 weight= 0.75 mean_abs_feat_delta= 0.286822\n"}
,{"stream_name":"stdout","time":348.769185586,"data":"EDGE_TTA_ACTIVE views= 8 mean_abs_feat_delta= 0.32447\n"}
,{"stream_name":"stdout","time":348.971705483,"data":"EDGE_TTA_ACTIVE views= 8 mean_abs_feat_delta= 0.32447\n"}
,{"stream_name":"stdout","time":349.420999216,"data":"EDGE_TTA_ACTIVE views= 8 mean_abs_feat_delta= 0.368515\n"}
,{"stream_name":"stdout","time":349.623397269,"data":"EDGE_TTA_ACTIVE views= 8 mean_abs_feat_delta= 0.368515\n"}
,{"stream_name":"stdout","time":349.644319179,"data":"SECONDARY_EDGE_TTA_ACTIVE views= 8 weight= 0.75 mean_abs_feat_delta= 0.234529\n"}
,{"stream_name":"stdout","time":349.846810102,"data":"SECONDARY_EDGE_TTA_ACTIVE views= 8 weight= 0.75 mean_abs_feat_delta= 0.234529\n"}
,{"stream_name":"stdout","time":350.291774318,"data":"SECONDARY_EDGE_TTA_ACTIVE views= 8 weight= 0.75 mean_abs_feat_delta= 0.282972\n"}
,{"stream_name":"stdout","time":350.494580483,"data":"SECONDARY_EDGE_TTA_ACTIVE views= 8 weight= 0.75 mean_abs_feat_delta= 0.282972\n"}
,{"stream_name":"stdout","time":350.623183383,"data":"EDGE_TTA_ACTIVE views= 8 mean_abs_feat_delta= 0.325522\n"}
,{"stream_name":"stdout","time":350.825674867,"data":"EDGE_TTA_ACTIVE views= 8 mean_abs_feat_delta= 0.325522\n"}
,{"stream_name":"stdout","time":351.362509605,"data":"EDGE_TTA_ACTIVE views= 8 mean_abs_feat_delta= 0.37163\n"}
,{"stream_name":"stdout","time":351.499668403,"data":"SECONDARY_EDGE_TTA_ACTIVE views= 8 weight= 0.75 mean_abs_feat_delta= 0.238533\n"}
,{"stream_name":"stdout","time":351.564843029,"data":"EDGE_TTA_ACTIVE views= 8 mean_abs_feat_delta= 0.37163\n"}
,{"stream_name":"stdout","time":351.564889992,"data":"SECONDARY_EDGE_TTA_ACTIVE views= 8 weight= 0.75 mean_abs_feat_delta= 0.238533\n"}
,{"stream_name":"stdout","time":352.240121828,"data":"SECONDARY_EDGE_TTA_ACTIVE views= 8 weight= 0.75 mean_abs_feat_delta= 0.284899\n"}
,{"stream_name":"stdout","time":352.442284004,"data":"SECONDARY_EDGE_TTA_ACTIVE views= 8 weight= 0.75 mean_abs_feat_delta= 0.284899\n"}
,{"stream_name":"stdout","time":352.477930127,"data":"EDGE_TTA_ACTIVE views= 8 mean_abs_feat_delta= 0.319866\n"}
,{"stream_name":"stdout","time":352.680609991,"data":"EDGE_TTA_ACTIVE views= 8 mean_abs_feat_delta= 0.319866\n"}
,{"stream_name":"stdout","time":353.250711992,"data":"EDGE_TTA_ACTIVE views= 8 mean_abs_feat_delta= 0.367306\n"}
,{"stream_name":"stdout","time":353.358128216,"data":"SECONDARY_EDGE_TTA_ACTIVE views= 8 weight= 0.75 mean_abs_feat_delta= 0.239819\n"}
,{"stream_name":"stdout","time":353.45263959,"data":"EDGE_TTA_ACTIVE views= 8 mean_abs_feat_delta= 0.367306\n"}
,{"stream_name":"stdout","time":353.452669907,"data":"SECONDARY_EDGE_TTA_ACTIVE views= 8 weight= 0.75 mean_abs_feat_delta= 0.239819\n"}
,{"stream_name":"stdout","time":354.126209315,"data":"SECONDARY_EDGE_TTA_ACTIVE views= 8 weight= 0.75 mean_abs_feat_delta= 0.276632\n"}
,{"stream_name":"stdout","time":354.328703171,"data":"SECONDARY_EDGE_TTA_ACTIVE views= 8 weight= 0.75 mean_abs_feat_delta= 0.276632\n"}
,{"stream_name":"stdout","time":354.338366189,"data":"EDGE_TTA_ACTIVE views= 8 mean_abs_feat_delta= 0.323582\n"}
,{"stream_name":"stdout","time":354.54046855,"data":"EDGE_TTA_ACTIVE views= 8 mean_abs_feat_delta= 0.323582\n"}
,{"stream_name":"stdout","time":355.13523781,"data":"EDGE_TTA_ACTIVE views= 8 mean_abs_feat_delta= 0.356982\n"}
,{"stream_name":"stdout","time":355.221526675,"data":"SECONDARY_EDGE_TTA_ACTIVE views= 8 weight= 0.75 mean_abs_feat_delta= 0.242037\n"}
,{"stream_name":"stdout","time":355.338044962,"data":"EDGE_TTA_ACTIVE views= 8 mean_abs_feat_delta= 0.356982\n"}
,{"stream_name":"stdout","time":355.338523283,"data":"SECONDARY_EDGE_TTA_ACTIVE views= 8 weight= 0.75 mean_abs_feat_delta= 0.242037\n"}
,{"stream_name":"stdout","time":356.011952928,"data":"SECONDARY_EDGE_TTA_ACTIVE views= 8 weight= 0.75 mean_abs_feat_delta= 0.278285\n"}
,{"stream_name":"stdout","time":356.20242228,"data":"EDGE_TTA_ACTIVE views= 8 mean_abs_feat_delta= 0.326415\n"}
,{"stream_name":"stdout","time":356.214580093,"data":"SECONDARY_EDGE_TTA_ACTIVE views= 8 weight= 0.75 mean_abs_feat_delta= 0.278285\n"}
,{"stream_name":"stdout","time":356.214612069,"data":"EDGE_TTA_ACTIVE views= 8 mean_abs_feat_delta= 0.326415\n"}
,{"stream_name":"stdout","time":357.09282428,"data":"SECONDARY_EDGE_TTA_ACTIVE views= 8 weight= 0.75 mean_abs_feat_delta= 0.241724\n"}
,{"stream_name":"stdout","time":357.094170515,"data":"EDGE_TTA_ACTIVE views= 8 mean_abs_feat_delta= 0.354988\n"}
,{"stream_name":"stdout","time":357.29521351,"data":"SECONDARY_EDGE_TTA_ACTIVE views= 8 weight= 0.75 mean_abs_feat_delta= 0.241724\n"}
,{"stream_name":"stdout","time":357.295251219,"data":"EDGE_TTA_ACTIVE views= 8 mean_abs_feat_delta= 0.354988\n"}
,{"stream_name":"stdout","time":357.97252312,"data":"SECONDARY_EDGE_TTA_ACTIVE views= 8 weight= 0.75 mean_abs_feat_delta= 0.280197\n"}
,{"stream_name":"stdout","time":357.976466943,"data":"BIOHUB_RETENTION_GUARD {\"blended_candidates\": 285, \"dataset\": \"44b6_0b24845f\", \"frame\": 20, \"minimum_retention\": 0.9, \"primary_candidates\": 317, \"retention\": 0.8990536277602523, \"use_primary\": true}\n"}
,{"stream_name":"stdout","time":358.07705779,"data":"EDGE_TTA_ACTIVE views= 8 mean_abs_feat_delta= 0.32326\n"}
,{"stream_name":"stdout","time":358.174968092,"data":"SECONDARY_EDGE_TTA_ACTIVE views= 8 weight= 0.75 mean_abs_feat_delta= 0.280197\n"}
,{"stream_name":"stdout","time":358.175014941,"data":"BIOHUB_RETENTION_GUARD {\"blended_candidates\": 285, \"dataset\": \"44b6_0b24845f\", \"frame\": 20, \"minimum_retention\": 0.9, \"primary_candidates\": 317, \"retention\": 0.8990536277602523, \"use_primary\": true}\n"}
,{"stream_name":"stdout","time":358.175021202,"data":"EDGE_TTA_ACTIVE views= 8 mean_abs_feat_delta= 0.32326\n"}
,{"stream_name":"stdout","time":358.966086468,"data":"SECONDARY_EDGE_TTA_ACTIVE views= 8 weight= 0.75 mean_abs_feat_delta= 0.234753\n"}
,{"stream_name":"stdout","time":358.984042938,"data":"EDGE_TTA_ACTIVE views= 8 mean_abs_feat_delta= 0.355885\n"}
,{"stream_name":"stdout","time":359.16843376,"data":"SECONDARY_EDGE_TTA_ACTIVE views= 8 weight= 0.75 mean_abs_feat_delta= 0.234753\n"}
,{"stream_name":"stdout","time":359.168466967,"data":"EDGE_TTA_ACTIVE views= 8 mean_abs_feat_delta= 0.355885\n"}
,{"stream_name":"stdout","time":359.866090634,"data":"SECONDARY_EDGE_TTA_ACTIVE views= 8 weight= 0.75 mean_abs_feat_delta= 0.281334\n"}
,{"stream_name":"stdout","time":359.870186628,"data":"BIOHUB_RETENTION_GUARD {\"blended_candidates\": 265, \"dataset\": \"44b6_0b24845f\", \"frame\": 21, \"minimum_retention\": 0.9, \"primary_candidates\": 325, \"retention\": 0.8153846153846154, \"use_primary\": true}\n"}
,{"stream_name":"stdout","time":359.951395414,"data":"EDGE_TTA_ACTIVE views= 8 mean_abs_feat_delta= 0.324888\n"}
,{"stream_name":"stdout","time":360.068683959,"data":"SECONDARY_EDGE_TTA_ACTIVE views= 8 weight= 0.75 mean_abs_feat_delta= 0.281334\n"}
,{"stream_name":"stdout","time":360.068716997,"data":"BIOHUB_RETENTION_GUARD {\"blended_candidates\": 265, \"dataset\": \"44b6_0b24845f\", \"frame\": 21, \"minimum_retention\": 0.9, \"primary_candidates\": 325, \"retention\": 0.8153846153846154, \"use_primary\": true}\n"}
,{"stream_name":"stdout","time":360.068738943,"data":"EDGE_TTA_ACTIVE views= 8 mean_abs_feat_delta= 0.324888\n"}
,{"stream_name":"stdout","time":360.844461677,"data":"SECONDARY_EDGE_TTA_ACTIVE views= 8 weight= 0.75 mean_abs_feat_delta= 0.238746\n"}
,{"stream_name":"stdout","time":360.869035243,"data":"EDGE_TTA_ACTIVE views= 8 mean_abs_feat_delta= 0.357492\n"}
,{"stream_name":"stdout","time":361.046969211,"data":"SECONDARY_EDGE_TTA_ACTIVE views= 8 weight= 0.75 mean_abs_feat_delta= 0.238746\n"}
,{"stream_name":"stdout","time":361.047028964,"data":"EDGE_TTA_ACTIVE views= 8 mean_abs_feat_delta= 0.357492\n"}
,{"stream_name":"stdout","time":361.751265374,"data":"SECONDARY_EDGE_TTA_ACTIVE views= 8 weight= 0.75 mean_abs_feat_delta= 0.280031\n"}
,{"stream_name":"stdout","time":361.755372511,"data":"BIOHUB_RETENTION_GUARD {\"blended_candidates\": 286, \"dataset\": \"44b6_0b24845f\", \"frame\": 22, \"minimum_retention\": 0.9, \"primary_candidates\": 326, \"retention\": 0.8773006134969326, \"use_primary\": true}\n"}
,{"stream_name":"stdout","time":361.896060368,"data":"EDGE_TTA_ACTIVE views= 8 mean_abs_feat_delta= 0.325752\n"}
,{"stream_name":"stdout","time":361.953794653,"data":"SECONDARY_EDGE_TTA_ACTIVE views= 8 weight= 0.75 mean_abs_feat_delta= 0.280031\n"}
,{"stream_name":"stdout","time":361.953833404,"data":"BIOHUB_RETENTION_GUARD {\"blended_candidates\": 286, \"dataset\": \"44b6_0b24845f\", \"frame\": 22, \"minimum_retention\": 0.9, \"primary_candidates\": 326, \"retention\": 0.8773006134969326, \"use_primary\": true}\n"}
,{"stream_name":"stdout","time":361.953879379,"data":"EDGE_TTA_ACTIVE views= 8 mean_abs_feat_delta= 0.325752\n"}
,{"stream_name":"stdout","time":362.770067919,"data":"EDGE_TTA_ACTIVE views= 8 mean_abs_feat_delta= 0.361386\n"}
,{"stream_name":"stdout","time":362.785272966,"data":"SECONDARY_EDGE_TTA_ACTIVE views= 8 weight= 0.75 mean_abs_feat_delta= 0.238954\n"}
,{"stream_name":"stdout","time":362.972560743,"data":"EDGE_TTA_ACTIVE views= 8 mean_abs_feat_delta= 0.361386\n"}
,{"stream_name":"stdout","time":362.972593074,"data":"SECONDARY_EDGE_TTA_ACTIVE views= 8 weight= 0.75 mean_abs_feat_delta= 0.238954\n"}
,{"stream_name":"stdout","time":363.65206593,"data":"SECONDARY_EDGE_TTA_ACTIVE views= 8 weight= 0.75 mean_abs_feat_delta= 0.277655\n"}
,{"stream_name":"stdout","time":363.769898675,"data":"EDGE_TTA_ACTIVE views= 8 mean_abs_feat_delta= 0.330364\n"}
,{"stream_name":"stdout","time":363.854516536,"data":"SECONDARY_EDGE_TTA_ACTIVE views= 8 weight= 0.75 mean_abs_feat_delta= 0.277655\n"}
,{"stream_name":"stdout","time":363.854566729,"data":"EDGE_TTA_ACTIVE views= 8 mean_abs_feat_delta= 0.330364\n"}
,{"stream_name":"stdout","time":364.644493306,"data":"EDGE_TTA_ACTIVE views= 8 mean_abs_feat_delta= 0.361052\n"}
,{"stream_name":"stdout","time":364.660338761,"data":"SECONDARY_EDGE_TTA_ACTIVE views= 8 weight= 0.75 mean_abs_feat_delta= 0.235145\n"}
,{"stream_name":"stdout","time":364.847047986,"data":"EDGE_TTA_ACTIVE views= 8 mean_abs_feat_delta= 0.361052\n"}
,{"stream_name":"stdout","time":364.847081654,"data":"SECONDARY_EDGE_TTA_ACTIVE views= 8 weight= 0.75 mean_abs_feat_delta= 0.235145\n"}
,{"stream_name":"stdout","time":365.528832621,"data":"SECONDARY_EDGE_TTA_ACTIVE views= 8 weight= 0.75 mean_abs_feat_delta= 0.282322\n"}
,{"stream_name":"stdout","time":365.532843625,"data":"BIOHUB_RETENTION_GUARD {\"blended_candidates\": 261, \"dataset\": \"44b6_0b24845f\", \"frame\": 24, \"minimum_retention\": 0.9, \"primary_candidates\": 306, \"retention\": 0.8529411764705882, \"use_primary\": true}\n"}
,{"stream_name":"stdout","time":365.684006354,"data":"EDGE_TTA_ACTIVE views= 8 mean_abs_feat_delta= 0.329773\n"}
,{"stream_name":"stdout","time":365.731502734,"data":"SECONDARY_EDGE_TTA_ACTIVE views= 8 weight= 0.75 mean_abs_feat_delta= 0.282322\n"}
,{"stream_name":"stdout","time":365.731534643,"data":"BIOHUB_RETENTION_GUARD {\"blended_candidates\": 261, \"dataset\": \"44b6_0b24845f\", \"frame\": 24, \"minimum_retention\": 0.9, \"primary_candidates\": 306, \"retention\": 0.8529411764705882, \"use_primary\": true}\n"}
,{"stream_name":"stdout","time":365.731540619,"data":"EDGE_TTA_ACTIVE views= 8 mean_abs_feat_delta= 0.329773\n"}
,{"stream_name":"stdout","time":366.54558672,"data":"EDGE_TTA_ACTIVE views= 8 mean_abs_feat_delta= 0.36198\n"}
,{"stream_name":"stdout","time":366.577294866,"data":"SECONDARY_EDGE_TTA_ACTIVE views= 8 weight= 0.75 mean_abs_feat_delta= 0.236219\n"}
,{"stream_name":"stdout","time":366.76418606,"data":"EDGE_TTA_ACTIVE views= 8 mean_abs_feat_delta= 0.36198\n"}
,{"stream_name":"stdout","time":366.764209177,"data":"SECONDARY_EDGE_TTA_ACTIVE views= 8 weight= 0.75 mean_abs_feat_delta= 0.236219\n"}
,{"stream_name":"stdout","time":367.433087224,"data":"SECONDARY_EDGE_TTA_ACTIVE views= 8 weight= 0.75 mean_abs_feat_delta= 0.280181\n"}
,{"stream_name":"stdout","time":367.57442817,"data":"EDGE_TTA_ACTIVE views= 8 mean_abs_feat_delta= 0.325156\n"}
,{"stream_name":"stdout","time":367.635444748,"data":"SECONDARY_EDGE_TTA_ACTIVE views= 8 weight= 0.75 mean_abs_feat_delta= 0.280181\n"}
,{"stream_name":"stdout","time":367.635474306,"data":"EDGE_TTA_ACTIVE views= 8 mean_abs_feat_delta= 0.325156\n"}
,{"stream_name":"stdout","time":368.434635234,"data":"EDGE_TTA_ACTIVE views= 8 mean_abs_feat_delta= 0.365963\n"}
,{"stream_name":"stdout","time":368.470353119,"data":"SECONDARY_EDGE_TTA_ACTIVE views= 8 weight= 0.75 mean_abs_feat_delta= 0.234985\n"}
,{"stream_name":"stdout","time":368.637328649,"data":"EDGE_TTA_ACTIVE views= 8 mean_abs_feat_delta= 0.365963\n"}
,{"stream_name":"stdout","time":368.637394669,"data":"SECONDARY_EDGE_TTA_ACTIVE views= 8 weight= 0.75 mean_abs_feat_delta= 0.234985\n"}
,{"stream_name":"stdout","time":369.323068071,"data":"SECONDARY_EDGE_TTA_ACTIVE views= 8 weight= 0.75 mean_abs_feat_delta= 0.284381\n"}
,{"stream_name":"stdout","time":369.327157137,"data":"BIOHUB_RETENTION_GUARD {\"blended_candidates\": 273, \"dataset\": \"44b6_0b24845f\", \"frame\": 26, \"minimum_retention\": 0.9, \"primary_candidates\": 309, \"retention\": 0.883495145631068, \"use_primary\": true}\n"}
,{"stream_name":"stdout","time":369.460412654,"data":"EDGE_TTA_ACTIVE views= 8 mean_abs_feat_delta= 0.328005\n"}
,{"stream_name":"stdout","time":369.525551766,"data":"SECONDARY_EDGE_TTA_ACTIVE views= 8 weight= 0.75 mean_abs_feat_delta= 0.284381\n"}
,{"stream_name":"stdout","time":369.525585025,"data":"BIOHUB_RETENTION_GUARD {\"blended_candidates\": 273, \"dataset\": \"44b6_0b24845f\", \"frame\": 26, \"minimum_retention\": 0.9, \"primary_candidates\": 309, \"retention\": 0.883495145631068, \"use_primary\": true}\n"}
,{"stream_name":"stdout","time":369.525590885,"data":"EDGE_TTA_ACTIVE views= 8 mean_abs_feat_delta= 0.328005\n"}
,{"stream_name":"stdout","time":370.35764112,"data":"SECONDARY_EDGE_TTA_ACTIVE views= 8 weight= 0.75 mean_abs_feat_delta= 0.230623\n"}
,{"stream_name":"stdout","time":370.36656259,"data":"EDGE_TTA_ACTIVE views= 8 mean_abs_feat_delta= 0.369614\n"}
,{"stream_name":"stdout","time":370.560035386,"data":"SECONDARY_EDGE_TTA_ACTIVE views= 8 weight= 0.75 mean_abs_feat_delta= 0.230623\n"}
,{"stream_name":"stdout","time":370.560068043,"data":"EDGE_TTA_ACTIVE views= 8 mean_abs_feat_delta= 0.369614\n"}
,{"stream_name":"stdout","time":371.2560292,"data":"SECONDARY_EDGE_TTA_ACTIVE views= 8 weight= 0.75 mean_abs_feat_delta= 0.289602\n"}
,{"stream_name":"stdout","time":371.259349087,"data":"BIOHUB_RETENTION_GUARD {\"blended_candidates\": 258, \"dataset\": \"44b6_0b24845f\", \"frame\": 27, \"minimum_retention\": 0.9, \"primary_candidates\": 302, \"retention\": 0.8543046357615894, \"use_primary\": true}\n"}
,{"stream_name":"stdout","time":371.366317606,"data":"EDGE_TTA_ACTIVE views= 8 mean_abs_feat_delta= 0.332057\n"}
,{"stream_name":"stdout","time":371.457820366,"data":"SECONDARY_EDGE_TTA_ACTIVE views= 8 weight= 0.75 mean_abs_feat_delta= 0.289602\n"}
,{"stream_name":"stdout","time":371.457853067,"data":"BIOHUB_RETENTION_GUARD {\"blended_candidates\": 258, \"dataset\": \"44b6_0b24845f\", \"frame\": 27, \"minimum_retention\": 0.9, \"primary_candidates\": 302, \"retention\": 0.8543046357615894, \"use_primary\": true}\n"}
,{"stream_name":"stdout","time":371.457859163,"data":"EDGE_TTA_ACTIVE views= 8 mean_abs_feat_delta= 0.332057\n"}
,{"stream_name":"stdout","time":372.26211698,"data":"EDGE_TTA_ACTIVE views= 8 mean_abs_feat_delta= 0.365619\n"}
,{"stream_name":"stdout","time":372.264982545,"data":"SECONDARY_EDGE_TTA_ACTIVE views= 8 weight= 0.75 mean_abs_feat_delta= 0.233514\n"}
,{"stream_name":"stdout","time":372.464370726,"data":"EDGE_TTA_ACTIVE views= 8 mean_abs_feat_delta= 0.365619\n"}
,{"stream_name":"stdout","time":372.464405292,"data":"SECONDARY_EDGE_TTA_ACTIVE views= 8 weight= 0.75 mean_abs_feat_delta= 0.233514\n"}
,{"stream_name":"stdout","time":373.150725695,"data":"SECONDARY_EDGE_TTA_ACTIVE views= 8 weight= 0.75 mean_abs_feat_delta= 0.291319\n"}
,{"stream_name":"stdout","time":373.261546111,"data":"EDGE_TTA_ACTIVE views= 8 mean_abs_feat_delta= 0.327244\n"}
,{"stream_name":"stdout","time":373.353073652,"data":"SECONDARY_EDGE_TTA_ACTIVE views= 8 weight= 0.75 mean_abs_feat_delta= 0.291319\n"}
,{"stream_name":"stdout","time":373.353107317,"data":"EDGE_TTA_ACTIVE views= 8 mean_abs_feat_delta= 0.327244\n"}
,{"stream_name":"stdout","time":374.159153746,"data":"EDGE_TTA_ACTIVE views= 8 mean_abs_feat_delta= 0.366332\n"}
,{"stream_name":"stdout","time":374.164430207,"data":"SECONDARY_EDGE_TTA_ACTIVE views= 8 weight= 0.75 mean_abs_feat_delta= 0.236419\n"}
,{"stream_name":"stdout","time":374.361700115,"data":"EDGE_TTA_ACTIVE views= 8 mean_abs_feat_delta= 0.366332\n"}
,{"stream_name":"stdout","time":374.361734181,"data":"SECONDARY_EDGE_TTA_ACTIVE views= 8 weight= 0.75 mean_abs_feat_delta= 0.236419\n"}
,{"stream_name":"stdout","time":375.052779193,"data":"SECONDARY_EDGE_TTA_ACTIVE views= 8 weight= 0.75 mean_abs_feat_delta= 0.283865\n"}
,{"stream_name":"stdout","time":375.163874968,"data":"EDGE_TTA_ACTIVE views= 8 mean_abs_feat_delta= 0.331491\n"}
,{"stream_name":"stdout","time":375.255268407,"data":"SECONDARY_EDGE_TTA_ACTIVE views= 8 weight= 0.75 mean_abs_feat_delta= 0.283865\n"}
,{"stream_name":"stdout","time":375.2553005,"data":"EDGE_TTA_ACTIVE views= 8 mean_abs_feat_delta= 0.331491\n"}
,{"stream_name":"stdout","time":376.06245094,"data":"EDGE_TTA_ACTIVE views= 8 mean_abs_feat_delta= 0.364134\n"}
,{"stream_name":"stdout","time":376.067861778,"data":"SECONDARY_EDGE_TTA_ACTIVE views= 8 weight= 0.75 mean_abs_feat_delta= 0.240106\n"}
,{"stream_name":"stdout","time":376.264716653,"data":"EDGE_TTA_ACTIVE views= 8 mean_abs_feat_delta= 0.364134\n"}
,{"stream_name":"stdout","time":376.264750608,"data":"SECONDARY_EDGE_TTA_ACTIVE views= 8 weight= 0.75 mean_abs_feat_delta= 0.240106\n"}
,{"stream_name":"stdout","time":376.9677148,"data":"SECONDARY_EDGE_TTA_ACTIVE views= 8 weight= 0.75 mean_abs_feat_delta= 0.282155\n"}
,{"stream_name":"stdout","time":377.074834154,"data":"EDGE_TTA_ACTIVE views= 8 mean_abs_feat_delta= 0.332767\n"}
,{"stream_name":"stdout","time":377.170230602,"data":"SECONDARY_EDGE_TTA_ACTIVE views= 8 weight= 0.75 mean_abs_feat_delta= 0.282155\n"}
,{"stream_name":"stdout","time":377.170264315,"data":"EDGE_TTA_ACTIVE views= 8 mean_abs_feat_delta= 0.332767\n"}
,{"stream_name":"stdout","time":377.982385505,"data":"EDGE_TTA_ACTIVE views= 8 mean_abs_feat_delta= 0.359711\n"}
,{"stream_name":"stdout","time":377.982689829,"data":"SECONDARY_EDGE_TTA_ACTIVE views= 8 weight= 0.75 mean_abs_feat_delta= 0.251196\n"}
,{"stream_name":"stdout","time":378.184655671,"data":"EDGE_TTA_ACTIVE views= 8 mean_abs_feat_delta= 0.359711\n"}
,{"stream_name":"stdout","time":378.18468566,"data":"SECONDARY_EDGE_TTA_ACTIVE views= 8 weight= 0.75 mean_abs_feat_delta= 0.251196\n"}
,{"stream_name":"stdout","time":378.875951242,"data":"SECONDARY_EDGE_TTA_ACTIVE views= 8 weight= 0.75 mean_abs_feat_delta= 0.283753\n"}
,{"stream_name":"stdout","time":379.031636867,"data":"EDGE_TTA_ACTIVE views= 8 mean_abs_feat_delta= 0.333532\n"}
,{"stream_name":"stdout","time":379.078736444,"data":"SECONDARY_EDGE_TTA_ACTIVE views= 8 weight= 0.75 mean_abs_feat_delta= 0.283753\n"}
,{"stream_name":"stdout","time":379.078767984,"data":"EDGE_TTA_ACTIVE views= 8 mean_abs_feat_delta= 0.333532\n"}
,{"stream_name":"stdout","time":379.885189624,"data":"EDGE_TTA_ACTIVE views= 8 mean_abs_feat_delta= 0.362505\n"}
,{"stream_name":"stdout","time":379.939667328,"data":"SECONDARY_EDGE_TTA_ACTIVE views= 8 weight= 0.75 mean_abs_feat_delta= 0.251416\n"}
,{"stream_name":"stdout","time":380.087753219,"data":"EDGE_TTA_ACTIVE views= 8 mean_abs_feat_delta= 0.362505\n"}
,{"stream_name":"stdout","time":380.087789251,"data":"SECONDARY_EDGE_TTA_ACTIVE views= 8 weight= 0.75 mean_abs_feat_delta= 0.251416\n"}
,{"stream_name":"stdout","time":380.777983367,"data":"SECONDARY_EDGE_TTA_ACTIVE views= 8 weight= 0.75 mean_abs_feat_delta= 0.282429\n"}
,{"stream_name":"stdout","time":380.782117277,"data":"BIOHUB_RETENTION_GUARD {\"blended_candidates\": 249, \"dataset\": \"44b6_0b24845f\", \"frame\": 32, \"minimum_retention\": 0.9, \"primary_candidates\": 293, \"retention\": 0.8498293515358362, \"use_primary\": true}\n"}
,{"stream_name":"stdout","time":380.957893971,"data":"EDGE_TTA_ACTIVE views= 8 mean_abs_feat_delta= 0.339086\n"}
,{"stream_name":"stdout","time":380.980544588,"data":"SECONDARY_EDGE_TTA_ACTIVE views= 8 weight= 0.75 mean_abs_feat_delta= 0.282429\n"}
,{"stream_name":"stdout","time":380.980571411,"data":"BIOHUB_RETENTION_GUARD {\"blended_candidates\": 249, \"dataset\": \"44b6_0b24845f\", \"frame\": 32, \"minimum_retention\": 0.9, \"primary_candidates\": 293, \"retention\": 0.8498293515358362, \"use_primary\": true}\n"}
,{"stream_name":"stdout","time":380.980577408,"data":"EDGE_TTA_ACTIVE views= 8 mean_abs_feat_delta= 0.339086\n"}
,{"stream_name":"stdout","time":381.787887445,"data":"EDGE_TTA_ACTIVE views= 8 mean_abs_feat_delta= 0.364903\n"}
,{"stream_name":"stdout","time":381.868287242,"data":"SECONDARY_EDGE_TTA_ACTIVE views= 8 weight= 0.75 mean_abs_feat_delta= 0.251129\n"}
,{"stream_name":"stdout","time":381.990111528,"data":"EDGE_TTA_ACTIVE views= 8 mean_abs_feat_delta= 0.364903\n"}
,{"stream_name":"stdout","time":381.99014385,"data":"SECONDARY_EDGE_TTA_ACTIVE views= 8 weight= 0.75 mean_abs_feat_delta= 0.251129\n"}
,{"stream_name":"stdout","time":382.685172044,"data":"SECONDARY_EDGE_TTA_ACTIVE views= 8 weight= 0.75 mean_abs_feat_delta= 0.280468\n"}
,{"stream_name":"stdout","time":382.689367464,"data":"BIOHUB_RETENTION_GUARD {\"blended_candidates\": 234, \"dataset\": \"44b6_0b24845f\", \"frame\": 33, \"minimum_retention\": 0.9, \"primary_candidates\": 276, \"retention\": 0.8478260869565217, \"use_primary\": true}\n"}
,{"stream_name":"stdout","time":382.887674444,"data":"SECONDARY_EDGE_TTA_ACTIVE views= 8 weight= 0.75 mean_abs_feat_delta= 0.280468\n"}
,{"stream_name":"stdout","time":382.88772546,"data":"BIOHUB_RETENTION_GUARD {\"blended_candidates\": 234, \"dataset\": \"44b6_0b24845f\", \"frame\": 33, \"minimum_retention\": 0.9, \"primary_candidates\": 276, \"retention\": 0.8478260869565217, \"use_primary\": true}\n"}
,{"stream_name":"stdout","time":382.910010729,"data":"EDGE_TTA_ACTIVE views= 8 mean_abs_feat_delta= 0.336421\n"}
,{"stream_name":"stdout","time":383.1124506,"data":"EDGE_TTA_ACTIVE views= 8 mean_abs_feat_delta= 0.336421\n"}
,{"stream_name":"stdout","time":383.770465914,"data":"EDGE_TTA_ACTIVE views= 8 mean_abs_feat_delta= 0.364198\n"}
,{"stream_name":"stdout","time":383.822687997,"data":"SECONDARY_EDGE_TTA_ACTIVE views= 8 weight= 0.75 mean_abs_feat_delta= 0.248917\n"}
,{"stream_name":"stdout","time":383.972950762,"data":"EDGE_TTA_ACTIVE views= 8 mean_abs_feat_delta= 0.364198\n"}
,{"stream_name":"stdout","time":383.972985105,"data":"SECONDARY_EDGE_TTA_ACTIVE views= 8 weight= 0.75 mean_abs_feat_delta= 0.248917\n"}
,{"stream_name":"stdout","time":384.670588514,"data":"SECONDARY_EDGE_TTA_ACTIVE views= 8 weight= 0.75 mean_abs_feat_delta= 0.273313\n"}
,{"stream_name":"stdout","time":384.872848661,"data":"SECONDARY_EDGE_TTA_ACTIVE views= 8 weight= 0.75 mean_abs_feat_delta= 0.273313\n"}
,{"stream_name":"stdout","time":384.877067789,"data":"EDGE_TTA_ACTIVE views= 8 mean_abs_feat_delta= 0.329875\n"}
,{"stream_name":"stdout","time":385.079365606,"data":"EDGE_TTA_ACTIVE views= 8 mean_abs_feat_delta= 0.329875\n"}
,{"stream_name":"stdout","time":385.720023498,"data":"EDGE_TTA_ACTIVE views= 8 mean_abs_feat_delta= 0.362852\n"}
,{"stream_name":"stdout","time":385.793257487,"data":"SECONDARY_EDGE_TTA_ACTIVE views= 8 weight= 0.75 mean_abs_feat_delta= 0.248317\n"}
,{"stream_name":"stdout","time":385.922701696,"data":"EDGE_TTA_ACTIVE views= 8 mean_abs_feat_delta= 0.362852\n"}
,{"stream_name":"stdout","time":385.922733854,"data":"SECONDARY_EDGE_TTA_ACTIVE views= 8 weight= 0.75 mean_abs_feat_delta= 0.248317\n"}
,{"stream_name":"stdout","time":386.618544451,"data":"SECONDARY_EDGE_TTA_ACTIVE views= 8 weight= 0.75 mean_abs_feat_delta= 0.27435\n"}
,{"stream_name":"stdout","time":386.812053754,"data":"EDGE_TTA_ACTIVE views= 8 mean_abs_feat_delta= 0.328572\n"}
,{"stream_name":"stdout","time":386.820744073,"data":"SECONDARY_EDGE_TTA_ACTIVE views= 8 weight= 0.75 mean_abs_feat_delta= 0.27435\n"}
,{"stream_name":"stdout","time":386.820768192,"data":"EDGE_TTA_ACTIVE views= 8 mean_abs_feat_delta= 0.328572\n"}
,{"stream_name":"stdout","time":387.639435703,"data":"EDGE_TTA_ACTIVE views= 8 mean_abs_feat_delta= 0.373852\n"}
,{"stream_name":"stdout","time":387.730529035,"data":"SECONDARY_EDGE_TTA_ACTIVE views= 8 weight= 0.75 mean_abs_feat_delta= 0.247468\n"}
,{"stream_name":"stdout","time":387.841654375,"data":"EDGE_TTA_ACTIVE views= 8 mean_abs_feat_delta= 0.373852\n"}
,{"stream_name":"stdout","time":387.841697291,"data":"SECONDARY_EDGE_TTA_ACTIVE views= 8 weight= 0.75 mean_abs_feat_delta= 0.247468\n"}
,{"stream_name":"stdout","time":388.539853327,"data":"SECONDARY_EDGE_TTA_ACTIVE views= 8 weight= 0.75 mean_abs_feat_delta= 0.28122\n"}
,{"stream_name":"stdout","time":388.742335981,"data":"SECONDARY_EDGE_TTA_ACTIVE views= 8 weight= 0.75 mean_abs_feat_delta= 0.28122\n"}
,{"stream_name":"stdout","time":388.765495131,"data":"EDGE_TTA_ACTIVE views= 8 mean_abs_feat_delta= 0.326071\n"}
,{"stream_name":"stdout","time":388.967950881,"data":"EDGE_TTA_ACTIVE views= 8 mean_abs_feat_delta= 0.326071\n"}
,{"stream_name":"stdout","time":389.56220552,"data":"EDGE_TTA_ACTIVE views= 8 mean_abs_feat_delta= 0.368966\n"}
,{"stream_name":"stdout","time":389.686844978,"data":"SECONDARY_EDGE_TTA_ACTIVE views= 8 weight= 0.75 mean_abs_feat_delta= 0.246968\n"}
,{"stream_name":"stdout","time":389.764467887,"data":"EDGE_TTA_ACTIVE views= 8 mean_abs_feat_delta= 0.368966\n"}
,{"stream_name":"stdout","time":389.76449655,"data":"SECONDARY_EDGE_TTA_ACTIVE views= 8 weight= 0.75 mean_abs_feat_delta= 0.246968\n"}
,{"stream_name":"stdout","time":390.466568265,"data":"SECONDARY_EDGE_TTA_ACTIVE views= 8 weight= 0.75 mean_abs_feat_delta= 0.277064\n"}
,{"stream_name":"stdout","time":390.668894443,"data":"SECONDARY_EDGE_TTA_ACTIVE views= 8 weight= 0.75 mean_abs_feat_delta= 0.277064\n"}
,{"stream_name":"stdout","time":390.717678169,"data":"EDGE_TTA_ACTIVE views= 8 mean_abs_feat_delta= 0.328178\n"}
,{"stream_name":"stdout","time":390.920129037,"data":"EDGE_TTA_ACTIVE views= 8 mean_abs_feat_delta= 0.328178\n"}
,{"stream_name":"stdout","time":391.493215957,"data":"EDGE_TTA_ACTIVE views= 8 mean_abs_feat_delta= 0.366559\n"}
,{"stream_name":"stdout","time":391.639218896,"data":"SECONDARY_EDGE_TTA_ACTIVE views= 8 weight= 0.75 mean_abs_feat_delta= 0.250361\n"}
,{"stream_name":"stdout","time":391.695958937,"data":"EDGE_TTA_ACTIVE views= 8 mean_abs_feat_delta= 0.366559\n"}
,{"stream_name":"stdout","time":391.69599272,"data":"SECONDARY_EDGE_TTA_ACTIVE views= 8 weight= 0.75 mean_abs_feat_delta= 0.250361\n"}
,{"stream_name":"stdout","time":392.397690636,"data":"SECONDARY_EDGE_TTA_ACTIVE views= 8 weight= 0.75 mean_abs_feat_delta= 0.274933\n"}
,{"stream_name":"stdout","time":392.600203882,"data":"SECONDARY_EDGE_TTA_ACTIVE views= 8 weight= 0.75 mean_abs_feat_delta= 0.274933\n"}
,{"stream_name":"stdout","time":392.665487872,"data":"EDGE_TTA_ACTIVE views= 8 mean_abs_feat_delta= 0.331242\n"}
,{"stream_name":"stdout","time":392.868007446,"data":"EDGE_TTA_ACTIVE views= 8 mean_abs_feat_delta= 0.331242\n"}
,{"stream_name":"stdout","time":393.426729585,"data":"EDGE_TTA_ACTIVE views= 8 mean_abs_feat_delta= 0.370597\n"}
,{"stream_name":"stdout","time":393.590339019,"data":"SECONDARY_EDGE_TTA_ACTIVE views= 8 weight= 0.75 mean_abs_feat_delta= 0.24375\n"}
,{"stream_name":"stdout","time":393.629039897,"data":"EDGE_TTA_ACTIVE views= 8 mean_abs_feat_delta= 0.370597\n"}
,{"stream_name":"stdout","time":393.629061567,"data":"SECONDARY_EDGE_TTA_ACTIVE views= 8 weight= 0.75 mean_abs_feat_delta= 0.24375\n"}
,{"stream_name":"stdout","time":394.32613805,"data":"SECONDARY_EDGE_TTA_ACTIVE views= 8 weight= 0.75 mean_abs_feat_delta= 0.278308\n"}
,{"stream_name":"stdout","time":394.52840632,"data":"SECONDARY_EDGE_TTA_ACTIVE views= 8 weight= 0.75 mean_abs_feat_delta= 0.278308\n"}
,{"stream_name":"stdout","time":394.623011817,"data":"EDGE_TTA_ACTIVE views= 8 mean_abs_feat_delta= 0.332742\n"}
,{"stream_name":"stdout","time":394.825317877,"data":"EDGE_TTA_ACTIVE views= 8 mean_abs_feat_delta= 0.332742\n"}
,{"stream_name":"stdout","time":395.352452921,"data":"EDGE_TTA_ACTIVE views= 8 mean_abs_feat_delta= 0.372674\n"}
,{"stream_name":"stdout","time":395.548664126,"data":"SECONDARY_EDGE_TTA_ACTIVE views= 8 weight= 0.75 mean_abs_feat_delta= 0.239566\n"}
,{"stream_name":"stdout","time":395.554774666,"data":"EDGE_TTA_ACTIVE views= 8 mean_abs_feat_delta= 0.372674\n"}
,{"stream_name":"stdout","time":395.554798216,"data":"SECONDARY_EDGE_TTA_ACTIVE views= 8 weight= 0.75 mean_abs_feat_delta= 0.239566\n"}
,{"stream_name":"stdout","time":396.255046561,"data":"SECONDARY_EDGE_TTA_ACTIVE views= 8 weight= 0.75 mean_abs_feat_delta= 0.285352\n"}
,{"stream_name":"stdout","time":396.45754913,"data":"SECONDARY_EDGE_TTA_ACTIVE views= 8 weight= 0.75 mean_abs_feat_delta= 0.285352\n"}
,{"stream_name":"stdout","time":396.580576886,"data":"EDGE_TTA_ACTIVE views= 8 mean_abs_feat_delta= 0.325998\n"}
,{"stream_name":"stdout","time":396.800959593,"data":"EDGE_TTA_ACTIVE views= 8 mean_abs_feat_delta= 0.325998\n"}
,{"stream_name":"stdout","time":397.279049069,"data":"EDGE_TTA_ACTIVE views= 8 mean_abs_feat_delta= 0.367938\n"}
,{"stream_name":"stdout","time":397.481697271,"data":"EDGE_TTA_ACTIVE views= 8 mean_abs_feat_delta= 0.367938\n"}
,{"stream_name":"stdout","time":397.511153649,"data":"SECONDARY_EDGE_TTA_ACTIVE views= 8 weight= 0.75 mean_abs_feat_delta= 0.242074\n"}
,{"stream_name":"stdout","time":397.713668774,"data":"SECONDARY_EDGE_TTA_ACTIVE views= 8 weight= 0.75 mean_abs_feat_delta= 0.242074\n"}
,{"stream_name":"stdout","time":398.182041484,"data":"SECONDARY_EDGE_TTA_ACTIVE views= 8 weight= 0.75 mean_abs_feat_delta= 0.280788\n"}
,{"stream_name":"stdout","time":398.384240442,"data":"SECONDARY_EDGE_TTA_ACTIVE views= 8 weight= 0.75 mean_abs_feat_delta= 0.280788\n"}
,{"stream_name":"stdout","time":398.550926109,"data":"EDGE_TTA_ACTIVE views= 8 mean_abs_feat_delta= 0.326187\n"}
,{"stream_name":"stdout","time":398.753339142,"data":"EDGE_TTA_ACTIVE views= 8 mean_abs_feat_delta= 0.326187\n"}
,{"stream_name":"stdout","time":399.22111498,"data":"EDGE_TTA_ACTIVE views= 8 mean_abs_feat_delta= 0.364834\n"}
,{"stream_name":"stdout","time":399.423820584,"data":"EDGE_TTA_ACTIVE views= 8 mean_abs_feat_delta= 0.364834\n"}
,{"stream_name":"stdout","time":399.487518085,"data":"SECONDARY_EDGE_TTA_ACTIVE views= 8 weight= 0.75 mean_abs_feat_delta= 0.24388\n"}
,{"stream_name":"stdout","time":399.689876825,"data":"SECONDARY_EDGE_TTA_ACTIVE views= 8 weight= 0.75 mean_abs_feat_delta= 0.24388\n"}
,{"stream_name":"stdout","time":400.126327262,"data":"SECONDARY_EDGE_TTA_ACTIVE views= 8 weight= 0.75 mean_abs_feat_delta= 0.282166\n"}
,{"stream_name":"stdout","time":400.328912683,"data":"SECONDARY_EDGE_TTA_ACTIVE views= 8 weight= 0.75 mean_abs_feat_delta= 0.282166\n"}
,{"stream_name":"stdout","time":400.521713287,"data":"EDGE_TTA_ACTIVE views= 8 mean_abs_feat_delta= 0.329641\n"}
,{"stream_name":"stdout","time":400.724131108,"data":"EDGE_TTA_ACTIVE views= 8 mean_abs_feat_delta= 0.329641\n"}
,{"stream_name":"stdout","time":401.145524976,"data":"EDGE_TTA_ACTIVE views= 8 mean_abs_feat_delta= 0.36801\n"}
,{"stream_name":"stdout","time":401.348954931,"data":"EDGE_TTA_ACTIVE views= 8 mean_abs_feat_delta= 0.36801\n"}
,{"stream_name":"stdout","time":401.460822223,"data":"SECONDARY_EDGE_TTA_ACTIVE views= 8 weight= 0.75 mean_abs_feat_delta= 0.242396\n"}
,{"stream_name":"stdout","time":401.662975123,"data":"SECONDARY_EDGE_TTA_ACTIVE views= 8 weight= 0.75 mean_abs_feat_delta= 0.242396\n"}
,{"stream_name":"stdout","time":402.052886054,"data":"SECONDARY_EDGE_TTA_ACTIVE views= 8 weight= 0.75 mean_abs_feat_delta= 0.283823\n"}
,{"stream_name":"stdout","time":402.255413968,"data":"SECONDARY_EDGE_TTA_ACTIVE views= 8 weight= 0.75 mean_abs_feat_delta= 0.283823\n"}
,{"stream_name":"stdout","time":402.499697541,"data":"EDGE_TTA_ACTIVE views= 8 mean_abs_feat_delta= 0.331184\n"}
,{"stream_name":"stdout","time":402.70204582,"data":"EDGE_TTA_ACTIVE views= 8 mean_abs_feat_delta= 0.331184\n"}
,{"stream_name":"stdout","time":403.096969051,"data":"EDGE_TTA_ACTIVE views= 8 mean_abs_feat_delta= 0.367877\n"}
,{"stream_name":"stdout","time":403.299415033,"data":"EDGE_TTA_ACTIVE views= 8 mean_abs_feat_delta= 0.367877\n"}
,{"stream_name":"stdout","time":403.456272669,"data":"SECONDARY_EDGE_TTA_ACTIVE views= 8 weight= 0.75 mean_abs_feat_delta= 0.24245\n"}
,{"stream_name":"stdout","time":403.658832528,"data":"SECONDARY_EDGE_TTA_ACTIVE views= 8 weight= 0.75 mean_abs_feat_delta= 0.24245\n"}
,{"stream_name":"stdout","time":404.005605926,"data":"SECONDARY_EDGE_TTA_ACTIVE views= 8 weight= 0.75 mean_abs_feat_delta= 0.281373\n"}
,{"stream_name":"stdout","time":404.208170677,"data":"SECONDARY_EDGE_TTA_ACTIVE views= 8 weight= 0.75 mean_abs_feat_delta= 0.281373\n"}
,{"stream_name":"stdout","time":404.514421805,"data":"EDGE_TTA_ACTIVE views= 8 mean_abs_feat_delta= 0.330506\n"}
,{"stream_name":"stdout","time":404.716968511,"data":"EDGE_TTA_ACTIVE views= 8 mean_abs_feat_delta= 0.330506\n"}
,{"stream_name":"stdout","time":405.051000201,"data":"EDGE_TTA_ACTIVE views= 8 mean_abs_feat_delta= 0.368248\n"}
,{"stream_name":"stdout","time":405.253344397,"data":"EDGE_TTA_ACTIVE views= 8 mean_abs_feat_delta= 0.368248\n"}
,{"stream_name":"stdout","time":405.451905933,"data":"SECONDARY_EDGE_TTA_ACTIVE views= 8 weight= 0.75 mean_abs_feat_delta= 0.246663\n"}
,{"stream_name":"stdout","time":405.654338085,"data":"SECONDARY_EDGE_TTA_ACTIVE views= 8 weight= 0.75 mean_abs_feat_delta= 0.246663\n"}
,{"stream_name":"stdout","time":405.961194861,"data":"SECONDARY_EDGE_TTA_ACTIVE views= 8 weight= 0.75 mean_abs_feat_delta= 0.281151\n"}
,{"stream_name":"stdout","time":406.163627768,"data":"SECONDARY_EDGE_TTA_ACTIVE views= 8 weight= 0.75 mean_abs_feat_delta= 0.281151\n"}
,{"stream_name":"stdout","time":406.505444318,"data":"EDGE_TTA_ACTIVE views= 8 mean_abs_feat_delta= 0.326851\n"}
,{"stream_name":"stdout","time":406.707617688,"data":"EDGE_TTA_ACTIVE views= 8 mean_abs_feat_delta= 0.326851\n"}
,{"stream_name":"stdout","time":406.99140359,"data":"EDGE_TTA_ACTIVE views= 8 mean_abs_feat_delta= 0.366473\n"}
,{"stream_name":"stdout","time":407.193771981,"data":"EDGE_TTA_ACTIVE views= 8 mean_abs_feat_delta= 0.366473\n"}
,{"stream_name":"stdout","time":407.444081658,"data":"SECONDARY_EDGE_TTA_ACTIVE views= 8 weight= 0.75 mean_abs_feat_delta= 0.248161\n"}
,{"stream_name":"stdout","time":407.646449894,"data":"SECONDARY_EDGE_TTA_ACTIVE views= 8 weight= 0.75 mean_abs_feat_delta= 0.248161\n"}
,{"stream_name":"stdout","time":407.900617903,"data":"SECONDARY_EDGE_TTA_ACTIVE views= 8 weight= 0.75 mean_abs_feat_delta= 0.288338\n"}
,{"stream_name":"stdout","time":408.103173302,"data":"SECONDARY_EDGE_TTA_ACTIVE views= 8 weight= 0.75 mean_abs_feat_delta= 0.288338\n"}
,{"stream_name":"stdout","time":408.48912084,"data":"EDGE_TTA_ACTIVE views= 8 mean_abs_feat_delta= 0.32759\n"}
,{"stream_name":"stdout","time":408.691563434,"data":"EDGE_TTA_ACTIVE views= 8 mean_abs_feat_delta= 0.32759\n"}
,{"stream_name":"stdout","time":408.929462884,"data":"EDGE_TTA_ACTIVE views= 8 mean_abs_feat_delta= 0.369227\n"}
,{"stream_name":"stdout","time":409.131855366,"data":"EDGE_TTA_ACTIVE views= 8 mean_abs_feat_delta= 0.369227\n"}
,{"stream_name":"stdout","time":409.432024105,"data":"SECONDARY_EDGE_TTA_ACTIVE views= 8 weight= 0.75 mean_abs_feat_delta= 0.244572\n"}
,{"stream_name":"stdout","time":409.63442624,"data":"SECONDARY_EDGE_TTA_ACTIVE views= 8 weight= 0.75 mean_abs_feat_delta= 0.244572\n"}
,{"stream_name":"stdout","time":409.841530749,"data":"SECONDARY_EDGE_TTA_ACTIVE views= 8 weight= 0.75 mean_abs_feat_delta= 0.292434\n"}
,{"stream_name":"stdout","time":409.846043359,"data":"BIOHUB_RETENTION_GUARD {\"blended_candidates\": 264, \"dataset\": \"44b6_0b24845f\", \"frame\": 47, \"minimum_retention\": 0.9, \"primary_candidates\": 307, \"retention\": 0.8599348534201955, \"use_primary\": true}\n"}
,{"stream_name":"stdout","time":410.043789106,"data":"SECONDARY_EDGE_TTA_ACTIVE views= 8 weight= 0.75 mean_abs_feat_delta= 0.292434\n"}
,{"stream_name":"stdout","time":410.043832981,"data":"BIOHUB_RETENTION_GUARD {\"blended_candidates\": 264, \"dataset\": \"44b6_0b24845f\", \"frame\": 47, \"minimum_retention\": 0.9, \"primary_candidates\": 307, \"retention\": 0.8599348534201955, \"use_primary\": true}\n"}
,{"stream_name":"stdout","time":410.507412495,"data":"EDGE_TTA_ACTIVE views= 8 mean_abs_feat_delta= 0.323605\n"}
,{"stream_name":"stdout","time":410.70973947,"data":"EDGE_TTA_ACTIVE views= 8 mean_abs_feat_delta= 0.323605\n"}
,{"stream_name":"stdout","time":410.864279638,"data":"EDGE_TTA_ACTIVE views= 8 mean_abs_feat_delta= 0.376915\n"}
,{"stream_name":"stdout","time":411.066689301,"data":"EDGE_TTA_ACTIVE views= 8 mean_abs_feat_delta= 0.376915\n"}
,{"stream_name":"stdout","time":411.451981043,"data":"SECONDARY_EDGE_TTA_ACTIVE views= 8 weight= 0.75 mean_abs_feat_delta= 0.244253\n"}
,{"stream_name":"stdout","time":411.65463172,"data":"SECONDARY_EDGE_TTA_ACTIVE views= 8 weight= 0.75 mean_abs_feat_delta= 0.244253\n"}
,{"stream_name":"stdout","time":411.77965219,"data":"SECONDARY_EDGE_TTA_ACTIVE views= 8 weight= 0.75 mean_abs_feat_delta= 0.288129\n"}
,{"stream_name":"stdout","time":411.981871268,"data":"SECONDARY_EDGE_TTA_ACTIVE views= 8 weight= 0.75 mean_abs_feat_delta= 0.288129\n"}
,{"stream_name":"stdout","time":412.498885825,"data":"EDGE_TTA_ACTIVE views= 8 mean_abs_feat_delta= 0.332571\n"}
,{"stream_name":"stdout","time":412.701380065,"data":"EDGE_TTA_ACTIVE views= 8 mean_abs_feat_delta= 0.332571\n"}
,{"stream_name":"stdout","time":412.811554421,"data":"EDGE_TTA_ACTIVE views= 8 mean_abs_feat_delta= 0.373149\n"}
,{"stream_name":"stdout","time":413.014006162,"data":"EDGE_TTA_ACTIVE views= 8 mean_abs_feat_delta= 0.373149\n"}
,{"stream_name":"stdout","time":413.444649372,"data":"SECONDARY_EDGE_TTA_ACTIVE views= 8 weight= 0.75 mean_abs_feat_delta= 0.251298\n"}
,{"stream_name":"stdout","time":413.647000133,"data":"SECONDARY_EDGE_TTA_ACTIVE views= 8 weight= 0.75 mean_abs_feat_delta= 0.251298\n"}
,{"stream_name":"stdout","time":413.72630031,"data":"SECONDARY_EDGE_TTA_ACTIVE views= 8 weight= 0.75 mean_abs_feat_delta= 0.299885\n"}
,{"stream_name":"stdout","time":413.928685812,"data":"SECONDARY_EDGE_TTA_ACTIVE views= 8 weight= 0.75 mean_abs_feat_delta= 0.299885\n"}
,{"stream_name":"stdout","time":414.493060991,"data":"EDGE_TTA_ACTIVE views= 8 mean_abs_feat_delta= 0.328319\n"}
,{"stream_name":"stdout","time":414.69544602,"data":"EDGE_TTA_ACTIVE views= 8 mean_abs_feat_delta= 0.328319\n"}
,{"stream_name":"stdout","time":414.755526507,"data":"EDGE_TTA_ACTIVE views= 8 mean_abs_feat_delta= 0.373289\n"}
,{"stream_name":"stdout","time":414.957867967,"data":"EDGE_TTA_ACTIVE views= 8 mean_abs_feat_delta= 0.373289\n"}
,{"stream_name":"stdout","time":415.442802909,"data":"SECONDARY_EDGE_TTA_ACTIVE views= 8 weight= 0.75 mean_abs_feat_delta= 0.241945\n"}
,{"stream_name":"stdout","time":415.64523943,"data":"SECONDARY_EDGE_TTA_ACTIVE views= 8 weight= 0.75 mean_abs_feat_delta= 0.241945\n"}
,{"stream_name":"stdout","time":415.677137061,"data":"SECONDARY_EDGE_TTA_ACTIVE views= 8 weight= 0.75 mean_abs_feat_delta= 0.305548\n"}
,{"stream_name":"stdout","time":415.681439988,"data":"BIOHUB_RETENTION_GUARD {\"blended_candidates\": 253, \"dataset\": \"44b6_0b24845f\", \"frame\": 50, \"minimum_retention\": 0.9, \"primary_candidates\": 285, \"retention\": 0.887719298245614, \"use_primary\": true}\n"}
,{"stream_name":"stdout","time":415.87961724,"data":"SECONDARY_EDGE_TTA_ACTIVE views= 8 weight= 0.75 mean_abs_feat_delta= 0.305548\n"}
,{"stream_name":"stdout","time":415.879649757,"data":"BIOHUB_RETENTION_GUARD {\"blended_candidates\": 253, \"dataset\": \"44b6_0b24845f\", \"frame\": 50, \"minimum_retention\": 0.9, \"primary_candidates\": 285, \"retention\": 0.887719298245614, \"use_primary\": true}\n"}
,{"stream_name":"stdout","time":416.521144955,"data":"EDGE_TTA_ACTIVE views= 8 mean_abs_feat_delta= 0.327289\n"}
,{"stream_name":"stdout","time":416.723654012,"data":"EDGE_TTA_ACTIVE views= 8 mean_abs_feat_delta= 0.327289\n"}
,{"stream_name":"stdout","time":416.737333552,"data":"EDGE_TTA_ACTIVE views= 8 mean_abs_feat_delta= 0.372374\n"}
,{"stream_name":"stdout","time":416.939508002,"data":"EDGE_TTA_ACTIVE views= 8 mean_abs_feat_delta= 0.372374\n"}
,{"stream_name":"stdout","time":417.474409113,"data":"SECONDARY_EDGE_TTA_ACTIVE views= 8 weight= 0.75 mean_abs_feat_delta= 0.241039\n"}
,{"stream_name":"stdout","time":417.6536892,"data":"SECONDARY_EDGE_TTA_ACTIVE views= 8 weight= 0.75 mean_abs_feat_delta= 0.296505\n"}
,{"stream_name":"stdout","time":417.657803426,"data":"BIOHUB_RETENTION_GUARD {\"blended_candidates\": 321, \"dataset\": \"44b6_0b24845f\", \"frame\": 51, \"minimum_retention\": 0.9, \"primary_candidates\": 361, \"retention\": 0.889196675900277, \"use_primary\": true}\n"}
,{"stream_name":"stdout","time":417.676865874,"data":"SECONDARY_EDGE_TTA_ACTIVE views= 8 weight= 0.75 mean_abs_feat_delta= 0.241039\n"}
,{"stream_name":"stdout","time":417.676887188,"data":"SECONDARY_EDGE_TTA_ACTIVE views= 8 weight= 0.75 mean_abs_feat_delta= 0.296505\n"}
,{"stream_name":"stdout","time":417.676892636,"data":"BIOHUB_RETENTION_GUARD {\"blended_candidates\": 321, \"dataset\": \"44b6_0b24845f\", \"frame\": 51, \"minimum_retention\": 0.9, \"primary_candidates\": 361, \"retention\": 0.889196675900277, \"use_primary\": true}\n"}
,{"stream_name":"stdout","time":418.533468032,"data":"EDGE_TTA_ACTIVE views= 8 mean_abs_feat_delta= 0.337614\n"}
,{"stream_name":"stdout","time":418.688176611,"data":"EDGE_TTA_ACTIVE views= 8 mean_abs_feat_delta= 0.36791\n"}
,{"stream_name":"stdout","time":418.73590723,"data":"EDGE_TTA_ACTIVE views= 8 mean_abs_feat_delta= 0.337614\n"}
,{"stream_name":"stdout","time":418.735963578,"data":"EDGE_TTA_ACTIVE views= 8 mean_abs_feat_delta= 0.36791\n"}
,{"stream_name":"stdout","time":419.49166034,"data":"SECONDARY_EDGE_TTA_ACTIVE views= 8 weight= 0.75 mean_abs_feat_delta= 0.250851\n"}
,{"stream_name":"stdout","time":419.606890086,"data":"SECONDARY_EDGE_TTA_ACTIVE views= 8 weight= 0.75 mean_abs_feat_delta= 0.295986\n"}
,{"stream_name":"stdout","time":419.693787975,"data":"SECONDARY_EDGE_TTA_ACTIVE views= 8 weight= 0.75 mean_abs_feat_delta= 0.250851\n"}
,{"stream_name":"stdout","time":419.693819528,"data":"SECONDARY_EDGE_TTA_ACTIVE views= 8 weight= 0.75 mean_abs_feat_delta= 0.295986\n"}
,{"stream_name":"stdout","time":420.559547103,"data":"EDGE_TTA_ACTIVE views= 8 mean_abs_feat_delta= 0.338693\n"}
,{"stream_name":"stdout","time":420.656726583,"data":"EDGE_TTA_ACTIVE views= 8 mean_abs_feat_delta= 0.370709\n"}
,{"stream_name":"stdout","time":420.761953344,"data":"EDGE_TTA_ACTIVE views= 8 mean_abs_feat_delta= 0.338693\n"}
,{"stream_name":"stdout","time":420.761981867,"data":"EDGE_TTA_ACTIVE views= 8 mean_abs_feat_delta= 0.370709\n"}
,{"stream_name":"stdout","time":421.521936469,"data":"SECONDARY_EDGE_TTA_ACTIVE views= 8 weight= 0.75 mean_abs_feat_delta= 0.253217\n"}
,{"stream_name":"stdout","time":421.5772086,"data":"SECONDARY_EDGE_TTA_ACTIVE views= 8 weight= 0.75 mean_abs_feat_delta= 0.30285\n"}
,{"stream_name":"stdout","time":421.5813921,"data":"BIOHUB_RETENTION_GUARD {\"blended_candidates\": 305, \"dataset\": \"44b6_0b24845f\", \"frame\": 53, \"minimum_retention\": 0.9, \"primary_candidates\": 342, \"retention\": 0.8918128654970761, \"use_primary\": true}\n"}
,{"stream_name":"stdout","time":421.723772047,"data":"SECONDARY_EDGE_TTA_ACTIVE views= 8 weight= 0.75 mean_abs_feat_delta= 0.253217\n"}
,{"stream_name":"stdout","time":421.72381867,"data":"SECONDARY_EDGE_TTA_ACTIVE views= 8 weight= 0.75 mean_abs_feat_delta= 0.30285\n"}
,{"stream_name":"stdout","time":421.723823317,"data":"BIOHUB_RETENTION_GUARD {\"blended_candidates\": 305, \"dataset\": \"44b6_0b24845f\", \"frame\": 53, \"minimum_retention\": 0.9, \"primary_candidates\": 342, \"retention\": 0.8918128654970761, \"use_primary\": true}\n"}
,{"stream_name":"stdout","time":422.61999344,"data":"EDGE_TTA_ACTIVE views= 8 mean_abs_feat_delta= 0.338257\n"}
,{"stream_name":"stdout","time":422.743663551,"data":"EDGE_TTA_ACTIVE views= 8 mean_abs_feat_delta= 0.369503\n"}
,{"stream_name":"stdout","time":422.822726261,"data":"EDGE_TTA_ACTIVE views= 8 mean_abs_feat_delta= 0.338257\n"}
,{"stream_name":"stdout","time":422.82276465,"data":"EDGE_TTA_ACTIVE views= 8 mean_abs_feat_delta= 0.369503\n"}
,{"stream_name":"stdout","time":423.57980304,"data":"SECONDARY_EDGE_TTA_ACTIVE views= 8 weight= 0.75 mean_abs_feat_delta= 0.261342\n"}
,{"stream_name":"stdout","time":423.664027929,"data":"SECONDARY_EDGE_TTA_ACTIVE views= 8 weight= 0.75 mean_abs_feat_delta= 0.30254\n"}
,{"stream_name":"stdout","time":423.668838888,"data":"BIOHUB_RETENTION_GUARD {\"blended_candidates\": 321, \"dataset\": \"44b6_0b24845f\", \"frame\": 54, \"minimum_retention\": 0.9, \"primary_candidates\": 362, \"retention\": 0.8867403314917127, \"use_primary\": true}\n"}
,{"stream_name":"stdout","time":423.782054717,"data":"SECONDARY_EDGE_TTA_ACTIVE views= 8 weight= 0.75 mean_abs_feat_delta= 0.261342\n"}
,{"stream_name":"stdout","time":423.7820975,"data":"SECONDARY_EDGE_TTA_ACTIVE views= 8 weight= 0.75 mean_abs_feat_delta= 0.30254\n"}
,{"stream_name":"stdout","time":423.782104712,"data":"BIOHUB_RETENTION_GUARD {\"blended_candidates\": 321, \"dataset\": \"44b6_0b24845f\", \"frame\": 54, \"minimum_retention\": 0.9, \"primary_candidates\": 362, \"retention\": 0.8867403314917127, \"use_primary\": true}\n"}
,{"stream_name":"stdout","time":424.674433724,"data":"EDGE_TTA_ACTIVE views= 8 mean_abs_feat_delta= 0.33887\n"}
,{"stream_name":"stdout","time":424.725606398,"data":"EDGE_TTA_ACTIVE views= 8 mean_abs_feat_delta= 0.3697\n"}
,{"stream_name":"stdout","time":424.876681272,"data":"EDGE_TTA_ACTIVE views= 8 mean_abs_feat_delta= 0.33887\n"}
,{"stream_name":"stdout","time":424.876710427,"data":"EDGE_TTA_ACTIVE views= 8 mean_abs_feat_delta= 0.3697\n"}
,{"stream_name":"stdout","time":425.645670555,"data":"SECONDARY_EDGE_TTA_ACTIVE views= 8 weight= 0.75 mean_abs_feat_delta= 0.263655\n"}
,{"stream_name":"stdout","time":425.646477919,"data":"SECONDARY_EDGE_TTA_ACTIVE views= 8 weight= 0.75 mean_abs_feat_delta= 0.304896\n"}
,{"stream_name":"stdout","time":425.848081866,"data":"SECONDARY_EDGE_TTA_ACTIVE views= 8 weight= 0.75 mean_abs_feat_delta= 0.263655\n"}
,{"stream_name":"stdout","time":425.848118936,"data":"SECONDARY_EDGE_TTA_ACTIVE views= 8 weight= 0.75 mean_abs_feat_delta= 0.304896\n"}
,{"stream_name":"stdout","time":426.712802905,"data":"EDGE_TTA_ACTIVE views= 8 mean_abs_feat_delta= 0.37301\n"}
,{"stream_name":"stdout","time":426.722552892,"data":"EDGE_TTA_ACTIVE views= 8 mean_abs_feat_delta= 0.339106\n"}
,{"stream_name":"stdout","time":426.936772841,"data":"EDGE_TTA_ACTIVE views= 8 mean_abs_feat_delta= 0.37301\n"}
,{"stream_name":"stdout","time":426.936797167,"data":"EDGE_TTA_ACTIVE views= 8 mean_abs_feat_delta= 0.339106\n"}
,{"stream_name":"stdout","time":427.63679066,"data":"SECONDARY_EDGE_TTA_ACTIVE views= 8 weight= 0.75 mean_abs_feat_delta= 0.308335\n"}
,{"stream_name":"stdout","time":427.696707994,"data":"SECONDARY_EDGE_TTA_ACTIVE views= 8 weight= 0.75 mean_abs_feat_delta= 0.264049\n"}
,{"stream_name":"stdout","time":427.839090791,"data":"SECONDARY_EDGE_TTA_ACTIVE views= 8 weight= 0.75 mean_abs_feat_delta= 0.308335\n"}
,{"stream_name":"stdout","time":427.839135351,"data":"SECONDARY_EDGE_TTA_ACTIVE views= 8 weight= 0.75 mean_abs_feat_delta= 0.264049\n"}
,{"stream_name":"stdout","time":428.722912347,"data":"EDGE_TTA_ACTIVE views= 8 mean_abs_feat_delta= 0.367347\n"}
,{"stream_name":"stdout","time":428.840826168,"data":"EDGE_TTA_ACTIVE views= 8 mean_abs_feat_delta= 0.341611\n"}
,{"stream_name":"stdout","time":428.925368959,"data":"EDGE_TTA_ACTIVE views= 8 mean_abs_feat_delta= 0.367347\n"}
,{"stream_name":"stdout","time":428.925397606,"data":"EDGE_TTA_ACTIVE views= 8 mean_abs_feat_delta= 0.341611\n"}
,{"stream_name":"stdout","time":429.648421618,"data":"SECONDARY_EDGE_TTA_ACTIVE views= 8 weight= 0.75 mean_abs_feat_delta= 0.3079\n"}
,{"stream_name":"stdout","time":429.808769868,"data":"SECONDARY_EDGE_TTA_ACTIVE views= 8 weight= 0.75 mean_abs_feat_delta= 0.262185\n"}
,{"stream_name":"stdout","time":429.850894661,"data":"SECONDARY_EDGE_TTA_ACTIVE views= 8 weight= 0.75 mean_abs_feat_delta= 0.3079\n"}
,{"stream_name":"stdout","time":429.850937689,"data":"SECONDARY_EDGE_TTA_ACTIVE views= 8 weight= 0.75 mean_abs_feat_delta= 0.262185\n"}
,{"stream_name":"stdout","time":430.700286452,"data":"EDGE_TTA_ACTIVE views= 8 mean_abs_feat_delta= 0.36398\n"}
,{"stream_name":"stdout","time":430.880860849,"data":"EDGE_TTA_ACTIVE views= 8 mean_abs_feat_delta= 0.346143\n"}
,{"stream_name":"stdout","time":430.902628139,"data":"EDGE_TTA_ACTIVE views= 8 mean_abs_feat_delta= 0.36398\n"}
,{"stream_name":"stdout","time":430.902651984,"data":"EDGE_TTA_ACTIVE views= 8 mean_abs_feat_delta= 0.346143\n"}
,{"stream_name":"stdout","time":431.627328678,"data":"SECONDARY_EDGE_TTA_ACTIVE views= 8 weight= 0.75 mean_abs_feat_delta= 0.304751\n"}
,{"stream_name":"stdout","time":431.631456059,"data":"BIOHUB_RETENTION_GUARD {\"blended_candidates\": 263, \"dataset\": \"44b6_0b24845f\", \"frame\": 58, \"minimum_retention\": 0.9, \"primary_candidates\": 312, \"retention\": 0.842948717948718, \"use_primary\": true}\n"}
,{"stream_name":"stdout","time":431.829781652,"data":"SECONDARY_EDGE_TTA_ACTIVE views= 8 weight= 0.75 mean_abs_feat_delta= 0.304751\n"}
,{"stream_name":"stdout","time":431.829816068,"data":"BIOHUB_RETENTION_GUARD {\"blended_candidates\": 263, \"dataset\": \"44b6_0b24845f\", \"frame\": 58, \"minimum_retention\": 0.9, \"primary_candidates\": 312, \"retention\": 0.842948717948718, \"use_primary\": true}\n"}
,{"stream_name":"stdout","time":431.855200333,"data":"SECONDARY_EDGE_TTA_ACTIVE views= 8 weight= 0.75 mean_abs_feat_delta= 0.257653\n"}
,{"stream_name":"stdout","time":432.057665641,"data":"SECONDARY_EDGE_TTA_ACTIVE views= 8 weight= 0.75 mean_abs_feat_delta= 0.257653\n"}
,{"stream_name":"stdout","time":432.668022749,"data":"EDGE_TTA_ACTIVE views= 8 mean_abs_feat_delta= 0.366206\n"}
,{"stream_name":"stdout","time":432.870960375,"data":"EDGE_TTA_ACTIVE views= 8 mean_abs_feat_delta= 0.366206\n"}
,{"stream_name":"stdout","time":432.930750711,"data":"EDGE_TTA_ACTIVE views= 8 mean_abs_feat_delta= 0.340083\n"}
,{"stream_name":"stdout","time":433.133229512,"data":"EDGE_TTA_ACTIVE views= 8 mean_abs_feat_delta= 0.340083\n"}
,{"stream_name":"stdout","time":433.595846293,"data":"SECONDARY_EDGE_TTA_ACTIVE views= 8 weight= 0.75 mean_abs_feat_delta= 0.300835\n"}
,{"stream_name":"stdout","time":433.599994881,"data":"BIOHUB_RETENTION_GUARD {\"blended_candidates\": 303, \"dataset\": \"44b6_0b24845f\", \"frame\": 59, \"minimum_retention\": 0.9, \"primary_candidates\": 346, \"retention\": 0.8757225433526011, \"use_primary\": true}\n"}
,{"stream_name":"stdout","time":433.79835155,"data":"SECONDARY_EDGE_TTA_ACTIVE views= 8 weight= 0.75 mean_abs_feat_delta= 0.300835\n"}
,{"stream_name":"stdout","time":433.798384464,"data":"BIOHUB_RETENTION_GUARD {\"blended_candidates\": 303, \"dataset\": \"44b6_0b24845f\", \"frame\": 59, \"minimum_retention\": 0.9, \"primary_candidates\": 346, \"retention\": 0.8757225433526011, \"use_primary\": true}\n"}
,{"stream_name":"stdout","time":433.90563076,"data":"SECONDARY_EDGE_TTA_ACTIVE views= 8 weight= 0.75 mean_abs_feat_delta= 0.252778\n"}
,{"stream_name":"stdout","time":434.108023758,"data":"SECONDARY_EDGE_TTA_ACTIVE views= 8 weight= 0.75 mean_abs_feat_delta= 0.252778\n"}
,{"stream_name":"stdout","time":434.656039942,"data":"EDGE_TTA_ACTIVE views= 8 mean_abs_feat_delta= 0.36887\n"}
,{"stream_name":"stdout","time":434.858452838,"data":"EDGE_TTA_ACTIVE views= 8 mean_abs_feat_delta= 0.36887\n"}
,{"stream_name":"stdout","time":434.980973644,"data":"EDGE_TTA_ACTIVE views= 8 mean_abs_feat_delta= 0.339203\n"}
,{"stream_name":"stdout","time":435.18386453,"data":"EDGE_TTA_ACTIVE views= 8 mean_abs_feat_delta= 0.339203\n"}
,{"stream_name":"stdout","time":435.584569099,"data":"SECONDARY_EDGE_TTA_ACTIVE views= 8 weight= 0.75 mean_abs_feat_delta= 0.300158\n"}
,{"stream_name":"stdout","time":435.58858479,"data":"BIOHUB_RETENTION_GUARD {\"blended_candidates\": 335, \"dataset\": \"44b6_0b24845f\", \"frame\": 60, \"minimum_retention\": 0.9, \"primary_candidates\": 393, \"retention\": 0.8524173027989822, \"use_primary\": true}\n"}
,{"stream_name":"stdout","time":435.786925785,"data":"SECONDARY_EDGE_TTA_ACTIVE views= 8 weight= 0.75 mean_abs_feat_delta= 0.300158\n"}
,{"stream_name":"stdout","time":435.78696262,"data":"BIOHUB_RETENTION_GUARD {\"blended_candidates\": 335, \"dataset\": \"44b6_0b24845f\", \"frame\": 60, \"minimum_retention\": 0.9, \"primary_candidates\": 393, \"retention\": 0.8524173027989822, \"use_primary\": true}\n"}
,{"stream_name":"stdout","time":435.957181572,"data":"SECONDARY_EDGE_TTA_ACTIVE views= 8 weight= 0.75 mean_abs_feat_delta= 0.255196\n"}
,{"stream_name":"stdout","time":436.159415711,"data":"SECONDARY_EDGE_TTA_ACTIVE views= 8 weight= 0.75 mean_abs_feat_delta= 0.255196\n"}
,{"stream_name":"stdout","time":436.653266553,"data":"EDGE_TTA_ACTIVE views= 8 mean_abs_feat_delta= 0.365386\n"}
,{"stream_name":"stdout","time":436.855720739,"data":"EDGE_TTA_ACTIVE views= 8 mean_abs_feat_delta= 0.365386\n"}
,{"stream_name":"stdout","time":437.033814537,"data":"EDGE_TTA_ACTIVE views= 8 mean_abs_feat_delta= 0.336994\n"}
,{"stream_name":"stdout","time":437.236186721,"data":"EDGE_TTA_ACTIVE views= 8 mean_abs_feat_delta= 0.336994\n"}
,{"stream_name":"stdout","time":437.582303668,"data":"SECONDARY_EDGE_TTA_ACTIVE views= 8 weight= 0.75 mean_abs_feat_delta= 0.300168\n"}
,{"stream_name":"stdout","time":437.586456258,"data":"BIOHUB_RETENTION_GUARD {\"blended_candidates\": 275, \"dataset\": \"44b6_0b24845f\", \"frame\": 61, \"minimum_retention\": 0.9, \"primary_candidates\": 333, \"retention\": 0.8258258258258259, \"use_primary\": true}\n"}
,{"stream_name":"stdout","time":437.784830846,"data":"SECONDARY_EDGE_TTA_ACTIVE views= 8 weight= 0.75 mean_abs_feat_delta= 0.300168\n"}
,{"stream_name":"stdout","time":437.784863064,"data":"BIOHUB_RETENTION_GUARD {\"blended_candidates\": 275, \"dataset\": \"44b6_0b24845f\", \"frame\": 61, \"minimum_retention\": 0.9, \"primary_candidates\": 333, \"retention\": 0.8258258258258259, \"use_primary\": true}\n"}
,{"stream_name":"stdout","time":438.026002151,"data":"SECONDARY_EDGE_TTA_ACTIVE views= 8 weight= 0.75 mean_abs_feat_delta= 0.255652\n"}
,{"stream_name":"stdout","time":438.228409467,"data":"SECONDARY_EDGE_TTA_ACTIVE views= 8 weight= 0.75 mean_abs_feat_delta= 0.255652\n"}
,{"stream_name":"stdout","time":438.657751027,"data":"EDGE_TTA_ACTIVE views= 8 mean_abs_feat_delta= 0.366621\n"}
,{"stream_name":"stdout","time":438.860201669,"data":"EDGE_TTA_ACTIVE views= 8 mean_abs_feat_delta= 0.366621\n"}
,{"stream_name":"stdout","time":439.127747683,"data":"EDGE_TTA_ACTIVE views= 8 mean_abs_feat_delta= 0.342499\n"}
,{"stream_name":"stdout","time":439.329904165,"data":"EDGE_TTA_ACTIVE views= 8 mean_abs_feat_delta= 0.342499\n"}
,{"stream_name":"stdout","time":439.587439437,"data":"SECONDARY_EDGE_TTA_ACTIVE views= 8 weight= 0.75 mean_abs_feat_delta= 0.300845\n"}
,{"stream_name":"stdout","time":439.591578249,"data":"BIOHUB_RETENTION_GUARD {\"blended_candidates\": 298, \"dataset\": \"44b6_0b24845f\", \"frame\": 62, \"minimum_retention\": 0.9, \"primary_candidates\": 345, \"retention\": 0.863768115942029, \"use_primary\": true}\n"}
,{"stream_name":"stdout","time":439.789976355,"data":"SECONDARY_EDGE_TTA_ACTIVE views= 8 weight= 0.75 mean_abs_feat_delta= 0.300845\n"}
,{"stream_name":"stdout","time":439.790007157,"data":"BIOHUB_RETENTION_GUARD {\"blended_candidates\": 298, \"dataset\": \"44b6_0b24845f\", \"frame\": 62, \"minimum_retention\": 0.9, \"primary_candidates\": 345, \"retention\": 0.863768115942029, \"use_primary\": true}\n"}
,{"stream_name":"stdout","time":440.101705194,"data":"SECONDARY_EDGE_TTA_ACTIVE views= 8 weight= 0.75 mean_abs_feat_delta= 0.256616\n"}
,{"stream_name":"stdout","time":440.304211407,"data":"SECONDARY_EDGE_TTA_ACTIVE views= 8 weight= 0.75 mean_abs_feat_delta= 0.256616\n"}
,{"stream_name":"stdout","time":440.666534906,"data":"EDGE_TTA_ACTIVE views= 8 mean_abs_feat_delta= 0.373908\n"}
,{"stream_name":"stdout","time":440.869077517,"data":"EDGE_TTA_ACTIVE views= 8 mean_abs_feat_delta= 0.373908\n"}
,{"stream_name":"stdout","time":441.199173503,"data":"EDGE_TTA_ACTIVE views= 8 mean_abs_feat_delta= 0.346059\n"}
,{"stream_name":"stdout","time":441.4019602,"data":"EDGE_TTA_ACTIVE views= 8 mean_abs_feat_delta= 0.346059\n"}
,{"stream_name":"stdout","time":441.597766841,"data":"SECONDARY_EDGE_TTA_ACTIVE views= 8 weight= 0.75 mean_abs_feat_delta= 0.303221\n"}
,{"stream_name":"stdout","time":441.799945494,"data":"SECONDARY_EDGE_TTA_ACTIVE views= 8 weight= 0.75 mean_abs_feat_delta= 0.303221\n"}
,{"stream_name":"stdout","time":442.191602381,"data":"SECONDARY_EDGE_TTA_ACTIVE views= 8 weight= 0.75 mean_abs_feat_delta= 0.257121\n"}
,{"stream_name":"stdout","time":442.39400891,"data":"SECONDARY_EDGE_TTA_ACTIVE views= 8 weight= 0.75 mean_abs_feat_delta= 0.257121\n"}
,{"stream_name":"stdout","time":442.653556475,"data":"EDGE_TTA_ACTIVE views= 8 mean_abs_feat_delta= 0.368494\n"}
,{"stream_name":"stdout","time":442.856024752,"data":"EDGE_TTA_ACTIVE views= 8 mean_abs_feat_delta= 0.368494\n"}
,{"stream_name":"stdout","time":443.270651974,"data":"EDGE_TTA_ACTIVE views= 8 mean_abs_feat_delta= 0.346159\n"}
,{"stream_name":"stdout","time":443.47315835,"data":"EDGE_TTA_ACTIVE views= 8 mean_abs_feat_delta= 0.346159\n"}
,{"stream_name":"stdout","time":443.581663531,"data":"SECONDARY_EDGE_TTA_ACTIVE views= 8 weight= 0.75 mean_abs_feat_delta= 0.299317\n"}
,{"stream_name":"stdout","time":443.585762127,"data":"BIOHUB_RETENTION_GUARD {\"blended_candidates\": 295, \"dataset\": \"44b6_0b24845f\", \"frame\": 64, \"minimum_retention\": 0.9, \"primary_candidates\": 344, \"retention\": 0.8575581395348837, \"use_primary\": true}\n"}
,{"stream_name":"stdout","time":443.784378117,"data":"SECONDARY_EDGE_TTA_ACTIVE views= 8 weight= 0.75 mean_abs_feat_delta= 0.299317\n"}
,{"stream_name":"stdout","time":443.784409814,"data":"BIOHUB_RETENTION_GUARD {\"blended_candidates\": 295, \"dataset\": \"44b6_0b24845f\", \"frame\": 64, \"minimum_retention\": 0.9, \"primary_candidates\": 344, \"retention\": 0.8575581395348837, \"use_primary\": true}\n"}
,{"stream_name":"stdout","time":444.263021759,"data":"SECONDARY_EDGE_TTA_ACTIVE views= 8 weight= 0.75 mean_abs_feat_delta= 0.257896\n"}
,{"stream_name":"stdout","time":444.465401792,"data":"SECONDARY_EDGE_TTA_ACTIVE views= 8 weight= 0.75 mean_abs_feat_delta= 0.257896\n"}
,{"stream_name":"stdout","time":444.6363926,"data":"EDGE_TTA_ACTIVE views= 8 mean_abs_feat_delta= 0.370026\n"}
,{"stream_name":"stdout","time":444.838878164,"data":"EDGE_TTA_ACTIVE views= 8 mean_abs_feat_delta= 0.370026\n"}
,{"stream_name":"stdout","time":445.360221468,"data":"EDGE_TTA_ACTIVE views= 8 mean_abs_feat_delta= 0.345426\n"}
,{"stream_name":"stdout","time":445.562705594,"data":"EDGE_TTA_ACTIVE views= 8 mean_abs_feat_delta= 0.345426\n"}
,{"stream_name":"stdout","time":445.565549364,"data":"SECONDARY_EDGE_TTA_ACTIVE views= 8 weight= 0.75 mean_abs_feat_delta= 0.299955\n"}
,{"stream_name":"stdout","time":445.569723043,"data":"BIOHUB_RETENTION_GUARD {\"blended_candidates\": 335, \"dataset\": \"44b6_0b24845f\", \"frame\": 65, \"minimum_retention\": 0.9, \"primary_candidates\": 378, \"retention\": 0.8862433862433863, \"use_primary\": true}\n"}
,{"stream_name":"stdout","time":445.768198689,"data":"SECONDARY_EDGE_TTA_ACTIVE views= 8 weight= 0.75 mean_abs_feat_delta= 0.299955\n"}
,{"stream_name":"stdout","time":445.768232739,"data":"BIOHUB_RETENTION_GUARD {\"blended_candidates\": 335, \"dataset\": \"44b6_0b24845f\", \"frame\": 65, \"minimum_retention\": 0.9, \"primary_candidates\": 378, \"retention\": 0.8862433862433863, \"use_primary\": true}\n"}
,{"stream_name":"stdout","time":446.361380679,"data":"SECONDARY_EDGE_TTA_ACTIVE views= 8 weight= 0.75 mean_abs_feat_delta= 0.259858\n"}
,{"stream_name":"stdout","time":446.563847704,"data":"SECONDARY_EDGE_TTA_ACTIVE views= 8 weight= 0.75 mean_abs_feat_delta= 0.259858\n"}
,{"stream_name":"stdout","time":446.62556838,"data":"EDGE_TTA_ACTIVE views= 8 mean_abs_feat_delta= 0.369253\n"}
,{"stream_name":"stdout","time":446.82819353,"data":"EDGE_TTA_ACTIVE views= 8 mean_abs_feat_delta= 0.369253\n"}
,{"stream_name":"stdout","time":447.462151941,"data":"EDGE_TTA_ACTIVE views= 8 mean_abs_feat_delta= 0.344989\n"}
,{"stream_name":"stdout","time":447.555988599,"data":"SECONDARY_EDGE_TTA_ACTIVE views= 8 weight= 0.75 mean_abs_feat_delta= 0.296912\n"}
,{"stream_name":"stdout","time":447.560036084,"data":"BIOHUB_RETENTION_GUARD {\"blended_candidates\": 324, \"dataset\": \"44b6_0b24845f\", \"frame\": 66, \"minimum_retention\": 0.9, \"primary_candidates\": 375, \"retention\": 0.864, \"use_primary\": true}\n"}
,{"stream_name":"stdout","time":447.664632503,"data":"EDGE_TTA_ACTIVE views= 8 mean_abs_feat_delta= 0.344989\n"}
,{"stream_name":"stdout","time":447.664676791,"data":"SECONDARY_EDGE_TTA_ACTIVE views= 8 weight= 0.75 mean_abs_feat_delta= 0.296912\n"}
,{"stream_name":"stdout","time":447.664680919,"data":"BIOHUB_RETENTION_GUARD {\"blended_candidates\": 324, \"dataset\": \"44b6_0b24845f\", \"frame\": 66, \"minimum_retention\": 0.9, \"primary_candidates\": 375, \"retention\": 0.864, \"use_primary\": true}\n"}
,{"stream_name":"stdout","time":448.462462156,"data":"SECONDARY_EDGE_TTA_ACTIVE views= 8 weight= 0.75 mean_abs_feat_delta= 0.25507\n"}
,{"stream_name":"stdout","time":448.619671955,"data":"EDGE_TTA_ACTIVE views= 8 mean_abs_feat_delta= 0.365768\n"}
,{"stream_name":"stdout","time":448.664990129,"data":"SECONDARY_EDGE_TTA_ACTIVE views= 8 weight= 0.75 mean_abs_feat_delta= 0.25507\n"}
,{"stream_name":"stdout","time":448.66501828,"data":"EDGE_TTA_ACTIVE views= 8 mean_abs_feat_delta= 0.365768\n"}
,{"stream_name":"stdout","time":449.551166928,"data":"SECONDARY_EDGE_TTA_ACTIVE views= 8 weight= 0.75 mean_abs_feat_delta= 0.291366\n"}
,{"stream_name":"stdout","time":449.574692988,"data":"EDGE_TTA_ACTIVE views= 8 mean_abs_feat_delta= 0.343404\n"}
,{"stream_name":"stdout","time":449.753796077,"data":"SECONDARY_EDGE_TTA_ACTIVE views= 8 weight= 0.75 mean_abs_feat_delta= 0.291366\n"}
,{"stream_name":"stdout","time":449.753829969,"data":"EDGE_TTA_ACTIVE views= 8 mean_abs_feat_delta= 0.343404\n"}
,{"stream_name":"stdout","time":450.581506796,"data":"SECONDARY_EDGE_TTA_ACTIVE views= 8 weight= 0.75 mean_abs_feat_delta= 0.262098\n"}
,{"stream_name":"stdout","time":450.632412079,"data":"EDGE_TTA_ACTIVE views= 8 mean_abs_feat_delta= 0.365075\n"}
,{"stream_name":"stdout","time":450.783951229,"data":"SECONDARY_EDGE_TTA_ACTIVE views= 8 weight= 0.75 mean_abs_feat_delta= 0.262098\n"}
,{"stream_name":"stdout","time":450.78398436,"data":"EDGE_TTA_ACTIVE views= 8 mean_abs_feat_delta= 0.365075\n"}
,{"stream_name":"stdout","time":451.564525519,"data":"SECONDARY_EDGE_TTA_ACTIVE views= 8 weight= 0.75 mean_abs_feat_delta= 0.293296\n"}
,{"stream_name":"stdout","time":451.686582245,"data":"EDGE_TTA_ACTIVE views= 8 mean_abs_feat_delta= 0.341221\n"}
,{"stream_name":"stdout","time":451.766797417,"data":"SECONDARY_EDGE_TTA_ACTIVE views= 8 weight= 0.75 mean_abs_feat_delta= 0.293296\n"}
,{"stream_name":"stdout","time":451.766831957,"data":"EDGE_TTA_ACTIVE views= 8 mean_abs_feat_delta= 0.341221\n"}
,{"stream_name":"stdout","time":452.612320239,"data":"EDGE_TTA_ACTIVE views= 8 mean_abs_feat_delta= 0.366016\n"}
,{"stream_name":"stdout","time":452.696041261,"data":"SECONDARY_EDGE_TTA_ACTIVE views= 8 weight= 0.75 mean_abs_feat_delta= 0.262847\n"}
,{"stream_name":"stdout","time":452.81423076,"data":"EDGE_TTA_ACTIVE views= 8 mean_abs_feat_delta= 0.366016\n"}
,{"stream_name":"stdout","time":452.814266083,"data":"SECONDARY_EDGE_TTA_ACTIVE views= 8 weight= 0.75 mean_abs_feat_delta= 0.262847\n"}
,{"stream_name":"stdout","time":453.546468543,"data":"SECONDARY_EDGE_TTA_ACTIVE views= 8 weight= 0.75 mean_abs_feat_delta= 0.301719\n"}
,{"stream_name":"stdout","time":453.749053903,"data":"SECONDARY_EDGE_TTA_ACTIVE views= 8 weight= 0.75 mean_abs_feat_delta= 0.301719\n"}
,{"stream_name":"stdout","time":453.816958274,"data":"EDGE_TTA_ACTIVE views= 8 mean_abs_feat_delta= 0.343003\n"}
,{"stream_name":"stdout","time":454.019397461,"data":"EDGE_TTA_ACTIVE views= 8 mean_abs_feat_delta= 0.343003\n"}
,{"stream_name":"stdout","time":454.603449343,"data":"EDGE_TTA_ACTIVE views= 8 mean_abs_feat_delta= 0.365231\n"}
,{"stream_name":"stdout","time":454.805931396,"data":"EDGE_TTA_ACTIVE views= 8 mean_abs_feat_delta= 0.365231\n"}
,{"stream_name":"stdout","time":454.831940442,"data":"SECONDARY_EDGE_TTA_ACTIVE views= 8 weight= 0.75 mean_abs_feat_delta= 0.261047\n"}
,{"stream_name":"stdout","time":455.034472165,"data":"SECONDARY_EDGE_TTA_ACTIVE views= 8 weight= 0.75 mean_abs_feat_delta= 0.261047\n"}
,{"stream_name":"stdout","time":455.53793861,"data":"SECONDARY_EDGE_TTA_ACTIVE views= 8 weight= 0.75 mean_abs_feat_delta= 0.301488\n"}
,{"stream_name":"stdout","time":455.54219616,"data":"BIOHUB_RETENTION_GUARD {\"blended_candidates\": 260, \"dataset\": \"44b6_0b24845f\", \"frame\": 70, \"minimum_retention\": 0.9, \"primary_candidates\": 305, \"retention\": 0.8524590163934426, \"use_primary\": true}\n"}
,{"stream_name":"stdout","time":455.740567341,"data":"SECONDARY_EDGE_TTA_ACTIVE views= 8 weight= 0.75 mean_abs_feat_delta= 0.301488\n"}
,{"stream_name":"stdout","time":455.740601959,"data":"BIOHUB_RETENTION_GUARD {\"blended_candidates\": 260, \"dataset\": \"44b6_0b24845f\", \"frame\": 70, \"minimum_retention\": 0.9, \"primary_candidates\": 305, \"retention\": 0.8524590163934426, \"use_primary\": true}\n"}
,{"stream_name":"stdout","time":455.952141733,"data":"EDGE_TTA_ACTIVE views= 8 mean_abs_feat_delta= 0.343125\n"}
,{"stream_name":"stdout","time":456.154805817,"data":"EDGE_TTA_ACTIVE views= 8 mean_abs_feat_delta= 0.343125\n"}
,{"stream_name":"stdout","time":456.597958599,"data":"EDGE_TTA_ACTIVE views= 8 mean_abs_feat_delta= 0.36009\n"}
,{"stream_name":"stdout","time":456.800556213,"data":"EDGE_TTA_ACTIVE views= 8 mean_abs_feat_delta= 0.36009\n"}
,{"stream_name":"stdout","time":456.971104504,"data":"SECONDARY_EDGE_TTA_ACTIVE views= 8 weight= 0.75 mean_abs_feat_delta= 0.257455\n"}
,{"stream_name":"stdout","time":457.205593203,"data":"SECONDARY_EDGE_TTA_ACTIVE views= 8 weight= 0.75 mean_abs_feat_delta= 0.257455\n"}
,{"stream_name":"stdout","time":457.533618683,"data":"SECONDARY_EDGE_TTA_ACTIVE views= 8 weight= 0.75 mean_abs_feat_delta= 0.299423\n"}
,{"stream_name":"stdout","time":457.735873193,"data":"SECONDARY_EDGE_TTA_ACTIVE views= 8 weight= 0.75 mean_abs_feat_delta= 0.299423\n"}
,{"stream_name":"stdout","time":458.091003759,"data":"EDGE_TTA_ACTIVE views= 8 mean_abs_feat_delta= 0.337095\n"}
,{"stream_name":"stdout","time":458.293691412,"data":"EDGE_TTA_ACTIVE views= 8 mean_abs_feat_delta= 0.337095\n"}
,{"stream_name":"stdout","time":458.585453611,"data":"EDGE_TTA_ACTIVE views= 8 mean_abs_feat_delta= 0.360462\n"}
,{"stream_name":"stdout","time":458.787948031,"data":"EDGE_TTA_ACTIVE views= 8 mean_abs_feat_delta= 0.360462\n"}
,{"stream_name":"stdout","time":459.114968274,"data":"SECONDARY_EDGE_TTA_ACTIVE views= 8 weight= 0.75 mean_abs_feat_delta= 0.254838\n"}
,{"stream_name":"stdout","time":459.317533023,"data":"SECONDARY_EDGE_TTA_ACTIVE views= 8 weight= 0.75 mean_abs_feat_delta= 0.254838\n"}
,{"stream_name":"stdout","time":459.521642286,"data":"SECONDARY_EDGE_TTA_ACTIVE views= 8 weight= 0.75 mean_abs_feat_delta= 0.301712\n"}
,{"stream_name":"stdout","time":459.72426402,"data":"SECONDARY_EDGE_TTA_ACTIVE views= 8 weight= 0.75 mean_abs_feat_delta= 0.301712\n"}
,{"stream_name":"stdout","time":460.246740703,"data":"EDGE_TTA_ACTIVE views= 8 mean_abs_feat_delta= 0.337123\n"}
,{"stream_name":"stdout","time":460.449315979,"data":"EDGE_TTA_ACTIVE views= 8 mean_abs_feat_delta= 0.337123\n"}
,{"stream_name":"stdout","time":460.575781428,"data":"EDGE_TTA_ACTIVE views= 8 mean_abs_feat_delta= 0.359757\n"}
,{"stream_name":"stdout","time":460.778458031,"data":"EDGE_TTA_ACTIVE views= 8 mean_abs_feat_delta= 0.359757\n"}
,{"stream_name":"stdout","time":461.272059323,"data":"SECONDARY_EDGE_TTA_ACTIVE views= 8 weight= 0.75 mean_abs_feat_delta= 0.260524\n"}
,{"stream_name":"stdout","time":461.474738454,"data":"SECONDARY_EDGE_TTA_ACTIVE views= 8 weight= 0.75 mean_abs_feat_delta= 0.260524\n"}
,{"stream_name":"stdout","time":461.509758679,"data":"SECONDARY_EDGE_TTA_ACTIVE views= 8 weight= 0.75 mean_abs_feat_delta= 0.305584\n"}
,{"stream_name":"stdout","time":461.513865768,"data":"BIOHUB_RETENTION_GUARD {\"blended_candidates\": 197, \"dataset\": \"44b6_0b24845f\", \"frame\": 73, \"minimum_retention\": 0.9, \"primary_candidates\": 262, \"retention\": 0.7519083969465649, \"use_primary\": true}\n"}
,{"stream_name":"stdout","time":461.712005705,"data":"SECONDARY_EDGE_TTA_ACTIVE views= 8 weight= 0.75 mean_abs_feat_delta= 0.305584\n"}
,{"stream_name":"stdout","time":461.712042197,"data":"BIOHUB_RETENTION_GUARD {\"blended_candidates\": 197, \"dataset\": \"44b6_0b24845f\", \"frame\": 73, \"minimum_retention\": 0.9, \"primary_candidates\": 262, \"retention\": 0.7519083969465649, \"use_primary\": true}\n"}
,{"stream_name":"stdout","time":462.419533377,"data":"EDGE_TTA_ACTIVE views= 8 mean_abs_feat_delta= 0.338112\n"}
,{"stream_name":"stdout","time":462.561357329,"data":"EDGE_TTA_ACTIVE views= 8 mean_abs_feat_delta= 0.368022\n"}
,{"stream_name":"stdout","time":462.622126988,"data":"EDGE_TTA_ACTIVE views= 8 mean_abs_feat_delta= 0.338112\n"}
,{"stream_name":"stdout","time":462.622162142,"data":"EDGE_TTA_ACTIVE views= 8 mean_abs_feat_delta= 0.368022\n"}
,{"stream_name":"stdout","time":463.447951931,"data":"SECONDARY_EDGE_TTA_ACTIVE views= 8 weight= 0.75 mean_abs_feat_delta= 0.262847\n"}
,{"stream_name":"stdout","time":463.495982841,"data":"SECONDARY_EDGE_TTA_ACTIVE views= 8 weight= 0.75 mean_abs_feat_delta= 0.304789\n"}
,{"stream_name":"stdout","time":463.500162434,"data":"BIOHUB_RETENTION_GUARD {\"blended_candidates\": 224, \"dataset\": \"44b6_0b24845f\", \"frame\": 74, \"minimum_retention\": 0.9, \"primary_candidates\": 291, \"retention\": 0.7697594501718213, \"use_primary\": true}\n"}
,{"stream_name":"stdout","time":463.650486176,"data":"SECONDARY_EDGE_TTA_ACTIVE views= 8 weight= 0.75 mean_abs_feat_delta= 0.262847\n"}
,{"stream_name":"stdout","time":463.650548299,"data":"SECONDARY_EDGE_TTA_ACTIVE views= 8 weight= 0.75 mean_abs_feat_delta= 0.304789\n"}
,{"stream_name":"stdout","time":463.65055245,"data":"BIOHUB_RETENTION_GUARD {\"blended_candidates\": 224, \"dataset\": \"44b6_0b24845f\", \"frame\": 74, \"minimum_retention\": 0.9, \"primary_candidates\": 291, \"retention\": 0.7697594501718213, \"use_primary\": true}\n"}
,{"stream_name":"stdout","time":464.558420232,"data":"EDGE_TTA_ACTIVE views= 8 mean_abs_feat_delta= 0.358754\n"}
,{"stream_name":"stdout","time":464.583394831,"data":"EDGE_TTA_ACTIVE views= 8 mean_abs_feat_delta= 0.338704\n"}
,{"stream_name":"stdout","time":464.760947371,"data":"EDGE_TTA_ACTIVE views= 8 mean_abs_feat_delta= 0.358754\n"}
,{"stream_name":"stdout","time":464.760975232,"data":"EDGE_TTA_ACTIVE views= 8 mean_abs_feat_delta= 0.338704\n"}
,{"stream_name":"stdout","time":465.49694584,"data":"SECONDARY_EDGE_TTA_ACTIVE views= 8 weight= 0.75 mean_abs_feat_delta= 0.299735\n"}
,{"stream_name":"stdout","time":465.500995291,"data":"BIOHUB_RETENTION_GUARD {\"blended_candidates\": 325, \"dataset\": \"44b6_0b24845f\", \"frame\": 75, \"minimum_retention\": 0.9, \"primary_candidates\": 374, \"retention\": 0.8689839572192514, \"use_primary\": true}\n"}
,{"stream_name":"stdout","time":465.613390632,"data":"SECONDARY_EDGE_TTA_ACTIVE views= 8 weight= 0.75 mean_abs_feat_delta= 0.260131\n"}
,{"stream_name":"stdout","time":465.69938345,"data":"SECONDARY_EDGE_TTA_ACTIVE views= 8 weight= 0.75 mean_abs_feat_delta= 0.299735\n"}
,{"stream_name":"stdout","time":465.699418559,"data":"BIOHUB_RETENTION_GUARD {\"blended_candidates\": 325, \"dataset\": \"44b6_0b24845f\", \"frame\": 75, \"minimum_retention\": 0.9, \"primary_candidates\": 374, \"retention\": 0.8689839572192514, \"use_primary\": true}\n"}
,{"stream_name":"stdout","time":465.699425785,"data":"SECONDARY_EDGE_TTA_ACTIVE views= 8 weight= 0.75 mean_abs_feat_delta= 0.260131\n"}
,{"stream_name":"stdout","time":466.558588695,"data":"EDGE_TTA_ACTIVE views= 8 mean_abs_feat_delta= 0.358919\n"}
,{"stream_name":"stdout","time":466.745159041,"data":"EDGE_TTA_ACTIVE views= 8 mean_abs_feat_delta= 0.340176\n"}
,{"stream_name":"stdout","time":466.761448272,"data":"EDGE_TTA_ACTIVE views= 8 mean_abs_feat_delta= 0.358919\n"}
,{"stream_name":"stdout","time":466.761479079,"data":"EDGE_TTA_ACTIVE views= 8 mean_abs_feat_delta= 0.340176\n"}
,{"stream_name":"stdout","time":467.496524923,"data":"SECONDARY_EDGE_TTA_ACTIVE views= 8 weight= 0.75 mean_abs_feat_delta= 0.295727\n"}
,{"stream_name":"stdout","time":467.501109821,"data":"BIOHUB_RETENTION_GUARD {\"blended_candidates\": 321, \"dataset\": \"44b6_0b24845f\", \"frame\": 76, \"minimum_retention\": 0.9, \"primary_candidates\": 379, \"retention\": 0.8469656992084432, \"use_primary\": true}\n"}
,{"stream_name":"stdout","time":467.699026387,"data":"SECONDARY_EDGE_TTA_ACTIVE views= 8 weight= 0.75 mean_abs_feat_delta= 0.295727\n"}
,{"stream_name":"stdout","time":467.699064678,"data":"BIOHUB_RETENTION_GUARD {\"blended_candidates\": 321, \"dataset\": \"44b6_0b24845f\", \"frame\": 76, \"minimum_retention\": 0.9, \"primary_candidates\": 379, \"retention\": 0.8469656992084432, \"use_primary\": true}\n"}
,{"stream_name":"stdout","time":467.77357477,"data":"SECONDARY_EDGE_TTA_ACTIVE views= 8 weight= 0.75 mean_abs_feat_delta= 0.256523\n"}
,{"stream_name":"stdout","time":467.976165945,"data":"SECONDARY_EDGE_TTA_ACTIVE views= 8 weight= 0.75 mean_abs_feat_delta= 0.256523\n"}
,{"stream_name":"stdout","time":468.583261052,"data":"EDGE_TTA_ACTIVE views= 8 mean_abs_feat_delta= 0.361097\n"}
,{"stream_name":"stdout","time":468.78580239,"data":"EDGE_TTA_ACTIVE views= 8 mean_abs_feat_delta= 0.361097\n"}
,{"stream_name":"stdout","time":468.899451456,"data":"EDGE_TTA_ACTIVE views= 8 mean_abs_feat_delta= 0.346094\n"}
,{"stream_name":"stdout","time":469.101977862,"data":"EDGE_TTA_ACTIVE views= 8 mean_abs_feat_delta= 0.346094\n"}
,{"stream_name":"stdout","time":469.522011981,"data":"SECONDARY_EDGE_TTA_ACTIVE views= 8 weight= 0.75 mean_abs_feat_delta= 0.301815\n"}
,{"stream_name":"stdout","time":469.526255535,"data":"BIOHUB_RETENTION_GUARD {\"blended_candidates\": 243, \"dataset\": \"44b6_0b24845f\", \"frame\": 77, \"minimum_retention\": 0.9, \"primary_candidates\": 331, \"retention\": 0.7341389728096677, \"use_primary\": true}\n"}
,{"stream_name":"stdout","time":469.724964793,"data":"SECONDARY_EDGE_TTA_ACTIVE views= 8 weight= 0.75 mean_abs_feat_delta= 0.301815\n"}
,{"stream_name":"stdout","time":469.724998966,"data":"BIOHUB_RETENTION_GUARD {\"blended_candidates\": 243, \"dataset\": \"44b6_0b24845f\", \"frame\": 77, \"minimum_retention\": 0.9, \"primary_candidates\": 331, \"retention\": 0.7341389728096677, \"use_primary\": true}\n"}
,{"stream_name":"stdout","time":469.923908475,"data":"SECONDARY_EDGE_TTA_ACTIVE views= 8 weight= 0.75 mean_abs_feat_delta= 0.265074\n"}
,{"stream_name":"stdout","time":470.126742349,"data":"SECONDARY_EDGE_TTA_ACTIVE views= 8 weight= 0.75 mean_abs_feat_delta= 0.265074\n"}
,{"stream_name":"stdout","time":470.59588605,"data":"EDGE_TTA_ACTIVE views= 8 mean_abs_feat_delta= 0.36529\n"}
,{"stream_name":"stdout","time":470.798014657,"data":"EDGE_TTA_ACTIVE views= 8 mean_abs_feat_delta= 0.36529\n"}
,{"stream_name":"stdout","time":471.038695186,"data":"EDGE_TTA_ACTIVE views= 8 mean_abs_feat_delta= 0.348292\n"}
,{"stream_name":"stdout","time":471.240997562,"data":"EDGE_TTA_ACTIVE views= 8 mean_abs_feat_delta= 0.348292\n"}
,{"stream_name":"stdout","time":471.534369623,"data":"SECONDARY_EDGE_TTA_ACTIVE views= 8 weight= 0.75 mean_abs_feat_delta= 0.305391\n"}
,{"stream_name":"stdout","time":471.538456302,"data":"BIOHUB_RETENTION_GUARD {\"blended_candidates\": 284, \"dataset\": \"44b6_0b24845f\", \"frame\": 78, \"minimum_retention\": 0.9, \"primary_candidates\": 392, \"retention\": 0.7244897959183674, \"use_primary\": true}\n"}
,{"stream_name":"stdout","time":471.736969345,"data":"SECONDARY_EDGE_TTA_ACTIVE views= 8 weight= 0.75 mean_abs_feat_delta= 0.305391\n"}
,{"stream_name":"stdout","time":471.73700679,"data":"BIOHUB_RETENTION_GUARD {\"blended_candidates\": 284, \"dataset\": \"44b6_0b24845f\", \"frame\": 78, \"minimum_retention\": 0.9, \"primary_candidates\": 392, \"retention\": 0.7244897959183674, \"use_primary\": true}\n"}
,{"stream_name":"stdout","time":472.058036031,"data":"SECONDARY_EDGE_TTA_ACTIVE views= 8 weight= 0.75 mean_abs_feat_delta= 0.26712\n"}
,{"stream_name":"stdout","time":472.260351682,"data":"SECONDARY_EDGE_TTA_ACTIVE views= 8 weight= 0.75 mean_abs_feat_delta= 0.26712\n"}
,{"stream_name":"stdout","time":472.636946581,"data":"EDGE_TTA_ACTIVE views= 8 mean_abs_feat_delta= 0.365892\n"}
,{"stream_name":"stdout","time":472.839489947,"data":"EDGE_TTA_ACTIVE views= 8 mean_abs_feat_delta= 0.365892\n"}
,{"stream_name":"stdout","time":473.197059453,"data":"EDGE_TTA_ACTIVE views= 8 mean_abs_feat_delta= 0.344312\n"}
,{"stream_name":"stdout","time":473.39949918,"data":"EDGE_TTA_ACTIVE views= 8 mean_abs_feat_delta= 0.344312\n"}
,{"stream_name":"stdout","time":473.575541023,"data":"SECONDARY_EDGE_TTA_ACTIVE views= 8 weight= 0.75 mean_abs_feat_delta= 0.302826\n"}
,{"stream_name":"stdout","time":473.579685605,"data":"BIOHUB_RETENTION_GUARD {\"blended_candidates\": 298, \"dataset\": \"44b6_0b24845f\", \"frame\": 79, \"minimum_retention\": 0.9, \"primary_candidates\": 424, \"retention\": 0.7028301886792453, \"use_primary\": true}\n"}
,{"stream_name":"stdout","time":473.778027139,"data":"SECONDARY_EDGE_TTA_ACTIVE views= 8 weight= 0.75 mean_abs_feat_delta= 0.302826\n"}
,{"stream_name":"stdout","time":473.778060438,"data":"BIOHUB_RETENTION_GUARD {\"blended_candidates\": 298, \"dataset\": \"44b6_0b24845f\", \"frame\": 79, \"minimum_retention\": 0.9, \"primary_candidates\": 424, \"retention\": 0.7028301886792453, \"use_primary\": true}\n"}
,{"stream_name":"stdout","time":474.207535228,"data":"SECONDARY_EDGE_TTA_ACTIVE views= 8 weight= 0.75 mean_abs_feat_delta= 0.263739\n"}
,{"stream_name":"stdout","time":474.410192116,"data":"SECONDARY_EDGE_TTA_ACTIVE views= 8 weight= 0.75 mean_abs_feat_delta= 0.263739\n"}
,{"stream_name":"stdout","time":474.663437706,"data":"EDGE_TTA_ACTIVE views= 8 mean_abs_feat_delta= 0.365633\n"}
,{"stream_name":"stdout","time":474.865942791,"data":"EDGE_TTA_ACTIVE views= 8 mean_abs_feat_delta= 0.365633\n"}
,{"stream_name":"stdout","time":475.369398979,"data":"EDGE_TTA_ACTIVE views= 8 mean_abs_feat_delta= 0.341477\n"}
,{"stream_name":"stdout","time":475.571647502,"data":"EDGE_TTA_ACTIVE views= 8 mean_abs_feat_delta= 0.341477\n"}
,{"stream_name":"stdout","time":475.604718689,"data":"SECONDARY_EDGE_TTA_ACTIVE views= 8 weight= 0.75 mean_abs_feat_delta= 0.303473\n"}
,{"stream_name":"stdout","time":475.608780049,"data":"BIOHUB_RETENTION_GUARD {\"blended_candidates\": 291, \"dataset\": \"44b6_0b24845f\", \"frame\": 80, \"minimum_retention\": 0.9, \"primary_candidates\": 388, \"retention\": 0.75, \"use_primary\": true}\n"}
,{"stream_name":"stdout","time":475.807359622,"data":"SECONDARY_EDGE_TTA_ACTIVE views= 8 weight= 0.75 mean_abs_feat_delta= 0.303473\n"}
,{"stream_name":"stdout","time":475.807421317,"data":"BIOHUB_RETENTION_GUARD {\"blended_candidates\": 291, \"dataset\": \"44b6_0b24845f\", \"frame\": 80, \"minimum_retention\": 0.9, \"primary_candidates\": 388, \"retention\": 0.75, \"use_primary\": true}\n"}
,{"stream_name":"stdout","time":476.374812065,"data":"SECONDARY_EDGE_TTA_ACTIVE views= 8 weight= 0.75 mean_abs_feat_delta= 0.262727\n"}
,{"stream_name":"stdout","time":476.577284901,"data":"SECONDARY_EDGE_TTA_ACTIVE views= 8 weight= 0.75 mean_abs_feat_delta= 0.262727\n"}
,{"stream_name":"stdout","time":476.702430179,"data":"EDGE_TTA_ACTIVE views= 8 mean_abs_feat_delta= 0.369442\n"}
,{"stream_name":"stdout","time":476.904833604,"data":"EDGE_TTA_ACTIVE views= 8 mean_abs_feat_delta= 0.369442\n"}
,{"stream_name":"stdout","time":477.493865242,"data":"EDGE_TTA_ACTIVE views= 8 mean_abs_feat_delta= 0.34091\n"}
,{"stream_name":"stdout","time":477.646244259,"data":"SECONDARY_EDGE_TTA_ACTIVE views= 8 weight= 0.75 mean_abs_feat_delta= 0.308215\n"}
,{"stream_name":"stdout","time":477.650315864,"data":"BIOHUB_RETENTION_GUARD {\"blended_candidates\": 294, \"dataset\": \"44b6_0b24845f\", \"frame\": 81, \"minimum_retention\": 0.9, \"primary_candidates\": 382, \"retention\": 0.7696335078534031, \"use_primary\": true}\n"}
,{"stream_name":"stdout","time":477.696146015,"data":"EDGE_TTA_ACTIVE views= 8 mean_abs_feat_delta= 0.34091\n"}
,{"stream_name":"stdout","time":477.696174667,"data":"SECONDARY_EDGE_TTA_ACTIVE views= 8 weight= 0.75 mean_abs_feat_delta= 0.308215\n"}
,{"stream_name":"stdout","time":477.696179414,"data":"BIOHUB_RETENTION_GUARD {\"blended_candidates\": 294, \"dataset\": \"44b6_0b24845f\", \"frame\": 81, \"minimum_retention\": 0.9, \"primary_candidates\": 382, \"retention\": 0.7696335078534031, \"use_primary\": true}\n"}
,{"stream_name":"stdout","time":478.489997338,"data":"SECONDARY_EDGE_TTA_ACTIVE views= 8 weight= 0.75 mean_abs_feat_delta= 0.256411\n"}
,{"stream_name":"stdout","time":478.69246729,"data":"SECONDARY_EDGE_TTA_ACTIVE views= 8 weight= 0.75 mean_abs_feat_delta= 0.256411\n"}
,{"stream_name":"stdout","time":478.736863909,"data":"EDGE_TTA_ACTIVE views= 8 mean_abs_feat_delta= 0.373979\n"}
,{"stream_name":"stdout","time":478.939350243,"data":"EDGE_TTA_ACTIVE views= 8 mean_abs_feat_delta= 0.373979\n"}
,{"stream_name":"stdout","time":479.602554072,"data":"EDGE_TTA_ACTIVE views= 8 mean_abs_feat_delta= 0.337156\n"}
,{"stream_name":"stdout","time":479.678993801,"data":"SECONDARY_EDGE_TTA_ACTIVE views= 8 weight= 0.75 mean_abs_feat_delta= 0.312577\n"}
,{"stream_name":"stdout","time":479.683106987,"data":"BIOHUB_RETENTION_GUARD {\"blended_candidates\": 277, \"dataset\": \"44b6_0b24845f\", \"frame\": 82, \"minimum_retention\": 0.9, \"primary_candidates\": 385, \"retention\": 0.7194805194805195, \"use_primary\": true}\n"}
,{"stream_name":"stdout","time":479.804865627,"data":"EDGE_TTA_ACTIVE views= 8 mean_abs_feat_delta= 0.337156\n"}
,{"stream_name":"stdout","time":479.80489654,"data":"SECONDARY_EDGE_TTA_ACTIVE views= 8 weight= 0.75 mean_abs_feat_delta= 0.312577\n"}
,{"stream_name":"stdout","time":479.804901289,"data":"BIOHUB_RETENTION_GUARD {\"blended_candidates\": 277, \"dataset\": \"44b6_0b24845f\", \"frame\": 82, \"minimum_retention\": 0.9, \"primary_candidates\": 385, \"retention\": 0.7194805194805195, \"use_primary\": true}\n"}
,{"stream_name":"stdout","time":480.590489413,"data":"SECONDARY_EDGE_TTA_ACTIVE views= 8 weight= 0.75 mean_abs_feat_delta= 0.260031\n"}
,{"stream_name":"stdout","time":480.765068282,"data":"EDGE_TTA_ACTIVE views= 8 mean_abs_feat_delta= 0.365009\n"}
,{"stream_name":"stdout","time":480.792935136,"data":"SECONDARY_EDGE_TTA_ACTIVE views= 8 weight= 0.75 mean_abs_feat_delta= 0.260031\n"}
,{"stream_name":"stdout","time":480.792963918,"data":"EDGE_TTA_ACTIVE views= 8 mean_abs_feat_delta= 0.365009\n"}
,{"stream_name":"stdout","time":481.675181832,"data":"EDGE_TTA_ACTIVE views= 8 mean_abs_feat_delta= 0.339841\n"}
,{"stream_name":"stdout","time":481.708468235,"data":"SECONDARY_EDGE_TTA_ACTIVE views= 8 weight= 0.75 mean_abs_feat_delta= 0.311063\n"}
,{"stream_name":"stdout","time":481.712620693,"data":"BIOHUB_RETENTION_GUARD {\"blended_candidates\": 268, \"dataset\": \"44b6_0b24845f\", \"frame\": 83, \"minimum_retention\": 0.9, \"primary_candidates\": 379, \"retention\": 0.7071240105540897, \"use_primary\": true}\n"}
,{"stream_name":"stdout","time":481.877857343,"data":"EDGE_TTA_ACTIVE views= 8 mean_abs_feat_delta= 0.339841\n"}
,{"stream_name":"stdout","time":481.877893858,"data":"SECONDARY_EDGE_TTA_ACTIVE views= 8 weight= 0.75 mean_abs_feat_delta= 0.311063\n"}
,{"stream_name":"stdout","time":481.877897536,"data":"BIOHUB_RETENTION_GUARD {\"blended_candidates\": 268, \"dataset\": \"44b6_0b24845f\", \"frame\": 83, \"minimum_retention\": 0.9, \"primary_candidates\": 379, \"retention\": 0.7071240105540897, \"use_primary\": true}\n"}
,{"stream_name":"stdout","time":482.665025713,"data":"SECONDARY_EDGE_TTA_ACTIVE views= 8 weight= 0.75 mean_abs_feat_delta= 0.262153\n"}
,{"stream_name":"stdout","time":482.786527193,"data":"EDGE_TTA_ACTIVE views= 8 mean_abs_feat_delta= 0.36654\n"}
,{"stream_name":"stdout","time":482.86706994,"data":"SECONDARY_EDGE_TTA_ACTIVE views= 8 weight= 0.75 mean_abs_feat_delta= 0.262153\n"}
,{"stream_name":"stdout","time":482.867109972,"data":"EDGE_TTA_ACTIVE views= 8 mean_abs_feat_delta= 0.36654\n"}
,{"stream_name":"stdout","time":483.722529919,"data":"EDGE_TTA_ACTIVE views= 8 mean_abs_feat_delta= 0.34054\n"}
,{"stream_name":"stdout","time":483.725856051,"data":"SECONDARY_EDGE_TTA_ACTIVE views= 8 weight= 0.75 mean_abs_feat_delta= 0.311139\n"}
,{"stream_name":"stdout","time":483.730057729,"data":"BIOHUB_RETENTION_GUARD {\"blended_candidates\": 287, \"dataset\": \"44b6_0b24845f\", \"frame\": 84, \"minimum_retention\": 0.9, \"primary_candidates\": 361, \"retention\": 0.7950138504155124, \"use_primary\": true}\n"}
,{"stream_name":"stdout","time":483.925074801,"data":"EDGE_TTA_ACTIVE views= 8 mean_abs_feat_delta= 0.34054\n"}
,{"stream_name":"stdout","time":483.925125752,"data":"SECONDARY_EDGE_TTA_ACTIVE views= 8 weight= 0.75 mean_abs_feat_delta= 0.311139\n"}
,{"stream_name":"stdout","time":483.925130995,"data":"BIOHUB_RETENTION_GUARD {\"blended_candidates\": 287, \"dataset\": \"44b6_0b24845f\", \"frame\": 84, \"minimum_retention\": 0.9, \"primary_candidates\": 361, \"retention\": 0.7950138504155124, \"use_primary\": true}\n"}
,{"stream_name":"stdout","time":484.697321194,"data":"SECONDARY_EDGE_TTA_ACTIVE views= 8 weight= 0.75 mean_abs_feat_delta= 0.258925\n"}
,{"stream_name":"stdout","time":484.805087989,"data":"EDGE_TTA_ACTIVE views= 8 mean_abs_feat_delta= 0.364996\n"}
,{"stream_name":"stdout","time":484.899688855,"data":"SECONDARY_EDGE_TTA_ACTIVE views= 8 weight= 0.75 mean_abs_feat_delta= 0.258925\n"}
,{"stream_name":"stdout","time":484.899722004,"data":"EDGE_TTA_ACTIVE views= 8 mean_abs_feat_delta= 0.364996\n"}
,{"stream_name":"stdout","time":485.751360327,"data":"SECONDARY_EDGE_TTA_ACTIVE views= 8 weight= 0.75 mean_abs_feat_delta= 0.312248\n"}
,{"stream_name":"stdout","time":485.755490738,"data":"BIOHUB_RETENTION_GUARD {\"blended_candidates\": 198, \"dataset\": \"44b6_0b24845f\", \"frame\": 85, \"minimum_retention\": 0.9, \"primary_candidates\": 294, \"retention\": 0.673469387755102, \"use_primary\": true}\n"}
,{"stream_name":"stdout","time":485.788162275,"data":"EDGE_TTA_ACTIVE views= 8 mean_abs_feat_delta= 0.345761\n"}
,{"stream_name":"stdout","time":485.953897543,"data":"SECONDARY_EDGE_TTA_ACTIVE views= 8 weight= 0.75 mean_abs_feat_delta= 0.312248\n"}
,{"stream_name":"stdout","time":485.953956837,"data":"BIOHUB_RETENTION_GUARD {\"blended_candidates\": 198, \"dataset\": \"44b6_0b24845f\", \"frame\": 85, \"minimum_retention\": 0.9, \"primary_candidates\": 294, \"retention\": 0.673469387755102, \"use_primary\": true}\n"}
,{"stream_name":"stdout","time":485.953965429,"data":"EDGE_TTA_ACTIVE views= 8 mean_abs_feat_delta= 0.345761\n"}
,{"stream_name":"stdout","time":486.763626186,"data":"SECONDARY_EDGE_TTA_ACTIVE views= 8 weight= 0.75 mean_abs_feat_delta= 0.260799\n"}
,{"stream_name":"stdout","time":486.816530462,"data":"EDGE_TTA_ACTIVE views= 8 mean_abs_feat_delta= 0.364819\n"}
,{"stream_name":"stdout","time":486.966197311,"data":"SECONDARY_EDGE_TTA_ACTIVE views= 8 weight= 0.75 mean_abs_feat_delta= 0.260799\n"}
,{"stream_name":"stdout","time":486.966230133,"data":"EDGE_TTA_ACTIVE views= 8 mean_abs_feat_delta= 0.364819\n"}
,{"stream_name":"stdout","time":487.760707541,"data":"SECONDARY_EDGE_TTA_ACTIVE views= 8 weight= 0.75 mean_abs_feat_delta= 0.317294\n"}
,{"stream_name":"stdout","time":487.764822032,"data":"BIOHUB_RETENTION_GUARD {\"blended_candidates\": 169, \"dataset\": \"44b6_0b24845f\", \"frame\": 86, \"minimum_retention\": 0.9, \"primary_candidates\": 282, \"retention\": 0.599290780141844, \"use_primary\": true}\n"}
,{"stream_name":"stdout","time":487.852983065,"data":"EDGE_TTA_ACTIVE views= 8 mean_abs_feat_delta= 0.34535\n"}
,{"stream_name":"stdout","time":487.991347181,"data":"SECONDARY_EDGE_TTA_ACTIVE views= 8 weight= 0.75 mean_abs_feat_delta= 0.317294\n"}
,{"stream_name":"stdout","time":487.991373426,"data":"BIOHUB_RETENTION_GUARD {\"blended_candidates\": 169, \"dataset\": \"44b6_0b24845f\", \"frame\": 86, \"minimum_retention\": 0.9, \"primary_candidates\": 282, \"retention\": 0.599290780141844, \"use_primary\": true}\n"}
,{"stream_name":"stdout","time":487.991379287,"data":"EDGE_TTA_ACTIVE views= 8 mean_abs_feat_delta= 0.34535\n"}
,{"stream_name":"stdout","time":488.823415013,"data":"EDGE_TTA_ACTIVE views= 8 mean_abs_feat_delta= 0.360555\n"}
,{"stream_name":"stdout","time":488.829395025,"data":"SECONDARY_EDGE_TTA_ACTIVE views= 8 weight= 0.75 mean_abs_feat_delta= 0.261693\n"}
,{"stream_name":"stdout","time":489.026156655,"data":"EDGE_TTA_ACTIVE views= 8 mean_abs_feat_delta= 0.360555\n"}
,{"stream_name":"stdout","time":489.026199164,"data":"SECONDARY_EDGE_TTA_ACTIVE views= 8 weight= 0.75 mean_abs_feat_delta= 0.261693\n"}
,{"stream_name":"stdout","time":489.769240431,"data":"SECONDARY_EDGE_TTA_ACTIVE views= 8 weight= 0.75 mean_abs_feat_delta= 0.318325\n"}
,{"stream_name":"stdout","time":489.773412315,"data":"BIOHUB_RETENTION_GUARD {\"blended_candidates\": 232, \"dataset\": \"44b6_0b24845f\", \"frame\": 87, \"minimum_retention\": 0.9, \"primary_candidates\": 323, \"retention\": 0.718266253869969, \"use_primary\": true}\n"}
,{"stream_name":"stdout","time":489.92154921,"data":"EDGE_TTA_ACTIVE views= 8 mean_abs_feat_delta= 0.345018\n"}
,{"stream_name":"stdout","time":489.972078282,"data":"SECONDARY_EDGE_TTA_ACTIVE views= 8 weight= 0.75 mean_abs_feat_delta= 0.318325\n"}
,{"stream_name":"stdout","time":489.972120762,"data":"BIOHUB_RETENTION_GUARD {\"blended_candidates\": 232, \"dataset\": \"44b6_0b24845f\", \"frame\": 87, \"minimum_retention\": 0.9, \"primary_candidates\": 323, \"retention\": 0.718266253869969, \"use_primary\": true}\n"}
,{"stream_name":"stdout","time":489.972126857,"data":"EDGE_TTA_ACTIVE views= 8 mean_abs_feat_delta= 0.345018\n"}
,{"stream_name":"stdout","time":490.834154048,"data":"EDGE_TTA_ACTIVE views= 8 mean_abs_feat_delta= 0.367991\n"}
,{"stream_name":"stdout","time":490.898377781,"data":"SECONDARY_EDGE_TTA_ACTIVE views= 8 weight= 0.75 mean_abs_feat_delta= 0.264586\n"}
,{"stream_name":"stdout","time":491.036957932,"data":"EDGE_TTA_ACTIVE views= 8 mean_abs_feat_delta= 0.367991\n"}
,{"stream_name":"stdout","time":491.036991662,"data":"SECONDARY_EDGE_TTA_ACTIVE views= 8 weight= 0.75 mean_abs_feat_delta= 0.264586\n"}
,{"stream_name":"stdout","time":491.777149671,"data":"SECONDARY_EDGE_TTA_ACTIVE views= 8 weight= 0.75 mean_abs_feat_delta= 0.319785\n"}
,{"stream_name":"stdout","time":491.781230821,"data":"BIOHUB_RETENTION_GUARD {\"blended_candidates\": 287, \"dataset\": \"44b6_0b24845f\", \"frame\": 88, \"minimum_retention\": 0.9, \"primary_candidates\": 363, \"retention\": 0.790633608815427, \"use_primary\": true}\n"}
,{"stream_name":"stdout","time":491.971736913,"data":"EDGE_TTA_ACTIVE views= 8 mean_abs_feat_delta= 0.339492\n"}
,{"stream_name":"stdout","time":491.979759778,"data":"SECONDARY_EDGE_TTA_ACTIVE views= 8 weight= 0.75 mean_abs_feat_delta= 0.319785\n"}
,{"stream_name":"stdout","time":491.97978424,"data":"BIOHUB_RETENTION_GUARD {\"blended_candidates\": 287, \"dataset\": \"44b6_0b24845f\", \"frame\": 88, \"minimum_retention\": 0.9, \"primary_candidates\": 363, \"retention\": 0.790633608815427, \"use_primary\": true}\n"}
,{"stream_name":"stdout","time":491.979790971,"data":"EDGE_TTA_ACTIVE views= 8 mean_abs_feat_delta= 0.339492\n"}
,{"stream_name":"stdout","time":492.847269214,"data":"EDGE_TTA_ACTIVE views= 8 mean_abs_feat_delta= 0.374613\n"}
,{"stream_name":"stdout","time":492.946477157,"data":"SECONDARY_EDGE_TTA_ACTIVE views= 8 weight= 0.75 mean_abs_feat_delta= 0.262994\n"}
,{"stream_name":"stdout","time":493.049423879,"data":"EDGE_TTA_ACTIVE views= 8 mean_abs_feat_delta= 0.374613\n"}
,{"stream_name":"stdout","time":493.049456828,"data":"SECONDARY_EDGE_TTA_ACTIVE views= 8 weight= 0.75 mean_abs_feat_delta= 0.262994\n"}
,{"stream_name":"stdout","time":493.794937502,"data":"SECONDARY_EDGE_TTA_ACTIVE views= 8 weight= 0.75 mean_abs_feat_delta= 0.325312\n"}
,{"stream_name":"stdout","time":493.799019869,"data":"BIOHUB_RETENTION_GUARD {\"blended_candidates\": 219, \"dataset\": \"44b6_0b24845f\", \"frame\": 89, \"minimum_retention\": 0.9, \"primary_candidates\": 322, \"retention\": 0.6801242236024845, \"use_primary\": true}\n"}
,{"stream_name":"stdout","time":493.997513268,"data":"SECONDARY_EDGE_TTA_ACTIVE views= 8 weight= 0.75 mean_abs_feat_delta= 0.325312\n"}
,{"stream_name":"stdout","time":493.997553367,"data":"BIOHUB_RETENTION_GUARD {\"blended_candidates\": 219, \"dataset\": \"44b6_0b24845f\", \"frame\": 89, \"minimum_retention\": 0.9, \"primary_candidates\": 322, \"retention\": 0.6801242236024845, \"use_primary\": true}\n"}
,{"stream_name":"stdout","time":494.039626453,"data":"EDGE_TTA_ACTIVE views= 8 mean_abs_feat_delta= 0.333718\n"}
,{"stream_name":"stdout","time":494.241981393,"data":"EDGE_TTA_ACTIVE views= 8 mean_abs_feat_delta= 0.333718\n"}
,{"stream_name":"stdout","time":494.879333816,"data":"EDGE_TTA_ACTIVE views= 8 mean_abs_feat_delta= 0.362102\n"}
,{"stream_name":"stdout","time":495.01430141,"data":"SECONDARY_EDGE_TTA_ACTIVE views= 8 weight= 0.75 mean_abs_feat_delta= 0.257147\n"}
,{"stream_name":"stdout","time":495.081446944,"data":"EDGE_TTA_ACTIVE views= 8 mean_abs_feat_delta= 0.362102\n"}
,{"stream_name":"stdout","time":495.081535124,"data":"SECONDARY_EDGE_TTA_ACTIVE views= 8 weight= 0.75 mean_abs_feat_delta= 0.257147\n"}
,{"stream_name":"stdout","time":495.827472501,"data":"SECONDARY_EDGE_TTA_ACTIVE views= 8 weight= 0.75 mean_abs_feat_delta= 0.321967\n"}
,{"stream_name":"stdout","time":495.831539946,"data":"BIOHUB_RETENTION_GUARD {\"blended_candidates\": 175, \"dataset\": \"44b6_0b24845f\", \"frame\": 90, \"minimum_retention\": 0.9, \"primary_candidates\": 269, \"retention\": 0.6505576208178439, \"use_primary\": true}\n"}
,{"stream_name":"stdout","time":496.030070409,"data":"SECONDARY_EDGE_TTA_ACTIVE views= 8 weight= 0.75 mean_abs_feat_delta= 0.321967\n"}
,{"stream_name":"stdout","time":496.030109596,"data":"BIOHUB_RETENTION_GUARD {\"blended_candidates\": 175, \"dataset\": \"44b6_0b24845f\", \"frame\": 90, \"minimum_retention\": 0.9, \"primary_candidates\": 269, \"retention\": 0.6505576208178439, \"use_primary\": true}\n"}
,{"stream_name":"stdout","time":496.098702015,"data":"EDGE_TTA_ACTIVE views= 8 mean_abs_feat_delta= 0.334199\n"}
,{"stream_name":"stdout","time":496.302053597,"data":"EDGE_TTA_ACTIVE views= 8 mean_abs_feat_delta= 0.334199\n"}
,{"stream_name":"stdout","time":496.884614898,"data":"EDGE_TTA_ACTIVE views= 8 mean_abs_feat_delta= 0.362535\n"}
,{"stream_name":"stdout","time":497.066114248,"data":"SECONDARY_EDGE_TTA_ACTIVE views= 8 weight= 0.75 mean_abs_feat_delta= 0.259374\n"}
,{"stream_name":"stdout","time":497.087192494,"data":"EDGE_TTA_ACTIVE views= 8 mean_abs_feat_delta= 0.362535\n"}
,{"stream_name":"stdout","time":497.08723968,"data":"SECONDARY_EDGE_TTA_ACTIVE views= 8 weight= 0.75 mean_abs_feat_delta= 0.259374\n"}
,{"stream_name":"stdout","time":497.827996228,"data":"SECONDARY_EDGE_TTA_ACTIVE views= 8 weight= 0.75 mean_abs_feat_delta= 0.320952\n"}
,{"stream_name":"stdout","time":497.83214813,"data":"BIOHUB_RETENTION_GUARD {\"blended_candidates\": 136, \"dataset\": \"44b6_0b24845f\", \"frame\": 91, \"minimum_retention\": 0.9, \"primary_candidates\": 237, \"retention\": 0.5738396624472574, \"use_primary\": true}\n"}
,{"stream_name":"stdout","time":498.030555124,"data":"SECONDARY_EDGE_TTA_ACTIVE views= 8 weight= 0.75 mean_abs_feat_delta= 0.320952\n"}
,{"stream_name":"stdout","time":498.030632361,"data":"BIOHUB_RETENTION_GUARD {\"blended_candidates\": 136, \"dataset\": \"44b6_0b24845f\", \"frame\": 91, \"minimum_retention\": 0.9, \"primary_candidates\": 237, \"retention\": 0.5738396624472574, \"use_primary\": true}\n"}
,{"stream_name":"stdout","time":498.157150703,"data":"EDGE_TTA_ACTIVE views= 8 mean_abs_feat_delta= 0.338008\n"}
,{"stream_name":"stdout","time":498.359502952,"data":"EDGE_TTA_ACTIVE views= 8 mean_abs_feat_delta= 0.338008\n"}
,{"stream_name":"stdout","time":498.91169993,"data":"EDGE_TTA_ACTIVE views= 8 mean_abs_feat_delta= 0.36442\n"}
,{"stream_name":"stdout","time":499.114212912,"data":"EDGE_TTA_ACTIVE views= 8 mean_abs_feat_delta= 0.36442\n"}
,{"stream_name":"stdout","time":499.13479064,"data":"SECONDARY_EDGE_TTA_ACTIVE views= 8 weight= 0.75 mean_abs_feat_delta= 0.257413\n"}
,{"stream_name":"stdout","time":499.33705883,"data":"SECONDARY_EDGE_TTA_ACTIVE views= 8 weight= 0.75 mean_abs_feat_delta= 0.257413\n"}
,{"stream_name":"stdout","time":499.858561314,"data":"SECONDARY_EDGE_TTA_ACTIVE views= 8 weight= 0.75 mean_abs_feat_delta= 0.322162\n"}
,{"stream_name":"stdout","time":499.86260599,"data":"BIOHUB_RETENTION_GUARD {\"blended_candidates\": 151, \"dataset\": \"44b6_0b24845f\", \"frame\": 92, \"minimum_retention\": 0.9, \"primary_candidates\": 286, \"retention\": 0.527972027972028, \"use_primary\": true}\n"}
,{"stream_name":"stdout","time":500.061328083,"data":"SECONDARY_EDGE_TTA_ACTIVE views= 8 weight= 0.75 mean_abs_feat_delta= 0.322162\n"}
,{"stream_name":"stdout","time":500.061372504,"data":"BIOHUB_RETENTION_GUARD {\"blended_candidates\": 151, \"dataset\": \"44b6_0b24845f\", \"frame\": 92, \"minimum_retention\": 0.9, \"primary_candidates\": 286, \"retention\": 0.527972027972028, \"use_primary\": true}\n"}
,{"stream_name":"stdout","time":500.26985968,"data":"EDGE_TTA_ACTIVE views= 8 mean_abs_feat_delta= 0.338144\n"}
,{"stream_name":"stdout","time":500.472330926,"data":"EDGE_TTA_ACTIVE views= 8 mean_abs_feat_delta= 0.338144\n"}
,{"stream_name":"stdout","time":500.920713177,"data":"EDGE_TTA_ACTIVE views= 8 mean_abs_feat_delta= 0.357811\n"}
,{"stream_name":"stdout","time":501.124304075,"data":"EDGE_TTA_ACTIVE views= 8 mean_abs_feat_delta= 0.357811\n"}
,{"stream_name":"stdout","time":501.243986397,"data":"SECONDARY_EDGE_TTA_ACTIVE views= 8 weight= 0.75 mean_abs_feat_delta= 0.257555\n"}
,{"stream_name":"stdout","time":501.446543657,"data":"SECONDARY_EDGE_TTA_ACTIVE views= 8 weight= 0.75 mean_abs_feat_delta= 0.257555\n"}
,{"stream_name":"stdout","time":501.867601229,"data":"SECONDARY_EDGE_TTA_ACTIVE views= 8 weight= 0.75 mean_abs_feat_delta= 0.314236\n"}
,{"stream_name":"stdout","time":501.871714153,"data":"BIOHUB_RETENTION_GUARD {\"blended_candidates\": 133, \"dataset\": \"44b6_0b24845f\", \"frame\": 93, \"minimum_retention\": 0.9, \"primary_candidates\": 253, \"retention\": 0.525691699604743, \"use_primary\": true}\n"}
,{"stream_name":"stdout","time":502.069940738,"data":"SECONDARY_EDGE_TTA_ACTIVE views= 8 weight= 0.75 mean_abs_feat_delta= 0.314236\n"}
,{"stream_name":"stdout","time":502.06997405,"data":"BIOHUB_RETENTION_GUARD {\"blended_candidates\": 133, \"dataset\": \"44b6_0b24845f\", \"frame\": 93, \"minimum_retention\": 0.9, \"primary_candidates\": 253, \"retention\": 0.525691699604743, \"use_primary\": true}\n"}
,{"stream_name":"stdout","time":502.338983294,"data":"EDGE_TTA_ACTIVE views= 8 mean_abs_feat_delta= 0.336404\n"}
,{"stream_name":"stdout","time":502.54151869,"data":"EDGE_TTA_ACTIVE views= 8 mean_abs_feat_delta= 0.336404\n"}
,{"stream_name":"stdout","time":502.929256153,"data":"EDGE_TTA_ACTIVE views= 8 mean_abs_feat_delta= 0.3551\n"}
,{"stream_name":"stdout","time":503.131682294,"data":"EDGE_TTA_ACTIVE views= 8 mean_abs_feat_delta= 0.3551\n"}
,{"stream_name":"stdout","time":503.313069075,"data":"SECONDARY_EDGE_TTA_ACTIVE views= 8 weight= 0.75 mean_abs_feat_delta= 0.253368\n"}
,{"stream_name":"stdout","time":503.515471324,"data":"SECONDARY_EDGE_TTA_ACTIVE views= 8 weight= 0.75 mean_abs_feat_delta= 0.253368\n"}
,{"stream_name":"stdout","time":503.875464063,"data":"SECONDARY_EDGE_TTA_ACTIVE views= 8 weight= 0.75 mean_abs_feat_delta= 0.314665\n"}
,{"stream_name":"stdout","time":503.879597985,"data":"BIOHUB_RETENTION_GUARD {\"blended_candidates\": 168, \"dataset\": \"44b6_0b24845f\", \"frame\": 94, \"minimum_retention\": 0.9, \"primary_candidates\": 290, \"retention\": 0.5793103448275863, \"use_primary\": true}\n"}
,{"stream_name":"stdout","time":504.078059204,"data":"SECONDARY_EDGE_TTA_ACTIVE views= 8 weight= 0.75 mean_abs_feat_delta= 0.314665\n"}
,{"stream_name":"stdout","time":504.078100316,"data":"BIOHUB_RETENTION_GUARD {\"blended_candidates\": 168, \"dataset\": \"44b6_0b24845f\", \"frame\": 94, \"minimum_retention\": 0.9, \"primary_candidates\": 290, \"retention\": 0.5793103448275863, \"use_primary\": true}\n"}
,{"stream_name":"stdout","time":504.406876685,"data":"EDGE_TTA_ACTIVE views= 8 mean_abs_feat_delta= 0.336923\n"}
,{"stream_name":"stdout","time":504.608969568,"data":"EDGE_TTA_ACTIVE views= 8 mean_abs_feat_delta= 0.336923\n"}
,{"stream_name":"stdout","time":504.965689117,"data":"EDGE_TTA_ACTIVE views= 8 mean_abs_feat_delta= 0.362482\n"}
,{"stream_name":"stdout","time":505.168114686,"data":"EDGE_TTA_ACTIVE views= 8 mean_abs_feat_delta= 0.362482\n"}
,{"stream_name":"stdout","time":505.38214954,"data":"SECONDARY_EDGE_TTA_ACTIVE views= 8 weight= 0.75 mean_abs_feat_delta= 0.253968\n"}
,{"stream_name":"stdout","time":505.584648894,"data":"SECONDARY_EDGE_TTA_ACTIVE views= 8 weight= 0.75 mean_abs_feat_delta= 0.253968\n"}
,{"stream_name":"stdout","time":505.915895891,"data":"SECONDARY_EDGE_TTA_ACTIVE views= 8 weight= 0.75 mean_abs_feat_delta= 0.321701\n"}
,{"stream_name":"stdout","time":505.919847899,"data":"BIOHUB_RETENTION_GUARD {\"blended_candidates\": 140, \"dataset\": \"44b6_0b24845f\", \"frame\": 95, \"minimum_retention\": 0.9, \"primary_candidates\": 309, \"retention\": 0.45307443365695793, \"use_primary\": true}\n"}
,{"stream_name":"stdout","time":506.11821428,"data":"SECONDARY_EDGE_TTA_ACTIVE views= 8 weight= 0.75 mean_abs_feat_delta= 0.321701\n"}
,{"stream_name":"stdout","time":506.118245977,"data":"BIOHUB_RETENTION_GUARD {\"blended_candidates\": 140, \"dataset\": \"44b6_0b24845f\", \"frame\": 95, \"minimum_retention\": 0.9, \"primary_candidates\": 309, \"retention\": 0.45307443365695793, \"use_primary\": true}\n"}
,{"stream_name":"stdout","time":506.496358831,"data":"EDGE_TTA_ACTIVE views= 8 mean_abs_feat_delta= 0.340204\n"}
,{"stream_name":"stdout","time":506.69901684,"data":"EDGE_TTA_ACTIVE views= 8 mean_abs_feat_delta= 0.340204\n"}
,{"stream_name":"stdout","time":507.064489178,"data":"EDGE_TTA_ACTIVE views= 8 mean_abs_feat_delta= 0.358614\n"}
,{"stream_name":"stdout","time":507.266759322,"data":"EDGE_TTA_ACTIVE views= 8 mean_abs_feat_delta= 0.358614\n"}
,{"stream_name":"stdout","time":507.471017556,"data":"SECONDARY_EDGE_TTA_ACTIVE views= 8 weight= 0.75 mean_abs_feat_delta= 0.25869\n"}
,{"stream_name":"stdout","time":507.673713395,"data":"SECONDARY_EDGE_TTA_ACTIVE views= 8 weight= 0.75 mean_abs_feat_delta= 0.25869\n"}
,{"stream_name":"stdout","time":508.011372721,"data":"SECONDARY_EDGE_TTA_ACTIVE views= 8 weight= 0.75 mean_abs_feat_delta= 0.325788\n"}
,{"stream_name":"stdout","time":508.01560828,"data":"BIOHUB_RETENTION_GUARD {\"blended_candidates\": 124, \"dataset\": \"44b6_0b24845f\", \"frame\": 96, \"minimum_retention\": 0.9, \"primary_candidates\": 273, \"retention\": 0.4542124542124542, \"use_primary\": true}\n"}
,{"stream_name":"stdout","time":508.213912111,"data":"SECONDARY_EDGE_TTA_ACTIVE views= 8 weight= 0.75 mean_abs_feat_delta= 0.325788\n"}
,{"stream_name":"stdout","time":508.213958485,"data":"BIOHUB_RETENTION_GUARD {\"blended_candidates\": 124, \"dataset\": \"44b6_0b24845f\", \"frame\": 96, \"minimum_retention\": 0.9, \"primary_candidates\": 273, \"retention\": 0.4542124542124542, \"use_primary\": true}\n"}
,{"stream_name":"stdout","time":508.549580236,"data":"EDGE_TTA_ACTIVE views= 8 mean_abs_feat_delta= 0.343273\n"}
,{"stream_name":"stdout","time":508.751875624,"data":"EDGE_TTA_ACTIVE views= 8 mean_abs_feat_delta= 0.343273\n"}
,{"stream_name":"stdout","time":509.083453711,"data":"EDGE_TTA_ACTIVE views= 8 mean_abs_feat_delta= 0.354717\n"}
,{"stream_name":"stdout","time":509.2858173,"data":"EDGE_TTA_ACTIVE views= 8 mean_abs_feat_delta= 0.354717\n"}
,{"stream_name":"stdout","time":509.520912207,"data":"SECONDARY_EDGE_TTA_ACTIVE views= 8 weight= 0.75 mean_abs_feat_delta= 0.249107\n"}
,{"stream_name":"stdout","time":509.723316856,"data":"SECONDARY_EDGE_TTA_ACTIVE views= 8 weight= 0.75 mean_abs_feat_delta= 0.249107\n"}
,{"stream_name":"stdout","time":510.031073169,"data":"SECONDARY_EDGE_TTA_ACTIVE views= 8 weight= 0.75 mean_abs_feat_delta= 0.328691\n"}
,{"stream_name":"stdout","time":510.034866326,"data":"BIOHUB_RETENTION_GUARD {\"blended_candidates\": 181, \"dataset\": \"44b6_0b24845f\", \"frame\": 97, \"minimum_retention\": 0.9, \"primary_candidates\": 328, \"retention\": 0.551829268292683, \"use_primary\": true}\n"}
,{"stream_name":"stdout","time":510.233382194,"data":"SECONDARY_EDGE_TTA_ACTIVE views= 8 weight= 0.75 mean_abs_feat_delta= 0.328691\n"}
,{"stream_name":"stdout","time":510.233436701,"data":"BIOHUB_RETENTION_GUARD {\"blended_candidates\": 181, \"dataset\": \"44b6_0b24845f\", \"frame\": 97, \"minimum_retention\": 0.9, \"primary_candidates\": 328, \"retention\": 0.551829268292683, \"use_primary\": true}\n"}
,{"stream_name":"stdout","time":510.597462447,"data":"EDGE_TTA_ACTIVE views= 8 mean_abs_feat_delta= 0.340039\n"}
,{"stream_name":"stdout","time":510.79977332,"data":"EDGE_TTA_ACTIVE views= 8 mean_abs_feat_delta= 0.340039\n"}
,{"stream_name":"stdout","time":511.10026571,"data":"EDGE_TTA_ACTIVE views= 8 mean_abs_feat_delta= 0.362901\n"}
,{"stream_name":"stdout","time":511.302804542,"data":"EDGE_TTA_ACTIVE views= 8 mean_abs_feat_delta= 0.362901\n"}
,{"stream_name":"stdout","time":511.571630999,"data":"SECONDARY_EDGE_TTA_ACTIVE views= 8 weight= 0.75 mean_abs_feat_delta= 0.250998\n"}
,{"stream_name":"stdout","time":511.77410229,"data":"SECONDARY_EDGE_TTA_ACTIVE views= 8 weight= 0.75 mean_abs_feat_delta= 0.250998\n"}
,{"stream_name":"stdout","time":512.053340485,"data":"SECONDARY_EDGE_TTA_ACTIVE views= 8 weight= 0.75 mean_abs_feat_delta= 0.327921\n"}
,{"stream_name":"stdout","time":512.057447887,"data":"BIOHUB_RETENTION_GUARD {\"blended_candidates\": 153, \"dataset\": \"44b6_0b24845f\", \"frame\": 98, \"minimum_retention\": 0.9, \"primary_candidates\": 295, \"retention\": 0.5186440677966102, \"use_primary\": true}\n"}
,{"stream_name":"stdout","time":512.255843196,"data":"SECONDARY_EDGE_TTA_ACTIVE views= 8 weight= 0.75 mean_abs_feat_delta= 0.327921\n"}
,{"stream_name":"stdout","time":512.25590913,"data":"BIOHUB_RETENTION_GUARD {\"blended_candidates\": 153, \"dataset\": \"44b6_0b24845f\", \"frame\": 98, \"minimum_retention\": 0.9, \"primary_candidates\": 295, \"retention\": 0.5186440677966102, \"use_primary\": true}\n"}
,{"stream_name":"stdout","time":512.645344544,"data":"EDGE_TTA_ACTIVE views= 8 mean_abs_feat_delta= 0.338922\n"}
,{"stream_name":"stdout","time":512.847958035,"data":"EDGE_TTA_ACTIVE views= 8 mean_abs_feat_delta= 0.338922\n"}
,{"stream_name":"stdout","time":513.124005977,"data":"EDGE_TTA_ACTIVE views= 8 mean_abs_feat_delta= 0.362405\n"}
,{"stream_name":"stdout","time":513.3262042,"data":"EDGE_TTA_ACTIVE views= 8 mean_abs_feat_delta= 0.362405\n"}
,{"stream_name":"stdout","time":513.620033518,"data":"SECONDARY_EDGE_TTA_ACTIVE views= 8 weight= 0.75 mean_abs_feat_delta= 0.249091\n"}
,{"stream_name":"stdout","time":513.822451607,"data":"SECONDARY_EDGE_TTA_ACTIVE views= 8 weight= 0.75 mean_abs_feat_delta= 0.249091\n"}
,{"stream_name":"stdout","time":514.075103584,"data":"SECONDARY_EDGE_TTA_ACTIVE views= 8 weight= 0.75 mean_abs_feat_delta= 0.328126\n"}
,{"stream_name":"stdout","time":514.079336042,"data":"BIOHUB_RETENTION_GUARD {\"blended_candidates\": 111, \"dataset\": \"44b6_0b24845f\", \"frame\": 99, \"minimum_retention\": 0.9, \"primary_candidates\": 224, \"retention\": 0.4955357142857143, \"use_primary\": true}\n"}
,{"stream_name":"stdout","time":514.277684941,"data":"SECONDARY_EDGE_TTA_ACTIVE views= 8 weight= 0.75 mean_abs_feat_delta= 0.328126\n"}
,{"stream_name":"stdout","time":514.27772038,"data":"BIOHUB_RETENTION_GUARD {\"blended_candidates\": 111, \"dataset\": \"44b6_0b24845f\", \"frame\": 99, \"minimum_retention\": 0.9, \"primary_candidates\": 224, \"retention\": 0.4955357142857143, \"use_primary\": true}\n"}
,{"stream_name":"stdout","time":514.713341613,"data":"EDGE_TTA_ACTIVE views= 8 mean_abs_feat_delta= 0.342488\n"}
,{"stream_name":"stdout","time":514.91603105,"data":"EDGE_TTA_ACTIVE views= 8 mean_abs_feat_delta= 0.342488\n"}
,{"stream_name":"stdout","time":515.689185369,"data":"SECONDARY_EDGE_TTA_ACTIVE views= 8 weight= 0.75 mean_abs_feat_delta= 0.25058\n"}
,{"stream_name":"stdout","time":515.891358257,"data":"SECONDARY_EDGE_TTA_ACTIVE views= 8 weight= 0.75 mean_abs_feat_delta= 0.25058\n"}
,{"stream_name":"stdout","time":516.842785167,"data":"EDGE_TTA_ACTIVE views= 8 mean_abs_feat_delta= 0.341683\n"}
,{"stream_name":"stdout","time":517.045544253,"data":"EDGE_TTA_ACTIVE views= 8 mean_abs_feat_delta= 0.341683\n"}
,{"stream_name":"stdout","time":517.834086244,"data":"SECONDARY_EDGE_TTA_ACTIVE views= 8 weight= 0.75 mean_abs_feat_delta= 0.25428\n"}
,{"stream_name":"stdout","time":518.071852263,"data":"SECONDARY_EDGE_TTA_ACTIVE views= 8 weight= 0.75 mean_abs_feat_delta= 0.25428\n"}
,{"stream_name":"stdout","time":536.628939591,"data":"EDGE_TTA_ACTIVE views= 8 mean_abs_feat_delta= 0.336457\n"}
,{"stream_name":"stdout","time":536.83141567,"data":"EDGE_TTA_ACTIVE views= 8 mean_abs_feat_delta= 0.336457\n"}
,{"stream_name":"stdout","time":537.552770159,"data":"SECONDARY_EDGE_TTA_ACTIVE views= 8 weight= 0.75 mean_abs_feat_delta= 0.229228\n"}
,{"stream_name":"stdout","time":537.755104428,"data":"SECONDARY_EDGE_TTA_ACTIVE views= 8 weight= 0.75 mean_abs_feat_delta= 0.229228\n"}
,{"stream_name":"stdout","time":538.823389532,"data":"EDGE_TTA_ACTIVE views= 8 mean_abs_feat_delta= 0.33652\n"}
,{"stream_name":"stdout","time":539.02585547,"data":"EDGE_TTA_ACTIVE views= 8 mean_abs_feat_delta= 0.33652\n"}
,{"stream_name":"stdout","time":539.753829119,"data":"SECONDARY_EDGE_TTA_ACTIVE views= 8 weight= 0.75 mean_abs_feat_delta= 0.231364\n"}
,{"stream_name":"stdout","time":539.956363,"data":"SECONDARY_EDGE_TTA_ACTIVE views= 8 weight= 0.75 mean_abs_feat_delta= 0.231364\n"}
,{"stream_name":"stdout","time":541.015207505,"data":"EDGE_TTA_ACTIVE views= 8 mean_abs_feat_delta= 0.334504\n"}
,{"stream_name":"stdout","time":541.217707097,"data":"EDGE_TTA_ACTIVE views= 8 mean_abs_feat_delta= 0.334504\n"}
,{"stream_name":"stdout","time":541.946076025,"data":"SECONDARY_EDGE_TTA_ACTIVE views= 8 weight= 0.75 mean_abs_feat_delta= 0.231505\n"}
,{"stream_name":"stdout","time":542.148383765,"data":"SECONDARY_EDGE_TTA_ACTIVE views= 8 weight= 0.75 mean_abs_feat_delta= 0.231505\n"}
,{"stream_name":"stdout","time":543.203402299,"data":"EDGE_TTA_ACTIVE views= 8 mean_abs_feat_delta= 0.331503\n"}
,{"stream_name":"stdout","time":543.405514194,"data":"EDGE_TTA_ACTIVE views= 8 mean_abs_feat_delta= 0.331503\n"}
,{"stream_name":"stdout","time":544.136094505,"data":"SECONDARY_EDGE_TTA_ACTIVE views= 8 weight= 0.75 mean_abs_feat_delta= 0.233103\n"}
,{"stream_name":"stdout","time":544.262000517,"data":"EDGE_TTA_ACTIVE views= 8 mean_abs_feat_delta= 0.353265\n"}
,{"stream_name":"stdout","time":544.338642771,"data":"SECONDARY_EDGE_TTA_ACTIVE views= 8 weight= 0.75 mean_abs_feat_delta= 0.233103\n"}
,{"stream_name":"stdout","time":544.338671184,"data":"EDGE_TTA_ACTIVE views= 8 mean_abs_feat_delta= 0.353265\n"}
,{"stream_name":"stdout","time":545.234728575,"data":"SECONDARY_EDGE_TTA_ACTIVE views= 8 weight= 0.75 mean_abs_feat_delta= 0.229197\n"}
,{"stream_name":"stdout","time":545.400615339,"data":"EDGE_TTA_ACTIVE views= 8 mean_abs_feat_delta= 0.334571\n"}
,{"stream_name":"stdout","time":545.436972333,"data":"SECONDARY_EDGE_TTA_ACTIVE views= 8 weight= 0.75 mean_abs_feat_delta= 0.229197\n"}
,{"stream_name":"stdout","time":545.436998331,"data":"EDGE_TTA_ACTIVE views= 8 mean_abs_feat_delta= 0.334571\n"}
,{"stream_name":"stdout","time":546.286939447,"data":"EDGE_TTA_ACTIVE views= 8 mean_abs_feat_delta= 0.356556\n"}
,{"stream_name":"stdout","time":546.335152927,"data":"SECONDARY_EDGE_TTA_ACTIVE views= 8 weight= 0.75 mean_abs_feat_delta= 0.230713\n"}
,{"stream_name":"stdout","time":546.48911292,"data":"EDGE_TTA_ACTIVE views= 8 mean_abs_feat_delta= 0.356556\n"}
,{"stream_name":"stdout","time":546.489152007,"data":"SECONDARY_EDGE_TTA_ACTIVE views= 8 weight= 0.75 mean_abs_feat_delta= 0.230713\n"}
,{"stream_name":"stdout","time":547.260632436,"data":"SECONDARY_EDGE_TTA_ACTIVE views= 8 weight= 0.75 mean_abs_feat_delta= 0.228531\n"}
,{"stream_name":"stdout","time":547.464008248,"data":"SECONDARY_EDGE_TTA_ACTIVE views= 8 weight= 0.75 mean_abs_feat_delta= 0.228531\n"}
,{"stream_name":"stdout","time":547.621681575,"data":"EDGE_TTA_ACTIVE views= 8 mean_abs_feat_delta= 0.333844\n"}
,{"stream_name":"stdout","time":547.824082853,"data":"EDGE_TTA_ACTIVE views= 8 mean_abs_feat_delta= 0.333844\n"}
,{"stream_name":"stdout","time":548.315225997,"data":"EDGE_TTA_ACTIVE views= 8 mean_abs_feat_delta= 0.359353\n"}
,{"stream_name":"stdout","time":548.551155923,"data":"EDGE_TTA_ACTIVE views= 8 mean_abs_feat_delta= 0.359353\n"}
,{"stream_name":"stdout","time":548.554752516,"data":"SECONDARY_EDGE_TTA_ACTIVE views= 8 weight= 0.75 mean_abs_feat_delta= 0.228063\n"}
,{"stream_name":"stdout","time":548.757297008,"data":"SECONDARY_EDGE_TTA_ACTIVE views= 8 weight= 0.75 mean_abs_feat_delta= 0.228063\n"}
,{"stream_name":"stdout","time":549.289961178,"data":"SECONDARY_EDGE_TTA_ACTIVE views= 8 weight= 0.75 mean_abs_feat_delta= 0.232233\n"}
,{"stream_name":"stdout","time":549.492214994,"data":"SECONDARY_EDGE_TTA_ACTIVE views= 8 weight= 0.75 mean_abs_feat_delta= 0.232233\n"}
,{"stream_name":"stdout","time":549.813957808,"data":"EDGE_TTA_ACTIVE views= 8 mean_abs_feat_delta= 0.333957\n"}
,{"stream_name":"stdout","time":550.016487681,"data":"EDGE_TTA_ACTIVE views= 8 mean_abs_feat_delta= 0.333957\n"}
,{"stream_name":"stdout","time":550.34336252,"data":"EDGE_TTA_ACTIVE views= 8 mean_abs_feat_delta= 0.361838\n"}
,{"stream_name":"stdout","time":550.545689889,"data":"EDGE_TTA_ACTIVE views= 8 mean_abs_feat_delta= 0.361838\n"}
,{"stream_name":"stdout","time":550.747448393,"data":"SECONDARY_EDGE_TTA_ACTIVE views= 8 weight= 0.75 mean_abs_feat_delta= 0.23148\n"}
,{"stream_name":"stdout","time":550.950001937,"data":"SECONDARY_EDGE_TTA_ACTIVE views= 8 weight= 0.75 mean_abs_feat_delta= 0.23148\n"}
,{"stream_name":"stdout","time":551.319872901,"data":"SECONDARY_EDGE_TTA_ACTIVE views= 8 weight= 0.75 mean_abs_feat_delta= 0.231136\n"}
,{"stream_name":"stdout","time":551.522454163,"data":"SECONDARY_EDGE_TTA_ACTIVE views= 8 weight= 0.75 mean_abs_feat_delta= 0.231136\n"}
,{"stream_name":"stdout","time":552.0282417,"data":"EDGE_TTA_ACTIVE views= 8 mean_abs_feat_delta= 0.333005\n"}
,{"stream_name":"stdout","time":552.230480784,"data":"EDGE_TTA_ACTIVE views= 8 mean_abs_feat_delta= 0.333005\n"}
,{"stream_name":"stdout","time":552.412807482,"data":"EDGE_TTA_ACTIVE views= 8 mean_abs_feat_delta= 0.349332\n"}
,{"stream_name":"stdout","time":552.615236,"data":"EDGE_TTA_ACTIVE views= 8 mean_abs_feat_delta= 0.349332\n"}
,{"stream_name":"stdout","time":552.967352491,"data":"SECONDARY_EDGE_TTA_ACTIVE views= 8 weight= 0.75 mean_abs_feat_delta= 0.226861\n"}
,{"stream_name":"stdout","time":553.170000562,"data":"SECONDARY_EDGE_TTA_ACTIVE views= 8 weight= 0.75 mean_abs_feat_delta= 0.226861\n"}
,{"stream_name":"stdout","time":553.404796323,"data":"SECONDARY_EDGE_TTA_ACTIVE views= 8 weight= 0.75 mean_abs_feat_delta= 0.237962\n"}
,{"stream_name":"stdout","time":553.60717395,"data":"SECONDARY_EDGE_TTA_ACTIVE views= 8 weight= 0.75 mean_abs_feat_delta= 0.237962\n"}
,{"stream_name":"stdout","time":554.245549931,"data":"EDGE_TTA_ACTIVE views= 8 mean_abs_feat_delta= 0.335609\n"}
,{"stream_name":"stdout","time":554.447991797,"data":"EDGE_TTA_ACTIVE views= 8 mean_abs_feat_delta= 0.335609\n"}
,{"stream_name":"stdout","time":554.471258523,"data":"EDGE_TTA_ACTIVE views= 8 mean_abs_feat_delta= 0.36765\n"}
,{"stream_name":"stdout","time":554.673791109,"data":"EDGE_TTA_ACTIVE views= 8 mean_abs_feat_delta= 0.36765\n"}
,{"stream_name":"stdout","time":555.183539972,"data":"SECONDARY_EDGE_TTA_ACTIVE views= 8 weight= 0.75 mean_abs_feat_delta= 0.226753\n"}
,{"stream_name":"stdout","time":555.385989893,"data":"SECONDARY_EDGE_TTA_ACTIVE views= 8 weight= 0.75 mean_abs_feat_delta= 0.226753\n"}
,{"stream_name":"stdout","time":555.470574476,"data":"SECONDARY_EDGE_TTA_ACTIVE views= 8 weight= 0.75 mean_abs_feat_delta= 0.23324\n"}
,{"stream_name":"stdout","time":555.672771636,"data":"SECONDARY_EDGE_TTA_ACTIVE views= 8 weight= 0.75 mean_abs_feat_delta= 0.23324\n"}
,{"stream_name":"stdout","time":556.448666701,"data":"EDGE_TTA_ACTIVE views= 8 mean_abs_feat_delta= 0.338411\n"}
,{"stream_name":"stdout","time":556.579089237,"data":"EDGE_TTA_ACTIVE views= 8 mean_abs_feat_delta= 0.37095\n"}
,{"stream_name":"stdout","time":556.65123491,"data":"EDGE_TTA_ACTIVE views= 8 mean_abs_feat_delta= 0.338411\n"}
,{"stream_name":"stdout","time":556.651259994,"data":"EDGE_TTA_ACTIVE views= 8 mean_abs_feat_delta= 0.37095\n"}
,{"stream_name":"stdout","time":557.388173412,"data":"SECONDARY_EDGE_TTA_ACTIVE views= 8 weight= 0.75 mean_abs_feat_delta= 0.229067\n"}
,{"stream_name":"stdout","time":557.58285119,"data":"SECONDARY_EDGE_TTA_ACTIVE views= 8 weight= 0.75 mean_abs_feat_delta= 0.233703\n"}
,{"stream_name":"stdout","time":557.59071933,"data":"SECONDARY_EDGE_TTA_ACTIVE views= 8 weight= 0.75 mean_abs_feat_delta= 0.229067\n"}
,{"stream_name":"stdout","time":557.590738605,"data":"SECONDARY_EDGE_TTA_ACTIVE views= 8 weight= 0.75 mean_abs_feat_delta= 0.233703\n"}
,{"stream_name":"stdout","time":558.682415409,"data":"EDGE_TTA_ACTIVE views= 8 mean_abs_feat_delta= 0.33357\n"}
,{"stream_name":"stdout","time":558.697848864,"data":"EDGE_TTA_ACTIVE views= 8 mean_abs_feat_delta= 0.362298\n"}
,{"stream_name":"stdout","time":558.88496166,"data":"EDGE_TTA_ACTIVE views= 8 mean_abs_feat_delta= 0.33357\n"}
,{"stream_name":"stdout","time":558.88499314,"data":"EDGE_TTA_ACTIVE views= 8 mean_abs_feat_delta= 0.362298\n"}
,{"stream_name":"stdout","time":559.626295159,"data":"SECONDARY_EDGE_TTA_ACTIVE views= 8 weight= 0.75 mean_abs_feat_delta= 0.224805\n"}
,{"stream_name":"stdout","time":559.709722727,"data":"SECONDARY_EDGE_TTA_ACTIVE views= 8 weight= 0.75 mean_abs_feat_delta= 0.23047\n"}
,{"stream_name":"stdout","time":559.828648253,"data":"SECONDARY_EDGE_TTA_ACTIVE views= 8 weight= 0.75 mean_abs_feat_delta= 0.224805\n"}
,{"stream_name":"stdout","time":559.828680671,"data":"SECONDARY_EDGE_TTA_ACTIVE views= 8 weight= 0.75 mean_abs_feat_delta= 0.23047\n"}
,{"stream_name":"stdout","time":560.793301898,"data":"EDGE_TTA_ACTIVE views= 8 mean_abs_feat_delta= 0.357762\n"}
,{"stream_name":"stdout","time":560.919885772,"data":"EDGE_TTA_ACTIVE views= 8 mean_abs_feat_delta= 0.328392\n"}
,{"stream_name":"stdout","time":560.995793408,"data":"EDGE_TTA_ACTIVE views= 8 mean_abs_feat_delta= 0.357762\n"}
,{"stream_name":"stdout","time":560.995822095,"data":"EDGE_TTA_ACTIVE views= 8 mean_abs_feat_delta= 0.328392\n"}
,{"stream_name":"stdout","time":561.810316505,"data":"SECONDARY_EDGE_TTA_ACTIVE views= 8 weight= 0.75 mean_abs_feat_delta= 0.222866\n"}
,{"stream_name":"stdout","time":561.862839297,"data":"SECONDARY_EDGE_TTA_ACTIVE views= 8 weight= 0.75 mean_abs_feat_delta= 0.22475\n"}
,{"stream_name":"stdout","time":562.013064555,"data":"SECONDARY_EDGE_TTA_ACTIVE views= 8 weight= 0.75 mean_abs_feat_delta= 0.222866\n"}
,{"stream_name":"stdout","time":562.013099397,"data":"SECONDARY_EDGE_TTA_ACTIVE views= 8 weight= 0.75 mean_abs_feat_delta= 0.22475\n"}
,{"stream_name":"stdout","time":562.877694403,"data":"EDGE_TTA_ACTIVE views= 8 mean_abs_feat_delta= 0.360193\n"}
,{"stream_name":"stdout","time":563.080162067,"data":"EDGE_TTA_ACTIVE views= 8 mean_abs_feat_delta= 0.360193\n"}
,{"stream_name":"stdout","time":563.179046741,"data":"EDGE_TTA_ACTIVE views= 8 mean_abs_feat_delta= 0.329088\n"}
,{"stream_name":"stdout","time":563.381228518,"data":"EDGE_TTA_ACTIVE views= 8 mean_abs_feat_delta= 0.329088\n"}
,{"stream_name":"stdout","time":563.899888007,"data":"SECONDARY_EDGE_TTA_ACTIVE views= 8 weight= 0.75 mean_abs_feat_delta= 0.223297\n"}
,{"stream_name":"stdout","time":564.10268422,"data":"SECONDARY_EDGE_TTA_ACTIVE views= 8 weight= 0.75 mean_abs_feat_delta= 0.223297\n"}
,{"stream_name":"stdout","time":564.121677937,"data":"SECONDARY_EDGE_TTA_ACTIVE views= 8 weight= 0.75 mean_abs_feat_delta= 0.223629\n"}
,{"stream_name":"stdout","time":564.324206262,"data":"SECONDARY_EDGE_TTA_ACTIVE views= 8 weight= 0.75 mean_abs_feat_delta= 0.223629\n"}
,{"stream_name":"stdout","time":564.995067357,"data":"EDGE_TTA_ACTIVE views= 8 mean_abs_feat_delta= 0.35856\n"}
,{"stream_name":"stdout","time":565.197250271,"data":"EDGE_TTA_ACTIVE views= 8 mean_abs_feat_delta= 0.35856\n"}
,{"stream_name":"stdout","time":565.40521847,"data":"EDGE_TTA_ACTIVE views= 8 mean_abs_feat_delta= 0.331454\n"}
,{"stream_name":"stdout","time":565.607773995,"data":"EDGE_TTA_ACTIVE views= 8 mean_abs_feat_delta= 0.331454\n"}
,{"stream_name":"stdout","time":566.027181455,"data":"SECONDARY_EDGE_TTA_ACTIVE views= 8 weight= 0.75 mean_abs_feat_delta= 0.226482\n"}
,{"stream_name":"stdout","time":566.22936508,"data":"SECONDARY_EDGE_TTA_ACTIVE views= 8 weight= 0.75 mean_abs_feat_delta= 0.226482\n"}
,{"stream_name":"stdout","time":566.348850215,"data":"SECONDARY_EDGE_TTA_ACTIVE views= 8 weight= 0.75 mean_abs_feat_delta= 0.221381\n"}
,{"stream_name":"stdout","time":566.551254615,"data":"SECONDARY_EDGE_TTA_ACTIVE views= 8 weight= 0.75 mean_abs_feat_delta= 0.221381\n"}
,{"stream_name":"stdout","time":567.155989876,"data":"EDGE_TTA_ACTIVE views= 8 mean_abs_feat_delta= 0.365065\n"}
,{"stream_name":"stdout","time":567.358506101,"data":"EDGE_TTA_ACTIVE views= 8 mean_abs_feat_delta= 0.365065\n"}
,{"stream_name":"stdout","time":567.64111766,"data":"EDGE_TTA_ACTIVE views= 8 mean_abs_feat_delta= 0.332081\n"}
,{"stream_name":"stdout","time":567.84363761,"data":"EDGE_TTA_ACTIVE views= 8 mean_abs_feat_delta= 0.332081\n"}
,{"stream_name":"stdout","time":568.193563602,"data":"SECONDARY_EDGE_TTA_ACTIVE views= 8 weight= 0.75 mean_abs_feat_delta= 0.229453\n"}
,{"stream_name":"stdout","time":568.395723365,"data":"SECONDARY_EDGE_TTA_ACTIVE views= 8 weight= 0.75 mean_abs_feat_delta= 0.229453\n"}
,{"stream_name":"stdout","time":568.58467687,"data":"SECONDARY_EDGE_TTA_ACTIVE views= 8 weight= 0.75 mean_abs_feat_delta= 0.220825\n"}
,{"stream_name":"stdout","time":568.787157735,"data":"SECONDARY_EDGE_TTA_ACTIVE views= 8 weight= 0.75 mean_abs_feat_delta= 0.220825\n"}
,{"stream_name":"stdout","time":569.312339382,"data":"EDGE_TTA_ACTIVE views= 8 mean_abs_feat_delta= 0.353373\n"}
,{"stream_name":"stdout","time":569.51495015,"data":"EDGE_TTA_ACTIVE views= 8 mean_abs_feat_delta= 0.353373\n"}
,{"stream_name":"stdout","time":569.909325526,"data":"EDGE_TTA_ACTIVE views= 8 mean_abs_feat_delta= 0.331331\n"}
,{"stream_name":"stdout","time":570.111785343,"data":"EDGE_TTA_ACTIVE views= 8 mean_abs_feat_delta= 0.331331\n"}
,{"stream_name":"stdout","time":570.35436449,"data":"SECONDARY_EDGE_TTA_ACTIVE views= 8 weight= 0.75 mean_abs_feat_delta= 0.233899\n"}
,{"stream_name":"stdout","time":570.557150938,"data":"SECONDARY_EDGE_TTA_ACTIVE views= 8 weight= 0.75 mean_abs_feat_delta= 0.233899\n"}
,{"stream_name":"stdout","time":570.855240962,"data":"SECONDARY_EDGE_TTA_ACTIVE views= 8 weight= 0.75 mean_abs_feat_delta= 0.220942\n"}
,{"stream_name":"stdout","time":571.05657749,"data":"SECONDARY_EDGE_TTA_ACTIVE views= 8 weight= 0.75 mean_abs_feat_delta= 0.220942\n"}
,{"stream_name":"stdout","time":571.465131528,"data":"EDGE_TTA_ACTIVE views= 8 mean_abs_feat_delta= 0.366767\n"}
,{"stream_name":"stdout","time":571.667520608,"data":"EDGE_TTA_ACTIVE views= 8 mean_abs_feat_delta= 0.366767\n"}
,{"stream_name":"stdout","time":572.188295204,"data":"EDGE_TTA_ACTIVE views= 8 mean_abs_feat_delta= 0.331316\n"}
,{"stream_name":"stdout","time":572.390690535,"data":"EDGE_TTA_ACTIVE views= 8 mean_abs_feat_delta= 0.331316\n"}
,{"stream_name":"stdout","time":572.51059743,"data":"SECONDARY_EDGE_TTA_ACTIVE views= 8 weight= 0.75 mean_abs_feat_delta= 0.228562\n"}
,{"stream_name":"stdout","time":572.713234331,"data":"SECONDARY_EDGE_TTA_ACTIVE views= 8 weight= 0.75 mean_abs_feat_delta= 0.228562\n"}
,{"stream_name":"stdout","time":573.134087246,"data":"SECONDARY_EDGE_TTA_ACTIVE views= 8 weight= 0.75 mean_abs_feat_delta= 0.220064\n"}
,{"stream_name":"stdout","time":573.336543297,"data":"SECONDARY_EDGE_TTA_ACTIVE views= 8 weight= 0.75 mean_abs_feat_delta= 0.220064\n"}
,{"stream_name":"stdout","time":573.634053337,"data":"EDGE_TTA_ACTIVE views= 8 mean_abs_feat_delta= 0.360859\n"}
,{"stream_name":"stdout","time":573.836647793,"data":"EDGE_TTA_ACTIVE views= 8 mean_abs_feat_delta= 0.360859\n"}
,{"stream_name":"stdout","time":574.434464763,"data":"EDGE_TTA_ACTIVE views= 8 mean_abs_feat_delta= 0.331281\n"}
,{"stream_name":"stdout","time":574.636808042,"data":"EDGE_TTA_ACTIVE views= 8 mean_abs_feat_delta= 0.331281\n"}
,{"stream_name":"stdout","time":574.680821441,"data":"SECONDARY_EDGE_TTA_ACTIVE views= 8 weight= 0.75 mean_abs_feat_delta= 0.229373\n"}
,{"stream_name":"stdout","time":574.88354943,"data":"SECONDARY_EDGE_TTA_ACTIVE views= 8 weight= 0.75 mean_abs_feat_delta= 0.229373\n"}
,{"stream_name":"stdout","time":575.379965764,"data":"SECONDARY_EDGE_TTA_ACTIVE views= 8 weight= 0.75 mean_abs_feat_delta= 0.219385\n"}
,{"stream_name":"stdout","time":575.582515536,"data":"SECONDARY_EDGE_TTA_ACTIVE views= 8 weight= 0.75 mean_abs_feat_delta= 0.219385\n"}
,{"stream_name":"stdout","time":575.809992872,"data":"EDGE_TTA_ACTIVE views= 8 mean_abs_feat_delta= 0.358711\n"}
,{"stream_name":"stdout","time":576.012572201,"data":"EDGE_TTA_ACTIVE views= 8 mean_abs_feat_delta= 0.358711\n"}
,{"stream_name":"stdout","time":576.674996906,"data":"EDGE_TTA_ACTIVE views= 8 mean_abs_feat_delta= 0.332495\n"}
,{"stream_name":"stdout","time":576.853761309,"data":"SECONDARY_EDGE_TTA_ACTIVE views= 8 weight= 0.75 mean_abs_feat_delta= 0.228983\n"}
,{"stream_name":"stdout","time":576.877709988,"data":"EDGE_TTA_ACTIVE views= 8 mean_abs_feat_delta= 0.332495\n"}
,{"stream_name":"stdout","time":576.877766592,"data":"SECONDARY_EDGE_TTA_ACTIVE views= 8 weight= 0.75 mean_abs_feat_delta= 0.228983\n"}
,{"stream_name":"stdout","time":577.625089948,"data":"SECONDARY_EDGE_TTA_ACTIVE views= 8 weight= 0.75 mean_abs_feat_delta= 0.221891\n"}
,{"stream_name":"stdout","time":577.824803806,"data":"SECONDARY_EDGE_TTA_ACTIVE views= 8 weight= 0.75 mean_abs_feat_delta= 0.221891\n"}
,{"stream_name":"stdout","time":577.956743437,"data":"EDGE_TTA_ACTIVE views= 8 mean_abs_feat_delta= 0.357908\n"}
,{"stream_name":"stdout","time":578.159482533,"data":"EDGE_TTA_ACTIVE views= 8 mean_abs_feat_delta= 0.357908\n"}
,{"stream_name":"stdout","time":578.954582816,"data":"EDGE_TTA_ACTIVE views= 8 mean_abs_feat_delta= 0.326164\n"}
,{"stream_name":"stdout","time":578.989492743,"data":"SECONDARY_EDGE_TTA_ACTIVE views= 8 weight= 0.75 mean_abs_feat_delta= 0.22723\n"}
,{"stream_name":"stdout","time":579.19199885,"data":"EDGE_TTA_ACTIVE views= 8 mean_abs_feat_delta= 0.326164\n"}
,{"stream_name":"stdout","time":579.192024034,"data":"SECONDARY_EDGE_TTA_ACTIVE views= 8 weight= 0.75 mean_abs_feat_delta= 0.22723\n"}
,{"stream_name":"stdout","time":579.899083995,"data":"SECONDARY_EDGE_TTA_ACTIVE views= 8 weight= 0.75 mean_abs_feat_delta= 0.22287\n"}
,{"stream_name":"stdout","time":580.087541801,"data":"EDGE_TTA_ACTIVE views= 8 mean_abs_feat_delta= 0.36076\n"}
,{"stream_name":"stdout","time":580.101691472,"data":"SECONDARY_EDGE_TTA_ACTIVE views= 8 weight= 0.75 mean_abs_feat_delta= 0.22287\n"}
,{"stream_name":"stdout","time":580.101716791,"data":"EDGE_TTA_ACTIVE views= 8 mean_abs_feat_delta= 0.36076\n"}
,{"stream_name":"stdout","time":581.112444248,"data":"SECONDARY_EDGE_TTA_ACTIVE views= 8 weight= 0.75 mean_abs_feat_delta= 0.227184\n"}
,{"stream_name":"stdout","time":581.212366984,"data":"EDGE_TTA_ACTIVE views= 8 mean_abs_feat_delta= 0.3318\n"}
,{"stream_name":"stdout","time":581.315127896,"data":"SECONDARY_EDGE_TTA_ACTIVE views= 8 weight= 0.75 mean_abs_feat_delta= 0.227184\n"}
,{"stream_name":"stdout","time":581.315167843,"data":"EDGE_TTA_ACTIVE views= 8 mean_abs_feat_delta= 0.3318\n"}
,{"stream_name":"stdout","time":582.161984171,"data":"SECONDARY_EDGE_TTA_ACTIVE views= 8 weight= 0.75 mean_abs_feat_delta= 0.226905\n"}
,{"stream_name":"stdout","time":582.264757088,"data":"EDGE_TTA_ACTIVE views= 8 mean_abs_feat_delta= 0.363026\n"}
,{"stream_name":"stdout","time":582.364359668,"data":"SECONDARY_EDGE_TTA_ACTIVE views= 8 weight= 0.75 mean_abs_feat_delta= 0.226905\n"}
,{"stream_name":"stdout","time":582.36438731,"data":"EDGE_TTA_ACTIVE views= 8 mean_abs_feat_delta= 0.363026\n"}
,{"stream_name":"stdout","time":583.276938955,"data":"SECONDARY_EDGE_TTA_ACTIVE views= 8 weight= 0.75 mean_abs_feat_delta= 0.228674\n"}
,{"stream_name":"stdout","time":583.469520404,"data":"EDGE_TTA_ACTIVE views= 8 mean_abs_feat_delta= 0.332454\n"}
,{"stream_name":"stdout","time":583.479524765,"data":"SECONDARY_EDGE_TTA_ACTIVE views= 8 weight= 0.75 mean_abs_feat_delta= 0.228674\n"}
,{"stream_name":"stdout","time":583.479550272,"data":"EDGE_TTA_ACTIVE views= 8 mean_abs_feat_delta= 0.332454\n"}
,{"stream_name":"stdout","time":584.353016208,"data":"EDGE_TTA_ACTIVE views= 8 mean_abs_feat_delta= 0.36528\n"}
,{"stream_name":"stdout","time":584.414729761,"data":"SECONDARY_EDGE_TTA_ACTIVE views= 8 weight= 0.75 mean_abs_feat_delta= 0.227329\n"}
,{"stream_name":"stdout","time":584.555614777,"data":"EDGE_TTA_ACTIVE views= 8 mean_abs_feat_delta= 0.36528\n"}
,{"stream_name":"stdout","time":584.555642437,"data":"SECONDARY_EDGE_TTA_ACTIVE views= 8 weight= 0.75 mean_abs_feat_delta= 0.227329\n"}
,{"stream_name":"stdout","time":585.354023162,"data":"SECONDARY_EDGE_TTA_ACTIVE views= 8 weight= 0.75 mean_abs_feat_delta= 0.22969\n"}
,{"stream_name":"stdout","time":585.556465541,"data":"SECONDARY_EDGE_TTA_ACTIVE views= 8 weight= 0.75 mean_abs_feat_delta= 0.22969\n"}
,{"stream_name":"stdout","time":585.730995569,"data":"EDGE_TTA_ACTIVE views= 8 mean_abs_feat_delta= 0.329795\n"}
,{"stream_name":"stdout","time":585.933551329,"data":"EDGE_TTA_ACTIVE views= 8 mean_abs_feat_delta= 0.329795\n"}
,{"stream_name":"stdout","time":586.423031327,"data":"EDGE_TTA_ACTIVE views= 8 mean_abs_feat_delta= 0.365255\n"}
,{"stream_name":"stdout","time":586.625629045,"data":"EDGE_TTA_ACTIVE views= 8 mean_abs_feat_delta= 0.365255\n"}
,{"stream_name":"stdout","time":586.680592444,"data":"SECONDARY_EDGE_TTA_ACTIVE views= 8 weight= 0.75 mean_abs_feat_delta= 0.227094\n"}
,{"stream_name":"stdout","time":586.883033898,"data":"SECONDARY_EDGE_TTA_ACTIVE views= 8 weight= 0.75 mean_abs_feat_delta= 0.227094\n"}
,{"stream_name":"stdout","time":587.419288469,"data":"SECONDARY_EDGE_TTA_ACTIVE views= 8 weight= 0.75 mean_abs_feat_delta= 0.227887\n"}
,{"stream_name":"stdout","time":587.621865647,"data":"SECONDARY_EDGE_TTA_ACTIVE views= 8 weight= 0.75 mean_abs_feat_delta= 0.227887\n"}
,{"stream_name":"stdout","time":587.984006162,"data":"EDGE_TTA_ACTIVE views= 8 mean_abs_feat_delta= 0.330008\n"}
,{"stream_name":"stdout","time":588.186459606,"data":"EDGE_TTA_ACTIVE views= 8 mean_abs_feat_delta= 0.330008\n"}
,{"stream_name":"stdout","time":588.440535336,"data":"EDGE_TTA_ACTIVE views= 8 mean_abs_feat_delta= 0.364292\n"}
,{"stream_name":"stdout","time":588.642973748,"data":"EDGE_TTA_ACTIVE views= 8 mean_abs_feat_delta= 0.364292\n"}
,{"stream_name":"stdout","time":588.935134922,"data":"SECONDARY_EDGE_TTA_ACTIVE views= 8 weight= 0.75 mean_abs_feat_delta= 0.228038\n"}
,{"stream_name":"stdout","time":589.137642229,"data":"SECONDARY_EDGE_TTA_ACTIVE views= 8 weight= 0.75 mean_abs_feat_delta= 0.228038\n"}
,{"stream_name":"stdout","time":589.431846065,"data":"SECONDARY_EDGE_TTA_ACTIVE views= 8 weight= 0.75 mean_abs_feat_delta= 0.229597\n"}
,{"stream_name":"stdout","time":589.63418975,"data":"SECONDARY_EDGE_TTA_ACTIVE views= 8 weight= 0.75 mean_abs_feat_delta= 0.229597\n"}
,{"stream_name":"stdout","time":590.233500428,"data":"EDGE_TTA_ACTIVE views= 8 mean_abs_feat_delta= 0.327924\n"}
,{"stream_name":"stdout","time":590.435863762,"data":"EDGE_TTA_ACTIVE views= 8 mean_abs_feat_delta= 0.327924\n"}
,{"stream_name":"stdout","time":590.485521288,"data":"EDGE_TTA_ACTIVE views= 8 mean_abs_feat_delta= 0.369457\n"}
,{"stream_name":"stdout","time":590.687855423,"data":"EDGE_TTA_ACTIVE views= 8 mean_abs_feat_delta= 0.369457\n"}
,{"stream_name":"stdout","time":591.181569636,"data":"SECONDARY_EDGE_TTA_ACTIVE views= 8 weight= 0.75 mean_abs_feat_delta= 0.226869\n"}
,{"stream_name":"stdout","time":591.38353106,"data":"SECONDARY_EDGE_TTA_ACTIVE views= 8 weight= 0.75 mean_abs_feat_delta= 0.226869\n"}
,{"stream_name":"stdout","time":591.466835336,"data":"SECONDARY_EDGE_TTA_ACTIVE views= 8 weight= 0.75 mean_abs_feat_delta= 0.229355\n"}
,{"stream_name":"stdout","time":591.668955947,"data":"SECONDARY_EDGE_TTA_ACTIVE views= 8 weight= 0.75 mean_abs_feat_delta= 0.229355\n"}
,{"stream_name":"stdout","time":592.481164128,"data":"EDGE_TTA_ACTIVE views= 8 mean_abs_feat_delta= 0.324294\n"}
,{"stream_name":"stdout","time":592.52365381,"data":"EDGE_TTA_ACTIVE views= 8 mean_abs_feat_delta= 0.366989\n"}
,{"stream_name":"stdout","time":592.683600279,"data":"EDGE_TTA_ACTIVE views= 8 mean_abs_feat_delta= 0.324294\n"}
,{"stream_name":"stdout","time":592.683634387,"data":"EDGE_TTA_ACTIVE views= 8 mean_abs_feat_delta= 0.366989\n"}
,{"stream_name":"stdout","time":593.433435285,"data":"SECONDARY_EDGE_TTA_ACTIVE views= 8 weight= 0.75 mean_abs_feat_delta= 0.219975\n"}
,{"stream_name":"stdout","time":593.506747813,"data":"SECONDARY_EDGE_TTA_ACTIVE views= 8 weight= 0.75 mean_abs_feat_delta= 0.228164\n"}
,{"stream_name":"stdout","time":593.635440714,"data":"SECONDARY_EDGE_TTA_ACTIVE views= 8 weight= 0.75 mean_abs_feat_delta= 0.219975\n"}
,{"stream_name":"stdout","time":593.635475252,"data":"SECONDARY_EDGE_TTA_ACTIVE views= 8 weight= 0.75 mean_abs_feat_delta= 0.228164\n"}
,{"stream_name":"stdout","time":594.566837893,"data":"EDGE_TTA_ACTIVE views= 8 mean_abs_feat_delta= 0.364738\n"}
,{"stream_name":"stdout","time":594.766821777,"data":"EDGE_TTA_ACTIVE views= 8 mean_abs_feat_delta= 0.329966\n"}
,{"stream_name":"stdout","time":594.769867406,"data":"EDGE_TTA_ACTIVE views= 8 mean_abs_feat_delta= 0.364738\n"}
,{"stream_name":"stdout","time":594.769896695,"data":"EDGE_TTA_ACTIVE views= 8 mean_abs_feat_delta= 0.329966\n"}
,{"stream_name":"stdout","time":595.539306153,"data":"SECONDARY_EDGE_TTA_ACTIVE views= 8 weight= 0.75 mean_abs_feat_delta= 0.230204\n"}
,{"stream_name":"stdout","time":595.719451013,"data":"SECONDARY_EDGE_TTA_ACTIVE views= 8 weight= 0.75 mean_abs_feat_delta= 0.22725\n"}
,{"stream_name":"stdout","time":595.741824351,"data":"SECONDARY_EDGE_TTA_ACTIVE views= 8 weight= 0.75 mean_abs_feat_delta= 0.230204\n"}
,{"stream_name":"stdout","time":595.741850816,"data":"SECONDARY_EDGE_TTA_ACTIVE views= 8 weight= 0.75 mean_abs_feat_delta= 0.22725\n"}
,{"stream_name":"stdout","time":596.585459765,"data":"EDGE_TTA_ACTIVE views= 8 mean_abs_feat_delta= 0.368159\n"}
,{"stream_name":"stdout","time":596.787848273,"data":"EDGE_TTA_ACTIVE views= 8 mean_abs_feat_delta= 0.368159\n"}
,{"stream_name":"stdout","time":597.031576768,"data":"EDGE_TTA_ACTIVE views= 8 mean_abs_feat_delta= 0.322964\n"}
,{"stream_name":"stdout","time":597.234064982,"data":"EDGE_TTA_ACTIVE views= 8 mean_abs_feat_delta= 0.322964\n"}
,{"stream_name":"stdout","time":597.557883084,"data":"SECONDARY_EDGE_TTA_ACTIVE views= 8 weight= 0.75 mean_abs_feat_delta= 0.229792\n"}
,{"stream_name":"stdout","time":597.760415422,"data":"SECONDARY_EDGE_TTA_ACTIVE views= 8 weight= 0.75 mean_abs_feat_delta= 0.229792\n"}
,{"stream_name":"stdout","time":597.986085871,"data":"SECONDARY_EDGE_TTA_ACTIVE views= 8 weight= 0.75 mean_abs_feat_delta= 0.225732\n"}
,{"stream_name":"stdout","time":598.18853735,"data":"SECONDARY_EDGE_TTA_ACTIVE views= 8 weight= 0.75 mean_abs_feat_delta= 0.225732\n"}
,{"stream_name":"stdout","time":598.605356545,"data":"EDGE_TTA_ACTIVE views= 8 mean_abs_feat_delta= 0.370711\n"}
,{"stream_name":"stdout","time":598.807765965,"data":"EDGE_TTA_ACTIVE views= 8 mean_abs_feat_delta= 0.370711\n"}
,{"stream_name":"stdout","time":599.294335049,"data":"EDGE_TTA_ACTIVE views= 8 mean_abs_feat_delta= 0.329623\n"}
,{"stream_name":"stdout","time":599.496725898,"data":"EDGE_TTA_ACTIVE views= 8 mean_abs_feat_delta= 0.329623\n"}
,{"stream_name":"stdout","time":599.580222845,"data":"SECONDARY_EDGE_TTA_ACTIVE views= 8 weight= 0.75 mean_abs_feat_delta= 0.231598\n"}
,{"stream_name":"stdout","time":599.782331696,"data":"SECONDARY_EDGE_TTA_ACTIVE views= 8 weight= 0.75 mean_abs_feat_delta= 0.231598\n"}
,{"stream_name":"stdout","time":600.248913822,"data":"SECONDARY_EDGE_TTA_ACTIVE views= 8 weight= 0.75 mean_abs_feat_delta= 0.229625\n"}
,{"stream_name":"stdout","time":600.451362374,"data":"SECONDARY_EDGE_TTA_ACTIVE views= 8 weight= 0.75 mean_abs_feat_delta= 0.229625\n"}
,{"stream_name":"stdout","time":600.616498585,"data":"EDGE_TTA_ACTIVE views= 8 mean_abs_feat_delta= 0.360618\n"}
,{"stream_name":"stdout","time":600.819078701,"data":"EDGE_TTA_ACTIVE views= 8 mean_abs_feat_delta= 0.360618\n"}
,{"stream_name":"stdout","time":601.566696633,"data":"EDGE_TTA_ACTIVE views= 8 mean_abs_feat_delta= 0.33189\n"}
,{"stream_name":"stdout","time":601.588083789,"data":"SECONDARY_EDGE_TTA_ACTIVE views= 8 weight= 0.75 mean_abs_feat_delta= 0.237748\n"}
,{"stream_name":"stdout","time":601.769014278,"data":"EDGE_TTA_ACTIVE views= 8 mean_abs_feat_delta= 0.33189\n"}
,{"stream_name":"stdout","time":601.76907182,"data":"SECONDARY_EDGE_TTA_ACTIVE views= 8 weight= 0.75 mean_abs_feat_delta= 0.237748\n"}
,{"stream_name":"stdout","time":602.519979423,"data":"SECONDARY_EDGE_TTA_ACTIVE views= 8 weight= 0.75 mean_abs_feat_delta= 0.229021\n"}
,{"stream_name":"stdout","time":602.637594737,"data":"EDGE_TTA_ACTIVE views= 8 mean_abs_feat_delta= 0.372812\n"}
,{"stream_name":"stdout","time":602.722386533,"data":"SECONDARY_EDGE_TTA_ACTIVE views= 8 weight= 0.75 mean_abs_feat_delta= 0.229021\n"}
,{"stream_name":"stdout","time":602.722433261,"data":"EDGE_TTA_ACTIVE views= 8 mean_abs_feat_delta= 0.372812\n"}
,{"stream_name":"stdout","time":603.609678632,"data":"SECONDARY_EDGE_TTA_ACTIVE views= 8 weight= 0.75 mean_abs_feat_delta= 0.229174\n"}
,{"stream_name":"stdout","time":603.812099113,"data":"SECONDARY_EDGE_TTA_ACTIVE views= 8 weight= 0.75 mean_abs_feat_delta= 0.229174\n"}
,{"stream_name":"stdout","time":603.819968419,"data":"EDGE_TTA_ACTIVE views= 8 mean_abs_feat_delta= 0.328077\n"}
,{"stream_name":"stdout","time":604.022342099,"data":"EDGE_TTA_ACTIVE views= 8 mean_abs_feat_delta= 0.328077\n"}
,{"stream_name":"stdout","time":604.684335125,"data":"EDGE_TTA_ACTIVE views= 8 mean_abs_feat_delta= 0.374406\n"}
,{"stream_name":"stdout","time":604.771714532,"data":"SECONDARY_EDGE_TTA_ACTIVE views= 8 weight= 0.75 mean_abs_feat_delta= 0.229917\n"}
,{"stream_name":"stdout","time":604.886912092,"data":"EDGE_TTA_ACTIVE views= 8 mean_abs_feat_delta= 0.374406\n"}
,{"stream_name":"stdout","time":604.886953368,"data":"SECONDARY_EDGE_TTA_ACTIVE views= 8 weight= 0.75 mean_abs_feat_delta= 0.229917\n"}
,{"stream_name":"stdout","time":605.654869239,"data":"SECONDARY_EDGE_TTA_ACTIVE views= 8 weight= 0.75 mean_abs_feat_delta= 0.23239\n"}
,{"stream_name":"stdout","time":605.857560045,"data":"SECONDARY_EDGE_TTA_ACTIVE views= 8 weight= 0.75 mean_abs_feat_delta= 0.23239\n"}
,{"stream_name":"stdout","time":606.071355714,"data":"EDGE_TTA_ACTIVE views= 8 mean_abs_feat_delta= 0.330658\n"}
,{"stream_name":"stdout","time":606.273802555,"data":"EDGE_TTA_ACTIVE views= 8 mean_abs_feat_delta= 0.330658\n"}
,{"stream_name":"stdout","time":606.687280818,"data":"EDGE_TTA_ACTIVE views= 8 mean_abs_feat_delta= 0.3777\n"}
,{"stream_name":"stdout","time":606.889723625,"data":"EDGE_TTA_ACTIVE views= 8 mean_abs_feat_delta= 0.3777\n"}
,{"stream_name":"stdout","time":607.022706726,"data":"SECONDARY_EDGE_TTA_ACTIVE views= 8 weight= 0.75 mean_abs_feat_delta= 0.232737\n"}
,{"stream_name":"stdout","time":607.225100533,"data":"SECONDARY_EDGE_TTA_ACTIVE views= 8 weight= 0.75 mean_abs_feat_delta= 0.232737\n"}
,{"stream_name":"stdout","time":607.655668916,"data":"SECONDARY_EDGE_TTA_ACTIVE views= 8 weight= 0.75 mean_abs_feat_delta= 0.233543\n"}
,{"stream_name":"stdout","time":607.858225609,"data":"SECONDARY_EDGE_TTA_ACTIVE views= 8 weight= 0.75 mean_abs_feat_delta= 0.233543\n"}
,{"stream_name":"stdout","time":608.335866022,"data":"EDGE_TTA_ACTIVE views= 8 mean_abs_feat_delta= 0.330195\n"}
,{"stream_name":"stdout","time":608.538279757,"data":"EDGE_TTA_ACTIVE views= 8 mean_abs_feat_delta= 0.330195\n"}
,{"stream_name":"stdout","time":608.714711217,"data":"EDGE_TTA_ACTIVE views= 8 mean_abs_feat_delta= 0.376339\n"}
,{"stream_name":"stdout","time":608.917090292,"data":"EDGE_TTA_ACTIVE views= 8 mean_abs_feat_delta= 0.376339\n"}
,{"stream_name":"stdout","time":609.292468094,"data":"SECONDARY_EDGE_TTA_ACTIVE views= 8 weight= 0.75 mean_abs_feat_delta= 0.227525\n"}
,{"stream_name":"stdout","time":609.533655131,"data":"SECONDARY_EDGE_TTA_ACTIVE views= 8 weight= 0.75 mean_abs_feat_delta= 0.227525\n"}
,{"stream_name":"stdout","time":609.684938403,"data":"SECONDARY_EDGE_TTA_ACTIVE views= 8 weight= 0.75 mean_abs_feat_delta= 0.230711\n"}
,{"stream_name":"stdout","time":609.88767811,"data":"SECONDARY_EDGE_TTA_ACTIVE views= 8 weight= 0.75 mean_abs_feat_delta= 0.230711\n"}
,{"stream_name":"stdout","time":610.614697067,"data":"EDGE_TTA_ACTIVE views= 8 mean_abs_feat_delta= 0.332086\n"}
,{"stream_name":"stdout","time":610.718736688,"data":"EDGE_TTA_ACTIVE views= 8 mean_abs_feat_delta= 0.369146\n"}
,{"stream_name":"stdout","time":610.817160682,"data":"EDGE_TTA_ACTIVE views= 8 mean_abs_feat_delta= 0.332086\n"}
,{"stream_name":"stdout","time":610.817196014,"data":"EDGE_TTA_ACTIVE views= 8 mean_abs_feat_delta= 0.369146\n"}
,{"stream_name":"stdout","time":611.570569148,"data":"SECONDARY_EDGE_TTA_ACTIVE views= 8 weight= 0.75 mean_abs_feat_delta= 0.228923\n"}
,{"stream_name":"stdout","time":611.686846714,"data":"SECONDARY_EDGE_TTA_ACTIVE views= 8 weight= 0.75 mean_abs_feat_delta= 0.230076\n"}
,{"stream_name":"stdout","time":611.772980791,"data":"SECONDARY_EDGE_TTA_ACTIVE views= 8 weight= 0.75 mean_abs_feat_delta= 0.228923\n"}
,{"stream_name":"stdout","time":611.773013027,"data":"SECONDARY_EDGE_TTA_ACTIVE views= 8 weight= 0.75 mean_abs_feat_delta= 0.230076\n"}
,{"stream_name":"stdout","time":612.785027948,"data":"EDGE_TTA_ACTIVE views= 8 mean_abs_feat_delta= 0.367025\n"}
,{"stream_name":"stdout","time":612.897169236,"data":"EDGE_TTA_ACTIVE views= 8 mean_abs_feat_delta= 0.334902\n"}
,{"stream_name":"stdout","time":612.987482515,"data":"EDGE_TTA_ACTIVE views= 8 mean_abs_feat_delta= 0.367025\n"}
,{"stream_name":"stdout","time":612.987514683,"data":"EDGE_TTA_ACTIVE views= 8 mean_abs_feat_delta= 0.334902\n"}
,{"stream_name":"stdout","time":613.756400073,"data":"SECONDARY_EDGE_TTA_ACTIVE views= 8 weight= 0.75 mean_abs_feat_delta= 0.23\n"}
,{"stream_name":"stdout","time":613.854604976,"data":"SECONDARY_EDGE_TTA_ACTIVE views= 8 weight= 0.75 mean_abs_feat_delta= 0.234703\n"}
,{"stream_name":"stdout","time":613.959049292,"data":"SECONDARY_EDGE_TTA_ACTIVE views= 8 weight= 0.75 mean_abs_feat_delta= 0.23\n"}
,{"stream_name":"stdout","time":613.959125069,"data":"SECONDARY_EDGE_TTA_ACTIVE views= 8 weight= 0.75 mean_abs_feat_delta= 0.234703\n"}
,{"stream_name":"stdout","time":614.807952601,"data":"EDGE_TTA_ACTIVE views= 8 mean_abs_feat_delta= 0.371094\n"}
,{"stream_name":"stdout","time":615.010175895,"data":"EDGE_TTA_ACTIVE views= 8 mean_abs_feat_delta= 0.371094\n"}
,{"stream_name":"stdout","time":615.207705118,"data":"EDGE_TTA_ACTIVE views= 8 mean_abs_feat_delta= 0.331026\n"}
,{"stream_name":"stdout","time":615.409909131,"data":"EDGE_TTA_ACTIVE views= 8 mean_abs_feat_delta= 0.331026\n"}
,{"stream_name":"stdout","time":615.779887487,"data":"SECONDARY_EDGE_TTA_ACTIVE views= 8 weight= 0.75 mean_abs_feat_delta= 0.231427\n"}
,{"stream_name":"stdout","time":615.982171385,"data":"SECONDARY_EDGE_TTA_ACTIVE views= 8 weight= 0.75 mean_abs_feat_delta= 0.231427\n"}
,{"stream_name":"stdout","time":616.16465856,"data":"SECONDARY_EDGE_TTA_ACTIVE views= 8 weight= 0.75 mean_abs_feat_delta= 0.228868\n"}
,{"stream_name":"stdout","time":616.367220132,"data":"SECONDARY_EDGE_TTA_ACTIVE views= 8 weight= 0.75 mean_abs_feat_delta= 0.228868\n"}
,{"stream_name":"stdout","time":616.837604736,"data":"EDGE_TTA_ACTIVE views= 8 mean_abs_feat_delta= 0.375255\n"}
,{"stream_name":"stdout","time":617.040201048,"data":"EDGE_TTA_ACTIVE views= 8 mean_abs_feat_delta= 0.375255\n"}
,{"stream_name":"stdout","time":617.464459834,"data":"EDGE_TTA_ACTIVE views= 8 mean_abs_feat_delta= 0.33352\n"}
,{"stream_name":"stdout","time":617.667452803,"data":"EDGE_TTA_ACTIVE views= 8 mean_abs_feat_delta= 0.33352\n"}
,{"stream_name":"stdout","time":617.807640255,"data":"SECONDARY_EDGE_TTA_ACTIVE views= 8 weight= 0.75 mean_abs_feat_delta= 0.229981\n"}
,{"stream_name":"stdout","time":618.010183275,"data":"SECONDARY_EDGE_TTA_ACTIVE views= 8 weight= 0.75 mean_abs_feat_delta= 0.229981\n"}
,{"stream_name":"stdout","time":618.421682285,"data":"SECONDARY_EDGE_TTA_ACTIVE views= 8 weight= 0.75 mean_abs_feat_delta= 0.229406\n"}
,{"stream_name":"stdout","time":618.624155645,"data":"SECONDARY_EDGE_TTA_ACTIVE views= 8 weight= 0.75 mean_abs_feat_delta= 0.229406\n"}
,{"stream_name":"stdout","time":618.841668258,"data":"EDGE_TTA_ACTIVE views= 8 mean_abs_feat_delta= 0.373994\n"}
,{"stream_name":"stdout","time":619.044252764,"data":"EDGE_TTA_ACTIVE views= 8 mean_abs_feat_delta= 0.373994\n"}
,{"stream_name":"stdout","time":619.723570069,"data":"EDGE_TTA_ACTIVE views= 8 mean_abs_feat_delta= 0.333668\n"}
,{"stream_name":"stdout","time":619.813474658,"data":"SECONDARY_EDGE_TTA_ACTIVE views= 8 weight= 0.75 mean_abs_feat_delta= 0.229437\n"}
,{"stream_name":"stdout","time":619.927582579,"data":"EDGE_TTA_ACTIVE views= 8 mean_abs_feat_delta= 0.333668\n"}
,{"stream_name":"stdout","time":619.927642543,"data":"SECONDARY_EDGE_TTA_ACTIVE views= 8 weight= 0.75 mean_abs_feat_delta= 0.229437\n"}
,{"stream_name":"stdout","time":620.685447974,"data":"SECONDARY_EDGE_TTA_ACTIVE views= 8 weight= 0.75 mean_abs_feat_delta= 0.228734\n"}
,{"stream_name":"stdout","time":620.865605032,"data":"EDGE_TTA_ACTIVE views= 8 mean_abs_feat_delta= 0.366011\n"}
,{"stream_name":"stdout","time":620.88803628,"data":"SECONDARY_EDGE_TTA_ACTIVE views= 8 weight= 0.75 mean_abs_feat_delta= 0.228734\n"}
,{"stream_name":"stdout","time":620.88806206,"data":"EDGE_TTA_ACTIVE views= 8 mean_abs_feat_delta= 0.366011\n"}
,{"stream_name":"stdout","time":621.839953418,"data":"SECONDARY_EDGE_TTA_ACTIVE views= 8 weight= 0.75 mean_abs_feat_delta= 0.229485\n"}
,{"stream_name":"stdout","time":622.000712937,"data":"EDGE_TTA_ACTIVE views= 8 mean_abs_feat_delta= 0.326117\n"}
,{"stream_name":"stdout","time":622.042287536,"data":"SECONDARY_EDGE_TTA_ACTIVE views= 8 weight= 0.75 mean_abs_feat_delta= 0.229485\n"}
,{"stream_name":"stdout","time":622.042333942,"data":"EDGE_TTA_ACTIVE views= 8 mean_abs_feat_delta= 0.326117\n"}
,{"stream_name":"stdout","time":622.895064133,"data":"EDGE_TTA_ACTIVE views= 8 mean_abs_feat_delta= 0.364698\n"}
,{"stream_name":"stdout","time":622.961095722,"data":"SECONDARY_EDGE_TTA_ACTIVE views= 8 weight= 0.75 mean_abs_feat_delta= 0.227258\n"}
,{"stream_name":"stdout","time":623.097710866,"data":"EDGE_TTA_ACTIVE views= 8 mean_abs_feat_delta= 0.364698\n"}
,{"stream_name":"stdout","time":623.097742874,"data":"SECONDARY_EDGE_TTA_ACTIVE views= 8 weight= 0.75 mean_abs_feat_delta= 0.227258\n"}
,{"stream_name":"stdout","time":623.871489184,"data":"SECONDARY_EDGE_TTA_ACTIVE views= 8 weight= 0.75 mean_abs_feat_delta= 0.234306\n"}
,{"stream_name":"stdout","time":624.073874934,"data":"SECONDARY_EDGE_TTA_ACTIVE views= 8 weight= 0.75 mean_abs_feat_delta= 0.234306\n"}
,{"stream_name":"stdout","time":624.291162041,"data":"EDGE_TTA_ACTIVE views= 8 mean_abs_feat_delta= 0.327201\n"}
,{"stream_name":"stdout","time":624.493642674,"data":"EDGE_TTA_ACTIVE views= 8 mean_abs_feat_delta= 0.327201\n"}
,{"stream_name":"stdout","time":624.945172385,"data":"EDGE_TTA_ACTIVE views= 8 mean_abs_feat_delta= 0.366732\n"}
,{"stream_name":"stdout","time":625.14773923,"data":"EDGE_TTA_ACTIVE views= 8 mean_abs_feat_delta= 0.366732\n"}
,{"stream_name":"stdout","time":625.247234553,"data":"SECONDARY_EDGE_TTA_ACTIVE views= 8 weight= 0.75 mean_abs_feat_delta= 0.232919\n"}
,{"stream_name":"stdout","time":625.449634056,"data":"SECONDARY_EDGE_TTA_ACTIVE views= 8 weight= 0.75 mean_abs_feat_delta= 0.232919\n"}
,{"stream_name":"stdout","time":625.920351909,"data":"SECONDARY_EDGE_TTA_ACTIVE views= 8 weight= 0.75 mean_abs_feat_delta= 0.235733\n"}
,{"stream_name":"stdout","time":626.124223756,"data":"SECONDARY_EDGE_TTA_ACTIVE views= 8 weight= 0.75 mean_abs_feat_delta= 0.235733\n"}
,{"stream_name":"stdout","time":626.557084412,"data":"EDGE_TTA_ACTIVE views= 8 mean_abs_feat_delta= 0.330095\n"}
,{"stream_name":"stdout","time":626.759524252,"data":"EDGE_TTA_ACTIVE views= 8 mean_abs_feat_delta= 0.330095\n"}
,{"stream_name":"stdout","time":626.973355232,"data":"EDGE_TTA_ACTIVE views= 8 mean_abs_feat_delta= 0.370041\n"}
,{"stream_name":"stdout","time":627.176080885,"data":"EDGE_TTA_ACTIVE views= 8 mean_abs_feat_delta= 0.370041\n"}
,{"stream_name":"stdout","time":627.519493337,"data":"SECONDARY_EDGE_TTA_ACTIVE views= 8 weight= 0.75 mean_abs_feat_delta= 0.237762\n"}
,{"stream_name":"stdout","time":627.721973899,"data":"SECONDARY_EDGE_TTA_ACTIVE views= 8 weight= 0.75 mean_abs_feat_delta= 0.237762\n"}
,{"stream_name":"stdout","time":627.949410629,"data":"SECONDARY_EDGE_TTA_ACTIVE views= 8 weight= 0.75 mean_abs_feat_delta= 0.231775\n"}
,{"stream_name":"stdout","time":628.152214688,"data":"SECONDARY_EDGE_TTA_ACTIVE views= 8 weight= 0.75 mean_abs_feat_delta= 0.231775\n"}
,{"stream_name":"stdout","time":628.82974164,"data":"EDGE_TTA_ACTIVE views= 8 mean_abs_feat_delta= 0.333419\n"}
,{"stream_name":"stdout","time":629.005815141,"data":"EDGE_TTA_ACTIVE views= 8 mean_abs_feat_delta= 0.367914\n"}
,{"stream_name":"stdout","time":629.032230937,"data":"EDGE_TTA_ACTIVE views= 8 mean_abs_feat_delta= 0.333419\n"}
,{"stream_name":"stdout","time":629.032280307,"data":"EDGE_TTA_ACTIVE views= 8 mean_abs_feat_delta= 0.367914\n"}
,{"stream_name":"stdout","time":629.793656087,"data":"SECONDARY_EDGE_TTA_ACTIVE views= 8 weight= 0.75 mean_abs_feat_delta= 0.238631\n"}
,{"stream_name":"stdout","time":629.996197046,"data":"SECONDARY_EDGE_TTA_ACTIVE views= 8 weight= 0.75 mean_abs_feat_delta= 0.238631\n"}
,{"stream_name":"stdout","time":629.99845489,"data":"SECONDARY_EDGE_TTA_ACTIVE views= 8 weight= 0.75 mean_abs_feat_delta= 0.227854\n"}
,{"stream_name":"stdout","time":630.200795927,"data":"SECONDARY_EDGE_TTA_ACTIVE views= 8 weight= 0.75 mean_abs_feat_delta= 0.227854\n"}
,{"stream_name":"stdout","time":631.085085202,"data":"EDGE_TTA_ACTIVE views= 8 mean_abs_feat_delta= 0.338616\n"}
,{"stream_name":"stdout","time":631.088689502,"data":"EDGE_TTA_ACTIVE views= 8 mean_abs_feat_delta= 0.352519\n"}
,{"stream_name":"stdout","time":631.287615248,"data":"EDGE_TTA_ACTIVE views= 8 mean_abs_feat_delta= 0.338616\n"}
,{"stream_name":"stdout","time":631.287665944,"data":"EDGE_TTA_ACTIVE views= 8 mean_abs_feat_delta= 0.352519\n"}
,{"stream_name":"stdout","time":632.066153687,"data":"SECONDARY_EDGE_TTA_ACTIVE views= 8 weight= 0.75 mean_abs_feat_delta= 0.236776\n"}
,{"stream_name":"stdout","time":632.087529358,"data":"SECONDARY_EDGE_TTA_ACTIVE views= 8 weight= 0.75 mean_abs_feat_delta= 0.232249\n"}
,{"stream_name":"stdout","time":632.09167181,"data":"BIOHUB_RETENTION_GUARD {\"blended_candidates\": 66, \"dataset\": \"6bba_05b6850b\", \"frame\": 43, \"minimum_retention\": 0.9, \"primary_candidates\": 74, \"retention\": 0.8918918918918919, \"use_primary\": true}\n"}
,{"stream_name":"stdout","time":632.268202795,"data":"SECONDARY_EDGE_TTA_ACTIVE views= 8 weight= 0.75 mean_abs_feat_delta= 0.236776\n"}
,{"stream_name":"stdout","time":632.268364769,"data":"SECONDARY_EDGE_TTA_ACTIVE views= 8 weight= 0.75 mean_abs_feat_delta= 0.232249\n"}
,{"stream_name":"stdout","time":632.2691457,"data":"BIOHUB_RETENTION_GUARD {\"blended_candidates\": 66, \"dataset\": \"6bba_05b6850b\", \"frame\": 43, \"minimum_retention\": 0.9, \"primary_candidates\": 74, \"retention\": 0.8918918918918919, \"use_primary\": true}\n"}
,{"stream_name":"stdout","time":633.249499418,"data":"EDGE_TTA_ACTIVE views= 8 mean_abs_feat_delta= 0.36891\n"}
,{"stream_name":"stdout","time":633.371350085,"data":"EDGE_TTA_ACTIVE views= 8 mean_abs_feat_delta= 0.335349\n"}
,{"stream_name":"stdout","time":633.452026189,"data":"EDGE_TTA_ACTIVE views= 8 mean_abs_feat_delta= 0.36891\n"}
,{"stream_name":"stdout","time":633.452053592,"data":"EDGE_TTA_ACTIVE views= 8 mean_abs_feat_delta= 0.335349\n"}
,{"stream_name":"stdout","time":634.25435327,"data":"SECONDARY_EDGE_TTA_ACTIVE views= 8 weight= 0.75 mean_abs_feat_delta= 0.226463\n"}
,{"stream_name":"stdout","time":634.337169539,"data":"SECONDARY_EDGE_TTA_ACTIVE views= 8 weight= 0.75 mean_abs_feat_delta= 0.233805\n"}
,{"stream_name":"stdout","time":634.456882692,"data":"SECONDARY_EDGE_TTA_ACTIVE views= 8 weight= 0.75 mean_abs_feat_delta= 0.226463\n"}
,{"stream_name":"stdout","time":634.456953807,"data":"SECONDARY_EDGE_TTA_ACTIVE views= 8 weight= 0.75 mean_abs_feat_delta= 0.233805\n"}
,{"stream_name":"stdout","time":635.359774115,"data":"EDGE_TTA_ACTIVE views= 8 mean_abs_feat_delta= 0.372785\n"}
,{"stream_name":"stdout","time":635.562460956,"data":"EDGE_TTA_ACTIVE views= 8 mean_abs_feat_delta= 0.372785\n"}
,{"stream_name":"stdout","time":635.631687028,"data":"EDGE_TTA_ACTIVE views= 8 mean_abs_feat_delta= 0.337635\n"}
,{"stream_name":"stdout","time":635.833891944,"data":"EDGE_TTA_ACTIVE views= 8 mean_abs_feat_delta= 0.337635\n"}
,{"stream_name":"stdout","time":636.372252677,"data":"SECONDARY_EDGE_TTA_ACTIVE views= 8 weight= 0.75 mean_abs_feat_delta= 0.232529\n"}
,{"stream_name":"stdout","time":636.574448537,"data":"SECONDARY_EDGE_TTA_ACTIVE views= 8 weight= 0.75 mean_abs_feat_delta= 0.232529\n"}
,{"stream_name":"stdout","time":636.594219669,"data":"SECONDARY_EDGE_TTA_ACTIVE views= 8 weight= 0.75 mean_abs_feat_delta= 0.2393\n"}
,{"stream_name":"stdout","time":636.796351745,"data":"SECONDARY_EDGE_TTA_ACTIVE views= 8 weight= 0.75 mean_abs_feat_delta= 0.2393\n"}
,{"stream_name":"stdout","time":637.460418425,"data":"EDGE_TTA_ACTIVE views= 8 mean_abs_feat_delta= 0.372432\n"}
,{"stream_name":"stdout","time":637.662973009,"data":"EDGE_TTA_ACTIVE views= 8 mean_abs_feat_delta= 0.372432\n"}
,{"stream_name":"stdout","time":637.889394632,"data":"EDGE_TTA_ACTIVE views= 8 mean_abs_feat_delta= 0.336677\n"}
,{"stream_name":"stdout","time":638.092148283,"data":"EDGE_TTA_ACTIVE views= 8 mean_abs_feat_delta= 0.336677\n"}
,{"stream_name":"stdout","time":638.477204852,"data":"SECONDARY_EDGE_TTA_ACTIVE views= 8 weight= 0.75 mean_abs_feat_delta= 0.234792\n"}
,{"stream_name":"stdout","time":638.679416942,"data":"SECONDARY_EDGE_TTA_ACTIVE views= 8 weight= 0.75 mean_abs_feat_delta= 0.234792\n"}
,{"stream_name":"stdout","time":638.859933075,"data":"SECONDARY_EDGE_TTA_ACTIVE views= 8 weight= 0.75 mean_abs_feat_delta= 0.241418\n"}
,{"stream_name":"stdout","time":639.062501621,"data":"SECONDARY_EDGE_TTA_ACTIVE views= 8 weight= 0.75 mean_abs_feat_delta= 0.241418\n"}
,{"stream_name":"stdout","time":639.56840948,"data":"EDGE_TTA_ACTIVE views= 8 mean_abs_feat_delta= 0.371331\n"}
,{"stream_name":"stdout","time":639.809699463,"data":"EDGE_TTA_ACTIVE views= 8 mean_abs_feat_delta= 0.371331\n"}
,{"stream_name":"stdout","time":640.141748027,"data":"EDGE_TTA_ACTIVE views= 8 mean_abs_feat_delta= 0.334169\n"}
,{"stream_name":"stdout","time":640.344228618,"data":"EDGE_TTA_ACTIVE views= 8 mean_abs_feat_delta= 0.334169\n"}
,{"stream_name":"stdout","time":640.592456403,"data":"SECONDARY_EDGE_TTA_ACTIVE views= 8 weight= 0.75 mean_abs_feat_delta= 0.233309\n"}
,{"stream_name":"stdout","time":640.794851716,"data":"SECONDARY_EDGE_TTA_ACTIVE views= 8 weight= 0.75 mean_abs_feat_delta= 0.233309\n"}
,{"stream_name":"stdout","time":641.114416174,"data":"SECONDARY_EDGE_TTA_ACTIVE views= 8 weight= 0.75 mean_abs_feat_delta= 0.240548\n"}
,{"stream_name":"stdout","time":641.31710856,"data":"SECONDARY_EDGE_TTA_ACTIVE views= 8 weight= 0.75 mean_abs_feat_delta= 0.240548\n"}
,{"stream_name":"stdout","time":641.694582189,"data":"EDGE_TTA_ACTIVE views= 8 mean_abs_feat_delta= 0.369641\n"}
,{"stream_name":"stdout","time":641.897059482,"data":"EDGE_TTA_ACTIVE views= 8 mean_abs_feat_delta= 0.369641\n"}
,{"stream_name":"stdout","time":642.4334604,"data":"EDGE_TTA_ACTIVE views= 8 mean_abs_feat_delta= 0.334586\n"}
,{"stream_name":"stdout","time":642.635978153,"data":"EDGE_TTA_ACTIVE views= 8 mean_abs_feat_delta= 0.334586\n"}
,{"stream_name":"stdout","time":642.723851294,"data":"SECONDARY_EDGE_TTA_ACTIVE views= 8 weight= 0.75 mean_abs_feat_delta= 0.231091\n"}
,{"stream_name":"stdout","time":642.926334579,"data":"SECONDARY_EDGE_TTA_ACTIVE views= 8 weight= 0.75 mean_abs_feat_delta= 0.231091\n"}
,{"stream_name":"stdout","time":643.407504546,"data":"SECONDARY_EDGE_TTA_ACTIVE views= 8 weight= 0.75 mean_abs_feat_delta= 0.239217\n"}
,{"stream_name":"stdout","time":643.610020657,"data":"SECONDARY_EDGE_TTA_ACTIVE views= 8 weight= 0.75 mean_abs_feat_delta= 0.239217\n"}
,{"stream_name":"stdout","time":643.828277408,"data":"EDGE_TTA_ACTIVE views= 8 mean_abs_feat_delta= 0.371647\n"}
,{"stream_name":"stdout","time":644.03073493,"data":"EDGE_TTA_ACTIVE views= 8 mean_abs_feat_delta= 0.371647\n"}
,{"stream_name":"stdout","time":644.720609382,"data":"EDGE_TTA_ACTIVE views= 8 mean_abs_feat_delta= 0.333591\n"}
,{"stream_name":"stdout","time":644.86073891,"data":"SECONDARY_EDGE_TTA_ACTIVE views= 8 weight= 0.75 mean_abs_feat_delta= 0.231415\n"}
,{"stream_name":"stdout","time":644.922646749,"data":"EDGE_TTA_ACTIVE views= 8 mean_abs_feat_delta= 0.333591\n"}
,{"stream_name":"stdout","time":644.92267189,"data":"SECONDARY_EDGE_TTA_ACTIVE views= 8 weight= 0.75 mean_abs_feat_delta= 0.231415\n"}
,{"stream_name":"stdout","time":645.693898975,"data":"SECONDARY_EDGE_TTA_ACTIVE views= 8 weight= 0.75 mean_abs_feat_delta= 0.238117\n"}
,{"stream_name":"stdout","time":645.896270166,"data":"SECONDARY_EDGE_TTA_ACTIVE views= 8 weight= 0.75 mean_abs_feat_delta= 0.238117\n"}
,{"stream_name":"stdout","time":645.970417215,"data":"EDGE_TTA_ACTIVE views= 8 mean_abs_feat_delta= 0.368025\n"}
,{"stream_name":"stdout","time":646.172883072,"data":"EDGE_TTA_ACTIVE views= 8 mean_abs_feat_delta= 0.368025\n"}
,{"stream_name":"stdout","time":646.974727218,"data":"EDGE_TTA_ACTIVE views= 8 mean_abs_feat_delta= 0.333424\n"}
,{"stream_name":"stdout","time":647.000553018,"data":"SECONDARY_EDGE_TTA_ACTIVE views= 8 weight= 0.75 mean_abs_feat_delta= 0.232042\n"}
,{"stream_name":"stdout","time":647.17739962,"data":"EDGE_TTA_ACTIVE views= 8 mean_abs_feat_delta= 0.333424\n"}
,{"stream_name":"stdout","time":647.177433079,"data":"SECONDARY_EDGE_TTA_ACTIVE views= 8 weight= 0.75 mean_abs_feat_delta= 0.232042\n"}
,{"stream_name":"stdout","time":647.946383879,"data":"SECONDARY_EDGE_TTA_ACTIVE views= 8 weight= 0.75 mean_abs_feat_delta= 0.241111\n"}
,{"stream_name":"stdout","time":648.104780567,"data":"EDGE_TTA_ACTIVE views= 8 mean_abs_feat_delta= 0.362922\n"}
,{"stream_name":"stdout","time":648.149067541,"data":"SECONDARY_EDGE_TTA_ACTIVE views= 8 weight= 0.75 mean_abs_feat_delta= 0.241111\n"}
,{"stream_name":"stdout","time":648.149102127,"data":"EDGE_TTA_ACTIVE views= 8 mean_abs_feat_delta= 0.362922\n"}
,{"stream_name":"stdout","time":649.135659165,"data":"SECONDARY_EDGE_TTA_ACTIVE views= 8 weight= 0.75 mean_abs_feat_delta= 0.232766\n"}
,{"stream_name":"stdout","time":649.261580575,"data":"EDGE_TTA_ACTIVE views= 8 mean_abs_feat_delta= 0.329672\n"}
,{"stream_name":"stdout","time":649.338169583,"data":"SECONDARY_EDGE_TTA_ACTIVE views= 8 weight= 0.75 mean_abs_feat_delta= 0.232766\n"}
,{"stream_name":"stdout","time":649.338231302,"data":"EDGE_TTA_ACTIVE views= 8 mean_abs_feat_delta= 0.329672\n"}
,{"stream_name":"stdout","time":650.233044122,"data":"SECONDARY_EDGE_TTA_ACTIVE views= 8 weight= 0.75 mean_abs_feat_delta= 0.233408\n"}
,{"stream_name":"stdout","time":650.275408168,"data":"EDGE_TTA_ACTIVE views= 8 mean_abs_feat_delta= 0.352705\n"}
,{"stream_name":"stdout","time":650.435433772,"data":"SECONDARY_EDGE_TTA_ACTIVE views= 8 weight= 0.75 mean_abs_feat_delta= 0.233408\n"}
,{"stream_name":"stdout","time":650.435464276,"data":"EDGE_TTA_ACTIVE views= 8 mean_abs_feat_delta= 0.352705\n"}
,{"stream_name":"stdout","time":651.299584392,"data":"SECONDARY_EDGE_TTA_ACTIVE views= 8 weight= 0.75 mean_abs_feat_delta= 0.235979\n"}
,{"stream_name":"stdout","time":651.502080905,"data":"SECONDARY_EDGE_TTA_ACTIVE views= 8 weight= 0.75 mean_abs_feat_delta= 0.235979\n"}
,{"stream_name":"stdout","time":651.54230951,"data":"EDGE_TTA_ACTIVE views= 8 mean_abs_feat_delta= 0.330847\n"}
,{"stream_name":"stdout","time":651.744790916,"data":"EDGE_TTA_ACTIVE views= 8 mean_abs_feat_delta= 0.330847\n"}
,{"stream_name":"stdout","time":652.390447532,"data":"EDGE_TTA_ACTIVE views= 8 mean_abs_feat_delta= 0.336896\n"}
,{"stream_name":"stdout","time":652.505966982,"data":"SECONDARY_EDGE_TTA_ACTIVE views= 8 weight= 0.75 mean_abs_feat_delta= 0.236893\n"}
,{"stream_name":"stdout","time":652.593124666,"data":"EDGE_TTA_ACTIVE views= 8 mean_abs_feat_delta= 0.336896\n"}
,{"stream_name":"stdout","time":652.593163803,"data":"SECONDARY_EDGE_TTA_ACTIVE views= 8 weight= 0.75 mean_abs_feat_delta= 0.236893\n"}
,{"stream_name":"stdout","time":653.409655891,"data":"SECONDARY_EDGE_TTA_ACTIVE views= 8 weight= 0.75 mean_abs_feat_delta= 0.241376\n"}
,{"stream_name":"stdout","time":653.61209359,"data":"SECONDARY_EDGE_TTA_ACTIVE views= 8 weight= 0.75 mean_abs_feat_delta= 0.241376\n"}
,{"stream_name":"stdout","time":653.786640296,"data":"EDGE_TTA_ACTIVE views= 8 mean_abs_feat_delta= 0.332545\n"}
,{"stream_name":"stdout","time":653.989037352,"data":"EDGE_TTA_ACTIVE views= 8 mean_abs_feat_delta= 0.332545\n"}
,{"stream_name":"stdout","time":654.526775547,"data":"EDGE_TTA_ACTIVE views= 8 mean_abs_feat_delta= 0.34476\n"}
,{"stream_name":"stdout","time":654.729296975,"data":"EDGE_TTA_ACTIVE views= 8 mean_abs_feat_delta= 0.34476\n"}
,{"stream_name":"stdout","time":654.751704408,"data":"SECONDARY_EDGE_TTA_ACTIVE views= 8 weight= 0.75 mean_abs_feat_delta= 0.244446\n"}
,{"stream_name":"stdout","time":654.954119988,"data":"SECONDARY_EDGE_TTA_ACTIVE views= 8 weight= 0.75 mean_abs_feat_delta= 0.244446\n"}
,{"stream_name":"stdout","time":655.538247604,"data":"SECONDARY_EDGE_TTA_ACTIVE views= 8 weight= 0.75 mean_abs_feat_delta= 0.233304\n"}
,{"stream_name":"stdout","time":655.740561483,"data":"SECONDARY_EDGE_TTA_ACTIVE views= 8 weight= 0.75 mean_abs_feat_delta= 0.233304\n"}
,{"stream_name":"stdout","time":656.02707002,"data":"EDGE_TTA_ACTIVE views= 8 mean_abs_feat_delta= 0.333406\n"}
,{"stream_name":"stdout","time":656.229499725,"data":"EDGE_TTA_ACTIVE views= 8 mean_abs_feat_delta= 0.333406\n"}
,{"stream_name":"stdout","time":656.651411968,"data":"EDGE_TTA_ACTIVE views= 8 mean_abs_feat_delta= 0.351291\n"}
,{"stream_name":"stdout","time":656.853802634,"data":"EDGE_TTA_ACTIVE views= 8 mean_abs_feat_delta= 0.351291\n"}
,{"stream_name":"stdout","time":656.999285222,"data":"SECONDARY_EDGE_TTA_ACTIVE views= 8 weight= 0.75 mean_abs_feat_delta= 0.249633\n"}
,{"stream_name":"stdout","time":657.201499029,"data":"SECONDARY_EDGE_TTA_ACTIVE views= 8 weight= 0.75 mean_abs_feat_delta= 0.249633\n"}
,{"stream_name":"stdout","time":657.656636356,"data":"SECONDARY_EDGE_TTA_ACTIVE views= 8 weight= 0.75 mean_abs_feat_delta= 0.237349\n"}
,{"stream_name":"stdout","time":657.85903108,"data":"SECONDARY_EDGE_TTA_ACTIVE views= 8 weight= 0.75 mean_abs_feat_delta= 0.237349\n"}
,{"stream_name":"stdout","time":658.274028221,"data":"EDGE_TTA_ACTIVE views= 8 mean_abs_feat_delta= 0.33416\n"}
,{"stream_name":"stdout","time":658.476409817,"data":"EDGE_TTA_ACTIVE views= 8 mean_abs_feat_delta= 0.33416\n"}
,{"stream_name":"stdout","time":658.728450709,"data":"EDGE_TTA_ACTIVE views= 8 mean_abs_feat_delta= 0.350787\n"}
,{"stream_name":"stdout","time":658.930964316,"data":"EDGE_TTA_ACTIVE views= 8 mean_abs_feat_delta= 0.350787\n"}
,{"stream_name":"stdout","time":659.245854154,"data":"SECONDARY_EDGE_TTA_ACTIVE views= 8 weight= 0.75 mean_abs_feat_delta= 0.246702\n"}
,{"stream_name":"stdout","time":659.448353158,"data":"SECONDARY_EDGE_TTA_ACTIVE views= 8 weight= 0.75 mean_abs_feat_delta= 0.246702\n"}
,{"stream_name":"stdout","time":659.730778292,"data":"SECONDARY_EDGE_TTA_ACTIVE views= 8 weight= 0.75 mean_abs_feat_delta= 0.237192\n"}
,{"stream_name":"stdout","time":659.933233122,"data":"SECONDARY_EDGE_TTA_ACTIVE views= 8 weight= 0.75 mean_abs_feat_delta= 0.237192\n"}
,{"stream_name":"stdout","time":660.517766033,"data":"EDGE_TTA_ACTIVE views= 8 mean_abs_feat_delta= 0.335015\n"}
,{"stream_name":"stdout","time":660.719957226,"data":"EDGE_TTA_ACTIVE views= 8 mean_abs_feat_delta= 0.335015\n"}
,{"stream_name":"stdout","time":660.80101306,"data":"EDGE_TTA_ACTIVE views= 8 mean_abs_feat_delta= 0.352459\n"}
,{"stream_name":"stdout","time":661.003374632,"data":"EDGE_TTA_ACTIVE views= 8 mean_abs_feat_delta= 0.352459\n"}
,{"stream_name":"stdout","time":661.490117334,"data":"SECONDARY_EDGE_TTA_ACTIVE views= 8 weight= 0.75 mean_abs_feat_delta= 0.239557\n"}
,{"stream_name":"stdout","time":661.692631137,"data":"SECONDARY_EDGE_TTA_ACTIVE views= 8 weight= 0.75 mean_abs_feat_delta= 0.239557\n"}
,{"stream_name":"stdout","time":661.795583202,"data":"SECONDARY_EDGE_TTA_ACTIVE views= 8 weight= 0.75 mean_abs_feat_delta= 0.23579\n"}
,{"stream_name":"stdout","time":661.998185926,"data":"SECONDARY_EDGE_TTA_ACTIVE views= 8 weight= 0.75 mean_abs_feat_delta= 0.23579\n"}
,{"stream_name":"stdout","time":662.754024213,"data":"EDGE_TTA_ACTIVE views= 8 mean_abs_feat_delta= 0.342511\n"}
,{"stream_name":"stdout","time":662.892645177,"data":"EDGE_TTA_ACTIVE views= 8 mean_abs_feat_delta= 0.343926\n"}
,{"stream_name":"stdout","time":662.95664382,"data":"EDGE_TTA_ACTIVE views= 8 mean_abs_feat_delta= 0.342511\n"}
,{"stream_name":"stdout","time":662.956672465,"data":"EDGE_TTA_ACTIVE views= 8 mean_abs_feat_delta= 0.343926\n"}
,{"stream_name":"stdout","time":663.720614539,"data":"SECONDARY_EDGE_TTA_ACTIVE views= 8 weight= 0.75 mean_abs_feat_delta= 0.238104\n"}
,{"stream_name":"stdout","time":663.885365883,"data":"SECONDARY_EDGE_TTA_ACTIVE views= 8 weight= 0.75 mean_abs_feat_delta= 0.245733\n"}
,{"stream_name":"stdout","time":663.923299433,"data":"SECONDARY_EDGE_TTA_ACTIVE views= 8 weight= 0.75 mean_abs_feat_delta= 0.238104\n"}
,{"stream_name":"stdout","time":663.923325361,"data":"SECONDARY_EDGE_TTA_ACTIVE views= 8 weight= 0.75 mean_abs_feat_delta= 0.245733\n"}
,{"stream_name":"stdout","time":664.949699737,"data":"EDGE_TTA_ACTIVE views= 8 mean_abs_feat_delta= 0.361961\n"}
,{"stream_name":"stdout","time":665.030776206,"data":"EDGE_TTA_ACTIVE views= 8 mean_abs_feat_delta= 0.342159\n"}
,{"stream_name":"stdout","time":665.152050946,"data":"EDGE_TTA_ACTIVE views= 8 mean_abs_feat_delta= 0.361961\n"}
,{"stream_name":"stdout","time":665.152082453,"data":"EDGE_TTA_ACTIVE views= 8 mean_abs_feat_delta= 0.342159\n"}
,{"stream_name":"stdout","time":665.939452248,"data":"SECONDARY_EDGE_TTA_ACTIVE views= 8 weight= 0.75 mean_abs_feat_delta= 0.237609\n"}
,{"stream_name":"stdout","time":666.007294353,"data":"SECONDARY_EDGE_TTA_ACTIVE views= 8 weight= 0.75 mean_abs_feat_delta= 0.239919\n"}
,{"stream_name":"stdout","time":666.142043092,"data":"SECONDARY_EDGE_TTA_ACTIVE views= 8 weight= 0.75 mean_abs_feat_delta= 0.237609\n"}
,{"stream_name":"stdout","time":666.142074589,"data":"SECONDARY_EDGE_TTA_ACTIVE views= 8 weight= 0.75 mean_abs_feat_delta= 0.239919\n"}
,{"stream_name":"stdout","time":667.033408149,"data":"EDGE_TTA_ACTIVE views= 8 mean_abs_feat_delta= 0.359198\n"}
,{"stream_name":"stdout","time":667.235647717,"data":"EDGE_TTA_ACTIVE views= 8 mean_abs_feat_delta= 0.359198\n"}
,{"stream_name":"stdout","time":667.26448784,"data":"EDGE_TTA_ACTIVE views= 8 mean_abs_feat_delta= 0.340811\n"}
,{"stream_name":"stdout","time":667.466876274,"data":"EDGE_TTA_ACTIVE views= 8 mean_abs_feat_delta= 0.340811\n"}
,{"stream_name":"stdout","time":668.007824449,"data":"SECONDARY_EDGE_TTA_ACTIVE views= 8 weight= 0.75 mean_abs_feat_delta= 0.24975\n"}
,{"stream_name":"stdout","time":668.210314674,"data":"SECONDARY_EDGE_TTA_ACTIVE views= 8 weight= 0.75 mean_abs_feat_delta= 0.24975\n"}
,{"stream_name":"stdout","time":668.237035323,"data":"SECONDARY_EDGE_TTA_ACTIVE views= 8 weight= 0.75 mean_abs_feat_delta= 0.238456\n"}
,{"stream_name":"stdout","time":668.439574467,"data":"SECONDARY_EDGE_TTA_ACTIVE views= 8 weight= 0.75 mean_abs_feat_delta= 0.238456\n"}
,{"stream_name":"stdout","time":669.074934267,"data":"EDGE_TTA_ACTIVE views= 8 mean_abs_feat_delta= 0.364122\n"}
,{"stream_name":"stdout","time":669.277367309,"data":"EDGE_TTA_ACTIVE views= 8 mean_abs_feat_delta= 0.364122\n"}
,{"stream_name":"stdout","time":669.533714614,"data":"EDGE_TTA_ACTIVE views= 8 mean_abs_feat_delta= 0.349582\n"}
,{"stream_name":"stdout","time":669.735870471,"data":"EDGE_TTA_ACTIVE views= 8 mean_abs_feat_delta= 0.349582\n"}
,{"stream_name":"stdout","time":670.055785725,"data":"SECONDARY_EDGE_TTA_ACTIVE views= 8 weight= 0.75 mean_abs_feat_delta= 0.23735\n"}
,{"stream_name":"stdout","time":670.29944207,"data":"SECONDARY_EDGE_TTA_ACTIVE views= 8 weight= 0.75 mean_abs_feat_delta= 0.23735\n"}
,{"stream_name":"stdout","time":670.505612138,"data":"SECONDARY_EDGE_TTA_ACTIVE views= 8 weight= 0.75 mean_abs_feat_delta= 0.237938\n"}
,{"stream_name":"stdout","time":670.708027166,"data":"SECONDARY_EDGE_TTA_ACTIVE views= 8 weight= 0.75 mean_abs_feat_delta= 0.237938\n"}
,{"stream_name":"stdout","time":671.110456891,"data":"EDGE_TTA_ACTIVE views= 8 mean_abs_feat_delta= 0.357428\n"}
,{"stream_name":"stdout","time":671.312719301,"data":"EDGE_TTA_ACTIVE views= 8 mean_abs_feat_delta= 0.357428\n"}
,{"stream_name":"stdout","time":671.805275743,"data":"EDGE_TTA_ACTIVE views= 8 mean_abs_feat_delta= 0.350508\n"}
,{"stream_name":"stdout","time":672.007653385,"data":"EDGE_TTA_ACTIVE views= 8 mean_abs_feat_delta= 0.350508\n"}
,{"stream_name":"stdout","time":672.083603671,"data":"SECONDARY_EDGE_TTA_ACTIVE views= 8 weight= 0.75 mean_abs_feat_delta= 0.239857\n"}
,{"stream_name":"stdout","time":672.286149682,"data":"SECONDARY_EDGE_TTA_ACTIVE views= 8 weight= 0.75 mean_abs_feat_delta= 0.239857\n"}
,{"stream_name":"stdout","time":672.774271165,"data":"SECONDARY_EDGE_TTA_ACTIVE views= 8 weight= 0.75 mean_abs_feat_delta= 0.242027\n"}
,{"stream_name":"stdout","time":672.977062615,"data":"SECONDARY_EDGE_TTA_ACTIVE views= 8 weight= 0.75 mean_abs_feat_delta= 0.242027\n"}
,{"stream_name":"stdout","time":673.126911626,"data":"EDGE_TTA_ACTIVE views= 8 mean_abs_feat_delta= 0.343652\n"}
,{"stream_name":"stdout","time":673.329424407,"data":"EDGE_TTA_ACTIVE views= 8 mean_abs_feat_delta= 0.343652\n"}
,{"stream_name":"stdout","time":674.034459071,"data":"EDGE_TTA_ACTIVE views= 8 mean_abs_feat_delta= 0.347721\n"}
,{"stream_name":"stdout","time":674.106486761,"data":"SECONDARY_EDGE_TTA_ACTIVE views= 8 weight= 0.75 mean_abs_feat_delta= 0.246472\n"}
,{"stream_name":"stdout","time":674.238025837,"data":"EDGE_TTA_ACTIVE views= 8 mean_abs_feat_delta= 0.347721\n"}
,{"stream_name":"stdout","time":674.238056483,"data":"SECONDARY_EDGE_TTA_ACTIVE views= 8 weight= 0.75 mean_abs_feat_delta= 0.246472\n"}
,{"stream_name":"stdout","time":675.00340802,"data":"SECONDARY_EDGE_TTA_ACTIVE views= 8 weight= 0.75 mean_abs_feat_delta= 0.244117\n"}
,{"stream_name":"stdout","time":675.182015841,"data":"EDGE_TTA_ACTIVE views= 8 mean_abs_feat_delta= 0.355033\n"}
,{"stream_name":"stdout","time":675.2061214,"data":"SECONDARY_EDGE_TTA_ACTIVE views= 8 weight= 0.75 mean_abs_feat_delta= 0.244117\n"}
,{"stream_name":"stdout","time":675.206145153,"data":"EDGE_TTA_ACTIVE views= 8 mean_abs_feat_delta= 0.355033\n"}
,{"stream_name":"stdout","time":676.155964346,"data":"SECONDARY_EDGE_TTA_ACTIVE views= 8 weight= 0.75 mean_abs_feat_delta= 0.23837\n"}
,{"stream_name":"stdout","time":676.274382967,"data":"EDGE_TTA_ACTIVE views= 8 mean_abs_feat_delta= 0.347752\n"}
,{"stream_name":"stdout","time":676.358372933,"data":"SECONDARY_EDGE_TTA_ACTIVE views= 8 weight= 0.75 mean_abs_feat_delta= 0.23837\n"}
,{"stream_name":"stdout","time":676.358401871,"data":"EDGE_TTA_ACTIVE views= 8 mean_abs_feat_delta= 0.347752\n"}
,{"stream_name":"stdout","time":677.207149155,"data":"EDGE_TTA_ACTIVE views= 8 mean_abs_feat_delta= 0.351347\n"}
,{"stream_name":"stdout","time":677.249681318,"data":"SECONDARY_EDGE_TTA_ACTIVE views= 8 weight= 0.75 mean_abs_feat_delta= 0.243325\n"}
,{"stream_name":"stdout","time":677.40962748,"data":"EDGE_TTA_ACTIVE views= 8 mean_abs_feat_delta= 0.351347\n"}
,{"stream_name":"stdout","time":677.40965436,"data":"SECONDARY_EDGE_TTA_ACTIVE views= 8 weight= 0.75 mean_abs_feat_delta= 0.243325\n"}
,{"stream_name":"stdout","time":678.180677934,"data":"SECONDARY_EDGE_TTA_ACTIVE views= 8 weight= 0.75 mean_abs_feat_delta= 0.23794\n"}
,{"stream_name":"stdout","time":678.383215307,"data":"SECONDARY_EDGE_TTA_ACTIVE views= 8 weight= 0.75 mean_abs_feat_delta= 0.23794\n"}
,{"stream_name":"stdout","time":678.526950093,"data":"EDGE_TTA_ACTIVE views= 8 mean_abs_feat_delta= 0.347648\n"}
,{"stream_name":"stdout","time":678.729527963,"data":"EDGE_TTA_ACTIVE views= 8 mean_abs_feat_delta= 0.347648\n"}
,{"stream_name":"stdout","time":679.226421211,"data":"EDGE_TTA_ACTIVE views= 8 mean_abs_feat_delta= 0.353252\n"}
,{"stream_name":"stdout","time":679.429011867,"data":"EDGE_TTA_ACTIVE views= 8 mean_abs_feat_delta= 0.353252\n"}
,{"stream_name":"stdout","time":679.500101261,"data":"SECONDARY_EDGE_TTA_ACTIVE views= 8 weight= 0.75 mean_abs_feat_delta= 0.244042\n"}
,{"stream_name":"stdout","time":679.702445513,"data":"SECONDARY_EDGE_TTA_ACTIVE views= 8 weight= 0.75 mean_abs_feat_delta= 0.244042\n"}
,{"stream_name":"stdout","time":680.20334799,"data":"SECONDARY_EDGE_TTA_ACTIVE views= 8 weight= 0.75 mean_abs_feat_delta= 0.237401\n"}
,{"stream_name":"stdout","time":680.405838533,"data":"SECONDARY_EDGE_TTA_ACTIVE views= 8 weight= 0.75 mean_abs_feat_delta= 0.237401\n"}
,{"stream_name":"stdout","time":680.754138799,"data":"EDGE_TTA_ACTIVE views= 8 mean_abs_feat_delta= 0.350568\n"}
,{"stream_name":"stdout","time":680.956512736,"data":"EDGE_TTA_ACTIVE views= 8 mean_abs_feat_delta= 0.350568\n"}
,{"stream_name":"stdout","time":681.280456878,"data":"EDGE_TTA_ACTIVE views= 8 mean_abs_feat_delta= 0.33905\n"}
,{"stream_name":"stdout","time":681.482905256,"data":"EDGE_TTA_ACTIVE views= 8 mean_abs_feat_delta= 0.33905\n"}
,{"stream_name":"stdout","time":681.727085568,"data":"SECONDARY_EDGE_TTA_ACTIVE views= 8 weight= 0.75 mean_abs_feat_delta= 0.24973\n"}
,{"stream_name":"stdout","time":681.929654708,"data":"SECONDARY_EDGE_TTA_ACTIVE views= 8 weight= 0.75 mean_abs_feat_delta= 0.24973\n"}
,{"stream_name":"stdout","time":682.254399786,"data":"SECONDARY_EDGE_TTA_ACTIVE views= 8 weight= 0.75 mean_abs_feat_delta= 0.245673\n"}
,{"stream_name":"stdout","time":682.456810636,"data":"SECONDARY_EDGE_TTA_ACTIVE views= 8 weight= 0.75 mean_abs_feat_delta= 0.245673\n"}
,{"stream_name":"stdout","time":682.983912051,"data":"EDGE_TTA_ACTIVE views= 8 mean_abs_feat_delta= 0.339277\n"}
,{"stream_name":"stdout","time":683.186639644,"data":"EDGE_TTA_ACTIVE views= 8 mean_abs_feat_delta= 0.339277\n"}
,{"stream_name":"stdout","time":683.324957452,"data":"EDGE_TTA_ACTIVE views= 8 mean_abs_feat_delta= 0.354422\n"}
,{"stream_name":"stdout","time":683.527255311,"data":"EDGE_TTA_ACTIVE views= 8 mean_abs_feat_delta= 0.354422\n"}
,{"stream_name":"stdout","time":683.955716404,"data":"SECONDARY_EDGE_TTA_ACTIVE views= 8 weight= 0.75 mean_abs_feat_delta= 0.239339\n"}
,{"stream_name":"stdout","time":684.158058549,"data":"SECONDARY_EDGE_TTA_ACTIVE views= 8 weight= 0.75 mean_abs_feat_delta= 0.239339\n"}
,{"stream_name":"stdout","time":684.297769854,"data":"SECONDARY_EDGE_TTA_ACTIVE views= 8 weight= 0.75 mean_abs_feat_delta= 0.235875\n"}
,{"stream_name":"stdout","time":684.500463629,"data":"SECONDARY_EDGE_TTA_ACTIVE views= 8 weight= 0.75 mean_abs_feat_delta= 0.235875\n"}
,{"stream_name":"stdout","time":685.228913461,"data":"EDGE_TTA_ACTIVE views= 8 mean_abs_feat_delta= 0.341866\n"}
,{"stream_name":"stdout","time":685.331512676,"data":"EDGE_TTA_ACTIVE views= 8 mean_abs_feat_delta= 0.359708\n"}
,{"stream_name":"stdout","time":685.431421267,"data":"EDGE_TTA_ACTIVE views= 8 mean_abs_feat_delta= 0.341866\n"}
,{"stream_name":"stdout","time":685.431448586,"data":"EDGE_TTA_ACTIVE views= 8 mean_abs_feat_delta= 0.359708\n"}
,{"stream_name":"stdout","time":686.201427901,"data":"SECONDARY_EDGE_TTA_ACTIVE views= 8 weight= 0.75 mean_abs_feat_delta= 0.244666\n"}
,{"stream_name":"stdout","time":686.306349037,"data":"SECONDARY_EDGE_TTA_ACTIVE views= 8 weight= 0.75 mean_abs_feat_delta= 0.241531\n"}
,{"stream_name":"stdout","time":686.403889415,"data":"SECONDARY_EDGE_TTA_ACTIVE views= 8 weight= 0.75 mean_abs_feat_delta= 0.244666\n"}
,{"stream_name":"stdout","time":686.403953488,"data":"SECONDARY_EDGE_TTA_ACTIVE views= 8 weight= 0.75 mean_abs_feat_delta= 0.241531\n"}
,{"stream_name":"stdout","time":687.341153026,"data":"EDGE_TTA_ACTIVE views= 8 mean_abs_feat_delta= 0.359515\n"}
,{"stream_name":"stdout","time":687.475851742,"data":"EDGE_TTA_ACTIVE views= 8 mean_abs_feat_delta= 0.344401\n"}
,{"stream_name":"stdout","time":687.543615717,"data":"EDGE_TTA_ACTIVE views= 8 mean_abs_feat_delta= 0.359515\n"}
,{"stream_name":"stdout","time":687.543644541,"data":"EDGE_TTA_ACTIVE views= 8 mean_abs_feat_delta= 0.344401\n"}
,{"stream_name":"stdout","time":688.312303581,"data":"SECONDARY_EDGE_TTA_ACTIVE views= 8 weight= 0.75 mean_abs_feat_delta= 0.238654\n"}
,{"stream_name":"stdout","time":688.448957999,"data":"SECONDARY_EDGE_TTA_ACTIVE views= 8 weight= 0.75 mean_abs_feat_delta= 0.244039\n"}
,{"stream_name":"stdout","time":688.514694169,"data":"SECONDARY_EDGE_TTA_ACTIVE views= 8 weight= 0.75 mean_abs_feat_delta= 0.238654\n"}
,{"stream_name":"stdout","time":688.514723169,"data":"SECONDARY_EDGE_TTA_ACTIVE views= 8 weight= 0.75 mean_abs_feat_delta= 0.244039\n"}
,{"stream_name":"stdout","time":689.357129279,"data":"EDGE_TTA_ACTIVE views= 8 mean_abs_feat_delta= 0.356987\n"}
,{"stream_name":"stdout","time":689.559686119,"data":"EDGE_TTA_ACTIVE views= 8 mean_abs_feat_delta= 0.356987\n"}
,{"stream_name":"stdout","time":689.702596426,"data":"EDGE_TTA_ACTIVE views= 8 mean_abs_feat_delta= 0.341738\n"}
,{"stream_name":"stdout","time":689.905165288,"data":"EDGE_TTA_ACTIVE views= 8 mean_abs_feat_delta= 0.341738\n"}
,{"stream_name":"stdout","time":690.337609263,"data":"SECONDARY_EDGE_TTA_ACTIVE views= 8 weight= 0.75 mean_abs_feat_delta= 0.235897\n"}
,{"stream_name":"stdout","time":690.540383219,"data":"SECONDARY_EDGE_TTA_ACTIVE views= 8 weight= 0.75 mean_abs_feat_delta= 0.235897\n"}
,{"stream_name":"stdout","time":690.67504071,"data":"SECONDARY_EDGE_TTA_ACTIVE views= 8 weight= 0.75 mean_abs_feat_delta= 0.245322\n"}
,{"stream_name":"stdout","time":690.877437548,"data":"SECONDARY_EDGE_TTA_ACTIVE views= 8 weight= 0.75 mean_abs_feat_delta= 0.245322\n"}
,{"stream_name":"stdout","time":691.390977141,"data":"EDGE_TTA_ACTIVE views= 8 mean_abs_feat_delta= 0.358806\n"}
,{"stream_name":"stdout","time":691.593665679,"data":"EDGE_TTA_ACTIVE views= 8 mean_abs_feat_delta= 0.358806\n"}
,{"stream_name":"stdout","time":691.930748726,"data":"EDGE_TTA_ACTIVE views= 8 mean_abs_feat_delta= 0.339738\n"}
,{"stream_name":"stdout","time":692.133231968,"data":"EDGE_TTA_ACTIVE views= 8 mean_abs_feat_delta= 0.339738\n"}
,{"stream_name":"stdout","time":692.36731725,"data":"SECONDARY_EDGE_TTA_ACTIVE views= 8 weight= 0.75 mean_abs_feat_delta= 0.232787\n"}
,{"stream_name":"stdout","time":692.569714413,"data":"SECONDARY_EDGE_TTA_ACTIVE views= 8 weight= 0.75 mean_abs_feat_delta= 0.232787\n"}
,{"stream_name":"stdout","time":692.904174325,"data":"SECONDARY_EDGE_TTA_ACTIVE views= 8 weight= 0.75 mean_abs_feat_delta= 0.2464\n"}
,{"stream_name":"stdout","time":693.106803241,"data":"SECONDARY_EDGE_TTA_ACTIVE views= 8 weight= 0.75 mean_abs_feat_delta= 0.2464\n"}
,{"stream_name":"stdout","time":693.420507405,"data":"EDGE_TTA_ACTIVE views= 8 mean_abs_feat_delta= 0.360605\n"}
,{"stream_name":"stdout","time":693.623063234,"data":"EDGE_TTA_ACTIVE views= 8 mean_abs_feat_delta= 0.360605\n"}
,{"stream_name":"stdout","time":694.158311085,"data":"EDGE_TTA_ACTIVE views= 8 mean_abs_feat_delta= 0.336334\n"}
,{"stream_name":"stdout","time":694.360606456,"data":"EDGE_TTA_ACTIVE views= 8 mean_abs_feat_delta= 0.336334\n"}
,{"stream_name":"stdout","time":694.395089762,"data":"SECONDARY_EDGE_TTA_ACTIVE views= 8 weight= 0.75 mean_abs_feat_delta= 0.235419\n"}
,{"stream_name":"stdout","time":694.597698157,"data":"SECONDARY_EDGE_TTA_ACTIVE views= 8 weight= 0.75 mean_abs_feat_delta= 0.235419\n"}
,{"stream_name":"stdout","time":695.132673516,"data":"SECONDARY_EDGE_TTA_ACTIVE views= 8 weight= 0.75 mean_abs_feat_delta= 0.244837\n"}
,{"stream_name":"stdout","time":695.335244728,"data":"SECONDARY_EDGE_TTA_ACTIVE views= 8 weight= 0.75 mean_abs_feat_delta= 0.244837\n"}
,{"stream_name":"stdout","time":695.448636691,"data":"EDGE_TTA_ACTIVE views= 8 mean_abs_feat_delta= 0.35888\n"}
,{"stream_name":"stdout","time":695.65102193,"data":"EDGE_TTA_ACTIVE views= 8 mean_abs_feat_delta= 0.35888\n"}
,{"stream_name":"stdout","time":696.382468006,"data":"EDGE_TTA_ACTIVE views= 8 mean_abs_feat_delta= 0.336552\n"}
,{"stream_name":"stdout","time":696.425542437,"data":"SECONDARY_EDGE_TTA_ACTIVE views= 8 weight= 0.75 mean_abs_feat_delta= 0.232021\n"}
,{"stream_name":"stdout","time":696.584963751,"data":"EDGE_TTA_ACTIVE views= 8 mean_abs_feat_delta= 0.336552\n"}
,{"stream_name":"stdout","time":696.584997275,"data":"SECONDARY_EDGE_TTA_ACTIVE views= 8 weight= 0.75 mean_abs_feat_delta= 0.232021\n"}
,{"stream_name":"stdout","time":697.357360462,"data":"SECONDARY_EDGE_TTA_ACTIVE views= 8 weight= 0.75 mean_abs_feat_delta= 0.249715\n"}
,{"stream_name":"stdout","time":697.479653372,"data":"EDGE_TTA_ACTIVE views= 8 mean_abs_feat_delta= 0.364525\n"}
,{"stream_name":"stdout","time":697.559534162,"data":"SECONDARY_EDGE_TTA_ACTIVE views= 8 weight= 0.75 mean_abs_feat_delta= 0.249715\n"}
,{"stream_name":"stdout","time":697.55959656,"data":"EDGE_TTA_ACTIVE views= 8 mean_abs_feat_delta= 0.364525\n"}
,{"stream_name":"stdout","time":698.456043757,"data":"SECONDARY_EDGE_TTA_ACTIVE views= 8 weight= 0.75 mean_abs_feat_delta= 0.235438\n"}
,{"stream_name":"stdout","time":698.634206346,"data":"EDGE_TTA_ACTIVE views= 8 mean_abs_feat_delta= 0.336751\n"}
,{"stream_name":"stdout","time":698.658490943,"data":"SECONDARY_EDGE_TTA_ACTIVE views= 8 weight= 0.75 mean_abs_feat_delta= 0.235438\n"}
,{"stream_name":"stdout","time":698.658517256,"data":"EDGE_TTA_ACTIVE views= 8 mean_abs_feat_delta= 0.336751\n"}
,{"stream_name":"stdout","time":699.532540707,"data":"EDGE_TTA_ACTIVE views= 8 mean_abs_feat_delta= 0.367055\n"}
,{"stream_name":"stdout","time":699.604841735,"data":"SECONDARY_EDGE_TTA_ACTIVE views= 8 weight= 0.75 mean_abs_feat_delta= 0.246366\n"}
,{"stream_name":"stdout","time":699.735382983,"data":"EDGE_TTA_ACTIVE views= 8 mean_abs_feat_delta= 0.367055\n"}
,{"stream_name":"stdout","time":699.735413202,"data":"SECONDARY_EDGE_TTA_ACTIVE views= 8 weight= 0.75 mean_abs_feat_delta= 0.246366\n"}
,{"stream_name":"stdout","time":700.507160044,"data":"SECONDARY_EDGE_TTA_ACTIVE views= 8 weight= 0.75 mean_abs_feat_delta= 0.238512\n"}
,{"stream_name":"stdout","time":700.754702221,"data":"SECONDARY_EDGE_TTA_ACTIVE views= 8 weight= 0.75 mean_abs_feat_delta= 0.238512\n"}
,{"stream_name":"stdout","time":700.85151715,"data":"EDGE_TTA_ACTIVE views= 8 mean_abs_feat_delta= 0.342229\n"}
,{"stream_name":"stdout","time":701.053886361,"data":"EDGE_TTA_ACTIVE views= 8 mean_abs_feat_delta= 0.342229\n"}
,{"stream_name":"stdout","time":701.625283845,"data":"EDGE_TTA_ACTIVE views= 8 mean_abs_feat_delta= 0.351417\n"}
,{"stream_name":"stdout","time":701.825752354,"data":"SECONDARY_EDGE_TTA_ACTIVE views= 8 weight= 0.75 mean_abs_feat_delta= 0.250553\n"}
,{"stream_name":"stdout","time":701.827587609,"data":"EDGE_TTA_ACTIVE views= 8 mean_abs_feat_delta= 0.351417\n"}
,{"stream_name":"stdout","time":701.827605794,"data":"SECONDARY_EDGE_TTA_ACTIVE views= 8 weight= 0.75 mean_abs_feat_delta= 0.250553\n"}
,{"stream_name":"stdout","time":702.617650688,"data":"SECONDARY_EDGE_TTA_ACTIVE views= 8 weight= 0.75 mean_abs_feat_delta= 0.246384\n"}
,{"stream_name":"stdout","time":702.819995513,"data":"SECONDARY_EDGE_TTA_ACTIVE views= 8 weight= 0.75 mean_abs_feat_delta= 0.246384\n"}
,{"stream_name":"stdout","time":703.081515163,"data":"EDGE_TTA_ACTIVE views= 8 mean_abs_feat_delta= 0.34433\n"}
,{"stream_name":"stdout","time":703.284099524,"data":"EDGE_TTA_ACTIVE views= 8 mean_abs_feat_delta= 0.34433\n"}
,{"stream_name":"stdout","time":703.67912079,"data":"EDGE_TTA_ACTIVE views= 8 mean_abs_feat_delta= 0.363487\n"}
,{"stream_name":"stdout","time":703.88147371,"data":"EDGE_TTA_ACTIVE views= 8 mean_abs_feat_delta= 0.363487\n"}
,{"stream_name":"stdout","time":704.060202827,"data":"SECONDARY_EDGE_TTA_ACTIVE views= 8 weight= 0.75 mean_abs_feat_delta= 0.253052\n"}
,{"stream_name":"stdout","time":704.262565202,"data":"SECONDARY_EDGE_TTA_ACTIVE views= 8 weight= 0.75 mean_abs_feat_delta= 0.253052\n"}
,{"stream_name":"stdout","time":704.674818684,"data":"SECONDARY_EDGE_TTA_ACTIVE views= 8 weight= 0.75 mean_abs_feat_delta= 0.234938\n"}
,{"stream_name":"stdout","time":704.87714793,"data":"SECONDARY_EDGE_TTA_ACTIVE views= 8 weight= 0.75 mean_abs_feat_delta= 0.234938\n"}
,{"stream_name":"stdout","time":705.331120674,"data":"EDGE_TTA_ACTIVE views= 8 mean_abs_feat_delta= 0.338919\n"}
,{"stream_name":"stdout","time":705.533730749,"data":"EDGE_TTA_ACTIVE views= 8 mean_abs_feat_delta= 0.338919\n"}
,{"stream_name":"stdout","time":705.736079575,"data":"EDGE_TTA_ACTIVE views= 8 mean_abs_feat_delta= 0.361591\n"}
,{"stream_name":"stdout","time":705.938360359,"data":"EDGE_TTA_ACTIVE views= 8 mean_abs_feat_delta= 0.361591\n"}
,{"stream_name":"stdout","time":706.308597527,"data":"SECONDARY_EDGE_TTA_ACTIVE views= 8 weight= 0.75 mean_abs_feat_delta= 0.249056\n"}
,{"stream_name":"stdout","time":706.511025757,"data":"SECONDARY_EDGE_TTA_ACTIVE views= 8 weight= 0.75 mean_abs_feat_delta= 0.249056\n"}
,{"stream_name":"stdout","time":706.736295139,"data":"SECONDARY_EDGE_TTA_ACTIVE views= 8 weight= 0.75 mean_abs_feat_delta= 0.237752\n"}
,{"stream_name":"stdout","time":706.938646594,"data":"SECONDARY_EDGE_TTA_ACTIVE views= 8 weight= 0.75 mean_abs_feat_delta= 0.237752\n"}
,{"stream_name":"stdout","time":707.587943715,"data":"EDGE_TTA_ACTIVE views= 8 mean_abs_feat_delta= 0.334467\n"}
,{"stream_name":"stdout","time":707.79026729,"data":"EDGE_TTA_ACTIVE views= 8 mean_abs_feat_delta= 0.334467\n"}
,{"stream_name":"stdout","time":707.807393267,"data":"EDGE_TTA_ACTIVE views= 8 mean_abs_feat_delta= 0.35878\n"}
,{"stream_name":"stdout","time":708.009854736,"data":"EDGE_TTA_ACTIVE views= 8 mean_abs_feat_delta= 0.35878\n"}
,{"stream_name":"stdout","time":708.560571155,"data":"SECONDARY_EDGE_TTA_ACTIVE views= 8 weight= 0.75 mean_abs_feat_delta= 0.249429\n"}
,{"stream_name":"stdout","time":708.763151117,"data":"SECONDARY_EDGE_TTA_ACTIVE views= 8 weight= 0.75 mean_abs_feat_delta= 0.249429\n"}
,{"stream_name":"stdout","time":708.80911963,"data":"SECONDARY_EDGE_TTA_ACTIVE views= 8 weight= 0.75 mean_abs_feat_delta= 0.23573\n"}
,{"stream_name":"stdout","time":709.011545975,"data":"SECONDARY_EDGE_TTA_ACTIVE views= 8 weight= 0.75 mean_abs_feat_delta= 0.23573\n"}
,{"stream_name":"stdout","time":709.816412651,"data":"EDGE_TTA_ACTIVE views= 8 mean_abs_feat_delta= 0.334048\n"}
,{"stream_name":"stdout","time":709.885395638,"data":"EDGE_TTA_ACTIVE views= 8 mean_abs_feat_delta= 0.361252\n"}
,{"stream_name":"stdout","time":710.018653661,"data":"EDGE_TTA_ACTIVE views= 8 mean_abs_feat_delta= 0.334048\n"}
,{"stream_name":"stdout","time":710.018680751,"data":"EDGE_TTA_ACTIVE views= 8 mean_abs_feat_delta= 0.361252\n"}
,{"stream_name":"stdout","time":710.788323414,"data":"SECONDARY_EDGE_TTA_ACTIVE views= 8 weight= 0.75 mean_abs_feat_delta= 0.246018\n"}
,{"stream_name":"stdout","time":710.892741341,"data":"SECONDARY_EDGE_TTA_ACTIVE views= 8 weight= 0.75 mean_abs_feat_delta= 0.235636\n"}
,{"stream_name":"stdout","time":710.992288342,"data":"SECONDARY_EDGE_TTA_ACTIVE views= 8 weight= 0.75 mean_abs_feat_delta= 0.246018\n"}
,{"stream_name":"stdout","time":710.992320817,"data":"SECONDARY_EDGE_TTA_ACTIVE views= 8 weight= 0.75 mean_abs_feat_delta= 0.235636\n"}
,{"stream_name":"stdout","time":711.970268842,"data":"EDGE_TTA_ACTIVE views= 8 mean_abs_feat_delta= 0.357825\n"}
,{"stream_name":"stdout","time":712.037630115,"data":"EDGE_TTA_ACTIVE views= 8 mean_abs_feat_delta= 0.334845\n"}
,{"stream_name":"stdout","time":712.172564753,"data":"EDGE_TTA_ACTIVE views= 8 mean_abs_feat_delta= 0.357825\n"}
,{"stream_name":"stdout","time":712.172592431,"data":"EDGE_TTA_ACTIVE views= 8 mean_abs_feat_delta= 0.334845\n"}
,{"stream_name":"stdout","time":712.983743958,"data":"SECONDARY_EDGE_TTA_ACTIVE views= 8 weight= 0.75 mean_abs_feat_delta= 0.23299\n"}
,{"stream_name":"stdout","time":713.015943651,"data":"SECONDARY_EDGE_TTA_ACTIVE views= 8 weight= 0.75 mean_abs_feat_delta= 0.244333\n"}
,{"stream_name":"stdout","time":713.186073737,"data":"SECONDARY_EDGE_TTA_ACTIVE views= 8 weight= 0.75 mean_abs_feat_delta= 0.23299\n"}
,{"stream_name":"stdout","time":713.18614698,"data":"SECONDARY_EDGE_TTA_ACTIVE views= 8 weight= 0.75 mean_abs_feat_delta= 0.244333\n"}
,{"stream_name":"stdout","time":714.100425599,"data":"EDGE_TTA_ACTIVE views= 8 mean_abs_feat_delta= 0.356818\n"}
,{"stream_name":"stdout","time":714.275981014,"data":"EDGE_TTA_ACTIVE views= 8 mean_abs_feat_delta= 0.334767\n"}
,{"stream_name":"stdout","time":714.303018184,"data":"EDGE_TTA_ACTIVE views= 8 mean_abs_feat_delta= 0.356818\n"}
,{"stream_name":"stdout","time":714.303045524,"data":"EDGE_TTA_ACTIVE views= 8 mean_abs_feat_delta= 0.334767\n"}
,{"stream_name":"stdout","time":715.118846418,"data":"SECONDARY_EDGE_TTA_ACTIVE views= 8 weight= 0.75 mean_abs_feat_delta= 0.232458\n"}
,{"stream_name":"stdout","time":715.248610693,"data":"SECONDARY_EDGE_TTA_ACTIVE views= 8 weight= 0.75 mean_abs_feat_delta= 0.248241\n"}
,{"stream_name":"stdout","time":715.321546072,"data":"SECONDARY_EDGE_TTA_ACTIVE views= 8 weight= 0.75 mean_abs_feat_delta= 0.232458\n"}
,{"stream_name":"stdout","time":715.321614058,"data":"SECONDARY_EDGE_TTA_ACTIVE views= 8 weight= 0.75 mean_abs_feat_delta= 0.248241\n"}
,{"stream_name":"stdout","time":716.207162795,"data":"EDGE_TTA_ACTIVE views= 8 mean_abs_feat_delta= 0.358323\n"}
,{"stream_name":"stdout","time":716.410017448,"data":"EDGE_TTA_ACTIVE views= 8 mean_abs_feat_delta= 0.358323\n"}
,{"stream_name":"stdout","time":716.485521491,"data":"EDGE_TTA_ACTIVE views= 8 mean_abs_feat_delta= 0.330452\n"}
,{"stream_name":"stdout","time":716.687983621,"data":"EDGE_TTA_ACTIVE views= 8 mean_abs_feat_delta= 0.330452\n"}
,{"stream_name":"stdout","time":717.240260074,"data":"SECONDARY_EDGE_TTA_ACTIVE views= 8 weight= 0.75 mean_abs_feat_delta= 0.232166\n"}
,{"stream_name":"stdout","time":717.442624597,"data":"SECONDARY_EDGE_TTA_ACTIVE views= 8 weight= 0.75 mean_abs_feat_delta= 0.232166\n"}
,{"stream_name":"stdout","time":717.457766104,"data":"SECONDARY_EDGE_TTA_ACTIVE views= 8 weight= 0.75 mean_abs_feat_delta= 0.239474\n"}
,{"stream_name":"stdout","time":717.660209589,"data":"SECONDARY_EDGE_TTA_ACTIVE views= 8 weight= 0.75 mean_abs_feat_delta= 0.239474\n"}
,{"stream_name":"stdout","time":718.354321997,"data":"EDGE_TTA_ACTIVE views= 8 mean_abs_feat_delta= 0.352135\n"}
,{"stream_name":"stdout","time":718.55673181,"data":"EDGE_TTA_ACTIVE views= 8 mean_abs_feat_delta= 0.352135\n"}
,{"stream_name":"stdout","time":718.711579224,"data":"EDGE_TTA_ACTIVE views= 8 mean_abs_feat_delta= 0.33197\n"}
,{"stream_name":"stdout","time":718.913813174,"data":"EDGE_TTA_ACTIVE views= 8 mean_abs_feat_delta= 0.33197\n"}
,{"stream_name":"stdout","time":719.368658061,"data":"SECONDARY_EDGE_TTA_ACTIVE views= 8 weight= 0.75 mean_abs_feat_delta= 0.232609\n"}
,{"stream_name":"stdout","time":719.570981977,"data":"SECONDARY_EDGE_TTA_ACTIVE views= 8 weight= 0.75 mean_abs_feat_delta= 0.232609\n"}
,{"stream_name":"stdout","time":719.684538485,"data":"SECONDARY_EDGE_TTA_ACTIVE views= 8 weight= 0.75 mean_abs_feat_delta= 0.247447\n"}
,{"stream_name":"stdout","time":719.886986967,"data":"SECONDARY_EDGE_TTA_ACTIVE views= 8 weight= 0.75 mean_abs_feat_delta= 0.247447\n"}
,{"stream_name":"stdout","time":720.493966581,"data":"EDGE_TTA_ACTIVE views= 8 mean_abs_feat_delta= 0.351911\n"}
,{"stream_name":"stdout","time":720.696128505,"data":"EDGE_TTA_ACTIVE views= 8 mean_abs_feat_delta= 0.351911\n"}
,{"stream_name":"stdout","time":720.960188727,"data":"EDGE_TTA_ACTIVE views= 8 mean_abs_feat_delta= 0.33369\n"}
,{"stream_name":"stdout","time":721.162749925,"data":"EDGE_TTA_ACTIVE views= 8 mean_abs_feat_delta= 0.33369\n"}
,{"stream_name":"stdout","time":721.508275306,"data":"SECONDARY_EDGE_TTA_ACTIVE views= 8 weight= 0.75 mean_abs_feat_delta= 0.232939\n"}
,{"stream_name":"stdout","time":721.710567595,"data":"SECONDARY_EDGE_TTA_ACTIVE views= 8 weight= 0.75 mean_abs_feat_delta= 0.232939\n"}
,{"stream_name":"stdout","time":721.931699355,"data":"SECONDARY_EDGE_TTA_ACTIVE views= 8 weight= 0.75 mean_abs_feat_delta= 0.242876\n"}
,{"stream_name":"stdout","time":722.135294648,"data":"SECONDARY_EDGE_TTA_ACTIVE views= 8 weight= 0.75 mean_abs_feat_delta= 0.242876\n"}
,{"stream_name":"stdout","time":722.623471211,"data":"EDGE_TTA_ACTIVE views= 8 mean_abs_feat_delta= 0.356519\n"}
,{"stream_name":"stdout","time":722.82602569,"data":"EDGE_TTA_ACTIVE views= 8 mean_abs_feat_delta= 0.356519\n"}
,{"stream_name":"stdout","time":723.169286948,"data":"EDGE_TTA_ACTIVE views= 8 mean_abs_feat_delta= 0.335249\n"}
,{"stream_name":"stdout","time":723.371975098,"data":"EDGE_TTA_ACTIVE views= 8 mean_abs_feat_delta= 0.335249\n"}
,{"stream_name":"stdout","time":723.631673421,"data":"SECONDARY_EDGE_TTA_ACTIVE views= 8 weight= 0.75 mean_abs_feat_delta= 0.231872\n"}
,{"stream_name":"stdout","time":723.834059292,"data":"SECONDARY_EDGE_TTA_ACTIVE views= 8 weight= 0.75 mean_abs_feat_delta= 0.231872\n"}
,{"stream_name":"stdout","time":724.141504795,"data":"SECONDARY_EDGE_TTA_ACTIVE views= 8 weight= 0.75 mean_abs_feat_delta= 0.249719\n"}
,{"stream_name":"stdout","time":724.344433324,"data":"SECONDARY_EDGE_TTA_ACTIVE views= 8 weight= 0.75 mean_abs_feat_delta= 0.249719\n"}
,{"stream_name":"stdout","time":724.732374164,"data":"EDGE_TTA_ACTIVE views= 8 mean_abs_feat_delta= 0.353385\n"}
,{"stream_name":"stdout","time":724.935122277,"data":"EDGE_TTA_ACTIVE views= 8 mean_abs_feat_delta= 0.353385\n"}
,{"stream_name":"stdout","time":725.376628433,"data":"EDGE_TTA_ACTIVE views= 8 mean_abs_feat_delta= 0.33665\n"}
,{"stream_name":"stdout","time":725.579053503,"data":"EDGE_TTA_ACTIVE views= 8 mean_abs_feat_delta= 0.33665\n"}
,{"stream_name":"stdout","time":725.737453759,"data":"SECONDARY_EDGE_TTA_ACTIVE views= 8 weight= 0.75 mean_abs_feat_delta= 0.232685\n"}
,{"stream_name":"stdout","time":725.939765763,"data":"SECONDARY_EDGE_TTA_ACTIVE views= 8 weight= 0.75 mean_abs_feat_delta= 0.232685\n"}
,{"stream_name":"stdout","time":726.349568948,"data":"SECONDARY_EDGE_TTA_ACTIVE views= 8 weight= 0.75 mean_abs_feat_delta= 0.250474\n"}
,{"stream_name":"stdout","time":726.551970782,"data":"SECONDARY_EDGE_TTA_ACTIVE views= 8 weight= 0.75 mean_abs_feat_delta= 0.250474\n"}
,{"stream_name":"stdout","time":726.820261842,"data":"EDGE_TTA_ACTIVE views= 8 mean_abs_feat_delta= 0.351229\n"}
,{"stream_name":"stdout","time":727.022716978,"data":"EDGE_TTA_ACTIVE views= 8 mean_abs_feat_delta= 0.351229\n"}
,{"stream_name":"stdout","time":727.599489622,"data":"EDGE_TTA_ACTIVE views= 8 mean_abs_feat_delta= 0.338336\n"}
,{"stream_name":"stdout","time":727.801839724,"data":"EDGE_TTA_ACTIVE views= 8 mean_abs_feat_delta= 0.338336\n"}
,{"stream_name":"stdout","time":727.818769255,"data":"SECONDARY_EDGE_TTA_ACTIVE views= 8 weight= 0.75 mean_abs_feat_delta= 0.233018\n"}
,{"stream_name":"stdout","time":728.02130199,"data":"SECONDARY_EDGE_TTA_ACTIVE views= 8 weight= 0.75 mean_abs_feat_delta= 0.233018\n"}
,{"stream_name":"stdout","time":728.577171306,"data":"SECONDARY_EDGE_TTA_ACTIVE views= 8 weight= 0.75 mean_abs_feat_delta= 0.243806\n"}
,{"stream_name":"stdout","time":728.779737661,"data":"SECONDARY_EDGE_TTA_ACTIVE views= 8 weight= 0.75 mean_abs_feat_delta= 0.243806\n"}
,{"stream_name":"stdout","time":728.883173967,"data":"EDGE_TTA_ACTIVE views= 8 mean_abs_feat_delta= 0.350705\n"}
,{"stream_name":"stdout","time":729.085554421,"data":"EDGE_TTA_ACTIVE views= 8 mean_abs_feat_delta= 0.350705\n"}
,{"stream_name":"stdout","time":729.811761302,"data":"EDGE_TTA_ACTIVE views= 8 mean_abs_feat_delta= 0.337788\n"}
,{"stream_name":"stdout","time":729.874983809,"data":"SECONDARY_EDGE_TTA_ACTIVE views= 8 weight= 0.75 mean_abs_feat_delta= 0.234885\n"}
,{"stream_name":"stdout","time":730.014201901,"data":"EDGE_TTA_ACTIVE views= 8 mean_abs_feat_delta= 0.337788\n"}
,{"stream_name":"stdout","time":730.01425823,"data":"SECONDARY_EDGE_TTA_ACTIVE views= 8 weight= 0.75 mean_abs_feat_delta= 0.234885\n"}
,{"stream_name":"stdout","time":730.785146493,"data":"SECONDARY_EDGE_TTA_ACTIVE views= 8 weight= 0.75 mean_abs_feat_delta= 0.245508\n"}
,{"stream_name":"stdout","time":730.945954214,"data":"EDGE_TTA_ACTIVE views= 8 mean_abs_feat_delta= 0.353278\n"}
,{"stream_name":"stdout","time":731.034225745,"data":"SECONDARY_EDGE_TTA_ACTIVE views= 8 weight= 0.75 mean_abs_feat_delta= 0.245508\n"}
,{"stream_name":"stdout","time":731.034245398,"data":"EDGE_TTA_ACTIVE views= 8 mean_abs_feat_delta= 0.353278\n"}
,{"stream_name":"stdout","time":731.9408899,"data":"SECONDARY_EDGE_TTA_ACTIVE views= 8 weight= 0.75 mean_abs_feat_delta= 0.232744\n"}
,{"stream_name":"stdout","time":732.098620511,"data":"EDGE_TTA_ACTIVE views= 8 mean_abs_feat_delta= 0.325091\n"}
,{"stream_name":"stdout","time":732.143383268,"data":"SECONDARY_EDGE_TTA_ACTIVE views= 8 weight= 0.75 mean_abs_feat_delta= 0.232744\n"}
,{"stream_name":"stdout","time":732.143415527,"data":"EDGE_TTA_ACTIVE views= 8 mean_abs_feat_delta= 0.325091\n"}
,{"stream_name":"stdout","time":732.997633057,"data":"EDGE_TTA_ACTIVE views= 8 mean_abs_feat_delta= 0.358064\n"}
,{"stream_name":"stdout","time":733.07299581,"data":"SECONDARY_EDGE_TTA_ACTIVE views= 8 weight= 0.75 mean_abs_feat_delta= 0.241957\n"}
,{"stream_name":"stdout","time":733.200123906,"data":"EDGE_TTA_ACTIVE views= 8 mean_abs_feat_delta= 0.358064\n"}
,{"stream_name":"stdout","time":733.200186415,"data":"SECONDARY_EDGE_TTA_ACTIVE views= 8 weight= 0.75 mean_abs_feat_delta= 0.241957\n"}
,{"stream_name":"stdout","time":733.985619069,"data":"SECONDARY_EDGE_TTA_ACTIVE views= 8 weight= 0.75 mean_abs_feat_delta= 0.229484\n"}
,{"stream_name":"stdout","time":734.188247834,"data":"SECONDARY_EDGE_TTA_ACTIVE views= 8 weight= 0.75 mean_abs_feat_delta= 0.229484\n"}
,{"stream_name":"stdout","time":734.327962523,"data":"EDGE_TTA_ACTIVE views= 8 mean_abs_feat_delta= 0.32712\n"}
,{"stream_name":"stdout","time":734.530299027,"data":"EDGE_TTA_ACTIVE views= 8 mean_abs_feat_delta= 0.32712\n"}
,{"stream_name":"stdout","time":735.041882166,"data":"EDGE_TTA_ACTIVE views= 8 mean_abs_feat_delta= 0.35946\n"}
,{"stream_name":"stdout","time":735.244552593,"data":"EDGE_TTA_ACTIVE views= 8 mean_abs_feat_delta= 0.35946\n"}
,{"stream_name":"stdout","time":735.301911824,"data":"SECONDARY_EDGE_TTA_ACTIVE views= 8 weight= 0.75 mean_abs_feat_delta= 0.252361\n"}
,{"stream_name":"stdout","time":735.504738484,"data":"SECONDARY_EDGE_TTA_ACTIVE views= 8 weight= 0.75 mean_abs_feat_delta= 0.252361\n"}
,{"stream_name":"stdout","time":736.031614945,"data":"SECONDARY_EDGE_TTA_ACTIVE views= 8 weight= 0.75 mean_abs_feat_delta= 0.231302\n"}
,{"stream_name":"stdout","time":736.233883287,"data":"SECONDARY_EDGE_TTA_ACTIVE views= 8 weight= 0.75 mean_abs_feat_delta= 0.231302\n"}
,{"stream_name":"stdout","time":736.5553938,"data":"EDGE_TTA_ACTIVE views= 8 mean_abs_feat_delta= 0.323213\n"}
,{"stream_name":"stdout","time":736.757860517,"data":"EDGE_TTA_ACTIVE views= 8 mean_abs_feat_delta= 0.323213\n"}
,{"stream_name":"stdout","time":737.085426851,"data":"EDGE_TTA_ACTIVE views= 8 mean_abs_feat_delta= 0.357537\n"}
,{"stream_name":"stdout","time":737.287610585,"data":"EDGE_TTA_ACTIVE views= 8 mean_abs_feat_delta= 0.357537\n"}
,{"stream_name":"stdout","time":737.530412932,"data":"SECONDARY_EDGE_TTA_ACTIVE views= 8 weight= 0.75 mean_abs_feat_delta= 0.245152\n"}
,{"stream_name":"stdout","time":737.732836884,"data":"SECONDARY_EDGE_TTA_ACTIVE views= 8 weight= 0.75 mean_abs_feat_delta= 0.245152\n"}
,{"stream_name":"stdout","time":738.076314929,"data":"SECONDARY_EDGE_TTA_ACTIVE views= 8 weight= 0.75 mean_abs_feat_delta= 0.233885\n"}
,{"stream_name":"stdout","time":738.278573062,"data":"SECONDARY_EDGE_TTA_ACTIVE views= 8 weight= 0.75 mean_abs_feat_delta= 0.233885\n"}
,{"stream_name":"stdout","time":738.763676594,"data":"EDGE_TTA_ACTIVE views= 8 mean_abs_feat_delta= 0.321976\n"}
,{"stream_name":"stdout","time":738.966158105,"data":"EDGE_TTA_ACTIVE views= 8 mean_abs_feat_delta= 0.321976\n"}
,{"stream_name":"stdout","time":739.130309632,"data":"EDGE_TTA_ACTIVE views= 8 mean_abs_feat_delta= 0.357561\n"}
,{"stream_name":"stdout","time":739.33288538,"data":"EDGE_TTA_ACTIVE views= 8 mean_abs_feat_delta= 0.357561\n"}
,{"stream_name":"stdout","time":739.738685196,"data":"SECONDARY_EDGE_TTA_ACTIVE views= 8 weight= 0.75 mean_abs_feat_delta= 0.249767\n"}
,{"stream_name":"stdout","time":739.941191311,"data":"SECONDARY_EDGE_TTA_ACTIVE views= 8 weight= 0.75 mean_abs_feat_delta= 0.249767\n"}
,{"stream_name":"stdout","time":740.119675176,"data":"SECONDARY_EDGE_TTA_ACTIVE views= 8 weight= 0.75 mean_abs_feat_delta= 0.235923\n"}
,{"stream_name":"stdout","time":740.322044913,"data":"SECONDARY_EDGE_TTA_ACTIVE views= 8 weight= 0.75 mean_abs_feat_delta= 0.235923\n"}
,{"stream_name":"stdout","time":740.990243412,"data":"EDGE_TTA_ACTIVE views= 8 mean_abs_feat_delta= 0.323768\n"}
,{"stream_name":"stdout","time":741.176270302,"data":"EDGE_TTA_ACTIVE views= 8 mean_abs_feat_delta= 0.356691\n"}
,{"stream_name":"stdout","time":741.194044584,"data":"EDGE_TTA_ACTIVE views= 8 mean_abs_feat_delta= 0.323768\n"}
,{"stream_name":"stdout","time":741.194067649,"data":"EDGE_TTA_ACTIVE views= 8 mean_abs_feat_delta= 0.356691\n"}
,{"stream_name":"stdout","time":741.966827388,"data":"SECONDARY_EDGE_TTA_ACTIVE views= 8 weight= 0.75 mean_abs_feat_delta= 0.251085\n"}
,{"stream_name":"stdout","time":742.154139299,"data":"SECONDARY_EDGE_TTA_ACTIVE views= 8 weight= 0.75 mean_abs_feat_delta= 0.236514\n"}
,{"stream_name":"stdout","time":742.16950435,"data":"SECONDARY_EDGE_TTA_ACTIVE views= 8 weight= 0.75 mean_abs_feat_delta= 0.251085\n"}
,{"stream_name":"stdout","time":742.16952791,"data":"SECONDARY_EDGE_TTA_ACTIVE views= 8 weight= 0.75 mean_abs_feat_delta= 0.236514\n"}
,{"stream_name":"stdout","time":743.20282972,"data":"EDGE_TTA_ACTIVE views= 8 mean_abs_feat_delta= 0.324838\n"}
,{"stream_name":"stdout","time":743.241566668,"data":"EDGE_TTA_ACTIVE views= 8 mean_abs_feat_delta= 0.360713\n"}
,{"stream_name":"stdout","time":743.405034677,"data":"EDGE_TTA_ACTIVE views= 8 mean_abs_feat_delta= 0.324838\n"}
,{"stream_name":"stdout","time":743.40509492,"data":"EDGE_TTA_ACTIVE views= 8 mean_abs_feat_delta= 0.360713\n"}
,{"stream_name":"stdout","time":744.175986445,"data":"SECONDARY_EDGE_TTA_ACTIVE views= 8 weight= 0.75 mean_abs_feat_delta= 0.239244\n"}
,{"stream_name":"stdout","time":744.218323231,"data":"SECONDARY_EDGE_TTA_ACTIVE views= 8 weight= 0.75 mean_abs_feat_delta= 0.236886\n"}
,{"stream_name":"stdout","time":744.378620784,"data":"SECONDARY_EDGE_TTA_ACTIVE views= 8 weight= 0.75 mean_abs_feat_delta= 0.239244\n"}
,{"stream_name":"stdout","time":744.378652752,"data":"SECONDARY_EDGE_TTA_ACTIVE views= 8 weight= 0.75 mean_abs_feat_delta= 0.236886\n"}
,{"stream_name":"stdout","time":745.291505178,"data":"EDGE_TTA_ACTIVE views= 8 mean_abs_feat_delta= 0.361191\n"}
,{"stream_name":"stdout","time":745.430314844,"data":"EDGE_TTA_ACTIVE views= 8 mean_abs_feat_delta= 0.323094\n"}
,{"stream_name":"stdout","time":745.493861636,"data":"EDGE_TTA_ACTIVE views= 8 mean_abs_feat_delta= 0.361191\n"}
,{"stream_name":"stdout","time":745.493891786,"data":"EDGE_TTA_ACTIVE views= 8 mean_abs_feat_delta= 0.323094\n"}
,{"stream_name":"stdout","time":746.26531993,"data":"SECONDARY_EDGE_TTA_ACTIVE views= 8 weight= 0.75 mean_abs_feat_delta= 0.236659\n"}
,{"stream_name":"stdout","time":746.405042755,"data":"SECONDARY_EDGE_TTA_ACTIVE views= 8 weight= 0.75 mean_abs_feat_delta= 0.247015\n"}
,{"stream_name":"stdout","time":746.467944769,"data":"SECONDARY_EDGE_TTA_ACTIVE views= 8 weight= 0.75 mean_abs_feat_delta= 0.236659\n"}
,{"stream_name":"stdout","time":746.467977805,"data":"SECONDARY_EDGE_TTA_ACTIVE views= 8 weight= 0.75 mean_abs_feat_delta= 0.247015\n"}
,{"stream_name":"stdout","time":747.314644025,"data":"EDGE_TTA_ACTIVE views= 8 mean_abs_feat_delta= 0.363957\n"}
,{"stream_name":"stdout","time":747.517065131,"data":"EDGE_TTA_ACTIVE views= 8 mean_abs_feat_delta= 0.363957\n"}
,{"stream_name":"stdout","time":747.658353252,"data":"EDGE_TTA_ACTIVE views= 8 mean_abs_feat_delta= 0.322603\n"}
,{"stream_name":"stdout","time":747.860705626,"data":"EDGE_TTA_ACTIVE views= 8 mean_abs_feat_delta= 0.322603\n"}
,{"stream_name":"stdout","time":748.29066537,"data":"SECONDARY_EDGE_TTA_ACTIVE views= 8 weight= 0.75 mean_abs_feat_delta= 0.238038\n"}
,{"stream_name":"stdout","time":748.49340503,"data":"SECONDARY_EDGE_TTA_ACTIVE views= 8 weight= 0.75 mean_abs_feat_delta= 0.238038\n"}
,{"stream_name":"stdout","time":748.635197441,"data":"SECONDARY_EDGE_TTA_ACTIVE views= 8 weight= 0.75 mean_abs_feat_delta= 0.251849\n"}
,{"stream_name":"stdout","time":748.837842078,"data":"SECONDARY_EDGE_TTA_ACTIVE views= 8 weight= 0.75 mean_abs_feat_delta= 0.251849\n"}
,{"stream_name":"stdout","time":750.12797313,"data":"EDGE_TTA_ACTIVE views= 8 mean_abs_feat_delta= 0.325152\n"}
,{"stream_name":"stdout","time":750.33072805,"data":"EDGE_TTA_ACTIVE views= 8 mean_abs_feat_delta= 0.325152\n"}
,{"stream_name":"stdout","time":751.102404721,"data":"SECONDARY_EDGE_TTA_ACTIVE views= 8 weight= 0.75 mean_abs_feat_delta= 0.251093\n"}
,{"stream_name":"stdout","time":751.305229969,"data":"SECONDARY_EDGE_TTA_ACTIVE views= 8 weight= 0.75 mean_abs_feat_delta= 0.251093\n"}
,{"stream_name":"stdout","time":752.355343596,"data":"EDGE_TTA_ACTIVE views= 8 mean_abs_feat_delta= 0.328347\n"}
,{"stream_name":"stdout","time":752.557658123,"data":"EDGE_TTA_ACTIVE views= 8 mean_abs_feat_delta= 0.328347\n"}
,{"stream_name":"stdout","time":753.311199686,"data":"Saved 2 predictions to /kaggle/working/tracking_repo/predictions/unknown/unet_transformer_gpu0/split_0\n"}
,{"stream_name":"stdout","time":753.329627004,"data":"SECONDARY_EDGE_TTA_ACTIVE views= 8 weight= 0.75 mean_abs_feat_delta= 0.244661\n"}
,{"stream_name":"stdout","time":753.514121492,"data":"Saved 2 predictions to /kaggle/working/tracking_repo/predictions/unknown/unet_transformer_gpu0/split_0\n"}
,{"stream_name":"stdout","time":753.514158042,"data":"SECONDARY_EDGE_TTA_ACTIVE views= 8 weight= 0.75 mean_abs_feat_delta= 0.244661\n"}
,{"stream_name":"stdout","time":754.562550152,"data":"EDGE_TTA_ACTIVE views= 8 mean_abs_feat_delta= 0.328262\n"}
,{"stream_name":"stdout","time":754.765093076,"data":"EDGE_TTA_ACTIVE views= 8 mean_abs_feat_delta= 0.328262\n"}
,{"stream_name":"stdout","time":755.537123524,"data":"SECONDARY_EDGE_TTA_ACTIVE views= 8 weight= 0.75 mean_abs_feat_delta= 0.243635\n"}
,{"stream_name":"stdout","time":755.739747852,"data":"SECONDARY_EDGE_TTA_ACTIVE views= 8 weight= 0.75 mean_abs_feat_delta= 0.243635\n"}
,{"stream_name":"stdout","time":756.810455721,"data":"EDGE_TTA_ACTIVE views= 8 mean_abs_feat_delta= 0.327618\n"}
,{"stream_name":"stdout","time":757.012525855,"data":"EDGE_TTA_ACTIVE views= 8 mean_abs_feat_delta= 0.327618\n"}
,{"stream_name":"stdout","time":757.785038983,"data":"SECONDARY_EDGE_TTA_ACTIVE views= 8 weight= 0.75 mean_abs_feat_delta= 0.248058\n"}
,{"stream_name":"stdout","time":757.987421401,"data":"SECONDARY_EDGE_TTA_ACTIVE views= 8 weight= 0.75 mean_abs_feat_delta= 0.248058\n"}
,{"stream_name":"stdout","time":842.690987465,"data":"Saved 2 predictions to /kaggle/working/tracking_repo/predictions/unknown/unet_transformer_gpu1/split_0\n"}
,{"stream_name":"stdout","time":842.92330911,"data":"Saved 2 predictions to /kaggle/working/tracking_repo/predictions/unknown/unet_transformer_gpu1/split_0\n"}
,{"stream_name":"stdout","time":845.081197888,"data":"Merged 4 prediction graphs into /kaggle/working/tracking_repo/predictions/unknown/unet_transformer/split_0\n"}
,{"stream_name":"stdout","time":845.081232995,"data":"Prediction completed in 8.92 minutes\n"}
,{"stream_name":"stdout","time":845.526805273,"data":"FOCUS mask arbitration: enabled=True match_radius=7.0um parent_max=14.0um min_score=0.2 margin=0.1\n"}
,{"stream_name":"stdout","time":1181.965808754,"data":"Trying DeepCenter add-only gate checkpoint: /kaggle/input/datasets/pilkwang/biohub-deepcenter-unet3d-center-prior-v1/weights/full_frame_center/best.pt\n"}
,{"stream_name":"stdout","time":1182.275343443,"data":"Loaded DeepCenter add-only gate checkpoint: /kaggle/input/datasets/pilkwang/biohub-deepcenter-unet3d-center-prior-v1/weights/full_frame_center/best.pt\n"}
,{"stream_name":"stdout","time":1182.275380156,"data":"DeepCenter checkpoint epoch: 2 best_score: -0.04500306242456039\n"}
,{"stream_name":"stdout","time":1182.275386588,"data":"Found 4 prediction graphs\n"}
,{"stream_name":"stdout","time":1202.394990335,"data":"  [44b6_0113de3b] after edge-filter+motion-relink: 25822 nodes, 24937 edges\n"}
,{"stream_name":"stdout","time":1203.522381055,"data":"DEEPCENTER_TTA_ACTIVE views= 8 mean_abs_logit_delta= 0.133289\n"}
,{"stream_name":"stdout","time":1205.667083407,"data":"  [44b6_0113de3b] after gap-closing (single-frame + gap2): 25884 nodes, 25052 edges\n"}
,{"stream_name":"stdout","time":1453.681969247,"data":"Loading weights from: /kaggle/input/datasets/qiweiyin/focus3d-nuclei-runtime/models/model_final_nuclei.pth\n"}
,{"stream_name":"stdout","time":1479.378756623,"data":"[FOCUS-3D DEBUG] E. infer_volume entered\n"}
,{"stream_name":"stdout","time":1479.379816907,"data":"\n"}
,{"stream_name":"stdout","time":1479.379854179,"data":"[Step 1] \"Preparing config and segmentation model...\"\n"}
,{"stream_name":"stdout","time":1479.379861166,"data":"[FOCUS-3D DEBUG] before torch.cuda.set_device(cuda:0)\n"}
,{"stream_name":"stdout","time":1479.380584859,"data":"[FOCUS-3D DEBUG] torch.cuda.set_device completed\n"}
,{"stream_name":"stdout","time":1479.401436144,"data":"[FOCUS3D inference] requested device: cuda:0\n"}
,{"stream_name":"stdout","time":1479.401457337,"data":"[FOCUS3D inference] current cuda device: cuda:0\n"}
,{"stream_name":"stdout","time":1479.401462301,"data":"[FOCUS3D inference] GPU name: Tesla T4\n"}
,{"stream_name":"stdout","time":1479.401466281,"data":"[FOCUS-3D DEBUG] D. model/device after synchronization; model_class=MaskFormer; training=False; param_device=cuda:0; param_dtype=torch.float32; runtime_device=cuda:0\n"}
,{"stream_name":"stdout","time":1479.403523992,"data":"\n"}
,{"stream_name":"stdout","time":1479.40354277,"data":"[Step 2] \"Reading image...\"\n"}
,{"stream_name":"stdout","time":1479.403547337,"data":"[FOCUS-3D DEBUG] F. resampling completed; raw_shape=(64, 256, 256); infer_shape=(64, 256, 256)\n"}
,{"stream_name":"stdout","time":1479.435166585,"data":"[FOCUS-3D DEBUG] G. padding completed; padded_shape=(64, 288, 288); patch_size=(32, 96, 96)\n"}
,{"stream_name":"stdout","time":1479.49823467,"data":"\n"}
,{"stream_name":"stdout","time":1479.498293895,"data":"[Step 4] \"Batch inference...\"\n"}
,{"stream_name":"stdout","time":1479.51154283,"data":"[FOCUS-3D DEBUG] H. first DataLoader batch ready; batch_shape=(12, 1, 32, 96, 96); batch_device=cpu; batch_dtype=torch.float32\n"}
,{"stream_name":"stdout","time":1479.543071691,"data":"[FOCUS-3D DEBUG] I. immediately before model(inputs); batch_shape=(12, 1, 32, 96, 96); batch_device=cuda:0; batch_dtype=torch.float32\n"}
,{"stream_name":"stdout","time":1482.833715978,"data":"[FOCUS-3D DEBUG] J. immediately after model(inputs); output_count=12\n"}
,{"stream_name":"stdout","time":1484.44131337,"data":"[FOCUS-3D DEBUG] K. postprocessing completed\n"}
,{"stream_name":"stdout","time":1484.599505272,"data":"\n"}
,{"stream_name":"stdout","time":1484.599532931,"data":"[Step 5] \"Post-processing and save results...\"\n"}
,{"stream_name":"stdout","time":1484.599538673,"data":"[2D filtering] Removed 373 small components, 11535 voxels in total.\n"}
,{"stream_name":"stdout","time":1484.599543415,"data":"[ID filtering] Kept 385 instances. Removed by size: 0. Removed by intensity: 6. \n"}
,{"stream_name":"stdout","time":1484.636542494,"data":"[FOCUS-3D DEBUG] L. inference completed; output_shape=(64, 256, 256)\n"}
,{"stream_name":"stdout","time":1484.672452845,"data":"[FOCUS-3D DEBUG] E. infer_volume entered\n"}
,{"stream_name":"stdout","time":1484.673399088,"data":"\n"}
,{"stream_name":"stdout","time":1484.673420565,"data":"[Step 1] \"Preparing config and segmentation model...\"\n"}
,{"stream_name":"stdout","time":1484.673430244,"data":"[FOCUS-3D DEBUG] before torch.cuda.set_device(cuda:0)\n"}
,{"stream_name":"stdout","time":1484.674153214,"data":"[FOCUS-3D DEBUG] torch.cuda.set_device completed\n"}
,{"stream_name":"stdout","time":1484.694839961,"data":"[FOCUS3D inference] requested device: cuda:0\n"}
,{"stream_name":"stdout","time":1484.694861036,"data":"[FOCUS3D inference] current cuda device: cuda:0\n"}
,{"stream_name":"stdout","time":1484.694867262,"data":"[FOCUS3D inference] GPU name: Tesla T4\n"}
,{"stream_name":"stdout","time":1484.694873023,"data":"[FOCUS-3D DEBUG] D. model/device after synchronization; model_class=MaskFormer; training=False; param_device=cuda:0; param_dtype=torch.float32; runtime_device=cuda:0\n"}
,{"stream_name":"stdout","time":1484.696772621,"data":"\n"}
,{"stream_name":"stdout","time":1484.696803463,"data":"[Step 2] \"Reading image...\"\n"}
,{"stream_name":"stdout","time":1484.696824445,"data":"[FOCUS-3D DEBUG] F. resampling completed; raw_shape=(64, 256, 256); infer_shape=(64, 256, 256)\n"}
,{"stream_name":"stdout","time":1484.728174422,"data":"[FOCUS-3D DEBUG] G. padding completed; padded_shape=(64, 288, 288); patch_size=(32, 96, 96)\n"}
,{"stream_name":"stdout","time":1484.790031493,"data":"\n"}
,{"stream_name":"stdout","time":1484.790066402,"data":"[Step 4] \"Batch inference...\"\n"}
,{"stream_name":"stdout","time":1484.79309778,"data":"[FOCUS-3D DEBUG] H. first DataLoader batch ready; batch_shape=(12, 1, 32, 96, 96); batch_device=cpu; batch_dtype=torch.float32\n"}
,{"stream_name":"stdout","time":1484.79387384,"data":"[FOCUS-3D DEBUG] I. immediately before model(inputs); batch_shape=(12, 1, 32, 96, 96); batch_device=cuda:0; batch_dtype=torch.float32\n"}
,{"stream_name":"stdout","time":1486.718967905,"data":"[FOCUS-3D DEBUG] J. immediately after model(inputs); output_count=12\n"}
,{"stream_name":"stdout","time":1488.202991642,"data":"[FOCUS-3D DEBUG] K. postprocessing completed\n"}
,{"stream_name":"stdout","time":1488.627534574,"data":"\n"}
,{"stream_name":"stdout","time":1488.627562396,"data":"[Step 5] \"Post-processing and save results...\"\n"}
,{"stream_name":"stdout","time":1488.627566805,"data":"[2D filtering] Removed 364 small components, 11615 voxels in total.\n"}
,{"stream_name":"stdout","time":1488.627571126,"data":"[ID filtering] Kept 382 instances. Removed by size: 0. Removed by intensity: 5. \n"}
,{"stream_name":"stdout","time":1488.665095302,"data":"[FOCUS-3D DEBUG] L. inference completed; output_shape=(64, 256, 256)\n"}
,{"stream_name":"stdout","time":1488.693074561,"data":"[FOCUS-3D DEBUG] E. infer_volume entered\n"}
,{"stream_name":"stdout","time":1488.69402841,"data":"\n"}
,{"stream_name":"stdout","time":1488.694045788,"data":"[Step 1] \"Preparing config and segmentation model...\"\n"}
,{"stream_name":"stdout","time":1488.69406485,"data":"[FOCUS-3D DEBUG] before torch.cuda.set_device(cuda:0)\n"}
,{"stream_name":"stdout","time":1488.694974022,"data":"[FOCUS-3D DEBUG] torch.cuda.set_device completed\n"}
,{"stream_name":"stdout","time":1488.713931554,"data":"[FOCUS3D inference] requested device: cuda:0\n"}
,{"stream_name":"stdout","time":1488.713948862,"data":"[FOCUS3D inference] current cuda device: cuda:0\n"}
,{"stream_name":"stdout","time":1488.713954777,"data":"[FOCUS3D inference] GPU name: Tesla T4\n"}
,{"stream_name":"stdout","time":1488.713970121,"data":"[FOCUS-3D DEBUG] D. model/device after synchronization; model_class=MaskFormer; training=False; param_device=cuda:0; param_dtype=torch.float32; runtime_device=cuda:0\n"}
,{"stream_name":"stdout","time":1488.715400913,"data":"\n"}
,{"stream_name":"stdout","time":1488.715417372,"data":"[Step 2] \"Reading image...\"\n"}
,{"stream_name":"stdout","time":1488.715422431,"data":"[FOCUS-3D DEBUG] F. resampling completed; raw_shape=(64, 256, 256); infer_shape=(64, 256, 256)\n"}
,{"stream_name":"stdout","time":1488.746836234,"data":"[FOCUS-3D DEBUG] G. padding completed; padded_shape=(64, 288, 288); patch_size=(32, 96, 96)\n"}
,{"stream_name":"stdout","time":1488.810239283,"data":"\n"}
,{"stream_name":"stdout","time":1488.810276321,"data":"[Step 4] \"Batch inference...\"\n"}
,{"stream_name":"stdout","time":1488.812593979,"data":"[FOCUS-3D DEBUG] H. first DataLoader batch ready; batch_shape=(12, 1, 32, 96, 96); batch_device=cpu; batch_dtype=torch.float32\n"}
,{"stream_name":"stdout","time":1488.813292159,"data":"[FOCUS-3D DEBUG] I. immediately before model(inputs); batch_shape=(12, 1, 32, 96, 96); batch_device=cuda:0; batch_dtype=torch.float32\n"}
,{"stream_name":"stdout","time":1490.745453799,"data":"[FOCUS-3D DEBUG] J. immediately after model(inputs); output_count=12\n"}
,{"stream_name":"stdout","time":1492.285989952,"data":"[FOCUS-3D DEBUG] K. postprocessing completed\n"}
,{"stream_name":"stdout","time":1492.485985279,"data":"\n"}
,{"stream_name":"stdout","time":1492.48601052,"data":"[Step 5] \"Post-processing and save results...\"\n"}
,{"stream_name":"stdout","time":1492.486014745,"data":"[2D filtering] Removed 364 small components, 11384 voxels in total.\n"}
,{"stream_name":"stdout","time":1492.486018604,"data":"[ID filtering] Kept 405 instances. Removed by size: 0. Removed by intensity: 2. \n"}
,{"stream_name":"stdout","time":1492.505019878,"data":"[FOCUS-3D DEBUG] L. inference completed; output_shape=(64, 256, 256)\n"}
,{"stream_name":"stdout","time":1492.539888153,"data":"[FOCUS-3D DEBUG] E. infer_volume entered\n"}
,{"stream_name":"stdout","time":1492.540945509,"data":"\n"}
,{"stream_name":"stdout","time":1492.540964752,"data":"[Step 1] \"Preparing config and segmentation model...\"\n"}
,{"stream_name":"stdout","time":1492.540969323,"data":"[FOCUS-3D DEBUG] before torch.cuda.set_device(cuda:0)\n"}
,{"stream_name":"stdout","time":1492.541710739,"data":"[FOCUS-3D DEBUG] torch.cuda.set_device completed\n"}
,{"stream_name":"stdout","time":1492.561024773,"data":"[FOCUS3D inference] requested device: cuda:0\n"}
,{"stream_name":"stdout","time":1492.561042859,"data":"[FOCUS3D inference] current cuda device: cuda:0\n"}
,{"stream_name":"stdout","time":1492.561047452,"data":"[FOCUS3D inference] GPU name: Tesla T4\n"}
,{"stream_name":"stdout","time":1492.561051268,"data":"[FOCUS-3D DEBUG] D. model/device after synchronization; model_class=MaskFormer; training=False; param_device=cuda:0; param_dtype=torch.float32; runtime_device=cuda:0\n"}
,{"stream_name":"stdout","time":1492.56266177,"data":"\n"}
,{"stream_name":"stdout","time":1492.562678985,"data":"[Step 2] \"Reading image...\"\n"}
,{"stream_name":"stdout","time":1492.562683491,"data":"[FOCUS-3D DEBUG] F. resampling completed; raw_shape=(64, 256, 256); infer_shape=(64, 256, 256)\n"}
,{"stream_name":"stdout","time":1492.594256843,"data":"[FOCUS-3D DEBUG] G. padding completed; padded_shape=(64, 288, 288); patch_size=(32, 96, 96)\n"}
,{"stream_name":"stdout","time":1492.658736639,"data":"\n"}
,{"stream_name":"stdout","time":1492.658770121,"data":"[Step 4] \"Batch inference...\"\n"}
,{"stream_name":"stdout","time":1492.661998102,"data":"[FOCUS-3D DEBUG] H. first DataLoader batch ready; batch_shape=(12, 1, 32, 96, 96); batch_device=cpu; batch_dtype=torch.float32\n"}
,{"stream_name":"stdout","time":1492.6629444,"data":"[FOCUS-3D DEBUG] I. immediately before model(inputs); batch_shape=(12, 1, 32, 96, 96); batch_device=cuda:0; batch_dtype=torch.float32\n"}
,{"stream_name":"stdout","time":1494.594969552,"data":"[FOCUS-3D DEBUG] J. immediately after model(inputs); output_count=12\n"}
,{"stream_name":"stdout","time":1496.151740329,"data":"[FOCUS-3D DEBUG] K. postprocessing completed\n"}
,{"stream_name":"stdout","time":1496.349784232,"data":"\n"}
,{"stream_name":"stdout","time":1496.349810776,"data":"[Step 5] \"Post-processing and save results...\"\n"}
,{"stream_name":"stdout","time":1496.349816149,"data":"[2D filtering] Removed 343 small components, 11570 voxels in total.\n"}
,{"stream_name":"stdout","time":1496.349821144,"data":"[ID filtering] Kept 397 instances. Removed by size: 0. Removed by intensity: 4. \n"}
,{"stream_name":"stdout","time":1496.377652682,"data":"[FOCUS-3D DEBUG] L. inference completed; output_shape=(64, 256, 256)\n"}
,{"stream_name":"stdout","time":1546.538040634,"data":"  [44b6_0113de3b] FOCUS mask local arbitration: checked=1468 accepted=232 frames=4\n"}
,{"stream_name":"stdout","time":1546.538076477,"data":"  [44b6_0113de3b] after safe-division repair: 25884 nodes, 25098 edges (geometric_candidates=171, deepcenter_rejected=112, post_veto_candidates=59, added=46, cap_skipped=0, mutual_nn_rejected=62, divergence_rejected=545)\n"}
,{"stream_name":"stdout","time":1546.538100438,"data":"  [44b6_0113de3b] after division-geometry-filter+prune-isolated: 25875 nodes, 25098 edges\n"}
,{"stream_name":"stdout","time":1546.53810518,"data":"  [44b6_0113de3b] after short-track filtering: 25591 nodes, 24882 edges (components_removed=68)\n"}
,{"stream_name":"stdout","time":1551.439274987,"data":"  [44b6_0113de3b] FINAL: 25591 nodes, 24882 edges\n"}
,{"stream_name":"stdout","time":1567.540632344,"data":"  [44b6_0b24845f] after edge-filter+motion-relink: 22491 nodes, 20373 edges\n"}
,{"stream_name":"stdout","time":1584.204638002,"data":"  [44b6_0b24845f] after gap-closing (single-frame + gap2): 22877 nodes, 21073 edges\n"}
,{"stream_name":"stdout","time":1779.580915038,"data":"[FOCUS-3D DEBUG] E. infer_volume entered\n"}
,{"stream_name":"stdout","time":1779.581829875,"data":"\n"}
,{"stream_name":"stdout","time":1779.581850608,"data":"[Step 1] \"Preparing config and segmentation model...\"\n"}
,{"stream_name":"stdout","time":1779.581856507,"data":"[FOCUS-3D DEBUG] before torch.cuda.set_device(cuda:0)\n"}
,{"stream_name":"stdout","time":1779.582633648,"data":"[FOCUS-3D DEBUG] torch.cuda.set_device completed\n"}
,{"stream_name":"stdout","time":1779.583385743,"data":"[FOCUS3D inference] requested device: cuda:0\n"}
,{"stream_name":"stdout","time":1779.583403258,"data":"[FOCUS3D inference] current cuda device: cuda:0\n"}
,{"stream_name":"stdout","time":1779.583409485,"data":"[FOCUS3D inference] GPU name: Tesla T4\n"}
,{"stream_name":"stdout","time":1779.583414867,"data":"[FOCUS-3D DEBUG] D. model/device after synchronization; model_class=MaskFormer; training=False; param_device=cuda:0; param_dtype=torch.float32; runtime_device=cuda:0\n"}
,{"stream_name":"stdout","time":1779.584139513,"data":"\n"}
,{"stream_name":"stdout","time":1779.584168473,"data":"[Step 2] \"Reading image...\"\n"}
,{"stream_name":"stdout","time":1779.584176613,"data":"[FOCUS-3D DEBUG] F. resampling completed; raw_shape=(64, 256, 256); infer_shape=(64, 256, 256)\n"}
,{"stream_name":"stdout","time":1779.605519307,"data":"[FOCUS-3D DEBUG] G. padding completed; padded_shape=(64, 288, 288); patch_size=(32, 96, 96)\n"}
,{"stream_name":"stdout","time":1779.667328706,"data":"\n"}
,{"stream_name":"stdout","time":1779.667403596,"data":"[Step 4] \"Batch inference...\"\n"}
,{"stream_name":"stdout","time":1779.671339983,"data":"[FOCUS-3D DEBUG] H. first DataLoader batch ready; batch_shape=(12, 1, 32, 96, 96); batch_device=cpu; batch_dtype=torch.float32\n"}
,{"stream_name":"stdout","time":1779.673617324,"data":"[FOCUS-3D DEBUG] I. immediately before model(inputs); batch_shape=(12, 1, 32, 96, 96); batch_device=cuda:0; batch_dtype=torch.float32\n"}
,{"stream_name":"stdout","time":1781.703614065,"data":"[FOCUS-3D DEBUG] J. immediately after model(inputs); output_count=12\n"}
,{"stream_name":"stdout","time":1786.384107618,"data":"[FOCUS-3D DEBUG] K. postprocessing completed\n"}
,{"stream_name":"stdout","time":1786.584368225,"data":"\n"}
,{"stream_name":"stdout","time":1786.58439584,"data":"[Step 5] \"Post-processing and save results...\"\n"}
,{"stream_name":"stdout","time":1786.58440104,"data":"[2D filtering] Removed 835 small components, 25154 voxels in total.\n"}
,{"stream_name":"stdout","time":1786.584405947,"data":"[ID filtering] Kept 949 instances. Removed by size: 0. Removed by intensity: 47. \n"}
,{"stream_name":"stdout","time":1786.625444603,"data":"[FOCUS-3D DEBUG] L. inference completed; output_shape=(64, 256, 256)\n"}
,{"stream_name":"stdout","time":1786.661785245,"data":"[FOCUS-3D DEBUG] E. infer_volume entered\n"}
,{"stream_name":"stdout","time":1786.662806217,"data":"\n"}
,{"stream_name":"stdout","time":1786.66283414,"data":"[Step 1] \"Preparing config and segmentation model...\"\n"}
,{"stream_name":"stdout","time":1786.662838282,"data":"[FOCUS-3D DEBUG] before torch.cuda.set_device(cuda:0)\n"}
,{"stream_name":"stdout","time":1786.663578553,"data":"[FOCUS-3D DEBUG] torch.cuda.set_device completed\n"}
,{"stream_name":"stdout","time":1786.685608432,"data":"[FOCUS3D inference] requested device: cuda:0\n"}
,{"stream_name":"stdout","time":1786.685627184,"data":"[FOCUS3D inference] current cuda device: cuda:0\n"}
,{"stream_name":"stdout","time":1786.685632019,"data":"[FOCUS3D inference] GPU name: Tesla T4\n"}
,{"stream_name":"stdout","time":1786.685635812,"data":"[FOCUS-3D DEBUG] D. model/device after synchronization; model_class=MaskFormer; training=False; param_device=cuda:0; param_dtype=torch.float32; runtime_device=cuda:0\n"}
,{"stream_name":"stdout","time":1786.687046006,"data":"\n"}
,{"stream_name":"stdout","time":1786.687061956,"data":"[Step 2] \"Reading image...\"\n"}
,{"stream_name":"stdout","time":1786.687073729,"data":"[FOCUS-3D DEBUG] F. resampling completed; raw_shape=(64, 256, 256); infer_shape=(64, 256, 256)\n"}
,{"stream_name":"stdout","time":1786.717846028,"data":"[FOCUS-3D DEBUG] G. padding completed; padded_shape=(64, 288, 288); patch_size=(32, 96, 96)\n"}
,{"stream_name":"stdout","time":1786.78014282,"data":"\n"}
,{"stream_name":"stdout","time":1786.780224597,"data":"[Step 4] \"Batch inference...\"\n"}
,{"stream_name":"stdout","time":1786.783406418,"data":"[FOCUS-3D DEBUG] H. first DataLoader batch ready; batch_shape=(12, 1, 32, 96, 96); batch_device=cpu; batch_dtype=torch.float32\n"}
,{"stream_name":"stdout","time":1786.785267495,"data":"[FOCUS-3D DEBUG] I. immediately before model(inputs); batch_shape=(12, 1, 32, 96, 96); batch_device=cuda:0; batch_dtype=torch.float32\n"}
,{"stream_name":"stdout","time":1788.775760349,"data":"[FOCUS-3D DEBUG] J. immediately after model(inputs); output_count=12\n"}
,{"stream_name":"stdout","time":1793.62104181,"data":"[FOCUS-3D DEBUG] K. postprocessing completed\n"}
,{"stream_name":"stdout","time":1793.82190706,"data":"\n"}
,{"stream_name":"stdout","time":1793.821954491,"data":"[Step 5] \"Post-processing and save results...\"\n"}
,{"stream_name":"stdout","time":1793.821960323,"data":"[2D filtering] Removed 771 small components, 23405 voxels in total.\n"}
,{"stream_name":"stdout","time":1793.821965489,"data":"[ID filtering] Kept 989 instances. Removed by size: 0. Removed by intensity: 41. \n"}
,{"stream_name":"stdout","time":1793.858622391,"data":"[FOCUS-3D DEBUG] L. inference completed; output_shape=(64, 256, 256)\n"}
,{"stream_name":"stdout","time":1793.887189508,"data":"[FOCUS-3D DEBUG] E. infer_volume entered\n"}
,{"stream_name":"stdout","time":1793.888185519,"data":"\n"}
,{"stream_name":"stdout","time":1793.888208777,"data":"[Step 1] \"Preparing config and segmentation model...\"\n"}
,{"stream_name":"stdout","time":1793.88821316,"data":"[FOCUS-3D DEBUG] before torch.cuda.set_device(cuda:0)\n"}
,{"stream_name":"stdout","time":1793.888869695,"data":"[FOCUS-3D DEBUG] torch.cuda.set_device completed\n"}
,{"stream_name":"stdout","time":1793.910966758,"data":"[FOCUS3D inference] requested device: cuda:0\n"}
,{"stream_name":"stdout","time":1793.910992556,"data":"[FOCUS3D inference] current cuda device: cuda:0\n"}
,{"stream_name":"stdout","time":1793.910998385,"data":"[FOCUS3D inference] GPU name: Tesla T4\n"}
,{"stream_name":"stdout","time":1793.911003454,"data":"[FOCUS-3D DEBUG] D. model/device after synchronization; model_class=MaskFormer; training=False; param_device=cuda:0; param_dtype=torch.float32; runtime_device=cuda:0\n"}
,{"stream_name":"stdout","time":1793.912793343,"data":"\n"}
,{"stream_name":"stdout","time":1793.912814291,"data":"[Step 2] \"Reading image...\"\n"}
,{"stream_name":"stdout","time":1793.912819799,"data":"[FOCUS-3D DEBUG] F. resampling completed; raw_shape=(64, 256, 256); infer_shape=(64, 256, 256)\n"}
,{"stream_name":"stdout","time":1793.944784629,"data":"[FOCUS-3D DEBUG] G. padding completed; padded_shape=(64, 288, 288); patch_size=(32, 96, 96)\n"}
,{"stream_name":"stdout","time":1794.011019094,"data":"\n"}
,{"stream_name":"stdout","time":1794.011054916,"data":"[Step 4] \"Batch inference...\"\n"}
,{"stream_name":"stdout","time":1794.013355754,"data":"[FOCUS-3D DEBUG] H. first DataLoader batch ready; batch_shape=(12, 1, 32, 96, 96); batch_device=cpu; batch_dtype=torch.float32\n"}
,{"stream_name":"stdout","time":1794.013984577,"data":"[FOCUS-3D DEBUG] I. immediately before model(inputs); batch_shape=(12, 1, 32, 96, 96); batch_device=cuda:0; batch_dtype=torch.float32\n"}
,{"stream_name":"stdout","time":1796.002913219,"data":"[FOCUS-3D DEBUG] J. immediately after model(inputs); output_count=12\n"}
,{"stream_name":"stdout","time":1801.614966728,"data":"[FOCUS-3D DEBUG] K. postprocessing completed\n"}
,{"stream_name":"stdout","time":1801.814566825,"data":"\n"}
,{"stream_name":"stdout","time":1801.814606288,"data":"[Step 5] \"Post-processing and save results...\"\n"}
,{"stream_name":"stdout","time":1801.814612941,"data":"[2D filtering] Removed 974 small components, 29510 voxels in total.\n"}
,{"stream_name":"stdout","time":1801.869840719,"data":"[ID filtering] Kept 913 instances. Removed by size: 0. Removed by intensity: 379. \n"}
,{"stream_name":"stdout","time":1801.869876024,"data":"[FOCUS-3D DEBUG] L. inference completed; output_shape=(64, 256, 256)\n"}
,{"stream_name":"stdout","time":1801.905962696,"data":"[FOCUS-3D DEBUG] E. infer_volume entered\n"}
,{"stream_name":"stdout","time":1801.906000938,"data":"\n"}
,{"stream_name":"stdout","time":1801.906005919,"data":"[Step 1] \"Preparing config and segmentation model...\"\n"}
,{"stream_name":"stdout","time":1801.906010486,"data":"[FOCUS-3D DEBUG] before torch.cuda.set_device(cuda:0)\n"}
,{"stream_name":"stdout","time":1801.907611109,"data":"[FOCUS-3D DEBUG] torch.cuda.set_device completed\n"}
,{"stream_name":"stdout","time":1801.931170839,"data":"[FOCUS3D inference] requested device: cuda:0\n"}
,{"stream_name":"stdout","time":1801.931199322,"data":"[FOCUS3D inference] current cuda device: cuda:0\n"}
,{"stream_name":"stdout","time":1801.931206233,"data":"[FOCUS3D inference] GPU name: Tesla T4\n"}
,{"stream_name":"stdout","time":1801.931212149,"data":"[FOCUS-3D DEBUG] D. model/device after synchronization; model_class=MaskFormer; training=False; param_device=cuda:0; param_dtype=torch.float32; runtime_device=cuda:0\n"}
,{"stream_name":"stdout","time":1801.93282626,"data":"\n"}
,{"stream_name":"stdout","time":1801.932846269,"data":"[Step 2] \"Reading image...\"\n"}
,{"stream_name":"stdout","time":1801.932852876,"data":"[FOCUS-3D DEBUG] F. resampling completed; raw_shape=(64, 256, 256); infer_shape=(64, 256, 256)\n"}
,{"stream_name":"stdout","time":1801.965662191,"data":"[FOCUS-3D DEBUG] G. padding completed; padded_shape=(64, 288, 288); patch_size=(32, 96, 96)\n"}
,{"stream_name":"stdout","time":1802.016399075,"data":"\n"}
,{"stream_name":"stdout","time":1802.016443334,"data":"[Step 4] \"Batch inference...\"\n"}
,{"stream_name":"stdout","time":1802.036564457,"data":"[FOCUS-3D DEBUG] H. first DataLoader batch ready; batch_shape=(12, 1, 32, 96, 96); batch_device=cpu; batch_dtype=torch.float32\n"}
,{"stream_name":"stdout","time":1802.038755842,"data":"[FOCUS-3D DEBUG] I. immediately before model(inputs); batch_shape=(12, 1, 32, 96, 96); batch_device=cuda:0; batch_dtype=torch.float32\n"}
,{"stream_name":"stdout","time":1804.077020313,"data":"[FOCUS-3D DEBUG] J. immediately after model(inputs); output_count=12\n"}
,{"stream_name":"stdout","time":1809.503749453,"data":"[FOCUS-3D DEBUG] K. postprocessing completed\n"}
,{"stream_name":"stdout","time":1809.754310891,"data":"\n"}
,{"stream_name":"stdout","time":1809.754341531,"data":"[Step 5] \"Post-processing and save results...\"\n"}
,{"stream_name":"stdout","time":1809.754347251,"data":"[2D filtering] Removed 983 small components, 29433 voxels in total.\n"}
,{"stream_name":"stdout","time":1809.754351766,"data":"[ID filtering] Kept 901 instances. Removed by size: 0. Removed by intensity: 373. \n"}
,{"stream_name":"stdout","time":1809.755382389,"data":"[FOCUS-3D DEBUG] L. inference completed; output_shape=(64, 256, 256)\n"}
,{"stream_name":"stdout","time":1861.36493248,"data":"  [44b6_0b24845f] FOCUS mask local arbitration: checked=405 accepted=115 frames=4\n"}
,{"stream_name":"stdout","time":1861.364966099,"data":"  [44b6_0b24845f] after safe-division repair: 22877 nodes, 21088 edges (geometric_candidates=234, deepcenter_rejected=215, post_veto_candidates=19, added=15, cap_skipped=0, mutual_nn_rejected=58, divergence_rejected=903)\n"}
,{"stream_name":"stdout","time":1861.364978933,"data":"  [44b6_0b24845f] after division-geometry-filter+prune-isolated: 22859 nodes, 21088 edges\n"}
,{"stream_name":"stdout","time":1861.364982613,"data":"  [44b6_0b24845f] after short-track filtering: 20680 nodes, 19408 edges (components_removed=499)\n"}
,{"stream_name":"stdout","time":1865.397638662,"data":"  [44b6_0b24845f] FINAL: 20680 nodes, 19408 edges\n"}
,{"stream_name":"stdout","time":1867.055129792,"data":"  [6bba_05b6850b] after edge-filter+motion-relink: 6305 nodes, 6031 edges\n"}
,{"stream_name":"stdout","time":1868.413848231,"data":"  [6bba_05b6850b] after gap-closing (single-frame + gap2): 6336 nodes, 6087 edges\n"}
,{"stream_name":"stdout","time":1888.059137472,"data":"[FOCUS-3D DEBUG] E. infer_volume entered\n"}
,{"stream_name":"stdout","time":1888.059905416,"data":"\n"}
,{"stream_name":"stdout","time":1888.059946554,"data":"[Step 1] \"Preparing config and segmentation model...\"\n"}
,{"stream_name":"stdout","time":1888.059953914,"data":"[FOCUS-3D DEBUG] before torch.cuda.set_device(cuda:0)\n"}
,{"stream_name":"stdout","time":1888.060585727,"data":"[FOCUS-3D DEBUG] torch.cuda.set_device completed\n"}
,{"stream_name":"stdout","time":1888.088266753,"data":"[FOCUS3D inference] requested device: cuda:0\n"}
,{"stream_name":"stdout","time":1888.088292802,"data":"[FOCUS3D inference] current cuda device: cuda:0\n"}
,{"stream_name":"stdout","time":1888.088299191,"data":"[FOCUS3D inference] GPU name: Tesla T4\n"}
,{"stream_name":"stdout","time":1888.088304543,"data":"[FOCUS-3D DEBUG] D. model/device after synchronization; model_class=MaskFormer; training=False; param_device=cuda:0; param_dtype=torch.float32; runtime_device=cuda:0\n"}
,{"stream_name":"stdout","time":1888.09011474,"data":"\n"}
,{"stream_name":"stdout","time":1888.09013633,"data":"[Step 2] \"Reading image...\"\n"}
,{"stream_name":"stdout","time":1888.09014236,"data":"[FOCUS-3D DEBUG] F. resampling completed; raw_shape=(64, 256, 256); infer_shape=(64, 256, 256)\n"}
,{"stream_name":"stdout","time":1888.121904137,"data":"[FOCUS-3D DEBUG] G. padding completed; padded_shape=(64, 288, 288); patch_size=(32, 96, 96)\n"}
,{"stream_name":"stdout","time":1888.192870121,"data":"\n"}
,{"stream_name":"stdout","time":1888.192905639,"data":"[Step 4] \"Batch inference...\"\n"}
,{"stream_name":"stdout","time":1888.19600237,"data":"[FOCUS-3D DEBUG] H. first DataLoader batch ready; batch_shape=(12, 1, 32, 96, 96); batch_device=cpu; batch_dtype=torch.float32\n"}
,{"stream_name":"stdout","time":1888.196865369,"data":"[FOCUS-3D DEBUG] I. immediately before model(inputs); batch_shape=(12, 1, 32, 96, 96); batch_device=cuda:0; batch_dtype=torch.float32\n"}
,{"stream_name":"stdout","time":1890.271954536,"data":"[FOCUS-3D DEBUG] J. immediately after model(inputs); output_count=12\n"}
,{"stream_name":"stdout","time":1891.884870742,"data":"[FOCUS-3D DEBUG] K. postprocessing completed\n"}
,{"stream_name":"stdout","time":1892.037776543,"data":"\n"}
,{"stream_name":"stdout","time":1892.037804337,"data":"[Step 5] \"Post-processing and save results...\"\n"}
,{"stream_name":"stdout","time":1892.03780883,"data":"[2D filtering] Removed 208 small components, 5642 voxels in total.\n"}
,{"stream_name":"stdout","time":1892.03781298,"data":"[ID filtering] Kept 126 instances. Removed by size: 0. Removed by intensity: 0. \n"}
,{"stream_name":"stdout","time":1892.057399636,"data":"[FOCUS-3D DEBUG] L. inference completed; output_shape=(64, 256, 256)\n"}
,{"stream_name":"stdout","time":1892.098033929,"data":"[FOCUS-3D DEBUG] E. infer_volume entered\n"}
,{"stream_name":"stdout","time":1892.098911811,"data":"\n"}
,{"stream_name":"stdout","time":1892.098971677,"data":"[Step 1] \"Preparing config and segmentation model...\"\n"}
,{"stream_name":"stdout","time":1892.098976747,"data":"[FOCUS-3D DEBUG] before torch.cuda.set_device(cuda:0)\n"}
,{"stream_name":"stdout","time":1892.09978643,"data":"[FOCUS-3D DEBUG] torch.cuda.set_device completed\n"}
,{"stream_name":"stdout","time":1892.120411048,"data":"[FOCUS3D inference] requested device: cuda:0\n"}
,{"stream_name":"stdout","time":1892.120432118,"data":"[FOCUS3D inference] current cuda device: cuda:0\n"}
,{"stream_name":"stdout","time":1892.120436978,"data":"[FOCUS3D inference] GPU name: Tesla T4\n"}
,{"stream_name":"stdout","time":1892.120441066,"data":"[FOCUS-3D DEBUG] D. model/device after synchronization; model_class=MaskFormer; training=False; param_device=cuda:0; param_dtype=torch.float32; runtime_device=cuda:0\n"}
,{"stream_name":"stdout","time":1892.12197817,"data":"\n"}
,{"stream_name":"stdout","time":1892.121995243,"data":"[Step 2] \"Reading image...\"\n"}
,{"stream_name":"stdout","time":1892.122000364,"data":"[FOCUS-3D DEBUG] F. resampling completed; raw_shape=(64, 256, 256); infer_shape=(64, 256, 256)\n"}
,{"stream_name":"stdout","time":1892.154461122,"data":"[FOCUS-3D DEBUG] G. padding completed; padded_shape=(64, 288, 288); patch_size=(32, 96, 96)\n"}
,{"stream_name":"stdout","time":1892.228558433,"data":"\n"}
,{"stream_name":"stdout","time":1892.228639336,"data":"[Step 4] \"Batch inference...\"\n"}
,{"stream_name":"stdout","time":1892.231003312,"data":"[FOCUS-3D DEBUG] H. first DataLoader batch ready; batch_shape=(12, 1, 32, 96, 96); batch_device=cpu; batch_dtype=torch.float32\n"}
,{"stream_name":"stdout","time":1892.231634152,"data":"[FOCUS-3D DEBUG] I. immediately before model(inputs); batch_shape=(12, 1, 32, 96, 96); batch_device=cuda:0; batch_dtype=torch.float32\n"}
,{"stream_name":"stdout","time":1894.223742991,"data":"[FOCUS-3D DEBUG] J. immediately after model(inputs); output_count=12\n"}
,{"stream_name":"stdout","time":1895.835832836,"data":"[FOCUS-3D DEBUG] K. postprocessing completed\n"}
,{"stream_name":"stdout","time":1896.033487797,"data":"\n"}
,{"stream_name":"stdout","time":1896.033515337,"data":"[Step 5] \"Post-processing and save results...\"\n"}
,{"stream_name":"stdout","time":1896.0335204,"data":"[2D filtering] Removed 174 small components, 4675 voxels in total.\n"}
,{"stream_name":"stdout","time":1896.033525023,"data":"[ID filtering] Kept 108 instances. Removed by size: 0. Removed by intensity: 0. \n"}
,{"stream_name":"stdout","time":1896.04539433,"data":"[FOCUS-3D DEBUG] L. inference completed; output_shape=(64, 256, 256)\n"}
,{"stream_name":"stdout","time":1896.080106633,"data":"[FOCUS-3D DEBUG] E. infer_volume entered\n"}
,{"stream_name":"stdout","time":1896.080894763,"data":"\n"}
,{"stream_name":"stdout","time":1896.080910375,"data":"[Step 1] \"Preparing config and segmentation model...\"\n"}
,{"stream_name":"stdout","time":1896.08092963,"data":"[FOCUS-3D DEBUG] before torch.cuda.set_device(cuda:0)\n"}
,{"stream_name":"stdout","time":1896.081593555,"data":"[FOCUS-3D DEBUG] torch.cuda.set_device completed\n"}
,{"stream_name":"stdout","time":1896.101566971,"data":"[FOCUS3D inference] requested device: cuda:0\n"}
,{"stream_name":"stdout","time":1896.101586168,"data":"[FOCUS3D inference] current cuda device: cuda:0\n"}
,{"stream_name":"stdout","time":1896.10159129,"data":"[FOCUS3D inference] GPU name: Tesla T4\n"}
,{"stream_name":"stdout","time":1896.101595429,"data":"[FOCUS-3D DEBUG] D. model/device after synchronization; model_class=MaskFormer; training=False; param_device=cuda:0; param_dtype=torch.float32; runtime_device=cuda:0\n"}
,{"stream_name":"stdout","time":1896.102866624,"data":"\n"}
,{"stream_name":"stdout","time":1896.102882979,"data":"[Step 2] \"Reading image...\"\n"}
,{"stream_name":"stdout","time":1896.102887287,"data":"[FOCUS-3D DEBUG] F. resampling completed; raw_shape=(64, 256, 256); infer_shape=(64, 256, 256)\n"}
,{"stream_name":"stdout","time":1896.134081275,"data":"[FOCUS-3D DEBUG] G. padding completed; padded_shape=(64, 288, 288); patch_size=(32, 96, 96)\n"}
,{"stream_name":"stdout","time":1896.204300419,"data":"\n"}
,{"stream_name":"stdout","time":1896.204366374,"data":"[Step 4] \"Batch inference...\"\n"}
,{"stream_name":"stdout","time":1896.207242135,"data":"[FOCUS-3D DEBUG] H. first DataLoader batch ready; batch_shape=(12, 1, 32, 96, 96); batch_device=cpu; batch_dtype=torch.float32\n"}
,{"stream_name":"stdout","time":1896.209230561,"data":"[FOCUS-3D DEBUG] I. immediately before model(inputs); batch_shape=(12, 1, 32, 96, 96); batch_device=cuda:0; batch_dtype=torch.float32\n"}
,{"stream_name":"stdout","time":1898.234031655,"data":"[FOCUS-3D DEBUG] J. immediately after model(inputs); output_count=12\n"}
,{"stream_name":"stdout","time":1899.859450049,"data":"[FOCUS-3D DEBUG] K. postprocessing completed\n"}
,{"stream_name":"stdout","time":1900.057216955,"data":"\n"}
,{"stream_name":"stdout","time":1900.057243168,"data":"[Step 5] \"Post-processing and save results...\"\n"}
,{"stream_name":"stdout","time":1900.057248596,"data":"[2D filtering] Removed 166 small components, 4826 voxels in total.\n"}
,{"stream_name":"stdout","time":1900.057253411,"data":"[ID filtering] Kept 110 instances. Removed by size: 0. Removed by intensity: 0. \n"}
,{"stream_name":"stdout","time":1900.070073809,"data":"[FOCUS-3D DEBUG] L. inference completed; output_shape=(64, 256, 256)\n"}
,{"stream_name":"stdout","time":1907.612578895,"data":"  [6bba_05b6850b] FOCUS mask local arbitration: checked=119 accepted=23 frames=3\n"}
,{"stream_name":"stdout","time":1907.612621079,"data":"  [6bba_05b6850b] after safe-division repair: 6336 nodes, 6096 edges (geometric_candidates=22, deepcenter_rejected=13, post_veto_candidates=9, added=9, cap_skipped=0, mutual_nn_rejected=5, divergence_rejected=83)\n"}
,{"stream_name":"stdout","time":1907.612630642,"data":"  [6bba_05b6850b] after division-geometry-filter+prune-isolated: 6335 nodes, 6096 edges\n"}
,{"stream_name":"stdout","time":1907.612636176,"data":"  [6bba_05b6850b] after short-track filtering: 6146 nodes, 5952 edges (components_removed=45)\n"}
,{"stream_name":"stdout","time":1908.819777827,"data":"  [6bba_05b6850b] FINAL: 6146 nodes, 5952 edges\n"}
,{"stream_name":"stdout","time":2057.732881751,"data":"  [6bba_05db0fb1] after edge-filter+motion-relink: 70687 nodes, 67974 edges\n"}
,{"stream_name":"stdout","time":2074.019701084,"data":"  [6bba_05db0fb1] after gap-closing (single-frame + gap2): 71114 nodes, 68772 edges\n"}
,{"stream_name":"stdout","time":4090.462477384,"data":"[FOCUS-3D DEBUG] E. infer_volume entered\n"}
,{"stream_name":"stdout","time":4090.464303841,"data":"\n"}
,{"stream_name":"stdout","time":4090.464322738,"data":"[Step 1] \"Preparing config and segmentation model...\"\n"}
,{"stream_name":"stdout","time":4090.46432924,"data":"[FOCUS-3D DEBUG] before torch.cuda.set_device(cuda:0)\n"}
,{"stream_name":"stdout","time":4090.465211994,"data":"[FOCUS-3D DEBUG] torch.cuda.set_device completed\n"}
,{"stream_name":"stdout","time":4090.46624547,"data":"[FOCUS3D inference] requested device: cuda:0\n"}
,{"stream_name":"stdout","time":4090.466261324,"data":"[FOCUS3D inference] current cuda device: cuda:0\n"}
,{"stream_name":"stdout","time":4090.46626728,"data":"[FOCUS3D inference] GPU name: Tesla T4\n"}
,{"stream_name":"stdout","time":4090.466272636,"data":"[FOCUS-3D DEBUG] D. model/device after synchronization; model_class=MaskFormer; training=False; param_device=cuda:0; param_dtype=torch.float32; runtime_device=cuda:0\n"}
,{"stream_name":"stdout","time":4090.467255711,"data":"\n"}
,{"stream_name":"stdout","time":4090.467268896,"data":"[Step 2] \"Reading image...\"\n"}
,{"stream_name":"stdout","time":4090.467273999,"data":"[FOCUS-3D DEBUG] F. resampling completed; raw_shape=(64, 256, 256); infer_shape=(64, 256, 256)\n"}
,{"stream_name":"stdout","time":4090.485949302,"data":"[FOCUS-3D DEBUG] G. padding completed; padded_shape=(64, 288, 288); patch_size=(32, 96, 96)\n"}
,{"stream_name":"stdout","time":4090.547137458,"data":"\n"}
,{"stream_name":"stdout","time":4090.54721553,"data":"[Step 4] \"Batch inference...\"\n"}
,{"stream_name":"stdout","time":4090.55177171,"data":"[FOCUS-3D DEBUG] H. first DataLoader batch ready; batch_shape=(12, 1, 32, 96, 96); batch_device=cpu; batch_dtype=torch.float32\n"}
,{"stream_name":"stdout","time":4090.55361694,"data":"[FOCUS-3D DEBUG] I. immediately before model(inputs); batch_shape=(12, 1, 32, 96, 96); batch_device=cuda:0; batch_dtype=torch.float32\n"}
,{"stream_name":"stdout","time":4092.565417222,"data":"[FOCUS-3D DEBUG] J. immediately after model(inputs); output_count=12\n"}
,{"stream_name":"stdout","time":4096.536843068,"data":"[FOCUS-3D DEBUG] K. postprocessing completed\n"}
,{"stream_name":"stdout","time":4096.735527925,"data":"\n"}
,{"stream_name":"stdout","time":4096.735550463,"data":"[Step 5] \"Post-processing and save results...\"\n"}
,{"stream_name":"stdout","time":4096.735555711,"data":"[2D filtering] Removed 1355 small components, 40992 voxels in total.\n"}
,{"stream_name":"stdout","time":4096.73556051,"data":"[ID filtering] Kept 1042 instances. Removed by size: 0. Removed by intensity: 157. \n"}
,{"stream_name":"stdout","time":4096.782467615,"data":"[FOCUS-3D DEBUG] L. inference completed; output_shape=(64, 256, 256)\n"}
,{"stream_name":"stdout","time":4096.816847661,"data":"[FOCUS-3D DEBUG] E. infer_volume entered\n"}
,{"stream_name":"stdout","time":4096.817682678,"data":"\n"}
,{"stream_name":"stdout","time":4096.817703356,"data":"[Step 1] \"Preparing config and segmentation model...\"\n"}
,{"stream_name":"stdout","time":4096.817709972,"data":"[FOCUS-3D DEBUG] before torch.cuda.set_device(cuda:0)\n"}
,{"stream_name":"stdout","time":4096.818552915,"data":"[FOCUS-3D DEBUG] torch.cuda.set_device completed\n"}
,{"stream_name":"stdout","time":4096.840258164,"data":"[FOCUS3D inference] requested device: cuda:0\n"}
,{"stream_name":"stdout","time":4096.840275403,"data":"[FOCUS3D inference] current cuda device: cuda:0\n"}
,{"stream_name":"stdout","time":4096.840297801,"data":"[FOCUS3D inference] GPU name: Tesla T4\n"}
,{"stream_name":"stdout","time":4096.840307503,"data":"[FOCUS-3D DEBUG] D. model/device after synchronization; model_class=MaskFormer; training=False; param_device=cuda:0; param_dtype=torch.float32; runtime_device=cuda:0\n"}
,{"stream_name":"stdout","time":4096.841597098,"data":"\n"}
,{"stream_name":"stdout","time":4096.841613495,"data":"[Step 2] \"Reading image...\"\n"}
,{"stream_name":"stdout","time":4096.841618433,"data":"[FOCUS-3D DEBUG] F. resampling completed; raw_shape=(64, 256, 256); infer_shape=(64, 256, 256)\n"}
,{"stream_name":"stdout","time":4096.872365466,"data":"[FOCUS-3D DEBUG] G. padding completed; padded_shape=(64, 288, 288); patch_size=(32, 96, 96)\n"}
,{"stream_name":"stdout","time":4096.937055952,"data":"\n"}
,{"stream_name":"stdout","time":4096.937123605,"data":"[Step 4] \"Batch inference...\"\n"}
,{"stream_name":"stdout","time":4096.9393227,"data":"[FOCUS-3D DEBUG] H. first DataLoader batch ready; batch_shape=(12, 1, 32, 96, 96); batch_device=cpu; batch_dtype=torch.float32\n"}
,{"stream_name":"stdout","time":4096.941295302,"data":"[FOCUS-3D DEBUG] I. immediately before model(inputs); batch_shape=(12, 1, 32, 96, 96); batch_device=cuda:0; batch_dtype=torch.float32\n"}
,{"stream_name":"stdout","time":4098.896747198,"data":"[FOCUS-3D DEBUG] J. immediately after model(inputs); output_count=12\n"}
,{"stream_name":"stdout","time":4103.040629251,"data":"[FOCUS-3D DEBUG] K. postprocessing completed\n"}
,{"stream_name":"stdout","time":4103.238452926,"data":"\n"}
,{"stream_name":"stdout","time":4103.238490326,"data":"[Step 5] \"Post-processing and save results...\"\n"}
,{"stream_name":"stdout","time":4103.238497139,"data":"[2D filtering] Removed 1355 small components, 41687 voxels in total.\n"}
,{"stream_name":"stdout","time":4103.238502443,"data":"[ID filtering] Kept 1064 instances. Removed by size: 0. Removed by intensity: 181. \n"}
,{"stream_name":"stdout","time":4103.290297618,"data":"[FOCUS-3D DEBUG] L. inference completed; output_shape=(64, 256, 256)\n"}
,{"stream_name":"stdout","time":4103.309370934,"data":"[FOCUS-3D DEBUG] E. infer_volume entered\n"}
,{"stream_name":"stdout","time":4103.310349184,"data":"\n"}
,{"stream_name":"stdout","time":4103.310376002,"data":"[Step 1] \"Preparing config and segmentation model...\"\n"}
,{"stream_name":"stdout","time":4103.310381744,"data":"[FOCUS-3D DEBUG] before torch.cuda.set_device(cuda:0)\n"}
,{"stream_name":"stdout","time":4103.311013626,"data":"[FOCUS-3D DEBUG] torch.cuda.set_device completed\n"}
,{"stream_name":"stdout","time":4103.333178905,"data":"[FOCUS3D inference] requested device: cuda:0\n"}
,{"stream_name":"stdout","time":4103.333198383,"data":"[FOCUS3D inference] current cuda device: cuda:0\n"}
,{"stream_name":"stdout","time":4103.333204143,"data":"[FOCUS3D inference] GPU name: Tesla T4\n"}
,{"stream_name":"stdout","time":4103.333209031,"data":"[FOCUS-3D DEBUG] D. model/device after synchronization; model_class=MaskFormer; training=False; param_device=cuda:0; param_dtype=torch.float32; runtime_device=cuda:0\n"}
,{"stream_name":"stdout","time":4103.334559193,"data":"\n"}
,{"stream_name":"stdout","time":4103.334575748,"data":"[Step 2] \"Reading image...\"\n"}
,{"stream_name":"stdout","time":4103.334581202,"data":"[FOCUS-3D DEBUG] F. resampling completed; raw_shape=(64, 256, 256); infer_shape=(64, 256, 256)\n"}
,{"stream_name":"stdout","time":4103.365403433,"data":"[FOCUS-3D DEBUG] G. padding completed; padded_shape=(64, 288, 288); patch_size=(32, 96, 96)\n"}
,{"stream_name":"stdout","time":4103.428503749,"data":"\n"}
,{"stream_name":"stdout","time":4103.4285399,"data":"[Step 4] \"Batch inference...\"\n"}
,{"stream_name":"stdout","time":4103.430951272,"data":"[FOCUS-3D DEBUG] H. first DataLoader batch ready; batch_shape=(12, 1, 32, 96, 96); batch_device=cpu; batch_dtype=torch.float32\n"}
,{"stream_name":"stdout","time":4103.431574545,"data":"[FOCUS-3D DEBUG] I. immediately before model(inputs); batch_shape=(12, 1, 32, 96, 96); batch_device=cuda:0; batch_dtype=torch.float32\n"}
,{"stream_name":"stdout","time":4105.432052306,"data":"[FOCUS-3D DEBUG] J. immediately after model(inputs); output_count=12\n"}
,{"stream_name":"stdout","time":4109.352971767,"data":"[FOCUS-3D DEBUG] K. postprocessing completed\n"}
,{"stream_name":"stdout","time":4109.552465201,"data":"\n"}
,{"stream_name":"stdout","time":4109.552491734,"data":"[Step 5] \"Post-processing and save results...\"\n"}
,{"stream_name":"stdout","time":4109.552497149,"data":"[2D filtering] Removed 1048 small components, 31076 voxels in total.\n"}
,{"stream_name":"stdout","time":4109.552501573,"data":"[ID filtering] Kept 974 instances. Removed by size: 0. Removed by intensity: 119. \n"}
,{"stream_name":"stdout","time":4109.594001558,"data":"[FOCUS-3D DEBUG] L. inference completed; output_shape=(64, 256, 256)\n"}
,{"stream_name":"stdout","time":4109.619682383,"data":"[FOCUS-3D DEBUG] E. infer_volume entered\n"}
,{"stream_name":"stdout","time":4109.620461691,"data":"\n"}
,{"stream_name":"stdout","time":4109.620480602,"data":"[Step 1] \"Preparing config and segmentation model...\"\n"}
,{"stream_name":"stdout","time":4109.620486183,"data":"[FOCUS-3D DEBUG] before torch.cuda.set_device(cuda:0)\n"}
,{"stream_name":"stdout","time":4109.621397414,"data":"[FOCUS-3D DEBUG] torch.cuda.set_device completed\n"}
,{"stream_name":"stdout","time":4109.642314542,"data":"[FOCUS3D inference] requested device: cuda:0\n"}
,{"stream_name":"stdout","time":4109.642332183,"data":"[FOCUS3D inference] current cuda device: cuda:0\n"}
,{"stream_name":"stdout","time":4109.642337969,"data":"[FOCUS3D inference] GPU name: Tesla T4\n"}
,{"stream_name":"stdout","time":4109.642342548,"data":"[FOCUS-3D DEBUG] D. model/device after synchronization; model_class=MaskFormer; training=False; param_device=cuda:0; param_dtype=torch.float32; runtime_device=cuda:0\n"}
,{"stream_name":"stdout","time":4109.643862376,"data":"\n"}
,{"stream_name":"stdout","time":4109.643877932,"data":"[Step 2] \"Reading image...\"\n"}
,{"stream_name":"stdout","time":4109.643883381,"data":"[FOCUS-3D DEBUG] F. resampling completed; raw_shape=(64, 256, 256); infer_shape=(64, 256, 256)\n"}
,{"stream_name":"stdout","time":4109.67466286,"data":"[FOCUS-3D DEBUG] G. padding completed; padded_shape=(64, 288, 288); patch_size=(32, 96, 96)\n"}
,{"stream_name":"stdout","time":4109.736704598,"data":"\n"}
,{"stream_name":"stdout","time":4109.736750338,"data":"[Step 4] \"Batch inference...\"\n"}
,{"stream_name":"stdout","time":4109.739869726,"data":"[FOCUS-3D DEBUG] H. first DataLoader batch ready; batch_shape=(12, 1, 32, 96, 96); batch_device=cpu; batch_dtype=torch.float32\n"}
,{"stream_name":"stdout","time":4109.740753443,"data":"[FOCUS-3D DEBUG] I. immediately before model(inputs); batch_shape=(12, 1, 32, 96, 96); batch_device=cuda:0; batch_dtype=torch.float32\n"}
,{"stream_name":"stdout","time":4111.72897073,"data":"[FOCUS-3D DEBUG] J. immediately after model(inputs); output_count=12\n"}
,{"stream_name":"stdout","time":4115.565205523,"data":"[FOCUS-3D DEBUG] K. postprocessing completed\n"}
,{"stream_name":"stdout","time":4115.762627141,"data":"\n"}
,{"stream_name":"stdout","time":4115.762660057,"data":"[Step 5] \"Post-processing and save results...\"\n"}
,{"stream_name":"stdout","time":4115.762666515,"data":"[2D filtering] Removed 988 small components, 30994 voxels in total.\n"}
,{"stream_name":"stdout","time":4115.762671408,"data":"[ID filtering] Kept 958 instances. Removed by size: 0. Removed by intensity: 111. \n"}
,{"stream_name":"stdout","time":4115.812426245,"data":"[FOCUS-3D DEBUG] L. inference completed; output_shape=(64, 256, 256)\n"}
,{"stream_name":"stdout","time":4259.858305041,"data":"  [6bba_05db0fb1] FOCUS mask local arbitration: checked=2724 accepted=539 frames=4\n"}
,{"stream_name":"stdout","time":4259.858342209,"data":"  [6bba_05db0fb1] after safe-division repair: 71114 nodes, 68800 edges (geometric_candidates=305, deepcenter_rejected=271, post_veto_candidates=34, added=28, cap_skipped=0, mutual_nn_rejected=272, divergence_rejected=2649)\n"}
,{"stream_name":"stdout","time":4259.858350241,"data":"  [6bba_05db0fb1] after division-geometry-filter+prune-isolated: 71088 nodes, 68800 edges\n"}
,{"stream_name":"stdout","time":4260.035260437,"data":"  [6bba_05db0fb1] after short-track filtering: 70203 nodes, 68126 edges (components_removed=211)\n"}
,{"stream_name":"stdout","time":4273.777869741,"data":"  [6bba_05db0fb1] FINAL: 70203 nodes, 68126 edges\n"}
,{"stream_name":"stdout","time":4274.160741592,"data":"Wrote /kaggle/working/submission.csv with 240,988 rows\n"}
,{"stream_name":"stdout","time":4274.160773985,"data":"Node rows: 122,620 | edge rows: 118,368\n"}
,{"stream_name":"stdout","time":4274.160778238,"data":"Wrote /kaggle/working/run_stats.csv\n"}
,{"stream_name":"stdout","time":4274.957042874,"data":"{\n"}
,{"stream_name":"stdout","time":4274.957077566,"data":"  \"configuration\": {\n"}
,{"stream_name":"stdout","time":4274.95708453,"data":"    \"bidirectional_primary_weight\": 0.3,\n"}
,{"stream_name":"stdout","time":4274.957089354,"data":"    \"deepcenter_gap_confirm_min_span_um\": 8.5,\n"}
,{"stream_name":"stdout","time":4274.957093996,"data":"    \"deepcenter_gap_threshold\": 0.25,\n"}
,{"stream_name":"stdout","time":4274.95709849,"data":"    \"detector_threshold\": 0.96875,\n"}
,{"stream_name":"stdout","time":4274.957103147,"data":"    \"edge_candidate_threshold\": 0.48,\n"}
,{"stream_name":"stdout","time":4274.957109414,"data":"    \"fallback_scope\": \"individual_frame\",\n"}
,{"stream_name":"stdout","time":4274.95711792,"data":"    \"gap_close_um\": 5.8,\n"}
,{"stream_name":"stdout","time":4274.957121286,"data":"    \"ilp_appearance_weight\": 0.0,\n"}
,{"stream_name":"stdout","time":4274.957124455,"data":"    \"ilp_disappearance_weight\": 1.5,\n"}
,{"stream_name":"stdout","time":4274.957127599,"data":"    \"minimum_candidate_retention\": 0.9,\n"}
,{"stream_name":"stdout","time":4274.957130706,"data":"    \"secondary_detection_weight\": 0.475,\n"}
,{"stream_name":"stdout","time":4274.95713391,"data":"    \"secondary_edge_weight\": 0.15,\n"}
,{"stream_name":"stdout","time":4274.957136949,"data":"    \"secondary_link_mode\": \"low_margin_consensus\",\n"}
,{"stream_name":"stdout","time":4274.957143753,"data":"    \"secondary_low_margin_max\": 0.35\n"}
,{"stream_name":"stdout","time":4274.957170824,"data":"  },\n"}
,{"stream_name":"stdout","time":4274.957176106,"data":"  \"diagnostics\": {\n"}
,{"stream_name":"stdout","time":4274.957181174,"data":"    \"by_movie\": {\n"}
,{"stream_name":"stdout","time":4274.957186202,"data":"      \"44b6_0113de3b\": {\n"}
,{"stream_name":"stdout","time":4274.957190789,"data":"        \"fallback_frames\": 0,\n"}
,{"stream_name":"stdout","time":4274.957195314,"data":"        \"frames\": 100,\n"}
,{"stream_name":"stdout","time":4274.957199743,"data":"        \"median_retention\": 1.0118578927634045,\n"}
,{"stream_name":"stdout","time":4274.957204298,"data":"        \"minimum_retention\": 0.9926739926739927\n"}
,{"stream_name":"stdout","time":4274.957208853,"data":"      },\n"}
,{"stream_name":"stdout","time":4274.957227889,"data":"      \"44b6_0b24845f\": {\n"}
,{"stream_name":"stdout","time":4274.957232569,"data":"        \"fallback_frames\": 64,\n"}
,{"stream_name":"stdout","time":4274.957236755,"data":"        \"frames\": 100,\n"}
,{"stream_name":"stdout","time":4274.957240292,"data":"        \"median_retention\": 0.8618514846811123,\n"}
,{"stream_name":"stdout","time":4274.957243805,"data":"        \"minimum_retention\": 0.45307443365695793\n"}
,{"stream_name":"stdout","time":4274.957247247,"data":"      },\n"}
,{"stream_name":"stdout","time":4274.957250565,"data":"      \"6bba_05b6850b\": {\n"}
,{"stream_name":"stdout","time":4274.957254639,"data":"        \"fallback_frames\": 1,\n"}
,{"stream_name":"stdout","time":4274.957259151,"data":"        \"frames\": 100,\n"}
,{"stream_name":"stdout","time":4274.957263184,"data":"        \"median_retention\": 1.0137012012012012,\n"}
,{"stream_name":"stdout","time":4274.957266744,"data":"        \"minimum_retention\": 0.8918918918918919\n"}
,{"stream_name":"stdout","time":4274.957270266,"data":"      },\n"}
,{"stream_name":"stdout","time":4274.957273702,"data":"      \"6bba_05db0fb1\": {\n"}
,{"stream_name":"stdout","time":4274.957277101,"data":"        \"fallback_frames\": 0,\n"}
,{"stream_name":"stdout","time":4274.957280493,"data":"        \"frames\": 100,\n"}
,{"stream_name":"stdout","time":4274.957283855,"data":"        \"median_retention\": 1.0110725229826354,\n"}
,{"stream_name":"stdout","time":4274.957287442,"data":"        \"minimum_retention\": 0.9715142428785607\n"}
,{"stream_name":"stdout","time":4274.957290885,"data":"      }\n"}
,{"stream_name":"stdout","time":4274.957294275,"data":"    },\n"}
,{"stream_name":"stdout","time":4274.957297579,"data":"    \"fallback_frames\": 65,\n"}
,{"stream_name":"stdout","time":4274.9573014,"data":"    \"rows\": 400\n"}
,{"stream_name":"stdout","time":4274.957305871,"data":"  },\n"}
,{"stream_name":"stdout","time":4274.957308929,"data":"  \"experiment\": \"harmonic_bidirectional_association_v1\",\n"}
,{"stream_name":"stdout","time":4274.957312404,"data":"  \"hardware\": {\n"}
,{"stream_name":"stdout","time":4274.95731576,"data":"    \"visible_gpu_count\": 2\n"}
,{"stream_name":"stdout","time":4274.9573191,"data":"  },\n"}
,{"stream_name":"stdout","time":4274.957322136,"data":"  \"leaderboard_feedback_used_for_configuration\": true,\n"}
,{"stream_name":"stdout","time":4274.957325769,"data":"  \"method_attribution\": \"fixed-90 dual-seed baseline with harmonic mutual-support association fusion (rule from public CC0 notebook yusuketogashi/no-hack-biohub-cell-another-approch-3rd v18)\",\n"}
,{"stream_name":"stdout","time":4274.957329683,"data":"  \"metric_hack_used\": false,\n"}
,{"stream_name":"stdout","time":4274.95733307,"data":"  \"organizer_labels_used_for_configuration\": false,\n"}
,{"stream_name":"stdout","time":4274.957336393,"data":"  \"parent_experiment\": \"paired_bidirectional_primary_weight020_vs_forward_v1\",\n"}
,{"stream_name":"stdout","time":4274.957339929,"data":"  \"public_output_used\": false,\n"}
,{"stream_name":"stdout","time":4274.957343405,"data":"  \"quality_promotion\": {\n"}
,{"stream_name":"stdout","time":4274.957347258,"data":"    \"execute_push_submit\": \"FORBIDDEN_UNTIL_REQUIRED_CONDITION\",\n"}
,{"stream_name":"stdout","time":4274.957352658,"data":"    \"required_condition\": \"promote=true\",\n"}
,{"stream_name":"stdout","time":4274.95735653,"data":"    \"required_receipt\": \"bidirectional_blend_union13_receipt.json\",\n"}
,{"stream_name":"stdout","time":4274.95736008,"data":"    \"status\": \"candidate_unverified\",\n"}
,{"stream_name":"stdout","time":4274.957363329,"data":"    \"validated_receipt_sha256\": null\n"}
,{"stream_name":"stdout","time":4274.957372146,"data":"  },\n"}
,{"stream_name":"stdout","time":4274.957375484,"data":"  \"source_kernel\": \"raykkretzschmar/biohub-bidirectional-primary-union13-diagnostic-v1\",\n"}
,{"stream_name":"stdout","time":4274.957379569,"data":"  \"source_notebook_sha256\": \"3e65ca691941949196bf417030ea84fccafe16baaec174b2a63540451bb937e8\",\n"}
,{"stream_name":"stdout","time":4274.957383202,"data":"  \"status\": \"clean_graph_audit_pass_candidate_unverified_quality\",\n"}
,{"stream_name":"stdout","time":4274.957386722,"data":"  \"submission\": {\n"}
,{"stream_name":"stdout","time":4274.957390092,"data":"    \"datasets\": [\n"}
,{"stream_name":"stdout","time":4274.957393382,"data":"      \"44b6_0113de3b\",\n"}
,{"stream_name":"stdout","time":4274.957396826,"data":"      \"44b6_0b24845f\",\n"}
,{"stream_name":"stdout","time":4274.957400112,"data":"      \"6bba_05b6850b\",\n"}
,{"stream_name":"stdout","time":4274.95740339,"data":"      \"6bba_05db0fb1\"\n"}
,{"stream_name":"stdout","time":4274.957407041,"data":"    ],\n"}
,{"stream_name":"stdout","time":4274.957410414,"data":"    \"rows\": 240988,\n"}
,{"stream_name":"stdout","time":4274.957413825,"data":"    \"sha256\": \"77531ca2fefc9a65a7ea5b3bc8762bb095585d4a5c3626ee90eabdd4662f498f\"\n"}
,{"stream_name":"stdout","time":4274.957417277,"data":"  },\n"}
,{"stream_name":"stdout","time":4274.957420294,"data":"  \"topology\": {\n"}
,{"stream_name":"stdout","time":4274.957423773,"data":"    \"44b6_0113de3b\": {\n"}
,{"stream_name":"stdout","time":4274.957427222,"data":"      \"division_parents\": 214,\n"}
,{"stream_name":"stdout","time":4274.957430724,"data":"      \"edges\": 24882,\n"}
,{"stream_name":"stdout","time":4274.957434246,"data":"      \"max_indegree\": 1,\n"}
,{"stream_name":"stdout","time":4274.957437774,"data":"      \"max_outdegree\": 2,\n"}
,{"stream_name":"stdout","time":4274.957441185,"data":"      \"nodes\": 25591\n"}
,{"stream_name":"stdout","time":4274.957444672,"data":"    },\n"}
,{"stream_name":"stdout","time":4274.957447985,"data":"    \"44b6_0b24845f\": {\n"}
,{"stream_name":"stdout","time":4274.957451269,"data":"      \"division_parents\": 98,\n"}
,{"stream_name":"stdout","time":4274.957454727,"data":"      \"edges\": 19408,\n"}
,{"stream_name":"stdout","time":4274.95745827,"data":"      \"max_indegree\": 1,\n"}
,{"stream_name":"stdout","time":4274.957461835,"data":"      \"max_outdegree\": 2,\n"}
,{"stream_name":"stdout","time":4274.957465493,"data":"      \"nodes\": 20680\n"}
,{"stream_name":"stdout","time":4274.95746882,"data":"    },\n"}
,{"stream_name":"stdout","time":4274.957471868,"data":"    \"6bba_05b6850b\": {\n"}
,{"stream_name":"stdout","time":4274.957475117,"data":"      \"division_parents\": 31,\n"}
,{"stream_name":"stdout","time":4274.957478592,"data":"      \"edges\": 5952,\n"}
,{"stream_name":"stdout","time":4274.957481671,"data":"      \"max_indegree\": 1,\n"}
,{"stream_name":"stdout","time":4274.957485017,"data":"      \"max_outdegree\": 2,\n"}
,{"stream_name":"stdout","time":4274.957488531,"data":"      \"nodes\": 6146\n"}
,{"stream_name":"stdout","time":4274.957491968,"data":"    },\n"}
,{"stream_name":"stdout","time":4274.957495508,"data":"    \"6bba_05db0fb1\": {\n"}
,{"stream_name":"stdout","time":4274.957498945,"data":"      \"division_parents\": 345,\n"}
,{"stream_name":"stdout","time":4274.9575022,"data":"      \"edges\": 68126,\n"}
,{"stream_name":"stdout","time":4274.957505288,"data":"      \"max_indegree\": 1,\n"}
,{"stream_name":"stdout","time":4274.957508749,"data":"      \"max_outdegree\": 2,\n"}
,{"stream_name":"stdout","time":4274.957517218,"data":"      \"nodes\": 70203\n"}
,{"stream_name":"stdout","time":4274.957521339,"data":"    }\n"}
,{"stream_name":"stdout","time":4274.957524377,"data":"  }\n"}
,{"stream_name":"stdout","time":4274.957527696,"data":"}\n"}
,{"stream_name":"stdout","time":4275.060523184,"data":"VALIDATOR: disabled (BIOHUB_VALIDATOR_ENABLE=0).\n"}
,{"stream_name":"stdout","time":4275.270227828,"data":"Post-process base configuration (public 0.939):\n"}
,{"stream_name":"stdout","time":4275.27025827,"data":"  SAFE_DIV_MAX_UM                          9.0\n"}
,{"stream_name":"stdout","time":4275.270263387,"data":"  SAFE_DIV_SISTER_MAX_UM                   14.0\n"}
,{"stream_name":"stdout","time":4275.270267009,"data":"  SAFE_DIV_DIVERGE_UM                      2.25\n"}
,{"stream_name":"stdout","time":4275.270270741,"data":"  SAFE_DIV_SISTER_SYMMETRY_TAU             0.6\n"}
,{"stream_name":"stdout","time":4275.270274127,"data":"  SAFE_DIV_EXISTING_CHILD_MAX_UM           10.0\n"}
,{"stream_name":"stdout","time":4275.270277498,"data":"  SAFE_DIV_FRAME_FRAC_CAP                  0.0076\n"}
,{"stream_name":"stdout","time":4275.270281056,"data":"  SAFE_DIV_GLOBAL_FRAC_CAP                 0.00375\n"}
,{"stream_name":"stdout","time":4275.270290336,"data":"  DEEPCENTER_SAFE_DIV_THRESHOLD            0.25\n"}
,{"stream_name":"stdout","time":4275.27029302,"data":"  DEEPCENTER_GAP_THRESHOLD                 0.25\n"}
,{"stream_name":"stdout","time":4275.27029529,"data":"  GAP_CLOSE_UM                             5.0\n"}
,{"stream_name":"stdout","time":4275.270297674,"data":"  OUTPUT_MIN_TRACK_LEN                     6\n"}
,{"stream_name":"stdout","time":4275.270300077,"data":"  SHORT_TRACK_RESCUE_MIN_MEAN_EDGE_PROB    0.88\n"}
,{"stream_name":"stdout","time":4275.270302417,"data":"  MOTION_RELINK_TIGHT_UM                   6.0\n"}
,{"stream_name":"stdout","time":4275.270304657,"data":"  MOTION_RELINK_RELAXED_UM                 10.0\n"}
,{"stream_name":"stdout","time":4275.270306975,"data":"  GAP2_MAX_STEP_UM                         4.4\n"}
,{"stream_name":"stdout","time":4275.27030928,"data":"  GAP2_MAX_TOTAL_UM                        10.2\n"}
,{"stream_name":"stdout","time":4275.270311523,"data":"  MOTION_RELINK_LEARNED_BONUS              1.0\n"}
,{"stream_name":"stdout","time":4275.270313773,"data":"  MOTION_RELINK_VELOCITY_WEIGHT            0.5\n"}
,{"stream_name":"stdout","time":4275.270315994,"data":"  GAP_CLOSE_REUSE_UM                       3.2\n"}
,{"stream_name":"stdout","time":4275.270318288,"data":"  OUTPUT_EDGE_MAX_UM                       14.0\n"}
,{"stream_name":"stdout","time":4275.270321102,"data":"VALIDATOR: disabled or no held-out samples available -- skipping scoring.\n"}
,{"stream_name":"stdout","time":4275.470637877,"data":"SWEEP: validator unavailable -- keeping the base configuration.\n"}
,{"stream_name":"stdout","time":4275.470677242,"data":"Keeping the base submission.csv (public 0.939 configuration).\n"}
,{"stream_name":"stdout","time":4275.728430483,"data":"  44b6_0113de3b: nodes=25591 edges=24882 divisions=214\n"}
,{"stream_name":"stdout","time":4275.728466819,"data":"  44b6_0b24845f: nodes=20680 edges=19408 divisions=98\n"}
,{"stream_name":"stdout","time":4275.728470219,"data":"  6bba_05b6850b: nodes=6146 edges=5952 divisions=31\n"}
,{"stream_name":"stdout","time":4275.728472643,"data":"  6bba_05db0fb1: nodes=70203 edges=68126 divisions=345\n"}
,{"stream_name":"stdout","time":4275.728475098,"data":"Final submission.csv rows=240988  config=base\n"}
,{"stream_name":"stdout","time":4275.815116003,"data":"==============================================================================\n"}
,{"stream_name":"stdout","time":4275.815142501,"data":"PIPELINE MANIFEST -- resolved state, not just config\n"}
,{"stream_name":"stdout","time":4275.815173923,"data":"==============================================================================\n"}
,{"stream_name":"stdout","time":4275.81517876,"data":"Dual-seed ensemble:      requested=True  weights_found=True\n"}
,{"stream_name":"stdout","time":4275.815182734,"data":"Bidirectional fusion:    weight=0.15  active=True  mode=harmonic_probability\n"}
,{"stream_name":"stdout","time":4275.81518697,"data":"DeepCenter veto:         requested=True  loaded=True\n"}
,{"stream_name":"stdout","time":4275.815191318,"data":"  - checkpoint file:     /kaggle/input/datasets/pilkwang/biohub-deepcenter-unet3d-center-prior-v1/weights/full_frame_center/best.pt\n"}
,{"stream_name":"stdout","time":4275.815195356,"data":"  - expected epoch:      2\n"}
,{"stream_name":"stdout","time":4275.815198737,"data":"  - gap veto:            True\n"}
,{"stream_name":"stdout","time":4275.815202078,"data":"  - safe-div veto:       True\n"}
,{"stream_name":"stdout","time":4275.815205473,"data":"Safe-div thresholds:     parent\u003c=9.0um  sister\u003c=14.0um  global_cap=0.00375  frame_cap=0.0076\n"}
,{"stream_name":"stdout","time":4275.815209793,"data":"Validator:               enabled=False  held_out_samples=0  match_radius=7.0um\n"}
,{"stream_name":"stdout","time":4275.81521322,"data":"==============================================================================\n"}
,{"stream_name":"stdout","time":4275.815216698,"data":"FOCUS3D mask provider: enabled=True loaded_calls=15 error=None\n"}
,{"stream_name":"stdout","time":4275.815220209,"data":"FOCUS contribution uses instance_map voxel geometry for local occupied-daughter rewiring; no new nodes.\n"}
,{"stream_name":"stderr","time":4281.460300571,"data":"/usr/local/lib/python3.12/dist-packages/mistune.py:435: SyntaxWarning: invalid escape sequence '\\|'\n"}
,{"stream_name":"stderr","time":4281.460334203,"data":"  cells[i][c] = re.sub('\\\\\\\\\\|', '|', cell)\n"}
,{"stream_name":"stderr","time":4281.587495759,"data":"/usr/local/lib/python3.12/dist-packages/nbconvert/filters/filter_links.py:36: SyntaxWarning: invalid escape sequence '\\_'\n"}
,{"stream_name":"stderr","time":4281.587534297,"data":"  text = re.sub(r'_', '\\_', text) # Escape underscores in display text\n"}
,{"stream_name":"stderr","time":4282.273081454,"data":"[NbConvertApp] Converting notebook __notebook__.ipynb to notebook\n"}
,{"stream_name":"stderr","time":4282.730565513,"data":"[NbConvertApp] Writing 588517 bytes to __notebook__.ipynb\n"}
,{"stream_name":"stderr","time":4285.236777315,"data":"[NbConvertApp] Converting notebook __notebook__.ipynb to html\n"}
,{"stream_name":"stderr","time":4286.814428901,"data":"[NbConvertApp] Writing 1485660 bytes to __results__.html\n"}
]