video,event_id,candidate_id,label,arm,score
44b6_2a2eff9f,44b6_2a2eff9f:13,union|44b6_2a2eff9f:13|0,0,geometry_1_05_focus0,-19.242240143840885
44b6_2a2eff9f,44b6_2a2eff9f:13,union|44b6_2a2eff9f:13|1,0,geometry_1_05_focus0,-17.962797105206374
44b6_2a2eff9f,44b6_2a2eff9f:13,union|44b6_2a2eff9f:13|2,0,geometry_1_05_focus0,-20.886427191927226
44b6_2a2eff9f,44b6_2a2eff9f:13,union|44b6_2a2eff9f:13|3,0,geometry_1_05_focus0,-17.210725513182272
44b6_2a2eff9f,44b6_2a2eff9f:13,union|44b6_2a2eff9f:13|4,0,geometry_1_05_focus0,-20.627922341997973
44b6_2a2eff9f,44b6_2a2eff9f:13,union|44b6_2a2eff9f:13|5,0,geometry_1_05_focus0,-16.303339861809448
44b6_2a2eff9f,44b6_2a2eff9f:13,union|44b6_2a2eff9f:13|6,0,geometry_1_05_focus0,-18.240579760522962
44b6_2a2eff9f,44b6_2a2eff9f:13,union|44b6_2a2eff9f:13|7,0,geometry_1_05_focus0,-21.274133512443093
44b6_2a2eff9f,44b6_2a2eff9f:13,union|44b6_2a2eff9f:13|8,0,geometry_1_05_focus0,-23.38478116233508
44b6_2a2eff9f,44b6_2a2eff9f:13,union|44b6_2a2eff9f:13|9,0,geometry_1_05_focus0,-18.202298834637595
44b6_2a2eff9f,44b6_2a2eff9f:13,union|44b6_2a2eff9f:13|10,0,geometry_1_05_focus0,-17.14190150307779
44b6_2a2eff9f,44b6_2a2eff9f:13,union|44b6_2a2eff9f:13|11,0,geometry_1_05_focus0,-16.138801281632734
44b6_2a2eff9f,44b6_2a2eff9f:13,union|44b6_2a2eff9f:13|12,0,geometry_1_05_focus0,-21.77568188194121
44b6_2a2eff9f,44b6_2a2eff9f:13,union|44b6_2a2eff9f:13|13,0,geometry_1_05_focus0,-19.03748358502247
44b6_2a2eff9f,44b6_2a2eff9f:13,union|44b6_2a2eff9f:13|14,0,geometry_1_05_focus0,-21.32909142492803
44b6_2a2eff9f,44b6_2a2eff9f:13,union|44b6_2a2eff9f:13|15,0,geometry_1_05_focus0,-17.721049786046468
44b6_2a2eff9f,44b6_2a2eff9f:13,union|44b6_2a2eff9f:13|16,0,geometry_1_05_focus0,-16.115472303723646
44b6_2a2eff9f,44b6_2a2eff9f:13,union|44b6_2a2eff9f:13|17,0,geometry_1_05_focus0,-19.257870236787102
44b6_2a2eff9f,44b6_2a2eff9f:13,union|44b6_2a2eff9f:13|18,0,geometry_1_05_focus0,-19.89589517487647
44b6_2a2eff9f,44b6_2a2eff9f:13,union|44b6_2a2eff9f:13|19,0,geometry_1_05_focus0,-16.363000616498745
44b6_2a2eff9f,44b6_2a2eff9f:13,union|44b6_2a2eff9f:13|20,0,geometry_1_05_focus0,-20.3702425971407
44b6_2a2eff9f,44b6_2a2eff9f:13,union|44b6_2a2eff9f:13|21,0,geometry_1_05_focus0,-14.420444471305313
44b6_2a2eff9f,44b6_2a2eff9f:13,union|44b6_2a2eff9f:13|22,0,geometry_1_05_focus0,-20.424915217969705
44b6_2a2eff9f,44b6_2a2eff9f:13,union|44b6_2a2eff9f:13|23,0,geometry_1_05_focus0,-16.886405778098407
44b6_2a2eff9f,44b6_2a2eff9f:13,union|44b6_2a2eff9f:13|24,0,geometry_1_05_focus0,-20.09900157207303
44b6_2a2eff9f,44b6_2a2eff9f:13,union|44b6_2a2eff9f:13|25,0,geometry_1_05_focus0,-19.83936226502314
44b6_2a2eff9f,44b6_2a2eff9f:13,union|44b6_2a2eff9f:13|26,0,geometry_1_05_focus0,-23.315738630787465
44b6_2a2eff9f,44b6_2a2eff9f:13,union|44b6_2a2eff9f:13|27,0,geometry_1_05_focus0,-21.991930517746184
44b6_2a2eff9f,44b6_2a2eff9f:13,union|44b6_2a2eff9f:13|28,0,geometry_1_05_focus0,-21.614389279472135
44b6_2a2eff9f,44b6_2a2eff9f:13,union|44b6_2a2eff9f:13|29,0,geometry_1_05_focus0,-18.722792760429734
44b6_2a2eff9f,44b6_2a2eff9f:13,union|44b6_2a2eff9f:13|30,0,geometry_1_05_focus0,-18.0713376310016
44b6_2a2eff9f,44b6_2a2eff9f:13,union|44b6_2a2eff9f:13|31,0,geometry_1_05_focus0,-18.097023250088938
44b6_2a2eff9f,44b6_2a2eff9f:13,union|44b6_2a2eff9f:13|32,0,geometry_1_05_focus0,-22.55612148385847
44b6_2a2eff9f,44b6_2a2eff9f:13,union|44b6_2a2eff9f:13|33,0,geometry_1_05_focus0,-20.01923696882765
44b6_2a2eff9f,44b6_2a2eff9f:13,union|44b6_2a2eff9f:13|34,1,geometry_1_05_focus0,-18.402721435972452
44b6_2a2eff9f,44b6_2a2eff9f:13,union|44b6_2a2eff9f:13|35,0,geometry_1_05_focus0,-23.756740797717747
44b6_2a2eff9f,44b6_2a2eff9f:13,union|44b6_2a2eff9f:13|36,0,geometry_1_05_focus0,-18.342940118095942
44b6_2a2eff9f,44b6_2a2eff9f:13,union|44b6_2a2eff9f:13|37,0,geometry_1_05_focus0,-17.560763777241874
44b6_2a2eff9f,44b6_2a2eff9f:13,union|44b6_2a2eff9f:13|38,0,geometry_1_05_focus0,-21.22578120376672
44b6_2a2eff9f,44b6_2a2eff9f:13,union|44b6_2a2eff9f:13|39,0,geometry_1_05_focus0,-20.247395665862808
44b6_2a2eff9f,44b6_2a2eff9f:13,union|44b6_2a2eff9f:13|40,0,geometry_1_05_focus0,-17.61516229480149
44b6_2a2eff9f,44b6_2a2eff9f:13,union|44b6_2a2eff9f:13|41,0,geometry_1_05_focus0,-23.63606091145765
44b6_2a2eff9f,44b6_2a2eff9f:13,union|44b6_2a2eff9f:13|42,0,geometry_1_05_focus0,-15.025759132236882
44b6_2a2eff9f,44b6_2a2eff9f:13,union|44b6_2a2eff9f:13|43,0,geometry_1_05_focus0,-19.65968238444216
44b6_2a2eff9f,44b6_2a2eff9f:13,union|44b6_2a2eff9f:13|44,0,geometry_1_05_focus0,-20.672748108972964
44b6_2a2eff9f,44b6_2a2eff9f:13,union|44b6_2a2eff9f:13|45,0,geometry_1_05_focus0,-21.9375
44b6_2a2eff9f,44b6_2a2eff9f:13,union|44b6_2a2eff9f:13|46,0,geometry_1_05_focus0,-21.29343428809647
44b6_2a2eff9f,44b6_2a2eff9f:13,union|44b6_2a2eff9f:13|47,0,geometry_1_05_focus0,-24.41517736724535
44b6_2a2eff9f,44b6_2a2eff9f:13,union|44b6_2a2eff9f:13|48,0,geometry_1_05_focus0,-17.89269799547505
44b6_2a2eff9f,44b6_2a2eff9f:13,union|44b6_2a2eff9f:13|49,0,geometry_1_05_focus0,-20.696042815191756
44b6_2a2eff9f,44b6_2a2eff9f:13,union|44b6_2a2eff9f:13|50,0,geometry_1_05_focus0,-14.71015330437588
44b6_2a2eff9f,44b6_2a2eff9f:13,union|44b6_2a2eff9f:13|51,0,geometry_1_05_focus0,-20.56399755535594
44b6_2a2eff9f,44b6_2a2eff9f:13,union|44b6_2a2eff9f:13|52,0,geometry_1_05_focus0,-19.015874086407408
44b6_2a2eff9f,44b6_2a2eff9f:13,union|44b6_2a2eff9f:13|53,0,geometry_1_05_focus0,-22.793133757065107
44b6_706092f0,44b6_706092f0:50,union|44b6_706092f0:50|0,0,geometry_1_05_focus0,-22.504091425224004
44b6_706092f0,44b6_706092f0:50,union|44b6_706092f0:50|1,0,geometry_1_05_focus0,-23.6324393049046
44b6_706092f0,44b6_706092f0:50,union|44b6_706092f0:50|2,0,geometry_1_05_focus0,-19.210484000385463
44b6_706092f0,44b6_706092f0:50,union|44b6_706092f0:50|3,0,geometry_1_05_focus0,-18.240579760522962
44b6_706092f0,44b6_706092f0:50,union|44b6_706092f0:50|4,0,geometry_1_05_focus0,-21.244412665608202
44b6_706092f0,44b6_706092f0:50,union|44b6_706092f0:50|5,0,geometry_1_05_focus0,-16.967201330783745
44b6_706092f0,44b6_706092f0:50,union|44b6_706092f0:50|6,0,geometry_1_05_focus0,-19.52502618480871
44b6_706092f0,44b6_706092f0:50,union|44b6_706092f0:50|7,0,geometry_1_05_focus0,-20.277761655416974
44b6_706092f0,44b6_706092f0:50,union|44b6_706092f0:50|8,0,geometry_1_05_focus0,-18.402721435972452
44b6_706092f0,44b6_706092f0:50,union|44b6_706092f0:50|9,0,geometry_1_05_focus0,-16.079443762171504
44b6_706092f0,44b6_706092f0:50,union|44b6_706092f0:50|10,0,geometry_1_05_focus0,-19.27373541910498
44b6_706092f0,44b6_706092f0:50,union|44b6_706092f0:50|11,0,geometry_1_05_focus0,-19.651753261477715
44b6_706092f0,44b6_706092f0:50,union|44b6_706092f0:50|12,0,geometry_1_05_focus0,-20.6359838685754
44b6_706092f0,44b6_706092f0:50,union|44b6_706092f0:50|13,0,geometry_1_05_focus0,-17.476615246781925
44b6_706092f0,44b6_706092f0:50,union|44b6_706092f0:50|14,0,geometry_1_05_focus0,-24.74635217180602
44b6_706092f0,44b6_706092f0:50,union|44b6_706092f0:50|15,0,geometry_1_05_focus0,-21.001755934620785
44b6_706092f0,44b6_706092f0:50,union|44b6_706092f0:50|16,0,geometry_1_05_focus0,-15.607615328742572
44b6_706092f0,44b6_706092f0:50,union|44b6_706092f0:50|17,0,geometry_1_05_focus0,-17.407231794573196
44b6_706092f0,44b6_706092f0:50,union|44b6_706092f0:50|18,0,geometry_1_05_focus0,-19.19289419290379
44b6_706092f0,44b6_706092f0:50,union|44b6_706092f0:50|19,0,geometry_1_05_focus0,-22.751090552981807
44b6_706092f0,44b6_706092f0:50,union|44b6_706092f0:50|20,1,geometry_1_05_focus0,-9.955363256256973
44b6_706092f0,44b6_706092f0:50,union|44b6_706092f0:50|21,0,geometry_1_05_focus0,-15.444466323314803
44b6_706092f0,44b6_706092f0:50,union|44b6_706092f0:50|22,0,geometry_1_05_focus0,-19.924921360025294
44b6_706092f0,44b6_706092f0:50,union|44b6_706092f0:50|23,0,geometry_1_05_focus0,-20.41964024217402
44b6_706092f0,44b6_706092f0:50,union|44b6_706092f0:50|24,0,geometry_1_05_focus0,-18.928782782206103
44b6_706092f0,44b6_706092f0:50,union|44b6_706092f0:50|25,0,geometry_1_05_focus0,-18.61273783858855
44b6_996155de,44b6_996155de:60,union|44b6_996155de:60|0,1,geometry_1_05_focus0,-8.658694077712559
44b6_996155de,44b6_996155de:60,union|44b6_996155de:60|1,0,geometry_1_05_focus0,-12.113755462244285
44b6_996155de,44b6_996155de:60,union|44b6_996155de:60|2,0,geometry_1_05_focus0,-12.388584532748652
44b6_996155de,44b6_996155de:60,union|44b6_996155de:60|3,0,geometry_1_05_focus0,-10.408502101851665
44b6_996155de,44b6_996155de:60,union|44b6_996155de:60|4,0,geometry_1_05_focus0,-14.87355156483692
44b6_996155de,44b6_996155de:60,union|44b6_996155de:60|5,0,geometry_1_05_focus0,-13.449331533049945
44b6_c50204e0,44b6_c50204e0:43,union|44b6_c50204e0:43|0,0,geometry_1_05_focus0,-18.792722547957474
44b6_c50204e0,44b6_c50204e0:43,union|44b6_c50204e0:43|1,0,geometry_1_05_focus0,-19.044259743100937
44b6_c50204e0,44b6_c50204e0:43,union|44b6_c50204e0:43|2,0,geometry_1_05_focus0,-23.025099379097917
44b6_c50204e0,44b6_c50204e0:43,union|44b6_c50204e0:43|3,0,geometry_1_05_focus0,-22.111418307857036
44b6_c50204e0,44b6_c50204e0:43,union|44b6_c50204e0:43|4,0,geometry_1_05_focus0,-25.6727859743867
44b6_c50204e0,44b6_c50204e0:43,union|44b6_c50204e0:43|5,0,geometry_1_05_focus0,-25.14769419313757
44b6_c50204e0,44b6_c50204e0:43,union|44b6_c50204e0:43|6,0,geometry_1_05_focus0,-21.971149022573073
44b6_c50204e0,44b6_c50204e0:43,union|44b6_c50204e0:43|7,0,geometry_1_05_focus0,-23.73265255469451
44b6_c50204e0,44b6_c50204e0:43,union|44b6_c50204e0:43|8,0,geometry_1_05_focus0,-23.147283685261662
44b6_c50204e0,44b6_c50204e0:43,union|44b6_c50204e0:43|9,0,geometry_1_05_focus0,-23.187607505520127
44b6_c50204e0,44b6_c50204e0:43,union|44b6_c50204e0:43|10,0,geometry_1_05_focus0,-22.204396316383594
44b6_c50204e0,44b6_c50204e0:43,union|44b6_c50204e0:43|11,0,geometry_1_05_focus0,-22.032958777545417
44b6_c50204e0,44b6_c50204e0:43,union|44b6_c50204e0:43|12,0,geometry_1_05_focus0,-18.722792760429734
44b6_c50204e0,44b6_c50204e0:43,union|44b6_c50204e0:43|13,0,geometry_1_05_focus0,-20.15310606500478
44b6_c50204e0,44b6_c50204e0:43,union|44b6_c50204e0:43|14,0,geometry_1_05_focus0,-19.794361840286488
44b6_c50204e0,44b6_c50204e0:43,union|44b6_c50204e0:43|15,0,geometry_1_05_focus0,-23.067459536603067
44b6_c50204e0,44b6_c50204e0:43,union|44b6_c50204e0:43|16,0,geometry_1_05_focus0,-21.88920001526055
44b6_c50204e0,44b6_c50204e0:43,union|44b6_c50204e0:43|17,0,geometry_1_05_focus0,-16.624815195080625
44b6_c50204e0,44b6_c50204e0:43,union|44b6_c50204e0:43|18,0,geometry_1_05_focus0,-22.382130055180518
44b6_c50204e0,44b6_c50204e0:43,union|44b6_c50204e0:43|19,0,geometry_1_05_focus0,-21.761485854442522
44b6_c50204e0,44b6_c50204e0:43,union|44b6_c50204e0:43|20,0,geometry_1_05_focus0,-18.284272438477554
44b6_c50204e0,44b6_c50204e0:43,union|44b6_c50204e0:43|21,0,geometry_1_05_focus0,-19.928547344589727
44b6_c50204e0,44b6_c50204e0:43,union|44b6_c50204e0:43|22,0,geometry_1_05_focus0,-23.233672955976846
44b6_c50204e0,44b6_c50204e0:43,union|44b6_c50204e0:43|23,0,geometry_1_05_focus0,-21.887229323803545
44b6_c50204e0,44b6_c50204e0:43,union|44b6_c50204e0:43|24,0,geometry_1_05_focus0,-23.51132143031562
44b6_c50204e0,44b6_c50204e0:43,union|44b6_c50204e0:43|25,0,geometry_1_05_focus0,-19.347116658273332
44b6_c50204e0,44b6_c50204e0:43,union|44b6_c50204e0:43|26,0,geometry_1_05_focus0,-21.82366882300981
44b6_c50204e0,44b6_c50204e0:43,union|44b6_c50204e0:43|27,0,geometry_1_05_focus0,-16.303339861809448
44b6_c50204e0,44b6_c50204e0:43,union|44b6_c50204e0:43|28,0,geometry_1_05_focus0,-21.464459818249466
44b6_c50204e0,44b6_c50204e0:43,union|44b6_c50204e0:43|29,0,geometry_1_05_focus0,-19.8254961768113
44b6_c50204e0,44b6_c50204e0:43,union|44b6_c50204e0:43|30,0,geometry_1_05_focus0,-23.531909031859293
44b6_c50204e0,44b6_c50204e0:43,union|44b6_c50204e0:43|31,0,geometry_1_05_focus0,-20.446293216603586
44b6_c50204e0,44b6_c50204e0:43,union|44b6_c50204e0:43|32,0,geometry_1_05_focus0,-19.196842912763874
44b6_c50204e0,44b6_c50204e0:43,union|44b6_c50204e0:43|33,0,geometry_1_05_focus0,-21.09788650701531
44b6_c50204e0,44b6_c50204e0:43,union|44b6_c50204e0:43|34,0,geometry_1_05_focus0,-22.50035045032675
44b6_c50204e0,44b6_c50204e0:43,union|44b6_c50204e0:43|35,0,geometry_1_05_focus0,-18.797316807974617
44b6_c50204e0,44b6_c50204e0:43,union|44b6_c50204e0:43|36,0,geometry_1_05_focus0,-21.5184674532578
44b6_c50204e0,44b6_c50204e0:43,union|44b6_c50204e0:43|37,0,geometry_1_05_focus0,-19.523328506652867
44b6_c50204e0,44b6_c50204e0:43,union|44b6_c50204e0:43|38,0,geometry_1_05_focus0,-19.104982857417415
44b6_c50204e0,44b6_c50204e0:43,union|44b6_c50204e0:43|39,0,geometry_1_05_focus0,-22.504091425224004
44b6_c50204e0,44b6_c50204e0:43,union|44b6_c50204e0:43|40,0,geometry_1_05_focus0,-23.373558975588956
44b6_c50204e0,44b6_c50204e0:43,union|44b6_c50204e0:43|41,0,geometry_1_05_focus0,-20.870775527086494
44b6_c50204e0,44b6_c50204e0:43,union|44b6_c50204e0:43|42,0,geometry_1_05_focus0,-21.620214475673087
44b6_c50204e0,44b6_c50204e0:43,union|44b6_c50204e0:43|43,0,geometry_1_05_focus0,-22.157185737988414
44b6_c50204e0,44b6_c50204e0:43,union|44b6_c50204e0:43|44,0,geometry_1_05_focus0,-23.686542459034
44b6_c50204e0,44b6_c50204e0:43,union|44b6_c50204e0:43|45,0,geometry_1_05_focus0,-21.06230209096926
44b6_c50204e0,44b6_c50204e0:43,union|44b6_c50204e0:43|46,0,geometry_1_05_focus0,-23.418300557280183
44b6_c50204e0,44b6_c50204e0:43,union|44b6_c50204e0:43|47,0,geometry_1_05_focus0,-24.20463482726432
44b6_c50204e0,44b6_c50204e0:43,union|44b6_c50204e0:43|48,0,geometry_1_05_focus0,-22.23843675365785
44b6_c50204e0,44b6_c50204e0:43,union|44b6_c50204e0:43|49,0,geometry_1_05_focus0,-23.798299172600046
44b6_c50204e0,44b6_c50204e0:43,union|44b6_c50204e0:43|50,0,geometry_1_05_focus0,-18.68024266040633
44b6_c50204e0,44b6_c50204e0:43,union|44b6_c50204e0:43|51,0,geometry_1_05_focus0,-17.41940003787933
44b6_c50204e0,44b6_c50204e0:43,union|44b6_c50204e0:43|52,0,geometry_1_05_focus0,-25.02068213523718
44b6_c50204e0,44b6_c50204e0:43,union|44b6_c50204e0:43|53,0,geometry_1_05_focus0,-17.89465252312612
44b6_c50204e0,44b6_c50204e0:43,union|44b6_c50204e0:43|54,0,geometry_1_05_focus0,-17.146831319580684
44b6_c50204e0,44b6_c50204e0:43,union|44b6_c50204e0:43|55,0,geometry_1_05_focus0,-15.704672754824587
44b6_c50204e0,44b6_c50204e0:43,union|44b6_c50204e0:43|56,0,geometry_1_05_focus0,-21.154584262835645
44b6_c50204e0,44b6_c50204e0:43,union|44b6_c50204e0:43|57,0,geometry_1_05_focus0,-22.405492872792983
44b6_c50204e0,44b6_c50204e0:43,union|44b6_c50204e0:43|58,0,geometry_1_05_focus0,-22.65390463871971
44b6_c50204e0,44b6_c50204e0:43,union|44b6_c50204e0:43|59,0,geometry_1_05_focus0,-21.36634749708323
44b6_c50204e0,44b6_c50204e0:43,union|44b6_c50204e0:43|60,0,geometry_1_05_focus0,-20.492607951164874
44b6_c50204e0,44b6_c50204e0:43,union|44b6_c50204e0:43|61,0,geometry_1_05_focus0,-22.504091425224004
44b6_c50204e0,44b6_c50204e0:43,union|44b6_c50204e0:43|62,0,geometry_1_05_focus0,-19.735380368625734
44b6_c50204e0,44b6_c50204e0:43,union|44b6_c50204e0:43|63,0,geometry_1_05_focus0,-23.6324393049046
44b6_c50204e0,44b6_c50204e0:43,union|44b6_c50204e0:43|64,0,geometry_1_05_focus0,-22.884618101359166
44b6_c50204e0,44b6_c50204e0:43,union|44b6_c50204e0:43|65,0,geometry_1_05_focus0,-23.960807299022257
44b6_c50204e0,44b6_c50204e0:43,union|44b6_c50204e0:43|66,0,geometry_1_05_focus0,-22.152590934237665
44b6_c50204e0,44b6_c50204e0:43,union|44b6_c50204e0:43|67,0,geometry_1_05_focus0,-22.649250653171904
44b6_c50204e0,44b6_c50204e0:43,union|44b6_c50204e0:43|68,0,geometry_1_05_focus0,-20.561774360371505
44b6_c50204e0,44b6_c50204e0:43,union|44b6_c50204e0:43|69,0,geometry_1_05_focus0,-17.7451699526144
44b6_c50204e0,44b6_c50204e0:43,union|44b6_c50204e0:43|70,0,geometry_1_05_focus0,-25.6727859743867
44b6_c50204e0,44b6_c50204e0:43,union|44b6_c50204e0:43|71,0,geometry_1_05_focus0,-21.725590784637063
44b6_c50204e0,44b6_c50204e0:43,union|44b6_c50204e0:43|72,0,geometry_1_05_focus0,-25.12516664477309
44b6_c50204e0,44b6_c50204e0:43,union|44b6_c50204e0:43|73,0,geometry_1_05_focus0,-24.159524888243805
44b6_c50204e0,44b6_c50204e0:43,union|44b6_c50204e0:43|74,0,geometry_1_05_focus0,-24.692459536603067
44b6_c50204e0,44b6_c50204e0:43,union|44b6_c50204e0:43|75,0,geometry_1_05_focus0,-21.725590784637063
44b6_c50204e0,44b6_c50204e0:43,union|44b6_c50204e0:43|76,0,geometry_1_05_focus0,-24.430085616378506
44b6_c50204e0,44b6_c50204e0:43,union|44b6_c50204e0:43|77,0,geometry_1_05_focus0,-24.882920329683706
44b6_c50204e0,44b6_c50204e0:43,union|44b6_c50204e0:43|78,0,geometry_1_05_focus0,-24.73558682310904
44b6_c50204e0,44b6_c50204e0:43,union|44b6_c50204e0:43|79,0,geometry_1_05_focus0,-22.506025043483355
44b6_c50204e0,44b6_c50204e0:43,union|44b6_c50204e0:43|80,0,geometry_1_05_focus0,-21.880803760084554
44b6_c50204e0,44b6_c50204e0:43,union|44b6_c50204e0:43|81,0,geometry_1_05_focus0,-22.545762158076947
44b6_c50204e0,44b6_c50204e0:43,union|44b6_c50204e0:43|82,0,geometry_1_05_focus0,-23.47943291239953
44b6_c50204e0,44b6_c50204e0:43,union|44b6_c50204e0:43|83,0,geometry_1_05_focus0,-20.272168498094707
44b6_c50204e0,44b6_c50204e0:43,union|44b6_c50204e0:43|84,0,geometry_1_05_focus0,-19.854637334174985
44b6_c50204e0,44b6_c50204e0:43,union|44b6_c50204e0:43|85,0,geometry_1_05_focus0,-9.263490736021819
44b6_c50204e0,44b6_c50204e0:43,union|44b6_c50204e0:43|86,1,geometry_1_05_focus0,-12.184333918865047
44b6_c50204e0,44b6_c50204e0:43,union|44b6_c50204e0:43|87,0,geometry_1_05_focus0,-19.888482254111047
44b6_c50204e0,44b6_c50204e0:43,union|44b6_c50204e0:43|88,0,geometry_1_05_focus0,-15.548755527182934
44b6_c50204e0,44b6_c50204e0:43,union|44b6_c50204e0:43|89,0,geometry_1_05_focus0,-22.358106636391344
44b6_c50204e0,44b6_c50204e0:43,union|44b6_c50204e0:43|90,0,geometry_1_05_focus0,-22.144302501104992
44b6_c50204e0,44b6_c50204e0:43,union|44b6_c50204e0:43|91,0,geometry_1_05_focus0,-23.547125814059733
44b6_c50204e0,44b6_c50204e0:43,union|44b6_c50204e0:43|92,0,geometry_1_05_focus0,-18.258130389399685
44b6_c50204e0,44b6_c50204e0:43,union|44b6_c50204e0:43|93,0,geometry_1_05_focus0,-21.040261303214514
44b6_c50204e0,44b6_c50204e0:43,union|44b6_c50204e0:43|94,0,geometry_1_05_focus0,-24.297856117105965
44b6_c50204e0,44b6_c50204e0:43,union|44b6_c50204e0:43|95,0,geometry_1_05_focus0,-23.70662352802742
44b6_c50204e0,44b6_c50204e0:43,union|44b6_c50204e0:43|96,0,geometry_1_05_focus0,-22.734739724976507
44b6_c50204e0,44b6_c50204e0:43,union|44b6_c50204e0:43|97,0,geometry_1_05_focus0,-25.23357844686644
44b6_c50204e0,44b6_c50204e0:43,union|44b6_c50204e0:43|98,0,geometry_1_05_focus0,-19.559056948114986
44b6_c50204e0,44b6_c50204e0:43,union|44b6_c50204e0:43|99,0,geometry_1_05_focus0,-21.963921171749355
44b6_c50204e0,44b6_c50204e0:43,union|44b6_c50204e0:43|100,0,geometry_1_05_focus0,-25.064827808894584
44b6_c50204e0,44b6_c50204e0:43,union|44b6_c50204e0:43|101,0,geometry_1_05_focus0,-19.08654452905518
44b6_c50204e0,44b6_c50204e0:43,union|44b6_c50204e0:43|102,0,geometry_1_05_focus0,-18.89259246355328
44b6_c50204e0,44b6_c50204e0:43,union|44b6_c50204e0:43|103,0,geometry_1_05_focus0,-18.070279934368735
44b6_c50204e0,44b6_c50204e0:43,union|44b6_c50204e0:43|104,0,geometry_1_05_focus0,-22.801181848316645
44b6_c50204e0,44b6_c50204e0:43,union|44b6_c50204e0:43|105,0,geometry_1_05_focus0,-15.715979495705302
44b6_c50204e0,44b6_c50204e0:43,union|44b6_c50204e0:43|106,0,geometry_1_05_focus0,-10.041605391626797
44b6_c50204e0,44b6_c50204e0:43,union|44b6_c50204e0:43|107,0,geometry_1_05_focus0,-18.634763535308984
44b6_c50204e0,44b6_c50204e0:43,union|44b6_c50204e0:43|108,0,geometry_1_05_focus0,-15.096720673267725
44b6_c50204e0,44b6_c50204e0:43,union|44b6_c50204e0:43|109,0,geometry_1_05_focus0,-23.79625341248986
44b6_c50204e0,44b6_c50204e0:43,union|44b6_c50204e0:43|110,0,geometry_1_05_focus0,-25.23357844686644
44b6_c50204e0,44b6_c50204e0:43,union|44b6_c50204e0:43|111,0,geometry_1_05_focus0,-22.016884797087567
44b6_c50204e0,44b6_c50204e0:43,union|44b6_c50204e0:43|112,0,geometry_1_05_focus0,-21.686830355604695
44b6_c50204e0,44b6_c50204e0:43,union|44b6_c50204e0:43|113,0,geometry_1_05_focus0,-23.310190086439512
44b6_c50204e0,44b6_c50204e0:43,union|44b6_c50204e0:43|114,0,geometry_1_05_focus0,-18.046536063799195
44b6_c50204e0,44b6_c50204e0:43,union|44b6_c50204e0:43|115,0,geometry_1_05_focus0,-20.004559726652897
44b6_c50204e0,44b6_c50204e0:43,union|44b6_c50204e0:43|116,0,geometry_1_05_focus0,-15.148524209228167
44b6_c50204e0,44b6_c50204e0:43,union|44b6_c50204e0:43|117,0,geometry_1_05_focus0,-20.920781602014763
44b6_c50204e0,44b6_c50204e0:43,union|44b6_c50204e0:43|118,0,geometry_1_05_focus0,-25.19989918858959
44b6_c50204e0,44b6_c50204e0:43,union|44b6_c50204e0:43|119,0,geometry_1_05_focus0,-24.500129751913747
44b6_c50204e0,44b6_c50204e0:43,union|44b6_c50204e0:43|120,0,geometry_1_05_focus0,-22.767309792887744
44b6_c50204e0,44b6_c50204e0:43,union|44b6_c50204e0:43|121,0,geometry_1_05_focus0,-20.466332940434377
44b6_c50204e0,44b6_c50204e0:43,union|44b6_c50204e0:43|122,0,geometry_1_05_focus0,-18.23354310442622
44b6_c50204e0,44b6_c50204e0:43,union|44b6_c50204e0:43|123,0,geometry_1_05_focus0,-24.21036920956886
44b6_c50204e0,44b6_c50204e0:43,union|44b6_c50204e0:43|124,0,geometry_1_05_focus0,-24.05309706616775
44b6_c50204e0,44b6_c50204e0:43,union|44b6_c50204e0:43|125,0,geometry_1_05_focus0,-19.140423775979166
44b6_c50204e0,44b6_c50204e0:43,union|44b6_c50204e0:43|126,0,geometry_1_05_focus0,-21.015234964692834
44b6_c50204e0,44b6_c50204e0:43,union|44b6_c50204e0:43|127,0,geometry_1_05_focus0,-18.957708984947647
44b6_c50204e0,44b6_c50204e0:43,union|44b6_c50204e0:43|128,0,geometry_1_05_focus0,-21.657034513464094
44b6_c50204e0,44b6_c50204e0:43,union|44b6_c50204e0:43|129,0,geometry_1_05_focus0,-17.32880187975862
44b6_c50204e0,44b6_c50204e0:43,union|44b6_c50204e0:43|130,0,geometry_1_05_focus0,-23.702010302909123
44b6_c50204e0,44b6_c50204e0:43,union|44b6_c50204e0:43|131,0,geometry_1_05_focus0,-23.92983063900093
44b6_c50204e0,44b6_c50204e0:43,union|44b6_c50204e0:43|132,0,geometry_1_05_focus0,-20.98582585961126
44b6_c50204e0,44b6_c50204e0:43,union|44b6_c50204e0:43|133,0,geometry_1_05_focus0,-23.541103593320848
44b6_c50204e0,44b6_c50204e0:43,union|44b6_c50204e0:43|134,0,geometry_1_05_focus0,-19.559056948114986
44b6_c50204e0,44b6_c50204e0:43,union|44b6_c50204e0:43|135,0,geometry_1_05_focus0,-19.559056948114986
44b6_c50204e0,44b6_c50204e0:43,union|44b6_c50204e0:43|136,0,geometry_1_05_focus0,-22.280965161617313
44b6_c50204e0,44b6_c50204e0:184,union|44b6_c50204e0:184|0,0,geometry_1_05_focus0,-18.87182473121878
44b6_c50204e0,44b6_c50204e0:184,union|44b6_c50204e0:184|1,0,geometry_1_05_focus0,-21.132629937783047
44b6_c50204e0,44b6_c50204e0:184,union|44b6_c50204e0:184|2,0,geometry_1_05_focus0,-22.506025043483355
44b6_c50204e0,44b6_c50204e0:184,union|44b6_c50204e0:184|3,0,geometry_1_05_focus0,-19.47317269438612
44b6_c50204e0,44b6_c50204e0:184,union|44b6_c50204e0:184|4,0,geometry_1_05_focus0,-23.967212812438884
44b6_c50204e0,44b6_c50204e0:184,union|44b6_c50204e0:184|5,0,geometry_1_05_focus0,-20.780635034747718
44b6_c50204e0,44b6_c50204e0:184,union|44b6_c50204e0:184|6,0,geometry_1_05_focus0,-20.595821157048366
44b6_c50204e0,44b6_c50204e0:184,union|44b6_c50204e0:184|7,0,geometry_1_05_focus0,-24.943848987128856
44b6_c50204e0,44b6_c50204e0:184,union|44b6_c50204e0:184|8,0,geometry_1_05_focus0,-21.72785073722658
44b6_c50204e0,44b6_c50204e0:184,union|44b6_c50204e0:184|9,0,geometry_1_05_focus0,-21.518034988106407
44b6_c50204e0,44b6_c50204e0:184,union|44b6_c50204e0:184|10,0,geometry_1_05_focus0,-23.373558975588956
44b6_c50204e0,44b6_c50204e0:184,union|44b6_c50204e0:184|11,0,geometry_1_05_focus0,-22.77690484389522
44b6_c50204e0,44b6_c50204e0:184,union|44b6_c50204e0:184|12,0,geometry_1_05_focus0,-24.30457516605663
44b6_c50204e0,44b6_c50204e0:184,union|44b6_c50204e0:184|13,0,geometry_1_05_focus0,-18.703240518617676
44b6_c50204e0,44b6_c50204e0:184,union|44b6_c50204e0:184|14,0,geometry_1_05_focus0,-23.395277552522693
44b6_c50204e0,44b6_c50204e0:184,union|44b6_c50204e0:184|15,0,geometry_1_05_focus0,-20.757130055180518
44b6_c50204e0,44b6_c50204e0:184,union|44b6_c50204e0:184|16,0,geometry_1_05_focus0,-22.94710982348205
44b6_c50204e0,44b6_c50204e0:184,union|44b6_c50204e0:184|17,0,geometry_1_05_focus0,-18.516775613464937
44b6_c50204e0,44b6_c50204e0:184,union|44b6_c50204e0:184|18,0,geometry_1_05_focus0,-18.792972807332138
44b6_c50204e0,44b6_c50204e0:184,union|44b6_c50204e0:184|19,0,geometry_1_05_focus0,-22.10608646092908
44b6_c50204e0,44b6_c50204e0:184,union|44b6_c50204e0:184|20,0,geometry_1_05_focus0,-22.01163309825101
44b6_c50204e0,44b6_c50204e0:184,union|44b6_c50204e0:184|21,0,geometry_1_05_focus0,-20.520045750336255
44b6_c50204e0,44b6_c50204e0:184,union|44b6_c50204e0:184|22,0,geometry_1_05_focus0,-24.98745649296415
44b6_c50204e0,44b6_c50204e0:184,union|44b6_c50204e0:184|23,0,geometry_1_05_focus0,-24.08069096663817
44b6_c50204e0,44b6_c50204e0:184,union|44b6_c50204e0:184|24,0,geometry_1_05_focus0,-24.297856117105965
44b6_c50204e0,44b6_c50204e0:184,union|44b6_c50204e0:184|25,0,geometry_1_05_focus0,-24.979471431128925
44b6_c50204e0,44b6_c50204e0:184,union|44b6_c50204e0:184|26,0,geometry_1_05_focus0,-20.727910447565204
44b6_c50204e0,44b6_c50204e0:184,union|44b6_c50204e0:184|27,0,geometry_1_05_focus0,-23.10774903848982
44b6_c50204e0,44b6_c50204e0:184,union|44b6_c50204e0:184|28,0,geometry_1_05_focus0,-18.987364936356563
44b6_c50204e0,44b6_c50204e0:184,union|44b6_c50204e0:184|29,0,geometry_1_05_focus0,-19.724021156084966
44b6_c50204e0,44b6_c50204e0:184,union|44b6_c50204e0:184|30,0,geometry_1_05_focus0,-18.04127855894427
44b6_c50204e0,44b6_c50204e0:184,union|44b6_c50204e0:184|31,0,geometry_1_05_focus0,-18.785593382712705
44b6_c50204e0,44b6_c50204e0:184,union|44b6_c50204e0:184|32,0,geometry_1_05_focus0,-23.582981488956825
44b6_c50204e0,44b6_c50204e0:184,union|44b6_c50204e0:184|33,0,geometry_1_05_focus0,-19.89386784398469
44b6_c50204e0,44b6_c50204e0:184,union|44b6_c50204e0:184|34,0,geometry_1_05_focus0,-22.46152759743409
44b6_c50204e0,44b6_c50204e0:184,union|44b6_c50204e0:184|35,0,geometry_1_05_focus0,-24.96081744445332
44b6_c50204e0,44b6_c50204e0:184,union|44b6_c50204e0:184|36,0,geometry_1_05_focus0,-23.9599143006243
44b6_c50204e0,44b6_c50204e0:184,union|44b6_c50204e0:184|37,0,geometry_1_05_focus0,-16.20562497587763
44b6_c50204e0,44b6_c50204e0:184,union|44b6_c50204e0:184|38,0,geometry_1_05_focus0,-22.374496519842367
44b6_c50204e0,44b6_c50204e0:184,union|44b6_c50204e0:184|39,0,geometry_1_05_focus0,-18.81956784955298
44b6_c50204e0,44b6_c50204e0:184,union|44b6_c50204e0:184|40,0,geometry_1_05_focus0,-21.07546193673268
44b6_c50204e0,44b6_c50204e0:184,union|44b6_c50204e0:184|41,0,geometry_1_05_focus0,-22.07552466744979
44b6_c50204e0,44b6_c50204e0:184,union|44b6_c50204e0:184|42,0,geometry_1_05_focus0,-19.00598427397222
44b6_c50204e0,44b6_c50204e0:184,union|44b6_c50204e0:184|43,0,geometry_1_05_focus0,-19.70765833838238
44b6_c50204e0,44b6_c50204e0:184,union|44b6_c50204e0:184|44,0,geometry_1_05_focus0,-23.20956381968579
44b6_c50204e0,44b6_c50204e0:184,union|44b6_c50204e0:184|45,0,geometry_1_05_focus0,-17.800809818114843
44b6_c50204e0,44b6_c50204e0:184,union|44b6_c50204e0:184|46,0,geometry_1_05_focus0,-20.312927608570668
44b6_c50204e0,44b6_c50204e0:184,union|44b6_c50204e0:184|47,0,geometry_1_05_focus0,-20.61870980402432
44b6_c50204e0,44b6_c50204e0:184,union|44b6_c50204e0:184|48,0,geometry_1_05_focus0,-19.431814823768438
44b6_c50204e0,44b6_c50204e0:184,union|44b6_c50204e0:184|49,0,geometry_1_05_focus0,-20.3702425971407
44b6_c50204e0,44b6_c50204e0:184,union|44b6_c50204e0:184|50,0,geometry_1_05_focus0,-17.194350598886807
44b6_c50204e0,44b6_c50204e0:184,union|44b6_c50204e0:184|51,0,geometry_1_05_focus0,-20.13564311128928
44b6_c50204e0,44b6_c50204e0:184,union|44b6_c50204e0:184|52,0,geometry_1_05_focus0,-19.5
44b6_c50204e0,44b6_c50204e0:184,union|44b6_c50204e0:184|53,0,geometry_1_05_focus0,-19.890601817456385
44b6_c50204e0,44b6_c50204e0:184,union|44b6_c50204e0:184|54,0,geometry_1_05_focus0,-23.14657189138248
44b6_c50204e0,44b6_c50204e0:184,union|44b6_c50204e0:184|55,0,geometry_1_05_focus0,-22.161954990846137
44b6_c50204e0,44b6_c50204e0:184,union|44b6_c50204e0:184|56,0,geometry_1_05_focus0,-23.924487553085925
44b6_c50204e0,44b6_c50204e0:184,union|44b6_c50204e0:184|57,0,geometry_1_05_focus0,-24.16971385113247
44b6_c50204e0,44b6_c50204e0:184,union|44b6_c50204e0:184|58,0,geometry_1_05_focus0,-22.520164705158667
44b6_c50204e0,44b6_c50204e0:184,union|44b6_c50204e0:184|59,0,geometry_1_05_focus0,-21.470388875044634
44b6_c50204e0,44b6_c50204e0:184,union|44b6_c50204e0:184|60,0,geometry_1_05_focus0,-16.333614233103837
44b6_c50204e0,44b6_c50204e0:184,union|44b6_c50204e0:184|61,0,geometry_1_05_focus0,-24.118750573535454
44b6_c50204e0,44b6_c50204e0:184,union|44b6_c50204e0:184|62,0,geometry_1_05_focus0,-18.30370728389933
44b6_c50204e0,44b6_c50204e0:184,union|44b6_c50204e0:184|63,0,geometry_1_05_focus0,-16.87703149658693
44b6_c50204e0,44b6_c50204e0:184,union|44b6_c50204e0:184|64,0,geometry_1_05_focus0,-20.04127231237247
44b6_c50204e0,44b6_c50204e0:184,union|44b6_c50204e0:184|65,0,geometry_1_05_focus0,-16.333614233103837
44b6_c50204e0,44b6_c50204e0:184,union|44b6_c50204e0:184|66,0,geometry_1_05_focus0,-19.505559461377423
44b6_c50204e0,44b6_c50204e0:184,union|44b6_c50204e0:184|67,0,geometry_1_05_focus0,-18.190531835910097
44b6_c50204e0,44b6_c50204e0:184,union|44b6_c50204e0:184|68,0,geometry_1_05_focus0,-23.702010302909123
44b6_c50204e0,44b6_c50204e0:184,union|44b6_c50204e0:184|69,0,geometry_1_05_focus0,-22.20063027878625
44b6_c50204e0,44b6_c50204e0:184,union|44b6_c50204e0:184|70,0,geometry_1_05_focus0,-20.391720851006312
44b6_c50204e0,44b6_c50204e0:184,union|44b6_c50204e0:184|71,0,geometry_1_05_focus0,-15.724773206583684
44b6_c50204e0,44b6_c50204e0:184,union|44b6_c50204e0:184|72,0,geometry_1_05_focus0,-19.85030072960608
44b6_c50204e0,44b6_c50204e0:184,union|44b6_c50204e0:184|73,0,geometry_1_05_focus0,-18.740369961809275
44b6_c50204e0,44b6_c50204e0:184,union|44b6_c50204e0:184|74,0,geometry_1_05_focus0,-16.51860554742081
44b6_c50204e0,44b6_c50204e0:184,union|44b6_c50204e0:184|75,0,geometry_1_05_focus0,-23.029565351640738
44b6_c50204e0,44b6_c50204e0:184,union|44b6_c50204e0:184|76,0,geometry_1_05_focus0,-20.460372465065184
44b6_c50204e0,44b6_c50204e0:184,union|44b6_c50204e0:184|77,0,geometry_1_05_focus0,-20.960786737429917
44b6_c50204e0,44b6_c50204e0:184,union|44b6_c50204e0:184|78,0,geometry_1_05_focus0,-24.82147107683791
44b6_c50204e0,44b6_c50204e0:184,union|44b6_c50204e0:184|79,0,geometry_1_05_focus0,-23.13010206345166
44b6_c50204e0,44b6_c50204e0:184,union|44b6_c50204e0:184|80,0,geometry_1_05_focus0,-22.089729488236205
44b6_c50204e0,44b6_c50204e0:184,union|44b6_c50204e0:184|81,0,geometry_1_05_focus0,-19.925564579643783
44b6_c50204e0,44b6_c50204e0:184,union|44b6_c50204e0:184|82,0,geometry_1_05_focus0,-18.109755218397435
44b6_c50204e0,44b6_c50204e0:184,union|44b6_c50204e0:184|83,0,geometry_1_05_focus0,-20.043544059531126
44b6_c50204e0,44b6_c50204e0:184,union|44b6_c50204e0:184|84,0,geometry_1_05_focus0,-10.115210416011333
44b6_c50204e0,44b6_c50204e0:184,union|44b6_c50204e0:184|85,0,geometry_1_05_focus0,-22.990199489551937
44b6_c50204e0,44b6_c50204e0:184,union|44b6_c50204e0:184|86,0,geometry_1_05_focus0,-16.68235182732397
44b6_c50204e0,44b6_c50204e0:184,union|44b6_c50204e0:184|87,0,geometry_1_05_focus0,-13.984020822628983
44b6_c50204e0,44b6_c50204e0:184,union|44b6_c50204e0:184|88,0,geometry_1_05_focus0,-18.538531233943473
44b6_c50204e0,44b6_c50204e0:184,union|44b6_c50204e0:184|89,0,geometry_1_05_focus0,-20.50154610573905
44b6_c50204e0,44b6_c50204e0:184,union|44b6_c50204e0:184|90,0,geometry_1_05_focus0,-23.500376519812136
44b6_c50204e0,44b6_c50204e0:184,union|44b6_c50204e0:184|91,0,geometry_1_05_focus0,-23.479580645884926
44b6_c50204e0,44b6_c50204e0:184,union|44b6_c50204e0:184|92,0,geometry_1_05_focus0,-23.51355186896236
44b6_c50204e0,44b6_c50204e0:184,union|44b6_c50204e0:184|93,0,geometry_1_05_focus0,-21.822770145675214
44b6_c50204e0,44b6_c50204e0:184,union|44b6_c50204e0:184|94,0,geometry_1_05_focus0,-24.874933190724448
44b6_c50204e0,44b6_c50204e0:184,union|44b6_c50204e0:184|95,0,geometry_1_05_focus0,-16.390385872992205
44b6_c50204e0,44b6_c50204e0:184,union|44b6_c50204e0:184|96,0,geometry_1_05_focus0,-25.14769419313757
44b6_c50204e0,44b6_c50204e0:184,union|44b6_c50204e0:184|97,0,geometry_1_05_focus0,-24.73558682310904
44b6_c50204e0,44b6_c50204e0:184,union|44b6_c50204e0:184|98,0,geometry_1_05_focus0,-22.77690484389522
44b6_c50204e0,44b6_c50204e0:184,union|44b6_c50204e0:184|99,0,geometry_1_05_focus0,-18.070862621912173
44b6_c50204e0,44b6_c50204e0:184,union|44b6_c50204e0:184|100,0,geometry_1_05_focus0,-21.72785073722658
44b6_c50204e0,44b6_c50204e0:184,union|44b6_c50204e0:184|101,0,geometry_1_05_focus0,-21.676047201266137
44b6_c50204e0,44b6_c50204e0:184,union|44b6_c50204e0:184|102,0,geometry_1_05_focus0,-24.26771933959198
44b6_c50204e0,44b6_c50204e0:184,union|44b6_c50204e0:184|103,0,geometry_1_05_focus0,-23.495743281752702
44b6_c50204e0,44b6_c50204e0:184,union|44b6_c50204e0:184|104,0,geometry_1_05_focus0,-24.700426447762
44b6_c50204e0,44b6_c50204e0:184,union|44b6_c50204e0:184|105,0,geometry_1_05_focus0,-19.07180008901914
44b6_c50204e0,44b6_c50204e0:184,union|44b6_c50204e0:184|106,0,geometry_1_05_focus0,-20.978648609286676
44b6_c50204e0,44b6_c50204e0:184,union|44b6_c50204e0:184|107,0,geometry_1_05_focus0,-21.266692783145864
44b6_c50204e0,44b6_c50204e0:184,union|44b6_c50204e0:184|108,0,geometry_1_05_focus0,-20.358348149188153
44b6_c50204e0,44b6_c50204e0:184,union|44b6_c50204e0:184|109,0,geometry_1_05_focus0,-23.773967026490258
44b6_c50204e0,44b6_c50204e0:184,union|44b6_c50204e0:184|110,0,geometry_1_05_focus0,-22.178625111855425
44b6_c50204e0,44b6_c50204e0:184,union|44b6_c50204e0:184|111,0,geometry_1_05_focus0,-19.211614009270743
44b6_c50204e0,44b6_c50204e0:184,union|44b6_c50204e0:184|112,0,geometry_1_05_focus0,-19.075245779729475
44b6_c50204e0,44b6_c50204e0:184,union|44b6_c50204e0:184|113,0,geometry_1_05_focus0,-19.081499188909422
44b6_c50204e0,44b6_c50204e0:184,union|44b6_c50204e0:184|114,0,geometry_1_05_focus0,-22.278760573916315
44b6_c50204e0,44b6_c50204e0:184,union|44b6_c50204e0:184|115,0,geometry_1_05_focus0,-23.37240036458305
44b6_c50204e0,44b6_c50204e0:184,union|44b6_c50204e0:184|116,0,geometry_1_05_focus0,-19.9431557638831
44b6_c50204e0,44b6_c50204e0:184,union|44b6_c50204e0:184|117,0,geometry_1_05_focus0,-22.23843675365785
44b6_c50204e0,44b6_c50204e0:184,union|44b6_c50204e0:184|118,0,geometry_1_05_focus0,-21.519598315800366
44b6_c50204e0,44b6_c50204e0:184,union|44b6_c50204e0:184|119,0,geometry_1_05_focus0,-20.11590164620175
44b6_c50204e0,44b6_c50204e0:184,union|44b6_c50204e0:184|120,0,geometry_1_05_focus0,-21.614389279472135
44b6_c50204e0,44b6_c50204e0:184,union|44b6_c50204e0:184|121,0,geometry_1_05_focus0,-15.150090929190995
44b6_c50204e0,44b6_c50204e0:184,union|44b6_c50204e0:184|122,1,geometry_1_05_focus0,-9.839761064056999
44b6_c50204e0,44b6_c50204e0:184,union|44b6_c50204e0:184|123,0,geometry_1_05_focus0,-16.786456405748563
44b6_c50204e0,44b6_c50204e0:184,union|44b6_c50204e0:184|124,0,geometry_1_05_focus0,-19.492682158240733
44b6_c50204e0,44b6_c50204e0:184,union|44b6_c50204e0:184|125,0,geometry_1_05_focus0,-23.251569836627624
44b6_c50204e0,44b6_c50204e0:184,union|44b6_c50204e0:184|126,0,geometry_1_05_focus0,-21.698745682678325
44b6_c50204e0,44b6_c50204e0:184,union|44b6_c50204e0:184|127,0,geometry_1_05_focus0,-21.597922395138063
44b6_c50204e0,44b6_c50204e0:184,union|44b6_c50204e0:184|128,0,geometry_1_05_focus0,-20.00124489592143
44b6_c50204e0,44b6_c50204e0:184,union|44b6_c50204e0:184|129,0,geometry_1_05_focus0,-21.278011833759017
44b6_c50204e0,44b6_c50204e0:184,union|44b6_c50204e0:184|130,0,geometry_1_05_focus0,-23.695418829143918
44b6_c50204e0,44b6_c50204e0:184,union|44b6_c50204e0:184|131,0,geometry_1_05_focus0,-14.514246742843817
44b6_c50204e0,44b6_c50204e0:184,union|44b6_c50204e0:184|132,0,geometry_1_05_focus0,-17.194350598886807
44b6_c50204e0,44b6_c50204e0:184,union|44b6_c50204e0:184|133,0,geometry_1_05_focus0,-24.327521172125543
44b6_c50204e0,44b6_c50204e0:184,union|44b6_c50204e0:184|134,0,geometry_1_05_focus0,-22.15981502759026
44b6_c50204e0,44b6_c50204e0:184,union|44b6_c50204e0:184|135,0,geometry_1_05_focus0,-21.9375
44b6_c50204e0,44b6_c50204e0:184,union|44b6_c50204e0:184|136,0,geometry_1_05_focus0,-19.81304094352178
44b6_c50204e0,44b6_c50204e0:184,union|44b6_c50204e0:184|137,0,geometry_1_05_focus0,-19.952918800995377
44b6_c50204e0,44b6_c50204e0:184,union|44b6_c50204e0:184|138,0,geometry_1_05_focus0,-22.502479768301534
44b6_c50204e0,44b6_c50204e0:184,union|44b6_c50204e0:184|139,0,geometry_1_05_focus0,-21.338315563908047
44b6_c50204e0,44b6_c50204e0:184,union|44b6_c50204e0:184|140,0,geometry_1_05_focus0,-22.4909013024975
44b6_c50204e0,44b6_c50204e0:184,union|44b6_c50204e0:184|141,0,geometry_1_05_focus0,-14.893075489146902
44b6_c50204e0,44b6_c50204e0:184,union|44b6_c50204e0:184|142,0,geometry_1_05_focus0,-15.087027554648799
44b6_c50204e0,44b6_c50204e0:184,union|44b6_c50204e0:184|143,0,geometry_1_05_focus0,-21.138388139999705
44b6_c50204e0,44b6_c50204e0:184,union|44b6_c50204e0:184|144,0,geometry_1_05_focus0,-20.070056383565873
44b6_c50204e0,44b6_c50204e0:184,union|44b6_c50204e0:184|145,0,geometry_1_05_focus0,-17.971171836975515
44b6_c50204e0,44b6_c50204e0:184,union|44b6_c50204e0:184|146,0,geometry_1_05_focus0,-20.290587533764867
44b6_c50204e0,44b6_c50204e0:184,union|44b6_c50204e0:184|147,0,geometry_1_05_focus0,-21.58379402921267
44b6_c50204e0,44b6_c50204e0:184,union|44b6_c50204e0:184|148,0,geometry_1_05_focus0,-15.388227481241229
44b6_c50204e0,44b6_c50204e0:184,union|44b6_c50204e0:184|149,0,geometry_1_05_focus0,-21.689327671539793
44b6_c50204e0,44b6_c50204e0:184,union|44b6_c50204e0:184|150,0,geometry_1_05_focus0,-20.308326846793804
44b6_c50204e0,44b6_c50204e0:184,union|44b6_c50204e0:184|151,0,geometry_1_05_focus0,-23.984261061515188
44b6_c50204e0,44b6_c50204e0:184,union|44b6_c50204e0:184|152,0,geometry_1_05_focus0,-21.847339884699522
44b6_c50204e0,44b6_c50204e0:184,union|44b6_c50204e0:184|153,0,geometry_1_05_focus0,-23.5037089869847
44b6_c50204e0,44b6_c50204e0:184,union|44b6_c50204e0:184|154,0,geometry_1_05_focus0,-25.454638797206872
44b6_c50204e0,44b6_c50204e0:184,union|44b6_c50204e0:184|155,0,geometry_1_05_focus0,-13.10002332081435
44b6_c50204e0,44b6_c50204e0:184,union|44b6_c50204e0:184|156,0,geometry_1_05_focus0,-16.297300018049835
44b6_c50204e0,44b6_c50204e0:184,union|44b6_c50204e0:184|157,0,geometry_1_05_focus0,-23.82066894496159
44b6_c50204e0,44b6_c50204e0:184,union|44b6_c50204e0:184|158,0,geometry_1_05_focus0,-22.512506362769912
44b6_c50204e0,44b6_c50204e0:184,union|44b6_c50204e0:184|159,0,geometry_1_05_focus0,-19.51081471621915
44b6_c50204e0,44b6_c50204e0:184,union|44b6_c50204e0:184|160,0,geometry_1_05_focus0,-20.099060969882096
44b6_c50204e0,44b6_c50204e0:184,union|44b6_c50204e0:184|161,0,geometry_1_05_focus0,-17.997801238183385
44b6_c50204e0,44b6_c50204e0:184,union|44b6_c50204e0:184|162,0,geometry_1_05_focus0,-23.038271136252405
44b6_c50204e0,44b6_c50204e0:184,union|44b6_c50204e0:184|163,0,geometry_1_05_focus0,-15.034242664075592
44b6_c50204e0,44b6_c50204e0:184,union|44b6_c50204e0:184|164,0,geometry_1_05_focus0,-17.235727791422097
44b6_c50204e0,44b6_c50204e0:184,union|44b6_c50204e0:184|165,0,geometry_1_05_focus0,-21.84091097185805
44b6_c50204e0,44b6_c50204e0:184,union|44b6_c50204e0:184|166,0,geometry_1_05_focus0,-17.042870989463147
44b6_c50204e0,44b6_c50204e0:184,union|44b6_c50204e0:184|167,0,geometry_1_05_focus0,-19.542129174435978
44b6_c50204e0,44b6_c50204e0:184,union|44b6_c50204e0:184|168,0,geometry_1_05_focus0,-16.938216150063333
44b6_c50204e0,44b6_c50204e0:184,union|44b6_c50204e0:184|169,0,geometry_1_05_focus0,-23.495743281752702
44b6_c50204e0,44b6_c50204e0:184,union|44b6_c50204e0:184|170,0,geometry_1_05_focus0,-15.246437850853605
44b6_c50204e0,44b6_c50204e0:184,union|44b6_c50204e0:184|171,0,geometry_1_05_focus0,-22.116150234949547
44b6_c50204e0,44b6_c50204e0:184,union|44b6_c50204e0:184|172,0,geometry_1_05_focus0,-22.570081257643377
44b6_c50204e0,44b6_c50204e0:184,union|44b6_c50204e0:184|173,0,geometry_1_05_focus0,-21.783947292782553
44b6_c50204e0,44b6_c50204e0:184,union|44b6_c50204e0:184|174,0,geometry_1_05_focus0,-16.242408353553614
44b6_c50204e0,44b6_c50204e0:184,union|44b6_c50204e0:184|175,0,geometry_1_05_focus0,-21.245308624632404
44b6_c50204e0,44b6_c50204e0:184,union|44b6_c50204e0:184|176,0,geometry_1_05_focus0,-19.292160550731268
44b6_c50204e0,44b6_c50204e0:184,union|44b6_c50204e0:184|177,0,geometry_1_05_focus0,-24.05309706616775
44b6_c50204e0,44b6_c50204e0:184,union|44b6_c50204e0:184|178,0,geometry_1_05_focus0,-23.459443229317827
44b6_c50204e0,44b6_c50204e0:184,union|44b6_c50204e0:184|179,0,geometry_1_05_focus0,-19.791549999117635
44b6_c50204e0,44b6_c50204e0:184,union|44b6_c50204e0:184|180,0,geometry_1_05_focus0,-23.533474912202905
44b6_c50204e0,44b6_c50204e0:184,union|44b6_c50204e0:184|181,0,geometry_1_05_focus0,-19.74669912197679
44b6_c50204e0,44b6_c50204e0:184,union|44b6_c50204e0:184|182,0,geometry_1_05_focus0,-18.438065029546646
44b6_c50204e0,44b6_c50204e0:184,union|44b6_c50204e0:184|183,0,geometry_1_05_focus0,-23.741954566109484
44b6_c50204e0,44b6_c50204e0:184,union|44b6_c50204e0:184|184,0,geometry_1_05_focus0,-24.594144668522475
44b6_c50204e0,44b6_c50204e0:184,union|44b6_c50204e0:184|185,0,geometry_1_05_focus0,-18.31837033703982
44b6_c50204e0,44b6_c50204e0:184,union|44b6_c50204e0:184|186,0,geometry_1_05_focus0,-19.283225431178728
44b6_c50204e0,44b6_c50204e0:184,union|44b6_c50204e0:184|187,0,geometry_1_05_focus0,-20.295772072807427
44b6_c50204e0,44b6_c50204e0:184,union|44b6_c50204e0:184|188,0,geometry_1_05_focus0,-25.11401493486072
44b6_c50204e0,44b6_c50204e0:184,union|44b6_c50204e0:184|189,0,geometry_1_05_focus0,-18.954989184152797
44b6_c50204e0,44b6_c50204e0:184,union|44b6_c50204e0:184|190,0,geometry_1_05_focus0,-19.647026115966888
44b6_c50204e0,44b6_c50204e0:184,union|44b6_c50204e0:184|191,0,geometry_1_05_focus0,-21.07546193673268
44b6_c50204e0,44b6_c50204e0:184,union|44b6_c50204e0:184|192,0,geometry_1_05_focus0,-15.267047550227943
44b6_c50204e0,44b6_c50204e0:184,union|44b6_c50204e0:184|193,0,geometry_1_05_focus0,-20.53275778250617
44b6_c50204e0,44b6_c50204e0:184,union|44b6_c50204e0:184|194,0,geometry_1_05_focus0,-19.103426409387165
44b6_c50204e0,44b6_c50204e0:184,union|44b6_c50204e0:184|195,0,geometry_1_05_focus0,-21.435053011212542
44b6_d5e7d891,44b6_d5e7d891:87,union|44b6_d5e7d891:87|0,0,geometry_1_05_focus0,-21.613980359232052
44b6_d5e7d891,44b6_d5e7d891:87,union|44b6_d5e7d891:87|1,0,geometry_1_05_focus0,-20.76354591401536
44b6_d5e7d891,44b6_d5e7d891:87,union|44b6_d5e7d891:87|2,0,geometry_1_05_focus0,-20.422416686915216
44b6_d5e7d891,44b6_d5e7d891:87,union|44b6_d5e7d891:87|3,0,geometry_1_05_focus0,-24.39195300944997
44b6_d5e7d891,44b6_d5e7d891:87,union|44b6_d5e7d891:87|4,0,geometry_1_05_focus0,-23.112459961339717
44b6_d5e7d891,44b6_d5e7d891:87,union|44b6_d5e7d891:87|5,0,geometry_1_05_focus0,-19.104982857417415
44b6_d5e7d891,44b6_d5e7d891:87,union|44b6_d5e7d891:87|6,0,geometry_1_05_focus0,-21.88920001526055
44b6_d5e7d891,44b6_d5e7d891:87,union|44b6_d5e7d891:87|7,0,geometry_1_05_focus0,-25.089873837227366
44b6_d5e7d891,44b6_d5e7d891:87,union|44b6_d5e7d891:87|8,0,geometry_1_05_focus0,-23.6324393049046
44b6_d5e7d891,44b6_d5e7d891:87,union|44b6_d5e7d891:87|9,0,geometry_1_05_focus0,-24.692459536603067
44b6_d5e7d891,44b6_d5e7d891:87,union|44b6_d5e7d891:87|10,0,geometry_1_05_focus0,-25.53875513187181
44b6_d5e7d891,44b6_d5e7d891:87,union|44b6_d5e7d891:87|11,0,geometry_1_05_focus0,-25.688827101740536
44b6_d5e7d891,44b6_d5e7d891:87,union|44b6_d5e7d891:87|12,0,geometry_1_05_focus0,-22.8642233036613
44b6_d5e7d891,44b6_d5e7d891:87,union|44b6_d5e7d891:87|13,0,geometry_1_05_focus0,-21.725590784637063
44b6_d5e7d891,44b6_d5e7d891:87,union|44b6_d5e7d891:87|14,0,geometry_1_05_focus0,-22.079351228212918
44b6_d5e7d891,44b6_d5e7d891:87,union|44b6_d5e7d891:87|15,0,geometry_1_05_focus0,-21.008449018133135
44b6_d5e7d891,44b6_d5e7d891:87,union|44b6_d5e7d891:87|16,0,geometry_1_05_focus0,-16.228133608843205
44b6_d5e7d891,44b6_d5e7d891:87,union|44b6_d5e7d891:87|17,0,geometry_1_05_focus0,-17.62472567293888
44b6_d5e7d891,44b6_d5e7d891:87,union|44b6_d5e7d891:87|18,0,geometry_1_05_focus0,-14.840508515095747
44b6_d5e7d891,44b6_d5e7d891:87,union|44b6_d5e7d891:87|19,0,geometry_1_05_focus0,-21.939620222989596
44b6_d5e7d891,44b6_d5e7d891:87,union|44b6_d5e7d891:87|20,0,geometry_1_05_focus0,-20.05033014291367
44b6_d5e7d891,44b6_d5e7d891:87,union|44b6_d5e7d891:87|21,0,geometry_1_05_focus0,-17.62472567293888
44b6_d5e7d891,44b6_d5e7d891:87,union|44b6_d5e7d891:87|22,0,geometry_1_05_focus0,-19.025300221871657
44b6_d5e7d891,44b6_d5e7d891:87,union|44b6_d5e7d891:87|23,0,geometry_1_05_focus0,-24.71084586215207
44b6_d5e7d891,44b6_d5e7d891:87,union|44b6_d5e7d891:87|24,0,geometry_1_05_focus0,-19.656009136442123
44b6_d5e7d891,44b6_d5e7d891:87,union|44b6_d5e7d891:87|25,0,geometry_1_05_focus0,-19.656009136442123
44b6_d5e7d891,44b6_d5e7d891:87,union|44b6_d5e7d891:87|26,0,geometry_1_05_focus0,-21.307960047826988
44b6_d5e7d891,44b6_d5e7d891:87,union|44b6_d5e7d891:87|27,0,geometry_1_05_focus0,-19.818291888518118
44b6_d5e7d891,44b6_d5e7d891:87,union|44b6_d5e7d891:87|28,0,geometry_1_05_focus0,-17.72462664841237
44b6_d5e7d891,44b6_d5e7d891:87,union|44b6_d5e7d891:87|29,0,geometry_1_05_focus0,-24.14774888733391
44b6_d5e7d891,44b6_d5e7d891:87,union|44b6_d5e7d891:87|30,0,geometry_1_05_focus0,-24.838985695195962
44b6_d5e7d891,44b6_d5e7d891:87,union|44b6_d5e7d891:87|31,0,geometry_1_05_focus0,-19.735380368625734
44b6_d5e7d891,44b6_d5e7d891:87,union|44b6_d5e7d891:87|32,0,geometry_1_05_focus0,-21.442459536603067
44b6_d5e7d891,44b6_d5e7d891:87,union|44b6_d5e7d891:87|33,0,geometry_1_05_focus0,-21.442459536603067
44b6_d5e7d891,44b6_d5e7d891:87,union|44b6_d5e7d891:87|34,0,geometry_1_05_focus0,-25.402862482321375
44b6_d5e7d891,44b6_d5e7d891:87,union|44b6_d5e7d891:87|35,0,geometry_1_05_focus0,-23.798299172600046
44b6_d5e7d891,44b6_d5e7d891:87,union|44b6_d5e7d891:87|36,0,geometry_1_05_focus0,-22.69696257967356
44b6_d5e7d891,44b6_d5e7d891:87,union|44b6_d5e7d891:87|37,0,geometry_1_05_focus0,-25.16550178826396
44b6_d5e7d891,44b6_d5e7d891:87,union|44b6_d5e7d891:87|38,0,geometry_1_05_focus0,-20.380615124765185
44b6_d5e7d891,44b6_d5e7d891:87,union|44b6_d5e7d891:87|39,0,geometry_1_05_focus0,-23.451222885831324
44b6_d5e7d891,44b6_d5e7d891:87,union|44b6_d5e7d891:87|40,0,geometry_1_05_focus0,-20.338805717004274
44b6_d5e7d891,44b6_d5e7d891:87,union|44b6_d5e7d891:87|41,0,geometry_1_05_focus0,-25.248045777375612
44b6_d5e7d891,44b6_d5e7d891:87,union|44b6_d5e7d891:87|42,0,geometry_1_05_focus0,-20.067867754153788
44b6_d5e7d891,44b6_d5e7d891:87,union|44b6_d5e7d891:87|43,0,geometry_1_05_focus0,-22.319608619064116
44b6_d5e7d891,44b6_d5e7d891:87,union|44b6_d5e7d891:87|44,0,geometry_1_05_focus0,-20.780635034747718
44b6_d5e7d891,44b6_d5e7d891:87,union|44b6_d5e7d891:87|45,0,geometry_1_05_focus0,-20.13703416336042
44b6_d5e7d891,44b6_d5e7d891:87,union|44b6_d5e7d891:87|46,0,geometry_1_05_focus0,-23.29106100363731
44b6_d5e7d891,44b6_d5e7d891:87,union|44b6_d5e7d891:87|47,0,geometry_1_05_focus0,-23.616126049180256
44b6_d5e7d891,44b6_d5e7d891:87,union|44b6_d5e7d891:87|48,0,geometry_1_05_focus0,-25.16982984157629
44b6_d5e7d891,44b6_d5e7d891:87,union|44b6_d5e7d891:87|49,0,geometry_1_05_focus0,-24.695650372340673
44b6_d5e7d891,44b6_d5e7d891:87,union|44b6_d5e7d891:87|50,0,geometry_1_05_focus0,-25.206334599532603
44b6_d5e7d891,44b6_d5e7d891:87,union|44b6_d5e7d891:87|51,0,geometry_1_05_focus0,-22.13679689781373
44b6_d5e7d891,44b6_d5e7d891:87,union|44b6_d5e7d891:87|52,0,geometry_1_05_focus0,-21.435122833403575
44b6_d5e7d891,44b6_d5e7d891:87,union|44b6_d5e7d891:87|53,0,geometry_1_05_focus0,-16.076122361230777
44b6_d5e7d891,44b6_d5e7d891:87,union|44b6_d5e7d891:87|54,0,geometry_1_05_focus0,-22.13679689781373
44b6_d5e7d891,44b6_d5e7d891:87,union|44b6_d5e7d891:87|55,0,geometry_1_05_focus0,-23.523242458442695
44b6_d5e7d891,44b6_d5e7d891:87,union|44b6_d5e7d891:87|56,0,geometry_1_05_focus0,-18.321817129512198
44b6_d5e7d891,44b6_d5e7d891:87,union|44b6_d5e7d891:87|57,0,geometry_1_05_focus0,-20.656948527146795
44b6_d5e7d891,44b6_d5e7d891:87,union|44b6_d5e7d891:87|58,0,geometry_1_05_focus0,-22.302656765509177
44b6_d5e7d891,44b6_d5e7d891:87,union|44b6_d5e7d891:87|59,0,geometry_1_05_focus0,-22.624516619064135
44b6_d5e7d891,44b6_d5e7d891:87,union|44b6_d5e7d891:87|60,0,geometry_1_05_focus0,-24.04311272478094
44b6_d5e7d891,44b6_d5e7d891:87,union|44b6_d5e7d891:87|61,0,geometry_1_05_focus0,-23.58643030121886
44b6_d5e7d891,44b6_d5e7d891:87,union|44b6_d5e7d891:87|62,0,geometry_1_05_focus0,-20.095599685030688
44b6_d5e7d891,44b6_d5e7d891:87,union|44b6_d5e7d891:87|63,0,geometry_1_05_focus0,-18.239617082902335
44b6_d5e7d891,44b6_d5e7d891:87,union|44b6_d5e7d891:87|64,0,geometry_1_05_focus0,-15.213827946433018
44b6_d5e7d891,44b6_d5e7d891:87,union|44b6_d5e7d891:87|65,0,geometry_1_05_focus0,-21.626845751634907
44b6_d5e7d891,44b6_d5e7d891:87,union|44b6_d5e7d891:87|66,0,geometry_1_05_focus0,-17.40557447932182
44b6_d5e7d891,44b6_d5e7d891:87,union|44b6_d5e7d891:87|67,0,geometry_1_05_focus0,-21.307960047826988
44b6_d5e7d891,44b6_d5e7d891:87,union|44b6_d5e7d891:87|68,0,geometry_1_05_focus0,-20.40401411989576
44b6_d5e7d891,44b6_d5e7d891:87,union|44b6_d5e7d891:87|69,0,geometry_1_05_focus0,-16.693023637195587
44b6_d5e7d891,44b6_d5e7d891:87,union|44b6_d5e7d891:87|70,0,geometry_1_05_focus0,-20.574511352874293
44b6_d5e7d891,44b6_d5e7d891:87,union|44b6_d5e7d891:87|71,0,geometry_1_05_focus0,-20.464841020746046
44b6_d5e7d891,44b6_d5e7d891:87,union|44b6_d5e7d891:87|72,0,geometry_1_05_focus0,-24.03268062803493
44b6_d5e7d891,44b6_d5e7d891:87,union|44b6_d5e7d891:87|73,0,geometry_1_05_focus0,-23.582981488956825
44b6_d5e7d891,44b6_d5e7d891:87,union|44b6_d5e7d891:87|74,0,geometry_1_05_focus0,-18.657612391795965
44b6_d5e7d891,44b6_d5e7d891:87,union|44b6_d5e7d891:87|75,0,geometry_1_05_focus0,-14.544549899482698
44b6_d5e7d891,44b6_d5e7d891:87,union|44b6_d5e7d891:87|76,0,geometry_1_05_focus0,-22.357591684527044
44b6_d5e7d891,44b6_d5e7d891:87,union|44b6_d5e7d891:87|77,0,geometry_1_05_focus0,-15.252031679703308
44b6_d5e7d891,44b6_d5e7d891:87,union|44b6_d5e7d891:87|78,0,geometry_1_05_focus0,-21.980975522903606
44b6_d5e7d891,44b6_d5e7d891:87,union|44b6_d5e7d891:87|79,0,geometry_1_05_focus0,-20.718306243857064
44b6_d5e7d891,44b6_d5e7d891:87,union|44b6_d5e7d891:87|80,0,geometry_1_05_focus0,-16.34333760199075
44b6_d5e7d891,44b6_d5e7d891:87,union|44b6_d5e7d891:87|81,0,geometry_1_05_focus0,-24.744409976654467
44b6_d5e7d891,44b6_d5e7d891:87,union|44b6_d5e7d891:87|82,0,geometry_1_05_focus0,-17.05346899962535
44b6_d5e7d891,44b6_d5e7d891:87,union|44b6_d5e7d891:87|83,0,geometry_1_05_focus0,-17.645226881462886
44b6_d5e7d891,44b6_d5e7d891:87,union|44b6_d5e7d891:87|84,0,geometry_1_05_focus0,-20.809220637645566
44b6_d5e7d891,44b6_d5e7d891:87,union|44b6_d5e7d891:87|85,0,geometry_1_05_focus0,-19.138586640480572
44b6_d5e7d891,44b6_d5e7d891:87,union|44b6_d5e7d891:87|86,0,geometry_1_05_focus0,-24.2797513952331
44b6_d5e7d891,44b6_d5e7d891:87,union|44b6_d5e7d891:87|87,0,geometry_1_05_focus0,-24.450509219853465
44b6_d5e7d891,44b6_d5e7d891:87,union|44b6_d5e7d891:87|88,0,geometry_1_05_focus0,-17.617597096510725
44b6_d5e7d891,44b6_d5e7d891:87,union|44b6_d5e7d891:87|89,0,geometry_1_05_focus0,-15.929062657174178
44b6_d5e7d891,44b6_d5e7d891:87,union|44b6_d5e7d891:87|90,0,geometry_1_05_focus0,-24.659582166697852
44b6_d5e7d891,44b6_d5e7d891:87,union|44b6_d5e7d891:87|91,0,geometry_1_05_focus0,-21.64388822874026
44b6_d5e7d891,44b6_d5e7d891:87,union|44b6_d5e7d891:87|92,0,geometry_1_05_focus0,-20.00124489592143
44b6_d5e7d891,44b6_d5e7d891:87,union|44b6_d5e7d891:87|93,0,geometry_1_05_focus0,-16.16643320776786
44b6_d5e7d891,44b6_d5e7d891:87,union|44b6_d5e7d891:87|94,0,geometry_1_05_focus0,-16.15141323348207
44b6_d5e7d891,44b6_d5e7d891:87,union|44b6_d5e7d891:87|95,0,geometry_1_05_focus0,-22.29559829166122
44b6_d5e7d891,44b6_d5e7d891:87,union|44b6_d5e7d891:87|96,0,geometry_1_05_focus0,-13.759479189005862
44b6_d5e7d891,44b6_d5e7d891:87,union|44b6_d5e7d891:87|97,1,geometry_1_05_focus0,-12.445289238769398
44b6_d5e7d891,44b6_d5e7d891:87,union|44b6_d5e7d891:87|98,0,geometry_1_05_focus0,-21.776294920760584
44b6_d5e7d891,44b6_d5e7d891:87,union|44b6_d5e7d891:87|99,0,geometry_1_05_focus0,-22.47261960370652
44b6_d5e7d891,44b6_d5e7d891:87,union|44b6_d5e7d891:87|100,0,geometry_1_05_focus0,-15.035038598209212
44b6_d5e7d891,44b6_d5e7d891:87,union|44b6_d5e7d891:87|101,0,geometry_1_05_focus0,-23.704946125568434
44b6_d5e7d891,44b6_d5e7d891:87,union|44b6_d5e7d891:87|102,0,geometry_1_05_focus0,-22.973404370956075
44b6_d5e7d891,44b6_d5e7d891:87,union|44b6_d5e7d891:87|103,0,geometry_1_05_focus0,-25.28127141964864
44b6_d5e7d891,44b6_d5e7d891:87,union|44b6_d5e7d891:87|104,0,geometry_1_05_focus0,-10.507892234026325
44b6_d5e7d891,44b6_d5e7d891:87,union|44b6_d5e7d891:87|105,0,geometry_1_05_focus0,-12.34180709854319
44b6_d5e7d891,44b6_d5e7d891:87,union|44b6_d5e7d891:87|106,0,geometry_1_05_focus0,-23.74766905657043
44b6_d5e7d891,44b6_d5e7d891:87,union|44b6_d5e7d891:87|107,0,geometry_1_05_focus0,-23.023923674014895
44b6_d5e7d891,44b6_d5e7d891:87,union|44b6_d5e7d891:87|108,0,geometry_1_05_focus0,-22.46152759743409
44b6_d5e7d891,44b6_d5e7d891:87,union|44b6_d5e7d891:87|109,0,geometry_1_05_focus0,-23.76257415421301
44b6_d5e7d891,44b6_d5e7d891:87,union|44b6_d5e7d891:87|110,0,geometry_1_05_focus0,-17.018875185698096
44b6_d5e7d891,44b6_d5e7d891:87,union|44b6_d5e7d891:87|111,0,geometry_1_05_focus0,-19.429194254100004
44b6_d5e7d891,44b6_d5e7d891:87,union|44b6_d5e7d891:87|112,0,geometry_1_05_focus0,-20.52936297943684
44b6_d5e7d891,44b6_d5e7d891:87,union|44b6_d5e7d891:87|113,0,geometry_1_05_focus0,-21.381005841999013
44b6_d5e7d891,44b6_d5e7d891:87,union|44b6_d5e7d891:87|114,0,geometry_1_05_focus0,-22.953134385408916
44b6_d5e7d891,44b6_d5e7d891:87,union|44b6_d5e7d891:87|115,0,geometry_1_05_focus0,-22.773894941654113
44b6_d5e7d891,44b6_d5e7d891:87,union|44b6_d5e7d891:87|116,0,geometry_1_05_focus0,-19.099005822584253
44b6_d5e7d891,44b6_d5e7d891:87,union|44b6_d5e7d891:87|117,0,geometry_1_05_focus0,-16.341294881046558
44b6_d5e7d891,44b6_d5e7d891:87,union|44b6_d5e7d891:87|118,0,geometry_1_05_focus0,-22.238698254292732
44b6_d5e7d891,44b6_d5e7d891:87,union|44b6_d5e7d891:87|119,0,geometry_1_05_focus0,-23.118673107838323
44b6_d5e7d891,44b6_d5e7d891:87,union|44b6_d5e7d891:87|120,0,geometry_1_05_focus0,-20.83601328188299
44b6_d5e7d891,44b6_d5e7d891:87,union|44b6_d5e7d891:87|121,0,geometry_1_05_focus0,-20.487653056714006
44b6_d5e7d891,44b6_d5e7d891:87,union|44b6_d5e7d891:87|122,0,geometry_1_05_focus0,-21.783947292782553
44b6_d5e7d891,44b6_d5e7d891:87,union|44b6_d5e7d891:87|123,0,geometry_1_05_focus0,-23.686542459034
44b6_d5e7d891,44b6_d5e7d891:87,union|44b6_d5e7d891:87|124,0,geometry_1_05_focus0,-21.395285392692948
44b6_d5e7d891,44b6_d5e7d891:87,union|44b6_d5e7d891:87|125,0,geometry_1_05_focus0,-22.610401619371657
44b6_d5e7d891,44b6_d5e7d891:87,union|44b6_d5e7d891:87|126,0,geometry_1_05_focus0,-20.997353154448934
44b6_d5e7d891,44b6_d5e7d891:87,union|44b6_d5e7d891:87|127,0,geometry_1_05_focus0,-20.2003189433974
44b6_d5e7d891,44b6_d5e7d891:87,union|44b6_d5e7d891:87|128,0,geometry_1_05_focus0,-22.558480678402468
44b6_d5e7d891,44b6_d5e7d891:87,union|44b6_d5e7d891:87|129,0,geometry_1_05_focus0,-18.347516894614714
44b6_d5e7d891,44b6_d5e7d891:87,union|44b6_d5e7d891:87|130,0,geometry_1_05_focus0,-18.347516894614714
44b6_d5e7d891,44b6_d5e7d891:87,union|44b6_d5e7d891:87|131,0,geometry_1_05_focus0,-21.375743545543408
44b6_d5e7d891,44b6_d5e7d891:87,union|44b6_d5e7d891:87|132,0,geometry_1_05_focus0,-18.303058673366216
44b6_d5e7d891,44b6_d5e7d891:87,union|44b6_d5e7d891:87|133,0,geometry_1_05_focus0,-21.780964608157554
44b6_d5e7d891,44b6_d5e7d891:87,union|44b6_d5e7d891:87|134,0,geometry_1_05_focus0,-17.4826787470398
44b6_d5e7d891,44b6_d5e7d891:87,union|44b6_d5e7d891:87|135,0,geometry_1_05_focus0,-17.845691679374674
44b6_d5e7d891,44b6_d5e7d891:87,union|44b6_d5e7d891:87|136,0,geometry_1_05_focus0,-25.620603197345872
44b6_d5e7d891,44b6_d5e7d891:87,union|44b6_d5e7d891:87|137,0,geometry_1_05_focus0,-22.669160654935233
44b6_d5e7d891,44b6_d5e7d891:87,union|44b6_d5e7d891:87|138,0,geometry_1_05_focus0,-18.730264556820018
44b6_d5e7d891,44b6_d5e7d891:87,union|44b6_d5e7d891:87|139,0,geometry_1_05_focus0,-13.558778146451385
44b6_d5e7d891,44b6_d5e7d891:87,union|44b6_d5e7d891:87|140,0,geometry_1_05_focus0,-17.32304268443428
44b6_d5e7d891,44b6_d5e7d891:87,union|44b6_d5e7d891:87|141,0,geometry_1_05_focus0,-20.627922341997973
44b6_d5e7d891,44b6_d5e7d891:87,union|44b6_d5e7d891:87|142,0,geometry_1_05_focus0,-16.911463871393426
44b6_d5e7d891,44b6_d5e7d891:87,union|44b6_d5e7d891:87|143,0,geometry_1_05_focus0,-23.495743281752702
44b6_d5e7d891,44b6_d5e7d891:87,union|44b6_d5e7d891:87|144,0,geometry_1_05_focus0,-16.53870985785006
44b6_d5e7d891,44b6_d5e7d891:87,union|44b6_d5e7d891:87|145,0,geometry_1_05_focus0,-18.58836391497321
44b6_d5e7d891,44b6_d5e7d891:87,union|44b6_d5e7d891:87|146,0,geometry_1_05_focus0,-19.96664547368422
44b6_d5e7d891,44b6_d5e7d891:87,union|44b6_d5e7d891:87|147,0,geometry_1_05_focus0,-18.95587100860648
44b6_d5e7d891,44b6_d5e7d891:87,union|44b6_d5e7d891:87|148,0,geometry_1_05_focus0,-22.93671064460346
44b6_d5e7d891,44b6_d5e7d891:87,union|44b6_d5e7d891:87|149,0,geometry_1_05_focus0,-20.695781606797546
44b6_d5e7d891,44b6_d5e7d891:87,union|44b6_d5e7d891:87|150,0,geometry_1_05_focus0,-21.13430192874972
44b6_d5e7d891,44b6_d5e7d891:87,union|44b6_d5e7d891:87|151,0,geometry_1_05_focus0,-21.600136290514218
44b6_d5e7d891,44b6_d5e7d891:87,union|44b6_d5e7d891:87|152,0,geometry_1_05_focus0,-19.544809137550782
44b6_d5e7d891,44b6_d5e7d891:87,union|44b6_d5e7d891:87|153,0,geometry_1_05_focus0,-18.830025167327634
44b6_d5e7d891,44b6_d5e7d891:87,union|44b6_d5e7d891:87|154,0,geometry_1_05_focus0,-15.645183928162407
44b6_d5e7d891,44b6_d5e7d891:87,union|44b6_d5e7d891:87|155,0,geometry_1_05_focus0,-22.00166040044409
44b6_d5e7d891,44b6_d5e7d891:87,union|44b6_d5e7d891:87|156,0,geometry_1_05_focus0,-23.449315857298533
44b6_d5e7d891,44b6_d5e7d891:87,union|44b6_d5e7d891:87|157,0,geometry_1_05_focus0,-14.078811612588945
44b6_d5e7d891,44b6_d5e7d891:87,union|44b6_d5e7d891:87|158,0,geometry_1_05_focus0,-18.947407920903622
44b6_d5e7d891,44b6_d5e7d891:87,union|44b6_d5e7d891:87|159,0,geometry_1_05_focus0,-20.043544059531126
44b6_d5e7d891,44b6_d5e7d891:87,union|44b6_d5e7d891:87|160,0,geometry_1_05_focus0,-22.86503436718224
44b6_d5e7d891,44b6_d5e7d891:87,union|44b6_d5e7d891:87|161,0,geometry_1_05_focus0,-12.369668500051787
44b6_d5e7d891,44b6_d5e7d891:87,union|44b6_d5e7d891:87|162,0,geometry_1_05_focus0,-11.221927715703593
44b6_d5e7d891,44b6_d5e7d891:87,union|44b6_d5e7d891:87|163,0,geometry_1_05_focus0,-19.28258649675272
44b6_d5e7d891,44b6_d5e7d891:87,union|44b6_d5e7d891:87|164,0,geometry_1_05_focus0,-17.081589673007805
44b6_d5e7d891,44b6_d5e7d891:87,union|44b6_d5e7d891:87|165,0,geometry_1_05_focus0,-17.948509556971345
44b6_d5e7d891,44b6_d5e7d891:87,union|44b6_d5e7d891:87|166,0,geometry_1_05_focus0,-11.827512101215072
44b6_d5e7d891,44b6_d5e7d891:87,union|44b6_d5e7d891:87|167,0,geometry_1_05_focus0,-23.326026457491967
44b6_d5e7d891,44b6_d5e7d891:87,union|44b6_d5e7d891:87|168,0,geometry_1_05_focus0,-21.780964608157554
44b6_d5e7d891,44b6_d5e7d891:87,union|44b6_d5e7d891:87|169,0,geometry_1_05_focus0,-21.72785073722658
44b6_d5e7d891,44b6_d5e7d891:87,union|44b6_d5e7d891:87|170,0,geometry_1_05_focus0,-10.406532631323854
44b6_d5e7d891,44b6_d5e7d891:87,union|44b6_d5e7d891:87|171,0,geometry_1_05_focus0,-16.308547143556503
44b6_d5e7d891,44b6_d5e7d891:87,union|44b6_d5e7d891:87|172,0,geometry_1_05_focus0,-18.933321286503606
44b6_d5e7d891,44b6_d5e7d891:87,union|44b6_d5e7d891:87|173,0,geometry_1_05_focus0,-20.487653056714006
44b6_d5e7d891,44b6_d5e7d891:87,union|44b6_d5e7d891:87|174,0,geometry_1_05_focus0,-18.90357943917621
44b6_d5e7d891,44b6_d5e7d891:87,union|44b6_d5e7d891:87|175,0,geometry_1_05_focus0,-24.209822049626545
44b6_d5e7d891,44b6_d5e7d891:87,union|44b6_d5e7d891:87|176,0,geometry_1_05_focus0,-20.067867754153788
44b6_d5e7d891,44b6_d5e7d891:87,union|44b6_d5e7d891:87|177,0,geometry_1_05_focus0,-19.37282555406265
44b6_d5e7d891,44b6_d5e7d891:87,union|44b6_d5e7d891:87|178,0,geometry_1_05_focus0,-22.918228139735795
44b6_d5e7d891,44b6_d5e7d891:87,union|44b6_d5e7d891:87|179,0,geometry_1_05_focus0,-21.18919139345884
44b6_d5e7d891,44b6_d5e7d891:87,union|44b6_d5e7d891:87|180,0,geometry_1_05_focus0,-18.700802220156064
44b6_d5e7d891,44b6_d5e7d891:87,union|44b6_d5e7d891:87|181,0,geometry_1_05_focus0,-21.95039257979866
44b6_d5e7d891,44b6_d5e7d891:87,union|44b6_d5e7d891:87|182,0,geometry_1_05_focus0,-24.23071089905093
44b6_d5e7d891,44b6_d5e7d891:87,union|44b6_d5e7d891:87|183,0,geometry_1_05_focus0,-19.928647993725598
44b6_d5e7d891,44b6_d5e7d891:87,union|44b6_d5e7d891:87|184,0,geometry_1_05_focus0,-17.325259162022956
44b6_d5e7d891,44b6_d5e7d891:87,union|44b6_d5e7d891:87|185,0,geometry_1_05_focus0,-20.491954566109484
44b6_d5e7d891,44b6_d5e7d891:87,union|44b6_d5e7d891:87|186,0,geometry_1_05_focus0,-18.448359217293913
44b6_d5e7d891,44b6_d5e7d891:87,union|44b6_d5e7d891:87|187,0,geometry_1_05_focus0,-20.53275778250617
44b6_d5e7d891,44b6_d5e7d891:87,union|44b6_d5e7d891:87|188,0,geometry_1_05_focus0,-10.200299146552977
44b6_d5e7d891,44b6_d5e7d891:87,union|44b6_d5e7d891:87|189,0,geometry_1_05_focus0,-15.746519334730412
44b6_d5e7d891,44b6_d5e7d891:87,union|44b6_d5e7d891:87|190,0,geometry_1_05_focus0,-24.0331046002775
44b6_d5e7d891,44b6_d5e7d891:87,union|44b6_d5e7d891:87|191,0,geometry_1_05_focus0,-21.375551797401567
44b6_d5e7d891,44b6_d5e7d891:87,union|44b6_d5e7d891:87|192,0,geometry_1_05_focus0,-19.9431557638831
44b6_d5e7d891,44b6_d5e7d891:87,union|44b6_d5e7d891:87|193,0,geometry_1_05_focus0,-21.300850587625977
44b6_d5e7d891,44b6_d5e7d891:87,union|44b6_d5e7d891:87|194,0,geometry_1_05_focus0,-19.985024210132615
44b6_d5e7d891,44b6_d5e7d891:87,union|44b6_d5e7d891:87|195,0,geometry_1_05_focus0,-21.331552942594243
44b6_d5e7d891,44b6_d5e7d891:87,union|44b6_d5e7d891:87|196,0,geometry_1_05_focus0,-20.112681243901502
44b6_d5e7d891,44b6_d5e7d891:87,union|44b6_d5e7d891:87|197,0,geometry_1_05_focus0,-23.373558975588956
44b6_d5e7d891,44b6_d5e7d891:87,union|44b6_d5e7d891:87|198,0,geometry_1_05_focus0,-18.87332306960705
44b6_d5e7d891,44b6_d5e7d891:87,union|44b6_d5e7d891:87|199,0,geometry_1_05_focus0,-22.00781134050084
44b6_d5e7d891,44b6_d5e7d891:87,union|44b6_d5e7d891:87|200,0,geometry_1_05_focus0,-23.08051896312686
44b6_d5e7d891,44b6_d5e7d891:87,union|44b6_d5e7d891:87|201,0,geometry_1_05_focus0,-21.14441484137382
44b6_d5e7d891,44b6_d5e7d891:87,union|44b6_d5e7d891:87|202,0,geometry_1_05_focus0,-24.7183528800255
44b6_d5e7d891,44b6_d5e7d891:87,union|44b6_d5e7d891:87|203,0,geometry_1_05_focus0,-25.373304460594717
44b6_d5e7d891,44b6_d5e7d891:87,union|44b6_d5e7d891:87|204,0,geometry_1_05_focus0,-13.844269675767473
44b6_d5e7d891,44b6_d5e7d891:87,union|44b6_d5e7d891:87|205,0,geometry_1_05_focus0,-22.633967886713897
44b6_d5e7d891,44b6_d5e7d891:87,union|44b6_d5e7d891:87|206,0,geometry_1_05_focus0,-22.067184369576285
44b6_d5e7d891,44b6_d5e7d891:87,union|44b6_d5e7d891:87|207,0,geometry_1_05_focus0,-20.3107462058317
44b6_d5e7d891,44b6_d5e7d891:455,union|44b6_d5e7d891:455|0,0,geometry_1_05_focus0,-21.040261303214514
44b6_d5e7d891,44b6_d5e7d891:455,union|44b6_d5e7d891:455|1,0,geometry_1_05_focus0,-20.580273166469798
44b6_d5e7d891,44b6_d5e7d891:455,union|44b6_d5e7d891:455|2,0,geometry_1_05_focus0,-17.638980654067325
44b6_d5e7d891,44b6_d5e7d891:455,union|44b6_d5e7d891:455|3,0,geometry_1_05_focus0,-19.807278469742325
44b6_d5e7d891,44b6_d5e7d891:455,union|44b6_d5e7d891:455|4,0,geometry_1_05_focus0,-20.520045750336255
44b6_d5e7d891,44b6_d5e7d891:455,union|44b6_d5e7d891:455|5,0,geometry_1_05_focus0,-22.604445082770777
44b6_d5e7d891,44b6_d5e7d891:455,union|44b6_d5e7d891:455|6,0,geometry_1_05_focus0,-24.043985881645167
44b6_d5e7d891,44b6_d5e7d891:455,union|44b6_d5e7d891:455|7,0,geometry_1_05_focus0,-22.059019334652653
44b6_d5e7d891,44b6_d5e7d891:455,union|44b6_d5e7d891:455|8,0,geometry_1_05_focus0,-23.70662352802742
44b6_d5e7d891,44b6_d5e7d891:455,union|44b6_d5e7d891:455|9,0,geometry_1_05_focus0,-23.05823988119877
44b6_d5e7d891,44b6_d5e7d891:455,union|44b6_d5e7d891:455|10,0,geometry_1_05_focus0,-22.97677691436375
44b6_d5e7d891,44b6_d5e7d891:455,union|44b6_d5e7d891:455|11,0,geometry_1_05_focus0,-22.376005004207876
44b6_d5e7d891,44b6_d5e7d891:455,union|44b6_d5e7d891:455|12,0,geometry_1_05_focus0,-21.88642643537301
44b6_d5e7d891,44b6_d5e7d891:455,union|44b6_d5e7d891:455|13,0,geometry_1_05_focus0,-20.09685400492345
44b6_d5e7d891,44b6_d5e7d891:455,union|44b6_d5e7d891:455|14,0,geometry_1_05_focus0,-23.89632525891522
44b6_d5e7d891,44b6_d5e7d891:455,union|44b6_d5e7d891:455|15,0,geometry_1_05_focus0,-23.930845132355923
44b6_d5e7d891,44b6_d5e7d891:455,union|44b6_d5e7d891:455|16,0,geometry_1_05_focus0,-20.210632230411733
44b6_d5e7d891,44b6_d5e7d891:455,union|44b6_d5e7d891:455|17,0,geometry_1_05_focus0,-20.210632230411733
44b6_d5e7d891,44b6_d5e7d891:455,union|44b6_d5e7d891:455|18,0,geometry_1_05_focus0,-21.704390128945438
44b6_d5e7d891,44b6_d5e7d891:455,union|44b6_d5e7d891:455|19,0,geometry_1_05_focus0,-21.341000687254887
44b6_d5e7d891,44b6_d5e7d891:455,union|44b6_d5e7d891:455|20,0,geometry_1_05_focus0,-22.677258905124926
44b6_d5e7d891,44b6_d5e7d891:455,union|44b6_d5e7d891:455|21,0,geometry_1_05_focus0,-23.435637566375647
44b6_d5e7d891,44b6_d5e7d891:455,union|44b6_d5e7d891:455|22,0,geometry_1_05_focus0,-16.6484235415864
44b6_d5e7d891,44b6_d5e7d891:455,union|44b6_d5e7d891:455|23,0,geometry_1_05_focus0,-18.94070888456956
44b6_d5e7d891,44b6_d5e7d891:455,union|44b6_d5e7d891:455|24,0,geometry_1_05_focus0,-18.391420420602568
44b6_d5e7d891,44b6_d5e7d891:455,union|44b6_d5e7d891:455|25,0,geometry_1_05_focus0,-18.54050539240989
44b6_d5e7d891,44b6_d5e7d891:455,union|44b6_d5e7d891:455|26,0,geometry_1_05_focus0,-18.904069981068996
44b6_d5e7d891,44b6_d5e7d891:455,union|44b6_d5e7d891:455|27,0,geometry_1_05_focus0,-18.24567849042493
44b6_d5e7d891,44b6_d5e7d891:455,union|44b6_d5e7d891:455|28,0,geometry_1_05_focus0,-22.463708312913116
44b6_d5e7d891,44b6_d5e7d891:455,union|44b6_d5e7d891:455|29,0,geometry_1_05_focus0,-19.593125510858556
44b6_d5e7d891,44b6_d5e7d891:455,union|44b6_d5e7d891:455|30,0,geometry_1_05_focus0,-19.97106849916057
44b6_d5e7d891,44b6_d5e7d891:455,union|44b6_d5e7d891:455|31,0,geometry_1_05_focus0,-21.327587604775097
44b6_d5e7d891,44b6_d5e7d891:455,union|44b6_d5e7d891:455|32,0,geometry_1_05_focus0,-19.036193715412438
44b6_d5e7d891,44b6_d5e7d891:455,union|44b6_d5e7d891:455|33,0,geometry_1_05_focus0,-20.960786737429917
44b6_d5e7d891,44b6_d5e7d891:455,union|44b6_d5e7d891:455|34,0,geometry_1_05_focus0,-21.316834686651674
44b6_d5e7d891,44b6_d5e7d891:455,union|44b6_d5e7d891:455|35,0,geometry_1_05_focus0,-23.018644282260688
44b6_d5e7d891,44b6_d5e7d891:455,union|44b6_d5e7d891:455|36,0,geometry_1_05_focus0,-18.670174956604825
44b6_d5e7d891,44b6_d5e7d891:455,union|44b6_d5e7d891:455|37,0,geometry_1_05_focus0,-18.296767233397848
44b6_d5e7d891,44b6_d5e7d891:455,union|44b6_d5e7d891:455|38,0,geometry_1_05_focus0,-18.762615644219746
44b6_d5e7d891,44b6_d5e7d891:455,union|44b6_d5e7d891:455|39,0,geometry_1_05_focus0,-16.20562497587763
44b6_d5e7d891,44b6_d5e7d891:455,union|44b6_d5e7d891:455|40,0,geometry_1_05_focus0,-19.64760305576666
44b6_d5e7d891,44b6_d5e7d891:455,union|44b6_d5e7d891:455|41,0,geometry_1_05_focus0,-18.487082365315473
44b6_d5e7d891,44b6_d5e7d891:455,union|44b6_d5e7d891:455|42,0,geometry_1_05_focus0,-15.516678983216853
44b6_d5e7d891,44b6_d5e7d891:455,union|44b6_d5e7d891:455|43,0,geometry_1_05_focus0,-23.152614487590096
44b6_d5e7d891,44b6_d5e7d891:455,union|44b6_d5e7d891:455|44,0,geometry_1_05_focus0,-17.528162457275982
44b6_d5e7d891,44b6_d5e7d891:455,union|44b6_d5e7d891:455|45,0,geometry_1_05_focus0,-19.492122370650478
44b6_d5e7d891,44b6_d5e7d891:455,union|44b6_d5e7d891:455|46,0,geometry_1_05_focus0,-21.76858098110873
44b6_d5e7d891,44b6_d5e7d891:455,union|44b6_d5e7d891:455|47,0,geometry_1_05_focus0,-18.097195204495392
44b6_d5e7d891,44b6_d5e7d891:455,union|44b6_d5e7d891:455|48,0,geometry_1_05_focus0,-19.453075038386142
44b6_d5e7d891,44b6_d5e7d891:455,union|44b6_d5e7d891:455|49,0,geometry_1_05_focus0,-19.537416764100556
44b6_d5e7d891,44b6_d5e7d891:455,union|44b6_d5e7d891:455|50,0,geometry_1_05_focus0,-15.983226798225768
44b6_d5e7d891,44b6_d5e7d891:455,union|44b6_d5e7d891:455|51,0,geometry_1_05_focus0,-19.04142156650719
44b6_d5e7d891,44b6_d5e7d891:455,union|44b6_d5e7d891:455|52,0,geometry_1_05_focus0,-23.98389642005278
44b6_d5e7d891,44b6_d5e7d891:455,union|44b6_d5e7d891:455|53,0,geometry_1_05_focus0,-21.874473363167613
44b6_d5e7d891,44b6_d5e7d891:455,union|44b6_d5e7d891:455|54,0,geometry_1_05_focus0,-24.89958618088457
44b6_d5e7d891,44b6_d5e7d891:455,union|44b6_d5e7d891:455|55,0,geometry_1_05_focus0,-21.657301438057658
44b6_d5e7d891,44b6_d5e7d891:455,union|44b6_d5e7d891:455|56,0,geometry_1_05_focus0,-21.56864884956193
44b6_d5e7d891,44b6_d5e7d891:455,union|44b6_d5e7d891:455|57,0,geometry_1_05_focus0,-23.53770308808887
44b6_d5e7d891,44b6_d5e7d891:455,union|44b6_d5e7d891:455|58,0,geometry_1_05_focus0,-23.338527897041722
44b6_d5e7d891,44b6_d5e7d891:455,union|44b6_d5e7d891:455|59,0,geometry_1_05_focus0,-22.44780065606578
44b6_d5e7d891,44b6_d5e7d891:455,union|44b6_d5e7d891:455|60,0,geometry_1_05_focus0,-17.138605553952026
44b6_d5e7d891,44b6_d5e7d891:455,union|44b6_d5e7d891:455|61,0,geometry_1_05_focus0,-21.12966612316677
44b6_d5e7d891,44b6_d5e7d891:455,union|44b6_d5e7d891:455|62,0,geometry_1_05_focus0,-18.48077769722721
44b6_d5e7d891,44b6_d5e7d891:455,union|44b6_d5e7d891:455|63,0,geometry_1_05_focus0,-24.731759743100937
44b6_d5e7d891,44b6_d5e7d891:455,union|44b6_d5e7d891:455|64,0,geometry_1_05_focus0,-18.22780996771544
44b6_d5e7d891,44b6_d5e7d891:455,union|44b6_d5e7d891:455|65,0,geometry_1_05_focus0,-17.800809818114843
44b6_d5e7d891,44b6_d5e7d891:455,union|44b6_d5e7d891:455|66,0,geometry_1_05_focus0,-21.34024724754054
44b6_d5e7d891,44b6_d5e7d891:455,union|44b6_d5e7d891:455|67,0,geometry_1_05_focus0,-22.42978846945888
44b6_d5e7d891,44b6_d5e7d891:455,union|44b6_d5e7d891:455|68,0,geometry_1_05_focus0,-21.044542849124788
44b6_d5e7d891,44b6_d5e7d891:455,union|44b6_d5e7d891:455|69,0,geometry_1_05_focus0,-21.712826805944765
44b6_d5e7d891,44b6_d5e7d891:455,union|44b6_d5e7d891:455|70,0,geometry_1_05_focus0,-18.299352702828987
44b6_d5e7d891,44b6_d5e7d891:455,union|44b6_d5e7d891:455|71,0,geometry_1_05_focus0,-21.146082657874327
44b6_d5e7d891,44b6_d5e7d891:455,union|44b6_d5e7d891:455|72,0,geometry_1_05_focus0,-21.453691902933667
44b6_d5e7d891,44b6_d5e7d891:455,union|44b6_d5e7d891:455|73,0,geometry_1_05_focus0,-20.02951315328092
44b6_d5e7d891,44b6_d5e7d891:455,union|44b6_d5e7d891:455|74,0,geometry_1_05_focus0,-21.831921869134653
44b6_d5e7d891,44b6_d5e7d891:455,union|44b6_d5e7d891:455|75,0,geometry_1_05_focus0,-18.510172691585723
44b6_d5e7d891,44b6_d5e7d891:455,union|44b6_d5e7d891:455|76,0,geometry_1_05_focus0,-13.496685637171506
44b6_d5e7d891,44b6_d5e7d891:455,union|44b6_d5e7d891:455|77,0,geometry_1_05_focus0,-18.16214640775772
44b6_d5e7d891,44b6_d5e7d891:455,union|44b6_d5e7d891:455|78,0,geometry_1_05_focus0,-21.222690663244183
44b6_d5e7d891,44b6_d5e7d891:455,union|44b6_d5e7d891:455|79,0,geometry_1_05_focus0,-17.01252521238997
44b6_d5e7d891,44b6_d5e7d891:455,union|44b6_d5e7d891:455|80,0,geometry_1_05_focus0,-13.275937965255734
44b6_d5e7d891,44b6_d5e7d891:455,union|44b6_d5e7d891:455|81,0,geometry_1_05_focus0,-19.444368835934224
44b6_d5e7d891,44b6_d5e7d891:455,union|44b6_d5e7d891:455|82,0,geometry_1_05_focus0,-18.948679472397608
44b6_d5e7d891,44b6_d5e7d891:455,union|44b6_d5e7d891:455|83,0,geometry_1_05_focus0,-14.758586377412293
44b6_d5e7d891,44b6_d5e7d891:455,union|44b6_d5e7d891:455|84,0,geometry_1_05_focus0,-17.76841984812718
44b6_d5e7d891,44b6_d5e7d891:455,union|44b6_d5e7d891:455|85,0,geometry_1_05_focus0,-21.355038986602057
44b6_d5e7d891,44b6_d5e7d891:455,union|44b6_d5e7d891:455|86,0,geometry_1_05_focus0,-23.558804682598122
44b6_d5e7d891,44b6_d5e7d891:455,union|44b6_d5e7d891:455|87,0,geometry_1_05_focus0,-19.300830022688906
44b6_d5e7d891,44b6_d5e7d891:455,union|44b6_d5e7d891:455|88,0,geometry_1_05_focus0,-12.938761749279125
44b6_d5e7d891,44b6_d5e7d891:455,union|44b6_d5e7d891:455|89,0,geometry_1_05_focus0,-15.751257417017678
44b6_d5e7d891,44b6_d5e7d891:455,union|44b6_d5e7d891:455|90,0,geometry_1_05_focus0,-21.323613525658672
44b6_d5e7d891,44b6_d5e7d891:455,union|44b6_d5e7d891:455|91,0,geometry_1_05_focus0,-21.704390128945438
44b6_d5e7d891,44b6_d5e7d891:455,union|44b6_d5e7d891:455|92,0,geometry_1_05_focus0,-23.992820654558592
44b6_d5e7d891,44b6_d5e7d891:455,union|44b6_d5e7d891:455|93,0,geometry_1_05_focus0,-19.172193655567433
44b6_d5e7d891,44b6_d5e7d891:455,union|44b6_d5e7d891:455|94,1,geometry_1_05_focus0,-7.703763584174284
44b6_d5e7d891,44b6_d5e7d891:455,union|44b6_d5e7d891:455|95,0,geometry_1_05_focus0,-17.78549616674685
44b6_d5e7d891,44b6_d5e7d891:455,union|44b6_d5e7d891:455|96,0,geometry_1_05_focus0,-19.84409163891603
44b6_d5e7d891,44b6_d5e7d891:455,union|44b6_d5e7d891:455|97,0,geometry_1_05_focus0,-16.147631397634598
44b6_d5e7d891,44b6_d5e7d891:455,union|44b6_d5e7d891:455|98,0,geometry_1_05_focus0,-16.524273165795748
44b6_d5e7d891,44b6_d5e7d891:455,union|44b6_d5e7d891:455|99,0,geometry_1_05_focus0,-23.13010206345166
44b6_d5e7d891,44b6_d5e7d891:455,union|44b6_d5e7d891:455|100,0,geometry_1_05_focus0,-20.90961420419386
44b6_d5e7d891,44b6_d5e7d891:455,union|44b6_d5e7d891:455|101,0,geometry_1_05_focus0,-22.97240893150763
44b6_d5e7d891,44b6_d5e7d891:455,union|44b6_d5e7d891:455|102,0,geometry_1_05_focus0,-20.341547826579365
44b6_d5e7d891,44b6_d5e7d891:455,union|44b6_d5e7d891:455|103,0,geometry_1_05_focus0,-16.256363715437246
44b6_d5e7d891,44b6_d5e7d891:455,union|44b6_d5e7d891:455|104,0,geometry_1_05_focus0,-18.467799893179514
44b6_d5e7d891,44b6_d5e7d891:455,union|44b6_d5e7d891:455|105,0,geometry_1_05_focus0,-17.878913428017146
44b6_d5e7d891,44b6_d5e7d891:455,union|44b6_d5e7d891:455|106,0,geometry_1_05_focus0,-23.61875321594784
44b6_d5e7d891,44b6_d5e7d891:455,union|44b6_d5e7d891:455|107,0,geometry_1_05_focus0,-16.705211265484635
44b6_d5e7d891,44b6_d5e7d891:455,union|44b6_d5e7d891:455|108,0,geometry_1_05_focus0,-22.117228132528044
44b6_d5e7d891,44b6_d5e7d891:455,union|44b6_d5e7d891:455|109,0,geometry_1_05_focus0,-19.090447255270085
44b6_d5e7d891,44b6_d5e7d891:455,union|44b6_d5e7d891:455|110,0,geometry_1_05_focus0,-21.704390128945438
44b6_d5e7d891,44b6_d5e7d891:455,union|44b6_d5e7d891:455|111,0,geometry_1_05_focus0,-22.592480617774836
44b6_d5e7d891,44b6_d5e7d891:455,union|44b6_d5e7d891:455|112,0,geometry_1_05_focus0,-21.55358645473042
44b6_d5e7d891,44b6_d5e7d891:455,union|44b6_d5e7d891:455|113,0,geometry_1_05_focus0,-19.76152242905534
44b6_d5e7d891,44b6_d5e7d891:455,union|44b6_d5e7d891:455|114,0,geometry_1_05_focus0,-19.0113754257134
44b6_d5e7d891,44b6_d5e7d891:455,union|44b6_d5e7d891:455|115,0,geometry_1_05_focus0,-19.95518215715447
44b6_d5e7d891,44b6_d5e7d891:455,union|44b6_d5e7d891:455|116,0,geometry_1_05_focus0,-24.491828420560637
44b6_d5e7d891,44b6_d5e7d891:455,union|44b6_d5e7d891:455|117,0,geometry_1_05_focus0,-20.952390991134937
44b6_d5e7d891,44b6_d5e7d891:455,union|44b6_d5e7d891:455|118,0,geometry_1_05_focus0,-22.85923951140247
44b6_d5e7d891,44b6_d5e7d891:455,union|44b6_d5e7d891:455|119,0,geometry_1_05_focus0,-20.18429818601513
44b6_d5e7d891,44b6_d5e7d891:455,union|44b6_d5e7d891:455|120,0,geometry_1_05_focus0,-22.85923951140247
44b6_d5e7d891,44b6_d5e7d891:455,union|44b6_d5e7d891:455|121,0,geometry_1_05_focus0,-23.73265255469451
44b6_d5e7d891,44b6_d5e7d891:455,union|44b6_d5e7d891:455|122,0,geometry_1_05_focus0,-21.589937453862007
44b6_d5e7d891,44b6_d5e7d891:455,union|44b6_d5e7d891:455|123,0,geometry_1_05_focus0,-22.11564180314474
44b6_d5e7d891,44b6_d5e7d891:455,union|44b6_d5e7d891:455|124,0,geometry_1_05_focus0,-20.14356545060393
44b6_d5e7d891,44b6_d5e7d891:455,union|44b6_d5e7d891:455|125,0,geometry_1_05_focus0,-16.193021419405635
44b6_d5e7d891,44b6_d5e7d891:455,union|44b6_d5e7d891:455|126,0,geometry_1_05_focus0,-19.999425123122798
44b6_d5e7d891,44b6_d5e7d891:455,union|44b6_d5e7d891:455|127,0,geometry_1_05_focus0,-19.59919380516803
44b6_d5e7d891,44b6_d5e7d891:455,union|44b6_d5e7d891:455|128,0,geometry_1_05_focus0,-21.150282427783644
44b6_d5e7d891,44b6_d5e7d891:455,union|44b6_d5e7d891:455|129,0,geometry_1_05_focus0,-19.52081534381439
44b6_d5e7d891,44b6_d5e7d891:455,union|44b6_d5e7d891:455|130,0,geometry_1_05_focus0,-18.269110885710074
44b6_d5e7d891,44b6_d5e7d891:455,union|44b6_d5e7d891:455|131,0,geometry_1_05_focus0,-19.294906937743566
44b6_d5e7d891,44b6_d5e7d891:455,union|44b6_d5e7d891:455|132,0,geometry_1_05_focus0,-15.106083381720225
44b6_d5e7d891,44b6_d5e7d891:455,union|44b6_d5e7d891:455|133,0,geometry_1_05_focus0,-20.487653056714006
44b6_d5e7d891,44b6_d5e7d891:455,union|44b6_d5e7d891:455|134,0,geometry_1_05_focus0,-13.10002332081435
44b6_d5e7d891,44b6_d5e7d891:455,union|44b6_d5e7d891:455|135,0,geometry_1_05_focus0,-16.229446263810786
44b6_d5e7d891,44b6_d5e7d891:455,union|44b6_d5e7d891:455|136,0,geometry_1_05_focus0,-21.202085963744082
44b6_d5e7d891,44b6_d5e7d891:455,union|44b6_d5e7d891:455|137,0,geometry_1_05_focus0,-19.547390269207593
44b6_d5e7d891,44b6_d5e7d891:455,union|44b6_d5e7d891:455|138,0,geometry_1_05_focus0,-20.229948377546194
44b6_d5e7d891,44b6_d5e7d891:455,union|44b6_d5e7d891:455|139,0,geometry_1_05_focus0,-22.61051547734305
44b6_d5e7d891,44b6_d5e7d891:455,union|44b6_d5e7d891:455|140,0,geometry_1_05_focus0,-16.50914463169555
44b6_d5e7d891,44b6_d5e7d891:455,union|44b6_d5e7d891:455|141,0,geometry_1_05_focus0,-18.948574162201524
44b6_d5e7d891,44b6_d5e7d891:455,union|44b6_d5e7d891:455|142,0,geometry_1_05_focus0,-17.360107921585936
44b6_d5e7d891,44b6_d5e7d891:455,union|44b6_d5e7d891:455|143,0,geometry_1_05_focus0,-16.458248200181817
44b6_d5e7d891,44b6_d5e7d891:455,union|44b6_d5e7d891:455|144,0,geometry_1_05_focus0,-18.18125785170979
44b6_d5e7d891,44b6_d5e7d891:455,union|44b6_d5e7d891:455|145,0,geometry_1_05_focus0,-23.555347377703058
44b6_d5e7d891,44b6_d5e7d891:455,union|44b6_d5e7d891:455|146,0,geometry_1_05_focus0,-17.869019557845583
44b6_d5e7d891,44b6_d5e7d891:455,union|44b6_d5e7d891:455|147,0,geometry_1_05_focus0,-18.996965544074005
44b6_d5e7d891,44b6_d5e7d891:455,union|44b6_d5e7d891:455|148,0,geometry_1_05_focus0,-20.76015558014855
44b6_d5e7d891,44b6_d5e7d891:455,union|44b6_d5e7d891:455|149,0,geometry_1_05_focus0,-15.468099619571571
44b6_d5e7d891,44b6_d5e7d891:455,union|44b6_d5e7d891:455|150,0,geometry_1_05_focus0,-19.84409163891603
44b6_d5e7d891,44b6_d5e7d891:455,union|44b6_d5e7d891:455|151,0,geometry_1_05_focus0,-17.873710183038657
44b6_d5e7d891,44b6_d5e7d891:455,union|44b6_d5e7d891:455|152,0,geometry_1_05_focus0,-19.81304094352178
44b6_d5e7d891,44b6_d5e7d891:455,union|44b6_d5e7d891:455|153,0,geometry_1_05_focus0,-22.7977513303278
44b6_d5e7d891,44b6_d5e7d891:455,union|44b6_d5e7d891:455|154,0,geometry_1_05_focus0,-23.233672955976846
44b6_d5e7d891,44b6_d5e7d891:455,union|44b6_d5e7d891:455|155,0,geometry_1_05_focus0,-21.843629471273296
44b6_d5e7d891,44b6_d5e7d891:455,union|44b6_d5e7d891:455|156,0,geometry_1_05_focus0,-20.668083817153246
44b6_d5e7d891,44b6_d5e7d891:455,union|44b6_d5e7d891:455|157,0,geometry_1_05_focus0,-21.815864671951456
44b6_d5e7d891,44b6_d5e7d891:455,union|44b6_d5e7d891:455|158,0,geometry_1_05_focus0,-15.917731766428663
44b6_d5e7d891,44b6_d5e7d891:455,union|44b6_d5e7d891:455|159,0,geometry_1_05_focus0,-18.346059957736284
44b6_d5e7d891,44b6_d5e7d891:455,union|44b6_d5e7d891:455|160,0,geometry_1_05_focus0,-19.999425123122798
44b6_d5e7d891,44b6_d5e7d891:455,union|44b6_d5e7d891:455|161,0,geometry_1_05_focus0,-18.926774279824347
44b6_d5e7d891,44b6_d5e7d891:455,union|44b6_d5e7d891:455|162,0,geometry_1_05_focus0,-24.13319970565906
44b6_d5e7d891,44b6_d5e7d891:455,union|44b6_d5e7d891:455|163,0,geometry_1_05_focus0,-17.64387206064165
44b6_d5e7d891,44b6_d5e7d891:455,union|44b6_d5e7d891:455|164,0,geometry_1_05_focus0,-20.324472108308797
44b6_d5e7d891,44b6_d5e7d891:455,union|44b6_d5e7d891:455|165,0,geometry_1_05_focus0,-19.334337157662116
44b6_d5e7d891,44b6_d5e7d891:455,union|44b6_d5e7d891:455|166,0,geometry_1_05_focus0,-19.611269389877926
44b6_d5e7d891,44b6_d5e7d891:455,union|44b6_d5e7d891:455|167,0,geometry_1_05_focus0,-18.21014878494573
44b6_d5e7d891,44b6_d5e7d891:455,union|44b6_d5e7d891:455|168,0,geometry_1_05_focus0,-19.709732824667935
44b6_d5e7d891,44b6_d5e7d891:455,union|44b6_d5e7d891:455|169,0,geometry_1_05_focus0,-24.33797792803619
44b6_d5e7d891,44b6_d5e7d891:455,union|44b6_d5e7d891:455|170,0,geometry_1_05_focus0,-19.779417528851063
44b6_d5e7d891,44b6_d5e7d891:455,union|44b6_d5e7d891:455|171,0,geometry_1_05_focus0,-17.9998488621789
44b6_d5e7d891,44b6_d5e7d891:455,union|44b6_d5e7d891:455|172,0,geometry_1_05_focus0,-22.80665153006882
44b6_d5e7d891,44b6_d5e7d891:455,union|44b6_d5e7d891:455|173,0,geometry_1_05_focus0,-20.549697163250187
44b6_d5e7d891,44b6_d5e7d891:455,union|44b6_d5e7d891:455|174,0,geometry_1_05_focus0,-23.3132924622062
44b6_d5e7d891,44b6_d5e7d891:455,union|44b6_d5e7d891:455|175,0,geometry_1_05_focus0,-24.563229726285428
44b6_d5e7d891,44b6_d5e7d891:455,union|44b6_d5e7d891:455|176,0,geometry_1_05_focus0,-17.982659881663817
44b6_d5e7d891,44b6_d5e7d891:455,union|44b6_d5e7d891:455|177,0,geometry_1_05_focus0,-16.587484416437352
44b6_d5e7d891,44b6_d5e7d891:455,union|44b6_d5e7d891:455|178,0,geometry_1_05_focus0,-20.596199489248963
44b6_d5e7d891,44b6_d5e7d891:455,union|44b6_d5e7d891:455|179,0,geometry_1_05_focus0,-18.406403344427872
44b6_d5e7d891,44b6_d5e7d891:455,union|44b6_d5e7d891:455|180,0,geometry_1_05_focus0,-18.28947523610066
44b6_d5e7d891,44b6_d5e7d891:455,union|44b6_d5e7d891:455|181,0,geometry_1_05_focus0,-13.730327955493973
44b6_eb2880fc,44b6_eb2880fc:282,union|44b6_eb2880fc:282|0,0,geometry_1_05_focus0,-21.518034988106407
44b6_eb2880fc,44b6_eb2880fc:282,union|44b6_eb2880fc:282|1,0,geometry_1_05_focus0,-21.132629937783047
44b6_eb2880fc,44b6_eb2880fc:282,union|44b6_eb2880fc:282|2,0,geometry_1_05_focus0,-23.73478469123272
44b6_eb2880fc,44b6_eb2880fc:282,union|44b6_eb2880fc:282|3,0,geometry_1_05_focus0,-20.338805717004274
44b6_eb2880fc,44b6_eb2880fc:282,union|44b6_eb2880fc:282|4,0,geometry_1_05_focus0,-19.47317269438612
44b6_eb2880fc,44b6_eb2880fc:282,union|44b6_eb2880fc:282|5,0,geometry_1_05_focus0,-23.036327050615625
44b6_eb2880fc,44b6_eb2880fc:282,union|44b6_eb2880fc:282|6,0,geometry_1_05_focus0,-21.98081846673835
44b6_eb2880fc,44b6_eb2880fc:282,union|44b6_eb2880fc:282|7,0,geometry_1_05_focus0,-22.272222382662477
44b6_eb2880fc,44b6_eb2880fc:282,union|44b6_eb2880fc:282|8,0,geometry_1_05_focus0,-24.30457516605663
44b6_eb2880fc,44b6_eb2880fc:282,union|44b6_eb2880fc:282|9,0,geometry_1_05_focus0,-25.082504994530137
44b6_eb2880fc,44b6_eb2880fc:282,union|44b6_eb2880fc:282|10,0,geometry_1_05_focus0,-24.939255199208688
44b6_eb2880fc,44b6_eb2880fc:282,union|44b6_eb2880fc:282|11,0,geometry_1_05_focus0,-23.780415007940967
44b6_eb2880fc,44b6_eb2880fc:282,union|44b6_eb2880fc:282|12,0,geometry_1_05_focus0,-20.540089285040423
44b6_eb2880fc,44b6_eb2880fc:282,union|44b6_eb2880fc:282|13,0,geometry_1_05_focus0,-19.82753844291419
44b6_eb2880fc,44b6_eb2880fc:282,union|44b6_eb2880fc:282|14,0,geometry_1_05_focus0,-18.251600124393907
44b6_eb2880fc,44b6_eb2880fc:282,union|44b6_eb2880fc:282|15,0,geometry_1_05_focus0,-23.52549155945895
44b6_eb2880fc,44b6_eb2880fc:282,union|44b6_eb2880fc:282|16,0,geometry_1_05_focus0,-23.292858096326626
44b6_eb2880fc,44b6_eb2880fc:282,union|44b6_eb2880fc:282|17,0,geometry_1_05_focus0,-21.17558442049257
44b6_eb2880fc,44b6_eb2880fc:282,union|44b6_eb2880fc:282|18,0,geometry_1_05_focus0,-23.30012607977544
44b6_eb2880fc,44b6_eb2880fc:282,union|44b6_eb2880fc:282|19,0,geometry_1_05_focus0,-22.47185733823526
44b6_eb2880fc,44b6_eb2880fc:282,union|44b6_eb2880fc:282|20,0,geometry_1_05_focus0,-24.507944509919056
44b6_eb2880fc,44b6_eb2880fc:282,union|44b6_eb2880fc:282|21,0,geometry_1_05_focus0,-23.633078408609933
44b6_eb2880fc,44b6_eb2880fc:282,union|44b6_eb2880fc:282|22,0,geometry_1_05_focus0,-20.621155095155682
44b6_eb2880fc,44b6_eb2880fc:282,union|44b6_eb2880fc:282|23,0,geometry_1_05_focus0,-22.561523464701214
44b6_eb2880fc,44b6_eb2880fc:282,union|44b6_eb2880fc:282|24,0,geometry_1_05_focus0,-24.159049452624025
44b6_eb2880fc,44b6_eb2880fc:282,union|44b6_eb2880fc:282|25,0,geometry_1_05_focus0,-17.98522187121991
44b6_eb2880fc,44b6_eb2880fc:282,union|44b6_eb2880fc:282|26,0,geometry_1_05_focus0,-22.469564235905477
44b6_eb2880fc,44b6_eb2880fc:282,union|44b6_eb2880fc:282|27,0,geometry_1_05_focus0,-19.14109065694335
44b6_eb2880fc,44b6_eb2880fc:282,union|44b6_eb2880fc:282|28,0,geometry_1_05_focus0,-22.250643911646304
44b6_eb2880fc,44b6_eb2880fc:282,union|44b6_eb2880fc:282|29,0,geometry_1_05_focus0,-24.899158548539
44b6_eb2880fc,44b6_eb2880fc:282,union|44b6_eb2880fc:282|30,0,geometry_1_05_focus0,-18.875456048776847
44b6_eb2880fc,44b6_eb2880fc:282,union|44b6_eb2880fc:282|31,0,geometry_1_05_focus0,-19.924921360025294
44b6_eb2880fc,44b6_eb2880fc:282,union|44b6_eb2880fc:282|32,0,geometry_1_05_focus0,-21.470388875044634
44b6_eb2880fc,44b6_eb2880fc:282,union|44b6_eb2880fc:282|33,0,geometry_1_05_focus0,-20.77797151260981
44b6_eb2880fc,44b6_eb2880fc:282,union|44b6_eb2880fc:282|34,0,geometry_1_05_focus0,-20.960786737429917
44b6_eb2880fc,44b6_eb2880fc:282,union|44b6_eb2880fc:282|35,0,geometry_1_05_focus0,-20.517946147132943
44b6_eb2880fc,44b6_eb2880fc:282,union|44b6_eb2880fc:282|36,0,geometry_1_05_focus0,-21.93767003023022
44b6_eb2880fc,44b6_eb2880fc:282,union|44b6_eb2880fc:282|37,0,geometry_1_05_focus0,-16.973766539356426
44b6_eb2880fc,44b6_eb2880fc:282,union|44b6_eb2880fc:282|38,0,geometry_1_05_focus0,-22.96997850827021
44b6_eb2880fc,44b6_eb2880fc:282,union|44b6_eb2880fc:282|39,0,geometry_1_05_focus0,-23.861680085242448
44b6_eb2880fc,44b6_eb2880fc:282,union|44b6_eb2880fc:282|40,0,geometry_1_05_focus0,-22.016760348287708
44b6_eb2880fc,44b6_eb2880fc:282,union|44b6_eb2880fc:282|41,0,geometry_1_05_focus0,-21.434822191036346
44b6_eb2880fc,44b6_eb2880fc:282,union|44b6_eb2880fc:282|42,0,geometry_1_05_focus0,-19.55414985069694
44b6_eb2880fc,44b6_eb2880fc:282,union|44b6_eb2880fc:282|43,0,geometry_1_05_focus0,-22.94710982348205
44b6_eb2880fc,44b6_eb2880fc:282,union|44b6_eb2880fc:282|44,0,geometry_1_05_focus0,-23.026737487558194
44b6_eb2880fc,44b6_eb2880fc:282,union|44b6_eb2880fc:282|45,0,geometry_1_05_focus0,-22.988604880629655
44b6_eb2880fc,44b6_eb2880fc:282,union|44b6_eb2880fc:282|46,0,geometry_1_05_focus0,-23.299211304654392
44b6_eb2880fc,44b6_eb2880fc:282,union|44b6_eb2880fc:282|47,0,geometry_1_05_focus0,-20.59038481629566
44b6_eb2880fc,44b6_eb2880fc:282,union|44b6_eb2880fc:282|48,0,geometry_1_05_focus0,-23.353723771014884
44b6_eb2880fc,44b6_eb2880fc:282,union|44b6_eb2880fc:282|49,0,geometry_1_05_focus0,-20.647307342477657
44b6_eb2880fc,44b6_eb2880fc:282,union|44b6_eb2880fc:282|50,0,geometry_1_05_focus0,-22.681934334411018
44b6_eb2880fc,44b6_eb2880fc:282,union|44b6_eb2880fc:282|51,0,geometry_1_05_focus0,-25.621984566670214
44b6_eb2880fc,44b6_eb2880fc:282,union|44b6_eb2880fc:282|52,1,geometry_1_05_focus0,-21.150282427783644
44b6_eb2880fc,44b6_eb2880fc:282,union|44b6_eb2880fc:282|53,0,geometry_1_05_focus0,-24.007130055180518
44b6_eb2880fc,44b6_eb2880fc:282,union|44b6_eb2880fc:282|54,0,geometry_1_05_focus0,-24.10394211919541
44b6_eb2880fc,44b6_eb2880fc:282,union|44b6_eb2880fc:282|55,0,geometry_1_05_focus0,-22.251140070412724
44b6_eb2880fc,44b6_eb2880fc:282,union|44b6_eb2880fc:282|56,0,geometry_1_05_focus0,-24.232353731225118
44b6_eb2880fc,44b6_eb2880fc:282,union|44b6_eb2880fc:282|57,0,geometry_1_05_focus0,-22.05936728401823
44b6_eb2880fc,44b6_eb2880fc:282,union|44b6_eb2880fc:282|58,0,geometry_1_05_focus0,-22.383479252866344
44b6_eb2880fc,44b6_eb2880fc:282,union|44b6_eb2880fc:282|59,0,geometry_1_05_focus0,-19.644465377819504
44b6_eb2880fc,44b6_eb2880fc:282,union|44b6_eb2880fc:282|60,0,geometry_1_05_focus0,-18.379155723348312
44b6_eb2880fc,44b6_eb2880fc:282,union|44b6_eb2880fc:282|61,0,geometry_1_05_focus0,-16.041679044162663
44b6_eb2880fc,44b6_eb2880fc:282,union|44b6_eb2880fc:282|62,0,geometry_1_05_focus0,-21.79077919709701
44b6_eb2880fc,44b6_eb2880fc:282,union|44b6_eb2880fc:282|63,0,geometry_1_05_focus0,-23.326026457491967
44b6_eb2880fc,44b6_eb2880fc:282,union|44b6_eb2880fc:282|64,0,geometry_1_05_focus0,-21.213227614730794
44b6_eb2880fc,44b6_eb2880fc:282,union|44b6_eb2880fc:282|65,0,geometry_1_05_focus0,-21.13540341024659
44b6_eb2880fc,44b6_eb2880fc:282,union|44b6_eb2880fc:282|66,0,geometry_1_05_focus0,-22.005544412213847
44b6_eb2880fc,44b6_eb2880fc:282,union|44b6_eb2880fc:282|67,0,geometry_1_05_focus0,-22.494875365657453
44b6_eb2880fc,44b6_eb2880fc:282,union|44b6_eb2880fc:282|68,0,geometry_1_05_focus0,-21.648283435114774
44b6_eb2880fc,44b6_eb2880fc:282,union|44b6_eb2880fc:282|69,0,geometry_1_05_focus0,-19.5772747393042
44b6_eb2880fc,44b6_eb2880fc:282,union|44b6_eb2880fc:282|70,0,geometry_1_05_focus0,-23.16662169282136
44b6_eb2880fc,44b6_eb2880fc:282,union|44b6_eb2880fc:282|71,0,geometry_1_05_focus0,-20.82943082402074
44b6_eb2880fc,44b6_eb2880fc:282,union|44b6_eb2880fc:282|72,0,geometry_1_05_focus0,-20.82943082402074
44b6_eb2880fc,44b6_eb2880fc:282,union|44b6_eb2880fc:282|73,0,geometry_1_05_focus0,-23.78741873261364
44b6_eb2880fc,44b6_eb2880fc:282,union|44b6_eb2880fc:282|74,0,geometry_1_05_focus0,-24.02308391440785
44b6_eb2880fc,44b6_eb2880fc:282,union|44b6_eb2880fc:282|75,0,geometry_1_05_focus0,-20.269532474582213
44b6_eb2880fc,44b6_eb2880fc:282,union|44b6_eb2880fc:282|76,0,geometry_1_05_focus0,-23.836456428774277
44b6_eb2880fc,44b6_eb2880fc:282,union|44b6_eb2880fc:282|77,0,geometry_1_05_focus0,-20.121178266343026
44b6_eb2880fc,44b6_eb2880fc:282,union|44b6_eb2880fc:282|78,0,geometry_1_05_focus0,-18.365690128777313
44b6_eb2880fc,44b6_eb2880fc:282,union|44b6_eb2880fc:282|79,0,geometry_1_05_focus0,-24.19250437799603
44b6_eb2880fc,44b6_eb2880fc:282,union|44b6_eb2880fc:282|80,0,geometry_1_05_focus0,-23.75520541310484
44b6_eb2880fc,44b6_eb2880fc:282,union|44b6_eb2880fc:282|81,0,geometry_1_05_focus0,-24.29372288979507
44b6_eb2880fc,44b6_eb2880fc:282,union|44b6_eb2880fc:282|82,0,geometry_1_05_focus0,-19.565019508208962
44b6_eb2880fc,44b6_eb2880fc:282,union|44b6_eb2880fc:282|83,0,geometry_1_05_focus0,-19.46917474111439
44b6_eb2880fc,44b6_eb2880fc:282,union|44b6_eb2880fc:282|84,0,geometry_1_05_focus0,-24.92913645305883
44b6_eb2880fc,44b6_eb2880fc:282,union|44b6_eb2880fc:282|85,0,geometry_1_05_focus0,-22.963117721741522
44b6_eb2880fc,44b6_eb2880fc:282,union|44b6_eb2880fc:282|86,0,geometry_1_05_focus0,-19.423864883356984
44b6_eb2880fc,44b6_eb2880fc:282,union|44b6_eb2880fc:282|87,0,geometry_1_05_focus0,-22.777681851840942
44b6_eb2880fc,44b6_eb2880fc:282,union|44b6_eb2880fc:282|88,0,geometry_1_05_focus0,-17.228684756547246
44b6_eb2880fc,44b6_eb2880fc:282,union|44b6_eb2880fc:282|89,0,geometry_1_05_focus0,-21.323397260727937
44b6_eb2880fc,44b6_eb2880fc:282,union|44b6_eb2880fc:282|90,0,geometry_1_05_focus0,-21.55358645473042
44b6_eb2880fc,44b6_eb2880fc:282,union|44b6_eb2880fc:282|91,0,geometry_1_05_focus0,-11.750667933565744
44b6_eb2880fc,44b6_eb2880fc:282,union|44b6_eb2880fc:282|92,0,geometry_1_05_focus0,-21.88642643537301
44b6_eb2880fc,44b6_eb2880fc:282,union|44b6_eb2880fc:282|93,0,geometry_1_05_focus0,-18.380762990573416
44b6_eb2880fc,44b6_eb2880fc:282,union|44b6_eb2880fc:282|94,0,geometry_1_05_focus0,-23.275477817599707
44b6_eb2880fc,44b6_eb2880fc:282,union|44b6_eb2880fc:282|95,0,geometry_1_05_focus0,-12.076801439449902
44b6_eb2880fc,44b6_eb2880fc:282,union|44b6_eb2880fc:282|96,0,geometry_1_05_focus0,-20.917525676670714
44b6_eb2880fc,44b6_eb2880fc:282,union|44b6_eb2880fc:282|97,0,geometry_1_05_focus0,-13.674991085266782
44b6_eb2880fc,44b6_eb2880fc:282,union|44b6_eb2880fc:282|98,0,geometry_1_05_focus0,-14.233765630793284
44b6_eb2880fc,44b6_eb2880fc:282,union|44b6_eb2880fc:282|99,0,geometry_1_05_focus0,-10.237580692355525
44b6_eb2880fc,44b6_eb2880fc:282,union|44b6_eb2880fc:282|100,0,geometry_1_05_focus0,-19.571562838417904
44b6_eb2880fc,44b6_eb2880fc:282,union|44b6_eb2880fc:282|101,0,geometry_1_05_focus0,-21.415457916854674
44b6_eb2880fc,44b6_eb2880fc:282,union|44b6_eb2880fc:282|102,0,geometry_1_05_focus0,-21.19080951619242
44b6_eb2880fc,44b6_eb2880fc:282,union|44b6_eb2880fc:282|103,0,geometry_1_05_focus0,-18.11102696488534
44b6_eb2880fc,44b6_eb2880fc:282,union|44b6_eb2880fc:282|104,0,geometry_1_05_focus0,-23.72181851595277
44b6_eb2880fc,44b6_eb2880fc:282,union|44b6_eb2880fc:282|105,0,geometry_1_05_focus0,-20.480984403128105
44b6_eb2880fc,44b6_eb2880fc:282,union|44b6_eb2880fc:282|106,0,geometry_1_05_focus0,-19.660303787557055
44b6_eb2880fc,44b6_eb2880fc:282,union|44b6_eb2880fc:282|107,0,geometry_1_05_focus0,-17.454878348241287
44b6_eb2880fc,44b6_eb2880fc:282,union|44b6_eb2880fc:282|108,0,geometry_1_05_focus0,-21.06089992228457
44b6_eb2880fc,44b6_eb2880fc:282,union|44b6_eb2880fc:282|109,0,geometry_1_05_focus0,-19.895899592482742
44b6_eb2880fc,44b6_eb2880fc:282,union|44b6_eb2880fc:282|110,0,geometry_1_05_focus0,-19.750923516500734
44b6_eb2880fc,44b6_eb2880fc:282,union|44b6_eb2880fc:282|111,0,geometry_1_05_focus0,-23.85816128912399
44b6_eb2880fc,44b6_eb2880fc:282,union|44b6_eb2880fc:282|112,0,geometry_1_05_focus0,-21.149823308688173
44b6_eb2880fc,44b6_eb2880fc:282,union|44b6_eb2880fc:282|113,0,geometry_1_05_focus0,-22.55792652096959
44b6_eb2880fc,44b6_eb2880fc:282,union|44b6_eb2880fc:282|114,0,geometry_1_05_focus0,-17.591950560722825
44b6_eb2880fc,44b6_eb2880fc:282,union|44b6_eb2880fc:282|115,0,geometry_1_05_focus0,-18.155905859122107
44b6_eb2880fc,44b6_eb2880fc:282,union|44b6_eb2880fc:282|116,0,geometry_1_05_focus0,-23.16542739524311
44b6_eb2880fc,44b6_eb2880fc:282,union|44b6_eb2880fc:282|117,0,geometry_1_05_focus0,-20.997001160934722
44b6_eb2880fc,44b6_eb2880fc:282,union|44b6_eb2880fc:282|118,0,geometry_1_05_focus0,-21.913582233137674
44b6_eb2880fc,44b6_eb2880fc:282,union|44b6_eb2880fc:282|119,0,geometry_1_05_focus0,-21.84091097185805
44b6_eb2880fc,44b6_eb2880fc:282,union|44b6_eb2880fc:282|120,0,geometry_1_05_focus0,-19.120268928312708
44b6_eb2880fc,44b6_eb2880fc:282,union|44b6_eb2880fc:282|121,0,geometry_1_05_focus0,-17.517678570080847
44b6_eb2880fc,44b6_eb2880fc:282,union|44b6_eb2880fc:282|122,0,geometry_1_05_focus0,-24.474997538697576
44b6_eb2880fc,44b6_eb2880fc:282,union|44b6_eb2880fc:282|123,0,geometry_1_05_focus0,-19.320417732131258
44b6_eb2880fc,44b6_eb2880fc:282,union|44b6_eb2880fc:282|124,0,geometry_1_05_focus0,-19.56761119633234
44b6_eb2880fc,44b6_eb2880fc:282,union|44b6_eb2880fc:282|125,0,geometry_1_05_focus0,-19.651975441551144
44b6_eb2880fc,44b6_eb2880fc:282,union|44b6_eb2880fc:282|126,0,geometry_1_05_focus0,-20.881241858427032
44b6_eb2880fc,44b6_eb2880fc:282,union|44b6_eb2880fc:282|127,0,geometry_1_05_focus0,-19.11650103413305
44b6_eb2880fc,44b6_eb2880fc:282,union|44b6_eb2880fc:282|128,0,geometry_1_05_focus0,-21.453691902933667
44b6_eb2880fc,44b6_eb2880fc:282,union|44b6_eb2880fc:282|129,0,geometry_1_05_focus0,-23.267990869197615
44b6_eb2880fc,44b6_eb2880fc:282,union|44b6_eb2880fc:282|130,0,geometry_1_05_focus0,-23.74241501548538
44b6_eb2880fc,44b6_eb2880fc:282,union|44b6_eb2880fc:282|131,0,geometry_1_05_focus0,-23.597559591617586
44b6_eb2880fc,44b6_eb2880fc:282,union|44b6_eb2880fc:282|132,0,geometry_1_05_focus0,-23.7206430797354
44b6_eb2880fc,44b6_eb2880fc:282,union|44b6_eb2880fc:282|133,0,geometry_1_05_focus0,-16.82283834521795
44b6_eb2880fc,44b6_eb2880fc:282,union|44b6_eb2880fc:282|134,0,geometry_1_05_focus0,-22.96997850827021
44b6_eb2880fc,44b6_eb2880fc:282,union|44b6_eb2880fc:282|135,0,geometry_1_05_focus0,-23.479580645884926
44b6_eb2880fc,44b6_eb2880fc:282,union|44b6_eb2880fc:282|136,0,geometry_1_05_focus0,-23.70662352802742
44b6_eb2880fc,44b6_eb2880fc:282,union|44b6_eb2880fc:282|137,0,geometry_1_05_focus0,-21.477273685473016
44b6_eb2880fc,44b6_eb2880fc:282,union|44b6_eb2880fc:282|138,0,geometry_1_05_focus0,-24.033963577546608
44b6_eb2880fc,44b6_eb2880fc:282,union|44b6_eb2880fc:282|139,0,geometry_1_05_focus0,-21.664938939520148
44b6_eb2880fc,44b6_eb2880fc:282,union|44b6_eb2880fc:282|140,0,geometry_1_05_focus0,-21.055948790947255
44b6_eb2880fc,44b6_eb2880fc:282,union|44b6_eb2880fc:282|141,0,geometry_1_05_focus0,-22.187077651089528
44b6_eb2880fc,44b6_eb2880fc:282,union|44b6_eb2880fc:282|142,0,geometry_1_05_focus0,-16.56782698464265
44b6_eb2880fc,44b6_eb2880fc:282,union|44b6_eb2880fc:282|143,0,geometry_1_05_focus0,-21.620214475673087
44b6_eb2880fc,44b6_eb2880fc:282,union|44b6_eb2880fc:282|144,0,geometry_1_05_focus0,-12.117371957550002
44b6_eb2880fc,44b6_eb2880fc:282,union|44b6_eb2880fc:282|145,0,geometry_1_05_focus0,-20.921529716658693
44b6_eb2880fc,44b6_eb2880fc:282,union|44b6_eb2880fc:282|146,0,geometry_1_05_focus0,-15.240058197631322
44b6_eb2880fc,44b6_eb2880fc:282,union|44b6_eb2880fc:282|147,0,geometry_1_05_focus0,-13.818966827421596
44b6_eb2880fc,44b6_eb2880fc:282,union|44b6_eb2880fc:282|148,0,geometry_1_05_focus0,-12.38300138192131
44b6_eb2880fc,44b6_eb2880fc:282,union|44b6_eb2880fc:282|149,0,geometry_1_05_focus0,-19.24977205819971
44b6_eb2880fc,44b6_eb2880fc:282,union|44b6_eb2880fc:282|150,0,geometry_1_05_focus0,-23.362672319240403
44b6_eb2880fc,44b6_eb2880fc:282,union|44b6_eb2880fc:282|151,0,geometry_1_05_focus0,-20.928650877809503
44b6_eb2880fc,44b6_eb2880fc:282,union|44b6_eb2880fc:282|152,0,geometry_1_05_focus0,-18.474361253662877
44b6_eb2880fc,44b6_eb2880fc:282,union|44b6_eb2880fc:282|153,0,geometry_1_05_focus0,-18.65649331222339
44b6_eb2880fc,44b6_eb2880fc:282,union|44b6_eb2880fc:282|154,0,geometry_1_05_focus0,-20.171285361005832
44b6_eb2880fc,44b6_eb2880fc:282,union|44b6_eb2880fc:282|155,0,geometry_1_05_focus0,-18.49330666639657
44b6_eb2880fc,44b6_eb2880fc:282,union|44b6_eb2880fc:282|156,0,geometry_1_05_focus0,-18.355797601483296
44b6_eb2880fc,44b6_eb2880fc:282,union|44b6_eb2880fc:282|157,0,geometry_1_05_focus0,-19.876444878948956
44b6_eb2880fc,44b6_eb2880fc:282,union|44b6_eb2880fc:282|158,0,geometry_1_05_focus0,-17.025518019221092
44b6_eb2880fc,44b6_eb2880fc:282,union|44b6_eb2880fc:282|159,0,geometry_1_05_focus0,-21.50291415059897
44b6_eb2880fc,44b6_eb2880fc:282,union|44b6_eb2880fc:282|160,0,geometry_1_05_focus0,-16.731655528620234
44b6_eb2880fc,44b6_eb2880fc:282,union|44b6_eb2880fc:282|161,0,geometry_1_05_focus0,-18.753191542849464
44b6_eb2880fc,44b6_eb2880fc:282,union|44b6_eb2880fc:282|162,0,geometry_1_05_focus0,-22.07706600589473
44b6_eb2880fc,44b6_eb2880fc:282,union|44b6_eb2880fc:282|163,0,geometry_1_05_focus0,-19.248019983842617
44b6_eb2880fc,44b6_eb2880fc:282,union|44b6_eb2880fc:282|164,0,geometry_1_05_focus0,-23.79949401723325
44b6_eb2880fc,44b6_eb2880fc:282,union|44b6_eb2880fc:282|165,0,geometry_1_05_focus0,-24.3815468652821
44b6_eb2880fc,44b6_eb2880fc:282,union|44b6_eb2880fc:282|166,0,geometry_1_05_focus0,-18.41809737101685
44b6_eb2880fc,44b6_eb2880fc:282,union|44b6_eb2880fc:282|167,0,geometry_1_05_focus0,-21.285945224606948
44b6_eb2880fc,44b6_eb2880fc:282,union|44b6_eb2880fc:282|168,0,geometry_1_05_focus0,-19.453035652909087
44b6_eb2880fc,44b6_eb2880fc:282,union|44b6_eb2880fc:282|169,0,geometry_1_05_focus0,-14.384317539191354
44b6_eb2880fc,44b6_eb2880fc:282,union|44b6_eb2880fc:282|170,0,geometry_1_05_focus0,-9.92662199975404
44b6_eb2880fc,44b6_eb2880fc:282,union|44b6_eb2880fc:282|171,0,geometry_1_05_focus0,-9.804354799061581
44b6_eb2880fc,44b6_eb2880fc:282,union|44b6_eb2880fc:282|172,0,geometry_1_05_focus0,-22.739274658186126
44b6_eb2880fc,44b6_eb2880fc:282,union|44b6_eb2880fc:282|173,0,geometry_1_05_focus0,-16.93069532911118
44b6_eb2880fc,44b6_eb2880fc:282,union|44b6_eb2880fc:282|174,0,geometry_1_05_focus0,-19.907150789771073
44b6_eb2880fc,44b6_eb2880fc:282,union|44b6_eb2880fc:282|175,0,geometry_1_05_focus0,-18.491032377707516
44b6_eb2880fc,44b6_eb2880fc:282,union|44b6_eb2880fc:282|176,0,geometry_1_05_focus0,-15.232897478472001
44b6_eb2880fc,44b6_eb2880fc:282,union|44b6_eb2880fc:282|177,0,geometry_1_05_focus0,-12.709918145640302
44b6_eb2880fc,44b6_eb2880fc:282,union|44b6_eb2880fc:282|178,0,geometry_1_05_focus0,-21.90170906941193
44b6_eb2880fc,44b6_eb2880fc:282,union|44b6_eb2880fc:282|179,0,geometry_1_05_focus0,-11.99532661337637
44b6_eb2880fc,44b6_eb2880fc:282,union|44b6_eb2880fc:282|180,0,geometry_1_05_focus0,-22.543889634246657
6bba_05db0fb1,6bba_05db0fb1:229,union|6bba_05db0fb1:229|0,0,geometry_1_05_focus0,-19.134317129512198
6bba_05db0fb1,6bba_05db0fb1:229,union|6bba_05db0fb1:229|1,0,geometry_1_05_focus0,-21.300850587625977
6bba_05db0fb1,6bba_05db0fb1:229,union|6bba_05db0fb1:229|2,0,geometry_1_05_focus0,-20.118337952141182
6bba_05db0fb1,6bba_05db0fb1:229,union|6bba_05db0fb1:229|3,0,geometry_1_05_focus0,-20.605144991186354
6bba_05db0fb1,6bba_05db0fb1:229,union|6bba_05db0fb1:229|4,0,geometry_1_05_focus0,-22.97240893150763
6bba_05db0fb1,6bba_05db0fb1:229,union|6bba_05db0fb1:229|5,0,geometry_1_05_focus0,-19.201561685379502
6bba_05db0fb1,6bba_05db0fb1:229,union|6bba_05db0fb1:229|6,0,geometry_1_05_focus0,-23.62952423768222
6bba_05db0fb1,6bba_05db0fb1:229,union|6bba_05db0fb1:229|7,0,geometry_1_05_focus0,-22.699965795909357
6bba_05db0fb1,6bba_05db0fb1:229,union|6bba_05db0fb1:229|8,0,geometry_1_05_focus0,-22.624516619064135
6bba_05db0fb1,6bba_05db0fb1:229,union|6bba_05db0fb1:229|9,0,geometry_1_05_focus0,-23.62952423768222
6bba_05db0fb1,6bba_05db0fb1:229,union|6bba_05db0fb1:229|10,0,geometry_1_05_focus0,-23.487543191437645
6bba_05db0fb1,6bba_05db0fb1:229,union|6bba_05db0fb1:229|11,0,geometry_1_05_focus0,-20.80850888590182
6bba_05db0fb1,6bba_05db0fb1:229,union|6bba_05db0fb1:229|12,0,geometry_1_05_focus0,-18.905235158400426
6bba_05db0fb1,6bba_05db0fb1:229,union|6bba_05db0fb1:229|13,0,geometry_1_05_focus0,-23.690649791458256
6bba_05db0fb1,6bba_05db0fb1:229,union|6bba_05db0fb1:229|14,0,geometry_1_05_focus0,-22.780575605093837
6bba_05db0fb1,6bba_05db0fb1:229,union|6bba_05db0fb1:229|15,0,geometry_1_05_focus0,-23.536067102011167
6bba_05db0fb1,6bba_05db0fb1:229,union|6bba_05db0fb1:229|16,0,geometry_1_05_focus0,-14.385497717851045
6bba_05db0fb1,6bba_05db0fb1:229,union|6bba_05db0fb1:229|17,0,geometry_1_05_focus0,-14.780523291625165
6bba_05db0fb1,6bba_05db0fb1:229,union|6bba_05db0fb1:229|18,0,geometry_1_05_focus0,-20.99795271423347
6bba_05db0fb1,6bba_05db0fb1:229,union|6bba_05db0fb1:229|19,0,geometry_1_05_focus0,-16.539317364485864
6bba_05db0fb1,6bba_05db0fb1:229,union|6bba_05db0fb1:229|20,0,geometry_1_05_focus0,-17.143800938982185
6bba_05db0fb1,6bba_05db0fb1:229,union|6bba_05db0fb1:229|21,0,geometry_1_05_focus0,-22.03026598122068
6bba_05db0fb1,6bba_05db0fb1:229,union|6bba_05db0fb1:229|22,0,geometry_1_05_focus0,-20.27994727615757
6bba_05db0fb1,6bba_05db0fb1:229,union|6bba_05db0fb1:229|23,0,geometry_1_05_focus0,-16.320166170868802
6bba_05db0fb1,6bba_05db0fb1:229,union|6bba_05db0fb1:229|24,0,geometry_1_05_focus0,-23.778810392574137
6bba_05db0fb1,6bba_05db0fb1:229,union|6bba_05db0fb1:229|25,0,geometry_1_05_focus0,-25.318986876570957
6bba_05db0fb1,6bba_05db0fb1:229,union|6bba_05db0fb1:229|26,0,geometry_1_05_focus0,-23.053522834743713
6bba_05db0fb1,6bba_05db0fb1:229,union|6bba_05db0fb1:229|27,0,geometry_1_05_focus0,-10.866780777215606
6bba_05db0fb1,6bba_05db0fb1:229,union|6bba_05db0fb1:229|28,0,geometry_1_05_focus0,-16.693757707132658
6bba_05db0fb1,6bba_05db0fb1:229,union|6bba_05db0fb1:229|29,0,geometry_1_05_focus0,-24.851605596831874
6bba_05db0fb1,6bba_05db0fb1:229,union|6bba_05db0fb1:229|30,0,geometry_1_05_focus0,-15.567666731917079
6bba_05db0fb1,6bba_05db0fb1:229,union|6bba_05db0fb1:229|31,0,geometry_1_05_focus0,-20.130616440455142
6bba_05db0fb1,6bba_05db0fb1:229,union|6bba_05db0fb1:229|32,0,geometry_1_05_focus0,-20.84086245088126
6bba_05db0fb1,6bba_05db0fb1:229,union|6bba_05db0fb1:229|33,0,geometry_1_05_focus0,-21.01771933959198
6bba_05db0fb1,6bba_05db0fb1:229,union|6bba_05db0fb1:229|34,0,geometry_1_05_focus0,-21.676047201266137
6bba_05db0fb1,6bba_05db0fb1:229,union|6bba_05db0fb1:229|35,0,geometry_1_05_focus0,-20.53275778250617
6bba_05db0fb1,6bba_05db0fb1:229,union|6bba_05db0fb1:229|36,0,geometry_1_05_focus0,-25.11401493486072
6bba_05db0fb1,6bba_05db0fb1:229,union|6bba_05db0fb1:229|37,0,geometry_1_05_focus0,-23.655866836934155
6bba_05db0fb1,6bba_05db0fb1:229,union|6bba_05db0fb1:229|38,0,geometry_1_05_focus0,-23.851791230974463
6bba_05db0fb1,6bba_05db0fb1:229,union|6bba_05db0fb1:229|39,0,geometry_1_05_focus0,-15.532181915198732
6bba_05db0fb1,6bba_05db0fb1:229,union|6bba_05db0fb1:229|40,0,geometry_1_05_focus0,-23.49689165431031
6bba_05db0fb1,6bba_05db0fb1:229,union|6bba_05db0fb1:229|41,0,geometry_1_05_focus0,-24.38548555380067
6bba_05db0fb1,6bba_05db0fb1:229,union|6bba_05db0fb1:229|42,0,geometry_1_05_focus0,-16.417299872194107
6bba_05db0fb1,6bba_05db0fb1:229,union|6bba_05db0fb1:229|43,0,geometry_1_05_focus0,-17.137330822805524
6bba_05db0fb1,6bba_05db0fb1:229,union|6bba_05db0fb1:229|44,0,geometry_1_05_focus0,-14.665982096633993
6bba_05db0fb1,6bba_05db0fb1:229,union|6bba_05db0fb1:229|45,0,geometry_1_05_focus0,-19.606372165863984
6bba_05db0fb1,6bba_05db0fb1:229,union|6bba_05db0fb1:229|46,0,geometry_1_05_focus0,-22.77690484389522
6bba_05db0fb1,6bba_05db0fb1:229,union|6bba_05db0fb1:229|47,0,geometry_1_05_focus0,-22.699965795909357
6bba_05db0fb1,6bba_05db0fb1:229,union|6bba_05db0fb1:229|48,0,geometry_1_05_focus0,-21.010188679899187
6bba_05db0fb1,6bba_05db0fb1:229,union|6bba_05db0fb1:229|49,0,geometry_1_05_focus0,-13.953431254507759
6bba_05db0fb1,6bba_05db0fb1:229,union|6bba_05db0fb1:229|50,0,geometry_1_05_focus0,-20.27901642822487
6bba_05db0fb1,6bba_05db0fb1:229,union|6bba_05db0fb1:229|51,0,geometry_1_05_focus0,-24.209822049626545
6bba_05db0fb1,6bba_05db0fb1:229,union|6bba_05db0fb1:229|52,0,geometry_1_05_focus0,-23.3789917913269
6bba_05db0fb1,6bba_05db0fb1:229,union|6bba_05db0fb1:229|53,0,geometry_1_05_focus0,-19.482300964683667
6bba_05db0fb1,6bba_05db0fb1:229,union|6bba_05db0fb1:229|54,0,geometry_1_05_focus0,-20.403460256249307
6bba_05db0fb1,6bba_05db0fb1:229,union|6bba_05db0fb1:229|55,0,geometry_1_05_focus0,-14.700608142264812
6bba_05db0fb1,6bba_05db0fb1:229,union|6bba_05db0fb1:229|56,0,geometry_1_05_focus0,-18.950834156797775
6bba_05db0fb1,6bba_05db0fb1:229,union|6bba_05db0fb1:229|57,0,geometry_1_05_focus0,-25.2311297125549
6bba_05db0fb1,6bba_05db0fb1:229,union|6bba_05db0fb1:229|58,0,geometry_1_05_focus0,-13.190097964240055
6bba_05db0fb1,6bba_05db0fb1:229,union|6bba_05db0fb1:229|59,0,geometry_1_05_focus0,-21.323758969925464
6bba_05db0fb1,6bba_05db0fb1:229,union|6bba_05db0fb1:229|60,0,geometry_1_05_focus0,-14.483883206535907
6bba_05db0fb1,6bba_05db0fb1:229,union|6bba_05db0fb1:229|61,0,geometry_1_05_focus0,-16.08421585086213
6bba_05db0fb1,6bba_05db0fb1:229,union|6bba_05db0fb1:229|62,0,geometry_1_05_focus0,-23.655866836934155
6bba_05db0fb1,6bba_05db0fb1:229,union|6bba_05db0fb1:229|63,0,geometry_1_05_focus0,-16.807359639296322
6bba_05db0fb1,6bba_05db0fb1:229,union|6bba_05db0fb1:229|64,0,geometry_1_05_focus0,-15.555490082631266
6bba_05db0fb1,6bba_05db0fb1:229,union|6bba_05db0fb1:229|65,0,geometry_1_05_focus0,-19.776391903869673
6bba_05db0fb1,6bba_05db0fb1:229,union|6bba_05db0fb1:229|66,0,geometry_1_05_focus0,-23.287203604599306
6bba_05db0fb1,6bba_05db0fb1:229,union|6bba_05db0fb1:229|67,0,geometry_1_05_focus0,-22.908872113399163
6bba_05db0fb1,6bba_05db0fb1:229,union|6bba_05db0fb1:229|68,0,geometry_1_05_focus0,-24.989484983138098
6bba_05db0fb1,6bba_05db0fb1:229,union|6bba_05db0fb1:229|69,0,geometry_1_05_focus0,-14.87661740823354
6bba_05db0fb1,6bba_05db0fb1:229,union|6bba_05db0fb1:229|70,0,geometry_1_05_focus0,-15.819887303309232
6bba_05db0fb1,6bba_05db0fb1:229,union|6bba_05db0fb1:229|71,0,geometry_1_05_focus0,-24.277495648233945
6bba_05db0fb1,6bba_05db0fb1:229,union|6bba_05db0fb1:229|72,0,geometry_1_05_focus0,-15.050056707592567
6bba_05db0fb1,6bba_05db0fb1:229,union|6bba_05db0fb1:229|73,0,geometry_1_05_focus0,-20.732573307231984
6bba_05db0fb1,6bba_05db0fb1:229,union|6bba_05db0fb1:229|74,0,geometry_1_05_focus0,-22.117297322561207
6bba_05db0fb1,6bba_05db0fb1:229,union|6bba_05db0fb1:229|75,0,geometry_1_05_focus0,-24.341280251049632
6bba_05db0fb1,6bba_05db0fb1:229,union|6bba_05db0fb1:229|76,0,geometry_1_05_focus0,-23.36045100284881
6bba_05db0fb1,6bba_05db0fb1:229,union|6bba_05db0fb1:229|77,0,geometry_1_05_focus0,-20.585114710650863
6bba_05db0fb1,6bba_05db0fb1:229,union|6bba_05db0fb1:229|78,0,geometry_1_05_focus0,-22.814012023025366
6bba_05db0fb1,6bba_05db0fb1:229,union|6bba_05db0fb1:229|79,0,geometry_1_05_focus0,-21.260835100974717
6bba_05db0fb1,6bba_05db0fb1:229,union|6bba_05db0fb1:229|80,0,geometry_1_05_focus0,-20.696057909571177
6bba_05db0fb1,6bba_05db0fb1:229,union|6bba_05db0fb1:229|81,0,geometry_1_05_focus0,-21.1555314928099
6bba_05db0fb1,6bba_05db0fb1:229,union|6bba_05db0fb1:229|82,0,geometry_1_05_focus0,-20.11255736617888
6bba_05db0fb1,6bba_05db0fb1:229,union|6bba_05db0fb1:229|83,0,geometry_1_05_focus0,-23.347544717325974
6bba_05db0fb1,6bba_05db0fb1:229,union|6bba_05db0fb1:229|84,0,geometry_1_05_focus0,-20.306461985619933
6bba_05db0fb1,6bba_05db0fb1:229,union|6bba_05db0fb1:229|85,0,geometry_1_05_focus0,-19.67314305152225
6bba_05db0fb1,6bba_05db0fb1:229,union|6bba_05db0fb1:229|86,0,geometry_1_05_focus0,-15.82669503983127
6bba_05db0fb1,6bba_05db0fb1:229,union|6bba_05db0fb1:229|87,1,geometry_1_05_focus0,-14.950230943517465
6bba_05db0fb1,6bba_05db0fb1:229,union|6bba_05db0fb1:229|88,0,geometry_1_05_focus0,-15.940730974010872
6bba_05db0fb1,6bba_05db0fb1:229,union|6bba_05db0fb1:229|89,0,geometry_1_05_focus0,-19.007048479436875
6bba_05db0fb1,6bba_05db0fb1:229,union|6bba_05db0fb1:229|90,0,geometry_1_05_focus0,-22.689073792596623
6bba_05db0fb1,6bba_05db0fb1:229,union|6bba_05db0fb1:229|91,0,geometry_1_05_focus0,-21.151549302427554
6bba_05db0fb1,6bba_05db0fb1:229,union|6bba_05db0fb1:229|92,0,geometry_1_05_focus0,-16.61794902109316
6bba_05db0fb1,6bba_05db0fb1:229,union|6bba_05db0fb1:229|93,0,geometry_1_05_focus0,-19.83516695242873
6bba_05db0fb1,6bba_05db0fb1:229,union|6bba_05db0fb1:229|94,0,geometry_1_05_focus0,-14.282737150069384
6bba_05db0fb1,6bba_05db0fb1:229,union|6bba_05db0fb1:229|95,0,geometry_1_05_focus0,-20.272463895459286
6bba_05db0fb1,6bba_05db0fb1:229,union|6bba_05db0fb1:229|96,0,geometry_1_05_focus0,-20.424011534557813
6bba_05db0fb1,6bba_05db0fb1:229,union|6bba_05db0fb1:229|97,0,geometry_1_05_focus0,-16.94984887348029
6bba_05db0fb1,6bba_05db0fb1:229,union|6bba_05db0fb1:229|98,0,geometry_1_05_focus0,-20.006993009023677
6bba_05db0fb1,6bba_05db0fb1:229,union|6bba_05db0fb1:229|99,0,geometry_1_05_focus0,-24.58553818161826
6bba_05db0fb1,6bba_05db0fb1:229,union|6bba_05db0fb1:229|100,0,geometry_1_05_focus0,-23.193949716654735
6bba_05db0fb1,6bba_05db0fb1:229,union|6bba_05db0fb1:229|101,0,geometry_1_05_focus0,-17.26399550423731
6bba_05db0fb1,6bba_05db0fb1:229,union|6bba_05db0fb1:229|102,0,geometry_1_05_focus0,-12.38080077130016
6bba_05db0fb1,6bba_05db0fb1:229,union|6bba_05db0fb1:229|103,0,geometry_1_05_focus0,-21.024572633765295
6bba_05db0fb1,6bba_05db0fb1:229,union|6bba_05db0fb1:229|104,0,geometry_1_05_focus0,-16.871599175949903
6bba_05db0fb1,6bba_05db0fb1:229,union|6bba_05db0fb1:229|105,0,geometry_1_05_focus0,-17.044916336495472
6bba_05db0fb1,6bba_05db0fb1:229,union|6bba_05db0fb1:229|106,0,geometry_1_05_focus0,-20.53275778250617
6bba_05db0fb1,6bba_05db0fb1:229,union|6bba_05db0fb1:229|107,0,geometry_1_05_focus0,-19.780465119321455
6bba_05db0fb1,6bba_05db0fb1:229,union|6bba_05db0fb1:229|108,0,geometry_1_05_focus0,-21.472143271059362
6bba_05db0fb1,6bba_05db0fb1:229,union|6bba_05db0fb1:229|109,0,geometry_1_05_focus0,-22.29294429412484
6bba_05db0fb1,6bba_05db0fb1:229,union|6bba_05db0fb1:229|110,0,geometry_1_05_focus0,-19.94407223617435
6bba_05db0fb1,6bba_05db0fb1:229,union|6bba_05db0fb1:229|111,0,geometry_1_05_focus0,-20.262752906946332
6bba_05db0fb1,6bba_05db0fb1:229,union|6bba_05db0fb1:229|112,0,geometry_1_05_focus0,-20.711111026006247
6bba_05db0fb1,6bba_05db0fb1:229,union|6bba_05db0fb1:229|113,0,geometry_1_05_focus0,-17.224937420950727
6bba_05db0fb1,6bba_05db0fb1:229,union|6bba_05db0fb1:229|114,0,geometry_1_05_focus0,-22.285197865261317
6bba_05db0fb1,6bba_05db0fb1:229,union|6bba_05db0fb1:229|115,0,geometry_1_05_focus0,-24.485493933805294
6bba_05db0fb1,6bba_05db0fb1:229,union|6bba_05db0fb1:229|116,0,geometry_1_05_focus0,-18.67739520854277
6bba_05db0fb1,6bba_05db0fb1:229,union|6bba_05db0fb1:229|117,0,geometry_1_05_focus0,-20.775372773891878
6bba_05db0fb1,6bba_05db0fb1:229,union|6bba_05db0fb1:229|118,0,geometry_1_05_focus0,-20.11704858186433
6bba_05db0fb1,6bba_05db0fb1:229,union|6bba_05db0fb1:229|119,0,geometry_1_05_focus0,-23.959361700898228
6bba_05db0fb1,6bba_05db0fb1:229,union|6bba_05db0fb1:229|120,0,geometry_1_05_focus0,-19.770345138542854
6bba_05db0fb1,6bba_05db0fb1:229,union|6bba_05db0fb1:229|121,0,geometry_1_05_focus0,-16.27227834669428
6bba_05db0fb1,6bba_05db0fb1:229,union|6bba_05db0fb1:229|122,0,geometry_1_05_focus0,-20.3557140079757
6bba_05db0fb1,6bba_05db0fb1:229,union|6bba_05db0fb1:229|123,0,geometry_1_05_focus0,-20.82503863888624
6bba_05db0fb1,6bba_05db0fb1:229,union|6bba_05db0fb1:229|124,0,geometry_1_05_focus0,-20.189746728908638
6bba_05db0fb1,6bba_05db0fb1:229,union|6bba_05db0fb1:229|125,0,geometry_1_05_focus0,-20.14012376181695
6bba_05db0fb1,6bba_05db0fb1:229,union|6bba_05db0fb1:229|126,0,geometry_1_05_focus0,-19.439253515289565
6bba_05db0fb1,6bba_05db0fb1:229,union|6bba_05db0fb1:229|127,0,geometry_1_05_focus0,-19.776391903869673
6bba_05db0fb1,6bba_05db0fb1:229,union|6bba_05db0fb1:229|128,0,geometry_1_05_focus0,-19.471911716421634
6bba_05db0fb1,6bba_05db0fb1:229,union|6bba_05db0fb1:229|129,0,geometry_1_05_focus0,-20.704050465939556
6bba_05db0fb1,6bba_05db0fb1:229,union|6bba_05db0fb1:229|130,0,geometry_1_05_focus0,-18.353953085003067
6bba_05db0fb1,6bba_05db0fb1:229,union|6bba_05db0fb1:229|131,0,geometry_1_05_focus0,-20.77797151260981
6bba_05db0fb1,6bba_05db0fb1:229,union|6bba_05db0fb1:229|132,0,geometry_1_05_focus0,-24.652197810237894
6bba_05db0fb1,6bba_05db0fb1:229,union|6bba_05db0fb1:229|133,0,geometry_1_05_focus0,-16.703301171921044
6bba_05db0fb1,6bba_05db0fb1:229,union|6bba_05db0fb1:229|134,0,geometry_1_05_focus0,-16.128368941704395
6bba_05db0fb1,6bba_05db0fb1:229,union|6bba_05db0fb1:229|135,0,geometry_1_05_focus0,-20.426578535165252
6bba_05db0fb1,6bba_05db0fb1:229,union|6bba_05db0fb1:229|136,0,geometry_1_05_focus0,-6.9410280582245125
6bba_05db0fb1,6bba_05db0fb1:229,union|6bba_05db0fb1:229|137,0,geometry_1_05_focus0,-18.13065819205802
6bba_05db0fb1,6bba_05db0fb1:229,union|6bba_05db0fb1:229|138,0,geometry_1_05_focus0,-16.807359639296322
6bba_05db0fb1,6bba_05db0fb1:229,union|6bba_05db0fb1:229|139,0,geometry_1_05_focus0,-20.586444948727042
6bba_05db0fb1,6bba_05db0fb1:229,union|6bba_05db0fb1:229|140,0,geometry_1_05_focus0,-23.185077800255563
6bba_05db0fb1,6bba_05db0fb1:229,union|6bba_05db0fb1:229|141,0,geometry_1_05_focus0,-19.473984785143358
6bba_05db0fb1,6bba_05db0fb1:229,union|6bba_05db0fb1:229|142,0,geometry_1_05_focus0,-21.360532845654348
6bba_05db0fb1,6bba_05db0fb1:229,union|6bba_05db0fb1:229|143,0,geometry_1_05_focus0,-22.888727492600772
6bba_05db0fb1,6bba_05db0fb1:229,union|6bba_05db0fb1:229|144,0,geometry_1_05_focus0,-23.998259545017063
6bba_05db0fb1,6bba_05db0fb1:229,union|6bba_05db0fb1:229|145,0,geometry_1_05_focus0,-19.645628574737255
6bba_05db0fb1,6bba_05db0fb1:229,union|6bba_05db0fb1:229|146,0,geometry_1_05_focus0,-15.886638827389875
6bba_05db0fb1,6bba_05db0fb1:229,union|6bba_05db0fb1:229|147,0,geometry_1_05_focus0,-20.179379926028062
6bba_05db0fb1,6bba_05db0fb1:229,union|6bba_05db0fb1:229|148,0,geometry_1_05_focus0,-18.06421718563807
6bba_05db0fb1,6bba_05db0fb1:229,union|6bba_05db0fb1:229|149,0,geometry_1_05_focus0,-23.78741873261364
6bba_05db0fb1,6bba_05db0fb1:229,union|6bba_05db0fb1:229|150,0,geometry_1_05_focus0,-25.352550991073358
6bba_05db0fb1,6bba_05db0fb1:229,union|6bba_05db0fb1:229|151,0,geometry_1_05_focus0,-24.14745060257109
6bba_05db0fb1,6bba_05db0fb1:229,union|6bba_05db0fb1:229|152,0,geometry_1_05_focus0,-21.454747080098706
6bba_05db0fb1,6bba_05db0fb1:229,union|6bba_05db0fb1:229|153,0,geometry_1_05_focus0,-21.224738715852368
6bba_05db0fb1,6bba_05db0fb1:229,union|6bba_05db0fb1:229|154,0,geometry_1_05_focus0,-22.01666780530114
6bba_05db0fb1,6bba_05db0fb1:229,union|6bba_05db0fb1:229|155,0,geometry_1_05_focus0,-20.439181360284042
6bba_05db0fb1,6bba_05db0fb1:229,union|6bba_05db0fb1:229|156,0,geometry_1_05_focus0,-23.452047008821967
6bba_05db0fb1,6bba_05db0fb1:229,union|6bba_05db0fb1:229|157,0,geometry_1_05_focus0,-18.356019455489076
6bba_05db0fb1,6bba_05db0fb1:229,union|6bba_05db0fb1:229|158,0,geometry_1_05_focus0,-22.989681422217974
6bba_05db0fb1,6bba_05db0fb1:229,union|6bba_05db0fb1:229|159,0,geometry_1_05_focus0,-23.47073137041044
6bba_05db0fb1,6bba_05db0fb1:229,union|6bba_05db0fb1:229|160,0,geometry_1_05_focus0,-21.195448824313157
6bba_05db0fb1,6bba_05db0fb1:229,union|6bba_05db0fb1:229|161,0,geometry_1_05_focus0,-23.011893262440054
6bba_05db0fb1,6bba_05db0fb1:229,union|6bba_05db0fb1:229|162,0,geometry_1_05_focus0,-23.918883446274677
6bba_05db0fb1,6bba_05db0fb1:229,union|6bba_05db0fb1:229|163,0,geometry_1_05_focus0,-16.83276104831143
6bba_05db0fb1,6bba_05db0fb1:229,union|6bba_05db0fb1:229|164,0,geometry_1_05_focus0,-25.069937839821634
6bba_05db0fb1,6bba_05db0fb1:229,union|6bba_05db0fb1:229|165,0,geometry_1_05_focus0,-15.943650540977346
6bba_05db0fb1,6bba_05db0fb1:229,union|6bba_05db0fb1:229|166,0,geometry_1_05_focus0,-20.363893754597495
6bba_05db0fb1,6bba_05db0fb1:229,union|6bba_05db0fb1:229|167,0,geometry_1_05_focus0,-20.67313051526048
6bba_05db0fb1,6bba_05db0fb1:229,union|6bba_05db0fb1:229|168,0,geometry_1_05_focus0,-16.082923673690146
6bba_05db0fb1,6bba_05db0fb1:229,union|6bba_05db0fb1:229|169,0,geometry_1_05_focus0,-16.68858589692113
6bba_05db0fb1,6bba_05db0fb1:229,union|6bba_05db0fb1:229|170,0,geometry_1_05_focus0,-21.160335788947485
6bba_05db0fb1,6bba_05db0fb1:229,union|6bba_05db0fb1:229|171,0,geometry_1_05_focus0,-19.12145906311248
6bba_05db0fb1,6bba_05db0fb1:229,union|6bba_05db0fb1:229|172,0,geometry_1_05_focus0,-18.38811504468245
6bba_05db0fb1,6bba_05db0fb1:606,union|6bba_05db0fb1:606|0,0,geometry_1_05_focus0,-21.344287759327607
6bba_05db0fb1,6bba_05db0fb1:606,union|6bba_05db0fb1:606|1,0,geometry_1_05_focus0,-22.149629582679477
6bba_05db0fb1,6bba_05db0fb1:606,union|6bba_05db0fb1:606|2,0,geometry_1_05_focus0,-21.73328564084439
6bba_05db0fb1,6bba_05db0fb1:606,union|6bba_05db0fb1:606|3,0,geometry_1_05_focus0,-23.307096958847332
6bba_05db0fb1,6bba_05db0fb1:606,union|6bba_05db0fb1:606|4,0,geometry_1_05_focus0,-21.40145576037797
6bba_05db0fb1,6bba_05db0fb1:606,union|6bba_05db0fb1:606|5,0,geometry_1_05_focus0,-22.911545162186904
6bba_05db0fb1,6bba_05db0fb1:606,union|6bba_05db0fb1:606|6,0,geometry_1_05_focus0,-22.326907706195776
6bba_05db0fb1,6bba_05db0fb1:606,union|6bba_05db0fb1:606|7,0,geometry_1_05_focus0,-23.40364395594569
6bba_05db0fb1,6bba_05db0fb1:606,union|6bba_05db0fb1:606|8,0,geometry_1_05_focus0,-23.027661888134375
6bba_05db0fb1,6bba_05db0fb1:606,union|6bba_05db0fb1:606|9,0,geometry_1_05_focus0,-19.545135250269688
6bba_05db0fb1,6bba_05db0fb1:606,union|6bba_05db0fb1:606|10,0,geometry_1_05_focus0,-21.177312740864746
6bba_05db0fb1,6bba_05db0fb1:606,union|6bba_05db0fb1:606|11,0,geometry_1_05_focus0,-15.4225017979481
6bba_05db0fb1,6bba_05db0fb1:606,union|6bba_05db0fb1:606|12,0,geometry_1_05_focus0,-19.150842461314745
6bba_05db0fb1,6bba_05db0fb1:606,union|6bba_05db0fb1:606|13,0,geometry_1_05_focus0,-23.923984892928406
6bba_05db0fb1,6bba_05db0fb1:606,union|6bba_05db0fb1:606|14,0,geometry_1_05_focus0,-20.238002419294475
6bba_05db0fb1,6bba_05db0fb1:606,union|6bba_05db0fb1:606|15,0,geometry_1_05_focus0,-21.638895788890018
6bba_05db0fb1,6bba_05db0fb1:606,union|6bba_05db0fb1:606|16,0,geometry_1_05_focus0,-19.38497847713375
6bba_05db0fb1,6bba_05db0fb1:606,union|6bba_05db0fb1:606|17,0,geometry_1_05_focus0,-21.465119407887414
6bba_05db0fb1,6bba_05db0fb1:606,union|6bba_05db0fb1:606|18,0,geometry_1_05_focus0,-21.192768357395234
6bba_05db0fb1,6bba_05db0fb1:606,union|6bba_05db0fb1:606|19,0,geometry_1_05_focus0,-17.118551185522477
6bba_05db0fb1,6bba_05db0fb1:606,union|6bba_05db0fb1:606|20,0,geometry_1_05_focus0,-23.71779445772161
6bba_05db0fb1,6bba_05db0fb1:606,union|6bba_05db0fb1:606|21,0,geometry_1_05_focus0,-21.140495774574916
6bba_05db0fb1,6bba_05db0fb1:606,union|6bba_05db0fb1:606|22,0,geometry_1_05_focus0,-21.42745462048609
6bba_05db0fb1,6bba_05db0fb1:606,union|6bba_05db0fb1:606|23,0,geometry_1_05_focus0,-18.486479683697794
6bba_05db0fb1,6bba_05db0fb1:606,union|6bba_05db0fb1:606|24,0,geometry_1_05_focus0,-22.162589946464983
6bba_05db0fb1,6bba_05db0fb1:606,union|6bba_05db0fb1:606|25,0,geometry_1_05_focus0,-22.27313545409151
6bba_05db0fb1,6bba_05db0fb1:606,union|6bba_05db0fb1:606|26,0,geometry_1_05_focus0,-23.259892317883732
6bba_05db0fb1,6bba_05db0fb1:606,union|6bba_05db0fb1:606|27,0,geometry_1_05_focus0,-21.08414828817541
6bba_05db0fb1,6bba_05db0fb1:606,union|6bba_05db0fb1:606|28,0,geometry_1_05_focus0,-23.564329575601427
6bba_05db0fb1,6bba_05db0fb1:606,union|6bba_05db0fb1:606|29,0,geometry_1_05_focus0,-20.653409711541673
6bba_05db0fb1,6bba_05db0fb1:606,union|6bba_05db0fb1:606|30,0,geometry_1_05_focus0,-21.33910163026797
6bba_05db0fb1,6bba_05db0fb1:606,union|6bba_05db0fb1:606|31,0,geometry_1_05_focus0,-23.7126762529659
6bba_05db0fb1,6bba_05db0fb1:606,union|6bba_05db0fb1:606|32,0,geometry_1_05_focus0,-21.23574503059015
6bba_05db0fb1,6bba_05db0fb1:606,union|6bba_05db0fb1:606|33,0,geometry_1_05_focus0,-20.709219214962275
6bba_05db0fb1,6bba_05db0fb1:606,union|6bba_05db0fb1:606|34,0,geometry_1_05_focus0,-24.58111088976135
6bba_05db0fb1,6bba_05db0fb1:606,union|6bba_05db0fb1:606|35,0,geometry_1_05_focus0,-23.33227472268721
6bba_05db0fb1,6bba_05db0fb1:606,union|6bba_05db0fb1:606|36,0,geometry_1_05_focus0,-19.785737102807094
6bba_05db0fb1,6bba_05db0fb1:606,union|6bba_05db0fb1:606|37,0,geometry_1_05_focus0,-24.059047224441844
6bba_05db0fb1,6bba_05db0fb1:606,union|6bba_05db0fb1:606|38,0,geometry_1_05_focus0,-25.380141781467614
6bba_05db0fb1,6bba_05db0fb1:606,union|6bba_05db0fb1:606|39,0,geometry_1_05_focus0,-22.474774297950557
6bba_05db0fb1,6bba_05db0fb1:606,union|6bba_05db0fb1:606|40,0,geometry_1_05_focus0,-25.05880045654345
6bba_05db0fb1,6bba_05db0fb1:606,union|6bba_05db0fb1:606|41,0,geometry_1_05_focus0,-25.05880045654345
6bba_05db0fb1,6bba_05db0fb1:606,union|6bba_05db0fb1:606|42,0,geometry_1_05_focus0,-25.671139363672353
6bba_05db0fb1,6bba_05db0fb1:606,union|6bba_05db0fb1:606|43,0,geometry_1_05_focus0,-23.542117696961316
6bba_05db0fb1,6bba_05db0fb1:606,union|6bba_05db0fb1:606|44,0,geometry_1_05_focus0,-24.81060360351305
6bba_05db0fb1,6bba_05db0fb1:606,union|6bba_05db0fb1:606|45,0,geometry_1_05_focus0,-25.905204764957993
6bba_05db0fb1,6bba_05db0fb1:606,union|6bba_05db0fb1:606|46,0,geometry_1_05_focus0,-25.888877796544122
6bba_05db0fb1,6bba_05db0fb1:606,union|6bba_05db0fb1:606|47,0,geometry_1_05_focus0,-19.41423338029186
6bba_05db0fb1,6bba_05db0fb1:606,union|6bba_05db0fb1:606|48,0,geometry_1_05_focus0,-16.849260080842807
6bba_05db0fb1,6bba_05db0fb1:606,union|6bba_05db0fb1:606|49,0,geometry_1_05_focus0,-22.88159614689821
6bba_05db0fb1,6bba_05db0fb1:606,union|6bba_05db0fb1:606|50,0,geometry_1_05_focus0,-16.80033434394422
6bba_05db0fb1,6bba_05db0fb1:606,union|6bba_05db0fb1:606|51,0,geometry_1_05_focus0,-21.79154473681791
6bba_05db0fb1,6bba_05db0fb1:606,union|6bba_05db0fb1:606|52,0,geometry_1_05_focus0,-17.71932052464996
6bba_05db0fb1,6bba_05db0fb1:606,union|6bba_05db0fb1:606|53,0,geometry_1_05_focus0,-18.047934264066345
6bba_05db0fb1,6bba_05db0fb1:606,union|6bba_05db0fb1:606|54,0,geometry_1_05_focus0,-21.7265285137804
6bba_05db0fb1,6bba_05db0fb1:606,union|6bba_05db0fb1:606|55,0,geometry_1_05_focus0,-13.818041164978714
6bba_05db0fb1,6bba_05db0fb1:606,union|6bba_05db0fb1:606|56,0,geometry_1_05_focus0,-17.73229164300347
6bba_05db0fb1,6bba_05db0fb1:606,union|6bba_05db0fb1:606|57,0,geometry_1_05_focus0,-18.107181546093248
6bba_05db0fb1,6bba_05db0fb1:606,union|6bba_05db0fb1:606|58,0,geometry_1_05_focus0,-12.937223140149394
6bba_05db0fb1,6bba_05db0fb1:606,union|6bba_05db0fb1:606|59,0,geometry_1_05_focus0,-21.805133216600737
6bba_05db0fb1,6bba_05db0fb1:606,union|6bba_05db0fb1:606|60,0,geometry_1_05_focus0,-21.990957809121912
6bba_05db0fb1,6bba_05db0fb1:606,union|6bba_05db0fb1:606|61,0,geometry_1_05_focus0,-18.025188360069556
6bba_05db0fb1,6bba_05db0fb1:606,union|6bba_05db0fb1:606|62,0,geometry_1_05_focus0,-19.667201109803628
6bba_05db0fb1,6bba_05db0fb1:606,union|6bba_05db0fb1:606|63,0,geometry_1_05_focus0,-21.833421679113744
6bba_05db0fb1,6bba_05db0fb1:606,union|6bba_05db0fb1:606|64,0,geometry_1_05_focus0,-21.805133216600737
6bba_05db0fb1,6bba_05db0fb1:606,union|6bba_05db0fb1:606|65,0,geometry_1_05_focus0,-24.01026323011638
6bba_05db0fb1,6bba_05db0fb1:606,union|6bba_05db0fb1:606|66,0,geometry_1_05_focus0,-19.547406904156254
6bba_05db0fb1,6bba_05db0fb1:606,union|6bba_05db0fb1:606|67,0,geometry_1_05_focus0,-19.36380233037798
6bba_05db0fb1,6bba_05db0fb1:606,union|6bba_05db0fb1:606|68,0,geometry_1_05_focus0,-19.508385579262345
6bba_05db0fb1,6bba_05db0fb1:606,union|6bba_05db0fb1:606|69,0,geometry_1_05_focus0,-21.019722296510253
6bba_05db0fb1,6bba_05db0fb1:606,union|6bba_05db0fb1:606|70,0,geometry_1_05_focus0,-21.005887425672068
6bba_05db0fb1,6bba_05db0fb1:606,union|6bba_05db0fb1:606|71,0,geometry_1_05_focus0,-19.925661381454297
6bba_05db0fb1,6bba_05db0fb1:606,union|6bba_05db0fb1:606|72,0,geometry_1_05_focus0,-18.88193340744705
6bba_05db0fb1,6bba_05db0fb1:606,union|6bba_05db0fb1:606|73,0,geometry_1_05_focus0,-24.20477341513038
6bba_05db0fb1,6bba_05db0fb1:606,union|6bba_05db0fb1:606|74,0,geometry_1_05_focus0,-24.34211448534596
6bba_05db0fb1,6bba_05db0fb1:606,union|6bba_05db0fb1:606|75,0,geometry_1_05_focus0,-24.84103165079035
6bba_05db0fb1,6bba_05db0fb1:606,union|6bba_05db0fb1:606|76,0,geometry_1_05_focus0,-21.62583586915588
6bba_05db0fb1,6bba_05db0fb1:606,union|6bba_05db0fb1:606|77,0,geometry_1_05_focus0,-15.198062787125517
6bba_05db0fb1,6bba_05db0fb1:606,union|6bba_05db0fb1:606|78,0,geometry_1_05_focus0,-24.408312706129145
6bba_05db0fb1,6bba_05db0fb1:606,union|6bba_05db0fb1:606|79,0,geometry_1_05_focus0,-21.97483062057223
6bba_05db0fb1,6bba_05db0fb1:606,union|6bba_05db0fb1:606|80,0,geometry_1_05_focus0,-14.19435072004758
6bba_05db0fb1,6bba_05db0fb1:606,union|6bba_05db0fb1:606|81,0,geometry_1_05_focus0,-18.216921307414168
6bba_05db0fb1,6bba_05db0fb1:606,union|6bba_05db0fb1:606|82,0,geometry_1_05_focus0,-16.198903290034902
6bba_05db0fb1,6bba_05db0fb1:606,union|6bba_05db0fb1:606|83,0,geometry_1_05_focus0,-21.797248068864498
6bba_05db0fb1,6bba_05db0fb1:606,union|6bba_05db0fb1:606|84,0,geometry_1_05_focus0,-14.766136459498124
6bba_05db0fb1,6bba_05db0fb1:606,union|6bba_05db0fb1:606|85,0,geometry_1_05_focus0,-21.309433508190125
6bba_05db0fb1,6bba_05db0fb1:606,union|6bba_05db0fb1:606|86,0,geometry_1_05_focus0,-18.518220879547894
6bba_05db0fb1,6bba_05db0fb1:606,union|6bba_05db0fb1:606|87,0,geometry_1_05_focus0,-20.338246429861172
6bba_05db0fb1,6bba_05db0fb1:606,union|6bba_05db0fb1:606|88,0,geometry_1_05_focus0,-15.69798325773997
6bba_05db0fb1,6bba_05db0fb1:606,union|6bba_05db0fb1:606|89,0,geometry_1_05_focus0,-17.906014264981884
6bba_05db0fb1,6bba_05db0fb1:606,union|6bba_05db0fb1:606|90,0,geometry_1_05_focus0,-18.766180307305646
6bba_05db0fb1,6bba_05db0fb1:606,union|6bba_05db0fb1:606|91,0,geometry_1_05_focus0,-19.953158988586715
6bba_05db0fb1,6bba_05db0fb1:606,union|6bba_05db0fb1:606|92,0,geometry_1_05_focus0,-19.263557253263354
6bba_05db0fb1,6bba_05db0fb1:606,union|6bba_05db0fb1:606|93,0,geometry_1_05_focus0,-20.387330212352115
6bba_05db0fb1,6bba_05db0fb1:606,union|6bba_05db0fb1:606|94,0,geometry_1_05_focus0,-19.477305086275827
6bba_05db0fb1,6bba_05db0fb1:606,union|6bba_05db0fb1:606|95,0,geometry_1_05_focus0,-19.497612483041905
6bba_05db0fb1,6bba_05db0fb1:606,union|6bba_05db0fb1:606|96,0,geometry_1_05_focus0,-19.965518004630574
6bba_05db0fb1,6bba_05db0fb1:606,union|6bba_05db0fb1:606|97,0,geometry_1_05_focus0,-20.062434435477677
6bba_05db0fb1,6bba_05db0fb1:606,union|6bba_05db0fb1:606|98,0,geometry_1_05_focus0,-13.443348831571196
6bba_05db0fb1,6bba_05db0fb1:606,union|6bba_05db0fb1:606|99,0,geometry_1_05_focus0,-17.137745182995282
6bba_05db0fb1,6bba_05db0fb1:606,union|6bba_05db0fb1:606|100,0,geometry_1_05_focus0,-21.31045543580697
6bba_05db0fb1,6bba_05db0fb1:606,union|6bba_05db0fb1:606|101,0,geometry_1_05_focus0,-20.831606312335214
6bba_05db0fb1,6bba_05db0fb1:606,union|6bba_05db0fb1:606|102,0,geometry_1_05_focus0,-22.86111077223697
6bba_05db0fb1,6bba_05db0fb1:606,union|6bba_05db0fb1:606|103,0,geometry_1_05_focus0,-9.705858394311715
6bba_05db0fb1,6bba_05db0fb1:606,union|6bba_05db0fb1:606|104,0,geometry_1_05_focus0,-18.9221704403727
6bba_05db0fb1,6bba_05db0fb1:606,union|6bba_05db0fb1:606|105,0,geometry_1_05_focus0,-13.997985233689825
6bba_05db0fb1,6bba_05db0fb1:606,union|6bba_05db0fb1:606|106,0,geometry_1_05_focus0,-19.518175975320645
6bba_05db0fb1,6bba_05db0fb1:606,union|6bba_05db0fb1:606|107,0,geometry_1_05_focus0,-16.01000501875899
6bba_05db0fb1,6bba_05db0fb1:606,union|6bba_05db0fb1:606|108,0,geometry_1_05_focus0,-16.9030658136842
6bba_05db0fb1,6bba_05db0fb1:606,union|6bba_05db0fb1:606|109,0,geometry_1_05_focus0,-22.412108519622024
6bba_05db0fb1,6bba_05db0fb1:606,union|6bba_05db0fb1:606|110,0,geometry_1_05_focus0,-16.92746584712146
6bba_05db0fb1,6bba_05db0fb1:606,union|6bba_05db0fb1:606|111,0,geometry_1_05_focus0,-20.192729077683406
6bba_05db0fb1,6bba_05db0fb1:606,union|6bba_05db0fb1:606|112,0,geometry_1_05_focus0,-19.075592530642012
6bba_05db0fb1,6bba_05db0fb1:606,union|6bba_05db0fb1:606|113,0,geometry_1_05_focus0,-19.345566504587204
6bba_05db0fb1,6bba_05db0fb1:606,union|6bba_05db0fb1:606|114,0,geometry_1_05_focus0,-16.578734648096066
6bba_05db0fb1,6bba_05db0fb1:606,union|6bba_05db0fb1:606|115,0,geometry_1_05_focus0,-19.70477547270645
6bba_05db0fb1,6bba_05db0fb1:606,union|6bba_05db0fb1:606|116,0,geometry_1_05_focus0,-22.44172290648098
6bba_05db0fb1,6bba_05db0fb1:606,union|6bba_05db0fb1:606|117,0,geometry_1_05_focus0,-16.02738246740592
6bba_05db0fb1,6bba_05db0fb1:606,union|6bba_05db0fb1:606|118,0,geometry_1_05_focus0,-18.448201215536443
6bba_05db0fb1,6bba_05db0fb1:606,union|6bba_05db0fb1:606|119,0,geometry_1_05_focus0,-16.238003765551014
6bba_05db0fb1,6bba_05db0fb1:606,union|6bba_05db0fb1:606|120,0,geometry_1_05_focus0,-20.55342991628803
6bba_05db0fb1,6bba_05db0fb1:606,union|6bba_05db0fb1:606|121,0,geometry_1_05_focus0,-12.719173512196502
6bba_05db0fb1,6bba_05db0fb1:606,union|6bba_05db0fb1:606|122,0,geometry_1_05_focus0,-24.119363268245678
6bba_05db0fb1,6bba_05db0fb1:606,union|6bba_05db0fb1:606|123,0,geometry_1_05_focus0,-8.476603058171623
6bba_05db0fb1,6bba_05db0fb1:606,union|6bba_05db0fb1:606|124,0,geometry_1_05_focus0,-15.34277130769775
6bba_05db0fb1,6bba_05db0fb1:606,union|6bba_05db0fb1:606|125,0,geometry_1_05_focus0,-16.261031083426708
6bba_05db0fb1,6bba_05db0fb1:606,union|6bba_05db0fb1:606|126,0,geometry_1_05_focus0,-23.9157818735906
6bba_05db0fb1,6bba_05db0fb1:606,union|6bba_05db0fb1:606|127,0,geometry_1_05_focus0,-16.802487366491263
6bba_05db0fb1,6bba_05db0fb1:606,union|6bba_05db0fb1:606|128,0,geometry_1_05_focus0,-16.237908077114522
6bba_05db0fb1,6bba_05db0fb1:606,union|6bba_05db0fb1:606|129,0,geometry_1_05_focus0,-16.336945702696298
6bba_05db0fb1,6bba_05db0fb1:606,union|6bba_05db0fb1:606|130,0,geometry_1_05_focus0,-16.146781153065607
6bba_05db0fb1,6bba_05db0fb1:606,union|6bba_05db0fb1:606|131,0,geometry_1_05_focus0,-15.258464309959624
6bba_05db0fb1,6bba_05db0fb1:606,union|6bba_05db0fb1:606|132,0,geometry_1_05_focus0,-21.706007232467392
6bba_05db0fb1,6bba_05db0fb1:606,union|6bba_05db0fb1:606|133,0,geometry_1_05_focus0,-16.29741836887296
6bba_05db0fb1,6bba_05db0fb1:606,union|6bba_05db0fb1:606|134,0,geometry_1_05_focus0,-21.74422388214799
6bba_05db0fb1,6bba_05db0fb1:606,union|6bba_05db0fb1:606|135,0,geometry_1_05_focus0,-24.08113819951158
6bba_05db0fb1,6bba_05db0fb1:606,union|6bba_05db0fb1:606|136,0,geometry_1_05_focus0,-18.2950705707032
6bba_05db0fb1,6bba_05db0fb1:606,union|6bba_05db0fb1:606|137,0,geometry_1_05_focus0,-22.349706152723062
6bba_05db0fb1,6bba_05db0fb1:606,union|6bba_05db0fb1:606|138,0,geometry_1_05_focus0,-23.767596267429553
6bba_05db0fb1,6bba_05db0fb1:606,union|6bba_05db0fb1:606|139,0,geometry_1_05_focus0,-19.713239380118114
6bba_05db0fb1,6bba_05db0fb1:606,union|6bba_05db0fb1:606|140,0,geometry_1_05_focus0,-16.360186019782702
6bba_05db0fb1,6bba_05db0fb1:606,union|6bba_05db0fb1:606|141,0,geometry_1_05_focus0,-15.516053975707369
6bba_05db0fb1,6bba_05db0fb1:606,union|6bba_05db0fb1:606|142,0,geometry_1_05_focus0,-19.780124707568525
6bba_05db0fb1,6bba_05db0fb1:606,union|6bba_05db0fb1:606|143,0,geometry_1_05_focus0,-23.651639000939575
6bba_05db0fb1,6bba_05db0fb1:606,union|6bba_05db0fb1:606|144,0,geometry_1_05_focus0,-24.593200839274118
6bba_05db0fb1,6bba_05db0fb1:606,union|6bba_05db0fb1:606|145,0,geometry_1_05_focus0,-20.44515913126327
6bba_05db0fb1,6bba_05db0fb1:606,union|6bba_05db0fb1:606|146,0,geometry_1_05_focus0,-24.57729268728103
6bba_05db0fb1,6bba_05db0fb1:606,union|6bba_05db0fb1:606|147,0,geometry_1_05_focus0,-21.579857519419313
6bba_05db0fb1,6bba_05db0fb1:606,union|6bba_05db0fb1:606|148,0,geometry_1_05_focus0,-13.16123267742459
6bba_05db0fb1,6bba_05db0fb1:606,union|6bba_05db0fb1:606|149,0,geometry_1_05_focus0,-17.31159782301676
6bba_05db0fb1,6bba_05db0fb1:606,union|6bba_05db0fb1:606|150,1,geometry_1_05_focus0,-13.378801658921912
6bba_05db0fb1,6bba_05db0fb1:606,union|6bba_05db0fb1:606|151,0,geometry_1_05_focus0,-24.303674267011345
6bba_05db0fb1,6bba_05db0fb1:606,union|6bba_05db0fb1:606|152,0,geometry_1_05_focus0,-15.287281346337117
6bba_05db0fb1,6bba_05db0fb1:606,union|6bba_05db0fb1:606|153,0,geometry_1_05_focus0,-16.388177030508956
6bba_05db0fb1,6bba_05db0fb1:606,union|6bba_05db0fb1:606|154,0,geometry_1_05_focus0,-16.659688387196276
6bba_05db0fb1,6bba_05db0fb1:751,union|6bba_05db0fb1:751|0,0,geometry_1_05_focus0,-21.245999485818587
6bba_05db0fb1,6bba_05db0fb1:751,union|6bba_05db0fb1:751|1,0,geometry_1_05_focus0,-16.276446232053473
6bba_05db0fb1,6bba_05db0fb1:751,union|6bba_05db0fb1:751|2,0,geometry_1_05_focus0,-16.60622560012573
6bba_05db0fb1,6bba_05db0fb1:751,union|6bba_05db0fb1:751|3,0,geometry_1_05_focus0,-16.286888040034945
6bba_05db0fb1,6bba_05db0fb1:751,union|6bba_05db0fb1:751|4,0,geometry_1_05_focus0,-16.333614233103837
6bba_05db0fb1,6bba_05db0fb1:751,union|6bba_05db0fb1:751|5,0,geometry_1_05_focus0,-18.61547656140406
6bba_05db0fb1,6bba_05db0fb1:751,union|6bba_05db0fb1:751|6,0,geometry_1_05_focus0,-17.280335523533708
6bba_05db0fb1,6bba_05db0fb1:751,union|6bba_05db0fb1:751|7,0,geometry_1_05_focus0,-21.05840463200629
6bba_05db0fb1,6bba_05db0fb1:751,union|6bba_05db0fb1:751|8,0,geometry_1_05_focus0,-21.33627898368092
6bba_05db0fb1,6bba_05db0fb1:751,union|6bba_05db0fb1:751|9,0,geometry_1_05_focus0,-20.28120363491277
6bba_05db0fb1,6bba_05db0fb1:751,union|6bba_05db0fb1:751|10,0,geometry_1_05_focus0,-21.81547496644692
6bba_05db0fb1,6bba_05db0fb1:751,union|6bba_05db0fb1:751|11,0,geometry_1_05_focus0,-16.200974486739632
6bba_05db0fb1,6bba_05db0fb1:751,union|6bba_05db0fb1:751|12,0,geometry_1_05_focus0,-16.650891251845714
6bba_05db0fb1,6bba_05db0fb1:751,union|6bba_05db0fb1:751|13,0,geometry_1_05_focus0,-20.46269282929083
6bba_05db0fb1,6bba_05db0fb1:751,union|6bba_05db0fb1:751|14,0,geometry_1_05_focus0,-16.744725101935128
6bba_05db0fb1,6bba_05db0fb1:751,union|6bba_05db0fb1:751|15,0,geometry_1_05_focus0,-20.10238944207593
6bba_05db0fb1,6bba_05db0fb1:751,union|6bba_05db0fb1:751|16,0,geometry_1_05_focus0,-18.533627382175318
6bba_05db0fb1,6bba_05db0fb1:751,union|6bba_05db0fb1:751|17,0,geometry_1_05_focus0,-20.968167838416402
6bba_05db0fb1,6bba_05db0fb1:751,union|6bba_05db0fb1:751|18,0,geometry_1_05_focus0,-21.154584262835645
6bba_05db0fb1,6bba_05db0fb1:751,union|6bba_05db0fb1:751|19,0,geometry_1_05_focus0,-21.015234964692834
6bba_05db0fb1,6bba_05db0fb1:751,union|6bba_05db0fb1:751|20,0,geometry_1_05_focus0,-20.727910447565204
6bba_05db0fb1,6bba_05db0fb1:751,union|6bba_05db0fb1:751|21,0,geometry_1_05_focus0,-19.66627855894427
6bba_05db0fb1,6bba_05db0fb1:751,union|6bba_05db0fb1:751|22,0,geometry_1_05_focus0,-21.939620222989596
6bba_05db0fb1,6bba_05db0fb1:751,union|6bba_05db0fb1:751|23,0,geometry_1_05_focus0,-14.737797071005843
6bba_05db0fb1,6bba_05db0fb1:751,union|6bba_05db0fb1:751|24,0,geometry_1_05_focus0,-21.365838418625806
6bba_05db0fb1,6bba_05db0fb1:751,union|6bba_05db0fb1:751|25,0,geometry_1_05_focus0,-20.831231043026296
6bba_05db0fb1,6bba_05db0fb1:751,union|6bba_05db0fb1:751|26,0,geometry_1_05_focus0,-19.63856909232083
6bba_05db0fb1,6bba_05db0fb1:751,union|6bba_05db0fb1:751|27,0,geometry_1_05_focus0,-22.298011064539843
6bba_05db0fb1,6bba_05db0fb1:751,union|6bba_05db0fb1:751|28,0,geometry_1_05_focus0,-19.661921957138865
6bba_05db0fb1,6bba_05db0fb1:751,union|6bba_05db0fb1:751|29,0,geometry_1_05_focus0,-21.316834686651674
6bba_05db0fb1,6bba_05db0fb1:751,union|6bba_05db0fb1:751|30,0,geometry_1_05_focus0,-17.819148938167924
6bba_05db0fb1,6bba_05db0fb1:751,union|6bba_05db0fb1:751|31,0,geometry_1_05_focus0,-19.952918800995377
6bba_05db0fb1,6bba_05db0fb1:751,union|6bba_05db0fb1:751|32,1,geometry_1_05_focus0,-12.009249461739895
6bba_05db0fb1,6bba_05db0fb1:751,union|6bba_05db0fb1:751|33,0,geometry_1_05_focus0,-16.955661306320952
6bba_05db0fb1,6bba_05db0fb1:751,union|6bba_05db0fb1:751|34,0,geometry_1_05_focus0,-15.415565274344374
6bba_05db0fb1,6bba_05db0fb1:751,union|6bba_05db0fb1:751|35,0,geometry_1_05_focus0,-20.312927608570668
6bba_05db0fb1,6bba_05db0fb1:751,union|6bba_05db0fb1:751|36,0,geometry_1_05_focus0,-16.07607803289033
6bba_05db0fb1,6bba_05db0fb1:751,union|6bba_05db0fb1:751|37,0,geometry_1_05_focus0,-25.300592705055458
6bba_05db0fb1,6bba_05db0fb1:751,union|6bba_05db0fb1:751|38,0,geometry_1_05_focus0,-21.709032988836213
6bba_05db0fb1,6bba_05db0fb1:751,union|6bba_05db0fb1:751|39,0,geometry_1_05_focus0,-21.099816795298743
6bba_05db0fb1,6bba_05db0fb1:751,union|6bba_05db0fb1:751|40,0,geometry_1_05_focus0,-15.21945572157913
6bba_05db0fb1,6bba_05db0fb1:751,union|6bba_05db0fb1:751|41,0,geometry_1_05_focus0,-19.67254693279098
6bba_05db0fb1,6bba_05db0fb1:751,union|6bba_05db0fb1:751|42,0,geometry_1_05_focus0,-18.402464827489307
6bba_05db0fb1,6bba_05db0fb1:751,union|6bba_05db0fb1:751|43,0,geometry_1_05_focus0,-14.52287312753629
6bba_05db0fb1,6bba_05db0fb1:751,union|6bba_05db0fb1:751|44,0,geometry_1_05_focus0,-12.823805952498507
6bba_05db0fb1,6bba_05db0fb1:751,union|6bba_05db0fb1:751|45,0,geometry_1_05_focus0,-20.241948299572435
6bba_05db0fb1,6bba_05db0fb1:751,union|6bba_05db0fb1:751|46,0,geometry_1_05_focus0,-19.924921360025294
6bba_05db0fb1,6bba_05db0fb1:751,union|6bba_05db0fb1:751|47,0,geometry_1_05_focus0,-18.59767339346026
6bba_05db0fb1,6bba_05db0fb1:751,union|6bba_05db0fb1:751|48,0,geometry_1_05_focus0,-20.879535721760483
6bba_05db0fb1,6bba_05db0fb1:751,union|6bba_05db0fb1:751|49,0,geometry_1_05_focus0,-20.873069675513108
6bba_05db0fb1,6bba_05db0fb1:751,union|6bba_05db0fb1:751|50,0,geometry_1_05_focus0,-22.637518117371027
6bba_05db0fb1,6bba_05db0fb1:751,union|6bba_05db0fb1:751|51,0,geometry_1_05_focus0,-21.57394719040939
6bba_05db0fb1,6bba_05db0fb1:751,union|6bba_05db0fb1:751|52,0,geometry_1_05_focus0,-13.233195530021638
6bba_05db0fb1,6bba_05db0fb1:751,union|6bba_05db0fb1:751|53,0,geometry_1_05_focus0,-18.00830102380893
6bba_05db0fb1,6bba_05db0fb1:751,union|6bba_05db0fb1:751|54,0,geometry_1_05_focus0,-20.790341855047338
6bba_05db0fb1,6bba_05db0fb1:751,union|6bba_05db0fb1:751|55,0,geometry_1_05_focus0,-20.279879458115616
6bba_05db0fb1,6bba_05db0fb1:751,union|6bba_05db0fb1:751|56,0,geometry_1_05_focus0,-21.73085879724072
6bba_05db0fb1,6bba_05db0fb1:751,union|6bba_05db0fb1:751|57,0,geometry_1_05_focus0,-23.709026158592895
6bba_05db0fb1,6bba_05db0fb1:751,union|6bba_05db0fb1:751|58,0,geometry_1_05_focus0,-16.936375507618983
6bba_05db0fb1,6bba_05db0fb1:751,union|6bba_05db0fb1:751|59,0,geometry_1_05_focus0,-15.08378622257856
6bba_05db0fb1,6bba_05db0fb1:751,union|6bba_05db0fb1:751|60,0,geometry_1_05_focus0,-18.772042234091245
6bba_05db0fb1,6bba_05db0fb1:751,union|6bba_05db0fb1:751|61,0,geometry_1_05_focus0,-18.85377855894427
6bba_05db0fb1,6bba_05db0fb1:751,union|6bba_05db0fb1:751|62,0,geometry_1_05_focus0,-20.83876107612415
6bba_05db0fb1,6bba_05db0fb1:751,union|6bba_05db0fb1:751|63,0,geometry_1_05_focus0,-23.68652570840705
6bba_05db0fb1,6bba_05db0fb1:751,union|6bba_05db0fb1:751|64,0,geometry_1_05_focus0,-24.03268062803493
6bba_05db0fb1,6bba_05db0fb1:751,union|6bba_05db0fb1:751|65,0,geometry_1_05_focus0,-19.820628943215148
6bba_05db0fb1,6bba_05db0fb1:751,union|6bba_05db0fb1:751|66,0,geometry_1_05_focus0,-18.13895557208103
6bba_05db0fb1,6bba_05db0fb1:751,union|6bba_05db0fb1:751|67,0,geometry_1_05_focus0,-11.614477345070664
6bba_05db0fb1,6bba_05db0fb1:751,union|6bba_05db0fb1:751|68,0,geometry_1_05_focus0,-20.26402580906691
6bba_05db0fb1,6bba_05db0fb1:751,union|6bba_05db0fb1:751|69,0,geometry_1_05_focus0,-20.239981758659553
6bba_05db0fb1,6bba_05db0fb1:751,union|6bba_05db0fb1:751|70,0,geometry_1_05_focus0,-21.22578120376672
6bba_05db0fb1,6bba_05db0fb1:751,union|6bba_05db0fb1:751|71,0,geometry_1_05_focus0,-21.022631397634598
6bba_05db0fb1,6bba_05db0fb1:751,union|6bba_05db0fb1:751|72,0,geometry_1_05_focus0,-21.9375
6bba_05db0fb1,6bba_05db0fb1:751,union|6bba_05db0fb1:751|73,0,geometry_1_05_focus0,-23.500376519812136
6bba_05db0fb1,6bba_05db0fb1:751,union|6bba_05db0fb1:751|74,0,geometry_1_05_focus0,-23.906448943711595
6bba_05db0fb1,6bba_05db0fb1:751,union|6bba_05db0fb1:751|75,0,geometry_1_05_focus0,-17.970292442739943
6bba_05db0fb1,6bba_05db0fb1:751,union|6bba_05db0fb1:751|76,0,geometry_1_05_focus0,-21.49525260648344
6bba_05db0fb1,6bba_05db0fb1:751,union|6bba_05db0fb1:751|77,0,geometry_1_05_focus0,-15.543778083601996
6bba_05db0fb1,6bba_05db0fb1:751,union|6bba_05db0fb1:751|78,0,geometry_1_05_focus0,-10.511009446485234
6bba_05db0fb1,6bba_05db0fb1:751,union|6bba_05db0fb1:751|79,0,geometry_1_05_focus0,-17.800809818114843
6bba_05db0fb1,6bba_05db0fb1:751,union|6bba_05db0fb1:751|80,0,geometry_1_05_focus0,-21.64388822874026
6bba_05db0fb1,6bba_05db0fb1:751,union|6bba_05db0fb1:751|81,0,geometry_1_05_focus0,-13.697170672572751
6bba_05db0fb1,6bba_05db0fb1:751,union|6bba_05db0fb1:751|82,0,geometry_1_05_focus0,-22.016721077578744
6bba_05db0fb1,6bba_05db0fb1:751,union|6bba_05db0fb1:751|83,0,geometry_1_05_focus0,-22.728603593320848
6bba_05db0fb1,6bba_05db0fb1:751,union|6bba_05db0fb1:751|84,0,geometry_1_05_focus0,-22.339269593699747
6bba_05db0fb1,6bba_05db0fb1:751,union|6bba_05db0fb1:751|85,0,geometry_1_05_focus0,-21.685686745773495
6bba_05db0fb1,6bba_05db0fb1:751,union|6bba_05db0fb1:751|86,0,geometry_1_05_focus0,-19.794132924698165
6bba_05db0fb1,6bba_05db0fb1:751,union|6bba_05db0fb1:751|87,0,geometry_1_05_focus0,-9.835537752986784
6bba_05db0fb1,6bba_05db0fb1:751,union|6bba_05db0fb1:751|88,0,geometry_1_05_focus0,-17.13610101681317
6bba_05db0fb1,6bba_05db0fb1:751,union|6bba_05db0fb1:751|89,0,geometry_1_05_focus0,-17.511017355810466
6bba_05db0fb1,6bba_05db0fb1:751,union|6bba_05db0fb1:751|90,0,geometry_1_05_focus0,-15.997489958842912
6bba_05db0fb1,6bba_05db0fb1:751,union|6bba_05db0fb1:751|91,0,geometry_1_05_focus0,-11.23133716593349
6bba_05db0fb1,6bba_05db0fb1:751,union|6bba_05db0fb1:751|92,0,geometry_1_05_focus0,-18.113128682488806
6bba_05db0fb1,6bba_05db0fb1:751,union|6bba_05db0fb1:751|93,0,geometry_1_05_focus0,-20.727910447565204
6bba_05db0fb1,6bba_05db0fb1:751,union|6bba_05db0fb1:751|94,0,geometry_1_05_focus0,-18.155832897341064
6bba_05db0fb1,6bba_05db0fb1:751,union|6bba_05db0fb1:751|95,0,geometry_1_05_focus0,-23.435637566375647
6bba_05db0fb1,6bba_05db0fb1:751,union|6bba_05db0fb1:751|96,0,geometry_1_05_focus0,-22.545762158076947
6bba_05db0fb1,6bba_05db0fb1:751,union|6bba_05db0fb1:751|97,0,geometry_1_05_focus0,-21.980260270000862
6bba_05db0fb1,6bba_05db0fb1:751,union|6bba_05db0fb1:751|98,0,geometry_1_05_focus0,-22.54385186991427
6bba_05db0fb1,6bba_05db0fb1:751,union|6bba_05db0fb1:751|99,0,geometry_1_05_focus0,-17.781507062324287
6bba_05db0fb1,6bba_05db0fb1:751,union|6bba_05db0fb1:751|100,0,geometry_1_05_focus0,-15.595832834389963
6bba_05db0fb1,6bba_05db0fb1:751,union|6bba_05db0fb1:751|101,0,geometry_1_05_focus0,-18.441259972014663
6bba_05db0fb1,6bba_05db0fb1:751,union|6bba_05db0fb1:751|102,0,geometry_1_05_focus0,-18.409853319374392
6bba_05db0fb1,6bba_05db0fb1:751,union|6bba_05db0fb1:751|103,0,geometry_1_05_focus0,-15.463789033518003
6bba_05db0fb1,6bba_05db0fb1:751,union|6bba_05db0fb1:751|104,0,geometry_1_05_focus0,-21.015234964692834
6bba_05db0fb1,6bba_05db0fb1:751,union|6bba_05db0fb1:751|105,0,geometry_1_05_focus0,-14.417541384990916
6bba_05db0fb1,6bba_05db0fb1:751,union|6bba_05db0fb1:751|106,0,geometry_1_05_focus0,-19.15842623155119
6bba_05db0fb1,6bba_05db0fb1:751,union|6bba_05db0fb1:751|107,0,geometry_1_05_focus0,-23.581627535481573
6bba_05db0fb1,6bba_05db0fb1:751,union|6bba_05db0fb1:751|108,0,geometry_1_05_focus0,-21.405235769876203
6bba_05db0fb1,6bba_05db0fb1:751,union|6bba_05db0fb1:751|109,0,geometry_1_05_focus0,-21.24927178993379
6bba_05db0fb1,6bba_05db0fb1:751,union|6bba_05db0fb1:751|110,0,geometry_1_05_focus0,-18.670491638064874
6bba_05db0fb1,6bba_05db0fb1:751,union|6bba_05db0fb1:751|111,0,geometry_1_05_focus0,-7.452775472014362
6bba_05db0fb1,6bba_05db0fb1:751,union|6bba_05db0fb1:751|112,0,geometry_1_05_focus0,-14.85242040095436
6bba_05db0fb1,6bba_05db0fb1:751,union|6bba_05db0fb1:751|113,0,geometry_1_05_focus0,-19.28122140461057
6bba_05db0fb1,6bba_05db0fb1:751,union|6bba_05db0fb1:751|114,0,geometry_1_05_focus0,-19.322524559069905
6bba_05db0fb1,6bba_05db0fb1:751,union|6bba_05db0fb1:751|115,0,geometry_1_05_focus0,-12.81375934665811
6bba_05db0fb1,6bba_05db0fb1:751,union|6bba_05db0fb1:751|116,0,geometry_1_05_focus0,-16.497635720392992
6bba_05db0fb1,6bba_05db0fb1:751,union|6bba_05db0fb1:751|117,0,geometry_1_05_focus0,-21.388067813531315
6bba_05db0fb1,6bba_05db0fb1:751,union|6bba_05db0fb1:751|118,0,geometry_1_05_focus0,-24.500129751913747
6bba_05db0fb1,6bba_05db0fb1:751,union|6bba_05db0fb1:751|119,0,geometry_1_05_focus0,-23.479580645884926
6bba_05db0fb1,6bba_05db0fb1:751,union|6bba_05db0fb1:751|120,0,geometry_1_05_focus0,-20.121158052245434
6bba_05db0fb1,6bba_05db0fb1:751,union|6bba_05db0fb1:751|121,0,geometry_1_05_focus0,-21.06963113804652
6bba_05db0fb1,6bba_05db0fb1:751,union|6bba_05db0fb1:751|122,0,geometry_1_05_focus0,-16.133954813215883
6bba_05db0fb1,6bba_05db0fb1:751,union|6bba_05db0fb1:751|123,0,geometry_1_05_focus0,-12.05780361703738
6bba_05db0fb1,6bba_05db0fb1:751,union|6bba_05db0fb1:751|124,0,geometry_1_05_focus0,-20.45131457690554
6bba_05db0fb1,6bba_05db0fb1:751,union|6bba_05db0fb1:751|125,0,geometry_1_05_focus0,-16.504190054439796
6bba_05db0fb1,6bba_05db0fb1:751,union|6bba_05db0fb1:751|126,0,geometry_1_05_focus0,-20.431804661290407
6bba_05db0fb1,6bba_05db0fb1:751,union|6bba_05db0fb1:751|127,0,geometry_1_05_focus0,-22.116954566109484
6bba_05db0fb1,6bba_05db0fb1:751,union|6bba_05db0fb1:751|128,0,geometry_1_05_focus0,-20.684697052696777
6bba_05db0fb1,6bba_05db0fb1:751,union|6bba_05db0fb1:751|129,0,geometry_1_05_focus0,-20.404910756275097
6bba_05db0fb1,6bba_05db0fb1:751,union|6bba_05db0fb1:751|130,0,geometry_1_05_focus0,-18.771087871875665
6bba_05db0fb1,6bba_05db0fb1:751,union|6bba_05db0fb1:751|131,0,geometry_1_05_focus0,-22.394951043779727
6bba_05db0fb1,6bba_05db0fb1:751,union|6bba_05db0fb1:751|132,0,geometry_1_05_focus0,-20.681705410777237
6bba_05db0fb1,6bba_05db0fb1:751,union|6bba_05db0fb1:751|133,0,geometry_1_05_focus0,-21.934113130865583
6bba_05db0fb1,6bba_05db0fb1:751,union|6bba_05db0fb1:751|134,0,geometry_1_05_focus0,-22.574532195763467
6bba_05db0fb1,6bba_05db0fb1:751,union|6bba_05db0fb1:751|135,0,geometry_1_05_focus0,-14.920602468820682
6bba_05db0fb1,6bba_05db0fb1:751,union|6bba_05db0fb1:751|136,0,geometry_1_05_focus0,-15.877941984891812
6bba_05db0fb1,6bba_05db0fb1:751,union|6bba_05db0fb1:751|137,0,geometry_1_05_focus0,-16.499375208436113
6bba_05db0fb1,6bba_05db0fb1:751,union|6bba_05db0fb1:751|138,0,geometry_1_05_focus0,-12.23569438010724
6bba_05db0fb1,6bba_05db0fb1:751,union|6bba_05db0fb1:751|139,0,geometry_1_05_focus0,-23.93767548470333
6bba_05db0fb1,6bba_05db0fb1:751,union|6bba_05db0fb1:751|140,0,geometry_1_05_focus0,-19.17990097190627
6bba_05db0fb1,6bba_05db0fb1:751,union|6bba_05db0fb1:751|141,0,geometry_1_05_focus0,-22.778509096731213
6bba_05db0fb1,6bba_05db0fb1:751,union|6bba_05db0fb1:751|142,0,geometry_1_05_focus0,-19.20664617038052
6bba_05db0fb1,6bba_05db0fb1:751,union|6bba_05db0fb1:751|143,0,geometry_1_05_focus0,-21.311510049930618
6bba_05db0fb1,6bba_05db0fb1:751,union|6bba_05db0fb1:751|144,0,geometry_1_05_focus0,-23.734397031981985
6bba_05db0fb1,6bba_05db0fb1:751,union|6bba_05db0fb1:751|145,0,geometry_1_05_focus0,-23.61154698805101
6bba_05db0fb1,6bba_05db0fb1:751,union|6bba_05db0fb1:751|146,0,geometry_1_05_focus0,-20.358348149188153
6bba_05db0fb1,6bba_05db0fb1:751,union|6bba_05db0fb1:751|147,0,geometry_1_05_focus0,-23.90104580574475
6bba_05db0fb1,6bba_05db0fb1:751,union|6bba_05db0fb1:751|148,0,geometry_1_05_focus0,-24.339431192431082
6bba_05db0fb1,6bba_05db0fb1:751,union|6bba_05db0fb1:751|149,0,geometry_1_05_focus0,-23.702113125312152
6bba_05db0fb1,6bba_05db0fb1:751,union|6bba_05db0fb1:751|150,0,geometry_1_05_focus0,-23.107416090422177
6bba_05db0fb1,6bba_05db0fb1:751,union|6bba_05db0fb1:751|151,0,geometry_1_05_focus0,-21.53855446908298
6bba_05db0fb1,6bba_05db0fb1:751,union|6bba_05db0fb1:751|152,0,geometry_1_05_focus0,-23.342488838055296
6bba_05db0fb1,6bba_05db0fb1:751,union|6bba_05db0fb1:751|153,0,geometry_1_05_focus0,-24.1077718858755
6bba_05db0fb1,6bba_05db0fb1:751,union|6bba_05db0fb1:751|154,0,geometry_1_05_focus0,-23.949200323464233
6bba_05db0fb1,6bba_05db0fb1:751,union|6bba_05db0fb1:751|155,0,geometry_1_05_focus0,-21.799662889252264
6bba_05db0fb1,6bba_05db0fb1:751,union|6bba_05db0fb1:751|156,0,geometry_1_05_focus0,-21.356798510816144
6bba_05db0fb1,6bba_05db0fb1:751,union|6bba_05db0fb1:751|157,0,geometry_1_05_focus0,-20.104995886451025
6bba_05db0fb1,6bba_05db0fb1:751,union|6bba_05db0fb1:751|158,0,geometry_1_05_focus0,-23.04691119423348
6bba_05db0fb1,6bba_05db0fb1:751,union|6bba_05db0fb1:751|159,0,geometry_1_05_focus0,-20.350705484397963
6bba_05db0fb1,6bba_05db0fb1:751,union|6bba_05db0fb1:751|160,0,geometry_1_05_focus0,-18.050324032062754
6bba_05db0fb1,6bba_05db0fb1:751,union|6bba_05db0fb1:751|161,0,geometry_1_05_focus0,-20.971820239577863
6bba_05db0fb1,6bba_05db0fb1:751,union|6bba_05db0fb1:751|162,0,geometry_1_05_focus0,-19.85346803446599
6bba_05db0fb1,6bba_05db0fb1:751,union|6bba_05db0fb1:751|163,0,geometry_1_05_focus0,-21.723449431153433
6bba_05db0fb1,6bba_05db0fb1:751,union|6bba_05db0fb1:751|164,0,geometry_1_05_focus0,-15.525023048390851
6bba_05db0fb1,6bba_05db0fb1:751,union|6bba_05db0fb1:751|165,0,geometry_1_05_focus0,-18.641248282967418
6bba_05db0fb1,6bba_05db0fb1:751,union|6bba_05db0fb1:751|166,0,geometry_1_05_focus0,-19.405763973646856
6bba_05db0fb1,6bba_05db0fb1:751,union|6bba_05db0fb1:751|167,0,geometry_1_05_focus0,-13.131259439505783
6bba_05db0fb1,6bba_05db0fb1:751,union|6bba_05db0fb1:751|168,0,geometry_1_05_focus0,-19.818373020285378
6bba_05db0fb1,6bba_05db0fb1:751,union|6bba_05db0fb1:751|169,0,geometry_1_05_focus0,-15.876552981519865
6bba_05db0fb1,6bba_05db0fb1:751,union|6bba_05db0fb1:751|170,0,geometry_1_05_focus0,-20.700549849316754
6bba_05db0fb1,6bba_05db0fb1:751,union|6bba_05db0fb1:751|171,0,geometry_1_05_focus0,-20.819748292193673
6bba_05db0fb1,6bba_05db0fb1:751,union|6bba_05db0fb1:751|172,0,geometry_1_05_focus0,-15.132991308298537
6bba_3abfe10a,6bba_3abfe10a:630,union|6bba_3abfe10a:630|0,0,geometry_1_05_focus0,-23.452866916567405
6bba_3abfe10a,6bba_3abfe10a:630,union|6bba_3abfe10a:630|1,0,geometry_1_05_focus0,-20.88066492039034
6bba_3abfe10a,6bba_3abfe10a:630,union|6bba_3abfe10a:630|2,0,geometry_1_05_focus0,-17.56196916049078
6bba_3abfe10a,6bba_3abfe10a:630,union|6bba_3abfe10a:630|3,0,geometry_1_05_focus0,-21.83527928212553
6bba_3abfe10a,6bba_3abfe10a:630,union|6bba_3abfe10a:630|4,0,geometry_1_05_focus0,-19.610027178263223
6bba_3abfe10a,6bba_3abfe10a:630,union|6bba_3abfe10a:630|5,0,geometry_1_05_focus0,-19.55341695382531
6bba_3abfe10a,6bba_3abfe10a:630,union|6bba_3abfe10a:630|6,0,geometry_1_05_focus0,-22.835032514227137
6bba_3abfe10a,6bba_3abfe10a:630,union|6bba_3abfe10a:630|7,0,geometry_1_05_focus0,-18.130445898749954
6bba_3abfe10a,6bba_3abfe10a:630,union|6bba_3abfe10a:630|8,0,geometry_1_05_focus0,-19.598752175497072
6bba_3abfe10a,6bba_3abfe10a:630,union|6bba_3abfe10a:630|9,0,geometry_1_05_focus0,-21.631341666813622
6bba_3abfe10a,6bba_3abfe10a:630,union|6bba_3abfe10a:630|10,0,geometry_1_05_focus0,-22.596404694980915
6bba_3abfe10a,6bba_3abfe10a:630,union|6bba_3abfe10a:630|11,0,geometry_1_05_focus0,-17.626052667348688
6bba_3abfe10a,6bba_3abfe10a:630,union|6bba_3abfe10a:630|12,0,geometry_1_05_focus0,-20.846384310225346
6bba_3abfe10a,6bba_3abfe10a:630,union|6bba_3abfe10a:630|13,0,geometry_1_05_focus0,-24.301502133354944
6bba_3abfe10a,6bba_3abfe10a:630,union|6bba_3abfe10a:630|14,0,geometry_1_05_focus0,-20.441938136474207
6bba_3abfe10a,6bba_3abfe10a:630,union|6bba_3abfe10a:630|15,0,geometry_1_05_focus0,-22.63934682184535
6bba_3abfe10a,6bba_3abfe10a:630,union|6bba_3abfe10a:630|16,0,geometry_1_05_focus0,-23.719826259128396
6bba_3abfe10a,6bba_3abfe10a:630,union|6bba_3abfe10a:630|17,0,geometry_1_05_focus0,-22.682051036697608
6bba_3abfe10a,6bba_3abfe10a:630,union|6bba_3abfe10a:630|18,0,geometry_1_05_focus0,-22.902518019908882
6bba_3abfe10a,6bba_3abfe10a:630,union|6bba_3abfe10a:630|19,0,geometry_1_05_focus0,-23.36247486718252
6bba_3abfe10a,6bba_3abfe10a:630,union|6bba_3abfe10a:630|20,0,geometry_1_05_focus0,-19.340357199102666
6bba_3abfe10a,6bba_3abfe10a:630,union|6bba_3abfe10a:630|21,0,geometry_1_05_focus0,-19.064903653229948
6bba_3abfe10a,6bba_3abfe10a:630,union|6bba_3abfe10a:630|22,0,geometry_1_05_focus0,-22.53655064510138
6bba_3abfe10a,6bba_3abfe10a:630,union|6bba_3abfe10a:630|23,0,geometry_1_05_focus0,-19.259940288079996
6bba_3abfe10a,6bba_3abfe10a:630,union|6bba_3abfe10a:630|24,0,geometry_1_05_focus0,-23.527183014942445
6bba_3abfe10a,6bba_3abfe10a:630,union|6bba_3abfe10a:630|25,0,geometry_1_05_focus0,-19.319856995322507
6bba_3abfe10a,6bba_3abfe10a:630,union|6bba_3abfe10a:630|26,0,geometry_1_05_focus0,-21.29102401723445
6bba_3abfe10a,6bba_3abfe10a:630,union|6bba_3abfe10a:630|27,0,geometry_1_05_focus0,-18.853316270213273
6bba_3abfe10a,6bba_3abfe10a:630,union|6bba_3abfe10a:630|28,0,geometry_1_05_focus0,-20.427127588216216
6bba_3abfe10a,6bba_3abfe10a:630,union|6bba_3abfe10a:630|29,0,geometry_1_05_focus0,-23.264104590551355
6bba_3abfe10a,6bba_3abfe10a:630,union|6bba_3abfe10a:630|30,0,geometry_1_05_focus0,-20.516345122395965
6bba_3abfe10a,6bba_3abfe10a:630,union|6bba_3abfe10a:630|31,0,geometry_1_05_focus0,-24.284627716044035
6bba_3abfe10a,6bba_3abfe10a:630,union|6bba_3abfe10a:630|32,0,geometry_1_05_focus0,-18.48087015549904
6bba_3abfe10a,6bba_3abfe10a:630,union|6bba_3abfe10a:630|33,0,geometry_1_05_focus0,-17.54702333740901
6bba_3abfe10a,6bba_3abfe10a:630,union|6bba_3abfe10a:630|34,0,geometry_1_05_focus0,-21.151524459845458
6bba_3abfe10a,6bba_3abfe10a:630,union|6bba_3abfe10a:630|35,0,geometry_1_05_focus0,-22.07200280447695
6bba_3abfe10a,6bba_3abfe10a:630,union|6bba_3abfe10a:630|36,0,geometry_1_05_focus0,-18.81462862152806
6bba_3abfe10a,6bba_3abfe10a:630,union|6bba_3abfe10a:630|37,0,geometry_1_05_focus0,-12.072505888464331
6bba_3abfe10a,6bba_3abfe10a:630,union|6bba_3abfe10a:630|38,0,geometry_1_05_focus0,-21.991113836990397
6bba_3abfe10a,6bba_3abfe10a:630,union|6bba_3abfe10a:630|39,0,geometry_1_05_focus0,-21.34220602055751
6bba_3abfe10a,6bba_3abfe10a:630,union|6bba_3abfe10a:630|40,1,geometry_1_05_focus0,-13.320138023192605
6bba_3abfe10a,6bba_3abfe10a:630,union|6bba_3abfe10a:630|41,0,geometry_1_05_focus0,-23.868982488659874
6bba_3abfe10a,6bba_3abfe10a:630,union|6bba_3abfe10a:630|42,0,geometry_1_05_focus0,-23.552361871331428
6bba_3abfe10a,6bba_3abfe10a:630,union|6bba_3abfe10a:630|43,0,geometry_1_05_focus0,-18.240232671222877
6bba_3abfe10a,6bba_3abfe10a:630,union|6bba_3abfe10a:630|44,0,geometry_1_05_focus0,-17.39760123544646
6bba_3abfe10a,6bba_3abfe10a:630,union|6bba_3abfe10a:630|45,0,geometry_1_05_focus0,-21.45734897345114
6bba_3abfe10a,6bba_3abfe10a:630,union|6bba_3abfe10a:630|46,0,geometry_1_05_focus0,-19.545594332454574
6bba_3abfe10a,6bba_3abfe10a:630,union|6bba_3abfe10a:630|47,0,geometry_1_05_focus0,-22.423231098067234
6bba_3abfe10a,6bba_3abfe10a:630,union|6bba_3abfe10a:630|48,0,geometry_1_05_focus0,-21.505270341000653
6bba_3abfe10a,6bba_3abfe10a:630,union|6bba_3abfe10a:630|49,0,geometry_1_05_focus0,-21.29102401723445
6bba_3abfe10a,6bba_3abfe10a:630,union|6bba_3abfe10a:630|50,0,geometry_1_05_focus0,-20.139593809131963
6bba_3abfe10a,6bba_3abfe10a:630,union|6bba_3abfe10a:630|51,0,geometry_1_05_focus0,-23.264104590551355
6bba_3abfe10a,6bba_3abfe10a:630,union|6bba_3abfe10a:630|52,0,geometry_1_05_focus0,-21.346139983685042
6bba_3abfe10a,6bba_3abfe10a:630,union|6bba_3abfe10a:630|53,0,geometry_1_05_focus0,-24.26037124634606
6bba_3abfe10a,6bba_3abfe10a:630,union|6bba_3abfe10a:630|54,0,geometry_1_05_focus0,-20.103470012501617
6bba_3abfe10a,6bba_3abfe10a:630,union|6bba_3abfe10a:630|55,0,geometry_1_05_focus0,-18.857138914410434
6bba_3abfe10a,6bba_3abfe10a:630,union|6bba_3abfe10a:630|56,0,geometry_1_05_focus0,-23.154664660307773
6bba_3abfe10a,6bba_3abfe10a:630,union|6bba_3abfe10a:630|57,0,geometry_1_05_focus0,-16.678807588105204
6bba_3abfe10a,6bba_3abfe10a:630,union|6bba_3abfe10a:630|58,0,geometry_1_05_focus0,-19.664386461831135
6bba_3abfe10a,6bba_3abfe10a:630,union|6bba_3abfe10a:630|59,0,geometry_1_05_focus0,-21.284112204380975
6bba_3abfe10a,6bba_3abfe10a:630,union|6bba_3abfe10a:630|60,0,geometry_1_05_focus0,-19.42844996186032
6bba_3abfe10a,6bba_3abfe10a:630,union|6bba_3abfe10a:630|61,0,geometry_1_05_focus0,-19.544229382368563
6bba_3abfe10a,6bba_3abfe10a:630,union|6bba_3abfe10a:630|62,0,geometry_1_05_focus0,-20.6448094156164
6bba_3abfe10a,6bba_3abfe10a:630,union|6bba_3abfe10a:630|63,0,geometry_1_05_focus0,-20.20236379947528
6bba_3abfe10a,6bba_3abfe10a:630,union|6bba_3abfe10a:630|64,0,geometry_1_05_focus0,-17.756916455495308
6bba_3abfe10a,6bba_3abfe10a:630,union|6bba_3abfe10a:630|65,0,geometry_1_05_focus0,-22.811458486321698
6bba_3abfe10a,6bba_3abfe10a:630,union|6bba_3abfe10a:630|66,0,geometry_1_05_focus0,-21.94170816227122
6bba_3abfe10a,6bba_3abfe10a:630,union|6bba_3abfe10a:630|67,0,geometry_1_05_focus0,-19.415479512093253
6bba_3abfe10a,6bba_3abfe10a:630,union|6bba_3abfe10a:630|68,0,geometry_1_05_focus0,-20.684447204664792
6bba_3abfe10a,6bba_3abfe10a:630,union|6bba_3abfe10a:630|69,0,geometry_1_05_focus0,-20.40968919800269
6bba_3abfe10a,6bba_3abfe10a:630,union|6bba_3abfe10a:630|70,0,geometry_1_05_focus0,-22.490187448375444
6bba_3abfe10a,6bba_3abfe10a:630,union|6bba_3abfe10a:630|71,0,geometry_1_05_focus0,-17.0658712169432
6bba_3abfe10a,6bba_3abfe10a:630,union|6bba_3abfe10a:630|72,0,geometry_1_05_focus0,-20.50910704329005
6bba_3abfe10a,6bba_3abfe10a:630,union|6bba_3abfe10a:630|73,0,geometry_1_05_focus0,-21.80005937570852
6bba_3abfe10a,6bba_3abfe10a:630,union|6bba_3abfe10a:630|74,0,geometry_1_05_focus0,-22.676098867400707
6bba_3abfe10a,6bba_3abfe10a:630,union|6bba_3abfe10a:630|75,0,geometry_1_05_focus0,-23.54374078522209
6bba_3abfe10a,6bba_3abfe10a:630,union|6bba_3abfe10a:630|76,0,geometry_1_05_focus0,-20.118606205605545
6bba_3abfe10a,6bba_3abfe10a:630,union|6bba_3abfe10a:630|77,0,geometry_1_05_focus0,-11.712678194013272
6bba_3abfe10a,6bba_3abfe10a:630,union|6bba_3abfe10a:630|78,0,geometry_1_05_focus0,-20.62392471301993
6bba_3abfe10a,6bba_3abfe10a:630,union|6bba_3abfe10a:630|79,0,geometry_1_05_focus0,-17.858228428324743
6bba_3abfe10a,6bba_3abfe10a:630,union|6bba_3abfe10a:630|80,0,geometry_1_05_focus0,-20.886782129286708
6bba_3abfe10a,6bba_3abfe10a:630,union|6bba_3abfe10a:630|81,0,geometry_1_05_focus0,-23.37211894059559
6bba_3abfe10a,6bba_3abfe10a:630,union|6bba_3abfe10a:630|82,0,geometry_1_05_focus0,-19.13655745872774
6bba_3abfe10a,6bba_3abfe10a:630,union|6bba_3abfe10a:630|83,0,geometry_1_05_focus0,-20.276513474584824
6bba_3abfe10a,6bba_3abfe10a:630,union|6bba_3abfe10a:630|84,0,geometry_1_05_focus0,-16.727248764086703
6bba_3abfe10a,6bba_3abfe10a:630,union|6bba_3abfe10a:630|85,0,geometry_1_05_focus0,-17.67679298376081
6bba_3abfe10a,6bba_3abfe10a:630,union|6bba_3abfe10a:630|86,0,geometry_1_05_focus0,-17.967116138446173
6bba_3abfe10a,6bba_3abfe10a:630,union|6bba_3abfe10a:630|87,0,geometry_1_05_focus0,-22.253618397192305
6bba_3abfe10a,6bba_3abfe10a:630,union|6bba_3abfe10a:630|88,0,geometry_1_05_focus0,-23.382039970213825
6bba_3abfe10a,6bba_3abfe10a:630,union|6bba_3abfe10a:630|89,0,geometry_1_05_focus0,-17.818265889248597
6bba_3abfe10a,6bba_3abfe10a:630,union|6bba_3abfe10a:630|90,0,geometry_1_05_focus0,-19.231993319954007
6bba_3abfe10a,6bba_3abfe10a:630,union|6bba_3abfe10a:630|91,0,geometry_1_05_focus0,-22.862761495473244
6bba_3abfe10a,6bba_3abfe10a:630,union|6bba_3abfe10a:630|92,0,geometry_1_05_focus0,-15.719524680163346
6bba_3abfe10a,6bba_3abfe10a:630,union|6bba_3abfe10a:630|93,0,geometry_1_05_focus0,-19.846570525175487
6bba_3abfe10a,6bba_3abfe10a:630,union|6bba_3abfe10a:630|94,0,geometry_1_05_focus0,-23.18909374354662
6bba_3abfe10a,6bba_3abfe10a:630,union|6bba_3abfe10a:630|95,0,geometry_1_05_focus0,-22.002372274217343
6bba_3abfe10a,6bba_3abfe10a:630,union|6bba_3abfe10a:630|96,0,geometry_1_05_focus0,-20.47756441260113
6bba_3abfe10a,6bba_3abfe10a:630,union|6bba_3abfe10a:630|97,0,geometry_1_05_focus0,-18.900137251004182
6bba_3abfe10a,6bba_3abfe10a:630,union|6bba_3abfe10a:630|98,0,geometry_1_05_focus0,-13.789816253465771
6bba_3abfe10a,6bba_3abfe10a:630,union|6bba_3abfe10a:630|99,0,geometry_1_05_focus0,-21.072433851683872
6bba_3abfe10a,6bba_3abfe10a:630,union|6bba_3abfe10a:630|100,0,geometry_1_05_focus0,-22.228158978822897
6bba_3abfe10a,6bba_3abfe10a:630,union|6bba_3abfe10a:630|101,0,geometry_1_05_focus0,-19.32825260434287
6bba_3abfe10a,6bba_3abfe10a:630,union|6bba_3abfe10a:630|102,0,geometry_1_05_focus0,-17.094052927545746
6bba_3abfe10a,6bba_3abfe10a:630,union|6bba_3abfe10a:630|103,0,geometry_1_05_focus0,-15.53019609702878
6bba_3abfe10a,6bba_3abfe10a:630,union|6bba_3abfe10a:630|104,0,geometry_1_05_focus0,-21.595221338653694
6bba_3abfe10a,6bba_3abfe10a:630,union|6bba_3abfe10a:630|105,0,geometry_1_05_focus0,-21.48743035047773
6bba_3abfe10a,6bba_3abfe10a:630,union|6bba_3abfe10a:630|106,0,geometry_1_05_focus0,-18.641694342081014
6bba_3abfe10a,6bba_3abfe10a:630,union|6bba_3abfe10a:630|107,0,geometry_1_05_focus0,-17.609107372471012
6bba_3abfe10a,6bba_3abfe10a:630,union|6bba_3abfe10a:630|108,0,geometry_1_05_focus0,-23.21952351878416
6bba_3abfe10a,6bba_3abfe10a:630,union|6bba_3abfe10a:630|109,0,geometry_1_05_focus0,-19.77281948780968
6bba_3abfe10a,6bba_3abfe10a:630,union|6bba_3abfe10a:630|110,0,geometry_1_05_focus0,-21.622250203026255
6bba_61ecbe65,6bba_61ecbe65:200,union|6bba_61ecbe65:200|0,0,geometry_1_05_focus0,-22.995329009387973
6bba_61ecbe65,6bba_61ecbe65:200,union|6bba_61ecbe65:200|1,0,geometry_1_05_focus0,-21.80526393616759
6bba_61ecbe65,6bba_61ecbe65:200,union|6bba_61ecbe65:200|2,1,geometry_1_05_focus0,-13.18494022481842
6bba_61ecbe65,6bba_61ecbe65:200,union|6bba_61ecbe65:200|3,0,geometry_1_05_focus0,-19.70329247697682
6bba_87289e13,6bba_87289e13:563,union|6bba_87289e13:563|0,1,geometry_1_05_focus0,-17.78549616674685
6bba_87289e13,6bba_87289e13:563,union|6bba_87289e13:563|1,0,geometry_1_05_focus0,-16.497635720392992
6bba_c328f2fd,6bba_c328f2fd:65,union|6bba_c328f2fd:65|0,0,geometry_1_05_focus0,-23.50333163448342
6bba_c328f2fd,6bba_c328f2fd:65,union|6bba_c328f2fd:65|1,0,geometry_1_05_focus0,-21.730891631721875
6bba_c328f2fd,6bba_c328f2fd:65,union|6bba_c328f2fd:65|2,0,geometry_1_05_focus0,-23.11761799091679
6bba_c328f2fd,6bba_c328f2fd:65,union|6bba_c328f2fd:65|3,0,geometry_1_05_focus0,-23.147283685261662
6bba_c328f2fd,6bba_c328f2fd:65,union|6bba_c328f2fd:65|4,0,geometry_1_05_focus0,-20.49240285439022
6bba_c328f2fd,6bba_c328f2fd:65,union|6bba_c328f2fd:65|5,0,geometry_1_05_focus0,-22.294259743100937
6bba_c328f2fd,6bba_c328f2fd:65,union|6bba_c328f2fd:65|6,0,geometry_1_05_focus0,-17.0671021291451
6bba_c328f2fd,6bba_c328f2fd:65,union|6bba_c328f2fd:65|7,0,geometry_1_05_focus0,-22.06856388424815
6bba_c328f2fd,6bba_c328f2fd:65,union|6bba_c328f2fd:65|8,0,geometry_1_05_focus0,-17.498470547116753
6bba_c328f2fd,6bba_c328f2fd:65,union|6bba_c328f2fd:65|9,0,geometry_1_05_focus0,-21.056855212900253
6bba_c328f2fd,6bba_c328f2fd:65,union|6bba_c328f2fd:65|10,0,geometry_1_05_focus0,-19.181362094492798
6bba_c328f2fd,6bba_c328f2fd:65,union|6bba_c328f2fd:65|11,0,geometry_1_05_focus0,-20.356765393144304
6bba_c328f2fd,6bba_c328f2fd:65,union|6bba_c328f2fd:65|12,0,geometry_1_05_focus0,-20.546018806781877
6bba_c328f2fd,6bba_c328f2fd:65,union|6bba_c328f2fd:65|13,0,geometry_1_05_focus0,-21.344537890289708
6bba_c328f2fd,6bba_c328f2fd:65,union|6bba_c328f2fd:65|14,0,geometry_1_05_focus0,-24.459463720557025
6bba_c328f2fd,6bba_c328f2fd:65,union|6bba_c328f2fd:65|15,0,geometry_1_05_focus0,-17.176661966289643
6bba_c328f2fd,6bba_c328f2fd:65,union|6bba_c328f2fd:65|16,0,geometry_1_05_focus0,-18.863303495146333
6bba_c328f2fd,6bba_c328f2fd:65,union|6bba_c328f2fd:65|17,1,geometry_1_05_focus0,-20.413668840985142
6bba_c328f2fd,6bba_c328f2fd:65,union|6bba_c328f2fd:65|18,0,geometry_1_05_focus0,-17.76841984812718
6bba_c328f2fd,6bba_c328f2fd:65,union|6bba_c328f2fd:65|19,0,geometry_1_05_focus0,-21.76961862173384
6bba_c328f2fd,6bba_c328f2fd:65,union|6bba_c328f2fd:65|20,0,geometry_1_05_focus0,-20.87347092952774
6bba_c328f2fd,6bba_c328f2fd:65,union|6bba_c328f2fd:65|21,0,geometry_1_05_focus0,-21.41617508375425
6bba_c328f2fd,6bba_c328f2fd:65,union|6bba_c328f2fd:65|22,0,geometry_1_05_focus0,-23.16181235816402
6bba_c328f2fd,6bba_c328f2fd:65,union|6bba_c328f2fd:65|23,0,geometry_1_05_focus0,-23.378984283273976
6bba_c328f2fd,6bba_c328f2fd:65,union|6bba_c328f2fd:65|24,0,geometry_1_05_focus0,-14.55587420340418
6bba_c328f2fd,6bba_c328f2fd:65,union|6bba_c328f2fd:65|25,0,geometry_1_05_focus0,-19.342099761128388
6bba_c328f2fd,6bba_c328f2fd:65,union|6bba_c328f2fd:65|26,0,geometry_1_05_focus0,-10.705253921425374
6bba_c328f2fd,6bba_c328f2fd:65,union|6bba_c328f2fd:65|27,0,geometry_1_05_focus0,-18.875456048776847
6bba_c328f2fd,6bba_c328f2fd:65,union|6bba_c328f2fd:65|28,0,geometry_1_05_focus0,-17.676644660089515
6bba_c328f2fd,6bba_c328f2fd:65,union|6bba_c328f2fd:65|29,0,geometry_1_05_focus0,-22.29010966979599
6bba_c328f2fd,6bba_c328f2fd:65,union|6bba_c328f2fd:65|30,0,geometry_1_05_focus0,-23.82926990760442
6bba_c328f2fd,6bba_c328f2fd:65,union|6bba_c328f2fd:65|31,0,geometry_1_05_focus0,-12.963652968351225
6bba_c328f2fd,6bba_c328f2fd:65,union|6bba_c328f2fd:65|32,0,geometry_1_05_focus0,-21.26203991833806
6bba_c328f2fd,6bba_c328f2fd:65,union|6bba_c328f2fd:65|33,0,geometry_1_05_focus0,-21.22578120376672
6bba_c328f2fd,6bba_c328f2fd:65,union|6bba_c328f2fd:65|34,0,geometry_1_05_focus0,-24.79812084366932
6bba_c328f2fd,6bba_c328f2fd:65,union|6bba_c328f2fd:65|35,0,geometry_1_05_focus0,-21.266692783145864
6bba_c328f2fd,6bba_c328f2fd:65,union|6bba_c328f2fd:65|36,0,geometry_1_05_focus0,-15.795926483148904
6bba_c328f2fd,6bba_c328f2fd:65,union|6bba_c328f2fd:65|37,0,geometry_1_05_focus0,-20.099060969882096
6bba_c328f2fd,6bba_c328f2fd:65,union|6bba_c328f2fd:65|38,0,geometry_1_05_focus0,-20.33007782285945
6bba_c328f2fd,6bba_c328f2fd:65,union|6bba_c328f2fd:65|39,0,geometry_1_05_focus0,-19.851782674785305
6bba_c328f2fd,6bba_c328f2fd:65,union|6bba_c328f2fd:65|40,0,geometry_1_05_focus0,-20.3125
6bba_c328f2fd,6bba_c328f2fd:65,union|6bba_c328f2fd:65|41,0,geometry_1_05_focus0,-22.998801306603642
6bba_c328f2fd,6bba_c328f2fd:65,union|6bba_c328f2fd:65|42,0,geometry_1_05_focus0,-18.50373669720692
6bba_c328f2fd,6bba_c328f2fd:65,union|6bba_c328f2fd:65|43,0,geometry_1_05_focus0,-24.272902945718307
6bba_c328f2fd,6bba_c328f2fd:65,union|6bba_c328f2fd:65|44,0,geometry_1_05_focus0,-23.675904144290215
6bba_c328f2fd,6bba_c328f2fd:65,union|6bba_c328f2fd:65|45,0,geometry_1_05_focus0,-21.614389279472135
6bba_c328f2fd,6bba_c328f2fd:65,union|6bba_c328f2fd:65|46,0,geometry_1_05_focus0,-21.48301412551441
6bba_c328f2fd,6bba_c328f2fd:65,union|6bba_c328f2fd:65|47,0,geometry_1_05_focus0,-19.385729156822045
6bba_c328f2fd,6bba_c328f2fd:260,union|6bba_c328f2fd:260|0,0,geometry_1_05_focus0,-19.968832164698256
6bba_c328f2fd,6bba_c328f2fd:260,union|6bba_c328f2fd:260|1,0,geometry_1_05_focus0,-20.512249428181345
6bba_c328f2fd,6bba_c328f2fd:260,union|6bba_c328f2fd:260|2,1,geometry_1_05_focus0,-23.286711446768674
6bba_c328f2fd,6bba_c328f2fd:260,union|6bba_c328f2fd:260|3,0,geometry_1_05_focus0,-21.874473363167613
6bba_c328f2fd,6bba_c328f2fd:260,union|6bba_c328f2fd:260|4,0,geometry_1_05_focus0,-23.4786766877341
6bba_c328f2fd,6bba_c328f2fd:260,union|6bba_c328f2fd:260|5,0,geometry_1_05_focus0,-20.018768110541686
6bba_c328f2fd,6bba_c328f2fd:260,union|6bba_c328f2fd:260|6,0,geometry_1_05_focus0,-23.71499601235622
6bba_c328f2fd,6bba_c328f2fd:260,union|6bba_c328f2fd:260|7,0,geometry_1_05_focus0,-21.64388822874026
6bba_c328f2fd,6bba_c328f2fd:260,union|6bba_c328f2fd:260|8,0,geometry_1_05_focus0,-17.095780387537232
6bba_c328f2fd,6bba_c328f2fd:260,union|6bba_c328f2fd:260|9,0,geometry_1_05_focus0,-15.064045342692612
6bba_c328f2fd,6bba_c328f2fd:260,union|6bba_c328f2fd:260|10,0,geometry_1_05_focus0,-16.56775717531716
6bba_c328f2fd,6bba_c328f2fd:260,union|6bba_c328f2fd:260|11,0,geometry_1_05_focus0,-19.422403281693953
6bba_c328f2fd,6bba_c328f2fd:260,union|6bba_c328f2fd:260|12,0,geometry_1_05_focus0,-20.080237387487767
6bba_c328f2fd,6bba_c328f2fd:260,union|6bba_c328f2fd:260|13,0,geometry_1_05_focus0,-19.525585787586433
6bba_c328f2fd,6bba_c328f2fd:260,union|6bba_c328f2fd:260|14,0,geometry_1_05_focus0,-18.44154039555632
6bba_c328f2fd,6bba_c328f2fd:260,union|6bba_c328f2fd:260|15,0,geometry_1_05_focus0,-20.05626255320274
6bba_c328f2fd,6bba_c328f2fd:260,union|6bba_c328f2fd:260|16,0,geometry_1_05_focus0,-18.716426973506074
6bba_c328f2fd,6bba_c328f2fd:260,union|6bba_c328f2fd:260|17,0,geometry_1_05_focus0,-22.46152759743409
6bba_c328f2fd,6bba_c328f2fd:260,union|6bba_c328f2fd:260|18,0,geometry_1_05_focus0,-21.950444816564968
6bba_c328f2fd,6bba_c328f2fd:260,union|6bba_c328f2fd:260|19,0,geometry_1_05_focus0,-19.740028520878468
6bba_c328f2fd,6bba_c328f2fd:260,union|6bba_c328f2fd:260|20,0,geometry_1_05_focus0,-19.580934581593528
6bba_c328f2fd,6bba_c328f2fd:260,union|6bba_c328f2fd:260|21,0,geometry_1_05_focus0,-14.524936212244608
6bba_c328f2fd,6bba_c328f2fd:260,union|6bba_c328f2fd:260|22,0,geometry_1_05_focus0,-19.955178570080847
6bba_c328f2fd,6bba_c328f2fd:260,union|6bba_c328f2fd:260|23,0,geometry_1_05_focus0,-20.530367545296826
6bba_c328f2fd,6bba_c328f2fd:260,union|6bba_c328f2fd:260|24,0,geometry_1_05_focus0,-16.29438561612605
6bba_c328f2fd,6bba_c328f2fd:260,union|6bba_c328f2fd:260|25,0,geometry_1_05_focus0,-17.471373132212616
6bba_c328f2fd,6bba_c328f2fd:260,union|6bba_c328f2fd:260|26,0,geometry_1_05_focus0,-16.911463871393426
6bba_c328f2fd,6bba_c328f2fd:260,union|6bba_c328f2fd:260|27,0,geometry_1_05_focus0,-15.707646214079912
6bba_c328f2fd,6bba_c328f2fd:260,union|6bba_c328f2fd:260|28,0,geometry_1_05_focus0,-16.09559415622896
6bba_c328f2fd,6bba_c328f2fd:260,union|6bba_c328f2fd:260|29,0,geometry_1_05_focus0,-18.771378451920782
6bba_c328f2fd,6bba_c328f2fd:260,union|6bba_c328f2fd:260|30,0,geometry_1_05_focus0,-22.966084780306044
6bba_c328f2fd,6bba_c328f2fd:260,union|6bba_c328f2fd:260|31,0,geometry_1_05_focus0,-21.323337154799248
6bba_c328f2fd,6bba_c328f2fd:260,union|6bba_c328f2fd:260|32,0,geometry_1_05_focus0,-17.141762310454716
6bba_c328f2fd,6bba_c328f2fd:260,union|6bba_c328f2fd:260|33,0,geometry_1_05_focus0,-18.360453218194525
6bba_c328f2fd,6bba_c328f2fd:260,union|6bba_c328f2fd:260|34,0,geometry_1_05_focus0,-13.258485980600545
6bba_c328f2fd,6bba_c328f2fd:260,union|6bba_c328f2fd:260|35,0,geometry_1_05_focus0,-20.04874014806946
6bba_c328f2fd,6bba_c328f2fd:260,union|6bba_c328f2fd:260|36,0,geometry_1_05_focus0,-12.237752997020582
6bba_c328f2fd,6bba_c328f2fd:260,union|6bba_c328f2fd:260|37,0,geometry_1_05_focus0,-16.99343926395038
6bba_c328f2fd,6bba_c328f2fd:260,union|6bba_c328f2fd:260|38,0,geometry_1_05_focus0,-17.785622326637828
6bba_c328f2fd,6bba_c328f2fd:260,union|6bba_c328f2fd:260|39,0,geometry_1_05_focus0,-21.84291352923063
6bba_c328f2fd,6bba_c328f2fd:260,union|6bba_c328f2fd:260|40,0,geometry_1_05_focus0,-23.949212859629483
6bba_fe670320,6bba_fe670320:4,union|6bba_fe670320:4|0,1,geometry_1_05_focus0,-13.324141703396839
6bba_fe670320,6bba_fe670320:4,union|6bba_fe670320:4|1,0,geometry_1_05_focus0,-11.45865718905038
6bba_fe670320,6bba_fe670320:4,union|6bba_fe670320:4|2,0,geometry_1_05_focus0,-10.642953354794138
6bba_fe670320,6bba_fe670320:519,union|6bba_fe670320:519|0,0,geometry_1_05_focus0,-19.709732824667935
6bba_fe670320,6bba_fe670320:519,union|6bba_fe670320:519|1,0,geometry_1_05_focus0,-24.009317129512198
6bba_fe670320,6bba_fe670320:519,union|6bba_fe670320:519|2,0,geometry_1_05_focus0,-22.612737648814786
6bba_fe670320,6bba_fe670320:519,union|6bba_fe670320:519|3,1,geometry_1_05_focus0,-13.99726992479581
6bba_fe670320,6bba_fe670320:519,union|6bba_fe670320:519|4,0,geometry_1_05_focus0,-13.126339217390354
6bba_fe670320,6bba_fe670320:519,union|6bba_fe670320:519|5,0,geometry_1_05_focus0,-19.345847215761765
6bba_fe670320,6bba_fe670320:519,union|6bba_fe670320:519|6,0,geometry_1_05_focus0,-22.646301763317183
6bba_fe670320,6bba_fe670320:519,union|6bba_fe670320:519|7,0,geometry_1_05_focus0,-12.893846166387707
44b6_2a2eff9f,44b6_2a2eff9f:13,union|44b6_2a2eff9f:13|0,0,geometry_1_05_focus4,-19.242240143840885
44b6_2a2eff9f,44b6_2a2eff9f:13,union|44b6_2a2eff9f:13|1,0,geometry_1_05_focus4,-17.962797105206374
44b6_2a2eff9f,44b6_2a2eff9f:13,union|44b6_2a2eff9f:13|2,0,geometry_1_05_focus4,-20.886427191927226
44b6_2a2eff9f,44b6_2a2eff9f:13,union|44b6_2a2eff9f:13|3,0,geometry_1_05_focus4,-17.210725513182272
44b6_2a2eff9f,44b6_2a2eff9f:13,union|44b6_2a2eff9f:13|4,0,geometry_1_05_focus4,-20.627922341997973
44b6_2a2eff9f,44b6_2a2eff9f:13,union|44b6_2a2eff9f:13|5,0,geometry_1_05_focus4,-16.303339861809448
44b6_2a2eff9f,44b6_2a2eff9f:13,union|44b6_2a2eff9f:13|6,0,geometry_1_05_focus4,-18.240579760522962
44b6_2a2eff9f,44b6_2a2eff9f:13,union|44b6_2a2eff9f:13|7,0,geometry_1_05_focus4,-25.274133512443093
44b6_2a2eff9f,44b6_2a2eff9f:13,union|44b6_2a2eff9f:13|8,0,geometry_1_05_focus4,-27.38478116233508
44b6_2a2eff9f,44b6_2a2eff9f:13,union|44b6_2a2eff9f:13|9,0,geometry_1_05_focus4,-18.202298834637595
44b6_2a2eff9f,44b6_2a2eff9f:13,union|44b6_2a2eff9f:13|10,0,geometry_1_05_focus4,-17.14190150307779
44b6_2a2eff9f,44b6_2a2eff9f:13,union|44b6_2a2eff9f:13|11,0,geometry_1_05_focus4,-16.138801281632734
44b6_2a2eff9f,44b6_2a2eff9f:13,union|44b6_2a2eff9f:13|12,0,geometry_1_05_focus4,-21.77568188194121
44b6_2a2eff9f,44b6_2a2eff9f:13,union|44b6_2a2eff9f:13|13,0,geometry_1_05_focus4,-19.03748358502247
44b6_2a2eff9f,44b6_2a2eff9f:13,union|44b6_2a2eff9f:13|14,0,geometry_1_05_focus4,-25.32909142492803
44b6_2a2eff9f,44b6_2a2eff9f:13,union|44b6_2a2eff9f:13|15,0,geometry_1_05_focus4,-21.721049786046468
44b6_2a2eff9f,44b6_2a2eff9f:13,union|44b6_2a2eff9f:13|16,0,geometry_1_05_focus4,-16.115472303723646
44b6_2a2eff9f,44b6_2a2eff9f:13,union|44b6_2a2eff9f:13|17,0,geometry_1_05_focus4,-19.257870236787102
44b6_2a2eff9f,44b6_2a2eff9f:13,union|44b6_2a2eff9f:13|18,0,geometry_1_05_focus4,-19.89589517487647
44b6_2a2eff9f,44b6_2a2eff9f:13,union|44b6_2a2eff9f:13|19,0,geometry_1_05_focus4,-16.363000616498745
44b6_2a2eff9f,44b6_2a2eff9f:13,union|44b6_2a2eff9f:13|20,0,geometry_1_05_focus4,-20.3702425971407
44b6_2a2eff9f,44b6_2a2eff9f:13,union|44b6_2a2eff9f:13|21,0,geometry_1_05_focus4,-14.420444471305313
44b6_2a2eff9f,44b6_2a2eff9f:13,union|44b6_2a2eff9f:13|22,0,geometry_1_05_focus4,-24.424915217969705
44b6_2a2eff9f,44b6_2a2eff9f:13,union|44b6_2a2eff9f:13|23,0,geometry_1_05_focus4,-20.886405778098407
44b6_2a2eff9f,44b6_2a2eff9f:13,union|44b6_2a2eff9f:13|24,0,geometry_1_05_focus4,-24.09900157207303
44b6_2a2eff9f,44b6_2a2eff9f:13,union|44b6_2a2eff9f:13|25,0,geometry_1_05_focus4,-19.83936226502314
44b6_2a2eff9f,44b6_2a2eff9f:13,union|44b6_2a2eff9f:13|26,0,geometry_1_05_focus4,-23.315738630787465
44b6_2a2eff9f,44b6_2a2eff9f:13,union|44b6_2a2eff9f:13|27,0,geometry_1_05_focus4,-21.991930517746184
44b6_2a2eff9f,44b6_2a2eff9f:13,union|44b6_2a2eff9f:13|28,0,geometry_1_05_focus4,-21.614389279472135
44b6_2a2eff9f,44b6_2a2eff9f:13,union|44b6_2a2eff9f:13|29,0,geometry_1_05_focus4,-18.722792760429734
44b6_2a2eff9f,44b6_2a2eff9f:13,union|44b6_2a2eff9f:13|30,0,geometry_1_05_focus4,-22.0713376310016
44b6_2a2eff9f,44b6_2a2eff9f:13,union|44b6_2a2eff9f:13|31,0,geometry_1_05_focus4,-22.097023250088938
44b6_2a2eff9f,44b6_2a2eff9f:13,union|44b6_2a2eff9f:13|32,0,geometry_1_05_focus4,-26.55612148385847
44b6_2a2eff9f,44b6_2a2eff9f:13,union|44b6_2a2eff9f:13|33,0,geometry_1_05_focus4,-20.01923696882765
44b6_2a2eff9f,44b6_2a2eff9f:13,union|44b6_2a2eff9f:13|34,1,geometry_1_05_focus4,-18.402721435972452
44b6_2a2eff9f,44b6_2a2eff9f:13,union|44b6_2a2eff9f:13|35,0,geometry_1_05_focus4,-27.756740797717747
44b6_2a2eff9f,44b6_2a2eff9f:13,union|44b6_2a2eff9f:13|36,0,geometry_1_05_focus4,-22.342940118095942
44b6_2a2eff9f,44b6_2a2eff9f:13,union|44b6_2a2eff9f:13|37,0,geometry_1_05_focus4,-17.560763777241874
44b6_2a2eff9f,44b6_2a2eff9f:13,union|44b6_2a2eff9f:13|38,0,geometry_1_05_focus4,-21.22578120376672
44b6_2a2eff9f,44b6_2a2eff9f:13,union|44b6_2a2eff9f:13|39,0,geometry_1_05_focus4,-20.247395665862808
44b6_2a2eff9f,44b6_2a2eff9f:13,union|44b6_2a2eff9f:13|40,0,geometry_1_05_focus4,-21.61516229480149
44b6_2a2eff9f,44b6_2a2eff9f:13,union|44b6_2a2eff9f:13|41,0,geometry_1_05_focus4,-23.63606091145765
44b6_2a2eff9f,44b6_2a2eff9f:13,union|44b6_2a2eff9f:13|42,0,geometry_1_05_focus4,-15.025759132236882
44b6_2a2eff9f,44b6_2a2eff9f:13,union|44b6_2a2eff9f:13|43,0,geometry_1_05_focus4,-23.65968238444216
44b6_2a2eff9f,44b6_2a2eff9f:13,union|44b6_2a2eff9f:13|44,0,geometry_1_05_focus4,-24.672748108972964
44b6_2a2eff9f,44b6_2a2eff9f:13,union|44b6_2a2eff9f:13|45,0,geometry_1_05_focus4,-21.9375
44b6_2a2eff9f,44b6_2a2eff9f:13,union|44b6_2a2eff9f:13|46,0,geometry_1_05_focus4,-25.29343428809647
44b6_2a2eff9f,44b6_2a2eff9f:13,union|44b6_2a2eff9f:13|47,0,geometry_1_05_focus4,-28.41517736724535
44b6_2a2eff9f,44b6_2a2eff9f:13,union|44b6_2a2eff9f:13|48,0,geometry_1_05_focus4,-21.89269799547505
44b6_2a2eff9f,44b6_2a2eff9f:13,union|44b6_2a2eff9f:13|49,0,geometry_1_05_focus4,-24.696042815191756
44b6_2a2eff9f,44b6_2a2eff9f:13,union|44b6_2a2eff9f:13|50,0,geometry_1_05_focus4,-18.71015330437588
44b6_2a2eff9f,44b6_2a2eff9f:13,union|44b6_2a2eff9f:13|51,0,geometry_1_05_focus4,-24.56399755535594
44b6_2a2eff9f,44b6_2a2eff9f:13,union|44b6_2a2eff9f:13|52,0,geometry_1_05_focus4,-27.015874086407408
44b6_2a2eff9f,44b6_2a2eff9f:13,union|44b6_2a2eff9f:13|53,0,geometry_1_05_focus4,-30.793133757065107
44b6_706092f0,44b6_706092f0:50,union|44b6_706092f0:50|0,0,geometry_1_05_focus4,-22.504091425224004
44b6_706092f0,44b6_706092f0:50,union|44b6_706092f0:50|1,0,geometry_1_05_focus4,-23.6324393049046
44b6_706092f0,44b6_706092f0:50,union|44b6_706092f0:50|2,0,geometry_1_05_focus4,-19.210484000385463
44b6_706092f0,44b6_706092f0:50,union|44b6_706092f0:50|3,0,geometry_1_05_focus4,-18.240579760522962
44b6_706092f0,44b6_706092f0:50,union|44b6_706092f0:50|4,0,geometry_1_05_focus4,-21.244412665608202
44b6_706092f0,44b6_706092f0:50,union|44b6_706092f0:50|5,0,geometry_1_05_focus4,-16.967201330783745
44b6_706092f0,44b6_706092f0:50,union|44b6_706092f0:50|6,0,geometry_1_05_focus4,-23.52502618480871
44b6_706092f0,44b6_706092f0:50,union|44b6_706092f0:50|7,0,geometry_1_05_focus4,-24.277761655416974
44b6_706092f0,44b6_706092f0:50,union|44b6_706092f0:50|8,0,geometry_1_05_focus4,-18.402721435972452
44b6_706092f0,44b6_706092f0:50,union|44b6_706092f0:50|9,0,geometry_1_05_focus4,-16.079443762171504
44b6_706092f0,44b6_706092f0:50,union|44b6_706092f0:50|10,0,geometry_1_05_focus4,-23.27373541910498
44b6_706092f0,44b6_706092f0:50,union|44b6_706092f0:50|11,0,geometry_1_05_focus4,-19.651753261477715
44b6_706092f0,44b6_706092f0:50,union|44b6_706092f0:50|12,0,geometry_1_05_focus4,-20.6359838685754
44b6_706092f0,44b6_706092f0:50,union|44b6_706092f0:50|13,0,geometry_1_05_focus4,-17.476615246781925
44b6_706092f0,44b6_706092f0:50,union|44b6_706092f0:50|14,0,geometry_1_05_focus4,-28.74635217180602
44b6_706092f0,44b6_706092f0:50,union|44b6_706092f0:50|15,0,geometry_1_05_focus4,-25.001755934620785
44b6_706092f0,44b6_706092f0:50,union|44b6_706092f0:50|16,0,geometry_1_05_focus4,-15.607615328742572
44b6_706092f0,44b6_706092f0:50,union|44b6_706092f0:50|17,0,geometry_1_05_focus4,-17.407231794573196
44b6_706092f0,44b6_706092f0:50,union|44b6_706092f0:50|18,0,geometry_1_05_focus4,-19.19289419290379
44b6_706092f0,44b6_706092f0:50,union|44b6_706092f0:50|19,0,geometry_1_05_focus4,-26.751090552981807
44b6_706092f0,44b6_706092f0:50,union|44b6_706092f0:50|20,1,geometry_1_05_focus4,-13.955363256256973
44b6_706092f0,44b6_706092f0:50,union|44b6_706092f0:50|21,0,geometry_1_05_focus4,-19.444466323314803
44b6_706092f0,44b6_706092f0:50,union|44b6_706092f0:50|22,0,geometry_1_05_focus4,-19.924921360025294
44b6_706092f0,44b6_706092f0:50,union|44b6_706092f0:50|23,0,geometry_1_05_focus4,-24.41964024217402
44b6_706092f0,44b6_706092f0:50,union|44b6_706092f0:50|24,0,geometry_1_05_focus4,-22.928782782206103
44b6_706092f0,44b6_706092f0:50,union|44b6_706092f0:50|25,0,geometry_1_05_focus4,-22.61273783858855
44b6_996155de,44b6_996155de:60,union|44b6_996155de:60|0,1,geometry_1_05_focus4,-8.658694077712559
44b6_996155de,44b6_996155de:60,union|44b6_996155de:60|1,0,geometry_1_05_focus4,-16.113755462244285
44b6_996155de,44b6_996155de:60,union|44b6_996155de:60|2,0,geometry_1_05_focus4,-16.388584532748652
44b6_996155de,44b6_996155de:60,union|44b6_996155de:60|3,0,geometry_1_05_focus4,-14.408502101851665
44b6_996155de,44b6_996155de:60,union|44b6_996155de:60|4,0,geometry_1_05_focus4,-18.87355156483692
44b6_996155de,44b6_996155de:60,union|44b6_996155de:60|5,0,geometry_1_05_focus4,-21.449331533049943
44b6_c50204e0,44b6_c50204e0:43,union|44b6_c50204e0:43|0,0,geometry_1_05_focus4,-18.792722547957474
44b6_c50204e0,44b6_c50204e0:43,union|44b6_c50204e0:43|1,0,geometry_1_05_focus4,-19.044259743100937
44b6_c50204e0,44b6_c50204e0:43,union|44b6_c50204e0:43|2,0,geometry_1_05_focus4,-23.025099379097917
44b6_c50204e0,44b6_c50204e0:43,union|44b6_c50204e0:43|3,0,geometry_1_05_focus4,-22.111418307857036
44b6_c50204e0,44b6_c50204e0:43,union|44b6_c50204e0:43|4,0,geometry_1_05_focus4,-25.6727859743867
44b6_c50204e0,44b6_c50204e0:43,union|44b6_c50204e0:43|5,0,geometry_1_05_focus4,-25.14769419313757
44b6_c50204e0,44b6_c50204e0:43,union|44b6_c50204e0:43|6,0,geometry_1_05_focus4,-21.971149022573073
44b6_c50204e0,44b6_c50204e0:43,union|44b6_c50204e0:43|7,0,geometry_1_05_focus4,-23.73265255469451
44b6_c50204e0,44b6_c50204e0:43,union|44b6_c50204e0:43|8,0,geometry_1_05_focus4,-23.147283685261662
44b6_c50204e0,44b6_c50204e0:43,union|44b6_c50204e0:43|9,0,geometry_1_05_focus4,-23.187607505520127
44b6_c50204e0,44b6_c50204e0:43,union|44b6_c50204e0:43|10,0,geometry_1_05_focus4,-26.204396316383594
44b6_c50204e0,44b6_c50204e0:43,union|44b6_c50204e0:43|11,0,geometry_1_05_focus4,-26.032958777545417
44b6_c50204e0,44b6_c50204e0:43,union|44b6_c50204e0:43|12,0,geometry_1_05_focus4,-18.722792760429734
44b6_c50204e0,44b6_c50204e0:43,union|44b6_c50204e0:43|13,0,geometry_1_05_focus4,-20.15310606500478
44b6_c50204e0,44b6_c50204e0:43,union|44b6_c50204e0:43|14,0,geometry_1_05_focus4,-19.794361840286488
44b6_c50204e0,44b6_c50204e0:43,union|44b6_c50204e0:43|15,0,geometry_1_05_focus4,-23.067459536603067
44b6_c50204e0,44b6_c50204e0:43,union|44b6_c50204e0:43|16,0,geometry_1_05_focus4,-21.88920001526055
44b6_c50204e0,44b6_c50204e0:43,union|44b6_c50204e0:43|17,0,geometry_1_05_focus4,-16.624815195080625
44b6_c50204e0,44b6_c50204e0:43,union|44b6_c50204e0:43|18,0,geometry_1_05_focus4,-22.382130055180518
44b6_c50204e0,44b6_c50204e0:43,union|44b6_c50204e0:43|19,0,geometry_1_05_focus4,-21.761485854442522
44b6_c50204e0,44b6_c50204e0:43,union|44b6_c50204e0:43|20,0,geometry_1_05_focus4,-18.284272438477554
44b6_c50204e0,44b6_c50204e0:43,union|44b6_c50204e0:43|21,0,geometry_1_05_focus4,-19.928547344589727
44b6_c50204e0,44b6_c50204e0:43,union|44b6_c50204e0:43|22,0,geometry_1_05_focus4,-23.233672955976846
44b6_c50204e0,44b6_c50204e0:43,union|44b6_c50204e0:43|23,0,geometry_1_05_focus4,-21.887229323803545
44b6_c50204e0,44b6_c50204e0:43,union|44b6_c50204e0:43|24,0,geometry_1_05_focus4,-27.51132143031562
44b6_c50204e0,44b6_c50204e0:43,union|44b6_c50204e0:43|25,0,geometry_1_05_focus4,-23.347116658273332
44b6_c50204e0,44b6_c50204e0:43,union|44b6_c50204e0:43|26,0,geometry_1_05_focus4,-21.82366882300981
44b6_c50204e0,44b6_c50204e0:43,union|44b6_c50204e0:43|27,0,geometry_1_05_focus4,-16.303339861809448
44b6_c50204e0,44b6_c50204e0:43,union|44b6_c50204e0:43|28,0,geometry_1_05_focus4,-21.464459818249466
44b6_c50204e0,44b6_c50204e0:43,union|44b6_c50204e0:43|29,0,geometry_1_05_focus4,-19.8254961768113
44b6_c50204e0,44b6_c50204e0:43,union|44b6_c50204e0:43|30,0,geometry_1_05_focus4,-23.531909031859293
44b6_c50204e0,44b6_c50204e0:43,union|44b6_c50204e0:43|31,0,geometry_1_05_focus4,-20.446293216603586
44b6_c50204e0,44b6_c50204e0:43,union|44b6_c50204e0:43|32,0,geometry_1_05_focus4,-19.196842912763874
44b6_c50204e0,44b6_c50204e0:43,union|44b6_c50204e0:43|33,0,geometry_1_05_focus4,-21.09788650701531
44b6_c50204e0,44b6_c50204e0:43,union|44b6_c50204e0:43|34,0,geometry_1_05_focus4,-22.50035045032675
44b6_c50204e0,44b6_c50204e0:43,union|44b6_c50204e0:43|35,0,geometry_1_05_focus4,-22.797316807974617
44b6_c50204e0,44b6_c50204e0:43,union|44b6_c50204e0:43|36,0,geometry_1_05_focus4,-25.5184674532578
44b6_c50204e0,44b6_c50204e0:43,union|44b6_c50204e0:43|37,0,geometry_1_05_focus4,-19.523328506652867
44b6_c50204e0,44b6_c50204e0:43,union|44b6_c50204e0:43|38,0,geometry_1_05_focus4,-19.104982857417415
44b6_c50204e0,44b6_c50204e0:43,union|44b6_c50204e0:43|39,0,geometry_1_05_focus4,-22.504091425224004
44b6_c50204e0,44b6_c50204e0:43,union|44b6_c50204e0:43|40,0,geometry_1_05_focus4,-23.373558975588956
44b6_c50204e0,44b6_c50204e0:43,union|44b6_c50204e0:43|41,0,geometry_1_05_focus4,-20.870775527086494
44b6_c50204e0,44b6_c50204e0:43,union|44b6_c50204e0:43|42,0,geometry_1_05_focus4,-21.620214475673087
44b6_c50204e0,44b6_c50204e0:43,union|44b6_c50204e0:43|43,0,geometry_1_05_focus4,-22.157185737988414
44b6_c50204e0,44b6_c50204e0:43,union|44b6_c50204e0:43|44,0,geometry_1_05_focus4,-23.686542459034
44b6_c50204e0,44b6_c50204e0:43,union|44b6_c50204e0:43|45,0,geometry_1_05_focus4,-21.06230209096926
44b6_c50204e0,44b6_c50204e0:43,union|44b6_c50204e0:43|46,0,geometry_1_05_focus4,-23.418300557280183
44b6_c50204e0,44b6_c50204e0:43,union|44b6_c50204e0:43|47,0,geometry_1_05_focus4,-24.20463482726432
44b6_c50204e0,44b6_c50204e0:43,union|44b6_c50204e0:43|48,0,geometry_1_05_focus4,-22.23843675365785
44b6_c50204e0,44b6_c50204e0:43,union|44b6_c50204e0:43|49,0,geometry_1_05_focus4,-23.798299172600046
44b6_c50204e0,44b6_c50204e0:43,union|44b6_c50204e0:43|50,0,geometry_1_05_focus4,-18.68024266040633
44b6_c50204e0,44b6_c50204e0:43,union|44b6_c50204e0:43|51,0,geometry_1_05_focus4,-17.41940003787933
44b6_c50204e0,44b6_c50204e0:43,union|44b6_c50204e0:43|52,0,geometry_1_05_focus4,-25.02068213523718
44b6_c50204e0,44b6_c50204e0:43,union|44b6_c50204e0:43|53,0,geometry_1_05_focus4,-17.89465252312612
44b6_c50204e0,44b6_c50204e0:43,union|44b6_c50204e0:43|54,0,geometry_1_05_focus4,-17.146831319580684
44b6_c50204e0,44b6_c50204e0:43,union|44b6_c50204e0:43|55,0,geometry_1_05_focus4,-15.704672754824587
44b6_c50204e0,44b6_c50204e0:43,union|44b6_c50204e0:43|56,0,geometry_1_05_focus4,-21.154584262835645
44b6_c50204e0,44b6_c50204e0:43,union|44b6_c50204e0:43|57,0,geometry_1_05_focus4,-22.405492872792983
44b6_c50204e0,44b6_c50204e0:43,union|44b6_c50204e0:43|58,0,geometry_1_05_focus4,-22.65390463871971
44b6_c50204e0,44b6_c50204e0:43,union|44b6_c50204e0:43|59,0,geometry_1_05_focus4,-25.36634749708323
44b6_c50204e0,44b6_c50204e0:43,union|44b6_c50204e0:43|60,0,geometry_1_05_focus4,-20.492607951164874
44b6_c50204e0,44b6_c50204e0:43,union|44b6_c50204e0:43|61,0,geometry_1_05_focus4,-22.504091425224004
44b6_c50204e0,44b6_c50204e0:43,union|44b6_c50204e0:43|62,0,geometry_1_05_focus4,-19.735380368625734
44b6_c50204e0,44b6_c50204e0:43,union|44b6_c50204e0:43|63,0,geometry_1_05_focus4,-23.6324393049046
44b6_c50204e0,44b6_c50204e0:43,union|44b6_c50204e0:43|64,0,geometry_1_05_focus4,-22.884618101359166
44b6_c50204e0,44b6_c50204e0:43,union|44b6_c50204e0:43|65,0,geometry_1_05_focus4,-23.960807299022257
44b6_c50204e0,44b6_c50204e0:43,union|44b6_c50204e0:43|66,0,geometry_1_05_focus4,-22.152590934237665
44b6_c50204e0,44b6_c50204e0:43,union|44b6_c50204e0:43|67,0,geometry_1_05_focus4,-22.649250653171904
44b6_c50204e0,44b6_c50204e0:43,union|44b6_c50204e0:43|68,0,geometry_1_05_focus4,-20.561774360371505
44b6_c50204e0,44b6_c50204e0:43,union|44b6_c50204e0:43|69,0,geometry_1_05_focus4,-17.7451699526144
44b6_c50204e0,44b6_c50204e0:43,union|44b6_c50204e0:43|70,0,geometry_1_05_focus4,-25.6727859743867
44b6_c50204e0,44b6_c50204e0:43,union|44b6_c50204e0:43|71,0,geometry_1_05_focus4,-21.725590784637063
44b6_c50204e0,44b6_c50204e0:43,union|44b6_c50204e0:43|72,0,geometry_1_05_focus4,-25.12516664477309
44b6_c50204e0,44b6_c50204e0:43,union|44b6_c50204e0:43|73,0,geometry_1_05_focus4,-24.159524888243805
44b6_c50204e0,44b6_c50204e0:43,union|44b6_c50204e0:43|74,0,geometry_1_05_focus4,-24.692459536603067
44b6_c50204e0,44b6_c50204e0:43,union|44b6_c50204e0:43|75,0,geometry_1_05_focus4,-21.725590784637063
44b6_c50204e0,44b6_c50204e0:43,union|44b6_c50204e0:43|76,0,geometry_1_05_focus4,-24.430085616378506
44b6_c50204e0,44b6_c50204e0:43,union|44b6_c50204e0:43|77,0,geometry_1_05_focus4,-28.882920329683706
44b6_c50204e0,44b6_c50204e0:43,union|44b6_c50204e0:43|78,0,geometry_1_05_focus4,-24.73558682310904
44b6_c50204e0,44b6_c50204e0:43,union|44b6_c50204e0:43|79,0,geometry_1_05_focus4,-22.506025043483355
44b6_c50204e0,44b6_c50204e0:43,union|44b6_c50204e0:43|80,0,geometry_1_05_focus4,-21.880803760084554
44b6_c50204e0,44b6_c50204e0:43,union|44b6_c50204e0:43|81,0,geometry_1_05_focus4,-22.545762158076947
44b6_c50204e0,44b6_c50204e0:43,union|44b6_c50204e0:43|82,0,geometry_1_05_focus4,-27.47943291239953
44b6_c50204e0,44b6_c50204e0:43,union|44b6_c50204e0:43|83,0,geometry_1_05_focus4,-20.272168498094707
44b6_c50204e0,44b6_c50204e0:43,union|44b6_c50204e0:43|84,0,geometry_1_05_focus4,-19.854637334174985
44b6_c50204e0,44b6_c50204e0:43,union|44b6_c50204e0:43|85,0,geometry_1_05_focus4,-9.263490736021819
44b6_c50204e0,44b6_c50204e0:43,union|44b6_c50204e0:43|86,1,geometry_1_05_focus4,-12.184333918865047
44b6_c50204e0,44b6_c50204e0:43,union|44b6_c50204e0:43|87,0,geometry_1_05_focus4,-19.888482254111047
44b6_c50204e0,44b6_c50204e0:43,union|44b6_c50204e0:43|88,0,geometry_1_05_focus4,-15.548755527182934
44b6_c50204e0,44b6_c50204e0:43,union|44b6_c50204e0:43|89,0,geometry_1_05_focus4,-22.358106636391344
44b6_c50204e0,44b6_c50204e0:43,union|44b6_c50204e0:43|90,0,geometry_1_05_focus4,-22.144302501104992
44b6_c50204e0,44b6_c50204e0:43,union|44b6_c50204e0:43|91,0,geometry_1_05_focus4,-27.547125814059733
44b6_c50204e0,44b6_c50204e0:43,union|44b6_c50204e0:43|92,0,geometry_1_05_focus4,-22.258130389399685
44b6_c50204e0,44b6_c50204e0:43,union|44b6_c50204e0:43|93,0,geometry_1_05_focus4,-21.040261303214514
44b6_c50204e0,44b6_c50204e0:43,union|44b6_c50204e0:43|94,0,geometry_1_05_focus4,-24.297856117105965
44b6_c50204e0,44b6_c50204e0:43,union|44b6_c50204e0:43|95,0,geometry_1_05_focus4,-23.70662352802742
44b6_c50204e0,44b6_c50204e0:43,union|44b6_c50204e0:43|96,0,geometry_1_05_focus4,-22.734739724976507
44b6_c50204e0,44b6_c50204e0:43,union|44b6_c50204e0:43|97,0,geometry_1_05_focus4,-25.23357844686644
44b6_c50204e0,44b6_c50204e0:43,union|44b6_c50204e0:43|98,0,geometry_1_05_focus4,-19.559056948114986
44b6_c50204e0,44b6_c50204e0:43,union|44b6_c50204e0:43|99,0,geometry_1_05_focus4,-21.963921171749355
44b6_c50204e0,44b6_c50204e0:43,union|44b6_c50204e0:43|100,0,geometry_1_05_focus4,-29.064827808894584
44b6_c50204e0,44b6_c50204e0:43,union|44b6_c50204e0:43|101,0,geometry_1_05_focus4,-19.08654452905518
44b6_c50204e0,44b6_c50204e0:43,union|44b6_c50204e0:43|102,0,geometry_1_05_focus4,-18.89259246355328
44b6_c50204e0,44b6_c50204e0:43,union|44b6_c50204e0:43|103,0,geometry_1_05_focus4,-18.070279934368735
44b6_c50204e0,44b6_c50204e0:43,union|44b6_c50204e0:43|104,0,geometry_1_05_focus4,-26.801181848316645
44b6_c50204e0,44b6_c50204e0:43,union|44b6_c50204e0:43|105,0,geometry_1_05_focus4,-19.7159794957053
44b6_c50204e0,44b6_c50204e0:43,union|44b6_c50204e0:43|106,0,geometry_1_05_focus4,-10.041605391626797
44b6_c50204e0,44b6_c50204e0:43,union|44b6_c50204e0:43|107,0,geometry_1_05_focus4,-18.634763535308984
44b6_c50204e0,44b6_c50204e0:43,union|44b6_c50204e0:43|108,0,geometry_1_05_focus4,-15.096720673267725
44b6_c50204e0,44b6_c50204e0:43,union|44b6_c50204e0:43|109,0,geometry_1_05_focus4,-23.79625341248986
44b6_c50204e0,44b6_c50204e0:43,union|44b6_c50204e0:43|110,0,geometry_1_05_focus4,-25.23357844686644
44b6_c50204e0,44b6_c50204e0:43,union|44b6_c50204e0:43|111,0,geometry_1_05_focus4,-22.016884797087567
44b6_c50204e0,44b6_c50204e0:43,union|44b6_c50204e0:43|112,0,geometry_1_05_focus4,-21.686830355604695
44b6_c50204e0,44b6_c50204e0:43,union|44b6_c50204e0:43|113,0,geometry_1_05_focus4,-27.310190086439512
44b6_c50204e0,44b6_c50204e0:43,union|44b6_c50204e0:43|114,0,geometry_1_05_focus4,-22.046536063799195
44b6_c50204e0,44b6_c50204e0:43,union|44b6_c50204e0:43|115,0,geometry_1_05_focus4,-20.004559726652897
44b6_c50204e0,44b6_c50204e0:43,union|44b6_c50204e0:43|116,0,geometry_1_05_focus4,-15.148524209228167
44b6_c50204e0,44b6_c50204e0:43,union|44b6_c50204e0:43|117,0,geometry_1_05_focus4,-20.920781602014763
44b6_c50204e0,44b6_c50204e0:43,union|44b6_c50204e0:43|118,0,geometry_1_05_focus4,-25.19989918858959
44b6_c50204e0,44b6_c50204e0:43,union|44b6_c50204e0:43|119,0,geometry_1_05_focus4,-24.500129751913747
44b6_c50204e0,44b6_c50204e0:43,union|44b6_c50204e0:43|120,0,geometry_1_05_focus4,-22.767309792887744
44b6_c50204e0,44b6_c50204e0:43,union|44b6_c50204e0:43|121,0,geometry_1_05_focus4,-24.466332940434377
44b6_c50204e0,44b6_c50204e0:43,union|44b6_c50204e0:43|122,0,geometry_1_05_focus4,-22.23354310442622
44b6_c50204e0,44b6_c50204e0:43,union|44b6_c50204e0:43|123,0,geometry_1_05_focus4,-24.21036920956886
44b6_c50204e0,44b6_c50204e0:43,union|44b6_c50204e0:43|124,0,geometry_1_05_focus4,-24.05309706616775
44b6_c50204e0,44b6_c50204e0:43,union|44b6_c50204e0:43|125,0,geometry_1_05_focus4,-23.140423775979166
44b6_c50204e0,44b6_c50204e0:43,union|44b6_c50204e0:43|126,0,geometry_1_05_focus4,-21.015234964692834
44b6_c50204e0,44b6_c50204e0:43,union|44b6_c50204e0:43|127,0,geometry_1_05_focus4,-18.957708984947647
44b6_c50204e0,44b6_c50204e0:43,union|44b6_c50204e0:43|128,0,geometry_1_05_focus4,-21.657034513464094
44b6_c50204e0,44b6_c50204e0:43,union|44b6_c50204e0:43|129,0,geometry_1_05_focus4,-17.32880187975862
44b6_c50204e0,44b6_c50204e0:43,union|44b6_c50204e0:43|130,0,geometry_1_05_focus4,-23.702010302909123
44b6_c50204e0,44b6_c50204e0:43,union|44b6_c50204e0:43|131,0,geometry_1_05_focus4,-23.92983063900093
44b6_c50204e0,44b6_c50204e0:43,union|44b6_c50204e0:43|132,0,geometry_1_05_focus4,-24.98582585961126
44b6_c50204e0,44b6_c50204e0:43,union|44b6_c50204e0:43|133,0,geometry_1_05_focus4,-23.541103593320848
44b6_c50204e0,44b6_c50204e0:43,union|44b6_c50204e0:43|134,0,geometry_1_05_focus4,-19.559056948114986
44b6_c50204e0,44b6_c50204e0:43,union|44b6_c50204e0:43|135,0,geometry_1_05_focus4,-19.559056948114986
44b6_c50204e0,44b6_c50204e0:43,union|44b6_c50204e0:43|136,0,geometry_1_05_focus4,-30.280965161617313
44b6_c50204e0,44b6_c50204e0:184,union|44b6_c50204e0:184|0,0,geometry_1_05_focus4,-18.87182473121878
44b6_c50204e0,44b6_c50204e0:184,union|44b6_c50204e0:184|1,0,geometry_1_05_focus4,-21.132629937783047
44b6_c50204e0,44b6_c50204e0:184,union|44b6_c50204e0:184|2,0,geometry_1_05_focus4,-22.506025043483355
44b6_c50204e0,44b6_c50204e0:184,union|44b6_c50204e0:184|3,0,geometry_1_05_focus4,-19.47317269438612
44b6_c50204e0,44b6_c50204e0:184,union|44b6_c50204e0:184|4,0,geometry_1_05_focus4,-23.967212812438884
44b6_c50204e0,44b6_c50204e0:184,union|44b6_c50204e0:184|5,0,geometry_1_05_focus4,-20.780635034747718
44b6_c50204e0,44b6_c50204e0:184,union|44b6_c50204e0:184|6,0,geometry_1_05_focus4,-20.595821157048366
44b6_c50204e0,44b6_c50204e0:184,union|44b6_c50204e0:184|7,0,geometry_1_05_focus4,-24.943848987128856
44b6_c50204e0,44b6_c50204e0:184,union|44b6_c50204e0:184|8,0,geometry_1_05_focus4,-21.72785073722658
44b6_c50204e0,44b6_c50204e0:184,union|44b6_c50204e0:184|9,0,geometry_1_05_focus4,-21.518034988106407
44b6_c50204e0,44b6_c50204e0:184,union|44b6_c50204e0:184|10,0,geometry_1_05_focus4,-23.373558975588956
44b6_c50204e0,44b6_c50204e0:184,union|44b6_c50204e0:184|11,0,geometry_1_05_focus4,-22.77690484389522
44b6_c50204e0,44b6_c50204e0:184,union|44b6_c50204e0:184|12,0,geometry_1_05_focus4,-24.30457516605663
44b6_c50204e0,44b6_c50204e0:184,union|44b6_c50204e0:184|13,0,geometry_1_05_focus4,-18.703240518617676
44b6_c50204e0,44b6_c50204e0:184,union|44b6_c50204e0:184|14,0,geometry_1_05_focus4,-23.395277552522693
44b6_c50204e0,44b6_c50204e0:184,union|44b6_c50204e0:184|15,0,geometry_1_05_focus4,-20.757130055180518
44b6_c50204e0,44b6_c50204e0:184,union|44b6_c50204e0:184|16,0,geometry_1_05_focus4,-22.94710982348205
44b6_c50204e0,44b6_c50204e0:184,union|44b6_c50204e0:184|17,0,geometry_1_05_focus4,-18.516775613464937
44b6_c50204e0,44b6_c50204e0:184,union|44b6_c50204e0:184|18,0,geometry_1_05_focus4,-18.792972807332138
44b6_c50204e0,44b6_c50204e0:184,union|44b6_c50204e0:184|19,0,geometry_1_05_focus4,-22.10608646092908
44b6_c50204e0,44b6_c50204e0:184,union|44b6_c50204e0:184|20,0,geometry_1_05_focus4,-22.01163309825101
44b6_c50204e0,44b6_c50204e0:184,union|44b6_c50204e0:184|21,0,geometry_1_05_focus4,-20.520045750336255
44b6_c50204e0,44b6_c50204e0:184,union|44b6_c50204e0:184|22,0,geometry_1_05_focus4,-24.98745649296415
44b6_c50204e0,44b6_c50204e0:184,union|44b6_c50204e0:184|23,0,geometry_1_05_focus4,-24.08069096663817
44b6_c50204e0,44b6_c50204e0:184,union|44b6_c50204e0:184|24,0,geometry_1_05_focus4,-24.297856117105965
44b6_c50204e0,44b6_c50204e0:184,union|44b6_c50204e0:184|25,0,geometry_1_05_focus4,-28.979471431128925
44b6_c50204e0,44b6_c50204e0:184,union|44b6_c50204e0:184|26,0,geometry_1_05_focus4,-20.727910447565204
44b6_c50204e0,44b6_c50204e0:184,union|44b6_c50204e0:184|27,0,geometry_1_05_focus4,-23.10774903848982
44b6_c50204e0,44b6_c50204e0:184,union|44b6_c50204e0:184|28,0,geometry_1_05_focus4,-18.987364936356563
44b6_c50204e0,44b6_c50204e0:184,union|44b6_c50204e0:184|29,0,geometry_1_05_focus4,-19.724021156084966
44b6_c50204e0,44b6_c50204e0:184,union|44b6_c50204e0:184|30,0,geometry_1_05_focus4,-18.04127855894427
44b6_c50204e0,44b6_c50204e0:184,union|44b6_c50204e0:184|31,0,geometry_1_05_focus4,-18.785593382712705
44b6_c50204e0,44b6_c50204e0:184,union|44b6_c50204e0:184|32,0,geometry_1_05_focus4,-23.582981488956825
44b6_c50204e0,44b6_c50204e0:184,union|44b6_c50204e0:184|33,0,geometry_1_05_focus4,-19.89386784398469
44b6_c50204e0,44b6_c50204e0:184,union|44b6_c50204e0:184|34,0,geometry_1_05_focus4,-22.46152759743409
44b6_c50204e0,44b6_c50204e0:184,union|44b6_c50204e0:184|35,0,geometry_1_05_focus4,-24.96081744445332
44b6_c50204e0,44b6_c50204e0:184,union|44b6_c50204e0:184|36,0,geometry_1_05_focus4,-23.9599143006243
44b6_c50204e0,44b6_c50204e0:184,union|44b6_c50204e0:184|37,0,geometry_1_05_focus4,-16.20562497587763
44b6_c50204e0,44b6_c50204e0:184,union|44b6_c50204e0:184|38,0,geometry_1_05_focus4,-22.374496519842367
44b6_c50204e0,44b6_c50204e0:184,union|44b6_c50204e0:184|39,0,geometry_1_05_focus4,-18.81956784955298
44b6_c50204e0,44b6_c50204e0:184,union|44b6_c50204e0:184|40,0,geometry_1_05_focus4,-21.07546193673268
44b6_c50204e0,44b6_c50204e0:184,union|44b6_c50204e0:184|41,0,geometry_1_05_focus4,-22.07552466744979
44b6_c50204e0,44b6_c50204e0:184,union|44b6_c50204e0:184|42,0,geometry_1_05_focus4,-19.00598427397222
44b6_c50204e0,44b6_c50204e0:184,union|44b6_c50204e0:184|43,0,geometry_1_05_focus4,-19.70765833838238
44b6_c50204e0,44b6_c50204e0:184,union|44b6_c50204e0:184|44,0,geometry_1_05_focus4,-23.20956381968579
44b6_c50204e0,44b6_c50204e0:184,union|44b6_c50204e0:184|45,0,geometry_1_05_focus4,-17.800809818114843
44b6_c50204e0,44b6_c50204e0:184,union|44b6_c50204e0:184|46,0,geometry_1_05_focus4,-20.312927608570668
44b6_c50204e0,44b6_c50204e0:184,union|44b6_c50204e0:184|47,0,geometry_1_05_focus4,-20.61870980402432
44b6_c50204e0,44b6_c50204e0:184,union|44b6_c50204e0:184|48,0,geometry_1_05_focus4,-19.431814823768438
44b6_c50204e0,44b6_c50204e0:184,union|44b6_c50204e0:184|49,0,geometry_1_05_focus4,-20.3702425971407
44b6_c50204e0,44b6_c50204e0:184,union|44b6_c50204e0:184|50,0,geometry_1_05_focus4,-17.194350598886807
44b6_c50204e0,44b6_c50204e0:184,union|44b6_c50204e0:184|51,0,geometry_1_05_focus4,-20.13564311128928
44b6_c50204e0,44b6_c50204e0:184,union|44b6_c50204e0:184|52,0,geometry_1_05_focus4,-19.5
44b6_c50204e0,44b6_c50204e0:184,union|44b6_c50204e0:184|53,0,geometry_1_05_focus4,-19.890601817456385
44b6_c50204e0,44b6_c50204e0:184,union|44b6_c50204e0:184|54,0,geometry_1_05_focus4,-23.14657189138248
44b6_c50204e0,44b6_c50204e0:184,union|44b6_c50204e0:184|55,0,geometry_1_05_focus4,-22.161954990846137
44b6_c50204e0,44b6_c50204e0:184,union|44b6_c50204e0:184|56,0,geometry_1_05_focus4,-23.924487553085925
44b6_c50204e0,44b6_c50204e0:184,union|44b6_c50204e0:184|57,0,geometry_1_05_focus4,-24.16971385113247
44b6_c50204e0,44b6_c50204e0:184,union|44b6_c50204e0:184|58,0,geometry_1_05_focus4,-26.520164705158667
44b6_c50204e0,44b6_c50204e0:184,union|44b6_c50204e0:184|59,0,geometry_1_05_focus4,-21.470388875044634
44b6_c50204e0,44b6_c50204e0:184,union|44b6_c50204e0:184|60,0,geometry_1_05_focus4,-16.333614233103837
44b6_c50204e0,44b6_c50204e0:184,union|44b6_c50204e0:184|61,0,geometry_1_05_focus4,-24.118750573535454
44b6_c50204e0,44b6_c50204e0:184,union|44b6_c50204e0:184|62,0,geometry_1_05_focus4,-18.30370728389933
44b6_c50204e0,44b6_c50204e0:184,union|44b6_c50204e0:184|63,0,geometry_1_05_focus4,-16.87703149658693
44b6_c50204e0,44b6_c50204e0:184,union|44b6_c50204e0:184|64,0,geometry_1_05_focus4,-20.04127231237247
44b6_c50204e0,44b6_c50204e0:184,union|44b6_c50204e0:184|65,0,geometry_1_05_focus4,-16.333614233103837
44b6_c50204e0,44b6_c50204e0:184,union|44b6_c50204e0:184|66,0,geometry_1_05_focus4,-19.505559461377423
44b6_c50204e0,44b6_c50204e0:184,union|44b6_c50204e0:184|67,0,geometry_1_05_focus4,-18.190531835910097
44b6_c50204e0,44b6_c50204e0:184,union|44b6_c50204e0:184|68,0,geometry_1_05_focus4,-23.702010302909123
44b6_c50204e0,44b6_c50204e0:184,union|44b6_c50204e0:184|69,0,geometry_1_05_focus4,-22.20063027878625
44b6_c50204e0,44b6_c50204e0:184,union|44b6_c50204e0:184|70,0,geometry_1_05_focus4,-24.391720851006312
44b6_c50204e0,44b6_c50204e0:184,union|44b6_c50204e0:184|71,0,geometry_1_05_focus4,-15.724773206583684
44b6_c50204e0,44b6_c50204e0:184,union|44b6_c50204e0:184|72,0,geometry_1_05_focus4,-19.85030072960608
44b6_c50204e0,44b6_c50204e0:184,union|44b6_c50204e0:184|73,0,geometry_1_05_focus4,-18.740369961809275
44b6_c50204e0,44b6_c50204e0:184,union|44b6_c50204e0:184|74,0,geometry_1_05_focus4,-16.51860554742081
44b6_c50204e0,44b6_c50204e0:184,union|44b6_c50204e0:184|75,0,geometry_1_05_focus4,-23.029565351640738
44b6_c50204e0,44b6_c50204e0:184,union|44b6_c50204e0:184|76,0,geometry_1_05_focus4,-20.460372465065184
44b6_c50204e0,44b6_c50204e0:184,union|44b6_c50204e0:184|77,0,geometry_1_05_focus4,-20.960786737429917
44b6_c50204e0,44b6_c50204e0:184,union|44b6_c50204e0:184|78,0,geometry_1_05_focus4,-24.82147107683791
44b6_c50204e0,44b6_c50204e0:184,union|44b6_c50204e0:184|79,0,geometry_1_05_focus4,-23.13010206345166
44b6_c50204e0,44b6_c50204e0:184,union|44b6_c50204e0:184|80,0,geometry_1_05_focus4,-22.089729488236205
44b6_c50204e0,44b6_c50204e0:184,union|44b6_c50204e0:184|81,0,geometry_1_05_focus4,-23.925564579643783
44b6_c50204e0,44b6_c50204e0:184,union|44b6_c50204e0:184|82,0,geometry_1_05_focus4,-18.109755218397435
44b6_c50204e0,44b6_c50204e0:184,union|44b6_c50204e0:184|83,0,geometry_1_05_focus4,-20.043544059531126
44b6_c50204e0,44b6_c50204e0:184,union|44b6_c50204e0:184|84,0,geometry_1_05_focus4,-10.115210416011333
44b6_c50204e0,44b6_c50204e0:184,union|44b6_c50204e0:184|85,0,geometry_1_05_focus4,-22.990199489551937
44b6_c50204e0,44b6_c50204e0:184,union|44b6_c50204e0:184|86,0,geometry_1_05_focus4,-16.68235182732397
44b6_c50204e0,44b6_c50204e0:184,union|44b6_c50204e0:184|87,0,geometry_1_05_focus4,-13.984020822628983
44b6_c50204e0,44b6_c50204e0:184,union|44b6_c50204e0:184|88,0,geometry_1_05_focus4,-18.538531233943473
44b6_c50204e0,44b6_c50204e0:184,union|44b6_c50204e0:184|89,0,geometry_1_05_focus4,-20.50154610573905
44b6_c50204e0,44b6_c50204e0:184,union|44b6_c50204e0:184|90,0,geometry_1_05_focus4,-23.500376519812136
44b6_c50204e0,44b6_c50204e0:184,union|44b6_c50204e0:184|91,0,geometry_1_05_focus4,-23.479580645884926
44b6_c50204e0,44b6_c50204e0:184,union|44b6_c50204e0:184|92,0,geometry_1_05_focus4,-23.51355186896236
44b6_c50204e0,44b6_c50204e0:184,union|44b6_c50204e0:184|93,0,geometry_1_05_focus4,-21.822770145675214
44b6_c50204e0,44b6_c50204e0:184,union|44b6_c50204e0:184|94,0,geometry_1_05_focus4,-24.874933190724448
44b6_c50204e0,44b6_c50204e0:184,union|44b6_c50204e0:184|95,0,geometry_1_05_focus4,-20.390385872992205
44b6_c50204e0,44b6_c50204e0:184,union|44b6_c50204e0:184|96,0,geometry_1_05_focus4,-25.14769419313757
44b6_c50204e0,44b6_c50204e0:184,union|44b6_c50204e0:184|97,0,geometry_1_05_focus4,-24.73558682310904
44b6_c50204e0,44b6_c50204e0:184,union|44b6_c50204e0:184|98,0,geometry_1_05_focus4,-22.77690484389522
44b6_c50204e0,44b6_c50204e0:184,union|44b6_c50204e0:184|99,0,geometry_1_05_focus4,-18.070862621912173
44b6_c50204e0,44b6_c50204e0:184,union|44b6_c50204e0:184|100,0,geometry_1_05_focus4,-21.72785073722658
44b6_c50204e0,44b6_c50204e0:184,union|44b6_c50204e0:184|101,0,geometry_1_05_focus4,-21.676047201266137
44b6_c50204e0,44b6_c50204e0:184,union|44b6_c50204e0:184|102,0,geometry_1_05_focus4,-24.26771933959198
44b6_c50204e0,44b6_c50204e0:184,union|44b6_c50204e0:184|103,0,geometry_1_05_focus4,-23.495743281752702
44b6_c50204e0,44b6_c50204e0:184,union|44b6_c50204e0:184|104,0,geometry_1_05_focus4,-24.700426447762
44b6_c50204e0,44b6_c50204e0:184,union|44b6_c50204e0:184|105,0,geometry_1_05_focus4,-19.07180008901914
44b6_c50204e0,44b6_c50204e0:184,union|44b6_c50204e0:184|106,0,geometry_1_05_focus4,-20.978648609286676
44b6_c50204e0,44b6_c50204e0:184,union|44b6_c50204e0:184|107,0,geometry_1_05_focus4,-21.266692783145864
44b6_c50204e0,44b6_c50204e0:184,union|44b6_c50204e0:184|108,0,geometry_1_05_focus4,-20.358348149188153
44b6_c50204e0,44b6_c50204e0:184,union|44b6_c50204e0:184|109,0,geometry_1_05_focus4,-23.773967026490258
44b6_c50204e0,44b6_c50204e0:184,union|44b6_c50204e0:184|110,0,geometry_1_05_focus4,-26.178625111855425
44b6_c50204e0,44b6_c50204e0:184,union|44b6_c50204e0:184|111,0,geometry_1_05_focus4,-19.211614009270743
44b6_c50204e0,44b6_c50204e0:184,union|44b6_c50204e0:184|112,0,geometry_1_05_focus4,-19.075245779729475
44b6_c50204e0,44b6_c50204e0:184,union|44b6_c50204e0:184|113,0,geometry_1_05_focus4,-19.081499188909422
44b6_c50204e0,44b6_c50204e0:184,union|44b6_c50204e0:184|114,0,geometry_1_05_focus4,-22.278760573916315
44b6_c50204e0,44b6_c50204e0:184,union|44b6_c50204e0:184|115,0,geometry_1_05_focus4,-23.37240036458305
44b6_c50204e0,44b6_c50204e0:184,union|44b6_c50204e0:184|116,0,geometry_1_05_focus4,-19.9431557638831
44b6_c50204e0,44b6_c50204e0:184,union|44b6_c50204e0:184|117,0,geometry_1_05_focus4,-22.23843675365785
44b6_c50204e0,44b6_c50204e0:184,union|44b6_c50204e0:184|118,0,geometry_1_05_focus4,-21.519598315800366
44b6_c50204e0,44b6_c50204e0:184,union|44b6_c50204e0:184|119,0,geometry_1_05_focus4,-24.11590164620175
44b6_c50204e0,44b6_c50204e0:184,union|44b6_c50204e0:184|120,0,geometry_1_05_focus4,-21.614389279472135
44b6_c50204e0,44b6_c50204e0:184,union|44b6_c50204e0:184|121,0,geometry_1_05_focus4,-15.150090929190995
44b6_c50204e0,44b6_c50204e0:184,union|44b6_c50204e0:184|122,1,geometry_1_05_focus4,-9.839761064056999
44b6_c50204e0,44b6_c50204e0:184,union|44b6_c50204e0:184|123,0,geometry_1_05_focus4,-16.786456405748563
44b6_c50204e0,44b6_c50204e0:184,union|44b6_c50204e0:184|124,0,geometry_1_05_focus4,-19.492682158240733
44b6_c50204e0,44b6_c50204e0:184,union|44b6_c50204e0:184|125,0,geometry_1_05_focus4,-23.251569836627624
44b6_c50204e0,44b6_c50204e0:184,union|44b6_c50204e0:184|126,0,geometry_1_05_focus4,-21.698745682678325
44b6_c50204e0,44b6_c50204e0:184,union|44b6_c50204e0:184|127,0,geometry_1_05_focus4,-21.597922395138063
44b6_c50204e0,44b6_c50204e0:184,union|44b6_c50204e0:184|128,0,geometry_1_05_focus4,-20.00124489592143
44b6_c50204e0,44b6_c50204e0:184,union|44b6_c50204e0:184|129,0,geometry_1_05_focus4,-21.278011833759017
44b6_c50204e0,44b6_c50204e0:184,union|44b6_c50204e0:184|130,0,geometry_1_05_focus4,-23.695418829143918
44b6_c50204e0,44b6_c50204e0:184,union|44b6_c50204e0:184|131,0,geometry_1_05_focus4,-18.514246742843817
44b6_c50204e0,44b6_c50204e0:184,union|44b6_c50204e0:184|132,0,geometry_1_05_focus4,-17.194350598886807
44b6_c50204e0,44b6_c50204e0:184,union|44b6_c50204e0:184|133,0,geometry_1_05_focus4,-24.327521172125543
44b6_c50204e0,44b6_c50204e0:184,union|44b6_c50204e0:184|134,0,geometry_1_05_focus4,-22.15981502759026
44b6_c50204e0,44b6_c50204e0:184,union|44b6_c50204e0:184|135,0,geometry_1_05_focus4,-21.9375
44b6_c50204e0,44b6_c50204e0:184,union|44b6_c50204e0:184|136,0,geometry_1_05_focus4,-19.81304094352178
44b6_c50204e0,44b6_c50204e0:184,union|44b6_c50204e0:184|137,0,geometry_1_05_focus4,-19.952918800995377
44b6_c50204e0,44b6_c50204e0:184,union|44b6_c50204e0:184|138,0,geometry_1_05_focus4,-22.502479768301534
44b6_c50204e0,44b6_c50204e0:184,union|44b6_c50204e0:184|139,0,geometry_1_05_focus4,-25.338315563908047
44b6_c50204e0,44b6_c50204e0:184,union|44b6_c50204e0:184|140,0,geometry_1_05_focus4,-22.4909013024975
44b6_c50204e0,44b6_c50204e0:184,union|44b6_c50204e0:184|141,0,geometry_1_05_focus4,-14.893075489146902
44b6_c50204e0,44b6_c50204e0:184,union|44b6_c50204e0:184|142,0,geometry_1_05_focus4,-15.087027554648799
44b6_c50204e0,44b6_c50204e0:184,union|44b6_c50204e0:184|143,0,geometry_1_05_focus4,-21.138388139999705
44b6_c50204e0,44b6_c50204e0:184,union|44b6_c50204e0:184|144,0,geometry_1_05_focus4,-20.070056383565873
44b6_c50204e0,44b6_c50204e0:184,union|44b6_c50204e0:184|145,0,geometry_1_05_focus4,-17.971171836975515
44b6_c50204e0,44b6_c50204e0:184,union|44b6_c50204e0:184|146,0,geometry_1_05_focus4,-20.290587533764867
44b6_c50204e0,44b6_c50204e0:184,union|44b6_c50204e0:184|147,0,geometry_1_05_focus4,-21.58379402921267
44b6_c50204e0,44b6_c50204e0:184,union|44b6_c50204e0:184|148,0,geometry_1_05_focus4,-19.38822748124123
44b6_c50204e0,44b6_c50204e0:184,union|44b6_c50204e0:184|149,0,geometry_1_05_focus4,-21.689327671539793
44b6_c50204e0,44b6_c50204e0:184,union|44b6_c50204e0:184|150,0,geometry_1_05_focus4,-20.308326846793804
44b6_c50204e0,44b6_c50204e0:184,union|44b6_c50204e0:184|151,0,geometry_1_05_focus4,-23.984261061515188
44b6_c50204e0,44b6_c50204e0:184,union|44b6_c50204e0:184|152,0,geometry_1_05_focus4,-21.847339884699522
44b6_c50204e0,44b6_c50204e0:184,union|44b6_c50204e0:184|153,0,geometry_1_05_focus4,-23.5037089869847
44b6_c50204e0,44b6_c50204e0:184,union|44b6_c50204e0:184|154,0,geometry_1_05_focus4,-29.454638797206872
44b6_c50204e0,44b6_c50204e0:184,union|44b6_c50204e0:184|155,0,geometry_1_05_focus4,-13.10002332081435
44b6_c50204e0,44b6_c50204e0:184,union|44b6_c50204e0:184|156,0,geometry_1_05_focus4,-16.297300018049835
44b6_c50204e0,44b6_c50204e0:184,union|44b6_c50204e0:184|157,0,geometry_1_05_focus4,-23.82066894496159
44b6_c50204e0,44b6_c50204e0:184,union|44b6_c50204e0:184|158,0,geometry_1_05_focus4,-22.512506362769912
44b6_c50204e0,44b6_c50204e0:184,union|44b6_c50204e0:184|159,0,geometry_1_05_focus4,-19.51081471621915
44b6_c50204e0,44b6_c50204e0:184,union|44b6_c50204e0:184|160,0,geometry_1_05_focus4,-20.099060969882096
44b6_c50204e0,44b6_c50204e0:184,union|44b6_c50204e0:184|161,0,geometry_1_05_focus4,-17.997801238183385
44b6_c50204e0,44b6_c50204e0:184,union|44b6_c50204e0:184|162,0,geometry_1_05_focus4,-23.038271136252405
44b6_c50204e0,44b6_c50204e0:184,union|44b6_c50204e0:184|163,0,geometry_1_05_focus4,-19.03424266407559
44b6_c50204e0,44b6_c50204e0:184,union|44b6_c50204e0:184|164,0,geometry_1_05_focus4,-17.235727791422097
44b6_c50204e0,44b6_c50204e0:184,union|44b6_c50204e0:184|165,0,geometry_1_05_focus4,-21.84091097185805
44b6_c50204e0,44b6_c50204e0:184,union|44b6_c50204e0:184|166,0,geometry_1_05_focus4,-17.042870989463147
44b6_c50204e0,44b6_c50204e0:184,union|44b6_c50204e0:184|167,0,geometry_1_05_focus4,-19.542129174435978
44b6_c50204e0,44b6_c50204e0:184,union|44b6_c50204e0:184|168,0,geometry_1_05_focus4,-16.938216150063333
44b6_c50204e0,44b6_c50204e0:184,union|44b6_c50204e0:184|169,0,geometry_1_05_focus4,-23.495743281752702
44b6_c50204e0,44b6_c50204e0:184,union|44b6_c50204e0:184|170,0,geometry_1_05_focus4,-19.246437850853603
44b6_c50204e0,44b6_c50204e0:184,union|44b6_c50204e0:184|171,0,geometry_1_05_focus4,-22.116150234949547
44b6_c50204e0,44b6_c50204e0:184,union|44b6_c50204e0:184|172,0,geometry_1_05_focus4,-22.570081257643377
44b6_c50204e0,44b6_c50204e0:184,union|44b6_c50204e0:184|173,0,geometry_1_05_focus4,-21.783947292782553
44b6_c50204e0,44b6_c50204e0:184,union|44b6_c50204e0:184|174,0,geometry_1_05_focus4,-16.242408353553614
44b6_c50204e0,44b6_c50204e0:184,union|44b6_c50204e0:184|175,0,geometry_1_05_focus4,-21.245308624632404
44b6_c50204e0,44b6_c50204e0:184,union|44b6_c50204e0:184|176,0,geometry_1_05_focus4,-23.292160550731268
44b6_c50204e0,44b6_c50204e0:184,union|44b6_c50204e0:184|177,0,geometry_1_05_focus4,-24.05309706616775
44b6_c50204e0,44b6_c50204e0:184,union|44b6_c50204e0:184|178,0,geometry_1_05_focus4,-23.459443229317827
44b6_c50204e0,44b6_c50204e0:184,union|44b6_c50204e0:184|179,0,geometry_1_05_focus4,-19.791549999117635
44b6_c50204e0,44b6_c50204e0:184,union|44b6_c50204e0:184|180,0,geometry_1_05_focus4,-27.533474912202905
44b6_c50204e0,44b6_c50204e0:184,union|44b6_c50204e0:184|181,0,geometry_1_05_focus4,-19.74669912197679
44b6_c50204e0,44b6_c50204e0:184,union|44b6_c50204e0:184|182,0,geometry_1_05_focus4,-18.438065029546646
44b6_c50204e0,44b6_c50204e0:184,union|44b6_c50204e0:184|183,0,geometry_1_05_focus4,-23.741954566109484
44b6_c50204e0,44b6_c50204e0:184,union|44b6_c50204e0:184|184,0,geometry_1_05_focus4,-24.594144668522475
44b6_c50204e0,44b6_c50204e0:184,union|44b6_c50204e0:184|185,0,geometry_1_05_focus4,-22.31837033703982
44b6_c50204e0,44b6_c50204e0:184,union|44b6_c50204e0:184|186,0,geometry_1_05_focus4,-19.283225431178728
44b6_c50204e0,44b6_c50204e0:184,union|44b6_c50204e0:184|187,0,geometry_1_05_focus4,-20.295772072807427
44b6_c50204e0,44b6_c50204e0:184,union|44b6_c50204e0:184|188,0,geometry_1_05_focus4,-25.11401493486072
44b6_c50204e0,44b6_c50204e0:184,union|44b6_c50204e0:184|189,0,geometry_1_05_focus4,-22.954989184152797
44b6_c50204e0,44b6_c50204e0:184,union|44b6_c50204e0:184|190,0,geometry_1_05_focus4,-19.647026115966888
44b6_c50204e0,44b6_c50204e0:184,union|44b6_c50204e0:184|191,0,geometry_1_05_focus4,-21.07546193673268
44b6_c50204e0,44b6_c50204e0:184,union|44b6_c50204e0:184|192,0,geometry_1_05_focus4,-19.267047550227943
44b6_c50204e0,44b6_c50204e0:184,union|44b6_c50204e0:184|193,0,geometry_1_05_focus4,-20.53275778250617
44b6_c50204e0,44b6_c50204e0:184,union|44b6_c50204e0:184|194,0,geometry_1_05_focus4,-23.103426409387165
44b6_c50204e0,44b6_c50204e0:184,union|44b6_c50204e0:184|195,0,geometry_1_05_focus4,-25.435053011212542
44b6_d5e7d891,44b6_d5e7d891:87,union|44b6_d5e7d891:87|0,0,geometry_1_05_focus4,-21.613980359232052
44b6_d5e7d891,44b6_d5e7d891:87,union|44b6_d5e7d891:87|1,0,geometry_1_05_focus4,-20.76354591401536
44b6_d5e7d891,44b6_d5e7d891:87,union|44b6_d5e7d891:87|2,0,geometry_1_05_focus4,-20.422416686915216
44b6_d5e7d891,44b6_d5e7d891:87,union|44b6_d5e7d891:87|3,0,geometry_1_05_focus4,-24.39195300944997
44b6_d5e7d891,44b6_d5e7d891:87,union|44b6_d5e7d891:87|4,0,geometry_1_05_focus4,-23.112459961339717
44b6_d5e7d891,44b6_d5e7d891:87,union|44b6_d5e7d891:87|5,0,geometry_1_05_focus4,-19.104982857417415
44b6_d5e7d891,44b6_d5e7d891:87,union|44b6_d5e7d891:87|6,0,geometry_1_05_focus4,-21.88920001526055
44b6_d5e7d891,44b6_d5e7d891:87,union|44b6_d5e7d891:87|7,0,geometry_1_05_focus4,-25.089873837227366
44b6_d5e7d891,44b6_d5e7d891:87,union|44b6_d5e7d891:87|8,0,geometry_1_05_focus4,-23.6324393049046
44b6_d5e7d891,44b6_d5e7d891:87,union|44b6_d5e7d891:87|9,0,geometry_1_05_focus4,-24.692459536603067
44b6_d5e7d891,44b6_d5e7d891:87,union|44b6_d5e7d891:87|10,0,geometry_1_05_focus4,-25.53875513187181
44b6_d5e7d891,44b6_d5e7d891:87,union|44b6_d5e7d891:87|11,0,geometry_1_05_focus4,-29.688827101740536
44b6_d5e7d891,44b6_d5e7d891:87,union|44b6_d5e7d891:87|12,0,geometry_1_05_focus4,-26.8642233036613
44b6_d5e7d891,44b6_d5e7d891:87,union|44b6_d5e7d891:87|13,0,geometry_1_05_focus4,-21.725590784637063
44b6_d5e7d891,44b6_d5e7d891:87,union|44b6_d5e7d891:87|14,0,geometry_1_05_focus4,-22.079351228212918
44b6_d5e7d891,44b6_d5e7d891:87,union|44b6_d5e7d891:87|15,0,geometry_1_05_focus4,-21.008449018133135
44b6_d5e7d891,44b6_d5e7d891:87,union|44b6_d5e7d891:87|16,0,geometry_1_05_focus4,-16.228133608843205
44b6_d5e7d891,44b6_d5e7d891:87,union|44b6_d5e7d891:87|17,0,geometry_1_05_focus4,-17.62472567293888
44b6_d5e7d891,44b6_d5e7d891:87,union|44b6_d5e7d891:87|18,0,geometry_1_05_focus4,-14.840508515095747
44b6_d5e7d891,44b6_d5e7d891:87,union|44b6_d5e7d891:87|19,0,geometry_1_05_focus4,-21.939620222989596
44b6_d5e7d891,44b6_d5e7d891:87,union|44b6_d5e7d891:87|20,0,geometry_1_05_focus4,-20.05033014291367
44b6_d5e7d891,44b6_d5e7d891:87,union|44b6_d5e7d891:87|21,0,geometry_1_05_focus4,-17.62472567293888
44b6_d5e7d891,44b6_d5e7d891:87,union|44b6_d5e7d891:87|22,0,geometry_1_05_focus4,-19.025300221871657
44b6_d5e7d891,44b6_d5e7d891:87,union|44b6_d5e7d891:87|23,0,geometry_1_05_focus4,-24.71084586215207
44b6_d5e7d891,44b6_d5e7d891:87,union|44b6_d5e7d891:87|24,0,geometry_1_05_focus4,-19.656009136442123
44b6_d5e7d891,44b6_d5e7d891:87,union|44b6_d5e7d891:87|25,0,geometry_1_05_focus4,-19.656009136442123
44b6_d5e7d891,44b6_d5e7d891:87,union|44b6_d5e7d891:87|26,0,geometry_1_05_focus4,-21.307960047826988
44b6_d5e7d891,44b6_d5e7d891:87,union|44b6_d5e7d891:87|27,0,geometry_1_05_focus4,-23.818291888518118
44b6_d5e7d891,44b6_d5e7d891:87,union|44b6_d5e7d891:87|28,0,geometry_1_05_focus4,-21.72462664841237
44b6_d5e7d891,44b6_d5e7d891:87,union|44b6_d5e7d891:87|29,0,geometry_1_05_focus4,-28.14774888733391
44b6_d5e7d891,44b6_d5e7d891:87,union|44b6_d5e7d891:87|30,0,geometry_1_05_focus4,-24.838985695195962
44b6_d5e7d891,44b6_d5e7d891:87,union|44b6_d5e7d891:87|31,0,geometry_1_05_focus4,-19.735380368625734
44b6_d5e7d891,44b6_d5e7d891:87,union|44b6_d5e7d891:87|32,0,geometry_1_05_focus4,-21.442459536603067
44b6_d5e7d891,44b6_d5e7d891:87,union|44b6_d5e7d891:87|33,0,geometry_1_05_focus4,-21.442459536603067
44b6_d5e7d891,44b6_d5e7d891:87,union|44b6_d5e7d891:87|34,0,geometry_1_05_focus4,-25.402862482321375
44b6_d5e7d891,44b6_d5e7d891:87,union|44b6_d5e7d891:87|35,0,geometry_1_05_focus4,-23.798299172600046
44b6_d5e7d891,44b6_d5e7d891:87,union|44b6_d5e7d891:87|36,0,geometry_1_05_focus4,-22.69696257967356
44b6_d5e7d891,44b6_d5e7d891:87,union|44b6_d5e7d891:87|37,0,geometry_1_05_focus4,-29.16550178826396
44b6_d5e7d891,44b6_d5e7d891:87,union|44b6_d5e7d891:87|38,0,geometry_1_05_focus4,-24.380615124765185
44b6_d5e7d891,44b6_d5e7d891:87,union|44b6_d5e7d891:87|39,0,geometry_1_05_focus4,-27.451222885831324
44b6_d5e7d891,44b6_d5e7d891:87,union|44b6_d5e7d891:87|40,0,geometry_1_05_focus4,-20.338805717004274
44b6_d5e7d891,44b6_d5e7d891:87,union|44b6_d5e7d891:87|41,0,geometry_1_05_focus4,-25.248045777375612
44b6_d5e7d891,44b6_d5e7d891:87,union|44b6_d5e7d891:87|42,0,geometry_1_05_focus4,-20.067867754153788
44b6_d5e7d891,44b6_d5e7d891:87,union|44b6_d5e7d891:87|43,0,geometry_1_05_focus4,-22.319608619064116
44b6_d5e7d891,44b6_d5e7d891:87,union|44b6_d5e7d891:87|44,0,geometry_1_05_focus4,-20.780635034747718
44b6_d5e7d891,44b6_d5e7d891:87,union|44b6_d5e7d891:87|45,0,geometry_1_05_focus4,-20.13703416336042
44b6_d5e7d891,44b6_d5e7d891:87,union|44b6_d5e7d891:87|46,0,geometry_1_05_focus4,-23.29106100363731
44b6_d5e7d891,44b6_d5e7d891:87,union|44b6_d5e7d891:87|47,0,geometry_1_05_focus4,-23.616126049180256
44b6_d5e7d891,44b6_d5e7d891:87,union|44b6_d5e7d891:87|48,0,geometry_1_05_focus4,-29.16982984157629
44b6_d5e7d891,44b6_d5e7d891:87,union|44b6_d5e7d891:87|49,0,geometry_1_05_focus4,-28.695650372340673
44b6_d5e7d891,44b6_d5e7d891:87,union|44b6_d5e7d891:87|50,0,geometry_1_05_focus4,-29.206334599532603
44b6_d5e7d891,44b6_d5e7d891:87,union|44b6_d5e7d891:87|51,0,geometry_1_05_focus4,-22.13679689781373
44b6_d5e7d891,44b6_d5e7d891:87,union|44b6_d5e7d891:87|52,0,geometry_1_05_focus4,-21.435122833403575
44b6_d5e7d891,44b6_d5e7d891:87,union|44b6_d5e7d891:87|53,0,geometry_1_05_focus4,-16.076122361230777
44b6_d5e7d891,44b6_d5e7d891:87,union|44b6_d5e7d891:87|54,0,geometry_1_05_focus4,-22.13679689781373
44b6_d5e7d891,44b6_d5e7d891:87,union|44b6_d5e7d891:87|55,0,geometry_1_05_focus4,-23.523242458442695
44b6_d5e7d891,44b6_d5e7d891:87,union|44b6_d5e7d891:87|56,0,geometry_1_05_focus4,-18.321817129512198
44b6_d5e7d891,44b6_d5e7d891:87,union|44b6_d5e7d891:87|57,0,geometry_1_05_focus4,-20.656948527146795
44b6_d5e7d891,44b6_d5e7d891:87,union|44b6_d5e7d891:87|58,0,geometry_1_05_focus4,-22.302656765509177
44b6_d5e7d891,44b6_d5e7d891:87,union|44b6_d5e7d891:87|59,0,geometry_1_05_focus4,-22.624516619064135
44b6_d5e7d891,44b6_d5e7d891:87,union|44b6_d5e7d891:87|60,0,geometry_1_05_focus4,-24.04311272478094
44b6_d5e7d891,44b6_d5e7d891:87,union|44b6_d5e7d891:87|61,0,geometry_1_05_focus4,-27.58643030121886
44b6_d5e7d891,44b6_d5e7d891:87,union|44b6_d5e7d891:87|62,0,geometry_1_05_focus4,-24.095599685030688
44b6_d5e7d891,44b6_d5e7d891:87,union|44b6_d5e7d891:87|63,0,geometry_1_05_focus4,-18.239617082902335
44b6_d5e7d891,44b6_d5e7d891:87,union|44b6_d5e7d891:87|64,0,geometry_1_05_focus4,-15.213827946433018
44b6_d5e7d891,44b6_d5e7d891:87,union|44b6_d5e7d891:87|65,0,geometry_1_05_focus4,-21.626845751634907
44b6_d5e7d891,44b6_d5e7d891:87,union|44b6_d5e7d891:87|66,0,geometry_1_05_focus4,-17.40557447932182
44b6_d5e7d891,44b6_d5e7d891:87,union|44b6_d5e7d891:87|67,0,geometry_1_05_focus4,-21.307960047826988
44b6_d5e7d891,44b6_d5e7d891:87,union|44b6_d5e7d891:87|68,0,geometry_1_05_focus4,-20.40401411989576
44b6_d5e7d891,44b6_d5e7d891:87,union|44b6_d5e7d891:87|69,0,geometry_1_05_focus4,-16.693023637195587
44b6_d5e7d891,44b6_d5e7d891:87,union|44b6_d5e7d891:87|70,0,geometry_1_05_focus4,-20.574511352874293
44b6_d5e7d891,44b6_d5e7d891:87,union|44b6_d5e7d891:87|71,0,geometry_1_05_focus4,-20.464841020746046
44b6_d5e7d891,44b6_d5e7d891:87,union|44b6_d5e7d891:87|72,0,geometry_1_05_focus4,-24.03268062803493
44b6_d5e7d891,44b6_d5e7d891:87,union|44b6_d5e7d891:87|73,0,geometry_1_05_focus4,-23.582981488956825
44b6_d5e7d891,44b6_d5e7d891:87,union|44b6_d5e7d891:87|74,0,geometry_1_05_focus4,-22.657612391795965
44b6_d5e7d891,44b6_d5e7d891:87,union|44b6_d5e7d891:87|75,0,geometry_1_05_focus4,-18.544549899482696
44b6_d5e7d891,44b6_d5e7d891:87,union|44b6_d5e7d891:87|76,0,geometry_1_05_focus4,-26.357591684527044
44b6_d5e7d891,44b6_d5e7d891:87,union|44b6_d5e7d891:87|77,0,geometry_1_05_focus4,-15.252031679703308
44b6_d5e7d891,44b6_d5e7d891:87,union|44b6_d5e7d891:87|78,0,geometry_1_05_focus4,-21.980975522903606
44b6_d5e7d891,44b6_d5e7d891:87,union|44b6_d5e7d891:87|79,0,geometry_1_05_focus4,-20.718306243857064
44b6_d5e7d891,44b6_d5e7d891:87,union|44b6_d5e7d891:87|80,0,geometry_1_05_focus4,-16.34333760199075
44b6_d5e7d891,44b6_d5e7d891:87,union|44b6_d5e7d891:87|81,0,geometry_1_05_focus4,-24.744409976654467
44b6_d5e7d891,44b6_d5e7d891:87,union|44b6_d5e7d891:87|82,0,geometry_1_05_focus4,-17.05346899962535
44b6_d5e7d891,44b6_d5e7d891:87,union|44b6_d5e7d891:87|83,0,geometry_1_05_focus4,-17.645226881462886
44b6_d5e7d891,44b6_d5e7d891:87,union|44b6_d5e7d891:87|84,0,geometry_1_05_focus4,-20.809220637645566
44b6_d5e7d891,44b6_d5e7d891:87,union|44b6_d5e7d891:87|85,0,geometry_1_05_focus4,-19.138586640480572
44b6_d5e7d891,44b6_d5e7d891:87,union|44b6_d5e7d891:87|86,0,geometry_1_05_focus4,-24.2797513952331
44b6_d5e7d891,44b6_d5e7d891:87,union|44b6_d5e7d891:87|87,0,geometry_1_05_focus4,-24.450509219853465
44b6_d5e7d891,44b6_d5e7d891:87,union|44b6_d5e7d891:87|88,0,geometry_1_05_focus4,-21.617597096510725
44b6_d5e7d891,44b6_d5e7d891:87,union|44b6_d5e7d891:87|89,0,geometry_1_05_focus4,-19.92906265717418
44b6_d5e7d891,44b6_d5e7d891:87,union|44b6_d5e7d891:87|90,0,geometry_1_05_focus4,-28.659582166697852
44b6_d5e7d891,44b6_d5e7d891:87,union|44b6_d5e7d891:87|91,0,geometry_1_05_focus4,-21.64388822874026
44b6_d5e7d891,44b6_d5e7d891:87,union|44b6_d5e7d891:87|92,0,geometry_1_05_focus4,-20.00124489592143
44b6_d5e7d891,44b6_d5e7d891:87,union|44b6_d5e7d891:87|93,0,geometry_1_05_focus4,-16.16643320776786
44b6_d5e7d891,44b6_d5e7d891:87,union|44b6_d5e7d891:87|94,0,geometry_1_05_focus4,-16.15141323348207
44b6_d5e7d891,44b6_d5e7d891:87,union|44b6_d5e7d891:87|95,0,geometry_1_05_focus4,-22.29559829166122
44b6_d5e7d891,44b6_d5e7d891:87,union|44b6_d5e7d891:87|96,0,geometry_1_05_focus4,-13.759479189005862
44b6_d5e7d891,44b6_d5e7d891:87,union|44b6_d5e7d891:87|97,1,geometry_1_05_focus4,-12.445289238769398
44b6_d5e7d891,44b6_d5e7d891:87,union|44b6_d5e7d891:87|98,0,geometry_1_05_focus4,-21.776294920760584
44b6_d5e7d891,44b6_d5e7d891:87,union|44b6_d5e7d891:87|99,0,geometry_1_05_focus4,-22.47261960370652
44b6_d5e7d891,44b6_d5e7d891:87,union|44b6_d5e7d891:87|100,0,geometry_1_05_focus4,-15.035038598209212
44b6_d5e7d891,44b6_d5e7d891:87,union|44b6_d5e7d891:87|101,0,geometry_1_05_focus4,-23.704946125568434
44b6_d5e7d891,44b6_d5e7d891:87,union|44b6_d5e7d891:87|102,0,geometry_1_05_focus4,-22.973404370956075
44b6_d5e7d891,44b6_d5e7d891:87,union|44b6_d5e7d891:87|103,0,geometry_1_05_focus4,-25.28127141964864
44b6_d5e7d891,44b6_d5e7d891:87,union|44b6_d5e7d891:87|104,0,geometry_1_05_focus4,-14.507892234026325
44b6_d5e7d891,44b6_d5e7d891:87,union|44b6_d5e7d891:87|105,0,geometry_1_05_focus4,-16.341807098543192
44b6_d5e7d891,44b6_d5e7d891:87,union|44b6_d5e7d891:87|106,0,geometry_1_05_focus4,-27.74766905657043
44b6_d5e7d891,44b6_d5e7d891:87,union|44b6_d5e7d891:87|107,0,geometry_1_05_focus4,-27.023923674014895
44b6_d5e7d891,44b6_d5e7d891:87,union|44b6_d5e7d891:87|108,0,geometry_1_05_focus4,-22.46152759743409
44b6_d5e7d891,44b6_d5e7d891:87,union|44b6_d5e7d891:87|109,0,geometry_1_05_focus4,-23.76257415421301
44b6_d5e7d891,44b6_d5e7d891:87,union|44b6_d5e7d891:87|110,0,geometry_1_05_focus4,-17.018875185698096
44b6_d5e7d891,44b6_d5e7d891:87,union|44b6_d5e7d891:87|111,0,geometry_1_05_focus4,-19.429194254100004
44b6_d5e7d891,44b6_d5e7d891:87,union|44b6_d5e7d891:87|112,0,geometry_1_05_focus4,-20.52936297943684
44b6_d5e7d891,44b6_d5e7d891:87,union|44b6_d5e7d891:87|113,0,geometry_1_05_focus4,-21.381005841999013
44b6_d5e7d891,44b6_d5e7d891:87,union|44b6_d5e7d891:87|114,0,geometry_1_05_focus4,-22.953134385408916
44b6_d5e7d891,44b6_d5e7d891:87,union|44b6_d5e7d891:87|115,0,geometry_1_05_focus4,-26.773894941654113
44b6_d5e7d891,44b6_d5e7d891:87,union|44b6_d5e7d891:87|116,0,geometry_1_05_focus4,-23.099005822584253
44b6_d5e7d891,44b6_d5e7d891:87,union|44b6_d5e7d891:87|117,0,geometry_1_05_focus4,-16.341294881046558
44b6_d5e7d891,44b6_d5e7d891:87,union|44b6_d5e7d891:87|118,0,geometry_1_05_focus4,-22.238698254292732
44b6_d5e7d891,44b6_d5e7d891:87,union|44b6_d5e7d891:87|119,0,geometry_1_05_focus4,-23.118673107838323
44b6_d5e7d891,44b6_d5e7d891:87,union|44b6_d5e7d891:87|120,0,geometry_1_05_focus4,-20.83601328188299
44b6_d5e7d891,44b6_d5e7d891:87,union|44b6_d5e7d891:87|121,0,geometry_1_05_focus4,-20.487653056714006
44b6_d5e7d891,44b6_d5e7d891:87,union|44b6_d5e7d891:87|122,0,geometry_1_05_focus4,-21.783947292782553
44b6_d5e7d891,44b6_d5e7d891:87,union|44b6_d5e7d891:87|123,0,geometry_1_05_focus4,-23.686542459034
44b6_d5e7d891,44b6_d5e7d891:87,union|44b6_d5e7d891:87|124,0,geometry_1_05_focus4,-25.395285392692948
44b6_d5e7d891,44b6_d5e7d891:87,union|44b6_d5e7d891:87|125,0,geometry_1_05_focus4,-26.610401619371657
44b6_d5e7d891,44b6_d5e7d891:87,union|44b6_d5e7d891:87|126,0,geometry_1_05_focus4,-24.997353154448934
44b6_d5e7d891,44b6_d5e7d891:87,union|44b6_d5e7d891:87|127,0,geometry_1_05_focus4,-20.2003189433974
44b6_d5e7d891,44b6_d5e7d891:87,union|44b6_d5e7d891:87|128,0,geometry_1_05_focus4,-22.558480678402468
44b6_d5e7d891,44b6_d5e7d891:87,union|44b6_d5e7d891:87|129,0,geometry_1_05_focus4,-18.347516894614714
44b6_d5e7d891,44b6_d5e7d891:87,union|44b6_d5e7d891:87|130,0,geometry_1_05_focus4,-18.347516894614714
44b6_d5e7d891,44b6_d5e7d891:87,union|44b6_d5e7d891:87|131,0,geometry_1_05_focus4,-21.375743545543408
44b6_d5e7d891,44b6_d5e7d891:87,union|44b6_d5e7d891:87|132,0,geometry_1_05_focus4,-18.303058673366216
44b6_d5e7d891,44b6_d5e7d891:87,union|44b6_d5e7d891:87|133,0,geometry_1_05_focus4,-21.780964608157554
44b6_d5e7d891,44b6_d5e7d891:87,union|44b6_d5e7d891:87|134,0,geometry_1_05_focus4,-21.4826787470398
44b6_d5e7d891,44b6_d5e7d891:87,union|44b6_d5e7d891:87|135,0,geometry_1_05_focus4,-21.845691679374674
44b6_d5e7d891,44b6_d5e7d891:87,union|44b6_d5e7d891:87|136,0,geometry_1_05_focus4,-29.620603197345872
44b6_d5e7d891,44b6_d5e7d891:87,union|44b6_d5e7d891:87|137,0,geometry_1_05_focus4,-26.669160654935233
44b6_d5e7d891,44b6_d5e7d891:87,union|44b6_d5e7d891:87|138,0,geometry_1_05_focus4,-18.730264556820018
44b6_d5e7d891,44b6_d5e7d891:87,union|44b6_d5e7d891:87|139,0,geometry_1_05_focus4,-13.558778146451385
44b6_d5e7d891,44b6_d5e7d891:87,union|44b6_d5e7d891:87|140,0,geometry_1_05_focus4,-17.32304268443428
44b6_d5e7d891,44b6_d5e7d891:87,union|44b6_d5e7d891:87|141,0,geometry_1_05_focus4,-20.627922341997973
44b6_d5e7d891,44b6_d5e7d891:87,union|44b6_d5e7d891:87|142,0,geometry_1_05_focus4,-16.911463871393426
44b6_d5e7d891,44b6_d5e7d891:87,union|44b6_d5e7d891:87|143,0,geometry_1_05_focus4,-23.495743281752702
44b6_d5e7d891,44b6_d5e7d891:87,union|44b6_d5e7d891:87|144,0,geometry_1_05_focus4,-20.53870985785006
44b6_d5e7d891,44b6_d5e7d891:87,union|44b6_d5e7d891:87|145,0,geometry_1_05_focus4,-22.58836391497321
44b6_d5e7d891,44b6_d5e7d891:87,union|44b6_d5e7d891:87|146,0,geometry_1_05_focus4,-23.96664547368422
44b6_d5e7d891,44b6_d5e7d891:87,union|44b6_d5e7d891:87|147,0,geometry_1_05_focus4,-18.95587100860648
44b6_d5e7d891,44b6_d5e7d891:87,union|44b6_d5e7d891:87|148,0,geometry_1_05_focus4,-22.93671064460346
44b6_d5e7d891,44b6_d5e7d891:87,union|44b6_d5e7d891:87|149,0,geometry_1_05_focus4,-20.695781606797546
44b6_d5e7d891,44b6_d5e7d891:87,union|44b6_d5e7d891:87|150,0,geometry_1_05_focus4,-21.13430192874972
44b6_d5e7d891,44b6_d5e7d891:87,union|44b6_d5e7d891:87|151,0,geometry_1_05_focus4,-25.600136290514218
44b6_d5e7d891,44b6_d5e7d891:87,union|44b6_d5e7d891:87|152,0,geometry_1_05_focus4,-23.544809137550782
44b6_d5e7d891,44b6_d5e7d891:87,union|44b6_d5e7d891:87|153,0,geometry_1_05_focus4,-22.830025167327634
44b6_d5e7d891,44b6_d5e7d891:87,union|44b6_d5e7d891:87|154,0,geometry_1_05_focus4,-15.645183928162407
44b6_d5e7d891,44b6_d5e7d891:87,union|44b6_d5e7d891:87|155,0,geometry_1_05_focus4,-22.00166040044409
44b6_d5e7d891,44b6_d5e7d891:87,union|44b6_d5e7d891:87|156,0,geometry_1_05_focus4,-23.449315857298533
44b6_d5e7d891,44b6_d5e7d891:87,union|44b6_d5e7d891:87|157,0,geometry_1_05_focus4,-14.078811612588945
44b6_d5e7d891,44b6_d5e7d891:87,union|44b6_d5e7d891:87|158,0,geometry_1_05_focus4,-18.947407920903622
44b6_d5e7d891,44b6_d5e7d891:87,union|44b6_d5e7d891:87|159,0,geometry_1_05_focus4,-20.043544059531126
44b6_d5e7d891,44b6_d5e7d891:87,union|44b6_d5e7d891:87|160,0,geometry_1_05_focus4,-22.86503436718224
44b6_d5e7d891,44b6_d5e7d891:87,union|44b6_d5e7d891:87|161,0,geometry_1_05_focus4,-16.369668500051787
44b6_d5e7d891,44b6_d5e7d891:87,union|44b6_d5e7d891:87|162,0,geometry_1_05_focus4,-15.221927715703593
44b6_d5e7d891,44b6_d5e7d891:87,union|44b6_d5e7d891:87|163,0,geometry_1_05_focus4,-23.28258649675272
44b6_d5e7d891,44b6_d5e7d891:87,union|44b6_d5e7d891:87|164,0,geometry_1_05_focus4,-17.081589673007805
44b6_d5e7d891,44b6_d5e7d891:87,union|44b6_d5e7d891:87|165,0,geometry_1_05_focus4,-17.948509556971345
44b6_d5e7d891,44b6_d5e7d891:87,union|44b6_d5e7d891:87|166,0,geometry_1_05_focus4,-11.827512101215072
44b6_d5e7d891,44b6_d5e7d891:87,union|44b6_d5e7d891:87|167,0,geometry_1_05_focus4,-23.326026457491967
44b6_d5e7d891,44b6_d5e7d891:87,union|44b6_d5e7d891:87|168,0,geometry_1_05_focus4,-21.780964608157554
44b6_d5e7d891,44b6_d5e7d891:87,union|44b6_d5e7d891:87|169,0,geometry_1_05_focus4,-21.72785073722658
44b6_d5e7d891,44b6_d5e7d891:87,union|44b6_d5e7d891:87|170,0,geometry_1_05_focus4,-14.406532631323854
44b6_d5e7d891,44b6_d5e7d891:87,union|44b6_d5e7d891:87|171,0,geometry_1_05_focus4,-20.308547143556503
44b6_d5e7d891,44b6_d5e7d891:87,union|44b6_d5e7d891:87|172,0,geometry_1_05_focus4,-22.933321286503606
44b6_d5e7d891,44b6_d5e7d891:87,union|44b6_d5e7d891:87|173,0,geometry_1_05_focus4,-20.487653056714006
44b6_d5e7d891,44b6_d5e7d891:87,union|44b6_d5e7d891:87|174,0,geometry_1_05_focus4,-18.90357943917621
44b6_d5e7d891,44b6_d5e7d891:87,union|44b6_d5e7d891:87|175,0,geometry_1_05_focus4,-24.209822049626545
44b6_d5e7d891,44b6_d5e7d891:87,union|44b6_d5e7d891:87|176,0,geometry_1_05_focus4,-20.067867754153788
44b6_d5e7d891,44b6_d5e7d891:87,union|44b6_d5e7d891:87|177,0,geometry_1_05_focus4,-23.37282555406265
44b6_d5e7d891,44b6_d5e7d891:87,union|44b6_d5e7d891:87|178,0,geometry_1_05_focus4,-26.918228139735795
44b6_d5e7d891,44b6_d5e7d891:87,union|44b6_d5e7d891:87|179,0,geometry_1_05_focus4,-25.18919139345884
44b6_d5e7d891,44b6_d5e7d891:87,union|44b6_d5e7d891:87|180,0,geometry_1_05_focus4,-18.700802220156064
44b6_d5e7d891,44b6_d5e7d891:87,union|44b6_d5e7d891:87|181,0,geometry_1_05_focus4,-21.95039257979866
44b6_d5e7d891,44b6_d5e7d891:87,union|44b6_d5e7d891:87|182,0,geometry_1_05_focus4,-24.23071089905093
44b6_d5e7d891,44b6_d5e7d891:87,union|44b6_d5e7d891:87|183,0,geometry_1_05_focus4,-23.928647993725598
44b6_d5e7d891,44b6_d5e7d891:87,union|44b6_d5e7d891:87|184,0,geometry_1_05_focus4,-21.325259162022956
44b6_d5e7d891,44b6_d5e7d891:87,union|44b6_d5e7d891:87|185,0,geometry_1_05_focus4,-20.491954566109484
44b6_d5e7d891,44b6_d5e7d891:87,union|44b6_d5e7d891:87|186,0,geometry_1_05_focus4,-18.448359217293913
44b6_d5e7d891,44b6_d5e7d891:87,union|44b6_d5e7d891:87|187,0,geometry_1_05_focus4,-20.53275778250617
44b6_d5e7d891,44b6_d5e7d891:87,union|44b6_d5e7d891:87|188,0,geometry_1_05_focus4,-14.200299146552977
44b6_d5e7d891,44b6_d5e7d891:87,union|44b6_d5e7d891:87|189,0,geometry_1_05_focus4,-19.74651933473041
44b6_d5e7d891,44b6_d5e7d891:87,union|44b6_d5e7d891:87|190,0,geometry_1_05_focus4,-28.0331046002775
44b6_d5e7d891,44b6_d5e7d891:87,union|44b6_d5e7d891:87|191,0,geometry_1_05_focus4,-25.375551797401567
44b6_d5e7d891,44b6_d5e7d891:87,union|44b6_d5e7d891:87|192,0,geometry_1_05_focus4,-19.9431557638831
44b6_d5e7d891,44b6_d5e7d891:87,union|44b6_d5e7d891:87|193,0,geometry_1_05_focus4,-21.300850587625977
44b6_d5e7d891,44b6_d5e7d891:87,union|44b6_d5e7d891:87|194,0,geometry_1_05_focus4,-23.985024210132615
44b6_d5e7d891,44b6_d5e7d891:87,union|44b6_d5e7d891:87|195,0,geometry_1_05_focus4,-25.331552942594243
44b6_d5e7d891,44b6_d5e7d891:87,union|44b6_d5e7d891:87|196,0,geometry_1_05_focus4,-24.112681243901502
44b6_d5e7d891,44b6_d5e7d891:87,union|44b6_d5e7d891:87|197,0,geometry_1_05_focus4,-23.373558975588956
44b6_d5e7d891,44b6_d5e7d891:87,union|44b6_d5e7d891:87|198,0,geometry_1_05_focus4,-22.87332306960705
44b6_d5e7d891,44b6_d5e7d891:87,union|44b6_d5e7d891:87|199,0,geometry_1_05_focus4,-26.00781134050084
44b6_d5e7d891,44b6_d5e7d891:87,union|44b6_d5e7d891:87|200,0,geometry_1_05_focus4,-27.08051896312686
44b6_d5e7d891,44b6_d5e7d891:87,union|44b6_d5e7d891:87|201,0,geometry_1_05_focus4,-25.14441484137382
44b6_d5e7d891,44b6_d5e7d891:87,union|44b6_d5e7d891:87|202,0,geometry_1_05_focus4,-28.7183528800255
44b6_d5e7d891,44b6_d5e7d891:87,union|44b6_d5e7d891:87|203,0,geometry_1_05_focus4,-29.373304460594717
44b6_d5e7d891,44b6_d5e7d891:87,union|44b6_d5e7d891:87|204,0,geometry_1_05_focus4,-21.84426967576747
44b6_d5e7d891,44b6_d5e7d891:87,union|44b6_d5e7d891:87|205,0,geometry_1_05_focus4,-30.633967886713897
44b6_d5e7d891,44b6_d5e7d891:87,union|44b6_d5e7d891:87|206,0,geometry_1_05_focus4,-30.067184369576285
44b6_d5e7d891,44b6_d5e7d891:87,union|44b6_d5e7d891:87|207,0,geometry_1_05_focus4,-28.3107462058317
44b6_d5e7d891,44b6_d5e7d891:455,union|44b6_d5e7d891:455|0,0,geometry_1_05_focus4,-21.040261303214514
44b6_d5e7d891,44b6_d5e7d891:455,union|44b6_d5e7d891:455|1,0,geometry_1_05_focus4,-20.580273166469798
44b6_d5e7d891,44b6_d5e7d891:455,union|44b6_d5e7d891:455|2,0,geometry_1_05_focus4,-17.638980654067325
44b6_d5e7d891,44b6_d5e7d891:455,union|44b6_d5e7d891:455|3,0,geometry_1_05_focus4,-19.807278469742325
44b6_d5e7d891,44b6_d5e7d891:455,union|44b6_d5e7d891:455|4,0,geometry_1_05_focus4,-20.520045750336255
44b6_d5e7d891,44b6_d5e7d891:455,union|44b6_d5e7d891:455|5,0,geometry_1_05_focus4,-22.604445082770777
44b6_d5e7d891,44b6_d5e7d891:455,union|44b6_d5e7d891:455|6,0,geometry_1_05_focus4,-24.043985881645167
44b6_d5e7d891,44b6_d5e7d891:455,union|44b6_d5e7d891:455|7,0,geometry_1_05_focus4,-22.059019334652653
44b6_d5e7d891,44b6_d5e7d891:455,union|44b6_d5e7d891:455|8,0,geometry_1_05_focus4,-23.70662352802742
44b6_d5e7d891,44b6_d5e7d891:455,union|44b6_d5e7d891:455|9,0,geometry_1_05_focus4,-27.05823988119877
44b6_d5e7d891,44b6_d5e7d891:455,union|44b6_d5e7d891:455|10,0,geometry_1_05_focus4,-26.97677691436375
44b6_d5e7d891,44b6_d5e7d891:455,union|44b6_d5e7d891:455|11,0,geometry_1_05_focus4,-26.376005004207876
44b6_d5e7d891,44b6_d5e7d891:455,union|44b6_d5e7d891:455|12,0,geometry_1_05_focus4,-21.88642643537301
44b6_d5e7d891,44b6_d5e7d891:455,union|44b6_d5e7d891:455|13,0,geometry_1_05_focus4,-20.09685400492345
44b6_d5e7d891,44b6_d5e7d891:455,union|44b6_d5e7d891:455|14,0,geometry_1_05_focus4,-23.89632525891522
44b6_d5e7d891,44b6_d5e7d891:455,union|44b6_d5e7d891:455|15,0,geometry_1_05_focus4,-23.930845132355923
44b6_d5e7d891,44b6_d5e7d891:455,union|44b6_d5e7d891:455|16,0,geometry_1_05_focus4,-20.210632230411733
44b6_d5e7d891,44b6_d5e7d891:455,union|44b6_d5e7d891:455|17,0,geometry_1_05_focus4,-20.210632230411733
44b6_d5e7d891,44b6_d5e7d891:455,union|44b6_d5e7d891:455|18,0,geometry_1_05_focus4,-21.704390128945438
44b6_d5e7d891,44b6_d5e7d891:455,union|44b6_d5e7d891:455|19,0,geometry_1_05_focus4,-21.341000687254887
44b6_d5e7d891,44b6_d5e7d891:455,union|44b6_d5e7d891:455|20,0,geometry_1_05_focus4,-22.677258905124926
44b6_d5e7d891,44b6_d5e7d891:455,union|44b6_d5e7d891:455|21,0,geometry_1_05_focus4,-23.435637566375647
44b6_d5e7d891,44b6_d5e7d891:455,union|44b6_d5e7d891:455|22,0,geometry_1_05_focus4,-20.6484235415864
44b6_d5e7d891,44b6_d5e7d891:455,union|44b6_d5e7d891:455|23,0,geometry_1_05_focus4,-22.94070888456956
44b6_d5e7d891,44b6_d5e7d891:455,union|44b6_d5e7d891:455|24,0,geometry_1_05_focus4,-22.391420420602568
44b6_d5e7d891,44b6_d5e7d891:455,union|44b6_d5e7d891:455|25,0,geometry_1_05_focus4,-18.54050539240989
44b6_d5e7d891,44b6_d5e7d891:455,union|44b6_d5e7d891:455|26,0,geometry_1_05_focus4,-18.904069981068996
44b6_d5e7d891,44b6_d5e7d891:455,union|44b6_d5e7d891:455|27,0,geometry_1_05_focus4,-18.24567849042493
44b6_d5e7d891,44b6_d5e7d891:455,union|44b6_d5e7d891:455|28,0,geometry_1_05_focus4,-22.463708312913116
44b6_d5e7d891,44b6_d5e7d891:455,union|44b6_d5e7d891:455|29,0,geometry_1_05_focus4,-19.593125510858556
44b6_d5e7d891,44b6_d5e7d891:455,union|44b6_d5e7d891:455|30,0,geometry_1_05_focus4,-19.97106849916057
44b6_d5e7d891,44b6_d5e7d891:455,union|44b6_d5e7d891:455|31,0,geometry_1_05_focus4,-21.327587604775097
44b6_d5e7d891,44b6_d5e7d891:455,union|44b6_d5e7d891:455|32,0,geometry_1_05_focus4,-19.036193715412438
44b6_d5e7d891,44b6_d5e7d891:455,union|44b6_d5e7d891:455|33,0,geometry_1_05_focus4,-20.960786737429917
44b6_d5e7d891,44b6_d5e7d891:455,union|44b6_d5e7d891:455|34,0,geometry_1_05_focus4,-21.316834686651674
44b6_d5e7d891,44b6_d5e7d891:455,union|44b6_d5e7d891:455|35,0,geometry_1_05_focus4,-27.018644282260688
44b6_d5e7d891,44b6_d5e7d891:455,union|44b6_d5e7d891:455|36,0,geometry_1_05_focus4,-22.670174956604825
44b6_d5e7d891,44b6_d5e7d891:455,union|44b6_d5e7d891:455|37,0,geometry_1_05_focus4,-22.296767233397848
44b6_d5e7d891,44b6_d5e7d891:455,union|44b6_d5e7d891:455|38,0,geometry_1_05_focus4,-18.762615644219746
44b6_d5e7d891,44b6_d5e7d891:455,union|44b6_d5e7d891:455|39,0,geometry_1_05_focus4,-16.20562497587763
44b6_d5e7d891,44b6_d5e7d891:455,union|44b6_d5e7d891:455|40,0,geometry_1_05_focus4,-19.64760305576666
44b6_d5e7d891,44b6_d5e7d891:455,union|44b6_d5e7d891:455|41,0,geometry_1_05_focus4,-18.487082365315473
44b6_d5e7d891,44b6_d5e7d891:455,union|44b6_d5e7d891:455|42,0,geometry_1_05_focus4,-15.516678983216853
44b6_d5e7d891,44b6_d5e7d891:455,union|44b6_d5e7d891:455|43,0,geometry_1_05_focus4,-23.152614487590096
44b6_d5e7d891,44b6_d5e7d891:455,union|44b6_d5e7d891:455|44,0,geometry_1_05_focus4,-17.528162457275982
44b6_d5e7d891,44b6_d5e7d891:455,union|44b6_d5e7d891:455|45,0,geometry_1_05_focus4,-19.492122370650478
44b6_d5e7d891,44b6_d5e7d891:455,union|44b6_d5e7d891:455|46,0,geometry_1_05_focus4,-25.76858098110873
44b6_d5e7d891,44b6_d5e7d891:455,union|44b6_d5e7d891:455|47,0,geometry_1_05_focus4,-22.097195204495392
44b6_d5e7d891,44b6_d5e7d891:455,union|44b6_d5e7d891:455|48,0,geometry_1_05_focus4,-23.453075038386142
44b6_d5e7d891,44b6_d5e7d891:455,union|44b6_d5e7d891:455|49,0,geometry_1_05_focus4,-23.537416764100556
44b6_d5e7d891,44b6_d5e7d891:455,union|44b6_d5e7d891:455|50,0,geometry_1_05_focus4,-15.983226798225768
44b6_d5e7d891,44b6_d5e7d891:455,union|44b6_d5e7d891:455|51,0,geometry_1_05_focus4,-19.04142156650719
44b6_d5e7d891,44b6_d5e7d891:455,union|44b6_d5e7d891:455|52,0,geometry_1_05_focus4,-23.98389642005278
44b6_d5e7d891,44b6_d5e7d891:455,union|44b6_d5e7d891:455|53,0,geometry_1_05_focus4,-21.874473363167613
44b6_d5e7d891,44b6_d5e7d891:455,union|44b6_d5e7d891:455|54,0,geometry_1_05_focus4,-24.89958618088457
44b6_d5e7d891,44b6_d5e7d891:455,union|44b6_d5e7d891:455|55,0,geometry_1_05_focus4,-21.657301438057658
44b6_d5e7d891,44b6_d5e7d891:455,union|44b6_d5e7d891:455|56,0,geometry_1_05_focus4,-21.56864884956193
44b6_d5e7d891,44b6_d5e7d891:455,union|44b6_d5e7d891:455|57,0,geometry_1_05_focus4,-27.53770308808887
44b6_d5e7d891,44b6_d5e7d891:455,union|44b6_d5e7d891:455|58,0,geometry_1_05_focus4,-27.338527897041722
44b6_d5e7d891,44b6_d5e7d891:455,union|44b6_d5e7d891:455|59,0,geometry_1_05_focus4,-26.44780065606578
44b6_d5e7d891,44b6_d5e7d891:455,union|44b6_d5e7d891:455|60,0,geometry_1_05_focus4,-17.138605553952026
44b6_d5e7d891,44b6_d5e7d891:455,union|44b6_d5e7d891:455|61,0,geometry_1_05_focus4,-21.12966612316677
44b6_d5e7d891,44b6_d5e7d891:455,union|44b6_d5e7d891:455|62,0,geometry_1_05_focus4,-18.48077769722721
44b6_d5e7d891,44b6_d5e7d891:455,union|44b6_d5e7d891:455|63,0,geometry_1_05_focus4,-24.731759743100937
44b6_d5e7d891,44b6_d5e7d891:455,union|44b6_d5e7d891:455|64,0,geometry_1_05_focus4,-18.22780996771544
44b6_d5e7d891,44b6_d5e7d891:455,union|44b6_d5e7d891:455|65,0,geometry_1_05_focus4,-17.800809818114843
44b6_d5e7d891,44b6_d5e7d891:455,union|44b6_d5e7d891:455|66,0,geometry_1_05_focus4,-21.34024724754054
44b6_d5e7d891,44b6_d5e7d891:455,union|44b6_d5e7d891:455|67,0,geometry_1_05_focus4,-22.42978846945888
44b6_d5e7d891,44b6_d5e7d891:455,union|44b6_d5e7d891:455|68,0,geometry_1_05_focus4,-25.044542849124788
44b6_d5e7d891,44b6_d5e7d891:455,union|44b6_d5e7d891:455|69,0,geometry_1_05_focus4,-25.712826805944765
44b6_d5e7d891,44b6_d5e7d891:455,union|44b6_d5e7d891:455|70,0,geometry_1_05_focus4,-22.299352702828987
44b6_d5e7d891,44b6_d5e7d891:455,union|44b6_d5e7d891:455|71,0,geometry_1_05_focus4,-21.146082657874327
44b6_d5e7d891,44b6_d5e7d891:455,union|44b6_d5e7d891:455|72,0,geometry_1_05_focus4,-21.453691902933667
44b6_d5e7d891,44b6_d5e7d891:455,union|44b6_d5e7d891:455|73,0,geometry_1_05_focus4,-20.02951315328092
44b6_d5e7d891,44b6_d5e7d891:455,union|44b6_d5e7d891:455|74,0,geometry_1_05_focus4,-21.831921869134653
44b6_d5e7d891,44b6_d5e7d891:455,union|44b6_d5e7d891:455|75,0,geometry_1_05_focus4,-22.510172691585723
44b6_d5e7d891,44b6_d5e7d891:455,union|44b6_d5e7d891:455|76,0,geometry_1_05_focus4,-13.496685637171506
44b6_d5e7d891,44b6_d5e7d891:455,union|44b6_d5e7d891:455|77,0,geometry_1_05_focus4,-18.16214640775772
44b6_d5e7d891,44b6_d5e7d891:455,union|44b6_d5e7d891:455|78,0,geometry_1_05_focus4,-21.222690663244183
44b6_d5e7d891,44b6_d5e7d891:455,union|44b6_d5e7d891:455|79,0,geometry_1_05_focus4,-17.01252521238997
44b6_d5e7d891,44b6_d5e7d891:455,union|44b6_d5e7d891:455|80,0,geometry_1_05_focus4,-13.275937965255734
44b6_d5e7d891,44b6_d5e7d891:455,union|44b6_d5e7d891:455|81,0,geometry_1_05_focus4,-19.444368835934224
44b6_d5e7d891,44b6_d5e7d891:455,union|44b6_d5e7d891:455|82,0,geometry_1_05_focus4,-18.948679472397608
44b6_d5e7d891,44b6_d5e7d891:455,union|44b6_d5e7d891:455|83,0,geometry_1_05_focus4,-14.758586377412293
44b6_d5e7d891,44b6_d5e7d891:455,union|44b6_d5e7d891:455|84,0,geometry_1_05_focus4,-17.76841984812718
44b6_d5e7d891,44b6_d5e7d891:455,union|44b6_d5e7d891:455|85,0,geometry_1_05_focus4,-21.355038986602057
44b6_d5e7d891,44b6_d5e7d891:455,union|44b6_d5e7d891:455|86,0,geometry_1_05_focus4,-23.558804682598122
44b6_d5e7d891,44b6_d5e7d891:455,union|44b6_d5e7d891:455|87,0,geometry_1_05_focus4,-23.300830022688906
44b6_d5e7d891,44b6_d5e7d891:455,union|44b6_d5e7d891:455|88,0,geometry_1_05_focus4,-16.938761749279124
44b6_d5e7d891,44b6_d5e7d891:455,union|44b6_d5e7d891:455|89,0,geometry_1_05_focus4,-19.751257417017676
44b6_d5e7d891,44b6_d5e7d891:455,union|44b6_d5e7d891:455|90,0,geometry_1_05_focus4,-25.323613525658672
44b6_d5e7d891,44b6_d5e7d891:455,union|44b6_d5e7d891:455|91,0,geometry_1_05_focus4,-21.704390128945438
44b6_d5e7d891,44b6_d5e7d891:455,union|44b6_d5e7d891:455|92,0,geometry_1_05_focus4,-23.992820654558592
44b6_d5e7d891,44b6_d5e7d891:455,union|44b6_d5e7d891:455|93,0,geometry_1_05_focus4,-19.172193655567433
44b6_d5e7d891,44b6_d5e7d891:455,union|44b6_d5e7d891:455|94,1,geometry_1_05_focus4,-7.703763584174284
44b6_d5e7d891,44b6_d5e7d891:455,union|44b6_d5e7d891:455|95,0,geometry_1_05_focus4,-17.78549616674685
44b6_d5e7d891,44b6_d5e7d891:455,union|44b6_d5e7d891:455|96,0,geometry_1_05_focus4,-19.84409163891603
44b6_d5e7d891,44b6_d5e7d891:455,union|44b6_d5e7d891:455|97,0,geometry_1_05_focus4,-16.147631397634598
44b6_d5e7d891,44b6_d5e7d891:455,union|44b6_d5e7d891:455|98,0,geometry_1_05_focus4,-16.524273165795748
44b6_d5e7d891,44b6_d5e7d891:455,union|44b6_d5e7d891:455|99,0,geometry_1_05_focus4,-23.13010206345166
44b6_d5e7d891,44b6_d5e7d891:455,union|44b6_d5e7d891:455|100,0,geometry_1_05_focus4,-20.90961420419386
44b6_d5e7d891,44b6_d5e7d891:455,union|44b6_d5e7d891:455|101,0,geometry_1_05_focus4,-22.97240893150763
44b6_d5e7d891,44b6_d5e7d891:455,union|44b6_d5e7d891:455|102,0,geometry_1_05_focus4,-24.341547826579365
44b6_d5e7d891,44b6_d5e7d891:455,union|44b6_d5e7d891:455|103,0,geometry_1_05_focus4,-20.256363715437246
44b6_d5e7d891,44b6_d5e7d891:455,union|44b6_d5e7d891:455|104,0,geometry_1_05_focus4,-22.467799893179514
44b6_d5e7d891,44b6_d5e7d891:455,union|44b6_d5e7d891:455|105,0,geometry_1_05_focus4,-21.878913428017146
44b6_d5e7d891,44b6_d5e7d891:455,union|44b6_d5e7d891:455|106,0,geometry_1_05_focus4,-23.61875321594784
44b6_d5e7d891,44b6_d5e7d891:455,union|44b6_d5e7d891:455|107,0,geometry_1_05_focus4,-16.705211265484635
44b6_d5e7d891,44b6_d5e7d891:455,union|44b6_d5e7d891:455|108,0,geometry_1_05_focus4,-22.117228132528044
44b6_d5e7d891,44b6_d5e7d891:455,union|44b6_d5e7d891:455|109,0,geometry_1_05_focus4,-19.090447255270085
44b6_d5e7d891,44b6_d5e7d891:455,union|44b6_d5e7d891:455|110,0,geometry_1_05_focus4,-21.704390128945438
44b6_d5e7d891,44b6_d5e7d891:455,union|44b6_d5e7d891:455|111,0,geometry_1_05_focus4,-22.592480617774836
44b6_d5e7d891,44b6_d5e7d891:455,union|44b6_d5e7d891:455|112,0,geometry_1_05_focus4,-21.55358645473042
44b6_d5e7d891,44b6_d5e7d891:455,union|44b6_d5e7d891:455|113,0,geometry_1_05_focus4,-23.76152242905534
44b6_d5e7d891,44b6_d5e7d891:455,union|44b6_d5e7d891:455|114,0,geometry_1_05_focus4,-23.0113754257134
44b6_d5e7d891,44b6_d5e7d891:455,union|44b6_d5e7d891:455|115,0,geometry_1_05_focus4,-23.95518215715447
44b6_d5e7d891,44b6_d5e7d891:455,union|44b6_d5e7d891:455|116,0,geometry_1_05_focus4,-24.491828420560637
44b6_d5e7d891,44b6_d5e7d891:455,union|44b6_d5e7d891:455|117,0,geometry_1_05_focus4,-20.952390991134937
44b6_d5e7d891,44b6_d5e7d891:455,union|44b6_d5e7d891:455|118,0,geometry_1_05_focus4,-22.85923951140247
44b6_d5e7d891,44b6_d5e7d891:455,union|44b6_d5e7d891:455|119,0,geometry_1_05_focus4,-20.18429818601513
44b6_d5e7d891,44b6_d5e7d891:455,union|44b6_d5e7d891:455|120,0,geometry_1_05_focus4,-22.85923951140247
44b6_d5e7d891,44b6_d5e7d891:455,union|44b6_d5e7d891:455|121,0,geometry_1_05_focus4,-23.73265255469451
44b6_d5e7d891,44b6_d5e7d891:455,union|44b6_d5e7d891:455|122,0,geometry_1_05_focus4,-25.589937453862007
44b6_d5e7d891,44b6_d5e7d891:455,union|44b6_d5e7d891:455|123,0,geometry_1_05_focus4,-26.11564180314474
44b6_d5e7d891,44b6_d5e7d891:455,union|44b6_d5e7d891:455|124,0,geometry_1_05_focus4,-20.14356545060393
44b6_d5e7d891,44b6_d5e7d891:455,union|44b6_d5e7d891:455|125,0,geometry_1_05_focus4,-16.193021419405635
44b6_d5e7d891,44b6_d5e7d891:455,union|44b6_d5e7d891:455|126,0,geometry_1_05_focus4,-19.999425123122798
44b6_d5e7d891,44b6_d5e7d891:455,union|44b6_d5e7d891:455|127,0,geometry_1_05_focus4,-19.59919380516803
44b6_d5e7d891,44b6_d5e7d891:455,union|44b6_d5e7d891:455|128,0,geometry_1_05_focus4,-21.150282427783644
44b6_d5e7d891,44b6_d5e7d891:455,union|44b6_d5e7d891:455|129,0,geometry_1_05_focus4,-23.52081534381439
44b6_d5e7d891,44b6_d5e7d891:455,union|44b6_d5e7d891:455|130,0,geometry_1_05_focus4,-22.269110885710074
44b6_d5e7d891,44b6_d5e7d891:455,union|44b6_d5e7d891:455|131,0,geometry_1_05_focus4,-23.294906937743566
44b6_d5e7d891,44b6_d5e7d891:455,union|44b6_d5e7d891:455|132,0,geometry_1_05_focus4,-15.106083381720225
44b6_d5e7d891,44b6_d5e7d891:455,union|44b6_d5e7d891:455|133,0,geometry_1_05_focus4,-20.487653056714006
44b6_d5e7d891,44b6_d5e7d891:455,union|44b6_d5e7d891:455|134,0,geometry_1_05_focus4,-13.10002332081435
44b6_d5e7d891,44b6_d5e7d891:455,union|44b6_d5e7d891:455|135,0,geometry_1_05_focus4,-16.229446263810786
44b6_d5e7d891,44b6_d5e7d891:455,union|44b6_d5e7d891:455|136,0,geometry_1_05_focus4,-21.202085963744082
44b6_d5e7d891,44b6_d5e7d891:455,union|44b6_d5e7d891:455|137,0,geometry_1_05_focus4,-19.547390269207593
44b6_d5e7d891,44b6_d5e7d891:455,union|44b6_d5e7d891:455|138,0,geometry_1_05_focus4,-20.229948377546194
44b6_d5e7d891,44b6_d5e7d891:455,union|44b6_d5e7d891:455|139,0,geometry_1_05_focus4,-26.61051547734305
44b6_d5e7d891,44b6_d5e7d891:455,union|44b6_d5e7d891:455|140,0,geometry_1_05_focus4,-20.50914463169555
44b6_d5e7d891,44b6_d5e7d891:455,union|44b6_d5e7d891:455|141,0,geometry_1_05_focus4,-22.948574162201524
44b6_d5e7d891,44b6_d5e7d891:455,union|44b6_d5e7d891:455|142,0,geometry_1_05_focus4,-21.360107921585936
44b6_d5e7d891,44b6_d5e7d891:455,union|44b6_d5e7d891:455|143,0,geometry_1_05_focus4,-16.458248200181817
44b6_d5e7d891,44b6_d5e7d891:455,union|44b6_d5e7d891:455|144,0,geometry_1_05_focus4,-18.18125785170979
44b6_d5e7d891,44b6_d5e7d891:455,union|44b6_d5e7d891:455|145,0,geometry_1_05_focus4,-23.555347377703058
44b6_d5e7d891,44b6_d5e7d891:455,union|44b6_d5e7d891:455|146,0,geometry_1_05_focus4,-17.869019557845583
44b6_d5e7d891,44b6_d5e7d891:455,union|44b6_d5e7d891:455|147,0,geometry_1_05_focus4,-18.996965544074005
44b6_d5e7d891,44b6_d5e7d891:455,union|44b6_d5e7d891:455|148,0,geometry_1_05_focus4,-24.76015558014855
44b6_d5e7d891,44b6_d5e7d891:455,union|44b6_d5e7d891:455|149,0,geometry_1_05_focus4,-19.46809961957157
44b6_d5e7d891,44b6_d5e7d891:455,union|44b6_d5e7d891:455|150,0,geometry_1_05_focus4,-19.84409163891603
44b6_d5e7d891,44b6_d5e7d891:455,union|44b6_d5e7d891:455|151,0,geometry_1_05_focus4,-17.873710183038657
44b6_d5e7d891,44b6_d5e7d891:455,union|44b6_d5e7d891:455|152,0,geometry_1_05_focus4,-19.81304094352178
44b6_d5e7d891,44b6_d5e7d891:455,union|44b6_d5e7d891:455|153,0,geometry_1_05_focus4,-22.7977513303278
44b6_d5e7d891,44b6_d5e7d891:455,union|44b6_d5e7d891:455|154,0,geometry_1_05_focus4,-23.233672955976846
44b6_d5e7d891,44b6_d5e7d891:455,union|44b6_d5e7d891:455|155,0,geometry_1_05_focus4,-25.843629471273296
44b6_d5e7d891,44b6_d5e7d891:455,union|44b6_d5e7d891:455|156,0,geometry_1_05_focus4,-24.668083817153246
44b6_d5e7d891,44b6_d5e7d891:455,union|44b6_d5e7d891:455|157,0,geometry_1_05_focus4,-25.815864671951456
44b6_d5e7d891,44b6_d5e7d891:455,union|44b6_d5e7d891:455|158,0,geometry_1_05_focus4,-15.917731766428663
44b6_d5e7d891,44b6_d5e7d891:455,union|44b6_d5e7d891:455|159,0,geometry_1_05_focus4,-18.346059957736284
44b6_d5e7d891,44b6_d5e7d891:455,union|44b6_d5e7d891:455|160,0,geometry_1_05_focus4,-19.999425123122798
44b6_d5e7d891,44b6_d5e7d891:455,union|44b6_d5e7d891:455|161,0,geometry_1_05_focus4,-18.926774279824347
44b6_d5e7d891,44b6_d5e7d891:455,union|44b6_d5e7d891:455|162,0,geometry_1_05_focus4,-28.13319970565906
44b6_d5e7d891,44b6_d5e7d891:455,union|44b6_d5e7d891:455|163,0,geometry_1_05_focus4,-21.64387206064165
44b6_d5e7d891,44b6_d5e7d891:455,union|44b6_d5e7d891:455|164,0,geometry_1_05_focus4,-24.324472108308797
44b6_d5e7d891,44b6_d5e7d891:455,union|44b6_d5e7d891:455|165,0,geometry_1_05_focus4,-23.334337157662116
44b6_d5e7d891,44b6_d5e7d891:455,union|44b6_d5e7d891:455|166,0,geometry_1_05_focus4,-19.611269389877926
44b6_d5e7d891,44b6_d5e7d891:455,union|44b6_d5e7d891:455|167,0,geometry_1_05_focus4,-18.21014878494573
44b6_d5e7d891,44b6_d5e7d891:455,union|44b6_d5e7d891:455|168,0,geometry_1_05_focus4,-19.709732824667935
44b6_d5e7d891,44b6_d5e7d891:455,union|44b6_d5e7d891:455|169,0,geometry_1_05_focus4,-28.33797792803619
44b6_d5e7d891,44b6_d5e7d891:455,union|44b6_d5e7d891:455|170,0,geometry_1_05_focus4,-23.779417528851063
44b6_d5e7d891,44b6_d5e7d891:455,union|44b6_d5e7d891:455|171,0,geometry_1_05_focus4,-21.9998488621789
44b6_d5e7d891,44b6_d5e7d891:455,union|44b6_d5e7d891:455|172,0,geometry_1_05_focus4,-22.80665153006882
44b6_d5e7d891,44b6_d5e7d891:455,union|44b6_d5e7d891:455|173,0,geometry_1_05_focus4,-20.549697163250187
44b6_d5e7d891,44b6_d5e7d891:455,union|44b6_d5e7d891:455|174,0,geometry_1_05_focus4,-27.3132924622062
44b6_d5e7d891,44b6_d5e7d891:455,union|44b6_d5e7d891:455|175,0,geometry_1_05_focus4,-28.563229726285428
44b6_d5e7d891,44b6_d5e7d891:455,union|44b6_d5e7d891:455|176,0,geometry_1_05_focus4,-17.982659881663817
44b6_d5e7d891,44b6_d5e7d891:455,union|44b6_d5e7d891:455|177,0,geometry_1_05_focus4,-20.587484416437352
44b6_d5e7d891,44b6_d5e7d891:455,union|44b6_d5e7d891:455|178,0,geometry_1_05_focus4,-24.596199489248963
44b6_d5e7d891,44b6_d5e7d891:455,union|44b6_d5e7d891:455|179,0,geometry_1_05_focus4,-26.406403344427872
44b6_d5e7d891,44b6_d5e7d891:455,union|44b6_d5e7d891:455|180,0,geometry_1_05_focus4,-26.28947523610066
44b6_d5e7d891,44b6_d5e7d891:455,union|44b6_d5e7d891:455|181,0,geometry_1_05_focus4,-21.730327955493973
44b6_eb2880fc,44b6_eb2880fc:282,union|44b6_eb2880fc:282|0,0,geometry_1_05_focus4,-21.518034988106407
44b6_eb2880fc,44b6_eb2880fc:282,union|44b6_eb2880fc:282|1,0,geometry_1_05_focus4,-21.132629937783047
44b6_eb2880fc,44b6_eb2880fc:282,union|44b6_eb2880fc:282|2,0,geometry_1_05_focus4,-23.73478469123272
44b6_eb2880fc,44b6_eb2880fc:282,union|44b6_eb2880fc:282|3,0,geometry_1_05_focus4,-20.338805717004274
44b6_eb2880fc,44b6_eb2880fc:282,union|44b6_eb2880fc:282|4,0,geometry_1_05_focus4,-19.47317269438612
44b6_eb2880fc,44b6_eb2880fc:282,union|44b6_eb2880fc:282|5,0,geometry_1_05_focus4,-23.036327050615625
44b6_eb2880fc,44b6_eb2880fc:282,union|44b6_eb2880fc:282|6,0,geometry_1_05_focus4,-21.98081846673835
44b6_eb2880fc,44b6_eb2880fc:282,union|44b6_eb2880fc:282|7,0,geometry_1_05_focus4,-22.272222382662477
44b6_eb2880fc,44b6_eb2880fc:282,union|44b6_eb2880fc:282|8,0,geometry_1_05_focus4,-24.30457516605663
44b6_eb2880fc,44b6_eb2880fc:282,union|44b6_eb2880fc:282|9,0,geometry_1_05_focus4,-29.082504994530137
44b6_eb2880fc,44b6_eb2880fc:282,union|44b6_eb2880fc:282|10,0,geometry_1_05_focus4,-28.939255199208688
44b6_eb2880fc,44b6_eb2880fc:282,union|44b6_eb2880fc:282|11,0,geometry_1_05_focus4,-27.780415007940967
44b6_eb2880fc,44b6_eb2880fc:282,union|44b6_eb2880fc:282|12,0,geometry_1_05_focus4,-20.540089285040423
44b6_eb2880fc,44b6_eb2880fc:282,union|44b6_eb2880fc:282|13,0,geometry_1_05_focus4,-19.82753844291419
44b6_eb2880fc,44b6_eb2880fc:282,union|44b6_eb2880fc:282|14,0,geometry_1_05_focus4,-18.251600124393907
44b6_eb2880fc,44b6_eb2880fc:282,union|44b6_eb2880fc:282|15,0,geometry_1_05_focus4,-23.52549155945895
44b6_eb2880fc,44b6_eb2880fc:282,union|44b6_eb2880fc:282|16,0,geometry_1_05_focus4,-23.292858096326626
44b6_eb2880fc,44b6_eb2880fc:282,union|44b6_eb2880fc:282|17,0,geometry_1_05_focus4,-21.17558442049257
44b6_eb2880fc,44b6_eb2880fc:282,union|44b6_eb2880fc:282|18,0,geometry_1_05_focus4,-23.30012607977544
44b6_eb2880fc,44b6_eb2880fc:282,union|44b6_eb2880fc:282|19,0,geometry_1_05_focus4,-22.47185733823526
44b6_eb2880fc,44b6_eb2880fc:282,union|44b6_eb2880fc:282|20,0,geometry_1_05_focus4,-28.507944509919056
44b6_eb2880fc,44b6_eb2880fc:282,union|44b6_eb2880fc:282|21,0,geometry_1_05_focus4,-27.633078408609933
44b6_eb2880fc,44b6_eb2880fc:282,union|44b6_eb2880fc:282|22,0,geometry_1_05_focus4,-24.621155095155682
44b6_eb2880fc,44b6_eb2880fc:282,union|44b6_eb2880fc:282|23,0,geometry_1_05_focus4,-26.561523464701214
44b6_eb2880fc,44b6_eb2880fc:282,union|44b6_eb2880fc:282|24,0,geometry_1_05_focus4,-28.159049452624025
44b6_eb2880fc,44b6_eb2880fc:282,union|44b6_eb2880fc:282|25,0,geometry_1_05_focus4,-17.98522187121991
44b6_eb2880fc,44b6_eb2880fc:282,union|44b6_eb2880fc:282|26,0,geometry_1_05_focus4,-22.469564235905477
44b6_eb2880fc,44b6_eb2880fc:282,union|44b6_eb2880fc:282|27,0,geometry_1_05_focus4,-19.14109065694335
44b6_eb2880fc,44b6_eb2880fc:282,union|44b6_eb2880fc:282|28,0,geometry_1_05_focus4,-22.250643911646304
44b6_eb2880fc,44b6_eb2880fc:282,union|44b6_eb2880fc:282|29,0,geometry_1_05_focus4,-24.899158548539
44b6_eb2880fc,44b6_eb2880fc:282,union|44b6_eb2880fc:282|30,0,geometry_1_05_focus4,-18.875456048776847
44b6_eb2880fc,44b6_eb2880fc:282,union|44b6_eb2880fc:282|31,0,geometry_1_05_focus4,-19.924921360025294
44b6_eb2880fc,44b6_eb2880fc:282,union|44b6_eb2880fc:282|32,0,geometry_1_05_focus4,-21.470388875044634
44b6_eb2880fc,44b6_eb2880fc:282,union|44b6_eb2880fc:282|33,0,geometry_1_05_focus4,-20.77797151260981
44b6_eb2880fc,44b6_eb2880fc:282,union|44b6_eb2880fc:282|34,0,geometry_1_05_focus4,-20.960786737429917
44b6_eb2880fc,44b6_eb2880fc:282,union|44b6_eb2880fc:282|35,0,geometry_1_05_focus4,-24.517946147132943
44b6_eb2880fc,44b6_eb2880fc:282,union|44b6_eb2880fc:282|36,0,geometry_1_05_focus4,-25.93767003023022
44b6_eb2880fc,44b6_eb2880fc:282,union|44b6_eb2880fc:282|37,0,geometry_1_05_focus4,-20.973766539356426
44b6_eb2880fc,44b6_eb2880fc:282,union|44b6_eb2880fc:282|38,0,geometry_1_05_focus4,-22.96997850827021
44b6_eb2880fc,44b6_eb2880fc:282,union|44b6_eb2880fc:282|39,0,geometry_1_05_focus4,-23.861680085242448
44b6_eb2880fc,44b6_eb2880fc:282,union|44b6_eb2880fc:282|40,0,geometry_1_05_focus4,-22.016760348287708
44b6_eb2880fc,44b6_eb2880fc:282,union|44b6_eb2880fc:282|41,0,geometry_1_05_focus4,-21.434822191036346
44b6_eb2880fc,44b6_eb2880fc:282,union|44b6_eb2880fc:282|42,0,geometry_1_05_focus4,-19.55414985069694
44b6_eb2880fc,44b6_eb2880fc:282,union|44b6_eb2880fc:282|43,0,geometry_1_05_focus4,-22.94710982348205
44b6_eb2880fc,44b6_eb2880fc:282,union|44b6_eb2880fc:282|44,0,geometry_1_05_focus4,-23.026737487558194
44b6_eb2880fc,44b6_eb2880fc:282,union|44b6_eb2880fc:282|45,0,geometry_1_05_focus4,-22.988604880629655
44b6_eb2880fc,44b6_eb2880fc:282,union|44b6_eb2880fc:282|46,0,geometry_1_05_focus4,-27.299211304654392
44b6_eb2880fc,44b6_eb2880fc:282,union|44b6_eb2880fc:282|47,0,geometry_1_05_focus4,-24.59038481629566
44b6_eb2880fc,44b6_eb2880fc:282,union|44b6_eb2880fc:282|48,0,geometry_1_05_focus4,-27.353723771014884
44b6_eb2880fc,44b6_eb2880fc:282,union|44b6_eb2880fc:282|49,0,geometry_1_05_focus4,-24.647307342477657
44b6_eb2880fc,44b6_eb2880fc:282,union|44b6_eb2880fc:282|50,0,geometry_1_05_focus4,-22.681934334411018
44b6_eb2880fc,44b6_eb2880fc:282,union|44b6_eb2880fc:282|51,0,geometry_1_05_focus4,-25.621984566670214
44b6_eb2880fc,44b6_eb2880fc:282,union|44b6_eb2880fc:282|52,1,geometry_1_05_focus4,-21.150282427783644
44b6_eb2880fc,44b6_eb2880fc:282,union|44b6_eb2880fc:282|53,0,geometry_1_05_focus4,-24.007130055180518
44b6_eb2880fc,44b6_eb2880fc:282,union|44b6_eb2880fc:282|54,0,geometry_1_05_focus4,-24.10394211919541
44b6_eb2880fc,44b6_eb2880fc:282,union|44b6_eb2880fc:282|55,0,geometry_1_05_focus4,-22.251140070412724
44b6_eb2880fc,44b6_eb2880fc:282,union|44b6_eb2880fc:282|56,0,geometry_1_05_focus4,-28.232353731225118
44b6_eb2880fc,44b6_eb2880fc:282,union|44b6_eb2880fc:282|57,0,geometry_1_05_focus4,-26.05936728401823
44b6_eb2880fc,44b6_eb2880fc:282,union|44b6_eb2880fc:282|58,0,geometry_1_05_focus4,-26.383479252866344
44b6_eb2880fc,44b6_eb2880fc:282,union|44b6_eb2880fc:282|59,0,geometry_1_05_focus4,-19.644465377819504
44b6_eb2880fc,44b6_eb2880fc:282,union|44b6_eb2880fc:282|60,0,geometry_1_05_focus4,-18.379155723348312
44b6_eb2880fc,44b6_eb2880fc:282,union|44b6_eb2880fc:282|61,0,geometry_1_05_focus4,-16.041679044162663
44b6_eb2880fc,44b6_eb2880fc:282,union|44b6_eb2880fc:282|62,0,geometry_1_05_focus4,-21.79077919709701
44b6_eb2880fc,44b6_eb2880fc:282,union|44b6_eb2880fc:282|63,0,geometry_1_05_focus4,-23.326026457491967
44b6_eb2880fc,44b6_eb2880fc:282,union|44b6_eb2880fc:282|64,0,geometry_1_05_focus4,-21.213227614730794
44b6_eb2880fc,44b6_eb2880fc:282,union|44b6_eb2880fc:282|65,0,geometry_1_05_focus4,-21.13540341024659
44b6_eb2880fc,44b6_eb2880fc:282,union|44b6_eb2880fc:282|66,0,geometry_1_05_focus4,-26.005544412213847
44b6_eb2880fc,44b6_eb2880fc:282,union|44b6_eb2880fc:282|67,0,geometry_1_05_focus4,-26.494875365657453
44b6_eb2880fc,44b6_eb2880fc:282,union|44b6_eb2880fc:282|68,0,geometry_1_05_focus4,-25.648283435114774
44b6_eb2880fc,44b6_eb2880fc:282,union|44b6_eb2880fc:282|69,0,geometry_1_05_focus4,-23.5772747393042
44b6_eb2880fc,44b6_eb2880fc:282,union|44b6_eb2880fc:282|70,0,geometry_1_05_focus4,-23.16662169282136
44b6_eb2880fc,44b6_eb2880fc:282,union|44b6_eb2880fc:282|71,0,geometry_1_05_focus4,-20.82943082402074
44b6_eb2880fc,44b6_eb2880fc:282,union|44b6_eb2880fc:282|72,0,geometry_1_05_focus4,-20.82943082402074
44b6_eb2880fc,44b6_eb2880fc:282,union|44b6_eb2880fc:282|73,0,geometry_1_05_focus4,-23.78741873261364
44b6_eb2880fc,44b6_eb2880fc:282,union|44b6_eb2880fc:282|74,0,geometry_1_05_focus4,-24.02308391440785
44b6_eb2880fc,44b6_eb2880fc:282,union|44b6_eb2880fc:282|75,0,geometry_1_05_focus4,-24.269532474582213
44b6_eb2880fc,44b6_eb2880fc:282,union|44b6_eb2880fc:282|76,0,geometry_1_05_focus4,-23.836456428774277
44b6_eb2880fc,44b6_eb2880fc:282,union|44b6_eb2880fc:282|77,0,geometry_1_05_focus4,-20.121178266343026
44b6_eb2880fc,44b6_eb2880fc:282,union|44b6_eb2880fc:282|78,0,geometry_1_05_focus4,-18.365690128777313
44b6_eb2880fc,44b6_eb2880fc:282,union|44b6_eb2880fc:282|79,0,geometry_1_05_focus4,-24.19250437799603
44b6_eb2880fc,44b6_eb2880fc:282,union|44b6_eb2880fc:282|80,0,geometry_1_05_focus4,-23.75520541310484
44b6_eb2880fc,44b6_eb2880fc:282,union|44b6_eb2880fc:282|81,0,geometry_1_05_focus4,-28.29372288979507
44b6_eb2880fc,44b6_eb2880fc:282,union|44b6_eb2880fc:282|82,0,geometry_1_05_focus4,-23.565019508208962
44b6_eb2880fc,44b6_eb2880fc:282,union|44b6_eb2880fc:282|83,0,geometry_1_05_focus4,-23.46917474111439
44b6_eb2880fc,44b6_eb2880fc:282,union|44b6_eb2880fc:282|84,0,geometry_1_05_focus4,-28.92913645305883
44b6_eb2880fc,44b6_eb2880fc:282,union|44b6_eb2880fc:282|85,0,geometry_1_05_focus4,-26.963117721741522
44b6_eb2880fc,44b6_eb2880fc:282,union|44b6_eb2880fc:282|86,0,geometry_1_05_focus4,-19.423864883356984
44b6_eb2880fc,44b6_eb2880fc:282,union|44b6_eb2880fc:282|87,0,geometry_1_05_focus4,-22.777681851840942
44b6_eb2880fc,44b6_eb2880fc:282,union|44b6_eb2880fc:282|88,0,geometry_1_05_focus4,-17.228684756547246
44b6_eb2880fc,44b6_eb2880fc:282,union|44b6_eb2880fc:282|89,0,geometry_1_05_focus4,-21.323397260727937
44b6_eb2880fc,44b6_eb2880fc:282,union|44b6_eb2880fc:282|90,0,geometry_1_05_focus4,-21.55358645473042
44b6_eb2880fc,44b6_eb2880fc:282,union|44b6_eb2880fc:282|91,0,geometry_1_05_focus4,-11.750667933565744
44b6_eb2880fc,44b6_eb2880fc:282,union|44b6_eb2880fc:282|92,0,geometry_1_05_focus4,-21.88642643537301
44b6_eb2880fc,44b6_eb2880fc:282,union|44b6_eb2880fc:282|93,0,geometry_1_05_focus4,-18.380762990573416
44b6_eb2880fc,44b6_eb2880fc:282,union|44b6_eb2880fc:282|94,0,geometry_1_05_focus4,-23.275477817599707
44b6_eb2880fc,44b6_eb2880fc:282,union|44b6_eb2880fc:282|95,0,geometry_1_05_focus4,-16.076801439449902
44b6_eb2880fc,44b6_eb2880fc:282,union|44b6_eb2880fc:282|96,0,geometry_1_05_focus4,-24.917525676670714
44b6_eb2880fc,44b6_eb2880fc:282,union|44b6_eb2880fc:282|97,0,geometry_1_05_focus4,-17.674991085266782
44b6_eb2880fc,44b6_eb2880fc:282,union|44b6_eb2880fc:282|98,0,geometry_1_05_focus4,-18.233765630793286
44b6_eb2880fc,44b6_eb2880fc:282,union|44b6_eb2880fc:282|99,0,geometry_1_05_focus4,-14.237580692355525
44b6_eb2880fc,44b6_eb2880fc:282,union|44b6_eb2880fc:282|100,0,geometry_1_05_focus4,-23.571562838417904
44b6_eb2880fc,44b6_eb2880fc:282,union|44b6_eb2880fc:282|101,0,geometry_1_05_focus4,-21.415457916854674
44b6_eb2880fc,44b6_eb2880fc:282,union|44b6_eb2880fc:282|102,0,geometry_1_05_focus4,-21.19080951619242
44b6_eb2880fc,44b6_eb2880fc:282,union|44b6_eb2880fc:282|103,0,geometry_1_05_focus4,-18.11102696488534
44b6_eb2880fc,44b6_eb2880fc:282,union|44b6_eb2880fc:282|104,0,geometry_1_05_focus4,-23.72181851595277
44b6_eb2880fc,44b6_eb2880fc:282,union|44b6_eb2880fc:282|105,0,geometry_1_05_focus4,-24.480984403128105
44b6_eb2880fc,44b6_eb2880fc:282,union|44b6_eb2880fc:282|106,0,geometry_1_05_focus4,-23.660303787557055
44b6_eb2880fc,44b6_eb2880fc:282,union|44b6_eb2880fc:282|107,0,geometry_1_05_focus4,-21.454878348241287
44b6_eb2880fc,44b6_eb2880fc:282,union|44b6_eb2880fc:282|108,0,geometry_1_05_focus4,-25.06089992228457
44b6_eb2880fc,44b6_eb2880fc:282,union|44b6_eb2880fc:282|109,0,geometry_1_05_focus4,-23.895899592482742
44b6_eb2880fc,44b6_eb2880fc:282,union|44b6_eb2880fc:282|110,0,geometry_1_05_focus4,-23.750923516500734
44b6_eb2880fc,44b6_eb2880fc:282,union|44b6_eb2880fc:282|111,0,geometry_1_05_focus4,-23.85816128912399
44b6_eb2880fc,44b6_eb2880fc:282,union|44b6_eb2880fc:282|112,0,geometry_1_05_focus4,-21.149823308688173
44b6_eb2880fc,44b6_eb2880fc:282,union|44b6_eb2880fc:282|113,0,geometry_1_05_focus4,-26.55792652096959
44b6_eb2880fc,44b6_eb2880fc:282,union|44b6_eb2880fc:282|114,0,geometry_1_05_focus4,-21.591950560722825
44b6_eb2880fc,44b6_eb2880fc:282,union|44b6_eb2880fc:282|115,0,geometry_1_05_focus4,-22.155905859122107
44b6_eb2880fc,44b6_eb2880fc:282,union|44b6_eb2880fc:282|116,0,geometry_1_05_focus4,-27.16542739524311
44b6_eb2880fc,44b6_eb2880fc:282,union|44b6_eb2880fc:282|117,0,geometry_1_05_focus4,-24.997001160934722
44b6_eb2880fc,44b6_eb2880fc:282,union|44b6_eb2880fc:282|118,0,geometry_1_05_focus4,-21.913582233137674
44b6_eb2880fc,44b6_eb2880fc:282,union|44b6_eb2880fc:282|119,0,geometry_1_05_focus4,-21.84091097185805
44b6_eb2880fc,44b6_eb2880fc:282,union|44b6_eb2880fc:282|120,0,geometry_1_05_focus4,-19.120268928312708
44b6_eb2880fc,44b6_eb2880fc:282,union|44b6_eb2880fc:282|121,0,geometry_1_05_focus4,-17.517678570080847
44b6_eb2880fc,44b6_eb2880fc:282,union|44b6_eb2880fc:282|122,0,geometry_1_05_focus4,-24.474997538697576
44b6_eb2880fc,44b6_eb2880fc:282,union|44b6_eb2880fc:282|123,0,geometry_1_05_focus4,-23.320417732131258
44b6_eb2880fc,44b6_eb2880fc:282,union|44b6_eb2880fc:282|124,0,geometry_1_05_focus4,-23.56761119633234
44b6_eb2880fc,44b6_eb2880fc:282,union|44b6_eb2880fc:282|125,0,geometry_1_05_focus4,-23.651975441551144
44b6_eb2880fc,44b6_eb2880fc:282,union|44b6_eb2880fc:282|126,0,geometry_1_05_focus4,-24.881241858427032
44b6_eb2880fc,44b6_eb2880fc:282,union|44b6_eb2880fc:282|127,0,geometry_1_05_focus4,-19.11650103413305
44b6_eb2880fc,44b6_eb2880fc:282,union|44b6_eb2880fc:282|128,0,geometry_1_05_focus4,-21.453691902933667
44b6_eb2880fc,44b6_eb2880fc:282,union|44b6_eb2880fc:282|129,0,geometry_1_05_focus4,-27.267990869197615
44b6_eb2880fc,44b6_eb2880fc:282,union|44b6_eb2880fc:282|130,0,geometry_1_05_focus4,-27.74241501548538
44b6_eb2880fc,44b6_eb2880fc:282,union|44b6_eb2880fc:282|131,0,geometry_1_05_focus4,-27.597559591617586
44b6_eb2880fc,44b6_eb2880fc:282,union|44b6_eb2880fc:282|132,0,geometry_1_05_focus4,-27.7206430797354
44b6_eb2880fc,44b6_eb2880fc:282,union|44b6_eb2880fc:282|133,0,geometry_1_05_focus4,-20.82283834521795
44b6_eb2880fc,44b6_eb2880fc:282,union|44b6_eb2880fc:282|134,0,geometry_1_05_focus4,-22.96997850827021
44b6_eb2880fc,44b6_eb2880fc:282,union|44b6_eb2880fc:282|135,0,geometry_1_05_focus4,-23.479580645884926
44b6_eb2880fc,44b6_eb2880fc:282,union|44b6_eb2880fc:282|136,0,geometry_1_05_focus4,-23.70662352802742
44b6_eb2880fc,44b6_eb2880fc:282,union|44b6_eb2880fc:282|137,0,geometry_1_05_focus4,-25.477273685473016
44b6_eb2880fc,44b6_eb2880fc:282,union|44b6_eb2880fc:282|138,0,geometry_1_05_focus4,-28.033963577546608
44b6_eb2880fc,44b6_eb2880fc:282,union|44b6_eb2880fc:282|139,0,geometry_1_05_focus4,-25.664938939520148
44b6_eb2880fc,44b6_eb2880fc:282,union|44b6_eb2880fc:282|140,0,geometry_1_05_focus4,-25.055948790947255
44b6_eb2880fc,44b6_eb2880fc:282,union|44b6_eb2880fc:282|141,0,geometry_1_05_focus4,-22.187077651089528
44b6_eb2880fc,44b6_eb2880fc:282,union|44b6_eb2880fc:282|142,0,geometry_1_05_focus4,-16.56782698464265
44b6_eb2880fc,44b6_eb2880fc:282,union|44b6_eb2880fc:282|143,0,geometry_1_05_focus4,-21.620214475673087
44b6_eb2880fc,44b6_eb2880fc:282,union|44b6_eb2880fc:282|144,0,geometry_1_05_focus4,-16.117371957550002
44b6_eb2880fc,44b6_eb2880fc:282,union|44b6_eb2880fc:282|145,0,geometry_1_05_focus4,-24.921529716658693
44b6_eb2880fc,44b6_eb2880fc:282,union|44b6_eb2880fc:282|146,0,geometry_1_05_focus4,-19.24005819763132
44b6_eb2880fc,44b6_eb2880fc:282,union|44b6_eb2880fc:282|147,0,geometry_1_05_focus4,-17.818966827421598
44b6_eb2880fc,44b6_eb2880fc:282,union|44b6_eb2880fc:282|148,0,geometry_1_05_focus4,-16.38300138192131
44b6_eb2880fc,44b6_eb2880fc:282,union|44b6_eb2880fc:282|149,0,geometry_1_05_focus4,-23.24977205819971
44b6_eb2880fc,44b6_eb2880fc:282,union|44b6_eb2880fc:282|150,0,geometry_1_05_focus4,-23.362672319240403
44b6_eb2880fc,44b6_eb2880fc:282,union|44b6_eb2880fc:282|151,0,geometry_1_05_focus4,-20.928650877809503
44b6_eb2880fc,44b6_eb2880fc:282,union|44b6_eb2880fc:282|152,0,geometry_1_05_focus4,-22.474361253662877
44b6_eb2880fc,44b6_eb2880fc:282,union|44b6_eb2880fc:282|153,0,geometry_1_05_focus4,-22.65649331222339
44b6_eb2880fc,44b6_eb2880fc:282,union|44b6_eb2880fc:282|154,0,geometry_1_05_focus4,-24.171285361005832
44b6_eb2880fc,44b6_eb2880fc:282,union|44b6_eb2880fc:282|155,0,geometry_1_05_focus4,-22.49330666639657
44b6_eb2880fc,44b6_eb2880fc:282,union|44b6_eb2880fc:282|156,0,geometry_1_05_focus4,-22.355797601483296
44b6_eb2880fc,44b6_eb2880fc:282,union|44b6_eb2880fc:282|157,0,geometry_1_05_focus4,-19.876444878948956
44b6_eb2880fc,44b6_eb2880fc:282,union|44b6_eb2880fc:282|158,0,geometry_1_05_focus4,-21.025518019221092
44b6_eb2880fc,44b6_eb2880fc:282,union|44b6_eb2880fc:282|159,0,geometry_1_05_focus4,-25.50291415059897
44b6_eb2880fc,44b6_eb2880fc:282,union|44b6_eb2880fc:282|160,0,geometry_1_05_focus4,-20.731655528620234
44b6_eb2880fc,44b6_eb2880fc:282,union|44b6_eb2880fc:282|161,0,geometry_1_05_focus4,-22.753191542849464
44b6_eb2880fc,44b6_eb2880fc:282,union|44b6_eb2880fc:282|162,0,geometry_1_05_focus4,-26.07706600589473
44b6_eb2880fc,44b6_eb2880fc:282,union|44b6_eb2880fc:282|163,0,geometry_1_05_focus4,-23.248019983842617
44b6_eb2880fc,44b6_eb2880fc:282,union|44b6_eb2880fc:282|164,0,geometry_1_05_focus4,-27.79949401723325
44b6_eb2880fc,44b6_eb2880fc:282,union|44b6_eb2880fc:282|165,0,geometry_1_05_focus4,-28.3815468652821
44b6_eb2880fc,44b6_eb2880fc:282,union|44b6_eb2880fc:282|166,0,geometry_1_05_focus4,-22.41809737101685
44b6_eb2880fc,44b6_eb2880fc:282,union|44b6_eb2880fc:282|167,0,geometry_1_05_focus4,-25.285945224606948
44b6_eb2880fc,44b6_eb2880fc:282,union|44b6_eb2880fc:282|168,0,geometry_1_05_focus4,-27.453035652909087
44b6_eb2880fc,44b6_eb2880fc:282,union|44b6_eb2880fc:282|169,0,geometry_1_05_focus4,-22.384317539191354
44b6_eb2880fc,44b6_eb2880fc:282,union|44b6_eb2880fc:282|170,0,geometry_1_05_focus4,-17.92662199975404
44b6_eb2880fc,44b6_eb2880fc:282,union|44b6_eb2880fc:282|171,0,geometry_1_05_focus4,-17.80435479906158
44b6_eb2880fc,44b6_eb2880fc:282,union|44b6_eb2880fc:282|172,0,geometry_1_05_focus4,-30.739274658186126
44b6_eb2880fc,44b6_eb2880fc:282,union|44b6_eb2880fc:282|173,0,geometry_1_05_focus4,-24.93069532911118
44b6_eb2880fc,44b6_eb2880fc:282,union|44b6_eb2880fc:282|174,0,geometry_1_05_focus4,-27.907150789771073
44b6_eb2880fc,44b6_eb2880fc:282,union|44b6_eb2880fc:282|175,0,geometry_1_05_focus4,-26.491032377707516
44b6_eb2880fc,44b6_eb2880fc:282,union|44b6_eb2880fc:282|176,0,geometry_1_05_focus4,-23.232897478472
44b6_eb2880fc,44b6_eb2880fc:282,union|44b6_eb2880fc:282|177,0,geometry_1_05_focus4,-20.7099181456403
44b6_eb2880fc,44b6_eb2880fc:282,union|44b6_eb2880fc:282|178,0,geometry_1_05_focus4,-29.90170906941193
44b6_eb2880fc,44b6_eb2880fc:282,union|44b6_eb2880fc:282|179,0,geometry_1_05_focus4,-19.99532661337637
44b6_eb2880fc,44b6_eb2880fc:282,union|44b6_eb2880fc:282|180,0,geometry_1_05_focus4,-30.543889634246657
6bba_05db0fb1,6bba_05db0fb1:229,union|6bba_05db0fb1:229|0,0,geometry_1_05_focus4,-19.134317129512198
6bba_05db0fb1,6bba_05db0fb1:229,union|6bba_05db0fb1:229|1,0,geometry_1_05_focus4,-21.300850587625977
6bba_05db0fb1,6bba_05db0fb1:229,union|6bba_05db0fb1:229|2,0,geometry_1_05_focus4,-20.118337952141182
6bba_05db0fb1,6bba_05db0fb1:229,union|6bba_05db0fb1:229|3,0,geometry_1_05_focus4,-20.605144991186354
6bba_05db0fb1,6bba_05db0fb1:229,union|6bba_05db0fb1:229|4,0,geometry_1_05_focus4,-22.97240893150763
6bba_05db0fb1,6bba_05db0fb1:229,union|6bba_05db0fb1:229|5,0,geometry_1_05_focus4,-19.201561685379502
6bba_05db0fb1,6bba_05db0fb1:229,union|6bba_05db0fb1:229|6,0,geometry_1_05_focus4,-23.62952423768222
6bba_05db0fb1,6bba_05db0fb1:229,union|6bba_05db0fb1:229|7,0,geometry_1_05_focus4,-22.699965795909357
6bba_05db0fb1,6bba_05db0fb1:229,union|6bba_05db0fb1:229|8,0,geometry_1_05_focus4,-22.624516619064135
6bba_05db0fb1,6bba_05db0fb1:229,union|6bba_05db0fb1:229|9,0,geometry_1_05_focus4,-23.62952423768222
6bba_05db0fb1,6bba_05db0fb1:229,union|6bba_05db0fb1:229|10,0,geometry_1_05_focus4,-23.487543191437645
6bba_05db0fb1,6bba_05db0fb1:229,union|6bba_05db0fb1:229|11,0,geometry_1_05_focus4,-24.80850888590182
6bba_05db0fb1,6bba_05db0fb1:229,union|6bba_05db0fb1:229|12,0,geometry_1_05_focus4,-22.905235158400426
6bba_05db0fb1,6bba_05db0fb1:229,union|6bba_05db0fb1:229|13,0,geometry_1_05_focus4,-27.690649791458256
6bba_05db0fb1,6bba_05db0fb1:229,union|6bba_05db0fb1:229|14,0,geometry_1_05_focus4,-26.780575605093837
6bba_05db0fb1,6bba_05db0fb1:229,union|6bba_05db0fb1:229|15,0,geometry_1_05_focus4,-23.536067102011167
6bba_05db0fb1,6bba_05db0fb1:229,union|6bba_05db0fb1:229|16,0,geometry_1_05_focus4,-14.385497717851045
6bba_05db0fb1,6bba_05db0fb1:229,union|6bba_05db0fb1:229|17,0,geometry_1_05_focus4,-14.780523291625165
6bba_05db0fb1,6bba_05db0fb1:229,union|6bba_05db0fb1:229|18,0,geometry_1_05_focus4,-20.99795271423347
6bba_05db0fb1,6bba_05db0fb1:229,union|6bba_05db0fb1:229|19,0,geometry_1_05_focus4,-16.539317364485864
6bba_05db0fb1,6bba_05db0fb1:229,union|6bba_05db0fb1:229|20,0,geometry_1_05_focus4,-17.143800938982185
6bba_05db0fb1,6bba_05db0fb1:229,union|6bba_05db0fb1:229|21,0,geometry_1_05_focus4,-22.03026598122068
6bba_05db0fb1,6bba_05db0fb1:229,union|6bba_05db0fb1:229|22,0,geometry_1_05_focus4,-20.27994727615757
6bba_05db0fb1,6bba_05db0fb1:229,union|6bba_05db0fb1:229|23,0,geometry_1_05_focus4,-16.320166170868802
6bba_05db0fb1,6bba_05db0fb1:229,union|6bba_05db0fb1:229|24,0,geometry_1_05_focus4,-23.778810392574137
6bba_05db0fb1,6bba_05db0fb1:229,union|6bba_05db0fb1:229|25,0,geometry_1_05_focus4,-25.318986876570957
6bba_05db0fb1,6bba_05db0fb1:229,union|6bba_05db0fb1:229|26,0,geometry_1_05_focus4,-27.053522834743713
6bba_05db0fb1,6bba_05db0fb1:229,union|6bba_05db0fb1:229|27,0,geometry_1_05_focus4,-14.866780777215606
6bba_05db0fb1,6bba_05db0fb1:229,union|6bba_05db0fb1:229|28,0,geometry_1_05_focus4,-20.693757707132658
6bba_05db0fb1,6bba_05db0fb1:229,union|6bba_05db0fb1:229|29,0,geometry_1_05_focus4,-28.851605596831874
6bba_05db0fb1,6bba_05db0fb1:229,union|6bba_05db0fb1:229|30,0,geometry_1_05_focus4,-19.56766673191708
6bba_05db0fb1,6bba_05db0fb1:229,union|6bba_05db0fb1:229|31,0,geometry_1_05_focus4,-24.130616440455142
6bba_05db0fb1,6bba_05db0fb1:229,union|6bba_05db0fb1:229|32,0,geometry_1_05_focus4,-20.84086245088126
6bba_05db0fb1,6bba_05db0fb1:229,union|6bba_05db0fb1:229|33,0,geometry_1_05_focus4,-21.01771933959198
6bba_05db0fb1,6bba_05db0fb1:229,union|6bba_05db0fb1:229|34,0,geometry_1_05_focus4,-21.676047201266137
6bba_05db0fb1,6bba_05db0fb1:229,union|6bba_05db0fb1:229|35,0,geometry_1_05_focus4,-20.53275778250617
6bba_05db0fb1,6bba_05db0fb1:229,union|6bba_05db0fb1:229|36,0,geometry_1_05_focus4,-25.11401493486072
6bba_05db0fb1,6bba_05db0fb1:229,union|6bba_05db0fb1:229|37,0,geometry_1_05_focus4,-23.655866836934155
6bba_05db0fb1,6bba_05db0fb1:229,union|6bba_05db0fb1:229|38,0,geometry_1_05_focus4,-23.851791230974463
6bba_05db0fb1,6bba_05db0fb1:229,union|6bba_05db0fb1:229|39,0,geometry_1_05_focus4,-19.532181915198734
6bba_05db0fb1,6bba_05db0fb1:229,union|6bba_05db0fb1:229|40,0,geometry_1_05_focus4,-27.49689165431031
6bba_05db0fb1,6bba_05db0fb1:229,union|6bba_05db0fb1:229|41,0,geometry_1_05_focus4,-28.38548555380067
6bba_05db0fb1,6bba_05db0fb1:229,union|6bba_05db0fb1:229|42,0,geometry_1_05_focus4,-16.417299872194107
6bba_05db0fb1,6bba_05db0fb1:229,union|6bba_05db0fb1:229|43,0,geometry_1_05_focus4,-17.137330822805524
6bba_05db0fb1,6bba_05db0fb1:229,union|6bba_05db0fb1:229|44,0,geometry_1_05_focus4,-14.665982096633993
6bba_05db0fb1,6bba_05db0fb1:229,union|6bba_05db0fb1:229|45,0,geometry_1_05_focus4,-19.606372165863984
6bba_05db0fb1,6bba_05db0fb1:229,union|6bba_05db0fb1:229|46,0,geometry_1_05_focus4,-22.77690484389522
6bba_05db0fb1,6bba_05db0fb1:229,union|6bba_05db0fb1:229|47,0,geometry_1_05_focus4,-22.699965795909357
6bba_05db0fb1,6bba_05db0fb1:229,union|6bba_05db0fb1:229|48,0,geometry_1_05_focus4,-21.010188679899187
6bba_05db0fb1,6bba_05db0fb1:229,union|6bba_05db0fb1:229|49,0,geometry_1_05_focus4,-13.953431254507759
6bba_05db0fb1,6bba_05db0fb1:229,union|6bba_05db0fb1:229|50,0,geometry_1_05_focus4,-20.27901642822487
6bba_05db0fb1,6bba_05db0fb1:229,union|6bba_05db0fb1:229|51,0,geometry_1_05_focus4,-24.209822049626545
6bba_05db0fb1,6bba_05db0fb1:229,union|6bba_05db0fb1:229|52,0,geometry_1_05_focus4,-23.3789917913269
6bba_05db0fb1,6bba_05db0fb1:229,union|6bba_05db0fb1:229|53,0,geometry_1_05_focus4,-19.482300964683667
6bba_05db0fb1,6bba_05db0fb1:229,union|6bba_05db0fb1:229|54,0,geometry_1_05_focus4,-24.403460256249307
6bba_05db0fb1,6bba_05db0fb1:229,union|6bba_05db0fb1:229|55,0,geometry_1_05_focus4,-18.700608142264812
6bba_05db0fb1,6bba_05db0fb1:229,union|6bba_05db0fb1:229|56,0,geometry_1_05_focus4,-22.950834156797775
6bba_05db0fb1,6bba_05db0fb1:229,union|6bba_05db0fb1:229|57,0,geometry_1_05_focus4,-29.2311297125549
6bba_05db0fb1,6bba_05db0fb1:229,union|6bba_05db0fb1:229|58,0,geometry_1_05_focus4,-17.190097964240053
6bba_05db0fb1,6bba_05db0fb1:229,union|6bba_05db0fb1:229|59,0,geometry_1_05_focus4,-25.323758969925464
6bba_05db0fb1,6bba_05db0fb1:229,union|6bba_05db0fb1:229|60,0,geometry_1_05_focus4,-14.483883206535907
6bba_05db0fb1,6bba_05db0fb1:229,union|6bba_05db0fb1:229|61,0,geometry_1_05_focus4,-16.08421585086213
6bba_05db0fb1,6bba_05db0fb1:229,union|6bba_05db0fb1:229|62,0,geometry_1_05_focus4,-23.655866836934155
6bba_05db0fb1,6bba_05db0fb1:229,union|6bba_05db0fb1:229|63,0,geometry_1_05_focus4,-16.807359639296322
6bba_05db0fb1,6bba_05db0fb1:229,union|6bba_05db0fb1:229|64,0,geometry_1_05_focus4,-15.555490082631266
6bba_05db0fb1,6bba_05db0fb1:229,union|6bba_05db0fb1:229|65,0,geometry_1_05_focus4,-19.776391903869673
6bba_05db0fb1,6bba_05db0fb1:229,union|6bba_05db0fb1:229|66,0,geometry_1_05_focus4,-23.287203604599306
6bba_05db0fb1,6bba_05db0fb1:229,union|6bba_05db0fb1:229|67,0,geometry_1_05_focus4,-22.908872113399163
6bba_05db0fb1,6bba_05db0fb1:229,union|6bba_05db0fb1:229|68,0,geometry_1_05_focus4,-28.989484983138098
6bba_05db0fb1,6bba_05db0fb1:229,union|6bba_05db0fb1:229|69,0,geometry_1_05_focus4,-18.876617408233543
6bba_05db0fb1,6bba_05db0fb1:229,union|6bba_05db0fb1:229|70,0,geometry_1_05_focus4,-19.81988730330923
6bba_05db0fb1,6bba_05db0fb1:229,union|6bba_05db0fb1:229|71,0,geometry_1_05_focus4,-28.277495648233945
6bba_05db0fb1,6bba_05db0fb1:229,union|6bba_05db0fb1:229|72,0,geometry_1_05_focus4,-19.050056707592567
6bba_05db0fb1,6bba_05db0fb1:229,union|6bba_05db0fb1:229|73,0,geometry_1_05_focus4,-24.732573307231984
6bba_05db0fb1,6bba_05db0fb1:229,union|6bba_05db0fb1:229|74,0,geometry_1_05_focus4,-22.117297322561207
6bba_05db0fb1,6bba_05db0fb1:229,union|6bba_05db0fb1:229|75,0,geometry_1_05_focus4,-24.341280251049632
6bba_05db0fb1,6bba_05db0fb1:229,union|6bba_05db0fb1:229|76,0,geometry_1_05_focus4,-23.36045100284881
6bba_05db0fb1,6bba_05db0fb1:229,union|6bba_05db0fb1:229|77,0,geometry_1_05_focus4,-20.585114710650863
6bba_05db0fb1,6bba_05db0fb1:229,union|6bba_05db0fb1:229|78,0,geometry_1_05_focus4,-22.814012023025366
6bba_05db0fb1,6bba_05db0fb1:229,union|6bba_05db0fb1:229|79,0,geometry_1_05_focus4,-21.260835100974717
6bba_05db0fb1,6bba_05db0fb1:229,union|6bba_05db0fb1:229|80,0,geometry_1_05_focus4,-24.696057909571177
6bba_05db0fb1,6bba_05db0fb1:229,union|6bba_05db0fb1:229|81,0,geometry_1_05_focus4,-25.1555314928099
6bba_05db0fb1,6bba_05db0fb1:229,union|6bba_05db0fb1:229|82,0,geometry_1_05_focus4,-24.11255736617888
6bba_05db0fb1,6bba_05db0fb1:229,union|6bba_05db0fb1:229|83,0,geometry_1_05_focus4,-27.347544717325974
6bba_05db0fb1,6bba_05db0fb1:229,union|6bba_05db0fb1:229|84,0,geometry_1_05_focus4,-20.306461985619933
6bba_05db0fb1,6bba_05db0fb1:229,union|6bba_05db0fb1:229|85,0,geometry_1_05_focus4,-19.67314305152225
6bba_05db0fb1,6bba_05db0fb1:229,union|6bba_05db0fb1:229|86,0,geometry_1_05_focus4,-15.82669503983127
6bba_05db0fb1,6bba_05db0fb1:229,union|6bba_05db0fb1:229|87,1,geometry_1_05_focus4,-14.950230943517465
6bba_05db0fb1,6bba_05db0fb1:229,union|6bba_05db0fb1:229|88,0,geometry_1_05_focus4,-15.940730974010872
6bba_05db0fb1,6bba_05db0fb1:229,union|6bba_05db0fb1:229|89,0,geometry_1_05_focus4,-19.007048479436875
6bba_05db0fb1,6bba_05db0fb1:229,union|6bba_05db0fb1:229|90,0,geometry_1_05_focus4,-22.689073792596623
6bba_05db0fb1,6bba_05db0fb1:229,union|6bba_05db0fb1:229|91,0,geometry_1_05_focus4,-25.151549302427554
6bba_05db0fb1,6bba_05db0fb1:229,union|6bba_05db0fb1:229|92,0,geometry_1_05_focus4,-20.61794902109316
6bba_05db0fb1,6bba_05db0fb1:229,union|6bba_05db0fb1:229|93,0,geometry_1_05_focus4,-23.83516695242873
6bba_05db0fb1,6bba_05db0fb1:229,union|6bba_05db0fb1:229|94,0,geometry_1_05_focus4,-18.282737150069384
6bba_05db0fb1,6bba_05db0fb1:229,union|6bba_05db0fb1:229|95,0,geometry_1_05_focus4,-20.272463895459286
6bba_05db0fb1,6bba_05db0fb1:229,union|6bba_05db0fb1:229|96,0,geometry_1_05_focus4,-20.424011534557813
6bba_05db0fb1,6bba_05db0fb1:229,union|6bba_05db0fb1:229|97,0,geometry_1_05_focus4,-16.94984887348029
6bba_05db0fb1,6bba_05db0fb1:229,union|6bba_05db0fb1:229|98,0,geometry_1_05_focus4,-20.006993009023677
6bba_05db0fb1,6bba_05db0fb1:229,union|6bba_05db0fb1:229|99,0,geometry_1_05_focus4,-24.58553818161826
6bba_05db0fb1,6bba_05db0fb1:229,union|6bba_05db0fb1:229|100,0,geometry_1_05_focus4,-23.193949716654735
6bba_05db0fb1,6bba_05db0fb1:229,union|6bba_05db0fb1:229|101,0,geometry_1_05_focus4,-21.26399550423731
6bba_05db0fb1,6bba_05db0fb1:229,union|6bba_05db0fb1:229|102,0,geometry_1_05_focus4,-16.38080077130016
6bba_05db0fb1,6bba_05db0fb1:229,union|6bba_05db0fb1:229|103,0,geometry_1_05_focus4,-25.024572633765295
6bba_05db0fb1,6bba_05db0fb1:229,union|6bba_05db0fb1:229|104,0,geometry_1_05_focus4,-20.871599175949903
6bba_05db0fb1,6bba_05db0fb1:229,union|6bba_05db0fb1:229|105,0,geometry_1_05_focus4,-21.044916336495472
6bba_05db0fb1,6bba_05db0fb1:229,union|6bba_05db0fb1:229|106,0,geometry_1_05_focus4,-20.53275778250617
6bba_05db0fb1,6bba_05db0fb1:229,union|6bba_05db0fb1:229|107,0,geometry_1_05_focus4,-19.780465119321455
6bba_05db0fb1,6bba_05db0fb1:229,union|6bba_05db0fb1:229|108,0,geometry_1_05_focus4,-21.472143271059362
6bba_05db0fb1,6bba_05db0fb1:229,union|6bba_05db0fb1:229|109,0,geometry_1_05_focus4,-26.29294429412484
6bba_05db0fb1,6bba_05db0fb1:229,union|6bba_05db0fb1:229|110,0,geometry_1_05_focus4,-23.94407223617435
6bba_05db0fb1,6bba_05db0fb1:229,union|6bba_05db0fb1:229|111,0,geometry_1_05_focus4,-24.262752906946332
6bba_05db0fb1,6bba_05db0fb1:229,union|6bba_05db0fb1:229|112,0,geometry_1_05_focus4,-24.711111026006247
6bba_05db0fb1,6bba_05db0fb1:229,union|6bba_05db0fb1:229|113,0,geometry_1_05_focus4,-21.224937420950727
6bba_05db0fb1,6bba_05db0fb1:229,union|6bba_05db0fb1:229|114,0,geometry_1_05_focus4,-22.285197865261317
6bba_05db0fb1,6bba_05db0fb1:229,union|6bba_05db0fb1:229|115,0,geometry_1_05_focus4,-24.485493933805294
6bba_05db0fb1,6bba_05db0fb1:229,union|6bba_05db0fb1:229|116,0,geometry_1_05_focus4,-18.67739520854277
6bba_05db0fb1,6bba_05db0fb1:229,union|6bba_05db0fb1:229|117,0,geometry_1_05_focus4,-20.775372773891878
6bba_05db0fb1,6bba_05db0fb1:229,union|6bba_05db0fb1:229|118,0,geometry_1_05_focus4,-24.11704858186433
6bba_05db0fb1,6bba_05db0fb1:229,union|6bba_05db0fb1:229|119,0,geometry_1_05_focus4,-27.959361700898228
6bba_05db0fb1,6bba_05db0fb1:229,union|6bba_05db0fb1:229|120,0,geometry_1_05_focus4,-19.770345138542854
6bba_05db0fb1,6bba_05db0fb1:229,union|6bba_05db0fb1:229|121,0,geometry_1_05_focus4,-16.27227834669428
6bba_05db0fb1,6bba_05db0fb1:229,union|6bba_05db0fb1:229|122,0,geometry_1_05_focus4,-20.3557140079757
6bba_05db0fb1,6bba_05db0fb1:229,union|6bba_05db0fb1:229|123,0,geometry_1_05_focus4,-20.82503863888624
6bba_05db0fb1,6bba_05db0fb1:229,union|6bba_05db0fb1:229|124,0,geometry_1_05_focus4,-24.189746728908638
6bba_05db0fb1,6bba_05db0fb1:229,union|6bba_05db0fb1:229|125,0,geometry_1_05_focus4,-24.14012376181695
6bba_05db0fb1,6bba_05db0fb1:229,union|6bba_05db0fb1:229|126,0,geometry_1_05_focus4,-23.439253515289565
6bba_05db0fb1,6bba_05db0fb1:229,union|6bba_05db0fb1:229|127,0,geometry_1_05_focus4,-19.776391903869673
6bba_05db0fb1,6bba_05db0fb1:229,union|6bba_05db0fb1:229|128,0,geometry_1_05_focus4,-19.471911716421634
6bba_05db0fb1,6bba_05db0fb1:229,union|6bba_05db0fb1:229|129,0,geometry_1_05_focus4,-20.704050465939556
6bba_05db0fb1,6bba_05db0fb1:229,union|6bba_05db0fb1:229|130,0,geometry_1_05_focus4,-18.353953085003067
6bba_05db0fb1,6bba_05db0fb1:229,union|6bba_05db0fb1:229|131,0,geometry_1_05_focus4,-20.77797151260981
6bba_05db0fb1,6bba_05db0fb1:229,union|6bba_05db0fb1:229|132,0,geometry_1_05_focus4,-28.652197810237894
6bba_05db0fb1,6bba_05db0fb1:229,union|6bba_05db0fb1:229|133,0,geometry_1_05_focus4,-20.703301171921044
6bba_05db0fb1,6bba_05db0fb1:229,union|6bba_05db0fb1:229|134,0,geometry_1_05_focus4,-20.128368941704395
6bba_05db0fb1,6bba_05db0fb1:229,union|6bba_05db0fb1:229|135,0,geometry_1_05_focus4,-24.426578535165252
6bba_05db0fb1,6bba_05db0fb1:229,union|6bba_05db0fb1:229|136,0,geometry_1_05_focus4,-10.941028058224513
6bba_05db0fb1,6bba_05db0fb1:229,union|6bba_05db0fb1:229|137,0,geometry_1_05_focus4,-22.13065819205802
6bba_05db0fb1,6bba_05db0fb1:229,union|6bba_05db0fb1:229|138,0,geometry_1_05_focus4,-16.807359639296322
6bba_05db0fb1,6bba_05db0fb1:229,union|6bba_05db0fb1:229|139,0,geometry_1_05_focus4,-20.586444948727042
6bba_05db0fb1,6bba_05db0fb1:229,union|6bba_05db0fb1:229|140,0,geometry_1_05_focus4,-27.185077800255563
6bba_05db0fb1,6bba_05db0fb1:229,union|6bba_05db0fb1:229|141,0,geometry_1_05_focus4,-23.473984785143358
6bba_05db0fb1,6bba_05db0fb1:229,union|6bba_05db0fb1:229|142,0,geometry_1_05_focus4,-21.360532845654348
6bba_05db0fb1,6bba_05db0fb1:229,union|6bba_05db0fb1:229|143,0,geometry_1_05_focus4,-22.888727492600772
6bba_05db0fb1,6bba_05db0fb1:229,union|6bba_05db0fb1:229|144,0,geometry_1_05_focus4,-27.998259545017063
6bba_05db0fb1,6bba_05db0fb1:229,union|6bba_05db0fb1:229|145,0,geometry_1_05_focus4,-23.645628574737255
6bba_05db0fb1,6bba_05db0fb1:229,union|6bba_05db0fb1:229|146,0,geometry_1_05_focus4,-19.886638827389874
6bba_05db0fb1,6bba_05db0fb1:229,union|6bba_05db0fb1:229|147,0,geometry_1_05_focus4,-24.179379926028062
6bba_05db0fb1,6bba_05db0fb1:229,union|6bba_05db0fb1:229|148,0,geometry_1_05_focus4,-22.06421718563807
6bba_05db0fb1,6bba_05db0fb1:229,union|6bba_05db0fb1:229|149,0,geometry_1_05_focus4,-23.78741873261364
6bba_05db0fb1,6bba_05db0fb1:229,union|6bba_05db0fb1:229|150,0,geometry_1_05_focus4,-25.352550991073358
6bba_05db0fb1,6bba_05db0fb1:229,union|6bba_05db0fb1:229|151,0,geometry_1_05_focus4,-28.14745060257109
6bba_05db0fb1,6bba_05db0fb1:229,union|6bba_05db0fb1:229|152,0,geometry_1_05_focus4,-25.454747080098706
6bba_05db0fb1,6bba_05db0fb1:229,union|6bba_05db0fb1:229|153,0,geometry_1_05_focus4,-25.224738715852368
6bba_05db0fb1,6bba_05db0fb1:229,union|6bba_05db0fb1:229|154,0,geometry_1_05_focus4,-26.01666780530114
6bba_05db0fb1,6bba_05db0fb1:229,union|6bba_05db0fb1:229|155,0,geometry_1_05_focus4,-20.439181360284042
6bba_05db0fb1,6bba_05db0fb1:229,union|6bba_05db0fb1:229|156,0,geometry_1_05_focus4,-27.452047008821967
6bba_05db0fb1,6bba_05db0fb1:229,union|6bba_05db0fb1:229|157,0,geometry_1_05_focus4,-22.356019455489076
6bba_05db0fb1,6bba_05db0fb1:229,union|6bba_05db0fb1:229|158,0,geometry_1_05_focus4,-26.989681422217974
6bba_05db0fb1,6bba_05db0fb1:229,union|6bba_05db0fb1:229|159,0,geometry_1_05_focus4,-27.47073137041044
6bba_05db0fb1,6bba_05db0fb1:229,union|6bba_05db0fb1:229|160,0,geometry_1_05_focus4,-25.195448824313157
6bba_05db0fb1,6bba_05db0fb1:229,union|6bba_05db0fb1:229|161,0,geometry_1_05_focus4,-31.011893262440054
6bba_05db0fb1,6bba_05db0fb1:229,union|6bba_05db0fb1:229|162,0,geometry_1_05_focus4,-31.918883446274677
6bba_05db0fb1,6bba_05db0fb1:229,union|6bba_05db0fb1:229|163,0,geometry_1_05_focus4,-24.83276104831143
6bba_05db0fb1,6bba_05db0fb1:229,union|6bba_05db0fb1:229|164,0,geometry_1_05_focus4,-33.069937839821634
6bba_05db0fb1,6bba_05db0fb1:229,union|6bba_05db0fb1:229|165,0,geometry_1_05_focus4,-23.943650540977345
6bba_05db0fb1,6bba_05db0fb1:229,union|6bba_05db0fb1:229|166,0,geometry_1_05_focus4,-28.363893754597495
6bba_05db0fb1,6bba_05db0fb1:229,union|6bba_05db0fb1:229|167,0,geometry_1_05_focus4,-28.67313051526048
6bba_05db0fb1,6bba_05db0fb1:229,union|6bba_05db0fb1:229|168,0,geometry_1_05_focus4,-24.082923673690146
6bba_05db0fb1,6bba_05db0fb1:229,union|6bba_05db0fb1:229|169,0,geometry_1_05_focus4,-24.68858589692113
6bba_05db0fb1,6bba_05db0fb1:229,union|6bba_05db0fb1:229|170,0,geometry_1_05_focus4,-29.160335788947485
6bba_05db0fb1,6bba_05db0fb1:229,union|6bba_05db0fb1:229|171,0,geometry_1_05_focus4,-27.12145906311248
6bba_05db0fb1,6bba_05db0fb1:229,union|6bba_05db0fb1:229|172,0,geometry_1_05_focus4,-26.38811504468245
6bba_05db0fb1,6bba_05db0fb1:606,union|6bba_05db0fb1:606|0,0,geometry_1_05_focus4,-25.344287759327607
6bba_05db0fb1,6bba_05db0fb1:606,union|6bba_05db0fb1:606|1,0,geometry_1_05_focus4,-26.149629582679477
6bba_05db0fb1,6bba_05db0fb1:606,union|6bba_05db0fb1:606|2,0,geometry_1_05_focus4,-25.73328564084439
6bba_05db0fb1,6bba_05db0fb1:606,union|6bba_05db0fb1:606|3,0,geometry_1_05_focus4,-27.307096958847332
6bba_05db0fb1,6bba_05db0fb1:606,union|6bba_05db0fb1:606|4,0,geometry_1_05_focus4,-25.40145576037797
6bba_05db0fb1,6bba_05db0fb1:606,union|6bba_05db0fb1:606|5,0,geometry_1_05_focus4,-26.911545162186904
6bba_05db0fb1,6bba_05db0fb1:606,union|6bba_05db0fb1:606|6,0,geometry_1_05_focus4,-30.326907706195776
6bba_05db0fb1,6bba_05db0fb1:606,union|6bba_05db0fb1:606|7,0,geometry_1_05_focus4,-31.40364395594569
6bba_05db0fb1,6bba_05db0fb1:606,union|6bba_05db0fb1:606|8,0,geometry_1_05_focus4,-31.027661888134375
6bba_05db0fb1,6bba_05db0fb1:606,union|6bba_05db0fb1:606|9,0,geometry_1_05_focus4,-23.545135250269688
6bba_05db0fb1,6bba_05db0fb1:606,union|6bba_05db0fb1:606|10,0,geometry_1_05_focus4,-25.177312740864746
6bba_05db0fb1,6bba_05db0fb1:606,union|6bba_05db0fb1:606|11,0,geometry_1_05_focus4,-19.4225017979481
6bba_05db0fb1,6bba_05db0fb1:606,union|6bba_05db0fb1:606|12,0,geometry_1_05_focus4,-23.150842461314745
6bba_05db0fb1,6bba_05db0fb1:606,union|6bba_05db0fb1:606|13,0,geometry_1_05_focus4,-27.923984892928406
6bba_05db0fb1,6bba_05db0fb1:606,union|6bba_05db0fb1:606|14,0,geometry_1_05_focus4,-24.238002419294475
6bba_05db0fb1,6bba_05db0fb1:606,union|6bba_05db0fb1:606|15,0,geometry_1_05_focus4,-25.638895788890018
6bba_05db0fb1,6bba_05db0fb1:606,union|6bba_05db0fb1:606|16,0,geometry_1_05_focus4,-23.38497847713375
6bba_05db0fb1,6bba_05db0fb1:606,union|6bba_05db0fb1:606|17,0,geometry_1_05_focus4,-25.465119407887414
6bba_05db0fb1,6bba_05db0fb1:606,union|6bba_05db0fb1:606|18,0,geometry_1_05_focus4,-25.192768357395234
6bba_05db0fb1,6bba_05db0fb1:606,union|6bba_05db0fb1:606|19,0,geometry_1_05_focus4,-25.118551185522477
6bba_05db0fb1,6bba_05db0fb1:606,union|6bba_05db0fb1:606|20,0,geometry_1_05_focus4,-31.71779445772161
6bba_05db0fb1,6bba_05db0fb1:606,union|6bba_05db0fb1:606|21,0,geometry_1_05_focus4,-29.140495774574916
6bba_05db0fb1,6bba_05db0fb1:606,union|6bba_05db0fb1:606|22,0,geometry_1_05_focus4,-29.42745462048609
6bba_05db0fb1,6bba_05db0fb1:606,union|6bba_05db0fb1:606|23,0,geometry_1_05_focus4,-26.486479683697794
6bba_05db0fb1,6bba_05db0fb1:606,union|6bba_05db0fb1:606|24,0,geometry_1_05_focus4,-26.162589946464983
6bba_05db0fb1,6bba_05db0fb1:606,union|6bba_05db0fb1:606|25,0,geometry_1_05_focus4,-26.27313545409151
6bba_05db0fb1,6bba_05db0fb1:606,union|6bba_05db0fb1:606|26,0,geometry_1_05_focus4,-27.259892317883732
6bba_05db0fb1,6bba_05db0fb1:606,union|6bba_05db0fb1:606|27,0,geometry_1_05_focus4,-25.08414828817541
6bba_05db0fb1,6bba_05db0fb1:606,union|6bba_05db0fb1:606|28,0,geometry_1_05_focus4,-27.564329575601427
6bba_05db0fb1,6bba_05db0fb1:606,union|6bba_05db0fb1:606|29,0,geometry_1_05_focus4,-24.653409711541673
6bba_05db0fb1,6bba_05db0fb1:606,union|6bba_05db0fb1:606|30,0,geometry_1_05_focus4,-25.33910163026797
6bba_05db0fb1,6bba_05db0fb1:606,union|6bba_05db0fb1:606|31,0,geometry_1_05_focus4,-27.7126762529659
6bba_05db0fb1,6bba_05db0fb1:606,union|6bba_05db0fb1:606|32,0,geometry_1_05_focus4,-29.23574503059015
6bba_05db0fb1,6bba_05db0fb1:606,union|6bba_05db0fb1:606|33,0,geometry_1_05_focus4,-28.709219214962275
6bba_05db0fb1,6bba_05db0fb1:606,union|6bba_05db0fb1:606|34,0,geometry_1_05_focus4,-32.58111088976135
6bba_05db0fb1,6bba_05db0fb1:606,union|6bba_05db0fb1:606|35,0,geometry_1_05_focus4,-27.33227472268721
6bba_05db0fb1,6bba_05db0fb1:606,union|6bba_05db0fb1:606|36,0,geometry_1_05_focus4,-23.785737102807094
6bba_05db0fb1,6bba_05db0fb1:606,union|6bba_05db0fb1:606|37,0,geometry_1_05_focus4,-28.059047224441844
6bba_05db0fb1,6bba_05db0fb1:606,union|6bba_05db0fb1:606|38,0,geometry_1_05_focus4,-29.380141781467614
6bba_05db0fb1,6bba_05db0fb1:606,union|6bba_05db0fb1:606|39,0,geometry_1_05_focus4,-26.474774297950557
6bba_05db0fb1,6bba_05db0fb1:606,union|6bba_05db0fb1:606|40,0,geometry_1_05_focus4,-29.05880045654345
6bba_05db0fb1,6bba_05db0fb1:606,union|6bba_05db0fb1:606|41,0,geometry_1_05_focus4,-29.05880045654345
6bba_05db0fb1,6bba_05db0fb1:606,union|6bba_05db0fb1:606|42,0,geometry_1_05_focus4,-33.67113936367235
6bba_05db0fb1,6bba_05db0fb1:606,union|6bba_05db0fb1:606|43,0,geometry_1_05_focus4,-31.542117696961316
6bba_05db0fb1,6bba_05db0fb1:606,union|6bba_05db0fb1:606|44,0,geometry_1_05_focus4,-32.81060360351305
6bba_05db0fb1,6bba_05db0fb1:606,union|6bba_05db0fb1:606|45,0,geometry_1_05_focus4,-33.90520476495799
6bba_05db0fb1,6bba_05db0fb1:606,union|6bba_05db0fb1:606|46,0,geometry_1_05_focus4,-33.88887779654412
6bba_05db0fb1,6bba_05db0fb1:606,union|6bba_05db0fb1:606|47,0,geometry_1_05_focus4,-23.41423338029186
6bba_05db0fb1,6bba_05db0fb1:606,union|6bba_05db0fb1:606|48,0,geometry_1_05_focus4,-20.849260080842807
6bba_05db0fb1,6bba_05db0fb1:606,union|6bba_05db0fb1:606|49,0,geometry_1_05_focus4,-26.88159614689821
6bba_05db0fb1,6bba_05db0fb1:606,union|6bba_05db0fb1:606|50,0,geometry_1_05_focus4,-20.80033434394422
6bba_05db0fb1,6bba_05db0fb1:606,union|6bba_05db0fb1:606|51,0,geometry_1_05_focus4,-25.79154473681791
6bba_05db0fb1,6bba_05db0fb1:606,union|6bba_05db0fb1:606|52,0,geometry_1_05_focus4,-21.71932052464996
6bba_05db0fb1,6bba_05db0fb1:606,union|6bba_05db0fb1:606|53,0,geometry_1_05_focus4,-22.047934264066345
6bba_05db0fb1,6bba_05db0fb1:606,union|6bba_05db0fb1:606|54,0,geometry_1_05_focus4,-25.7265285137804
6bba_05db0fb1,6bba_05db0fb1:606,union|6bba_05db0fb1:606|55,0,geometry_1_05_focus4,-21.818041164978716
6bba_05db0fb1,6bba_05db0fb1:606,union|6bba_05db0fb1:606|56,0,geometry_1_05_focus4,-25.73229164300347
6bba_05db0fb1,6bba_05db0fb1:606,union|6bba_05db0fb1:606|57,0,geometry_1_05_focus4,-26.107181546093248
6bba_05db0fb1,6bba_05db0fb1:606,union|6bba_05db0fb1:606|58,0,geometry_1_05_focus4,-20.937223140149392
6bba_05db0fb1,6bba_05db0fb1:606,union|6bba_05db0fb1:606|59,0,geometry_1_05_focus4,-25.805133216600737
6bba_05db0fb1,6bba_05db0fb1:606,union|6bba_05db0fb1:606|60,0,geometry_1_05_focus4,-25.990957809121912
6bba_05db0fb1,6bba_05db0fb1:606,union|6bba_05db0fb1:606|61,0,geometry_1_05_focus4,-22.025188360069556
6bba_05db0fb1,6bba_05db0fb1:606,union|6bba_05db0fb1:606|62,0,geometry_1_05_focus4,-23.667201109803628
6bba_05db0fb1,6bba_05db0fb1:606,union|6bba_05db0fb1:606|63,0,geometry_1_05_focus4,-25.833421679113744
6bba_05db0fb1,6bba_05db0fb1:606,union|6bba_05db0fb1:606|64,0,geometry_1_05_focus4,-25.805133216600737
6bba_05db0fb1,6bba_05db0fb1:606,union|6bba_05db0fb1:606|65,0,geometry_1_05_focus4,-32.01026323011638
6bba_05db0fb1,6bba_05db0fb1:606,union|6bba_05db0fb1:606|66,0,geometry_1_05_focus4,-27.547406904156254
6bba_05db0fb1,6bba_05db0fb1:606,union|6bba_05db0fb1:606|67,0,geometry_1_05_focus4,-27.36380233037798
6bba_05db0fb1,6bba_05db0fb1:606,union|6bba_05db0fb1:606|68,0,geometry_1_05_focus4,-27.508385579262345
6bba_05db0fb1,6bba_05db0fb1:606,union|6bba_05db0fb1:606|69,0,geometry_1_05_focus4,-29.019722296510253
6bba_05db0fb1,6bba_05db0fb1:606,union|6bba_05db0fb1:606|70,0,geometry_1_05_focus4,-25.005887425672068
6bba_05db0fb1,6bba_05db0fb1:606,union|6bba_05db0fb1:606|71,0,geometry_1_05_focus4,-23.925661381454297
6bba_05db0fb1,6bba_05db0fb1:606,union|6bba_05db0fb1:606|72,0,geometry_1_05_focus4,-22.88193340744705
6bba_05db0fb1,6bba_05db0fb1:606,union|6bba_05db0fb1:606|73,0,geometry_1_05_focus4,-28.20477341513038
6bba_05db0fb1,6bba_05db0fb1:606,union|6bba_05db0fb1:606|74,0,geometry_1_05_focus4,-28.34211448534596
6bba_05db0fb1,6bba_05db0fb1:606,union|6bba_05db0fb1:606|75,0,geometry_1_05_focus4,-32.84103165079035
6bba_05db0fb1,6bba_05db0fb1:606,union|6bba_05db0fb1:606|76,0,geometry_1_05_focus4,-29.62583586915588
6bba_05db0fb1,6bba_05db0fb1:606,union|6bba_05db0fb1:606|77,0,geometry_1_05_focus4,-23.198062787125515
6bba_05db0fb1,6bba_05db0fb1:606,union|6bba_05db0fb1:606|78,0,geometry_1_05_focus4,-32.408312706129145
6bba_05db0fb1,6bba_05db0fb1:606,union|6bba_05db0fb1:606|79,0,geometry_1_05_focus4,-25.97483062057223
6bba_05db0fb1,6bba_05db0fb1:606,union|6bba_05db0fb1:606|80,0,geometry_1_05_focus4,-18.19435072004758
6bba_05db0fb1,6bba_05db0fb1:606,union|6bba_05db0fb1:606|81,0,geometry_1_05_focus4,-22.216921307414168
6bba_05db0fb1,6bba_05db0fb1:606,union|6bba_05db0fb1:606|82,0,geometry_1_05_focus4,-20.198903290034902
6bba_05db0fb1,6bba_05db0fb1:606,union|6bba_05db0fb1:606|83,0,geometry_1_05_focus4,-25.797248068864498
6bba_05db0fb1,6bba_05db0fb1:606,union|6bba_05db0fb1:606|84,0,geometry_1_05_focus4,-22.766136459498124
6bba_05db0fb1,6bba_05db0fb1:606,union|6bba_05db0fb1:606|85,0,geometry_1_05_focus4,-29.309433508190125
6bba_05db0fb1,6bba_05db0fb1:606,union|6bba_05db0fb1:606|86,0,geometry_1_05_focus4,-26.518220879547894
6bba_05db0fb1,6bba_05db0fb1:606,union|6bba_05db0fb1:606|87,0,geometry_1_05_focus4,-28.338246429861172
6bba_05db0fb1,6bba_05db0fb1:606,union|6bba_05db0fb1:606|88,0,geometry_1_05_focus4,-23.69798325773997
6bba_05db0fb1,6bba_05db0fb1:606,union|6bba_05db0fb1:606|89,0,geometry_1_05_focus4,-21.906014264981884
6bba_05db0fb1,6bba_05db0fb1:606,union|6bba_05db0fb1:606|90,0,geometry_1_05_focus4,-22.766180307305646
6bba_05db0fb1,6bba_05db0fb1:606,union|6bba_05db0fb1:606|91,0,geometry_1_05_focus4,-23.953158988586715
6bba_05db0fb1,6bba_05db0fb1:606,union|6bba_05db0fb1:606|92,0,geometry_1_05_focus4,-23.263557253263354
6bba_05db0fb1,6bba_05db0fb1:606,union|6bba_05db0fb1:606|93,0,geometry_1_05_focus4,-28.387330212352115
6bba_05db0fb1,6bba_05db0fb1:606,union|6bba_05db0fb1:606|94,0,geometry_1_05_focus4,-27.477305086275827
6bba_05db0fb1,6bba_05db0fb1:606,union|6bba_05db0fb1:606|95,0,geometry_1_05_focus4,-27.497612483041905
6bba_05db0fb1,6bba_05db0fb1:606,union|6bba_05db0fb1:606|96,0,geometry_1_05_focus4,-27.965518004630574
6bba_05db0fb1,6bba_05db0fb1:606,union|6bba_05db0fb1:606|97,0,geometry_1_05_focus4,-24.062434435477677
6bba_05db0fb1,6bba_05db0fb1:606,union|6bba_05db0fb1:606|98,0,geometry_1_05_focus4,-17.443348831571196
6bba_05db0fb1,6bba_05db0fb1:606,union|6bba_05db0fb1:606|99,0,geometry_1_05_focus4,-21.137745182995282
6bba_05db0fb1,6bba_05db0fb1:606,union|6bba_05db0fb1:606|100,0,geometry_1_05_focus4,-25.31045543580697
6bba_05db0fb1,6bba_05db0fb1:606,union|6bba_05db0fb1:606|101,0,geometry_1_05_focus4,-24.831606312335214
6bba_05db0fb1,6bba_05db0fb1:606,union|6bba_05db0fb1:606|102,0,geometry_1_05_focus4,-30.86111077223697
6bba_05db0fb1,6bba_05db0fb1:606,union|6bba_05db0fb1:606|103,0,geometry_1_05_focus4,-17.705858394311715
6bba_05db0fb1,6bba_05db0fb1:606,union|6bba_05db0fb1:606|104,0,geometry_1_05_focus4,-26.9221704403727
6bba_05db0fb1,6bba_05db0fb1:606,union|6bba_05db0fb1:606|105,0,geometry_1_05_focus4,-21.997985233689825
6bba_05db0fb1,6bba_05db0fb1:606,union|6bba_05db0fb1:606|106,0,geometry_1_05_focus4,-27.518175975320645
6bba_05db0fb1,6bba_05db0fb1:606,union|6bba_05db0fb1:606|107,0,geometry_1_05_focus4,-24.01000501875899
6bba_05db0fb1,6bba_05db0fb1:606,union|6bba_05db0fb1:606|108,0,geometry_1_05_focus4,-20.9030658136842
6bba_05db0fb1,6bba_05db0fb1:606,union|6bba_05db0fb1:606|109,0,geometry_1_05_focus4,-26.412108519622024
6bba_05db0fb1,6bba_05db0fb1:606,union|6bba_05db0fb1:606|110,0,geometry_1_05_focus4,-20.92746584712146
6bba_05db0fb1,6bba_05db0fb1:606,union|6bba_05db0fb1:606|111,0,geometry_1_05_focus4,-24.192729077683406
6bba_05db0fb1,6bba_05db0fb1:606,union|6bba_05db0fb1:606|112,0,geometry_1_05_focus4,-27.075592530642012
6bba_05db0fb1,6bba_05db0fb1:606,union|6bba_05db0fb1:606|113,0,geometry_1_05_focus4,-27.345566504587204
6bba_05db0fb1,6bba_05db0fb1:606,union|6bba_05db0fb1:606|114,0,geometry_1_05_focus4,-24.578734648096066
6bba_05db0fb1,6bba_05db0fb1:606,union|6bba_05db0fb1:606|115,0,geometry_1_05_focus4,-27.70477547270645
6bba_05db0fb1,6bba_05db0fb1:606,union|6bba_05db0fb1:606|116,0,geometry_1_05_focus4,-30.44172290648098
6bba_05db0fb1,6bba_05db0fb1:606,union|6bba_05db0fb1:606|117,0,geometry_1_05_focus4,-20.02738246740592
6bba_05db0fb1,6bba_05db0fb1:606,union|6bba_05db0fb1:606|118,0,geometry_1_05_focus4,-22.448201215536443
6bba_05db0fb1,6bba_05db0fb1:606,union|6bba_05db0fb1:606|119,0,geometry_1_05_focus4,-20.238003765551014
6bba_05db0fb1,6bba_05db0fb1:606,union|6bba_05db0fb1:606|120,0,geometry_1_05_focus4,-28.55342991628803
6bba_05db0fb1,6bba_05db0fb1:606,union|6bba_05db0fb1:606|121,0,geometry_1_05_focus4,-20.7191735121965
6bba_05db0fb1,6bba_05db0fb1:606,union|6bba_05db0fb1:606|122,0,geometry_1_05_focus4,-32.11936326824568
6bba_05db0fb1,6bba_05db0fb1:606,union|6bba_05db0fb1:606|123,0,geometry_1_05_focus4,-16.476603058171623
6bba_05db0fb1,6bba_05db0fb1:606,union|6bba_05db0fb1:606|124,0,geometry_1_05_focus4,-23.342771307697753
6bba_05db0fb1,6bba_05db0fb1:606,union|6bba_05db0fb1:606|125,0,geometry_1_05_focus4,-24.261031083426708
6bba_05db0fb1,6bba_05db0fb1:606,union|6bba_05db0fb1:606|126,0,geometry_1_05_focus4,-27.9157818735906
6bba_05db0fb1,6bba_05db0fb1:606,union|6bba_05db0fb1:606|127,0,geometry_1_05_focus4,-20.802487366491263
6bba_05db0fb1,6bba_05db0fb1:606,union|6bba_05db0fb1:606|128,0,geometry_1_05_focus4,-24.237908077114522
6bba_05db0fb1,6bba_05db0fb1:606,union|6bba_05db0fb1:606|129,0,geometry_1_05_focus4,-24.336945702696298
6bba_05db0fb1,6bba_05db0fb1:606,union|6bba_05db0fb1:606|130,0,geometry_1_05_focus4,-24.146781153065607
6bba_05db0fb1,6bba_05db0fb1:606,union|6bba_05db0fb1:606|131,0,geometry_1_05_focus4,-23.258464309959624
6bba_05db0fb1,6bba_05db0fb1:606,union|6bba_05db0fb1:606|132,0,geometry_1_05_focus4,-25.706007232467392
6bba_05db0fb1,6bba_05db0fb1:606,union|6bba_05db0fb1:606|133,0,geometry_1_05_focus4,-24.29741836887296
6bba_05db0fb1,6bba_05db0fb1:606,union|6bba_05db0fb1:606|134,0,geometry_1_05_focus4,-29.74422388214799
6bba_05db0fb1,6bba_05db0fb1:606,union|6bba_05db0fb1:606|135,0,geometry_1_05_focus4,-32.081138199511585
6bba_05db0fb1,6bba_05db0fb1:606,union|6bba_05db0fb1:606|136,0,geometry_1_05_focus4,-26.2950705707032
6bba_05db0fb1,6bba_05db0fb1:606,union|6bba_05db0fb1:606|137,0,geometry_1_05_focus4,-30.349706152723062
6bba_05db0fb1,6bba_05db0fb1:606,union|6bba_05db0fb1:606|138,0,geometry_1_05_focus4,-31.767596267429553
6bba_05db0fb1,6bba_05db0fb1:606,union|6bba_05db0fb1:606|139,0,geometry_1_05_focus4,-27.713239380118114
6bba_05db0fb1,6bba_05db0fb1:606,union|6bba_05db0fb1:606|140,0,geometry_1_05_focus4,-24.360186019782702
6bba_05db0fb1,6bba_05db0fb1:606,union|6bba_05db0fb1:606|141,0,geometry_1_05_focus4,-23.51605397570737
6bba_05db0fb1,6bba_05db0fb1:606,union|6bba_05db0fb1:606|142,0,geometry_1_05_focus4,-27.780124707568525
6bba_05db0fb1,6bba_05db0fb1:606,union|6bba_05db0fb1:606|143,0,geometry_1_05_focus4,-35.651639000939575
6bba_05db0fb1,6bba_05db0fb1:606,union|6bba_05db0fb1:606|144,0,geometry_1_05_focus4,-36.59320083927412
6bba_05db0fb1,6bba_05db0fb1:606,union|6bba_05db0fb1:606|145,0,geometry_1_05_focus4,-32.44515913126327
6bba_05db0fb1,6bba_05db0fb1:606,union|6bba_05db0fb1:606|146,0,geometry_1_05_focus4,-36.57729268728103
6bba_05db0fb1,6bba_05db0fb1:606,union|6bba_05db0fb1:606|147,0,geometry_1_05_focus4,-33.57985751941931
6bba_05db0fb1,6bba_05db0fb1:606,union|6bba_05db0fb1:606|148,0,geometry_1_05_focus4,-25.16123267742459
6bba_05db0fb1,6bba_05db0fb1:606,union|6bba_05db0fb1:606|149,0,geometry_1_05_focus4,-29.31159782301676
6bba_05db0fb1,6bba_05db0fb1:606,union|6bba_05db0fb1:606|150,1,geometry_1_05_focus4,-25.378801658921912
6bba_05db0fb1,6bba_05db0fb1:606,union|6bba_05db0fb1:606|151,0,geometry_1_05_focus4,-36.303674267011345
6bba_05db0fb1,6bba_05db0fb1:606,union|6bba_05db0fb1:606|152,0,geometry_1_05_focus4,-27.287281346337117
6bba_05db0fb1,6bba_05db0fb1:606,union|6bba_05db0fb1:606|153,0,geometry_1_05_focus4,-28.388177030508956
6bba_05db0fb1,6bba_05db0fb1:606,union|6bba_05db0fb1:606|154,0,geometry_1_05_focus4,-28.659688387196276
6bba_05db0fb1,6bba_05db0fb1:751,union|6bba_05db0fb1:751|0,0,geometry_1_05_focus4,-21.245999485818587
6bba_05db0fb1,6bba_05db0fb1:751,union|6bba_05db0fb1:751|1,0,geometry_1_05_focus4,-16.276446232053473
6bba_05db0fb1,6bba_05db0fb1:751,union|6bba_05db0fb1:751|2,0,geometry_1_05_focus4,-16.60622560012573
6bba_05db0fb1,6bba_05db0fb1:751,union|6bba_05db0fb1:751|3,0,geometry_1_05_focus4,-16.286888040034945
6bba_05db0fb1,6bba_05db0fb1:751,union|6bba_05db0fb1:751|4,0,geometry_1_05_focus4,-16.333614233103837
6bba_05db0fb1,6bba_05db0fb1:751,union|6bba_05db0fb1:751|5,0,geometry_1_05_focus4,-18.61547656140406
6bba_05db0fb1,6bba_05db0fb1:751,union|6bba_05db0fb1:751|6,0,geometry_1_05_focus4,-17.280335523533708
6bba_05db0fb1,6bba_05db0fb1:751,union|6bba_05db0fb1:751|7,0,geometry_1_05_focus4,-21.05840463200629
6bba_05db0fb1,6bba_05db0fb1:751,union|6bba_05db0fb1:751|8,0,geometry_1_05_focus4,-21.33627898368092
6bba_05db0fb1,6bba_05db0fb1:751,union|6bba_05db0fb1:751|9,0,geometry_1_05_focus4,-20.28120363491277
6bba_05db0fb1,6bba_05db0fb1:751,union|6bba_05db0fb1:751|10,0,geometry_1_05_focus4,-25.81547496644692
6bba_05db0fb1,6bba_05db0fb1:751,union|6bba_05db0fb1:751|11,0,geometry_1_05_focus4,-20.200974486739632
6bba_05db0fb1,6bba_05db0fb1:751,union|6bba_05db0fb1:751|12,0,geometry_1_05_focus4,-20.650891251845714
6bba_05db0fb1,6bba_05db0fb1:751,union|6bba_05db0fb1:751|13,0,geometry_1_05_focus4,-24.46269282929083
6bba_05db0fb1,6bba_05db0fb1:751,union|6bba_05db0fb1:751|14,0,geometry_1_05_focus4,-20.744725101935128
6bba_05db0fb1,6bba_05db0fb1:751,union|6bba_05db0fb1:751|15,0,geometry_1_05_focus4,-24.10238944207593
6bba_05db0fb1,6bba_05db0fb1:751,union|6bba_05db0fb1:751|16,0,geometry_1_05_focus4,-22.533627382175318
6bba_05db0fb1,6bba_05db0fb1:751,union|6bba_05db0fb1:751|17,0,geometry_1_05_focus4,-20.968167838416402
6bba_05db0fb1,6bba_05db0fb1:751,union|6bba_05db0fb1:751|18,0,geometry_1_05_focus4,-21.154584262835645
6bba_05db0fb1,6bba_05db0fb1:751,union|6bba_05db0fb1:751|19,0,geometry_1_05_focus4,-21.015234964692834
6bba_05db0fb1,6bba_05db0fb1:751,union|6bba_05db0fb1:751|20,0,geometry_1_05_focus4,-20.727910447565204
6bba_05db0fb1,6bba_05db0fb1:751,union|6bba_05db0fb1:751|21,0,geometry_1_05_focus4,-19.66627855894427
6bba_05db0fb1,6bba_05db0fb1:751,union|6bba_05db0fb1:751|22,0,geometry_1_05_focus4,-21.939620222989596
6bba_05db0fb1,6bba_05db0fb1:751,union|6bba_05db0fb1:751|23,0,geometry_1_05_focus4,-18.737797071005843
6bba_05db0fb1,6bba_05db0fb1:751,union|6bba_05db0fb1:751|24,0,geometry_1_05_focus4,-25.365838418625806
6bba_05db0fb1,6bba_05db0fb1:751,union|6bba_05db0fb1:751|25,0,geometry_1_05_focus4,-24.831231043026296
6bba_05db0fb1,6bba_05db0fb1:751,union|6bba_05db0fb1:751|26,0,geometry_1_05_focus4,-23.63856909232083
6bba_05db0fb1,6bba_05db0fb1:751,union|6bba_05db0fb1:751|27,0,geometry_1_05_focus4,-26.298011064539843
6bba_05db0fb1,6bba_05db0fb1:751,union|6bba_05db0fb1:751|28,0,geometry_1_05_focus4,-23.661921957138865
6bba_05db0fb1,6bba_05db0fb1:751,union|6bba_05db0fb1:751|29,0,geometry_1_05_focus4,-21.316834686651674
6bba_05db0fb1,6bba_05db0fb1:751,union|6bba_05db0fb1:751|30,0,geometry_1_05_focus4,-17.819148938167924
6bba_05db0fb1,6bba_05db0fb1:751,union|6bba_05db0fb1:751|31,0,geometry_1_05_focus4,-19.952918800995377
6bba_05db0fb1,6bba_05db0fb1:751,union|6bba_05db0fb1:751|32,1,geometry_1_05_focus4,-12.009249461739895
6bba_05db0fb1,6bba_05db0fb1:751,union|6bba_05db0fb1:751|33,0,geometry_1_05_focus4,-16.955661306320952
6bba_05db0fb1,6bba_05db0fb1:751,union|6bba_05db0fb1:751|34,0,geometry_1_05_focus4,-15.415565274344374
6bba_05db0fb1,6bba_05db0fb1:751,union|6bba_05db0fb1:751|35,0,geometry_1_05_focus4,-20.312927608570668
6bba_05db0fb1,6bba_05db0fb1:751,union|6bba_05db0fb1:751|36,0,geometry_1_05_focus4,-16.07607803289033
6bba_05db0fb1,6bba_05db0fb1:751,union|6bba_05db0fb1:751|37,0,geometry_1_05_focus4,-25.300592705055458
6bba_05db0fb1,6bba_05db0fb1:751,union|6bba_05db0fb1:751|38,0,geometry_1_05_focus4,-25.709032988836213
6bba_05db0fb1,6bba_05db0fb1:751,union|6bba_05db0fb1:751|39,0,geometry_1_05_focus4,-25.099816795298743
6bba_05db0fb1,6bba_05db0fb1:751,union|6bba_05db0fb1:751|40,0,geometry_1_05_focus4,-19.21945572157913
6bba_05db0fb1,6bba_05db0fb1:751,union|6bba_05db0fb1:751|41,0,geometry_1_05_focus4,-23.67254693279098
6bba_05db0fb1,6bba_05db0fb1:751,union|6bba_05db0fb1:751|42,0,geometry_1_05_focus4,-22.402464827489307
6bba_05db0fb1,6bba_05db0fb1:751,union|6bba_05db0fb1:751|43,0,geometry_1_05_focus4,-18.52287312753629
6bba_05db0fb1,6bba_05db0fb1:751,union|6bba_05db0fb1:751|44,0,geometry_1_05_focus4,-16.823805952498507
6bba_05db0fb1,6bba_05db0fb1:751,union|6bba_05db0fb1:751|45,0,geometry_1_05_focus4,-20.241948299572435
6bba_05db0fb1,6bba_05db0fb1:751,union|6bba_05db0fb1:751|46,0,geometry_1_05_focus4,-19.924921360025294
6bba_05db0fb1,6bba_05db0fb1:751,union|6bba_05db0fb1:751|47,0,geometry_1_05_focus4,-18.59767339346026
6bba_05db0fb1,6bba_05db0fb1:751,union|6bba_05db0fb1:751|48,0,geometry_1_05_focus4,-20.879535721760483
6bba_05db0fb1,6bba_05db0fb1:751,union|6bba_05db0fb1:751|49,0,geometry_1_05_focus4,-20.873069675513108
6bba_05db0fb1,6bba_05db0fb1:751,union|6bba_05db0fb1:751|50,0,geometry_1_05_focus4,-22.637518117371027
6bba_05db0fb1,6bba_05db0fb1:751,union|6bba_05db0fb1:751|51,0,geometry_1_05_focus4,-25.57394719040939
6bba_05db0fb1,6bba_05db0fb1:751,union|6bba_05db0fb1:751|52,0,geometry_1_05_focus4,-17.23319553002164
6bba_05db0fb1,6bba_05db0fb1:751,union|6bba_05db0fb1:751|53,0,geometry_1_05_focus4,-22.00830102380893
6bba_05db0fb1,6bba_05db0fb1:751,union|6bba_05db0fb1:751|54,0,geometry_1_05_focus4,-24.790341855047338
6bba_05db0fb1,6bba_05db0fb1:751,union|6bba_05db0fb1:751|55,0,geometry_1_05_focus4,-24.279879458115616
6bba_05db0fb1,6bba_05db0fb1:751,union|6bba_05db0fb1:751|56,0,geometry_1_05_focus4,-25.73085879724072
6bba_05db0fb1,6bba_05db0fb1:751,union|6bba_05db0fb1:751|57,0,geometry_1_05_focus4,-23.709026158592895
6bba_05db0fb1,6bba_05db0fb1:751,union|6bba_05db0fb1:751|58,0,geometry_1_05_focus4,-16.936375507618983
6bba_05db0fb1,6bba_05db0fb1:751,union|6bba_05db0fb1:751|59,0,geometry_1_05_focus4,-15.08378622257856
6bba_05db0fb1,6bba_05db0fb1:751,union|6bba_05db0fb1:751|60,0,geometry_1_05_focus4,-18.772042234091245
6bba_05db0fb1,6bba_05db0fb1:751,union|6bba_05db0fb1:751|61,0,geometry_1_05_focus4,-18.85377855894427
6bba_05db0fb1,6bba_05db0fb1:751,union|6bba_05db0fb1:751|62,0,geometry_1_05_focus4,-20.83876107612415
6bba_05db0fb1,6bba_05db0fb1:751,union|6bba_05db0fb1:751|63,0,geometry_1_05_focus4,-23.68652570840705
6bba_05db0fb1,6bba_05db0fb1:751,union|6bba_05db0fb1:751|64,0,geometry_1_05_focus4,-24.03268062803493
6bba_05db0fb1,6bba_05db0fb1:751,union|6bba_05db0fb1:751|65,0,geometry_1_05_focus4,-23.820628943215148
6bba_05db0fb1,6bba_05db0fb1:751,union|6bba_05db0fb1:751|66,0,geometry_1_05_focus4,-22.13895557208103
6bba_05db0fb1,6bba_05db0fb1:751,union|6bba_05db0fb1:751|67,0,geometry_1_05_focus4,-15.614477345070664
6bba_05db0fb1,6bba_05db0fb1:751,union|6bba_05db0fb1:751|68,0,geometry_1_05_focus4,-24.26402580906691
6bba_05db0fb1,6bba_05db0fb1:751,union|6bba_05db0fb1:751|69,0,geometry_1_05_focus4,-24.239981758659553
6bba_05db0fb1,6bba_05db0fb1:751,union|6bba_05db0fb1:751|70,0,geometry_1_05_focus4,-21.22578120376672
6bba_05db0fb1,6bba_05db0fb1:751,union|6bba_05db0fb1:751|71,0,geometry_1_05_focus4,-21.022631397634598
6bba_05db0fb1,6bba_05db0fb1:751,union|6bba_05db0fb1:751|72,0,geometry_1_05_focus4,-21.9375
6bba_05db0fb1,6bba_05db0fb1:751,union|6bba_05db0fb1:751|73,0,geometry_1_05_focus4,-23.500376519812136
6bba_05db0fb1,6bba_05db0fb1:751,union|6bba_05db0fb1:751|74,0,geometry_1_05_focus4,-27.906448943711595
6bba_05db0fb1,6bba_05db0fb1:751,union|6bba_05db0fb1:751|75,0,geometry_1_05_focus4,-21.970292442739943
6bba_05db0fb1,6bba_05db0fb1:751,union|6bba_05db0fb1:751|76,0,geometry_1_05_focus4,-25.49525260648344
6bba_05db0fb1,6bba_05db0fb1:751,union|6bba_05db0fb1:751|77,0,geometry_1_05_focus4,-15.543778083601996
6bba_05db0fb1,6bba_05db0fb1:751,union|6bba_05db0fb1:751|78,0,geometry_1_05_focus4,-10.511009446485234
6bba_05db0fb1,6bba_05db0fb1:751,union|6bba_05db0fb1:751|79,0,geometry_1_05_focus4,-17.800809818114843
6bba_05db0fb1,6bba_05db0fb1:751,union|6bba_05db0fb1:751|80,0,geometry_1_05_focus4,-21.64388822874026
6bba_05db0fb1,6bba_05db0fb1:751,union|6bba_05db0fb1:751|81,0,geometry_1_05_focus4,-13.697170672572751
6bba_05db0fb1,6bba_05db0fb1:751,union|6bba_05db0fb1:751|82,0,geometry_1_05_focus4,-22.016721077578744
6bba_05db0fb1,6bba_05db0fb1:751,union|6bba_05db0fb1:751|83,0,geometry_1_05_focus4,-22.728603593320848
6bba_05db0fb1,6bba_05db0fb1:751,union|6bba_05db0fb1:751|84,0,geometry_1_05_focus4,-22.339269593699747
6bba_05db0fb1,6bba_05db0fb1:751,union|6bba_05db0fb1:751|85,0,geometry_1_05_focus4,-25.685686745773495
6bba_05db0fb1,6bba_05db0fb1:751,union|6bba_05db0fb1:751|86,0,geometry_1_05_focus4,-23.794132924698165
6bba_05db0fb1,6bba_05db0fb1:751,union|6bba_05db0fb1:751|87,0,geometry_1_05_focus4,-13.835537752986784
6bba_05db0fb1,6bba_05db0fb1:751,union|6bba_05db0fb1:751|88,0,geometry_1_05_focus4,-21.13610101681317
6bba_05db0fb1,6bba_05db0fb1:751,union|6bba_05db0fb1:751|89,0,geometry_1_05_focus4,-21.511017355810466
6bba_05db0fb1,6bba_05db0fb1:751,union|6bba_05db0fb1:751|90,0,geometry_1_05_focus4,-19.997489958842912
6bba_05db0fb1,6bba_05db0fb1:751,union|6bba_05db0fb1:751|91,0,geometry_1_05_focus4,-15.23133716593349
6bba_05db0fb1,6bba_05db0fb1:751,union|6bba_05db0fb1:751|92,0,geometry_1_05_focus4,-18.113128682488806
6bba_05db0fb1,6bba_05db0fb1:751,union|6bba_05db0fb1:751|93,0,geometry_1_05_focus4,-20.727910447565204
6bba_05db0fb1,6bba_05db0fb1:751,union|6bba_05db0fb1:751|94,0,geometry_1_05_focus4,-18.155832897341064
6bba_05db0fb1,6bba_05db0fb1:751,union|6bba_05db0fb1:751|95,0,geometry_1_05_focus4,-23.435637566375647
6bba_05db0fb1,6bba_05db0fb1:751,union|6bba_05db0fb1:751|96,0,geometry_1_05_focus4,-22.545762158076947
6bba_05db0fb1,6bba_05db0fb1:751,union|6bba_05db0fb1:751|97,0,geometry_1_05_focus4,-21.980260270000862
6bba_05db0fb1,6bba_05db0fb1:751,union|6bba_05db0fb1:751|98,0,geometry_1_05_focus4,-26.54385186991427
6bba_05db0fb1,6bba_05db0fb1:751,union|6bba_05db0fb1:751|99,0,geometry_1_05_focus4,-21.781507062324287
6bba_05db0fb1,6bba_05db0fb1:751,union|6bba_05db0fb1:751|100,0,geometry_1_05_focus4,-19.595832834389963
6bba_05db0fb1,6bba_05db0fb1:751,union|6bba_05db0fb1:751|101,0,geometry_1_05_focus4,-22.441259972014663
6bba_05db0fb1,6bba_05db0fb1:751,union|6bba_05db0fb1:751|102,0,geometry_1_05_focus4,-22.409853319374392
6bba_05db0fb1,6bba_05db0fb1:751,union|6bba_05db0fb1:751|103,0,geometry_1_05_focus4,-15.463789033518003
6bba_05db0fb1,6bba_05db0fb1:751,union|6bba_05db0fb1:751|104,0,geometry_1_05_focus4,-21.015234964692834
6bba_05db0fb1,6bba_05db0fb1:751,union|6bba_05db0fb1:751|105,0,geometry_1_05_focus4,-14.417541384990916
6bba_05db0fb1,6bba_05db0fb1:751,union|6bba_05db0fb1:751|106,0,geometry_1_05_focus4,-19.15842623155119
6bba_05db0fb1,6bba_05db0fb1:751,union|6bba_05db0fb1:751|107,0,geometry_1_05_focus4,-23.581627535481573
6bba_05db0fb1,6bba_05db0fb1:751,union|6bba_05db0fb1:751|108,0,geometry_1_05_focus4,-21.405235769876203
6bba_05db0fb1,6bba_05db0fb1:751,union|6bba_05db0fb1:751|109,0,geometry_1_05_focus4,-25.24927178993379
6bba_05db0fb1,6bba_05db0fb1:751,union|6bba_05db0fb1:751|110,0,geometry_1_05_focus4,-22.670491638064874
6bba_05db0fb1,6bba_05db0fb1:751,union|6bba_05db0fb1:751|111,0,geometry_1_05_focus4,-11.452775472014363
6bba_05db0fb1,6bba_05db0fb1:751,union|6bba_05db0fb1:751|112,0,geometry_1_05_focus4,-18.852420400954358
6bba_05db0fb1,6bba_05db0fb1:751,union|6bba_05db0fb1:751|113,0,geometry_1_05_focus4,-23.28122140461057
6bba_05db0fb1,6bba_05db0fb1:751,union|6bba_05db0fb1:751|114,0,geometry_1_05_focus4,-23.322524559069905
6bba_05db0fb1,6bba_05db0fb1:751,union|6bba_05db0fb1:751|115,0,geometry_1_05_focus4,-16.81375934665811
6bba_05db0fb1,6bba_05db0fb1:751,union|6bba_05db0fb1:751|116,0,geometry_1_05_focus4,-16.497635720392992
6bba_05db0fb1,6bba_05db0fb1:751,union|6bba_05db0fb1:751|117,0,geometry_1_05_focus4,-21.388067813531315
6bba_05db0fb1,6bba_05db0fb1:751,union|6bba_05db0fb1:751|118,0,geometry_1_05_focus4,-24.500129751913747
6bba_05db0fb1,6bba_05db0fb1:751,union|6bba_05db0fb1:751|119,0,geometry_1_05_focus4,-23.479580645884926
6bba_05db0fb1,6bba_05db0fb1:751,union|6bba_05db0fb1:751|120,0,geometry_1_05_focus4,-24.121158052245434
6bba_05db0fb1,6bba_05db0fb1:751,union|6bba_05db0fb1:751|121,0,geometry_1_05_focus4,-25.06963113804652
6bba_05db0fb1,6bba_05db0fb1:751,union|6bba_05db0fb1:751|122,0,geometry_1_05_focus4,-20.133954813215883
6bba_05db0fb1,6bba_05db0fb1:751,union|6bba_05db0fb1:751|123,0,geometry_1_05_focus4,-16.05780361703738
6bba_05db0fb1,6bba_05db0fb1:751,union|6bba_05db0fb1:751|124,0,geometry_1_05_focus4,-24.45131457690554
6bba_05db0fb1,6bba_05db0fb1:751,union|6bba_05db0fb1:751|125,0,geometry_1_05_focus4,-20.504190054439796
6bba_05db0fb1,6bba_05db0fb1:751,union|6bba_05db0fb1:751|126,0,geometry_1_05_focus4,-20.431804661290407
6bba_05db0fb1,6bba_05db0fb1:751,union|6bba_05db0fb1:751|127,0,geometry_1_05_focus4,-22.116954566109484
6bba_05db0fb1,6bba_05db0fb1:751,union|6bba_05db0fb1:751|128,0,geometry_1_05_focus4,-24.684697052696777
6bba_05db0fb1,6bba_05db0fb1:751,union|6bba_05db0fb1:751|129,0,geometry_1_05_focus4,-24.404910756275097
6bba_05db0fb1,6bba_05db0fb1:751,union|6bba_05db0fb1:751|130,0,geometry_1_05_focus4,-22.771087871875665
6bba_05db0fb1,6bba_05db0fb1:751,union|6bba_05db0fb1:751|131,0,geometry_1_05_focus4,-22.394951043779727
6bba_05db0fb1,6bba_05db0fb1:751,union|6bba_05db0fb1:751|132,0,geometry_1_05_focus4,-20.681705410777237
6bba_05db0fb1,6bba_05db0fb1:751,union|6bba_05db0fb1:751|133,0,geometry_1_05_focus4,-21.934113130865583
6bba_05db0fb1,6bba_05db0fb1:751,union|6bba_05db0fb1:751|134,0,geometry_1_05_focus4,-26.574532195763467
6bba_05db0fb1,6bba_05db0fb1:751,union|6bba_05db0fb1:751|135,0,geometry_1_05_focus4,-18.920602468820682
6bba_05db0fb1,6bba_05db0fb1:751,union|6bba_05db0fb1:751|136,0,geometry_1_05_focus4,-19.877941984891812
6bba_05db0fb1,6bba_05db0fb1:751,union|6bba_05db0fb1:751|137,0,geometry_1_05_focus4,-20.499375208436113
6bba_05db0fb1,6bba_05db0fb1:751,union|6bba_05db0fb1:751|138,0,geometry_1_05_focus4,-16.23569438010724
6bba_05db0fb1,6bba_05db0fb1:751,union|6bba_05db0fb1:751|139,0,geometry_1_05_focus4,-23.93767548470333
6bba_05db0fb1,6bba_05db0fb1:751,union|6bba_05db0fb1:751|140,0,geometry_1_05_focus4,-19.17990097190627
6bba_05db0fb1,6bba_05db0fb1:751,union|6bba_05db0fb1:751|141,0,geometry_1_05_focus4,-26.778509096731213
6bba_05db0fb1,6bba_05db0fb1:751,union|6bba_05db0fb1:751|142,0,geometry_1_05_focus4,-23.20664617038052
6bba_05db0fb1,6bba_05db0fb1:751,union|6bba_05db0fb1:751|143,0,geometry_1_05_focus4,-25.311510049930618
6bba_05db0fb1,6bba_05db0fb1:751,union|6bba_05db0fb1:751|144,0,geometry_1_05_focus4,-27.734397031981985
6bba_05db0fb1,6bba_05db0fb1:751,union|6bba_05db0fb1:751|145,0,geometry_1_05_focus4,-27.61154698805101
6bba_05db0fb1,6bba_05db0fb1:751,union|6bba_05db0fb1:751|146,0,geometry_1_05_focus4,-20.358348149188153
6bba_05db0fb1,6bba_05db0fb1:751,union|6bba_05db0fb1:751|147,0,geometry_1_05_focus4,-27.90104580574475
6bba_05db0fb1,6bba_05db0fb1:751,union|6bba_05db0fb1:751|148,0,geometry_1_05_focus4,-28.339431192431082
6bba_05db0fb1,6bba_05db0fb1:751,union|6bba_05db0fb1:751|149,0,geometry_1_05_focus4,-27.702113125312152
6bba_05db0fb1,6bba_05db0fb1:751,union|6bba_05db0fb1:751|150,0,geometry_1_05_focus4,-27.107416090422177
6bba_05db0fb1,6bba_05db0fb1:751,union|6bba_05db0fb1:751|151,0,geometry_1_05_focus4,-25.53855446908298
6bba_05db0fb1,6bba_05db0fb1:751,union|6bba_05db0fb1:751|152,0,geometry_1_05_focus4,-27.342488838055296
6bba_05db0fb1,6bba_05db0fb1:751,union|6bba_05db0fb1:751|153,0,geometry_1_05_focus4,-28.1077718858755
6bba_05db0fb1,6bba_05db0fb1:751,union|6bba_05db0fb1:751|154,0,geometry_1_05_focus4,-27.949200323464233
6bba_05db0fb1,6bba_05db0fb1:751,union|6bba_05db0fb1:751|155,0,geometry_1_05_focus4,-29.799662889252264
6bba_05db0fb1,6bba_05db0fb1:751,union|6bba_05db0fb1:751|156,0,geometry_1_05_focus4,-29.356798510816144
6bba_05db0fb1,6bba_05db0fb1:751,union|6bba_05db0fb1:751|157,0,geometry_1_05_focus4,-28.104995886451025
6bba_05db0fb1,6bba_05db0fb1:751,union|6bba_05db0fb1:751|158,0,geometry_1_05_focus4,-31.04691119423348
6bba_05db0fb1,6bba_05db0fb1:751,union|6bba_05db0fb1:751|159,0,geometry_1_05_focus4,-28.350705484397963
6bba_05db0fb1,6bba_05db0fb1:751,union|6bba_05db0fb1:751|160,0,geometry_1_05_focus4,-26.050324032062754
6bba_05db0fb1,6bba_05db0fb1:751,union|6bba_05db0fb1:751|161,0,geometry_1_05_focus4,-28.971820239577863
6bba_05db0fb1,6bba_05db0fb1:751,union|6bba_05db0fb1:751|162,0,geometry_1_05_focus4,-27.85346803446599
6bba_05db0fb1,6bba_05db0fb1:751,union|6bba_05db0fb1:751|163,0,geometry_1_05_focus4,-29.723449431153433
6bba_05db0fb1,6bba_05db0fb1:751,union|6bba_05db0fb1:751|164,0,geometry_1_05_focus4,-23.52502304839085
6bba_05db0fb1,6bba_05db0fb1:751,union|6bba_05db0fb1:751|165,0,geometry_1_05_focus4,-26.641248282967418
6bba_05db0fb1,6bba_05db0fb1:751,union|6bba_05db0fb1:751|166,0,geometry_1_05_focus4,-27.405763973646856
6bba_05db0fb1,6bba_05db0fb1:751,union|6bba_05db0fb1:751|167,0,geometry_1_05_focus4,-21.131259439505783
6bba_05db0fb1,6bba_05db0fb1:751,union|6bba_05db0fb1:751|168,0,geometry_1_05_focus4,-27.818373020285378
6bba_05db0fb1,6bba_05db0fb1:751,union|6bba_05db0fb1:751|169,0,geometry_1_05_focus4,-23.876552981519865
6bba_05db0fb1,6bba_05db0fb1:751,union|6bba_05db0fb1:751|170,0,geometry_1_05_focus4,-28.700549849316754
6bba_05db0fb1,6bba_05db0fb1:751,union|6bba_05db0fb1:751|171,0,geometry_1_05_focus4,-28.819748292193673
6bba_05db0fb1,6bba_05db0fb1:751,union|6bba_05db0fb1:751|172,0,geometry_1_05_focus4,-23.132991308298536
6bba_3abfe10a,6bba_3abfe10a:630,union|6bba_3abfe10a:630|0,0,geometry_1_05_focus4,-27.452866916567405
6bba_3abfe10a,6bba_3abfe10a:630,union|6bba_3abfe10a:630|1,0,geometry_1_05_focus4,-24.88066492039034
6bba_3abfe10a,6bba_3abfe10a:630,union|6bba_3abfe10a:630|2,0,geometry_1_05_focus4,-21.56196916049078
6bba_3abfe10a,6bba_3abfe10a:630,union|6bba_3abfe10a:630|3,0,geometry_1_05_focus4,-25.83527928212553
6bba_3abfe10a,6bba_3abfe10a:630,union|6bba_3abfe10a:630|4,0,geometry_1_05_focus4,-23.610027178263223
6bba_3abfe10a,6bba_3abfe10a:630,union|6bba_3abfe10a:630|5,0,geometry_1_05_focus4,-23.55341695382531
6bba_3abfe10a,6bba_3abfe10a:630,union|6bba_3abfe10a:630|6,0,geometry_1_05_focus4,-26.835032514227137
6bba_3abfe10a,6bba_3abfe10a:630,union|6bba_3abfe10a:630|7,0,geometry_1_05_focus4,-26.130445898749954
6bba_3abfe10a,6bba_3abfe10a:630,union|6bba_3abfe10a:630|8,0,geometry_1_05_focus4,-23.598752175497072
6bba_3abfe10a,6bba_3abfe10a:630,union|6bba_3abfe10a:630|9,0,geometry_1_05_focus4,-25.631341666813622
6bba_3abfe10a,6bba_3abfe10a:630,union|6bba_3abfe10a:630|10,0,geometry_1_05_focus4,-26.596404694980915
6bba_3abfe10a,6bba_3abfe10a:630,union|6bba_3abfe10a:630|11,0,geometry_1_05_focus4,-21.626052667348688
6bba_3abfe10a,6bba_3abfe10a:630,union|6bba_3abfe10a:630|12,0,geometry_1_05_focus4,-24.846384310225346
6bba_3abfe10a,6bba_3abfe10a:630,union|6bba_3abfe10a:630|13,0,geometry_1_05_focus4,-28.301502133354944
6bba_3abfe10a,6bba_3abfe10a:630,union|6bba_3abfe10a:630|14,0,geometry_1_05_focus4,-24.441938136474207
6bba_3abfe10a,6bba_3abfe10a:630,union|6bba_3abfe10a:630|15,0,geometry_1_05_focus4,-26.63934682184535
6bba_3abfe10a,6bba_3abfe10a:630,union|6bba_3abfe10a:630|16,0,geometry_1_05_focus4,-27.719826259128396
6bba_3abfe10a,6bba_3abfe10a:630,union|6bba_3abfe10a:630|17,0,geometry_1_05_focus4,-26.682051036697608
6bba_3abfe10a,6bba_3abfe10a:630,union|6bba_3abfe10a:630|18,0,geometry_1_05_focus4,-30.902518019908882
6bba_3abfe10a,6bba_3abfe10a:630,union|6bba_3abfe10a:630|19,0,geometry_1_05_focus4,-31.36247486718252
6bba_3abfe10a,6bba_3abfe10a:630,union|6bba_3abfe10a:630|20,0,geometry_1_05_focus4,-27.340357199102666
6bba_3abfe10a,6bba_3abfe10a:630,union|6bba_3abfe10a:630|21,0,geometry_1_05_focus4,-23.064903653229948
6bba_3abfe10a,6bba_3abfe10a:630,union|6bba_3abfe10a:630|22,0,geometry_1_05_focus4,-26.53655064510138
6bba_3abfe10a,6bba_3abfe10a:630,union|6bba_3abfe10a:630|23,0,geometry_1_05_focus4,-23.259940288079996
6bba_3abfe10a,6bba_3abfe10a:630,union|6bba_3abfe10a:630|24,0,geometry_1_05_focus4,-27.527183014942445
6bba_3abfe10a,6bba_3abfe10a:630,union|6bba_3abfe10a:630|25,0,geometry_1_05_focus4,-23.319856995322507
6bba_3abfe10a,6bba_3abfe10a:630,union|6bba_3abfe10a:630|26,0,geometry_1_05_focus4,-25.29102401723445
6bba_3abfe10a,6bba_3abfe10a:630,union|6bba_3abfe10a:630|27,0,geometry_1_05_focus4,-22.853316270213273
6bba_3abfe10a,6bba_3abfe10a:630,union|6bba_3abfe10a:630|28,0,geometry_1_05_focus4,-24.427127588216216
6bba_3abfe10a,6bba_3abfe10a:630,union|6bba_3abfe10a:630|29,0,geometry_1_05_focus4,-27.264104590551355
6bba_3abfe10a,6bba_3abfe10a:630,union|6bba_3abfe10a:630|30,0,geometry_1_05_focus4,-28.516345122395965
6bba_3abfe10a,6bba_3abfe10a:630,union|6bba_3abfe10a:630|31,0,geometry_1_05_focus4,-32.284627716044035
6bba_3abfe10a,6bba_3abfe10a:630,union|6bba_3abfe10a:630|32,0,geometry_1_05_focus4,-26.48087015549904
6bba_3abfe10a,6bba_3abfe10a:630,union|6bba_3abfe10a:630|33,0,geometry_1_05_focus4,-21.54702333740901
6bba_3abfe10a,6bba_3abfe10a:630,union|6bba_3abfe10a:630|34,0,geometry_1_05_focus4,-25.151524459845458
6bba_3abfe10a,6bba_3abfe10a:630,union|6bba_3abfe10a:630|35,0,geometry_1_05_focus4,-26.07200280447695
6bba_3abfe10a,6bba_3abfe10a:630,union|6bba_3abfe10a:630|36,0,geometry_1_05_focus4,-22.81462862152806
6bba_3abfe10a,6bba_3abfe10a:630,union|6bba_3abfe10a:630|37,0,geometry_1_05_focus4,-16.07250588846433
6bba_3abfe10a,6bba_3abfe10a:630,union|6bba_3abfe10a:630|38,0,geometry_1_05_focus4,-25.991113836990397
6bba_3abfe10a,6bba_3abfe10a:630,union|6bba_3abfe10a:630|39,0,geometry_1_05_focus4,-25.34220602055751
6bba_3abfe10a,6bba_3abfe10a:630,union|6bba_3abfe10a:630|40,1,geometry_1_05_focus4,-17.320138023192605
6bba_3abfe10a,6bba_3abfe10a:630,union|6bba_3abfe10a:630|41,0,geometry_1_05_focus4,-27.868982488659874
6bba_3abfe10a,6bba_3abfe10a:630,union|6bba_3abfe10a:630|42,0,geometry_1_05_focus4,-27.552361871331428
6bba_3abfe10a,6bba_3abfe10a:630,union|6bba_3abfe10a:630|43,0,geometry_1_05_focus4,-26.240232671222877
6bba_3abfe10a,6bba_3abfe10a:630,union|6bba_3abfe10a:630|44,0,geometry_1_05_focus4,-25.39760123544646
6bba_3abfe10a,6bba_3abfe10a:630,union|6bba_3abfe10a:630|45,0,geometry_1_05_focus4,-25.45734897345114
6bba_3abfe10a,6bba_3abfe10a:630,union|6bba_3abfe10a:630|46,0,geometry_1_05_focus4,-23.545594332454574
6bba_3abfe10a,6bba_3abfe10a:630,union|6bba_3abfe10a:630|47,0,geometry_1_05_focus4,-26.423231098067234
6bba_3abfe10a,6bba_3abfe10a:630,union|6bba_3abfe10a:630|48,0,geometry_1_05_focus4,-25.505270341000653
6bba_3abfe10a,6bba_3abfe10a:630,union|6bba_3abfe10a:630|49,0,geometry_1_05_focus4,-25.29102401723445
6bba_3abfe10a,6bba_3abfe10a:630,union|6bba_3abfe10a:630|50,0,geometry_1_05_focus4,-24.139593809131963
6bba_3abfe10a,6bba_3abfe10a:630,union|6bba_3abfe10a:630|51,0,geometry_1_05_focus4,-27.264104590551355
6bba_3abfe10a,6bba_3abfe10a:630,union|6bba_3abfe10a:630|52,0,geometry_1_05_focus4,-29.346139983685042
6bba_3abfe10a,6bba_3abfe10a:630,union|6bba_3abfe10a:630|53,0,geometry_1_05_focus4,-32.26037124634606
6bba_3abfe10a,6bba_3abfe10a:630,union|6bba_3abfe10a:630|54,0,geometry_1_05_focus4,-28.103470012501617
6bba_3abfe10a,6bba_3abfe10a:630,union|6bba_3abfe10a:630|55,0,geometry_1_05_focus4,-22.857138914410434
6bba_3abfe10a,6bba_3abfe10a:630,union|6bba_3abfe10a:630|56,0,geometry_1_05_focus4,-27.154664660307773
6bba_3abfe10a,6bba_3abfe10a:630,union|6bba_3abfe10a:630|57,0,geometry_1_05_focus4,-20.678807588105204
6bba_3abfe10a,6bba_3abfe10a:630,union|6bba_3abfe10a:630|58,0,geometry_1_05_focus4,-23.664386461831135
6bba_3abfe10a,6bba_3abfe10a:630,union|6bba_3abfe10a:630|59,0,geometry_1_05_focus4,-25.284112204380975
6bba_3abfe10a,6bba_3abfe10a:630,union|6bba_3abfe10a:630|60,0,geometry_1_05_focus4,-23.42844996186032
6bba_3abfe10a,6bba_3abfe10a:630,union|6bba_3abfe10a:630|61,0,geometry_1_05_focus4,-27.544229382368563
6bba_3abfe10a,6bba_3abfe10a:630,union|6bba_3abfe10a:630|62,0,geometry_1_05_focus4,-28.6448094156164
6bba_3abfe10a,6bba_3abfe10a:630,union|6bba_3abfe10a:630|63,0,geometry_1_05_focus4,-28.20236379947528
6bba_3abfe10a,6bba_3abfe10a:630,union|6bba_3abfe10a:630|64,0,geometry_1_05_focus4,-21.756916455495308
6bba_3abfe10a,6bba_3abfe10a:630,union|6bba_3abfe10a:630|65,0,geometry_1_05_focus4,-26.811458486321698
6bba_3abfe10a,6bba_3abfe10a:630,union|6bba_3abfe10a:630|66,0,geometry_1_05_focus4,-25.94170816227122
6bba_3abfe10a,6bba_3abfe10a:630,union|6bba_3abfe10a:630|67,0,geometry_1_05_focus4,-23.415479512093253
6bba_3abfe10a,6bba_3abfe10a:630,union|6bba_3abfe10a:630|68,0,geometry_1_05_focus4,-28.684447204664792
6bba_3abfe10a,6bba_3abfe10a:630,union|6bba_3abfe10a:630|69,0,geometry_1_05_focus4,-28.40968919800269
6bba_3abfe10a,6bba_3abfe10a:630,union|6bba_3abfe10a:630|70,0,geometry_1_05_focus4,-30.490187448375444
6bba_3abfe10a,6bba_3abfe10a:630,union|6bba_3abfe10a:630|71,0,geometry_1_05_focus4,-21.0658712169432
6bba_3abfe10a,6bba_3abfe10a:630,union|6bba_3abfe10a:630|72,0,geometry_1_05_focus4,-24.50910704329005
6bba_3abfe10a,6bba_3abfe10a:630,union|6bba_3abfe10a:630|73,0,geometry_1_05_focus4,-25.80005937570852
6bba_3abfe10a,6bba_3abfe10a:630,union|6bba_3abfe10a:630|74,0,geometry_1_05_focus4,-30.676098867400707
6bba_3abfe10a,6bba_3abfe10a:630,union|6bba_3abfe10a:630|75,0,geometry_1_05_focus4,-27.54374078522209
6bba_3abfe10a,6bba_3abfe10a:630,union|6bba_3abfe10a:630|76,0,geometry_1_05_focus4,-24.118606205605545
6bba_3abfe10a,6bba_3abfe10a:630,union|6bba_3abfe10a:630|77,0,geometry_1_05_focus4,-15.712678194013272
6bba_3abfe10a,6bba_3abfe10a:630,union|6bba_3abfe10a:630|78,0,geometry_1_05_focus4,-24.62392471301993
6bba_3abfe10a,6bba_3abfe10a:630,union|6bba_3abfe10a:630|79,0,geometry_1_05_focus4,-25.858228428324743
6bba_3abfe10a,6bba_3abfe10a:630,union|6bba_3abfe10a:630|80,0,geometry_1_05_focus4,-28.886782129286708
6bba_3abfe10a,6bba_3abfe10a:630,union|6bba_3abfe10a:630|81,0,geometry_1_05_focus4,-31.37211894059559
6bba_3abfe10a,6bba_3abfe10a:630,union|6bba_3abfe10a:630|82,0,geometry_1_05_focus4,-23.13655745872774
6bba_3abfe10a,6bba_3abfe10a:630,union|6bba_3abfe10a:630|83,0,geometry_1_05_focus4,-24.276513474584824
6bba_3abfe10a,6bba_3abfe10a:630,union|6bba_3abfe10a:630|84,0,geometry_1_05_focus4,-20.727248764086703
6bba_3abfe10a,6bba_3abfe10a:630,union|6bba_3abfe10a:630|85,0,geometry_1_05_focus4,-25.67679298376081
6bba_3abfe10a,6bba_3abfe10a:630,union|6bba_3abfe10a:630|86,0,geometry_1_05_focus4,-25.967116138446173
6bba_3abfe10a,6bba_3abfe10a:630,union|6bba_3abfe10a:630|87,0,geometry_1_05_focus4,-30.253618397192305
6bba_3abfe10a,6bba_3abfe10a:630,union|6bba_3abfe10a:630|88,0,geometry_1_05_focus4,-31.382039970213825
6bba_3abfe10a,6bba_3abfe10a:630,union|6bba_3abfe10a:630|89,0,geometry_1_05_focus4,-21.818265889248597
6bba_3abfe10a,6bba_3abfe10a:630,union|6bba_3abfe10a:630|90,0,geometry_1_05_focus4,-23.231993319954007
6bba_3abfe10a,6bba_3abfe10a:630,union|6bba_3abfe10a:630|91,0,geometry_1_05_focus4,-26.862761495473244
6bba_3abfe10a,6bba_3abfe10a:630,union|6bba_3abfe10a:630|92,0,geometry_1_05_focus4,-23.719524680163346
6bba_3abfe10a,6bba_3abfe10a:630,union|6bba_3abfe10a:630|93,0,geometry_1_05_focus4,-27.846570525175487
6bba_3abfe10a,6bba_3abfe10a:630,union|6bba_3abfe10a:630|94,0,geometry_1_05_focus4,-31.18909374354662
6bba_3abfe10a,6bba_3abfe10a:630,union|6bba_3abfe10a:630|95,0,geometry_1_05_focus4,-30.002372274217343
6bba_3abfe10a,6bba_3abfe10a:630,union|6bba_3abfe10a:630|96,0,geometry_1_05_focus4,-24.47756441260113
6bba_3abfe10a,6bba_3abfe10a:630,union|6bba_3abfe10a:630|97,0,geometry_1_05_focus4,-22.900137251004182
6bba_3abfe10a,6bba_3abfe10a:630,union|6bba_3abfe10a:630|98,0,geometry_1_05_focus4,-21.789816253465773
6bba_3abfe10a,6bba_3abfe10a:630,union|6bba_3abfe10a:630|99,0,geometry_1_05_focus4,-29.072433851683872
6bba_3abfe10a,6bba_3abfe10a:630,union|6bba_3abfe10a:630|100,0,geometry_1_05_focus4,-30.228158978822897
6bba_3abfe10a,6bba_3abfe10a:630,union|6bba_3abfe10a:630|101,0,geometry_1_05_focus4,-27.32825260434287
6bba_3abfe10a,6bba_3abfe10a:630,union|6bba_3abfe10a:630|102,0,geometry_1_05_focus4,-25.094052927545746
6bba_3abfe10a,6bba_3abfe10a:630,union|6bba_3abfe10a:630|103,0,geometry_1_05_focus4,-23.530196097028778
6bba_3abfe10a,6bba_3abfe10a:630,union|6bba_3abfe10a:630|104,0,geometry_1_05_focus4,-29.595221338653694
6bba_3abfe10a,6bba_3abfe10a:630,union|6bba_3abfe10a:630|105,0,geometry_1_05_focus4,-29.48743035047773
6bba_3abfe10a,6bba_3abfe10a:630,union|6bba_3abfe10a:630|106,0,geometry_1_05_focus4,-26.641694342081014
6bba_3abfe10a,6bba_3abfe10a:630,union|6bba_3abfe10a:630|107,0,geometry_1_05_focus4,-29.609107372471012
6bba_3abfe10a,6bba_3abfe10a:630,union|6bba_3abfe10a:630|108,0,geometry_1_05_focus4,-35.21952351878416
6bba_3abfe10a,6bba_3abfe10a:630,union|6bba_3abfe10a:630|109,0,geometry_1_05_focus4,-31.77281948780968
6bba_3abfe10a,6bba_3abfe10a:630,union|6bba_3abfe10a:630|110,0,geometry_1_05_focus4,-33.622250203026255
6bba_61ecbe65,6bba_61ecbe65:200,union|6bba_61ecbe65:200|0,0,geometry_1_05_focus4,-22.995329009387973
6bba_61ecbe65,6bba_61ecbe65:200,union|6bba_61ecbe65:200|1,0,geometry_1_05_focus4,-25.80526393616759
6bba_61ecbe65,6bba_61ecbe65:200,union|6bba_61ecbe65:200|2,1,geometry_1_05_focus4,-17.18494022481842
6bba_61ecbe65,6bba_61ecbe65:200,union|6bba_61ecbe65:200|3,0,geometry_1_05_focus4,-23.70329247697682
6bba_87289e13,6bba_87289e13:563,union|6bba_87289e13:563|0,1,geometry_1_05_focus4,-17.78549616674685
6bba_87289e13,6bba_87289e13:563,union|6bba_87289e13:563|1,0,geometry_1_05_focus4,-16.497635720392992
6bba_c328f2fd,6bba_c328f2fd:65,union|6bba_c328f2fd:65|0,0,geometry_1_05_focus4,-23.50333163448342
6bba_c328f2fd,6bba_c328f2fd:65,union|6bba_c328f2fd:65|1,0,geometry_1_05_focus4,-21.730891631721875
6bba_c328f2fd,6bba_c328f2fd:65,union|6bba_c328f2fd:65|2,0,geometry_1_05_focus4,-23.11761799091679
6bba_c328f2fd,6bba_c328f2fd:65,union|6bba_c328f2fd:65|3,0,geometry_1_05_focus4,-23.147283685261662
6bba_c328f2fd,6bba_c328f2fd:65,union|6bba_c328f2fd:65|4,0,geometry_1_05_focus4,-20.49240285439022
6bba_c328f2fd,6bba_c328f2fd:65,union|6bba_c328f2fd:65|5,0,geometry_1_05_focus4,-22.294259743100937
6bba_c328f2fd,6bba_c328f2fd:65,union|6bba_c328f2fd:65|6,0,geometry_1_05_focus4,-17.0671021291451
6bba_c328f2fd,6bba_c328f2fd:65,union|6bba_c328f2fd:65|7,0,geometry_1_05_focus4,-22.06856388424815
6bba_c328f2fd,6bba_c328f2fd:65,union|6bba_c328f2fd:65|8,0,geometry_1_05_focus4,-17.498470547116753
6bba_c328f2fd,6bba_c328f2fd:65,union|6bba_c328f2fd:65|9,0,geometry_1_05_focus4,-21.056855212900253
6bba_c328f2fd,6bba_c328f2fd:65,union|6bba_c328f2fd:65|10,0,geometry_1_05_focus4,-19.181362094492798
6bba_c328f2fd,6bba_c328f2fd:65,union|6bba_c328f2fd:65|11,0,geometry_1_05_focus4,-20.356765393144304
6bba_c328f2fd,6bba_c328f2fd:65,union|6bba_c328f2fd:65|12,0,geometry_1_05_focus4,-20.546018806781877
6bba_c328f2fd,6bba_c328f2fd:65,union|6bba_c328f2fd:65|13,0,geometry_1_05_focus4,-21.344537890289708
6bba_c328f2fd,6bba_c328f2fd:65,union|6bba_c328f2fd:65|14,0,geometry_1_05_focus4,-24.459463720557025
6bba_c328f2fd,6bba_c328f2fd:65,union|6bba_c328f2fd:65|15,0,geometry_1_05_focus4,-17.176661966289643
6bba_c328f2fd,6bba_c328f2fd:65,union|6bba_c328f2fd:65|16,0,geometry_1_05_focus4,-18.863303495146333
6bba_c328f2fd,6bba_c328f2fd:65,union|6bba_c328f2fd:65|17,1,geometry_1_05_focus4,-20.413668840985142
6bba_c328f2fd,6bba_c328f2fd:65,union|6bba_c328f2fd:65|18,0,geometry_1_05_focus4,-17.76841984812718
6bba_c328f2fd,6bba_c328f2fd:65,union|6bba_c328f2fd:65|19,0,geometry_1_05_focus4,-21.76961862173384
6bba_c328f2fd,6bba_c328f2fd:65,union|6bba_c328f2fd:65|20,0,geometry_1_05_focus4,-20.87347092952774
6bba_c328f2fd,6bba_c328f2fd:65,union|6bba_c328f2fd:65|21,0,geometry_1_05_focus4,-21.41617508375425
6bba_c328f2fd,6bba_c328f2fd:65,union|6bba_c328f2fd:65|22,0,geometry_1_05_focus4,-23.16181235816402
6bba_c328f2fd,6bba_c328f2fd:65,union|6bba_c328f2fd:65|23,0,geometry_1_05_focus4,-23.378984283273976
6bba_c328f2fd,6bba_c328f2fd:65,union|6bba_c328f2fd:65|24,0,geometry_1_05_focus4,-14.55587420340418
6bba_c328f2fd,6bba_c328f2fd:65,union|6bba_c328f2fd:65|25,0,geometry_1_05_focus4,-19.342099761128388
6bba_c328f2fd,6bba_c328f2fd:65,union|6bba_c328f2fd:65|26,0,geometry_1_05_focus4,-10.705253921425374
6bba_c328f2fd,6bba_c328f2fd:65,union|6bba_c328f2fd:65|27,0,geometry_1_05_focus4,-18.875456048776847
6bba_c328f2fd,6bba_c328f2fd:65,union|6bba_c328f2fd:65|28,0,geometry_1_05_focus4,-17.676644660089515
6bba_c328f2fd,6bba_c328f2fd:65,union|6bba_c328f2fd:65|29,0,geometry_1_05_focus4,-22.29010966979599
6bba_c328f2fd,6bba_c328f2fd:65,union|6bba_c328f2fd:65|30,0,geometry_1_05_focus4,-27.82926990760442
6bba_c328f2fd,6bba_c328f2fd:65,union|6bba_c328f2fd:65|31,0,geometry_1_05_focus4,-12.963652968351225
6bba_c328f2fd,6bba_c328f2fd:65,union|6bba_c328f2fd:65|32,0,geometry_1_05_focus4,-21.26203991833806
6bba_c328f2fd,6bba_c328f2fd:65,union|6bba_c328f2fd:65|33,0,geometry_1_05_focus4,-21.22578120376672
6bba_c328f2fd,6bba_c328f2fd:65,union|6bba_c328f2fd:65|34,0,geometry_1_05_focus4,-28.79812084366932
6bba_c328f2fd,6bba_c328f2fd:65,union|6bba_c328f2fd:65|35,0,geometry_1_05_focus4,-21.266692783145864
6bba_c328f2fd,6bba_c328f2fd:65,union|6bba_c328f2fd:65|36,0,geometry_1_05_focus4,-15.795926483148904
6bba_c328f2fd,6bba_c328f2fd:65,union|6bba_c328f2fd:65|37,0,geometry_1_05_focus4,-20.099060969882096
6bba_c328f2fd,6bba_c328f2fd:65,union|6bba_c328f2fd:65|38,0,geometry_1_05_focus4,-20.33007782285945
6bba_c328f2fd,6bba_c328f2fd:65,union|6bba_c328f2fd:65|39,0,geometry_1_05_focus4,-19.851782674785305
6bba_c328f2fd,6bba_c328f2fd:65,union|6bba_c328f2fd:65|40,0,geometry_1_05_focus4,-20.3125
6bba_c328f2fd,6bba_c328f2fd:65,union|6bba_c328f2fd:65|41,0,geometry_1_05_focus4,-26.998801306603642
6bba_c328f2fd,6bba_c328f2fd:65,union|6bba_c328f2fd:65|42,0,geometry_1_05_focus4,-18.50373669720692
6bba_c328f2fd,6bba_c328f2fd:65,union|6bba_c328f2fd:65|43,0,geometry_1_05_focus4,-24.272902945718307
6bba_c328f2fd,6bba_c328f2fd:65,union|6bba_c328f2fd:65|44,0,geometry_1_05_focus4,-27.675904144290215
6bba_c328f2fd,6bba_c328f2fd:65,union|6bba_c328f2fd:65|45,0,geometry_1_05_focus4,-21.614389279472135
6bba_c328f2fd,6bba_c328f2fd:65,union|6bba_c328f2fd:65|46,0,geometry_1_05_focus4,-25.48301412551441
6bba_c328f2fd,6bba_c328f2fd:65,union|6bba_c328f2fd:65|47,0,geometry_1_05_focus4,-23.385729156822045
6bba_c328f2fd,6bba_c328f2fd:260,union|6bba_c328f2fd:260|0,0,geometry_1_05_focus4,-19.968832164698256
6bba_c328f2fd,6bba_c328f2fd:260,union|6bba_c328f2fd:260|1,0,geometry_1_05_focus4,-20.512249428181345
6bba_c328f2fd,6bba_c328f2fd:260,union|6bba_c328f2fd:260|2,1,geometry_1_05_focus4,-23.286711446768674
6bba_c328f2fd,6bba_c328f2fd:260,union|6bba_c328f2fd:260|3,0,geometry_1_05_focus4,-21.874473363167613
6bba_c328f2fd,6bba_c328f2fd:260,union|6bba_c328f2fd:260|4,0,geometry_1_05_focus4,-27.4786766877341
6bba_c328f2fd,6bba_c328f2fd:260,union|6bba_c328f2fd:260|5,0,geometry_1_05_focus4,-24.018768110541686
6bba_c328f2fd,6bba_c328f2fd:260,union|6bba_c328f2fd:260|6,0,geometry_1_05_focus4,-27.71499601235622
6bba_c328f2fd,6bba_c328f2fd:260,union|6bba_c328f2fd:260|7,0,geometry_1_05_focus4,-21.64388822874026
6bba_c328f2fd,6bba_c328f2fd:260,union|6bba_c328f2fd:260|8,0,geometry_1_05_focus4,-17.095780387537232
6bba_c328f2fd,6bba_c328f2fd:260,union|6bba_c328f2fd:260|9,0,geometry_1_05_focus4,-15.064045342692612
6bba_c328f2fd,6bba_c328f2fd:260,union|6bba_c328f2fd:260|10,0,geometry_1_05_focus4,-16.56775717531716
6bba_c328f2fd,6bba_c328f2fd:260,union|6bba_c328f2fd:260|11,0,geometry_1_05_focus4,-19.422403281693953
6bba_c328f2fd,6bba_c328f2fd:260,union|6bba_c328f2fd:260|12,0,geometry_1_05_focus4,-24.080237387487767
6bba_c328f2fd,6bba_c328f2fd:260,union|6bba_c328f2fd:260|13,0,geometry_1_05_focus4,-23.525585787586433
6bba_c328f2fd,6bba_c328f2fd:260,union|6bba_c328f2fd:260|14,0,geometry_1_05_focus4,-22.44154039555632
6bba_c328f2fd,6bba_c328f2fd:260,union|6bba_c328f2fd:260|15,0,geometry_1_05_focus4,-24.05626255320274
6bba_c328f2fd,6bba_c328f2fd:260,union|6bba_c328f2fd:260|16,0,geometry_1_05_focus4,-18.716426973506074
6bba_c328f2fd,6bba_c328f2fd:260,union|6bba_c328f2fd:260|17,0,geometry_1_05_focus4,-22.46152759743409
6bba_c328f2fd,6bba_c328f2fd:260,union|6bba_c328f2fd:260|18,0,geometry_1_05_focus4,-25.950444816564968
6bba_c328f2fd,6bba_c328f2fd:260,union|6bba_c328f2fd:260|19,0,geometry_1_05_focus4,-23.740028520878468
6bba_c328f2fd,6bba_c328f2fd:260,union|6bba_c328f2fd:260|20,0,geometry_1_05_focus4,-19.580934581593528
6bba_c328f2fd,6bba_c328f2fd:260,union|6bba_c328f2fd:260|21,0,geometry_1_05_focus4,-14.524936212244608
6bba_c328f2fd,6bba_c328f2fd:260,union|6bba_c328f2fd:260|22,0,geometry_1_05_focus4,-19.955178570080847
6bba_c328f2fd,6bba_c328f2fd:260,union|6bba_c328f2fd:260|23,0,geometry_1_05_focus4,-24.530367545296826
6bba_c328f2fd,6bba_c328f2fd:260,union|6bba_c328f2fd:260|24,0,geometry_1_05_focus4,-20.29438561612605
6bba_c328f2fd,6bba_c328f2fd:260,union|6bba_c328f2fd:260|25,0,geometry_1_05_focus4,-21.471373132212616
6bba_c328f2fd,6bba_c328f2fd:260,union|6bba_c328f2fd:260|26,0,geometry_1_05_focus4,-16.911463871393426
6bba_c328f2fd,6bba_c328f2fd:260,union|6bba_c328f2fd:260|27,0,geometry_1_05_focus4,-15.707646214079912
6bba_c328f2fd,6bba_c328f2fd:260,union|6bba_c328f2fd:260|28,0,geometry_1_05_focus4,-20.09559415622896
6bba_c328f2fd,6bba_c328f2fd:260,union|6bba_c328f2fd:260|29,0,geometry_1_05_focus4,-22.771378451920782
6bba_c328f2fd,6bba_c328f2fd:260,union|6bba_c328f2fd:260|30,0,geometry_1_05_focus4,-26.966084780306044
6bba_c328f2fd,6bba_c328f2fd:260,union|6bba_c328f2fd:260|31,0,geometry_1_05_focus4,-25.323337154799248
6bba_c328f2fd,6bba_c328f2fd:260,union|6bba_c328f2fd:260|32,0,geometry_1_05_focus4,-17.141762310454716
6bba_c328f2fd,6bba_c328f2fd:260,union|6bba_c328f2fd:260|33,0,geometry_1_05_focus4,-22.360453218194525
6bba_c328f2fd,6bba_c328f2fd:260,union|6bba_c328f2fd:260|34,0,geometry_1_05_focus4,-17.258485980600547
6bba_c328f2fd,6bba_c328f2fd:260,union|6bba_c328f2fd:260|35,0,geometry_1_05_focus4,-24.04874014806946
6bba_c328f2fd,6bba_c328f2fd:260,union|6bba_c328f2fd:260|36,0,geometry_1_05_focus4,-16.237752997020582
6bba_c328f2fd,6bba_c328f2fd:260,union|6bba_c328f2fd:260|37,0,geometry_1_05_focus4,-20.99343926395038
6bba_c328f2fd,6bba_c328f2fd:260,union|6bba_c328f2fd:260|38,0,geometry_1_05_focus4,-25.785622326637828
6bba_c328f2fd,6bba_c328f2fd:260,union|6bba_c328f2fd:260|39,0,geometry_1_05_focus4,-29.84291352923063
6bba_c328f2fd,6bba_c328f2fd:260,union|6bba_c328f2fd:260|40,0,geometry_1_05_focus4,-31.949212859629483
6bba_fe670320,6bba_fe670320:4,union|6bba_fe670320:4|0,1,geometry_1_05_focus4,-13.324141703396839
6bba_fe670320,6bba_fe670320:4,union|6bba_fe670320:4|1,0,geometry_1_05_focus4,-11.45865718905038
6bba_fe670320,6bba_fe670320:4,union|6bba_fe670320:4|2,0,geometry_1_05_focus4,-10.642953354794138
6bba_fe670320,6bba_fe670320:519,union|6bba_fe670320:519|0,0,geometry_1_05_focus4,-19.709732824667935
6bba_fe670320,6bba_fe670320:519,union|6bba_fe670320:519|1,0,geometry_1_05_focus4,-24.009317129512198
6bba_fe670320,6bba_fe670320:519,union|6bba_fe670320:519|2,0,geometry_1_05_focus4,-22.612737648814786
6bba_fe670320,6bba_fe670320:519,union|6bba_fe670320:519|3,1,geometry_1_05_focus4,-13.99726992479581
6bba_fe670320,6bba_fe670320:519,union|6bba_fe670320:519|4,0,geometry_1_05_focus4,-13.126339217390354
6bba_fe670320,6bba_fe670320:519,union|6bba_fe670320:519|5,0,geometry_1_05_focus4,-19.345847215761765
6bba_fe670320,6bba_fe670320:519,union|6bba_fe670320:519|6,0,geometry_1_05_focus4,-22.646301763317183
6bba_fe670320,6bba_fe670320:519,union|6bba_fe670320:519|7,0,geometry_1_05_focus4,-12.893846166387707
44b6_2a2eff9f,44b6_2a2eff9f:13,union|44b6_2a2eff9f:13|0,0,geometry_1_00_focus4,-25.792824564333458
44b6_2a2eff9f,44b6_2a2eff9f:13,union|44b6_2a2eff9f:13|1,0,geometry_1_00_focus4,-23.76520770339744
44b6_2a2eff9f,44b6_2a2eff9f:13,union|44b6_2a2eff9f:13|2,0,geometry_1_00_focus4,-29.290992543567963
44b6_2a2eff9f,44b6_2a2eff9f:13,union|44b6_2a2eff9f:13|3,0,geometry_1_00_focus4,-22.152970069049573
44b6_2a2eff9f,44b6_2a2eff9f:13,union|44b6_2a2eff9f:13|4,0,geometry_1_00_focus4,-27.75758090675407
44b6_2a2eff9f,44b6_2a2eff9f:13,union|44b6_2a2eff9f:13|5,0,geometry_1_00_focus4,-20.446293216603586
44b6_2a2eff9f,44b6_2a2eff9f:13,union|44b6_2a2eff9f:13|6,0,geometry_1_00_focus4,-24.320773014030618
44b6_2a2eff9f,44b6_2a2eff9f:13,union|44b6_2a2eff9f:13|7,0,geometry_1_00_focus4,-34.387880517870876
44b6_2a2eff9f,44b6_2a2eff9f:13,union|44b6_2a2eff9f:13|8,0,geometry_1_00_focus4,-37.060230621099535
44b6_2a2eff9f,44b6_2a2eff9f:13,union|44b6_2a2eff9f:13|9,0,geometry_1_00_focus4,-23.71294194592687
44b6_2a2eff9f,44b6_2a2eff9f:13,union|44b6_2a2eff9f:13|10,0,geometry_1_00_focus4,-21.59214728280726
44b6_2a2eff9f,44b6_2a2eff9f:13,union|44b6_2a2eff9f:13|11,0,geometry_1_00_focus4,-19.585946839917153
44b6_2a2eff9f,44b6_2a2eff9f:13,union|44b6_2a2eff9f:13|12,0,geometry_1_00_focus4,-30.8597080405341
44b6_2a2eff9f,44b6_2a2eff9f:13,union|44b6_2a2eff9f:13|13,0,geometry_1_00_focus4,-25.383311446696627
44b6_2a2eff9f,44b6_2a2eff9f:13,union|44b6_2a2eff9f:13|14,0,geometry_1_00_focus4,-32.86082097306156
44b6_2a2eff9f,44b6_2a2eff9f:13,union|44b6_2a2eff9f:13|15,0,geometry_1_00_focus4,-26.750443848744624
44b6_2a2eff9f,44b6_2a2eff9f:13,union|44b6_2a2eff9f:13|16,0,geometry_1_00_focus4,-19.749082767160804
44b6_2a2eff9f,44b6_2a2eff9f:13,union|44b6_2a2eff9f:13|17,0,geometry_1_00_focus4,-26.247259516259234
44b6_2a2eff9f,44b6_2a2eff9f:13,union|44b6_2a2eff9f:13|18,0,geometry_1_00_focus4,-26.293526572511066
44b6_2a2eff9f,44b6_2a2eff9f:13,union|44b6_2a2eff9f:13|19,0,geometry_1_00_focus4,-22.7088284781729
44b6_2a2eff9f,44b6_2a2eff9f:13,union|44b6_2a2eff9f:13|20,0,geometry_1_00_focus4,-26.115485194281398
44b6_2a2eff9f,44b6_2a2eff9f:13,union|44b6_2a2eff9f:13|21,0,geometry_1_00_focus4,-19.22725929507375
44b6_2a2eff9f,44b6_2a2eff9f:13,union|44b6_2a2eff9f:13|22,0,geometry_1_00_focus4,-31.052468559144906
44b6_2a2eff9f,44b6_2a2eff9f:13,union|44b6_2a2eff9f:13|23,0,geometry_1_00_focus4,-27.96604268661289
44b6_2a2eff9f,44b6_2a2eff9f:13,union|44b6_2a2eff9f:13|24,0,geometry_1_00_focus4,-30.488671440575427
44b6_2a2eff9f,44b6_2a2eff9f:13,union|44b6_2a2eff9f:13|25,0,geometry_1_00_focus4,-27.19686268975979
44b6_2a2eff9f,44b6_2a2eff9f:13,union|44b6_2a2eff9f:13|26,0,geometry_1_00_focus4,-33.133213484333055
44b6_2a2eff9f,44b6_2a2eff9f:13,union|44b6_2a2eff9f:13|27,0,geometry_1_00_focus4,-31.50199919520588
44b6_2a2eff9f,44b6_2a2eff9f:13,union|44b6_2a2eff9f:13|28,0,geometry_1_00_focus4,-28.60377855894427
44b6_2a2eff9f,44b6_2a2eff9f:13,union|44b6_2a2eff9f:13|29,0,geometry_1_00_focus4,-24.963723680572976
44b6_2a2eff9f,44b6_2a2eff9f:13,union|44b6_2a2eff9f:13|30,0,geometry_1_00_focus4,-26.345313385208698
44b6_2a2eff9f,44b6_2a2eff9f:13,union|44b6_2a2eff9f:13|31,0,geometry_1_00_focus4,-27.712184659891392
44b6_2a2eff9f,44b6_2a2eff9f:13,union|44b6_2a2eff9f:13|32,0,geometry_1_00_focus4,-35.40291126414631
44b6_2a2eff9f,44b6_2a2eff9f:13,union|44b6_2a2eff9f:13|33,0,geometry_1_00_focus4,-27.769992980340334
44b6_2a2eff9f,44b6_2a2eff9f:13,union|44b6_2a2eff9f:13|34,1,geometry_1_00_focus4,-24.536961914629934
44b6_2a2eff9f,44b6_2a2eff9f:13,union|44b6_2a2eff9f:13|35,0,geometry_1_00_focus4,-37.71611971864099
44b6_2a2eff9f,44b6_2a2eff9f:13,union|44b6_2a2eff9f:13|36,0,geometry_1_00_focus4,-28.41739927887692
44b6_2a2eff9f,44b6_2a2eff9f:13,union|44b6_2a2eff9f:13|37,0,geometry_1_00_focus4,-21.623263777241874
44b6_2a2eff9f,44b6_2a2eff9f:13,union|44b6_2a2eff9f:13|38,0,geometry_1_00_focus4,-27.826562407533437
44b6_2a2eff9f,44b6_2a2eff9f:13,union|44b6_2a2eff9f:13|39,0,geometry_1_00_focus4,-26.996527554483745
44b6_2a2eff9f,44b6_2a2eff9f:13,union|44b6_2a2eff9f:13|40,0,geometry_1_00_focus4,-25.520992886032353
44b6_2a2eff9f,44b6_2a2eff9f:13,union|44b6_2a2eff9f:13|41,0,geometry_1_00_focus4,-32.6471218229153
44b6_2a2eff9f,44b6_2a2eff9f:13,union|44b6_2a2eff9f:13|42,0,geometry_1_00_focus4,-20.034345509649174
44b6_2a2eff9f,44b6_2a2eff9f:13,union|44b6_2a2eff9f:13|43,0,geometry_1_00_focus4,-33.302192014059735
44b6_2a2eff9f,44b6_2a2eff9f:13,union|44b6_2a2eff9f:13|44,0,geometry_1_00_focus4,-31.636164514375302
44b6_2a2eff9f,44b6_2a2eff9f:13,union|44b6_2a2eff9f:13|45,0,geometry_1_00_focus4,-29.25
44b6_2a2eff9f,44b6_2a2eff9f:13,union|44b6_2a2eff9f:13|46,0,geometry_1_00_focus4,-31.961868576192938
44b6_2a2eff9f,44b6_2a2eff9f:13,union|44b6_2a2eff9f:13|47,0,geometry_1_00_focus4,-38.2053547344907
44b6_2a2eff9f,44b6_2a2eff9f:13,union|44b6_2a2eff9f:13|48,0,geometry_1_00_focus4,-25.1603959909501
44b6_2a2eff9f,44b6_2a2eff9f:13,union|44b6_2a2eff9f:13|49,0,geometry_1_00_focus4,-31.594723753589008
44b6_2a2eff9f,44b6_2a2eff9f:13,union|44b6_2a2eff9f:13|50,0,geometry_1_00_focus4,-23.61353773916784
44b6_2a2eff9f,44b6_2a2eff9f:13,union|44b6_2a2eff9f:13|51,0,geometry_1_00_focus4,-31.418663407141253
44b6_2a2eff9f,44b6_2a2eff9f:13,union|44b6_2a2eff9f:13|52,0,geometry_1_00_focus4,-32.23438629602031
44b6_2a2eff9f,44b6_2a2eff9f:13,union|44b6_2a2eff9f:13|53,0,geometry_1_00_focus4,-39.788905637335716
44b6_706092f0,44b6_706092f0:50,union|44b6_706092f0:50|0,0,geometry_1_00_focus4,-29.25322331384494
44b6_706092f0,44b6_706092f0:50,union|44b6_706092f0:50|1,0,geometry_1_00_focus4,-31.509919073206134
44b6_706092f0,44b6_706092f0:50,union|44b6_706092f0:50|2,0,geometry_1_00_focus4,-26.152487043455956
44b6_706092f0,44b6_706092f0:50,union|44b6_706092f0:50|3,0,geometry_1_00_focus4,-24.320773014030618
44b6_706092f0,44b6_706092f0:50,union|44b6_706092f0:50|4,0,geometry_1_00_focus4,-30.3284388242011
44b6_706092f0,44b6_706092f0:50,union|44b6_706092f0:50|5,0,geometry_1_00_focus4,-21.774016154552186
44b6_706092f0,44b6_706092f0:50,union|44b6_706092f0:50|6,0,geometry_1_00_focus4,-27.882658667629542
44b6_706092f0,44b6_706092f0:50,union|44b6_706092f0:50|7,0,geometry_1_00_focus4,-32.395136803818644
44b6_706092f0,44b6_706092f0:50,union|44b6_706092f0:50|8,0,geometry_1_00_focus4,-24.536961914629934
44b6_706092f0,44b6_706092f0:50,union|44b6_706092f0:50|9,0,geometry_1_00_focus4,-19.89040656702804
44b6_706092f0,44b6_706092f0:50,union|44b6_706092f0:50|10,0,geometry_1_00_focus4,-30.27898988089499
44b6_706092f0,44b6_706092f0:50,union|44b6_706092f0:50|11,0,geometry_1_00_focus4,-26.202337681970285
44b6_706092f0,44b6_706092f0:50,union|44b6_706092f0:50|12,0,geometry_1_00_focus4,-28.17079889616566
44b6_706092f0,44b6_706092f0:50,union|44b6_706092f0:50|13,0,geometry_1_00_focus4,-21.852061652578712
44b6_706092f0,44b6_706092f0:50,union|44b6_706092f0:50|14,0,geometry_1_00_focus4,-38.32531064162417
44b6_706092f0,44b6_706092f0:50,union|44b6_706092f0:50|15,0,geometry_1_00_focus4,-32.902343028256425
44b6_706092f0,44b6_706092f0:50,union|44b6_706092f0:50|16,0,geometry_1_00_focus4,-20.81015377165676
44b6_706092f0,44b6_706092f0:50,union|44b6_706092f0:50|17,0,geometry_1_00_focus4,-23.209642392764263
44b6_706092f0,44b6_706092f0:50,union|44b6_706092f0:50|18,0,geometry_1_00_focus4,-25.590525590538387
44b6_706092f0,44b6_706092f0:50,union|44b6_706092f0:50|19,0,geometry_1_00_focus4,-34.334787403975746
44b6_706092f0,44b6_706092f0:50,union|44b6_706092f0:50|20,1,geometry_1_00_focus4,-17.273817675009298
44b6_706092f0,44b6_706092f0:50,union|44b6_706092f0:50|21,0,geometry_1_00_focus4,-24.483855760801227
44b6_706092f0,44b6_706092f0:50,union|44b6_706092f0:50|22,0,geometry_1_00_focus4,-27.054579924781393
44b6_706092f0,44b6_706092f0:50,union|44b6_706092f0:50|23,0,geometry_1_00_focus4,-29.67188678236017
44b6_706092f0,44b6_706092f0:50,union|44b6_706092f0:50|24,0,geometry_1_00_focus4,-30.252744368030072
44b6_706092f0,44b6_706092f0:50,union|44b6_706092f0:50|25,0,geometry_1_00_focus4,-28.430212881907906
44b6_996155de,44b6_996155de:60,union|44b6_996155de:60|0,1,geometry_1_00_focus4,-12.721194077712559
44b6_996155de,44b6_996155de:60,union|44b6_996155de:60|1,0,geometry_1_00_focus4,-21.01590905877482
44b6_996155de,44b6_996155de:60,union|44b6_996155de:60|2,0,geometry_1_00_focus4,-20.063640517953374
44b6_996155de,44b6_996155de:60,union|44b6_996155de:60|3,0,geometry_1_00_focus4,-17.60540233798958
44b6_996155de,44b6_996155de:60,union|44b6_996155de:60|4,0,geometry_1_00_focus4,-25.03357458212991
44b6_996155de,44b6_996155de:60,union|44b6_996155de:60|5,0,geometry_1_00_focus4,-26.18513451855596
44b6_c50204e0,44b6_c50204e0:43,union|44b6_c50204e0:43|0,0,geometry_1_00_focus4,-22.60368535281401
44b6_c50204e0,44b6_c50204e0:43,union|44b6_c50204e0:43|1,0,geometry_1_00_focus4,-23.106759743100937
44b6_c50204e0,44b6_c50204e0:43,union|44b6_c50204e0:43|2,0,geometry_1_00_focus4,-31.068439015094896
44b6_c50204e0,44b6_c50204e0:43,union|44b6_c50204e0:43|3,0,geometry_1_00_focus4,-29.241076872613135
44b6_c50204e0,44b6_c50204e0:43,union|44b6_c50204e0:43|4,0,geometry_1_00_focus4,-35.59061241217033
44b6_c50204e0,44b6_c50204e0:43,union|44b6_c50204e0:43|5,0,geometry_1_00_focus4,-34.96516904668316
44b6_c50204e0,44b6_c50204e0:43,union|44b6_c50204e0:43|6,0,geometry_1_00_focus4,-28.960538302045208
44b6_c50204e0,44b6_c50204e0:43,union|44b6_c50204e0:43|7,0,geometry_1_00_focus4,-32.48354536628808
44b6_c50204e0,44b6_c50204e0:43,union|44b6_c50204e0:43|8,0,geometry_1_00_focus4,-31.312807627422387
44b6_c50204e0,44b6_c50204e0:43,union|44b6_c50204e0:43|9,0,geometry_1_00_focus4,-31.393455267939316
44b6_c50204e0,44b6_c50204e0:43,union|44b6_c50204e0:43|10,0,geometry_1_00_focus4,-33.42703288966625
44b6_c50204e0,44b6_c50204e0:43,union|44b6_c50204e0:43|11,0,geometry_1_00_focus4,-33.08415781198989
44b6_c50204e0,44b6_c50204e0:43,union|44b6_c50204e0:43|12,0,geometry_1_00_focus4,-24.963723680572976
44b6_c50204e0,44b6_c50204e0:43,union|44b6_c50204e0:43|13,0,geometry_1_00_focus4,-26.233299318512437
44b6_c50204e0,44b6_c50204e0:43,union|44b6_c50204e0:43|14,0,geometry_1_00_focus4,-27.106861840286488
44b6_c50204e0,44b6_c50204e0:43,union|44b6_c50204e0:43|15,0,geometry_1_00_focus4,-30.379959536603067
44b6_c50204e0,44b6_c50204e0:43,union|44b6_c50204e0:43|16,0,geometry_1_00_focus4,-28.023440493918034
44b6_c50204e0,44b6_c50204e0:43,union|44b6_c50204e0:43|17,0,geometry_1_00_focus4,-20.767768549874763
44b6_c50204e0,44b6_c50204e0:43,union|44b6_c50204e0:43|18,0,geometry_1_00_focus4,-29.694630055180518
44b6_c50204e0,44b6_c50204e0:43,union|44b6_c50204e0:43|19,0,geometry_1_00_focus4,-29.638965622744056
44b6_c50204e0,44b6_c50204e0:43,union|44b6_c50204e0:43|20,0,geometry_1_00_focus4,-24.086683036668617
44b6_c50204e0,44b6_c50204e0:43,union|44b6_c50204e0:43|21,0,geometry_1_00_focus4,-27.375232848892967
44b6_c50204e0,44b6_c50204e0:43,union|44b6_c50204e0:43|22,0,geometry_1_00_focus4,-32.208028782441495
44b6_c50204e0,44b6_c50204e0:43,union|44b6_c50204e0:43|23,0,geometry_1_00_focus4,-31.292596807320603
44b6_c50204e0,44b6_c50204e0:43,union|44b6_c50204e0:43|24,0,geometry_1_00_focus4,-36.87509565037263
44b6_c50204e0,44b6_c50204e0:43,union|44b6_c50204e0:43|25,0,geometry_1_00_focus4,-29.611761501426912
44b6_c50204e0,44b6_c50204e0:43,union|44b6_c50204e0:43|26,0,geometry_1_00_focus4,-29.574424834522496
44b6_c50204e0,44b6_c50204e0:43,union|44b6_c50204e0:43|27,0,geometry_1_00_focus4,-20.446293216603586
44b6_c50204e0,44b6_c50204e0:43,union|44b6_c50204e0:43|28,0,geometry_1_00_focus4,-27.598700296906948
44b6_c50204e0,44b6_c50204e0:43,union|44b6_c50204e0:43|29,0,geometry_1_00_focus4,-27.490605846607288
44b6_c50204e0,44b6_c50204e0:43,union|44b6_c50204e0:43|30,0,geometry_1_00_focus4,-33.1798119775776
44b6_c50204e0,44b6_c50204e0:43,union|44b6_c50204e0:43|31,0,geometry_1_00_focus4,-28.73219992619186
44b6_c50204e0,44b6_c50204e0:43,union|44b6_c50204e0:43|32,0,geometry_1_00_focus4,-26.233299318512437
44b6_c50204e0,44b6_c50204e0:43,union|44b6_c50204e0:43|33,0,geometry_1_00_focus4,-30.03538650701531
44b6_c50204e0,44b6_c50204e0:43,union|44b6_c50204e0:43|34,0,geometry_1_00_focus4,-31.021922341709228
44b6_c50204e0,44b6_c50204e0:43,union|44b6_c50204e0:43|35,0,geometry_1_00_focus4,-27.447086405690623
44b6_c50204e0,44b6_c50204e0:43,union|44b6_c50204e0:43|36,0,geometry_1_00_focus4,-33.95446309139584
44b6_c50204e0,44b6_c50204e0:43,union|44b6_c50204e0:43|37,0,geometry_1_00_focus4,-24.9737442018086
44b6_c50204e0,44b6_c50204e0:43,union|44b6_c50204e0:43|38,0,geometry_1_00_focus4,-22.455006178231766
44b6_c50204e0,44b6_c50204e0:43,union|44b6_c50204e0:43|39,0,geometry_1_00_focus4,-29.25322331384494
44b6_c50204e0,44b6_c50204e0:43,union|44b6_c50204e0:43|40,0,geometry_1_00_focus4,-31.416898611585935
44b6_c50204e0,44b6_c50204e0:43,union|44b6_c50204e0:43|41,0,geometry_1_00_focus4,-27.668638242675854
44b6_c50204e0,44b6_c50204e0:43,union|44b6_c50204e0:43|42,0,geometry_1_00_focus4,-28.17079889616566
44b6_c50204e0,44b6_c50204e0:43,union|44b6_c50204e0:43|43,0,geometry_1_00_focus4,-30.2414586644797
44b6_c50204e0,44b6_c50204e0:43,union|44b6_c50204e0:43|44,0,geometry_1_00_focus4,-33.30017210657088
44b6_c50204e0,44b6_c50204e0:43,union|44b6_c50204e0:43|45,0,geometry_1_00_focus4,-28.051691370441397
44b6_c50204e0,44b6_c50204e0:43,union|44b6_c50204e0:43|46,0,geometry_1_00_focus4,-31.42049752123952
44b6_c50204e0,44b6_c50204e0:43,union|44b6_c50204e0:43|47,0,geometry_1_00_focus4,-32.993166061207795
44b6_c50204e0,44b6_c50204e0:43,union|44b6_c50204e0:43|48,0,geometry_1_00_focus4,-30.403960695818576
44b6_c50204e0,44b6_c50204e0:43,union|44b6_c50204e0:43|49,0,geometry_1_00_focus4,-31.841638808597022
44b6_c50204e0,44b6_c50204e0:43,union|44b6_c50204e0:43|50,0,geometry_1_00_focus4,-22.03026598122068
44b6_c50204e0,44b6_c50204e0:43,union|44b6_c50204e0:43|51,0,geometry_1_00_focus4,-24.821627320934073
44b6_c50204e0,44b6_c50204e0:43,union|44b6_c50204e0:43|52,0,geometry_1_00_focus4,-34.971734215293836
44b6_c50204e0,44b6_c50204e0:43,union|44b6_c50204e0:43|53,0,geometry_1_00_focus4,-25.772132291427653
44b6_c50204e0,44b6_c50204e0:43,union|44b6_c50204e0:43|54,0,geometry_1_00_focus4,-24.276489884336783
44b6_c50204e0,44b6_c50204e0:43,union|44b6_c50204e0:43|55,0,geometry_1_00_focus4,-21.392172754824585
44b6_c50204e0,44b6_c50204e0:43,union|44b6_c50204e0:43|56,0,geometry_1_00_focus4,-28.33038996672702
44b6_c50204e0,44b6_c50204e0:43,union|44b6_c50204e0:43|57,0,geometry_1_00_focus4,-29.39488215226512
44b6_c50204e0,44b6_c50204e0:43,union|44b6_c50204e0:43|58,0,geometry_1_00_focus4,-31.329030718495147
44b6_c50204e0,44b6_c50204e0:43,union|44b6_c50204e0:43|59,0,geometry_1_00_focus4,-32.58514778390784
44b6_c50204e0,44b6_c50204e0:43,union|44b6_c50204e0:43|60,0,geometry_1_00_focus4,-25.23025636572668
44b6_c50204e0,44b6_c50204e0:43,union|44b6_c50204e0:43|61,0,geometry_1_00_focus4,-29.25322331384494
44b6_c50204e0,44b6_c50204e0:43,union|44b6_c50204e0:43|62,0,geometry_1_00_focus4,-23.715801200648396
44b6_c50204e0,44b6_c50204e0:43,union|44b6_c50204e0:43|63,0,geometry_1_00_focus4,-31.509919073206134
44b6_c50204e0,44b6_c50204e0:43,union|44b6_c50204e0:43|64,0,geometry_1_00_focus4,-30.014276666115265
44b6_c50204e0,44b6_c50204e0:43,union|44b6_c50204e0:43|65,0,geometry_1_00_focus4,-32.166655061441446
44b6_c50204e0,44b6_c50204e0:43,union|44b6_c50204e0:43|66,0,geometry_1_00_focus4,-28.550222331872263
44b6_c50204e0,44b6_c50204e0:43,union|44b6_c50204e0:43|67,0,geometry_1_00_focus4,-29.54354176974074
44b6_c50204e0,44b6_c50204e0:43,union|44b6_c50204e0:43|68,0,geometry_1_00_focus4,-25.368589184139942
44b6_c50204e0,44b6_c50204e0:43,union|44b6_c50204e0:43|69,0,geometry_1_00_focus4,-19.735380368625734
44b6_c50204e0,44b6_c50204e0:43,union|44b6_c50204e0:43|70,0,geometry_1_00_focus4,-35.59061241217033
44b6_c50204e0,44b6_c50204e0:43,union|44b6_c50204e0:43|71,0,geometry_1_00_focus4,-27.69622203267106
44b6_c50204e0,44b6_c50204e0:43,union|44b6_c50204e0:43|72,0,geometry_1_00_focus4,-34.49537375294311
44b6_c50204e0,44b6_c50204e0:43,union|44b6_c50204e0:43|73,0,geometry_1_00_focus4,-32.56409023988454
44b6_c50204e0,44b6_c50204e0:43,union|44b6_c50204e0:43|74,0,geometry_1_00_focus4,-33.62995953660307
44b6_c50204e0,44b6_c50204e0:43,union|44b6_c50204e0:43|75,0,geometry_1_00_focus4,-27.69622203267106
44b6_c50204e0,44b6_c50204e0:43,union|44b6_c50204e0:43|76,0,geometry_1_00_focus4,-33.105211696153944
44b6_c50204e0,44b6_c50204e0:43,union|44b6_c50204e0:43|77,0,geometry_1_00_focus4,-38.010881122764346
44b6_c50204e0,44b6_c50204e0:43,union|44b6_c50204e0:43|78,0,geometry_1_00_focus4,-34.1409543066261
44b6_c50204e0,44b6_c50204e0:43,union|44b6_c50204e0:43|79,0,geometry_1_00_focus4,-29.681830747374732
44b6_c50204e0,44b6_c50204e0:43,union|44b6_c50204e0:43|80,0,geometry_1_00_focus4,-28.431388180577123
44b6_c50204e0,44b6_c50204e0:43,union|44b6_c50204e0:43|81,0,geometry_1_00_focus4,-29.675420722833046
44b6_c50204e0,44b6_c50204e0:43,union|44b6_c50204e0:43|82,0,geometry_1_00_focus4,-35.628646485207085
44b6_c50204e0,44b6_c50204e0:43,union|44b6_c50204e0:43|83,0,geometry_1_00_focus4,-25.474706941008897
44b6_c50204e0,44b6_c50204e0:43,union|44b6_c50204e0:43|84,0,geometry_1_00_focus4,-25.825268582208984
44b6_c50204e0,44b6_c50204e0:43,union|44b6_c50204e0:43|85,0,geometry_1_00_focus4,-11.080295967740398
44b6_c50204e0,44b6_c50204e0:43,union|44b6_c50204e0:43|86,1,geometry_1_00_focus4,-16.921982333426854
44b6_c50204e0,44b6_c50204e0:43,union|44b6_c50204e0:43|87,0,geometry_1_00_focus4,-25.5176473787099
44b6_c50204e0,44b6_c50204e0:43,union|44b6_c50204e0:43|88,0,geometry_1_00_focus4,-22.346618242772298
44b6_c50204e0,44b6_c50204e0:43,union|44b6_c50204e0:43|89,0,geometry_1_00_focus4,-29.30010967946184
44b6_c50204e0,44b6_c50204e0:43,union|44b6_c50204e0:43|90,0,geometry_1_00_focus4,-30.309826443265713
44b6_c50204e0,44b6_c50204e0:43,union|44b6_c50204e0:43|91,0,geometry_1_00_focus4,-36.94670441786085
44b6_c50204e0,44b6_c50204e0:43,union|44b6_c50204e0:43|92,0,geometry_1_00_focus4,-27.433788963679618
44b6_c50204e0,44b6_c50204e0:43,union|44b6_c50204e0:43|93,0,geometry_1_00_focus4,-27.01089255124851
44b6_c50204e0,44b6_c50204e0:43,union|44b6_c50204e0:43|94,0,geometry_1_00_focus4,-33.526082179031405
44b6_c50204e0,44b6_c50204e0:43,union|44b6_c50204e0:43|95,0,geometry_1_00_focus4,-32.343617000874325
44b6_c50204e0,44b6_c50204e0:43,union|44b6_c50204e0:43|96,0,geometry_1_00_focus4,-30.3998493947725
44b6_c50204e0,44b6_c50204e0:43,union|44b6_c50204e0:43|97,0,geometry_1_00_focus4,-35.05105330041203
44b6_c50204e0,44b6_c50204e0:43,union|44b6_c50204e0:43|98,0,geometry_1_00_focus4,-23.702010302909123
44b6_c50204e0,44b6_c50204e0:43,union|44b6_c50204e0:43|99,0,geometry_1_00_focus4,-28.858212288318192
44b6_c50204e0,44b6_c50204e0:43,union|44b6_c50204e0:43|100,0,geometry_1_00_focus4,-39.060025562608644
44b6_c50204e0,44b6_c50204e0:43,union|44b6_c50204e0:43|101,0,geometry_1_00_focus4,-24.28908297196937
44b6_c50204e0,44b6_c50204e0:43,union|44b6_c50204e0:43|102,0,geometry_1_00_focus4,-23.901178840965578
44b6_c50204e0,44b6_c50204e0:43,union|44b6_c50204e0:43|103,0,geometry_1_00_focus4,-21.88124273922527
44b6_c50204e0,44b6_c50204e0:43,union|44b6_c50204e0:43|104,0,geometry_1_00_focus4,-35.45481648637468
44b6_c50204e0,44b6_c50204e0:43,union|44b6_c50204e0:43|105,0,geometry_1_00_focus4,-21.547952905269614
44b6_c50204e0,44b6_c50204e0:43,union|44b6_c50204e0:43|106,0,geometry_1_00_focus4,-13.583210783253595
44b6_c50204e0,44b6_c50204e0:43,union|44b6_c50204e0:43|107,0,geometry_1_00_focus4,-23.010209941105767
44b6_c50204e0,44b6_c50204e0:43,union|44b6_c50204e0:43|108,0,geometry_1_00_focus4,-21.442548534941885
44b6_c50204e0,44b6_c50204e0:43,union|44b6_c50204e0:43|109,0,geometry_1_00_focus4,-33.61372826603545
44b6_c50204e0,44b6_c50204e0:43,union|44b6_c50204e0:43|110,0,geometry_1_00_focus4,-35.05105330041203
44b6_c50204e0,44b6_c50204e0:43,union|44b6_c50204e0:43|111,0,geometry_1_00_focus4,-28.617666000854285
44b6_c50204e0,44b6_c50204e0:43,union|44b6_c50204e0:43|112,0,geometry_1_00_focus4,-29.39488215226512
44b6_c50204e0,44b6_c50204e0:43,union|44b6_c50204e0:43|113,0,geometry_1_00_focus4,-36.47283296262041
44b6_c50204e0,44b6_c50204e0:43,union|44b6_c50204e0:43|114,0,geometry_1_00_focus4,-27.010600312478637
44b6_c50204e0,44b6_c50204e0:43,union|44b6_c50204e0:43|115,0,geometry_1_00_focus4,-25.749802323793595
44b6_c50204e0,44b6_c50204e0:43,union|44b6_c50204e0:43|116,0,geometry_1_00_focus4,-21.54615560686276
44b6_c50204e0,44b6_c50204e0:43,union|44b6_c50204e0:43|117,0,geometry_1_00_focus4,-27.862784645085256
44b6_c50204e0,44b6_c50204e0:43,union|44b6_c50204e0:43|118,0,geometry_1_00_focus4,-34.98369478385833
44b6_c50204e0,44b6_c50204e0:43,union|44b6_c50204e0:43|119,0,geometry_1_00_focus4,-33.58415591050664
44b6_c50204e0,44b6_c50204e0:43,union|44b6_c50204e0:43|120,0,geometry_1_00_focus4,-31.555841026831217
44b6_c50204e0,44b6_c50204e0:43,union|44b6_c50204e0:43|121,0,geometry_1_00_focus4,-30.78511867061014
44b6_c50204e0,44b6_c50204e0:43,union|44b6_c50204e0:43|122,0,geometry_1_00_focus4,-27.384614393732686
44b6_c50204e0,44b6_c50204e0:43,union|44b6_c50204e0:43|123,0,geometry_1_00_focus4,-34.16142128962552
44b6_c50204e0,44b6_c50204e0:43,union|44b6_c50204e0:43|124,0,geometry_1_00_focus4,-32.690090539014655
44b6_c50204e0,44b6_c50204e0:43,union|44b6_c50204e0:43|125,0,geometry_1_00_focus4,-28.021530422446133
44b6_c50204e0,44b6_c50204e0:43,union|44b6_c50204e0:43|126,0,geometry_1_00_focus4,-28.051691370441397
44b6_c50204e0,44b6_c50204e0:43,union|44b6_c50204e0:43|127,0,geometry_1_00_focus4,-22.499314376574446
44b6_c50204e0,44b6_c50204e0:43,union|44b6_c50204e0:43|128,0,geometry_1_00_focus4,-27.89796543360734
44b6_c50204e0,44b6_c50204e0:43,union|44b6_c50204e0:43|129,0,geometry_1_00_focus4,-20.678825200572966
44b6_c50204e0,44b6_c50204e0:43,union|44b6_c50204e0:43|130,0,geometry_1_00_focus4,-31.987917012497398
44b6_c50204e0,44b6_c50204e0:43,union|44b6_c50204e0:43|131,0,geometry_1_00_focus4,-33.88088271905759
44b6_c50204e0,44b6_c50204e0:43,union|44b6_c50204e0:43|132,0,geometry_1_00_focus4,-31.824104508963906
44b6_c50204e0,44b6_c50204e0:43,union|44b6_c50204e0:43|133,0,geometry_1_00_focus4,-31.666103593320848
44b6_c50204e0,44b6_c50204e0:43,union|44b6_c50204e0:43|134,0,geometry_1_00_focus4,-23.702010302909123
44b6_c50204e0,44b6_c50204e0:43,union|44b6_c50204e0:43|135,0,geometry_1_00_focus4,-23.702010302909123
44b6_c50204e0,44b6_c50204e0:43,union|44b6_c50204e0:43|136,0,geometry_1_00_focus4,-38.41438311297601
44b6_c50204e0,44b6_c50204e0:184,union|44b6_c50204e0:184|0,0,geometry_1_00_focus4,-22.413430122845575
44b6_c50204e0,44b6_c50204e0:184,union|44b6_c50204e0:184|1,0,geometry_1_00_focus4,-26.93504053597411
44b6_c50204e0,44b6_c50204e0:184,union|44b6_c50204e0:184|2,0,geometry_1_00_focus4,-29.681830747374732
44b6_c50204e0,44b6_c50204e0:184,union|44b6_c50204e0:184|3,0,geometry_1_00_focus4,-23.616126049180256
44b6_c50204e0,44b6_c50204e0:184,union|44b6_c50204e0:184|4,0,geometry_1_00_focus4,-32.604206285285784
44b6_c50204e0,44b6_c50204e0:184,union|44b6_c50204e0:184|5,0,geometry_1_00_focus4,-26.231050729903455
44b6_c50204e0,44b6_c50204e0:184,union|44b6_c50204e0:184|6,0,geometry_1_00_focus4,-25.861422974504755
44b6_c50204e0,44b6_c50204e0:184,union|44b6_c50204e0:184|7,0,geometry_1_00_focus4,-34.55747863466573
44b6_c50204e0,44b6_c50204e0:184,union|44b6_c50204e0:184|8,0,geometry_1_00_focus4,-28.125482134861173
44b6_c50204e0,44b6_c50204e0:184,union|44b6_c50204e0:184|9,0,geometry_1_00_focus4,-27.70585063662083
44b6_c50204e0,44b6_c50204e0:184,union|44b6_c50204e0:184|10,0,geometry_1_00_focus4,-31.416898611585935
44b6_c50204e0,44b6_c50204e0:184,union|44b6_c50204e0:184|11,0,geometry_1_00_focus4,-30.22359034819846
44b6_c50204e0,44b6_c50204e0:184,union|44b6_c50204e0:184|12,0,geometry_1_00_focus4,-33.27893099252128
44b6_c50204e0,44b6_c50204e0:184,union|44b6_c50204e0:184|13,0,geometry_1_00_focus4,-22.336850982054834
44b6_c50204e0,44b6_c50204e0:184,union|44b6_c50204e0:184|14,0,geometry_1_00_focus4,-31.720925049864867
44b6_c50204e0,44b6_c50204e0:184,union|44b6_c50204e0:184|15,0,geometry_1_00_focus4,-26.444630055180518
44b6_c50204e0,44b6_c50204e0:184,union|44b6_c50204e0:184|16,0,geometry_1_00_focus4,-30.824589591783585
44b6_c50204e0,44b6_c50204e0:184,union|44b6_c50204e0:184|17,0,geometry_1_00_focus4,-21.963921171749355
44b6_c50204e0,44b6_c50204e0:184,union|44b6_c50204e0:184|18,0,geometry_1_00_focus4,-22.516315559483758
44b6_c50204e0,44b6_c50204e0:184,union|44b6_c50204e0:184|19,0,geometry_1_00_focus4,-29.142542866677644
44b6_c50204e0,44b6_c50204e0:184,union|44b6_c50204e0:184|20,0,geometry_1_00_focus4,-28.953636141321507
44b6_c50204e0,44b6_c50204e0:184,union|44b6_c50204e0:184|21,0,geometry_1_00_focus4,-25.970461445491992
44b6_c50204e0,44b6_c50204e0:184,union|44b6_c50204e0:184|22,0,geometry_1_00_focus4,-34.90528293074778
44b6_c50204e0,44b6_c50204e0:184,union|44b6_c50204e0:184|23,0,geometry_1_00_focus4,-33.09175187809582
44b6_c50204e0,44b6_c50204e0:184,union|44b6_c50204e0:184|24,0,geometry_1_00_focus4,-33.526082179031405
44b6_c50204e0,44b6_c50204e0:184,union|44b6_c50204e0:184|25,0,geometry_1_00_focus4,-38.88931280707733
44b6_c50204e0,44b6_c50204e0:184,union|44b6_c50204e0:184|26,0,geometry_1_00_focus4,-27.47704233618614
44b6_c50204e0,44b6_c50204e0:184,union|44b6_c50204e0:184|27,0,geometry_1_00_focus4,-31.590498076979642
44b6_c50204e0,44b6_c50204e0:184,union|44b6_c50204e0:184|28,0,geometry_1_00_focus4,-23.995951313768856
44b6_c50204e0,44b6_c50204e0:184,union|44b6_c50204e0:184|29,0,geometry_1_00_focus4,-25.46926375322567
44b6_c50204e0,44b6_c50204e0:184,union|44b6_c50204e0:184|30,0,geometry_1_00_focus4,-22.10377855894427
44b6_c50204e0,44b6_c50204e0:184,union|44b6_c50204e0:184|31,0,geometry_1_00_focus4,-23.592408206481146
44b6_c50204e0,44b6_c50204e0:184,union|44b6_c50204e0:184|32,0,geometry_1_00_focus4,-33.09305016641652
44b6_c50204e0,44b6_c50204e0:184,union|44b6_c50204e0:184|33,0,geometry_1_00_focus4,-25.808957129025114
44b6_c50204e0,44b6_c50204e0:184,union|44b6_c50204e0:184|34,0,geometry_1_00_focus4,-30.944276635923913
44b6_c50204e0,44b6_c50204e0:184,union|44b6_c50204e0:184|35,0,geometry_1_00_focus4,-34.50553129558579
44b6_c50204e0,44b6_c50204e0:184,union|44b6_c50204e0:184|36,0,geometry_1_00_focus4,-33.2948286012486
44b6_c50204e0,44b6_c50204e0:184,union|44b6_c50204e0:184|37,0,geometry_1_00_focus4,-20.581071381674413
44b6_c50204e0,44b6_c50204e0:184,union|44b6_c50204e0:184|38,0,geometry_1_00_focus4,-31.95373024441554
44b6_c50204e0,44b6_c50204e0:184,union|44b6_c50204e0:184|39,0,geometry_1_00_focus4,-25.808957129025114
44b6_c50204e0,44b6_c50204e0:184,union|44b6_c50204e0:184|40,0,geometry_1_00_focus4,-26.82070453387338
44b6_c50204e0,44b6_c50204e0:184,union|44b6_c50204e0:184|41,0,geometry_1_00_focus4,-31.04988049391444
44b6_c50204e0,44b6_c50204e0:184,union|44b6_c50204e0:184|42,0,geometry_1_00_focus4,-26.181789977863595
44b6_c50204e0,44b6_c50204e0:184,union|44b6_c50204e0:184|43,0,geometry_1_00_focus4,-27.585138106683914
44b6_c50204e0,44b6_c50204e0:184,union|44b6_c50204e0:184|44,0,geometry_1_00_focus4,-30.917615616346218
44b6_c50204e0,44b6_c50204e0:184,union|44b6_c50204e0:184|45,0,geometry_1_00_focus4,-23.77144106614884
44b6_c50204e0,44b6_c50204e0:184,union|44b6_c50204e0:184|46,0,geometry_1_00_focus4,-28.79567664706049
44b6_c50204e0,44b6_c50204e0:184,union|44b6_c50204e0:184|47,0,geometry_1_00_focus4,-29.407241037967793
44b6_c50204e0,44b6_c50204e0:184,union|44b6_c50204e0:184|48,0,geometry_1_00_focus4,-24.238629647536875
44b6_c50204e0,44b6_c50204e0:184,union|44b6_c50204e0:184|49,0,geometry_1_00_focus4,-26.115485194281398
44b6_c50204e0,44b6_c50204e0:184,union|44b6_c50204e0:184|50,0,geometry_1_00_focus4,-19.763701197773617
44b6_c50204e0,44b6_c50204e0:184,union|44b6_c50204e0:184|51,0,geometry_1_00_focus4,-25.64628622257856
44b6_c50204e0,44b6_c50204e0:184,union|44b6_c50204e0:184|52,0,geometry_1_00_focus4,-24.375
44b6_c50204e0,44b6_c50204e0:184,union|44b6_c50204e0:184|53,0,geometry_1_00_focus4,-25.15620363491277
44b6_c50204e0,44b6_c50204e0:184,union|44b6_c50204e0:184|54,0,geometry_1_00_focus4,-31.66814378276496
44b6_c50204e0,44b6_c50204e0:184,union|44b6_c50204e0:184|55,0,geometry_1_00_focus4,-29.51945541558279
44b6_c50204e0,44b6_c50204e0:184,union|44b6_c50204e0:184|56,0,geometry_1_00_focus4,-33.22397510617185
44b6_c50204e0,44b6_c50204e0:184,union|44b6_c50204e0:184|57,0,geometry_1_00_focus4,-33.71442770226494
44b6_c50204e0,44b6_c50204e0:184,union|44b6_c50204e0:184|58,0,geometry_1_00_focus4,-34.415329410317334
44b6_c50204e0,44b6_c50204e0:184,union|44b6_c50204e0:184|59,0,geometry_1_00_focus4,-30.145514954820072
44b6_c50204e0,44b6_c50204e0:184,union|44b6_c50204e0:184|60,0,geometry_1_00_focus4,-22.136024831294904
44b6_c50204e0,44b6_c50204e0:184,union|44b6_c50204e0:184|61,0,geometry_1_00_focus4,-32.907281807478924
44b6_c50204e0,44b6_c50204e0:184,union|44b6_c50204e0:184|62,0,geometry_1_00_focus4,-23.506245726813525
44b6_c50204e0,44b6_c50204e0:184,union|44b6_c50204e0:184|63,0,geometry_1_00_focus4,-23.222859358261086
44b6_c50204e0,44b6_c50204e0:184,union|44b6_c50204e0:184|64,0,geometry_1_00_focus4,-29.551340989832163
44b6_c50204e0,44b6_c50204e0:184,union|44b6_c50204e0:184|65,0,geometry_1_00_focus4,-22.136024831294904
44b6_c50204e0,44b6_c50204e0:184,union|44b6_c50204e0:184|66,0,geometry_1_00_focus4,-28.47991528784207
44b6_c50204e0,44b6_c50204e0:184,union|44b6_c50204e0:184|67,0,geometry_1_00_focus4,-24.890578477538796
44b6_c50204e0,44b6_c50204e0:184,union|44b6_c50204e0:184|68,0,geometry_1_00_focus4,-31.987917012497398
44b6_c50204e0,44b6_c50204e0:184,union|44b6_c50204e0:184|69,0,geometry_1_00_focus4,-31.60599776230331
44b6_c50204e0,44b6_c50204e0:184,union|44b6_c50204e0:184|70,0,geometry_1_00_focus4,-34.25223806709985
44b6_c50204e0,44b6_c50204e0:184,union|44b6_c50204e0:184|71,0,geometry_1_00_focus4,-18.654283617898177
44b6_c50204e0,44b6_c50204e0:184,union|44b6_c50204e0:184|72,0,geometry_1_00_focus4,-26.599432618227013
44b6_c50204e0,44b6_c50204e0:184,union|44b6_c50204e0:184|73,0,geometry_1_00_focus4,-23.407827112121424
44b6_c50204e0,44b6_c50204e0:184,union|44b6_c50204e0:184|74,0,geometry_1_00_focus4,-20.241948299572435
44b6_c50204e0,44b6_c50204e0:184,union|44b6_c50204e0:184|75,0,geometry_1_00_focus4,-31.434130703281475
44b6_c50204e0,44b6_c50204e0:184,union|44b6_c50204e0:184|76,0,geometry_1_00_focus4,-28.125482134861173
44b6_c50204e0,44b6_c50204e0:184,union|44b6_c50204e0:184|77,0,geometry_1_00_focus4,-29.126310679590638
44b6_c50204e0,44b6_c50204e0:184,union|44b6_c50204e0:184|78,0,geometry_1_00_focus4,-34.22683856035496
44b6_c50204e0,44b6_c50204e0:184,union|44b6_c50204e0:184|79,0,geometry_1_00_focus4,-31.455749560793834
44b6_c50204e0,44b6_c50204e0:184,union|44b6_c50204e0:184|80,0,geometry_1_00_focus4,-30.87826072217968
44b6_c50204e0,44b6_c50204e0:184,union|44b6_c50204e0:184|81,0,geometry_1_00_focus4,-31.055866364018375
44b6_c50204e0,44b6_c50204e0:184,union|44b6_c50204e0:184|82,0,geometry_1_00_focus4,-23.11834159580973
44b6_c50204e0,44b6_c50204e0:184,union|44b6_c50204e0:184|83,0,geometry_1_00_focus4,-26.01417530756512
44b6_c50204e0,44b6_c50204e0:184,union|44b6_c50204e0:184|84,0,geometry_1_00_focus4,-12.105420832022665
44b6_c50204e0,44b6_c50204e0:184,union|44b6_c50204e0:184|85,0,geometry_1_00_focus4,-31.355398979103875
44b6_c50204e0,44b6_c50204e0:184,union|44b6_c50204e0:184|86,0,geometry_1_00_focus4,-23.480214542913338
44b6_c50204e0,44b6_c50204e0:184,union|44b6_c50204e0:184|87,0,geometry_1_00_focus4,-19.843041645257966
44b6_c50204e0,44b6_c50204e0:184,union|44b6_c50204e0:184|88,0,geometry_1_00_focus4,-27.327062467886947
44b6_c50204e0,44b6_c50204e0:184,union|44b6_c50204e0:184|89,0,geometry_1_00_focus4,-29.5126070171967
44b6_c50204e0,44b6_c50204e0:184,union|44b6_c50204e0:184|90,0,geometry_1_00_focus4,-31.584649446303423
44b6_c50204e0,44b6_c50204e0:184,union|44b6_c50204e0:184|91,0,geometry_1_00_focus4,-32.15470672566037
44b6_c50204e0,44b6_c50204e0:184,union|44b6_c50204e0:184|92,0,geometry_1_00_focus4,-33.43137830674599
44b6_c50204e0,44b6_c50204e0:184,union|44b6_c50204e0:184|93,0,geometry_1_00_focus4,-30.344342037057693
44b6_c50204e0,44b6_c50204e0:184,union|44b6_c50204e0:184|94,0,geometry_1_00_focus4,-34.41964704185692
44b6_c50204e0,44b6_c50204e0:184,union|44b6_c50204e0:184|95,0,geometry_1_00_focus4,-27.0421427029888
44b6_c50204e0,44b6_c50204e0:184,union|44b6_c50204e0:184|96,0,geometry_1_00_focus4,-34.96516904668316
44b6_c50204e0,44b6_c50204e0:184,union|44b6_c50204e0:184|97,0,geometry_1_00_focus4,-34.1409543066261
44b6_c50204e0,44b6_c50204e0:184,union|44b6_c50204e0:184|98,0,geometry_1_00_focus4,-30.22359034819846
44b6_c50204e0,44b6_c50204e0:184,union|44b6_c50204e0:184|99,0,geometry_1_00_focus4,-20.640213220798984
44b6_c50204e0,44b6_c50204e0:184,union|44b6_c50204e0:184|100,0,geometry_1_00_focus4,-28.125482134861173
44b6_c50204e0,44b6_c50204e0:184,union|44b6_c50204e0:184|101,0,geometry_1_00_focus4,-28.021875062940296
44b6_c50204e0,44b6_c50204e0:184,union|44b6_c50204e0:184|102,0,geometry_1_00_focus4,-33.20521933959198
44b6_c50204e0,44b6_c50204e0:184,union|44b6_c50204e0:184|103,0,geometry_1_00_focus4,-31.661267223913427
44b6_c50204e0,44b6_c50204e0:184,union|44b6_c50204e0:184|104,0,geometry_1_00_focus4,-34.07063355593202
44b6_c50204e0,44b6_c50204e0:184,union|44b6_c50204e0:184|105,0,geometry_1_00_focus4,-25.042431337053138
44b6_c50204e0,44b6_c50204e0:184,union|44b6_c50204e0:184|106,0,geometry_1_00_focus4,-28.85612837758821
44b6_c50204e0,44b6_c50204e0:184,union|44b6_c50204e0:184|107,0,geometry_1_00_focus4,-29.43221672530659
44b6_c50204e0,44b6_c50204e0:184,union|44b6_c50204e0:184|108,0,geometry_1_00_focus4,-25.300592705055458
44b6_c50204e0,44b6_c50204e0:184,union|44b6_c50204e0:184|109,0,geometry_1_00_focus4,-32.21771471338853
44b6_c50204e0,44b6_c50204e0:184,union|44b6_c50204e0:184|110,0,geometry_1_00_focus4,-35.25608138272571
44b6_c50204e0,44b6_c50204e0:184,union|44b6_c50204e0:184|111,0,geometry_1_00_focus4,-24.35031520704436
44b6_c50204e0,44b6_c50204e0:184,union|44b6_c50204e0:184|112,0,geometry_1_00_focus4,-23.52549155945895
44b6_c50204e0,44b6_c50204e0:184,union|44b6_c50204e0:184|113,0,geometry_1_00_focus4,-24.090085566321715
44b6_c50204e0,44b6_c50204e0:184,union|44b6_c50204e0:184|114,0,geometry_1_00_focus4,-30.484608336335505
44b6_c50204e0,44b6_c50204e0:184,union|44b6_c50204e0:184|115,0,geometry_1_00_focus4,-32.671887917668975
44b6_c50204e0,44b6_c50204e0:184,union|44b6_c50204e0:184|116,0,geometry_1_00_focus4,-25.08185696165672
44b6_c50204e0,44b6_c50204e0:184,union|44b6_c50204e0:184|117,0,geometry_1_00_focus4,-30.403960695818576
44b6_c50204e0,44b6_c50204e0:184,union|44b6_c50204e0:184|118,0,geometry_1_00_focus4,-28.966283820103605
44b6_c50204e0,44b6_c50204e0:184,union|44b6_c50204e0:184|119,0,geometry_1_00_focus4,-30.15889048090637
44b6_c50204e0,44b6_c50204e0:184,union|44b6_c50204e0:184|120,0,geometry_1_00_focus4,-28.60377855894427
44b6_c50204e0,44b6_c50204e0:184,union|44b6_c50204e0:184|121,0,geometry_1_00_focus4,-20.41569274664738
44b6_c50204e0,44b6_c50204e0:184,union|44b6_c50204e0:184|122,1,geometry_1_00_focus4,-14.290006843786474
44b6_c50204e0,44b6_c50204e0:184,union|44b6_c50204e0:184|123,0,geometry_1_00_focus4,-23.822912811497126
44b6_c50204e0,44b6_c50204e0:184,union|44b6_c50204e0:184|124,0,geometry_1_00_focus4,-27.494879122200068
44b6_c50204e0,44b6_c50204e0:184,union|44b6_c50204e0:184|125,0,geometry_1_00_focus4,-31.0870360799344
44b6_c50204e0,44b6_c50204e0:184,union|44b6_c50204e0:184|126,0,geometry_1_00_focus4,-28.593036799247162
44b6_c50204e0,44b6_c50204e0:184,union|44b6_c50204e0:184|127,0,geometry_1_00_focus4,-29.6001193590974
44b6_c50204e0,44b6_c50204e0:184,union|44b6_c50204e0:184|128,0,geometry_1_00_focus4,-26.701291537550127
44b6_c50204e0,44b6_c50204e0:184,union|44b6_c50204e0:184|129,0,geometry_1_00_focus4,-29.760760872248838
44b6_c50204e0,44b6_c50204e0:184,union|44b6_c50204e0:184|130,0,geometry_1_00_focus4,-32.06061831869586
44b6_c50204e0,44b6_c50204e0:184,union|44b6_c50204e0:184|131,0,geometry_1_00_focus4,-23.28986444269203
44b6_c50204e0,44b6_c50204e0:184,union|44b6_c50204e0:184|132,0,geometry_1_00_focus4,-19.763701197773617
44b6_c50204e0,44b6_c50204e0:184,union|44b6_c50204e0:184|133,0,geometry_1_00_focus4,-33.153530321225716
44b6_c50204e0,44b6_c50204e0:184,union|44b6_c50204e0:184|134,0,geometry_1_00_focus4,-29.694630055180518
44b6_c50204e0,44b6_c50204e0:184,union|44b6_c50204e0:184|135,0,geometry_1_00_focus4,-29.25
44b6_c50204e0,44b6_c50204e0:184,union|44b6_c50204e0:184|136,0,geometry_1_00_focus4,-24.821627320934073
44b6_c50204e0,44b6_c50204e0:184,union|44b6_c50204e0:184|137,0,geometry_1_00_focus4,-25.28083760199075
44b6_c50204e0,44b6_c50204e0:184,union|44b6_c50204e0:184|138,0,geometry_1_00_focus4,-30.379959536603067
44b6_c50204e0,44b6_c50204e0:184,union|44b6_c50204e0:184|139,0,geometry_1_00_focus4,-32.051631127816094
44b6_c50204e0,44b6_c50204e0:184,union|44b6_c50204e0:184|140,0,geometry_1_00_focus4,-29.480290581969633
44b6_c50204e0,44b6_c50204e0:184,union|44b6_c50204e0:184|141,0,geometry_1_00_focus4,-19.901661866559195
44b6_c50204e0,44b6_c50204e0:184,union|44b6_c50204e0:184|142,0,geometry_1_00_focus4,-20.28956599756299
44b6_c50204e0,44b6_c50204e0:184,union|44b6_c50204e0:184|143,0,geometry_1_00_focus4,-30.78629108571801
44b6_c50204e0,44b6_c50204e0:184,union|44b6_c50204e0:184|144,0,geometry_1_00_focus4,-25.33565820102226
44b6_c50204e0,44b6_c50204e0:184,union|44b6_c50204e0:184|145,0,geometry_1_00_focus4,-22.346618242772298
44b6_c50204e0,44b6_c50204e0:184,union|44b6_c50204e0:184|146,0,geometry_1_00_focus4,-27.279976813237
44b6_c50204e0,44b6_c50204e0:184,union|44b6_c50204e0:184|147,0,geometry_1_00_focus4,-30.372325263156142
44b6_c50204e0,44b6_c50204e0:184,union|44b6_c50204e0:184|148,0,geometry_1_00_focus4,-24.89196585074785
44b6_c50204e0,44b6_c50204e0:184,union|44b6_c50204e0:184|149,0,geometry_1_00_focus4,-27.877143320054216
44b6_c50204e0,44b6_c50204e0:184,union|44b6_c50204e0:184|150,0,geometry_1_00_focus4,-25.11514167056224
44b6_c50204e0,44b6_c50204e0:184,union|44b6_c50204e0:184|151,0,geometry_1_00_focus4,-32.46701010000501
44b6_c50204e0,44b6_c50204e0:184,union|44b6_c50204e0:184|152,0,geometry_1_00_focus4,-28.193167746373682
44b6_c50204e0,44b6_c50204e0:184,union|44b6_c50204e0:184|153,0,geometry_1_00_focus4,-31.505905950944037
44b6_c50204e0,44b6_c50204e0:184,union|44b6_c50204e0:184|154,0,geometry_1_00_focus4,-39.40776557138838
44b6_c50204e0,44b6_c50204e0:184,union|44b6_c50204e0:184|155,0,geometry_1_00_focus4,-16.4500466416287
44b6_c50204e0,44b6_c50204e0:184,union|44b6_c50204e0:184|156,0,geometry_1_00_focus4,-21.104114841818273
44b6_c50204e0,44b6_c50204e0:184,union|44b6_c50204e0:184|157,0,geometry_1_00_focus4,-32.22523429660232
44b6_c50204e0,44b6_c50204e0:184,union|44b6_c50204e0:184|158,0,geometry_1_00_focus4,-30.220558159430336
44b6_c50204e0,44b6_c50204e0:184,union|44b6_c50204e0:184|159,0,geometry_1_00_focus4,-25.425904001259575
44b6_c50204e0,44b6_c50204e0:184,union|44b6_c50204e0:184|160,0,geometry_1_00_focus4,-26.89692368547146
44b6_c50204e0,44b6_c50204e0:184,union|44b6_c50204e0:184|161,0,geometry_1_00_focus4,-23.200339681097574
44b6_c50204e0,44b6_c50204e0:184,union|44b6_c50204e0:184|162,0,geometry_1_00_focus4,-30.746322932912832
44b6_c50204e0,44b6_c50204e0:184,union|44b6_c50204e0:184|163,0,geometry_1_00_focus4,-24.32985628515558
44b6_c50204e0,44b6_c50204e0:184,union|44b6_c50204e0:184|164,0,geometry_1_00_focus4,-22.980970388562795
44b6_c50204e0,44b6_c50204e0:184,union|44b6_c50204e0:184|165,0,geometry_1_00_focus4,-28.877367377606614
44b6_c50204e0,44b6_c50204e0:184,union|44b6_c50204e0:184|166,0,geometry_1_00_focus4,-20.490016547747565
44b6_c50204e0,44b6_c50204e0:184,union|44b6_c50204e0:184|167,0,geometry_1_00_focus4,-25.78306009457922
44b6_c50204e0,44b6_c50204e0:184,union|44b6_c50204e0:184|168,0,geometry_1_00_focus4,-21.08116950485747
44b6_c50204e0,44b6_c50204e0:184,union|44b6_c50204e0:184|169,0,geometry_1_00_focus4,-31.661267223913427
44b6_c50204e0,44b6_c50204e0:184,union|44b6_c50204e0:184|170,0,geometry_1_00_focus4,-24.74287570170721
44b6_c50204e0,44b6_c50204e0:184,union|44b6_c50204e0:184|171,0,geometry_1_00_focus4,-28.816196876578246
44b6_c50204e0,44b6_c50204e0:184,union|44b6_c50204e0:184|172,0,geometry_1_00_focus4,-31.544437084108026
44b6_c50204e0,44b6_c50204e0:184,union|44b6_c50204e0:184|173,0,geometry_1_00_focus4,-30.266696331272374
44b6_c50204e0,44b6_c50204e0:184,union|44b6_c50204e0:184|174,0,geometry_1_00_focus4,-19.689553911838033
44b6_c50204e0,44b6_c50204e0:184,union|44b6_c50204e0:184|175,0,geometry_1_00_focus4,-27.160397909672824
44b6_c50204e0,44b6_c50204e0:184,union|44b6_c50204e0:184|176,0,geometry_1_00_focus4,-31.093835907181138
44b6_c50204e0,44b6_c50204e0:184,union|44b6_c50204e0:184|177,0,geometry_1_00_focus4,-32.690090539014655
44b6_c50204e0,44b6_c50204e0:184,union|44b6_c50204e0:184|178,0,geometry_1_00_focus4,-31.502782865314806
44b6_c50204e0,44b6_c50204e0:184,union|44b6_c50204e0:184|179,0,geometry_1_00_focus4,-24.16699640491442
44b6_c50204e0,44b6_c50204e0:184,union|44b6_c50204e0:184|180,0,geometry_1_00_focus4,-35.650846231084955
44b6_c50204e0,44b6_c50204e0:184,union|44b6_c50204e0:184|181,0,geometry_1_00_focus4,-24.688943677844094
44b6_c50204e0,44b6_c50204e0:184,union|44b6_c50204e0:184|182,0,geometry_1_00_focus4,-22.071675492983804
44b6_c50204e0,44b6_c50204e0:184,union|44b6_c50204e0:184|183,0,geometry_1_00_focus4,-32.679454566109484
44b6_c50204e0,44b6_c50204e0:184,union|44b6_c50204e0:184|184,0,geometry_1_00_focus4,-33.85806999745297
44b6_c50204e0,44b6_c50204e0:184,union|44b6_c50204e0:184|185,0,geometry_1_00_focus4,-25.832286107970155
44b6_c50204e0,44b6_c50204e0:184,union|44b6_c50204e0:184|186,0,geometry_1_00_focus4,-24.970725431178728
44b6_c50204e0,44b6_c50204e0:184,union|44b6_c50204e0:184|187,0,geometry_1_00_focus4,-26.995818714436126
44b6_c50204e0,44b6_c50204e0:184,union|44b6_c50204e0:184|188,0,geometry_1_00_focus4,-34.89781053012946
44b6_c50204e0,44b6_c50204e0:184,union|44b6_c50204e0:184|189,0,geometry_1_00_focus4,-28.314252937126867
44b6_c50204e0,44b6_c50204e0:184,union|44b6_c50204e0:184|190,0,geometry_1_00_focus4,-25.992853977641047
44b6_c50204e0,44b6_c50204e0:184,union|44b6_c50204e0:184|191,0,geometry_1_00_focus4,-26.82070453387338
44b6_c50204e0,44b6_c50204e0:184,union|44b6_c50204e0:184|192,0,geometry_1_00_focus4,-21.232896846163154
44b6_c50204e0,44b6_c50204e0:184,union|44b6_c50204e0:184|193,0,geometry_1_00_focus4,-25.735296225420363
44b6_c50204e0,44b6_c50204e0:184,union|44b6_c50204e0:184|194,0,geometry_1_00_focus4,-29.411590023505134
44b6_c50204e0,44b6_c50204e0:184,union|44b6_c50204e0:184|195,0,geometry_1_00_focus4,-31.539886682833107
44b6_d5e7d891,44b6_d5e7d891:87,union|44b6_d5e7d891:87|0,0,geometry_1_00_focus4,-27.473001181861033
44b6_d5e7d891,44b6_d5e7d891:87,union|44b6_d5e7d891:87|1,0,geometry_1_00_focus4,-25.772132291427653
44b6_d5e7d891,44b6_d5e7d891:87,union|44b6_d5e7d891:87|2,0,geometry_1_00_focus4,-25.089873837227366
44b6_d5e7d891,44b6_d5e7d891:87,union|44b6_d5e7d891:87|3,0,geometry_1_00_focus4,-33.028946482296874
44b6_d5e7d891,44b6_d5e7d891:87,union|44b6_d5e7d891:87|4,0,geometry_1_00_focus4,-30.46996038607637
44b6_d5e7d891,44b6_d5e7d891:87,union|44b6_d5e7d891:87|5,0,geometry_1_00_focus4,-22.455006178231766
44b6_d5e7d891,44b6_d5e7d891:87,union|44b6_d5e7d891:87|6,0,geometry_1_00_focus4,-28.023440493918034
44b6_d5e7d891,44b6_d5e7d891:87,union|44b6_d5e7d891:87|7,0,geometry_1_00_focus4,-34.424788137851664
44b6_d5e7d891,44b6_d5e7d891:87,union|44b6_d5e7d891:87|8,0,geometry_1_00_focus4,-31.509919073206134
44b6_d5e7d891,44b6_d5e7d891:87,union|44b6_d5e7d891:87|9,0,geometry_1_00_focus4,-33.62995953660307
44b6_d5e7d891,44b6_d5e7d891:87,union|44b6_d5e7d891:87|10,0,geometry_1_00_focus4,-35.32255072714055
44b6_d5e7d891,44b6_d5e7d891:87,union|44b6_d5e7d891:87|11,0,geometry_1_00_focus4,-39.622694666878004
44b6_d5e7d891,44b6_d5e7d891:87,union|44b6_d5e7d891:87|12,0,geometry_1_00_focus4,-33.973487070719536
44b6_d5e7d891,44b6_d5e7d891:87,union|44b6_d5e7d891:87|13,0,geometry_1_00_focus4,-27.69622203267106
44b6_d5e7d891,44b6_d5e7d891:87,union|44b6_d5e7d891:87|14,0,geometry_1_00_focus4,-28.82848311683385
44b6_d5e7d891,44b6_d5e7d891:87,union|44b6_d5e7d891:87|15,0,geometry_1_00_focus4,-27.75758090675407
44b6_d5e7d891,44b6_d5e7d891:87,union|44b6_d5e7d891:87|16,0,geometry_1_00_focus4,-20.965782023405012
44b6_d5e7d891,44b6_d5e7d891:87,union|44b6_d5e7d891:87|17,0,geometry_1_00_focus4,-23.758966151596365
44b6_d5e7d891,44b6_d5e7d891:87,union|44b6_d5e7d891:87|18,0,geometry_1_00_focus4,-18.190531835910097
44b6_d5e7d891,44b6_d5e7d891:87,union|44b6_d5e7d891:87|19,0,geometry_1_00_focus4,-29.90046188703493
44b6_d5e7d891,44b6_d5e7d891:87,union|44b6_d5e7d891:87|20,0,geometry_1_00_focus4,-26.799462031534603
44b6_d5e7d891,44b6_d5e7d891:87,union|44b6_d5e7d891:87|21,0,geometry_1_00_focus4,-23.758966151596365
44b6_d5e7d891,44b6_d5e7d891:87,union|44b6_d5e7d891:87|22,0,geometry_1_00_focus4,-26.560115249461916
44b6_d5e7d891,44b6_d5e7d891:87,union|44b6_d5e7d891:87|23,0,geometry_1_00_focus4,-34.52832071569766
44b6_d5e7d891,44b6_d5e7d891:87,union|44b6_d5e7d891:87|24,0,geometry_1_00_focus4,-27.821533078602844
44b6_d5e7d891,44b6_d5e7d891:87,union|44b6_d5e7d891:87|25,0,geometry_1_00_focus4,-27.821533078602844
44b6_d5e7d891,44b6_d5e7d891:87,union|44b6_d5e7d891:87|26,0,geometry_1_00_focus4,-31.12543490137258
44b6_d5e7d891,44b6_d5e7d891:87,union|44b6_d5e7d891:87|27,0,geometry_1_00_focus4,-32.14609858275484
44b6_d5e7d891,44b6_d5e7d891:87,union|44b6_d5e7d891:87|28,0,geometry_1_00_focus4,-27.958768102543345
44b6_d5e7d891,44b6_d5e7d891:87,union|44b6_d5e7d891:87|29,0,geometry_1_00_focus4,-38.072183421151834
44b6_d5e7d891,44b6_d5e7d891:87,union|44b6_d5e7d891:87|30,0,geometry_1_00_focus4,-33.92301185378886
44b6_d5e7d891,44b6_d5e7d891:87,union|44b6_d5e7d891:87|31,0,geometry_1_00_focus4,-23.715801200648396
44b6_d5e7d891,44b6_d5e7d891:87,union|44b6_d5e7d891:87|32,0,geometry_1_00_focus4,-27.129959536603067
44b6_d5e7d891,44b6_d5e7d891:87,union|44b6_d5e7d891:87|33,0,geometry_1_00_focus4,-27.129959536603067
44b6_d5e7d891,44b6_d5e7d891:87,union|44b6_d5e7d891:87|34,0,geometry_1_00_focus4,-35.05076542803968
44b6_d5e7d891,44b6_d5e7d891:87,union|44b6_d5e7d891:87|35,0,geometry_1_00_focus4,-31.841638808597022
44b6_d5e7d891,44b6_d5e7d891:87,union|44b6_d5e7d891:87|36,0,geometry_1_00_focus4,-29.638965622744056
44b6_d5e7d891,44b6_d5e7d891:87,union|44b6_d5e7d891:87|37,0,geometry_1_00_focus4,-38.57604403992485
44b6_d5e7d891,44b6_d5e7d891:87,union|44b6_d5e7d891:87|38,0,geometry_1_00_focus4,-29.006270712927304
44b6_d5e7d891,44b6_d5e7d891:87,union|44b6_d5e7d891:87|39,0,geometry_1_00_focus4,-35.14748623505958
44b6_d5e7d891,44b6_d5e7d891:87,union|44b6_d5e7d891:87|40,0,geometry_1_00_focus4,-25.34739209441657
44b6_d5e7d891,44b6_d5e7d891:87,union|44b6_d5e7d891:87|41,0,geometry_1_00_focus4,-35.16587221515924
44b6_d5e7d891,44b6_d5e7d891:87,union|44b6_d5e7d891:87|42,0,geometry_1_00_focus4,-24.80551616871559
44b6_d5e7d891,44b6_d5e7d891:87,union|44b6_d5e7d891:87|43,0,geometry_1_00_focus4,-29.308997898536248
44b6_d5e7d891,44b6_d5e7d891:87,union|44b6_d5e7d891:87|44,0,geometry_1_00_focus4,-26.231050729903455
44b6_d5e7d891,44b6_d5e7d891:87,union|44b6_d5e7d891:87|45,0,geometry_1_00_focus4,-24.943848987128856
44b6_d5e7d891,44b6_d5e7d891:87,union|44b6_d5e7d891:87|46,0,geometry_1_00_focus4,-31.25190266768264
44b6_d5e7d891,44b6_d5e7d891:87,union|44b6_d5e7d891:87|47,0,geometry_1_00_focus4,-31.90203275876853
44b6_d5e7d891,44b6_d5e7d891:87,union|44b6_d5e7d891:87|48,0,geometry_1_00_focus4,-39.0094403435606
44b6_d5e7d891,44b6_d5e7d891:87,union|44b6_d5e7d891:87|49,0,geometry_1_00_focus4,-38.06108140508937
44b6_d5e7d891,44b6_d5e7d891:87,union|44b6_d5e7d891:87|50,0,geometry_1_00_focus4,-39.08244985947323
44b6_d5e7d891,44b6_d5e7d891:87,union|44b6_d5e7d891:87|51,0,geometry_1_00_focus4,-30.014276666115265
44b6_d5e7d891,44b6_d5e7d891:87,union|44b6_d5e7d891:87|52,0,geometry_1_00_focus4,-28.61092853729495
44b6_d5e7d891,44b6_d5e7d891:87,union|44b6_d5e7d891:87|53,0,geometry_1_00_focus4,-17.892927592949356
44b6_d5e7d891,44b6_d5e7d891:87,union|44b6_d5e7d891:87|54,0,geometry_1_00_focus4,-30.014276666115265
44b6_d5e7d891,44b6_d5e7d891:87,union|44b6_d5e7d891:87|55,0,geometry_1_00_focus4,-32.78716778737319
44b6_d5e7d891,44b6_d5e7d891:87,union|44b6_d5e7d891:87|56,0,geometry_1_00_focus4,-22.384317129512198
44b6_d5e7d891,44b6_d5e7d891:87,union|44b6_d5e7d891:87|57,0,geometry_1_00_focus4,-27.054579924781393
44b6_d5e7d891,44b6_d5e7d891:87,union|44b6_d5e7d891:87|58,0,geometry_1_00_focus4,-30.345996401506152
44b6_d5e7d891,44b6_d5e7d891:87,union|44b6_d5e7d891:87|59,0,geometry_1_00_focus4,-30.989716108616072
44b6_d5e7d891,44b6_d5e7d891:87,union|44b6_d5e7d891:87|60,0,geometry_1_00_focus4,-33.82690832004968
44b6_d5e7d891,44b6_d5e7d891:87,union|44b6_d5e7d891:87|61,0,geometry_1_00_focus4,-36.913543472925525
44b6_d5e7d891,44b6_d5e7d891:87,union|44b6_d5e7d891:87|62,0,geometry_1_00_focus4,-29.93188224054918
44b6_d5e7d891,44b6_d5e7d891:87,union|44b6_d5e7d891:87|63,0,geometry_1_00_focus4,-24.988748971523272
44b6_d5e7d891,44b6_d5e7d891:87,union|44b6_d5e7d891:87|64,0,geometry_1_00_focus4,-18.937170698584637
44b6_d5e7d891,44b6_d5e7d891:87,union|44b6_d5e7d891:87|65,0,geometry_1_00_focus4,-29.95249324897708
44b6_d5e7d891,44b6_d5e7d891:87,union|44b6_d5e7d891:87|66,0,geometry_1_00_focus4,-23.320663764362244
44b6_d5e7d891,44b6_d5e7d891:87,union|44b6_d5e7d891:87|67,0,geometry_1_00_focus4,-31.12543490137258
44b6_d5e7d891,44b6_d5e7d891:87,union|44b6_d5e7d891:87|68,0,geometry_1_00_focus4,-25.91465723118504
44b6_d5e7d891,44b6_d5e7d891:87,union|44b6_d5e7d891:87|69,0,geometry_1_00_focus4,-21.895562080109777
44b6_d5e7d891,44b6_d5e7d891:87,union|44b6_d5e7d891:87|70,0,geometry_1_00_focus4,-29.658537511467188
44b6_d5e7d891,44b6_d5e7d891:87,union|44b6_d5e7d891:87|71,0,geometry_1_00_focus4,-29.439196847210695
44b6_d5e7d891,44b6_d5e7d891:87,union|44b6_d5e7d891:87|72,0,geometry_1_00_focus4,-33.26090668996038
44b6_d5e7d891,44b6_d5e7d891:87,union|44b6_d5e7d891:87|73,0,geometry_1_00_focus4,-33.09305016641652
44b6_d5e7d891,44b6_d5e7d891:87,union|44b6_d5e7d891:87|74,0,geometry_1_00_focus4,-29.824739589310532
44b6_d5e7d891,44b6_d5e7d891:87,union|44b6_d5e7d891:87|75,0,geometry_1_00_focus4,-21.598614604684
44b6_d5e7d891,44b6_d5e7d891:87,union|44b6_d5e7d891:87|76,0,geometry_1_00_focus4,-32.9672945417107
44b6_d5e7d891,44b6_d5e7d891:87,union|44b6_d5e7d891:87|77,0,geometry_1_00_focus4,-19.848225757415868
44b6_d5e7d891,44b6_d5e7d891:87,union|44b6_d5e7d891:87|78,0,geometry_1_00_focus4,-29.98317248686294
44b6_d5e7d891,44b6_d5e7d891:87,union|44b6_d5e7d891:87|79,0,geometry_1_00_focus4,-30.535781097402655
44b6_d5e7d891,44b6_d5e7d891:87,union|44b6_d5e7d891:87|80,0,geometry_1_00_focus4,-22.03083760199075
44b6_d5e7d891,44b6_d5e7d891:87,union|44b6_d5e7d891:87|81,0,geometry_1_00_focus4,-34.595448944702454
44b6_d5e7d891,44b6_d5e7d891:87,union|44b6_d5e7d891:87|82,0,geometry_1_00_focus4,-23.451100397259943
44b6_d5e7d891,44b6_d5e7d891:87,union|44b6_d5e7d891:87|83,0,geometry_1_00_focus4,-24.634616160935018
44b6_d5e7d891,44b6_d5e7d891:87,union|44b6_d5e7d891:87|84,0,geometry_1_00_focus4,-28.517272434305994
44b6_d5e7d891,44b6_d5e7d891:87,union|44b6_d5e7d891:87|85,0,geometry_1_00_focus4,-27.621335678970393
44b6_d5e7d891,44b6_d5e7d891:87,union|44b6_d5e7d891:87|86,0,geometry_1_00_focus4,-33.75504822435671
44b6_d5e7d891,44b6_d5e7d891:87,union|44b6_d5e7d891:87|87,0,geometry_1_00_focus4,-33.570799100114954
44b6_d5e7d891,44b6_d5e7d891:87,union|44b6_d5e7d891:87|88,0,geometry_1_00_focus4,-28.579356591030702
44b6_d5e7d891,44b6_d5e7d891:87,union|44b6_d5e7d891:87|89,0,geometry_1_00_focus4,-25.202287712357606
44b6_d5e7d891,44b6_d5e7d891:87,union|44b6_d5e7d891:87|90,0,geometry_1_00_focus4,-37.57127550605232
44b6_d5e7d891,44b6_d5e7d891:87,union|44b6_d5e7d891:87|91,0,geometry_1_00_focus4,-29.308997898536248
44b6_d5e7d891,44b6_d5e7d891:87,union|44b6_d5e7d891:87|92,0,geometry_1_00_focus4,-26.701291537550127
44b6_d5e7d891,44b6_d5e7d891:87,union|44b6_d5e7d891:87|93,0,geometry_1_00_focus4,-21.432035025224245
44b6_d5e7d891,44b6_d5e7d891:87,union|44b6_d5e7d891:87|94,0,geometry_1_00_focus4,-22.285653712139556
44b6_d5e7d891,44b6_d5e7d891:87,union|44b6_d5e7d891:87|95,0,geometry_1_00_focus4,-29.697825574715964
44b6_d5e7d891,44b6_d5e7d891:87,union|44b6_d5e7d891:87|96,0,geometry_1_00_focus4,-18.76806556641816
44b6_d5e7d891,44b6_d5e7d891:87,union|44b6_d5e7d891:87|97,1,geometry_1_00_focus4,-18.190531835910097
44b6_d5e7d891,44b6_d5e7d891:87,union|44b6_d5e7d891:87|98,0,geometry_1_00_focus4,-30.451421000536023
44b6_d5e7d891,44b6_d5e7d891:87,union|44b6_d5e7d891:87|99,0,geometry_1_00_focus4,-31.44697543017117
44b6_d5e7d891,44b6_d5e7d891:87,union|44b6_d5e7d891:87|100,0,geometry_1_00_focus4,-21.78417048683015
44b6_d5e7d891,44b6_d5e7d891:87,union|44b6_d5e7d891:87|101,0,geometry_1_00_focus4,-32.60543768502738
44b6_d5e7d891,44b6_d5e7d891:87,union|44b6_d5e7d891:87|102,0,geometry_1_00_focus4,-31.873895930415024
44b6_d5e7d891,44b6_d5e7d891:87,union|44b6_d5e7d891:87|103,0,geometry_1_00_focus4,-35.2323234997053
44b6_d5e7d891,44b6_d5e7d891:87,union|44b6_d5e7d891:87|104,0,geometry_1_00_focus4,-19.604282142545426
44b6_d5e7d891,44b6_d5e7d891:87,union|44b6_d5e7d891:87|105,0,geometry_1_00_focus4,-19.912197272894872
44b6_d5e7d891,44b6_d5e7d891:87,union|44b6_d5e7d891:87|106,0,geometry_1_00_focus4,-35.74744928579747
44b6_d5e7d891,44b6_d5e7d891:87,union|44b6_d5e7d891:87|107,0,geometry_1_00_focus4,-35.8245329945138
44b6_d5e7d891,44b6_d5e7d891:87,union|44b6_d5e7d891:87|108,0,geometry_1_00_focus4,-30.944276635923913
44b6_d5e7d891,44b6_d5e7d891:87,union|44b6_d5e7d891:87|109,0,geometry_1_00_focus4,-33.54636974948175
44b6_d5e7d891,44b6_d5e7d891:87,union|44b6_d5e7d891:87|110,0,geometry_1_00_focus4,-20.058971812451922
44b6_d5e7d891,44b6_d5e7d891:87,union|44b6_d5e7d891:87|111,0,geometry_1_00_focus4,-24.879609949255745
44b6_d5e7d891,44b6_d5e7d891:87,union|44b6_d5e7d891:87|112,0,geometry_1_00_focus4,-27.07994739992941
44b6_d5e7d891,44b6_d5e7d891:87,union|44b6_d5e7d891:87|113,0,geometry_1_00_focus4,-28.783233125053755
44b6_d5e7d891,44b6_d5e7d891:87,union|44b6_d5e7d891:87|114,0,geometry_1_00_focus4,-31.927490211873568
44b6_d5e7d891,44b6_d5e7d891:87,union|44b6_d5e7d891:87|115,0,geometry_1_00_focus4,-35.569011324363956
44b6_d5e7d891,44b6_d5e7d891:87,union|44b6_d5e7d891:87|116,0,geometry_1_00_focus4,-27.974697291652525
44b6_d5e7d891,44b6_d5e7d891:87,union|44b6_d5e7d891:87|117,0,geometry_1_00_focus4,-19.381391507800387
44b6_d5e7d891,44b6_d5e7d891:87,union|44b6_d5e7d891:87|118,0,geometry_1_00_focus4,-31.176198254292732
44b6_d5e7d891,44b6_d5e7d891:87,union|44b6_d5e7d891:87|119,0,geometry_1_00_focus4,-32.93614796138391
44b6_d5e7d891,44b6_d5e7d891:87,union|44b6_d5e7d891:87|120,0,geometry_1_00_focus4,-28.37082830947325
44b6_d5e7d891,44b6_d5e7d891:87,union|44b6_d5e7d891:87|121,0,geometry_1_00_focus4,-27.47704233618614
44b6_d5e7d891,44b6_d5e7d891:87,union|44b6_d5e7d891:87|122,0,geometry_1_00_focus4,-30.266696331272374
44b6_d5e7d891,44b6_d5e7d891:87,union|44b6_d5e7d891:87|123,0,geometry_1_00_focus4,-33.30017210657088
44b6_d5e7d891,44b6_d5e7d891:87,union|44b6_d5e7d891:87|124,0,geometry_1_00_focus4,-33.48937253109317
44b6_d5e7d891,44b6_d5e7d891:87,union|44b6_d5e7d891:87|125,0,geometry_1_00_focus4,-35.91960498445059
44b6_d5e7d891,44b6_d5e7d891:87,union|44b6_d5e7d891:87|126,0,geometry_1_00_focus4,-31.77139195538188
44b6_d5e7d891,44b6_d5e7d891:87,union|44b6_d5e7d891:87|127,0,geometry_1_00_focus4,-29.499806496483323
44b6_d5e7d891,44b6_d5e7d891:87,union|44b6_d5e7d891:87|128,0,geometry_1_00_focus4,-30.22359034819846
44b6_d5e7d891,44b6_d5e7d891:87,union|44b6_d5e7d891:87|129,0,geometry_1_00_focus4,-25.794202398917953
44b6_d5e7d891,44b6_d5e7d891:87,union|44b6_d5e7d891:87|130,0,geometry_1_00_focus4,-25.794202398917953
44b6_d5e7d891,44b6_d5e7d891:87,union|44b6_d5e7d891:87|131,0,geometry_1_00_focus4,-29.25322331384494
44b6_d5e7d891,44b6_d5e7d891:87,union|44b6_d5e7d891:87|132,0,geometry_1_00_focus4,-25.70528595642096
44b6_d5e7d891,44b6_d5e7d891:87,union|44b6_d5e7d891:87|133,0,geometry_1_00_focus4,-29.489016404817978
44b6_d5e7d891,44b6_d5e7d891:87,union|44b6_d5e7d891:87|134,0,geometry_1_00_focus4,-28.064526103768124
44b6_d5e7d891,44b6_d5e7d891:87,union|44b6_d5e7d891:87|135,0,geometry_1_00_focus4,-28.790551968437878
44b6_d5e7d891,44b6_d5e7d891:87,union|44b6_d5e7d891:87|136,0,geometry_1_00_focus4,-39.493317567348356
44b6_d5e7d891,44b6_d5e7d891:87,union|44b6_d5e7d891:87|137,0,geometry_1_00_focus4,-35.115006956354485
44b6_d5e7d891,44b6_d5e7d891:87,union|44b6_d5e7d891:87|138,0,geometry_1_00_focus4,-27.44335635881545
44b6_d5e7d891,44b6_d5e7d891:87,union|44b6_d5e7d891:87|139,0,geometry_1_00_focus4,-17.100383538078184
44b6_d5e7d891,44b6_d5e7d891:87,union|44b6_d5e7d891:87|140,0,geometry_1_00_focus4,-21.54491652788342
44b6_d5e7d891,44b6_d5e7d891:87,union|44b6_d5e7d891:87|141,0,geometry_1_00_focus4,-27.75758090675407
44b6_d5e7d891,44b6_d5e7d891:87,union|44b6_d5e7d891:87|142,0,geometry_1_00_focus4,-23.805754987962263
44b6_d5e7d891,44b6_d5e7d891:87,union|44b6_d5e7d891:87|143,0,geometry_1_00_focus4,-31.661267223913427
44b6_d5e7d891,44b6_d5e7d891:87,union|44b6_d5e7d891:87|144,0,geometry_1_00_focus4,-27.06024696087553
44b6_d5e7d891,44b6_d5e7d891:87,union|44b6_d5e7d891:87|145,0,geometry_1_00_focus4,-31.159555075121837
44b6_d5e7d891,44b6_d5e7d891:87,union|44b6_d5e7d891:87|146,0,geometry_1_00_focus4,-29.709976593852453
44b6_d5e7d891,44b6_d5e7d891:87,union|44b6_d5e7d891:87|147,0,geometry_1_00_focus4,-23.01837100860648
44b6_d5e7d891,44b6_d5e7d891:87,union|44b6_d5e7d891:87|148,0,geometry_1_00_focus4,-30.980050280600434
44b6_d5e7d891,44b6_d5e7d891:87,union|44b6_d5e7d891:87|149,0,geometry_1_00_focus4,-26.498192204988612
44b6_d5e7d891,44b6_d5e7d891:87,union|44b6_d5e7d891:87|150,0,geometry_1_00_focus4,-27.375232848892967
44b6_d5e7d891,44b6_d5e7d891:87,union|44b6_d5e7d891:87|151,0,geometry_1_00_focus4,-32.30690157242196
44b6_d5e7d891,44b6_d5e7d891:87,union|44b6_d5e7d891:87|152,0,geometry_1_00_focus4,-28.196247266495085
44b6_d5e7d891,44b6_d5e7d891:87,union|44b6_d5e7d891:87|153,0,geometry_1_00_focus4,-25.91216150731188
44b6_d5e7d891,44b6_d5e7d891:87,union|44b6_d5e7d891:87|154,0,geometry_1_00_focus4,-22.539475044731248
44b6_d5e7d891,44b6_d5e7d891:87,union|44b6_d5e7d891:87|155,0,geometry_1_00_focus4,-30.90215195990304
44b6_d5e7d891,44b6_d5e7d891:87,union|44b6_d5e7d891:87|156,0,geometry_1_00_focus4,-33.40036793735519
44b6_d5e7d891,44b6_d5e7d891:87,union|44b6_d5e7d891:87|157,0,geometry_1_00_focus4,-19.40673041358432
44b6_d5e7d891,44b6_d5e7d891:87,union|44b6_d5e7d891:87|158,0,geometry_1_00_focus4,-23.09036127569776
44b6_d5e7d891,44b6_d5e7d891:87,union|44b6_d5e7d891:87|159,0,geometry_1_00_focus4,-26.01417530756512
44b6_d5e7d891,44b6_d5e7d891:87,union|44b6_d5e7d891:87|160,0,geometry_1_00_focus4,-30.3998493947725
44b6_d5e7d891,44b6_d5e7d891:87,union|44b6_d5e7d891:87|161,0,geometry_1_00_focus4,-19.988444188510005
44b6_d5e7d891,44b6_d5e7d891:87,union|44b6_d5e7d891:87|162,0,geometry_1_00_focus4,-17.672438507215677
44b6_d5e7d891,44b6_d5e7d891:87,union|44b6_d5e7d891:87|163,0,geometry_1_00_focus4,-26.81728416616205
44b6_d5e7d891,44b6_d5e7d891:87,union|44b6_d5e7d891:87|164,0,geometry_1_00_focus4,-21.06201050503047
44b6_d5e7d891,44b6_d5e7d891:87,union|44b6_d5e7d891:87|165,0,geometry_1_00_focus4,-22.398755336700823
44b6_d5e7d891,44b6_d5e7d891:87,union|44b6_d5e7d891:87|166,0,geometry_1_00_focus4,-15.36911749284187
44b6_d5e7d891,44b6_d5e7d891:87,union|44b6_d5e7d891:87|167,0,geometry_1_00_focus4,-31.84759834887445
44b6_d5e7d891,44b6_d5e7d891:87,union|44b6_d5e7d891:87|168,0,geometry_1_00_focus4,-29.489016404817978
44b6_d5e7d891,44b6_d5e7d891:87,union|44b6_d5e7d891:87|169,0,geometry_1_00_focus4,-28.125482134861173
44b6_d5e7d891,44b6_d5e7d891:87,union|44b6_d5e7d891:87|170,0,geometry_1_00_focus4,-18.11301862101901
44b6_d5e7d891,44b6_d5e7d891:87,union|44b6_d5e7d891:87|171,0,geometry_1_00_focus4,-27.845677362921496
44b6_d5e7d891,44b6_d5e7d891:87,union|44b6_d5e7d891:87|172,0,geometry_1_00_focus4,-27.643328219491224
44b6_d5e7d891,44b6_d5e7d891:87,union|44b6_d5e7d891:87|173,0,geometry_1_00_focus4,-27.47704233618614
44b6_d5e7d891,44b6_d5e7d891:87,union|44b6_d5e7d891:87|174,0,geometry_1_00_focus4,-24.705990037367272
44b6_d5e7d891,44b6_d5e7d891:87,union|44b6_d5e7d891:87|175,0,geometry_1_00_focus4,-33.6151895331436
44b6_d5e7d891,44b6_d5e7d891:87,union|44b6_d5e7d891:87|176,0,geometry_1_00_focus4,-24.80551616871559
44b6_d5e7d891,44b6_d5e7d891:87,union|44b6_d5e7d891:87|177,0,geometry_1_00_focus4,-29.644482267140162
44b6_d5e7d891,44b6_d5e7d891:87,union|44b6_d5e7d891:87|178,0,geometry_1_00_focus4,-36.73528743848645
44b6_d5e7d891,44b6_d5e7d891:87,union|44b6_d5e7d891:87|179,0,geometry_1_00_focus4,-32.155068433401695
44b6_d5e7d891,44b6_d5e7d891:87,union|44b6_d5e7d891:87|180,0,geometry_1_00_focus4,-23.903340663070253
44b6_d5e7d891,44b6_d5e7d891:87,union|44b6_d5e7d891:87|181,0,geometry_1_00_focus4,-29.827872348100193
44b6_d5e7d891,44b6_d5e7d891:87,union|44b6_d5e7d891:87|182,0,geometry_1_00_focus4,-33.131202458509875
44b6_d5e7d891,44b6_d5e7d891:87,union|44b6_d5e7d891:87|183,0,geometry_1_00_focus4,-30.35903221020932
44b6_d5e7d891,44b6_d5e7d891:87,union|44b6_d5e7d891:87|184,0,geometry_1_00_focus4,-24.42720397052993
44b6_d5e7d891,44b6_d5e7d891:87,union|44b6_d5e7d891:87|185,0,geometry_1_00_focus4,-26.179454566109484
44b6_d5e7d891,44b6_d5e7d891:87,union|44b6_d5e7d891:87|186,0,geometry_1_00_focus4,-22.8238056230907
44b6_d5e7d891,44b6_d5e7d891:87,union|44b6_d5e7d891:87|187,0,geometry_1_00_focus4,-25.735296225420363
44b6_d5e7d891,44b6_d5e7d891:87,union|44b6_d5e7d891:87|188,0,geometry_1_00_focus4,-16.11469158351768
44b6_d5e7d891,44b6_d5e7d891:87,union|44b6_d5e7d891:87|189,0,geometry_1_00_focus4,-26.72162174526931
44b6_d5e7d891,44b6_d5e7d891:87,union|44b6_d5e7d891:87|190,0,geometry_1_00_focus4,-36.31832037321161
44b6_d5e7d891,44b6_d5e7d891:87,union|44b6_d5e7d891:87|191,0,geometry_1_00_focus4,-32.52778924128715
44b6_d5e7d891,44b6_d5e7d891:87,union|44b6_d5e7d891:87|192,0,geometry_1_00_focus4,-25.08185696165672
44b6_d5e7d891,44b6_d5e7d891:87,union|44b6_d5e7d891:87|193,0,geometry_1_00_focus4,-27.271481835659976
44b6_d5e7d891,44b6_d5e7d891:87,union|44b6_d5e7d891:87|194,0,geometry_1_00_focus4,-29.165593854155745
44b6_d5e7d891,44b6_d5e7d891:87,union|44b6_d5e7d891:87|195,0,geometry_1_00_focus4,-31.858651319078994
44b6_d5e7d891,44b6_d5e7d891:87,union|44b6_d5e7d891:87|196,0,geometry_1_00_focus4,-28.477473660459616
44b6_d5e7d891,44b6_d5e7d891:87,union|44b6_d5e7d891:87|197,0,geometry_1_00_focus4,-31.416898611585935
44b6_d5e7d891,44b6_d5e7d891:87,union|44b6_d5e7d891:87|198,0,geometry_1_00_focus4,-27.673733327716974
44b6_d5e7d891,44b6_d5e7d891:87,union|44b6_d5e7d891:87|199,0,geometry_1_00_focus4,-33.942709869504554
44b6_d5e7d891,44b6_d5e7d891:87,union|44b6_d5e7d891:87|200,0,geometry_1_00_focus4,-34.41314909891033
44b6_d5e7d891,44b6_d5e7d891:87,union|44b6_d5e7d891:87|201,0,geometry_1_00_focus4,-30.958610343155662
44b6_d5e7d891,44b6_d5e7d891:87,union|44b6_d5e7d891:87|202,0,geometry_1_00_focus4,-38.10648642045902
44b6_d5e7d891,44b6_d5e7d891:87,union|44b6_d5e7d891:87|203,0,geometry_1_00_focus4,-38.998720093846046
44b6_d5e7d891,44b6_d5e7d891:87,union|44b6_d5e7d891:87|204,0,geometry_1_00_focus4,-26.917122427343436
44b6_d5e7d891,44b6_d5e7d891:87,union|44b6_d5e7d891:87|205,0,geometry_1_00_focus4,-37.520046946084406
44b6_d5e7d891,44b6_d5e7d891:87,union|44b6_d5e7d891:87|206,0,geometry_1_00_focus4,-37.91105438563658
44b6_d5e7d891,44b6_d5e7d891:87,union|44b6_d5e7d891:87|207,0,geometry_1_00_focus4,-32.87360358432001
44b6_d5e7d891,44b6_d5e7d891:455,union|44b6_d5e7d891:455|0,0,geometry_1_00_focus4,-27.01089255124851
44b6_d5e7d891,44b6_d5e7d891:455,union|44b6_d5e7d891:455|1,0,geometry_1_00_focus4,-26.090916277759078
44b6_d5e7d891,44b6_d5e7d891:455,union|44b6_d5e7d891:455|2,0,geometry_1_00_focus4,-20.208331252954135
44b6_d5e7d891,44b6_d5e7d891:455,union|44b6_d5e7d891:455|3,0,geometry_1_00_focus4,-24.544926884304132
44b6_d5e7d891,44b6_d5e7d891:455,union|44b6_d5e7d891:455|4,0,geometry_1_00_focus4,-25.970461445491992
44b6_d5e7d891,44b6_d5e7d891:455,union|44b6_d5e7d891:455|5,0,geometry_1_00_focus4,-30.139260110361036
44b6_d5e7d891,44b6_d5e7d891:455,union|44b6_d5e7d891:455|6,0,geometry_1_00_focus4,-33.018341708109816
44b6_d5e7d891,44b6_d5e7d891:455,union|44b6_d5e7d891:455|7,0,geometry_1_00_focus4,-29.04840861412479
44b6_d5e7d891,44b6_d5e7d891:455,union|44b6_d5e7d891:455|8,0,geometry_1_00_focus4,-32.343617000874325
44b6_d5e7d891,44b6_d5e7d891:455,union|44b6_d5e7d891:455|9,0,geometry_1_00_focus4,-35.04684970721702
44b6_d5e7d891,44b6_d5e7d891:455,union|44b6_d5e7d891:455|10,0,geometry_1_00_focus4,-34.88392377354698
44b6_d5e7d891,44b6_d5e7d891:455,union|44b6_d5e7d891:455|11,0,geometry_1_00_focus4,-33.68237995323523
44b6_d5e7d891,44b6_d5e7d891:455,union|44b6_d5e7d891:455|12,0,geometry_1_00_focus4,-29.42124146296327
44b6_d5e7d891,44b6_d5e7d891:455,union|44b6_d5e7d891:455|13,0,geometry_1_00_focus4,-25.84209660206415
44b6_d5e7d891,44b6_d5e7d891:455,union|44b6_d5e7d891:455|14,0,geometry_1_00_focus4,-33.44103911004769
44b6_d5e7d891,44b6_d5e7d891:455,union|44b6_d5e7d891:455|15,0,geometry_1_00_focus4,-33.5100788569291
44b6_d5e7d891,44b6_d5e7d891:455,union|44b6_d5e7d891:455|16,0,geometry_1_00_focus4,-26.069653053040717
44b6_d5e7d891,44b6_d5e7d891:455,union|44b6_d5e7d891:455|17,0,geometry_1_00_focus4,-26.069653053040717
44b6_d5e7d891,44b6_d5e7d891:455,union|44b6_d5e7d891:455|18,0,geometry_1_00_focus4,-28.69377940841757
44b6_d5e7d891,44b6_d5e7d891:455,union|44b6_d5e7d891:455|19,0,geometry_1_00_focus4,-28.33038996672702
44b6_d5e7d891,44b6_d5e7d891:455,union|44b6_d5e7d891:455|20,0,geometry_1_00_focus4,-31.0029064024671
44b6_d5e7d891,44b6_d5e7d891:455,union|44b6_d5e7d891:455|21,0,geometry_1_00_focus4,-32.51966372496854
44b6_d5e7d891,44b6_d5e7d891:455,union|44b6_d5e7d891:455|22,0,geometry_1_00_focus4,-22.87314896817577
44b6_d5e7d891,44b6_d5e7d891:455,union|44b6_d5e7d891:455|23,0,geometry_1_00_focus4,-27.529806361356364
44b6_d5e7d891,44b6_d5e7d891:455,union|44b6_d5e7d891:455|24,0,geometry_1_00_focus4,-26.43122943342238
44b6_d5e7d891,44b6_d5e7d891:455,union|44b6_d5e7d891:455|25,0,geometry_1_00_focus4,-24.285747989550593
44b6_d5e7d891,44b6_d5e7d891:455,union|44b6_d5e7d891:455|26,0,geometry_1_00_focus4,-23.641718395630804
44b6_d5e7d891,44b6_d5e7d891:455,union|44b6_d5e7d891:455|27,0,geometry_1_00_focus4,-23.69609418558067
44b6_d5e7d891,44b6_d5e7d891:455,union|44b6_d5e7d891:455|28,0,geometry_1_00_focus4,-31.13883439268856
44b6_d5e7d891,44b6_d5e7d891:455,union|44b6_d5e7d891:455|29,0,geometry_1_00_focus4,-26.390988226447924
44b6_d5e7d891,44b6_d5e7d891:455,union|44b6_d5e7d891:455|30,0,geometry_1_00_focus4,-27.146874203051944
44b6_d5e7d891,44b6_d5e7d891:455,union|44b6_d5e7d891:455|31,0,geometry_1_00_focus4,-27.673415466449253
44b6_d5e7d891,44b6_d5e7d891:455,union|44b6_d5e7d891:455|32,0,geometry_1_00_focus4,-25.27712463555568
44b6_d5e7d891,44b6_d5e7d891:455,union|44b6_d5e7d891:455|33,0,geometry_1_00_focus4,-29.126310679590638
44b6_d5e7d891,44b6_d5e7d891:455,union|44b6_d5e7d891:455|34,0,geometry_1_00_focus4,-29.838406578034153
44b6_d5e7d891,44b6_d5e7d891:455,union|44b6_d5e7d891:455|35,0,geometry_1_00_focus4,-35.61359044952434
44b6_d5e7d891,44b6_d5e7d891:455,union|44b6_d5e7d891:455|36,0,geometry_1_00_focus4,-28.545087117940454
44b6_d5e7d891,44b6_d5e7d891:455,union|44b6_d5e7d891:455|37,0,geometry_1_00_focus4,-27.7982716715265
44b6_d5e7d891,44b6_d5e7d891:455,union|44b6_d5e7d891:455|38,0,geometry_1_00_focus4,-23.358809721932303
44b6_d5e7d891,44b6_d5e7d891:455,union|44b6_d5e7d891:455|39,0,geometry_1_00_focus4,-20.581071381674413
44b6_d5e7d891,44b6_d5e7d891:455,union|44b6_d5e7d891:455|40,0,geometry_1_00_focus4,-25.506623878395644
44b6_d5e7d891,44b6_d5e7d891:455,union|44b6_d5e7d891:455|41,0,geometry_1_00_focus4,-26.195134161975897
44b6_d5e7d891,44b6_d5e7d891:455,union|44b6_d5e7d891:455|42,0,geometry_1_00_focus4,-20.25432739777866
44b6_d5e7d891,44b6_d5e7d891:455,union|44b6_d5e7d891:455|43,0,geometry_1_00_focus4,-33.103666567646755
44b6_d5e7d891,44b6_d5e7d891:455,union|44b6_d5e7d891:455|44,0,geometry_1_00_focus4,-24.27729434589692
44b6_d5e7d891,44b6_d5e7d891:455,union|44b6_d5e7d891:455|45,0,geometry_1_00_focus4,-28.20521417264591
44b6_d5e7d891,44b6_d5e7d891:455,union|44b6_d5e7d891:455|46,0,geometry_1_00_focus4,-33.11346384722043
44b6_d5e7d891,44b6_d5e7d891:455,union|44b6_d5e7d891:455|47,0,geometry_1_00_focus4,-29.2819647399157
44b6_d5e7d891,44b6_d5e7d891:455,union|44b6_d5e7d891:455|48,0,geometry_1_00_focus4,-30.44042389130691
44b6_d5e7d891,44b6_d5e7d891:455,union|44b6_d5e7d891:455|49,0,geometry_1_00_focus4,-31.739662462962325
44b6_d5e7d891,44b6_d5e7d891:455,union|44b6_d5e7d891:455|50,0,geometry_1_00_focus4,-17.800032029944347
44b6_d5e7d891,44b6_d5e7d891:455,union|44b6_d5e7d891:455|51,0,geometry_1_00_focus4,-23.91642156650719
44b6_d5e7d891,44b6_d5e7d891:455,union|44b6_d5e7d891:455|52,0,geometry_1_00_focus4,-33.80137127359837
44b6_d5e7d891,44b6_d5e7d891:455,union|44b6_d5e7d891:455|53,0,geometry_1_00_focus4,-29.582525159828037
44b6_d5e7d891,44b6_d5e7d891:455,union|44b6_d5e7d891:455|54,0,geometry_1_00_focus4,-34.8174126186682
44b6_d5e7d891,44b6_d5e7d891:455,union|44b6_d5e7d891:455|55,0,geometry_1_00_focus4,-29.148181309608127
44b6_d5e7d891,44b6_d5e7d891:455,union|44b6_d5e7d891:455|56,0,geometry_1_00_focus4,-28.970876132616674
44b6_d5e7d891,44b6_d5e7d891:455,union|44b6_d5e7d891:455|57,0,geometry_1_00_focus4,-36.908984609670554
44b6_d5e7d891,44b6_d5e7d891:455,union|44b6_d5e7d891:455|58,0,geometry_1_00_focus4,-36.510634227576254
44b6_d5e7d891,44b6_d5e7d891:455,union|44b6_d5e7d891:455|59,0,geometry_1_00_focus4,-34.72917974562438
44b6_d5e7d891,44b6_d5e7d891:455,union|44b6_d5e7d891:455|60,0,geometry_1_00_focus4,-20.488628874766373
44b6_d5e7d891,44b6_d5e7d891:455,union|44b6_d5e7d891:455|61,0,geometry_1_00_focus4,-30.429153676252696
44b6_d5e7d891,44b6_d5e7d891:455,union|44b6_d5e7d891:455|62,0,geometry_1_00_focus4,-25.131376824373575
44b6_d5e7d891,44b6_d5e7d891:455,union|44b6_d5e7d891:455|63,0,geometry_1_00_focus4,-34.48175974310094
44b6_d5e7d891,44b6_d5e7d891:455,union|44b6_d5e7d891:455|64,0,geometry_1_00_focus4,-24.62544136535004
44b6_d5e7d891,44b6_d5e7d891:455,union|44b6_d5e7d891:455|65,0,geometry_1_00_focus4,-23.77144106614884
44b6_d5e7d891,44b6_d5e7d891:455,union|44b6_d5e7d891:455|66,0,geometry_1_00_focus4,-30.85031592500024
44b6_d5e7d891,44b6_d5e7d891:455,union|44b6_d5e7d891:455|67,0,geometry_1_00_focus4,-31.658014531384325
44b6_d5e7d891,44b6_d5e7d891:455,union|44b6_d5e7d891:455|68,0,geometry_1_00_focus4,-34.25890712816873
44b6_d5e7d891,44b6_d5e7d891:455,union|44b6_d5e7d891:455|69,0,geometry_1_00_focus4,-34.95992742642415
44b6_d5e7d891,44b6_d5e7d891:455,union|44b6_d5e7d891:455|70,0,geometry_1_00_focus4,-28.768526835577127
44b6_d5e7d891,44b6_d5e7d891:455,union|44b6_d5e7d891:455|71,0,geometry_1_00_focus4,-28.50358308261098
44b6_d5e7d891,44b6_d5e7d891:455,union|44b6_d5e7d891:455|72,0,geometry_1_00_focus4,-29.11880157272966
44b6_d5e7d891,44b6_d5e7d891:455,union|44b6_d5e7d891:455|73,0,geometry_1_00_focus4,-26.270444073424166
44b6_d5e7d891,44b6_d5e7d891:455,union|44b6_d5e7d891:455|74,0,geometry_1_00_focus4,-29.875261505131633
44b6_d5e7d891,44b6_d5e7d891:455,union|44b6_d5e7d891:455|75,0,geometry_1_00_focus4,-27.231763150033768
44b6_d5e7d891,44b6_d5e7d891:455,union|44b6_d5e7d891:455|76,0,geometry_1_00_focus4,-18.092879714884063
44b6_d5e7d891,44b6_d5e7d891:455,union|44b6_d5e7d891:455|77,0,geometry_1_00_focus4,-21.60929196604214
44b6_d5e7d891,44b6_d5e7d891:455,union|44b6_d5e7d891:455|78,0,geometry_1_00_focus4,-27.46362158338743
44b6_d5e7d891,44b6_d5e7d891:455,union|44b6_d5e7d891:455|79,0,geometry_1_00_focus4,-20.823488017246508
44b6_d5e7d891,44b6_d5e7d891:455,union|44b6_d5e7d891:455|80,0,geometry_1_00_focus4,-17.65138437105252
44b6_d5e7d891,44b6_d5e7d891:455,union|44b6_d5e7d891:455|81,0,geometry_1_00_focus4,-28.232900069877697
44b6_d5e7d891,44b6_d5e7d891:455,union|44b6_d5e7d891:455|82,0,geometry_1_00_focus4,-24.399095167553348
44b6_d5e7d891,44b6_d5e7d891:455,union|44b6_d5e7d891:455|83,0,geometry_1_00_focus4,-19.767172754824585
44b6_d5e7d891,44b6_d5e7d891:455,union|44b6_d5e7d891:455|84,0,geometry_1_00_focus4,-24.757809127599316
44b6_d5e7d891,44b6_d5e7d891:455,union|44b6_d5e7d891:455|85,0,geometry_1_00_focus4,-27.90562340709463
44b6_d5e7d891,44b6_d5e7d891:455,union|44b6_d5e7d891:455|86,0,geometry_1_00_focus4,-32.85829223568405
44b6_d5e7d891,44b6_d5e7d891:455,union|44b6_d5e7d891:455|87,0,geometry_1_00_focus4,-28.177961930380782
44b6_d5e7d891,44b6_d5e7d891:455,union|44b6_d5e7d891:455|88,0,geometry_1_00_focus4,-18.96509782948317
44b6_d5e7d891,44b6_d5e7d891:455,union|44b6_d5e7d891:455|89,0,geometry_1_00_focus4,-23.036788648569978
44b6_d5e7d891,44b6_d5e7d891:455,union|44b6_d5e7d891:455|90,0,geometry_1_00_focus4,-35.31205598607856
44b6_d5e7d891,44b6_d5e7d891:455,union|44b6_d5e7d891:455|91,0,geometry_1_00_focus4,-28.69377940841757
44b6_d5e7d891,44b6_d5e7d891:455,union|44b6_d5e7d891:455|92,0,geometry_1_00_focus4,-33.00388156601624
44b6_d5e7d891,44b6_d5e7d891:455,union|44b6_d5e7d891:455|93,0,geometry_1_00_focus4,-25.14282490360143
44b6_d5e7d891,44b6_d5e7d891:455,union|44b6_d5e7d891:455|94,1,geometry_1_00_focus4,-11.427106336325904
44b6_d5e7d891,44b6_d5e7d891:455,union|44b6_d5e7d891:455|95,0,geometry_1_00_focus4,-24.91515473150295
44b6_d5e7d891,44b6_d5e7d891:455,union|44b6_d5e7d891:455|96,0,geometry_1_00_focus4,-26.189919500590186
44b6_d5e7d891,44b6_d5e7d891:455,union|44b6_d5e7d891:455|97,0,geometry_1_00_focus4,-22.545262795269196
44b6_d5e7d891,44b6_d5e7d891:455,union|44b6_d5e7d891:455|98,0,geometry_1_00_focus4,-22.269515762936443
44b6_d5e7d891,44b6_d5e7d891:455,union|44b6_d5e7d891:455|99,0,geometry_1_00_focus4,-31.455749560793834
44b6_d5e7d891,44b6_d5e7d891:455,union|44b6_d5e7d891:455|100,0,geometry_1_00_focus4,-28.617666000854285
44b6_d5e7d891,44b6_d5e7d891:455,union|44b6_d5e7d891:455|101,0,geometry_1_00_focus4,-31.685500733503062
44b6_d5e7d891,44b6_d5e7d891:455,union|44b6_d5e7d891:455|102,0,geometry_1_00_focus4,-30.2593975381617
44b6_d5e7d891,44b6_d5e7d891:455,union|44b6_d5e7d891:455|103,0,geometry_1_00_focus4,-25.600301761799408
44b6_d5e7d891,44b6_d5e7d891:455,union|44b6_d5e7d891:455|104,0,geometry_1_00_focus4,-28.46987360089365
44b6_d5e7d891,44b6_d5e7d891:455,union|44b6_d5e7d891:455|105,0,geometry_1_00_focus4,-28.422655790795506
44b6_d5e7d891,44b6_d5e7d891:455,union|44b6_d5e7d891:455|106,0,geometry_1_00_focus4,-32.255746688794744
44b6_d5e7d891,44b6_d5e7d891:455,union|44b6_d5e7d891:455|107,0,geometry_1_00_focus4,-18.695421681495965
44b6_d5e7d891,44b6_d5e7d891:455,union|44b6_d5e7d891:455|108,0,geometry_1_00_focus4,-29.51945541558279
44b6_d5e7d891,44b6_d5e7d891:455,union|44b6_d5e7d891:455|109,0,geometry_1_00_focus4,-23.465893661066872
44b6_d5e7d891,44b6_d5e7d891:455,union|44b6_d5e7d891:455|110,0,geometry_1_00_focus4,-28.69377940841757
44b6_d5e7d891,44b6_d5e7d891:455,union|44b6_d5e7d891:455|111,0,geometry_1_00_focus4,-30.46996038607637
44b6_d5e7d891,44b6_d5e7d891:455,union|44b6_d5e7d891:455|112,0,geometry_1_00_focus4,-28.30271834335136
44b6_d5e7d891,44b6_d5e7d891:455,union|44b6_d5e7d891:455|113,0,geometry_1_00_focus4,-28.808044008637374
44b6_d5e7d891,44b6_d5e7d891:455,union|44b6_d5e7d891:455|114,0,geometry_1_00_focus4,-27.307750001953497
44b6_d5e7d891,44b6_d5e7d891:455,union|44b6_d5e7d891:455|115,0,geometry_1_00_focus4,-29.195363464835637
44b6_d5e7d891,44b6_d5e7d891:455,union|44b6_d5e7d891:455|116,0,geometry_1_00_focus4,-34.00189709802033
44b6_d5e7d891,44b6_d5e7d891:455,union|44b6_d5e7d891:455|117,0,geometry_1_00_focus4,-26.923022239168933
44b6_d5e7d891,44b6_d5e7d891:455,union|44b6_d5e7d891:455|118,0,geometry_1_00_focus4,-30.736719279704005
44b6_d5e7d891,44b6_d5e7d891:455,union|44b6_d5e7d891:455|119,0,geometry_1_00_focus4,-25.38683662892932
44b6_d5e7d891,44b6_d5e7d891:455,union|44b6_d5e7d891:455|120,0,geometry_1_00_focus4,-30.736719279704005
44b6_d5e7d891,44b6_d5e7d891:455,union|44b6_d5e7d891:455|121,0,geometry_1_00_focus4,-32.48354536628808
44b6_d5e7d891,44b6_d5e7d891:455,union|44b6_d5e7d891:455|122,0,geometry_1_00_focus4,-32.198115164623076
44b6_d5e7d891,44b6_d5e7d891:455,union|44b6_d5e7d891:455|123,0,geometry_1_00_focus4,-33.24952386318854
44b6_d5e7d891,44b6_d5e7d891:455,union|44b6_d5e7d891:455|124,0,geometry_1_00_focus4,-27.085568493674423
44b6_d5e7d891,44b6_d5e7d891:455,union|44b6_d5e7d891:455|125,0,geometry_1_00_focus4,-18.887779061569397
44b6_d5e7d891,44b6_d5e7d891:455,union|44b6_d5e7d891:455|126,0,geometry_1_00_focus4,-26.797287838712165
44b6_d5e7d891,44b6_d5e7d891:455,union|44b6_d5e7d891:455|127,0,geometry_1_00_focus4,-25.99682520280263
44b6_d5e7d891,44b6_d5e7d891:455,union|44b6_d5e7d891:455|128,0,geometry_1_00_focus4,-27.4961102894578
44b6_d5e7d891,44b6_d5e7d891:455,union|44b6_d5e7d891:455|129,0,geometry_1_00_focus4,-28.617932572631755
44b6_d5e7d891,44b6_d5e7d891:455,union|44b6_d5e7d891:455|130,0,geometry_1_00_focus4,-27.33665936388671
44b6_d5e7d891,44b6_d5e7d891:455,union|44b6_d5e7d891:455|131,0,geometry_1_00_focus4,-29.388251467953697
44b6_d5e7d891,44b6_d5e7d891:455,union|44b6_d5e7d891:455|132,0,geometry_1_00_focus4,-19.5563291614497
44b6_d5e7d891,44b6_d5e7d891:455,union|44b6_d5e7d891:455|133,0,geometry_1_00_focus4,-27.47704233618614
44b6_d5e7d891,44b6_d5e7d891:455,union|44b6_d5e7d891:455|134,0,geometry_1_00_focus4,-16.4500466416287
44b6_d5e7d891,44b6_d5e7d891:455,union|44b6_d5e7d891:455|135,0,geometry_1_00_focus4,-21.67986195896652
44b6_d5e7d891,44b6_d5e7d891:455,union|44b6_d5e7d891:455|136,0,geometry_1_00_focus4,-27.59971736137868
44b6_d5e7d891,44b6_d5e7d891:455,union|44b6_d5e7d891:455|137,0,geometry_1_00_focus4,-25.89321813088175
44b6_d5e7d891,44b6_d5e7d891:455,union|44b6_d5e7d891:455|138,0,geometry_1_00_focus4,-26.20057962558019
44b6_d5e7d891,44b6_d5e7d891:455,union|44b6_d5e7d891:455|139,0,geometry_1_00_focus4,-34.79733283968906
44b6_d5e7d891,44b6_d5e7d891:455,union|44b6_d5e7d891:455|140,0,geometry_1_00_focus4,-26.105863594316013
44b6_d5e7d891,44b6_d5e7d891:455,union|44b6_d5e7d891:455|141,0,geometry_1_00_focus4,-29.431422138937673
44b6_d5e7d891,44b6_d5e7d891:455,union|44b6_d5e7d891:455|142,0,geometry_1_00_focus4,-27.38504477793309
44b6_d5e7d891,44b6_d5e7d891:455,union|44b6_d5e7d891:455|143,0,geometry_1_00_focus4,-22.26065879837288
44b6_d5e7d891,44b6_d5e7d891:455,union|44b6_d5e7d891:455|144,0,geometry_1_00_focus4,-25.583485134764533
44b6_d5e7d891,44b6_d5e7d891:455,union|44b6_d5e7d891:455|145,0,geometry_1_00_focus4,-32.306240189296624
44b6_d5e7d891,44b6_d5e7d891:455,union|44b6_d5e7d891:455|146,0,geometry_1_00_focus4,-22.536476708157732
44b6_d5e7d891,44b6_d5e7d891:455,union|44b6_d5e7d891:455|147,0,geometry_1_00_focus4,-23.734613958635812
44b6_d5e7d891,44b6_d5e7d891:455,union|44b6_d5e7d891:455|148,0,geometry_1_00_focus4,-34.607885491222014
44b6_d5e7d891,44b6_d5e7d891:455,union|44b6_d5e7d891:455|149,0,geometry_1_00_focus4,-23.601028173904357
44b6_d5e7d891,44b6_d5e7d891:455,union|44b6_d5e7d891:455|150,0,geometry_1_00_focus4,-26.189919500590186
44b6_d5e7d891,44b6_d5e7d891:455,union|44b6_d5e7d891:455|151,0,geometry_1_00_focus4,-22.24915658883544
44b6_d5e7d891,44b6_d5e7d891:455,union|44b6_d5e7d891:455|152,0,geometry_1_00_focus4,-24.821627320934073
44b6_d5e7d891,44b6_d5e7d891:455,union|44b6_d5e7d891:455|153,0,geometry_1_00_focus4,-32.09723888341372
44b6_d5e7d891,44b6_d5e7d891:455,union|44b6_d5e7d891:455|154,0,geometry_1_00_focus4,-32.208028782441495
44b6_d5e7d891,44b6_d5e7d891:455,union|44b6_d5e7d891:455|155,0,geometry_1_00_focus4,-33.26356082754956
44b6_d5e7d891,44b6_d5e7d891:455,union|44b6_d5e7d891:455|156,0,geometry_1_00_focus4,-31.837903857064624
44b6_d5e7d891,44b6_d5e7d891:455,union|44b6_d5e7d891:455|157,0,geometry_1_00_focus4,-34.13346556666104
44b6_d5e7d891,44b6_d5e7d891:455,union|44b6_d5e7d891:455|158,0,geometry_1_00_focus4,-21.05643296420228
44b6_d5e7d891,44b6_d5e7d891:455,union|44b6_d5e7d891:455|159,0,geometry_1_00_focus4,-21.887665349363083
44b6_d5e7d891,44b6_d5e7d891:455,union|44b6_d5e7d891:455|160,0,geometry_1_00_focus4,-26.797287838712165
44b6_d5e7d891,44b6_d5e7d891:455,union|44b6_d5e7d891:455|161,0,geometry_1_00_focus4,-23.594231430136496
44b6_d5e7d891,44b6_d5e7d891:455,union|44b6_d5e7d891:455|162,0,geometry_1_00_focus4,-37.84270129632108
44b6_d5e7d891,44b6_d5e7d891:455,union|44b6_d5e7d891:455|163,0,geometry_1_00_focus4,-28.375318452208223
44b6_d5e7d891,44b6_d5e7d891:455,union|44b6_d5e7d891:455|164,0,geometry_1_00_focus4,-32.18321803115222
44b6_d5e7d891,44b6_d5e7d891:455,union|44b6_d5e7d891:455|165,0,geometry_1_00_focus4,-31.333503250085446
44b6_d5e7d891,44b6_d5e7d891:455,union|44b6_d5e7d891:455|166,0,geometry_1_00_focus4,-24.41808421364636
44b6_d5e7d891,44b6_d5e7d891:455,union|44b6_d5e7d891:455|167,0,geometry_1_00_focus4,-23.218735162358023
44b6_d5e7d891,44b6_d5e7d891:455,union|44b6_d5e7d891:455|168,0,geometry_1_00_focus4,-25.16014851982367
44b6_d5e7d891,44b6_d5e7d891:455,union|44b6_d5e7d891:455|169,0,geometry_1_00_focus4,-38.25225774107535
44b6_d5e7d891,44b6_d5e7d891:455,union|44b6_d5e7d891:455|170,0,geometry_1_00_focus4,-32.64640938862705
44b6_d5e7d891,44b6_d5e7d891:455,union|44b6_d5e7d891:455|171,0,geometry_1_00_focus4,-28.664526659119012
44b6_d5e7d891,44b6_d5e7d891:455,union|44b6_d5e7d891:455|172,0,geometry_1_00_focus4,-30.808848494028155
44b6_d5e7d891,44b6_d5e7d891:455,union|44b6_d5e7d891:455|173,0,geometry_1_00_focus4,-26.294939760390882
44b6_d5e7d891,44b6_d5e7d891:455,union|44b6_d5e7d891:455|174,0,geometry_1_00_focus4,-35.822130358302914
44b6_d5e7d891,44b6_d5e7d891:455,union|44b6_d5e7d891:455|175,0,geometry_1_00_focus4,-38.322004886461364
44b6_d5e7d891,44b6_d5e7d891:455,union|44b6_d5e7d891:455|176,0,geometry_1_00_focus4,-21.706002633815437
44b6_d5e7d891,44b6_d5e7d891:455,union|44b6_d5e7d891:455|177,0,geometry_1_00_focus4,-23.97340642534127
44b6_d5e7d891,44b6_d5e7d891:455,union|44b6_d5e7d891:455|178,0,geometry_1_00_focus4,-30.93308184898573
44b6_d5e7d891,44b6_d5e7d891:455,union|44b6_d5e7d891:455|179,0,geometry_1_00_focus4,-30.389108573858714
44b6_d5e7d891,44b6_d5e7d891:455,union|44b6_d5e7d891:455|180,0,geometry_1_00_focus4,-30.15525235720429
44b6_d5e7d891,44b6_d5e7d891:455,union|44b6_d5e7d891:455|181,0,geometry_1_00_focus4,-22.994929725522567
44b6_eb2880fc,44b6_eb2880fc:282,union|44b6_eb2880fc:282|0,0,geometry_1_00_focus4,-27.70585063662083
44b6_eb2880fc,44b6_eb2880fc:282,union|44b6_eb2880fc:282|1,0,geometry_1_00_focus4,-26.93504053597411
44b6_eb2880fc,44b6_eb2880fc:282,union|44b6_eb2880fc:282|2,0,geometry_1_00_focus4,-32.13935004287346
44b6_eb2880fc,44b6_eb2880fc:282,union|44b6_eb2880fc:282|3,0,geometry_1_00_focus4,-25.34739209441657
44b6_eb2880fc,44b6_eb2880fc:282,union|44b6_eb2880fc:282|4,0,geometry_1_00_focus4,-23.616126049180256
44b6_eb2880fc,44b6_eb2880fc:282,union|44b6_eb2880fc:282|5,0,geometry_1_00_focus4,-30.571142078205884
44b6_eb2880fc,44b6_eb2880fc:282,union|44b6_eb2880fc:282|6,0,geometry_1_00_focus4,-28.631417593884713
44b6_eb2880fc,44b6_eb2880fc:282,union|44b6_eb2880fc:282|7,0,geometry_1_00_focus4,-29.21422542573297
44b6_eb2880fc,44b6_eb2880fc:282,union|44b6_eb2880fc:282|8,0,geometry_1_00_focus4,-33.27893099252128
44b6_eb2880fc,44b6_eb2880fc:282,union|44b6_eb2880fc:282|9,0,geometry_1_00_focus4,-38.83479064946829
44b6_eb2880fc,44b6_eb2880fc:282,union|44b6_eb2880fc:282|10,0,geometry_1_00_focus4,-38.5482910588254
44b6_eb2880fc,44b6_eb2880fc:282,union|44b6_eb2880fc:282|11,0,geometry_1_00_focus4,-36.230610676289956
44b6_eb2880fc,44b6_eb2880fc:282,union|44b6_eb2880fc:282|12,0,geometry_1_00_focus4,-26.455178570080847
44b6_eb2880fc,44b6_eb2880fc:282,union|44b6_eb2880fc:282|13,0,geometry_1_00_focus4,-25.03007688582838
44b6_eb2880fc,44b6_eb2880fc:282,union|44b6_eb2880fc:282|14,0,geometry_1_00_focus4,-21.698745682678325
44b6_eb2880fc,44b6_eb2880fc:282,union|44b6_eb2880fc:282|15,0,geometry_1_00_focus4,-32.4259831189179
44b6_eb2880fc,44b6_eb2880fc:282,union|44b6_eb2880fc:282|16,0,geometry_1_00_focus4,-30.9147837060397
44b6_eb2880fc,44b6_eb2880fc:282,union|44b6_eb2880fc:282|17,0,geometry_1_00_focus4,-27.726168840985142
44b6_eb2880fc,44b6_eb2880fc:282,union|44b6_eb2880fc:282|18,0,geometry_1_00_focus4,-31.97525215955088
44b6_eb2880fc,44b6_eb2880fc:282,union|44b6_eb2880fc:282|19,0,geometry_1_00_focus4,-29.874084621290002
44b6_eb2880fc,44b6_eb2880fc:282,union|44b6_eb2880fc:282|20,0,geometry_1_00_focus4,-38.39088901983811
44b6_eb2880fc,44b6_eb2880fc:282,union|44b6_eb2880fc:282|21,0,geometry_1_00_focus4,-36.641156817219866
44b6_eb2880fc,44b6_eb2880fc:282,union|44b6_eb2880fc:282|22,0,geometry_1_00_focus4,-30.617310190311365
44b6_eb2880fc,44b6_eb2880fc:282,union|44b6_eb2880fc:282|23,0,geometry_1_00_focus4,-34.49804692940243
44b6_eb2880fc,44b6_eb2880fc:282,union|44b6_eb2880fc:282|24,0,geometry_1_00_focus4,-37.69309890524805
44b6_eb2880fc,44b6_eb2880fc:282,union|44b6_eb2880fc:282|25,0,geometry_1_00_focus4,-21.618832334657068
44b6_eb2880fc,44b6_eb2880fc:282,union|44b6_eb2880fc:282|26,0,geometry_1_00_focus4,-30.13467390570147
44b6_eb2880fc,44b6_eb2880fc:282,union|44b6_eb2880fc:282|27,0,geometry_1_00_focus4,-25.486918518617507
44b6_eb2880fc,44b6_eb2880fc:282,union|44b6_eb2880fc:282|28,0,geometry_1_00_focus4,-28.999775800267237
44b6_eb2880fc,44b6_eb2880fc:282,union|44b6_eb2880fc:282|29,0,geometry_1_00_focus4,-34.127384610464446
44b6_eb2880fc,44b6_eb2880fc:282,union|44b6_eb2880fc:282|30,0,geometry_1_00_focus4,-24.955649302284503
44b6_eb2880fc,44b6_eb2880fc:282,union|44b6_eb2880fc:282|31,0,geometry_1_00_focus4,-27.054579924781393
44b6_eb2880fc,44b6_eb2880fc:282,union|44b6_eb2880fc:282|32,0,geometry_1_00_focus4,-30.145514954820072
44b6_eb2880fc,44b6_eb2880fc:282,union|44b6_eb2880fc:282|33,0,geometry_1_00_focus4,-27.767360792081945
44b6_eb2880fc,44b6_eb2880fc:282,union|44b6_eb2880fc:282|34,0,geometry_1_00_focus4,-29.126310679590638
44b6_eb2880fc,44b6_eb2880fc:282,union|44b6_eb2880fc:282|35,0,geometry_1_00_focus4,-32.24062949899669
44b6_eb2880fc,44b6_eb2880fc:282,union|44b6_eb2880fc:282|36,0,geometry_1_00_focus4,-35.08007726519124
44b6_eb2880fc,44b6_eb2880fc:282,union|44b6_eb2880fc:282|37,0,geometry_1_00_focus4,-25.080625549520537
44b6_eb2880fc,44b6_eb2880fc:282,union|44b6_eb2880fc:282|38,0,geometry_1_00_focus4,-31.135502450430934
44b6_eb2880fc,44b6_eb2880fc:282,union|44b6_eb2880fc:282|39,0,geometry_1_00_focus4,-33.37174876270214
44b6_eb2880fc,44b6_eb2880fc:282,union|44b6_eb2880fc:282|40,0,geometry_1_00_focus4,-28.362588209961864
44b6_eb2880fc,44b6_eb2880fc:282,union|44b6_eb2880fc:282|41,0,geometry_1_00_focus4,-28.51803297428994
44b6_eb2880fc,44b6_eb2880fc:282,union|44b6_eb2880fc:282|42,0,geometry_1_00_focus4,-24.756688293611134
44b6_eb2880fc,44b6_eb2880fc:282,union|44b6_eb2880fc:282|43,0,geometry_1_00_focus4,-30.824589591783585
44b6_eb2880fc,44b6_eb2880fc:282,union|44b6_eb2880fc:282|44,0,geometry_1_00_focus4,-31.701863567333632
44b6_eb2880fc,44b6_eb2880fc:282,union|44b6_eb2880fc:282|45,0,geometry_1_00_focus4,-31.62559835347656
44b6_eb2880fc,44b6_eb2880fc:282,union|44b6_eb2880fc:282|46,0,geometry_1_00_focus4,-36.24681120152603
44b6_eb2880fc,44b6_eb2880fc:282,union|44b6_eb2880fc:282|47,0,geometry_1_00_focus4,-30.829158224808566
44b6_eb2880fc,44b6_eb2880fc:282,union|44b6_eb2880fc:282|48,0,geometry_1_00_focus4,-36.35583613424702
44b6_eb2880fc,44b6_eb2880fc:282,union|44b6_eb2880fc:282|49,0,geometry_1_00_focus4,-30.943003277172565
44b6_eb2880fc,44b6_eb2880fc:282,union|44b6_eb2880fc:282|50,0,geometry_1_00_focus4,-30.55941410271255
44b6_eb2880fc,44b6_eb2880fc:282,union|44b6_eb2880fc:282|51,0,geometry_1_00_focus4,-35.57303664672688
44b6_eb2880fc,44b6_eb2880fc:282,union|44b6_eb2880fc:282|52,1,geometry_1_00_focus4,-27.4961102894578
44b6_eb2880fc,44b6_eb2880fc:282,union|44b6_eb2880fc:282|53,0,geometry_1_00_focus4,-32.94463005518052
44b6_eb2880fc,44b6_eb2880fc:282,union|44b6_eb2880fc:282|54,0,geometry_1_00_focus4,-33.403429672281334
44b6_eb2880fc,44b6_eb2880fc:282,union|44b6_eb2880fc:282|55,0,geometry_1_00_focus4,-29.697825574715964
44b6_eb2880fc,44b6_eb2880fc:282,union|44b6_eb2880fc:282|56,0,geometry_1_00_focus4,-37.660252896340744
44b6_eb2880fc,44b6_eb2880fc:282,union|44b6_eb2880fc:282|57,0,geometry_1_00_focus4,-33.314280001926974
44b6_eb2880fc,44b6_eb2880fc:282,union|44b6_eb2880fc:282|58,0,geometry_1_00_focus4,-33.962503939623204
44b6_eb2880fc,44b6_eb2880fc:282,union|44b6_eb2880fc:282|59,0,geometry_1_00_focus4,-23.78741873261364
44b6_eb2880fc,44b6_eb2880fc:282,union|44b6_eb2880fc:282|60,0,geometry_1_00_focus4,-24.066655723348312
44b6_eb2880fc,44b6_eb2880fc:282,union|44b6_eb2880fc:282|61,0,geometry_1_00_focus4,-19.39170236497701
44b6_eb2880fc,44b6_eb2880fc:282,union|44b6_eb2880fc:282|62,0,geometry_1_00_focus4,-29.792976161056345
44b6_eb2880fc,44b6_eb2880fc:282,union|44b6_eb2880fc:282|63,0,geometry_1_00_focus4,-31.84759834887445
44b6_eb2880fc,44b6_eb2880fc:282,union|44b6_eb2880fc:282|64,0,geometry_1_00_focus4,-29.734799506113276
44b6_eb2880fc,44b6_eb2880fc:282,union|44b6_eb2880fc:282|65,0,geometry_1_00_focus4,-29.579151097144866
44b6_eb2880fc,44b6_eb2880fc:282,union|44b6_eb2880fc:282|66,0,geometry_1_00_focus4,-35.31943310107938
44b6_eb2880fc,44b6_eb2880fc:282,union|44b6_eb2880fc:282|67,0,geometry_1_00_focus4,-36.298095007966594
44b6_eb2880fc,44b6_eb2880fc:282,union|44b6_eb2880fc:282|68,0,geometry_1_00_focus4,-34.604911146881236
44b6_eb2880fc,44b6_eb2880fc:282,union|44b6_eb2880fc:282|69,0,geometry_1_00_focus4,-30.287641949416084
44b6_eb2880fc,44b6_eb2880fc:282,union|44b6_eb2880fc:282|70,0,geometry_1_00_focus4,-30.831731362617347
44b6_eb2880fc,44b6_eb2880fc:282,union|44b6_eb2880fc:282|71,0,geometry_1_00_focus4,-26.157349625016117
44b6_eb2880fc,44b6_eb2880fc:282,union|44b6_eb2880fc:282|72,0,geometry_1_00_focus4,-26.157349625016117
44b6_eb2880fc,44b6_eb2880fc:282,union|44b6_eb2880fc:282|73,0,geometry_1_00_focus4,-32.07332544220192
44b6_eb2880fc,44b6_eb2880fc:282,union|44b6_eb2880fc:282|74,0,geometry_1_00_focus4,-32.54465580579033
44b6_eb2880fc,44b6_eb2880fc:282,union|44b6_eb2880fc:282|75,0,geometry_1_00_focus4,-29.03755292613906
44b6_eb2880fc,44b6_eb2880fc:282,union|44b6_eb2880fc:282|76,0,geometry_1_00_focus4,-32.001980370935
44b6_eb2880fc,44b6_eb2880fc:282,union|44b6_eb2880fc:282|77,0,geometry_1_00_focus4,-24.5714240460725
44b6_eb2880fc,44b6_eb2880fc:282,union|44b6_eb2880fc:282|78,0,geometry_1_00_focus4,-21.060447770941074
44b6_eb2880fc,44b6_eb2880fc:282,union|44b6_eb2880fc:282|79,0,geometry_1_00_focus4,-32.71407626937851
44b6_eb2880fc,44b6_eb2880fc:282,union|44b6_eb2880fc:282|80,0,geometry_1_00_focus4,-31.839478339596127
44b6_eb2880fc,44b6_eb2880fc:282,union|44b6_eb2880fc:282|81,0,geometry_1_00_focus4,-36.91651329297659
44b6_eb2880fc,44b6_eb2880fc:282,union|44b6_eb2880fc:282|82,0,geometry_1_00_focus4,-27.459106529804373
44b6_eb2880fc,44b6_eb2880fc:282,union|44b6_eb2880fc:282|83,0,geometry_1_00_focus4,-27.26741699561523
44b6_eb2880fc,44b6_eb2880fc:282,union|44b6_eb2880fc:282|84,0,geometry_1_00_focus4,-38.18734041950411
44b6_eb2880fc,44b6_eb2880fc:282,union|44b6_eb2880fc:282|85,0,geometry_1_00_focus4,-34.25530295686949
44b6_eb2880fc,44b6_eb2880fc:282,union|44b6_eb2880fc:282|86,0,geometry_1_00_focus4,-26.365867926427477
44b6_eb2880fc,44b6_eb2880fc:282,union|44b6_eb2880fc:282|87,0,geometry_1_00_focus4,-30.485733648501366
44b6_eb2880fc,44b6_eb2880fc:282,union|44b6_eb2880fc:282|88,0,geometry_1_00_focus4,-22.739327867836526
44b6_eb2880fc,44b6_eb2880fc:282,union|44b6_eb2880fc:282|89,0,geometry_1_00_focus4,-28.858212288318192
44b6_eb2880fc,44b6_eb2880fc:282,union|44b6_eb2880fc:282|90,0,geometry_1_00_focus4,-28.30271834335136
44b6_eb2880fc,44b6_eb2880fc:282,union|44b6_eb2880fc:282|91,0,geometry_1_00_focus4,-16.41812508387789
44b6_eb2880fc,44b6_eb2880fc:282,union|44b6_eb2880fc:282|92,0,geometry_1_00_focus4,-29.42124146296327
44b6_eb2880fc,44b6_eb2880fc:282,union|44b6_eb2880fc:282|93,0,geometry_1_00_focus4,-24.931347411065985
44b6_eb2880fc,44b6_eb2880fc:282,union|44b6_eb2880fc:282|94,0,geometry_1_00_focus4,-31.481325580018893
44b6_eb2880fc,44b6_eb2880fc:282,union|44b6_eb2880fc:282|95,0,geometry_1_00_focus4,-20.483831713791805
44b6_eb2880fc,44b6_eb2880fc:282,union|44b6_eb2880fc:282|96,0,geometry_1_00_focus4,-32.207183978816325
44b6_eb2880fc,44b6_eb2880fc:282,union|44b6_eb2880fc:282|97,0,geometry_1_00_focus4,-22.34914218657827
44b6_eb2880fc,44b6_eb2880fc:282,union|44b6_eb2880fc:282|98,0,geometry_1_00_focus4,-23.376240646946425
44b6_eb2880fc,44b6_eb2880fc:282,union|44b6_eb2880fc:282|99,0,geometry_1_00_focus4,-17.779910492562983
44b6_eb2880fc,44b6_eb2880fc:282,union|44b6_eb2880fc:282|100,0,geometry_1_00_focus4,-30.27621814764349
44b6_eb2880fc,44b6_eb2880fc:282,union|44b6_eb2880fc:282|101,0,geometry_1_00_focus4,-27.76128577852883
44b6_eb2880fc,44b6_eb2880fc:282,union|44b6_eb2880fc:282|102,0,geometry_1_00_focus4,-28.593036799247162
44b6_eb2880fc,44b6_eb2880fc:282,union|44b6_eb2880fc:282|103,0,geometry_1_00_focus4,-23.74019208948419
44b6_eb2880fc,44b6_eb2880fc:282,union|44b6_eb2880fc:282|104,0,geometry_1_00_focus4,-33.09202562412279
44b6_eb2880fc,44b6_eb2880fc:282,union|44b6_eb2880fc:282|105,0,geometry_1_00_focus4,-32.48010696596972
44b6_eb2880fc,44b6_eb2880fc:282,union|44b6_eb2880fc:282|106,0,geometry_1_00_focus4,-29.692740200589007
44b6_eb2880fc,44b6_eb2880fc:282,union|44b6_eb2880fc:282|107,0,geometry_1_00_focus4,-26.427894856196083
44b6_eb2880fc,44b6_eb2880fc:282,union|44b6_eb2880fc:282|108,0,geometry_1_00_focus4,-33.63993800428265
44b6_eb2880fc,44b6_eb2880fc:282,union|44b6_eb2880fc:282|109,0,geometry_1_00_focus4,-31.309937344679
44b6_eb2880fc,44b6_eb2880fc:282,union|44b6_eb2880fc:282|110,0,geometry_1_00_focus4,-30.634939503809154
44b6_eb2880fc,44b6_eb2880fc:282,union|44b6_eb2880fc:282|111,0,geometry_1_00_focus4,-32.646692523067465
44b6_eb2880fc,44b6_eb2880fc:282,union|44b6_eb2880fc:282|112,0,geometry_1_00_focus4,-27.23001656219583
44b6_eb2880fc,44b6_eb2880fc:282,union|44b6_eb2880fc:282|113,0,geometry_1_00_focus4,-34.046222986758664
44b6_eb2880fc,44b6_eb2880fc:282,union|44b6_eb2880fc:282|114,0,geometry_1_00_focus4,-24.114271066265136
44b6_eb2880fc,44b6_eb2880fc:282,union|44b6_eb2880fc:282|115,0,geometry_1_00_focus4,-25.242181663063697
44b6_eb2880fc,44b6_eb2880fc:282,union|44b6_eb2880fc:282|116,0,geometry_1_00_focus4,-35.2612247353057
44b6_eb2880fc,44b6_eb2880fc:282,union|44b6_eb2880fc:282|117,0,geometry_1_00_focus4,-30.92437226668893
44b6_eb2880fc,44b6_eb2880fc:282,union|44b6_eb2880fc:282|118,0,geometry_1_00_focus4,-30.038582233137674
44b6_eb2880fc,44b6_eb2880fc:282,union|44b6_eb2880fc:282|119,0,geometry_1_00_focus4,-28.877367377606614
44b6_eb2880fc,44b6_eb2880fc:282,union|44b6_eb2880fc:282|120,0,geometry_1_00_focus4,-26.522496211367454
44b6_eb2880fc,44b6_eb2880fc:282,union|44b6_eb2880fc:282|121,0,geometry_1_00_focus4,-23.205178570080847
44b6_eb2880fc,44b6_eb2880fc:282,union|44b6_eb2880fc:282|122,0,geometry_1_00_focus4,-33.88036502221463
44b6_eb2880fc,44b6_eb2880fc:282,union|44b6_eb2880fc:282|123,0,geometry_1_00_focus4,-30.922793819004546
44b6_eb2880fc,44b6_eb2880fc:282,union|44b6_eb2880fc:282|124,0,geometry_1_00_focus4,-31.417180747406714
44b6_eb2880fc,44b6_eb2880fc:282,union|44b6_eb2880fc:282|125,0,geometry_1_00_focus4,-31.58590923784432
44b6_eb2880fc,44b6_eb2880fc:282,union|44b6_eb2880fc:282|126,0,geometry_1_00_focus4,-32.895576187661746
44b6_eb2880fc,44b6_eb2880fc:282,union|44b6_eb2880fc:282|127,0,geometry_1_00_focus4,-24.44441983512843
44b6_eb2880fc,44b6_eb2880fc:282,union|44b6_eb2880fc:282|128,0,geometry_1_00_focus4,-29.11880157272966
44b6_eb2880fc,44b6_eb2880fc:282,union|44b6_eb2880fc:282|129,0,geometry_1_00_focus4,-36.747399505257555
44b6_eb2880fc,44b6_eb2880fc:282,union|44b6_eb2880fc:282|130,0,geometry_1_00_focus4,-37.69624779783309
44b6_eb2880fc,44b6_eb2880fc:282,union|44b6_eb2880fc:282|131,0,geometry_1_00_focus4,-37.4065369500975
44b6_eb2880fc,44b6_eb2880fc:282,union|44b6_eb2880fc:282|132,0,geometry_1_00_focus4,-37.652703926333125
44b6_eb2880fc,44b6_eb2880fc:282,union|44b6_eb2880fc:282|133,0,geometry_1_00_focus4,-23.85709445729822
44b6_eb2880fc,44b6_eb2880fc:282,union|44b6_eb2880fc:282|134,0,geometry_1_00_focus4,-31.135502450430934
44b6_eb2880fc,44b6_eb2880fc:282,union|44b6_eb2880fc:282|135,0,geometry_1_00_focus4,-32.15470672566037
44b6_eb2880fc,44b6_eb2880fc:282,union|44b6_eb2880fc:282|136,0,geometry_1_00_focus4,-32.343617000874325
44b6_eb2880fc,44b6_eb2880fc:282,union|44b6_eb2880fc:282|137,0,geometry_1_00_focus4,-32.15009280483655
44b6_eb2880fc,44b6_eb2880fc:282,union|44b6_eb2880fc:282|138,0,geometry_1_00_focus4,-37.263472588983724
44b6_eb2880fc,44b6_eb2880fc:282,union|44b6_eb2880fc:282|139,0,geometry_1_00_focus4,-32.52542331293081
44b6_eb2880fc,44b6_eb2880fc:282,union|44b6_eb2880fc:282|140,0,geometry_1_00_focus4,-31.307443015785026
44b6_eb2880fc,44b6_eb2880fc:282,union|44b6_eb2880fc:282|141,0,geometry_1_00_focus4,-30.022543894396303
44b6_eb2880fc,44b6_eb2880fc:282,union|44b6_eb2880fc:282|142,0,geometry_1_00_focus4,-21.305475399204457
44b6_eb2880fc,44b6_eb2880fc:282,union|44b6_eb2880fc:282|143,0,geometry_1_00_focus4,-28.17079889616566
44b6_eb2880fc,44b6_eb2880fc:282,union|44b6_eb2880fc:282|144,0,geometry_1_00_focus4,-20.564972749992002
44b6_eb2880fc,44b6_eb2880fc:282,union|44b6_eb2880fc:282|145,0,geometry_1_00_focus4,-32.21519205879228
44b6_eb2880fc,44b6_eb2880fc:282,union|44b6_eb2880fc:282|146,0,geometry_1_00_focus4,-25.47927641130735
44b6_eb2880fc,44b6_eb2880fc:282,union|44b6_eb2880fc:282|147,0,geometry_1_00_focus4,-22.546643040203048
44b6_eb2880fc,44b6_eb2880fc:282,union|44b6_eb2880fc:282|148,0,geometry_1_00_focus4,-21.682791980589027
44b6_eb2880fc,44b6_eb2880fc:282,union|44b6_eb2880fc:282|149,0,geometry_1_00_focus4,-29.632636587207102
44b6_eb2880fc,44b6_eb2880fc:282,union|44b6_eb2880fc:282|150,0,geometry_1_00_focus4,-32.37373323069805
44b6_eb2880fc,44b6_eb2880fc:282,union|44b6_eb2880fc:282|151,0,geometry_1_00_focus4,-26.787671700438484
44b6_eb2880fc,44b6_eb2880fc:282,union|44b6_eb2880fc:282|152,0,geometry_1_00_focus4,-26.597111099543007
44b6_eb2880fc,44b6_eb2880fc:282,union|44b6_eb2880fc:282|153,0,geometry_1_00_focus4,-26.961375216664027
44b6_eb2880fc,44b6_eb2880fc:282,union|44b6_eb2880fc:282|154,0,geometry_1_00_focus4,-29.990959314228917
44b6_eb2880fc,44b6_eb2880fc:282,union|44b6_eb2880fc:282|155,0,geometry_1_00_focus4,-26.635001925010386
44b6_eb2880fc,44b6_eb2880fc:282,union|44b6_eb2880fc:282|156,0,geometry_1_00_focus4,-26.35998379518384
44b6_eb2880fc,44b6_eb2880fc:282,union|44b6_eb2880fc:282|157,0,geometry_1_00_focus4,-24.683259702717393
44b6_eb2880fc,44b6_eb2880fc:282,union|44b6_eb2880fc:282|158,0,geometry_1_00_focus4,-26.22085746836134
44b6_eb2880fc,44b6_eb2880fc:282,union|44b6_eb2880fc:282|159,0,geometry_1_00_focus4,-35.1756497311171
44b6_eb2880fc,44b6_eb2880fc:282,union|44b6_eb2880fc:282|160,0,geometry_1_00_focus4,-25.633132487159624
44b6_eb2880fc,44b6_eb2880fc:282,union|44b6_eb2880fc:282|161,0,geometry_1_00_focus4,-29.676204515618085
44b6_eb2880fc,44b6_eb2880fc:282,union|44b6_eb2880fc:282|162,0,geometry_1_00_focus4,-35.28722448259714
44b6_eb2880fc,44b6_eb2880fc:282,union|44b6_eb2880fc:282|163,0,geometry_1_00_focus4,-27.426409912504717
44b6_eb2880fc,44b6_eb2880fc:282,union|44b6_eb2880fc:282|164,0,geometry_1_00_focus4,-36.52935797928599
44b6_eb2880fc,44b6_eb2880fc:282,union|44b6_eb2880fc:282|165,0,geometry_1_00_focus4,-37.69346367538368
44b6_eb2880fc,44b6_eb2880fc:282,union|44b6_eb2880fc:282|166,0,geometry_1_00_focus4,-25.766564686853176
44b6_eb2880fc,44b6_eb2880fc:282,union|44b6_eb2880fc:282|167,0,geometry_1_00_focus4,-31.502260394033375
44b6_eb2880fc,44b6_eb2880fc:282,union|44b6_eb2880fc:282|168,0,geometry_1_00_focus4,-33.27820393129306
44b6_eb2880fc,44b6_eb2880fc:282,union|44b6_eb2880fc:282|169,0,geometry_1_00_focus4,-27.767795094427413
44b6_eb2880fc,44b6_eb2880fc:282,union|44b6_eb2880fc:282|170,0,geometry_1_00_focus4,-18.761953384867937
44b6_eb2880fc,44b6_eb2880fc:282,union|44b6_eb2880fc:282|171,0,geometry_1_00_focus4,-19.938938433015164
44b6_eb2880fc,44b6_eb2880fc:282,union|44b6_eb2880fc:282|172,0,geometry_1_00_focus4,-40.611641787179934
44b6_eb2880fc,44b6_eb2880fc:282,union|44b6_eb2880fc:282|173,0,geometry_1_00_focus4,-28.23352328369726
44b6_eb2880fc,44b6_eb2880fc:282,union|44b6_eb2880fc:282|174,0,geometry_1_00_focus4,-34.186434205017044
44b6_eb2880fc,44b6_eb2880fc:282,union|44b6_eb2880fc:282|175,0,geometry_1_00_focus4,-31.354197380889925
44b6_eb2880fc,44b6_eb2880fc:282,union|44b6_eb2880fc:282|176,0,geometry_1_00_focus4,-29.374504342303858
44b6_eb2880fc,44b6_eb2880fc:282,union|44b6_eb2880fc:282|177,0,geometry_1_00_focus4,-24.41899630732531
44b6_eb2880fc,44b6_eb2880fc:282,union|44b6_eb2880fc:282|178,0,geometry_1_00_focus4,-38.93651060963154
44b6_eb2880fc,44b6_eb2880fc:282,union|44b6_eb2880fc:282|179,0,geometry_1_00_focus4,-22.899362612112597
44b6_eb2880fc,44b6_eb2880fc:282,union|44b6_eb2880fc:282|180,0,geometry_1_00_focus4,-40.220871739300996
6bba_05db0fb1,6bba_05db0fb1:229,union|6bba_05db0fb1:229|0,0,geometry_1_00_focus4,-24.009317129512198
6bba_05db0fb1,6bba_05db0fb1:229,union|6bba_05db0fb1:229|1,0,geometry_1_00_focus4,-27.271481835659976
6bba_05db0fb1,6bba_05db0fb1:229,union|6bba_05db0fb1:229|2,0,geometry_1_00_focus4,-25.977358774770163
6bba_05db0fb1,6bba_05db0fb1:229,union|6bba_05db0fb1:229|3,0,geometry_1_00_focus4,-26.95097285286051
6bba_05db0fb1,6bba_05db0fb1:229,union|6bba_05db0fb1:229|4,0,geometry_1_00_focus4,-31.685500733503062
6bba_05db0fb1,6bba_05db0fb1:229,union|6bba_05db0fb1:229|5,0,geometry_1_00_focus4,-24.143806241246807
6bba_05db0fb1,6bba_05db0fb1:229,union|6bba_05db0fb1:229|6,0,geometry_1_00_focus4,-32.99973134585224
6bba_05db0fb1,6bba_05db0fb1:229,union|6bba_05db0fb1:229|7,0,geometry_1_00_focus4,-30.86548973807008
6bba_05db0fb1,6bba_05db0fb1:229,union|6bba_05db0fb1:229|8,0,geometry_1_00_focus4,-30.989716108616072
6bba_05db0fb1,6bba_05db0fb1:229,union|6bba_05db0fb1:229|9,0,geometry_1_00_focus4,-32.99973134585224
6bba_05db0fb1,6bba_05db0fb1:229,union|6bba_05db0fb1:229|10,0,geometry_1_00_focus4,-32.71576925336309
6bba_05db0fb1,6bba_05db0fb1:229,union|6bba_05db0fb1:229|11,0,geometry_1_00_focus4,-30.614315045749862
6bba_05db0fb1,6bba_05db0fb1:229,union|6bba_05db0fb1:229|12,0,geometry_1_00_focus4,-27.551153187288655
6bba_05db0fb1,6bba_05db0fb1:229,union|6bba_05db0fb1:229|13,0,geometry_1_00_focus4,-37.121982453404314
6bba_05db0fb1,6bba_05db0fb1:229,union|6bba_05db0fb1:229|14,0,geometry_1_00_focus4,-35.30183408067548
6bba_05db0fb1,6bba_05db0fb1:229,union|6bba_05db0fb1:229|15,0,geometry_1_00_focus4,-31.741914864430356
6bba_05db0fb1,6bba_05db0fb1:229,union|6bba_05db0fb1:229|16,0,geometry_1_00_focus4,-18.36591854987371
6bba_05db0fb1,6bba_05db0fb1:229,union|6bba_05db0fb1:229|17,0,geometry_1_00_focus4,-19.155969697421952
6bba_05db0fb1,6bba_05db0fb1:229,union|6bba_05db0fb1:229|18,0,geometry_1_00_focus4,-28.400179997288213
6bba_05db0fb1,6bba_05db0fb1:229,union|6bba_05db0fb1:229|19,0,geometry_1_00_focus4,-22.67355784314335
6bba_05db0fb1,6bba_05db0fb1:229,union|6bba_05db0fb1:229|20,0,geometry_1_00_focus4,-22.346339381896374
6bba_05db0fb1,6bba_05db0fb1:229,union|6bba_05db0fb1:229|21,0,geometry_1_00_focus4,-28.730312622849375
6bba_05db0fb1,6bba_05db0fb1:229,union|6bba_05db0fb1:229|22,0,geometry_1_00_focus4,-28.95507335593301
6bba_05db0fb1,6bba_05db0fb1:229,union|6bba_05db0fb1:229|23,0,geometry_1_00_focus4,-22.235255455909225
6bba_05db0fb1,6bba_05db0fb1:229,union|6bba_05db0fb1:229|24,0,geometry_1_00_focus4,-32.75316621903878
6bba_05db0fb1,6bba_05db0fb1:229,union|6bba_05db0fb1:229|25,0,geometry_1_00_focus4,-35.13646173011655
6bba_05db0fb1,6bba_05db0fb1:229,union|6bba_05db0fb1:229|26,0,geometry_1_00_focus4,-35.10434294343365
6bba_05db0fb1,6bba_05db0fb1:229,union|6bba_05db0fb1:229|27,0,geometry_1_00_focus4,-15.150043963680288
6bba_05db0fb1,6bba_05db0fb1:229,union|6bba_05db0fb1:229|28,0,geometry_1_00_focus4,-25.88370497858083
6bba_05db0fb1,6bba_05db0fb1:229,union|6bba_05db0fb1:229|29,0,geometry_1_00_focus4,-38.267790342361494
6bba_05db0fb1,6bba_05db0fb1:229,union|6bba_05db0fb1:229|30,0,geometry_1_00_focus4,-24.73025657800578
6bba_05db0fb1,6bba_05db0fb1:229,union|6bba_05db0fb1:229|31,0,geometry_1_00_focus4,-30.58326576218495
6bba_05db0fb1,6bba_05db0fb1:229,union|6bba_05db0fb1:229|32,0,geometry_1_00_focus4,-26.35150556217054
6bba_05db0fb1,6bba_05db0fb1:229,union|6bba_05db0fb1:229|33,0,geometry_1_00_focus4,-26.70521933959198
6bba_05db0fb1,6bba_05db0fb1:229,union|6bba_05db0fb1:229|34,0,geometry_1_00_focus4,-28.021875062940296
6bba_05db0fb1,6bba_05db0fb1:229,union|6bba_05db0fb1:229|35,0,geometry_1_00_focus4,-25.735296225420363
6bba_05db0fb1,6bba_05db0fb1:229,union|6bba_05db0fb1:229|36,0,geometry_1_00_focus4,-34.89781053012946
6bba_05db0fb1,6bba_05db0fb1:229,union|6bba_05db0fb1:229|37,0,geometry_1_00_focus4,-31.98151433427633
6bba_05db0fb1,6bba_05db0fb1:229,union|6bba_05db0fb1:229|38,0,geometry_1_00_focus4,-32.37336312235694
6bba_05db0fb1,6bba_05db0fb1:229,union|6bba_05db0fb1:229|39,0,geometry_1_00_focus4,-19.734144490805484
6bba_05db0fb1,6bba_05db0fb1:229,union|6bba_05db0fb1:229|40,0,geometry_1_00_focus4,-35.663563969028644
6bba_05db0fb1,6bba_05db0fb1:229,union|6bba_05db0fb1:229|41,0,geometry_1_00_focus4,-37.44075176800936
6bba_05db0fb1,6bba_05db0fb1:229,union|6bba_05db0fb1:229|42,0,geometry_1_00_focus4,-23.3593029152646
6bba_05db0fb1,6bba_05db0fb1:229,union|6bba_05db0fb1:229|43,0,geometry_1_00_focus4,-20.678936214432323
6bba_05db0fb1,6bba_05db0fb1:229,union|6bba_05db0fb1:229|44,0,geometry_1_00_focus4,-20.581071381674413
6bba_05db0fb1,6bba_05db0fb1:229,union|6bba_05db0fb1:229|45,0,geometry_1_00_focus4,-27.271481835659976
6bba_05db0fb1,6bba_05db0fb1:229,union|6bba_05db0fb1:229|46,0,geometry_1_00_focus4,-30.22359034819846
6bba_05db0fb1,6bba_05db0fb1:229,union|6bba_05db0fb1:229|47,0,geometry_1_00_focus4,-30.86548973807008
6bba_05db0fb1,6bba_05db0fb1:229,union|6bba_05db0fb1:229|48,0,geometry_1_00_focus4,-30.415556163416248
6bba_05db0fb1,6bba_05db0fb1:229,union|6bba_05db0fb1:229|49,0,geometry_1_00_focus4,-19.155969697421952
6bba_05db0fb1,6bba_05db0fb1:229,union|6bba_05db0fb1:229|50,0,geometry_1_00_focus4,-29.067547662168344
6bba_05db0fb1,6bba_05db0fb1:229,union|6bba_05db0fb1:229|51,0,geometry_1_00_focus4,-33.6151895331436
6bba_05db0fb1,6bba_05db0fb1:229,union|6bba_05db0fb1:229|52,0,geometry_1_00_focus4,-31.256471559628434
6bba_05db0fb1,6bba_05db0fb1:229,union|6bba_05db0fb1:229|53,0,geometry_1_00_focus4,-27.3597807329852
6bba_05db0fb1,6bba_05db0fb1:229,union|6bba_05db0fb1:229|54,0,geometry_1_00_focus4,-29.804217786444838
6bba_05db0fb1,6bba_05db0fb1:229,union|6bba_05db0fb1:229|55,0,geometry_1_00_focus4,-22.8176986937787
6bba_05db0fb1,6bba_05db0fb1:229,union|6bba_05db0fb1:229|56,0,geometry_1_00_focus4,-30.397857877911065
6bba_05db0fb1,6bba_05db0fb1:229,union|6bba_05db0fb1:229|57,0,geometry_1_00_focus4,-39.02683857380754
6bba_05db0fb1,6bba_05db0fb1:229,union|6bba_05db0fb1:229|58,0,geometry_1_00_focus4,-21.62930311688654
6bba_05db0fb1,6bba_05db0fb1:229,union|6bba_05db0fb1:229|59,0,geometry_1_00_focus4,-32.9695508211256
6bba_05db0fb1,6bba_05db0fb1:229,union|6bba_05db0fb1:229|60,0,geometry_1_00_focus4,-19.4924695839482
6bba_05db0fb1,6bba_05db0fb1:229,union|6bba_05db0fb1:229|61,0,geometry_1_00_focus4,-20.227169205656267
6bba_05db0fb1,6bba_05db0fb1:229,union|6bba_05db0fb1:229|62,0,geometry_1_00_focus4,-31.98151433427633
6bba_05db0fb1,6bba_05db0fb1:229,union|6bba_05db0fb1:229|63,0,geometry_1_00_focus4,-22.009898082210512
6bba_05db0fb1,6bba_05db0fb1:229,union|6bba_05db0fb1:229|64,0,geometry_1_00_focus4,-21.63568333613892
6bba_05db0fb1,6bba_05db0fb1:229,union|6bba_05db0fb1:229|65,0,geometry_1_00_focus4,-28.062298613457948
6bba_05db0fb1,6bba_05db0fb1:229,union|6bba_05db0fb1:229|66,0,geometry_1_00_focus4,-31.769952643089127
6bba_05db0fb1,6bba_05db0fb1:229,union|6bba_05db0fb1:229|67,0,geometry_1_00_focus4,-32.029161993660644
6bba_05db0fb1,6bba_05db0fb1:229,union|6bba_05db0fb1:229|68,0,geometry_1_00_focus4,-38.97626724022241
6bba_05db0fb1,6bba_05db0fb1:229,union|6bba_05db0fb1:229|69,0,geometry_1_00_focus4,-23.169717225716155
6bba_05db0fb1,6bba_05db0fb1:229,union|6bba_05db0fb1:229|70,0,geometry_1_00_focus4,-24.13596417093398
6bba_05db0fb1,6bba_05db0fb1:229,union|6bba_05db0fb1:229|71,0,geometry_1_00_focus4,-37.11957044516563
6bba_05db0fb1,6bba_05db0fb1:229,union|6bba_05db0fb1:229|72,0,geometry_1_00_focus4,-24.62481658606152
6bba_05db0fb1,6bba_05db0fb1:229,union|6bba_05db0fb1:229|73,0,geometry_1_00_focus4,-31.78717949573864
6bba_05db0fb1,6bba_05db0fb1:229,union|6bba_05db0fb1:229|74,0,geometry_1_00_focus4,-30.63886921394369
6bba_05db0fb1,6bba_05db0fb1:229,union|6bba_05db0fb1:229|75,0,geometry_1_00_focus4,-33.35234116250729
6bba_05db0fb1,6bba_05db0fb1:229,union|6bba_05db0fb1:229|76,0,geometry_1_00_focus4,-32.186460151948985
6bba_05db0fb1,6bba_05db0fb1:229,union|6bba_05db0fb1:229|77,0,geometry_1_00_focus4,-27.574503990123
6bba_05db0fb1,6bba_05db0fb1:229,union|6bba_05db0fb1:229|78,0,geometry_1_00_focus4,-30.126512023025366
6bba_05db0fb1,6bba_05db0fb1:229,union|6bba_05db0fb1:229|79,0,geometry_1_00_focus4,-28.92594477077071
6bba_05db0fb1,6bba_05db0fb1:229,union|6bba_05db0fb1:229|80,0,geometry_1_00_focus4,-30.389413093088578
6bba_05db0fb1,6bba_05db0fb1:229,union|6bba_05db0fb1:229|81,0,geometry_1_00_focus4,-32.71533755444107
6bba_05db0fb1,6bba_05db0fb1:229,union|6bba_05db0fb1:229|82,0,geometry_1_00_focus4,-30.62938930117903
6bba_05db0fb1,6bba_05db0fb1:229,union|6bba_05db0fb1:229|83,0,geometry_1_00_focus4,-37.01712231592662
6bba_05db0fb1,6bba_05db0fb1:229,union|6bba_05db0fb1:229|84,0,geometry_1_00_focus4,-28.671661475171867
6bba_05db0fb1,6bba_05db0fb1:229,union|6bba_05db0fb1:229|85,0,geometry_1_00_focus4,-24.811844249295866
6bba_05db0fb1,6bba_05db0fb1:229,union|6bba_05db0fb1:229|86,0,geometry_1_00_focus4,-20.04856888328041
6bba_05db0fb1,6bba_05db0fb1:229,union|6bba_05db0fb1:229|87,1,geometry_1_00_focus4,-21.939620222989596
6bba_05db0fb1,6bba_05db0fb1:229,union|6bba_05db0fb1:229|88,0,geometry_1_00_focus4,-20.390976753740347
6bba_05db0fb1,6bba_05db0fb1:229,union|6bba_05db0fb1:229|89,0,geometry_1_00_focus4,-26.409275762491617
6bba_05db0fb1,6bba_05db0fb1:229,union|6bba_05db0fb1:229|90,0,geometry_1_00_focus4,-31.589565352055573
6bba_05db0fb1,6bba_05db0fb1:229,union|6bba_05db0fb1:229|91,0,geometry_1_00_focus4,-31.300395878801332
6bba_05db0fb1,6bba_05db0fb1:229,union|6bba_05db0fb1:229|92,0,geometry_1_00_focus4,-26.6523804514354
6bba_05db0fb1,6bba_05db0fb1:229,union|6bba_05db0fb1:229|93,0,geometry_1_00_focus4,-32.16652346917298
6bba_05db0fb1,6bba_05db0fb1:229,union|6bba_05db0fb1:229|94,0,geometry_1_00_focus4,-24.604632636093438
6bba_05db0fb1,6bba_05db0fb1:229,union|6bba_05db0fb1:229|95,0,geometry_1_00_focus4,-25.214708451326587
6bba_05db0fb1,6bba_05db0fb1:229,union|6bba_05db0fb1:229|96,0,geometry_1_00_focus4,-28.906760573047634
6bba_05db0fb1,6bba_05db0fb1:229,union|6bba_05db0fb1:229|97,0,geometry_1_00_focus4,-21.95843525089258
6bba_05db0fb1,6bba_05db0fb1:229,union|6bba_05db0fb1:229|98,0,geometry_1_00_focus4,-25.209531451937867
6bba_05db0fb1,6bba_05db0fb1:229,union|6bba_05db0fb1:229|99,0,geometry_1_00_focus4,-33.66956434021115
6bba_05db0fb1,6bba_05db0fb1:229,union|6bba_05db0fb1:229|100,0,geometry_1_00_focus4,-32.59931720017179
6bba_05db0fb1,6bba_05db0fb1:229,union|6bba_05db0fb1:229|101,0,geometry_1_00_focus4,-26.58672851240663
6bba_05db0fb1,6bba_05db0fb1:229,union|6bba_05db0fb1:229|102,0,geometry_1_00_focus4,-16.82033904653233
6bba_05db0fb1,6bba_05db0fb1:229,union|6bba_05db0fb1:229|103,0,geometry_1_00_focus4,-30.613724416228333
6bba_05db0fb1,6bba_05db0fb1:229,union|6bba_05db0fb1:229|104,0,geometry_1_00_focus4,-25.801935855831815
6bba_05db0fb1,6bba_05db0fb1:229,union|6bba_05db0fb1:229|105,0,geometry_1_00_focus4,-24.411865554265614
6bba_05db0fb1,6bba_05db0fb1:229,union|6bba_05db0fb1:229|106,0,geometry_1_00_focus4,-25.735296225420363
6bba_05db0fb1,6bba_05db0fb1:229,union|6bba_05db0fb1:229|107,0,geometry_1_00_focus4,-24.23071089905093
6bba_05db0fb1,6bba_05db0fb1:229,union|6bba_05db0fb1:229|108,0,geometry_1_00_focus4,-27.442774519093362
6bba_05db0fb1,6bba_05db0fb1:229,union|6bba_05db0fb1:229|109,0,geometry_1_00_focus4,-33.255669248657696
6bba_05db0fb1,6bba_05db0fb1:229,union|6bba_05db0fb1:229|110,0,geometry_1_00_focus4,-28.55792513275672
6bba_05db0fb1,6bba_05db0fb1:229,union|6bba_05db0fb1:229|111,0,geometry_1_00_focus4,-29.09008496259041
6bba_05db0fb1,6bba_05db0fb1:229,union|6bba_05db0fb1:229|112,0,geometry_1_00_focus4,-30.092002712420516
6bba_05db0fb1,6bba_05db0fb1:229,union|6bba_05db0fb1:229|113,0,geometry_1_00_focus4,-23.119655502309474
6bba_05db0fb1,6bba_05db0fb1:229,union|6bba_05db0fb1:229|114,0,geometry_1_00_focus4,-30.035953876774002
6bba_05db0fb1,6bba_05db0fb1:229,union|6bba_05db0fb1:229|115,0,geometry_1_00_focus4,-34.43654601386196
6bba_05db0fb1,6bba_05db0fb1:229,union|6bba_05db0fb1:229|116,0,geometry_1_00_focus4,-22.820348563336907
6bba_05db0fb1,6bba_05db0fb1:229,union|6bba_05db0fb1:229|117,0,geometry_1_00_focus4,-27.016303694035123
6bba_05db0fb1,6bba_05db0fb1:229,union|6bba_05db0fb1:229|118,0,geometry_1_00_focus4,-29.23139443767489
6bba_05db0fb1,6bba_05db0fb1:229,union|6bba_05db0fb1:229|119,0,geometry_1_00_focus4,-37.384281548047824
6bba_05db0fb1,6bba_05db0fb1:229,union|6bba_05db0fb1:229|120,0,geometry_1_00_focus4,-27.935869080703576
6bba_05db0fb1,6bba_05db0fb1:229,union|6bba_05db0fb1:229|121,0,geometry_1_00_focus4,-20.939735497006428
6bba_05db0fb1,6bba_05db0fb1:229,union|6bba_05db0fb1:229|122,0,geometry_1_00_focus4,-29.106606819569272
6bba_05db0fb1,6bba_05db0fb1:229,union|6bba_05db0fb1:229|123,0,geometry_1_00_focus4,-27.861495044634804
6bba_05db0fb1,6bba_05db0fb1:229,union|6bba_05db0fb1:229|124,0,geometry_1_00_focus4,-32.77467226143514
6bba_05db0fb1,6bba_05db0fb1:229,union|6bba_05db0fb1:229|125,0,geometry_1_00_focus4,-32.67542632725178
6bba_05db0fb1,6bba_05db0fb1:229,union|6bba_05db0fb1:229|126,0,geometry_1_00_focus4,-31.273685834197
6bba_05db0fb1,6bba_05db0fb1:229,union|6bba_05db0fb1:229|127,0,geometry_1_00_focus4,-28.062298613457948
6bba_05db0fb1,6bba_05db0fb1:229,union|6bba_05db0fb1:229|128,0,geometry_1_00_focus4,-24.139368866733783
6bba_05db0fb1,6bba_05db0fb1:229,union|6bba_05db0fb1:229|129,0,geometry_1_00_focus4,-25.90658890885375
6bba_05db0fb1,6bba_05db0fb1:229,union|6bba_05db0fb1:229|130,0,geometry_1_00_focus4,-25.103084973624004
6bba_05db0fb1,6bba_05db0fb1:229,union|6bba_05db0fb1:229|131,0,geometry_1_00_focus4,-27.767360792081945
6bba_05db0fb1,6bba_05db0fb1:229,union|6bba_05db0fb1:229|132,0,geometry_1_00_focus4,-38.30169289442202
6bba_05db0fb1,6bba_05db0fb1:229,union|6bba_05db0fb1:229|133,0,geometry_1_00_focus4,-26.823084753091166
6bba_05db0fb1,6bba_05db0fb1:229,union|6bba_05db0fb1:229|134,0,geometry_1_00_focus4,-24.752927447724307
6bba_05db0fb1,6bba_05db0fb1:229,union|6bba_05db0fb1:229|135,0,geometry_1_00_focus4,-29.417736219028242
6bba_05db0fb1,6bba_05db0fb1:229,union|6bba_05db0fb1:229|136,0,geometry_1_00_focus4,-11.80186286294137
6bba_05db0fb1,6bba_05db0fb1:229,union|6bba_05db0fb1:229|137,0,geometry_1_00_focus4,-26.583349265390712
6bba_05db0fb1,6bba_05db0fb1:229,union|6bba_05db0fb1:229|138,0,geometry_1_00_focus4,-22.009898082210512
6bba_05db0fb1,6bba_05db0fb1:229,union|6bba_05db0fb1:229|139,0,geometry_1_00_focus4,-27.384307664316403
6bba_05db0fb1,6bba_05db0fb1:229,union|6bba_05db0fb1:229|140,0,geometry_1_00_focus4,-35.36745287445735
6bba_05db0fb1,6bba_05db0fb1:229,union|6bba_05db0fb1:229|141,0,geometry_1_00_focus4,-31.45748437600532
6bba_05db0fb1,6bba_05db0fb1:229,union|6bba_05db0fb1:229|142,0,geometry_1_00_focus4,-27.219553668283332
6bba_05db0fb1,6bba_05db0fb1:229,union|6bba_05db0fb1:229|143,0,geometry_1_00_focus4,-30.97300041909206
6bba_05db0fb1,6bba_05db0fb1:229,union|6bba_05db0fb1:229|144,0,geometry_1_00_focus4,-37.192064523924635
6bba_05db0fb1,6bba_05db0fb1:229,union|6bba_05db0fb1:229|145,0,geometry_1_00_focus4,-28.486802583365023
6bba_05db0fb1,6bba_05db0fb1:229,union|6bba_05db0fb1:229|146,0,geometry_1_00_focus4,-20.337856803477493
6bba_05db0fb1,6bba_05db0fb1:229,union|6bba_05db0fb1:229|147,0,geometry_1_00_focus4,-29.55430528594664
6bba_05db0fb1,6bba_05db0fb1:229,union|6bba_05db0fb1:229|148,0,geometry_1_00_focus4,-25.32397980516666
6bba_05db0fb1,6bba_05db0fb1:229,union|6bba_05db0fb1:229|149,0,geometry_1_00_focus4,-32.07332544220192
6bba_05db0fb1,6bba_05db0fb1:229,union|6bba_05db0fb1:229|150,0,geometry_1_00_focus4,-35.203589959121345
6bba_05db0fb1,6bba_05db0fb1:229,union|6bba_05db0fb1:229|151,0,geometry_1_00_focus4,-36.79338918211681
6bba_05db0fb1,6bba_05db0fb1:229,union|6bba_05db0fb1:229|152,0,geometry_1_00_focus4,-31.40798213717205
6bba_05db0fb1,6bba_05db0fb1:229,union|6bba_05db0fb1:229|153,0,geometry_1_00_focus4,-30.947965408679366
6bba_05db0fb1,6bba_05db0fb1:229,union|6bba_05db0fb1:229|154,0,geometry_1_00_focus4,-32.53182358757691
6bba_05db0fb1,6bba_05db0fb1:229,union|6bba_05db0fb1:229|155,0,geometry_1_00_focus4,-27.08978048743041
6bba_05db0fb1,6bba_05db0fb1:229,union|6bba_05db0fb1:229|156,0,geometry_1_00_focus4,-35.90139129159016
6bba_05db0fb1,6bba_05db0fb1:229,union|6bba_05db0fb1:229|157,0,geometry_1_00_focus4,-29.107217714596022
6bba_05db0fb1,6bba_05db0fb1:229,union|6bba_05db0fb1:229|158,0,geometry_1_00_focus4,-36.19078061129827
6bba_05db0fb1,6bba_05db0fb1:229,union|6bba_05db0fb1:229|159,0,geometry_1_00_focus4,-35.50604188951862
6bba_05db0fb1,6bba_05db0fb1:229,union|6bba_05db0fb1:229|160,0,geometry_1_00_focus4,-32.60231541548864
6bba_05db0fb1,6bba_05db0fb1:229,union|6bba_05db0fb1:229|161,0,geometry_1_00_focus4,-39.02108379882634
6bba_05db0fb1,6bba_05db0fb1:229,union|6bba_05db0fb1:229|162,0,geometry_1_00_focus4,-40.83506416649558
6bba_05db0fb1,6bba_05db0fb1:229,union|6bba_05db0fb1:229|163,0,geometry_1_00_focus4,-30.161711660938376
6bba_05db0fb1,6bba_05db0fb1:229,union|6bba_05db0fb1:229|164,0,geometry_1_00_focus4,-42.70445482834101
6bba_05db0fb1,6bba_05db0fb1:229,union|6bba_05db0fb1:229|165,0,geometry_1_00_focus4,-29.303783491203767
6bba_05db0fb1,6bba_05db0fb1:229,union|6bba_05db0fb1:229|166,0,geometry_1_00_focus4,-35.04982039046966
6bba_05db0fb1,6bba_05db0fb1:229,union|6bba_05db0fb1:229|167,0,geometry_1_00_focus4,-33.910840179218695
6bba_05db0fb1,6bba_05db0fb1:229,union|6bba_05db0fb1:229|168,0,geometry_1_00_focus4,-28.662036911695807
6bba_05db0fb1,6bba_05db0fb1:229,union|6bba_05db0fb1:229|169,0,geometry_1_00_focus4,-27.69920467511693
6bba_05db0fb1,6bba_05db0fb1:229,union|6bba_05db0fb1:229|170,0,geometry_1_00_focus4,-34.885250726592716
6bba_05db0fb1,6bba_05db0fb1:229,union|6bba_05db0fb1:229|171,0,geometry_1_00_focus4,-30.807497274922696
6bba_05db0fb1,6bba_05db0fb1:229,union|6bba_05db0fb1:229|172,0,geometry_1_00_focus4,-31.098262970639567
6bba_05db0fb1,6bba_05db0fb1:606,union|6bba_05db0fb1:606|0,0,geometry_1_00_focus4,-31.089530356468302
6bba_05db0fb1,6bba_05db0fb1:606,union|6bba_05db0fb1:606|1,0,geometry_1_00_focus4,-32.70021400317205
6bba_05db0fb1,6bba_05db0fb1:606,union|6bba_05db0fb1:606|2,0,geometry_1_00_focus4,-31.867526119501875
6bba_05db0fb1,6bba_05db0fb1:606,union|6bba_05db0fb1:606|3,0,geometry_1_00_focus4,-35.01514875550775
6bba_05db0fb1,6bba_05db0fb1:606,union|6bba_05db0fb1:606|4,0,geometry_1_00_focus4,-31.203866358569037
6bba_05db0fb1,6bba_05db0fb1:606,union|6bba_05db0fb1:606|5,0,geometry_1_00_focus4,-34.224045162186904
6bba_05db0fb1,6bba_05db0fb1:606,union|6bba_05db0fb1:606|6,0,geometry_1_00_focus4,-37.05477025020465
6bba_05db0fb1,6bba_05db0fb1:606,union|6bba_05db0fb1:606|7,0,geometry_1_00_focus4,-39.208242749704475
6bba_05db0fb1,6bba_05db0fb1:606,union|6bba_05db0fb1:606|8,0,geometry_1_00_focus4,-38.456278614081846
6bba_05db0fb1,6bba_05db0fb1:606,union|6bba_05db0fb1:606|9,0,geometry_1_00_focus4,-28.35195007403813
6bba_05db0fb1,6bba_05db0fb1:606,union|6bba_05db0fb1:606|10,0,geometry_1_00_focus4,-30.37985118377894
6bba_05db0fb1,6bba_05db0fb1:606,union|6bba_05db0fb1:606|11,0,geometry_1_00_focus4,-22.77252511876245
6bba_05db0fb1,6bba_05db0fb1:606,union|6bba_05db0fb1:606|12,0,geometry_1_00_focus4,-29.28508293997223
6bba_05db0fb1,6bba_05db0fb1:606,union|6bba_05db0fb1:606|13,0,geometry_1_00_focus4,-37.1879102218589
6bba_05db0fb1,6bba_05db0fb1:606,union|6bba_05db0fb1:606|14,0,geometry_1_00_focus4,-32.40352636145519
6bba_05db0fb1,6bba_05db0fb1:606,union|6bba_05db0fb1:606|15,0,geometry_1_00_focus4,-34.31402186866546
6bba_05db0fb1,6bba_05db0fb1:606,union|6bba_05db0fb1:606|16,0,geometry_1_00_focus4,-30.69747847713375
6bba_05db0fb1,6bba_05db0fb1:606,union|6bba_05db0fb1:606|17,0,geometry_1_00_focus4,-34.402619407887414
6bba_05db0fb1,6bba_05db0fb1:606,union|6bba_05db0fb1:606|18,0,geometry_1_00_focus4,-34.31305823765672
6bba_05db0fb1,6bba_05db0fb1:606,union|6bba_05db0fb1:606|19,0,geometry_1_00_focus4,-30.1646238939112
6bba_05db0fb1,6bba_05db0fb1:606,union|6bba_05db0fb1:606|20,0,geometry_1_00_focus4,-40.79769015633608
6bba_05db0fb1,6bba_05db0fb1:606,union|6bba_05db0fb1:606|21,0,geometry_1_00_focus4,-38.208513072016075
6bba_05db0fb1,6bba_05db0fb1:606,union|6bba_05db0fb1:606|22,0,geometry_1_00_focus4,-38.782430763838434
6bba_05db0fb1,6bba_05db0fb1:606,union|6bba_05db0fb1:606|23,0,geometry_1_00_focus4,-32.90048089026184
6bba_05db0fb1,6bba_05db0fb1:606,union|6bba_05db0fb1:606|24,0,geometry_1_00_focus4,-32.35040559497941
6bba_05db0fb1,6bba_05db0fb1:606,union|6bba_05db0fb1:606|25,0,geometry_1_00_focus4,-33.80795048168177
6bba_05db0fb1,6bba_05db0fb1:606,union|6bba_05db0fb1:606|26,0,geometry_1_00_focus4,-35.78146420926621
6bba_05db0fb1,6bba_05db0fb1:606,union|6bba_05db0fb1:606|27,0,geometry_1_00_focus4,-31.429976149849566
6bba_05db0fb1,6bba_05db0fb1:606,union|6bba_05db0fb1:606|28,0,geometry_1_00_focus4,-36.3903387247016
6bba_05db0fb1,6bba_05db0fb1:606,union|6bba_05db0fb1:606|29,0,geometry_1_00_focus4,-30.568498996582097
6bba_05db0fb1,6bba_05db0fb1:606,union|6bba_05db0fb1:606|30,0,geometry_1_00_focus4,-31.939882834034687
6bba_05db0fb1,6bba_05db0fb1:606,union|6bba_05db0fb1:606|31,0,geometry_1_00_focus4,-36.68703207943055
6bba_05db0fb1,6bba_05db0fb1:606,union|6bba_05db0fb1:606|32,0,geometry_1_00_focus4,-35.733169634679044
6bba_05db0fb1,6bba_05db0fb1:606,union|6bba_05db0fb1:606|33,0,geometry_1_00_focus4,-34.680118003423296
6bba_05db0fb1,6bba_05db0fb1:606,union|6bba_05db0fb1:606|34,0,geometry_1_00_focus4,-42.42390135302145
6bba_05db0fb1,6bba_05db0fb1:606,union|6bba_05db0fb1:606|35,0,geometry_1_00_focus4,-34.68977514742386
6bba_05db0fb1,6bba_05db0fb1:606,union|6bba_05db0fb1:606|36,0,geometry_1_00_focus4,-27.59669990766363
6bba_05db0fb1,6bba_05db0fb1:606,union|6bba_05db0fb1:606|37,0,geometry_1_00_focus4,-36.143320150933135
6bba_05db0fb1,6bba_05db0fb1:606,union|6bba_05db0fb1:606|38,0,geometry_1_00_focus4,-38.78550926498467
6bba_05db0fb1,6bba_05db0fb1:606,union|6bba_05db0fb1:606|39,0,geometry_1_00_focus4,-32.97477429795056
6bba_05db0fb1,6bba_05db0fb1:606,union|6bba_05db0fb1:606|40,0,geometry_1_00_focus4,-38.14282661513634
6bba_05db0fb1,6bba_05db0fb1:606,union|6bba_05db0fb1:606|41,0,geometry_1_00_focus4,-38.14282661513634
6bba_05db0fb1,6bba_05db0fb1:606,union|6bba_05db0fb1:606|42,0,geometry_1_00_focus4,-43.367504429394145
6bba_05db0fb1,6bba_05db0fb1:606,union|6bba_05db0fb1:606|43,0,geometry_1_00_focus4,-39.10946109597207
6bba_05db0fb1,6bba_05db0fb1:606,union|6bba_05db0fb1:606|44,0,geometry_1_00_focus4,-41.64643290907554
6bba_05db0fb1,6bba_05db0fb1:606,union|6bba_05db0fb1:606|45,0,geometry_1_00_focus4,-43.835635231965426
6bba_05db0fb1,6bba_05db0fb1:606,union|6bba_05db0fb1:606|46,0,geometry_1_00_focus4,-43.802981295137684
6bba_05db0fb1,6bba_05db0fb1:606,union|6bba_05db0fb1:606|47,0,geometry_1_00_focus4,-29.81186477792646
6bba_05db0fb1,6bba_05db0fb1:606,union|6bba_05db0fb1:606|48,0,geometry_1_00_focus4,-27.64712279643217
6bba_05db0fb1,6bba_05db0fb1:606,union|6bba_05db0fb1:606|49,0,geometry_1_00_focus4,-36.79942258468184
6bba_05db0fb1,6bba_05db0fb1:606,union|6bba_05db0fb1:606|50,0,geometry_1_00_focus4,-27.883545127197813
6bba_05db0fb1,6bba_05db0fb1:606,union|6bba_05db0fb1:606|51,0,geometry_1_00_focus4,-35.05547006574841
6bba_05db0fb1,6bba_05db0fb1:606,union|6bba_05db0fb1:606|52,0,geometry_1_00_focus4,-29.721517488609294
6bba_05db0fb1,6bba_05db0fb1:606,union|6bba_05db0fb1:606|53,0,geometry_1_00_focus4,-29.75598606072677
6bba_05db0fb1,6bba_05db0fb1:606,union|6bba_05db0fb1:606|54,0,geometry_1_00_focus4,-35.026016066866326
6bba_05db0fb1,6bba_05db0fb1:606,union|6bba_05db0fb1:606|55,0,geometry_1_00_focus4,-25.918958769266805
6bba_05db0fb1,6bba_05db0fb1:606,union|6bba_05db0fb1:606|56,0,geometry_1_00_focus4,-33.74745972531632
6bba_05db0fb1,6bba_05db0fb1:606,union|6bba_05db0fb1:606|57,0,geometry_1_00_focus4,-33.20372943748061
6bba_05db0fb1,6bba_05db0fb1:606,union|6bba_05db0fb1:606|58,0,geometry_1_00_focus4,-24.157322719608164
6bba_05db0fb1,6bba_05db0fb1:606,union|6bba_05db0fb1:606|59,0,geometry_1_00_focus4,-34.59366445054421
6bba_05db0fb1,6bba_05db0fb1:606,union|6bba_05db0fb1:606|60,0,geometry_1_00_focus4,-34.96531363558656
6bba_05db0fb1,6bba_05db0fb1:606,union|6bba_05db0fb1:606|61,0,geometry_1_00_focus4,-27.03377473748185
6bba_05db0fb1,6bba_05db0fb1:606,union|6bba_05db0fb1:606|62,0,geometry_1_00_focus4,-30.317800236949996
6bba_05db0fb1,6bba_05db0fb1:606,union|6bba_05db0fb1:606|63,0,geometry_1_00_focus4,-33.668887922420524
6bba_05db0fb1,6bba_05db0fb1:606,union|6bba_05db0fb1:606|64,0,geometry_1_00_focus4,-34.59366445054421
6bba_05db0fb1,6bba_05db0fb1:606,union|6bba_05db0fb1:606|65,0,geometry_1_00_focus4,-40.72775627816286
6bba_05db0fb1,6bba_05db0fb1:606,union|6bba_05db0fb1:606|66,0,geometry_1_00_focus4,-34.078211825655245
6bba_05db0fb1,6bba_05db0fb1:606,union|6bba_05db0fb1:606|67,0,geometry_1_00_focus4,-33.711002678098694
6bba_05db0fb1,6bba_05db0fb1:606,union|6bba_05db0fb1:606|68,0,geometry_1_00_focus4,-34.00016917586743
6bba_05db0fb1,6bba_05db0fb1:606,union|6bba_05db0fb1:606|69,0,geometry_1_00_focus4,-37.02284261036324
6bba_05db0fb1,6bba_05db0fb1:606,union|6bba_05db0fb1:606|70,0,geometry_1_00_focus4,-31.351715287346224
6bba_05db0fb1,6bba_05db0fb1:606,union|6bba_05db0fb1:606|71,0,geometry_1_00_focus4,-29.191263198910683
6bba_05db0fb1,6bba_05db0fb1:606,union|6bba_05db0fb1:606|72,0,geometry_1_00_focus4,-27.10380725089619
6bba_05db0fb1,6bba_05db0fb1:606,union|6bba_05db0fb1:606|73,0,geometry_1_00_focus4,-37.74948726626285
6bba_05db0fb1,6bba_05db0fb1:606,union|6bba_05db0fb1:606|74,0,geometry_1_00_focus4,-38.024169406694014
6bba_05db0fb1,6bba_05db0fb1:606,union|6bba_05db0fb1:606|75,0,geometry_1_00_focus4,-42.389293119510796
6bba_05db0fb1,6bba_05db0fb1:606,union|6bba_05db0fb1:606|76,0,geometry_1_00_focus4,-36.591612174313845
6bba_05db0fb1,6bba_05db0fb1:606,union|6bba_05db0fb1:606|77,0,geometry_1_00_focus4,-23.736066010253122
6bba_05db0fb1,6bba_05db0fb1:606,union|6bba_05db0fb1:606|78,0,geometry_1_00_focus4,-42.15656584826038
6bba_05db0fb1,6bba_05db0fb1:606,union|6bba_05db0fb1:606|79,0,geometry_1_00_focus4,-34.98589153202988
6bba_05db0fb1,6bba_05db0fb1:606,union|6bba_05db0fb1:606|80,0,geometry_1_00_focus4,-22.337304074841718
6bba_05db0fb1,6bba_05db0fb1:606,union|6bba_05db0fb1:606|81,0,geometry_1_00_focus4,-30.38244524957489
6bba_05db0fb1,6bba_05db0fb1:606,union|6bba_05db0fb1:606|82,0,geometry_1_00_focus4,-26.057924112663883
6bba_05db0fb1,6bba_05db0fb1:606,union|6bba_05db0fb1:606|83,0,geometry_1_00_focus4,-35.16745517703451
6bba_05db0fb1,6bba_05db0fb1:606,union|6bba_05db0fb1:606|84,0,geometry_1_00_focus4,-27.480875553742806
6bba_05db0fb1,6bba_05db0fb1:606,union|6bba_05db0fb1:606|85,0,geometry_1_00_focus4,-35.980968257273105
6bba_05db0fb1,6bba_05db0fb1:606,union|6bba_05db0fb1:606|86,0,geometry_1_00_focus4,-34.985044393842344
6bba_05db0fb1,6bba_05db0fb1:606,union|6bba_05db0fb1:606|87,0,geometry_1_00_focus4,-37.66585920501646
6bba_05db0fb1,6bba_05db0fb1:606,union|6bba_05db0fb1:606|88,0,geometry_1_00_focus4,-29.344569150226498
6bba_05db0fb1,6bba_05db0fb1:606,union|6bba_05db0fb1:606|89,0,geometry_1_00_focus4,-26.84825882084919
6bba_05db0fb1,6bba_05db0fb1:606,union|6bba_05db0fb1:606|90,0,geometry_1_00_focus4,-28.568590905496713
6bba_05db0fb1,6bba_05db0fb1:606,union|6bba_05db0fb1:606|91,0,geometry_1_00_focus4,-30.94254826805885
6bba_05db0fb1,6bba_05db0fb1:606,union|6bba_05db0fb1:606|92,0,geometry_1_00_focus4,-28.529159070719743
6bba_05db0fb1,6bba_05db0fb1:606,union|6bba_05db0fb1:606|93,0,geometry_1_00_focus4,-33.481890242634336
6bba_05db0fb1,6bba_05db0fb1:606,union|6bba_05db0fb1:606|94,0,geometry_1_00_focus4,-33.99084046343707
6bba_05db0fb1,6bba_05db0fb1:606,union|6bba_05db0fb1:606|95,0,geometry_1_00_focus4,-32.35732620697667
6bba_05db0fb1,6bba_05db0fb1:606,union|6bba_05db0fb1:606|96,0,geometry_1_00_focus4,-34.96726630014657
6bba_05db0fb1,6bba_05db0fb1:606,union|6bba_05db0fb1:606|97,0,geometry_1_00_focus4,-31.597249463067932
6bba_05db0fb1,6bba_05db0fb1:606,union|6bba_05db0fb1:606|98,0,geometry_1_00_focus4,-23.130848831571196
6bba_05db0fb1,6bba_05db0fb1:606,union|6bba_05db0fb1:606|99,0,geometry_1_00_focus4,-27.93560789858465
6bba_05db0fb1,6bba_05db0fb1:606,union|6bba_05db0fb1:606|100,0,geometry_1_00_focus4,-32.62295543580697
6bba_05db0fb1,6bba_05db0fb1:606,union|6bba_05db0fb1:606|101,0,geometry_1_00_focus4,-33.23617166397595
6bba_05db0fb1,6bba_05db0fb1:606,union|6bba_05db0fb1:606|102,0,geometry_1_00_focus4,-38.42945136240404
6bba_05db0fb1,6bba_05db0fb1:606,union|6bba_05db0fb1:606|103,0,geometry_1_00_focus4,-20.919724895966528
6bba_05db0fb1,6bba_05db0fb1:606,union|6bba_05db0fb1:606|104,0,geometry_1_00_focus4,-31.20644212163826
6bba_05db0fb1,6bba_05db0fb1:606,union|6bba_05db0fb1:606|105,0,geometry_1_00_focus4,-27.923020170278438
6bba_05db0fb1,6bba_05db0fb1:606,union|6bba_05db0fb1:606|106,0,geometry_1_00_focus4,-36.025718295935405
6bba_05db0fb1,6bba_05db0fb1:606,union|6bba_05db0fb1:606|107,0,geometry_1_00_focus4,-30.970917112307777
6bba_05db0fb1,6bba_05db0fb1:606,union|6bba_05db0fb1:606|108,0,geometry_1_00_focus4,-25.278512219480987
6bba_05db0fb1,6bba_05db0fb1:606,union|6bba_05db0fb1:606|109,0,geometry_1_00_focus4,-36.296597631356626
6bba_05db0fb1,6bba_05db0fb1:606,union|6bba_05db0fb1:606|110,0,geometry_1_00_focus4,-23.85697625843595
6bba_05db0fb1,6bba_05db0fb1:606,union|6bba_05db0fb1:606|111,0,geometry_1_00_focus4,-31.8578387474794
6bba_05db0fb1,6bba_05db0fb1:606,union|6bba_05db0fb1:606|112,0,geometry_1_00_focus4,-30.858414879214127
6bba_05db0fb1,6bba_05db0fb1:606,union|6bba_05db0fb1:606|113,0,geometry_1_00_focus4,-34.16351360128699
6bba_05db0fb1,6bba_05db0fb1:606,union|6bba_05db0fb1:606|114,0,geometry_1_00_focus4,-28.62984988830472
6bba_05db0fb1,6bba_05db0fb1:606,union|6bba_05db0fb1:606|115,0,geometry_1_00_focus4,-34.88193153752549
6bba_05db0fb1,6bba_05db0fb1:606,union|6bba_05db0fb1:606|116,0,geometry_1_00_focus4,-40.355826405074545
6bba_05db0fb1,6bba_05db0fb1:606,union|6bba_05db0fb1:606|117,0,geometry_1_00_focus4,-25.71488246740592
6bba_05db0fb1,6bba_05db0fb1:606,union|6bba_05db0fb1:606|118,0,geometry_1_00_focus4,-26.898446995265918
6bba_05db0fb1,6bba_05db0fb1:606,union|6bba_05db0fb1:606|119,0,geometry_1_00_focus4,-24.04896657040755
6bba_05db0fb1,6bba_05db0fb1:606,union|6bba_05db0fb1:606|120,0,geometry_1_00_focus4,-33.81408965050616
6bba_05db0fb1,6bba_05db0fb1:606,union|6bba_05db0fb1:606|121,0,geometry_1_00_focus4,-25.682498192821807
6bba_05db0fb1,6bba_05db0fb1:606,union|6bba_05db0fb1:606|122,0,geometry_1_00_focus4,-41.60082777738422
6bba_05db0fb1,6bba_05db0fb1:606,union|6bba_05db0fb1:606|123,0,geometry_1_00_focus4,-16.880255819242038
6bba_05db0fb1,6bba_05db0fb1:606,union|6bba_05db0fb1:606|124,0,geometry_1_00_focus4,-27.674908960689613
6bba_05db0fb1,6bba_05db0fb1:606,union|6bba_05db0fb1:606|125,0,geometry_1_00_focus4,-31.472969241643213
6bba_05db0fb1,6bba_05db0fb1:606,union|6bba_05db0fb1:606|126,0,geometry_1_00_focus4,-37.833608311374235
6bba_05db0fb1,6bba_05db0fb1:606,union|6bba_05db0fb1:606|127,0,geometry_1_00_focus4,-25.177933772288046
6bba_05db0fb1,6bba_05db0fb1:606,union|6bba_05db0fb1:606|128,0,geometry_1_00_focus4,-30.135933686823122
6bba_05db0fb1,6bba_05db0fb1:606,union|6bba_05db0fb1:606|129,0,geometry_1_00_focus4,-30.334008937986674
6bba_05db0fb1,6bba_05db0fb1:606,union|6bba_05db0fb1:606|130,0,geometry_1_00_focus4,-29.28292865142533
6bba_05db0fb1,6bba_05db0fb1:606,union|6bba_05db0fb1:606|131,0,geometry_1_00_focus4,-28.17704615251333
6bba_05db0fb1,6bba_05db0fb1:606,union|6bba_05db0fb1:606|132,0,geometry_1_00_focus4,-33.41405902912782
6bba_05db0fb1,6bba_05db0fb1:606,union|6bba_05db0fb1:606|133,0,geometry_1_00_focus4,-25.302066555676024
6bba_05db0fb1,6bba_05db0fb1:606,union|6bba_05db0fb1:606|134,0,geometry_1_00_focus4,-37.490492328489005
6bba_05db0fb1,6bba_05db0fb1:606,union|6bba_05db0fb1:606|135,0,geometry_1_00_focus4,-41.524377639916025
6bba_05db0fb1,6bba_05db0fb1:606,union|6bba_05db0fb1:606|136,0,geometry_1_00_focus4,-30.592185705599434
6bba_05db0fb1,6bba_05db0fb1:606,union|6bba_05db0fb1:606|137,0,geometry_1_00_focus4,-38.70145686963916
6bba_05db0fb1,6bba_05db0fb1:606,union|6bba_05db0fb1:606|138,0,geometry_1_00_focus4,-40.242422352789205
6bba_05db0fb1,6bba_05db0fb1:606,union|6bba_05db0fb1:606|139,0,geometry_1_00_focus4,-34.99943779954175
6bba_05db0fb1,6bba_05db0fb1:606,union|6bba_05db0fb1:606|140,0,geometry_1_00_focus4,-28.293331078870928
6bba_05db0fb1,6bba_05db0fb1:606,union|6bba_05db0fb1:606|141,0,geometry_1_00_focus4,-26.60506699072026
6bba_05db0fb1,6bba_05db0fb1:606,union|6bba_05db0fb1:606|142,0,geometry_1_00_focus4,-35.133208454442574
6bba_05db0fb1,6bba_05db0fb1:606,union|6bba_05db0fb1:606|143,0,geometry_1_00_focus4,-44.01050781980925
6bba_05db0fb1,6bba_05db0fb1:606,union|6bba_05db0fb1:606|144,0,geometry_1_00_focus4,-45.893631496478335
6bba_05db0fb1,6bba_05db0fb1:606,union|6bba_05db0fb1:606|145,0,geometry_1_00_focus4,-37.59754808045665
6bba_05db0fb1,6bba_05db0fb1:606,union|6bba_05db0fb1:606|146,0,geometry_1_00_focus4,-45.86181519249216
6bba_05db0fb1,6bba_05db0fb1:606,union|6bba_05db0fb1:606|147,0,geometry_1_00_focus4,-40.52181627973149
6bba_05db0fb1,6bba_05db0fb1:606,union|6bba_05db0fb1:606|148,0,geometry_1_00_focus4,-30.24951505774797
6bba_05db0fb1,6bba_05db0fb1:606,union|6bba_05db0fb1:606|149,0,geometry_1_00_focus4,-35.61256199132764
6bba_05db0fb1,6bba_05db0fb1:606,union|6bba_05db0fb1:606|150,1,geometry_1_00_focus4,-29.70851039263362
6bba_05db0fb1,6bba_05db0fb1:606,union|6bba_05db0fb1:606|151,0,geometry_1_00_focus4,-45.969449774915546
6bba_05db0fb1,6bba_05db0fb1:606,union|6bba_05db0fb1:606|152,0,geometry_1_00_focus4,-31.563929037968347
6bba_05db0fb1,6bba_05db0fb1:606,union|6bba_05db0fb1:606|153,0,geometry_1_00_focus4,-35.72726113580771
6bba_05db0fb1,6bba_05db0fb1:606,union|6bba_05db0fb1:606|154,0,geometry_1_00_focus4,-34.30874311968667
6bba_05db0fb1,6bba_05db0fb1:751,union|6bba_05db0fb1:751|0,0,geometry_1_00_focus4,-28.513220412692903
6bba_05db0fb1,6bba_05db0fb1:751,union|6bba_05db0fb1:751|1,0,geometry_1_00_focus4,-22.02168882919417
6bba_05db0fb1,6bba_05db0fb1:751,union|6bba_05db0fb1:751|2,0,geometry_1_00_focus4,-20.417188404982266
6bba_05db0fb1,6bba_05db0fb1:751,union|6bba_05db0fb1:751|3,0,geometry_1_00_focus4,-21.55248985749133
6bba_05db0fb1,6bba_05db0fb1:751,union|6bba_05db0fb1:751|4,0,geometry_1_00_focus4,-22.136024831294904
6bba_05db0fb1,6bba_05db0fb1:751,union|6bba_05db0fb1:751|5,0,geometry_1_00_focus4,-26.699749487895346
6bba_05db0fb1,6bba_05db0fb1:751,union|6bba_05db0fb1:751|6,0,geometry_1_00_focus4,-24.029467412154645
6bba_05db0fb1,6bba_05db0fb1:751,union|6bba_05db0fb1:751|7,0,geometry_1_00_focus4,-30.286630693931734
6bba_05db0fb1,6bba_05db0fb1:751,union|6bba_05db0fb1:751|8,0,geometry_1_00_focus4,-28.69377940841757
6bba_05db0fb1,6bba_05db0fb1:751,union|6bba_05db0fb1:751|9,0,geometry_1_00_focus4,-30.03120363491277
6bba_05db0fb1,6bba_05db0fb1:751,union|6bba_05db0fb1:751|10,0,geometry_1_00_focus4,-33.219836790554474
6bba_05db0fb1,6bba_05db0fb1:751,union|6bba_05db0fb1:751|11,0,geometry_1_00_focus4,-23.696535337940357
6bba_05db0fb1,6bba_05db0fb1:751,union|6bba_05db0fb1:751|12,0,geometry_1_00_focus4,-26.770578868778657
6bba_05db0fb1,6bba_05db0fb1:751,union|6bba_05db0fb1:751|13,0,geometry_1_00_focus4,-33.535108061706936
6bba_05db0fb1,6bba_05db0fb1:751,union|6bba_05db0fb1:751|14,0,geometry_1_00_focus4,-26.092517561212965
6bba_05db0fb1,6bba_05db0fb1:751,union|6bba_05db0fb1:751|15,0,geometry_1_00_focus4,-33.02747534921737
6bba_05db0fb1,6bba_05db0fb1:751,union|6bba_05db0fb1:751|16,0,geometry_1_00_focus4,-30.536051129437865
6bba_05db0fb1,6bba_05db0fb1:751,union|6bba_05db0fb1:751|17,0,geometry_1_00_focus4,-27.957557117888538
6bba_05db0fb1,6bba_05db0fb1:751,union|6bba_05db0fb1:751|18,0,geometry_1_00_focus4,-28.33038996672702
6bba_05db0fb1,6bba_05db0fb1:751,union|6bba_05db0fb1:751|19,0,geometry_1_00_focus4,-28.051691370441397
6bba_05db0fb1,6bba_05db0fb1:751,union|6bba_05db0fb1:751|20,0,geometry_1_00_focus4,-27.47704233618614
6bba_05db0fb1,6bba_05db0fb1:751,union|6bba_05db0fb1:751|21,0,geometry_1_00_focus4,-25.35377855894427
6bba_05db0fb1,6bba_05db0fb1:751,union|6bba_05db0fb1:751|22,0,geometry_1_00_focus4,-29.90046188703493
6bba_05db0fb1,6bba_05db0fb1:751,union|6bba_05db0fb1:751|23,0,geometry_1_00_focus4,-19.06448099967232
6bba_05db0fb1,6bba_05db0fb1:751,union|6bba_05db0fb1:751|24,0,geometry_1_00_focus4,-32.75289827830734
6bba_05db0fb1,6bba_05db0fb1:751,union|6bba_05db0fb1:751|25,0,geometry_1_00_focus4,-31.683683527108325
6bba_05db0fb1,6bba_05db0fb1:751,union|6bba_05db0fb1:751|26,0,geometry_1_00_focus4,-29.298359625697387
6bba_05db0fb1,6bba_05db0fb1:751,union|6bba_05db0fb1:751|27,0,geometry_1_00_focus4,-34.61724357013542
6bba_05db0fb1,6bba_05db0fb1:751,union|6bba_05db0fb1:751|28,0,geometry_1_00_focus4,-29.34506535533346
6bba_05db0fb1,6bba_05db0fb1:751,union|6bba_05db0fb1:751|29,0,geometry_1_00_focus4,-29.838406578034153
6bba_05db0fb1,6bba_05db0fb1:751,union|6bba_05db0fb1:751|30,0,geometry_1_00_focus4,-24.617011653757288
6bba_05db0fb1,6bba_05db0fb1:751,union|6bba_05db0fb1:751|31,0,geometry_1_00_focus4,-25.28083760199075
6bba_05db0fb1,6bba_05db0fb1:751,union|6bba_05db0fb1:751|32,1,geometry_1_00_focus4,-15.732592213891515
6bba_05db0fb1,6bba_05db0fb1:751,union|6bba_05db0fb1:751|33,0,geometry_1_00_focus4,-23.506245726813525
6bba_05db0fb1,6bba_05db0fb1:751,union|6bba_05db0fb1:751|34,0,geometry_1_00_focus4,-22.545223839100473
6bba_05db0fb1,6bba_05db0fb1:751,union|6bba_05db0fb1:751|35,0,geometry_1_00_focus4,-28.79567664706049
6bba_05db0fb1,6bba_05db0fb1:751,union|6bba_05db0fb1:751|36,0,geometry_1_00_focus4,-22.676859236657048
6bba_05db0fb1,6bba_05db0fb1:751,union|6bba_05db0fb1:751|37,0,geometry_1_00_focus4,-35.18508181679006
6bba_05db0fb1,6bba_05db0fb1:751,union|6bba_05db0fb1:751|38,0,geometry_1_00_focus4,-33.00695283533306
6bba_05db0fb1,6bba_05db0fb1:751,union|6bba_05db0fb1:751|39,0,geometry_1_00_focus4,-33.494219955058576
6bba_05db0fb1,6bba_05db0fb1:751,union|6bba_05db0fb1:751|40,0,geometry_1_00_focus4,-26.153004733569986
6bba_05db0fb1,6bba_05db0fb1:751,union|6bba_05db0fb1:751|41,0,geometry_1_00_focus4,-31.954816268707223
6bba_05db0fb1,6bba_05db0fb1:751,union|6bba_05db0fb1:751|42,0,geometry_1_00_focus4,-29.40799701232132
6bba_05db0fb1,6bba_05db0fb1:751,union|6bba_05db0fb1:751|43,0,geometry_1_00_focus4,-21.868442720138088
6bba_05db0fb1,6bba_05db0fb1:751,union|6bba_05db0fb1:751|44,0,geometry_1_00_focus4,-21.36170519540874
6bba_05db0fb1,6bba_05db0fb1:751,union|6bba_05db0fb1:751|45,0,geometry_1_00_focus4,-27.688633803875675
6bba_05db0fb1,6bba_05db0fb1:751,union|6bba_05db0fb1:751|46,0,geometry_1_00_focus4,-27.054579924781393
6bba_05db0fb1,6bba_05db0fb1:751,union|6bba_05db0fb1:751|47,0,geometry_1_00_focus4,-24.400083991651325
6bba_05db0fb1,6bba_05db0fb1:751,union|6bba_05db0fb1:751|48,0,geometry_1_00_focus4,-28.96380864825177
6bba_05db0fb1,6bba_05db0fb1:751,union|6bba_05db0fb1:751|49,0,geometry_1_00_focus4,-27.767360792081945
6bba_05db0fb1,6bba_05db0fb1:751,union|6bba_05db0fb1:751|50,0,geometry_1_00_focus4,-30.9234248269593
6bba_05db0fb1,6bba_05db0fb1:751,union|6bba_05db0fb1:751|51,0,geometry_1_00_focus4,-32.73678123847941
6bba_05db0fb1,6bba_05db0fb1:751,union|6bba_05db0fb1:751|52,0,geometry_1_00_focus4,-17.671128264774083
6bba_05db0fb1,6bba_05db0fb1:751,union|6bba_05db0fb1:751|53,0,geometry_1_00_focus4,-27.221339252348663
6bba_05db0fb1,6bba_05db0fb1:751,union|6bba_05db0fb1:751|54,0,geometry_1_00_focus4,-32.78542091482548
6bba_05db0fb1,6bba_05db0fb1:751,union|6bba_05db0fb1:751|55,0,geometry_1_00_focus4,-31.764496120962036
6bba_05db0fb1,6bba_05db0fb1:751,union|6bba_05db0fb1:751|56,0,geometry_1_00_focus4,-34.66645479921225
6bba_05db0fb1,6bba_05db0fb1:751,union|6bba_05db0fb1:751|57,0,geometry_1_00_focus4,-32.79305231718579
6bba_05db0fb1,6bba_05db0fb1:751,union|6bba_05db0fb1:751|58,0,geometry_1_00_focus4,-22.851464792659407
6bba_05db0fb1,6bba_05db0fb1:751,union|6bba_05db0fb1:751|59,0,geometry_1_00_focus4,-19.14628622257856
6bba_05db0fb1,6bba_05db0fb1:751,union|6bba_05db0fb1:751|60,0,geometry_1_00_focus4,-26.522798245603926
6bba_05db0fb1,6bba_05db0fb1:751,union|6bba_05db0fb1:751|61,0,geometry_1_00_focus4,-23.72877855894427
6bba_05db0fb1,6bba_05db0fb1:751,union|6bba_05db0fb1:751|62,0,geometry_1_00_focus4,-30.65623592966974
6bba_05db0fb1,6bba_05db0fb1:751,union|6bba_05db0fb1:751|63,0,geometry_1_00_focus4,-33.02144000903135
6bba_05db0fb1,6bba_05db0fb1:751,union|6bba_05db0fb1:751|64,0,geometry_1_00_focus4,-33.26090668996038
6bba_05db0fb1,6bba_05db0fb1:751,union|6bba_05db0fb1:751|65,0,geometry_1_00_focus4,-30.935844250891385
6bba_05db0fb1,6bba_05db0fb1:751,union|6bba_05db0fb1:751|66,0,geometry_1_00_focus4,-29.2566249215835
6bba_05db0fb1,6bba_05db0fb1:751,union|6bba_05db0fb1:751|67,0,geometry_1_00_focus4,-15.832022047484037
6bba_05db0fb1,6bba_05db0fb1:751,union|6bba_05db0fb1:751|68,0,geometry_1_00_focus4,-33.350748083199335
6bba_05db0fb1,6bba_05db0fb1:751,union|6bba_05db0fb1:751|69,0,geometry_1_00_focus4,-33.45867729474054
6bba_05db0fb1,6bba_05db0fb1:751,union|6bba_05db0fb1:751|70,0,geometry_1_00_focus4,-27.826562407533437
6bba_05db0fb1,6bba_05db0fb1:751,union|6bba_05db0fb1:751|71,0,geometry_1_00_focus4,-27.420262795269196
6bba_05db0fb1,6bba_05db0fb1:751,union|6bba_05db0fb1:751|72,0,geometry_1_00_focus4,-29.25
6bba_05db0fb1,6bba_05db0fb1:751,union|6bba_05db0fb1:751|73,0,geometry_1_00_focus4,-31.584649446303423
6bba_05db0fb1,6bba_05db0fb1:751,union|6bba_05db0fb1:751|74,0,geometry_1_00_focus4,-37.18789788742319
6bba_05db0fb1,6bba_05db0fb1:751,union|6bba_05db0fb1:751|75,0,geometry_1_00_focus4,-25.315584885479886
6bba_05db0fb1,6bba_05db0fb1:751,union|6bba_05db0fb1:751|76,0,geometry_1_00_focus4,-32.36550521296688
6bba_05db0fb1,6bba_05db0fb1:751,union|6bba_05db0fb1:751|77,0,geometry_1_00_focus4,-20.682479281375613
6bba_05db0fb1,6bba_05db0fb1:751,union|6bba_05db0fb1:751|78,0,geometry_1_00_focus4,-14.321972251341771
6bba_05db0fb1,6bba_05db0fb1:751,union|6bba_05db0fb1:751|79,0,geometry_1_00_focus4,-23.77144106614884
6bba_05db0fb1,6bba_05db0fb1:751,union|6bba_05db0fb1:751|80,0,geometry_1_00_focus4,-29.308997898536248
6bba_05db0fb1,6bba_05db0fb1:751,union|6bba_05db0fb1:751|81,0,geometry_1_00_focus4,-17.91904451602189
6bba_05db0fb1,6bba_05db0fb1:751,union|6bba_05db0fb1:751|82,0,geometry_1_00_focus4,-29.681830747374732
6bba_05db0fb1,6bba_05db0fb1:751,union|6bba_05db0fb1:751|83,0,geometry_1_00_focus4,-30.041103593320848
6bba_05db0fb1,6bba_05db0fb1:751,union|6bba_05db0fb1:751|84,0,geometry_1_00_focus4,-29.874084621290002
6bba_05db0fb1,6bba_05db0fb1:751,union|6bba_05db0fb1:751|85,0,geometry_1_00_focus4,-32.960260349207616
6bba_05db0fb1,6bba_05db0fb1:751,union|6bba_05db0fb1:751|86,0,geometry_1_00_focus4,-30.88285221385742
6bba_05db0fb1,6bba_05db0fb1:751,union|6bba_05db0fb1:751|87,0,geometry_1_00_focus4,-17.507326778614406
6bba_05db0fb1,6bba_05db0fb1:751,union|6bba_05db0fb1:751|88,0,geometry_1_00_focus4,-26.88192443675161
6bba_05db0fb1,6bba_05db0fb1:751,union|6bba_05db0fb1:751|89,0,geometry_1_00_focus4,-27.625102068963642
6bba_05db0fb1,6bba_05db0fb1:751,union|6bba_05db0fb1:751|90,0,geometry_1_00_focus4,-24.817676382751337
6bba_05db0fb1,6bba_05db0fb1:751,union|6bba_05db0fb1:751|91,0,geometry_1_00_focus4,-18.600035245218088
6bba_05db0fb1,6bba_05db0fb1:751,union|6bba_05db0fb1:751|92,0,geometry_1_00_focus4,-25.82118047914923
6bba_05db0fb1,6bba_05db0fb1:751,union|6bba_05db0fb1:751|93,0,geometry_1_00_focus4,-27.47704233618614
6bba_05db0fb1,6bba_05db0fb1:751,union|6bba_05db0fb1:751|94,0,geometry_1_00_focus4,-25.90658890885375
6bba_05db0fb1,6bba_05db0fb1:751,union|6bba_05db0fb1:751|95,0,geometry_1_00_focus4,-32.51966372496854
6bba_05db0fb1,6bba_05db0fb1:751,union|6bba_05db0fb1:751|96,0,geometry_1_00_focus4,-29.675420722833046
6bba_05db0fb1,6bba_05db0fb1:751,union|6bba_05db0fb1:751|97,0,geometry_1_00_focus4,-29.15606597389224
6bba_05db0fb1,6bba_05db0fb1:751,union|6bba_05db0fb1:751|98,0,geometry_1_00_focus4,-36.38229010428963
6bba_05db0fb1,6bba_05db0fb1:751,union|6bba_05db0fb1:751|99,0,geometry_1_00_focus4,-29.157937238820196
6bba_05db0fb1,6bba_05db0fb1:751,union|6bba_05db0fb1:751|100,0,geometry_1_00_focus4,-23.794733026122636
6bba_05db0fb1,6bba_05db0fb1:751,union|6bba_05db0fb1:751|101,0,geometry_1_00_focus4,-29.705216409094838
6bba_05db0fb1,6bba_05db0fb1:751,union|6bba_05db0fb1:751|102,0,geometry_1_00_focus4,-30.414629752920405
6bba_05db0fb1,6bba_05db0fb1:751,union|6bba_05db0fb1:751|103,0,geometry_1_00_focus4,-19.097399496955163
6bba_05db0fb1,6bba_05db0fb1:751,union|6bba_05db0fb1:751|104,0,geometry_1_00_focus4,-28.051691370441397
6bba_05db0fb1,6bba_05db0fb1:751,union|6bba_05db0fb1:751|105,0,geometry_1_00_focus4,-19.35978594085822
6bba_05db0fb1,6bba_05db0fb1:751,union|6bba_05db0fb1:751|106,0,geometry_1_00_focus4,-23.965241055319627
6bba_05db0fb1,6bba_05db0fb1:751,union|6bba_05db0fb1:751|107,0,geometry_1_00_focus4,-31.747151477642298
6bba_05db0fb1,6bba_05db0fb1:751,union|6bba_05db0fb1:751|108,0,geometry_1_00_focus4,-28.00601697364292
6bba_05db0fb1,6bba_05db0fb1:751,union|6bba_05db0fb1:751|109,0,geometry_1_00_focus4,-32.08743043752821
6bba_05db0fb1,6bba_05db0fb1:751,union|6bba_05db0fb1:751|110,0,geometry_1_00_focus4,-28.635569640590834
6bba_05db0fb1,6bba_05db0fb1:751,union|6bba_05db0fb1:751|111,0,geometry_1_00_focus4,-12.205504302400024
6bba_05db0fb1,6bba_05db0fb1:751,union|6bba_05db0fb1:751|112,0,geometry_1_00_focus4,-22.314563205033988
6bba_05db0fb1,6bba_05db0fb1:751,union|6bba_05db0fb1:751|113,0,geometry_1_00_focus4,-31.16551016656385
6bba_05db0fb1,6bba_05db0fb1:751,union|6bba_05db0fb1:751|114,0,geometry_1_00_focus4,-31.46774558320532
6bba_05db0fb1,6bba_05db0fb1:751,union|6bba_05db0fb1:751|115,0,geometry_1_00_focus4,-21.764879606667325
6bba_05db0fb1,6bba_05db0fb1:751,union|6bba_05db0fb1:751|116,0,geometry_1_00_focus4,-21.16509287070514
6bba_05db0fb1,6bba_05db0fb1:751,union|6bba_05db0fb1:751|117,0,geometry_1_00_focus4,-28.42452421927988
6bba_05db0fb1,6bba_05db0fb1:751,union|6bba_05db0fb1:751|118,0,geometry_1_00_focus4,-33.58415591050664
6bba_05db0fb1,6bba_05db0fb1:751,union|6bba_05db0fb1:751|119,0,geometry_1_00_focus4,-32.15470672566037
6bba_05db0fb1,6bba_05db0fb1:751,union|6bba_05db0fb1:751|120,0,geometry_1_00_focus4,-29.8312029621515
6bba_05db0fb1,6bba_05db0fb1:751,union|6bba_05db0fb1:751|121,0,geometry_1_00_focus4,-33.43384864055413
6bba_05db0fb1,6bba_05db0fb1:751,union|6bba_05db0fb1:751|122,0,geometry_1_00_focus4,-24.43773105635092
6bba_05db0fb1,6bba_05db0fb1:751,union|6bba_05db0fb1:751|123,0,geometry_1_00_focus4,-16.285428663993912
6bba_05db0fb1,6bba_05db0fb1:751,union|6bba_05db0fb1:751|124,0,geometry_1_00_focus4,-33.07245058373024
6bba_05db0fb1,6bba_05db0fb1:751,union|6bba_05db0fb1:751|125,0,geometry_1_00_focus4,-25.17820153879875
6bba_05db0fb1,6bba_05db0fb1:751,union|6bba_05db0fb1:751|126,0,geometry_1_00_focus4,-26.51199791479806
6bba_05db0fb1,6bba_05db0fb1:751,union|6bba_05db0fb1:751|127,0,geometry_1_00_focus4,-29.429454566109484
6bba_05db0fb1,6bba_05db0fb1:751,union|6bba_05db0fb1:751|128,0,geometry_1_00_focus4,-31.390615546449283
6bba_05db0fb1,6bba_05db0fb1:751,union|6bba_05db0fb1:751|129,0,geometry_1_00_focus4,-30.831042953605923
6bba_05db0fb1,6bba_05db0fb1:751,union|6bba_05db0fb1:751|130,0,geometry_1_00_focus4,-27.56339718480706
6bba_05db0fb1,6bba_05db0fb1:751,union|6bba_05db0fb1:751|131,0,geometry_1_00_focus4,-30.438290679776706
6bba_05db0fb1,6bba_05db0fb1:751,union|6bba_05db0fb1:751|132,0,geometry_1_00_focus4,-25.947307228233623
6bba_05db0fb1,6bba_05db0fb1:751,union|6bba_05db0fb1:751|133,0,geometry_1_00_focus4,-29.063771695621682
6bba_05db0fb1,6bba_05db0fb1:751,union|6bba_05db0fb1:751|134,0,geometry_1_00_focus4,-34.737951249187574
6bba_05db0fb1,6bba_05db0fb1:751,union|6bba_05db0fb1:751|135,0,geometry_1_00_focus4,-24.36590810851775
6bba_05db0fb1,6bba_05db0fb1:751,union|6bba_05db0fb1:751|136,0,geometry_1_00_focus4,-24.365606372908893
6bba_05db0fb1,6bba_05db0fb1:751,union|6bba_05db0fb1:751|137,0,geometry_1_00_focus4,-25.821446881937735
6bba_05db0fb1,6bba_05db0fb1:751,union|6bba_05db0fb1:751|138,0,geometry_1_00_focus4,-18.99609193109087
6bba_05db0fb1,6bba_05db0fb1:751,union|6bba_05db0fb1:751|139,0,geometry_1_00_focus4,-32.45924737608581
6bba_05db0fb1,6bba_05db0fb1:751,union|6bba_05db0fb1:751|140,0,geometry_1_00_focus4,-23.555347377703058
6bba_05db0fb1,6bba_05db0fb1:751,union|6bba_05db0fb1:751|141,0,geometry_1_00_focus4,-35.20540678567967
6bba_05db0fb1,6bba_05db0fb1:751,union|6bba_05db0fb1:751|142,0,geometry_1_00_focus4,-28.061680932978287
6bba_05db0fb1,6bba_05db0fb1:751,union|6bba_05db0fb1:751|143,0,geometry_1_00_focus4,-32.27140869207848
6bba_05db0fb1,6bba_05db0fb1:751,union|6bba_05db0fb1:751|144,0,geometry_1_00_focus4,-37.117182656181214
6bba_05db0fb1,6bba_05db0fb1:751,union|6bba_05db0fb1:751|145,0,geometry_1_00_focus4,-36.87148256831927
6bba_05db0fb1,6bba_05db0fb1:751,union|6bba_05db0fb1:751|146,0,geometry_1_00_focus4,-25.300592705055458
6bba_05db0fb1,6bba_05db0fb1:751,union|6bba_05db0fb1:751|147,0,geometry_1_00_focus4,-36.38598801816865
6bba_05db0fb1,6bba_05db0fb1:751,union|6bba_05db0fb1:751|148,0,geometry_1_00_focus4,-37.262758791541316
6bba_05db0fb1,6bba_05db0fb1:751,union|6bba_05db0fb1:751|149,0,geometry_1_00_focus4,-35.98812265730345
6bba_05db0fb1,6bba_05db0fb1:751,union|6bba_05db0fb1:751|150,0,geometry_1_00_focus4,-34.7987285875235
6bba_05db0fb1,6bba_05db0fb1:751,union|6bba_05db0fb1:751|151,0,geometry_1_00_focus4,-32.27265437205648
6bba_05db0fb1,6bba_05db0fb1:751,union|6bba_05db0fb1:751|152,0,geometry_1_00_focus4,-35.8805231100011
6bba_05db0fb1,6bba_05db0fb1:751,union|6bba_05db0fb1:751|153,0,geometry_1_00_focus4,-37.41108920564151
6bba_05db0fb1,6bba_05db0fb1:751,union|6bba_05db0fb1:751|154,0,geometry_1_00_focus4,-37.09394608081898
6bba_05db0fb1,6bba_05db0fb1:751,union|6bba_05db0fb1:751|155,0,geometry_1_00_focus4,-37.18821263616516
6bba_05db0fb1,6bba_05db0fb1:751,union|6bba_05db0fb1:751|156,0,geometry_1_00_focus4,-36.30248387929292
6bba_05db0fb1,6bba_05db0fb1:751,union|6bba_05db0fb1:751|157,0,geometry_1_00_focus4,-33.79887863056268
6bba_05db0fb1,6bba_05db0fb1:751,union|6bba_05db0fb1:751|158,0,geometry_1_00_focus4,-39.68270924612759
6bba_05db0fb1,6bba_05db0fb1:751,union|6bba_05db0fb1:751|159,0,geometry_1_00_focus4,-34.29029782645655
6bba_05db0fb1,6bba_05db0fb1:751,union|6bba_05db0fb1:751|160,0,geometry_1_00_focus4,-31.395234428586594
6bba_05db0fb1,6bba_05db0fb1:751,union|6bba_05db0fb1:751|161,0,geometry_1_00_focus4,-37.238226843616815
6bba_05db0fb1,6bba_05db0fb1:751,union|6bba_05db0fb1:751|162,0,geometry_1_00_focus4,-35.00152243339306
6bba_05db0fb1,6bba_05db0fb1:751,union|6bba_05db0fb1:751|163,0,geometry_1_00_focus4,-38.74148522676796
6bba_05db0fb1,6bba_05db0fb1:751,union|6bba_05db0fb1:751|164,0,geometry_1_00_focus4,-27.65976849990697
6bba_05db0fb1,6bba_05db0fb1:751,union|6bba_05db0fb1:751|165,0,geometry_1_00_focus4,-33.885563923277545
6bba_05db0fb1,6bba_05db0fb1:751,union|6bba_05db0fb1:751|166,0,geometry_1_00_focus4,-35.634224412359224
6bba_05db0fb1,6bba_05db0fb1:751,union|6bba_05db0fb1:751|167,0,geometry_1_00_focus4,-26.399879792362675
6bba_05db0fb1,6bba_05db0fb1:751,union|6bba_05db0fb1:751|168,0,geometry_1_00_focus4,-36.246468443696024
6bba_05db0fb1,6bba_05db0fb1:751,union|6bba_05db0fb1:751|169,0,geometry_1_00_focus4,-28.362828366164997
6bba_05db0fb1,6bba_05db0fb1:751,union|6bba_05db0fb1:751|170,0,geometry_1_00_focus4,-38.00416705597622
6bba_05db0fb1,6bba_05db0fb1:751,union|6bba_05db0fb1:751|171,0,geometry_1_00_focus4,-38.242563941730054
6bba_05db0fb1,6bba_05db0fb1:751,union|6bba_05db0fb1:751|172,0,geometry_1_00_focus4,-27.088679081662583
6bba_3abfe10a,6bba_3abfe10a:630,union|6bba_3abfe10a:630|0,0,geometry_1_00_focus4,-35.97443880794989
6bba_3abfe10a,6bba_3abfe10a:630,union|6bba_3abfe10a:630|1,0,geometry_1_00_focus4,-32.01032348514644
6bba_3abfe10a,6bba_3abfe10a:630,union|6bba_3abfe10a:630|2,0,geometry_1_00_focus4,-25.372931965347316
6bba_3abfe10a,6bba_3abfe10a:630,union|6bba_3abfe10a:630|3,0,geometry_1_00_focus4,-33.91955220861682
6bba_3abfe10a,6bba_3abfe10a:630,union|6bba_3abfe10a:630|4,0,geometry_1_00_focus4,-29.469048000892208
6bba_3abfe10a,6bba_3abfe10a:630,union|6bba_3abfe10a:630|5,0,geometry_1_00_focus4,-29.355827552016372
6bba_3abfe10a,6bba_3abfe10a:630,union|6bba_3abfe10a:630|6,0,geometry_1_00_focus4,-35.91905867282003
6bba_3abfe10a,6bba_3abfe10a:630,union|6bba_3abfe10a:630|7,0,geometry_1_00_focus4,-30.509885441865663
6bba_3abfe10a,6bba_3abfe10a:630,union|6bba_3abfe10a:630|8,0,geometry_1_00_focus4,-28.26620932580922
6bba_3abfe10a,6bba_3abfe10a:630,union|6bba_3abfe10a:630|9,0,geometry_1_00_focus4,-32.33138830844232
6bba_3abfe10a,6bba_3abfe10a:630,union|6bba_3abfe10a:630|10,0,geometry_1_00_focus4,-34.26151436477691
6bba_3abfe10a,6bba_3abfe10a:630,union|6bba_3abfe10a:630|11,0,geometry_1_00_focus4,-24.32081030951245
6bba_3abfe10a,6bba_3abfe10a:630,union|6bba_3abfe10a:630|12,0,geometry_1_00_focus4,-30.76147359526577
6bba_3abfe10a,6bba_3abfe10a:630,union|6bba_3abfe10a:630|13,0,geometry_1_00_focus4,-37.671709241524965
6bba_3abfe10a,6bba_3abfe10a:630,union|6bba_3abfe10a:630|14,0,geometry_1_00_focus4,-29.952581247763483
6bba_3abfe10a,6bba_3abfe10a:630,union|6bba_3abfe10a:630|15,0,geometry_1_00_focus4,-34.34739861850578
6bba_3abfe10a,6bba_3abfe10a:630,union|6bba_3abfe10a:630|16,0,geometry_1_00_focus4,-36.50835749307187
6bba_3abfe10a,6bba_3abfe10a:630,union|6bba_3abfe10a:630|17,0,geometry_1_00_focus4,-34.43280704821029
6bba_3abfe10a,6bba_3abfe10a:630,union|6bba_3abfe10a:630|18,0,geometry_1_00_focus4,-38.873741014632834
6bba_3abfe10a,6bba_3abfe10a:630,union|6bba_3abfe10a:630|19,0,geometry_1_00_focus4,-39.79365470918012
6bba_3abfe10a,6bba_3abfe10a:630,union|6bba_3abfe10a:630|20,0,geometry_1_00_focus4,-31.749419373020405
6bba_3abfe10a,6bba_3abfe10a:630,union|6bba_3abfe10a:630|21,0,geometry_1_00_focus4,-29.410731514904104
6bba_3abfe10a,6bba_3abfe10a:630,union|6bba_3abfe10a:630|22,0,geometry_1_00_focus4,-36.35402549864697
6bba_3abfe10a,6bba_3abfe10a:630,union|6bba_3abfe10a:630|23,0,geometry_1_00_focus4,-28.770583399369272
6bba_3abfe10a,6bba_3abfe10a:630,union|6bba_3abfe10a:630|24,0,geometry_1_00_focus4,-36.647472895203926
6bba_3abfe10a,6bba_3abfe10a:630,union|6bba_3abfe10a:630|25,0,geometry_1_00_focus4,-29.920638199089225
6bba_3abfe10a,6bba_3abfe10a:630,union|6bba_3abfe10a:630|26,0,geometry_1_00_focus4,-32.956133687030444
6bba_3abfe10a,6bba_3abfe10a:630,union|6bba_3abfe10a:630|27,0,geometry_1_00_focus4,-28.98755674887076
6bba_3abfe10a,6bba_3abfe10a:630,union|6bba_3abfe10a:630|28,0,geometry_1_00_focus4,-32.135179384876636
6bba_3abfe10a,6bba_3abfe10a:630,union|6bba_3abfe10a:630|29,0,geometry_1_00_focus4,-36.238460417016
6bba_3abfe10a,6bba_3abfe10a:630,union|6bba_3abfe10a:630|30,0,geometry_1_00_focus4,-36.31361445323614
6bba_3abfe10a,6bba_3abfe10a:630,union|6bba_3abfe10a:630|31,0,geometry_1_00_focus4,-41.74697058053957
6bba_3abfe10a,6bba_3abfe10a:630,union|6bba_3abfe10a:630|32,0,geometry_1_00_focus4,-31.540742012750524
6bba_3abfe10a,6bba_3abfe10a:630,union|6bba_3abfe10a:630|33,0,geometry_1_00_focus4,-26.489267893276313
6bba_3abfe10a,6bba_3abfe10a:630,union|6bba_3abfe10a:630|34,0,geometry_1_00_focus4,-32.553751742900204
6bba_3abfe10a,6bba_3abfe10a:630,union|6bba_3abfe10a:630|35,0,geometry_1_00_focus4,-33.73711247427294
6bba_3abfe10a,6bba_3abfe10a:630,union|6bba_3abfe10a:630|36,0,geometry_1_00_focus4,-28.785259869562054
6bba_3abfe10a,6bba_3abfe10a:630,union|6bba_3abfe10a:630|37,0,geometry_1_00_focus4,-20.73996303877648
6bba_3abfe10a,6bba_3abfe10a:630,union|6bba_3abfe10a:630|38,0,geometry_1_00_focus4,-34.356313326542335
6bba_3abfe10a,6bba_3abfe10a:630,union|6bba_3abfe10a:630|39,0,geometry_1_00_focus4,-34.31656184702216
6bba_3abfe10a,6bba_3abfe10a:630,union|6bba_3abfe10a:630|40,1,geometry_1_00_focus4,-23.23522730823303
6bba_3abfe10a,6bba_3abfe10a:630,union|6bba_3abfe10a:630|41,0,geometry_1_00_focus4,-37.448216213233046
6bba_3abfe10a,6bba_3abfe10a:630,union|6bba_3abfe10a:630|42,0,geometry_1_00_focus4,-37.47018830911506
6bba_3abfe10a,6bba_3abfe10a:630,union|6bba_3abfe10a:630|43,0,geometry_1_00_focus4,-34.39975904753413
6bba_3abfe10a,6bba_3abfe10a:630,union|6bba_3abfe10a:630|44,0,geometry_1_00_focus4,-29.374204172645356
6bba_3abfe10a,6bba_3abfe10a:630,union|6bba_3abfe10a:630|45,0,geometry_1_00_focus4,-33.16540077011156
6bba_3abfe10a,6bba_3abfe10a:630,union|6bba_3abfe10a:630|46,0,geometry_1_00_focus4,-28.68429553022819
6bba_3abfe10a,6bba_3abfe10a:630,union|6bba_3abfe10a:630|47,0,geometry_1_00_focus4,-36.002464822640405
6bba_3abfe10a,6bba_3abfe10a:630,union|6bba_3abfe10a:630|48,0,geometry_1_00_focus4,-34.4057619004596
6bba_3abfe10a,6bba_3abfe10a:630,union|6bba_3abfe10a:630|49,0,geometry_1_00_focus4,-32.956133687030444
6bba_3abfe10a,6bba_3abfe10a:630,union|6bba_3abfe10a:630|50,0,geometry_1_00_focus4,-31.674408836722222
6bba_3abfe10a,6bba_3abfe10a:630,union|6bba_3abfe10a:630|51,0,geometry_1_00_focus4,-36.238460417016
6bba_3abfe10a,6bba_3abfe10a:630,union|6bba_3abfe10a:630|52,0,geometry_1_00_focus4,-38.08750118582839
6bba_3abfe10a,6bba_3abfe10a:630,union|6bba_3abfe10a:630|53,0,geometry_1_00_focus4,-41.69845764114362
6bba_3abfe10a,6bba_3abfe10a:630,union|6bba_3abfe10a:630|54,0,geometry_1_00_focus4,-34.78594172675568
6bba_3abfe10a,6bba_3abfe10a:630,union|6bba_3abfe10a:630|55,0,geometry_1_00_focus4,-27.307384694139905
6bba_3abfe10a,6bba_3abfe10a:630,union|6bba_3abfe10a:630|56,0,geometry_1_00_focus4,-36.56003214382483
6bba_3abfe10a,6bba_3abfe10a:630,union|6bba_3abfe10a:630|57,0,geometry_1_00_focus4,-23.608317999419697
6bba_3abfe10a,6bba_3abfe10a:630,union|6bba_3abfe10a:630|58,0,geometry_1_00_focus4,-29.57947574687156
6bba_3abfe10a,6bba_3abfe10a:630,union|6bba_3abfe10a:630|59,0,geometry_1_00_focus4,-32.81892723197123
6bba_3abfe10a,6bba_3abfe10a:630,union|6bba_3abfe10a:630|60,0,geometry_1_00_focus4,-28.567151159633937
6bba_3abfe10a,6bba_3abfe10a:630,union|6bba_3abfe10a:630|61,0,geometry_1_00_focus4,-33.33916158794641
6bba_3abfe10a,6bba_3abfe10a:630,union|6bba_3abfe10a:630|62,0,geometry_1_00_focus4,-34.4673339796843
6bba_3abfe10a,6bba_3abfe10a:630,union|6bba_3abfe10a:630|63,0,geometry_1_00_focus4,-34.65543042215984
6bba_3abfe10a,6bba_3abfe10a:630,union|6bba_3abfe10a:630|64,0,geometry_1_00_focus4,-25.106939776309655
6bba_3abfe10a,6bba_3abfe10a:630,union|6bba_3abfe10a:630|65,0,geometry_1_00_focus4,-35.21602383796243
6bba_3abfe10a,6bba_3abfe10a:630,union|6bba_3abfe10a:630|66,0,geometry_1_00_focus4,-33.476523189861474
6bba_3abfe10a,6bba_3abfe10a:630,union|6bba_3abfe10a:630|67,0,geometry_1_00_focus4,-28.424065889505545
6bba_3abfe10a,6bba_3abfe10a:630,union|6bba_3abfe10a:630|68,0,geometry_1_00_focus4,-34.96200127464863
6bba_3abfe10a,6bba_3abfe10a:630,union|6bba_3abfe10a:630|69,0,geometry_1_00_focus4,-33.99709354445688
6bba_3abfe10a,6bba_3abfe10a:630,union|6bba_3abfe10a:630|70,0,geometry_1_00_focus4,-38.573481762069925
6bba_3abfe10a,6bba_3abfe10a:630,union|6bba_3abfe10a:630|71,0,geometry_1_00_focus4,-25.28774506039234
6bba_3abfe10a,6bba_3abfe10a:630,union|6bba_3abfe10a:630|72,0,geometry_1_00_focus4,-32.17421671308604
6bba_3abfe10a,6bba_3abfe10a:630,union|6bba_3abfe10a:630|73,0,geometry_1_00_focus4,-33.965583317869246
6bba_3abfe10a,6bba_3abfe10a:630,union|6bba_3abfe10a:630|74,0,geometry_1_00_focus4,-39.931199436553854
6bba_3abfe10a,6bba_3abfe10a:630,union|6bba_3abfe10a:630|75,0,geometry_1_00_focus4,-37.46156722300572
6bba_3abfe10a,6bba_3abfe10a:630,union|6bba_3abfe10a:630|76,0,geometry_1_00_focus4,-31.869362217118226
6bba_3abfe10a,6bba_3abfe10a:630,union|6bba_3abfe10a:630|77,0,geometry_1_00_focus4,-20.450326608575075
6bba_3abfe10a,6bba_3abfe10a:630,union|6bba_3abfe10a:630|78,0,geometry_1_00_focus4,-31.613313992492067
6bba_3abfe10a,6bba_3abfe10a:630,union|6bba_3abfe10a:630|79,0,geometry_1_00_focus4,-33.635750561737865
6bba_3abfe10a,6bba_3abfe10a:630,union|6bba_3abfe10a:630|80,0,geometry_1_00_focus4,-36.352565960325855
6bba_3abfe10a,6bba_3abfe10a:630,union|6bba_3abfe10a:630|81,0,geometry_1_00_focus4,-40.37793273996403
6bba_3abfe10a,6bba_3abfe10a:630,union|6bba_3abfe10a:630|82,0,geometry_1_00_focus4,-28.64720057001702
6bba_3abfe10a,6bba_3abfe10a:630,union|6bba_3abfe10a:630|83,0,geometry_1_00_focus4,-30.927112601731192
6bba_3abfe10a,6bba_3abfe10a:630,union|6bba_3abfe10a:630|84,0,geometry_1_00_focus4,-23.164748764086703
6bba_3abfe10a,6bba_3abfe10a:630,union|6bba_3abfe10a:630|85,0,geometry_1_00_focus4,-29.727671620083157
6bba_3abfe10a,6bba_3abfe10a:630,union|6bba_3abfe10a:630|86,0,geometry_1_00_focus4,-29.111947425343846
6bba_3abfe10a,6bba_3abfe10a:630,union|6bba_3abfe10a:630|87,0,geometry_1_00_focus4,-38.88132244694615
6bba_3abfe10a,6bba_3abfe10a:630,union|6bba_3abfe10a:630|88,0,geometry_1_00_focus4,-40.39777479920049
6bba_3abfe10a,6bba_3abfe10a:630,union|6bba_3abfe10a:630|89,0,geometry_1_00_focus4,-27.268681584404334
6bba_3abfe10a,6bba_3abfe10a:630,union|6bba_3abfe10a:630|90,0,geometry_1_00_focus4,-28.174237875821312
6bba_3abfe10a,6bba_3abfe10a:630,union|6bba_3abfe10a:630|91,0,geometry_1_00_focus4,-36.09098755739869
6bba_3abfe10a,6bba_3abfe10a:630,union|6bba_3abfe10a:630|92,0,geometry_1_00_focus4,-27.071199166233832
6bba_3abfe10a,6bba_3abfe10a:630,union|6bba_3abfe10a:630|93,0,geometry_1_00_focus4,-32.87085619880248
6bba_3abfe10a,6bba_3abfe10a:630,union|6bba_3abfe10a:630|94,0,geometry_1_00_focus4,-40.95718918884568
6bba_3abfe10a,6bba_3abfe10a:630,union|6bba_3abfe10a:630|95,0,geometry_1_00_focus4,-37.638439407207535
6bba_3abfe10a,6bba_3abfe10a:630,union|6bba_3abfe10a:630|96,0,geometry_1_00_focus4,-30.665380061115556
6bba_3abfe10a,6bba_3abfe10a:630,union|6bba_3abfe10a:630|97,0,geometry_1_00_focus4,-28.165739068460567
6bba_3abfe10a,6bba_3abfe10a:630,union|6bba_3abfe10a:630|98,0,geometry_1_00_focus4,-25.498926212019914
6bba_3abfe10a,6bba_3abfe10a:630,union|6bba_3abfe10a:630|99,0,geometry_1_00_focus4,-35.32258285181924
6bba_3abfe10a,6bba_3abfe10a:630,union|6bba_3abfe10a:630|100,0,geometry_1_00_focus4,-39.03531965939823
6bba_3abfe10a,6bba_3abfe10a:630,union|6bba_3abfe10a:630|101,0,geometry_1_00_focus4,-32.29020006745859
6bba_3abfe10a,6bba_3abfe10a:630,union|6bba_3abfe10a:630|102,0,geometry_1_00_focus4,-27.898357091004787
6bba_3abfe10a,6bba_3abfe10a:630,union|6bba_3abfe10a:630|103,0,geometry_1_00_focus4,-24.23810734250906
6bba_3abfe10a,6bba_3abfe10a:630,union|6bba_3abfe10a:630|104,0,geometry_1_00_focus4,-36.824137536080244
6bba_3abfe10a,6bba_3abfe10a:630,union|6bba_3abfe10a:630|105,0,geometry_1_00_focus4,-37.340325267407664
6bba_3abfe10a,6bba_3abfe10a:630,union|6bba_3abfe10a:630|106,0,geometry_1_00_focus4,-30.917083542934876
6bba_3abfe10a,6bba_3abfe10a:630,union|6bba_3abfe10a:630|107,0,geometry_1_00_focus4,-32.39592989339353
6bba_3abfe10a,6bba_3abfe10a:630,union|6bba_3abfe10a:630|108,0,geometry_1_00_focus4,-45.01804873932076
6bba_3abfe10a,6bba_3abfe10a:630,union|6bba_3abfe10a:630|109,0,geometry_1_00_focus4,-37.17933383439221
6bba_3abfe10a,6bba_3abfe10a:630,union|6bba_3abfe10a:630|110,0,geometry_1_00_focus4,-40.42221555450401
6bba_61ecbe65,6bba_61ecbe65:200,union|6bba_61ecbe65:200|0,0,geometry_1_00_focus4,-30.66043867918396
6bba_61ecbe65,6bba_61ecbe65:200,union|6bba_61ecbe65:200|1,0,geometry_1_00_focus4,-32.280308532743206
6bba_61ecbe65,6bba_61ecbe65:200,union|6bba_61ecbe65:200|2,1,geometry_1_00_focus4,-20.89458362051323
6bba_61ecbe65,6bba_61ecbe65:200,union|6bba_61ecbe65:200|3,0,geometry_1_00_focus4,-31.24619844693833
6bba_87289e13,6bba_87289e13:563,union|6bba_87289e13:563|0,1,geometry_1_00_focus4,-24.91515473150295
6bba_87289e13,6bba_87289e13:563,union|6bba_87289e13:563|1,0,geometry_1_00_focus4,-21.16509287070514
6bba_c328f2fd,6bba_c328f2fd:65,union|6bba_c328f2fd:65|0,0,geometry_1_00_focus4,-32.0249035258659
6bba_c328f2fd,6bba_c328f2fd:65,union|6bba_c328f2fd:65|1,0,geometry_1_00_focus4,-28.48002352034281
6bba_c328f2fd,6bba_c328f2fd:65,union|6bba_c328f2fd:65|2,0,geometry_1_00_focus4,-30.56430349522003
6bba_c328f2fd,6bba_c328f2fd:65,union|6bba_c328f2fd:65|3,0,geometry_1_00_focus4,-31.312807627422387
6bba_c328f2fd,6bba_c328f2fd:65,union|6bba_c328f2fd:65|4,0,geometry_1_00_focus4,-26.003045965679497
6bba_c328f2fd,6bba_c328f2fd:65,union|6bba_c328f2fd:65|5,0,geometry_1_00_focus4,-29.606759743100937
6bba_c328f2fd,6bba_c328f2fd:65,union|6bba_c328f2fd:65|6,0,geometry_1_00_focus4,-21.442548534941885
6bba_c328f2fd,6bba_c328f2fd:65,union|6bba_c328f2fd:65|7,0,geometry_1_00_focus4,-28.466195281882747
6bba_c328f2fd,6bba_c328f2fd:65,union|6bba_c328f2fd:65|8,0,geometry_1_00_focus4,-22.305285370885187
6bba_c328f2fd,6bba_c328f2fd:65,union|6bba_c328f2fd:65|9,0,geometry_1_00_focus4,-29.422054702452186
6bba_c328f2fd,6bba_c328f2fd:65,union|6bba_c328f2fd:65|10,0,geometry_1_00_focus4,-25.26155534800045
6bba_c328f2fd,6bba_c328f2fd:65,union|6bba_c328f2fd:65|11,0,geometry_1_00_focus4,-28.021875062940296
6bba_c328f2fd,6bba_c328f2fd:65,union|6bba_c328f2fd:65|12,0,geometry_1_00_focus4,-28.29677481829456
6bba_c328f2fd,6bba_c328f2fd:65,union|6bba_c328f2fd:65|13,0,geometry_1_00_focus4,-29.387877526286687
6bba_c328f2fd,6bba_c328f2fd:65,union|6bba_c328f2fd:65|14,0,geometry_1_00_focus4,-33.2479949545005
6bba_c328f2fd,6bba_c328f2fd:65,union|6bba_c328f2fd:65|15,0,geometry_1_00_focus4,-23.57429336392424
6bba_c328f2fd,6bba_c328f2fd:65,union|6bba_c328f2fd:65|16,0,geometry_1_00_focus4,-26.94757642163762
6bba_c328f2fd,6bba_c328f2fd:65,union|6bba_c328f2fd:65|17,1,geometry_1_00_focus4,-27.726168840985142
6bba_c328f2fd,6bba_c328f2fd:65,union|6bba_c328f2fd:65|18,0,geometry_1_00_focus4,-24.757809127599316
6bba_c328f2fd,6bba_c328f2fd:65,union|6bba_c328f2fd:65|19,0,geometry_1_00_focus4,-30.743974448198493
6bba_c328f2fd,6bba_c328f2fd:65,union|6bba_c328f2fd:65|20,0,geometry_1_00_focus4,-26.07600937244193
6bba_c328f2fd,6bba_c328f2fd:65,union|6bba_c328f2fd:65|21,0,geometry_1_00_focus4,-27.16141768089495
6bba_c328f2fd,6bba_c328f2fd:65,union|6bba_c328f2fd:65|22,0,geometry_1_00_focus4,-30.65269222971449
6bba_c328f2fd,6bba_c328f2fd:65,union|6bba_c328f2fd:65|23,0,geometry_1_00_focus4,-31.0870360799344
6bba_c328f2fd,6bba_c328f2fd:65,union|6bba_c328f2fd:65|24,0,geometry_1_00_focus4,-19.498118759271485
6bba_c328f2fd,6bba_c328f2fd:65,union|6bba_c328f2fd:65|25,0,geometry_1_00_focus4,-25.58303068127163
6bba_c328f2fd,6bba_c328f2fd:65,union|6bba_c328f2fd:65|26,0,geometry_1_00_focus4,-14.516216726281911
6bba_c328f2fd,6bba_c328f2fd:65,union|6bba_c328f2fd:65|27,0,geometry_1_00_focus4,-24.955649302284503
6bba_c328f2fd,6bba_c328f2fd:65,union|6bba_c328f2fd:65|28,0,geometry_1_00_focus4,-22.0520910658863
6bba_c328f2fd,6bba_c328f2fd:65,union|6bba_c328f2fd:65|29,0,geometry_1_00_focus4,-29.95521933959198
6bba_c328f2fd,6bba_c328f2fd:65,union|6bba_c328f2fd:65|30,0,geometry_1_00_focus4,-35.69982069152016
6bba_c328f2fd,6bba_c328f2fd:65,union|6bba_c328f2fd:65|31,0,geometry_1_00_focus4,-16.313676289165574
6bba_c328f2fd,6bba_c328f2fd:65,union|6bba_c328f2fd:65|32,0,geometry_1_00_focus4,-29.22288158238339
6bba_c328f2fd,6bba_c328f2fd:65,union|6bba_c328f2fd:65|33,0,geometry_1_00_focus4,-27.826562407533437
6bba_c328f2fd,6bba_c328f2fd:65,union|6bba_c328f2fd:65|34,0,geometry_1_00_focus4,-37.63752256364996
6bba_c328f2fd,6bba_c328f2fd:65,union|6bba_c328f2fd:65|35,0,geometry_1_00_focus4,-29.43221672530659
6bba_c328f2fd,6bba_c328f2fd:65,union|6bba_c328f2fd:65|36,0,geometry_1_00_focus4,-18.49068412531267
6bba_c328f2fd,6bba_c328f2fd:65,union|6bba_c328f2fd:65|37,0,geometry_1_00_focus4,-26.89692368547146
6bba_c328f2fd,6bba_c328f2fd:65,union|6bba_c328f2fd:65|38,0,geometry_1_00_focus4,-27.864892850449714
6bba_c328f2fd,6bba_c328f2fd:65,union|6bba_c328f2fd:65|39,0,geometry_1_00_focus4,-26.402367095277874
6bba_c328f2fd,6bba_c328f2fd:65,union|6bba_c328f2fd:65|40,0,geometry_1_00_focus4,-26.0
6bba_c328f2fd,6bba_c328f2fd:65,union|6bba_c328f2fd:65|41,0,geometry_1_00_focus4,-34.038883489518604
6bba_c328f2fd,6bba_c328f2fd:65,union|6bba_c328f2fd:65|42,0,geometry_1_00_focus4,-23.706275140121114
6bba_c328f2fd,6bba_c328f2fd:65,union|6bba_c328f2fd:65|43,0,geometry_1_00_focus4,-33.920805891436615
6bba_c328f2fd,6bba_c328f2fd:65,union|6bba_c328f2fd:65|44,0,geometry_1_00_focus4,-35.39308916489175
6bba_c328f2fd,6bba_c328f2fd:65,union|6bba_c328f2fd:65|45,0,geometry_1_00_focus4,-28.60377855894427
6bba_c328f2fd,6bba_c328f2fd:65,union|6bba_c328f2fd:65|46,0,geometry_1_00_focus4,-31.007309127340136
6bba_c328f2fd,6bba_c328f2fd:65,union|6bba_c328f2fd:65|47,0,geometry_1_00_focus4,-26.81273918995541
6bba_c328f2fd,6bba_c328f2fd:260,union|6bba_c328f2fd:260|0,0,geometry_1_00_focus4,-25.771242762889322
6bba_c328f2fd,6bba_c328f2fd:260,union|6bba_c328f2fd:260|1,0,geometry_1_00_focus4,-26.8580772898555
6bba_c328f2fd,6bba_c328f2fd:260,union|6bba_c328f2fd:260|2,1,geometry_1_00_focus4,-32.40700132703016
6bba_c328f2fd,6bba_c328f2fd:260,union|6bba_c328f2fd:260|3,0,geometry_1_00_focus4,-29.582525159828037
6bba_c328f2fd,6bba_c328f2fd:260,union|6bba_c328f2fd:260|4,0,geometry_1_00_focus4,-36.790931808961005
6bba_c328f2fd,6bba_c328f2fd:260,union|6bba_c328f2fd:260|5,0,geometry_1_00_focus4,-29.683875533645757
6bba_c328f2fd,6bba_c328f2fd:260,union|6bba_c328f2fd:260|6,0,geometry_1_00_focus4,-36.635920895434836
6bba_c328f2fd,6bba_c328f2fd:260,union|6bba_c328f2fd:260|7,0,geometry_1_00_focus4,-29.308997898536248
6bba_c328f2fd,6bba_c328f2fd:260,union|6bba_c328f2fd:260|8,0,geometry_1_00_focus4,-22.361382204993618
6bba_c328f2fd,6bba_c328f2fd:260,union|6bba_c328f2fd:260|9,0,geometry_1_00_focus4,-20.51446103784835
6bba_c328f2fd,6bba_c328f2fd:260,union|6bba_c328f2fd:260|10,0,geometry_1_00_focus4,-23.11834159580973
6bba_c328f2fd,6bba_c328f2fd:260,union|6bba_c328f2fd:260|11,0,geometry_1_00_focus4,-27.943975173076435
6bba_c328f2fd,6bba_c328f2fd:260,union|6bba_c328f2fd:260|12,0,geometry_1_00_focus4,-32.743812180152176
6bba_c328f2fd,6bba_c328f2fd:260,union|6bba_c328f2fd:260|13,0,geometry_1_00_focus4,-31.63210759963662
6bba_c328f2fd,6bba_c328f2fd:260,union|6bba_c328f2fd:260|14,0,geometry_1_00_focus4,-26.529420103675022
6bba_c328f2fd,6bba_c328f2fd:260,union|6bba_c328f2fd:260|15,0,geometry_1_00_focus4,-29.318453977127877
6bba_c328f2fd,6bba_c328f2fd:260,union|6bba_c328f2fd:260|16,0,geometry_1_00_focus4,-23.45407538806788
6bba_c328f2fd,6bba_c328f2fd:260,union|6bba_c328f2fd:260|17,0,geometry_1_00_focus4,-30.944276635923913
6bba_c328f2fd,6bba_c328f2fd:260,union|6bba_c328f2fd:260|18,0,geometry_1_00_focus4,-33.922111074185665
6bba_c328f2fd,6bba_c328f2fd:260,union|6bba_c328f2fd:260|19,0,geometry_1_00_focus4,-28.68598591247933
6bba_c328f2fd,6bba_c328f2fd:260,union|6bba_c328f2fd:260|20,0,geometry_1_00_focus4,-27.33169059310621
6bba_c328f2fd,6bba_c328f2fd:260,union|6bba_c328f2fd:260|21,0,geometry_1_00_focus4,-17.21969385440837
6bba_c328f2fd,6bba_c328f2fd:260,union|6bba_c328f2fd:260|22,0,geometry_1_00_focus4,-28.080178570080847
6bba_c328f2fd,6bba_c328f2fd:260,union|6bba_c328f2fd:260|23,0,geometry_1_00_focus4,-33.230556520512806
6bba_c328f2fd,6bba_c328f2fd:260,union|6bba_c328f2fd:260|24,0,geometry_1_00_focus4,-24.758592662171253
6bba_c328f2fd,6bba_c328f2fd:260,union|6bba_c328f2fd:260|25,0,geometry_1_00_focus4,-24.589085576987614
6bba_c328f2fd,6bba_c328f2fd:260,union|6bba_c328f2fd:260|26,0,geometry_1_00_focus4,-23.805754987962263
6bba_c328f2fd,6bba_c328f2fd:260,union|6bba_c328f2fd:260|27,0,geometry_1_00_focus4,-20.51446103784835
6bba_c328f2fd,6bba_c328f2fd:260,union|6bba_c328f2fd:260|28,0,geometry_1_00_focus4,-24.774525717634557
6bba_c328f2fd,6bba_c328f2fd:260,union|6bba_c328f2fd:260|29,0,geometry_1_00_focus4,-30.12369292830531
6bba_c328f2fd,6bba_c328f2fd:260,union|6bba_c328f2fd:260|30,0,geometry_1_00_focus4,-35.57850887317447
6bba_c328f2fd,6bba_c328f2fd:260,union|6bba_c328f2fd:260|31,0,geometry_1_00_focus4,-31.852603180320898
6bba_c328f2fd,6bba_c328f2fd:260,union|6bba_c328f2fd:260|32,0,geometry_1_00_focus4,-23.382693230597962
6bba_c328f2fd,6bba_c328f2fd:260,union|6bba_c328f2fd:260|33,0,geometry_1_00_focus4,-29.304243841565693
6bba_c328f2fd,6bba_c328f2fd:260,union|6bba_c328f2fd:260|34,0,geometry_1_00_focus4,-19.097907985664843
6bba_c328f2fd,6bba_c328f2fd:260,union|6bba_c328f2fd:260|35,0,geometry_1_00_focus4,-29.7438196087013
6bba_c328f2fd,6bba_c328f2fd:260,union|6bba_c328f2fd:260|36,0,geometry_1_00_focus4,-17.058843399217807
6bba_c328f2fd,6bba_c328f2fd:260,union|6bba_c328f2fd:260|37,0,geometry_1_00_focus4,-26.56781455236451
6bba_c328f2fd,6bba_c328f2fd:260,union|6bba_c328f2fd:260|38,0,geometry_1_00_focus4,-32.15218067773941
6bba_c328f2fd,6bba_c328f2fd:260,union|6bba_c328f2fd:260|39,0,geometry_1_00_focus4,-37.33216637102364
6bba_c328f2fd,6bba_c328f2fd:260,union|6bba_c328f2fd:260|40,0,geometry_1_00_focus4,-41.10435458998136
6bba_fe670320,6bba_fe670320:4,union|6bba_fe670320:4|0,1,geometry_1_00_focus4,-19.565072623540082
6bba_fe670320,6bba_fe670320:4,union|6bba_fe670320:4|1,0,geometry_1_00_focus4,-15.834103594847164
6bba_fe670320,6bba_fe670320:4,union|6bba_fe670320:4|2,0,geometry_1_00_focus4,-14.785906709588275
6bba_fe670320,6bba_fe670320:519,union|6bba_fe670320:519|0,0,geometry_1_00_focus4,-25.16014851982367
6bba_fe670320,6bba_fe670320:519,union|6bba_fe670320:519|1,0,geometry_1_00_focus4,-33.7593171295122
6bba_fe670320,6bba_fe670320:519,union|6bba_fe670320:519|2,0,geometry_1_00_focus4,-32.43021250236038
6bba_fe670320,6bba_fe670320:519,union|6bba_fe670320:519|3,1,geometry_1_00_focus4,-20.547854345288382
6bba_fe670320,6bba_fe670320:519,union|6bba_fe670320:519|4,0,geometry_1_00_focus4,-17.50178562318714
6bba_fe670320,6bba_fe670320:519,union|6bba_fe670320:519|5,0,geometry_1_00_focus4,-25.896431636254334
6bba_fe670320,6bba_fe670320:519,union|6bba_fe670320:519|6,0,geometry_1_00_focus4,-32.49734073136517
6bba_fe670320,6bba_fe670320:519,union|6bba_fe670320:519|7,0,geometry_1_00_focus4,-17.036799521181845
44b6_2a2eff9f,44b6_2a2eff9f:13,union|44b6_2a2eff9f:13|0,0,oof_logistic_3feat,0.3583956896958835
44b6_2a2eff9f,44b6_2a2eff9f:13,union|44b6_2a2eff9f:13|1,0,oof_logistic_3feat,0.4305651022734263
44b6_2a2eff9f,44b6_2a2eff9f:13,union|44b6_2a2eff9f:13|2,0,oof_logistic_3feat,0.4071063763949274
44b6_2a2eff9f,44b6_2a2eff9f:13,union|44b6_2a2eff9f:13|3,0,oof_logistic_3feat,0.4056331188322612
44b6_2a2eff9f,44b6_2a2eff9f:13,union|44b6_2a2eff9f:13|4,0,oof_logistic_3feat,0.25644262806089074
44b6_2a2eff9f,44b6_2a2eff9f:13,union|44b6_2a2eff9f:13|5,0,oof_logistic_3feat,0.41421228967854207
44b6_2a2eff9f,44b6_2a2eff9f:13,union|44b6_2a2eff9f:13|6,0,oof_logistic_3feat,0.4333183417261156
44b6_2a2eff9f,44b6_2a2eff9f:13,union|44b6_2a2eff9f:13|7,0,oof_logistic_3feat,0.32897413238237266
44b6_2a2eff9f,44b6_2a2eff9f:13,union|44b6_2a2eff9f:13|8,0,oof_logistic_3feat,0.15962122379523425
44b6_2a2eff9f,44b6_2a2eff9f:13,union|44b6_2a2eff9f:13|9,0,oof_logistic_3feat,0.3487945748099644
44b6_2a2eff9f,44b6_2a2eff9f:13,union|44b6_2a2eff9f:13|10,0,oof_logistic_3feat,0.3391294236635741
44b6_2a2eff9f,44b6_2a2eff9f:13,union|44b6_2a2eff9f:13|11,0,oof_logistic_3feat,0.3301081581173927
44b6_2a2eff9f,44b6_2a2eff9f:13,union|44b6_2a2eff9f:13|12,0,oof_logistic_3feat,0.3822528193659309
44b6_2a2eff9f,44b6_2a2eff9f:13,union|44b6_2a2eff9f:13|13,0,oof_logistic_3feat,0.3564960157817466
44b6_2a2eff9f,44b6_2a2eff9f:13,union|44b6_2a2eff9f:13|14,0,oof_logistic_3feat,0.14150781901372797
44b6_2a2eff9f,44b6_2a2eff9f:13,union|44b6_2a2eff9f:13|15,0,oof_logistic_3feat,0.22955525745345243
44b6_2a2eff9f,44b6_2a2eff9f:13,union|44b6_2a2eff9f:13|16,0,oof_logistic_3feat,0.36154591508956063
44b6_2a2eff9f,44b6_2a2eff9f:13,union|44b6_2a2eff9f:13|17,0,oof_logistic_3feat,0.4257153311700888
44b6_2a2eff9f,44b6_2a2eff9f:13,union|44b6_2a2eff9f:13|18,0,oof_logistic_3feat,0.2508449755176573
44b6_2a2eff9f,44b6_2a2eff9f:13,union|44b6_2a2eff9f:13|19,0,oof_logistic_3feat,0.747592811844383
44b6_2a2eff9f,44b6_2a2eff9f:13,union|44b6_2a2eff9f:13|20,0,oof_logistic_3feat,0.13862890867907898
44b6_2a2eff9f,44b6_2a2eff9f:13,union|44b6_2a2eff9f:13|21,0,oof_logistic_3feat,0.781869817453636
44b6_2a2eff9f,44b6_2a2eff9f:13,union|44b6_2a2eff9f:13|22,0,oof_logistic_3feat,0.13712861979759475
44b6_2a2eff9f,44b6_2a2eff9f:13,union|44b6_2a2eff9f:13|23,0,oof_logistic_3feat,0.6638055942133547
44b6_2a2eff9f,44b6_2a2eff9f:13,union|44b6_2a2eff9f:13|24,0,oof_logistic_3feat,0.14261034809780523
44b6_2a2eff9f,44b6_2a2eff9f:13,union|44b6_2a2eff9f:13|25,0,oof_logistic_3feat,0.39693890804129295
44b6_2a2eff9f,44b6_2a2eff9f:13,union|44b6_2a2eff9f:13|26,0,oof_logistic_3feat,0.2776861900262899
44b6_2a2eff9f,44b6_2a2eff9f:13,union|44b6_2a2eff9f:13|27,0,oof_logistic_3feat,0.41792817902850654
44b6_2a2eff9f,44b6_2a2eff9f:13,union|44b6_2a2eff9f:13|28,0,oof_logistic_3feat,0.14473979865882614
44b6_2a2eff9f,44b6_2a2eff9f:13,union|44b6_2a2eff9f:13|29,0,oof_logistic_3feat,0.3861939335407917
44b6_2a2eff9f,44b6_2a2eff9f:13,union|44b6_2a2eff9f:13|30,0,oof_logistic_3feat,0.12626239489635321
44b6_2a2eff9f,44b6_2a2eff9f:13,union|44b6_2a2eff9f:13|31,0,oof_logistic_3feat,0.2581398325717553
44b6_2a2eff9f,44b6_2a2eff9f:13,union|44b6_2a2eff9f:13|32,0,oof_logistic_3feat,0.15518203471990044
44b6_2a2eff9f,44b6_2a2eff9f:13,union|44b6_2a2eff9f:13|33,0,oof_logistic_3feat,0.43325099384751714
44b6_2a2eff9f,44b6_2a2eff9f:13,union|44b6_2a2eff9f:13|34,1,oof_logistic_3feat,0.41729257636814193
44b6_2a2eff9f,44b6_2a2eff9f:13,union|44b6_2a2eff9f:13|35,0,oof_logistic_3feat,0.15384473822880915
44b6_2a2eff9f,44b6_2a2eff9f:13,union|44b6_2a2eff9f:13|36,0,oof_logistic_3feat,0.28836157287212244
44b6_2a2eff9f,44b6_2a2eff9f:13,union|44b6_2a2eff9f:13|37,0,oof_logistic_3feat,0.23353855187528058
44b6_2a2eff9f,44b6_2a2eff9f:13,union|44b6_2a2eff9f:13|38,0,oof_logistic_3feat,0.14280740335001285
44b6_2a2eff9f,44b6_2a2eff9f:13,union|44b6_2a2eff9f:13|39,0,oof_logistic_3feat,0.25352264424202015
44b6_2a2eff9f,44b6_2a2eff9f:13,union|44b6_2a2eff9f:13|40,0,oof_logistic_3feat,0.13077658170399292
44b6_2a2eff9f,44b6_2a2eff9f:13,union|44b6_2a2eff9f:13|41,0,oof_logistic_3feat,0.1551451456131844
44b6_2a2eff9f,44b6_2a2eff9f:13,union|44b6_2a2eff9f:13|42,0,oof_logistic_3feat,0.7372642646947288
44b6_2a2eff9f,44b6_2a2eff9f:13,union|44b6_2a2eff9f:13|43,0,oof_logistic_3feat,0.6574475590461111
44b6_2a2eff9f,44b6_2a2eff9f:13,union|44b6_2a2eff9f:13|44,0,oof_logistic_3feat,0.14546770163670827
44b6_2a2eff9f,44b6_2a2eff9f:13,union|44b6_2a2eff9f:13|45,0,oof_logistic_3feat,0.14636299793959423
44b6_2a2eff9f,44b6_2a2eff9f:13,union|44b6_2a2eff9f:13|46,0,oof_logistic_3feat,0.08655245761495078
44b6_2a2eff9f,44b6_2a2eff9f:13,union|44b6_2a2eff9f:13|47,0,oof_logistic_3feat,0.09705585256556556
44b6_2a2eff9f,44b6_2a2eff9f:13,union|44b6_2a2eff9f:13|48,0,oof_logistic_3feat,0.07629070873256816
44b6_2a2eff9f,44b6_2a2eff9f:13,union|44b6_2a2eff9f:13|49,0,oof_logistic_3feat,0.13842967270216272
44b6_2a2eff9f,44b6_2a2eff9f:13,union|44b6_2a2eff9f:13|50,0,oof_logistic_3feat,0.6439136005993606
44b6_2a2eff9f,44b6_2a2eff9f:13,union|44b6_2a2eff9f:13|51,0,oof_logistic_3feat,0.14492248136658206
44b6_2a2eff9f,44b6_2a2eff9f:13,union|44b6_2a2eff9f:13|52,0,oof_logistic_3feat,0.07847092471465125
44b6_2a2eff9f,44b6_2a2eff9f:13,union|44b6_2a2eff9f:13|53,0,oof_logistic_3feat,0.09023854850851391
44b6_706092f0,44b6_706092f0:50,union|44b6_706092f0:50|0,0,oof_logistic_3feat,0.09480100202697529
44b6_706092f0,44b6_706092f0:50,union|44b6_706092f0:50|1,0,oof_logistic_3feat,0.09640870751651963
44b6_706092f0,44b6_706092f0:50,union|44b6_706092f0:50|2,0,oof_logistic_3feat,0.4656307648513325
44b6_706092f0,44b6_706092f0:50,union|44b6_706092f0:50|3,0,oof_logistic_3feat,0.47843660071658756
44b6_706092f0,44b6_706092f0:50,union|44b6_706092f0:50|4,0,oof_logistic_3feat,0.49079940238094855
44b6_706092f0,44b6_706092f0:50,union|44b6_706092f0:50|5,0,oof_logistic_3feat,0.47320287245648107
44b6_706092f0,44b6_706092f0:50,union|44b6_706092f0:50|6,0,oof_logistic_3feat,0.06829772584232767
44b6_706092f0,44b6_706092f0:50,union|44b6_706092f0:50|7,0,oof_logistic_3feat,0.3259396087102743
44b6_706092f0,44b6_706092f0:50,union|44b6_706092f0:50|8,0,oof_logistic_3feat,0.46232024375847397
44b6_706092f0,44b6_706092f0:50,union|44b6_706092f0:50|9,0,oof_logistic_3feat,0.45281806350514625
44b6_706092f0,44b6_706092f0:50,union|44b6_706092f0:50|10,0,oof_logistic_3feat,0.3077790114050145
44b6_706092f0,44b6_706092f0:50,union|44b6_706092f0:50|11,0,oof_logistic_3feat,0.34312539725562363
44b6_706092f0,44b6_706092f0:50,union|44b6_706092f0:50|12,0,oof_logistic_3feat,0.34679031014745765
44b6_706092f0,44b6_706092f0:50,union|44b6_706092f0:50|13,0,oof_logistic_3feat,0.33509244356665674
44b6_706092f0,44b6_706092f0:50,union|44b6_706092f0:50|14,0,oof_logistic_3feat,0.07398049111341597
44b6_706092f0,44b6_706092f0:50,union|44b6_706092f0:50|15,0,oof_logistic_3feat,0.21399310801988275
44b6_706092f0,44b6_706092f0:50,union|44b6_706092f0:50|16,0,oof_logistic_3feat,0.723982914180771
44b6_706092f0,44b6_706092f0:50,union|44b6_706092f0:50|17,0,oof_logistic_3feat,0.5612452784567346
44b6_706092f0,44b6_706092f0:50,union|44b6_706092f0:50|18,0,oof_logistic_3feat,0.38549187004475377
44b6_706092f0,44b6_706092f0:50,union|44b6_706092f0:50|19,0,oof_logistic_3feat,0.0717592690708582
44b6_706092f0,44b6_706092f0:50,union|44b6_706092f0:50|20,1,oof_logistic_3feat,0.9272914905080111
44b6_706092f0,44b6_706092f0:50,union|44b6_706092f0:50|21,0,oof_logistic_3feat,0.5714439818825815
44b6_706092f0,44b6_706092f0:50,union|44b6_706092f0:50|22,0,oof_logistic_3feat,0.38835340909631494
44b6_706092f0,44b6_706092f0:50,union|44b6_706092f0:50|23,0,oof_logistic_3feat,0.06924182718511747
44b6_706092f0,44b6_706092f0:50,union|44b6_706092f0:50|24,0,oof_logistic_3feat,0.40069259511515826
44b6_706092f0,44b6_706092f0:50,union|44b6_706092f0:50|25,0,oof_logistic_3feat,0.2405376716743573
44b6_996155de,44b6_996155de:60,union|44b6_996155de:60|0,1,oof_logistic_3feat,0.9900269353287247
44b6_996155de,44b6_996155de:60,union|44b6_996155de:60|1,0,oof_logistic_3feat,0.910402719523131
44b6_996155de,44b6_996155de:60,union|44b6_996155de:60|2,0,oof_logistic_3feat,0.7981546823215003
44b6_996155de,44b6_996155de:60,union|44b6_996155de:60|3,0,oof_logistic_3feat,0.9090681392668903
44b6_996155de,44b6_996155de:60,union|44b6_996155de:60|4,0,oof_logistic_3feat,0.8019433002656414
44b6_996155de,44b6_996155de:60,union|44b6_996155de:60|5,0,oof_logistic_3feat,0.672760327144776
44b6_c50204e0,44b6_c50204e0:43,union|44b6_c50204e0:43|0,0,oof_logistic_3feat,0.15901151742091235
44b6_c50204e0,44b6_c50204e0:43,union|44b6_c50204e0:43|1,0,oof_logistic_3feat,0.1592501371384863
44b6_c50204e0,44b6_c50204e0:43,union|44b6_c50204e0:43|2,0,oof_logistic_3feat,0.16306527622661965
44b6_c50204e0,44b6_c50204e0:43,union|44b6_c50204e0:43|3,0,oof_logistic_3feat,0.16218317020016312
44b6_c50204e0,44b6_c50204e0:43,union|44b6_c50204e0:43|4,0,oof_logistic_3feat,0.11139981658378419
44b6_c50204e0,44b6_c50204e0:43,union|44b6_c50204e0:43|5,0,oof_logistic_3feat,0.13851012308940186
44b6_c50204e0,44b6_c50204e0:43,union|44b6_c50204e0:43|6,0,oof_logistic_3feat,0.16204808960328143
44b6_c50204e0,44b6_c50204e0:43,union|44b6_c50204e0:43|7,0,oof_logistic_3feat,0.16375102861031796
44b6_c50204e0,44b6_c50204e0:43,union|44b6_c50204e0:43|8,0,oof_logistic_3feat,0.16318353045589798
44b6_c50204e0,44b6_c50204e0:43,union|44b6_c50204e0:43|9,0,oof_logistic_3feat,0.16322257240237079
44b6_c50204e0,44b6_c50204e0:43,union|44b6_c50204e0:43|10,0,oof_logistic_3feat,0.08369392165858505
44b6_c50204e0,44b6_c50204e0:43,union|44b6_c50204e0:43|11,0,oof_logistic_3feat,0.08360075895266757
44b6_c50204e0,44b6_c50204e0:43,union|44b6_c50204e0:43|12,0,oof_logistic_3feat,0.4551680048681788
44b6_c50204e0,44b6_c50204e0:43,union|44b6_c50204e0:43|13,0,oof_logistic_3feat,0.24682611420518052
44b6_c50204e0,44b6_c50204e0:43,union|44b6_c50204e0:43|14,0,oof_logistic_3feat,0.4570526161464425
44b6_c50204e0,44b6_c50204e0:43,union|44b6_c50204e0:43|15,0,oof_logistic_3feat,0.10958448450513177
44b6_c50204e0,44b6_c50204e0:43,union|44b6_c50204e0:43|16,0,oof_logistic_3feat,0.10877205141503896
44b6_c50204e0,44b6_c50204e0:43,union|44b6_c50204e0:43|17,0,oof_logistic_3feat,0.45148197288991077
44b6_c50204e0,44b6_c50204e0:43,union|44b6_c50204e0:43|18,0,oof_logistic_3feat,0.1554609777032787
44b6_c50204e0,44b6_c50204e0:43,union|44b6_c50204e0:43|19,0,oof_logistic_3feat,0.2705375682731543
44b6_c50204e0,44b6_c50204e0:43,union|44b6_c50204e0:43|20,0,oof_logistic_3feat,0.4543971287207819
44b6_c50204e0,44b6_c50204e0:43,union|44b6_c50204e0:43|21,0,oof_logistic_3feat,0.45728870130657623
44b6_c50204e0,44b6_c50204e0:43,union|44b6_c50204e0:43|22,0,oof_logistic_3feat,0.23065850773943578
44b6_c50204e0,44b6_c50204e0:43,union|44b6_c50204e0:43|23,0,oof_logistic_3feat,0.4607369244826289
44b6_c50204e0,44b6_c50204e0:43,union|44b6_c50204e0:43|24,0,oof_logistic_3feat,0.13147874651716893
44b6_c50204e0,44b6_c50204e0:43,union|44b6_c50204e0:43|25,0,oof_logistic_3feat,0.21682921769177343
44b6_c50204e0,44b6_c50204e0:43,union|44b6_c50204e0:43|26,0,oof_logistic_3feat,0.24903447322671124
44b6_c50204e0,44b6_c50204e0:43,union|44b6_c50204e0:43|27,0,oof_logistic_3feat,0.49854143349915103
44b6_c50204e0,44b6_c50204e0:43,union|44b6_c50204e0:43|28,0,oof_logistic_3feat,0.1354235415233047
44b6_c50204e0,44b6_c50204e0:43,union|44b6_c50204e0:43|29,0,oof_logistic_3feat,0.5047839488855679
44b6_c50204e0,44b6_c50204e0:43,union|44b6_c50204e0:43|30,0,oof_logistic_3feat,0.27302170751234933
44b6_c50204e0,44b6_c50204e0:43,union|44b6_c50204e0:43|31,0,oof_logistic_3feat,0.5058841231272782
44b6_c50204e0,44b6_c50204e0:43,union|44b6_c50204e0:43|32,0,oof_logistic_3feat,0.5036698047051307
44b6_c50204e0,44b6_c50204e0:43,union|44b6_c50204e0:43|33,0,oof_logistic_3feat,0.5070388128907165
44b6_c50204e0,44b6_c50204e0:43,union|44b6_c50204e0:43|34,0,oof_logistic_3feat,0.2605706795646549
44b6_c50204e0,44b6_c50204e0:43,union|44b6_c50204e0:43|35,0,oof_logistic_3feat,0.12770918045653726
44b6_c50204e0,44b6_c50204e0:43,union|44b6_c50204e0:43|36,0,oof_logistic_3feat,0.2194547319031333
44b6_c50204e0,44b6_c50204e0:43,union|44b6_c50204e0:43|37,0,oof_logistic_3feat,0.24599702052105435
44b6_c50204e0,44b6_c50204e0:43,union|44b6_c50204e0:43|38,0,oof_logistic_3feat,0.10687326667946184
44b6_c50204e0,44b6_c50204e0:43,union|44b6_c50204e0:43|39,0,oof_logistic_3feat,0.10919536928548901
44b6_c50204e0,44b6_c50204e0:43,union|44b6_c50204e0:43|40,0,oof_logistic_3feat,0.13701607707102145
44b6_c50204e0,44b6_c50204e0:43,union|44b6_c50204e0:43|41,0,oof_logistic_3feat,0.24777320390671556
44b6_c50204e0,44b6_c50204e0:43,union|44b6_c50204e0:43|42,0,oof_logistic_3feat,0.15475309575426144
44b6_c50204e0,44b6_c50204e0:43,union|44b6_c50204e0:43|43,0,oof_logistic_3feat,0.2494769356099232
44b6_c50204e0,44b6_c50204e0:43,union|44b6_c50204e0:43|44,0,oof_logistic_3feat,0.2515125789296778
44b6_c50204e0,44b6_c50204e0:43,union|44b6_c50204e0:43|45,0,oof_logistic_3feat,0.24802636810129464
44b6_c50204e0,44b6_c50204e0:43,union|44b6_c50204e0:43|46,0,oof_logistic_3feat,0.13112569434331806
44b6_c50204e0,44b6_c50204e0:43,union|44b6_c50204e0:43|47,0,oof_logistic_3feat,0.13176214723517587
44b6_c50204e0,44b6_c50204e0:43,union|44b6_c50204e0:43|48,0,oof_logistic_3feat,0.24958480726423665
44b6_c50204e0,44b6_c50204e0:43,union|44b6_c50204e0:43|49,0,oof_logistic_3feat,0.11009108283560355
44b6_c50204e0,44b6_c50204e0:43,union|44b6_c50204e0:43|50,0,oof_logistic_3feat,0.133129010363673
44b6_c50204e0,44b6_c50204e0:43,union|44b6_c50204e0:43|51,0,oof_logistic_3feat,0.781819601911452
44b6_c50204e0,44b6_c50204e0:43,union|44b6_c50204e0:43|52,0,oof_logistic_3feat,0.15793283602507094
44b6_c50204e0,44b6_c50204e0:43,union|44b6_c50204e0:43|53,0,oof_logistic_3feat,0.7823937917649565
44b6_c50204e0,44b6_c50204e0:43,union|44b6_c50204e0:43|54,0,oof_logistic_3feat,0.7814897977216024
44b6_c50204e0,44b6_c50204e0:43,union|44b6_c50204e0:43|55,0,oof_logistic_3feat,0.7797388329770787
44b6_c50204e0,44b6_c50204e0:43,union|44b6_c50204e0:43|56,0,oof_logistic_3feat,0.25873659647275027
44b6_c50204e0,44b6_c50204e0:43,union|44b6_c50204e0:43|57,0,oof_logistic_3feat,0.13030978382171046
44b6_c50204e0,44b6_c50204e0:43,union|44b6_c50204e0:43|58,0,oof_logistic_3feat,0.2607804858440628
44b6_c50204e0,44b6_c50204e0:43,union|44b6_c50204e0:43|59,0,oof_logistic_3feat,0.12975193834018262
44b6_c50204e0,44b6_c50204e0:43,union|44b6_c50204e0:43|60,0,oof_logistic_3feat,0.10781592674009095
44b6_c50204e0,44b6_c50204e0:43,union|44b6_c50204e0:43|61,0,oof_logistic_3feat,0.10919536928548901
44b6_c50204e0,44b6_c50204e0:43,union|44b6_c50204e0:43|62,0,oof_logistic_3feat,0.10730061410355902
44b6_c50204e0,44b6_c50204e0:43,union|44b6_c50204e0:43|63,0,oof_logistic_3feat,0.10997593352952832
44b6_c50204e0,44b6_c50204e0:43,union|44b6_c50204e0:43|64,0,oof_logistic_3feat,0.10945806384738538
44b6_c50204e0,44b6_c50204e0:43,union|44b6_c50204e0:43|65,0,oof_logistic_3feat,0.11020400762931065
44b6_c50204e0,44b6_c50204e0:43,union|44b6_c50204e0:43|66,0,oof_logistic_3feat,0.10895320444819849
44b6_c50204e0,44b6_c50204e0:43,union|44b6_c50204e0:43|67,0,oof_logistic_3feat,0.10929551386129778
44b6_c50204e0,44b6_c50204e0:43,union|44b6_c50204e0:43|68,0,oof_logistic_3feat,0.10786310452721587
44b6_c50204e0,44b6_c50204e0:43,union|44b6_c50204e0:43|69,0,oof_logistic_3feat,0.10595654696850984
44b6_c50204e0,44b6_c50204e0:43,union|44b6_c50204e0:43|70,0,oof_logistic_3feat,0.11139981658378419
44b6_c50204e0,44b6_c50204e0:43,union|44b6_c50204e0:43|71,0,oof_logistic_3feat,0.10865965867334237
44b6_c50204e0,44b6_c50204e0:43,union|44b6_c50204e0:43|72,0,oof_logistic_3feat,0.11101607770443543
44b6_c50204e0,44b6_c50204e0:43,union|44b6_c50204e0:43|73,0,oof_logistic_3feat,0.11034223182224494
44b6_c50204e0,44b6_c50204e0:43,union|44b6_c50204e0:43|74,0,oof_logistic_3feat,0.1107136810553353
44b6_c50204e0,44b6_c50204e0:43,union|44b6_c50204e0:43|75,0,oof_logistic_3feat,0.10865965867334237
44b6_c50204e0,44b6_c50204e0:43,union|44b6_c50204e0:43|76,0,oof_logistic_3feat,0.11053067287466355
44b6_c50204e0,44b6_c50204e0:43,union|44b6_c50204e0:43|77,0,oof_logistic_3feat,0.055519973457311356
44b6_c50204e0,44b6_c50204e0:43,union|44b6_c50204e0:43|78,0,oof_logistic_3feat,0.13816186215827336
44b6_c50204e0,44b6_c50204e0:43,union|44b6_c50204e0:43|79,0,oof_logistic_3feat,0.13629045200087758
44b6_c50204e0,44b6_c50204e0:43,union|44b6_c50204e0:43|80,0,oof_logistic_3feat,0.1357695116050541
44b6_c50204e0,44b6_c50204e0:43,union|44b6_c50204e0:43|81,0,oof_logistic_3feat,0.1304225257038921
44b6_c50204e0,44b6_c50204e0:43,union|44b6_c50204e0:43|82,0,oof_logistic_3feat,0.06969931595625259
44b6_c50204e0,44b6_c50204e0:43,union|44b6_c50204e0:43|83,0,oof_logistic_3feat,0.15350710404118445
44b6_c50204e0,44b6_c50204e0:43,union|44b6_c50204e0:43|84,0,oof_logistic_3feat,0.2678779676618386
44b6_c50204e0,44b6_c50204e0:43,union|44b6_c50204e0:43|85,0,oof_logistic_3feat,0.9397286339710629
44b6_c50204e0,44b6_c50204e0:43,union|44b6_c50204e0:43|86,1,oof_logistic_3feat,0.940890861395118
44b6_c50204e0,44b6_c50204e0:43,union|44b6_c50204e0:43|87,0,oof_logistic_3feat,0.2264768797653679
44b6_c50204e0,44b6_c50204e0:43,union|44b6_c50204e0:43|88,0,oof_logistic_3feat,0.8824555846599821
44b6_c50204e0,44b6_c50204e0:43,union|44b6_c50204e0:43|89,0,oof_logistic_3feat,0.13027171571155297
44b6_c50204e0,44b6_c50204e0:43,union|44b6_c50204e0:43|90,0,oof_logistic_3feat,0.2600846199880351
44b6_c50204e0,44b6_c50204e0:43,union|44b6_c50204e0:43|91,0,oof_logistic_3feat,0.13150773558597356
44b6_c50204e0,44b6_c50204e0:43,union|44b6_c50204e0:43|92,0,oof_logistic_3feat,0.21552103759168686
44b6_c50204e0,44b6_c50204e0:43,union|44b6_c50204e0:43|93,0,oof_logistic_3feat,0.15421603845143292
44b6_c50204e0,44b6_c50204e0:43,union|44b6_c50204e0:43|94,0,oof_logistic_3feat,0.15725251671125157
44b6_c50204e0,44b6_c50204e0:43,union|44b6_c50204e0:43|95,0,oof_logistic_3feat,0.15669782619121864
44b6_c50204e0,44b6_c50204e0:43,union|44b6_c50204e0:43|96,0,oof_logistic_3feat,0.15578947421105135
44b6_c50204e0,44b6_c50204e0:43,union|44b6_c50204e0:43|97,0,oof_logistic_3feat,0.13259892212183472
44b6_c50204e0,44b6_c50204e0:43,union|44b6_c50204e0:43|98,0,oof_logistic_3feat,0.12803980477763174
44b6_c50204e0,44b6_c50204e0:43,union|44b6_c50204e0:43|99,0,oof_logistic_3feat,0.1550721008784424
44b6_c50204e0,44b6_c50204e0:43,union|44b6_c50204e0:43|100,0,oof_logistic_3feat,0.08127509452994176
44b6_c50204e0,44b6_c50204e0:43,union|44b6_c50204e0:43|101,0,oof_logistic_3feat,0.26681135699939174
44b6_c50204e0,44b6_c50204e0:43,union|44b6_c50204e0:43|102,0,oof_logistic_3feat,0.26654245342159316
44b6_c50204e0,44b6_c50204e0:43,union|44b6_c50204e0:43|103,0,oof_logistic_3feat,0.2242266530542295
44b6_c50204e0,44b6_c50204e0:43,union|44b6_c50204e0:43|104,0,oof_logistic_3feat,0.13090490070617025
44b6_c50204e0,44b6_c50204e0:43,union|44b6_c50204e0:43|105,0,oof_logistic_3feat,0.14349902137416373
44b6_c50204e0,44b6_c50204e0:43,union|44b6_c50204e0:43|106,0,oof_logistic_3feat,0.9649429336635567
44b6_c50204e0,44b6_c50204e0:43,union|44b6_c50204e0:43|107,0,oof_logistic_3feat,0.22492355846423925
44b6_c50204e0,44b6_c50204e0:43,union|44b6_c50204e0:43|108,0,oof_logistic_3feat,0.8821227561919035
44b6_c50204e0,44b6_c50204e0:43,union|44b6_c50204e0:43|109,0,oof_logistic_3feat,0.26234474425446724
44b6_c50204e0,44b6_c50204e0:43,union|44b6_c50204e0:43|110,0,oof_logistic_3feat,0.13259892212183472
44b6_c50204e0,44b6_c50204e0:43,union|44b6_c50204e0:43|111,0,oof_logistic_3feat,0.12999787154236536
44b6_c50204e0,44b6_c50204e0:43,union|44b6_c50204e0:43|112,0,oof_logistic_3feat,0.2594609646667815
44b6_c50204e0,44b6_c50204e0:43,union|44b6_c50204e0:43|113,0,oof_logistic_3feat,0.13131600102762336
44b6_c50204e0,44b6_c50204e0:43,union|44b6_c50204e0:43|114,0,oof_logistic_3feat,0.2152675182838408
44b6_c50204e0,44b6_c50204e0:43,union|44b6_c50204e0:43|115,0,oof_logistic_3feat,0.22662107944303803
44b6_c50204e0,44b6_c50204e0:43,union|44b6_c50204e0:43|116,0,oof_logistic_3feat,0.8821609399688038
44b6_c50204e0,44b6_c50204e0:43,union|44b6_c50204e0:43|117,0,oof_logistic_3feat,0.25841881574365844
44b6_c50204e0,44b6_c50204e0:43,union|44b6_c50204e0:43|118,0,oof_logistic_3feat,0.13257146178870427
44b6_c50204e0,44b6_c50204e0:43,union|44b6_c50204e0:43|119,0,oof_logistic_3feat,0.13200199508917462
44b6_c50204e0,44b6_c50204e0:43,union|44b6_c50204e0:43|120,0,oof_logistic_3feat,0.26093550531503634
44b6_c50204e0,44b6_c50204e0:43,union|44b6_c50204e0:43|121,0,oof_logistic_3feat,0.12903314900975538
44b6_c50204e0,44b6_c50204e0:43,union|44b6_c50204e0:43|122,0,oof_logistic_3feat,0.2154915675032091
44b6_c50204e0,44b6_c50204e0:43,union|44b6_c50204e0:43|123,0,oof_logistic_3feat,0.23188956590506976
44b6_c50204e0,44b6_c50204e0:43,union|44b6_c50204e0:43|124,0,oof_logistic_3feat,0.13163929024926405
44b6_c50204e0,44b6_c50204e0:43,union|44b6_c50204e0:43|125,0,oof_logistic_3feat,0.1207458268346391
44b6_c50204e0,44b6_c50204e0:43,union|44b6_c50204e0:43|126,0,oof_logistic_3feat,0.25854716457979
44b6_c50204e0,44b6_c50204e0:43,union|44b6_c50204e0:43|127,0,oof_logistic_3feat,0.12756457884648661
44b6_c50204e0,44b6_c50204e0:43,union|44b6_c50204e0:43|128,0,oof_logistic_3feat,0.12970960791713002
44b6_c50204e0,44b6_c50204e0:43,union|44b6_c50204e0:43|129,0,oof_logistic_3feat,0.25356870999326075
44b6_c50204e0,44b6_c50204e0:43,union|44b6_c50204e0:43|130,0,oof_logistic_3feat,0.1313550252763614
44b6_c50204e0,44b6_c50204e0:43,union|44b6_c50204e0:43|131,0,oof_logistic_3feat,0.26252805055109757
44b6_c50204e0,44b6_c50204e0:43,union|44b6_c50204e0:43|132,0,oof_logistic_3feat,0.12944762298134396
44b6_c50204e0,44b6_c50204e0:43,union|44b6_c50204e0:43|133,0,oof_logistic_3feat,0.13122491789285862
44b6_c50204e0,44b6_c50204e0:43,union|44b6_c50204e0:43|134,0,oof_logistic_3feat,0.12803980477763174
44b6_c50204e0,44b6_c50204e0:43,union|44b6_c50204e0:43|135,0,oof_logistic_3feat,0.12803980477763174
44b6_c50204e0,44b6_c50204e0:43,union|44b6_c50204e0:43|136,0,oof_logistic_3feat,0.06608524119086982
44b6_c50204e0,44b6_c50204e0:184,union|44b6_c50204e0:184|0,0,oof_logistic_3feat,0.13328583701254804
44b6_c50204e0,44b6_c50204e0:184,union|44b6_c50204e0:184|1,0,oof_logistic_3feat,0.13514833294423223
44b6_c50204e0,44b6_c50204e0:184,union|44b6_c50204e0:184|2,0,oof_logistic_3feat,0.13629045200087758
44b6_c50204e0,44b6_c50204e0:184,union|44b6_c50204e0:184|3,0,oof_logistic_3feat,0.13377910851765956
44b6_c50204e0,44b6_c50204e0:184,union|44b6_c50204e0:184|4,0,oof_logistic_3feat,0.13751449342853506
44b6_c50204e0,44b6_c50204e0:184,union|44b6_c50204e0:184|5,0,oof_logistic_3feat,0.13485691609357014
44b6_c50204e0,44b6_c50204e0:184,union|44b6_c50204e0:184|6,0,oof_logistic_3feat,0.1347041210093354
44b6_c50204e0,44b6_c50204e0:184,union|44b6_c50204e0:184|7,0,oof_logistic_3feat,0.13833776696209202
44b6_c50204e0,44b6_c50204e0:184,union|44b6_c50204e0:184|8,0,oof_logistic_3feat,0.13564232546251373
44b6_c50204e0,44b6_c50204e0:184,union|44b6_c50204e0:184|9,0,oof_logistic_3feat,0.13546801926195617
44b6_c50204e0,44b6_c50204e0:184,union|44b6_c50204e0:184|10,0,oof_logistic_3feat,0.13701607707102145
44b6_c50204e0,44b6_c50204e0:184,union|44b6_c50204e0:184|11,0,oof_logistic_3feat,0.13651667383627258
44b6_c50204e0,44b6_c50204e0:184,union|44b6_c50204e0:184|12,0,oof_logistic_3feat,0.13779841265834591
44b6_c50204e0,44b6_c50204e0:184,union|44b6_c50204e0:184|13,0,oof_logistic_3feat,0.152067307274774
44b6_c50204e0,44b6_c50204e0:184,union|44b6_c50204e0:184|14,0,oof_logistic_3feat,0.1564063643333584
44b6_c50204e0,44b6_c50204e0:184,union|44b6_c50204e0:184|15,0,oof_logistic_3feat,0.1539544029081186
44b6_c50204e0,44b6_c50204e0:184,union|44b6_c50204e0:184|16,0,oof_logistic_3feat,0.15598759439511148
44b6_c50204e0,44b6_c50204e0:184,union|44b6_c50204e0:184|17,0,oof_logistic_3feat,0.15189692830069887
44b6_c50204e0,44b6_c50204e0:184,union|44b6_c50204e0:184|18,0,oof_logistic_3feat,0.15214935443152902
44b6_c50204e0,44b6_c50204e0:184,union|44b6_c50204e0:184|19,0,oof_logistic_3feat,0.15520420589112977
44b6_c50204e0,44b6_c50204e0:184,union|44b6_c50204e0:184|20,0,oof_logistic_3feat,0.15511642624897834
44b6_c50204e0,44b6_c50204e0:184,union|44b6_c50204e0:184|21,0,oof_logistic_3feat,0.15373559778578882
44b6_c50204e0,44b6_c50204e0:184,union|44b6_c50204e0:184|22,0,oof_logistic_3feat,0.1579015118972085
44b6_c50204e0,44b6_c50204e0:184,union|44b6_c50204e0:184|23,0,oof_logistic_3feat,0.1570485884430393
44b6_c50204e0,44b6_c50204e0:184,union|44b6_c50204e0:184|24,0,oof_logistic_3feat,0.15725251671125157
44b6_c50204e0,44b6_c50204e0:184,union|44b6_c50204e0:184|25,0,oof_logistic_3feat,0.08122992034388087
44b6_c50204e0,44b6_c50204e0:184,union|44b6_c50204e0:184|26,0,oof_logistic_3feat,0.25815685993129195
44b6_c50204e0,44b6_c50204e0:184,union|44b6_c50204e0:184|27,0,oof_logistic_3feat,0.19420703822821445
44b6_c50204e0,44b6_c50204e0:184,union|44b6_c50204e0:184|28,0,oof_logistic_3feat,0.2558007098765188
44b6_c50204e0,44b6_c50204e0:184,union|44b6_c50204e0:184|29,0,oof_logistic_3feat,0.2567961852755214
44b6_c50204e0,44b6_c50204e0:184,union|44b6_c50204e0:184|30,0,oof_logistic_3feat,0.25452594283313634
44b6_c50204e0,44b6_c50204e0:184,union|44b6_c50204e0:184|31,0,oof_logistic_3feat,0.25552848951301316
44b6_c50204e0,44b6_c50204e0:184,union|44b6_c50204e0:184|32,0,oof_logistic_3feat,0.25137438705390597
44b6_c50204e0,44b6_c50204e0:184,union|44b6_c50204e0:184|33,0,oof_logistic_3feat,0.2570260657906157
44b6_c50204e0,44b6_c50204e0:184,union|44b6_c50204e0:184|34,0,oof_logistic_3feat,0.2605176519039961
44b6_c50204e0,44b6_c50204e0:184,union|44b6_c50204e0:184|35,0,oof_logistic_3feat,0.13237666530905673
44b6_c50204e0,44b6_c50204e0:184,union|44b6_c50204e0:184|36,0,oof_logistic_3feat,0.1951542246162247
44b6_c50204e0,44b6_c50204e0:184,union|44b6_c50204e0:184|37,0,oof_logistic_3feat,0.5473066732380878
44b6_c50204e0,44b6_c50204e0:184,union|44b6_c50204e0:184|38,0,oof_logistic_3feat,0.4157485548097056
44b6_c50204e0,44b6_c50204e0:184,union|44b6_c50204e0:184|39,0,oof_logistic_3feat,0.5518939967766204
44b6_c50204e0,44b6_c50204e0:184,union|44b6_c50204e0:184|40,0,oof_logistic_3feat,0.13510096739957075
44b6_c50204e0,44b6_c50204e0:184,union|44b6_c50204e0:184|41,0,oof_logistic_3feat,0.37186052204081266
44b6_c50204e0,44b6_c50204e0:184,union|44b6_c50204e0:184|42,0,oof_logistic_3feat,0.5522208194580511
44b6_c50204e0,44b6_c50204e0:184,union|44b6_c50204e0:184|43,0,oof_logistic_3feat,0.5534505779436489
44b6_c50204e0,44b6_c50204e0:184,union|44b6_c50204e0:184|44,0,oof_logistic_3feat,0.1252856997618235
44b6_c50204e0,44b6_c50204e0:184,union|44b6_c50204e0:184|45,0,oof_logistic_3feat,0.5501071396535266
44b6_c50204e0,44b6_c50204e0:184,union|44b6_c50204e0:184|46,0,oof_logistic_3feat,0.5545108520787982
44b6_c50204e0,44b6_c50204e0:184,union|44b6_c50204e0:184|47,0,oof_logistic_3feat,0.5550463148923579
44b6_c50204e0,44b6_c50204e0:184,union|44b6_c50204e0:184|48,0,oof_logistic_3feat,0.19016122402702007
44b6_c50204e0,44b6_c50204e0:184,union|44b6_c50204e0:184|49,0,oof_logistic_3feat,0.1911879094115671
44b6_c50204e0,44b6_c50204e0:184,union|44b6_c50204e0:184|50,0,oof_logistic_3feat,0.18773036529005954
44b6_c50204e0,44b6_c50204e0:184,union|44b6_c50204e0:184|51,0,oof_logistic_3feat,0.19093085004072224
44b6_c50204e0,44b6_c50204e0:184,union|44b6_c50204e0:184|52,0,oof_logistic_3feat,0.19023567955948104
44b6_c50204e0,44b6_c50204e0:184,union|44b6_c50204e0:184|53,0,oof_logistic_3feat,0.1906626312353366
44b6_c50204e0,44b6_c50204e0:184,union|44b6_c50204e0:184|54,0,oof_logistic_3feat,0.19425011407895812
44b6_c50204e0,44b6_c50204e0:184,union|44b6_c50204e0:184|55,0,oof_logistic_3feat,0.17707378483723923
44b6_c50204e0,44b6_c50204e0:184,union|44b6_c50204e0:184|56,0,oof_logistic_3feat,0.19511477796990562
44b6_c50204e0,44b6_c50204e0:184,union|44b6_c50204e0:184|57,0,oof_logistic_3feat,0.19538795409737184
44b6_c50204e0,44b6_c50204e0:184,union|44b6_c50204e0:184|58,0,oof_logistic_3feat,0.10166701124309932
44b6_c50204e0,44b6_c50204e0:184,union|44b6_c50204e0:184|59,0,oof_logistic_3feat,0.4141924596191154
44b6_c50204e0,44b6_c50204e0:184,union|44b6_c50204e0:184|60,0,oof_logistic_3feat,0.7237205981223441
44b6_c50204e0,44b6_c50204e0:184,union|44b6_c50204e0:184|61,0,oof_logistic_3feat,0.13764196451758648
44b6_c50204e0,44b6_c50204e0:184,union|44b6_c50204e0:184|62,0,oof_logistic_3feat,0.3656361308143506
44b6_c50204e0,44b6_c50204e0:184,union|44b6_c50204e0:184|63,0,oof_logistic_3feat,0.7244902593429935
44b6_c50204e0,44b6_c50204e0:184,union|44b6_c50204e0:184|64,0,oof_logistic_3feat,0.7289453927615624
44b6_c50204e0,44b6_c50204e0:184,union|44b6_c50204e0:184|65,0,oof_logistic_3feat,0.7237205981223441
44b6_c50204e0,44b6_c50204e0:184,union|44b6_c50204e0:184|66,0,oof_logistic_3feat,0.7281943190542919
44b6_c50204e0,44b6_c50204e0:184,union|44b6_c50204e0:184|67,0,oof_logistic_3feat,0.6000869574616654
44b6_c50204e0,44b6_c50204e0:184,union|44b6_c50204e0:184|68,0,oof_logistic_3feat,0.1313550252763614
44b6_c50204e0,44b6_c50204e0:184,union|44b6_c50204e0:184|69,0,oof_logistic_3feat,0.4154491752920416
44b6_c50204e0,44b6_c50204e0:184,union|44b6_c50204e0:184|70,0,oof_logistic_3feat,0.5597118993557623
44b6_c50204e0,44b6_c50204e0:184,union|44b6_c50204e0:184|71,0,oof_logistic_3feat,0.4043446425288195
44b6_c50204e0,44b6_c50204e0:184,union|44b6_c50204e0:184|72,0,oof_logistic_3feat,0.3681830847132409
44b6_c50204e0,44b6_c50204e0:184,union|44b6_c50204e0:184|73,0,oof_logistic_3feat,0.24496888562737218
44b6_c50204e0,44b6_c50204e0:184,union|44b6_c50204e0:184|74,0,oof_logistic_3feat,0.40570086107833564
44b6_c50204e0,44b6_c50204e0:184,union|44b6_c50204e0:184|75,0,oof_logistic_3feat,0.19412031161342647
44b6_c50204e0,44b6_c50204e0:184,union|44b6_c50204e0:184|76,0,oof_logistic_3feat,0.41245610515231007
44b6_c50204e0,44b6_c50204e0:184,union|44b6_c50204e0:184|77,0,oof_logistic_3feat,0.4133161153924084
44b6_c50204e0,44b6_c50204e0:184,union|44b6_c50204e0:184|78,0,oof_logistic_3feat,0.13226324207912246
44b6_c50204e0,44b6_c50204e0:184,union|44b6_c50204e0:184|79,0,oof_logistic_3feat,0.17807618217517482
44b6_c50204e0,44b6_c50204e0:184,union|44b6_c50204e0:184|80,0,oof_logistic_3feat,0.34455335897293526
44b6_c50204e0,44b6_c50204e0:184,union|44b6_c50204e0:184|81,0,oof_logistic_3feat,0.24798595318858735
44b6_c50204e0,44b6_c50204e0:184,union|44b6_c50204e0:184|82,0,oof_logistic_3feat,0.36531725389605957
44b6_c50204e0,44b6_c50204e0:184,union|44b6_c50204e0:184|83,0,oof_logistic_3feat,0.24668174241385873
44b6_c50204e0,44b6_c50204e0:184,union|44b6_c50204e0:184|84,0,oof_logistic_3feat,0.9128935303037671
44b6_c50204e0,44b6_c50204e0:184,union|44b6_c50204e0:184|85,0,oof_logistic_3feat,0.19407665547565844
44b6_c50204e0,44b6_c50204e0:184,union|44b6_c50204e0:184|86,0,oof_logistic_3feat,0.7941234134884921
44b6_c50204e0,44b6_c50204e0:184,union|44b6_c50204e0:184|87,0,oof_logistic_3feat,0.9150500417621674
44b6_c50204e0,44b6_c50204e0:184,union|44b6_c50204e0:184|88,0,oof_logistic_3feat,0.8089312371593206
44b6_c50204e0,44b6_c50204e0:184,union|44b6_c50204e0:184|89,0,oof_logistic_3feat,0.6040123448647507
44b6_c50204e0,44b6_c50204e0:184,union|44b6_c50204e0:184|90,0,oof_logistic_3feat,0.13119200378734047
44b6_c50204e0,44b6_c50204e0:184,union|44b6_c50204e0:184|91,0,oof_logistic_3feat,0.17843911455389075
44b6_c50204e0,44b6_c50204e0:184,union|44b6_c50204e0:184|92,0,oof_logistic_3feat,0.30829948165215326
44b6_c50204e0,44b6_c50204e0:184,union|44b6_c50204e0:184|93,0,oof_logistic_3feat,0.34412605935605856
44b6_c50204e0,44b6_c50204e0:184,union|44b6_c50204e0:184|94,0,oof_logistic_3feat,0.13827953770002843
44b6_c50204e0,44b6_c50204e0:184,union|44b6_c50204e0:184|95,0,oof_logistic_3feat,0.6643725673026628
44b6_c50204e0,44b6_c50204e0:184,union|44b6_c50204e0:184|96,0,oof_logistic_3feat,0.13851012308940186
44b6_c50204e0,44b6_c50204e0:184,union|44b6_c50204e0:184|97,0,oof_logistic_3feat,0.13816186215827336
44b6_c50204e0,44b6_c50204e0:184,union|44b6_c50204e0:184|98,0,oof_logistic_3feat,0.13651667383627258
44b6_c50204e0,44b6_c50204e0:184,union|44b6_c50204e0:184|99,0,oof_logistic_3feat,0.12134742016037352
44b6_c50204e0,44b6_c50204e0:184,union|44b6_c50204e0:184|100,0,oof_logistic_3feat,0.13564232546251373
44b6_c50204e0,44b6_c50204e0:184,union|44b6_c50204e0:184|101,0,oof_logistic_3feat,0.13559927166759575
44b6_c50204e0,44b6_c50204e0:184,union|44b6_c50204e0:184|102,0,oof_logistic_3feat,0.13776737138589654
44b6_c50204e0,44b6_c50204e0:184,union|44b6_c50204e0:184|103,0,oof_logistic_3feat,0.137118535487971
44b6_c50204e0,44b6_c50204e0:184,union|44b6_c50204e0:184|104,0,oof_logistic_3feat,0.13813218313203854
44b6_c50204e0,44b6_c50204e0:184,union|44b6_c50204e0:184|105,0,oof_logistic_3feat,0.3669001087011131
44b6_c50204e0,44b6_c50204e0:184,union|44b6_c50204e0:184|106,0,oof_logistic_3feat,0.37004592406633624
44b6_c50204e0,44b6_c50204e0:184,union|44b6_c50204e0:184|107,0,oof_logistic_3feat,0.37052209201514197
44b6_c50204e0,44b6_c50204e0:184,union|44b6_c50204e0:184|108,0,oof_logistic_3feat,0.12867379610922497
44b6_c50204e0,44b6_c50204e0:184,union|44b6_c50204e0:184|109,0,oof_logistic_3feat,0.1373520822007675
44b6_c50204e0,44b6_c50204e0:184,union|44b6_c50204e0:184|110,0,oof_logistic_3feat,0.21835429677058354
44b6_c50204e0,44b6_c50204e0:184,union|44b6_c50204e0:184|111,0,oof_logistic_3feat,0.24558734741862095
44b6_c50204e0,44b6_c50204e0:184,union|44b6_c50204e0:184|112,0,oof_logistic_3feat,0.1897722278441851
44b6_c50204e0,44b6_c50204e0:184,union|44b6_c50204e0:184|113,0,oof_logistic_3feat,0.24541647923312668
44b6_c50204e0,44b6_c50204e0:184,union|44b6_c50204e0:184|114,0,oof_logistic_3feat,0.24963835411738683
44b6_c50204e0,44b6_c50204e0:184,union|44b6_c50204e0:184|115,0,oof_logistic_3feat,0.25109354294111774
44b6_c50204e0,44b6_c50204e0:184,union|44b6_c50204e0:184|116,0,oof_logistic_3feat,0.17479320558345834
44b6_c50204e0,44b6_c50204e0:184,union|44b6_c50204e0:184|117,0,oof_logistic_3feat,0.24958480726423665
44b6_c50204e0,44b6_c50204e0:184,union|44b6_c50204e0:184|118,0,oof_logistic_3feat,0.24863153345564223
44b6_c50204e0,44b6_c50204e0:184,union|44b6_c50204e0:184|119,0,oof_logistic_3feat,0.13381434080379567
44b6_c50204e0,44b6_c50204e0:184,union|44b6_c50204e0:184|120,0,oof_logistic_3feat,0.19255558416635227
44b6_c50204e0,44b6_c50204e0:184,union|44b6_c50204e0:184|121,0,oof_logistic_3feat,0.792341713166704
44b6_c50204e0,44b6_c50204e0:184,union|44b6_c50204e0:184|122,1,oof_logistic_3feat,0.9815467109426166
44b6_c50204e0,44b6_c50204e0:184,union|44b6_c50204e0:184|123,0,oof_logistic_3feat,0.8070039805831734
44b6_c50204e0,44b6_c50204e0:184,union|44b6_c50204e0:184|124,0,oof_logistic_3feat,0.6023003484437891
44b6_c50204e0,44b6_c50204e0:184,union|44b6_c50204e0:184|125,0,oof_logistic_3feat,0.13099107965834977
44b6_c50204e0,44b6_c50204e0:184,union|44b6_c50204e0:184|126,0,oof_logistic_3feat,0.1765957570192313
44b6_c50204e0,44b6_c50204e0:184,union|44b6_c50204e0:184|127,0,oof_logistic_3feat,0.3054108779319627
44b6_c50204e0,44b6_c50204e0:184,union|44b6_c50204e0:184|128,0,oof_logistic_3feat,0.34121725031357525
44b6_c50204e0,44b6_c50204e0:184,union|44b6_c50204e0:184|129,0,oof_logistic_3feat,0.4138615716874903
44b6_c50204e0,44b6_c50204e0:184,union|44b6_c50204e0:184|130,0,oof_logistic_3feat,0.13728611337232852
44b6_c50204e0,44b6_c50204e0:184,union|44b6_c50204e0:184|131,0,oof_logistic_3feat,0.6614002186601652
44b6_c50204e0,44b6_c50204e0:184,union|44b6_c50204e0:184|132,0,oof_logistic_3feat,0.18773036529005954
44b6_c50204e0,44b6_c50204e0:184,union|44b6_c50204e0:184|133,0,oof_logistic_3feat,0.12615687166896072
44b6_c50204e0,44b6_c50204e0:184,union|44b6_c50204e0:184|134,0,oof_logistic_3feat,0.19315750848841598
44b6_c50204e0,44b6_c50204e0:184,union|44b6_c50204e0:184|135,0,oof_logistic_3feat,0.19291199207316898
44b6_c50204e0,44b6_c50204e0:184,union|44b6_c50204e0:184|136,0,oof_logistic_3feat,0.17466018916687018
44b6_c50204e0,44b6_c50204e0:184,union|44b6_c50204e0:184|137,0,oof_logistic_3feat,0.19073081522027094
44b6_c50204e0,44b6_c50204e0:184,union|44b6_c50204e0:184|138,0,oof_logistic_3feat,0.19353639997681138
44b6_c50204e0,44b6_c50204e0:184,union|44b6_c50204e0:184|139,0,oof_logistic_3feat,0.10090431558395963
44b6_c50204e0,44b6_c50204e0:184,union|44b6_c50204e0:184|140,0,oof_logistic_3feat,0.12472840512773099
44b6_c50204e0,44b6_c50204e0:184,union|44b6_c50204e0:184|141,0,oof_logistic_3feat,0.7920417460035463
44b6_c50204e0,44b6_c50204e0:184,union|44b6_c50204e0:184|142,0,oof_logistic_3feat,0.7922681403836348
44b6_c50204e0,44b6_c50204e0:184,union|44b6_c50204e0:184|143,0,oof_logistic_3feat,0.6050917288614605
44b6_c50204e0,44b6_c50204e0:184,union|44b6_c50204e0:184|144,0,oof_logistic_3feat,0.17492301301928295
44b6_c50204e0,44b6_c50204e0:184,union|44b6_c50204e0:184|145,0,oof_logistic_3feat,0.29998387199935417
44b6_c50204e0,44b6_c50204e0:184,union|44b6_c50204e0:184|146,0,oof_logistic_3feat,0.34167851307167146
44b6_c50204e0,44b6_c50204e0:184,union|44b6_c50204e0:184|147,0,oof_logistic_3feat,0.4143875524493391
44b6_c50204e0,44b6_c50204e0:184,union|44b6_c50204e0:184|148,0,oof_logistic_3feat,0.6431395707224252
44b6_c50204e0,44b6_c50204e0:184,union|44b6_c50204e0:184|149,0,oof_logistic_3feat,0.1241093252366174
44b6_c50204e0,44b6_c50204e0:184,union|44b6_c50204e0:184|150,0,oof_logistic_3feat,0.12304892246937096
44b6_c50204e0,44b6_c50204e0:184,union|44b6_c50204e0:184|151,0,oof_logistic_3feat,0.12588883512437174
44b6_c50204e0,44b6_c50204e0:184,union|44b6_c50204e0:184|152,0,oof_logistic_3feat,0.12423115384219824
44b6_c50204e0,44b6_c50204e0:184,union|44b6_c50204e0:184|153,0,oof_logistic_3feat,0.12551441242903955
44b6_c50204e0,44b6_c50204e0:184,union|44b6_c50204e0:184|154,0,oof_logistic_3feat,0.06421469015903897
44b6_c50204e0,44b6_c50204e0:184,union|44b6_c50204e0:184|155,0,oof_logistic_3feat,0.8029007532849666
44b6_c50204e0,44b6_c50204e0:184,union|44b6_c50204e0:184|156,0,oof_logistic_3feat,0.5968615671839841
44b6_c50204e0,44b6_c50204e0:184,union|44b6_c50204e0:184|157,0,oof_logistic_3feat,0.13145104147038794
44b6_c50204e0,44b6_c50204e0:184,union|44b6_c50204e0:184|158,0,oof_logistic_3feat,0.17743622534672945
44b6_c50204e0,44b6_c50204e0:184,union|44b6_c50204e0:184|159,0,oof_logistic_3feat,0.3022810374508891
44b6_c50204e0,44b6_c50204e0:184,union|44b6_c50204e0:184|160,0,oof_logistic_3feat,0.3413731526637843
44b6_c50204e0,44b6_c50204e0:184,union|44b6_c50204e0:184|161,0,oof_logistic_3feat,0.4082318124381083
44b6_c50204e0,44b6_c50204e0:184,union|44b6_c50204e0:184|162,0,oof_logistic_3feat,0.13673525017433907
44b6_c50204e0,44b6_c50204e0:184,union|44b6_c50204e0:184|163,0,oof_logistic_3feat,0.662225331889519
44b6_c50204e0,44b6_c50204e0:184,union|44b6_c50204e0:184|164,0,oof_logistic_3feat,0.5984613783348003
44b6_c50204e0,44b6_c50204e0:184,union|44b6_c50204e0:184|165,0,oof_logistic_3feat,0.17674236240218108
44b6_c50204e0,44b6_c50204e0:184,union|44b6_c50204e0:184|166,0,oof_logistic_3feat,0.2986036680934144
44b6_c50204e0,44b6_c50204e0:184,union|44b6_c50204e0:184|167,0,oof_logistic_3feat,0.34048595631123857
44b6_c50204e0,44b6_c50204e0:184,union|44b6_c50204e0:184|168,0,oof_logistic_3feat,0.4064183256209565
44b6_c50204e0,44b6_c50204e0:184,union|44b6_c50204e0:184|169,0,oof_logistic_3feat,0.137118535487971
44b6_c50204e0,44b6_c50204e0:184,union|44b6_c50204e0:184|170,0,oof_logistic_3feat,0.6610486320672219
44b6_c50204e0,44b6_c50204e0:184,union|44b6_c50204e0:184|171,0,oof_logistic_3feat,0.13007748548522552
44b6_c50204e0,44b6_c50204e0:184,union|44b6_c50204e0:184|172,0,oof_logistic_3feat,0.3068749156742844
44b6_c50204e0,44b6_c50204e0:184,union|44b6_c50204e0:184|173,0,oof_logistic_3feat,0.3440639398234318
44b6_c50204e0,44b6_c50204e0:184,union|44b6_c50204e0:184|174,0,oof_logistic_3feat,0.40522882912377384
44b6_c50204e0,44b6_c50204e0:184,union|44b6_c50204e0:184|175,0,oof_logistic_3feat,0.13524173191766195
44b6_c50204e0,44b6_c50204e0:184,union|44b6_c50204e0:184|176,0,oof_logistic_3feat,0.4162631590092821
44b6_c50204e0,44b6_c50204e0:184,union|44b6_c50204e0:184|177,0,oof_logistic_3feat,0.13163929024926405
44b6_c50204e0,44b6_c50204e0:184,union|44b6_c50204e0:184|178,0,oof_logistic_3feat,0.13115893008748858
44b6_c50204e0,44b6_c50204e0:184,union|44b6_c50204e0:184|179,0,oof_logistic_3feat,0.12822394103763304
44b6_c50204e0,44b6_c50204e0:184,union|44b6_c50204e0:184|180,0,oof_logistic_3feat,0.06648406557964827
44b6_c50204e0,44b6_c50204e0:184,union|44b6_c50204e0:184|181,0,oof_logistic_3feat,0.1745923986282531
44b6_c50204e0,44b6_c50204e0:184,union|44b6_c50204e0:184|182,0,oof_logistic_3feat,0.17325942616328374
44b6_c50204e0,44b6_c50204e0:184,union|44b6_c50204e0:184|183,0,oof_logistic_3feat,0.17871196937496023
44b6_c50204e0,44b6_c50204e0:184,union|44b6_c50204e0:184|184,0,oof_logistic_3feat,0.1380425027674438
44b6_c50204e0,44b6_c50204e0:184,union|44b6_c50204e0:184|185,0,oof_logistic_3feat,0.08986211657495409
44b6_c50204e0,44b6_c50204e0:184,union|44b6_c50204e0:184|186,0,oof_logistic_3feat,0.30194084391996007
44b6_c50204e0,44b6_c50204e0:184,union|44b6_c50204e0:184|187,0,oof_logistic_3feat,0.3034560321996478
44b6_c50204e0,44b6_c50204e0:184,union|44b6_c50204e0:184|188,0,oof_logistic_3feat,0.1384816340269701
44b6_c50204e0,44b6_c50204e0:184,union|44b6_c50204e0:184|189,0,oof_logistic_3feat,0.16907881874843272
44b6_c50204e0,44b6_c50204e0:184,union|44b6_c50204e0:184|190,0,oof_logistic_3feat,0.34065297266961664
44b6_c50204e0,44b6_c50204e0:184,union|44b6_c50204e0:184|191,0,oof_logistic_3feat,0.13510096739957075
44b6_c50204e0,44b6_c50204e0:184,union|44b6_c50204e0:184|192,0,oof_logistic_3feat,0.19104904101751416
44b6_c50204e0,44b6_c50204e0:184,union|44b6_c50204e0:184|193,0,oof_logistic_3feat,0.134652016750367
44b6_c50204e0,44b6_c50204e0:184,union|44b6_c50204e0:184|194,0,oof_logistic_3feat,0.2469005762635947
44b6_c50204e0,44b6_c50204e0:184,union|44b6_c50204e0:184|195,0,oof_logistic_3feat,0.06876535831501406
44b6_d5e7d891,44b6_d5e7d891:87,union|44b6_d5e7d891:87|0,0,oof_logistic_3feat,0.10415147987352076
44b6_d5e7d891,44b6_d5e7d891:87,union|44b6_d5e7d891:87|1,0,oof_logistic_3feat,0.10339010244880875
44b6_d5e7d891,44b6_d5e7d891:87,union|44b6_d5e7d891:87|2,0,oof_logistic_3feat,0.10308608224059251
44b6_d5e7d891,44b6_d5e7d891:87,union|44b6_d5e7d891:87|3,0,oof_logistic_3feat,0.10667316220438633
44b6_d5e7d891,44b6_d5e7d891:87,union|44b6_d5e7d891:87|4,0,oof_logistic_3feat,0.10550510047765749
44b6_d5e7d891,44b6_d5e7d891:87,union|44b6_d5e7d891:87|5,0,oof_logistic_3feat,0.1019193804859455
44b6_d5e7d891,44b6_d5e7d891:87,union|44b6_d5e7d891:87|6,0,oof_logistic_3feat,0.10439893793614691
44b6_d5e7d891,44b6_d5e7d891:87,union|44b6_d5e7d891:87|7,0,oof_logistic_3feat,0.10731508962141872
44b6_d5e7d891,44b6_d5e7d891:87,union|44b6_d5e7d891:87|8,0,oof_logistic_3feat,0.10597842785273584
44b6_d5e7d891,44b6_d5e7d891:87,union|44b6_d5e7d891:87|9,0,oof_logistic_3feat,0.10694914389380254
44b6_d5e7d891,44b6_d5e7d891:87,union|44b6_d5e7d891:87|10,0,oof_logistic_3feat,0.10772975144661823
44b6_d5e7d891,44b6_d5e7d891:87,union|44b6_d5e7d891:87|11,0,oof_logistic_3feat,0.053975298239601836
44b6_d5e7d891,44b6_d5e7d891:87,union|44b6_d5e7d891:87|12,0,oof_logistic_3feat,0.0526035956977083
44b6_d5e7d891,44b6_d5e7d891:87,union|44b6_d5e7d891:87|13,0,oof_logistic_3feat,0.104251769537202
44b6_d5e7d891,44b6_d5e7d891:87,union|44b6_d5e7d891:87|14,0,oof_logistic_3feat,0.1319435783104518
44b6_d5e7d891,44b6_d5e7d891:87,union|44b6_d5e7d891:87|15,0,oof_logistic_3feat,0.2262396135849794
44b6_d5e7d891,44b6_d5e7d891:87,union|44b6_d5e7d891:87|16,0,oof_logistic_3feat,0.6088426395332082
44b6_d5e7d891,44b6_d5e7d891:87,union|44b6_d5e7d891:87|17,0,oof_logistic_3feat,0.6120397028996294
44b6_d5e7d891,44b6_d5e7d891:87,union|44b6_d5e7d891:87|18,0,oof_logistic_3feat,0.6056568226420915
44b6_d5e7d891,44b6_d5e7d891:87,union|44b6_d5e7d891:87|19,0,oof_logistic_3feat,0.2598743107009703
44b6_d5e7d891,44b6_d5e7d891:87,union|44b6_d5e7d891:87|20,0,oof_logistic_3feat,0.3442633764601497
44b6_d5e7d891,44b6_d5e7d891:87,union|44b6_d5e7d891:87|21,0,oof_logistic_3feat,0.6120397028996294
44b6_d5e7d891,44b6_d5e7d891:87,union|44b6_d5e7d891:87|22,0,oof_logistic_3feat,0.615236224750466
44b6_d5e7d891,44b6_d5e7d891:87,union|44b6_d5e7d891:87|23,0,oof_logistic_3feat,0.16973956319669178
44b6_d5e7d891,44b6_d5e7d891:87,union|44b6_d5e7d891:87|24,0,oof_logistic_3feat,0.6166724635079681
44b6_d5e7d891,44b6_d5e7d891:87,union|44b6_d5e7d891:87|25,0,oof_logistic_3feat,0.6166724635079681
44b6_d5e7d891,44b6_d5e7d891:87,union|44b6_d5e7d891:87|26,0,oof_logistic_3feat,0.6204245619485868
44b6_d5e7d891,44b6_d5e7d891:87,union|44b6_d5e7d891:87|27,0,oof_logistic_3feat,0.43191723263999254
44b6_d5e7d891,44b6_d5e7d891:87,union|44b6_d5e7d891:87|28,0,oof_logistic_3feat,0.426978950850702
44b6_d5e7d891,44b6_d5e7d891:87,union|44b6_d5e7d891:87|29,0,oof_logistic_3feat,0.1269554771855101
44b6_d5e7d891,44b6_d5e7d891:87,union|44b6_d5e7d891:87|30,0,oof_logistic_3feat,0.1070839396191239
44b6_d5e7d891,44b6_d5e7d891:87,union|44b6_d5e7d891:87|31,0,oof_logistic_3feat,0.10247618449141868
44b6_d5e7d891,44b6_d5e7d891:87,union|44b6_d5e7d891:87|32,0,oof_logistic_3feat,0.10399752278264657
44b6_d5e7d891,44b6_d5e7d891:87,union|44b6_d5e7d891:87|33,0,oof_logistic_3feat,0.10399752278264657
44b6_d5e7d891,44b6_d5e7d891:87,union|44b6_d5e7d891:87|34,0,oof_logistic_3feat,0.10760406980281817
44b6_d5e7d891,44b6_d5e7d891:87,union|44b6_d5e7d891:87|35,0,oof_logistic_3feat,0.10612980024676469
44b6_d5e7d891,44b6_d5e7d891:87,union|44b6_d5e7d891:87|36,0,oof_logistic_3feat,0.10512822230150341
44b6_d5e7d891,44b6_d5e7d891:87,union|44b6_d5e7d891:87|37,0,oof_logistic_3feat,0.05371863700352729
44b6_d5e7d891,44b6_d5e7d891:87,union|44b6_d5e7d891:87|38,0,oof_logistic_3feat,0.05142475345499115
44b6_d5e7d891,44b6_d5e7d891:87,union|44b6_d5e7d891:87|39,0,oof_logistic_3feat,0.0528859210081882
44b6_d5e7d891,44b6_d5e7d891:87,union|44b6_d5e7d891:87|40,0,oof_logistic_3feat,0.13003632597649697
44b6_d5e7d891,44b6_d5e7d891:87,union|44b6_d5e7d891:87|41,0,oof_logistic_3feat,0.135476651143621
44b6_d5e7d891,44b6_d5e7d891:87,union|44b6_d5e7d891:87|42,0,oof_logistic_3feat,0.1297415560023117
44b6_d5e7d891,44b6_d5e7d891:87,union|44b6_d5e7d891:87|43,0,oof_logistic_3feat,0.13220870247115565
44b6_d5e7d891,44b6_d5e7d891:87,union|44b6_d5e7d891:87|44,0,oof_logistic_3feat,0.1305182408011535
44b6_d5e7d891,44b6_d5e7d891:87,union|44b6_d5e7d891:87|45,0,oof_logistic_3feat,0.1298167522762675
44b6_d5e7d891,44b6_d5e7d891:87,union|44b6_d5e7d891:87|46,0,oof_logistic_3feat,0.13328530815416728
44b6_d5e7d891,44b6_d5e7d891:87,union|44b6_d5e7d891:87|47,0,oof_logistic_3feat,0.13364721240994828
44b6_d5e7d891,44b6_d5e7d891:87,union|44b6_d5e7d891:87|48,0,oof_logistic_3feat,0.06880607445087485
44b6_d5e7d891,44b6_d5e7d891:87,union|44b6_d5e7d891:87|49,0,oof_logistic_3feat,0.06851418283147791
44b6_d5e7d891,44b6_d5e7d891:87,union|44b6_d5e7d891:87|50,0,oof_logistic_3feat,0.06882859343925345
44b6_d5e7d891,44b6_d5e7d891:87,union|44b6_d5e7d891:87|51,0,oof_logistic_3feat,0.22814671545691573
44b6_d5e7d891,44b6_d5e7d891:87,union|44b6_d5e7d891:87|52,0,oof_logistic_3feat,0.22695943673898136
44b6_d5e7d891,44b6_d5e7d891:87,union|44b6_d5e7d891:87|53,0,oof_logistic_3feat,0.21803601556965935
44b6_d5e7d891,44b6_d5e7d891:87,union|44b6_d5e7d891:87|54,0,oof_logistic_3feat,0.22814671545691573
44b6_d5e7d891,44b6_d5e7d891:87,union|44b6_d5e7d891:87|55,0,oof_logistic_3feat,0.23050551279393516
44b6_d5e7d891,44b6_d5e7d891:87,union|44b6_d5e7d891:87|56,0,oof_logistic_3feat,0.22174428031565072
44b6_d5e7d891,44b6_d5e7d891:87,union|44b6_d5e7d891:87|57,0,oof_logistic_3feat,0.2256478268403556
44b6_d5e7d891,44b6_d5e7d891:87,union|44b6_d5e7d891:87|58,0,oof_logistic_3feat,0.22842799971509897
44b6_d5e7d891,44b6_d5e7d891:87,union|44b6_d5e7d891:87|59,0,oof_logistic_3feat,0.2289745429471319
44b6_d5e7d891,44b6_d5e7d891:87,union|44b6_d5e7d891:87|60,0,oof_logistic_3feat,0.2313943734930993
44b6_d5e7d891,44b6_d5e7d891:87,union|44b6_d5e7d891:87|61,0,oof_logistic_3feat,0.12391206479341361
44b6_d5e7d891,44b6_d5e7d891:87,union|44b6_d5e7d891:87|62,0,oof_logistic_3feat,0.12030991231693007
44b6_d5e7d891,44b6_d5e7d891:87,union|44b6_d5e7d891:87|63,0,oof_logistic_3feat,0.6134442709800312
44b6_d5e7d891,44b6_d5e7d891:87,union|44b6_d5e7d891:87|64,0,oof_logistic_3feat,0.6065148139384361
44b6_d5e7d891,44b6_d5e7d891:87,union|44b6_d5e7d891:87|65,0,oof_logistic_3feat,0.347697410016172
44b6_d5e7d891,44b6_d5e7d891:87,union|44b6_d5e7d891:87|66,0,oof_logistic_3feat,0.6115386542421909
44b6_d5e7d891,44b6_d5e7d891:87,union|44b6_d5e7d891:87|67,0,oof_logistic_3feat,0.6204245619485868
44b6_d5e7d891,44b6_d5e7d891:87,union|44b6_d5e7d891:87|68,0,oof_logistic_3feat,0.16397648601751788
44b6_d5e7d891,44b6_d5e7d891:87,union|44b6_d5e7d891:87|69,0,oof_logistic_3feat,0.6099079133720182
44b6_d5e7d891,44b6_d5e7d891:87,union|44b6_d5e7d891:87|70,0,oof_logistic_3feat,0.6187604171198214
44b6_d5e7d891,44b6_d5e7d891:87,union|44b6_d5e7d891:87|71,0,oof_logistic_3feat,0.6185113417617218
44b6_d5e7d891,44b6_d5e7d891:87,union|44b6_d5e7d891:87|72,0,oof_logistic_3feat,0.17670579704114547
44b6_d5e7d891,44b6_d5e7d891:87,union|44b6_d5e7d891:87|73,0,oof_logistic_3feat,0.2517661239359553
44b6_d5e7d891,44b6_d5e7d891:87,union|44b6_d5e7d891:87|74,0,oof_logistic_3feat,0.4291778267735139
44b6_d5e7d891,44b6_d5e7d891:87,union|44b6_d5e7d891:87|75,0,oof_logistic_3feat,0.4195062473237453
44b6_d5e7d891,44b6_d5e7d891:87,union|44b6_d5e7d891:87|76,0,oof_logistic_3feat,0.052579205908022404
44b6_d5e7d891,44b6_d5e7d891:87,union|44b6_d5e7d891:87|77,0,oof_logistic_3feat,0.7213111909111242
44b6_d5e7d891,44b6_d5e7d891:87,union|44b6_d5e7d891:87|78,0,oof_logistic_3feat,0.25995088943756905
44b6_d5e7d891,44b6_d5e7d891:87,union|44b6_d5e7d891:87|79,0,oof_logistic_3feat,0.7008964855278174
44b6_d5e7d891,44b6_d5e7d891:87,union|44b6_d5e7d891:87|80,0,oof_logistic_3feat,0.7234180857524325
44b6_d5e7d891,44b6_d5e7d891:87,union|44b6_d5e7d891:87|81,0,oof_logistic_3feat,0.1697851024221743
44b6_d5e7d891,44b6_d5e7d891:87,union|44b6_d5e7d891:87|82,0,oof_logistic_3feat,0.7247837818109576
44b6_d5e7d891,44b6_d5e7d891:87,union|44b6_d5e7d891:87|83,0,oof_logistic_3feat,0.7259186261485155
44b6_d5e7d891,44b6_d5e7d891:87,union|44b6_d5e7d891:87|84,0,oof_logistic_3feat,0.37450852315994926
44b6_d5e7d891,44b6_d5e7d891:87,union|44b6_d5e7d891:87|85,0,oof_logistic_3feat,0.7287695323992917
44b6_d5e7d891,44b6_d5e7d891:87,union|44b6_d5e7d891:87|86,0,oof_logistic_3feat,0.17705207732439127
44b6_d5e7d891,44b6_d5e7d891:87,union|44b6_d5e7d891:87|87,0,oof_logistic_3feat,0.1345799605611683
44b6_d5e7d891,44b6_d5e7d891:87,union|44b6_d5e7d891:87|88,0,oof_logistic_3feat,0.5554468549647196
44b6_d5e7d891,44b6_d5e7d891:87,union|44b6_d5e7d891:87|89,0,oof_logistic_3feat,0.551429642294128
44b6_d5e7d891,44b6_d5e7d891:87,union|44b6_d5e7d891:87|90,0,oof_logistic_3feat,0.05369410778142299
44b6_d5e7d891,44b6_d5e7d891:87,union|44b6_d5e7d891:87|91,0,oof_logistic_3feat,0.2593271224736455
44b6_d5e7d891,44b6_d5e7d891:87,union|44b6_d5e7d891:87|92,0,oof_logistic_3feat,0.34415671538442644
44b6_d5e7d891,44b6_d5e7d891:87,union|44b6_d5e7d891:87|93,0,oof_logistic_3feat,0.691630275751152
44b6_d5e7d891,44b6_d5e7d891:87,union|44b6_d5e7d891:87|94,0,oof_logistic_3feat,0.7950992973421339
44b6_d5e7d891,44b6_d5e7d891:87,union|44b6_d5e7d891:87|95,0,oof_logistic_3feat,0.16648805924063648
44b6_d5e7d891,44b6_d5e7d891:87,union|44b6_d5e7d891:87|96,0,oof_logistic_3feat,0.8927052338859993
44b6_d5e7d891,44b6_d5e7d891:87,union|44b6_d5e7d891:87|97,1,oof_logistic_3feat,0.9670299857242918
44b6_d5e7d891,44b6_d5e7d891:87,union|44b6_d5e7d891:87|98,0,oof_logistic_3feat,0.37669182682560276
44b6_d5e7d891,44b6_d5e7d891:87,union|44b6_d5e7d891:87|99,0,oof_logistic_3feat,0.3222788775266074
44b6_d5e7d891,44b6_d5e7d891:87,union|44b6_d5e7d891:87|100,0,oof_logistic_3feat,0.9183016503327568
44b6_d5e7d891,44b6_d5e7d891:87,union|44b6_d5e7d891:87|101,0,oof_logistic_3feat,0.1762472840987756
44b6_d5e7d891,44b6_d5e7d891:87,union|44b6_d5e7d891:87|102,0,oof_logistic_3feat,0.25066230816029955
44b6_d5e7d891,44b6_d5e7d891:87,union|44b6_d5e7d891:87|103,0,oof_logistic_3feat,0.1355141166735179
44b6_d5e7d891,44b6_d5e7d891:87,union|44b6_d5e7d891:87|104,0,oof_logistic_3feat,0.9679695529869524
44b6_d5e7d891,44b6_d5e7d891:87,union|44b6_d5e7d891:87|105,0,oof_logistic_3feat,0.7926954388809329
44b6_d5e7d891,44b6_d5e7d891:87,union|44b6_d5e7d891:87|106,0,oof_logistic_3feat,0.053249806730121446
44b6_d5e7d891,44b6_d5e7d891:87,union|44b6_d5e7d891:87|107,0,oof_logistic_3feat,0.12576121444435148
44b6_d5e7d891,44b6_d5e7d891:87,union|44b6_d5e7d891:87|108,0,oof_logistic_3feat,0.26084181362542164
44b6_d5e7d891,44b6_d5e7d891:87,union|44b6_d5e7d891:87|109,0,oof_logistic_3feat,0.26326379742756445
44b6_d5e7d891,44b6_d5e7d891:87,union|44b6_d5e7d891:87|110,0,oof_logistic_3feat,0.2508674375623516
44b6_d5e7d891,44b6_d5e7d891:87,union|44b6_d5e7d891:87|111,0,oof_logistic_3feat,0.255253172178388
44b6_d5e7d891,44b6_d5e7d891:87,union|44b6_d5e7d891:87|112,0,oof_logistic_3feat,0.2572716728092887
44b6_d5e7d891,44b6_d5e7d891:87,union|44b6_d5e7d891:87|113,0,oof_logistic_3feat,0.25884134441735035
44b6_d5e7d891,44b6_d5e7d891:87,union|44b6_d5e7d891:87|114,0,oof_logistic_3feat,0.26175527493125966
44b6_d5e7d891,44b6_d5e7d891:87,union|44b6_d5e7d891:87|115,0,oof_logistic_3feat,0.14311755425977846
44b6_d5e7d891,44b6_d5e7d891:87,union|44b6_d5e7d891:87|116,0,oof_logistic_3feat,0.12166554179177227
44b6_d5e7d891,44b6_d5e7d891:87,union|44b6_d5e7d891:87|117,0,oof_logistic_3feat,0.33624855602210685
44b6_d5e7d891,44b6_d5e7d891:87,union|44b6_d5e7d891:87|118,0,oof_logistic_3feat,0.3490344749086423
44b6_d5e7d891,44b6_d5e7d891:87,union|44b6_d5e7d891:87|119,0,oof_logistic_3feat,0.3509616288303324
44b6_d5e7d891,44b6_d5e7d891:87,union|44b6_d5e7d891:87|120,0,oof_logistic_3feat,0.34597277826367684
44b6_d5e7d891,44b6_d5e7d891:87,union|44b6_d5e7d891:87|121,0,oof_logistic_3feat,0.3181196063990693
44b6_d5e7d891,44b6_d5e7d891:87,union|44b6_d5e7d891:87|122,0,oof_logistic_3feat,0.3480404917887647
44b6_d5e7d891,44b6_d5e7d891:87,union|44b6_d5e7d891:87|123,0,oof_logistic_3feat,0.25195397121280144
44b6_d5e7d891,44b6_d5e7d891:87,union|44b6_d5e7d891:87|124,0,oof_logistic_3feat,0.2006160252433394
44b6_d5e7d891,44b6_d5e7d891:87,union|44b6_d5e7d891:87|125,0,oof_logistic_3feat,0.20249847827396056
44b6_d5e7d891,44b6_d5e7d891:87,union|44b6_d5e7d891:87|126,0,oof_logistic_3feat,0.12363193681021298
44b6_d5e7d891,44b6_d5e7d891:87,union|44b6_d5e7d891:87|127,0,oof_logistic_3feat,0.6998500907543689
44b6_d5e7d891,44b6_d5e7d891:87,union|44b6_d5e7d891:87|128,0,oof_logistic_3feat,0.16683953028447795
44b6_d5e7d891,44b6_d5e7d891:87,union|44b6_d5e7d891:87|129,0,oof_logistic_3feat,0.696090174241235
44b6_d5e7d891,44b6_d5e7d891:87,union|44b6_d5e7d891:87|130,0,oof_logistic_3feat,0.696090174241235
44b6_d5e7d891,44b6_d5e7d891:87,union|44b6_d5e7d891:87|131,0,oof_logistic_3feat,0.3199769647864879
44b6_d5e7d891,44b6_d5e7d891:87,union|44b6_d5e7d891:87|132,0,oof_logistic_3feat,0.6959996290375412
44b6_d5e7d891,44b6_d5e7d891:87,union|44b6_d5e7d891:87|133,0,oof_logistic_3feat,0.24851238097686906
44b6_d5e7d891,44b6_d5e7d891:87,union|44b6_d5e7d891:87|134,0,oof_logistic_3feat,0.5173378647798561
44b6_d5e7d891,44b6_d5e7d891:87,union|44b6_d5e7d891:87|135,0,oof_logistic_3feat,0.5182103930752958
44b6_d5e7d891,44b6_d5e7d891:87,union|44b6_d5e7d891:87|136,0,oof_logistic_3feat,0.054166118105789335
44b6_d5e7d891,44b6_d5e7d891:87,union|44b6_d5e7d891:87|137,0,oof_logistic_3feat,0.12538621839662115
44b6_d5e7d891,44b6_d5e7d891:87,union|44b6_d5e7d891:87|138,0,oof_logistic_3feat,0.7991141134660524
44b6_d5e7d891,44b6_d5e7d891:87,union|44b6_d5e7d891:87|139,0,oof_logistic_3feat,0.7910032909654697
44b6_d5e7d891,44b6_d5e7d891:87,union|44b6_d5e7d891:87|140,0,oof_logistic_3feat,0.36668083376533733
44b6_d5e7d891,44b6_d5e7d891:87,union|44b6_d5e7d891:87|141,0,oof_logistic_3feat,0.3184125840623899
44b6_d5e7d891,44b6_d5e7d891:87,union|44b6_d5e7d891:87|142,0,oof_logistic_3feat,0.796288717811494
44b6_d5e7d891,44b6_d5e7d891:87,union|44b6_d5e7d891:87|143,0,oof_logistic_3feat,0.13351309001631953
44b6_d5e7d891,44b6_d5e7d891:87,union|44b6_d5e7d891:87|144,0,oof_logistic_3feat,0.647627366632887
44b6_d5e7d891,44b6_d5e7d891:87,union|44b6_d5e7d891:87|145,0,oof_logistic_3feat,0.6521168604625245
44b6_d5e7d891,44b6_d5e7d891:87,union|44b6_d5e7d891:87|146,0,oof_logistic_3feat,0.12256091806481573
44b6_d5e7d891,44b6_d5e7d891:87,union|44b6_d5e7d891:87|147,0,oof_logistic_3feat,0.16207434986271435
44b6_d5e7d891,44b6_d5e7d891:87,union|44b6_d5e7d891:87|148,0,oof_logistic_3feat,0.16734626059911314
44b6_d5e7d891,44b6_d5e7d891:87,union|44b6_d5e7d891:87|149,0,oof_logistic_3feat,0.16436188754511954
44b6_d5e7d891,44b6_d5e7d891:87,union|44b6_d5e7d891:87|150,0,oof_logistic_3feat,0.16494250607311417
44b6_d5e7d891,44b6_d5e7d891:87,union|44b6_d5e7d891:87|151,0,oof_logistic_3feat,0.08560939154877259
44b6_d5e7d891,44b6_d5e7d891:87,union|44b6_d5e7d891:87|152,0,oof_logistic_3feat,0.08407321715978897
44b6_d5e7d891,44b6_d5e7d891:87,union|44b6_d5e7d891:87|153,0,oof_logistic_3feat,0.05091307588854418
44b6_d5e7d891,44b6_d5e7d891:87,union|44b6_d5e7d891:87|154,0,oof_logistic_3feat,0.894431589261939
44b6_d5e7d891,44b6_d5e7d891:87,union|44b6_d5e7d891:87|155,0,oof_logistic_3feat,0.3772013443411732
44b6_d5e7d891,44b6_d5e7d891:87,union|44b6_d5e7d891:87|156,0,oof_logistic_3feat,0.3243358674109873
44b6_d5e7d891,44b6_d5e7d891:87,union|44b6_d5e7d891:87|157,0,oof_logistic_3feat,0.8929993183038318
44b6_d5e7d891,44b6_d5e7d891:87,union|44b6_d5e7d891:87|158,0,oof_logistic_3feat,0.16969637882561597
44b6_d5e7d891,44b6_d5e7d891:87,union|44b6_d5e7d891:87|159,0,oof_logistic_3feat,0.24540203627746612
44b6_d5e7d891,44b6_d5e7d891:87,union|44b6_d5e7d891:87|160,0,oof_logistic_3feat,0.13281225646135333
44b6_d5e7d891,44b6_d5e7d891:87,union|44b6_d5e7d891:87|161,0,oof_logistic_3feat,0.7948242410387835
44b6_d5e7d891,44b6_d5e7d891:87,union|44b6_d5e7d891:87|162,0,oof_logistic_3feat,0.7909182996054253
44b6_d5e7d891,44b6_d5e7d891:87,union|44b6_d5e7d891:87|163,0,oof_logistic_3feat,0.05112400148137654
44b6_d5e7d891,44b6_d5e7d891:87,union|44b6_d5e7d891:87|164,0,oof_logistic_3feat,0.36614122947357913
44b6_d5e7d891,44b6_d5e7d891:87,union|44b6_d5e7d891:87|165,0,oof_logistic_3feat,0.3128411786996021
44b6_d5e7d891,44b6_d5e7d891:87,union|44b6_d5e7d891:87|166,0,oof_logistic_3feat,0.9159550101910534
44b6_d5e7d891,44b6_d5e7d891:87,union|44b6_d5e7d891:87|167,0,oof_logistic_3feat,0.17571832746478705
44b6_d5e7d891,44b6_d5e7d891:87,union|44b6_d5e7d891:87|168,0,oof_logistic_3feat,0.24851238097686906
44b6_d5e7d891,44b6_d5e7d891:87,union|44b6_d5e7d891:87|169,0,oof_logistic_3feat,0.13155650976235864
44b6_d5e7d891,44b6_d5e7d891:87,union|44b6_d5e7d891:87|170,0,oof_logistic_3feat,0.9313722092853519
44b6_d5e7d891,44b6_d5e7d891:87,union|44b6_d5e7d891:87|171,0,oof_logistic_3feat,0.7989003614885317
44b6_d5e7d891,44b6_d5e7d891:87,union|44b6_d5e7d891:87|172,0,oof_logistic_3feat,0.12149520279140796
44b6_d5e7d891,44b6_d5e7d891:87,union|44b6_d5e7d891:87|173,0,oof_logistic_3feat,0.3181196063990693
44b6_d5e7d891,44b6_d5e7d891:87,union|44b6_d5e7d891:87|174,0,oof_logistic_3feat,0.37022126012198997
44b6_d5e7d891,44b6_d5e7d891:87,union|44b6_d5e7d891:87|175,0,oof_logistic_3feat,0.1769540143406848
44b6_d5e7d891,44b6_d5e7d891:87,union|44b6_d5e7d891:87|176,0,oof_logistic_3feat,0.1297415560023117
44b6_d5e7d891,44b6_d5e7d891:87,union|44b6_d5e7d891:87|177,0,oof_logistic_3feat,0.21792594732211668
44b6_d5e7d891,44b6_d5e7d891:87,union|44b6_d5e7d891:87|178,0,oof_logistic_3feat,0.22379878158438513
44b6_d5e7d891,44b6_d5e7d891:87,union|44b6_d5e7d891:87|179,0,oof_logistic_3feat,0.12383216301337005
44b6_d5e7d891,44b6_d5e7d891:87,union|44b6_d5e7d891:87|180,0,oof_logistic_3feat,0.3144000909968336
44b6_d5e7d891,44b6_d5e7d891:87,union|44b6_d5e7d891:87|181,0,oof_logistic_3feat,0.24881710011339037
44b6_d5e7d891,44b6_d5e7d891:87,union|44b6_d5e7d891:87|182,0,oof_logistic_3feat,0.13433371831005342
44b6_d5e7d891,44b6_d5e7d891:87,union|44b6_d5e7d891:87|183,0,oof_logistic_3feat,0.17963068219345005
44b6_d5e7d891,44b6_d5e7d891:87,union|44b6_d5e7d891:87|184,0,oof_logistic_3feat,0.11985262123592734
44b6_d5e7d891,44b6_d5e7d891:87,union|44b6_d5e7d891:87|185,0,oof_logistic_3feat,0.17180164641793758
44b6_d5e7d891,44b6_d5e7d891:87,union|44b6_d5e7d891:87|186,0,oof_logistic_3feat,0.24256954633362235
44b6_d5e7d891,44b6_d5e7d891:87,union|44b6_d5e7d891:87|187,0,oof_logistic_3feat,0.13024768795453623
44b6_d5e7d891,44b6_d5e7d891:87,union|44b6_d5e7d891:87|188,0,oof_logistic_3feat,0.8350579773522492
44b6_d5e7d891,44b6_d5e7d891:87,union|44b6_d5e7d891:87|189,0,oof_logistic_3feat,0.798029738319005
44b6_d5e7d891,44b6_d5e7d891:87,union|44b6_d5e7d891:87|190,0,oof_logistic_3feat,0.05338850190221637
44b6_d5e7d891,44b6_d5e7d891:87,union|44b6_d5e7d891:87|191,0,oof_logistic_3feat,0.12402693843442443
44b6_d5e7d891,44b6_d5e7d891:87,union|44b6_d5e7d891:87|192,0,oof_logistic_3feat,0.17105125448976852
44b6_d5e7d891,44b6_d5e7d891:87,union|44b6_d5e7d891:87|193,0,oof_logistic_3feat,0.13108759838701958
44b6_d5e7d891,44b6_d5e7d891:87,union|44b6_d5e7d891:87|194,0,oof_logistic_3feat,0.08876279861932684
44b6_d5e7d891,44b6_d5e7d891:87,union|44b6_d5e7d891:87|195,0,oof_logistic_3feat,0.08981684532530848
44b6_d5e7d891,44b6_d5e7d891:87,union|44b6_d5e7d891:87|196,0,oof_logistic_3feat,0.05151303489485529
44b6_d5e7d891,44b6_d5e7d891:87,union|44b6_d5e7d891:87|197,0,oof_logistic_3feat,0.1333770769150527
44b6_d5e7d891,44b6_d5e7d891:87,union|44b6_d5e7d891:87|198,0,oof_logistic_3feat,0.13174743345263001
44b6_d5e7d891,44b6_d5e7d891:87,union|44b6_d5e7d891:87|199,0,oof_logistic_3feat,0.13523755856128677
44b6_d5e7d891,44b6_d5e7d891:87,union|44b6_d5e7d891:87|200,0,oof_logistic_3feat,0.0529269588754823
44b6_d5e7d891,44b6_d5e7d891:87,union|44b6_d5e7d891:87|201,0,oof_logistic_3feat,0.06636436407078025
44b6_d5e7d891,44b6_d5e7d891:87,union|44b6_d5e7d891:87|202,0,oof_logistic_3feat,0.06852813167475151
44b6_d5e7d891,44b6_d5e7d891:87,union|44b6_d5e7d891:87|203,0,oof_logistic_3feat,0.05404428361398436
44b6_d5e7d891,44b6_d5e7d891:87,union|44b6_d5e7d891:87|204,0,oof_logistic_3feat,0.6467239748389315
44b6_d5e7d891,44b6_d5e7d891:87,union|44b6_d5e7d891:87|205,0,oof_logistic_3feat,0.025585632664284246
44b6_d5e7d891,44b6_d5e7d891:87,union|44b6_d5e7d891:87|206,0,oof_logistic_3feat,0.06301927072592052
44b6_d5e7d891,44b6_d5e7d891:87,union|44b6_d5e7d891:87|207,0,oof_logistic_3feat,0.025033941953179723
44b6_d5e7d891,44b6_d5e7d891:455,union|44b6_d5e7d891:455|0,0,oof_logistic_3feat,0.15030864096133925
44b6_d5e7d891,44b6_d5e7d891:455,union|44b6_d5e7d891:455|1,0,oof_logistic_3feat,0.14974398256769159
44b6_d5e7d891,44b6_d5e7d891:455,union|44b6_d5e7d891:455|2,0,oof_logistic_3feat,0.14617462973283668
44b6_d5e7d891,44b6_d5e7d891:455,union|44b6_d5e7d891:455|3,0,oof_logistic_3feat,0.14879903034880226
44b6_d5e7d891,44b6_d5e7d891:455,union|44b6_d5e7d891:455|4,0,oof_logistic_3feat,0.14967017994249388
44b6_d5e7d891,44b6_d5e7d891:455,union|44b6_d5e7d891:455|5,0,oof_logistic_3feat,0.15224187386116728
44b6_d5e7d891,44b6_d5e7d891:455,union|44b6_d5e7d891:455|6,0,oof_logistic_3feat,0.15403903796158755
44b6_d5e7d891,44b6_d5e7d891:455,union|44b6_d5e7d891:455|7,0,oof_logistic_3feat,0.15156545588158005
44b6_d5e7d891,44b6_d5e7d891:455,union|44b6_d5e7d891:455|8,0,oof_logistic_3feat,0.15361631449070412
44b6_d5e7d891,44b6_d5e7d891:455,union|44b6_d5e7d891:455|9,0,oof_logistic_3feat,0.07843522293740053
44b6_d5e7d891,44b6_d5e7d891:455,union|44b6_d5e7d891:455|10,0,oof_logistic_3feat,0.07837855722754634
44b6_d5e7d891,44b6_d5e7d891:455,union|44b6_d5e7d891:455|11,0,oof_logistic_3feat,0.07796181525128824
44b6_d5e7d891,44b6_d5e7d891:455,union|44b6_d5e7d891:455|12,0,oof_logistic_3feat,0.2178079053725055
44b6_d5e7d891,44b6_d5e7d891:455,union|44b6_d5e7d891:455|13,0,oof_logistic_3feat,0.21488721060794158
44b6_d5e7d891,44b6_d5e7d891:455,union|44b6_d5e7d891:455|14,0,oof_logistic_3feat,0.2211222069389175
44b6_d5e7d891,44b6_d5e7d891:455,union|44b6_d5e7d891:455|15,0,oof_logistic_3feat,0.221179444062737
44b6_d5e7d891,44b6_d5e7d891:455,union|44b6_d5e7d891:455|16,0,oof_logistic_3feat,0.21507205405374416
44b6_d5e7d891,44b6_d5e7d891:455,union|44b6_d5e7d891:455|17,0,oof_logistic_3feat,0.21507205405374416
44b6_d5e7d891,44b6_d5e7d891:455,union|44b6_d5e7d891:455|18,0,oof_logistic_3feat,0.18157214551858414
44b6_d5e7d891,44b6_d5e7d891:455,union|44b6_d5e7d891:455|19,0,oof_logistic_3feat,0.2169147122245912
44b6_d5e7d891,44b6_d5e7d891:455,union|44b6_d5e7d891:455|20,0,oof_logistic_3feat,0.2191076862172485
44b6_d5e7d891,44b6_d5e7d891:455,union|44b6_d5e7d891:455|21,0,oof_logistic_3feat,0.22035935988515873
44b6_d5e7d891,44b6_d5e7d891:455,union|44b6_d5e7d891:455|22,0,oof_logistic_3feat,0.10672056180619957
44b6_d5e7d891,44b6_d5e7d891:455,union|44b6_d5e7d891:455|23,0,oof_logistic_3feat,0.1132578402450006
44b6_d5e7d891,44b6_d5e7d891:455,union|44b6_d5e7d891:455|24,0,oof_logistic_3feat,0.11272787844561186
44b6_d5e7d891,44b6_d5e7d891:455,union|44b6_d5e7d891:455|25,0,oof_logistic_3feat,0.4146100228398555
44b6_d5e7d891,44b6_d5e7d891:455,union|44b6_d5e7d891:455|26,0,oof_logistic_3feat,0.23285121279441987
44b6_d5e7d891,44b6_d5e7d891:455,union|44b6_d5e7d891:455|27,0,oof_logistic_3feat,0.4139213493917284
44b6_d5e7d891,44b6_d5e7d891:455,union|44b6_d5e7d891:455|28,0,oof_logistic_3feat,0.28423412169092327
44b6_d5e7d891,44b6_d5e7d891:455,union|44b6_d5e7d891:455|29,0,oof_logistic_3feat,0.41707149906685226
44b6_d5e7d891,44b6_d5e7d891:455,union|44b6_d5e7d891:455|30,0,oof_logistic_3feat,0.41795630769614717
44b6_d5e7d891,44b6_d5e7d891:455,union|44b6_d5e7d891:455|31,0,oof_logistic_3feat,0.15777322996749743
44b6_d5e7d891,44b6_d5e7d891:455,union|44b6_d5e7d891:455|32,0,oof_logistic_3feat,0.4157686310881954
44b6_d5e7d891,44b6_d5e7d891:455,union|44b6_d5e7d891:455|33,0,oof_logistic_3feat,0.4202758433097074
44b6_d5e7d891,44b6_d5e7d891:455,union|44b6_d5e7d891:455|34,0,oof_logistic_3feat,0.42111115634405955
44b6_d5e7d891,44b6_d5e7d891:455,union|44b6_d5e7d891:455|35,0,oof_logistic_3feat,0.11270908036730073
44b6_d5e7d891,44b6_d5e7d891:455,union|44b6_d5e7d891:455|36,0,oof_logistic_3feat,0.25072765969633365
44b6_d5e7d891,44b6_d5e7d891:455,union|44b6_d5e7d891:455|37,0,oof_logistic_3feat,0.2500529724677293
44b6_d5e7d891,44b6_d5e7d891:455,union|44b6_d5e7d891:455|38,0,oof_logistic_3feat,0.23260805789224592
44b6_d5e7d891,44b6_d5e7d891:455,union|44b6_d5e7d891:455|39,0,oof_logistic_3feat,0.5576041700856631
44b6_d5e7d891,44b6_d5e7d891:455,union|44b6_d5e7d891:455|40,0,oof_logistic_3feat,0.2787513086021547
44b6_d5e7d891,44b6_d5e7d891:455,union|44b6_d5e7d891:455|41,0,oof_logistic_3feat,0.7121137867602801
44b6_d5e7d891,44b6_d5e7d891:455,union|44b6_d5e7d891:455|42,0,oof_logistic_3feat,0.7062163303292879
44b6_d5e7d891,44b6_d5e7d891:455,union|44b6_d5e7d891:455|43,0,oof_logistic_3feat,0.365247148081035
44b6_d5e7d891,44b6_d5e7d891:455,union|44b6_d5e7d891:455|44,0,oof_logistic_3feat,0.7102176599487181
44b6_d5e7d891,44b6_d5e7d891:455,union|44b6_d5e7d891:455|45,0,oof_logistic_3feat,0.7140931548555282
44b6_d5e7d891,44b6_d5e7d891:455,union|44b6_d5e7d891:455|46,0,oof_logistic_3feat,0.1115112396567125
44b6_d5e7d891,44b6_d5e7d891:455,union|44b6_d5e7d891:455|47,0,oof_logistic_3feat,0.5170185061730663
44b6_d5e7d891,44b6_d5e7d891:455,union|44b6_d5e7d891:455|48,0,oof_logistic_3feat,0.2926160455978033
44b6_d5e7d891,44b6_d5e7d891:455,union|44b6_d5e7d891:455|49,0,oof_logistic_3feat,0.4550317429040542
44b6_d5e7d891,44b6_d5e7d891:455,union|44b6_d5e7d891:455|50,0,oof_logistic_3feat,0.22786633394448585
44b6_d5e7d891,44b6_d5e7d891:455,union|44b6_d5e7d891:455|51,0,oof_logistic_3feat,0.2330874845632997
44b6_d5e7d891,44b6_d5e7d891:455,union|44b6_d5e7d891:455|52,0,oof_logistic_3feat,0.24170026783180915
44b6_d5e7d891,44b6_d5e7d891:455,union|44b6_d5e7d891:455|53,0,oof_logistic_3feat,0.23799805321776688
44b6_d5e7d891,44b6_d5e7d891:455,union|44b6_d5e7d891:455|54,0,oof_logistic_3feat,0.16239637988718417
44b6_d5e7d891,44b6_d5e7d891:455,union|44b6_d5e7d891:455|55,0,oof_logistic_3feat,0.23761912070164387
44b6_d5e7d891,44b6_d5e7d891:455,union|44b6_d5e7d891:455|56,0,oof_logistic_3feat,0.23746455461222502
44b6_d5e7d891,44b6_d5e7d891:455,union|44b6_d5e7d891:455|57,0,oof_logistic_3feat,0.13025350726417656
44b6_d5e7d891,44b6_d5e7d891:455,union|44b6_d5e7d891:455|58,0,oof_logistic_3feat,0.1300364491001937
44b6_d5e7d891,44b6_d5e7d891:455,union|44b6_d5e7d891:455|59,0,oof_logistic_3feat,0.1290695093766107
44b6_d5e7d891,44b6_d5e7d891:455,union|44b6_d5e7d891:455|60,0,oof_logistic_3feat,0.2739214627201034
44b6_d5e7d891,44b6_d5e7d891:455,union|44b6_d5e7d891:455|61,0,oof_logistic_3feat,0.5692631373157689
44b6_d5e7d891,44b6_d5e7d891:455,union|44b6_d5e7d891:455|62,0,oof_logistic_3feat,0.5629998895549485
44b6_d5e7d891,44b6_d5e7d891:455,union|44b6_d5e7d891:455|63,0,oof_logistic_3feat,0.16217674312028485
44b6_d5e7d891,44b6_d5e7d891:455,union|44b6_d5e7d891:455|64,0,oof_logistic_3feat,0.5624006671019419
44b6_d5e7d891,44b6_d5e7d891:455,union|44b6_d5e7d891:455|65,0,oof_logistic_3feat,0.5613887894961542
44b6_d5e7d891,44b6_d5e7d891:455,union|44b6_d5e7d891:455|66,0,oof_logistic_3feat,0.5697601301201523
44b6_d5e7d891,44b6_d5e7d891:455,union|44b6_d5e7d891:455|67,0,oof_logistic_3feat,0.3636354518967545
44b6_d5e7d891,44b6_d5e7d891:455,union|44b6_d5e7d891:455|68,0,oof_logistic_3feat,0.3839022664312761
44b6_d5e7d891,44b6_d5e7d891:455,union|44b6_d5e7d891:455|69,0,oof_logistic_3feat,0.29713905221245945
44b6_d5e7d891,44b6_d5e7d891:455,union|44b6_d5e7d891:455|70,0,oof_logistic_3feat,0.3776713230579054
44b6_d5e7d891,44b6_d5e7d891:455,union|44b6_d5e7d891:455|71,0,oof_logistic_3feat,0.2816606868842419
44b6_d5e7d891,44b6_d5e7d891:455,union|44b6_d5e7d891:455|72,0,oof_logistic_3feat,0.28226020525741363
44b6_d5e7d891,44b6_d5e7d891:455,union|44b6_d5e7d891:455|73,0,oof_logistic_3feat,0.2794910547079105
44b6_d5e7d891,44b6_d5e7d891:455,union|44b6_d5e7d891:455|74,0,oof_logistic_3feat,0.28299842092150185
44b6_d5e7d891,44b6_d5e7d891:455,union|44b6_d5e7d891:455|75,0,oof_logistic_3feat,0.15281940941932345
44b6_d5e7d891,44b6_d5e7d891:455,union|44b6_d5e7d891:455|76,0,oof_logistic_3feat,0.8832235313098232
44b6_d5e7d891,44b6_d5e7d891:455,union|44b6_d5e7d891:455|77,0,oof_logistic_3feat,0.17655977808585516
44b6_d5e7d891,44b6_d5e7d891:455,union|44b6_d5e7d891:455|78,0,oof_logistic_3feat,0.1576390950731603
44b6_d5e7d891,44b6_d5e7d891:455,union|44b6_d5e7d891:455|79,0,oof_logistic_3feat,0.3516558153810129
44b6_d5e7d891,44b6_d5e7d891:455,union|44b6_d5e7d891:455|80,0,oof_logistic_3feat,0.8830041788881748
44b6_d5e7d891,44b6_d5e7d891:455,union|44b6_d5e7d891:455|81,0,oof_logistic_3feat,0.7293509857587563
44b6_d5e7d891,44b6_d5e7d891:455,union|44b6_d5e7d891:455|82,0,oof_logistic_3feat,0.31491466630500314
44b6_d5e7d891,44b6_d5e7d891:455,union|44b6_d5e7d891:455|83,0,oof_logistic_3feat,0.818812311288122
44b6_d5e7d891,44b6_d5e7d891:455,union|44b6_d5e7d891:455|84,0,oof_logistic_3feat,0.7106934282729654
44b6_d5e7d891,44b6_d5e7d891:455,union|44b6_d5e7d891:455|85,0,oof_logistic_3feat,0.1729870466205304
44b6_d5e7d891,44b6_d5e7d891:455,union|44b6_d5e7d891:455|86,0,oof_logistic_3feat,0.2305662398866365
44b6_d5e7d891,44b6_d5e7d891:455,union|44b6_d5e7d891:455|87,0,oof_logistic_3feat,0.10917923878298517
44b6_d5e7d891,44b6_d5e7d891:455,union|44b6_d5e7d891:455|88,0,oof_logistic_3feat,0.5046105868108468
44b6_d5e7d891,44b6_d5e7d891:455,union|44b6_d5e7d891:455|89,0,oof_logistic_3feat,0.28529468671448305
44b6_d5e7d891,44b6_d5e7d891:455,union|44b6_d5e7d891:455|90,0,oof_logistic_3feat,0.4592988555193583
44b6_d5e7d891,44b6_d5e7d891:455,union|44b6_d5e7d891:455|91,0,oof_logistic_3feat,0.18157214551858414
44b6_d5e7d891,44b6_d5e7d891:455,union|44b6_d5e7d891:455|92,0,oof_logistic_3feat,0.1612125320883491
44b6_d5e7d891,44b6_d5e7d891:455,union|44b6_d5e7d891:455|93,0,oof_logistic_3feat,0.35641029467530955
44b6_d5e7d891,44b6_d5e7d891:455,union|44b6_d5e7d891:455|94,1,oof_logistic_3feat,0.99344263954288
44b6_d5e7d891,44b6_d5e7d891:455,union|44b6_d5e7d891:455|95,0,oof_logistic_3feat,0.7261872002904279
44b6_d5e7d891,44b6_d5e7d891:455,union|44b6_d5e7d891:455|96,0,oof_logistic_3feat,0.31677725923444033
44b6_d5e7d891,44b6_d5e7d891:455,union|44b6_d5e7d891:455|97,0,oof_logistic_3feat,0.8207876525425725
44b6_d5e7d891,44b6_d5e7d891:455,union|44b6_d5e7d891:455|98,0,oof_logistic_3feat,0.7082247132936533
44b6_d5e7d891,44b6_d5e7d891:455,union|44b6_d5e7d891:455|99,0,oof_logistic_3feat,0.1754453151550473
44b6_d5e7d891,44b6_d5e7d891:455,union|44b6_d5e7d891:455|100,0,oof_logistic_3feat,0.3602559030679699
44b6_d5e7d891,44b6_d5e7d891:455,union|44b6_d5e7d891:455|101,0,oof_logistic_3feat,0.2295663244601533
44b6_d5e7d891,44b6_d5e7d891:455,union|44b6_d5e7d891:455|102,0,oof_logistic_3feat,0.11015744448258755
44b6_d5e7d891,44b6_d5e7d891:455,union|44b6_d5e7d891:455|103,0,oof_logistic_3feat,0.5125922461793598
44b6_d5e7d891,44b6_d5e7d891:455,union|44b6_d5e7d891:455|104,0,oof_logistic_3feat,0.29065665557788434
44b6_d5e7d891,44b6_d5e7d891:455,union|44b6_d5e7d891:455|105,0,oof_logistic_3feat,0.4510755721682656
44b6_d5e7d891,44b6_d5e7d891:455,union|44b6_d5e7d891:455|106,0,oof_logistic_3feat,0.16072619504154723
44b6_d5e7d891,44b6_d5e7d891:455,union|44b6_d5e7d891:455|107,0,oof_logistic_3feat,0.17452995572425742
44b6_d5e7d891,44b6_d5e7d891:455,union|44b6_d5e7d891:455|108,0,oof_logistic_3feat,0.18216346930118327
44b6_d5e7d891,44b6_d5e7d891:455,union|44b6_d5e7d891:455|109,0,oof_logistic_3feat,0.17786274521011589
44b6_d5e7d891,44b6_d5e7d891:455,union|44b6_d5e7d891:455|110,0,oof_logistic_3feat,0.18157214551858414
44b6_d5e7d891,44b6_d5e7d891:455,union|44b6_d5e7d891:455|111,0,oof_logistic_3feat,0.1828460438347652
44b6_d5e7d891,44b6_d5e7d891:455,union|44b6_d5e7d891:455|112,0,oof_logistic_3feat,0.17326065432757415
44b6_d5e7d891,44b6_d5e7d891:455,union|44b6_d5e7d891:455|113,0,oof_logistic_3feat,0.09317426896953106
44b6_d5e7d891,44b6_d5e7d891:455,union|44b6_d5e7d891:455|114,0,oof_logistic_3feat,0.09256591407205755
44b6_d5e7d891,44b6_d5e7d891:455,union|44b6_d5e7d891:455|115,0,oof_logistic_3feat,0.09333190489735076
44b6_d5e7d891,44b6_d5e7d891:455,union|44b6_d5e7d891:455|116,0,oof_logistic_3feat,0.1618631578258173
44b6_d5e7d891,44b6_d5e7d891:455,union|44b6_d5e7d891:455|117,0,oof_logistic_3feat,0.157293881885099
44b6_d5e7d891,44b6_d5e7d891:455,union|44b6_d5e7d891:455|118,0,oof_logistic_3feat,0.15974237711792705
44b6_d5e7d891,44b6_d5e7d891:455,union|44b6_d5e7d891:455|119,0,oof_logistic_3feat,0.15631626817758257
44b6_d5e7d891,44b6_d5e7d891:455,union|44b6_d5e7d891:455|120,0,oof_logistic_3feat,0.15974237711792705
44b6_d5e7d891,44b6_d5e7d891:455,union|44b6_d5e7d891:455|121,0,oof_logistic_3feat,0.16087415348626322
44b6_d5e7d891,44b6_d5e7d891:455,union|44b6_d5e7d891:455|122,0,oof_logistic_3feat,0.08140500048971464
44b6_d5e7d891,44b6_d5e7d891:455,union|44b6_d5e7d891:455|123,0,oof_logistic_3feat,0.08178423116138285
44b6_d5e7d891,44b6_d5e7d891:455,union|44b6_d5e7d891:455|124,0,oof_logistic_3feat,0.3585580848122816
44b6_d5e7d891,44b6_d5e7d891:455,union|44b6_d5e7d891:455|125,0,oof_logistic_3feat,0.30921988384427074
44b6_d5e7d891,44b6_d5e7d891:455,union|44b6_d5e7d891:455|126,0,oof_logistic_3feat,0.3582390164490671
44b6_d5e7d891,44b6_d5e7d891:455,union|44b6_d5e7d891:455|127,0,oof_logistic_3feat,0.3573537250002764
44b6_d5e7d891,44b6_d5e7d891:455,union|44b6_d5e7d891:455|128,0,oof_logistic_3feat,0.17270524050371697
44b6_d5e7d891,44b6_d5e7d891:455,union|44b6_d5e7d891:455|129,0,oof_logistic_3feat,0.10938537305242016
44b6_d5e7d891,44b6_d5e7d891:455,union|44b6_d5e7d891:455|130,0,oof_logistic_3feat,0.2057533547083704
44b6_d5e7d891,44b6_d5e7d891:455,union|44b6_d5e7d891:455|131,0,oof_logistic_3feat,0.207371770887476
44b6_d5e7d891,44b6_d5e7d891:455,union|44b6_d5e7d891:455|132,0,oof_logistic_3feat,0.7210286750065774
44b6_d5e7d891,44b6_d5e7d891:455,union|44b6_d5e7d891:455|133,0,oof_logistic_3feat,0.3181196063990693
44b6_d5e7d891,44b6_d5e7d891:455,union|44b6_d5e7d891:455|134,0,oof_logistic_3feat,0.8164315342243942
44b6_d5e7d891,44b6_d5e7d891:455,union|44b6_d5e7d891:455|135,0,oof_logistic_3feat,0.7076378866676004
44b6_d5e7d891,44b6_d5e7d891:455,union|44b6_d5e7d891:455|136,0,oof_logistic_3feat,0.1727765032828565
44b6_d5e7d891,44b6_d5e7d891:455,union|44b6_d5e7d891:455|137,0,oof_logistic_3feat,0.35723920917917135
44b6_d5e7d891,44b6_d5e7d891:455,union|44b6_d5e7d891:455|138,0,oof_logistic_3feat,0.2249304055098027
44b6_d5e7d891,44b6_d5e7d891:455,union|44b6_d5e7d891:455|139,0,oof_logistic_3feat,0.11231677161951795
44b6_d5e7d891,44b6_d5e7d891:455,union|44b6_d5e7d891:455|140,0,oof_logistic_3feat,0.5132001878448134
44b6_d5e7d891,44b6_d5e7d891:455,union|44b6_d5e7d891:455|141,0,oof_logistic_3feat,0.29161179082389804
44b6_d5e7d891,44b6_d5e7d891:455,union|44b6_d5e7d891:455|142,0,oof_logistic_3feat,0.449839265765592
44b6_d5e7d891,44b6_d5e7d891:455,union|44b6_d5e7d891:455|143,0,oof_logistic_3feat,0.7236393608511638
44b6_d5e7d891,44b6_d5e7d891:455,union|44b6_d5e7d891:455|144,0,oof_logistic_3feat,0.7115098656541539
44b6_d5e7d891,44b6_d5e7d891:455,union|44b6_d5e7d891:455|145,0,oof_logistic_3feat,0.17603830087737465
44b6_d5e7d891,44b6_d5e7d891:455,union|44b6_d5e7d891:455|146,0,oof_logistic_3feat,0.35353791952686214
44b6_d5e7d891,44b6_d5e7d891:455,union|44b6_d5e7d891:455|147,0,oof_logistic_3feat,0.2228679153352334
44b6_d5e7d891,44b6_d5e7d891:455,union|44b6_d5e7d891:455|148,0,oof_logistic_3feat,0.5234166612896778
44b6_d5e7d891,44b6_d5e7d891:455,union|44b6_d5e7d891:455|149,0,oof_logistic_3feat,0.445335994707876
44b6_d5e7d891,44b6_d5e7d891:455,union|44b6_d5e7d891:455|150,0,oof_logistic_3feat,0.31677725923444033
44b6_d5e7d891,44b6_d5e7d891:455,union|44b6_d5e7d891:455|151,0,oof_logistic_3feat,0.3126864085719428
44b6_d5e7d891,44b6_d5e7d891:455,union|44b6_d5e7d891:455|152,0,oof_logistic_3feat,0.17087372584814242
44b6_d5e7d891,44b6_d5e7d891:455,union|44b6_d5e7d891:455|153,0,oof_logistic_3feat,0.3229628682014744
44b6_d5e7d891,44b6_d5e7d891:455,union|44b6_d5e7d891:455|154,0,oof_logistic_3feat,0.23001145253811112
44b6_d5e7d891,44b6_d5e7d891:455,union|44b6_d5e7d891:455|155,0,oof_logistic_3feat,0.11158283769302661
44b6_d5e7d891,44b6_d5e7d891:455,union|44b6_d5e7d891:455|156,0,oof_logistic_3feat,0.18068203086502677
44b6_d5e7d891,44b6_d5e7d891:455,union|44b6_d5e7d891:455|157,0,oof_logistic_3feat,0.18232346567288807
44b6_d5e7d891,44b6_d5e7d891:455,union|44b6_d5e7d891:455|158,0,oof_logistic_3feat,0.7070166941711807
44b6_d5e7d891,44b6_d5e7d891:455,union|44b6_d5e7d891:455|159,0,oof_logistic_3feat,0.16888229109602698
44b6_d5e7d891,44b6_d5e7d891:455,union|44b6_d5e7d891:455|160,0,oof_logistic_3feat,0.3582390164490671
44b6_d5e7d891,44b6_d5e7d891:455,union|44b6_d5e7d891:455|161,0,oof_logistic_3feat,0.22275090861595276
44b6_d5e7d891,44b6_d5e7d891:455,union|44b6_d5e7d891:455|162,0,oof_logistic_3feat,0.11378653131419766
44b6_d5e7d891,44b6_d5e7d891:455,union|44b6_d5e7d891:455|163,0,oof_logistic_3feat,0.5159287164271229
44b6_d5e7d891,44b6_d5e7d891:455,union|44b6_d5e7d891:455|164,0,oof_logistic_3feat,0.2943554066363447
44b6_d5e7d891,44b6_d5e7d891:455,union|44b6_d5e7d891:455|165,0,oof_logistic_3feat,0.45454700433251444
44b6_d5e7d891,44b6_d5e7d891:455,union|44b6_d5e7d891:455|166,0,oof_logistic_3feat,0.17059871811686542
44b6_d5e7d891,44b6_d5e7d891:455,union|44b6_d5e7d891:455|167,0,oof_logistic_3feat,0.35428880414388136
44b6_d5e7d891,44b6_d5e7d891:455,union|44b6_d5e7d891:455|168,0,oof_logistic_3feat,0.22405855878110606
44b6_d5e7d891,44b6_d5e7d891:455,union|44b6_d5e7d891:455|169,0,oof_logistic_3feat,0.1139854658955577
44b6_d5e7d891,44b6_d5e7d891:455,union|44b6_d5e7d891:455|170,0,oof_logistic_3feat,0.5210610756319407
44b6_d5e7d891,44b6_d5e7d891:455,union|44b6_d5e7d891:455|171,0,oof_logistic_3feat,0.45136384705018306
44b6_d5e7d891,44b6_d5e7d891:455,union|44b6_d5e7d891:455|172,0,oof_logistic_3feat,0.17499533145561635
44b6_d5e7d891,44b6_d5e7d891:455,union|44b6_d5e7d891:455|173,0,oof_logistic_3feat,0.17188075141221815
44b6_d5e7d891,44b6_d5e7d891:455,union|44b6_d5e7d891:455|174,0,oof_logistic_3feat,0.0913886491440076
44b6_d5e7d891,44b6_d5e7d891:455,union|44b6_d5e7d891:455|175,0,oof_logistic_3feat,0.09239271122821724
44b6_d5e7d891,44b6_d5e7d891:455,union|44b6_d5e7d891:455|176,0,oof_logistic_3feat,0.22118135888903692
44b6_d5e7d891,44b6_d5e7d891:455,union|44b6_d5e7d891:455|177,0,oof_logistic_3feat,0.2031205094936535
44b6_d5e7d891,44b6_d5e7d891:455,union|44b6_d5e7d891:455|178,0,oof_logistic_3feat,0.1208208677147571
44b6_d5e7d891,44b6_d5e7d891:455,union|44b6_d5e7d891:455|179,0,oof_logistic_3feat,0.05422790200732853
44b6_d5e7d891,44b6_d5e7d891:455,union|44b6_d5e7d891:455|180,0,oof_logistic_3feat,0.05417020184961179
44b6_d5e7d891,44b6_d5e7d891:455,union|44b6_d5e7d891:455|181,0,oof_logistic_3feat,0.15592770895008534
44b6_eb2880fc,44b6_eb2880fc:282,union|44b6_eb2880fc:282|0,0,oof_logistic_3feat,0.05431292856254923
44b6_eb2880fc,44b6_eb2880fc:282,union|44b6_eb2880fc:282|1,0,oof_logistic_3feat,0.05207482461192106
44b6_eb2880fc,44b6_eb2880fc:282,union|44b6_eb2880fc:282|2,0,oof_logistic_3feat,0.0690409111317747
44b6_eb2880fc,44b6_eb2880fc:282,union|44b6_eb2880fc:282|3,0,oof_logistic_3feat,0.04773688721715297
44b6_eb2880fc,44b6_eb2880fc:282,union|44b6_eb2880fc:282|4,0,oof_logistic_3feat,0.04339854708764145
44b6_eb2880fc,44b6_eb2880fc:282,union|44b6_eb2880fc:282|5,0,oof_logistic_3feat,0.05569796212461588
44b6_eb2880fc,44b6_eb2880fc:282,union|44b6_eb2880fc:282|6,0,oof_logistic_3feat,0.057120161449451555
44b6_eb2880fc,44b6_eb2880fc:282,union|44b6_eb2880fc:282|7,0,oof_logistic_3feat,0.05895717589387482
44b6_eb2880fc,44b6_eb2880fc:282,union|44b6_eb2880fc:282|8,0,oof_logistic_3feat,0.0733856922161062
44b6_eb2880fc,44b6_eb2880fc:282,union|44b6_eb2880fc:282|9,0,oof_logistic_3feat,0.04912973912837204
44b6_eb2880fc,44b6_eb2880fc:282,union|44b6_eb2880fc:282|10,0,oof_logistic_3feat,0.048363740351115
44b6_eb2880fc,44b6_eb2880fc:282,union|44b6_eb2880fc:282|11,0,oof_logistic_3feat,0.042571387190226816
44b6_eb2880fc,44b6_eb2880fc:282,union|44b6_eb2880fc:282|12,0,oof_logistic_3feat,0.08636984844314552
44b6_eb2880fc,44b6_eb2880fc:282,union|44b6_eb2880fc:282|13,0,oof_logistic_3feat,0.0801023039148519
44b6_eb2880fc,44b6_eb2880fc:282,union|44b6_eb2880fc:282|14,0,oof_logistic_3feat,0.05851322613418363
44b6_eb2880fc,44b6_eb2880fc:282,union|44b6_eb2880fc:282|15,0,oof_logistic_3feat,0.11768748669082894
44b6_eb2880fc,44b6_eb2880fc:282,union|44b6_eb2880fc:282|16,0,oof_logistic_3feat,0.04984352193687091
44b6_eb2880fc,44b6_eb2880fc:282,union|44b6_eb2880fc:282|17,0,oof_logistic_3feat,0.09233077234434794
44b6_eb2880fc,44b6_eb2880fc:282,union|44b6_eb2880fc:282|18,0,oof_logistic_3feat,0.1150155697862097
44b6_eb2880fc,44b6_eb2880fc:282,union|44b6_eb2880fc:282|19,0,oof_logistic_3feat,0.07437627343746522
44b6_eb2880fc,44b6_eb2880fc:282,union|44b6_eb2880fc:282|20,0,oof_logistic_3feat,0.08180789415106797
44b6_eb2880fc,44b6_eb2880fc:282,union|44b6_eb2880fc:282|21,0,oof_logistic_3feat,0.07454230759437654
44b6_eb2880fc,44b6_eb2880fc:282,union|44b6_eb2880fc:282|22,0,oof_logistic_3feat,0.053847207488192855
44b6_eb2880fc,44b6_eb2880fc:282,union|44b6_eb2880fc:282|23,0,oof_logistic_3feat,0.06645325914106279
44b6_eb2880fc,44b6_eb2880fc:282,union|44b6_eb2880fc:282|24,0,oof_logistic_3feat,0.0788360890596032
44b6_eb2880fc,44b6_eb2880fc:282,union|44b6_eb2880fc:282|25,0,oof_logistic_3feat,0.08192345940142136
44b6_eb2880fc,44b6_eb2880fc:282,union|44b6_eb2880fc:282|26,0,oof_logistic_3feat,0.09180468605916038
44b6_eb2880fc,44b6_eb2880fc:282,union|44b6_eb2880fc:282|27,0,oof_logistic_3feat,0.28201642261022797
44b6_eb2880fc,44b6_eb2880fc:282,union|44b6_eb2880fc:282|28,0,oof_logistic_3feat,0.05111999193500854
44b6_eb2880fc,44b6_eb2880fc:282,union|44b6_eb2880fc:282|29,0,oof_logistic_3feat,0.05938449993732552
44b6_eb2880fc,44b6_eb2880fc:282,union|44b6_eb2880fc:282|30,0,oof_logistic_3feat,0.2758554349742362
44b6_eb2880fc,44b6_eb2880fc:282,union|44b6_eb2880fc:282|31,0,oof_logistic_3feat,0.3006739092178312
44b6_eb2880fc,44b6_eb2880fc:282,union|44b6_eb2880fc:282|32,0,oof_logistic_3feat,0.33942244150142
44b6_eb2880fc,44b6_eb2880fc:282,union|44b6_eb2880fc:282|33,0,oof_logistic_3feat,0.16707214218708447
44b6_eb2880fc,44b6_eb2880fc:282,union|44b6_eb2880fc:282|34,0,oof_logistic_3feat,0.3263729499492396
44b6_eb2880fc,44b6_eb2880fc:282,union|44b6_eb2880fc:282|35,0,oof_logistic_3feat,0.21542682450685408
44b6_eb2880fc,44b6_eb2880fc:282,union|44b6_eb2880fc:282|36,0,oof_logistic_3feat,0.24438309965066093
44b6_eb2880fc,44b6_eb2880fc:282,union|44b6_eb2880fc:282|37,0,oof_logistic_3feat,0.14637544847713108
44b6_eb2880fc,44b6_eb2880fc:282,union|44b6_eb2880fc:282|38,0,oof_logistic_3feat,0.09673079272781725
44b6_eb2880fc,44b6_eb2880fc:282,union|44b6_eb2880fc:282|39,0,oof_logistic_3feat,0.1494618436262668
44b6_eb2880fc,44b6_eb2880fc:282,union|44b6_eb2880fc:282|40,0,oof_logistic_3feat,0.04331826280481811
44b6_eb2880fc,44b6_eb2880fc:282,union|44b6_eb2880fc:282|41,0,oof_logistic_3feat,0.11725441776954867
44b6_eb2880fc,44b6_eb2880fc:282,union|44b6_eb2880fc:282|42,0,oof_logistic_3feat,0.09660161439132452
44b6_eb2880fc,44b6_eb2880fc:282,union|44b6_eb2880fc:282|43,0,oof_logistic_3feat,0.0782384620043035
44b6_eb2880fc,44b6_eb2880fc:282,union|44b6_eb2880fc:282|44,0,oof_logistic_3feat,0.13763030965707637
44b6_eb2880fc,44b6_eb2880fc:282,union|44b6_eb2880fc:282|45,0,oof_logistic_3feat,0.13710921968968823
44b6_eb2880fc,44b6_eb2880fc:282,union|44b6_eb2880fc:282|46,0,oof_logistic_3feat,0.0894388242029395
44b6_eb2880fc,44b6_eb2880fc:282,union|44b6_eb2880fc:282|47,0,oof_logistic_3feat,0.06705172885709693
44b6_eb2880fc,44b6_eb2880fc:282,union|44b6_eb2880fc:282|48,0,oof_logistic_3feat,0.08995210234694397
44b6_eb2880fc,44b6_eb2880fc:282,union|44b6_eb2880fc:282|49,0,oof_logistic_3feat,0.06746352947602285
44b6_eb2880fc,44b6_eb2880fc:282,union|44b6_eb2880fc:282|50,0,oof_logistic_3feat,0.09386711882407685
44b6_eb2880fc,44b6_eb2880fc:282,union|44b6_eb2880fc:282|51,0,oof_logistic_3feat,0.06421519761748988
44b6_eb2880fc,44b6_eb2880fc:282,union|44b6_eb2880fc:282|52,1,oof_logistic_3feat,0.07988325048716183
44b6_eb2880fc,44b6_eb2880fc:282,union|44b6_eb2880fc:282|53,0,oof_logistic_3feat,0.08752112654658548
44b6_eb2880fc,44b6_eb2880fc:282,union|44b6_eb2880fc:282|54,0,oof_logistic_3feat,0.10877442660411163
44b6_eb2880fc,44b6_eb2880fc:282,union|44b6_eb2880fc:282|55,0,oof_logistic_3feat,0.0897260408594039
44b6_eb2880fc,44b6_eb2880fc:282,union|44b6_eb2880fc:282|56,0,oof_logistic_3feat,0.06879632092150151
44b6_eb2880fc,44b6_eb2880fc:282,union|44b6_eb2880fc:282|57,0,oof_logistic_3feat,0.05437640015032087
44b6_eb2880fc,44b6_eb2880fc:282,union|44b6_eb2880fc:282|58,0,oof_logistic_3feat,0.056330594101347733
44b6_eb2880fc,44b6_eb2880fc:282,union|44b6_eb2880fc:282|59,0,oof_logistic_3feat,0.038359126939847735
44b6_eb2880fc,44b6_eb2880fc:282,union|44b6_eb2880fc:282|60,0,oof_logistic_3feat,0.28240526480981004
44b6_eb2880fc,44b6_eb2880fc:282,union|44b6_eb2880fc:282|61,0,oof_logistic_3feat,0.23109877854894798
44b6_eb2880fc,44b6_eb2880fc:282,union|44b6_eb2880fc:282|62,0,oof_logistic_3feat,0.18396295233703266
44b6_eb2880fc,44b6_eb2880fc:282,union|44b6_eb2880fc:282|63,0,oof_logistic_3feat,0.1003781678518558
44b6_eb2880fc,44b6_eb2880fc:282,union|44b6_eb2880fc:282|64,0,oof_logistic_3feat,0.3530316840398371
44b6_eb2880fc,44b6_eb2880fc:282,union|44b6_eb2880fc:282|65,0,oof_logistic_3feat,0.35098459439378327
44b6_eb2880fc,44b6_eb2880fc:282,union|44b6_eb2880fc:282|66,0,oof_logistic_3feat,0.2628544144399263
44b6_eb2880fc,44b6_eb2880fc:282,union|44b6_eb2880fc:282|67,0,oof_logistic_3feat,0.2739335587060641
44b6_eb2880fc,44b6_eb2880fc:282,union|44b6_eb2880fc:282|68,0,oof_logistic_3feat,0.25494996543664294
44b6_eb2880fc,44b6_eb2880fc:282,union|44b6_eb2880fc:282|69,0,oof_logistic_3feat,0.187996296767659
44b6_eb2880fc,44b6_eb2880fc:282,union|44b6_eb2880fc:282|70,0,oof_logistic_3feat,0.05649353212825773
44b6_eb2880fc,44b6_eb2880fc:282,union|44b6_eb2880fc:282|71,0,oof_logistic_3feat,0.04373026665884755
44b6_eb2880fc,44b6_eb2880fc:282,union|44b6_eb2880fc:282|72,0,oof_logistic_3feat,0.04373026665884755
44b6_eb2880fc,44b6_eb2880fc:282,union|44b6_eb2880fc:282|73,0,oof_logistic_3feat,0.06043279797619616
44b6_eb2880fc,44b6_eb2880fc:282,union|44b6_eb2880fc:282|74,0,oof_logistic_3feat,0.06199446724583581
44b6_eb2880fc,44b6_eb2880fc:282,union|44b6_eb2880fc:282|75,0,oof_logistic_3feat,0.024931364837309046
44b6_eb2880fc,44b6_eb2880fc:282,union|44b6_eb2880fc:282|76,0,oof_logistic_3feat,0.05289751546199997
44b6_eb2880fc,44b6_eb2880fc:282,union|44b6_eb2880fc:282|77,0,oof_logistic_3feat,0.035111187344620605
44b6_eb2880fc,44b6_eb2880fc:282,union|44b6_eb2880fc:282|78,0,oof_logistic_3feat,0.028862239366821682
44b6_eb2880fc,44b6_eb2880fc:282,union|44b6_eb2880fc:282|79,0,oof_logistic_3feat,0.054992718559533395
44b6_eb2880fc,44b6_eb2880fc:282,union|44b6_eb2880fc:282|80,0,oof_logistic_3feat,0.05243005686589533
44b6_eb2880fc,44b6_eb2880fc:282,union|44b6_eb2880fc:282|81,0,oof_logistic_3feat,0.033923528014199456
44b6_eb2880fc,44b6_eb2880fc:282,union|44b6_eb2880fc:282|82,0,oof_logistic_3feat,0.01994865023826015
44b6_eb2880fc,44b6_eb2880fc:282,union|44b6_eb2880fc:282|83,0,oof_logistic_3feat,0.01973370443457653
44b6_eb2880fc,44b6_eb2880fc:282,union|44b6_eb2880fc:282|84,0,oof_logistic_3feat,0.03640871954161873
44b6_eb2880fc,44b6_eb2880fc:282,union|44b6_eb2880fc:282|85,0,oof_logistic_3feat,0.029238961401566378
44b6_eb2880fc,44b6_eb2880fc:282,union|44b6_eb2880fc:282|86,0,oof_logistic_3feat,0.347446786305112
44b6_eb2880fc,44b6_eb2880fc:282,union|44b6_eb2880fc:282|87,0,oof_logistic_3feat,0.07684097750845097
44b6_eb2880fc,44b6_eb2880fc:282,union|44b6_eb2880fc:282|88,0,oof_logistic_3feat,0.44484878651113613
44b6_eb2880fc,44b6_eb2880fc:282,union|44b6_eb2880fc:282|89,0,oof_logistic_3feat,0.17600915949686757
44b6_eb2880fc,44b6_eb2880fc:282,union|44b6_eb2880fc:282|90,0,oof_logistic_3feat,0.08336920666455049
44b6_eb2880fc,44b6_eb2880fc:282,union|44b6_eb2880fc:282|91,0,oof_logistic_3feat,0.9594290139223477
44b6_eb2880fc,44b6_eb2880fc:282,union|44b6_eb2880fc:282|92,0,oof_logistic_3feat,0.12275321418132859
44b6_eb2880fc,44b6_eb2880fc:282,union|44b6_eb2880fc:282|93,0,oof_logistic_3feat,0.4536765609861131
44b6_eb2880fc,44b6_eb2880fc:282,union|44b6_eb2880fc:282|94,0,oof_logistic_3feat,0.08101331420407382
44b6_eb2880fc,44b6_eb2880fc:282,union|44b6_eb2880fc:282|95,0,oof_logistic_3feat,0.8980525255438373
44b6_eb2880fc,44b6_eb2880fc:282,union|44b6_eb2880fc:282|96,0,oof_logistic_3feat,0.12260725689088178
44b6_eb2880fc,44b6_eb2880fc:282,union|44b6_eb2880fc:282|97,0,oof_logistic_3feat,0.7696928908849716
44b6_eb2880fc,44b6_eb2880fc:282,union|44b6_eb2880fc:282|98,0,oof_logistic_3feat,0.7672113535236612
44b6_eb2880fc,44b6_eb2880fc:282,union|44b6_eb2880fc:282|99,0,oof_logistic_3feat,0.9431165759911092
44b6_eb2880fc,44b6_eb2880fc:282,union|44b6_eb2880fc:282|100,0,oof_logistic_3feat,0.18789576587411022
44b6_eb2880fc,44b6_eb2880fc:282,union|44b6_eb2880fc:282|101,0,oof_logistic_3feat,0.06641223094428327
44b6_eb2880fc,44b6_eb2880fc:282,union|44b6_eb2880fc:282|102,0,oof_logistic_3feat,0.17380264206217952
44b6_eb2880fc,44b6_eb2880fc:282,union|44b6_eb2880fc:282|103,0,oof_logistic_3feat,0.31395871455881263
44b6_eb2880fc,44b6_eb2880fc:282,union|44b6_eb2880fc:282|104,0,oof_logistic_3feat,0.14742308626734527
44b6_eb2880fc,44b6_eb2880fc:282,union|44b6_eb2880fc:282|105,0,oof_logistic_3feat,0.2640176924351903
44b6_eb2880fc,44b6_eb2880fc:282,union|44b6_eb2880fc:282|106,0,oof_logistic_3feat,0.10784450050169318
44b6_eb2880fc,44b6_eb2880fc:282,union|44b6_eb2880fc:282|107,0,oof_logistic_3feat,0.2019489765448438
44b6_eb2880fc,44b6_eb2880fc:282,union|44b6_eb2880fc:282|108,0,oof_logistic_3feat,0.27721574900628715
44b6_eb2880fc,44b6_eb2880fc:282,union|44b6_eb2880fc:282|109,0,oof_logistic_3feat,0.25111745973665106
44b6_eb2880fc,44b6_eb2880fc:282,union|44b6_eb2880fc:282|110,0,oof_logistic_3feat,0.19107230288825588
44b6_eb2880fc,44b6_eb2880fc:282,union|44b6_eb2880fc:282|111,0,oof_logistic_3feat,0.08615888339553718
44b6_eb2880fc,44b6_eb2880fc:282,union|44b6_eb2880fc:282|112,0,oof_logistic_3feat,0.06453799230957474
44b6_eb2880fc,44b6_eb2880fc:282,union|44b6_eb2880fc:282|113,0,oof_logistic_3feat,0.04616714022338011
44b6_eb2880fc,44b6_eb2880fc:282,union|44b6_eb2880fc:282|114,0,oof_logistic_3feat,0.02657392269965931
44b6_eb2880fc,44b6_eb2880fc:282,union|44b6_eb2880fc:282|115,0,oof_logistic_3feat,0.02830903663958965
44b6_eb2880fc,44b6_eb2880fc:282,union|44b6_eb2880fc:282|116,0,oof_logistic_3feat,0.04935208404189631
44b6_eb2880fc,44b6_eb2880fc:282,union|44b6_eb2880fc:282|117,0,oof_logistic_3feat,0.038857390650447354
44b6_eb2880fc,44b6_eb2880fc:282,union|44b6_eb2880fc:282|118,0,oof_logistic_3feat,0.18609841002974525
44b6_eb2880fc,44b6_eb2880fc:282,union|44b6_eb2880fc:282|119,0,oof_logistic_3feat,0.08593646982390327
44b6_eb2880fc,44b6_eb2880fc:282,union|44b6_eb2880fc:282|120,0,oof_logistic_3feat,0.4991573669038423
44b6_eb2880fc,44b6_eb2880fc:282,union|44b6_eb2880fc:282|121,0,oof_logistic_3feat,0.4291410065381532
44b6_eb2880fc,44b6_eb2880fc:282,union|44b6_eb2880fc:282|122,0,oof_logistic_3feat,0.09192693923146081
44b6_eb2880fc,44b6_eb2880fc:282,union|44b6_eb2880fc:282|123,0,oof_logistic_3feat,0.3782214035507074
44b6_eb2880fc,44b6_eb2880fc:282,union|44b6_eb2880fc:282|124,0,oof_logistic_3feat,0.38494807826339456
44b6_eb2880fc,44b6_eb2880fc:282,union|44b6_eb2880fc:282|125,0,oof_logistic_3feat,0.38725406153705205
44b6_eb2880fc,44b6_eb2880fc:282,union|44b6_eb2880fc:282|126,0,oof_logistic_3feat,0.2120336390244411
44b6_eb2880fc,44b6_eb2880fc:282,union|44b6_eb2880fc:282|127,0,oof_logistic_3feat,0.1420800184054763
44b6_eb2880fc,44b6_eb2880fc:282,union|44b6_eb2880fc:282|128,0,oof_logistic_3feat,0.17819891784496442
44b6_eb2880fc,44b6_eb2880fc:282,union|44b6_eb2880fc:282|129,0,oof_logistic_3feat,0.1375025708919375
44b6_eb2880fc,44b6_eb2880fc:282,union|44b6_eb2880fc:282|130,0,oof_logistic_3feat,0.1441205493707801
44b6_eb2880fc,44b6_eb2880fc:282,union|44b6_eb2880fc:282|131,0,oof_logistic_3feat,0.14207226661600605
44b6_eb2880fc,44b6_eb2880fc:282,union|44b6_eb2880fc:282|132,0,oof_logistic_3feat,0.14381112943944058
44b6_eb2880fc,44b6_eb2880fc:282,union|44b6_eb2880fc:282|133,0,oof_logistic_3feat,0.07047353414887003
44b6_eb2880fc,44b6_eb2880fc:282,union|44b6_eb2880fc:282|134,0,oof_logistic_3feat,0.09673079272781725
44b6_eb2880fc,44b6_eb2880fc:282,union|44b6_eb2880fc:282|135,0,oof_logistic_3feat,0.10198857053889651
44b6_eb2880fc,44b6_eb2880fc:282,union|44b6_eb2880fc:282|136,0,oof_logistic_3feat,0.08479287932663325
44b6_eb2880fc,44b6_eb2880fc:282,union|44b6_eb2880fc:282|137,0,oof_logistic_3feat,0.05102625579630626
44b6_eb2880fc,44b6_eb2880fc:282,union|44b6_eb2880fc:282|138,0,oof_logistic_3feat,0.06734504928767353
44b6_eb2880fc,44b6_eb2880fc:282,union|44b6_eb2880fc:282|139,0,oof_logistic_3feat,0.052084426917894854
44b6_eb2880fc,44b6_eb2880fc:282,union|44b6_eb2880fc:282|140,0,oof_logistic_3feat,0.04872422924121768
44b6_eb2880fc,44b6_eb2880fc:282,union|44b6_eb2880fc:282|141,0,oof_logistic_3feat,0.1265358295839529
44b6_eb2880fc,44b6_eb2880fc:282,union|44b6_eb2880fc:282|142,0,oof_logistic_3feat,0.4025400618710283
44b6_eb2880fc,44b6_eb2880fc:282,union|44b6_eb2880fc:282|143,0,oof_logistic_3feat,0.06789130774156824
44b6_eb2880fc,44b6_eb2880fc:282,union|44b6_eb2880fc:282|144,0,oof_logistic_3feat,0.898480069498798
44b6_eb2880fc,44b6_eb2880fc:282,union|44b6_eb2880fc:282|145,0,oof_logistic_3feat,0.1226569372966034
44b6_eb2880fc,44b6_eb2880fc:282,union|44b6_eb2880fc:282|146,0,oof_logistic_3feat,0.800122454569857
44b6_eb2880fc,44b6_eb2880fc:282,union|44b6_eb2880fc:282|147,0,oof_logistic_3feat,0.7585593210872015
44b6_eb2880fc,44b6_eb2880fc:282,union|44b6_eb2880fc:282|148,0,oof_logistic_3feat,0.9381611804718301
44b6_eb2880fc,44b6_eb2880fc:282,union|44b6_eb2880fc:282|149,0,oof_logistic_3feat,0.18229879620047515
44b6_eb2880fc,44b6_eb2880fc:282,union|44b6_eb2880fc:282|150,0,oof_logistic_3feat,0.1422931250186986
44b6_eb2880fc,44b6_eb2880fc:282,union|44b6_eb2880fc:282|151,0,oof_logistic_3feat,0.0630151561092692
44b6_eb2880fc,44b6_eb2880fc:282,union|44b6_eb2880fc:282|152,0,oof_logistic_3feat,0.053307208899455345
44b6_eb2880fc,44b6_eb2880fc:282,union|44b6_eb2880fc:282|153,0,oof_logistic_3feat,0.05437715012577484
44b6_eb2880fc,44b6_eb2880fc:282,union|44b6_eb2880fc:282|154,0,oof_logistic_3feat,0.0640909287891782
44b6_eb2880fc,44b6_eb2880fc:282,union|44b6_eb2880fc:282|155,0,oof_logistic_3feat,0.05341757197405768
44b6_eb2880fc,44b6_eb2880fc:282,union|44b6_eb2880fc:282|156,0,oof_logistic_3feat,0.05262141073203665
44b6_eb2880fc,44b6_eb2880fc:282,union|44b6_eb2880fc:282|157,0,oof_logistic_3feat,0.056219435011585904
44b6_eb2880fc,44b6_eb2880fc:282,union|44b6_eb2880fc:282|158,0,oof_logistic_3feat,0.29756359798533805
44b6_eb2880fc,44b6_eb2880fc:282,union|44b6_eb2880fc:282|159,0,oof_logistic_3feat,0.4151785100103343
44b6_eb2880fc,44b6_eb2880fc:282,union|44b6_eb2880fc:282|160,0,oof_logistic_3feat,0.2905292900919316
44b6_eb2880fc,44b6_eb2880fc:282,union|44b6_eb2880fc:282|161,0,oof_logistic_3feat,0.34080850610689023
44b6_eb2880fc,44b6_eb2880fc:282,union|44b6_eb2880fc:282|162,0,oof_logistic_3feat,0.2359867940156485
44b6_eb2880fc,44b6_eb2880fc:282,union|44b6_eb2880fc:282|163,0,oof_logistic_3feat,0.03198702169645955
44b6_eb2880fc,44b6_eb2880fc:282,union|44b6_eb2880fc:282|164,0,oof_logistic_3feat,0.05289787045386012
44b6_eb2880fc,44b6_eb2880fc:282,union|44b6_eb2880fc:282|165,0,oof_logistic_3feat,0.05636334784539048
44b6_eb2880fc,44b6_eb2880fc:282,union|44b6_eb2880fc:282|166,0,oof_logistic_3feat,0.029152716353839182
44b6_eb2880fc,44b6_eb2880fc:282,union|44b6_eb2880fc:282|167,0,oof_logistic_3feat,0.04012113803729494
44b6_eb2880fc,44b6_eb2880fc:282,union|44b6_eb2880fc:282|168,0,oof_logistic_3feat,0.06576336963261536
44b6_eb2880fc,44b6_eb2880fc:282,union|44b6_eb2880fc:282|169,0,oof_logistic_3feat,0.6838586841296171
44b6_eb2880fc,44b6_eb2880fc:282,union|44b6_eb2880fc:282|170,0,oof_logistic_3feat,0.5446609456894399
44b6_eb2880fc,44b6_eb2880fc:282,union|44b6_eb2880fc:282|171,0,oof_logistic_3feat,0.8016914773822331
44b6_eb2880fc,44b6_eb2880fc:282,union|44b6_eb2880fc:282|172,0,oof_logistic_3feat,0.1658597856312032
44b6_eb2880fc,44b6_eb2880fc:282,union|44b6_eb2880fc:282|173,0,oof_logistic_3feat,0.049995177544053415
44b6_eb2880fc,44b6_eb2880fc:282,union|44b6_eb2880fc:282|174,0,oof_logistic_3feat,0.06905488707652048
44b6_eb2880fc,44b6_eb2880fc:282,union|44b6_eb2880fc:282|175,0,oof_logistic_3feat,0.059267149730668926
44b6_eb2880fc,44b6_eb2880fc:282,union|44b6_eb2880fc:282|176,0,oof_logistic_3feat,0.6880536301115513
44b6_eb2880fc,44b6_eb2880fc:282,union|44b6_eb2880fc:282|177,0,oof_logistic_3feat,0.6407157214765233
44b6_eb2880fc,44b6_eb2880fc:282,union|44b6_eb2880fc:282|178,0,oof_logistic_3feat,0.15292443909878975
44b6_eb2880fc,44b6_eb2880fc:282,union|44b6_eb2880fc:282|179,0,oof_logistic_3feat,0.6029284632115743
44b6_eb2880fc,44b6_eb2880fc:282,union|44b6_eb2880fc:282|180,0,oof_logistic_3feat,0.16276595454384044
6bba_05db0fb1,6bba_05db0fb1:229,union|6bba_05db0fb1:229|0,0,oof_logistic_3feat,0.227742202272705
6bba_05db0fb1,6bba_05db0fb1:229,union|6bba_05db0fb1:229|1,0,oof_logistic_3feat,0.13527240994503031
6bba_05db0fb1,6bba_05db0fb1:229,union|6bba_05db0fb1:229|2,0,oof_logistic_3feat,0.23397245924624444
6bba_05db0fb1,6bba_05db0fb1:229,union|6bba_05db0fb1:229|3,0,oof_logistic_3feat,0.23709808632553653
6bba_05db0fb1,6bba_05db0fb1:229,union|6bba_05db0fb1:229|4,0,oof_logistic_3feat,0.25270433401214026
6bba_05db0fb1,6bba_05db0fb1:229,union|6bba_05db0fb1:229|5,0,oof_logistic_3feat,0.22816420793550696
6bba_05db0fb1,6bba_05db0fb1:229,union|6bba_05db0fb1:229|6,0,oof_logistic_3feat,0.25715497528650116
6bba_05db0fb1,6bba_05db0fb1:229,union|6bba_05db0fb1:229|7,0,oof_logistic_3feat,0.21811427911549494
6bba_05db0fb1,6bba_05db0fb1:229,union|6bba_05db0fb1:229|8,0,oof_logistic_3feat,0.25036880081216584
6bba_05db0fb1,6bba_05db0fb1:229,union|6bba_05db0fb1:229|9,0,oof_logistic_3feat,0.25715497528650116
6bba_05db0fb1,6bba_05db0fb1:229,union|6bba_05db0fb1:229|10,0,oof_logistic_3feat,0.25618901143348416
6bba_05db0fb1,6bba_05db0fb1:229,union|6bba_05db0fb1:229|11,0,oof_logistic_3feat,0.03755341669027622
6bba_05db0fb1,6bba_05db0fb1:229,union|6bba_05db0fb1:229|12,0,oof_logistic_3feat,0.05636780855929568
6bba_05db0fb1,6bba_05db0fb1:229,union|6bba_05db0fb1:229|13,0,oof_logistic_3feat,0.06616216332195696
6bba_05db0fb1,6bba_05db0fb1:229,union|6bba_05db0fb1:229|14,0,oof_logistic_3feat,0.06418510060517667
6bba_05db0fb1,6bba_05db0fb1:229,union|6bba_05db0fb1:229|15,0,oof_logistic_3feat,0.14486986027150703
6bba_05db0fb1,6bba_05db0fb1:229,union|6bba_05db0fb1:229|16,0,oof_logistic_3feat,0.7630516424252631
6bba_05db0fb1,6bba_05db0fb1:229,union|6bba_05db0fb1:229|17,0,oof_logistic_3feat,0.7655890564753212
6bba_05db0fb1,6bba_05db0fb1:229,union|6bba_05db0fb1:229|18,0,oof_logistic_3feat,0.32873744237713143
6bba_05db0fb1,6bba_05db0fb1:229,union|6bba_05db0fb1:229|19,0,oof_logistic_3feat,0.7766564680523915
6bba_05db0fb1,6bba_05db0fb1:229,union|6bba_05db0fb1:229|20,0,oof_logistic_3feat,0.5615688736567157
6bba_05db0fb1,6bba_05db0fb1:229,union|6bba_05db0fb1:229|21,0,oof_logistic_3feat,0.13834390882140304
6bba_05db0fb1,6bba_05db0fb1:229,union|6bba_05db0fb1:229|22,0,oof_logistic_3feat,0.6417168030268399
6bba_05db0fb1,6bba_05db0fb1:229,union|6bba_05db0fb1:229|23,0,oof_logistic_3feat,0.7752979799106245
6bba_05db0fb1,6bba_05db0fb1:229,union|6bba_05db0fb1:229|24,0,oof_logistic_3feat,0.19504486066737267
6bba_05db0fb1,6bba_05db0fb1:229,union|6bba_05db0fb1:229|25,0,oof_logistic_3feat,0.13876204721526345
6bba_05db0fb1,6bba_05db0fb1:229,union|6bba_05db0fb1:229|26,0,oof_logistic_3feat,0.04055644646390603
6bba_05db0fb1,6bba_05db0fb1:229,union|6bba_05db0fb1:229|27,0,oof_logistic_3feat,0.34004941634824415
6bba_05db0fb1,6bba_05db0fb1:229,union|6bba_05db0fb1:229|28,0,oof_logistic_3feat,0.2560630057411784
6bba_05db0fb1,6bba_05db0fb1:229,union|6bba_05db0fb1:229|29,0,oof_logistic_3feat,0.03270596006475075
6bba_05db0fb1,6bba_05db0fb1:229,union|6bba_05db0fb1:229|30,0,oof_logistic_3feat,0.40686840336316005
6bba_05db0fb1,6bba_05db0fb1:229,union|6bba_05db0fb1:229|31,0,oof_logistic_3feat,0.08409092921319555
6bba_05db0fb1,6bba_05db0fb1:229,union|6bba_05db0fb1:229|32,0,oof_logistic_3feat,0.13336516284688552
6bba_05db0fb1,6bba_05db0fb1:229,union|6bba_05db0fb1:229|33,0,oof_logistic_3feat,0.13409575725531594
6bba_05db0fb1,6bba_05db0fb1:229,union|6bba_05db0fb1:229|34,0,oof_logistic_3feat,0.1368450788806495
6bba_05db0fb1,6bba_05db0fb1:229,union|6bba_05db0fb1:229|35,0,oof_logistic_3feat,0.13210043084477835
6bba_05db0fb1,6bba_05db0fb1:229,union|6bba_05db0fb1:229|36,0,oof_logistic_3feat,0.15198075306589143
6bba_05db0fb1,6bba_05db0fb1:229,union|6bba_05db0fb1:229|37,0,oof_logistic_3feat,0.14539988574277493
6bba_05db0fb1,6bba_05db0fb1:229,union|6bba_05db0fb1:229|38,0,oof_logistic_3feat,0.14627017362640723
6bba_05db0fb1,6bba_05db0fb1:229,union|6bba_05db0fb1:229|39,0,oof_logistic_3feat,0.025347635197428657
6bba_05db0fb1,6bba_05db0fb1:229,union|6bba_05db0fb1:229|40,0,oof_logistic_3feat,0.0333951199116254
6bba_05db0fb1,6bba_05db0fb1:229,union|6bba_05db0fb1:229|41,0,oof_logistic_3feat,0.03443322038754716
6bba_05db0fb1,6bba_05db0fb1:229,union|6bba_05db0fb1:229|42,0,oof_logistic_3feat,0.8652365065161622
6bba_05db0fb1,6bba_05db0fb1:229,union|6bba_05db0fb1:229|43,0,oof_logistic_3feat,0.29910408758052653
6bba_05db0fb1,6bba_05db0fb1:229,union|6bba_05db0fb1:229|44,0,oof_logistic_3feat,0.9070527830009739
6bba_05db0fb1,6bba_05db0fb1:229,union|6bba_05db0fb1:229|45,0,oof_logistic_3feat,0.5830593457722122
6bba_05db0fb1,6bba_05db0fb1:229,union|6bba_05db0fb1:229|46,0,oof_logistic_3feat,0.14154835270051289
6bba_05db0fb1,6bba_05db0fb1:229,union|6bba_05db0fb1:229|47,0,oof_logistic_3feat,0.21811427911549494
6bba_05db0fb1,6bba_05db0fb1:229,union|6bba_05db0fb1:229|48,0,oof_logistic_3feat,0.6476814405518608
6bba_05db0fb1,6bba_05db0fb1:229,union|6bba_05db0fb1:229|49,0,oof_logistic_3feat,0.9048883291271129
6bba_05db0fb1,6bba_05db0fb1:229,union|6bba_05db0fb1:229|50,0,oof_logistic_3feat,0.6589751275410484
6bba_05db0fb1,6bba_05db0fb1:229,union|6bba_05db0fb1:229|51,0,oof_logistic_3feat,0.19746923048423695
6bba_05db0fb1,6bba_05db0fb1:229,union|6bba_05db0fb1:229|52,0,oof_logistic_3feat,0.13069939629459862
6bba_05db0fb1,6bba_05db0fb1:229,union|6bba_05db0fb1:229|53,0,oof_logistic_3feat,0.6351511658679058
6bba_05db0fb1,6bba_05db0fb1:229,union|6bba_05db0fb1:229|54,0,oof_logistic_3feat,0.037034847780393135
6bba_05db0fb1,6bba_05db0fb1:229,union|6bba_05db0fb1:229|55,0,oof_logistic_3feat,0.3713656314487978
6bba_05db0fb1,6bba_05db0fb1:229,union|6bba_05db0fb1:229|56,0,oof_logistic_3feat,0.27169353330103163
6bba_05db0fb1,6bba_05db0fb1:229,union|6bba_05db0fb1:229|57,0,oof_logistic_3feat,0.0331368291169828
6bba_05db0fb1,6bba_05db0fb1:229,union|6bba_05db0fb1:229|58,0,oof_logistic_3feat,0.6540692821729429
6bba_05db0fb1,6bba_05db0fb1:229,union|6bba_05db0fb1:229|59,0,oof_logistic_3feat,0.08742636768925723
6bba_05db0fb1,6bba_05db0fb1:229,union|6bba_05db0fb1:229|60,0,oof_logistic_3feat,0.856993150996683
6bba_05db0fb1,6bba_05db0fb1:229,union|6bba_05db0fb1:229|61,0,oof_logistic_3feat,0.552245526297739
6bba_05db0fb1,6bba_05db0fb1:229,union|6bba_05db0fb1:229|62,0,oof_logistic_3feat,0.14539988574277493
6bba_05db0fb1,6bba_05db0fb1:229,union|6bba_05db0fb1:229|63,0,oof_logistic_3feat,0.6127753966253024
6bba_05db0fb1,6bba_05db0fb1:229,union|6bba_05db0fb1:229|64,0,oof_logistic_3feat,0.8616127578490204
6bba_05db0fb1,6bba_05db0fb1:229,union|6bba_05db0fb1:229|65,0,oof_logistic_3feat,0.6549359007845728
6bba_05db0fb1,6bba_05db0fb1:229,union|6bba_05db0fb1:229|66,0,oof_logistic_3feat,0.1923072645266232
6bba_05db0fb1,6bba_05db0fb1:229,union|6bba_05db0fb1:229|67,0,oof_logistic_3feat,0.3156465237030463
6bba_05db0fb1,6bba_05db0fb1:229,union|6bba_05db0fb1:229|68,0,oof_logistic_3feat,0.04332956228791394
6bba_05db0fb1,6bba_05db0fb1:229,union|6bba_05db0fb1:229|69,0,oof_logistic_3feat,0.3728320455435625
6bba_05db0fb1,6bba_05db0fb1:229,union|6bba_05db0fb1:229|70,0,oof_logistic_3feat,0.2501721513970258
6bba_05db0fb1,6bba_05db0fb1:229,union|6bba_05db0fb1:229|71,0,oof_logistic_3feat,0.032064451569366915
6bba_05db0fb1,6bba_05db0fb1:229,union|6bba_05db0fb1:229|72,0,oof_logistic_3feat,0.5553130585952206
6bba_05db0fb1,6bba_05db0fb1:229,union|6bba_05db0fb1:229|73,0,oof_logistic_3feat,0.08575900818042642
6bba_05db0fb1,6bba_05db0fb1:229,union|6bba_05db0fb1:229|74,0,oof_logistic_3feat,0.337604882812371
6bba_05db0fb1,6bba_05db0fb1:229,union|6bba_05db0fb1:229|75,0,oof_logistic_3feat,0.14846333092096603
6bba_05db0fb1,6bba_05db0fb1:229,union|6bba_05db0fb1:229|76,0,oof_logistic_3feat,0.22215757121169574
6bba_05db0fb1,6bba_05db0fb1:229,union|6bba_05db0fb1:229|77,0,oof_logistic_3feat,0.32549709344675065
6bba_05db0fb1,6bba_05db0fb1:229,union|6bba_05db0fb1:229|78,0,oof_logistic_3feat,0.12842736389597387
6bba_05db0fb1,6bba_05db0fb1:229,union|6bba_05db0fb1:229|79,0,oof_logistic_3feat,0.3308093463156299
6bba_05db0fb1,6bba_05db0fb1:229,union|6bba_05db0fb1:229|80,0,oof_logistic_3feat,0.03740875415784289
6bba_05db0fb1,6bba_05db0fb1:229,union|6bba_05db0fb1:229|81,0,oof_logistic_3feat,0.09138442374139379
6bba_05db0fb1,6bba_05db0fb1:229,union|6bba_05db0fb1:229|82,0,oof_logistic_3feat,0.08834285147294316
6bba_05db0fb1,6bba_05db0fb1:229,union|6bba_05db0fb1:229|83,0,oof_logistic_3feat,0.09335807495298189
6bba_05db0fb1,6bba_05db0fb1:229,union|6bba_05db0fb1:229|84,0,oof_logistic_3feat,0.5891154115095598
6bba_05db0fb1,6bba_05db0fb1:229,union|6bba_05db0fb1:229|85,0,oof_logistic_3feat,0.2002674542429006
6bba_05db0fb1,6bba_05db0fb1:229,union|6bba_05db0fb1:229|86,0,oof_logistic_3feat,0.6044457154876492
6bba_05db0fb1,6bba_05db0fb1:229,union|6bba_05db0fb1:229|87,1,oof_logistic_3feat,0.9433766800251999
6bba_05db0fb1,6bba_05db0fb1:229,union|6bba_05db0fb1:229|88,0,oof_logistic_3feat,0.6234060386431882
6bba_05db0fb1,6bba_05db0fb1:229,union|6bba_05db0fb1:229|89,0,oof_logistic_3feat,0.6312150142294561
6bba_05db0fb1,6bba_05db0fb1:229,union|6bba_05db0fb1:229|90,0,oof_logistic_3feat,0.3139558940376281
6bba_05db0fb1,6bba_05db0fb1:229,union|6bba_05db0fb1:229|91,0,oof_logistic_3feat,0.03799804958904271
6bba_05db0fb1,6bba_05db0fb1:229,union|6bba_05db0fb1:229|92,0,oof_logistic_3feat,0.3874623332085709
6bba_05db0fb1,6bba_05db0fb1:229,union|6bba_05db0fb1:229|93,0,oof_logistic_3feat,0.2779782095314812
6bba_05db0fb1,6bba_05db0fb1:229,union|6bba_05db0fb1:229|94,0,oof_logistic_3feat,0.7686452326703072
6bba_05db0fb1,6bba_05db0fb1:229,union|6bba_05db0fb1:229|95,0,oof_logistic_3feat,0.13103989345001793
6bba_05db0fb1,6bba_05db0fb1:229,union|6bba_05db0fb1:229|96,0,oof_logistic_3feat,0.590129673821848
6bba_05db0fb1,6bba_05db0fb1:229,union|6bba_05db0fb1:229|97,0,oof_logistic_3feat,0.5598653272228604
6bba_05db0fb1,6bba_05db0fb1:229,union|6bba_05db0fb1:229|98,0,oof_logistic_3feat,0.17478936443203288
6bba_05db0fb1,6bba_05db0fb1:229,union|6bba_05db0fb1:229|99,0,oof_logistic_3feat,0.13566586088702698
6bba_05db0fb1,6bba_05db0fb1:229,union|6bba_05db0fb1:229|100,0,oof_logistic_3feat,0.3178465477267589
6bba_05db0fb1,6bba_05db0fb1:229,union|6bba_05db0fb1:229|101,0,oof_logistic_3feat,0.2080454430538992
6bba_05db0fb1,6bba_05db0fb1:229,union|6bba_05db0fb1:229|102,0,oof_logistic_3feat,0.18080864662447726
6bba_05db0fb1,6bba_05db0fb1:229,union|6bba_05db0fb1:229|103,0,oof_logistic_3feat,0.028653316873318676
6bba_05db0fb1,6bba_05db0fb1:229,union|6bba_05db0fb1:229|104,0,oof_logistic_3feat,0.2057494122676246
6bba_05db0fb1,6bba_05db0fb1:229,union|6bba_05db0fb1:229|105,0,oof_logistic_3feat,0.07599485021132585
6bba_05db0fb1,6bba_05db0fb1:229,union|6bba_05db0fb1:229|106,0,oof_logistic_3feat,0.13210043084477835
6bba_05db0fb1,6bba_05db0fb1:229,union|6bba_05db0fb1:229|107,0,oof_logistic_3feat,0.12905505093843286
6bba_05db0fb1,6bba_05db0fb1:229,union|6bba_05db0fb1:229|108,0,oof_logistic_3feat,0.123165884155854
6bba_05db0fb1,6bba_05db0fb1:229,union|6bba_05db0fb1:229|109,0,oof_logistic_3feat,0.0320367059441547
6bba_05db0fb1,6bba_05db0fb1:229,union|6bba_05db0fb1:229|110,0,oof_logistic_3feat,0.029538683814743488
6bba_05db0fb1,6bba_05db0fb1:229,union|6bba_05db0fb1:229|111,0,oof_logistic_3feat,0.027906831536116002
6bba_05db0fb1,6bba_05db0fb1:229,union|6bba_05db0fb1:229|112,0,oof_logistic_3feat,0.030332931550117754
6bba_05db0fb1,6bba_05db0fb1:229,union|6bba_05db0fb1:229|113,0,oof_logistic_3feat,0.02688240193886347
6bba_05db0fb1,6bba_05db0fb1:229,union|6bba_05db0fb1:229|114,0,oof_logistic_3feat,0.21560245225537475
6bba_05db0fb1,6bba_05db0fb1:229,union|6bba_05db0fb1:229|115,0,oof_logistic_3feat,0.22916732752146082
6bba_05db0fb1,6bba_05db0fb1:229,union|6bba_05db0fb1:229|116,0,oof_logistic_3feat,0.19464101520953087
6bba_05db0fb1,6bba_05db0fb1:229,union|6bba_05db0fb1:229|117,0,oof_logistic_3feat,0.20663671991097785
6bba_05db0fb1,6bba_05db0fb1:229,union|6bba_05db0fb1:229|118,0,oof_logistic_3feat,0.03667232829803992
6bba_05db0fb1,6bba_05db0fb1:229,union|6bba_05db0fb1:229|119,0,oof_logistic_3feat,0.05623458968332207
6bba_05db0fb1,6bba_05db0fb1:229,union|6bba_05db0fb1:229|120,0,oof_logistic_3feat,0.6375280871388799
6bba_05db0fb1,6bba_05db0fb1:229,union|6bba_05db0fb1:229|121,0,oof_logistic_3feat,0.6082382973981335
6bba_05db0fb1,6bba_05db0fb1:229,union|6bba_05db0fb1:229|122,0,oof_logistic_3feat,0.642337748990172
6bba_05db0fb1,6bba_05db0fb1:229,union|6bba_05db0fb1:229|123,0,oof_logistic_3feat,0.2998190950825256
6bba_05db0fb1,6bba_05db0fb1:229,union|6bba_05db0fb1:229|124,0,oof_logistic_3feat,0.2671837550885674
6bba_05db0fb1,6bba_05db0fb1:229,union|6bba_05db0fb1:229|125,0,oof_logistic_3feat,0.26683743252133285
6bba_05db0fb1,6bba_05db0fb1:229,union|6bba_05db0fb1:229|126,0,oof_logistic_3feat,0.261976599734753
6bba_05db0fb1,6bba_05db0fb1:229,union|6bba_05db0fb1:229|127,0,oof_logistic_3feat,0.6549359007845728
6bba_05db0fb1,6bba_05db0fb1:229,union|6bba_05db0fb1:229|128,0,oof_logistic_3feat,0.17205427298410467
6bba_05db0fb1,6bba_05db0fb1:229,union|6bba_05db0fb1:229|129,0,oof_logistic_3feat,0.12023831549457546
6bba_05db0fb1,6bba_05db0fb1:229,union|6bba_05db0fb1:229|130,0,oof_logistic_3feat,0.625777397720258
6bba_05db0fb1,6bba_05db0fb1:229,union|6bba_05db0fb1:229|131,0,oof_logistic_3feat,0.2994668757713183
6bba_05db0fb1,6bba_05db0fb1:229,union|6bba_05db0fb1:229|132,0,oof_logistic_3feat,0.04283373053678666
6bba_05db0fb1,6bba_05db0fb1:229,union|6bba_05db0fb1:229|133,0,oof_logistic_3feat,0.3881849318206802
6bba_05db0fb1,6bba_05db0fb1:229,union|6bba_05db0fb1:229|134,0,oof_logistic_3feat,0.2522413040441986
6bba_05db0fb1,6bba_05db0fb1:229,union|6bba_05db0fb1:229|135,0,oof_logistic_3feat,0.02806574853283533
6bba_05db0fb1,6bba_05db0fb1:229,union|6bba_05db0fb1:229|136,0,oof_logistic_3feat,0.8991644681532286
6bba_05db0fb1,6bba_05db0fb1:229,union|6bba_05db0fb1:229|137,0,oof_logistic_3feat,0.0787585475961727
6bba_05db0fb1,6bba_05db0fb1:229,union|6bba_05db0fb1:229|138,0,oof_logistic_3feat,0.6127753966253024
6bba_05db0fb1,6bba_05db0fb1:229,union|6bba_05db0fb1:229|139,0,oof_logistic_3feat,0.2980360645908794
6bba_05db0fb1,6bba_05db0fb1:229,union|6bba_05db0fb1:229|140,0,oof_logistic_3feat,0.040739380596040126
6bba_05db0fb1,6bba_05db0fb1:229,union|6bba_05db0fb1:229|141,0,oof_logistic_3feat,0.2771702760937996
6bba_05db0fb1,6bba_05db0fb1:229,union|6bba_05db0fb1:229|142,0,oof_logistic_3feat,0.12273671043467627
6bba_05db0fb1,6bba_05db0fb1:229,union|6bba_05db0fb1:229|143,0,oof_logistic_3feat,0.19010983904144205
6bba_05db0fb1,6bba_05db0fb1:229,union|6bba_05db0fb1:229|144,0,oof_logistic_3feat,0.047502877673722216
6bba_05db0fb1,6bba_05db0fb1:229,union|6bba_05db0fb1:229|145,0,oof_logistic_3feat,0.04095326578607793
6bba_05db0fb1,6bba_05db0fb1:229,union|6bba_05db0fb1:229|146,0,oof_logistic_3feat,0.023971434089543994
6bba_05db0fb1,6bba_05db0fb1:229,union|6bba_05db0fb1:229|147,0,oof_logistic_3feat,0.04170738003139425
6bba_05db0fb1,6bba_05db0fb1:229,union|6bba_05db0fb1:229|148,0,oof_logistic_3feat,0.03879485747692129
6bba_05db0fb1,6bba_05db0fb1:229,union|6bba_05db0fb1:229|149,0,oof_logistic_3feat,0.13236305536341134
6bba_05db0fb1,6bba_05db0fb1:229,union|6bba_05db0fb1:229|150,0,oof_logistic_3feat,0.1389051436227608
6bba_05db0fb1,6bba_05db0fb1:229,union|6bba_05db0fb1:229|151,0,oof_logistic_3feat,0.03059186605665909
6bba_05db0fb1,6bba_05db0fb1:229,union|6bba_05db0fb1:229|152,0,oof_logistic_3feat,0.027869117264016138
6bba_05db0fb1,6bba_05db0fb1:229,union|6bba_05db0fb1:229|153,0,oof_logistic_3feat,0.027647765711761238
6bba_05db0fb1,6bba_05db0fb1:229,union|6bba_05db0fb1:229|154,0,oof_logistic_3feat,0.028417152409058916
6bba_05db0fb1,6bba_05db0fb1:229,union|6bba_05db0fb1:229|155,0,oof_logistic_3feat,0.29693860240584546
6bba_05db0fb1,6bba_05db0fb1:229,union|6bba_05db0fb1:229|156,0,oof_logistic_3feat,0.04111304677305029
6bba_05db0fb1,6bba_05db0fb1:229,union|6bba_05db0fb1:229|157,0,oof_logistic_3feat,0.2545771638450196
6bba_05db0fb1,6bba_05db0fb1:229,union|6bba_05db0fb1:229|158,0,oof_logistic_3feat,0.08631084273745482
6bba_05db0fb1,6bba_05db0fb1:229,union|6bba_05db0fb1:229|159,0,oof_logistic_3feat,0.031183500312817088
6bba_05db0fb1,6bba_05db0fb1:229,union|6bba_05db0fb1:229|160,0,oof_logistic_3feat,0.08139696117565345
6bba_05db0fb1,6bba_05db0fb1:229,union|6bba_05db0fb1:229|161,0,oof_logistic_3feat,0.008546006577886456
6bba_05db0fb1,6bba_05db0fb1:229,union|6bba_05db0fb1:229|162,0,oof_logistic_3feat,0.008824445754054121
6bba_05db0fb1,6bba_05db0fb1:229,union|6bba_05db0fb1:229|163,0,oof_logistic_3feat,0.06598030208429533
6bba_05db0fb1,6bba_05db0fb1:229,union|6bba_05db0fb1:229|164,0,oof_logistic_3feat,0.006910870178577713
6bba_05db0fb1,6bba_05db0fb1:229,union|6bba_05db0fb1:229|165,0,oof_logistic_3feat,0.11198716007205986
6bba_05db0fb1,6bba_05db0fb1:229,union|6bba_05db0fb1:229|166,0,oof_logistic_3feat,0.018555392663069086
6bba_05db0fb1,6bba_05db0fb1:229,union|6bba_05db0fb1:229|167,0,oof_logistic_3feat,0.005913939409751974
6bba_05db0fb1,6bba_05db0fb1:229,union|6bba_05db0fb1:229|168,0,oof_logistic_3feat,0.06435148334845066
6bba_05db0fb1,6bba_05db0fb1:229,union|6bba_05db0fb1:229|169,0,oof_logistic_3feat,0.01631334767928601
6bba_05db0fb1,6bba_05db0fb1:229,union|6bba_05db0fb1:229|170,0,oof_logistic_3feat,0.0060169585179675475
6bba_05db0fb1,6bba_05db0fb1:229,union|6bba_05db0fb1:229|171,0,oof_logistic_3feat,0.005597382966861413
6bba_05db0fb1,6bba_05db0fb1:229,union|6bba_05db0fb1:229|172,0,oof_logistic_3feat,0.017314924853495006
6bba_05db0fb1,6bba_05db0fb1:606,union|6bba_05db0fb1:606|0,0,oof_logistic_3feat,0.026066547764728453
6bba_05db0fb1,6bba_05db0fb1:606,union|6bba_05db0fb1:606|1,0,oof_logistic_3feat,0.026805618852292778
6bba_05db0fb1,6bba_05db0fb1:606,union|6bba_05db0fb1:606|2,0,oof_logistic_3feat,0.026421025914238554
6bba_05db0fb1,6bba_05db0fb1:606,union|6bba_05db0fb1:606|3,0,oof_logistic_3feat,0.027903636405201094
6bba_05db0fb1,6bba_05db0fb1:606,union|6bba_05db0fb1:606|4,0,oof_logistic_3feat,0.026118351058138152
6bba_05db0fb1,6bba_05db0fb1:606,union|6bba_05db0fb1:606|5,0,oof_logistic_3feat,0.027523573143234663
6bba_05db0fb1,6bba_05db0fb1:606,union|6bba_05db0fb1:606|6,0,oof_logistic_3feat,0.005628790877620677
6bba_05db0fb1,6bba_05db0fb1:606,union|6bba_05db0fb1:606|7,0,oof_logistic_3feat,0.0058478258217753605
6bba_05db0fb1,6bba_05db0fb1:606,union|6bba_05db0fb1:606|8,0,oof_logistic_3feat,0.005770395318621848
6bba_05db0fb1,6bba_05db0fb1:606,union|6bba_05db0fb1:606|9,0,oof_logistic_3feat,0.042567405570670284
6bba_05db0fb1,6bba_05db0fb1:606,union|6bba_05db0fb1:606|10,0,oof_logistic_3feat,0.02030850673807918
6bba_05db0fb1,6bba_05db0fb1:606,union|6bba_05db0fb1:606|11,0,oof_logistic_3feat,0.18398697490825336
6bba_05db0fb1,6bba_05db0fb1:606,union|6bba_05db0fb1:606|12,0,oof_logistic_3feat,0.12092625863446933
6bba_05db0fb1,6bba_05db0fb1:606,union|6bba_05db0fb1:606|13,0,oof_logistic_3feat,0.05190495785771791
6bba_05db0fb1,6bba_05db0fb1:606,union|6bba_05db0fb1:606|14,0,oof_logistic_3feat,0.2111764993094982
6bba_05db0fb1,6bba_05db0fb1:606,union|6bba_05db0fb1:606|15,0,oof_logistic_3feat,0.13471757322890873
6bba_05db0fb1,6bba_05db0fb1:606,union|6bba_05db0fb1:606|16,0,oof_logistic_3feat,0.20615392291995788
6bba_05db0fb1,6bba_05db0fb1:606,union|6bba_05db0fb1:606|17,0,oof_logistic_3feat,0.17130765793657388
6bba_05db0fb1,6bba_05db0fb1:606,union|6bba_05db0fb1:606|18,0,oof_logistic_3feat,0.21690371584556242
6bba_05db0fb1,6bba_05db0fb1:606,union|6bba_05db0fb1:606|19,0,oof_logistic_3feat,0.0466348105443568
6bba_05db0fb1,6bba_05db0fb1:606,union|6bba_05db0fb1:606|20,0,oof_logistic_3feat,0.011137479221175958
6bba_05db0fb1,6bba_05db0fb1:606,union|6bba_05db0fb1:606|21,0,oof_logistic_3feat,0.05344220065736668
6bba_05db0fb1,6bba_05db0fb1:606,union|6bba_05db0fb1:606|22,0,oof_logistic_3feat,0.05396220654507571
6bba_05db0fb1,6bba_05db0fb1:606,union|6bba_05db0fb1:606|23,0,oof_logistic_3feat,0.048852133294434656
6bba_05db0fb1,6bba_05db0fb1:606,union|6bba_05db0fb1:606|24,0,oof_logistic_3feat,0.021019448535749823
6bba_05db0fb1,6bba_05db0fb1:606,union|6bba_05db0fb1:606|25,0,oof_logistic_3feat,0.04671324061979751
6bba_05db0fb1,6bba_05db0fb1:606,union|6bba_05db0fb1:606|26,0,oof_logistic_3feat,0.04830538645559653
6bba_05db0fb1,6bba_05db0fb1:606,union|6bba_05db0fb1:606|27,0,oof_logistic_3feat,0.04486106794819962
6bba_05db0fb1,6bba_05db0fb1:606,union|6bba_05db0fb1:606|28,0,oof_logistic_3feat,0.04880691245304152
6bba_05db0fb1,6bba_05db0fb1:606,union|6bba_05db0fb1:606|29,0,oof_logistic_3feat,0.04420750436806311
6bba_05db0fb1,6bba_05db0fb1:606,union|6bba_05db0fb1:606|30,0,oof_logistic_3feat,0.045252238869328804
6bba_05db0fb1,6bba_05db0fb1:606,union|6bba_05db0fb1:606|31,0,oof_logistic_3feat,0.04905308326197116
6bba_05db0fb1,6bba_05db0fb1:606,union|6bba_05db0fb1:606|32,0,oof_logistic_3feat,0.009551630460215434
6bba_05db0fb1,6bba_05db0fb1:606,union|6bba_05db0fb1:606|33,0,oof_logistic_3feat,0.00937563257946311
6bba_05db0fb1,6bba_05db0fb1:606,union|6bba_05db0fb1:606|34,0,oof_logistic_3feat,0.010748815544063966
6bba_05db0fb1,6bba_05db0fb1:606,union|6bba_05db0fb1:606|35,0,oof_logistic_3feat,0.02189510994329658
6bba_05db0fb1,6bba_05db0fb1:606,union|6bba_05db0fb1:606|36,0,oof_logistic_3feat,0.01934436158014917
6bba_05db0fb1,6bba_05db0fb1:606,union|6bba_05db0fb1:606|37,0,oof_logistic_3feat,0.02245705409622399
6bba_05db0fb1,6bba_05db0fb1:606,union|6bba_05db0fb1:606|38,0,oof_logistic_3feat,0.02351483093531939
6bba_05db0fb1,6bba_05db0fb1:606,union|6bba_05db0fb1:606|39,0,oof_logistic_3feat,0.02124974954139936
6bba_05db0fb1,6bba_05db0fb1:606,union|6bba_05db0fb1:606|40,0,oof_logistic_3feat,0.023253147330290463
6bba_05db0fb1,6bba_05db0fb1:606,union|6bba_05db0fb1:606|41,0,oof_logistic_3feat,0.023253147330290463
6bba_05db0fb1,6bba_05db0fb1:606,union|6bba_05db0fb1:606|42,0,oof_logistic_3feat,0.004944529320257455
6bba_05db0fb1,6bba_05db0fb1:606,union|6bba_05db0fb1:606|43,0,oof_logistic_3feat,0.004584697218997909
6bba_05db0fb1,6bba_05db0fb1:606,union|6bba_05db0fb1:606|44,0,oof_logistic_3feat,0.004795822242291881
6bba_05db0fb1,6bba_05db0fb1:606,union|6bba_05db0fb1:606|45,0,oof_logistic_3feat,0.004985765373614334
6bba_05db0fb1,6bba_05db0fb1:606,union|6bba_05db0fb1:606|46,0,oof_logistic_3feat,0.004982877930444291
6bba_05db0fb1,6bba_05db0fb1:606,union|6bba_05db0fb1:606|47,0,oof_logistic_3feat,0.12192825108720708
6bba_05db0fb1,6bba_05db0fb1:606,union|6bba_05db0fb1:606|48,0,oof_logistic_3feat,0.4759392513410373
6bba_05db0fb1,6bba_05db0fb1:606,union|6bba_05db0fb1:606|49,0,oof_logistic_3feat,0.13996728795009733
6bba_05db0fb1,6bba_05db0fb1:606,union|6bba_05db0fb1:606|50,0,oof_logistic_3feat,0.5309497449321494
6bba_05db0fb1,6bba_05db0fb1:606,union|6bba_05db0fb1:606|51,0,oof_logistic_3feat,0.17296642632483494
6bba_05db0fb1,6bba_05db0fb1:606,union|6bba_05db0fb1:606|52,0,oof_logistic_3feat,0.5391019410175388
6bba_05db0fb1,6bba_05db0fb1:606,union|6bba_05db0fb1:606|53,0,oof_logistic_3feat,0.43900998646057054
6bba_05db0fb1,6bba_05db0fb1:606,union|6bba_05db0fb1:606|54,0,oof_logistic_3feat,0.18238621810967143
6bba_05db0fb1,6bba_05db0fb1:606,union|6bba_05db0fb1:606|55,0,oof_logistic_3feat,0.1720804297666535
6bba_05db0fb1,6bba_05db0fb1:606,union|6bba_05db0fb1:606|56,0,oof_logistic_3feat,0.19288455162525903
6bba_05db0fb1,6bba_05db0fb1:606,union|6bba_05db0fb1:606|57,0,oof_logistic_3feat,0.0930343302372976
6bba_05db0fb1,6bba_05db0fb1:606,union|6bba_05db0fb1:606|58,0,oof_logistic_3feat,0.16765156751531107
6bba_05db0fb1,6bba_05db0fb1:606,union|6bba_05db0fb1:606|59,0,oof_logistic_3feat,0.13135420594691966
6bba_05db0fb1,6bba_05db0fb1:606,union|6bba_05db0fb1:606|60,0,oof_logistic_3feat,0.13211212426682092
6bba_05db0fb1,6bba_05db0fb1:606,union|6bba_05db0fb1:606|61,0,oof_logistic_3feat,0.11672376644884964
6bba_05db0fb1,6bba_05db0fb1:606,union|6bba_05db0fb1:606|62,0,oof_logistic_3feat,0.12289731429770925
6bba_05db0fb1,6bba_05db0fb1:606,union|6bba_05db0fb1:606|63,0,oof_logistic_3feat,0.0731127628662215
6bba_05db0fb1,6bba_05db0fb1:606,union|6bba_05db0fb1:606|64,0,oof_logistic_3feat,0.13135420594691966
6bba_05db0fb1,6bba_05db0fb1:606,union|6bba_05db0fb1:606|65,0,oof_logistic_3feat,0.007312972111625988
6bba_05db0fb1,6bba_05db0fb1:606,union|6bba_05db0fb1:606|66,0,oof_logistic_3feat,0.027703234477517213
6bba_05db0fb1,6bba_05db0fb1:606,union|6bba_05db0fb1:606|67,0,oof_logistic_3feat,0.0275274249826586
6bba_05db0fb1,6bba_05db0fb1:606,union|6bba_05db0fb1:606|68,0,oof_logistic_3feat,0.02766577878242392
6bba_05db0fb1,6bba_05db0fb1:606,union|6bba_05db0fb1:606|69,0,oof_logistic_3feat,0.02915302245837407
6bba_05db0fb1,6bba_05db0fb1:606,union|6bba_05db0fb1:606|70,0,oof_logistic_3feat,0.04701656483318137
6bba_05db0fb1,6bba_05db0fb1:606,union|6bba_05db0fb1:606|71,0,oof_logistic_3feat,0.04532044155231873
6bba_05db0fb1,6bba_05db0fb1:606,union|6bba_05db0fb1:606|72,0,oof_logistic_3feat,0.043737102781881164
6bba_05db0fb1,6bba_05db0fb1:606,union|6bba_05db0fb1:606|73,0,oof_logistic_3feat,0.052399907771618924
6bba_05db0fb1,6bba_05db0fb1:606,union|6bba_05db0fb1:606|74,0,oof_logistic_3feat,0.05264362159389606
6bba_05db0fb1,6bba_05db0fb1:606,union|6bba_05db0fb1:606|75,0,oof_logistic_3feat,0.007531200603717023
6bba_05db0fb1,6bba_05db0fb1:606,union|6bba_05db0fb1:606|76,0,oof_logistic_3feat,0.01019555172999225
6bba_05db0fb1,6bba_05db0fb1:606,union|6bba_05db0fb1:606|77,0,oof_logistic_3feat,0.008124081888290864
6bba_05db0fb1,6bba_05db0fb1:606,union|6bba_05db0fb1:606|78,0,oof_logistic_3feat,0.011247091439563164
6bba_05db0fb1,6bba_05db0fb1:606,union|6bba_05db0fb1:606|79,0,oof_logistic_3feat,0.1361200911620389
6bba_05db0fb1,6bba_05db0fb1:606,union|6bba_05db0fb1:606|80,0,oof_logistic_3feat,0.4523972618632202
6bba_05db0fb1,6bba_05db0fb1:606,union|6bba_05db0fb1:606|81,0,oof_logistic_3feat,0.48811532755078074
6bba_05db0fb1,6bba_05db0fb1:606,union|6bba_05db0fb1:606|82,0,oof_logistic_3feat,0.4228423696430597
6bba_05db0fb1,6bba_05db0fb1:606,union|6bba_05db0fb1:606|83,0,oof_logistic_3feat,0.18276257461122475
6bba_05db0fb1,6bba_05db0fb1:606,union|6bba_05db0fb1:606|84,0,oof_logistic_3feat,0.1468949254187473
6bba_05db0fb1,6bba_05db0fb1:606,union|6bba_05db0fb1:606|85,0,oof_logistic_3feat,0.010230286931069317
6bba_05db0fb1,6bba_05db0fb1:606,union|6bba_05db0fb1:606|86,0,oof_logistic_3feat,0.1644657834316644
6bba_05db0fb1,6bba_05db0fb1:606,union|6bba_05db0fb1:606|87,0,oof_logistic_3feat,0.09996819795205143
6bba_05db0fb1,6bba_05db0fb1:606,union|6bba_05db0fb1:606|88,0,oof_logistic_3feat,0.15110811657384599
6bba_05db0fb1,6bba_05db0fb1:606,union|6bba_05db0fb1:606|89,0,oof_logistic_3feat,0.11994120113726059
6bba_05db0fb1,6bba_05db0fb1:606,union|6bba_05db0fb1:606|90,0,oof_logistic_3feat,0.12321681251899332
6bba_05db0fb1,6bba_05db0fb1:606,union|6bba_05db0fb1:606|91,0,oof_logistic_3feat,0.12786296109654768
6bba_05db0fb1,6bba_05db0fb1:606,union|6bba_05db0fb1:606|92,0,oof_logistic_3feat,0.06714042572583655
6bba_05db0fb1,6bba_05db0fb1:606,union|6bba_05db0fb1:606|93,0,oof_logistic_3feat,0.006432385493220373
6bba_05db0fb1,6bba_05db0fb1:606,union|6bba_05db0fb1:606|94,0,oof_logistic_3feat,0.028594730720722054
6bba_05db0fb1,6bba_05db0fb1:606,union|6bba_05db0fb1:606|95,0,oof_logistic_3feat,0.00959636860428421
6bba_05db0fb1,6bba_05db0fb1:606,union|6bba_05db0fb1:606|96,0,oof_logistic_3feat,0.029082299043492847
6bba_05db0fb1,6bba_05db0fb1:606,union|6bba_05db0fb1:606|97,0,oof_logistic_3feat,0.1643232269415809
6bba_05db0fb1,6bba_05db0fb1:606,union|6bba_05db0fb1:606|98,0,oof_logistic_3feat,0.786993673264813
6bba_05db0fb1,6bba_05db0fb1:606,union|6bba_05db0fb1:606|99,0,oof_logistic_3feat,0.4310330492374652
6bba_05db0fb1,6bba_05db0fb1:606,union|6bba_05db0fb1:606|100,0,oof_logistic_3feat,0.07185901695515198
6bba_05db0fb1,6bba_05db0fb1:606,union|6bba_05db0fb1:606|101,0,oof_logistic_3feat,0.17767556427577863
6bba_05db0fb1,6bba_05db0fb1:606,union|6bba_05db0fb1:606|102,0,oof_logistic_3feat,0.007021420452061783
6bba_05db0fb1,6bba_05db0fb1:606,union|6bba_05db0fb1:606|103,0,oof_logistic_3feat,0.6045574932191542
6bba_05db0fb1,6bba_05db0fb1:606,union|6bba_05db0fb1:606|104,0,oof_logistic_3feat,0.009403292241898198
6bba_05db0fb1,6bba_05db0fb1:606,union|6bba_05db0fb1:606|105,0,oof_logistic_3feat,0.3840240191346816
6bba_05db0fb1,6bba_05db0fb1:606,union|6bba_05db0fb1:606|106,0,oof_logistic_3feat,0.09736767163114157
6bba_05db0fb1,6bba_05db0fb1:606,union|6bba_05db0fb1:606|107,0,oof_logistic_3feat,0.25939898859979205
6bba_05db0fb1,6bba_05db0fb1:606,union|6bba_05db0fb1:606|108,0,oof_logistic_3feat,0.1494314612099273
6bba_05db0fb1,6bba_05db0fb1:606,union|6bba_05db0fb1:606|109,0,oof_logistic_3feat,0.17615487776745156
6bba_05db0fb1,6bba_05db0fb1:606,union|6bba_05db0fb1:606|110,0,oof_logistic_3feat,0.06210732654149413
6bba_05db0fb1,6bba_05db0fb1:606,union|6bba_05db0fb1:606|111,0,oof_logistic_3feat,0.16496224458056405
6bba_05db0fb1,6bba_05db0fb1:606,union|6bba_05db0fb1:606|112,0,oof_logistic_3feat,0.006140240468295352
6bba_05db0fb1,6bba_05db0fb1:606,union|6bba_05db0fb1:606|113,0,oof_logistic_3feat,0.03766850325622595
6bba_05db0fb1,6bba_05db0fb1:606,union|6bba_05db0fb1:606|114,0,oof_logistic_3feat,0.03425068330855246
6bba_05db0fb1,6bba_05db0fb1:606,union|6bba_05db0fb1:606|115,0,oof_logistic_3feat,0.038135588066685225
6bba_05db0fb1,6bba_05db0fb1:606,union|6bba_05db0fb1:606|116,0,oof_logistic_3feat,0.04188146435589358
6bba_05db0fb1,6bba_05db0fb1:606,union|6bba_05db0fb1:606|117,0,oof_logistic_3feat,0.42135041557182296
6bba_05db0fb1,6bba_05db0fb1:606,union|6bba_05db0fb1:606|118,0,oof_logistic_3feat,0.06534214408095042
6bba_05db0fb1,6bba_05db0fb1:606,union|6bba_05db0fb1:606|119,0,oof_logistic_3feat,0.15499101570680876
6bba_05db0fb1,6bba_05db0fb1:606,union|6bba_05db0fb1:606|120,0,oof_logistic_3feat,0.006470350236685344
6bba_05db0fb1,6bba_05db0fb1:606,union|6bba_05db0fb1:606|121,0,oof_logistic_3feat,0.4237274191404734
6bba_05db0fb1,6bba_05db0fb1:606,union|6bba_05db0fb1:606|122,0,oof_logistic_3feat,0.011296296642922995
6bba_05db0fb1,6bba_05db0fb1:606,union|6bba_05db0fb1:606|123,0,oof_logistic_3feat,0.3386331996632867
6bba_05db0fb1,6bba_05db0fb1:606,union|6bba_05db0fb1:606|124,0,oof_logistic_3feat,0.08504356769251212
6bba_05db0fb1,6bba_05db0fb1:606,union|6bba_05db0fb1:606|125,0,oof_logistic_3feat,0.26112235160565694
6bba_05db0fb1,6bba_05db0fb1:606,union|6bba_05db0fb1:606|126,0,oof_logistic_3feat,0.0783071142117876
6bba_05db0fb1,6bba_05db0fb1:606,union|6bba_05db0fb1:606|127,0,oof_logistic_3feat,0.15764563900690703
6bba_05db0fb1,6bba_05db0fb1:606,union|6bba_05db0fb1:606|128,0,oof_logistic_3feat,0.13030210142531937
6bba_05db0fb1,6bba_05db0fb1:606,union|6bba_05db0fb1:606|129,0,oof_logistic_3feat,0.13070283794799212
6bba_05db0fb1,6bba_05db0fb1:606,union|6bba_05db0fb1:606|130,0,oof_logistic_3feat,0.08730114603024948
6bba_05db0fb1,6bba_05db0fb1:606,union|6bba_05db0fb1:606|131,0,oof_logistic_3feat,0.1263949890071527
6bba_05db0fb1,6bba_05db0fb1:606,union|6bba_05db0fb1:606|132,0,oof_logistic_3feat,0.07280545872033053
6bba_05db0fb1,6bba_05db0fb1:606,union|6bba_05db0fb1:606|133,0,oof_logistic_3feat,0.0055643249209672285
6bba_05db0fb1,6bba_05db0fb1:606,union|6bba_05db0fb1:606|134,0,oof_logistic_3feat,0.01580379901575483
6bba_05db0fb1,6bba_05db0fb1:606,union|6bba_05db0fb1:606|135,0,oof_logistic_3feat,0.011281083001621006
6bba_05db0fb1,6bba_05db0fb1:606,union|6bba_05db0fb1:606|136,0,oof_logistic_3feat,0.014000413740881132
6bba_05db0fb1,6bba_05db0fb1:606,union|6bba_05db0fb1:606|137,0,oof_logistic_3feat,0.01614316134010174
6bba_05db0fb1,6bba_05db0fb1:606,union|6bba_05db0fb1:606|138,0,oof_logistic_3feat,0.007250420498401941
6bba_05db0fb1,6bba_05db0fb1:606,union|6bba_05db0fb1:606|139,0,oof_logistic_3feat,0.04067481060828953
6bba_05db0fb1,6bba_05db0fb1:606,union|6bba_05db0fb1:606|140,0,oof_logistic_3feat,0.03625713253869239
6bba_05db0fb1,6bba_05db0fb1:606,union|6bba_05db0fb1:606|141,0,oof_logistic_3feat,0.035219880892940314
6bba_05db0fb1,6bba_05db0fb1:606,union|6bba_05db0fb1:606|142,0,oof_logistic_3feat,0.04076797930087757
6bba_05db0fb1,6bba_05db0fb1:606,union|6bba_05db0fb1:606|143,0,oof_logistic_3feat,0.0014831258284043764
6bba_05db0fb1,6bba_05db0fb1:606,union|6bba_05db0fb1:606|144,0,oof_logistic_3feat,0.0015336900562216119
6bba_05db0fb1,6bba_05db0fb1:606,union|6bba_05db0fb1:606|145,0,oof_logistic_3feat,0.0013230922000948319
6bba_05db0fb1,6bba_05db0fb1:606,union|6bba_05db0fb1:606|146,0,oof_logistic_3feat,0.0015328216161165974
6bba_05db0fb1,6bba_05db0fb1:606,union|6bba_05db0fb1:606|147,0,oof_logistic_3feat,0.002126727690170926
6bba_05db0fb1,6bba_05db0fb1:606,union|6bba_05db0fb1:606|148,0,oof_logistic_3feat,0.10998385322989203
6bba_05db0fb1,6bba_05db0fb1:606,union|6bba_05db0fb1:606|149,0,oof_logistic_3feat,0.01995593090393628
6bba_05db0fb1,6bba_05db0fb1:606,union|6bba_05db0fb1:606|150,1,oof_logistic_3feat,0.06114077487938347
6bba_05db0fb1,6bba_05db0fb1:606,union|6bba_05db0fb1:606|151,0,oof_logistic_3feat,0.00234315144089451
6bba_05db0fb1,6bba_05db0fb1:606,union|6bba_05db0fb1:606|152,0,oof_logistic_3feat,0.018592003339124568
6bba_05db0fb1,6bba_05db0fb1:606,union|6bba_05db0fb1:606|153,0,oof_logistic_3feat,0.06759869936908255
6bba_05db0fb1,6bba_05db0fb1:606,union|6bba_05db0fb1:606|154,0,oof_logistic_3feat,0.01950631897554963
6bba_05db0fb1,6bba_05db0fb1:751,union|6bba_05db0fb1:751|0,0,oof_logistic_3feat,0.27698356418905923
6bba_05db0fb1,6bba_05db0fb1:751,union|6bba_05db0fb1:751|1,0,oof_logistic_3feat,0.7600843148504682
6bba_05db0fb1,6bba_05db0fb1:751,union|6bba_05db0fb1:751|2,0,oof_logistic_3feat,0.41608845467200645
6bba_05db0fb1,6bba_05db0fb1:751,union|6bba_05db0fb1:751|3,0,oof_logistic_3feat,0.695933752940723
6bba_05db0fb1,6bba_05db0fb1:751,union|6bba_05db0fb1:751|4,0,oof_logistic_3feat,0.7604558629015937
6bba_05db0fb1,6bba_05db0fb1:751,union|6bba_05db0fb1:751|5,0,oof_logistic_3feat,0.7749628914305303
6bba_05db0fb1,6bba_05db0fb1:751,union|6bba_05db0fb1:751|6,0,oof_logistic_3feat,0.7665513828241345
6bba_05db0fb1,6bba_05db0fb1:751,union|6bba_05db0fb1:751|7,0,oof_logistic_3feat,0.6132285280768245
6bba_05db0fb1,6bba_05db0fb1:751,union|6bba_05db0fb1:751|8,0,oof_logistic_3feat,0.2776287350812274
6bba_05db0fb1,6bba_05db0fb1:751,union|6bba_05db0fb1:751|9,0,oof_logistic_3feat,0.7851523106519218
6bba_05db0fb1,6bba_05db0fb1:751,union|6bba_05db0fb1:751|10,0,oof_logistic_3feat,0.056525263724118716
6bba_05db0fb1,6bba_05db0fb1:751,union|6bba_05db0fb1:751|11,0,oof_logistic_3feat,0.13213737038400658
6bba_05db0fb1,6bba_05db0fb1:751,union|6bba_05db0fb1:751|12,0,oof_logistic_3feat,0.3960212887530403
6bba_05db0fb1,6bba_05db0fb1:751,union|6bba_05db0fb1:751|13,0,oof_logistic_3feat,0.29802325724069506
6bba_05db0fb1,6bba_05db0fb1:751,union|6bba_05db0fb1:751|14,0,oof_logistic_3feat,0.27017620361402095
6bba_05db0fb1,6bba_05db0fb1:751,union|6bba_05db0fb1:751|15,0,oof_logistic_3feat,0.3256068005996758
6bba_05db0fb1,6bba_05db0fb1:751,union|6bba_05db0fb1:751|16,0,oof_logistic_3feat,0.4121864361588174
6bba_05db0fb1,6bba_05db0fb1:751,union|6bba_05db0fb1:751|17,0,oof_logistic_3feat,0.2750038898593419
6bba_05db0fb1,6bba_05db0fb1:751,union|6bba_05db0fb1:751|18,0,oof_logistic_3feat,0.27633122027378226
6bba_05db0fb1,6bba_05db0fb1:751,union|6bba_05db0fb1:751|19,0,oof_logistic_3feat,0.2753386456106644
6bba_05db0fb1,6bba_05db0fb1:751,union|6bba_05db0fb1:751|20,0,oof_logistic_3feat,0.2732990476660139
6bba_05db0fb1,6bba_05db0fb1:751,union|6bba_05db0fb1:751|21,0,oof_logistic_3feat,0.2658452603449596
6bba_05db0fb1,6bba_05db0fb1:751,union|6bba_05db0fb1:751|22,0,oof_logistic_3feat,0.2819641007427054
6bba_05db0fb1,6bba_05db0fb1:751,union|6bba_05db0fb1:751|23,0,oof_logistic_3feat,0.04447785885460313
6bba_05db0fb1,6bba_05db0fb1:751,union|6bba_05db0fb1:751|24,0,oof_logistic_3feat,0.07284643320333035
6bba_05db0fb1,6bba_05db0fb1:751,union|6bba_05db0fb1:751|25,0,oof_logistic_3feat,0.07156931353196788
6bba_05db0fb1,6bba_05db0fb1:751,union|6bba_05db0fb1:751|26,0,oof_logistic_3feat,0.06879433688954048
6bba_05db0fb1,6bba_05db0fb1:751,union|6bba_05db0fb1:751|27,0,oof_logistic_3feat,0.07512361836507876
6bba_05db0fb1,6bba_05db0fb1:751,union|6bba_05db0fb1:751|28,0,oof_logistic_3feat,0.06884770309624497
6bba_05db0fb1,6bba_05db0fb1:751,union|6bba_05db0fb1:751|29,0,oof_logistic_3feat,0.4573848996670694
6bba_05db0fb1,6bba_05db0fb1:751,union|6bba_05db0fb1:751|30,0,oof_logistic_3feat,0.7073706751400114
6bba_05db0fb1,6bba_05db0fb1:751,union|6bba_05db0fb1:751|31,0,oof_logistic_3feat,0.19235276870011386
6bba_05db0fb1,6bba_05db0fb1:751,union|6bba_05db0fb1:751|32,1,oof_logistic_3feat,0.9235980275384165
6bba_05db0fb1,6bba_05db0fb1:751,union|6bba_05db0fb1:751|33,0,oof_logistic_3feat,0.7792211789018103
6bba_05db0fb1,6bba_05db0fb1:751,union|6bba_05db0fb1:751|34,0,oof_logistic_3feat,0.9317403277762178
6bba_05db0fb1,6bba_05db0fb1:751,union|6bba_05db0fb1:751|35,0,oof_logistic_3feat,0.6069048973725146
6bba_05db0fb1,6bba_05db0fb1:751,union|6bba_05db0fb1:751|36,0,oof_logistic_3feat,0.8638114082916892
6bba_05db0fb1,6bba_05db0fb1:751,union|6bba_05db0fb1:751|37,0,oof_logistic_3feat,0.14559964075077206
6bba_05db0fb1,6bba_05db0fb1:751,union|6bba_05db0fb1:751|38,0,oof_logistic_3feat,0.05632318211710482
6bba_05db0fb1,6bba_05db0fb1:751,union|6bba_05db0fb1:751|39,0,oof_logistic_3feat,0.15348794054444062
6bba_05db0fb1,6bba_05db0fb1:751,union|6bba_05db0fb1:751|40,0,oof_logistic_3feat,0.7346172869925858
6bba_05db0fb1,6bba_05db0fb1:751,union|6bba_05db0fb1:751|41,0,oof_logistic_3feat,0.29216242886782695
6bba_05db0fb1,6bba_05db0fb1:751,union|6bba_05db0fb1:751|42,0,oof_logistic_3feat,0.2819893572980005
6bba_05db0fb1,6bba_05db0fb1:751,union|6bba_05db0fb1:751|43,0,oof_logistic_3feat,0.2835166740143582
6bba_05db0fb1,6bba_05db0fb1:751,union|6bba_05db0fb1:751|44,0,oof_logistic_3feat,0.7176327994664977
6bba_05db0fb1,6bba_05db0fb1:751,union|6bba_05db0fb1:751|45,0,oof_logistic_3feat,0.4478887774658518
6bba_05db0fb1,6bba_05db0fb1:751,union|6bba_05db0fb1:751|46,0,oof_logistic_3feat,0.44509491870157486
6bba_05db0fb1,6bba_05db0fb1:751,union|6bba_05db0fb1:751|47,0,oof_logistic_3feat,0.43343790269462634
6bba_05db0fb1,6bba_05db0fb1:751,union|6bba_05db0fb1:751|48,0,oof_logistic_3feat,0.4535174313230349
6bba_05db0fb1,6bba_05db0fb1:751,union|6bba_05db0fb1:751|49,0,oof_logistic_3feat,0.2743282941095433
6bba_05db0fb1,6bba_05db0fb1:751,union|6bba_05db0fb1:751|50,0,oof_logistic_3feat,0.2391249146410629
6bba_05db0fb1,6bba_05db0fb1:751,union|6bba_05db0fb1:751|51,0,oof_logistic_3feat,0.056067697912195714
6bba_05db0fb1,6bba_05db0fb1:751,union|6bba_05db0fb1:751|52,0,oof_logistic_3feat,0.11428534393638076
6bba_05db0fb1,6bba_05db0fb1:751,union|6bba_05db0fb1:751|53,0,oof_logistic_3feat,0.13268550652630332
6bba_05db0fb1,6bba_05db0fb1:751,union|6bba_05db0fb1:751|54,0,oof_logistic_3feat,0.14452374616165045
6bba_05db0fb1,6bba_05db0fb1:751,union|6bba_05db0fb1:751|55,0,oof_logistic_3feat,0.1422877563192882
6bba_05db0fb1,6bba_05db0fb1:751,union|6bba_05db0fb1:751|56,0,oof_logistic_3feat,0.14871991821182054
6bba_05db0fb1,6bba_05db0fb1:751,union|6bba_05db0fb1:751|57,0,oof_logistic_3feat,0.2140212475985206
6bba_05db0fb1,6bba_05db0fb1:751,union|6bba_05db0fb1:751|58,0,oof_logistic_3feat,0.7008123300294264
6bba_05db0fb1,6bba_05db0fb1:751,union|6bba_05db0fb1:751|59,0,oof_logistic_3feat,0.6867797866609485
6bba_05db0fb1,6bba_05db0fb1:751,union|6bba_05db0fb1:751|60,0,oof_logistic_3feat,0.7143544485853637
6bba_05db0fb1,6bba_05db0fb1:751,union|6bba_05db0fb1:751|61,0,oof_logistic_3feat,0.2602290255517497
6bba_05db0fb1,6bba_05db0fb1:751,union|6bba_05db0fb1:751|62,0,oof_logistic_3feat,0.7291521407456271
6bba_05db0fb1,6bba_05db0fb1:751,union|6bba_05db0fb1:751|63,0,oof_logistic_3feat,0.24599712562218967
6bba_05db0fb1,6bba_05db0fb1:751,union|6bba_05db0fb1:751|64,0,oof_logistic_3feat,0.1964700991386255
6bba_05db0fb1,6bba_05db0fb1:751,union|6bba_05db0fb1:751|65,0,oof_logistic_3feat,0.14765444705552658
6bba_05db0fb1,6bba_05db0fb1:751,union|6bba_05db0fb1:751|66,0,oof_logistic_3feat,0.3330298767949643
6bba_05db0fb1,6bba_05db0fb1:751,union|6bba_05db0fb1:751|67,0,oof_logistic_3feat,0.23565156713807967
6bba_05db0fb1,6bba_05db0fb1:751,union|6bba_05db0fb1:751|68,0,oof_logistic_3feat,0.3268737323107319
6bba_05db0fb1,6bba_05db0fb1:751,union|6bba_05db0fb1:751|69,0,oof_logistic_3feat,0.3498742328050635
6bba_05db0fb1,6bba_05db0fb1:751,union|6bba_05db0fb1:751|70,0,oof_logistic_3feat,0.19950275322388883
6bba_05db0fb1,6bba_05db0fb1:751,union|6bba_05db0fb1:751|71,0,oof_logistic_3feat,0.19834836787513066
6bba_05db0fb1,6bba_05db0fb1:751,union|6bba_05db0fb1:751|72,0,oof_logistic_3feat,0.203586797199918
6bba_05db0fb1,6bba_05db0fb1:751,union|6bba_05db0fb1:751|73,0,oof_logistic_3feat,0.13779410309275483
6bba_05db0fb1,6bba_05db0fb1:751,union|6bba_05db0fb1:751|74,0,oof_logistic_3feat,0.05303150079354071
6bba_05db0fb1,6bba_05db0fb1:751,union|6bba_05db0fb1:751|75,0,oof_logistic_3feat,0.043353002907926326
6bba_05db0fb1,6bba_05db0fb1:751,union|6bba_05db0fb1:751|76,0,oof_logistic_3feat,0.04887585267003341
6bba_05db0fb1,6bba_05db0fb1:751,union|6bba_05db0fb1:751|77,0,oof_logistic_3feat,0.7704381483559672
6bba_05db0fb1,6bba_05db0fb1:751,union|6bba_05db0fb1:751|78,0,oof_logistic_3feat,0.9704634745359431
6bba_05db0fb1,6bba_05db0fb1:751,union|6bba_05db0fb1:751|79,0,oof_logistic_3feat,0.585341549264119
6bba_05db0fb1,6bba_05db0fb1:751,union|6bba_05db0fb1:751|80,0,oof_logistic_3feat,0.27983395774143804
6bba_05db0fb1,6bba_05db0fb1:751,union|6bba_05db0fb1:751|81,0,oof_logistic_3feat,0.8535204710166102
6bba_05db0fb1,6bba_05db0fb1:751,union|6bba_05db0fb1:751|82,0,oof_logistic_3feat,0.23512047947288903
6bba_05db0fb1,6bba_05db0fb1:751,union|6bba_05db0fb1:751|83,0,oof_logistic_3feat,0.13455691272507125
6bba_05db0fb1,6bba_05db0fb1:751,union|6bba_05db0fb1:751|84,0,oof_logistic_3feat,0.18711140642838076
6bba_05db0fb1,6bba_05db0fb1:751,union|6bba_05db0fb1:751|85,0,oof_logistic_3feat,0.05627894987194533
6bba_05db0fb1,6bba_05db0fb1:751,union|6bba_05db0fb1:751|86,0,oof_logistic_3feat,0.14753557762488784
6bba_05db0fb1,6bba_05db0fb1:751,union|6bba_05db0fb1:751|87,0,oof_logistic_3feat,0.9034094430004991
6bba_05db0fb1,6bba_05db0fb1:751,union|6bba_05db0fb1:751|88,0,oof_logistic_3feat,0.2738149344730172
6bba_05db0fb1,6bba_05db0fb1:751,union|6bba_05db0fb1:751|89,0,oof_logistic_3feat,0.2755979632197118
6bba_05db0fb1,6bba_05db0fb1:751,union|6bba_05db0fb1:751|90,0,oof_logistic_3feat,0.294318737777892
6bba_05db0fb1,6bba_05db0fb1:751,union|6bba_05db0fb1:751|91,0,oof_logistic_3feat,0.7608037830845735
6bba_05db0fb1,6bba_05db0fb1:751,union|6bba_05db0fb1:751|92,0,oof_logistic_3feat,0.7862399552802996
6bba_05db0fb1,6bba_05db0fb1:751,union|6bba_05db0fb1:751|93,0,oof_logistic_3feat,0.2732990476660139
6bba_05db0fb1,6bba_05db0fb1:751,union|6bba_05db0fb1:751|94,0,oof_logistic_3feat,0.786495775553149
6bba_05db0fb1,6bba_05db0fb1:751,union|6bba_05db0fb1:751|95,0,oof_logistic_3feat,0.24434148369912936
6bba_05db0fb1,6bba_05db0fb1:751,union|6bba_05db0fb1:751|96,0,oof_logistic_3feat,0.1337994592208244
6bba_05db0fb1,6bba_05db0fb1:751,union|6bba_05db0fb1:751|97,0,oof_logistic_3feat,0.18517200862917554
6bba_05db0fb1,6bba_05db0fb1:751,union|6bba_05db0fb1:751|98,0,oof_logistic_3feat,0.1602984322145048
6bba_05db0fb1,6bba_05db0fb1:751,union|6bba_05db0fb1:751|99,0,oof_logistic_3feat,0.4260507133175399
6bba_05db0fb1,6bba_05db0fb1:751,union|6bba_05db0fb1:751|100,0,oof_logistic_3feat,0.2621744315925917
6bba_05db0fb1,6bba_05db0fb1:751,union|6bba_05db0fb1:751|101,0,oof_logistic_3feat,0.31273636947791694
6bba_05db0fb1,6bba_05db0fb1:751,union|6bba_05db0fb1:751|102,0,oof_logistic_3feat,0.4315386332214419
6bba_05db0fb1,6bba_05db0fb1:751,union|6bba_05db0fb1:751|103,0,oof_logistic_3feat,0.5649813939525113
6bba_05db0fb1,6bba_05db0fb1:751,union|6bba_05db0fb1:751|104,0,oof_logistic_3feat,0.2753386456106644
6bba_05db0fb1,6bba_05db0fb1:751,union|6bba_05db0fb1:751|105,0,oof_logistic_3feat,0.856702975837755
6bba_05db0fb1,6bba_05db0fb1:751,union|6bba_05db0fb1:751|106,0,oof_logistic_3feat,0.21728736995312037
6bba_05db0fb1,6bba_05db0fb1:751,union|6bba_05db0fb1:751|107,0,oof_logistic_3feat,0.13813868941866922
6bba_05db0fb1,6bba_05db0fb1:751,union|6bba_05db0fb1:751|108,0,oof_logistic_3feat,0.18209810789117264
6bba_05db0fb1,6bba_05db0fb1:751,union|6bba_05db0fb1:751|109,0,oof_logistic_3feat,0.055458099785739644
6bba_05db0fb1,6bba_05db0fb1:751,union|6bba_05db0fb1:751|110,0,oof_logistic_3feat,0.1425670823736412
6bba_05db0fb1,6bba_05db0fb1:751,union|6bba_05db0fb1:751|111,0,oof_logistic_3feat,0.8574813595622693
6bba_05db0fb1,6bba_05db0fb1:751,union|6bba_05db0fb1:751|112,0,oof_logistic_3feat,0.2579239950797456
6bba_05db0fb1,6bba_05db0fb1:751,union|6bba_05db0fb1:751|113,0,oof_logistic_3feat,0.2883770704629516
6bba_05db0fb1,6bba_05db0fb1:751,union|6bba_05db0fb1:751|114,0,oof_logistic_3feat,0.31953008451938564
6bba_05db0fb1,6bba_05db0fb1:751,union|6bba_05db0fb1:751|115,0,oof_logistic_3feat,0.7709210435800463
6bba_05db0fb1,6bba_05db0fb1:751,union|6bba_05db0fb1:751|116,0,oof_logistic_3feat,0.5740195911744268
6bba_05db0fb1,6bba_05db0fb1:751,union|6bba_05db0fb1:751|117,0,oof_logistic_3feat,0.23111294428494478
6bba_05db0fb1,6bba_05db0fb1:751,union|6bba_05db0fb1:751|118,0,oof_logistic_3feat,0.14208456687285212
6bba_05db0fb1,6bba_05db0fb1:751,union|6bba_05db0fb1:751|119,0,oof_logistic_3feat,0.19337504749477752
6bba_05db0fb1,6bba_05db0fb1:751,union|6bba_05db0fb1:751|120,0,oof_logistic_3feat,0.05338816969668376
6bba_05db0fb1,6bba_05db0fb1:751,union|6bba_05db0fb1:751|121,0,oof_logistic_3feat,0.15334813706893163
6bba_05db0fb1,6bba_05db0fb1:751,union|6bba_05db0fb1:751|122,0,oof_logistic_3feat,0.21361626588894375
6bba_05db0fb1,6bba_05db0fb1:751,union|6bba_05db0fb1:751|123,0,oof_logistic_3feat,0.1902146519460827
6bba_05db0fb1,6bba_05db0fb1:751,union|6bba_05db0fb1:751|124,0,oof_logistic_3feat,0.2406151517361895
6bba_05db0fb1,6bba_05db0fb1:751,union|6bba_05db0fb1:751|125,0,oof_logistic_3feat,0.21584243078887447
6bba_05db0fb1,6bba_05db0fb1:751,union|6bba_05db0fb1:751|126,0,oof_logistic_3feat,0.22510908385626477
6bba_05db0fb1,6bba_05db0fb1:751,union|6bba_05db0fb1:751|127,0,oof_logistic_3feat,0.18590860522941097
6bba_05db0fb1,6bba_05db0fb1:751,union|6bba_05db0fb1:751|128,0,oof_logistic_3feat,0.07122288433174037
6bba_05db0fb1,6bba_05db0fb1:751,union|6bba_05db0fb1:751|129,0,oof_logistic_3feat,0.07056572310264422
6bba_05db0fb1,6bba_05db0fb1:751,union|6bba_05db0fb1:751|130,0,oof_logistic_3feat,0.06683891056269077
6bba_05db0fb1,6bba_05db0fb1:751,union|6bba_05db0fb1:751|131,0,oof_logistic_3feat,0.2375546951103565
6bba_05db0fb1,6bba_05db0fb1:751,union|6bba_05db0fb1:751|132,0,oof_logistic_3feat,0.12628144817515619
6bba_05db0fb1,6bba_05db0fb1:751,union|6bba_05db0fb1:751|133,0,oof_logistic_3feat,0.18492384796417619
6bba_05db0fb1,6bba_05db0fb1:751,union|6bba_05db0fb1:751|134,0,oof_logistic_3feat,0.05798621980891996
6bba_05db0fb1,6bba_05db0fb1:751,union|6bba_05db0fb1:751|135,0,oof_logistic_3feat,0.5541728335064527
6bba_05db0fb1,6bba_05db0fb1:751,union|6bba_05db0fb1:751|136,0,oof_logistic_3feat,0.2649850528827148
6bba_05db0fb1,6bba_05db0fb1:751,union|6bba_05db0fb1:751|137,0,oof_logistic_3feat,0.29804945921520193
6bba_05db0fb1,6bba_05db0fb1:751,union|6bba_05db0fb1:751|138,0,oof_logistic_3feat,0.5304132851110266
6bba_05db0fb1,6bba_05db0fb1:751,union|6bba_05db0fb1:751|139,0,oof_logistic_3feat,0.13965723263557808
6bba_05db0fb1,6bba_05db0fb1:751,union|6bba_05db0fb1:751|140,0,oof_logistic_3feat,0.17057600338688603
6bba_05db0fb1,6bba_05db0fb1:751,union|6bba_05db0fb1:751|141,0,oof_logistic_3feat,0.060595773946691876
6bba_05db0fb1,6bba_05db0fb1:751,union|6bba_05db0fb1:751|142,0,oof_logistic_3feat,0.05373843283742152
6bba_05db0fb1,6bba_05db0fb1:751,union|6bba_05db0fb1:751|143,0,oof_logistic_3feat,0.05768552559818088
6bba_05db0fb1,6bba_05db0fb1:751,union|6bba_05db0fb1:751|144,0,oof_logistic_3feat,0.06256540538531437
6bba_05db0fb1,6bba_05db0fb1:751,union|6bba_05db0fb1:751|145,0,oof_logistic_3feat,0.06230896268208872
6bba_05db0fb1,6bba_05db0fb1:751,union|6bba_05db0fb1:751|146,0,oof_logistic_3feat,0.12501469090294073
6bba_05db0fb1,6bba_05db0fb1:751,union|6bba_05db0fb1:751|147,0,oof_logistic_3feat,0.032046030863805
6bba_05db0fb1,6bba_05db0fb1:751,union|6bba_05db0fb1:751|148,0,oof_logistic_3feat,0.03253449951342188
6bba_05db0fb1,6bba_05db0fb1:751,union|6bba_05db0fb1:751|149,0,oof_logistic_3feat,0.03182671708912912
6bba_05db0fb1,6bba_05db0fb1:751,union|6bba_05db0fb1:751|150,0,oof_logistic_3feat,0.03117971455870386
6bba_05db0fb1,6bba_05db0fb1:751,union|6bba_05db0fb1:751|151,0,oof_logistic_3feat,0.04368811614779186
6bba_05db0fb1,6bba_05db0fb1:751,union|6bba_05db0fb1:751|152,0,oof_logistic_3feat,0.0464559500062761
6bba_05db0fb1,6bba_05db0fb1:751,union|6bba_05db0fb1:751|153,0,oof_logistic_3feat,0.04767988291387328
6bba_05db0fb1,6bba_05db0fb1:751,union|6bba_05db0fb1:751|154,0,oof_logistic_3feat,0.04742378570236495
6bba_05db0fb1,6bba_05db0fb1:751,union|6bba_05db0fb1:751|155,0,oof_logistic_3feat,0.012080472123851898
6bba_05db0fb1,6bba_05db0fb1:751,union|6bba_05db0fb1:751|156,0,oof_logistic_3feat,0.011893444551084978
6bba_05db0fb1,6bba_05db0fb1:751,union|6bba_05db0fb1:751|157,0,oof_logistic_3feat,0.011380125081496726
6bba_05db0fb1,6bba_05db0fb1:751,union|6bba_05db0fb1:751|158,0,oof_logistic_3feat,0.012622954198544124
6bba_05db0fb1,6bba_05db0fb1:751,union|6bba_05db0fb1:751|159,0,oof_logistic_3feat,0.011479124105990439
6bba_05db0fb1,6bba_05db0fb1:751,union|6bba_05db0fb1:751|160,0,oof_logistic_3feat,0.032145471188220524
6bba_05db0fb1,6bba_05db0fb1:751,union|6bba_05db0fb1:751|161,0,oof_logistic_3feat,0.03554951689924496
6bba_05db0fb1,6bba_05db0fb1:751,union|6bba_05db0fb1:751|162,0,oof_logistic_3feat,0.03420725519610914
6bba_05db0fb1,6bba_05db0fb1:751,union|6bba_05db0fb1:751|163,0,oof_logistic_3feat,0.03647998843669419
6bba_05db0fb1,6bba_05db0fb1:751,union|6bba_05db0fb1:751|164,0,oof_logistic_3feat,0.06777584382876038
6bba_05db0fb1,6bba_05db0fb1:751,union|6bba_05db0fb1:751|165,0,oof_logistic_3feat,0.07483645133288978
6bba_05db0fb1,6bba_05db0fb1:751,union|6bba_05db0fb1:751|166,0,oof_logistic_3feat,0.08774144027926956
6bba_05db0fb1,6bba_05db0fb1:751,union|6bba_05db0fb1:751|167,0,oof_logistic_3feat,0.4100583460809377
6bba_05db0fb1,6bba_05db0fb1:751,union|6bba_05db0fb1:751|168,0,oof_logistic_3feat,0.07811272987694107
6bba_05db0fb1,6bba_05db0fb1:751,union|6bba_05db0fb1:751|169,0,oof_logistic_3feat,0.06857215576902286
6bba_05db0fb1,6bba_05db0fb1:751,union|6bba_05db0fb1:751|170,0,oof_logistic_3feat,0.0800820795250403
6bba_05db0fb1,6bba_05db0fb1:751,union|6bba_05db0fb1:751|171,0,oof_logistic_3feat,0.08039577057000183
6bba_05db0fb1,6bba_05db0fb1:751,union|6bba_05db0fb1:751|172,0,oof_logistic_3feat,0.07628741979976962
6bba_3abfe10a,6bba_3abfe10a:630,union|6bba_3abfe10a:630|0,0,oof_logistic_3feat,0.0836922602099757
6bba_3abfe10a,6bba_3abfe10a:630,union|6bba_3abfe10a:630|1,0,oof_logistic_3feat,0.1539916104710595
6bba_3abfe10a,6bba_3abfe10a:630,union|6bba_3abfe10a:630|2,0,oof_logistic_3feat,0.15120094298109366
6bba_3abfe10a,6bba_3abfe10a:630,union|6bba_3abfe10a:630|3,0,oof_logistic_3feat,0.15480210264019117
6bba_3abfe10a,6bba_3abfe10a:630,union|6bba_3abfe10a:630|4,0,oof_logistic_3feat,0.15291819518551072
6bba_3abfe10a,6bba_3abfe10a:630,union|6bba_3abfe10a:630|5,0,oof_logistic_3feat,0.15287051471136542
6bba_3abfe10a,6bba_3abfe10a:630,union|6bba_3abfe10a:630|6,0,oof_logistic_3feat,0.15565465092876304
6bba_3abfe10a,6bba_3abfe10a:630,union|6bba_3abfe10a:630|7,0,oof_logistic_3feat,0.08766815519402714
6bba_3abfe10a,6bba_3abfe10a:630,union|6bba_3abfe10a:630|8,0,oof_logistic_3feat,0.08179014221174147
6bba_3abfe10a,6bba_3abfe10a:630,union|6bba_3abfe10a:630|9,0,oof_logistic_3feat,0.08278832550276008
6bba_3abfe10a,6bba_3abfe10a:630,union|6bba_3abfe10a:630|10,0,oof_logistic_3feat,0.08326612778001367
6bba_3abfe10a,6bba_3abfe10a:630,union|6bba_3abfe10a:630|11,0,oof_logistic_3feat,0.08083186575604928
6bba_3abfe10a,6bba_3abfe10a:630,union|6bba_3abfe10a:630|12,0,oof_logistic_3feat,0.08240153435575218
6bba_3abfe10a,6bba_3abfe10a:630,union|6bba_3abfe10a:630|13,0,oof_logistic_3feat,0.08411645193660054
6bba_3abfe10a,6bba_3abfe10a:630,union|6bba_3abfe10a:630|14,0,oof_logistic_3feat,0.08220288444122688
6bba_3abfe10a,6bba_3abfe10a:630,union|6bba_3abfe10a:630|15,0,oof_logistic_3feat,0.08328744656274557
6bba_3abfe10a,6bba_3abfe10a:630,union|6bba_3abfe10a:630|16,0,oof_logistic_3feat,0.08382549030042578
6bba_3abfe10a,6bba_3abfe10a:630,union|6bba_3abfe10a:630|17,0,oof_logistic_3feat,0.08330865215424978
6bba_3abfe10a,6bba_3abfe10a:630,union|6bba_3abfe10a:630|18,0,oof_logistic_3feat,0.046632006638328484
6bba_3abfe10a,6bba_3abfe10a:630,union|6bba_3abfe10a:630|19,0,oof_logistic_3feat,0.04676516469173115
6bba_3abfe10a,6bba_3abfe10a:630,union|6bba_3abfe10a:630|20,0,oof_logistic_3feat,0.04561290295828553
6bba_3abfe10a,6bba_3abfe10a:630,union|6bba_3abfe10a:630|21,0,oof_logistic_3feat,0.25013038900426005
6bba_3abfe10a,6bba_3abfe10a:630,union|6bba_3abfe10a:630|22,0,oof_logistic_3feat,0.2543887525036122
6bba_3abfe10a,6bba_3abfe10a:630,union|6bba_3abfe10a:630|23,0,oof_logistic_3feat,0.15275585156925633
6bba_3abfe10a,6bba_3abfe10a:630,union|6bba_3abfe10a:630|24,0,oof_logistic_3feat,0.11116333987355748
6bba_3abfe10a,6bba_3abfe10a:630,union|6bba_3abfe10a:630|25,0,oof_logistic_3feat,0.25044149576043845
6bba_3abfe10a,6bba_3abfe10a:630,union|6bba_3abfe10a:630|26,0,oof_logistic_3feat,0.16436453873305837
6bba_3abfe10a,6bba_3abfe10a:630,union|6bba_3abfe10a:630|27,0,oof_logistic_3feat,0.24987239519416415
6bba_3abfe10a,6bba_3abfe10a:630,union|6bba_3abfe10a:630|28,0,oof_logistic_3feat,0.25179562930208754
6bba_3abfe10a,6bba_3abfe10a:630,union|6bba_3abfe10a:630|29,0,oof_logistic_3feat,0.11810251875945228
6bba_3abfe10a,6bba_3abfe10a:630,union|6bba_3abfe10a:630|30,0,oof_logistic_3feat,0.1532406031418585
6bba_3abfe10a,6bba_3abfe10a:630,union|6bba_3abfe10a:630|31,0,oof_logistic_3feat,0.05004496982715787
6bba_3abfe10a,6bba_3abfe10a:630,union|6bba_3abfe10a:630|32,0,oof_logistic_3feat,0.10501679501200853
6bba_3abfe10a,6bba_3abfe10a:630,union|6bba_3abfe10a:630|33,0,oof_logistic_3feat,0.261267544055011
6bba_3abfe10a,6bba_3abfe10a:630,union|6bba_3abfe10a:630|34,0,oof_logistic_3feat,0.1543546816804183
6bba_3abfe10a,6bba_3abfe10a:630,union|6bba_3abfe10a:630|35,0,oof_logistic_3feat,0.11023176307434882
6bba_3abfe10a,6bba_3abfe10a:630,union|6bba_3abfe10a:630|36,0,oof_logistic_3feat,0.23607872216980091
6bba_3abfe10a,6bba_3abfe10a:630,union|6bba_3abfe10a:630|37,0,oof_logistic_3feat,0.8845867608290681
6bba_3abfe10a,6bba_3abfe10a:630,union|6bba_3abfe10a:630|38,0,oof_logistic_3feat,0.16499080467644245
6bba_3abfe10a,6bba_3abfe10a:630,union|6bba_3abfe10a:630|39,0,oof_logistic_3feat,0.2946451737883132
6bba_3abfe10a,6bba_3abfe10a:630,union|6bba_3abfe10a:630|40,1,oof_logistic_3feat,0.8854125018965986
6bba_3abfe10a,6bba_3abfe10a:630,union|6bba_3abfe10a:630|41,0,oof_logistic_3feat,0.11851283052928237
6bba_3abfe10a,6bba_3abfe10a:630,union|6bba_3abfe10a:630|42,0,oof_logistic_3feat,0.16567995749328812
6bba_3abfe10a,6bba_3abfe10a:630,union|6bba_3abfe10a:630|43,0,oof_logistic_3feat,0.4637212038287826
6bba_3abfe10a,6bba_3abfe10a:630,union|6bba_3abfe10a:630|44,0,oof_logistic_3feat,0.104356530331601
6bba_3abfe10a,6bba_3abfe10a:630,union|6bba_3abfe10a:630|45,0,oof_logistic_3feat,0.15461445558030096
6bba_3abfe10a,6bba_3abfe10a:630,union|6bba_3abfe10a:630|46,0,oof_logistic_3feat,0.10863065008130598
6bba_3abfe10a,6bba_3abfe10a:630,union|6bba_3abfe10a:630|47,0,oof_logistic_3feat,0.24033705140297187
6bba_3abfe10a,6bba_3abfe10a:630,union|6bba_3abfe10a:630|48,0,oof_logistic_3feat,0.2662661062710027
6bba_3abfe10a,6bba_3abfe10a:630,union|6bba_3abfe10a:630|49,0,oof_logistic_3feat,0.16436453873305837
6bba_3abfe10a,6bba_3abfe10a:630,union|6bba_3abfe10a:630|50,0,oof_logistic_3feat,0.26453463394048266
6bba_3abfe10a,6bba_3abfe10a:630,union|6bba_3abfe10a:630|51,0,oof_logistic_3feat,0.11810251875945228
6bba_3abfe10a,6bba_3abfe10a:630,union|6bba_3abfe10a:630|52,0,oof_logistic_3feat,0.16306272798920962
6bba_3abfe10a,6bba_3abfe10a:630,union|6bba_3abfe10a:630|53,0,oof_logistic_3feat,0.05003747128370277
6bba_3abfe10a,6bba_3abfe10a:630,union|6bba_3abfe10a:630|54,0,oof_logistic_3feat,0.10601268537960204
6bba_3abfe10a,6bba_3abfe10a:630,union|6bba_3abfe10a:630|55,0,oof_logistic_3feat,0.10819789563292931
6bba_3abfe10a,6bba_3abfe10a:630,union|6bba_3abfe10a:630|56,0,oof_logistic_3feat,0.1560626890757229
6bba_3abfe10a,6bba_3abfe10a:630,union|6bba_3abfe10a:630|57,0,oof_logistic_3feat,0.1505961222346526
6bba_3abfe10a,6bba_3abfe10a:630,union|6bba_3abfe10a:630|58,0,oof_logistic_3feat,0.15309655805461833
6bba_3abfe10a,6bba_3abfe10a:630,union|6bba_3abfe10a:630|59,0,oof_logistic_3feat,0.15446726071640235
6bba_3abfe10a,6bba_3abfe10a:630,union|6bba_3abfe10a:630|60,0,oof_logistic_3feat,0.11552919943250715
6bba_3abfe10a,6bba_3abfe10a:630,union|6bba_3abfe10a:630|61,0,oof_logistic_3feat,0.08848876112094561
6bba_3abfe10a,6bba_3abfe10a:630,union|6bba_3abfe10a:630|62,0,oof_logistic_3feat,0.04893160156334721
6bba_3abfe10a,6bba_3abfe10a:630,union|6bba_3abfe10a:630|63,0,oof_logistic_3feat,0.08883457809605408
6bba_3abfe10a,6bba_3abfe10a:630,union|6bba_3abfe10a:630|64,0,oof_logistic_3feat,0.10750945437149348
6bba_3abfe10a,6bba_3abfe10a:630,union|6bba_3abfe10a:630|65,0,oof_logistic_3feat,0.11070428980714135
6bba_3abfe10a,6bba_3abfe10a:630,union|6bba_3abfe10a:630|66,0,oof_logistic_3feat,0.1101486855695687
6bba_3abfe10a,6bba_3abfe10a:630,union|6bba_3abfe10a:630|67,0,oof_logistic_3feat,0.10854874521873106
6bba_3abfe10a,6bba_3abfe10a:630,union|6bba_3abfe10a:630|68,0,oof_logistic_3feat,0.061900463695081606
6bba_3abfe10a,6bba_3abfe10a:630,union|6bba_3abfe10a:630|69,0,oof_logistic_3feat,0.048860495224908485
6bba_3abfe10a,6bba_3abfe10a:630,union|6bba_3abfe10a:630|70,0,oof_logistic_3feat,0.06258587261513393
6bba_3abfe10a,6bba_3abfe10a:630,union|6bba_3abfe10a:630|71,0,oof_logistic_3feat,0.23403394735269142
6bba_3abfe10a,6bba_3abfe10a:630,union|6bba_3abfe10a:630|72,0,oof_logistic_3feat,0.23807177410858973
6bba_3abfe10a,6bba_3abfe10a:630,union|6bba_3abfe10a:630|73,0,oof_logistic_3feat,0.16411077904158042
6bba_3abfe10a,6bba_3abfe10a:630,union|6bba_3abfe10a:630|74,0,oof_logistic_3feat,0.10760872941875178
6bba_3abfe10a,6bba_3abfe10a:630,union|6bba_3abfe10a:630|75,0,oof_logistic_3feat,0.1663865384310697
6bba_3abfe10a,6bba_3abfe10a:630,union|6bba_3abfe10a:630|76,0,oof_logistic_3feat,0.2929941562704545
6bba_3abfe10a,6bba_3abfe10a:630,union|6bba_3abfe10a:630|77,0,oof_logistic_3feat,0.908178218647361
6bba_3abfe10a,6bba_3abfe10a:630,union|6bba_3abfe10a:630|78,0,oof_logistic_3feat,0.16306426960608272
6bba_3abfe10a,6bba_3abfe10a:630,union|6bba_3abfe10a:630|79,0,oof_logistic_3feat,0.4631034818267782
6bba_3abfe10a,6bba_3abfe10a:630,union|6bba_3abfe10a:630|80,0,oof_logistic_3feat,0.10649642564434379
6bba_3abfe10a,6bba_3abfe10a:630,union|6bba_3abfe10a:630|81,0,oof_logistic_3feat,0.06437063309330028
6bba_3abfe10a,6bba_3abfe10a:630,union|6bba_3abfe10a:630|82,0,oof_logistic_3feat,0.16244923843351783
6bba_3abfe10a,6bba_3abfe10a:630,union|6bba_3abfe10a:630|83,0,oof_logistic_3feat,0.16346039799211737
6bba_3abfe10a,6bba_3abfe10a:630,union|6bba_3abfe10a:630|84,0,oof_logistic_3feat,0.11374635040721721
6bba_3abfe10a,6bba_3abfe10a:630,union|6bba_3abfe10a:630|85,0,oof_logistic_3feat,0.09359253413868311
6bba_3abfe10a,6bba_3abfe10a:630,union|6bba_3abfe10a:630|86,0,oof_logistic_3feat,0.04812757585118169
6bba_3abfe10a,6bba_3abfe10a:630,union|6bba_3abfe10a:630|87,0,oof_logistic_3feat,0.09614816726001629
6bba_3abfe10a,6bba_3abfe10a:630,union|6bba_3abfe10a:630|88,0,oof_logistic_3feat,0.06437451886465437
6bba_3abfe10a,6bba_3abfe10a:630,union|6bba_3abfe10a:630|89,0,oof_logistic_3feat,0.28990500008442044
6bba_3abfe10a,6bba_3abfe10a:630,union|6bba_3abfe10a:630|90,0,oof_logistic_3feat,0.1153987190207492
6bba_3abfe10a,6bba_3abfe10a:630,union|6bba_3abfe10a:630|91,0,oof_logistic_3feat,0.1650609934132997
6bba_3abfe10a,6bba_3abfe10a:630,union|6bba_3abfe10a:630|92,0,oof_logistic_3feat,0.17793183278654748
6bba_3abfe10a,6bba_3abfe10a:630,union|6bba_3abfe10a:630|93,0,oof_logistic_3feat,0.04869059212514756
6bba_3abfe10a,6bba_3abfe10a:630,union|6bba_3abfe10a:630|94,0,oof_logistic_3feat,0.10792950476468137
6bba_3abfe10a,6bba_3abfe10a:630,union|6bba_3abfe10a:630|95,0,oof_logistic_3feat,0.0638362364566526
6bba_3abfe10a,6bba_3abfe10a:630,union|6bba_3abfe10a:630|96,0,oof_logistic_3feat,0.11622816176508949
6bba_3abfe10a,6bba_3abfe10a:630,union|6bba_3abfe10a:630|97,0,oof_logistic_3feat,0.16154018341433757
6bba_3abfe10a,6bba_3abfe10a:630,union|6bba_3abfe10a:630|98,0,oof_logistic_3feat,0.4565320319946064
6bba_3abfe10a,6bba_3abfe10a:630,union|6bba_3abfe10a:630|99,0,oof_logistic_3feat,0.04906117774681578
6bba_3abfe10a,6bba_3abfe10a:630,union|6bba_3abfe10a:630|100,0,oof_logistic_3feat,0.10732931887744607
6bba_3abfe10a,6bba_3abfe10a:630,union|6bba_3abfe10a:630|101,0,oof_logistic_3feat,0.06280484361376397
6bba_3abfe10a,6bba_3abfe10a:630,union|6bba_3abfe10a:630|102,0,oof_logistic_3feat,0.06467157235224731
6bba_3abfe10a,6bba_3abfe10a:630,union|6bba_3abfe10a:630|103,0,oof_logistic_3feat,0.04740676261705939
6bba_3abfe10a,6bba_3abfe10a:630,union|6bba_3abfe10a:630|104,0,oof_logistic_3feat,0.0636781882039455
6bba_3abfe10a,6bba_3abfe10a:630,union|6bba_3abfe10a:630|105,0,oof_logistic_3feat,0.09527043268643981
6bba_3abfe10a,6bba_3abfe10a:630,union|6bba_3abfe10a:630|106,0,oof_logistic_3feat,0.06254256092897535
6bba_3abfe10a,6bba_3abfe10a:630,union|6bba_3abfe10a:630|107,0,oof_logistic_3feat,0.02639495145751593
6bba_3abfe10a,6bba_3abfe10a:630,union|6bba_3abfe10a:630|108,0,oof_logistic_3feat,0.061065531566688064
6bba_3abfe10a,6bba_3abfe10a:630,union|6bba_3abfe10a:630|109,0,oof_logistic_3feat,0.034861201368844914
6bba_3abfe10a,6bba_3abfe10a:630,union|6bba_3abfe10a:630|110,0,oof_logistic_3feat,0.027073969521709346
6bba_61ecbe65,6bba_61ecbe65:200,union|6bba_61ecbe65:200|0,0,oof_logistic_3feat,0.119546456989432
6bba_61ecbe65,6bba_61ecbe65:200,union|6bba_61ecbe65:200|1,0,oof_logistic_3feat,0.0599509785223122
6bba_61ecbe65,6bba_61ecbe65:200,union|6bba_61ecbe65:200|2,1,oof_logistic_3feat,0.6561750725865586
6bba_61ecbe65,6bba_61ecbe65:200,union|6bba_61ecbe65:200|3,0,oof_logistic_3feat,0.3205054953707441
6bba_87289e13,6bba_87289e13:563,union|6bba_87289e13:563|0,1,oof_logistic_3feat,0.6704673866859427
6bba_87289e13,6bba_87289e13:563,union|6bba_87289e13:563|1,0,oof_logistic_3feat,0.5125122118007875
6bba_c328f2fd,6bba_c328f2fd:65,union|6bba_c328f2fd:65|0,0,oof_logistic_3feat,0.04934859743081799
6bba_c328f2fd,6bba_c328f2fd:65,union|6bba_c328f2fd:65|1,0,oof_logistic_3feat,0.07088208825170542
6bba_c328f2fd,6bba_c328f2fd:65,union|6bba_c328f2fd:65|2,0,oof_logistic_3feat,0.039210253750232654
6bba_c328f2fd,6bba_c328f2fd:65,union|6bba_c328f2fd:65|3,0,oof_logistic_3feat,0.05310610303665096
6bba_c328f2fd,6bba_c328f2fd:65,union|6bba_c328f2fd:65|4,0,oof_logistic_3feat,0.09077688635013523
6bba_c328f2fd,6bba_c328f2fd:65,union|6bba_c328f2fd:65|5,0,oof_logistic_3feat,0.06323371863978682
6bba_c328f2fd,6bba_c328f2fd:65,union|6bba_c328f2fd:65|6,0,oof_logistic_3feat,0.38171860458311985
6bba_c328f2fd,6bba_c328f2fd:65,union|6bba_c328f2fd:65|7,0,oof_logistic_3feat,0.04875632197775948
6bba_c328f2fd,6bba_c328f2fd:65,union|6bba_c328f2fd:65|8,0,oof_logistic_3feat,0.35986169912431326
6bba_c328f2fd,6bba_c328f2fd:65,union|6bba_c328f2fd:65|9,0,oof_logistic_3feat,0.20604397886187642
6bba_c328f2fd,6bba_c328f2fd:65,union|6bba_c328f2fd:65|10,0,oof_logistic_3feat,0.24337321362117095
6bba_c328f2fd,6bba_c328f2fd:65,union|6bba_c328f2fd:65|11,0,oof_logistic_3feat,0.23203415777147304
6bba_c328f2fd,6bba_c328f2fd:65,union|6bba_c328f2fd:65|12,0,oof_logistic_3feat,0.21640592770797704
6bba_c328f2fd,6bba_c328f2fd:65,union|6bba_c328f2fd:65|13,0,oof_logistic_3feat,0.15468505624407067
6bba_c328f2fd,6bba_c328f2fd:65,union|6bba_c328f2fd:65|14,0,oof_logistic_3feat,0.029589454108657175
6bba_c328f2fd,6bba_c328f2fd:65,union|6bba_c328f2fd:65|15,0,oof_logistic_3feat,0.5972783399687785
6bba_c328f2fd,6bba_c328f2fd:65,union|6bba_c328f2fd:65|16,0,oof_logistic_3feat,0.5069383155079298
6bba_c328f2fd,6bba_c328f2fd:65,union|6bba_c328f2fd:65|17,1,oof_logistic_3feat,0.19750477183057397
6bba_c328f2fd,6bba_c328f2fd:65,union|6bba_c328f2fd:65|18,0,oof_logistic_3feat,0.5660105109391095
6bba_c328f2fd,6bba_c328f2fd:65,union|6bba_c328f2fd:65|19,0,oof_logistic_3feat,0.1747207279480949
6bba_c328f2fd,6bba_c328f2fd:65,union|6bba_c328f2fd:65|20,0,oof_logistic_3feat,0.062308098243761774
6bba_c328f2fd,6bba_c328f2fd:65,union|6bba_c328f2fd:65|21,0,oof_logistic_3feat,0.05576548005495543
6bba_c328f2fd,6bba_c328f2fd:65,union|6bba_c328f2fd:65|22,0,oof_logistic_3feat,0.03885018398463012
6bba_c328f2fd,6bba_c328f2fd:65,union|6bba_c328f2fd:65|23,0,oof_logistic_3feat,0.037126434040369874
6bba_c328f2fd,6bba_c328f2fd:65,union|6bba_c328f2fd:65|24,0,oof_logistic_3feat,0.8193498773111476
6bba_c328f2fd,6bba_c328f2fd:65,union|6bba_c328f2fd:65|25,0,oof_logistic_3feat,0.23700135339735073
6bba_c328f2fd,6bba_c328f2fd:65,union|6bba_c328f2fd:65|26,0,oof_logistic_3feat,0.9741256723104044
6bba_c328f2fd,6bba_c328f2fd:65,union|6bba_c328f2fd:65|27,0,oof_logistic_3feat,0.28417502157309654
6bba_c328f2fd,6bba_c328f2fd:65,union|6bba_c328f2fd:65|28,0,oof_logistic_3feat,0.288730838667482
6bba_c328f2fd,6bba_c328f2fd:65,union|6bba_c328f2fd:65|29,0,oof_logistic_3feat,0.07400186211839878
6bba_c328f2fd,6bba_c328f2fd:65,union|6bba_c328f2fd:65|30,0,oof_logistic_3feat,0.01657203566495751
6bba_c328f2fd,6bba_c328f2fd:65,union|6bba_c328f2fd:65|31,0,oof_logistic_3feat,0.8650427708176274
6bba_c328f2fd,6bba_c328f2fd:65,union|6bba_c328f2fd:65|32,0,oof_logistic_3feat,0.157042852924808
6bba_c328f2fd,6bba_c328f2fd:65,union|6bba_c328f2fd:65|33,0,oof_logistic_3feat,0.0914895144736014
6bba_c328f2fd,6bba_c328f2fd:65,union|6bba_c328f2fd:65|34,0,oof_logistic_3feat,0.013469220424724431
6bba_c328f2fd,6bba_c328f2fd:65,union|6bba_c328f2fd:65|35,0,oof_logistic_3feat,0.16976943264691152
6bba_c328f2fd,6bba_c328f2fd:65,union|6bba_c328f2fd:65|36,0,oof_logistic_3feat,0.4015840901186809
6bba_c328f2fd,6bba_c328f2fd:65,union|6bba_c328f2fd:65|37,0,oof_logistic_3feat,0.19344668761727266
6bba_c328f2fd,6bba_c328f2fd:65,union|6bba_c328f2fd:65|38,0,oof_logistic_3feat,0.2244660711624858
6bba_c328f2fd,6bba_c328f2fd:65,union|6bba_c328f2fd:65|39,0,oof_logistic_3feat,0.20196585374051174
6bba_c328f2fd,6bba_c328f2fd:65,union|6bba_c328f2fd:65|40,0,oof_logistic_3feat,0.10936989191792554
6bba_c328f2fd,6bba_c328f2fd:65,union|6bba_c328f2fd:65|41,0,oof_logistic_3feat,0.01978344062703592
6bba_c328f2fd,6bba_c328f2fd:65,union|6bba_c328f2fd:65|42,0,oof_logistic_3feat,0.2532748357100892
6bba_c328f2fd,6bba_c328f2fd:65,union|6bba_c328f2fd:65|43,0,oof_logistic_3feat,0.04938340471555966
6bba_c328f2fd,6bba_c328f2fd:65,union|6bba_c328f2fd:65|44,0,oof_logistic_3feat,0.017123820070154665
6bba_c328f2fd,6bba_c328f2fd:65,union|6bba_c328f2fd:65|45,0,oof_logistic_3feat,0.08471073079812715
6bba_c328f2fd,6bba_c328f2fd:65,union|6bba_c328f2fd:65|46,0,oof_logistic_3feat,0.027287502277193773
6bba_c328f2fd,6bba_c328f2fd:65,union|6bba_c328f2fd:65|47,0,oof_logistic_3feat,0.042367815940937505
6bba_c328f2fd,6bba_c328f2fd:260,union|6bba_c328f2fd:260|0,0,oof_logistic_3feat,0.14103679736424063
6bba_c328f2fd,6bba_c328f2fd:260,union|6bba_c328f2fd:260|1,0,oof_logistic_3feat,0.12733285321506066
6bba_c328f2fd,6bba_c328f2fd:260,union|6bba_c328f2fd:260|2,1,oof_logistic_3feat,0.07395711241148126
6bba_c328f2fd,6bba_c328f2fd:260,union|6bba_c328f2fd:260|3,0,oof_logistic_3feat,0.09791047438161808
6bba_c328f2fd,6bba_c328f2fd:260,union|6bba_c328f2fd:260|4,0,oof_logistic_3feat,0.04055848602188033
6bba_c328f2fd,6bba_c328f2fd:260,union|6bba_c328f2fd:260|5,0,oof_logistic_3feat,0.07584766814040211
6bba_c328f2fd,6bba_c328f2fd:260,union|6bba_c328f2fd:260|6,0,oof_logistic_3feat,0.029019149367977583
6bba_c328f2fd,6bba_c328f2fd:260,union|6bba_c328f2fd:260|7,0,oof_logistic_3feat,0.11083354224653777
6bba_c328f2fd,6bba_c328f2fd:260,union|6bba_c328f2fd:260|8,0,oof_logistic_3feat,0.47925528687091423
6bba_c328f2fd,6bba_c328f2fd:260,union|6bba_c328f2fd:260|9,0,oof_logistic_3feat,0.8024314833776398
6bba_c328f2fd,6bba_c328f2fd:260,union|6bba_c328f2fd:260|10,0,oof_logistic_3feat,0.707853932087418
6bba_c328f2fd,6bba_c328f2fd:260,union|6bba_c328f2fd:260|11,0,oof_logistic_3feat,0.4623158893264142
6bba_c328f2fd,6bba_c328f2fd:260,union|6bba_c328f2fd:260|12,0,oof_logistic_3feat,0.24394448272516067
6bba_c328f2fd,6bba_c328f2fd:260,union|6bba_c328f2fd:260|13,0,oof_logistic_3feat,0.2666239075002293
6bba_c328f2fd,6bba_c328f2fd:260,union|6bba_c328f2fd:260|14,0,oof_logistic_3feat,0.10362920653426413
6bba_c328f2fd,6bba_c328f2fd:260,union|6bba_c328f2fd:260|15,0,oof_logistic_3feat,0.06206034119205177
6bba_c328f2fd,6bba_c328f2fd:260,union|6bba_c328f2fd:260|16,0,oof_logistic_3feat,0.19056640037758923
6bba_c328f2fd,6bba_c328f2fd:260,union|6bba_c328f2fd:260|17,0,oof_logistic_3feat,0.09450169766011081
6bba_c328f2fd,6bba_c328f2fd:260,union|6bba_c328f2fd:260|18,0,oof_logistic_3feat,0.06046511429033555
6bba_c328f2fd,6bba_c328f2fd:260,union|6bba_c328f2fd:260|19,0,oof_logistic_3feat,0.06618131131588964
6bba_c328f2fd,6bba_c328f2fd:260,union|6bba_c328f2fd:260|20,0,oof_logistic_3feat,0.3491297158200882
6bba_c328f2fd,6bba_c328f2fd:260,union|6bba_c328f2fd:260|21,0,oof_logistic_3feat,0.6166676614951543
6bba_c328f2fd,6bba_c328f2fd:260,union|6bba_c328f2fd:260|22,0,oof_logistic_3feat,0.3308900190032785
6bba_c328f2fd,6bba_c328f2fd:260,union|6bba_c328f2fd:260|23,0,oof_logistic_3feat,0.19410100890199994
6bba_c328f2fd,6bba_c328f2fd:260,union|6bba_c328f2fd:260|24,0,oof_logistic_3feat,0.3767387143694926
6bba_c328f2fd,6bba_c328f2fd:260,union|6bba_c328f2fd:260|25,0,oof_logistic_3feat,0.12490387292642198
6bba_c328f2fd,6bba_c328f2fd:260,union|6bba_c328f2fd:260|26,0,oof_logistic_3feat,0.6921780718816716
6bba_c328f2fd,6bba_c328f2fd:260,union|6bba_c328f2fd:260|27,0,oof_logistic_3feat,0.6583431227772288
6bba_c328f2fd,6bba_c328f2fd:260,union|6bba_c328f2fd:260|28,0,oof_logistic_3feat,0.43398620965025136
6bba_c328f2fd,6bba_c328f2fd:260,union|6bba_c328f2fd:260|29,0,oof_logistic_3feat,0.29985549594719063
6bba_c328f2fd,6bba_c328f2fd:260,union|6bba_c328f2fd:260|30,0,oof_logistic_3feat,0.04147185094802681
6bba_c328f2fd,6bba_c328f2fd:260,union|6bba_c328f2fd:260|31,0,oof_logistic_3feat,0.04784231682214728
6bba_c328f2fd,6bba_c328f2fd:260,union|6bba_c328f2fd:260|32,0,oof_logistic_3feat,0.5852569672565993
6bba_c328f2fd,6bba_c328f2fd:260,union|6bba_c328f2fd:260|33,0,oof_logistic_3feat,0.3191692636380546
6bba_c328f2fd,6bba_c328f2fd:260,union|6bba_c328f2fd:260|34,0,oof_logistic_3feat,0.5865103879678998
6bba_c328f2fd,6bba_c328f2fd:260,union|6bba_c328f2fd:260|35,0,oof_logistic_3feat,0.07539255974407277
6bba_c328f2fd,6bba_c328f2fd:260,union|6bba_c328f2fd:260|36,0,oof_logistic_3feat,0.6393209410185857
6bba_c328f2fd,6bba_c328f2fd:260,union|6bba_c328f2fd:260|37,0,oof_logistic_3feat,0.38656570702577336
6bba_c328f2fd,6bba_c328f2fd:260,union|6bba_c328f2fd:260|38,0,oof_logistic_3feat,0.22647465286434862
6bba_c328f2fd,6bba_c328f2fd:260,union|6bba_c328f2fd:260|39,0,oof_logistic_3feat,0.02957303404534206
6bba_c328f2fd,6bba_c328f2fd:260,union|6bba_c328f2fd:260|40,0,oof_logistic_3feat,0.015432905366632811
6bba_fe670320,6bba_fe670320:4,union|6bba_fe670320:4|0,1,oof_logistic_3feat,0.953432314239122
6bba_fe670320,6bba_fe670320:4,union|6bba_fe670320:4|1,0,oof_logistic_3feat,0.953469004574928
6bba_fe670320,6bba_fe670320:4,union|6bba_fe670320:4|2,0,oof_logistic_3feat,0.9667724308344391
6bba_fe670320,6bba_fe670320:519,union|6bba_fe670320:519|0,0,oof_logistic_3feat,0.21532696838673226
6bba_fe670320,6bba_fe670320:519,union|6bba_fe670320:519|1,0,oof_logistic_3feat,0.21500521265285566
6bba_fe670320,6bba_fe670320:519,union|6bba_fe670320:519|2,0,oof_logistic_3feat,0.3976676786763473
6bba_fe670320,6bba_fe670320:519,union|6bba_fe670320:519|3,1,oof_logistic_3feat,0.9427075424511964
6bba_fe670320,6bba_fe670320:519,union|6bba_fe670320:519|4,0,oof_logistic_3feat,0.8826494127451234
6bba_fe670320,6bba_fe670320:519,union|6bba_fe670320:519|5,0,oof_logistic_3feat,0.39801449825261576
6bba_fe670320,6bba_fe670320:519,union|6bba_fe670320:519|6,0,oof_logistic_3feat,0.397664115975981
6bba_fe670320,6bba_fe670320:519,union|6bba_fe670320:519|7,0,oof_logistic_3feat,0.8826600839795871
