[{"stream_name":"stderr","time":6.860860827,"data":"/usr/local/lib/python3.12/dist-packages/nbformat/__init__.py:96: MissingIDFieldWarning: Cell is missing an id field, this will become a hard error in future nbformat versions. You may want to use `normalize()` on your notebooks before validations (available since nbformat 5.1.4). Previous versions of nbformat are fixing this issue transparently, and will stop doing so in the future.\n"}
,{"stream_name":"stderr","time":6.860926223,"data":"  validate(nb)\n"}
,{"stream_name":"stderr","time":7.73394285,"data":"0.00s - Debugger warning: It seems that frozen modules are being used, which may\n"}
,{"stream_name":"stderr","time":7.733969252,"data":"0.00s - make the debugger miss breakpoints. Please pass -Xfrozen_modules=off\n"}
,{"stream_name":"stderr","time":7.733974273,"data":"0.00s - to python to disable frozen modules.\n"}
,{"stream_name":"stderr","time":7.733986205,"data":"0.00s - Note: Debugging will proceed. Set PYDEVD_DISABLE_FILE_VALIDATION=1 to disable this validation.\n"}
,{"stream_name":"stderr","time":8.333020847,"data":"0.00s - Debugger warning: It seems that frozen modules are being used, which may\n"}
,{"stream_name":"stderr","time":8.333049476,"data":"0.00s - make the debugger miss breakpoints. Please pass -Xfrozen_modules=off\n"}
,{"stream_name":"stderr","time":8.333058406,"data":"0.00s - to python to disable frozen modules.\n"}
,{"stream_name":"stderr","time":8.333063793,"data":"0.00s - Note: Debugging will proceed. Set PYDEVD_DISABLE_FILE_VALIDATION=1 to disable this validation.\n"}
,{"stream_name":"stdout","time":476.495757973,"data":"my own probes of the public 0.941 configuration, one environment variable at a time\n"}
,{"stream_name":"stdout","time":476.495831369,"data":"\n"}
,{"stream_name":"stdout","time":476.495837289,"data":"                                 variable value_in_0941 value_probed                   kernel  submission       date public_score delta_vs_0941\n"}
,{"stream_name":"stdout","time":476.49584251,"data":"(none, the published 0.941 configuration)           NaN          NaN    busyaprime/bh-run-941    56053023 2026-09-06        0.941          base\n"}
,{"stream_name":"stdout","time":476.495847226,"data":"                     BIOHUB_DET_THRESHOLD         0.965         0.96 busyaprime/bh-run-det096    56053765 2026-09-06        0.942        +0.001\n"}
,{"stream_name":"stdout","time":476.495852722,"data":"                     BIOHUB_DET_THRESHOLD         0.965         0.94 busyaprime/bh-run-det094    56060188 2026-09-06        0.938        -0.003\n"}
,{"stream_name":"stdout","time":476.49585792,"data":"               BIOHUB_SECONDARY_LINK_MODE        static     adaptive  busyaprime/bh-run-adapt    56060190 2026-09-06        0.941        +0.000\n"}
,{"stream_name":"stdout","time":476.495862556,"data":"                     BIOHUB_DET_THRESHOLD         0.965         0.95 busyaprime/bh-run-det095    56064970 2026-09-07      pending           NaN\n"}
,{"stream_name":"stdout","time":476.495867435,"data":"          BIOHUB_DEEPCENTER_GAP_THRESHOLD          0.25         0.35 busyaprime/bh-run-gap035    56064989 2026-09-07      pending           NaN\n"}
,{"stream_name":"stdout","time":476.495872609,"data":"\n"}
,{"stream_name":"stdout","time":476.495876833,"data":"BIOHUB_DET_THRESHOLD: the public 0.941 configuration sets 0.965, the code default is 0.99; first set to that value by stephennedumpally/pls-upvote-share-higher-scoring-ideas on 2026-08-24\n"}
,{"stream_name":"stdout","time":476.495882947,"data":"public single-knob steps recorded on this variable anywhere on the lineage: 5\n"}
,{"stream_name":"stdout","time":476.495887677,"data":"best scored probe: BIOHUB_DET_THRESHOLD = 0.96 at 0.942 (submission 56053765)\n"}
,{"stream_name":"stdout","time":476.525204037,"data":"BIOHUB_PRESET: harmonic_v3_division_wide\n"}
,{"stream_name":"stdout","time":476.525237205,"data":"BIOHUB_SCORE_AXIS: public 0.940 base + {\"BIOHUB_DEEPCENTER_SAFE_DIV_THRESHOLD\": \"0.25\", \"BIOHUB_GAP_CLOSE_UM\": \"5.0\"}\n"}
,{"stream_name":"stdout","time":476.543502981,"data":"Configuration guard: PASS\n"}
,{"stream_name":"stdout","time":476.543518668,"data":"Baseline: fixed-90 dual-seed clean pipeline (public LB 0.913)\n"}
,{"stream_name":"stdout","time":476.543522088,"data":"Single model-level change: harmonic mutual-support association fusion\n"}
,{"stream_name":"stdout","time":476.54352466,"data":"Reverse-time association weight: 0.200\n"}
,{"stream_name":"stdout","time":476.583656728,"data":"Biohub learned UNet + node-transformer + ILP submission\n"}
,{"stream_name":"stdout","time":476.583676185,"data":"COMP_DIR: /kaggle/input/competitions/biohub-cell-tracking-during-development exists: True\n"}
,{"stream_name":"stdout","time":476.583681653,"data":"TEST_DIR: /kaggle/input/competitions/biohub-cell-tracking-during-development/test exists: True\n"}
,{"stream_name":"stdout","time":476.583685776,"data":"{\n"}
,{"stream_name":"stdout","time":476.583689086,"data":"  \"adaptive_short_track_rescue\": true,\n"}
,{"stream_name":"stdout","time":476.583693096,"data":"  \"allow_artifact_fallback\": false,\n"}
,{"stream_name":"stdout","time":476.583697171,"data":"  \"allow_pip_install\": false,\n"}
,{"stream_name":"stdout","time":476.583701039,"data":"  \"deepcenter_checkpoint_default\": \"/kaggle/input/biohub-deepcenter-unet3d-center-prior-v1/weights/full_frame_center/best.pt\",\n"}
,{"stream_name":"stdout","time":476.583704956,"data":"  \"deepcenter_expected_epoch\": 2,\n"}
,{"stream_name":"stdout","time":476.583708919,"data":"  \"deepcenter_gap_add_gate\": true,\n"}
,{"stream_name":"stdout","time":476.583713082,"data":"  \"deepcenter_gap_confirm_min_span_um\": 8.5,\n"}
,{"stream_name":"stdout","time":476.583716649,"data":"  \"deepcenter_gap_threshold\": 0.25,\n"}
,{"stream_name":"stdout","time":476.583720042,"data":"  \"deepcenter_safe_div_add_gate\": true,\n"}
,{"stream_name":"stdout","time":476.583723546,"data":"  \"deepcenter_safe_div_threshold\": 0.25,\n"}
,{"stream_name":"stdout","time":476.583726958,"data":"  \"det_threshold\": 0.96,\n"}
,{"stream_name":"stdout","time":476.583730303,"data":"  \"div_drop_to_single_if_bad\": true,\n"}
,{"stream_name":"stdout","time":476.583733766,"data":"  \"div_parent_max_um\": 10.5,\n"}
,{"stream_name":"stdout","time":476.583737164,"data":"  \"div_sister_max_um\": 8.0,\n"}
,{"stream_name":"stdout","time":476.583740624,"data":"  \"experiment_tag\": \"selected_101_dual_seed_near_balanced_center_confirmed_synthetic_gap\",\n"}
,{"stream_name":"stdout","time":476.583744337,"data":"  \"gap2_frame_frac_cap\": 0.006,\n"}
,{"stream_name":"stdout","time":476.583747799,"data":"  \"gap2_max_links_abs\": 180,\n"}
,{"stream_name":"stdout","time":476.583751167,"data":"  \"gap2_max_links_frac\": 0.0045,\n"}
,{"stream_name":"stdout","time":476.583754593,"data":"  \"gap2_max_step_um\": 4.4,\n"}
,{"stream_name":"stdout","time":476.583757894,"data":"  \"gap2_max_total_um\": 10.2,\n"}
,{"stream_name":"stdout","time":476.583761198,"data":"  \"gap2_require_context\": true,\n"}
,{"stream_name":"stdout","time":476.583769221,"data":"  \"gap_close_effective_max_gap\": 1,\n"}
,{"stream_name":"stdout","time":476.583772021,"data":"  \"gap_close_max_added_abs\": 2000,\n"}
,{"stream_name":"stdout","time":476.583774336,"data":"  \"gap_close_max_added_frac\": 0.05,\n"}
,{"stream_name":"stdout","time":476.583777336,"data":"  \"gap_close_max_gap\": 2,\n"}
,{"stream_name":"stdout","time":476.583793645,"data":"  \"gap_close_reuse_existing\": true,\n"}
,{"stream_name":"stdout","time":476.583808204,"data":"  \"gap_close_reuse_um\": 3.2,\n"}
,{"stream_name":"stdout","time":476.583812639,"data":"  \"gap_close_um\": 5.0,\n"}
,{"stream_name":"stdout","time":476.583816291,"data":"  \"gap_density_adaptive\": true,\n"}
,{"stream_name":"stdout","time":476.583819676,"data":"  \"gap_density_gain\": 0.04,\n"}
,{"stream_name":"stdout","time":476.583823159,"data":"  \"gap_density_max_step_delta_um\": 0.125,\n"}
,{"stream_name":"stdout","time":476.583826573,"data":"  \"gap_density_neighbors\": 3,\n"}
,{"stream_name":"stdout","time":476.583830039,"data":"  \"gap_density_reference_um\": 6.5,\n"}
,{"stream_name":"stdout","time":476.583833413,"data":"  \"gap_refine_max_shift_um\": 3.2,\n"}
,{"stream_name":"stdout","time":476.58383682,"data":"  \"gap_refine_synthetic\": true,\n"}
,{"stream_name":"stdout","time":476.583840214,"data":"  \"gap_refine_win_yx\": 3,\n"}
,{"stream_name":"stdout","time":476.583843608,"data":"  \"gap_refine_win_z\": 1,\n"}
,{"stream_name":"stdout","time":476.583846983,"data":"  \"ilp_appearance_weight\": 0.0,\n"}
,{"stream_name":"stdout","time":476.583850424,"data":"  \"ilp_disappearance_weight\": 2.0,\n"}
,{"stream_name":"stdout","time":476.583853773,"data":"  \"ilp_division_weight\": 1.2,\n"}
,{"stream_name":"stdout","time":476.583857269,"data":"  \"ilp_edge_weight\": -1.0,\n"}
,{"stream_name":"stdout","time":476.583860664,"data":"  \"method\": \"unet_transformer\",\n"}
,{"stream_name":"stdout","time":476.583864145,"data":"  \"motion_relink_learned_bonus\": 1.0,\n"}
,{"stream_name":"stdout","time":476.583867695,"data":"  \"motion_relink_max_frame_nodes\": 2600,\n"}
,{"stream_name":"stdout","time":476.583874811,"data":"  \"motion_relink_relaxed_um\": 10.0,\n"}
,{"stream_name":"stdout","time":476.583878066,"data":"  \"motion_relink_tight_um\": 6.0,\n"}
,{"stream_name":"stdout","time":476.583899819,"data":"  \"motion_relink_velocity_weight\": 0.5,\n"}
,{"stream_name":"stdout","time":476.583904024,"data":"  \"output_division_geometry_filter\": false,\n"}
,{"stream_name":"stdout","time":476.583908024,"data":"  \"output_edge_max_um\": 14.0,\n"}
,{"stream_name":"stdout","time":476.583912303,"data":"  \"output_enforce_next_frame\": true,\n"}
,{"stream_name":"stdout","time":476.583915669,"data":"  \"output_filter_short_tracks\": true,\n"}
,{"stream_name":"stdout","time":476.583919082,"data":"  \"output_gap2_recovery\": true,\n"}
,{"stream_name":"stdout","time":476.583922547,"data":"  \"output_gap_close\": true,\n"}
,{"stream_name":"stdout","time":476.583925871,"data":"  \"output_keep_division_components\": true,\n"}
,{"stream_name":"stdout","time":476.583929379,"data":"  \"output_linefit_smooth\": true,\n"}
,{"stream_name":"stdout","time":476.583932749,"data":"  \"output_linefit_weight\": 0.8,\n"}
,{"stream_name":"stdout","time":476.583936172,"data":"  \"output_linefit_window\": 2,\n"}
,{"stream_name":"stdout","time":476.583939533,"data":"  \"output_min_track_len\": 6,\n"}
,{"stream_name":"stdout","time":476.583942894,"data":"  \"output_motion_relink\": true,\n"}
,{"stream_name":"stdout","time":476.583946256,"data":"  \"output_prune_isolated\": true,\n"}
,{"stream_name":"stdout","time":476.583949634,"data":"  \"output_safe_divisions\": true,\n"}
,{"stream_name":"stdout","time":476.583952961,"data":"  \"output_single_child_repair\": false,\n"}
,{"stream_name":"stdout","time":476.583956351,"data":"  \"output_single_parent_repair\": true,\n"}
,{"stream_name":"stdout","time":476.583959784,"data":"  \"primary_artifact_manifest\": \"/kaggle/input/datasets/pilkwang/biohub-tracking-support-pack-50ep-v1/ARTIFACT_MANIFEST.json\",\n"}
,{"stream_name":"stdout","time":476.583970023,"data":"  \"safe_div_existing_child_max_um\": 10.0,\n"}
,{"stream_name":"stdout","time":476.583982391,"data":"  \"safe_div_frame_frac_cap\": 0.0076,\n"}
,{"stream_name":"stdout","time":476.583986858,"data":"  \"safe_div_global_frac_cap\": 0.00375,\n"}
,{"stream_name":"stdout","time":476.583990694,"data":"  \"safe_div_max_um\": 9.0,\n"}
,{"stream_name":"stdout","time":476.583994694,"data":"  \"safe_div_sister_max_um\": 14.0,\n"}
,{"stream_name":"stdout","time":476.583998719,"data":"  \"short_track_rescue_max_mean_edge_dist_um\": 3.0,\n"}
,{"stream_name":"stdout","time":476.584002694,"data":"  \"short_track_rescue_max_nodes_abs\": 120,\n"}
,{"stream_name":"stdout","time":476.584006109,"data":"  \"short_track_rescue_max_nodes_frac\": 0.012,\n"}
,{"stream_name":"stdout","time":476.584009497,"data":"  \"short_track_rescue_min_len\": 4,\n"}
,{"stream_name":"stdout","time":476.584012853,"data":"  \"short_track_rescue_min_mean_edge_prob\": 0.88,\n"}
,{"stream_name":"stdout","time":476.584016256,"data":"  \"short_track_rescue_trigger_removed_frac\": 0.1,\n"}
,{"stream_name":"stdout","time":476.584019689,"data":"  \"slice\": \"\",\n"}
,{"stream_name":"stdout","time":476.584023097,"data":"  \"target_artifact_slug\": \"biohub-tracking-support-pack-50ep-v1\",\n"}
,{"stream_name":"stdout","time":476.584026652,"data":"  \"unet_batch_size\": 4,\n"}
,{"stream_name":"stdout","time":476.584030019,"data":"  \"use_deepcenter_add_only_gate\": true,\n"}
,{"stream_name":"stdout","time":476.584033557,"data":"  \"use_ilp\": true,\n"}
,{"stream_name":"stdout","time":476.58403723,"data":"  \"weights\": \"weights/unet_transformer/split_0/edge_predictor_best.pth\"\n"}
,{"stream_name":"stdout","time":476.584040807,"data":"}\n"}
,{"stream_name":"stdout","time":476.773794817,"data":"ARTIFACTS: /kaggle/input/datasets/pilkwang/biohub-tracking-support-pack-50ep-v1\n"}
,{"stream_name":"stdout","time":476.773822338,"data":"Has offline wheels: True\n"}
,{"stream_name":"stdout","time":476.773826959,"data":"Artifact name: biohub-tracking-support-pack-400ep-snapshot-v1\n"}
,{"stream_name":"stdout","time":476.773835349,"data":"Weight sha256: 12f6881ee3620a831697ca098ff8f48e687a24225f4e048b538deec3562fe771\n"}
,{"stream_name":"stdout","time":476.773838887,"data":"Weight path: weights/unet_transformer/split_0/edge_predictor_best.pth\n"}
,{"stream_name":"stdout","time":477.530399512,"data":"Installing missing packages from offline package dirs: ['polars']\n"}
,{"stream_name":"stdout","time":477.530429925,"data":"Dependency resolver is disabled with --no-deps to avoid replacing Kaggle numpy/scipy in a live kernel.\n"}
,{"stream_name":"stdout","time":477.530435555,"data":"Offline package dirs: ['/kaggle/input/datasets/pilkwang/biohub-tracking-support-pack-50ep-v1/wheels']\n"}
,{"stream_name":"stdout","time":483.822290476,"data":"Offline dependency install succeeded.\n"}
,{"stream_name":"stdout","time":483.822328379,"data":"Installing missing packages from offline package dirs: ['tracksdata', 'zarr', 'pyscipopt', 'geff', 'geff_spec', 'ilpy', 'imagecodecs', 'rustworkx', 'numcodecs', 'donfig', 'bidict']\n"}
,{"stream_name":"stdout","time":483.822333736,"data":"Dependency resolver is disabled with --no-deps to avoid replacing Kaggle numpy/scipy in a live kernel.\n"}
,{"stream_name":"stdout","time":483.822337367,"data":"Offline package dirs: ['/kaggle/input/datasets/pilkwang/biohub-tracking-support-pack-50ep-v1/wheels']\n"}
,{"stream_name":"stdout","time":509.155776059,"data":"Offline dependency install succeeded.\n"}
,{"stream_name":"stderr","time":516.714240083,"data":"/usr/local/lib/python3.12/dist-packages/dask/array/image.py:7: FutureWarning: `find_available_plugins` is deprecated since version 0.25 and will be removed in version 0.27. The plugin infrastructure of `skimage.io` is deprecated. Instead, use `imageio` or other I/O packages directly.\n"}
,{"stream_name":"stderr","time":516.714285618,"data":"  from skimage.io import imread as sk_imread\n"}
,{"stream_name":"stderr","time":516.714291927,"data":"/usr/lib/python3.12/importlib/__init__.py:90: FutureWarning: `reset_plugins` is deprecated since version 0.25 and will be removed in version 0.27. The plugin infrastructure of `skimage.io` is deprecated. Instead, use `imageio` or other I/O packages directly.\n"}
,{"stream_name":"stderr","time":516.714296641,"data":"  return _bootstrap._gcd_import(name[level:], package, level)\n"}
,{"stream_name":"stderr","time":516.714300415,"data":"\n"}
,{"stream_name":"stderr","time":516.714304003,"data":"/usr/local/lib/python3.12/dist-packages/dask/array/image.py:7: FutureWarning: `find_available_plugins` is deprecated since version 0.25 and will be removed in version 0.27. The plugin infrastructure of `skimage.io` is deprecated. Instead, use `imageio` or other I/O packages directly.\n"}
,{"stream_name":"stderr","time":516.714310193,"data":"  from skimage.io import imread as sk_imread\n"}
,{"stream_name":"stderr","time":516.714317952,"data":"/usr/lib/python3.12/importlib/__init__.py:90: FutureWarning: `reset_plugins` is deprecated since version 0.25 and will be removed in version 0.27. The plugin infrastructure of `skimage.io` is deprecated. Instead, use `imageio` or other I/O packages directly.\n"}
,{"stream_name":"stderr","time":516.714321205,"data":"  return _bootstrap._gcd_import(name[level:], package, level)\n"}
,{"stream_name":"stdout","time":516.927838303,"data":"Required graph/Zarr/ILP packages import successfully.\n"}
,{"stream_name":"stdout","time":516.927866472,"data":"Inference repo: /kaggle/working/tracking_repo\n"}
,{"stream_name":"stdout","time":516.927872428,"data":"Weights: /kaggle/working/tracking_repo/weights/unet_transformer/split_0/edge_predictor_best.pth\n"}
,{"stream_name":"stdout","time":517.712343001,"data":"Support repo Python manifest SHA256: 978b626d1fd1e7397435a437dfe68691defe1572fc3c20e61012d7c9b52ed029\n"}
,{"stream_name":"stdout","time":517.712379787,"data":"Primary materialized SHA256: 12f6881ee3620a831697ca098ff8f48e687a24225f4e048b538deec3562fe771\n"}
,{"stream_name":"stdout","time":517.712386613,"data":"DeepCenter materialized SHA256: 8040999a92f6b7bbd98fa8cf458141e045c0f9ad7c936bdb3b18e1f7edafe2a0\n"}
,{"stream_name":"stdout","time":604.804646806,"data":"Secondary artifact: /kaggle/input/datasets/pilkwang/biohub-temporal-unet3d-seed314159-v1\n"}
,{"stream_name":"stdout","time":604.804679703,"data":"Secondary weight: /kaggle/working/secondary_seed_weights/unet_transformer/split_0/edge_predictor_best.pth\n"}
,{"stream_name":"stdout","time":604.804685881,"data":"Secondary SHA256: 9bac2fa0dadc4a6fc1899e0caf187f4b553e0a7cd90ba1261a68b35ffe9e305f\n"}
,{"stream_name":"stdout","time":604.804690576,"data":"Secondary edge-logit weight: 0.15\n"}
,{"stream_name":"stdout","time":604.804694833,"data":"Runtime integrity receipt: /kaggle/working/bidirectional_production_runtime_integrity.json\n"}
,{"stream_name":"stdout","time":608.994160025,"data":"CUDA device: Tesla T4\n"}
,{"stream_name":"stdout","time":608.994188622,"data":"TTA patch applied (400ep spatial D4-style)\n"}
,{"stream_name":"stdout","time":608.994194728,"data":"Calibrated dual-seed runtime patch applied\n"}
,{"stream_name":"stdout","time":608.994199732,"data":"Frozen frame retention guard applied at 0.90\n"}
,{"stream_name":"stdout","time":608.994204853,"data":"Bidirectional harmonic-probability association fusion applied | weight= 0.15\n"}
,{"stream_name":"stdout","time":608.994210349,"data":"Pre-ILP detector-coordinate manifest hook applied\n"}
,{"stream_name":"stdout","time":608.994224086,"data":"Found 4 test videos\n"}
,{"stream_name":"stdout","time":608.994228262,"data":"['44b6_0113de3b', '44b6_0b24845f', '6bba_05b6850b', '6bba_05db0fb1']\n"}
,{"stream_name":"stdout","time":608.994232118,"data":"Launching 2 independent video shards on CUDA devices ['0', '1']\n"}
,{"stream_name":"stdout","time":608.994236538,"data":"GPU shard 0: CUDA_VISIBLE_DEVICES=0 | /usr/bin/python3 scripts/predict_unet_transformer.py --data-dir /kaggle/input/competitions/biohub-cell-tracking-during-development/test --splits kaggle_test_splits_50ep.json --split 0 --weights weights/unet_transformer/split_0/edge_predictor_best.pth --unet-batch-size 4 --det-threshold 0.96 --ilp-edge-weight -1.0 --ilp-appearance-weight 0.0 --ilp-disappearance-weight 2.0 --ilp-division-weight 1.2 --use-ilp --method unet_transformer_gpu0 --slice 0::2\n"}
,{"stream_name":"stdout","time":608.996059288,"data":"GPU shard 1: CUDA_VISIBLE_DEVICES=1 | /usr/bin/python3 scripts/predict_unet_transformer.py --data-dir /kaggle/input/competitions/biohub-cell-tracking-during-development/test --splits kaggle_test_splits_50ep.json --split 0 --weights weights/unet_transformer/split_0/edge_predictor_best.pth --unet-batch-size 4 --det-threshold 0.96 --ilp-edge-weight -1.0 --ilp-appearance-weight 0.0 --ilp-disappearance-weight 2.0 --ilp-division-weight 1.2 --use-ilp --method unet_transformer_gpu1 --slice 1::2\n"}
,{"stream_name":"stderr","time":614.160739029,"data":"/usr/local/lib/python3.12/dist-packages/dask/array/image.py:7: FutureWarning: `find_available_plugins` is deprecated since version 0.25 and will be removed in version 0.27. The plugin infrastructure of `skimage.io` is deprecated. Instead, use `imageio` or other I/O packages directly.\n"}
,{"stream_name":"stderr","time":614.160772483,"data":"  from skimage.io import imread as sk_imread\n"}
,{"stream_name":"stderr","time":614.165004947,"data":"/usr/lib/python3.12/importlib/__init__.py:90: FutureWarning: `reset_plugins` is deprecated since version 0.25 and will be removed in version 0.27. The plugin infrastructure of `skimage.io` is deprecated. Instead, use `imageio` or other I/O packages directly.\n"}
,{"stream_name":"stderr","time":614.165027045,"data":"  return _bootstrap._gcd_import(name[level:], package, level)\n"}
,{"stream_name":"stderr","time":614.172201216,"data":"/usr/local/lib/python3.12/dist-packages/dask/array/image.py:7: FutureWarning: `find_available_plugins` is deprecated since version 0.25 and will be removed in version 0.27. The plugin infrastructure of `skimage.io` is deprecated. Instead, use `imageio` or other I/O packages directly.\n"}
,{"stream_name":"stderr","time":614.172222249,"data":"  from skimage.io import imread as sk_imread\n"}
,{"stream_name":"stderr","time":614.177013045,"data":"/usr/lib/python3.12/importlib/__init__.py:90: FutureWarning: `reset_plugins` is deprecated since version 0.25 and will be removed in version 0.27. The plugin infrastructure of `skimage.io` is deprecated. Instead, use `imageio` or other I/O packages directly.\n"}
,{"stream_name":"stderr","time":614.177031441,"data":"  return _bootstrap._gcd_import(name[level:], package, level)\n"}
,{"stream_name":"stderr","time":614.362860989,"data":"/usr/local/lib/python3.12/dist-packages/dask/array/image.py:7: FutureWarning: `find_available_plugins` is deprecated since version 0.25 and will be removed in version 0.27. The plugin infrastructure of `skimage.io` is deprecated. Instead, use `imageio` or other I/O packages directly.\n"}
,{"stream_name":"stderr","time":614.362905398,"data":"  from skimage.io import imread as sk_imread\n"}
,{"stream_name":"stderr","time":614.362910824,"data":"/usr/lib/python3.12/importlib/__init__.py:90: FutureWarning: `reset_plugins` is deprecated since version 0.25 and will be removed in version 0.27. The plugin infrastructure of `skimage.io` is deprecated. Instead, use `imageio` or other I/O packages directly.\n"}
,{"stream_name":"stderr","time":614.36292559,"data":"  return _bootstrap._gcd_import(name[level:], package, level)\n"}
,{"stream_name":"stderr","time":614.362928283,"data":"/usr/local/lib/python3.12/dist-packages/dask/array/image.py:7: FutureWarning: `find_available_plugins` is deprecated since version 0.25 and will be removed in version 0.27. The plugin infrastructure of `skimage.io` is deprecated. Instead, use `imageio` or other I/O packages directly.\n"}
,{"stream_name":"stderr","time":614.362931256,"data":"  from skimage.io import imread as sk_imread\n"}
,{"stream_name":"stderr","time":614.362933574,"data":"/usr/lib/python3.12/importlib/__init__.py:90: FutureWarning: `reset_plugins` is deprecated since version 0.25 and will be removed in version 0.27. The plugin infrastructure of `skimage.io` is deprecated. Instead, use `imageio` or other I/O packages directly.\n"}
,{"stream_name":"stderr","time":614.3629362,"data":"  return _bootstrap._gcd_import(name[level:], package, level)\n"}
,{"stream_name":"stderr","time":614.362938604,"data":"\n"}
,{"stream_name":"stderr","time":614.362940803,"data":"/usr/local/lib/python3.12/dist-packages/dask/array/image.py:7: FutureWarning: `find_available_plugins` is deprecated since version 0.25 and will be removed in version 0.27. The plugin infrastructure of `skimage.io` is deprecated. Instead, use `imageio` or other I/O packages directly.\n"}
,{"stream_name":"stderr","time":614.362943776,"data":"  from skimage.io import imread as sk_imread\n"}
,{"stream_name":"stderr","time":614.362946568,"data":"/usr/lib/python3.12/importlib/__init__.py:90: FutureWarning: `reset_plugins` is deprecated since version 0.25 and will be removed in version 0.27. The plugin infrastructure of `skimage.io` is deprecated. Instead, use `imageio` or other I/O packages directly.\n"}
,{"stream_name":"stderr","time":614.362949321,"data":"  return _bootstrap._gcd_import(name[level:], package, level)\n"}
,{"stream_name":"stderr","time":614.362952628,"data":"/usr/local/lib/python3.12/dist-packages/dask/array/image.py:7: FutureWarning: `find_available_plugins` is deprecated since version 0.25 and will be removed in version 0.27. The plugin infrastructure of `skimage.io` is deprecated. Instead, use `imageio` or other I/O packages directly.\n"}
,{"stream_name":"stderr","time":614.362955435,"data":"  from skimage.io import imread as sk_imread\n"}
,{"stream_name":"stderr","time":614.362957917,"data":"/usr/lib/python3.12/importlib/__init__.py:90: FutureWarning: `reset_plugins` is deprecated since version 0.25 and will be removed in version 0.27. The plugin infrastructure of `skimage.io` is deprecated. Instead, use `imageio` or other I/O packages directly.\n"}
,{"stream_name":"stderr","time":614.362960622,"data":"  return _bootstrap._gcd_import(name[level:], package, level)\n"}
,{"stream_name":"stdout","time":614.88788678,"data":"Secondary model: /kaggle/working/secondary_seed_weights/unet_transformer/split_0/edge_predictor_best.pth | edge weight=0.150 | detection weight=0.800 | link mode=low_margin_consensus | temperature=1.000 | low-margin max=0.350 | edge threshold=0.480\n"}
,{"stream_name":"stdout","time":614.887932591,"data":"Fold 0: 2 datasets | weights=weights/unet_transformer/split_0/edge_predictor_best.pth | device=cuda | window_size=2 | pool_kernel_um=3.0\n"}
,{"stream_name":"stdout","time":614.888730504,"data":"Secondary model: /kaggle/working/secondary_seed_weights/unet_transformer/split_0/edge_predictor_best.pth | edge weight=0.150 | detection weight=0.800 | link mode=low_margin_consensus | temperature=1.000 | low-margin max=0.350 | edge threshold=0.480\n"}
,{"stream_name":"stdout","time":614.888754066,"data":"Fold 0: 2 datasets | weights=weights/unet_transformer/split_0/edge_predictor_best.pth | device=cuda | window_size=2 | pool_kernel_um=3.0\n"}
,{"stream_name":"stdout","time":615.090051355,"data":"Secondary model: /kaggle/working/secondary_seed_weights/unet_transformer/split_0/edge_predictor_best.pth | edge weight=0.150 | detection weight=0.800 | link mode=low_margin_consensus | temperature=1.000 | low-margin max=0.350 | edge threshold=0.480\n"}
,{"stream_name":"stdout","time":615.090083145,"data":"Fold 0: 2 datasets | weights=weights/unet_transformer/split_0/edge_predictor_best.pth | device=cuda | window_size=2 | pool_kernel_um=3.0\n"}
,{"stream_name":"stdout","time":615.090087943,"data":"Secondary model: /kaggle/working/secondary_seed_weights/unet_transformer/split_0/edge_predictor_best.pth | edge weight=0.150 | detection weight=0.800 | link mode=low_margin_consensus | temperature=1.000 | low-margin max=0.350 | edge threshold=0.480\n"}
,{"stream_name":"stdout","time":615.090092356,"data":"Fold 0: 2 datasets | weights=weights/unet_transformer/split_0/edge_predictor_best.pth | device=cuda | window_size=2 | pool_kernel_um=3.0\n"}
,{"stream_name":"stdout","time":617.843097753,"data":"BIOHUB_RETENTION_GUARD {\"blended_candidates\": 397, \"dataset\": \"44b6_0b24845f\", \"frame\": 0, \"minimum_retention\": 0.9, \"primary_candidates\": 472, \"retention\": 0.8411016949152542, \"use_primary\": true}\n"}
,{"stream_name":"stdout","time":617.844531463,"data":"BIOHUB_RETENTION_GUARD {\"blended_candidates\": 397, \"dataset\": \"44b6_0b24845f\", \"frame\": 1, \"minimum_retention\": 0.9, \"primary_candidates\": 451, \"retention\": 0.8802660753880266, \"use_primary\": true}\n"}
,{"stream_name":"stdout","time":618.045905327,"data":"BIOHUB_RETENTION_GUARD {\"blended_candidates\": 397, \"dataset\": \"44b6_0b24845f\", \"frame\": 0, \"minimum_retention\": 0.9, \"primary_candidates\": 472, \"retention\": 0.8411016949152542, \"use_primary\": true}\n"}
,{"stream_name":"stdout","time":618.045938512,"data":"BIOHUB_RETENTION_GUARD {\"blended_candidates\": 397, \"dataset\": \"44b6_0b24845f\", \"frame\": 1, \"minimum_retention\": 0.9, \"primary_candidates\": 451, \"retention\": 0.8802660753880266, \"use_primary\": true}\n"}
,{"stream_name":"stdout","time":622.557984892,"data":"BIOHUB_RETENTION_GUARD {\"blended_candidates\": 337, \"dataset\": \"44b6_0b24845f\", \"frame\": 2, \"minimum_retention\": 0.9, \"primary_candidates\": 395, \"retention\": 0.8531645569620253, \"use_primary\": true}\n"}
,{"stream_name":"stdout","time":622.760049071,"data":"BIOHUB_RETENTION_GUARD {\"blended_candidates\": 337, \"dataset\": \"44b6_0b24845f\", \"frame\": 2, \"minimum_retention\": 0.9, \"primary_candidates\": 395, \"retention\": 0.8531645569620253, \"use_primary\": true}\n"}
,{"stream_name":"stdout","time":624.536770707,"data":"BIOHUB_RETENTION_GUARD {\"blended_candidates\": 370, \"dataset\": \"44b6_0b24845f\", \"frame\": 3, \"minimum_retention\": 0.9, \"primary_candidates\": 427, \"retention\": 0.8665105386416861, \"use_primary\": true}\n"}
,{"stream_name":"stdout","time":624.739643821,"data":"BIOHUB_RETENTION_GUARD {\"blended_candidates\": 370, \"dataset\": \"44b6_0b24845f\", \"frame\": 3, \"minimum_retention\": 0.9, \"primary_candidates\": 427, \"retention\": 0.8665105386416861, \"use_primary\": true}\n"}
,{"stream_name":"stdout","time":626.443628201,"data":"BIOHUB_RETENTION_GUARD {\"blended_candidates\": 347, \"dataset\": \"44b6_0b24845f\", \"frame\": 4, \"minimum_retention\": 0.9, \"primary_candidates\": 414, \"retention\": 0.8381642512077294, \"use_primary\": true}\n"}
,{"stream_name":"stdout","time":626.6463134,"data":"BIOHUB_RETENTION_GUARD {\"blended_candidates\": 347, \"dataset\": \"44b6_0b24845f\", \"frame\": 4, \"minimum_retention\": 0.9, \"primary_candidates\": 414, \"retention\": 0.8381642512077294, \"use_primary\": true}\n"}
,{"stream_name":"stdout","time":628.345757608,"data":"BIOHUB_RETENTION_GUARD {\"blended_candidates\": 330, \"dataset\": \"44b6_0b24845f\", \"frame\": 5, \"minimum_retention\": 0.9, \"primary_candidates\": 393, \"retention\": 0.8396946564885496, \"use_primary\": true}\n"}
,{"stream_name":"stdout","time":628.548635806,"data":"BIOHUB_RETENTION_GUARD {\"blended_candidates\": 330, \"dataset\": \"44b6_0b24845f\", \"frame\": 5, \"minimum_retention\": 0.9, \"primary_candidates\": 393, \"retention\": 0.8396946564885496, \"use_primary\": true}\n"}
,{"stream_name":"stdout","time":630.323281678,"data":"BIOHUB_RETENTION_GUARD {\"blended_candidates\": 336, \"dataset\": \"44b6_0b24845f\", \"frame\": 6, \"minimum_retention\": 0.9, \"primary_candidates\": 410, \"retention\": 0.8195121951219512, \"use_primary\": true}\n"}
,{"stream_name":"stdout","time":630.526248967,"data":"BIOHUB_RETENTION_GUARD {\"blended_candidates\": 336, \"dataset\": \"44b6_0b24845f\", \"frame\": 6, \"minimum_retention\": 0.9, \"primary_candidates\": 410, \"retention\": 0.8195121951219512, \"use_primary\": true}\n"}
,{"stream_name":"stdout","time":632.227914252,"data":"BIOHUB_RETENTION_GUARD {\"blended_candidates\": 317, \"dataset\": \"44b6_0b24845f\", \"frame\": 7, \"minimum_retention\": 0.9, \"primary_candidates\": 397, \"retention\": 0.7984886649874056, \"use_primary\": true}\n"}
,{"stream_name":"stdout","time":632.430483138,"data":"BIOHUB_RETENTION_GUARD {\"blended_candidates\": 317, \"dataset\": \"44b6_0b24845f\", \"frame\": 7, \"minimum_retention\": 0.9, \"primary_candidates\": 397, \"retention\": 0.7984886649874056, \"use_primary\": true}\n"}
,{"stream_name":"stdout","time":634.161012924,"data":"BIOHUB_RETENTION_GUARD {\"blended_candidates\": 388, \"dataset\": \"44b6_0b24845f\", \"frame\": 8, \"minimum_retention\": 0.9, \"primary_candidates\": 450, \"retention\": 0.8622222222222222, \"use_primary\": true}\n"}
,{"stream_name":"stdout","time":634.363426156,"data":"BIOHUB_RETENTION_GUARD {\"blended_candidates\": 388, \"dataset\": \"44b6_0b24845f\", \"frame\": 8, \"minimum_retention\": 0.9, \"primary_candidates\": 450, \"retention\": 0.8622222222222222, \"use_primary\": true}\n"}
,{"stream_name":"stdout","time":636.137754756,"data":"BIOHUB_RETENTION_GUARD {\"blended_candidates\": 369, \"dataset\": \"44b6_0b24845f\", \"frame\": 9, \"minimum_retention\": 0.9, \"primary_candidates\": 438, \"retention\": 0.8424657534246576, \"use_primary\": true}\n"}
,{"stream_name":"stdout","time":636.346269622,"data":"BIOHUB_RETENTION_GUARD {\"blended_candidates\": 369, \"dataset\": \"44b6_0b24845f\", \"frame\": 9, \"minimum_retention\": 0.9, \"primary_candidates\": 438, \"retention\": 0.8424657534246576, \"use_primary\": true}\n"}
,{"stream_name":"stdout","time":638.093180199,"data":"BIOHUB_RETENTION_GUARD {\"blended_candidates\": 341, \"dataset\": \"44b6_0b24845f\", \"frame\": 10, \"minimum_retention\": 0.9, \"primary_candidates\": 430, \"retention\": 0.7930232558139535, \"use_primary\": true}\n"}
,{"stream_name":"stdout","time":638.295227523,"data":"BIOHUB_RETENTION_GUARD {\"blended_candidates\": 341, \"dataset\": \"44b6_0b24845f\", \"frame\": 10, \"minimum_retention\": 0.9, \"primary_candidates\": 430, \"retention\": 0.7930232558139535, \"use_primary\": true}\n"}
,{"stream_name":"stdout","time":640.051819829,"data":"BIOHUB_RETENTION_GUARD {\"blended_candidates\": 385, \"dataset\": \"44b6_0b24845f\", \"frame\": 11, \"minimum_retention\": 0.9, \"primary_candidates\": 449, \"retention\": 0.8574610244988864, \"use_primary\": true}\n"}
,{"stream_name":"stdout","time":640.253990531,"data":"BIOHUB_RETENTION_GUARD {\"blended_candidates\": 385, \"dataset\": \"44b6_0b24845f\", \"frame\": 11, \"minimum_retention\": 0.9, \"primary_candidates\": 449, \"retention\": 0.8574610244988864, \"use_primary\": true}\n"}
,{"stream_name":"stdout","time":642.011711511,"data":"BIOHUB_RETENTION_GUARD {\"blended_candidates\": 311, \"dataset\": \"44b6_0b24845f\", \"frame\": 12, \"minimum_retention\": 0.9, \"primary_candidates\": 369, \"retention\": 0.8428184281842819, \"use_primary\": true}\n"}
,{"stream_name":"stdout","time":642.214014922,"data":"BIOHUB_RETENTION_GUARD {\"blended_candidates\": 311, \"dataset\": \"44b6_0b24845f\", \"frame\": 12, \"minimum_retention\": 0.9, \"primary_candidates\": 369, \"retention\": 0.8428184281842819, \"use_primary\": true}\n"}
,{"stream_name":"stdout","time":643.943302193,"data":"BIOHUB_RETENTION_GUARD {\"blended_candidates\": 324, \"dataset\": \"44b6_0b24845f\", \"frame\": 13, \"minimum_retention\": 0.9, \"primary_candidates\": 386, \"retention\": 0.8393782383419689, \"use_primary\": true}\n"}
,{"stream_name":"stdout","time":644.145436764,"data":"BIOHUB_RETENTION_GUARD {\"blended_candidates\": 324, \"dataset\": \"44b6_0b24845f\", \"frame\": 13, \"minimum_retention\": 0.9, \"primary_candidates\": 386, \"retention\": 0.8393782383419689, \"use_primary\": true}\n"}
,{"stream_name":"stdout","time":645.925073844,"data":"BIOHUB_RETENTION_GUARD {\"blended_candidates\": 342, \"dataset\": \"44b6_0b24845f\", \"frame\": 14, \"minimum_retention\": 0.9, \"primary_candidates\": 384, \"retention\": 0.890625, \"use_primary\": true}\n"}
,{"stream_name":"stdout","time":646.12761741,"data":"BIOHUB_RETENTION_GUARD {\"blended_candidates\": 342, \"dataset\": \"44b6_0b24845f\", \"frame\": 14, \"minimum_retention\": 0.9, \"primary_candidates\": 384, \"retention\": 0.890625, \"use_primary\": true}\n"}
,{"stream_name":"stdout","time":657.622107574,"data":"BIOHUB_RETENTION_GUARD {\"blended_candidates\": 292, \"dataset\": \"44b6_0b24845f\", \"frame\": 20, \"minimum_retention\": 0.9, \"primary_candidates\": 325, \"retention\": 0.8984615384615384, \"use_primary\": true}\n"}
,{"stream_name":"stdout","time":657.824904275,"data":"BIOHUB_RETENTION_GUARD {\"blended_candidates\": 292, \"dataset\": \"44b6_0b24845f\", \"frame\": 20, \"minimum_retention\": 0.9, \"primary_candidates\": 325, \"retention\": 0.8984615384615384, \"use_primary\": true}\n"}
,{"stream_name":"stdout","time":659.566194256,"data":"BIOHUB_RETENTION_GUARD {\"blended_candidates\": 275, \"dataset\": \"44b6_0b24845f\", \"frame\": 21, \"minimum_retention\": 0.9, \"primary_candidates\": 331, \"retention\": 0.8308157099697885, \"use_primary\": true}\n"}
,{"stream_name":"stdout","time":659.768971752,"data":"BIOHUB_RETENTION_GUARD {\"blended_candidates\": 275, \"dataset\": \"44b6_0b24845f\", \"frame\": 21, \"minimum_retention\": 0.9, \"primary_candidates\": 331, \"retention\": 0.8308157099697885, \"use_primary\": true}\n"}
,{"stream_name":"stdout","time":661.495764476,"data":"BIOHUB_RETENTION_GUARD {\"blended_candidates\": 294, \"dataset\": \"44b6_0b24845f\", \"frame\": 22, \"minimum_retention\": 0.9, \"primary_candidates\": 334, \"retention\": 0.8802395209580839, \"use_primary\": true}\n"}
,{"stream_name":"stdout","time":661.698677473,"data":"BIOHUB_RETENTION_GUARD {\"blended_candidates\": 294, \"dataset\": \"44b6_0b24845f\", \"frame\": 22, \"minimum_retention\": 0.9, \"primary_candidates\": 334, \"retention\": 0.8802395209580839, \"use_primary\": true}\n"}
,{"stream_name":"stdout","time":665.458907525,"data":"BIOHUB_RETENTION_GUARD {\"blended_candidates\": 265, \"dataset\": \"44b6_0b24845f\", \"frame\": 24, \"minimum_retention\": 0.9, \"primary_candidates\": 314, \"retention\": 0.8439490445859873, \"use_primary\": true}\n"}
,{"stream_name":"stdout","time":665.661080823,"data":"BIOHUB_RETENTION_GUARD {\"blended_candidates\": 265, \"dataset\": \"44b6_0b24845f\", \"frame\": 24, \"minimum_retention\": 0.9, \"primary_candidates\": 314, \"retention\": 0.8439490445859873, \"use_primary\": true}\n"}
,{"stream_name":"stdout","time":669.464403698,"data":"BIOHUB_RETENTION_GUARD {\"blended_candidates\": 278, \"dataset\": \"44b6_0b24845f\", \"frame\": 26, \"minimum_retention\": 0.9, \"primary_candidates\": 314, \"retention\": 0.8853503184713376, \"use_primary\": true}\n"}
,{"stream_name":"stdout","time":669.677535504,"data":"BIOHUB_RETENTION_GUARD {\"blended_candidates\": 278, \"dataset\": \"44b6_0b24845f\", \"frame\": 26, \"minimum_retention\": 0.9, \"primary_candidates\": 314, \"retention\": 0.8853503184713376, \"use_primary\": true}\n"}
,{"stream_name":"stdout","time":671.473855813,"data":"BIOHUB_RETENTION_GUARD {\"blended_candidates\": 262, \"dataset\": \"44b6_0b24845f\", \"frame\": 27, \"minimum_retention\": 0.9, \"primary_candidates\": 308, \"retention\": 0.8506493506493507, \"use_primary\": true}\n"}
,{"stream_name":"stdout","time":671.676203277,"data":"BIOHUB_RETENTION_GUARD {\"blended_candidates\": 262, \"dataset\": \"44b6_0b24845f\", \"frame\": 27, \"minimum_retention\": 0.9, \"primary_candidates\": 308, \"retention\": 0.8506493506493507, \"use_primary\": true}\n"}
,{"stream_name":"stdout","time":681.613331924,"data":"BIOHUB_RETENTION_GUARD {\"blended_candidates\": 258, \"dataset\": \"44b6_0b24845f\", \"frame\": 32, \"minimum_retention\": 0.9, \"primary_candidates\": 305, \"retention\": 0.8459016393442623, \"use_primary\": true}\n"}
,{"stream_name":"stdout","time":681.816104613,"data":"BIOHUB_RETENTION_GUARD {\"blended_candidates\": 258, \"dataset\": \"44b6_0b24845f\", \"frame\": 32, \"minimum_retention\": 0.9, \"primary_candidates\": 305, \"retention\": 0.8459016393442623, \"use_primary\": true}\n"}
,{"stream_name":"stdout","time":683.649601432,"data":"BIOHUB_RETENTION_GUARD {\"blended_candidates\": 241, \"dataset\": \"44b6_0b24845f\", \"frame\": 33, \"minimum_retention\": 0.9, \"primary_candidates\": 284, \"retention\": 0.8485915492957746, \"use_primary\": true}\n"}
,{"stream_name":"stdout","time":683.852594207,"data":"BIOHUB_RETENTION_GUARD {\"blended_candidates\": 241, \"dataset\": \"44b6_0b24845f\", \"frame\": 33, \"minimum_retention\": 0.9, \"primary_candidates\": 284, \"retention\": 0.8485915492957746, \"use_primary\": true}\n"}
,{"stream_name":"stdout","time":712.917139602,"data":"BIOHUB_RETENTION_GUARD {\"blended_candidates\": 271, \"dataset\": \"44b6_0b24845f\", \"frame\": 47, \"minimum_retention\": 0.9, \"primary_candidates\": 312, \"retention\": 0.8685897435897436, \"use_primary\": true}\n"}
,{"stream_name":"stdout","time":713.131308465,"data":"BIOHUB_RETENTION_GUARD {\"blended_candidates\": 271, \"dataset\": \"44b6_0b24845f\", \"frame\": 47, \"minimum_retention\": 0.9, \"primary_candidates\": 312, \"retention\": 0.8685897435897436, \"use_primary\": true}\n"}
,{"stream_name":"stdout","time":721.357710533,"data":"BIOHUB_RETENTION_GUARD {\"blended_candidates\": 327, \"dataset\": \"44b6_0b24845f\", \"frame\": 51, \"minimum_retention\": 0.9, \"primary_candidates\": 367, \"retention\": 0.8910081743869209, \"use_primary\": true}\n"}
,{"stream_name":"stdout","time":721.559882742,"data":"BIOHUB_RETENTION_GUARD {\"blended_candidates\": 327, \"dataset\": \"44b6_0b24845f\", \"frame\": 51, \"minimum_retention\": 0.9, \"primary_candidates\": 367, \"retention\": 0.8910081743869209, \"use_primary\": true}\n"}
,{"stream_name":"stdout","time":725.693235221,"data":"BIOHUB_RETENTION_GUARD {\"blended_candidates\": 312, \"dataset\": \"44b6_0b24845f\", \"frame\": 53, \"minimum_retention\": 0.9, \"primary_candidates\": 352, \"retention\": 0.8863636363636364, \"use_primary\": true}\n"}
,{"stream_name":"stdout","time":725.895846116,"data":"BIOHUB_RETENTION_GUARD {\"blended_candidates\": 312, \"dataset\": \"44b6_0b24845f\", \"frame\": 53, \"minimum_retention\": 0.9, \"primary_candidates\": 352, \"retention\": 0.8863636363636364, \"use_primary\": true}\n"}
,{"stream_name":"stdout","time":736.608139842,"data":"BIOHUB_RETENTION_GUARD {\"blended_candidates\": 267, \"dataset\": \"44b6_0b24845f\", \"frame\": 58, \"minimum_retention\": 0.9, \"primary_candidates\": 324, \"retention\": 0.8240740740740741, \"use_primary\": true}\n"}
,{"stream_name":"stdout","time":736.810952802,"data":"BIOHUB_RETENTION_GUARD {\"blended_candidates\": 267, \"dataset\": \"44b6_0b24845f\", \"frame\": 58, \"minimum_retention\": 0.9, \"primary_candidates\": 324, \"retention\": 0.8240740740740741, \"use_primary\": true}\n"}
,{"stream_name":"stdout","time":738.805498157,"data":"BIOHUB_RETENTION_GUARD {\"blended_candidates\": 310, \"dataset\": \"44b6_0b24845f\", \"frame\": 59, \"minimum_retention\": 0.9, \"primary_candidates\": 355, \"retention\": 0.8732394366197183, \"use_primary\": true}\n"}
,{"stream_name":"stdout","time":739.007494068,"data":"BIOHUB_RETENTION_GUARD {\"blended_candidates\": 310, \"dataset\": \"44b6_0b24845f\", \"frame\": 59, \"minimum_retention\": 0.9, \"primary_candidates\": 355, \"retention\": 0.8732394366197183, \"use_primary\": true}\n"}
,{"stream_name":"stdout","time":741.048697089,"data":"BIOHUB_RETENTION_GUARD {\"blended_candidates\": 345, \"dataset\": \"44b6_0b24845f\", \"frame\": 60, \"minimum_retention\": 0.9, \"primary_candidates\": 403, \"retention\": 0.8560794044665012, \"use_primary\": true}\n"}
,{"stream_name":"stdout","time":741.25108346,"data":"BIOHUB_RETENTION_GUARD {\"blended_candidates\": 345, \"dataset\": \"44b6_0b24845f\", \"frame\": 60, \"minimum_retention\": 0.9, \"primary_candidates\": 403, \"retention\": 0.8560794044665012, \"use_primary\": true}\n"}
,{"stream_name":"stdout","time":743.283685738,"data":"BIOHUB_RETENTION_GUARD {\"blended_candidates\": 281, \"dataset\": \"44b6_0b24845f\", \"frame\": 61, \"minimum_retention\": 0.9, \"primary_candidates\": 342, \"retention\": 0.8216374269005848, \"use_primary\": true}\n"}
,{"stream_name":"stdout","time":743.495038686,"data":"BIOHUB_RETENTION_GUARD {\"blended_candidates\": 281, \"dataset\": \"44b6_0b24845f\", \"frame\": 61, \"minimum_retention\": 0.9, \"primary_candidates\": 342, \"retention\": 0.8216374269005848, \"use_primary\": true}\n"}
,{"stream_name":"stdout","time":745.549182052,"data":"BIOHUB_RETENTION_GUARD {\"blended_candidates\": 310, \"dataset\": \"44b6_0b24845f\", \"frame\": 62, \"minimum_retention\": 0.9, \"primary_candidates\": 355, \"retention\": 0.8732394366197183, \"use_primary\": true}\n"}
,{"stream_name":"stdout","time":745.751275303,"data":"BIOHUB_RETENTION_GUARD {\"blended_candidates\": 310, \"dataset\": \"44b6_0b24845f\", \"frame\": 62, \"minimum_retention\": 0.9, \"primary_candidates\": 355, \"retention\": 0.8732394366197183, \"use_primary\": true}\n"}
,{"stream_name":"stdout","time":749.998103387,"data":"BIOHUB_RETENTION_GUARD {\"blended_candidates\": 302, \"dataset\": \"44b6_0b24845f\", \"frame\": 64, \"minimum_retention\": 0.9, \"primary_candidates\": 353, \"retention\": 0.8555240793201133, \"use_primary\": true}\n"}
,{"stream_name":"stdout","time":750.201202398,"data":"BIOHUB_RETENTION_GUARD {\"blended_candidates\": 302, \"dataset\": \"44b6_0b24845f\", \"frame\": 64, \"minimum_retention\": 0.9, \"primary_candidates\": 353, \"retention\": 0.8555240793201133, \"use_primary\": true}\n"}
,{"stream_name":"stdout","time":752.204777266,"data":"BIOHUB_RETENTION_GUARD {\"blended_candidates\": 336, \"dataset\": \"44b6_0b24845f\", \"frame\": 65, \"minimum_retention\": 0.9, \"primary_candidates\": 386, \"retention\": 0.8704663212435233, \"use_primary\": true}\n"}
,{"stream_name":"stdout","time":752.407287636,"data":"BIOHUB_RETENTION_GUARD {\"blended_candidates\": 336, \"dataset\": \"44b6_0b24845f\", \"frame\": 65, \"minimum_retention\": 0.9, \"primary_candidates\": 386, \"retention\": 0.8704663212435233, \"use_primary\": true}\n"}
,{"stream_name":"stdout","time":754.428298704,"data":"BIOHUB_RETENTION_GUARD {\"blended_candidates\": 329, \"dataset\": \"44b6_0b24845f\", \"frame\": 66, \"minimum_retention\": 0.9, \"primary_candidates\": 388, \"retention\": 0.8479381443298969, \"use_primary\": true}\n"}
,{"stream_name":"stdout","time":754.630764364,"data":"BIOHUB_RETENTION_GUARD {\"blended_candidates\": 329, \"dataset\": \"44b6_0b24845f\", \"frame\": 66, \"minimum_retention\": 0.9, \"primary_candidates\": 388, \"retention\": 0.8479381443298969, \"use_primary\": true}\n"}
,{"stream_name":"stdout","time":763.512360285,"data":"BIOHUB_RETENTION_GUARD {\"blended_candidates\": 274, \"dataset\": \"44b6_0b24845f\", \"frame\": 70, \"minimum_retention\": 0.9, \"primary_candidates\": 315, \"retention\": 0.8698412698412699, \"use_primary\": true}\n"}
,{"stream_name":"stdout","time":763.71426287,"data":"BIOHUB_RETENTION_GUARD {\"blended_candidates\": 274, \"dataset\": \"44b6_0b24845f\", \"frame\": 70, \"minimum_retention\": 0.9, \"primary_candidates\": 315, \"retention\": 0.8698412698412699, \"use_primary\": true}\n"}
,{"stream_name":"stdout","time":770.184176549,"data":"BIOHUB_RETENTION_GUARD {\"blended_candidates\": 206, \"dataset\": \"44b6_0b24845f\", \"frame\": 73, \"minimum_retention\": 0.9, \"primary_candidates\": 269, \"retention\": 0.7657992565055762, \"use_primary\": true}\n"}
,{"stream_name":"stdout","time":770.386857867,"data":"BIOHUB_RETENTION_GUARD {\"blended_candidates\": 206, \"dataset\": \"44b6_0b24845f\", \"frame\": 73, \"minimum_retention\": 0.9, \"primary_candidates\": 269, \"retention\": 0.7657992565055762, \"use_primary\": true}\n"}
,{"stream_name":"stdout","time":772.312413828,"data":"BIOHUB_RETENTION_GUARD {\"blended_candidates\": 232, \"dataset\": \"44b6_0b24845f\", \"frame\": 74, \"minimum_retention\": 0.9, \"primary_candidates\": 296, \"retention\": 0.7837837837837838, \"use_primary\": true}\n"}
,{"stream_name":"stdout","time":772.514651688,"data":"BIOHUB_RETENTION_GUARD {\"blended_candidates\": 232, \"dataset\": \"44b6_0b24845f\", \"frame\": 74, \"minimum_retention\": 0.9, \"primary_candidates\": 296, \"retention\": 0.7837837837837838, \"use_primary\": true}\n"}
,{"stream_name":"stdout","time":774.500002869,"data":"BIOHUB_RETENTION_GUARD {\"blended_candidates\": 330, \"dataset\": \"44b6_0b24845f\", \"frame\": 75, \"minimum_retention\": 0.9, \"primary_candidates\": 383, \"retention\": 0.8616187989556136, \"use_primary\": true}\n"}
,{"stream_name":"stdout","time":774.714143272,"data":"BIOHUB_RETENTION_GUARD {\"blended_candidates\": 330, \"dataset\": \"44b6_0b24845f\", \"frame\": 75, \"minimum_retention\": 0.9, \"primary_candidates\": 383, \"retention\": 0.8616187989556136, \"use_primary\": true}\n"}
,{"stream_name":"stdout","time":776.692081951,"data":"BIOHUB_RETENTION_GUARD {\"blended_candidates\": 332, \"dataset\": \"44b6_0b24845f\", \"frame\": 76, \"minimum_retention\": 0.9, \"primary_candidates\": 390, \"retention\": 0.8512820512820513, \"use_primary\": true}\n"}
,{"stream_name":"stdout","time":776.894700984,"data":"BIOHUB_RETENTION_GUARD {\"blended_candidates\": 332, \"dataset\": \"44b6_0b24845f\", \"frame\": 76, \"minimum_retention\": 0.9, \"primary_candidates\": 390, \"retention\": 0.8512820512820513, \"use_primary\": true}\n"}
,{"stream_name":"stdout","time":778.862237278,"data":"BIOHUB_RETENTION_GUARD {\"blended_candidates\": 256, \"dataset\": \"44b6_0b24845f\", \"frame\": 77, \"minimum_retention\": 0.9, \"primary_candidates\": 341, \"retention\": 0.750733137829912, \"use_primary\": true}\n"}
,{"stream_name":"stdout","time":779.064175893,"data":"BIOHUB_RETENTION_GUARD {\"blended_candidates\": 256, \"dataset\": \"44b6_0b24845f\", \"frame\": 77, \"minimum_retention\": 0.9, \"primary_candidates\": 341, \"retention\": 0.750733137829912, \"use_primary\": true}\n"}
,{"stream_name":"stdout","time":781.074702729,"data":"BIOHUB_RETENTION_GUARD {\"blended_candidates\": 295, \"dataset\": \"44b6_0b24845f\", \"frame\": 78, \"minimum_retention\": 0.9, \"primary_candidates\": 402, \"retention\": 0.7338308457711443, \"use_primary\": true}\n"}
,{"stream_name":"stdout","time":781.277038807,"data":"BIOHUB_RETENTION_GUARD {\"blended_candidates\": 295, \"dataset\": \"44b6_0b24845f\", \"frame\": 78, \"minimum_retention\": 0.9, \"primary_candidates\": 402, \"retention\": 0.7338308457711443, \"use_primary\": true}\n"}
,{"stream_name":"stdout","time":783.308467432,"data":"BIOHUB_RETENTION_GUARD {\"blended_candidates\": 316, \"dataset\": \"44b6_0b24845f\", \"frame\": 79, \"minimum_retention\": 0.9, \"primary_candidates\": 433, \"retention\": 0.7297921478060047, \"use_primary\": true}\n"}
,{"stream_name":"stdout","time":783.51050984,"data":"BIOHUB_RETENTION_GUARD {\"blended_candidates\": 316, \"dataset\": \"44b6_0b24845f\", \"frame\": 79, \"minimum_retention\": 0.9, \"primary_candidates\": 433, \"retention\": 0.7297921478060047, \"use_primary\": true}\n"}
,{"stream_name":"stdout","time":785.590739625,"data":"BIOHUB_RETENTION_GUARD {\"blended_candidates\": 310, \"dataset\": \"44b6_0b24845f\", \"frame\": 80, \"minimum_retention\": 0.9, \"primary_candidates\": 398, \"retention\": 0.7788944723618091, \"use_primary\": true}\n"}
,{"stream_name":"stdout","time":785.793392116,"data":"BIOHUB_RETENTION_GUARD {\"blended_candidates\": 310, \"dataset\": \"44b6_0b24845f\", \"frame\": 80, \"minimum_retention\": 0.9, \"primary_candidates\": 398, \"retention\": 0.7788944723618091, \"use_primary\": true}\n"}
,{"stream_name":"stdout","time":787.770836614,"data":"BIOHUB_RETENTION_GUARD {\"blended_candidates\": 311, \"dataset\": \"44b6_0b24845f\", \"frame\": 81, \"minimum_retention\": 0.9, \"primary_candidates\": 391, \"retention\": 0.7953964194373402, \"use_primary\": true}\n"}
,{"stream_name":"stdout","time":787.972938504,"data":"BIOHUB_RETENTION_GUARD {\"blended_candidates\": 311, \"dataset\": \"44b6_0b24845f\", \"frame\": 81, \"minimum_retention\": 0.9, \"primary_candidates\": 391, \"retention\": 0.7953964194373402, \"use_primary\": true}\n"}
,{"stream_name":"stdout","time":789.974953734,"data":"BIOHUB_RETENTION_GUARD {\"blended_candidates\": 290, \"dataset\": \"44b6_0b24845f\", \"frame\": 82, \"minimum_retention\": 0.9, \"primary_candidates\": 392, \"retention\": 0.7397959183673469, \"use_primary\": true}\n"}
,{"stream_name":"stdout","time":790.176917137,"data":"BIOHUB_RETENTION_GUARD {\"blended_candidates\": 290, \"dataset\": \"44b6_0b24845f\", \"frame\": 82, \"minimum_retention\": 0.9, \"primary_candidates\": 392, \"retention\": 0.7397959183673469, \"use_primary\": true}\n"}
,{"stream_name":"stdout","time":792.203494738,"data":"BIOHUB_RETENTION_GUARD {\"blended_candidates\": 275, \"dataset\": \"44b6_0b24845f\", \"frame\": 83, \"minimum_retention\": 0.9, \"primary_candidates\": 392, \"retention\": 0.701530612244898, \"use_primary\": true}\n"}
,{"stream_name":"stdout","time":792.405541905,"data":"BIOHUB_RETENTION_GUARD {\"blended_candidates\": 275, \"dataset\": \"44b6_0b24845f\", \"frame\": 83, \"minimum_retention\": 0.9, \"primary_candidates\": 392, \"retention\": 0.701530612244898, \"use_primary\": true}\n"}
,{"stream_name":"stdout","time":794.395476026,"data":"BIOHUB_RETENTION_GUARD {\"blended_candidates\": 294, \"dataset\": \"44b6_0b24845f\", \"frame\": 84, \"minimum_retention\": 0.9, \"primary_candidates\": 371, \"retention\": 0.7924528301886793, \"use_primary\": true}\n"}
,{"stream_name":"stdout","time":794.597779529,"data":"BIOHUB_RETENTION_GUARD {\"blended_candidates\": 294, \"dataset\": \"44b6_0b24845f\", \"frame\": 84, \"minimum_retention\": 0.9, \"primary_candidates\": 371, \"retention\": 0.7924528301886793, \"use_primary\": true}\n"}
,{"stream_name":"stdout","time":796.538344209,"data":"BIOHUB_RETENTION_GUARD {\"blended_candidates\": 205, \"dataset\": \"44b6_0b24845f\", \"frame\": 85, \"minimum_retention\": 0.9, \"primary_candidates\": 306, \"retention\": 0.6699346405228758, \"use_primary\": true}\n"}
,{"stream_name":"stdout","time":796.74042598,"data":"BIOHUB_RETENTION_GUARD {\"blended_candidates\": 205, \"dataset\": \"44b6_0b24845f\", \"frame\": 85, \"minimum_retention\": 0.9, \"primary_candidates\": 306, \"retention\": 0.6699346405228758, \"use_primary\": true}\n"}
,{"stream_name":"stdout","time":798.694351456,"data":"BIOHUB_RETENTION_GUARD {\"blended_candidates\": 178, \"dataset\": \"44b6_0b24845f\", \"frame\": 86, \"minimum_retention\": 0.9, \"primary_candidates\": 294, \"retention\": 0.6054421768707483, \"use_primary\": true}\n"}
,{"stream_name":"stdout","time":798.896620849,"data":"BIOHUB_RETENTION_GUARD {\"blended_candidates\": 178, \"dataset\": \"44b6_0b24845f\", \"frame\": 86, \"minimum_retention\": 0.9, \"primary_candidates\": 294, \"retention\": 0.6054421768707483, \"use_primary\": true}\n"}
,{"stream_name":"stdout","time":800.867662908,"data":"BIOHUB_RETENTION_GUARD {\"blended_candidates\": 243, \"dataset\": \"44b6_0b24845f\", \"frame\": 87, \"minimum_retention\": 0.9, \"primary_candidates\": 336, \"retention\": 0.7232142857142857, \"use_primary\": true}\n"}
,{"stream_name":"stdout","time":801.069797853,"data":"BIOHUB_RETENTION_GUARD {\"blended_candidates\": 243, \"dataset\": \"44b6_0b24845f\", \"frame\": 87, \"minimum_retention\": 0.9, \"primary_candidates\": 336, \"retention\": 0.7232142857142857, \"use_primary\": true}\n"}
,{"stream_name":"stdout","time":803.056453272,"data":"BIOHUB_RETENTION_GUARD {\"blended_candidates\": 301, \"dataset\": \"44b6_0b24845f\", \"frame\": 88, \"minimum_retention\": 0.9, \"primary_candidates\": 371, \"retention\": 0.8113207547169812, \"use_primary\": true}\n"}
,{"stream_name":"stdout","time":803.258757381,"data":"BIOHUB_RETENTION_GUARD {\"blended_candidates\": 301, \"dataset\": \"44b6_0b24845f\", \"frame\": 88, \"minimum_retention\": 0.9, \"primary_candidates\": 371, \"retention\": 0.8113207547169812, \"use_primary\": true}\n"}
,{"stream_name":"stdout","time":805.201637076,"data":"BIOHUB_RETENTION_GUARD {\"blended_candidates\": 235, \"dataset\": \"44b6_0b24845f\", \"frame\": 89, \"minimum_retention\": 0.9, \"primary_candidates\": 331, \"retention\": 0.7099697885196374, \"use_primary\": true}\n"}
,{"stream_name":"stdout","time":805.417679822,"data":"BIOHUB_RETENTION_GUARD {\"blended_candidates\": 235, \"dataset\": \"44b6_0b24845f\", \"frame\": 89, \"minimum_retention\": 0.9, \"primary_candidates\": 331, \"retention\": 0.7099697885196374, \"use_primary\": true}\n"}
,{"stream_name":"stdout","time":807.348538353,"data":"BIOHUB_RETENTION_GUARD {\"blended_candidates\": 185, \"dataset\": \"44b6_0b24845f\", \"frame\": 90, \"minimum_retention\": 0.9, \"primary_candidates\": 277, \"retention\": 0.6678700361010831, \"use_primary\": true}\n"}
,{"stream_name":"stdout","time":807.550838158,"data":"BIOHUB_RETENTION_GUARD {\"blended_candidates\": 185, \"dataset\": \"44b6_0b24845f\", \"frame\": 90, \"minimum_retention\": 0.9, \"primary_candidates\": 277, \"retention\": 0.6678700361010831, \"use_primary\": true}\n"}
,{"stream_name":"stdout","time":809.552546512,"data":"BIOHUB_RETENTION_GUARD {\"blended_candidates\": 147, \"dataset\": \"44b6_0b24845f\", \"frame\": 91, \"minimum_retention\": 0.9, \"primary_candidates\": 244, \"retention\": 0.6024590163934426, \"use_primary\": true}\n"}
,{"stream_name":"stdout","time":809.754672584,"data":"BIOHUB_RETENTION_GUARD {\"blended_candidates\": 147, \"dataset\": \"44b6_0b24845f\", \"frame\": 91, \"minimum_retention\": 0.9, \"primary_candidates\": 244, \"retention\": 0.6024590163934426, \"use_primary\": true}\n"}
,{"stream_name":"stdout","time":811.72444311,"data":"BIOHUB_RETENTION_GUARD {\"blended_candidates\": 160, \"dataset\": \"44b6_0b24845f\", \"frame\": 92, \"minimum_retention\": 0.9, \"primary_candidates\": 294, \"retention\": 0.54421768707483, \"use_primary\": true}\n"}
,{"stream_name":"stdout","time":811.926861893,"data":"BIOHUB_RETENTION_GUARD {\"blended_candidates\": 160, \"dataset\": \"44b6_0b24845f\", \"frame\": 92, \"minimum_retention\": 0.9, \"primary_candidates\": 294, \"retention\": 0.54421768707483, \"use_primary\": true}\n"}
,{"stream_name":"stdout","time":813.940046336,"data":"BIOHUB_RETENTION_GUARD {\"blended_candidates\": 142, \"dataset\": \"44b6_0b24845f\", \"frame\": 93, \"minimum_retention\": 0.9, \"primary_candidates\": 259, \"retention\": 0.5482625482625483, \"use_primary\": true}\n"}
,{"stream_name":"stdout","time":814.142243879,"data":"BIOHUB_RETENTION_GUARD {\"blended_candidates\": 142, \"dataset\": \"44b6_0b24845f\", \"frame\": 93, \"minimum_retention\": 0.9, \"primary_candidates\": 259, \"retention\": 0.5482625482625483, \"use_primary\": true}\n"}
,{"stream_name":"stdout","time":816.19291541,"data":"BIOHUB_RETENTION_GUARD {\"blended_candidates\": 181, \"dataset\": \"44b6_0b24845f\", \"frame\": 94, \"minimum_retention\": 0.9, \"primary_candidates\": 298, \"retention\": 0.6073825503355704, \"use_primary\": true}\n"}
,{"stream_name":"stdout","time":816.39593402,"data":"BIOHUB_RETENTION_GUARD {\"blended_candidates\": 181, \"dataset\": \"44b6_0b24845f\", \"frame\": 94, \"minimum_retention\": 0.9, \"primary_candidates\": 298, \"retention\": 0.6073825503355704, \"use_primary\": true}\n"}
,{"stream_name":"stdout","time":818.334654733,"data":"BIOHUB_RETENTION_GUARD {\"blended_candidates\": 151, \"dataset\": \"44b6_0b24845f\", \"frame\": 95, \"minimum_retention\": 0.9, \"primary_candidates\": 320, \"retention\": 0.471875, \"use_primary\": true}\n"}
,{"stream_name":"stdout","time":818.536616505,"data":"BIOHUB_RETENTION_GUARD {\"blended_candidates\": 151, \"dataset\": \"44b6_0b24845f\", \"frame\": 95, \"minimum_retention\": 0.9, \"primary_candidates\": 320, \"retention\": 0.471875, \"use_primary\": true}\n"}
,{"stream_name":"stdout","time":820.53675955,"data":"BIOHUB_RETENTION_GUARD {\"blended_candidates\": 138, \"dataset\": \"44b6_0b24845f\", \"frame\": 96, \"minimum_retention\": 0.9, \"primary_candidates\": 279, \"retention\": 0.4946236559139785, \"use_primary\": true}\n"}
,{"stream_name":"stdout","time":820.738996378,"data":"BIOHUB_RETENTION_GUARD {\"blended_candidates\": 138, \"dataset\": \"44b6_0b24845f\", \"frame\": 96, \"minimum_retention\": 0.9, \"primary_candidates\": 279, \"retention\": 0.4946236559139785, \"use_primary\": true}\n"}
,{"stream_name":"stdout","time":822.659378735,"data":"BIOHUB_RETENTION_GUARD {\"blended_candidates\": 191, \"dataset\": \"44b6_0b24845f\", \"frame\": 97, \"minimum_retention\": 0.9, \"primary_candidates\": 335, \"retention\": 0.5701492537313433, \"use_primary\": true}\n"}
,{"stream_name":"stdout","time":822.861829402,"data":"BIOHUB_RETENTION_GUARD {\"blended_candidates\": 191, \"dataset\": \"44b6_0b24845f\", \"frame\": 97, \"minimum_retention\": 0.9, \"primary_candidates\": 335, \"retention\": 0.5701492537313433, \"use_primary\": true}\n"}
,{"stream_name":"stdout","time":824.874284444,"data":"BIOHUB_RETENTION_GUARD {\"blended_candidates\": 171, \"dataset\": \"44b6_0b24845f\", \"frame\": 98, \"minimum_retention\": 0.9, \"primary_candidates\": 303, \"retention\": 0.5643564356435643, \"use_primary\": true}\n"}
,{"stream_name":"stdout","time":825.07635903,"data":"BIOHUB_RETENTION_GUARD {\"blended_candidates\": 171, \"dataset\": \"44b6_0b24845f\", \"frame\": 98, \"minimum_retention\": 0.9, \"primary_candidates\": 303, \"retention\": 0.5643564356435643, \"use_primary\": true}\n"}
,{"stream_name":"stdout","time":827.10045333,"data":"BIOHUB_RETENTION_GUARD {\"blended_candidates\": 119, \"dataset\": \"44b6_0b24845f\", \"frame\": 99, \"minimum_retention\": 0.9, \"primary_candidates\": 238, \"retention\": 0.5, \"use_primary\": true}\n"}
,{"stream_name":"stdout","time":827.305473223,"data":"BIOHUB_RETENTION_GUARD {\"blended_candidates\": 119, \"dataset\": \"44b6_0b24845f\", \"frame\": 99, \"minimum_retention\": 0.9, \"primary_candidates\": 238, \"retention\": 0.5, \"use_primary\": true}\n"}
,{"stream_name":"stdout","time":1068.612675869,"data":"Saved 2 predictions to /kaggle/working/tracking_repo/predictions/unknown/unet_transformer_gpu0/split_0\n"}
,{"stream_name":"stdout","time":1068.830898206,"data":"Saved 2 predictions to /kaggle/working/tracking_repo/predictions/unknown/unet_transformer_gpu0/split_0\n"}
,{"stream_name":"stdout","time":1162.552930657,"data":"Saved 2 predictions to /kaggle/working/tracking_repo/predictions/unknown/unet_transformer_gpu1/split_0\n"}
,{"stream_name":"stdout","time":1162.763636366,"data":"Saved 2 predictions to /kaggle/working/tracking_repo/predictions/unknown/unet_transformer_gpu1/split_0\n"}
,{"stream_name":"stdout","time":1165.076337767,"data":"Merged 4 prediction graphs into /kaggle/working/tracking_repo/predictions/unknown/unet_transformer/split_0\n"}
,{"stream_name":"stdout","time":1165.076369005,"data":"Prediction completed in 9.27 minutes\n"}
,{"stream_name":"stdout","time":1426.429574099,"data":"Trying DeepCenter add-only gate checkpoint: /kaggle/input/datasets/pilkwang/biohub-deepcenter-unet3d-center-prior-v1/weights/full_frame_center/best.pt\n"}
,{"stream_name":"stdout","time":1426.744431529,"data":"Loaded DeepCenter add-only gate checkpoint: /kaggle/input/datasets/pilkwang/biohub-deepcenter-unet3d-center-prior-v1/weights/full_frame_center/best.pt\n"}
,{"stream_name":"stdout","time":1426.744466799,"data":"DeepCenter checkpoint epoch: 2 best_score: -0.04500306242456039\n"}
,{"stream_name":"stdout","time":1426.744472941,"data":"Found 4 prediction graphs\n"}
,{"stream_name":"stdout","time":1446.640630905,"data":"  [44b6_0113de3b] after edge-filter+motion-relink: 25706 nodes, 24816 edges\n"}
,{"stream_name":"stdout","time":1449.311326312,"data":"  [44b6_0113de3b] after gap-closing (single-frame + gap2): 25770 nodes, 24931 edges\n"}
,{"stream_name":"stdout","time":1456.288575992,"data":"  [44b6_0113de3b] after safe-division repair: 25770 nodes, 24982 edges (geometric_candidates=179, deepcenter_rejected=114, post_veto_candidates=65, added=51, cap_skipped=0, mutual_nn_rejected=61, divergence_rejected=544)\n"}
,{"stream_name":"stdout","time":1456.288620497,"data":"  [44b6_0113de3b] after division-geometry-filter+prune-isolated: 25763 nodes, 24982 edges\n"}
,{"stream_name":"stdout","time":1456.288641804,"data":"  [44b6_0113de3b] after short-track filtering: 25507 nodes, 24784 edges (components_removed=58)\n"}
,{"stream_name":"stdout","time":1461.255107601,"data":"  [44b6_0113de3b] FINAL: 25507 nodes, 24784 edges\n"}
,{"stream_name":"stdout","time":1474.630017553,"data":"  [44b6_0b24845f] after edge-filter+motion-relink: 20340 nodes, 18338 edges\n"}
,{"stream_name":"stdout","time":1482.307855901,"data":"  [44b6_0b24845f] after gap-closing (single-frame + gap2): 20685 nodes, 18967 edges\n"}
,{"stream_name":"stdout","time":1487.989939305,"data":"  [44b6_0b24845f] after safe-division repair: 20685 nodes, 18977 edges (geometric_candidates=207, deepcenter_rejected=197, post_veto_candidates=10, added=10, cap_skipped=0, mutual_nn_rejected=61, divergence_rejected=773)\n"}
,{"stream_name":"stdout","time":1487.98998646,"data":"  [44b6_0b24845f] after division-geometry-filter+prune-isolated: 20669 nodes, 18977 edges\n"}
,{"stream_name":"stdout","time":1487.989993775,"data":"  [44b6_0b24845f] after short-track filtering: 18696 nodes, 17461 edges (components_removed=457)\n"}
,{"stream_name":"stdout","time":1491.494322224,"data":"  [44b6_0b24845f] FINAL: 18696 nodes, 17461 edges\n"}
,{"stream_name":"stdout","time":1493.086221504,"data":"  [6bba_05b6850b] after edge-filter+motion-relink: 6207 nodes, 5938 edges\n"}
,{"stream_name":"stdout","time":1493.617689606,"data":"  [6bba_05b6850b] after gap-closing (single-frame + gap2): 6231 nodes, 5982 edges\n"}
,{"stream_name":"stdout","time":1495.038754861,"data":"  [6bba_05b6850b] after safe-division repair: 6231 nodes, 5988 edges (geometric_candidates=20, deepcenter_rejected=14, post_veto_candidates=6, added=6, cap_skipped=0, mutual_nn_rejected=6, divergence_rejected=83)\n"}
,{"stream_name":"stdout","time":1495.038793603,"data":"  [6bba_05b6850b] after division-geometry-filter+prune-isolated: 6230 nodes, 5988 edges\n"}
,{"stream_name":"stdout","time":1495.038801081,"data":"  [6bba_05b6850b] after short-track filtering: 6048 nodes, 5849 edges (components_removed=43)\n"}
,{"stream_name":"stdout","time":1496.159387001,"data":"  [6bba_05b6850b] FINAL: 6048 nodes, 5849 edges\n"}
,{"stream_name":"stdout","time":1642.171245195,"data":"  [6bba_05db0fb1] after edge-filter+motion-relink: 69889 nodes, 67114 edges\n"}
,{"stream_name":"stdout","time":1650.650985495,"data":"  [6bba_05db0fb1] after gap-closing (single-frame + gap2): 70331 nodes, 67939 edges\n"}
,{"stream_name":"stdout","time":1659.069683496,"data":"  [6bba_05db0fb1] after safe-division repair: 70331 nodes, 67966 edges (geometric_candidates=284, deepcenter_rejected=249, post_veto_candidates=35, added=27, cap_skipped=0, mutual_nn_rejected=293, divergence_rejected=2718)\n"}
,{"stream_name":"stdout","time":1659.06973329,"data":"  [6bba_05db0fb1] after division-geometry-filter+prune-isolated: 70302 nodes, 67966 edges\n"}
,{"stream_name":"stdout","time":1659.069744658,"data":"  [6bba_05db0fb1] after short-track filtering: 69432 nodes, 67299 edges (components_removed=203)\n"}
,{"stream_name":"stdout","time":1672.317302568,"data":"  [6bba_05db0fb1] FINAL: 69432 nodes, 67299 edges\n"}
,{"stream_name":"stdout","time":1672.780008622,"data":"Wrote /kaggle/working/submission.csv with 235,076 rows\n"}
,{"stream_name":"stdout","time":1672.780034669,"data":"Node rows: 119,683 | edge rows: 115,393\n"}
,{"stream_name":"stdout","time":1672.780040426,"data":"Wrote /kaggle/working/run_stats.csv\n"}
,{"stream_name":"stdout","time":1673.463943476,"data":"{\n"}
,{"stream_name":"stdout","time":1673.463972329,"data":"  \"configuration\": {\n"}
,{"stream_name":"stdout","time":1673.463978474,"data":"    \"bidirectional_primary_weight\": 0.3,\n"}
,{"stream_name":"stdout","time":1673.463983777,"data":"    \"deepcenter_gap_confirm_min_span_um\": 8.5,\n"}
,{"stream_name":"stdout","time":1673.463988572,"data":"    \"deepcenter_gap_threshold\": 0.25,\n"}
,{"stream_name":"stdout","time":1673.463994036,"data":"    \"detector_threshold\": 0.96875,\n"}
,{"stream_name":"stdout","time":1673.463999514,"data":"    \"edge_candidate_threshold\": 0.48,\n"}
,{"stream_name":"stdout","time":1673.464004087,"data":"    \"fallback_scope\": \"individual_frame\",\n"}
,{"stream_name":"stdout","time":1673.464008583,"data":"    \"gap_close_um\": 5.8,\n"}
,{"stream_name":"stdout","time":1673.464013201,"data":"    \"ilp_appearance_weight\": 0.0,\n"}
,{"stream_name":"stdout","time":1673.464019507,"data":"    \"ilp_disappearance_weight\": 1.5,\n"}
,{"stream_name":"stdout","time":1673.464027932,"data":"    \"minimum_candidate_retention\": 0.9,\n"}
,{"stream_name":"stdout","time":1673.464031773,"data":"    \"secondary_detection_weight\": 0.475,\n"}
,{"stream_name":"stdout","time":1673.464035061,"data":"    \"secondary_edge_weight\": 0.15,\n"}
,{"stream_name":"stdout","time":1673.464038242,"data":"    \"secondary_link_mode\": \"low_margin_consensus\",\n"}
,{"stream_name":"stdout","time":1673.464041449,"data":"    \"secondary_low_margin_max\": 0.35\n"}
,{"stream_name":"stdout","time":1673.464044527,"data":"  },\n"}
,{"stream_name":"stdout","time":1673.464047544,"data":"  \"diagnostics\": {\n"}
,{"stream_name":"stdout","time":1673.464050525,"data":"    \"by_movie\": {\n"}
,{"stream_name":"stdout","time":1673.464053636,"data":"      \"44b6_0113de3b\": {\n"}
,{"stream_name":"stdout","time":1673.464056659,"data":"        \"fallback_frames\": 0,\n"}
,{"stream_name":"stdout","time":1673.464059724,"data":"        \"frames\": 100,\n"}
,{"stream_name":"stdout","time":1673.464062765,"data":"        \"median_retention\": 1.0118578927634045,\n"}
,{"stream_name":"stdout","time":1673.464066037,"data":"        \"minimum_retention\": 0.9926739926739927\n"}
,{"stream_name":"stdout","time":1673.464069129,"data":"      },\n"}
,{"stream_name":"stdout","time":1673.464082783,"data":"      \"44b6_0b24845f\": {\n"}
,{"stream_name":"stdout","time":1673.46408533,"data":"        \"fallback_frames\": 62,\n"}
,{"stream_name":"stdout","time":1673.464087624,"data":"        \"frames\": 100,\n"}
,{"stream_name":"stdout","time":1673.464089971,"data":"        \"median_retention\": 0.8675501411157149,\n"}
,{"stream_name":"stdout","time":1673.464092349,"data":"        \"minimum_retention\": 0.471875\n"}
,{"stream_name":"stdout","time":1673.464094696,"data":"      },\n"}
,{"stream_name":"stdout","time":1673.464096926,"data":"      \"6bba_05b6850b\": {\n"}
,{"stream_name":"stdout","time":1673.464099168,"data":"        \"fallback_frames\": 0,\n"}
,{"stream_name":"stdout","time":1673.464101461,"data":"        \"frames\": 100,\n"}
,{"stream_name":"stdout","time":1673.464103938,"data":"        \"median_retention\": 1.013273558368495,\n"}
,{"stream_name":"stdout","time":1673.464106657,"data":"        \"minimum_retention\": 0.9054054054054054\n"}
,{"stream_name":"stdout","time":1673.464109167,"data":"      },\n"}
,{"stream_name":"stdout","time":1673.464111392,"data":"      \"6bba_05db0fb1\": {\n"}
,{"stream_name":"stdout","time":1673.464113743,"data":"        \"fallback_frames\": 0,\n"}
,{"stream_name":"stdout","time":1673.464116031,"data":"        \"frames\": 100,\n"}
,{"stream_name":"stdout","time":1673.464118321,"data":"        \"median_retention\": 1.0111477718261637,\n"}
,{"stream_name":"stdout","time":1673.464120677,"data":"        \"minimum_retention\": 0.975609756097561\n"}
,{"stream_name":"stdout","time":1673.464123049,"data":"      }\n"}
,{"stream_name":"stdout","time":1673.464125267,"data":"    },\n"}
,{"stream_name":"stdout","time":1673.464127461,"data":"    \"fallback_frames\": 62,\n"}
,{"stream_name":"stdout","time":1673.464129796,"data":"    \"rows\": 400\n"}
,{"stream_name":"stdout","time":1673.464132915,"data":"  },\n"}
,{"stream_name":"stdout","time":1673.464136171,"data":"  \"experiment\": \"harmonic_bidirectional_association_v1\",\n"}
,{"stream_name":"stdout","time":1673.464138883,"data":"  \"hardware\": {\n"}
,{"stream_name":"stdout","time":1673.464141139,"data":"    \"visible_gpu_count\": 2\n"}
,{"stream_name":"stdout","time":1673.464143439,"data":"  },\n"}
,{"stream_name":"stdout","time":1673.464145652,"data":"  \"leaderboard_feedback_used_for_configuration\": true,\n"}
,{"stream_name":"stdout","time":1673.464148357,"data":"  \"method_attribution\": \"fixed-90 dual-seed baseline with harmonic mutual-support association fusion (rule from public CC0 notebook yusuketogashi/no-hack-biohub-cell-another-approch-3rd v18)\",\n"}
,{"stream_name":"stdout","time":1673.464151171,"data":"  \"metric_hack_used\": false,\n"}
,{"stream_name":"stdout","time":1673.464153557,"data":"  \"organizer_labels_used_for_configuration\": false,\n"}
,{"stream_name":"stdout","time":1673.464155951,"data":"  \"parent_experiment\": \"paired_bidirectional_primary_weight020_vs_forward_v1\",\n"}
,{"stream_name":"stdout","time":1673.464158386,"data":"  \"public_output_used\": false,\n"}
,{"stream_name":"stdout","time":1673.46416071,"data":"  \"quality_promotion\": {\n"}
,{"stream_name":"stdout","time":1673.464163018,"data":"    \"execute_push_submit\": \"FORBIDDEN_UNTIL_REQUIRED_CONDITION\",\n"}
,{"stream_name":"stdout","time":1673.464166627,"data":"    \"required_condition\": \"promote=true\",\n"}
,{"stream_name":"stdout","time":1673.464169064,"data":"    \"required_receipt\": \"bidirectional_blend_union13_receipt.json\",\n"}
,{"stream_name":"stdout","time":1673.464171551,"data":"    \"status\": \"candidate_unverified\",\n"}
,{"stream_name":"stdout","time":1673.464173942,"data":"    \"validated_receipt_sha256\": null\n"}
,{"stream_name":"stdout","time":1673.464178776,"data":"  },\n"}
,{"stream_name":"stdout","time":1673.464181033,"data":"  \"source_kernel\": \"raykkretzschmar/biohub-bidirectional-primary-union13-diagnostic-v1\",\n"}
,{"stream_name":"stdout","time":1673.464183487,"data":"  \"source_notebook_sha256\": \"3e65ca691941949196bf417030ea84fccafe16baaec174b2a63540451bb937e8\",\n"}
,{"stream_name":"stdout","time":1673.464185942,"data":"  \"status\": \"clean_graph_audit_pass_candidate_unverified_quality\",\n"}
,{"stream_name":"stdout","time":1673.464188319,"data":"  \"submission\": {\n"}
,{"stream_name":"stdout","time":1673.464190597,"data":"    \"datasets\": [\n"}
,{"stream_name":"stdout","time":1673.464192923,"data":"      \"44b6_0113de3b\",\n"}
,{"stream_name":"stdout","time":1673.464195226,"data":"      \"44b6_0b24845f\",\n"}
,{"stream_name":"stdout","time":1673.464197512,"data":"      \"6bba_05b6850b\",\n"}
,{"stream_name":"stdout","time":1673.464199793,"data":"      \"6bba_05db0fb1\"\n"}
,{"stream_name":"stdout","time":1673.464202061,"data":"    ],\n"}
,{"stream_name":"stdout","time":1673.464204272,"data":"    \"rows\": 235076,\n"}
,{"stream_name":"stdout","time":1673.464206616,"data":"    \"sha256\": \"8218ae3fbc7ce2d41f2568bae45256c531ce6e87aa9e1707495f3093fa9c41b9\"\n"}
,{"stream_name":"stdout","time":1673.464209034,"data":"  },\n"}
,{"stream_name":"stdout","time":1673.464211261,"data":"  \"topology\": {\n"}
,{"stream_name":"stdout","time":1673.464213596,"data":"    \"44b6_0113de3b\": {\n"}
,{"stream_name":"stdout","time":1673.464215882,"data":"      \"division_parents\": 51,\n"}
,{"stream_name":"stdout","time":1673.464218154,"data":"      \"edges\": 24784,\n"}
,{"stream_name":"stdout","time":1673.464220402,"data":"      \"max_indegree\": 1,\n"}
,{"stream_name":"stdout","time":1673.464222768,"data":"      \"max_outdegree\": 2,\n"}
,{"stream_name":"stdout","time":1673.464225049,"data":"      \"nodes\": 25507\n"}
,{"stream_name":"stdout","time":1673.464227304,"data":"    },\n"}
,{"stream_name":"stdout","time":1673.464229532,"data":"    \"44b6_0b24845f\": {\n"}
,{"stream_name":"stdout","time":1673.464231875,"data":"      \"division_parents\": 10,\n"}
,{"stream_name":"stdout","time":1673.464234169,"data":"      \"edges\": 17461,\n"}
,{"stream_name":"stdout","time":1673.464236423,"data":"      \"max_indegree\": 1,\n"}
,{"stream_name":"stdout","time":1673.464238689,"data":"      \"max_outdegree\": 2,\n"}
,{"stream_name":"stdout","time":1673.464241036,"data":"      \"nodes\": 18696\n"}
,{"stream_name":"stdout","time":1673.464243298,"data":"    },\n"}
,{"stream_name":"stdout","time":1673.464245494,"data":"    \"6bba_05b6850b\": {\n"}
,{"stream_name":"stdout","time":1673.464247772,"data":"      \"division_parents\": 6,\n"}
,{"stream_name":"stdout","time":1673.464250144,"data":"      \"edges\": 5849,\n"}
,{"stream_name":"stdout","time":1673.464252381,"data":"      \"max_indegree\": 1,\n"}
,{"stream_name":"stdout","time":1673.464254646,"data":"      \"max_outdegree\": 2,\n"}
,{"stream_name":"stdout","time":1673.464256908,"data":"      \"nodes\": 6048\n"}
,{"stream_name":"stdout","time":1673.464259159,"data":"    },\n"}
,{"stream_name":"stdout","time":1673.464261432,"data":"    \"6bba_05db0fb1\": {\n"}
,{"stream_name":"stdout","time":1673.464263726,"data":"      \"division_parents\": 27,\n"}
,{"stream_name":"stdout","time":1673.464266051,"data":"      \"edges\": 67299,\n"}
,{"stream_name":"stdout","time":1673.464268328,"data":"      \"max_indegree\": 1,\n"}
,{"stream_name":"stdout","time":1673.46427059,"data":"      \"max_outdegree\": 2,\n"}
,{"stream_name":"stdout","time":1673.464274817,"data":"      \"nodes\": 69432\n"}
,{"stream_name":"stdout","time":1673.464277196,"data":"    }\n"}
,{"stream_name":"stdout","time":1673.464279406,"data":"  }\n"}
,{"stream_name":"stdout","time":1673.464281624,"data":"}\n"}
,{"stream_name":"stdout","time":1673.664034928,"data":"VALIDATOR: excluding 4 TRAIN stem(s) that also appear in TEST_DIR: ['44b6_0113de3b', '44b6_0b24845f', '6bba_05b6850b', '6bba_05db0fb1']\n"}
,{"stream_name":"stdout","time":1717.871115269,"data":"VALIDATOR: selected 4 held-out TRAIN samples (2 per embryo-type prefix, 2 prefixes found, 4 contain a GT division)\n"}
,{"stream_name":"stdout","time":1717.871151975,"data":"['44b6_12dfb391', '44b6_267148e4', '6bba_062c8d37', '6bba_07e24132']\n"}
,{"stream_name":"stdout","time":1717.871158386,"data":"VALIDATOR: launching 2 shards on CUDA devices ['0', '1']\n"}
,{"stream_name":"stderr","time":1722.323767432,"data":"/usr/local/lib/python3.12/dist-packages/dask/array/image.py:7: FutureWarning: `find_available_plugins` is deprecated since version 0.25 and will be removed in version 0.27. The plugin infrastructure of `skimage.io` is deprecated. Instead, use `imageio` or other I/O packages directly.\n"}
,{"stream_name":"stderr","time":1722.323802689,"data":"  from skimage.io import imread as sk_imread\n"}
,{"stream_name":"stderr","time":1722.328852935,"data":"/usr/lib/python3.12/importlib/__init__.py:90: FutureWarning: `reset_plugins` is deprecated since version 0.25 and will be removed in version 0.27. The plugin infrastructure of `skimage.io` is deprecated. Instead, use `imageio` or other I/O packages directly.\n"}
,{"stream_name":"stderr","time":1722.328879076,"data":"  return _bootstrap._gcd_import(name[level:], package, level)\n"}
,{"stream_name":"stderr","time":1722.40304532,"data":"/usr/local/lib/python3.12/dist-packages/dask/array/image.py:7: FutureWarning: `find_available_plugins` is deprecated since version 0.25 and will be removed in version 0.27. The plugin infrastructure of `skimage.io` is deprecated. Instead, use `imageio` or other I/O packages directly.\n"}
,{"stream_name":"stderr","time":1722.403070322,"data":"  from skimage.io import imread as sk_imread\n"}
,{"stream_name":"stderr","time":1722.408603619,"data":"/usr/lib/python3.12/importlib/__init__.py:90: FutureWarning: `reset_plugins` is deprecated since version 0.25 and will be removed in version 0.27. The plugin infrastructure of `skimage.io` is deprecated. Instead, use `imageio` or other I/O packages directly.\n"}
,{"stream_name":"stderr","time":1722.408629924,"data":"  return _bootstrap._gcd_import(name[level:], package, level)\n"}
,{"stream_name":"stderr","time":1722.527131601,"data":"/usr/local/lib/python3.12/dist-packages/dask/array/image.py:7: FutureWarning: `find_available_plugins` is deprecated since version 0.25 and will be removed in version 0.27. The plugin infrastructure of `skimage.io` is deprecated. Instead, use `imageio` or other I/O packages directly.\n"}
,{"stream_name":"stderr","time":1722.527163575,"data":"  from skimage.io import imread as sk_imread\n"}
,{"stream_name":"stderr","time":1722.527169859,"data":"/usr/lib/python3.12/importlib/__init__.py:90: FutureWarning: `reset_plugins` is deprecated since version 0.25 and will be removed in version 0.27. The plugin infrastructure of `skimage.io` is deprecated. Instead, use `imageio` or other I/O packages directly.\n"}
,{"stream_name":"stderr","time":1722.527176786,"data":"  return _bootstrap._gcd_import(name[level:], package, level)\n"}
,{"stream_name":"stderr","time":1722.527182556,"data":"/usr/local/lib/python3.12/dist-packages/dask/array/image.py:7: FutureWarning: `find_available_plugins` is deprecated since version 0.25 and will be removed in version 0.27. The plugin infrastructure of `skimage.io` is deprecated. Instead, use `imageio` or other I/O packages directly.\n"}
,{"stream_name":"stderr","time":1722.527203683,"data":"  from skimage.io import imread as sk_imread\n"}
,{"stream_name":"stderr","time":1722.527207988,"data":"/usr/lib/python3.12/importlib/__init__.py:90: FutureWarning: `reset_plugins` is deprecated since version 0.25 and will be removed in version 0.27. The plugin infrastructure of `skimage.io` is deprecated. Instead, use `imageio` or other I/O packages directly.\n"}
,{"stream_name":"stderr","time":1722.527213172,"data":"  return _bootstrap._gcd_import(name[level:], package, level)\n"}
,{"stream_name":"stderr","time":1722.527217298,"data":"\n"}
,{"stream_name":"stderr","time":1722.527221116,"data":"/usr/local/lib/python3.12/dist-packages/dask/array/image.py:7: FutureWarning: `find_available_plugins` is deprecated since version 0.25 and will be removed in version 0.27. The plugin infrastructure of `skimage.io` is deprecated. Instead, use `imageio` or other I/O packages directly.\n"}
,{"stream_name":"stderr","time":1722.527226479,"data":"  from skimage.io import imread as sk_imread\n"}
,{"stream_name":"stderr","time":1722.527230986,"data":"/usr/lib/python3.12/importlib/__init__.py:90: FutureWarning: `reset_plugins` is deprecated since version 0.25 and will be removed in version 0.27. The plugin infrastructure of `skimage.io` is deprecated. Instead, use `imageio` or other I/O packages directly.\n"}
,{"stream_name":"stderr","time":1722.527237813,"data":"  return _bootstrap._gcd_import(name[level:], package, level)\n"}
,{"stream_name":"stderr","time":1722.527244103,"data":"/usr/local/lib/python3.12/dist-packages/dask/array/image.py:7: FutureWarning: `find_available_plugins` is deprecated since version 0.25 and will be removed in version 0.27. The plugin infrastructure of `skimage.io` is deprecated. Instead, use `imageio` or other I/O packages directly.\n"}
,{"stream_name":"stderr","time":1722.527249498,"data":"  from skimage.io import imread as sk_imread\n"}
,{"stream_name":"stderr","time":1722.527253477,"data":"/usr/lib/python3.12/importlib/__init__.py:90: FutureWarning: `reset_plugins` is deprecated since version 0.25 and will be removed in version 0.27. The plugin infrastructure of `skimage.io` is deprecated. Instead, use `imageio` or other I/O packages directly.\n"}
,{"stream_name":"stderr","time":1722.527259072,"data":"  return _bootstrap._gcd_import(name[level:], package, level)\n"}
,{"stream_name":"stdout","time":1722.913039956,"data":"Secondary model: /kaggle/working/secondary_seed_weights/unet_transformer/split_0/edge_predictor_best.pth | edge weight=0.150 | detection weight=0.800 | link mode=low_margin_consensus | temperature=1.000 | low-margin max=0.350 | edge threshold=0.480\n"}
,{"stream_name":"stdout","time":1722.913228268,"data":"Fold 0: 2 datasets | weights=weights/unet_transformer/split_0/edge_predictor_best.pth | device=cuda | window_size=2 | pool_kernel_um=3.0\n"}
,{"stream_name":"stdout","time":1722.977039398,"data":"Secondary model: /kaggle/working/secondary_seed_weights/unet_transformer/split_0/edge_predictor_best.pth | edge weight=0.150 | detection weight=0.800 | link mode=low_margin_consensus | temperature=1.000 | low-margin max=0.350 | edge threshold=0.480\n"}
,{"stream_name":"stdout","time":1722.977062013,"data":"Fold 0: 2 datasets | weights=weights/unet_transformer/split_0/edge_predictor_best.pth | device=cuda | window_size=2 | pool_kernel_um=3.0\n"}
,{"stream_name":"stdout","time":1723.116007739,"data":"Secondary model: /kaggle/working/secondary_seed_weights/unet_transformer/split_0/edge_predictor_best.pth | edge weight=0.150 | detection weight=0.800 | link mode=low_margin_consensus | temperature=1.000 | low-margin max=0.350 | edge threshold=0.480\n"}
,{"stream_name":"stdout","time":1723.116035935,"data":"Fold 0: 2 datasets | weights=weights/unet_transformer/split_0/edge_predictor_best.pth | device=cuda | window_size=2 | pool_kernel_um=3.0\n"}
,{"stream_name":"stdout","time":1723.116052223,"data":"Secondary model: /kaggle/working/secondary_seed_weights/unet_transformer/split_0/edge_predictor_best.pth | edge weight=0.150 | detection weight=0.800 | link mode=low_margin_consensus | temperature=1.000 | low-margin max=0.350 | edge threshold=0.480\n"}
,{"stream_name":"stdout","time":1723.116055913,"data":"Fold 0: 2 datasets | weights=weights/unet_transformer/split_0/edge_predictor_best.pth | device=cuda | window_size=2 | pool_kernel_um=3.0\n"}
,{"stream_name":"stdout","time":1772.108785245,"data":"BIOHUB_RETENTION_GUARD {\"blended_candidates\": 440, \"dataset\": \"44b6_12dfb391\", \"frame\": 22, \"minimum_retention\": 0.9, \"primary_candidates\": 489, \"retention\": 0.8997955010224948, \"use_primary\": true}\n"}
,{"stream_name":"stdout","time":1772.322811874,"data":"BIOHUB_RETENTION_GUARD {\"blended_candidates\": 440, \"dataset\": \"44b6_12dfb391\", \"frame\": 22, \"minimum_retention\": 0.9, \"primary_candidates\": 489, \"retention\": 0.8997955010224948, \"use_primary\": true}\n"}
,{"stream_name":"stdout","time":1783.810861594,"data":"BIOHUB_RETENTION_GUARD {\"blended_candidates\": 454, \"dataset\": \"44b6_12dfb391\", \"frame\": 27, \"minimum_retention\": 0.9, \"primary_candidates\": 506, \"retention\": 0.8972332015810277, \"use_primary\": true}\n"}
,{"stream_name":"stdout","time":1784.013168447,"data":"BIOHUB_RETENTION_GUARD {\"blended_candidates\": 454, \"dataset\": \"44b6_12dfb391\", \"frame\": 27, \"minimum_retention\": 0.9, \"primary_candidates\": 506, \"retention\": 0.8972332015810277, \"use_primary\": true}\n"}
,{"stream_name":"stdout","time":1802.807728432,"data":"BIOHUB_RETENTION_GUARD {\"blended_candidates\": 452, \"dataset\": \"44b6_12dfb391\", \"frame\": 35, \"minimum_retention\": 0.9, \"primary_candidates\": 508, \"retention\": 0.889763779527559, \"use_primary\": true}\n"}
,{"stream_name":"stdout","time":1803.022613446,"data":"BIOHUB_RETENTION_GUARD {\"blended_candidates\": 452, \"dataset\": \"44b6_12dfb391\", \"frame\": 35, \"minimum_retention\": 0.9, \"primary_candidates\": 508, \"retention\": 0.889763779527559, \"use_primary\": true}\n"}
,{"stream_name":"stdout","time":1805.070692453,"data":"BIOHUB_RETENTION_GUARD {\"blended_candidates\": 460, \"dataset\": \"44b6_12dfb391\", \"frame\": 36, \"minimum_retention\": 0.9, \"primary_candidates\": 513, \"retention\": 0.8966861598440545, \"use_primary\": true}\n"}
,{"stream_name":"stdout","time":1805.273632565,"data":"BIOHUB_RETENTION_GUARD {\"blended_candidates\": 460, \"dataset\": \"44b6_12dfb391\", \"frame\": 36, \"minimum_retention\": 0.9, \"primary_candidates\": 513, \"retention\": 0.8966861598440545, \"use_primary\": true}\n"}
,{"stream_name":"stdout","time":1850.963827204,"data":"BIOHUB_RETENTION_GUARD {\"blended_candidates\": 479, \"dataset\": \"44b6_12dfb391\", \"frame\": 56, \"minimum_retention\": 0.9, \"primary_candidates\": 537, \"retention\": 0.8919925512104283, \"use_primary\": true}\n"}
,{"stream_name":"stdout","time":1851.175546818,"data":"BIOHUB_RETENTION_GUARD {\"blended_candidates\": 479, \"dataset\": \"44b6_12dfb391\", \"frame\": 56, \"minimum_retention\": 0.9, \"primary_candidates\": 537, \"retention\": 0.8919925512104283, \"use_primary\": true}\n"}
,{"stream_name":"stdout","time":1853.333943558,"data":"BIOHUB_RETENTION_GUARD {\"blended_candidates\": 470, \"dataset\": \"44b6_12dfb391\", \"frame\": 57, \"minimum_retention\": 0.9, \"primary_candidates\": 528, \"retention\": 0.8901515151515151, \"use_primary\": true}\n"}
,{"stream_name":"stdout","time":1853.536612852,"data":"BIOHUB_RETENTION_GUARD {\"blended_candidates\": 470, \"dataset\": \"44b6_12dfb391\", \"frame\": 57, \"minimum_retention\": 0.9, \"primary_candidates\": 528, \"retention\": 0.8901515151515151, \"use_primary\": true}\n"}
,{"stream_name":"stdout","time":1855.706369078,"data":"BIOHUB_RETENTION_GUARD {\"blended_candidates\": 468, \"dataset\": \"44b6_12dfb391\", \"frame\": 58, \"minimum_retention\": 0.9, \"primary_candidates\": 530, \"retention\": 0.8830188679245283, \"use_primary\": true}\n"}
,{"stream_name":"stdout","time":1855.908426934,"data":"BIOHUB_RETENTION_GUARD {\"blended_candidates\": 468, \"dataset\": \"44b6_12dfb391\", \"frame\": 58, \"minimum_retention\": 0.9, \"primary_candidates\": 530, \"retention\": 0.8830188679245283, \"use_primary\": true}\n"}
,{"stream_name":"stdout","time":1858.02643199,"data":"BIOHUB_RETENTION_GUARD {\"blended_candidates\": 468, \"dataset\": \"44b6_12dfb391\", \"frame\": 59, \"minimum_retention\": 0.9, \"primary_candidates\": 536, \"retention\": 0.8731343283582089, \"use_primary\": true}\n"}
,{"stream_name":"stdout","time":1858.228336867,"data":"BIOHUB_RETENTION_GUARD {\"blended_candidates\": 468, \"dataset\": \"44b6_12dfb391\", \"frame\": 59, \"minimum_retention\": 0.9, \"primary_candidates\": 536, \"retention\": 0.8731343283582089, \"use_primary\": true}\n"}
,{"stream_name":"stdout","time":1862.781726573,"data":"BIOHUB_RETENTION_GUARD {\"blended_candidates\": 477, \"dataset\": \"44b6_12dfb391\", \"frame\": 61, \"minimum_retention\": 0.9, \"primary_candidates\": 546, \"retention\": 0.8736263736263736, \"use_primary\": true}\n"}
,{"stream_name":"stdout","time":1862.983949357,"data":"BIOHUB_RETENTION_GUARD {\"blended_candidates\": 477, \"dataset\": \"44b6_12dfb391\", \"frame\": 61, \"minimum_retention\": 0.9, \"primary_candidates\": 546, \"retention\": 0.8736263736263736, \"use_primary\": true}\n"}
,{"stream_name":"stdout","time":1867.575380535,"data":"BIOHUB_RETENTION_GUARD {\"blended_candidates\": 498, \"dataset\": \"44b6_12dfb391\", \"frame\": 63, \"minimum_retention\": 0.9, \"primary_candidates\": 554, \"retention\": 0.8989169675090253, \"use_primary\": true}\n"}
,{"stream_name":"stdout","time":1867.778032036,"data":"BIOHUB_RETENTION_GUARD {\"blended_candidates\": 498, \"dataset\": \"44b6_12dfb391\", \"frame\": 63, \"minimum_retention\": 0.9, \"primary_candidates\": 554, \"retention\": 0.8989169675090253, \"use_primary\": true}\n"}
,{"stream_name":"stdout","time":1879.487952276,"data":"BIOHUB_RETENTION_GUARD {\"blended_candidates\": 511, \"dataset\": \"44b6_12dfb391\", \"frame\": 68, \"minimum_retention\": 0.9, \"primary_candidates\": 568, \"retention\": 0.8996478873239436, \"use_primary\": true}\n"}
,{"stream_name":"stdout","time":1879.690318077,"data":"BIOHUB_RETENTION_GUARD {\"blended_candidates\": 511, \"dataset\": \"44b6_12dfb391\", \"frame\": 68, \"minimum_retention\": 0.9, \"primary_candidates\": 568, \"retention\": 0.8996478873239436, \"use_primary\": true}\n"}
,{"stream_name":"stdout","time":1881.843243084,"data":"BIOHUB_RETENTION_GUARD {\"blended_candidates\": 488, \"dataset\": \"44b6_12dfb391\", \"frame\": 69, \"minimum_retention\": 0.9, \"primary_candidates\": 577, \"retention\": 0.8457538994800693, \"use_primary\": true}\n"}
,{"stream_name":"stdout","time":1882.055377574,"data":"BIOHUB_RETENTION_GUARD {\"blended_candidates\": 488, \"dataset\": \"44b6_12dfb391\", \"frame\": 69, \"minimum_retention\": 0.9, \"primary_candidates\": 577, \"retention\": 0.8457538994800693, \"use_primary\": true}\n"}
,{"stream_name":"stdout","time":1884.250319254,"data":"BIOHUB_RETENTION_GUARD {\"blended_candidates\": 482, \"dataset\": \"44b6_12dfb391\", \"frame\": 70, \"minimum_retention\": 0.9, \"primary_candidates\": 550, \"retention\": 0.8763636363636363, \"use_primary\": true}\n"}
,{"stream_name":"stdout","time":1884.452818489,"data":"BIOHUB_RETENTION_GUARD {\"blended_candidates\": 482, \"dataset\": \"44b6_12dfb391\", \"frame\": 70, \"minimum_retention\": 0.9, \"primary_candidates\": 550, \"retention\": 0.8763636363636363, \"use_primary\": true}\n"}
,{"stream_name":"stdout","time":1886.645393966,"data":"BIOHUB_RETENTION_GUARD {\"blended_candidates\": 498, \"dataset\": \"44b6_12dfb391\", \"frame\": 71, \"minimum_retention\": 0.9, \"primary_candidates\": 562, \"retention\": 0.8861209964412812, \"use_primary\": true}\n"}
,{"stream_name":"stdout","time":1886.847968909,"data":"BIOHUB_RETENTION_GUARD {\"blended_candidates\": 498, \"dataset\": \"44b6_12dfb391\", \"frame\": 71, \"minimum_retention\": 0.9, \"primary_candidates\": 562, \"retention\": 0.8861209964412812, \"use_primary\": true}\n"}
,{"stream_name":"stdout","time":1889.02438675,"data":"BIOHUB_RETENTION_GUARD {\"blended_candidates\": 497, \"dataset\": \"44b6_12dfb391\", \"frame\": 72, \"minimum_retention\": 0.9, \"primary_candidates\": 565, \"retention\": 0.879646017699115, \"use_primary\": true}\n"}
,{"stream_name":"stdout","time":1889.226928198,"data":"BIOHUB_RETENTION_GUARD {\"blended_candidates\": 497, \"dataset\": \"44b6_12dfb391\", \"frame\": 72, \"minimum_retention\": 0.9, \"primary_candidates\": 565, \"retention\": 0.879646017699115, \"use_primary\": true}\n"}
,{"stream_name":"stdout","time":1896.058403001,"data":"BIOHUB_RETENTION_GUARD {\"blended_candidates\": 484, \"dataset\": \"44b6_12dfb391\", \"frame\": 75, \"minimum_retention\": 0.9, \"primary_candidates\": 572, \"retention\": 0.8461538461538461, \"use_primary\": true}\n"}
,{"stream_name":"stdout","time":1896.261250591,"data":"BIOHUB_RETENTION_GUARD {\"blended_candidates\": 484, \"dataset\": \"44b6_12dfb391\", \"frame\": 75, \"minimum_retention\": 0.9, \"primary_candidates\": 572, \"retention\": 0.8461538461538461, \"use_primary\": true}\n"}
,{"stream_name":"stdout","time":1898.408083593,"data":"BIOHUB_RETENTION_GUARD {\"blended_candidates\": 514, \"dataset\": \"44b6_12dfb391\", \"frame\": 76, \"minimum_retention\": 0.9, \"primary_candidates\": 587, \"retention\": 0.8756388415672913, \"use_primary\": true}\n"}
,{"stream_name":"stdout","time":1898.610450263,"data":"BIOHUB_RETENTION_GUARD {\"blended_candidates\": 514, \"dataset\": \"44b6_12dfb391\", \"frame\": 76, \"minimum_retention\": 0.9, \"primary_candidates\": 587, \"retention\": 0.8756388415672913, \"use_primary\": true}\n"}
,{"stream_name":"stdout","time":1900.818471518,"data":"BIOHUB_RETENTION_GUARD {\"blended_candidates\": 514, \"dataset\": \"44b6_12dfb391\", \"frame\": 77, \"minimum_retention\": 0.9, \"primary_candidates\": 588, \"retention\": 0.8741496598639455, \"use_primary\": true}\n"}
,{"stream_name":"stdout","time":1901.020638748,"data":"BIOHUB_RETENTION_GUARD {\"blended_candidates\": 514, \"dataset\": \"44b6_12dfb391\", \"frame\": 77, \"minimum_retention\": 0.9, \"primary_candidates\": 588, \"retention\": 0.8741496598639455, \"use_primary\": true}\n"}
,{"stream_name":"stdout","time":1903.283460881,"data":"BIOHUB_RETENTION_GUARD {\"blended_candidates\": 531, \"dataset\": \"44b6_12dfb391\", \"frame\": 78, \"minimum_retention\": 0.9, \"primary_candidates\": 594, \"retention\": 0.8939393939393939, \"use_primary\": true}\n"}
,{"stream_name":"stdout","time":1903.48594217,"data":"BIOHUB_RETENTION_GUARD {\"blended_candidates\": 531, \"dataset\": \"44b6_12dfb391\", \"frame\": 78, \"minimum_retention\": 0.9, \"primary_candidates\": 594, \"retention\": 0.8939393939393939, \"use_primary\": true}\n"}
,{"stream_name":"stdout","time":1914.961445456,"data":"BIOHUB_RETENTION_GUARD {\"blended_candidates\": 487, \"dataset\": \"44b6_12dfb391\", \"frame\": 83, \"minimum_retention\": 0.9, \"primary_candidates\": 567, \"retention\": 0.8589065255731922, \"use_primary\": true}\n"}
,{"stream_name":"stdout","time":1915.175314117,"data":"BIOHUB_RETENTION_GUARD {\"blended_candidates\": 487, \"dataset\": \"44b6_12dfb391\", \"frame\": 83, \"minimum_retention\": 0.9, \"primary_candidates\": 567, \"retention\": 0.8589065255731922, \"use_primary\": true}\n"}
,{"stream_name":"stdout","time":1917.292875688,"data":"BIOHUB_RETENTION_GUARD {\"blended_candidates\": 512, \"dataset\": \"44b6_12dfb391\", \"frame\": 84, \"minimum_retention\": 0.9, \"primary_candidates\": 573, \"retention\": 0.893542757417103, \"use_primary\": true}\n"}
,{"stream_name":"stdout","time":1917.49473437,"data":"BIOHUB_RETENTION_GUARD {\"blended_candidates\": 512, \"dataset\": \"44b6_12dfb391\", \"frame\": 84, \"minimum_retention\": 0.9, \"primary_candidates\": 573, \"retention\": 0.893542757417103, \"use_primary\": true}\n"}
,{"stream_name":"stdout","time":1928.950894332,"data":"BIOHUB_RETENTION_GUARD {\"blended_candidates\": 545, \"dataset\": \"44b6_12dfb391\", \"frame\": 89, \"minimum_retention\": 0.9, \"primary_candidates\": 623, \"retention\": 0.8747993579454254, \"use_primary\": true}\n"}
,{"stream_name":"stdout","time":1929.154435236,"data":"BIOHUB_RETENTION_GUARD {\"blended_candidates\": 545, \"dataset\": \"44b6_12dfb391\", \"frame\": 89, \"minimum_retention\": 0.9, \"primary_candidates\": 623, \"retention\": 0.8747993579454254, \"use_primary\": true}\n"}
,{"stream_name":"stdout","time":1931.387539113,"data":"BIOHUB_RETENTION_GUARD {\"blended_candidates\": 543, \"dataset\": \"44b6_12dfb391\", \"frame\": 90, \"minimum_retention\": 0.9, \"primary_candidates\": 606, \"retention\": 0.8960396039603961, \"use_primary\": true}\n"}
,{"stream_name":"stdout","time":1931.58976087,"data":"BIOHUB_RETENTION_GUARD {\"blended_candidates\": 543, \"dataset\": \"44b6_12dfb391\", \"frame\": 90, \"minimum_retention\": 0.9, \"primary_candidates\": 606, \"retention\": 0.8960396039603961, \"use_primary\": true}\n"}
,{"stream_name":"stdout","time":2015.38612875,"data":"BIOHUB_RETENTION_GUARD {\"blended_candidates\": 351, \"dataset\": \"6bba_07e24132\", \"frame\": 32, \"minimum_retention\": 0.9, \"primary_candidates\": 396, \"retention\": 0.8863636363636364, \"use_primary\": true}\n"}
,{"stream_name":"stdout","time":2015.60277622,"data":"BIOHUB_RETENTION_GUARD {\"blended_candidates\": 351, \"dataset\": \"6bba_07e24132\", \"frame\": 32, \"minimum_retention\": 0.9, \"primary_candidates\": 396, \"retention\": 0.8863636363636364, \"use_primary\": true}\n"}
,{"stream_name":"stdout","time":2051.788183514,"data":"BIOHUB_RETENTION_GUARD {\"blended_candidates\": 59, \"dataset\": \"6bba_062c8d37\", \"frame\": 28, \"minimum_retention\": 0.9, \"primary_candidates\": 66, \"retention\": 0.8939393939393939, \"use_primary\": true}\n"}
,{"stream_name":"stdout","time":2052.016246092,"data":"BIOHUB_RETENTION_GUARD {\"blended_candidates\": 59, \"dataset\": \"6bba_062c8d37\", \"frame\": 28, \"minimum_retention\": 0.9, \"primary_candidates\": 66, \"retention\": 0.8939393939393939, \"use_primary\": true}\n"}
,{"stream_name":"stdout","time":2148.475025248,"data":"BIOHUB_RETENTION_GUARD {\"blended_candidates\": 59, \"dataset\": \"6bba_062c8d37\", \"frame\": 73, \"minimum_retention\": 0.9, \"primary_candidates\": 68, \"retention\": 0.8676470588235294, \"use_primary\": true}\n"}
,{"stream_name":"stdout","time":2148.701705494,"data":"BIOHUB_RETENTION_GUARD {\"blended_candidates\": 59, \"dataset\": \"6bba_062c8d37\", \"frame\": 73, \"minimum_retention\": 0.9, \"primary_candidates\": 68, \"retention\": 0.8676470588235294, \"use_primary\": true}\n"}
,{"stream_name":"stdout","time":2150.656950714,"data":"BIOHUB_RETENTION_GUARD {\"blended_candidates\": 62, \"dataset\": \"6bba_062c8d37\", \"frame\": 74, \"minimum_retention\": 0.9, \"primary_candidates\": 69, \"retention\": 0.8985507246376812, \"use_primary\": true}\n"}
,{"stream_name":"stdout","time":2150.85947252,"data":"BIOHUB_RETENTION_GUARD {\"blended_candidates\": 62, \"dataset\": \"6bba_062c8d37\", \"frame\": 74, \"minimum_retention\": 0.9, \"primary_candidates\": 69, \"retention\": 0.8985507246376812, \"use_primary\": true}\n"}
,{"stream_name":"stdout","time":2172.108826144,"data":"BIOHUB_RETENTION_GUARD {\"blended_candidates\": 65, \"dataset\": \"6bba_062c8d37\", \"frame\": 84, \"minimum_retention\": 0.9, \"primary_candidates\": 73, \"retention\": 0.8904109589041096, \"use_primary\": true}\n"}
,{"stream_name":"stdout","time":2172.311681215,"data":"BIOHUB_RETENTION_GUARD {\"blended_candidates\": 65, \"dataset\": \"6bba_062c8d37\", \"frame\": 84, \"minimum_retention\": 0.9, \"primary_candidates\": 73, \"retention\": 0.8904109589041096, \"use_primary\": true}\n"}
,{"stream_name":"stdout","time":2185.084641032,"data":"Saved 2 predictions to /kaggle/working/tracking_repo/predictions/unknown/unet_transformer_val_gpu1/split_0\n"}
,{"stream_name":"stdout","time":2185.311187029,"data":"Saved 2 predictions to /kaggle/working/tracking_repo/predictions/unknown/unet_transformer_val_gpu1/split_0\n"}
,{"stream_name":"stdout","time":2208.592895324,"data":"Saved 2 predictions to /kaggle/working/tracking_repo/predictions/unknown/unet_transformer_val_gpu0/split_0\n"}
,{"stream_name":"stdout","time":2208.79505541,"data":"Saved 2 predictions to /kaggle/working/tracking_repo/predictions/unknown/unet_transformer_val_gpu0/split_0\n"}
,{"stream_name":"stdout","time":2210.679948387,"data":"VALIDATOR: merged 4 prediction graphs into /kaggle/working/tracking_repo/predictions/unknown/unet_transformer_val/split_0\n"}
,{"stream_name":"stdout","time":2210.679976363,"data":"VALIDATOR: prediction completed in 8.22 minutes\n"}
,{"stream_name":"stdout","time":2266.575676926,"data":"  [44b6_12dfb391] after edge-filter+motion-relink: 43403 nodes, 41067 edges\n"}
,{"stream_name":"stdout","time":2273.804823186,"data":"  [44b6_12dfb391] after gap-closing (single-frame + gap2): 44066 nodes, 42315 edges\n"}
,{"stream_name":"stdout","time":2280.141325134,"data":"  [44b6_12dfb391] after safe-division repair: 44066 nodes, 42333 edges (geometric_candidates=146, deepcenter_rejected=128, post_veto_candidates=18, added=18, cap_skipped=0, mutual_nn_rejected=56, divergence_rejected=1514)\n"}
,{"stream_name":"stdout","time":2280.141368667,"data":"  [44b6_12dfb391] after division-geometry-filter+prune-isolated: 44062 nodes, 42333 edges\n"}
,{"stream_name":"stdout","time":2280.141376031,"data":"  [44b6_12dfb391] after short-track filtering: 42802 nodes, 41364 edges (components_removed=291)\n"}
,{"stream_name":"stdout","time":2288.088064346,"data":"  [44b6_12dfb391] FINAL: 42802 nodes, 41364 edges\n"}
,{"stream_name":"stdout","time":2303.588737259,"data":"  [44b6_267148e4] after edge-filter+motion-relink: 21666 nodes, 20283 edges\n"}
,{"stream_name":"stdout","time":2309.233437702,"data":"  [44b6_267148e4] after gap-closing (single-frame + gap2): 21938 nodes, 20779 edges\n"}
,{"stream_name":"stdout","time":2315.051959309,"data":"  [44b6_267148e4] after safe-division repair: 21938 nodes, 20801 edges (geometric_candidates=202, deepcenter_rejected=173, post_veto_candidates=29, added=22, cap_skipped=0, mutual_nn_rejected=117, divergence_rejected=1000)\n"}
,{"stream_name":"stdout","time":2315.05202901,"data":"  [44b6_267148e4] after division-geometry-filter+prune-isolated: 21887 nodes, 20801 edges\n"}
,{"stream_name":"stdout","time":2315.052043098,"data":"  [44b6_267148e4] after short-track filtering: 21052 nodes, 20170 edges (components_removed=204)\n"}
,{"stream_name":"stdout","time":2318.975819878,"data":"  [44b6_267148e4] FINAL: 21052 nodes, 20170 edges\n"}
,{"stream_name":"stdout","time":2320.574996856,"data":"  [6bba_062c8d37] after edge-filter+motion-relink: 6005 nodes, 5649 edges\n"}
,{"stream_name":"stdout","time":2321.443195869,"data":"  [6bba_062c8d37] after gap-closing (single-frame + gap2): 6054 nodes, 5741 edges\n"}
,{"stream_name":"stdout","time":2322.660526669,"data":"  [6bba_062c8d37] after safe-division repair: 6054 nodes, 5746 edges (geometric_candidates=14, deepcenter_rejected=9, post_veto_candidates=5, added=5, cap_skipped=0, mutual_nn_rejected=4, divergence_rejected=67)\n"}
,{"stream_name":"stdout","time":2322.660597275,"data":"  [6bba_062c8d37] after division-geometry-filter+prune-isolated: 6028 nodes, 5746 edges\n"}
,{"stream_name":"stdout","time":2322.660605576,"data":"  [6bba_062c8d37] after short-track filtering: 5862 nodes, 5627 edges (components_removed=47)\n"}
,{"stream_name":"stdout","time":2323.721137284,"data":"  [6bba_062c8d37] FINAL: 5862 nodes, 5627 edges\n"}
,{"stream_name":"stdout","time":2343.109804359,"data":"  [6bba_07e24132] after edge-filter+motion-relink: 25031 nodes, 23529 edges\n"}
,{"stream_name":"stdout","time":2348.590943692,"data":"  [6bba_07e24132] after gap-closing (single-frame + gap2): 25358 nodes, 24129 edges\n"}
,{"stream_name":"stdout","time":2352.49285163,"data":"  [6bba_07e24132] after safe-division repair: 25358 nodes, 24135 edges (geometric_candidates=84, deepcenter_rejected=77, post_veto_candidates=7, added=6, cap_skipped=0, mutual_nn_rejected=49, divergence_rejected=926)\n"}
,{"stream_name":"stdout","time":2352.492885148,"data":"  [6bba_07e24132] after division-geometry-filter+prune-isolated: 25344 nodes, 24135 edges\n"}
,{"stream_name":"stdout","time":2352.492892132,"data":"  [6bba_07e24132] after short-track filtering: 24290 nodes, 23323 edges (components_removed=242)\n"}
,{"stream_name":"stdout","time":2357.111187347,"data":"  [6bba_07e24132] FINAL: 24290 nodes, 23323 edges\n"}
,{"stream_name":"stdout","time":2357.124186199,"data":"\n"}
,{"stream_name":"stdout","time":2357.124210417,"data":"==============================================================================\n"}
,{"stream_name":"stdout","time":2357.124222632,"data":"LOCAL VALIDATOR -- proxy score using the official metric formula\n"}
,{"stream_name":"stdout","time":2357.124244247,"data":"(https://github.com/royerlab/kaggle-cell-tracking-competition/blob/main/metrics.md)\n"}
,{"stream_name":"stdout","time":2357.124250093,"data":"==============================================================================\n"}
,{"stream_name":"stdout","time":2357.12425536,"data":"  44b6_12dfb391                edge_jaccard=0.9046 adj_edge_jaccard=0.9291 T_pred=42802 T_true=58672.0 div(tp/fp/fn)=(0/0/1)\n"}
,{"stream_name":"stdout","time":2357.124260623,"data":"      errors: missed_gt_nodes=6 spurious_pred_nodes=42020 recovered=740 fragmented=25 lost_to_detection=8 wrong_association=0\n"}
,{"stream_name":"stdout","time":2357.124265932,"data":"  44b6_267148e4                edge_jaccard=0.8226 adj_edge_jaccard=0.8143 T_pred=21052 T_true=19130.0 div(tp/fp/fn)=(0/0/1)\n"}
,{"stream_name":"stdout","time":2357.124270917,"data":"      errors: missed_gt_nodes=2 spurious_pred_nodes=20774 recovered=255 fragmented=18 lost_to_detection=4 wrong_association=0\n"}
,{"stream_name":"stdout","time":2357.12427611,"data":"  6bba_062c8d37                edge_jaccard=0.9801 adj_edge_jaccard=0.9828 T_pred=5862 T_true=6030.0 div(tp/fp/fn)=(1/0/0)\n"}
,{"stream_name":"stdout","time":2357.124280748,"data":"      errors: missed_gt_nodes=6 spurious_pred_nodes=4938 recovered=887 fragmented=5 lost_to_detection=6 wrong_association=0\n"}
,{"stream_name":"stdout","time":2357.124285382,"data":"  6bba_07e24132                edge_jaccard=0.8443 adj_edge_jaccard=0.8332 T_pred=24290 T_true=21485.0 div(tp/fp/fn)=(0/0/2)\n"}
,{"stream_name":"stdout","time":2357.124305166,"data":"      errors: missed_gt_nodes=22 spurious_pred_nodes=23953 recovered=309 fragmented=9 lost_to_detection=27 wrong_association=0\n"}
,{"stream_name":"stdout","time":2357.12431104,"data":"\n"}
,{"stream_name":"stdout","time":2357.124315312,"data":"n=4  adjusted_edge_jaccard=0.9199  division_jaccard=0.2000  PROXY_SCORE=0.9399\n"}
,{"stream_name":"stdout","time":2357.124320515,"data":"  totals -- missed_gt_nodes=36 spurious_pred_nodes=91685 recovered=2191 fragmented=57 lost_to_detection=45 wrong_association=0\n"}
,{"stream_name":"stdout","time":2357.12432535,"data":"\n"}
,{"stream_name":"stdout","time":2357.124329924,"data":"Per-sample validator rows written to /kaggle/working/validator_results.csv\n"}
,{"stream_name":"stdout","time":2357.156242011,"data":"==============================================================================\n"}
,{"stream_name":"stdout","time":2357.15627484,"data":"PIPELINE MANIFEST -- resolved state, not just config\n"}
,{"stream_name":"stdout","time":2357.156280786,"data":"==============================================================================\n"}
,{"stream_name":"stdout","time":2357.156284666,"data":"Dual-seed ensemble:      requested=True  weights_found=True\n"}
,{"stream_name":"stdout","time":2357.156288801,"data":"Bidirectional fusion:    weight=0.15  active=True  mode=harmonic_probability\n"}
,{"stream_name":"stdout","time":2357.1562931,"data":"DeepCenter veto:         requested=True  loaded=True\n"}
,{"stream_name":"stdout","time":2357.156297325,"data":"  - checkpoint file:     /kaggle/input/datasets/pilkwang/biohub-deepcenter-unet3d-center-prior-v1/weights/full_frame_center/best.pt\n"}
,{"stream_name":"stdout","time":2357.156301566,"data":"  - expected epoch:      2\n"}
,{"stream_name":"stdout","time":2357.156304945,"data":"  - gap veto:            True\n"}
,{"stream_name":"stdout","time":2357.156309035,"data":"  - safe-div veto:       True\n"}
,{"stream_name":"stdout","time":2357.156313393,"data":"Safe-div thresholds:     parent\u003c=9.0um  sister\u003c=14.0um  global_cap=0.00375  frame_cap=0.0076\n"}
,{"stream_name":"stdout","time":2357.15631823,"data":"Validator:               enabled=True  held_out_samples=4  match_radius=7.0um\n"}
,{"stream_name":"stdout","time":2357.15632249,"data":"==============================================================================\n"}
,{"stream_name":"stderr","time":2361.934100958,"data":"/usr/local/lib/python3.12/dist-packages/mistune.py:435: SyntaxWarning: invalid escape sequence '\\|'\n"}
,{"stream_name":"stderr","time":2361.934145398,"data":"  cells[i][c] = re.sub('\\\\\\\\\\|', '|', cell)\n"}
,{"stream_name":"stderr","time":2362.080662337,"data":"/usr/local/lib/python3.12/dist-packages/nbconvert/filters/filter_links.py:36: SyntaxWarning: invalid escape sequence '\\_'\n"}
,{"stream_name":"stderr","time":2362.080693587,"data":"  text = re.sub(r'_', '\\_', text) # Escape underscores in display text\n"}
,{"stream_name":"stderr","time":2362.757021568,"data":"[NbConvertApp] Converting notebook __notebook__.ipynb to notebook\n"}
,{"stream_name":"stderr","time":2363.073105696,"data":"[NbConvertApp] Writing 303887 bytes to __notebook__.ipynb\n"}
,{"stream_name":"stderr","time":2365.483446235,"data":"[NbConvertApp] Converting notebook __notebook__.ipynb to html\n"}
,{"stream_name":"stderr","time":2366.951300869,"data":"[NbConvertApp] Writing 1170779 bytes to __results__.html\n"}
]