arm,video,event_id,candidate_id,label,score
geometry_1_05_focus0,44b6_2a2eff9f,44b6_2a2eff9f:13,union|44b6_2a2eff9f:13|0,0,-19.242240143840885
geometry_1_05_focus0,44b6_2a2eff9f,44b6_2a2eff9f:13,union|44b6_2a2eff9f:13|1,0,-17.962797105206374
geometry_1_05_focus0,44b6_2a2eff9f,44b6_2a2eff9f:13,union|44b6_2a2eff9f:13|2,0,-20.886427191927226
geometry_1_05_focus0,44b6_2a2eff9f,44b6_2a2eff9f:13,union|44b6_2a2eff9f:13|3,0,-17.210725513182272
geometry_1_05_focus0,44b6_2a2eff9f,44b6_2a2eff9f:13,union|44b6_2a2eff9f:13|4,0,-20.627922341997973
geometry_1_05_focus0,44b6_2a2eff9f,44b6_2a2eff9f:13,union|44b6_2a2eff9f:13|5,0,-16.303339861809448
geometry_1_05_focus0,44b6_2a2eff9f,44b6_2a2eff9f:13,union|44b6_2a2eff9f:13|6,0,-18.240579760522962
geometry_1_05_focus0,44b6_2a2eff9f,44b6_2a2eff9f:13,union|44b6_2a2eff9f:13|7,0,-21.274133512443093
geometry_1_05_focus0,44b6_2a2eff9f,44b6_2a2eff9f:13,union|44b6_2a2eff9f:13|8,0,-23.38478116233508
geometry_1_05_focus0,44b6_2a2eff9f,44b6_2a2eff9f:13,union|44b6_2a2eff9f:13|9,0,-18.202298834637595
geometry_1_05_focus0,44b6_2a2eff9f,44b6_2a2eff9f:13,union|44b6_2a2eff9f:13|10,0,-17.14190150307779
geometry_1_05_focus0,44b6_2a2eff9f,44b6_2a2eff9f:13,union|44b6_2a2eff9f:13|11,0,-16.138801281632734
geometry_1_05_focus0,44b6_2a2eff9f,44b6_2a2eff9f:13,union|44b6_2a2eff9f:13|12,0,-21.77568188194121
geometry_1_05_focus0,44b6_2a2eff9f,44b6_2a2eff9f:13,union|44b6_2a2eff9f:13|13,0,-19.03748358502247
geometry_1_05_focus0,44b6_2a2eff9f,44b6_2a2eff9f:13,union|44b6_2a2eff9f:13|14,0,-21.32909142492803
geometry_1_05_focus0,44b6_2a2eff9f,44b6_2a2eff9f:13,union|44b6_2a2eff9f:13|15,0,-17.721049786046468
geometry_1_05_focus0,44b6_2a2eff9f,44b6_2a2eff9f:13,union|44b6_2a2eff9f:13|16,0,-16.115472303723646
geometry_1_05_focus0,44b6_2a2eff9f,44b6_2a2eff9f:13,union|44b6_2a2eff9f:13|17,0,-19.257870236787102
geometry_1_05_focus0,44b6_2a2eff9f,44b6_2a2eff9f:13,union|44b6_2a2eff9f:13|18,0,-19.89589517487647
geometry_1_05_focus0,44b6_2a2eff9f,44b6_2a2eff9f:13,union|44b6_2a2eff9f:13|19,0,-16.363000616498745
geometry_1_05_focus0,44b6_2a2eff9f,44b6_2a2eff9f:13,union|44b6_2a2eff9f:13|20,0,-20.3702425971407
geometry_1_05_focus0,44b6_2a2eff9f,44b6_2a2eff9f:13,union|44b6_2a2eff9f:13|21,0,-14.420444471305313
geometry_1_05_focus0,44b6_2a2eff9f,44b6_2a2eff9f:13,union|44b6_2a2eff9f:13|22,0,-20.424915217969705
geometry_1_05_focus0,44b6_2a2eff9f,44b6_2a2eff9f:13,union|44b6_2a2eff9f:13|23,0,-16.886405778098407
geometry_1_05_focus0,44b6_2a2eff9f,44b6_2a2eff9f:13,union|44b6_2a2eff9f:13|24,0,-20.09900157207303
geometry_1_05_focus0,44b6_2a2eff9f,44b6_2a2eff9f:13,union|44b6_2a2eff9f:13|25,0,-19.83936226502314
geometry_1_05_focus0,44b6_2a2eff9f,44b6_2a2eff9f:13,union|44b6_2a2eff9f:13|26,0,-23.315738630787465
geometry_1_05_focus0,44b6_2a2eff9f,44b6_2a2eff9f:13,union|44b6_2a2eff9f:13|27,0,-21.991930517746184
geometry_1_05_focus0,44b6_2a2eff9f,44b6_2a2eff9f:13,union|44b6_2a2eff9f:13|28,0,-21.614389279472135
geometry_1_05_focus0,44b6_2a2eff9f,44b6_2a2eff9f:13,union|44b6_2a2eff9f:13|29,0,-18.722792760429734
geometry_1_05_focus0,44b6_2a2eff9f,44b6_2a2eff9f:13,union|44b6_2a2eff9f:13|30,0,-18.0713376310016
geometry_1_05_focus0,44b6_2a2eff9f,44b6_2a2eff9f:13,union|44b6_2a2eff9f:13|31,0,-18.09702325008894
geometry_1_05_focus0,44b6_2a2eff9f,44b6_2a2eff9f:13,union|44b6_2a2eff9f:13|32,0,-22.55612148385847
geometry_1_05_focus0,44b6_2a2eff9f,44b6_2a2eff9f:13,union|44b6_2a2eff9f:13|33,0,-20.019236968827652
geometry_1_05_focus0,44b6_2a2eff9f,44b6_2a2eff9f:13,union|44b6_2a2eff9f:13|34,1,-18.402721435972452
geometry_1_05_focus0,44b6_2a2eff9f,44b6_2a2eff9f:13,union|44b6_2a2eff9f:13|35,0,-23.756740797717747
geometry_1_05_focus0,44b6_2a2eff9f,44b6_2a2eff9f:13,union|44b6_2a2eff9f:13|36,0,-18.342940118095946
geometry_1_05_focus0,44b6_2a2eff9f,44b6_2a2eff9f:13,union|44b6_2a2eff9f:13|37,0,-17.560763777241874
geometry_1_05_focus0,44b6_2a2eff9f,44b6_2a2eff9f:13,union|44b6_2a2eff9f:13|38,0,-21.22578120376672
geometry_1_05_focus0,44b6_2a2eff9f,44b6_2a2eff9f:13,union|44b6_2a2eff9f:13|39,0,-20.247395665862808
geometry_1_05_focus0,44b6_2a2eff9f,44b6_2a2eff9f:13,union|44b6_2a2eff9f:13|40,0,-17.61516229480149
geometry_1_05_focus0,44b6_2a2eff9f,44b6_2a2eff9f:13,union|44b6_2a2eff9f:13|41,0,-23.63606091145765
geometry_1_05_focus0,44b6_2a2eff9f,44b6_2a2eff9f:13,union|44b6_2a2eff9f:13|42,0,-15.025759132236882
geometry_1_05_focus0,44b6_2a2eff9f,44b6_2a2eff9f:13,union|44b6_2a2eff9f:13|43,0,-19.659682384442156
geometry_1_05_focus0,44b6_2a2eff9f,44b6_2a2eff9f:13,union|44b6_2a2eff9f:13|44,0,-20.672748108972964
geometry_1_05_focus0,44b6_2a2eff9f,44b6_2a2eff9f:13,union|44b6_2a2eff9f:13|45,0,-21.9375
geometry_1_05_focus0,44b6_2a2eff9f,44b6_2a2eff9f:13,union|44b6_2a2eff9f:13|46,0,-21.29343428809647
geometry_1_05_focus0,44b6_2a2eff9f,44b6_2a2eff9f:13,union|44b6_2a2eff9f:13|47,0,-24.41517736724535
geometry_1_05_focus0,44b6_2a2eff9f,44b6_2a2eff9f:13,union|44b6_2a2eff9f:13|48,0,-17.89269799547505
geometry_1_05_focus0,44b6_2a2eff9f,44b6_2a2eff9f:13,union|44b6_2a2eff9f:13|49,0,-20.696042815191756
geometry_1_05_focus0,44b6_2a2eff9f,44b6_2a2eff9f:13,union|44b6_2a2eff9f:13|50,0,-14.710153304375883
geometry_1_05_focus0,44b6_2a2eff9f,44b6_2a2eff9f:13,union|44b6_2a2eff9f:13|51,0,-20.563997555355943
geometry_1_05_focus0,44b6_2a2eff9f,44b6_2a2eff9f:13,union|44b6_2a2eff9f:13|52,0,-19.015874086407408
geometry_1_05_focus0,44b6_2a2eff9f,44b6_2a2eff9f:13,union|44b6_2a2eff9f:13|53,0,-22.793133757065107
geometry_1_05_focus0,44b6_587a1e22,44b6_587a1e22:24,union|44b6_587a1e22:24|0,0,-19.15842623155119
geometry_1_05_focus0,44b6_587a1e22,44b6_587a1e22:24,union|44b6_587a1e22:24|1,0,-22.375756011512685
geometry_1_05_focus0,44b6_587a1e22,44b6_587a1e22:24,union|44b6_587a1e22:24|2,0,-22.988604880629655
geometry_1_05_focus0,44b6_587a1e22,44b6_587a1e22:24,union|44b6_587a1e22:24|3,0,-23.10250421937632
geometry_1_05_focus0,44b6_587a1e22,44b6_587a1e22:24,union|44b6_587a1e22:24|4,0,-24.10161140778275
geometry_1_05_focus0,44b6_587a1e22,44b6_587a1e22:24,union|44b6_587a1e22:24|5,0,-19.763701197773617
geometry_1_05_focus0,44b6_587a1e22,44b6_587a1e22:24,union|44b6_587a1e22:24|6,0,-14.721524059627566
geometry_1_05_focus0,44b6_587a1e22,44b6_587a1e22:24,union|44b6_587a1e22:24|7,0,-25.452564103082025
geometry_1_05_focus0,44b6_587a1e22,44b6_587a1e22:24,union|44b6_587a1e22:24|8,0,-13.249096102494306
geometry_1_05_focus0,44b6_587a1e22,44b6_587a1e22:24,union|44b6_587a1e22:24|9,0,-18.97771890181656
geometry_1_05_focus0,44b6_587a1e22,44b6_587a1e22:24,union|44b6_587a1e22:24|10,0,-25.591872275535323
geometry_1_05_focus0,44b6_587a1e22,44b6_587a1e22:24,union|44b6_587a1e22:24|11,0,-18.04277794877296
geometry_1_05_focus0,44b6_587a1e22,44b6_587a1e22:24,union|44b6_587a1e22:24|12,0,-22.027227283054742
geometry_1_05_focus0,44b6_587a1e22,44b6_587a1e22:24,union|44b6_587a1e22:24|13,0,-20.427410598191067
geometry_1_05_focus0,44b6_587a1e22,44b6_587a1e22:24,union|44b6_587a1e22:24|14,0,-24.267000711737992
geometry_1_05_focus0,44b6_587a1e22,44b6_587a1e22:24,union|44b6_587a1e22:24|15,0,-23.02106616830438
geometry_1_05_focus0,44b6_587a1e22,44b6_587a1e22:24,union|44b6_587a1e22:24|16,0,-20.239160437587174
geometry_1_05_focus0,44b6_587a1e22,44b6_587a1e22:24,union|44b6_587a1e22:24|17,0,-21.082878337598444
geometry_1_05_focus0,44b6_587a1e22,44b6_587a1e22:24,union|44b6_587a1e22:24|18,1,-15.880551376349668
geometry_1_05_focus0,44b6_587a1e22,44b6_587a1e22:24,union|44b6_587a1e22:24|19,0,-22.019835668624353
geometry_1_05_focus0,44b6_587a1e22,44b6_587a1e22:24,union|44b6_587a1e22:24|20,0,-18.505708954623536
geometry_1_05_focus0,44b6_587a1e22,44b6_587a1e22:24,union|44b6_587a1e22:24|21,0,-19.10498285741742
geometry_1_05_focus0,44b6_587a1e22,44b6_587a1e22:24,union|44b6_587a1e22:24|22,0,-25.149414968743674
geometry_1_05_focus0,44b6_587a1e22,44b6_587a1e22:24,union|44b6_587a1e22:24|23,0,-24.17663810280081
geometry_1_05_focus0,44b6_587a1e22,44b6_587a1e22:24,union|44b6_587a1e22:24|24,0,-25.018884865533565
geometry_1_05_focus0,44b6_587a1e22,44b6_587a1e22:24,union|44b6_587a1e22:24|25,0,-22.884618101359166
geometry_1_05_focus0,44b6_587a1e22,44b6_587a1e22:24,union|44b6_587a1e22:24|26,0,-25.490102420179895
geometry_1_05_focus0,44b6_587a1e22,44b6_587a1e22:24,union|44b6_587a1e22:24|27,0,-15.574872959505152
geometry_1_05_focus0,44b6_587a1e22,44b6_587a1e22:24,union|44b6_587a1e22:24|28,0,-18.826182578237248
geometry_1_05_focus0,44b6_587a1e22,44b6_587a1e22:24,union|44b6_587a1e22:24|29,0,-21.383027924320277
geometry_1_05_focus0,44b6_587a1e22,44b6_587a1e22:24,union|44b6_587a1e22:24|30,0,-14.21561798410066
geometry_1_05_focus0,44b6_587a1e22,44b6_587a1e22:24,union|44b6_587a1e22:24|31,0,-21.58253670373316
geometry_1_05_focus0,44b6_587a1e22,44b6_587a1e22:24,union|44b6_587a1e22:24|32,0,-19.736879265965616
geometry_1_05_focus0,44b6_587a1e22,44b6_587a1e22:24,union|44b6_587a1e22:24|33,0,-16.95052442380728
geometry_1_05_focus0,44b6_587a1e22,44b6_587a1e22:24,union|44b6_587a1e22:24|34,0,-23.781196502914046
geometry_1_05_focus0,44b6_587a1e22,44b6_587a1e22:24,union|44b6_587a1e22:24|35,0,-19.53830247202154
geometry_1_05_focus0,44b6_587a1e22,44b6_587a1e22:24,union|44b6_587a1e22:24|36,0,-19.73940076931207
geometry_1_05_focus0,44b6_5f15d135,44b6_5f15d135:103,union|44b6_5f15d135:103|0,0,-18.97771890181656
geometry_1_05_focus0,44b6_5f15d135,44b6_5f15d135:103,union|44b6_5f15d135:103|1,0,-14.508460955066893
geometry_1_05_focus0,44b6_5f15d135,44b6_5f15d135:103,union|44b6_5f15d135:103|2,0,-15.574872959505152
geometry_1_05_focus0,44b6_5f15d135,44b6_5f15d135:103,union|44b6_5f15d135:103|3,0,-19.357206148897724
geometry_1_05_focus0,44b6_5f15d135,44b6_5f15d135:103,union|44b6_5f15d135:103|4,0,-20.306461985619933
geometry_1_05_focus0,44b6_5f15d135,44b6_5f15d135:103,union|44b6_5f15d135:103|5,0,-20.878762496067992
geometry_1_05_focus0,44b6_5f15d135,44b6_5f15d135:103,union|44b6_5f15d135:103|6,0,-20.04317188405564
geometry_1_05_focus0,44b6_5f15d135,44b6_5f15d135:103,union|44b6_5f15d135:103|7,0,-23.60942551392153
geometry_1_05_focus0,44b6_5f15d135,44b6_5f15d135:103,union|44b6_5f15d135:103|8,0,-21.140179037113818
geometry_1_05_focus0,44b6_5f15d135,44b6_5f15d135:103,union|44b6_5f15d135:103|9,0,-16.71872673704444
geometry_1_05_focus0,44b6_5f15d135,44b6_5f15d135:103,union|44b6_5f15d135:103|10,0,-15.618504278129318
geometry_1_05_focus0,44b6_5f15d135,44b6_5f15d135:103,union|44b6_5f15d135:103|11,0,-22.186307395098602
geometry_1_05_focus0,44b6_5f15d135,44b6_5f15d135:103,union|44b6_5f15d135:103|12,0,-24.387127226618
geometry_1_05_focus0,44b6_5f15d135,44b6_5f15d135:103,union|44b6_5f15d135:103|13,0,-17.596399758310344
geometry_1_05_focus0,44b6_5f15d135,44b6_5f15d135:103,union|44b6_5f15d135:103|14,0,-19.89040656702804
geometry_1_05_focus0,44b6_5f15d135,44b6_5f15d135:103,union|44b6_5f15d135:103|15,0,-24.218111897637364
geometry_1_05_focus0,44b6_5f15d135,44b6_5f15d135:103,union|44b6_5f15d135:103|16,0,-17.433148169101536
geometry_1_05_focus0,44b6_5f15d135,44b6_5f15d135:103,union|44b6_5f15d135:103|17,0,-21.179528912121235
geometry_1_05_focus0,44b6_5f15d135,44b6_5f15d135:103,union|44b6_5f15d135:103|18,0,-16.31670890186478
geometry_1_05_focus0,44b6_5f15d135,44b6_5f15d135:103,union|44b6_5f15d135:103|19,0,-20.226470750938574
geometry_1_05_focus0,44b6_5f15d135,44b6_5f15d135:103,union|44b6_5f15d135:103|20,1,-14.088317307779342
geometry_1_05_focus0,44b6_5f15d135,44b6_5f15d135:103,union|44b6_5f15d135:103|21,0,-23.025099379097917
geometry_1_05_focus0,44b6_5f15d135,44b6_5f15d135:103,union|44b6_5f15d135:103|22,0,-16.940900889437135
geometry_1_05_focus0,44b6_5f15d135,44b6_5f15d135:103,union|44b6_5f15d135:103|23,0,-11.896931284032714
geometry_1_05_focus0,44b6_5f15d135,44b6_5f15d135:103,union|44b6_5f15d135:103|24,0,-21.30701660340433
geometry_1_05_focus0,44b6_5f15d135,44b6_5f15d135:103,union|44b6_5f15d135:103|25,0,-22.530696304123094
geometry_1_05_focus0,44b6_5f15d135,44b6_5f15d135:103,union|44b6_5f15d135:103|26,0,-13.887388313575585
geometry_1_05_focus0,44b6_5f15d135,44b6_5f15d135:103,union|44b6_5f15d135:103|27,0,-17.973520667360283
geometry_1_05_focus0,44b6_5f15d135,44b6_5f15d135:103,union|44b6_5f15d135:103|28,0,-18.930651775540127
geometry_1_05_focus0,44b6_5f15d135,44b6_5f15d135:103,union|44b6_5f15d135:103|29,0,-18.28709035774215
geometry_1_05_focus0,44b6_5f15d135,44b6_5f15d135:103,union|44b6_5f15d135:103|30,0,-17.282586760299175
geometry_1_05_focus0,44b6_5f15d135,44b6_5f15d135:103,union|44b6_5f15d135:103|31,0,-19.814047669498294
geometry_1_05_focus0,44b6_5f15d135,44b6_5f15d135:103,union|44b6_5f15d135:103|32,0,-16.754155723348312
geometry_1_05_focus0,44b6_5f15d135,44b6_5f15d135:103,union|44b6_5f15d135:103|33,0,-18.42890530138536
geometry_1_05_focus0,44b6_5f15d135,44b6_5f15d135:103,union|44b6_5f15d135:103|34,0,-20.442411734860997
geometry_1_05_focus0,44b6_5f15d135,44b6_5f15d135:103,union|44b6_5f15d135:103|35,0,-21.442548534941885
geometry_1_05_focus0,44b6_5f15d135,44b6_5f15d135:103,union|44b6_5f15d135:103|36,0,-18.960189663614123
geometry_1_05_focus0,44b6_5f15d135,44b6_5f15d135:103,union|44b6_5f15d135:103|37,0,-22.335301508264234
geometry_1_05_focus0,44b6_5f15d135,44b6_5f15d135:103,union|44b6_5f15d135:103|38,0,-21.484290269989124
geometry_1_05_focus0,44b6_5f15d135,44b6_5f15d135:103,union|44b6_5f15d135:103|39,0,-22.28211916087352
geometry_1_05_focus0,44b6_5f15d135,44b6_5f15d135:103,union|44b6_5f15d135:103|40,0,-21.923762786171437
geometry_1_05_focus0,44b6_5f15d135,44b6_5f15d135:103,union|44b6_5f15d135:103|41,0,-19.855684683833335
geometry_1_05_focus0,44b6_5f15d135,44b6_5f15d135:103,union|44b6_5f15d135:103|42,0,-14.631734571262431
geometry_1_05_focus0,44b6_5f15d135,44b6_5f15d135:103,union|44b6_5f15d135:103|43,0,-18.043413396852447
geometry_1_05_focus0,44b6_5f15d135,44b6_5f15d135:103,union|44b6_5f15d135:103|44,0,-22.674361755488093
geometry_1_05_focus0,44b6_5f15d135,44b6_5f15d135:103,union|44b6_5f15d135:103|45,0,-17.537676806290428
geometry_1_05_focus0,44b6_5f15d135,44b6_5f15d135:103,union|44b6_5f15d135:103|46,0,-19.306736815891473
geometry_1_05_focus0,44b6_5f15d135,44b6_5f15d135:103,union|44b6_5f15d135:103|47,0,-21.327587604775097
geometry_1_05_focus0,44b6_5f15d135,44b6_5f15d135:103,union|44b6_5f15d135:103|48,0,-24.79923459664653
geometry_1_05_focus0,44b6_5f15d135,44b6_5f15d135:103,union|44b6_5f15d135:103|49,0,-22.859239511402475
geometry_1_05_focus0,44b6_5f15d135,44b6_5f15d135:103,union|44b6_5f15d135:103|50,0,-22.627129048537192
geometry_1_05_focus0,44b6_5f15d135,44b6_5f15d135:103,union|44b6_5f15d135:103|51,0,-23.348618369173252
geometry_1_05_focus0,44b6_5f15d135,44b6_5f15d135:103,union|44b6_5f15d135:103|52,0,-17.73141611442464
geometry_1_05_focus0,44b6_5f15d135,44b6_5f15d135:103,union|44b6_5f15d135:103|53,0,-21.18544176747643
geometry_1_05_focus0,44b6_5f15d135,44b6_5f15d135:103,union|44b6_5f15d135:103|54,0,-19.337365072829183
geometry_1_05_focus0,44b6_5f15d135,44b6_5f15d135:103,union|44b6_5f15d135:103|55,0,-14.274741290187958
geometry_1_05_focus0,44b6_5f15d135,44b6_5f15d135:103,union|44b6_5f15d135:103|56,0,-17.8166798707234
geometry_1_05_focus0,44b6_5f15d135,44b6_5f15d135:103,union|44b6_5f15d135:103|57,0,-19.181362094492798
geometry_1_05_focus0,44b6_5f15d135,44b6_5f15d135:103,union|44b6_5f15d135:103|58,0,-20.48473684189326
geometry_1_05_focus0,44b6_5f15d135,44b6_5f15d135:103,union|44b6_5f15d135:103|59,0,-13.418379587893961
geometry_1_05_focus0,44b6_5f15d135,44b6_5f15d135:103,union|44b6_5f15d135:103|60,0,-13.918937250472517
geometry_1_05_focus0,44b6_5f15d135,44b6_5f15d135:103,union|44b6_5f15d135:103|61,0,-19.532900019856644
geometry_1_05_focus0,44b6_5f15d135,44b6_5f15d135:103,union|44b6_5f15d135:103|62,0,-20.80870233167098
geometry_1_05_focus0,44b6_5f15d135,44b6_5f15d135:103,union|44b6_5f15d135:103|63,0,-18.932890970350257
geometry_1_05_focus0,44b6_5f15d135,44b6_5f15d135:103,union|44b6_5f15d135:103|64,0,-19.468654144253698
geometry_1_05_focus0,44b6_5f15d135,44b6_5f15d135:103,union|44b6_5f15d135:103|65,0,-19.103723914161538
geometry_1_05_focus0,44b6_5f15d135,44b6_5f15d135:103,union|44b6_5f15d135:103|66,0,-15.659550988981692
geometry_1_05_focus0,44b6_74d0c52e,44b6_74d0c52e:59,union|44b6_74d0c52e:59|0,0,-16.248901789337634
geometry_1_05_focus0,44b6_74d0c52e,44b6_74d0c52e:59,union|44b6_74d0c52e:59|1,0,-17.367114084252716
geometry_1_05_focus0,44b6_74d0c52e,44b6_74d0c52e:59,union|44b6_74d0c52e:59|2,0,-21.000553871741094
geometry_1_05_focus0,44b6_74d0c52e,44b6_74d0c52e:59,union|44b6_74d0c52e:59|3,0,-16.35124708546721
geometry_1_05_focus0,44b6_74d0c52e,44b6_74d0c52e:59,union|44b6_74d0c52e:59|4,0,-19.26603087986341
geometry_1_05_focus0,44b6_74d0c52e,44b6_74d0c52e:59,union|44b6_74d0c52e:59|5,0,-21.852061652578712
geometry_1_05_focus0,44b6_74d0c52e,44b6_74d0c52e:59,union|44b6_74d0c52e:59|6,0,-19.346119735487054
geometry_1_05_focus0,44b6_74d0c52e,44b6_74d0c52e:59,union|44b6_74d0c52e:59|7,0,-15.321941160590832
geometry_1_05_focus0,44b6_74d0c52e,44b6_74d0c52e:59,union|44b6_74d0c52e:59|8,0,-15.201004078287687
geometry_1_05_focus0,44b6_74d0c52e,44b6_74d0c52e:59,union|44b6_74d0c52e:59|9,0,-17.47101940022916
geometry_1_05_focus0,44b6_74d0c52e,44b6_74d0c52e:59,union|44b6_74d0c52e:59|10,1,-18.402721435972452
geometry_1_05_focus0,44b6_74d0c52e,44b6_74d0c52e:59,union|44b6_74d0c52e:59|11,0,-19.803295984905226
geometry_1_05_focus0,44b6_74d0c52e,44b6_74d0c52e:59,union|44b6_74d0c52e:59|12,0,-20.547854345288382
geometry_1_05_focus0,44b6_74d0c52e,44b6_74d0c52e:59,union|44b6_74d0c52e:59|13,0,-18.25746957405412
geometry_1_05_focus0,44b6_74d0c52e,44b6_74d0c52e:59,union|44b6_74d0c52e:59|14,0,-18.014375584245236
geometry_1_05_focus0,44b6_74d0c52e,44b6_74d0c52e:59,union|44b6_74d0c52e:59|15,0,-13.991722472103756
geometry_1_05_focus0,44b6_74d0c52e,44b6_74d0c52e:59,union|44b6_74d0c52e:59|16,0,-18.28834790987076
geometry_1_05_focus0,44b6_74d0c52e,44b6_74d0c52e:59,union|44b6_74d0c52e:59|17,0,-16.53192933386784
geometry_1_05_focus0,44b6_74d0c52e,44b6_74d0c52e:59,union|44b6_74d0c52e:59|18,0,-16.471701917734297
geometry_1_05_focus0,44b6_74d0c52e,44b6_74d0c52e:59,union|44b6_74d0c52e:59|19,0,-20.809901550004767
geometry_1_05_focus0,44b6_74d0c52e,44b6_74d0c52e:59,union|44b6_74d0c52e:59|20,0,-23.018995278768777
geometry_1_05_focus0,44b6_74d0c52e,44b6_74d0c52e:59,union|44b6_74d0c52e:59|21,0,-21.171643249502253
geometry_1_05_focus0,44b6_74d0c52e,44b6_74d0c52e:59,union|44b6_74d0c52e:59|22,0,-18.774984086973088
geometry_1_05_focus0,44b6_74d0c52e,44b6_74d0c52e:59,union|44b6_74d0c52e:59|23,0,-15.996973935782961
geometry_1_05_focus0,44b6_74d0c52e,44b6_74d0c52e:59,union|44b6_74d0c52e:59|24,0,-17.235727791422097
geometry_1_05_focus0,44b6_74d0c52e,44b6_74d0c52e:59,union|44b6_74d0c52e:59|25,0,-17.177985194281398
geometry_1_05_focus0,44b6_74d0c52e,44b6_74d0c52e:59,union|44b6_74d0c52e:59|26,0,-19.709732824667935
geometry_1_05_focus0,44b6_74d0c52e,44b6_74d0c52e:59,union|44b6_74d0c52e:59|27,0,-20.394682012173426
geometry_1_05_focus0,44b6_74d0c52e,44b6_74d0c52e:59,union|44b6_74d0c52e:59|28,0,-21.097400824172922
geometry_1_05_focus0,44b6_74d0c52e,44b6_74d0c52e:59,union|44b6_74d0c52e:59|29,0,-10.624816174880392
geometry_1_05_focus0,44b6_74d0c52e,44b6_74d0c52e:59,union|44b6_74d0c52e:59|30,0,-21.388975694268296
geometry_1_05_focus0,44b6_74d0c52e,44b6_74d0c52e:59,union|44b6_74d0c52e:59|31,0,-19.651753261477715
geometry_1_05_focus0,44b6_74d0c52e,44b6_74d0c52e:59,union|44b6_74d0c52e:59|32,0,-18.1230745384357
geometry_1_05_focus0,44b6_74d0c52e,44b6_74d0c52e:59,union|44b6_74d0c52e:59|33,0,-10.27796447291276
geometry_1_05_focus0,44b6_74d0c52e,44b6_74d0c52e:59,union|44b6_74d0c52e:59|34,0,-14.338741708346891
geometry_1_05_focus0,44b6_74d0c52e,44b6_74d0c52e:59,union|44b6_74d0c52e:59|35,0,-18.234701898000218
geometry_1_05_focus0,44b6_74d0c52e,44b6_74d0c52e:59,union|44b6_74d0c52e:59|36,0,-18.402270484306335
geometry_1_05_focus0,44b6_74d0c52e,44b6_74d0c52e:59,union|44b6_74d0c52e:59|37,0,-20.090558120457278
geometry_1_05_focus0,44b6_74d0c52e,44b6_74d0c52e:59,union|44b6_74d0c52e:59|38,0,-19.180377556962924
geometry_1_05_focus0,44b6_74d0c52e,44b6_74d0c52e:59,union|44b6_74d0c52e:59|39,0,-13.549545899576282
geometry_1_05_focus0,44b6_74d0c52e,44b6_74d0c52e:59,union|44b6_74d0c52e:59|40,0,-15.601708238085134
geometry_1_05_focus0,44b6_74d0c52e,44b6_74d0c52e:59,union|44b6_74d0c52e:59|41,0,-18.703495531362798
geometry_1_05_focus0,44b6_74d0c52e,44b6_74d0c52e:59,union|44b6_74d0c52e:59|42,0,-23.63327874509261
geometry_1_05_focus0,44b6_74d0c52e,44b6_74d0c52e:59,union|44b6_74d0c52e:59|43,0,-14.820788100449343
geometry_1_05_focus0,44b6_74d0c52e,44b6_74d0c52e:59,union|44b6_74d0c52e:59|44,0,-18.451613551370542
geometry_1_05_focus0,44b6_74d0c52e,44b6_74d0c52e:59,union|44b6_74d0c52e:59|45,0,-19.104554451809246
geometry_1_05_focus0,44b6_74d0c52e,44b6_74d0c52e:59,union|44b6_74d0c52e:59|46,0,-17.72573409536189
geometry_1_05_focus0,44b6_74d0c52e,44b6_74d0c52e:59,union|44b6_74d0c52e:59|47,0,-16.429640748485216
geometry_1_05_focus0,44b6_74d0c52e,44b6_74d0c52e:59,union|44b6_74d0c52e:59|48,0,-16.776894083534277
geometry_1_05_focus0,44b6_74d0c52e,44b6_74d0c52e:59,union|44b6_74d0c52e:59|49,0,-17.782948268269415
geometry_1_05_focus0,44b6_74d0c52e,44b6_74d0c52e:59,union|44b6_74d0c52e:59|50,0,-14.187491947679387
geometry_1_05_focus0,44b6_74d0c52e,44b6_74d0c52e:59,union|44b6_74d0c52e:59|51,0,-17.992886535138624
geometry_1_05_focus0,44b6_74d0c52e,44b6_74d0c52e:59,union|44b6_74d0c52e:59|52,0,-20.772517630583444
geometry_1_05_focus0,44b6_996155de,44b6_996155de:60,union|44b6_996155de:60|0,1,-8.658694077712559
geometry_1_05_focus0,44b6_996155de,44b6_996155de:60,union|44b6_996155de:60|1,0,-12.113755462244285
geometry_1_05_focus0,44b6_996155de,44b6_996155de:60,union|44b6_996155de:60|2,0,-12.388584532748652
geometry_1_05_focus0,44b6_996155de,44b6_996155de:60,union|44b6_996155de:60|3,0,-10.408502101851665
geometry_1_05_focus0,44b6_996155de,44b6_996155de:60,union|44b6_996155de:60|4,0,-14.873551564836918
geometry_1_05_focus0,44b6_996155de,44b6_996155de:60,union|44b6_996155de:60|5,0,-13.449331533049945
geometry_1_05_focus0,44b6_9be80b04,44b6_9be80b04:155,union|44b6_9be80b04:155|0,0,-19.705665745388764
geometry_1_05_focus0,44b6_9be80b04,44b6_9be80b04:155,union|44b6_9be80b04:155|1,0,-22.687719764328634
geometry_1_05_focus0,44b6_9be80b04,44b6_9be80b04:155,union|44b6_9be80b04:155|2,0,-25.11401493486072
geometry_1_05_focus0,44b6_9be80b04,44b6_9be80b04:155,union|44b6_9be80b04:155|3,0,-19.310640171614644
geometry_1_05_focus0,44b6_9be80b04,44b6_9be80b04:155,union|44b6_9be80b04:155|4,0,-21.07546193673268
geometry_1_05_focus0,44b6_9be80b04,44b6_9be80b04:155,union|44b6_9be80b04:155|5,0,-24.08111215118555
geometry_1_05_focus0,44b6_9be80b04,44b6_9be80b04:155,union|44b6_9be80b04:155|6,0,-23.495743281752702
geometry_1_05_focus0,44b6_9be80b04,44b6_9be80b04:155,union|44b6_9be80b04:155|7,0,-24.840288017051677
geometry_1_05_focus0,44b6_9be80b04,44b6_9be80b04:155,union|44b6_9be80b04:155|8,0,-21.416748293457516
geometry_1_05_focus0,44b6_9be80b04,44b6_9be80b04:155,union|44b6_9be80b04:155|9,0,-22.666769443780737
geometry_1_05_focus0,44b6_9be80b04,44b6_9be80b04:155,union|44b6_9be80b04:155|10,0,-19.557258406982413
geometry_1_05_focus0,44b6_9be80b04,44b6_9be80b04:155,union|44b6_9be80b04:155|11,0,-22.15239168347119
geometry_1_05_focus0,44b6_9be80b04,44b6_9be80b04:155,union|44b6_9be80b04:155|12,0,-24.823037870392866
geometry_1_05_focus0,44b6_9be80b04,44b6_9be80b04:155,union|44b6_9be80b04:155|13,0,-17.520383950571066
geometry_1_05_focus0,44b6_9be80b04,44b6_9be80b04:155,union|44b6_9be80b04:155|14,0,-17.32880187975862
geometry_1_05_focus0,44b6_9be80b04,44b6_9be80b04:155,union|44b6_9be80b04:155|15,0,-20.219709479087513
geometry_1_05_focus0,44b6_9be80b04,44b6_9be80b04:155,union|44b6_9be80b04:155|16,0,-21.29127855894427
geometry_1_05_focus0,44b6_9be80b04,44b6_9be80b04:155,union|44b6_9be80b04:155|17,0,-22.953134385408916
geometry_1_05_focus0,44b6_9be80b04,44b6_9be80b04:155,union|44b6_9be80b04:155|18,0,-21.245999485818587
geometry_1_05_focus0,44b6_9be80b04,44b6_9be80b04:155,union|44b6_9be80b04:155|19,0,-22.729671370537837
geometry_1_05_focus0,44b6_9be80b04,44b6_9be80b04:155,union|44b6_9be80b04:155|20,0,-23.79625341248986
geometry_1_05_focus0,44b6_9be80b04,44b6_9be80b04:155,union|44b6_9be80b04:155|21,0,-21.076797465772653
geometry_1_05_focus0,44b6_9be80b04,44b6_9be80b04:155,union|44b6_9be80b04:155|22,0,-23.008274625704814
geometry_1_05_focus0,44b6_9be80b04,44b6_9be80b04:155,union|44b6_9be80b04:155|23,0,-23.662994935252883
geometry_1_05_focus0,44b6_9be80b04,44b6_9be80b04:155,union|44b6_9be80b04:155|24,0,-20.481038815909447
geometry_1_05_focus0,44b6_9be80b04,44b6_9be80b04:155,union|44b6_9be80b04:155|25,0,-25.50458204620654
geometry_1_05_focus0,44b6_9be80b04,44b6_9be80b04:155,union|44b6_9be80b04:155|26,0,-25.224413096738253
geometry_1_05_focus0,44b6_9be80b04,44b6_9be80b04:155,union|44b6_9be80b04:155|27,0,-17.700242100760608
geometry_1_05_focus0,44b6_9be80b04,44b6_9be80b04:155,union|44b6_9be80b04:155|28,0,-19.585946839917153
geometry_1_05_focus0,44b6_9be80b04,44b6_9be80b04:155,union|44b6_9be80b04:155|29,0,-18.436898320489014
geometry_1_05_focus0,44b6_9be80b04,44b6_9be80b04:155,union|44b6_9be80b04:155|30,0,-19.03748358502247
geometry_1_05_focus0,44b6_9be80b04,44b6_9be80b04:155,union|44b6_9be80b04:155|31,0,-21.60612775917417
geometry_1_05_focus0,44b6_9be80b04,44b6_9be80b04:155,union|44b6_9be80b04:155|32,0,-21.096221074989053
geometry_1_05_focus0,44b6_9be80b04,44b6_9be80b04:155,union|44b6_9be80b04:155|33,0,-21.29127855894427
geometry_1_05_focus0,44b6_9be80b04,44b6_9be80b04:155,union|44b6_9be80b04:155|34,0,-19.936200148042662
geometry_1_05_focus0,44b6_9be80b04,44b6_9be80b04:155,union|44b6_9be80b04:155|35,0,-19.5820202329622
geometry_1_05_focus0,44b6_9be80b04,44b6_9be80b04:155,union|44b6_9be80b04:155|36,0,-20.48804696278848
geometry_1_05_focus0,44b6_9be80b04,44b6_9be80b04:155,union|44b6_9be80b04:155|37,0,-22.45662662591882
geometry_1_05_focus0,44b6_9be80b04,44b6_9be80b04:155,union|44b6_9be80b04:155|38,0,-24.02475278582417
geometry_1_05_focus0,44b6_9be80b04,44b6_9be80b04:155,union|44b6_9be80b04:155|39,0,-23.943226911398746
geometry_1_05_focus0,44b6_9be80b04,44b6_9be80b04:155,union|44b6_9be80b04:155|40,0,-21.265585269965875
geometry_1_05_focus0,44b6_9be80b04,44b6_9be80b04:155,union|44b6_9be80b04:155|41,0,-23.351994322320206
geometry_1_05_focus0,44b6_9be80b04,44b6_9be80b04:155,union|44b6_9be80b04:155|42,0,-20.344165974072155
geometry_1_05_focus0,44b6_9be80b04,44b6_9be80b04:155,union|44b6_9be80b04:155|43,0,-23.390126929248744
geometry_1_05_focus0,44b6_9be80b04,44b6_9be80b04:155,union|44b6_9be80b04:155|44,0,-20.955931769616548
geometry_1_05_focus0,44b6_9be80b04,44b6_9be80b04:155,union|44b6_9be80b04:155|45,0,-21.534570329583534
geometry_1_05_focus0,44b6_9be80b04,44b6_9be80b04:155,union|44b6_9be80b04:155|46,0,-18.209983350004574
geometry_1_05_focus0,44b6_9be80b04,44b6_9be80b04:155,union|44b6_9be80b04:155|47,0,-20.653010198086907
geometry_1_05_focus0,44b6_9be80b04,44b6_9be80b04:155,union|44b6_9be80b04:155|48,0,-20.56697450527669
geometry_1_05_focus0,44b6_9be80b04,44b6_9be80b04:155,union|44b6_9be80b04:155|49,0,-24.35449760196524
geometry_1_05_focus0,44b6_9be80b04,44b6_9be80b04:155,union|44b6_9be80b04:155|50,0,-24.072580922413678
geometry_1_05_focus0,44b6_9be80b04,44b6_9be80b04:155,union|44b6_9be80b04:155|51,0,-11.790989438347397
geometry_1_05_focus0,44b6_9be80b04,44b6_9be80b04:155,union|44b6_9be80b04:155|52,0,-14.140408095921094
geometry_1_05_focus0,44b6_9be80b04,44b6_9be80b04:155,union|44b6_9be80b04:155|53,0,-19.023483186537895
geometry_1_05_focus0,44b6_9be80b04,44b6_9be80b04:155,union|44b6_9be80b04:155|54,0,-18.404100850447627
geometry_1_05_focus0,44b6_9be80b04,44b6_9be80b04:155,union|44b6_9be80b04:155|55,0,-14.665982096633991
geometry_1_05_focus0,44b6_9be80b04,44b6_9be80b04:155,union|44b6_9be80b04:155|56,0,-19.422403281693953
geometry_1_05_focus0,44b6_9be80b04,44b6_9be80b04:155,union|44b6_9be80b04:155|57,0,-22.989839470401918
geometry_1_05_focus0,44b6_9be80b04,44b6_9be80b04:155,union|44b6_9be80b04:155|58,0,-16.627135690182154
geometry_1_05_focus0,44b6_9be80b04,44b6_9be80b04:155,union|44b6_9be80b04:155|59,0,-23.18985210753293
geometry_1_05_focus0,44b6_9be80b04,44b6_9be80b04:155,union|44b6_9be80b04:155|60,0,-18.200638896480957
geometry_1_05_focus0,44b6_9be80b04,44b6_9be80b04:155,union|44b6_9be80b04:155|61,0,-14.726716133893873
geometry_1_05_focus0,44b6_9be80b04,44b6_9be80b04:155,union|44b6_9be80b04:155|62,0,-23.43560740630516
geometry_1_05_focus0,44b6_9be80b04,44b6_9be80b04:155,union|44b6_9be80b04:155|63,0,-25.34763611309474
geometry_1_05_focus0,44b6_9be80b04,44b6_9be80b04:155,union|44b6_9be80b04:155|64,0,-21.66173400023429
geometry_1_05_focus0,44b6_9be80b04,44b6_9be80b04:155,union|44b6_9be80b04:155|65,0,-24.536623837564505
geometry_1_05_focus0,44b6_9be80b04,44b6_9be80b04:155,union|44b6_9be80b04:155|66,1,-9.017953354794138
geometry_1_05_focus0,44b6_9be80b04,44b6_9be80b04:155,union|44b6_9be80b04:155|67,0,-20.866672077329426
geometry_1_05_focus0,44b6_9be80b04,44b6_9be80b04:155,union|44b6_9be80b04:155|68,0,-18.68639589237455
geometry_1_05_focus0,44b6_9be80b04,44b6_9be80b04:155,union|44b6_9be80b04:155|69,0,-19.0039730057245
geometry_1_05_focus0,44b6_9be80b04,44b6_9be80b04:155,union|44b6_9be80b04:155|70,0,-11.116164960017976
geometry_1_05_focus0,44b6_9be80b04,44b6_9be80b04:155,union|44b6_9be80b04:155|71,0,-16.646073987452173
geometry_1_05_focus0,44b6_9be80b04,44b6_9be80b04:155,union|44b6_9be80b04:155|72,0,-22.91627855894427
geometry_1_05_focus0,44b6_9be80b04,44b6_9be80b04:155,union|44b6_9be80b04:155|73,0,-15.856300253818922
geometry_1_05_focus0,44b6_9be80b04,44b6_9be80b04:155,union|44b6_9be80b04:155|74,0,-23.529816138029005
geometry_1_05_focus0,44b6_9be80b04,44b6_9be80b04:155,union|44b6_9be80b04:155|75,0,-15.775741907099409
geometry_1_05_focus0,44b6_9be80b04,44b6_9be80b04:155,union|44b6_9be80b04:155|76,0,-13.873068653755226
geometry_1_05_focus0,44b6_9be80b04,44b6_9be80b04:155,union|44b6_9be80b04:155|77,0,-22.139554125881723
geometry_1_05_focus0,44b6_9be80b04,44b6_9be80b04:155,union|44b6_9be80b04:155|78,0,-25.208161710998777
geometry_1_05_focus0,44b6_9be80b04,44b6_9be80b04:155,union|44b6_9be80b04:155|79,0,-20.683359788543964
geometry_1_05_focus0,44b6_9be80b04,44b6_9be80b04:155,union|44b6_9be80b04:155|80,0,-24.941629793700415
geometry_1_05_focus0,44b6_9be80b04,44b6_9be80b04:155,union|44b6_9be80b04:155|81,0,-22.65967187847198
geometry_1_05_focus0,44b6_9be80b04,44b6_9be80b04:155,union|44b6_9be80b04:155|82,0,-23.47462518939449
geometry_1_05_focus0,44b6_9be80b04,44b6_9be80b04:155,union|44b6_9be80b04:155|83,0,-20.14356545060393
geometry_1_05_focus0,44b6_9be80b04,44b6_9be80b04:155,union|44b6_9be80b04:155|84,0,-15.08378622257856
geometry_1_05_focus0,44b6_9be80b04,44b6_9be80b04:155,union|44b6_9be80b04:155|85,0,-20.866672077329426
geometry_1_05_focus0,44b6_9be80b04,44b6_9be80b04:155,union|44b6_9be80b04:155|86,0,-11.269737522365624
geometry_1_05_focus0,44b6_9be80b04,44b6_9be80b04:155,union|44b6_9be80b04:155|87,0,-17.501612594078193
geometry_1_05_focus0,44b6_9be80b04,44b6_9be80b04:155,union|44b6_9be80b04:155|88,0,-19.781189157135334
geometry_1_05_focus0,44b6_9be80b04,44b6_9be80b04:155,union|44b6_9be80b04:155|89,0,-16.70142450700957
geometry_1_05_focus0,44b6_9be80b04,44b6_9be80b04:155,union|44b6_9be80b04:155|90,0,-19.918284666640815
geometry_1_05_focus0,44b6_9be80b04,44b6_9be80b04:155,union|44b6_9be80b04:155|91,0,-19.17145478251752
geometry_1_05_focus0,44b6_9be80b04,44b6_9be80b04:155,union|44b6_9be80b04:155|92,0,-16.752824302555904
geometry_1_05_focus0,44b6_9be80b04,44b6_9be80b04:155,union|44b6_9be80b04:155|93,0,-25.134051038881474
geometry_1_05_focus0,44b6_9be80b04,44b6_9be80b04:155,union|44b6_9be80b04:155|94,0,-22.17312507111759
geometry_1_05_focus0,44b6_9be80b04,44b6_9be80b04:155,union|44b6_9be80b04:155|95,0,-23.2705635746364
geometry_1_05_focus0,44b6_9be80b04,44b6_9be80b04:155,union|44b6_9be80b04:155|96,0,-23.172240852339787
geometry_1_05_focus0,44b6_9be80b04,44b6_9be80b04:155,union|44b6_9be80b04:155|97,0,-25.09833726085485
geometry_1_05_focus0,44b6_9be80b04,44b6_9be80b04:155,union|44b6_9be80b04:155|98,0,-19.69058654129813
geometry_1_05_focus0,44b6_9be80b04,44b6_9be80b04:155,union|44b6_9be80b04:155|99,0,-22.815192055070312
geometry_1_05_focus0,44b6_9be80b04,44b6_9be80b04:155,union|44b6_9be80b04:155|100,0,-20.559062832270087
geometry_1_05_focus0,44b6_9be80b04,44b6_9be80b04:155,union|44b6_9be80b04:155|101,0,-18.00837723130187
geometry_1_05_focus0,44b6_9be80b04,44b6_9be80b04:155,union|44b6_9be80b04:155|102,0,-21.769640043141457
geometry_1_05_focus0,44b6_9be80b04,44b6_9be80b04:155,union|44b6_9be80b04:155|103,0,-20.354555550249327
geometry_1_05_focus0,44b6_9be80b04,44b6_9be80b04:155,union|44b6_9be80b04:155|104,0,-22.093548805469457
geometry_1_05_focus0,44b6_9be80b04,44b6_9be80b04:155,union|44b6_9be80b04:155|105,0,-25.33481965199085
geometry_1_05_focus0,44b6_9be80b04,44b6_9be80b04:155,union|44b6_9be80b04:155|106,0,-24.837575562974067
geometry_1_05_focus0,44b6_9be80b04,44b6_9be80b04:155,union|44b6_9be80b04:155|107,0,-21.488222430321837
geometry_1_05_focus0,44b6_9be80b04,44b6_9be80b04:155,union|44b6_9be80b04:155|108,0,-21.876688487308876
geometry_1_05_focus0,44b6_9be80b04,44b6_9be80b04:155,union|44b6_9be80b04:155|109,0,-16.991917470612556
geometry_1_05_focus0,44b6_9be80b04,44b6_9be80b04:155,union|44b6_9be80b04:155|110,0,-20.03234713403621
geometry_1_05_focus0,44b6_9be80b04,44b6_9be80b04:155,union|44b6_9be80b04:155|111,0,-15.9689889749556
geometry_1_05_focus0,44b6_9be80b04,44b6_9be80b04:155,union|44b6_9be80b04:155|112,0,-20.628765077685358
geometry_1_05_focus0,44b6_9be80b04,44b6_9be80b04:155,union|44b6_9be80b04:155|113,0,-17.95929977745928
geometry_1_05_focus0,44b6_9be80b04,44b6_9be80b04:155,union|44b6_9be80b04:155|114,0,-22.965739527908884
geometry_1_05_focus0,44b6_9be80b04,44b6_9be80b04:155,union|44b6_9be80b04:155|115,0,-21.474301787522194
geometry_1_05_focus0,44b6_9be80b04,44b6_9be80b04:155,union|44b6_9be80b04:155|116,0,-18.440012906437104
geometry_1_05_focus0,44b6_9be80b04,44b6_9be80b04:155,union|44b6_9be80b04:155|117,0,-18.076562407533437
geometry_1_05_focus0,44b6_9be80b04,44b6_9be80b04:155,union|44b6_9be80b04:155|118,0,-21.203759371492772
geometry_1_05_focus0,44b6_9be80b04,44b6_9be80b04:155,union|44b6_9be80b04:155|119,0,-22.65390463871971
geometry_1_05_focus0,44b6_9be80b04,44b6_9be80b04:155,union|44b6_9be80b04:155|120,0,-21.45072347455416
geometry_1_05_focus0,44b6_9be80b04,44b6_9be80b04:155,union|44b6_9be80b04:155|121,0,-21.877068019577678
geometry_1_05_focus0,44b6_9be80b04,44b6_9be80b04:155,union|44b6_9be80b04:155|122,0,-18.324570259113948
geometry_1_05_focus0,44b6_9be80b04,44b6_9be80b04:155,union|44b6_9be80b04:155|123,0,-23.567328536348317
geometry_1_05_focus0,44b6_9be80b04,44b6_9be80b04:155,union|44b6_9be80b04:155|124,0,-22.138880620710516
geometry_1_05_focus0,44b6_9be80b04,44b6_9be80b04:155,union|44b6_9be80b04:155|125,0,-14.963331390311474
geometry_1_05_focus0,44b6_9be80b04,44b6_9be80b04:155,union|44b6_9be80b04:155|126,0,-20.579559762710986
geometry_1_05_focus0,44b6_9be80b04,44b6_9be80b04:155,union|44b6_9be80b04:155|127,0,-19.514399550280856
geometry_1_05_focus0,44b6_9be80b04,44b6_9be80b04:155,union|44b6_9be80b04:155|128,0,-23.27545993889938
geometry_1_05_focus0,44b6_9be80b04,44b6_9be80b04:155,union|44b6_9be80b04:155|129,0,-18.237710533034775
geometry_1_05_focus0,44b6_9be80b04,44b6_9be80b04:155,union|44b6_9be80b04:155|130,0,-18.053782551741076
geometry_1_05_focus0,44b6_9be80b04,44b6_9be80b04:155,union|44b6_9be80b04:155|131,0,-19.416956893182856
geometry_1_05_focus0,44b6_9be80b04,44b6_9be80b04:155,union|44b6_9be80b04:155|132,0,-20.88802065790049
geometry_1_05_focus0,44b6_9be80b04,44b6_9be80b04:155,union|44b6_9be80b04:155|133,0,-21.259859004677068
geometry_1_05_focus0,44b6_9be80b04,44b6_9be80b04:155,union|44b6_9be80b04:155|134,0,-21.5237218507158
geometry_1_05_focus0,44b6_9be80b04,44b6_9be80b04:155,union|44b6_9be80b04:155|135,0,-23.896604996727902
geometry_1_05_focus0,44b6_9be80b04,44b6_9be80b04:155,union|44b6_9be80b04:155|136,0,-20.230355968783808
geometry_1_05_focus0,44b6_9be80b04,44b6_9be80b04:155,union|44b6_9be80b04:155|137,0,-16.957302071053952
geometry_1_05_focus0,44b6_9be80b04,44b6_9be80b04:155,union|44b6_9be80b04:155|138,0,-19.177566979779208
geometry_1_05_focus0,44b6_9be80b04,44b6_9be80b04:155,union|44b6_9be80b04:155|139,0,-25.226371607247998
geometry_1_05_focus0,44b6_9be80b04,44b6_9be80b04:155,union|44b6_9be80b04:155|140,0,-20.439923962422448
geometry_1_05_focus0,44b6_9be80b04,44b6_9be80b04:155,union|44b6_9be80b04:155|141,0,-23.157119580377838
geometry_1_05_focus0,44b6_9be80b04,44b6_9be80b04:155,union|44b6_9be80b04:155|142,0,-20.175379515528192
geometry_1_05_focus0,44b6_9be80b04,44b6_9be80b04:155,union|44b6_9be80b04:155|143,0,-22.65116745932609
geometry_1_05_focus0,44b6_9be80b04,44b6_9be80b04:155,union|44b6_9be80b04:155|144,0,-19.094396061433972
geometry_1_05_focus0,44b6_9be80b04,44b6_9be80b04:155,union|44b6_9be80b04:155|145,0,-24.715112381956885
geometry_1_05_focus0,44b6_9be80b04,44b6_9be80b04:155,union|44b6_9be80b04:155|146,0,-20.68196859230159
geometry_1_05_focus0,44b6_9be80b04,44b6_9be80b04:155,union|44b6_9be80b04:155|147,0,-19.518375819197523
geometry_1_05_focus0,44b6_9be80b04,44b6_9be80b04:155,union|44b6_9be80b04:155|148,0,-23.750752676883543
geometry_1_05_focus0,44b6_9be80b04,44b6_9be80b04:155,union|44b6_9be80b04:155|149,0,-18.14058288913296
geometry_1_05_focus0,44b6_9be80b04,44b6_9be80b04:155,union|44b6_9be80b04:155|150,0,-13.719429338357727
geometry_1_05_focus0,44b6_9be80b04,44b6_9be80b04:155,union|44b6_9be80b04:155|151,0,-20.823891373284077
geometry_1_05_focus0,44b6_9be80b04,44b6_9be80b04:155,union|44b6_9be80b04:155|152,0,-22.87369007434661
geometry_1_05_focus0,44b6_9be80b04,44b6_9be80b04:155,union|44b6_9be80b04:155|153,0,-20.54983529357387
geometry_1_05_focus0,44b6_9be80b04,44b6_9be80b04:155,union|44b6_9be80b04:155|154,0,-24.99824780375875
geometry_1_05_focus0,44b6_9be80b04,44b6_9be80b04:155,union|44b6_9be80b04:155|155,0,-20.655696992591064
geometry_1_05_focus0,44b6_9be80b04,44b6_9be80b04:155,union|44b6_9be80b04:155|156,0,-16.022159921230184
geometry_1_05_focus0,44b6_9be80b04,44b6_9be80b04:155,union|44b6_9be80b04:155|157,0,-20.286719016439008
geometry_1_05_focus0,44b6_9be80b04,44b6_9be80b04:155,union|44b6_9be80b04:155|158,0,-21.098084999230313
geometry_1_05_focus0,44b6_9be80b04,44b6_9be80b04:155,union|44b6_9be80b04:155|159,0,-21.6719364815352
geometry_1_05_focus0,44b6_9be80b04,44b6_9be80b04:155,union|44b6_9be80b04:155|160,0,-19.279363818205645
geometry_1_05_focus0,44b6_9be80b04,44b6_9be80b04:155,union|44b6_9be80b04:155|161,0,-25.298193349824345
geometry_1_05_focus0,44b6_9be80b04,44b6_9be80b04:155,union|44b6_9be80b04:155|162,0,-23.431542056855946
geometry_1_05_focus0,44b6_9be80b04,44b6_9be80b04:155,union|44b6_9be80b04:155|163,0,-25.141209349665903
geometry_1_05_focus0,44b6_9be80b04,44b6_9be80b04:155,union|44b6_9be80b04:155|164,0,-23.59162537658346
geometry_1_05_focus0,44b6_9be80b04,44b6_9be80b04:155,union|44b6_9be80b04:155|165,0,-24.07292097645103
geometry_1_05_focus0,44b6_9be80b04,44b6_9be80b04:155,union|44b6_9be80b04:155|166,0,-18.489164900747785
geometry_1_05_focus0,44b6_9be80b04,44b6_9be80b04:155,union|44b6_9be80b04:155|167,0,-24.681517293655055
geometry_1_05_focus0,44b6_9be80b04,44b6_9be80b04:155,union|44b6_9be80b04:155|168,0,-22.358620764567217
geometry_1_05_focus0,44b6_aaf8b0ea,44b6_aaf8b0ea:93,union|44b6_aaf8b0ea:93|0,1,-13.98907605333366
geometry_1_05_focus0,44b6_aaf8b0ea,44b6_aaf8b0ea:93,union|44b6_aaf8b0ea:93|1,0,-20.004155723348312
geometry_1_05_focus0,44b6_aaf8b0ea,44b6_aaf8b0ea:93,union|44b6_aaf8b0ea:93|2,0,-16.92883503254737
geometry_1_05_focus0,44b6_aaf8b0ea,44b6_aaf8b0ea:93,union|44b6_aaf8b0ea:93|3,0,-19.168197107759674
geometry_1_05_focus0,44b6_aaf8b0ea,44b6_aaf8b0ea:93,union|44b6_aaf8b0ea:93|4,0,-16.041679044162663
geometry_1_05_focus0,44b6_c50204e0,44b6_c50204e0:43,union|44b6_c50204e0:43|0,0,-18.792722547957478
geometry_1_05_focus0,44b6_c50204e0,44b6_c50204e0:43,union|44b6_c50204e0:43|1,0,-19.04425974310094
geometry_1_05_focus0,44b6_c50204e0,44b6_c50204e0:43,union|44b6_c50204e0:43|2,0,-23.025099379097917
geometry_1_05_focus0,44b6_c50204e0,44b6_c50204e0:43,union|44b6_c50204e0:43|3,0,-22.11141830785704
geometry_1_05_focus0,44b6_c50204e0,44b6_c50204e0:43,union|44b6_c50204e0:43|4,0,-25.672785974386702
geometry_1_05_focus0,44b6_c50204e0,44b6_c50204e0:43,union|44b6_c50204e0:43|5,0,-25.14769419313757
geometry_1_05_focus0,44b6_c50204e0,44b6_c50204e0:43,union|44b6_c50204e0:43|6,0,-21.971149022573076
geometry_1_05_focus0,44b6_c50204e0,44b6_c50204e0:43,union|44b6_c50204e0:43|7,0,-23.73265255469451
geometry_1_05_focus0,44b6_c50204e0,44b6_c50204e0:43,union|44b6_c50204e0:43|8,0,-23.147283685261662
geometry_1_05_focus0,44b6_c50204e0,44b6_c50204e0:43,union|44b6_c50204e0:43|9,0,-23.187607505520127
geometry_1_05_focus0,44b6_c50204e0,44b6_c50204e0:43,union|44b6_c50204e0:43|10,0,-22.204396316383594
geometry_1_05_focus0,44b6_c50204e0,44b6_c50204e0:43,union|44b6_c50204e0:43|11,0,-22.032958777545417
geometry_1_05_focus0,44b6_c50204e0,44b6_c50204e0:43,union|44b6_c50204e0:43|12,0,-18.722792760429734
geometry_1_05_focus0,44b6_c50204e0,44b6_c50204e0:43,union|44b6_c50204e0:43|13,0,-20.15310606500478
geometry_1_05_focus0,44b6_c50204e0,44b6_c50204e0:43,union|44b6_c50204e0:43|14,0,-19.794361840286488
geometry_1_05_focus0,44b6_c50204e0,44b6_c50204e0:43,union|44b6_c50204e0:43|15,0,-23.067459536603067
geometry_1_05_focus0,44b6_c50204e0,44b6_c50204e0:43,union|44b6_c50204e0:43|16,0,-21.889200015260553
geometry_1_05_focus0,44b6_c50204e0,44b6_c50204e0:43,union|44b6_c50204e0:43|17,0,-16.624815195080625
geometry_1_05_focus0,44b6_c50204e0,44b6_c50204e0:43,union|44b6_c50204e0:43|18,0,-22.382130055180518
geometry_1_05_focus0,44b6_c50204e0,44b6_c50204e0:43,union|44b6_c50204e0:43|19,0,-21.761485854442522
geometry_1_05_focus0,44b6_c50204e0,44b6_c50204e0:43,union|44b6_c50204e0:43|20,0,-18.284272438477554
geometry_1_05_focus0,44b6_c50204e0,44b6_c50204e0:43,union|44b6_c50204e0:43|21,0,-19.928547344589727
geometry_1_05_focus0,44b6_c50204e0,44b6_c50204e0:43,union|44b6_c50204e0:43|22,0,-23.233672955976846
geometry_1_05_focus0,44b6_c50204e0,44b6_c50204e0:43,union|44b6_c50204e0:43|23,0,-21.887229323803545
geometry_1_05_focus0,44b6_c50204e0,44b6_c50204e0:43,union|44b6_c50204e0:43|24,0,-23.51132143031562
geometry_1_05_focus0,44b6_c50204e0,44b6_c50204e0:43,union|44b6_c50204e0:43|25,0,-19.347116658273332
geometry_1_05_focus0,44b6_c50204e0,44b6_c50204e0:43,union|44b6_c50204e0:43|26,0,-21.82366882300981
geometry_1_05_focus0,44b6_c50204e0,44b6_c50204e0:43,union|44b6_c50204e0:43|27,0,-16.303339861809448
geometry_1_05_focus0,44b6_c50204e0,44b6_c50204e0:43,union|44b6_c50204e0:43|28,0,-21.464459818249466
geometry_1_05_focus0,44b6_c50204e0,44b6_c50204e0:43,union|44b6_c50204e0:43|29,0,-19.8254961768113
geometry_1_05_focus0,44b6_c50204e0,44b6_c50204e0:43,union|44b6_c50204e0:43|30,0,-23.531909031859296
geometry_1_05_focus0,44b6_c50204e0,44b6_c50204e0:43,union|44b6_c50204e0:43|31,0,-20.446293216603586
geometry_1_05_focus0,44b6_c50204e0,44b6_c50204e0:43,union|44b6_c50204e0:43|32,0,-19.196842912763874
geometry_1_05_focus0,44b6_c50204e0,44b6_c50204e0:43,union|44b6_c50204e0:43|33,0,-21.09788650701531
geometry_1_05_focus0,44b6_c50204e0,44b6_c50204e0:43,union|44b6_c50204e0:43|34,0,-22.50035045032675
geometry_1_05_focus0,44b6_c50204e0,44b6_c50204e0:43,union|44b6_c50204e0:43|35,0,-18.797316807974617
geometry_1_05_focus0,44b6_c50204e0,44b6_c50204e0:43,union|44b6_c50204e0:43|36,0,-21.5184674532578
geometry_1_05_focus0,44b6_c50204e0,44b6_c50204e0:43,union|44b6_c50204e0:43|37,0,-19.523328506652867
geometry_1_05_focus0,44b6_c50204e0,44b6_c50204e0:43,union|44b6_c50204e0:43|38,0,-19.10498285741742
geometry_1_05_focus0,44b6_c50204e0,44b6_c50204e0:43,union|44b6_c50204e0:43|39,0,-22.504091425224004
geometry_1_05_focus0,44b6_c50204e0,44b6_c50204e0:43,union|44b6_c50204e0:43|40,0,-23.373558975588956
geometry_1_05_focus0,44b6_c50204e0,44b6_c50204e0:43,union|44b6_c50204e0:43|41,0,-20.870775527086494
geometry_1_05_focus0,44b6_c50204e0,44b6_c50204e0:43,union|44b6_c50204e0:43|42,0,-21.620214475673087
geometry_1_05_focus0,44b6_c50204e0,44b6_c50204e0:43,union|44b6_c50204e0:43|43,0,-22.157185737988414
geometry_1_05_focus0,44b6_c50204e0,44b6_c50204e0:43,union|44b6_c50204e0:43|44,0,-23.686542459034
geometry_1_05_focus0,44b6_c50204e0,44b6_c50204e0:43,union|44b6_c50204e0:43|45,0,-21.06230209096926
geometry_1_05_focus0,44b6_c50204e0,44b6_c50204e0:43,union|44b6_c50204e0:43|46,0,-23.418300557280183
geometry_1_05_focus0,44b6_c50204e0,44b6_c50204e0:43,union|44b6_c50204e0:43|47,0,-24.20463482726432
geometry_1_05_focus0,44b6_c50204e0,44b6_c50204e0:43,union|44b6_c50204e0:43|48,0,-22.23843675365785
geometry_1_05_focus0,44b6_c50204e0,44b6_c50204e0:43,union|44b6_c50204e0:43|49,0,-23.798299172600046
geometry_1_05_focus0,44b6_c50204e0,44b6_c50204e0:43,union|44b6_c50204e0:43|50,0,-18.68024266040633
geometry_1_05_focus0,44b6_c50204e0,44b6_c50204e0:43,union|44b6_c50204e0:43|51,0,-17.41940003787933
geometry_1_05_focus0,44b6_c50204e0,44b6_c50204e0:43,union|44b6_c50204e0:43|52,0,-25.02068213523718
geometry_1_05_focus0,44b6_c50204e0,44b6_c50204e0:43,union|44b6_c50204e0:43|53,0,-17.894652523126123
geometry_1_05_focus0,44b6_c50204e0,44b6_c50204e0:43,union|44b6_c50204e0:43|54,0,-17.146831319580684
geometry_1_05_focus0,44b6_c50204e0,44b6_c50204e0:43,union|44b6_c50204e0:43|55,0,-15.704672754824587
geometry_1_05_focus0,44b6_c50204e0,44b6_c50204e0:43,union|44b6_c50204e0:43|56,0,-21.154584262835645
geometry_1_05_focus0,44b6_c50204e0,44b6_c50204e0:43,union|44b6_c50204e0:43|57,0,-22.405492872792983
geometry_1_05_focus0,44b6_c50204e0,44b6_c50204e0:43,union|44b6_c50204e0:43|58,0,-22.65390463871971
geometry_1_05_focus0,44b6_c50204e0,44b6_c50204e0:43,union|44b6_c50204e0:43|59,0,-21.366347497083225
geometry_1_05_focus0,44b6_c50204e0,44b6_c50204e0:43,union|44b6_c50204e0:43|60,0,-20.492607951164874
geometry_1_05_focus0,44b6_c50204e0,44b6_c50204e0:43,union|44b6_c50204e0:43|61,0,-22.504091425224004
geometry_1_05_focus0,44b6_c50204e0,44b6_c50204e0:43,union|44b6_c50204e0:43|62,0,-19.735380368625734
geometry_1_05_focus0,44b6_c50204e0,44b6_c50204e0:43,union|44b6_c50204e0:43|63,0,-23.632439304904604
geometry_1_05_focus0,44b6_c50204e0,44b6_c50204e0:43,union|44b6_c50204e0:43|64,0,-22.884618101359166
geometry_1_05_focus0,44b6_c50204e0,44b6_c50204e0:43,union|44b6_c50204e0:43|65,0,-23.960807299022257
geometry_1_05_focus0,44b6_c50204e0,44b6_c50204e0:43,union|44b6_c50204e0:43|66,0,-22.152590934237665
geometry_1_05_focus0,44b6_c50204e0,44b6_c50204e0:43,union|44b6_c50204e0:43|67,0,-22.649250653171908
geometry_1_05_focus0,44b6_c50204e0,44b6_c50204e0:43,union|44b6_c50204e0:43|68,0,-20.56177436037151
geometry_1_05_focus0,44b6_c50204e0,44b6_c50204e0:43,union|44b6_c50204e0:43|69,0,-17.7451699526144
geometry_1_05_focus0,44b6_c50204e0,44b6_c50204e0:43,union|44b6_c50204e0:43|70,0,-25.672785974386702
geometry_1_05_focus0,44b6_c50204e0,44b6_c50204e0:43,union|44b6_c50204e0:43|71,0,-21.725590784637067
geometry_1_05_focus0,44b6_c50204e0,44b6_c50204e0:43,union|44b6_c50204e0:43|72,0,-25.12516664477309
geometry_1_05_focus0,44b6_c50204e0,44b6_c50204e0:43,union|44b6_c50204e0:43|73,0,-24.15952488824381
geometry_1_05_focus0,44b6_c50204e0,44b6_c50204e0:43,union|44b6_c50204e0:43|74,0,-24.692459536603067
geometry_1_05_focus0,44b6_c50204e0,44b6_c50204e0:43,union|44b6_c50204e0:43|75,0,-21.725590784637067
geometry_1_05_focus0,44b6_c50204e0,44b6_c50204e0:43,union|44b6_c50204e0:43|76,0,-24.43008561637851
geometry_1_05_focus0,44b6_c50204e0,44b6_c50204e0:43,union|44b6_c50204e0:43|77,0,-24.88292032968371
geometry_1_05_focus0,44b6_c50204e0,44b6_c50204e0:43,union|44b6_c50204e0:43|78,0,-24.73558682310904
geometry_1_05_focus0,44b6_c50204e0,44b6_c50204e0:43,union|44b6_c50204e0:43|79,0,-22.506025043483355
geometry_1_05_focus0,44b6_c50204e0,44b6_c50204e0:43,union|44b6_c50204e0:43|80,0,-21.880803760084554
geometry_1_05_focus0,44b6_c50204e0,44b6_c50204e0:43,union|44b6_c50204e0:43|81,0,-22.545762158076947
geometry_1_05_focus0,44b6_c50204e0,44b6_c50204e0:43,union|44b6_c50204e0:43|82,0,-23.47943291239953
geometry_1_05_focus0,44b6_c50204e0,44b6_c50204e0:43,union|44b6_c50204e0:43|83,0,-20.272168498094707
geometry_1_05_focus0,44b6_c50204e0,44b6_c50204e0:43,union|44b6_c50204e0:43|84,0,-19.854637334174985
geometry_1_05_focus0,44b6_c50204e0,44b6_c50204e0:43,union|44b6_c50204e0:43|85,0,-9.263490736021819
geometry_1_05_focus0,44b6_c50204e0,44b6_c50204e0:43,union|44b6_c50204e0:43|86,1,-12.184333918865047
geometry_1_05_focus0,44b6_c50204e0,44b6_c50204e0:43,union|44b6_c50204e0:43|87,0,-19.888482254111047
geometry_1_05_focus0,44b6_c50204e0,44b6_c50204e0:43,union|44b6_c50204e0:43|88,0,-15.548755527182934
geometry_1_05_focus0,44b6_c50204e0,44b6_c50204e0:43,union|44b6_c50204e0:43|89,0,-22.358106636391344
geometry_1_05_focus0,44b6_c50204e0,44b6_c50204e0:43,union|44b6_c50204e0:43|90,0,-22.144302501104992
geometry_1_05_focus0,44b6_c50204e0,44b6_c50204e0:43,union|44b6_c50204e0:43|91,0,-23.547125814059733
geometry_1_05_focus0,44b6_c50204e0,44b6_c50204e0:43,union|44b6_c50204e0:43|92,0,-18.25813038939969
geometry_1_05_focus0,44b6_c50204e0,44b6_c50204e0:43,union|44b6_c50204e0:43|93,0,-21.040261303214514
geometry_1_05_focus0,44b6_c50204e0,44b6_c50204e0:43,union|44b6_c50204e0:43|94,0,-24.297856117105965
geometry_1_05_focus0,44b6_c50204e0,44b6_c50204e0:43,union|44b6_c50204e0:43|95,0,-23.70662352802742
geometry_1_05_focus0,44b6_c50204e0,44b6_c50204e0:43,union|44b6_c50204e0:43|96,0,-22.734739724976507
geometry_1_05_focus0,44b6_c50204e0,44b6_c50204e0:43,union|44b6_c50204e0:43|97,0,-25.23357844686644
geometry_1_05_focus0,44b6_c50204e0,44b6_c50204e0:43,union|44b6_c50204e0:43|98,0,-19.559056948114986
geometry_1_05_focus0,44b6_c50204e0,44b6_c50204e0:43,union|44b6_c50204e0:43|99,0,-21.963921171749355
geometry_1_05_focus0,44b6_c50204e0,44b6_c50204e0:43,union|44b6_c50204e0:43|100,0,-25.064827808894584
geometry_1_05_focus0,44b6_c50204e0,44b6_c50204e0:43,union|44b6_c50204e0:43|101,0,-19.08654452905518
geometry_1_05_focus0,44b6_c50204e0,44b6_c50204e0:43,union|44b6_c50204e0:43|102,0,-18.89259246355328
geometry_1_05_focus0,44b6_c50204e0,44b6_c50204e0:43,union|44b6_c50204e0:43|103,0,-18.070279934368735
geometry_1_05_focus0,44b6_c50204e0,44b6_c50204e0:43,union|44b6_c50204e0:43|104,0,-22.801181848316645
geometry_1_05_focus0,44b6_c50204e0,44b6_c50204e0:43,union|44b6_c50204e0:43|105,0,-15.715979495705302
geometry_1_05_focus0,44b6_c50204e0,44b6_c50204e0:43,union|44b6_c50204e0:43|106,0,-10.041605391626797
geometry_1_05_focus0,44b6_c50204e0,44b6_c50204e0:43,union|44b6_c50204e0:43|107,0,-18.634763535308984
geometry_1_05_focus0,44b6_c50204e0,44b6_c50204e0:43,union|44b6_c50204e0:43|108,0,-15.096720673267725
geometry_1_05_focus0,44b6_c50204e0,44b6_c50204e0:43,union|44b6_c50204e0:43|109,0,-23.79625341248986
geometry_1_05_focus0,44b6_c50204e0,44b6_c50204e0:43,union|44b6_c50204e0:43|110,0,-25.23357844686644
geometry_1_05_focus0,44b6_c50204e0,44b6_c50204e0:43,union|44b6_c50204e0:43|111,0,-22.016884797087567
geometry_1_05_focus0,44b6_c50204e0,44b6_c50204e0:43,union|44b6_c50204e0:43|112,0,-21.686830355604695
geometry_1_05_focus0,44b6_c50204e0,44b6_c50204e0:43,union|44b6_c50204e0:43|113,0,-23.31019008643951
geometry_1_05_focus0,44b6_c50204e0,44b6_c50204e0:43,union|44b6_c50204e0:43|114,0,-18.046536063799195
geometry_1_05_focus0,44b6_c50204e0,44b6_c50204e0:43,union|44b6_c50204e0:43|115,0,-20.004559726652897
geometry_1_05_focus0,44b6_c50204e0,44b6_c50204e0:43,union|44b6_c50204e0:43|116,0,-15.148524209228167
geometry_1_05_focus0,44b6_c50204e0,44b6_c50204e0:43,union|44b6_c50204e0:43|117,0,-20.920781602014763
geometry_1_05_focus0,44b6_c50204e0,44b6_c50204e0:43,union|44b6_c50204e0:43|118,0,-25.19989918858959
geometry_1_05_focus0,44b6_c50204e0,44b6_c50204e0:43,union|44b6_c50204e0:43|119,0,-24.500129751913747
geometry_1_05_focus0,44b6_c50204e0,44b6_c50204e0:43,union|44b6_c50204e0:43|120,0,-22.767309792887744
geometry_1_05_focus0,44b6_c50204e0,44b6_c50204e0:43,union|44b6_c50204e0:43|121,0,-20.466332940434373
geometry_1_05_focus0,44b6_c50204e0,44b6_c50204e0:43,union|44b6_c50204e0:43|122,0,-18.23354310442622
geometry_1_05_focus0,44b6_c50204e0,44b6_c50204e0:43,union|44b6_c50204e0:43|123,0,-24.21036920956886
geometry_1_05_focus0,44b6_c50204e0,44b6_c50204e0:43,union|44b6_c50204e0:43|124,0,-24.05309706616775
geometry_1_05_focus0,44b6_c50204e0,44b6_c50204e0:43,union|44b6_c50204e0:43|125,0,-19.140423775979166
geometry_1_05_focus0,44b6_c50204e0,44b6_c50204e0:43,union|44b6_c50204e0:43|126,0,-21.015234964692834
geometry_1_05_focus0,44b6_c50204e0,44b6_c50204e0:43,union|44b6_c50204e0:43|127,0,-18.957708984947647
geometry_1_05_focus0,44b6_c50204e0,44b6_c50204e0:43,union|44b6_c50204e0:43|128,0,-21.657034513464094
geometry_1_05_focus0,44b6_c50204e0,44b6_c50204e0:43,union|44b6_c50204e0:43|129,0,-17.32880187975862
geometry_1_05_focus0,44b6_c50204e0,44b6_c50204e0:43,union|44b6_c50204e0:43|130,0,-23.702010302909123
geometry_1_05_focus0,44b6_c50204e0,44b6_c50204e0:43,union|44b6_c50204e0:43|131,0,-23.92983063900093
geometry_1_05_focus0,44b6_c50204e0,44b6_c50204e0:43,union|44b6_c50204e0:43|132,0,-20.985825859611257
geometry_1_05_focus0,44b6_c50204e0,44b6_c50204e0:43,union|44b6_c50204e0:43|133,0,-23.541103593320848
geometry_1_05_focus0,44b6_c50204e0,44b6_c50204e0:43,union|44b6_c50204e0:43|134,0,-19.559056948114986
geometry_1_05_focus0,44b6_c50204e0,44b6_c50204e0:43,union|44b6_c50204e0:43|135,0,-19.559056948114986
geometry_1_05_focus0,44b6_c50204e0,44b6_c50204e0:43,union|44b6_c50204e0:43|136,0,-22.28096516161731
geometry_1_05_focus0,44b6_c50204e0,44b6_c50204e0:184,union|44b6_c50204e0:184|0,0,-18.87182473121878
geometry_1_05_focus0,44b6_c50204e0,44b6_c50204e0:184,union|44b6_c50204e0:184|1,0,-21.132629937783047
geometry_1_05_focus0,44b6_c50204e0,44b6_c50204e0:184,union|44b6_c50204e0:184|2,0,-22.506025043483355
geometry_1_05_focus0,44b6_c50204e0,44b6_c50204e0:184,union|44b6_c50204e0:184|3,0,-19.47317269438612
geometry_1_05_focus0,44b6_c50204e0,44b6_c50204e0:184,union|44b6_c50204e0:184|4,0,-23.967212812438884
geometry_1_05_focus0,44b6_c50204e0,44b6_c50204e0:184,union|44b6_c50204e0:184|5,0,-20.780635034747718
geometry_1_05_focus0,44b6_c50204e0,44b6_c50204e0:184,union|44b6_c50204e0:184|6,0,-20.595821157048366
geometry_1_05_focus0,44b6_c50204e0,44b6_c50204e0:184,union|44b6_c50204e0:184|7,0,-24.943848987128856
geometry_1_05_focus0,44b6_c50204e0,44b6_c50204e0:184,union|44b6_c50204e0:184|8,0,-21.72785073722658
geometry_1_05_focus0,44b6_c50204e0,44b6_c50204e0:184,union|44b6_c50204e0:184|9,0,-21.518034988106407
geometry_1_05_focus0,44b6_c50204e0,44b6_c50204e0:184,union|44b6_c50204e0:184|10,0,-23.373558975588956
geometry_1_05_focus0,44b6_c50204e0,44b6_c50204e0:184,union|44b6_c50204e0:184|11,0,-22.77690484389522
geometry_1_05_focus0,44b6_c50204e0,44b6_c50204e0:184,union|44b6_c50204e0:184|12,0,-24.30457516605663
geometry_1_05_focus0,44b6_c50204e0,44b6_c50204e0:184,union|44b6_c50204e0:184|13,0,-18.703240518617676
geometry_1_05_focus0,44b6_c50204e0,44b6_c50204e0:184,union|44b6_c50204e0:184|14,0,-23.395277552522693
geometry_1_05_focus0,44b6_c50204e0,44b6_c50204e0:184,union|44b6_c50204e0:184|15,0,-20.757130055180518
geometry_1_05_focus0,44b6_c50204e0,44b6_c50204e0:184,union|44b6_c50204e0:184|16,0,-22.94710982348205
geometry_1_05_focus0,44b6_c50204e0,44b6_c50204e0:184,union|44b6_c50204e0:184|17,0,-18.516775613464937
geometry_1_05_focus0,44b6_c50204e0,44b6_c50204e0:184,union|44b6_c50204e0:184|18,0,-18.792972807332138
geometry_1_05_focus0,44b6_c50204e0,44b6_c50204e0:184,union|44b6_c50204e0:184|19,0,-22.10608646092908
geometry_1_05_focus0,44b6_c50204e0,44b6_c50204e0:184,union|44b6_c50204e0:184|20,0,-22.01163309825101
geometry_1_05_focus0,44b6_c50204e0,44b6_c50204e0:184,union|44b6_c50204e0:184|21,0,-20.520045750336255
geometry_1_05_focus0,44b6_c50204e0,44b6_c50204e0:184,union|44b6_c50204e0:184|22,0,-24.98745649296415
geometry_1_05_focus0,44b6_c50204e0,44b6_c50204e0:184,union|44b6_c50204e0:184|23,0,-24.08069096663817
geometry_1_05_focus0,44b6_c50204e0,44b6_c50204e0:184,union|44b6_c50204e0:184|24,0,-24.297856117105965
geometry_1_05_focus0,44b6_c50204e0,44b6_c50204e0:184,union|44b6_c50204e0:184|25,0,-24.979471431128925
geometry_1_05_focus0,44b6_c50204e0,44b6_c50204e0:184,union|44b6_c50204e0:184|26,0,-20.727910447565204
geometry_1_05_focus0,44b6_c50204e0,44b6_c50204e0:184,union|44b6_c50204e0:184|27,0,-23.10774903848982
geometry_1_05_focus0,44b6_c50204e0,44b6_c50204e0:184,union|44b6_c50204e0:184|28,0,-18.987364936356563
geometry_1_05_focus0,44b6_c50204e0,44b6_c50204e0:184,union|44b6_c50204e0:184|29,0,-19.724021156084966
geometry_1_05_focus0,44b6_c50204e0,44b6_c50204e0:184,union|44b6_c50204e0:184|30,0,-18.04127855894427
geometry_1_05_focus0,44b6_c50204e0,44b6_c50204e0:184,union|44b6_c50204e0:184|31,0,-18.785593382712705
geometry_1_05_focus0,44b6_c50204e0,44b6_c50204e0:184,union|44b6_c50204e0:184|32,0,-23.582981488956825
geometry_1_05_focus0,44b6_c50204e0,44b6_c50204e0:184,union|44b6_c50204e0:184|33,0,-19.89386784398469
geometry_1_05_focus0,44b6_c50204e0,44b6_c50204e0:184,union|44b6_c50204e0:184|34,0,-22.46152759743409
geometry_1_05_focus0,44b6_c50204e0,44b6_c50204e0:184,union|44b6_c50204e0:184|35,0,-24.96081744445332
geometry_1_05_focus0,44b6_c50204e0,44b6_c50204e0:184,union|44b6_c50204e0:184|36,0,-23.9599143006243
geometry_1_05_focus0,44b6_c50204e0,44b6_c50204e0:184,union|44b6_c50204e0:184|37,0,-16.205624975877626
geometry_1_05_focus0,44b6_c50204e0,44b6_c50204e0:184,union|44b6_c50204e0:184|38,0,-22.374496519842367
geometry_1_05_focus0,44b6_c50204e0,44b6_c50204e0:184,union|44b6_c50204e0:184|39,0,-18.81956784955298
geometry_1_05_focus0,44b6_c50204e0,44b6_c50204e0:184,union|44b6_c50204e0:184|40,0,-21.07546193673268
geometry_1_05_focus0,44b6_c50204e0,44b6_c50204e0:184,union|44b6_c50204e0:184|41,0,-22.07552466744979
geometry_1_05_focus0,44b6_c50204e0,44b6_c50204e0:184,union|44b6_c50204e0:184|42,0,-19.005984273972217
geometry_1_05_focus0,44b6_c50204e0,44b6_c50204e0:184,union|44b6_c50204e0:184|43,0,-19.707658338382377
geometry_1_05_focus0,44b6_c50204e0,44b6_c50204e0:184,union|44b6_c50204e0:184|44,0,-23.20956381968579
geometry_1_05_focus0,44b6_c50204e0,44b6_c50204e0:184,union|44b6_c50204e0:184|45,0,-17.80080981811484
geometry_1_05_focus0,44b6_c50204e0,44b6_c50204e0:184,union|44b6_c50204e0:184|46,0,-20.312927608570664
geometry_1_05_focus0,44b6_c50204e0,44b6_c50204e0:184,union|44b6_c50204e0:184|47,0,-20.618709804024316
geometry_1_05_focus0,44b6_c50204e0,44b6_c50204e0:184,union|44b6_c50204e0:184|48,0,-19.431814823768438
geometry_1_05_focus0,44b6_c50204e0,44b6_c50204e0:184,union|44b6_c50204e0:184|49,0,-20.3702425971407
geometry_1_05_focus0,44b6_c50204e0,44b6_c50204e0:184,union|44b6_c50204e0:184|50,0,-17.194350598886807
geometry_1_05_focus0,44b6_c50204e0,44b6_c50204e0:184,union|44b6_c50204e0:184|51,0,-20.13564311128928
geometry_1_05_focus0,44b6_c50204e0,44b6_c50204e0:184,union|44b6_c50204e0:184|52,0,-19.5
geometry_1_05_focus0,44b6_c50204e0,44b6_c50204e0:184,union|44b6_c50204e0:184|53,0,-19.890601817456385
geometry_1_05_focus0,44b6_c50204e0,44b6_c50204e0:184,union|44b6_c50204e0:184|54,0,-23.14657189138248
geometry_1_05_focus0,44b6_c50204e0,44b6_c50204e0:184,union|44b6_c50204e0:184|55,0,-22.161954990846137
geometry_1_05_focus0,44b6_c50204e0,44b6_c50204e0:184,union|44b6_c50204e0:184|56,0,-23.924487553085925
geometry_1_05_focus0,44b6_c50204e0,44b6_c50204e0:184,union|44b6_c50204e0:184|57,0,-24.16971385113247
geometry_1_05_focus0,44b6_c50204e0,44b6_c50204e0:184,union|44b6_c50204e0:184|58,0,-22.52016470515867
geometry_1_05_focus0,44b6_c50204e0,44b6_c50204e0:184,union|44b6_c50204e0:184|59,0,-21.470388875044634
geometry_1_05_focus0,44b6_c50204e0,44b6_c50204e0:184,union|44b6_c50204e0:184|60,0,-16.333614233103837
geometry_1_05_focus0,44b6_c50204e0,44b6_c50204e0:184,union|44b6_c50204e0:184|61,0,-24.118750573535454
geometry_1_05_focus0,44b6_c50204e0,44b6_c50204e0:184,union|44b6_c50204e0:184|62,0,-18.30370728389933
geometry_1_05_focus0,44b6_c50204e0,44b6_c50204e0:184,union|44b6_c50204e0:184|63,0,-16.87703149658693
geometry_1_05_focus0,44b6_c50204e0,44b6_c50204e0:184,union|44b6_c50204e0:184|64,0,-20.04127231237247
geometry_1_05_focus0,44b6_c50204e0,44b6_c50204e0:184,union|44b6_c50204e0:184|65,0,-16.333614233103837
geometry_1_05_focus0,44b6_c50204e0,44b6_c50204e0:184,union|44b6_c50204e0:184|66,0,-19.505559461377423
geometry_1_05_focus0,44b6_c50204e0,44b6_c50204e0:184,union|44b6_c50204e0:184|67,0,-18.190531835910097
geometry_1_05_focus0,44b6_c50204e0,44b6_c50204e0:184,union|44b6_c50204e0:184|68,0,-23.702010302909123
geometry_1_05_focus0,44b6_c50204e0,44b6_c50204e0:184,union|44b6_c50204e0:184|69,0,-22.20063027878625
geometry_1_05_focus0,44b6_c50204e0,44b6_c50204e0:184,union|44b6_c50204e0:184|70,0,-20.391720851006312
geometry_1_05_focus0,44b6_c50204e0,44b6_c50204e0:184,union|44b6_c50204e0:184|71,0,-15.724773206583684
geometry_1_05_focus0,44b6_c50204e0,44b6_c50204e0:184,union|44b6_c50204e0:184|72,0,-19.85030072960608
geometry_1_05_focus0,44b6_c50204e0,44b6_c50204e0:184,union|44b6_c50204e0:184|73,0,-18.740369961809275
geometry_1_05_focus0,44b6_c50204e0,44b6_c50204e0:184,union|44b6_c50204e0:184|74,0,-16.51860554742081
geometry_1_05_focus0,44b6_c50204e0,44b6_c50204e0:184,union|44b6_c50204e0:184|75,0,-23.029565351640738
geometry_1_05_focus0,44b6_c50204e0,44b6_c50204e0:184,union|44b6_c50204e0:184|76,0,-20.460372465065184
geometry_1_05_focus0,44b6_c50204e0,44b6_c50204e0:184,union|44b6_c50204e0:184|77,0,-20.960786737429917
geometry_1_05_focus0,44b6_c50204e0,44b6_c50204e0:184,union|44b6_c50204e0:184|78,0,-24.82147107683791
geometry_1_05_focus0,44b6_c50204e0,44b6_c50204e0:184,union|44b6_c50204e0:184|79,0,-23.13010206345166
geometry_1_05_focus0,44b6_c50204e0,44b6_c50204e0:184,union|44b6_c50204e0:184|80,0,-22.089729488236205
geometry_1_05_focus0,44b6_c50204e0,44b6_c50204e0:184,union|44b6_c50204e0:184|81,0,-19.925564579643783
geometry_1_05_focus0,44b6_c50204e0,44b6_c50204e0:184,union|44b6_c50204e0:184|82,0,-18.109755218397435
geometry_1_05_focus0,44b6_c50204e0,44b6_c50204e0:184,union|44b6_c50204e0:184|83,0,-20.043544059531126
geometry_1_05_focus0,44b6_c50204e0,44b6_c50204e0:184,union|44b6_c50204e0:184|84,0,-10.115210416011333
geometry_1_05_focus0,44b6_c50204e0,44b6_c50204e0:184,union|44b6_c50204e0:184|85,0,-22.990199489551937
geometry_1_05_focus0,44b6_c50204e0,44b6_c50204e0:184,union|44b6_c50204e0:184|86,0,-16.68235182732397
geometry_1_05_focus0,44b6_c50204e0,44b6_c50204e0:184,union|44b6_c50204e0:184|87,0,-13.984020822628983
geometry_1_05_focus0,44b6_c50204e0,44b6_c50204e0:184,union|44b6_c50204e0:184|88,0,-18.538531233943473
geometry_1_05_focus0,44b6_c50204e0,44b6_c50204e0:184,union|44b6_c50204e0:184|89,0,-20.50154610573905
geometry_1_05_focus0,44b6_c50204e0,44b6_c50204e0:184,union|44b6_c50204e0:184|90,0,-23.500376519812136
geometry_1_05_focus0,44b6_c50204e0,44b6_c50204e0:184,union|44b6_c50204e0:184|91,0,-23.479580645884926
geometry_1_05_focus0,44b6_c50204e0,44b6_c50204e0:184,union|44b6_c50204e0:184|92,0,-23.51355186896236
geometry_1_05_focus0,44b6_c50204e0,44b6_c50204e0:184,union|44b6_c50204e0:184|93,0,-21.822770145675214
geometry_1_05_focus0,44b6_c50204e0,44b6_c50204e0:184,union|44b6_c50204e0:184|94,0,-24.874933190724448
geometry_1_05_focus0,44b6_c50204e0,44b6_c50204e0:184,union|44b6_c50204e0:184|95,0,-16.3903858729922
geometry_1_05_focus0,44b6_c50204e0,44b6_c50204e0:184,union|44b6_c50204e0:184|96,0,-25.14769419313757
geometry_1_05_focus0,44b6_c50204e0,44b6_c50204e0:184,union|44b6_c50204e0:184|97,0,-24.73558682310904
geometry_1_05_focus0,44b6_c50204e0,44b6_c50204e0:184,union|44b6_c50204e0:184|98,0,-22.77690484389522
geometry_1_05_focus0,44b6_c50204e0,44b6_c50204e0:184,union|44b6_c50204e0:184|99,0,-18.070862621912173
geometry_1_05_focus0,44b6_c50204e0,44b6_c50204e0:184,union|44b6_c50204e0:184|100,0,-21.72785073722658
geometry_1_05_focus0,44b6_c50204e0,44b6_c50204e0:184,union|44b6_c50204e0:184|101,0,-21.676047201266137
geometry_1_05_focus0,44b6_c50204e0,44b6_c50204e0:184,union|44b6_c50204e0:184|102,0,-24.26771933959198
geometry_1_05_focus0,44b6_c50204e0,44b6_c50204e0:184,union|44b6_c50204e0:184|103,0,-23.495743281752702
geometry_1_05_focus0,44b6_c50204e0,44b6_c50204e0:184,union|44b6_c50204e0:184|104,0,-24.700426447762002
geometry_1_05_focus0,44b6_c50204e0,44b6_c50204e0:184,union|44b6_c50204e0:184|105,0,-19.07180008901914
geometry_1_05_focus0,44b6_c50204e0,44b6_c50204e0:184,union|44b6_c50204e0:184|106,0,-20.978648609286676
geometry_1_05_focus0,44b6_c50204e0,44b6_c50204e0:184,union|44b6_c50204e0:184|107,0,-21.266692783145864
geometry_1_05_focus0,44b6_c50204e0,44b6_c50204e0:184,union|44b6_c50204e0:184|108,0,-20.358348149188153
geometry_1_05_focus0,44b6_c50204e0,44b6_c50204e0:184,union|44b6_c50204e0:184|109,0,-23.773967026490258
geometry_1_05_focus0,44b6_c50204e0,44b6_c50204e0:184,union|44b6_c50204e0:184|110,0,-22.178625111855432
geometry_1_05_focus0,44b6_c50204e0,44b6_c50204e0:184,union|44b6_c50204e0:184|111,0,-19.211614009270743
geometry_1_05_focus0,44b6_c50204e0,44b6_c50204e0:184,union|44b6_c50204e0:184|112,0,-19.075245779729475
geometry_1_05_focus0,44b6_c50204e0,44b6_c50204e0:184,union|44b6_c50204e0:184|113,0,-19.081499188909422
geometry_1_05_focus0,44b6_c50204e0,44b6_c50204e0:184,union|44b6_c50204e0:184|114,0,-22.278760573916315
geometry_1_05_focus0,44b6_c50204e0,44b6_c50204e0:184,union|44b6_c50204e0:184|115,0,-23.37240036458305
geometry_1_05_focus0,44b6_c50204e0,44b6_c50204e0:184,union|44b6_c50204e0:184|116,0,-19.9431557638831
geometry_1_05_focus0,44b6_c50204e0,44b6_c50204e0:184,union|44b6_c50204e0:184|117,0,-22.23843675365785
geometry_1_05_focus0,44b6_c50204e0,44b6_c50204e0:184,union|44b6_c50204e0:184|118,0,-21.519598315800366
geometry_1_05_focus0,44b6_c50204e0,44b6_c50204e0:184,union|44b6_c50204e0:184|119,0,-20.11590164620175
geometry_1_05_focus0,44b6_c50204e0,44b6_c50204e0:184,union|44b6_c50204e0:184|120,0,-21.614389279472135
geometry_1_05_focus0,44b6_c50204e0,44b6_c50204e0:184,union|44b6_c50204e0:184|121,0,-15.150090929190995
geometry_1_05_focus0,44b6_c50204e0,44b6_c50204e0:184,union|44b6_c50204e0:184|122,1,-9.839761064056999
geometry_1_05_focus0,44b6_c50204e0,44b6_c50204e0:184,union|44b6_c50204e0:184|123,0,-16.786456405748563
geometry_1_05_focus0,44b6_c50204e0,44b6_c50204e0:184,union|44b6_c50204e0:184|124,0,-19.492682158240733
geometry_1_05_focus0,44b6_c50204e0,44b6_c50204e0:184,union|44b6_c50204e0:184|125,0,-23.251569836627624
geometry_1_05_focus0,44b6_c50204e0,44b6_c50204e0:184,union|44b6_c50204e0:184|126,0,-21.698745682678325
geometry_1_05_focus0,44b6_c50204e0,44b6_c50204e0:184,union|44b6_c50204e0:184|127,0,-21.597922395138063
geometry_1_05_focus0,44b6_c50204e0,44b6_c50204e0:184,union|44b6_c50204e0:184|128,0,-20.00124489592143
geometry_1_05_focus0,44b6_c50204e0,44b6_c50204e0:184,union|44b6_c50204e0:184|129,0,-21.278011833759017
geometry_1_05_focus0,44b6_c50204e0,44b6_c50204e0:184,union|44b6_c50204e0:184|130,0,-23.695418829143918
geometry_1_05_focus0,44b6_c50204e0,44b6_c50204e0:184,union|44b6_c50204e0:184|131,0,-14.514246742843813
geometry_1_05_focus0,44b6_c50204e0,44b6_c50204e0:184,union|44b6_c50204e0:184|132,0,-17.194350598886807
geometry_1_05_focus0,44b6_c50204e0,44b6_c50204e0:184,union|44b6_c50204e0:184|133,0,-24.327521172125543
geometry_1_05_focus0,44b6_c50204e0,44b6_c50204e0:184,union|44b6_c50204e0:184|134,0,-22.15981502759026
geometry_1_05_focus0,44b6_c50204e0,44b6_c50204e0:184,union|44b6_c50204e0:184|135,0,-21.9375
geometry_1_05_focus0,44b6_c50204e0,44b6_c50204e0:184,union|44b6_c50204e0:184|136,0,-19.81304094352178
geometry_1_05_focus0,44b6_c50204e0,44b6_c50204e0:184,union|44b6_c50204e0:184|137,0,-19.952918800995377
geometry_1_05_focus0,44b6_c50204e0,44b6_c50204e0:184,union|44b6_c50204e0:184|138,0,-22.502479768301534
geometry_1_05_focus0,44b6_c50204e0,44b6_c50204e0:184,union|44b6_c50204e0:184|139,0,-21.338315563908047
geometry_1_05_focus0,44b6_c50204e0,44b6_c50204e0:184,union|44b6_c50204e0:184|140,0,-22.4909013024975
geometry_1_05_focus0,44b6_c50204e0,44b6_c50204e0:184,union|44b6_c50204e0:184|141,0,-14.893075489146902
geometry_1_05_focus0,44b6_c50204e0,44b6_c50204e0:184,union|44b6_c50204e0:184|142,0,-15.087027554648797
geometry_1_05_focus0,44b6_c50204e0,44b6_c50204e0:184,union|44b6_c50204e0:184|143,0,-21.138388139999705
geometry_1_05_focus0,44b6_c50204e0,44b6_c50204e0:184,union|44b6_c50204e0:184|144,0,-20.070056383565873
geometry_1_05_focus0,44b6_c50204e0,44b6_c50204e0:184,union|44b6_c50204e0:184|145,0,-17.971171836975515
geometry_1_05_focus0,44b6_c50204e0,44b6_c50204e0:184,union|44b6_c50204e0:184|146,0,-20.290587533764867
geometry_1_05_focus0,44b6_c50204e0,44b6_c50204e0:184,union|44b6_c50204e0:184|147,0,-21.58379402921267
geometry_1_05_focus0,44b6_c50204e0,44b6_c50204e0:184,union|44b6_c50204e0:184|148,0,-15.38822748124123
geometry_1_05_focus0,44b6_c50204e0,44b6_c50204e0:184,union|44b6_c50204e0:184|149,0,-21.689327671539793
geometry_1_05_focus0,44b6_c50204e0,44b6_c50204e0:184,union|44b6_c50204e0:184|150,0,-20.308326846793804
geometry_1_05_focus0,44b6_c50204e0,44b6_c50204e0:184,union|44b6_c50204e0:184|151,0,-23.984261061515188
geometry_1_05_focus0,44b6_c50204e0,44b6_c50204e0:184,union|44b6_c50204e0:184|152,0,-21.847339884699522
geometry_1_05_focus0,44b6_c50204e0,44b6_c50204e0:184,union|44b6_c50204e0:184|153,0,-23.5037089869847
geometry_1_05_focus0,44b6_c50204e0,44b6_c50204e0:184,union|44b6_c50204e0:184|154,0,-25.454638797206876
geometry_1_05_focus0,44b6_c50204e0,44b6_c50204e0:184,union|44b6_c50204e0:184|155,0,-13.10002332081435
geometry_1_05_focus0,44b6_c50204e0,44b6_c50204e0:184,union|44b6_c50204e0:184|156,0,-16.297300018049835
geometry_1_05_focus0,44b6_c50204e0,44b6_c50204e0:184,union|44b6_c50204e0:184|157,0,-23.82066894496159
geometry_1_05_focus0,44b6_c50204e0,44b6_c50204e0:184,union|44b6_c50204e0:184|158,0,-22.512506362769912
geometry_1_05_focus0,44b6_c50204e0,44b6_c50204e0:184,union|44b6_c50204e0:184|159,0,-19.51081471621915
geometry_1_05_focus0,44b6_c50204e0,44b6_c50204e0:184,union|44b6_c50204e0:184|160,0,-20.099060969882096
geometry_1_05_focus0,44b6_c50204e0,44b6_c50204e0:184,union|44b6_c50204e0:184|161,0,-17.997801238183385
geometry_1_05_focus0,44b6_c50204e0,44b6_c50204e0:184,union|44b6_c50204e0:184|162,0,-23.038271136252405
geometry_1_05_focus0,44b6_c50204e0,44b6_c50204e0:184,union|44b6_c50204e0:184|163,0,-15.034242664075588
geometry_1_05_focus0,44b6_c50204e0,44b6_c50204e0:184,union|44b6_c50204e0:184|164,0,-17.235727791422097
geometry_1_05_focus0,44b6_c50204e0,44b6_c50204e0:184,union|44b6_c50204e0:184|165,0,-21.84091097185805
geometry_1_05_focus0,44b6_c50204e0,44b6_c50204e0:184,union|44b6_c50204e0:184|166,0,-17.042870989463147
geometry_1_05_focus0,44b6_c50204e0,44b6_c50204e0:184,union|44b6_c50204e0:184|167,0,-19.542129174435978
geometry_1_05_focus0,44b6_c50204e0,44b6_c50204e0:184,union|44b6_c50204e0:184|168,0,-16.938216150063333
geometry_1_05_focus0,44b6_c50204e0,44b6_c50204e0:184,union|44b6_c50204e0:184|169,0,-23.495743281752702
geometry_1_05_focus0,44b6_c50204e0,44b6_c50204e0:184,union|44b6_c50204e0:184|170,0,-15.246437850853605
geometry_1_05_focus0,44b6_c50204e0,44b6_c50204e0:184,union|44b6_c50204e0:184|171,0,-22.116150234949547
geometry_1_05_focus0,44b6_c50204e0,44b6_c50204e0:184,union|44b6_c50204e0:184|172,0,-22.570081257643377
geometry_1_05_focus0,44b6_c50204e0,44b6_c50204e0:184,union|44b6_c50204e0:184|173,0,-21.783947292782553
geometry_1_05_focus0,44b6_c50204e0,44b6_c50204e0:184,union|44b6_c50204e0:184|174,0,-16.242408353553614
geometry_1_05_focus0,44b6_c50204e0,44b6_c50204e0:184,union|44b6_c50204e0:184|175,0,-21.2453086246324
geometry_1_05_focus0,44b6_c50204e0,44b6_c50204e0:184,union|44b6_c50204e0:184|176,0,-19.292160550731268
geometry_1_05_focus0,44b6_c50204e0,44b6_c50204e0:184,union|44b6_c50204e0:184|177,0,-24.05309706616775
geometry_1_05_focus0,44b6_c50204e0,44b6_c50204e0:184,union|44b6_c50204e0:184|178,0,-23.459443229317827
geometry_1_05_focus0,44b6_c50204e0,44b6_c50204e0:184,union|44b6_c50204e0:184|179,0,-19.791549999117635
geometry_1_05_focus0,44b6_c50204e0,44b6_c50204e0:184,union|44b6_c50204e0:184|180,0,-23.533474912202905
geometry_1_05_focus0,44b6_c50204e0,44b6_c50204e0:184,union|44b6_c50204e0:184|181,0,-19.74669912197679
geometry_1_05_focus0,44b6_c50204e0,44b6_c50204e0:184,union|44b6_c50204e0:184|182,0,-18.438065029546646
geometry_1_05_focus0,44b6_c50204e0,44b6_c50204e0:184,union|44b6_c50204e0:184|183,0,-23.741954566109484
geometry_1_05_focus0,44b6_c50204e0,44b6_c50204e0:184,union|44b6_c50204e0:184|184,0,-24.594144668522475
geometry_1_05_focus0,44b6_c50204e0,44b6_c50204e0:184,union|44b6_c50204e0:184|185,0,-18.31837033703982
geometry_1_05_focus0,44b6_c50204e0,44b6_c50204e0:184,union|44b6_c50204e0:184|186,0,-19.283225431178728
geometry_1_05_focus0,44b6_c50204e0,44b6_c50204e0:184,union|44b6_c50204e0:184|187,0,-20.295772072807427
geometry_1_05_focus0,44b6_c50204e0,44b6_c50204e0:184,union|44b6_c50204e0:184|188,0,-25.11401493486072
geometry_1_05_focus0,44b6_c50204e0,44b6_c50204e0:184,union|44b6_c50204e0:184|189,0,-18.954989184152794
geometry_1_05_focus0,44b6_c50204e0,44b6_c50204e0:184,union|44b6_c50204e0:184|190,0,-19.647026115966888
geometry_1_05_focus0,44b6_c50204e0,44b6_c50204e0:184,union|44b6_c50204e0:184|191,0,-21.07546193673268
geometry_1_05_focus0,44b6_c50204e0,44b6_c50204e0:184,union|44b6_c50204e0:184|192,0,-15.267047550227943
geometry_1_05_focus0,44b6_c50204e0,44b6_c50204e0:184,union|44b6_c50204e0:184|193,0,-20.53275778250617
geometry_1_05_focus0,44b6_c50204e0,44b6_c50204e0:184,union|44b6_c50204e0:184|194,0,-19.103426409387165
geometry_1_05_focus0,44b6_c50204e0,44b6_c50204e0:184,union|44b6_c50204e0:184|195,0,-21.435053011212542
geometry_1_05_focus0,44b6_d2f34f90,44b6_d2f34f90:103,union|44b6_d2f34f90:103|0,0,-19.64921689341309
geometry_1_05_focus0,44b6_d2f34f90,44b6_d2f34f90:103,union|44b6_d2f34f90:103|1,0,-24.387127226618
geometry_1_05_focus0,44b6_d2f34f90,44b6_d2f34f90:103,union|44b6_d2f34f90:103|2,0,-23.992820654558592
geometry_1_05_focus0,44b6_d2f34f90,44b6_d2f34f90:103,union|44b6_d2f34f90:103|3,0,-23.656885822876383
geometry_1_05_focus0,44b6_d2f34f90,44b6_d2f34f90:103,union|44b6_d2f34f90:103|4,0,-21.971149022573076
geometry_1_05_focus0,44b6_d2f34f90,44b6_d2f34f90:103,union|44b6_d2f34f90:103|5,0,-24.62966268881925
geometry_1_05_focus0,44b6_d2f34f90,44b6_d2f34f90:103,union|44b6_d2f34f90:103|6,0,-18.381858653172063
geometry_1_05_focus0,44b6_d2f34f90,44b6_d2f34f90:103,union|44b6_d2f34f90:103|7,0,-22.6616944172868
geometry_1_05_focus0,44b6_d2f34f90,44b6_d2f34f90:103,union|44b6_d2f34f90:103|8,0,-22.97529745657556
geometry_1_05_focus0,44b6_d2f34f90,44b6_d2f34f90:103,union|44b6_d2f34f90:103|9,0,-22.512052794188254
geometry_1_05_focus0,44b6_d2f34f90,44b6_d2f34f90:103,union|44b6_d2f34f90:103|10,0,-15.212407912729983
geometry_1_05_focus0,44b6_d2f34f90,44b6_d2f34f90:103,union|44b6_d2f34f90:103|11,0,-18.479874473753533
geometry_1_05_focus0,44b6_d2f34f90,44b6_d2f34f90:103,union|44b6_d2f34f90:103|12,1,-10.455639659304438
geometry_1_05_focus0,44b6_d2f34f90,44b6_d2f34f90:103,union|44b6_d2f34f90:103|13,0,-13.98907605333366
geometry_1_05_focus0,44b6_d2f34f90,44b6_d2f34f90:103,union|44b6_d2f34f90:103|14,0,-13.706084261186028
geometry_1_05_focus0,44b6_d2f34f90,44b6_d2f34f90:103,union|44b6_d2f34f90:103|15,0,-16.18658029721676
geometry_1_05_focus0,44b6_d2f34f90,44b6_d2f34f90:103,union|44b6_d2f34f90:103|16,0,-19.875240959524973
geometry_1_05_focus0,44b6_d2f34f90,44b6_d2f34f90:103,union|44b6_d2f34f90:103|17,0,-20.843108073030873
geometry_1_05_focus0,44b6_d2f34f90,44b6_d2f34f90:103,union|44b6_d2f34f90:103|18,0,-22.15444336678662
geometry_1_05_focus0,44b6_d2f34f90,44b6_d2f34f90:103,union|44b6_d2f34f90:103|19,0,-24.642187412213886
geometry_1_05_focus0,44b6_d2f34f90,44b6_d2f34f90:103,union|44b6_d2f34f90:103|20,0,-22.264628772093477
geometry_1_05_focus0,44b6_d2f34f90,44b6_d2f34f90:103,union|44b6_d2f34f90:103|21,0,-15.629731708875306
geometry_1_05_focus0,44b6_d2f34f90,44b6_d2f34f90:103,union|44b6_d2f34f90:103|22,0,-15.395132223023888
geometry_1_05_focus0,44b6_d2f34f90,44b6_d2f34f90:103,union|44b6_d2f34f90:103|23,0,-15.087027554648797
geometry_1_05_focus0,44b6_d2f34f90,44b6_d2f34f90:103,union|44b6_d2f34f90:103|24,0,-20.527303952236306
geometry_1_05_focus0,44b6_d2f34f90,44b6_d2f34f90:103,union|44b6_d2f34f90:103|25,0,-22.59071518793462
geometry_1_05_focus0,44b6_d2f34f90,44b6_d2f34f90:103,union|44b6_d2f34f90:103|26,0,-16.693023637195587
geometry_1_05_focus0,44b6_d2f34f90,44b6_d2f34f90:103,union|44b6_d2f34f90:103|27,0,-20.27901642822487
geometry_1_05_focus0,44b6_d2f34f90,44b6_d2f34f90:103,union|44b6_d2f34f90:103|28,0,-19.533824830278377
geometry_1_05_focus0,44b6_d2f34f90,44b6_d2f34f90:103,union|44b6_d2f34f90:103|29,0,-21.040261303214514
geometry_1_05_focus0,44b6_d2f34f90,44b6_d2f34f90:103,union|44b6_d2f34f90:103|30,0,-19.929230890021433
geometry_1_05_focus0,44b6_d2f34f90,44b6_d2f34f90:103,union|44b6_d2f34f90:103|31,0,-21.03138326500004
geometry_1_05_focus0,44b6_d2f34f90,44b6_d2f34f90:103,union|44b6_d2f34f90:103|32,0,-16.25676158121289
geometry_1_05_focus0,44b6_d2f34f90,44b6_d2f34f90:103,union|44b6_d2f34f90:103|33,0,-18.567001513013313
geometry_1_05_focus0,44b6_d2f34f90,44b6_d2f34f90:103,union|44b6_d2f34f90:103|34,0,-24.37982240637851
geometry_1_05_focus0,44b6_d2f34f90,44b6_d2f34f90:103,union|44b6_d2f34f90:103|35,0,-16.460265465978537
geometry_1_05_focus0,44b6_d2f34f90,44b6_d2f34f90:103,union|44b6_d2f34f90:103|36,0,-15.472650470165858
geometry_1_05_focus0,44b6_d2f34f90,44b6_d2f34f90:103,union|44b6_d2f34f90:103|37,0,-12.182715507494468
geometry_1_05_focus0,44b6_d2f34f90,44b6_d2f34f90:103,union|44b6_d2f34f90:103|38,0,-21.415457916854674
geometry_1_05_focus0,44b6_d2f34f90,44b6_d2f34f90:103,union|44b6_d2f34f90:103|39,0,-19.33009657282269
geometry_1_05_focus0,44b6_d2f34f90,44b6_d2f34f90:103,union|44b6_d2f34f90:103|40,0,-20.587342636884607
geometry_1_05_focus0,44b6_d2f34f90,44b6_d2f34f90:103,union|44b6_d2f34f90:103|41,0,-20.399050347360966
geometry_1_05_focus0,44b6_d2f34f90,44b6_d2f34f90:103,union|44b6_d2f34f90:103|42,0,-22.312824116221453
geometry_1_05_focus0,44b6_d2f34f90,44b6_d2f34f90:103,union|44b6_d2f34f90:103|43,0,-24.13839250669323
geometry_1_05_focus0,44b6_d2f34f90,44b6_d2f34f90:103,union|44b6_d2f34f90:103|44,0,-19.815995217493004
geometry_1_05_focus0,44b6_d2f34f90,44b6_d2f34f90:103,union|44b6_d2f34f90:103|45,0,-13.155235039163673
geometry_1_05_focus0,44b6_d2f34f90,44b6_d2f34f90:103,union|44b6_d2f34f90:103|46,0,-16.42520660189807
geometry_1_05_focus0,44b6_d2f34f90,44b6_d2f34f90:103,union|44b6_d2f34f90:103|47,0,-17.335366467850466
geometry_1_05_focus0,44b6_d2f34f90,44b6_d2f34f90:103,union|44b6_d2f34f90:103|48,0,-23.474010725697838
geometry_1_05_focus0,44b6_d2f34f90,44b6_d2f34f90:103,union|44b6_d2f34f90:103|49,0,-21.71892636334502
geometry_1_05_focus0,44b6_d2f34f90,44b6_d2f34f90:103,union|44b6_d2f34f90:103|50,0,-22.765133075628956
geometry_1_05_focus0,44b6_d2f34f90,44b6_d2f34f90:103,union|44b6_d2f34f90:103|51,0,-22.427130479917167
geometry_1_05_focus0,44b6_d2f34f90,44b6_d2f34f90:103,union|44b6_d2f34f90:103|52,0,-19.20072847699611
geometry_1_05_focus0,44b6_d2f34f90,44b6_d2f34f90:103,union|44b6_d2f34f90:103|53,0,-18.799633152052632
geometry_1_05_focus0,44b6_d2f34f90,44b6_d2f34f90:103,union|44b6_d2f34f90:103|54,0,-23.481445165120803
geometry_1_05_focus0,44b6_d2f34f90,44b6_d2f34f90:103,union|44b6_d2f34f90:103|55,0,-21.791185575806402
geometry_1_05_focus0,44b6_d2f34f90,44b6_d2f34f90:103,union|44b6_d2f34f90:103|56,0,-21.470879178364033
geometry_1_05_focus0,44b6_d2f34f90,44b6_d2f34f90:103,union|44b6_d2f34f90:103|57,0,-24.25139578971688
geometry_1_05_focus0,44b6_d2f34f90,44b6_d2f34f90:103,union|44b6_d2f34f90:103|58,0,-23.556425497054903
geometry_1_05_focus0,44b6_d2f34f90,44b6_d2f34f90:103,union|44b6_d2f34f90:103|59,0,-24.70992658358108
geometry_1_05_focus0,44b6_d2f34f90,44b6_d2f34f90:103,union|44b6_d2f34f90:103|60,0,-24.197009476476627
geometry_1_05_focus0,44b6_d2f34f90,44b6_d2f34f90:103,union|44b6_d2f34f90:103|61,0,-19.216435647917447
geometry_1_05_focus0,44b6_d2f34f90,44b6_d2f34f90:103,union|44b6_d2f34f90:103|62,0,-17.631281160368825
geometry_1_05_focus0,44b6_d2f34f90,44b6_d2f34f90:103,union|44b6_d2f34f90:103|63,0,-21.40237736605686
geometry_1_05_focus0,44b6_d2f34f90,44b6_d2f34f90:103,union|44b6_d2f34f90:103|64,0,-22.56113938292993
geometry_1_05_focus0,44b6_d2f34f90,44b6_d2f34f90:103,union|44b6_d2f34f90:103|65,0,-22.922487636758014
geometry_1_05_focus0,44b6_d2f34f90,44b6_d2f34f90:103,union|44b6_d2f34f90:103|66,0,-22.5004068629459
geometry_1_05_focus0,44b6_d2f34f90,44b6_d2f34f90:103,union|44b6_d2f34f90:103|67,0,-22.47253992745072
geometry_1_05_focus0,44b6_d2f34f90,44b6_d2f34f90:103,union|44b6_d2f34f90:103|68,0,-24.123486172024563
geometry_1_05_focus0,44b6_d2f34f90,44b6_d2f34f90:103,union|44b6_d2f34f90:103|69,0,-18.639660822164974
geometry_1_05_focus0,44b6_d2f34f90,44b6_d2f34f90:103,union|44b6_d2f34f90:103|70,0,-20.946348258844314
geometry_1_05_focus0,44b6_d2f34f90,44b6_d2f34f90:103,union|44b6_d2f34f90:103|71,0,-16.043892910089355
geometry_1_05_focus0,44b6_d2f34f90,44b6_d2f34f90:103,union|44b6_d2f34f90:103|72,0,-25.95801261467207
geometry_1_05_focus0,44b6_d2f34f90,44b6_d2f34f90:103,union|44b6_d2f34f90:103|73,0,-18.773773017531333
geometry_1_05_focus0,44b6_d2f34f90,44b6_d2f34f90:103,union|44b6_d2f34f90:103|74,0,-21.046255502546018
geometry_1_05_focus0,44b6_d2f34f90,44b6_d2f34f90:103,union|44b6_d2f34f90:103|75,0,-23.017599417124675
geometry_1_05_focus0,44b6_d2f34f90,44b6_d2f34f90:137,union|44b6_d2f34f90:137|0,0,-19.212583409974656
geometry_1_05_focus0,44b6_d2f34f90,44b6_d2f34f90:137,union|44b6_d2f34f90:137|1,0,-20.93207325138323
geometry_1_05_focus0,44b6_d2f34f90,44b6_d2f34f90:137,union|44b6_d2f34f90:137|2,0,-15.388408054352412
geometry_1_05_focus0,44b6_d2f34f90,44b6_d2f34f90:137,union|44b6_d2f34f90:137|3,0,-21.07904217583497
geometry_1_05_focus0,44b6_d2f34f90,44b6_d2f34f90:137,union|44b6_d2f34f90:137|4,0,-20.106786438228717
geometry_1_05_focus0,44b6_d2f34f90,44b6_d2f34f90:137,union|44b6_d2f34f90:137|5,0,-18.28709035774215
geometry_1_05_focus0,44b6_d2f34f90,44b6_d2f34f90:137,union|44b6_d2f34f90:137|6,0,-17.91189374410199
geometry_1_05_focus0,44b6_d2f34f90,44b6_d2f34f90:137,union|44b6_d2f34f90:137|7,0,-20.692155307661565
geometry_1_05_focus0,44b6_d2f34f90,44b6_d2f34f90:137,union|44b6_d2f34f90:137|8,0,-20.76727164516817
geometry_1_05_focus0,44b6_d2f34f90,44b6_d2f34f90:137,union|44b6_d2f34f90:137|9,0,-23.275477817599707
geometry_1_05_focus0,44b6_d2f34f90,44b6_d2f34f90:137,union|44b6_d2f34f90:137|10,0,-20.580273166469798
geometry_1_05_focus0,44b6_d2f34f90,44b6_d2f34f90:137,union|44b6_d2f34f90:137|11,0,-24.61434390631299
geometry_1_05_focus0,44b6_d2f34f90,44b6_d2f34f90:137,union|44b6_d2f34f90:137|12,0,-24.153656213773413
geometry_1_05_focus0,44b6_d2f34f90,44b6_d2f34f90:137,union|44b6_d2f34f90:137|13,0,-19.876444878948956
geometry_1_05_focus0,44b6_d2f34f90,44b6_d2f34f90:137,union|44b6_d2f34f90:137|14,0,-22.152840838434113
geometry_1_05_focus0,44b6_d2f34f90,44b6_d2f34f90:137,union|44b6_d2f34f90:137|15,0,-24.043985881645167
geometry_1_05_focus0,44b6_d2f34f90,44b6_d2f34f90:137,union|44b6_d2f34f90:137|16,0,-22.94710982348205
geometry_1_05_focus0,44b6_d2f34f90,44b6_d2f34f90:137,union|44b6_d2f34f90:137|17,0,-19.54302823116093
geometry_1_05_focus0,44b6_d2f34f90,44b6_d2f34f90:137,union|44b6_d2f34f90:137|18,0,-17.103792452635442
geometry_1_05_focus0,44b6_d2f34f90,44b6_d2f34f90:137,union|44b6_d2f34f90:137|19,0,-24.318237449017374
geometry_1_05_focus0,44b6_d2f34f90,44b6_d2f34f90:137,union|44b6_d2f34f90:137|20,0,-22.57778148974561
geometry_1_05_focus0,44b6_d2f34f90,44b6_d2f34f90:137,union|44b6_d2f34f90:137|21,0,-20.53275778250617
geometry_1_05_focus0,44b6_d2f34f90,44b6_d2f34f90:137,union|44b6_d2f34f90:137|22,0,-20.93207325138323
geometry_1_05_focus0,44b6_d2f34f90,44b6_d2f34f90:137,union|44b6_d2f34f90:137|23,0,-22.24249365040906
geometry_1_05_focus0,44b6_d2f34f90,44b6_d2f34f90:137,union|44b6_d2f34f90:137|24,0,-23.939809337265693
geometry_1_05_focus0,44b6_d2f34f90,44b6_d2f34f90:137,union|44b6_d2f34f90:137|25,0,-18.59107769186096
geometry_1_05_focus0,44b6_d2f34f90,44b6_d2f34f90:137,union|44b6_d2f34f90:137|26,0,-19.095701067932602
geometry_1_05_focus0,44b6_d2f34f90,44b6_d2f34f90:137,union|44b6_d2f34f90:137|27,0,-15.855492580984116
geometry_1_05_focus0,44b6_d2f34f90,44b6_d2f34f90:137,union|44b6_d2f34f90:137|28,1,-9.527338811792074
geometry_1_05_focus0,44b6_d2f34f90,44b6_d2f34f90:137,union|44b6_d2f34f90:137|29,0,-22.732446622646723
geometry_1_05_focus0,44b6_d2f34f90,44b6_d2f34f90:137,union|44b6_d2f34f90:137|30,0,-15.527815866113867
geometry_1_05_focus0,44b6_d2f34f90,44b6_d2f34f90:137,union|44b6_d2f34f90:137|31,0,-17.570678447789053
geometry_1_05_focus0,44b6_d2f34f90,44b6_d2f34f90:137,union|44b6_d2f34f90:137|32,0,-15.889880838931084
geometry_1_05_focus0,44b6_d2f34f90,44b6_d2f34f90:137,union|44b6_d2f34f90:137|33,0,-22.680402565558314
geometry_1_05_focus0,44b6_d2f34f90,44b6_d2f34f90:137,union|44b6_d2f34f90:137|34,0,-18.386405065379435
geometry_1_05_focus0,44b6_d2f34f90,44b6_d2f34f90:137,union|44b6_d2f34f90:137|35,0,-23.11938884531707
geometry_1_05_focus0,44b6_d2f34f90,44b6_d2f34f90:137,union|44b6_d2f34f90:137|36,0,-20.736377435123693
geometry_1_05_focus0,44b6_d2f34f90,44b6_d2f34f90:137,union|44b6_d2f34f90:137|37,0,-18.024976981755742
geometry_1_05_focus0,44b6_d2f34f90,44b6_d2f34f90:137,union|44b6_d2f34f90:137|38,0,-17.93921082209524
geometry_1_05_focus0,44b6_d2f34f90,44b6_d2f34f90:137,union|44b6_d2f34f90:137|39,0,-19.901609049162133
geometry_1_05_focus0,44b6_d2f34f90,44b6_d2f34f90:137,union|44b6_d2f34f90:137|40,0,-20.736377435123693
geometry_1_05_focus0,44b6_d2f34f90,44b6_d2f34f90:137,union|44b6_d2f34f90:137|41,0,-17.35006379352283
geometry_1_05_focus0,44b6_d2f34f90,44b6_d2f34f90:137,union|44b6_d2f34f90:137|42,0,-16.547065752249434
geometry_1_05_focus0,44b6_d2f34f90,44b6_d2f34f90:137,union|44b6_d2f34f90:137|43,0,-20.087570234871954
geometry_1_05_focus0,44b6_d2f34f90,44b6_d2f34f90:137,union|44b6_d2f34f90:137|44,0,-19.49880023861974
geometry_1_05_focus0,44b6_d2f34f90,44b6_d2f34f90:137,union|44b6_d2f34f90:137|45,0,-18.184412959031057
geometry_1_05_focus0,44b6_d2f34f90,44b6_d2f34f90:137,union|44b6_d2f34f90:137|46,0,-14.626950729277517
geometry_1_05_focus0,44b6_d2f34f90,44b6_d2f34f90:137,union|44b6_d2f34f90:137|47,0,-17.71757688582838
geometry_1_05_focus0,44b6_d2f34f90,44b6_d2f34f90:137,union|44b6_d2f34f90:137|48,0,-17.40557447932182
geometry_1_05_focus0,44b6_d2f34f90,44b6_d2f34f90:137,union|44b6_d2f34f90:137|49,0,-18.8878259243182
geometry_1_05_focus0,44b6_d2f34f90,44b6_d2f34f90:137,union|44b6_d2f34f90:137|50,0,-22.07552466744979
geometry_1_05_focus0,44b6_d2f34f90,44b6_d2f34f90:137,union|44b6_d2f34f90:137|51,0,-16.64937166494265
geometry_1_05_focus0,44b6_d2f34f90,44b6_d2f34f90:137,union|44b6_d2f34f90:137|52,0,-23.967212812438884
geometry_1_05_focus0,44b6_d2f34f90,44b6_d2f34f90:137,union|44b6_d2f34f90:137|53,0,-15.527815866113867
geometry_1_05_focus0,44b6_d2f34f90,44b6_d2f34f90:137,union|44b6_d2f34f90:137|54,0,-17.235727791422097
geometry_1_05_focus0,44b6_d2f34f90,44b6_d2f34f90:137,union|44b6_d2f34f90:137|55,0,-13.909077936871242
geometry_1_05_focus0,44b6_d2f34f90,44b6_d2f34f90:137,union|44b6_d2f34f90:137|56,0,-19.4469967026593
geometry_1_05_focus0,44b6_d2f34f90,44b6_d2f34f90:137,union|44b6_d2f34f90:137|57,0,-15.265421196924406
geometry_1_05_focus0,44b6_d2f34f90,44b6_d2f34f90:137,union|44b6_d2f34f90:137|58,0,-19.99767648990413
geometry_1_05_focus0,44b6_d2f34f90,44b6_d2f34f90:137,union|44b6_d2f34f90:137|59,0,-22.366675745340544
geometry_1_05_focus0,44b6_d2f34f90,44b6_d2f34f90:137,union|44b6_d2f34f90:137|60,0,-22.272222382662477
geometry_1_05_focus0,44b6_d2f34f90,44b6_d2f34f90:137,union|44b6_d2f34f90:137|61,0,-14.059835793168206
geometry_1_05_focus0,44b6_d2f34f90,44b6_d2f34f90:137,union|44b6_d2f34f90:137|62,0,-14.892172754824587
geometry_1_05_focus0,44b6_d2f34f90,44b6_d2f34f90:137,union|44b6_d2f34f90:137|63,0,-22.185194999578037
geometry_1_05_focus0,44b6_d2f34f90,44b6_d2f34f90:137,union|44b6_d2f34f90:137|64,0,-16.873320697381192
geometry_1_05_focus0,44b6_d2f34f90,44b6_d2f34f90:137,union|44b6_d2f34f90:137|65,0,-17.888116591915995
geometry_1_05_focus0,44b6_d2f34f90,44b6_d2f34f90:137,union|44b6_d2f34f90:137|66,0,-22.680402565558314
geometry_1_05_focus0,44b6_d2f34f90,44b6_d2f34f90:137,union|44b6_d2f34f90:137|67,0,-17.532610950200215
geometry_1_05_focus0,44b6_d2f34f90,44b6_d2f34f90:137,union|44b6_d2f34f90:137|68,0,-18.043413396852447
geometry_1_05_focus0,44b6_d2f34f90,44b6_d2f34f90:137,union|44b6_d2f34f90:137|69,0,-14.944008897072347
geometry_1_05_focus0,44b6_d2f34f90,44b6_d2f34f90:137,union|44b6_d2f34f90:137|70,0,-17.152197928407254
geometry_1_05_focus0,44b6_d754aa59,44b6_d754aa59:54,union|44b6_d754aa59:54|0,0,-17.610802202171044
geometry_1_05_focus0,44b6_d754aa59,44b6_d754aa59:54,union|44b6_d754aa59:54|1,0,-20.525585996567244
geometry_1_05_focus0,44b6_d754aa59,44b6_d754aa59:54,union|44b6_d754aa59:54|2,0,-16.44103180559776
geometry_1_05_focus0,44b6_d754aa59,44b6_d754aa59:54,union|44b6_d754aa59:54|3,1,-13.045874503302855
geometry_1_05_focus0,44b6_d754aa59,44b6_d754aa59:54,union|44b6_d754aa59:54|4,0,-17.453700317580115
geometry_1_05_focus0,44b6_d754aa59,44b6_d754aa59:54,union|44b6_d754aa59:54|5,0,-15.873431797733408
geometry_1_05_focus0,44b6_d754aa59,44b6_d754aa59:54,union|44b6_d754aa59:54|6,0,-15.598082157858055
geometry_1_05_focus0,44b6_d754aa59,44b6_d754aa59:54,union|44b6_d754aa59:54|7,0,-16.212004009243092
geometry_1_05_focus0,44b6_d754aa59,44b6_d754aa59:54,union|44b6_d754aa59:54|8,0,-19.588609225809286
geometry_1_05_focus0,44b6_deabac95,44b6_deabac95:15,union|44b6_deabac95:15|0,0,-20.40401411989576
geometry_1_05_focus0,44b6_deabac95,44b6_deabac95:15,union|44b6_deabac95:15|1,0,-22.895567972565814
geometry_1_05_focus0,44b6_deabac95,44b6_deabac95:15,union|44b6_deabac95:15|2,0,-20.973564262114134
geometry_1_05_focus0,44b6_deabac95,44b6_deabac95:15,union|44b6_deabac95:15|3,0,-21.13430192874972
geometry_1_05_focus0,44b6_deabac95,44b6_deabac95:15,union|44b6_deabac95:15|4,0,-24.84442308866314
geometry_1_05_focus0,44b6_deabac95,44b6_deabac95:15,union|44b6_deabac95:15|5,0,-21.787662125175316
geometry_1_05_focus0,44b6_deabac95,44b6_deabac95:15,union|44b6_deabac95:15|6,0,-22.261514093471533
geometry_1_05_focus0,44b6_deabac95,44b6_deabac95:15,union|44b6_deabac95:15|7,0,-19.64931429272842
geometry_1_05_focus0,44b6_deabac95,44b6_deabac95:15,union|44b6_deabac95:15|8,0,-19.943459460027327
geometry_1_05_focus0,44b6_deabac95,44b6_deabac95:15,union|44b6_deabac95:15|9,0,-18.64130913769669
geometry_1_05_focus0,44b6_deabac95,44b6_deabac95:15,union|44b6_deabac95:15|10,0,-18.54204369983471
geometry_1_05_focus0,44b6_deabac95,44b6_deabac95:15,union|44b6_deabac95:15|11,0,-21.485976347200463
geometry_1_05_focus0,44b6_deabac95,44b6_deabac95:15,union|44b6_deabac95:15|12,0,-19.26790350692449
geometry_1_05_focus0,44b6_deabac95,44b6_deabac95:15,union|44b6_deabac95:15|13,0,-19.709732824667935
geometry_1_05_focus0,44b6_deabac95,44b6_deabac95:15,union|44b6_deabac95:15|14,0,-21.924426799308186
geometry_1_05_focus0,44b6_deabac95,44b6_deabac95:15,union|44b6_deabac95:15|15,0,-21.29577353526076
geometry_1_05_focus0,44b6_deabac95,44b6_deabac95:15,union|44b6_deabac95:15|16,0,-22.780889020894676
geometry_1_05_focus0,44b6_deabac95,44b6_deabac95:15,union|44b6_deabac95:15|17,0,-17.019961488798295
geometry_1_05_focus0,44b6_deabac95,44b6_deabac95:15,union|44b6_deabac95:15|18,0,-14.759451400677714
geometry_1_05_focus0,44b6_deabac95,44b6_deabac95:15,union|44b6_deabac95:15|19,0,-20.4610854900031
geometry_1_05_focus0,44b6_deabac95,44b6_deabac95:15,union|44b6_deabac95:15|20,0,-20.95239261154947
geometry_1_05_focus0,44b6_deabac95,44b6_deabac95:15,union|44b6_deabac95:15|21,0,-18.51216609412903
geometry_1_05_focus0,44b6_deabac95,44b6_deabac95:15,union|44b6_deabac95:15|22,0,-13.835503490986014
geometry_1_05_focus0,44b6_deabac95,44b6_deabac95:15,union|44b6_deabac95:15|23,0,-16.164214068029445
geometry_1_05_focus0,44b6_deabac95,44b6_deabac95:15,union|44b6_deabac95:15|24,0,-20.697439269456908
geometry_1_05_focus0,44b6_deabac95,44b6_deabac95:15,union|44b6_deabac95:15|25,0,-21.340133738371446
geometry_1_05_focus0,44b6_deabac95,44b6_deabac95:15,union|44b6_deabac95:15|26,0,-18.010675502050695
geometry_1_05_focus0,44b6_deabac95,44b6_deabac95:15,union|44b6_deabac95:15|27,0,-15.758934637140367
geometry_1_05_focus0,44b6_deabac95,44b6_deabac95:15,union|44b6_deabac95:15|28,0,-21.908379054803902
geometry_1_05_focus0,44b6_deabac95,44b6_deabac95:15,union|44b6_deabac95:15|29,1,-15.220539426264311
geometry_1_05_focus0,44b6_deabac95,44b6_deabac95:15,union|44b6_deabac95:15|30,0,-20.322242655816748
geometry_1_05_focus0,44b6_deabac95,44b6_deabac95:15,union|44b6_deabac95:15|31,0,-21.475140094551872
geometry_1_05_focus0,44b6_deabac95,44b6_deabac95:15,union|44b6_deabac95:15|32,0,-22.557459170201938
geometry_1_05_focus0,44b6_deabac95,44b6_deabac95:15,union|44b6_deabac95:15|33,0,-17.422936132311477
geometry_1_05_focus0,44b6_deabac95,44b6_deabac95:15,union|44b6_deabac95:15|34,0,-21.48126997253885
geometry_1_05_focus0,44b6_eb2880fc,44b6_eb2880fc:282,union|44b6_eb2880fc:282|0,0,-21.518034988106407
geometry_1_05_focus0,44b6_eb2880fc,44b6_eb2880fc:282,union|44b6_eb2880fc:282|1,0,-21.132629937783047
geometry_1_05_focus0,44b6_eb2880fc,44b6_eb2880fc:282,union|44b6_eb2880fc:282|2,0,-23.73478469123272
geometry_1_05_focus0,44b6_eb2880fc,44b6_eb2880fc:282,union|44b6_eb2880fc:282|3,0,-20.338805717004274
geometry_1_05_focus0,44b6_eb2880fc,44b6_eb2880fc:282,union|44b6_eb2880fc:282|4,0,-19.47317269438612
geometry_1_05_focus0,44b6_eb2880fc,44b6_eb2880fc:282,union|44b6_eb2880fc:282|5,0,-23.036327050615625
geometry_1_05_focus0,44b6_eb2880fc,44b6_eb2880fc:282,union|44b6_eb2880fc:282|6,0,-21.98081846673835
geometry_1_05_focus0,44b6_eb2880fc,44b6_eb2880fc:282,union|44b6_eb2880fc:282|7,0,-22.272222382662477
geometry_1_05_focus0,44b6_eb2880fc,44b6_eb2880fc:282,union|44b6_eb2880fc:282|8,0,-24.30457516605663
geometry_1_05_focus0,44b6_eb2880fc,44b6_eb2880fc:282,union|44b6_eb2880fc:282|9,0,-25.082504994530137
geometry_1_05_focus0,44b6_eb2880fc,44b6_eb2880fc:282,union|44b6_eb2880fc:282|10,0,-24.939255199208688
geometry_1_05_focus0,44b6_eb2880fc,44b6_eb2880fc:282,union|44b6_eb2880fc:282|11,0,-23.780415007940967
geometry_1_05_focus0,44b6_eb2880fc,44b6_eb2880fc:282,union|44b6_eb2880fc:282|12,0,-20.540089285040423
geometry_1_05_focus0,44b6_eb2880fc,44b6_eb2880fc:282,union|44b6_eb2880fc:282|13,0,-19.82753844291419
geometry_1_05_focus0,44b6_eb2880fc,44b6_eb2880fc:282,union|44b6_eb2880fc:282|14,0,-18.251600124393907
geometry_1_05_focus0,44b6_eb2880fc,44b6_eb2880fc:282,union|44b6_eb2880fc:282|15,0,-23.52549155945895
geometry_1_05_focus0,44b6_eb2880fc,44b6_eb2880fc:282,union|44b6_eb2880fc:282|16,0,-23.292858096326626
geometry_1_05_focus0,44b6_eb2880fc,44b6_eb2880fc:282,union|44b6_eb2880fc:282|17,0,-21.17558442049257
geometry_1_05_focus0,44b6_eb2880fc,44b6_eb2880fc:282,union|44b6_eb2880fc:282|18,0,-23.30012607977544
geometry_1_05_focus0,44b6_eb2880fc,44b6_eb2880fc:282,union|44b6_eb2880fc:282|19,0,-22.47185733823526
geometry_1_05_focus0,44b6_eb2880fc,44b6_eb2880fc:282,union|44b6_eb2880fc:282|20,0,-24.507944509919056
geometry_1_05_focus0,44b6_eb2880fc,44b6_eb2880fc:282,union|44b6_eb2880fc:282|21,0,-23.633078408609933
geometry_1_05_focus0,44b6_eb2880fc,44b6_eb2880fc:282,union|44b6_eb2880fc:282|22,0,-20.621155095155682
geometry_1_05_focus0,44b6_eb2880fc,44b6_eb2880fc:282,union|44b6_eb2880fc:282|23,0,-22.561523464701214
geometry_1_05_focus0,44b6_eb2880fc,44b6_eb2880fc:282,union|44b6_eb2880fc:282|24,0,-24.15904945262402
geometry_1_05_focus0,44b6_eb2880fc,44b6_eb2880fc:282,union|44b6_eb2880fc:282|25,0,-17.98522187121991
geometry_1_05_focus0,44b6_eb2880fc,44b6_eb2880fc:282,union|44b6_eb2880fc:282|26,0,-22.469564235905477
geometry_1_05_focus0,44b6_eb2880fc,44b6_eb2880fc:282,union|44b6_eb2880fc:282|27,0,-19.14109065694335
geometry_1_05_focus0,44b6_eb2880fc,44b6_eb2880fc:282,union|44b6_eb2880fc:282|28,0,-22.250643911646304
geometry_1_05_focus0,44b6_eb2880fc,44b6_eb2880fc:282,union|44b6_eb2880fc:282|29,0,-24.899158548539
geometry_1_05_focus0,44b6_eb2880fc,44b6_eb2880fc:282,union|44b6_eb2880fc:282|30,0,-18.875456048776847
geometry_1_05_focus0,44b6_eb2880fc,44b6_eb2880fc:282,union|44b6_eb2880fc:282|31,0,-19.924921360025294
geometry_1_05_focus0,44b6_eb2880fc,44b6_eb2880fc:282,union|44b6_eb2880fc:282|32,0,-21.470388875044634
geometry_1_05_focus0,44b6_eb2880fc,44b6_eb2880fc:282,union|44b6_eb2880fc:282|33,0,-20.77797151260981
geometry_1_05_focus0,44b6_eb2880fc,44b6_eb2880fc:282,union|44b6_eb2880fc:282|34,0,-20.960786737429917
geometry_1_05_focus0,44b6_eb2880fc,44b6_eb2880fc:282,union|44b6_eb2880fc:282|35,0,-20.517946147132943
geometry_1_05_focus0,44b6_eb2880fc,44b6_eb2880fc:282,union|44b6_eb2880fc:282|36,0,-21.937670030230223
geometry_1_05_focus0,44b6_eb2880fc,44b6_eb2880fc:282,union|44b6_eb2880fc:282|37,0,-16.973766539356426
geometry_1_05_focus0,44b6_eb2880fc,44b6_eb2880fc:282,union|44b6_eb2880fc:282|38,0,-22.96997850827021
geometry_1_05_focus0,44b6_eb2880fc,44b6_eb2880fc:282,union|44b6_eb2880fc:282|39,0,-23.861680085242448
geometry_1_05_focus0,44b6_eb2880fc,44b6_eb2880fc:282,union|44b6_eb2880fc:282|40,0,-22.016760348287708
geometry_1_05_focus0,44b6_eb2880fc,44b6_eb2880fc:282,union|44b6_eb2880fc:282|41,0,-21.434822191036346
geometry_1_05_focus0,44b6_eb2880fc,44b6_eb2880fc:282,union|44b6_eb2880fc:282|42,0,-19.55414985069694
geometry_1_05_focus0,44b6_eb2880fc,44b6_eb2880fc:282,union|44b6_eb2880fc:282|43,0,-22.94710982348205
geometry_1_05_focus0,44b6_eb2880fc,44b6_eb2880fc:282,union|44b6_eb2880fc:282|44,0,-23.026737487558194
geometry_1_05_focus0,44b6_eb2880fc,44b6_eb2880fc:282,union|44b6_eb2880fc:282|45,0,-22.988604880629655
geometry_1_05_focus0,44b6_eb2880fc,44b6_eb2880fc:282,union|44b6_eb2880fc:282|46,0,-23.299211304654392
geometry_1_05_focus0,44b6_eb2880fc,44b6_eb2880fc:282,union|44b6_eb2880fc:282|47,0,-20.59038481629566
geometry_1_05_focus0,44b6_eb2880fc,44b6_eb2880fc:282,union|44b6_eb2880fc:282|48,0,-23.353723771014884
geometry_1_05_focus0,44b6_eb2880fc,44b6_eb2880fc:282,union|44b6_eb2880fc:282|49,0,-20.64730734247766
geometry_1_05_focus0,44b6_eb2880fc,44b6_eb2880fc:282,union|44b6_eb2880fc:282|50,0,-22.68193433441102
geometry_1_05_focus0,44b6_eb2880fc,44b6_eb2880fc:282,union|44b6_eb2880fc:282|51,0,-25.621984566670214
geometry_1_05_focus0,44b6_eb2880fc,44b6_eb2880fc:282,union|44b6_eb2880fc:282|52,1,-21.150282427783644
geometry_1_05_focus0,44b6_eb2880fc,44b6_eb2880fc:282,union|44b6_eb2880fc:282|53,0,-24.007130055180518
geometry_1_05_focus0,44b6_eb2880fc,44b6_eb2880fc:282,union|44b6_eb2880fc:282|54,0,-24.10394211919541
geometry_1_05_focus0,44b6_eb2880fc,44b6_eb2880fc:282,union|44b6_eb2880fc:282|55,0,-22.251140070412724
geometry_1_05_focus0,44b6_eb2880fc,44b6_eb2880fc:282,union|44b6_eb2880fc:282|56,0,-24.232353731225118
geometry_1_05_focus0,44b6_eb2880fc,44b6_eb2880fc:282,union|44b6_eb2880fc:282|57,0,-22.05936728401823
geometry_1_05_focus0,44b6_eb2880fc,44b6_eb2880fc:282,union|44b6_eb2880fc:282|58,0,-22.383479252866344
geometry_1_05_focus0,44b6_eb2880fc,44b6_eb2880fc:282,union|44b6_eb2880fc:282|59,0,-19.644465377819504
geometry_1_05_focus0,44b6_eb2880fc,44b6_eb2880fc:282,union|44b6_eb2880fc:282|60,0,-18.379155723348312
geometry_1_05_focus0,44b6_eb2880fc,44b6_eb2880fc:282,union|44b6_eb2880fc:282|61,0,-16.041679044162663
geometry_1_05_focus0,44b6_eb2880fc,44b6_eb2880fc:282,union|44b6_eb2880fc:282|62,0,-21.79077919709701
geometry_1_05_focus0,44b6_eb2880fc,44b6_eb2880fc:282,union|44b6_eb2880fc:282|63,0,-23.326026457491967
geometry_1_05_focus0,44b6_eb2880fc,44b6_eb2880fc:282,union|44b6_eb2880fc:282|64,0,-21.213227614730794
geometry_1_05_focus0,44b6_eb2880fc,44b6_eb2880fc:282,union|44b6_eb2880fc:282|65,0,-21.13540341024659
geometry_1_05_focus0,44b6_eb2880fc,44b6_eb2880fc:282,union|44b6_eb2880fc:282|66,0,-22.005544412213847
geometry_1_05_focus0,44b6_eb2880fc,44b6_eb2880fc:282,union|44b6_eb2880fc:282|67,0,-22.49487536565745
geometry_1_05_focus0,44b6_eb2880fc,44b6_eb2880fc:282,union|44b6_eb2880fc:282|68,0,-21.648283435114774
geometry_1_05_focus0,44b6_eb2880fc,44b6_eb2880fc:282,union|44b6_eb2880fc:282|69,0,-19.5772747393042
geometry_1_05_focus0,44b6_eb2880fc,44b6_eb2880fc:282,union|44b6_eb2880fc:282|70,0,-23.16662169282136
geometry_1_05_focus0,44b6_eb2880fc,44b6_eb2880fc:282,union|44b6_eb2880fc:282|71,0,-20.82943082402074
geometry_1_05_focus0,44b6_eb2880fc,44b6_eb2880fc:282,union|44b6_eb2880fc:282|72,0,-20.82943082402074
geometry_1_05_focus0,44b6_eb2880fc,44b6_eb2880fc:282,union|44b6_eb2880fc:282|73,0,-23.78741873261364
geometry_1_05_focus0,44b6_eb2880fc,44b6_eb2880fc:282,union|44b6_eb2880fc:282|74,0,-24.02308391440785
geometry_1_05_focus0,44b6_eb2880fc,44b6_eb2880fc:282,union|44b6_eb2880fc:282|75,0,-20.269532474582213
geometry_1_05_focus0,44b6_eb2880fc,44b6_eb2880fc:282,union|44b6_eb2880fc:282|76,0,-23.836456428774277
geometry_1_05_focus0,44b6_eb2880fc,44b6_eb2880fc:282,union|44b6_eb2880fc:282|77,0,-20.121178266343026
geometry_1_05_focus0,44b6_eb2880fc,44b6_eb2880fc:282,union|44b6_eb2880fc:282|78,0,-18.365690128777313
geometry_1_05_focus0,44b6_eb2880fc,44b6_eb2880fc:282,union|44b6_eb2880fc:282|79,0,-24.19250437799603
geometry_1_05_focus0,44b6_eb2880fc,44b6_eb2880fc:282,union|44b6_eb2880fc:282|80,0,-23.75520541310484
geometry_1_05_focus0,44b6_eb2880fc,44b6_eb2880fc:282,union|44b6_eb2880fc:282|81,0,-24.29372288979507
geometry_1_05_focus0,44b6_eb2880fc,44b6_eb2880fc:282,union|44b6_eb2880fc:282|82,0,-19.565019508208962
geometry_1_05_focus0,44b6_eb2880fc,44b6_eb2880fc:282,union|44b6_eb2880fc:282|83,0,-19.46917474111439
geometry_1_05_focus0,44b6_eb2880fc,44b6_eb2880fc:282,union|44b6_eb2880fc:282|84,0,-24.92913645305883
geometry_1_05_focus0,44b6_eb2880fc,44b6_eb2880fc:282,union|44b6_eb2880fc:282|85,0,-22.963117721741522
geometry_1_05_focus0,44b6_eb2880fc,44b6_eb2880fc:282,union|44b6_eb2880fc:282|86,0,-19.423864883356984
geometry_1_05_focus0,44b6_eb2880fc,44b6_eb2880fc:282,union|44b6_eb2880fc:282|87,0,-22.777681851840942
geometry_1_05_focus0,44b6_eb2880fc,44b6_eb2880fc:282,union|44b6_eb2880fc:282|88,0,-17.228684756547246
geometry_1_05_focus0,44b6_eb2880fc,44b6_eb2880fc:282,union|44b6_eb2880fc:282|89,0,-21.323397260727937
geometry_1_05_focus0,44b6_eb2880fc,44b6_eb2880fc:282,union|44b6_eb2880fc:282|90,0,-21.55358645473042
geometry_1_05_focus0,44b6_eb2880fc,44b6_eb2880fc:282,union|44b6_eb2880fc:282|91,0,-11.750667933565744
geometry_1_05_focus0,44b6_eb2880fc,44b6_eb2880fc:282,union|44b6_eb2880fc:282|92,0,-21.88642643537301
geometry_1_05_focus0,44b6_eb2880fc,44b6_eb2880fc:282,union|44b6_eb2880fc:282|93,0,-18.380762990573416
geometry_1_05_focus0,44b6_eb2880fc,44b6_eb2880fc:282,union|44b6_eb2880fc:282|94,0,-23.275477817599707
geometry_1_05_focus0,44b6_eb2880fc,44b6_eb2880fc:282,union|44b6_eb2880fc:282|95,0,-12.076801439449902
geometry_1_05_focus0,44b6_eb2880fc,44b6_eb2880fc:282,union|44b6_eb2880fc:282|96,0,-20.917525676670714
geometry_1_05_focus0,44b6_eb2880fc,44b6_eb2880fc:282,union|44b6_eb2880fc:282|97,0,-13.674991085266786
geometry_1_05_focus0,44b6_eb2880fc,44b6_eb2880fc:282,union|44b6_eb2880fc:282|98,0,-14.233765630793284
geometry_1_05_focus0,44b6_eb2880fc,44b6_eb2880fc:282,union|44b6_eb2880fc:282|99,0,-10.237580692355525
geometry_1_05_focus0,44b6_eb2880fc,44b6_eb2880fc:282,union|44b6_eb2880fc:282|100,0,-19.571562838417904
geometry_1_05_focus0,44b6_eb2880fc,44b6_eb2880fc:282,union|44b6_eb2880fc:282|101,0,-21.415457916854674
geometry_1_05_focus0,44b6_eb2880fc,44b6_eb2880fc:282,union|44b6_eb2880fc:282|102,0,-21.19080951619242
geometry_1_05_focus0,44b6_eb2880fc,44b6_eb2880fc:282,union|44b6_eb2880fc:282|103,0,-18.11102696488534
geometry_1_05_focus0,44b6_eb2880fc,44b6_eb2880fc:282,union|44b6_eb2880fc:282|104,0,-23.721818515952773
geometry_1_05_focus0,44b6_eb2880fc,44b6_eb2880fc:282,union|44b6_eb2880fc:282|105,0,-20.480984403128105
geometry_1_05_focus0,44b6_eb2880fc,44b6_eb2880fc:282,union|44b6_eb2880fc:282|106,0,-19.660303787557055
geometry_1_05_focus0,44b6_eb2880fc,44b6_eb2880fc:282,union|44b6_eb2880fc:282|107,0,-17.454878348241287
geometry_1_05_focus0,44b6_eb2880fc,44b6_eb2880fc:282,union|44b6_eb2880fc:282|108,0,-21.06089992228457
geometry_1_05_focus0,44b6_eb2880fc,44b6_eb2880fc:282,union|44b6_eb2880fc:282|109,0,-19.895899592482742
geometry_1_05_focus0,44b6_eb2880fc,44b6_eb2880fc:282,union|44b6_eb2880fc:282|110,0,-19.750923516500734
geometry_1_05_focus0,44b6_eb2880fc,44b6_eb2880fc:282,union|44b6_eb2880fc:282|111,0,-23.85816128912399
geometry_1_05_focus0,44b6_eb2880fc,44b6_eb2880fc:282,union|44b6_eb2880fc:282|112,0,-21.149823308688173
geometry_1_05_focus0,44b6_eb2880fc,44b6_eb2880fc:282,union|44b6_eb2880fc:282|113,0,-22.55792652096959
geometry_1_05_focus0,44b6_eb2880fc,44b6_eb2880fc:282,union|44b6_eb2880fc:282|114,0,-17.591950560722825
geometry_1_05_focus0,44b6_eb2880fc,44b6_eb2880fc:282,union|44b6_eb2880fc:282|115,0,-18.155905859122107
geometry_1_05_focus0,44b6_eb2880fc,44b6_eb2880fc:282,union|44b6_eb2880fc:282|116,0,-23.16542739524311
geometry_1_05_focus0,44b6_eb2880fc,44b6_eb2880fc:282,union|44b6_eb2880fc:282|117,0,-20.997001160934726
geometry_1_05_focus0,44b6_eb2880fc,44b6_eb2880fc:282,union|44b6_eb2880fc:282|118,0,-21.913582233137674
geometry_1_05_focus0,44b6_eb2880fc,44b6_eb2880fc:282,union|44b6_eb2880fc:282|119,0,-21.84091097185805
geometry_1_05_focus0,44b6_eb2880fc,44b6_eb2880fc:282,union|44b6_eb2880fc:282|120,0,-19.120268928312708
geometry_1_05_focus0,44b6_eb2880fc,44b6_eb2880fc:282,union|44b6_eb2880fc:282|121,0,-17.517678570080843
geometry_1_05_focus0,44b6_eb2880fc,44b6_eb2880fc:282,union|44b6_eb2880fc:282|122,0,-24.474997538697576
geometry_1_05_focus0,44b6_eb2880fc,44b6_eb2880fc:282,union|44b6_eb2880fc:282|123,0,-19.320417732131258
geometry_1_05_focus0,44b6_eb2880fc,44b6_eb2880fc:282,union|44b6_eb2880fc:282|124,0,-19.56761119633234
geometry_1_05_focus0,44b6_eb2880fc,44b6_eb2880fc:282,union|44b6_eb2880fc:282|125,0,-19.651975441551144
geometry_1_05_focus0,44b6_eb2880fc,44b6_eb2880fc:282,union|44b6_eb2880fc:282|126,0,-20.881241858427032
geometry_1_05_focus0,44b6_eb2880fc,44b6_eb2880fc:282,union|44b6_eb2880fc:282|127,0,-19.11650103413305
geometry_1_05_focus0,44b6_eb2880fc,44b6_eb2880fc:282,union|44b6_eb2880fc:282|128,0,-21.453691902933667
geometry_1_05_focus0,44b6_eb2880fc,44b6_eb2880fc:282,union|44b6_eb2880fc:282|129,0,-23.26799086919761
geometry_1_05_focus0,44b6_eb2880fc,44b6_eb2880fc:282,union|44b6_eb2880fc:282|130,0,-23.74241501548538
geometry_1_05_focus0,44b6_eb2880fc,44b6_eb2880fc:282,union|44b6_eb2880fc:282|131,0,-23.597559591617586
geometry_1_05_focus0,44b6_eb2880fc,44b6_eb2880fc:282,union|44b6_eb2880fc:282|132,0,-23.7206430797354
geometry_1_05_focus0,44b6_eb2880fc,44b6_eb2880fc:282,union|44b6_eb2880fc:282|133,0,-16.82283834521795
geometry_1_05_focus0,44b6_eb2880fc,44b6_eb2880fc:282,union|44b6_eb2880fc:282|134,0,-22.96997850827021
geometry_1_05_focus0,44b6_eb2880fc,44b6_eb2880fc:282,union|44b6_eb2880fc:282|135,0,-23.479580645884926
geometry_1_05_focus0,44b6_eb2880fc,44b6_eb2880fc:282,union|44b6_eb2880fc:282|136,0,-23.70662352802742
geometry_1_05_focus0,44b6_eb2880fc,44b6_eb2880fc:282,union|44b6_eb2880fc:282|137,0,-21.477273685473016
geometry_1_05_focus0,44b6_eb2880fc,44b6_eb2880fc:282,union|44b6_eb2880fc:282|138,0,-24.033963577546608
geometry_1_05_focus0,44b6_eb2880fc,44b6_eb2880fc:282,union|44b6_eb2880fc:282|139,0,-21.664938939520148
geometry_1_05_focus0,44b6_eb2880fc,44b6_eb2880fc:282,union|44b6_eb2880fc:282|140,0,-21.055948790947255
geometry_1_05_focus0,44b6_eb2880fc,44b6_eb2880fc:282,union|44b6_eb2880fc:282|141,0,-22.187077651089528
geometry_1_05_focus0,44b6_eb2880fc,44b6_eb2880fc:282,union|44b6_eb2880fc:282|142,0,-16.56782698464265
geometry_1_05_focus0,44b6_eb2880fc,44b6_eb2880fc:282,union|44b6_eb2880fc:282|143,0,-21.620214475673087
geometry_1_05_focus0,44b6_eb2880fc,44b6_eb2880fc:282,union|44b6_eb2880fc:282|144,0,-12.117371957550002
geometry_1_05_focus0,44b6_eb2880fc,44b6_eb2880fc:282,union|44b6_eb2880fc:282|145,0,-20.92152971665869
geometry_1_05_focus0,44b6_eb2880fc,44b6_eb2880fc:282,union|44b6_eb2880fc:282|146,0,-15.240058197631324
geometry_1_05_focus0,44b6_eb2880fc,44b6_eb2880fc:282,union|44b6_eb2880fc:282|147,0,-13.818966827421598
geometry_1_05_focus0,44b6_eb2880fc,44b6_eb2880fc:282,union|44b6_eb2880fc:282|148,0,-12.38300138192131
geometry_1_05_focus0,44b6_eb2880fc,44b6_eb2880fc:282,union|44b6_eb2880fc:282|149,0,-19.24977205819971
geometry_1_05_focus0,44b6_eb2880fc,44b6_eb2880fc:282,union|44b6_eb2880fc:282|150,0,-23.362672319240403
geometry_1_05_focus0,44b6_eb2880fc,44b6_eb2880fc:282,union|44b6_eb2880fc:282|151,0,-20.928650877809503
geometry_1_05_focus0,44b6_eb2880fc,44b6_eb2880fc:282,union|44b6_eb2880fc:282|152,0,-18.474361253662877
geometry_1_05_focus0,44b6_eb2880fc,44b6_eb2880fc:282,union|44b6_eb2880fc:282|153,0,-18.65649331222339
geometry_1_05_focus0,44b6_eb2880fc,44b6_eb2880fc:282,union|44b6_eb2880fc:282|154,0,-20.171285361005836
geometry_1_05_focus0,44b6_eb2880fc,44b6_eb2880fc:282,union|44b6_eb2880fc:282|155,0,-18.49330666639657
geometry_1_05_focus0,44b6_eb2880fc,44b6_eb2880fc:282,union|44b6_eb2880fc:282|156,0,-18.355797601483296
geometry_1_05_focus0,44b6_eb2880fc,44b6_eb2880fc:282,union|44b6_eb2880fc:282|157,0,-19.876444878948956
geometry_1_05_focus0,44b6_eb2880fc,44b6_eb2880fc:282,union|44b6_eb2880fc:282|158,0,-17.02551801922109
geometry_1_05_focus0,44b6_eb2880fc,44b6_eb2880fc:282,union|44b6_eb2880fc:282|159,0,-21.502914150598972
geometry_1_05_focus0,44b6_eb2880fc,44b6_eb2880fc:282,union|44b6_eb2880fc:282|160,0,-16.731655528620234
geometry_1_05_focus0,44b6_eb2880fc,44b6_eb2880fc:282,union|44b6_eb2880fc:282|161,0,-18.753191542849464
geometry_1_05_focus0,44b6_eb2880fc,44b6_eb2880fc:282,union|44b6_eb2880fc:282|162,0,-22.07706600589473
geometry_1_05_focus0,44b6_eb2880fc,44b6_eb2880fc:282,union|44b6_eb2880fc:282|163,0,-19.248019983842617
geometry_1_05_focus0,44b6_eb2880fc,44b6_eb2880fc:282,union|44b6_eb2880fc:282|164,0,-23.79949401723325
geometry_1_05_focus0,44b6_eb2880fc,44b6_eb2880fc:282,union|44b6_eb2880fc:282|165,0,-24.3815468652821
geometry_1_05_focus0,44b6_eb2880fc,44b6_eb2880fc:282,union|44b6_eb2880fc:282|166,0,-18.41809737101685
geometry_1_05_focus0,44b6_eb2880fc,44b6_eb2880fc:282,union|44b6_eb2880fc:282|167,0,-21.285945224606944
geometry_1_05_focus0,44b6_eb2880fc,44b6_eb2880fc:282,union|44b6_eb2880fc:282|168,0,-19.453035652909083
geometry_1_05_focus0,44b6_eb2880fc,44b6_eb2880fc:282,union|44b6_eb2880fc:282|169,0,-14.384317539191358
geometry_1_05_focus0,44b6_eb2880fc,44b6_eb2880fc:282,union|44b6_eb2880fc:282|170,0,-9.92662199975404
geometry_1_05_focus0,44b6_eb2880fc,44b6_eb2880fc:282,union|44b6_eb2880fc:282|171,0,-9.804354799061581
geometry_1_05_focus0,44b6_eb2880fc,44b6_eb2880fc:282,union|44b6_eb2880fc:282|172,0,-22.739274658186126
geometry_1_05_focus0,44b6_eb2880fc,44b6_eb2880fc:282,union|44b6_eb2880fc:282|173,0,-16.93069532911118
geometry_1_05_focus0,44b6_eb2880fc,44b6_eb2880fc:282,union|44b6_eb2880fc:282|174,0,-19.907150789771073
geometry_1_05_focus0,44b6_eb2880fc,44b6_eb2880fc:282,union|44b6_eb2880fc:282|175,0,-18.491032377707512
geometry_1_05_focus0,44b6_eb2880fc,44b6_eb2880fc:282,union|44b6_eb2880fc:282|176,0,-15.232897478472001
geometry_1_05_focus0,44b6_eb2880fc,44b6_eb2880fc:282,union|44b6_eb2880fc:282|177,0,-12.709918145640303
geometry_1_05_focus0,44b6_eb2880fc,44b6_eb2880fc:282,union|44b6_eb2880fc:282|178,0,-21.90170906941193
geometry_1_05_focus0,44b6_eb2880fc,44b6_eb2880fc:282,union|44b6_eb2880fc:282|179,0,-11.99532661337637
geometry_1_05_focus0,44b6_eb2880fc,44b6_eb2880fc:282,union|44b6_eb2880fc:282|180,0,-22.543889634246657
geometry_1_05_focus0,6bba_05db0fb1,6bba_05db0fb1:229,union|6bba_05db0fb1:229|0,0,-19.134317129512198
geometry_1_05_focus0,6bba_05db0fb1,6bba_05db0fb1:229,union|6bba_05db0fb1:229|1,0,-21.300850587625977
geometry_1_05_focus0,6bba_05db0fb1,6bba_05db0fb1:229,union|6bba_05db0fb1:229|2,0,-20.118337952141182
geometry_1_05_focus0,6bba_05db0fb1,6bba_05db0fb1:229,union|6bba_05db0fb1:229|3,0,-20.605144991186354
geometry_1_05_focus0,6bba_05db0fb1,6bba_05db0fb1:229,union|6bba_05db0fb1:229|4,0,-22.97240893150763
geometry_1_05_focus0,6bba_05db0fb1,6bba_05db0fb1:229,union|6bba_05db0fb1:229|5,0,-19.201561685379502
geometry_1_05_focus0,6bba_05db0fb1,6bba_05db0fb1:229,union|6bba_05db0fb1:229|6,0,-23.62952423768222
geometry_1_05_focus0,6bba_05db0fb1,6bba_05db0fb1:229,union|6bba_05db0fb1:229|7,0,-22.699965795909357
geometry_1_05_focus0,6bba_05db0fb1,6bba_05db0fb1:229,union|6bba_05db0fb1:229|8,0,-22.624516619064135
geometry_1_05_focus0,6bba_05db0fb1,6bba_05db0fb1:229,union|6bba_05db0fb1:229|9,0,-23.62952423768222
geometry_1_05_focus0,6bba_05db0fb1,6bba_05db0fb1:229,union|6bba_05db0fb1:229|10,0,-23.487543191437645
geometry_1_05_focus0,6bba_05db0fb1,6bba_05db0fb1:229,union|6bba_05db0fb1:229|11,0,-20.80850888590182
geometry_1_05_focus0,6bba_05db0fb1,6bba_05db0fb1:229,union|6bba_05db0fb1:229|12,0,-18.905235158400426
geometry_1_05_focus0,6bba_05db0fb1,6bba_05db0fb1:229,union|6bba_05db0fb1:229|13,0,-23.690649791458256
geometry_1_05_focus0,6bba_05db0fb1,6bba_05db0fb1:229,union|6bba_05db0fb1:229|14,0,-22.780575605093837
geometry_1_05_focus0,6bba_05db0fb1,6bba_05db0fb1:229,union|6bba_05db0fb1:229|15,0,-23.536067102011167
geometry_1_05_focus0,6bba_05db0fb1,6bba_05db0fb1:229,union|6bba_05db0fb1:229|16,0,-14.385497717851043
geometry_1_05_focus0,6bba_05db0fb1,6bba_05db0fb1:229,union|6bba_05db0fb1:229|17,0,-14.780523291625164
geometry_1_05_focus0,6bba_05db0fb1,6bba_05db0fb1:229,union|6bba_05db0fb1:229|18,0,-20.99795271423347
geometry_1_05_focus0,6bba_05db0fb1,6bba_05db0fb1:229,union|6bba_05db0fb1:229|19,0,-16.539317364485864
geometry_1_05_focus0,6bba_05db0fb1,6bba_05db0fb1:229,union|6bba_05db0fb1:229|20,0,-17.14380093898218
geometry_1_05_focus0,6bba_05db0fb1,6bba_05db0fb1:229,union|6bba_05db0fb1:229|21,0,-22.03026598122068
geometry_1_05_focus0,6bba_05db0fb1,6bba_05db0fb1:229,union|6bba_05db0fb1:229|22,0,-20.27994727615757
geometry_1_05_focus0,6bba_05db0fb1,6bba_05db0fb1:229,union|6bba_05db0fb1:229|23,0,-16.320166170868802
geometry_1_05_focus0,6bba_05db0fb1,6bba_05db0fb1:229,union|6bba_05db0fb1:229|24,0,-23.778810392574137
geometry_1_05_focus0,6bba_05db0fb1,6bba_05db0fb1:229,union|6bba_05db0fb1:229|25,0,-25.318986876570957
geometry_1_05_focus0,6bba_05db0fb1,6bba_05db0fb1:229,union|6bba_05db0fb1:229|26,0,-23.053522834743713
geometry_1_05_focus0,6bba_05db0fb1,6bba_05db0fb1:229,union|6bba_05db0fb1:229|27,0,-10.866780777215606
geometry_1_05_focus0,6bba_05db0fb1,6bba_05db0fb1:229,union|6bba_05db0fb1:229|28,0,-16.69375770713266
geometry_1_05_focus0,6bba_05db0fb1,6bba_05db0fb1:229,union|6bba_05db0fb1:229|29,0,-24.851605596831874
geometry_1_05_focus0,6bba_05db0fb1,6bba_05db0fb1:229,union|6bba_05db0fb1:229|30,0,-15.567666731917079
geometry_1_05_focus0,6bba_05db0fb1,6bba_05db0fb1:229,union|6bba_05db0fb1:229|31,0,-20.13061644045514
geometry_1_05_focus0,6bba_05db0fb1,6bba_05db0fb1:229,union|6bba_05db0fb1:229|32,0,-20.84086245088126
geometry_1_05_focus0,6bba_05db0fb1,6bba_05db0fb1:229,union|6bba_05db0fb1:229|33,0,-21.01771933959198
geometry_1_05_focus0,6bba_05db0fb1,6bba_05db0fb1:229,union|6bba_05db0fb1:229|34,0,-21.676047201266137
geometry_1_05_focus0,6bba_05db0fb1,6bba_05db0fb1:229,union|6bba_05db0fb1:229|35,0,-20.53275778250617
geometry_1_05_focus0,6bba_05db0fb1,6bba_05db0fb1:229,union|6bba_05db0fb1:229|36,0,-25.11401493486072
geometry_1_05_focus0,6bba_05db0fb1,6bba_05db0fb1:229,union|6bba_05db0fb1:229|37,0,-23.655866836934155
geometry_1_05_focus0,6bba_05db0fb1,6bba_05db0fb1:229,union|6bba_05db0fb1:229|38,0,-23.851791230974463
geometry_1_05_focus0,6bba_05db0fb1,6bba_05db0fb1:229,union|6bba_05db0fb1:229|39,0,-15.532181915198732
geometry_1_05_focus0,6bba_05db0fb1,6bba_05db0fb1:229,union|6bba_05db0fb1:229|40,0,-23.49689165431031
geometry_1_05_focus0,6bba_05db0fb1,6bba_05db0fb1:229,union|6bba_05db0fb1:229|41,0,-24.38548555380067
geometry_1_05_focus0,6bba_05db0fb1,6bba_05db0fb1:229,union|6bba_05db0fb1:229|42,0,-16.417299872194107
geometry_1_05_focus0,6bba_05db0fb1,6bba_05db0fb1:229,union|6bba_05db0fb1:229|43,0,-17.137330822805524
geometry_1_05_focus0,6bba_05db0fb1,6bba_05db0fb1:229,union|6bba_05db0fb1:229|44,0,-14.665982096633991
geometry_1_05_focus0,6bba_05db0fb1,6bba_05db0fb1:229,union|6bba_05db0fb1:229|45,0,-19.606372165863984
geometry_1_05_focus0,6bba_05db0fb1,6bba_05db0fb1:229,union|6bba_05db0fb1:229|46,0,-22.77690484389522
geometry_1_05_focus0,6bba_05db0fb1,6bba_05db0fb1:229,union|6bba_05db0fb1:229|47,0,-22.699965795909357
geometry_1_05_focus0,6bba_05db0fb1,6bba_05db0fb1:229,union|6bba_05db0fb1:229|48,0,-21.010188679899187
geometry_1_05_focus0,6bba_05db0fb1,6bba_05db0fb1:229,union|6bba_05db0fb1:229|49,0,-13.953431254507759
geometry_1_05_focus0,6bba_05db0fb1,6bba_05db0fb1:229,union|6bba_05db0fb1:229|50,0,-20.27901642822487
geometry_1_05_focus0,6bba_05db0fb1,6bba_05db0fb1:229,union|6bba_05db0fb1:229|51,0,-24.209822049626545
geometry_1_05_focus0,6bba_05db0fb1,6bba_05db0fb1:229,union|6bba_05db0fb1:229|52,0,-23.3789917913269
geometry_1_05_focus0,6bba_05db0fb1,6bba_05db0fb1:229,union|6bba_05db0fb1:229|53,0,-19.482300964683667
geometry_1_05_focus0,6bba_05db0fb1,6bba_05db0fb1:229,union|6bba_05db0fb1:229|54,0,-20.403460256249307
geometry_1_05_focus0,6bba_05db0fb1,6bba_05db0fb1:229,union|6bba_05db0fb1:229|55,0,-14.700608142264812
geometry_1_05_focus0,6bba_05db0fb1,6bba_05db0fb1:229,union|6bba_05db0fb1:229|56,0,-18.950834156797775
geometry_1_05_focus0,6bba_05db0fb1,6bba_05db0fb1:229,union|6bba_05db0fb1:229|57,0,-25.2311297125549
geometry_1_05_focus0,6bba_05db0fb1,6bba_05db0fb1:229,union|6bba_05db0fb1:229|58,0,-13.190097964240055
geometry_1_05_focus0,6bba_05db0fb1,6bba_05db0fb1:229,union|6bba_05db0fb1:229|59,0,-21.323758969925464
geometry_1_05_focus0,6bba_05db0fb1,6bba_05db0fb1:229,union|6bba_05db0fb1:229|60,0,-14.483883206535907
geometry_1_05_focus0,6bba_05db0fb1,6bba_05db0fb1:229,union|6bba_05db0fb1:229|61,0,-16.08421585086213
geometry_1_05_focus0,6bba_05db0fb1,6bba_05db0fb1:229,union|6bba_05db0fb1:229|62,0,-23.655866836934155
geometry_1_05_focus0,6bba_05db0fb1,6bba_05db0fb1:229,union|6bba_05db0fb1:229|63,0,-16.807359639296322
geometry_1_05_focus0,6bba_05db0fb1,6bba_05db0fb1:229,union|6bba_05db0fb1:229|64,0,-15.555490082631266
geometry_1_05_focus0,6bba_05db0fb1,6bba_05db0fb1:229,union|6bba_05db0fb1:229|65,0,-19.776391903869673
geometry_1_05_focus0,6bba_05db0fb1,6bba_05db0fb1:229,union|6bba_05db0fb1:229|66,0,-23.287203604599306
geometry_1_05_focus0,6bba_05db0fb1,6bba_05db0fb1:229,union|6bba_05db0fb1:229|67,0,-22.90887211339916
geometry_1_05_focus0,6bba_05db0fb1,6bba_05db0fb1:229,union|6bba_05db0fb1:229|68,0,-24.989484983138095
geometry_1_05_focus0,6bba_05db0fb1,6bba_05db0fb1:229,union|6bba_05db0fb1:229|69,0,-14.876617408233539
geometry_1_05_focus0,6bba_05db0fb1,6bba_05db0fb1:229,union|6bba_05db0fb1:229|70,0,-15.819887303309233
geometry_1_05_focus0,6bba_05db0fb1,6bba_05db0fb1:229,union|6bba_05db0fb1:229|71,0,-24.277495648233945
geometry_1_05_focus0,6bba_05db0fb1,6bba_05db0fb1:229,union|6bba_05db0fb1:229|72,0,-15.050056707592567
geometry_1_05_focus0,6bba_05db0fb1,6bba_05db0fb1:229,union|6bba_05db0fb1:229|73,0,-20.73257330723198
geometry_1_05_focus0,6bba_05db0fb1,6bba_05db0fb1:229,union|6bba_05db0fb1:229|74,0,-22.117297322561207
geometry_1_05_focus0,6bba_05db0fb1,6bba_05db0fb1:229,union|6bba_05db0fb1:229|75,0,-24.341280251049632
geometry_1_05_focus0,6bba_05db0fb1,6bba_05db0fb1:229,union|6bba_05db0fb1:229|76,0,-23.36045100284881
geometry_1_05_focus0,6bba_05db0fb1,6bba_05db0fb1:229,union|6bba_05db0fb1:229|77,0,-20.585114710650863
geometry_1_05_focus0,6bba_05db0fb1,6bba_05db0fb1:229,union|6bba_05db0fb1:229|78,0,-22.814012023025366
geometry_1_05_focus0,6bba_05db0fb1,6bba_05db0fb1:229,union|6bba_05db0fb1:229|79,0,-21.260835100974717
geometry_1_05_focus0,6bba_05db0fb1,6bba_05db0fb1:229,union|6bba_05db0fb1:229|80,0,-20.696057909571177
geometry_1_05_focus0,6bba_05db0fb1,6bba_05db0fb1:229,union|6bba_05db0fb1:229|81,0,-21.1555314928099
geometry_1_05_focus0,6bba_05db0fb1,6bba_05db0fb1:229,union|6bba_05db0fb1:229|82,0,-20.112557366178883
geometry_1_05_focus0,6bba_05db0fb1,6bba_05db0fb1:229,union|6bba_05db0fb1:229|83,0,-23.347544717325974
geometry_1_05_focus0,6bba_05db0fb1,6bba_05db0fb1:229,union|6bba_05db0fb1:229|84,0,-20.306461985619933
geometry_1_05_focus0,6bba_05db0fb1,6bba_05db0fb1:229,union|6bba_05db0fb1:229|85,0,-19.67314305152225
geometry_1_05_focus0,6bba_05db0fb1,6bba_05db0fb1:229,union|6bba_05db0fb1:229|86,0,-15.82669503983127
geometry_1_05_focus0,6bba_05db0fb1,6bba_05db0fb1:229,union|6bba_05db0fb1:229|87,1,-14.950230943517465
geometry_1_05_focus0,6bba_05db0fb1,6bba_05db0fb1:229,union|6bba_05db0fb1:229|88,0,-15.940730974010872
geometry_1_05_focus0,6bba_05db0fb1,6bba_05db0fb1:229,union|6bba_05db0fb1:229|89,0,-19.007048479436875
geometry_1_05_focus0,6bba_05db0fb1,6bba_05db0fb1:229,union|6bba_05db0fb1:229|90,0,-22.689073792596623
geometry_1_05_focus0,6bba_05db0fb1,6bba_05db0fb1:229,union|6bba_05db0fb1:229|91,0,-21.151549302427554
geometry_1_05_focus0,6bba_05db0fb1,6bba_05db0fb1:229,union|6bba_05db0fb1:229|92,0,-16.61794902109316
geometry_1_05_focus0,6bba_05db0fb1,6bba_05db0fb1:229,union|6bba_05db0fb1:229|93,0,-19.835166952428732
geometry_1_05_focus0,6bba_05db0fb1,6bba_05db0fb1:229,union|6bba_05db0fb1:229|94,0,-14.282737150069384
geometry_1_05_focus0,6bba_05db0fb1,6bba_05db0fb1:229,union|6bba_05db0fb1:229|95,0,-20.272463895459286
geometry_1_05_focus0,6bba_05db0fb1,6bba_05db0fb1:229,union|6bba_05db0fb1:229|96,0,-20.424011534557813
geometry_1_05_focus0,6bba_05db0fb1,6bba_05db0fb1:229,union|6bba_05db0fb1:229|97,0,-16.94984887348029
geometry_1_05_focus0,6bba_05db0fb1,6bba_05db0fb1:229,union|6bba_05db0fb1:229|98,0,-20.006993009023674
geometry_1_05_focus0,6bba_05db0fb1,6bba_05db0fb1:229,union|6bba_05db0fb1:229|99,0,-24.58553818161826
geometry_1_05_focus0,6bba_05db0fb1,6bba_05db0fb1:229,union|6bba_05db0fb1:229|100,0,-23.193949716654735
geometry_1_05_focus0,6bba_05db0fb1,6bba_05db0fb1:229,union|6bba_05db0fb1:229|101,0,-17.26399550423731
geometry_1_05_focus0,6bba_05db0fb1,6bba_05db0fb1:229,union|6bba_05db0fb1:229|102,0,-12.38080077130016
geometry_1_05_focus0,6bba_05db0fb1,6bba_05db0fb1:229,union|6bba_05db0fb1:229|103,0,-21.024572633765295
geometry_1_05_focus0,6bba_05db0fb1,6bba_05db0fb1:229,union|6bba_05db0fb1:229|104,0,-16.871599175949903
geometry_1_05_focus0,6bba_05db0fb1,6bba_05db0fb1:229,union|6bba_05db0fb1:229|105,0,-17.04491633649547
geometry_1_05_focus0,6bba_05db0fb1,6bba_05db0fb1:229,union|6bba_05db0fb1:229|106,0,-20.53275778250617
geometry_1_05_focus0,6bba_05db0fb1,6bba_05db0fb1:229,union|6bba_05db0fb1:229|107,0,-19.780465119321455
geometry_1_05_focus0,6bba_05db0fb1,6bba_05db0fb1:229,union|6bba_05db0fb1:229|108,0,-21.472143271059362
geometry_1_05_focus0,6bba_05db0fb1,6bba_05db0fb1:229,union|6bba_05db0fb1:229|109,0,-22.29294429412484
geometry_1_05_focus0,6bba_05db0fb1,6bba_05db0fb1:229,union|6bba_05db0fb1:229|110,0,-19.94407223617435
geometry_1_05_focus0,6bba_05db0fb1,6bba_05db0fb1:229,union|6bba_05db0fb1:229|111,0,-20.262752906946332
geometry_1_05_focus0,6bba_05db0fb1,6bba_05db0fb1:229,union|6bba_05db0fb1:229|112,0,-20.711111026006247
geometry_1_05_focus0,6bba_05db0fb1,6bba_05db0fb1:229,union|6bba_05db0fb1:229|113,0,-17.224937420950727
geometry_1_05_focus0,6bba_05db0fb1,6bba_05db0fb1:229,union|6bba_05db0fb1:229|114,0,-22.285197865261317
geometry_1_05_focus0,6bba_05db0fb1,6bba_05db0fb1:229,union|6bba_05db0fb1:229|115,0,-24.485493933805294
geometry_1_05_focus0,6bba_05db0fb1,6bba_05db0fb1:229,union|6bba_05db0fb1:229|116,0,-18.67739520854277
geometry_1_05_focus0,6bba_05db0fb1,6bba_05db0fb1:229,union|6bba_05db0fb1:229|117,0,-20.775372773891878
geometry_1_05_focus0,6bba_05db0fb1,6bba_05db0fb1:229,union|6bba_05db0fb1:229|118,0,-20.117048581864335
geometry_1_05_focus0,6bba_05db0fb1,6bba_05db0fb1:229,union|6bba_05db0fb1:229|119,0,-23.959361700898228
geometry_1_05_focus0,6bba_05db0fb1,6bba_05db0fb1:229,union|6bba_05db0fb1:229|120,0,-19.770345138542854
geometry_1_05_focus0,6bba_05db0fb1,6bba_05db0fb1:229,union|6bba_05db0fb1:229|121,0,-16.27227834669428
geometry_1_05_focus0,6bba_05db0fb1,6bba_05db0fb1:229,union|6bba_05db0fb1:229|122,0,-20.3557140079757
geometry_1_05_focus0,6bba_05db0fb1,6bba_05db0fb1:229,union|6bba_05db0fb1:229|123,0,-20.82503863888624
geometry_1_05_focus0,6bba_05db0fb1,6bba_05db0fb1:229,union|6bba_05db0fb1:229|124,0,-20.189746728908638
geometry_1_05_focus0,6bba_05db0fb1,6bba_05db0fb1:229,union|6bba_05db0fb1:229|125,0,-20.14012376181695
geometry_1_05_focus0,6bba_05db0fb1,6bba_05db0fb1:229,union|6bba_05db0fb1:229|126,0,-19.439253515289565
geometry_1_05_focus0,6bba_05db0fb1,6bba_05db0fb1:229,union|6bba_05db0fb1:229|127,0,-19.776391903869673
geometry_1_05_focus0,6bba_05db0fb1,6bba_05db0fb1:229,union|6bba_05db0fb1:229|128,0,-19.471911716421634
geometry_1_05_focus0,6bba_05db0fb1,6bba_05db0fb1:229,union|6bba_05db0fb1:229|129,0,-20.704050465939556
geometry_1_05_focus0,6bba_05db0fb1,6bba_05db0fb1:229,union|6bba_05db0fb1:229|130,0,-18.353953085003067
geometry_1_05_focus0,6bba_05db0fb1,6bba_05db0fb1:229,union|6bba_05db0fb1:229|131,0,-20.77797151260981
geometry_1_05_focus0,6bba_05db0fb1,6bba_05db0fb1:229,union|6bba_05db0fb1:229|132,0,-24.652197810237894
geometry_1_05_focus0,6bba_05db0fb1,6bba_05db0fb1:229,union|6bba_05db0fb1:229|133,0,-16.703301171921044
geometry_1_05_focus0,6bba_05db0fb1,6bba_05db0fb1:229,union|6bba_05db0fb1:229|134,0,-16.128368941704398
geometry_1_05_focus0,6bba_05db0fb1,6bba_05db0fb1:229,union|6bba_05db0fb1:229|135,0,-20.426578535165252
geometry_1_05_focus0,6bba_05db0fb1,6bba_05db0fb1:229,union|6bba_05db0fb1:229|136,0,-6.9410280582245125
geometry_1_05_focus0,6bba_05db0fb1,6bba_05db0fb1:229,union|6bba_05db0fb1:229|137,0,-18.13065819205802
geometry_1_05_focus0,6bba_05db0fb1,6bba_05db0fb1:229,union|6bba_05db0fb1:229|138,0,-16.807359639296322
geometry_1_05_focus0,6bba_05db0fb1,6bba_05db0fb1:229,union|6bba_05db0fb1:229|139,0,-20.586444948727042
geometry_1_05_focus0,6bba_05db0fb1,6bba_05db0fb1:229,union|6bba_05db0fb1:229|140,0,-23.185077800255563
geometry_1_05_focus0,6bba_05db0fb1,6bba_05db0fb1:229,union|6bba_05db0fb1:229|141,0,-19.473984785143358
geometry_1_05_focus0,6bba_05db0fb1,6bba_05db0fb1:229,union|6bba_05db0fb1:229|142,0,-21.360532845654348
geometry_1_05_focus0,6bba_05db0fb1,6bba_05db0fb1:229,union|6bba_05db0fb1:229|143,0,-22.888727492600772
geometry_1_05_focus0,6bba_05db0fb1,6bba_05db0fb1:229,union|6bba_05db0fb1:229|144,0,-23.998259545017063
geometry_1_05_focus0,6bba_05db0fb1,6bba_05db0fb1:229,union|6bba_05db0fb1:229|145,0,-19.645628574737255
geometry_1_05_focus0,6bba_05db0fb1,6bba_05db0fb1:229,union|6bba_05db0fb1:229|146,0,-15.886638827389875
geometry_1_05_focus0,6bba_05db0fb1,6bba_05db0fb1:229,union|6bba_05db0fb1:229|147,0,-20.179379926028062
geometry_1_05_focus0,6bba_05db0fb1,6bba_05db0fb1:229,union|6bba_05db0fb1:229|148,0,-18.06421718563807
geometry_1_05_focus0,6bba_05db0fb1,6bba_05db0fb1:229,union|6bba_05db0fb1:229|149,0,-23.78741873261364
geometry_1_05_focus0,6bba_05db0fb1,6bba_05db0fb1:229,union|6bba_05db0fb1:229|150,0,-25.352550991073358
geometry_1_05_focus0,6bba_05db0fb1,6bba_05db0fb1:229,union|6bba_05db0fb1:229|151,0,-24.14745060257109
geometry_1_05_focus0,6bba_05db0fb1,6bba_05db0fb1:229,union|6bba_05db0fb1:229|152,0,-21.454747080098706
geometry_1_05_focus0,6bba_05db0fb1,6bba_05db0fb1:229,union|6bba_05db0fb1:229|153,0,-21.224738715852368
geometry_1_05_focus0,6bba_05db0fb1,6bba_05db0fb1:229,union|6bba_05db0fb1:229|154,0,-22.01666780530114
geometry_1_05_focus0,6bba_05db0fb1,6bba_05db0fb1:229,union|6bba_05db0fb1:229|155,0,-20.439181360284042
geometry_1_05_focus0,6bba_05db0fb1,6bba_05db0fb1:229,union|6bba_05db0fb1:229|156,0,-23.452047008821967
geometry_1_05_focus0,6bba_05db0fb1,6bba_05db0fb1:229,union|6bba_05db0fb1:229|157,0,-18.356019455489076
geometry_1_05_focus0,6bba_05db0fb1,6bba_05db0fb1:229,union|6bba_05db0fb1:229|158,0,-22.989681422217974
geometry_1_05_focus0,6bba_05db0fb1,6bba_05db0fb1:229,union|6bba_05db0fb1:229|159,0,-23.47073137041044
geometry_1_05_focus0,6bba_05db0fb1,6bba_05db0fb1:229,union|6bba_05db0fb1:229|160,0,-21.19544882431316
geometry_1_05_focus0,6bba_05db0fb1,6bba_05db0fb1:229,union|6bba_05db0fb1:229|161,0,-23.011893262440054
geometry_1_05_focus0,6bba_05db0fb1,6bba_05db0fb1:229,union|6bba_05db0fb1:229|162,0,-23.918883446274677
geometry_1_05_focus0,6bba_05db0fb1,6bba_05db0fb1:229,union|6bba_05db0fb1:229|163,0,-16.832761048311433
geometry_1_05_focus0,6bba_05db0fb1,6bba_05db0fb1:229,union|6bba_05db0fb1:229|164,0,-25.069937839821634
geometry_1_05_focus0,6bba_05db0fb1,6bba_05db0fb1:229,union|6bba_05db0fb1:229|165,0,-15.943650540977346
geometry_1_05_focus0,6bba_05db0fb1,6bba_05db0fb1:229,union|6bba_05db0fb1:229|166,0,-20.363893754597495
geometry_1_05_focus0,6bba_05db0fb1,6bba_05db0fb1:229,union|6bba_05db0fb1:229|167,0,-20.67313051526048
geometry_1_05_focus0,6bba_05db0fb1,6bba_05db0fb1:229,union|6bba_05db0fb1:229|168,0,-16.082923673690146
geometry_1_05_focus0,6bba_05db0fb1,6bba_05db0fb1:229,union|6bba_05db0fb1:229|169,0,-16.68858589692113
geometry_1_05_focus0,6bba_05db0fb1,6bba_05db0fb1:229,union|6bba_05db0fb1:229|170,0,-21.160335788947485
geometry_1_05_focus0,6bba_05db0fb1,6bba_05db0fb1:229,union|6bba_05db0fb1:229|171,0,-19.12145906311248
geometry_1_05_focus0,6bba_05db0fb1,6bba_05db0fb1:229,union|6bba_05db0fb1:229|172,0,-18.388115044682447
geometry_1_05_focus0,6bba_05db0fb1,6bba_05db0fb1:751,union|6bba_05db0fb1:751|0,0,-21.245999485818587
geometry_1_05_focus0,6bba_05db0fb1,6bba_05db0fb1:751,union|6bba_05db0fb1:751|1,0,-16.276446232053473
geometry_1_05_focus0,6bba_05db0fb1,6bba_05db0fb1:751,union|6bba_05db0fb1:751|2,0,-16.60622560012573
geometry_1_05_focus0,6bba_05db0fb1,6bba_05db0fb1:751,union|6bba_05db0fb1:751|3,0,-16.286888040034945
geometry_1_05_focus0,6bba_05db0fb1,6bba_05db0fb1:751,union|6bba_05db0fb1:751|4,0,-16.333614233103837
geometry_1_05_focus0,6bba_05db0fb1,6bba_05db0fb1:751,union|6bba_05db0fb1:751|5,0,-18.61547656140406
geometry_1_05_focus0,6bba_05db0fb1,6bba_05db0fb1:751,union|6bba_05db0fb1:751|6,0,-17.280335523533708
geometry_1_05_focus0,6bba_05db0fb1,6bba_05db0fb1:751,union|6bba_05db0fb1:751|7,0,-21.058404632006287
geometry_1_05_focus0,6bba_05db0fb1,6bba_05db0fb1:751,union|6bba_05db0fb1:751|8,0,-21.33627898368092
geometry_1_05_focus0,6bba_05db0fb1,6bba_05db0fb1:751,union|6bba_05db0fb1:751|9,0,-20.28120363491277
geometry_1_05_focus0,6bba_05db0fb1,6bba_05db0fb1:751,union|6bba_05db0fb1:751|10,0,-21.81547496644692
geometry_1_05_focus0,6bba_05db0fb1,6bba_05db0fb1:751,union|6bba_05db0fb1:751|11,0,-16.200974486739632
geometry_1_05_focus0,6bba_05db0fb1,6bba_05db0fb1:751,union|6bba_05db0fb1:751|12,0,-16.650891251845714
geometry_1_05_focus0,6bba_05db0fb1,6bba_05db0fb1:751,union|6bba_05db0fb1:751|13,0,-20.46269282929083
geometry_1_05_focus0,6bba_05db0fb1,6bba_05db0fb1:751,union|6bba_05db0fb1:751|14,0,-16.744725101935128
geometry_1_05_focus0,6bba_05db0fb1,6bba_05db0fb1:751,union|6bba_05db0fb1:751|15,0,-20.102389442075932
geometry_1_05_focus0,6bba_05db0fb1,6bba_05db0fb1:751,union|6bba_05db0fb1:751|16,0,-18.533627382175318
geometry_1_05_focus0,6bba_05db0fb1,6bba_05db0fb1:751,union|6bba_05db0fb1:751|17,0,-20.968167838416402
geometry_1_05_focus0,6bba_05db0fb1,6bba_05db0fb1:751,union|6bba_05db0fb1:751|18,0,-21.154584262835645
geometry_1_05_focus0,6bba_05db0fb1,6bba_05db0fb1:751,union|6bba_05db0fb1:751|19,0,-21.015234964692834
geometry_1_05_focus0,6bba_05db0fb1,6bba_05db0fb1:751,union|6bba_05db0fb1:751|20,0,-20.727910447565204
geometry_1_05_focus0,6bba_05db0fb1,6bba_05db0fb1:751,union|6bba_05db0fb1:751|21,0,-19.66627855894427
geometry_1_05_focus0,6bba_05db0fb1,6bba_05db0fb1:751,union|6bba_05db0fb1:751|22,0,-21.939620222989596
geometry_1_05_focus0,6bba_05db0fb1,6bba_05db0fb1:751,union|6bba_05db0fb1:751|23,0,-14.737797071005845
geometry_1_05_focus0,6bba_05db0fb1,6bba_05db0fb1:751,union|6bba_05db0fb1:751|24,0,-21.365838418625806
geometry_1_05_focus0,6bba_05db0fb1,6bba_05db0fb1:751,union|6bba_05db0fb1:751|25,0,-20.831231043026296
geometry_1_05_focus0,6bba_05db0fb1,6bba_05db0fb1:751,union|6bba_05db0fb1:751|26,0,-19.63856909232083
geometry_1_05_focus0,6bba_05db0fb1,6bba_05db0fb1:751,union|6bba_05db0fb1:751|27,0,-22.298011064539843
geometry_1_05_focus0,6bba_05db0fb1,6bba_05db0fb1:751,union|6bba_05db0fb1:751|28,0,-19.661921957138865
geometry_1_05_focus0,6bba_05db0fb1,6bba_05db0fb1:751,union|6bba_05db0fb1:751|29,0,-21.316834686651674
geometry_1_05_focus0,6bba_05db0fb1,6bba_05db0fb1:751,union|6bba_05db0fb1:751|30,0,-17.819148938167924
geometry_1_05_focus0,6bba_05db0fb1,6bba_05db0fb1:751,union|6bba_05db0fb1:751|31,0,-19.952918800995377
geometry_1_05_focus0,6bba_05db0fb1,6bba_05db0fb1:751,union|6bba_05db0fb1:751|32,1,-12.009249461739895
geometry_1_05_focus0,6bba_05db0fb1,6bba_05db0fb1:751,union|6bba_05db0fb1:751|33,0,-16.95566130632095
geometry_1_05_focus0,6bba_05db0fb1,6bba_05db0fb1:751,union|6bba_05db0fb1:751|34,0,-15.415565274344374
geometry_1_05_focus0,6bba_05db0fb1,6bba_05db0fb1:751,union|6bba_05db0fb1:751|35,0,-20.312927608570664
geometry_1_05_focus0,6bba_05db0fb1,6bba_05db0fb1:751,union|6bba_05db0fb1:751|36,0,-16.07607803289033
geometry_1_05_focus0,6bba_05db0fb1,6bba_05db0fb1:751,union|6bba_05db0fb1:751|37,0,-25.300592705055458
geometry_1_05_focus0,6bba_05db0fb1,6bba_05db0fb1:751,union|6bba_05db0fb1:751|38,0,-21.709032988836213
geometry_1_05_focus0,6bba_05db0fb1,6bba_05db0fb1:751,union|6bba_05db0fb1:751|39,0,-21.099816795298743
geometry_1_05_focus0,6bba_05db0fb1,6bba_05db0fb1:751,union|6bba_05db0fb1:751|40,0,-15.21945572157913
geometry_1_05_focus0,6bba_05db0fb1,6bba_05db0fb1:751,union|6bba_05db0fb1:751|41,0,-19.67254693279098
geometry_1_05_focus0,6bba_05db0fb1,6bba_05db0fb1:751,union|6bba_05db0fb1:751|42,0,-18.402464827489307
geometry_1_05_focus0,6bba_05db0fb1,6bba_05db0fb1:751,union|6bba_05db0fb1:751|43,0,-14.52287312753629
geometry_1_05_focus0,6bba_05db0fb1,6bba_05db0fb1:751,union|6bba_05db0fb1:751|44,0,-12.823805952498507
geometry_1_05_focus0,6bba_05db0fb1,6bba_05db0fb1:751,union|6bba_05db0fb1:751|45,0,-20.241948299572435
geometry_1_05_focus0,6bba_05db0fb1,6bba_05db0fb1:751,union|6bba_05db0fb1:751|46,0,-19.924921360025294
geometry_1_05_focus0,6bba_05db0fb1,6bba_05db0fb1:751,union|6bba_05db0fb1:751|47,0,-18.59767339346026
geometry_1_05_focus0,6bba_05db0fb1,6bba_05db0fb1:751,union|6bba_05db0fb1:751|48,0,-20.879535721760483
geometry_1_05_focus0,6bba_05db0fb1,6bba_05db0fb1:751,union|6bba_05db0fb1:751|49,0,-20.873069675513108
geometry_1_05_focus0,6bba_05db0fb1,6bba_05db0fb1:751,union|6bba_05db0fb1:751|50,0,-22.637518117371027
geometry_1_05_focus0,6bba_05db0fb1,6bba_05db0fb1:751,union|6bba_05db0fb1:751|51,0,-21.57394719040939
geometry_1_05_focus0,6bba_05db0fb1,6bba_05db0fb1:751,union|6bba_05db0fb1:751|52,0,-13.233195530021638
geometry_1_05_focus0,6bba_05db0fb1,6bba_05db0fb1:751,union|6bba_05db0fb1:751|53,0,-18.00830102380893
geometry_1_05_focus0,6bba_05db0fb1,6bba_05db0fb1:751,union|6bba_05db0fb1:751|54,0,-20.790341855047338
geometry_1_05_focus0,6bba_05db0fb1,6bba_05db0fb1:751,union|6bba_05db0fb1:751|55,0,-20.279879458115612
geometry_1_05_focus0,6bba_05db0fb1,6bba_05db0fb1:751,union|6bba_05db0fb1:751|56,0,-21.73085879724072
geometry_1_05_focus0,6bba_05db0fb1,6bba_05db0fb1:751,union|6bba_05db0fb1:751|57,0,-23.709026158592895
geometry_1_05_focus0,6bba_05db0fb1,6bba_05db0fb1:751,union|6bba_05db0fb1:751|58,0,-16.936375507618983
geometry_1_05_focus0,6bba_05db0fb1,6bba_05db0fb1:751,union|6bba_05db0fb1:751|59,0,-15.08378622257856
geometry_1_05_focus0,6bba_05db0fb1,6bba_05db0fb1:751,union|6bba_05db0fb1:751|60,0,-18.772042234091245
geometry_1_05_focus0,6bba_05db0fb1,6bba_05db0fb1:751,union|6bba_05db0fb1:751|61,0,-18.85377855894427
geometry_1_05_focus0,6bba_05db0fb1,6bba_05db0fb1:751,union|6bba_05db0fb1:751|62,0,-20.83876107612415
geometry_1_05_focus0,6bba_05db0fb1,6bba_05db0fb1:751,union|6bba_05db0fb1:751|63,0,-23.686525708407046
geometry_1_05_focus0,6bba_05db0fb1,6bba_05db0fb1:751,union|6bba_05db0fb1:751|64,0,-24.03268062803493
geometry_1_05_focus0,6bba_05db0fb1,6bba_05db0fb1:751,union|6bba_05db0fb1:751|65,0,-19.820628943215148
geometry_1_05_focus0,6bba_05db0fb1,6bba_05db0fb1:751,union|6bba_05db0fb1:751|66,0,-18.138955572081034
geometry_1_05_focus0,6bba_05db0fb1,6bba_05db0fb1:751,union|6bba_05db0fb1:751|67,0,-11.614477345070664
geometry_1_05_focus0,6bba_05db0fb1,6bba_05db0fb1:751,union|6bba_05db0fb1:751|68,0,-20.26402580906691
geometry_1_05_focus0,6bba_05db0fb1,6bba_05db0fb1:751,union|6bba_05db0fb1:751|69,0,-20.239981758659553
geometry_1_05_focus0,6bba_05db0fb1,6bba_05db0fb1:751,union|6bba_05db0fb1:751|70,0,-21.22578120376672
geometry_1_05_focus0,6bba_05db0fb1,6bba_05db0fb1:751,union|6bba_05db0fb1:751|71,0,-21.022631397634598
geometry_1_05_focus0,6bba_05db0fb1,6bba_05db0fb1:751,union|6bba_05db0fb1:751|72,0,-21.9375
geometry_1_05_focus0,6bba_05db0fb1,6bba_05db0fb1:751,union|6bba_05db0fb1:751|73,0,-23.500376519812136
geometry_1_05_focus0,6bba_05db0fb1,6bba_05db0fb1:751,union|6bba_05db0fb1:751|74,0,-23.906448943711595
geometry_1_05_focus0,6bba_05db0fb1,6bba_05db0fb1:751,union|6bba_05db0fb1:751|75,0,-17.970292442739943
geometry_1_05_focus0,6bba_05db0fb1,6bba_05db0fb1:751,union|6bba_05db0fb1:751|76,0,-21.49525260648344
geometry_1_05_focus0,6bba_05db0fb1,6bba_05db0fb1:751,union|6bba_05db0fb1:751|77,0,-15.543778083601996
geometry_1_05_focus0,6bba_05db0fb1,6bba_05db0fb1:751,union|6bba_05db0fb1:751|78,0,-10.511009446485234
geometry_1_05_focus0,6bba_05db0fb1,6bba_05db0fb1:751,union|6bba_05db0fb1:751|79,0,-17.80080981811484
geometry_1_05_focus0,6bba_05db0fb1,6bba_05db0fb1:751,union|6bba_05db0fb1:751|80,0,-21.64388822874026
geometry_1_05_focus0,6bba_05db0fb1,6bba_05db0fb1:751,union|6bba_05db0fb1:751|81,0,-13.697170672572751
geometry_1_05_focus0,6bba_05db0fb1,6bba_05db0fb1:751,union|6bba_05db0fb1:751|82,0,-22.016721077578744
geometry_1_05_focus0,6bba_05db0fb1,6bba_05db0fb1:751,union|6bba_05db0fb1:751|83,0,-22.728603593320848
geometry_1_05_focus0,6bba_05db0fb1,6bba_05db0fb1:751,union|6bba_05db0fb1:751|84,0,-22.339269593699747
geometry_1_05_focus0,6bba_05db0fb1,6bba_05db0fb1:751,union|6bba_05db0fb1:751|85,0,-21.685686745773495
geometry_1_05_focus0,6bba_05db0fb1,6bba_05db0fb1:751,union|6bba_05db0fb1:751|86,0,-19.794132924698165
geometry_1_05_focus0,6bba_05db0fb1,6bba_05db0fb1:751,union|6bba_05db0fb1:751|87,0,-9.835537752986784
geometry_1_05_focus0,6bba_05db0fb1,6bba_05db0fb1:751,union|6bba_05db0fb1:751|88,0,-17.13610101681317
geometry_1_05_focus0,6bba_05db0fb1,6bba_05db0fb1:751,union|6bba_05db0fb1:751|89,0,-17.511017355810466
geometry_1_05_focus0,6bba_05db0fb1,6bba_05db0fb1:751,union|6bba_05db0fb1:751|90,0,-15.997489958842916
geometry_1_05_focus0,6bba_05db0fb1,6bba_05db0fb1:751,union|6bba_05db0fb1:751|91,0,-11.231337165933489
geometry_1_05_focus0,6bba_05db0fb1,6bba_05db0fb1:751,union|6bba_05db0fb1:751|92,0,-18.113128682488803
geometry_1_05_focus0,6bba_05db0fb1,6bba_05db0fb1:751,union|6bba_05db0fb1:751|93,0,-20.727910447565204
geometry_1_05_focus0,6bba_05db0fb1,6bba_05db0fb1:751,union|6bba_05db0fb1:751|94,0,-18.155832897341064
geometry_1_05_focus0,6bba_05db0fb1,6bba_05db0fb1:751,union|6bba_05db0fb1:751|95,0,-23.435637566375647
geometry_1_05_focus0,6bba_05db0fb1,6bba_05db0fb1:751,union|6bba_05db0fb1:751|96,0,-22.545762158076947
geometry_1_05_focus0,6bba_05db0fb1,6bba_05db0fb1:751,union|6bba_05db0fb1:751|97,0,-21.980260270000862
geometry_1_05_focus0,6bba_05db0fb1,6bba_05db0fb1:751,union|6bba_05db0fb1:751|98,0,-22.54385186991427
geometry_1_05_focus0,6bba_05db0fb1,6bba_05db0fb1:751,union|6bba_05db0fb1:751|99,0,-17.781507062324287
geometry_1_05_focus0,6bba_05db0fb1,6bba_05db0fb1:751,union|6bba_05db0fb1:751|100,0,-15.595832834389963
geometry_1_05_focus0,6bba_05db0fb1,6bba_05db0fb1:751,union|6bba_05db0fb1:751|101,0,-18.441259972014667
geometry_1_05_focus0,6bba_05db0fb1,6bba_05db0fb1:751,union|6bba_05db0fb1:751|102,0,-18.409853319374392
geometry_1_05_focus0,6bba_05db0fb1,6bba_05db0fb1:751,union|6bba_05db0fb1:751|103,0,-15.463789033518001
geometry_1_05_focus0,6bba_05db0fb1,6bba_05db0fb1:751,union|6bba_05db0fb1:751|104,0,-21.015234964692834
geometry_1_05_focus0,6bba_05db0fb1,6bba_05db0fb1:751,union|6bba_05db0fb1:751|105,0,-14.417541384990916
geometry_1_05_focus0,6bba_05db0fb1,6bba_05db0fb1:751,union|6bba_05db0fb1:751|106,0,-19.15842623155119
geometry_1_05_focus0,6bba_05db0fb1,6bba_05db0fb1:751,union|6bba_05db0fb1:751|107,0,-23.581627535481573
geometry_1_05_focus0,6bba_05db0fb1,6bba_05db0fb1:751,union|6bba_05db0fb1:751|108,0,-21.405235769876203
geometry_1_05_focus0,6bba_05db0fb1,6bba_05db0fb1:751,union|6bba_05db0fb1:751|109,0,-21.249271789933793
geometry_1_05_focus0,6bba_05db0fb1,6bba_05db0fb1:751,union|6bba_05db0fb1:751|110,0,-18.670491638064874
geometry_1_05_focus0,6bba_05db0fb1,6bba_05db0fb1:751,union|6bba_05db0fb1:751|111,0,-7.452775472014362
geometry_1_05_focus0,6bba_05db0fb1,6bba_05db0fb1:751,union|6bba_05db0fb1:751|112,0,-14.85242040095436
geometry_1_05_focus0,6bba_05db0fb1,6bba_05db0fb1:751,union|6bba_05db0fb1:751|113,0,-19.28122140461057
geometry_1_05_focus0,6bba_05db0fb1,6bba_05db0fb1:751,union|6bba_05db0fb1:751|114,0,-19.322524559069908
geometry_1_05_focus0,6bba_05db0fb1,6bba_05db0fb1:751,union|6bba_05db0fb1:751|115,0,-12.81375934665811
geometry_1_05_focus0,6bba_05db0fb1,6bba_05db0fb1:751,union|6bba_05db0fb1:751|116,0,-16.497635720392992
geometry_1_05_focus0,6bba_05db0fb1,6bba_05db0fb1:751,union|6bba_05db0fb1:751|117,0,-21.388067813531315
geometry_1_05_focus0,6bba_05db0fb1,6bba_05db0fb1:751,union|6bba_05db0fb1:751|118,0,-24.500129751913747
geometry_1_05_focus0,6bba_05db0fb1,6bba_05db0fb1:751,union|6bba_05db0fb1:751|119,0,-23.479580645884926
geometry_1_05_focus0,6bba_05db0fb1,6bba_05db0fb1:751,union|6bba_05db0fb1:751|120,0,-20.121158052245438
geometry_1_05_focus0,6bba_05db0fb1,6bba_05db0fb1:751,union|6bba_05db0fb1:751|121,0,-21.069631138046525
geometry_1_05_focus0,6bba_05db0fb1,6bba_05db0fb1:751,union|6bba_05db0fb1:751|122,0,-16.133954813215883
geometry_1_05_focus0,6bba_05db0fb1,6bba_05db0fb1:751,union|6bba_05db0fb1:751|123,0,-12.057803617037377
geometry_1_05_focus0,6bba_05db0fb1,6bba_05db0fb1:751,union|6bba_05db0fb1:751|124,0,-20.45131457690554
geometry_1_05_focus0,6bba_05db0fb1,6bba_05db0fb1:751,union|6bba_05db0fb1:751|125,0,-16.504190054439796
geometry_1_05_focus0,6bba_05db0fb1,6bba_05db0fb1:751,union|6bba_05db0fb1:751|126,0,-20.431804661290407
geometry_1_05_focus0,6bba_05db0fb1,6bba_05db0fb1:751,union|6bba_05db0fb1:751|127,0,-22.116954566109484
geometry_1_05_focus0,6bba_05db0fb1,6bba_05db0fb1:751,union|6bba_05db0fb1:751|128,0,-20.684697052696777
geometry_1_05_focus0,6bba_05db0fb1,6bba_05db0fb1:751,union|6bba_05db0fb1:751|129,0,-20.404910756275097
geometry_1_05_focus0,6bba_05db0fb1,6bba_05db0fb1:751,union|6bba_05db0fb1:751|130,0,-18.771087871875665
geometry_1_05_focus0,6bba_05db0fb1,6bba_05db0fb1:751,union|6bba_05db0fb1:751|131,0,-22.394951043779727
geometry_1_05_focus0,6bba_05db0fb1,6bba_05db0fb1:751,union|6bba_05db0fb1:751|132,0,-20.681705410777237
geometry_1_05_focus0,6bba_05db0fb1,6bba_05db0fb1:751,union|6bba_05db0fb1:751|133,0,-21.934113130865583
geometry_1_05_focus0,6bba_05db0fb1,6bba_05db0fb1:751,union|6bba_05db0fb1:751|134,0,-22.57453219576347
geometry_1_05_focus0,6bba_05db0fb1,6bba_05db0fb1:751,union|6bba_05db0fb1:751|135,0,-14.920602468820682
geometry_1_05_focus0,6bba_05db0fb1,6bba_05db0fb1:751,union|6bba_05db0fb1:751|136,0,-15.877941984891812
geometry_1_05_focus0,6bba_05db0fb1,6bba_05db0fb1:751,union|6bba_05db0fb1:751|137,0,-16.499375208436113
geometry_1_05_focus0,6bba_05db0fb1,6bba_05db0fb1:751,union|6bba_05db0fb1:751|138,0,-12.23569438010724
geometry_1_05_focus0,6bba_05db0fb1,6bba_05db0fb1:751,union|6bba_05db0fb1:751|139,0,-23.93767548470333
geometry_1_05_focus0,6bba_05db0fb1,6bba_05db0fb1:751,union|6bba_05db0fb1:751|140,0,-19.17990097190627
geometry_1_05_focus0,6bba_05db0fb1,6bba_05db0fb1:751,union|6bba_05db0fb1:751|141,0,-22.778509096731213
geometry_1_05_focus0,6bba_05db0fb1,6bba_05db0fb1:751,union|6bba_05db0fb1:751|142,0,-19.20664617038052
geometry_1_05_focus0,6bba_05db0fb1,6bba_05db0fb1:751,union|6bba_05db0fb1:751|143,0,-21.311510049930618
geometry_1_05_focus0,6bba_05db0fb1,6bba_05db0fb1:751,union|6bba_05db0fb1:751|144,0,-23.734397031981985
geometry_1_05_focus0,6bba_05db0fb1,6bba_05db0fb1:751,union|6bba_05db0fb1:751|145,0,-23.61154698805101
geometry_1_05_focus0,6bba_05db0fb1,6bba_05db0fb1:751,union|6bba_05db0fb1:751|146,0,-20.358348149188153
geometry_1_05_focus0,6bba_05db0fb1,6bba_05db0fb1:751,union|6bba_05db0fb1:751|147,0,-23.90104580574475
geometry_1_05_focus0,6bba_05db0fb1,6bba_05db0fb1:751,union|6bba_05db0fb1:751|148,0,-24.339431192431086
geometry_1_05_focus0,6bba_05db0fb1,6bba_05db0fb1:751,union|6bba_05db0fb1:751|149,0,-23.702113125312152
geometry_1_05_focus0,6bba_05db0fb1,6bba_05db0fb1:751,union|6bba_05db0fb1:751|150,0,-23.107416090422177
geometry_1_05_focus0,6bba_05db0fb1,6bba_05db0fb1:751,union|6bba_05db0fb1:751|151,0,-21.53855446908298
geometry_1_05_focus0,6bba_05db0fb1,6bba_05db0fb1:751,union|6bba_05db0fb1:751|152,0,-23.342488838055296
geometry_1_05_focus0,6bba_05db0fb1,6bba_05db0fb1:751,union|6bba_05db0fb1:751|153,0,-24.1077718858755
geometry_1_05_focus0,6bba_05db0fb1,6bba_05db0fb1:751,union|6bba_05db0fb1:751|154,0,-23.949200323464233
geometry_1_05_focus0,6bba_05db0fb1,6bba_05db0fb1:751,union|6bba_05db0fb1:751|155,0,-21.799662889252268
geometry_1_05_focus0,6bba_05db0fb1,6bba_05db0fb1:751,union|6bba_05db0fb1:751|156,0,-21.356798510816148
geometry_1_05_focus0,6bba_05db0fb1,6bba_05db0fb1:751,union|6bba_05db0fb1:751|157,0,-20.104995886451025
geometry_1_05_focus0,6bba_05db0fb1,6bba_05db0fb1:751,union|6bba_05db0fb1:751|158,0,-23.04691119423348
geometry_1_05_focus0,6bba_05db0fb1,6bba_05db0fb1:751,union|6bba_05db0fb1:751|159,0,-20.350705484397963
geometry_1_05_focus0,6bba_05db0fb1,6bba_05db0fb1:751,union|6bba_05db0fb1:751|160,0,-18.050324032062754
geometry_1_05_focus0,6bba_05db0fb1,6bba_05db0fb1:751,union|6bba_05db0fb1:751|161,0,-20.971820239577863
geometry_1_05_focus0,6bba_05db0fb1,6bba_05db0fb1:751,union|6bba_05db0fb1:751|162,0,-19.85346803446599
geometry_1_05_focus0,6bba_05db0fb1,6bba_05db0fb1:751,union|6bba_05db0fb1:751|163,0,-21.723449431153433
geometry_1_05_focus0,6bba_05db0fb1,6bba_05db0fb1:751,union|6bba_05db0fb1:751|164,0,-15.52502304839085
geometry_1_05_focus0,6bba_05db0fb1,6bba_05db0fb1:751,union|6bba_05db0fb1:751|165,0,-18.641248282967418
geometry_1_05_focus0,6bba_05db0fb1,6bba_05db0fb1:751,union|6bba_05db0fb1:751|166,0,-19.40576397364686
geometry_1_05_focus0,6bba_05db0fb1,6bba_05db0fb1:751,union|6bba_05db0fb1:751|167,0,-13.131259439505785
geometry_1_05_focus0,6bba_05db0fb1,6bba_05db0fb1:751,union|6bba_05db0fb1:751|168,0,-19.818373020285378
geometry_1_05_focus0,6bba_05db0fb1,6bba_05db0fb1:751,union|6bba_05db0fb1:751|169,0,-15.876552981519865
geometry_1_05_focus0,6bba_05db0fb1,6bba_05db0fb1:751,union|6bba_05db0fb1:751|170,0,-20.700549849316754
geometry_1_05_focus0,6bba_05db0fb1,6bba_05db0fb1:751,union|6bba_05db0fb1:751|171,0,-20.819748292193673
geometry_1_05_focus0,6bba_05db0fb1,6bba_05db0fb1:751,union|6bba_05db0fb1:751|172,0,-15.13299130829854
geometry_1_05_focus0,6bba_207c6aaf,6bba_207c6aaf:146,union|6bba_207c6aaf:146|0,0,-18.456200220074678
geometry_1_05_focus0,6bba_207c6aaf,6bba_207c6aaf:146,union|6bba_207c6aaf:146|1,0,-23.08121326311684
geometry_1_05_focus0,6bba_207c6aaf,6bba_207c6aaf:146,union|6bba_207c6aaf:146|2,0,-25.23357844686644
geometry_1_05_focus0,6bba_207c6aaf,6bba_207c6aaf:146,union|6bba_207c6aaf:146|3,0,-24.09122967309629
geometry_1_05_focus0,6bba_207c6aaf,6bba_207c6aaf:146,union|6bba_207c6aaf:146|4,0,-24.536393473582333
geometry_1_05_focus0,6bba_207c6aaf,6bba_207c6aaf:146,union|6bba_207c6aaf:146|5,0,-18.811841365582012
geometry_1_05_focus0,6bba_207c6aaf,6bba_207c6aaf:146,union|6bba_207c6aaf:146|6,0,-21.344537890289708
geometry_1_05_focus0,6bba_207c6aaf,6bba_207c6aaf:146,union|6bba_207c6aaf:146|7,0,-17.676644660089515
geometry_1_05_focus0,6bba_207c6aaf,6bba_207c6aaf:146,union|6bba_207c6aaf:146|8,0,-18.206908107025832
geometry_1_05_focus0,6bba_207c6aaf,6bba_207c6aaf:146,union|6bba_207c6aaf:146|9,0,-20.3702425971407
geometry_1_05_focus0,6bba_207c6aaf,6bba_207c6aaf:146,union|6bba_207c6aaf:146|10,0,-19.647026115966888
geometry_1_05_focus0,6bba_207c6aaf,6bba_207c6aaf:146,union|6bba_207c6aaf:146|11,0,-23.407827112121424
geometry_1_05_focus0,6bba_207c6aaf,6bba_207c6aaf:146,union|6bba_207c6aaf:146|12,0,-23.579837469708195
geometry_1_05_focus0,6bba_207c6aaf,6bba_207c6aaf:146,union|6bba_207c6aaf:146|13,1,-16.823696820769626
geometry_1_05_focus0,6bba_207c6aaf,6bba_207c6aaf:146,union|6bba_207c6aaf:146|14,0,-20.674487553085925
geometry_1_05_focus0,6bba_207c6aaf,6bba_207c6aaf:146,union|6bba_207c6aaf:146|15,0,-22.815192055070312
geometry_1_05_focus0,6bba_207c6aaf,6bba_207c6aaf:146,union|6bba_207c6aaf:146|16,0,-18.197091926469938
geometry_1_05_focus0,6bba_207c6aaf,6bba_207c6aaf:146,union|6bba_207c6aaf:146|17,0,-23.835290729734787
geometry_1_05_focus0,6bba_207c6aaf,6bba_207c6aaf:146,union|6bba_207c6aaf:146|18,0,-23.112969691177497
geometry_1_05_focus0,6bba_207c6aaf,6bba_207c6aaf:146,union|6bba_207c6aaf:146|19,0,-20.14157610284004
geometry_1_05_focus0,6bba_207c6aaf,6bba_207c6aaf:146,union|6bba_207c6aaf:146|20,0,-22.256488535390055
geometry_1_05_focus0,6bba_207c6aaf,6bba_207c6aaf:146,union|6bba_207c6aaf:146|21,0,-16.513701197773617
geometry_1_05_focus0,6bba_207c6aaf,6bba_207c6aaf:146,union|6bba_207c6aaf:146|22,0,-19.44249332767668
geometry_1_05_focus0,6bba_207c6aaf,6bba_207c6aaf:146,union|6bba_207c6aaf:146|23,0,-19.53433376191488
geometry_1_05_focus0,6bba_207c6aaf,6bba_207c6aaf:146,union|6bba_207c6aaf:146|24,0,-21.98250042473665
geometry_1_05_focus0,6bba_207c6aaf,6bba_207c6aaf:146,union|6bba_207c6aaf:146|25,0,-10.142693253507655
geometry_1_05_focus0,6bba_207c6aaf,6bba_207c6aaf:146,union|6bba_207c6aaf:146|26,0,-23.040648346815477
geometry_1_05_focus0,6bba_207c6aaf,6bba_207c6aaf:146,union|6bba_207c6aaf:146|27,0,-21.780964608157554
geometry_1_05_focus0,6bba_207c6aaf,6bba_207c6aaf:146,union|6bba_207c6aaf:146|28,0,-24.153656213773413
geometry_1_05_focus0,6bba_207c6aaf,6bba_207c6aaf:146,union|6bba_207c6aaf:146|29,0,-17.026534284168168
geometry_1_05_focus0,6bba_207c6aaf,6bba_207c6aaf:146,union|6bba_207c6aaf:146|30,0,-22.75617675942349
geometry_1_05_focus0,6bba_207c6aaf,6bba_207c6aaf:146,union|6bba_207c6aaf:146|31,0,-21.63684021183714
geometry_1_05_focus0,6bba_207c6aaf,6bba_207c6aaf:146,union|6bba_207c6aaf:146|32,0,-18.85050897841313
geometry_1_05_focus0,6bba_207c6aaf,6bba_207c6aaf:146,union|6bba_207c6aaf:146|33,0,-19.540523942160725
geometry_1_05_focus0,6bba_207c6aaf,6bba_207c6aaf:146,union|6bba_207c6aaf:146|34,0,-21.265585269965875
geometry_1_05_focus0,6bba_207c6aaf,6bba_207c6aaf:146,union|6bba_207c6aaf:146|35,0,-20.043544059531126
geometry_1_05_focus0,6bba_207c6aaf,6bba_207c6aaf:146,union|6bba_207c6aaf:146|36,0,-19.04010966979599
geometry_1_05_focus0,6bba_207c6aaf,6bba_207c6aaf:146,union|6bba_207c6aaf:146|37,0,-19.408300402708072
geometry_1_05_focus0,6bba_207c6aaf,6bba_207c6aaf:146,union|6bba_207c6aaf:146|38,0,-21.443432919254374
geometry_1_05_focus0,6bba_207c6aaf,6bba_207c6aaf:146,union|6bba_207c6aaf:146|39,0,-16.44180523171858
geometry_1_05_focus0,6bba_207c6aaf,6bba_207c6aaf:146,union|6bba_207c6aaf:146|40,0,-17.93921082209524
geometry_1_05_focus0,6bba_207c6aaf,6bba_207c6aaf:146,union|6bba_207c6aaf:146|41,0,-24.474997538697576
geometry_1_05_focus0,6bba_207c6aaf,6bba_207c6aaf:146,union|6bba_207c6aaf:146|42,0,-23.019037261079028
geometry_1_05_focus0,6bba_207c6aaf,6bba_207c6aaf:146,union|6bba_207c6aaf:146|43,0,-21.24590252435159
geometry_1_05_focus0,6bba_207c6aaf,6bba_207c6aaf:146,union|6bba_207c6aaf:146|44,0,-23.413531233943473
geometry_1_05_focus0,6bba_207c6aaf,6bba_207c6aaf:146,union|6bba_207c6aaf:146|45,0,-20.575898987148772
geometry_1_05_focus0,6bba_207c6aaf,6bba_207c6aaf:146,union|6bba_207c6aaf:146|46,0,-19.400831612492503
geometry_1_05_focus0,6bba_207c6aaf,6bba_207c6aaf:146,union|6bba_207c6aaf:146|47,0,-21.525093283257398
geometry_1_05_focus0,6bba_207c6aaf,6bba_207c6aaf:146,union|6bba_207c6aaf:146|48,0,-23.75697889129981
geometry_1_05_focus0,6bba_207c6aaf,6bba_207c6aaf:146,union|6bba_207c6aaf:146|49,0,-19.431814823768438
geometry_1_05_focus0,6bba_207c6aaf,6bba_207c6aaf:146,union|6bba_207c6aaf:146|50,0,-23.78272185717595
geometry_1_05_focus0,6bba_207c6aaf,6bba_207c6aaf:146,union|6bba_207c6aaf:146|51,0,-24.272902945718307
geometry_1_05_focus0,6bba_207c6aaf,6bba_207c6aaf:146,union|6bba_207c6aaf:146|52,0,-20.3125
geometry_1_05_focus0,6bba_207c6aaf,6bba_207c6aaf:146,union|6bba_207c6aaf:146|53,0,-24.25971470060577
geometry_1_05_focus0,6bba_207c6aaf,6bba_207c6aaf:146,union|6bba_207c6aaf:146|54,0,-21.738022481293118
geometry_1_05_focus0,6bba_207c6aaf,6bba_207c6aaf:146,union|6bba_207c6aaf:146|55,0,-21.149823308688173
geometry_1_05_focus0,6bba_207c6aaf,6bba_207c6aaf:146,union|6bba_207c6aaf:146|56,0,-15.54300421300362
geometry_1_05_focus0,6bba_207c6aaf,6bba_207c6aaf:146,union|6bba_207c6aaf:146|57,0,-18.801857187512226
geometry_1_05_focus0,6bba_207c6aaf,6bba_207c6aaf:146,union|6bba_207c6aaf:146|58,0,-24.15215712341226
geometry_1_05_focus0,6bba_207c6aaf,6bba_207c6aaf:146,union|6bba_207c6aaf:146|59,0,-21.8446594142294
geometry_1_05_focus0,6bba_207c6aaf,6bba_207c6aaf:146,union|6bba_207c6aaf:146|60,0,-20.6856320975073
geometry_1_05_focus0,6bba_207c6aaf,6bba_207c6aaf:146,union|6bba_207c6aaf:146|61,0,-17.969221342503758
geometry_1_05_focus0,6bba_207c6aaf,6bba_207c6aaf:146,union|6bba_207c6aaf:146|62,0,-18.879727635265567
geometry_1_05_focus0,6bba_207c6aaf,6bba_207c6aaf:146,union|6bba_207c6aaf:146|63,0,-22.988604880629655
geometry_1_05_focus0,6bba_207c6aaf,6bba_207c6aaf:146,union|6bba_207c6aaf:146|64,0,-22.694959169949225
geometry_1_05_focus0,6bba_207c6aaf,6bba_207c6aaf:146,union|6bba_207c6aaf:146|65,0,-22.059019334652653
geometry_1_05_focus0,6bba_207c6aaf,6bba_207c6aaf:146,union|6bba_207c6aaf:146|66,0,-20.814872652321217
geometry_1_05_focus0,6bba_207c6aaf,6bba_207c6aaf:146,union|6bba_207c6aaf:146|67,0,-20.322242655816748
geometry_1_05_focus0,6bba_207c6aaf,6bba_207c6aaf:146,union|6bba_207c6aaf:146|68,0,-22.169961574031078
geometry_1_05_focus0,6bba_32db13fc,6bba_32db13fc:115,union|6bba_32db13fc:115|0,0,-19.18131700185846
geometry_1_05_focus0,6bba_32db13fc,6bba_32db13fc:115,union|6bba_32db13fc:115|1,0,-19.20210509488749
geometry_1_05_focus0,6bba_32db13fc,6bba_32db13fc:115,union|6bba_32db13fc:115|2,0,-23.79625341248986
geometry_1_05_focus0,6bba_32db13fc,6bba_32db13fc:115,union|6bba_32db13fc:115|3,0,-19.117479756717884
geometry_1_05_focus0,6bba_32db13fc,6bba_32db13fc:115,union|6bba_32db13fc:115|4,0,-21.154584262835645
geometry_1_05_focus0,6bba_32db13fc,6bba_32db13fc:115,union|6bba_32db13fc:115|5,0,-23.76257415421301
geometry_1_05_focus0,6bba_32db13fc,6bba_32db13fc:115,union|6bba_32db13fc:115|6,0,-19.949409806978267
geometry_1_05_focus0,6bba_32db13fc,6bba_32db13fc:115,union|6bba_32db13fc:115|7,0,-19.489421670233547
geometry_1_05_focus0,6bba_32db13fc,6bba_32db13fc:115,union|6bba_32db13fc:115|8,0,-22.304426056286445
geometry_1_05_focus0,6bba_32db13fc,6bba_32db13fc:115,union|6bba_32db13fc:115|9,0,-19.825179705138808
geometry_1_05_focus0,6bba_32db13fc,6bba_32db13fc:115,union|6bba_32db13fc:115|10,0,-24.50392282210043
geometry_1_05_focus0,6bba_32db13fc,6bba_32db13fc:115,union|6bba_32db13fc:115|11,0,-20.474328719734157
geometry_1_05_focus0,6bba_32db13fc,6bba_32db13fc:115,union|6bba_32db13fc:115|12,0,-20.697204092470372
geometry_1_05_focus0,6bba_32db13fc,6bba_32db13fc:115,union|6bba_32db13fc:115|13,0,-18.206908107025832
geometry_1_05_focus0,6bba_32db13fc,6bba_32db13fc:115,union|6bba_32db13fc:115|14,0,-12.167090439049897
geometry_1_05_focus0,6bba_32db13fc,6bba_32db13fc:115,union|6bba_32db13fc:115|15,0,-13.950796633893052
geometry_1_05_focus0,6bba_32db13fc,6bba_32db13fc:115,union|6bba_32db13fc:115|16,0,-21.2355460535979
geometry_1_05_focus0,6bba_32db13fc,6bba_32db13fc:115,union|6bba_32db13fc:115|17,0,-22.615772031791174
geometry_1_05_focus0,6bba_32db13fc,6bba_32db13fc:115,union|6bba_32db13fc:115|18,0,-15.801248111634928
geometry_1_05_focus0,6bba_32db13fc,6bba_32db13fc:115,union|6bba_32db13fc:115|19,0,-18.710352080309615
geometry_1_05_focus0,6bba_32db13fc,6bba_32db13fc:115,union|6bba_32db13fc:115|20,0,-21.40831163206503
geometry_1_05_focus0,6bba_32db13fc,6bba_32db13fc:115,union|6bba_32db13fc:115|21,0,-21.674249995711605
geometry_1_05_focus0,6bba_32db13fc,6bba_32db13fc:115,union|6bba_32db13fc:115|22,0,-18.620143759037497
geometry_1_05_focus0,6bba_32db13fc,6bba_32db13fc:115,union|6bba_32db13fc:115|23,0,-15.797588440582597
geometry_1_05_focus0,6bba_32db13fc,6bba_32db13fc:115,union|6bba_32db13fc:115|24,0,-22.63025870945225
geometry_1_05_focus0,6bba_32db13fc,6bba_32db13fc:115,union|6bba_32db13fc:115|25,0,-22.74317408923757
geometry_1_05_focus0,6bba_32db13fc,6bba_32db13fc:115,union|6bba_32db13fc:115|26,0,-22.37930836627679
geometry_1_05_focus0,6bba_32db13fc,6bba_32db13fc:115,union|6bba_32db13fc:115|27,0,-25.533546909807214
geometry_1_05_focus0,6bba_32db13fc,6bba_32db13fc:115,union|6bba_32db13fc:115|28,0,-20.890973154807867
geometry_1_05_focus0,6bba_32db13fc,6bba_32db13fc:115,union|6bba_32db13fc:115|29,0,-20.019236968827652
geometry_1_05_focus0,6bba_32db13fc,6bba_32db13fc:115,union|6bba_32db13fc:115|30,0,-21.057012191258444
geometry_1_05_focus0,6bba_32db13fc,6bba_32db13fc:115,union|6bba_32db13fc:115|31,0,-20.79005284869745
geometry_1_05_focus0,6bba_32db13fc,6bba_32db13fc:115,union|6bba_32db13fc:115|32,0,-15.083063519614395
geometry_1_05_focus0,6bba_32db13fc,6bba_32db13fc:115,union|6bba_32db13fc:115|33,0,-20.434004899475692
geometry_1_05_focus0,6bba_32db13fc,6bba_32db13fc:115,union|6bba_32db13fc:115|34,0,-20.673046308955705
geometry_1_05_focus0,6bba_32db13fc,6bba_32db13fc:115,union|6bba_32db13fc:115|35,0,-15.359855157815197
geometry_1_05_focus0,6bba_32db13fc,6bba_32db13fc:115,union|6bba_32db13fc:115|36,0,-21.542844724015065
geometry_1_05_focus0,6bba_32db13fc,6bba_32db13fc:115,union|6bba_32db13fc:115|37,0,-24.120159026155008
geometry_1_05_focus0,6bba_32db13fc,6bba_32db13fc:115,union|6bba_32db13fc:115|38,0,-22.355740740369786
geometry_1_05_focus0,6bba_32db13fc,6bba_32db13fc:115,union|6bba_32db13fc:115|39,0,-21.26560264789235
geometry_1_05_focus0,6bba_32db13fc,6bba_32db13fc:115,union|6bba_32db13fc:115|40,0,-24.655451096062016
geometry_1_05_focus0,6bba_32db13fc,6bba_32db13fc:115,union|6bba_32db13fc:115|41,0,-20.205205316332545
geometry_1_05_focus0,6bba_32db13fc,6bba_32db13fc:115,union|6bba_32db13fc:115|42,0,-25.672785974386702
geometry_1_05_focus0,6bba_32db13fc,6bba_32db13fc:115,union|6bba_32db13fc:115|43,0,-25.16032702012013
geometry_1_05_focus0,6bba_32db13fc,6bba_32db13fc:115,union|6bba_32db13fc:115|44,0,-24.67307664981972
geometry_1_05_focus0,6bba_32db13fc,6bba_32db13fc:115,union|6bba_32db13fc:115|45,0,-24.819631422635613
geometry_1_05_focus0,6bba_32db13fc,6bba_32db13fc:115,union|6bba_32db13fc:115|46,0,-20.934908310847653
geometry_1_05_focus0,6bba_32db13fc,6bba_32db13fc:115,union|6bba_32db13fc:115|47,0,-16.440189910011224
geometry_1_05_focus0,6bba_32db13fc,6bba_32db13fc:115,union|6bba_32db13fc:115|48,0,-21.235559526564174
geometry_1_05_focus0,6bba_32db13fc,6bba_32db13fc:115,union|6bba_32db13fc:115|49,0,-21.921665174639877
geometry_1_05_focus0,6bba_32db13fc,6bba_32db13fc:115,union|6bba_32db13fc:115|50,0,-19.58790893177182
geometry_1_05_focus0,6bba_32db13fc,6bba_32db13fc:115,union|6bba_32db13fc:115|51,0,-21.37786729653245
geometry_1_05_focus0,6bba_32db13fc,6bba_32db13fc:115,union|6bba_32db13fc:115|52,0,-16.76652881971926
geometry_1_05_focus0,6bba_32db13fc,6bba_32db13fc:115,union|6bba_32db13fc:115|53,0,-17.745267855121263
geometry_1_05_focus0,6bba_32db13fc,6bba_32db13fc:115,union|6bba_32db13fc:115|54,0,-19.489421670233547
geometry_1_05_focus0,6bba_32db13fc,6bba_32db13fc:115,union|6bba_32db13fc:115|55,0,-13.927410598191067
geometry_1_05_focus0,6bba_32db13fc,6bba_32db13fc:115,union|6bba_32db13fc:115|56,0,-18.54050539240989
geometry_1_05_focus0,6bba_32db13fc,6bba_32db13fc:115,union|6bba_32db13fc:115|57,0,-18.091266398048116
geometry_1_05_focus0,6bba_32db13fc,6bba_32db13fc:115,union|6bba_32db13fc:115|58,0,-18.396951125326908
geometry_1_05_focus0,6bba_32db13fc,6bba_32db13fc:115,union|6bba_32db13fc:115|59,0,-18.573695977534992
geometry_1_05_focus0,6bba_32db13fc,6bba_32db13fc:115,union|6bba_32db13fc:115|60,0,-23.275477817599707
geometry_1_05_focus0,6bba_32db13fc,6bba_32db13fc:115,union|6bba_32db13fc:115|61,1,-13.522814185330965
geometry_1_05_focus0,6bba_32db13fc,6bba_32db13fc:115,union|6bba_32db13fc:115|62,0,-19.27288029570569
geometry_1_05_focus0,6bba_32db13fc,6bba_32db13fc:115,union|6bba_32db13fc:115|63,0,-20.24024634996745
geometry_1_05_focus0,6bba_32db13fc,6bba_32db13fc:115,union|6bba_32db13fc:115|64,0,-19.313423806206984
geometry_1_05_focus0,6bba_32db13fc,6bba_32db13fc:115,union|6bba_32db13fc:115|65,0,-23.47443599006478
geometry_1_05_focus0,6bba_32db13fc,6bba_32db13fc:115,union|6bba_32db13fc:115|66,0,-19.186810164739285
geometry_1_05_focus0,6bba_32db13fc,6bba_32db13fc:115,union|6bba_32db13fc:115|67,0,-18.424427919868045
geometry_1_05_focus0,6bba_32db13fc,6bba_32db13fc:115,union|6bba_32db13fc:115|68,0,-17.001128305570678
geometry_1_05_focus0,6bba_32db13fc,6bba_32db13fc:115,union|6bba_32db13fc:115|69,0,-19.227255784896577
geometry_1_05_focus0,6bba_32db13fc,6bba_32db13fc:115,union|6bba_32db13fc:115|70,0,-22.672686006441044
geometry_1_05_focus0,6bba_32db13fc,6bba_32db13fc:115,union|6bba_32db13fc:115|71,0,-25.560633639751057
geometry_1_05_focus0,6bba_32db13fc,6bba_32db13fc:115,union|6bba_32db13fc:115|72,0,-19.66627855894427
geometry_1_05_focus0,6bba_32db13fc,6bba_32db13fc:115,union|6bba_32db13fc:115|73,0,-18.01799421859527
geometry_1_05_focus0,6bba_32db13fc,6bba_32db13fc:115,union|6bba_32db13fc:115|74,0,-15.553521322232463
geometry_1_05_focus0,6bba_32db13fc,6bba_32db13fc:115,union|6bba_32db13fc:115|75,0,-18.452493088320484
geometry_1_05_focus0,6bba_32db13fc,6bba_32db13fc:115,union|6bba_32db13fc:115|76,0,-23.78272185717595
geometry_1_05_focus0,6bba_32db13fc,6bba_32db13fc:115,union|6bba_32db13fc:115|77,0,-17.759042866086617
geometry_1_05_focus0,6bba_32db13fc,6bba_32db13fc:115,union|6bba_32db13fc:115|78,0,-13.858864462860579
geometry_1_05_focus0,6bba_32db13fc,6bba_32db13fc:115,union|6bba_32db13fc:115|79,0,-20.908058049464202
geometry_1_05_focus0,6bba_32db13fc,6bba_32db13fc:115,union|6bba_32db13fc:115|80,0,-19.438755569196758
geometry_1_05_focus0,6bba_32db13fc,6bba_32db13fc:115,union|6bba_32db13fc:115|81,0,-25.64796894855467
geometry_1_05_focus0,6bba_32db13fc,6bba_32db13fc:115,union|6bba_32db13fc:115|82,0,-23.896604996727902
geometry_1_05_focus0,6bba_32db13fc,6bba_32db13fc:115,union|6bba_32db13fc:115|83,0,-21.856258327245804
geometry_1_05_focus0,6bba_32db13fc,6bba_32db13fc:115,union|6bba_32db13fc:115|84,0,-21.42546406324751
geometry_1_05_focus0,6bba_32db13fc,6bba_32db13fc:115,union|6bba_32db13fc:115|85,0,-18.646235709256416
geometry_1_05_focus0,6bba_32db13fc,6bba_32db13fc:115,union|6bba_32db13fc:115|86,0,-24.043985881645167
geometry_1_05_focus0,6bba_32db13fc,6bba_32db13fc:115,union|6bba_32db13fc:115|87,0,-23.656446118467425
geometry_1_05_focus0,6bba_32db13fc,6bba_32db13fc:115,union|6bba_32db13fc:115|88,0,-20.02815903019358
geometry_1_05_focus0,6bba_32db13fc,6bba_32db13fc:115,union|6bba_32db13fc:115|89,0,-22.46558359440338
geometry_1_05_focus0,6bba_32db13fc,6bba_32db13fc:115,union|6bba_32db13fc:115|90,0,-14.713835323611296
geometry_1_05_focus0,6bba_32db13fc,6bba_32db13fc:115,union|6bba_32db13fc:115|91,0,-23.209558695168912
geometry_1_05_focus0,6bba_32db13fc,6bba_32db13fc:115,union|6bba_32db13fc:115|92,0,-16.940900889437135
geometry_1_05_focus0,6bba_32db13fc,6bba_32db13fc:115,union|6bba_32db13fc:115|93,0,-21.15698792006193
geometry_1_05_focus0,6bba_32db13fc,6bba_32db13fc:115,union|6bba_32db13fc:115|94,0,-18.52694160002996
geometry_1_05_focus0,6bba_32db13fc,6bba_32db13fc:115,union|6bba_32db13fc:115|95,0,-24.007130055180518
geometry_1_05_focus0,6bba_32db13fc,6bba_32db13fc:115,union|6bba_32db13fc:115|96,0,-8.41235826779628
geometry_1_05_focus0,6bba_32db13fc,6bba_32db13fc:115,union|6bba_32db13fc:115|97,0,-19.425011040537264
geometry_1_05_focus0,6bba_32db13fc,6bba_32db13fc:115,union|6bba_32db13fc:115|98,0,-20.849823184377545
geometry_1_05_focus0,6bba_32db13fc,6bba_32db13fc:115,union|6bba_32db13fc:115|99,0,-23.713665986478905
geometry_1_05_focus0,6bba_32db13fc,6bba_32db13fc:115,union|6bba_32db13fc:115|100,0,-22.746314875325854
geometry_1_05_focus0,6bba_32db13fc,6bba_32db13fc:115,union|6bba_32db13fc:115|101,0,-19.54439468389013
geometry_1_05_focus0,6bba_32db13fc,6bba_32db13fc:115,union|6bba_32db13fc:115|102,0,-19.19289419290379
geometry_1_05_focus0,6bba_32db13fc,6bba_32db13fc:115,union|6bba_32db13fc:115|103,0,-22.691555664893592
geometry_1_05_focus0,6bba_32db13fc,6bba_32db13fc:115,union|6bba_32db13fc:115|104,0,-20.177372777989696
geometry_1_05_focus0,6bba_32db13fc,6bba_32db13fc:115,union|6bba_32db13fc:115|105,0,-22.11271830193637
geometry_1_05_focus0,6bba_32db13fc,6bba_32db13fc:115,union|6bba_32db13fc:115|106,0,-20.716950839585206
geometry_1_05_focus0,6bba_32db13fc,6bba_32db13fc:115,union|6bba_32db13fc:115|107,0,-17.424106396153793
geometry_1_05_focus0,6bba_32db13fc,6bba_32db13fc:115,union|6bba_32db13fc:115|108,0,-20.012057085663876
geometry_1_05_focus0,6bba_32db13fc,6bba_32db13fc:115,union|6bba_32db13fc:115|109,0,-20.814872652321217
geometry_1_05_focus0,6bba_32db13fc,6bba_32db13fc:115,union|6bba_32db13fc:115|110,0,-16.664403102461932
geometry_1_05_focus0,6bba_32db13fc,6bba_32db13fc:115,union|6bba_32db13fc:115|111,0,-17.47598695680234
geometry_1_05_focus0,6bba_32db13fc,6bba_32db13fc:115,union|6bba_32db13fc:115|112,0,-17.967149820617188
geometry_1_05_focus0,6bba_32db13fc,6bba_32db13fc:115,union|6bba_32db13fc:115|113,0,-21.530493902581924
geometry_1_05_focus0,6bba_32db13fc,6bba_32db13fc:115,union|6bba_32db13fc:115|114,0,-24.08518811132422
geometry_1_05_focus0,6bba_32db13fc,6bba_32db13fc:115,union|6bba_32db13fc:115|115,0,-20.96461087877631
geometry_1_05_focus0,6bba_32db13fc,6bba_32db13fc:115,union|6bba_32db13fc:115|116,0,-19.445076460977305
geometry_1_05_focus0,6bba_32db13fc,6bba_32db13fc:115,union|6bba_32db13fc:115|117,0,-20.895413625860492
geometry_1_05_focus0,6bba_32db13fc,6bba_32db13fc:115,union|6bba_32db13fc:115|118,0,-19.748882676908725
geometry_1_05_focus0,6bba_32db13fc,6bba_32db13fc:115,union|6bba_32db13fc:115|119,0,-17.037441614603136
geometry_1_05_focus0,6bba_32db13fc,6bba_32db13fc:115,union|6bba_32db13fc:115|120,0,-19.155180557953372
geometry_1_05_focus0,6bba_32db13fc,6bba_32db13fc:115,union|6bba_32db13fc:115|121,0,-19.876268569155872
geometry_1_05_focus0,6bba_32db13fc,6bba_32db13fc:115,union|6bba_32db13fc:115|122,0,-21.670411258947237
geometry_1_05_focus0,6bba_32db13fc,6bba_32db13fc:115,union|6bba_32db13fc:115|123,0,-18.51572395789229
geometry_1_05_focus0,6bba_32db13fc,6bba_32db13fc:115,union|6bba_32db13fc:115|124,0,-18.872905089883176
geometry_1_05_focus0,6bba_32db13fc,6bba_32db13fc:115,union|6bba_32db13fc:115|125,0,-23.560268501237573
geometry_1_05_focus0,6bba_32db13fc,6bba_32db13fc:115,union|6bba_32db13fc:115|126,0,-23.798721384017433
geometry_1_05_focus0,6bba_32db13fc,6bba_32db13fc:115,union|6bba_32db13fc:115|127,0,-24.738189590504614
geometry_1_05_focus0,6bba_32db13fc,6bba_32db13fc:115,union|6bba_32db13fc:115|128,0,-16.160715910818276
geometry_1_05_focus0,6bba_32db13fc,6bba_32db13fc:115,union|6bba_32db13fc:115|129,0,-24.583366935243433
geometry_1_05_focus0,6bba_32db13fc,6bba_32db13fc:115,union|6bba_32db13fc:115|130,0,-20.130436128821376
geometry_1_05_focus0,6bba_32db13fc,6bba_32db13fc:115,union|6bba_32db13fc:115|131,0,-19.1862482221004
geometry_1_05_focus0,6bba_32db13fc,6bba_32db13fc:115,union|6bba_32db13fc:115|132,0,-20.642028551340285
geometry_1_05_focus0,6bba_32db13fc,6bba_32db13fc:115,union|6bba_32db13fc:115|133,0,-23.48105938405179
geometry_1_05_focus0,6bba_32db13fc,6bba_32db13fc:115,union|6bba_32db13fc:115|134,0,-21.8573511043898
geometry_1_05_focus0,6bba_32db13fc,6bba_32db13fc:115,union|6bba_32db13fc:115|135,0,-19.69910159514304
geometry_1_05_focus0,6bba_32db13fc,6bba_32db13fc:115,union|6bba_32db13fc:115|136,0,-22.874815111817036
geometry_1_05_focus0,6bba_32db13fc,6bba_32db13fc:115,union|6bba_32db13fc:115|137,0,-20.343034778925105
geometry_1_05_focus0,6bba_32db13fc,6bba_32db13fc:115,union|6bba_32db13fc:115|138,0,-23.847107782476805
geometry_1_05_focus0,6bba_474be664,6bba_474be664:205,union|6bba_474be664:205|0,0,-21.761931454995008
geometry_1_05_focus0,6bba_474be664,6bba_474be664:205,union|6bba_474be664:205|1,0,-20.86651928847659
geometry_1_05_focus0,6bba_474be664,6bba_474be664:205,union|6bba_474be664:205|2,0,-22.405492872792983
geometry_1_05_focus0,6bba_474be664,6bba_474be664:205,union|6bba_474be664:205|3,0,-24.353603593320848
geometry_1_05_focus0,6bba_474be664,6bba_474be664:205,union|6bba_474be664:205|4,0,-24.05309706616775
geometry_1_05_focus0,6bba_474be664,6bba_474be664:205,union|6bba_474be664:205|5,0,-21.43565513257238
geometry_1_05_focus0,6bba_474be664,6bba_474be664:205,union|6bba_474be664:205|6,0,-19.081573634702888
geometry_1_05_focus0,6bba_474be664,6bba_474be664:205,union|6bba_474be664:205|7,0,-20.067867754153788
geometry_1_05_focus0,6bba_474be664,6bba_474be664:205,union|6bba_474be664:205|8,0,-24.99533731789402
geometry_1_05_focus0,6bba_474be664,6bba_474be664:205,union|6bba_474be664:205|9,0,-21.880803760084554
geometry_1_05_focus0,6bba_474be664,6bba_474be664:205,union|6bba_474be664:205|10,0,-24.08111215118555
geometry_1_05_focus0,6bba_474be664,6bba_474be664:205,union|6bba_474be664:205|11,0,-23.851791230974463
geometry_1_05_focus0,6bba_474be664,6bba_474be664:205,union|6bba_474be664:205|12,0,-24.23071089905093
geometry_1_05_focus0,6bba_474be664,6bba_474be664:205,union|6bba_474be664:205|13,0,-24.414245498184876
geometry_1_05_focus0,6bba_474be664,6bba_474be664:205,union|6bba_474be664:205|14,0,-23.087112240865384
geometry_1_05_focus0,6bba_474be664,6bba_474be664:205,union|6bba_474be664:205|15,0,-23.40863857200516
geometry_1_05_focus0,6bba_474be664,6bba_474be664:205,union|6bba_474be664:205|16,0,-21.738022481293118
geometry_1_05_focus0,6bba_474be664,6bba_474be664:205,union|6bba_474be664:205|17,0,-23.686542459034
geometry_1_05_focus0,6bba_474be664,6bba_474be664:205,union|6bba_474be664:205|18,0,-21.06230209096926
geometry_1_05_focus0,6bba_474be664,6bba_474be664:205,union|6bba_474be664:205|19,0,-23.99073924928076
geometry_1_05_focus0,6bba_474be664,6bba_474be664:205,union|6bba_474be664:205|20,0,-23.582981488956825
geometry_1_05_focus0,6bba_474be664,6bba_474be664:205,union|6bba_474be664:205|21,0,-22.973404370956075
geometry_1_05_focus0,6bba_474be664,6bba_474be664:205,union|6bba_474be664:205|22,0,-17.33219550344581
geometry_1_05_focus0,6bba_474be664,6bba_474be664:205,union|6bba_474be664:205|23,0,-19.24676844753119
geometry_1_05_focus0,6bba_474be664,6bba_474be664:205,union|6bba_474be664:205|24,0,-20.424689970733144
geometry_1_05_focus0,6bba_474be664,6bba_474be664:205,union|6bba_474be664:205|25,0,-20.744022394316225
geometry_1_05_focus0,6bba_474be664,6bba_474be664:205,union|6bba_474be664:205|26,0,-20.22291841708929
geometry_1_05_focus0,6bba_474be664,6bba_474be664:205,union|6bba_474be664:205|27,0,-25.098158514668903
geometry_1_05_focus0,6bba_474be664,6bba_474be664:205,union|6bba_474be664:205|28,0,-20.92674670461013
geometry_1_05_focus0,6bba_474be664,6bba_474be664:205,union|6bba_474be664:205|29,0,-24.82147107683791
geometry_1_05_focus0,6bba_474be664,6bba_474be664:205,union|6bba_474be664:205|30,0,-24.20463482726432
geometry_1_05_focus0,6bba_474be664,6bba_474be664:205,union|6bba_474be664:205|31,0,-24.82147107683791
geometry_1_05_focus0,6bba_474be664,6bba_474be664:205,union|6bba_474be664:205|32,0,-17.210725513182272
geometry_1_05_focus0,6bba_474be664,6bba_474be664:205,union|6bba_474be664:205|33,0,-18.700802220156064
geometry_1_05_focus0,6bba_474be664,6bba_474be664:205,union|6bba_474be664:205|34,0,-23.030471719225847
geometry_1_05_focus0,6bba_474be664,6bba_474be664:205,union|6bba_474be664:205|35,0,-12.26632754161094
geometry_1_05_focus0,6bba_474be664,6bba_474be664:205,union|6bba_474be664:205|36,0,-21.738022481293118
geometry_1_05_focus0,6bba_474be664,6bba_474be664:205,union|6bba_474be664:205|37,1,-11.530608948663392
geometry_1_05_focus0,6bba_474be664,6bba_474be664:205,union|6bba_474be664:205|38,0,-18.73912521165736
geometry_1_05_focus0,6bba_474be664,6bba_474be664:205,union|6bba_474be664:205|39,0,-17.451415810804043
geometry_1_05_focus0,6bba_474be664,6bba_474be664:205,union|6bba_474be664:205|40,0,-21.98765095069431
geometry_1_05_focus0,6bba_474be664,6bba_474be664:205,union|6bba_474be664:205|41,0,-17.278739317332864
geometry_1_05_focus0,6bba_474be664,6bba_474be664:205,union|6bba_474be664:205|42,0,-17.42549475148161
geometry_1_05_focus0,6bba_474be664,6bba_474be664:205,union|6bba_474be664:205|43,0,-17.725224551485013
geometry_1_05_focus0,6bba_474be664,6bba_474be664:205,union|6bba_474be664:205|44,0,-22.609639760900805
geometry_1_05_focus0,6bba_474be664,6bba_474be664:205,union|6bba_474be664:205|45,0,-19.822366491842537
geometry_1_05_focus0,6bba_474be664,6bba_474be664:205,union|6bba_474be664:205|46,0,-24.51249716133337
geometry_1_05_focus0,6bba_474be664,6bba_474be664:205,union|6bba_474be664:205|47,0,-24.235749187718852
geometry_1_05_focus0,6bba_474be664,6bba_474be664:205,union|6bba_474be664:205|48,0,-21.623263777241874
geometry_1_05_focus0,6bba_474be664,6bba_474be664:205,union|6bba_474be664:205|49,0,-19.445076460977305
geometry_1_05_focus0,6bba_474be664,6bba_474be664:205,union|6bba_474be664:205|50,0,-16.643927363111754
geometry_1_05_focus0,6bba_474be664,6bba_474be664:205,union|6bba_474be664:205|51,0,-20.229322621360296
geometry_1_05_focus0,6bba_474be664,6bba_474be664:205,union|6bba_474be664:205|52,0,-16.71872673704444
geometry_1_05_focus0,6bba_474be664,6bba_474be664:205,union|6bba_474be664:205|53,0,-22.713089233052827
geometry_1_05_focus0,6bba_474be664,6bba_474be664:205,union|6bba_474be664:205|54,0,-21.057012191258444
geometry_1_05_focus0,6bba_474be664,6bba_474be664:205,union|6bba_474be664:205|55,0,-20.751229995804792
geometry_1_05_focus0,6bba_474be664,6bba_474be664:205,union|6bba_474be664:205|56,0,-24.73558682310904
geometry_1_05_focus0,6bba_474be664,6bba_474be664:205,union|6bba_474be664:205|57,0,-21.424398070586214
geometry_1_05_focus0,6bba_474be664,6bba_474be664:205,union|6bba_474be664:205|58,0,-24.60101494077172
geometry_1_05_focus0,6bba_474be664,6bba_474be664:205,union|6bba_474be664:205|59,0,-18.700802220156064
geometry_1_05_focus0,6bba_474be664,6bba_474be664:205,union|6bba_474be664:205|60,0,-20.043544059531126
geometry_1_05_focus0,6bba_474be664,6bba_474be664:205,union|6bba_474be664:205|61,0,-22.24915658883544
geometry_1_05_focus0,6bba_474be664,6bba_474be664:205,union|6bba_474be664:205|62,0,-18.700802220156064
geometry_1_05_focus0,6bba_474be664,6bba_474be664:205,union|6bba_474be664:205|63,0,-23.04297762837434
geometry_1_05_focus0,6bba_474be664,6bba_474be664:205,union|6bba_474be664:205|64,0,-22.903631260758928
geometry_1_05_focus0,6bba_474be664,6bba_474be664:205,union|6bba_474be664:205|65,0,-20.048848197734443
geometry_1_05_focus0,6bba_474be664,6bba_474be664:205,union|6bba_474be664:205|66,0,-23.416090215025505
geometry_1_05_focus0,6bba_474be664,6bba_474be664:205,union|6bba_474be664:205|67,0,-21.668447968940395
geometry_1_05_focus0,6bba_474be664,6bba_474be664:205,union|6bba_474be664:205|68,0,-21.963921171749355
geometry_1_05_focus0,6bba_474be664,6bba_474be664:205,union|6bba_474be664:205|69,0,-23.235153997341243
geometry_1_05_focus0,6bba_474be664,6bba_474be664:205,union|6bba_474be664:205|70,0,-18.419653375994866
geometry_1_05_focus0,6bba_474be664,6bba_474be664:205,union|6bba_474be664:205|71,0,-23.030471719225847
geometry_1_05_focus0,6bba_474be664,6bba_474be664:205,union|6bba_474be664:205|72,0,-22.777681851840942
geometry_1_05_focus0,6bba_474be664,6bba_474be664:205,union|6bba_474be664:205|73,0,-22.366675745340544
geometry_1_05_focus0,6bba_474be664,6bba_474be664:205,union|6bba_474be664:205|74,0,-23.571659862719052
geometry_1_05_focus0,6bba_474be664,6bba_474be664:205,union|6bba_474be664:205|75,0,-23.620080680456937
geometry_1_05_focus0,6bba_474be664,6bba_474be664:205,union|6bba_474be664:205|76,0,-22.23843675365785
geometry_1_05_focus0,6bba_474be664,6bba_474be664:205,union|6bba_474be664:205|77,0,-14.200995994628697
geometry_1_05_focus0,6bba_474be664,6bba_474be664:205,union|6bba_474be664:205|78,0,-18.54204369983471
geometry_1_05_focus0,6bba_474be664,6bba_474be664:205,union|6bba_474be664:205|79,0,-15.276277796108259
geometry_1_05_focus0,6bba_474be664,6bba_474be664:205,union|6bba_474be664:205|80,0,-21.695754354728145
geometry_1_05_focus0,6bba_474be664,6bba_474be664:205,union|6bba_474be664:205|81,0,-16.743288212292974
geometry_1_05_focus0,6bba_474be664,6bba_474be664:205,union|6bba_474be664:205|82,0,-15.127397712625331
geometry_1_05_focus0,6bba_474be664,6bba_474be664:205,union|6bba_474be664:205|83,0,-15.987804002858585
geometry_1_05_focus0,6bba_474be664,6bba_474be664:205,union|6bba_474be664:205|84,0,-23.41449226608327
geometry_1_05_focus0,6bba_474be664,6bba_474be664:205,union|6bba_474be664:205|85,0,-22.39378607729669
geometry_1_05_focus0,6bba_474be664,6bba_474be664:205,union|6bba_474be664:205|86,0,-22.209696859118658
geometry_1_05_focus0,6bba_474be664,6bba_474be664:205,union|6bba_474be664:205|87,0,-22.860717018084333
geometry_1_05_focus0,6bba_474be664,6bba_474be664:205,union|6bba_474be664:205|88,0,-21.60772783908739
geometry_1_05_focus0,6bba_474be664,6bba_474be664:205,union|6bba_474be664:205|89,0,-15.889718043215707
geometry_1_05_focus0,6bba_474be664,6bba_474be664:205,union|6bba_474be664:205|90,0,-20.772959453125825
geometry_1_05_focus0,6bba_474be664,6bba_474be664:205,union|6bba_474be664:205|91,0,-19.98800209653755
geometry_1_05_focus0,6bba_474be664,6bba_474be664:205,union|6bba_474be664:205|92,0,-23.156938970090025
geometry_1_05_focus0,6bba_474be664,6bba_474be664:205,union|6bba_474be664:205|93,0,-19.347699735333475
geometry_1_05_focus0,6bba_474be664,6bba_474be664:205,union|6bba_474be664:205|94,0,-18.491846916560565
geometry_1_05_focus0,6bba_474be664,6bba_474be664:205,union|6bba_474be664:205|95,0,-16.87146263834547
geometry_1_05_focus0,6bba_474be664,6bba_474be664:205,union|6bba_474be664:205|96,0,-17.17070920106598
geometry_1_05_focus0,6bba_474be664,6bba_474be664:205,union|6bba_474be664:205|97,0,-12.653726274290703
geometry_1_05_focus0,6bba_474be664,6bba_474be664:205,union|6bba_474be664:205|98,0,-15.98161933006851
geometry_1_05_focus0,6bba_474be664,6bba_474be664:205,union|6bba_474be664:205|99,0,-13.740515506976207
geometry_1_05_focus0,6bba_474be664,6bba_474be664:205,union|6bba_474be664:205|100,0,-21.72785073722658
geometry_1_05_focus0,6bba_474be664,6bba_474be664:205,union|6bba_474be664:205|101,0,-20.194591203209455
geometry_1_05_focus0,6bba_474be664,6bba_474be664:205,union|6bba_474be664:205|102,0,-19.014947140911957
geometry_1_05_focus0,6bba_474be664,6bba_474be664:205,union|6bba_474be664:205|103,0,-20.62172158233201
geometry_1_05_focus0,6bba_474be664,6bba_474be664:205,union|6bba_474be664:205|104,0,-23.767464921313852
geometry_1_05_focus0,6bba_474be664,6bba_474be664:205,union|6bba_474be664:205|105,0,-21.792301464115983
geometry_1_05_focus0,6bba_474be664,6bba_474be664:205,union|6bba_474be664:205|106,0,-17.628762496067992
geometry_1_05_focus0,6bba_474be664,6bba_474be664:205,union|6bba_474be664:205|107,0,-16.08421585086213
geometry_1_05_focus0,6bba_474be664,6bba_474be664:205,union|6bba_474be664:205|108,0,-19.563188105781066
geometry_1_05_focus0,6bba_474be664,6bba_474be664:205,union|6bba_474be664:205|109,0,-23.90542234644791
geometry_1_05_focus0,6bba_474be664,6bba_474be664:205,union|6bba_474be664:205|110,0,-18.194796236106708
geometry_1_05_focus0,6bba_474be664,6bba_474be664:205,union|6bba_474be664:205|111,0,-19.345847215761765
geometry_1_05_focus0,6bba_474be664,6bba_474be664:205,union|6bba_474be664:205|112,0,-18.435646417901733
geometry_1_05_focus0,6bba_474be664,6bba_474be664:205,union|6bba_474be664:205|113,0,-17.64996327893241
geometry_1_05_focus0,6bba_474be664,6bba_474be664:205,union|6bba_474be664:205|114,0,-15.707646214079912
geometry_1_05_focus0,6bba_474be664,6bba_474be664:205,union|6bba_474be664:205|115,0,-20.338805717004274
geometry_1_05_focus0,6bba_474be664,6bba_474be664:205,union|6bba_474be664:205|116,0,-21.47898588211303
geometry_1_05_focus0,6bba_474be664,6bba_474be664:205,union|6bba_474be664:205|117,0,-20.41662618912263
geometry_1_05_focus0,6bba_474be664,6bba_474be664:205,union|6bba_474be664:205|118,0,-17.997801238183385
geometry_1_05_focus0,6bba_474be664,6bba_474be664:205,union|6bba_474be664:205|119,0,-21.08116950485747
geometry_1_05_focus0,6bba_474be664,6bba_474be664:205,union|6bba_474be664:205|120,0,-16.938216150063333
geometry_1_05_focus0,6bba_474be664,6bba_474be664:205,union|6bba_474be664:205|121,0,-19.55209318304112
geometry_1_05_focus0,6bba_474be664,6bba_474be664:205,union|6bba_474be664:205|122,0,-21.197014746031037
geometry_1_05_focus0,6bba_474be664,6bba_474be664:205,union|6bba_474be664:205|123,0,-19.99750174677902
geometry_1_05_focus0,6bba_474be664,6bba_474be664:205,union|6bba_474be664:205|124,0,-19.66711703209916
geometry_1_05_focus0,6bba_474be664,6bba_474be664:205,union|6bba_474be664:205|125,0,-14.906650040709557
geometry_1_05_focus0,6bba_474be664,6bba_474be664:205,union|6bba_474be664:205|126,0,-13.367196075638937
geometry_1_05_focus0,6bba_474be664,6bba_474be664:205,union|6bba_474be664:205|127,0,-21.72785073722658
geometry_1_05_focus0,6bba_474be664,6bba_474be664:205,union|6bba_474be664:205|128,0,-22.200691372053477
geometry_1_05_focus0,6bba_474be664,6bba_474be664:205,union|6bba_474be664:205|129,0,-21.852949533392874
geometry_1_05_focus0,6bba_474be664,6bba_474be664:205,union|6bba_474be664:205|130,0,-19.63321863060822
geometry_1_05_focus0,6bba_474be664,6bba_474be664:205,union|6bba_474be664:205|131,0,-22.275082030860208
geometry_1_05_focus0,6bba_474be664,6bba_474be664:205,union|6bba_474be664:205|132,0,-14.981449414642247
geometry_1_05_focus0,6bba_474be664,6bba_474be664:205,union|6bba_474be664:205|133,0,-22.732446622646723
geometry_1_05_focus0,6bba_474be664,6bba_474be664:205,union|6bba_474be664:205|134,0,-20.288892151475117
geometry_1_05_focus0,6bba_474be664,6bba_474be664:205,union|6bba_474be664:205|135,0,-19.488223525650888
geometry_1_05_focus0,6bba_474be664,6bba_474be664:205,union|6bba_474be664:205|136,0,-18.68024266040633
geometry_1_05_focus0,6bba_474be664,6bba_474be664:205,union|6bba_474be664:205|137,0,-23.47822851726486
geometry_1_05_focus0,6bba_474be664,6bba_474be664:205,union|6bba_474be664:205|138,0,-21.94404834399082
geometry_1_05_focus0,6bba_474be664,6bba_474be664:205,union|6bba_474be664:205|139,0,-16.962054702710223
geometry_1_05_focus0,6bba_474be664,6bba_474be664:205,union|6bba_474be664:205|140,0,-23.681848964691774
geometry_1_05_focus0,6bba_474be664,6bba_474be664:205,union|6bba_474be664:205|141,0,-17.689169816450367
geometry_1_05_focus0,6bba_474be664,6bba_474be664:205,union|6bba_474be664:205|142,0,-17.752761081265668
geometry_1_05_focus0,6bba_474be664,6bba_474be664:205,union|6bba_474be664:205|143,0,-24.783244279861382
geometry_1_05_focus0,6bba_5c039895,6bba_5c039895:121,union|6bba_5c039895:121|0,0,-19.679530208778125
geometry_1_05_focus0,6bba_5c039895,6bba_5c039895:121,union|6bba_5c039895:121|1,0,-22.517135349943473
geometry_1_05_focus0,6bba_5c039895,6bba_5c039895:121,union|6bba_5c039895:121|2,0,-20.908225431178728
geometry_1_05_focus0,6bba_5c039895,6bba_5c039895:121,union|6bba_5c039895:121|3,0,-19.340968028319427
geometry_1_05_focus0,6bba_5c039895,6bba_5c039895:121,union|6bba_5c039895:121|4,0,-21.921372928520903
geometry_1_05_focus0,6bba_5c039895,6bba_5c039895:121,union|6bba_5c039895:121|5,0,-19.046141126334465
geometry_1_05_focus0,6bba_5c039895,6bba_5c039895:121,union|6bba_5c039895:121|6,0,-17.721033611725545
geometry_1_05_focus0,6bba_5c039895,6bba_5c039895:121,union|6bba_5c039895:121|7,1,-10.12716369888933
geometry_1_05_focus0,6bba_5c039895,6bba_5c039895:121,union|6bba_5c039895:121|8,0,-22.24915658883544
geometry_1_05_focus0,6bba_5c039895,6bba_5c039895:121,union|6bba_5c039895:121|9,0,-15.585845392423487
geometry_1_05_focus0,6bba_5c039895,6bba_5c039895:121,union|6bba_5c039895:121|10,0,-17.873710183038657
geometry_1_05_focus0,6bba_5c039895,6bba_5c039895:121,union|6bba_5c039895:121|11,0,-20.09904498100859
geometry_1_05_focus0,6bba_5c039895,6bba_5c039895:680,union|6bba_5c039895:680|0,0,-21.020561354059456
geometry_1_05_focus0,6bba_5c039895,6bba_5c039895:680,union|6bba_5c039895:680|1,0,-17.100383538078184
geometry_1_05_focus0,6bba_5c039895,6bba_5c039895:680,union|6bba_5c039895:680|2,0,-15.819583353015652
geometry_1_05_focus0,6bba_5c039895,6bba_5c039895:680,union|6bba_5c039895:680|3,0,-23.960807299022257
geometry_1_05_focus0,6bba_5c039895,6bba_5c039895:680,union|6bba_5c039895:680|4,0,-25.12516664477309
geometry_1_05_focus0,6bba_5c039895,6bba_5c039895:680,union|6bba_5c039895:680|5,1,-13.135222036712083
geometry_1_05_focus0,6bba_5c039895,6bba_5c039895:680,union|6bba_5c039895:680|6,0,-19.993356828813326
geometry_1_05_focus0,6bba_5c039895,6bba_5c039895:680,union|6bba_5c039895:680|7,0,-20.908225431178728
geometry_1_05_focus0,6bba_705ec2c9,6bba_705ec2c9:250,union|6bba_705ec2c9:250|0,0,-19.253762496067992
geometry_1_05_focus0,6bba_705ec2c9,6bba_705ec2c9:250,union|6bba_705ec2c9:250|1,0,-19.476077523658255
geometry_1_05_focus0,6bba_705ec2c9,6bba_705ec2c9:250,union|6bba_705ec2c9:250|2,0,-20.878762496067992
geometry_1_05_focus0,6bba_705ec2c9,6bba_705ec2c9:250,union|6bba_705ec2c9:250|3,0,-15.594100882394265
geometry_1_05_focus0,6bba_705ec2c9,6bba_705ec2c9:250,union|6bba_705ec2c9:250|4,0,-13.687616424446484
geometry_1_05_focus0,6bba_705ec2c9,6bba_705ec2c9:250,union|6bba_705ec2c9:250|5,0,-10.016036103190048
geometry_1_05_focus0,6bba_705ec2c9,6bba_705ec2c9:250,union|6bba_705ec2c9:250|6,0,-15.13148322036496
geometry_1_05_focus0,6bba_705ec2c9,6bba_705ec2c9:250,union|6bba_705ec2c9:250|7,0,-18.428769106220393
geometry_1_05_focus0,6bba_705ec2c9,6bba_705ec2c9:250,union|6bba_705ec2c9:250|8,1,-13.13418550430324
geometry_1_05_focus0,6bba_705ec2c9,6bba_705ec2c9:250,union|6bba_705ec2c9:250|9,0,-13.340334313489613
geometry_1_05_focus0,6bba_705ec2c9,6bba_705ec2c9:250,union|6bba_705ec2c9:250|10,0,-18.420787359297186
geometry_1_05_focus0,6bba_705ec2c9,6bba_705ec2c9:250,union|6bba_705ec2c9:250|11,0,-15.685841180709303
geometry_1_05_focus0,6bba_705ec2c9,6bba_705ec2c9:250,union|6bba_705ec2c9:250|12,0,-15.935747934797002
geometry_1_05_focus0,6bba_705ec2c9,6bba_705ec2c9:250,union|6bba_705ec2c9:250|13,0,-20.789917305310524
geometry_1_05_focus0,6bba_7af54fde,6bba_7af54fde:556,union|6bba_7af54fde:556|0,0,-23.04784836345567
geometry_1_05_focus0,6bba_7af54fde,6bba_7af54fde:556,union|6bba_7af54fde:556|1,1,-19.924921360025294
geometry_1_05_focus0,6bba_7af54fde,6bba_7af54fde:556,union|6bba_7af54fde:556|2,0,-22.094750348355117
geometry_1_05_focus0,6bba_7af54fde,6bba_7af54fde:556,union|6bba_7af54fde:556|3,0,-21.88124273922527
geometry_1_05_focus0,6bba_7af54fde,6bba_7af54fde:556,union|6bba_7af54fde:556|4,0,-18.66228697138231
geometry_1_05_focus0,6bba_7af54fde,6bba_7af54fde:556,union|6bba_7af54fde:556|5,0,-19.44249332767668
geometry_1_05_focus0,6bba_7af54fde,6bba_7af54fde:556,union|6bba_7af54fde:556|6,0,-20.134410094811834
geometry_1_05_focus0,6bba_7af54fde,6bba_7af54fde:556,union|6bba_7af54fde:556|7,0,-21.87605085966978
geometry_1_05_focus0,6bba_7af54fde,6bba_7af54fde:556,union|6bba_7af54fde:556|8,0,-18.482762795269196
geometry_1_05_focus0,6bba_7af54fde,6bba_7af54fde:556,union|6bba_7af54fde:556|9,0,-19.752146828026007
geometry_1_05_focus0,6bba_7af54fde,6bba_7af54fde:556,union|6bba_7af54fde:556|10,0,-19.476082233137674
geometry_1_05_focus0,6bba_7af54fde,6bba_7af54fde:556,union|6bba_7af54fde:556|11,0,-24.102049623362426
geometry_1_05_focus0,6bba_7af54fde,6bba_7af54fde:556,union|6bba_7af54fde:556|12,0,-21.278011833759017
geometry_1_05_focus0,6bba_7af54fde,6bba_7af54fde:556,union|6bba_7af54fde:556|13,0,-15.778792649149008
geometry_1_05_focus0,6bba_7af54fde,6bba_7af54fde:556,union|6bba_7af54fde:556|14,0,-21.723134298915916
geometry_1_05_focus0,6bba_7af54fde,6bba_7af54fde:556,union|6bba_7af54fde:556|15,0,-24.76555533836968
geometry_1_05_focus0,6bba_7af54fde,6bba_7af54fde:556,union|6bba_7af54fde:556|16,0,-21.323397260727937
geometry_1_05_focus0,6bba_7af54fde,6bba_7af54fde:556,union|6bba_7af54fde:556|17,0,-17.911270154415433
geometry_1_05_focus0,6bba_7af54fde,6bba_7af54fde:590,union|6bba_7af54fde:590|0,0,-23.08397372295478
geometry_1_05_focus0,6bba_7af54fde,6bba_7af54fde:590,union|6bba_7af54fde:590|1,0,-21.248718515388504
geometry_1_05_focus0,6bba_7af54fde,6bba_7af54fde:590,union|6bba_7af54fde:590|2,0,-21.60772783908739
geometry_1_05_focus0,6bba_7af54fde,6bba_7af54fde:590,union|6bba_7af54fde:590|3,0,-23.37240036458305
geometry_1_05_focus0,6bba_7af54fde,6bba_7af54fde:590,union|6bba_7af54fde:590|4,0,-21.093542736970438
geometry_1_05_focus0,6bba_7af54fde,6bba_7af54fde:590,union|6bba_7af54fde:590|5,0,-21.423239477167613
geometry_1_05_focus0,6bba_7af54fde,6bba_7af54fde:590,union|6bba_7af54fde:590|6,0,-16.192491680587654
geometry_1_05_focus0,6bba_7af54fde,6bba_7af54fde:590,union|6bba_7af54fde:590|7,0,-15.964902395547233
geometry_1_05_focus0,6bba_7af54fde,6bba_7af54fde:590,union|6bba_7af54fde:590|8,0,-17.338523502705357
geometry_1_05_focus0,6bba_7af54fde,6bba_7af54fde:590,union|6bba_7af54fde:590|9,0,-21.475140094551872
geometry_1_05_focus0,6bba_7af54fde,6bba_7af54fde:590,union|6bba_7af54fde:590|10,1,-16.228663883706815
geometry_1_05_focus0,6bba_7af54fde,6bba_7af54fde:590,union|6bba_7af54fde:590|11,0,-21.620071969861414
geometry_1_05_focus0,6bba_7af54fde,6bba_7af54fde:590,union|6bba_7af54fde:590|12,0,-13.62589281159357
geometry_1_05_focus0,6bba_7af54fde,6bba_7af54fde:590,union|6bba_7af54fde:590|13,0,-17.392570727855187
geometry_1_05_focus0,6bba_7af54fde,6bba_7af54fde:590,union|6bba_7af54fde:590|14,0,-18.227104437427187
geometry_1_05_focus0,6bba_7af54fde,6bba_7af54fde:590,union|6bba_7af54fde:590|15,0,-21.248718515388504
geometry_1_05_focus0,6bba_7af54fde,6bba_7af54fde:590,union|6bba_7af54fde:590|16,0,-2.0197335394217264
geometry_1_05_focus0,6bba_7af54fde,6bba_7af54fde:590,union|6bba_7af54fde:590|17,0,-17.114694721374196
geometry_1_05_focus0,6bba_7af54fde,6bba_7af54fde:590,union|6bba_7af54fde:590|18,0,-13.07513548091628
geometry_1_05_focus0,6bba_7af54fde,6bba_7af54fde:590,union|6bba_7af54fde:590|19,0,-19.471251119758623
geometry_1_05_focus0,6bba_7af54fde,6bba_7af54fde:590,union|6bba_7af54fde:590|20,0,-22.59448470287961
geometry_1_05_focus0,6bba_7af54fde,6bba_7af54fde:590,union|6bba_7af54fde:590|21,0,-13.313637812827448
geometry_1_05_focus0,6bba_7af54fde,6bba_7af54fde:590,union|6bba_7af54fde:590|22,0,-21.485238271943484
geometry_1_05_focus0,6bba_7af54fde,6bba_7af54fde:590,union|6bba_7af54fde:590|23,0,-19.88408912334123
geometry_1_05_focus0,6bba_7af54fde,6bba_7af54fde:590,union|6bba_7af54fde:590|24,0,-22.157185737988414
geometry_1_05_focus0,6bba_7af54fde,6bba_7af54fde:590,union|6bba_7af54fde:590|25,0,-17.116333034600313
geometry_1_05_focus0,6bba_7af54fde,6bba_7af54fde:590,union|6bba_7af54fde:590|26,0,-22.3588195210854
geometry_1_05_focus0,6bba_7af54fde,6bba_7af54fde:590,union|6bba_7af54fde:590|27,0,-18.076335747675046
geometry_1_05_focus0,6bba_7af54fde,6bba_7af54fde:590,union|6bba_7af54fde:590|28,0,-21.370068449729388
geometry_1_05_focus0,6bba_7af54fde,6bba_7af54fde:590,union|6bba_7af54fde:590|29,0,-21.38542775225347
geometry_1_05_focus0,6bba_7af54fde,6bba_7af54fde:590,union|6bba_7af54fde:590|30,0,-17.306651033749596
geometry_1_05_focus0,6bba_907271db,6bba_907271db:902,union|6bba_907271db:902|0,1,-16.224428717744548
geometry_1_05_focus0,6bba_afb141ff,6bba_afb141ff:115,union|6bba_afb141ff:115|0,1,-17.081788055405344
geometry_1_05_focus0,6bba_afb141ff,6bba_afb141ff:115,union|6bba_afb141ff:115|1,0,-16.87703149658693
geometry_1_05_focus0,6bba_afb141ff,6bba_afb141ff:115,union|6bba_afb141ff:115|2,0,-21.1126322471079
geometry_1_05_focus0,6bba_afb141ff,6bba_afb141ff:115,union|6bba_afb141ff:115|3,0,-19.319734868856244
geometry_1_05_focus0,6bba_afb141ff,6bba_afb141ff:115,union|6bba_afb141ff:115|4,0,-13.954390798187557
geometry_1_05_focus0,6bba_afb141ff,6bba_afb141ff:115,union|6bba_afb141ff:115|5,0,-23.726061760930953
geometry_1_05_focus0,6bba_afb141ff,6bba_afb141ff:115,union|6bba_afb141ff:115|6,0,-12.575245779729475
geometry_1_05_focus0,6bba_afb141ff,6bba_afb141ff:115,union|6bba_afb141ff:115|7,0,-17.40557447932182
geometry_1_05_focus0,6bba_afb141ff,6bba_afb141ff:115,union|6bba_afb141ff:115|8,0,-16.52770342584002
geometry_1_05_focus0,6bba_afb141ff,6bba_afb141ff:115,union|6bba_afb141ff:115|9,0,-22.380110519269294
geometry_1_05_focus0,6bba_afb141ff,6bba_afb141ff:115,union|6bba_afb141ff:115|10,0,-13.709349504354662
geometry_1_05_focus0,6bba_afb141ff,6bba_afb141ff:115,union|6bba_afb141ff:115|11,0,-18.43248823735189
geometry_1_05_focus0,6bba_afb141ff,6bba_afb141ff:115,union|6bba_afb141ff:115|12,0,-20.178301200565482
geometry_1_05_focus0,6bba_afb141ff,6bba_afb141ff:115,union|6bba_afb141ff:115|13,0,-22.717197813432637
geometry_1_05_focus0,6bba_afb141ff,6bba_afb141ff:115,union|6bba_afb141ff:115|14,0,-23.54100999857348
geometry_1_05_focus0,6bba_afb141ff,6bba_afb141ff:115,union|6bba_afb141ff:115|15,0,-13.307290425999977
geometry_1_05_focus0,6bba_afb141ff,6bba_afb141ff:115,union|6bba_afb141ff:115|16,0,-18.876839361407413
geometry_1_05_focus0,6bba_afb141ff,6bba_afb141ff:115,union|6bba_afb141ff:115|17,0,-19.78715907668289
geometry_1_05_focus0,6bba_afb141ff,6bba_afb141ff:304,union|6bba_afb141ff:304|0,0,-24.076791983057788
geometry_1_05_focus0,6bba_afb141ff,6bba_afb141ff:304,union|6bba_afb141ff:304|1,1,-15.638479804873281
geometry_1_05_focus0,6bba_afb141ff,6bba_afb141ff:304,union|6bba_afb141ff:304|2,0,-19.44248686545162
geometry_1_05_focus0,6bba_afb141ff,6bba_afb141ff:304,union|6bba_afb141ff:304|3,0,-21.248706408984333
geometry_1_05_focus0,6bba_afb141ff,6bba_afb141ff:304,union|6bba_afb141ff:304|4,0,-21.851459073502806
geometry_1_05_focus0,6bba_afb141ff,6bba_afb141ff:304,union|6bba_afb141ff:304|5,0,-20.671462681011008
geometry_1_05_focus0,6bba_d1acb6ff,6bba_d1acb6ff:414,union|6bba_d1acb6ff:414|0,1,-9.803536005659275
geometry_1_05_focus0,6bba_d1acb6ff,6bba_d1acb6ff:414,union|6bba_d1acb6ff:414|1,0,-23.907220075230505
geometry_1_05_focus0,6bba_d1acb6ff,6bba_d1acb6ff:414,union|6bba_d1acb6ff:414|2,0,-19.779902140580184
geometry_1_05_focus0,6bba_d1acb6ff,6bba_d1acb6ff:414,union|6bba_d1acb6ff:414|3,0,-16.717219396453284
geometry_1_05_focus0,6bba_d1acb6ff,6bba_d1acb6ff:414,union|6bba_d1acb6ff:414|4,0,-21.629155723348312
geometry_1_05_focus0,6bba_d1acb6ff,6bba_d1acb6ff:414,union|6bba_d1acb6ff:414|5,0,-19.7092273949733
geometry_1_05_focus0,6bba_d1acb6ff,6bba_d1acb6ff:414,union|6bba_d1acb6ff:414|6,0,-16.011860192748507
geometry_1_05_focus0,6bba_d1acb6ff,6bba_d1acb6ff:414,union|6bba_d1acb6ff:414|7,0,-17.20563362790903
geometry_1_05_focus0,6bba_d1acb6ff,6bba_d1acb6ff:414,union|6bba_d1acb6ff:414|8,0,-20.229948377546194
geometry_1_05_focus0,6bba_d1acb6ff,6bba_d1acb6ff:414,union|6bba_d1acb6ff:414|9,0,-16.70874594435344
geometry_1_05_focus0,6bba_d1acb6ff,6bba_d1acb6ff:414,union|6bba_d1acb6ff:414|10,0,-16.363000616498745
geometry_1_05_focus0,6bba_d1acb6ff,6bba_d1acb6ff:414,union|6bba_d1acb6ff:414|11,0,-19.86746142723969
geometry_1_05_focus0,6bba_d1acb6ff,6bba_d1acb6ff:414,union|6bba_d1acb6ff:414|12,0,-21.743219337545675
geometry_1_05_focus0,6bba_d1acb6ff,6bba_d1acb6ff:414,union|6bba_d1acb6ff:414|13,0,-18.262579620390003
geometry_1_05_focus0,6bba_d1acb6ff,6bba_d1acb6ff:414,union|6bba_d1acb6ff:414|14,0,-16.029648800242356
geometry_1_05_focus0,6bba_d1acb6ff,6bba_d1acb6ff:414,union|6bba_d1acb6ff:414|15,0,-17.982659881663817
geometry_1_05_focus0,6bba_d1acb6ff,6bba_d1acb6ff:414,union|6bba_d1acb6ff:414|16,0,-24.04311272478094
geometry_1_05_focus0,6bba_d1acb6ff,6bba_d1acb6ff:414,union|6bba_d1acb6ff:414|17,0,-21.706002633815437
geometry_1_05_focus0,6bba_d1acb6ff,6bba_d1acb6ff:414,union|6bba_d1acb6ff:414|18,0,-22.677175866733343
geometry_1_05_focus0,6bba_d1acb6ff,6bba_d1acb6ff:414,union|6bba_d1acb6ff:414|19,0,-18.79314527678796
geometry_1_05_focus0,6bba_d1acb6ff,6bba_d1acb6ff:414,union|6bba_d1acb6ff:414|20,0,-16.414998475499935
geometry_1_05_focus0,6bba_d1acb6ff,6bba_d1acb6ff:414,union|6bba_d1acb6ff:414|21,0,-16.76284238498214
geometry_1_05_focus0,6bba_d1acb6ff,6bba_d1acb6ff:414,union|6bba_d1acb6ff:414|22,0,-19.44078761196925
geometry_1_05_focus0,6bba_d1acb6ff,6bba_d1acb6ff:414,union|6bba_d1acb6ff:414|23,0,-12.662030670570331
geometry_1_05_focus0,6bba_d1acb6ff,6bba_d1acb6ff:414,union|6bba_d1acb6ff:414|24,0,-16.870833212542323
geometry_1_05_focus0,6bba_d1acb6ff,6bba_d1acb6ff:414,union|6bba_d1acb6ff:414|25,0,-16.062156752994685
geometry_1_05_focus0,6bba_e16ffc58,6bba_e16ffc58:331,union|6bba_e16ffc58:331|0,0,-11.890893245182696
geometry_1_05_focus0,6bba_e16ffc58,6bba_e16ffc58:331,union|6bba_e16ffc58:331|1,0,-19.0039730057245
geometry_1_05_focus0,6bba_e16ffc58,6bba_e16ffc58:331,union|6bba_e16ffc58:331|2,0,-7.444350598886809
geometry_1_05_focus0,6bba_e16ffc58,6bba_e16ffc58:331,union|6bba_e16ffc58:331|3,0,-12.696701714759904
geometry_1_05_focus0,6bba_e16ffc58,6bba_e16ffc58:331,union|6bba_e16ffc58:331|4,0,-16.070851991649306
geometry_1_05_focus0,6bba_e16ffc58,6bba_e16ffc58:331,union|6bba_e16ffc58:331|5,0,-15.454914922848006
geometry_1_05_focus0,6bba_e16ffc58,6bba_e16ffc58:331,union|6bba_e16ffc58:331|6,0,-12.628537514411764
geometry_1_05_focus0,6bba_e16ffc58,6bba_e16ffc58:331,union|6bba_e16ffc58:331|7,0,-15.639062407533435
geometry_1_05_focus0,6bba_e16ffc58,6bba_e16ffc58:331,union|6bba_e16ffc58:331|8,1,-14.188990284038976
geometry_1_05_focus0,6bba_e16ffc58,6bba_e16ffc58:331,union|6bba_e16ffc58:331|9,0,-14.577988165555762
geometry_1_05_focus0,6bba_e16ffc58,6bba_e16ffc58:331,union|6bba_e16ffc58:331|10,0,-16.962374156874017
geometry_1_05_focus0,6bba_e16ffc58,6bba_e16ffc58:331,union|6bba_e16ffc58:331|11,0,-17.786607843038972
geometry_1_05_focus0,6bba_e16ffc58,6bba_e16ffc58:331,union|6bba_e16ffc58:331|12,0,-14.079204021031297
geometry_1_05_focus0,6bba_e16ffc58,6bba_e16ffc58:331,union|6bba_e16ffc58:331|13,0,-21.36708634969416
geometry_1_05_focus0,6bba_e16ffc58,6bba_e16ffc58:331,union|6bba_e16ffc58:331|14,0,-21.162404071578763
geometry_1_05_focus0,6bba_e16ffc58,6bba_e16ffc58:331,union|6bba_e16ffc58:331|15,0,-21.282615148650834
geometry_1_05_focus0,6bba_e16ffc58,6bba_e16ffc58:331,union|6bba_e16ffc58:331|16,0,-21.107648055892803
geometry_1_05_focus0,6bba_e16ffc58,6bba_e16ffc58:331,union|6bba_e16ffc58:331|17,0,-20.68551117607489
geometry_1_05_focus0,6bba_e16ffc58,6bba_e16ffc58:331,union|6bba_e16ffc58:331|18,0,-12.344706811724574
geometry_1_05_focus0,6bba_e16ffc58,6bba_e16ffc58:331,union|6bba_e16ffc58:331|19,0,-16.783453415667
geometry_1_05_focus0,6bba_e16ffc58,6bba_e16ffc58:331,union|6bba_e16ffc58:331|20,0,-16.548875742608715
geometry_1_05_focus0,6bba_e16ffc58,6bba_e16ffc58:331,union|6bba_e16ffc58:331|21,0,-13.165013232782623
geometry_1_05_focus0,6bba_e16ffc58,6bba_e16ffc58:331,union|6bba_e16ffc58:331|22,0,-17.102653377444152
geometry_1_05_focus0,6bba_e16ffc58,6bba_e16ffc58:331,union|6bba_e16ffc58:331|23,0,-20.780567060927254
geometry_1_05_focus0,6bba_e16ffc58,6bba_e16ffc58:331,union|6bba_e16ffc58:331|24,0,-12.747089015181547
geometry_1_05_focus0,6bba_e16ffc58,6bba_e16ffc58:331,union|6bba_e16ffc58:331|25,0,-17.527752374310346
geometry_1_05_focus0,6bba_e16ffc58,6bba_e16ffc58:331,union|6bba_e16ffc58:331|26,0,-12.196740132328156
geometry_1_05_focus0,6bba_e16ffc58,6bba_e16ffc58:331,union|6bba_e16ffc58:331|27,0,-17.844064809920873
geometry_1_05_focus0,6bba_fe670320,6bba_fe670320:4,union|6bba_fe670320:4|0,1,-13.324141703396839
geometry_1_05_focus0,6bba_fe670320,6bba_fe670320:4,union|6bba_fe670320:4|1,0,-11.45865718905038
geometry_1_05_focus0,6bba_fe670320,6bba_fe670320:4,union|6bba_fe670320:4|2,0,-10.642953354794138
geometry_1_05_focus0,6bba_fe670320,6bba_fe670320:519,union|6bba_fe670320:519|0,0,-19.709732824667935
geometry_1_05_focus0,6bba_fe670320,6bba_fe670320:519,union|6bba_fe670320:519|1,0,-24.009317129512198
geometry_1_05_focus0,6bba_fe670320,6bba_fe670320:519,union|6bba_fe670320:519|2,0,-22.612737648814786
geometry_1_05_focus0,6bba_fe670320,6bba_fe670320:519,union|6bba_fe670320:519|3,1,-13.99726992479581
geometry_1_05_focus0,6bba_fe670320,6bba_fe670320:519,union|6bba_fe670320:519|4,0,-13.126339217390354
geometry_1_05_focus0,6bba_fe670320,6bba_fe670320:519,union|6bba_fe670320:519|5,0,-19.345847215761765
geometry_1_05_focus0,6bba_fe670320,6bba_fe670320:519,union|6bba_fe670320:519|6,0,-22.646301763317183
geometry_1_05_focus0,6bba_fe670320,6bba_fe670320:519,union|6bba_fe670320:519|7,0,-12.893846166387707
logistic_3feat,44b6_2a2eff9f,44b6_2a2eff9f:13,union|44b6_2a2eff9f:13|0,0,0.29860052114614816
logistic_3feat,44b6_2a2eff9f,44b6_2a2eff9f:13,union|44b6_2a2eff9f:13|1,0,0.40181325632566967
logistic_3feat,44b6_2a2eff9f,44b6_2a2eff9f:13,union|44b6_2a2eff9f:13|2,0,0.29759738498325045
logistic_3feat,44b6_2a2eff9f,44b6_2a2eff9f:13,union|44b6_2a2eff9f:13|3,0,0.4004419682773359
logistic_3feat,44b6_2a2eff9f,44b6_2a2eff9f:13,union|44b6_2a2eff9f:13|4,0,0.18265147039960317
logistic_3feat,44b6_2a2eff9f,44b6_2a2eff9f:13,union|44b6_2a2eff9f:13|5,0,0.4365503070149396
logistic_3feat,44b6_2a2eff9f,44b6_2a2eff9f:13,union|44b6_2a2eff9f:13|6,0,0.39608383369034306
logistic_3feat,44b6_2a2eff9f,44b6_2a2eff9f:13,union|44b6_2a2eff9f:13|7,0,0.0718574622603707
logistic_3feat,44b6_2a2eff9f,44b6_2a2eff9f:13,union|44b6_2a2eff9f:13|8,0,0.023003429404361647
logistic_3feat,44b6_2a2eff9f,44b6_2a2eff9f:13,union|44b6_2a2eff9f:13|9,0,0.31766603421335643
logistic_3feat,44b6_2a2eff9f,44b6_2a2eff9f:13,union|44b6_2a2eff9f:13|10,0,0.3377568168286601
logistic_3feat,44b6_2a2eff9f,44b6_2a2eff9f:13,union|44b6_2a2eff9f:13|11,0,0.35731814757991304
logistic_3feat,44b6_2a2eff9f,44b6_2a2eff9f:13,union|44b6_2a2eff9f:13|12,0,0.2550439440356908
logistic_3feat,44b6_2a2eff9f,44b6_2a2eff9f:13,union|44b6_2a2eff9f:13|13,0,0.3023022857270177
logistic_3feat,44b6_2a2eff9f,44b6_2a2eff9f:13,union|44b6_2a2eff9f:13|14,0,0.0258476537534384
logistic_3feat,44b6_2a2eff9f,44b6_2a2eff9f:13,union|44b6_2a2eff9f:13|15,0,0.06921066133022806
logistic_3feat,44b6_2a2eff9f,44b6_2a2eff9f:13,union|44b6_2a2eff9f:13|16,0,0.3897452319356092
logistic_3feat,44b6_2a2eff9f,44b6_2a2eff9f:13,union|44b6_2a2eff9f:13|17,0,0.3589987192618636
logistic_3feat,44b6_2a2eff9f,44b6_2a2eff9f:13,union|44b6_2a2eff9f:13|18,0,0.19224018462077683
logistic_3feat,44b6_2a2eff9f,44b6_2a2eff9f:13,union|44b6_2a2eff9f:13|19,0,0.7568549466297811
logistic_3feat,44b6_2a2eff9f,44b6_2a2eff9f:13,union|44b6_2a2eff9f:13|20,0,0.09884403112846823
logistic_3feat,44b6_2a2eff9f,44b6_2a2eff9f:13,union|44b6_2a2eff9f:13|21,0,0.8271301368724414
logistic_3feat,44b6_2a2eff9f,44b6_2a2eff9f:13,union|44b6_2a2eff9f:13|22,0,0.027879893996576643
logistic_3feat,44b6_2a2eff9f,44b6_2a2eff9f:13,union|44b6_2a2eff9f:13|23,0,0.34338794769373526
logistic_3feat,44b6_2a2eff9f,44b6_2a2eff9f:13,union|44b6_2a2eff9f:13|24,0,0.03028916756775059
logistic_3feat,44b6_2a2eff9f,44b6_2a2eff9f:13,union|44b6_2a2eff9f:13|25,0,0.3167603603208468
logistic_3feat,44b6_2a2eff9f,44b6_2a2eff9f:13,union|44b6_2a2eff9f:13|26,0,0.1506281319598982
logistic_3feat,44b6_2a2eff9f,44b6_2a2eff9f:13,union|44b6_2a2eff9f:13|27,0,0.2781098010121035
logistic_3feat,44b6_2a2eff9f,44b6_2a2eff9f:13,union|44b6_2a2eff9f:13|28,0,0.08971231551952696
logistic_3feat,44b6_2a2eff9f,44b6_2a2eff9f:13,union|44b6_2a2eff9f:13|29,0,0.3379022698869134
logistic_3feat,44b6_2a2eff9f,44b6_2a2eff9f:13,union|44b6_2a2eff9f:13|30,0,0.03392377967853257
logistic_3feat,44b6_2a2eff9f,44b6_2a2eff9f:13,union|44b6_2a2eff9f:13|31,0,0.07623868260076767
logistic_3feat,44b6_2a2eff9f,44b6_2a2eff9f:13,union|44b6_2a2eff9f:13|32,0,0.024661019930454678
logistic_3feat,44b6_2a2eff9f,44b6_2a2eff9f:13,union|44b6_2a2eff9f:13|33,0,0.34407136095321783
logistic_3feat,44b6_2a2eff9f,44b6_2a2eff9f:13,union|44b6_2a2eff9f:13|34,1,0.37609519308781875
logistic_3feat,44b6_2a2eff9f,44b6_2a2eff9f:13,union|44b6_2a2eff9f:13|35,0,0.02107915056210506
logistic_3feat,44b6_2a2eff9f,44b6_2a2eff9f:13,union|44b6_2a2eff9f:13|36,0,0.08496147403778166
logistic_3feat,44b6_2a2eff9f,44b6_2a2eff9f:13,union|44b6_2a2eff9f:13|37,0,0.22536706591137412
logistic_3feat,44b6_2a2eff9f,44b6_2a2eff9f:13,union|44b6_2a2eff9f:13|38,0,0.09247977932329629
logistic_3feat,44b6_2a2eff9f,44b6_2a2eff9f:13,union|44b6_2a2eff9f:13|39,0,0.18758882298829568
logistic_3feat,44b6_2a2eff9f,44b6_2a2eff9f:13,union|44b6_2a2eff9f:13|40,0,0.03723514931913441
logistic_3feat,44b6_2a2eff9f,44b6_2a2eff9f:13,union|44b6_2a2eff9f:13|41,0,0.07648797799162048
logistic_3feat,44b6_2a2eff9f,44b6_2a2eff9f:13,union|44b6_2a2eff9f:13|42,0,0.7773930786399657
logistic_3feat,44b6_2a2eff9f,44b6_2a2eff9f:13,union|44b6_2a2eff9f:13|43,0,0.26428566294481226
logistic_3feat,44b6_2a2eff9f,44b6_2a2eff9f:13,union|44b6_2a2eff9f:13|44,0,0.028872741150303638
logistic_3feat,44b6_2a2eff9f,44b6_2a2eff9f:13,union|44b6_2a2eff9f:13|45,0,0.08746836551304203
logistic_3feat,44b6_2a2eff9f,44b6_2a2eff9f:13,union|44b6_2a2eff9f:13|46,0,0.015287713093036698
logistic_3feat,44b6_2a2eff9f,44b6_2a2eff9f:13,union|44b6_2a2eff9f:13|47,0,0.011729814992784164
logistic_3feat,44b6_2a2eff9f,44b6_2a2eff9f:13,union|44b6_2a2eff9f:13|48,0,0.02037662444290349
logistic_3feat,44b6_2a2eff9f,44b6_2a2eff9f:13,union|44b6_2a2eff9f:13|49,0,0.027254731949104345
logistic_3feat,44b6_2a2eff9f,44b6_2a2eff9f:13,union|44b6_2a2eff9f:13|50,0,0.38673952500947084
logistic_3feat,44b6_2a2eff9f,44b6_2a2eff9f:13,union|44b6_2a2eff9f:13|51,0,0.02913618839487168
logistic_3feat,44b6_2a2eff9f,44b6_2a2eff9f:13,union|44b6_2a2eff9f:13|52,0,0.004936610962066216
logistic_3feat,44b6_2a2eff9f,44b6_2a2eff9f:13,union|44b6_2a2eff9f:13|53,0,0.0035720578713878785
logistic_3feat,44b6_587a1e22,44b6_587a1e22:24,union|44b6_587a1e22:24|0,0,0.15175860734212362
logistic_3feat,44b6_587a1e22,44b6_587a1e22:24,union|44b6_587a1e22:24|1,0,0.09600131255448091
logistic_3feat,44b6_587a1e22,44b6_587a1e22:24,union|44b6_587a1e22:24|2,0,0.10461486571321822
logistic_3feat,44b6_587a1e22,44b6_587a1e22:24,union|44b6_587a1e22:24|3,0,0.10343390640540125
logistic_3feat,44b6_587a1e22,44b6_587a1e22:24,union|44b6_587a1e22:24|4,0,0.09357148980595527
logistic_3feat,44b6_587a1e22,44b6_587a1e22:24,union|44b6_587a1e22:24|5,0,0.1243480780301185
logistic_3feat,44b6_587a1e22,44b6_587a1e22:24,union|44b6_587a1e22:24|6,0,0.8933867363663761
logistic_3feat,44b6_587a1e22,44b6_587a1e22:24,union|44b6_587a1e22:24|7,0,0.04271669514809414
logistic_3feat,44b6_587a1e22,44b6_587a1e22:24,union|44b6_587a1e22:24|8,0,0.9556564143188438
logistic_3feat,44b6_587a1e22,44b6_587a1e22:24,union|44b6_587a1e22:24|9,0,0.43592460292978596
logistic_3feat,44b6_587a1e22,44b6_587a1e22:24,union|44b6_587a1e22:24|10,0,0.005059861969100269
logistic_3feat,44b6_587a1e22,44b6_587a1e22:24,union|44b6_587a1e22:24|11,0,0.242608756297228
logistic_3feat,44b6_587a1e22,44b6_587a1e22:24,union|44b6_587a1e22:24|12,0,0.09941930832100324
logistic_3feat,44b6_587a1e22,44b6_587a1e22:24,union|44b6_587a1e22:24|13,0,0.11652889356044181
logistic_3feat,44b6_587a1e22,44b6_587a1e22:24,union|44b6_587a1e22:24|14,0,0.005858674608945463
logistic_3feat,44b6_587a1e22,44b6_587a1e22:24,union|44b6_587a1e22:24|15,0,0.013928423692623891
logistic_3feat,44b6_587a1e22,44b6_587a1e22:24,union|44b6_587a1e22:24|16,0,0.07381333702575754
logistic_3feat,44b6_587a1e22,44b6_587a1e22:24,union|44b6_587a1e22:24|17,0,0.058682793141246394
logistic_3feat,44b6_587a1e22,44b6_587a1e22:24,union|44b6_587a1e22:24|18,1,0.8804684602650524
logistic_3feat,44b6_587a1e22,44b6_587a1e22:24,union|44b6_587a1e22:24|19,0,0.17824180051933222
logistic_3feat,44b6_587a1e22,44b6_587a1e22:24,union|44b6_587a1e22:24|20,0,0.2332715727835684
logistic_3feat,44b6_587a1e22,44b6_587a1e22:24,union|44b6_587a1e22:24|21,0,0.07208463777075207
logistic_3feat,44b6_587a1e22,44b6_587a1e22:24,union|44b6_587a1e22:24|22,0,0.04411721381805383
logistic_3feat,44b6_587a1e22,44b6_587a1e22:24,union|44b6_587a1e22:24|23,0,0.04891277439341217
logistic_3feat,44b6_587a1e22,44b6_587a1e22:24,union|44b6_587a1e22:24|24,0,0.03867940065310971
logistic_3feat,44b6_587a1e22,44b6_587a1e22:24,union|44b6_587a1e22:24|25,0,0.048541777221334265
logistic_3feat,44b6_587a1e22,44b6_587a1e22:24,union|44b6_587a1e22:24|26,0,0.005426795655354894
logistic_3feat,44b6_587a1e22,44b6_587a1e22:24,union|44b6_587a1e22:24|27,0,0.5301723601419727
logistic_3feat,44b6_587a1e22,44b6_587a1e22:24,union|44b6_587a1e22:24|28,0,0.2363091360956036
logistic_3feat,44b6_587a1e22,44b6_587a1e22:24,union|44b6_587a1e22:24|29,0,0.008057003417972967
logistic_3feat,44b6_587a1e22,44b6_587a1e22:24,union|44b6_587a1e22:24|30,0,0.32900880340068855
logistic_3feat,44b6_587a1e22,44b6_587a1e22:24,union|44b6_587a1e22:24|31,0,0.1854792134485643
logistic_3feat,44b6_587a1e22,44b6_587a1e22:24,union|44b6_587a1e22:24|32,0,0.009660565367787642
logistic_3feat,44b6_587a1e22,44b6_587a1e22:24,union|44b6_587a1e22:24|33,0,0.12155964394015001
logistic_3feat,44b6_587a1e22,44b6_587a1e22:24,union|44b6_587a1e22:24|34,0,0.006182001957563166
logistic_3feat,44b6_587a1e22,44b6_587a1e22:24,union|44b6_587a1e22:24|35,0,0.039249129757544333
logistic_3feat,44b6_587a1e22,44b6_587a1e22:24,union|44b6_587a1e22:24|36,0,0.001391724680319104
logistic_3feat,44b6_5f15d135,44b6_5f15d135:103,union|44b6_5f15d135:103|0,0,0.44158088503624365
logistic_3feat,44b6_5f15d135,44b6_5f15d135:103,union|44b6_5f15d135:103|1,0,0.4430503711249679
logistic_3feat,44b6_5f15d135,44b6_5f15d135:103,union|44b6_5f15d135:103|2,0,0.5292997815546364
logistic_3feat,44b6_5f15d135,44b6_5f15d135:103,union|44b6_5f15d135:103|3,0,0.10682946202380529
logistic_3feat,44b6_5f15d135,44b6_5f15d135:103,union|44b6_5f15d135:103|4,0,0.40800238581178455
logistic_3feat,44b6_5f15d135,44b6_5f15d135:103,union|44b6_5f15d135:103|5,0,0.3937816236248859
logistic_3feat,44b6_5f15d135,44b6_5f15d135:103,union|44b6_5f15d135:103|6,0,0.25911808088257604
logistic_3feat,44b6_5f15d135,44b6_5f15d135:103,union|44b6_5f15d135:103|7,0,0.014641077205570993
logistic_3feat,44b6_5f15d135,44b6_5f15d135:103,union|44b6_5f15d135:103|8,0,0.08264867063590355
logistic_3feat,44b6_5f15d135,44b6_5f15d135:103,union|44b6_5f15d135:103|9,0,0.4501501327843012
logistic_3feat,44b6_5f15d135,44b6_5f15d135:103,union|44b6_5f15d135:103|10,0,0.478456485992434
logistic_3feat,44b6_5f15d135,44b6_5f15d135:103,union|44b6_5f15d135:103|11,0,0.3173931011963595
logistic_3feat,44b6_5f15d135,44b6_5f15d135:103,union|44b6_5f15d135:103|12,0,0.06636136478455594
logistic_3feat,44b6_5f15d135,44b6_5f15d135:103,union|44b6_5f15d135:103|13,0,0.4277898431040019
logistic_3feat,44b6_5f15d135,44b6_5f15d135:103,union|44b6_5f15d135:103|14,0,0.3709302294208595
logistic_3feat,44b6_5f15d135,44b6_5f15d135:103,union|44b6_5f15d135:103|15,0,0.013759729837549882
logistic_3feat,44b6_5f15d135,44b6_5f15d135:103,union|44b6_5f15d135:103|16,0,0.09775840334625029
logistic_3feat,44b6_5f15d135,44b6_5f15d135:103,union|44b6_5f15d135:103|17,0,0.068496978658129
logistic_3feat,44b6_5f15d135,44b6_5f15d135:103,union|44b6_5f15d135:103|18,0,0.5101431190683517
logistic_3feat,44b6_5f15d135,44b6_5f15d135:103,union|44b6_5f15d135:103|19,0,0.3056752704201584
logistic_3feat,44b6_5f15d135,44b6_5f15d135:103,union|44b6_5f15d135:103|20,1,0.9237688338740575
logistic_3feat,44b6_5f15d135,44b6_5f15d135:103,union|44b6_5f15d135:103|21,0,0.07564467157853379
logistic_3feat,44b6_5f15d135,44b6_5f15d135:103,union|44b6_5f15d135:103|22,0,0.5622262404624223
logistic_3feat,44b6_5f15d135,44b6_5f15d135:103,union|44b6_5f15d135:103|23,0,0.9620181454492334
logistic_3feat,44b6_5f15d135,44b6_5f15d135:103,union|44b6_5f15d135:103|24,0,0.23481429959581498
logistic_3feat,44b6_5f15d135,44b6_5f15d135:103,union|44b6_5f15d135:103|25,0,0.01634164233050923
logistic_3feat,44b6_5f15d135,44b6_5f15d135:103,union|44b6_5f15d135:103|26,0,0.4618533064353993
logistic_3feat,44b6_5f15d135,44b6_5f15d135:103,union|44b6_5f15d135:103|27,0,0.14011588380660955
logistic_3feat,44b6_5f15d135,44b6_5f15d135:103,union|44b6_5f15d135:103|28,0,0.4427820775881629
logistic_3feat,44b6_5f15d135,44b6_5f15d135:103,union|44b6_5f15d135:103|29,0,0.45926763291164957
logistic_3feat,44b6_5f15d135,44b6_5f15d135:103,union|44b6_5f15d135:103|30,0,0.11839073927060782
logistic_3feat,44b6_5f15d135,44b6_5f15d135:103,union|44b6_5f15d135:103|31,0,0.09366528881653574
logistic_3feat,44b6_5f15d135,44b6_5f15d135:103,union|44b6_5f15d135:103|32,0,0.38671386620740017
logistic_3feat,44b6_5f15d135,44b6_5f15d135:103,union|44b6_5f15d135:103|33,0,0.11634618054650969
logistic_3feat,44b6_5f15d135,44b6_5f15d135:103,union|44b6_5f15d135:103|34,0,0.3009539855795589
logistic_3feat,44b6_5f15d135,44b6_5f15d135:103,union|44b6_5f15d135:103|35,0,0.2796415556376351
logistic_3feat,44b6_5f15d135,44b6_5f15d135:103,union|44b6_5f15d135:103|36,0,0.2812025232205791
logistic_3feat,44b6_5f15d135,44b6_5f15d135:103,union|44b6_5f15d135:103|37,0,0.01666981861714702
logistic_3feat,44b6_5f15d135,44b6_5f15d135:103,union|44b6_5f15d135:103|38,0,0.05220503608592286
logistic_3feat,44b6_5f15d135,44b6_5f15d135:103,union|44b6_5f15d135:103|39,0,0.04826829894996584
logistic_3feat,44b6_5f15d135,44b6_5f15d135:103,union|44b6_5f15d135:103|40,0,0.08400784602392698
logistic_3feat,44b6_5f15d135,44b6_5f15d135:103,union|44b6_5f15d135:103|41,0,0.4871573916069416
logistic_3feat,44b6_5f15d135,44b6_5f15d135:103,union|44b6_5f15d135:103|42,0,0.9197138709185916
logistic_3feat,44b6_5f15d135,44b6_5f15d135:103,union|44b6_5f15d135:103|43,0,0.3007669335160033
logistic_3feat,44b6_5f15d135,44b6_5f15d135:103,union|44b6_5f15d135:103|44,0,0.01610440942119197
logistic_3feat,44b6_5f15d135,44b6_5f15d135:103,union|44b6_5f15d135:103|45,0,0.3703843923391343
logistic_3feat,44b6_5f15d135,44b6_5f15d135:103,union|44b6_5f15d135:103|46,0,0.1243058709300245
logistic_3feat,44b6_5f15d135,44b6_5f15d135:103,union|44b6_5f15d135:103|47,0,0.08887791892448339
logistic_3feat,44b6_5f15d135,44b6_5f15d135:103,union|44b6_5f15d135:103|48,0,0.06376787361696502
logistic_3feat,44b6_5f15d135,44b6_5f15d135:103,union|44b6_5f15d135:103|49,0,0.07685338634112919
logistic_3feat,44b6_5f15d135,44b6_5f15d135:103,union|44b6_5f15d135:103|50,0,0.012005967915868717
logistic_3feat,44b6_5f15d135,44b6_5f15d135:103,union|44b6_5f15d135:103|51,0,0.011151985256786881
logistic_3feat,44b6_5f15d135,44b6_5f15d135:103,union|44b6_5f15d135:103|52,0,0.5420032421193179
logistic_3feat,44b6_5f15d135,44b6_5f15d135:103,union|44b6_5f15d135:103|53,0,0.23708198158892346
logistic_3feat,44b6_5f15d135,44b6_5f15d135:103,union|44b6_5f15d135:103|54,0,0.022595324422360022
logistic_3feat,44b6_5f15d135,44b6_5f15d135:103,union|44b6_5f15d135:103|55,0,0.19429523932694154
logistic_3feat,44b6_5f15d135,44b6_5f15d135:103,union|44b6_5f15d135:103|56,0,0.14208251181325626
logistic_3feat,44b6_5f15d135,44b6_5f15d135:103,union|44b6_5f15d135:103|57,0,0.27660027000580023
logistic_3feat,44b6_5f15d135,44b6_5f15d135:103,union|44b6_5f15d135:103|58,0,0.02011690361747646
logistic_3feat,44b6_5f15d135,44b6_5f15d135:103,union|44b6_5f15d135:103|59,0,0.47393441153420784
logistic_3feat,44b6_5f15d135,44b6_5f15d135:103,union|44b6_5f15d135:103|60,0,0.19864059802760073
logistic_3feat,44b6_5f15d135,44b6_5f15d135:103,union|44b6_5f15d135:103|61,0,0.022152807515864778
logistic_3feat,44b6_5f15d135,44b6_5f15d135:103,union|44b6_5f15d135:103|62,0,0.04401698621113673
logistic_3feat,44b6_5f15d135,44b6_5f15d135:103,union|44b6_5f15d135:103|63,0,0.05294617815533795
logistic_3feat,44b6_5f15d135,44b6_5f15d135:103,union|44b6_5f15d135:103|64,0,0.003239337388050417
logistic_3feat,44b6_5f15d135,44b6_5f15d135:103,union|44b6_5f15d135:103|65,0,0.003363568212627907
logistic_3feat,44b6_5f15d135,44b6_5f15d135:103,union|44b6_5f15d135:103|66,0,0.0286562616119624
logistic_3feat,44b6_74d0c52e,44b6_74d0c52e:59,union|44b6_74d0c52e:59|0,0,0.4186859100967605
logistic_3feat,44b6_74d0c52e,44b6_74d0c52e:59,union|44b6_74d0c52e:59|1,0,0.597799263481841
logistic_3feat,44b6_74d0c52e,44b6_74d0c52e:59,union|44b6_74d0c52e:59|2,0,0.4441002066398968
logistic_3feat,44b6_74d0c52e,44b6_74d0c52e:59,union|44b6_74d0c52e:59|3,0,0.6371061375809963
logistic_3feat,44b6_74d0c52e,44b6_74d0c52e:59,union|44b6_74d0c52e:59|4,0,0.5774745497526561
logistic_3feat,44b6_74d0c52e,44b6_74d0c52e:59,union|44b6_74d0c52e:59|5,0,0.20466737446642025
logistic_3feat,44b6_74d0c52e,44b6_74d0c52e:59,union|44b6_74d0c52e:59|6,0,0.0904841760743173
logistic_3feat,44b6_74d0c52e,44b6_74d0c52e:59,union|44b6_74d0c52e:59|7,0,0.23417526914424994
logistic_3feat,44b6_74d0c52e,44b6_74d0c52e:59,union|44b6_74d0c52e:59|8,0,0.23604368893954655
logistic_3feat,44b6_74d0c52e,44b6_74d0c52e:59,union|44b6_74d0c52e:59|9,0,0.39337124335047025
logistic_3feat,44b6_74d0c52e,44b6_74d0c52e:59,union|44b6_74d0c52e:59|10,1,0.3744421749514078
logistic_3feat,44b6_74d0c52e,44b6_74d0c52e:59,union|44b6_74d0c52e:59|11,0,0.34671038184250547
logistic_3feat,44b6_74d0c52e,44b6_74d0c52e:59,union|44b6_74d0c52e:59|12,0,0.22350976913132398
logistic_3feat,44b6_74d0c52e,44b6_74d0c52e:59,union|44b6_74d0c52e:59|13,0,0.08811545427822352
logistic_3feat,44b6_74d0c52e,44b6_74d0c52e:59,union|44b6_74d0c52e:59|14,0,0.0898080355659037
logistic_3feat,44b6_74d0c52e,44b6_74d0c52e:59,union|44b6_74d0c52e:59|15,0,0.12234678286563207
logistic_3feat,44b6_74d0c52e,44b6_74d0c52e:59,union|44b6_74d0c52e:59|16,0,0.5021174228017342
logistic_3feat,44b6_74d0c52e,44b6_74d0c52e:59,union|44b6_74d0c52e:59|17,0,0.6149233052934626
logistic_3feat,44b6_74d0c52e,44b6_74d0c52e:59,union|44b6_74d0c52e:59|18,0,0.6161477823053249
logistic_3feat,44b6_74d0c52e,44b6_74d0c52e:59,union|44b6_74d0c52e:59|19,0,0.11610970365608934
logistic_3feat,44b6_74d0c52e,44b6_74d0c52e:59,union|44b6_74d0c52e:59|20,0,0.18883062453332192
logistic_3feat,44b6_74d0c52e,44b6_74d0c52e:59,union|44b6_74d0c52e:59|21,0,0.07837962073358229
logistic_3feat,44b6_74d0c52e,44b6_74d0c52e:59,union|44b6_74d0c52e:59|22,0,0.17353400871957764
logistic_3feat,44b6_74d0c52e,44b6_74d0c52e:59,union|44b6_74d0c52e:59|23,0,0.21046507860998642
logistic_3feat,44b6_74d0c52e,44b6_74d0c52e:59,union|44b6_74d0c52e:59|24,0,0.5247051389410585
logistic_3feat,44b6_74d0c52e,44b6_74d0c52e:59,union|44b6_74d0c52e:59|25,0,0.5259421340770541
logistic_3feat,44b6_74d0c52e,44b6_74d0c52e:59,union|44b6_74d0c52e:59|26,0,0.12616718208298183
logistic_3feat,44b6_74d0c52e,44b6_74d0c52e:59,union|44b6_74d0c52e:59|27,0,0.11830035442657882
logistic_3feat,44b6_74d0c52e,44b6_74d0c52e:59,union|44b6_74d0c52e:59|28,0,0.11214699068463589
logistic_3feat,44b6_74d0c52e,44b6_74d0c52e:59,union|44b6_74d0c52e:59|29,0,0.9725200393000594
logistic_3feat,44b6_74d0c52e,44b6_74d0c52e:59,union|44b6_74d0c52e:59|30,0,0.11110077821144258
logistic_3feat,44b6_74d0c52e,44b6_74d0c52e:59,union|44b6_74d0c52e:59|31,0,0.2371543992215153
logistic_3feat,44b6_74d0c52e,44b6_74d0c52e:59,union|44b6_74d0c52e:59|32,0,0.09951145160555437
logistic_3feat,44b6_74d0c52e,44b6_74d0c52e:59,union|44b6_74d0c52e:59|33,0,0.8712689473524734
logistic_3feat,44b6_74d0c52e,44b6_74d0c52e:59,union|44b6_74d0c52e:59|34,0,0.4457841118593377
logistic_3feat,44b6_74d0c52e,44b6_74d0c52e:59,union|44b6_74d0c52e:59|35,0,0.09438645248396112
logistic_3feat,44b6_74d0c52e,44b6_74d0c52e:59,union|44b6_74d0c52e:59|36,0,0.13907953344398374
logistic_3feat,44b6_74d0c52e,44b6_74d0c52e:59,union|44b6_74d0c52e:59|37,0,0.23040207094326998
logistic_3feat,44b6_74d0c52e,44b6_74d0c52e:59,union|44b6_74d0c52e:59|38,0,0.09166285560684527
logistic_3feat,44b6_74d0c52e,44b6_74d0c52e:59,union|44b6_74d0c52e:59|39,0,0.8144260614128561
logistic_3feat,44b6_74d0c52e,44b6_74d0c52e:59,union|44b6_74d0c52e:59|40,0,0.4191601802589423
logistic_3feat,44b6_74d0c52e,44b6_74d0c52e:59,union|44b6_74d0c52e:59|41,0,0.0909996752042291
logistic_3feat,44b6_74d0c52e,44b6_74d0c52e:59,union|44b6_74d0c52e:59|42,0,0.016166847727938832
logistic_3feat,44b6_74d0c52e,44b6_74d0c52e:59,union|44b6_74d0c52e:59|43,0,0.06982047391637514
logistic_3feat,44b6_74d0c52e,44b6_74d0c52e:59,union|44b6_74d0c52e:59|44,0,0.0520855279898853
logistic_3feat,44b6_74d0c52e,44b6_74d0c52e:59,union|44b6_74d0c52e:59|45,0,0.049384560802539654
logistic_3feat,44b6_74d0c52e,44b6_74d0c52e:59,union|44b6_74d0c52e:59|46,0,0.055251862723477506
logistic_3feat,44b6_74d0c52e,44b6_74d0c52e:59,union|44b6_74d0c52e:59|47,0,0.019970659060291225
logistic_3feat,44b6_74d0c52e,44b6_74d0c52e:59,union|44b6_74d0c52e:59|48,0,0.019395062419240605
logistic_3feat,44b6_74d0c52e,44b6_74d0c52e:59,union|44b6_74d0c52e:59|49,0,0.016980849468370328
logistic_3feat,44b6_74d0c52e,44b6_74d0c52e:59,union|44b6_74d0c52e:59|50,0,0.11497885435318822
logistic_3feat,44b6_74d0c52e,44b6_74d0c52e:59,union|44b6_74d0c52e:59|51,0,0.016682392571135053
logistic_3feat,44b6_74d0c52e,44b6_74d0c52e:59,union|44b6_74d0c52e:59|52,0,0.013185316399438894
logistic_3feat,44b6_996155de,44b6_996155de:60,union|44b6_996155de:60|0,1,0.9955260146296929
logistic_3feat,44b6_996155de,44b6_996155de:60,union|44b6_996155de:60|1,0,0.8144044674910932
logistic_3feat,44b6_996155de,44b6_996155de:60,union|44b6_996155de:60|2,0,0.6258939447081169
logistic_3feat,44b6_996155de,44b6_996155de:60,union|44b6_996155de:60|3,0,0.8394514748835036
logistic_3feat,44b6_996155de,44b6_996155de:60,union|44b6_996155de:60|4,0,0.5644489632250851
logistic_3feat,44b6_996155de,44b6_996155de:60,union|44b6_996155de:60|5,0,0.1771966419171078
logistic_3feat,44b6_9be80b04,44b6_9be80b04:155,union|44b6_9be80b04:155|0,0,0.08008005071714545
logistic_3feat,44b6_9be80b04,44b6_9be80b04:155,union|44b6_9be80b04:155|1,0,0.06132905808971171
logistic_3feat,44b6_9be80b04,44b6_9be80b04:155,union|44b6_9be80b04:155|2,0,0.04918718609693548
logistic_3feat,44b6_9be80b04,44b6_9be80b04:155,union|44b6_9be80b04:155|3,0,0.08292534558952452
logistic_3feat,44b6_9be80b04,44b6_9be80b04:155,union|44b6_9be80b04:155|4,0,0.07089182907396291
logistic_3feat,44b6_9be80b04,44b6_9be80b04:155,union|44b6_9be80b04:155|5,0,0.05404940056612767
logistic_3feat,44b6_9be80b04,44b6_9be80b04:155,union|44b6_9be80b04:155|6,0,0.05700273418175705
logistic_3feat,44b6_9be80b04,44b6_9be80b04:155,union|44b6_9be80b04:155|7,0,0.0504337645987297
logistic_3feat,44b6_9be80b04,44b6_9be80b04:155,union|44b6_9be80b04:155|8,0,0.01022178348624426
logistic_3feat,44b6_9be80b04,44b6_9be80b04:155,union|44b6_9be80b04:155|9,0,0.009073840323698996
logistic_3feat,44b6_9be80b04,44b6_9be80b04:155,union|44b6_9be80b04:155|10,0,0.012200191409435748
logistic_3feat,44b6_9be80b04,44b6_9be80b04:155,union|44b6_9be80b04:155|11,0,0.006777819836191783
logistic_3feat,44b6_9be80b04,44b6_9be80b04:155,union|44b6_9be80b04:155|12,0,0.007386160414937555
logistic_3feat,44b6_9be80b04,44b6_9be80b04:155,union|44b6_9be80b04:155|13,0,0.19986336003839575
logistic_3feat,44b6_9be80b04,44b6_9be80b04:155,union|44b6_9be80b04:155|14,0,0.20282779713007015
logistic_3feat,44b6_9be80b04,44b6_9be80b04:155,union|44b6_9be80b04:155|15,0,0.16152916766287706
logistic_3feat,44b6_9be80b04,44b6_9be80b04:155,union|44b6_9be80b04:155|16,0,0.14804632217289262
logistic_3feat,44b6_9be80b04,44b6_9be80b04:155,union|44b6_9be80b04:155|17,0,0.12898975040703162
logistic_3feat,44b6_9be80b04,44b6_9be80b04:155,union|44b6_9be80b04:155|18,0,0.14859671108795286
logistic_3feat,44b6_9be80b04,44b6_9be80b04:155,union|44b6_9be80b04:155|19,0,0.131424972728334
logistic_3feat,44b6_9be80b04,44b6_9be80b04:155,union|44b6_9be80b04:155|20,0,0.1201457344247692
logistic_3feat,44b6_9be80b04,44b6_9be80b04:155,union|44b6_9be80b04:155|21,0,0.02421151610266726
logistic_3feat,44b6_9be80b04,44b6_9be80b04:155,union|44b6_9be80b04:155|22,0,0.01560874678920283
logistic_3feat,44b6_9be80b04,44b6_9be80b04:155,union|44b6_9be80b04:155|23,0,0.018978696363587514
logistic_3feat,44b6_9be80b04,44b6_9be80b04:155,union|44b6_9be80b04:155|24,0,0.025603482620366217
logistic_3feat,44b6_9be80b04,44b6_9be80b04:155,union|44b6_9be80b04:155|25,0,0.004918275079083361
logistic_3feat,44b6_9be80b04,44b6_9be80b04:155,union|44b6_9be80b04:155|26,0,0.005519531257386957
logistic_3feat,44b6_9be80b04,44b6_9be80b04:155,union|44b6_9be80b04:155|27,0,0.3541641025804046
logistic_3feat,44b6_9be80b04,44b6_9be80b04:155,union|44b6_9be80b04:155|28,0,0.3138375257451056
logistic_3feat,44b6_9be80b04,44b6_9be80b04:155,union|44b6_9be80b04:155|29,0,0.33812286592180696
logistic_3feat,44b6_9be80b04,44b6_9be80b04:155,union|44b6_9be80b04:155|30,0,0.3253126756512382
logistic_3feat,44b6_9be80b04,44b6_9be80b04:155,union|44b6_9be80b04:155|31,0,0.21500513205274935
logistic_3feat,44b6_9be80b04,44b6_9be80b04:155,union|44b6_9be80b04:155|32,0,0.2834186233071432
logistic_3feat,44b6_9be80b04,44b6_9be80b04:155,union|44b6_9be80b04:155|33,0,0.14804632217289262
logistic_3feat,44b6_9be80b04,44b6_9be80b04:155,union|44b6_9be80b04:155|34,0,0.05825022209917717
logistic_3feat,44b6_9be80b04,44b6_9be80b04:155,union|44b6_9be80b04:155|35,0,0.021573140454371104
logistic_3feat,44b6_9be80b04,44b6_9be80b04:155,union|44b6_9be80b04:155|36,0,0.055404616214268704
logistic_3feat,44b6_9be80b04,44b6_9be80b04:155,union|44b6_9be80b04:155|37,0,0.0071918121206869315
logistic_3feat,44b6_9be80b04,44b6_9be80b04:155,union|44b6_9be80b04:155|38,0,0.01765728345585012
logistic_3feat,44b6_9be80b04,44b6_9be80b04:155,union|44b6_9be80b04:155|39,0,0.07835678691517625
logistic_3feat,44b6_9be80b04,44b6_9be80b04:155,union|44b6_9be80b04:155|40,0,0.09910340707370552
logistic_3feat,44b6_9be80b04,44b6_9be80b04:155,union|44b6_9be80b04:155|41,0,0.08256517185090367
logistic_3feat,44b6_9be80b04,44b6_9be80b04:155,union|44b6_9be80b04:155|42,0,0.10730573050781352
logistic_3feat,44b6_9be80b04,44b6_9be80b04:155,union|44b6_9be80b04:155|43,0,0.08228765065389226
logistic_3feat,44b6_9be80b04,44b6_9be80b04:155,union|44b6_9be80b04:155|44,0,0.10179567829576877
logistic_3feat,44b6_9be80b04,44b6_9be80b04:155,union|44b6_9be80b04:155|45,0,0.014771714337917755
logistic_3feat,44b6_9be80b04,44b6_9be80b04:155,union|44b6_9be80b04:155|46,0,0.020228095653171376
logistic_3feat,44b6_9be80b04,44b6_9be80b04:155,union|44b6_9be80b04:155|47,0,0.016058468207897234
logistic_3feat,44b6_9be80b04,44b6_9be80b04:155,union|44b6_9be80b04:155|48,0,0.00788606692473629
logistic_3feat,44b6_9be80b04,44b6_9be80b04:155,union|44b6_9be80b04:155|49,0,0.011300876942805717
logistic_3feat,44b6_9be80b04,44b6_9be80b04:155,union|44b6_9be80b04:155|50,0,0.006273116165926307
logistic_3feat,44b6_9be80b04,44b6_9be80b04:155,union|44b6_9be80b04:155|51,0,0.9189692578252844
logistic_3feat,44b6_9be80b04,44b6_9be80b04:155,union|44b6_9be80b04:155|52,0,0.9004602296637578
logistic_3feat,44b6_9be80b04,44b6_9be80b04:155,union|44b6_9be80b04:155|53,0,0.5780690737953738
logistic_3feat,44b6_9be80b04,44b6_9be80b04:155,union|44b6_9be80b04:155|54,0,0.27152544929066086
logistic_3feat,44b6_9be80b04,44b6_9be80b04:155,union|44b6_9be80b04:155|55,0,0.8958345099930708
logistic_3feat,44b6_9be80b04,44b6_9be80b04:155,union|44b6_9be80b04:155|56,0,0.5870240412633992
logistic_3feat,44b6_9be80b04,44b6_9be80b04:155,union|44b6_9be80b04:155|57,0,0.12859344657941746
logistic_3feat,44b6_9be80b04,44b6_9be80b04:155,union|44b6_9be80b04:155|58,0,0.2136283394040054
logistic_3feat,44b6_9be80b04,44b6_9be80b04:155,union|44b6_9be80b04:155|59,0,0.015342539853784132
logistic_3feat,44b6_9be80b04,44b6_9be80b04:155,union|44b6_9be80b04:155|60,0,0.12343054588610904
logistic_3feat,44b6_9be80b04,44b6_9be80b04:155,union|44b6_9be80b04:155|61,0,0.305531771996749
logistic_3feat,44b6_9be80b04,44b6_9be80b04:155,union|44b6_9be80b04:155|62,0,0.005995230921255301
logistic_3feat,44b6_9be80b04,44b6_9be80b04:155,union|44b6_9be80b04:155|63,0,0.005454826075481552
logistic_3feat,44b6_9be80b04,44b6_9be80b04:155,union|44b6_9be80b04:155|64,0,0.016444858553870886
logistic_3feat,44b6_9be80b04,44b6_9be80b04:155,union|44b6_9be80b04:155|65,0,0.00600080838547363
logistic_3feat,44b6_9be80b04,44b6_9be80b04:155,union|44b6_9be80b04:155|66,1,0.9940319134487191
logistic_3feat,44b6_9be80b04,44b6_9be80b04:155,union|44b6_9be80b04:155|67,0,0.22725781095207917
logistic_3feat,44b6_9be80b04,44b6_9be80b04:155,union|44b6_9be80b04:155|68,0,0.5859598526270964
logistic_3feat,44b6_9be80b04,44b6_9be80b04:155,union|44b6_9be80b04:155|69,0,0.26025951523772506
logistic_3feat,44b6_9be80b04,44b6_9be80b04:155,union|44b6_9be80b04:155|70,0,0.9747316346517113
logistic_3feat,44b6_9be80b04,44b6_9be80b04:155,union|44b6_9be80b04:155|71,0,0.6499527787893563
logistic_3feat,44b6_9be80b04,44b6_9be80b04:155,union|44b6_9be80b04:155|72,0,0.12938872820113648
logistic_3feat,44b6_9be80b04,44b6_9be80b04:155,union|44b6_9be80b04:155|73,0,0.22635346852704846
logistic_3feat,44b6_9be80b04,44b6_9be80b04:155,union|44b6_9be80b04:155|74,0,0.01485608964880482
logistic_3feat,44b6_9be80b04,44b6_9be80b04:155,union|44b6_9be80b04:155|75,0,0.15097184057261145
logistic_3feat,44b6_9be80b04,44b6_9be80b04:155,union|44b6_9be80b04:155|76,0,0.32323390216994785
logistic_3feat,44b6_9be80b04,44b6_9be80b04:155,union|44b6_9be80b04:155|77,0,0.006786140849404997
logistic_3feat,44b6_9be80b04,44b6_9be80b04:155,union|44b6_9be80b04:155|78,0,0.005528121738100072
logistic_3feat,44b6_9be80b04,44b6_9be80b04:155,union|44b6_9be80b04:155|79,0,0.018038996313960002
logistic_3feat,44b6_9be80b04,44b6_9be80b04:155,union|44b6_9be80b04:155|80,0,0.006114657557246615
logistic_3feat,44b6_9be80b04,44b6_9be80b04:155,union|44b6_9be80b04:155|81,0,0.007180139019391105
logistic_3feat,44b6_9be80b04,44b6_9be80b04:155,union|44b6_9be80b04:155|82,0,0.018599329570005776
logistic_3feat,44b6_9be80b04,44b6_9be80b04:155,union|44b6_9be80b04:155|83,0,0.23970843617221935
logistic_3feat,44b6_9be80b04,44b6_9be80b04:155,union|44b6_9be80b04:155|84,0,0.6668457800636727
logistic_3feat,44b6_9be80b04,44b6_9be80b04:155,union|44b6_9be80b04:155|85,0,0.22725781095207917
logistic_3feat,44b6_9be80b04,44b6_9be80b04:155,union|44b6_9be80b04:155|86,0,0.9743650973943557
logistic_3feat,44b6_9be80b04,44b6_9be80b04:155,union|44b6_9be80b04:155|87,0,0.630999374525402
logistic_3feat,44b6_9be80b04,44b6_9be80b04:155,union|44b6_9be80b04:155|88,0,0.16732617086072973
logistic_3feat,44b6_9be80b04,44b6_9be80b04:155,union|44b6_9be80b04:155|89,0,0.2124299087521445
logistic_3feat,44b6_9be80b04,44b6_9be80b04:155,union|44b6_9be80b04:155|90,0,0.02090061852390421
logistic_3feat,44b6_9be80b04,44b6_9be80b04:155,union|44b6_9be80b04:155|91,0,0.11367349670633091
logistic_3feat,44b6_9be80b04,44b6_9be80b04:155,union|44b6_9be80b04:155|92,0,0.26579614787120387
logistic_3feat,44b6_9be80b04,44b6_9be80b04:155,union|44b6_9be80b04:155|93,0,0.0050958888662565585
logistic_3feat,44b6_9be80b04,44b6_9be80b04:155,union|44b6_9be80b04:155|94,0,0.007389237416734904
logistic_3feat,44b6_9be80b04,44b6_9be80b04:155,union|44b6_9be80b04:155|95,0,0.014119585748400698
logistic_3feat,44b6_9be80b04,44b6_9be80b04:155,union|44b6_9be80b04:155|96,0,0.007241408870117731
logistic_3feat,44b6_9be80b04,44b6_9be80b04:155,union|44b6_9be80b04:155|97,0,0.005686861469380452
logistic_3feat,44b6_9be80b04,44b6_9be80b04:155,union|44b6_9be80b04:155|98,0,0.026552186764687978
logistic_3feat,44b6_9be80b04,44b6_9be80b04:155,union|44b6_9be80b04:155|99,0,0.1960198285220814
logistic_3feat,44b6_9be80b04,44b6_9be80b04:155,union|44b6_9be80b04:155|100,0,0.23249784332988246
logistic_3feat,44b6_9be80b04,44b6_9be80b04:155,union|44b6_9be80b04:155|101,0,0.27912261555130624
logistic_3feat,44b6_9be80b04,44b6_9be80b04:155,union|44b6_9be80b04:155|102,0,0.03634073064688861
logistic_3feat,44b6_9be80b04,44b6_9be80b04:155,union|44b6_9be80b04:155|103,0,0.041422325794563786
logistic_3feat,44b6_9be80b04,44b6_9be80b04:155,union|44b6_9be80b04:155|104,0,0.03526484371325812
logistic_3feat,44b6_9be80b04,44b6_9be80b04:155,union|44b6_9be80b04:155|105,0,0.004998872784132675
logistic_3feat,44b6_9be80b04,44b6_9be80b04:155,union|44b6_9be80b04:155|106,0,0.005830519426966418
logistic_3feat,44b6_9be80b04,44b6_9be80b04:155,union|44b6_9be80b04:155|107,0,0.022429101221321333
logistic_3feat,44b6_9be80b04,44b6_9be80b04:155,union|44b6_9be80b04:155|108,0,0.21064360773916338
logistic_3feat,44b6_9be80b04,44b6_9be80b04:155,union|44b6_9be80b04:155|109,0,0.6248864868377668
logistic_3feat,44b6_9be80b04,44b6_9be80b04:155,union|44b6_9be80b04:155|110,0,0.5542290356995171
logistic_3feat,44b6_9be80b04,44b6_9be80b04:155,union|44b6_9be80b04:155|111,0,0.2248080167388903
logistic_3feat,44b6_9be80b04,44b6_9be80b04:155,union|44b6_9be80b04:155|112,0,0.14104138314647427
logistic_3feat,44b6_9be80b04,44b6_9be80b04:155,union|44b6_9be80b04:155|113,0,0.025127373760857045
logistic_3feat,44b6_9be80b04,44b6_9be80b04:155,union|44b6_9be80b04:155|114,0,0.006850332113291061
logistic_3feat,44b6_9be80b04,44b6_9be80b04:155,union|44b6_9be80b04:155|115,0,0.008515749435022393
logistic_3feat,44b6_9be80b04,44b6_9be80b04:155,union|44b6_9be80b04:155|116,0,0.02984628003631671
logistic_3feat,44b6_9be80b04,44b6_9be80b04:155,union|44b6_9be80b04:155|117,0,0.2778043325548889
logistic_3feat,44b6_9be80b04,44b6_9be80b04:155,union|44b6_9be80b04:155|118,0,0.22161200955955143
logistic_3feat,44b6_9be80b04,44b6_9be80b04:155,union|44b6_9be80b04:155|119,0,0.13225946669905717
logistic_3feat,44b6_9be80b04,44b6_9be80b04:155,union|44b6_9be80b04:155|120,0,0.03743085562940519
logistic_3feat,44b6_9be80b04,44b6_9be80b04:155,union|44b6_9be80b04:155|121,0,0.035980445100806766
logistic_3feat,44b6_9be80b04,44b6_9be80b04:155,union|44b6_9be80b04:155|122,0,0.02253178762975354
logistic_3feat,44b6_9be80b04,44b6_9be80b04:155,union|44b6_9be80b04:155|123,0,0.006973158085389037
logistic_3feat,44b6_9be80b04,44b6_9be80b04:155,union|44b6_9be80b04:155|124,0,0.0075463463317603525
logistic_3feat,44b6_9be80b04,44b6_9be80b04:155,union|44b6_9be80b04:155|125,0,0.6858428872224417
logistic_3feat,44b6_9be80b04,44b6_9be80b04:155,union|44b6_9be80b04:155|126,0,0.1568941628571215
logistic_3feat,44b6_9be80b04,44b6_9be80b04:155,union|44b6_9be80b04:155|127,0,0.170650817623762
logistic_3feat,44b6_9be80b04,44b6_9be80b04:155,union|44b6_9be80b04:155|128,0,0.015218587215326413
logistic_3feat,44b6_9be80b04,44b6_9be80b04:155,union|44b6_9be80b04:155|129,0,0.12304510301288542
logistic_3feat,44b6_9be80b04,44b6_9be80b04:155,union|44b6_9be80b04:155|130,0,0.2420921880282851
logistic_3feat,44b6_9be80b04,44b6_9be80b04:155,union|44b6_9be80b04:155|131,0,0.02032927115777817
logistic_3feat,44b6_9be80b04,44b6_9be80b04:155,union|44b6_9be80b04:155|132,0,0.009005529194517126
logistic_3feat,44b6_9be80b04,44b6_9be80b04:155,union|44b6_9be80b04:155|133,0,0.008206959006704841
logistic_3feat,44b6_9be80b04,44b6_9be80b04:155,union|44b6_9be80b04:155|134,0,0.02235432460599079
logistic_3feat,44b6_9be80b04,44b6_9be80b04:155,union|44b6_9be80b04:155|135,0,0.1191286836844421
logistic_3feat,44b6_9be80b04,44b6_9be80b04:155,union|44b6_9be80b04:155|136,0,0.15536611495224664
logistic_3feat,44b6_9be80b04,44b6_9be80b04:155,union|44b6_9be80b04:155|137,0,0.1369690093011443
logistic_3feat,44b6_9be80b04,44b6_9be80b04:155,union|44b6_9be80b04:155|138,0,0.16912895206697173
logistic_3feat,44b6_9be80b04,44b6_9be80b04:155,union|44b6_9be80b04:155|139,0,0.005051046932784525
logistic_3feat,44b6_9be80b04,44b6_9be80b04:155,union|44b6_9be80b04:155|140,0,0.018458653613227818
logistic_3feat,44b6_9be80b04,44b6_9be80b04:155,union|44b6_9be80b04:155|141,0,0.00725187676164098
logistic_3feat,44b6_9be80b04,44b6_9be80b04:155,union|44b6_9be80b04:155|142,0,0.009101464524697445
logistic_3feat,44b6_9be80b04,44b6_9be80b04:155,union|44b6_9be80b04:155|143,0,0.020102236394609403
logistic_3feat,44b6_9be80b04,44b6_9be80b04:155,union|44b6_9be80b04:155|144,0,0.02258611539479918
logistic_3feat,44b6_9be80b04,44b6_9be80b04:155,union|44b6_9be80b04:155|145,0,0.005795163813291807
logistic_3feat,44b6_9be80b04,44b6_9be80b04:155,union|44b6_9be80b04:155|146,0,0.009184212711158763
logistic_3feat,44b6_9be80b04,44b6_9be80b04:155,union|44b6_9be80b04:155|147,0,0.026983881360167442
logistic_3feat,44b6_9be80b04,44b6_9be80b04:155,union|44b6_9be80b04:155|148,0,0.002060617355988518
logistic_3feat,44b6_9be80b04,44b6_9be80b04:155,union|44b6_9be80b04:155|149,0,0.01942444161586529
logistic_3feat,44b6_9be80b04,44b6_9be80b04:155,union|44b6_9be80b04:155|150,0,0.047859462841082175
logistic_3feat,44b6_9be80b04,44b6_9be80b04:155,union|44b6_9be80b04:155|151,0,0.0010834598862572349
logistic_3feat,44b6_9be80b04,44b6_9be80b04:155,union|44b6_9be80b04:155|152,0,0.0009723947315571827
logistic_3feat,44b6_9be80b04,44b6_9be80b04:155,union|44b6_9be80b04:155|153,0,0.001215770841439859
logistic_3feat,44b6_9be80b04,44b6_9be80b04:155,union|44b6_9be80b04:155|154,0,0.0008551053631580545
logistic_3feat,44b6_9be80b04,44b6_9be80b04:155,union|44b6_9be80b04:155|155,0,0.0027735165847710807
logistic_3feat,44b6_9be80b04,44b6_9be80b04:155,union|44b6_9be80b04:155|156,0,0.02371237819206937
logistic_3feat,44b6_9be80b04,44b6_9be80b04:155,union|44b6_9be80b04:155|157,0,0.0011408710254672198
logistic_3feat,44b6_9be80b04,44b6_9be80b04:155,union|44b6_9be80b04:155|158,0,0.002462844832300639
logistic_3feat,44b6_9be80b04,44b6_9be80b04:155,union|44b6_9be80b04:155|159,0,0.001111165777320174
logistic_3feat,44b6_9be80b04,44b6_9be80b04:155,union|44b6_9be80b04:155|160,0,0.0012568514433932325
logistic_3feat,44b6_9be80b04,44b6_9be80b04:155,union|44b6_9be80b04:155|161,0,0.000770210432019965
logistic_3feat,44b6_9be80b04,44b6_9be80b04:155,union|44b6_9be80b04:155|162,0,0.0019685026115299855
logistic_3feat,44b6_9be80b04,44b6_9be80b04:155,union|44b6_9be80b04:155|163,0,0.0007960372110993302
logistic_3feat,44b6_9be80b04,44b6_9be80b04:155,union|44b6_9be80b04:155|164,0,0.0009075445390718363
logistic_3feat,44b6_9be80b04,44b6_9be80b04:155,union|44b6_9be80b04:155|165,0,0.0009346626178318302
logistic_3feat,44b6_9be80b04,44b6_9be80b04:155,union|44b6_9be80b04:155|166,0,0.0015087435406754709
logistic_3feat,44b6_9be80b04,44b6_9be80b04:155,union|44b6_9be80b04:155|167,0,0.0008320098584597941
logistic_3feat,44b6_9be80b04,44b6_9be80b04:155,union|44b6_9be80b04:155|168,0,0.0011021062311947168
logistic_3feat,44b6_aaf8b0ea,44b6_aaf8b0ea:93,union|44b6_aaf8b0ea:93|0,1,0.8377489262144864
logistic_3feat,44b6_aaf8b0ea,44b6_aaf8b0ea:93,union|44b6_aaf8b0ea:93|1,0,0.31054382355527854
logistic_3feat,44b6_aaf8b0ea,44b6_aaf8b0ea:93,union|44b6_aaf8b0ea:93|2,0,0.6950749942689514
logistic_3feat,44b6_aaf8b0ea,44b6_aaf8b0ea:93,union|44b6_aaf8b0ea:93|3,0,0.6563824680373147
logistic_3feat,44b6_aaf8b0ea,44b6_aaf8b0ea:93,union|44b6_aaf8b0ea:93|4,0,0.3811090481163006
logistic_3feat,44b6_c50204e0,44b6_c50204e0:43,union|44b6_c50204e0:43|0,0,0.11900486763912073
logistic_3feat,44b6_c50204e0,44b6_c50204e0:43,union|44b6_c50204e0:43|1,0,0.11675010687383386
logistic_3feat,44b6_c50204e0,44b6_c50204e0:43,union|44b6_c50204e0:43|2,0,0.08574320516353891
logistic_3feat,44b6_c50204e0,44b6_c50204e0:43,union|44b6_c50204e0:43|3,0,0.09212272506601552
logistic_3feat,44b6_c50204e0,44b6_c50204e0:43,union|44b6_c50204e0:43|4,0,0.04464995535466485
logistic_3feat,44b6_c50204e0,44b6_c50204e0:43,union|44b6_c50204e0:43|5,0,0.05948224694236384
logistic_3feat,44b6_c50204e0,44b6_c50204e0:43,union|44b6_c50204e0:43|6,0,0.09313908775012258
logistic_3feat,44b6_c50204e0,44b6_c50204e0:43,union|44b6_c50204e0:43|7,0,0.08108081863870606
logistic_3feat,44b6_c50204e0,44b6_c50204e0:43,union|44b6_c50204e0:43|8,0,0.08492107874199206
logistic_3feat,44b6_c50204e0,44b6_c50204e0:43,union|44b6_c50204e0:43|9,0,0.08465133009481068
logistic_3feat,44b6_c50204e0,44b6_c50204e0:43,union|44b6_c50204e0:43|10,0,0.012912360223087263
logistic_3feat,44b6_c50204e0,44b6_c50204e0:43,union|44b6_c50204e0:43|11,0,0.013102095124494522
logistic_3feat,44b6_c50204e0,44b6_c50204e0:43,union|44b6_c50204e0:43|12,0,0.3817733709267544
logistic_3feat,44b6_c50204e0,44b6_c50204e0:43,union|44b6_c50204e0:43|13,0,0.17238673897752943
logistic_3feat,44b6_c50204e0,44b6_c50204e0:43,union|44b6_c50204e0:43|14,0,0.36022071115205734
logistic_3feat,44b6_c50204e0,44b6_c50204e0:43,union|44b6_c50204e0:43|15,0,0.055272388260276445
logistic_3feat,44b6_c50204e0,44b6_c50204e0:43,union|44b6_c50204e0:43|16,0,0.06082235985620333
logistic_3feat,44b6_c50204e0,44b6_c50204e0:43,union|44b6_c50204e0:43|17,0,0.42527286051187624
logistic_3feat,44b6_c50204e0,44b6_c50204e0:43,union|44b6_c50204e0:43|18,0,0.0859173101153574
logistic_3feat,44b6_c50204e0,44b6_c50204e0:43,union|44b6_c50204e0:43|19,0,0.1689527244946824
logistic_3feat,44b6_c50204e0,44b6_c50204e0:43,union|44b6_c50204e0:43|20,0,0.3907349948763214
logistic_3feat,44b6_c50204e0,44b6_c50204e0:43,union|44b6_c50204e0:43|21,0,0.3575590783265975
logistic_3feat,44b6_c50204e0,44b6_c50204e0:43,union|44b6_c50204e0:43|22,0,0.12485296728050502
logistic_3feat,44b6_c50204e0,44b6_c50204e0:43,union|44b6_c50204e0:43|23,0,0.31976992500020646
logistic_3feat,44b6_c50204e0,44b6_c50204e0:43,union|44b6_c50204e0:43|24,0,0.01900102519364763
logistic_3feat,44b6_c50204e0,44b6_c50204e0:43,union|44b6_c50204e0:43|25,0,0.05020533820322102
logistic_3feat,44b6_c50204e0,44b6_c50204e0:43,union|44b6_c50204e0:43|26,0,0.1527980117213189
logistic_3feat,44b6_c50204e0,44b6_c50204e0:43,union|44b6_c50204e0:43|27,0,0.48031548443994676
logistic_3feat,44b6_c50204e0,44b6_c50204e0:43,union|44b6_c50204e0:43|28,0,0.07993529946387556
logistic_3feat,44b6_c50204e0,44b6_c50204e0:43,union|44b6_c50204e0:43|29,0,0.4055436778604093
logistic_3feat,44b6_c50204e0,44b6_c50204e0:43,union|44b6_c50204e0:43|30,0,0.14859122179797118
logistic_3feat,44b6_c50204e0,44b6_c50204e0:43,union|44b6_c50204e0:43|31,0,0.39270960751987666
logistic_3feat,44b6_c50204e0,44b6_c50204e0:43,union|44b6_c50204e0:43|32,0,0.4186729612686282
logistic_3feat,44b6_c50204e0,44b6_c50204e0:43,union|44b6_c50204e0:43|33,0,0.3793967378181677
logistic_3feat,44b6_c50204e0,44b6_c50204e0:43,union|44b6_c50204e0:43|34,0,0.15262565713726328
logistic_3feat,44b6_c50204e0,44b6_c50204e0:43,union|44b6_c50204e0:43|35,0,0.02825862102751122
logistic_3feat,44b6_c50204e0,44b6_c50204e0:43,union|44b6_c50204e0:43|36,0,0.04199455903919192
logistic_3feat,44b6_c50204e0,44b6_c50204e0:43,union|44b6_c50204e0:43|37,0,0.18027087893711627
logistic_3feat,44b6_c50204e0,44b6_c50204e0:43,union|44b6_c50204e0:43|38,0,0.07606707789389305
logistic_3feat,44b6_c50204e0,44b6_c50204e0:43,union|44b6_c50204e0:43|39,0,0.057863900270642275
logistic_3feat,44b6_c50204e0,44b6_c50204e0:43,union|44b6_c50204e0:43|40,0,0.06863765847062767
logistic_3feat,44b6_c50204e0,44b6_c50204e0:43,union|44b6_c50204e0:43|41,0,0.16373794736365976
logistic_3feat,44b6_c50204e0,44b6_c50204e0:43,union|44b6_c50204e0:43|42,0,0.09121807423771053
logistic_3feat,44b6_c50204e0,44b6_c50204e0:43,union|44b6_c50204e0:43|43,0,0.14911308254731362
logistic_3feat,44b6_c50204e0,44b6_c50204e0:43,union|44b6_c50204e0:43|44,0,0.13314674324460318
logistic_3feat,44b6_c50204e0,44b6_c50204e0:43,union|44b6_c50204e0:43|45,0,0.16148963551134277
logistic_3feat,44b6_c50204e0,44b6_c50204e0:43,union|44b6_c50204e0:43|46,0,0.06515132735838629
logistic_3feat,44b6_c50204e0,44b6_c50204e0:43,union|44b6_c50204e0:43|47,0,0.061142258905557065
logistic_3feat,44b6_c50204e0,44b6_c50204e0:43,union|44b6_c50204e0:43|48,0,0.1482265417779916
logistic_3feat,44b6_c50204e0,44b6_c50204e0:43,union|44b6_c50204e0:43|49,0,0.05207315513294147
logistic_3feat,44b6_c50204e0,44b6_c50204e0:43,union|44b6_c50204e0:43|50,0,0.09946320898085724
logistic_3feat,44b6_c50204e0,44b6_c50204e0:43,union|44b6_c50204e0:43|51,0,0.7545162167047057
logistic_3feat,44b6_c50204e0,44b6_c50204e0:43,union|44b6_c50204e0:43|52,0,0.06965497512388494
logistic_3feat,44b6_c50204e0,44b6_c50204e0:43,union|44b6_c50204e0:43|53,0,0.7468486586531988
logistic_3feat,44b6_c50204e0,44b6_c50204e0:43,union|44b6_c50204e0:43|54,0,0.7588424320820454
logistic_3feat,44b6_c50204e0,44b6_c50204e0:43,union|44b6_c50204e0:43|55,0,0.7808574164128916
logistic_3feat,44b6_c50204e0,44b6_c50204e0:43,union|44b6_c50204e0:43|56,0,0.1682420423913922
logistic_3feat,44b6_c50204e0,44b6_c50204e0:43,union|44b6_c50204e0:43|57,0,0.07067547766121851
logistic_3feat,44b6_c50204e0,44b6_c50204e0:43,union|44b6_c50204e0:43|58,0,0.15092147540882253
logistic_3feat,44b6_c50204e0,44b6_c50204e0:43,union|44b6_c50204e0:43|59,0,0.022772552558734036
logistic_3feat,44b6_c50204e0,44b6_c50204e0:43,union|44b6_c50204e0:43|60,0,0.06807457344199927
logistic_3feat,44b6_c50204e0,44b6_c50204e0:43,union|44b6_c50204e0:43|61,0,0.057863900270642275
logistic_3feat,44b6_c50204e0,44b6_c50204e0:43,union|44b6_c50204e0:43|62,0,0.07233453127318949
logistic_3feat,44b6_c50204e0,44b6_c50204e0:43,union|44b6_c50204e0:43|63,0,0.05278349017864025
logistic_3feat,44b6_c50204e0,44b6_c50204e0:43,union|44b6_c50204e0:43|64,0,0.05610125693321063
logistic_3feat,44b6_c50204e0,44b6_c50204e0:43,union|44b6_c50204e0:43|65,0,0.0513859440909895
logistic_3feat,44b6_c50204e0,44b6_c50204e0:43,union|44b6_c50204e0:43|66,0,0.05953815561378726
logistic_3feat,44b6_c50204e0,44b6_c50204e0:43,union|44b6_c50204e0:43|67,0,0.05718545584732755
logistic_3feat,44b6_c50204e0,44b6_c50204e0:43,union|44b6_c50204e0:43|68,0,0.06769726792421774
logistic_3feat,44b6_c50204e0,44b6_c50204e0:43,union|44b6_c50204e0:43|69,0,0.08472634838834073
logistic_3feat,44b6_c50204e0,44b6_c50204e0:43,union|44b6_c50204e0:43|70,0,0.04464995535466485
logistic_3feat,44b6_c50204e0,44b6_c50204e0:43,union|44b6_c50204e0:43|71,0,0.061633060114514915
logistic_3feat,44b6_c50204e0,44b6_c50204e0:43,union|44b6_c50204e0:43|72,0,0.046707588063409806
logistic_3feat,44b6_c50204e0,44b6_c50204e0:43,union|44b6_c50204e0:43|73,0,0.050557267745745
logistic_3feat,44b6_c50204e0,44b6_c50204e0:43,union|44b6_c50204e0:43|74,0,0.04839691199504447
logistic_3feat,44b6_c50204e0,44b6_c50204e0:43,union|44b6_c50204e0:43|75,0,0.061633060114514915
logistic_3feat,44b6_c50204e0,44b6_c50204e0:43,union|44b6_c50204e0:43|76,0,0.049449321263046596
logistic_3feat,44b6_c50204e0,44b6_c50204e0:43,union|44b6_c50204e0:43|77,0,0.006459633388003876
logistic_3feat,44b6_c50204e0,44b6_c50204e0:43,union|44b6_c50204e0:43|78,0,0.061501167074176036
logistic_3feat,44b6_c50204e0,44b6_c50204e0:43,union|44b6_c50204e0:43|79,0,0.07357565153121334
logistic_3feat,44b6_c50204e0,44b6_c50204e0:43,union|44b6_c50204e0:43|80,0,0.07733505342519927
logistic_3feat,44b6_c50204e0,44b6_c50204e0:43,union|44b6_c50204e0:43|81,0,0.0698853544478217
logistic_3feat,44b6_c50204e0,44b6_c50204e0:43,union|44b6_c50204e0:43|82,0,0.00940089460334116
logistic_3feat,44b6_c50204e0,44b6_c50204e0:43,union|44b6_c50204e0:43|83,0,0.10132037728850028
logistic_3feat,44b6_c50204e0,44b6_c50204e0:43,union|44b6_c50204e0:43|84,0,0.19330425866965234
logistic_3feat,44b6_c50204e0,44b6_c50204e0:43,union|44b6_c50204e0:43|85,0,0.9671541300397225
logistic_3feat,44b6_c50204e0,44b6_c50204e0:43,union|44b6_c50204e0:43|86,1,0.9581426913098815
logistic_3feat,44b6_c50204e0,44b6_c50204e0:43,union|44b6_c50204e0:43|87,0,0.15991358483523999
logistic_3feat,44b6_c50204e0,44b6_c50204e0:43,union|44b6_c50204e0:43|88,0,0.8860401766571951
logistic_3feat,44b6_c50204e0,44b6_c50204e0:43,union|44b6_c50204e0:43|89,0,0.070944259733861
logistic_3feat,44b6_c50204e0,44b6_c50204e0:43,union|44b6_c50204e0:43|90,0,0.1566378571255058
logistic_3feat,44b6_c50204e0,44b6_c50204e0:43,union|44b6_c50204e0:43|91,0,0.0189435755514303
logistic_3feat,44b6_c50204e0,44b6_c50204e0:43,union|44b6_c50204e0:43|92,0,0.05487576556185243
logistic_3feat,44b6_c50204e0,44b6_c50204e0:43,union|44b6_c50204e0:43|93,0,0.09544825915878163
logistic_3feat,44b6_c50204e0,44b6_c50204e0:43,union|44b6_c50204e0:43|94,0,0.0738029966628454
logistic_3feat,44b6_c50204e0,44b6_c50204e0:43,union|44b6_c50204e0:43|95,0,0.077363635840488
logistic_3feat,44b6_c50204e0,44b6_c50204e0:43,union|44b6_c50204e0:43|96,0,0.08355984607766594
logistic_3feat,44b6_c50204e0,44b6_c50204e0:43,union|44b6_c50204e0:43|97,0,0.05624420583821207
logistic_3feat,44b6_c50204e0,44b6_c50204e0:43,union|44b6_c50204e0:43|98,0,0.08859012551355809
logistic_3feat,44b6_c50204e0,44b6_c50204e0:43,union|44b6_c50204e0:43|99,0,0.08879136005679347
logistic_3feat,44b6_c50204e0,44b6_c50204e0:43,union|44b6_c50204e0:43|100,0,0.00959969495823084
logistic_3feat,44b6_c50204e0,44b6_c50204e0:43,union|44b6_c50204e0:43|101,0,0.20383996539010374
logistic_3feat,44b6_c50204e0,44b6_c50204e0:43,union|44b6_c50204e0:43|102,0,0.20656693351180858
logistic_3feat,44b6_c50204e0,44b6_c50204e0:43,union|44b6_c50204e0:43|103,0,0.18210855475523158
logistic_3feat,44b6_c50204e0,44b6_c50204e0:43,union|44b6_c50204e0:43|104,0,0.020176410951277274
logistic_3feat,44b6_c50204e0,44b6_c50204e0:43,union|44b6_c50204e0:43|105,0,0.04259603033666134
logistic_3feat,44b6_c50204e0,44b6_c50204e0:43,union|44b6_c50204e0:43|106,0,0.9799392220274431
logistic_3feat,44b6_c50204e0,44b6_c50204e0:43,union|44b6_c50204e0:43|107,0,0.1749722038281531
logistic_3feat,44b6_c50204e0,44b6_c50204e0:43,union|44b6_c50204e0:43|108,0,0.8899162181122897
logistic_3feat,44b6_c50204e0,44b6_c50204e0:43,union|44b6_c50204e0:43|109,0,0.13873074647112635
logistic_3feat,44b6_c50204e0,44b6_c50204e0:43,union|44b6_c50204e0:43|110,0,0.05624420583821207
logistic_3feat,44b6_c50204e0,44b6_c50204e0:43,union|44b6_c50204e0:43|111,0,0.07290775802766979
logistic_3feat,44b6_c50204e0,44b6_c50204e0:43,union|44b6_c50204e0:43|112,0,0.16191853662872352
logistic_3feat,44b6_c50204e0,44b6_c50204e0:43,union|44b6_c50204e0:43|113,0,0.019326938304295615
logistic_3feat,44b6_c50204e0,44b6_c50204e0:43,union|44b6_c50204e0:43|114,0,0.055829554441368445
logistic_3feat,44b6_c50204e0,44b6_c50204e0:43,union|44b6_c50204e0:43|115,0,0.15857382066282208
logistic_3feat,44b6_c50204e0,44b6_c50204e0:43,union|44b6_c50204e0:43|116,0,0.8894779516462344
logistic_3feat,44b6_c50204e0,44b6_c50204e0:43,union|44b6_c50204e0:43|117,0,0.17108146570771
logistic_3feat,44b6_c50204e0,44b6_c50204e0:43,union|44b6_c50204e0:43|118,0,0.05639852140393884
logistic_3feat,44b6_c50204e0,44b6_c50204e0:43,union|44b6_c50204e0:43|119,0,0.05969618667332716
logistic_3feat,44b6_c50204e0,44b6_c50204e0:43,union|44b6_c50204e0:43|120,0,0.1496729458953289
logistic_3feat,44b6_c50204e0,44b6_c50204e0:43,union|44b6_c50204e0:43|121,0,0.024564672479885745
logistic_3feat,44b6_c50204e0,44b6_c50204e0:43,union|44b6_c50204e0:43|122,0,0.05498580289154355
logistic_3feat,44b6_c50204e0,44b6_c50204e0:43,union|44b6_c50204e0:43|123,0,0.11593973892493167
logistic_3feat,44b6_c50204e0,44b6_c50204e0:43,union|44b6_c50204e0:43|124,0,0.06189648779521065
logistic_3feat,44b6_c50204e0,44b6_c50204e0:43,union|44b6_c50204e0:43|125,0,0.02570689501364079
logistic_3feat,44b6_c50204e0,44b6_c50204e0:43,union|44b6_c50204e0:43|126,0,0.16992982124126205
logistic_3feat,44b6_c50204e0,44b6_c50204e0:43,union|44b6_c50204e0:43|127,0,0.09286613402798549
logistic_3feat,44b6_c50204e0,44b6_c50204e0:43,union|44b6_c50204e0:43|128,0,0.07503259689028387
logistic_3feat,44b6_c50204e0,44b6_c50204e0:43,union|44b6_c50204e0:43|129,0,0.21954450065232434
logistic_3feat,44b6_c50204e0,44b6_c50204e0:43,union|44b6_c50204e0:43|130,0,0.06367741042804251
logistic_3feat,44b6_c50204e0,44b6_c50204e0:43,union|44b6_c50204e0:43|131,0,0.13736053847813579
logistic_3feat,44b6_c50204e0,44b6_c50204e0:43,union|44b6_c50204e0:43|132,0,0.023514118957223027
logistic_3feat,44b6_c50204e0,44b6_c50204e0:43,union|44b6_c50204e0:43|133,0,0.06450948982572251
logistic_3feat,44b6_c50204e0,44b6_c50204e0:43,union|44b6_c50204e0:43|134,0,0.08859012551355809
logistic_3feat,44b6_c50204e0,44b6_c50204e0:43,union|44b6_c50204e0:43|135,0,0.08859012551355809
logistic_3feat,44b6_c50204e0,44b6_c50204e0:43,union|44b6_c50204e0:43|136,0,0.002790939788189768
logistic_3feat,44b6_c50204e0,44b6_c50204e0:184,union|44b6_c50204e0:184|0,0,0.09799362077235624
logistic_3feat,44b6_c50204e0,44b6_c50204e0:184,union|44b6_c50204e0:184|1,0,0.08206462976720293
logistic_3feat,44b6_c50204e0,44b6_c50204e0:184,union|44b6_c50204e0:184|2,0,0.07357565153121334
logistic_3feat,44b6_c50204e0,44b6_c50204e0:184,union|44b6_c50204e0:184|3,0,0.09350585405014351
logistic_3feat,44b6_c50204e0,44b6_c50204e0:184,union|44b6_c50204e0:184|4,0,0.06543737413538757
logistic_3feat,44b6_c50204e0,44b6_c50204e0:184,union|44b6_c50204e0:184|5,0,0.0843796989739366
logistic_3feat,44b6_c50204e0,44b6_c50204e0:184,union|44b6_c50204e0:184|6,0,0.0856188216835962
logistic_3feat,44b6_c50204e0,44b6_c50204e0:184,union|44b6_c50204e0:184|7,0,0.06047300788381336
logistic_3feat,44b6_c50204e0,44b6_c50204e0:184,union|44b6_c50204e0:184|8,0,0.07828118059915097
logistic_3feat,44b6_c50204e0,44b6_c50204e0:184,union|44b6_c50204e0:184|9,0,0.07959627723065929
logistic_3feat,44b6_c50204e0,44b6_c50204e0:184,union|44b6_c50204e0:184|10,0,0.06863765847062767
logistic_3feat,44b6_c50204e0,44b6_c50204e0:184,union|44b6_c50204e0:184|11,0,0.07199968109817215
logistic_3feat,44b6_c50204e0,44b6_c50204e0:184,union|44b6_c50204e0:184|12,0,0.0636810835622186
logistic_3feat,44b6_c50204e0,44b6_c50204e0:184,union|44b6_c50204e0:184|13,0,0.11431697116630436
logistic_3feat,44b6_c50204e0,44b6_c50204e0:184,union|44b6_c50204e0:184|14,0,0.07930134788891662
logistic_3feat,44b6_c50204e0,44b6_c50204e0:184,union|44b6_c50204e0:184|15,0,0.09757653230889717
logistic_3feat,44b6_c50204e0,44b6_c50204e0:184,union|44b6_c50204e0:184|16,0,0.08216850164059501
logistic_3feat,44b6_c50204e0,44b6_c50204e0:184,union|44b6_c50204e0:184|17,0,0.11595464660908422
logistic_3feat,44b6_c50204e0,44b6_c50204e0:184,union|44b6_c50204e0:184|18,0,0.11353607730614047
logistic_3feat,44b6_c50204e0,44b6_c50204e0:184,union|44b6_c50204e0:184|19,0,0.08780475425170653
logistic_3feat,44b6_c50204e0,44b6_c50204e0:184,union|44b6_c50204e0:184|20,0,0.08845913595624706
logistic_3feat,44b6_c50204e0,44b6_c50204e0:184,union|44b6_c50204e0:184|21,0,0.09939113001240525
logistic_3feat,44b6_c50204e0,44b6_c50204e0:184,union|44b6_c50204e0:184|22,0,0.06984082193838956
logistic_3feat,44b6_c50204e0,44b6_c50204e0:184,union|44b6_c50204e0:184|23,0,0.07509297986604482
logistic_3feat,44b6_c50204e0,44b6_c50204e0:184,union|44b6_c50204e0:184|24,0,0.0738029966628454
logistic_3feat,44b6_c50204e0,44b6_c50204e0:184,union|44b6_c50204e0:184|25,0,0.009669908748931921
logistic_3feat,44b6_c50204e0,44b6_c50204e0:184,union|44b6_c50204e0:184|26,0,0.17345231465493358
logistic_3feat,44b6_c50204e0,44b6_c50204e0:184,union|44b6_c50204e0:184|27,0,0.10360075208644924
logistic_3feat,44b6_c50204e0,44b6_c50204e0:184,union|44b6_c50204e0:184|28,0,0.19602829879650524
logistic_3feat,44b6_c50204e0,44b6_c50204e0:184,union|44b6_c50204e0:184|29,0,0.18621245418855573
logistic_3feat,44b6_c50204e0,44b6_c50204e0:184,union|44b6_c50204e0:184|30,0,0.20920165845864064
logistic_3feat,44b6_c50204e0,44b6_c50204e0:184,union|44b6_c50204e0:184|31,0,0.19878418346562007
logistic_3feat,44b6_c50204e0,44b6_c50204e0:184,union|44b6_c50204e0:184|32,0,0.13418056168967665
logistic_3feat,44b6_c50204e0,44b6_c50204e0:184,union|44b6_c50204e0:184|33,0,0.18400379608555262
logistic_3feat,44b6_c50204e0,44b6_c50204e0:184,union|44b6_c50204e0:184|34,0,0.1530590136189505
logistic_3feat,44b6_c50204e0,44b6_c50204e0:184,union|44b6_c50204e0:184|35,0,0.05750546743050273
logistic_3feat,44b6_c50204e0,44b6_c50204e0:184,union|44b6_c50204e0:184|36,0,0.09697428241464137
logistic_3feat,44b6_c50204e0,44b6_c50204e0:184,union|44b6_c50204e0:184|37,0,0.5323559402985908
logistic_3feat,44b6_c50204e0,44b6_c50204e0:184,union|44b6_c50204e0:184|38,0,0.27158057799422225
logistic_3feat,44b6_c50204e0,44b6_c50204e0:184,union|44b6_c50204e0:184|39,0,0.47608344791029117
logistic_3feat,44b6_c50204e0,44b6_c50204e0:184,union|44b6_c50204e0:184|40,0,0.0824366494259593
logistic_3feat,44b6_c50204e0,44b6_c50204e0:184,union|44b6_c50204e0:184|41,0,0.2412043838191952
logistic_3feat,44b6_c50204e0,44b6_c50204e0:184,union|44b6_c50204e0:184|42,0,0.47207659564709015
logistic_3feat,44b6_c50204e0,44b6_c50204e0:184,union|44b6_c50204e0:184|43,0,0.4570311908010071
logistic_3feat,44b6_c50204e0,44b6_c50204e0:184,union|44b6_c50204e0:184|44,0,0.06312713995656744
logistic_3feat,44b6_c50204e0,44b6_c50204e0:184,union|44b6_c50204e0:184|45,0,0.4980215982599651
logistic_3feat,44b6_c50204e0,44b6_c50204e0:184,union|44b6_c50204e0:184|46,0,0.4441145792226666
logistic_3feat,44b6_c50204e0,44b6_c50204e0:184,union|44b6_c50204e0:184|47,0,0.43761660093992505
logistic_3feat,44b6_c50204e0,44b6_c50204e0:184,union|44b6_c50204e0:184|48,0,0.13693963057465078
logistic_3feat,44b6_c50204e0,44b6_c50204e0:184,union|44b6_c50204e0:184|49,0,0.1276559733164182
logistic_3feat,44b6_c50204e0,44b6_c50204e0:184,union|44b6_c50204e0:184|50,0,0.16137186168413287
logistic_3feat,44b6_c50204e0,44b6_c50204e0:184,union|44b6_c50204e0:184|51,0,0.12992518011912702
logistic_3feat,44b6_c50204e0,44b6_c50204e0:184,union|44b6_c50204e0:184|52,0,0.13624639093819027
logistic_3feat,44b6_c50204e0,44b6_c50204e0:184,union|44b6_c50204e0:184|53,0,0.13233193378114388
logistic_3feat,44b6_c50204e0,44b6_c50204e0:184,union|44b6_c50204e0:184|54,0,0.10329034914478265
logistic_3feat,44b6_c50204e0,44b6_c50204e0:184,union|44b6_c50204e0:184|55,0,0.10110780231456434
logistic_3feat,44b6_c50204e0,44b6_c50204e0:184,union|44b6_c50204e0:184|56,0,0.09724205907366244
logistic_3feat,44b6_c50204e0,44b6_c50204e0:184,union|44b6_c50204e0:184|57,0,0.09540194608193885
logistic_3feat,44b6_c50204e0,44b6_c50204e0:184,union|44b6_c50204e0:184|58,0,0.015554059687810606
logistic_3feat,44b6_c50204e0,44b6_c50204e0:184,union|44b6_c50204e0:184|59,0,0.2872707741470065
logistic_3feat,44b6_c50204e0,44b6_c50204e0:184,union|44b6_c50204e0:184|60,0,0.712011755358793
logistic_3feat,44b6_c50204e0,44b6_c50204e0:184,union|44b6_c50204e0:184|61,0,0.06464297156058356
logistic_3feat,44b6_c50204e0,44b6_c50204e0:184,union|44b6_c50204e0:184|62,0,0.3055673376239595
logistic_3feat,44b6_c50204e0,44b6_c50204e0:184,union|44b6_c50204e0:184|63,0,0.7023111156306884
logistic_3feat,44b6_c50204e0,44b6_c50204e0:184,union|44b6_c50204e0:184|64,0,0.6423418609113157
logistic_3feat,44b6_c50204e0,44b6_c50204e0:184,union|44b6_c50204e0:184|65,0,0.712011755358793
logistic_3feat,44b6_c50204e0,44b6_c50204e0:184,union|44b6_c50204e0:184|66,0,0.6528807371017363
logistic_3feat,44b6_c50204e0,44b6_c50204e0:184,union|44b6_c50204e0:184|67,0,0.5409562211038816
logistic_3feat,44b6_c50204e0,44b6_c50204e0:184,union|44b6_c50204e0:184|68,0,0.06367741042804251
logistic_3feat,44b6_c50204e0,44b6_c50204e0:184,union|44b6_c50204e0:184|69,0,0.27455585204904764
logistic_3feat,44b6_c50204e0,44b6_c50204e0:184,union|44b6_c50204e0:184|70,0,0.18463734651236535
logistic_3feat,44b6_c50204e0,44b6_c50204e0:184,union|44b6_c50204e0:184|71,0,0.3981078511344804
logistic_3feat,44b6_c50204e0,44b6_c50204e0:184,union|44b6_c50204e0:184|72,0,0.27803000128256633
logistic_3feat,44b6_c50204e0,44b6_c50204e0:184,union|44b6_c50204e0:184|73,0,0.19046128603088597
logistic_3feat,44b6_c50204e0,44b6_c50204e0:184,union|44b6_c50204e0:184|74,0,0.38182942944796194
logistic_3feat,44b6_c50204e0,44b6_c50204e0:184,union|44b6_c50204e0:184|75,0,0.1042283636927862
logistic_3feat,44b6_c50204e0,44b6_c50204e0:184,union|44b6_c50204e0:184|76,0,0.3054232121317512
logistic_3feat,44b6_c50204e0,44b6_c50204e0:184,union|44b6_c50204e0:184|77,0,0.29634907940641064
logistic_3feat,44b6_c50204e0,44b6_c50204e0:184,union|44b6_c50204e0:184|78,0,0.058160018096533754
logistic_3feat,44b6_c50204e0,44b6_c50204e0:184,union|44b6_c50204e0:184|79,0,0.09377083438786027
logistic_3feat,44b6_c50204e0,44b6_c50204e0:184,union|44b6_c50204e0:184|80,0,0.21952413216476008
logistic_3feat,44b6_c50204e0,44b6_c50204e0:184,union|44b6_c50204e0:184|81,0,0.0564619304216826
logistic_3feat,44b6_c50204e0,44b6_c50204e0:184,union|44b6_c50204e0:184|82,0,0.30912681058297753
logistic_3feat,44b6_c50204e0,44b6_c50204e0:184,union|44b6_c50204e0:184|83,0,0.1737384509731879
logistic_3feat,44b6_c50204e0,44b6_c50204e0:184,union|44b6_c50204e0:184|84,0,0.9477647185525762
logistic_3feat,44b6_c50204e0,44b6_c50204e0:184,union|44b6_c50204e0:184|85,0,0.10454563914089783
logistic_3feat,44b6_c50204e0,44b6_c50204e0:184,union|44b6_c50204e0:184|86,0,0.7801830222341833
logistic_3feat,44b6_c50204e0,44b6_c50204e0:184,union|44b6_c50204e0:184|87,0,0.9285630942905433
logistic_3feat,44b6_c50204e0,44b6_c50204e0:184,union|44b6_c50204e0:184|88,0,0.7664110375283251
logistic_3feat,44b6_c50204e0,44b6_c50204e0:184,union|44b6_c50204e0:184|89,0,0.4912418082369249
logistic_3feat,44b6_c50204e0,44b6_c50204e0:184,union|44b6_c50204e0:184|90,0,0.06472169720971536
logistic_3feat,44b6_c50204e0,44b6_c50204e0:184,union|44b6_c50204e0:184|91,0,0.09124176292316297
logistic_3feat,44b6_c50204e0,44b6_c50204e0:184,union|44b6_c50204e0:184|92,0,0.1722819311224962
logistic_3feat,44b6_c50204e0,44b6_c50204e0:184,union|44b6_c50204e0:184|93,0,0.22349266694819866
logistic_3feat,44b6_c50204e0,44b6_c50204e0:184,union|44b6_c50204e0:184|94,0,0.0608114419487555
logistic_3feat,44b6_c50204e0,44b6_c50204e0:184,union|44b6_c50204e0:184|95,0,0.34066302720200653
logistic_3feat,44b6_c50204e0,44b6_c50204e0:184,union|44b6_c50204e0:184|96,0,0.05948224694236384
logistic_3feat,44b6_c50204e0,44b6_c50204e0:184,union|44b6_c50204e0:184|97,0,0.061501167074176036
logistic_3feat,44b6_c50204e0,44b6_c50204e0:184,union|44b6_c50204e0:184|98,0,0.07199968109817215
logistic_3feat,44b6_c50204e0,44b6_c50204e0:184,union|44b6_c50204e0:184|99,0,0.09497086528769491
logistic_3feat,44b6_c50204e0,44b6_c50204e0:184,union|44b6_c50204e0:184|100,0,0.07828118059915097
logistic_3feat,44b6_c50204e0,44b6_c50204e0:184,union|44b6_c50204e0:184|101,0,0.07860401766724068
logistic_3feat,44b6_c50204e0,44b6_c50204e0:184,union|44b6_c50204e0:184|102,0,0.06387079464551423
logistic_3feat,44b6_c50204e0,44b6_c50204e0:184,union|44b6_c50204e0:184|103,0,0.0679673512068056
logistic_3feat,44b6_c50204e0,44b6_c50204e0:184,union|44b6_c50204e0:184|104,0,0.06167635254176968
logistic_3feat,44b6_c50204e0,44b6_c50204e0:184,union|44b6_c50204e0:184|105,0,0.2917001415299404
logistic_3feat,44b6_c50204e0,44b6_c50204e0:184,union|44b6_c50204e0:184|106,0,0.25893183699101135
logistic_3feat,44b6_c50204e0,44b6_c50204e0:184,union|44b6_c50204e0:184|107,0,0.25419554248584886
logistic_3feat,44b6_c50204e0,44b6_c50204e0:184,union|44b6_c50204e0:184|108,0,0.08318199829262847
logistic_3feat,44b6_c50204e0,44b6_c50204e0:184,union|44b6_c50204e0:184|109,0,0.06646359281749935
logistic_3feat,44b6_c50204e0,44b6_c50204e0:184,union|44b6_c50204e0:184|110,0,0.03933365165401921
logistic_3feat,44b6_c50204e0,44b6_c50204e0:184,union|44b6_c50204e0:184|111,0,0.1842760798691751
logistic_3feat,44b6_c50204e0,44b6_c50204e0:184,union|44b6_c50204e0:184|112,0,0.14061333017346914
logistic_3feat,44b6_c50204e0,44b6_c50204e0:184,union|44b6_c50204e0:184|113,0,0.18596817712839112
logistic_3feat,44b6_c50204e0,44b6_c50204e0:184,union|44b6_c50204e0:184|114,0,0.14778818195080715
logistic_3feat,44b6_c50204e0,44b6_c50204e0:184,union|44b6_c50204e0:184|115,0,0.13630365141381076
logistic_3feat,44b6_c50204e0,44b6_c50204e0:184,union|44b6_c50204e0:184|116,0,0.11986634786503145
logistic_3feat,44b6_c50204e0,44b6_c50204e0:184,union|44b6_c50204e0:184|117,0,0.1482265417779916
logistic_3feat,44b6_c50204e0,44b6_c50204e0:184,union|44b6_c50204e0:184|118,0,0.15622233558248452
logistic_3feat,44b6_c50204e0,44b6_c50204e0:184,union|44b6_c50204e0:184|119,0,0.026437747116743907
logistic_3feat,44b6_c50204e0,44b6_c50204e0:184,union|44b6_c50204e0:184|120,0,0.11618120450419284
logistic_3feat,44b6_c50204e0,44b6_c50204e0:184,union|44b6_c50204e0:184|121,0,0.8019977168460916
logistic_3feat,44b6_c50204e0,44b6_c50204e0:184,union|44b6_c50204e0:184|122,1,0.9898349890088607
logistic_3feat,44b6_c50204e0,44b6_c50204e0:184,union|44b6_c50204e0:184|123,0,0.7923582532052538
logistic_3feat,44b6_c50204e0,44b6_c50204e0:184,union|44b6_c50204e0:184|124,0,0.5129811614616007
logistic_3feat,44b6_c50204e0,44b6_c50204e0:184,union|44b6_c50204e0:184|125,0,0.066032266455765
logistic_3feat,44b6_c50204e0,44b6_c50204e0:184,union|44b6_c50204e0:184|126,0,0.10479532402601356
logistic_3feat,44b6_c50204e0,44b6_c50204e0:184,union|44b6_c50204e0:184|127,0,0.19711934066266643
logistic_3feat,44b6_c50204e0,44b6_c50204e0:184,union|44b6_c50204e0:184|128,0,0.2519203505801853
logistic_3feat,44b6_c50204e0,44b6_c50204e0:184,union|44b6_c50204e0:184|129,0,0.2906783408056691
logistic_3feat,44b6_c50204e0,44b6_c50204e0:184,union|44b6_c50204e0:184|130,0,0.06688497547273882
logistic_3feat,44b6_c50204e0,44b6_c50204e0:184,union|44b6_c50204e0:184|131,0,0.37786931492182674
logistic_3feat,44b6_c50204e0,44b6_c50204e0:184,union|44b6_c50204e0:184|132,0,0.16137186168413287
logistic_3feat,44b6_c50204e0,44b6_c50204e0:184,union|44b6_c50204e0:184|133,0,0.05766153256648123
logistic_3feat,44b6_c50204e0,44b6_c50204e0:184,union|44b6_c50204e0:184|134,0,0.1114394573499665
logistic_3feat,44b6_c50204e0,44b6_c50204e0:184,union|44b6_c50204e0:184|135,0,0.11335141335664105
logistic_3feat,44b6_c50204e0,44b6_c50204e0:184,union|44b6_c50204e0:184|136,0,0.12105477909676561
logistic_3feat,44b6_c50204e0,44b6_c50204e0:184,union|44b6_c50204e0:184|137,0,0.13171630790327757
logistic_3feat,44b6_c50204e0,44b6_c50204e0:184,union|44b6_c50204e0:184|138,0,0.10854772682039414
logistic_3feat,44b6_c50204e0,44b6_c50204e0:184,union|44b6_c50204e0:184|139,0,0.0171936521855067
logistic_3feat,44b6_c50204e0,44b6_c50204e0:184,union|44b6_c50204e0:184|140,0,0.06689197539454425
logistic_3feat,44b6_c50204e0,44b6_c50204e0:184,union|44b6_c50204e0:184|141,0,0.8054926490206609
logistic_3feat,44b6_c50204e0,44b6_c50204e0:184,union|44b6_c50204e0:184|142,0,0.8028596174788908
logistic_3feat,44b6_c50204e0,44b6_c50204e0:184,union|44b6_c50204e0:184|143,0,0.4775307536960871
logistic_3feat,44b6_c50204e0,44b6_c50204e0:184,union|44b6_c50204e0:184|144,0,0.11871699550132216
logistic_3feat,44b6_c50204e0,44b6_c50204e0:184,union|44b6_c50204e0:184|145,0,0.25129077585834647
logistic_3feat,44b6_c50204e0,44b6_c50204e0:184,union|44b6_c50204e0:184|146,0,0.2472486802883665
logistic_3feat,44b6_c50204e0,44b6_c50204e0:184,union|44b6_c50204e0:184|147,0,0.28527324438527857
logistic_3feat,44b6_c50204e0,44b6_c50204e0:184,union|44b6_c50204e0:184|148,0,0.3402292052372095
logistic_3feat,44b6_c50204e0,44b6_c50204e0:184,union|44b6_c50204e0:184|149,0,0.07133642373111927
logistic_3feat,44b6_c50204e0,44b6_c50204e0:184,union|44b6_c50204e0:184|150,0,0.07963728558900879
logistic_3feat,44b6_c50204e0,44b6_c50204e0:184,union|44b6_c50204e0:184|151,0,0.05929066660017893
logistic_3feat,44b6_c50204e0,44b6_c50204e0:184,union|44b6_c50204e0:184|152,0,0.07043925251240303
logistic_3feat,44b6_c50204e0,44b6_c50204e0:184,union|44b6_c50204e0:184|153,0,0.06164393577846035
logistic_3feat,44b6_c50204e0,44b6_c50204e0:184,union|44b6_c50204e0:184|154,0,0.007163892255650562
logistic_3feat,44b6_c50204e0,44b6_c50204e0:184,union|44b6_c50204e0:184|155,0,0.8398350586217884
logistic_3feat,44b6_c50204e0,44b6_c50204e0:184,union|44b6_c50204e0:184|156,0,0.5811279570343012
logistic_3feat,44b6_c50204e0,44b6_c50204e0:184,union|44b6_c50204e0:184|157,0,0.06307022322680585
logistic_3feat,44b6_c50204e0,44b6_c50204e0:184,union|44b6_c50204e0:184|158,0,0.09839412948555046
logistic_3feat,44b6_c50204e0,44b6_c50204e0:184,union|44b6_c50204e0:184|159,0,0.2271507203620252
logistic_3feat,44b6_c50204e0,44b6_c50204e0:184,union|44b6_c50204e0:184|160,0,0.2503345032809273
logistic_3feat,44b6_c50204e0,44b6_c50204e0:184,union|44b6_c50204e0:184|161,0,0.3522166794916209
logistic_3feat,44b6_c50204e0,44b6_c50204e0:184,union|44b6_c50204e0:184|162,0,0.07050863137937695
logistic_3feat,44b6_c50204e0,44b6_c50204e0:184,union|44b6_c50204e0:184|163,0,0.36739007402363016
logistic_3feat,44b6_c50204e0,44b6_c50204e0:184,union|44b6_c50204e0:184|164,0,0.5613160792466535
logistic_3feat,44b6_c50204e0,44b6_c50204e0:184,union|44b6_c50204e0:184|165,0,0.10365111823997183
logistic_3feat,44b6_c50204e0,44b6_c50204e0:184,union|44b6_c50204e0:184|166,0,0.2666448437403116
logistic_3feat,44b6_c50204e0,44b6_c50204e0:184,union|44b6_c50204e0:184|167,0,0.2594523723670375
logistic_3feat,44b6_c50204e0,44b6_c50204e0:184,union|44b6_c50204e0:184|168,0,0.3733283379636851
logistic_3feat,44b6_c50204e0,44b6_c50204e0:184,union|44b6_c50204e0:184|169,0,0.0679673512068056
logistic_3feat,44b6_c50204e0,44b6_c50204e0:184,union|44b6_c50204e0:184|170,0,0.3615579349361364
logistic_3feat,44b6_c50204e0,44b6_c50204e0:184,union|44b6_c50204e0:184|171,0,0.07233144569634037
logistic_3feat,44b6_c50204e0,44b6_c50204e0:184,union|44b6_c50204e0:184|172,0,0.1841912810976759
logistic_3feat,44b6_c50204e0,44b6_c50204e0:184,union|44b6_c50204e0:184|173,0,0.22407403098757184
logistic_3feat,44b6_c50204e0,44b6_c50204e0:184,union|44b6_c50204e0:184|174,0,0.38746516101095047
logistic_3feat,44b6_c50204e0,44b6_c50204e0:184,union|44b6_c50204e0:184|175,0,0.08133584863754914
logistic_3feat,44b6_c50204e0,44b6_c50204e0:184,union|44b6_c50204e0:184|176,0,0.1222441954125215
logistic_3feat,44b6_c50204e0,44b6_c50204e0:184,union|44b6_c50204e0:184|177,0,0.06189648779521065
logistic_3feat,44b6_c50204e0,44b6_c50204e0:184,union|44b6_c50204e0:184|178,0,0.06493563364007332
logistic_3feat,44b6_c50204e0,44b6_c50204e0:184,union|44b6_c50204e0:184|179,0,0.08698511325321981
logistic_3feat,44b6_c50204e0,44b6_c50204e0:184,union|44b6_c50204e0:184|180,0,0.008887592332480378
logistic_3feat,44b6_c50204e0,44b6_c50204e0:184,union|44b6_c50204e0:184|181,0,0.12166462821455362
logistic_3feat,44b6_c50204e0,44b6_c50204e0:184,union|44b6_c50204e0:184|182,0,0.13424391858372353
logistic_3feat,44b6_c50204e0,44b6_c50204e0:184,union|44b6_c50204e0:184|183,0,0.08938354069759158
logistic_3feat,44b6_c50204e0,44b6_c50204e0:184,union|44b6_c50204e0:184|184,0,0.062208736520657976
logistic_3feat,44b6_c50204e0,44b6_c50204e0:184,union|44b6_c50204e0:184|185,0,0.01995347282934375
logistic_3feat,44b6_c50204e0,44b6_c50204e0:184,union|44b6_c50204e0:184|186,0,0.23061352579420732
logistic_3feat,44b6_c50204e0,44b6_c50204e0:184,union|44b6_c50204e0:184|187,0,0.21549076368515677
logistic_3feat,44b6_c50204e0,44b6_c50204e0:184,union|44b6_c50204e0:184|188,0,0.05964488515408394
logistic_3feat,44b6_c50204e0,44b6_c50204e0:184,union|44b6_c50204e0:184|189,0,0.03852637141331471
logistic_3feat,44b6_c50204e0,44b6_c50204e0:184,union|44b6_c50204e0:184|190,0,0.25771866011297334
logistic_3feat,44b6_c50204e0,44b6_c50204e0:184,union|44b6_c50204e0:184|191,0,0.0824366494259593
logistic_3feat,44b6_c50204e0,44b6_c50204e0:184,union|44b6_c50204e0:184|192,0,0.061754829304026045
logistic_3feat,44b6_c50204e0,44b6_c50204e0:184,union|44b6_c50204e0:184|193,0,0.08604540350154838
logistic_3feat,44b6_c50204e0,44b6_c50204e0:184,union|44b6_c50204e0:184|194,0,0.06035860501191508
logistic_3feat,44b6_c50204e0,44b6_c50204e0:184,union|44b6_c50204e0:184|195,0,0.011192429880133197
logistic_3feat,44b6_d2f34f90,44b6_d2f34f90:103,union|44b6_d2f34f90:103|0,0,0.10557966659145736
logistic_3feat,44b6_d2f34f90,44b6_d2f34f90:103,union|44b6_d2f34f90:103|1,0,0.06784584362416109
logistic_3feat,44b6_d2f34f90,44b6_d2f34f90:103,union|44b6_d2f34f90:103|2,0,0.07043560208796903
logistic_3feat,44b6_d2f34f90,44b6_d2f34f90:103,union|44b6_d2f34f90:103|3,0,0.0727137500925543
logistic_3feat,44b6_d2f34f90,44b6_d2f34f90:103,union|44b6_d2f34f90:103|4,0,0.08520141323597186
logistic_3feat,44b6_d2f34f90,44b6_d2f34f90:103,union|44b6_d2f34f90:103|5,0,0.06629703470929792
logistic_3feat,44b6_d2f34f90,44b6_d2f34f90:103,union|44b6_d2f34f90:103|6,0,0.017408638937446513
logistic_3feat,44b6_d2f34f90,44b6_d2f34f90:103,union|44b6_d2f34f90:103|7,0,0.011317469072183797
logistic_3feat,44b6_d2f34f90,44b6_d2f34f90:103,union|44b6_d2f34f90:103|8,0,0.010964883653308652
logistic_3feat,44b6_d2f34f90,44b6_d2f34f90:103,union|44b6_d2f34f90:103|9,0,0.01148963932609224
logistic_3feat,44b6_d2f34f90,44b6_d2f34f90:103,union|44b6_d2f34f90:103|10,0,0.8152583582306417
logistic_3feat,44b6_d2f34f90,44b6_d2f34f90:103,union|44b6_d2f34f90:103|11,0,0.5381236114446809
logistic_3feat,44b6_d2f34f90,44b6_d2f34f90:103,union|44b6_d2f34f90:103|12,1,0.9870643997755424
logistic_3feat,44b6_d2f34f90,44b6_d2f34f90:103,union|44b6_d2f34f90:103|13,0,0.8554206149682668
logistic_3feat,44b6_d2f34f90,44b6_d2f34f90:103,union|44b6_d2f34f90:103|14,0,0.9444862874556269
logistic_3feat,44b6_d2f34f90,44b6_d2f34f90:103,union|44b6_d2f34f90:103|15,0,0.11492477561869806
logistic_3feat,44b6_d2f34f90,44b6_d2f34f90:103,union|44b6_d2f34f90:103|16,0,0.0407952805327961
logistic_3feat,44b6_d2f34f90,44b6_d2f34f90:103,union|44b6_d2f34f90:103|17,0,0.029373478703528366
logistic_3feat,44b6_d2f34f90,44b6_d2f34f90:103,union|44b6_d2f34f90:103|18,0,0.012646774389022132
logistic_3feat,44b6_d2f34f90,44b6_d2f34f90:103,union|44b6_d2f34f90:103|19,0,0.005069244677661515
logistic_3feat,44b6_d2f34f90,44b6_d2f34f90:103,union|44b6_d2f34f90:103|20,0,0.025781607746034014
logistic_3feat,44b6_d2f34f90,44b6_d2f34f90:103,union|44b6_d2f34f90:103|21,0,0.8087571774745255
logistic_3feat,44b6_d2f34f90,44b6_d2f34f90:103,union|44b6_d2f34f90:103|22,0,0.8124330934577351
logistic_3feat,44b6_d2f34f90,44b6_d2f34f90:103,union|44b6_d2f34f90:103|23,0,0.8171778655521653
logistic_3feat,44b6_d2f34f90,44b6_d2f34f90:103,union|44b6_d2f34f90:103|24,0,0.07695848338440502
logistic_3feat,44b6_d2f34f90,44b6_d2f34f90:103,union|44b6_d2f34f90:103|25,0,0.0312290697967207
logistic_3feat,44b6_d2f34f90,44b6_d2f34f90:103,union|44b6_d2f34f90:103|26,0,0.5830135216622464
logistic_3feat,44b6_d2f34f90,44b6_d2f34f90:103,union|44b6_d2f34f90:103|27,0,0.492293355568022
logistic_3feat,44b6_d2f34f90,44b6_d2f34f90:103,union|44b6_d2f34f90:103|28,0,0.5113043394957134
logistic_3feat,44b6_d2f34f90,44b6_d2f34f90:103,union|44b6_d2f34f90:103|29,0,0.0884024085021557
logistic_3feat,44b6_d2f34f90,44b6_d2f34f90:103,union|44b6_d2f34f90:103|30,0,0.08140797012762323
logistic_3feat,44b6_d2f34f90,44b6_d2f34f90:103,union|44b6_d2f34f90:103|31,0,0.0364201298215331
logistic_3feat,44b6_d2f34f90,44b6_d2f34f90:103,union|44b6_d2f34f90:103|32,0,0.04609902325253037
logistic_3feat,44b6_d2f34f90,44b6_d2f34f90:103,union|44b6_d2f34f90:103|33,0,0.018137099214950943
logistic_3feat,44b6_d2f34f90,44b6_d2f34f90:103,union|44b6_d2f34f90:103|34,0,0.005206100844739106
logistic_3feat,44b6_d2f34f90,44b6_d2f34f90:103,union|44b6_d2f34f90:103|35,0,0.04566937874366019
logistic_3feat,44b6_d2f34f90,44b6_d2f34f90:103,union|44b6_d2f34f90:103|36,0,0.8356691896045914
logistic_3feat,44b6_d2f34f90,44b6_d2f34f90:103,union|44b6_d2f34f90:103|37,0,0.9520968624571522
logistic_3feat,44b6_d2f34f90,44b6_d2f34f90:103,union|44b6_d2f34f90:103|38,0,0.08536476395792011
logistic_3feat,44b6_d2f34f90,44b6_d2f34f90:103,union|44b6_d2f34f90:103|39,0,0.08609924004314998
logistic_3feat,44b6_d2f34f90,44b6_d2f34f90:103,union|44b6_d2f34f90:103|40,0,0.03804437586299099
logistic_3feat,44b6_d2f34f90,44b6_d2f34f90:103,union|44b6_d2f34f90:103|41,0,0.0306935241715186
logistic_3feat,44b6_d2f34f90,44b6_d2f34f90:103,union|44b6_d2f34f90:103|42,0,0.012446515374514406
logistic_3feat,44b6_d2f34f90,44b6_d2f34f90:103,union|44b6_d2f34f90:103|43,0,0.005335281204347936
logistic_3feat,44b6_d2f34f90,44b6_d2f34f90:103,union|44b6_d2f34f90:103|44,0,0.03286063526618442
logistic_3feat,44b6_d2f34f90,44b6_d2f34f90:103,union|44b6_d2f34f90:103|45,0,0.8656306755071128
logistic_3feat,44b6_d2f34f90,44b6_d2f34f90:103,union|44b6_d2f34f90:103|46,0,0.11247067945294302
logistic_3feat,44b6_d2f34f90,44b6_d2f34f90:103,union|44b6_d2f34f90:103|47,0,0.05223671788810469
logistic_3feat,44b6_d2f34f90,44b6_d2f34f90:103,union|44b6_d2f34f90:103|48,0,0.022612973933974427
logistic_3feat,44b6_d2f34f90,44b6_d2f34f90:103,union|44b6_d2f34f90:103|49,0,0.006819447872747083
logistic_3feat,44b6_d2f34f90,44b6_d2f34f90:103,union|44b6_d2f34f90:103|50,0,0.024529211631364112
logistic_3feat,44b6_d2f34f90,44b6_d2f34f90:103,union|44b6_d2f34f90:103|51,0,0.07764070562190283
logistic_3feat,44b6_d2f34f90,44b6_d2f34f90:103,union|44b6_d2f34f90:103|52,0,0.08714384877115741
logistic_3feat,44b6_d2f34f90,44b6_d2f34f90:103,union|44b6_d2f34f90:103|53,0,0.04531419983329511
logistic_3feat,44b6_d2f34f90,44b6_d2f34f90:103,union|44b6_d2f34f90:103|54,0,0.02259621023837835
logistic_3feat,44b6_d2f34f90,44b6_d2f34f90:103,union|44b6_d2f34f90:103|55,0,0.006769680287155994
logistic_3feat,44b6_d2f34f90,44b6_d2f34f90:103,union|44b6_d2f34f90:103|56,0,0.027896413446270196
logistic_3feat,44b6_d2f34f90,44b6_d2f34f90:103,union|44b6_d2f34f90:103|57,0,0.009131153954861049
logistic_3feat,44b6_d2f34f90,44b6_d2f34f90:103,union|44b6_d2f34f90:103|58,0,0.009795759927451242
logistic_3feat,44b6_d2f34f90,44b6_d2f34f90:103,union|44b6_d2f34f90:103|59,0,0.008717322069201804
logistic_3feat,44b6_d2f34f90,44b6_d2f34f90:103,union|44b6_d2f34f90:103|60,0,0.00530362729306333
logistic_3feat,44b6_d2f34f90,44b6_d2f34f90:103,union|44b6_d2f34f90:103|61,0,0.015171882855357812
logistic_3feat,44b6_d2f34f90,44b6_d2f34f90:103,union|44b6_d2f34f90:103|62,0,0.007003041056244479
logistic_3feat,44b6_d2f34f90,44b6_d2f34f90:103,union|44b6_d2f34f90:103|63,0,0.0037554243911644986
logistic_3feat,44b6_d2f34f90,44b6_d2f34f90:103,union|44b6_d2f34f90:103|64,0,0.0016179179029636504
logistic_3feat,44b6_d2f34f90,44b6_d2f34f90:103,union|44b6_d2f34f90:103|65,0,0.0008002129378077409
logistic_3feat,44b6_d2f34f90,44b6_d2f34f90:103,union|44b6_d2f34f90:103|66,0,0.003395508004906844
logistic_3feat,44b6_d2f34f90,44b6_d2f34f90:103,union|44b6_d2f34f90:103|67,0,0.00336816940103015
logistic_3feat,44b6_d2f34f90,44b6_d2f34f90:103,union|44b6_d2f34f90:103|68,0,0.001379782412789132
logistic_3feat,44b6_d2f34f90,44b6_d2f34f90:103,union|44b6_d2f34f90:103|69,0,0.0012383604849200195
logistic_3feat,44b6_d2f34f90,44b6_d2f34f90:103,union|44b6_d2f34f90:103|70,0,0.003976797346046647
logistic_3feat,44b6_d2f34f90,44b6_d2f34f90:103,union|44b6_d2f34f90:103|71,0,0.0031416915081784046
logistic_3feat,44b6_d2f34f90,44b6_d2f34f90:103,union|44b6_d2f34f90:103|72,0,0.0005871533842323533
logistic_3feat,44b6_d2f34f90,44b6_d2f34f90:103,union|44b6_d2f34f90:103|73,0,0.004905324050764535
logistic_3feat,44b6_d2f34f90,44b6_d2f34f90:103,union|44b6_d2f34f90:103|74,0,0.0018879249170369475
logistic_3feat,44b6_d2f34f90,44b6_d2f34f90:103,union|44b6_d2f34f90:103|75,0,0.0007924889069912034
logistic_3feat,44b6_d2f34f90,44b6_d2f34f90:137,union|44b6_d2f34f90:137|0,0,0.10463371645692268
logistic_3feat,44b6_d2f34f90,44b6_d2f34f90:137,union|44b6_d2f34f90:137|1,0,0.1203005020456517
logistic_3feat,44b6_d2f34f90,44b6_d2f34f90:137,union|44b6_d2f34f90:137|2,0,0.5468879550374739
logistic_3feat,44b6_d2f34f90,44b6_d2f34f90:137,union|44b6_d2f34f90:137|3,0,0.23575843661878418
logistic_3feat,44b6_d2f34f90,44b6_d2f34f90:137,union|44b6_d2f34f90:137|4,0,0.42715894509181157
logistic_3feat,44b6_d2f34f90,44b6_d2f34f90:137,union|44b6_d2f34f90:137|5,0,0.47309243535124507
logistic_3feat,44b6_d2f34f90,44b6_d2f34f90:137,union|44b6_d2f34f90:137|6,0,0.4826465077655831
logistic_3feat,44b6_d2f34f90,44b6_d2f34f90:137,union|44b6_d2f34f90:137|7,0,0.41260792496463133
logistic_3feat,44b6_d2f34f90,44b6_d2f34f90:137,union|44b6_d2f34f90:137|8,0,0.41075113984839673
logistic_3feat,44b6_d2f34f90,44b6_d2f34f90:137,union|44b6_d2f34f90:137|9,0,0.07166267479861947
logistic_3feat,44b6_d2f34f90,44b6_d2f34f90:137,union|44b6_d2f34f90:137|10,0,0.09225951084972962
logistic_3feat,44b6_d2f34f90,44b6_d2f34f90:137,union|44b6_d2f34f90:137|11,0,0.0630873670238047
logistic_3feat,44b6_d2f34f90,44b6_d2f34f90:137,union|44b6_d2f34f90:137|12,0,0.06592421118966135
logistic_3feat,44b6_d2f34f90,44b6_d2f34f90:137,union|44b6_d2f34f90:137|13,0,0.09845409148460918
logistic_3feat,44b6_d2f34f90,44b6_d2f34f90:137,union|44b6_d2f34f90:137|14,0,0.07966927739201654
logistic_3feat,44b6_d2f34f90,44b6_d2f34f90:137,union|44b6_d2f34f90:137|15,0,0.06661680953001901
logistic_3feat,44b6_d2f34f90,44b6_d2f34f90:137,union|44b6_d2f34f90:137|16,0,0.07392446568161624
logistic_3feat,44b6_d2f34f90,44b6_d2f34f90:137,union|44b6_d2f34f90:137|17,0,0.13612882713064092
logistic_3feat,44b6_d2f34f90,44b6_d2f34f90:137,union|44b6_d2f34f90:137|18,0,0.1681390321583059
logistic_3feat,44b6_d2f34f90,44b6_d2f34f90:137,union|44b6_d2f34f90:137|19,0,0.08825107962305141
logistic_3feat,44b6_d2f34f90,44b6_d2f34f90:137,union|44b6_d2f34f90:137|20,0,0.10362797793281171
logistic_3feat,44b6_d2f34f90,44b6_d2f34f90:137,union|44b6_d2f34f90:137|21,0,0.07991630791851984
logistic_3feat,44b6_d2f34f90,44b6_d2f34f90:137,union|44b6_d2f34f90:137|22,0,0.1203005020456517
logistic_3feat,44b6_d2f34f90,44b6_d2f34f90:137,union|44b6_d2f34f90:137|23,0,0.10684997889858651
logistic_3feat,44b6_d2f34f90,44b6_d2f34f90:137,union|44b6_d2f34f90:137|24,0,0.09140855785447698
logistic_3feat,44b6_d2f34f90,44b6_d2f34f90:137,union|44b6_d2f34f90:137|25,0,0.28451897553862443
logistic_3feat,44b6_d2f34f90,44b6_d2f34f90:137,union|44b6_d2f34f90:137|26,0,0.5047171619630213
logistic_3feat,44b6_d2f34f90,44b6_d2f34f90:137,union|44b6_d2f34f90:137|27,0,0.7493820011781441
logistic_3feat,44b6_d2f34f90,44b6_d2f34f90:137,union|44b6_d2f34f90:137|28,1,0.9882199077172705
logistic_3feat,44b6_d2f34f90,44b6_d2f34f90:137,union|44b6_d2f34f90:137|29,0,0.06488916274196413
logistic_3feat,44b6_d2f34f90,44b6_d2f34f90:137,union|44b6_d2f34f90:137|30,0,0.7973608973630587
logistic_3feat,44b6_d2f34f90,44b6_d2f34f90:137,union|44b6_d2f34f90:137|31,0,0.5610891122665157
logistic_3feat,44b6_d2f34f90,44b6_d2f34f90:137,union|44b6_d2f34f90:137|32,0,0.8836082147461145
logistic_3feat,44b6_d2f34f90,44b6_d2f34f90:137,union|44b6_d2f34f90:137|33,0,0.21804315234670363
logistic_3feat,44b6_d2f34f90,44b6_d2f34f90:137,union|44b6_d2f34f90:137|34,0,0.22328465284043905
logistic_3feat,44b6_d2f34f90,44b6_d2f34f90:137,union|44b6_d2f34f90:137|35,0,0.20031712157101966
logistic_3feat,44b6_d2f34f90,44b6_d2f34f90:137,union|44b6_d2f34f90:137|36,0,0.24211773587661167
logistic_3feat,44b6_d2f34f90,44b6_d2f34f90:137,union|44b6_d2f34f90:137|37,0,0.10087488903198774
logistic_3feat,44b6_d2f34f90,44b6_d2f34f90:137,union|44b6_d2f34f90:137|38,0,0.2982540622562195
logistic_3feat,44b6_d2f34f90,44b6_d2f34f90:137,union|44b6_d2f34f90:137|39,0,0.2580922827517059
logistic_3feat,44b6_d2f34f90,44b6_d2f34f90:137,union|44b6_d2f34f90:137|40,0,0.24211773587661167
logistic_3feat,44b6_d2f34f90,44b6_d2f34f90:137,union|44b6_d2f34f90:137|41,0,0.54909840538682
logistic_3feat,44b6_d2f34f90,44b6_d2f34f90:137,union|44b6_d2f34f90:137|42,0,0.5692967145142295
logistic_3feat,44b6_d2f34f90,44b6_d2f34f90:137,union|44b6_d2f34f90:137|43,0,0.4794214481038241
logistic_3feat,44b6_d2f34f90,44b6_d2f34f90:137,union|44b6_d2f34f90:137|44,0,0.27840383269722296
logistic_3feat,44b6_d2f34f90,44b6_d2f34f90:137,union|44b6_d2f34f90:137|45,0,0.12853348949902232
logistic_3feat,44b6_d2f34f90,44b6_d2f34f90:137,union|44b6_d2f34f90:137|46,0,0.7721873648618489
logistic_3feat,44b6_d2f34f90,44b6_d2f34f90:137,union|44b6_d2f34f90:137|47,0,0.7120323314277456
logistic_3feat,44b6_d2f34f90,44b6_d2f34f90:137,union|44b6_d2f34f90:137|48,0,0.5652344813876728
logistic_3feat,44b6_d2f34f90,44b6_d2f34f90:137,union|44b6_d2f34f90:137|49,0,0.6869373488332814
logistic_3feat,44b6_d2f34f90,44b6_d2f34f90:137,union|44b6_d2f34f90:137|50,0,0.22875176487860635
logistic_3feat,44b6_d2f34f90,44b6_d2f34f90:137,union|44b6_d2f34f90:137|51,0,0.25552761453568806
logistic_3feat,44b6_d2f34f90,44b6_d2f34f90:137,union|44b6_d2f34f90:137|52,0,0.05764902838529022
logistic_3feat,44b6_d2f34f90,44b6_d2f34f90:137,union|44b6_d2f34f90:137|53,0,0.7973608973630587
logistic_3feat,44b6_d2f34f90,44b6_d2f34f90:137,union|44b6_d2f34f90:137|54,0,0.5694894241644733
logistic_3feat,44b6_d2f34f90,44b6_d2f34f90:137,union|44b6_d2f34f90:137|55,0,0.9028422678280785
logistic_3feat,44b6_d2f34f90,44b6_d2f34f90:137,union|44b6_d2f34f90:137|56,0,0.2794672201291236
logistic_3feat,44b6_d2f34f90,44b6_d2f34f90:137,union|44b6_d2f34f90:137|57,0,0.2833104218577433
logistic_3feat,44b6_d2f34f90,44b6_d2f34f90:137,union|44b6_d2f34f90:137|58,0,0.08402502099921529
logistic_3feat,44b6_d2f34f90,44b6_d2f34f90:137,union|44b6_d2f34f90:137|59,0,0.06719145170825842
logistic_3feat,44b6_d2f34f90,44b6_d2f34f90:137,union|44b6_d2f34f90:137|60,0,0.0677981753857697
logistic_3feat,44b6_d2f34f90,44b6_d2f34f90:137,union|44b6_d2f34f90:137|61,0,0.646547858858443
logistic_3feat,44b6_d2f34f90,44b6_d2f34f90:137,union|44b6_d2f34f90:137|62,0,0.807641027052387
logistic_3feat,44b6_d2f34f90,44b6_d2f34f90:137,union|44b6_d2f34f90:137|63,0,0.22678305682747274
logistic_3feat,44b6_d2f34f90,44b6_d2f34f90:137,union|44b6_d2f34f90:137|64,0,0.2512039553031131
logistic_3feat,44b6_d2f34f90,44b6_d2f34f90:137,union|44b6_d2f34f90:137|65,0,0.5530954789844819
logistic_3feat,44b6_d2f34f90,44b6_d2f34f90:137,union|44b6_d2f34f90:137|66,0,0.21804315234670363
logistic_3feat,44b6_d2f34f90,44b6_d2f34f90:137,union|44b6_d2f34f90:137|67,0,0.1447489095119528
logistic_3feat,44b6_d2f34f90,44b6_d2f34f90:137,union|44b6_d2f34f90:137|68,0,0.30920117805373853
logistic_3feat,44b6_d2f34f90,44b6_d2f34f90:137,union|44b6_d2f34f90:137|69,0,0.29001805876536724
logistic_3feat,44b6_d2f34f90,44b6_d2f34f90:137,union|44b6_d2f34f90:137|70,0,0.06072446085261216
logistic_3feat,44b6_d754aa59,44b6_d754aa59:54,union|44b6_d754aa59:54|0,0,0.4437007867736107
logistic_3feat,44b6_d754aa59,44b6_d754aa59:54,union|44b6_d754aa59:54|1,0,0.3727517088571076
logistic_3feat,44b6_d754aa59,44b6_d754aa59:54,union|44b6_d754aa59:54|2,0,0.11194286470633594
logistic_3feat,44b6_d754aa59,44b6_d754aa59:54,union|44b6_d754aa59:54|3,1,0.973700177877208
logistic_3feat,44b6_d754aa59,44b6_d754aa59:54,union|44b6_d754aa59:54|4,0,0.6726422203962067
logistic_3feat,44b6_d754aa59,44b6_d754aa59:54,union|44b6_d754aa59:54|5,0,0.34327142586059445
logistic_3feat,44b6_d754aa59,44b6_d754aa59:54,union|44b6_d754aa59:54|6,0,0.7124886151177827
logistic_3feat,44b6_d754aa59,44b6_d754aa59:54,union|44b6_d754aa59:54|7,0,0.3356073814894216
logistic_3feat,44b6_d754aa59,44b6_d754aa59:54,union|44b6_d754aa59:54|8,0,0.18871686283573394
logistic_3feat,44b6_deabac95,44b6_deabac95:15,union|44b6_deabac95:15|0,0,0.1002760891729258
logistic_3feat,44b6_deabac95,44b6_deabac95:15,union|44b6_deabac95:15|1,0,0.08103065443900927
logistic_3feat,44b6_deabac95,44b6_deabac95:15,union|44b6_deabac95:15|2,0,0.09554702648683899
logistic_3feat,44b6_deabac95,44b6_deabac95:15,union|44b6_deabac95:15|3,0,0.09424894381501517
logistic_3feat,44b6_deabac95,44b6_deabac95:15,union|44b6_deabac95:15|4,0,0.06839154766371942
logistic_3feat,44b6_deabac95,44b6_deabac95:15,union|44b6_deabac95:15|5,0,0.08913390800860094
logistic_3feat,44b6_deabac95,44b6_deabac95:15,union|44b6_deabac95:15|6,0,0.12161445138582705
logistic_3feat,44b6_deabac95,44b6_deabac95:15,union|44b6_deabac95:15|7,0,0.42554873462339843
logistic_3feat,44b6_deabac95,44b6_deabac95:15,union|44b6_deabac95:15|8,0,0.4188022183555454
logistic_3feat,44b6_deabac95,44b6_deabac95:15,union|44b6_deabac95:15|9,0,0.4488644991313186
logistic_3feat,44b6_deabac95,44b6_deabac95:15,union|44b6_deabac95:15|10,0,0.4511745002004121
logistic_3feat,44b6_deabac95,44b6_deabac95:15,union|44b6_deabac95:15|11,0,0.3839714427968091
logistic_3feat,44b6_deabac95,44b6_deabac95:15,union|44b6_deabac95:15|12,0,0.15501982710887702
logistic_3feat,44b6_deabac95,44b6_deabac95:15,union|44b6_deabac95:15|13,0,0.14965589570218926
logistic_3feat,44b6_deabac95,44b6_deabac95:15,union|44b6_deabac95:15|14,0,0.1250409618561597
logistic_3feat,44b6_deabac95,44b6_deabac95:15,union|44b6_deabac95:15|15,0,0.1316523373126318
logistic_3feat,44b6_deabac95,44b6_deabac95:15,union|44b6_deabac95:15|16,0,0.11649349201732684
logistic_3feat,44b6_deabac95,44b6_deabac95:15,union|44b6_deabac95:15|17,0,0.6603730670263825
logistic_3feat,44b6_deabac95,44b6_deabac95:15,union|44b6_deabac95:15|18,0,0.706303515781087
logistic_3feat,44b6_deabac95,44b6_deabac95:15,union|44b6_deabac95:15|19,0,0.5845331646328437
logistic_3feat,44b6_deabac95,44b6_deabac95:15,union|44b6_deabac95:15|20,0,0.12885274018587675
logistic_3feat,44b6_deabac95,44b6_deabac95:15,union|44b6_deabac95:15|21,0,0.5926768541617599
logistic_3feat,44b6_deabac95,44b6_deabac95:15,union|44b6_deabac95:15|22,0,0.8434466962919026
logistic_3feat,44b6_deabac95,44b6_deabac95:15,union|44b6_deabac95:15|23,0,0.812318585944302
logistic_3feat,44b6_deabac95,44b6_deabac95:15,union|44b6_deabac95:15|24,0,0.13156756914012765
logistic_3feat,44b6_deabac95,44b6_deabac95:15,union|44b6_deabac95:15|25,0,0.14486232015820788
logistic_3feat,44b6_deabac95,44b6_deabac95:15,union|44b6_deabac95:15|26,0,0.6040082227027335
logistic_3feat,44b6_deabac95,44b6_deabac95:15,union|44b6_deabac95:15|27,0,0.6533757103411872
logistic_3feat,44b6_deabac95,44b6_deabac95:15,union|44b6_deabac95:15|28,0,0.13836851894008503
logistic_3feat,44b6_deabac95,44b6_deabac95:15,union|44b6_deabac95:15|29,1,0.8374404754534024
logistic_3feat,44b6_deabac95,44b6_deabac95:15,union|44b6_deabac95:15|30,0,0.13565091464907736
logistic_3feat,44b6_deabac95,44b6_deabac95:15,union|44b6_deabac95:15|31,0,0.1432969293434675
logistic_3feat,44b6_deabac95,44b6_deabac95:15,union|44b6_deabac95:15|32,0,0.11283996957605154
logistic_3feat,44b6_deabac95,44b6_deabac95:15,union|44b6_deabac95:15|33,0,0.1966807782081305
logistic_3feat,44b6_deabac95,44b6_deabac95:15,union|44b6_deabac95:15|34,0,0.12337317133617662
logistic_3feat,44b6_eb2880fc,44b6_eb2880fc:282,union|44b6_eb2880fc:282|0,0,0.03465144124391387
logistic_3feat,44b6_eb2880fc,44b6_eb2880fc:282,union|44b6_eb2880fc:282|1,0,0.035355724569946206
logistic_3feat,44b6_eb2880fc,44b6_eb2880fc:282,union|44b6_eb2880fc:282|2,0,0.030856105066885037
logistic_3feat,44b6_eb2880fc,44b6_eb2880fc:282,union|44b6_eb2880fc:282|3,0,0.03685004276513008
logistic_3feat,44b6_eb2880fc,44b6_eb2880fc:282,union|44b6_eb2880fc:282|4,0,0.03854873260520838
logistic_3feat,44b6_eb2880fc,44b6_eb2880fc:282,union|44b6_eb2880fc:282|5,0,0.028061608994374498
logistic_3feat,44b6_eb2880fc,44b6_eb2880fc:282,union|44b6_eb2880fc:282|6,0,0.033823620857270295
logistic_3feat,44b6_eb2880fc,44b6_eb2880fc:282,union|44b6_eb2880fc:282|7,0,0.03331218781724727
logistic_3feat,44b6_eb2880fc,44b6_eb2880fc:282,union|44b6_eb2880fc:282|8,0,0.029947488122663977
logistic_3feat,44b6_eb2880fc,44b6_eb2880fc:282,union|44b6_eb2880fc:282|9,0,0.004948473479872325
logistic_3feat,44b6_eb2880fc,44b6_eb2880fc:282,union|44b6_eb2880fc:282|10,0,0.004986780998608126
logistic_3feat,44b6_eb2880fc,44b6_eb2880fc:282,union|44b6_eb2880fc:282|11,0,0.00530772081465645
logistic_3feat,44b6_eb2880fc,44b6_eb2880fc:282,union|44b6_eb2880fc:282|12,0,0.06203722080553797
logistic_3feat,44b6_eb2880fc,44b6_eb2880fc:282,union|44b6_eb2880fc:282|13,0,0.06431861321928273
logistic_3feat,44b6_eb2880fc,44b6_eb2880fc:282,union|44b6_eb2880fc:282|14,0,0.06098371564164546
logistic_3feat,44b6_eb2880fc,44b6_eb2880fc:282,union|44b6_eb2880fc:282|15,0,0.05327763614131314
logistic_3feat,44b6_eb2880fc,44b6_eb2880fc:282,union|44b6_eb2880fc:282|16,0,0.024295103135538874
logistic_3feat,44b6_eb2880fc,44b6_eb2880fc:282,union|44b6_eb2880fc:282|17,0,0.060066508226347175
logistic_3feat,44b6_eb2880fc,44b6_eb2880fc:282,union|44b6_eb2880fc:282|18,0,0.05389597627550192
logistic_3feat,44b6_eb2880fc,44b6_eb2880fc:282,union|44b6_eb2880fc:282|19,0,0.04021516946681636
logistic_3feat,44b6_eb2880fc,44b6_eb2880fc:282,union|44b6_eb2880fc:282|20,0,0.008885892493464453
logistic_3feat,44b6_eb2880fc,44b6_eb2880fc:282,union|44b6_eb2880fc:282|21,0,0.009312573799854092
logistic_3feat,44b6_eb2880fc,44b6_eb2880fc:282,union|44b6_eb2880fc:282|22,0,0.010942639866484272
logistic_3feat,44b6_eb2880fc,44b6_eb2880fc:282,union|44b6_eb2880fc:282|23,0,0.009862918483699336
logistic_3feat,44b6_eb2880fc,44b6_eb2880fc:282,union|44b6_eb2880fc:282|24,0,0.009053679055947976
logistic_3feat,44b6_eb2880fc,44b6_eb2880fc:282,union|44b6_eb2880fc:282|25,0,0.0861690485766962
logistic_3feat,44b6_eb2880fc,44b6_eb2880fc:282,union|44b6_eb2880fc:282|26,0,0.049152668915928566
logistic_3feat,44b6_eb2880fc,44b6_eb2880fc:282,union|44b6_eb2880fc:282|27,0,0.23293172514128463
logistic_3feat,44b6_eb2880fc,44b6_eb2880fc:282,union|44b6_eb2880fc:282|28,0,0.02924448339977592
logistic_3feat,44b6_eb2880fc,44b6_eb2880fc:282,union|44b6_eb2880fc:282|29,0,0.022318064958719894
logistic_3feat,44b6_eb2880fc,44b6_eb2880fc:282,union|44b6_eb2880fc:282|30,0,0.2355093269084457
logistic_3feat,44b6_eb2880fc,44b6_eb2880fc:282,union|44b6_eb2880fc:282|31,0,0.22544079664005098
logistic_3feat,44b6_eb2880fc,44b6_eb2880fc:282,union|44b6_eb2880fc:282|32,0,0.21117655647508848
logistic_3feat,44b6_eb2880fc,44b6_eb2880fc:282,union|44b6_eb2880fc:282|33,0,0.11237381517641738
logistic_3feat,44b6_eb2880fc,44b6_eb2880fc:282,union|44b6_eb2880fc:282|34,0,0.21580576817227906
logistic_3feat,44b6_eb2880fc,44b6_eb2880fc:282,union|44b6_eb2880fc:282|35,0,0.04521559207489106
logistic_3feat,44b6_eb2880fc,44b6_eb2880fc:282,union|44b6_eb2880fc:282|36,0,0.04201311822529267
logistic_3feat,44b6_eb2880fc,44b6_eb2880fc:282,union|44b6_eb2880fc:282|37,0,0.05141628524266224
logistic_3feat,44b6_eb2880fc,44b6_eb2880fc:282,union|44b6_eb2880fc:282|38,0,0.047902702011107474
logistic_3feat,44b6_eb2880fc,44b6_eb2880fc:282,union|44b6_eb2880fc:282|39,0,0.06420848800636672
logistic_3feat,44b6_eb2880fc,44b6_eb2880fc:282,union|44b6_eb2880fc:282|40,0,0.02598652256086353
logistic_3feat,44b6_eb2880fc,44b6_eb2880fc:282,union|44b6_eb2880fc:282|41,0,0.07256354236645506
logistic_3feat,44b6_eb2880fc,44b6_eb2880fc:282,union|44b6_eb2880fc:282|42,0,0.07971576142946127
logistic_3feat,44b6_eb2880fc,44b6_eb2880fc:282,union|44b6_eb2880fc:282|43,0,0.03923440114107978
logistic_3feat,44b6_eb2880fc,44b6_eb2880fc:282,union|44b6_eb2880fc:282|44,0,0.06697666119618358
logistic_3feat,44b6_eb2880fc,44b6_eb2880fc:282,union|44b6_eb2880fc:282|45,0,0.06710569587082628
logistic_3feat,44b6_eb2880fc,44b6_eb2880fc:282,union|44b6_eb2880fc:282|46,0,0.011744561690986392
logistic_3feat,44b6_eb2880fc,44b6_eb2880fc:282,union|44b6_eb2880fc:282|47,0,0.013573084797849702
logistic_3feat,44b6_eb2880fc,44b6_eb2880fc:282,union|44b6_eb2880fc:282|48,0,0.011710380863461241
logistic_3feat,44b6_eb2880fc,44b6_eb2880fc:282,union|44b6_eb2880fc:282|49,0,0.013531914580248196
logistic_3feat,44b6_eb2880fc,44b6_eb2880fc:282,union|44b6_eb2880fc:282|50,0,0.04861846308815108
logistic_3feat,44b6_eb2880fc,44b6_eb2880fc:282,union|44b6_eb2880fc:282|51,0,0.021480532374475714
logistic_3feat,44b6_eb2880fc,44b6_eb2880fc:282,union|44b6_eb2880fc:282|52,1,0.05259788087642334
logistic_3feat,44b6_eb2880fc,44b6_eb2880fc:282,union|44b6_eb2880fc:282|53,0,0.037128869408131614
logistic_3feat,44b6_eb2880fc,44b6_eb2880fc:282,union|44b6_eb2880fc:282|54,0,0.04518105051041302
logistic_3feat,44b6_eb2880fc,44b6_eb2880fc:282,union|44b6_eb2880fc:282|55,0,0.049707907197031366
logistic_3feat,44b6_eb2880fc,44b6_eb2880fc:282,union|44b6_eb2880fc:282|56,0,0.007833240105881429
logistic_3feat,44b6_eb2880fc,44b6_eb2880fc:282,union|44b6_eb2880fc:282|57,0,0.008801836794774
logistic_3feat,44b6_eb2880fc,44b6_eb2880fc:282,union|44b6_eb2880fc:282|58,0,0.008650166968001208
logistic_3feat,44b6_eb2880fc,44b6_eb2880fc:282,union|44b6_eb2880fc:282|59,0,0.033524267147647335
logistic_3feat,44b6_eb2880fc,44b6_eb2880fc:282,union|44b6_eb2880fc:282|60,0,0.25567105046948563
logistic_3feat,44b6_eb2880fc,44b6_eb2880fc:282,union|44b6_eb2880fc:282|61,0,0.28047001102657493
logistic_3feat,44b6_eb2880fc,44b6_eb2880fc:282,union|44b6_eb2880fc:282|62,0,0.10702331798524217
logistic_3feat,44b6_eb2880fc,44b6_eb2880fc:282,union|44b6_eb2880fc:282|63,0,0.04703178503223223
logistic_3feat,44b6_eb2880fc,44b6_eb2880fc:282,union|44b6_eb2880fc:282|64,0,0.22759913517308505
logistic_3feat,44b6_eb2880fc,44b6_eb2880fc:282,union|44b6_eb2880fc:282|65,0,0.22834015824941442
logistic_3feat,44b6_eb2880fc,44b6_eb2880fc:282,union|44b6_eb2880fc:282|66,0,0.045281985383014076
logistic_3feat,44b6_eb2880fc,44b6_eb2880fc:282,union|44b6_eb2880fc:282|67,0,0.044151181292031494
logistic_3feat,44b6_eb2880fc,44b6_eb2880fc:282,union|44b6_eb2880fc:282|68,0,0.04612495573206588
logistic_3feat,44b6_eb2880fc,44b6_eb2880fc:282,union|44b6_eb2880fc:282|69,0,0.04496482314012646
logistic_3feat,44b6_eb2880fc,44b6_eb2880fc:282,union|44b6_eb2880fc:282|70,0,0.027869989525807735
logistic_3feat,44b6_eb2880fc,44b6_eb2880fc:282,union|44b6_eb2880fc:282|71,0,0.03150812841009515
logistic_3feat,44b6_eb2880fc,44b6_eb2880fc:282,union|44b6_eb2880fc:282|72,0,0.03150812841009515
logistic_3feat,44b6_eb2880fc,44b6_eb2880fc:282,union|44b6_eb2880fc:282|73,0,0.02697432776008928
logistic_3feat,44b6_eb2880fc,44b6_eb2880fc:282,union|44b6_eb2880fc:282|74,0,0.02664169953082237
logistic_3feat,44b6_eb2880fc,44b6_eb2880fc:282,union|44b6_eb2880fc:282|75,0,0.0056024826810108265
logistic_3feat,44b6_eb2880fc,44b6_eb2880fc:282,union|44b6_eb2880fc:282|76,0,0.02360762847383531
logistic_3feat,44b6_eb2880fc,44b6_eb2880fc:282,union|44b6_eb2880fc:282|77,0,0.02871238517795059
logistic_3feat,44b6_eb2880fc,44b6_eb2880fc:282,union|44b6_eb2880fc:282|78,0,0.03148294096490253
logistic_3feat,44b6_eb2880fc,44b6_eb2880fc:282,union|44b6_eb2880fc:282|79,0,0.023167670982394566
logistic_3feat,44b6_eb2880fc,44b6_eb2880fc:282,union|44b6_eb2880fc:282|80,0,0.023709164741450715
logistic_3feat,44b6_eb2880fc,44b6_eb2880fc:282,union|44b6_eb2880fc:282|81,0,0.003947344626053877
logistic_3feat,44b6_eb2880fc,44b6_eb2880fc:282,union|44b6_eb2880fc:282|82,0,0.0050922560371211446
logistic_3feat,44b6_eb2880fc,44b6_eb2880fc:282,union|44b6_eb2880fc:282|83,0,0.00511859401067764
logistic_3feat,44b6_eb2880fc,44b6_eb2880fc:282,union|44b6_eb2880fc:282|84,0,0.003814463190858635
logistic_3feat,44b6_eb2880fc,44b6_eb2880fc:282,union|44b6_eb2880fc:282|85,0,0.0042407311347545185
logistic_3feat,44b6_eb2880fc,44b6_eb2880fc:282,union|44b6_eb2880fc:282|86,0,0.27707162265214197
logistic_3feat,44b6_eb2880fc,44b6_eb2880fc:282,union|44b6_eb2880fc:282|87,0,0.03958138605676614
logistic_3feat,44b6_eb2880fc,44b6_eb2880fc:282,union|44b6_eb2880fc:282|88,0,0.4413668586081582
logistic_3feat,44b6_eb2880fc,44b6_eb2880fc:282,union|44b6_eb2880fc:282|89,0,0.10946399374701424
logistic_3feat,44b6_eb2880fc,44b6_eb2880fc:282,union|44b6_eb2880fc:282|90,0,0.051521155280469036
logistic_3feat,44b6_eb2880fc,44b6_eb2880fc:282,union|44b6_eb2880fc:282|91,0,0.9765642612265075
logistic_3feat,44b6_eb2880fc,44b6_eb2880fc:282,union|44b6_eb2880fc:282|92,0,0.07093637100053192
logistic_3feat,44b6_eb2880fc,44b6_eb2880fc:282,union|44b6_eb2880fc:282|93,0,0.4045083064803117
logistic_3feat,44b6_eb2880fc,44b6_eb2880fc:282,union|44b6_eb2880fc:282|94,0,0.038570200260089726
logistic_3feat,44b6_eb2880fc,44b6_eb2880fc:282,union|44b6_eb2880fc:282|95,0,0.8121554597017574
logistic_3feat,44b6_eb2880fc,44b6_eb2880fc:282,union|44b6_eb2880fc:282|96,0,0.023413093303597223
logistic_3feat,44b6_eb2880fc,44b6_eb2880fc:282,union|44b6_eb2880fc:282|97,0,0.5802772339334399
logistic_3feat,44b6_eb2880fc,44b6_eb2880fc:282,union|44b6_eb2880fc:282|98,0,0.5552926044186147
logistic_3feat,44b6_eb2880fc,44b6_eb2880fc:282,union|44b6_eb2880fc:282|99,0,0.9117370645380053
logistic_3feat,44b6_eb2880fc,44b6_eb2880fc:282,union|44b6_eb2880fc:282|100,0,0.04497809524893802
logistic_3feat,44b6_eb2880fc,44b6_eb2880fc:282,union|44b6_eb2880fc:282|101,0,0.04248002978656412
logistic_3feat,44b6_eb2880fc,44b6_eb2880fc:282,union|44b6_eb2880fc:282|102,0,0.11016520448584433
logistic_3feat,44b6_eb2880fc,44b6_eb2880fc:282,union|44b6_eb2880fc:282|103,0,0.2915210431950907
logistic_3feat,44b6_eb2880fc,44b6_eb2880fc:282,union|44b6_eb2880fc:282|104,0,0.06466463860933089
logistic_3feat,44b6_eb2880fc,44b6_eb2880fc:282,union|44b6_eb2880fc:282|105,0,0.05732692076575772
logistic_3feat,44b6_eb2880fc,44b6_eb2880fc:282,union|44b6_eb2880fc:282|106,0,0.025019760466149867
logistic_3feat,44b6_eb2880fc,44b6_eb2880fc:282,union|44b6_eb2880fc:282|107,0,0.06684258071889246
logistic_3feat,44b6_eb2880fc,44b6_eb2880fc:282,union|44b6_eb2880fc:282|108,0,0.05565480984045268
logistic_3feat,44b6_eb2880fc,44b6_eb2880fc:282,union|44b6_eb2880fc:282|109,0,0.05906166795482157
logistic_3feat,44b6_eb2880fc,44b6_eb2880fc:282,union|44b6_eb2880fc:282|110,0,0.04456311174055207
logistic_3feat,44b6_eb2880fc,44b6_eb2880fc:282,union|44b6_eb2880fc:282|111,0,0.03741807177208738
logistic_3feat,44b6_eb2880fc,44b6_eb2880fc:282,union|44b6_eb2880fc:282|112,0,0.043068440642474295
logistic_3feat,44b6_eb2880fc,44b6_eb2880fc:282,union|44b6_eb2880fc:282|113,0,0.0069582474719748115
logistic_3feat,44b6_eb2880fc,44b6_eb2880fc:282,union|44b6_eb2880fc:282|114,0,0.009083412622230374
logistic_3feat,44b6_eb2880fc,44b6_eb2880fc:282,union|44b6_eb2880fc:282|115,0,0.008812863032619763
logistic_3feat,44b6_eb2880fc,44b6_eb2880fc:282,union|44b6_eb2880fc:282|116,0,0.006734787040019619
logistic_3feat,44b6_eb2880fc,44b6_eb2880fc:282,union|44b6_eb2880fc:282|117,0,0.007566740906321503
logistic_3feat,44b6_eb2880fc,44b6_eb2880fc:282,union|44b6_eb2880fc:282|118,0,0.106390032427424
logistic_3feat,44b6_eb2880fc,44b6_eb2880fc:282,union|44b6_eb2880fc:282|119,0,0.050766817175518016
logistic_3feat,44b6_eb2880fc,44b6_eb2880fc:282,union|44b6_eb2880fc:282|120,0,0.4163067253050139
logistic_3feat,44b6_eb2880fc,44b6_eb2880fc:282,union|44b6_eb2880fc:282|121,0,0.4158042864717101
logistic_3feat,44b6_eb2880fc,44b6_eb2880fc:282,union|44b6_eb2880fc:282|122,0,0.03623447917062411
logistic_3feat,44b6_eb2880fc,44b6_eb2880fc:282,union|44b6_eb2880fc:282|123,0,0.10597738306767573
logistic_3feat,44b6_eb2880fc,44b6_eb2880fc:282,union|44b6_eb2880fc:282|124,0,0.10471696184424108
logistic_3feat,44b6_eb2880fc,44b6_eb2880fc:282,union|44b6_eb2880fc:282|125,0,0.10428983370834884
logistic_3feat,44b6_eb2880fc,44b6_eb2880fc:282,union|44b6_eb2880fc:282|126,0,0.0420307684037954
logistic_3feat,44b6_eb2880fc,44b6_eb2880fc:282,union|44b6_eb2880fc:282|127,0,0.12165691187331405
logistic_3feat,44b6_eb2880fc,44b6_eb2880fc:282,union|44b6_eb2880fc:282|128,0,0.10877872717748108
logistic_3feat,44b6_eb2880fc,44b6_eb2880fc:282,union|44b6_eb2880fc:282|129,0,0.018250275040562158
logistic_3feat,44b6_eb2880fc,44b6_eb2880fc:282,union|44b6_eb2880fc:282|130,0,0.01779603830159041
logistic_3feat,44b6_eb2880fc,44b6_eb2880fc:282,union|44b6_eb2880fc:282|131,0,0.017933539908755017
logistic_3feat,44b6_eb2880fc,44b6_eb2880fc:282,union|44b6_eb2880fc:282|132,0,0.017816638655992468
logistic_3feat,44b6_eb2880fc,44b6_eb2880fc:282,union|44b6_eb2880fc:282|133,0,0.025669012511865083
logistic_3feat,44b6_eb2880fc,44b6_eb2880fc:282,union|44b6_eb2880fc:282|134,0,0.047902702011107474
logistic_3feat,44b6_eb2880fc,44b6_eb2880fc:282,union|44b6_eb2880fc:282|135,0,0.0466608449082036
logistic_3feat,44b6_eb2880fc,44b6_eb2880fc:282,union|44b6_eb2880fc:282|136,0,0.03771448230380212
logistic_3feat,44b6_eb2880fc,44b6_eb2880fc:282,union|44b6_eb2880fc:282|137,0,0.009080876890241629
logistic_3feat,44b6_eb2880fc,44b6_eb2880fc:282,union|44b6_eb2880fc:282|138,0,0.007917098822823519
logistic_3feat,44b6_eb2880fc,44b6_eb2880fc:282,union|44b6_eb2880fc:282|139,0,0.00898997082819544
logistic_3feat,44b6_eb2880fc,44b6_eb2880fc:282,union|44b6_eb2880fc:282|140,0,0.009288300042099991
logistic_3feat,44b6_eb2880fc,44b6_eb2880fc:282,union|44b6_eb2880fc:282|141,0,0.06987185197126682
logistic_3feat,44b6_eb2880fc,44b6_eb2880fc:282,union|44b6_eb2880fc:282|142,0,0.42833847344779646
logistic_3feat,44b6_eb2880fc,44b6_eb2880fc:282,union|44b6_eb2880fc:282|143,0,0.04203172180856139
logistic_3feat,44b6_eb2880fc,44b6_eb2880fc:282,union|44b6_eb2880fc:282|144,0,0.8118203772162744
logistic_3feat,44b6_eb2880fc,44b6_eb2880fc:282,union|44b6_eb2880fc:282|145,0,0.02340814074973813
logistic_3feat,44b6_eb2880fc,44b6_eb2880fc:282,union|44b6_eb2880fc:282|146,0,0.5595262875222423
logistic_3feat,44b6_eb2880fc,44b6_eb2880fc:282,union|44b6_eb2880fc:282|147,0,0.5608271622241985
logistic_3feat,44b6_eb2880fc,44b6_eb2880fc:282,union|44b6_eb2880fc:282|148,0,0.8712262480409759
logistic_3feat,44b6_eb2880fc,44b6_eb2880fc:282,union|44b6_eb2880fc:282|149,0,0.04573186182241359
logistic_3feat,44b6_eb2880fc,44b6_eb2880fc:282,union|44b6_eb2880fc:282|150,0,0.06584982543409183
logistic_3feat,44b6_eb2880fc,44b6_eb2880fc:282,union|44b6_eb2880fc:282|151,0,0.04356429343860218
logistic_3feat,44b6_eb2880fc,44b6_eb2880fc:282,union|44b6_eb2880fc:282|152,0,0.015194340442591912
logistic_3feat,44b6_eb2880fc,44b6_eb2880fc:282,union|44b6_eb2880fc:282|153,0,0.01504759942595143
logistic_3feat,44b6_eb2880fc,44b6_eb2880fc:282,union|44b6_eb2880fc:282|154,0,0.0138800323659185
logistic_3feat,44b6_eb2880fc,44b6_eb2880fc:282,union|44b6_eb2880fc:282|155,0,0.015179010991160426
logistic_3feat,44b6_eb2880fc,44b6_eb2880fc:282,union|44b6_eb2880fc:282|156,0,0.015290621545839794
logistic_3feat,44b6_eb2880fc,44b6_eb2880fc:282,union|44b6_eb2880fc:282|157,0,0.04599877323023977
logistic_3feat,44b6_eb2880fc,44b6_eb2880fc:282,union|44b6_eb2880fc:282|158,0,0.10937718078201823
logistic_3feat,44b6_eb2880fc,44b6_eb2880fc:282,union|44b6_eb2880fc:282|159,0,0.08791596591160032
logistic_3feat,44b6_eb2880fc,44b6_eb2880fc:282,union|44b6_eb2880fc:282|160,0,0.11093553763813292
logistic_3feat,44b6_eb2880fc,44b6_eb2880fc:282,union|44b6_eb2880fc:282|161,0,0.10059890334163409
logistic_3feat,44b6_eb2880fc,44b6_eb2880fc:282,union|44b6_eb2880fc:282|162,0,0.03950167705095855
logistic_3feat,44b6_eb2880fc,44b6_eb2880fc:282,union|44b6_eb2880fc:282|163,0,0.008311445621020812
logistic_3feat,44b6_eb2880fc,44b6_eb2880fc:282,union|44b6_eb2880fc:282|164,0,0.006509154924770299
logistic_3feat,44b6_eb2880fc,44b6_eb2880fc:282,union|44b6_eb2880fc:282|165,0,0.006308650239935767
logistic_3feat,44b6_eb2880fc,44b6_eb2880fc:282,union|44b6_eb2880fc:282|166,0,0.008689815020604372
logistic_3feat,44b6_eb2880fc,44b6_eb2880fc:282,union|44b6_eb2880fc:282|167,0,0.007450250327399244
logistic_3feat,44b6_eb2880fc,44b6_eb2880fc:282,union|44b6_eb2880fc:282|168,0,0.004341166274543668
logistic_3feat,44b6_eb2880fc,44b6_eb2880fc:282,union|44b6_eb2880fc:282|169,0,0.1826960009318859
logistic_3feat,44b6_eb2880fc,44b6_eb2880fc:282,union|44b6_eb2880fc:282|170,0,0.20938706409339142
logistic_3feat,44b6_eb2880fc,44b6_eb2880fc:282,union|44b6_eb2880fc:282|171,0,0.450981729192958
logistic_3feat,44b6_eb2880fc,44b6_eb2880fc:282,union|44b6_eb2880fc:282|172,0,0.00662235998906363
logistic_3feat,44b6_eb2880fc,44b6_eb2880fc:282,union|44b6_eb2880fc:282|173,0,0.004972734322384015
logistic_3feat,44b6_eb2880fc,44b6_eb2880fc:282,union|44b6_eb2880fc:282|174,0,0.0042362577753641975
logistic_3feat,44b6_eb2880fc,44b6_eb2880fc:282,union|44b6_eb2880fc:282|175,0,0.004572026592539063
logistic_3feat,44b6_eb2880fc,44b6_eb2880fc:282,union|44b6_eb2880fc:282|176,0,0.1657988529415933
logistic_3feat,44b6_eb2880fc,44b6_eb2880fc:282,union|44b6_eb2880fc:282|177,0,0.19661276073118755
logistic_3feat,44b6_eb2880fc,44b6_eb2880fc:282,union|44b6_eb2880fc:282|178,0,0.006927216466187355
logistic_3feat,44b6_eb2880fc,44b6_eb2880fc:282,union|44b6_eb2880fc:282|179,0,0.19146125299835234
logistic_3feat,44b6_eb2880fc,44b6_eb2880fc:282,union|44b6_eb2880fc:282|180,0,0.006692262247226118
logistic_3feat,6bba_05db0fb1,6bba_05db0fb1:229,union|6bba_05db0fb1:229|0,0,0.15719487106933175
logistic_3feat,6bba_05db0fb1,6bba_05db0fb1:229,union|6bba_05db0fb1:229|1,0,0.07239078531078513
logistic_3feat,6bba_05db0fb1,6bba_05db0fb1:229,union|6bba_05db0fb1:229|2,0,0.14451374529131183
logistic_3feat,6bba_05db0fb1,6bba_05db0fb1:229,union|6bba_05db0fb1:229|3,0,0.13856087869347805
logistic_3feat,6bba_05db0fb1,6bba_05db0fb1:229,union|6bba_05db0fb1:229|4,0,0.11248856883180246
logistic_3feat,6bba_05db0fb1,6bba_05db0fb1:229,union|6bba_05db0fb1:229|5,0,0.15630023447661495
logistic_3feat,6bba_05db0fb1,6bba_05db0fb1:229,union|6bba_05db0fb1:229|6,0,0.10605264652236536
logistic_3feat,6bba_05db0fb1,6bba_05db0fb1:229,union|6bba_05db0fb1:229|7,0,0.09921626344975477
logistic_3feat,6bba_05db0fb1,6bba_05db0fb1:229,union|6bba_05db0fb1:229|8,0,0.116032194346567
logistic_3feat,6bba_05db0fb1,6bba_05db0fb1:229,union|6bba_05db0fb1:229|9,0,0.10605264652236536
logistic_3feat,6bba_05db0fb1,6bba_05db0fb1:229,union|6bba_05db0fb1:229|10,0,0.10741515899139983
logistic_3feat,6bba_05db0fb1,6bba_05db0fb1:229,union|6bba_05db0fb1:229|11,0,0.01645584455161051
logistic_3feat,6bba_05db0fb1,6bba_05db0fb1:229,union|6bba_05db0fb1:229|12,0,0.030904205512729176
logistic_3feat,6bba_05db0fb1,6bba_05db0fb1:229,union|6bba_05db0fb1:229|13,0,0.01931927686085771
logistic_3feat,6bba_05db0fb1,6bba_05db0fb1:229,union|6bba_05db0fb1:229|14,0,0.02113339872672583
logistic_3feat,6bba_05db0fb1,6bba_05db0fb1:229,union|6bba_05db0fb1:229|15,0,0.05866169785630595
logistic_3feat,6bba_05db0fb1,6bba_05db0fb1:229,union|6bba_05db0fb1:229|16,0,0.75945337580298
logistic_3feat,6bba_05db0fb1,6bba_05db0fb1:229,union|6bba_05db0fb1:229|17,0,0.752114940918782
logistic_3feat,6bba_05db0fb1,6bba_05db0fb1:229,union|6bba_05db0fb1:229|18,0,0.18815158528734338
logistic_3feat,6bba_05db0fb1,6bba_05db0fb1:229,union|6bba_05db0fb1:229|19,0,0.7176620221083552
logistic_3feat,6bba_05db0fb1,6bba_05db0fb1:229,union|6bba_05db0fb1:229|20,0,0.48376395587263693
logistic_3feat,6bba_05db0fb1,6bba_05db0fb1:229,union|6bba_05db0fb1:229|21,0,0.06761283639434473
logistic_3feat,6bba_05db0fb1,6bba_05db0fb1:229,union|6bba_05db0fb1:229|22,0,0.45625795615337356
logistic_3feat,6bba_05db0fb1,6bba_05db0fb1:229,union|6bba_05db0fb1:229|23,0,0.7221100504089797
logistic_3feat,6bba_05db0fb1,6bba_05db0fb1:229,union|6bba_05db0fb1:229|24,0,0.07732559230622979
logistic_3feat,6bba_05db0fb1,6bba_05db0fb1:229,union|6bba_05db0fb1:229|25,0,0.04481096835289486
logistic_3feat,6bba_05db0fb1,6bba_05db0fb1:229,union|6bba_05db0fb1:229|26,0,0.013171354706865371
logistic_3feat,6bba_05db0fb1,6bba_05db0fb1:229,union|6bba_05db0fb1:229|27,0,0.4026914403359421
logistic_3feat,6bba_05db0fb1,6bba_05db0fb1:229,union|6bba_05db0fb1:229|28,0,0.1762275559632451
logistic_3feat,6bba_05db0fb1,6bba_05db0fb1:229,union|6bba_05db0fb1:229|29,0,0.008481258872709948
logistic_3feat,6bba_05db0fb1,6bba_05db0fb1:229,union|6bba_05db0fb1:229|30,0,0.318953535496992
logistic_3feat,6bba_05db0fb1,6bba_05db0fb1:229,union|6bba_05db0fb1:229|31,0,0.0386345083944516
logistic_3feat,6bba_05db0fb1,6bba_05db0fb1:229,union|6bba_05db0fb1:229|32,0,0.07556204999276639
logistic_3feat,6bba_05db0fb1,6bba_05db0fb1:229,union|6bba_05db0fb1:229|33,0,0.07432793613568943
logistic_3feat,6bba_05db0fb1,6bba_05db0fb1:229,union|6bba_05db0fb1:229|34,0,0.0698954360770141
logistic_3feat,6bba_05db0fb1,6bba_05db0fb1:229,union|6bba_05db0fb1:229|35,0,0.07775703266328664
logistic_3feat,6bba_05db0fb1,6bba_05db0fb1:229,union|6bba_05db0fb1:229|36,0,0.0504817556147404
logistic_3feat,6bba_05db0fb1,6bba_05db0fb1:229,union|6bba_05db0fb1:229|37,0,0.057999362368521726
logistic_3feat,6bba_05db0fb1,6bba_05db0fb1:229,union|6bba_05db0fb1:229|38,0,0.05693126219033211
logistic_3feat,6bba_05db0fb1,6bba_05db0fb1:229,union|6bba_05db0fb1:229|39,0,0.02277240209773924
logistic_3feat,6bba_05db0fb1,6bba_05db0fb1:229,union|6bba_05db0fb1:229|40,0,0.010345009511620174
logistic_3feat,6bba_05db0fb1,6bba_05db0fb1:229,union|6bba_05db0fb1:229|41,0,0.009468296026928797
logistic_3feat,6bba_05db0fb1,6bba_05db0fb1:229,union|6bba_05db0fb1:229|42,0,0.8194028966388229
logistic_3feat,6bba_05db0fb1,6bba_05db0fb1:229,union|6bba_05db0fb1:229|43,0,0.2547422904982835
logistic_3feat,6bba_05db0fb1,6bba_05db0fb1:229,union|6bba_05db0fb1:229|44,0,0.8938272322208225
logistic_3feat,6bba_05db0fb1,6bba_05db0fb1:229,union|6bba_05db0fb1:229|45,0,0.4224228266095227
logistic_3feat,6bba_05db0fb1,6bba_05db0fb1:229,union|6bba_05db0fb1:229|46,0,0.0630263263437333
logistic_3feat,6bba_05db0fb1,6bba_05db0fb1:229,union|6bba_05db0fb1:229|47,0,0.09921626344975477
logistic_3feat,6bba_05db0fb1,6bba_05db0fb1:229,union|6bba_05db0fb1:229|48,0,0.43808970763016425
logistic_3feat,6bba_05db0fb1,6bba_05db0fb1:229,union|6bba_05db0fb1:229|49,0,0.9004438613015433
logistic_3feat,6bba_05db0fb1,6bba_05db0fb1:229,union|6bba_05db0fb1:229|50,0,0.47362896000346
logistic_3feat,6bba_05db0fb1,6bba_05db0fb1:229,union|6bba_05db0fb1:229|51,0,0.0742865656355206
logistic_3feat,6bba_05db0fb1,6bba_05db0fb1:229,union|6bba_05db0fb1:229|52,0,0.05395256090288221
logistic_3feat,6bba_05db0fb1,6bba_05db0fb1:229,union|6bba_05db0fb1:229|53,0,0.4762353917104556
logistic_3feat,6bba_05db0fb1,6bba_05db0fb1:229,union|6bba_05db0fb1:229|54,0,0.017128881967813744
logistic_3feat,6bba_05db0fb1,6bba_05db0fb1:229,union|6bba_05db0fb1:229|55,0,0.3142866393557242
logistic_3feat,6bba_05db0fb1,6bba_05db0fb1:229,union|6bba_05db0fb1:229|56,0,0.14562907958992888
logistic_3feat,6bba_05db0fb1,6bba_05db0fb1:229,union|6bba_05db0fb1:229|57,0,0.008165974768943242
logistic_3feat,6bba_05db0fb1,6bba_05db0fb1:229,union|6bba_05db0fb1:229|58,0,0.6200402623878543
logistic_3feat,6bba_05db0fb1,6bba_05db0fb1:229,union|6bba_05db0fb1:229|59,0,0.034412938434859444
logistic_3feat,6bba_05db0fb1,6bba_05db0fb1:229,union|6bba_05db0fb1:229|60,0,0.8464355765411125
logistic_3feat,6bba_05db0fb1,6bba_05db0fb1:229,union|6bba_05db0fb1:229|61,0,0.5104196744689437
logistic_3feat,6bba_05db0fb1,6bba_05db0fb1:229,union|6bba_05db0fb1:229|62,0,0.057999362368521726
logistic_3feat,6bba_05db0fb1,6bba_05db0fb1:229,union|6bba_05db0fb1:229|63,0,0.5434188964579236
logistic_3feat,6bba_05db0fb1,6bba_05db0fb1:229,union|6bba_05db0fb1:229|64,0,0.8318858645224035
logistic_3feat,6bba_05db0fb1,6bba_05db0fb1:229,union|6bba_05db0fb1:229|65,0,0.48625575470648486
logistic_3feat,6bba_05db0fb1,6bba_05db0fb1:229,union|6bba_05db0fb1:229|66,0,0.0809306383749017
logistic_3feat,6bba_05db0fb1,6bba_05db0fb1:229,union|6bba_05db0fb1:229|67,0,0.14528838759159332
logistic_3feat,6bba_05db0fb1,6bba_05db0fb1:229,union|6bba_05db0fb1:229|68,0,0.010864670485930098
logistic_3feat,6bba_05db0fb1,6bba_05db0fb1:229,union|6bba_05db0fb1:229|69,0,0.31048125649495595
logistic_3feat,6bba_05db0fb1,6bba_05db0fb1:229,union|6bba_05db0fb1:229|70,0,0.1893622458314497
logistic_3feat,6bba_05db0fb1,6bba_05db0fb1:229,union|6bba_05db0fb1:229|71,0,0.008981268116001414
logistic_3feat,6bba_05db0fb1,6bba_05db0fb1:229,union|6bba_05db0fb1:229|72,0,0.46521786727155495
logistic_3feat,6bba_05db0fb1,6bba_05db0fb1:229,union|6bba_05db0fb1:229|73,0,0.03644594779569572
logistic_3feat,6bba_05db0fb1,6bba_05db0fb1:229,union|6bba_05db0fb1:229|74,0,0.17154278275176763
logistic_3feat,6bba_05db0fb1,6bba_05db0fb1:229,union|6bba_05db0fb1:229|75,0,0.0543430205916098
logistic_3feat,6bba_05db0fb1,6bba_05db0fb1:229,union|6bba_05db0fb1:229|76,0,0.09343100375555759
logistic_3feat,6bba_05db0fb1,6bba_05db0fb1:229,union|6bba_05db0fb1:229|77,0,0.19458136266820622
logistic_3feat,6bba_05db0fb1,6bba_05db0fb1:229,union|6bba_05db0fb1:229|78,0,0.05692989965526554
logistic_3feat,6bba_05db0fb1,6bba_05db0fb1:229,union|6bba_05db0fb1:229|79,0,0.1841430803300161
logistic_3feat,6bba_05db0fb1,6bba_05db0fb1:229,union|6bba_05db0fb1:229|80,0,0.01664004395170452
logistic_3feat,6bba_05db0fb1,6bba_05db0fb1:229,union|6bba_05db0fb1:229|81,0,0.03671349700207696
logistic_3feat,6bba_05db0fb1,6bba_05db0fb1:229,union|6bba_05db0fb1:229|82,0,0.040612208558422125
logistic_3feat,6bba_05db0fb1,6bba_05db0fb1:229,union|6bba_05db0fb1:229|83,0,0.028249967086162748
logistic_3feat,6bba_05db0fb1,6bba_05db0fb1:229,union|6bba_05db0fb1:229|84,0,0.4053306659542774
logistic_3feat,6bba_05db0fb1,6bba_05db0fb1:229,union|6bba_05db0fb1:229|85,0,0.1299613361435071
logistic_3feat,6bba_05db0fb1,6bba_05db0fb1:229,union|6bba_05db0fb1:229|86,0,0.5677856168471523
logistic_3feat,6bba_05db0fb1,6bba_05db0fb1:229,union|6bba_05db0fb1:229|87,1,0.9298075130421427
logistic_3feat,6bba_05db0fb1,6bba_05db0fb1:229,union|6bba_05db0fb1:229|88,0,0.5820232942397275
logistic_3feat,6bba_05db0fb1,6bba_05db0fb1:229,union|6bba_05db0fb1:229|89,0,0.4881787222839631
logistic_3feat,6bba_05db0fb1,6bba_05db0fb1:229,union|6bba_05db0fb1:229|90,0,0.14805730975995843
logistic_3feat,6bba_05db0fb1,6bba_05db0fb1:229,union|6bba_05db0fb1:229|91,0,0.015906230397143388
logistic_3feat,6bba_05db0fb1,6bba_05db0fb1:229,union|6bba_05db0fb1:229|92,0,0.2742545213725416
logistic_3feat,6bba_05db0fb1,6bba_05db0fb1:229,union|6bba_05db0fb1:229|93,0,0.13489963691717696
logistic_3feat,6bba_05db0fb1,6bba_05db0fb1:229,union|6bba_05db0fb1:229|94,0,0.7030037363242828
logistic_3feat,6bba_05db0fb1,6bba_05db0fb1:229,union|6bba_05db0fb1:229|95,0,0.07965674237715537
logistic_3feat,6bba_05db0fb1,6bba_05db0fb1:229,union|6bba_05db0fb1:229|96,0,0.4024819649154454
logistic_3feat,6bba_05db0fb1,6bba_05db0fb1:229,union|6bba_05db0fb1:229|97,0,0.4886407258215102
logistic_3feat,6bba_05db0fb1,6bba_05db0fb1:229,union|6bba_05db0fb1:229|98,0,0.10913551447764994
logistic_3feat,6bba_05db0fb1,6bba_05db0fb1:229,union|6bba_05db0fb1:229|99,0,0.04807922744560829
logistic_3feat,6bba_05db0fb1,6bba_05db0fb1:229,union|6bba_05db0fb1:229|100,0,0.14176128354406847
logistic_3feat,6bba_05db0fb1,6bba_05db0fb1:229,union|6bba_05db0fb1:229|101,0,0.13396521902239067
logistic_3feat,6bba_05db0fb1,6bba_05db0fb1:229,union|6bba_05db0fb1:229|102,0,0.20184052366010055
logistic_3feat,6bba_05db0fb1,6bba_05db0fb1:229,union|6bba_05db0fb1:229|103,0,0.012417272788643734
logistic_3feat,6bba_05db0fb1,6bba_05db0fb1:229,union|6bba_05db0fb1:229|104,0,0.13861413436899714
logistic_3feat,6bba_05db0fb1,6bba_05db0fb1:229,union|6bba_05db0fb1:229|105,0,0.05197490679058158
logistic_3feat,6bba_05db0fb1,6bba_05db0fb1:229,union|6bba_05db0fb1:229|106,0,0.07775703266328664
logistic_3feat,6bba_05db0fb1,6bba_05db0fb1:229,union|6bba_05db0fb1:229|107,0,0.0833636663105498
logistic_3feat,6bba_05db0fb1,6bba_05db0fb1:229,union|6bba_05db0fb1:229|108,0,0.0646305041466578
logistic_3feat,6bba_05db0fb1,6bba_05db0fb1:229,union|6bba_05db0fb1:229|109,0,0.011662222707625724
logistic_3feat,6bba_05db0fb1,6bba_05db0fb1:229,union|6bba_05db0fb1:229|110,0,0.01472686156904992
logistic_3feat,6bba_05db0fb1,6bba_05db0fb1:229,union|6bba_05db0fb1:229|111,0,0.013393636950042446
logistic_3feat,6bba_05db0fb1,6bba_05db0fb1:229,union|6bba_05db0fb1:229|112,0,0.013647580289955719
logistic_3feat,6bba_05db0fb1,6bba_05db0fb1:229,union|6bba_05db0fb1:229|113,0,0.019273675170912104
logistic_3feat,6bba_05db0fb1,6bba_05db0fb1:229,union|6bba_05db0fb1:229|114,0,0.10301032756122307
logistic_3feat,6bba_05db0fb1,6bba_05db0fb1:229,union|6bba_05db0fb1:229|115,0,0.08427087716384567
logistic_3feat,6bba_05db0fb1,6bba_05db0fb1:229,union|6bba_05db0fb1:229|116,0,0.14172032919850164
logistic_3feat,6bba_05db0fb1,6bba_05db0fb1:229,union|6bba_05db0fb1:229|117,0,0.11792328193410014
logistic_3feat,6bba_05db0fb1,6bba_05db0fb1:229,union|6bba_05db0fb1:229|118,0,0.017621041628208822
logistic_3feat,6bba_05db0fb1,6bba_05db0fb1:229,union|6bba_05db0fb1:229|119,0,0.015953317012672833
logistic_3feat,6bba_05db0fb1,6bba_05db0fb1:229,union|6bba_05db0fb1:229|120,0,0.4690090326985529
logistic_3feat,6bba_05db0fb1,6bba_05db0fb1:229,union|6bba_05db0fb1:229|121,0,0.5567475252474694
logistic_3feat,6bba_05db0fb1,6bba_05db0fb1:229,union|6bba_05db0fb1:229|122,0,0.45436662700944375
logistic_3feat,6bba_05db0fb1,6bba_05db0fb1:229,union|6bba_05db0fb1:229|123,0,0.17331732414390383
logistic_3feat,6bba_05db0fb1,6bba_05db0fb1:229,union|6bba_05db0fb1:229|124,0,0.12394214057027479
logistic_3feat,6bba_05db0fb1,6bba_05db0fb1:229,union|6bba_05db0fb1:229|125,0,0.1244854938175996
logistic_3feat,6bba_05db0fb1,6bba_05db0fb1:229,union|6bba_05db0fb1:229|126,0,0.13238003484039432
logistic_3feat,6bba_05db0fb1,6bba_05db0fb1:229,union|6bba_05db0fb1:229|127,0,0.48625575470648486
logistic_3feat,6bba_05db0fb1,6bba_05db0fb1:229,union|6bba_05db0fb1:229|128,0,0.11448315853976952
logistic_3feat,6bba_05db0fb1,6bba_05db0fb1:229,union|6bba_05db0fb1:229|129,0,0.0694645693555358
logistic_3feat,6bba_05db0fb1,6bba_05db0fb1:229,union|6bba_05db0fb1:229|130,0,0.5046105962770243
logistic_3feat,6bba_05db0fb1,6bba_05db0fb1:229,union|6bba_05db0fb1:229|131,0,0.17399715753554668
logistic_3feat,6bba_05db0fb1,6bba_05db0fb1:229,union|6bba_05db0fb1:229|132,0,0.011235636575177203
logistic_3feat,6bba_05db0fb1,6bba_05db0fb1:229,union|6bba_05db0fb1:229|133,0,0.27254788641810135
logistic_3feat,6bba_05db0fb1,6bba_05db0fb1:229,union|6bba_05db0fb1:229|134,0,0.18464185121798216
logistic_3feat,6bba_05db0fb1,6bba_05db0fb1:229,union|6bba_05db0fb1:229|135,0,0.01317747672448703
logistic_3feat,6bba_05db0fb1,6bba_05db0fb1:229,union|6bba_05db0fb1:229|136,0,0.9397857954242742
logistic_3feat,6bba_05db0fb1,6bba_05db0fb1:229,union|6bba_05db0fb1:229|137,0,0.04684628523171004
logistic_3feat,6bba_05db0fb1,6bba_05db0fb1:229,union|6bba_05db0fb1:229|138,0,0.5434188964579236
logistic_3feat,6bba_05db0fb1,6bba_05db0fb1:229,union|6bba_05db0fb1:229|139,0,0.1767852639014232
logistic_3feat,6bba_05db0fb1,6bba_05db0fb1:229,union|6bba_05db0fb1:229|140,0,0.013000347409656892
logistic_3feat,6bba_05db0fb1,6bba_05db0fb1:229,union|6bba_05db0fb1:229|141,0,0.1401756286505116
logistic_3feat,6bba_05db0fb1,6bba_05db0fb1:229,union|6bba_05db0fb1:229|142,0,0.06531297231791725
logistic_3feat,6bba_05db0fb1,6bba_05db0fb1:229,union|6bba_05db0fb1:229|143,0,0.08396451714784633
logistic_3feat,6bba_05db0fb1,6bba_05db0fb1:229,union|6bba_05db0fb1:229|144,0,0.013511377518709304
logistic_3feat,6bba_05db0fb1,6bba_05db0fb1:229,union|6bba_05db0fb1:229|145,0,0.020785220088755555
logistic_3feat,6bba_05db0fb1,6bba_05db0fb1:229,union|6bba_05db0fb1:229|146,0,0.02065317294883997
logistic_3feat,6bba_05db0fb1,6bba_05db0fb1:229,union|6bba_05db0fb1:229|147,0,0.01971945305232214
logistic_3feat,6bba_05db0fb1,6bba_05db0fb1:229,union|6bba_05db0fb1:229|148,0,0.02428449304344159
logistic_3feat,6bba_05db0fb1,6bba_05db0fb1:229,union|6bba_05db0fb1:229|149,0,0.05189231081281346
logistic_3feat,6bba_05db0fb1,6bba_05db0fb1:229,union|6bba_05db0fb1:229|150,0,0.04466658628988111
logistic_3feat,6bba_05db0fb1,6bba_05db0fb1:229,union|6bba_05db0fb1:229|151,0,0.008742172344584817
logistic_3feat,6bba_05db0fb1,6bba_05db0fb1:229,union|6bba_05db0fb1:229|152,0,0.011432645385578744
logistic_3feat,6bba_05db0fb1,6bba_05db0fb1:229,union|6bba_05db0fb1:229|153,0,0.011697281704006324
logistic_3feat,6bba_05db0fb1,6bba_05db0fb1:229,union|6bba_05db0fb1:229|154,0,0.010810761338162072
logistic_3feat,6bba_05db0fb1,6bba_05db0fb1:229,union|6bba_05db0fb1:229|155,0,0.17895279034672032
logistic_3feat,6bba_05db0fb1,6bba_05db0fb1:229,union|6bba_05db0fb1:229|156,0,0.012660023094866798
logistic_3feat,6bba_05db0fb1,6bba_05db0fb1:229,union|6bba_05db0fb1:229|157,0,0.14541244190076327
logistic_3feat,6bba_05db0fb1,6bba_05db0fb1:229,union|6bba_05db0fb1:229|158,0,0.027399276815789776
logistic_3feat,6bba_05db0fb1,6bba_05db0fb1:229,union|6bba_05db0fb1:229|159,0,0.0097336201595904
logistic_3feat,6bba_05db0fb1,6bba_05db0fb1:229,union|6bba_05db0fb1:229|160,0,0.03264544104221618
logistic_3feat,6bba_05db0fb1,6bba_05db0fb1:229,union|6bba_05db0fb1:229|161,0,0.0022344090207386275
logistic_3feat,6bba_05db0fb1,6bba_05db0fb1:229,union|6bba_05db0fb1:229|162,0,0.00203985620744797
logistic_3feat,6bba_05db0fb1,6bba_05db0fb1:229,union|6bba_05db0fb1:229|163,0,0.03404647333788005
logistic_3feat,6bba_05db0fb1,6bba_05db0fb1:229,union|6bba_05db0fb1:229|164,0,0.0013961568661388023
logistic_3feat,6bba_05db0fb1,6bba_05db0fb1:229,union|6bba_05db0fb1:229|165,0,0.06329562458578707
logistic_3feat,6bba_05db0fb1,6bba_05db0fb1:229,union|6bba_05db0fb1:229|166,0,0.006515924751919981
logistic_3feat,6bba_05db0fb1,6bba_05db0fb1:229,union|6bba_05db0fb1:229|167,0,0.0021716860073844393
logistic_3feat,6bba_05db0fb1,6bba_05db0fb1:229,union|6bba_05db0fb1:229|168,0,0.03661782861595709
logistic_3feat,6bba_05db0fb1,6bba_05db0fb1:229,union|6bba_05db0fb1:229|169,0,0.00940528698173859
logistic_3feat,6bba_05db0fb1,6bba_05db0fb1:229,union|6bba_05db0fb1:229|170,0,0.0020679721241470906
logistic_3feat,6bba_05db0fb1,6bba_05db0fb1:229,union|6bba_05db0fb1:229|171,0,0.002537854737651281
logistic_3feat,6bba_05db0fb1,6bba_05db0fb1:229,union|6bba_05db0fb1:229|172,0,0.007938203961221543
logistic_3feat,6bba_05db0fb1,6bba_05db0fb1:751,union|6bba_05db0fb1:751|0,0,0.15178345909379642
logistic_3feat,6bba_05db0fb1,6bba_05db0fb1:751,union|6bba_05db0fb1:751|1,0,0.7073235101392815
logistic_3feat,6bba_05db0fb1,6bba_05db0fb1:751,union|6bba_05db0fb1:751|2,0,0.370104921264859
logistic_3feat,6bba_05db0fb1,6bba_05db0fb1:751,union|6bba_05db0fb1:751|3,0,0.6416279216200387
logistic_3feat,6bba_05db0fb1,6bba_05db0fb1:751,union|6bba_05db0fb1:751|4,0,0.7061308730739149
logistic_3feat,6bba_05db0fb1,6bba_05db0fb1:751,union|6bba_05db0fb1:751|5,0,0.6563311495105846
logistic_3feat,6bba_05db0fb1,6bba_05db0fb1:751,union|6bba_05db0fb1:751|6,0,0.6859762837180343
logistic_3feat,6bba_05db0fb1,6bba_05db0fb1:751,union|6bba_05db0fb1:751|7,0,0.4034208984052505
logistic_3feat,6bba_05db0fb1,6bba_05db0fb1:751,union|6bba_05db0fb1:751|8,0,0.15061724726450113
logistic_3feat,6bba_05db0fb1,6bba_05db0fb1:751,union|6bba_05db0fb1:751|9,0,0.6175883268727835
logistic_3feat,6bba_05db0fb1,6bba_05db0fb1:751,union|6bba_05db0fb1:751|10,0,0.021227759492313526
logistic_3feat,6bba_05db0fb1,6bba_05db0fb1:751,union|6bba_05db0fb1:751|11,0,0.09748810259387845
logistic_3feat,6bba_05db0fb1,6bba_05db0fb1:751,union|6bba_05db0fb1:751|12,0,0.27998238970761075
logistic_3feat,6bba_05db0fb1,6bba_05db0fb1:751,union|6bba_05db0fb1:751|13,0,0.13561166579688755
logistic_3feat,6bba_05db0fb1,6bba_05db0fb1:751,union|6bba_05db0fb1:751|14,0,0.185116955876659
logistic_3feat,6bba_05db0fb1,6bba_05db0fb1:751,union|6bba_05db0fb1:751|15,0,0.1562954476565117
logistic_3feat,6bba_05db0fb1,6bba_05db0fb1:751,union|6bba_05db0fb1:751|16,0,0.24341365752647304
logistic_3feat,6bba_05db0fb1,6bba_05db0fb1:751,union|6bba_05db0fb1:751|17,0,0.1554189770089615
logistic_3feat,6bba_05db0fb1,6bba_05db0fb1:751,union|6bba_05db0fb1:751|18,0,0.15297188611994608
logistic_3feat,6bba_05db0fb1,6bba_05db0fb1:751,union|6bba_05db0fb1:751|19,0,0.15479812799119325
logistic_3feat,6bba_05db0fb1,6bba_05db0fb1:751,union|6bba_05db0fb1:751|20,0,0.1586198397998575
logistic_3feat,6bba_05db0fb1,6bba_05db0fb1:751,union|6bba_05db0fb1:751|21,0,0.1734063655635767
logistic_3feat,6bba_05db0fb1,6bba_05db0fb1:751,union|6bba_05db0fb1:751|22,0,0.14301180744909256
logistic_3feat,6bba_05db0fb1,6bba_05db0fb1:751,union|6bba_05db0fb1:751|23,0,0.04234688228036244
logistic_3feat,6bba_05db0fb1,6bba_05db0fb1:751,union|6bba_05db0fb1:751|24,0,0.028692060305811222
logistic_3feat,6bba_05db0fb1,6bba_05db0fb1:751,union|6bba_05db0fb1:751|25,0,0.030230337578914787
logistic_3feat,6bba_05db0fb1,6bba_05db0fb1:751,union|6bba_05db0fb1:751|26,0,0.033955268826210874
logistic_3feat,6bba_05db0fb1,6bba_05db0fb1:751,union|6bba_05db0fb1:751|27,0,0.0261897014537831
logistic_3feat,6bba_05db0fb1,6bba_05db0fb1:751,union|6bba_05db0fb1:751|28,0,0.03387824926697862
logistic_3feat,6bba_05db0fb1,6bba_05db0fb1:751,union|6bba_05db0fb1:751|29,0,0.2677811137043387
logistic_3feat,6bba_05db0fb1,6bba_05db0fb1:751,union|6bba_05db0fb1:751|30,0,0.6054457267462563
logistic_3feat,6bba_05db0fb1,6bba_05db0fb1:751,union|6bba_05db0fb1:751|31,0,0.1208188721221434
logistic_3feat,6bba_05db0fb1,6bba_05db0fb1:751,union|6bba_05db0fb1:751|32,1,0.9359249850175014
logistic_3feat,6bba_05db0fb1,6bba_05db0fb1:751,union|6bba_05db0fb1:751|33,0,0.7090938313081018
logistic_3feat,6bba_05db0fb1,6bba_05db0fb1:751,union|6bba_05db0fb1:751|34,0,0.9120254746138978
logistic_3feat,6bba_05db0fb1,6bba_05db0fb1:751,union|6bba_05db0fb1:751|35,0,0.42160309631834403
logistic_3feat,6bba_05db0fb1,6bba_05db0fb1:751,union|6bba_05db0fb1:751|36,0,0.8244297560321975
logistic_3feat,6bba_05db0fb1,6bba_05db0fb1:751,union|6bba_05db0fb1:751|37,0,0.04717762128949202
logistic_3feat,6bba_05db0fb1,6bba_05db0fb1:751,union|6bba_05db0fb1:751|38,0,0.021451508002534512
logistic_3feat,6bba_05db0fb1,6bba_05db0fb1:751,union|6bba_05db0fb1:751|39,0,0.0618881267347888
logistic_3feat,6bba_05db0fb1,6bba_05db0fb1:751,union|6bba_05db0fb1:751|40,0,0.6385508960596863
logistic_3feat,6bba_05db0fb1,6bba_05db0fb1:751,union|6bba_05db0fb1:751|41,0,0.14520747741579743
logistic_3feat,6bba_05db0fb1,6bba_05db0fb1:751,union|6bba_05db0fb1:751|42,0,0.16125559826355165
logistic_3feat,6bba_05db0fb1,6bba_05db0fb1:751,union|6bba_05db0fb1:751|43,0,0.245186381505974
logistic_3feat,6bba_05db0fb1,6bba_05db0fb1:751,union|6bba_05db0fb1:751|44,0,0.6921547833324159
logistic_3feat,6bba_05db0fb1,6bba_05db0fb1:751,union|6bba_05db0fb1:751|45,0,0.28951973722327334
logistic_3feat,6bba_05db0fb1,6bba_05db0fb1:751,union|6bba_05db0fb1:751|46,0,0.29612740453681735
logistic_3feat,6bba_05db0fb1,6bba_05db0fb1:751,union|6bba_05db0fb1:751|47,0,0.3247089750202777
logistic_3feat,6bba_05db0fb1,6bba_05db0fb1:751,union|6bba_05db0fb1:751|48,0,0.2764992278876852
logistic_3feat,6bba_05db0fb1,6bba_05db0fb1:751,union|6bba_05db0fb1:751|49,0,0.1566795881298471
logistic_3feat,6bba_05db0fb1,6bba_05db0fb1:751,union|6bba_05db0fb1:751|50,0,0.11025316515962384
logistic_3feat,6bba_05db0fb1,6bba_05db0fb1:751,union|6bba_05db0fb1:751|51,0,0.02173879130982575
logistic_3feat,6bba_05db0fb1,6bba_05db0fb1:751,union|6bba_05db0fb1:751|52,0,0.12115512628293068
logistic_3feat,6bba_05db0fb1,6bba_05db0fb1:751,union|6bba_05db0fb1:751|53,0,0.07855302638808519
logistic_3feat,6bba_05db0fb1,6bba_05db0fb1:751,union|6bba_05db0fb1:751|54,0,0.060528929936359326
logistic_3feat,6bba_05db0fb1,6bba_05db0fb1:751,union|6bba_05db0fb1:751|55,0,0.06351749977465428
logistic_3feat,6bba_05db0fb1,6bba_05db0fb1:751,union|6bba_05db0fb1:751|56,0,0.055364391020241946
logistic_3feat,6bba_05db0fb1,6bba_05db0fb1:751,union|6bba_05db0fb1:751|57,0,0.08605634746707905
logistic_3feat,6bba_05db0fb1,6bba_05db0fb1:751,union|6bba_05db0fb1:751|58,0,0.6264607703842849
logistic_3feat,6bba_05db0fb1,6bba_05db0fb1:751,union|6bba_05db0fb1:751|59,0,0.6689708663855916
logistic_3feat,6bba_05db0fb1,6bba_05db0fb1:751,union|6bba_05db0fb1:751|60,0,0.5823177907273094
logistic_3feat,6bba_05db0fb1,6bba_05db0fb1:751,union|6bba_05db0fb1:751|61,0,0.18544345422019398
logistic_3feat,6bba_05db0fb1,6bba_05db0fb1:751,union|6bba_05db0fb1:751|62,0,0.5310279294052479
logistic_3feat,6bba_05db0fb1,6bba_05db0fb1:751,union|6bba_05db0fb1:751|63,0,0.10031361397056204
logistic_3feat,6bba_05db0fb1,6bba_05db0fb1:751,union|6bba_05db0fb1:751|64,0,0.07552204817000362
logistic_3feat,6bba_05db0fb1,6bba_05db0fb1:751,union|6bba_05db0fb1:751|65,0,0.0697987305615118
logistic_3feat,6bba_05db0fb1,6bba_05db0fb1:751,union|6bba_05db0fb1:751|66,0,0.1988875983201299
logistic_3feat,6bba_05db0fb1,6bba_05db0fb1:751,union|6bba_05db0fb1:751|67,0,0.27574330525093843
logistic_3feat,6bba_05db0fb1,6bba_05db0fb1:751,union|6bba_05db0fb1:751|68,0,0.1541620261217656
logistic_3feat,6bba_05db0fb1,6bba_05db0fb1:751,union|6bba_05db0fb1:751|69,0,0.1673203630787809
logistic_3feat,6bba_05db0fb1,6bba_05db0fb1:751,union|6bba_05db0fb1:751|70,0,0.10785725976796455
logistic_3feat,6bba_05db0fb1,6bba_05db0fb1:751,union|6bba_05db0fb1:751|71,0,0.109840674157923
logistic_3feat,6bba_05db0fb1,6bba_05db0fb1:751,union|6bba_05db0fb1:751|72,0,0.10115514789280748
logistic_3feat,6bba_05db0fb1,6bba_05db0fb1:751,union|6bba_05db0fb1:751|73,0,0.056024589412950764
logistic_3feat,6bba_05db0fb1,6bba_05db0fb1:751,union|6bba_05db0fb1:751|74,0,0.015188408141691128
logistic_3feat,6bba_05db0fb1,6bba_05db0fb1:751,union|6bba_05db0fb1:751|75,0,0.027267372651275892
logistic_3feat,6bba_05db0fb1,6bba_05db0fb1:751,union|6bba_05db0fb1:751|76,0,0.01927996317967471
logistic_3feat,6bba_05db0fb1,6bba_05db0fb1:751,union|6bba_05db0fb1:751|77,0,0.7375162889243246
logistic_3feat,6bba_05db0fb1,6bba_05db0fb1:751,union|6bba_05db0fb1:751|78,0,0.9781102031473455
logistic_3feat,6bba_05db0fb1,6bba_05db0fb1:751,union|6bba_05db0fb1:751|79,0,0.4841701358363821
logistic_3feat,6bba_05db0fb1,6bba_05db0fb1:751,union|6bba_05db0fb1:751|80,0,0.14669890346808925
logistic_3feat,6bba_05db0fb1,6bba_05db0fb1:751,union|6bba_05db0fb1:751|81,0,0.8564484448585927
logistic_3feat,6bba_05db0fb1,6bba_05db0fb1:751,union|6bba_05db0fb1:751|82,0,0.11653377892855847
logistic_3feat,6bba_05db0fb1,6bba_05db0fb1:751,union|6bba_05db0fb1:751|83,0,0.06027741635568902
logistic_3feat,6bba_05db0fb1,6bba_05db0fb1:751,union|6bba_05db0fb1:751|84,0,0.08831733803109643
logistic_3feat,6bba_05db0fb1,6bba_05db0fb1:751,union|6bba_05db0fb1:751|85,0,0.021500891038785514
logistic_3feat,6bba_05db0fb1,6bba_05db0fb1:751,union|6bba_05db0fb1:751|86,0,0.06997208522251788
logistic_3feat,6bba_05db0fb1,6bba_05db0fb1:751,union|6bba_05db0fb1:751|87,0,0.9172406737065478
logistic_3feat,6bba_05db0fb1,6bba_05db0fb1:751,union|6bba_05db0fb1:751|88,0,0.17984601494128621
logistic_3feat,6bba_05db0fb1,6bba_05db0fb1:751,union|6bba_05db0fb1:751|89,0,0.17376328687067102
logistic_3feat,6bba_05db0fb1,6bba_05db0fb1:751,union|6bba_05db0fb1:751|90,0,0.21876487192560876
logistic_3feat,6bba_05db0fb1,6bba_05db0fb1:751,union|6bba_05db0fb1:751|91,0,0.7735872898862005
logistic_3feat,6bba_05db0fb1,6bba_05db0fb1:751,union|6bba_05db0fb1:751|92,0,0.6844898731397097
logistic_3feat,6bba_05db0fb1,6bba_05db0fb1:751,union|6bba_05db0fb1:751|93,0,0.1586198397998575
logistic_3feat,6bba_05db0fb1,6bba_05db0fb1:751,union|6bba_05db0fb1:751|94,0,0.6835608488131064
logistic_3feat,6bba_05db0fb1,6bba_05db0fb1:751,union|6bba_05db0fb1:751|95,0,0.10261582811123614
logistic_3feat,6bba_05db0fb1,6bba_05db0fb1:751,union|6bba_05db0fb1:751|96,0,0.06132835546906564
logistic_3feat,6bba_05db0fb1,6bba_05db0fb1:751,union|6bba_05db0fb1:751|97,0,0.09127051104376394
logistic_3feat,6bba_05db0fb1,6bba_05db0fb1:751,union|6bba_05db0fb1:751|98,0,0.053967794575272315
logistic_3feat,6bba_05db0fb1,6bba_05db0fb1:751,union|6bba_05db0fb1:751|99,0,0.2726106007519382
logistic_3feat,6bba_05db0fb1,6bba_05db0fb1:751,union|6bba_05db0fb1:751|100,0,0.2031995319447062
logistic_3feat,6bba_05db0fb1,6bba_05db0fb1:751,union|6bba_05db0fb1:751|101,0,0.17963026026048723
logistic_3feat,6bba_05db0fb1,6bba_05db0fb1:751,union|6bba_05db0fb1:751|102,0,0.2602512138293762
logistic_3feat,6bba_05db0fb1,6bba_05db0fb1:751,union|6bba_05db0fb1:751|103,0,0.5428671214046982
logistic_3feat,6bba_05db0fb1,6bba_05db0fb1:751,union|6bba_05db0fb1:751|104,0,0.15479812799119325
logistic_3feat,6bba_05db0fb1,6bba_05db0fb1:751,union|6bba_05db0fb1:751|105,0,0.8473015387454748
logistic_3feat,6bba_05db0fb1,6bba_05db0fb1:751,union|6bba_05db0fb1:751|106,0,0.1495706690168765
logistic_3feat,6bba_05db0fb1,6bba_05db0fb1:751,union|6bba_05db0fb1:751|107,0,0.05559364241863159
logistic_3feat,6bba_05db0fb1,6bba_05db0fb1:751,union|6bba_05db0fb1:751|108,0,0.09618588889479561
logistic_3feat,6bba_05db0fb1,6bba_05db0fb1:751,union|6bba_05db0fb1:751|109,0,0.022444741294465175
logistic_3feat,6bba_05db0fb1,6bba_05db0fb1:751,union|6bba_05db0fb1:751|110,0,0.07769973847886881
logistic_3feat,6bba_05db0fb1,6bba_05db0fb1:751,union|6bba_05db0fb1:751|111,0,0.9103687930284327
logistic_3feat,6bba_05db0fb1,6bba_05db0fb1:751,union|6bba_05db0fb1:751|112,0,0.2162713603677542
logistic_3feat,6bba_05db0fb1,6bba_05db0fb1:751,union|6bba_05db0fb1:751|113,0,0.1496478193229728
logistic_3feat,6bba_05db0fb1,6bba_05db0fb1:751,union|6bba_05db0fb1:751|114,0,0.1669279925609629
logistic_3feat,6bba_05db0fb1,6bba_05db0fb1:751,union|6bba_05db0fb1:751|115,0,0.7444830809579362
logistic_3feat,6bba_05db0fb1,6bba_05db0fb1:751,union|6bba_05db0fb1:751|116,0,0.5169508504964707
logistic_3feat,6bba_05db0fb1,6bba_05db0fb1:751,union|6bba_05db0fb1:751|117,0,0.12320806011124634
logistic_3feat,6bba_05db0fb1,6bba_05db0fb1:751,union|6bba_05db0fb1:751|118,0,0.050934426365898414
logistic_3feat,6bba_05db0fb1,6bba_05db0fb1:751,union|6bba_05db0fb1:751|119,0,0.07950199692346079
logistic_3feat,6bba_05db0fb1,6bba_05db0fb1:751,union|6bba_05db0fb1:751|120,0,0.025075982435486557
logistic_3feat,6bba_05db0fb1,6bba_05db0fb1:751,union|6bba_05db0fb1:751|121,0,0.062064760166019965
logistic_3feat,6bba_05db0fb1,6bba_05db0fb1:751,union|6bba_05db0fb1:751|122,0,0.15645506559494268
logistic_3feat,6bba_05db0fb1,6bba_05db0fb1:751,union|6bba_05db0fb1:751|123,0,0.2184772530928555
logistic_3feat,6bba_05db0fb1,6bba_05db0fb1:751,union|6bba_05db0fb1:751|124,0,0.10722501854102813
logistic_3feat,6bba_05db0fb1,6bba_05db0fb1:751,union|6bba_05db0fb1:751|125,0,0.15159957198594073
logistic_3feat,6bba_05db0fb1,6bba_05db0fb1:751,union|6bba_05db0fb1:751|126,0,0.13398860658371298
logistic_3feat,6bba_05db0fb1,6bba_05db0fb1:751,union|6bba_05db0fb1:751|127,0,0.09013574755548977
logistic_3feat,6bba_05db0fb1,6bba_05db0fb1:751,union|6bba_05db0fb1:751|128,0,0.030665742951680144
logistic_3feat,6bba_05db0fb1,6bba_05db0fb1:751,union|6bba_05db0fb1:751|129,0,0.03151401470028858
logistic_3feat,6bba_05db0fb1,6bba_05db0fb1:751,union|6bba_05db0fb1:751|130,0,0.03693894397485001
logistic_3feat,6bba_05db0fb1,6bba_05db0fb1:751,union|6bba_05db0fb1:751|131,0,0.11267114232836244
logistic_3feat,6bba_05db0fb1,6bba_05db0fb1:751,union|6bba_05db0fb1:751|132,0,0.07306065271754317
logistic_3feat,6bba_05db0fb1,6bba_05db0fb1:751,union|6bba_05db0fb1:751|133,0,0.09165649259694536
logistic_3feat,6bba_05db0fb1,6bba_05db0fb1:751,union|6bba_05db0fb1:751|134,0,0.01969707319271092
logistic_3feat,6bba_05db0fb1,6bba_05db0fb1:751,union|6bba_05db0fb1:751|135,0,0.4684610575221669
logistic_3feat,6bba_05db0fb1,6bba_05db0fb1:751,union|6bba_05db0fb1:751|136,0,0.1992877260604349
logistic_3feat,6bba_05db0fb1,6bba_05db0fb1:751,union|6bba_05db0fb1:751|137,0,0.21025391831368667
logistic_3feat,6bba_05db0fb1,6bba_05db0fb1:751,union|6bba_05db0fb1:751|138,0,0.5359190045584876
logistic_3feat,6bba_05db0fb1,6bba_05db0fb1:751,union|6bba_05db0fb1:751|139,0,0.05374174629734043
logistic_3feat,6bba_05db0fb1,6bba_05db0fb1:751,union|6bba_05db0fb1:751|140,0,0.1174967677887984
logistic_3feat,6bba_05db0fb1,6bba_05db0fb1:751,union|6bba_05db0fb1:751|141,0,0.02000375295997443
logistic_3feat,6bba_05db0fb1,6bba_05db0fb1:751,union|6bba_05db0fb1:751|142,0,0.028412403797856523
logistic_3feat,6bba_05db0fb1,6bba_05db0fb1:751,union|6bba_05db0fb1:751|143,0,0.023113149404857543
logistic_3feat,6bba_05db0fb1,6bba_05db0fb1:751,union|6bba_05db0fb1:751|144,0,0.018202197970037578
logistic_3feat,6bba_05db0fb1,6bba_05db0fb1:751,union|6bba_05db0fb1:751|145,0,0.01842449972138174
logistic_3feat,6bba_05db0fb1,6bba_05db0fb1:751,union|6bba_05db0fb1:751|146,0,0.0752957061599931
logistic_3feat,6bba_05db0fb1,6bba_05db0fb1:751,union|6bba_05db0fb1:751|147,0,0.009434355717301453
logistic_3feat,6bba_05db0fb1,6bba_05db0fb1:751,union|6bba_05db0fb1:751|148,0,0.009030790099098629
logistic_3feat,6bba_05db0fb1,6bba_05db0fb1:751,union|6bba_05db0fb1:751|149,0,0.00962333152811621
logistic_3feat,6bba_05db0fb1,6bba_05db0fb1:751,union|6bba_05db0fb1:751|150,0,0.010210900756962146
logistic_3feat,6bba_05db0fb1,6bba_05db0fb1:751,union|6bba_05db0fb1:751|151,0,0.017241572023713545
logistic_3feat,6bba_05db0fb1,6bba_05db0fb1:751,union|6bba_05db0fb1:751|152,0,0.014420008521514928
logistic_3feat,6bba_05db0fb1,6bba_05db0fb1:751,union|6bba_05db0fb1:751|153,0,0.013365240628241912
logistic_3feat,6bba_05db0fb1,6bba_05db0fb1:751,union|6bba_05db0fb1:751|154,0,0.013577353853246824
logistic_3feat,6bba_05db0fb1,6bba_05db0fb1:751,union|6bba_05db0fb1:751|155,0,0.003616312923564584
logistic_3feat,6bba_05db0fb1,6bba_05db0fb1:751,union|6bba_05db0fb1:751|156,0,0.0037805380011830918
logistic_3feat,6bba_05db0fb1,6bba_05db0fb1:751,union|6bba_05db0fb1:751|157,0,0.004286017862492372
logistic_3feat,6bba_05db0fb1,6bba_05db0fb1:751,union|6bba_05db0fb1:751|158,0,0.0031910208138278503
logistic_3feat,6bba_05db0fb1,6bba_05db0fb1:751,union|6bba_05db0fb1:751|159,0,0.0041817551617149154
logistic_3feat,6bba_05db0fb1,6bba_05db0fb1:751,union|6bba_05db0fb1:751|160,0,0.014761283591091261
logistic_3feat,6bba_05db0fb1,6bba_05db0fb1:751,union|6bba_05db0fb1:751|161,0,0.011042092430433349
logistic_3feat,6bba_05db0fb1,6bba_05db0fb1:751,union|6bba_05db0fb1:751|162,0,0.012341489255945482
logistic_3feat,6bba_05db0fb1,6bba_05db0fb1:751,union|6bba_05db0fb1:751|163,0,0.010245768262104549
logistic_3feat,6bba_05db0fb1,6bba_05db0fb1:751,union|6bba_05db0fb1:751|164,0,0.04130818524042538
logistic_3feat,6bba_05db0fb1,6bba_05db0fb1:751,union|6bba_05db0fb1:751|165,0,0.030406230133929856
logistic_3feat,6bba_05db0fb1,6bba_05db0fb1:751,union|6bba_05db0fb1:751|166,0,0.0321328583007567
logistic_3feat,6bba_05db0fb1,6bba_05db0fb1:751,union|6bba_05db0fb1:751|167,0,0.3204213798962073
logistic_3feat,6bba_05db0fb1,6bba_05db0fb1:751,union|6bba_05db0fb1:751|168,0,0.027208166592754438
logistic_3feat,6bba_05db0fb1,6bba_05db0fb1:751,union|6bba_05db0fb1:751|169,0,0.03992947484267809
logistic_3feat,6bba_05db0fb1,6bba_05db0fb1:751,union|6bba_05db0fb1:751|170,0,0.02485548728012914
logistic_3feat,6bba_05db0fb1,6bba_05db0fb1:751,union|6bba_05db0fb1:751|171,0,0.024566339368060634
logistic_3feat,6bba_05db0fb1,6bba_05db0fb1:751,union|6bba_05db0fb1:751|172,0,0.04856154972285943
logistic_3feat,6bba_207c6aaf,6bba_207c6aaf:146,union|6bba_207c6aaf:146|0,0,0.08039234983981224
logistic_3feat,6bba_207c6aaf,6bba_207c6aaf:146,union|6bba_207c6aaf:146|1,0,0.05651611459193098
logistic_3feat,6bba_207c6aaf,6bba_207c6aaf:146,union|6bba_207c6aaf:146|2,0,0.04783517014229999
logistic_3feat,6bba_207c6aaf,6bba_207c6aaf:146,union|6bba_207c6aaf:146|3,0,0.052271976935805
logistic_3feat,6bba_207c6aaf,6bba_207c6aaf:146,union|6bba_207c6aaf:146|4,0,0.05049854160174342
logistic_3feat,6bba_207c6aaf,6bba_207c6aaf:146,union|6bba_207c6aaf:146|5,0,0.2444932222526128
logistic_3feat,6bba_207c6aaf,6bba_207c6aaf:146,union|6bba_207c6aaf:146|6,0,0.2082986972957859
logistic_3feat,6bba_207c6aaf,6bba_207c6aaf:146,union|6bba_207c6aaf:146|7,0,0.2620354715263643
logistic_3feat,6bba_207c6aaf,6bba_207c6aaf:146,union|6bba_207c6aaf:146|8,0,0.24207841365788452
logistic_3feat,6bba_207c6aaf,6bba_207c6aaf:146,union|6bba_207c6aaf:146|9,0,0.10977729947041769
logistic_3feat,6bba_207c6aaf,6bba_207c6aaf:146,union|6bba_207c6aaf:146|10,0,0.23210467373515695
logistic_3feat,6bba_207c6aaf,6bba_207c6aaf:146,union|6bba_207c6aaf:146|11,0,0.12004090449855764
logistic_3feat,6bba_207c6aaf,6bba_207c6aaf:146,union|6bba_207c6aaf:146|12,0,0.10134144727645798
logistic_3feat,6bba_207c6aaf,6bba_207c6aaf:146,union|6bba_207c6aaf:146|13,1,0.6169396756026645
logistic_3feat,6bba_207c6aaf,6bba_207c6aaf:146,union|6bba_207c6aaf:146|14,0,0.4845234640197462
logistic_3feat,6bba_207c6aaf,6bba_207c6aaf:146,union|6bba_207c6aaf:146|15,0,0.1990272690220961
logistic_3feat,6bba_207c6aaf,6bba_207c6aaf:146,union|6bba_207c6aaf:146|16,0,0.590086829191193
logistic_3feat,6bba_207c6aaf,6bba_207c6aaf:146,union|6bba_207c6aaf:146|17,0,0.08067816032608857
logistic_3feat,6bba_207c6aaf,6bba_207c6aaf:146,union|6bba_207c6aaf:146|18,0,0.06923702308801188
logistic_3feat,6bba_207c6aaf,6bba_207c6aaf:146,union|6bba_207c6aaf:146|19,0,0.5511682315790543
logistic_3feat,6bba_207c6aaf,6bba_207c6aaf:146,union|6bba_207c6aaf:146|20,0,0.019665304243014985
logistic_3feat,6bba_207c6aaf,6bba_207c6aaf:146,union|6bba_207c6aaf:146|21,0,0.5690940588768701
logistic_3feat,6bba_207c6aaf,6bba_207c6aaf:146,union|6bba_207c6aaf:146|22,0,0.24662064815248128
logistic_3feat,6bba_207c6aaf,6bba_207c6aaf:146,union|6bba_207c6aaf:146|23,0,0.2227321035469551
logistic_3feat,6bba_207c6aaf,6bba_207c6aaf:146,union|6bba_207c6aaf:146|24,0,0.09754581437740177
logistic_3feat,6bba_207c6aaf,6bba_207c6aaf:146,union|6bba_207c6aaf:146|25,0,0.984455782055313
logistic_3feat,6bba_207c6aaf,6bba_207c6aaf:146,union|6bba_207c6aaf:146|26,0,0.08562853920106901
logistic_3feat,6bba_207c6aaf,6bba_207c6aaf:146,union|6bba_207c6aaf:146|27,0,0.13481133826971742
logistic_3feat,6bba_207c6aaf,6bba_207c6aaf:146,union|6bba_207c6aaf:146|28,0,0.0639522715221503
logistic_3feat,6bba_207c6aaf,6bba_207c6aaf:146,union|6bba_207c6aaf:146|29,0,0.717193531479691
logistic_3feat,6bba_207c6aaf,6bba_207c6aaf:146,union|6bba_207c6aaf:146|30,0,0.10763918712837187
logistic_3feat,6bba_207c6aaf,6bba_207c6aaf:146,union|6bba_207c6aaf:146|31,0,0.020665831941853202
logistic_3feat,6bba_207c6aaf,6bba_207c6aaf:146,union|6bba_207c6aaf:146|32,0,0.23255805463649562
logistic_3feat,6bba_207c6aaf,6bba_207c6aaf:146,union|6bba_207c6aaf:146|33,0,0.5076890376452656
logistic_3feat,6bba_207c6aaf,6bba_207c6aaf:146,union|6bba_207c6aaf:146|34,0,0.09769224144648232
logistic_3feat,6bba_207c6aaf,6bba_207c6aaf:146,union|6bba_207c6aaf:146|35,0,0.15224982425185357
logistic_3feat,6bba_207c6aaf,6bba_207c6aaf:146,union|6bba_207c6aaf:146|36,0,0.5179073199870586
logistic_3feat,6bba_207c6aaf,6bba_207c6aaf:146,union|6bba_207c6aaf:146|37,0,0.024692782016428536
logistic_3feat,6bba_207c6aaf,6bba_207c6aaf:146,union|6bba_207c6aaf:146|38,0,0.19688856807718166
logistic_3feat,6bba_207c6aaf,6bba_207c6aaf:146,union|6bba_207c6aaf:146|39,0,0.14530283699597943
logistic_3feat,6bba_207c6aaf,6bba_207c6aaf:146,union|6bba_207c6aaf:146|40,0,0.2701529338930935
logistic_3feat,6bba_207c6aaf,6bba_207c6aaf:146,union|6bba_207c6aaf:146|41,0,0.06239788765899662
logistic_3feat,6bba_207c6aaf,6bba_207c6aaf:146,union|6bba_207c6aaf:146|42,0,0.19638451676653906
logistic_3feat,6bba_207c6aaf,6bba_207c6aaf:146,union|6bba_207c6aaf:146|43,0,0.1200830934461671
logistic_3feat,6bba_207c6aaf,6bba_207c6aaf:146,union|6bba_207c6aaf:146|44,0,0.08772287979945864
logistic_3feat,6bba_207c6aaf,6bba_207c6aaf:146,union|6bba_207c6aaf:146|45,0,0.20834213947575897
logistic_3feat,6bba_207c6aaf,6bba_207c6aaf:146,union|6bba_207c6aaf:146|46,0,0.15915468230711313
logistic_3feat,6bba_207c6aaf,6bba_207c6aaf:146,union|6bba_207c6aaf:146|47,0,0.19583530643604566
logistic_3feat,6bba_207c6aaf,6bba_207c6aaf:146,union|6bba_207c6aaf:146|48,0,0.10003044683386404
logistic_3feat,6bba_207c6aaf,6bba_207c6aaf:146,union|6bba_207c6aaf:146|49,0,0.11750051265562556
logistic_3feat,6bba_207c6aaf,6bba_207c6aaf:146,union|6bba_207c6aaf:146|50,0,0.06579137040605529
logistic_3feat,6bba_207c6aaf,6bba_207c6aaf:146,union|6bba_207c6aaf:146|51,0,0.08226206673318939
logistic_3feat,6bba_207c6aaf,6bba_207c6aaf:146,union|6bba_207c6aaf:146|52,0,0.11023937746474152
logistic_3feat,6bba_207c6aaf,6bba_207c6aaf:146,union|6bba_207c6aaf:146|53,0,0.07814235079550583
logistic_3feat,6bba_207c6aaf,6bba_207c6aaf:146,union|6bba_207c6aaf:146|54,0,0.13522124529710955
logistic_3feat,6bba_207c6aaf,6bba_207c6aaf:146,union|6bba_207c6aaf:146|55,0,0.0803197009986613
logistic_3feat,6bba_207c6aaf,6bba_207c6aaf:146,union|6bba_207c6aaf:146|56,0,0.7411279248405355
logistic_3feat,6bba_207c6aaf,6bba_207c6aaf:146,union|6bba_207c6aaf:146|57,0,0.14284244392511458
logistic_3feat,6bba_207c6aaf,6bba_207c6aaf:146,union|6bba_207c6aaf:146|58,0,0.016890310095205068
logistic_3feat,6bba_207c6aaf,6bba_207c6aaf:146,union|6bba_207c6aaf:146|59,0,0.09359882877901295
logistic_3feat,6bba_207c6aaf,6bba_207c6aaf:146,union|6bba_207c6aaf:146|60,0,0.10195111703289854
logistic_3feat,6bba_207c6aaf,6bba_207c6aaf:146,union|6bba_207c6aaf:146|61,0,0.020364489437113855
logistic_3feat,6bba_207c6aaf,6bba_207c6aaf:146,union|6bba_207c6aaf:146|62,0,0.16493767115017824
logistic_3feat,6bba_207c6aaf,6bba_207c6aaf:146,union|6bba_207c6aaf:146|63,0,0.10582797451913153
logistic_3feat,6bba_207c6aaf,6bba_207c6aaf:146,union|6bba_207c6aaf:146|64,0,0.018986154794577784
logistic_3feat,6bba_207c6aaf,6bba_207c6aaf:146,union|6bba_207c6aaf:146|65,0,0.07499870430230828
logistic_3feat,6bba_207c6aaf,6bba_207c6aaf:146,union|6bba_207c6aaf:146|66,0,0.08236538781032599
logistic_3feat,6bba_207c6aaf,6bba_207c6aaf:146,union|6bba_207c6aaf:146|67,0,0.12829170779144022
logistic_3feat,6bba_207c6aaf,6bba_207c6aaf:146,union|6bba_207c6aaf:146|68,0,0.019802111934675543
logistic_3feat,6bba_32db13fc,6bba_32db13fc:115,union|6bba_32db13fc:115|0,0,0.19360679477155174
logistic_3feat,6bba_32db13fc,6bba_32db13fc:115,union|6bba_32db13fc:115|1,0,0.07866341592620654
logistic_3feat,6bba_32db13fc,6bba_32db13fc:115,union|6bba_32db13fc:115|2,0,0.12958447670309575
logistic_3feat,6bba_32db13fc,6bba_32db13fc:115,union|6bba_32db13fc:115|3,0,0.19464095485266858
logistic_3feat,6bba_32db13fc,6bba_32db13fc:115,union|6bba_32db13fc:115|4,0,0.16368218053912592
logistic_3feat,6bba_32db13fc,6bba_32db13fc:115,union|6bba_32db13fc:115|5,0,0.1299783625088242
logistic_3feat,6bba_32db13fc,6bba_32db13fc:115,union|6bba_32db13fc:115|6,0,0.18149055136400946
logistic_3feat,6bba_32db13fc,6bba_32db13fc:115,union|6bba_32db13fc:115|7,0,0.18867424361426247
logistic_3feat,6bba_32db13fc,6bba_32db13fc:115,union|6bba_32db13fc:115|8,0,0.1480279142698022
logistic_3feat,6bba_32db13fc,6bba_32db13fc:115,union|6bba_32db13fc:115|9,0,0.022312187691862443
logistic_3feat,6bba_32db13fc,6bba_32db13fc:115,union|6bba_32db13fc:115|10,0,0.00471793313401456
logistic_3feat,6bba_32db13fc,6bba_32db13fc:115,union|6bba_32db13fc:115|11,0,0.36189309067847725
logistic_3feat,6bba_32db13fc,6bba_32db13fc:115,union|6bba_32db13fc:115|12,0,0.06814935607766465
logistic_3feat,6bba_32db13fc,6bba_32db13fc:115,union|6bba_32db13fc:115|13,0,0.27097330002354114
logistic_3feat,6bba_32db13fc,6bba_32db13fc:115,union|6bba_32db13fc:115|14,0,0.9251736839237114
logistic_3feat,6bba_32db13fc,6bba_32db13fc:115,union|6bba_32db13fc:115|15,0,0.6969582467978961
logistic_3feat,6bba_32db13fc,6bba_32db13fc:115,union|6bba_32db13fc:115|16,0,0.4033846557519394
logistic_3feat,6bba_32db13fc,6bba_32db13fc:115,union|6bba_32db13fc:115|17,0,0.14400776976748436
logistic_3feat,6bba_32db13fc,6bba_32db13fc:115,union|6bba_32db13fc:115|18,0,0.8945873568607684
logistic_3feat,6bba_32db13fc,6bba_32db13fc:115,union|6bba_32db13fc:115|19,0,0.3339244495994545
logistic_3feat,6bba_32db13fc,6bba_32db13fc:115,union|6bba_32db13fc:115|20,0,0.44720981004379295
logistic_3feat,6bba_32db13fc,6bba_32db13fc:115,union|6bba_32db13fc:115|21,0,0.30674886108324056
logistic_3feat,6bba_32db13fc,6bba_32db13fc:115,union|6bba_32db13fc:115|22,0,0.5191844528742325
logistic_3feat,6bba_32db13fc,6bba_32db13fc:115,union|6bba_32db13fc:115|23,0,0.46312169608858045
logistic_3feat,6bba_32db13fc,6bba_32db13fc:115,union|6bba_32db13fc:115|24,0,0.030903951116489838
logistic_3feat,6bba_32db13fc,6bba_32db13fc:115,union|6bba_32db13fc:115|25,0,0.029315884715952197
logistic_3feat,6bba_32db13fc,6bba_32db13fc:115,union|6bba_32db13fc:115|26,0,0.017967795371112222
logistic_3feat,6bba_32db13fc,6bba_32db13fc:115,union|6bba_32db13fc:115|27,0,0.0042428121337118995
logistic_3feat,6bba_32db13fc,6bba_32db13fc:115,union|6bba_32db13fc:115|28,0,0.21966220499971598
logistic_3feat,6bba_32db13fc,6bba_32db13fc:115,union|6bba_32db13fc:115|29,0,0.3728451273238522
logistic_3feat,6bba_32db13fc,6bba_32db13fc:115,union|6bba_32db13fc:115|30,0,0.34807847130837705
logistic_3feat,6bba_32db13fc,6bba_32db13fc:115,union|6bba_32db13fc:115|31,0,0.3543776636761237
logistic_3feat,6bba_32db13fc,6bba_32db13fc:115,union|6bba_32db13fc:115|32,0,0.49778264673268974
logistic_3feat,6bba_32db13fc,6bba_32db13fc:115,union|6bba_32db13fc:115|33,0,0.36285792453616444
logistic_3feat,6bba_32db13fc,6bba_32db13fc:115,union|6bba_32db13fc:115|34,0,0.3571547149152085
logistic_3feat,6bba_32db13fc,6bba_32db13fc:115,union|6bba_32db13fc:115|35,0,0.08914066019421733
logistic_3feat,6bba_32db13fc,6bba_32db13fc:115,union|6bba_32db13fc:115|36,0,0.034460491547129934
logistic_3feat,6bba_32db13fc,6bba_32db13fc:115,union|6bba_32db13fc:115|37,0,0.04880288875500532
logistic_3feat,6bba_32db13fc,6bba_32db13fc:115,union|6bba_32db13fc:115|38,0,0.05801875292304639
logistic_3feat,6bba_32db13fc,6bba_32db13fc:115,union|6bba_32db13fc:115|39,0,0.0645051345693895
logistic_3feat,6bba_32db13fc,6bba_32db13fc:115,union|6bba_32db13fc:115|40,0,0.046293099478734986
logistic_3feat,6bba_32db13fc,6bba_32db13fc:115,union|6bba_32db13fc:115|41,0,0.07145689810467665
logistic_3feat,6bba_32db13fc,6bba_32db13fc:115,union|6bba_32db13fc:115|42,0,0.04185801572499373
logistic_3feat,6bba_32db13fc,6bba_32db13fc:115,union|6bba_32db13fc:115|43,0,0.04403883442388381
logistic_3feat,6bba_32db13fc,6bba_32db13fc:115,union|6bba_32db13fc:115|44,0,0.004898921627726557
logistic_3feat,6bba_32db13fc,6bba_32db13fc:115,union|6bba_32db13fc:115|45,0,0.004566877239177056
logistic_3feat,6bba_32db13fc,6bba_32db13fc:115,union|6bba_32db13fc:115|46,0,0.2188833384147736
logistic_3feat,6bba_32db13fc,6bba_32db13fc:115,union|6bba_32db13fc:115|47,0,0.30858579156125526
logistic_3feat,6bba_32db13fc,6bba_32db13fc:115,union|6bba_32db13fc:115|48,0,0.21360691625035955
logistic_3feat,6bba_32db13fc,6bba_32db13fc:115,union|6bba_32db13fc:115|49,0,0.20191499379370234
logistic_3feat,6bba_32db13fc,6bba_32db13fc:115,union|6bba_32db13fc:115|50,0,0.2436634756505244
logistic_3feat,6bba_32db13fc,6bba_32db13fc:115,union|6bba_32db13fc:115|51,0,0.02647567634448863
logistic_3feat,6bba_32db13fc,6bba_32db13fc:115,union|6bba_32db13fc:115|52,0,0.632108812423219
logistic_3feat,6bba_32db13fc,6bba_32db13fc:115,union|6bba_32db13fc:115|53,0,0.49251319904199353
logistic_3feat,6bba_32db13fc,6bba_32db13fc:115,union|6bba_32db13fc:115|54,0,0.18867424361426247
logistic_3feat,6bba_32db13fc,6bba_32db13fc:115,union|6bba_32db13fc:115|55,0,0.9253718887916469
logistic_3feat,6bba_32db13fc,6bba_32db13fc:115,union|6bba_32db13fc:115|56,0,0.3378477830604455
logistic_3feat,6bba_32db13fc,6bba_32db13fc:115,union|6bba_32db13fc:115|57,0,0.5328383900884253
logistic_3feat,6bba_32db13fc,6bba_32db13fc:115,union|6bba_32db13fc:115|58,0,0.3832005913160895
logistic_3feat,6bba_32db13fc,6bba_32db13fc:115,union|6bba_32db13fc:115|59,0,0.5203850339070697
logistic_3feat,6bba_32db13fc,6bba_32db13fc:115,union|6bba_32db13fc:115|60,0,0.0769614926963244
logistic_3feat,6bba_32db13fc,6bba_32db13fc:115,union|6bba_32db13fc:115|61,1,0.6043737797381388
logistic_3feat,6bba_32db13fc,6bba_32db13fc:115,union|6bba_32db13fc:115|62,0,0.04319770392246203
logistic_3feat,6bba_32db13fc,6bba_32db13fc:115,union|6bba_32db13fc:115|63,0,0.037663120453503195
logistic_3feat,6bba_32db13fc,6bba_32db13fc:115,union|6bba_32db13fc:115|64,0,0.02451718540056872
logistic_3feat,6bba_32db13fc,6bba_32db13fc:115,union|6bba_32db13fc:115|65,0,0.005245904929817698
logistic_3feat,6bba_32db13fc,6bba_32db13fc:115,union|6bba_32db13fc:115|66,0,0.5721538670017057
logistic_3feat,6bba_32db13fc,6bba_32db13fc:115,union|6bba_32db13fc:115|67,0,0.34054202233696695
logistic_3feat,6bba_32db13fc,6bba_32db13fc:115,union|6bba_32db13fc:115|68,0,0.5608053493365148
logistic_3feat,6bba_32db13fc,6bba_32db13fc:115,union|6bba_32db13fc:115|69,0,0.11918355016019117
logistic_3feat,6bba_32db13fc,6bba_32db13fc:115,union|6bba_32db13fc:115|70,0,0.0295243129685371
logistic_3feat,6bba_32db13fc,6bba_32db13fc:115,union|6bba_32db13fc:115|71,0,0.0042309782504854595
logistic_3feat,6bba_32db13fc,6bba_32db13fc:115,union|6bba_32db13fc:115|72,0,0.18588673743357598
logistic_3feat,6bba_32db13fc,6bba_32db13fc:115,union|6bba_32db13fc:115|73,0,0.4854562610609706
logistic_3feat,6bba_32db13fc,6bba_32db13fc:115,union|6bba_32db13fc:115|74,0,0.549095016833593
logistic_3feat,6bba_32db13fc,6bba_32db13fc:115,union|6bba_32db13fc:115|75,0,0.3818420722906117
logistic_3feat,6bba_32db13fc,6bba_32db13fc:115,union|6bba_32db13fc:115|76,0,0.07331197892429772
logistic_3feat,6bba_32db13fc,6bba_32db13fc:115,union|6bba_32db13fc:115|77,0,0.08964179874275001
logistic_3feat,6bba_32db13fc,6bba_32db13fc:115,union|6bba_32db13fc:115|78,0,0.07329343107813328
logistic_3feat,6bba_32db13fc,6bba_32db13fc:115,union|6bba_32db13fc:115|79,0,0.0352352316722094
logistic_3feat,6bba_32db13fc,6bba_32db13fc:115,union|6bba_32db13fc:115|80,0,0.024208695669335145
logistic_3feat,6bba_32db13fc,6bba_32db13fc:115,union|6bba_32db13fc:115|81,0,0.004193045821362021
logistic_3feat,6bba_32db13fc,6bba_32db13fc:115,union|6bba_32db13fc:115|82,0,0.12841686440215166
logistic_3feat,6bba_32db13fc,6bba_32db13fc:115,union|6bba_32db13fc:115|83,0,0.15397700089320585
logistic_3feat,6bba_32db13fc,6bba_32db13fc:115,union|6bba_32db13fc:115|84,0,0.1598784434937612
logistic_3feat,6bba_32db13fc,6bba_32db13fc:115,union|6bba_32db13fc:115|85,0,0.20240467102281023
logistic_3feat,6bba_32db13fc,6bba_32db13fc:115,union|6bba_32db13fc:115|86,0,0.07149502314272783
logistic_3feat,6bba_32db13fc,6bba_32db13fc:115,union|6bba_32db13fc:115|87,0,0.015115545226829234
logistic_3feat,6bba_32db13fc,6bba_32db13fc:115,union|6bba_32db13fc:115|88,0,0.021858239077868893
logistic_3feat,6bba_32db13fc,6bba_32db13fc:115,union|6bba_32db13fc:115|89,0,0.01706552769856476
logistic_3feat,6bba_32db13fc,6bba_32db13fc:115,union|6bba_32db13fc:115|90,0,0.03729970371290478
logistic_3feat,6bba_32db13fc,6bba_32db13fc:115,union|6bba_32db13fc:115|91,0,0.005391000628117832
logistic_3feat,6bba_32db13fc,6bba_32db13fc:115,union|6bba_32db13fc:115|92,0,0.5623409015144216
logistic_3feat,6bba_32db13fc,6bba_32db13fc:115,union|6bba_32db13fc:115|93,0,0.3182559510102626
logistic_3feat,6bba_32db13fc,6bba_32db13fc:115,union|6bba_32db13fc:115|94,0,0.5215933020503661
logistic_3feat,6bba_32db13fc,6bba_32db13fc:115,union|6bba_32db13fc:115|95,0,0.07174879516449341
logistic_3feat,6bba_32db13fc,6bba_32db13fc:115,union|6bba_32db13fc:115|96,0,0.6904329368272395
logistic_3feat,6bba_32db13fc,6bba_32db13fc:115,union|6bba_32db13fc:115|97,0,0.042551240387825165
logistic_3feat,6bba_32db13fc,6bba_32db13fc:115,union|6bba_32db13fc:115|98,0,0.03544080486309947
logistic_3feat,6bba_32db13fc,6bba_32db13fc:115,union|6bba_32db13fc:115|99,0,0.015685306494643243
logistic_3feat,6bba_32db13fc,6bba_32db13fc:115,union|6bba_32db13fc:115|100,0,0.24816393144934498
logistic_3feat,6bba_32db13fc,6bba_32db13fc:115,union|6bba_32db13fc:115|101,0,0.31499770137745847
logistic_3feat,6bba_32db13fc,6bba_32db13fc:115,union|6bba_32db13fc:115|102,0,0.3229041002494622
logistic_3feat,6bba_32db13fc,6bba_32db13fc:115,union|6bba_32db13fc:115|103,0,0.08136839644102607
logistic_3feat,6bba_32db13fc,6bba_32db13fc:115,union|6bba_32db13fc:115|104,0,0.03789981406472927
logistic_3feat,6bba_32db13fc,6bba_32db13fc:115,union|6bba_32db13fc:115|105,0,0.01846144840383449
logistic_3feat,6bba_32db13fc,6bba_32db13fc:115,union|6bba_32db13fc:115|106,0,0.006967555032246081
logistic_3feat,6bba_32db13fc,6bba_32db13fc:115,union|6bba_32db13fc:115|107,0,0.40727468259603916
logistic_3feat,6bba_32db13fc,6bba_32db13fc:115,union|6bba_32db13fc:115|108,0,0.4831656634668545
logistic_3feat,6bba_32db13fc,6bba_32db13fc:115,union|6bba_32db13fc:115|109,0,0.09712721599453668
logistic_3feat,6bba_32db13fc,6bba_32db13fc:115,union|6bba_32db13fc:115|110,0,0.1184344101268113
logistic_3feat,6bba_32db13fc,6bba_32db13fc:115,union|6bba_32db13fc:115|111,0,0.05157655843717529
logistic_3feat,6bba_32db13fc,6bba_32db13fc:115,union|6bba_32db13fc:115|112,0,0.04718724558030869
logistic_3feat,6bba_32db13fc,6bba_32db13fc:115,union|6bba_32db13fc:115|113,0,0.019586288364441123
logistic_3feat,6bba_32db13fc,6bba_32db13fc:115,union|6bba_32db13fc:115|114,0,0.004925980996108913
logistic_3feat,6bba_32db13fc,6bba_32db13fc:115,union|6bba_32db13fc:115|115,0,0.32259384771908156
logistic_3feat,6bba_32db13fc,6bba_32db13fc:115,union|6bba_32db13fc:115|116,0,0.11029689440249327
logistic_3feat,6bba_32db13fc,6bba_32db13fc:115,union|6bba_32db13fc:115|117,0,0.04647053796773003
logistic_3feat,6bba_32db13fc,6bba_32db13fc:115,union|6bba_32db13fc:115|118,0,0.04120564199215857
logistic_3feat,6bba_32db13fc,6bba_32db13fc:115,union|6bba_32db13fc:115|119,0,0.05170948458149674
logistic_3feat,6bba_32db13fc,6bba_32db13fc:115,union|6bba_32db13fc:115|120,0,0.024912160725401093
logistic_3feat,6bba_32db13fc,6bba_32db13fc:115,union|6bba_32db13fc:115|121,0,0.007596494629853541
logistic_3feat,6bba_32db13fc,6bba_32db13fc:115,union|6bba_32db13fc:115|122,0,0.08963052797795674
logistic_3feat,6bba_32db13fc,6bba_32db13fc:115,union|6bba_32db13fc:115|123,0,0.09983565797017983
logistic_3feat,6bba_32db13fc,6bba_32db13fc:115,union|6bba_32db13fc:115|124,0,0.043144830854070004
logistic_3feat,6bba_32db13fc,6bba_32db13fc:115,union|6bba_32db13fc:115|125,0,0.005199725696313365
logistic_3feat,6bba_32db13fc,6bba_32db13fc:115,union|6bba_32db13fc:115|126,0,0.007961138268178396
logistic_3feat,6bba_32db13fc,6bba_32db13fc:115,union|6bba_32db13fc:115|127,0,0.007228449178168407
logistic_3feat,6bba_32db13fc,6bba_32db13fc:115,union|6bba_32db13fc:115|128,0,0.017391253156702532
logistic_3feat,6bba_32db13fc,6bba_32db13fc:115,union|6bba_32db13fc:115|129,0,0.007344415406680341
logistic_3feat,6bba_32db13fc,6bba_32db13fc:115,union|6bba_32db13fc:115|130,0,0.007400622888348158
logistic_3feat,6bba_32db13fc,6bba_32db13fc:115,union|6bba_32db13fc:115|131,0,0.004607375499452703
logistic_3feat,6bba_32db13fc,6bba_32db13fc:115,union|6bba_32db13fc:115|132,0,0.003800064561731675
logistic_3feat,6bba_32db13fc,6bba_32db13fc:115,union|6bba_32db13fc:115|133,0,0.0016558651091963046
logistic_3feat,6bba_32db13fc,6bba_32db13fc:115,union|6bba_32db13fc:115|134,0,0.0033521968865497416
logistic_3feat,6bba_32db13fc,6bba_32db13fc:115,union|6bba_32db13fc:115|135,0,0.0024477451721184175
logistic_3feat,6bba_32db13fc,6bba_32db13fc:115,union|6bba_32db13fc:115|136,0,0.0017629620665186969
logistic_3feat,6bba_32db13fc,6bba_32db13fc:115,union|6bba_32db13fc:115|137,0,0.0007405186416685523
logistic_3feat,6bba_32db13fc,6bba_32db13fc:115,union|6bba_32db13fc:115|138,0,0.0005152824081468753
logistic_3feat,6bba_474be664,6bba_474be664:205,union|6bba_474be664:205|0,0,0.06722187212047612
logistic_3feat,6bba_474be664,6bba_474be664:205,union|6bba_474be664:205|1,0,0.07330421441444349
logistic_3feat,6bba_474be664,6bba_474be664:205,union|6bba_474be664:205|2,0,0.06314310891004672
logistic_3feat,6bba_474be664,6bba_474be664:205,union|6bba_474be664:205|3,0,0.05216274384676334
logistic_3feat,6bba_474be664,6bba_474be664:205,union|6bba_474be664:205|4,0,0.05373039505765901
logistic_3feat,6bba_474be664,6bba_474be664:205,union|6bba_474be664:205|5,0,0.009638010310913544
logistic_3feat,6bba_474be664,6bba_474be664:205,union|6bba_474be664:205|6,0,0.012279968879780738
logistic_3feat,6bba_474be664,6bba_474be664:205,union|6bba_474be664:205|7,0,0.08307122005476678
logistic_3feat,6bba_474be664,6bba_474be664:205,union|6bba_474be664:205|8,0,0.048958613505020225
logistic_3feat,6bba_474be664,6bba_474be664:205,union|6bba_474be664:205|9,0,0.06978770600844696
logistic_3feat,6bba_474be664,6bba_474be664:205,union|6bba_474be664:205|10,0,0.056312322676131475
logistic_3feat,6bba_474be664,6bba_474be664:205,union|6bba_474be664:205|11,0,0.057593737764364106
logistic_3feat,6bba_474be664,6bba_474be664:205,union|6bba_474be664:205|12,0,0.05549088355599664
logistic_3feat,6bba_474be664,6bba_474be664:205,union|6bba_474be664:205|13,0,0.05449851008358673
logistic_3feat,6bba_474be664,6bba_474be664:205,union|6bba_474be664:205|14,0,0.008563915465702617
logistic_3feat,6bba_474be664,6bba_474be664:205,union|6bba_474be664:205|15,0,0.008284503238201337
logistic_3feat,6bba_474be664,6bba_474be664:205,union|6bba_474be664:205|16,0,0.14120357466133973
logistic_3feat,6bba_474be664,6bba_474be664:205,union|6bba_474be664:205|17,0,0.11835933863937466
logistic_3feat,6bba_474be664,6bba_474be664:205,union|6bba_474be664:205|18,0,0.14994592716552133
logistic_3feat,6bba_474be664,6bba_474be664:205,union|6bba_474be664:205|19,0,0.11509637737693147
logistic_3feat,6bba_474be664,6bba_474be664:205,union|6bba_474be664:205|20,0,0.11948832542353341
logistic_3feat,6bba_474be664,6bba_474be664:205,union|6bba_474be664:205|21,0,0.12632370637281207
logistic_3feat,6bba_474be664,6bba_474be664:205,union|6bba_474be664:205|22,0,0.03282886459649673
logistic_3feat,6bba_474be664,6bba_474be664:205,union|6bba_474be664:205|23,0,0.027060010035668353
logistic_3feat,6bba_474be664,6bba_474be664:205,union|6bba_474be664:205|24,0,0.07648884632472118
logistic_3feat,6bba_474be664,6bba_474be664:205,union|6bba_474be664:205|25,0,0.0741747104800042
logistic_3feat,6bba_474be664,6bba_474be664:205,union|6bba_474be664:205|26,0,0.07798499877791511
logistic_3feat,6bba_474be664,6bba_474be664:205,union|6bba_474be664:205|27,0,0.048462901044780925
logistic_3feat,6bba_474be664,6bba_474be664:205,union|6bba_474be664:205|28,0,0.07287968032681855
logistic_3feat,6bba_474be664,6bba_474be664:205,union|6bba_474be664:205|29,0,0.049807800120703356
logistic_3feat,6bba_474be664,6bba_474be664:205,union|6bba_474be664:205|30,0,0.05293439132978232
logistic_3feat,6bba_474be664,6bba_474be664:205,union|6bba_474be664:205|31,0,0.049807800120703356
logistic_3feat,6bba_474be664,6bba_474be664:205,union|6bba_474be664:205|32,0,0.44286211978449347
logistic_3feat,6bba_474be664,6bba_474be664:205,union|6bba_474be664:205|33,0,0.24277860773362245
logistic_3feat,6bba_474be664,6bba_474be664:205,union|6bba_474be664:205|34,0,0.07242464219548875
logistic_3feat,6bba_474be664,6bba_474be664:205,union|6bba_474be664:205|35,0,0.9383793830971692
logistic_3feat,6bba_474be664,6bba_474be664:205,union|6bba_474be664:205|36,0,0.14120357466133973
logistic_3feat,6bba_474be664,6bba_474be664:205,union|6bba_474be664:205|37,1,0.9844821520215497
logistic_3feat,6bba_474be664,6bba_474be664:205,union|6bba_474be664:205|38,0,0.4530788985085272
logistic_3feat,6bba_474be664,6bba_474be664:205,union|6bba_474be664:205|39,0,0.6416953419186863
logistic_3feat,6bba_474be664,6bba_474be664:205,union|6bba_474be664:205|40,0,0.25940256731802974
logistic_3feat,6bba_474be664,6bba_474be664:205,union|6bba_474be664:205|41,0,0.800395663255413
logistic_3feat,6bba_474be664,6bba_474be664:205,union|6bba_474be664:205|42,0,0.6924773803596452
logistic_3feat,6bba_474be664,6bba_474be664:205,union|6bba_474be664:205|43,0,0.749369253760936
logistic_3feat,6bba_474be664,6bba_474be664:205,union|6bba_474be664:205|44,0,0.019366334507787016
logistic_3feat,6bba_474be664,6bba_474be664:205,union|6bba_474be664:205|45,0,0.057371076476049276
logistic_3feat,6bba_474be664,6bba_474be664:205,union|6bba_474be664:205|46,0,0.011327526894149988
logistic_3feat,6bba_474be664,6bba_474be664:205,union|6bba_474be664:205|47,0,0.006575062636261363
logistic_3feat,6bba_474be664,6bba_474be664:205,union|6bba_474be664:205|48,0,0.19130270180427353
logistic_3feat,6bba_474be664,6bba_474be664:205,union|6bba_474be664:205|49,0,0.10183574404066473
logistic_3feat,6bba_474be664,6bba_474be664:205,union|6bba_474be664:205|50,0,0.4574574019020564
logistic_3feat,6bba_474be664,6bba_474be664:205,union|6bba_474be664:205|51,0,0.3673462364421952
logistic_3feat,6bba_474be664,6bba_474be664:205,union|6bba_474be664:205|52,0,0.4555265463273457
logistic_3feat,6bba_474be664,6bba_474be664:205,union|6bba_474be664:205|53,0,0.2451677479502116
logistic_3feat,6bba_474be664,6bba_474be664:205,union|6bba_474be664:205|54,0,0.3475708874637228
logistic_3feat,6bba_474be664,6bba_474be664:205,union|6bba_474be664:205|55,0,0.3548198625704017
logistic_3feat,6bba_474be664,6bba_474be664:205,union|6bba_474be664:205|56,0,0.05280118157882556
logistic_3feat,6bba_474be664,6bba_474be664:205,union|6bba_474be664:205|57,0,0.04899445582824582
logistic_3feat,6bba_474be664,6bba_474be664:205,union|6bba_474be664:205|58,0,0.011224848724564548
logistic_3feat,6bba_474be664,6bba_474be664:205,union|6bba_474be664:205|59,0,0.24277860773362245
logistic_3feat,6bba_474be664,6bba_474be664:205,union|6bba_474be664:205|60,0,0.16396321955890936
logistic_3feat,6bba_474be664,6bba_474be664:205,union|6bba_474be664:205|61,0,0.18143022333328704
logistic_3feat,6bba_474be664,6bba_474be664:205,union|6bba_474be664:205|62,0,0.24277860773362245
logistic_3feat,6bba_474be664,6bba_474be664:205,union|6bba_474be664:205|63,0,0.16948534550819408
logistic_3feat,6bba_474be664,6bba_474be664:205,union|6bba_474be664:205|64,0,0.1715358786862294
logistic_3feat,6bba_474be664,6bba_474be664:205,union|6bba_474be664:205|65,0,0.21793165955506158
logistic_3feat,6bba_474be664,6bba_474be664:205,union|6bba_474be664:205|66,0,0.1640909595753895
logistic_3feat,6bba_474be664,6bba_474be664:205,union|6bba_474be664:205|67,0,0.008570987245492464
logistic_3feat,6bba_474be664,6bba_474be664:205,union|6bba_474be664:205|68,0,0.0802422444023957
logistic_3feat,6bba_474be664,6bba_474be664:205,union|6bba_474be664:205|69,0,0.07100696868840278
logistic_3feat,6bba_474be664,6bba_474be664:205,union|6bba_474be664:205|70,0,0.11201683556832741
logistic_3feat,6bba_474be664,6bba_474be664:205,union|6bba_474be664:205|71,0,0.07242464219548875
logistic_3feat,6bba_474be664,6bba_474be664:205,union|6bba_474be664:205|72,0,0.07421151973068472
logistic_3feat,6bba_474be664,6bba_474be664:205,union|6bba_474be664:205|73,0,0.06657654659485879
logistic_3feat,6bba_474be664,6bba_474be664:205,union|6bba_474be664:205|74,0,0.009541963030381977
logistic_3feat,6bba_474be664,6bba_474be664:205,union|6bba_474be664:205|75,0,0.009494468178440761
logistic_3feat,6bba_474be664,6bba_474be664:205,union|6bba_474be664:205|76,0,0.13500710173388586
logistic_3feat,6bba_474be664,6bba_474be664:205,union|6bba_474be664:205|77,0,0.9256607630663769
logistic_3feat,6bba_474be664,6bba_474be664:205,union|6bba_474be664:205|78,0,0.45816471273894466
logistic_3feat,6bba_474be664,6bba_474be664:205,union|6bba_474be664:205|79,0,0.6919044958712014
logistic_3feat,6bba_474be664,6bba_474be664:205,union|6bba_474be664:205|80,0,0.26527949242659915
logistic_3feat,6bba_474be664,6bba_474be664:205,union|6bba_474be664:205|81,0,0.8091473054446321
logistic_3feat,6bba_474be664,6bba_474be664:205,union|6bba_474be664:205|82,0,0.7409338791548566
logistic_3feat,6bba_474be664,6bba_474be664:205,union|6bba_474be664:205|83,0,0.7817711470630222
logistic_3feat,6bba_474be664,6bba_474be664:205,union|6bba_474be664:205|84,0,0.06011350030869909
logistic_3feat,6bba_474be664,6bba_474be664:205,union|6bba_474be664:205|85,0,0.04450317612171868
logistic_3feat,6bba_474be664,6bba_474be664:205,union|6bba_474be664:205|86,0,0.014350205439787671
logistic_3feat,6bba_474be664,6bba_474be664:205,union|6bba_474be664:205|87,0,0.007578656685813569
logistic_3feat,6bba_474be664,6bba_474be664:205,union|6bba_474be664:205|88,0,0.1428554855224269
logistic_3feat,6bba_474be664,6bba_474be664:205,union|6bba_474be664:205|89,0,0.23203542635286006
logistic_3feat,6bba_474be664,6bba_474be664:205,union|6bba_474be664:205|90,0,0.15382363161728152
logistic_3feat,6bba_474be664,6bba_474be664:205,union|6bba_474be664:205|91,0,0.16475690658465758
logistic_3feat,6bba_474be664,6bba_474be664:205,union|6bba_474be664:205|92,0,0.12423120565967567
logistic_3feat,6bba_474be664,6bba_474be664:205,union|6bba_474be664:205|93,0,0.010886273989350439
logistic_3feat,6bba_474be664,6bba_474be664:205,union|6bba_474be664:205|94,0,0.4594615097537677
logistic_3feat,6bba_474be664,6bba_474be664:205,union|6bba_474be664:205|95,0,0.6554471412798473
logistic_3feat,6bba_474be664,6bba_474be664:205,union|6bba_474be664:205|96,0,0.3663502567180348
logistic_3feat,6bba_474be664,6bba_474be664:205,union|6bba_474be664:205|97,0,0.8664547812011077
logistic_3feat,6bba_474be664,6bba_474be664:205,union|6bba_474be664:205|98,0,0.7235124983933298
logistic_3feat,6bba_474be664,6bba_474be664:205,union|6bba_474be664:205|99,0,0.8190363983887808
logistic_3feat,6bba_474be664,6bba_474be664:205,union|6bba_474be664:205|100,0,0.07082788154837139
logistic_3feat,6bba_474be664,6bba_474be664:205,union|6bba_474be664:205|101,0,0.024761462068007237
logistic_3feat,6bba_474be664,6bba_474be664:205,union|6bba_474be664:205|102,0,0.06208668332323333
logistic_3feat,6bba_474be664,6bba_474be664:205,union|6bba_474be664:205|103,0,0.01688469227865185
logistic_3feat,6bba_474be664,6bba_474be664:205,union|6bba_474be664:205|104,0,0.006901077948776888
logistic_3feat,6bba_474be664,6bba_474be664:205,union|6bba_474be664:205|105,0,0.3761551065125131
logistic_3feat,6bba_474be664,6bba_474be664:205,union|6bba_474be664:205|106,0,0.48182983094003373
logistic_3feat,6bba_474be664,6bba_474be664:205,union|6bba_474be664:205|107,0,0.5219825009614437
logistic_3feat,6bba_474be664,6bba_474be664:205,union|6bba_474be664:205|108,0,0.4319311730707862
logistic_3feat,6bba_474be664,6bba_474be664:205,union|6bba_474be664:205|109,0,0.012057169260180448
logistic_3feat,6bba_474be664,6bba_474be664:205,union|6bba_474be664:205|110,0,0.012256641716099654
logistic_3feat,6bba_474be664,6bba_474be664:205,union|6bba_474be664:205|111,0,0.3155681128395252
logistic_3feat,6bba_474be664,6bba_474be664:205,union|6bba_474be664:205|112,0,0.6178252341017445
logistic_3feat,6bba_474be664,6bba_474be664:205,union|6bba_474be664:205|113,0,0.6369319473175266
logistic_3feat,6bba_474be664,6bba_474be664:205,union|6bba_474be664:205|114,0,0.6822556286876855
logistic_3feat,6bba_474be664,6bba_474be664:205,union|6bba_474be664:205|115,0,0.08094911708382534
logistic_3feat,6bba_474be664,6bba_474be664:205,union|6bba_474be664:205|116,0,0.048730502725046775
logistic_3feat,6bba_474be664,6bba_474be664:205,union|6bba_474be664:205|117,0,0.01724258309828954
logistic_3feat,6bba_474be664,6bba_474be664:205,union|6bba_474be664:205|118,0,0.34661322996283733
logistic_3feat,6bba_474be664,6bba_474be664:205,union|6bba_474be664:205|119,0,0.27792797502128175
logistic_3feat,6bba_474be664,6bba_474be664:205,union|6bba_474be664:205|120,0,0.37198344254862875
logistic_3feat,6bba_474be664,6bba_474be664:205,union|6bba_474be664:205|121,0,0.08725125463345304
logistic_3feat,6bba_474be664,6bba_474be664:205,union|6bba_474be664:205|122,0,0.022363913369644366
logistic_3feat,6bba_474be664,6bba_474be664:205,union|6bba_474be664:205|123,0,0.05324438314877686
logistic_3feat,6bba_474be664,6bba_474be664:205,union|6bba_474be664:205|124,0,0.01861496641856377
logistic_3feat,6bba_474be664,6bba_474be664:205,union|6bba_474be664:205|125,0,0.7453180141461749
logistic_3feat,6bba_474be664,6bba_474be664:205,union|6bba_474be664:205|126,0,0.8247221222977451
logistic_3feat,6bba_474be664,6bba_474be664:205,union|6bba_474be664:205|127,0,0.07082788154837139
logistic_3feat,6bba_474be664,6bba_474be664:205,union|6bba_474be664:205|128,0,0.02019112296815238
logistic_3feat,6bba_474be664,6bba_474be664:205,union|6bba_474be664:205|129,0,0.04695821568829015
logistic_3feat,6bba_474be664,6bba_474be664:205,union|6bba_474be664:205|130,0,0.01867950682637073
logistic_3feat,6bba_474be664,6bba_474be664:205,union|6bba_474be664:205|131,0,0.008050959060922937
logistic_3feat,6bba_474be664,6bba_474be664:205,union|6bba_474be664:205|132,0,0.7438379558573391
logistic_3feat,6bba_474be664,6bba_474be664:205,union|6bba_474be664:205|133,0,0.06425024587554189
logistic_3feat,6bba_474be664,6bba_474be664:205,union|6bba_474be664:205|134,0,0.017469234002311134
logistic_3feat,6bba_474be664,6bba_474be664:205,union|6bba_474be664:205|135,0,0.010729964152032923
logistic_3feat,6bba_474be664,6bba_474be664:205,union|6bba_474be664:205|136,0,0.09475091174708698
logistic_3feat,6bba_474be664,6bba_474be664:205,union|6bba_474be664:205|137,0,0.01772259459756258
logistic_3feat,6bba_474be664,6bba_474be664:205,union|6bba_474be664:205|138,0,0.04653585314136722
logistic_3feat,6bba_474be664,6bba_474be664:205,union|6bba_474be664:205|139,0,0.024517240987413893
logistic_3feat,6bba_474be664,6bba_474be664:205,union|6bba_474be664:205|140,0,0.006962395718507126
logistic_3feat,6bba_474be664,6bba_474be664:205,union|6bba_474be664:205|141,0,0.014920616383147539
logistic_3feat,6bba_474be664,6bba_474be664:205,union|6bba_474be664:205|142,0,0.004254680012835258
logistic_3feat,6bba_474be664,6bba_474be664:205,union|6bba_474be664:205|143,0,0.0008154363450419625
logistic_3feat,6bba_5c039895,6bba_5c039895:121,union|6bba_5c039895:121|0,0,0.14865044737412397
logistic_3feat,6bba_5c039895,6bba_5c039895:121,union|6bba_5c039895:121|1,0,0.11532879008559982
logistic_3feat,6bba_5c039895,6bba_5c039895:121,union|6bba_5c039895:121|2,0,0.19654027316927705
logistic_3feat,6bba_5c039895,6bba_5c039895:121,union|6bba_5c039895:121|3,0,0.22327700101993272
logistic_3feat,6bba_5c039895,6bba_5c039895:121,union|6bba_5c039895:121|4,0,0.1805850073302193
logistic_3feat,6bba_5c039895,6bba_5c039895:121,union|6bba_5c039895:121|5,0,0.2285863523403492
logistic_3feat,6bba_5c039895,6bba_5c039895:121,union|6bba_5c039895:121|6,0,0.6565635412655435
logistic_3feat,6bba_5c039895,6bba_5c039895:121,union|6bba_5c039895:121|7,1,0.9913038976509766
logistic_3feat,6bba_5c039895,6bba_5c039895:121,union|6bba_5c039895:121|8,0,0.18446933212179642
logistic_3feat,6bba_5c039895,6bba_5c039895:121,union|6bba_5c039895:121|9,0,0.7043063318559217
logistic_3feat,6bba_5c039895,6bba_5c039895:121,union|6bba_5c039895:121|10,0,0.2619627186524251
logistic_3feat,6bba_5c039895,6bba_5c039895:121,union|6bba_5c039895:121|11,0,0.22012346206551167
logistic_3feat,6bba_5c039895,6bba_5c039895:680,union|6bba_5c039895:680|0,0,0.06041567255262262
logistic_3feat,6bba_5c039895,6bba_5c039895:680,union|6bba_5c039895:680|1,0,0.764818946452815
logistic_3feat,6bba_5c039895,6bba_5c039895:680,union|6bba_5c039895:680|2,0,0.7877096224612627
logistic_3feat,6bba_5c039895,6bba_5c039895:680,union|6bba_5c039895:680|3,0,0.04534880378902573
logistic_3feat,6bba_5c039895,6bba_5c039895:680,union|6bba_5c039895:680|4,0,0.04043195904202135
logistic_3feat,6bba_5c039895,6bba_5c039895:680,union|6bba_5c039895:680|5,1,0.970781509423953
logistic_3feat,6bba_5c039895,6bba_5c039895:680,union|6bba_5c039895:680|6,0,0.21184320058039915
logistic_3feat,6bba_5c039895,6bba_5c039895:680,union|6bba_5c039895:680|7,0,0.19654027316927705
logistic_3feat,6bba_705ec2c9,6bba_705ec2c9:250,union|6bba_705ec2c9:250|0,0,0.43602547785322304
logistic_3feat,6bba_705ec2c9,6bba_705ec2c9:250,union|6bba_705ec2c9:250|1,0,0.4306657799059372
logistic_3feat,6bba_705ec2c9,6bba_705ec2c9:250,union|6bba_705ec2c9:250|2,0,0.39727051689776954
logistic_3feat,6bba_705ec2c9,6bba_705ec2c9:250,union|6bba_705ec2c9:250|3,0,0.13634714269695275
logistic_3feat,6bba_705ec2c9,6bba_705ec2c9:250,union|6bba_705ec2c9:250|4,0,0.9569616925664578
logistic_3feat,6bba_705ec2c9,6bba_705ec2c9:250,union|6bba_705ec2c9:250|5,0,0.9695913861807396
logistic_3feat,6bba_705ec2c9,6bba_705ec2c9:250,union|6bba_705ec2c9:250|6,0,0.6386305843980579
logistic_3feat,6bba_705ec2c9,6bba_705ec2c9:250,union|6bba_705ec2c9:250|7,0,0.115228718471561
logistic_3feat,6bba_705ec2c9,6bba_705ec2c9:250,union|6bba_705ec2c9:250|8,1,0.9591448281040892
logistic_3feat,6bba_705ec2c9,6bba_705ec2c9:250,union|6bba_705ec2c9:250|9,0,0.6781494892768075
logistic_3feat,6bba_705ec2c9,6bba_705ec2c9:250,union|6bba_705ec2c9:250|10,0,0.11530863636413292
logistic_3feat,6bba_705ec2c9,6bba_705ec2c9:250,union|6bba_705ec2c9:250|11,0,0.6259775106326569
logistic_3feat,6bba_705ec2c9,6bba_705ec2c9:250,union|6bba_705ec2c9:250|12,0,0.1426263985503632
logistic_3feat,6bba_705ec2c9,6bba_705ec2c9:250,union|6bba_705ec2c9:250|13,0,0.014511556213721057
logistic_3feat,6bba_7af54fde,6bba_7af54fde:556,union|6bba_7af54fde:556|0,0,0.08007193783422313
logistic_3feat,6bba_7af54fde,6bba_7af54fde:556,union|6bba_7af54fde:556|1,1,0.25586737814468513
logistic_3feat,6bba_7af54fde,6bba_7af54fde:556,union|6bba_7af54fde:556|2,0,0.1946235695462435
logistic_3feat,6bba_7af54fde,6bba_7af54fde:556,union|6bba_7af54fde:556|3,0,0.09519855502747043
logistic_3feat,6bba_7af54fde,6bba_7af54fde:556,union|6bba_7af54fde:556|4,0,0.3098046129825863
logistic_3feat,6bba_7af54fde,6bba_7af54fde:556,union|6bba_7af54fde:556|5,0,0.22626286622887395
logistic_3feat,6bba_7af54fde,6bba_7af54fde:556,union|6bba_7af54fde:556|6,0,0.15586657022287148
logistic_3feat,6bba_7af54fde,6bba_7af54fde:556,union|6bba_7af54fde:556|7,0,0.06426350827746685
logistic_3feat,6bba_7af54fde,6bba_7af54fde:556,union|6bba_7af54fde:556|8,0,0.3029788878819297
logistic_3feat,6bba_7af54fde,6bba_7af54fde:556,union|6bba_7af54fde:556|9,0,0.21757310052434986
logistic_3feat,6bba_7af54fde,6bba_7af54fde:556,union|6bba_7af54fde:556|10,0,0.17046912962545296
logistic_3feat,6bba_7af54fde,6bba_7af54fde:556,union|6bba_7af54fde:556|11,0,0.04564445124636345
logistic_3feat,6bba_7af54fde,6bba_7af54fde:556,union|6bba_7af54fde:556|12,0,0.2162778901217106
logistic_3feat,6bba_7af54fde,6bba_7af54fde:556,union|6bba_7af54fde:556|13,0,0.2726237502707249
logistic_3feat,6bba_7af54fde,6bba_7af54fde:556,union|6bba_7af54fde:556|14,0,0.16794967642957015
logistic_3feat,6bba_7af54fde,6bba_7af54fde:556,union|6bba_7af54fde:556|15,0,0.041170156160866105
logistic_3feat,6bba_7af54fde,6bba_7af54fde:556,union|6bba_7af54fde:556|16,0,0.13209425560898533
logistic_3feat,6bba_7af54fde,6bba_7af54fde:556,union|6bba_7af54fde:556|17,0,0.11568838330657057
logistic_3feat,6bba_7af54fde,6bba_7af54fde:590,union|6bba_7af54fde:590|0,0,0.08810824312181642
logistic_3feat,6bba_7af54fde,6bba_7af54fde:590,union|6bba_7af54fde:590|1,0,0.11520385075458366
logistic_3feat,6bba_7af54fde,6bba_7af54fde:590,union|6bba_7af54fde:590|2,0,0.10938804321902243
logistic_3feat,6bba_7af54fde,6bba_7af54fde:590,union|6bba_7af54fde:590|3,0,0.08441362646811795
logistic_3feat,6bba_7af54fde,6bba_7af54fde:590,union|6bba_7af54fde:590|4,0,0.008448933822611285
logistic_3feat,6bba_7af54fde,6bba_7af54fde:590,union|6bba_7af54fde:590|5,0,0.008011616314296217
logistic_3feat,6bba_7af54fde,6bba_7af54fde:590,union|6bba_7af54fde:590|6,0,0.7366842085075439
logistic_3feat,6bba_7af54fde,6bba_7af54fde:590,union|6bba_7af54fde:590|7,0,0.7437968917596606
logistic_3feat,6bba_7af54fde,6bba_7af54fde:590,union|6bba_7af54fde:590|8,0,0.5651675618621799
logistic_3feat,6bba_7af54fde,6bba_7af54fde:590,union|6bba_7af54fde:590|9,0,0.11150530493341064
logistic_3feat,6bba_7af54fde,6bba_7af54fde:590,union|6bba_7af54fde:590|10,1,0.1507318719542905
logistic_3feat,6bba_7af54fde,6bba_7af54fde:590,union|6bba_7af54fde:590|11,0,0.029728073862586323
logistic_3feat,6bba_7af54fde,6bba_7af54fde:590,union|6bba_7af54fde:590|12,0,0.9128659977289885
logistic_3feat,6bba_7af54fde,6bba_7af54fde:590,union|6bba_7af54fde:590|13,0,0.5630074469635172
logistic_3feat,6bba_7af54fde,6bba_7af54fde:590,union|6bba_7af54fde:590|14,0,0.352932559241328
logistic_3feat,6bba_7af54fde,6bba_7af54fde:590,union|6bba_7af54fde:590|15,0,0.11520385075458366
logistic_3feat,6bba_7af54fde,6bba_7af54fde:590,union|6bba_7af54fde:590|16,0,0.9966279663067941
logistic_3feat,6bba_7af54fde,6bba_7af54fde:590,union|6bba_7af54fde:590|17,0,0.05990710084252092
logistic_3feat,6bba_7af54fde,6bba_7af54fde:590,union|6bba_7af54fde:590|18,0,0.7221456120253361
logistic_3feat,6bba_7af54fde,6bba_7af54fde:590,union|6bba_7af54fde:590|19,0,0.30823234654587095
logistic_3feat,6bba_7af54fde,6bba_7af54fde:590,union|6bba_7af54fde:590|20,0,0.09471357924035019
logistic_3feat,6bba_7af54fde,6bba_7af54fde:590,union|6bba_7af54fde:590|21,0,0.41292111383196556
logistic_3feat,6bba_7af54fde,6bba_7af54fde:590,union|6bba_7af54fde:590|22,0,0.03036677653235794
logistic_3feat,6bba_7af54fde,6bba_7af54fde:590,union|6bba_7af54fde:590|23,0,0.2941114331142221
logistic_3feat,6bba_7af54fde,6bba_7af54fde:590,union|6bba_7af54fde:590|24,0,0.10098608924458835
logistic_3feat,6bba_7af54fde,6bba_7af54fde:590,union|6bba_7af54fde:590|25,0,0.07918136842266003
logistic_3feat,6bba_7af54fde,6bba_7af54fde:590,union|6bba_7af54fde:590|26,0,0.09804932688591254
logistic_3feat,6bba_7af54fde,6bba_7af54fde:590,union|6bba_7af54fde:590|27,0,0.03444078528789856
logistic_3feat,6bba_7af54fde,6bba_7af54fde:590,union|6bba_7af54fde:590|28,0,0.02045567862508325
logistic_3feat,6bba_7af54fde,6bba_7af54fde:590,union|6bba_7af54fde:590|29,0,0.008060608340521153
logistic_3feat,6bba_7af54fde,6bba_7af54fde:590,union|6bba_7af54fde:590|30,0,0.003926070802008159
logistic_3feat,6bba_907271db,6bba_907271db:902,union|6bba_907271db:902|0,1,0.8196750103902359
logistic_3feat,6bba_afb141ff,6bba_afb141ff:115,union|6bba_afb141ff:115|0,1,0.6783468730973975
logistic_3feat,6bba_afb141ff,6bba_afb141ff:115,union|6bba_afb141ff:115|1,0,0.6816334137784945
logistic_3feat,6bba_afb141ff,6bba_afb141ff:115,union|6bba_afb141ff:115|2,0,0.09702566842502305
logistic_3feat,6bba_afb141ff,6bba_afb141ff:115,union|6bba_afb141ff:115|3,0,0.6413222171096207
logistic_3feat,6bba_afb141ff,6bba_afb141ff:115,union|6bba_afb141ff:115|4,0,0.9100146663270413
logistic_3feat,6bba_afb141ff,6bba_afb141ff:115,union|6bba_afb141ff:115|5,0,0.08139871040076678
logistic_3feat,6bba_afb141ff,6bba_afb141ff:115,union|6bba_afb141ff:115|6,0,0.9321181320483134
logistic_3feat,6bba_afb141ff,6bba_afb141ff:115,union|6bba_afb141ff:115|7,0,0.5269526238984339
logistic_3feat,6bba_afb141ff,6bba_afb141ff:115,union|6bba_afb141ff:115|8,0,0.11402171417251471
logistic_3feat,6bba_afb141ff,6bba_afb141ff:115,union|6bba_afb141ff:115|9,0,0.08913753051252024
logistic_3feat,6bba_afb141ff,6bba_afb141ff:115,union|6bba_afb141ff:115|10,0,0.911483860032677
logistic_3feat,6bba_afb141ff,6bba_afb141ff:115,union|6bba_afb141ff:115|11,0,0.508041043646829
logistic_3feat,6bba_afb141ff,6bba_afb141ff:115,union|6bba_afb141ff:115|12,0,0.0895140983889536
logistic_3feat,6bba_afb141ff,6bba_afb141ff:115,union|6bba_afb141ff:115|13,0,0.08713924508058628
logistic_3feat,6bba_afb141ff,6bba_afb141ff:115,union|6bba_afb141ff:115|14,0,0.08242520750889505
logistic_3feat,6bba_afb141ff,6bba_afb141ff:115,union|6bba_afb141ff:115|15,0,0.6011397878536231
logistic_3feat,6bba_afb141ff,6bba_afb141ff:115,union|6bba_afb141ff:115|16,0,0.09765265737848682
logistic_3feat,6bba_afb141ff,6bba_afb141ff:115,union|6bba_afb141ff:115|17,0,0.09189357265964025
logistic_3feat,6bba_afb141ff,6bba_afb141ff:304,union|6bba_afb141ff:304|0,0,0.10363114950303272
logistic_3feat,6bba_afb141ff,6bba_afb141ff:304,union|6bba_afb141ff:304|1,1,0.6492886684017802
logistic_3feat,6bba_afb141ff,6bba_afb141ff:304,union|6bba_afb141ff:304|2,0,0.024702159377107583
logistic_3feat,6bba_afb141ff,6bba_afb141ff:304,union|6bba_afb141ff:304|3,0,0.12467267555141241
logistic_3feat,6bba_afb141ff,6bba_afb141ff:304,union|6bba_afb141ff:304|4,0,0.02076414034685468
logistic_3feat,6bba_afb141ff,6bba_afb141ff:304,union|6bba_afb141ff:304|5,0,0.02260974339146472
logistic_3feat,6bba_d1acb6ff,6bba_d1acb6ff:414,union|6bba_d1acb6ff:414|0,1,0.986918994016442
logistic_3feat,6bba_d1acb6ff,6bba_d1acb6ff:414,union|6bba_d1acb6ff:414|1,0,0.1047027672092954
logistic_3feat,6bba_d1acb6ff,6bba_d1acb6ff:414,union|6bba_d1acb6ff:414|2,0,0.5316541629717838
logistic_3feat,6bba_d1acb6ff,6bba_d1acb6ff:414,union|6bba_d1acb6ff:414|3,0,0.7680535418022351
logistic_3feat,6bba_d1acb6ff,6bba_d1acb6ff:414,union|6bba_d1acb6ff:414|4,0,0.2794886893530603
logistic_3feat,6bba_d1acb6ff,6bba_d1acb6ff:414,union|6bba_d1acb6ff:414|5,0,0.01756901306422876
logistic_3feat,6bba_d1acb6ff,6bba_d1acb6ff:414,union|6bba_d1acb6ff:414|6,0,0.10340127551861737
logistic_3feat,6bba_d1acb6ff,6bba_d1acb6ff:414,union|6bba_d1acb6ff:414|7,0,0.3302301037679952
logistic_3feat,6bba_d1acb6ff,6bba_d1acb6ff:414,union|6bba_d1acb6ff:414|8,0,0.14284377596558837
logistic_3feat,6bba_d1acb6ff,6bba_d1acb6ff:414,union|6bba_d1acb6ff:414|9,0,0.6040985982352106
logistic_3feat,6bba_d1acb6ff,6bba_d1acb6ff:414,union|6bba_d1acb6ff:414|10,0,0.7740754118701543
logistic_3feat,6bba_d1acb6ff,6bba_d1acb6ff:414,union|6bba_d1acb6ff:414|11,0,0.3148958733679712
logistic_3feat,6bba_d1acb6ff,6bba_d1acb6ff:414,union|6bba_d1acb6ff:414|12,0,0.014488735158542486
logistic_3feat,6bba_d1acb6ff,6bba_d1acb6ff:414,union|6bba_d1acb6ff:414|13,0,0.08496211094937546
logistic_3feat,6bba_d1acb6ff,6bba_d1acb6ff:414,union|6bba_d1acb6ff:414|14,0,0.3557441157306056
logistic_3feat,6bba_d1acb6ff,6bba_d1acb6ff:414,union|6bba_d1acb6ff:414|15,0,0.17144366326466592
logistic_3feat,6bba_d1acb6ff,6bba_d1acb6ff:414,union|6bba_d1acb6ff:414|16,0,0.10348223331389729
logistic_3feat,6bba_d1acb6ff,6bba_d1acb6ff:414,union|6bba_d1acb6ff:414|17,0,0.1263053180927227
logistic_3feat,6bba_d1acb6ff,6bba_d1acb6ff:414,union|6bba_d1acb6ff:414|18,0,0.018111566285945995
logistic_3feat,6bba_d1acb6ff,6bba_d1acb6ff:414,union|6bba_d1acb6ff:414|19,0,0.5552291541115821
logistic_3feat,6bba_d1acb6ff,6bba_d1acb6ff:414,union|6bba_d1acb6ff:414|20,0,0.39059335204368884
logistic_3feat,6bba_d1acb6ff,6bba_d1acb6ff:414,union|6bba_d1acb6ff:414|21,0,0.17537512888379106
logistic_3feat,6bba_d1acb6ff,6bba_d1acb6ff:414,union|6bba_d1acb6ff:414|22,0,0.32382789588868754
logistic_3feat,6bba_d1acb6ff,6bba_d1acb6ff:414,union|6bba_d1acb6ff:414|23,0,0.40674172601139286
logistic_3feat,6bba_d1acb6ff,6bba_d1acb6ff:414,union|6bba_d1acb6ff:414|24,0,0.07914039794143264
logistic_3feat,6bba_d1acb6ff,6bba_d1acb6ff:414,union|6bba_d1acb6ff:414|25,0,0.0035473388197624963
logistic_3feat,6bba_e16ffc58,6bba_e16ffc58:331,union|6bba_e16ffc58:331|0,0,0.9358363638353797
logistic_3feat,6bba_e16ffc58,6bba_e16ffc58:331,union|6bba_e16ffc58:331|1,0,0.263225643244968
logistic_3feat,6bba_e16ffc58,6bba_e16ffc58:331,union|6bba_e16ffc58:331|2,0,0.9953595456144295
logistic_3feat,6bba_e16ffc58,6bba_e16ffc58:331,union|6bba_e16ffc58:331|3,0,0.9722909546357753
logistic_3feat,6bba_e16ffc58,6bba_e16ffc58:331,union|6bba_e16ffc58:331|4,0,0.27183777028657546
logistic_3feat,6bba_e16ffc58,6bba_e16ffc58:331,union|6bba_e16ffc58:331|5,0,0.1659742107852551
logistic_3feat,6bba_e16ffc58,6bba_e16ffc58:331,union|6bba_e16ffc58:331|6,0,0.7410087048853948
logistic_3feat,6bba_e16ffc58,6bba_e16ffc58:331,union|6bba_e16ffc58:331|7,0,0.33770693158681897
logistic_3feat,6bba_e16ffc58,6bba_e16ffc58:331,union|6bba_e16ffc58:331|8,1,0.9196091082501464
logistic_3feat,6bba_e16ffc58,6bba_e16ffc58:331,union|6bba_e16ffc58:331|9,0,0.9165158621744566
logistic_3feat,6bba_e16ffc58,6bba_e16ffc58:331,union|6bba_e16ffc58:331|10,0,0.2535872729899442
logistic_3feat,6bba_e16ffc58,6bba_e16ffc58:331,union|6bba_e16ffc58:331|11,0,0.1345935403231254
logistic_3feat,6bba_e16ffc58,6bba_e16ffc58:331,union|6bba_e16ffc58:331|12,0,0.6278002860175658
logistic_3feat,6bba_e16ffc58,6bba_e16ffc58:331,union|6bba_e16ffc58:331|13,0,0.21770349540944242
logistic_3feat,6bba_e16ffc58,6bba_e16ffc58:331,union|6bba_e16ffc58:331|14,0,0.22141133273801347
logistic_3feat,6bba_e16ffc58,6bba_e16ffc58:331,union|6bba_e16ffc58:331|15,0,0.039315303150868945
logistic_3feat,6bba_e16ffc58,6bba_e16ffc58:331,union|6bba_e16ffc58:331|16,0,0.04001993572748452
logistic_3feat,6bba_e16ffc58,6bba_e16ffc58:331,union|6bba_e16ffc58:331|17,0,0.04177012894490301
logistic_3feat,6bba_e16ffc58,6bba_e16ffc58:331,union|6bba_e16ffc58:331|18,0,0.9732760945797622
logistic_3feat,6bba_e16ffc58,6bba_e16ffc58:331,union|6bba_e16ffc58:331|19,0,0.2571842922773071
logistic_3feat,6bba_e16ffc58,6bba_e16ffc58:331,union|6bba_e16ffc58:331|20,0,0.15057656777353778
logistic_3feat,6bba_e16ffc58,6bba_e16ffc58:331,union|6bba_e16ffc58:331|21,0,0.7299761135391453
logistic_3feat,6bba_e16ffc58,6bba_e16ffc58:331,union|6bba_e16ffc58:331|22,0,0.2507904350076311
logistic_3feat,6bba_e16ffc58,6bba_e16ffc58:331,union|6bba_e16ffc58:331|23,0,0.10179265224661091
logistic_3feat,6bba_e16ffc58,6bba_e16ffc58:331,union|6bba_e16ffc58:331|24,0,0.738596116325834
logistic_3feat,6bba_e16ffc58,6bba_e16ffc58:331,union|6bba_e16ffc58:331|25,0,0.02276647753981917
logistic_3feat,6bba_e16ffc58,6bba_e16ffc58:331,union|6bba_e16ffc58:331|26,0,0.07574553298972442
logistic_3feat,6bba_e16ffc58,6bba_e16ffc58:331,union|6bba_e16ffc58:331|27,0,0.022034236561731417
logistic_3feat,6bba_fe670320,6bba_fe670320:4,union|6bba_fe670320:4|0,1,0.9667388320092251
logistic_3feat,6bba_fe670320,6bba_fe670320:4,union|6bba_fe670320:4|1,0,0.9727964622077907
logistic_3feat,6bba_fe670320,6bba_fe670320:4,union|6bba_fe670320:4|2,0,0.9823836995235462
logistic_3feat,6bba_fe670320,6bba_fe670320:519,union|6bba_fe670320:519|0,0,0.15551464696027517
logistic_3feat,6bba_fe670320,6bba_fe670320:519,union|6bba_fe670320:519|1,0,0.10249990767405348
logistic_3feat,6bba_fe670320,6bba_fe670320:519,union|6bba_fe670320:519|2,0,0.24477320235060465
logistic_3feat,6bba_fe670320,6bba_fe670320:519,union|6bba_fe670320:519|3,1,0.955820556032982
logistic_3feat,6bba_fe670320,6bba_fe670320:519,union|6bba_fe670320:519|4,0,0.9153008689748338
logistic_3feat,6bba_fe670320,6bba_fe670320:519,union|6bba_fe670320:519|5,0,0.31784920224977514
logistic_3feat,6bba_fe670320,6bba_fe670320:519,union|6bba_fe670320:519|6,0,0.24408440801543246
logistic_3feat,6bba_fe670320,6bba_fe670320:519,union|6bba_fe670320:519|7,0,0.9172823093027405
logistic_rich,44b6_2a2eff9f,44b6_2a2eff9f:13,union|44b6_2a2eff9f:13|0,0,0.21864298930608103
logistic_rich,44b6_2a2eff9f,44b6_2a2eff9f:13,union|44b6_2a2eff9f:13|1,0,0.3766079937958981
logistic_rich,44b6_2a2eff9f,44b6_2a2eff9f:13,union|44b6_2a2eff9f:13|2,0,0.6186160509877513
logistic_rich,44b6_2a2eff9f,44b6_2a2eff9f:13,union|44b6_2a2eff9f:13|3,0,0.41376071166177925
logistic_rich,44b6_2a2eff9f,44b6_2a2eff9f:13,union|44b6_2a2eff9f:13|4,0,0.41714810182502676
logistic_rich,44b6_2a2eff9f,44b6_2a2eff9f:13,union|44b6_2a2eff9f:13|5,0,0.9215361476373594
logistic_rich,44b6_2a2eff9f,44b6_2a2eff9f:13,union|44b6_2a2eff9f:13|6,0,0.3078956964242174
logistic_rich,44b6_2a2eff9f,44b6_2a2eff9f:13,union|44b6_2a2eff9f:13|7,0,0.011156497093415575
logistic_rich,44b6_2a2eff9f,44b6_2a2eff9f:13,union|44b6_2a2eff9f:13|8,0,0.0034963474638513153
logistic_rich,44b6_2a2eff9f,44b6_2a2eff9f:13,union|44b6_2a2eff9f:13|9,0,0.7437293561235997
logistic_rich,44b6_2a2eff9f,44b6_2a2eff9f:13,union|44b6_2a2eff9f:13|10,0,0.48550839757927516
logistic_rich,44b6_2a2eff9f,44b6_2a2eff9f:13,union|44b6_2a2eff9f:13|11,0,0.6757239169839053
logistic_rich,44b6_2a2eff9f,44b6_2a2eff9f:13,union|44b6_2a2eff9f:13|12,0,0.19809880249300063
logistic_rich,44b6_2a2eff9f,44b6_2a2eff9f:13,union|44b6_2a2eff9f:13|13,0,0.39736959307934944
logistic_rich,44b6_2a2eff9f,44b6_2a2eff9f:13,union|44b6_2a2eff9f:13|14,0,0.006520780267366325
logistic_rich,44b6_2a2eff9f,44b6_2a2eff9f:13,union|44b6_2a2eff9f:13|15,0,0.010154488130740054
logistic_rich,44b6_2a2eff9f,44b6_2a2eff9f:13,union|44b6_2a2eff9f:13|16,0,0.45466240051163354
logistic_rich,44b6_2a2eff9f,44b6_2a2eff9f:13,union|44b6_2a2eff9f:13|17,0,0.5980520576283702
logistic_rich,44b6_2a2eff9f,44b6_2a2eff9f:13,union|44b6_2a2eff9f:13|18,0,0.12126872797020949
logistic_rich,44b6_2a2eff9f,44b6_2a2eff9f:13,union|44b6_2a2eff9f:13|19,0,0.7288545524332749
logistic_rich,44b6_2a2eff9f,44b6_2a2eff9f:13,union|44b6_2a2eff9f:13|20,0,0.4050476965500415
logistic_rich,44b6_2a2eff9f,44b6_2a2eff9f:13,union|44b6_2a2eff9f:13|21,0,0.9397232769285934
logistic_rich,44b6_2a2eff9f,44b6_2a2eff9f:13,union|44b6_2a2eff9f:13|22,0,0.0062764513341801945
logistic_rich,44b6_2a2eff9f,44b6_2a2eff9f:13,union|44b6_2a2eff9f:13|23,0,0.09285338964509086
logistic_rich,44b6_2a2eff9f,44b6_2a2eff9f:13,union|44b6_2a2eff9f:13|24,0,0.005483024061666305
logistic_rich,44b6_2a2eff9f,44b6_2a2eff9f:13,union|44b6_2a2eff9f:13|25,0,0.2862154167730715
logistic_rich,44b6_2a2eff9f,44b6_2a2eff9f:13,union|44b6_2a2eff9f:13|26,0,0.3005042093699121
logistic_rich,44b6_2a2eff9f,44b6_2a2eff9f:13,union|44b6_2a2eff9f:13|27,0,0.6400901410281271
logistic_rich,44b6_2a2eff9f,44b6_2a2eff9f:13,union|44b6_2a2eff9f:13|28,0,0.08197947061146896
logistic_rich,44b6_2a2eff9f,44b6_2a2eff9f:13,union|44b6_2a2eff9f:13|29,0,0.1648972663646164
logistic_rich,44b6_2a2eff9f,44b6_2a2eff9f:13,union|44b6_2a2eff9f:13|30,0,0.014254912895376773
logistic_rich,44b6_2a2eff9f,44b6_2a2eff9f:13,union|44b6_2a2eff9f:13|31,0,0.008687237255684967
logistic_rich,44b6_2a2eff9f,44b6_2a2eff9f:13,union|44b6_2a2eff9f:13|32,0,0.0028732429158011942
logistic_rich,44b6_2a2eff9f,44b6_2a2eff9f:13,union|44b6_2a2eff9f:13|33,0,0.33735602061433106
logistic_rich,44b6_2a2eff9f,44b6_2a2eff9f:13,union|44b6_2a2eff9f:13|34,1,0.7117344645301069
logistic_rich,44b6_2a2eff9f,44b6_2a2eff9f:13,union|44b6_2a2eff9f:13|35,0,0.005926744518725029
logistic_rich,44b6_2a2eff9f,44b6_2a2eff9f:13,union|44b6_2a2eff9f:13|36,0,0.021883276689142195
logistic_rich,44b6_2a2eff9f,44b6_2a2eff9f:13,union|44b6_2a2eff9f:13|37,0,0.6875811732552005
logistic_rich,44b6_2a2eff9f,44b6_2a2eff9f:13,union|44b6_2a2eff9f:13|38,0,0.0559916761911553
logistic_rich,44b6_2a2eff9f,44b6_2a2eff9f:13,union|44b6_2a2eff9f:13|39,0,0.08950644924432374
logistic_rich,44b6_2a2eff9f,44b6_2a2eff9f:13,union|44b6_2a2eff9f:13|40,0,0.01237343407470359
logistic_rich,44b6_2a2eff9f,44b6_2a2eff9f:13,union|44b6_2a2eff9f:13|41,0,0.062307069282117655
logistic_rich,44b6_2a2eff9f,44b6_2a2eff9f:13,union|44b6_2a2eff9f:13|42,0,0.8075269866114798
logistic_rich,44b6_2a2eff9f,44b6_2a2eff9f:13,union|44b6_2a2eff9f:13|43,0,0.06711980037745258
logistic_rich,44b6_2a2eff9f,44b6_2a2eff9f:13,union|44b6_2a2eff9f:13|44,0,0.004450455749125501
logistic_rich,44b6_2a2eff9f,44b6_2a2eff9f:13,union|44b6_2a2eff9f:13|45,0,0.19241429691786852
logistic_rich,44b6_2a2eff9f,44b6_2a2eff9f:13,union|44b6_2a2eff9f:13|46,0,0.004385974849922309
logistic_rich,44b6_2a2eff9f,44b6_2a2eff9f:13,union|44b6_2a2eff9f:13|47,0,0.002923688802534487
logistic_rich,44b6_2a2eff9f,44b6_2a2eff9f:13,union|44b6_2a2eff9f:13|48,0,0.042499490625204674
logistic_rich,44b6_2a2eff9f,44b6_2a2eff9f:13,union|44b6_2a2eff9f:13|49,0,0.01131927844939846
logistic_rich,44b6_2a2eff9f,44b6_2a2eff9f:13,union|44b6_2a2eff9f:13|50,0,0.248087354893047
logistic_rich,44b6_2a2eff9f,44b6_2a2eff9f:13,union|44b6_2a2eff9f:13|51,0,0.009528601365656341
logistic_rich,44b6_2a2eff9f,44b6_2a2eff9f:13,union|44b6_2a2eff9f:13|52,0,0.0028760440432873836
logistic_rich,44b6_2a2eff9f,44b6_2a2eff9f:13,union|44b6_2a2eff9f:13|53,0,0.0030872618811684602
logistic_rich,44b6_587a1e22,44b6_587a1e22:24,union|44b6_587a1e22:24|0,0,0.042378023818068086
logistic_rich,44b6_587a1e22,44b6_587a1e22:24,union|44b6_587a1e22:24|1,0,0.08942838220489585
logistic_rich,44b6_587a1e22,44b6_587a1e22:24,union|44b6_587a1e22:24|2,0,0.017835182140546718
logistic_rich,44b6_587a1e22,44b6_587a1e22:24,union|44b6_587a1e22:24|3,0,0.027286539787437926
logistic_rich,44b6_587a1e22,44b6_587a1e22:24,union|44b6_587a1e22:24|4,0,0.017368859477018484
logistic_rich,44b6_587a1e22,44b6_587a1e22:24,union|44b6_587a1e22:24|5,0,0.037963412713561094
logistic_rich,44b6_587a1e22,44b6_587a1e22:24,union|44b6_587a1e22:24|6,0,0.9632354152390034
logistic_rich,44b6_587a1e22,44b6_587a1e22:24,union|44b6_587a1e22:24|7,0,0.016087418210839022
logistic_rich,44b6_587a1e22,44b6_587a1e22:24,union|44b6_587a1e22:24|8,0,0.9921966856427116
logistic_rich,44b6_587a1e22,44b6_587a1e22:24,union|44b6_587a1e22:24|9,0,0.6868005501629084
logistic_rich,44b6_587a1e22,44b6_587a1e22:24,union|44b6_587a1e22:24|10,0,0.004191806278884227
logistic_rich,44b6_587a1e22,44b6_587a1e22:24,union|44b6_587a1e22:24|11,0,0.08857960873596925
logistic_rich,44b6_587a1e22,44b6_587a1e22:24,union|44b6_587a1e22:24|12,0,0.03918244025757488
logistic_rich,44b6_587a1e22,44b6_587a1e22:24,union|44b6_587a1e22:24|13,0,0.04111278439390899
logistic_rich,44b6_587a1e22,44b6_587a1e22:24,union|44b6_587a1e22:24|14,0,0.0009423109033051312
logistic_rich,44b6_587a1e22,44b6_587a1e22:24,union|44b6_587a1e22:24|15,0,0.02167293564763636
logistic_rich,44b6_587a1e22,44b6_587a1e22:24,union|44b6_587a1e22:24|16,0,0.0630440642568662
logistic_rich,44b6_587a1e22,44b6_587a1e22:24,union|44b6_587a1e22:24|17,0,0.05617549218966098
logistic_rich,44b6_587a1e22,44b6_587a1e22:24,union|44b6_587a1e22:24|18,1,0.8751907261519329
logistic_rich,44b6_587a1e22,44b6_587a1e22:24,union|44b6_587a1e22:24|19,0,0.4758777540830406
logistic_rich,44b6_587a1e22,44b6_587a1e22:24,union|44b6_587a1e22:24|20,0,0.056808858723598726
logistic_rich,44b6_587a1e22,44b6_587a1e22:24,union|44b6_587a1e22:24|21,0,0.3270891331750031
logistic_rich,44b6_587a1e22,44b6_587a1e22:24,union|44b6_587a1e22:24|22,0,0.008653498290709818
logistic_rich,44b6_587a1e22,44b6_587a1e22:24,union|44b6_587a1e22:24|23,0,0.019179462353918434
logistic_rich,44b6_587a1e22,44b6_587a1e22:24,union|44b6_587a1e22:24|24,0,0.005026991196681958
logistic_rich,44b6_587a1e22,44b6_587a1e22:24,union|44b6_587a1e22:24|25,0,0.012526354604942459
logistic_rich,44b6_587a1e22,44b6_587a1e22:24,union|44b6_587a1e22:24|26,0,0.00033044717994579767
logistic_rich,44b6_587a1e22,44b6_587a1e22:24,union|44b6_587a1e22:24|27,0,0.8430545735230832
logistic_rich,44b6_587a1e22,44b6_587a1e22:24,union|44b6_587a1e22:24|28,0,0.38596582519907935
logistic_rich,44b6_587a1e22,44b6_587a1e22:24,union|44b6_587a1e22:24|29,0,0.0024098768786295246
logistic_rich,44b6_587a1e22,44b6_587a1e22:24,union|44b6_587a1e22:24|30,0,0.4354501922425787
logistic_rich,44b6_587a1e22,44b6_587a1e22:24,union|44b6_587a1e22:24|31,0,0.33081706925736015
logistic_rich,44b6_587a1e22,44b6_587a1e22:24,union|44b6_587a1e22:24|32,0,0.06614992394027491
logistic_rich,44b6_587a1e22,44b6_587a1e22:24,union|44b6_587a1e22:24|33,0,0.05566118605767951
logistic_rich,44b6_587a1e22,44b6_587a1e22:24,union|44b6_587a1e22:24|34,0,0.004662633265572636
logistic_rich,44b6_587a1e22,44b6_587a1e22:24,union|44b6_587a1e22:24|35,0,0.0044295747437721345
logistic_rich,44b6_587a1e22,44b6_587a1e22:24,union|44b6_587a1e22:24|36,0,0.0006052961140331166
logistic_rich,44b6_5f15d135,44b6_5f15d135:103,union|44b6_5f15d135:103|0,0,0.052480776811460815
logistic_rich,44b6_5f15d135,44b6_5f15d135:103,union|44b6_5f15d135:103|1,0,0.20560727649772192
logistic_rich,44b6_5f15d135,44b6_5f15d135:103,union|44b6_5f15d135:103|2,0,0.037547634505593945
logistic_rich,44b6_5f15d135,44b6_5f15d135:103,union|44b6_5f15d135:103|3,0,0.005655414380028208
logistic_rich,44b6_5f15d135,44b6_5f15d135:103,union|44b6_5f15d135:103|4,0,0.05270642982074623
logistic_rich,44b6_5f15d135,44b6_5f15d135:103,union|44b6_5f15d135:103|5,0,0.04609175137397645
logistic_rich,44b6_5f15d135,44b6_5f15d135:103,union|44b6_5f15d135:103|6,0,0.014697069218678327
logistic_rich,44b6_5f15d135,44b6_5f15d135:103,union|44b6_5f15d135:103|7,0,0.0008639057144912561
logistic_rich,44b6_5f15d135,44b6_5f15d135:103,union|44b6_5f15d135:103|8,0,0.006425111377356752
logistic_rich,44b6_5f15d135,44b6_5f15d135:103,union|44b6_5f15d135:103|9,0,0.5865019379080676
logistic_rich,44b6_5f15d135,44b6_5f15d135:103,union|44b6_5f15d135:103|10,0,0.5580911704439376
logistic_rich,44b6_5f15d135,44b6_5f15d135:103,union|44b6_5f15d135:103|11,0,0.29161544263888645
logistic_rich,44b6_5f15d135,44b6_5f15d135:103,union|44b6_5f15d135:103|12,0,0.037188130927178494
logistic_rich,44b6_5f15d135,44b6_5f15d135:103,union|44b6_5f15d135:103|13,0,0.6270744526153618
logistic_rich,44b6_5f15d135,44b6_5f15d135:103,union|44b6_5f15d135:103|14,0,0.5619082481975463
logistic_rich,44b6_5f15d135,44b6_5f15d135:103,union|44b6_5f15d135:103|15,0,0.03812382772742297
logistic_rich,44b6_5f15d135,44b6_5f15d135:103,union|44b6_5f15d135:103|16,0,0.13416639049301957
logistic_rich,44b6_5f15d135,44b6_5f15d135:103,union|44b6_5f15d135:103|17,0,0.08093842780885495
logistic_rich,44b6_5f15d135,44b6_5f15d135:103,union|44b6_5f15d135:103|18,0,0.2732617258311908
logistic_rich,44b6_5f15d135,44b6_5f15d135:103,union|44b6_5f15d135:103|19,0,0.3921745101899094
logistic_rich,44b6_5f15d135,44b6_5f15d135:103,union|44b6_5f15d135:103|20,1,0.9722568477521601
logistic_rich,44b6_5f15d135,44b6_5f15d135:103,union|44b6_5f15d135:103|21,0,0.012951583063547531
logistic_rich,44b6_5f15d135,44b6_5f15d135:103,union|44b6_5f15d135:103|22,0,0.7113555417218909
logistic_rich,44b6_5f15d135,44b6_5f15d135:103,union|44b6_5f15d135:103|23,0,0.9703124643104802
logistic_rich,44b6_5f15d135,44b6_5f15d135:103,union|44b6_5f15d135:103|24,0,0.08912626141146775
logistic_rich,44b6_5f15d135,44b6_5f15d135:103,union|44b6_5f15d135:103|25,0,0.007848382181213809
logistic_rich,44b6_5f15d135,44b6_5f15d135:103,union|44b6_5f15d135:103|26,0,0.4948583820657991
logistic_rich,44b6_5f15d135,44b6_5f15d135:103,union|44b6_5f15d135:103|27,0,0.25871751110612096
logistic_rich,44b6_5f15d135,44b6_5f15d135:103,union|44b6_5f15d135:103|28,0,0.1532228143478908
logistic_rich,44b6_5f15d135,44b6_5f15d135:103,union|44b6_5f15d135:103|29,0,0.48167575827818415
logistic_rich,44b6_5f15d135,44b6_5f15d135:103,union|44b6_5f15d135:103|30,0,0.3379838320753234
logistic_rich,44b6_5f15d135,44b6_5f15d135:103,union|44b6_5f15d135:103|31,0,0.04141362768406659
logistic_rich,44b6_5f15d135,44b6_5f15d135:103,union|44b6_5f15d135:103|32,0,0.6035159064545698
logistic_rich,44b6_5f15d135,44b6_5f15d135:103,union|44b6_5f15d135:103|33,0,0.06631916356896798
logistic_rich,44b6_5f15d135,44b6_5f15d135:103,union|44b6_5f15d135:103|34,0,0.5278425841971005
logistic_rich,44b6_5f15d135,44b6_5f15d135:103,union|44b6_5f15d135:103|35,0,0.23483305212167113
logistic_rich,44b6_5f15d135,44b6_5f15d135:103,union|44b6_5f15d135:103|36,0,0.10711619594724447
logistic_rich,44b6_5f15d135,44b6_5f15d135:103,union|44b6_5f15d135:103|37,0,0.011277400320476253
logistic_rich,44b6_5f15d135,44b6_5f15d135:103,union|44b6_5f15d135:103|38,0,0.017490010290678062
logistic_rich,44b6_5f15d135,44b6_5f15d135:103,union|44b6_5f15d135:103|39,0,0.14715608911360425
logistic_rich,44b6_5f15d135,44b6_5f15d135:103,union|44b6_5f15d135:103|40,0,0.01606216682918771
logistic_rich,44b6_5f15d135,44b6_5f15d135:103,union|44b6_5f15d135:103|41,0,0.6627974950942719
logistic_rich,44b6_5f15d135,44b6_5f15d135:103,union|44b6_5f15d135:103|42,0,0.9022949961395242
logistic_rich,44b6_5f15d135,44b6_5f15d135:103,union|44b6_5f15d135:103|43,0,0.2673364425025116
logistic_rich,44b6_5f15d135,44b6_5f15d135:103,union|44b6_5f15d135:103|44,0,0.009069812916280057
logistic_rich,44b6_5f15d135,44b6_5f15d135:103,union|44b6_5f15d135:103|45,0,0.19967887864403042
logistic_rich,44b6_5f15d135,44b6_5f15d135:103,union|44b6_5f15d135:103|46,0,0.26428734543235216
logistic_rich,44b6_5f15d135,44b6_5f15d135:103,union|44b6_5f15d135:103|47,0,0.018909810508648362
logistic_rich,44b6_5f15d135,44b6_5f15d135:103,union|44b6_5f15d135:103|48,0,0.04883378157425305
logistic_rich,44b6_5f15d135,44b6_5f15d135:103,union|44b6_5f15d135:103|49,0,0.1417505521441549
logistic_rich,44b6_5f15d135,44b6_5f15d135:103,union|44b6_5f15d135:103|50,0,0.00538165659279741
logistic_rich,44b6_5f15d135,44b6_5f15d135:103,union|44b6_5f15d135:103|51,0,0.025124923259068902
logistic_rich,44b6_5f15d135,44b6_5f15d135:103,union|44b6_5f15d135:103|52,0,0.3789557171686517
logistic_rich,44b6_5f15d135,44b6_5f15d135:103,union|44b6_5f15d135:103|53,0,0.10839462150905275
logistic_rich,44b6_5f15d135,44b6_5f15d135:103,union|44b6_5f15d135:103|54,0,0.03608098663847769
logistic_rich,44b6_5f15d135,44b6_5f15d135:103,union|44b6_5f15d135:103|55,0,0.13009458576164853
logistic_rich,44b6_5f15d135,44b6_5f15d135:103,union|44b6_5f15d135:103|56,0,0.2749501210924888
logistic_rich,44b6_5f15d135,44b6_5f15d135:103,union|44b6_5f15d135:103|57,0,0.3470292348096102
logistic_rich,44b6_5f15d135,44b6_5f15d135:103,union|44b6_5f15d135:103|58,0,0.04067635892737171
logistic_rich,44b6_5f15d135,44b6_5f15d135:103,union|44b6_5f15d135:103|59,0,0.8330469498011022
logistic_rich,44b6_5f15d135,44b6_5f15d135:103,union|44b6_5f15d135:103|60,0,0.5100744988872189
logistic_rich,44b6_5f15d135,44b6_5f15d135:103,union|44b6_5f15d135:103|61,0,0.03298664228896751
logistic_rich,44b6_5f15d135,44b6_5f15d135:103,union|44b6_5f15d135:103|62,0,0.05787642204674291
logistic_rich,44b6_5f15d135,44b6_5f15d135:103,union|44b6_5f15d135:103|63,0,0.018609857680929702
logistic_rich,44b6_5f15d135,44b6_5f15d135:103,union|44b6_5f15d135:103|64,0,0.004337768818048531
logistic_rich,44b6_5f15d135,44b6_5f15d135:103,union|44b6_5f15d135:103|65,0,0.002374881082074124
logistic_rich,44b6_5f15d135,44b6_5f15d135:103,union|44b6_5f15d135:103|66,0,0.05005154528669268
logistic_rich,44b6_74d0c52e,44b6_74d0c52e:59,union|44b6_74d0c52e:59|0,0,0.13885397633352312
logistic_rich,44b6_74d0c52e,44b6_74d0c52e:59,union|44b6_74d0c52e:59|1,0,0.16954968063273693
logistic_rich,44b6_74d0c52e,44b6_74d0c52e:59,union|44b6_74d0c52e:59|2,0,0.4305306909656128
logistic_rich,44b6_74d0c52e,44b6_74d0c52e:59,union|44b6_74d0c52e:59|3,0,0.36075762648161264
logistic_rich,44b6_74d0c52e,44b6_74d0c52e:59,union|44b6_74d0c52e:59|4,0,0.7066101977563756
logistic_rich,44b6_74d0c52e,44b6_74d0c52e:59,union|44b6_74d0c52e:59|5,0,0.03221144450881227
logistic_rich,44b6_74d0c52e,44b6_74d0c52e:59,union|44b6_74d0c52e:59|6,0,0.024415075402924945
logistic_rich,44b6_74d0c52e,44b6_74d0c52e:59,union|44b6_74d0c52e:59|7,0,0.6096205634961812
logistic_rich,44b6_74d0c52e,44b6_74d0c52e:59,union|44b6_74d0c52e:59|8,0,0.036135237522865085
logistic_rich,44b6_74d0c52e,44b6_74d0c52e:59,union|44b6_74d0c52e:59|9,0,0.3722631220538624
logistic_rich,44b6_74d0c52e,44b6_74d0c52e:59,union|44b6_74d0c52e:59|10,1,0.25939637199499044
logistic_rich,44b6_74d0c52e,44b6_74d0c52e:59,union|44b6_74d0c52e:59|11,0,0.2832998812766522
logistic_rich,44b6_74d0c52e,44b6_74d0c52e:59,union|44b6_74d0c52e:59|12,0,0.10021698017540845
logistic_rich,44b6_74d0c52e,44b6_74d0c52e:59,union|44b6_74d0c52e:59|13,0,0.04885508124354651
logistic_rich,44b6_74d0c52e,44b6_74d0c52e:59,union|44b6_74d0c52e:59|14,0,0.08622874988258664
logistic_rich,44b6_74d0c52e,44b6_74d0c52e:59,union|44b6_74d0c52e:59|15,0,0.40253994571579044
logistic_rich,44b6_74d0c52e,44b6_74d0c52e:59,union|44b6_74d0c52e:59|16,0,0.09953762616308584
logistic_rich,44b6_74d0c52e,44b6_74d0c52e:59,union|44b6_74d0c52e:59|17,0,0.40961180043013995
logistic_rich,44b6_74d0c52e,44b6_74d0c52e:59,union|44b6_74d0c52e:59|18,0,0.5560111486917226
logistic_rich,44b6_74d0c52e,44b6_74d0c52e:59,union|44b6_74d0c52e:59|19,0,0.06484052414377224
logistic_rich,44b6_74d0c52e,44b6_74d0c52e:59,union|44b6_74d0c52e:59|20,0,0.11982565375959094
logistic_rich,44b6_74d0c52e,44b6_74d0c52e:59,union|44b6_74d0c52e:59|21,0,0.14146226508644733
logistic_rich,44b6_74d0c52e,44b6_74d0c52e:59,union|44b6_74d0c52e:59|22,0,0.23983327929010106
logistic_rich,44b6_74d0c52e,44b6_74d0c52e:59,union|44b6_74d0c52e:59|23,0,0.09410778425126648
logistic_rich,44b6_74d0c52e,44b6_74d0c52e:59,union|44b6_74d0c52e:59|24,0,0.1483731242345525
logistic_rich,44b6_74d0c52e,44b6_74d0c52e:59,union|44b6_74d0c52e:59|25,0,0.3406508602704327
logistic_rich,44b6_74d0c52e,44b6_74d0c52e:59,union|44b6_74d0c52e:59|26,0,0.015227805858223647
logistic_rich,44b6_74d0c52e,44b6_74d0c52e:59,union|44b6_74d0c52e:59|27,0,0.022683091353230836
logistic_rich,44b6_74d0c52e,44b6_74d0c52e:59,union|44b6_74d0c52e:59|28,0,0.017840905712793967
logistic_rich,44b6_74d0c52e,44b6_74d0c52e:59,union|44b6_74d0c52e:59|29,0,0.9779039101513398
logistic_rich,44b6_74d0c52e,44b6_74d0c52e:59,union|44b6_74d0c52e:59|30,0,0.06500482014431185
logistic_rich,44b6_74d0c52e,44b6_74d0c52e:59,union|44b6_74d0c52e:59|31,0,0.13401859320003823
logistic_rich,44b6_74d0c52e,44b6_74d0c52e:59,union|44b6_74d0c52e:59|32,0,0.03166470784641822
logistic_rich,44b6_74d0c52e,44b6_74d0c52e:59,union|44b6_74d0c52e:59|33,0,0.9415899074901123
logistic_rich,44b6_74d0c52e,44b6_74d0c52e:59,union|44b6_74d0c52e:59|34,0,0.44457737615363835
logistic_rich,44b6_74d0c52e,44b6_74d0c52e:59,union|44b6_74d0c52e:59|35,0,0.02884451825094353
logistic_rich,44b6_74d0c52e,44b6_74d0c52e:59,union|44b6_74d0c52e:59|36,0,0.020788696420935636
logistic_rich,44b6_74d0c52e,44b6_74d0c52e:59,union|44b6_74d0c52e:59|37,0,0.02598773176892859
logistic_rich,44b6_74d0c52e,44b6_74d0c52e:59,union|44b6_74d0c52e:59|38,0,0.020988868424393566
logistic_rich,44b6_74d0c52e,44b6_74d0c52e:59,union|44b6_74d0c52e:59|39,0,0.6494936263853288
logistic_rich,44b6_74d0c52e,44b6_74d0c52e:59,union|44b6_74d0c52e:59|40,0,0.32226262409536915
logistic_rich,44b6_74d0c52e,44b6_74d0c52e:59,union|44b6_74d0c52e:59|41,0,0.006796447074335892
logistic_rich,44b6_74d0c52e,44b6_74d0c52e:59,union|44b6_74d0c52e:59|42,0,0.012174599066658534
logistic_rich,44b6_74d0c52e,44b6_74d0c52e:59,union|44b6_74d0c52e:59|43,0,0.12487960417125502
logistic_rich,44b6_74d0c52e,44b6_74d0c52e:59,union|44b6_74d0c52e:59|44,0,0.01767133629717193
logistic_rich,44b6_74d0c52e,44b6_74d0c52e:59,union|44b6_74d0c52e:59|45,0,0.05159070734010427
logistic_rich,44b6_74d0c52e,44b6_74d0c52e:59,union|44b6_74d0c52e:59|46,0,0.03561737395983671
logistic_rich,44b6_74d0c52e,44b6_74d0c52e:59,union|44b6_74d0c52e:59|47,0,0.033314586566729934
logistic_rich,44b6_74d0c52e,44b6_74d0c52e:59,union|44b6_74d0c52e:59|48,0,0.006849860816564546
logistic_rich,44b6_74d0c52e,44b6_74d0c52e:59,union|44b6_74d0c52e:59|49,0,0.0028976448490509407
logistic_rich,44b6_74d0c52e,44b6_74d0c52e:59,union|44b6_74d0c52e:59|50,0,0.0789439510173427
logistic_rich,44b6_74d0c52e,44b6_74d0c52e:59,union|44b6_74d0c52e:59|51,0,0.0033075349714256665
logistic_rich,44b6_74d0c52e,44b6_74d0c52e:59,union|44b6_74d0c52e:59|52,0,0.014788129335106367
logistic_rich,44b6_996155de,44b6_996155de:60,union|44b6_996155de:60|0,1,0.9985818807868221
logistic_rich,44b6_996155de,44b6_996155de:60,union|44b6_996155de:60|1,0,0.08695941509413015
logistic_rich,44b6_996155de,44b6_996155de:60,union|44b6_996155de:60|2,0,0.018583414847272033
logistic_rich,44b6_996155de,44b6_996155de:60,union|44b6_996155de:60|3,0,0.03810247424918772
logistic_rich,44b6_996155de,44b6_996155de:60,union|44b6_996155de:60|4,0,0.057683945762374504
logistic_rich,44b6_996155de,44b6_996155de:60,union|44b6_996155de:60|5,0,0.0022737079269188084
logistic_rich,44b6_9be80b04,44b6_9be80b04:155,union|44b6_9be80b04:155|0,0,0.012666914810154023
logistic_rich,44b6_9be80b04,44b6_9be80b04:155,union|44b6_9be80b04:155|1,0,0.024874305993288225
logistic_rich,44b6_9be80b04,44b6_9be80b04:155,union|44b6_9be80b04:155|2,0,0.03253585584778103
logistic_rich,44b6_9be80b04,44b6_9be80b04:155,union|44b6_9be80b04:155|3,0,0.005764608334916022
logistic_rich,44b6_9be80b04,44b6_9be80b04:155,union|44b6_9be80b04:155|4,0,0.012322726771833103
logistic_rich,44b6_9be80b04,44b6_9be80b04:155,union|44b6_9be80b04:155|5,0,0.054268531218336594
logistic_rich,44b6_9be80b04,44b6_9be80b04:155,union|44b6_9be80b04:155|6,0,0.010458114003837907
logistic_rich,44b6_9be80b04,44b6_9be80b04:155,union|44b6_9be80b04:155|7,0,0.03136241795865435
logistic_rich,44b6_9be80b04,44b6_9be80b04:155,union|44b6_9be80b04:155|8,0,0.0018622373402156513
logistic_rich,44b6_9be80b04,44b6_9be80b04:155,union|44b6_9be80b04:155|9,0,0.001793630666092821
logistic_rich,44b6_9be80b04,44b6_9be80b04:155,union|44b6_9be80b04:155|10,0,0.0002584153891082425
logistic_rich,44b6_9be80b04,44b6_9be80b04:155,union|44b6_9be80b04:155|11,0,0.00018505351946425635
logistic_rich,44b6_9be80b04,44b6_9be80b04:155,union|44b6_9be80b04:155|12,0,0.002868594010587586
logistic_rich,44b6_9be80b04,44b6_9be80b04:155,union|44b6_9be80b04:155|13,0,0.008301727628559526
logistic_rich,44b6_9be80b04,44b6_9be80b04:155,union|44b6_9be80b04:155|14,0,0.010730798469707389
logistic_rich,44b6_9be80b04,44b6_9be80b04:155,union|44b6_9be80b04:155|15,0,0.05167271017395249
logistic_rich,44b6_9be80b04,44b6_9be80b04:155,union|44b6_9be80b04:155|16,0,0.08132566376393706
logistic_rich,44b6_9be80b04,44b6_9be80b04:155,union|44b6_9be80b04:155|17,0,0.033592149436790286
logistic_rich,44b6_9be80b04,44b6_9be80b04:155,union|44b6_9be80b04:155|18,0,0.03382458328150899
logistic_rich,44b6_9be80b04,44b6_9be80b04:155,union|44b6_9be80b04:155|19,0,0.06919269172231775
logistic_rich,44b6_9be80b04,44b6_9be80b04:155,union|44b6_9be80b04:155|20,0,0.03837632975083585
logistic_rich,44b6_9be80b04,44b6_9be80b04:155,union|44b6_9be80b04:155|21,0,0.004879805961291833
logistic_rich,44b6_9be80b04,44b6_9be80b04:155,union|44b6_9be80b04:155|22,0,0.00719654814814761
logistic_rich,44b6_9be80b04,44b6_9be80b04:155,union|44b6_9be80b04:155|23,0,0.014330543315661182
logistic_rich,44b6_9be80b04,44b6_9be80b04:155,union|44b6_9be80b04:155|24,0,0.009940935799140953
logistic_rich,44b6_9be80b04,44b6_9be80b04:155,union|44b6_9be80b04:155|25,0,0.0006813862611615054
logistic_rich,44b6_9be80b04,44b6_9be80b04:155,union|44b6_9be80b04:155|26,0,0.0005819516386703492
logistic_rich,44b6_9be80b04,44b6_9be80b04:155,union|44b6_9be80b04:155|27,0,0.1279988783344172
logistic_rich,44b6_9be80b04,44b6_9be80b04:155,union|44b6_9be80b04:155|28,0,0.3083184686586672
logistic_rich,44b6_9be80b04,44b6_9be80b04:155,union|44b6_9be80b04:155|29,0,0.20039847552753698
logistic_rich,44b6_9be80b04,44b6_9be80b04:155,union|44b6_9be80b04:155|30,0,0.06985582667866598
logistic_rich,44b6_9be80b04,44b6_9be80b04:155,union|44b6_9be80b04:155|31,0,0.08761534438229336
logistic_rich,44b6_9be80b04,44b6_9be80b04:155,union|44b6_9be80b04:155|32,0,0.3541403342281335
logistic_rich,44b6_9be80b04,44b6_9be80b04:155,union|44b6_9be80b04:155|33,0,0.08822238395349086
logistic_rich,44b6_9be80b04,44b6_9be80b04:155,union|44b6_9be80b04:155|34,0,0.08494637290729047
logistic_rich,44b6_9be80b04,44b6_9be80b04:155,union|44b6_9be80b04:155|35,0,0.007559857376526009
logistic_rich,44b6_9be80b04,44b6_9be80b04:155,union|44b6_9be80b04:155|36,0,0.010702775905309807
logistic_rich,44b6_9be80b04,44b6_9be80b04:155,union|44b6_9be80b04:155|37,0,0.0001991124467566917
logistic_rich,44b6_9be80b04,44b6_9be80b04:155,union|44b6_9be80b04:155|38,0,0.008348992029984488
logistic_rich,44b6_9be80b04,44b6_9be80b04:155,union|44b6_9be80b04:155|39,0,0.06141139727751998
logistic_rich,44b6_9be80b04,44b6_9be80b04:155,union|44b6_9be80b04:155|40,0,0.03580749231375343
logistic_rich,44b6_9be80b04,44b6_9be80b04:155,union|44b6_9be80b04:155|41,0,0.06028317139377164
logistic_rich,44b6_9be80b04,44b6_9be80b04:155,union|44b6_9be80b04:155|42,0,0.057439046951002555
logistic_rich,44b6_9be80b04,44b6_9be80b04:155,union|44b6_9be80b04:155|43,0,0.053120609717214266
logistic_rich,44b6_9be80b04,44b6_9be80b04:155,union|44b6_9be80b04:155|44,0,0.15457404451016574
logistic_rich,44b6_9be80b04,44b6_9be80b04:155,union|44b6_9be80b04:155|45,0,0.013476919309299848
logistic_rich,44b6_9be80b04,44b6_9be80b04:155,union|44b6_9be80b04:155|46,0,0.00015239882561828247
logistic_rich,44b6_9be80b04,44b6_9be80b04:155,union|44b6_9be80b04:155|47,0,0.0003596133092964972
logistic_rich,44b6_9be80b04,44b6_9be80b04:155,union|44b6_9be80b04:155|48,0,1.8700770763667775e-05
logistic_rich,44b6_9be80b04,44b6_9be80b04:155,union|44b6_9be80b04:155|49,0,0.006813842367843491
logistic_rich,44b6_9be80b04,44b6_9be80b04:155,union|44b6_9be80b04:155|50,0,8.564920502036523e-05
logistic_rich,44b6_9be80b04,44b6_9be80b04:155,union|44b6_9be80b04:155|51,0,0.7418453382483755
logistic_rich,44b6_9be80b04,44b6_9be80b04:155,union|44b6_9be80b04:155|52,0,0.6754431891424351
logistic_rich,44b6_9be80b04,44b6_9be80b04:155,union|44b6_9be80b04:155|53,0,0.26723336874088705
logistic_rich,44b6_9be80b04,44b6_9be80b04:155,union|44b6_9be80b04:155|54,0,0.05453853082231892
logistic_rich,44b6_9be80b04,44b6_9be80b04:155,union|44b6_9be80b04:155|55,0,0.7754570418373351
logistic_rich,44b6_9be80b04,44b6_9be80b04:155,union|44b6_9be80b04:155|56,0,0.7869677652110869
logistic_rich,44b6_9be80b04,44b6_9be80b04:155,union|44b6_9be80b04:155|57,0,0.17891092151741247
logistic_rich,44b6_9be80b04,44b6_9be80b04:155,union|44b6_9be80b04:155|58,0,0.11225335780673384
logistic_rich,44b6_9be80b04,44b6_9be80b04:155,union|44b6_9be80b04:155|59,0,0.006511479485159779
logistic_rich,44b6_9be80b04,44b6_9be80b04:155,union|44b6_9be80b04:155|60,0,0.009409606246173575
logistic_rich,44b6_9be80b04,44b6_9be80b04:155,union|44b6_9be80b04:155|61,0,0.011413448232641824
logistic_rich,44b6_9be80b04,44b6_9be80b04:155,union|44b6_9be80b04:155|62,0,0.00017942054681264346
logistic_rich,44b6_9be80b04,44b6_9be80b04:155,union|44b6_9be80b04:155|63,0,0.0002794744467001586
logistic_rich,44b6_9be80b04,44b6_9be80b04:155,union|44b6_9be80b04:155|64,0,0.002140443243879113
logistic_rich,44b6_9be80b04,44b6_9be80b04:155,union|44b6_9be80b04:155|65,0,0.00026698327880418264
logistic_rich,44b6_9be80b04,44b6_9be80b04:155,union|44b6_9be80b04:155|66,1,0.9932005716755061
logistic_rich,44b6_9be80b04,44b6_9be80b04:155,union|44b6_9be80b04:155|67,0,0.14682310219940897
logistic_rich,44b6_9be80b04,44b6_9be80b04:155,union|44b6_9be80b04:155|68,0,0.267890957912107
logistic_rich,44b6_9be80b04,44b6_9be80b04:155,union|44b6_9be80b04:155|69,0,0.0329603774932801
logistic_rich,44b6_9be80b04,44b6_9be80b04:155,union|44b6_9be80b04:155|70,0,0.9818989425874758
logistic_rich,44b6_9be80b04,44b6_9be80b04:155,union|44b6_9be80b04:155|71,0,0.3149887849586913
logistic_rich,44b6_9be80b04,44b6_9be80b04:155,union|44b6_9be80b04:155|72,0,0.08071557534139356
logistic_rich,44b6_9be80b04,44b6_9be80b04:155,union|44b6_9be80b04:155|73,0,0.18995220963894177
logistic_rich,44b6_9be80b04,44b6_9be80b04:155,union|44b6_9be80b04:155|74,0,0.029052519589922696
logistic_rich,44b6_9be80b04,44b6_9be80b04:155,union|44b6_9be80b04:155|75,0,0.0029298975448368903
logistic_rich,44b6_9be80b04,44b6_9be80b04:155,union|44b6_9be80b04:155|76,0,0.003782232636803497
logistic_rich,44b6_9be80b04,44b6_9be80b04:155,union|44b6_9be80b04:155|77,0,3.998471316548564e-05
logistic_rich,44b6_9be80b04,44b6_9be80b04:155,union|44b6_9be80b04:155|78,0,0.0004124002589132088
logistic_rich,44b6_9be80b04,44b6_9be80b04:155,union|44b6_9be80b04:155|79,0,0.004437248874524036
logistic_rich,44b6_9be80b04,44b6_9be80b04:155,union|44b6_9be80b04:155|80,0,0.002468217156100557
logistic_rich,44b6_9be80b04,44b6_9be80b04:155,union|44b6_9be80b04:155|81,0,8.266294540181795e-05
logistic_rich,44b6_9be80b04,44b6_9be80b04:155,union|44b6_9be80b04:155|82,0,0.012505620193333379
logistic_rich,44b6_9be80b04,44b6_9be80b04:155,union|44b6_9be80b04:155|83,0,0.11394114800691507
logistic_rich,44b6_9be80b04,44b6_9be80b04:155,union|44b6_9be80b04:155|84,0,0.18517794201125307
logistic_rich,44b6_9be80b04,44b6_9be80b04:155,union|44b6_9be80b04:155|85,0,0.13273533466136647
logistic_rich,44b6_9be80b04,44b6_9be80b04:155,union|44b6_9be80b04:155|86,0,0.956311401386157
logistic_rich,44b6_9be80b04,44b6_9be80b04:155,union|44b6_9be80b04:155|87,0,0.3364300847962086
logistic_rich,44b6_9be80b04,44b6_9be80b04:155,union|44b6_9be80b04:155|88,0,0.040433507224426096
logistic_rich,44b6_9be80b04,44b6_9be80b04:155,union|44b6_9be80b04:155|89,0,0.0919351367511461
logistic_rich,44b6_9be80b04,44b6_9be80b04:155,union|44b6_9be80b04:155|90,0,0.00898589714309175
logistic_rich,44b6_9be80b04,44b6_9be80b04:155,union|44b6_9be80b04:155|91,0,0.03052847271329233
logistic_rich,44b6_9be80b04,44b6_9be80b04:155,union|44b6_9be80b04:155|92,0,0.05171196339088802
logistic_rich,44b6_9be80b04,44b6_9be80b04:155,union|44b6_9be80b04:155|93,0,0.00041564516762724625
logistic_rich,44b6_9be80b04,44b6_9be80b04:155,union|44b6_9be80b04:155|94,0,4.552171176497434e-05
logistic_rich,44b6_9be80b04,44b6_9be80b04:155,union|44b6_9be80b04:155|95,0,0.022045684993728797
logistic_rich,44b6_9be80b04,44b6_9be80b04:155,union|44b6_9be80b04:155|96,0,0.005095748766791182
logistic_rich,44b6_9be80b04,44b6_9be80b04:155,union|44b6_9be80b04:155|97,0,0.0005604769718967193
logistic_rich,44b6_9be80b04,44b6_9be80b04:155,union|44b6_9be80b04:155|98,0,0.0018079355211573038
logistic_rich,44b6_9be80b04,44b6_9be80b04:155,union|44b6_9be80b04:155|99,0,0.07215118314193476
logistic_rich,44b6_9be80b04,44b6_9be80b04:155,union|44b6_9be80b04:155|100,0,0.14893614068129837
logistic_rich,44b6_9be80b04,44b6_9be80b04:155,union|44b6_9be80b04:155|101,0,0.25721694390767647
logistic_rich,44b6_9be80b04,44b6_9be80b04:155,union|44b6_9be80b04:155|102,0,0.041552720792093815
logistic_rich,44b6_9be80b04,44b6_9be80b04:155,union|44b6_9be80b04:155|103,0,0.0036280660430972156
logistic_rich,44b6_9be80b04,44b6_9be80b04:155,union|44b6_9be80b04:155|104,0,0.005740601042564746
logistic_rich,44b6_9be80b04,44b6_9be80b04:155,union|44b6_9be80b04:155|105,0,0.0002712671249755601
logistic_rich,44b6_9be80b04,44b6_9be80b04:155,union|44b6_9be80b04:155|106,0,0.00038064036397296956
logistic_rich,44b6_9be80b04,44b6_9be80b04:155,union|44b6_9be80b04:155|107,0,0.0035130983173510284
logistic_rich,44b6_9be80b04,44b6_9be80b04:155,union|44b6_9be80b04:155|108,0,0.0604779296437396
logistic_rich,44b6_9be80b04,44b6_9be80b04:155,union|44b6_9be80b04:155|109,0,0.2317610552211887
logistic_rich,44b6_9be80b04,44b6_9be80b04:155,union|44b6_9be80b04:155|110,0,0.29157105822829504
logistic_rich,44b6_9be80b04,44b6_9be80b04:155,union|44b6_9be80b04:155|111,0,0.01686253031280135
logistic_rich,44b6_9be80b04,44b6_9be80b04:155,union|44b6_9be80b04:155|112,0,0.05615539105289942
logistic_rich,44b6_9be80b04,44b6_9be80b04:155,union|44b6_9be80b04:155|113,0,0.0018599073392496918
logistic_rich,44b6_9be80b04,44b6_9be80b04:155,union|44b6_9be80b04:155|114,0,0.0011478648267280306
logistic_rich,44b6_9be80b04,44b6_9be80b04:155,union|44b6_9be80b04:155|115,0,0.000854147287466657
logistic_rich,44b6_9be80b04,44b6_9be80b04:155,union|44b6_9be80b04:155|116,0,0.0029416558501292414
logistic_rich,44b6_9be80b04,44b6_9be80b04:155,union|44b6_9be80b04:155|117,0,0.028909006227395843
logistic_rich,44b6_9be80b04,44b6_9be80b04:155,union|44b6_9be80b04:155|118,0,0.05707146175913217
logistic_rich,44b6_9be80b04,44b6_9be80b04:155,union|44b6_9be80b04:155|119,0,0.04091321751493973
logistic_rich,44b6_9be80b04,44b6_9be80b04:155,union|44b6_9be80b04:155|120,0,0.017192685168056655
logistic_rich,44b6_9be80b04,44b6_9be80b04:155,union|44b6_9be80b04:155|121,0,0.003211942690966218
logistic_rich,44b6_9be80b04,44b6_9be80b04:155,union|44b6_9be80b04:155|122,0,0.0012959124837059845
logistic_rich,44b6_9be80b04,44b6_9be80b04:155,union|44b6_9be80b04:155|123,0,0.0011189840918995532
logistic_rich,44b6_9be80b04,44b6_9be80b04:155,union|44b6_9be80b04:155|124,0,0.00035269298009915216
logistic_rich,44b6_9be80b04,44b6_9be80b04:155,union|44b6_9be80b04:155|125,0,0.28823355480081936
logistic_rich,44b6_9be80b04,44b6_9be80b04:155,union|44b6_9be80b04:155|126,0,0.05626768014400811
logistic_rich,44b6_9be80b04,44b6_9be80b04:155,union|44b6_9be80b04:155|127,0,0.16892355085573574
logistic_rich,44b6_9be80b04,44b6_9be80b04:155,union|44b6_9be80b04:155|128,0,0.029589329776113442
logistic_rich,44b6_9be80b04,44b6_9be80b04:155,union|44b6_9be80b04:155|129,0,0.00803356648439885
logistic_rich,44b6_9be80b04,44b6_9be80b04:155,union|44b6_9be80b04:155|130,0,0.010627041924227504
logistic_rich,44b6_9be80b04,44b6_9be80b04:155,union|44b6_9be80b04:155|131,0,0.004525973518205313
logistic_rich,44b6_9be80b04,44b6_9be80b04:155,union|44b6_9be80b04:155|132,0,0.0016993014207097627
logistic_rich,44b6_9be80b04,44b6_9be80b04:155,union|44b6_9be80b04:155|133,0,7.770250253403535e-05
logistic_rich,44b6_9be80b04,44b6_9be80b04:155,union|44b6_9be80b04:155|134,0,0.008911745333381996
logistic_rich,44b6_9be80b04,44b6_9be80b04:155,union|44b6_9be80b04:155|135,0,0.2547309061234501
logistic_rich,44b6_9be80b04,44b6_9be80b04:155,union|44b6_9be80b04:155|136,0,0.15956808061068084
logistic_rich,44b6_9be80b04,44b6_9be80b04:155,union|44b6_9be80b04:155|137,0,0.0035486812204519177
logistic_rich,44b6_9be80b04,44b6_9be80b04:155,union|44b6_9be80b04:155|138,0,0.012987925948506365
logistic_rich,44b6_9be80b04,44b6_9be80b04:155,union|44b6_9be80b04:155|139,0,8.033701208327118e-05
logistic_rich,44b6_9be80b04,44b6_9be80b04:155,union|44b6_9be80b04:155|140,0,0.0024425003883106846
logistic_rich,44b6_9be80b04,44b6_9be80b04:155,union|44b6_9be80b04:155|141,0,0.004980322033823439
logistic_rich,44b6_9be80b04,44b6_9be80b04:155,union|44b6_9be80b04:155|142,0,5.493574043865798e-05
logistic_rich,44b6_9be80b04,44b6_9be80b04:155,union|44b6_9be80b04:155|143,0,0.0035958245959366694
logistic_rich,44b6_9be80b04,44b6_9be80b04:155,union|44b6_9be80b04:155|144,0,0.008561802167618138
logistic_rich,44b6_9be80b04,44b6_9be80b04:155,union|44b6_9be80b04:155|145,0,4.047981616921204e-05
logistic_rich,44b6_9be80b04,44b6_9be80b04:155,union|44b6_9be80b04:155|146,0,0.007405554668540021
logistic_rich,44b6_9be80b04,44b6_9be80b04:155,union|44b6_9be80b04:155|147,0,0.0014297901457213122
logistic_rich,44b6_9be80b04,44b6_9be80b04:155,union|44b6_9be80b04:155|148,0,0.002383252966749478
logistic_rich,44b6_9be80b04,44b6_9be80b04:155,union|44b6_9be80b04:155|149,0,0.0008973217108613417
logistic_rich,44b6_9be80b04,44b6_9be80b04:155,union|44b6_9be80b04:155|150,0,0.0005093822365339768
logistic_rich,44b6_9be80b04,44b6_9be80b04:155,union|44b6_9be80b04:155|151,0,6.349445258358579e-06
logistic_rich,44b6_9be80b04,44b6_9be80b04:155,union|44b6_9be80b04:155|152,0,3.348115008233747e-05
logistic_rich,44b6_9be80b04,44b6_9be80b04:155,union|44b6_9be80b04:155|153,0,1.3683463611873847e-06
logistic_rich,44b6_9be80b04,44b6_9be80b04:155,union|44b6_9be80b04:155|154,0,0.0004589479329713091
logistic_rich,44b6_9be80b04,44b6_9be80b04:155,union|44b6_9be80b04:155|155,0,0.000337442986963554
logistic_rich,44b6_9be80b04,44b6_9be80b04:155,union|44b6_9be80b04:155|156,0,0.0005497396275175006
logistic_rich,44b6_9be80b04,44b6_9be80b04:155,union|44b6_9be80b04:155|157,0,1.0895109893338686e-07
logistic_rich,44b6_9be80b04,44b6_9be80b04:155,union|44b6_9be80b04:155|158,0,3.418564842961379e-05
logistic_rich,44b6_9be80b04,44b6_9be80b04:155,union|44b6_9be80b04:155|159,0,4.5167788680701735e-07
logistic_rich,44b6_9be80b04,44b6_9be80b04:155,union|44b6_9be80b04:155|160,0,4.683797646206791e-07
logistic_rich,44b6_9be80b04,44b6_9be80b04:155,union|44b6_9be80b04:155|161,0,0.00014552898980692115
logistic_rich,44b6_9be80b04,44b6_9be80b04:155,union|44b6_9be80b04:155|162,0,4.94969721479399e-05
logistic_rich,44b6_9be80b04,44b6_9be80b04:155,union|44b6_9be80b04:155|163,0,1.757355826712502e-05
logistic_rich,44b6_9be80b04,44b6_9be80b04:155,union|44b6_9be80b04:155|164,0,2.2341111452169264e-06
logistic_rich,44b6_9be80b04,44b6_9be80b04:155,union|44b6_9be80b04:155|165,0,0.0003559099962143817
logistic_rich,44b6_9be80b04,44b6_9be80b04:155,union|44b6_9be80b04:155|166,0,7.462254472652834e-07
logistic_rich,44b6_9be80b04,44b6_9be80b04:155,union|44b6_9be80b04:155|167,0,4.8996462044544026e-05
logistic_rich,44b6_9be80b04,44b6_9be80b04:155,union|44b6_9be80b04:155|168,0,5.7847267638900446e-05
logistic_rich,44b6_aaf8b0ea,44b6_aaf8b0ea:93,union|44b6_aaf8b0ea:93|0,1,0.9561349324515686
logistic_rich,44b6_aaf8b0ea,44b6_aaf8b0ea:93,union|44b6_aaf8b0ea:93|1,0,0.1531309881475785
logistic_rich,44b6_aaf8b0ea,44b6_aaf8b0ea:93,union|44b6_aaf8b0ea:93|2,0,0.4838574429437262
logistic_rich,44b6_aaf8b0ea,44b6_aaf8b0ea:93,union|44b6_aaf8b0ea:93|3,0,0.4214107683508737
logistic_rich,44b6_aaf8b0ea,44b6_aaf8b0ea:93,union|44b6_aaf8b0ea:93|4,0,0.6390030938136582
logistic_rich,44b6_c50204e0,44b6_c50204e0:43,union|44b6_c50204e0:43|0,0,0.031695272704866294
logistic_rich,44b6_c50204e0,44b6_c50204e0:43,union|44b6_c50204e0:43|1,0,0.051051020416150006
logistic_rich,44b6_c50204e0,44b6_c50204e0:43,union|44b6_c50204e0:43|2,0,0.017052806945252613
logistic_rich,44b6_c50204e0,44b6_c50204e0:43,union|44b6_c50204e0:43|3,0,0.012532008953994206
logistic_rich,44b6_c50204e0,44b6_c50204e0:43,union|44b6_c50204e0:43|4,0,0.016299317803854952
logistic_rich,44b6_c50204e0,44b6_c50204e0:43,union|44b6_c50204e0:43|5,0,0.08848166025723748
logistic_rich,44b6_c50204e0,44b6_c50204e0:43,union|44b6_c50204e0:43|6,0,0.14671858572080318
logistic_rich,44b6_c50204e0,44b6_c50204e0:43,union|44b6_c50204e0:43|7,0,0.005308101529782271
logistic_rich,44b6_c50204e0,44b6_c50204e0:43,union|44b6_c50204e0:43|8,0,0.03665682819922925
logistic_rich,44b6_c50204e0,44b6_c50204e0:43,union|44b6_c50204e0:43|9,0,0.026117481131036617
logistic_rich,44b6_c50204e0,44b6_c50204e0:43,union|44b6_c50204e0:43|10,0,0.003173882732880038
logistic_rich,44b6_c50204e0,44b6_c50204e0:43,union|44b6_c50204e0:43|11,0,0.00047556353031729916
logistic_rich,44b6_c50204e0,44b6_c50204e0:43,union|44b6_c50204e0:43|12,0,0.3489633197736255
logistic_rich,44b6_c50204e0,44b6_c50204e0:43,union|44b6_c50204e0:43|13,0,0.12649408994960992
logistic_rich,44b6_c50204e0,44b6_c50204e0:43,union|44b6_c50204e0:43|14,0,0.4913573964536376
logistic_rich,44b6_c50204e0,44b6_c50204e0:43,union|44b6_c50204e0:43|15,0,0.012433564333694832
logistic_rich,44b6_c50204e0,44b6_c50204e0:43,union|44b6_c50204e0:43|16,0,0.029920589080887777
logistic_rich,44b6_c50204e0,44b6_c50204e0:43,union|44b6_c50204e0:43|17,0,0.34640100849975075
logistic_rich,44b6_c50204e0,44b6_c50204e0:43,union|44b6_c50204e0:43|18,0,0.03123528541941838
logistic_rich,44b6_c50204e0,44b6_c50204e0:43,union|44b6_c50204e0:43|19,0,0.011102616867930501
logistic_rich,44b6_c50204e0,44b6_c50204e0:43,union|44b6_c50204e0:43|20,0,0.5772036367608179
logistic_rich,44b6_c50204e0,44b6_c50204e0:43,union|44b6_c50204e0:43|21,0,0.4335976025301485
logistic_rich,44b6_c50204e0,44b6_c50204e0:43,union|44b6_c50204e0:43|22,0,0.021166796368435548
logistic_rich,44b6_c50204e0,44b6_c50204e0:43,union|44b6_c50204e0:43|23,0,0.43716817914583306
logistic_rich,44b6_c50204e0,44b6_c50204e0:43,union|44b6_c50204e0:43|24,0,0.016703731575687542
logistic_rich,44b6_c50204e0,44b6_c50204e0:43,union|44b6_c50204e0:43|25,0,0.003061302949022444
logistic_rich,44b6_c50204e0,44b6_c50204e0:43,union|44b6_c50204e0:43|26,0,0.20567255731494716
logistic_rich,44b6_c50204e0,44b6_c50204e0:43,union|44b6_c50204e0:43|27,0,0.7409210318720956
logistic_rich,44b6_c50204e0,44b6_c50204e0:43,union|44b6_c50204e0:43|28,0,0.015205137001854555
logistic_rich,44b6_c50204e0,44b6_c50204e0:43,union|44b6_c50204e0:43|29,0,0.1283604218492125
logistic_rich,44b6_c50204e0,44b6_c50204e0:43,union|44b6_c50204e0:43|30,0,0.007639413097659779
logistic_rich,44b6_c50204e0,44b6_c50204e0:43,union|44b6_c50204e0:43|31,0,0.2299506433991656
logistic_rich,44b6_c50204e0,44b6_c50204e0:43,union|44b6_c50204e0:43|32,0,0.4852798911911771
logistic_rich,44b6_c50204e0,44b6_c50204e0:43,union|44b6_c50204e0:43|33,0,0.6405286619610938
logistic_rich,44b6_c50204e0,44b6_c50204e0:43,union|44b6_c50204e0:43|34,0,0.23357737354866617
logistic_rich,44b6_c50204e0,44b6_c50204e0:43,union|44b6_c50204e0:43|35,0,0.1036089426446475
logistic_rich,44b6_c50204e0,44b6_c50204e0:43,union|44b6_c50204e0:43|36,0,0.0014771330946510787
logistic_rich,44b6_c50204e0,44b6_c50204e0:43,union|44b6_c50204e0:43|37,0,0.23764794162044084
logistic_rich,44b6_c50204e0,44b6_c50204e0:43,union|44b6_c50204e0:43|38,0,0.16024547123163074
logistic_rich,44b6_c50204e0,44b6_c50204e0:43,union|44b6_c50204e0:43|39,0,0.03910702734994725
logistic_rich,44b6_c50204e0,44b6_c50204e0:43,union|44b6_c50204e0:43|40,0,0.019102349413166422
logistic_rich,44b6_c50204e0,44b6_c50204e0:43,union|44b6_c50204e0:43|41,0,0.06895450679985664
logistic_rich,44b6_c50204e0,44b6_c50204e0:43,union|44b6_c50204e0:43|42,0,0.021117990467860726
logistic_rich,44b6_c50204e0,44b6_c50204e0:43,union|44b6_c50204e0:43|43,0,0.09137950233705608
logistic_rich,44b6_c50204e0,44b6_c50204e0:43,union|44b6_c50204e0:43|44,0,0.14705336785503828
logistic_rich,44b6_c50204e0,44b6_c50204e0:43,union|44b6_c50204e0:43|45,0,0.6056607737699266
logistic_rich,44b6_c50204e0,44b6_c50204e0:43,union|44b6_c50204e0:43|46,0,0.02568467847167862
logistic_rich,44b6_c50204e0,44b6_c50204e0:43,union|44b6_c50204e0:43|47,0,0.02605656720438191
logistic_rich,44b6_c50204e0,44b6_c50204e0:43,union|44b6_c50204e0:43|48,0,0.029165482237591547
logistic_rich,44b6_c50204e0,44b6_c50204e0:43,union|44b6_c50204e0:43|49,0,0.009388493255150551
logistic_rich,44b6_c50204e0,44b6_c50204e0:43,union|44b6_c50204e0:43|50,0,0.0416636816501134
logistic_rich,44b6_c50204e0,44b6_c50204e0:43,union|44b6_c50204e0:43|51,0,0.5812120439302654
logistic_rich,44b6_c50204e0,44b6_c50204e0:43,union|44b6_c50204e0:43|52,0,0.013369640877434476
logistic_rich,44b6_c50204e0,44b6_c50204e0:43,union|44b6_c50204e0:43|53,0,0.4628007487827686
logistic_rich,44b6_c50204e0,44b6_c50204e0:43,union|44b6_c50204e0:43|54,0,0.5962080588628149
logistic_rich,44b6_c50204e0,44b6_c50204e0:43,union|44b6_c50204e0:43|55,0,0.9067664768415855
logistic_rich,44b6_c50204e0,44b6_c50204e0:43,union|44b6_c50204e0:43|56,0,0.5529060631575887
logistic_rich,44b6_c50204e0,44b6_c50204e0:43,union|44b6_c50204e0:43|57,0,0.09277894177340404
logistic_rich,44b6_c50204e0,44b6_c50204e0:43,union|44b6_c50204e0:43|58,0,0.04019659036255594
logistic_rich,44b6_c50204e0,44b6_c50204e0:43,union|44b6_c50204e0:43|59,0,0.015263292233467958
logistic_rich,44b6_c50204e0,44b6_c50204e0:43,union|44b6_c50204e0:43|60,0,0.046377497455521506
logistic_rich,44b6_c50204e0,44b6_c50204e0:43,union|44b6_c50204e0:43|61,0,0.023528887227086952
logistic_rich,44b6_c50204e0,44b6_c50204e0:43,union|44b6_c50204e0:43|62,0,0.08403989356135812
logistic_rich,44b6_c50204e0,44b6_c50204e0:43,union|44b6_c50204e0:43|63,0,0.0928586296069496
logistic_rich,44b6_c50204e0,44b6_c50204e0:43,union|44b6_c50204e0:43|64,0,0.06317750070653318
logistic_rich,44b6_c50204e0,44b6_c50204e0:43,union|44b6_c50204e0:43|65,0,0.005916887479541655
logistic_rich,44b6_c50204e0,44b6_c50204e0:43,union|44b6_c50204e0:43|66,0,0.013340127252249832
logistic_rich,44b6_c50204e0,44b6_c50204e0:43,union|44b6_c50204e0:43|67,0,0.009687122685815867
logistic_rich,44b6_c50204e0,44b6_c50204e0:43,union|44b6_c50204e0:43|68,0,0.00874596147521776
logistic_rich,44b6_c50204e0,44b6_c50204e0:43,union|44b6_c50204e0:43|69,0,0.06327367638340257
logistic_rich,44b6_c50204e0,44b6_c50204e0:43,union|44b6_c50204e0:43|70,0,0.0022171963271398662
logistic_rich,44b6_c50204e0,44b6_c50204e0:43,union|44b6_c50204e0:43|71,0,0.04631214010555998
logistic_rich,44b6_c50204e0,44b6_c50204e0:43,union|44b6_c50204e0:43|72,0,0.08195324142228995
logistic_rich,44b6_c50204e0,44b6_c50204e0:43,union|44b6_c50204e0:43|73,0,0.008207636429485752
logistic_rich,44b6_c50204e0,44b6_c50204e0:43,union|44b6_c50204e0:43|74,0,0.033618615508523034
logistic_rich,44b6_c50204e0,44b6_c50204e0:43,union|44b6_c50204e0:43|75,0,0.01938147687440074
logistic_rich,44b6_c50204e0,44b6_c50204e0:43,union|44b6_c50204e0:43|76,0,0.004878109937818586
logistic_rich,44b6_c50204e0,44b6_c50204e0:43,union|44b6_c50204e0:43|77,0,0.00023086795706865225
logistic_rich,44b6_c50204e0,44b6_c50204e0:43,union|44b6_c50204e0:43|78,0,0.03171743090939804
logistic_rich,44b6_c50204e0,44b6_c50204e0:43,union|44b6_c50204e0:43|79,0,0.011207864353408738
logistic_rich,44b6_c50204e0,44b6_c50204e0:43,union|44b6_c50204e0:43|80,0,0.024326735688083606
logistic_rich,44b6_c50204e0,44b6_c50204e0:43,union|44b6_c50204e0:43|81,0,0.010869481462021458
logistic_rich,44b6_c50204e0,44b6_c50204e0:43,union|44b6_c50204e0:43|82,0,0.0018548782862228973
logistic_rich,44b6_c50204e0,44b6_c50204e0:43,union|44b6_c50204e0:43|83,0,0.09367129829278208
logistic_rich,44b6_c50204e0,44b6_c50204e0:43,union|44b6_c50204e0:43|84,0,0.009486612706040731
logistic_rich,44b6_c50204e0,44b6_c50204e0:43,union|44b6_c50204e0:43|85,0,0.9841777487512886
logistic_rich,44b6_c50204e0,44b6_c50204e0:43,union|44b6_c50204e0:43|86,1,0.9275105339175945
logistic_rich,44b6_c50204e0,44b6_c50204e0:43,union|44b6_c50204e0:43|87,0,0.07989710124960453
logistic_rich,44b6_c50204e0,44b6_c50204e0:43,union|44b6_c50204e0:43|88,0,0.7566858265333878
logistic_rich,44b6_c50204e0,44b6_c50204e0:43,union|44b6_c50204e0:43|89,0,0.014235822160386269
logistic_rich,44b6_c50204e0,44b6_c50204e0:43,union|44b6_c50204e0:43|90,0,0.010181776114096118
logistic_rich,44b6_c50204e0,44b6_c50204e0:43,union|44b6_c50204e0:43|91,0,0.004298585552013767
logistic_rich,44b6_c50204e0,44b6_c50204e0:43,union|44b6_c50204e0:43|92,0,0.0015337328160532617
logistic_rich,44b6_c50204e0,44b6_c50204e0:43,union|44b6_c50204e0:43|93,0,0.0855545574131379
logistic_rich,44b6_c50204e0,44b6_c50204e0:43,union|44b6_c50204e0:43|94,0,0.048861671816362036
logistic_rich,44b6_c50204e0,44b6_c50204e0:43,union|44b6_c50204e0:43|95,0,0.03493968075617771
logistic_rich,44b6_c50204e0,44b6_c50204e0:43,union|44b6_c50204e0:43|96,0,0.01839599588789186
logistic_rich,44b6_c50204e0,44b6_c50204e0:43,union|44b6_c50204e0:43|97,0,0.0055291743547412064
logistic_rich,44b6_c50204e0,44b6_c50204e0:43,union|44b6_c50204e0:43|98,0,0.02676042894759588
logistic_rich,44b6_c50204e0,44b6_c50204e0:43,union|44b6_c50204e0:43|99,0,0.005911799664759323
logistic_rich,44b6_c50204e0,44b6_c50204e0:43,union|44b6_c50204e0:43|100,0,0.000520458014168691
logistic_rich,44b6_c50204e0,44b6_c50204e0:43,union|44b6_c50204e0:43|101,0,0.007663775567298091
logistic_rich,44b6_c50204e0,44b6_c50204e0:43,union|44b6_c50204e0:43|102,0,0.008103555705826892
logistic_rich,44b6_c50204e0,44b6_c50204e0:43,union|44b6_c50204e0:43|103,0,0.007905684022439172
logistic_rich,44b6_c50204e0,44b6_c50204e0:43,union|44b6_c50204e0:43|104,0,0.0007514489893939107
logistic_rich,44b6_c50204e0,44b6_c50204e0:43,union|44b6_c50204e0:43|105,0,0.0002042327163968407
logistic_rich,44b6_c50204e0,44b6_c50204e0:43,union|44b6_c50204e0:43|106,0,0.9967779484484776
logistic_rich,44b6_c50204e0,44b6_c50204e0:43,union|44b6_c50204e0:43|107,0,0.04345509873007331
logistic_rich,44b6_c50204e0,44b6_c50204e0:43,union|44b6_c50204e0:43|108,0,0.8181515349405902
logistic_rich,44b6_c50204e0,44b6_c50204e0:43,union|44b6_c50204e0:43|109,0,0.0432128004338941
logistic_rich,44b6_c50204e0,44b6_c50204e0:43,union|44b6_c50204e0:43|110,0,0.007286026476774375
logistic_rich,44b6_c50204e0,44b6_c50204e0:43,union|44b6_c50204e0:43|111,0,0.024140511061981118
logistic_rich,44b6_c50204e0,44b6_c50204e0:43,union|44b6_c50204e0:43|112,0,0.01271644582143994
logistic_rich,44b6_c50204e0,44b6_c50204e0:43,union|44b6_c50204e0:43|113,0,0.011669665158213213
logistic_rich,44b6_c50204e0,44b6_c50204e0:43,union|44b6_c50204e0:43|114,0,0.001421924915582128
logistic_rich,44b6_c50204e0,44b6_c50204e0:43,union|44b6_c50204e0:43|115,0,0.02079092035396046
logistic_rich,44b6_c50204e0,44b6_c50204e0:43,union|44b6_c50204e0:43|116,0,0.88573370974488
logistic_rich,44b6_c50204e0,44b6_c50204e0:43,union|44b6_c50204e0:43|117,0,0.059205175109599134
logistic_rich,44b6_c50204e0,44b6_c50204e0:43,union|44b6_c50204e0:43|118,0,0.008845281709520965
logistic_rich,44b6_c50204e0,44b6_c50204e0:43,union|44b6_c50204e0:43|119,0,0.017636291020353998
logistic_rich,44b6_c50204e0,44b6_c50204e0:43,union|44b6_c50204e0:43|120,0,0.016130218756454696
logistic_rich,44b6_c50204e0,44b6_c50204e0:43,union|44b6_c50204e0:43|121,0,0.028301084054989486
logistic_rich,44b6_c50204e0,44b6_c50204e0:43,union|44b6_c50204e0:43|122,0,0.0024779116416039897
logistic_rich,44b6_c50204e0,44b6_c50204e0:43,union|44b6_c50204e0:43|123,0,0.01900446081794187
logistic_rich,44b6_c50204e0,44b6_c50204e0:43,union|44b6_c50204e0:43|124,0,0.004073747872862787
logistic_rich,44b6_c50204e0,44b6_c50204e0:43,union|44b6_c50204e0:43|125,0,0.0008242378327705709
logistic_rich,44b6_c50204e0,44b6_c50204e0:43,union|44b6_c50204e0:43|126,0,0.16019880673676393
logistic_rich,44b6_c50204e0,44b6_c50204e0:43,union|44b6_c50204e0:43|127,0,0.04085866369629737
logistic_rich,44b6_c50204e0,44b6_c50204e0:43,union|44b6_c50204e0:43|128,0,0.04051539227488922
logistic_rich,44b6_c50204e0,44b6_c50204e0:43,union|44b6_c50204e0:43|129,0,0.08946621336443034
logistic_rich,44b6_c50204e0,44b6_c50204e0:43,union|44b6_c50204e0:43|130,0,0.04345206202191752
logistic_rich,44b6_c50204e0,44b6_c50204e0:43,union|44b6_c50204e0:43|131,0,0.04990437994367207
logistic_rich,44b6_c50204e0,44b6_c50204e0:43,union|44b6_c50204e0:43|132,0,0.04808160593221648
logistic_rich,44b6_c50204e0,44b6_c50204e0:43,union|44b6_c50204e0:43|133,0,0.039859897601803015
logistic_rich,44b6_c50204e0,44b6_c50204e0:43,union|44b6_c50204e0:43|134,0,0.09594067057511885
logistic_rich,44b6_c50204e0,44b6_c50204e0:43,union|44b6_c50204e0:43|135,0,0.0548046336646363
logistic_rich,44b6_c50204e0,44b6_c50204e0:43,union|44b6_c50204e0:43|136,0,8.276946279076493e-05
logistic_rich,44b6_c50204e0,44b6_c50204e0:184,union|44b6_c50204e0:184|0,0,0.08544695555778757
logistic_rich,44b6_c50204e0,44b6_c50204e0:184,union|44b6_c50204e0:184|1,0,0.07507133755498327
logistic_rich,44b6_c50204e0,44b6_c50204e0:184,union|44b6_c50204e0:184|2,0,0.009977523219126124
logistic_rich,44b6_c50204e0,44b6_c50204e0:184,union|44b6_c50204e0:184|3,0,0.3599287308418451
logistic_rich,44b6_c50204e0,44b6_c50204e0:184,union|44b6_c50204e0:184|4,0,0.04231844543035343
logistic_rich,44b6_c50204e0,44b6_c50204e0:184,union|44b6_c50204e0:184|5,0,0.006987452398736908
logistic_rich,44b6_c50204e0,44b6_c50204e0:184,union|44b6_c50204e0:184|6,0,0.16051181513547644
logistic_rich,44b6_c50204e0,44b6_c50204e0:184,union|44b6_c50204e0:184|7,0,0.045098975339343185
logistic_rich,44b6_c50204e0,44b6_c50204e0:184,union|44b6_c50204e0:184|8,0,0.031434703659596976
logistic_rich,44b6_c50204e0,44b6_c50204e0:184,union|44b6_c50204e0:184|9,0,0.009501755937125192
logistic_rich,44b6_c50204e0,44b6_c50204e0:184,union|44b6_c50204e0:184|10,0,0.026901147830191055
logistic_rich,44b6_c50204e0,44b6_c50204e0:184,union|44b6_c50204e0:184|11,0,0.1336097426518725
logistic_rich,44b6_c50204e0,44b6_c50204e0:184,union|44b6_c50204e0:184|12,0,0.03871782760458515
logistic_rich,44b6_c50204e0,44b6_c50204e0:184,union|44b6_c50204e0:184|13,0,0.21710560871922582
logistic_rich,44b6_c50204e0,44b6_c50204e0:184,union|44b6_c50204e0:184|14,0,0.008506142055177726
logistic_rich,44b6_c50204e0,44b6_c50204e0:184,union|44b6_c50204e0:184|15,0,0.027125605509893607
logistic_rich,44b6_c50204e0,44b6_c50204e0:184,union|44b6_c50204e0:184|16,0,0.022166265365324744
logistic_rich,44b6_c50204e0,44b6_c50204e0:184,union|44b6_c50204e0:184|17,0,0.012287546171017112
logistic_rich,44b6_c50204e0,44b6_c50204e0:184,union|44b6_c50204e0:184|18,0,0.13196166740301724
logistic_rich,44b6_c50204e0,44b6_c50204e0:184,union|44b6_c50204e0:184|19,0,0.12665092140386838
logistic_rich,44b6_c50204e0,44b6_c50204e0:184,union|44b6_c50204e0:184|20,0,0.07509027084968369
logistic_rich,44b6_c50204e0,44b6_c50204e0:184,union|44b6_c50204e0:184|21,0,0.011251745170129486
logistic_rich,44b6_c50204e0,44b6_c50204e0:184,union|44b6_c50204e0:184|22,0,0.0859203497378
logistic_rich,44b6_c50204e0,44b6_c50204e0:184,union|44b6_c50204e0:184|23,0,0.10076845429148862
logistic_rich,44b6_c50204e0,44b6_c50204e0:184,union|44b6_c50204e0:184|24,0,0.13710805210648838
logistic_rich,44b6_c50204e0,44b6_c50204e0:184,union|44b6_c50204e0:184|25,0,0.01513178936764254
logistic_rich,44b6_c50204e0,44b6_c50204e0:184,union|44b6_c50204e0:184|26,0,0.025725704607920546
logistic_rich,44b6_c50204e0,44b6_c50204e0:184,union|44b6_c50204e0:184|27,0,0.03492475628921215
logistic_rich,44b6_c50204e0,44b6_c50204e0:184,union|44b6_c50204e0:184|28,0,0.09728183938917803
logistic_rich,44b6_c50204e0,44b6_c50204e0:184,union|44b6_c50204e0:184|29,0,0.018311958029652173
logistic_rich,44b6_c50204e0,44b6_c50204e0:184,union|44b6_c50204e0:184|30,0,0.4617628736946081
logistic_rich,44b6_c50204e0,44b6_c50204e0:184,union|44b6_c50204e0:184|31,0,0.3332499810867238
logistic_rich,44b6_c50204e0,44b6_c50204e0:184,union|44b6_c50204e0:184|32,0,0.12790060527026548
logistic_rich,44b6_c50204e0,44b6_c50204e0:184,union|44b6_c50204e0:184|33,0,0.026892292339858785
logistic_rich,44b6_c50204e0,44b6_c50204e0:184,union|44b6_c50204e0:184|34,0,0.15220175285371051
logistic_rich,44b6_c50204e0,44b6_c50204e0:184,union|44b6_c50204e0:184|35,0,0.013018362075890058
logistic_rich,44b6_c50204e0,44b6_c50204e0:184,union|44b6_c50204e0:184|36,0,0.06440485910391516
logistic_rich,44b6_c50204e0,44b6_c50204e0:184,union|44b6_c50204e0:184|37,0,0.698591559559747
logistic_rich,44b6_c50204e0,44b6_c50204e0:184,union|44b6_c50204e0:184|38,0,0.028940226535964734
logistic_rich,44b6_c50204e0,44b6_c50204e0:184,union|44b6_c50204e0:184|39,0,0.21175277184651214
logistic_rich,44b6_c50204e0,44b6_c50204e0:184,union|44b6_c50204e0:184|40,0,0.009589713180177551
logistic_rich,44b6_c50204e0,44b6_c50204e0:184,union|44b6_c50204e0:184|41,0,0.038412842182488326
logistic_rich,44b6_c50204e0,44b6_c50204e0:184,union|44b6_c50204e0:184|42,0,0.15550013910831678
logistic_rich,44b6_c50204e0,44b6_c50204e0:184,union|44b6_c50204e0:184|43,0,0.17617690447329296
logistic_rich,44b6_c50204e0,44b6_c50204e0:184,union|44b6_c50204e0:184|44,0,0.007012410746621312
logistic_rich,44b6_c50204e0,44b6_c50204e0:184,union|44b6_c50204e0:184|45,0,0.4221233182163717
logistic_rich,44b6_c50204e0,44b6_c50204e0:184,union|44b6_c50204e0:184|46,0,0.29522334174544657
logistic_rich,44b6_c50204e0,44b6_c50204e0:184,union|44b6_c50204e0:184|47,0,0.25751112432702417
logistic_rich,44b6_c50204e0,44b6_c50204e0:184,union|44b6_c50204e0:184|48,0,0.017192458300908924
logistic_rich,44b6_c50204e0,44b6_c50204e0:184,union|44b6_c50204e0:184|49,0,0.08036480962124234
logistic_rich,44b6_c50204e0,44b6_c50204e0:184,union|44b6_c50204e0:184|50,0,0.27267508351911335
logistic_rich,44b6_c50204e0,44b6_c50204e0:184,union|44b6_c50204e0:184|51,0,0.016246780829825117
logistic_rich,44b6_c50204e0,44b6_c50204e0:184,union|44b6_c50204e0:184|52,0,0.04321608239413748
logistic_rich,44b6_c50204e0,44b6_c50204e0:184,union|44b6_c50204e0:184|53,0,0.04248729502399467
logistic_rich,44b6_c50204e0,44b6_c50204e0:184,union|44b6_c50204e0:184|54,0,0.019581477000388762
logistic_rich,44b6_c50204e0,44b6_c50204e0:184,union|44b6_c50204e0:184|55,0,0.12461912841297054
logistic_rich,44b6_c50204e0,44b6_c50204e0:184,union|44b6_c50204e0:184|56,0,0.04939306467868788
logistic_rich,44b6_c50204e0,44b6_c50204e0:184,union|44b6_c50204e0:184|57,0,0.026543268611342086
logistic_rich,44b6_c50204e0,44b6_c50204e0:184,union|44b6_c50204e0:184|58,0,0.0029088746275350913
logistic_rich,44b6_c50204e0,44b6_c50204e0:184,union|44b6_c50204e0:184|59,0,0.042534652661067256
logistic_rich,44b6_c50204e0,44b6_c50204e0:184,union|44b6_c50204e0:184|60,0,0.752780275278287
logistic_rich,44b6_c50204e0,44b6_c50204e0:184,union|44b6_c50204e0:184|61,0,0.013103196685347927
logistic_rich,44b6_c50204e0,44b6_c50204e0:184,union|44b6_c50204e0:184|62,0,0.09215256042558487
logistic_rich,44b6_c50204e0,44b6_c50204e0:184,union|44b6_c50204e0:184|63,0,0.30350113985016813
logistic_rich,44b6_c50204e0,44b6_c50204e0:184,union|44b6_c50204e0:184|64,0,0.6004791005123389
logistic_rich,44b6_c50204e0,44b6_c50204e0:184,union|44b6_c50204e0:184|65,0,0.5255063865209015
logistic_rich,44b6_c50204e0,44b6_c50204e0:184,union|44b6_c50204e0:184|66,0,0.426822972913852
logistic_rich,44b6_c50204e0,44b6_c50204e0:184,union|44b6_c50204e0:184|67,0,0.6559329637591229
logistic_rich,44b6_c50204e0,44b6_c50204e0:184,union|44b6_c50204e0:184|68,0,0.062677324267267
logistic_rich,44b6_c50204e0,44b6_c50204e0:184,union|44b6_c50204e0:184|69,0,0.20118221002727102
logistic_rich,44b6_c50204e0,44b6_c50204e0:184,union|44b6_c50204e0:184|70,0,0.08084598141591653
logistic_rich,44b6_c50204e0,44b6_c50204e0:184,union|44b6_c50204e0:184|71,0,0.03672937958723755
logistic_rich,44b6_c50204e0,44b6_c50204e0:184,union|44b6_c50204e0:184|72,0,0.06508867237776217
logistic_rich,44b6_c50204e0,44b6_c50204e0:184,union|44b6_c50204e0:184|73,0,0.015453737458039098
logistic_rich,44b6_c50204e0,44b6_c50204e0:184,union|44b6_c50204e0:184|74,0,0.05876425795789116
logistic_rich,44b6_c50204e0,44b6_c50204e0:184,union|44b6_c50204e0:184|75,0,0.031782410711372736
logistic_rich,44b6_c50204e0,44b6_c50204e0:184,union|44b6_c50204e0:184|76,0,0.06065131241618227
logistic_rich,44b6_c50204e0,44b6_c50204e0:184,union|44b6_c50204e0:184|77,0,0.10382207684014969
logistic_rich,44b6_c50204e0,44b6_c50204e0:184,union|44b6_c50204e0:184|78,0,0.003542481397192038
logistic_rich,44b6_c50204e0,44b6_c50204e0:184,union|44b6_c50204e0:184|79,0,0.012594851669754107
logistic_rich,44b6_c50204e0,44b6_c50204e0:184,union|44b6_c50204e0:184|80,0,0.07282075036295899
logistic_rich,44b6_c50204e0,44b6_c50204e0:184,union|44b6_c50204e0:184|81,0,0.008903467091646064
logistic_rich,44b6_c50204e0,44b6_c50204e0:184,union|44b6_c50204e0:184|82,0,0.22189617297991251
logistic_rich,44b6_c50204e0,44b6_c50204e0:184,union|44b6_c50204e0:184|83,0,0.0473794722402401
logistic_rich,44b6_c50204e0,44b6_c50204e0:184,union|44b6_c50204e0:184|84,0,0.6417572716701032
logistic_rich,44b6_c50204e0,44b6_c50204e0:184,union|44b6_c50204e0:184|85,0,0.033250898797035265
logistic_rich,44b6_c50204e0,44b6_c50204e0:184,union|44b6_c50204e0:184|86,0,0.8822023441823855
logistic_rich,44b6_c50204e0,44b6_c50204e0:184,union|44b6_c50204e0:184|87,0,0.9304743528185494
logistic_rich,44b6_c50204e0,44b6_c50204e0:184,union|44b6_c50204e0:184|88,0,0.7396209656788253
logistic_rich,44b6_c50204e0,44b6_c50204e0:184,union|44b6_c50204e0:184|89,0,0.38976349629664564
logistic_rich,44b6_c50204e0,44b6_c50204e0:184,union|44b6_c50204e0:184|90,0,0.018207376064443902
logistic_rich,44b6_c50204e0,44b6_c50204e0:184,union|44b6_c50204e0:184|91,0,0.17712858828452416
logistic_rich,44b6_c50204e0,44b6_c50204e0:184,union|44b6_c50204e0:184|92,0,0.32783633615541596
logistic_rich,44b6_c50204e0,44b6_c50204e0:184,union|44b6_c50204e0:184|93,0,0.06308652024528942
logistic_rich,44b6_c50204e0,44b6_c50204e0:184,union|44b6_c50204e0:184|94,0,0.20805465939849044
logistic_rich,44b6_c50204e0,44b6_c50204e0:184,union|44b6_c50204e0:184|95,0,0.6443798056389612
logistic_rich,44b6_c50204e0,44b6_c50204e0:184,union|44b6_c50204e0:184|96,0,0.04679864374580476
logistic_rich,44b6_c50204e0,44b6_c50204e0:184,union|44b6_c50204e0:184|97,0,0.014709994884470135
logistic_rich,44b6_c50204e0,44b6_c50204e0:184,union|44b6_c50204e0:184|98,0,0.011124659266881545
logistic_rich,44b6_c50204e0,44b6_c50204e0:184,union|44b6_c50204e0:184|99,0,0.005771293537576568
logistic_rich,44b6_c50204e0,44b6_c50204e0:184,union|44b6_c50204e0:184|100,0,0.009673067683807697
logistic_rich,44b6_c50204e0,44b6_c50204e0:184,union|44b6_c50204e0:184|101,0,0.009715049123354118
logistic_rich,44b6_c50204e0,44b6_c50204e0:184,union|44b6_c50204e0:184|102,0,0.013511160499506132
logistic_rich,44b6_c50204e0,44b6_c50204e0:184,union|44b6_c50204e0:184|103,0,0.012401006396428927
logistic_rich,44b6_c50204e0,44b6_c50204e0:184,union|44b6_c50204e0:184|104,0,0.015102565903525371
logistic_rich,44b6_c50204e0,44b6_c50204e0:184,union|44b6_c50204e0:184|105,0,0.05805341972052016
logistic_rich,44b6_c50204e0,44b6_c50204e0:184,union|44b6_c50204e0:184|106,0,0.49178240139159457
logistic_rich,44b6_c50204e0,44b6_c50204e0:184,union|44b6_c50204e0:184|107,0,0.5075798254438698
logistic_rich,44b6_c50204e0,44b6_c50204e0:184,union|44b6_c50204e0:184|108,0,0.11887990183035006
logistic_rich,44b6_c50204e0,44b6_c50204e0:184,union|44b6_c50204e0:184|109,0,0.04527095504973165
logistic_rich,44b6_c50204e0,44b6_c50204e0:184,union|44b6_c50204e0:184|110,0,0.08811165984109226
logistic_rich,44b6_c50204e0,44b6_c50204e0:184,union|44b6_c50204e0:184|111,0,0.024356689181355664
logistic_rich,44b6_c50204e0,44b6_c50204e0:184,union|44b6_c50204e0:184|112,0,0.11976678585091237
logistic_rich,44b6_c50204e0,44b6_c50204e0:184,union|44b6_c50204e0:184|113,0,0.07652194423158432
logistic_rich,44b6_c50204e0,44b6_c50204e0:184,union|44b6_c50204e0:184|114,0,0.2379860244264543
logistic_rich,44b6_c50204e0,44b6_c50204e0:184,union|44b6_c50204e0:184|115,0,0.25399425039655954
logistic_rich,44b6_c50204e0,44b6_c50204e0:184,union|44b6_c50204e0:184|116,0,0.19189990194209486
logistic_rich,44b6_c50204e0,44b6_c50204e0:184,union|44b6_c50204e0:184|117,0,0.08719470239754668
logistic_rich,44b6_c50204e0,44b6_c50204e0:184,union|44b6_c50204e0:184|118,0,0.03218855447372719
logistic_rich,44b6_c50204e0,44b6_c50204e0:184,union|44b6_c50204e0:184|119,0,0.04153034807053374
logistic_rich,44b6_c50204e0,44b6_c50204e0:184,union|44b6_c50204e0:184|120,0,0.018945329810198832
logistic_rich,44b6_c50204e0,44b6_c50204e0:184,union|44b6_c50204e0:184|121,0,0.38876802847169156
logistic_rich,44b6_c50204e0,44b6_c50204e0:184,union|44b6_c50204e0:184|122,1,0.9520972976691209
logistic_rich,44b6_c50204e0,44b6_c50204e0:184,union|44b6_c50204e0:184|123,0,0.46850848800503486
logistic_rich,44b6_c50204e0,44b6_c50204e0:184,union|44b6_c50204e0:184|124,0,0.20249634609530726
logistic_rich,44b6_c50204e0,44b6_c50204e0:184,union|44b6_c50204e0:184|125,0,0.011052701745709171
logistic_rich,44b6_c50204e0,44b6_c50204e0:184,union|44b6_c50204e0:184|126,0,0.016131145369937257
logistic_rich,44b6_c50204e0,44b6_c50204e0:184,union|44b6_c50204e0:184|127,0,0.04625110878996086
logistic_rich,44b6_c50204e0,44b6_c50204e0:184,union|44b6_c50204e0:184|128,0,0.1422077163150072
logistic_rich,44b6_c50204e0,44b6_c50204e0:184,union|44b6_c50204e0:184|129,0,0.09249391298985105
logistic_rich,44b6_c50204e0,44b6_c50204e0:184,union|44b6_c50204e0:184|130,0,0.013203860398885483
logistic_rich,44b6_c50204e0,44b6_c50204e0:184,union|44b6_c50204e0:184|131,0,0.085198232013255
logistic_rich,44b6_c50204e0,44b6_c50204e0:184,union|44b6_c50204e0:184|132,0,0.0726768322764715
logistic_rich,44b6_c50204e0,44b6_c50204e0:184,union|44b6_c50204e0:184|133,0,0.0762460799037559
logistic_rich,44b6_c50204e0,44b6_c50204e0:184,union|44b6_c50204e0:184|134,0,0.12155367439507846
logistic_rich,44b6_c50204e0,44b6_c50204e0:184,union|44b6_c50204e0:184|135,0,0.11087744667028024
logistic_rich,44b6_c50204e0,44b6_c50204e0:184,union|44b6_c50204e0:184|136,0,0.13504332715808556
logistic_rich,44b6_c50204e0,44b6_c50204e0:184,union|44b6_c50204e0:184|137,0,0.041627439877888285
logistic_rich,44b6_c50204e0,44b6_c50204e0:184,union|44b6_c50204e0:184|138,0,0.021109675670349617
logistic_rich,44b6_c50204e0,44b6_c50204e0:184,union|44b6_c50204e0:184|139,0,0.018841718726565686
logistic_rich,44b6_c50204e0,44b6_c50204e0:184,union|44b6_c50204e0:184|140,0,0.01612784311458777
logistic_rich,44b6_c50204e0,44b6_c50204e0:184,union|44b6_c50204e0:184|141,0,0.8304145126964637
logistic_rich,44b6_c50204e0,44b6_c50204e0:184,union|44b6_c50204e0:184|142,0,0.8508390438763309
logistic_rich,44b6_c50204e0,44b6_c50204e0:184,union|44b6_c50204e0:184|143,0,0.6048337024531075
logistic_rich,44b6_c50204e0,44b6_c50204e0:184,union|44b6_c50204e0:184|144,0,0.17604424413301603
logistic_rich,44b6_c50204e0,44b6_c50204e0:184,union|44b6_c50204e0:184|145,0,0.7280138597787871
logistic_rich,44b6_c50204e0,44b6_c50204e0:184,union|44b6_c50204e0:184|146,0,0.050217379664833715
logistic_rich,44b6_c50204e0,44b6_c50204e0:184,union|44b6_c50204e0:184|147,0,0.4632766450652702
logistic_rich,44b6_c50204e0,44b6_c50204e0:184,union|44b6_c50204e0:184|148,0,0.3217169277171404
logistic_rich,44b6_c50204e0,44b6_c50204e0:184,union|44b6_c50204e0:184|149,0,0.028482620197346327
logistic_rich,44b6_c50204e0,44b6_c50204e0:184,union|44b6_c50204e0:184|150,0,0.02403619264096827
logistic_rich,44b6_c50204e0,44b6_c50204e0:184,union|44b6_c50204e0:184|151,0,0.03573068598954951
logistic_rich,44b6_c50204e0,44b6_c50204e0:184,union|44b6_c50204e0:184|152,0,0.013731647380516573
logistic_rich,44b6_c50204e0,44b6_c50204e0:184,union|44b6_c50204e0:184|153,0,0.023696808905700882
logistic_rich,44b6_c50204e0,44b6_c50204e0:184,union|44b6_c50204e0:184|154,0,0.009558856294965433
logistic_rich,44b6_c50204e0,44b6_c50204e0:184,union|44b6_c50204e0:184|155,0,0.9799267280752987
logistic_rich,44b6_c50204e0,44b6_c50204e0:184,union|44b6_c50204e0:184|156,0,0.7466173111993963
logistic_rich,44b6_c50204e0,44b6_c50204e0:184,union|44b6_c50204e0:184|157,0,0.005286454240203755
logistic_rich,44b6_c50204e0,44b6_c50204e0:184,union|44b6_c50204e0:184|158,0,0.050245555495681625
logistic_rich,44b6_c50204e0,44b6_c50204e0:184,union|44b6_c50204e0:184|159,0,0.17307711413534688
logistic_rich,44b6_c50204e0,44b6_c50204e0:184,union|44b6_c50204e0:184|160,0,0.04858786086146429
logistic_rich,44b6_c50204e0,44b6_c50204e0:184,union|44b6_c50204e0:184|161,0,0.5031523036643469
logistic_rich,44b6_c50204e0,44b6_c50204e0:184,union|44b6_c50204e0:184|162,0,0.03869968701694824
logistic_rich,44b6_c50204e0,44b6_c50204e0:184,union|44b6_c50204e0:184|163,0,0.47067657566991694
logistic_rich,44b6_c50204e0,44b6_c50204e0:184,union|44b6_c50204e0:184|164,0,0.712226007503159
logistic_rich,44b6_c50204e0,44b6_c50204e0:184,union|44b6_c50204e0:184|165,0,0.049397869359588405
logistic_rich,44b6_c50204e0,44b6_c50204e0:184,union|44b6_c50204e0:184|166,0,0.5562900865343208
logistic_rich,44b6_c50204e0,44b6_c50204e0:184,union|44b6_c50204e0:184|167,0,0.04595781266585131
logistic_rich,44b6_c50204e0,44b6_c50204e0:184,union|44b6_c50204e0:184|168,0,0.6132842408239342
logistic_rich,44b6_c50204e0,44b6_c50204e0:184,union|44b6_c50204e0:184|169,0,0.0209984324548562
logistic_rich,44b6_c50204e0,44b6_c50204e0:184,union|44b6_c50204e0:184|170,0,0.4313137867392055
logistic_rich,44b6_c50204e0,44b6_c50204e0:184,union|44b6_c50204e0:184|171,0,0.006373660566584973
logistic_rich,44b6_c50204e0,44b6_c50204e0:184,union|44b6_c50204e0:184|172,0,0.17601441358713416
logistic_rich,44b6_c50204e0,44b6_c50204e0:184,union|44b6_c50204e0:184|173,0,0.06049528024944904
logistic_rich,44b6_c50204e0,44b6_c50204e0:184,union|44b6_c50204e0:184|174,0,0.73721773221493
logistic_rich,44b6_c50204e0,44b6_c50204e0:184,union|44b6_c50204e0:184|175,0,0.04656580057623415
logistic_rich,44b6_c50204e0,44b6_c50204e0:184,union|44b6_c50204e0:184|176,0,0.21337742531521905
logistic_rich,44b6_c50204e0,44b6_c50204e0:184,union|44b6_c50204e0:184|177,0,0.012196405052352529
logistic_rich,44b6_c50204e0,44b6_c50204e0:184,union|44b6_c50204e0:184|178,0,0.007005448417562153
logistic_rich,44b6_c50204e0,44b6_c50204e0:184,union|44b6_c50204e0:184|179,0,0.20239804929303476
logistic_rich,44b6_c50204e0,44b6_c50204e0:184,union|44b6_c50204e0:184|180,0,0.0006155323904742701
logistic_rich,44b6_c50204e0,44b6_c50204e0:184,union|44b6_c50204e0:184|181,0,0.17784733350087775
logistic_rich,44b6_c50204e0,44b6_c50204e0:184,union|44b6_c50204e0:184|182,0,0.010814248850160508
logistic_rich,44b6_c50204e0,44b6_c50204e0:184,union|44b6_c50204e0:184|183,0,0.10196651781235672
logistic_rich,44b6_c50204e0,44b6_c50204e0:184,union|44b6_c50204e0:184|184,0,0.061046611746338506
logistic_rich,44b6_c50204e0,44b6_c50204e0:184,union|44b6_c50204e0:184|185,0,0.013453716838938026
logistic_rich,44b6_c50204e0,44b6_c50204e0:184,union|44b6_c50204e0:184|186,0,0.03509355990395684
logistic_rich,44b6_c50204e0,44b6_c50204e0:184,union|44b6_c50204e0:184|187,0,0.25022863241549864
logistic_rich,44b6_c50204e0,44b6_c50204e0:184,union|44b6_c50204e0:184|188,0,0.05612669734761722
logistic_rich,44b6_c50204e0,44b6_c50204e0:184,union|44b6_c50204e0:184|189,0,0.021212221502863483
logistic_rich,44b6_c50204e0,44b6_c50204e0:184,union|44b6_c50204e0:184|190,0,0.04977391673521966
logistic_rich,44b6_c50204e0,44b6_c50204e0:184,union|44b6_c50204e0:184|191,0,0.009569164371224969
logistic_rich,44b6_c50204e0,44b6_c50204e0:184,union|44b6_c50204e0:184|192,0,0.003911468168320343
logistic_rich,44b6_c50204e0,44b6_c50204e0:184,union|44b6_c50204e0:184|193,0,0.052649424204181984
logistic_rich,44b6_c50204e0,44b6_c50204e0:184,union|44b6_c50204e0:184|194,0,0.046735396007231915
logistic_rich,44b6_c50204e0,44b6_c50204e0:184,union|44b6_c50204e0:184|195,0,0.002193137413965511
logistic_rich,44b6_d2f34f90,44b6_d2f34f90:103,union|44b6_d2f34f90:103|0,0,0.15665705907186261
logistic_rich,44b6_d2f34f90,44b6_d2f34f90:103,union|44b6_d2f34f90:103|1,0,0.021990013383380722
logistic_rich,44b6_d2f34f90,44b6_d2f34f90:103,union|44b6_d2f34f90:103|2,0,0.07385999158137027
logistic_rich,44b6_d2f34f90,44b6_d2f34f90:103,union|44b6_d2f34f90:103|3,0,0.1023771389432778
logistic_rich,44b6_d2f34f90,44b6_d2f34f90:103,union|44b6_d2f34f90:103|4,0,0.009158841686418659
logistic_rich,44b6_d2f34f90,44b6_d2f34f90:103,union|44b6_d2f34f90:103|5,0,0.181232659878164
logistic_rich,44b6_d2f34f90,44b6_d2f34f90:103,union|44b6_d2f34f90:103|6,0,0.03516076454232988
logistic_rich,44b6_d2f34f90,44b6_d2f34f90:103,union|44b6_d2f34f90:103|7,0,0.00637991253651703
logistic_rich,44b6_d2f34f90,44b6_d2f34f90:103,union|44b6_d2f34f90:103|8,0,0.001570289509860743
logistic_rich,44b6_d2f34f90,44b6_d2f34f90:103,union|44b6_d2f34f90:103|9,0,0.003053300170527211
logistic_rich,44b6_d2f34f90,44b6_d2f34f90:103,union|44b6_d2f34f90:103|10,0,0.6899074336604843
logistic_rich,44b6_d2f34f90,44b6_d2f34f90:103,union|44b6_d2f34f90:103|11,0,0.5950437822889875
logistic_rich,44b6_d2f34f90,44b6_d2f34f90:103,union|44b6_d2f34f90:103|12,1,0.9970583979569292
logistic_rich,44b6_d2f34f90,44b6_d2f34f90:103,union|44b6_d2f34f90:103|13,0,0.6387426081363154
logistic_rich,44b6_d2f34f90,44b6_d2f34f90:103,union|44b6_d2f34f90:103|14,0,0.9813542731612527
logistic_rich,44b6_d2f34f90,44b6_d2f34f90:103,union|44b6_d2f34f90:103|15,0,0.1329647729924815
logistic_rich,44b6_d2f34f90,44b6_d2f34f90:103,union|44b6_d2f34f90:103|16,0,0.028239290755284804
logistic_rich,44b6_d2f34f90,44b6_d2f34f90:103,union|44b6_d2f34f90:103|17,0,0.003437605277629795
logistic_rich,44b6_d2f34f90,44b6_d2f34f90:103,union|44b6_d2f34f90:103|18,0,0.002595901665646888
logistic_rich,44b6_d2f34f90,44b6_d2f34f90:103,union|44b6_d2f34f90:103|19,0,0.00044731020637419315
logistic_rich,44b6_d2f34f90,44b6_d2f34f90:103,union|44b6_d2f34f90:103|20,0,0.004419154617527847
logistic_rich,44b6_d2f34f90,44b6_d2f34f90:103,union|44b6_d2f34f90:103|21,0,0.6800603367411904
logistic_rich,44b6_d2f34f90,44b6_d2f34f90:103,union|44b6_d2f34f90:103|22,0,0.8102682726093975
logistic_rich,44b6_d2f34f90,44b6_d2f34f90:103,union|44b6_d2f34f90:103|23,0,0.7125923010655821
logistic_rich,44b6_d2f34f90,44b6_d2f34f90:103,union|44b6_d2f34f90:103|24,0,0.08946935866366924
logistic_rich,44b6_d2f34f90,44b6_d2f34f90:103,union|44b6_d2f34f90:103|25,0,0.029174649029832637
logistic_rich,44b6_d2f34f90,44b6_d2f34f90:103,union|44b6_d2f34f90:103|26,0,0.6449344208531639
logistic_rich,44b6_d2f34f90,44b6_d2f34f90:103,union|44b6_d2f34f90:103|27,0,0.20111645947820733
logistic_rich,44b6_d2f34f90,44b6_d2f34f90:103,union|44b6_d2f34f90:103|28,0,0.6172437154567203
logistic_rich,44b6_d2f34f90,44b6_d2f34f90:103,union|44b6_d2f34f90:103|29,0,0.07102127526580666
logistic_rich,44b6_d2f34f90,44b6_d2f34f90:103,union|44b6_d2f34f90:103|30,0,0.12565024026090751
logistic_rich,44b6_d2f34f90,44b6_d2f34f90:103,union|44b6_d2f34f90:103|31,0,0.07657857634711537
logistic_rich,44b6_d2f34f90,44b6_d2f34f90:103,union|44b6_d2f34f90:103|32,0,0.0059108344134924835
logistic_rich,44b6_d2f34f90,44b6_d2f34f90:103,union|44b6_d2f34f90:103|33,0,0.010735580490934414
logistic_rich,44b6_d2f34f90,44b6_d2f34f90:103,union|44b6_d2f34f90:103|34,0,0.00044934715452626776
logistic_rich,44b6_d2f34f90,44b6_d2f34f90:103,union|44b6_d2f34f90:103|35,0,0.2604368860695984
logistic_rich,44b6_d2f34f90,44b6_d2f34f90:103,union|44b6_d2f34f90:103|36,0,0.49121768554094397
logistic_rich,44b6_d2f34f90,44b6_d2f34f90:103,union|44b6_d2f34f90:103|37,0,0.9770225832777409
logistic_rich,44b6_d2f34f90,44b6_d2f34f90:103,union|44b6_d2f34f90:103|38,0,0.05016647999122213
logistic_rich,44b6_d2f34f90,44b6_d2f34f90:103,union|44b6_d2f34f90:103|39,0,0.07182911003229199
logistic_rich,44b6_d2f34f90,44b6_d2f34f90:103,union|44b6_d2f34f90:103|40,0,0.04059151094176679
logistic_rich,44b6_d2f34f90,44b6_d2f34f90:103,union|44b6_d2f34f90:103|41,0,0.0026141030281323302
logistic_rich,44b6_d2f34f90,44b6_d2f34f90:103,union|44b6_d2f34f90:103|42,0,0.0020388377007367828
logistic_rich,44b6_d2f34f90,44b6_d2f34f90:103,union|44b6_d2f34f90:103|43,0,0.00045080588166686737
logistic_rich,44b6_d2f34f90,44b6_d2f34f90:103,union|44b6_d2f34f90:103|44,0,0.005526859212902859
logistic_rich,44b6_d2f34f90,44b6_d2f34f90:103,union|44b6_d2f34f90:103|45,0,0.8616724748704674
logistic_rich,44b6_d2f34f90,44b6_d2f34f90:103,union|44b6_d2f34f90:103|46,0,0.10002027440000318
logistic_rich,44b6_d2f34f90,44b6_d2f34f90:103,union|44b6_d2f34f90:103|47,0,0.060882573594812896
logistic_rich,44b6_d2f34f90,44b6_d2f34f90:103,union|44b6_d2f34f90:103|48,0,0.001582162437536134
logistic_rich,44b6_d2f34f90,44b6_d2f34f90:103,union|44b6_d2f34f90:103|49,0,0.0006609963059509428
logistic_rich,44b6_d2f34f90,44b6_d2f34f90:103,union|44b6_d2f34f90:103|50,0,0.031743509149939494
logistic_rich,44b6_d2f34f90,44b6_d2f34f90:103,union|44b6_d2f34f90:103|51,0,0.03453612624933233
logistic_rich,44b6_d2f34f90,44b6_d2f34f90:103,union|44b6_d2f34f90:103|52,0,0.05473876554282616
logistic_rich,44b6_d2f34f90,44b6_d2f34f90:103,union|44b6_d2f34f90:103|53,0,0.02562391912653952
logistic_rich,44b6_d2f34f90,44b6_d2f34f90:103,union|44b6_d2f34f90:103|54,0,0.005028718381698187
logistic_rich,44b6_d2f34f90,44b6_d2f34f90:103,union|44b6_d2f34f90:103|55,0,0.00026330225688991156
logistic_rich,44b6_d2f34f90,44b6_d2f34f90:103,union|44b6_d2f34f90:103|56,0,0.0040970432805052925
logistic_rich,44b6_d2f34f90,44b6_d2f34f90:103,union|44b6_d2f34f90:103|57,0,0.014236440429373741
logistic_rich,44b6_d2f34f90,44b6_d2f34f90:103,union|44b6_d2f34f90:103|58,0,0.0010800485407507624
logistic_rich,44b6_d2f34f90,44b6_d2f34f90:103,union|44b6_d2f34f90:103|59,0,0.0018080423422938226
logistic_rich,44b6_d2f34f90,44b6_d2f34f90:103,union|44b6_d2f34f90:103|60,0,0.0004510904013690355
logistic_rich,44b6_d2f34f90,44b6_d2f34f90:103,union|44b6_d2f34f90:103|61,0,0.018404044767268937
logistic_rich,44b6_d2f34f90,44b6_d2f34f90:103,union|44b6_d2f34f90:103|62,0,0.0749855442183634
logistic_rich,44b6_d2f34f90,44b6_d2f34f90:103,union|44b6_d2f34f90:103|63,0,0.0003560712623427055
logistic_rich,44b6_d2f34f90,44b6_d2f34f90:103,union|44b6_d2f34f90:103|64,0,0.0002101935487314251
logistic_rich,44b6_d2f34f90,44b6_d2f34f90:103,union|44b6_d2f34f90:103|65,0,3.619690529253692e-05
logistic_rich,44b6_d2f34f90,44b6_d2f34f90:103,union|44b6_d2f34f90:103|66,0,0.001287552810510406
logistic_rich,44b6_d2f34f90,44b6_d2f34f90:103,union|44b6_d2f34f90:103|67,0,0.0004193378674643638
logistic_rich,44b6_d2f34f90,44b6_d2f34f90:103,union|44b6_d2f34f90:103|68,0,0.0002675457322619247
logistic_rich,44b6_d2f34f90,44b6_d2f34f90:103,union|44b6_d2f34f90:103|69,0,9.849597766022632e-05
logistic_rich,44b6_d2f34f90,44b6_d2f34f90:103,union|44b6_d2f34f90:103|70,0,0.0010483598066614564
logistic_rich,44b6_d2f34f90,44b6_d2f34f90:103,union|44b6_d2f34f90:103|71,0,7.512315063018569e-06
logistic_rich,44b6_d2f34f90,44b6_d2f34f90:103,union|44b6_d2f34f90:103|72,0,0.0005150055192095953
logistic_rich,44b6_d2f34f90,44b6_d2f34f90:103,union|44b6_d2f34f90:103|73,0,0.0004342270192811622
logistic_rich,44b6_d2f34f90,44b6_d2f34f90:103,union|44b6_d2f34f90:103|74,0,0.00012115832979754483
logistic_rich,44b6_d2f34f90,44b6_d2f34f90:103,union|44b6_d2f34f90:103|75,0,3.2865610124117574e-05
logistic_rich,44b6_d2f34f90,44b6_d2f34f90:137,union|44b6_d2f34f90:137|0,0,0.043206741913704126
logistic_rich,44b6_d2f34f90,44b6_d2f34f90:137,union|44b6_d2f34f90:137|1,0,0.07412827053485643
logistic_rich,44b6_d2f34f90,44b6_d2f34f90:137,union|44b6_d2f34f90:137|2,0,0.5706861719446341
logistic_rich,44b6_d2f34f90,44b6_d2f34f90:137,union|44b6_d2f34f90:137|3,0,0.06372897266066131
logistic_rich,44b6_d2f34f90,44b6_d2f34f90:137,union|44b6_d2f34f90:137|4,0,0.14597762313598853
logistic_rich,44b6_d2f34f90,44b6_d2f34f90:137,union|44b6_d2f34f90:137|5,0,0.5587113396181541
logistic_rich,44b6_d2f34f90,44b6_d2f34f90:137,union|44b6_d2f34f90:137|6,0,0.31704610255510063
logistic_rich,44b6_d2f34f90,44b6_d2f34f90:137,union|44b6_d2f34f90:137|7,0,0.7602764980711939
logistic_rich,44b6_d2f34f90,44b6_d2f34f90:137,union|44b6_d2f34f90:137|8,0,0.6888704579077651
logistic_rich,44b6_d2f34f90,44b6_d2f34f90:137,union|44b6_d2f34f90:137|9,0,0.10034673178932486
logistic_rich,44b6_d2f34f90,44b6_d2f34f90:137,union|44b6_d2f34f90:137|10,0,0.07229813484616246
logistic_rich,44b6_d2f34f90,44b6_d2f34f90:137,union|44b6_d2f34f90:137|11,0,0.007538148133901329
logistic_rich,44b6_d2f34f90,44b6_d2f34f90:137,union|44b6_d2f34f90:137|12,0,0.014305066121714968
logistic_rich,44b6_d2f34f90,44b6_d2f34f90:137,union|44b6_d2f34f90:137|13,0,0.024819044317038776
logistic_rich,44b6_d2f34f90,44b6_d2f34f90:137,union|44b6_d2f34f90:137|14,0,0.08827237428203136
logistic_rich,44b6_d2f34f90,44b6_d2f34f90:137,union|44b6_d2f34f90:137|15,0,0.04248092960745051
logistic_rich,44b6_d2f34f90,44b6_d2f34f90:137,union|44b6_d2f34f90:137|16,0,0.04226684012055468
logistic_rich,44b6_d2f34f90,44b6_d2f34f90:137,union|44b6_d2f34f90:137|17,0,0.1239351940305935
logistic_rich,44b6_d2f34f90,44b6_d2f34f90:137,union|44b6_d2f34f90:137|18,0,0.25316862368161497
logistic_rich,44b6_d2f34f90,44b6_d2f34f90:137,union|44b6_d2f34f90:137|19,0,0.05336283087873548
logistic_rich,44b6_d2f34f90,44b6_d2f34f90:137,union|44b6_d2f34f90:137|20,0,0.156243523749868
logistic_rich,44b6_d2f34f90,44b6_d2f34f90:137,union|44b6_d2f34f90:137|21,0,0.008732912020079813
logistic_rich,44b6_d2f34f90,44b6_d2f34f90:137,union|44b6_d2f34f90:137|22,0,0.07473858071713144
logistic_rich,44b6_d2f34f90,44b6_d2f34f90:137,union|44b6_d2f34f90:137|23,0,0.10270075838067937
logistic_rich,44b6_d2f34f90,44b6_d2f34f90:137,union|44b6_d2f34f90:137|24,0,0.21690604631644636
logistic_rich,44b6_d2f34f90,44b6_d2f34f90:137,union|44b6_d2f34f90:137|25,0,0.04914770572734481
logistic_rich,44b6_d2f34f90,44b6_d2f34f90:137,union|44b6_d2f34f90:137|26,0,0.17764299182872795
logistic_rich,44b6_d2f34f90,44b6_d2f34f90:137,union|44b6_d2f34f90:137|27,0,0.5092131702555374
logistic_rich,44b6_d2f34f90,44b6_d2f34f90:137,union|44b6_d2f34f90:137|28,1,0.9930086094838935
logistic_rich,44b6_d2f34f90,44b6_d2f34f90:137,union|44b6_d2f34f90:137|29,0,0.009760498003094907
logistic_rich,44b6_d2f34f90,44b6_d2f34f90:137,union|44b6_d2f34f90:137|30,0,0.7191952277190182
logistic_rich,44b6_d2f34f90,44b6_d2f34f90:137,union|44b6_d2f34f90:137|31,0,0.4428074740515473
logistic_rich,44b6_d2f34f90,44b6_d2f34f90:137,union|44b6_d2f34f90:137|32,0,0.9497242028148164
logistic_rich,44b6_d2f34f90,44b6_d2f34f90:137,union|44b6_d2f34f90:137|33,0,0.2122262840579693
logistic_rich,44b6_d2f34f90,44b6_d2f34f90:137,union|44b6_d2f34f90:137|34,0,0.12030525804194486
logistic_rich,44b6_d2f34f90,44b6_d2f34f90:137,union|44b6_d2f34f90:137|35,0,0.0985787951394911
logistic_rich,44b6_d2f34f90,44b6_d2f34f90:137,union|44b6_d2f34f90:137|36,0,0.026017972949240107
logistic_rich,44b6_d2f34f90,44b6_d2f34f90:137,union|44b6_d2f34f90:137|37,0,0.006392200796973863
logistic_rich,44b6_d2f34f90,44b6_d2f34f90:137,union|44b6_d2f34f90:137|38,0,0.17797353718381057
logistic_rich,44b6_d2f34f90,44b6_d2f34f90:137,union|44b6_d2f34f90:137|39,0,0.06180283886624695
logistic_rich,44b6_d2f34f90,44b6_d2f34f90:137,union|44b6_d2f34f90:137|40,0,0.03409044556353391
logistic_rich,44b6_d2f34f90,44b6_d2f34f90:137,union|44b6_d2f34f90:137|41,0,0.1560045887250949
logistic_rich,44b6_d2f34f90,44b6_d2f34f90:137,union|44b6_d2f34f90:137|42,0,0.1415731542707263
logistic_rich,44b6_d2f34f90,44b6_d2f34f90:137,union|44b6_d2f34f90:137|43,0,0.19697009970261004
logistic_rich,44b6_d2f34f90,44b6_d2f34f90:137,union|44b6_d2f34f90:137|44,0,0.05258468080310804
logistic_rich,44b6_d2f34f90,44b6_d2f34f90:137,union|44b6_d2f34f90:137|45,0,0.028567980200594336
logistic_rich,44b6_d2f34f90,44b6_d2f34f90:137,union|44b6_d2f34f90:137|46,0,0.6241692786915379
logistic_rich,44b6_d2f34f90,44b6_d2f34f90:137,union|44b6_d2f34f90:137|47,0,0.8276443497973186
logistic_rich,44b6_d2f34f90,44b6_d2f34f90:137,union|44b6_d2f34f90:137|48,0,0.6082623037429427
logistic_rich,44b6_d2f34f90,44b6_d2f34f90:137,union|44b6_d2f34f90:137|49,0,0.5481890553688964
logistic_rich,44b6_d2f34f90,44b6_d2f34f90:137,union|44b6_d2f34f90:137|50,0,0.3247116671312276
logistic_rich,44b6_d2f34f90,44b6_d2f34f90:137,union|44b6_d2f34f90:137|51,0,0.10575437774445218
logistic_rich,44b6_d2f34f90,44b6_d2f34f90:137,union|44b6_d2f34f90:137|52,0,0.01049267863191444
logistic_rich,44b6_d2f34f90,44b6_d2f34f90:137,union|44b6_d2f34f90:137|53,0,0.6548887361976083
logistic_rich,44b6_d2f34f90,44b6_d2f34f90:137,union|44b6_d2f34f90:137|54,0,0.3929315310812198
logistic_rich,44b6_d2f34f90,44b6_d2f34f90:137,union|44b6_d2f34f90:137|55,0,0.9157074524021395
logistic_rich,44b6_d2f34f90,44b6_d2f34f90:137,union|44b6_d2f34f90:137|56,0,0.13550970448885133
logistic_rich,44b6_d2f34f90,44b6_d2f34f90:137,union|44b6_d2f34f90:137|57,0,0.04839838376516107
logistic_rich,44b6_d2f34f90,44b6_d2f34f90:137,union|44b6_d2f34f90:137|58,0,0.008289881128236223
logistic_rich,44b6_d2f34f90,44b6_d2f34f90:137,union|44b6_d2f34f90:137|59,0,0.009285024724965455
logistic_rich,44b6_d2f34f90,44b6_d2f34f90:137,union|44b6_d2f34f90:137|60,0,0.009716411977340501
logistic_rich,44b6_d2f34f90,44b6_d2f34f90:137,union|44b6_d2f34f90:137|61,0,0.7375688145412524
logistic_rich,44b6_d2f34f90,44b6_d2f34f90:137,union|44b6_d2f34f90:137|62,0,0.7138546743212637
logistic_rich,44b6_d2f34f90,44b6_d2f34f90:137,union|44b6_d2f34f90:137|63,0,0.5563636680548529
logistic_rich,44b6_d2f34f90,44b6_d2f34f90:137,union|44b6_d2f34f90:137|64,0,0.07243092043848513
logistic_rich,44b6_d2f34f90,44b6_d2f34f90:137,union|44b6_d2f34f90:137|65,0,0.47754072088416805
logistic_rich,44b6_d2f34f90,44b6_d2f34f90:137,union|44b6_d2f34f90:137|66,0,0.47361339562694454
logistic_rich,44b6_d2f34f90,44b6_d2f34f90:137,union|44b6_d2f34f90:137|67,0,0.03370436891444401
logistic_rich,44b6_d2f34f90,44b6_d2f34f90:137,union|44b6_d2f34f90:137|68,0,0.1579039594750427
logistic_rich,44b6_d2f34f90,44b6_d2f34f90:137,union|44b6_d2f34f90:137|69,0,0.06787982943515979
logistic_rich,44b6_d2f34f90,44b6_d2f34f90:137,union|44b6_d2f34f90:137|70,0,0.006651260891946298
logistic_rich,44b6_d754aa59,44b6_d754aa59:54,union|44b6_d754aa59:54|0,0,0.584512335360844
logistic_rich,44b6_d754aa59,44b6_d754aa59:54,union|44b6_d754aa59:54|1,0,0.524638413914407
logistic_rich,44b6_d754aa59,44b6_d754aa59:54,union|44b6_d754aa59:54|2,0,0.01206296827968406
logistic_rich,44b6_d754aa59,44b6_d754aa59:54,union|44b6_d754aa59:54|3,1,0.9943587117653476
logistic_rich,44b6_d754aa59,44b6_d754aa59:54,union|44b6_d754aa59:54|4,0,0.8591705781782403
logistic_rich,44b6_d754aa59,44b6_d754aa59:54,union|44b6_d754aa59:54|5,0,0.07605498223667599
logistic_rich,44b6_d754aa59,44b6_d754aa59:54,union|44b6_d754aa59:54|6,0,0.7916751460101521
logistic_rich,44b6_d754aa59,44b6_d754aa59:54,union|44b6_d754aa59:54|7,0,0.13554092422309547
logistic_rich,44b6_d754aa59,44b6_d754aa59:54,union|44b6_d754aa59:54|8,0,0.06813604087878285
logistic_rich,44b6_deabac95,44b6_deabac95:15,union|44b6_deabac95:15|0,0,0.10907499541675215
logistic_rich,44b6_deabac95,44b6_deabac95:15,union|44b6_deabac95:15|1,0,0.054379704608767926
logistic_rich,44b6_deabac95,44b6_deabac95:15,union|44b6_deabac95:15|2,0,0.3309009519668904
logistic_rich,44b6_deabac95,44b6_deabac95:15,union|44b6_deabac95:15|3,0,0.35203144659539887
logistic_rich,44b6_deabac95,44b6_deabac95:15,union|44b6_deabac95:15|4,0,0.06479342387450228
logistic_rich,44b6_deabac95,44b6_deabac95:15,union|44b6_deabac95:15|5,0,0.7611913117095374
logistic_rich,44b6_deabac95,44b6_deabac95:15,union|44b6_deabac95:15|6,0,0.04105514355205181
logistic_rich,44b6_deabac95,44b6_deabac95:15,union|44b6_deabac95:15|7,0,0.5799788434181516
logistic_rich,44b6_deabac95,44b6_deabac95:15,union|44b6_deabac95:15|8,0,0.5843593287207134
logistic_rich,44b6_deabac95,44b6_deabac95:15,union|44b6_deabac95:15|9,0,0.38025619522404275
logistic_rich,44b6_deabac95,44b6_deabac95:15,union|44b6_deabac95:15|10,0,0.7154341650028316
logistic_rich,44b6_deabac95,44b6_deabac95:15,union|44b6_deabac95:15|11,0,0.6458312918490178
logistic_rich,44b6_deabac95,44b6_deabac95:15,union|44b6_deabac95:15|12,0,0.10727268518507399
logistic_rich,44b6_deabac95,44b6_deabac95:15,union|44b6_deabac95:15|13,0,0.25428271416062537
logistic_rich,44b6_deabac95,44b6_deabac95:15,union|44b6_deabac95:15|14,0,0.07837752710881317
logistic_rich,44b6_deabac95,44b6_deabac95:15,union|44b6_deabac95:15|15,0,0.07563557946602377
logistic_rich,44b6_deabac95,44b6_deabac95:15,union|44b6_deabac95:15|16,0,0.3505123849669405
logistic_rich,44b6_deabac95,44b6_deabac95:15,union|44b6_deabac95:15|17,0,0.7891319261197446
logistic_rich,44b6_deabac95,44b6_deabac95:15,union|44b6_deabac95:15|18,0,0.9404871250971738
logistic_rich,44b6_deabac95,44b6_deabac95:15,union|44b6_deabac95:15|19,0,0.6955134389262115
logistic_rich,44b6_deabac95,44b6_deabac95:15,union|44b6_deabac95:15|20,0,0.27461230642996604
logistic_rich,44b6_deabac95,44b6_deabac95:15,union|44b6_deabac95:15|21,0,0.40664623828562446
logistic_rich,44b6_deabac95,44b6_deabac95:15,union|44b6_deabac95:15|22,0,0.9185154794170715
logistic_rich,44b6_deabac95,44b6_deabac95:15,union|44b6_deabac95:15|23,0,0.8650642483736698
logistic_rich,44b6_deabac95,44b6_deabac95:15,union|44b6_deabac95:15|24,0,0.25453931906466376
logistic_rich,44b6_deabac95,44b6_deabac95:15,union|44b6_deabac95:15|25,0,0.552298999875183
logistic_rich,44b6_deabac95,44b6_deabac95:15,union|44b6_deabac95:15|26,0,0.5409686024171849
logistic_rich,44b6_deabac95,44b6_deabac95:15,union|44b6_deabac95:15|27,0,0.7885693806761503
logistic_rich,44b6_deabac95,44b6_deabac95:15,union|44b6_deabac95:15|28,0,0.08788397703876337
logistic_rich,44b6_deabac95,44b6_deabac95:15,union|44b6_deabac95:15|29,1,0.7278438337477053
logistic_rich,44b6_deabac95,44b6_deabac95:15,union|44b6_deabac95:15|30,0,0.5097916903580031
logistic_rich,44b6_deabac95,44b6_deabac95:15,union|44b6_deabac95:15|31,0,0.21784543586874647
logistic_rich,44b6_deabac95,44b6_deabac95:15,union|44b6_deabac95:15|32,0,0.053831258731489716
logistic_rich,44b6_deabac95,44b6_deabac95:15,union|44b6_deabac95:15|33,0,0.5624848226573793
logistic_rich,44b6_deabac95,44b6_deabac95:15,union|44b6_deabac95:15|34,0,0.13652307774389072
logistic_rich,44b6_eb2880fc,44b6_eb2880fc:282,union|44b6_eb2880fc:282|0,0,0.006842749088061033
logistic_rich,44b6_eb2880fc,44b6_eb2880fc:282,union|44b6_eb2880fc:282|1,0,0.005942104065081893
logistic_rich,44b6_eb2880fc,44b6_eb2880fc:282,union|44b6_eb2880fc:282|2,0,0.042770162379472065
logistic_rich,44b6_eb2880fc,44b6_eb2880fc:282,union|44b6_eb2880fc:282|3,0,0.013633725387643809
logistic_rich,44b6_eb2880fc,44b6_eb2880fc:282,union|44b6_eb2880fc:282|4,0,0.3955074325878453
logistic_rich,44b6_eb2880fc,44b6_eb2880fc:282,union|44b6_eb2880fc:282|5,0,0.03456304956329453
logistic_rich,44b6_eb2880fc,44b6_eb2880fc:282,union|44b6_eb2880fc:282|6,0,0.06807275909946595
logistic_rich,44b6_eb2880fc,44b6_eb2880fc:282,union|44b6_eb2880fc:282|7,0,0.0332066427498527
logistic_rich,44b6_eb2880fc,44b6_eb2880fc:282,union|44b6_eb2880fc:282|8,0,0.08882697204701168
logistic_rich,44b6_eb2880fc,44b6_eb2880fc:282,union|44b6_eb2880fc:282|9,0,0.0005151145458137812
logistic_rich,44b6_eb2880fc,44b6_eb2880fc:282,union|44b6_eb2880fc:282|10,0,0.000575029810552663
logistic_rich,44b6_eb2880fc,44b6_eb2880fc:282,union|44b6_eb2880fc:282|11,0,4.527175193998109e-05
logistic_rich,44b6_eb2880fc,44b6_eb2880fc:282,union|44b6_eb2880fc:282|12,0,0.06311056877187778
logistic_rich,44b6_eb2880fc,44b6_eb2880fc:282,union|44b6_eb2880fc:282|13,0,0.04561874667483022
logistic_rich,44b6_eb2880fc,44b6_eb2880fc:282,union|44b6_eb2880fc:282|14,0,0.06442842611700186
logistic_rich,44b6_eb2880fc,44b6_eb2880fc:282,union|44b6_eb2880fc:282|15,0,0.017813415304600014
logistic_rich,44b6_eb2880fc,44b6_eb2880fc:282,union|44b6_eb2880fc:282|16,0,0.0178969920324791
logistic_rich,44b6_eb2880fc,44b6_eb2880fc:282,union|44b6_eb2880fc:282|17,0,0.010273569012857286
logistic_rich,44b6_eb2880fc,44b6_eb2880fc:282,union|44b6_eb2880fc:282|18,0,0.06299023563909519
logistic_rich,44b6_eb2880fc,44b6_eb2880fc:282,union|44b6_eb2880fc:282|19,0,0.005895333204454685
logistic_rich,44b6_eb2880fc,44b6_eb2880fc:282,union|44b6_eb2880fc:282|20,0,0.0001947136532630531
logistic_rich,44b6_eb2880fc,44b6_eb2880fc:282,union|44b6_eb2880fc:282|21,0,0.012355830011438163
logistic_rich,44b6_eb2880fc,44b6_eb2880fc:282,union|44b6_eb2880fc:282|22,0,0.0026307411630021697
logistic_rich,44b6_eb2880fc,44b6_eb2880fc:282,union|44b6_eb2880fc:282|23,0,0.005201000839280688
logistic_rich,44b6_eb2880fc,44b6_eb2880fc:282,union|44b6_eb2880fc:282|24,0,0.00018452917750764515
logistic_rich,44b6_eb2880fc,44b6_eb2880fc:282,union|44b6_eb2880fc:282|25,0,0.0295655599911562
logistic_rich,44b6_eb2880fc,44b6_eb2880fc:282,union|44b6_eb2880fc:282|26,0,0.04867652359152969
logistic_rich,44b6_eb2880fc,44b6_eb2880fc:282,union|44b6_eb2880fc:282|27,0,0.06544572590140853
logistic_rich,44b6_eb2880fc,44b6_eb2880fc:282,union|44b6_eb2880fc:282|28,0,0.0033455513219595393
logistic_rich,44b6_eb2880fc,44b6_eb2880fc:282,union|44b6_eb2880fc:282|29,0,0.013071330275108848
logistic_rich,44b6_eb2880fc,44b6_eb2880fc:282,union|44b6_eb2880fc:282|30,0,0.07676535562340246
logistic_rich,44b6_eb2880fc,44b6_eb2880fc:282,union|44b6_eb2880fc:282|31,0,0.34374750735708326
logistic_rich,44b6_eb2880fc,44b6_eb2880fc:282,union|44b6_eb2880fc:282|32,0,0.13318988949289054
logistic_rich,44b6_eb2880fc,44b6_eb2880fc:282,union|44b6_eb2880fc:282|33,0,0.007338611754484593
logistic_rich,44b6_eb2880fc,44b6_eb2880fc:282,union|44b6_eb2880fc:282|34,0,0.39324600739566845
logistic_rich,44b6_eb2880fc,44b6_eb2880fc:282,union|44b6_eb2880fc:282|35,0,0.030012289380409563
logistic_rich,44b6_eb2880fc,44b6_eb2880fc:282,union|44b6_eb2880fc:282|36,0,0.044623455382814425
logistic_rich,44b6_eb2880fc,44b6_eb2880fc:282,union|44b6_eb2880fc:282|37,0,9.440283835622387e-05
logistic_rich,44b6_eb2880fc,44b6_eb2880fc:282,union|44b6_eb2880fc:282|38,0,0.022549576867033665
logistic_rich,44b6_eb2880fc,44b6_eb2880fc:282,union|44b6_eb2880fc:282|39,0,0.12859139644859705
logistic_rich,44b6_eb2880fc,44b6_eb2880fc:282,union|44b6_eb2880fc:282|40,0,0.0693842165373701
logistic_rich,44b6_eb2880fc,44b6_eb2880fc:282,union|44b6_eb2880fc:282|41,0,0.05471624680569666
logistic_rich,44b6_eb2880fc,44b6_eb2880fc:282,union|44b6_eb2880fc:282|42,0,0.0479122506409919
logistic_rich,44b6_eb2880fc,44b6_eb2880fc:282,union|44b6_eb2880fc:282|43,0,0.025772073659725527
logistic_rich,44b6_eb2880fc,44b6_eb2880fc:282,union|44b6_eb2880fc:282|44,0,0.010553966669471953
logistic_rich,44b6_eb2880fc,44b6_eb2880fc:282,union|44b6_eb2880fc:282|45,0,0.019186327237110053
logistic_rich,44b6_eb2880fc,44b6_eb2880fc:282,union|44b6_eb2880fc:282|46,0,0.011892062674289012
logistic_rich,44b6_eb2880fc,44b6_eb2880fc:282,union|44b6_eb2880fc:282|47,0,0.0012838826056621538
logistic_rich,44b6_eb2880fc,44b6_eb2880fc:282,union|44b6_eb2880fc:282|48,0,0.0018446101015473092
logistic_rich,44b6_eb2880fc,44b6_eb2880fc:282,union|44b6_eb2880fc:282|49,0,9.034492239021941e-05
logistic_rich,44b6_eb2880fc,44b6_eb2880fc:282,union|44b6_eb2880fc:282|50,0,0.016191724502644285
logistic_rich,44b6_eb2880fc,44b6_eb2880fc:282,union|44b6_eb2880fc:282|51,0,0.026562802686914234
logistic_rich,44b6_eb2880fc,44b6_eb2880fc:282,union|44b6_eb2880fc:282|52,1,0.023057864424879417
logistic_rich,44b6_eb2880fc,44b6_eb2880fc:282,union|44b6_eb2880fc:282|53,0,0.007595325674172236
logistic_rich,44b6_eb2880fc,44b6_eb2880fc:282,union|44b6_eb2880fc:282|54,0,0.03768289072852609
logistic_rich,44b6_eb2880fc,44b6_eb2880fc:282,union|44b6_eb2880fc:282|55,0,0.015076381056188061
logistic_rich,44b6_eb2880fc,44b6_eb2880fc:282,union|44b6_eb2880fc:282|56,0,3.6933624765074385e-05
logistic_rich,44b6_eb2880fc,44b6_eb2880fc:282,union|44b6_eb2880fc:282|57,0,0.002104018869507986
logistic_rich,44b6_eb2880fc,44b6_eb2880fc:282,union|44b6_eb2880fc:282|58,0,0.0035034964342456586
logistic_rich,44b6_eb2880fc,44b6_eb2880fc:282,union|44b6_eb2880fc:282|59,0,0.14588983773882905
logistic_rich,44b6_eb2880fc,44b6_eb2880fc:282,union|44b6_eb2880fc:282|60,0,0.4978359742029255
logistic_rich,44b6_eb2880fc,44b6_eb2880fc:282,union|44b6_eb2880fc:282|61,0,0.9014119368401596
logistic_rich,44b6_eb2880fc,44b6_eb2880fc:282,union|44b6_eb2880fc:282|62,0,0.02724086687522877
logistic_rich,44b6_eb2880fc,44b6_eb2880fc:282,union|44b6_eb2880fc:282|63,0,0.13580056083981945
logistic_rich,44b6_eb2880fc,44b6_eb2880fc:282,union|44b6_eb2880fc:282|64,0,0.0755193964230452
logistic_rich,44b6_eb2880fc,44b6_eb2880fc:282,union|44b6_eb2880fc:282|65,0,0.36314927803745195
logistic_rich,44b6_eb2880fc,44b6_eb2880fc:282,union|44b6_eb2880fc:282|66,0,0.0006587929376537698
logistic_rich,44b6_eb2880fc,44b6_eb2880fc:282,union|44b6_eb2880fc:282|67,0,0.0013007809942719559
logistic_rich,44b6_eb2880fc,44b6_eb2880fc:282,union|44b6_eb2880fc:282|68,0,0.008244072422175569
logistic_rich,44b6_eb2880fc,44b6_eb2880fc:282,union|44b6_eb2880fc:282|69,0,0.00046316293950701546
logistic_rich,44b6_eb2880fc,44b6_eb2880fc:282,union|44b6_eb2880fc:282|70,0,0.08245989379477452
logistic_rich,44b6_eb2880fc,44b6_eb2880fc:282,union|44b6_eb2880fc:282|71,0,0.017413073090957992
logistic_rich,44b6_eb2880fc,44b6_eb2880fc:282,union|44b6_eb2880fc:282|72,0,0.01931664468190281
logistic_rich,44b6_eb2880fc,44b6_eb2880fc:282,union|44b6_eb2880fc:282|73,0,0.0026383529654352774
logistic_rich,44b6_eb2880fc,44b6_eb2880fc:282,union|44b6_eb2880fc:282|74,0,0.01216512218846478
logistic_rich,44b6_eb2880fc,44b6_eb2880fc:282,union|44b6_eb2880fc:282|75,0,3.63518999144086e-05
logistic_rich,44b6_eb2880fc,44b6_eb2880fc:282,union|44b6_eb2880fc:282|76,0,0.009247847495950074
logistic_rich,44b6_eb2880fc,44b6_eb2880fc:282,union|44b6_eb2880fc:282|77,0,0.030092642189890783
logistic_rich,44b6_eb2880fc,44b6_eb2880fc:282,union|44b6_eb2880fc:282|78,0,0.022045919011732022
logistic_rich,44b6_eb2880fc,44b6_eb2880fc:282,union|44b6_eb2880fc:282|79,0,0.010715388728677363
logistic_rich,44b6_eb2880fc,44b6_eb2880fc:282,union|44b6_eb2880fc:282|80,0,0.002493807425920417
logistic_rich,44b6_eb2880fc,44b6_eb2880fc:282,union|44b6_eb2880fc:282|81,0,5.185167897341608e-05
logistic_rich,44b6_eb2880fc,44b6_eb2880fc:282,union|44b6_eb2880fc:282|82,0,0.005813600439141184
logistic_rich,44b6_eb2880fc,44b6_eb2880fc:282,union|44b6_eb2880fc:282|83,0,0.0005327149704264441
logistic_rich,44b6_eb2880fc,44b6_eb2880fc:282,union|44b6_eb2880fc:282|84,0,0.00011238550772192444
logistic_rich,44b6_eb2880fc,44b6_eb2880fc:282,union|44b6_eb2880fc:282|85,0,0.0007613177533242624
logistic_rich,44b6_eb2880fc,44b6_eb2880fc:282,union|44b6_eb2880fc:282|86,0,0.046344874754036855
logistic_rich,44b6_eb2880fc,44b6_eb2880fc:282,union|44b6_eb2880fc:282|87,0,0.08873686213448526
logistic_rich,44b6_eb2880fc,44b6_eb2880fc:282,union|44b6_eb2880fc:282|88,0,0.41773473053179955
logistic_rich,44b6_eb2880fc,44b6_eb2880fc:282,union|44b6_eb2880fc:282|89,0,0.0679044394807927
logistic_rich,44b6_eb2880fc,44b6_eb2880fc:282,union|44b6_eb2880fc:282|90,0,0.05893520553552932
logistic_rich,44b6_eb2880fc,44b6_eb2880fc:282,union|44b6_eb2880fc:282|91,0,0.9927110091729251
logistic_rich,44b6_eb2880fc,44b6_eb2880fc:282,union|44b6_eb2880fc:282|92,0,0.03842248586177283
logistic_rich,44b6_eb2880fc,44b6_eb2880fc:282,union|44b6_eb2880fc:282|93,0,0.4566847297604832
logistic_rich,44b6_eb2880fc,44b6_eb2880fc:282,union|44b6_eb2880fc:282|94,0,0.0761260775528423
logistic_rich,44b6_eb2880fc,44b6_eb2880fc:282,union|44b6_eb2880fc:282|95,0,0.132517105511328
logistic_rich,44b6_eb2880fc,44b6_eb2880fc:282,union|44b6_eb2880fc:282|96,0,0.008297264482245707
logistic_rich,44b6_eb2880fc,44b6_eb2880fc:282,union|44b6_eb2880fc:282|97,0,0.20796724222731877
logistic_rich,44b6_eb2880fc,44b6_eb2880fc:282,union|44b6_eb2880fc:282|98,0,0.04906696992889587
logistic_rich,44b6_eb2880fc,44b6_eb2880fc:282,union|44b6_eb2880fc:282|99,0,0.95038875740717
logistic_rich,44b6_eb2880fc,44b6_eb2880fc:282,union|44b6_eb2880fc:282|100,0,0.0004815624766078965
logistic_rich,44b6_eb2880fc,44b6_eb2880fc:282,union|44b6_eb2880fc:282|101,0,0.0033123061035052726
logistic_rich,44b6_eb2880fc,44b6_eb2880fc:282,union|44b6_eb2880fc:282|102,0,0.006104544288798499
logistic_rich,44b6_eb2880fc,44b6_eb2880fc:282,union|44b6_eb2880fc:282|103,0,0.4022825547107176
logistic_rich,44b6_eb2880fc,44b6_eb2880fc:282,union|44b6_eb2880fc:282|104,0,0.003570686650920451
logistic_rich,44b6_eb2880fc,44b6_eb2880fc:282,union|44b6_eb2880fc:282|105,0,0.001470738945213361
logistic_rich,44b6_eb2880fc,44b6_eb2880fc:282,union|44b6_eb2880fc:282|106,0,0.012414384062883997
logistic_rich,44b6_eb2880fc,44b6_eb2880fc:282,union|44b6_eb2880fc:282|107,0,0.028924510107172962
logistic_rich,44b6_eb2880fc,44b6_eb2880fc:282,union|44b6_eb2880fc:282|108,0,0.004363514032146801
logistic_rich,44b6_eb2880fc,44b6_eb2880fc:282,union|44b6_eb2880fc:282|109,0,0.06957716601560336
logistic_rich,44b6_eb2880fc,44b6_eb2880fc:282,union|44b6_eb2880fc:282|110,0,0.0007319941506026686
logistic_rich,44b6_eb2880fc,44b6_eb2880fc:282,union|44b6_eb2880fc:282|111,0,0.004124019059896335
logistic_rich,44b6_eb2880fc,44b6_eb2880fc:282,union|44b6_eb2880fc:282|112,0,0.029533982046105415
logistic_rich,44b6_eb2880fc,44b6_eb2880fc:282,union|44b6_eb2880fc:282|113,0,5.091972940979755e-05
logistic_rich,44b6_eb2880fc,44b6_eb2880fc:282,union|44b6_eb2880fc:282|114,0,0.01325207380853406
logistic_rich,44b6_eb2880fc,44b6_eb2880fc:282,union|44b6_eb2880fc:282|115,0,0.0009995715821123987
logistic_rich,44b6_eb2880fc,44b6_eb2880fc:282,union|44b6_eb2880fc:282|116,0,9.14206631876771e-05
logistic_rich,44b6_eb2880fc,44b6_eb2880fc:282,union|44b6_eb2880fc:282|117,0,0.0003894134669307803
logistic_rich,44b6_eb2880fc,44b6_eb2880fc:282,union|44b6_eb2880fc:282|118,0,0.014658380555064165
logistic_rich,44b6_eb2880fc,44b6_eb2880fc:282,union|44b6_eb2880fc:282|119,0,0.050173662308276884
logistic_rich,44b6_eb2880fc,44b6_eb2880fc:282,union|44b6_eb2880fc:282|120,0,0.2515437152303868
logistic_rich,44b6_eb2880fc,44b6_eb2880fc:282,union|44b6_eb2880fc:282|121,0,0.9521979883360331
logistic_rich,44b6_eb2880fc,44b6_eb2880fc:282,union|44b6_eb2880fc:282|122,0,0.017191010855247855
logistic_rich,44b6_eb2880fc,44b6_eb2880fc:282,union|44b6_eb2880fc:282|123,0,0.0012453833314044294
logistic_rich,44b6_eb2880fc,44b6_eb2880fc:282,union|44b6_eb2880fc:282|124,0,0.002765030923668734
logistic_rich,44b6_eb2880fc,44b6_eb2880fc:282,union|44b6_eb2880fc:282|125,0,0.029793251564319268
logistic_rich,44b6_eb2880fc,44b6_eb2880fc:282,union|44b6_eb2880fc:282|126,0,0.0007253807644151592
logistic_rich,44b6_eb2880fc,44b6_eb2880fc:282,union|44b6_eb2880fc:282|127,0,0.008732421009548236
logistic_rich,44b6_eb2880fc,44b6_eb2880fc:282,union|44b6_eb2880fc:282|128,0,0.014944485009061346
logistic_rich,44b6_eb2880fc,44b6_eb2880fc:282,union|44b6_eb2880fc:282|129,0,0.0002003201308230957
logistic_rich,44b6_eb2880fc,44b6_eb2880fc:282,union|44b6_eb2880fc:282|130,0,0.0007345217969202082
logistic_rich,44b6_eb2880fc,44b6_eb2880fc:282,union|44b6_eb2880fc:282|131,0,0.00029275495035756515
logistic_rich,44b6_eb2880fc,44b6_eb2880fc:282,union|44b6_eb2880fc:282|132,0,0.0008295611836242813
logistic_rich,44b6_eb2880fc,44b6_eb2880fc:282,union|44b6_eb2880fc:282|133,0,0.0003786553751236988
logistic_rich,44b6_eb2880fc,44b6_eb2880fc:282,union|44b6_eb2880fc:282|134,0,0.016283960056060327
logistic_rich,44b6_eb2880fc,44b6_eb2880fc:282,union|44b6_eb2880fc:282|135,0,0.05817328396587074
logistic_rich,44b6_eb2880fc,44b6_eb2880fc:282,union|44b6_eb2880fc:282|136,0,0.0624670084530153
logistic_rich,44b6_eb2880fc,44b6_eb2880fc:282,union|44b6_eb2880fc:282|137,0,6.078208047304701e-05
logistic_rich,44b6_eb2880fc,44b6_eb2880fc:282,union|44b6_eb2880fc:282|138,0,0.0008231062325558114
logistic_rich,44b6_eb2880fc,44b6_eb2880fc:282,union|44b6_eb2880fc:282|139,0,0.0001631158589982502
logistic_rich,44b6_eb2880fc,44b6_eb2880fc:282,union|44b6_eb2880fc:282|140,0,0.0008851098183389525
logistic_rich,44b6_eb2880fc,44b6_eb2880fc:282,union|44b6_eb2880fc:282|141,0,0.003564808662516105
logistic_rich,44b6_eb2880fc,44b6_eb2880fc:282,union|44b6_eb2880fc:282|142,0,0.20479171453702238
logistic_rich,44b6_eb2880fc,44b6_eb2880fc:282,union|44b6_eb2880fc:282|143,0,0.003605975186726311
logistic_rich,44b6_eb2880fc,44b6_eb2880fc:282,union|44b6_eb2880fc:282|144,0,0.027298223134892455
logistic_rich,44b6_eb2880fc,44b6_eb2880fc:282,union|44b6_eb2880fc:282|145,0,0.015096043841032282
logistic_rich,44b6_eb2880fc,44b6_eb2880fc:282,union|44b6_eb2880fc:282|146,0,0.5295568219429263
logistic_rich,44b6_eb2880fc,44b6_eb2880fc:282,union|44b6_eb2880fc:282|147,0,0.023687557739021106
logistic_rich,44b6_eb2880fc,44b6_eb2880fc:282,union|44b6_eb2880fc:282|148,0,0.8932958878426551
logistic_rich,44b6_eb2880fc,44b6_eb2880fc:282,union|44b6_eb2880fc:282|149,0,0.0004388346317991719
logistic_rich,44b6_eb2880fc,44b6_eb2880fc:282,union|44b6_eb2880fc:282|150,0,0.009218549630649515
logistic_rich,44b6_eb2880fc,44b6_eb2880fc:282,union|44b6_eb2880fc:282|151,0,0.0702121833150188
logistic_rich,44b6_eb2880fc,44b6_eb2880fc:282,union|44b6_eb2880fc:282|152,0,0.00012700060782877383
logistic_rich,44b6_eb2880fc,44b6_eb2880fc:282,union|44b6_eb2880fc:282|153,0,0.0033610628222241787
logistic_rich,44b6_eb2880fc,44b6_eb2880fc:282,union|44b6_eb2880fc:282|154,0,0.0006567723999848073
logistic_rich,44b6_eb2880fc,44b6_eb2880fc:282,union|44b6_eb2880fc:282|155,0,0.0002277073176410138
logistic_rich,44b6_eb2880fc,44b6_eb2880fc:282,union|44b6_eb2880fc:282|156,0,0.0015146581568328567
logistic_rich,44b6_eb2880fc,44b6_eb2880fc:282,union|44b6_eb2880fc:282|157,0,0.04469813255360929
logistic_rich,44b6_eb2880fc,44b6_eb2880fc:282,union|44b6_eb2880fc:282|158,0,0.0006881629650050745
logistic_rich,44b6_eb2880fc,44b6_eb2880fc:282,union|44b6_eb2880fc:282|159,0,0.027919987215889095
logistic_rich,44b6_eb2880fc,44b6_eb2880fc:282,union|44b6_eb2880fc:282|160,0,0.0018395151409331587
logistic_rich,44b6_eb2880fc,44b6_eb2880fc:282,union|44b6_eb2880fc:282|161,0,0.02146993752281029
logistic_rich,44b6_eb2880fc,44b6_eb2880fc:282,union|44b6_eb2880fc:282|162,0,0.000852998301035178
logistic_rich,44b6_eb2880fc,44b6_eb2880fc:282,union|44b6_eb2880fc:282|163,0,6.952016681387238e-05
logistic_rich,44b6_eb2880fc,44b6_eb2880fc:282,union|44b6_eb2880fc:282|164,0,0.0014216238927046705
logistic_rich,44b6_eb2880fc,44b6_eb2880fc:282,union|44b6_eb2880fc:282|165,0,0.0003701275874762789
logistic_rich,44b6_eb2880fc,44b6_eb2880fc:282,union|44b6_eb2880fc:282|166,0,0.00035553261451304997
logistic_rich,44b6_eb2880fc,44b6_eb2880fc:282,union|44b6_eb2880fc:282|167,0,0.0006731019148348358
logistic_rich,44b6_eb2880fc,44b6_eb2880fc:282,union|44b6_eb2880fc:282|168,0,2.355344262281138e-05
logistic_rich,44b6_eb2880fc,44b6_eb2880fc:282,union|44b6_eb2880fc:282|169,0,0.0014758771160265657
logistic_rich,44b6_eb2880fc,44b6_eb2880fc:282,union|44b6_eb2880fc:282|170,0,8.207431517901242e-05
logistic_rich,44b6_eb2880fc,44b6_eb2880fc:282,union|44b6_eb2880fc:282|171,0,0.0014308031597860423
logistic_rich,44b6_eb2880fc,44b6_eb2880fc:282,union|44b6_eb2880fc:282|172,0,0.013937491241280997
logistic_rich,44b6_eb2880fc,44b6_eb2880fc:282,union|44b6_eb2880fc:282|173,0,0.0016032088459990946
logistic_rich,44b6_eb2880fc,44b6_eb2880fc:282,union|44b6_eb2880fc:282|174,0,6.358146672959982e-05
logistic_rich,44b6_eb2880fc,44b6_eb2880fc:282,union|44b6_eb2880fc:282|175,0,0.0008941175214271228
logistic_rich,44b6_eb2880fc,44b6_eb2880fc:282,union|44b6_eb2880fc:282|176,0,0.012677944022473806
logistic_rich,44b6_eb2880fc,44b6_eb2880fc:282,union|44b6_eb2880fc:282|177,0,0.33139990982555206
logistic_rich,44b6_eb2880fc,44b6_eb2880fc:282,union|44b6_eb2880fc:282|178,0,0.0003314039829159607
logistic_rich,44b6_eb2880fc,44b6_eb2880fc:282,union|44b6_eb2880fc:282|179,0,0.002813900508422238
logistic_rich,44b6_eb2880fc,44b6_eb2880fc:282,union|44b6_eb2880fc:282|180,0,0.00038465078163310584
logistic_rich,6bba_05db0fb1,6bba_05db0fb1:229,union|6bba_05db0fb1:229|0,0,0.0035766171119764986
logistic_rich,6bba_05db0fb1,6bba_05db0fb1:229,union|6bba_05db0fb1:229|1,0,0.06635894095876889
logistic_rich,6bba_05db0fb1,6bba_05db0fb1:229,union|6bba_05db0fb1:229|2,0,0.0839765888761146
logistic_rich,6bba_05db0fb1,6bba_05db0fb1:229,union|6bba_05db0fb1:229|3,0,0.07347752790714977
logistic_rich,6bba_05db0fb1,6bba_05db0fb1:229,union|6bba_05db0fb1:229|4,0,0.15197254472344202
logistic_rich,6bba_05db0fb1,6bba_05db0fb1:229,union|6bba_05db0fb1:229|5,0,0.030585732470634494
logistic_rich,6bba_05db0fb1,6bba_05db0fb1:229,union|6bba_05db0fb1:229|6,0,0.13015601125633083
logistic_rich,6bba_05db0fb1,6bba_05db0fb1:229,union|6bba_05db0fb1:229|7,0,0.09636112314288607
logistic_rich,6bba_05db0fb1,6bba_05db0fb1:229,union|6bba_05db0fb1:229|8,0,0.1195800943716824
logistic_rich,6bba_05db0fb1,6bba_05db0fb1:229,union|6bba_05db0fb1:229|9,0,0.13015601125633083
logistic_rich,6bba_05db0fb1,6bba_05db0fb1:229,union|6bba_05db0fb1:229|10,0,0.12861505845973004
logistic_rich,6bba_05db0fb1,6bba_05db0fb1:229,union|6bba_05db0fb1:229|11,0,0.006223261668048523
logistic_rich,6bba_05db0fb1,6bba_05db0fb1:229,union|6bba_05db0fb1:229|12,0,0.006993935060051644
logistic_rich,6bba_05db0fb1,6bba_05db0fb1:229,union|6bba_05db0fb1:229|13,0,0.004291416647086972
logistic_rich,6bba_05db0fb1,6bba_05db0fb1:229,union|6bba_05db0fb1:229|14,0,0.005673452415054948
logistic_rich,6bba_05db0fb1,6bba_05db0fb1:229,union|6bba_05db0fb1:229|15,0,0.0020739494532133547
logistic_rich,6bba_05db0fb1,6bba_05db0fb1:229,union|6bba_05db0fb1:229|16,0,0.06775209984485875
logistic_rich,6bba_05db0fb1,6bba_05db0fb1:229,union|6bba_05db0fb1:229|17,0,0.07514525122366938
logistic_rich,6bba_05db0fb1,6bba_05db0fb1:229,union|6bba_05db0fb1:229|18,0,0.007772757173395474
logistic_rich,6bba_05db0fb1,6bba_05db0fb1:229,union|6bba_05db0fb1:229|19,0,0.09473913973131921
logistic_rich,6bba_05db0fb1,6bba_05db0fb1:229,union|6bba_05db0fb1:229|20,0,0.42552513309603507
logistic_rich,6bba_05db0fb1,6bba_05db0fb1:229,union|6bba_05db0fb1:229|21,0,0.0018771561849449093
logistic_rich,6bba_05db0fb1,6bba_05db0fb1:229,union|6bba_05db0fb1:229|22,0,0.5760928954580219
logistic_rich,6bba_05db0fb1,6bba_05db0fb1:229,union|6bba_05db0fb1:229|23,0,0.7333826563618548
logistic_rich,6bba_05db0fb1,6bba_05db0fb1:229,union|6bba_05db0fb1:229|24,0,0.016576423830274113
logistic_rich,6bba_05db0fb1,6bba_05db0fb1:229,union|6bba_05db0fb1:229|25,0,0.002188902533546022
logistic_rich,6bba_05db0fb1,6bba_05db0fb1:229,union|6bba_05db0fb1:229|26,0,0.00044213392163559655
logistic_rich,6bba_05db0fb1,6bba_05db0fb1:229,union|6bba_05db0fb1:229|27,0,0.007675689406055466
logistic_rich,6bba_05db0fb1,6bba_05db0fb1:229,union|6bba_05db0fb1:229|28,0,0.006631454110589801
logistic_rich,6bba_05db0fb1,6bba_05db0fb1:229,union|6bba_05db0fb1:229|29,0,0.0003408039554447506
logistic_rich,6bba_05db0fb1,6bba_05db0fb1:229,union|6bba_05db0fb1:229|30,0,0.014684216884637126
logistic_rich,6bba_05db0fb1,6bba_05db0fb1:229,union|6bba_05db0fb1:229|31,0,0.027980903249890457
logistic_rich,6bba_05db0fb1,6bba_05db0fb1:229,union|6bba_05db0fb1:229|32,0,0.030099015657049203
logistic_rich,6bba_05db0fb1,6bba_05db0fb1:229,union|6bba_05db0fb1:229|33,0,0.043924931794135896
logistic_rich,6bba_05db0fb1,6bba_05db0fb1:229,union|6bba_05db0fb1:229|34,0,0.016843678689786732
logistic_rich,6bba_05db0fb1,6bba_05db0fb1:229,union|6bba_05db0fb1:229|35,0,0.03975697030489779
logistic_rich,6bba_05db0fb1,6bba_05db0fb1:229,union|6bba_05db0fb1:229|36,0,0.060483375236589344
logistic_rich,6bba_05db0fb1,6bba_05db0fb1:229,union|6bba_05db0fb1:229|37,0,0.05297579278111461
logistic_rich,6bba_05db0fb1,6bba_05db0fb1:229,union|6bba_05db0fb1:229|38,0,0.0539308871630643
logistic_rich,6bba_05db0fb1,6bba_05db0fb1:229,union|6bba_05db0fb1:229|39,0,0.0032856534167335447
logistic_rich,6bba_05db0fb1,6bba_05db0fb1:229,union|6bba_05db0fb1:229|40,0,0.00476910884393879
logistic_rich,6bba_05db0fb1,6bba_05db0fb1:229,union|6bba_05db0fb1:229|41,0,0.00281336855020049
logistic_rich,6bba_05db0fb1,6bba_05db0fb1:229,union|6bba_05db0fb1:229|42,0,0.6836678940267013
logistic_rich,6bba_05db0fb1,6bba_05db0fb1:229,union|6bba_05db0fb1:229|43,0,0.15976911174923716
logistic_rich,6bba_05db0fb1,6bba_05db0fb1:229,union|6bba_05db0fb1:229|44,0,0.6529574237649468
logistic_rich,6bba_05db0fb1,6bba_05db0fb1:229,union|6bba_05db0fb1:229|45,0,0.4542927474643134
logistic_rich,6bba_05db0fb1,6bba_05db0fb1:229,union|6bba_05db0fb1:229|46,0,0.02146729344540758
logistic_rich,6bba_05db0fb1,6bba_05db0fb1:229,union|6bba_05db0fb1:229|47,0,0.09674307102651712
logistic_rich,6bba_05db0fb1,6bba_05db0fb1:229,union|6bba_05db0fb1:229|48,0,0.563809176682053
logistic_rich,6bba_05db0fb1,6bba_05db0fb1:229,union|6bba_05db0fb1:229|49,0,0.8967437384647101
logistic_rich,6bba_05db0fb1,6bba_05db0fb1:229,union|6bba_05db0fb1:229|50,0,0.5719332467737857
logistic_rich,6bba_05db0fb1,6bba_05db0fb1:229,union|6bba_05db0fb1:229|51,0,0.004791624384162259
logistic_rich,6bba_05db0fb1,6bba_05db0fb1:229,union|6bba_05db0fb1:229|52,0,0.023607009963667863
logistic_rich,6bba_05db0fb1,6bba_05db0fb1:229,union|6bba_05db0fb1:229|53,0,0.527328740744586
logistic_rich,6bba_05db0fb1,6bba_05db0fb1:229,union|6bba_05db0fb1:229|54,0,0.0032389550016861776
logistic_rich,6bba_05db0fb1,6bba_05db0fb1:229,union|6bba_05db0fb1:229|55,0,0.07089094061066915
logistic_rich,6bba_05db0fb1,6bba_05db0fb1:229,union|6bba_05db0fb1:229|56,0,0.02279998855903475
logistic_rich,6bba_05db0fb1,6bba_05db0fb1:229,union|6bba_05db0fb1:229|57,0,0.007558190090747235
logistic_rich,6bba_05db0fb1,6bba_05db0fb1:229,union|6bba_05db0fb1:229|58,0,0.17807146637619478
logistic_rich,6bba_05db0fb1,6bba_05db0fb1:229,union|6bba_05db0fb1:229|59,0,0.0011838905155249998
logistic_rich,6bba_05db0fb1,6bba_05db0fb1:229,union|6bba_05db0fb1:229|60,0,0.7661111054726073
logistic_rich,6bba_05db0fb1,6bba_05db0fb1:229,union|6bba_05db0fb1:229|61,0,0.37276574872790297
logistic_rich,6bba_05db0fb1,6bba_05db0fb1:229,union|6bba_05db0fb1:229|62,0,0.0882458473970519
logistic_rich,6bba_05db0fb1,6bba_05db0fb1:229,union|6bba_05db0fb1:229|63,0,0.46357071238795233
logistic_rich,6bba_05db0fb1,6bba_05db0fb1:229,union|6bba_05db0fb1:229|64,0,0.8405255515106531
logistic_rich,6bba_05db0fb1,6bba_05db0fb1:229,union|6bba_05db0fb1:229|65,0,0.560611973495116
logistic_rich,6bba_05db0fb1,6bba_05db0fb1:229,union|6bba_05db0fb1:229|66,0,0.005339673972167385
logistic_rich,6bba_05db0fb1,6bba_05db0fb1:229,union|6bba_05db0fb1:229|67,0,0.17712408593644827
logistic_rich,6bba_05db0fb1,6bba_05db0fb1:229,union|6bba_05db0fb1:229|68,0,0.025184593858767618
logistic_rich,6bba_05db0fb1,6bba_05db0fb1:229,union|6bba_05db0fb1:229|69,0,0.24534815275878322
logistic_rich,6bba_05db0fb1,6bba_05db0fb1:229,union|6bba_05db0fb1:229|70,0,0.04184987273692846
logistic_rich,6bba_05db0fb1,6bba_05db0fb1:229,union|6bba_05db0fb1:229|71,0,0.006569549243199591
logistic_rich,6bba_05db0fb1,6bba_05db0fb1:229,union|6bba_05db0fb1:229|72,0,0.29482415929781614
logistic_rich,6bba_05db0fb1,6bba_05db0fb1:229,union|6bba_05db0fb1:229|73,0,0.001224117229848933
logistic_rich,6bba_05db0fb1,6bba_05db0fb1:229,union|6bba_05db0fb1:229|74,0,0.056754266640449524
logistic_rich,6bba_05db0fb1,6bba_05db0fb1:229,union|6bba_05db0fb1:229|75,0,0.03369134808304016
logistic_rich,6bba_05db0fb1,6bba_05db0fb1:229,union|6bba_05db0fb1:229|76,0,0.10476033767375383
logistic_rich,6bba_05db0fb1,6bba_05db0fb1:229,union|6bba_05db0fb1:229|77,0,0.1732720720983057
logistic_rich,6bba_05db0fb1,6bba_05db0fb1:229,union|6bba_05db0fb1:229|78,0,0.030995479744436293
logistic_rich,6bba_05db0fb1,6bba_05db0fb1:229,union|6bba_05db0fb1:229|79,0,0.1827976484510133
logistic_rich,6bba_05db0fb1,6bba_05db0fb1:229,union|6bba_05db0fb1:229|80,0,0.004483017804848437
logistic_rich,6bba_05db0fb1,6bba_05db0fb1:229,union|6bba_05db0fb1:229|81,0,0.011937228983882317
logistic_rich,6bba_05db0fb1,6bba_05db0fb1:229,union|6bba_05db0fb1:229|82,0,0.006435209660710827
logistic_rich,6bba_05db0fb1,6bba_05db0fb1:229,union|6bba_05db0fb1:229|83,0,0.0014793281290218425
logistic_rich,6bba_05db0fb1,6bba_05db0fb1:229,union|6bba_05db0fb1:229|84,0,0.4819442220986008
logistic_rich,6bba_05db0fb1,6bba_05db0fb1:229,union|6bba_05db0fb1:229|85,0,0.07713326997518162
logistic_rich,6bba_05db0fb1,6bba_05db0fb1:229,union|6bba_05db0fb1:229|86,0,0.45037366207367246
logistic_rich,6bba_05db0fb1,6bba_05db0fb1:229,union|6bba_05db0fb1:229|87,1,0.9533269004140104
logistic_rich,6bba_05db0fb1,6bba_05db0fb1:229,union|6bba_05db0fb1:229|88,0,0.4788580794669392
logistic_rich,6bba_05db0fb1,6bba_05db0fb1:229,union|6bba_05db0fb1:229|89,0,0.5267908364830407
logistic_rich,6bba_05db0fb1,6bba_05db0fb1:229,union|6bba_05db0fb1:229|90,0,0.18007629950222018
logistic_rich,6bba_05db0fb1,6bba_05db0fb1:229,union|6bba_05db0fb1:229|91,0,0.006765511200074765
logistic_rich,6bba_05db0fb1,6bba_05db0fb1:229,union|6bba_05db0fb1:229|92,0,0.272958464875963
logistic_rich,6bba_05db0fb1,6bba_05db0fb1:229,union|6bba_05db0fb1:229|93,0,0.12840564232698137
logistic_rich,6bba_05db0fb1,6bba_05db0fb1:229,union|6bba_05db0fb1:229|94,0,0.807485222427398
logistic_rich,6bba_05db0fb1,6bba_05db0fb1:229,union|6bba_05db0fb1:229|95,0,0.039923643720875084
logistic_rich,6bba_05db0fb1,6bba_05db0fb1:229,union|6bba_05db0fb1:229|96,0,0.06541706959958765
logistic_rich,6bba_05db0fb1,6bba_05db0fb1:229,union|6bba_05db0fb1:229|97,0,0.04769527181231318
logistic_rich,6bba_05db0fb1,6bba_05db0fb1:229,union|6bba_05db0fb1:229|98,0,0.0870224424579002
logistic_rich,6bba_05db0fb1,6bba_05db0fb1:229,union|6bba_05db0fb1:229|99,0,0.0515965706922829
logistic_rich,6bba_05db0fb1,6bba_05db0fb1:229,union|6bba_05db0fb1:229|100,0,0.016863866505326446
logistic_rich,6bba_05db0fb1,6bba_05db0fb1:229,union|6bba_05db0fb1:229|101,0,0.09542553913725577
logistic_rich,6bba_05db0fb1,6bba_05db0fb1:229,union|6bba_05db0fb1:229|102,0,0.06302878955686414
logistic_rich,6bba_05db0fb1,6bba_05db0fb1:229,union|6bba_05db0fb1:229|103,0,0.0062932809406587905
logistic_rich,6bba_05db0fb1,6bba_05db0fb1:229,union|6bba_05db0fb1:229|104,0,0.08985587173152423
logistic_rich,6bba_05db0fb1,6bba_05db0fb1:229,union|6bba_05db0fb1:229|105,0,0.02330584665630276
logistic_rich,6bba_05db0fb1,6bba_05db0fb1:229,union|6bba_05db0fb1:229|106,0,0.040896097411498515
logistic_rich,6bba_05db0fb1,6bba_05db0fb1:229,union|6bba_05db0fb1:229|107,0,0.002336941834315574
logistic_rich,6bba_05db0fb1,6bba_05db0fb1:229,union|6bba_05db0fb1:229|108,0,0.05616197816717716
logistic_rich,6bba_05db0fb1,6bba_05db0fb1:229,union|6bba_05db0fb1:229|109,0,0.007853970372626832
logistic_rich,6bba_05db0fb1,6bba_05db0fb1:229,union|6bba_05db0fb1:229|110,0,0.0018647368040805642
logistic_rich,6bba_05db0fb1,6bba_05db0fb1:229,union|6bba_05db0fb1:229|111,0,0.005072174035110939
logistic_rich,6bba_05db0fb1,6bba_05db0fb1:229,union|6bba_05db0fb1:229|112,0,0.0032291141173836275
logistic_rich,6bba_05db0fb1,6bba_05db0fb1:229,union|6bba_05db0fb1:229|113,0,0.00019467687264225183
logistic_rich,6bba_05db0fb1,6bba_05db0fb1:229,union|6bba_05db0fb1:229|114,0,0.007933726299270336
logistic_rich,6bba_05db0fb1,6bba_05db0fb1:229,union|6bba_05db0fb1:229|115,0,0.009788905427501897
logistic_rich,6bba_05db0fb1,6bba_05db0fb1:229,union|6bba_05db0fb1:229|116,0,0.005617255576396917
logistic_rich,6bba_05db0fb1,6bba_05db0fb1:229,union|6bba_05db0fb1:229|117,0,0.006866989667571625
logistic_rich,6bba_05db0fb1,6bba_05db0fb1:229,union|6bba_05db0fb1:229|118,0,0.008477103758142026
logistic_rich,6bba_05db0fb1,6bba_05db0fb1:229,union|6bba_05db0fb1:229|119,0,0.018321921408486534
logistic_rich,6bba_05db0fb1,6bba_05db0fb1:229,union|6bba_05db0fb1:229|120,0,0.08184201138240148
logistic_rich,6bba_05db0fb1,6bba_05db0fb1:229,union|6bba_05db0fb1:229|121,0,0.059826394029737454
logistic_rich,6bba_05db0fb1,6bba_05db0fb1:229,union|6bba_05db0fb1:229|122,0,0.08618133972954285
logistic_rich,6bba_05db0fb1,6bba_05db0fb1:229,union|6bba_05db0fb1:229|123,0,0.013468800834006816
logistic_rich,6bba_05db0fb1,6bba_05db0fb1:229,union|6bba_05db0fb1:229|124,0,0.15942628114988194
logistic_rich,6bba_05db0fb1,6bba_05db0fb1:229,union|6bba_05db0fb1:229|125,0,0.16155127580127618
logistic_rich,6bba_05db0fb1,6bba_05db0fb1:229,union|6bba_05db0fb1:229|126,0,0.1463796055622516
logistic_rich,6bba_05db0fb1,6bba_05db0fb1:229,union|6bba_05db0fb1:229|127,0,0.09001591594271054
logistic_rich,6bba_05db0fb1,6bba_05db0fb1:229,union|6bba_05db0fb1:229|128,0,0.08301267431800467
logistic_rich,6bba_05db0fb1,6bba_05db0fb1:229,union|6bba_05db0fb1:229|129,0,0.036078727168115915
logistic_rich,6bba_05db0fb1,6bba_05db0fb1:229,union|6bba_05db0fb1:229|130,0,0.07215499453437028
logistic_rich,6bba_05db0fb1,6bba_05db0fb1:229,union|6bba_05db0fb1:229|131,0,0.013408676348115933
logistic_rich,6bba_05db0fb1,6bba_05db0fb1:229,union|6bba_05db0fb1:229|132,0,0.013061852210432686
logistic_rich,6bba_05db0fb1,6bba_05db0fb1:229,union|6bba_05db0fb1:229|133,0,0.2547542686529486
logistic_rich,6bba_05db0fb1,6bba_05db0fb1:229,union|6bba_05db0fb1:229|134,0,0.12545278585238046
logistic_rich,6bba_05db0fb1,6bba_05db0fb1:229,union|6bba_05db0fb1:229|135,0,0.005943024693307428
logistic_rich,6bba_05db0fb1,6bba_05db0fb1:229,union|6bba_05db0fb1:229|136,0,0.8845496061362885
logistic_rich,6bba_05db0fb1,6bba_05db0fb1:229,union|6bba_05db0fb1:229|137,0,0.02580965559927462
logistic_rich,6bba_05db0fb1,6bba_05db0fb1:229,union|6bba_05db0fb1:229|138,0,0.06279288586346139
logistic_rich,6bba_05db0fb1,6bba_05db0fb1:229,union|6bba_05db0fb1:229|139,0,0.013166735295929611
logistic_rich,6bba_05db0fb1,6bba_05db0fb1:229,union|6bba_05db0fb1:229|140,0,0.01135958851665566
logistic_rich,6bba_05db0fb1,6bba_05db0fb1:229,union|6bba_05db0fb1:229|141,0,0.16024835107098095
logistic_rich,6bba_05db0fb1,6bba_05db0fb1:229,union|6bba_05db0fb1:229|142,0,0.0022654047337389493
logistic_rich,6bba_05db0fb1,6bba_05db0fb1:229,union|6bba_05db0fb1:229|143,0,0.11175982171687932
logistic_rich,6bba_05db0fb1,6bba_05db0fb1:229,union|6bba_05db0fb1:229|144,0,0.0009830188792386222
logistic_rich,6bba_05db0fb1,6bba_05db0fb1:229,union|6bba_05db0fb1:229|145,0,0.0008915808989942987
logistic_rich,6bba_05db0fb1,6bba_05db0fb1:229,union|6bba_05db0fb1:229|146,0,0.00020930542065435582
logistic_rich,6bba_05db0fb1,6bba_05db0fb1:229,union|6bba_05db0fb1:229|147,0,0.0007801722398309471
logistic_rich,6bba_05db0fb1,6bba_05db0fb1:229,union|6bba_05db0fb1:229|148,0,0.0021935942760905186
logistic_rich,6bba_05db0fb1,6bba_05db0fb1:229,union|6bba_05db0fb1:229|149,0,0.04796073651755983
logistic_rich,6bba_05db0fb1,6bba_05db0fb1:229,union|6bba_05db0fb1:229|150,0,0.055335088532081946
logistic_rich,6bba_05db0fb1,6bba_05db0fb1:229,union|6bba_05db0fb1:229|151,0,0.002062694704039011
logistic_rich,6bba_05db0fb1,6bba_05db0fb1:229,union|6bba_05db0fb1:229|152,0,0.006846777662457227
logistic_rich,6bba_05db0fb1,6bba_05db0fb1:229,union|6bba_05db0fb1:229|153,0,0.002422266751901615
logistic_rich,6bba_05db0fb1,6bba_05db0fb1:229,union|6bba_05db0fb1:229|154,0,0.00026171341061411954
logistic_rich,6bba_05db0fb1,6bba_05db0fb1:229,union|6bba_05db0fb1:229|155,0,0.012983642081102389
logistic_rich,6bba_05db0fb1,6bba_05db0fb1:229,union|6bba_05db0fb1:229|156,0,0.011652126989474513
logistic_rich,6bba_05db0fb1,6bba_05db0fb1:229,union|6bba_05db0fb1:229|157,0,0.1338135308275732
logistic_rich,6bba_05db0fb1,6bba_05db0fb1:229,union|6bba_05db0fb1:229|158,0,0.03389399061642249
logistic_rich,6bba_05db0fb1,6bba_05db0fb1:229,union|6bba_05db0fb1:229|159,0,0.007952598941761221
logistic_rich,6bba_05db0fb1,6bba_05db0fb1:229,union|6bba_05db0fb1:229|160,0,0.0273333514859182
logistic_rich,6bba_05db0fb1,6bba_05db0fb1:229,union|6bba_05db0fb1:229|161,0,0.002133280703158298
logistic_rich,6bba_05db0fb1,6bba_05db0fb1:229,union|6bba_05db0fb1:229|162,0,0.0010706785080538705
logistic_rich,6bba_05db0fb1,6bba_05db0fb1:229,union|6bba_05db0fb1:229|163,0,0.010806363264224525
logistic_rich,6bba_05db0fb1,6bba_05db0fb1:229,union|6bba_05db0fb1:229|164,0,0.0007393043618151279
logistic_rich,6bba_05db0fb1,6bba_05db0fb1:229,union|6bba_05db0fb1:229|165,0,0.03939684049675179
logistic_rich,6bba_05db0fb1,6bba_05db0fb1:229,union|6bba_05db0fb1:229|166,0,0.0001942104947327003
logistic_rich,6bba_05db0fb1,6bba_05db0fb1:229,union|6bba_05db0fb1:229|167,0,0.00018291992674503962
logistic_rich,6bba_05db0fb1,6bba_05db0fb1:229,union|6bba_05db0fb1:229|168,0,0.020008544560826222
logistic_rich,6bba_05db0fb1,6bba_05db0fb1:229,union|6bba_05db0fb1:229|169,0,0.00015861987465865874
logistic_rich,6bba_05db0fb1,6bba_05db0fb1:229,union|6bba_05db0fb1:229|170,0,0.00027946265384311926
logistic_rich,6bba_05db0fb1,6bba_05db0fb1:229,union|6bba_05db0fb1:229|171,0,3.202275533584247e-05
logistic_rich,6bba_05db0fb1,6bba_05db0fb1:229,union|6bba_05db0fb1:229|172,0,0.00016950174702754336
logistic_rich,6bba_05db0fb1,6bba_05db0fb1:751,union|6bba_05db0fb1:751|0,0,0.03338553198915864
logistic_rich,6bba_05db0fb1,6bba_05db0fb1:751,union|6bba_05db0fb1:751|1,0,0.7798307217813506
logistic_rich,6bba_05db0fb1,6bba_05db0fb1:751,union|6bba_05db0fb1:751|2,0,0.060608666251955864
logistic_rich,6bba_05db0fb1,6bba_05db0fb1:751,union|6bba_05db0fb1:751|3,0,0.23778723227662457
logistic_rich,6bba_05db0fb1,6bba_05db0fb1:751,union|6bba_05db0fb1:751|4,0,0.8319952696929895
logistic_rich,6bba_05db0fb1,6bba_05db0fb1:751,union|6bba_05db0fb1:751|5,0,0.3783362765209922
logistic_rich,6bba_05db0fb1,6bba_05db0fb1:751,union|6bba_05db0fb1:751|6,0,0.34858682856788153
logistic_rich,6bba_05db0fb1,6bba_05db0fb1:751,union|6bba_05db0fb1:751|7,0,0.19189592150826618
logistic_rich,6bba_05db0fb1,6bba_05db0fb1:751,union|6bba_05db0fb1:751|8,0,0.11732159224504032
logistic_rich,6bba_05db0fb1,6bba_05db0fb1:751,union|6bba_05db0fb1:751|9,0,0.475269344008766
logistic_rich,6bba_05db0fb1,6bba_05db0fb1:751,union|6bba_05db0fb1:751|10,0,0.00562402104656013
logistic_rich,6bba_05db0fb1,6bba_05db0fb1:751,union|6bba_05db0fb1:751|11,0,0.038678326996621305
logistic_rich,6bba_05db0fb1,6bba_05db0fb1:751,union|6bba_05db0fb1:751|12,0,0.32310715190812356
logistic_rich,6bba_05db0fb1,6bba_05db0fb1:751,union|6bba_05db0fb1:751|13,0,0.12288039091060889
logistic_rich,6bba_05db0fb1,6bba_05db0fb1:751,union|6bba_05db0fb1:751|14,0,0.11674634590953978
logistic_rich,6bba_05db0fb1,6bba_05db0fb1:751,union|6bba_05db0fb1:751|15,0,0.04337857492005942
logistic_rich,6bba_05db0fb1,6bba_05db0fb1:751,union|6bba_05db0fb1:751|16,0,0.10036155005824621
logistic_rich,6bba_05db0fb1,6bba_05db0fb1:751,union|6bba_05db0fb1:751|17,0,0.03270740401432112
logistic_rich,6bba_05db0fb1,6bba_05db0fb1:751,union|6bba_05db0fb1:751|18,0,0.13113590698469643
logistic_rich,6bba_05db0fb1,6bba_05db0fb1:751,union|6bba_05db0fb1:751|19,0,0.03254944283099176
logistic_rich,6bba_05db0fb1,6bba_05db0fb1:751,union|6bba_05db0fb1:751|20,0,0.12652246728197852
logistic_rich,6bba_05db0fb1,6bba_05db0fb1:751,union|6bba_05db0fb1:751|21,0,0.11564322471517975
logistic_rich,6bba_05db0fb1,6bba_05db0fb1:751,union|6bba_05db0fb1:751|22,0,0.03618755363061032
logistic_rich,6bba_05db0fb1,6bba_05db0fb1:751,union|6bba_05db0fb1:751|23,0,0.0019629385574521973
logistic_rich,6bba_05db0fb1,6bba_05db0fb1:751,union|6bba_05db0fb1:751|24,0,0.005504187452167341
logistic_rich,6bba_05db0fb1,6bba_05db0fb1:751,union|6bba_05db0fb1:751|25,0,0.0052436930224393505
logistic_rich,6bba_05db0fb1,6bba_05db0fb1:751,union|6bba_05db0fb1:751|26,0,0.0047254969112894
logistic_rich,6bba_05db0fb1,6bba_05db0fb1:751,union|6bba_05db0fb1:751|27,0,0.006127617429128568
logistic_rich,6bba_05db0fb1,6bba_05db0fb1:751,union|6bba_05db0fb1:751|28,0,0.005183471712359545
logistic_rich,6bba_05db0fb1,6bba_05db0fb1:751,union|6bba_05db0fb1:751|29,0,0.09267681999615553
logistic_rich,6bba_05db0fb1,6bba_05db0fb1:751,union|6bba_05db0fb1:751|30,0,0.2666532653833015
logistic_rich,6bba_05db0fb1,6bba_05db0fb1:751,union|6bba_05db0fb1:751|31,0,0.11496192452931871
logistic_rich,6bba_05db0fb1,6bba_05db0fb1:751,union|6bba_05db0fb1:751|32,1,0.992419100815828
logistic_rich,6bba_05db0fb1,6bba_05db0fb1:751,union|6bba_05db0fb1:751|33,0,0.36894209491006247
logistic_rich,6bba_05db0fb1,6bba_05db0fb1:751,union|6bba_05db0fb1:751|34,0,0.7745550948660918
logistic_rich,6bba_05db0fb1,6bba_05db0fb1:751,union|6bba_05db0fb1:751|35,0,0.1818270451579064
logistic_rich,6bba_05db0fb1,6bba_05db0fb1:751,union|6bba_05db0fb1:751|36,0,0.7280586989688346
logistic_rich,6bba_05db0fb1,6bba_05db0fb1:751,union|6bba_05db0fb1:751|37,0,0.013771677791257698
logistic_rich,6bba_05db0fb1,6bba_05db0fb1:751,union|6bba_05db0fb1:751|38,0,0.005999092836314794
logistic_rich,6bba_05db0fb1,6bba_05db0fb1:751,union|6bba_05db0fb1:751|39,0,0.016816374514402262
logistic_rich,6bba_05db0fb1,6bba_05db0fb1:751,union|6bba_05db0fb1:751|40,0,0.7531969918838258
logistic_rich,6bba_05db0fb1,6bba_05db0fb1:751,union|6bba_05db0fb1:751|41,0,0.13778224921752658
logistic_rich,6bba_05db0fb1,6bba_05db0fb1:751,union|6bba_05db0fb1:751|42,0,0.0669926319176442
logistic_rich,6bba_05db0fb1,6bba_05db0fb1:751,union|6bba_05db0fb1:751|43,0,0.055950187023116056
logistic_rich,6bba_05db0fb1,6bba_05db0fb1:751,union|6bba_05db0fb1:751|44,0,0.4353525162731041
logistic_rich,6bba_05db0fb1,6bba_05db0fb1:751,union|6bba_05db0fb1:751|45,0,0.2876223595826856
logistic_rich,6bba_05db0fb1,6bba_05db0fb1:751,union|6bba_05db0fb1:751|46,0,0.08128379180795602
logistic_rich,6bba_05db0fb1,6bba_05db0fb1:751,union|6bba_05db0fb1:751|47,0,0.2562815808908409
logistic_rich,6bba_05db0fb1,6bba_05db0fb1:751,union|6bba_05db0fb1:751|48,0,0.300371753707755
logistic_rich,6bba_05db0fb1,6bba_05db0fb1:751,union|6bba_05db0fb1:751|49,0,0.031876195307615963
logistic_rich,6bba_05db0fb1,6bba_05db0fb1:751,union|6bba_05db0fb1:751|50,0,0.027892756143113984
logistic_rich,6bba_05db0fb1,6bba_05db0fb1:751,union|6bba_05db0fb1:751|51,0,0.003785877409978288
logistic_rich,6bba_05db0fb1,6bba_05db0fb1:751,union|6bba_05db0fb1:751|52,0,0.00733029723406147
logistic_rich,6bba_05db0fb1,6bba_05db0fb1:751,union|6bba_05db0fb1:751|53,0,0.01159480049194258
logistic_rich,6bba_05db0fb1,6bba_05db0fb1:751,union|6bba_05db0fb1:751|54,0,0.015259929035106761
logistic_rich,6bba_05db0fb1,6bba_05db0fb1:751,union|6bba_05db0fb1:751|55,0,0.014524100664418473
logistic_rich,6bba_05db0fb1,6bba_05db0fb1:751,union|6bba_05db0fb1:751|56,0,0.01823845851479434
logistic_rich,6bba_05db0fb1,6bba_05db0fb1:751,union|6bba_05db0fb1:751|57,0,0.02352060640464394
logistic_rich,6bba_05db0fb1,6bba_05db0fb1:751,union|6bba_05db0fb1:751|58,0,0.24856802830233918
logistic_rich,6bba_05db0fb1,6bba_05db0fb1:751,union|6bba_05db0fb1:751|59,0,0.5505180727111985
logistic_rich,6bba_05db0fb1,6bba_05db0fb1:751,union|6bba_05db0fb1:751|60,0,0.6360192171614066
logistic_rich,6bba_05db0fb1,6bba_05db0fb1:751,union|6bba_05db0fb1:751|61,0,0.026389137575128604
logistic_rich,6bba_05db0fb1,6bba_05db0fb1:751,union|6bba_05db0fb1:751|62,0,0.3296847746100025
logistic_rich,6bba_05db0fb1,6bba_05db0fb1:751,union|6bba_05db0fb1:751|63,0,0.03076804812779619
logistic_rich,6bba_05db0fb1,6bba_05db0fb1:751,union|6bba_05db0fb1:751|64,0,0.08615814710770972
logistic_rich,6bba_05db0fb1,6bba_05db0fb1:751,union|6bba_05db0fb1:751|65,0,0.014886457371667487
logistic_rich,6bba_05db0fb1,6bba_05db0fb1:751,union|6bba_05db0fb1:751|66,0,0.05592287212537305
logistic_rich,6bba_05db0fb1,6bba_05db0fb1:751,union|6bba_05db0fb1:751|67,0,0.022188522571745653
logistic_rich,6bba_05db0fb1,6bba_05db0fb1:751,union|6bba_05db0fb1:751|68,0,0.060231051278839716
logistic_rich,6bba_05db0fb1,6bba_05db0fb1:751,union|6bba_05db0fb1:751|69,0,0.07427869670703253
logistic_rich,6bba_05db0fb1,6bba_05db0fb1:751,union|6bba_05db0fb1:751|70,0,0.1038255278616471
logistic_rich,6bba_05db0fb1,6bba_05db0fb1:751,union|6bba_05db0fb1:751|71,0,0.018254670844833714
logistic_rich,6bba_05db0fb1,6bba_05db0fb1:751,union|6bba_05db0fb1:751|72,0,0.0399073024762341
logistic_rich,6bba_05db0fb1,6bba_05db0fb1:751,union|6bba_05db0fb1:751|73,0,0.011399817266317266
logistic_rich,6bba_05db0fb1,6bba_05db0fb1:751,union|6bba_05db0fb1:751|74,0,0.008553892006231556
logistic_rich,6bba_05db0fb1,6bba_05db0fb1:751,union|6bba_05db0fb1:751|75,0,0.0030016880344049704
logistic_rich,6bba_05db0fb1,6bba_05db0fb1:751,union|6bba_05db0fb1:751|76,0,0.0024832402498394337
logistic_rich,6bba_05db0fb1,6bba_05db0fb1:751,union|6bba_05db0fb1:751|77,0,0.33574094808662147
logistic_rich,6bba_05db0fb1,6bba_05db0fb1:751,union|6bba_05db0fb1:751|78,0,0.8992077803461027
logistic_rich,6bba_05db0fb1,6bba_05db0fb1:751,union|6bba_05db0fb1:751|79,0,0.14734228237630487
logistic_rich,6bba_05db0fb1,6bba_05db0fb1:751,union|6bba_05db0fb1:751|80,0,0.10371508059858536
logistic_rich,6bba_05db0fb1,6bba_05db0fb1:751,union|6bba_05db0fb1:751|81,0,0.8092564126052837
logistic_rich,6bba_05db0fb1,6bba_05db0fb1:751,union|6bba_05db0fb1:751|82,0,0.04469005786045246
logistic_rich,6bba_05db0fb1,6bba_05db0fb1:751,union|6bba_05db0fb1:751|83,0,0.010680217755707348
logistic_rich,6bba_05db0fb1,6bba_05db0fb1:751,union|6bba_05db0fb1:751|84,0,0.017772712035632753
logistic_rich,6bba_05db0fb1,6bba_05db0fb1:751,union|6bba_05db0fb1:751|85,0,0.008914028504623557
logistic_rich,6bba_05db0fb1,6bba_05db0fb1:751,union|6bba_05db0fb1:751|86,0,0.016639524422270298
logistic_rich,6bba_05db0fb1,6bba_05db0fb1:751,union|6bba_05db0fb1:751|87,0,0.9873619310603828
logistic_rich,6bba_05db0fb1,6bba_05db0fb1:751,union|6bba_05db0fb1:751|88,0,0.13541342568450268
logistic_rich,6bba_05db0fb1,6bba_05db0fb1:751,union|6bba_05db0fb1:751|89,0,0.082440522787312
logistic_rich,6bba_05db0fb1,6bba_05db0fb1:751,union|6bba_05db0fb1:751|90,0,0.02625679133023878
logistic_rich,6bba_05db0fb1,6bba_05db0fb1:751,union|6bba_05db0fb1:751|91,0,0.4775332910615336
logistic_rich,6bba_05db0fb1,6bba_05db0fb1:751,union|6bba_05db0fb1:751|92,0,0.7413026151057257
logistic_rich,6bba_05db0fb1,6bba_05db0fb1:751,union|6bba_05db0fb1:751|93,0,0.0314473973757805
logistic_rich,6bba_05db0fb1,6bba_05db0fb1:751,union|6bba_05db0fb1:751|94,0,0.39891146395763727
logistic_rich,6bba_05db0fb1,6bba_05db0fb1:751,union|6bba_05db0fb1:751|95,0,0.030055292986750467
logistic_rich,6bba_05db0fb1,6bba_05db0fb1:751,union|6bba_05db0fb1:751|96,0,0.044842671740521776
logistic_rich,6bba_05db0fb1,6bba_05db0fb1:751,union|6bba_05db0fb1:751|97,0,0.0718092635784203
logistic_rich,6bba_05db0fb1,6bba_05db0fb1:751,union|6bba_05db0fb1:751|98,0,0.01926669879503776
logistic_rich,6bba_05db0fb1,6bba_05db0fb1:751,union|6bba_05db0fb1:751|99,0,0.09091066878354861
logistic_rich,6bba_05db0fb1,6bba_05db0fb1:751,union|6bba_05db0fb1:751|100,0,0.032228712974871905
logistic_rich,6bba_05db0fb1,6bba_05db0fb1:751,union|6bba_05db0fb1:751|101,0,0.05102486359368099
logistic_rich,6bba_05db0fb1,6bba_05db0fb1:751,union|6bba_05db0fb1:751|102,0,0.10517774476103506
logistic_rich,6bba_05db0fb1,6bba_05db0fb1:751,union|6bba_05db0fb1:751|103,0,0.3791290508311425
logistic_rich,6bba_05db0fb1,6bba_05db0fb1:751,union|6bba_05db0fb1:751|104,0,0.032301626866992776
logistic_rich,6bba_05db0fb1,6bba_05db0fb1:751,union|6bba_05db0fb1:751|105,0,0.5179738299901268
logistic_rich,6bba_05db0fb1,6bba_05db0fb1:751,union|6bba_05db0fb1:751|106,0,0.0201082936608694
logistic_rich,6bba_05db0fb1,6bba_05db0fb1:751,union|6bba_05db0fb1:751|107,0,0.04931707472708827
logistic_rich,6bba_05db0fb1,6bba_05db0fb1:751,union|6bba_05db0fb1:751|108,0,0.06820293908932405
logistic_rich,6bba_05db0fb1,6bba_05db0fb1:751,union|6bba_05db0fb1:751|109,0,0.003669706895360773
logistic_rich,6bba_05db0fb1,6bba_05db0fb1:751,union|6bba_05db0fb1:751|110,0,0.01334576215592946
logistic_rich,6bba_05db0fb1,6bba_05db0fb1:751,union|6bba_05db0fb1:751|111,0,0.5144842275549788
logistic_rich,6bba_05db0fb1,6bba_05db0fb1:751,union|6bba_05db0fb1:751|112,0,0.030273145813496678
logistic_rich,6bba_05db0fb1,6bba_05db0fb1:751,union|6bba_05db0fb1:751|113,0,0.04534497268056777
logistic_rich,6bba_05db0fb1,6bba_05db0fb1:751,union|6bba_05db0fb1:751|114,0,0.05529659457231841
logistic_rich,6bba_05db0fb1,6bba_05db0fb1:751,union|6bba_05db0fb1:751|115,0,0.40674469130907714
logistic_rich,6bba_05db0fb1,6bba_05db0fb1:751,union|6bba_05db0fb1:751|116,0,0.13464447084585576
logistic_rich,6bba_05db0fb1,6bba_05db0fb1:751,union|6bba_05db0fb1:751|117,0,0.024807625231123797
logistic_rich,6bba_05db0fb1,6bba_05db0fb1:751,union|6bba_05db0fb1:751|118,0,0.05363570924633616
logistic_rich,6bba_05db0fb1,6bba_05db0fb1:751,union|6bba_05db0fb1:751|119,0,0.08205375882889047
logistic_rich,6bba_05db0fb1,6bba_05db0fb1:751,union|6bba_05db0fb1:751|120,0,0.0032929902313031593
logistic_rich,6bba_05db0fb1,6bba_05db0fb1:751,union|6bba_05db0fb1:751|121,0,0.01675826210215059
logistic_rich,6bba_05db0fb1,6bba_05db0fb1:751,union|6bba_05db0fb1:751|122,0,0.022931610827575586
logistic_rich,6bba_05db0fb1,6bba_05db0fb1:751,union|6bba_05db0fb1:751|123,0,0.015759317765850284
logistic_rich,6bba_05db0fb1,6bba_05db0fb1:751,union|6bba_05db0fb1:751|124,0,0.03486724157285639
logistic_rich,6bba_05db0fb1,6bba_05db0fb1:751,union|6bba_05db0fb1:751|125,0,0.026203313164348933
logistic_rich,6bba_05db0fb1,6bba_05db0fb1:751,union|6bba_05db0fb1:751|126,0,0.021850683551841846
logistic_rich,6bba_05db0fb1,6bba_05db0fb1:751,union|6bba_05db0fb1:751|127,0,0.017268068717750763
logistic_rich,6bba_05db0fb1,6bba_05db0fb1:751,union|6bba_05db0fb1:751|128,0,0.035921300802958626
logistic_rich,6bba_05db0fb1,6bba_05db0fb1:751,union|6bba_05db0fb1:751|129,0,0.02374416645460122
logistic_rich,6bba_05db0fb1,6bba_05db0fb1:751,union|6bba_05db0fb1:751|130,0,0.05462179243842072
logistic_rich,6bba_05db0fb1,6bba_05db0fb1:751,union|6bba_05db0fb1:751|131,0,0.016458979420325162
logistic_rich,6bba_05db0fb1,6bba_05db0fb1:751,union|6bba_05db0fb1:751|132,0,0.008967103194678387
logistic_rich,6bba_05db0fb1,6bba_05db0fb1:751,union|6bba_05db0fb1:751|133,0,0.017454703711639562
logistic_rich,6bba_05db0fb1,6bba_05db0fb1:751,union|6bba_05db0fb1:751|134,0,0.039178244391029474
logistic_rich,6bba_05db0fb1,6bba_05db0fb1:751,union|6bba_05db0fb1:751|135,0,0.3332731553827459
logistic_rich,6bba_05db0fb1,6bba_05db0fb1:751,union|6bba_05db0fb1:751|136,0,0.18584442308904017
logistic_rich,6bba_05db0fb1,6bba_05db0fb1:751,union|6bba_05db0fb1:751|137,0,0.019523422740490192
logistic_rich,6bba_05db0fb1,6bba_05db0fb1:751,union|6bba_05db0fb1:751|138,0,0.31862636546648504
logistic_rich,6bba_05db0fb1,6bba_05db0fb1:751,union|6bba_05db0fb1:751|139,0,0.012249404178411263
logistic_rich,6bba_05db0fb1,6bba_05db0fb1:751,union|6bba_05db0fb1:751|140,0,0.013461263649718874
logistic_rich,6bba_05db0fb1,6bba_05db0fb1:751,union|6bba_05db0fb1:751|141,0,0.00482258786401014
logistic_rich,6bba_05db0fb1,6bba_05db0fb1:751,union|6bba_05db0fb1:751|142,0,0.03290326152137595
logistic_rich,6bba_05db0fb1,6bba_05db0fb1:751,union|6bba_05db0fb1:751|143,0,0.0048332646821047705
logistic_rich,6bba_05db0fb1,6bba_05db0fb1:751,union|6bba_05db0fb1:751|144,0,0.0030839990868812704
logistic_rich,6bba_05db0fb1,6bba_05db0fb1:751,union|6bba_05db0fb1:751|145,0,0.01715323839188395
logistic_rich,6bba_05db0fb1,6bba_05db0fb1:751,union|6bba_05db0fb1:751|146,0,0.03663341213602862
logistic_rich,6bba_05db0fb1,6bba_05db0fb1:751,union|6bba_05db0fb1:751|147,0,0.0019238552235776604
logistic_rich,6bba_05db0fb1,6bba_05db0fb1:751,union|6bba_05db0fb1:751|148,0,0.0020275022360744695
logistic_rich,6bba_05db0fb1,6bba_05db0fb1:751,union|6bba_05db0fb1:751|149,0,0.0019165293710208821
logistic_rich,6bba_05db0fb1,6bba_05db0fb1:751,union|6bba_05db0fb1:751|150,0,0.0019716453954920247
logistic_rich,6bba_05db0fb1,6bba_05db0fb1:751,union|6bba_05db0fb1:751|151,0,0.0026642993123079063
logistic_rich,6bba_05db0fb1,6bba_05db0fb1:751,union|6bba_05db0fb1:751|152,0,0.0032012795314302336
logistic_rich,6bba_05db0fb1,6bba_05db0fb1:751,union|6bba_05db0fb1:751|153,0,0.003442022394279868
logistic_rich,6bba_05db0fb1,6bba_05db0fb1:751,union|6bba_05db0fb1:751|154,0,0.003714354570929524
logistic_rich,6bba_05db0fb1,6bba_05db0fb1:751,union|6bba_05db0fb1:751|155,0,0.0028476876431563344
logistic_rich,6bba_05db0fb1,6bba_05db0fb1:751,union|6bba_05db0fb1:751|156,0,0.0036513446642040407
logistic_rich,6bba_05db0fb1,6bba_05db0fb1:751,union|6bba_05db0fb1:751|157,0,0.029457218497216053
logistic_rich,6bba_05db0fb1,6bba_05db0fb1:751,union|6bba_05db0fb1:751|158,0,0.00023528417006342484
logistic_rich,6bba_05db0fb1,6bba_05db0fb1:751,union|6bba_05db0fb1:751|159,0,0.0003079330147609321
logistic_rich,6bba_05db0fb1,6bba_05db0fb1:751,union|6bba_05db0fb1:751|160,0,0.00648668365659986
logistic_rich,6bba_05db0fb1,6bba_05db0fb1:751,union|6bba_05db0fb1:751|161,0,0.005073295742218328
logistic_rich,6bba_05db0fb1,6bba_05db0fb1:751,union|6bba_05db0fb1:751|162,0,0.009756442199437613
logistic_rich,6bba_05db0fb1,6bba_05db0fb1:751,union|6bba_05db0fb1:751|163,0,0.0010449419711832852
logistic_rich,6bba_05db0fb1,6bba_05db0fb1:751,union|6bba_05db0fb1:751|164,0,0.0731049456512109
logistic_rich,6bba_05db0fb1,6bba_05db0fb1:751,union|6bba_05db0fb1:751|165,0,0.015613596012952447
logistic_rich,6bba_05db0fb1,6bba_05db0fb1:751,union|6bba_05db0fb1:751|166,0,0.005028136055271838
logistic_rich,6bba_05db0fb1,6bba_05db0fb1:751,union|6bba_05db0fb1:751|167,0,0.08431045258810027
logistic_rich,6bba_05db0fb1,6bba_05db0fb1:751,union|6bba_05db0fb1:751|168,0,0.0035295628587946708
logistic_rich,6bba_05db0fb1,6bba_05db0fb1:751,union|6bba_05db0fb1:751|169,0,0.004896459747299657
logistic_rich,6bba_05db0fb1,6bba_05db0fb1:751,union|6bba_05db0fb1:751|170,0,0.002910049033062212
logistic_rich,6bba_05db0fb1,6bba_05db0fb1:751,union|6bba_05db0fb1:751|171,0,0.003905225687487271
logistic_rich,6bba_05db0fb1,6bba_05db0fb1:751,union|6bba_05db0fb1:751|172,0,0.01684504778563126
logistic_rich,6bba_207c6aaf,6bba_207c6aaf:146,union|6bba_207c6aaf:146|0,0,0.0031025327927718034
logistic_rich,6bba_207c6aaf,6bba_207c6aaf:146,union|6bba_207c6aaf:146|1,0,0.007498933479329967
logistic_rich,6bba_207c6aaf,6bba_207c6aaf:146,union|6bba_207c6aaf:146|2,0,0.011287613921132192
logistic_rich,6bba_207c6aaf,6bba_207c6aaf:146,union|6bba_207c6aaf:146|3,0,0.010792734437914984
logistic_rich,6bba_207c6aaf,6bba_207c6aaf:146,union|6bba_207c6aaf:146|4,0,0.011800262419511723
logistic_rich,6bba_207c6aaf,6bba_207c6aaf:146,union|6bba_207c6aaf:146|5,0,0.029912287062343276
logistic_rich,6bba_207c6aaf,6bba_207c6aaf:146,union|6bba_207c6aaf:146|6,0,0.05751007571926241
logistic_rich,6bba_207c6aaf,6bba_207c6aaf:146,union|6bba_207c6aaf:146|7,0,0.024202019518798735
logistic_rich,6bba_207c6aaf,6bba_207c6aaf:146,union|6bba_207c6aaf:146|8,0,0.028019311278679262
logistic_rich,6bba_207c6aaf,6bba_207c6aaf:146,union|6bba_207c6aaf:146|9,0,0.010221000428574089
logistic_rich,6bba_207c6aaf,6bba_207c6aaf:146,union|6bba_207c6aaf:146|10,0,0.04128047535563444
logistic_rich,6bba_207c6aaf,6bba_207c6aaf:146,union|6bba_207c6aaf:146|11,0,0.03199526329547579
logistic_rich,6bba_207c6aaf,6bba_207c6aaf:146,union|6bba_207c6aaf:146|12,0,0.024846382279017185
logistic_rich,6bba_207c6aaf,6bba_207c6aaf:146,union|6bba_207c6aaf:146|13,1,0.1882105361092648
logistic_rich,6bba_207c6aaf,6bba_207c6aaf:146,union|6bba_207c6aaf:146|14,0,0.2893598070898602
logistic_rich,6bba_207c6aaf,6bba_207c6aaf:146,union|6bba_207c6aaf:146|15,0,0.06871825706258419
logistic_rich,6bba_207c6aaf,6bba_207c6aaf:146,union|6bba_207c6aaf:146|16,0,0.264140839066878
logistic_rich,6bba_207c6aaf,6bba_207c6aaf:146,union|6bba_207c6aaf:146|17,0,0.02071593165811027
logistic_rich,6bba_207c6aaf,6bba_207c6aaf:146,union|6bba_207c6aaf:146|18,0,0.012916965467849786
logistic_rich,6bba_207c6aaf,6bba_207c6aaf:146,union|6bba_207c6aaf:146|19,0,0.3308584099897172
logistic_rich,6bba_207c6aaf,6bba_207c6aaf:146,union|6bba_207c6aaf:146|20,0,0.004747225235527808
logistic_rich,6bba_207c6aaf,6bba_207c6aaf:146,union|6bba_207c6aaf:146|21,0,0.1549320911904779
logistic_rich,6bba_207c6aaf,6bba_207c6aaf:146,union|6bba_207c6aaf:146|22,0,0.03720683198152752
logistic_rich,6bba_207c6aaf,6bba_207c6aaf:146,union|6bba_207c6aaf:146|23,0,0.03585098112756235
logistic_rich,6bba_207c6aaf,6bba_207c6aaf:146,union|6bba_207c6aaf:146|24,0,0.013872920093970363
logistic_rich,6bba_207c6aaf,6bba_207c6aaf:146,union|6bba_207c6aaf:146|25,0,0.9327283454717821
logistic_rich,6bba_207c6aaf,6bba_207c6aaf:146,union|6bba_207c6aaf:146|26,0,0.01783999740749597
logistic_rich,6bba_207c6aaf,6bba_207c6aaf:146,union|6bba_207c6aaf:146|27,0,0.023622707430896894
logistic_rich,6bba_207c6aaf,6bba_207c6aaf:146,union|6bba_207c6aaf:146|28,0,0.015725288066885043
logistic_rich,6bba_207c6aaf,6bba_207c6aaf:146,union|6bba_207c6aaf:146|29,0,0.3730753060142086
logistic_rich,6bba_207c6aaf,6bba_207c6aaf:146,union|6bba_207c6aaf:146|30,0,0.021293282407504343
logistic_rich,6bba_207c6aaf,6bba_207c6aaf:146,union|6bba_207c6aaf:146|31,0,0.0042175705955917195
logistic_rich,6bba_207c6aaf,6bba_207c6aaf:146,union|6bba_207c6aaf:146|32,0,0.339653904148953
logistic_rich,6bba_207c6aaf,6bba_207c6aaf:146,union|6bba_207c6aaf:146|33,0,0.5113954830158507
logistic_rich,6bba_207c6aaf,6bba_207c6aaf:146,union|6bba_207c6aaf:146|34,0,0.0315604374614387
logistic_rich,6bba_207c6aaf,6bba_207c6aaf:146,union|6bba_207c6aaf:146|35,0,0.020673949020865993
logistic_rich,6bba_207c6aaf,6bba_207c6aaf:146,union|6bba_207c6aaf:146|36,0,0.6084209958818861
logistic_rich,6bba_207c6aaf,6bba_207c6aaf:146,union|6bba_207c6aaf:146|37,0,0.0019554489621357086
logistic_rich,6bba_207c6aaf,6bba_207c6aaf:146,union|6bba_207c6aaf:146|38,0,0.050894869110530115
logistic_rich,6bba_207c6aaf,6bba_207c6aaf:146,union|6bba_207c6aaf:146|39,0,0.004837956033637677
logistic_rich,6bba_207c6aaf,6bba_207c6aaf:146,union|6bba_207c6aaf:146|40,0,0.03331395104240289
logistic_rich,6bba_207c6aaf,6bba_207c6aaf:146,union|6bba_207c6aaf:146|41,0,0.016708144469500932
logistic_rich,6bba_207c6aaf,6bba_207c6aaf:146,union|6bba_207c6aaf:146|42,0,0.07970469242286465
logistic_rich,6bba_207c6aaf,6bba_207c6aaf:146,union|6bba_207c6aaf:146|43,0,0.016024641718620027
logistic_rich,6bba_207c6aaf,6bba_207c6aaf:146,union|6bba_207c6aaf:146|44,0,0.021109924726729144
logistic_rich,6bba_207c6aaf,6bba_207c6aaf:146,union|6bba_207c6aaf:146|45,0,0.1045052905588736
logistic_rich,6bba_207c6aaf,6bba_207c6aaf:146,union|6bba_207c6aaf:146|46,0,0.01754378311820465
logistic_rich,6bba_207c6aaf,6bba_207c6aaf:146,union|6bba_207c6aaf:146|47,0,0.20995688960242992
logistic_rich,6bba_207c6aaf,6bba_207c6aaf:146,union|6bba_207c6aaf:146|48,0,0.0297947034425035
logistic_rich,6bba_207c6aaf,6bba_207c6aaf:146,union|6bba_207c6aaf:146|49,0,0.010158203602482681
logistic_rich,6bba_207c6aaf,6bba_207c6aaf:146,union|6bba_207c6aaf:146|50,0,0.014661346550594331
logistic_rich,6bba_207c6aaf,6bba_207c6aaf:146,union|6bba_207c6aaf:146|51,0,0.02404437170142985
logistic_rich,6bba_207c6aaf,6bba_207c6aaf:146,union|6bba_207c6aaf:146|52,0,0.010109579587219598
logistic_rich,6bba_207c6aaf,6bba_207c6aaf:146,union|6bba_207c6aaf:146|53,0,0.1044558747915278
logistic_rich,6bba_207c6aaf,6bba_207c6aaf:146,union|6bba_207c6aaf:146|54,0,0.027756528132098564
logistic_rich,6bba_207c6aaf,6bba_207c6aaf:146,union|6bba_207c6aaf:146|55,0,0.0159466711260054
logistic_rich,6bba_207c6aaf,6bba_207c6aaf:146,union|6bba_207c6aaf:146|56,0,0.8908378833882329
logistic_rich,6bba_207c6aaf,6bba_207c6aaf:146,union|6bba_207c6aaf:146|57,0,0.01198029646460364
logistic_rich,6bba_207c6aaf,6bba_207c6aaf:146,union|6bba_207c6aaf:146|58,0,0.0015262748574545683
logistic_rich,6bba_207c6aaf,6bba_207c6aaf:146,union|6bba_207c6aaf:146|59,0,0.014235592920815282
logistic_rich,6bba_207c6aaf,6bba_207c6aaf:146,union|6bba_207c6aaf:146|60,0,0.10531686490513217
logistic_rich,6bba_207c6aaf,6bba_207c6aaf:146,union|6bba_207c6aaf:146|61,0,0.005313144247938513
logistic_rich,6bba_207c6aaf,6bba_207c6aaf:146,union|6bba_207c6aaf:146|62,0,0.015414122867617595
logistic_rich,6bba_207c6aaf,6bba_207c6aaf:146,union|6bba_207c6aaf:146|63,0,0.022242289719734028
logistic_rich,6bba_207c6aaf,6bba_207c6aaf:146,union|6bba_207c6aaf:146|64,0,0.00516152267641191
logistic_rich,6bba_207c6aaf,6bba_207c6aaf:146,union|6bba_207c6aaf:146|65,0,0.01215637753086759
logistic_rich,6bba_207c6aaf,6bba_207c6aaf:146,union|6bba_207c6aaf:146|66,0,0.008351478819574286
logistic_rich,6bba_207c6aaf,6bba_207c6aaf:146,union|6bba_207c6aaf:146|67,0,0.015164466592000384
logistic_rich,6bba_207c6aaf,6bba_207c6aaf:146,union|6bba_207c6aaf:146|68,0,0.001814635882500826
logistic_rich,6bba_32db13fc,6bba_32db13fc:115,union|6bba_32db13fc:115|0,0,0.21983718365847646
logistic_rich,6bba_32db13fc,6bba_32db13fc:115,union|6bba_32db13fc:115|1,0,0.006908876798790923
logistic_rich,6bba_32db13fc,6bba_32db13fc:115,union|6bba_32db13fc:115|2,0,0.10248899114971435
logistic_rich,6bba_32db13fc,6bba_32db13fc:115,union|6bba_32db13fc:115|3,0,0.046659974906363755
logistic_rich,6bba_32db13fc,6bba_32db13fc:115,union|6bba_32db13fc:115|4,0,0.035625077590332996
logistic_rich,6bba_32db13fc,6bba_32db13fc:115,union|6bba_32db13fc:115|5,0,0.9155624634455295
logistic_rich,6bba_32db13fc,6bba_32db13fc:115,union|6bba_32db13fc:115|6,0,0.8720171489094346
logistic_rich,6bba_32db13fc,6bba_32db13fc:115,union|6bba_32db13fc:115|7,0,0.03881112082204976
logistic_rich,6bba_32db13fc,6bba_32db13fc:115,union|6bba_32db13fc:115|8,0,0.05230320109468622
logistic_rich,6bba_32db13fc,6bba_32db13fc:115,union|6bba_32db13fc:115|9,0,0.004569793382947778
logistic_rich,6bba_32db13fc,6bba_32db13fc:115,union|6bba_32db13fc:115|10,0,0.0017786271101132868
logistic_rich,6bba_32db13fc,6bba_32db13fc:115,union|6bba_32db13fc:115|11,0,0.18163280237732451
logistic_rich,6bba_32db13fc,6bba_32db13fc:115,union|6bba_32db13fc:115|12,0,0.006911306056244183
logistic_rich,6bba_32db13fc,6bba_32db13fc:115,union|6bba_32db13fc:115|13,0,0.16583902261160766
logistic_rich,6bba_32db13fc,6bba_32db13fc:115,union|6bba_32db13fc:115|14,0,0.855569884649735
logistic_rich,6bba_32db13fc,6bba_32db13fc:115,union|6bba_32db13fc:115|15,0,0.1719030803098183
logistic_rich,6bba_32db13fc,6bba_32db13fc:115,union|6bba_32db13fc:115|16,0,0.9066215123658617
logistic_rich,6bba_32db13fc,6bba_32db13fc:115,union|6bba_32db13fc:115|17,0,0.6131368377951953
logistic_rich,6bba_32db13fc,6bba_32db13fc:115,union|6bba_32db13fc:115|18,0,0.991274637225795
logistic_rich,6bba_32db13fc,6bba_32db13fc:115,union|6bba_32db13fc:115|19,0,0.1396712207666882
logistic_rich,6bba_32db13fc,6bba_32db13fc:115,union|6bba_32db13fc:115|20,0,0.26039402385455923
logistic_rich,6bba_32db13fc,6bba_32db13fc:115,union|6bba_32db13fc:115|21,0,0.2552458982599474
logistic_rich,6bba_32db13fc,6bba_32db13fc:115,union|6bba_32db13fc:115|22,0,0.15905592836449517
logistic_rich,6bba_32db13fc,6bba_32db13fc:115,union|6bba_32db13fc:115|23,0,0.4513149492554382
logistic_rich,6bba_32db13fc,6bba_32db13fc:115,union|6bba_32db13fc:115|24,0,0.038819939118782724
logistic_rich,6bba_32db13fc,6bba_32db13fc:115,union|6bba_32db13fc:115|25,0,0.010449548894525094
logistic_rich,6bba_32db13fc,6bba_32db13fc:115,union|6bba_32db13fc:115|26,0,0.00867920240531528
logistic_rich,6bba_32db13fc,6bba_32db13fc:115,union|6bba_32db13fc:115|27,0,0.004749819859846914
logistic_rich,6bba_32db13fc,6bba_32db13fc:115,union|6bba_32db13fc:115|28,0,0.0807927644387637
logistic_rich,6bba_32db13fc,6bba_32db13fc:115,union|6bba_32db13fc:115|29,0,0.1929039079481368
logistic_rich,6bba_32db13fc,6bba_32db13fc:115,union|6bba_32db13fc:115|30,0,0.6065713251651077
logistic_rich,6bba_32db13fc,6bba_32db13fc:115,union|6bba_32db13fc:115|31,0,0.601230356395651
logistic_rich,6bba_32db13fc,6bba_32db13fc:115,union|6bba_32db13fc:115|32,0,0.42928425508709733
logistic_rich,6bba_32db13fc,6bba_32db13fc:115,union|6bba_32db13fc:115|33,0,0.5120950197219124
logistic_rich,6bba_32db13fc,6bba_32db13fc:115,union|6bba_32db13fc:115|34,0,0.47624350759159045
logistic_rich,6bba_32db13fc,6bba_32db13fc:115,union|6bba_32db13fc:115|35,0,0.009737927941104101
logistic_rich,6bba_32db13fc,6bba_32db13fc:115,union|6bba_32db13fc:115|36,0,0.012384115136548643
logistic_rich,6bba_32db13fc,6bba_32db13fc:115,union|6bba_32db13fc:115|37,0,0.010269333604812058
logistic_rich,6bba_32db13fc,6bba_32db13fc:115,union|6bba_32db13fc:115|38,0,0.00863523725305432
logistic_rich,6bba_32db13fc,6bba_32db13fc:115,union|6bba_32db13fc:115|39,0,0.04112743071302213
logistic_rich,6bba_32db13fc,6bba_32db13fc:115,union|6bba_32db13fc:115|40,0,0.06680174358676468
logistic_rich,6bba_32db13fc,6bba_32db13fc:115,union|6bba_32db13fc:115|41,0,0.007305015913616635
logistic_rich,6bba_32db13fc,6bba_32db13fc:115,union|6bba_32db13fc:115|42,0,0.010249897437402416
logistic_rich,6bba_32db13fc,6bba_32db13fc:115,union|6bba_32db13fc:115|43,0,0.07599557075389145
logistic_rich,6bba_32db13fc,6bba_32db13fc:115,union|6bba_32db13fc:115|44,0,0.0019568795430516678
logistic_rich,6bba_32db13fc,6bba_32db13fc:115,union|6bba_32db13fc:115|45,0,0.0006339262134866043
logistic_rich,6bba_32db13fc,6bba_32db13fc:115,union|6bba_32db13fc:115|46,0,0.27974163372775923
logistic_rich,6bba_32db13fc,6bba_32db13fc:115,union|6bba_32db13fc:115|47,0,0.03185351343887905
logistic_rich,6bba_32db13fc,6bba_32db13fc:115,union|6bba_32db13fc:115|48,0,0.31651525665990077
logistic_rich,6bba_32db13fc,6bba_32db13fc:115,union|6bba_32db13fc:115|49,0,0.20299576478347972
logistic_rich,6bba_32db13fc,6bba_32db13fc:115,union|6bba_32db13fc:115|50,0,0.034511870918143124
logistic_rich,6bba_32db13fc,6bba_32db13fc:115,union|6bba_32db13fc:115|51,0,0.03777192957615365
logistic_rich,6bba_32db13fc,6bba_32db13fc:115,union|6bba_32db13fc:115|52,0,0.24539808064001162
logistic_rich,6bba_32db13fc,6bba_32db13fc:115,union|6bba_32db13fc:115|53,0,0.4742898923599363
logistic_rich,6bba_32db13fc,6bba_32db13fc:115,union|6bba_32db13fc:115|54,0,0.13341038718667064
logistic_rich,6bba_32db13fc,6bba_32db13fc:115,union|6bba_32db13fc:115|55,0,0.9451923908131835
logistic_rich,6bba_32db13fc,6bba_32db13fc:115,union|6bba_32db13fc:115|56,0,0.26792805975785644
logistic_rich,6bba_32db13fc,6bba_32db13fc:115,union|6bba_32db13fc:115|57,0,0.22631610029174065
logistic_rich,6bba_32db13fc,6bba_32db13fc:115,union|6bba_32db13fc:115|58,0,0.3876590987707851
logistic_rich,6bba_32db13fc,6bba_32db13fc:115,union|6bba_32db13fc:115|59,0,0.16028276407500178
logistic_rich,6bba_32db13fc,6bba_32db13fc:115,union|6bba_32db13fc:115|60,0,0.08200263645410041
logistic_rich,6bba_32db13fc,6bba_32db13fc:115,union|6bba_32db13fc:115|61,1,0.6916349502268071
logistic_rich,6bba_32db13fc,6bba_32db13fc:115,union|6bba_32db13fc:115|62,0,0.041688844169275464
logistic_rich,6bba_32db13fc,6bba_32db13fc:115,union|6bba_32db13fc:115|63,0,0.009310793530596688
logistic_rich,6bba_32db13fc,6bba_32db13fc:115,union|6bba_32db13fc:115|64,0,0.0114211541986059
logistic_rich,6bba_32db13fc,6bba_32db13fc:115,union|6bba_32db13fc:115|65,0,0.002832611448924056
logistic_rich,6bba_32db13fc,6bba_32db13fc:115,union|6bba_32db13fc:115|66,0,0.6401467117009603
logistic_rich,6bba_32db13fc,6bba_32db13fc:115,union|6bba_32db13fc:115|67,0,0.07994845220924104
logistic_rich,6bba_32db13fc,6bba_32db13fc:115,union|6bba_32db13fc:115|68,0,0.4663679149838426
logistic_rich,6bba_32db13fc,6bba_32db13fc:115,union|6bba_32db13fc:115|69,0,0.03094055513650404
logistic_rich,6bba_32db13fc,6bba_32db13fc:115,union|6bba_32db13fc:115|70,0,0.04861008028288523
logistic_rich,6bba_32db13fc,6bba_32db13fc:115,union|6bba_32db13fc:115|71,0,0.0006305725502833785
logistic_rich,6bba_32db13fc,6bba_32db13fc:115,union|6bba_32db13fc:115|72,0,0.004353743729124424
logistic_rich,6bba_32db13fc,6bba_32db13fc:115,union|6bba_32db13fc:115|73,0,0.025271777451224164
logistic_rich,6bba_32db13fc,6bba_32db13fc:115,union|6bba_32db13fc:115|74,0,0.3169059720586674
logistic_rich,6bba_32db13fc,6bba_32db13fc:115,union|6bba_32db13fc:115|75,0,0.24369974123121346
logistic_rich,6bba_32db13fc,6bba_32db13fc:115,union|6bba_32db13fc:115|76,0,0.002634542785952558
logistic_rich,6bba_32db13fc,6bba_32db13fc:115,union|6bba_32db13fc:115|77,0,0.05478369245472685
logistic_rich,6bba_32db13fc,6bba_32db13fc:115,union|6bba_32db13fc:115|78,0,0.018286984166251352
logistic_rich,6bba_32db13fc,6bba_32db13fc:115,union|6bba_32db13fc:115|79,0,0.032079904268176265
logistic_rich,6bba_32db13fc,6bba_32db13fc:115,union|6bba_32db13fc:115|80,0,0.016620711776360837
logistic_rich,6bba_32db13fc,6bba_32db13fc:115,union|6bba_32db13fc:115|81,0,0.0043505974635806195
logistic_rich,6bba_32db13fc,6bba_32db13fc:115,union|6bba_32db13fc:115|82,0,0.007268478859847419
logistic_rich,6bba_32db13fc,6bba_32db13fc:115,union|6bba_32db13fc:115|83,0,0.13245560998766495
logistic_rich,6bba_32db13fc,6bba_32db13fc:115,union|6bba_32db13fc:115|84,0,0.11575250458868346
logistic_rich,6bba_32db13fc,6bba_32db13fc:115,union|6bba_32db13fc:115|85,0,0.07664347839238579
logistic_rich,6bba_32db13fc,6bba_32db13fc:115,union|6bba_32db13fc:115|86,0,0.0027195272662156023
logistic_rich,6bba_32db13fc,6bba_32db13fc:115,union|6bba_32db13fc:115|87,0,0.01614013793063438
logistic_rich,6bba_32db13fc,6bba_32db13fc:115,union|6bba_32db13fc:115|88,0,0.014437527504161121
logistic_rich,6bba_32db13fc,6bba_32db13fc:115,union|6bba_32db13fc:115|89,0,0.01565251162130008
logistic_rich,6bba_32db13fc,6bba_32db13fc:115,union|6bba_32db13fc:115|90,0,0.008791897478812002
logistic_rich,6bba_32db13fc,6bba_32db13fc:115,union|6bba_32db13fc:115|91,0,0.0032359572507937966
logistic_rich,6bba_32db13fc,6bba_32db13fc:115,union|6bba_32db13fc:115|92,0,0.4290248089138259
logistic_rich,6bba_32db13fc,6bba_32db13fc:115,union|6bba_32db13fc:115|93,0,0.3093898606042258
logistic_rich,6bba_32db13fc,6bba_32db13fc:115,union|6bba_32db13fc:115|94,0,0.4534851883610767
logistic_rich,6bba_32db13fc,6bba_32db13fc:115,union|6bba_32db13fc:115|95,0,0.0027073750938451575
logistic_rich,6bba_32db13fc,6bba_32db13fc:115,union|6bba_32db13fc:115|96,0,0.36096258950870014
logistic_rich,6bba_32db13fc,6bba_32db13fc:115,union|6bba_32db13fc:115|97,0,0.035403329077706575
logistic_rich,6bba_32db13fc,6bba_32db13fc:115,union|6bba_32db13fc:115|98,0,0.03186031010187076
logistic_rich,6bba_32db13fc,6bba_32db13fc:115,union|6bba_32db13fc:115|99,0,0.02766666962288321
logistic_rich,6bba_32db13fc,6bba_32db13fc:115,union|6bba_32db13fc:115|100,0,0.15137533498665115
logistic_rich,6bba_32db13fc,6bba_32db13fc:115,union|6bba_32db13fc:115|101,0,0.2511444757252731
logistic_rich,6bba_32db13fc,6bba_32db13fc:115,union|6bba_32db13fc:115|102,0,0.06345085391048343
logistic_rich,6bba_32db13fc,6bba_32db13fc:115,union|6bba_32db13fc:115|103,0,0.05823545550551674
logistic_rich,6bba_32db13fc,6bba_32db13fc:115,union|6bba_32db13fc:115|104,0,0.010547681910237743
logistic_rich,6bba_32db13fc,6bba_32db13fc:115,union|6bba_32db13fc:115|105,0,0.020351557200934935
logistic_rich,6bba_32db13fc,6bba_32db13fc:115,union|6bba_32db13fc:115|106,0,0.0012215762417155875
logistic_rich,6bba_32db13fc,6bba_32db13fc:115,union|6bba_32db13fc:115|107,0,0.0794122187092821
logistic_rich,6bba_32db13fc,6bba_32db13fc:115,union|6bba_32db13fc:115|108,0,0.4450193543851586
logistic_rich,6bba_32db13fc,6bba_32db13fc:115,union|6bba_32db13fc:115|109,0,0.04256203365775261
logistic_rich,6bba_32db13fc,6bba_32db13fc:115,union|6bba_32db13fc:115|110,0,0.017389941465993347
logistic_rich,6bba_32db13fc,6bba_32db13fc:115,union|6bba_32db13fc:115|111,0,0.005651182743892304
logistic_rich,6bba_32db13fc,6bba_32db13fc:115,union|6bba_32db13fc:115|112,0,0.031423214578034896
logistic_rich,6bba_32db13fc,6bba_32db13fc:115,union|6bba_32db13fc:115|113,0,0.00894071431557321
logistic_rich,6bba_32db13fc,6bba_32db13fc:115,union|6bba_32db13fc:115|114,0,0.000594529912036947
logistic_rich,6bba_32db13fc,6bba_32db13fc:115,union|6bba_32db13fc:115|115,0,0.0751574376866588
logistic_rich,6bba_32db13fc,6bba_32db13fc:115,union|6bba_32db13fc:115|116,0,0.032385130756862335
logistic_rich,6bba_32db13fc,6bba_32db13fc:115,union|6bba_32db13fc:115|117,0,0.05429809393151935
logistic_rich,6bba_32db13fc,6bba_32db13fc:115,union|6bba_32db13fc:115|118,0,0.03283954787810568
logistic_rich,6bba_32db13fc,6bba_32db13fc:115,union|6bba_32db13fc:115|119,0,0.005045506609626249
logistic_rich,6bba_32db13fc,6bba_32db13fc:115,union|6bba_32db13fc:115|120,0,0.009061776712223843
logistic_rich,6bba_32db13fc,6bba_32db13fc:115,union|6bba_32db13fc:115|121,0,0.0013550019714499396
logistic_rich,6bba_32db13fc,6bba_32db13fc:115,union|6bba_32db13fc:115|122,0,0.042980638470623236
logistic_rich,6bba_32db13fc,6bba_32db13fc:115,union|6bba_32db13fc:115|123,0,0.013713769512486327
logistic_rich,6bba_32db13fc,6bba_32db13fc:115,union|6bba_32db13fc:115|124,0,0.01983503225840227
logistic_rich,6bba_32db13fc,6bba_32db13fc:115,union|6bba_32db13fc:115|125,0,0.0003718020530319408
logistic_rich,6bba_32db13fc,6bba_32db13fc:115,union|6bba_32db13fc:115|126,0,0.006069101506161333
logistic_rich,6bba_32db13fc,6bba_32db13fc:115,union|6bba_32db13fc:115|127,0,0.009423244835742221
logistic_rich,6bba_32db13fc,6bba_32db13fc:115,union|6bba_32db13fc:115|128,0,0.0026909124445768902
logistic_rich,6bba_32db13fc,6bba_32db13fc:115,union|6bba_32db13fc:115|129,0,0.010685099183313191
logistic_rich,6bba_32db13fc,6bba_32db13fc:115,union|6bba_32db13fc:115|130,0,0.0022259036138767923
logistic_rich,6bba_32db13fc,6bba_32db13fc:115,union|6bba_32db13fc:115|131,0,0.0041214459403841495
logistic_rich,6bba_32db13fc,6bba_32db13fc:115,union|6bba_32db13fc:115|132,0,0.000712020747413721
logistic_rich,6bba_32db13fc,6bba_32db13fc:115,union|6bba_32db13fc:115|133,0,0.0013260853748013443
logistic_rich,6bba_32db13fc,6bba_32db13fc:115,union|6bba_32db13fc:115|134,0,0.0008850177862920896
logistic_rich,6bba_32db13fc,6bba_32db13fc:115,union|6bba_32db13fc:115|135,0,0.0008639747909013536
logistic_rich,6bba_32db13fc,6bba_32db13fc:115,union|6bba_32db13fc:115|136,0,0.0010168014352958323
logistic_rich,6bba_32db13fc,6bba_32db13fc:115,union|6bba_32db13fc:115|137,0,3.7118840357035504e-05
logistic_rich,6bba_32db13fc,6bba_32db13fc:115,union|6bba_32db13fc:115|138,0,0.00015357192632742817
logistic_rich,6bba_474be664,6bba_474be664:205,union|6bba_474be664:205|0,0,0.006793924478700714
logistic_rich,6bba_474be664,6bba_474be664:205,union|6bba_474be664:205|1,0,0.07241361401929262
logistic_rich,6bba_474be664,6bba_474be664:205,union|6bba_474be664:205|2,0,0.007466987525181051
logistic_rich,6bba_474be664,6bba_474be664:205,union|6bba_474be664:205|3,0,0.011430499591767378
logistic_rich,6bba_474be664,6bba_474be664:205,union|6bba_474be664:205|4,0,0.012578497037408857
logistic_rich,6bba_474be664,6bba_474be664:205,union|6bba_474be664:205|5,0,0.00020928915216799612
logistic_rich,6bba_474be664,6bba_474be664:205,union|6bba_474be664:205|6,0,0.000686227717894915
logistic_rich,6bba_474be664,6bba_474be664:205,union|6bba_474be664:205|7,0,0.013045024607893177
logistic_rich,6bba_474be664,6bba_474be664:205,union|6bba_474be664:205|8,0,0.014898898204925931
logistic_rich,6bba_474be664,6bba_474be664:205,union|6bba_474be664:205|9,0,0.019953370035091633
logistic_rich,6bba_474be664,6bba_474be664:205,union|6bba_474be664:205|10,0,0.026380433142449162
logistic_rich,6bba_474be664,6bba_474be664:205,union|6bba_474be664:205|11,0,0.011867380259695954
logistic_rich,6bba_474be664,6bba_474be664:205,union|6bba_474be664:205|12,0,0.012608302204873181
logistic_rich,6bba_474be664,6bba_474be664:205,union|6bba_474be664:205|13,0,0.014187732350795316
logistic_rich,6bba_474be664,6bba_474be664:205,union|6bba_474be664:205|14,0,0.00027398901299346767
logistic_rich,6bba_474be664,6bba_474be664:205,union|6bba_474be664:205|15,0,0.002333177574364021
logistic_rich,6bba_474be664,6bba_474be664:205,union|6bba_474be664:205|16,0,0.01300326807775683
logistic_rich,6bba_474be664,6bba_474be664:205,union|6bba_474be664:205|17,0,0.011235188305596075
logistic_rich,6bba_474be664,6bba_474be664:205,union|6bba_474be664:205|18,0,0.028617922541461824
logistic_rich,6bba_474be664,6bba_474be664:205,union|6bba_474be664:205|19,0,0.02345462402278996
logistic_rich,6bba_474be664,6bba_474be664:205,union|6bba_474be664:205|20,0,0.027602950602850184
logistic_rich,6bba_474be664,6bba_474be664:205,union|6bba_474be664:205|21,0,0.17134505221807214
logistic_rich,6bba_474be664,6bba_474be664:205,union|6bba_474be664:205|22,0,0.0012401080211132934
logistic_rich,6bba_474be664,6bba_474be664:205,union|6bba_474be664:205|23,0,0.0010450538551684083
logistic_rich,6bba_474be664,6bba_474be664:205,union|6bba_474be664:205|24,0,0.007574792232583607
logistic_rich,6bba_474be664,6bba_474be664:205,union|6bba_474be664:205|25,0,0.027565133966345655
logistic_rich,6bba_474be664,6bba_474be664:205,union|6bba_474be664:205|26,0,0.008533495274770524
logistic_rich,6bba_474be664,6bba_474be664:205,union|6bba_474be664:205|27,0,0.011980184657786492
logistic_rich,6bba_474be664,6bba_474be664:205,union|6bba_474be664:205|28,0,0.00808374398487714
logistic_rich,6bba_474be664,6bba_474be664:205,union|6bba_474be664:205|29,0,0.012148231634518043
logistic_rich,6bba_474be664,6bba_474be664:205,union|6bba_474be664:205|30,0,0.010751597305642773
logistic_rich,6bba_474be664,6bba_474be664:205,union|6bba_474be664:205|31,0,0.011391921473665424
logistic_rich,6bba_474be664,6bba_474be664:205,union|6bba_474be664:205|32,0,0.08962920417743307
logistic_rich,6bba_474be664,6bba_474be664:205,union|6bba_474be664:205|33,0,0.06158714746358597
logistic_rich,6bba_474be664,6bba_474be664:205,union|6bba_474be664:205|34,0,0.01329975581213354
logistic_rich,6bba_474be664,6bba_474be664:205,union|6bba_474be664:205|35,0,0.8076025023313209
logistic_rich,6bba_474be664,6bba_474be664:205,union|6bba_474be664:205|36,0,0.05706542133948334
logistic_rich,6bba_474be664,6bba_474be664:205,union|6bba_474be664:205|37,1,0.9674977380525431
logistic_rich,6bba_474be664,6bba_474be664:205,union|6bba_474be664:205|38,0,0.22390384329069946
logistic_rich,6bba_474be664,6bba_474be664:205,union|6bba_474be664:205|39,0,0.2642198384155292
logistic_rich,6bba_474be664,6bba_474be664:205,union|6bba_474be664:205|40,0,0.3076984241411456
logistic_rich,6bba_474be664,6bba_474be664:205,union|6bba_474be664:205|41,0,0.4902273476288328
logistic_rich,6bba_474be664,6bba_474be664:205,union|6bba_474be664:205|42,0,0.43070552445879845
logistic_rich,6bba_474be664,6bba_474be664:205,union|6bba_474be664:205|43,0,0.04568028852170682
logistic_rich,6bba_474be664,6bba_474be664:205,union|6bba_474be664:205|44,0,0.0010115535370754287
logistic_rich,6bba_474be664,6bba_474be664:205,union|6bba_474be664:205|45,0,0.010468415064118065
logistic_rich,6bba_474be664,6bba_474be664:205,union|6bba_474be664:205|46,0,0.0040828404729910525
logistic_rich,6bba_474be664,6bba_474be664:205,union|6bba_474be664:205|47,0,0.0008793294432468485
logistic_rich,6bba_474be664,6bba_474be664:205,union|6bba_474be664:205|48,0,0.05333166510173739
logistic_rich,6bba_474be664,6bba_474be664:205,union|6bba_474be664:205|49,0,0.009593991835078393
logistic_rich,6bba_474be664,6bba_474be664:205,union|6bba_474be664:205|50,0,0.08669380214428164
logistic_rich,6bba_474be664,6bba_474be664:205,union|6bba_474be664:205|51,0,0.11758432082533322
logistic_rich,6bba_474be664,6bba_474be664:205,union|6bba_474be664:205|52,0,0.08528257082166442
logistic_rich,6bba_474be664,6bba_474be664:205,union|6bba_474be664:205|53,0,0.09333587792863512
logistic_rich,6bba_474be664,6bba_474be664:205,union|6bba_474be664:205|54,0,0.1235966677137988
logistic_rich,6bba_474be664,6bba_474be664:205,union|6bba_474be664:205|55,0,0.1550401302691473
logistic_rich,6bba_474be664,6bba_474be664:205,union|6bba_474be664:205|56,0,0.013075064820557982
logistic_rich,6bba_474be664,6bba_474be664:205,union|6bba_474be664:205|57,0,0.01580571269441576
logistic_rich,6bba_474be664,6bba_474be664:205,union|6bba_474be664:205|58,0,0.0031003693118190657
logistic_rich,6bba_474be664,6bba_474be664:205,union|6bba_474be664:205|59,0,0.22957340474841398
logistic_rich,6bba_474be664,6bba_474be664:205,union|6bba_474be664:205|60,0,0.015133070567349655
logistic_rich,6bba_474be664,6bba_474be664:205,union|6bba_474be664:205|61,0,0.21073644362741223
logistic_rich,6bba_474be664,6bba_474be664:205,union|6bba_474be664:205|62,0,0.19961159442996726
logistic_rich,6bba_474be664,6bba_474be664:205,union|6bba_474be664:205|63,0,0.09570971037190092
logistic_rich,6bba_474be664,6bba_474be664:205,union|6bba_474be664:205|64,0,0.10171766900357032
logistic_rich,6bba_474be664,6bba_474be664:205,union|6bba_474be664:205|65,0,0.36539158395402027
logistic_rich,6bba_474be664,6bba_474be664:205,union|6bba_474be664:205|66,0,0.020228439425709278
logistic_rich,6bba_474be664,6bba_474be664:205,union|6bba_474be664:205|67,0,8.43552955085612e-05
logistic_rich,6bba_474be664,6bba_474be664:205,union|6bba_474be664:205|68,0,0.04417300103662231
logistic_rich,6bba_474be664,6bba_474be664:205,union|6bba_474be664:205|69,0,0.019225347216621922
logistic_rich,6bba_474be664,6bba_474be664:205,union|6bba_474be664:205|70,0,0.509829346071595
logistic_rich,6bba_474be664,6bba_474be664:205,union|6bba_474be664:205|71,0,0.020620465436864934
logistic_rich,6bba_474be664,6bba_474be664:205,union|6bba_474be664:205|72,0,0.003735123675900604
logistic_rich,6bba_474be664,6bba_474be664:205,union|6bba_474be664:205|73,0,0.008979949117728215
logistic_rich,6bba_474be664,6bba_474be664:205,union|6bba_474be664:205|74,0,0.0007087960534072593
logistic_rich,6bba_474be664,6bba_474be664:205,union|6bba_474be664:205|75,0,0.004863812384875014
logistic_rich,6bba_474be664,6bba_474be664:205,union|6bba_474be664:205|76,0,0.022094901698899903
logistic_rich,6bba_474be664,6bba_474be664:205,union|6bba_474be664:205|77,0,0.8652587614346032
logistic_rich,6bba_474be664,6bba_474be664:205,union|6bba_474be664:205|78,0,0.39543320183446756
logistic_rich,6bba_474be664,6bba_474be664:205,union|6bba_474be664:205|79,0,0.7951574834224436
logistic_rich,6bba_474be664,6bba_474be664:205,union|6bba_474be664:205|80,0,0.2539888153569813
logistic_rich,6bba_474be664,6bba_474be664:205,union|6bba_474be664:205|81,0,0.7516314557480712
logistic_rich,6bba_474be664,6bba_474be664:205,union|6bba_474be664:205|82,0,0.7323982895798228
logistic_rich,6bba_474be664,6bba_474be664:205,union|6bba_474be664:205|83,0,0.07150336280626829
logistic_rich,6bba_474be664,6bba_474be664:205,union|6bba_474be664:205|84,0,0.01035540361374439
logistic_rich,6bba_474be664,6bba_474be664:205,union|6bba_474be664:205|85,0,0.007364035089720569
logistic_rich,6bba_474be664,6bba_474be664:205,union|6bba_474be664:205|86,0,0.022646613566287273
logistic_rich,6bba_474be664,6bba_474be664:205,union|6bba_474be664:205|87,0,0.0004228673478194415
logistic_rich,6bba_474be664,6bba_474be664:205,union|6bba_474be664:205|88,0,0.03916118511201875
logistic_rich,6bba_474be664,6bba_474be664:205,union|6bba_474be664:205|89,0,0.004033160746782547
logistic_rich,6bba_474be664,6bba_474be664:205,union|6bba_474be664:205|90,0,0.012044588448471514
logistic_rich,6bba_474be664,6bba_474be664:205,union|6bba_474be664:205|91,0,0.014700057052391418
logistic_rich,6bba_474be664,6bba_474be664:205,union|6bba_474be664:205|92,0,0.040651782947325486
logistic_rich,6bba_474be664,6bba_474be664:205,union|6bba_474be664:205|93,0,0.00012696516464058983
logistic_rich,6bba_474be664,6bba_474be664:205,union|6bba_474be664:205|94,0,0.43127009340178024
logistic_rich,6bba_474be664,6bba_474be664:205,union|6bba_474be664:205|95,0,0.26944754427220535
logistic_rich,6bba_474be664,6bba_474be664:205,union|6bba_474be664:205|96,0,0.21209611554658972
logistic_rich,6bba_474be664,6bba_474be664:205,union|6bba_474be664:205|97,0,0.74525101561638
logistic_rich,6bba_474be664,6bba_474be664:205,union|6bba_474be664:205|98,0,0.6420315023696795
logistic_rich,6bba_474be664,6bba_474be664:205,union|6bba_474be664:205|99,0,0.008815807337135417
logistic_rich,6bba_474be664,6bba_474be664:205,union|6bba_474be664:205|100,0,0.013244840564204633
logistic_rich,6bba_474be664,6bba_474be664:205,union|6bba_474be664:205|101,0,0.0004559830812453538
logistic_rich,6bba_474be664,6bba_474be664:205,union|6bba_474be664:205|102,0,0.002938944720318001
logistic_rich,6bba_474be664,6bba_474be664:205,union|6bba_474be664:205|103,0,0.014562300752701863
logistic_rich,6bba_474be664,6bba_474be664:205,union|6bba_474be664:205|104,0,0.000700581239314644
logistic_rich,6bba_474be664,6bba_474be664:205,union|6bba_474be664:205|105,0,0.22225649040323264
logistic_rich,6bba_474be664,6bba_474be664:205,union|6bba_474be664:205|106,0,0.3813469985338973
logistic_rich,6bba_474be664,6bba_474be664:205,union|6bba_474be664:205|107,0,0.5982408881593891
logistic_rich,6bba_474be664,6bba_474be664:205,union|6bba_474be664:205|108,0,0.03494998533852269
logistic_rich,6bba_474be664,6bba_474be664:205,union|6bba_474be664:205|109,0,0.0192622940708337
logistic_rich,6bba_474be664,6bba_474be664:205,union|6bba_474be664:205|110,0,3.602535462402877e-05
logistic_rich,6bba_474be664,6bba_474be664:205,union|6bba_474be664:205|111,0,0.07942912070219112
logistic_rich,6bba_474be664,6bba_474be664:205,union|6bba_474be664:205|112,0,0.8231838475947986
logistic_rich,6bba_474be664,6bba_474be664:205,union|6bba_474be664:205|113,0,0.32048153037889876
logistic_rich,6bba_474be664,6bba_474be664:205,union|6bba_474be664:205|114,0,0.07608910417009701
logistic_rich,6bba_474be664,6bba_474be664:205,union|6bba_474be664:205|115,0,0.020887006347249375
logistic_rich,6bba_474be664,6bba_474be664:205,union|6bba_474be664:205|116,0,0.004584806239861872
logistic_rich,6bba_474be664,6bba_474be664:205,union|6bba_474be664:205|117,0,0.008791032017018344
logistic_rich,6bba_474be664,6bba_474be664:205,union|6bba_474be664:205|118,0,0.07462487662087099
logistic_rich,6bba_474be664,6bba_474be664:205,union|6bba_474be664:205|119,0,0.44068887223510655
logistic_rich,6bba_474be664,6bba_474be664:205,union|6bba_474be664:205|120,0,0.0056337272195992995
logistic_rich,6bba_474be664,6bba_474be664:205,union|6bba_474be664:205|121,0,0.009796607541150349
logistic_rich,6bba_474be664,6bba_474be664:205,union|6bba_474be664:205|122,0,3.0291268059441704e-05
logistic_rich,6bba_474be664,6bba_474be664:205,union|6bba_474be664:205|123,0,0.00073236266574265
logistic_rich,6bba_474be664,6bba_474be664:205,union|6bba_474be664:205|124,0,0.006851585181910525
logistic_rich,6bba_474be664,6bba_474be664:205,union|6bba_474be664:205|125,0,0.6516404619827282
logistic_rich,6bba_474be664,6bba_474be664:205,union|6bba_474be664:205|126,0,0.13091602215012235
logistic_rich,6bba_474be664,6bba_474be664:205,union|6bba_474be664:205|127,0,0.006880099535179089
logistic_rich,6bba_474be664,6bba_474be664:205,union|6bba_474be664:205|128,0,0.0008543839440356356
logistic_rich,6bba_474be664,6bba_474be664:205,union|6bba_474be664:205|129,0,0.005466557272178638
logistic_rich,6bba_474be664,6bba_474be664:205,union|6bba_474be664:205|130,0,0.007354266735841958
logistic_rich,6bba_474be664,6bba_474be664:205,union|6bba_474be664:205|131,0,0.00029864036223565914
logistic_rich,6bba_474be664,6bba_474be664:205,union|6bba_474be664:205|132,0,0.035141485979539096
logistic_rich,6bba_474be664,6bba_474be664:205,union|6bba_474be664:205|133,0,0.024181710232740485
logistic_rich,6bba_474be664,6bba_474be664:205,union|6bba_474be664:205|134,0,0.010562839495364
logistic_rich,6bba_474be664,6bba_474be664:205,union|6bba_474be664:205|135,0,5.528583960780416e-05
logistic_rich,6bba_474be664,6bba_474be664:205,union|6bba_474be664:205|136,0,0.0002747147023468118
logistic_rich,6bba_474be664,6bba_474be664:205,union|6bba_474be664:205|137,0,0.0033652926452771795
logistic_rich,6bba_474be664,6bba_474be664:205,union|6bba_474be664:205|138,0,0.010884871972850233
logistic_rich,6bba_474be664,6bba_474be664:205,union|6bba_474be664:205|139,0,0.00010871231258431924
logistic_rich,6bba_474be664,6bba_474be664:205,union|6bba_474be664:205|140,0,0.00627258400274414
logistic_rich,6bba_474be664,6bba_474be664:205,union|6bba_474be664:205|141,0,0.0009193411101672895
logistic_rich,6bba_474be664,6bba_474be664:205,union|6bba_474be664:205|142,0,4.393815309854521e-07
logistic_rich,6bba_474be664,6bba_474be664:205,union|6bba_474be664:205|143,0,7.530947651493475e-05
logistic_rich,6bba_5c039895,6bba_5c039895:121,union|6bba_5c039895:121|0,0,0.14581395401389444
logistic_rich,6bba_5c039895,6bba_5c039895:121,union|6bba_5c039895:121|1,0,0.22814894599749305
logistic_rich,6bba_5c039895,6bba_5c039895:121,union|6bba_5c039895:121|2,0,0.0436425247727071
logistic_rich,6bba_5c039895,6bba_5c039895:121,union|6bba_5c039895:121|3,0,0.2283694445807062
logistic_rich,6bba_5c039895,6bba_5c039895:121,union|6bba_5c039895:121|4,0,0.06388048972383552
logistic_rich,6bba_5c039895,6bba_5c039895:121,union|6bba_5c039895:121|5,0,0.6378831655685304
logistic_rich,6bba_5c039895,6bba_5c039895:121,union|6bba_5c039895:121|6,0,0.43433872573608656
logistic_rich,6bba_5c039895,6bba_5c039895:121,union|6bba_5c039895:121|7,1,0.9960103141951551
logistic_rich,6bba_5c039895,6bba_5c039895:121,union|6bba_5c039895:121|8,0,0.042598961414275396
logistic_rich,6bba_5c039895,6bba_5c039895:121,union|6bba_5c039895:121|9,0,0.7620233819370166
logistic_rich,6bba_5c039895,6bba_5c039895:121,union|6bba_5c039895:121|10,0,0.7689762869574295
logistic_rich,6bba_5c039895,6bba_5c039895:121,union|6bba_5c039895:121|11,0,0.06500714697618579
logistic_rich,6bba_5c039895,6bba_5c039895:680,union|6bba_5c039895:680|0,0,0.005796463089223661
logistic_rich,6bba_5c039895,6bba_5c039895:680,union|6bba_5c039895:680|1,0,0.38993619125330065
logistic_rich,6bba_5c039895,6bba_5c039895:680,union|6bba_5c039895:680|2,0,0.6503885144099836
logistic_rich,6bba_5c039895,6bba_5c039895:680,union|6bba_5c039895:680|3,0,0.007546104514582467
logistic_rich,6bba_5c039895,6bba_5c039895:680,union|6bba_5c039895:680|4,0,0.009133483559202458
logistic_rich,6bba_5c039895,6bba_5c039895:680,union|6bba_5c039895:680|5,1,0.9468054221853336
logistic_rich,6bba_5c039895,6bba_5c039895:680,union|6bba_5c039895:680|6,0,0.04266210883672469
logistic_rich,6bba_5c039895,6bba_5c039895:680,union|6bba_5c039895:680|7,0,0.025028436325097613
logistic_rich,6bba_705ec2c9,6bba_705ec2c9:250,union|6bba_705ec2c9:250|0,0,0.11140790928175782
logistic_rich,6bba_705ec2c9,6bba_705ec2c9:250,union|6bba_705ec2c9:250|1,0,0.10987608106769663
logistic_rich,6bba_705ec2c9,6bba_705ec2c9:250,union|6bba_705ec2c9:250|2,0,0.41632904100117224
logistic_rich,6bba_705ec2c9,6bba_705ec2c9:250,union|6bba_705ec2c9:250|3,0,0.011839174506491459
logistic_rich,6bba_705ec2c9,6bba_705ec2c9:250,union|6bba_705ec2c9:250|4,0,0.9892656835810888
logistic_rich,6bba_705ec2c9,6bba_705ec2c9:250,union|6bba_705ec2c9:250|5,0,0.7492978651061256
logistic_rich,6bba_705ec2c9,6bba_705ec2c9:250,union|6bba_705ec2c9:250|6,0,0.23558526202844896
logistic_rich,6bba_705ec2c9,6bba_705ec2c9:250,union|6bba_705ec2c9:250|7,0,0.20020550322994424
logistic_rich,6bba_705ec2c9,6bba_705ec2c9:250,union|6bba_705ec2c9:250|8,1,0.8022498870684049
logistic_rich,6bba_705ec2c9,6bba_705ec2c9:250,union|6bba_705ec2c9:250|9,0,0.9034207049585712
logistic_rich,6bba_705ec2c9,6bba_705ec2c9:250,union|6bba_705ec2c9:250|10,0,0.05147554309344961
logistic_rich,6bba_705ec2c9,6bba_705ec2c9:250,union|6bba_705ec2c9:250|11,0,0.2934365317702842
logistic_rich,6bba_705ec2c9,6bba_705ec2c9:250,union|6bba_705ec2c9:250|12,0,0.013356217440079613
logistic_rich,6bba_705ec2c9,6bba_705ec2c9:250,union|6bba_705ec2c9:250|13,0,0.011825981595623175
logistic_rich,6bba_7af54fde,6bba_7af54fde:556,union|6bba_7af54fde:556|0,0,0.09007964454348616
logistic_rich,6bba_7af54fde,6bba_7af54fde:556,union|6bba_7af54fde:556|1,1,0.7224364301663313
logistic_rich,6bba_7af54fde,6bba_7af54fde:556,union|6bba_7af54fde:556|2,0,0.4123646189899208
logistic_rich,6bba_7af54fde,6bba_7af54fde:556,union|6bba_7af54fde:556|3,0,0.2840312429162168
logistic_rich,6bba_7af54fde,6bba_7af54fde:556,union|6bba_7af54fde:556|4,0,0.7735520214389436
logistic_rich,6bba_7af54fde,6bba_7af54fde:556,union|6bba_7af54fde:556|5,0,0.5651451241108923
logistic_rich,6bba_7af54fde,6bba_7af54fde:556,union|6bba_7af54fde:556|6,0,0.04100718373002217
logistic_rich,6bba_7af54fde,6bba_7af54fde:556,union|6bba_7af54fde:556|7,0,0.023566277608219357
logistic_rich,6bba_7af54fde,6bba_7af54fde:556,union|6bba_7af54fde:556|8,0,0.19664640324199859
logistic_rich,6bba_7af54fde,6bba_7af54fde:556,union|6bba_7af54fde:556|9,0,0.5333866068024248
logistic_rich,6bba_7af54fde,6bba_7af54fde:556,union|6bba_7af54fde:556|10,0,0.04378113568526471
logistic_rich,6bba_7af54fde,6bba_7af54fde:556,union|6bba_7af54fde:556|11,0,0.017079286718830453
logistic_rich,6bba_7af54fde,6bba_7af54fde:556,union|6bba_7af54fde:556|12,0,0.06878704882921974
logistic_rich,6bba_7af54fde,6bba_7af54fde:556,union|6bba_7af54fde:556|13,0,0.0466890939760921
logistic_rich,6bba_7af54fde,6bba_7af54fde:556,union|6bba_7af54fde:556|14,0,0.04745460620834686
logistic_rich,6bba_7af54fde,6bba_7af54fde:556,union|6bba_7af54fde:556|15,0,0.023102600711600214
logistic_rich,6bba_7af54fde,6bba_7af54fde:556,union|6bba_7af54fde:556|16,0,0.08029989400282865
logistic_rich,6bba_7af54fde,6bba_7af54fde:556,union|6bba_7af54fde:556|17,0,0.0098285750882837
logistic_rich,6bba_7af54fde,6bba_7af54fde:590,union|6bba_7af54fde:590|0,0,0.28215280206192944
logistic_rich,6bba_7af54fde,6bba_7af54fde:590,union|6bba_7af54fde:590|1,0,0.029999058206751677
logistic_rich,6bba_7af54fde,6bba_7af54fde:590,union|6bba_7af54fde:590|2,0,0.029929010961325216
logistic_rich,6bba_7af54fde,6bba_7af54fde:590,union|6bba_7af54fde:590|3,0,0.6135649749935337
logistic_rich,6bba_7af54fde,6bba_7af54fde:590,union|6bba_7af54fde:590|4,0,0.03936305831762398
logistic_rich,6bba_7af54fde,6bba_7af54fde:590,union|6bba_7af54fde:590|5,0,0.0006034632125743612
logistic_rich,6bba_7af54fde,6bba_7af54fde:590,union|6bba_7af54fde:590|6,0,0.3752670204125329
logistic_rich,6bba_7af54fde,6bba_7af54fde:590,union|6bba_7af54fde:590|7,0,0.3756252543488991
logistic_rich,6bba_7af54fde,6bba_7af54fde:590,union|6bba_7af54fde:590|8,0,0.8657103948143036
logistic_rich,6bba_7af54fde,6bba_7af54fde:590,union|6bba_7af54fde:590|9,0,0.1449042711280816
logistic_rich,6bba_7af54fde,6bba_7af54fde:590,union|6bba_7af54fde:590|10,1,0.42856856237143537
logistic_rich,6bba_7af54fde,6bba_7af54fde:590,union|6bba_7af54fde:590|11,0,0.003686329676134482
logistic_rich,6bba_7af54fde,6bba_7af54fde:590,union|6bba_7af54fde:590|12,0,0.8701827124679163
logistic_rich,6bba_7af54fde,6bba_7af54fde:590,union|6bba_7af54fde:590|13,0,0.22009474633546872
logistic_rich,6bba_7af54fde,6bba_7af54fde:590,union|6bba_7af54fde:590|14,0,0.10243775668106037
logistic_rich,6bba_7af54fde,6bba_7af54fde:590,union|6bba_7af54fde:590|15,0,0.03058984809679487
logistic_rich,6bba_7af54fde,6bba_7af54fde:590,union|6bba_7af54fde:590|16,0,0.9758134344131532
logistic_rich,6bba_7af54fde,6bba_7af54fde:590,union|6bba_7af54fde:590|17,0,0.01513018711599004
logistic_rich,6bba_7af54fde,6bba_7af54fde:590,union|6bba_7af54fde:590|18,0,0.22510986859109347
logistic_rich,6bba_7af54fde,6bba_7af54fde:590,union|6bba_7af54fde:590|19,0,0.10167242178618369
logistic_rich,6bba_7af54fde,6bba_7af54fde:590,union|6bba_7af54fde:590|20,0,0.030323093929726312
logistic_rich,6bba_7af54fde,6bba_7af54fde:590,union|6bba_7af54fde:590|21,0,0.12397745442769768
logistic_rich,6bba_7af54fde,6bba_7af54fde:590,union|6bba_7af54fde:590|22,0,0.014699173616362035
logistic_rich,6bba_7af54fde,6bba_7af54fde:590,union|6bba_7af54fde:590|23,0,0.42837503352172857
logistic_rich,6bba_7af54fde,6bba_7af54fde:590,union|6bba_7af54fde:590|24,0,0.06752683593488398
logistic_rich,6bba_7af54fde,6bba_7af54fde:590,union|6bba_7af54fde:590|25,0,0.17637932499609896
logistic_rich,6bba_7af54fde,6bba_7af54fde:590,union|6bba_7af54fde:590|26,0,0.118608875597849
logistic_rich,6bba_7af54fde,6bba_7af54fde:590,union|6bba_7af54fde:590|27,0,0.34372526155435046
logistic_rich,6bba_7af54fde,6bba_7af54fde:590,union|6bba_7af54fde:590|28,0,0.002302043464650956
logistic_rich,6bba_7af54fde,6bba_7af54fde:590,union|6bba_7af54fde:590|29,0,0.021930542138841925
logistic_rich,6bba_7af54fde,6bba_7af54fde:590,union|6bba_7af54fde:590|30,0,0.0004050200800192909
logistic_rich,6bba_907271db,6bba_907271db:902,union|6bba_907271db:902|0,1,0.595187964468917
logistic_rich,6bba_afb141ff,6bba_afb141ff:115,union|6bba_afb141ff:115|0,1,0.9860076135942915
logistic_rich,6bba_afb141ff,6bba_afb141ff:115,union|6bba_afb141ff:115|1,0,0.6552301104586054
logistic_rich,6bba_afb141ff,6bba_afb141ff:115,union|6bba_afb141ff:115|2,0,0.04995626731922262
logistic_rich,6bba_afb141ff,6bba_afb141ff:115,union|6bba_afb141ff:115|3,0,0.3842634066977135
logistic_rich,6bba_afb141ff,6bba_afb141ff:115,union|6bba_afb141ff:115|4,0,0.9600655136706377
logistic_rich,6bba_afb141ff,6bba_afb141ff:115,union|6bba_afb141ff:115|5,0,0.025540660868218518
logistic_rich,6bba_afb141ff,6bba_afb141ff:115,union|6bba_afb141ff:115|6,0,0.7544213110289747
logistic_rich,6bba_afb141ff,6bba_afb141ff:115,union|6bba_afb141ff:115|7,0,0.7902235389276098
logistic_rich,6bba_afb141ff,6bba_afb141ff:115,union|6bba_afb141ff:115|8,0,0.004006486245847068
logistic_rich,6bba_afb141ff,6bba_afb141ff:115,union|6bba_afb141ff:115|9,0,0.010384684251064015
logistic_rich,6bba_afb141ff,6bba_afb141ff:115,union|6bba_afb141ff:115|10,0,0.7103562323124663
logistic_rich,6bba_afb141ff,6bba_afb141ff:115,union|6bba_afb141ff:115|11,0,0.16186504878706037
logistic_rich,6bba_afb141ff,6bba_afb141ff:115,union|6bba_afb141ff:115|12,0,0.005631006383805461
logistic_rich,6bba_afb141ff,6bba_afb141ff:115,union|6bba_afb141ff:115|13,0,0.01760723734786222
logistic_rich,6bba_afb141ff,6bba_afb141ff:115,union|6bba_afb141ff:115|14,0,0.05985417893068707
logistic_rich,6bba_afb141ff,6bba_afb141ff:115,union|6bba_afb141ff:115|15,0,0.1517124131214174
logistic_rich,6bba_afb141ff,6bba_afb141ff:115,union|6bba_afb141ff:115|16,0,0.024907947507260327
logistic_rich,6bba_afb141ff,6bba_afb141ff:115,union|6bba_afb141ff:115|17,0,0.0010495756421897416
logistic_rich,6bba_afb141ff,6bba_afb141ff:304,union|6bba_afb141ff:304|0,0,0.04453662447560358
logistic_rich,6bba_afb141ff,6bba_afb141ff:304,union|6bba_afb141ff:304|1,1,0.9089474879120321
logistic_rich,6bba_afb141ff,6bba_afb141ff:304,union|6bba_afb141ff:304|2,0,0.006800143171090883
logistic_rich,6bba_afb141ff,6bba_afb141ff:304,union|6bba_afb141ff:304|3,0,0.26165638366543553
logistic_rich,6bba_afb141ff,6bba_afb141ff:304,union|6bba_afb141ff:304|4,0,0.014314528458550368
logistic_rich,6bba_afb141ff,6bba_afb141ff:304,union|6bba_afb141ff:304|5,0,0.019453131312532353
logistic_rich,6bba_d1acb6ff,6bba_d1acb6ff:414,union|6bba_d1acb6ff:414|0,1,0.9975324451758869
logistic_rich,6bba_d1acb6ff,6bba_d1acb6ff:414,union|6bba_d1acb6ff:414|1,0,0.14907237433358067
logistic_rich,6bba_d1acb6ff,6bba_d1acb6ff:414,union|6bba_d1acb6ff:414|2,0,0.35680873848083094
logistic_rich,6bba_d1acb6ff,6bba_d1acb6ff:414,union|6bba_d1acb6ff:414|3,0,0.9649712383756057
logistic_rich,6bba_d1acb6ff,6bba_d1acb6ff:414,union|6bba_d1acb6ff:414|4,0,0.43796018523778896
logistic_rich,6bba_d1acb6ff,6bba_d1acb6ff:414,union|6bba_d1acb6ff:414|5,0,0.00010470636132074663
logistic_rich,6bba_d1acb6ff,6bba_d1acb6ff:414,union|6bba_d1acb6ff:414|6,0,0.00410864698807315
logistic_rich,6bba_d1acb6ff,6bba_d1acb6ff:414,union|6bba_d1acb6ff:414|7,0,0.016328154993064083
logistic_rich,6bba_d1acb6ff,6bba_d1acb6ff:414,union|6bba_d1acb6ff:414|8,0,0.12052084766831045
logistic_rich,6bba_d1acb6ff,6bba_d1acb6ff:414,union|6bba_d1acb6ff:414|9,0,0.6586960021526421
logistic_rich,6bba_d1acb6ff,6bba_d1acb6ff:414,union|6bba_d1acb6ff:414|10,0,0.8704450720999853
logistic_rich,6bba_d1acb6ff,6bba_d1acb6ff:414,union|6bba_d1acb6ff:414|11,0,0.4923583455696332
logistic_rich,6bba_d1acb6ff,6bba_d1acb6ff:414,union|6bba_d1acb6ff:414|12,0,0.00013373759154046403
logistic_rich,6bba_d1acb6ff,6bba_d1acb6ff:414,union|6bba_d1acb6ff:414|13,0,0.002987177909599477
logistic_rich,6bba_d1acb6ff,6bba_d1acb6ff:414,union|6bba_d1acb6ff:414|14,0,0.021486235503123546
logistic_rich,6bba_d1acb6ff,6bba_d1acb6ff:414,union|6bba_d1acb6ff:414|15,0,0.44821200837090297
logistic_rich,6bba_d1acb6ff,6bba_d1acb6ff:414,union|6bba_d1acb6ff:414|16,0,0.16270270770593892
logistic_rich,6bba_d1acb6ff,6bba_d1acb6ff:414,union|6bba_d1acb6ff:414|17,0,0.2367827934139469
logistic_rich,6bba_d1acb6ff,6bba_d1acb6ff:414,union|6bba_d1acb6ff:414|18,0,0.0007381284772685027
logistic_rich,6bba_d1acb6ff,6bba_d1acb6ff:414,union|6bba_d1acb6ff:414|19,0,0.5821343447823203
logistic_rich,6bba_d1acb6ff,6bba_d1acb6ff:414,union|6bba_d1acb6ff:414|20,0,0.6990876145261617
logistic_rich,6bba_d1acb6ff,6bba_d1acb6ff:414,union|6bba_d1acb6ff:414|21,0,0.013123533377112447
logistic_rich,6bba_d1acb6ff,6bba_d1acb6ff:414,union|6bba_d1acb6ff:414|22,0,0.3600244633490697
logistic_rich,6bba_d1acb6ff,6bba_d1acb6ff:414,union|6bba_d1acb6ff:414|23,0,0.04079582271130834
logistic_rich,6bba_d1acb6ff,6bba_d1acb6ff:414,union|6bba_d1acb6ff:414|24,0,0.0013977286585010085
logistic_rich,6bba_d1acb6ff,6bba_d1acb6ff:414,union|6bba_d1acb6ff:414|25,0,1.220218636557001e-08
logistic_rich,6bba_e16ffc58,6bba_e16ffc58:331,union|6bba_e16ffc58:331|0,0,0.8845500836341963
logistic_rich,6bba_e16ffc58,6bba_e16ffc58:331,union|6bba_e16ffc58:331|1,0,0.008611695543063229
logistic_rich,6bba_e16ffc58,6bba_e16ffc58:331,union|6bba_e16ffc58:331|2,0,0.993877804198334
logistic_rich,6bba_e16ffc58,6bba_e16ffc58:331,union|6bba_e16ffc58:331|3,0,0.9734865624042334
logistic_rich,6bba_e16ffc58,6bba_e16ffc58:331,union|6bba_e16ffc58:331|4,0,0.2402447843243152
logistic_rich,6bba_e16ffc58,6bba_e16ffc58:331,union|6bba_e16ffc58:331|5,0,0.10264926411723081
logistic_rich,6bba_e16ffc58,6bba_e16ffc58:331,union|6bba_e16ffc58:331|6,0,0.8020861682938996
logistic_rich,6bba_e16ffc58,6bba_e16ffc58:331,union|6bba_e16ffc58:331|7,0,0.11650746299369201
logistic_rich,6bba_e16ffc58,6bba_e16ffc58:331,union|6bba_e16ffc58:331|8,1,0.9275228239948496
logistic_rich,6bba_e16ffc58,6bba_e16ffc58:331,union|6bba_e16ffc58:331|9,0,0.8432643180930671
logistic_rich,6bba_e16ffc58,6bba_e16ffc58:331,union|6bba_e16ffc58:331|10,0,0.012626071872719689
logistic_rich,6bba_e16ffc58,6bba_e16ffc58:331,union|6bba_e16ffc58:331|11,0,0.011034510593831589
logistic_rich,6bba_e16ffc58,6bba_e16ffc58:331,union|6bba_e16ffc58:331|12,0,0.5027080937852989
logistic_rich,6bba_e16ffc58,6bba_e16ffc58:331,union|6bba_e16ffc58:331|13,0,0.2071874797854922
logistic_rich,6bba_e16ffc58,6bba_e16ffc58:331,union|6bba_e16ffc58:331|14,0,0.18845151413252814
logistic_rich,6bba_e16ffc58,6bba_e16ffc58:331,union|6bba_e16ffc58:331|15,0,0.041281292040067426
logistic_rich,6bba_e16ffc58,6bba_e16ffc58:331,union|6bba_e16ffc58:331|16,0,0.043653386061125024
logistic_rich,6bba_e16ffc58,6bba_e16ffc58:331,union|6bba_e16ffc58:331|17,0,0.055973929269653
logistic_rich,6bba_e16ffc58,6bba_e16ffc58:331,union|6bba_e16ffc58:331|18,0,0.9678797005534703
logistic_rich,6bba_e16ffc58,6bba_e16ffc58:331,union|6bba_e16ffc58:331|19,0,0.01260555954329633
logistic_rich,6bba_e16ffc58,6bba_e16ffc58:331,union|6bba_e16ffc58:331|20,0,0.012731187701141703
logistic_rich,6bba_e16ffc58,6bba_e16ffc58:331,union|6bba_e16ffc58:331|21,0,0.5490944819283171
logistic_rich,6bba_e16ffc58,6bba_e16ffc58:331,union|6bba_e16ffc58:331|22,0,0.01117001114034664
logistic_rich,6bba_e16ffc58,6bba_e16ffc58:331,union|6bba_e16ffc58:331|23,0,0.026859198475469883
logistic_rich,6bba_e16ffc58,6bba_e16ffc58:331,union|6bba_e16ffc58:331|24,0,0.3823053272986269
logistic_rich,6bba_e16ffc58,6bba_e16ffc58:331,union|6bba_e16ffc58:331|25,0,0.000564001482707354
logistic_rich,6bba_e16ffc58,6bba_e16ffc58:331,union|6bba_e16ffc58:331|26,0,0.0020685780232243276
logistic_rich,6bba_e16ffc58,6bba_e16ffc58:331,union|6bba_e16ffc58:331|27,0,0.0014799259817168734
logistic_rich,6bba_fe670320,6bba_fe670320:4,union|6bba_fe670320:4|0,1,0.9587823191585103
logistic_rich,6bba_fe670320,6bba_fe670320:4,union|6bba_fe670320:4|1,0,0.8821402221773406
logistic_rich,6bba_fe670320,6bba_fe670320:4,union|6bba_fe670320:4|2,0,0.9153037057043476
logistic_rich,6bba_fe670320,6bba_fe670320:519,union|6bba_fe670320:519|0,0,0.01779184946215642
logistic_rich,6bba_fe670320,6bba_fe670320:519,union|6bba_fe670320:519|1,0,0.02356388697338263
logistic_rich,6bba_fe670320,6bba_fe670320:519,union|6bba_fe670320:519|2,0,0.06998433152488961
logistic_rich,6bba_fe670320,6bba_fe670320:519,union|6bba_fe670320:519|3,1,0.8372157084969062
logistic_rich,6bba_fe670320,6bba_fe670320:519,union|6bba_fe670320:519|4,0,0.864087000894828
logistic_rich,6bba_fe670320,6bba_fe670320:519,union|6bba_fe670320:519|5,0,0.09003247066496592
logistic_rich,6bba_fe670320,6bba_fe670320:519,union|6bba_fe670320:519|6,0,0.07013022684420644
logistic_rich,6bba_fe670320,6bba_fe670320:519,union|6bba_fe670320:519|7,0,0.6049470908489546
logistic_rich_mask_permuted,44b6_2a2eff9f,44b6_2a2eff9f:13,union|44b6_2a2eff9f:13|0,0,0.6197871014284837
logistic_rich_mask_permuted,44b6_2a2eff9f,44b6_2a2eff9f:13,union|44b6_2a2eff9f:13|1,0,0.298419921987551
logistic_rich_mask_permuted,44b6_2a2eff9f,44b6_2a2eff9f:13,union|44b6_2a2eff9f:13|2,0,0.03813795756389684
logistic_rich_mask_permuted,44b6_2a2eff9f,44b6_2a2eff9f:13,union|44b6_2a2eff9f:13|3,0,0.035494087967805954
logistic_rich_mask_permuted,44b6_2a2eff9f,44b6_2a2eff9f:13,union|44b6_2a2eff9f:13|4,0,0.01582349136160827
logistic_rich_mask_permuted,44b6_2a2eff9f,44b6_2a2eff9f:13,union|44b6_2a2eff9f:13|5,0,0.0967555809987077
logistic_rich_mask_permuted,44b6_2a2eff9f,44b6_2a2eff9f:13,union|44b6_2a2eff9f:13|6,0,0.058136494643450935
logistic_rich_mask_permuted,44b6_2a2eff9f,44b6_2a2eff9f:13,union|44b6_2a2eff9f:13|7,0,0.2897379842745156
logistic_rich_mask_permuted,44b6_2a2eff9f,44b6_2a2eff9f:13,union|44b6_2a2eff9f:13|8,0,0.0073868597794078256
logistic_rich_mask_permuted,44b6_2a2eff9f,44b6_2a2eff9f:13,union|44b6_2a2eff9f:13|9,0,0.221130429215457
logistic_rich_mask_permuted,44b6_2a2eff9f,44b6_2a2eff9f:13,union|44b6_2a2eff9f:13|10,0,0.9387329598243417
logistic_rich_mask_permuted,44b6_2a2eff9f,44b6_2a2eff9f:13,union|44b6_2a2eff9f:13|11,0,0.19745341901456492
logistic_rich_mask_permuted,44b6_2a2eff9f,44b6_2a2eff9f:13,union|44b6_2a2eff9f:13|12,0,0.9301302339496835
logistic_rich_mask_permuted,44b6_2a2eff9f,44b6_2a2eff9f:13,union|44b6_2a2eff9f:13|13,0,0.8064940809643657
logistic_rich_mask_permuted,44b6_2a2eff9f,44b6_2a2eff9f:13,union|44b6_2a2eff9f:13|14,0,0.0029205662951035946
logistic_rich_mask_permuted,44b6_2a2eff9f,44b6_2a2eff9f:13,union|44b6_2a2eff9f:13|15,0,0.09159373676589454
logistic_rich_mask_permuted,44b6_2a2eff9f,44b6_2a2eff9f:13,union|44b6_2a2eff9f:13|16,0,0.17500534349261768
logistic_rich_mask_permuted,44b6_2a2eff9f,44b6_2a2eff9f:13,union|44b6_2a2eff9f:13|17,0,0.2939757904617897
logistic_rich_mask_permuted,44b6_2a2eff9f,44b6_2a2eff9f:13,union|44b6_2a2eff9f:13|18,0,0.09923397243211912
logistic_rich_mask_permuted,44b6_2a2eff9f,44b6_2a2eff9f:13,union|44b6_2a2eff9f:13|19,0,0.20791382809798425
logistic_rich_mask_permuted,44b6_2a2eff9f,44b6_2a2eff9f:13,union|44b6_2a2eff9f:13|20,0,0.05775695886110952
logistic_rich_mask_permuted,44b6_2a2eff9f,44b6_2a2eff9f:13,union|44b6_2a2eff9f:13|21,0,0.8783323773613535
logistic_rich_mask_permuted,44b6_2a2eff9f,44b6_2a2eff9f:13,union|44b6_2a2eff9f:13|22,0,0.016923512817630538
logistic_rich_mask_permuted,44b6_2a2eff9f,44b6_2a2eff9f:13,union|44b6_2a2eff9f:13|23,0,0.9687437279039525
logistic_rich_mask_permuted,44b6_2a2eff9f,44b6_2a2eff9f:13,union|44b6_2a2eff9f:13|24,0,0.0205629316196071
logistic_rich_mask_permuted,44b6_2a2eff9f,44b6_2a2eff9f:13,union|44b6_2a2eff9f:13|25,0,0.16410503016078062
logistic_rich_mask_permuted,44b6_2a2eff9f,44b6_2a2eff9f:13,union|44b6_2a2eff9f:13|26,0,0.015205836257758381
logistic_rich_mask_permuted,44b6_2a2eff9f,44b6_2a2eff9f:13,union|44b6_2a2eff9f:13|27,0,0.6325631509643088
logistic_rich_mask_permuted,44b6_2a2eff9f,44b6_2a2eff9f:13,union|44b6_2a2eff9f:13|28,0,0.6419749285353362
logistic_rich_mask_permuted,44b6_2a2eff9f,44b6_2a2eff9f:13,union|44b6_2a2eff9f:13|29,0,0.8949733532392138
logistic_rich_mask_permuted,44b6_2a2eff9f,44b6_2a2eff9f:13,union|44b6_2a2eff9f:13|30,0,0.09981580800783023
logistic_rich_mask_permuted,44b6_2a2eff9f,44b6_2a2eff9f:13,union|44b6_2a2eff9f:13|31,0,0.2225750720283512
logistic_rich_mask_permuted,44b6_2a2eff9f,44b6_2a2eff9f:13,union|44b6_2a2eff9f:13|32,0,0.028437939567727243
logistic_rich_mask_permuted,44b6_2a2eff9f,44b6_2a2eff9f:13,union|44b6_2a2eff9f:13|33,0,0.027813023858378846
logistic_rich_mask_permuted,44b6_2a2eff9f,44b6_2a2eff9f:13,union|44b6_2a2eff9f:13|34,1,0.294664083943264
logistic_rich_mask_permuted,44b6_2a2eff9f,44b6_2a2eff9f:13,union|44b6_2a2eff9f:13|35,0,0.010718209204396754
logistic_rich_mask_permuted,44b6_2a2eff9f,44b6_2a2eff9f:13,union|44b6_2a2eff9f:13|36,0,0.2824384389979995
logistic_rich_mask_permuted,44b6_2a2eff9f,44b6_2a2eff9f:13,union|44b6_2a2eff9f:13|37,0,0.08658033296762058
logistic_rich_mask_permuted,44b6_2a2eff9f,44b6_2a2eff9f:13,union|44b6_2a2eff9f:13|38,0,0.0642753537982629
logistic_rich_mask_permuted,44b6_2a2eff9f,44b6_2a2eff9f:13,union|44b6_2a2eff9f:13|39,0,0.019005419240871867
logistic_rich_mask_permuted,44b6_2a2eff9f,44b6_2a2eff9f:13,union|44b6_2a2eff9f:13|40,0,0.04647845226434013
logistic_rich_mask_permuted,44b6_2a2eff9f,44b6_2a2eff9f:13,union|44b6_2a2eff9f:13|41,0,0.5324902118033575
logistic_rich_mask_permuted,44b6_2a2eff9f,44b6_2a2eff9f:13,union|44b6_2a2eff9f:13|42,0,0.8553428273525432
logistic_rich_mask_permuted,44b6_2a2eff9f,44b6_2a2eff9f:13,union|44b6_2a2eff9f:13|43,0,0.4823675830895654
logistic_rich_mask_permuted,44b6_2a2eff9f,44b6_2a2eff9f:13,union|44b6_2a2eff9f:13|44,0,0.021037921057755586
logistic_rich_mask_permuted,44b6_2a2eff9f,44b6_2a2eff9f:13,union|44b6_2a2eff9f:13|45,0,0.0016592380011999897
logistic_rich_mask_permuted,44b6_2a2eff9f,44b6_2a2eff9f:13,union|44b6_2a2eff9f:13|46,0,0.18643191787722746
logistic_rich_mask_permuted,44b6_2a2eff9f,44b6_2a2eff9f:13,union|44b6_2a2eff9f:13|47,0,0.023126302843789137
logistic_rich_mask_permuted,44b6_2a2eff9f,44b6_2a2eff9f:13,union|44b6_2a2eff9f:13|48,0,0.0008717452779503374
logistic_rich_mask_permuted,44b6_2a2eff9f,44b6_2a2eff9f:13,union|44b6_2a2eff9f:13|49,0,0.01385870356744288
logistic_rich_mask_permuted,44b6_2a2eff9f,44b6_2a2eff9f:13,union|44b6_2a2eff9f:13|50,0,0.44204407637081955
logistic_rich_mask_permuted,44b6_2a2eff9f,44b6_2a2eff9f:13,union|44b6_2a2eff9f:13|51,0,0.5131010242908225
logistic_rich_mask_permuted,44b6_2a2eff9f,44b6_2a2eff9f:13,union|44b6_2a2eff9f:13|52,0,0.0046642436595086476
logistic_rich_mask_permuted,44b6_2a2eff9f,44b6_2a2eff9f:13,union|44b6_2a2eff9f:13|53,0,0.001593141515871414
logistic_rich_mask_permuted,44b6_587a1e22,44b6_587a1e22:24,union|44b6_587a1e22:24|0,0,0.015815020228385806
logistic_rich_mask_permuted,44b6_587a1e22,44b6_587a1e22:24,union|44b6_587a1e22:24|1,0,0.09526981315818699
logistic_rich_mask_permuted,44b6_587a1e22,44b6_587a1e22:24,union|44b6_587a1e22:24|2,0,0.035569470493195046
logistic_rich_mask_permuted,44b6_587a1e22,44b6_587a1e22:24,union|44b6_587a1e22:24|3,0,0.05678601257474735
logistic_rich_mask_permuted,44b6_587a1e22,44b6_587a1e22:24,union|44b6_587a1e22:24|4,0,0.025590635277226315
logistic_rich_mask_permuted,44b6_587a1e22,44b6_587a1e22:24,union|44b6_587a1e22:24|5,0,0.06990332112388635
logistic_rich_mask_permuted,44b6_587a1e22,44b6_587a1e22:24,union|44b6_587a1e22:24|6,0,0.9511799631267541
logistic_rich_mask_permuted,44b6_587a1e22,44b6_587a1e22:24,union|44b6_587a1e22:24|7,0,0.00261363768579977
logistic_rich_mask_permuted,44b6_587a1e22,44b6_587a1e22:24,union|44b6_587a1e22:24|8,0,0.7400710647230915
logistic_rich_mask_permuted,44b6_587a1e22,44b6_587a1e22:24,union|44b6_587a1e22:24|9,0,0.302005833891666
logistic_rich_mask_permuted,44b6_587a1e22,44b6_587a1e22:24,union|44b6_587a1e22:24|10,0,0.0016537867125742084
logistic_rich_mask_permuted,44b6_587a1e22,44b6_587a1e22:24,union|44b6_587a1e22:24|11,0,0.16466611674657483
logistic_rich_mask_permuted,44b6_587a1e22,44b6_587a1e22:24,union|44b6_587a1e22:24|12,0,0.10985763249536883
logistic_rich_mask_permuted,44b6_587a1e22,44b6_587a1e22:24,union|44b6_587a1e22:24|13,0,0.010961825650039067
logistic_rich_mask_permuted,44b6_587a1e22,44b6_587a1e22:24,union|44b6_587a1e22:24|14,0,0.003489108271074424
logistic_rich_mask_permuted,44b6_587a1e22,44b6_587a1e22:24,union|44b6_587a1e22:24|15,0,0.0038451076706684096
logistic_rich_mask_permuted,44b6_587a1e22,44b6_587a1e22:24,union|44b6_587a1e22:24|16,0,0.09416009988571289
logistic_rich_mask_permuted,44b6_587a1e22,44b6_587a1e22:24,union|44b6_587a1e22:24|17,0,0.014356121463083996
logistic_rich_mask_permuted,44b6_587a1e22,44b6_587a1e22:24,union|44b6_587a1e22:24|18,1,0.9087003825210656
logistic_rich_mask_permuted,44b6_587a1e22,44b6_587a1e22:24,union|44b6_587a1e22:24|19,0,0.1513595420180236
logistic_rich_mask_permuted,44b6_587a1e22,44b6_587a1e22:24,union|44b6_587a1e22:24|20,0,0.20096358567217276
logistic_rich_mask_permuted,44b6_587a1e22,44b6_587a1e22:24,union|44b6_587a1e22:24|21,0,0.06912105154077405
logistic_rich_mask_permuted,44b6_587a1e22,44b6_587a1e22:24,union|44b6_587a1e22:24|22,0,0.0474451037435624
logistic_rich_mask_permuted,44b6_587a1e22,44b6_587a1e22:24,union|44b6_587a1e22:24|23,0,0.0892637046140948
logistic_rich_mask_permuted,44b6_587a1e22,44b6_587a1e22:24,union|44b6_587a1e22:24|24,0,0.006515795195311735
logistic_rich_mask_permuted,44b6_587a1e22,44b6_587a1e22:24,union|44b6_587a1e22:24|25,0,0.1752448415286768
logistic_rich_mask_permuted,44b6_587a1e22,44b6_587a1e22:24,union|44b6_587a1e22:24|26,0,0.0003316762033078704
logistic_rich_mask_permuted,44b6_587a1e22,44b6_587a1e22:24,union|44b6_587a1e22:24|27,0,0.6123390796512923
logistic_rich_mask_permuted,44b6_587a1e22,44b6_587a1e22:24,union|44b6_587a1e22:24|28,0,0.5530346240131321
logistic_rich_mask_permuted,44b6_587a1e22,44b6_587a1e22:24,union|44b6_587a1e22:24|29,0,0.0007119413531545856
logistic_rich_mask_permuted,44b6_587a1e22,44b6_587a1e22:24,union|44b6_587a1e22:24|30,0,0.05937316982215496
logistic_rich_mask_permuted,44b6_587a1e22,44b6_587a1e22:24,union|44b6_587a1e22:24|31,0,0.08196972018587008
logistic_rich_mask_permuted,44b6_587a1e22,44b6_587a1e22:24,union|44b6_587a1e22:24|32,0,0.00043895103067040413
logistic_rich_mask_permuted,44b6_587a1e22,44b6_587a1e22:24,union|44b6_587a1e22:24|33,0,0.2858222356500633
logistic_rich_mask_permuted,44b6_587a1e22,44b6_587a1e22:24,union|44b6_587a1e22:24|34,0,0.00028780705467764236
logistic_rich_mask_permuted,44b6_587a1e22,44b6_587a1e22:24,union|44b6_587a1e22:24|35,0,0.174846507116225
logistic_rich_mask_permuted,44b6_587a1e22,44b6_587a1e22:24,union|44b6_587a1e22:24|36,0,0.001819855444269186
logistic_rich_mask_permuted,44b6_5f15d135,44b6_5f15d135:103,union|44b6_5f15d135:103|0,0,0.9250035098680904
logistic_rich_mask_permuted,44b6_5f15d135,44b6_5f15d135:103,union|44b6_5f15d135:103|1,0,0.03612414629523251
logistic_rich_mask_permuted,44b6_5f15d135,44b6_5f15d135:103,union|44b6_5f15d135:103|2,0,0.6278447899113233
logistic_rich_mask_permuted,44b6_5f15d135,44b6_5f15d135:103,union|44b6_5f15d135:103|3,0,0.0034006253715368304
logistic_rich_mask_permuted,44b6_5f15d135,44b6_5f15d135:103,union|44b6_5f15d135:103|4,0,0.23411897771210843
logistic_rich_mask_permuted,44b6_5f15d135,44b6_5f15d135:103,union|44b6_5f15d135:103|5,0,0.8800578175566441
logistic_rich_mask_permuted,44b6_5f15d135,44b6_5f15d135:103,union|44b6_5f15d135:103|6,0,0.06428329045149975
logistic_rich_mask_permuted,44b6_5f15d135,44b6_5f15d135:103,union|44b6_5f15d135:103|7,0,0.000873990119248088
logistic_rich_mask_permuted,44b6_5f15d135,44b6_5f15d135:103,union|44b6_5f15d135:103|8,0,0.006587005021764815
logistic_rich_mask_permuted,44b6_5f15d135,44b6_5f15d135:103,union|44b6_5f15d135:103|9,0,0.5507867338822304
logistic_rich_mask_permuted,44b6_5f15d135,44b6_5f15d135:103,union|44b6_5f15d135:103|10,0,0.21105247223382634
logistic_rich_mask_permuted,44b6_5f15d135,44b6_5f15d135:103,union|44b6_5f15d135:103|11,0,0.15006649542992267
logistic_rich_mask_permuted,44b6_5f15d135,44b6_5f15d135:103,union|44b6_5f15d135:103|12,0,0.0029268567292800645
logistic_rich_mask_permuted,44b6_5f15d135,44b6_5f15d135:103,union|44b6_5f15d135:103|13,0,0.04849339034064301
logistic_rich_mask_permuted,44b6_5f15d135,44b6_5f15d135:103,union|44b6_5f15d135:103|14,0,0.5131562129962044
logistic_rich_mask_permuted,44b6_5f15d135,44b6_5f15d135:103,union|44b6_5f15d135:103|15,0,0.00048258500015682703
logistic_rich_mask_permuted,44b6_5f15d135,44b6_5f15d135:103,union|44b6_5f15d135:103|16,0,0.02924768254192563
logistic_rich_mask_permuted,44b6_5f15d135,44b6_5f15d135:103,union|44b6_5f15d135:103|17,0,0.004511586038482279
logistic_rich_mask_permuted,44b6_5f15d135,44b6_5f15d135:103,union|44b6_5f15d135:103|18,0,0.0857522126220564
logistic_rich_mask_permuted,44b6_5f15d135,44b6_5f15d135:103,union|44b6_5f15d135:103|19,0,0.21891706768902708
logistic_rich_mask_permuted,44b6_5f15d135,44b6_5f15d135:103,union|44b6_5f15d135:103|20,1,0.947699806344454
logistic_rich_mask_permuted,44b6_5f15d135,44b6_5f15d135:103,union|44b6_5f15d135:103|21,0,0.022262798524735748
logistic_rich_mask_permuted,44b6_5f15d135,44b6_5f15d135:103,union|44b6_5f15d135:103|22,0,0.6370732268853352
logistic_rich_mask_permuted,44b6_5f15d135,44b6_5f15d135:103,union|44b6_5f15d135:103|23,0,0.985408538029901
logistic_rich_mask_permuted,44b6_5f15d135,44b6_5f15d135:103,union|44b6_5f15d135:103|24,0,0.14043412788562107
logistic_rich_mask_permuted,44b6_5f15d135,44b6_5f15d135:103,union|44b6_5f15d135:103|25,0,0.012734669362329445
logistic_rich_mask_permuted,44b6_5f15d135,44b6_5f15d135:103,union|44b6_5f15d135:103|26,0,0.17939765955341347
logistic_rich_mask_permuted,44b6_5f15d135,44b6_5f15d135:103,union|44b6_5f15d135:103|27,0,0.04989220454554714
logistic_rich_mask_permuted,44b6_5f15d135,44b6_5f15d135:103,union|44b6_5f15d135:103|28,0,0.09460159170354716
logistic_rich_mask_permuted,44b6_5f15d135,44b6_5f15d135:103,union|44b6_5f15d135:103|29,0,0.23034966330714612
logistic_rich_mask_permuted,44b6_5f15d135,44b6_5f15d135:103,union|44b6_5f15d135:103|30,0,0.024313149067801597
logistic_rich_mask_permuted,44b6_5f15d135,44b6_5f15d135:103,union|44b6_5f15d135:103|31,0,0.33749542484476114
logistic_rich_mask_permuted,44b6_5f15d135,44b6_5f15d135:103,union|44b6_5f15d135:103|32,0,0.1753826818262904
logistic_rich_mask_permuted,44b6_5f15d135,44b6_5f15d135:103,union|44b6_5f15d135:103|33,0,0.02817294226415194
logistic_rich_mask_permuted,44b6_5f15d135,44b6_5f15d135:103,union|44b6_5f15d135:103|34,0,0.08197645069660416
logistic_rich_mask_permuted,44b6_5f15d135,44b6_5f15d135:103,union|44b6_5f15d135:103|35,0,0.11138614496196492
logistic_rich_mask_permuted,44b6_5f15d135,44b6_5f15d135:103,union|44b6_5f15d135:103|36,0,0.04383800745117944
logistic_rich_mask_permuted,44b6_5f15d135,44b6_5f15d135:103,union|44b6_5f15d135:103|37,0,0.0029066768610216454
logistic_rich_mask_permuted,44b6_5f15d135,44b6_5f15d135:103,union|44b6_5f15d135:103|38,0,0.002320539667166952
logistic_rich_mask_permuted,44b6_5f15d135,44b6_5f15d135:103,union|44b6_5f15d135:103|39,0,0.007342593889040752
logistic_rich_mask_permuted,44b6_5f15d135,44b6_5f15d135:103,union|44b6_5f15d135:103|40,0,0.004898013570115313
logistic_rich_mask_permuted,44b6_5f15d135,44b6_5f15d135:103,union|44b6_5f15d135:103|41,0,0.17677888851221402
logistic_rich_mask_permuted,44b6_5f15d135,44b6_5f15d135:103,union|44b6_5f15d135:103|42,0,0.7469774066568222
logistic_rich_mask_permuted,44b6_5f15d135,44b6_5f15d135:103,union|44b6_5f15d135:103|43,0,0.19976443552452738
logistic_rich_mask_permuted,44b6_5f15d135,44b6_5f15d135:103,union|44b6_5f15d135:103|44,0,0.046785462087284
logistic_rich_mask_permuted,44b6_5f15d135,44b6_5f15d135:103,union|44b6_5f15d135:103|45,0,0.296395433906912
logistic_rich_mask_permuted,44b6_5f15d135,44b6_5f15d135:103,union|44b6_5f15d135:103|46,0,0.05334223269120175
logistic_rich_mask_permuted,44b6_5f15d135,44b6_5f15d135:103,union|44b6_5f15d135:103|47,0,0.00523781835734643
logistic_rich_mask_permuted,44b6_5f15d135,44b6_5f15d135:103,union|44b6_5f15d135:103|48,0,0.010132331186694127
logistic_rich_mask_permuted,44b6_5f15d135,44b6_5f15d135:103,union|44b6_5f15d135:103|49,0,0.0013947293303360909
logistic_rich_mask_permuted,44b6_5f15d135,44b6_5f15d135:103,union|44b6_5f15d135:103|50,0,0.000778037453824158
logistic_rich_mask_permuted,44b6_5f15d135,44b6_5f15d135:103,union|44b6_5f15d135:103|51,0,0.00027475581316098707
logistic_rich_mask_permuted,44b6_5f15d135,44b6_5f15d135:103,union|44b6_5f15d135:103|52,0,0.17539410153390445
logistic_rich_mask_permuted,44b6_5f15d135,44b6_5f15d135:103,union|44b6_5f15d135:103|53,0,0.018358598011851284
logistic_rich_mask_permuted,44b6_5f15d135,44b6_5f15d135:103,union|44b6_5f15d135:103|54,0,0.002261267167626177
logistic_rich_mask_permuted,44b6_5f15d135,44b6_5f15d135:103,union|44b6_5f15d135:103|55,0,0.10285294397641645
logistic_rich_mask_permuted,44b6_5f15d135,44b6_5f15d135:103,union|44b6_5f15d135:103|56,0,0.2965804128161969
logistic_rich_mask_permuted,44b6_5f15d135,44b6_5f15d135:103,union|44b6_5f15d135:103|57,0,0.2917338026150478
logistic_rich_mask_permuted,44b6_5f15d135,44b6_5f15d135:103,union|44b6_5f15d135:103|58,0,0.0027288829304054196
logistic_rich_mask_permuted,44b6_5f15d135,44b6_5f15d135:103,union|44b6_5f15d135:103|59,0,0.22261200642921197
logistic_rich_mask_permuted,44b6_5f15d135,44b6_5f15d135:103,union|44b6_5f15d135:103|60,0,0.5649381344206379
logistic_rich_mask_permuted,44b6_5f15d135,44b6_5f15d135:103,union|44b6_5f15d135:103|61,0,0.023795144776009188
logistic_rich_mask_permuted,44b6_5f15d135,44b6_5f15d135:103,union|44b6_5f15d135:103|62,0,0.013206432580017542
logistic_rich_mask_permuted,44b6_5f15d135,44b6_5f15d135:103,union|44b6_5f15d135:103|63,0,0.006785657697614861
logistic_rich_mask_permuted,44b6_5f15d135,44b6_5f15d135:103,union|44b6_5f15d135:103|64,0,0.0004819816378611739
logistic_rich_mask_permuted,44b6_5f15d135,44b6_5f15d135:103,union|44b6_5f15d135:103|65,0,0.0023739881966468026
logistic_rich_mask_permuted,44b6_5f15d135,44b6_5f15d135:103,union|44b6_5f15d135:103|66,0,0.004343302019791626
logistic_rich_mask_permuted,44b6_74d0c52e,44b6_74d0c52e:59,union|44b6_74d0c52e:59|0,0,0.06694065794619239
logistic_rich_mask_permuted,44b6_74d0c52e,44b6_74d0c52e:59,union|44b6_74d0c52e:59|1,0,0.1642457094042391
logistic_rich_mask_permuted,44b6_74d0c52e,44b6_74d0c52e:59,union|44b6_74d0c52e:59|2,0,0.059494276051991035
logistic_rich_mask_permuted,44b6_74d0c52e,44b6_74d0c52e:59,union|44b6_74d0c52e:59|3,0,0.2834056264110462
logistic_rich_mask_permuted,44b6_74d0c52e,44b6_74d0c52e:59,union|44b6_74d0c52e:59|4,0,0.16727126310266802
logistic_rich_mask_permuted,44b6_74d0c52e,44b6_74d0c52e:59,union|44b6_74d0c52e:59|5,0,0.019530289328044213
logistic_rich_mask_permuted,44b6_74d0c52e,44b6_74d0c52e:59,union|44b6_74d0c52e:59|6,0,0.027763375561678835
logistic_rich_mask_permuted,44b6_74d0c52e,44b6_74d0c52e:59,union|44b6_74d0c52e:59|7,0,0.033880464452403815
logistic_rich_mask_permuted,44b6_74d0c52e,44b6_74d0c52e:59,union|44b6_74d0c52e:59|8,0,0.45799114494534443
logistic_rich_mask_permuted,44b6_74d0c52e,44b6_74d0c52e:59,union|44b6_74d0c52e:59|9,0,0.044849143796333986
logistic_rich_mask_permuted,44b6_74d0c52e,44b6_74d0c52e:59,union|44b6_74d0c52e:59|10,1,0.32600817998021175
logistic_rich_mask_permuted,44b6_74d0c52e,44b6_74d0c52e:59,union|44b6_74d0c52e:59|11,0,0.08297329789036909
logistic_rich_mask_permuted,44b6_74d0c52e,44b6_74d0c52e:59,union|44b6_74d0c52e:59|12,0,0.04367392346611056
logistic_rich_mask_permuted,44b6_74d0c52e,44b6_74d0c52e:59,union|44b6_74d0c52e:59|13,0,0.009200363522854887
logistic_rich_mask_permuted,44b6_74d0c52e,44b6_74d0c52e:59,union|44b6_74d0c52e:59|14,0,0.009357965361492557
logistic_rich_mask_permuted,44b6_74d0c52e,44b6_74d0c52e:59,union|44b6_74d0c52e:59|15,0,0.052572661810275846
logistic_rich_mask_permuted,44b6_74d0c52e,44b6_74d0c52e:59,union|44b6_74d0c52e:59|16,0,0.22497923351114812
logistic_rich_mask_permuted,44b6_74d0c52e,44b6_74d0c52e:59,union|44b6_74d0c52e:59|17,0,0.4036003076696159
logistic_rich_mask_permuted,44b6_74d0c52e,44b6_74d0c52e:59,union|44b6_74d0c52e:59|18,0,0.4491463006263968
logistic_rich_mask_permuted,44b6_74d0c52e,44b6_74d0c52e:59,union|44b6_74d0c52e:59|19,0,0.0029925919457671176
logistic_rich_mask_permuted,44b6_74d0c52e,44b6_74d0c52e:59,union|44b6_74d0c52e:59|20,0,0.04468802694008266
logistic_rich_mask_permuted,44b6_74d0c52e,44b6_74d0c52e:59,union|44b6_74d0c52e:59|21,0,0.02854364608665949
logistic_rich_mask_permuted,44b6_74d0c52e,44b6_74d0c52e:59,union|44b6_74d0c52e:59|22,0,0.08622188684224372
logistic_rich_mask_permuted,44b6_74d0c52e,44b6_74d0c52e:59,union|44b6_74d0c52e:59|23,0,0.23499489120399392
logistic_rich_mask_permuted,44b6_74d0c52e,44b6_74d0c52e:59,union|44b6_74d0c52e:59|24,0,0.0590241218247219
logistic_rich_mask_permuted,44b6_74d0c52e,44b6_74d0c52e:59,union|44b6_74d0c52e:59|25,0,0.5873369448372825
logistic_rich_mask_permuted,44b6_74d0c52e,44b6_74d0c52e:59,union|44b6_74d0c52e:59|26,0,0.17278742968619154
logistic_rich_mask_permuted,44b6_74d0c52e,44b6_74d0c52e:59,union|44b6_74d0c52e:59|27,0,0.18576590846898963
logistic_rich_mask_permuted,44b6_74d0c52e,44b6_74d0c52e:59,union|44b6_74d0c52e:59|28,0,0.025145469557140337
logistic_rich_mask_permuted,44b6_74d0c52e,44b6_74d0c52e:59,union|44b6_74d0c52e:59|29,0,0.9422201985520199
logistic_rich_mask_permuted,44b6_74d0c52e,44b6_74d0c52e:59,union|44b6_74d0c52e:59|30,0,0.048022279621557175
logistic_rich_mask_permuted,44b6_74d0c52e,44b6_74d0c52e:59,union|44b6_74d0c52e:59|31,0,0.13746119619230726
logistic_rich_mask_permuted,44b6_74d0c52e,44b6_74d0c52e:59,union|44b6_74d0c52e:59|32,0,0.01722160751332294
logistic_rich_mask_permuted,44b6_74d0c52e,44b6_74d0c52e:59,union|44b6_74d0c52e:59|33,0,0.7478419750182628
logistic_rich_mask_permuted,44b6_74d0c52e,44b6_74d0c52e:59,union|44b6_74d0c52e:59|34,0,0.12469313466908727
logistic_rich_mask_permuted,44b6_74d0c52e,44b6_74d0c52e:59,union|44b6_74d0c52e:59|35,0,0.051379649353217774
logistic_rich_mask_permuted,44b6_74d0c52e,44b6_74d0c52e:59,union|44b6_74d0c52e:59|36,0,0.011116010856205208
logistic_rich_mask_permuted,44b6_74d0c52e,44b6_74d0c52e:59,union|44b6_74d0c52e:59|37,0,0.018164293429530368
logistic_rich_mask_permuted,44b6_74d0c52e,44b6_74d0c52e:59,union|44b6_74d0c52e:59|38,0,0.05238662560940908
logistic_rich_mask_permuted,44b6_74d0c52e,44b6_74d0c52e:59,union|44b6_74d0c52e:59|39,0,0.9530635821438186
logistic_rich_mask_permuted,44b6_74d0c52e,44b6_74d0c52e:59,union|44b6_74d0c52e:59|40,0,0.16845697776905236
logistic_rich_mask_permuted,44b6_74d0c52e,44b6_74d0c52e:59,union|44b6_74d0c52e:59|41,0,0.014991631474649889
logistic_rich_mask_permuted,44b6_74d0c52e,44b6_74d0c52e:59,union|44b6_74d0c52e:59|42,0,0.0012263003709569393
logistic_rich_mask_permuted,44b6_74d0c52e,44b6_74d0c52e:59,union|44b6_74d0c52e:59|43,0,0.01688108014167341
logistic_rich_mask_permuted,44b6_74d0c52e,44b6_74d0c52e:59,union|44b6_74d0c52e:59|44,0,0.013174935921778683
logistic_rich_mask_permuted,44b6_74d0c52e,44b6_74d0c52e:59,union|44b6_74d0c52e:59|45,0,0.02852123197306777
logistic_rich_mask_permuted,44b6_74d0c52e,44b6_74d0c52e:59,union|44b6_74d0c52e:59|46,0,0.008204935640564045
logistic_rich_mask_permuted,44b6_74d0c52e,44b6_74d0c52e:59,union|44b6_74d0c52e:59|47,0,0.0033118346815223312
logistic_rich_mask_permuted,44b6_74d0c52e,44b6_74d0c52e:59,union|44b6_74d0c52e:59|48,0,0.008119096353983618
logistic_rich_mask_permuted,44b6_74d0c52e,44b6_74d0c52e:59,union|44b6_74d0c52e:59|49,0,0.0023742380524475154
logistic_rich_mask_permuted,44b6_74d0c52e,44b6_74d0c52e:59,union|44b6_74d0c52e:59|50,0,0.8869213262230642
logistic_rich_mask_permuted,44b6_74d0c52e,44b6_74d0c52e:59,union|44b6_74d0c52e:59|51,0,0.008126808530317024
logistic_rich_mask_permuted,44b6_74d0c52e,44b6_74d0c52e:59,union|44b6_74d0c52e:59|52,0,0.029553504522446282
logistic_rich_mask_permuted,44b6_996155de,44b6_996155de:60,union|44b6_996155de:60|0,1,0.9920090374789361
logistic_rich_mask_permuted,44b6_996155de,44b6_996155de:60,union|44b6_996155de:60|1,0,0.7754640757539951
logistic_rich_mask_permuted,44b6_996155de,44b6_996155de:60,union|44b6_996155de:60|2,0,0.40066149239875654
logistic_rich_mask_permuted,44b6_996155de,44b6_996155de:60,union|44b6_996155de:60|3,0,0.7145590293096931
logistic_rich_mask_permuted,44b6_996155de,44b6_996155de:60,union|44b6_996155de:60|4,0,0.767470041963055
logistic_rich_mask_permuted,44b6_996155de,44b6_996155de:60,union|44b6_996155de:60|5,0,0.07550818738842092
logistic_rich_mask_permuted,44b6_9be80b04,44b6_9be80b04:155,union|44b6_9be80b04:155|0,0,0.1341620651470985
logistic_rich_mask_permuted,44b6_9be80b04,44b6_9be80b04:155,union|44b6_9be80b04:155|1,0,0.03200573683235279
logistic_rich_mask_permuted,44b6_9be80b04,44b6_9be80b04:155,union|44b6_9be80b04:155|2,0,0.0053191497925432416
logistic_rich_mask_permuted,44b6_9be80b04,44b6_9be80b04:155,union|44b6_9be80b04:155|3,0,0.013518596164029404
logistic_rich_mask_permuted,44b6_9be80b04,44b6_9be80b04:155,union|44b6_9be80b04:155|4,0,0.03728990681257689
logistic_rich_mask_permuted,44b6_9be80b04,44b6_9be80b04:155,union|44b6_9be80b04:155|5,0,0.02498496986824123
logistic_rich_mask_permuted,44b6_9be80b04,44b6_9be80b04:155,union|44b6_9be80b04:155|6,0,0.004904583593640695
logistic_rich_mask_permuted,44b6_9be80b04,44b6_9be80b04:155,union|44b6_9be80b04:155|7,0,0.03612825184769604
logistic_rich_mask_permuted,44b6_9be80b04,44b6_9be80b04:155,union|44b6_9be80b04:155|8,0,0.00073198759888395
logistic_rich_mask_permuted,44b6_9be80b04,44b6_9be80b04:155,union|44b6_9be80b04:155|9,0,0.0014637509961638242
logistic_rich_mask_permuted,44b6_9be80b04,44b6_9be80b04:155,union|44b6_9be80b04:155|10,0,0.009759523335597872
logistic_rich_mask_permuted,44b6_9be80b04,44b6_9be80b04:155,union|44b6_9be80b04:155|11,0,0.0007441037055648878
logistic_rich_mask_permuted,44b6_9be80b04,44b6_9be80b04:155,union|44b6_9be80b04:155|12,0,0.001024020979197418
logistic_rich_mask_permuted,44b6_9be80b04,44b6_9be80b04:155,union|44b6_9be80b04:155|13,0,0.06809187085681641
logistic_rich_mask_permuted,44b6_9be80b04,44b6_9be80b04:155,union|44b6_9be80b04:155|14,0,0.022305883052278153
logistic_rich_mask_permuted,44b6_9be80b04,44b6_9be80b04:155,union|44b6_9be80b04:155|15,0,0.019319988481164292
logistic_rich_mask_permuted,44b6_9be80b04,44b6_9be80b04:155,union|44b6_9be80b04:155|16,0,0.018709984139860865
logistic_rich_mask_permuted,44b6_9be80b04,44b6_9be80b04:155,union|44b6_9be80b04:155|17,0,0.04176553114109673
logistic_rich_mask_permuted,44b6_9be80b04,44b6_9be80b04:155,union|44b6_9be80b04:155|18,0,0.051645914922585745
logistic_rich_mask_permuted,44b6_9be80b04,44b6_9be80b04:155,union|44b6_9be80b04:155|19,0,0.02423238309875015
logistic_rich_mask_permuted,44b6_9be80b04,44b6_9be80b04:155,union|44b6_9be80b04:155|20,0,0.024874684960775443
logistic_rich_mask_permuted,44b6_9be80b04,44b6_9be80b04:155,union|44b6_9be80b04:155|21,0,0.007221317359186465
logistic_rich_mask_permuted,44b6_9be80b04,44b6_9be80b04:155,union|44b6_9be80b04:155|22,0,0.009881304650704283
logistic_rich_mask_permuted,44b6_9be80b04,44b6_9be80b04:155,union|44b6_9be80b04:155|23,0,0.0040971810844186675
logistic_rich_mask_permuted,44b6_9be80b04,44b6_9be80b04:155,union|44b6_9be80b04:155|24,0,0.004083630050586993
logistic_rich_mask_permuted,44b6_9be80b04,44b6_9be80b04:155,union|44b6_9be80b04:155|25,0,0.00013495658466049657
logistic_rich_mask_permuted,44b6_9be80b04,44b6_9be80b04:155,union|44b6_9be80b04:155|26,0,0.001002664928241402
logistic_rich_mask_permuted,44b6_9be80b04,44b6_9be80b04:155,union|44b6_9be80b04:155|27,0,0.05821679283372733
logistic_rich_mask_permuted,44b6_9be80b04,44b6_9be80b04:155,union|44b6_9be80b04:155|28,0,0.10985699898272358
logistic_rich_mask_permuted,44b6_9be80b04,44b6_9be80b04:155,union|44b6_9be80b04:155|29,0,0.085727646905595
logistic_rich_mask_permuted,44b6_9be80b04,44b6_9be80b04:155,union|44b6_9be80b04:155|30,0,0.1162249361745976
logistic_rich_mask_permuted,44b6_9be80b04,44b6_9be80b04:155,union|44b6_9be80b04:155|31,0,0.037266919472139726
logistic_rich_mask_permuted,44b6_9be80b04,44b6_9be80b04:155,union|44b6_9be80b04:155|32,0,0.06712995263822004
logistic_rich_mask_permuted,44b6_9be80b04,44b6_9be80b04:155,union|44b6_9be80b04:155|33,0,0.12190157075961645
logistic_rich_mask_permuted,44b6_9be80b04,44b6_9be80b04:155,union|44b6_9be80b04:155|34,0,0.023378556804864323
logistic_rich_mask_permuted,44b6_9be80b04,44b6_9be80b04:155,union|44b6_9be80b04:155|35,0,0.009921285849278464
logistic_rich_mask_permuted,44b6_9be80b04,44b6_9be80b04:155,union|44b6_9be80b04:155|36,0,0.01417702486621211
logistic_rich_mask_permuted,44b6_9be80b04,44b6_9be80b04:155,union|44b6_9be80b04:155|37,0,0.0006808936597152329
logistic_rich_mask_permuted,44b6_9be80b04,44b6_9be80b04:155,union|44b6_9be80b04:155|38,0,0.011031819567062463
logistic_rich_mask_permuted,44b6_9be80b04,44b6_9be80b04:155,union|44b6_9be80b04:155|39,0,0.006718434657830736
logistic_rich_mask_permuted,44b6_9be80b04,44b6_9be80b04:155,union|44b6_9be80b04:155|40,0,0.007603242090363686
logistic_rich_mask_permuted,44b6_9be80b04,44b6_9be80b04:155,union|44b6_9be80b04:155|41,0,0.009574291582705735
logistic_rich_mask_permuted,44b6_9be80b04,44b6_9be80b04:155,union|44b6_9be80b04:155|42,0,0.009264741156893264
logistic_rich_mask_permuted,44b6_9be80b04,44b6_9be80b04:155,union|44b6_9be80b04:155|43,0,0.008725402718067604
logistic_rich_mask_permuted,44b6_9be80b04,44b6_9be80b04:155,union|44b6_9be80b04:155|44,0,0.05068934461393524
logistic_rich_mask_permuted,44b6_9be80b04,44b6_9be80b04:155,union|44b6_9be80b04:155|45,0,0.0022195640811988873
logistic_rich_mask_permuted,44b6_9be80b04,44b6_9be80b04:155,union|44b6_9be80b04:155|46,0,0.010537962638651022
logistic_rich_mask_permuted,44b6_9be80b04,44b6_9be80b04:155,union|44b6_9be80b04:155|47,0,0.0045067673680731415
logistic_rich_mask_permuted,44b6_9be80b04,44b6_9be80b04:155,union|44b6_9be80b04:155|48,0,0.000709311456011936
logistic_rich_mask_permuted,44b6_9be80b04,44b6_9be80b04:155,union|44b6_9be80b04:155|49,0,0.0002753797122474546
logistic_rich_mask_permuted,44b6_9be80b04,44b6_9be80b04:155,union|44b6_9be80b04:155|50,0,0.0037461803100387533
logistic_rich_mask_permuted,44b6_9be80b04,44b6_9be80b04:155,union|44b6_9be80b04:155|51,0,0.9676389493271156
logistic_rich_mask_permuted,44b6_9be80b04,44b6_9be80b04:155,union|44b6_9be80b04:155|52,0,0.755430649750468
logistic_rich_mask_permuted,44b6_9be80b04,44b6_9be80b04:155,union|44b6_9be80b04:155|53,0,0.6158770423413134
logistic_rich_mask_permuted,44b6_9be80b04,44b6_9be80b04:155,union|44b6_9be80b04:155|54,0,0.029643213267321937
logistic_rich_mask_permuted,44b6_9be80b04,44b6_9be80b04:155,union|44b6_9be80b04:155|55,0,0.9176708952133056
logistic_rich_mask_permuted,44b6_9be80b04,44b6_9be80b04:155,union|44b6_9be80b04:155|56,0,0.29337276864171713
logistic_rich_mask_permuted,44b6_9be80b04,44b6_9be80b04:155,union|44b6_9be80b04:155|57,0,0.022692950506153223
logistic_rich_mask_permuted,44b6_9be80b04,44b6_9be80b04:155,union|44b6_9be80b04:155|58,0,0.19148199907939814
logistic_rich_mask_permuted,44b6_9be80b04,44b6_9be80b04:155,union|44b6_9be80b04:155|59,0,0.0022869908881241506
logistic_rich_mask_permuted,44b6_9be80b04,44b6_9be80b04:155,union|44b6_9be80b04:155|60,0,0.032969424196168835
logistic_rich_mask_permuted,44b6_9be80b04,44b6_9be80b04:155,union|44b6_9be80b04:155|61,0,0.5190027329250889
logistic_rich_mask_permuted,44b6_9be80b04,44b6_9be80b04:155,union|44b6_9be80b04:155|62,0,0.0007452188312681659
logistic_rich_mask_permuted,44b6_9be80b04,44b6_9be80b04:155,union|44b6_9be80b04:155|63,0,0.0004330285909131123
logistic_rich_mask_permuted,44b6_9be80b04,44b6_9be80b04:155,union|44b6_9be80b04:155|64,0,0.006514528753431777
logistic_rich_mask_permuted,44b6_9be80b04,44b6_9be80b04:155,union|44b6_9be80b04:155|65,0,0.002476417994704874
logistic_rich_mask_permuted,44b6_9be80b04,44b6_9be80b04:155,union|44b6_9be80b04:155|66,1,0.9892082042615097
logistic_rich_mask_permuted,44b6_9be80b04,44b6_9be80b04:155,union|44b6_9be80b04:155|67,0,0.28054245837294434
logistic_rich_mask_permuted,44b6_9be80b04,44b6_9be80b04:155,union|44b6_9be80b04:155|68,0,0.1506380729549513
logistic_rich_mask_permuted,44b6_9be80b04,44b6_9be80b04:155,union|44b6_9be80b04:155|69,0,0.04080370308884033
logistic_rich_mask_permuted,44b6_9be80b04,44b6_9be80b04:155,union|44b6_9be80b04:155|70,0,0.9652426054137988
logistic_rich_mask_permuted,44b6_9be80b04,44b6_9be80b04:155,union|44b6_9be80b04:155|71,0,0.5703879093831019
logistic_rich_mask_permuted,44b6_9be80b04,44b6_9be80b04:155,union|44b6_9be80b04:155|72,0,0.21465678222494664
logistic_rich_mask_permuted,44b6_9be80b04,44b6_9be80b04:155,union|44b6_9be80b04:155|73,0,0.11347773346368444
logistic_rich_mask_permuted,44b6_9be80b04,44b6_9be80b04:155,union|44b6_9be80b04:155|74,0,0.009907126308730524
logistic_rich_mask_permuted,44b6_9be80b04,44b6_9be80b04:155,union|44b6_9be80b04:155|75,0,0.033014577438460944
logistic_rich_mask_permuted,44b6_9be80b04,44b6_9be80b04:155,union|44b6_9be80b04:155|76,0,0.08763732610711057
logistic_rich_mask_permuted,44b6_9be80b04,44b6_9be80b04:155,union|44b6_9be80b04:155|77,0,0.007637312647665844
logistic_rich_mask_permuted,44b6_9be80b04,44b6_9be80b04:155,union|44b6_9be80b04:155|78,0,0.0012715070719834093
logistic_rich_mask_permuted,44b6_9be80b04,44b6_9be80b04:155,union|44b6_9be80b04:155|79,0,0.023676902096014134
logistic_rich_mask_permuted,44b6_9be80b04,44b6_9be80b04:155,union|44b6_9be80b04:155|80,0,0.0019784864210198073
logistic_rich_mask_permuted,44b6_9be80b04,44b6_9be80b04:155,union|44b6_9be80b04:155|81,0,0.004586130199173012
logistic_rich_mask_permuted,44b6_9be80b04,44b6_9be80b04:155,union|44b6_9be80b04:155|82,0,0.004062631706272639
logistic_rich_mask_permuted,44b6_9be80b04,44b6_9be80b04:155,union|44b6_9be80b04:155|83,0,0.043399823205959906
logistic_rich_mask_permuted,44b6_9be80b04,44b6_9be80b04:155,union|44b6_9be80b04:155|84,0,0.2024658271358563
logistic_rich_mask_permuted,44b6_9be80b04,44b6_9be80b04:155,union|44b6_9be80b04:155|85,0,0.034526355907406145
logistic_rich_mask_permuted,44b6_9be80b04,44b6_9be80b04:155,union|44b6_9be80b04:155|86,0,0.970762471657649
logistic_rich_mask_permuted,44b6_9be80b04,44b6_9be80b04:155,union|44b6_9be80b04:155|87,0,0.41318466167388834
logistic_rich_mask_permuted,44b6_9be80b04,44b6_9be80b04:155,union|44b6_9be80b04:155|88,0,0.020450422453651022
logistic_rich_mask_permuted,44b6_9be80b04,44b6_9be80b04:155,union|44b6_9be80b04:155|89,0,0.04628973575762353
logistic_rich_mask_permuted,44b6_9be80b04,44b6_9be80b04:155,union|44b6_9be80b04:155|90,0,0.005435839793308468
logistic_rich_mask_permuted,44b6_9be80b04,44b6_9be80b04:155,union|44b6_9be80b04:155|91,0,0.07956438763335595
logistic_rich_mask_permuted,44b6_9be80b04,44b6_9be80b04:155,union|44b6_9be80b04:155|92,0,0.10913402128529408
logistic_rich_mask_permuted,44b6_9be80b04,44b6_9be80b04:155,union|44b6_9be80b04:155|93,0,0.0006268810285353921
logistic_rich_mask_permuted,44b6_9be80b04,44b6_9be80b04:155,union|44b6_9be80b04:155|94,0,0.0005600126074312552
logistic_rich_mask_permuted,44b6_9be80b04,44b6_9be80b04:155,union|44b6_9be80b04:155|95,0,0.00121000475856413
logistic_rich_mask_permuted,44b6_9be80b04,44b6_9be80b04:155,union|44b6_9be80b04:155|96,0,0.0026294567712711573
logistic_rich_mask_permuted,44b6_9be80b04,44b6_9be80b04:155,union|44b6_9be80b04:155|97,0,0.0040470163741727384
logistic_rich_mask_permuted,44b6_9be80b04,44b6_9be80b04:155,union|44b6_9be80b04:155|98,0,0.02244781584719397
logistic_rich_mask_permuted,44b6_9be80b04,44b6_9be80b04:155,union|44b6_9be80b04:155|99,0,0.07817500749348175
logistic_rich_mask_permuted,44b6_9be80b04,44b6_9be80b04:155,union|44b6_9be80b04:155|100,0,0.13340901164115077
logistic_rich_mask_permuted,44b6_9be80b04,44b6_9be80b04:155,union|44b6_9be80b04:155|101,0,0.03388258655673987
logistic_rich_mask_permuted,44b6_9be80b04,44b6_9be80b04:155,union|44b6_9be80b04:155|102,0,0.010835866932111467
logistic_rich_mask_permuted,44b6_9be80b04,44b6_9be80b04:155,union|44b6_9be80b04:155|103,0,0.009132500039640775
logistic_rich_mask_permuted,44b6_9be80b04,44b6_9be80b04:155,union|44b6_9be80b04:155|104,0,0.0051743628876819905
logistic_rich_mask_permuted,44b6_9be80b04,44b6_9be80b04:155,union|44b6_9be80b04:155|105,0,0.0005445952122723553
logistic_rich_mask_permuted,44b6_9be80b04,44b6_9be80b04:155,union|44b6_9be80b04:155|106,0,0.00018066186304829143
logistic_rich_mask_permuted,44b6_9be80b04,44b6_9be80b04:155,union|44b6_9be80b04:155|107,0,0.00736150303992049
logistic_rich_mask_permuted,44b6_9be80b04,44b6_9be80b04:155,union|44b6_9be80b04:155|108,0,0.0543421493378591
logistic_rich_mask_permuted,44b6_9be80b04,44b6_9be80b04:155,union|44b6_9be80b04:155|109,0,0.3454383840684758
logistic_rich_mask_permuted,44b6_9be80b04,44b6_9be80b04:155,union|44b6_9be80b04:155|110,0,0.3809140227553632
logistic_rich_mask_permuted,44b6_9be80b04,44b6_9be80b04:155,union|44b6_9be80b04:155|111,0,0.04051339885584407
logistic_rich_mask_permuted,44b6_9be80b04,44b6_9be80b04:155,union|44b6_9be80b04:155|112,0,0.02057990705783356
logistic_rich_mask_permuted,44b6_9be80b04,44b6_9be80b04:155,union|44b6_9be80b04:155|113,0,0.002255467662664427
logistic_rich_mask_permuted,44b6_9be80b04,44b6_9be80b04:155,union|44b6_9be80b04:155|114,0,0.011308731873064594
logistic_rich_mask_permuted,44b6_9be80b04,44b6_9be80b04:155,union|44b6_9be80b04:155|115,0,0.006622875867620315
logistic_rich_mask_permuted,44b6_9be80b04,44b6_9be80b04:155,union|44b6_9be80b04:155|116,0,0.005166454262540266
logistic_rich_mask_permuted,44b6_9be80b04,44b6_9be80b04:155,union|44b6_9be80b04:155|117,0,0.1707705435495772
logistic_rich_mask_permuted,44b6_9be80b04,44b6_9be80b04:155,union|44b6_9be80b04:155|118,0,0.10299497233631039
logistic_rich_mask_permuted,44b6_9be80b04,44b6_9be80b04:155,union|44b6_9be80b04:155|119,0,0.012419896011132792
logistic_rich_mask_permuted,44b6_9be80b04,44b6_9be80b04:155,union|44b6_9be80b04:155|120,0,0.004461515159979508
logistic_rich_mask_permuted,44b6_9be80b04,44b6_9be80b04:155,union|44b6_9be80b04:155|121,0,0.0030709210342291424
logistic_rich_mask_permuted,44b6_9be80b04,44b6_9be80b04:155,union|44b6_9be80b04:155|122,0,0.022523339327539464
logistic_rich_mask_permuted,44b6_9be80b04,44b6_9be80b04:155,union|44b6_9be80b04:155|123,0,0.0014306860927334683
logistic_rich_mask_permuted,44b6_9be80b04,44b6_9be80b04:155,union|44b6_9be80b04:155|124,0,0.0010328728045245835
logistic_rich_mask_permuted,44b6_9be80b04,44b6_9be80b04:155,union|44b6_9be80b04:155|125,0,0.8682408378317693
logistic_rich_mask_permuted,44b6_9be80b04,44b6_9be80b04:155,union|44b6_9be80b04:155|126,0,0.13966103805212823
logistic_rich_mask_permuted,44b6_9be80b04,44b6_9be80b04:155,union|44b6_9be80b04:155|127,0,0.11226490781570919
logistic_rich_mask_permuted,44b6_9be80b04,44b6_9be80b04:155,union|44b6_9be80b04:155|128,0,0.002499269228354092
logistic_rich_mask_permuted,44b6_9be80b04,44b6_9be80b04:155,union|44b6_9be80b04:155|129,0,0.10244832471737421
logistic_rich_mask_permuted,44b6_9be80b04,44b6_9be80b04:155,union|44b6_9be80b04:155|130,0,0.21079699330591956
logistic_rich_mask_permuted,44b6_9be80b04,44b6_9be80b04:155,union|44b6_9be80b04:155|131,0,0.001050616498289505
logistic_rich_mask_permuted,44b6_9be80b04,44b6_9be80b04:155,union|44b6_9be80b04:155|132,0,0.0030487157090499243
logistic_rich_mask_permuted,44b6_9be80b04,44b6_9be80b04:155,union|44b6_9be80b04:155|133,0,0.00360679609538969
logistic_rich_mask_permuted,44b6_9be80b04,44b6_9be80b04:155,union|44b6_9be80b04:155|134,0,0.009078654161501838
logistic_rich_mask_permuted,44b6_9be80b04,44b6_9be80b04:155,union|44b6_9be80b04:155|135,0,0.013622371790213653
logistic_rich_mask_permuted,44b6_9be80b04,44b6_9be80b04:155,union|44b6_9be80b04:155|136,0,0.05898896630313883
logistic_rich_mask_permuted,44b6_9be80b04,44b6_9be80b04:155,union|44b6_9be80b04:155|137,0,0.08886665454437316
logistic_rich_mask_permuted,44b6_9be80b04,44b6_9be80b04:155,union|44b6_9be80b04:155|138,0,0.02699341459285206
logistic_rich_mask_permuted,44b6_9be80b04,44b6_9be80b04:155,union|44b6_9be80b04:155|139,0,0.00015049863678133312
logistic_rich_mask_permuted,44b6_9be80b04,44b6_9be80b04:155,union|44b6_9be80b04:155|140,0,0.0021454783974318038
logistic_rich_mask_permuted,44b6_9be80b04,44b6_9be80b04:155,union|44b6_9be80b04:155|141,0,0.0016293725269643546
logistic_rich_mask_permuted,44b6_9be80b04,44b6_9be80b04:155,union|44b6_9be80b04:155|142,0,0.00662869647073491
logistic_rich_mask_permuted,44b6_9be80b04,44b6_9be80b04:155,union|44b6_9be80b04:155|143,0,0.0038373507722275755
logistic_rich_mask_permuted,44b6_9be80b04,44b6_9be80b04:155,union|44b6_9be80b04:155|144,0,0.0011580210506527498
logistic_rich_mask_permuted,44b6_9be80b04,44b6_9be80b04:155,union|44b6_9be80b04:155|145,0,0.00048166951510405153
logistic_rich_mask_permuted,44b6_9be80b04,44b6_9be80b04:155,union|44b6_9be80b04:155|146,0,0.0016774034303811453
logistic_rich_mask_permuted,44b6_9be80b04,44b6_9be80b04:155,union|44b6_9be80b04:155|147,0,0.010031042574593686
logistic_rich_mask_permuted,44b6_9be80b04,44b6_9be80b04:155,union|44b6_9be80b04:155|148,0,0.0010768211695649716
logistic_rich_mask_permuted,44b6_9be80b04,44b6_9be80b04:155,union|44b6_9be80b04:155|149,0,0.006361446229038022
logistic_rich_mask_permuted,44b6_9be80b04,44b6_9be80b04:155,union|44b6_9be80b04:155|150,0,0.030542648348250958
logistic_rich_mask_permuted,44b6_9be80b04,44b6_9be80b04:155,union|44b6_9be80b04:155|151,0,0.0022748027410948125
logistic_rich_mask_permuted,44b6_9be80b04,44b6_9be80b04:155,union|44b6_9be80b04:155|152,0,9.978703901507448e-05
logistic_rich_mask_permuted,44b6_9be80b04,44b6_9be80b04:155,union|44b6_9be80b04:155|153,0,7.537908009921582e-05
logistic_rich_mask_permuted,44b6_9be80b04,44b6_9be80b04:155,union|44b6_9be80b04:155|154,0,8.535671536717419e-05
logistic_rich_mask_permuted,44b6_9be80b04,44b6_9be80b04:155,union|44b6_9be80b04:155|155,0,0.0004693034956955094
logistic_rich_mask_permuted,44b6_9be80b04,44b6_9be80b04:155,union|44b6_9be80b04:155|156,0,0.009195231477640555
logistic_rich_mask_permuted,44b6_9be80b04,44b6_9be80b04:155,union|44b6_9be80b04:155|157,0,0.0007519205268394952
logistic_rich_mask_permuted,44b6_9be80b04,44b6_9be80b04:155,union|44b6_9be80b04:155|158,0,0.00013456764952474615
logistic_rich_mask_permuted,44b6_9be80b04,44b6_9be80b04:155,union|44b6_9be80b04:155|159,0,0.000260190589041696
logistic_rich_mask_permuted,44b6_9be80b04,44b6_9be80b04:155,union|44b6_9be80b04:155|160,0,0.0001308619308681666
logistic_rich_mask_permuted,44b6_9be80b04,44b6_9be80b04:155,union|44b6_9be80b04:155|161,0,7.195999805148314e-05
logistic_rich_mask_permuted,44b6_9be80b04,44b6_9be80b04:155,union|44b6_9be80b04:155|162,0,0.00013638110047566057
logistic_rich_mask_permuted,44b6_9be80b04,44b6_9be80b04:155,union|44b6_9be80b04:155|163,0,4.9896637685960546e-05
logistic_rich_mask_permuted,44b6_9be80b04,44b6_9be80b04:155,union|44b6_9be80b04:155|164,0,0.0007286822528492114
logistic_rich_mask_permuted,44b6_9be80b04,44b6_9be80b04:155,union|44b6_9be80b04:155|165,0,0.00032745873494727164
logistic_rich_mask_permuted,44b6_9be80b04,44b6_9be80b04:155,union|44b6_9be80b04:155|166,0,8.300273065819278e-05
logistic_rich_mask_permuted,44b6_9be80b04,44b6_9be80b04:155,union|44b6_9be80b04:155|167,0,0.0003745181809359765
logistic_rich_mask_permuted,44b6_9be80b04,44b6_9be80b04:155,union|44b6_9be80b04:155|168,0,0.00015238086884600822
logistic_rich_mask_permuted,44b6_aaf8b0ea,44b6_aaf8b0ea:93,union|44b6_aaf8b0ea:93|0,1,0.5994941930945646
logistic_rich_mask_permuted,44b6_aaf8b0ea,44b6_aaf8b0ea:93,union|44b6_aaf8b0ea:93|1,0,0.03683883484405222
logistic_rich_mask_permuted,44b6_aaf8b0ea,44b6_aaf8b0ea:93,union|44b6_aaf8b0ea:93|2,0,0.8526657391597231
logistic_rich_mask_permuted,44b6_aaf8b0ea,44b6_aaf8b0ea:93,union|44b6_aaf8b0ea:93|3,0,0.41966157325556336
logistic_rich_mask_permuted,44b6_aaf8b0ea,44b6_aaf8b0ea:93,union|44b6_aaf8b0ea:93|4,0,0.2999651125862436
logistic_rich_mask_permuted,44b6_c50204e0,44b6_c50204e0:43,union|44b6_c50204e0:43|0,0,0.25915838774107014
logistic_rich_mask_permuted,44b6_c50204e0,44b6_c50204e0:43,union|44b6_c50204e0:43|1,0,0.21520194979592633
logistic_rich_mask_permuted,44b6_c50204e0,44b6_c50204e0:43,union|44b6_c50204e0:43|2,0,0.03215903067742483
logistic_rich_mask_permuted,44b6_c50204e0,44b6_c50204e0:43,union|44b6_c50204e0:43|3,0,0.13703434786053736
logistic_rich_mask_permuted,44b6_c50204e0,44b6_c50204e0:43,union|44b6_c50204e0:43|4,0,0.005112901194280145
logistic_rich_mask_permuted,44b6_c50204e0,44b6_c50204e0:43,union|44b6_c50204e0:43|5,0,0.05234439132741776
logistic_rich_mask_permuted,44b6_c50204e0,44b6_c50204e0:43,union|44b6_c50204e0:43|6,0,0.13326856378230845
logistic_rich_mask_permuted,44b6_c50204e0,44b6_c50204e0:43,union|44b6_c50204e0:43|7,0,0.2092515943725421
logistic_rich_mask_permuted,44b6_c50204e0,44b6_c50204e0:43,union|44b6_c50204e0:43|8,0,0.16329789434347106
logistic_rich_mask_permuted,44b6_c50204e0,44b6_c50204e0:43,union|44b6_c50204e0:43|9,0,0.005879320234493924
logistic_rich_mask_permuted,44b6_c50204e0,44b6_c50204e0:43,union|44b6_c50204e0:43|10,0,0.0047452716883907425
logistic_rich_mask_permuted,44b6_c50204e0,44b6_c50204e0:43,union|44b6_c50204e0:43|11,0,0.00922034688566776
logistic_rich_mask_permuted,44b6_c50204e0,44b6_c50204e0:43,union|44b6_c50204e0:43|12,0,0.09995347688664513
logistic_rich_mask_permuted,44b6_c50204e0,44b6_c50204e0:43,union|44b6_c50204e0:43|13,0,0.04049319780998334
logistic_rich_mask_permuted,44b6_c50204e0,44b6_c50204e0:43,union|44b6_c50204e0:43|14,0,0.02939765300587856
logistic_rich_mask_permuted,44b6_c50204e0,44b6_c50204e0:43,union|44b6_c50204e0:43|15,0,0.05869229857810728
logistic_rich_mask_permuted,44b6_c50204e0,44b6_c50204e0:43,union|44b6_c50204e0:43|16,0,0.002211677713452796
logistic_rich_mask_permuted,44b6_c50204e0,44b6_c50204e0:43,union|44b6_c50204e0:43|17,0,0.8206193606931712
logistic_rich_mask_permuted,44b6_c50204e0,44b6_c50204e0:43,union|44b6_c50204e0:43|18,0,0.11101470923086174
logistic_rich_mask_permuted,44b6_c50204e0,44b6_c50204e0:43,union|44b6_c50204e0:43|19,0,0.05792936757935758
logistic_rich_mask_permuted,44b6_c50204e0,44b6_c50204e0:43,union|44b6_c50204e0:43|20,0,0.032896520619338405
logistic_rich_mask_permuted,44b6_c50204e0,44b6_c50204e0:43,union|44b6_c50204e0:43|21,0,0.01710142443686381
logistic_rich_mask_permuted,44b6_c50204e0,44b6_c50204e0:43,union|44b6_c50204e0:43|22,0,0.002323660306765153
logistic_rich_mask_permuted,44b6_c50204e0,44b6_c50204e0:43,union|44b6_c50204e0:43|23,0,0.032524258441035896
logistic_rich_mask_permuted,44b6_c50204e0,44b6_c50204e0:43,union|44b6_c50204e0:43|24,0,0.03070409542268278
logistic_rich_mask_permuted,44b6_c50204e0,44b6_c50204e0:43,union|44b6_c50204e0:43|25,0,0.0584879465529701
logistic_rich_mask_permuted,44b6_c50204e0,44b6_c50204e0:43,union|44b6_c50204e0:43|26,0,0.053466513895138235
logistic_rich_mask_permuted,44b6_c50204e0,44b6_c50204e0:43,union|44b6_c50204e0:43|27,0,0.6579361451030493
logistic_rich_mask_permuted,44b6_c50204e0,44b6_c50204e0:43,union|44b6_c50204e0:43|28,0,0.01058047027841122
logistic_rich_mask_permuted,44b6_c50204e0,44b6_c50204e0:43,union|44b6_c50204e0:43|29,0,0.11530701238384355
logistic_rich_mask_permuted,44b6_c50204e0,44b6_c50204e0:43,union|44b6_c50204e0:43|30,0,0.02441686402107293
logistic_rich_mask_permuted,44b6_c50204e0,44b6_c50204e0:43,union|44b6_c50204e0:43|31,0,0.19766719709084016
logistic_rich_mask_permuted,44b6_c50204e0,44b6_c50204e0:43,union|44b6_c50204e0:43|32,0,0.0186112035314555
logistic_rich_mask_permuted,44b6_c50204e0,44b6_c50204e0:43,union|44b6_c50204e0:43|33,0,0.03819573279378556
logistic_rich_mask_permuted,44b6_c50204e0,44b6_c50204e0:43,union|44b6_c50204e0:43|34,0,0.06374163330513606
logistic_rich_mask_permuted,44b6_c50204e0,44b6_c50204e0:43,union|44b6_c50204e0:43|35,0,0.022782779285914885
logistic_rich_mask_permuted,44b6_c50204e0,44b6_c50204e0:43,union|44b6_c50204e0:43|36,0,0.031851728980459036
logistic_rich_mask_permuted,44b6_c50204e0,44b6_c50204e0:43,union|44b6_c50204e0:43|37,0,0.007338465283038915
logistic_rich_mask_permuted,44b6_c50204e0,44b6_c50204e0:43,union|44b6_c50204e0:43|38,0,0.004234331797404599
logistic_rich_mask_permuted,44b6_c50204e0,44b6_c50204e0:43,union|44b6_c50204e0:43|39,0,0.03874769382761843
logistic_rich_mask_permuted,44b6_c50204e0,44b6_c50204e0:43,union|44b6_c50204e0:43|40,0,0.0021039655796317217
logistic_rich_mask_permuted,44b6_c50204e0,44b6_c50204e0:43,union|44b6_c50204e0:43|41,0,0.2299210887753199
logistic_rich_mask_permuted,44b6_c50204e0,44b6_c50204e0:43,union|44b6_c50204e0:43|42,0,0.0832405141473537
logistic_rich_mask_permuted,44b6_c50204e0,44b6_c50204e0:43,union|44b6_c50204e0:43|43,0,0.029686806335489948
logistic_rich_mask_permuted,44b6_c50204e0,44b6_c50204e0:43,union|44b6_c50204e0:43|44,0,0.23712595147725246
logistic_rich_mask_permuted,44b6_c50204e0,44b6_c50204e0:43,union|44b6_c50204e0:43|45,0,0.12812896676731475
logistic_rich_mask_permuted,44b6_c50204e0,44b6_c50204e0:43,union|44b6_c50204e0:43|46,0,0.061453881859805305
logistic_rich_mask_permuted,44b6_c50204e0,44b6_c50204e0:43,union|44b6_c50204e0:43|47,0,0.002029313941280491
logistic_rich_mask_permuted,44b6_c50204e0,44b6_c50204e0:43,union|44b6_c50204e0:43|48,0,0.04258597526761998
logistic_rich_mask_permuted,44b6_c50204e0,44b6_c50204e0:43,union|44b6_c50204e0:43|49,0,0.0024238931338212443
logistic_rich_mask_permuted,44b6_c50204e0,44b6_c50204e0:43,union|44b6_c50204e0:43|50,0,0.19474030125396205
logistic_rich_mask_permuted,44b6_c50204e0,44b6_c50204e0:43,union|44b6_c50204e0:43|51,0,0.6729313195482056
logistic_rich_mask_permuted,44b6_c50204e0,44b6_c50204e0:43,union|44b6_c50204e0:43|52,0,0.03219658589879319
logistic_rich_mask_permuted,44b6_c50204e0,44b6_c50204e0:43,union|44b6_c50204e0:43|53,0,0.6316228496385216
logistic_rich_mask_permuted,44b6_c50204e0,44b6_c50204e0:43,union|44b6_c50204e0:43|54,0,0.3306580275350989
logistic_rich_mask_permuted,44b6_c50204e0,44b6_c50204e0:43,union|44b6_c50204e0:43|55,0,0.3096409997145444
logistic_rich_mask_permuted,44b6_c50204e0,44b6_c50204e0:43,union|44b6_c50204e0:43|56,0,0.006605181974618727
logistic_rich_mask_permuted,44b6_c50204e0,44b6_c50204e0:43,union|44b6_c50204e0:43|57,0,0.008444344143787572
logistic_rich_mask_permuted,44b6_c50204e0,44b6_c50204e0:43,union|44b6_c50204e0:43|58,0,0.007773868413464821
logistic_rich_mask_permuted,44b6_c50204e0,44b6_c50204e0:43,union|44b6_c50204e0:43|59,0,0.0013482983345054305
logistic_rich_mask_permuted,44b6_c50204e0,44b6_c50204e0:43,union|44b6_c50204e0:43|60,0,0.004190473138665688
logistic_rich_mask_permuted,44b6_c50204e0,44b6_c50204e0:43,union|44b6_c50204e0:43|61,0,0.0018520931833413176
logistic_rich_mask_permuted,44b6_c50204e0,44b6_c50204e0:43,union|44b6_c50204e0:43|62,0,0.02237775392197301
logistic_rich_mask_permuted,44b6_c50204e0,44b6_c50204e0:43,union|44b6_c50204e0:43|63,0,0.05945481237488418
logistic_rich_mask_permuted,44b6_c50204e0,44b6_c50204e0:43,union|44b6_c50204e0:43|64,0,0.1829063349462515
logistic_rich_mask_permuted,44b6_c50204e0,44b6_c50204e0:43,union|44b6_c50204e0:43|65,0,0.0012420360329595114
logistic_rich_mask_permuted,44b6_c50204e0,44b6_c50204e0:43,union|44b6_c50204e0:43|66,0,0.057795521853910424
logistic_rich_mask_permuted,44b6_c50204e0,44b6_c50204e0:43,union|44b6_c50204e0:43|67,0,0.015788762594103365
logistic_rich_mask_permuted,44b6_c50204e0,44b6_c50204e0:43,union|44b6_c50204e0:43|68,0,0.20319995642776756
logistic_rich_mask_permuted,44b6_c50204e0,44b6_c50204e0:43,union|44b6_c50204e0:43|69,0,0.006380426050727739
logistic_rich_mask_permuted,44b6_c50204e0,44b6_c50204e0:43,union|44b6_c50204e0:43|70,0,0.02320457843092536
logistic_rich_mask_permuted,44b6_c50204e0,44b6_c50204e0:43,union|44b6_c50204e0:43|71,0,0.02438296092018964
logistic_rich_mask_permuted,44b6_c50204e0,44b6_c50204e0:43,union|44b6_c50204e0:43|72,0,0.006880278787902346
logistic_rich_mask_permuted,44b6_c50204e0,44b6_c50204e0:43,union|44b6_c50204e0:43|73,0,0.009986291766944861
logistic_rich_mask_permuted,44b6_c50204e0,44b6_c50204e0:43,union|44b6_c50204e0:43|74,0,0.0479904877262804
logistic_rich_mask_permuted,44b6_c50204e0,44b6_c50204e0:43,union|44b6_c50204e0:43|75,0,0.06732570591072717
logistic_rich_mask_permuted,44b6_c50204e0,44b6_c50204e0:43,union|44b6_c50204e0:43|76,0,0.011030330389734028
logistic_rich_mask_permuted,44b6_c50204e0,44b6_c50204e0:43,union|44b6_c50204e0:43|77,0,0.0006466924055395998
logistic_rich_mask_permuted,44b6_c50204e0,44b6_c50204e0:43,union|44b6_c50204e0:43|78,0,0.0009533479964188967
logistic_rich_mask_permuted,44b6_c50204e0,44b6_c50204e0:43,union|44b6_c50204e0:43|79,0,0.0040683862692944975
logistic_rich_mask_permuted,44b6_c50204e0,44b6_c50204e0:43,union|44b6_c50204e0:43|80,0,0.024130314660059708
logistic_rich_mask_permuted,44b6_c50204e0,44b6_c50204e0:43,union|44b6_c50204e0:43|81,0,0.05000860127351022
logistic_rich_mask_permuted,44b6_c50204e0,44b6_c50204e0:43,union|44b6_c50204e0:43|82,0,0.000272642849937791
logistic_rich_mask_permuted,44b6_c50204e0,44b6_c50204e0:43,union|44b6_c50204e0:43|83,0,0.013676938560386556
logistic_rich_mask_permuted,44b6_c50204e0,44b6_c50204e0:43,union|44b6_c50204e0:43|84,0,0.037940833924696236
logistic_rich_mask_permuted,44b6_c50204e0,44b6_c50204e0:43,union|44b6_c50204e0:43|85,0,0.9902082442423539
logistic_rich_mask_permuted,44b6_c50204e0,44b6_c50204e0:43,union|44b6_c50204e0:43|86,1,0.9690244249796243
logistic_rich_mask_permuted,44b6_c50204e0,44b6_c50204e0:43,union|44b6_c50204e0:43|87,0,0.015321981360206762
logistic_rich_mask_permuted,44b6_c50204e0,44b6_c50204e0:43,union|44b6_c50204e0:43|88,0,0.40331809048525596
logistic_rich_mask_permuted,44b6_c50204e0,44b6_c50204e0:43,union|44b6_c50204e0:43|89,0,0.012524181059758692
logistic_rich_mask_permuted,44b6_c50204e0,44b6_c50204e0:43,union|44b6_c50204e0:43|90,0,0.013211720836870751
logistic_rich_mask_permuted,44b6_c50204e0,44b6_c50204e0:43,union|44b6_c50204e0:43|91,0,0.00015622937929506215
logistic_rich_mask_permuted,44b6_c50204e0,44b6_c50204e0:43,union|44b6_c50204e0:43|92,0,0.04423644919423971
logistic_rich_mask_permuted,44b6_c50204e0,44b6_c50204e0:43,union|44b6_c50204e0:43|93,0,0.08162555619053014
logistic_rich_mask_permuted,44b6_c50204e0,44b6_c50204e0:43,union|44b6_c50204e0:43|94,0,0.010402070233730491
logistic_rich_mask_permuted,44b6_c50204e0,44b6_c50204e0:43,union|44b6_c50204e0:43|95,0,0.05202354227525988
logistic_rich_mask_permuted,44b6_c50204e0,44b6_c50204e0:43,union|44b6_c50204e0:43|96,0,0.022154351896824222
logistic_rich_mask_permuted,44b6_c50204e0,44b6_c50204e0:43,union|44b6_c50204e0:43|97,0,0.0011855570120586421
logistic_rich_mask_permuted,44b6_c50204e0,44b6_c50204e0:43,union|44b6_c50204e0:43|98,0,0.010935985116573472
logistic_rich_mask_permuted,44b6_c50204e0,44b6_c50204e0:43,union|44b6_c50204e0:43|99,0,0.10673206027671475
logistic_rich_mask_permuted,44b6_c50204e0,44b6_c50204e0:43,union|44b6_c50204e0:43|100,0,0.033352103206633
logistic_rich_mask_permuted,44b6_c50204e0,44b6_c50204e0:43,union|44b6_c50204e0:43|101,0,0.11692999989408537
logistic_rich_mask_permuted,44b6_c50204e0,44b6_c50204e0:43,union|44b6_c50204e0:43|102,0,0.04291133742852055
logistic_rich_mask_permuted,44b6_c50204e0,44b6_c50204e0:43,union|44b6_c50204e0:43|103,0,0.281816835330178
logistic_rich_mask_permuted,44b6_c50204e0,44b6_c50204e0:43,union|44b6_c50204e0:43|104,0,0.015860888508252173
logistic_rich_mask_permuted,44b6_c50204e0,44b6_c50204e0:43,union|44b6_c50204e0:43|105,0,0.0021861759973269097
logistic_rich_mask_permuted,44b6_c50204e0,44b6_c50204e0:43,union|44b6_c50204e0:43|106,0,0.9985964753434428
logistic_rich_mask_permuted,44b6_c50204e0,44b6_c50204e0:43,union|44b6_c50204e0:43|107,0,0.04739363289992488
logistic_rich_mask_permuted,44b6_c50204e0,44b6_c50204e0:43,union|44b6_c50204e0:43|108,0,0.9166867561495211
logistic_rich_mask_permuted,44b6_c50204e0,44b6_c50204e0:43,union|44b6_c50204e0:43|109,0,0.03157667975823261
logistic_rich_mask_permuted,44b6_c50204e0,44b6_c50204e0:43,union|44b6_c50204e0:43|110,0,0.27589323733567694
logistic_rich_mask_permuted,44b6_c50204e0,44b6_c50204e0:43,union|44b6_c50204e0:43|111,0,0.07403697743213838
logistic_rich_mask_permuted,44b6_c50204e0,44b6_c50204e0:43,union|44b6_c50204e0:43|112,0,0.08822050156108462
logistic_rich_mask_permuted,44b6_c50204e0,44b6_c50204e0:43,union|44b6_c50204e0:43|113,0,0.008006040499861033
logistic_rich_mask_permuted,44b6_c50204e0,44b6_c50204e0:43,union|44b6_c50204e0:43|114,0,0.02927777364998451
logistic_rich_mask_permuted,44b6_c50204e0,44b6_c50204e0:43,union|44b6_c50204e0:43|115,0,0.007649746619123
logistic_rich_mask_permuted,44b6_c50204e0,44b6_c50204e0:43,union|44b6_c50204e0:43|116,0,0.9706084345622898
logistic_rich_mask_permuted,44b6_c50204e0,44b6_c50204e0:43,union|44b6_c50204e0:43|117,0,0.2085637534792491
logistic_rich_mask_permuted,44b6_c50204e0,44b6_c50204e0:43,union|44b6_c50204e0:43|118,0,0.015168119847652565
logistic_rich_mask_permuted,44b6_c50204e0,44b6_c50204e0:43,union|44b6_c50204e0:43|119,0,0.007687643877883708
logistic_rich_mask_permuted,44b6_c50204e0,44b6_c50204e0:43,union|44b6_c50204e0:43|120,0,0.004605827732879033
logistic_rich_mask_permuted,44b6_c50204e0,44b6_c50204e0:43,union|44b6_c50204e0:43|121,0,0.04559726048451088
logistic_rich_mask_permuted,44b6_c50204e0,44b6_c50204e0:43,union|44b6_c50204e0:43|122,0,0.08684975081935696
logistic_rich_mask_permuted,44b6_c50204e0,44b6_c50204e0:43,union|44b6_c50204e0:43|123,0,0.14619173756354584
logistic_rich_mask_permuted,44b6_c50204e0,44b6_c50204e0:43,union|44b6_c50204e0:43|124,0,0.0008938838355570082
logistic_rich_mask_permuted,44b6_c50204e0,44b6_c50204e0:43,union|44b6_c50204e0:43|125,0,0.02751729057180437
logistic_rich_mask_permuted,44b6_c50204e0,44b6_c50204e0:43,union|44b6_c50204e0:43|126,0,0.1802067820874606
logistic_rich_mask_permuted,44b6_c50204e0,44b6_c50204e0:43,union|44b6_c50204e0:43|127,0,0.06194205591156142
logistic_rich_mask_permuted,44b6_c50204e0,44b6_c50204e0:43,union|44b6_c50204e0:43|128,0,0.02657735371617914
logistic_rich_mask_permuted,44b6_c50204e0,44b6_c50204e0:43,union|44b6_c50204e0:43|129,0,0.4226618833900942
logistic_rich_mask_permuted,44b6_c50204e0,44b6_c50204e0:43,union|44b6_c50204e0:43|130,0,0.0015973595188484653
logistic_rich_mask_permuted,44b6_c50204e0,44b6_c50204e0:43,union|44b6_c50204e0:43|131,0,0.007780691911967796
logistic_rich_mask_permuted,44b6_c50204e0,44b6_c50204e0:43,union|44b6_c50204e0:43|132,0,0.001989844703663185
logistic_rich_mask_permuted,44b6_c50204e0,44b6_c50204e0:43,union|44b6_c50204e0:43|133,0,0.031738687172291
logistic_rich_mask_permuted,44b6_c50204e0,44b6_c50204e0:43,union|44b6_c50204e0:43|134,0,0.006383214153567025
logistic_rich_mask_permuted,44b6_c50204e0,44b6_c50204e0:43,union|44b6_c50204e0:43|135,0,0.03446313729889471
logistic_rich_mask_permuted,44b6_c50204e0,44b6_c50204e0:43,union|44b6_c50204e0:43|136,0,0.006516004076079121
logistic_rich_mask_permuted,44b6_c50204e0,44b6_c50204e0:184,union|44b6_c50204e0:184|0,0,0.18948222106111154
logistic_rich_mask_permuted,44b6_c50204e0,44b6_c50204e0:184,union|44b6_c50204e0:184|1,0,0.5722979796238945
logistic_rich_mask_permuted,44b6_c50204e0,44b6_c50204e0:184,union|44b6_c50204e0:184|2,0,0.04456302579568864
logistic_rich_mask_permuted,44b6_c50204e0,44b6_c50204e0:184,union|44b6_c50204e0:184|3,0,0.0019754651905572393
logistic_rich_mask_permuted,44b6_c50204e0,44b6_c50204e0:184,union|44b6_c50204e0:184|4,0,0.02044534937282518
logistic_rich_mask_permuted,44b6_c50204e0,44b6_c50204e0:184,union|44b6_c50204e0:184|5,0,0.001665304414487626
logistic_rich_mask_permuted,44b6_c50204e0,44b6_c50204e0:184,union|44b6_c50204e0:184|6,0,0.07446004531888528
logistic_rich_mask_permuted,44b6_c50204e0,44b6_c50204e0:184,union|44b6_c50204e0:184|7,0,0.0014844272969114858
logistic_rich_mask_permuted,44b6_c50204e0,44b6_c50204e0:184,union|44b6_c50204e0:184|8,0,0.005161004158992231
logistic_rich_mask_permuted,44b6_c50204e0,44b6_c50204e0:184,union|44b6_c50204e0:184|9,0,0.027816522673697164
logistic_rich_mask_permuted,44b6_c50204e0,44b6_c50204e0:184,union|44b6_c50204e0:184|10,0,0.0007106895466896617
logistic_rich_mask_permuted,44b6_c50204e0,44b6_c50204e0:184,union|44b6_c50204e0:184|11,0,0.025475409397769117
logistic_rich_mask_permuted,44b6_c50204e0,44b6_c50204e0:184,union|44b6_c50204e0:184|12,0,0.0344694136144615
logistic_rich_mask_permuted,44b6_c50204e0,44b6_c50204e0:184,union|44b6_c50204e0:184|13,0,0.00509186768469843
logistic_rich_mask_permuted,44b6_c50204e0,44b6_c50204e0:184,union|44b6_c50204e0:184|14,0,0.2933496655308391
logistic_rich_mask_permuted,44b6_c50204e0,44b6_c50204e0:184,union|44b6_c50204e0:184|15,0,0.007867438906570608
logistic_rich_mask_permuted,44b6_c50204e0,44b6_c50204e0:184,union|44b6_c50204e0:184|16,0,0.0018502522117178728
logistic_rich_mask_permuted,44b6_c50204e0,44b6_c50204e0:184,union|44b6_c50204e0:184|17,0,0.11316780390911212
logistic_rich_mask_permuted,44b6_c50204e0,44b6_c50204e0:184,union|44b6_c50204e0:184|18,0,0.5774271582246743
logistic_rich_mask_permuted,44b6_c50204e0,44b6_c50204e0:184,union|44b6_c50204e0:184|19,0,0.01858725300262529
logistic_rich_mask_permuted,44b6_c50204e0,44b6_c50204e0:184,union|44b6_c50204e0:184|20,0,0.02747135813275015
logistic_rich_mask_permuted,44b6_c50204e0,44b6_c50204e0:184,union|44b6_c50204e0:184|21,0,0.1221586482457032
logistic_rich_mask_permuted,44b6_c50204e0,44b6_c50204e0:184,union|44b6_c50204e0:184|22,0,0.04329314799692262
logistic_rich_mask_permuted,44b6_c50204e0,44b6_c50204e0:184,union|44b6_c50204e0:184|23,0,0.018554270289640986
logistic_rich_mask_permuted,44b6_c50204e0,44b6_c50204e0:184,union|44b6_c50204e0:184|24,0,0.038911642032019786
logistic_rich_mask_permuted,44b6_c50204e0,44b6_c50204e0:184,union|44b6_c50204e0:184|25,0,0.005523692552454628
logistic_rich_mask_permuted,44b6_c50204e0,44b6_c50204e0:184,union|44b6_c50204e0:184|26,0,0.008226271973231131
logistic_rich_mask_permuted,44b6_c50204e0,44b6_c50204e0:184,union|44b6_c50204e0:184|27,0,0.07129339867580733
logistic_rich_mask_permuted,44b6_c50204e0,44b6_c50204e0:184,union|44b6_c50204e0:184|28,0,0.10357625166547836
logistic_rich_mask_permuted,44b6_c50204e0,44b6_c50204e0:184,union|44b6_c50204e0:184|29,0,0.468709329290004
logistic_rich_mask_permuted,44b6_c50204e0,44b6_c50204e0:184,union|44b6_c50204e0:184|30,0,0.07107938702726575
logistic_rich_mask_permuted,44b6_c50204e0,44b6_c50204e0:184,union|44b6_c50204e0:184|31,0,0.013583770331159064
logistic_rich_mask_permuted,44b6_c50204e0,44b6_c50204e0:184,union|44b6_c50204e0:184|32,0,0.0019600945026622455
logistic_rich_mask_permuted,44b6_c50204e0,44b6_c50204e0:184,union|44b6_c50204e0:184|33,0,0.17573094513926643
logistic_rich_mask_permuted,44b6_c50204e0,44b6_c50204e0:184,union|44b6_c50204e0:184|34,0,0.2084157350041754
logistic_rich_mask_permuted,44b6_c50204e0,44b6_c50204e0:184,union|44b6_c50204e0:184|35,0,0.06746999902454494
logistic_rich_mask_permuted,44b6_c50204e0,44b6_c50204e0:184,union|44b6_c50204e0:184|36,0,0.037733723127675166
logistic_rich_mask_permuted,44b6_c50204e0,44b6_c50204e0:184,union|44b6_c50204e0:184|37,0,0.378578850814269
logistic_rich_mask_permuted,44b6_c50204e0,44b6_c50204e0:184,union|44b6_c50204e0:184|38,0,0.5266797600581253
logistic_rich_mask_permuted,44b6_c50204e0,44b6_c50204e0:184,union|44b6_c50204e0:184|39,0,0.3437161150963429
logistic_rich_mask_permuted,44b6_c50204e0,44b6_c50204e0:184,union|44b6_c50204e0:184|40,0,0.0036439620469142834
logistic_rich_mask_permuted,44b6_c50204e0,44b6_c50204e0:184,union|44b6_c50204e0:184|41,0,0.3342518736323547
logistic_rich_mask_permuted,44b6_c50204e0,44b6_c50204e0:184,union|44b6_c50204e0:184|42,0,0.2662418379112931
logistic_rich_mask_permuted,44b6_c50204e0,44b6_c50204e0:184,union|44b6_c50204e0:184|43,0,0.4475885719995221
logistic_rich_mask_permuted,44b6_c50204e0,44b6_c50204e0:184,union|44b6_c50204e0:184|44,0,0.06818328658224705
logistic_rich_mask_permuted,44b6_c50204e0,44b6_c50204e0:184,union|44b6_c50204e0:184|45,0,0.23447461791505272
logistic_rich_mask_permuted,44b6_c50204e0,44b6_c50204e0:184,union|44b6_c50204e0:184|46,0,0.041347160683200594
logistic_rich_mask_permuted,44b6_c50204e0,44b6_c50204e0:184,union|44b6_c50204e0:184|47,0,0.16372543709848042
logistic_rich_mask_permuted,44b6_c50204e0,44b6_c50204e0:184,union|44b6_c50204e0:184|48,0,0.03246095336503976
logistic_rich_mask_permuted,44b6_c50204e0,44b6_c50204e0:184,union|44b6_c50204e0:184|49,0,0.07988077834789949
logistic_rich_mask_permuted,44b6_c50204e0,44b6_c50204e0:184,union|44b6_c50204e0:184|50,0,0.20990222925523722
logistic_rich_mask_permuted,44b6_c50204e0,44b6_c50204e0:184,union|44b6_c50204e0:184|51,0,0.5160185043985019
logistic_rich_mask_permuted,44b6_c50204e0,44b6_c50204e0:184,union|44b6_c50204e0:184|52,0,0.031167198731649717
logistic_rich_mask_permuted,44b6_c50204e0,44b6_c50204e0:184,union|44b6_c50204e0:184|53,0,0.04912535347741224
logistic_rich_mask_permuted,44b6_c50204e0,44b6_c50204e0:184,union|44b6_c50204e0:184|54,0,0.0533869440456886
logistic_rich_mask_permuted,44b6_c50204e0,44b6_c50204e0:184,union|44b6_c50204e0:184|55,0,0.048217791935961554
logistic_rich_mask_permuted,44b6_c50204e0,44b6_c50204e0:184,union|44b6_c50204e0:184|56,0,0.0011212109674435425
logistic_rich_mask_permuted,44b6_c50204e0,44b6_c50204e0:184,union|44b6_c50204e0:184|57,0,0.15693319842689055
logistic_rich_mask_permuted,44b6_c50204e0,44b6_c50204e0:184,union|44b6_c50204e0:184|58,0,0.037024928180697955
logistic_rich_mask_permuted,44b6_c50204e0,44b6_c50204e0:184,union|44b6_c50204e0:184|59,0,0.019111287208064005
logistic_rich_mask_permuted,44b6_c50204e0,44b6_c50204e0:184,union|44b6_c50204e0:184|60,0,0.8877507658226981
logistic_rich_mask_permuted,44b6_c50204e0,44b6_c50204e0:184,union|44b6_c50204e0:184|61,0,0.05382107439943783
logistic_rich_mask_permuted,44b6_c50204e0,44b6_c50204e0:184,union|44b6_c50204e0:184|62,0,0.1820426227626305
logistic_rich_mask_permuted,44b6_c50204e0,44b6_c50204e0:184,union|44b6_c50204e0:184|63,0,0.4964929258403806
logistic_rich_mask_permuted,44b6_c50204e0,44b6_c50204e0:184,union|44b6_c50204e0:184|64,0,0.6552823092127923
logistic_rich_mask_permuted,44b6_c50204e0,44b6_c50204e0:184,union|44b6_c50204e0:184|65,0,0.7783332165264873
logistic_rich_mask_permuted,44b6_c50204e0,44b6_c50204e0:184,union|44b6_c50204e0:184|66,0,0.3102752934758621
logistic_rich_mask_permuted,44b6_c50204e0,44b6_c50204e0:184,union|44b6_c50204e0:184|67,0,0.1862707648432193
logistic_rich_mask_permuted,44b6_c50204e0,44b6_c50204e0:184,union|44b6_c50204e0:184|68,0,0.12840206886269073
logistic_rich_mask_permuted,44b6_c50204e0,44b6_c50204e0:184,union|44b6_c50204e0:184|69,0,0.28642116286924046
logistic_rich_mask_permuted,44b6_c50204e0,44b6_c50204e0:184,union|44b6_c50204e0:184|70,0,0.25535952719729027
logistic_rich_mask_permuted,44b6_c50204e0,44b6_c50204e0:184,union|44b6_c50204e0:184|71,0,0.5878508783599319
logistic_rich_mask_permuted,44b6_c50204e0,44b6_c50204e0:184,union|44b6_c50204e0:184|72,0,0.2458974453532281
logistic_rich_mask_permuted,44b6_c50204e0,44b6_c50204e0:184,union|44b6_c50204e0:184|73,0,0.2822744341621044
logistic_rich_mask_permuted,44b6_c50204e0,44b6_c50204e0:184,union|44b6_c50204e0:184|74,0,0.47874105680379747
logistic_rich_mask_permuted,44b6_c50204e0,44b6_c50204e0:184,union|44b6_c50204e0:184|75,0,0.006970669096790271
logistic_rich_mask_permuted,44b6_c50204e0,44b6_c50204e0:184,union|44b6_c50204e0:184|76,0,0.10798611947506892
logistic_rich_mask_permuted,44b6_c50204e0,44b6_c50204e0:184,union|44b6_c50204e0:184|77,0,0.18941630014132768
logistic_rich_mask_permuted,44b6_c50204e0,44b6_c50204e0:184,union|44b6_c50204e0:184|78,0,0.013408165461393848
logistic_rich_mask_permuted,44b6_c50204e0,44b6_c50204e0:184,union|44b6_c50204e0:184|79,0,0.00351149829329876
logistic_rich_mask_permuted,44b6_c50204e0,44b6_c50204e0:184,union|44b6_c50204e0:184|80,0,0.19525672674421238
logistic_rich_mask_permuted,44b6_c50204e0,44b6_c50204e0:184,union|44b6_c50204e0:184|81,0,0.0033777118051025474
logistic_rich_mask_permuted,44b6_c50204e0,44b6_c50204e0:184,union|44b6_c50204e0:184|82,0,0.021397072395534174
logistic_rich_mask_permuted,44b6_c50204e0,44b6_c50204e0:184,union|44b6_c50204e0:184|83,0,0.8486765534505877
logistic_rich_mask_permuted,44b6_c50204e0,44b6_c50204e0:184,union|44b6_c50204e0:184|84,0,0.9948359317033861
logistic_rich_mask_permuted,44b6_c50204e0,44b6_c50204e0:184,union|44b6_c50204e0:184|85,0,0.008693710960794713
logistic_rich_mask_permuted,44b6_c50204e0,44b6_c50204e0:184,union|44b6_c50204e0:184|86,0,0.15885681630807086
logistic_rich_mask_permuted,44b6_c50204e0,44b6_c50204e0:184,union|44b6_c50204e0:184|87,0,0.8201707197848283
logistic_rich_mask_permuted,44b6_c50204e0,44b6_c50204e0:184,union|44b6_c50204e0:184|88,0,0.645327057738636
logistic_rich_mask_permuted,44b6_c50204e0,44b6_c50204e0:184,union|44b6_c50204e0:184|89,0,0.6395940780948491
logistic_rich_mask_permuted,44b6_c50204e0,44b6_c50204e0:184,union|44b6_c50204e0:184|90,0,0.02001254273878311
logistic_rich_mask_permuted,44b6_c50204e0,44b6_c50204e0:184,union|44b6_c50204e0:184|91,0,0.05216861998724368
logistic_rich_mask_permuted,44b6_c50204e0,44b6_c50204e0:184,union|44b6_c50204e0:184|92,0,0.13437338500218313
logistic_rich_mask_permuted,44b6_c50204e0,44b6_c50204e0:184,union|44b6_c50204e0:184|93,0,0.09599048826170643
logistic_rich_mask_permuted,44b6_c50204e0,44b6_c50204e0:184,union|44b6_c50204e0:184|94,0,0.11146246931987294
logistic_rich_mask_permuted,44b6_c50204e0,44b6_c50204e0:184,union|44b6_c50204e0:184|95,0,0.5803270415631699
logistic_rich_mask_permuted,44b6_c50204e0,44b6_c50204e0:184,union|44b6_c50204e0:184|96,0,0.0011304417806685429
logistic_rich_mask_permuted,44b6_c50204e0,44b6_c50204e0:184,union|44b6_c50204e0:184|97,0,0.0009362932651088438
logistic_rich_mask_permuted,44b6_c50204e0,44b6_c50204e0:184,union|44b6_c50204e0:184|98,0,0.0008366152415775318
logistic_rich_mask_permuted,44b6_c50204e0,44b6_c50204e0:184,union|44b6_c50204e0:184|99,0,0.16195267715372594
logistic_rich_mask_permuted,44b6_c50204e0,44b6_c50204e0:184,union|44b6_c50204e0:184|100,0,0.14264867861327413
logistic_rich_mask_permuted,44b6_c50204e0,44b6_c50204e0:184,union|44b6_c50204e0:184|101,0,0.11360201743105655
logistic_rich_mask_permuted,44b6_c50204e0,44b6_c50204e0:184,union|44b6_c50204e0:184|102,0,0.003516494412217072
logistic_rich_mask_permuted,44b6_c50204e0,44b6_c50204e0:184,union|44b6_c50204e0:184|103,0,0.0036280796102855202
logistic_rich_mask_permuted,44b6_c50204e0,44b6_c50204e0:184,union|44b6_c50204e0:184|104,0,0.045840373827579294
logistic_rich_mask_permuted,44b6_c50204e0,44b6_c50204e0:184,union|44b6_c50204e0:184|105,0,0.02369443549993108
logistic_rich_mask_permuted,44b6_c50204e0,44b6_c50204e0:184,union|44b6_c50204e0:184|106,0,0.5487229345851169
logistic_rich_mask_permuted,44b6_c50204e0,44b6_c50204e0:184,union|44b6_c50204e0:184|107,0,0.2510178916505124
logistic_rich_mask_permuted,44b6_c50204e0,44b6_c50204e0:184,union|44b6_c50204e0:184|108,0,0.11214486572401196
logistic_rich_mask_permuted,44b6_c50204e0,44b6_c50204e0:184,union|44b6_c50204e0:184|109,0,0.016677471137967245
logistic_rich_mask_permuted,44b6_c50204e0,44b6_c50204e0:184,union|44b6_c50204e0:184|110,0,0.053747567850031576
logistic_rich_mask_permuted,44b6_c50204e0,44b6_c50204e0:184,union|44b6_c50204e0:184|111,0,0.008435625452919239
logistic_rich_mask_permuted,44b6_c50204e0,44b6_c50204e0:184,union|44b6_c50204e0:184|112,0,0.047613398388486085
logistic_rich_mask_permuted,44b6_c50204e0,44b6_c50204e0:184,union|44b6_c50204e0:184|113,0,0.1335027987324487
logistic_rich_mask_permuted,44b6_c50204e0,44b6_c50204e0:184,union|44b6_c50204e0:184|114,0,0.12516945014288494
logistic_rich_mask_permuted,44b6_c50204e0,44b6_c50204e0:184,union|44b6_c50204e0:184|115,0,0.08667470506677342
logistic_rich_mask_permuted,44b6_c50204e0,44b6_c50204e0:184,union|44b6_c50204e0:184|116,0,0.06437078487986408
logistic_rich_mask_permuted,44b6_c50204e0,44b6_c50204e0:184,union|44b6_c50204e0:184|117,0,0.006140328924135869
logistic_rich_mask_permuted,44b6_c50204e0,44b6_c50204e0:184,union|44b6_c50204e0:184|118,0,0.07725862202878386
logistic_rich_mask_permuted,44b6_c50204e0,44b6_c50204e0:184,union|44b6_c50204e0:184|119,0,0.03336642052511693
logistic_rich_mask_permuted,44b6_c50204e0,44b6_c50204e0:184,union|44b6_c50204e0:184|120,0,0.005165424958530236
logistic_rich_mask_permuted,44b6_c50204e0,44b6_c50204e0:184,union|44b6_c50204e0:184|121,0,0.8201431679935375
logistic_rich_mask_permuted,44b6_c50204e0,44b6_c50204e0:184,union|44b6_c50204e0:184|122,1,0.9677449195910331
logistic_rich_mask_permuted,44b6_c50204e0,44b6_c50204e0:184,union|44b6_c50204e0:184|123,0,0.1695744604308098
logistic_rich_mask_permuted,44b6_c50204e0,44b6_c50204e0:184,union|44b6_c50204e0:184|124,0,0.01882131840007541
logistic_rich_mask_permuted,44b6_c50204e0,44b6_c50204e0:184,union|44b6_c50204e0:184|125,0,0.01751298722737115
logistic_rich_mask_permuted,44b6_c50204e0,44b6_c50204e0:184,union|44b6_c50204e0:184|126,0,0.12678285555632682
logistic_rich_mask_permuted,44b6_c50204e0,44b6_c50204e0:184,union|44b6_c50204e0:184|127,0,0.33222666678206236
logistic_rich_mask_permuted,44b6_c50204e0,44b6_c50204e0:184,union|44b6_c50204e0:184|128,0,0.18056103433712978
logistic_rich_mask_permuted,44b6_c50204e0,44b6_c50204e0:184,union|44b6_c50204e0:184|129,0,0.004898595970671387
logistic_rich_mask_permuted,44b6_c50204e0,44b6_c50204e0:184,union|44b6_c50204e0:184|130,0,0.008541900824569222
logistic_rich_mask_permuted,44b6_c50204e0,44b6_c50204e0:184,union|44b6_c50204e0:184|131,0,0.20233446872279226
logistic_rich_mask_permuted,44b6_c50204e0,44b6_c50204e0:184,union|44b6_c50204e0:184|132,0,0.004183478481101838
logistic_rich_mask_permuted,44b6_c50204e0,44b6_c50204e0:184,union|44b6_c50204e0:184|133,0,0.1682374323902542
logistic_rich_mask_permuted,44b6_c50204e0,44b6_c50204e0:184,union|44b6_c50204e0:184|134,0,0.10471410283974508
logistic_rich_mask_permuted,44b6_c50204e0,44b6_c50204e0:184,union|44b6_c50204e0:184|135,0,0.09354174517637345
logistic_rich_mask_permuted,44b6_c50204e0,44b6_c50204e0:184,union|44b6_c50204e0:184|136,0,0.018709491277440423
logistic_rich_mask_permuted,44b6_c50204e0,44b6_c50204e0:184,union|44b6_c50204e0:184|137,0,0.21772051698578893
logistic_rich_mask_permuted,44b6_c50204e0,44b6_c50204e0:184,union|44b6_c50204e0:184|138,0,0.001993389641246916
logistic_rich_mask_permuted,44b6_c50204e0,44b6_c50204e0:184,union|44b6_c50204e0:184|139,0,0.00795911989392192
logistic_rich_mask_permuted,44b6_c50204e0,44b6_c50204e0:184,union|44b6_c50204e0:184|140,0,0.010612409009840281
logistic_rich_mask_permuted,44b6_c50204e0,44b6_c50204e0:184,union|44b6_c50204e0:184|141,0,0.8108407062635958
logistic_rich_mask_permuted,44b6_c50204e0,44b6_c50204e0:184,union|44b6_c50204e0:184|142,0,0.8822844993109037
logistic_rich_mask_permuted,44b6_c50204e0,44b6_c50204e0:184,union|44b6_c50204e0:184|143,0,0.09202152030513776
logistic_rich_mask_permuted,44b6_c50204e0,44b6_c50204e0:184,union|44b6_c50204e0:184|144,0,0.09653135046257678
logistic_rich_mask_permuted,44b6_c50204e0,44b6_c50204e0:184,union|44b6_c50204e0:184|145,0,0.28980543893102256
logistic_rich_mask_permuted,44b6_c50204e0,44b6_c50204e0:184,union|44b6_c50204e0:184|146,0,0.03520690166572293
logistic_rich_mask_permuted,44b6_c50204e0,44b6_c50204e0:184,union|44b6_c50204e0:184|147,0,0.04732168406699438
logistic_rich_mask_permuted,44b6_c50204e0,44b6_c50204e0:184,union|44b6_c50204e0:184|148,0,0.4456248469911259
logistic_rich_mask_permuted,44b6_c50204e0,44b6_c50204e0:184,union|44b6_c50204e0:184|149,0,0.015824202119243652
logistic_rich_mask_permuted,44b6_c50204e0,44b6_c50204e0:184,union|44b6_c50204e0:184|150,0,0.0016915403453443287
logistic_rich_mask_permuted,44b6_c50204e0,44b6_c50204e0:184,union|44b6_c50204e0:184|151,0,0.04698960368363472
logistic_rich_mask_permuted,44b6_c50204e0,44b6_c50204e0:184,union|44b6_c50204e0:184|152,0,0.0010574319566525033
logistic_rich_mask_permuted,44b6_c50204e0,44b6_c50204e0:184,union|44b6_c50204e0:184|153,0,0.050760541958427496
logistic_rich_mask_permuted,44b6_c50204e0,44b6_c50204e0:184,union|44b6_c50204e0:184|154,0,0.026005470464391136
logistic_rich_mask_permuted,44b6_c50204e0,44b6_c50204e0:184,union|44b6_c50204e0:184|155,0,0.5226409168570977
logistic_rich_mask_permuted,44b6_c50204e0,44b6_c50204e0:184,union|44b6_c50204e0:184|156,0,0.06118221224253125
logistic_rich_mask_permuted,44b6_c50204e0,44b6_c50204e0:184,union|44b6_c50204e0:184|157,0,0.03573080002523487
logistic_rich_mask_permuted,44b6_c50204e0,44b6_c50204e0:184,union|44b6_c50204e0:184|158,0,0.005112710249406321
logistic_rich_mask_permuted,44b6_c50204e0,44b6_c50204e0:184,union|44b6_c50204e0:184|159,0,0.18803202465775173
logistic_rich_mask_permuted,44b6_c50204e0,44b6_c50204e0:184,union|44b6_c50204e0:184|160,0,0.00618048124938697
logistic_rich_mask_permuted,44b6_c50204e0,44b6_c50204e0:184,union|44b6_c50204e0:184|161,0,0.5568452958001807
logistic_rich_mask_permuted,44b6_c50204e0,44b6_c50204e0:184,union|44b6_c50204e0:184|162,0,0.020364795819553545
logistic_rich_mask_permuted,44b6_c50204e0,44b6_c50204e0:184,union|44b6_c50204e0:184|163,0,0.10209509897273114
logistic_rich_mask_permuted,44b6_c50204e0,44b6_c50204e0:184,union|44b6_c50204e0:184|164,0,0.6664495129293768
logistic_rich_mask_permuted,44b6_c50204e0,44b6_c50204e0:184,union|44b6_c50204e0:184|165,0,0.006723240628504883
logistic_rich_mask_permuted,44b6_c50204e0,44b6_c50204e0:184,union|44b6_c50204e0:184|166,0,0.04453921640943271
logistic_rich_mask_permuted,44b6_c50204e0,44b6_c50204e0:184,union|44b6_c50204e0:184|167,0,0.1945522127330705
logistic_rich_mask_permuted,44b6_c50204e0,44b6_c50204e0:184,union|44b6_c50204e0:184|168,0,0.8709381153805981
logistic_rich_mask_permuted,44b6_c50204e0,44b6_c50204e0:184,union|44b6_c50204e0:184|169,0,0.055370717731190316
logistic_rich_mask_permuted,44b6_c50204e0,44b6_c50204e0:184,union|44b6_c50204e0:184|170,0,0.49085585444395635
logistic_rich_mask_permuted,44b6_c50204e0,44b6_c50204e0:184,union|44b6_c50204e0:184|171,0,0.034495808265868066
logistic_rich_mask_permuted,44b6_c50204e0,44b6_c50204e0:184,union|44b6_c50204e0:184|172,0,0.24794895325923139
logistic_rich_mask_permuted,44b6_c50204e0,44b6_c50204e0:184,union|44b6_c50204e0:184|173,0,0.45966682860473557
logistic_rich_mask_permuted,44b6_c50204e0,44b6_c50204e0:184,union|44b6_c50204e0:184|174,0,0.1382819554946684
logistic_rich_mask_permuted,44b6_c50204e0,44b6_c50204e0:184,union|44b6_c50204e0:184|175,0,0.05023387703241195
logistic_rich_mask_permuted,44b6_c50204e0,44b6_c50204e0:184,union|44b6_c50204e0:184|176,0,0.05634963418454548
logistic_rich_mask_permuted,44b6_c50204e0,44b6_c50204e0:184,union|44b6_c50204e0:184|177,0,0.0020175937108424307
logistic_rich_mask_permuted,44b6_c50204e0,44b6_c50204e0:184,union|44b6_c50204e0:184|178,0,0.0009894059717250033
logistic_rich_mask_permuted,44b6_c50204e0,44b6_c50204e0:184,union|44b6_c50204e0:184|179,0,0.1004837960453685
logistic_rich_mask_permuted,44b6_c50204e0,44b6_c50204e0:184,union|44b6_c50204e0:184|180,0,0.0003241780391019264
logistic_rich_mask_permuted,44b6_c50204e0,44b6_c50204e0:184,union|44b6_c50204e0:184|181,0,0.005759561467954499
logistic_rich_mask_permuted,44b6_c50204e0,44b6_c50204e0:184,union|44b6_c50204e0:184|182,0,0.020706819581287714
logistic_rich_mask_permuted,44b6_c50204e0,44b6_c50204e0:184,union|44b6_c50204e0:184|183,0,0.003754561477774207
logistic_rich_mask_permuted,44b6_c50204e0,44b6_c50204e0:184,union|44b6_c50204e0:184|184,0,0.002107718682266848
logistic_rich_mask_permuted,44b6_c50204e0,44b6_c50204e0:184,union|44b6_c50204e0:184|185,0,0.0072626944476412774
logistic_rich_mask_permuted,44b6_c50204e0,44b6_c50204e0:184,union|44b6_c50204e0:184|186,0,0.008797153510639649
logistic_rich_mask_permuted,44b6_c50204e0,44b6_c50204e0:184,union|44b6_c50204e0:184|187,0,0.0057658675818708935
logistic_rich_mask_permuted,44b6_c50204e0,44b6_c50204e0:184,union|44b6_c50204e0:184|188,0,0.0021802715747614365
logistic_rich_mask_permuted,44b6_c50204e0,44b6_c50204e0:184,union|44b6_c50204e0:184|189,0,0.00922515619399101
logistic_rich_mask_permuted,44b6_c50204e0,44b6_c50204e0:184,union|44b6_c50204e0:184|190,0,0.11730363916607807
logistic_rich_mask_permuted,44b6_c50204e0,44b6_c50204e0:184,union|44b6_c50204e0:184|191,0,0.017854033801348746
logistic_rich_mask_permuted,44b6_c50204e0,44b6_c50204e0:184,union|44b6_c50204e0:184|192,0,0.004954444191869349
logistic_rich_mask_permuted,44b6_c50204e0,44b6_c50204e0:184,union|44b6_c50204e0:184|193,0,0.03182317777567747
logistic_rich_mask_permuted,44b6_c50204e0,44b6_c50204e0:184,union|44b6_c50204e0:184|194,0,0.010177244568171763
logistic_rich_mask_permuted,44b6_c50204e0,44b6_c50204e0:184,union|44b6_c50204e0:184|195,0,0.009575897524053422
logistic_rich_mask_permuted,44b6_d2f34f90,44b6_d2f34f90:103,union|44b6_d2f34f90:103|0,0,0.10385934538168098
logistic_rich_mask_permuted,44b6_d2f34f90,44b6_d2f34f90:103,union|44b6_d2f34f90:103|1,0,0.07803101282949139
logistic_rich_mask_permuted,44b6_d2f34f90,44b6_d2f34f90:103,union|44b6_d2f34f90:103|2,0,0.03275929989054496
logistic_rich_mask_permuted,44b6_d2f34f90,44b6_d2f34f90:103,union|44b6_d2f34f90:103|3,0,0.06478449329987439
logistic_rich_mask_permuted,44b6_d2f34f90,44b6_d2f34f90:103,union|44b6_d2f34f90:103|4,0,0.007532280151397195
logistic_rich_mask_permuted,44b6_d2f34f90,44b6_d2f34f90:103,union|44b6_d2f34f90:103|5,0,0.01935230396526778
logistic_rich_mask_permuted,44b6_d2f34f90,44b6_d2f34f90:103,union|44b6_d2f34f90:103|6,0,0.0014780720134898318
logistic_rich_mask_permuted,44b6_d2f34f90,44b6_d2f34f90:103,union|44b6_d2f34f90:103|7,0,0.0030781547629551514
logistic_rich_mask_permuted,44b6_d2f34f90,44b6_d2f34f90:103,union|44b6_d2f34f90:103|8,0,0.001619191849385608
logistic_rich_mask_permuted,44b6_d2f34f90,44b6_d2f34f90:103,union|44b6_d2f34f90:103|9,0,0.027169942823631818
logistic_rich_mask_permuted,44b6_d2f34f90,44b6_d2f34f90:103,union|44b6_d2f34f90:103|10,0,0.6845339309775951
logistic_rich_mask_permuted,44b6_d2f34f90,44b6_d2f34f90:103,union|44b6_d2f34f90:103|11,0,0.6691492380524616
logistic_rich_mask_permuted,44b6_d2f34f90,44b6_d2f34f90:103,union|44b6_d2f34f90:103|12,1,0.9984123616295904
logistic_rich_mask_permuted,44b6_d2f34f90,44b6_d2f34f90:103,union|44b6_d2f34f90:103|13,0,0.9807263588963361
logistic_rich_mask_permuted,44b6_d2f34f90,44b6_d2f34f90:103,union|44b6_d2f34f90:103|14,0,0.8881538085429698
logistic_rich_mask_permuted,44b6_d2f34f90,44b6_d2f34f90:103,union|44b6_d2f34f90:103|15,0,0.06662286645310234
logistic_rich_mask_permuted,44b6_d2f34f90,44b6_d2f34f90:103,union|44b6_d2f34f90:103|16,0,0.03426598548128903
logistic_rich_mask_permuted,44b6_d2f34f90,44b6_d2f34f90:103,union|44b6_d2f34f90:103|17,0,0.03286718866655723
logistic_rich_mask_permuted,44b6_d2f34f90,44b6_d2f34f90:103,union|44b6_d2f34f90:103|18,0,0.0047794567816853055
logistic_rich_mask_permuted,44b6_d2f34f90,44b6_d2f34f90:103,union|44b6_d2f34f90:103|19,0,0.001535525946404889
logistic_rich_mask_permuted,44b6_d2f34f90,44b6_d2f34f90:103,union|44b6_d2f34f90:103|20,0,0.0549859759916461
logistic_rich_mask_permuted,44b6_d2f34f90,44b6_d2f34f90:103,union|44b6_d2f34f90:103|21,0,0.8152852745017167
logistic_rich_mask_permuted,44b6_d2f34f90,44b6_d2f34f90:103,union|44b6_d2f34f90:103|22,0,0.9182553341834057
logistic_rich_mask_permuted,44b6_d2f34f90,44b6_d2f34f90:103,union|44b6_d2f34f90:103|23,0,0.8151486091205686
logistic_rich_mask_permuted,44b6_d2f34f90,44b6_d2f34f90:103,union|44b6_d2f34f90:103|24,0,0.18964917810194726
logistic_rich_mask_permuted,44b6_d2f34f90,44b6_d2f34f90:103,union|44b6_d2f34f90:103|25,0,0.013924653248217643
logistic_rich_mask_permuted,44b6_d2f34f90,44b6_d2f34f90:103,union|44b6_d2f34f90:103|26,0,0.6327279242623325
logistic_rich_mask_permuted,44b6_d2f34f90,44b6_d2f34f90:103,union|44b6_d2f34f90:103|27,0,0.5692220264686739
logistic_rich_mask_permuted,44b6_d2f34f90,44b6_d2f34f90:103,union|44b6_d2f34f90:103|28,0,0.5180192510153866
logistic_rich_mask_permuted,44b6_d2f34f90,44b6_d2f34f90:103,union|44b6_d2f34f90:103|29,0,0.07034192558526738
logistic_rich_mask_permuted,44b6_d2f34f90,44b6_d2f34f90:103,union|44b6_d2f34f90:103|30,0,0.08253748347711216
logistic_rich_mask_permuted,44b6_d2f34f90,44b6_d2f34f90:103,union|44b6_d2f34f90:103|31,0,0.032402469198849114
logistic_rich_mask_permuted,44b6_d2f34f90,44b6_d2f34f90:103,union|44b6_d2f34f90:103|32,0,0.07267262806692519
logistic_rich_mask_permuted,44b6_d2f34f90,44b6_d2f34f90:103,union|44b6_d2f34f90:103|33,0,0.0044558932896344005
logistic_rich_mask_permuted,44b6_d2f34f90,44b6_d2f34f90:103,union|44b6_d2f34f90:103|34,0,0.005785063067202261
logistic_rich_mask_permuted,44b6_d2f34f90,44b6_d2f34f90:103,union|44b6_d2f34f90:103|35,0,0.1712803781548585
logistic_rich_mask_permuted,44b6_d2f34f90,44b6_d2f34f90:103,union|44b6_d2f34f90:103|36,0,0.8680058875624715
logistic_rich_mask_permuted,44b6_d2f34f90,44b6_d2f34f90:103,union|44b6_d2f34f90:103|37,0,0.9529022066860067
logistic_rich_mask_permuted,44b6_d2f34f90,44b6_d2f34f90:103,union|44b6_d2f34f90:103|38,0,0.03842576619238632
logistic_rich_mask_permuted,44b6_d2f34f90,44b6_d2f34f90:103,union|44b6_d2f34f90:103|39,0,0.02897130117462522
logistic_rich_mask_permuted,44b6_d2f34f90,44b6_d2f34f90:103,union|44b6_d2f34f90:103|40,0,0.15043923885193922
logistic_rich_mask_permuted,44b6_d2f34f90,44b6_d2f34f90:103,union|44b6_d2f34f90:103|41,0,0.010810461303161734
logistic_rich_mask_permuted,44b6_d2f34f90,44b6_d2f34f90:103,union|44b6_d2f34f90:103|42,0,0.0034613420433456297
logistic_rich_mask_permuted,44b6_d2f34f90,44b6_d2f34f90:103,union|44b6_d2f34f90:103|43,0,0.001983710922251217
logistic_rich_mask_permuted,44b6_d2f34f90,44b6_d2f34f90:103,union|44b6_d2f34f90:103|44,0,0.011332206397927976
logistic_rich_mask_permuted,44b6_d2f34f90,44b6_d2f34f90:103,union|44b6_d2f34f90:103|45,0,0.966419244946388
logistic_rich_mask_permuted,44b6_d2f34f90,44b6_d2f34f90:103,union|44b6_d2f34f90:103|46,0,0.10241614972808888
logistic_rich_mask_permuted,44b6_d2f34f90,44b6_d2f34f90:103,union|44b6_d2f34f90:103|47,0,0.04843847464439279
logistic_rich_mask_permuted,44b6_d2f34f90,44b6_d2f34f90:103,union|44b6_d2f34f90:103|48,0,0.01202186340573988
logistic_rich_mask_permuted,44b6_d2f34f90,44b6_d2f34f90:103,union|44b6_d2f34f90:103|49,0,0.0037933457086857907
logistic_rich_mask_permuted,44b6_d2f34f90,44b6_d2f34f90:103,union|44b6_d2f34f90:103|50,0,0.03775547041669772
logistic_rich_mask_permuted,44b6_d2f34f90,44b6_d2f34f90:103,union|44b6_d2f34f90:103|51,0,0.032043619980892155
logistic_rich_mask_permuted,44b6_d2f34f90,44b6_d2f34f90:103,union|44b6_d2f34f90:103|52,0,0.008770497011569926
logistic_rich_mask_permuted,44b6_d2f34f90,44b6_d2f34f90:103,union|44b6_d2f34f90:103|53,0,0.02802019782422595
logistic_rich_mask_permuted,44b6_d2f34f90,44b6_d2f34f90:103,union|44b6_d2f34f90:103|54,0,0.019428651503726725
logistic_rich_mask_permuted,44b6_d2f34f90,44b6_d2f34f90:103,union|44b6_d2f34f90:103|55,0,0.0010603175935679026
logistic_rich_mask_permuted,44b6_d2f34f90,44b6_d2f34f90:103,union|44b6_d2f34f90:103|56,0,0.009039150087523894
logistic_rich_mask_permuted,44b6_d2f34f90,44b6_d2f34f90:103,union|44b6_d2f34f90:103|57,0,0.007990002063370649
logistic_rich_mask_permuted,44b6_d2f34f90,44b6_d2f34f90:103,union|44b6_d2f34f90:103|58,0,0.003021233790652914
logistic_rich_mask_permuted,44b6_d2f34f90,44b6_d2f34f90:103,union|44b6_d2f34f90:103|59,0,0.01073509451562604
logistic_rich_mask_permuted,44b6_d2f34f90,44b6_d2f34f90:103,union|44b6_d2f34f90:103|60,0,0.00035547605592754934
logistic_rich_mask_permuted,44b6_d2f34f90,44b6_d2f34f90:103,union|44b6_d2f34f90:103|61,0,0.010834164425283002
logistic_rich_mask_permuted,44b6_d2f34f90,44b6_d2f34f90:103,union|44b6_d2f34f90:103|62,0,0.010315150807059421
logistic_rich_mask_permuted,44b6_d2f34f90,44b6_d2f34f90:103,union|44b6_d2f34f90:103|63,0,0.0008982844206271804
logistic_rich_mask_permuted,44b6_d2f34f90,44b6_d2f34f90:103,union|44b6_d2f34f90:103|64,0,0.0032517867623946435
logistic_rich_mask_permuted,44b6_d2f34f90,44b6_d2f34f90:103,union|44b6_d2f34f90:103|65,0,0.0007644845216833876
logistic_rich_mask_permuted,44b6_d2f34f90,44b6_d2f34f90:103,union|44b6_d2f34f90:103|66,0,0.0003345368893525302
logistic_rich_mask_permuted,44b6_d2f34f90,44b6_d2f34f90:103,union|44b6_d2f34f90:103|67,0,0.00217712606311933
logistic_rich_mask_permuted,44b6_d2f34f90,44b6_d2f34f90:103,union|44b6_d2f34f90:103|68,0,0.00012834249755593472
logistic_rich_mask_permuted,44b6_d2f34f90,44b6_d2f34f90:103,union|44b6_d2f34f90:103|69,0,0.000857115302376991
logistic_rich_mask_permuted,44b6_d2f34f90,44b6_d2f34f90:103,union|44b6_d2f34f90:103|70,0,0.00046033214127210007
logistic_rich_mask_permuted,44b6_d2f34f90,44b6_d2f34f90:103,union|44b6_d2f34f90:103|71,0,0.0016409478744489163
logistic_rich_mask_permuted,44b6_d2f34f90,44b6_d2f34f90:103,union|44b6_d2f34f90:103|72,0,0.0002684981792923418
logistic_rich_mask_permuted,44b6_d2f34f90,44b6_d2f34f90:103,union|44b6_d2f34f90:103|73,0,0.0008360460076146589
logistic_rich_mask_permuted,44b6_d2f34f90,44b6_d2f34f90:103,union|44b6_d2f34f90:103|74,0,0.0015338176626609277
logistic_rich_mask_permuted,44b6_d2f34f90,44b6_d2f34f90:103,union|44b6_d2f34f90:103|75,0,0.0002592744503148382
logistic_rich_mask_permuted,44b6_d2f34f90,44b6_d2f34f90:137,union|44b6_d2f34f90:137|0,0,0.06358441623558073
logistic_rich_mask_permuted,44b6_d2f34f90,44b6_d2f34f90:137,union|44b6_d2f34f90:137|1,0,0.0877477462279549
logistic_rich_mask_permuted,44b6_d2f34f90,44b6_d2f34f90:137,union|44b6_d2f34f90:137|2,0,0.6362511729586875
logistic_rich_mask_permuted,44b6_d2f34f90,44b6_d2f34f90:137,union|44b6_d2f34f90:137|3,0,0.3472938884559528
logistic_rich_mask_permuted,44b6_d2f34f90,44b6_d2f34f90:137,union|44b6_d2f34f90:137|4,0,0.19657977665941784
logistic_rich_mask_permuted,44b6_d2f34f90,44b6_d2f34f90:137,union|44b6_d2f34f90:137|5,0,0.47190733776350297
logistic_rich_mask_permuted,44b6_d2f34f90,44b6_d2f34f90:137,union|44b6_d2f34f90:137|6,0,0.16915123371736632
logistic_rich_mask_permuted,44b6_d2f34f90,44b6_d2f34f90:137,union|44b6_d2f34f90:137|7,0,0.4960274869098453
logistic_rich_mask_permuted,44b6_d2f34f90,44b6_d2f34f90:137,union|44b6_d2f34f90:137|8,0,0.25268731024584784
logistic_rich_mask_permuted,44b6_d2f34f90,44b6_d2f34f90:137,union|44b6_d2f34f90:137|9,0,0.06584153632571015
logistic_rich_mask_permuted,44b6_d2f34f90,44b6_d2f34f90:137,union|44b6_d2f34f90:137|10,0,0.01759128820725456
logistic_rich_mask_permuted,44b6_d2f34f90,44b6_d2f34f90:137,union|44b6_d2f34f90:137|11,0,0.03383742627812234
logistic_rich_mask_permuted,44b6_d2f34f90,44b6_d2f34f90:137,union|44b6_d2f34f90:137|12,0,0.03207996555033026
logistic_rich_mask_permuted,44b6_d2f34f90,44b6_d2f34f90:137,union|44b6_d2f34f90:137|13,0,0.09948854870714353
logistic_rich_mask_permuted,44b6_d2f34f90,44b6_d2f34f90:137,union|44b6_d2f34f90:137|14,0,0.018534015688601815
logistic_rich_mask_permuted,44b6_d2f34f90,44b6_d2f34f90:137,union|44b6_d2f34f90:137|15,0,0.11258741125148942
logistic_rich_mask_permuted,44b6_d2f34f90,44b6_d2f34f90:137,union|44b6_d2f34f90:137|16,0,0.07236916398149623
logistic_rich_mask_permuted,44b6_d2f34f90,44b6_d2f34f90:137,union|44b6_d2f34f90:137|17,0,0.05250568650130331
logistic_rich_mask_permuted,44b6_d2f34f90,44b6_d2f34f90:137,union|44b6_d2f34f90:137|18,0,0.2697967586917044
logistic_rich_mask_permuted,44b6_d2f34f90,44b6_d2f34f90:137,union|44b6_d2f34f90:137|19,0,0.028448886476355507
logistic_rich_mask_permuted,44b6_d2f34f90,44b6_d2f34f90:137,union|44b6_d2f34f90:137|20,0,0.015533221561925813
logistic_rich_mask_permuted,44b6_d2f34f90,44b6_d2f34f90:137,union|44b6_d2f34f90:137|21,0,0.10258132331673983
logistic_rich_mask_permuted,44b6_d2f34f90,44b6_d2f34f90:137,union|44b6_d2f34f90:137|22,0,0.017503223474379895
logistic_rich_mask_permuted,44b6_d2f34f90,44b6_d2f34f90:137,union|44b6_d2f34f90:137|23,0,0.11907665510923202
logistic_rich_mask_permuted,44b6_d2f34f90,44b6_d2f34f90:137,union|44b6_d2f34f90:137|24,0,0.04779722998486738
logistic_rich_mask_permuted,44b6_d2f34f90,44b6_d2f34f90:137,union|44b6_d2f34f90:137|25,0,0.05026084769879554
logistic_rich_mask_permuted,44b6_d2f34f90,44b6_d2f34f90:137,union|44b6_d2f34f90:137|26,0,0.7214281344316998
logistic_rich_mask_permuted,44b6_d2f34f90,44b6_d2f34f90:137,union|44b6_d2f34f90:137|27,0,0.7957370850895694
logistic_rich_mask_permuted,44b6_d2f34f90,44b6_d2f34f90:137,union|44b6_d2f34f90:137|28,1,0.9965332403365312
logistic_rich_mask_permuted,44b6_d2f34f90,44b6_d2f34f90:137,union|44b6_d2f34f90:137|29,0,0.012684549423169314
logistic_rich_mask_permuted,44b6_d2f34f90,44b6_d2f34f90:137,union|44b6_d2f34f90:137|30,0,0.9172796206109858
logistic_rich_mask_permuted,44b6_d2f34f90,44b6_d2f34f90:137,union|44b6_d2f34f90:137|31,0,0.35062523162397313
logistic_rich_mask_permuted,44b6_d2f34f90,44b6_d2f34f90:137,union|44b6_d2f34f90:137|32,0,0.7764969483625083
logistic_rich_mask_permuted,44b6_d2f34f90,44b6_d2f34f90:137,union|44b6_d2f34f90:137|33,0,0.15362025987744227
logistic_rich_mask_permuted,44b6_d2f34f90,44b6_d2f34f90:137,union|44b6_d2f34f90:137|34,0,0.1678391420560126
logistic_rich_mask_permuted,44b6_d2f34f90,44b6_d2f34f90:137,union|44b6_d2f34f90:137|35,0,0.29915226277973983
logistic_rich_mask_permuted,44b6_d2f34f90,44b6_d2f34f90:137,union|44b6_d2f34f90:137|36,0,0.15639179779736723
logistic_rich_mask_permuted,44b6_d2f34f90,44b6_d2f34f90:137,union|44b6_d2f34f90:137|37,0,0.08946269761710426
logistic_rich_mask_permuted,44b6_d2f34f90,44b6_d2f34f90:137,union|44b6_d2f34f90:137|38,0,0.23943991153758298
logistic_rich_mask_permuted,44b6_d2f34f90,44b6_d2f34f90:137,union|44b6_d2f34f90:137|39,0,0.7314643573638864
logistic_rich_mask_permuted,44b6_d2f34f90,44b6_d2f34f90:137,union|44b6_d2f34f90:137|40,0,0.40208081245305677
logistic_rich_mask_permuted,44b6_d2f34f90,44b6_d2f34f90:137,union|44b6_d2f34f90:137|41,0,0.24138153908689003
logistic_rich_mask_permuted,44b6_d2f34f90,44b6_d2f34f90:137,union|44b6_d2f34f90:137|42,0,0.9408171516030961
logistic_rich_mask_permuted,44b6_d2f34f90,44b6_d2f34f90:137,union|44b6_d2f34f90:137|43,0,0.43291702087658324
logistic_rich_mask_permuted,44b6_d2f34f90,44b6_d2f34f90:137,union|44b6_d2f34f90:137|44,0,0.10547936719357517
logistic_rich_mask_permuted,44b6_d2f34f90,44b6_d2f34f90:137,union|44b6_d2f34f90:137|45,0,0.14876047745166765
logistic_rich_mask_permuted,44b6_d2f34f90,44b6_d2f34f90:137,union|44b6_d2f34f90:137|46,0,0.9520437956513012
logistic_rich_mask_permuted,44b6_d2f34f90,44b6_d2f34f90:137,union|44b6_d2f34f90:137|47,0,0.5820826882590212
logistic_rich_mask_permuted,44b6_d2f34f90,44b6_d2f34f90:137,union|44b6_d2f34f90:137|48,0,0.6230591509767787
logistic_rich_mask_permuted,44b6_d2f34f90,44b6_d2f34f90:137,union|44b6_d2f34f90:137|49,0,0.7877337411952313
logistic_rich_mask_permuted,44b6_d2f34f90,44b6_d2f34f90:137,union|44b6_d2f34f90:137|50,0,0.23111158291660133
logistic_rich_mask_permuted,44b6_d2f34f90,44b6_d2f34f90:137,union|44b6_d2f34f90:137|51,0,0.6382856047710841
logistic_rich_mask_permuted,44b6_d2f34f90,44b6_d2f34f90:137,union|44b6_d2f34f90:137|52,0,0.013875412932878337
logistic_rich_mask_permuted,44b6_d2f34f90,44b6_d2f34f90:137,union|44b6_d2f34f90:137|53,0,0.8373703003859942
logistic_rich_mask_permuted,44b6_d2f34f90,44b6_d2f34f90:137,union|44b6_d2f34f90:137|54,0,0.4177633282386558
logistic_rich_mask_permuted,44b6_d2f34f90,44b6_d2f34f90:137,union|44b6_d2f34f90:137|55,0,0.9284096042524713
logistic_rich_mask_permuted,44b6_d2f34f90,44b6_d2f34f90:137,union|44b6_d2f34f90:137|56,0,0.11943688259327778
logistic_rich_mask_permuted,44b6_d2f34f90,44b6_d2f34f90:137,union|44b6_d2f34f90:137|57,0,0.17186586149525881
logistic_rich_mask_permuted,44b6_d2f34f90,44b6_d2f34f90:137,union|44b6_d2f34f90:137|58,0,0.10423975115204896
logistic_rich_mask_permuted,44b6_d2f34f90,44b6_d2f34f90:137,union|44b6_d2f34f90:137|59,0,0.04507490486950693
logistic_rich_mask_permuted,44b6_d2f34f90,44b6_d2f34f90:137,union|44b6_d2f34f90:137|60,0,0.03779754975423863
logistic_rich_mask_permuted,44b6_d2f34f90,44b6_d2f34f90:137,union|44b6_d2f34f90:137|61,0,0.7498124349655574
logistic_rich_mask_permuted,44b6_d2f34f90,44b6_d2f34f90:137,union|44b6_d2f34f90:137|62,0,0.8954474085772386
logistic_rich_mask_permuted,44b6_d2f34f90,44b6_d2f34f90:137,union|44b6_d2f34f90:137|63,0,0.07863820364449782
logistic_rich_mask_permuted,44b6_d2f34f90,44b6_d2f34f90:137,union|44b6_d2f34f90:137|64,0,0.34176346442346556
logistic_rich_mask_permuted,44b6_d2f34f90,44b6_d2f34f90:137,union|44b6_d2f34f90:137|65,0,0.7366603141435998
logistic_rich_mask_permuted,44b6_d2f34f90,44b6_d2f34f90:137,union|44b6_d2f34f90:137|66,0,0.25538751192513726
logistic_rich_mask_permuted,44b6_d2f34f90,44b6_d2f34f90:137,union|44b6_d2f34f90:137|67,0,0.3608896488810233
logistic_rich_mask_permuted,44b6_d2f34f90,44b6_d2f34f90:137,union|44b6_d2f34f90:137|68,0,0.5536532129110262
logistic_rich_mask_permuted,44b6_d2f34f90,44b6_d2f34f90:137,union|44b6_d2f34f90:137|69,0,0.5218358759656836
logistic_rich_mask_permuted,44b6_d2f34f90,44b6_d2f34f90:137,union|44b6_d2f34f90:137|70,0,0.012879850678054791
logistic_rich_mask_permuted,44b6_d754aa59,44b6_d754aa59:54,union|44b6_d754aa59:54|0,0,0.7510538150786177
logistic_rich_mask_permuted,44b6_d754aa59,44b6_d754aa59:54,union|44b6_d754aa59:54|1,0,0.5954609300919096
logistic_rich_mask_permuted,44b6_d754aa59,44b6_d754aa59:54,union|44b6_d754aa59:54|2,0,0.24218291876733428
logistic_rich_mask_permuted,44b6_d754aa59,44b6_d754aa59:54,union|44b6_d754aa59:54|3,1,0.9842778954626114
logistic_rich_mask_permuted,44b6_d754aa59,44b6_d754aa59:54,union|44b6_d754aa59:54|4,0,0.9164618107758365
logistic_rich_mask_permuted,44b6_d754aa59,44b6_d754aa59:54,union|44b6_d754aa59:54|5,0,0.5426917349264815
logistic_rich_mask_permuted,44b6_d754aa59,44b6_d754aa59:54,union|44b6_d754aa59:54|6,0,0.8333165994784659
logistic_rich_mask_permuted,44b6_d754aa59,44b6_d754aa59:54,union|44b6_d754aa59:54|7,0,0.5993388171925161
logistic_rich_mask_permuted,44b6_d754aa59,44b6_d754aa59:54,union|44b6_d754aa59:54|8,0,0.5597645685235616
logistic_rich_mask_permuted,44b6_deabac95,44b6_deabac95:15,union|44b6_deabac95:15|0,0,0.07698859326215146
logistic_rich_mask_permuted,44b6_deabac95,44b6_deabac95:15,union|44b6_deabac95:15|1,0,0.011426775164308291
logistic_rich_mask_permuted,44b6_deabac95,44b6_deabac95:15,union|44b6_deabac95:15|2,0,0.011713688603842313
logistic_rich_mask_permuted,44b6_deabac95,44b6_deabac95:15,union|44b6_deabac95:15|3,0,0.01213251533105179
logistic_rich_mask_permuted,44b6_deabac95,44b6_deabac95:15,union|44b6_deabac95:15|4,0,0.002238639881028367
logistic_rich_mask_permuted,44b6_deabac95,44b6_deabac95:15,union|44b6_deabac95:15|5,0,0.344875566985716
logistic_rich_mask_permuted,44b6_deabac95,44b6_deabac95:15,union|44b6_deabac95:15|6,0,0.006301585187903191
logistic_rich_mask_permuted,44b6_deabac95,44b6_deabac95:15,union|44b6_deabac95:15|7,0,0.5122545934382058
logistic_rich_mask_permuted,44b6_deabac95,44b6_deabac95:15,union|44b6_deabac95:15|8,0,0.6545205687620789
logistic_rich_mask_permuted,44b6_deabac95,44b6_deabac95:15,union|44b6_deabac95:15|9,0,0.2407060113728525
logistic_rich_mask_permuted,44b6_deabac95,44b6_deabac95:15,union|44b6_deabac95:15|10,0,0.6492783551454627
logistic_rich_mask_permuted,44b6_deabac95,44b6_deabac95:15,union|44b6_deabac95:15|11,0,0.06986279592052956
logistic_rich_mask_permuted,44b6_deabac95,44b6_deabac95:15,union|44b6_deabac95:15|12,0,0.07055776921992309
logistic_rich_mask_permuted,44b6_deabac95,44b6_deabac95:15,union|44b6_deabac95:15|13,0,0.050471289726044956
logistic_rich_mask_permuted,44b6_deabac95,44b6_deabac95:15,union|44b6_deabac95:15|14,0,0.12584786580550875
logistic_rich_mask_permuted,44b6_deabac95,44b6_deabac95:15,union|44b6_deabac95:15|15,0,0.175726717266625
logistic_rich_mask_permuted,44b6_deabac95,44b6_deabac95:15,union|44b6_deabac95:15|16,0,0.09146868172995073
logistic_rich_mask_permuted,44b6_deabac95,44b6_deabac95:15,union|44b6_deabac95:15|17,0,0.9080578989511322
logistic_rich_mask_permuted,44b6_deabac95,44b6_deabac95:15,union|44b6_deabac95:15|18,0,0.39559855956964185
logistic_rich_mask_permuted,44b6_deabac95,44b6_deabac95:15,union|44b6_deabac95:15|19,0,0.12446589820327188
logistic_rich_mask_permuted,44b6_deabac95,44b6_deabac95:15,union|44b6_deabac95:15|20,0,0.02097872467263507
logistic_rich_mask_permuted,44b6_deabac95,44b6_deabac95:15,union|44b6_deabac95:15|21,0,0.7656022193582716
logistic_rich_mask_permuted,44b6_deabac95,44b6_deabac95:15,union|44b6_deabac95:15|22,0,0.9610989003235887
logistic_rich_mask_permuted,44b6_deabac95,44b6_deabac95:15,union|44b6_deabac95:15|23,0,0.7555560275377825
logistic_rich_mask_permuted,44b6_deabac95,44b6_deabac95:15,union|44b6_deabac95:15|24,0,0.006935437710817262
logistic_rich_mask_permuted,44b6_deabac95,44b6_deabac95:15,union|44b6_deabac95:15|25,0,0.03491897769631403
logistic_rich_mask_permuted,44b6_deabac95,44b6_deabac95:15,union|44b6_deabac95:15|26,0,0.6653834734469982
logistic_rich_mask_permuted,44b6_deabac95,44b6_deabac95:15,union|44b6_deabac95:15|27,0,0.8451137870951626
logistic_rich_mask_permuted,44b6_deabac95,44b6_deabac95:15,union|44b6_deabac95:15|28,0,0.009622291270495116
logistic_rich_mask_permuted,44b6_deabac95,44b6_deabac95:15,union|44b6_deabac95:15|29,1,0.8675208218338337
logistic_rich_mask_permuted,44b6_deabac95,44b6_deabac95:15,union|44b6_deabac95:15|30,0,0.056356290688147175
logistic_rich_mask_permuted,44b6_deabac95,44b6_deabac95:15,union|44b6_deabac95:15|31,0,0.00881631512840677
logistic_rich_mask_permuted,44b6_deabac95,44b6_deabac95:15,union|44b6_deabac95:15|32,0,0.010871427257789341
logistic_rich_mask_permuted,44b6_deabac95,44b6_deabac95:15,union|44b6_deabac95:15|33,0,0.029945724525629845
logistic_rich_mask_permuted,44b6_deabac95,44b6_deabac95:15,union|44b6_deabac95:15|34,0,0.007579655052495832
logistic_rich_mask_permuted,44b6_eb2880fc,44b6_eb2880fc:282,union|44b6_eb2880fc:282|0,0,0.026474372381115666
logistic_rich_mask_permuted,44b6_eb2880fc,44b6_eb2880fc:282,union|44b6_eb2880fc:282|1,0,0.09052958305494736
logistic_rich_mask_permuted,44b6_eb2880fc,44b6_eb2880fc:282,union|44b6_eb2880fc:282|2,0,0.002951981929239691
logistic_rich_mask_permuted,44b6_eb2880fc,44b6_eb2880fc:282,union|44b6_eb2880fc:282|3,0,0.03781430155741043
logistic_rich_mask_permuted,44b6_eb2880fc,44b6_eb2880fc:282,union|44b6_eb2880fc:282|4,0,0.022608184941829007
logistic_rich_mask_permuted,44b6_eb2880fc,44b6_eb2880fc:282,union|44b6_eb2880fc:282|5,0,0.02560441282606703
logistic_rich_mask_permuted,44b6_eb2880fc,44b6_eb2880fc:282,union|44b6_eb2880fc:282|6,0,0.0058546760978911054
logistic_rich_mask_permuted,44b6_eb2880fc,44b6_eb2880fc:282,union|44b6_eb2880fc:282|7,0,0.007935574303381456
logistic_rich_mask_permuted,44b6_eb2880fc,44b6_eb2880fc:282,union|44b6_eb2880fc:282|8,0,0.013068651983127465
logistic_rich_mask_permuted,44b6_eb2880fc,44b6_eb2880fc:282,union|44b6_eb2880fc:282|9,0,0.00214318095874931
logistic_rich_mask_permuted,44b6_eb2880fc,44b6_eb2880fc:282,union|44b6_eb2880fc:282|10,0,0.00338068391987474
logistic_rich_mask_permuted,44b6_eb2880fc,44b6_eb2880fc:282,union|44b6_eb2880fc:282|11,0,0.0010988312128362946
logistic_rich_mask_permuted,44b6_eb2880fc,44b6_eb2880fc:282,union|44b6_eb2880fc:282|12,0,0.046498616447103354
logistic_rich_mask_permuted,44b6_eb2880fc,44b6_eb2880fc:282,union|44b6_eb2880fc:282|13,0,0.06593940295237373
logistic_rich_mask_permuted,44b6_eb2880fc,44b6_eb2880fc:282,union|44b6_eb2880fc:282|14,0,0.032252371555139436
logistic_rich_mask_permuted,44b6_eb2880fc,44b6_eb2880fc:282,union|44b6_eb2880fc:282|15,0,0.007858738990637595
logistic_rich_mask_permuted,44b6_eb2880fc,44b6_eb2880fc:282,union|44b6_eb2880fc:282|16,0,0.010988541593705681
logistic_rich_mask_permuted,44b6_eb2880fc,44b6_eb2880fc:282,union|44b6_eb2880fc:282|17,0,0.00897628802943017
logistic_rich_mask_permuted,44b6_eb2880fc,44b6_eb2880fc:282,union|44b6_eb2880fc:282|18,0,0.006671598141857318
logistic_rich_mask_permuted,44b6_eb2880fc,44b6_eb2880fc:282,union|44b6_eb2880fc:282|19,0,0.05497223974156004
logistic_rich_mask_permuted,44b6_eb2880fc,44b6_eb2880fc:282,union|44b6_eb2880fc:282|20,0,0.00432517737765051
logistic_rich_mask_permuted,44b6_eb2880fc,44b6_eb2880fc:282,union|44b6_eb2880fc:282|21,0,0.0024600059891802264
logistic_rich_mask_permuted,44b6_eb2880fc,44b6_eb2880fc:282,union|44b6_eb2880fc:282|22,0,0.001680018721691817
logistic_rich_mask_permuted,44b6_eb2880fc,44b6_eb2880fc:282,union|44b6_eb2880fc:282|23,0,0.010513245632840479
logistic_rich_mask_permuted,44b6_eb2880fc,44b6_eb2880fc:282,union|44b6_eb2880fc:282|24,0,0.0016141737918714816
logistic_rich_mask_permuted,44b6_eb2880fc,44b6_eb2880fc:282,union|44b6_eb2880fc:282|25,0,0.029489483476474284
logistic_rich_mask_permuted,44b6_eb2880fc,44b6_eb2880fc:282,union|44b6_eb2880fc:282|26,0,0.02636642321553587
logistic_rich_mask_permuted,44b6_eb2880fc,44b6_eb2880fc:282,union|44b6_eb2880fc:282|27,0,0.31966292821996095
logistic_rich_mask_permuted,44b6_eb2880fc,44b6_eb2880fc:282,union|44b6_eb2880fc:282|28,0,0.011001702676660273
logistic_rich_mask_permuted,44b6_eb2880fc,44b6_eb2880fc:282,union|44b6_eb2880fc:282|29,0,0.01158853958933237
logistic_rich_mask_permuted,44b6_eb2880fc,44b6_eb2880fc:282,union|44b6_eb2880fc:282|30,0,0.1629515618165345
logistic_rich_mask_permuted,44b6_eb2880fc,44b6_eb2880fc:282,union|44b6_eb2880fc:282|31,0,0.2358612927592085
logistic_rich_mask_permuted,44b6_eb2880fc,44b6_eb2880fc:282,union|44b6_eb2880fc:282|32,0,0.09452871642368915
logistic_rich_mask_permuted,44b6_eb2880fc,44b6_eb2880fc:282,union|44b6_eb2880fc:282|33,0,0.06659130711755189
logistic_rich_mask_permuted,44b6_eb2880fc,44b6_eb2880fc:282,union|44b6_eb2880fc:282|34,0,0.09020004030010688
logistic_rich_mask_permuted,44b6_eb2880fc,44b6_eb2880fc:282,union|44b6_eb2880fc:282|35,0,0.060540195871701036
logistic_rich_mask_permuted,44b6_eb2880fc,44b6_eb2880fc:282,union|44b6_eb2880fc:282|36,0,0.03636168152353111
logistic_rich_mask_permuted,44b6_eb2880fc,44b6_eb2880fc:282,union|44b6_eb2880fc:282|37,0,0.025045525606470085
logistic_rich_mask_permuted,44b6_eb2880fc,44b6_eb2880fc:282,union|44b6_eb2880fc:282|38,0,0.044232013820131
logistic_rich_mask_permuted,44b6_eb2880fc,44b6_eb2880fc:282,union|44b6_eb2880fc:282|39,0,0.05496083316811187
logistic_rich_mask_permuted,44b6_eb2880fc,44b6_eb2880fc:282,union|44b6_eb2880fc:282|40,0,0.007713129629340515
logistic_rich_mask_permuted,44b6_eb2880fc,44b6_eb2880fc:282,union|44b6_eb2880fc:282|41,0,0.11579932148466669
logistic_rich_mask_permuted,44b6_eb2880fc,44b6_eb2880fc:282,union|44b6_eb2880fc:282|42,0,0.06922595548230374
logistic_rich_mask_permuted,44b6_eb2880fc,44b6_eb2880fc:282,union|44b6_eb2880fc:282|43,0,0.004369377430597578
logistic_rich_mask_permuted,44b6_eb2880fc,44b6_eb2880fc:282,union|44b6_eb2880fc:282|44,0,0.013054427159549742
logistic_rich_mask_permuted,44b6_eb2880fc,44b6_eb2880fc:282,union|44b6_eb2880fc:282|45,0,0.057731114860099624
logistic_rich_mask_permuted,44b6_eb2880fc,44b6_eb2880fc:282,union|44b6_eb2880fc:282|46,0,0.011230306971391097
logistic_rich_mask_permuted,44b6_eb2880fc,44b6_eb2880fc:282,union|44b6_eb2880fc:282|47,0,0.01636814106050001
logistic_rich_mask_permuted,44b6_eb2880fc,44b6_eb2880fc:282,union|44b6_eb2880fc:282|48,0,0.0019231648000369657
logistic_rich_mask_permuted,44b6_eb2880fc,44b6_eb2880fc:282,union|44b6_eb2880fc:282|49,0,0.01223836035455332
logistic_rich_mask_permuted,44b6_eb2880fc,44b6_eb2880fc:282,union|44b6_eb2880fc:282|50,0,0.012478467514089207
logistic_rich_mask_permuted,44b6_eb2880fc,44b6_eb2880fc:282,union|44b6_eb2880fc:282|51,0,0.016763868648484632
logistic_rich_mask_permuted,44b6_eb2880fc,44b6_eb2880fc:282,union|44b6_eb2880fc:282|52,1,0.04752072705808735
logistic_rich_mask_permuted,44b6_eb2880fc,44b6_eb2880fc:282,union|44b6_eb2880fc:282|53,0,0.004493043872628287
logistic_rich_mask_permuted,44b6_eb2880fc,44b6_eb2880fc:282,union|44b6_eb2880fc:282|54,0,0.013062665847733282
logistic_rich_mask_permuted,44b6_eb2880fc,44b6_eb2880fc:282,union|44b6_eb2880fc:282|55,0,0.022546641292439433
logistic_rich_mask_permuted,44b6_eb2880fc,44b6_eb2880fc:282,union|44b6_eb2880fc:282|56,0,0.0101704447149014
logistic_rich_mask_permuted,44b6_eb2880fc,44b6_eb2880fc:282,union|44b6_eb2880fc:282|57,0,0.0037867867260009754
logistic_rich_mask_permuted,44b6_eb2880fc,44b6_eb2880fc:282,union|44b6_eb2880fc:282|58,0,0.0071568254846213755
logistic_rich_mask_permuted,44b6_eb2880fc,44b6_eb2880fc:282,union|44b6_eb2880fc:282|59,0,0.0065158529722501145
logistic_rich_mask_permuted,44b6_eb2880fc,44b6_eb2880fc:282,union|44b6_eb2880fc:282|60,0,0.31765892670727297
logistic_rich_mask_permuted,44b6_eb2880fc,44b6_eb2880fc:282,union|44b6_eb2880fc:282|61,0,0.11484890793729509
logistic_rich_mask_permuted,44b6_eb2880fc,44b6_eb2880fc:282,union|44b6_eb2880fc:282|62,0,0.20301902752516615
logistic_rich_mask_permuted,44b6_eb2880fc,44b6_eb2880fc:282,union|44b6_eb2880fc:282|63,0,0.0700928043238578
logistic_rich_mask_permuted,44b6_eb2880fc,44b6_eb2880fc:282,union|44b6_eb2880fc:282|64,0,0.11738781095155265
logistic_rich_mask_permuted,44b6_eb2880fc,44b6_eb2880fc:282,union|44b6_eb2880fc:282|65,0,0.16561559353949587
logistic_rich_mask_permuted,44b6_eb2880fc,44b6_eb2880fc:282,union|44b6_eb2880fc:282|66,0,0.043268934209892515
logistic_rich_mask_permuted,44b6_eb2880fc,44b6_eb2880fc:282,union|44b6_eb2880fc:282|67,0,0.024670466501313253
logistic_rich_mask_permuted,44b6_eb2880fc,44b6_eb2880fc:282,union|44b6_eb2880fc:282|68,0,0.015016164260823516
logistic_rich_mask_permuted,44b6_eb2880fc,44b6_eb2880fc:282,union|44b6_eb2880fc:282|69,0,0.05548533356331396
logistic_rich_mask_permuted,44b6_eb2880fc,44b6_eb2880fc:282,union|44b6_eb2880fc:282|70,0,0.026083790232127
logistic_rich_mask_permuted,44b6_eb2880fc,44b6_eb2880fc:282,union|44b6_eb2880fc:282|71,0,0.008819658656661523
logistic_rich_mask_permuted,44b6_eb2880fc,44b6_eb2880fc:282,union|44b6_eb2880fc:282|72,0,0.02147843691076689
logistic_rich_mask_permuted,44b6_eb2880fc,44b6_eb2880fc:282,union|44b6_eb2880fc:282|73,0,0.016495024454998924
logistic_rich_mask_permuted,44b6_eb2880fc,44b6_eb2880fc:282,union|44b6_eb2880fc:282|74,0,0.030419735502216102
logistic_rich_mask_permuted,44b6_eb2880fc,44b6_eb2880fc:282,union|44b6_eb2880fc:282|75,0,0.004076796322117835
logistic_rich_mask_permuted,44b6_eb2880fc,44b6_eb2880fc:282,union|44b6_eb2880fc:282|76,0,0.005658606586527235
logistic_rich_mask_permuted,44b6_eb2880fc,44b6_eb2880fc:282,union|44b6_eb2880fc:282|77,0,0.02025328979066243
logistic_rich_mask_permuted,44b6_eb2880fc,44b6_eb2880fc:282,union|44b6_eb2880fc:282|78,0,0.013039406866392723
logistic_rich_mask_permuted,44b6_eb2880fc,44b6_eb2880fc:282,union|44b6_eb2880fc:282|79,0,0.007213617618910201
logistic_rich_mask_permuted,44b6_eb2880fc,44b6_eb2880fc:282,union|44b6_eb2880fc:282|80,0,0.0067239249297927585
logistic_rich_mask_permuted,44b6_eb2880fc,44b6_eb2880fc:282,union|44b6_eb2880fc:282|81,0,0.0014923570555160602
logistic_rich_mask_permuted,44b6_eb2880fc,44b6_eb2880fc:282,union|44b6_eb2880fc:282|82,0,0.0034935433282376506
logistic_rich_mask_permuted,44b6_eb2880fc,44b6_eb2880fc:282,union|44b6_eb2880fc:282|83,0,0.010639699782990846
logistic_rich_mask_permuted,44b6_eb2880fc,44b6_eb2880fc:282,union|44b6_eb2880fc:282|84,0,0.0008748305643667034
logistic_rich_mask_permuted,44b6_eb2880fc,44b6_eb2880fc:282,union|44b6_eb2880fc:282|85,0,0.0010842838489803605
logistic_rich_mask_permuted,44b6_eb2880fc,44b6_eb2880fc:282,union|44b6_eb2880fc:282|86,0,0.2561685434643806
logistic_rich_mask_permuted,44b6_eb2880fc,44b6_eb2880fc:282,union|44b6_eb2880fc:282|87,0,0.0168424610902727
logistic_rich_mask_permuted,44b6_eb2880fc,44b6_eb2880fc:282,union|44b6_eb2880fc:282|88,0,0.3677337660381766
logistic_rich_mask_permuted,44b6_eb2880fc,44b6_eb2880fc:282,union|44b6_eb2880fc:282|89,0,0.03494333841659674
logistic_rich_mask_permuted,44b6_eb2880fc,44b6_eb2880fc:282,union|44b6_eb2880fc:282|90,0,0.02489420296469004
logistic_rich_mask_permuted,44b6_eb2880fc,44b6_eb2880fc:282,union|44b6_eb2880fc:282|91,0,0.9945521507682737
logistic_rich_mask_permuted,44b6_eb2880fc,44b6_eb2880fc:282,union|44b6_eb2880fc:282|92,0,0.0379774393384753
logistic_rich_mask_permuted,44b6_eb2880fc,44b6_eb2880fc:282,union|44b6_eb2880fc:282|93,0,0.0883921604977274
logistic_rich_mask_permuted,44b6_eb2880fc,44b6_eb2880fc:282,union|44b6_eb2880fc:282|94,0,0.023895074095458164
logistic_rich_mask_permuted,44b6_eb2880fc,44b6_eb2880fc:282,union|44b6_eb2880fc:282|95,0,0.8745845171042901
logistic_rich_mask_permuted,44b6_eb2880fc,44b6_eb2880fc:282,union|44b6_eb2880fc:282|96,0,0.003296585772157208
logistic_rich_mask_permuted,44b6_eb2880fc,44b6_eb2880fc:282,union|44b6_eb2880fc:282|97,0,0.913980067642231
logistic_rich_mask_permuted,44b6_eb2880fc,44b6_eb2880fc:282,union|44b6_eb2880fc:282|98,0,0.7564678699248988
logistic_rich_mask_permuted,44b6_eb2880fc,44b6_eb2880fc:282,union|44b6_eb2880fc:282|99,0,0.9687328569136872
logistic_rich_mask_permuted,44b6_eb2880fc,44b6_eb2880fc:282,union|44b6_eb2880fc:282|100,0,0.03125990365747447
logistic_rich_mask_permuted,44b6_eb2880fc,44b6_eb2880fc:282,union|44b6_eb2880fc:282|101,0,0.047227340624164636
logistic_rich_mask_permuted,44b6_eb2880fc,44b6_eb2880fc:282,union|44b6_eb2880fc:282|102,0,0.03064588048747643
logistic_rich_mask_permuted,44b6_eb2880fc,44b6_eb2880fc:282,union|44b6_eb2880fc:282|103,0,0.37713250239654134
logistic_rich_mask_permuted,44b6_eb2880fc,44b6_eb2880fc:282,union|44b6_eb2880fc:282|104,0,0.0706305296527682
logistic_rich_mask_permuted,44b6_eb2880fc,44b6_eb2880fc:282,union|44b6_eb2880fc:282|105,0,0.09525043211191135
logistic_rich_mask_permuted,44b6_eb2880fc,44b6_eb2880fc:282,union|44b6_eb2880fc:282|106,0,0.017700226075306316
logistic_rich_mask_permuted,44b6_eb2880fc,44b6_eb2880fc:282,union|44b6_eb2880fc:282|107,0,0.009674660837855242
logistic_rich_mask_permuted,44b6_eb2880fc,44b6_eb2880fc:282,union|44b6_eb2880fc:282|108,0,0.028212417572057717
logistic_rich_mask_permuted,44b6_eb2880fc,44b6_eb2880fc:282,union|44b6_eb2880fc:282|109,0,0.13258460380926487
logistic_rich_mask_permuted,44b6_eb2880fc,44b6_eb2880fc:282,union|44b6_eb2880fc:282|110,0,0.027623175908418056
logistic_rich_mask_permuted,44b6_eb2880fc,44b6_eb2880fc:282,union|44b6_eb2880fc:282|111,0,0.03266604198760758
logistic_rich_mask_permuted,44b6_eb2880fc,44b6_eb2880fc:282,union|44b6_eb2880fc:282|112,0,0.022652690983411054
logistic_rich_mask_permuted,44b6_eb2880fc,44b6_eb2880fc:282,union|44b6_eb2880fc:282|113,0,0.00396456343484562
logistic_rich_mask_permuted,44b6_eb2880fc,44b6_eb2880fc:282,union|44b6_eb2880fc:282|114,0,0.009189979502116717
logistic_rich_mask_permuted,44b6_eb2880fc,44b6_eb2880fc:282,union|44b6_eb2880fc:282|115,0,0.0016600675506527683
logistic_rich_mask_permuted,44b6_eb2880fc,44b6_eb2880fc:282,union|44b6_eb2880fc:282|116,0,0.003277298340858423
logistic_rich_mask_permuted,44b6_eb2880fc,44b6_eb2880fc:282,union|44b6_eb2880fc:282|117,0,0.00272863915618216
logistic_rich_mask_permuted,44b6_eb2880fc,44b6_eb2880fc:282,union|44b6_eb2880fc:282|118,0,0.029948736090633987
logistic_rich_mask_permuted,44b6_eb2880fc,44b6_eb2880fc:282,union|44b6_eb2880fc:282|119,0,0.00963726905320092
logistic_rich_mask_permuted,44b6_eb2880fc,44b6_eb2880fc:282,union|44b6_eb2880fc:282|120,0,0.361469175838519
logistic_rich_mask_permuted,44b6_eb2880fc,44b6_eb2880fc:282,union|44b6_eb2880fc:282|121,0,0.4802348478811264
logistic_rich_mask_permuted,44b6_eb2880fc,44b6_eb2880fc:282,union|44b6_eb2880fc:282|122,0,0.041139581455863355
logistic_rich_mask_permuted,44b6_eb2880fc,44b6_eb2880fc:282,union|44b6_eb2880fc:282|123,0,0.19114002833939364
logistic_rich_mask_permuted,44b6_eb2880fc,44b6_eb2880fc:282,union|44b6_eb2880fc:282|124,0,0.061958995737425776
logistic_rich_mask_permuted,44b6_eb2880fc,44b6_eb2880fc:282,union|44b6_eb2880fc:282|125,0,0.3216472897766329
logistic_rich_mask_permuted,44b6_eb2880fc,44b6_eb2880fc:282,union|44b6_eb2880fc:282|126,0,0.026421739720766876
logistic_rich_mask_permuted,44b6_eb2880fc,44b6_eb2880fc:282,union|44b6_eb2880fc:282|127,0,0.08686204345164904
logistic_rich_mask_permuted,44b6_eb2880fc,44b6_eb2880fc:282,union|44b6_eb2880fc:282|128,0,0.07988263658609461
logistic_rich_mask_permuted,44b6_eb2880fc,44b6_eb2880fc:282,union|44b6_eb2880fc:282|129,0,0.013699285623319688
logistic_rich_mask_permuted,44b6_eb2880fc,44b6_eb2880fc:282,union|44b6_eb2880fc:282|130,0,0.010693409215988216
logistic_rich_mask_permuted,44b6_eb2880fc,44b6_eb2880fc:282,union|44b6_eb2880fc:282|131,0,0.013582815637629501
logistic_rich_mask_permuted,44b6_eb2880fc,44b6_eb2880fc:282,union|44b6_eb2880fc:282|132,0,0.020196383975554264
logistic_rich_mask_permuted,44b6_eb2880fc,44b6_eb2880fc:282,union|44b6_eb2880fc:282|133,0,0.019079810924077824
logistic_rich_mask_permuted,44b6_eb2880fc,44b6_eb2880fc:282,union|44b6_eb2880fc:282|134,0,0.007807064697145024
logistic_rich_mask_permuted,44b6_eb2880fc,44b6_eb2880fc:282,union|44b6_eb2880fc:282|135,0,0.0019788792558707293
logistic_rich_mask_permuted,44b6_eb2880fc,44b6_eb2880fc:282,union|44b6_eb2880fc:282|136,0,0.003743322473078389
logistic_rich_mask_permuted,44b6_eb2880fc,44b6_eb2880fc:282,union|44b6_eb2880fc:282|137,0,0.010965235395466592
logistic_rich_mask_permuted,44b6_eb2880fc,44b6_eb2880fc:282,union|44b6_eb2880fc:282|138,0,0.0026994943450211694
logistic_rich_mask_permuted,44b6_eb2880fc,44b6_eb2880fc:282,union|44b6_eb2880fc:282|139,0,0.0032839602961637704
logistic_rich_mask_permuted,44b6_eb2880fc,44b6_eb2880fc:282,union|44b6_eb2880fc:282|140,0,0.003348220887670133
logistic_rich_mask_permuted,44b6_eb2880fc,44b6_eb2880fc:282,union|44b6_eb2880fc:282|141,0,0.02985533230173142
logistic_rich_mask_permuted,44b6_eb2880fc,44b6_eb2880fc:282,union|44b6_eb2880fc:282|142,0,0.22296109229503214
logistic_rich_mask_permuted,44b6_eb2880fc,44b6_eb2880fc:282,union|44b6_eb2880fc:282|143,0,0.011417745908474386
logistic_rich_mask_permuted,44b6_eb2880fc,44b6_eb2880fc:282,union|44b6_eb2880fc:282|144,0,0.9455169781412143
logistic_rich_mask_permuted,44b6_eb2880fc,44b6_eb2880fc:282,union|44b6_eb2880fc:282|145,0,0.015947814179059758
logistic_rich_mask_permuted,44b6_eb2880fc,44b6_eb2880fc:282,union|44b6_eb2880fc:282|146,0,0.8841466673981027
logistic_rich_mask_permuted,44b6_eb2880fc,44b6_eb2880fc:282,union|44b6_eb2880fc:282|147,0,0.8777224023082971
logistic_rich_mask_permuted,44b6_eb2880fc,44b6_eb2880fc:282,union|44b6_eb2880fc:282|148,0,0.9142791377664393
logistic_rich_mask_permuted,44b6_eb2880fc,44b6_eb2880fc:282,union|44b6_eb2880fc:282|149,0,0.12664732631613412
logistic_rich_mask_permuted,44b6_eb2880fc,44b6_eb2880fc:282,union|44b6_eb2880fc:282|150,0,0.013358247650712243
logistic_rich_mask_permuted,44b6_eb2880fc,44b6_eb2880fc:282,union|44b6_eb2880fc:282|151,0,0.0343928562981322
logistic_rich_mask_permuted,44b6_eb2880fc,44b6_eb2880fc:282,union|44b6_eb2880fc:282|152,0,0.00876465974864024
logistic_rich_mask_permuted,44b6_eb2880fc,44b6_eb2880fc:282,union|44b6_eb2880fc:282|153,0,0.008656119904031083
logistic_rich_mask_permuted,44b6_eb2880fc,44b6_eb2880fc:282,union|44b6_eb2880fc:282|154,0,0.0068396271479384246
logistic_rich_mask_permuted,44b6_eb2880fc,44b6_eb2880fc:282,union|44b6_eb2880fc:282|155,0,0.02578078800992653
logistic_rich_mask_permuted,44b6_eb2880fc,44b6_eb2880fc:282,union|44b6_eb2880fc:282|156,0,0.004508154012888815
logistic_rich_mask_permuted,44b6_eb2880fc,44b6_eb2880fc:282,union|44b6_eb2880fc:282|157,0,0.008476188527898247
logistic_rich_mask_permuted,44b6_eb2880fc,44b6_eb2880fc:282,union|44b6_eb2880fc:282|158,0,0.164228423533809
logistic_rich_mask_permuted,44b6_eb2880fc,44b6_eb2880fc:282,union|44b6_eb2880fc:282|159,0,0.024236576769190464
logistic_rich_mask_permuted,44b6_eb2880fc,44b6_eb2880fc:282,union|44b6_eb2880fc:282|160,0,0.21023472046052938
logistic_rich_mask_permuted,44b6_eb2880fc,44b6_eb2880fc:282,union|44b6_eb2880fc:282|161,0,0.0633256234782579
logistic_rich_mask_permuted,44b6_eb2880fc,44b6_eb2880fc:282,union|44b6_eb2880fc:282|162,0,0.006275721802644656
logistic_rich_mask_permuted,44b6_eb2880fc,44b6_eb2880fc:282,union|44b6_eb2880fc:282|163,0,0.012096000738579665
logistic_rich_mask_permuted,44b6_eb2880fc,44b6_eb2880fc:282,union|44b6_eb2880fc:282|164,0,0.0009735631350651837
logistic_rich_mask_permuted,44b6_eb2880fc,44b6_eb2880fc:282,union|44b6_eb2880fc:282|165,0,0.0022774590320564776
logistic_rich_mask_permuted,44b6_eb2880fc,44b6_eb2880fc:282,union|44b6_eb2880fc:282|166,0,0.007607708755587539
logistic_rich_mask_permuted,44b6_eb2880fc,44b6_eb2880fc:282,union|44b6_eb2880fc:282|167,0,0.005583844040316399
logistic_rich_mask_permuted,44b6_eb2880fc,44b6_eb2880fc:282,union|44b6_eb2880fc:282|168,0,0.004483218700103606
logistic_rich_mask_permuted,44b6_eb2880fc,44b6_eb2880fc:282,union|44b6_eb2880fc:282|169,0,0.2201776046168149
logistic_rich_mask_permuted,44b6_eb2880fc,44b6_eb2880fc:282,union|44b6_eb2880fc:282|170,0,0.3349932550072083
logistic_rich_mask_permuted,44b6_eb2880fc,44b6_eb2880fc:282,union|44b6_eb2880fc:282|171,0,0.6288184470073377
logistic_rich_mask_permuted,44b6_eb2880fc,44b6_eb2880fc:282,union|44b6_eb2880fc:282|172,0,0.005564043421955096
logistic_rich_mask_permuted,44b6_eb2880fc,44b6_eb2880fc:282,union|44b6_eb2880fc:282|173,0,0.004032679817565697
logistic_rich_mask_permuted,44b6_eb2880fc,44b6_eb2880fc:282,union|44b6_eb2880fc:282|174,0,0.0019367079465043191
logistic_rich_mask_permuted,44b6_eb2880fc,44b6_eb2880fc:282,union|44b6_eb2880fc:282|175,0,0.004781338961752119
logistic_rich_mask_permuted,44b6_eb2880fc,44b6_eb2880fc:282,union|44b6_eb2880fc:282|176,0,0.24348679794194183
logistic_rich_mask_permuted,44b6_eb2880fc,44b6_eb2880fc:282,union|44b6_eb2880fc:282|177,0,0.19539832369583846
logistic_rich_mask_permuted,44b6_eb2880fc,44b6_eb2880fc:282,union|44b6_eb2880fc:282|178,0,0.009613156410837324
logistic_rich_mask_permuted,44b6_eb2880fc,44b6_eb2880fc:282,union|44b6_eb2880fc:282|179,0,0.22265190304665525
logistic_rich_mask_permuted,44b6_eb2880fc,44b6_eb2880fc:282,union|44b6_eb2880fc:282|180,0,0.012867678310077917
logistic_rich_mask_permuted,6bba_05db0fb1,6bba_05db0fb1:229,union|6bba_05db0fb1:229|0,0,0.1506473936017866
logistic_rich_mask_permuted,6bba_05db0fb1,6bba_05db0fb1:229,union|6bba_05db0fb1:229|1,0,0.009999686887903187
logistic_rich_mask_permuted,6bba_05db0fb1,6bba_05db0fb1:229,union|6bba_05db0fb1:229|2,0,0.03173285316743868
logistic_rich_mask_permuted,6bba_05db0fb1,6bba_05db0fb1:229,union|6bba_05db0fb1:229|3,0,0.008412878624543266
logistic_rich_mask_permuted,6bba_05db0fb1,6bba_05db0fb1:229,union|6bba_05db0fb1:229|4,0,0.0023489587400061874
logistic_rich_mask_permuted,6bba_05db0fb1,6bba_05db0fb1:229,union|6bba_05db0fb1:229|5,0,0.03805944696488442
logistic_rich_mask_permuted,6bba_05db0fb1,6bba_05db0fb1:229,union|6bba_05db0fb1:229|6,0,0.05112855119023449
logistic_rich_mask_permuted,6bba_05db0fb1,6bba_05db0fb1:229,union|6bba_05db0fb1:229|7,0,0.010224759727584834
logistic_rich_mask_permuted,6bba_05db0fb1,6bba_05db0fb1:229,union|6bba_05db0fb1:229|8,0,0.13528230672613487
logistic_rich_mask_permuted,6bba_05db0fb1,6bba_05db0fb1:229,union|6bba_05db0fb1:229|9,0,0.000398280908673465
logistic_rich_mask_permuted,6bba_05db0fb1,6bba_05db0fb1:229,union|6bba_05db0fb1:229|10,0,0.007004074039192607
logistic_rich_mask_permuted,6bba_05db0fb1,6bba_05db0fb1:229,union|6bba_05db0fb1:229|11,0,0.001675187342365831
logistic_rich_mask_permuted,6bba_05db0fb1,6bba_05db0fb1:229,union|6bba_05db0fb1:229|12,0,0.002573960839311315
logistic_rich_mask_permuted,6bba_05db0fb1,6bba_05db0fb1:229,union|6bba_05db0fb1:229|13,0,0.00763420161114682
logistic_rich_mask_permuted,6bba_05db0fb1,6bba_05db0fb1:229,union|6bba_05db0fb1:229|14,0,0.003629142021720848
logistic_rich_mask_permuted,6bba_05db0fb1,6bba_05db0fb1:229,union|6bba_05db0fb1:229|15,0,0.031037314933485972
logistic_rich_mask_permuted,6bba_05db0fb1,6bba_05db0fb1:229,union|6bba_05db0fb1:229|16,0,0.4479269554838283
logistic_rich_mask_permuted,6bba_05db0fb1,6bba_05db0fb1:229,union|6bba_05db0fb1:229|17,0,0.7922989257678266
logistic_rich_mask_permuted,6bba_05db0fb1,6bba_05db0fb1:229,union|6bba_05db0fb1:229|18,0,0.001825695288280008
logistic_rich_mask_permuted,6bba_05db0fb1,6bba_05db0fb1:229,union|6bba_05db0fb1:229|19,0,0.007112169735938834
logistic_rich_mask_permuted,6bba_05db0fb1,6bba_05db0fb1:229,union|6bba_05db0fb1:229|20,0,0.028278323399145305
logistic_rich_mask_permuted,6bba_05db0fb1,6bba_05db0fb1:229,union|6bba_05db0fb1:229|21,0,0.004588157738941395
logistic_rich_mask_permuted,6bba_05db0fb1,6bba_05db0fb1:229,union|6bba_05db0fb1:229|22,0,0.08707740734722438
logistic_rich_mask_permuted,6bba_05db0fb1,6bba_05db0fb1:229,union|6bba_05db0fb1:229|23,0,0.4219966915324529
logistic_rich_mask_permuted,6bba_05db0fb1,6bba_05db0fb1:229,union|6bba_05db0fb1:229|24,0,0.025334409950326313
logistic_rich_mask_permuted,6bba_05db0fb1,6bba_05db0fb1:229,union|6bba_05db0fb1:229|25,0,0.048689315740447055
logistic_rich_mask_permuted,6bba_05db0fb1,6bba_05db0fb1:229,union|6bba_05db0fb1:229|26,0,0.0020869387676642893
logistic_rich_mask_permuted,6bba_05db0fb1,6bba_05db0fb1:229,union|6bba_05db0fb1:229|27,0,0.020778901442529363
logistic_rich_mask_permuted,6bba_05db0fb1,6bba_05db0fb1:229,union|6bba_05db0fb1:229|28,0,0.13161597264326325
logistic_rich_mask_permuted,6bba_05db0fb1,6bba_05db0fb1:229,union|6bba_05db0fb1:229|29,0,0.0007925993254256703
logistic_rich_mask_permuted,6bba_05db0fb1,6bba_05db0fb1:229,union|6bba_05db0fb1:229|30,0,0.10051522698521372
logistic_rich_mask_permuted,6bba_05db0fb1,6bba_05db0fb1:229,union|6bba_05db0fb1:229|31,0,0.006926893612727311
logistic_rich_mask_permuted,6bba_05db0fb1,6bba_05db0fb1:229,union|6bba_05db0fb1:229|32,0,0.04588769038768111
logistic_rich_mask_permuted,6bba_05db0fb1,6bba_05db0fb1:229,union|6bba_05db0fb1:229|33,0,0.014559684835087487
logistic_rich_mask_permuted,6bba_05db0fb1,6bba_05db0fb1:229,union|6bba_05db0fb1:229|34,0,0.012718463377142334
logistic_rich_mask_permuted,6bba_05db0fb1,6bba_05db0fb1:229,union|6bba_05db0fb1:229|35,0,0.009293282699325783
logistic_rich_mask_permuted,6bba_05db0fb1,6bba_05db0fb1:229,union|6bba_05db0fb1:229|36,0,0.00017461036199843823
logistic_rich_mask_permuted,6bba_05db0fb1,6bba_05db0fb1:229,union|6bba_05db0fb1:229|37,0,0.00013989071424286225
logistic_rich_mask_permuted,6bba_05db0fb1,6bba_05db0fb1:229,union|6bba_05db0fb1:229|38,0,0.020767679830850424
logistic_rich_mask_permuted,6bba_05db0fb1,6bba_05db0fb1:229,union|6bba_05db0fb1:229|39,0,0.006404883342077328
logistic_rich_mask_permuted,6bba_05db0fb1,6bba_05db0fb1:229,union|6bba_05db0fb1:229|40,0,0.0008005463913694576
logistic_rich_mask_permuted,6bba_05db0fb1,6bba_05db0fb1:229,union|6bba_05db0fb1:229|41,0,0.0010462170131060103
logistic_rich_mask_permuted,6bba_05db0fb1,6bba_05db0fb1:229,union|6bba_05db0fb1:229|42,0,0.7254640001863657
logistic_rich_mask_permuted,6bba_05db0fb1,6bba_05db0fb1:229,union|6bba_05db0fb1:229|43,0,0.09612570288160123
logistic_rich_mask_permuted,6bba_05db0fb1,6bba_05db0fb1:229,union|6bba_05db0fb1:229|44,0,0.9507583770221784
logistic_rich_mask_permuted,6bba_05db0fb1,6bba_05db0fb1:229,union|6bba_05db0fb1:229|45,0,0.09128143179898385
logistic_rich_mask_permuted,6bba_05db0fb1,6bba_05db0fb1:229,union|6bba_05db0fb1:229|46,0,0.0033133724636958306
logistic_rich_mask_permuted,6bba_05db0fb1,6bba_05db0fb1:229,union|6bba_05db0fb1:229|47,0,0.016020266930503374
logistic_rich_mask_permuted,6bba_05db0fb1,6bba_05db0fb1:229,union|6bba_05db0fb1:229|48,0,0.19279279798889706
logistic_rich_mask_permuted,6bba_05db0fb1,6bba_05db0fb1:229,union|6bba_05db0fb1:229|49,0,0.9199679050152861
logistic_rich_mask_permuted,6bba_05db0fb1,6bba_05db0fb1:229,union|6bba_05db0fb1:229|50,0,0.26218073628721733
logistic_rich_mask_permuted,6bba_05db0fb1,6bba_05db0fb1:229,union|6bba_05db0fb1:229|51,0,0.03690223423570256
logistic_rich_mask_permuted,6bba_05db0fb1,6bba_05db0fb1:229,union|6bba_05db0fb1:229|52,0,0.006386064280424855
logistic_rich_mask_permuted,6bba_05db0fb1,6bba_05db0fb1:229,union|6bba_05db0fb1:229|53,0,0.1396842521537311
logistic_rich_mask_permuted,6bba_05db0fb1,6bba_05db0fb1:229,union|6bba_05db0fb1:229|54,0,0.0018175076757418593
logistic_rich_mask_permuted,6bba_05db0fb1,6bba_05db0fb1:229,union|6bba_05db0fb1:229|55,0,0.23736880332561813
logistic_rich_mask_permuted,6bba_05db0fb1,6bba_05db0fb1:229,union|6bba_05db0fb1:229|56,0,0.029677840965251893
logistic_rich_mask_permuted,6bba_05db0fb1,6bba_05db0fb1:229,union|6bba_05db0fb1:229|57,0,0.0039852268664788484
logistic_rich_mask_permuted,6bba_05db0fb1,6bba_05db0fb1:229,union|6bba_05db0fb1:229|58,0,0.5304559982756695
logistic_rich_mask_permuted,6bba_05db0fb1,6bba_05db0fb1:229,union|6bba_05db0fb1:229|59,0,0.0033458585235176426
logistic_rich_mask_permuted,6bba_05db0fb1,6bba_05db0fb1:229,union|6bba_05db0fb1:229|60,0,0.8195589697926091
logistic_rich_mask_permuted,6bba_05db0fb1,6bba_05db0fb1:229,union|6bba_05db0fb1:229|61,0,0.08898108257797285
logistic_rich_mask_permuted,6bba_05db0fb1,6bba_05db0fb1:229,union|6bba_05db0fb1:229|62,0,0.03971635288327957
logistic_rich_mask_permuted,6bba_05db0fb1,6bba_05db0fb1:229,union|6bba_05db0fb1:229|63,0,0.10348696869986716
logistic_rich_mask_permuted,6bba_05db0fb1,6bba_05db0fb1:229,union|6bba_05db0fb1:229|64,0,0.8459884393903502
logistic_rich_mask_permuted,6bba_05db0fb1,6bba_05db0fb1:229,union|6bba_05db0fb1:229|65,0,0.13784183888645596
logistic_rich_mask_permuted,6bba_05db0fb1,6bba_05db0fb1:229,union|6bba_05db0fb1:229|66,0,0.0072049407628321845
logistic_rich_mask_permuted,6bba_05db0fb1,6bba_05db0fb1:229,union|6bba_05db0fb1:229|67,0,0.022295070578227997
logistic_rich_mask_permuted,6bba_05db0fb1,6bba_05db0fb1:229,union|6bba_05db0fb1:229|68,0,0.0011306018318887735
logistic_rich_mask_permuted,6bba_05db0fb1,6bba_05db0fb1:229,union|6bba_05db0fb1:229|69,0,0.04562520056619948
logistic_rich_mask_permuted,6bba_05db0fb1,6bba_05db0fb1:229,union|6bba_05db0fb1:229|70,0,0.03971849975239052
logistic_rich_mask_permuted,6bba_05db0fb1,6bba_05db0fb1:229,union|6bba_05db0fb1:229|71,0,0.004085404431206172
logistic_rich_mask_permuted,6bba_05db0fb1,6bba_05db0fb1:229,union|6bba_05db0fb1:229|72,0,0.6579841905883052
logistic_rich_mask_permuted,6bba_05db0fb1,6bba_05db0fb1:229,union|6bba_05db0fb1:229|73,0,0.0019589800468944544
logistic_rich_mask_permuted,6bba_05db0fb1,6bba_05db0fb1:229,union|6bba_05db0fb1:229|74,0,0.04174830538798903
logistic_rich_mask_permuted,6bba_05db0fb1,6bba_05db0fb1:229,union|6bba_05db0fb1:229|75,0,0.0149999678600951
logistic_rich_mask_permuted,6bba_05db0fb1,6bba_05db0fb1:229,union|6bba_05db0fb1:229|76,0,0.044444964951212244
logistic_rich_mask_permuted,6bba_05db0fb1,6bba_05db0fb1:229,union|6bba_05db0fb1:229|77,0,0.08712831947581612
logistic_rich_mask_permuted,6bba_05db0fb1,6bba_05db0fb1:229,union|6bba_05db0fb1:229|78,0,0.0018191215730918248
logistic_rich_mask_permuted,6bba_05db0fb1,6bba_05db0fb1:229,union|6bba_05db0fb1:229|79,0,0.07227851032016262
logistic_rich_mask_permuted,6bba_05db0fb1,6bba_05db0fb1:229,union|6bba_05db0fb1:229|80,0,0.0018770792058988768
logistic_rich_mask_permuted,6bba_05db0fb1,6bba_05db0fb1:229,union|6bba_05db0fb1:229|81,0,0.018929269372533548
logistic_rich_mask_permuted,6bba_05db0fb1,6bba_05db0fb1:229,union|6bba_05db0fb1:229|82,0,0.018394649945681834
logistic_rich_mask_permuted,6bba_05db0fb1,6bba_05db0fb1:229,union|6bba_05db0fb1:229|83,0,0.000573278792481308
logistic_rich_mask_permuted,6bba_05db0fb1,6bba_05db0fb1:229,union|6bba_05db0fb1:229|84,0,0.5996867463152756
logistic_rich_mask_permuted,6bba_05db0fb1,6bba_05db0fb1:229,union|6bba_05db0fb1:229|85,0,0.046460843557484775
logistic_rich_mask_permuted,6bba_05db0fb1,6bba_05db0fb1:229,union|6bba_05db0fb1:229|86,0,0.8280845990551774
logistic_rich_mask_permuted,6bba_05db0fb1,6bba_05db0fb1:229,union|6bba_05db0fb1:229|87,1,0.9017271428909337
logistic_rich_mask_permuted,6bba_05db0fb1,6bba_05db0fb1:229,union|6bba_05db0fb1:229|88,0,0.30909156041749575
logistic_rich_mask_permuted,6bba_05db0fb1,6bba_05db0fb1:229,union|6bba_05db0fb1:229|89,0,0.08023808724195905
logistic_rich_mask_permuted,6bba_05db0fb1,6bba_05db0fb1:229,union|6bba_05db0fb1:229|90,0,0.0004759190531851191
logistic_rich_mask_permuted,6bba_05db0fb1,6bba_05db0fb1:229,union|6bba_05db0fb1:229|91,0,0.0337437612429682
logistic_rich_mask_permuted,6bba_05db0fb1,6bba_05db0fb1:229,union|6bba_05db0fb1:229|92,0,0.06946519682059721
logistic_rich_mask_permuted,6bba_05db0fb1,6bba_05db0fb1:229,union|6bba_05db0fb1:229|93,0,0.10597985562531578
logistic_rich_mask_permuted,6bba_05db0fb1,6bba_05db0fb1:229,union|6bba_05db0fb1:229|94,0,0.12456292083319015
logistic_rich_mask_permuted,6bba_05db0fb1,6bba_05db0fb1:229,union|6bba_05db0fb1:229|95,0,0.0002473138574911583
logistic_rich_mask_permuted,6bba_05db0fb1,6bba_05db0fb1:229,union|6bba_05db0fb1:229|96,0,0.5359685970078353
logistic_rich_mask_permuted,6bba_05db0fb1,6bba_05db0fb1:229,union|6bba_05db0fb1:229|97,0,0.4253883913021261
logistic_rich_mask_permuted,6bba_05db0fb1,6bba_05db0fb1:229,union|6bba_05db0fb1:229|98,0,0.010206257855055094
logistic_rich_mask_permuted,6bba_05db0fb1,6bba_05db0fb1:229,union|6bba_05db0fb1:229|99,0,0.00930768353340856
logistic_rich_mask_permuted,6bba_05db0fb1,6bba_05db0fb1:229,union|6bba_05db0fb1:229|100,0,0.04039835935659943
logistic_rich_mask_permuted,6bba_05db0fb1,6bba_05db0fb1:229,union|6bba_05db0fb1:229|101,0,0.1272668755389991
logistic_rich_mask_permuted,6bba_05db0fb1,6bba_05db0fb1:229,union|6bba_05db0fb1:229|102,0,0.02974724952537415
logistic_rich_mask_permuted,6bba_05db0fb1,6bba_05db0fb1:229,union|6bba_05db0fb1:229|103,0,0.02132221221052468
logistic_rich_mask_permuted,6bba_05db0fb1,6bba_05db0fb1:229,union|6bba_05db0fb1:229|104,0,0.0007663487131883171
logistic_rich_mask_permuted,6bba_05db0fb1,6bba_05db0fb1:229,union|6bba_05db0fb1:229|105,0,0.00849432545981032
logistic_rich_mask_permuted,6bba_05db0fb1,6bba_05db0fb1:229,union|6bba_05db0fb1:229|106,0,0.15830288437078657
logistic_rich_mask_permuted,6bba_05db0fb1,6bba_05db0fb1:229,union|6bba_05db0fb1:229|107,0,0.009764915586425935
logistic_rich_mask_permuted,6bba_05db0fb1,6bba_05db0fb1:229,union|6bba_05db0fb1:229|108,0,0.0112207799806151
logistic_rich_mask_permuted,6bba_05db0fb1,6bba_05db0fb1:229,union|6bba_05db0fb1:229|109,0,0.00208057786390013
logistic_rich_mask_permuted,6bba_05db0fb1,6bba_05db0fb1:229,union|6bba_05db0fb1:229|110,0,0.004959355198122228
logistic_rich_mask_permuted,6bba_05db0fb1,6bba_05db0fb1:229,union|6bba_05db0fb1:229|111,0,0.0005796696674713156
logistic_rich_mask_permuted,6bba_05db0fb1,6bba_05db0fb1:229,union|6bba_05db0fb1:229|112,0,0.0005278987003550638
logistic_rich_mask_permuted,6bba_05db0fb1,6bba_05db0fb1:229,union|6bba_05db0fb1:229|113,0,0.0014244863218201204
logistic_rich_mask_permuted,6bba_05db0fb1,6bba_05db0fb1:229,union|6bba_05db0fb1:229|114,0,0.05899645778654723
logistic_rich_mask_permuted,6bba_05db0fb1,6bba_05db0fb1:229,union|6bba_05db0fb1:229|115,0,0.004327927167688389
logistic_rich_mask_permuted,6bba_05db0fb1,6bba_05db0fb1:229,union|6bba_05db0fb1:229|116,0,0.014006345309438492
logistic_rich_mask_permuted,6bba_05db0fb1,6bba_05db0fb1:229,union|6bba_05db0fb1:229|117,0,0.11165211731383451
logistic_rich_mask_permuted,6bba_05db0fb1,6bba_05db0fb1:229,union|6bba_05db0fb1:229|118,0,0.003343412184359535
logistic_rich_mask_permuted,6bba_05db0fb1,6bba_05db0fb1:229,union|6bba_05db0fb1:229|119,0,0.0015640791223065578
logistic_rich_mask_permuted,6bba_05db0fb1,6bba_05db0fb1:229,union|6bba_05db0fb1:229|120,0,0.7275960321238183
logistic_rich_mask_permuted,6bba_05db0fb1,6bba_05db0fb1:229,union|6bba_05db0fb1:229|121,0,0.33857878019552906
logistic_rich_mask_permuted,6bba_05db0fb1,6bba_05db0fb1:229,union|6bba_05db0fb1:229|122,0,0.07902486049460007
logistic_rich_mask_permuted,6bba_05db0fb1,6bba_05db0fb1:229,union|6bba_05db0fb1:229|123,0,0.012757695123806274
logistic_rich_mask_permuted,6bba_05db0fb1,6bba_05db0fb1:229,union|6bba_05db0fb1:229|124,0,0.07357764049079657
logistic_rich_mask_permuted,6bba_05db0fb1,6bba_05db0fb1:229,union|6bba_05db0fb1:229|125,0,0.013385953243131682
logistic_rich_mask_permuted,6bba_05db0fb1,6bba_05db0fb1:229,union|6bba_05db0fb1:229|126,0,0.01175848006714515
logistic_rich_mask_permuted,6bba_05db0fb1,6bba_05db0fb1:229,union|6bba_05db0fb1:229|127,0,0.37702591010656805
logistic_rich_mask_permuted,6bba_05db0fb1,6bba_05db0fb1:229,union|6bba_05db0fb1:229|128,0,0.0935486655593693
logistic_rich_mask_permuted,6bba_05db0fb1,6bba_05db0fb1:229,union|6bba_05db0fb1:229|129,0,0.017613609667069527
logistic_rich_mask_permuted,6bba_05db0fb1,6bba_05db0fb1:229,union|6bba_05db0fb1:229|130,0,0.44505146809848817
logistic_rich_mask_permuted,6bba_05db0fb1,6bba_05db0fb1:229,union|6bba_05db0fb1:229|131,0,0.040943737320583186
logistic_rich_mask_permuted,6bba_05db0fb1,6bba_05db0fb1:229,union|6bba_05db0fb1:229|132,0,0.0005239739243386002
logistic_rich_mask_permuted,6bba_05db0fb1,6bba_05db0fb1:229,union|6bba_05db0fb1:229|133,0,0.10247331232836888
logistic_rich_mask_permuted,6bba_05db0fb1,6bba_05db0fb1:229,union|6bba_05db0fb1:229|134,0,0.15699483315834206
logistic_rich_mask_permuted,6bba_05db0fb1,6bba_05db0fb1:229,union|6bba_05db0fb1:229|135,0,0.000645670662050891
logistic_rich_mask_permuted,6bba_05db0fb1,6bba_05db0fb1:229,union|6bba_05db0fb1:229|136,0,0.9615314597898437
logistic_rich_mask_permuted,6bba_05db0fb1,6bba_05db0fb1:229,union|6bba_05db0fb1:229|137,0,0.029923866331783105
logistic_rich_mask_permuted,6bba_05db0fb1,6bba_05db0fb1:229,union|6bba_05db0fb1:229|138,0,0.4773082060710535
logistic_rich_mask_permuted,6bba_05db0fb1,6bba_05db0fb1:229,union|6bba_05db0fb1:229|139,0,0.10822343622752187
logistic_rich_mask_permuted,6bba_05db0fb1,6bba_05db0fb1:229,union|6bba_05db0fb1:229|140,0,0.001074690246946705
logistic_rich_mask_permuted,6bba_05db0fb1,6bba_05db0fb1:229,union|6bba_05db0fb1:229|141,0,0.14624757254231996
logistic_rich_mask_permuted,6bba_05db0fb1,6bba_05db0fb1:229,union|6bba_05db0fb1:229|142,0,0.02490007435930781
logistic_rich_mask_permuted,6bba_05db0fb1,6bba_05db0fb1:229,union|6bba_05db0fb1:229|143,0,0.005498853407461708
logistic_rich_mask_permuted,6bba_05db0fb1,6bba_05db0fb1:229,union|6bba_05db0fb1:229|144,0,0.012123113747097465
logistic_rich_mask_permuted,6bba_05db0fb1,6bba_05db0fb1:229,union|6bba_05db0fb1:229|145,0,0.0011358214739334036
logistic_rich_mask_permuted,6bba_05db0fb1,6bba_05db0fb1:229,union|6bba_05db0fb1:229|146,0,0.0026128044674261167
logistic_rich_mask_permuted,6bba_05db0fb1,6bba_05db0fb1:229,union|6bba_05db0fb1:229|147,0,0.003991874214805078
logistic_rich_mask_permuted,6bba_05db0fb1,6bba_05db0fb1:229,union|6bba_05db0fb1:229|148,0,0.02121683831547523
logistic_rich_mask_permuted,6bba_05db0fb1,6bba_05db0fb1:229,union|6bba_05db0fb1:229|149,0,0.006814179747244954
logistic_rich_mask_permuted,6bba_05db0fb1,6bba_05db0fb1:229,union|6bba_05db0fb1:229|150,0,0.0014119030687635356
logistic_rich_mask_permuted,6bba_05db0fb1,6bba_05db0fb1:229,union|6bba_05db0fb1:229|151,0,0.00039171427504128124
logistic_rich_mask_permuted,6bba_05db0fb1,6bba_05db0fb1:229,union|6bba_05db0fb1:229|152,0,0.003536523706415544
logistic_rich_mask_permuted,6bba_05db0fb1,6bba_05db0fb1:229,union|6bba_05db0fb1:229|153,0,0.0009322894269329344
logistic_rich_mask_permuted,6bba_05db0fb1,6bba_05db0fb1:229,union|6bba_05db0fb1:229|154,0,0.006526162164872403
logistic_rich_mask_permuted,6bba_05db0fb1,6bba_05db0fb1:229,union|6bba_05db0fb1:229|155,0,0.06589334927802341
logistic_rich_mask_permuted,6bba_05db0fb1,6bba_05db0fb1:229,union|6bba_05db0fb1:229|156,0,0.0015193050945825563
logistic_rich_mask_permuted,6bba_05db0fb1,6bba_05db0fb1:229,union|6bba_05db0fb1:229|157,0,0.14549401193217193
logistic_rich_mask_permuted,6bba_05db0fb1,6bba_05db0fb1:229,union|6bba_05db0fb1:229|158,0,0.00012594376895065006
logistic_rich_mask_permuted,6bba_05db0fb1,6bba_05db0fb1:229,union|6bba_05db0fb1:229|159,0,0.0022375645212168557
logistic_rich_mask_permuted,6bba_05db0fb1,6bba_05db0fb1:229,union|6bba_05db0fb1:229|160,0,0.0027385602783136635
logistic_rich_mask_permuted,6bba_05db0fb1,6bba_05db0fb1:229,union|6bba_05db0fb1:229|161,0,0.003325709016429601
logistic_rich_mask_permuted,6bba_05db0fb1,6bba_05db0fb1:229,union|6bba_05db0fb1:229|162,0,0.0004438687348371899
logistic_rich_mask_permuted,6bba_05db0fb1,6bba_05db0fb1:229,union|6bba_05db0fb1:229|163,0,0.046680101376130254
logistic_rich_mask_permuted,6bba_05db0fb1,6bba_05db0fb1:229,union|6bba_05db0fb1:229|164,0,0.00017480199964950907
logistic_rich_mask_permuted,6bba_05db0fb1,6bba_05db0fb1:229,union|6bba_05db0fb1:229|165,0,0.2149666672888693
logistic_rich_mask_permuted,6bba_05db0fb1,6bba_05db0fb1:229,union|6bba_05db0fb1:229|166,0,0.006116925562902483
logistic_rich_mask_permuted,6bba_05db0fb1,6bba_05db0fb1:229,union|6bba_05db0fb1:229|167,0,0.0003624720977734576
logistic_rich_mask_permuted,6bba_05db0fb1,6bba_05db0fb1:229,union|6bba_05db0fb1:229|168,0,0.028537605873989704
logistic_rich_mask_permuted,6bba_05db0fb1,6bba_05db0fb1:229,union|6bba_05db0fb1:229|169,0,0.003062521541656717
logistic_rich_mask_permuted,6bba_05db0fb1,6bba_05db0fb1:229,union|6bba_05db0fb1:229|170,0,0.0007044345438506603
logistic_rich_mask_permuted,6bba_05db0fb1,6bba_05db0fb1:229,union|6bba_05db0fb1:229|171,0,0.00020797831050951742
logistic_rich_mask_permuted,6bba_05db0fb1,6bba_05db0fb1:229,union|6bba_05db0fb1:229|172,0,2.6224692281649725e-05
logistic_rich_mask_permuted,6bba_05db0fb1,6bba_05db0fb1:751,union|6bba_05db0fb1:751|0,0,0.18557426094430876
logistic_rich_mask_permuted,6bba_05db0fb1,6bba_05db0fb1:751,union|6bba_05db0fb1:751|1,0,0.8249593926715425
logistic_rich_mask_permuted,6bba_05db0fb1,6bba_05db0fb1:751,union|6bba_05db0fb1:751|2,0,0.2339251802773405
logistic_rich_mask_permuted,6bba_05db0fb1,6bba_05db0fb1:751,union|6bba_05db0fb1:751|3,0,0.3942300522118584
logistic_rich_mask_permuted,6bba_05db0fb1,6bba_05db0fb1:751,union|6bba_05db0fb1:751|4,0,0.4530240882107216
logistic_rich_mask_permuted,6bba_05db0fb1,6bba_05db0fb1:751,union|6bba_05db0fb1:751|5,0,0.34279241631095797
logistic_rich_mask_permuted,6bba_05db0fb1,6bba_05db0fb1:751,union|6bba_05db0fb1:751|6,0,0.615234593636676
logistic_rich_mask_permuted,6bba_05db0fb1,6bba_05db0fb1:751,union|6bba_05db0fb1:751|7,0,0.032849390844365785
logistic_rich_mask_permuted,6bba_05db0fb1,6bba_05db0fb1:751,union|6bba_05db0fb1:751|8,0,0.13561317501041725
logistic_rich_mask_permuted,6bba_05db0fb1,6bba_05db0fb1:751,union|6bba_05db0fb1:751|9,0,0.4016852986617356
logistic_rich_mask_permuted,6bba_05db0fb1,6bba_05db0fb1:751,union|6bba_05db0fb1:751|10,0,0.013473212430836446
logistic_rich_mask_permuted,6bba_05db0fb1,6bba_05db0fb1:751,union|6bba_05db0fb1:751|11,0,0.0008220392687365992
logistic_rich_mask_permuted,6bba_05db0fb1,6bba_05db0fb1:751,union|6bba_05db0fb1:751|12,0,0.07683367946133926
logistic_rich_mask_permuted,6bba_05db0fb1,6bba_05db0fb1:751,union|6bba_05db0fb1:751|13,0,0.20907709641691036
logistic_rich_mask_permuted,6bba_05db0fb1,6bba_05db0fb1:751,union|6bba_05db0fb1:751|14,0,0.05920455955827871
logistic_rich_mask_permuted,6bba_05db0fb1,6bba_05db0fb1:751,union|6bba_05db0fb1:751|15,0,0.04801173997016131
logistic_rich_mask_permuted,6bba_05db0fb1,6bba_05db0fb1:751,union|6bba_05db0fb1:751|16,0,0.07641074558821072
logistic_rich_mask_permuted,6bba_05db0fb1,6bba_05db0fb1:751,union|6bba_05db0fb1:751|17,0,0.0031570817968210687
logistic_rich_mask_permuted,6bba_05db0fb1,6bba_05db0fb1:751,union|6bba_05db0fb1:751|18,0,0.1363071278566251
logistic_rich_mask_permuted,6bba_05db0fb1,6bba_05db0fb1:751,union|6bba_05db0fb1:751|19,0,0.015874762344399343
logistic_rich_mask_permuted,6bba_05db0fb1,6bba_05db0fb1:751,union|6bba_05db0fb1:751|20,0,0.014499946888685467
logistic_rich_mask_permuted,6bba_05db0fb1,6bba_05db0fb1:751,union|6bba_05db0fb1:751|21,0,0.10554500105087837
logistic_rich_mask_permuted,6bba_05db0fb1,6bba_05db0fb1:751,union|6bba_05db0fb1:751|22,0,0.05667672140605429
logistic_rich_mask_permuted,6bba_05db0fb1,6bba_05db0fb1:751,union|6bba_05db0fb1:751|23,0,0.007642347674350261
logistic_rich_mask_permuted,6bba_05db0fb1,6bba_05db0fb1:751,union|6bba_05db0fb1:751|24,0,0.014174396606267686
logistic_rich_mask_permuted,6bba_05db0fb1,6bba_05db0fb1:751,union|6bba_05db0fb1:751|25,0,0.008051777454499667
logistic_rich_mask_permuted,6bba_05db0fb1,6bba_05db0fb1:751,union|6bba_05db0fb1:751|26,0,0.007425106824172279
logistic_rich_mask_permuted,6bba_05db0fb1,6bba_05db0fb1:751,union|6bba_05db0fb1:751|27,0,0.010318013737609641
logistic_rich_mask_permuted,6bba_05db0fb1,6bba_05db0fb1:751,union|6bba_05db0fb1:751|28,0,0.008559218831329662
logistic_rich_mask_permuted,6bba_05db0fb1,6bba_05db0fb1:751,union|6bba_05db0fb1:751|29,0,0.36758575277049066
logistic_rich_mask_permuted,6bba_05db0fb1,6bba_05db0fb1:751,union|6bba_05db0fb1:751|30,0,0.10380536406175092
logistic_rich_mask_permuted,6bba_05db0fb1,6bba_05db0fb1:751,union|6bba_05db0fb1:751|31,0,0.03517290938764412
logistic_rich_mask_permuted,6bba_05db0fb1,6bba_05db0fb1:751,union|6bba_05db0fb1:751|32,1,0.8772241818341465
logistic_rich_mask_permuted,6bba_05db0fb1,6bba_05db0fb1:751,union|6bba_05db0fb1:751|33,0,0.6708793557225653
logistic_rich_mask_permuted,6bba_05db0fb1,6bba_05db0fb1:751,union|6bba_05db0fb1:751|34,0,0.6972974763690363
logistic_rich_mask_permuted,6bba_05db0fb1,6bba_05db0fb1:751,union|6bba_05db0fb1:751|35,0,0.4250594193431403
logistic_rich_mask_permuted,6bba_05db0fb1,6bba_05db0fb1:751,union|6bba_05db0fb1:751|36,0,0.7673325878022277
logistic_rich_mask_permuted,6bba_05db0fb1,6bba_05db0fb1:751,union|6bba_05db0fb1:751|37,0,0.02173443231666734
logistic_rich_mask_permuted,6bba_05db0fb1,6bba_05db0fb1:751,union|6bba_05db0fb1:751|38,0,0.0007033696547683997
logistic_rich_mask_permuted,6bba_05db0fb1,6bba_05db0fb1:751,union|6bba_05db0fb1:751|39,0,0.07331736907735643
logistic_rich_mask_permuted,6bba_05db0fb1,6bba_05db0fb1:751,union|6bba_05db0fb1:751|40,0,0.8003016412532789
logistic_rich_mask_permuted,6bba_05db0fb1,6bba_05db0fb1:751,union|6bba_05db0fb1:751|41,0,0.012840825463736777
logistic_rich_mask_permuted,6bba_05db0fb1,6bba_05db0fb1:751,union|6bba_05db0fb1:751|42,0,0.04235544869424755
logistic_rich_mask_permuted,6bba_05db0fb1,6bba_05db0fb1:751,union|6bba_05db0fb1:751|43,0,0.13508675274011042
logistic_rich_mask_permuted,6bba_05db0fb1,6bba_05db0fb1:751,union|6bba_05db0fb1:751|44,0,0.7076649462077058
logistic_rich_mask_permuted,6bba_05db0fb1,6bba_05db0fb1:751,union|6bba_05db0fb1:751|45,0,0.09241366549733027
logistic_rich_mask_permuted,6bba_05db0fb1,6bba_05db0fb1:751,union|6bba_05db0fb1:751|46,0,0.15929869637006383
logistic_rich_mask_permuted,6bba_05db0fb1,6bba_05db0fb1:751,union|6bba_05db0fb1:751|47,0,0.21163504721043766
logistic_rich_mask_permuted,6bba_05db0fb1,6bba_05db0fb1:751,union|6bba_05db0fb1:751|48,0,0.044840390451730494
logistic_rich_mask_permuted,6bba_05db0fb1,6bba_05db0fb1:751,union|6bba_05db0fb1:751|49,0,0.0471736242629219
logistic_rich_mask_permuted,6bba_05db0fb1,6bba_05db0fb1:751,union|6bba_05db0fb1:751|50,0,0.008955209735233966
logistic_rich_mask_permuted,6bba_05db0fb1,6bba_05db0fb1:751,union|6bba_05db0fb1:751|51,0,0.0015003755283962063
logistic_rich_mask_permuted,6bba_05db0fb1,6bba_05db0fb1:751,union|6bba_05db0fb1:751|52,0,0.06121051642016782
logistic_rich_mask_permuted,6bba_05db0fb1,6bba_05db0fb1:751,union|6bba_05db0fb1:751|53,0,0.010257417219538831
logistic_rich_mask_permuted,6bba_05db0fb1,6bba_05db0fb1:751,union|6bba_05db0fb1:751|54,0,0.5622183991487016
logistic_rich_mask_permuted,6bba_05db0fb1,6bba_05db0fb1:751,union|6bba_05db0fb1:751|55,0,0.02879274149353736
logistic_rich_mask_permuted,6bba_05db0fb1,6bba_05db0fb1:751,union|6bba_05db0fb1:751|56,0,8.472372168047648e-05
logistic_rich_mask_permuted,6bba_05db0fb1,6bba_05db0fb1:751,union|6bba_05db0fb1:751|57,0,0.025995710773851165
logistic_rich_mask_permuted,6bba_05db0fb1,6bba_05db0fb1:751,union|6bba_05db0fb1:751|58,0,0.19398881580424132
logistic_rich_mask_permuted,6bba_05db0fb1,6bba_05db0fb1:751,union|6bba_05db0fb1:751|59,0,0.7524074146144992
logistic_rich_mask_permuted,6bba_05db0fb1,6bba_05db0fb1:751,union|6bba_05db0fb1:751|60,0,0.3963254431354724
logistic_rich_mask_permuted,6bba_05db0fb1,6bba_05db0fb1:751,union|6bba_05db0fb1:751|61,0,0.06660405330705267
logistic_rich_mask_permuted,6bba_05db0fb1,6bba_05db0fb1:751,union|6bba_05db0fb1:751|62,0,0.00978053161774977
logistic_rich_mask_permuted,6bba_05db0fb1,6bba_05db0fb1:751,union|6bba_05db0fb1:751|63,0,0.011559194097708888
logistic_rich_mask_permuted,6bba_05db0fb1,6bba_05db0fb1:751,union|6bba_05db0fb1:751|64,0,0.011455081003856048
logistic_rich_mask_permuted,6bba_05db0fb1,6bba_05db0fb1:751,union|6bba_05db0fb1:751|65,0,0.018806214357552413
logistic_rich_mask_permuted,6bba_05db0fb1,6bba_05db0fb1:751,union|6bba_05db0fb1:751|66,0,0.08080648055433996
logistic_rich_mask_permuted,6bba_05db0fb1,6bba_05db0fb1:751,union|6bba_05db0fb1:751|67,0,0.04964064693106438
logistic_rich_mask_permuted,6bba_05db0fb1,6bba_05db0fb1:751,union|6bba_05db0fb1:751|68,0,0.009200202460178547
logistic_rich_mask_permuted,6bba_05db0fb1,6bba_05db0fb1:751,union|6bba_05db0fb1:751|69,0,0.2903219025215298
logistic_rich_mask_permuted,6bba_05db0fb1,6bba_05db0fb1:751,union|6bba_05db0fb1:751|70,0,0.0296643635482846
logistic_rich_mask_permuted,6bba_05db0fb1,6bba_05db0fb1:751,union|6bba_05db0fb1:751|71,0,0.07403968760878336
logistic_rich_mask_permuted,6bba_05db0fb1,6bba_05db0fb1:751,union|6bba_05db0fb1:751|72,0,0.05528465866521916
logistic_rich_mask_permuted,6bba_05db0fb1,6bba_05db0fb1:751,union|6bba_05db0fb1:751|73,0,0.021385736166502137
logistic_rich_mask_permuted,6bba_05db0fb1,6bba_05db0fb1:751,union|6bba_05db0fb1:751|74,0,0.000995146824373864
logistic_rich_mask_permuted,6bba_05db0fb1,6bba_05db0fb1:751,union|6bba_05db0fb1:751|75,0,0.006671447892770165
logistic_rich_mask_permuted,6bba_05db0fb1,6bba_05db0fb1:751,union|6bba_05db0fb1:751|76,0,0.033809026433915215
logistic_rich_mask_permuted,6bba_05db0fb1,6bba_05db0fb1:751,union|6bba_05db0fb1:751|77,0,0.009135738974428481
logistic_rich_mask_permuted,6bba_05db0fb1,6bba_05db0fb1:751,union|6bba_05db0fb1:751|78,0,0.9859988954765391
logistic_rich_mask_permuted,6bba_05db0fb1,6bba_05db0fb1:751,union|6bba_05db0fb1:751|79,0,0.3881433151930376
logistic_rich_mask_permuted,6bba_05db0fb1,6bba_05db0fb1:751,union|6bba_05db0fb1:751|80,0,0.050949968341811015
logistic_rich_mask_permuted,6bba_05db0fb1,6bba_05db0fb1:751,union|6bba_05db0fb1:751|81,0,0.6787250571435538
logistic_rich_mask_permuted,6bba_05db0fb1,6bba_05db0fb1:751,union|6bba_05db0fb1:751|82,0,0.03487460556562095
logistic_rich_mask_permuted,6bba_05db0fb1,6bba_05db0fb1:751,union|6bba_05db0fb1:751|83,0,0.00961729777157472
logistic_rich_mask_permuted,6bba_05db0fb1,6bba_05db0fb1:751,union|6bba_05db0fb1:751|84,0,0.025367046435100474
logistic_rich_mask_permuted,6bba_05db0fb1,6bba_05db0fb1:751,union|6bba_05db0fb1:751|85,0,0.006814576161434288
logistic_rich_mask_permuted,6bba_05db0fb1,6bba_05db0fb1:751,union|6bba_05db0fb1:751|86,0,0.015358303576571503
logistic_rich_mask_permuted,6bba_05db0fb1,6bba_05db0fb1:751,union|6bba_05db0fb1:751|87,0,0.9122152986537442
logistic_rich_mask_permuted,6bba_05db0fb1,6bba_05db0fb1:751,union|6bba_05db0fb1:751|88,0,0.19272877437251373
logistic_rich_mask_permuted,6bba_05db0fb1,6bba_05db0fb1:751,union|6bba_05db0fb1:751|89,0,0.0160060755203681
logistic_rich_mask_permuted,6bba_05db0fb1,6bba_05db0fb1:751,union|6bba_05db0fb1:751|90,0,0.05792832736564792
logistic_rich_mask_permuted,6bba_05db0fb1,6bba_05db0fb1:751,union|6bba_05db0fb1:751|91,0,0.7023999029072249
logistic_rich_mask_permuted,6bba_05db0fb1,6bba_05db0fb1:751,union|6bba_05db0fb1:751|92,0,0.35873469824666493
logistic_rich_mask_permuted,6bba_05db0fb1,6bba_05db0fb1:751,union|6bba_05db0fb1:751|93,0,0.04150213336574525
logistic_rich_mask_permuted,6bba_05db0fb1,6bba_05db0fb1:751,union|6bba_05db0fb1:751|94,0,0.26119310006926716
logistic_rich_mask_permuted,6bba_05db0fb1,6bba_05db0fb1:751,union|6bba_05db0fb1:751|95,0,0.013050017619275461
logistic_rich_mask_permuted,6bba_05db0fb1,6bba_05db0fb1:751,union|6bba_05db0fb1:751|96,0,0.01177422752112519
logistic_rich_mask_permuted,6bba_05db0fb1,6bba_05db0fb1:751,union|6bba_05db0fb1:751|97,0,0.011823804051040852
logistic_rich_mask_permuted,6bba_05db0fb1,6bba_05db0fb1:751,union|6bba_05db0fb1:751|98,0,0.00796563594987309
logistic_rich_mask_permuted,6bba_05db0fb1,6bba_05db0fb1:751,union|6bba_05db0fb1:751|99,0,0.25364477984403927
logistic_rich_mask_permuted,6bba_05db0fb1,6bba_05db0fb1:751,union|6bba_05db0fb1:751|100,0,0.276587591589586
logistic_rich_mask_permuted,6bba_05db0fb1,6bba_05db0fb1:751,union|6bba_05db0fb1:751|101,0,0.2599914051577114
logistic_rich_mask_permuted,6bba_05db0fb1,6bba_05db0fb1:751,union|6bba_05db0fb1:751|102,0,0.13664981408378166
logistic_rich_mask_permuted,6bba_05db0fb1,6bba_05db0fb1:751,union|6bba_05db0fb1:751|103,0,0.5560294467055532
logistic_rich_mask_permuted,6bba_05db0fb1,6bba_05db0fb1:751,union|6bba_05db0fb1:751|104,0,0.21552844066975704
logistic_rich_mask_permuted,6bba_05db0fb1,6bba_05db0fb1:751,union|6bba_05db0fb1:751|105,0,0.9449421669819364
logistic_rich_mask_permuted,6bba_05db0fb1,6bba_05db0fb1:751,union|6bba_05db0fb1:751|106,0,0.005232636768781982
logistic_rich_mask_permuted,6bba_05db0fb1,6bba_05db0fb1:751,union|6bba_05db0fb1:751|107,0,0.04255010845920509
logistic_rich_mask_permuted,6bba_05db0fb1,6bba_05db0fb1:751,union|6bba_05db0fb1:751|108,0,0.031102333782995543
logistic_rich_mask_permuted,6bba_05db0fb1,6bba_05db0fb1:751,union|6bba_05db0fb1:751|109,0,0.025468184336962657
logistic_rich_mask_permuted,6bba_05db0fb1,6bba_05db0fb1:751,union|6bba_05db0fb1:751|110,0,0.08468701055041565
logistic_rich_mask_permuted,6bba_05db0fb1,6bba_05db0fb1:751,union|6bba_05db0fb1:751|111,0,0.9273061276938515
logistic_rich_mask_permuted,6bba_05db0fb1,6bba_05db0fb1:751,union|6bba_05db0fb1:751|112,0,0.05471591400348389
logistic_rich_mask_permuted,6bba_05db0fb1,6bba_05db0fb1:751,union|6bba_05db0fb1:751|113,0,0.026503705781027245
logistic_rich_mask_permuted,6bba_05db0fb1,6bba_05db0fb1:751,union|6bba_05db0fb1:751|114,0,0.18066695115878925
logistic_rich_mask_permuted,6bba_05db0fb1,6bba_05db0fb1:751,union|6bba_05db0fb1:751|115,0,0.819791135721354
logistic_rich_mask_permuted,6bba_05db0fb1,6bba_05db0fb1:751,union|6bba_05db0fb1:751|116,0,0.13120976286071387
logistic_rich_mask_permuted,6bba_05db0fb1,6bba_05db0fb1:751,union|6bba_05db0fb1:751|117,0,0.01908564583443973
logistic_rich_mask_permuted,6bba_05db0fb1,6bba_05db0fb1:751,union|6bba_05db0fb1:751|118,0,0.00278165806444679
logistic_rich_mask_permuted,6bba_05db0fb1,6bba_05db0fb1:751,union|6bba_05db0fb1:751|119,0,0.02485005566915488
logistic_rich_mask_permuted,6bba_05db0fb1,6bba_05db0fb1:751,union|6bba_05db0fb1:751|120,0,0.006653455452062057
logistic_rich_mask_permuted,6bba_05db0fb1,6bba_05db0fb1:751,union|6bba_05db0fb1:751|121,0,0.0020062127906212944
logistic_rich_mask_permuted,6bba_05db0fb1,6bba_05db0fb1:751,union|6bba_05db0fb1:751|122,0,0.3134758628917439
logistic_rich_mask_permuted,6bba_05db0fb1,6bba_05db0fb1:751,union|6bba_05db0fb1:751|123,0,0.05779371540531234
logistic_rich_mask_permuted,6bba_05db0fb1,6bba_05db0fb1:751,union|6bba_05db0fb1:751|124,0,0.18402860445732355
logistic_rich_mask_permuted,6bba_05db0fb1,6bba_05db0fb1:751,union|6bba_05db0fb1:751|125,0,0.2381061789606913
logistic_rich_mask_permuted,6bba_05db0fb1,6bba_05db0fb1:751,union|6bba_05db0fb1:751|126,0,0.0822717121989183
logistic_rich_mask_permuted,6bba_05db0fb1,6bba_05db0fb1:751,union|6bba_05db0fb1:751|127,0,0.019403618575507892
logistic_rich_mask_permuted,6bba_05db0fb1,6bba_05db0fb1:751,union|6bba_05db0fb1:751|128,0,0.028536608566422476
logistic_rich_mask_permuted,6bba_05db0fb1,6bba_05db0fb1:751,union|6bba_05db0fb1:751|129,0,0.004546894885754021
logistic_rich_mask_permuted,6bba_05db0fb1,6bba_05db0fb1:751,union|6bba_05db0fb1:751|130,0,0.022909703150374036
logistic_rich_mask_permuted,6bba_05db0fb1,6bba_05db0fb1:751,union|6bba_05db0fb1:751|131,0,0.016141419599597227
logistic_rich_mask_permuted,6bba_05db0fb1,6bba_05db0fb1:751,union|6bba_05db0fb1:751|132,0,0.02431292699092374
logistic_rich_mask_permuted,6bba_05db0fb1,6bba_05db0fb1:751,union|6bba_05db0fb1:751|133,0,0.00520553808405179
logistic_rich_mask_permuted,6bba_05db0fb1,6bba_05db0fb1:751,union|6bba_05db0fb1:751|134,0,0.014384005837835159
logistic_rich_mask_permuted,6bba_05db0fb1,6bba_05db0fb1:751,union|6bba_05db0fb1:751|135,0,0.16332019147281102
logistic_rich_mask_permuted,6bba_05db0fb1,6bba_05db0fb1:751,union|6bba_05db0fb1:751|136,0,0.29206676718200125
logistic_rich_mask_permuted,6bba_05db0fb1,6bba_05db0fb1:751,union|6bba_05db0fb1:751|137,0,0.4348887049685051
logistic_rich_mask_permuted,6bba_05db0fb1,6bba_05db0fb1:751,union|6bba_05db0fb1:751|138,0,0.44252045483628105
logistic_rich_mask_permuted,6bba_05db0fb1,6bba_05db0fb1:751,union|6bba_05db0fb1:751|139,0,0.027137919614814113
logistic_rich_mask_permuted,6bba_05db0fb1,6bba_05db0fb1:751,union|6bba_05db0fb1:751|140,0,0.15248307395459404
logistic_rich_mask_permuted,6bba_05db0fb1,6bba_05db0fb1:751,union|6bba_05db0fb1:751|141,0,0.020920931914378667
logistic_rich_mask_permuted,6bba_05db0fb1,6bba_05db0fb1:751,union|6bba_05db0fb1:751|142,0,0.006781395785100193
logistic_rich_mask_permuted,6bba_05db0fb1,6bba_05db0fb1:751,union|6bba_05db0fb1:751|143,0,0.003492122292561602
logistic_rich_mask_permuted,6bba_05db0fb1,6bba_05db0fb1:751,union|6bba_05db0fb1:751|144,0,0.0026190404825967768
logistic_rich_mask_permuted,6bba_05db0fb1,6bba_05db0fb1:751,union|6bba_05db0fb1:751|145,0,0.004546307023024509
logistic_rich_mask_permuted,6bba_05db0fb1,6bba_05db0fb1:751,union|6bba_05db0fb1:751|146,0,0.004894619454959181
logistic_rich_mask_permuted,6bba_05db0fb1,6bba_05db0fb1:751,union|6bba_05db0fb1:751|147,0,0.0009100703748850706
logistic_rich_mask_permuted,6bba_05db0fb1,6bba_05db0fb1:751,union|6bba_05db0fb1:751|148,0,0.01222559514278734
logistic_rich_mask_permuted,6bba_05db0fb1,6bba_05db0fb1:751,union|6bba_05db0fb1:751|149,0,0.005691067419054334
logistic_rich_mask_permuted,6bba_05db0fb1,6bba_05db0fb1:751,union|6bba_05db0fb1:751|150,0,0.0008414354917513951
logistic_rich_mask_permuted,6bba_05db0fb1,6bba_05db0fb1:751,union|6bba_05db0fb1:751|151,0,0.012055171470276202
logistic_rich_mask_permuted,6bba_05db0fb1,6bba_05db0fb1:751,union|6bba_05db0fb1:751|152,0,0.0013932036000457028
logistic_rich_mask_permuted,6bba_05db0fb1,6bba_05db0fb1:751,union|6bba_05db0fb1:751|153,0,2.655841634851711e-05
logistic_rich_mask_permuted,6bba_05db0fb1,6bba_05db0fb1:751,union|6bba_05db0fb1:751|154,0,0.0005269184132230648
logistic_rich_mask_permuted,6bba_05db0fb1,6bba_05db0fb1:751,union|6bba_05db0fb1:751|155,0,0.0001767069640711375
logistic_rich_mask_permuted,6bba_05db0fb1,6bba_05db0fb1:751,union|6bba_05db0fb1:751|156,0,0.0008444104513462573
logistic_rich_mask_permuted,6bba_05db0fb1,6bba_05db0fb1:751,union|6bba_05db0fb1:751|157,0,0.0020228216199465695
logistic_rich_mask_permuted,6bba_05db0fb1,6bba_05db0fb1:751,union|6bba_05db0fb1:751|158,0,0.00022388065322239057
logistic_rich_mask_permuted,6bba_05db0fb1,6bba_05db0fb1:751,union|6bba_05db0fb1:751|159,0,0.0005389617492180382
logistic_rich_mask_permuted,6bba_05db0fb1,6bba_05db0fb1:751,union|6bba_05db0fb1:751|160,0,8.630968894070015e-05
logistic_rich_mask_permuted,6bba_05db0fb1,6bba_05db0fb1:751,union|6bba_05db0fb1:751|161,0,0.0010389258368583112
logistic_rich_mask_permuted,6bba_05db0fb1,6bba_05db0fb1:751,union|6bba_05db0fb1:751|162,0,0.0019049041024591313
logistic_rich_mask_permuted,6bba_05db0fb1,6bba_05db0fb1:751,union|6bba_05db0fb1:751|163,0,0.0021364100995045657
logistic_rich_mask_permuted,6bba_05db0fb1,6bba_05db0fb1:751,union|6bba_05db0fb1:751|164,0,0.005296517656075382
logistic_rich_mask_permuted,6bba_05db0fb1,6bba_05db0fb1:751,union|6bba_05db0fb1:751|165,0,0.0019188151025402935
logistic_rich_mask_permuted,6bba_05db0fb1,6bba_05db0fb1:751,union|6bba_05db0fb1:751|166,0,0.010638791713146507
logistic_rich_mask_permuted,6bba_05db0fb1,6bba_05db0fb1:751,union|6bba_05db0fb1:751|167,0,0.06711723384547395
logistic_rich_mask_permuted,6bba_05db0fb1,6bba_05db0fb1:751,union|6bba_05db0fb1:751|168,0,0.05777108657059511
logistic_rich_mask_permuted,6bba_05db0fb1,6bba_05db0fb1:751,union|6bba_05db0fb1:751|169,0,0.0041647422173366555
logistic_rich_mask_permuted,6bba_05db0fb1,6bba_05db0fb1:751,union|6bba_05db0fb1:751|170,0,0.014361299814280089
logistic_rich_mask_permuted,6bba_05db0fb1,6bba_05db0fb1:751,union|6bba_05db0fb1:751|171,0,0.006315447048574613
logistic_rich_mask_permuted,6bba_05db0fb1,6bba_05db0fb1:751,union|6bba_05db0fb1:751|172,0,0.0001642733314809893
logistic_rich_mask_permuted,6bba_207c6aaf,6bba_207c6aaf:146,union|6bba_207c6aaf:146|0,0,0.002110139357535326
logistic_rich_mask_permuted,6bba_207c6aaf,6bba_207c6aaf:146,union|6bba_207c6aaf:146|1,0,0.026811677793063118
logistic_rich_mask_permuted,6bba_207c6aaf,6bba_207c6aaf:146,union|6bba_207c6aaf:146|2,0,0.0017893436231220007
logistic_rich_mask_permuted,6bba_207c6aaf,6bba_207c6aaf:146,union|6bba_207c6aaf:146|3,0,0.023652458021370316
logistic_rich_mask_permuted,6bba_207c6aaf,6bba_207c6aaf:146,union|6bba_207c6aaf:146|4,0,0.009438315423821704
logistic_rich_mask_permuted,6bba_207c6aaf,6bba_207c6aaf:146,union|6bba_207c6aaf:146|5,0,0.10328510982783373
logistic_rich_mask_permuted,6bba_207c6aaf,6bba_207c6aaf:146,union|6bba_207c6aaf:146|6,0,0.09068512291752588
logistic_rich_mask_permuted,6bba_207c6aaf,6bba_207c6aaf:146,union|6bba_207c6aaf:146|7,0,0.19591045578929267
logistic_rich_mask_permuted,6bba_207c6aaf,6bba_207c6aaf:146,union|6bba_207c6aaf:146|8,0,0.05590304939199101
logistic_rich_mask_permuted,6bba_207c6aaf,6bba_207c6aaf:146,union|6bba_207c6aaf:146|9,0,0.11893314748852356
logistic_rich_mask_permuted,6bba_207c6aaf,6bba_207c6aaf:146,union|6bba_207c6aaf:146|10,0,0.24049050948857548
logistic_rich_mask_permuted,6bba_207c6aaf,6bba_207c6aaf:146,union|6bba_207c6aaf:146|11,0,0.09597653001860737
logistic_rich_mask_permuted,6bba_207c6aaf,6bba_207c6aaf:146,union|6bba_207c6aaf:146|12,0,0.045186900628901426
logistic_rich_mask_permuted,6bba_207c6aaf,6bba_207c6aaf:146,union|6bba_207c6aaf:146|13,1,0.7712064604355163
logistic_rich_mask_permuted,6bba_207c6aaf,6bba_207c6aaf:146,union|6bba_207c6aaf:146|14,0,0.30122955582607575
logistic_rich_mask_permuted,6bba_207c6aaf,6bba_207c6aaf:146,union|6bba_207c6aaf:146|15,0,0.06518423071737232
logistic_rich_mask_permuted,6bba_207c6aaf,6bba_207c6aaf:146,union|6bba_207c6aaf:146|16,0,0.41855845607441694
logistic_rich_mask_permuted,6bba_207c6aaf,6bba_207c6aaf:146,union|6bba_207c6aaf:146|17,0,0.06852045320422617
logistic_rich_mask_permuted,6bba_207c6aaf,6bba_207c6aaf:146,union|6bba_207c6aaf:146|18,0,0.06909609856342842
logistic_rich_mask_permuted,6bba_207c6aaf,6bba_207c6aaf:146,union|6bba_207c6aaf:146|19,0,0.34658113904533744
logistic_rich_mask_permuted,6bba_207c6aaf,6bba_207c6aaf:146,union|6bba_207c6aaf:146|20,0,0.009046477264379241
logistic_rich_mask_permuted,6bba_207c6aaf,6bba_207c6aaf:146,union|6bba_207c6aaf:146|21,0,0.6054797673534109
logistic_rich_mask_permuted,6bba_207c6aaf,6bba_207c6aaf:146,union|6bba_207c6aaf:146|22,0,0.09965770411605096
logistic_rich_mask_permuted,6bba_207c6aaf,6bba_207c6aaf:146,union|6bba_207c6aaf:146|23,0,0.15159731483230388
logistic_rich_mask_permuted,6bba_207c6aaf,6bba_207c6aaf:146,union|6bba_207c6aaf:146|24,0,0.038199644818529395
logistic_rich_mask_permuted,6bba_207c6aaf,6bba_207c6aaf:146,union|6bba_207c6aaf:146|25,0,0.9969161801843597
logistic_rich_mask_permuted,6bba_207c6aaf,6bba_207c6aaf:146,union|6bba_207c6aaf:146|26,0,0.013833747909914283
logistic_rich_mask_permuted,6bba_207c6aaf,6bba_207c6aaf:146,union|6bba_207c6aaf:146|27,0,0.02198535265176485
logistic_rich_mask_permuted,6bba_207c6aaf,6bba_207c6aaf:146,union|6bba_207c6aaf:146|28,0,0.053553371410114195
logistic_rich_mask_permuted,6bba_207c6aaf,6bba_207c6aaf:146,union|6bba_207c6aaf:146|29,0,0.881955902403114
logistic_rich_mask_permuted,6bba_207c6aaf,6bba_207c6aaf:146,union|6bba_207c6aaf:146|30,0,0.0063827384770374545
logistic_rich_mask_permuted,6bba_207c6aaf,6bba_207c6aaf:146,union|6bba_207c6aaf:146|31,0,0.002724209720288412
logistic_rich_mask_permuted,6bba_207c6aaf,6bba_207c6aaf:146,union|6bba_207c6aaf:146|32,0,0.23945989990939245
logistic_rich_mask_permuted,6bba_207c6aaf,6bba_207c6aaf:146,union|6bba_207c6aaf:146|33,0,0.5661371021159244
logistic_rich_mask_permuted,6bba_207c6aaf,6bba_207c6aaf:146,union|6bba_207c6aaf:146|34,0,0.10651145992221309
logistic_rich_mask_permuted,6bba_207c6aaf,6bba_207c6aaf:146,union|6bba_207c6aaf:146|35,0,0.0025269371480006954
logistic_rich_mask_permuted,6bba_207c6aaf,6bba_207c6aaf:146,union|6bba_207c6aaf:146|36,0,0.6942461608231285
logistic_rich_mask_permuted,6bba_207c6aaf,6bba_207c6aaf:146,union|6bba_207c6aaf:146|37,0,0.014041740190508818
logistic_rich_mask_permuted,6bba_207c6aaf,6bba_207c6aaf:146,union|6bba_207c6aaf:146|38,0,0.3737443969300332
logistic_rich_mask_permuted,6bba_207c6aaf,6bba_207c6aaf:146,union|6bba_207c6aaf:146|39,0,0.04699902045353286
logistic_rich_mask_permuted,6bba_207c6aaf,6bba_207c6aaf:146,union|6bba_207c6aaf:146|40,0,0.0198547436346944
logistic_rich_mask_permuted,6bba_207c6aaf,6bba_207c6aaf:146,union|6bba_207c6aaf:146|41,0,0.0006817984887913253
logistic_rich_mask_permuted,6bba_207c6aaf,6bba_207c6aaf:146,union|6bba_207c6aaf:146|42,0,0.058906230086749035
logistic_rich_mask_permuted,6bba_207c6aaf,6bba_207c6aaf:146,union|6bba_207c6aaf:146|43,0,0.28207919096642164
logistic_rich_mask_permuted,6bba_207c6aaf,6bba_207c6aaf:146,union|6bba_207c6aaf:146|44,0,0.038244910604914265
logistic_rich_mask_permuted,6bba_207c6aaf,6bba_207c6aaf:146,union|6bba_207c6aaf:146|45,0,0.08795698029781972
logistic_rich_mask_permuted,6bba_207c6aaf,6bba_207c6aaf:146,union|6bba_207c6aaf:146|46,0,0.2228337937238848
logistic_rich_mask_permuted,6bba_207c6aaf,6bba_207c6aaf:146,union|6bba_207c6aaf:146|47,0,0.10219443346103795
logistic_rich_mask_permuted,6bba_207c6aaf,6bba_207c6aaf:146,union|6bba_207c6aaf:146|48,0,0.06446062786111005
logistic_rich_mask_permuted,6bba_207c6aaf,6bba_207c6aaf:146,union|6bba_207c6aaf:146|49,0,0.057703993312947274
logistic_rich_mask_permuted,6bba_207c6aaf,6bba_207c6aaf:146,union|6bba_207c6aaf:146|50,0,0.008263193757993937
logistic_rich_mask_permuted,6bba_207c6aaf,6bba_207c6aaf:146,union|6bba_207c6aaf:146|51,0,0.04253578943049413
logistic_rich_mask_permuted,6bba_207c6aaf,6bba_207c6aaf:146,union|6bba_207c6aaf:146|52,0,0.030584528277402632
logistic_rich_mask_permuted,6bba_207c6aaf,6bba_207c6aaf:146,union|6bba_207c6aaf:146|53,0,0.05492131585594694
logistic_rich_mask_permuted,6bba_207c6aaf,6bba_207c6aaf:146,union|6bba_207c6aaf:146|54,0,0.287987080437204
logistic_rich_mask_permuted,6bba_207c6aaf,6bba_207c6aaf:146,union|6bba_207c6aaf:146|55,0,0.1289755681739948
logistic_rich_mask_permuted,6bba_207c6aaf,6bba_207c6aaf:146,union|6bba_207c6aaf:146|56,0,0.5835790185264388
logistic_rich_mask_permuted,6bba_207c6aaf,6bba_207c6aaf:146,union|6bba_207c6aaf:146|57,0,0.045410471698990665
logistic_rich_mask_permuted,6bba_207c6aaf,6bba_207c6aaf:146,union|6bba_207c6aaf:146|58,0,0.0048563397376043945
logistic_rich_mask_permuted,6bba_207c6aaf,6bba_207c6aaf:146,union|6bba_207c6aaf:146|59,0,0.008806111613288984
logistic_rich_mask_permuted,6bba_207c6aaf,6bba_207c6aaf:146,union|6bba_207c6aaf:146|60,0,0.13524761190242798
logistic_rich_mask_permuted,6bba_207c6aaf,6bba_207c6aaf:146,union|6bba_207c6aaf:146|61,0,0.008050740705096392
logistic_rich_mask_permuted,6bba_207c6aaf,6bba_207c6aaf:146,union|6bba_207c6aaf:146|62,0,0.011710147120322567
logistic_rich_mask_permuted,6bba_207c6aaf,6bba_207c6aaf:146,union|6bba_207c6aaf:146|63,0,0.03756456121538035
logistic_rich_mask_permuted,6bba_207c6aaf,6bba_207c6aaf:146,union|6bba_207c6aaf:146|64,0,0.018576218471101382
logistic_rich_mask_permuted,6bba_207c6aaf,6bba_207c6aaf:146,union|6bba_207c6aaf:146|65,0,0.08743422852087342
logistic_rich_mask_permuted,6bba_207c6aaf,6bba_207c6aaf:146,union|6bba_207c6aaf:146|66,0,0.09868043543109295
logistic_rich_mask_permuted,6bba_207c6aaf,6bba_207c6aaf:146,union|6bba_207c6aaf:146|67,0,0.06843768768192697
logistic_rich_mask_permuted,6bba_207c6aaf,6bba_207c6aaf:146,union|6bba_207c6aaf:146|68,0,0.008196085710731603
logistic_rich_mask_permuted,6bba_32db13fc,6bba_32db13fc:115,union|6bba_32db13fc:115|0,0,0.0065808124795701355
logistic_rich_mask_permuted,6bba_32db13fc,6bba_32db13fc:115,union|6bba_32db13fc:115|1,0,0.025411756174258632
logistic_rich_mask_permuted,6bba_32db13fc,6bba_32db13fc:115,union|6bba_32db13fc:115|2,0,0.006513419389574613
logistic_rich_mask_permuted,6bba_32db13fc,6bba_32db13fc:115,union|6bba_32db13fc:115|3,0,0.11913522023234469
logistic_rich_mask_permuted,6bba_32db13fc,6bba_32db13fc:115,union|6bba_32db13fc:115|4,0,0.03903871370950411
logistic_rich_mask_permuted,6bba_32db13fc,6bba_32db13fc:115,union|6bba_32db13fc:115|5,0,0.026751370185396382
logistic_rich_mask_permuted,6bba_32db13fc,6bba_32db13fc:115,union|6bba_32db13fc:115|6,0,0.04232814703749624
logistic_rich_mask_permuted,6bba_32db13fc,6bba_32db13fc:115,union|6bba_32db13fc:115|7,0,0.23697206879041904
logistic_rich_mask_permuted,6bba_32db13fc,6bba_32db13fc:115,union|6bba_32db13fc:115|8,0,0.15329631649126366
logistic_rich_mask_permuted,6bba_32db13fc,6bba_32db13fc:115,union|6bba_32db13fc:115|9,0,0.02765627805998863
logistic_rich_mask_permuted,6bba_32db13fc,6bba_32db13fc:115,union|6bba_32db13fc:115|10,0,0.0010662782696054332
logistic_rich_mask_permuted,6bba_32db13fc,6bba_32db13fc:115,union|6bba_32db13fc:115|11,0,0.07605904124456528
logistic_rich_mask_permuted,6bba_32db13fc,6bba_32db13fc:115,union|6bba_32db13fc:115|12,0,0.003407634994245323
logistic_rich_mask_permuted,6bba_32db13fc,6bba_32db13fc:115,union|6bba_32db13fc:115|13,0,0.08970441339302516
logistic_rich_mask_permuted,6bba_32db13fc,6bba_32db13fc:115,union|6bba_32db13fc:115|14,0,0.30016235727080715
logistic_rich_mask_permuted,6bba_32db13fc,6bba_32db13fc:115,union|6bba_32db13fc:115|15,0,0.6069790444098941
logistic_rich_mask_permuted,6bba_32db13fc,6bba_32db13fc:115,union|6bba_32db13fc:115|16,0,0.18235344702145095
logistic_rich_mask_permuted,6bba_32db13fc,6bba_32db13fc:115,union|6bba_32db13fc:115|17,0,0.0358374537842435
logistic_rich_mask_permuted,6bba_32db13fc,6bba_32db13fc:115,union|6bba_32db13fc:115|18,0,0.7786182701779043
logistic_rich_mask_permuted,6bba_32db13fc,6bba_32db13fc:115,union|6bba_32db13fc:115|19,0,0.18177829899126569
logistic_rich_mask_permuted,6bba_32db13fc,6bba_32db13fc:115,union|6bba_32db13fc:115|20,0,0.2505847135939499
logistic_rich_mask_permuted,6bba_32db13fc,6bba_32db13fc:115,union|6bba_32db13fc:115|21,0,0.13066072413313481
logistic_rich_mask_permuted,6bba_32db13fc,6bba_32db13fc:115,union|6bba_32db13fc:115|22,0,0.2713213845059721
logistic_rich_mask_permuted,6bba_32db13fc,6bba_32db13fc:115,union|6bba_32db13fc:115|23,0,0.6880877342484671
logistic_rich_mask_permuted,6bba_32db13fc,6bba_32db13fc:115,union|6bba_32db13fc:115|24,0,0.0035485387801646234
logistic_rich_mask_permuted,6bba_32db13fc,6bba_32db13fc:115,union|6bba_32db13fc:115|25,0,0.018149608853420585
logistic_rich_mask_permuted,6bba_32db13fc,6bba_32db13fc:115,union|6bba_32db13fc:115|26,0,0.004793661534779129
logistic_rich_mask_permuted,6bba_32db13fc,6bba_32db13fc:115,union|6bba_32db13fc:115|27,0,0.0006665111535467873
logistic_rich_mask_permuted,6bba_32db13fc,6bba_32db13fc:115,union|6bba_32db13fc:115|28,0,0.029985579676372703
logistic_rich_mask_permuted,6bba_32db13fc,6bba_32db13fc:115,union|6bba_32db13fc:115|29,0,0.2624491302356986
logistic_rich_mask_permuted,6bba_32db13fc,6bba_32db13fc:115,union|6bba_32db13fc:115|30,0,0.18759701105880086
logistic_rich_mask_permuted,6bba_32db13fc,6bba_32db13fc:115,union|6bba_32db13fc:115|31,0,0.31747080704874925
logistic_rich_mask_permuted,6bba_32db13fc,6bba_32db13fc:115,union|6bba_32db13fc:115|32,0,0.0681060142013679
logistic_rich_mask_permuted,6bba_32db13fc,6bba_32db13fc:115,union|6bba_32db13fc:115|33,0,0.07086496179889981
logistic_rich_mask_permuted,6bba_32db13fc,6bba_32db13fc:115,union|6bba_32db13fc:115|34,0,0.129320942068011
logistic_rich_mask_permuted,6bba_32db13fc,6bba_32db13fc:115,union|6bba_32db13fc:115|35,0,0.3202578887788436
logistic_rich_mask_permuted,6bba_32db13fc,6bba_32db13fc:115,union|6bba_32db13fc:115|36,0,0.0028593666590040335
logistic_rich_mask_permuted,6bba_32db13fc,6bba_32db13fc:115,union|6bba_32db13fc:115|37,0,0.005014124165970978
logistic_rich_mask_permuted,6bba_32db13fc,6bba_32db13fc:115,union|6bba_32db13fc:115|38,0,0.004326091749010483
logistic_rich_mask_permuted,6bba_32db13fc,6bba_32db13fc:115,union|6bba_32db13fc:115|39,0,0.02679684906114887
logistic_rich_mask_permuted,6bba_32db13fc,6bba_32db13fc:115,union|6bba_32db13fc:115|40,0,0.006147564414277646
logistic_rich_mask_permuted,6bba_32db13fc,6bba_32db13fc:115,union|6bba_32db13fc:115|41,0,0.01641359381142388
logistic_rich_mask_permuted,6bba_32db13fc,6bba_32db13fc:115,union|6bba_32db13fc:115|42,0,0.0025552095097655784
logistic_rich_mask_permuted,6bba_32db13fc,6bba_32db13fc:115,union|6bba_32db13fc:115|43,0,0.008935099139369075
logistic_rich_mask_permuted,6bba_32db13fc,6bba_32db13fc:115,union|6bba_32db13fc:115|44,0,0.0009018356394226185
logistic_rich_mask_permuted,6bba_32db13fc,6bba_32db13fc:115,union|6bba_32db13fc:115|45,0,0.000694686204544414
logistic_rich_mask_permuted,6bba_32db13fc,6bba_32db13fc:115,union|6bba_32db13fc:115|46,0,0.02090800866100019
logistic_rich_mask_permuted,6bba_32db13fc,6bba_32db13fc:115,union|6bba_32db13fc:115|47,0,0.1919776176849915
logistic_rich_mask_permuted,6bba_32db13fc,6bba_32db13fc:115,union|6bba_32db13fc:115|48,0,0.06130078124450535
logistic_rich_mask_permuted,6bba_32db13fc,6bba_32db13fc:115,union|6bba_32db13fc:115|49,0,0.057080114563945614
logistic_rich_mask_permuted,6bba_32db13fc,6bba_32db13fc:115,union|6bba_32db13fc:115|50,0,0.06033879679008832
logistic_rich_mask_permuted,6bba_32db13fc,6bba_32db13fc:115,union|6bba_32db13fc:115|51,0,0.009912022126654785
logistic_rich_mask_permuted,6bba_32db13fc,6bba_32db13fc:115,union|6bba_32db13fc:115|52,0,0.356662266441234
logistic_rich_mask_permuted,6bba_32db13fc,6bba_32db13fc:115,union|6bba_32db13fc:115|53,0,0.09183644009383642
logistic_rich_mask_permuted,6bba_32db13fc,6bba_32db13fc:115,union|6bba_32db13fc:115|54,0,0.010979092916509415
logistic_rich_mask_permuted,6bba_32db13fc,6bba_32db13fc:115,union|6bba_32db13fc:115|55,0,0.9637195577067922
logistic_rich_mask_permuted,6bba_32db13fc,6bba_32db13fc:115,union|6bba_32db13fc:115|56,0,0.05755961244832494
logistic_rich_mask_permuted,6bba_32db13fc,6bba_32db13fc:115,union|6bba_32db13fc:115|57,0,0.21052415771006958
logistic_rich_mask_permuted,6bba_32db13fc,6bba_32db13fc:115,union|6bba_32db13fc:115|58,0,0.347812623531902
logistic_rich_mask_permuted,6bba_32db13fc,6bba_32db13fc:115,union|6bba_32db13fc:115|59,0,0.1181843914919353
logistic_rich_mask_permuted,6bba_32db13fc,6bba_32db13fc:115,union|6bba_32db13fc:115|60,0,0.662223638924119
logistic_rich_mask_permuted,6bba_32db13fc,6bba_32db13fc:115,union|6bba_32db13fc:115|61,1,0.8363791893287363
logistic_rich_mask_permuted,6bba_32db13fc,6bba_32db13fc:115,union|6bba_32db13fc:115|62,0,0.010082104136130978
logistic_rich_mask_permuted,6bba_32db13fc,6bba_32db13fc:115,union|6bba_32db13fc:115|63,0,0.03133516091083949
logistic_rich_mask_permuted,6bba_32db13fc,6bba_32db13fc:115,union|6bba_32db13fc:115|64,0,0.009663830059218914
logistic_rich_mask_permuted,6bba_32db13fc,6bba_32db13fc:115,union|6bba_32db13fc:115|65,0,0.00025206377167292246
logistic_rich_mask_permuted,6bba_32db13fc,6bba_32db13fc:115,union|6bba_32db13fc:115|66,0,0.4504606428013962
logistic_rich_mask_permuted,6bba_32db13fc,6bba_32db13fc:115,union|6bba_32db13fc:115|67,0,0.1267928471075626
logistic_rich_mask_permuted,6bba_32db13fc,6bba_32db13fc:115,union|6bba_32db13fc:115|68,0,0.4494591705062386
logistic_rich_mask_permuted,6bba_32db13fc,6bba_32db13fc:115,union|6bba_32db13fc:115|69,0,0.06511958011739598
logistic_rich_mask_permuted,6bba_32db13fc,6bba_32db13fc:115,union|6bba_32db13fc:115|70,0,0.02549372954918943
logistic_rich_mask_permuted,6bba_32db13fc,6bba_32db13fc:115,union|6bba_32db13fc:115|71,0,0.0006678272192676361
logistic_rich_mask_permuted,6bba_32db13fc,6bba_32db13fc:115,union|6bba_32db13fc:115|72,0,0.01687148629411837
logistic_rich_mask_permuted,6bba_32db13fc,6bba_32db13fc:115,union|6bba_32db13fc:115|73,0,0.37630776134328486
logistic_rich_mask_permuted,6bba_32db13fc,6bba_32db13fc:115,union|6bba_32db13fc:115|74,0,0.2767401687171244
logistic_rich_mask_permuted,6bba_32db13fc,6bba_32db13fc:115,union|6bba_32db13fc:115|75,0,0.16114308693493343
logistic_rich_mask_permuted,6bba_32db13fc,6bba_32db13fc:115,union|6bba_32db13fc:115|76,0,0.009024629761265722
logistic_rich_mask_permuted,6bba_32db13fc,6bba_32db13fc:115,union|6bba_32db13fc:115|77,0,0.022852207023561014
logistic_rich_mask_permuted,6bba_32db13fc,6bba_32db13fc:115,union|6bba_32db13fc:115|78,0,0.3627152667434621
logistic_rich_mask_permuted,6bba_32db13fc,6bba_32db13fc:115,union|6bba_32db13fc:115|79,0,0.004031923913650655
logistic_rich_mask_permuted,6bba_32db13fc,6bba_32db13fc:115,union|6bba_32db13fc:115|80,0,0.0071929473285454616
logistic_rich_mask_permuted,6bba_32db13fc,6bba_32db13fc:115,union|6bba_32db13fc:115|81,0,0.0024057322834782472
logistic_rich_mask_permuted,6bba_32db13fc,6bba_32db13fc:115,union|6bba_32db13fc:115|82,0,0.007764229909025486
logistic_rich_mask_permuted,6bba_32db13fc,6bba_32db13fc:115,union|6bba_32db13fc:115|83,0,0.02462903429361299
logistic_rich_mask_permuted,6bba_32db13fc,6bba_32db13fc:115,union|6bba_32db13fc:115|84,0,0.07421524793153568
logistic_rich_mask_permuted,6bba_32db13fc,6bba_32db13fc:115,union|6bba_32db13fc:115|85,0,0.14142137106339617
logistic_rich_mask_permuted,6bba_32db13fc,6bba_32db13fc:115,union|6bba_32db13fc:115|86,0,0.35491053872112993
logistic_rich_mask_permuted,6bba_32db13fc,6bba_32db13fc:115,union|6bba_32db13fc:115|87,0,0.025015569748025112
logistic_rich_mask_permuted,6bba_32db13fc,6bba_32db13fc:115,union|6bba_32db13fc:115|88,0,0.004940277558366745
logistic_rich_mask_permuted,6bba_32db13fc,6bba_32db13fc:115,union|6bba_32db13fc:115|89,0,0.0016688997272958429
logistic_rich_mask_permuted,6bba_32db13fc,6bba_32db13fc:115,union|6bba_32db13fc:115|90,0,0.021221031136437474
logistic_rich_mask_permuted,6bba_32db13fc,6bba_32db13fc:115,union|6bba_32db13fc:115|91,0,0.0004181997640088027
logistic_rich_mask_permuted,6bba_32db13fc,6bba_32db13fc:115,union|6bba_32db13fc:115|92,0,0.416704761011371
logistic_rich_mask_permuted,6bba_32db13fc,6bba_32db13fc:115,union|6bba_32db13fc:115|93,0,0.7193916399914834
logistic_rich_mask_permuted,6bba_32db13fc,6bba_32db13fc:115,union|6bba_32db13fc:115|94,0,0.10262755592069779
logistic_rich_mask_permuted,6bba_32db13fc,6bba_32db13fc:115,union|6bba_32db13fc:115|95,0,0.004287219336942517
logistic_rich_mask_permuted,6bba_32db13fc,6bba_32db13fc:115,union|6bba_32db13fc:115|96,0,0.43709878915406525
logistic_rich_mask_permuted,6bba_32db13fc,6bba_32db13fc:115,union|6bba_32db13fc:115|97,0,0.05979006969056701
logistic_rich_mask_permuted,6bba_32db13fc,6bba_32db13fc:115,union|6bba_32db13fc:115|98,0,0.010797674090273383
logistic_rich_mask_permuted,6bba_32db13fc,6bba_32db13fc:115,union|6bba_32db13fc:115|99,0,0.0004244007714061373
logistic_rich_mask_permuted,6bba_32db13fc,6bba_32db13fc:115,union|6bba_32db13fc:115|100,0,0.31155119565134476
logistic_rich_mask_permuted,6bba_32db13fc,6bba_32db13fc:115,union|6bba_32db13fc:115|101,0,0.08566258732853368
logistic_rich_mask_permuted,6bba_32db13fc,6bba_32db13fc:115,union|6bba_32db13fc:115|102,0,0.04250807323257732
logistic_rich_mask_permuted,6bba_32db13fc,6bba_32db13fc:115,union|6bba_32db13fc:115|103,0,0.033357242376317105
logistic_rich_mask_permuted,6bba_32db13fc,6bba_32db13fc:115,union|6bba_32db13fc:115|104,0,0.025196208672017953
logistic_rich_mask_permuted,6bba_32db13fc,6bba_32db13fc:115,union|6bba_32db13fc:115|105,0,0.0005422270167016151
logistic_rich_mask_permuted,6bba_32db13fc,6bba_32db13fc:115,union|6bba_32db13fc:115|106,0,0.0037090158051790614
logistic_rich_mask_permuted,6bba_32db13fc,6bba_32db13fc:115,union|6bba_32db13fc:115|107,0,0.1717432991434155
logistic_rich_mask_permuted,6bba_32db13fc,6bba_32db13fc:115,union|6bba_32db13fc:115|108,0,0.012758227129092983
logistic_rich_mask_permuted,6bba_32db13fc,6bba_32db13fc:115,union|6bba_32db13fc:115|109,0,0.09181718875475622
logistic_rich_mask_permuted,6bba_32db13fc,6bba_32db13fc:115,union|6bba_32db13fc:115|110,0,0.02828125395463946
logistic_rich_mask_permuted,6bba_32db13fc,6bba_32db13fc:115,union|6bba_32db13fc:115|111,0,0.00822098274532926
logistic_rich_mask_permuted,6bba_32db13fc,6bba_32db13fc:115,union|6bba_32db13fc:115|112,0,0.014831732992348664
logistic_rich_mask_permuted,6bba_32db13fc,6bba_32db13fc:115,union|6bba_32db13fc:115|113,0,0.007859555377719707
logistic_rich_mask_permuted,6bba_32db13fc,6bba_32db13fc:115,union|6bba_32db13fc:115|114,0,0.0002711532306452533
logistic_rich_mask_permuted,6bba_32db13fc,6bba_32db13fc:115,union|6bba_32db13fc:115|115,0,0.11072284143456393
logistic_rich_mask_permuted,6bba_32db13fc,6bba_32db13fc:115,union|6bba_32db13fc:115|116,0,0.00429041443248098
logistic_rich_mask_permuted,6bba_32db13fc,6bba_32db13fc:115,union|6bba_32db13fc:115|117,0,0.006712396674527551
logistic_rich_mask_permuted,6bba_32db13fc,6bba_32db13fc:115,union|6bba_32db13fc:115|118,0,0.009609634435429268
logistic_rich_mask_permuted,6bba_32db13fc,6bba_32db13fc:115,union|6bba_32db13fc:115|119,0,0.02045305218962333
logistic_rich_mask_permuted,6bba_32db13fc,6bba_32db13fc:115,union|6bba_32db13fc:115|120,0,0.011123905645667379
logistic_rich_mask_permuted,6bba_32db13fc,6bba_32db13fc:115,union|6bba_32db13fc:115|121,0,0.0009021578561278475
logistic_rich_mask_permuted,6bba_32db13fc,6bba_32db13fc:115,union|6bba_32db13fc:115|122,0,0.012770069765459207
logistic_rich_mask_permuted,6bba_32db13fc,6bba_32db13fc:115,union|6bba_32db13fc:115|123,0,0.07008343011430769
logistic_rich_mask_permuted,6bba_32db13fc,6bba_32db13fc:115,union|6bba_32db13fc:115|124,0,0.0038986687793071914
logistic_rich_mask_permuted,6bba_32db13fc,6bba_32db13fc:115,union|6bba_32db13fc:115|125,0,0.0029448671838397528
logistic_rich_mask_permuted,6bba_32db13fc,6bba_32db13fc:115,union|6bba_32db13fc:115|126,0,0.0006995269532679146
logistic_rich_mask_permuted,6bba_32db13fc,6bba_32db13fc:115,union|6bba_32db13fc:115|127,0,0.001438585556925859
logistic_rich_mask_permuted,6bba_32db13fc,6bba_32db13fc:115,union|6bba_32db13fc:115|128,0,0.003753413440596119
logistic_rich_mask_permuted,6bba_32db13fc,6bba_32db13fc:115,union|6bba_32db13fc:115|129,0,0.0005151346371790287
logistic_rich_mask_permuted,6bba_32db13fc,6bba_32db13fc:115,union|6bba_32db13fc:115|130,0,0.003943876389331354
logistic_rich_mask_permuted,6bba_32db13fc,6bba_32db13fc:115,union|6bba_32db13fc:115|131,0,0.004343911258552499
logistic_rich_mask_permuted,6bba_32db13fc,6bba_32db13fc:115,union|6bba_32db13fc:115|132,0,0.0005328454013697595
logistic_rich_mask_permuted,6bba_32db13fc,6bba_32db13fc:115,union|6bba_32db13fc:115|133,0,0.00024638963931541215
logistic_rich_mask_permuted,6bba_32db13fc,6bba_32db13fc:115,union|6bba_32db13fc:115|134,0,0.00017592393702009655
logistic_rich_mask_permuted,6bba_32db13fc,6bba_32db13fc:115,union|6bba_32db13fc:115|135,0,0.0016755133515634877
logistic_rich_mask_permuted,6bba_32db13fc,6bba_32db13fc:115,union|6bba_32db13fc:115|136,0,0.00023383282923062468
logistic_rich_mask_permuted,6bba_32db13fc,6bba_32db13fc:115,union|6bba_32db13fc:115|137,0,0.000739760929761097
logistic_rich_mask_permuted,6bba_32db13fc,6bba_32db13fc:115,union|6bba_32db13fc:115|138,0,0.00018031853378225261
logistic_rich_mask_permuted,6bba_474be664,6bba_474be664:205,union|6bba_474be664:205|0,0,0.08568947544660409
logistic_rich_mask_permuted,6bba_474be664,6bba_474be664:205,union|6bba_474be664:205|1,0,0.029856121751240573
logistic_rich_mask_permuted,6bba_474be664,6bba_474be664:205,union|6bba_474be664:205|2,0,0.08805845300240658
logistic_rich_mask_permuted,6bba_474be664,6bba_474be664:205,union|6bba_474be664:205|3,0,0.03733337195398541
logistic_rich_mask_permuted,6bba_474be664,6bba_474be664:205,union|6bba_474be664:205|4,0,0.034523247459906495
logistic_rich_mask_permuted,6bba_474be664,6bba_474be664:205,union|6bba_474be664:205|5,0,0.011122359116792015
logistic_rich_mask_permuted,6bba_474be664,6bba_474be664:205,union|6bba_474be664:205|6,0,0.0063975191650109025
logistic_rich_mask_permuted,6bba_474be664,6bba_474be664:205,union|6bba_474be664:205|7,0,0.031963543165058665
logistic_rich_mask_permuted,6bba_474be664,6bba_474be664:205,union|6bba_474be664:205|8,0,0.04719852107797647
logistic_rich_mask_permuted,6bba_474be664,6bba_474be664:205,union|6bba_474be664:205|9,0,0.10979769089640351
logistic_rich_mask_permuted,6bba_474be664,6bba_474be664:205,union|6bba_474be664:205|10,0,0.06326313014214491
logistic_rich_mask_permuted,6bba_474be664,6bba_474be664:205,union|6bba_474be664:205|11,0,0.03723922057473102
logistic_rich_mask_permuted,6bba_474be664,6bba_474be664:205,union|6bba_474be664:205|12,0,0.023963146874547085
logistic_rich_mask_permuted,6bba_474be664,6bba_474be664:205,union|6bba_474be664:205|13,0,0.0016783360191121957
logistic_rich_mask_permuted,6bba_474be664,6bba_474be664:205,union|6bba_474be664:205|14,0,0.01077094025437104
logistic_rich_mask_permuted,6bba_474be664,6bba_474be664:205,union|6bba_474be664:205|15,0,0.0014972221298747753
logistic_rich_mask_permuted,6bba_474be664,6bba_474be664:205,union|6bba_474be664:205|16,0,0.1627240579985667
logistic_rich_mask_permuted,6bba_474be664,6bba_474be664:205,union|6bba_474be664:205|17,0,0.04271572179238396
logistic_rich_mask_permuted,6bba_474be664,6bba_474be664:205,union|6bba_474be664:205|18,0,0.005533706847237965
logistic_rich_mask_permuted,6bba_474be664,6bba_474be664:205,union|6bba_474be664:205|19,0,0.05528856227019422
logistic_rich_mask_permuted,6bba_474be664,6bba_474be664:205,union|6bba_474be664:205|20,0,0.03927411844997249
logistic_rich_mask_permuted,6bba_474be664,6bba_474be664:205,union|6bba_474be664:205|21,0,0.13940858540853698
logistic_rich_mask_permuted,6bba_474be664,6bba_474be664:205,union|6bba_474be664:205|22,0,0.015865980949535025
logistic_rich_mask_permuted,6bba_474be664,6bba_474be664:205,union|6bba_474be664:205|23,0,0.006558186279584964
logistic_rich_mask_permuted,6bba_474be664,6bba_474be664:205,union|6bba_474be664:205|24,0,0.03671232711703785
logistic_rich_mask_permuted,6bba_474be664,6bba_474be664:205,union|6bba_474be664:205|25,0,0.007580165844484735
logistic_rich_mask_permuted,6bba_474be664,6bba_474be664:205,union|6bba_474be664:205|26,0,0.07792319830106209
logistic_rich_mask_permuted,6bba_474be664,6bba_474be664:205,union|6bba_474be664:205|27,0,0.008330382642778137
logistic_rich_mask_permuted,6bba_474be664,6bba_474be664:205,union|6bba_474be664:205|28,0,0.016659779188678253
logistic_rich_mask_permuted,6bba_474be664,6bba_474be664:205,union|6bba_474be664:205|29,0,0.009912429761473447
logistic_rich_mask_permuted,6bba_474be664,6bba_474be664:205,union|6bba_474be664:205|30,0,0.005339826414472972
logistic_rich_mask_permuted,6bba_474be664,6bba_474be664:205,union|6bba_474be664:205|31,0,0.07115611689059764
logistic_rich_mask_permuted,6bba_474be664,6bba_474be664:205,union|6bba_474be664:205|32,0,0.047587821028406065
logistic_rich_mask_permuted,6bba_474be664,6bba_474be664:205,union|6bba_474be664:205|33,0,0.39541342774693894
logistic_rich_mask_permuted,6bba_474be664,6bba_474be664:205,union|6bba_474be664:205|34,0,0.12156446033039409
logistic_rich_mask_permuted,6bba_474be664,6bba_474be664:205,union|6bba_474be664:205|35,0,0.9845402541896422
logistic_rich_mask_permuted,6bba_474be664,6bba_474be664:205,union|6bba_474be664:205|36,0,0.030548366992660107
logistic_rich_mask_permuted,6bba_474be664,6bba_474be664:205,union|6bba_474be664:205|37,1,0.9873436334890385
logistic_rich_mask_permuted,6bba_474be664,6bba_474be664:205,union|6bba_474be664:205|38,0,0.3844065876431076
logistic_rich_mask_permuted,6bba_474be664,6bba_474be664:205,union|6bba_474be664:205|39,0,0.2688713210057213
logistic_rich_mask_permuted,6bba_474be664,6bba_474be664:205,union|6bba_474be664:205|40,0,0.1365980684215564
logistic_rich_mask_permuted,6bba_474be664,6bba_474be664:205,union|6bba_474be664:205|41,0,0.9001466830505491
logistic_rich_mask_permuted,6bba_474be664,6bba_474be664:205,union|6bba_474be664:205|42,0,0.7581439417391577
logistic_rich_mask_permuted,6bba_474be664,6bba_474be664:205,union|6bba_474be664:205|43,0,0.7153016582867374
logistic_rich_mask_permuted,6bba_474be664,6bba_474be664:205,union|6bba_474be664:205|44,0,0.033572096582550164
logistic_rich_mask_permuted,6bba_474be664,6bba_474be664:205,union|6bba_474be664:205|45,0,0.07266898816570916
logistic_rich_mask_permuted,6bba_474be664,6bba_474be664:205,union|6bba_474be664:205|46,0,0.022513894670106456
logistic_rich_mask_permuted,6bba_474be664,6bba_474be664:205,union|6bba_474be664:205|47,0,0.0008270449618346462
logistic_rich_mask_permuted,6bba_474be664,6bba_474be664:205,union|6bba_474be664:205|48,0,0.2549233162751924
logistic_rich_mask_permuted,6bba_474be664,6bba_474be664:205,union|6bba_474be664:205|49,0,0.033126465353550294
logistic_rich_mask_permuted,6bba_474be664,6bba_474be664:205,union|6bba_474be664:205|50,0,0.6399680928038564
logistic_rich_mask_permuted,6bba_474be664,6bba_474be664:205,union|6bba_474be664:205|51,0,0.13576726766635255
logistic_rich_mask_permuted,6bba_474be664,6bba_474be664:205,union|6bba_474be664:205|52,0,0.4002690008476009
logistic_rich_mask_permuted,6bba_474be664,6bba_474be664:205,union|6bba_474be664:205|53,0,0.25665016567136273
logistic_rich_mask_permuted,6bba_474be664,6bba_474be664:205,union|6bba_474be664:205|54,0,0.31837560774366347
logistic_rich_mask_permuted,6bba_474be664,6bba_474be664:205,union|6bba_474be664:205|55,0,0.43065780595756187
logistic_rich_mask_permuted,6bba_474be664,6bba_474be664:205,union|6bba_474be664:205|56,0,0.048736675330851645
logistic_rich_mask_permuted,6bba_474be664,6bba_474be664:205,union|6bba_474be664:205|57,0,0.013121230898874488
logistic_rich_mask_permuted,6bba_474be664,6bba_474be664:205,union|6bba_474be664:205|58,0,0.0005953769155095213
logistic_rich_mask_permuted,6bba_474be664,6bba_474be664:205,union|6bba_474be664:205|59,0,0.5167333851902429
logistic_rich_mask_permuted,6bba_474be664,6bba_474be664:205,union|6bba_474be664:205|60,0,0.20112260658937553
logistic_rich_mask_permuted,6bba_474be664,6bba_474be664:205,union|6bba_474be664:205|61,0,0.5649700330039811
logistic_rich_mask_permuted,6bba_474be664,6bba_474be664:205,union|6bba_474be664:205|62,0,0.22023264740061507
logistic_rich_mask_permuted,6bba_474be664,6bba_474be664:205,union|6bba_474be664:205|63,0,0.04966766833459666
logistic_rich_mask_permuted,6bba_474be664,6bba_474be664:205,union|6bba_474be664:205|64,0,0.05997330009177761
logistic_rich_mask_permuted,6bba_474be664,6bba_474be664:205,union|6bba_474be664:205|65,0,0.2851411767869072
logistic_rich_mask_permuted,6bba_474be664,6bba_474be664:205,union|6bba_474be664:205|66,0,0.005316606297241199
logistic_rich_mask_permuted,6bba_474be664,6bba_474be664:205,union|6bba_474be664:205|67,0,0.0021135858735032327
logistic_rich_mask_permuted,6bba_474be664,6bba_474be664:205,union|6bba_474be664:205|68,0,0.06406656704633588
logistic_rich_mask_permuted,6bba_474be664,6bba_474be664:205,union|6bba_474be664:205|69,0,0.007330491703093395
logistic_rich_mask_permuted,6bba_474be664,6bba_474be664:205,union|6bba_474be664:205|70,0,0.027509265132865526
logistic_rich_mask_permuted,6bba_474be664,6bba_474be664:205,union|6bba_474be664:205|71,0,0.0028518707169287163
logistic_rich_mask_permuted,6bba_474be664,6bba_474be664:205,union|6bba_474be664:205|72,0,0.01681399668478998
logistic_rich_mask_permuted,6bba_474be664,6bba_474be664:205,union|6bba_474be664:205|73,0,0.016727017506743623
logistic_rich_mask_permuted,6bba_474be664,6bba_474be664:205,union|6bba_474be664:205|74,0,0.000834997000990708
logistic_rich_mask_permuted,6bba_474be664,6bba_474be664:205,union|6bba_474be664:205|75,0,0.005702093717102158
logistic_rich_mask_permuted,6bba_474be664,6bba_474be664:205,union|6bba_474be664:205|76,0,0.12420237497049254
logistic_rich_mask_permuted,6bba_474be664,6bba_474be664:205,union|6bba_474be664:205|77,0,0.9873575323344572
logistic_rich_mask_permuted,6bba_474be664,6bba_474be664:205,union|6bba_474be664:205|78,0,0.6180604212794543
logistic_rich_mask_permuted,6bba_474be664,6bba_474be664:205,union|6bba_474be664:205|79,0,0.48107948824482577
logistic_rich_mask_permuted,6bba_474be664,6bba_474be664:205,union|6bba_474be664:205|80,0,0.3637293372084389
logistic_rich_mask_permuted,6bba_474be664,6bba_474be664:205,union|6bba_474be664:205|81,0,0.7421280150090676
logistic_rich_mask_permuted,6bba_474be664,6bba_474be664:205,union|6bba_474be664:205|82,0,0.8648967895861052
logistic_rich_mask_permuted,6bba_474be664,6bba_474be664:205,union|6bba_474be664:205|83,0,0.8786895833924672
logistic_rich_mask_permuted,6bba_474be664,6bba_474be664:205,union|6bba_474be664:205|84,0,0.007259991915789222
logistic_rich_mask_permuted,6bba_474be664,6bba_474be664:205,union|6bba_474be664:205|85,0,0.12888046518833163
logistic_rich_mask_permuted,6bba_474be664,6bba_474be664:205,union|6bba_474be664:205|86,0,0.003162545003660978
logistic_rich_mask_permuted,6bba_474be664,6bba_474be664:205,union|6bba_474be664:205|87,0,0.0003480513884083828
logistic_rich_mask_permuted,6bba_474be664,6bba_474be664:205,union|6bba_474be664:205|88,0,0.03133366264637496
logistic_rich_mask_permuted,6bba_474be664,6bba_474be664:205,union|6bba_474be664:205|89,0,0.3200093573306642
logistic_rich_mask_permuted,6bba_474be664,6bba_474be664:205,union|6bba_474be664:205|90,0,0.06490624715604199
logistic_rich_mask_permuted,6bba_474be664,6bba_474be664:205,union|6bba_474be664:205|91,0,0.34703681626444643
logistic_rich_mask_permuted,6bba_474be664,6bba_474be664:205,union|6bba_474be664:205|92,0,0.09036340802909439
logistic_rich_mask_permuted,6bba_474be664,6bba_474be664:205,union|6bba_474be664:205|93,0,0.0006733642513335337
logistic_rich_mask_permuted,6bba_474be664,6bba_474be664:205,union|6bba_474be664:205|94,0,0.1497620441003283
logistic_rich_mask_permuted,6bba_474be664,6bba_474be664:205,union|6bba_474be664:205|95,0,0.556520726182918
logistic_rich_mask_permuted,6bba_474be664,6bba_474be664:205,union|6bba_474be664:205|96,0,0.04950647203662962
logistic_rich_mask_permuted,6bba_474be664,6bba_474be664:205,union|6bba_474be664:205|97,0,0.8388338482412666
logistic_rich_mask_permuted,6bba_474be664,6bba_474be664:205,union|6bba_474be664:205|98,0,0.8673722815914955
logistic_rich_mask_permuted,6bba_474be664,6bba_474be664:205,union|6bba_474be664:205|99,0,0.9538635375364003
logistic_rich_mask_permuted,6bba_474be664,6bba_474be664:205,union|6bba_474be664:205|100,0,0.01833982524280228
logistic_rich_mask_permuted,6bba_474be664,6bba_474be664:205,union|6bba_474be664:205|101,0,0.001387744336788377
logistic_rich_mask_permuted,6bba_474be664,6bba_474be664:205,union|6bba_474be664:205|102,0,0.017404162298769517
logistic_rich_mask_permuted,6bba_474be664,6bba_474be664:205,union|6bba_474be664:205|103,0,0.00642838114449638
logistic_rich_mask_permuted,6bba_474be664,6bba_474be664:205,union|6bba_474be664:205|104,0,0.00022434137457709883
logistic_rich_mask_permuted,6bba_474be664,6bba_474be664:205,union|6bba_474be664:205|105,0,0.3466977000148348
logistic_rich_mask_permuted,6bba_474be664,6bba_474be664:205,union|6bba_474be664:205|106,0,0.13577712102148498
logistic_rich_mask_permuted,6bba_474be664,6bba_474be664:205,union|6bba_474be664:205|107,0,0.15142580336401373
logistic_rich_mask_permuted,6bba_474be664,6bba_474be664:205,union|6bba_474be664:205|108,0,0.40022542121717347
logistic_rich_mask_permuted,6bba_474be664,6bba_474be664:205,union|6bba_474be664:205|109,0,0.016386497603174753
logistic_rich_mask_permuted,6bba_474be664,6bba_474be664:205,union|6bba_474be664:205|110,0,0.0011851319884068818
logistic_rich_mask_permuted,6bba_474be664,6bba_474be664:205,union|6bba_474be664:205|111,0,0.05569708949252526
logistic_rich_mask_permuted,6bba_474be664,6bba_474be664:205,union|6bba_474be664:205|112,0,0.31869686036802763
logistic_rich_mask_permuted,6bba_474be664,6bba_474be664:205,union|6bba_474be664:205|113,0,0.5583623124827647
logistic_rich_mask_permuted,6bba_474be664,6bba_474be664:205,union|6bba_474be664:205|114,0,0.5561032707400325
logistic_rich_mask_permuted,6bba_474be664,6bba_474be664:205,union|6bba_474be664:205|115,0,0.030805214972074797
logistic_rich_mask_permuted,6bba_474be664,6bba_474be664:205,union|6bba_474be664:205|116,0,0.05885498021044824
logistic_rich_mask_permuted,6bba_474be664,6bba_474be664:205,union|6bba_474be664:205|117,0,0.014902475467108881
logistic_rich_mask_permuted,6bba_474be664,6bba_474be664:205,union|6bba_474be664:205|118,0,0.023701817888262956
logistic_rich_mask_permuted,6bba_474be664,6bba_474be664:205,union|6bba_474be664:205|119,0,0.25614491614700746
logistic_rich_mask_permuted,6bba_474be664,6bba_474be664:205,union|6bba_474be664:205|120,0,0.33489181545661073
logistic_rich_mask_permuted,6bba_474be664,6bba_474be664:205,union|6bba_474be664:205|121,0,0.038207028717082946
logistic_rich_mask_permuted,6bba_474be664,6bba_474be664:205,union|6bba_474be664:205|122,0,0.002840616801433958
logistic_rich_mask_permuted,6bba_474be664,6bba_474be664:205,union|6bba_474be664:205|123,0,0.09813622740834703
logistic_rich_mask_permuted,6bba_474be664,6bba_474be664:205,union|6bba_474be664:205|124,0,0.011550532744477121
logistic_rich_mask_permuted,6bba_474be664,6bba_474be664:205,union|6bba_474be664:205|125,0,0.826173012395771
logistic_rich_mask_permuted,6bba_474be664,6bba_474be664:205,union|6bba_474be664:205|126,0,0.8544554683891893
logistic_rich_mask_permuted,6bba_474be664,6bba_474be664:205,union|6bba_474be664:205|127,0,0.007261183131195375
logistic_rich_mask_permuted,6bba_474be664,6bba_474be664:205,union|6bba_474be664:205|128,0,0.0009171023728022093
logistic_rich_mask_permuted,6bba_474be664,6bba_474be664:205,union|6bba_474be664:205|129,0,0.002308556330053266
logistic_rich_mask_permuted,6bba_474be664,6bba_474be664:205,union|6bba_474be664:205|130,0,0.028273165502898483
logistic_rich_mask_permuted,6bba_474be664,6bba_474be664:205,union|6bba_474be664:205|131,0,0.0058438981122695775
logistic_rich_mask_permuted,6bba_474be664,6bba_474be664:205,union|6bba_474be664:205|132,0,0.31728403188549276
logistic_rich_mask_permuted,6bba_474be664,6bba_474be664:205,union|6bba_474be664:205|133,0,0.040537282430498506
logistic_rich_mask_permuted,6bba_474be664,6bba_474be664:205,union|6bba_474be664:205|134,0,0.003323852624279024
logistic_rich_mask_permuted,6bba_474be664,6bba_474be664:205,union|6bba_474be664:205|135,0,0.000577404186050973
logistic_rich_mask_permuted,6bba_474be664,6bba_474be664:205,union|6bba_474be664:205|136,0,0.0057095005926622675
logistic_rich_mask_permuted,6bba_474be664,6bba_474be664:205,union|6bba_474be664:205|137,0,0.008937845357137434
logistic_rich_mask_permuted,6bba_474be664,6bba_474be664:205,union|6bba_474be664:205|138,0,0.010002113977464505
logistic_rich_mask_permuted,6bba_474be664,6bba_474be664:205,union|6bba_474be664:205|139,0,0.0027844042661074255
logistic_rich_mask_permuted,6bba_474be664,6bba_474be664:205,union|6bba_474be664:205|140,0,0.0011703032149611339
logistic_rich_mask_permuted,6bba_474be664,6bba_474be664:205,union|6bba_474be664:205|141,0,0.0017201959073610018
logistic_rich_mask_permuted,6bba_474be664,6bba_474be664:205,union|6bba_474be664:205|142,0,0.00036416444635260716
logistic_rich_mask_permuted,6bba_474be664,6bba_474be664:205,union|6bba_474be664:205|143,0,0.0012204128346381433
logistic_rich_mask_permuted,6bba_5c039895,6bba_5c039895:121,union|6bba_5c039895:121|0,0,0.05888312113240759
logistic_rich_mask_permuted,6bba_5c039895,6bba_5c039895:121,union|6bba_5c039895:121|1,0,0.146721804362002
logistic_rich_mask_permuted,6bba_5c039895,6bba_5c039895:121,union|6bba_5c039895:121|2,0,0.03408407966681133
logistic_rich_mask_permuted,6bba_5c039895,6bba_5c039895:121,union|6bba_5c039895:121|3,0,0.047969434536226534
logistic_rich_mask_permuted,6bba_5c039895,6bba_5c039895:121,union|6bba_5c039895:121|4,0,0.04942017331502898
logistic_rich_mask_permuted,6bba_5c039895,6bba_5c039895:121,union|6bba_5c039895:121|5,0,0.2782067311772893
logistic_rich_mask_permuted,6bba_5c039895,6bba_5c039895:121,union|6bba_5c039895:121|6,0,0.6834759451135005
logistic_rich_mask_permuted,6bba_5c039895,6bba_5c039895:121,union|6bba_5c039895:121|7,1,0.9975743338414609
logistic_rich_mask_permuted,6bba_5c039895,6bba_5c039895:121,union|6bba_5c039895:121|8,0,0.39193080453971424
logistic_rich_mask_permuted,6bba_5c039895,6bba_5c039895:121,union|6bba_5c039895:121|9,0,0.5374866230187684
logistic_rich_mask_permuted,6bba_5c039895,6bba_5c039895:121,union|6bba_5c039895:121|10,0,0.1280445418170675
logistic_rich_mask_permuted,6bba_5c039895,6bba_5c039895:121,union|6bba_5c039895:121|11,0,0.053428486159449576
logistic_rich_mask_permuted,6bba_5c039895,6bba_5c039895:680,union|6bba_5c039895:680|0,0,0.08780668749448921
logistic_rich_mask_permuted,6bba_5c039895,6bba_5c039895:680,union|6bba_5c039895:680|1,0,0.8778498054896646
logistic_rich_mask_permuted,6bba_5c039895,6bba_5c039895:680,union|6bba_5c039895:680|2,0,0.5165306073158848
logistic_rich_mask_permuted,6bba_5c039895,6bba_5c039895:680,union|6bba_5c039895:680|3,0,0.029825704377639272
logistic_rich_mask_permuted,6bba_5c039895,6bba_5c039895:680,union|6bba_5c039895:680|4,0,0.006048913642896584
logistic_rich_mask_permuted,6bba_5c039895,6bba_5c039895:680,union|6bba_5c039895:680|5,1,0.9319854624649763
logistic_rich_mask_permuted,6bba_5c039895,6bba_5c039895:680,union|6bba_5c039895:680|6,0,0.3286575256022156
logistic_rich_mask_permuted,6bba_5c039895,6bba_5c039895:680,union|6bba_5c039895:680|7,0,0.1733193947173995
logistic_rich_mask_permuted,6bba_705ec2c9,6bba_705ec2c9:250,union|6bba_705ec2c9:250|0,0,0.2155429514914892
logistic_rich_mask_permuted,6bba_705ec2c9,6bba_705ec2c9:250,union|6bba_705ec2c9:250|1,0,0.22990360762799744
logistic_rich_mask_permuted,6bba_705ec2c9,6bba_705ec2c9:250,union|6bba_705ec2c9:250|2,0,0.31040125870161744
logistic_rich_mask_permuted,6bba_705ec2c9,6bba_705ec2c9:250,union|6bba_705ec2c9:250|3,0,0.598869737576956
logistic_rich_mask_permuted,6bba_705ec2c9,6bba_705ec2c9:250,union|6bba_705ec2c9:250|4,0,0.9986537161192699
logistic_rich_mask_permuted,6bba_705ec2c9,6bba_705ec2c9:250,union|6bba_705ec2c9:250|5,0,0.9325783829657217
logistic_rich_mask_permuted,6bba_705ec2c9,6bba_705ec2c9:250,union|6bba_705ec2c9:250|6,0,0.4461686739857458
logistic_rich_mask_permuted,6bba_705ec2c9,6bba_705ec2c9:250,union|6bba_705ec2c9:250|7,0,0.08981554621272832
logistic_rich_mask_permuted,6bba_705ec2c9,6bba_705ec2c9:250,union|6bba_705ec2c9:250|8,1,0.9565220484067136
logistic_rich_mask_permuted,6bba_705ec2c9,6bba_705ec2c9:250,union|6bba_705ec2c9:250|9,0,0.7832954220506141
logistic_rich_mask_permuted,6bba_705ec2c9,6bba_705ec2c9:250,union|6bba_705ec2c9:250|10,0,0.1642454991481557
logistic_rich_mask_permuted,6bba_705ec2c9,6bba_705ec2c9:250,union|6bba_705ec2c9:250|11,0,0.6206759846509112
logistic_rich_mask_permuted,6bba_705ec2c9,6bba_705ec2c9:250,union|6bba_705ec2c9:250|12,0,0.5500474389202671
logistic_rich_mask_permuted,6bba_705ec2c9,6bba_705ec2c9:250,union|6bba_705ec2c9:250|13,0,0.018996576116722272
logistic_rich_mask_permuted,6bba_7af54fde,6bba_7af54fde:556,union|6bba_7af54fde:556|0,0,0.0011811199851497923
logistic_rich_mask_permuted,6bba_7af54fde,6bba_7af54fde:556,union|6bba_7af54fde:556|1,1,0.6969965730720001
logistic_rich_mask_permuted,6bba_7af54fde,6bba_7af54fde:556,union|6bba_7af54fde:556|2,0,0.4021421782700994
logistic_rich_mask_permuted,6bba_7af54fde,6bba_7af54fde:556,union|6bba_7af54fde:556|3,0,0.11455607890118856
logistic_rich_mask_permuted,6bba_7af54fde,6bba_7af54fde:556,union|6bba_7af54fde:556|4,0,0.040826871314608514
logistic_rich_mask_permuted,6bba_7af54fde,6bba_7af54fde:556,union|6bba_7af54fde:556|5,0,0.7221448550797018
logistic_rich_mask_permuted,6bba_7af54fde,6bba_7af54fde:556,union|6bba_7af54fde:556|6,0,0.025540098882399397
logistic_rich_mask_permuted,6bba_7af54fde,6bba_7af54fde:556,union|6bba_7af54fde:556|7,0,0.1671960863941222
logistic_rich_mask_permuted,6bba_7af54fde,6bba_7af54fde:556,union|6bba_7af54fde:556|8,0,0.050734922945035156
logistic_rich_mask_permuted,6bba_7af54fde,6bba_7af54fde:556,union|6bba_7af54fde:556|9,0,0.07209341250081668
logistic_rich_mask_permuted,6bba_7af54fde,6bba_7af54fde:556,union|6bba_7af54fde:556|10,0,0.016479179732965754
logistic_rich_mask_permuted,6bba_7af54fde,6bba_7af54fde:556,union|6bba_7af54fde:556|11,0,0.3293042857590905
logistic_rich_mask_permuted,6bba_7af54fde,6bba_7af54fde:556,union|6bba_7af54fde:556|12,0,0.5026620343572469
logistic_rich_mask_permuted,6bba_7af54fde,6bba_7af54fde:556,union|6bba_7af54fde:556|13,0,0.22702745573682465
logistic_rich_mask_permuted,6bba_7af54fde,6bba_7af54fde:556,union|6bba_7af54fde:556|14,0,0.11811196598436188
logistic_rich_mask_permuted,6bba_7af54fde,6bba_7af54fde:556,union|6bba_7af54fde:556|15,0,0.13404859139184291
logistic_rich_mask_permuted,6bba_7af54fde,6bba_7af54fde:556,union|6bba_7af54fde:556|16,0,0.061270286438850054
logistic_rich_mask_permuted,6bba_7af54fde,6bba_7af54fde:556,union|6bba_7af54fde:556|17,0,0.21821401025418874
logistic_rich_mask_permuted,6bba_7af54fde,6bba_7af54fde:590,union|6bba_7af54fde:590|0,0,0.12311073119586442
logistic_rich_mask_permuted,6bba_7af54fde,6bba_7af54fde:590,union|6bba_7af54fde:590|1,0,0.007644359856385938
logistic_rich_mask_permuted,6bba_7af54fde,6bba_7af54fde:590,union|6bba_7af54fde:590|2,0,0.008845641695722701
logistic_rich_mask_permuted,6bba_7af54fde,6bba_7af54fde:590,union|6bba_7af54fde:590|3,0,0.07289543319213951
logistic_rich_mask_permuted,6bba_7af54fde,6bba_7af54fde:590,union|6bba_7af54fde:590|4,0,0.002893247071250324
logistic_rich_mask_permuted,6bba_7af54fde,6bba_7af54fde:590,union|6bba_7af54fde:590|5,0,0.0010695868373987
logistic_rich_mask_permuted,6bba_7af54fde,6bba_7af54fde:590,union|6bba_7af54fde:590|6,0,0.24621417951556746
logistic_rich_mask_permuted,6bba_7af54fde,6bba_7af54fde:590,union|6bba_7af54fde:590|7,0,0.38894408752560317
logistic_rich_mask_permuted,6bba_7af54fde,6bba_7af54fde:590,union|6bba_7af54fde:590|8,0,0.2773845134859616
logistic_rich_mask_permuted,6bba_7af54fde,6bba_7af54fde:590,union|6bba_7af54fde:590|9,0,0.4003625308222908
logistic_rich_mask_permuted,6bba_7af54fde,6bba_7af54fde:590,union|6bba_7af54fde:590|10,1,0.016566239434654195
logistic_rich_mask_permuted,6bba_7af54fde,6bba_7af54fde:590,union|6bba_7af54fde:590|11,0,0.0018163593169438041
logistic_rich_mask_permuted,6bba_7af54fde,6bba_7af54fde:590,union|6bba_7af54fde:590|12,0,0.9755140593140864
logistic_rich_mask_permuted,6bba_7af54fde,6bba_7af54fde:590,union|6bba_7af54fde:590|13,0,0.6065586290158768
logistic_rich_mask_permuted,6bba_7af54fde,6bba_7af54fde:590,union|6bba_7af54fde:590|14,0,0.6840861098625397
logistic_rich_mask_permuted,6bba_7af54fde,6bba_7af54fde:590,union|6bba_7af54fde:590|15,0,0.2987333843442558
logistic_rich_mask_permuted,6bba_7af54fde,6bba_7af54fde:590,union|6bba_7af54fde:590|16,0,0.999337480712709
logistic_rich_mask_permuted,6bba_7af54fde,6bba_7af54fde:590,union|6bba_7af54fde:590|17,0,0.08814254032878499
logistic_rich_mask_permuted,6bba_7af54fde,6bba_7af54fde:590,union|6bba_7af54fde:590|18,0,0.9736791975705685
logistic_rich_mask_permuted,6bba_7af54fde,6bba_7af54fde:590,union|6bba_7af54fde:590|19,0,0.0388302775746654
logistic_rich_mask_permuted,6bba_7af54fde,6bba_7af54fde:590,union|6bba_7af54fde:590|20,0,0.13493417374472133
logistic_rich_mask_permuted,6bba_7af54fde,6bba_7af54fde:590,union|6bba_7af54fde:590|21,0,0.05576246577315059
logistic_rich_mask_permuted,6bba_7af54fde,6bba_7af54fde:590,union|6bba_7af54fde:590|22,0,0.02502057021569668
logistic_rich_mask_permuted,6bba_7af54fde,6bba_7af54fde:590,union|6bba_7af54fde:590|23,0,0.13649086919444245
logistic_rich_mask_permuted,6bba_7af54fde,6bba_7af54fde:590,union|6bba_7af54fde:590|24,0,0.1473352699294776
logistic_rich_mask_permuted,6bba_7af54fde,6bba_7af54fde:590,union|6bba_7af54fde:590|25,0,0.0010634171856659554
logistic_rich_mask_permuted,6bba_7af54fde,6bba_7af54fde:590,union|6bba_7af54fde:590|26,0,0.1354915539389626
logistic_rich_mask_permuted,6bba_7af54fde,6bba_7af54fde:590,union|6bba_7af54fde:590|27,0,0.013912393506649853
logistic_rich_mask_permuted,6bba_7af54fde,6bba_7af54fde:590,union|6bba_7af54fde:590|28,0,0.0002811419656435256
logistic_rich_mask_permuted,6bba_7af54fde,6bba_7af54fde:590,union|6bba_7af54fde:590|29,0,0.00039081938251032326
logistic_rich_mask_permuted,6bba_7af54fde,6bba_7af54fde:590,union|6bba_7af54fde:590|30,0,9.660575837684857e-05
logistic_rich_mask_permuted,6bba_907271db,6bba_907271db:902,union|6bba_907271db:902|0,1,0.7068520916388541
logistic_rich_mask_permuted,6bba_afb141ff,6bba_afb141ff:115,union|6bba_afb141ff:115|0,1,0.9481702211477342
logistic_rich_mask_permuted,6bba_afb141ff,6bba_afb141ff:115,union|6bba_afb141ff:115|1,0,0.8360461859912994
logistic_rich_mask_permuted,6bba_afb141ff,6bba_afb141ff:115,union|6bba_afb141ff:115|2,0,0.023134066241748037
logistic_rich_mask_permuted,6bba_afb141ff,6bba_afb141ff:115,union|6bba_afb141ff:115|3,0,0.79443738633958
logistic_rich_mask_permuted,6bba_afb141ff,6bba_afb141ff:115,union|6bba_afb141ff:115|4,0,0.9950058662230986
logistic_rich_mask_permuted,6bba_afb141ff,6bba_afb141ff:115,union|6bba_afb141ff:115|5,0,0.18977208791242578
logistic_rich_mask_permuted,6bba_afb141ff,6bba_afb141ff:115,union|6bba_afb141ff:115|6,0,0.8660817051379092
logistic_rich_mask_permuted,6bba_afb141ff,6bba_afb141ff:115,union|6bba_afb141ff:115|7,0,0.5572840250005535
logistic_rich_mask_permuted,6bba_afb141ff,6bba_afb141ff:115,union|6bba_afb141ff:115|8,0,0.3413209210955849
logistic_rich_mask_permuted,6bba_afb141ff,6bba_afb141ff:115,union|6bba_afb141ff:115|9,0,0.0768291522824861
logistic_rich_mask_permuted,6bba_afb141ff,6bba_afb141ff:115,union|6bba_afb141ff:115|10,0,0.9034037798939863
logistic_rich_mask_permuted,6bba_afb141ff,6bba_afb141ff:115,union|6bba_afb141ff:115|11,0,0.7608167622296245
logistic_rich_mask_permuted,6bba_afb141ff,6bba_afb141ff:115,union|6bba_afb141ff:115|12,0,0.10742888723072239
logistic_rich_mask_permuted,6bba_afb141ff,6bba_afb141ff:115,union|6bba_afb141ff:115|13,0,0.10585343114037418
logistic_rich_mask_permuted,6bba_afb141ff,6bba_afb141ff:115,union|6bba_afb141ff:115|14,0,0.03207629536144462
logistic_rich_mask_permuted,6bba_afb141ff,6bba_afb141ff:115,union|6bba_afb141ff:115|15,0,0.4623630923396632
logistic_rich_mask_permuted,6bba_afb141ff,6bba_afb141ff:115,union|6bba_afb141ff:115|16,0,0.02086247088093816
logistic_rich_mask_permuted,6bba_afb141ff,6bba_afb141ff:115,union|6bba_afb141ff:115|17,0,0.1304312928731153
logistic_rich_mask_permuted,6bba_afb141ff,6bba_afb141ff:304,union|6bba_afb141ff:304|0,0,0.22766337900273495
logistic_rich_mask_permuted,6bba_afb141ff,6bba_afb141ff:304,union|6bba_afb141ff:304|1,1,0.6011266779323151
logistic_rich_mask_permuted,6bba_afb141ff,6bba_afb141ff:304,union|6bba_afb141ff:304|2,0,0.005848791970654955
logistic_rich_mask_permuted,6bba_afb141ff,6bba_afb141ff:304,union|6bba_afb141ff:304|3,0,0.33008983056148095
logistic_rich_mask_permuted,6bba_afb141ff,6bba_afb141ff:304,union|6bba_afb141ff:304|4,0,0.12008224441598184
logistic_rich_mask_permuted,6bba_afb141ff,6bba_afb141ff:304,union|6bba_afb141ff:304|5,0,0.01817045910112615
logistic_rich_mask_permuted,6bba_d1acb6ff,6bba_d1acb6ff:414,union|6bba_d1acb6ff:414|0,1,0.3715269143176683
logistic_rich_mask_permuted,6bba_d1acb6ff,6bba_d1acb6ff:414,union|6bba_d1acb6ff:414|1,0,0.027820444734915274
logistic_rich_mask_permuted,6bba_d1acb6ff,6bba_d1acb6ff:414,union|6bba_d1acb6ff:414|2,0,0.6980837565619621
logistic_rich_mask_permuted,6bba_d1acb6ff,6bba_d1acb6ff:414,union|6bba_d1acb6ff:414|3,0,0.93805285261162
logistic_rich_mask_permuted,6bba_d1acb6ff,6bba_d1acb6ff:414,union|6bba_d1acb6ff:414|4,0,0.7062358946740714
logistic_rich_mask_permuted,6bba_d1acb6ff,6bba_d1acb6ff:414,union|6bba_d1acb6ff:414|5,0,0.012101555342655241
logistic_rich_mask_permuted,6bba_d1acb6ff,6bba_d1acb6ff:414,union|6bba_d1acb6ff:414|6,0,0.19642773188055365
logistic_rich_mask_permuted,6bba_d1acb6ff,6bba_d1acb6ff:414,union|6bba_d1acb6ff:414|7,0,0.3990348479771919
logistic_rich_mask_permuted,6bba_d1acb6ff,6bba_d1acb6ff:414,union|6bba_d1acb6ff:414|8,0,0.028530464668742407
logistic_rich_mask_permuted,6bba_d1acb6ff,6bba_d1acb6ff:414,union|6bba_d1acb6ff:414|9,0,0.8563316847708798
logistic_rich_mask_permuted,6bba_d1acb6ff,6bba_d1acb6ff:414,union|6bba_d1acb6ff:414|10,0,0.7479732466541738
logistic_rich_mask_permuted,6bba_d1acb6ff,6bba_d1acb6ff:414,union|6bba_d1acb6ff:414|11,0,0.14316130468142768
logistic_rich_mask_permuted,6bba_d1acb6ff,6bba_d1acb6ff:414,union|6bba_d1acb6ff:414|12,0,0.00398269402991914
logistic_rich_mask_permuted,6bba_d1acb6ff,6bba_d1acb6ff:414,union|6bba_d1acb6ff:414|13,0,0.048268273642577325
logistic_rich_mask_permuted,6bba_d1acb6ff,6bba_d1acb6ff:414,union|6bba_d1acb6ff:414|14,0,0.38616987035142586
logistic_rich_mask_permuted,6bba_d1acb6ff,6bba_d1acb6ff:414,union|6bba_d1acb6ff:414|15,0,0.16852928956695076
logistic_rich_mask_permuted,6bba_d1acb6ff,6bba_d1acb6ff:414,union|6bba_d1acb6ff:414|16,0,0.11346894508884735
logistic_rich_mask_permuted,6bba_d1acb6ff,6bba_d1acb6ff:414,union|6bba_d1acb6ff:414|17,0,0.17355493337608394
logistic_rich_mask_permuted,6bba_d1acb6ff,6bba_d1acb6ff:414,union|6bba_d1acb6ff:414|18,0,0.0032004773776164236
logistic_rich_mask_permuted,6bba_d1acb6ff,6bba_d1acb6ff:414,union|6bba_d1acb6ff:414|19,0,0.8323574113063662
logistic_rich_mask_permuted,6bba_d1acb6ff,6bba_d1acb6ff:414,union|6bba_d1acb6ff:414|20,0,0.3417641503995001
logistic_rich_mask_permuted,6bba_d1acb6ff,6bba_d1acb6ff:414,union|6bba_d1acb6ff:414|21,0,0.3914662601122473
logistic_rich_mask_permuted,6bba_d1acb6ff,6bba_d1acb6ff:414,union|6bba_d1acb6ff:414|22,0,0.5185251290816325
logistic_rich_mask_permuted,6bba_d1acb6ff,6bba_d1acb6ff:414,union|6bba_d1acb6ff:414|23,0,0.594154531799525
logistic_rich_mask_permuted,6bba_d1acb6ff,6bba_d1acb6ff:414,union|6bba_d1acb6ff:414|24,0,0.02105661730052867
logistic_rich_mask_permuted,6bba_d1acb6ff,6bba_d1acb6ff:414,union|6bba_d1acb6ff:414|25,0,0.0016021014528928316
logistic_rich_mask_permuted,6bba_e16ffc58,6bba_e16ffc58:331,union|6bba_e16ffc58:331|0,0,0.944633095475601
logistic_rich_mask_permuted,6bba_e16ffc58,6bba_e16ffc58:331,union|6bba_e16ffc58:331|1,0,0.0580314892691537
logistic_rich_mask_permuted,6bba_e16ffc58,6bba_e16ffc58:331,union|6bba_e16ffc58:331|2,0,0.9917542772101486
logistic_rich_mask_permuted,6bba_e16ffc58,6bba_e16ffc58:331,union|6bba_e16ffc58:331|3,0,0.9493128334443338
logistic_rich_mask_permuted,6bba_e16ffc58,6bba_e16ffc58:331,union|6bba_e16ffc58:331|4,0,0.3646400602354497
logistic_rich_mask_permuted,6bba_e16ffc58,6bba_e16ffc58:331,union|6bba_e16ffc58:331|5,0,0.16275166897442145
logistic_rich_mask_permuted,6bba_e16ffc58,6bba_e16ffc58:331,union|6bba_e16ffc58:331|6,0,0.5591917597780115
logistic_rich_mask_permuted,6bba_e16ffc58,6bba_e16ffc58:331,union|6bba_e16ffc58:331|7,0,0.11168823669887558
logistic_rich_mask_permuted,6bba_e16ffc58,6bba_e16ffc58:331,union|6bba_e16ffc58:331|8,1,0.9437003585473278
logistic_rich_mask_permuted,6bba_e16ffc58,6bba_e16ffc58:331,union|6bba_e16ffc58:331|9,0,0.8793917511945453
logistic_rich_mask_permuted,6bba_e16ffc58,6bba_e16ffc58:331,union|6bba_e16ffc58:331|10,0,0.05783499719207843
logistic_rich_mask_permuted,6bba_e16ffc58,6bba_e16ffc58:331,union|6bba_e16ffc58:331|11,0,0.026238349947860132
logistic_rich_mask_permuted,6bba_e16ffc58,6bba_e16ffc58:331,union|6bba_e16ffc58:331|12,0,0.47866799057668036
logistic_rich_mask_permuted,6bba_e16ffc58,6bba_e16ffc58:331,union|6bba_e16ffc58:331|13,0,0.0377241586799201
logistic_rich_mask_permuted,6bba_e16ffc58,6bba_e16ffc58:331,union|6bba_e16ffc58:331|14,0,0.06256534729300622
logistic_rich_mask_permuted,6bba_e16ffc58,6bba_e16ffc58:331,union|6bba_e16ffc58:331|15,0,0.003826804348011294
logistic_rich_mask_permuted,6bba_e16ffc58,6bba_e16ffc58:331,union|6bba_e16ffc58:331|16,0,0.002155052864706244
logistic_rich_mask_permuted,6bba_e16ffc58,6bba_e16ffc58:331,union|6bba_e16ffc58:331|17,0,0.016593637690314755
logistic_rich_mask_permuted,6bba_e16ffc58,6bba_e16ffc58:331,union|6bba_e16ffc58:331|18,0,0.9639017749771511
logistic_rich_mask_permuted,6bba_e16ffc58,6bba_e16ffc58:331,union|6bba_e16ffc58:331|19,0,0.20271459534288191
logistic_rich_mask_permuted,6bba_e16ffc58,6bba_e16ffc58:331,union|6bba_e16ffc58:331|20,0,0.03842849193333947
logistic_rich_mask_permuted,6bba_e16ffc58,6bba_e16ffc58:331,union|6bba_e16ffc58:331|21,0,0.03371687628622016
logistic_rich_mask_permuted,6bba_e16ffc58,6bba_e16ffc58:331,union|6bba_e16ffc58:331|22,0,0.115643937025253
logistic_rich_mask_permuted,6bba_e16ffc58,6bba_e16ffc58:331,union|6bba_e16ffc58:331|23,0,0.03718785359802787
logistic_rich_mask_permuted,6bba_e16ffc58,6bba_e16ffc58:331,union|6bba_e16ffc58:331|24,0,0.24237807800655453
logistic_rich_mask_permuted,6bba_e16ffc58,6bba_e16ffc58:331,union|6bba_e16ffc58:331|25,0,0.002928742624264778
logistic_rich_mask_permuted,6bba_e16ffc58,6bba_e16ffc58:331,union|6bba_e16ffc58:331|26,0,0.02023116034875367
logistic_rich_mask_permuted,6bba_e16ffc58,6bba_e16ffc58:331,union|6bba_e16ffc58:331|27,0,0.0016100594481688935
logistic_rich_mask_permuted,6bba_fe670320,6bba_fe670320:4,union|6bba_fe670320:4|0,1,0.7987957027139821
logistic_rich_mask_permuted,6bba_fe670320,6bba_fe670320:4,union|6bba_fe670320:4|1,0,0.9718845232065719
logistic_rich_mask_permuted,6bba_fe670320,6bba_fe670320:4,union|6bba_fe670320:4|2,0,0.9969480199411148
logistic_rich_mask_permuted,6bba_fe670320,6bba_fe670320:519,union|6bba_fe670320:519|0,0,0.19950424717937973
logistic_rich_mask_permuted,6bba_fe670320,6bba_fe670320:519,union|6bba_fe670320:519|1,0,0.16993346336157944
logistic_rich_mask_permuted,6bba_fe670320,6bba_fe670320:519,union|6bba_fe670320:519|2,0,0.28933672657465187
logistic_rich_mask_permuted,6bba_fe670320,6bba_fe670320:519,union|6bba_fe670320:519|3,1,0.9693588446261945
logistic_rich_mask_permuted,6bba_fe670320,6bba_fe670320:519,union|6bba_fe670320:519|4,0,0.9370420036623618
logistic_rich_mask_permuted,6bba_fe670320,6bba_fe670320:519,union|6bba_fe670320:519|5,0,0.12956781801830608
logistic_rich_mask_permuted,6bba_fe670320,6bba_fe670320:519,union|6bba_fe670320:519|6,0,0.05600878724307635
logistic_rich_mask_permuted,6bba_fe670320,6bba_fe670320:519,union|6bba_fe670320:519|7,0,0.9161124014807189
forest_rich,44b6_2a2eff9f,44b6_2a2eff9f:13,union|44b6_2a2eff9f:13|0,0,0.13498737721326318
forest_rich,44b6_2a2eff9f,44b6_2a2eff9f:13,union|44b6_2a2eff9f:13|1,0,0.1111591670598
forest_rich,44b6_2a2eff9f,44b6_2a2eff9f:13,union|44b6_2a2eff9f:13|2,0,0.009811258990021481
forest_rich,44b6_2a2eff9f,44b6_2a2eff9f:13,union|44b6_2a2eff9f:13|3,0,0.10116120577678567
forest_rich,44b6_2a2eff9f,44b6_2a2eff9f:13,union|44b6_2a2eff9f:13|4,0,0.07301881557592013
forest_rich,44b6_2a2eff9f,44b6_2a2eff9f:13,union|44b6_2a2eff9f:13|5,0,0.0970688652708541
forest_rich,44b6_2a2eff9f,44b6_2a2eff9f:13,union|44b6_2a2eff9f:13|6,0,0.027581001299897046
forest_rich,44b6_2a2eff9f,44b6_2a2eff9f:13,union|44b6_2a2eff9f:13|7,0,0.006372767566530616
forest_rich,44b6_2a2eff9f,44b6_2a2eff9f:13,union|44b6_2a2eff9f:13|8,0,0.006372767566530616
forest_rich,44b6_2a2eff9f,44b6_2a2eff9f:13,union|44b6_2a2eff9f:13|9,0,0.07633048089544452
forest_rich,44b6_2a2eff9f,44b6_2a2eff9f:13,union|44b6_2a2eff9f:13|10,0,0.0853065967089061
forest_rich,44b6_2a2eff9f,44b6_2a2eff9f:13,union|44b6_2a2eff9f:13|11,0,0.07649830833366411
forest_rich,44b6_2a2eff9f,44b6_2a2eff9f:13,union|44b6_2a2eff9f:13|12,0,0.009625278823891198
forest_rich,44b6_2a2eff9f,44b6_2a2eff9f:13,union|44b6_2a2eff9f:13|13,0,0.15918138020042225
forest_rich,44b6_2a2eff9f,44b6_2a2eff9f:13,union|44b6_2a2eff9f:13|14,0,0.006372767566530616
forest_rich,44b6_2a2eff9f,44b6_2a2eff9f:13,union|44b6_2a2eff9f:13|15,0,0.011795267114406208
forest_rich,44b6_2a2eff9f,44b6_2a2eff9f:13,union|44b6_2a2eff9f:13|16,0,0.05139511730753889
forest_rich,44b6_2a2eff9f,44b6_2a2eff9f:13,union|44b6_2a2eff9f:13|17,0,0.16648257406939923
forest_rich,44b6_2a2eff9f,44b6_2a2eff9f:13,union|44b6_2a2eff9f:13|18,0,0.01676448222396253
forest_rich,44b6_2a2eff9f,44b6_2a2eff9f:13,union|44b6_2a2eff9f:13|19,0,0.33165831043000493
forest_rich,44b6_2a2eff9f,44b6_2a2eff9f:13,union|44b6_2a2eff9f:13|20,0,0.05611659265800624
forest_rich,44b6_2a2eff9f,44b6_2a2eff9f:13,union|44b6_2a2eff9f:13|21,0,0.31772822094423725
forest_rich,44b6_2a2eff9f,44b6_2a2eff9f:13,union|44b6_2a2eff9f:13|22,0,0.014194301668577101
forest_rich,44b6_2a2eff9f,44b6_2a2eff9f:13,union|44b6_2a2eff9f:13|23,0,0.06205268850846898
forest_rich,44b6_2a2eff9f,44b6_2a2eff9f:13,union|44b6_2a2eff9f:13|24,0,0.010782480200128924
forest_rich,44b6_2a2eff9f,44b6_2a2eff9f:13,union|44b6_2a2eff9f:13|25,0,0.011351037213976414
forest_rich,44b6_2a2eff9f,44b6_2a2eff9f:13,union|44b6_2a2eff9f:13|26,0,0.014683547134552126
forest_rich,44b6_2a2eff9f,44b6_2a2eff9f:13,union|44b6_2a2eff9f:13|27,0,0.017916977516466835
forest_rich,44b6_2a2eff9f,44b6_2a2eff9f:13,union|44b6_2a2eff9f:13|28,0,0.07446816832928105
forest_rich,44b6_2a2eff9f,44b6_2a2eff9f:13,union|44b6_2a2eff9f:13|29,0,0.05680420075019217
forest_rich,44b6_2a2eff9f,44b6_2a2eff9f:13,union|44b6_2a2eff9f:13|30,0,0.015943849678440605
forest_rich,44b6_2a2eff9f,44b6_2a2eff9f:13,union|44b6_2a2eff9f:13|31,0,0.009617338429052756
forest_rich,44b6_2a2eff9f,44b6_2a2eff9f:13,union|44b6_2a2eff9f:13|32,0,0.006372767566530616
forest_rich,44b6_2a2eff9f,44b6_2a2eff9f:13,union|44b6_2a2eff9f:13|33,0,0.02635410429480496
forest_rich,44b6_2a2eff9f,44b6_2a2eff9f:13,union|44b6_2a2eff9f:13|34,1,0.19072553093988628
forest_rich,44b6_2a2eff9f,44b6_2a2eff9f:13,union|44b6_2a2eff9f:13|35,0,0.006372767566530616
forest_rich,44b6_2a2eff9f,44b6_2a2eff9f:13,union|44b6_2a2eff9f:13|36,0,0.025553268186545103
forest_rich,44b6_2a2eff9f,44b6_2a2eff9f:13,union|44b6_2a2eff9f:13|37,0,0.05444415184046256
forest_rich,44b6_2a2eff9f,44b6_2a2eff9f:13,union|44b6_2a2eff9f:13|38,0,0.01676448222396253
forest_rich,44b6_2a2eff9f,44b6_2a2eff9f:13,union|44b6_2a2eff9f:13|39,0,0.019753207013544872
forest_rich,44b6_2a2eff9f,44b6_2a2eff9f:13,union|44b6_2a2eff9f:13|40,0,0.015943849678440605
forest_rich,44b6_2a2eff9f,44b6_2a2eff9f:13,union|44b6_2a2eff9f:13|41,0,0.017690428235528282
forest_rich,44b6_2a2eff9f,44b6_2a2eff9f:13,union|44b6_2a2eff9f:13|42,0,0.06270486626992056
forest_rich,44b6_2a2eff9f,44b6_2a2eff9f:13,union|44b6_2a2eff9f:13|43,0,0.018741180262940974
forest_rich,44b6_2a2eff9f,44b6_2a2eff9f:13,union|44b6_2a2eff9f:13|44,0,0.00584304465799004
forest_rich,44b6_2a2eff9f,44b6_2a2eff9f:13,union|44b6_2a2eff9f:13|45,0,0.006071636200978082
forest_rich,44b6_2a2eff9f,44b6_2a2eff9f:13,union|44b6_2a2eff9f:13|46,0,0.014194301668577101
forest_rich,44b6_2a2eff9f,44b6_2a2eff9f:13,union|44b6_2a2eff9f:13|47,0,0.006372767566530616
forest_rich,44b6_2a2eff9f,44b6_2a2eff9f:13,union|44b6_2a2eff9f:13|48,0,0.014915511209427402
forest_rich,44b6_2a2eff9f,44b6_2a2eff9f:13,union|44b6_2a2eff9f:13|49,0,0.017566062262988458
forest_rich,44b6_2a2eff9f,44b6_2a2eff9f:13,union|44b6_2a2eff9f:13|50,0,0.04323167324045075
forest_rich,44b6_2a2eff9f,44b6_2a2eff9f:13,union|44b6_2a2eff9f:13|51,0,0.008924923229737581
forest_rich,44b6_2a2eff9f,44b6_2a2eff9f:13,union|44b6_2a2eff9f:13|52,0,0.020788529543254382
forest_rich,44b6_2a2eff9f,44b6_2a2eff9f:13,union|44b6_2a2eff9f:13|53,0,0.011402706574432488
forest_rich,44b6_587a1e22,44b6_587a1e22:24,union|44b6_587a1e22:24|0,0,0.04646168420192915
forest_rich,44b6_587a1e22,44b6_587a1e22:24,union|44b6_587a1e22:24|1,0,0.030972122137539818
forest_rich,44b6_587a1e22,44b6_587a1e22:24,union|44b6_587a1e22:24|2,0,0.015258467320323347
forest_rich,44b6_587a1e22,44b6_587a1e22:24,union|44b6_587a1e22:24|3,0,0.0029914933837429116
forest_rich,44b6_587a1e22,44b6_587a1e22:24,union|44b6_587a1e22:24|4,0,0.006081517714643156
forest_rich,44b6_587a1e22,44b6_587a1e22:24,union|44b6_587a1e22:24|5,0,0.019226721083233315
forest_rich,44b6_587a1e22,44b6_587a1e22:24,union|44b6_587a1e22:24|6,0,0.4589773251780198
forest_rich,44b6_587a1e22,44b6_587a1e22:24,union|44b6_587a1e22:24|7,0,0.0
forest_rich,44b6_587a1e22,44b6_587a1e22:24,union|44b6_587a1e22:24|8,0,0.7483899088316673
forest_rich,44b6_587a1e22,44b6_587a1e22:24,union|44b6_587a1e22:24|9,0,0.11933271502771707
forest_rich,44b6_587a1e22,44b6_587a1e22:24,union|44b6_587a1e22:24|10,0,0.0
forest_rich,44b6_587a1e22,44b6_587a1e22:24,union|44b6_587a1e22:24|11,0,0.0
forest_rich,44b6_587a1e22,44b6_587a1e22:24,union|44b6_587a1e22:24|12,0,0.010441824677562666
forest_rich,44b6_587a1e22,44b6_587a1e22:24,union|44b6_587a1e22:24|13,0,0.03746318560730744
forest_rich,44b6_587a1e22,44b6_587a1e22:24,union|44b6_587a1e22:24|14,0,0.0
forest_rich,44b6_587a1e22,44b6_587a1e22:24,union|44b6_587a1e22:24|15,0,0.008932282162657436
forest_rich,44b6_587a1e22,44b6_587a1e22:24,union|44b6_587a1e22:24|16,0,0.06661462819969423
forest_rich,44b6_587a1e22,44b6_587a1e22:24,union|44b6_587a1e22:24|17,0,0.0171827252802163
forest_rich,44b6_587a1e22,44b6_587a1e22:24,union|44b6_587a1e22:24|18,1,0.24726036655944852
forest_rich,44b6_587a1e22,44b6_587a1e22:24,union|44b6_587a1e22:24|19,0,0.005346124926861647
forest_rich,44b6_587a1e22,44b6_587a1e22:24,union|44b6_587a1e22:24|20,0,0.0
forest_rich,44b6_587a1e22,44b6_587a1e22:24,union|44b6_587a1e22:24|21,0,0.0596513318352422
forest_rich,44b6_587a1e22,44b6_587a1e22:24,union|44b6_587a1e22:24|22,0,0.003133283938421009
forest_rich,44b6_587a1e22,44b6_587a1e22:24,union|44b6_587a1e22:24|23,0,0.0
forest_rich,44b6_587a1e22,44b6_587a1e22:24,union|44b6_587a1e22:24|24,0,0.003133283938421009
forest_rich,44b6_587a1e22,44b6_587a1e22:24,union|44b6_587a1e22:24|25,0,0.012333827331470688
forest_rich,44b6_587a1e22,44b6_587a1e22:24,union|44b6_587a1e22:24|26,0,0.0
forest_rich,44b6_587a1e22,44b6_587a1e22:24,union|44b6_587a1e22:24|27,0,0.3371928401533198
forest_rich,44b6_587a1e22,44b6_587a1e22:24,union|44b6_587a1e22:24|28,0,0.21582379120830641
forest_rich,44b6_587a1e22,44b6_587a1e22:24,union|44b6_587a1e22:24|29,0,0.014236971637499813
forest_rich,44b6_587a1e22,44b6_587a1e22:24,union|44b6_587a1e22:24|30,0,0.030533627524725528
forest_rich,44b6_587a1e22,44b6_587a1e22:24,union|44b6_587a1e22:24|31,0,0.0
forest_rich,44b6_587a1e22,44b6_587a1e22:24,union|44b6_587a1e22:24|32,0,0.047778993619172934
forest_rich,44b6_587a1e22,44b6_587a1e22:24,union|44b6_587a1e22:24|33,0,0.035419581950674954
forest_rich,44b6_587a1e22,44b6_587a1e22:24,union|44b6_587a1e22:24|34,0,0.0
forest_rich,44b6_587a1e22,44b6_587a1e22:24,union|44b6_587a1e22:24|35,0,0.01421273340555686
forest_rich,44b6_587a1e22,44b6_587a1e22:24,union|44b6_587a1e22:24|36,0,0.011498307688112552
forest_rich,44b6_5f15d135,44b6_5f15d135:103,union|44b6_5f15d135:103|0,0,0.09106078536378993
forest_rich,44b6_5f15d135,44b6_5f15d135:103,union|44b6_5f15d135:103|1,0,0.02057257424708268
forest_rich,44b6_5f15d135,44b6_5f15d135:103,union|44b6_5f15d135:103|2,0,0.03186698317682732
forest_rich,44b6_5f15d135,44b6_5f15d135:103,union|44b6_5f15d135:103|3,0,0.014454198785228089
forest_rich,44b6_5f15d135,44b6_5f15d135:103,union|44b6_5f15d135:103|4,0,0.006163178908094382
forest_rich,44b6_5f15d135,44b6_5f15d135:103,union|44b6_5f15d135:103|5,0,0.0033040692247533992
forest_rich,44b6_5f15d135,44b6_5f15d135:103,union|44b6_5f15d135:103|6,0,0.055957844311429514
forest_rich,44b6_5f15d135,44b6_5f15d135:103,union|44b6_5f15d135:103|7,0,0.0
forest_rich,44b6_5f15d135,44b6_5f15d135:103,union|44b6_5f15d135:103|8,0,0.0
forest_rich,44b6_5f15d135,44b6_5f15d135:103,union|44b6_5f15d135:103|9,0,0.3786584744710696
forest_rich,44b6_5f15d135,44b6_5f15d135:103,union|44b6_5f15d135:103|10,0,0.10994891336614636
forest_rich,44b6_5f15d135,44b6_5f15d135:103,union|44b6_5f15d135:103|11,0,0.009177706838424943
forest_rich,44b6_5f15d135,44b6_5f15d135:103,union|44b6_5f15d135:103|12,0,0.0
forest_rich,44b6_5f15d135,44b6_5f15d135:103,union|44b6_5f15d135:103|13,0,0.34087221632377235
forest_rich,44b6_5f15d135,44b6_5f15d135:103,union|44b6_5f15d135:103|14,0,0.024446044101915226
forest_rich,44b6_5f15d135,44b6_5f15d135:103,union|44b6_5f15d135:103|15,0,0.0032536520584329352
forest_rich,44b6_5f15d135,44b6_5f15d135:103,union|44b6_5f15d135:103|16,0,0.09638527087487554
forest_rich,44b6_5f15d135,44b6_5f15d135:103,union|44b6_5f15d135:103|17,0,0.003182300884955753
forest_rich,44b6_5f15d135,44b6_5f15d135:103,union|44b6_5f15d135:103|18,0,0.03699571276069052
forest_rich,44b6_5f15d135,44b6_5f15d135:103,union|44b6_5f15d135:103|19,0,0.005870458156702021
forest_rich,44b6_5f15d135,44b6_5f15d135:103,union|44b6_5f15d135:103|20,1,0.7435999927128026
forest_rich,44b6_5f15d135,44b6_5f15d135:103,union|44b6_5f15d135:103|21,0,0.0
forest_rich,44b6_5f15d135,44b6_5f15d135:103,union|44b6_5f15d135:103|22,0,0.26314243504504287
forest_rich,44b6_5f15d135,44b6_5f15d135:103,union|44b6_5f15d135:103|23,0,0.46860177107691525
forest_rich,44b6_5f15d135,44b6_5f15d135:103,union|44b6_5f15d135:103|24,0,0.0
forest_rich,44b6_5f15d135,44b6_5f15d135:103,union|44b6_5f15d135:103|25,0,0.0
forest_rich,44b6_5f15d135,44b6_5f15d135:103,union|44b6_5f15d135:103|26,0,0.07606262621429172
forest_rich,44b6_5f15d135,44b6_5f15d135:103,union|44b6_5f15d135:103|27,0,0.15119662248493662
forest_rich,44b6_5f15d135,44b6_5f15d135:103,union|44b6_5f15d135:103|28,0,0.07513314176930845
forest_rich,44b6_5f15d135,44b6_5f15d135:103,union|44b6_5f15d135:103|29,0,0.23879018000946417
forest_rich,44b6_5f15d135,44b6_5f15d135:103,union|44b6_5f15d135:103|30,0,0.09122246155332107
forest_rich,44b6_5f15d135,44b6_5f15d135:103,union|44b6_5f15d135:103|31,0,0.0
forest_rich,44b6_5f15d135,44b6_5f15d135:103,union|44b6_5f15d135:103|32,0,0.2841238120757923
forest_rich,44b6_5f15d135,44b6_5f15d135:103,union|44b6_5f15d135:103|33,0,0.014835160712326463
forest_rich,44b6_5f15d135,44b6_5f15d135:103,union|44b6_5f15d135:103|34,0,0.0030397912589693417
forest_rich,44b6_5f15d135,44b6_5f15d135:103,union|44b6_5f15d135:103|35,0,0.0115633386276464
forest_rich,44b6_5f15d135,44b6_5f15d135:103,union|44b6_5f15d135:103|36,0,0.12666912924796195
forest_rich,44b6_5f15d135,44b6_5f15d135:103,union|44b6_5f15d135:103|37,0,0.0
forest_rich,44b6_5f15d135,44b6_5f15d135:103,union|44b6_5f15d135:103|38,0,0.0032807017543859643
forest_rich,44b6_5f15d135,44b6_5f15d135:103,union|44b6_5f15d135:103|39,0,0.0
forest_rich,44b6_5f15d135,44b6_5f15d135:103,union|44b6_5f15d135:103|40,0,0.025399388906404842
forest_rich,44b6_5f15d135,44b6_5f15d135:103,union|44b6_5f15d135:103|41,0,0.015470836498982378
forest_rich,44b6_5f15d135,44b6_5f15d135:103,union|44b6_5f15d135:103|42,0,0.5674787461317939
forest_rich,44b6_5f15d135,44b6_5f15d135:103,union|44b6_5f15d135:103|43,0,0.04846985574214473
forest_rich,44b6_5f15d135,44b6_5f15d135:103,union|44b6_5f15d135:103|44,0,0.0032808674361664916
forest_rich,44b6_5f15d135,44b6_5f15d135:103,union|44b6_5f15d135:103|45,0,0.024638859947579583
forest_rich,44b6_5f15d135,44b6_5f15d135:103,union|44b6_5f15d135:103|46,0,0.009467071437990478
forest_rich,44b6_5f15d135,44b6_5f15d135:103,union|44b6_5f15d135:103|47,0,0.03473063724241705
forest_rich,44b6_5f15d135,44b6_5f15d135:103,union|44b6_5f15d135:103|48,0,0.0
forest_rich,44b6_5f15d135,44b6_5f15d135:103,union|44b6_5f15d135:103|49,0,0.0023632357570034625
forest_rich,44b6_5f15d135,44b6_5f15d135:103,union|44b6_5f15d135:103|50,0,0.0032151421719767044
forest_rich,44b6_5f15d135,44b6_5f15d135:103,union|44b6_5f15d135:103|51,0,0.0
forest_rich,44b6_5f15d135,44b6_5f15d135:103,union|44b6_5f15d135:103|52,0,0.25658604830263093
forest_rich,44b6_5f15d135,44b6_5f15d135:103,union|44b6_5f15d135:103|53,0,0.0
forest_rich,44b6_5f15d135,44b6_5f15d135:103,union|44b6_5f15d135:103|54,0,0.08966295184788324
forest_rich,44b6_5f15d135,44b6_5f15d135:103,union|44b6_5f15d135:103|55,0,0.023010157966810055
forest_rich,44b6_5f15d135,44b6_5f15d135:103,union|44b6_5f15d135:103|56,0,0.10926079309992981
forest_rich,44b6_5f15d135,44b6_5f15d135:103,union|44b6_5f15d135:103|57,0,0.09144683121679269
forest_rich,44b6_5f15d135,44b6_5f15d135:103,union|44b6_5f15d135:103|58,0,0.04895021110574305
forest_rich,44b6_5f15d135,44b6_5f15d135:103,union|44b6_5f15d135:103|59,0,0.2066069005021546
forest_rich,44b6_5f15d135,44b6_5f15d135:103,union|44b6_5f15d135:103|60,0,0.07609774281117732
forest_rich,44b6_5f15d135,44b6_5f15d135:103,union|44b6_5f15d135:103|61,0,0.03591081645780187
forest_rich,44b6_5f15d135,44b6_5f15d135:103,union|44b6_5f15d135:103|62,0,0.0
forest_rich,44b6_5f15d135,44b6_5f15d135:103,union|44b6_5f15d135:103|63,0,0.007602017794608989
forest_rich,44b6_5f15d135,44b6_5f15d135:103,union|44b6_5f15d135:103|64,0,0.03197136425095268
forest_rich,44b6_5f15d135,44b6_5f15d135:103,union|44b6_5f15d135:103|65,0,0.03007824904777482
forest_rich,44b6_5f15d135,44b6_5f15d135:103,union|44b6_5f15d135:103|66,0,0.0357352868575816
forest_rich,44b6_74d0c52e,44b6_74d0c52e:59,union|44b6_74d0c52e:59|0,0,0.018502197404415537
forest_rich,44b6_74d0c52e,44b6_74d0c52e:59,union|44b6_74d0c52e:59|1,0,0.08013460798911312
forest_rich,44b6_74d0c52e,44b6_74d0c52e:59,union|44b6_74d0c52e:59|2,0,0.007712773220263833
forest_rich,44b6_74d0c52e,44b6_74d0c52e:59,union|44b6_74d0c52e:59|3,0,0.043205409651679315
forest_rich,44b6_74d0c52e,44b6_74d0c52e:59,union|44b6_74d0c52e:59|4,0,0.020655572437962188
forest_rich,44b6_74d0c52e,44b6_74d0c52e:59,union|44b6_74d0c52e:59|5,0,0.0
forest_rich,44b6_74d0c52e,44b6_74d0c52e:59,union|44b6_74d0c52e:59|6,0,0.0
forest_rich,44b6_74d0c52e,44b6_74d0c52e:59,union|44b6_74d0c52e:59|7,0,0.024681898156062046
forest_rich,44b6_74d0c52e,44b6_74d0c52e:59,union|44b6_74d0c52e:59|8,0,0.010320514059521347
forest_rich,44b6_74d0c52e,44b6_74d0c52e:59,union|44b6_74d0c52e:59|9,0,0.1387859511346232
forest_rich,44b6_74d0c52e,44b6_74d0c52e:59,union|44b6_74d0c52e:59|10,1,0.22722141528886966
forest_rich,44b6_74d0c52e,44b6_74d0c52e:59,union|44b6_74d0c52e:59|11,0,0.00288936627282492
forest_rich,44b6_74d0c52e,44b6_74d0c52e:59,union|44b6_74d0c52e:59|12,0,0.012217210851165916
forest_rich,44b6_74d0c52e,44b6_74d0c52e:59,union|44b6_74d0c52e:59|13,0,0.047373839208806744
forest_rich,44b6_74d0c52e,44b6_74d0c52e:59,union|44b6_74d0c52e:59|14,0,0.07795069998058332
forest_rich,44b6_74d0c52e,44b6_74d0c52e:59,union|44b6_74d0c52e:59|15,0,0.03486220714605828
forest_rich,44b6_74d0c52e,44b6_74d0c52e:59,union|44b6_74d0c52e:59|16,0,0.029706832503570913
forest_rich,44b6_74d0c52e,44b6_74d0c52e:59,union|44b6_74d0c52e:59|17,0,0.375000039798213
forest_rich,44b6_74d0c52e,44b6_74d0c52e:59,union|44b6_74d0c52e:59|18,0,0.04369318055438127
forest_rich,44b6_74d0c52e,44b6_74d0c52e:59,union|44b6_74d0c52e:59|19,0,0.13084340192778113
forest_rich,44b6_74d0c52e,44b6_74d0c52e:59,union|44b6_74d0c52e:59|20,0,0.002032362459546927
forest_rich,44b6_74d0c52e,44b6_74d0c52e:59,union|44b6_74d0c52e:59|21,0,0.003197227153605546
forest_rich,44b6_74d0c52e,44b6_74d0c52e:59,union|44b6_74d0c52e:59|22,0,0.00908201842870439
forest_rich,44b6_74d0c52e,44b6_74d0c52e:59,union|44b6_74d0c52e:59|23,0,0.08466164398989852
forest_rich,44b6_74d0c52e,44b6_74d0c52e:59,union|44b6_74d0c52e:59|24,0,0.015123646214451373
forest_rich,44b6_74d0c52e,44b6_74d0c52e:59,union|44b6_74d0c52e:59|25,0,0.1089373317096364
forest_rich,44b6_74d0c52e,44b6_74d0c52e:59,union|44b6_74d0c52e:59|26,0,0.01232192706578847
forest_rich,44b6_74d0c52e,44b6_74d0c52e:59,union|44b6_74d0c52e:59|27,0,0.0
forest_rich,44b6_74d0c52e,44b6_74d0c52e:59,union|44b6_74d0c52e:59|28,0,0.0
forest_rich,44b6_74d0c52e,44b6_74d0c52e:59,union|44b6_74d0c52e:59|29,0,0.14444695374611408
forest_rich,44b6_74d0c52e,44b6_74d0c52e:59,union|44b6_74d0c52e:59|30,0,0.15427844039670371
forest_rich,44b6_74d0c52e,44b6_74d0c52e:59,union|44b6_74d0c52e:59|31,0,0.1591369126703308
forest_rich,44b6_74d0c52e,44b6_74d0c52e:59,union|44b6_74d0c52e:59|32,0,0.06149176431387359
forest_rich,44b6_74d0c52e,44b6_74d0c52e:59,union|44b6_74d0c52e:59|33,0,0.20814374239870623
forest_rich,44b6_74d0c52e,44b6_74d0c52e:59,union|44b6_74d0c52e:59|34,0,0.15127334137608878
forest_rich,44b6_74d0c52e,44b6_74d0c52e:59,union|44b6_74d0c52e:59|35,0,0.06407477630567587
forest_rich,44b6_74d0c52e,44b6_74d0c52e:59,union|44b6_74d0c52e:59|36,0,0.011822595788616145
forest_rich,44b6_74d0c52e,44b6_74d0c52e:59,union|44b6_74d0c52e:59|37,0,0.02734473162665538
forest_rich,44b6_74d0c52e,44b6_74d0c52e:59,union|44b6_74d0c52e:59|38,0,0.0062236718217752755
forest_rich,44b6_74d0c52e,44b6_74d0c52e:59,union|44b6_74d0c52e:59|39,0,0.09084735733297547
forest_rich,44b6_74d0c52e,44b6_74d0c52e:59,union|44b6_74d0c52e:59|40,0,0.039084629590877086
forest_rich,44b6_74d0c52e,44b6_74d0c52e:59,union|44b6_74d0c52e:59|41,0,0.009178414049244774
forest_rich,44b6_74d0c52e,44b6_74d0c52e:59,union|44b6_74d0c52e:59|42,0,0.0
forest_rich,44b6_74d0c52e,44b6_74d0c52e:59,union|44b6_74d0c52e:59|43,0,0.0024603486695504015
forest_rich,44b6_74d0c52e,44b6_74d0c52e:59,union|44b6_74d0c52e:59|44,0,0.020147976735798368
forest_rich,44b6_74d0c52e,44b6_74d0c52e:59,union|44b6_74d0c52e:59|45,0,0.06877561194014016
forest_rich,44b6_74d0c52e,44b6_74d0c52e:59,union|44b6_74d0c52e:59|46,0,0.030844367640791195
forest_rich,44b6_74d0c52e,44b6_74d0c52e:59,union|44b6_74d0c52e:59|47,0,0.05544491489329804
forest_rich,44b6_74d0c52e,44b6_74d0c52e:59,union|44b6_74d0c52e:59|48,0,0.009729152686728637
forest_rich,44b6_74d0c52e,44b6_74d0c52e:59,union|44b6_74d0c52e:59|49,0,0.014872534379132229
forest_rich,44b6_74d0c52e,44b6_74d0c52e:59,union|44b6_74d0c52e:59|50,0,0.12426697029953564
forest_rich,44b6_74d0c52e,44b6_74d0c52e:59,union|44b6_74d0c52e:59|51,0,0.016146005493633698
forest_rich,44b6_74d0c52e,44b6_74d0c52e:59,union|44b6_74d0c52e:59|52,0,0.001371610845295057
forest_rich,44b6_996155de,44b6_996155de:60,union|44b6_996155de:60|0,1,0.7718599034050044
forest_rich,44b6_996155de,44b6_996155de:60,union|44b6_996155de:60|1,0,0.11351883048520241
forest_rich,44b6_996155de,44b6_996155de:60,union|44b6_996155de:60|2,0,0.024733828829138358
forest_rich,44b6_996155de,44b6_996155de:60,union|44b6_996155de:60|3,0,0.044369863712689285
forest_rich,44b6_996155de,44b6_996155de:60,union|44b6_996155de:60|4,0,0.10895310954151995
forest_rich,44b6_996155de,44b6_996155de:60,union|44b6_996155de:60|5,0,0.1270971866548798
forest_rich,44b6_9be80b04,44b6_9be80b04:155,union|44b6_9be80b04:155|0,0,0.1036056408569207
forest_rich,44b6_9be80b04,44b6_9be80b04:155,union|44b6_9be80b04:155|1,0,0.03668800341371559
forest_rich,44b6_9be80b04,44b6_9be80b04:155,union|44b6_9be80b04:155|2,0,0.02403137169400352
forest_rich,44b6_9be80b04,44b6_9be80b04:155,union|44b6_9be80b04:155|3,0,0.032798903048983946
forest_rich,44b6_9be80b04,44b6_9be80b04:155,union|44b6_9be80b04:155|4,0,0.12106733322237209
forest_rich,44b6_9be80b04,44b6_9be80b04:155,union|44b6_9be80b04:155|5,0,0.00970013303572247
forest_rich,44b6_9be80b04,44b6_9be80b04:155,union|44b6_9be80b04:155|6,0,0.05231263751591298
forest_rich,44b6_9be80b04,44b6_9be80b04:155,union|44b6_9be80b04:155|7,0,0.018271034731650475
forest_rich,44b6_9be80b04,44b6_9be80b04:155,union|44b6_9be80b04:155|8,0,0.05540590511305072
forest_rich,44b6_9be80b04,44b6_9be80b04:155,union|44b6_9be80b04:155|9,0,0.006004591543152998
forest_rich,44b6_9be80b04,44b6_9be80b04:155,union|44b6_9be80b04:155|10,0,0.011139625851040407
forest_rich,44b6_9be80b04,44b6_9be80b04:155,union|44b6_9be80b04:155|11,0,0.014014706773021052
forest_rich,44b6_9be80b04,44b6_9be80b04:155,union|44b6_9be80b04:155|12,0,0.007932028205466072
forest_rich,44b6_9be80b04,44b6_9be80b04:155,union|44b6_9be80b04:155|13,0,0.09951637974434582
forest_rich,44b6_9be80b04,44b6_9be80b04:155,union|44b6_9be80b04:155|14,0,0.061279030176319686
forest_rich,44b6_9be80b04,44b6_9be80b04:155,union|44b6_9be80b04:155|15,0,0.1491430618538294
forest_rich,44b6_9be80b04,44b6_9be80b04:155,union|44b6_9be80b04:155|16,0,0.005632649975025166
forest_rich,44b6_9be80b04,44b6_9be80b04:155,union|44b6_9be80b04:155|17,0,0.0016185236130215502
forest_rich,44b6_9be80b04,44b6_9be80b04:155,union|44b6_9be80b04:155|18,0,0.030616310841020535
forest_rich,44b6_9be80b04,44b6_9be80b04:155,union|44b6_9be80b04:155|19,0,0.009664528694321523
forest_rich,44b6_9be80b04,44b6_9be80b04:155,union|44b6_9be80b04:155|20,0,0.0030348258706467653
forest_rich,44b6_9be80b04,44b6_9be80b04:155,union|44b6_9be80b04:155|21,0,0.007235593957610059
forest_rich,44b6_9be80b04,44b6_9be80b04:155,union|44b6_9be80b04:155|22,0,0.0015504897439276115
forest_rich,44b6_9be80b04,44b6_9be80b04:155,union|44b6_9be80b04:155|23,0,0.0015504897439276115
forest_rich,44b6_9be80b04,44b6_9be80b04:155,union|44b6_9be80b04:155|24,0,0.03550886516963882
forest_rich,44b6_9be80b04,44b6_9be80b04:155,union|44b6_9be80b04:155|25,0,0.0
forest_rich,44b6_9be80b04,44b6_9be80b04:155,union|44b6_9be80b04:155|26,0,0.0
forest_rich,44b6_9be80b04,44b6_9be80b04:155,union|44b6_9be80b04:155|27,0,0.2002644810582382
forest_rich,44b6_9be80b04,44b6_9be80b04:155,union|44b6_9be80b04:155|28,0,0.16286832395688053
forest_rich,44b6_9be80b04,44b6_9be80b04:155,union|44b6_9be80b04:155|29,0,0.20513943303611432
forest_rich,44b6_9be80b04,44b6_9be80b04:155,union|44b6_9be80b04:155|30,0,0.1459662400226692
forest_rich,44b6_9be80b04,44b6_9be80b04:155,union|44b6_9be80b04:155|31,0,0.017526199912528614
forest_rich,44b6_9be80b04,44b6_9be80b04:155,union|44b6_9be80b04:155|32,0,0.00917637562052375
forest_rich,44b6_9be80b04,44b6_9be80b04:155,union|44b6_9be80b04:155|33,0,0.052526016000433245
forest_rich,44b6_9be80b04,44b6_9be80b04:155,union|44b6_9be80b04:155|34,0,0.015686143510365833
forest_rich,44b6_9be80b04,44b6_9be80b04:155,union|44b6_9be80b04:155|35,0,0.028394949002968493
forest_rich,44b6_9be80b04,44b6_9be80b04:155,union|44b6_9be80b04:155|36,0,0.0
forest_rich,44b6_9be80b04,44b6_9be80b04:155,union|44b6_9be80b04:155|37,0,0.004859253859485088
forest_rich,44b6_9be80b04,44b6_9be80b04:155,union|44b6_9be80b04:155|38,0,0.003140819964349376
forest_rich,44b6_9be80b04,44b6_9be80b04:155,union|44b6_9be80b04:155|39,0,0.0038234626069643157
forest_rich,44b6_9be80b04,44b6_9be80b04:155,union|44b6_9be80b04:155|40,0,0.17227159913613926
forest_rich,44b6_9be80b04,44b6_9be80b04:155,union|44b6_9be80b04:155|41,0,0.009944148914909348
forest_rich,44b6_9be80b04,44b6_9be80b04:155,union|44b6_9be80b04:155|42,0,0.16133824139223327
forest_rich,44b6_9be80b04,44b6_9be80b04:155,union|44b6_9be80b04:155|43,0,0.02260887008753571
forest_rich,44b6_9be80b04,44b6_9be80b04:155,union|44b6_9be80b04:155|44,0,0.34631030679674163
forest_rich,44b6_9be80b04,44b6_9be80b04:155,union|44b6_9be80b04:155|45,0,0.05593163027092353
forest_rich,44b6_9be80b04,44b6_9be80b04:155,union|44b6_9be80b04:155|46,0,0.0031718693936132036
forest_rich,44b6_9be80b04,44b6_9be80b04:155,union|44b6_9be80b04:155|47,0,0.010705134177589313
forest_rich,44b6_9be80b04,44b6_9be80b04:155,union|44b6_9be80b04:155|48,0,0.005756516212060372
forest_rich,44b6_9be80b04,44b6_9be80b04:155,union|44b6_9be80b04:155|49,0,0.004767501739565563
forest_rich,44b6_9be80b04,44b6_9be80b04:155,union|44b6_9be80b04:155|50,0,0.0031282051282051277
forest_rich,44b6_9be80b04,44b6_9be80b04:155,union|44b6_9be80b04:155|51,0,0.35679615131389986
forest_rich,44b6_9be80b04,44b6_9be80b04:155,union|44b6_9be80b04:155|52,0,0.5584354627770638
forest_rich,44b6_9be80b04,44b6_9be80b04:155,union|44b6_9be80b04:155|53,0,0.03940788078213899
forest_rich,44b6_9be80b04,44b6_9be80b04:155,union|44b6_9be80b04:155|54,0,0.10033363285213667
forest_rich,44b6_9be80b04,44b6_9be80b04:155,union|44b6_9be80b04:155|55,0,0.6616174250962366
forest_rich,44b6_9be80b04,44b6_9be80b04:155,union|44b6_9be80b04:155|56,0,0.01873116245339617
forest_rich,44b6_9be80b04,44b6_9be80b04:155,union|44b6_9be80b04:155|57,0,0.005192320637613261
forest_rich,44b6_9be80b04,44b6_9be80b04:155,union|44b6_9be80b04:155|58,0,0.2287000275477538
forest_rich,44b6_9be80b04,44b6_9be80b04:155,union|44b6_9be80b04:155|59,0,0.0015504897439276115
forest_rich,44b6_9be80b04,44b6_9be80b04:155,union|44b6_9be80b04:155|60,0,0.024337575024665808
forest_rich,44b6_9be80b04,44b6_9be80b04:155,union|44b6_9be80b04:155|61,0,0.01756395086462886
forest_rich,44b6_9be80b04,44b6_9be80b04:155,union|44b6_9be80b04:155|62,0,0.008030600151781704
forest_rich,44b6_9be80b04,44b6_9be80b04:155,union|44b6_9be80b04:155|63,0,0.003140819964349376
forest_rich,44b6_9be80b04,44b6_9be80b04:155,union|44b6_9be80b04:155|64,0,0.0029785436729177226
forest_rich,44b6_9be80b04,44b6_9be80b04:155,union|44b6_9be80b04:155|65,0,0.0061398245482452846
forest_rich,44b6_9be80b04,44b6_9be80b04:155,union|44b6_9be80b04:155|66,1,0.6178334742153846
forest_rich,44b6_9be80b04,44b6_9be80b04:155,union|44b6_9be80b04:155|67,0,0.010565326831929296
forest_rich,44b6_9be80b04,44b6_9be80b04:155,union|44b6_9be80b04:155|68,0,0.0807826271382578
forest_rich,44b6_9be80b04,44b6_9be80b04:155,union|44b6_9be80b04:155|69,0,0.14037243678550726
forest_rich,44b6_9be80b04,44b6_9be80b04:155,union|44b6_9be80b04:155|70,0,0.6514337136676939
forest_rich,44b6_9be80b04,44b6_9be80b04:155,union|44b6_9be80b04:155|71,0,0.4473789192136793
forest_rich,44b6_9be80b04,44b6_9be80b04:155,union|44b6_9be80b04:155|72,0,0.012467194197515961
forest_rich,44b6_9be80b04,44b6_9be80b04:155,union|44b6_9be80b04:155|73,0,0.22665567246214338
forest_rich,44b6_9be80b04,44b6_9be80b04:155,union|44b6_9be80b04:155|74,0,0.007713520742779506
forest_rich,44b6_9be80b04,44b6_9be80b04:155,union|44b6_9be80b04:155|75,0,0.0031718693936132036
forest_rich,44b6_9be80b04,44b6_9be80b04:155,union|44b6_9be80b04:155|76,0,0.012081068364552949
forest_rich,44b6_9be80b04,44b6_9be80b04:155,union|44b6_9be80b04:155|77,0,0.014120403905338854
forest_rich,44b6_9be80b04,44b6_9be80b04:155,union|44b6_9be80b04:155|78,0,0.0
forest_rich,44b6_9be80b04,44b6_9be80b04:155,union|44b6_9be80b04:155|79,0,0.09513364371951251
forest_rich,44b6_9be80b04,44b6_9be80b04:155,union|44b6_9be80b04:155|80,0,0.0015504897439276115
forest_rich,44b6_9be80b04,44b6_9be80b04:155,union|44b6_9be80b04:155|81,0,0.014271523194252306
forest_rich,44b6_9be80b04,44b6_9be80b04:155,union|44b6_9be80b04:155|82,0,0.0015504897439276115
forest_rich,44b6_9be80b04,44b6_9be80b04:155,union|44b6_9be80b04:155|83,0,0.13607384802636852
forest_rich,44b6_9be80b04,44b6_9be80b04:155,union|44b6_9be80b04:155|84,0,0.1975829060626924
forest_rich,44b6_9be80b04,44b6_9be80b04:155,union|44b6_9be80b04:155|85,0,0.017526199912528614
forest_rich,44b6_9be80b04,44b6_9be80b04:155,union|44b6_9be80b04:155|86,0,0.7309114433867293
forest_rich,44b6_9be80b04,44b6_9be80b04:155,union|44b6_9be80b04:155|87,0,0.2978456633986831
forest_rich,44b6_9be80b04,44b6_9be80b04:155,union|44b6_9be80b04:155|88,0,0.2514633092490319
forest_rich,44b6_9be80b04,44b6_9be80b04:155,union|44b6_9be80b04:155|89,0,0.30377975076246266
forest_rich,44b6_9be80b04,44b6_9be80b04:155,union|44b6_9be80b04:155|90,0,0.06839978674105902
forest_rich,44b6_9be80b04,44b6_9be80b04:155,union|44b6_9be80b04:155|91,0,0.0
forest_rich,44b6_9be80b04,44b6_9be80b04:155,union|44b6_9be80b04:155|92,0,0.03782584683245657
forest_rich,44b6_9be80b04,44b6_9be80b04:155,union|44b6_9be80b04:155|93,0,0.0
forest_rich,44b6_9be80b04,44b6_9be80b04:155,union|44b6_9be80b04:155|94,0,0.014271523194252306
forest_rich,44b6_9be80b04,44b6_9be80b04:155,union|44b6_9be80b04:155|95,0,0.007619102702784473
forest_rich,44b6_9be80b04,44b6_9be80b04:155,union|44b6_9be80b04:155|96,0,0.05783740567876488
forest_rich,44b6_9be80b04,44b6_9be80b04:155,union|44b6_9be80b04:155|97,0,0.0
forest_rich,44b6_9be80b04,44b6_9be80b04:155,union|44b6_9be80b04:155|98,0,0.04531067041535058
forest_rich,44b6_9be80b04,44b6_9be80b04:155,union|44b6_9be80b04:155|99,0,0.013127559232797965
forest_rich,44b6_9be80b04,44b6_9be80b04:155,union|44b6_9be80b04:155|100,0,0.007451522827714332
forest_rich,44b6_9be80b04,44b6_9be80b04:155,union|44b6_9be80b04:155|101,0,0.20742675458105655
forest_rich,44b6_9be80b04,44b6_9be80b04:155,union|44b6_9be80b04:155|102,0,0.004706784450651502
forest_rich,44b6_9be80b04,44b6_9be80b04:155,union|44b6_9be80b04:155|103,0,0.001751193317422434
forest_rich,44b6_9be80b04,44b6_9be80b04:155,union|44b6_9be80b04:155|104,0,0.0
forest_rich,44b6_9be80b04,44b6_9be80b04:155,union|44b6_9be80b04:155|105,0,0.0031138040042149634
forest_rich,44b6_9be80b04,44b6_9be80b04:155,union|44b6_9be80b04:155|106,0,0.0
forest_rich,44b6_9be80b04,44b6_9be80b04:155,union|44b6_9be80b04:155|107,0,0.014319041150348379
forest_rich,44b6_9be80b04,44b6_9be80b04:155,union|44b6_9be80b04:155|108,0,0.0016185236130215502
forest_rich,44b6_9be80b04,44b6_9be80b04:155,union|44b6_9be80b04:155|109,0,0.4417079612980244
forest_rich,44b6_9be80b04,44b6_9be80b04:155,union|44b6_9be80b04:155|110,0,0.03940788078213899
forest_rich,44b6_9be80b04,44b6_9be80b04:155,union|44b6_9be80b04:155|111,0,0.06886798381175423
forest_rich,44b6_9be80b04,44b6_9be80b04:155,union|44b6_9be80b04:155|112,0,0.04629782879741089
forest_rich,44b6_9be80b04,44b6_9be80b04:155,union|44b6_9be80b04:155|113,0,0.025968343989518423
forest_rich,44b6_9be80b04,44b6_9be80b04:155,union|44b6_9be80b04:155|114,0,0.002096219931271478
forest_rich,44b6_9be80b04,44b6_9be80b04:155,union|44b6_9be80b04:155|115,0,0.08192964475934468
forest_rich,44b6_9be80b04,44b6_9be80b04:155,union|44b6_9be80b04:155|116,0,0.023995684100637855
forest_rich,44b6_9be80b04,44b6_9be80b04:155,union|44b6_9be80b04:155|117,0,0.12437241511268247
forest_rich,44b6_9be80b04,44b6_9be80b04:155,union|44b6_9be80b04:155|118,0,0.0
forest_rich,44b6_9be80b04,44b6_9be80b04:155,union|44b6_9be80b04:155|119,0,0.0
forest_rich,44b6_9be80b04,44b6_9be80b04:155,union|44b6_9be80b04:155|120,0,0.0015504897439276115
forest_rich,44b6_9be80b04,44b6_9be80b04:155,union|44b6_9be80b04:155|121,0,0.011067711966149833
forest_rich,44b6_9be80b04,44b6_9be80b04:155,union|44b6_9be80b04:155|122,0,0.028460694633150575
forest_rich,44b6_9be80b04,44b6_9be80b04:155,union|44b6_9be80b04:155|123,0,0.0
forest_rich,44b6_9be80b04,44b6_9be80b04:155,union|44b6_9be80b04:155|124,0,0.004763098079327195
forest_rich,44b6_9be80b04,44b6_9be80b04:155,union|44b6_9be80b04:155|125,0,0.4117967116665024
forest_rich,44b6_9be80b04,44b6_9be80b04:155,union|44b6_9be80b04:155|126,0,0.136886700640746
forest_rich,44b6_9be80b04,44b6_9be80b04:155,union|44b6_9be80b04:155|127,0,0.08443242209827789
forest_rich,44b6_9be80b04,44b6_9be80b04:155,union|44b6_9be80b04:155|128,0,0.01701717311098721
forest_rich,44b6_9be80b04,44b6_9be80b04:155,union|44b6_9be80b04:155|129,0,0.016330345159334042
forest_rich,44b6_9be80b04,44b6_9be80b04:155,union|44b6_9be80b04:155|130,0,0.012792024641834725
forest_rich,44b6_9be80b04,44b6_9be80b04:155,union|44b6_9be80b04:155|131,0,0.03058847929214415
forest_rich,44b6_9be80b04,44b6_9be80b04:155,union|44b6_9be80b04:155|132,0,0.0451905225301426
forest_rich,44b6_9be80b04,44b6_9be80b04:155,union|44b6_9be80b04:155|133,0,0.006197194513394175
forest_rich,44b6_9be80b04,44b6_9be80b04:155,union|44b6_9be80b04:155|134,0,0.0015504897439276115
forest_rich,44b6_9be80b04,44b6_9be80b04:155,union|44b6_9be80b04:155|135,0,0.0019753086419753096
forest_rich,44b6_9be80b04,44b6_9be80b04:155,union|44b6_9be80b04:155|136,0,0.04088318881483922
forest_rich,44b6_9be80b04,44b6_9be80b04:155,union|44b6_9be80b04:155|137,0,0.005818643703549318
forest_rich,44b6_9be80b04,44b6_9be80b04:155,union|44b6_9be80b04:155|138,0,0.005208941307533028
forest_rich,44b6_9be80b04,44b6_9be80b04:155,union|44b6_9be80b04:155|139,0,0.006269025092554504
forest_rich,44b6_9be80b04,44b6_9be80b04:155,union|44b6_9be80b04:155|140,0,0.019104829366357226
forest_rich,44b6_9be80b04,44b6_9be80b04:155,union|44b6_9be80b04:155|141,0,0.003436679002239633
forest_rich,44b6_9be80b04,44b6_9be80b04:155,union|44b6_9be80b04:155|142,0,0.006276195093358751
forest_rich,44b6_9be80b04,44b6_9be80b04:155,union|44b6_9be80b04:155|143,0,0.0031282051282051277
forest_rich,44b6_9be80b04,44b6_9be80b04:155,union|44b6_9be80b04:155|144,0,0.04910535381700095
forest_rich,44b6_9be80b04,44b6_9be80b04:155,union|44b6_9be80b04:155|145,0,0.0031282051282051277
forest_rich,44b6_9be80b04,44b6_9be80b04:155,union|44b6_9be80b04:155|146,0,0.09506230717439709
forest_rich,44b6_9be80b04,44b6_9be80b04:155,union|44b6_9be80b04:155|147,0,0.0
forest_rich,44b6_9be80b04,44b6_9be80b04:155,union|44b6_9be80b04:155|148,0,0.007942313894793088
forest_rich,44b6_9be80b04,44b6_9be80b04:155,union|44b6_9be80b04:155|149,0,0.010030270637515711
forest_rich,44b6_9be80b04,44b6_9be80b04:155,union|44b6_9be80b04:155|150,0,0.0029878048780487805
forest_rich,44b6_9be80b04,44b6_9be80b04:155,union|44b6_9be80b04:155|151,0,0.0030253251197809717
forest_rich,44b6_9be80b04,44b6_9be80b04:155,union|44b6_9be80b04:155|152,0,0.0
forest_rich,44b6_9be80b04,44b6_9be80b04:155,union|44b6_9be80b04:155|153,0,0.0025846468184471685
forest_rich,44b6_9be80b04,44b6_9be80b04:155,union|44b6_9be80b04:155|154,0,0.0052743502622794435
forest_rich,44b6_9be80b04,44b6_9be80b04:155,union|44b6_9be80b04:155|155,0,0.04287336850915129
forest_rich,44b6_9be80b04,44b6_9be80b04:155,union|44b6_9be80b04:155|156,0,0.057198045531278816
forest_rich,44b6_9be80b04,44b6_9be80b04:155,union|44b6_9be80b04:155|157,0,0.0
forest_rich,44b6_9be80b04,44b6_9be80b04:155,union|44b6_9be80b04:155|158,0,0.015967884596352025
forest_rich,44b6_9be80b04,44b6_9be80b04:155,union|44b6_9be80b04:155|159,0,0.023496749037640357
forest_rich,44b6_9be80b04,44b6_9be80b04:155,union|44b6_9be80b04:155|160,0,0.0
forest_rich,44b6_9be80b04,44b6_9be80b04:155,union|44b6_9be80b04:155|161,0,0.0
forest_rich,44b6_9be80b04,44b6_9be80b04:155,union|44b6_9be80b04:155|162,0,0.0031282051282051277
forest_rich,44b6_9be80b04,44b6_9be80b04:155,union|44b6_9be80b04:155|163,0,0.009178855367767072
forest_rich,44b6_9be80b04,44b6_9be80b04:155,union|44b6_9be80b04:155|164,0,0.0031282051282051277
forest_rich,44b6_9be80b04,44b6_9be80b04:155,union|44b6_9be80b04:155|165,0,0.0
forest_rich,44b6_9be80b04,44b6_9be80b04:155,union|44b6_9be80b04:155|166,0,0.0
forest_rich,44b6_9be80b04,44b6_9be80b04:155,union|44b6_9be80b04:155|167,0,0.0
forest_rich,44b6_9be80b04,44b6_9be80b04:155,union|44b6_9be80b04:155|168,0,0.008045482245440494
forest_rich,44b6_aaf8b0ea,44b6_aaf8b0ea:93,union|44b6_aaf8b0ea:93|0,1,0.3408051699640822
forest_rich,44b6_aaf8b0ea,44b6_aaf8b0ea:93,union|44b6_aaf8b0ea:93|1,0,0.006678291968059789
forest_rich,44b6_aaf8b0ea,44b6_aaf8b0ea:93,union|44b6_aaf8b0ea:93|2,0,0.10405203604650023
forest_rich,44b6_aaf8b0ea,44b6_aaf8b0ea:93,union|44b6_aaf8b0ea:93|3,0,0.009163926007831792
forest_rich,44b6_aaf8b0ea,44b6_aaf8b0ea:93,union|44b6_aaf8b0ea:93|4,0,0.15041986157647838
forest_rich,44b6_c50204e0,44b6_c50204e0:43,union|44b6_c50204e0:43|0,0,0.002189890710382514
forest_rich,44b6_c50204e0,44b6_c50204e0:43,union|44b6_c50204e0:43|1,0,0.002189890710382514
forest_rich,44b6_c50204e0,44b6_c50204e0:43,union|44b6_c50204e0:43|2,0,0.0017677433531092068
forest_rich,44b6_c50204e0,44b6_c50204e0:43,union|44b6_c50204e0:43|3,0,0.03834094525470017
forest_rich,44b6_c50204e0,44b6_c50204e0:43,union|44b6_c50204e0:43|4,0,0.0
forest_rich,44b6_c50204e0,44b6_c50204e0:43,union|44b6_c50204e0:43|5,0,0.007691377730970051
forest_rich,44b6_c50204e0,44b6_c50204e0:43,union|44b6_c50204e0:43|6,0,0.07167711771847277
forest_rich,44b6_c50204e0,44b6_c50204e0:43,union|44b6_c50204e0:43|7,0,0.0
forest_rich,44b6_c50204e0,44b6_c50204e0:43,union|44b6_c50204e0:43|8,0,0.007691377730970051
forest_rich,44b6_c50204e0,44b6_c50204e0:43,union|44b6_c50204e0:43|9,0,0.003006352765321375
forest_rich,44b6_c50204e0,44b6_c50204e0:43,union|44b6_c50204e0:43|10,0,0.0017677433531092068
forest_rich,44b6_c50204e0,44b6_c50204e0:43,union|44b6_c50204e0:43|11,0,0.0
forest_rich,44b6_c50204e0,44b6_c50204e0:43,union|44b6_c50204e0:43|12,0,0.1539769679427757
forest_rich,44b6_c50204e0,44b6_c50204e0:43,union|44b6_c50204e0:43|13,0,0.11843792620577105
forest_rich,44b6_c50204e0,44b6_c50204e0:43,union|44b6_c50204e0:43|14,0,0.005730423479570872
forest_rich,44b6_c50204e0,44b6_c50204e0:43,union|44b6_c50204e0:43|15,0,0.0
forest_rich,44b6_c50204e0,44b6_c50204e0:43,union|44b6_c50204e0:43|16,0,0.1271229816517578
forest_rich,44b6_c50204e0,44b6_c50204e0:43,union|44b6_c50204e0:43|17,0,0.01726204614102921
forest_rich,44b6_c50204e0,44b6_c50204e0:43,union|44b6_c50204e0:43|18,0,0.0
forest_rich,44b6_c50204e0,44b6_c50204e0:43,union|44b6_c50204e0:43|19,0,0.0017677433531092068
forest_rich,44b6_c50204e0,44b6_c50204e0:43,union|44b6_c50204e0:43|20,0,0.032679112690185856
forest_rich,44b6_c50204e0,44b6_c50204e0:43,union|44b6_c50204e0:43|21,0,0.023667485248292975
forest_rich,44b6_c50204e0,44b6_c50204e0:43,union|44b6_c50204e0:43|22,0,0.0031885806192199434
forest_rich,44b6_c50204e0,44b6_c50204e0:43,union|44b6_c50204e0:43|23,0,0.007467069419896446
forest_rich,44b6_c50204e0,44b6_c50204e0:43,union|44b6_c50204e0:43|24,0,0.005261535803232168
forest_rich,44b6_c50204e0,44b6_c50204e0:43,union|44b6_c50204e0:43|25,0,0.0
forest_rich,44b6_c50204e0,44b6_c50204e0:43,union|44b6_c50204e0:43|26,0,0.011775026226402047
forest_rich,44b6_c50204e0,44b6_c50204e0:43,union|44b6_c50204e0:43|27,0,0.08018815411884965
forest_rich,44b6_c50204e0,44b6_c50204e0:43,union|44b6_c50204e0:43|28,0,0.07218426430696227
forest_rich,44b6_c50204e0,44b6_c50204e0:43,union|44b6_c50204e0:43|29,0,0.0
forest_rich,44b6_c50204e0,44b6_c50204e0:43,union|44b6_c50204e0:43|30,0,0.0030571428571428572
forest_rich,44b6_c50204e0,44b6_c50204e0:43,union|44b6_c50204e0:43|31,0,0.00877433563433412
forest_rich,44b6_c50204e0,44b6_c50204e0:43,union|44b6_c50204e0:43|32,0,0.08083682400152699
forest_rich,44b6_c50204e0,44b6_c50204e0:43,union|44b6_c50204e0:43|33,0,0.00914585356557151
forest_rich,44b6_c50204e0,44b6_c50204e0:43,union|44b6_c50204e0:43|34,0,0.008936187747192757
forest_rich,44b6_c50204e0,44b6_c50204e0:43,union|44b6_c50204e0:43|35,0,0.04221252361912038
forest_rich,44b6_c50204e0,44b6_c50204e0:43,union|44b6_c50204e0:43|36,0,0.0
forest_rich,44b6_c50204e0,44b6_c50204e0:43,union|44b6_c50204e0:43|37,0,0.049586368332521696
forest_rich,44b6_c50204e0,44b6_c50204e0:43,union|44b6_c50204e0:43|38,0,0.02820534601335875
forest_rich,44b6_c50204e0,44b6_c50204e0:43,union|44b6_c50204e0:43|39,0,0.09644301609119979
forest_rich,44b6_c50204e0,44b6_c50204e0:43,union|44b6_c50204e0:43|40,0,0.0
forest_rich,44b6_c50204e0,44b6_c50204e0:43,union|44b6_c50204e0:43|41,0,0.019985229179109058
forest_rich,44b6_c50204e0,44b6_c50204e0:43,union|44b6_c50204e0:43|42,0,0.030230980753476824
forest_rich,44b6_c50204e0,44b6_c50204e0:43,union|44b6_c50204e0:43|43,0,0.007506915824510655
forest_rich,44b6_c50204e0,44b6_c50204e0:43,union|44b6_c50204e0:43|44,0,0.00783002074852408
forest_rich,44b6_c50204e0,44b6_c50204e0:43,union|44b6_c50204e0:43|45,0,0.11475530295882604
forest_rich,44b6_c50204e0,44b6_c50204e0:43,union|44b6_c50204e0:43|46,0,0.0031885806192199434
forest_rich,44b6_c50204e0,44b6_c50204e0:43,union|44b6_c50204e0:43|47,0,0.004837748281447711
forest_rich,44b6_c50204e0,44b6_c50204e0:43,union|44b6_c50204e0:43|48,0,0.0
forest_rich,44b6_c50204e0,44b6_c50204e0:43,union|44b6_c50204e0:43|49,0,0.0
forest_rich,44b6_c50204e0,44b6_c50204e0:43,union|44b6_c50204e0:43|50,0,0.01101142298451403
forest_rich,44b6_c50204e0,44b6_c50204e0:43,union|44b6_c50204e0:43|51,0,0.016876715835399944
forest_rich,44b6_c50204e0,44b6_c50204e0:43,union|44b6_c50204e0:43|52,0,0.0
forest_rich,44b6_c50204e0,44b6_c50204e0:43,union|44b6_c50204e0:43|53,0,0.02503086208811158
forest_rich,44b6_c50204e0,44b6_c50204e0:43,union|44b6_c50204e0:43|54,0,0.0817761200765494
forest_rich,44b6_c50204e0,44b6_c50204e0:43,union|44b6_c50204e0:43|55,0,0.20892371799236809
forest_rich,44b6_c50204e0,44b6_c50204e0:43,union|44b6_c50204e0:43|56,0,0.036659078366638176
forest_rich,44b6_c50204e0,44b6_c50204e0:43,union|44b6_c50204e0:43|57,0,0.09920412711688034
forest_rich,44b6_c50204e0,44b6_c50204e0:43,union|44b6_c50204e0:43|58,0,0.0
forest_rich,44b6_c50204e0,44b6_c50204e0:43,union|44b6_c50204e0:43|59,0,0.0032131410256410263
forest_rich,44b6_c50204e0,44b6_c50204e0:43,union|44b6_c50204e0:43|60,0,0.10656884288064393
forest_rich,44b6_c50204e0,44b6_c50204e0:43,union|44b6_c50204e0:43|61,0,0.10105508876526935
forest_rich,44b6_c50204e0,44b6_c50204e0:43,union|44b6_c50204e0:43|62,0,0.03153002938239728
forest_rich,44b6_c50204e0,44b6_c50204e0:43,union|44b6_c50204e0:43|63,0,0.0025684849452919127
forest_rich,44b6_c50204e0,44b6_c50204e0:43,union|44b6_c50204e0:43|64,0,0.09022565762759671
forest_rich,44b6_c50204e0,44b6_c50204e0:43,union|44b6_c50204e0:43|65,0,0.0
forest_rich,44b6_c50204e0,44b6_c50204e0:43,union|44b6_c50204e0:43|66,0,0.0025684071612181586
forest_rich,44b6_c50204e0,44b6_c50204e0:43,union|44b6_c50204e0:43|67,0,0.028691456323435508
forest_rich,44b6_c50204e0,44b6_c50204e0:43,union|44b6_c50204e0:43|68,0,0.04310274240692649
forest_rich,44b6_c50204e0,44b6_c50204e0:43,union|44b6_c50204e0:43|69,0,0.018023861119187787
forest_rich,44b6_c50204e0,44b6_c50204e0:43,union|44b6_c50204e0:43|70,0,0.0
forest_rich,44b6_c50204e0,44b6_c50204e0:43,union|44b6_c50204e0:43|71,0,0.12412784817477217
forest_rich,44b6_c50204e0,44b6_c50204e0:43,union|44b6_c50204e0:43|72,0,0.0025684849452919127
forest_rich,44b6_c50204e0,44b6_c50204e0:43,union|44b6_c50204e0:43|73,0,0.0
forest_rich,44b6_c50204e0,44b6_c50204e0:43,union|44b6_c50204e0:43|74,0,0.011033052260291132
forest_rich,44b6_c50204e0,44b6_c50204e0:43,union|44b6_c50204e0:43|75,0,0.035691069857549086
forest_rich,44b6_c50204e0,44b6_c50204e0:43,union|44b6_c50204e0:43|76,0,0.0
forest_rich,44b6_c50204e0,44b6_c50204e0:43,union|44b6_c50204e0:43|77,0,0.0
forest_rich,44b6_c50204e0,44b6_c50204e0:43,union|44b6_c50204e0:43|78,0,0.007691377730970051
forest_rich,44b6_c50204e0,44b6_c50204e0:43,union|44b6_c50204e0:43|79,0,0.0030571428571428572
forest_rich,44b6_c50204e0,44b6_c50204e0:43,union|44b6_c50204e0:43|80,0,0.04041035283016847
forest_rich,44b6_c50204e0,44b6_c50204e0:43,union|44b6_c50204e0:43|81,0,0.02117846952230673
forest_rich,44b6_c50204e0,44b6_c50204e0:43,union|44b6_c50204e0:43|82,0,0.0
forest_rich,44b6_c50204e0,44b6_c50204e0:43,union|44b6_c50204e0:43|83,0,0.029195628325165708
forest_rich,44b6_c50204e0,44b6_c50204e0:43,union|44b6_c50204e0:43|84,0,0.06343838136922673
forest_rich,44b6_c50204e0,44b6_c50204e0:43,union|44b6_c50204e0:43|85,0,0.21367757366551696
forest_rich,44b6_c50204e0,44b6_c50204e0:43,union|44b6_c50204e0:43|86,1,0.2710882264736744
forest_rich,44b6_c50204e0,44b6_c50204e0:43,union|44b6_c50204e0:43|87,0,0.09118241343527161
forest_rich,44b6_c50204e0,44b6_c50204e0:43,union|44b6_c50204e0:43|88,0,0.10866509581258811
forest_rich,44b6_c50204e0,44b6_c50204e0:43,union|44b6_c50204e0:43|89,0,0.01162035620675834
forest_rich,44b6_c50204e0,44b6_c50204e0:43,union|44b6_c50204e0:43|90,0,0.0017677433531092068
forest_rich,44b6_c50204e0,44b6_c50204e0:43,union|44b6_c50204e0:43|91,0,0.0
forest_rich,44b6_c50204e0,44b6_c50204e0:43,union|44b6_c50204e0:43|92,0,0.01802030474117031
forest_rich,44b6_c50204e0,44b6_c50204e0:43,union|44b6_c50204e0:43|93,0,0.049002161220838364
forest_rich,44b6_c50204e0,44b6_c50204e0:43,union|44b6_c50204e0:43|94,0,0.007439815888754003
forest_rich,44b6_c50204e0,44b6_c50204e0:43,union|44b6_c50204e0:43|95,0,0.00864570528182317
forest_rich,44b6_c50204e0,44b6_c50204e0:43,union|44b6_c50204e0:43|96,0,0.0017677433531092068
forest_rich,44b6_c50204e0,44b6_c50204e0:43,union|44b6_c50204e0:43|97,0,0.0
forest_rich,44b6_c50204e0,44b6_c50204e0:43,union|44b6_c50204e0:43|98,0,0.003150550314465409
forest_rich,44b6_c50204e0,44b6_c50204e0:43,union|44b6_c50204e0:43|99,0,0.01595216605553482
forest_rich,44b6_c50204e0,44b6_c50204e0:43,union|44b6_c50204e0:43|100,0,0.0
forest_rich,44b6_c50204e0,44b6_c50204e0:43,union|44b6_c50204e0:43|101,0,0.004067312709571313
forest_rich,44b6_c50204e0,44b6_c50204e0:43,union|44b6_c50204e0:43|102,0,0.007142322277118194
forest_rich,44b6_c50204e0,44b6_c50204e0:43,union|44b6_c50204e0:43|103,0,0.02670118480969528
forest_rich,44b6_c50204e0,44b6_c50204e0:43,union|44b6_c50204e0:43|104,0,0.0
forest_rich,44b6_c50204e0,44b6_c50204e0:43,union|44b6_c50204e0:43|105,0,0.005381217138174933
forest_rich,44b6_c50204e0,44b6_c50204e0:43,union|44b6_c50204e0:43|106,0,0.26337161541041293
forest_rich,44b6_c50204e0,44b6_c50204e0:43,union|44b6_c50204e0:43|107,0,0.003057142857142857
forest_rich,44b6_c50204e0,44b6_c50204e0:43,union|44b6_c50204e0:43|108,0,0.37627169890157397
forest_rich,44b6_c50204e0,44b6_c50204e0:43,union|44b6_c50204e0:43|109,0,0.0
forest_rich,44b6_c50204e0,44b6_c50204e0:43,union|44b6_c50204e0:43|110,0,0.0
forest_rich,44b6_c50204e0,44b6_c50204e0:43,union|44b6_c50204e0:43|111,0,0.00871933333034252
forest_rich,44b6_c50204e0,44b6_c50204e0:43,union|44b6_c50204e0:43|112,0,0.0
forest_rich,44b6_c50204e0,44b6_c50204e0:43,union|44b6_c50204e0:43|113,0,0.0019920516641828115
forest_rich,44b6_c50204e0,44b6_c50204e0:43,union|44b6_c50204e0:43|114,0,0.012056383398591096
forest_rich,44b6_c50204e0,44b6_c50204e0:43,union|44b6_c50204e0:43|115,0,0.03059462101766248
forest_rich,44b6_c50204e0,44b6_c50204e0:43,union|44b6_c50204e0:43|116,0,0.40685563361650895
forest_rich,44b6_c50204e0,44b6_c50204e0:43,union|44b6_c50204e0:43|117,0,0.028216306194785132
forest_rich,44b6_c50204e0,44b6_c50204e0:43,union|44b6_c50204e0:43|118,0,0.0
forest_rich,44b6_c50204e0,44b6_c50204e0:43,union|44b6_c50204e0:43|119,0,0.0
forest_rich,44b6_c50204e0,44b6_c50204e0:43,union|44b6_c50204e0:43|120,0,0.0
forest_rich,44b6_c50204e0,44b6_c50204e0:43,union|44b6_c50204e0:43|121,0,0.027725421285720947
forest_rich,44b6_c50204e0,44b6_c50204e0:43,union|44b6_c50204e0:43|122,0,0.0
forest_rich,44b6_c50204e0,44b6_c50204e0:43,union|44b6_c50204e0:43|123,0,0.0
forest_rich,44b6_c50204e0,44b6_c50204e0:43,union|44b6_c50204e0:43|124,0,0.0
forest_rich,44b6_c50204e0,44b6_c50204e0:43,union|44b6_c50204e0:43|125,0,0.011823056502436688
forest_rich,44b6_c50204e0,44b6_c50204e0:43,union|44b6_c50204e0:43|126,0,0.08442709811851333
forest_rich,44b6_c50204e0,44b6_c50204e0:43,union|44b6_c50204e0:43|127,0,0.0
forest_rich,44b6_c50204e0,44b6_c50204e0:43,union|44b6_c50204e0:43|128,0,0.11667928813503742
forest_rich,44b6_c50204e0,44b6_c50204e0:43,union|44b6_c50204e0:43|129,0,0.0061285872939255874
forest_rich,44b6_c50204e0,44b6_c50204e0:43,union|44b6_c50204e0:43|130,0,0.008635253768191525
forest_rich,44b6_c50204e0,44b6_c50204e0:43,union|44b6_c50204e0:43|131,0,0.0
forest_rich,44b6_c50204e0,44b6_c50204e0:43,union|44b6_c50204e0:43|132,0,0.07698678357117528
forest_rich,44b6_c50204e0,44b6_c50204e0:43,union|44b6_c50204e0:43|133,0,0.0076956083938286655
forest_rich,44b6_c50204e0,44b6_c50204e0:43,union|44b6_c50204e0:43|134,0,0.05520194376952618
forest_rich,44b6_c50204e0,44b6_c50204e0:43,union|44b6_c50204e0:43|135,0,0.06359584245426589
forest_rich,44b6_c50204e0,44b6_c50204e0:43,union|44b6_c50204e0:43|136,0,0.0
forest_rich,44b6_c50204e0,44b6_c50204e0:184,union|44b6_c50204e0:184|0,0,0.18220185307645997
forest_rich,44b6_c50204e0,44b6_c50204e0:184,union|44b6_c50204e0:184|1,0,0.12397312903434428
forest_rich,44b6_c50204e0,44b6_c50204e0:184,union|44b6_c50204e0:184|2,0,0.0
forest_rich,44b6_c50204e0,44b6_c50204e0:184,union|44b6_c50204e0:184|3,0,0.17758862541043158
forest_rich,44b6_c50204e0,44b6_c50204e0:184,union|44b6_c50204e0:184|4,0,0.0
forest_rich,44b6_c50204e0,44b6_c50204e0:184,union|44b6_c50204e0:184|5,0,0.022528314114651737
forest_rich,44b6_c50204e0,44b6_c50204e0:184,union|44b6_c50204e0:184|6,0,0.17260835570554597
forest_rich,44b6_c50204e0,44b6_c50204e0:184,union|44b6_c50204e0:184|7,0,0.008623751039404982
forest_rich,44b6_c50204e0,44b6_c50204e0:184,union|44b6_c50204e0:184|8,0,0.1467837294676645
forest_rich,44b6_c50204e0,44b6_c50204e0:184,union|44b6_c50204e0:184|9,0,0.07512234506756678
forest_rich,44b6_c50204e0,44b6_c50204e0:184,union|44b6_c50204e0:184|10,0,0.004552585480404133
forest_rich,44b6_c50204e0,44b6_c50204e0:184,union|44b6_c50204e0:184|11,0,0.015070195539217304
forest_rich,44b6_c50204e0,44b6_c50204e0:184,union|44b6_c50204e0:184|12,0,0.003266013871889025
forest_rich,44b6_c50204e0,44b6_c50204e0:184,union|44b6_c50204e0:184|13,0,0.19695160039082607
forest_rich,44b6_c50204e0,44b6_c50204e0:184,union|44b6_c50204e0:184|14,0,0.0
forest_rich,44b6_c50204e0,44b6_c50204e0:184,union|44b6_c50204e0:184|15,0,0.01879749062534958
forest_rich,44b6_c50204e0,44b6_c50204e0:184,union|44b6_c50204e0:184|16,0,0.003183520599250936
forest_rich,44b6_c50204e0,44b6_c50204e0:184,union|44b6_c50204e0:184|17,0,0.018506386203419458
forest_rich,44b6_c50204e0,44b6_c50204e0:184,union|44b6_c50204e0:184|18,0,0.18211756697421555
forest_rich,44b6_c50204e0,44b6_c50204e0:184,union|44b6_c50204e0:184|19,0,0.10327144374970698
forest_rich,44b6_c50204e0,44b6_c50204e0:184,union|44b6_c50204e0:184|20,0,0.10824209454507876
forest_rich,44b6_c50204e0,44b6_c50204e0:184,union|44b6_c50204e0:184|21,0,0.04648161296726186
forest_rich,44b6_c50204e0,44b6_c50204e0:184,union|44b6_c50204e0:184|22,0,0.005052985875236119
forest_rich,44b6_c50204e0,44b6_c50204e0:184,union|44b6_c50204e0:184|23,0,0.005052985875236119
forest_rich,44b6_c50204e0,44b6_c50204e0:184,union|44b6_c50204e0:184|24,0,0.005052985875236119
forest_rich,44b6_c50204e0,44b6_c50204e0:184,union|44b6_c50204e0:184|25,0,0.007720068926045198
forest_rich,44b6_c50204e0,44b6_c50204e0:184,union|44b6_c50204e0:184|26,0,0.03102991549703648
forest_rich,44b6_c50204e0,44b6_c50204e0:184,union|44b6_c50204e0:184|27,0,0.0
forest_rich,44b6_c50204e0,44b6_c50204e0:184,union|44b6_c50204e0:184|28,0,0.06772582123931396
forest_rich,44b6_c50204e0,44b6_c50204e0:184,union|44b6_c50204e0:184|29,0,0.031498152497256196
forest_rich,44b6_c50204e0,44b6_c50204e0:184,union|44b6_c50204e0:184|30,0,0.252780488460725
forest_rich,44b6_c50204e0,44b6_c50204e0:184,union|44b6_c50204e0:184|31,0,0.20707160231585153
forest_rich,44b6_c50204e0,44b6_c50204e0:184,union|44b6_c50204e0:184|32,0,0.010370519830928215
forest_rich,44b6_c50204e0,44b6_c50204e0:184,union|44b6_c50204e0:184|33,0,0.08675012350365482
forest_rich,44b6_c50204e0,44b6_c50204e0:184,union|44b6_c50204e0:184|34,0,0.0032030315117670526
forest_rich,44b6_c50204e0,44b6_c50204e0:184,union|44b6_c50204e0:184|35,0,0.0031747919143876335
forest_rich,44b6_c50204e0,44b6_c50204e0:184,union|44b6_c50204e0:184|36,0,0.007691377730970051
forest_rich,44b6_c50204e0,44b6_c50204e0:184,union|44b6_c50204e0:184|37,0,0.21399538755029676
forest_rich,44b6_c50204e0,44b6_c50204e0:184,union|44b6_c50204e0:184|38,0,0.0
forest_rich,44b6_c50204e0,44b6_c50204e0:184,union|44b6_c50204e0:184|39,0,0.028052803176506068
forest_rich,44b6_c50204e0,44b6_c50204e0:184,union|44b6_c50204e0:184|40,0,0.15885028899861692
forest_rich,44b6_c50204e0,44b6_c50204e0:184,union|44b6_c50204e0:184|41,0,0.0
forest_rich,44b6_c50204e0,44b6_c50204e0:184,union|44b6_c50204e0:184|42,0,0.014564701564043367
forest_rich,44b6_c50204e0,44b6_c50204e0:184,union|44b6_c50204e0:184|43,0,0.002966462849731334
forest_rich,44b6_c50204e0,44b6_c50204e0:184,union|44b6_c50204e0:184|44,0,0.00587308943396286
forest_rich,44b6_c50204e0,44b6_c50204e0:184,union|44b6_c50204e0:184|45,0,0.1645119328591502
forest_rich,44b6_c50204e0,44b6_c50204e0:184,union|44b6_c50204e0:184|46,0,0.03523617354667646
forest_rich,44b6_c50204e0,44b6_c50204e0:184,union|44b6_c50204e0:184|47,0,0.0042748740646846055
forest_rich,44b6_c50204e0,44b6_c50204e0:184,union|44b6_c50204e0:184|48,0,0.04612845047373677
forest_rich,44b6_c50204e0,44b6_c50204e0:184,union|44b6_c50204e0:184|49,0,0.11616787036254318
forest_rich,44b6_c50204e0,44b6_c50204e0:184,union|44b6_c50204e0:184|50,0,0.039117526532090933
forest_rich,44b6_c50204e0,44b6_c50204e0:184,union|44b6_c50204e0:184|51,0,0.04997489711602673
forest_rich,44b6_c50204e0,44b6_c50204e0:184,union|44b6_c50204e0:184|52,0,0.06876127665594216
forest_rich,44b6_c50204e0,44b6_c50204e0:184,union|44b6_c50204e0:184|53,0,0.02016647535933062
forest_rich,44b6_c50204e0,44b6_c50204e0:184,union|44b6_c50204e0:184|54,0,0.0
forest_rich,44b6_c50204e0,44b6_c50204e0:184,union|44b6_c50204e0:184|55,0,0.04091797145166715
forest_rich,44b6_c50204e0,44b6_c50204e0:184,union|44b6_c50204e0:184|56,0,0.019077385793028288
forest_rich,44b6_c50204e0,44b6_c50204e0:184,union|44b6_c50204e0:184|57,0,0.010459890870184634
forest_rich,44b6_c50204e0,44b6_c50204e0:184,union|44b6_c50204e0:184|58,0,0.0017677433531092068
forest_rich,44b6_c50204e0,44b6_c50204e0:184,union|44b6_c50204e0:184|59,0,0.0059904807190858615
forest_rich,44b6_c50204e0,44b6_c50204e0:184,union|44b6_c50204e0:184|60,0,0.4886154992459281
forest_rich,44b6_c50204e0,44b6_c50204e0:184,union|44b6_c50204e0:184|61,0,0.0020799434516824804
forest_rich,44b6_c50204e0,44b6_c50204e0:184,union|44b6_c50204e0:184|62,0,0.012217818685393875
forest_rich,44b6_c50204e0,44b6_c50204e0:184,union|44b6_c50204e0:184|63,0,0.24971072876053
forest_rich,44b6_c50204e0,44b6_c50204e0:184,union|44b6_c50204e0:184|64,0,0.02117276739603928
forest_rich,44b6_c50204e0,44b6_c50204e0:184,union|44b6_c50204e0:184|65,0,0.12199048366742199
forest_rich,44b6_c50204e0,44b6_c50204e0:184,union|44b6_c50204e0:184|66,0,0.009407154772512784
forest_rich,44b6_c50204e0,44b6_c50204e0:184,union|44b6_c50204e0:184|67,0,0.22075800116569605
forest_rich,44b6_c50204e0,44b6_c50204e0:184,union|44b6_c50204e0:184|68,0,0.0
forest_rich,44b6_c50204e0,44b6_c50204e0:184,union|44b6_c50204e0:184|69,0,0.002966462849731334
forest_rich,44b6_c50204e0,44b6_c50204e0:184,union|44b6_c50204e0:184|70,0,0.008598146878340256
forest_rich,44b6_c50204e0,44b6_c50204e0:184,union|44b6_c50204e0:184|71,0,0.021100958476135554
forest_rich,44b6_c50204e0,44b6_c50204e0:184,union|44b6_c50204e0:184|72,0,0.027887389917105126
forest_rich,44b6_c50204e0,44b6_c50204e0:184,union|44b6_c50204e0:184|73,0,0.05222017224410475
forest_rich,44b6_c50204e0,44b6_c50204e0:184,union|44b6_c50204e0:184|74,0,0.05542273802966934
forest_rich,44b6_c50204e0,44b6_c50204e0:184,union|44b6_c50204e0:184|75,0,0.0027969348659003823
forest_rich,44b6_c50204e0,44b6_c50204e0:184,union|44b6_c50204e0:184|76,0,0.0017677433531092068
forest_rich,44b6_c50204e0,44b6_c50204e0:184,union|44b6_c50204e0:184|77,0,0.0
forest_rich,44b6_c50204e0,44b6_c50204e0:184,union|44b6_c50204e0:184|78,0,0.0
forest_rich,44b6_c50204e0,44b6_c50204e0:184,union|44b6_c50204e0:184|79,0,0.0022222222222222244
forest_rich,44b6_c50204e0,44b6_c50204e0:184,union|44b6_c50204e0:184|80,0,0.009139913955352415
forest_rich,44b6_c50204e0,44b6_c50204e0:184,union|44b6_c50204e0:184|81,0,0.01410355575934924
forest_rich,44b6_c50204e0,44b6_c50204e0:184,union|44b6_c50204e0:184|82,0,0.053999454521016094
forest_rich,44b6_c50204e0,44b6_c50204e0:184,union|44b6_c50204e0:184|83,0,0.02815197345374055
forest_rich,44b6_c50204e0,44b6_c50204e0:184,union|44b6_c50204e0:184|84,0,0.21615561164907737
forest_rich,44b6_c50204e0,44b6_c50204e0:184,union|44b6_c50204e0:184|85,0,0.0
forest_rich,44b6_c50204e0,44b6_c50204e0:184,union|44b6_c50204e0:184|86,0,0.4264064151501803
forest_rich,44b6_c50204e0,44b6_c50204e0:184,union|44b6_c50204e0:184|87,0,0.2673359937260096
forest_rich,44b6_c50204e0,44b6_c50204e0:184,union|44b6_c50204e0:184|88,0,0.05567557456036605
forest_rich,44b6_c50204e0,44b6_c50204e0:184,union|44b6_c50204e0:184|89,0,0.009830856410139963
forest_rich,44b6_c50204e0,44b6_c50204e0:184,union|44b6_c50204e0:184|90,0,0.0
forest_rich,44b6_c50204e0,44b6_c50204e0:184,union|44b6_c50204e0:184|91,0,0.005617869447702568
forest_rich,44b6_c50204e0,44b6_c50204e0:184,union|44b6_c50204e0:184|92,0,0.00818635439299448
forest_rich,44b6_c50204e0,44b6_c50204e0:184,union|44b6_c50204e0:184|93,0,0.009139913955352415
forest_rich,44b6_c50204e0,44b6_c50204e0:184,union|44b6_c50204e0:184|94,0,0.005617869447702568
forest_rich,44b6_c50204e0,44b6_c50204e0:184,union|44b6_c50204e0:184|95,0,0.12410657352234239
forest_rich,44b6_c50204e0,44b6_c50204e0:184,union|44b6_c50204e0:184|96,0,0.002977379349118379
forest_rich,44b6_c50204e0,44b6_c50204e0:184,union|44b6_c50204e0:184|97,0,0.009139913955352415
forest_rich,44b6_c50204e0,44b6_c50204e0:184,union|44b6_c50204e0:184|98,0,0.0020799434516824804
forest_rich,44b6_c50204e0,44b6_c50204e0:184,union|44b6_c50204e0:184|99,0,0.03821592017669398
forest_rich,44b6_c50204e0,44b6_c50204e0:184,union|44b6_c50204e0:184|100,0,0.06819322934548866
forest_rich,44b6_c50204e0,44b6_c50204e0:184,union|44b6_c50204e0:184|101,0,0.08388427349734241
forest_rich,44b6_c50204e0,44b6_c50204e0:184,union|44b6_c50204e0:184|102,0,0.0020799434516824804
forest_rich,44b6_c50204e0,44b6_c50204e0:184,union|44b6_c50204e0:184|103,0,0.0020799434516824804
forest_rich,44b6_c50204e0,44b6_c50204e0:184,union|44b6_c50204e0:184|104,0,0.010459890870184634
forest_rich,44b6_c50204e0,44b6_c50204e0:184,union|44b6_c50204e0:184|105,0,0.15360251009636997
forest_rich,44b6_c50204e0,44b6_c50204e0:184,union|44b6_c50204e0:184|106,0,0.005052985875236119
forest_rich,44b6_c50204e0,44b6_c50204e0:184,union|44b6_c50204e0:184|107,0,0.005863519824241441
forest_rich,44b6_c50204e0,44b6_c50204e0:184,union|44b6_c50204e0:184|108,0,0.05659230063095526
forest_rich,44b6_c50204e0,44b6_c50204e0:184,union|44b6_c50204e0:184|109,0,0.013035318001691325
forest_rich,44b6_c50204e0,44b6_c50204e0:184,union|44b6_c50204e0:184|110,0,0.0
forest_rich,44b6_c50204e0,44b6_c50204e0:184,union|44b6_c50204e0:184|111,0,0.04671296321149796
forest_rich,44b6_c50204e0,44b6_c50204e0:184,union|44b6_c50204e0:184|112,0,0.21035071594207166
forest_rich,44b6_c50204e0,44b6_c50204e0:184,union|44b6_c50204e0:184|113,0,0.0904322170253524
forest_rich,44b6_c50204e0,44b6_c50204e0:184,union|44b6_c50204e0:184|114,0,0.008236506474487055
forest_rich,44b6_c50204e0,44b6_c50204e0:184,union|44b6_c50204e0:184|115,0,0.007977410847853864
forest_rich,44b6_c50204e0,44b6_c50204e0:184,union|44b6_c50204e0:184|116,0,0.21144294641457595
forest_rich,44b6_c50204e0,44b6_c50204e0:184,union|44b6_c50204e0:184|117,0,0.007322249211391917
forest_rich,44b6_c50204e0,44b6_c50204e0:184,union|44b6_c50204e0:184|118,0,0.010459890870184634
forest_rich,44b6_c50204e0,44b6_c50204e0:184,union|44b6_c50204e0:184|119,0,0.06872234838658799
forest_rich,44b6_c50204e0,44b6_c50204e0:184,union|44b6_c50204e0:184|120,0,0.08434723446704223
forest_rich,44b6_c50204e0,44b6_c50204e0:184,union|44b6_c50204e0:184|121,0,0.15643541674213288
forest_rich,44b6_c50204e0,44b6_c50204e0:184,union|44b6_c50204e0:184|122,1,0.23560231083607558
forest_rich,44b6_c50204e0,44b6_c50204e0:184,union|44b6_c50204e0:184|123,0,0.20108157568874602
forest_rich,44b6_c50204e0,44b6_c50204e0:184,union|44b6_c50204e0:184|124,0,0.004287448970446278
forest_rich,44b6_c50204e0,44b6_c50204e0:184,union|44b6_c50204e0:184|125,0,0.0020799434516824804
forest_rich,44b6_c50204e0,44b6_c50204e0:184,union|44b6_c50204e0:184|126,0,0.08140207732534502
forest_rich,44b6_c50204e0,44b6_c50204e0:184,union|44b6_c50204e0:184|127,0,0.0020799434516824804
forest_rich,44b6_c50204e0,44b6_c50204e0:184,union|44b6_c50204e0:184|128,0,0.08383498827663792
forest_rich,44b6_c50204e0,44b6_c50204e0:184,union|44b6_c50204e0:184|129,0,0.010459890870184634
forest_rich,44b6_c50204e0,44b6_c50204e0:184,union|44b6_c50204e0:184|130,0,0.009139913955352415
forest_rich,44b6_c50204e0,44b6_c50204e0:184,union|44b6_c50204e0:184|131,0,0.11605463805948467
forest_rich,44b6_c50204e0,44b6_c50204e0:184,union|44b6_c50204e0:184|132,0,0.09748584989488294
forest_rich,44b6_c50204e0,44b6_c50204e0:184,union|44b6_c50204e0:184|133,0,0.0025684849452919127
forest_rich,44b6_c50204e0,44b6_c50204e0:184,union|44b6_c50204e0:184|134,0,0.0
forest_rich,44b6_c50204e0,44b6_c50204e0:184,union|44b6_c50204e0:184|135,0,0.005052985875236119
forest_rich,44b6_c50204e0,44b6_c50204e0:184,union|44b6_c50204e0:184|136,0,0.09444467440105225
forest_rich,44b6_c50204e0,44b6_c50204e0:184,union|44b6_c50204e0:184|137,0,0.13221886121904358
forest_rich,44b6_c50204e0,44b6_c50204e0:184,union|44b6_c50204e0:184|138,0,0.009139913955352415
forest_rich,44b6_c50204e0,44b6_c50204e0:184,union|44b6_c50204e0:184|139,0,0.05746847259109815
forest_rich,44b6_c50204e0,44b6_c50204e0:184,union|44b6_c50204e0:184|140,0,0.017019732929834705
forest_rich,44b6_c50204e0,44b6_c50204e0:184,union|44b6_c50204e0:184|141,0,0.5204130458645552
forest_rich,44b6_c50204e0,44b6_c50204e0:184,union|44b6_c50204e0:184|142,0,0.5903737084205831
forest_rich,44b6_c50204e0,44b6_c50204e0:184,union|44b6_c50204e0:184|143,0,0.002924424972617744
forest_rich,44b6_c50204e0,44b6_c50204e0:184,union|44b6_c50204e0:184|144,0,0.16972574904467397
forest_rich,44b6_c50204e0,44b6_c50204e0:184,union|44b6_c50204e0:184|145,0,0.27779718067664205
forest_rich,44b6_c50204e0,44b6_c50204e0:184,union|44b6_c50204e0:184|146,0,0.07156138589512243
forest_rich,44b6_c50204e0,44b6_c50204e0:184,union|44b6_c50204e0:184|147,0,0.008236506474487055
forest_rich,44b6_c50204e0,44b6_c50204e0:184,union|44b6_c50204e0:184|148,0,0.19173584432680174
forest_rich,44b6_c50204e0,44b6_c50204e0:184,union|44b6_c50204e0:184|149,0,0.16184544439725598
forest_rich,44b6_c50204e0,44b6_c50204e0:184,union|44b6_c50204e0:184|150,0,0.15817451665300059
forest_rich,44b6_c50204e0,44b6_c50204e0:184,union|44b6_c50204e0:184|151,0,0.013752393291730487
forest_rich,44b6_c50204e0,44b6_c50204e0:184,union|44b6_c50204e0:184|152,0,0.028655009955564276
forest_rich,44b6_c50204e0,44b6_c50204e0:184,union|44b6_c50204e0:184|153,0,0.013825119360219802
forest_rich,44b6_c50204e0,44b6_c50204e0:184,union|44b6_c50204e0:184|154,0,0.0
forest_rich,44b6_c50204e0,44b6_c50204e0:184,union|44b6_c50204e0:184|155,0,0.4148613316835516
forest_rich,44b6_c50204e0,44b6_c50204e0:184,union|44b6_c50204e0:184|156,0,0.34012120639572213
forest_rich,44b6_c50204e0,44b6_c50204e0:184,union|44b6_c50204e0:184|157,0,0.0
forest_rich,44b6_c50204e0,44b6_c50204e0:184,union|44b6_c50204e0:184|158,0,0.0
forest_rich,44b6_c50204e0,44b6_c50204e0:184,union|44b6_c50204e0:184|159,0,0.1844834587577993
forest_rich,44b6_c50204e0,44b6_c50204e0:184,union|44b6_c50204e0:184|160,0,0.05875193597574307
forest_rich,44b6_c50204e0,44b6_c50204e0:184,union|44b6_c50204e0:184|161,0,0.3387264704577977
forest_rich,44b6_c50204e0,44b6_c50204e0:184,union|44b6_c50204e0:184|162,0,0.012834561806166706
forest_rich,44b6_c50204e0,44b6_c50204e0:184,union|44b6_c50204e0:184|163,0,0.24853914317799938
forest_rich,44b6_c50204e0,44b6_c50204e0:184,union|44b6_c50204e0:184|164,0,0.22148238715641685
forest_rich,44b6_c50204e0,44b6_c50204e0:184,union|44b6_c50204e0:184|165,0,0.07636769254818468
forest_rich,44b6_c50204e0,44b6_c50204e0:184,union|44b6_c50204e0:184|166,0,0.1862965618878716
forest_rich,44b6_c50204e0,44b6_c50204e0:184,union|44b6_c50204e0:184|167,0,0.08072286274972477
forest_rich,44b6_c50204e0,44b6_c50204e0:184,union|44b6_c50204e0:184|168,0,0.32580816262179985
forest_rich,44b6_c50204e0,44b6_c50204e0:184,union|44b6_c50204e0:184|169,0,0.0
forest_rich,44b6_c50204e0,44b6_c50204e0:184,union|44b6_c50204e0:184|170,0,0.19376505574577998
forest_rich,44b6_c50204e0,44b6_c50204e0:184,union|44b6_c50204e0:184|171,0,0.0025684071612181586
forest_rich,44b6_c50204e0,44b6_c50204e0:184,union|44b6_c50204e0:184|172,0,0.0
forest_rich,44b6_c50204e0,44b6_c50204e0:184,union|44b6_c50204e0:184|173,0,0.0020799434516824804
forest_rich,44b6_c50204e0,44b6_c50204e0:184,union|44b6_c50204e0:184|174,0,0.2541634751646833
forest_rich,44b6_c50204e0,44b6_c50204e0:184,union|44b6_c50204e0:184|175,0,0.04318558634886812
forest_rich,44b6_c50204e0,44b6_c50204e0:184,union|44b6_c50204e0:184|176,0,0.003001132502831257
forest_rich,44b6_c50204e0,44b6_c50204e0:184,union|44b6_c50204e0:184|177,0,0.0020799434516824804
forest_rich,44b6_c50204e0,44b6_c50204e0:184,union|44b6_c50204e0:184|178,0,0.0
forest_rich,44b6_c50204e0,44b6_c50204e0:184,union|44b6_c50204e0:184|179,0,0.04928936172070053
forest_rich,44b6_c50204e0,44b6_c50204e0:184,union|44b6_c50204e0:184|180,0,0.0
forest_rich,44b6_c50204e0,44b6_c50204e0:184,union|44b6_c50204e0:184|181,0,0.10983541106774991
forest_rich,44b6_c50204e0,44b6_c50204e0:184,union|44b6_c50204e0:184|182,0,0.02963154759979552
forest_rich,44b6_c50204e0,44b6_c50204e0:184,union|44b6_c50204e0:184|183,0,0.007561593073984164
forest_rich,44b6_c50204e0,44b6_c50204e0:184,union|44b6_c50204e0:184|184,0,0.007561593073984164
forest_rich,44b6_c50204e0,44b6_c50204e0:184,union|44b6_c50204e0:184|185,0,0.048589579723597315
forest_rich,44b6_c50204e0,44b6_c50204e0:184,union|44b6_c50204e0:184|186,0,0.08942739901169242
forest_rich,44b6_c50204e0,44b6_c50204e0:184,union|44b6_c50204e0:184|187,0,0.11343751061938692
forest_rich,44b6_c50204e0,44b6_c50204e0:184,union|44b6_c50204e0:184|188,0,0.007561593073984164
forest_rich,44b6_c50204e0,44b6_c50204e0:184,union|44b6_c50204e0:184|189,0,0.03828155941916497
forest_rich,44b6_c50204e0,44b6_c50204e0:184,union|44b6_c50204e0:184|190,0,0.14742602890079012
forest_rich,44b6_c50204e0,44b6_c50204e0:184,union|44b6_c50204e0:184|191,0,0.15885028899861692
forest_rich,44b6_c50204e0,44b6_c50204e0:184,union|44b6_c50204e0:184|192,0,0.015795428478339594
forest_rich,44b6_c50204e0,44b6_c50204e0:184,union|44b6_c50204e0:184|193,0,0.12322066860733952
forest_rich,44b6_c50204e0,44b6_c50204e0:184,union|44b6_c50204e0:184|194,0,0.07426601266965362
forest_rich,44b6_c50204e0,44b6_c50204e0:184,union|44b6_c50204e0:184|195,0,0.010477315669515552
forest_rich,44b6_d2f34f90,44b6_d2f34f90:103,union|44b6_d2f34f90:103|0,0,0.15889086070545635
forest_rich,44b6_d2f34f90,44b6_d2f34f90:103,union|44b6_d2f34f90:103|1,0,0.0
forest_rich,44b6_d2f34f90,44b6_d2f34f90:103,union|44b6_d2f34f90:103|2,0,0.0029824561403508764
forest_rich,44b6_d2f34f90,44b6_d2f34f90:103,union|44b6_d2f34f90:103|3,0,0.00621706810296135
forest_rich,44b6_d2f34f90,44b6_d2f34f90:103,union|44b6_d2f34f90:103|4,0,0.038215381343786645
forest_rich,44b6_d2f34f90,44b6_d2f34f90:103,union|44b6_d2f34f90:103|5,0,0.0026318891836133217
forest_rich,44b6_d2f34f90,44b6_d2f34f90:103,union|44b6_d2f34f90:103|6,0,0.0380531257312931
forest_rich,44b6_d2f34f90,44b6_d2f34f90:103,union|44b6_d2f34f90:103|7,0,0.0029824561403508764
forest_rich,44b6_d2f34f90,44b6_d2f34f90:103,union|44b6_d2f34f90:103|8,0,0.0
forest_rich,44b6_d2f34f90,44b6_d2f34f90:103,union|44b6_d2f34f90:103|9,0,0.0
forest_rich,44b6_d2f34f90,44b6_d2f34f90:103,union|44b6_d2f34f90:103|10,0,0.14459285232601174
forest_rich,44b6_d2f34f90,44b6_d2f34f90:103,union|44b6_d2f34f90:103|11,0,0.28565715721311535
forest_rich,44b6_d2f34f90,44b6_d2f34f90:103,union|44b6_d2f34f90:103|12,1,0.7280618073718528
forest_rich,44b6_d2f34f90,44b6_d2f34f90:103,union|44b6_d2f34f90:103|13,0,0.24242728686061857
forest_rich,44b6_d2f34f90,44b6_d2f34f90:103,union|44b6_d2f34f90:103|14,0,0.7531356938962481
forest_rich,44b6_d2f34f90,44b6_d2f34f90:103,union|44b6_d2f34f90:103|15,0,0.09336560628584631
forest_rich,44b6_d2f34f90,44b6_d2f34f90:103,union|44b6_d2f34f90:103|16,0,0.05903511130158325
forest_rich,44b6_d2f34f90,44b6_d2f34f90:103,union|44b6_d2f34f90:103|17,0,0.008497315673685881
forest_rich,44b6_d2f34f90,44b6_d2f34f90:103,union|44b6_d2f34f90:103|18,0,0.0
forest_rich,44b6_d2f34f90,44b6_d2f34f90:103,union|44b6_d2f34f90:103|19,0,0.0
forest_rich,44b6_d2f34f90,44b6_d2f34f90:103,union|44b6_d2f34f90:103|20,0,0.0
forest_rich,44b6_d2f34f90,44b6_d2f34f90:103,union|44b6_d2f34f90:103|21,0,0.1366108343780209
forest_rich,44b6_d2f34f90,44b6_d2f34f90:103,union|44b6_d2f34f90:103|22,0,0.3370256747595023
forest_rich,44b6_d2f34f90,44b6_d2f34f90:103,union|44b6_d2f34f90:103|23,0,0.17702726847148648
forest_rich,44b6_d2f34f90,44b6_d2f34f90:103,union|44b6_d2f34f90:103|24,0,0.0
forest_rich,44b6_d2f34f90,44b6_d2f34f90:103,union|44b6_d2f34f90:103|25,0,0.0026318891836133217
forest_rich,44b6_d2f34f90,44b6_d2f34f90:103,union|44b6_d2f34f90:103|26,0,0.27103921754804716
forest_rich,44b6_d2f34f90,44b6_d2f34f90:103,union|44b6_d2f34f90:103|27,0,0.0
forest_rich,44b6_d2f34f90,44b6_d2f34f90:103,union|44b6_d2f34f90:103|28,0,0.014750789513582049
forest_rich,44b6_d2f34f90,44b6_d2f34f90:103,union|44b6_d2f34f90:103|29,0,0.15132559354959366
forest_rich,44b6_d2f34f90,44b6_d2f34f90:103,union|44b6_d2f34f90:103|30,0,0.006262283681659026
forest_rich,44b6_d2f34f90,44b6_d2f34f90:103,union|44b6_d2f34f90:103|31,0,0.0023539518900343643
forest_rich,44b6_d2f34f90,44b6_d2f34f90:103,union|44b6_d2f34f90:103|32,0,0.010246472508597617
forest_rich,44b6_d2f34f90,44b6_d2f34f90:103,union|44b6_d2f34f90:103|33,0,0.014775777739697904
forest_rich,44b6_d2f34f90,44b6_d2f34f90:103,union|44b6_d2f34f90:103|34,0,0.0
forest_rich,44b6_d2f34f90,44b6_d2f34f90:103,union|44b6_d2f34f90:103|35,0,0.02096937668046857
forest_rich,44b6_d2f34f90,44b6_d2f34f90:103,union|44b6_d2f34f90:103|36,0,0.20086405963363738
forest_rich,44b6_d2f34f90,44b6_d2f34f90:103,union|44b6_d2f34f90:103|37,0,0.7840651463806687
forest_rich,44b6_d2f34f90,44b6_d2f34f90:103,union|44b6_d2f34f90:103|38,0,0.15115892928142693
forest_rich,44b6_d2f34f90,44b6_d2f34f90:103,union|44b6_d2f34f90:103|39,0,0.0
forest_rich,44b6_d2f34f90,44b6_d2f34f90:103,union|44b6_d2f34f90:103|40,0,0.0026318891836133217
forest_rich,44b6_d2f34f90,44b6_d2f34f90:103,union|44b6_d2f34f90:103|41,0,0.0020284414106939716
forest_rich,44b6_d2f34f90,44b6_d2f34f90:103,union|44b6_d2f34f90:103|42,0,0.0
forest_rich,44b6_d2f34f90,44b6_d2f34f90:103,union|44b6_d2f34f90:103|43,0,0.0
forest_rich,44b6_d2f34f90,44b6_d2f34f90:103,union|44b6_d2f34f90:103|44,0,0.008473798719425355
forest_rich,44b6_d2f34f90,44b6_d2f34f90:103,union|44b6_d2f34f90:103|45,0,0.0950053394567002
forest_rich,44b6_d2f34f90,44b6_d2f34f90:103,union|44b6_d2f34f90:103|46,0,0.028597211915784126
forest_rich,44b6_d2f34f90,44b6_d2f34f90:103,union|44b6_d2f34f90:103|47,0,0.025811563572390128
forest_rich,44b6_d2f34f90,44b6_d2f34f90:103,union|44b6_d2f34f90:103|48,0,0.0
forest_rich,44b6_d2f34f90,44b6_d2f34f90:103,union|44b6_d2f34f90:103|49,0,0.003019409282700422
forest_rich,44b6_d2f34f90,44b6_d2f34f90:103,union|44b6_d2f34f90:103|50,0,0.0
forest_rich,44b6_d2f34f90,44b6_d2f34f90:103,union|44b6_d2f34f90:103|51,0,0.0
forest_rich,44b6_d2f34f90,44b6_d2f34f90:103,union|44b6_d2f34f90:103|52,0,0.06878020944135138
forest_rich,44b6_d2f34f90,44b6_d2f34f90:103,union|44b6_d2f34f90:103|53,0,0.037327780469867185
forest_rich,44b6_d2f34f90,44b6_d2f34f90:103,union|44b6_d2f34f90:103|54,0,0.0
forest_rich,44b6_d2f34f90,44b6_d2f34f90:103,union|44b6_d2f34f90:103|55,0,0.0031195416753999855
forest_rich,44b6_d2f34f90,44b6_d2f34f90:103,union|44b6_d2f34f90:103|56,0,0.0
forest_rich,44b6_d2f34f90,44b6_d2f34f90:103,union|44b6_d2f34f90:103|57,0,0.005702244374870152
forest_rich,44b6_d2f34f90,44b6_d2f34f90:103,union|44b6_d2f34f90:103|58,0,0.0
forest_rich,44b6_d2f34f90,44b6_d2f34f90:103,union|44b6_d2f34f90:103|59,0,0.0
forest_rich,44b6_d2f34f90,44b6_d2f34f90:103,union|44b6_d2f34f90:103|60,0,0.003083677685950413
forest_rich,44b6_d2f34f90,44b6_d2f34f90:103,union|44b6_d2f34f90:103|61,0,0.05256560207048314
forest_rich,44b6_d2f34f90,44b6_d2f34f90:103,union|44b6_d2f34f90:103|62,0,0.04258903755348093
forest_rich,44b6_d2f34f90,44b6_d2f34f90:103,union|44b6_d2f34f90:103|63,0,0.0
forest_rich,44b6_d2f34f90,44b6_d2f34f90:103,union|44b6_d2f34f90:103|64,0,0.0
forest_rich,44b6_d2f34f90,44b6_d2f34f90:103,union|44b6_d2f34f90:103|65,0,0.002280500255232262
forest_rich,44b6_d2f34f90,44b6_d2f34f90:103,union|44b6_d2f34f90:103|66,0,0.0
forest_rich,44b6_d2f34f90,44b6_d2f34f90:103,union|44b6_d2f34f90:103|67,0,0.0
forest_rich,44b6_d2f34f90,44b6_d2f34f90:103,union|44b6_d2f34f90:103|68,0,0.0
forest_rich,44b6_d2f34f90,44b6_d2f34f90:103,union|44b6_d2f34f90:103|69,0,0.008417718778022337
forest_rich,44b6_d2f34f90,44b6_d2f34f90:103,union|44b6_d2f34f90:103|70,0,0.0
forest_rich,44b6_d2f34f90,44b6_d2f34f90:103,union|44b6_d2f34f90:103|71,0,0.005703013179926823
forest_rich,44b6_d2f34f90,44b6_d2f34f90:103,union|44b6_d2f34f90:103|72,0,0.0
forest_rich,44b6_d2f34f90,44b6_d2f34f90:103,union|44b6_d2f34f90:103|73,0,0.0029585006693440452
forest_rich,44b6_d2f34f90,44b6_d2f34f90:103,union|44b6_d2f34f90:103|74,0,0.005267587519551456
forest_rich,44b6_d2f34f90,44b6_d2f34f90:103,union|44b6_d2f34f90:103|75,0,0.0
forest_rich,44b6_d2f34f90,44b6_d2f34f90:137,union|44b6_d2f34f90:137|0,0,0.0760223108558709
forest_rich,44b6_d2f34f90,44b6_d2f34f90:137,union|44b6_d2f34f90:137|1,0,0.1201830295839194
forest_rich,44b6_d2f34f90,44b6_d2f34f90:137,union|44b6_d2f34f90:137|2,0,0.09216466376924899
forest_rich,44b6_d2f34f90,44b6_d2f34f90:137,union|44b6_d2f34f90:137|3,0,0.0029221517958719317
forest_rich,44b6_d2f34f90,44b6_d2f34f90:137,union|44b6_d2f34f90:137|4,0,0.008531667023096375
forest_rich,44b6_d2f34f90,44b6_d2f34f90:137,union|44b6_d2f34f90:137|5,0,0.3537523097698459
forest_rich,44b6_d2f34f90,44b6_d2f34f90:137,union|44b6_d2f34f90:137|6,0,0.11702950420438084
forest_rich,44b6_d2f34f90,44b6_d2f34f90:137,union|44b6_d2f34f90:137|7,0,0.024500474372627982
forest_rich,44b6_d2f34f90,44b6_d2f34f90:137,union|44b6_d2f34f90:137|8,0,0.008661024862464757
forest_rich,44b6_d2f34f90,44b6_d2f34f90:137,union|44b6_d2f34f90:137|9,0,0.005427571028411362
forest_rich,44b6_d2f34f90,44b6_d2f34f90:137,union|44b6_d2f34f90:137|10,0,0.17524557500757465
forest_rich,44b6_d2f34f90,44b6_d2f34f90:137,union|44b6_d2f34f90:137|11,0,0.0
forest_rich,44b6_d2f34f90,44b6_d2f34f90:137,union|44b6_d2f34f90:137|12,0,0.004601722620805668
forest_rich,44b6_d2f34f90,44b6_d2f34f90:137,union|44b6_d2f34f90:137|13,0,0.032154805178039085
forest_rich,44b6_d2f34f90,44b6_d2f34f90:137,union|44b6_d2f34f90:137|14,0,0.11717895338636586
forest_rich,44b6_d2f34f90,44b6_d2f34f90:137,union|44b6_d2f34f90:137|15,0,0.0
forest_rich,44b6_d2f34f90,44b6_d2f34f90:137,union|44b6_d2f34f90:137|16,0,0.00785781677974919
forest_rich,44b6_d2f34f90,44b6_d2f34f90:137,union|44b6_d2f34f90:137|17,0,0.12123055957593759
forest_rich,44b6_d2f34f90,44b6_d2f34f90:137,union|44b6_d2f34f90:137|18,0,0.04236941568538996
forest_rich,44b6_d2f34f90,44b6_d2f34f90:137,union|44b6_d2f34f90:137|19,0,0.0026318891836133217
forest_rich,44b6_d2f34f90,44b6_d2f34f90:137,union|44b6_d2f34f90:137|20,0,0.012158152190392436
forest_rich,44b6_d2f34f90,44b6_d2f34f90:137,union|44b6_d2f34f90:137|21,0,0.09898269750638626
forest_rich,44b6_d2f34f90,44b6_d2f34f90:137,union|44b6_d2f34f90:137|22,0,0.1280727609995145
forest_rich,44b6_d2f34f90,44b6_d2f34f90:137,union|44b6_d2f34f90:137|23,0,0.0
forest_rich,44b6_d2f34f90,44b6_d2f34f90:137,union|44b6_d2f34f90:137|24,0,0.005789321021783946
forest_rich,44b6_d2f34f90,44b6_d2f34f90:137,union|44b6_d2f34f90:137|25,0,0.010997830733025217
forest_rich,44b6_d2f34f90,44b6_d2f34f90:137,union|44b6_d2f34f90:137|26,0,0.013828148877795472
forest_rich,44b6_d2f34f90,44b6_d2f34f90:137,union|44b6_d2f34f90:137|27,0,0.1140666074347526
forest_rich,44b6_d2f34f90,44b6_d2f34f90:137,union|44b6_d2f34f90:137|28,1,0.309760805078304
forest_rich,44b6_d2f34f90,44b6_d2f34f90:137,union|44b6_d2f34f90:137|29,0,0.004601722620805668
forest_rich,44b6_d2f34f90,44b6_d2f34f90:137,union|44b6_d2f34f90:137|30,0,0.4344881538663012
forest_rich,44b6_d2f34f90,44b6_d2f34f90:137,union|44b6_d2f34f90:137|31,0,0.3072785538504191
forest_rich,44b6_d2f34f90,44b6_d2f34f90:137,union|44b6_d2f34f90:137|32,0,0.5853491444822486
forest_rich,44b6_d2f34f90,44b6_d2f34f90:137,union|44b6_d2f34f90:137|33,0,0.005614345323964198
forest_rich,44b6_d2f34f90,44b6_d2f34f90:137,union|44b6_d2f34f90:137|34,0,0.012428230378470186
forest_rich,44b6_d2f34f90,44b6_d2f34f90:137,union|44b6_d2f34f90:137|35,0,0.0
forest_rich,44b6_d2f34f90,44b6_d2f34f90:137,union|44b6_d2f34f90:137|36,0,0.0
forest_rich,44b6_d2f34f90,44b6_d2f34f90:137,union|44b6_d2f34f90:137|37,0,0.0631269307977794
forest_rich,44b6_d2f34f90,44b6_d2f34f90:137,union|44b6_d2f34f90:137|38,0,0.04824455770500651
forest_rich,44b6_d2f34f90,44b6_d2f34f90:137,union|44b6_d2f34f90:137|39,0,0.03692273832530305
forest_rich,44b6_d2f34f90,44b6_d2f34f90:137,union|44b6_d2f34f90:137|40,0,0.0
forest_rich,44b6_d2f34f90,44b6_d2f34f90:137,union|44b6_d2f34f90:137|41,0,0.2534151371406279
forest_rich,44b6_d2f34f90,44b6_d2f34f90:137,union|44b6_d2f34f90:137|42,0,0.15561695381561505
forest_rich,44b6_d2f34f90,44b6_d2f34f90:137,union|44b6_d2f34f90:137|43,0,0.016703548238817836
forest_rich,44b6_d2f34f90,44b6_d2f34f90:137,union|44b6_d2f34f90:137|44,0,0.11898115042684684
forest_rich,44b6_d2f34f90,44b6_d2f34f90:137,union|44b6_d2f34f90:137|45,0,0.07763433330098844
forest_rich,44b6_d2f34f90,44b6_d2f34f90:137,union|44b6_d2f34f90:137|46,0,0.15878430839714075
forest_rich,44b6_d2f34f90,44b6_d2f34f90:137,union|44b6_d2f34f90:137|47,0,0.05628477656462022
forest_rich,44b6_d2f34f90,44b6_d2f34f90:137,union|44b6_d2f34f90:137|48,0,0.34246699050571255
forest_rich,44b6_d2f34f90,44b6_d2f34f90:137,union|44b6_d2f34f90:137|49,0,0.011888639953233915
forest_rich,44b6_d2f34f90,44b6_d2f34f90:137,union|44b6_d2f34f90:137|50,0,0.0
forest_rich,44b6_d2f34f90,44b6_d2f34f90:137,union|44b6_d2f34f90:137|51,0,0.05584246853362327
forest_rich,44b6_d2f34f90,44b6_d2f34f90:137,union|44b6_d2f34f90:137|52,0,0.0075138443898891205
forest_rich,44b6_d2f34f90,44b6_d2f34f90:137,union|44b6_d2f34f90:137|53,0,0.16331608758013746
forest_rich,44b6_d2f34f90,44b6_d2f34f90:137,union|44b6_d2f34f90:137|54,0,0.30239931989040736
forest_rich,44b6_d2f34f90,44b6_d2f34f90:137,union|44b6_d2f34f90:137|55,0,0.7419937773685196
forest_rich,44b6_d2f34f90,44b6_d2f34f90:137,union|44b6_d2f34f90:137|56,0,0.05907720191737449
forest_rich,44b6_d2f34f90,44b6_d2f34f90:137,union|44b6_d2f34f90:137|57,0,0.16745254247194588
forest_rich,44b6_d2f34f90,44b6_d2f34f90:137,union|44b6_d2f34f90:137|58,0,0.09631902253911812
forest_rich,44b6_d2f34f90,44b6_d2f34f90:137,union|44b6_d2f34f90:137|59,0,0.08698536936035299
forest_rich,44b6_d2f34f90,44b6_d2f34f90:137,union|44b6_d2f34f90:137|60,0,0.13535484093678635
forest_rich,44b6_d2f34f90,44b6_d2f34f90:137,union|44b6_d2f34f90:137|61,0,0.16958445945781367
forest_rich,44b6_d2f34f90,44b6_d2f34f90:137,union|44b6_d2f34f90:137|62,0,0.4281974498616004
forest_rich,44b6_d2f34f90,44b6_d2f34f90:137,union|44b6_d2f34f90:137|63,0,0.009452076089333794
forest_rich,44b6_d2f34f90,44b6_d2f34f90:137,union|44b6_d2f34f90:137|64,0,0.04778610204808899
forest_rich,44b6_d2f34f90,44b6_d2f34f90:137,union|44b6_d2f34f90:137|65,0,0.23955957008806994
forest_rich,44b6_d2f34f90,44b6_d2f34f90:137,union|44b6_d2f34f90:137|66,0,0.0026318891836133217
forest_rich,44b6_d2f34f90,44b6_d2f34f90:137,union|44b6_d2f34f90:137|67,0,0.020195144899743986
forest_rich,44b6_d2f34f90,44b6_d2f34f90:137,union|44b6_d2f34f90:137|68,0,0.11746971285117484
forest_rich,44b6_d2f34f90,44b6_d2f34f90:137,union|44b6_d2f34f90:137|69,0,0.14080966405086195
forest_rich,44b6_d2f34f90,44b6_d2f34f90:137,union|44b6_d2f34f90:137|70,0,0.0
forest_rich,44b6_d754aa59,44b6_d754aa59:54,union|44b6_d754aa59:54|0,0,0.2830390318780144
forest_rich,44b6_d754aa59,44b6_d754aa59:54,union|44b6_d754aa59:54|1,0,0.03240542039166254
forest_rich,44b6_d754aa59,44b6_d754aa59:54,union|44b6_d754aa59:54|2,0,0.0037024051664549407
forest_rich,44b6_d754aa59,44b6_d754aa59:54,union|44b6_d754aa59:54|3,1,0.6432111407606184
forest_rich,44b6_d754aa59,44b6_d754aa59:54,union|44b6_d754aa59:54|4,0,0.3046056123972649
forest_rich,44b6_d754aa59,44b6_d754aa59:54,union|44b6_d754aa59:54|5,0,0.07372826668922068
forest_rich,44b6_d754aa59,44b6_d754aa59:54,union|44b6_d754aa59:54|6,0,0.4084033897847671
forest_rich,44b6_d754aa59,44b6_d754aa59:54,union|44b6_d754aa59:54|7,0,0.0629362099667196
forest_rich,44b6_d754aa59,44b6_d754aa59:54,union|44b6_d754aa59:54|8,0,0.0
forest_rich,44b6_deabac95,44b6_deabac95:15,union|44b6_deabac95:15|0,0,0.17265655736273572
forest_rich,44b6_deabac95,44b6_deabac95:15,union|44b6_deabac95:15|1,0,0.002938248766737139
forest_rich,44b6_deabac95,44b6_deabac95:15,union|44b6_deabac95:15|2,0,0.32964696936305
forest_rich,44b6_deabac95,44b6_deabac95:15,union|44b6_deabac95:15|3,0,0.36795504526834694
forest_rich,44b6_deabac95,44b6_deabac95:15,union|44b6_deabac95:15|4,0,0.006050993864776355
forest_rich,44b6_deabac95,44b6_deabac95:15,union|44b6_deabac95:15|5,0,0.2991179786368858
forest_rich,44b6_deabac95,44b6_deabac95:15,union|44b6_deabac95:15|6,0,0.0
forest_rich,44b6_deabac95,44b6_deabac95:15,union|44b6_deabac95:15|7,0,0.01551073020828935
forest_rich,44b6_deabac95,44b6_deabac95:15,union|44b6_deabac95:15|8,0,0.01551073020828935
forest_rich,44b6_deabac95,44b6_deabac95:15,union|44b6_deabac95:15|9,0,0.14035055643564617
forest_rich,44b6_deabac95,44b6_deabac95:15,union|44b6_deabac95:15|10,0,0.371147854663609
forest_rich,44b6_deabac95,44b6_deabac95:15,union|44b6_deabac95:15|11,0,0.004899462395236329
forest_rich,44b6_deabac95,44b6_deabac95:15,union|44b6_deabac95:15|12,0,0.09639060314529636
forest_rich,44b6_deabac95,44b6_deabac95:15,union|44b6_deabac95:15|13,0,0.09946757260998264
forest_rich,44b6_deabac95,44b6_deabac95:15,union|44b6_deabac95:15|14,0,0.0
forest_rich,44b6_deabac95,44b6_deabac95:15,union|44b6_deabac95:15|15,0,0.02883150417938212
forest_rich,44b6_deabac95,44b6_deabac95:15,union|44b6_deabac95:15|16,0,0.11949605932043847
forest_rich,44b6_deabac95,44b6_deabac95:15,union|44b6_deabac95:15|17,0,0.39837920508605607
forest_rich,44b6_deabac95,44b6_deabac95:15,union|44b6_deabac95:15|18,0,0.6249195720054143
forest_rich,44b6_deabac95,44b6_deabac95:15,union|44b6_deabac95:15|19,0,0.01788333766188916
forest_rich,44b6_deabac95,44b6_deabac95:15,union|44b6_deabac95:15|20,0,0.18828767748633266
forest_rich,44b6_deabac95,44b6_deabac95:15,union|44b6_deabac95:15|21,0,0.00953650946037995
forest_rich,44b6_deabac95,44b6_deabac95:15,union|44b6_deabac95:15|22,0,0.5215108999612399
forest_rich,44b6_deabac95,44b6_deabac95:15,union|44b6_deabac95:15|23,0,0.4804180648512648
forest_rich,44b6_deabac95,44b6_deabac95:15,union|44b6_deabac95:15|24,0,0.24210515776876845
forest_rich,44b6_deabac95,44b6_deabac95:15,union|44b6_deabac95:15|25,0,0.08236219380790519
forest_rich,44b6_deabac95,44b6_deabac95:15,union|44b6_deabac95:15|26,0,0.2684357193108449
forest_rich,44b6_deabac95,44b6_deabac95:15,union|44b6_deabac95:15|27,0,0.17916231404598154
forest_rich,44b6_deabac95,44b6_deabac95:15,union|44b6_deabac95:15|28,0,0.005894312146520508
forest_rich,44b6_deabac95,44b6_deabac95:15,union|44b6_deabac95:15|29,1,0.5988141982351095
forest_rich,44b6_deabac95,44b6_deabac95:15,union|44b6_deabac95:15|30,0,0.259506632673284
forest_rich,44b6_deabac95,44b6_deabac95:15,union|44b6_deabac95:15|31,0,0.009435980805621682
forest_rich,44b6_deabac95,44b6_deabac95:15,union|44b6_deabac95:15|32,0,0.007184645932349609
forest_rich,44b6_deabac95,44b6_deabac95:15,union|44b6_deabac95:15|33,0,0.1562020820720157
forest_rich,44b6_deabac95,44b6_deabac95:15,union|44b6_deabac95:15|34,0,0.12256442110944979
forest_rich,44b6_eb2880fc,44b6_eb2880fc:282,union|44b6_eb2880fc:282|0,0,0.09494453742726687
forest_rich,44b6_eb2880fc,44b6_eb2880fc:282,union|44b6_eb2880fc:282|1,0,0.08393301325892631
forest_rich,44b6_eb2880fc,44b6_eb2880fc:282,union|44b6_eb2880fc:282|2,0,0.0
forest_rich,44b6_eb2880fc,44b6_eb2880fc:282,union|44b6_eb2880fc:282|3,0,0.13079032089286688
forest_rich,44b6_eb2880fc,44b6_eb2880fc:282,union|44b6_eb2880fc:282|4,0,0.17587256010588995
forest_rich,44b6_eb2880fc,44b6_eb2880fc:282,union|44b6_eb2880fc:282|5,0,0.0070187305590074375
forest_rich,44b6_eb2880fc,44b6_eb2880fc:282,union|44b6_eb2880fc:282|6,0,0.14656758080925864
forest_rich,44b6_eb2880fc,44b6_eb2880fc:282,union|44b6_eb2880fc:282|7,0,0.07880086822751724
forest_rich,44b6_eb2880fc,44b6_eb2880fc:282,union|44b6_eb2880fc:282|8,0,0.004769779241366455
forest_rich,44b6_eb2880fc,44b6_eb2880fc:282,union|44b6_eb2880fc:282|9,0,0.0
forest_rich,44b6_eb2880fc,44b6_eb2880fc:282,union|44b6_eb2880fc:282|10,0,0.0
forest_rich,44b6_eb2880fc,44b6_eb2880fc:282,union|44b6_eb2880fc:282|11,0,0.0
forest_rich,44b6_eb2880fc,44b6_eb2880fc:282,union|44b6_eb2880fc:282|12,0,0.14084634577874577
forest_rich,44b6_eb2880fc,44b6_eb2880fc:282,union|44b6_eb2880fc:282|13,0,0.1398779027882151
forest_rich,44b6_eb2880fc,44b6_eb2880fc:282,union|44b6_eb2880fc:282|14,0,0.15738626509786266
forest_rich,44b6_eb2880fc,44b6_eb2880fc:282,union|44b6_eb2880fc:282|15,0,0.0
forest_rich,44b6_eb2880fc,44b6_eb2880fc:282,union|44b6_eb2880fc:282|16,0,0.016321320095634483
forest_rich,44b6_eb2880fc,44b6_eb2880fc:282,union|44b6_eb2880fc:282|17,0,0.011748724069141939
forest_rich,44b6_eb2880fc,44b6_eb2880fc:282,union|44b6_eb2880fc:282|18,0,0.001951219512195121
forest_rich,44b6_eb2880fc,44b6_eb2880fc:282,union|44b6_eb2880fc:282|19,0,0.0
forest_rich,44b6_eb2880fc,44b6_eb2880fc:282,union|44b6_eb2880fc:282|20,0,0.0
forest_rich,44b6_eb2880fc,44b6_eb2880fc:282,union|44b6_eb2880fc:282|21,0,0.0
forest_rich,44b6_eb2880fc,44b6_eb2880fc:282,union|44b6_eb2880fc:282|22,0,0.07172890509760903
forest_rich,44b6_eb2880fc,44b6_eb2880fc:282,union|44b6_eb2880fc:282|23,0,0.0
forest_rich,44b6_eb2880fc,44b6_eb2880fc:282,union|44b6_eb2880fc:282|24,0,0.0
forest_rich,44b6_eb2880fc,44b6_eb2880fc:282,union|44b6_eb2880fc:282|25,0,0.112286311986174
forest_rich,44b6_eb2880fc,44b6_eb2880fc:282,union|44b6_eb2880fc:282|26,0,0.001951219512195121
forest_rich,44b6_eb2880fc,44b6_eb2880fc:282,union|44b6_eb2880fc:282|27,0,0.12536176321157572
forest_rich,44b6_eb2880fc,44b6_eb2880fc:282,union|44b6_eb2880fc:282|28,0,0.016515867334974777
forest_rich,44b6_eb2880fc,44b6_eb2880fc:282,union|44b6_eb2880fc:282|29,0,0.006318672958418226
forest_rich,44b6_eb2880fc,44b6_eb2880fc:282,union|44b6_eb2880fc:282|30,0,0.06774451177097898
forest_rich,44b6_eb2880fc,44b6_eb2880fc:282,union|44b6_eb2880fc:282|31,0,0.13281298824924945
forest_rich,44b6_eb2880fc,44b6_eb2880fc:282,union|44b6_eb2880fc:282|32,0,0.0027325218476903865
forest_rich,44b6_eb2880fc,44b6_eb2880fc:282,union|44b6_eb2880fc:282|33,0,0.015133920333017385
forest_rich,44b6_eb2880fc,44b6_eb2880fc:282,union|44b6_eb2880fc:282|34,0,0.00750230108905684
forest_rich,44b6_eb2880fc,44b6_eb2880fc:282,union|44b6_eb2880fc:282|35,0,0.0029325317301269202
forest_rich,44b6_eb2880fc,44b6_eb2880fc:282,union|44b6_eb2880fc:282|36,0,0.0061085982521804265
forest_rich,44b6_eb2880fc,44b6_eb2880fc:282,union|44b6_eb2880fc:282|37,0,0.0044755236246499285
forest_rich,44b6_eb2880fc,44b6_eb2880fc:282,union|44b6_eb2880fc:282|38,0,0.0
forest_rich,44b6_eb2880fc,44b6_eb2880fc:282,union|44b6_eb2880fc:282|39,0,0.0
forest_rich,44b6_eb2880fc,44b6_eb2880fc:282,union|44b6_eb2880fc:282|40,0,0.1923426803778822
forest_rich,44b6_eb2880fc,44b6_eb2880fc:282,union|44b6_eb2880fc:282|41,0,0.08078412293485951
forest_rich,44b6_eb2880fc,44b6_eb2880fc:282,union|44b6_eb2880fc:282|42,0,0.1030493303538406
forest_rich,44b6_eb2880fc,44b6_eb2880fc:282,union|44b6_eb2880fc:282|43,0,0.008298887149885519
forest_rich,44b6_eb2880fc,44b6_eb2880fc:282,union|44b6_eb2880fc:282|44,0,0.0
forest_rich,44b6_eb2880fc,44b6_eb2880fc:282,union|44b6_eb2880fc:282|45,0,0.002967107494065785
forest_rich,44b6_eb2880fc,44b6_eb2880fc:282,union|44b6_eb2880fc:282|46,0,0.0
forest_rich,44b6_eb2880fc,44b6_eb2880fc:282,union|44b6_eb2880fc:282|47,0,0.018401522841638006
forest_rich,44b6_eb2880fc,44b6_eb2880fc:282,union|44b6_eb2880fc:282|48,0,0.0
forest_rich,44b6_eb2880fc,44b6_eb2880fc:282,union|44b6_eb2880fc:282|49,0,0.009028107970186052
forest_rich,44b6_eb2880fc,44b6_eb2880fc:282,union|44b6_eb2880fc:282|50,0,0.0
forest_rich,44b6_eb2880fc,44b6_eb2880fc:282,union|44b6_eb2880fc:282|51,0,0.0
forest_rich,44b6_eb2880fc,44b6_eb2880fc:282,union|44b6_eb2880fc:282|52,1,0.08608891293497567
forest_rich,44b6_eb2880fc,44b6_eb2880fc:282,union|44b6_eb2880fc:282|53,0,0.0
forest_rich,44b6_eb2880fc,44b6_eb2880fc:282,union|44b6_eb2880fc:282|54,0,0.0
forest_rich,44b6_eb2880fc,44b6_eb2880fc:282,union|44b6_eb2880fc:282|55,0,0.004769779241366455
forest_rich,44b6_eb2880fc,44b6_eb2880fc:282,union|44b6_eb2880fc:282|56,0,0.0031138472519628836
forest_rich,44b6_eb2880fc,44b6_eb2880fc:282,union|44b6_eb2880fc:282|57,0,0.015780253027873857
forest_rich,44b6_eb2880fc,44b6_eb2880fc:282,union|44b6_eb2880fc:282|58,0,0.016121906648709505
forest_rich,44b6_eb2880fc,44b6_eb2880fc:282,union|44b6_eb2880fc:282|59,0,0.18102761633704675
forest_rich,44b6_eb2880fc,44b6_eb2880fc:282,union|44b6_eb2880fc:282|60,0,0.2938053123152035
forest_rich,44b6_eb2880fc,44b6_eb2880fc:282,union|44b6_eb2880fc:282|61,0,0.21001455685178747
forest_rich,44b6_eb2880fc,44b6_eb2880fc:282,union|44b6_eb2880fc:282|62,0,0.0
forest_rich,44b6_eb2880fc,44b6_eb2880fc:282,union|44b6_eb2880fc:282|63,0,0.0
forest_rich,44b6_eb2880fc,44b6_eb2880fc:282,union|44b6_eb2880fc:282|64,0,0.014306286462683789
forest_rich,44b6_eb2880fc,44b6_eb2880fc:282,union|44b6_eb2880fc:282|65,0,0.00750230108905684
forest_rich,44b6_eb2880fc,44b6_eb2880fc:282,union|44b6_eb2880fc:282|66,0,0.0
forest_rich,44b6_eb2880fc,44b6_eb2880fc:282,union|44b6_eb2880fc:282|67,0,0.0
forest_rich,44b6_eb2880fc,44b6_eb2880fc:282,union|44b6_eb2880fc:282|68,0,0.003187931661214104
forest_rich,44b6_eb2880fc,44b6_eb2880fc:282,union|44b6_eb2880fc:282|69,0,0.00657292589735692
forest_rich,44b6_eb2880fc,44b6_eb2880fc:282,union|44b6_eb2880fc:282|70,0,0.0070187305590074375
forest_rich,44b6_eb2880fc,44b6_eb2880fc:282,union|44b6_eb2880fc:282|71,0,0.14720702571298677
forest_rich,44b6_eb2880fc,44b6_eb2880fc:282,union|44b6_eb2880fc:282|72,0,0.09585908868524641
forest_rich,44b6_eb2880fc,44b6_eb2880fc:282,union|44b6_eb2880fc:282|73,0,0.0
forest_rich,44b6_eb2880fc,44b6_eb2880fc:282,union|44b6_eb2880fc:282|74,0,0.012538707341451284
forest_rich,44b6_eb2880fc,44b6_eb2880fc:282,union|44b6_eb2880fc:282|75,0,0.0044755236246499285
forest_rich,44b6_eb2880fc,44b6_eb2880fc:282,union|44b6_eb2880fc:282|76,0,0.0
forest_rich,44b6_eb2880fc,44b6_eb2880fc:282,union|44b6_eb2880fc:282|77,0,0.13197265261483623
forest_rich,44b6_eb2880fc,44b6_eb2880fc:282,union|44b6_eb2880fc:282|78,0,0.09002702989022664
forest_rich,44b6_eb2880fc,44b6_eb2880fc:282,union|44b6_eb2880fc:282|79,0,0.0
forest_rich,44b6_eb2880fc,44b6_eb2880fc:282,union|44b6_eb2880fc:282|80,0,0.0
forest_rich,44b6_eb2880fc,44b6_eb2880fc:282,union|44b6_eb2880fc:282|81,0,0.0
forest_rich,44b6_eb2880fc,44b6_eb2880fc:282,union|44b6_eb2880fc:282|82,0,0.07098774097389077
forest_rich,44b6_eb2880fc,44b6_eb2880fc:282,union|44b6_eb2880fc:282|83,0,0.010282810451878812
forest_rich,44b6_eb2880fc,44b6_eb2880fc:282,union|44b6_eb2880fc:282|84,0,0.0031603603603603606
forest_rich,44b6_eb2880fc,44b6_eb2880fc:282,union|44b6_eb2880fc:282|85,0,0.006381241955365924
forest_rich,44b6_eb2880fc,44b6_eb2880fc:282,union|44b6_eb2880fc:282|86,0,0.034158642120023563
forest_rich,44b6_eb2880fc,44b6_eb2880fc:282,union|44b6_eb2880fc:282|87,0,0.009378403704734728
forest_rich,44b6_eb2880fc,44b6_eb2880fc:282,union|44b6_eb2880fc:282|88,0,0.23188454244990012
forest_rich,44b6_eb2880fc,44b6_eb2880fc:282,union|44b6_eb2880fc:282|89,0,0.0018809485400871132
forest_rich,44b6_eb2880fc,44b6_eb2880fc:282,union|44b6_eb2880fc:282|90,0,0.0933779917801233
forest_rich,44b6_eb2880fc,44b6_eb2880fc:282,union|44b6_eb2880fc:282|91,0,0.3047059037396211
forest_rich,44b6_eb2880fc,44b6_eb2880fc:282,union|44b6_eb2880fc:282|92,0,0.0018809485400871132
forest_rich,44b6_eb2880fc,44b6_eb2880fc:282,union|44b6_eb2880fc:282|93,0,0.32891111951699625
forest_rich,44b6_eb2880fc,44b6_eb2880fc:282,union|44b6_eb2880fc:282|94,0,0.004872967558596198
forest_rich,44b6_eb2880fc,44b6_eb2880fc:282,union|44b6_eb2880fc:282|95,0,0.07267357253417461
forest_rich,44b6_eb2880fc,44b6_eb2880fc:282,union|44b6_eb2880fc:282|96,0,0.0
forest_rich,44b6_eb2880fc,44b6_eb2880fc:282,union|44b6_eb2880fc:282|97,0,0.04456336296727739
forest_rich,44b6_eb2880fc,44b6_eb2880fc:282,union|44b6_eb2880fc:282|98,0,0.042947980050866835
forest_rich,44b6_eb2880fc,44b6_eb2880fc:282,union|44b6_eb2880fc:282|99,0,0.07519797245663358
forest_rich,44b6_eb2880fc,44b6_eb2880fc:282,union|44b6_eb2880fc:282|100,0,0.01494779316344883
forest_rich,44b6_eb2880fc,44b6_eb2880fc:282,union|44b6_eb2880fc:282|101,0,0.012100785649955145
forest_rich,44b6_eb2880fc,44b6_eb2880fc:282,union|44b6_eb2880fc:282|102,0,0.0018809485400871132
forest_rich,44b6_eb2880fc,44b6_eb2880fc:282,union|44b6_eb2880fc:282|103,0,0.1759836824843613
forest_rich,44b6_eb2880fc,44b6_eb2880fc:282,union|44b6_eb2880fc:282|104,0,0.0
forest_rich,44b6_eb2880fc,44b6_eb2880fc:282,union|44b6_eb2880fc:282|105,0,0.0
forest_rich,44b6_eb2880fc,44b6_eb2880fc:282,union|44b6_eb2880fc:282|106,0,0.06665066290139117
forest_rich,44b6_eb2880fc,44b6_eb2880fc:282,union|44b6_eb2880fc:282|107,0,0.08819092896068663
forest_rich,44b6_eb2880fc,44b6_eb2880fc:282,union|44b6_eb2880fc:282|108,0,0.0
forest_rich,44b6_eb2880fc,44b6_eb2880fc:282,union|44b6_eb2880fc:282|109,0,0.0
forest_rich,44b6_eb2880fc,44b6_eb2880fc:282,union|44b6_eb2880fc:282|110,0,0.01271716827084956
forest_rich,44b6_eb2880fc,44b6_eb2880fc:282,union|44b6_eb2880fc:282|111,0,0.0
forest_rich,44b6_eb2880fc,44b6_eb2880fc:282,union|44b6_eb2880fc:282|112,0,0.07724729251459811
forest_rich,44b6_eb2880fc,44b6_eb2880fc:282,union|44b6_eb2880fc:282|113,0,0.0
forest_rich,44b6_eb2880fc,44b6_eb2880fc:282,union|44b6_eb2880fc:282|114,0,0.023322444318940788
forest_rich,44b6_eb2880fc,44b6_eb2880fc:282,union|44b6_eb2880fc:282|115,0,0.005863761476655376
forest_rich,44b6_eb2880fc,44b6_eb2880fc:282,union|44b6_eb2880fc:282|116,0,0.0
forest_rich,44b6_eb2880fc,44b6_eb2880fc:282,union|44b6_eb2880fc:282|117,0,0.00901476118675524
forest_rich,44b6_eb2880fc,44b6_eb2880fc:282,union|44b6_eb2880fc:282|118,0,0.0
forest_rich,44b6_eb2880fc,44b6_eb2880fc:282,union|44b6_eb2880fc:282|119,0,0.0741167840781623
forest_rich,44b6_eb2880fc,44b6_eb2880fc:282,union|44b6_eb2880fc:282|120,0,0.006080237490600214
forest_rich,44b6_eb2880fc,44b6_eb2880fc:282,union|44b6_eb2880fc:282|121,0,0.4297830447874962
forest_rich,44b6_eb2880fc,44b6_eb2880fc:282,union|44b6_eb2880fc:282|122,0,0.006343976308175382
forest_rich,44b6_eb2880fc,44b6_eb2880fc:282,union|44b6_eb2880fc:282|123,0,0.0
forest_rich,44b6_eb2880fc,44b6_eb2880fc:282,union|44b6_eb2880fc:282|124,0,0.0
forest_rich,44b6_eb2880fc,44b6_eb2880fc:282,union|44b6_eb2880fc:282|125,0,0.0
forest_rich,44b6_eb2880fc,44b6_eb2880fc:282,union|44b6_eb2880fc:282|126,0,0.0
forest_rich,44b6_eb2880fc,44b6_eb2880fc:282,union|44b6_eb2880fc:282|127,0,0.031637938019027
forest_rich,44b6_eb2880fc,44b6_eb2880fc:282,union|44b6_eb2880fc:282|128,0,0.0018809485400871132
forest_rich,44b6_eb2880fc,44b6_eb2880fc:282,union|44b6_eb2880fc:282|129,0,0.0
forest_rich,44b6_eb2880fc,44b6_eb2880fc:282,union|44b6_eb2880fc:282|130,0,0.0
forest_rich,44b6_eb2880fc,44b6_eb2880fc:282,union|44b6_eb2880fc:282|131,0,0.0
forest_rich,44b6_eb2880fc,44b6_eb2880fc:282,union|44b6_eb2880fc:282|132,0,0.0032280509017669134
forest_rich,44b6_eb2880fc,44b6_eb2880fc:282,union|44b6_eb2880fc:282|133,0,0.008529701838880988
forest_rich,44b6_eb2880fc,44b6_eb2880fc:282,union|44b6_eb2880fc:282|134,0,0.0018809485400871132
forest_rich,44b6_eb2880fc,44b6_eb2880fc:282,union|44b6_eb2880fc:282|135,0,0.004769779241366455
forest_rich,44b6_eb2880fc,44b6_eb2880fc:282,union|44b6_eb2880fc:282|136,0,0.031109889286688498
forest_rich,44b6_eb2880fc,44b6_eb2880fc:282,union|44b6_eb2880fc:282|137,0,0.021841064223166014
forest_rich,44b6_eb2880fc,44b6_eb2880fc:282,union|44b6_eb2880fc:282|138,0,0.0
forest_rich,44b6_eb2880fc,44b6_eb2880fc:282,union|44b6_eb2880fc:282|139,0,0.021841064223166014
forest_rich,44b6_eb2880fc,44b6_eb2880fc:282,union|44b6_eb2880fc:282|140,0,0.012659738989697116
forest_rich,44b6_eb2880fc,44b6_eb2880fc:282,union|44b6_eb2880fc:282|141,0,0.0
forest_rich,44b6_eb2880fc,44b6_eb2880fc:282,union|44b6_eb2880fc:282|142,0,0.28094600258473257
forest_rich,44b6_eb2880fc,44b6_eb2880fc:282,union|44b6_eb2880fc:282|143,0,0.01740683483479195
forest_rich,44b6_eb2880fc,44b6_eb2880fc:282,union|44b6_eb2880fc:282|144,0,0.07773946534849284
forest_rich,44b6_eb2880fc,44b6_eb2880fc:282,union|44b6_eb2880fc:282|145,0,0.0
forest_rich,44b6_eb2880fc,44b6_eb2880fc:282,union|44b6_eb2880fc:282|146,0,0.32622606045799507
forest_rich,44b6_eb2880fc,44b6_eb2880fc:282,union|44b6_eb2880fc:282|147,0,0.05324761277207077
forest_rich,44b6_eb2880fc,44b6_eb2880fc:282,union|44b6_eb2880fc:282|148,0,0.28354492705564927
forest_rich,44b6_eb2880fc,44b6_eb2880fc:282,union|44b6_eb2880fc:282|149,0,0.01271716827084956
forest_rich,44b6_eb2880fc,44b6_eb2880fc:282,union|44b6_eb2880fc:282|150,0,0.0
forest_rich,44b6_eb2880fc,44b6_eb2880fc:282,union|44b6_eb2880fc:282|151,0,0.12411152453060138
forest_rich,44b6_eb2880fc,44b6_eb2880fc:282,union|44b6_eb2880fc:282|152,0,0.004222450820059619
forest_rich,44b6_eb2880fc,44b6_eb2880fc:282,union|44b6_eb2880fc:282|153,0,0.010260693560614478
forest_rich,44b6_eb2880fc,44b6_eb2880fc:282,union|44b6_eb2880fc:282|154,0,0.013411550939687808
forest_rich,44b6_eb2880fc,44b6_eb2880fc:282,union|44b6_eb2880fc:282|155,0,0.008671674955275162
forest_rich,44b6_eb2880fc,44b6_eb2880fc:282,union|44b6_eb2880fc:282|156,0,0.007257788074372811
forest_rich,44b6_eb2880fc,44b6_eb2880fc:282,union|44b6_eb2880fc:282|157,0,0.15718978150576002
forest_rich,44b6_eb2880fc,44b6_eb2880fc:282,union|44b6_eb2880fc:282|158,0,0.013062507951617494
forest_rich,44b6_eb2880fc,44b6_eb2880fc:282,union|44b6_eb2880fc:282|159,0,0.0031971677559912855
forest_rich,44b6_eb2880fc,44b6_eb2880fc:282,union|44b6_eb2880fc:282|160,0,0.019224704102126303
forest_rich,44b6_eb2880fc,44b6_eb2880fc:282,union|44b6_eb2880fc:282|161,0,0.015271115320797373
forest_rich,44b6_eb2880fc,44b6_eb2880fc:282,union|44b6_eb2880fc:282|162,0,0.0031603603603603606
forest_rich,44b6_eb2880fc,44b6_eb2880fc:282,union|44b6_eb2880fc:282|163,0,0.0044755236246499285
forest_rich,44b6_eb2880fc,44b6_eb2880fc:282,union|44b6_eb2880fc:282|164,0,0.0031611051309651957
forest_rich,44b6_eb2880fc,44b6_eb2880fc:282,union|44b6_eb2880fc:282|165,0,0.0
forest_rich,44b6_eb2880fc,44b6_eb2880fc:282,union|44b6_eb2880fc:282|166,0,0.002782264449722882
forest_rich,44b6_eb2880fc,44b6_eb2880fc:282,union|44b6_eb2880fc:282|167,0,0.02671423853383623
forest_rich,44b6_eb2880fc,44b6_eb2880fc:282,union|44b6_eb2880fc:282|168,0,0.022365119272946234
forest_rich,44b6_eb2880fc,44b6_eb2880fc:282,union|44b6_eb2880fc:282|169,0,0.06627307178284843
forest_rich,44b6_eb2880fc,44b6_eb2880fc:282,union|44b6_eb2880fc:282|170,0,0.05081987597852034
forest_rich,44b6_eb2880fc,44b6_eb2880fc:282,union|44b6_eb2880fc:282|171,0,0.022283485021190177
forest_rich,44b6_eb2880fc,44b6_eb2880fc:282,union|44b6_eb2880fc:282|172,0,0.0
forest_rich,44b6_eb2880fc,44b6_eb2880fc:282,union|44b6_eb2880fc:282|173,0,0.01462193741816088
forest_rich,44b6_eb2880fc,44b6_eb2880fc:282,union|44b6_eb2880fc:282|174,0,0.007142862068546707
forest_rich,44b6_eb2880fc,44b6_eb2880fc:282,union|44b6_eb2880fc:282|175,0,0.0363309368462647
forest_rich,44b6_eb2880fc,44b6_eb2880fc:282,union|44b6_eb2880fc:282|176,0,0.11175293318591625
forest_rich,44b6_eb2880fc,44b6_eb2880fc:282,union|44b6_eb2880fc:282|177,0,0.25911265666104477
forest_rich,44b6_eb2880fc,44b6_eb2880fc:282,union|44b6_eb2880fc:282|178,0,0.0
forest_rich,44b6_eb2880fc,44b6_eb2880fc:282,union|44b6_eb2880fc:282|179,0,0.01640462645747942
forest_rich,44b6_eb2880fc,44b6_eb2880fc:282,union|44b6_eb2880fc:282|180,0,0.0
forest_rich,6bba_05db0fb1,6bba_05db0fb1:229,union|6bba_05db0fb1:229|0,0,0.02499970664520595
forest_rich,6bba_05db0fb1,6bba_05db0fb1:229,union|6bba_05db0fb1:229|1,0,0.1328465725503615
forest_rich,6bba_05db0fb1,6bba_05db0fb1:229,union|6bba_05db0fb1:229|2,0,0.11194436191065246
forest_rich,6bba_05db0fb1,6bba_05db0fb1:229,union|6bba_05db0fb1:229|3,0,0.10764206629902776
forest_rich,6bba_05db0fb1,6bba_05db0fb1:229,union|6bba_05db0fb1:229|4,0,0.00593948027354129
forest_rich,6bba_05db0fb1,6bba_05db0fb1:229,union|6bba_05db0fb1:229|5,0,0.037446138726221226
forest_rich,6bba_05db0fb1,6bba_05db0fb1:229,union|6bba_05db0fb1:229|6,0,0.003955984726974986
forest_rich,6bba_05db0fb1,6bba_05db0fb1:229,union|6bba_05db0fb1:229|7,0,0.003955984726974986
forest_rich,6bba_05db0fb1,6bba_05db0fb1:229,union|6bba_05db0fb1:229|8,0,0.003955984726974986
forest_rich,6bba_05db0fb1,6bba_05db0fb1:229,union|6bba_05db0fb1:229|9,0,0.003955984726974986
forest_rich,6bba_05db0fb1,6bba_05db0fb1:229,union|6bba_05db0fb1:229|10,0,0.003955984726974986
forest_rich,6bba_05db0fb1,6bba_05db0fb1:229,union|6bba_05db0fb1:229|11,0,0.11710584159111964
forest_rich,6bba_05db0fb1,6bba_05db0fb1:229,union|6bba_05db0fb1:229|12,0,0.09312210516295773
forest_rich,6bba_05db0fb1,6bba_05db0fb1:229,union|6bba_05db0fb1:229|13,0,0.003955984726974986
forest_rich,6bba_05db0fb1,6bba_05db0fb1:229,union|6bba_05db0fb1:229|14,0,0.010041752448545957
forest_rich,6bba_05db0fb1,6bba_05db0fb1:229,union|6bba_05db0fb1:229|15,0,0.002871123898733302
forest_rich,6bba_05db0fb1,6bba_05db0fb1:229,union|6bba_05db0fb1:229|16,0,0.09670646766655834
forest_rich,6bba_05db0fb1,6bba_05db0fb1:229,union|6bba_05db0fb1:229|17,0,0.1146572934535767
forest_rich,6bba_05db0fb1,6bba_05db0fb1:229,union|6bba_05db0fb1:229|18,0,0.002871123898733302
forest_rich,6bba_05db0fb1,6bba_05db0fb1:229,union|6bba_05db0fb1:229|19,0,0.1976115763947673
forest_rich,6bba_05db0fb1,6bba_05db0fb1:229,union|6bba_05db0fb1:229|20,0,0.1316958666775133
forest_rich,6bba_05db0fb1,6bba_05db0fb1:229,union|6bba_05db0fb1:229|21,0,0.02357839537255765
forest_rich,6bba_05db0fb1,6bba_05db0fb1:229,union|6bba_05db0fb1:229|22,0,0.023184558467824547
forest_rich,6bba_05db0fb1,6bba_05db0fb1:229,union|6bba_05db0fb1:229|23,0,0.4882101597896881
forest_rich,6bba_05db0fb1,6bba_05db0fb1:229,union|6bba_05db0fb1:229|24,0,0.002871123898733302
forest_rich,6bba_05db0fb1,6bba_05db0fb1:229,union|6bba_05db0fb1:229|25,0,0.002871123898733302
forest_rich,6bba_05db0fb1,6bba_05db0fb1:229,union|6bba_05db0fb1:229|26,0,0.002871123898733302
forest_rich,6bba_05db0fb1,6bba_05db0fb1:229,union|6bba_05db0fb1:229|27,0,0.04457262985169988
forest_rich,6bba_05db0fb1,6bba_05db0fb1:229,union|6bba_05db0fb1:229|28,0,0.01884739454324316
forest_rich,6bba_05db0fb1,6bba_05db0fb1:229,union|6bba_05db0fb1:229|29,0,0.002871123898733302
forest_rich,6bba_05db0fb1,6bba_05db0fb1:229,union|6bba_05db0fb1:229|30,0,0.11904455934338397
forest_rich,6bba_05db0fb1,6bba_05db0fb1:229,union|6bba_05db0fb1:229|31,0,0.049371735967762405
forest_rich,6bba_05db0fb1,6bba_05db0fb1:229,union|6bba_05db0fb1:229|32,0,0.14565117300645183
forest_rich,6bba_05db0fb1,6bba_05db0fb1:229,union|6bba_05db0fb1:229|33,0,0.14656704112149874
forest_rich,6bba_05db0fb1,6bba_05db0fb1:229,union|6bba_05db0fb1:229|34,0,0.10384461293451834
forest_rich,6bba_05db0fb1,6bba_05db0fb1:229,union|6bba_05db0fb1:229|35,0,0.10145658020043657
forest_rich,6bba_05db0fb1,6bba_05db0fb1:229,union|6bba_05db0fb1:229|36,0,0.003955984726974986
forest_rich,6bba_05db0fb1,6bba_05db0fb1:229,union|6bba_05db0fb1:229|37,0,0.003955984726974986
forest_rich,6bba_05db0fb1,6bba_05db0fb1:229,union|6bba_05db0fb1:229|38,0,0.003955984726974986
forest_rich,6bba_05db0fb1,6bba_05db0fb1:229,union|6bba_05db0fb1:229|39,0,0.09143707947669151
forest_rich,6bba_05db0fb1,6bba_05db0fb1:229,union|6bba_05db0fb1:229|40,0,0.015031374222717204
forest_rich,6bba_05db0fb1,6bba_05db0fb1:229,union|6bba_05db0fb1:229|41,0,0.010041752448545957
forest_rich,6bba_05db0fb1,6bba_05db0fb1:229,union|6bba_05db0fb1:229|42,0,0.38927780214784424
forest_rich,6bba_05db0fb1,6bba_05db0fb1:229,union|6bba_05db0fb1:229|43,0,0.11442505274063194
forest_rich,6bba_05db0fb1,6bba_05db0fb1:229,union|6bba_05db0fb1:229|44,0,0.2799117256307022
forest_rich,6bba_05db0fb1,6bba_05db0fb1:229,union|6bba_05db0fb1:229|45,0,0.006798127456998119
forest_rich,6bba_05db0fb1,6bba_05db0fb1:229,union|6bba_05db0fb1:229|46,0,0.006614601812328017
forest_rich,6bba_05db0fb1,6bba_05db0fb1:229,union|6bba_05db0fb1:229|47,0,0.003955984726974986
forest_rich,6bba_05db0fb1,6bba_05db0fb1:229,union|6bba_05db0fb1:229|48,0,0.009912496958464396
forest_rich,6bba_05db0fb1,6bba_05db0fb1:229,union|6bba_05db0fb1:229|49,0,0.4414260711942422
forest_rich,6bba_05db0fb1,6bba_05db0fb1:229,union|6bba_05db0fb1:229|50,0,0.009912496958464396
forest_rich,6bba_05db0fb1,6bba_05db0fb1:229,union|6bba_05db0fb1:229|51,0,0.002871123898733302
forest_rich,6bba_05db0fb1,6bba_05db0fb1:229,union|6bba_05db0fb1:229|52,0,0.006614601812328017
forest_rich,6bba_05db0fb1,6bba_05db0fb1:229,union|6bba_05db0fb1:229|53,0,0.009912496958464396
forest_rich,6bba_05db0fb1,6bba_05db0fb1:229,union|6bba_05db0fb1:229|54,0,0.09938551821389807
forest_rich,6bba_05db0fb1,6bba_05db0fb1:229,union|6bba_05db0fb1:229|55,0,0.10360407838508444
forest_rich,6bba_05db0fb1,6bba_05db0fb1:229,union|6bba_05db0fb1:229|56,0,0.003955984726974986
forest_rich,6bba_05db0fb1,6bba_05db0fb1:229,union|6bba_05db0fb1:229|57,0,0.008804754768246305
forest_rich,6bba_05db0fb1,6bba_05db0fb1:229,union|6bba_05db0fb1:229|58,0,0.19161469276190105
forest_rich,6bba_05db0fb1,6bba_05db0fb1:229,union|6bba_05db0fb1:229|59,0,0.002871123898733302
forest_rich,6bba_05db0fb1,6bba_05db0fb1:229,union|6bba_05db0fb1:229|60,0,0.5967269093566349
forest_rich,6bba_05db0fb1,6bba_05db0fb1:229,union|6bba_05db0fb1:229|61,0,0.10189683424054699
forest_rich,6bba_05db0fb1,6bba_05db0fb1:229,union|6bba_05db0fb1:229|62,0,0.011998532561144163
forest_rich,6bba_05db0fb1,6bba_05db0fb1:229,union|6bba_05db0fb1:229|63,0,0.12081144915213976
forest_rich,6bba_05db0fb1,6bba_05db0fb1:229,union|6bba_05db0fb1:229|64,0,0.48261368712835784
forest_rich,6bba_05db0fb1,6bba_05db0fb1:229,union|6bba_05db0fb1:229|65,0,0.009912496958464396
forest_rich,6bba_05db0fb1,6bba_05db0fb1:229,union|6bba_05db0fb1:229|66,0,0.002871123898733302
forest_rich,6bba_05db0fb1,6bba_05db0fb1:229,union|6bba_05db0fb1:229|67,0,0.003955984726974986
forest_rich,6bba_05db0fb1,6bba_05db0fb1:229,union|6bba_05db0fb1:229|68,0,0.027113641571056266
forest_rich,6bba_05db0fb1,6bba_05db0fb1:229,union|6bba_05db0fb1:229|69,0,0.2823567500371198
forest_rich,6bba_05db0fb1,6bba_05db0fb1:229,union|6bba_05db0fb1:229|70,0,0.032024504626221785
forest_rich,6bba_05db0fb1,6bba_05db0fb1:229,union|6bba_05db0fb1:229|71,0,0.008804754768246305
forest_rich,6bba_05db0fb1,6bba_05db0fb1:229,union|6bba_05db0fb1:229|72,0,0.4592221908690331
forest_rich,6bba_05db0fb1,6bba_05db0fb1:229,union|6bba_05db0fb1:229|73,0,0.01391694201448333
forest_rich,6bba_05db0fb1,6bba_05db0fb1:229,union|6bba_05db0fb1:229|74,0,0.003955984726974986
forest_rich,6bba_05db0fb1,6bba_05db0fb1:229,union|6bba_05db0fb1:229|75,0,0.012587805117730593
forest_rich,6bba_05db0fb1,6bba_05db0fb1:229,union|6bba_05db0fb1:229|76,0,0.00694282239150418
forest_rich,6bba_05db0fb1,6bba_05db0fb1:229,union|6bba_05db0fb1:229|77,0,0.05046854370604991
forest_rich,6bba_05db0fb1,6bba_05db0fb1:229,union|6bba_05db0fb1:229|78,0,0.006614601812328017
forest_rich,6bba_05db0fb1,6bba_05db0fb1:229,union|6bba_05db0fb1:229|79,0,0.00694282239150418
forest_rich,6bba_05db0fb1,6bba_05db0fb1:229,union|6bba_05db0fb1:229|80,0,0.10962255339134487
forest_rich,6bba_05db0fb1,6bba_05db0fb1:229,union|6bba_05db0fb1:229|81,0,0.0057135287368691974
forest_rich,6bba_05db0fb1,6bba_05db0fb1:229,union|6bba_05db0fb1:229|82,0,0.0376237265006912
forest_rich,6bba_05db0fb1,6bba_05db0fb1:229,union|6bba_05db0fb1:229|83,0,0.002871123898733302
forest_rich,6bba_05db0fb1,6bba_05db0fb1:229,union|6bba_05db0fb1:229|84,0,0.011321197005585284
forest_rich,6bba_05db0fb1,6bba_05db0fb1:229,union|6bba_05db0fb1:229|85,0,0.08960607728355674
forest_rich,6bba_05db0fb1,6bba_05db0fb1:229,union|6bba_05db0fb1:229|86,0,0.11143821513036521
forest_rich,6bba_05db0fb1,6bba_05db0fb1:229,union|6bba_05db0fb1:229|87,1,0.3442555358576811
forest_rich,6bba_05db0fb1,6bba_05db0fb1:229,union|6bba_05db0fb1:229|88,0,0.137815564576316
forest_rich,6bba_05db0fb1,6bba_05db0fb1:229,union|6bba_05db0fb1:229|89,0,0.014435566507051563
forest_rich,6bba_05db0fb1,6bba_05db0fb1:229,union|6bba_05db0fb1:229|90,0,0.008479054275562151
forest_rich,6bba_05db0fb1,6bba_05db0fb1:229,union|6bba_05db0fb1:229|91,0,0.079305013399589
forest_rich,6bba_05db0fb1,6bba_05db0fb1:229,union|6bba_05db0fb1:229|92,0,0.37361824208008043
forest_rich,6bba_05db0fb1,6bba_05db0fb1:229,union|6bba_05db0fb1:229|93,0,0.008637116776736304
forest_rich,6bba_05db0fb1,6bba_05db0fb1:229,union|6bba_05db0fb1:229|94,0,0.5573508823835702
forest_rich,6bba_05db0fb1,6bba_05db0fb1:229,union|6bba_05db0fb1:229|95,0,0.08481252384127796
forest_rich,6bba_05db0fb1,6bba_05db0fb1:229,union|6bba_05db0fb1:229|96,0,0.009638920647128419
forest_rich,6bba_05db0fb1,6bba_05db0fb1:229,union|6bba_05db0fb1:229|97,0,0.11153300987581784
forest_rich,6bba_05db0fb1,6bba_05db0fb1:229,union|6bba_05db0fb1:229|98,0,0.06986564277669892
forest_rich,6bba_05db0fb1,6bba_05db0fb1:229,union|6bba_05db0fb1:229|99,0,0.006697110268100526
forest_rich,6bba_05db0fb1,6bba_05db0fb1:229,union|6bba_05db0fb1:229|100,0,0.00454866664124565
forest_rich,6bba_05db0fb1,6bba_05db0fb1:229,union|6bba_05db0fb1:229|101,0,0.07603879930715843
forest_rich,6bba_05db0fb1,6bba_05db0fb1:229,union|6bba_05db0fb1:229|102,0,0.03154917445505024
forest_rich,6bba_05db0fb1,6bba_05db0fb1:229,union|6bba_05db0fb1:229|103,0,0.06899735598708835
forest_rich,6bba_05db0fb1,6bba_05db0fb1:229,union|6bba_05db0fb1:229|104,0,0.08575331631273862
forest_rich,6bba_05db0fb1,6bba_05db0fb1:229,union|6bba_05db0fb1:229|105,0,0.014023219636415103
forest_rich,6bba_05db0fb1,6bba_05db0fb1:229,union|6bba_05db0fb1:229|106,0,0.08481252384127796
forest_rich,6bba_05db0fb1,6bba_05db0fb1:229,union|6bba_05db0fb1:229|107,0,0.027117882227749437
forest_rich,6bba_05db0fb1,6bba_05db0fb1:229,union|6bba_05db0fb1:229|108,0,0.11603816861219118
forest_rich,6bba_05db0fb1,6bba_05db0fb1:229,union|6bba_05db0fb1:229|109,0,0.03006077231251019
forest_rich,6bba_05db0fb1,6bba_05db0fb1:229,union|6bba_05db0fb1:229|110,0,0.03350881729075908
forest_rich,6bba_05db0fb1,6bba_05db0fb1:229,union|6bba_05db0fb1:229|111,0,0.0874701508051016
forest_rich,6bba_05db0fb1,6bba_05db0fb1:229,union|6bba_05db0fb1:229|112,0,0.09946424336318796
forest_rich,6bba_05db0fb1,6bba_05db0fb1:229,union|6bba_05db0fb1:229|113,0,0.011188717925133302
forest_rich,6bba_05db0fb1,6bba_05db0fb1:229,union|6bba_05db0fb1:229|114,0,0.00454866664124565
forest_rich,6bba_05db0fb1,6bba_05db0fb1:229,union|6bba_05db0fb1:229|115,0,0.00454866664124565
forest_rich,6bba_05db0fb1,6bba_05db0fb1:229,union|6bba_05db0fb1:229|116,0,0.062053646710868327
forest_rich,6bba_05db0fb1,6bba_05db0fb1:229,union|6bba_05db0fb1:229|117,0,0.09441046908115001
forest_rich,6bba_05db0fb1,6bba_05db0fb1:229,union|6bba_05db0fb1:229|118,0,0.0630458881923184
forest_rich,6bba_05db0fb1,6bba_05db0fb1:229,union|6bba_05db0fb1:229|119,0,0.006078803748467912
forest_rich,6bba_05db0fb1,6bba_05db0fb1:229,union|6bba_05db0fb1:229|120,0,0.012753290148594694
forest_rich,6bba_05db0fb1,6bba_05db0fb1:229,union|6bba_05db0fb1:229|121,0,0.11818729875902238
forest_rich,6bba_05db0fb1,6bba_05db0fb1:229,union|6bba_05db0fb1:229|122,0,0.012753290148594694
forest_rich,6bba_05db0fb1,6bba_05db0fb1:229,union|6bba_05db0fb1:229|123,0,0.06482647238203168
forest_rich,6bba_05db0fb1,6bba_05db0fb1:229,union|6bba_05db0fb1:229|124,0,0.012035315979957323
forest_rich,6bba_05db0fb1,6bba_05db0fb1:229,union|6bba_05db0fb1:229|125,0,0.008944089948580215
forest_rich,6bba_05db0fb1,6bba_05db0fb1:229,union|6bba_05db0fb1:229|126,0,0.012035315979957323
forest_rich,6bba_05db0fb1,6bba_05db0fb1:229,union|6bba_05db0fb1:229|127,0,0.012753290148594694
forest_rich,6bba_05db0fb1,6bba_05db0fb1:229,union|6bba_05db0fb1:229|128,0,0.06427198707089982
forest_rich,6bba_05db0fb1,6bba_05db0fb1:229,union|6bba_05db0fb1:229|129,0,0.09065401824281895
forest_rich,6bba_05db0fb1,6bba_05db0fb1:229,union|6bba_05db0fb1:229|130,0,0.13636850071614323
forest_rich,6bba_05db0fb1,6bba_05db0fb1:229,union|6bba_05db0fb1:229|131,0,0.06173947335954878
forest_rich,6bba_05db0fb1,6bba_05db0fb1:229,union|6bba_05db0fb1:229|132,0,0.006078803748467912
forest_rich,6bba_05db0fb1,6bba_05db0fb1:229,union|6bba_05db0fb1:229|133,0,0.29784832177602377
forest_rich,6bba_05db0fb1,6bba_05db0fb1:229,union|6bba_05db0fb1:229|134,0,0.06426742334015537
forest_rich,6bba_05db0fb1,6bba_05db0fb1:229,union|6bba_05db0fb1:229|135,0,0.0630458881923184
forest_rich,6bba_05db0fb1,6bba_05db0fb1:229,union|6bba_05db0fb1:229|136,0,0.21888403491975927
forest_rich,6bba_05db0fb1,6bba_05db0fb1:229,union|6bba_05db0fb1:229|137,0,0.02126688951320305
forest_rich,6bba_05db0fb1,6bba_05db0fb1:229,union|6bba_05db0fb1:229|138,0,0.11464737937728413
forest_rich,6bba_05db0fb1,6bba_05db0fb1:229,union|6bba_05db0fb1:229|139,0,0.06114457959576901
forest_rich,6bba_05db0fb1,6bba_05db0fb1:229,union|6bba_05db0fb1:229|140,0,0.006078803748467912
forest_rich,6bba_05db0fb1,6bba_05db0fb1:229,union|6bba_05db0fb1:229|141,0,0.012035315979957323
forest_rich,6bba_05db0fb1,6bba_05db0fb1:229,union|6bba_05db0fb1:229|142,0,0.03918433550792185
forest_rich,6bba_05db0fb1,6bba_05db0fb1:229,union|6bba_05db0fb1:229|143,0,0.0055170736511298306
forest_rich,6bba_05db0fb1,6bba_05db0fb1:229,union|6bba_05db0fb1:229|144,0,0.002871123898733302
forest_rich,6bba_05db0fb1,6bba_05db0fb1:229,union|6bba_05db0fb1:229|145,0,0.011188717925133302
forest_rich,6bba_05db0fb1,6bba_05db0fb1:229,union|6bba_05db0fb1:229|146,0,0.011188717925133302
forest_rich,6bba_05db0fb1,6bba_05db0fb1:229,union|6bba_05db0fb1:229|147,0,0.011188717925133302
forest_rich,6bba_05db0fb1,6bba_05db0fb1:229,union|6bba_05db0fb1:229|148,0,0.011188717925133302
forest_rich,6bba_05db0fb1,6bba_05db0fb1:229,union|6bba_05db0fb1:229|149,0,0.006697110268100526
forest_rich,6bba_05db0fb1,6bba_05db0fb1:229,union|6bba_05db0fb1:229|150,0,0.006697110268100526
forest_rich,6bba_05db0fb1,6bba_05db0fb1:229,union|6bba_05db0fb1:229|151,0,0.003955984726974986
forest_rich,6bba_05db0fb1,6bba_05db0fb1:229,union|6bba_05db0fb1:229|152,0,0.09966164667283313
forest_rich,6bba_05db0fb1,6bba_05db0fb1:229,union|6bba_05db0fb1:229|153,0,0.12186353897868175
forest_rich,6bba_05db0fb1,6bba_05db0fb1:229,union|6bba_05db0fb1:229|154,0,0.026846669532041012
forest_rich,6bba_05db0fb1,6bba_05db0fb1:229,union|6bba_05db0fb1:229|155,0,0.06864411932661076
forest_rich,6bba_05db0fb1,6bba_05db0fb1:229,union|6bba_05db0fb1:229|156,0,0.006078803748467912
forest_rich,6bba_05db0fb1,6bba_05db0fb1:229,union|6bba_05db0fb1:229|157,0,0.07734398128294977
forest_rich,6bba_05db0fb1,6bba_05db0fb1:229,union|6bba_05db0fb1:229|158,0,0.002987577717090806
forest_rich,6bba_05db0fb1,6bba_05db0fb1:229,union|6bba_05db0fb1:229|159,0,0.006078803748467912
forest_rich,6bba_05db0fb1,6bba_05db0fb1:229,union|6bba_05db0fb1:229|160,0,0.006078803748467912
forest_rich,6bba_05db0fb1,6bba_05db0fb1:229,union|6bba_05db0fb1:229|161,0,0.010830889448555987
forest_rich,6bba_05db0fb1,6bba_05db0fb1:229,union|6bba_05db0fb1:229|162,0,0.014062967212833023
forest_rich,6bba_05db0fb1,6bba_05db0fb1:229,union|6bba_05db0fb1:229|163,0,0.09097709325486679
forest_rich,6bba_05db0fb1,6bba_05db0fb1:229,union|6bba_05db0fb1:229|164,0,0.007836347758362124
forest_rich,6bba_05db0fb1,6bba_05db0fb1:229,union|6bba_05db0fb1:229|165,0,0.3001942086777132
forest_rich,6bba_05db0fb1,6bba_05db0fb1:229,union|6bba_05db0fb1:229|166,0,0.016161458945999907
forest_rich,6bba_05db0fb1,6bba_05db0fb1:229,union|6bba_05db0fb1:229|167,0,0.028328513716586876
forest_rich,6bba_05db0fb1,6bba_05db0fb1:229,union|6bba_05db0fb1:229|168,0,0.12654240202321324
forest_rich,6bba_05db0fb1,6bba_05db0fb1:229,union|6bba_05db0fb1:229|169,0,0.005888560141385391
forest_rich,6bba_05db0fb1,6bba_05db0fb1:229,union|6bba_05db0fb1:229|170,0,0.05992736034686969
forest_rich,6bba_05db0fb1,6bba_05db0fb1:229,union|6bba_05db0fb1:229|171,0,0.006973420969627076
forest_rich,6bba_05db0fb1,6bba_05db0fb1:229,union|6bba_05db0fb1:229|172,0,0.019014078352684295
forest_rich,6bba_05db0fb1,6bba_05db0fb1:751,union|6bba_05db0fb1:751|0,0,0.007625647955955577
forest_rich,6bba_05db0fb1,6bba_05db0fb1:751,union|6bba_05db0fb1:751|1,0,0.4664106027396724
forest_rich,6bba_05db0fb1,6bba_05db0fb1:751,union|6bba_05db0fb1:751|2,0,0.13860240233382368
forest_rich,6bba_05db0fb1,6bba_05db0fb1:751,union|6bba_05db0fb1:751|3,0,0.4098672338585841
forest_rich,6bba_05db0fb1,6bba_05db0fb1:751,union|6bba_05db0fb1:751|4,0,0.48559764415509304
forest_rich,6bba_05db0fb1,6bba_05db0fb1:751,union|6bba_05db0fb1:751|5,0,0.04386899441768647
forest_rich,6bba_05db0fb1,6bba_05db0fb1:751,union|6bba_05db0fb1:751|6,0,0.31750830512038825
forest_rich,6bba_05db0fb1,6bba_05db0fb1:751,union|6bba_05db0fb1:751|7,0,0.01613093960737448
forest_rich,6bba_05db0fb1,6bba_05db0fb1:751,union|6bba_05db0fb1:751|8,0,0.005741298203891945
forest_rich,6bba_05db0fb1,6bba_05db0fb1:751,union|6bba_05db0fb1:751|9,0,0.012409307846449343
forest_rich,6bba_05db0fb1,6bba_05db0fb1:751,union|6bba_05db0fb1:751|10,0,0.015222544033748321
forest_rich,6bba_05db0fb1,6bba_05db0fb1:751,union|6bba_05db0fb1:751|11,0,0.05308813960905455
forest_rich,6bba_05db0fb1,6bba_05db0fb1:751,union|6bba_05db0fb1:751|12,0,0.35080736481418245
forest_rich,6bba_05db0fb1,6bba_05db0fb1:751,union|6bba_05db0fb1:751|13,0,0.023847092788729336
forest_rich,6bba_05db0fb1,6bba_05db0fb1:751,union|6bba_05db0fb1:751|14,0,0.038628049480420035
forest_rich,6bba_05db0fb1,6bba_05db0fb1:751,union|6bba_05db0fb1:751|15,0,0.012228002343554457
forest_rich,6bba_05db0fb1,6bba_05db0fb1:751,union|6bba_05db0fb1:751|16,0,0.00919711321693188
forest_rich,6bba_05db0fb1,6bba_05db0fb1:751,union|6bba_05db0fb1:751|17,0,0.03763541490684563
forest_rich,6bba_05db0fb1,6bba_05db0fb1:751,union|6bba_05db0fb1:751|18,0,0.003955984726974986
forest_rich,6bba_05db0fb1,6bba_05db0fb1:751,union|6bba_05db0fb1:751|19,0,0.04712434018842927
forest_rich,6bba_05db0fb1,6bba_05db0fb1:751,union|6bba_05db0fb1:751|20,0,0.05094090456007382
forest_rich,6bba_05db0fb1,6bba_05db0fb1:751,union|6bba_05db0fb1:751|21,0,0.12442914662226376
forest_rich,6bba_05db0fb1,6bba_05db0fb1:751,union|6bba_05db0fb1:751|22,0,0.004631106265761712
forest_rich,6bba_05db0fb1,6bba_05db0fb1:751,union|6bba_05db0fb1:751|23,0,0.07371418947969595
forest_rich,6bba_05db0fb1,6bba_05db0fb1:751,union|6bba_05db0fb1:751|24,0,0.010041752448545957
forest_rich,6bba_05db0fb1,6bba_05db0fb1:751,union|6bba_05db0fb1:751|25,0,0.037678748242897166
forest_rich,6bba_05db0fb1,6bba_05db0fb1:751,union|6bba_05db0fb1:751|26,0,0.1011323694858295
forest_rich,6bba_05db0fb1,6bba_05db0fb1:751,union|6bba_05db0fb1:751|27,0,0.003955984726974986
forest_rich,6bba_05db0fb1,6bba_05db0fb1:751,union|6bba_05db0fb1:751|28,0,0.06260548038258064
forest_rich,6bba_05db0fb1,6bba_05db0fb1:751,union|6bba_05db0fb1:751|29,0,0.010294255187157477
forest_rich,6bba_05db0fb1,6bba_05db0fb1:751,union|6bba_05db0fb1:751|30,0,0.21740409410820452
forest_rich,6bba_05db0fb1,6bba_05db0fb1:751,union|6bba_05db0fb1:751|31,0,0.14428688968024356
forest_rich,6bba_05db0fb1,6bba_05db0fb1:751,union|6bba_05db0fb1:751|32,1,0.6817515430839279
forest_rich,6bba_05db0fb1,6bba_05db0fb1:751,union|6bba_05db0fb1:751|33,0,0.4429824502316014
forest_rich,6bba_05db0fb1,6bba_05db0fb1:751,union|6bba_05db0fb1:751|34,0,0.401755226587864
forest_rich,6bba_05db0fb1,6bba_05db0fb1:751,union|6bba_05db0fb1:751|35,0,0.01313639791718061
forest_rich,6bba_05db0fb1,6bba_05db0fb1:751,union|6bba_05db0fb1:751|36,0,0.1719014519793006
forest_rich,6bba_05db0fb1,6bba_05db0fb1:751,union|6bba_05db0fb1:751|37,0,0.004631106265761712
forest_rich,6bba_05db0fb1,6bba_05db0fb1:751,union|6bba_05db0fb1:751|38,0,0.015222544033748321
forest_rich,6bba_05db0fb1,6bba_05db0fb1:751,union|6bba_05db0fb1:751|39,0,0.012228002343554456
forest_rich,6bba_05db0fb1,6bba_05db0fb1:751,union|6bba_05db0fb1:751|40,0,0.30601813927228066
forest_rich,6bba_05db0fb1,6bba_05db0fb1:751,union|6bba_05db0fb1:751|41,0,0.017523788993075193
forest_rich,6bba_05db0fb1,6bba_05db0fb1:751,union|6bba_05db0fb1:751|42,0,0.06550304973746396
forest_rich,6bba_05db0fb1,6bba_05db0fb1:751,union|6bba_05db0fb1:751|43,0,0.03283288693049784
forest_rich,6bba_05db0fb1,6bba_05db0fb1:751,union|6bba_05db0fb1:751|44,0,0.08235644953975388
forest_rich,6bba_05db0fb1,6bba_05db0fb1:751,union|6bba_05db0fb1:751|45,0,0.003955984726974986
forest_rich,6bba_05db0fb1,6bba_05db0fb1:751,union|6bba_05db0fb1:751|46,0,0.07077204152120616
forest_rich,6bba_05db0fb1,6bba_05db0fb1:751,union|6bba_05db0fb1:751|47,0,0.13880341127439982
forest_rich,6bba_05db0fb1,6bba_05db0fb1:751,union|6bba_05db0fb1:751|48,0,0.003955984726974986
forest_rich,6bba_05db0fb1,6bba_05db0fb1:751,union|6bba_05db0fb1:751|49,0,0.04712434018842927
forest_rich,6bba_05db0fb1,6bba_05db0fb1:751,union|6bba_05db0fb1:751|50,0,0.004631106265761712
forest_rich,6bba_05db0fb1,6bba_05db0fb1:751,union|6bba_05db0fb1:751|51,0,0.010041752448545957
forest_rich,6bba_05db0fb1,6bba_05db0fb1:751,union|6bba_05db0fb1:751|52,0,0.07371418947969595
forest_rich,6bba_05db0fb1,6bba_05db0fb1:751,union|6bba_05db0fb1:751|53,0,0.0967377444024455
forest_rich,6bba_05db0fb1,6bba_05db0fb1:751,union|6bba_05db0fb1:751|54,0,0.007047210758352091
forest_rich,6bba_05db0fb1,6bba_05db0fb1:751,union|6bba_05db0fb1:751|55,0,0.007047210758352091
forest_rich,6bba_05db0fb1,6bba_05db0fb1:751,union|6bba_05db0fb1:751|56,0,0.002871123898733302
forest_rich,6bba_05db0fb1,6bba_05db0fb1:751,union|6bba_05db0fb1:751|57,0,0.007625647955955577
forest_rich,6bba_05db0fb1,6bba_05db0fb1:751,union|6bba_05db0fb1:751|58,0,0.4357836859979675
forest_rich,6bba_05db0fb1,6bba_05db0fb1:751,union|6bba_05db0fb1:751|59,0,0.30335327689802666
forest_rich,6bba_05db0fb1,6bba_05db0fb1:751,union|6bba_05db0fb1:751|60,0,0.043457067193963424
forest_rich,6bba_05db0fb1,6bba_05db0fb1:751,union|6bba_05db0fb1:751|61,0,0.12735089658181456
forest_rich,6bba_05db0fb1,6bba_05db0fb1:751,union|6bba_05db0fb1:751|62,0,0.034000226739042544
forest_rich,6bba_05db0fb1,6bba_05db0fb1:751,union|6bba_05db0fb1:751|63,0,0.004631106265761712
forest_rich,6bba_05db0fb1,6bba_05db0fb1:751,union|6bba_05db0fb1:751|64,0,0.003955984726974986
forest_rich,6bba_05db0fb1,6bba_05db0fb1:751,union|6bba_05db0fb1:751|65,0,0.049720357871039116
forest_rich,6bba_05db0fb1,6bba_05db0fb1:751,union|6bba_05db0fb1:751|66,0,0.18053293345867413
forest_rich,6bba_05db0fb1,6bba_05db0fb1:751,union|6bba_05db0fb1:751|67,0,0.056877528787673506
forest_rich,6bba_05db0fb1,6bba_05db0fb1:751,union|6bba_05db0fb1:751|68,0,0.006798127456998119
forest_rich,6bba_05db0fb1,6bba_05db0fb1:751,union|6bba_05db0fb1:751|69,0,0.03536122051449292
forest_rich,6bba_05db0fb1,6bba_05db0fb1:751,union|6bba_05db0fb1:751|70,0,0.11045784447017465
forest_rich,6bba_05db0fb1,6bba_05db0fb1:751,union|6bba_05db0fb1:751|71,0,0.09488677757204823
forest_rich,6bba_05db0fb1,6bba_05db0fb1:751,union|6bba_05db0fb1:751|72,0,0.0026194807342483886
forest_rich,6bba_05db0fb1,6bba_05db0fb1:751,union|6bba_05db0fb1:751|73,0,0.007625647955955577
forest_rich,6bba_05db0fb1,6bba_05db0fb1:751,union|6bba_05db0fb1:751|74,0,0.015222544033748321
forest_rich,6bba_05db0fb1,6bba_05db0fb1:751,union|6bba_05db0fb1:751|75,0,0.05101768976882097
forest_rich,6bba_05db0fb1,6bba_05db0fb1:751,union|6bba_05db0fb1:751|76,0,0.004537486817639896
forest_rich,6bba_05db0fb1,6bba_05db0fb1:751,union|6bba_05db0fb1:751|77,0,0.4512647902583561
forest_rich,6bba_05db0fb1,6bba_05db0fb1:751,union|6bba_05db0fb1:751|78,0,0.5432053473398641
forest_rich,6bba_05db0fb1,6bba_05db0fb1:751,union|6bba_05db0fb1:751|79,0,0.1979101572757179
forest_rich,6bba_05db0fb1,6bba_05db0fb1:751,union|6bba_05db0fb1:751|80,0,0.0
forest_rich,6bba_05db0fb1,6bba_05db0fb1:751,union|6bba_05db0fb1:751|81,0,0.3979780816586223
forest_rich,6bba_05db0fb1,6bba_05db0fb1:751,union|6bba_05db0fb1:751|82,0,0.008670945947046232
forest_rich,6bba_05db0fb1,6bba_05db0fb1:751,union|6bba_05db0fb1:751|83,0,0.007625647955955577
forest_rich,6bba_05db0fb1,6bba_05db0fb1:751,union|6bba_05db0fb1:751|84,0,0.007625647955955577
forest_rich,6bba_05db0fb1,6bba_05db0fb1:751,union|6bba_05db0fb1:751|85,0,0.018344361503391877
forest_rich,6bba_05db0fb1,6bba_05db0fb1:751,union|6bba_05db0fb1:751|86,0,0.03022516103023569
forest_rich,6bba_05db0fb1,6bba_05db0fb1:751,union|6bba_05db0fb1:751|87,0,0.45040905830558603
forest_rich,6bba_05db0fb1,6bba_05db0fb1:751,union|6bba_05db0fb1:751|88,0,0.17940884512735086
forest_rich,6bba_05db0fb1,6bba_05db0fb1:751,union|6bba_05db0fb1:751|89,0,0.1411096229114848
forest_rich,6bba_05db0fb1,6bba_05db0fb1:751,union|6bba_05db0fb1:751|90,0,0.06061052540670154
forest_rich,6bba_05db0fb1,6bba_05db0fb1:751,union|6bba_05db0fb1:751|91,0,0.06278265870275176
forest_rich,6bba_05db0fb1,6bba_05db0fb1:751,union|6bba_05db0fb1:751|92,0,0.04386005786086614
forest_rich,6bba_05db0fb1,6bba_05db0fb1:751,union|6bba_05db0fb1:751|93,0,0.05462387991927101
forest_rich,6bba_05db0fb1,6bba_05db0fb1:751,union|6bba_05db0fb1:751|94,0,0.04398203142206437
forest_rich,6bba_05db0fb1,6bba_05db0fb1:751,union|6bba_05db0fb1:751|95,0,0.004631106265761712
forest_rich,6bba_05db0fb1,6bba_05db0fb1:751,union|6bba_05db0fb1:751|96,0,0.049324794131073914
forest_rich,6bba_05db0fb1,6bba_05db0fb1:751,union|6bba_05db0fb1:751|97,0,0.003955984726974986
forest_rich,6bba_05db0fb1,6bba_05db0fb1:751,union|6bba_05db0fb1:751|98,0,0.010041752448545957
forest_rich,6bba_05db0fb1,6bba_05db0fb1:751,union|6bba_05db0fb1:751|99,0,0.04457956637276162
forest_rich,6bba_05db0fb1,6bba_05db0fb1:751,union|6bba_05db0fb1:751|100,0,0.08432104605753796
forest_rich,6bba_05db0fb1,6bba_05db0fb1:751,union|6bba_05db0fb1:751|101,0,0.006798127456998119
forest_rich,6bba_05db0fb1,6bba_05db0fb1:751,union|6bba_05db0fb1:751|102,0,0.044930196161156184
forest_rich,6bba_05db0fb1,6bba_05db0fb1:751,union|6bba_05db0fb1:751|103,0,0.10309862253837149
forest_rich,6bba_05db0fb1,6bba_05db0fb1:751,union|6bba_05db0fb1:751|104,0,0.04712434018842927
forest_rich,6bba_05db0fb1,6bba_05db0fb1:751,union|6bba_05db0fb1:751|105,0,0.5611654254036396
forest_rich,6bba_05db0fb1,6bba_05db0fb1:751,union|6bba_05db0fb1:751|106,0,0.09824404108679438
forest_rich,6bba_05db0fb1,6bba_05db0fb1:751,union|6bba_05db0fb1:751|107,0,0.003955984726974986
forest_rich,6bba_05db0fb1,6bba_05db0fb1:751,union|6bba_05db0fb1:751|108,0,0.053000895450827944
forest_rich,6bba_05db0fb1,6bba_05db0fb1:751,union|6bba_05db0fb1:751|109,0,0.037678748242897166
forest_rich,6bba_05db0fb1,6bba_05db0fb1:751,union|6bba_05db0fb1:751|110,0,0.09837254157113887
forest_rich,6bba_05db0fb1,6bba_05db0fb1:751,union|6bba_05db0fb1:751|111,0,0.27883596434561425
forest_rich,6bba_05db0fb1,6bba_05db0fb1:751,union|6bba_05db0fb1:751|112,0,0.0693507738116467
forest_rich,6bba_05db0fb1,6bba_05db0fb1:751,union|6bba_05db0fb1:751|113,0,0.009889353488375227
forest_rich,6bba_05db0fb1,6bba_05db0fb1:751,union|6bba_05db0fb1:751|114,0,0.006798127456998119
forest_rich,6bba_05db0fb1,6bba_05db0fb1:751,union|6bba_05db0fb1:751|115,0,0.35781120387277693
forest_rich,6bba_05db0fb1,6bba_05db0fb1:751,union|6bba_05db0fb1:751|116,0,0.17066612406278683
forest_rich,6bba_05db0fb1,6bba_05db0fb1:751,union|6bba_05db0fb1:751|117,0,0.04232738633789914
forest_rich,6bba_05db0fb1,6bba_05db0fb1:751,union|6bba_05db0fb1:751|118,0,0.003955984726974986
forest_rich,6bba_05db0fb1,6bba_05db0fb1:751,union|6bba_05db0fb1:751|119,0,0.003955984726974986
forest_rich,6bba_05db0fb1,6bba_05db0fb1:751,union|6bba_05db0fb1:751|120,0,0.11434396913318766
forest_rich,6bba_05db0fb1,6bba_05db0fb1:751,union|6bba_05db0fb1:751|121,0,0.010041752448545957
forest_rich,6bba_05db0fb1,6bba_05db0fb1:751,union|6bba_05db0fb1:751|122,0,0.1061480277269085
forest_rich,6bba_05db0fb1,6bba_05db0fb1:751,union|6bba_05db0fb1:751|123,0,0.056877528787673506
forest_rich,6bba_05db0fb1,6bba_05db0fb1:751,union|6bba_05db0fb1:751|124,0,0.006798127456998119
forest_rich,6bba_05db0fb1,6bba_05db0fb1:751,union|6bba_05db0fb1:751|125,0,0.06684873132952442
forest_rich,6bba_05db0fb1,6bba_05db0fb1:751,union|6bba_05db0fb1:751|126,0,0.061979017061371745
forest_rich,6bba_05db0fb1,6bba_05db0fb1:751,union|6bba_05db0fb1:751|127,0,0.007625647955955577
forest_rich,6bba_05db0fb1,6bba_05db0fb1:751,union|6bba_05db0fb1:751|128,0,0.05987728398810148
forest_rich,6bba_05db0fb1,6bba_05db0fb1:751,union|6bba_05db0fb1:751|129,0,0.071401254392533
forest_rich,6bba_05db0fb1,6bba_05db0fb1:751,union|6bba_05db0fb1:751|130,0,0.08319821340555128
forest_rich,6bba_05db0fb1,6bba_05db0fb1:751,union|6bba_05db0fb1:751|131,0,0.0
forest_rich,6bba_05db0fb1,6bba_05db0fb1:751,union|6bba_05db0fb1:751|132,0,0.09824404108679438
forest_rich,6bba_05db0fb1,6bba_05db0fb1:751,union|6bba_05db0fb1:751|133,0,0.04821081563974096
forest_rich,6bba_05db0fb1,6bba_05db0fb1:751,union|6bba_05db0fb1:751|134,0,0.021483875235767596
forest_rich,6bba_05db0fb1,6bba_05db0fb1:751,union|6bba_05db0fb1:751|135,0,0.30186658581131837
forest_rich,6bba_05db0fb1,6bba_05db0fb1:751,union|6bba_05db0fb1:751|136,0,0.09936415493507145
forest_rich,6bba_05db0fb1,6bba_05db0fb1:751,union|6bba_05db0fb1:751|137,0,0.03470001127461789
forest_rich,6bba_05db0fb1,6bba_05db0fb1:751,union|6bba_05db0fb1:751|138,0,0.030165385540980326
forest_rich,6bba_05db0fb1,6bba_05db0fb1:751,union|6bba_05db0fb1:751|139,0,0.004631106265761712
forest_rich,6bba_05db0fb1,6bba_05db0fb1:751,union|6bba_05db0fb1:751|140,0,0.1072902016668383
forest_rich,6bba_05db0fb1,6bba_05db0fb1:751,union|6bba_05db0fb1:751|141,0,0.009136776312177351
forest_rich,6bba_05db0fb1,6bba_05db0fb1:751,union|6bba_05db0fb1:751|142,0,0.05090260230309954
forest_rich,6bba_05db0fb1,6bba_05db0fb1:751,union|6bba_05db0fb1:751|143,0,0.01648768355514421
forest_rich,6bba_05db0fb1,6bba_05db0fb1:751,union|6bba_05db0fb1:751|144,0,0.011330449471453494
forest_rich,6bba_05db0fb1,6bba_05db0fb1:751,union|6bba_05db0fb1:751|145,0,0.0006751215387867266
forest_rich,6bba_05db0fb1,6bba_05db0fb1:751,union|6bba_05db0fb1:751|146,0,0.10145658020043657
forest_rich,6bba_05db0fb1,6bba_05db0fb1:751,union|6bba_05db0fb1:751|147,0,0.010041752448545957
forest_rich,6bba_05db0fb1,6bba_05db0fb1:751,union|6bba_05db0fb1:751|148,0,0.007047210758352091
forest_rich,6bba_05db0fb1,6bba_05db0fb1:751,union|6bba_05db0fb1:751|149,0,0.003955984726974986
forest_rich,6bba_05db0fb1,6bba_05db0fb1:751,union|6bba_05db0fb1:751|150,0,0.002871123898733302
forest_rich,6bba_05db0fb1,6bba_05db0fb1:751,union|6bba_05db0fb1:751|151,0,0.04583144374320051
forest_rich,6bba_05db0fb1,6bba_05db0fb1:751,union|6bba_05db0fb1:751|152,0,0.007047210758352091
forest_rich,6bba_05db0fb1,6bba_05db0fb1:751,union|6bba_05db0fb1:751|153,0,0.007047210758352091
forest_rich,6bba_05db0fb1,6bba_05db0fb1:751,union|6bba_05db0fb1:751|154,0,0.002871123898733302
forest_rich,6bba_05db0fb1,6bba_05db0fb1:751,union|6bba_05db0fb1:751|155,0,0.021452449026884896
forest_rich,6bba_05db0fb1,6bba_05db0fb1:751,union|6bba_05db0fb1:751|156,0,0.04777097182375201
forest_rich,6bba_05db0fb1,6bba_05db0fb1:751,union|6bba_05db0fb1:751|157,0,0.124110430763469
forest_rich,6bba_05db0fb1,6bba_05db0fb1:751,union|6bba_05db0fb1:751|158,0,0.012228002343554456
forest_rich,6bba_05db0fb1,6bba_05db0fb1:751,union|6bba_05db0fb1:751|159,0,0.018451367991022368
forest_rich,6bba_05db0fb1,6bba_05db0fb1:751,union|6bba_05db0fb1:751|160,0,0.04425073571070266
forest_rich,6bba_05db0fb1,6bba_05db0fb1:751,union|6bba_05db0fb1:751|161,0,0.012228002343554456
forest_rich,6bba_05db0fb1,6bba_05db0fb1:751,union|6bba_05db0fb1:751|162,0,0.015073618266093455
forest_rich,6bba_05db0fb1,6bba_05db0fb1:751,union|6bba_05db0fb1:751|163,0,0.0
forest_rich,6bba_05db0fb1,6bba_05db0fb1:751,union|6bba_05db0fb1:751|164,0,0.10442263382001973
forest_rich,6bba_05db0fb1,6bba_05db0fb1:751,union|6bba_05db0fb1:751|165,0,0.012228002343554456
forest_rich,6bba_05db0fb1,6bba_05db0fb1:751,union|6bba_05db0fb1:751|166,0,0.012228002343554457
forest_rich,6bba_05db0fb1,6bba_05db0fb1:751,union|6bba_05db0fb1:751|167,0,0.11625817141262677
forest_rich,6bba_05db0fb1,6bba_05db0fb1:751,union|6bba_05db0fb1:751|168,0,0.009136776312177351
forest_rich,6bba_05db0fb1,6bba_05db0fb1:751,union|6bba_05db0fb1:751|169,0,0.014712276593960495
forest_rich,6bba_05db0fb1,6bba_05db0fb1:751,union|6bba_05db0fb1:751|170,0,0.009136776312177351
forest_rich,6bba_05db0fb1,6bba_05db0fb1:751,union|6bba_05db0fb1:751|171,0,0.0
forest_rich,6bba_05db0fb1,6bba_05db0fb1:751,union|6bba_05db0fb1:751|172,0,0.07295748134238388
forest_rich,6bba_207c6aaf,6bba_207c6aaf:146,union|6bba_207c6aaf:146|0,0,0.04379996647668528
forest_rich,6bba_207c6aaf,6bba_207c6aaf:146,union|6bba_207c6aaf:146|1,0,0.006455842383120601
forest_rich,6bba_207c6aaf,6bba_207c6aaf:146,union|6bba_207c6aaf:146|2,0,0.0034689960565245153
forest_rich,6bba_207c6aaf,6bba_207c6aaf:146,union|6bba_207c6aaf:146|3,0,0.002608998505811853
forest_rich,6bba_207c6aaf,6bba_207c6aaf:146,union|6bba_207c6aaf:146|4,0,0.002608998505811853
forest_rich,6bba_207c6aaf,6bba_207c6aaf:146,union|6bba_207c6aaf:146|5,0,0.061607353788046534
forest_rich,6bba_207c6aaf,6bba_207c6aaf:146,union|6bba_207c6aaf:146|6,0,0.002608998505811853
forest_rich,6bba_207c6aaf,6bba_207c6aaf:146,union|6bba_207c6aaf:146|7,0,0.062309637602469284
forest_rich,6bba_207c6aaf,6bba_207c6aaf:146,union|6bba_207c6aaf:146|8,0,0.09073781794871862
forest_rich,6bba_207c6aaf,6bba_207c6aaf:146,union|6bba_207c6aaf:146|9,0,0.09668078160046817
forest_rich,6bba_207c6aaf,6bba_207c6aaf:146,union|6bba_207c6aaf:146|10,0,0.1421566167514241
forest_rich,6bba_207c6aaf,6bba_207c6aaf:146,union|6bba_207c6aaf:146|11,0,0.0034689960565245153
forest_rich,6bba_207c6aaf,6bba_207c6aaf:146,union|6bba_207c6aaf:146|12,0,0.0034689960565245153
forest_rich,6bba_207c6aaf,6bba_207c6aaf:146,union|6bba_207c6aaf:146|13,1,0.1160712108251395
forest_rich,6bba_207c6aaf,6bba_207c6aaf:146,union|6bba_207c6aaf:146|14,0,0.008453025366276084
forest_rich,6bba_207c6aaf,6bba_207c6aaf:146,union|6bba_207c6aaf:146|15,0,0.0034689960565245153
forest_rich,6bba_207c6aaf,6bba_207c6aaf:146,union|6bba_207c6aaf:146|16,0,0.005317060453995381
forest_rich,6bba_207c6aaf,6bba_207c6aaf:146,union|6bba_207c6aaf:146|17,0,0.002608998505811853
forest_rich,6bba_207c6aaf,6bba_207c6aaf:146,union|6bba_207c6aaf:146|18,0,0.002608998505811853
forest_rich,6bba_207c6aaf,6bba_207c6aaf:146,union|6bba_207c6aaf:146|19,0,0.005895536509569908
forest_rich,6bba_207c6aaf,6bba_207c6aaf:146,union|6bba_207c6aaf:146|20,0,0.0
forest_rich,6bba_207c6aaf,6bba_207c6aaf:146,union|6bba_207c6aaf:146|21,0,0.12349056551811974
forest_rich,6bba_207c6aaf,6bba_207c6aaf:146,union|6bba_207c6aaf:146|22,0,0.10211311018276631
forest_rich,6bba_207c6aaf,6bba_207c6aaf:146,union|6bba_207c6aaf:146|23,0,0.13863370403286043
forest_rich,6bba_207c6aaf,6bba_207c6aaf:146,union|6bba_207c6aaf:146|24,0,0.006455842383120601
forest_rich,6bba_207c6aaf,6bba_207c6aaf:146,union|6bba_207c6aaf:146|25,0,0.5038463552195339
forest_rich,6bba_207c6aaf,6bba_207c6aaf:146,union|6bba_207c6aaf:146|26,0,0.002608998505811853
forest_rich,6bba_207c6aaf,6bba_207c6aaf:146,union|6bba_207c6aaf:146|27,0,0.006455842383120601
forest_rich,6bba_207c6aaf,6bba_207c6aaf:146,union|6bba_207c6aaf:146|28,0,0.002608998505811853
forest_rich,6bba_207c6aaf,6bba_207c6aaf:146,union|6bba_207c6aaf:146|29,0,0.2948331118235268
forest_rich,6bba_207c6aaf,6bba_207c6aaf:146,union|6bba_207c6aaf:146|30,0,0.0034689960565245153
forest_rich,6bba_207c6aaf,6bba_207c6aaf:146,union|6bba_207c6aaf:146|31,0,0.0
forest_rich,6bba_207c6aaf,6bba_207c6aaf:146,union|6bba_207c6aaf:146|32,0,0.079098281805782
forest_rich,6bba_207c6aaf,6bba_207c6aaf:146,union|6bba_207c6aaf:146|33,0,0.0018766325095439
forest_rich,6bba_207c6aaf,6bba_207c6aaf:146,union|6bba_207c6aaf:146|34,0,0.037656853574933646
forest_rich,6bba_207c6aaf,6bba_207c6aaf:146,union|6bba_207c6aaf:146|35,0,0.12692220486268022
forest_rich,6bba_207c6aaf,6bba_207c6aaf:146,union|6bba_207c6aaf:146|36,0,0.020308287175857385
forest_rich,6bba_207c6aaf,6bba_207c6aaf:146,union|6bba_207c6aaf:146|37,0,0.0023904688700999237
forest_rich,6bba_207c6aaf,6bba_207c6aaf:146,union|6bba_207c6aaf:146|38,0,0.002608998505811853
forest_rich,6bba_207c6aaf,6bba_207c6aaf:146,union|6bba_207c6aaf:146|39,0,0.04379996647668528
forest_rich,6bba_207c6aaf,6bba_207c6aaf:146,union|6bba_207c6aaf:146|40,0,0.10253936956934954
forest_rich,6bba_207c6aaf,6bba_207c6aaf:146,union|6bba_207c6aaf:146|41,0,0.002608998505811853
forest_rich,6bba_207c6aaf,6bba_207c6aaf:146,union|6bba_207c6aaf:146|42,0,0.0031874745613863797
forest_rich,6bba_207c6aaf,6bba_207c6aaf:146,union|6bba_207c6aaf:146|43,0,0.12807720014394544
forest_rich,6bba_207c6aaf,6bba_207c6aaf:146,union|6bba_207c6aaf:146|44,0,0.002608998505811853
forest_rich,6bba_207c6aaf,6bba_207c6aaf:146,union|6bba_207c6aaf:146|45,0,0.003190327169274537
forest_rich,6bba_207c6aaf,6bba_207c6aaf:146,union|6bba_207c6aaf:146|46,0,0.09073781794871862
forest_rich,6bba_207c6aaf,6bba_207c6aaf:146,union|6bba_207c6aaf:146|47,0,0.010884581735531564
forest_rich,6bba_207c6aaf,6bba_207c6aaf:146,union|6bba_207c6aaf:146|48,0,0.002608998505811853
forest_rich,6bba_207c6aaf,6bba_207c6aaf:146,union|6bba_207c6aaf:146|49,0,0.09452367784978462
forest_rich,6bba_207c6aaf,6bba_207c6aaf:146,union|6bba_207c6aaf:146|50,0,0.002608998505811853
forest_rich,6bba_207c6aaf,6bba_207c6aaf:146,union|6bba_207c6aaf:146|51,0,0.0031874745613863797
forest_rich,6bba_207c6aaf,6bba_207c6aaf:146,union|6bba_207c6aaf:146|52,0,0.10394974611296054
forest_rich,6bba_207c6aaf,6bba_207c6aaf:146,union|6bba_207c6aaf:146|53,0,0.0032466631998613275
forest_rich,6bba_207c6aaf,6bba_207c6aaf:146,union|6bba_207c6aaf:146|54,0,0.002608998505811853
forest_rich,6bba_207c6aaf,6bba_207c6aaf:146,union|6bba_207c6aaf:146|55,0,0.10132141792953209
forest_rich,6bba_207c6aaf,6bba_207c6aaf:146,union|6bba_207c6aaf:146|56,0,0.2739364234149643
forest_rich,6bba_207c6aaf,6bba_207c6aaf:146,union|6bba_207c6aaf:146|57,0,0.11350856986606547
forest_rich,6bba_207c6aaf,6bba_207c6aaf:146,union|6bba_207c6aaf:146|58,0,0.0032407085793678364
forest_rich,6bba_207c6aaf,6bba_207c6aaf:146,union|6bba_207c6aaf:146|59,0,0.0793164482009696
forest_rich,6bba_207c6aaf,6bba_207c6aaf:146,union|6bba_207c6aaf:146|60,0,0.10633424897804562
forest_rich,6bba_207c6aaf,6bba_207c6aaf:146,union|6bba_207c6aaf:146|61,0,0.008857275081077289
forest_rich,6bba_207c6aaf,6bba_207c6aaf:146,union|6bba_207c6aaf:146|62,0,0.09191183693327992
forest_rich,6bba_207c6aaf,6bba_207c6aaf:146,union|6bba_207c6aaf:146|63,0,0.0034689960565245153
forest_rich,6bba_207c6aaf,6bba_207c6aaf:146,union|6bba_207c6aaf:146|64,0,0.0
forest_rich,6bba_207c6aaf,6bba_207c6aaf:146,union|6bba_207c6aaf:146|65,0,0.03025911345781316
forest_rich,6bba_207c6aaf,6bba_207c6aaf:146,union|6bba_207c6aaf:146|66,0,0.13443137511548942
forest_rich,6bba_207c6aaf,6bba_207c6aaf:146,union|6bba_207c6aaf:146|67,0,0.12771639256797093
forest_rich,6bba_207c6aaf,6bba_207c6aaf:146,union|6bba_207c6aaf:146|68,0,0.0
forest_rich,6bba_32db13fc,6bba_32db13fc:115,union|6bba_32db13fc:115|0,0,0.04608776908644747
forest_rich,6bba_32db13fc,6bba_32db13fc:115,union|6bba_32db13fc:115|1,0,0.03541059187876429
forest_rich,6bba_32db13fc,6bba_32db13fc:115,union|6bba_32db13fc:115|2,0,0.007940352772003516
forest_rich,6bba_32db13fc,6bba_32db13fc:115,union|6bba_32db13fc:115|3,0,0.04608776908644747
forest_rich,6bba_32db13fc,6bba_32db13fc:115,union|6bba_32db13fc:115|4,0,0.010269031334196429
forest_rich,6bba_32db13fc,6bba_32db13fc:115,union|6bba_32db13fc:115|5,0,0.009775849321770076
forest_rich,6bba_32db13fc,6bba_32db13fc:115,union|6bba_32db13fc:115|6,0,0.14344992934693412
forest_rich,6bba_32db13fc,6bba_32db13fc:115,union|6bba_32db13fc:115|7,0,0.04608776908644747
forest_rich,6bba_32db13fc,6bba_32db13fc:115,union|6bba_32db13fc:115|8,0,0.007940352772003516
forest_rich,6bba_32db13fc,6bba_32db13fc:115,union|6bba_32db13fc:115|9,0,0.005417957439206061
forest_rich,6bba_32db13fc,6bba_32db13fc:115,union|6bba_32db13fc:115|10,0,0.004457703357242032
forest_rich,6bba_32db13fc,6bba_32db13fc:115,union|6bba_32db13fc:115|11,0,0.026086521348541794
forest_rich,6bba_32db13fc,6bba_32db13fc:115,union|6bba_32db13fc:115|12,0,0.04308726983532415
forest_rich,6bba_32db13fc,6bba_32db13fc:115,union|6bba_32db13fc:115|13,0,0.10516951296982849
forest_rich,6bba_32db13fc,6bba_32db13fc:115,union|6bba_32db13fc:115|14,0,0.1808625874863548
forest_rich,6bba_32db13fc,6bba_32db13fc:115,union|6bba_32db13fc:115|15,0,0.07158500726930304
forest_rich,6bba_32db13fc,6bba_32db13fc:115,union|6bba_32db13fc:115|16,0,0.023571187436297207
forest_rich,6bba_32db13fc,6bba_32db13fc:115,union|6bba_32db13fc:115|17,0,0.009775849321770076
forest_rich,6bba_32db13fc,6bba_32db13fc:115,union|6bba_32db13fc:115|18,0,0.18457187533056282
forest_rich,6bba_32db13fc,6bba_32db13fc:115,union|6bba_32db13fc:115|19,0,0.06486324556504036
forest_rich,6bba_32db13fc,6bba_32db13fc:115,union|6bba_32db13fc:115|20,0,0.02001089449527389
forest_rich,6bba_32db13fc,6bba_32db13fc:115,union|6bba_32db13fc:115|21,0,0.014216978546489123
forest_rich,6bba_32db13fc,6bba_32db13fc:115,union|6bba_32db13fc:115|22,0,0.07445527172401137
forest_rich,6bba_32db13fc,6bba_32db13fc:115,union|6bba_32db13fc:115|23,0,0.043967149818556976
forest_rich,6bba_32db13fc,6bba_32db13fc:115,union|6bba_32db13fc:115|24,0,0.004457703357242032
forest_rich,6bba_32db13fc,6bba_32db13fc:115,union|6bba_32db13fc:115|25,0,0.004457703357242032
forest_rich,6bba_32db13fc,6bba_32db13fc:115,union|6bba_32db13fc:115|26,0,0.004457703357242032
forest_rich,6bba_32db13fc,6bba_32db13fc:115,union|6bba_32db13fc:115|27,0,0.004457703357242032
forest_rich,6bba_32db13fc,6bba_32db13fc:115,union|6bba_32db13fc:115|28,0,0.011200376303544833
forest_rich,6bba_32db13fc,6bba_32db13fc:115,union|6bba_32db13fc:115|29,0,0.022414619946295483
forest_rich,6bba_32db13fc,6bba_32db13fc:115,union|6bba_32db13fc:115|30,0,0.05135489841412225
forest_rich,6bba_32db13fc,6bba_32db13fc:115,union|6bba_32db13fc:115|31,0,0.026462100913768924
forest_rich,6bba_32db13fc,6bba_32db13fc:115,union|6bba_32db13fc:115|32,0,0.10472828456365434
forest_rich,6bba_32db13fc,6bba_32db13fc:115,union|6bba_32db13fc:115|33,0,0.048294538970242974
forest_rich,6bba_32db13fc,6bba_32db13fc:115,union|6bba_32db13fc:115|34,0,0.048294538970242974
forest_rich,6bba_32db13fc,6bba_32db13fc:115,union|6bba_32db13fc:115|35,0,0.010082078848592009
forest_rich,6bba_32db13fc,6bba_32db13fc:115,union|6bba_32db13fc:115|36,0,0.0018587360594795536
forest_rich,6bba_32db13fc,6bba_32db13fc:115,union|6bba_32db13fc:115|37,0,0.005341385474241037
forest_rich,6bba_32db13fc,6bba_32db13fc:115,union|6bba_32db13fc:115|38,0,0.05195554468902652
forest_rich,6bba_32db13fc,6bba_32db13fc:115,union|6bba_32db13fc:115|39,0,0.12356701144110017
forest_rich,6bba_32db13fc,6bba_32db13fc:115,union|6bba_32db13fc:115|40,0,0.009775849321770076
forest_rich,6bba_32db13fc,6bba_32db13fc:115,union|6bba_32db13fc:115|41,0,0.04837756332287635
forest_rich,6bba_32db13fc,6bba_32db13fc:115,union|6bba_32db13fc:115|42,0,0.005341385474241037
forest_rich,6bba_32db13fc,6bba_32db13fc:115,union|6bba_32db13fc:115|43,0,0.018923709804398302
forest_rich,6bba_32db13fc,6bba_32db13fc:115,union|6bba_32db13fc:115|44,0,0.0018587360594795536
forest_rich,6bba_32db13fc,6bba_32db13fc:115,union|6bba_32db13fc:115|45,0,0.0018587360594795536
forest_rich,6bba_32db13fc,6bba_32db13fc:115,union|6bba_32db13fc:115|46,0,0.01586335036051902
forest_rich,6bba_32db13fc,6bba_32db13fc:115,union|6bba_32db13fc:115|47,0,0.025739766201057637
forest_rich,6bba_32db13fc,6bba_32db13fc:115,union|6bba_32db13fc:115|48,0,0.012844496862753681
forest_rich,6bba_32db13fc,6bba_32db13fc:115,union|6bba_32db13fc:115|49,0,0.008265122027850012
forest_rich,6bba_32db13fc,6bba_32db13fc:115,union|6bba_32db13fc:115|50,0,0.04505544433584005
forest_rich,6bba_32db13fc,6bba_32db13fc:115,union|6bba_32db13fc:115|51,0,0.007696746094507482
forest_rich,6bba_32db13fc,6bba_32db13fc:115,union|6bba_32db13fc:115|52,0,0.21489595493287586
forest_rich,6bba_32db13fc,6bba_32db13fc:115,union|6bba_32db13fc:115|53,0,0.24262459181758103
forest_rich,6bba_32db13fc,6bba_32db13fc:115,union|6bba_32db13fc:115|54,0,0.09422025132995372
forest_rich,6bba_32db13fc,6bba_32db13fc:115,union|6bba_32db13fc:115|55,0,0.684845466164721
forest_rich,6bba_32db13fc,6bba_32db13fc:115,union|6bba_32db13fc:115|56,0,0.21978277789006986
forest_rich,6bba_32db13fc,6bba_32db13fc:115,union|6bba_32db13fc:115|57,0,0.21495671767659444
forest_rich,6bba_32db13fc,6bba_32db13fc:115,union|6bba_32db13fc:115|58,0,0.20360016062866731
forest_rich,6bba_32db13fc,6bba_32db13fc:115,union|6bba_32db13fc:115|59,0,0.06866462509839809
forest_rich,6bba_32db13fc,6bba_32db13fc:115,union|6bba_32db13fc:115|60,0,0.009775849321770076
forest_rich,6bba_32db13fc,6bba_32db13fc:115,union|6bba_32db13fc:115|61,1,0.21771156462545357
forest_rich,6bba_32db13fc,6bba_32db13fc:115,union|6bba_32db13fc:115|62,0,0.028108490835406907
forest_rich,6bba_32db13fc,6bba_32db13fc:115,union|6bba_32db13fc:115|63,0,0.0018587360594795536
forest_rich,6bba_32db13fc,6bba_32db13fc:115,union|6bba_32db13fc:115|64,0,0.013367516390135595
forest_rich,6bba_32db13fc,6bba_32db13fc:115,union|6bba_32db13fc:115|65,0,0.0018587360594795536
forest_rich,6bba_32db13fc,6bba_32db13fc:115,union|6bba_32db13fc:115|66,0,0.07086575908603893
forest_rich,6bba_32db13fc,6bba_32db13fc:115,union|6bba_32db13fc:115|67,0,0.14410391680894216
forest_rich,6bba_32db13fc,6bba_32db13fc:115,union|6bba_32db13fc:115|68,0,0.1950495721506346
forest_rich,6bba_32db13fc,6bba_32db13fc:115,union|6bba_32db13fc:115|69,0,0.006045166841438791
forest_rich,6bba_32db13fc,6bba_32db13fc:115,union|6bba_32db13fc:115|70,0,0.008969428659919138
forest_rich,6bba_32db13fc,6bba_32db13fc:115,union|6bba_32db13fc:115|71,0,0.0
forest_rich,6bba_32db13fc,6bba_32db13fc:115,union|6bba_32db13fc:115|72,0,0.07603700653169679
forest_rich,6bba_32db13fc,6bba_32db13fc:115,union|6bba_32db13fc:115|73,0,0.15358711570739336
forest_rich,6bba_32db13fc,6bba_32db13fc:115,union|6bba_32db13fc:115|74,0,0.10299704199213923
forest_rich,6bba_32db13fc,6bba_32db13fc:115,union|6bba_32db13fc:115|75,0,0.11681360716809686
forest_rich,6bba_32db13fc,6bba_32db13fc:115,union|6bba_32db13fc:115|76,0,0.001025068681318681
forest_rich,6bba_32db13fc,6bba_32db13fc:115,union|6bba_32db13fc:115|77,0,0.04754147856294941
forest_rich,6bba_32db13fc,6bba_32db13fc:115,union|6bba_32db13fc:115|78,0,0.019186177344418662
forest_rich,6bba_32db13fc,6bba_32db13fc:115,union|6bba_32db13fc:115|79,0,0.0012470473808531327
forest_rich,6bba_32db13fc,6bba_32db13fc:115,union|6bba_32db13fc:115|80,0,0.01963302151179689
forest_rich,6bba_32db13fc,6bba_32db13fc:115,union|6bba_32db13fc:115|81,0,0.0012470473808531327
forest_rich,6bba_32db13fc,6bba_32db13fc:115,union|6bba_32db13fc:115|82,0,0.001025068681318681
forest_rich,6bba_32db13fc,6bba_32db13fc:115,union|6bba_32db13fc:115|83,0,0.007454496183666392
forest_rich,6bba_32db13fc,6bba_32db13fc:115,union|6bba_32db13fc:115|84,0,0.0012470473808531327
forest_rich,6bba_32db13fc,6bba_32db13fc:115,union|6bba_32db13fc:115|85,0,0.07947995378324234
forest_rich,6bba_32db13fc,6bba_32db13fc:115,union|6bba_32db13fc:115|86,0,0.001025068681318681
forest_rich,6bba_32db13fc,6bba_32db13fc:115,union|6bba_32db13fc:115|87,0,0.0012470473808531327
forest_rich,6bba_32db13fc,6bba_32db13fc:115,union|6bba_32db13fc:115|88,0,0.04055925092704447
forest_rich,6bba_32db13fc,6bba_32db13fc:115,union|6bba_32db13fc:115|89,0,0.0012470473808531327
forest_rich,6bba_32db13fc,6bba_32db13fc:115,union|6bba_32db13fc:115|90,0,0.019186177344418662
forest_rich,6bba_32db13fc,6bba_32db13fc:115,union|6bba_32db13fc:115|91,0,0.0012470473808531327
forest_rich,6bba_32db13fc,6bba_32db13fc:115,union|6bba_32db13fc:115|92,0,0.1327899890133892
forest_rich,6bba_32db13fc,6bba_32db13fc:115,union|6bba_32db13fc:115|93,0,0.006215951964287952
forest_rich,6bba_32db13fc,6bba_32db13fc:115,union|6bba_32db13fc:115|94,0,0.10420995659425686
forest_rich,6bba_32db13fc,6bba_32db13fc:115,union|6bba_32db13fc:115|95,0,0.001025068681318681
forest_rich,6bba_32db13fc,6bba_32db13fc:115,union|6bba_32db13fc:115|96,0,0.08106830726961294
forest_rich,6bba_32db13fc,6bba_32db13fc:115,union|6bba_32db13fc:115|97,0,0.04633768445460644
forest_rich,6bba_32db13fc,6bba_32db13fc:115,union|6bba_32db13fc:115|98,0,0.0012470473808531327
forest_rich,6bba_32db13fc,6bba_32db13fc:115,union|6bba_32db13fc:115|99,0,0.0031057834403326865
forest_rich,6bba_32db13fc,6bba_32db13fc:115,union|6bba_32db13fc:115|100,0,0.003642437000580802
forest_rich,6bba_32db13fc,6bba_32db13fc:115,union|6bba_32db13fc:115|101,0,0.14218967922773132
forest_rich,6bba_32db13fc,6bba_32db13fc:115,union|6bba_32db13fc:115|102,0,0.05356361068103652
forest_rich,6bba_32db13fc,6bba_32db13fc:115,union|6bba_32db13fc:115|103,0,0.007454496183666392
forest_rich,6bba_32db13fc,6bba_32db13fc:115,union|6bba_32db13fc:115|104,0,0.0
forest_rich,6bba_32db13fc,6bba_32db13fc:115,union|6bba_32db13fc:115|105,0,0.007696746094507482
forest_rich,6bba_32db13fc,6bba_32db13fc:115,union|6bba_32db13fc:115|106,0,0.018896768761944106
forest_rich,6bba_32db13fc,6bba_32db13fc:115,union|6bba_32db13fc:115|107,0,0.11643338727132134
forest_rich,6bba_32db13fc,6bba_32db13fc:115,union|6bba_32db13fc:115|108,0,0.014254855017848704
forest_rich,6bba_32db13fc,6bba_32db13fc:115,union|6bba_32db13fc:115|109,0,0.11292397832536265
forest_rich,6bba_32db13fc,6bba_32db13fc:115,union|6bba_32db13fc:115|110,0,0.011126324860647416
forest_rich,6bba_32db13fc,6bba_32db13fc:115,union|6bba_32db13fc:115|111,0,0.012168923092829066
forest_rich,6bba_32db13fc,6bba_32db13fc:115,union|6bba_32db13fc:115|112,0,0.037661664570148974
forest_rich,6bba_32db13fc,6bba_32db13fc:115,union|6bba_32db13fc:115|113,0,0.0
forest_rich,6bba_32db13fc,6bba_32db13fc:115,union|6bba_32db13fc:115|114,0,0.0
forest_rich,6bba_32db13fc,6bba_32db13fc:115,union|6bba_32db13fc:115|115,0,0.002298057259713701
forest_rich,6bba_32db13fc,6bba_32db13fc:115,union|6bba_32db13fc:115|116,0,0.08170648246096741
forest_rich,6bba_32db13fc,6bba_32db13fc:115,union|6bba_32db13fc:115|117,0,0.012154142035715314
forest_rich,6bba_32db13fc,6bba_32db13fc:115,union|6bba_32db13fc:115|118,0,0.02934780954403487
forest_rich,6bba_32db13fc,6bba_32db13fc:115,union|6bba_32db13fc:115|119,0,0.011623509993799774
forest_rich,6bba_32db13fc,6bba_32db13fc:115,union|6bba_32db13fc:115|120,0,0.011032622994399765
forest_rich,6bba_32db13fc,6bba_32db13fc:115,union|6bba_32db13fc:115|121,0,0.012933955853998744
forest_rich,6bba_32db13fc,6bba_32db13fc:115,union|6bba_32db13fc:115|122,0,0.08377624614176699
forest_rich,6bba_32db13fc,6bba_32db13fc:115,union|6bba_32db13fc:115|123,0,0.007745990905184885
forest_rich,6bba_32db13fc,6bba_32db13fc:115,union|6bba_32db13fc:115|124,0,0.02747922749541086
forest_rich,6bba_32db13fc,6bba_32db13fc:115,union|6bba_32db13fc:115|125,0,0.0
forest_rich,6bba_32db13fc,6bba_32db13fc:115,union|6bba_32db13fc:115|126,0,0.0012470473808531327
forest_rich,6bba_32db13fc,6bba_32db13fc:115,union|6bba_32db13fc:115|127,0,0.0031057834403326865
forest_rich,6bba_32db13fc,6bba_32db13fc:115,union|6bba_32db13fc:115|128,0,0.010791456026367325
forest_rich,6bba_32db13fc,6bba_32db13fc:115,union|6bba_32db13fc:115|129,0,0.0031057834403326865
forest_rich,6bba_32db13fc,6bba_32db13fc:115,union|6bba_32db13fc:115|130,0,0.02064737867958234
forest_rich,6bba_32db13fc,6bba_32db13fc:115,union|6bba_32db13fc:115|131,0,0.04603833674257643
forest_rich,6bba_32db13fc,6bba_32db13fc:115,union|6bba_32db13fc:115|132,0,0.0
forest_rich,6bba_32db13fc,6bba_32db13fc:115,union|6bba_32db13fc:115|133,0,0.0
forest_rich,6bba_32db13fc,6bba_32db13fc:115,union|6bba_32db13fc:115|134,0,0.0
forest_rich,6bba_32db13fc,6bba_32db13fc:115,union|6bba_32db13fc:115|135,0,0.03337213129909262
forest_rich,6bba_32db13fc,6bba_32db13fc:115,union|6bba_32db13fc:115|136,0,0.0018587360594795536
forest_rich,6bba_32db13fc,6bba_32db13fc:115,union|6bba_32db13fc:115|137,0,0.008417486800581334
forest_rich,6bba_32db13fc,6bba_32db13fc:115,union|6bba_32db13fc:115|138,0,0.0018587360594795536
forest_rich,6bba_474be664,6bba_474be664:205,union|6bba_474be664:205|0,0,0.05634015732111545
forest_rich,6bba_474be664,6bba_474be664:205,union|6bba_474be664:205|1,0,0.16450273021786593
forest_rich,6bba_474be664,6bba_474be664:205,union|6bba_474be664:205|2,0,0.04755200565223292
forest_rich,6bba_474be664,6bba_474be664:205,union|6bba_474be664:205|3,0,0.0033146633316431906
forest_rich,6bba_474be664,6bba_474be664:205,union|6bba_474be664:205|4,0,0.0028842749074521165
forest_rich,6bba_474be664,6bba_474be664:205,union|6bba_474be664:205|5,0,0.021329612649097975
forest_rich,6bba_474be664,6bba_474be664:205,union|6bba_474be664:205|6,0,0.002611232676878191
forest_rich,6bba_474be664,6bba_474be664:205,union|6bba_474be664:205|7,0,0.06346167165385999
forest_rich,6bba_474be664,6bba_474be664:205,union|6bba_474be664:205|8,0,0.005669768665454952
forest_rich,6bba_474be664,6bba_474be664:205,union|6bba_474be664:205|9,0,0.19154722307206706
forest_rich,6bba_474be664,6bba_474be664:205,union|6bba_474be664:205|10,0,0.0
forest_rich,6bba_474be664,6bba_474be664:205,union|6bba_474be664:205|11,0,0.03396113822348225
forest_rich,6bba_474be664,6bba_474be664:205,union|6bba_474be664:205|12,0,0.05209948266410012
forest_rich,6bba_474be664,6bba_474be664:205,union|6bba_474be664:205|13,0,0.02695460248970381
forest_rich,6bba_474be664,6bba_474be664:205,union|6bba_474be664:205|14,0,0.0
forest_rich,6bba_474be664,6bba_474be664:205,union|6bba_474be664:205|15,0,0.0
forest_rich,6bba_474be664,6bba_474be664:205,union|6bba_474be664:205|16,0,0.0
forest_rich,6bba_474be664,6bba_474be664:205,union|6bba_474be664:205|17,0,0.0
forest_rich,6bba_474be664,6bba_474be664:205,union|6bba_474be664:205|18,0,0.05386311326445114
forest_rich,6bba_474be664,6bba_474be664:205,union|6bba_474be664:205|19,0,0.0
forest_rich,6bba_474be664,6bba_474be664:205,union|6bba_474be664:205|20,0,0.0
forest_rich,6bba_474be664,6bba_474be664:205,union|6bba_474be664:205|21,0,0.0075900555747190936
forest_rich,6bba_474be664,6bba_474be664:205,union|6bba_474be664:205|22,0,0.005035315883314274
forest_rich,6bba_474be664,6bba_474be664:205,union|6bba_474be664:205|23,0,0.0009535192563081
forest_rich,6bba_474be664,6bba_474be664:205,union|6bba_474be664:205|24,0,0.1027933023910357
forest_rich,6bba_474be664,6bba_474be664:205,union|6bba_474be664:205|25,0,0.09372727742553716
forest_rich,6bba_474be664,6bba_474be664:205,union|6bba_474be664:205|26,0,0.08438787551746717
forest_rich,6bba_474be664,6bba_474be664:205,union|6bba_474be664:205|27,0,0.00941046322439094
forest_rich,6bba_474be664,6bba_474be664:205,union|6bba_474be664:205|28,0,0.0994260324784534
forest_rich,6bba_474be664,6bba_474be664:205,union|6bba_474be664:205|29,0,0.00864745958331559
forest_rich,6bba_474be664,6bba_474be664:205,union|6bba_474be664:205|30,0,0.0
forest_rich,6bba_474be664,6bba_474be664:205,union|6bba_474be664:205|31,0,0.0
forest_rich,6bba_474be664,6bba_474be664:205,union|6bba_474be664:205|32,0,0.16263431386099247
forest_rich,6bba_474be664,6bba_474be664:205,union|6bba_474be664:205|33,0,0.10369558949167201
forest_rich,6bba_474be664,6bba_474be664:205,union|6bba_474be664:205|34,0,0.0028842749074521165
forest_rich,6bba_474be664,6bba_474be664:205,union|6bba_474be664:205|35,0,0.24495595726770655
forest_rich,6bba_474be664,6bba_474be664:205,union|6bba_474be664:205|36,0,0.0035340746753752227
forest_rich,6bba_474be664,6bba_474be664:205,union|6bba_474be664:205|37,1,0.6966223158503232
forest_rich,6bba_474be664,6bba_474be664:205,union|6bba_474be664:205|38,0,0.330197770627615
forest_rich,6bba_474be664,6bba_474be664:205,union|6bba_474be664:205|39,0,0.1289712280716407
forest_rich,6bba_474be664,6bba_474be664:205,union|6bba_474be664:205|40,0,0.0004380994431770806
forest_rich,6bba_474be664,6bba_474be664:205,union|6bba_474be664:205|41,0,0.02499992018943213
forest_rich,6bba_474be664,6bba_474be664:205,union|6bba_474be664:205|42,0,0.44301126760013904
forest_rich,6bba_474be664,6bba_474be664:205,union|6bba_474be664:205|43,0,0.022116474067536897
forest_rich,6bba_474be664,6bba_474be664:205,union|6bba_474be664:205|44,0,0.0
forest_rich,6bba_474be664,6bba_474be664:205,union|6bba_474be664:205|45,0,0.021169591539607954
forest_rich,6bba_474be664,6bba_474be664:205,union|6bba_474be664:205|46,0,0.0030599692465402358
forest_rich,6bba_474be664,6bba_474be664:205,union|6bba_474be664:205|47,0,0.0
forest_rich,6bba_474be664,6bba_474be664:205,union|6bba_474be664:205|48,0,0.005669768665454952
forest_rich,6bba_474be664,6bba_474be664:205,union|6bba_474be664:205|49,0,0.08838246550870138
forest_rich,6bba_474be664,6bba_474be664:205,union|6bba_474be664:205|50,0,0.1451107480811765
forest_rich,6bba_474be664,6bba_474be664:205,union|6bba_474be664:205|51,0,0.015086529535926279
forest_rich,6bba_474be664,6bba_474be664:205,union|6bba_474be664:205|52,0,0.19267409525254603
forest_rich,6bba_474be664,6bba_474be664:205,union|6bba_474be664:205|53,0,0.0008285754073248857
forest_rich,6bba_474be664,6bba_474be664:205,union|6bba_474be664:205|54,0,0.0056760663115353405
forest_rich,6bba_474be664,6bba_474be664:205,union|6bba_474be664:205|55,0,0.010541404836130495
forest_rich,6bba_474be664,6bba_474be664:205,union|6bba_474be664:205|56,0,0.00864745958331559
forest_rich,6bba_474be664,6bba_474be664:205,union|6bba_474be664:205|57,0,0.0
forest_rich,6bba_474be664,6bba_474be664:205,union|6bba_474be664:205|58,0,0.0008285754073248857
forest_rich,6bba_474be664,6bba_474be664:205,union|6bba_474be664:205|59,0,0.1549603047522804
forest_rich,6bba_474be664,6bba_474be664:205,union|6bba_474be664:205|60,0,0.05041921363629386
forest_rich,6bba_474be664,6bba_474be664:205,union|6bba_474be664:205|61,0,0.0004380994431770806
forest_rich,6bba_474be664,6bba_474be664:205,union|6bba_474be664:205|62,0,0.1635587483756429
forest_rich,6bba_474be664,6bba_474be664:205,union|6bba_474be664:205|63,0,0.0028842749074521165
forest_rich,6bba_474be664,6bba_474be664:205,union|6bba_474be664:205|64,0,0.0028842749074521165
forest_rich,6bba_474be664,6bba_474be664:205,union|6bba_474be664:205|65,0,0.24880461925364533
forest_rich,6bba_474be664,6bba_474be664:205,union|6bba_474be664:205|66,0,0.002937881034766848
forest_rich,6bba_474be664,6bba_474be664:205,union|6bba_474be664:205|67,0,0.01779953804689866
forest_rich,6bba_474be664,6bba_474be664:205,union|6bba_474be664:205|68,0,0.13129142874207386
forest_rich,6bba_474be664,6bba_474be664:205,union|6bba_474be664:205|69,0,0.0028842749074521165
forest_rich,6bba_474be664,6bba_474be664:205,union|6bba_474be664:205|70,0,0.08097563596933362
forest_rich,6bba_474be664,6bba_474be664:205,union|6bba_474be664:205|71,0,0.005822155942218964
forest_rich,6bba_474be664,6bba_474be664:205,union|6bba_474be664:205|72,0,0.0
forest_rich,6bba_474be664,6bba_474be664:205,union|6bba_474be664:205|73,0,0.06186160323075166
forest_rich,6bba_474be664,6bba_474be664:205,union|6bba_474be664:205|74,0,0.0
forest_rich,6bba_474be664,6bba_474be664:205,union|6bba_474be664:205|75,0,0.0
forest_rich,6bba_474be664,6bba_474be664:205,union|6bba_474be664:205|76,0,0.0
forest_rich,6bba_474be664,6bba_474be664:205,union|6bba_474be664:205|77,0,0.6802359693750228
forest_rich,6bba_474be664,6bba_474be664:205,union|6bba_474be664:205|78,0,0.31204434057343144
forest_rich,6bba_474be664,6bba_474be664:205,union|6bba_474be664:205|79,0,0.516116806917317
forest_rich,6bba_474be664,6bba_474be664:205,union|6bba_474be664:205|80,0,0.009920290103768261
forest_rich,6bba_474be664,6bba_474be664:205,union|6bba_474be664:205|81,0,0.44228125205261504
forest_rich,6bba_474be664,6bba_474be664:205,union|6bba_474be664:205|82,0,0.6432401558004509
forest_rich,6bba_474be664,6bba_474be664:205,union|6bba_474be664:205|83,0,0.18049196109827093
forest_rich,6bba_474be664,6bba_474be664:205,union|6bba_474be664:205|84,0,0.0
forest_rich,6bba_474be664,6bba_474be664:205,union|6bba_474be664:205|85,0,0.0
forest_rich,6bba_474be664,6bba_474be664:205,union|6bba_474be664:205|86,0,0.011620821594548907
forest_rich,6bba_474be664,6bba_474be664:205,union|6bba_474be664:205|87,0,0.0
forest_rich,6bba_474be664,6bba_474be664:205,union|6bba_474be664:205|88,0,0.003095975232198142
forest_rich,6bba_474be664,6bba_474be664:205,union|6bba_474be664:205|89,0,0.03586939117217897
forest_rich,6bba_474be664,6bba_474be664:205,union|6bba_474be664:205|90,0,0.05816851542649875
forest_rich,6bba_474be664,6bba_474be664:205,union|6bba_474be664:205|91,0,0.06065026558614144
forest_rich,6bba_474be664,6bba_474be664:205,union|6bba_474be664:205|92,0,0.0
forest_rich,6bba_474be664,6bba_474be664:205,union|6bba_474be664:205|93,0,0.008774539241264746
forest_rich,6bba_474be664,6bba_474be664:205,union|6bba_474be664:205|94,0,0.32063406610907064
forest_rich,6bba_474be664,6bba_474be664:205,union|6bba_474be664:205|95,0,0.10676394893829529
forest_rich,6bba_474be664,6bba_474be664:205,union|6bba_474be664:205|96,0,0.3031812787916323
forest_rich,6bba_474be664,6bba_474be664:205,union|6bba_474be664:205|97,0,0.10567904195894999
forest_rich,6bba_474be664,6bba_474be664:205,union|6bba_474be664:205|98,0,0.5059215665421762
forest_rich,6bba_474be664,6bba_474be664:205,union|6bba_474be664:205|99,0,0.13176378082333712
forest_rich,6bba_474be664,6bba_474be664:205,union|6bba_474be664:205|100,0,0.20197341014554884
forest_rich,6bba_474be664,6bba_474be664:205,union|6bba_474be664:205|101,0,0.020917004545278554
forest_rich,6bba_474be664,6bba_474be664:205,union|6bba_474be664:205|102,0,0.015468218448996488
forest_rich,6bba_474be664,6bba_474be664:205,union|6bba_474be664:205|103,0,0.055995571227979185
forest_rich,6bba_474be664,6bba_474be664:205,union|6bba_474be664:205|104,0,0.0
forest_rich,6bba_474be664,6bba_474be664:205,union|6bba_474be664:205|105,0,0.005713545138522431
forest_rich,6bba_474be664,6bba_474be664:205,union|6bba_474be664:205|106,0,0.10561051474204848
forest_rich,6bba_474be664,6bba_474be664:205,union|6bba_474be664:205|107,0,0.4036624213748789
forest_rich,6bba_474be664,6bba_474be664:205,union|6bba_474be664:205|108,0,0.002829270231070315
forest_rich,6bba_474be664,6bba_474be664:205,union|6bba_474be664:205|109,0,0.0
forest_rich,6bba_474be664,6bba_474be664:205,union|6bba_474be664:205|110,0,0.006161544271733483
forest_rich,6bba_474be664,6bba_474be664:205,union|6bba_474be664:205|111,0,0.05703103200718426
forest_rich,6bba_474be664,6bba_474be664:205,union|6bba_474be664:205|112,0,0.012680357893475987
forest_rich,6bba_474be664,6bba_474be664:205,union|6bba_474be664:205|113,0,0.13408995639144522
forest_rich,6bba_474be664,6bba_474be664:205,union|6bba_474be664:205|114,0,0.14025283140292408
forest_rich,6bba_474be664,6bba_474be664:205,union|6bba_474be664:205|115,0,0.04030021236898638
forest_rich,6bba_474be664,6bba_474be664:205,union|6bba_474be664:205|116,0,0.0
forest_rich,6bba_474be664,6bba_474be664:205,union|6bba_474be664:205|117,0,0.019777568779905576
forest_rich,6bba_474be664,6bba_474be664:205,union|6bba_474be664:205|118,0,0.060933240150195654
forest_rich,6bba_474be664,6bba_474be664:205,union|6bba_474be664:205|119,0,0.0004380994431770806
forest_rich,6bba_474be664,6bba_474be664:205,union|6bba_474be664:205|120,0,0.06351831871514575
forest_rich,6bba_474be664,6bba_474be664:205,union|6bba_474be664:205|121,0,0.1613634638997973
forest_rich,6bba_474be664,6bba_474be664:205,union|6bba_474be664:205|122,0,0.008952113526415102
forest_rich,6bba_474be664,6bba_474be664:205,union|6bba_474be664:205|123,0,0.021218902069121432
forest_rich,6bba_474be664,6bba_474be664:205,union|6bba_474be664:205|124,0,0.023246249306063095
forest_rich,6bba_474be664,6bba_474be664:205,union|6bba_474be664:205|125,0,0.17858866023423392
forest_rich,6bba_474be664,6bba_474be664:205,union|6bba_474be664:205|126,0,0.11413119095118811
forest_rich,6bba_474be664,6bba_474be664:205,union|6bba_474be664:205|127,0,0.05319675162968302
forest_rich,6bba_474be664,6bba_474be664:205,union|6bba_474be664:205|128,0,0.0
forest_rich,6bba_474be664,6bba_474be664:205,union|6bba_474be664:205|129,0,0.0
forest_rich,6bba_474be664,6bba_474be664:205,union|6bba_474be664:205|130,0,0.006700128541083238
forest_rich,6bba_474be664,6bba_474be664:205,union|6bba_474be664:205|131,0,0.0072545481400329015
forest_rich,6bba_474be664,6bba_474be664:205,union|6bba_474be664:205|132,0,0.1544555470732879
forest_rich,6bba_474be664,6bba_474be664:205,union|6bba_474be664:205|133,0,0.003392020914514451
forest_rich,6bba_474be664,6bba_474be664:205,union|6bba_474be664:205|134,0,0.03756843185764105
forest_rich,6bba_474be664,6bba_474be664:205,union|6bba_474be664:205|135,0,0.0035474006540172484
forest_rich,6bba_474be664,6bba_474be664:205,union|6bba_474be664:205|136,0,0.013034820154882032
forest_rich,6bba_474be664,6bba_474be664:205,union|6bba_474be664:205|137,0,0.0
forest_rich,6bba_474be664,6bba_474be664:205,union|6bba_474be664:205|138,0,0.006182654013238107
forest_rich,6bba_474be664,6bba_474be664:205,union|6bba_474be664:205|139,0,0.0
forest_rich,6bba_474be664,6bba_474be664:205,union|6bba_474be664:205|140,0,0.0
forest_rich,6bba_474be664,6bba_474be664:205,union|6bba_474be664:205|141,0,0.007069327799075999
forest_rich,6bba_474be664,6bba_474be664:205,union|6bba_474be664:205|142,0,0.0
forest_rich,6bba_474be664,6bba_474be664:205,union|6bba_474be664:205|143,0,0.0
forest_rich,6bba_5c039895,6bba_5c039895:121,union|6bba_5c039895:121|0,0,0.1240999004094414
forest_rich,6bba_5c039895,6bba_5c039895:121,union|6bba_5c039895:121|1,0,0.004971351338322724
forest_rich,6bba_5c039895,6bba_5c039895:121,union|6bba_5c039895:121|2,0,0.0
forest_rich,6bba_5c039895,6bba_5c039895:121,union|6bba_5c039895:121|3,0,0.1515729740594867
forest_rich,6bba_5c039895,6bba_5c039895:121,union|6bba_5c039895:121|4,0,0.0
forest_rich,6bba_5c039895,6bba_5c039895:121,union|6bba_5c039895:121|5,0,0.16491557386977249
forest_rich,6bba_5c039895,6bba_5c039895:121,union|6bba_5c039895:121|6,0,0.11204380560211445
forest_rich,6bba_5c039895,6bba_5c039895:121,union|6bba_5c039895:121|7,1,0.5652007562776802
forest_rich,6bba_5c039895,6bba_5c039895:121,union|6bba_5c039895:121|8,0,0.0
forest_rich,6bba_5c039895,6bba_5c039895:121,union|6bba_5c039895:121|9,0,0.4686561047870585
forest_rich,6bba_5c039895,6bba_5c039895:121,union|6bba_5c039895:121|10,0,0.21287647803151916
forest_rich,6bba_5c039895,6bba_5c039895:121,union|6bba_5c039895:121|11,0,0.023188629023044454
forest_rich,6bba_5c039895,6bba_5c039895:680,union|6bba_5c039895:680|0,0,0.10667300806805019
forest_rich,6bba_5c039895,6bba_5c039895:680,union|6bba_5c039895:680|1,0,0.06604291521925673
forest_rich,6bba_5c039895,6bba_5c039895:680,union|6bba_5c039895:680|2,0,0.5267695081683411
forest_rich,6bba_5c039895,6bba_5c039895:680,union|6bba_5c039895:680|3,0,0.00469433023035774
forest_rich,6bba_5c039895,6bba_5c039895:680,union|6bba_5c039895:680|4,0,0.005820421821319689
forest_rich,6bba_5c039895,6bba_5c039895:680,union|6bba_5c039895:680|5,1,0.654353094121318
forest_rich,6bba_5c039895,6bba_5c039895:680,union|6bba_5c039895:680|6,0,0.08072793840117773
forest_rich,6bba_5c039895,6bba_5c039895:680,union|6bba_5c039895:680|7,0,0.0
forest_rich,6bba_705ec2c9,6bba_705ec2c9:250,union|6bba_705ec2c9:250|0,0,0.01737798712289177
forest_rich,6bba_705ec2c9,6bba_705ec2c9:250,union|6bba_705ec2c9:250|1,0,0.010774677970858019
forest_rich,6bba_705ec2c9,6bba_705ec2c9:250,union|6bba_705ec2c9:250|2,0,0.018630658262251912
forest_rich,6bba_705ec2c9,6bba_705ec2c9:250,union|6bba_705ec2c9:250|3,0,0.030812966773680638
forest_rich,6bba_705ec2c9,6bba_705ec2c9:250,union|6bba_705ec2c9:250|4,0,0.468281517089164
forest_rich,6bba_705ec2c9,6bba_705ec2c9:250,union|6bba_705ec2c9:250|5,0,0.3276960608878592
forest_rich,6bba_705ec2c9,6bba_705ec2c9:250,union|6bba_705ec2c9:250|6,0,0.10793013843511218
forest_rich,6bba_705ec2c9,6bba_705ec2c9:250,union|6bba_705ec2c9:250|7,0,0.08383121387118987
forest_rich,6bba_705ec2c9,6bba_705ec2c9:250,union|6bba_705ec2c9:250|8,1,0.6723946366062568
forest_rich,6bba_705ec2c9,6bba_705ec2c9:250,union|6bba_705ec2c9:250|9,0,0.038191281932802745
forest_rich,6bba_705ec2c9,6bba_705ec2c9:250,union|6bba_705ec2c9:250|10,0,0.012139059873089815
forest_rich,6bba_705ec2c9,6bba_705ec2c9:250,union|6bba_705ec2c9:250|11,0,0.11214636915700223
forest_rich,6bba_705ec2c9,6bba_705ec2c9:250,union|6bba_705ec2c9:250|12,0,0.03557250796427065
forest_rich,6bba_705ec2c9,6bba_705ec2c9:250,union|6bba_705ec2c9:250|13,0,0.0021019805230331544
forest_rich,6bba_7af54fde,6bba_7af54fde:556,union|6bba_7af54fde:556|0,0,0.005326009195253841
forest_rich,6bba_7af54fde,6bba_7af54fde:556,union|6bba_7af54fde:556|1,1,0.14114824668932177
forest_rich,6bba_7af54fde,6bba_7af54fde:556,union|6bba_7af54fde:556|2,0,0.02682455446398785
forest_rich,6bba_7af54fde,6bba_7af54fde:556,union|6bba_7af54fde:556|3,0,0.0019917669411019614
forest_rich,6bba_7af54fde,6bba_7af54fde:556,union|6bba_7af54fde:556|4,0,0.1716037012261863
forest_rich,6bba_7af54fde,6bba_7af54fde:556,union|6bba_7af54fde:556|5,0,0.2528935023659237
forest_rich,6bba_7af54fde,6bba_7af54fde:556,union|6bba_7af54fde:556|6,0,0.1598326610718774
forest_rich,6bba_7af54fde,6bba_7af54fde:556,union|6bba_7af54fde:556|7,0,0.02800257739822588
forest_rich,6bba_7af54fde,6bba_7af54fde:556,union|6bba_7af54fde:556|8,0,0.059029271617660244
forest_rich,6bba_7af54fde,6bba_7af54fde:556,union|6bba_7af54fde:556|9,0,0.10813621889731806
forest_rich,6bba_7af54fde,6bba_7af54fde:556,union|6bba_7af54fde:556|10,0,0.1786087127241217
forest_rich,6bba_7af54fde,6bba_7af54fde:556,union|6bba_7af54fde:556|11,0,0.0018375646163353058
forest_rich,6bba_7af54fde,6bba_7af54fde:556,union|6bba_7af54fde:556|12,0,0.0037245711212986676
forest_rich,6bba_7af54fde,6bba_7af54fde:556,union|6bba_7af54fde:556|13,0,0.05430677620606718
forest_rich,6bba_7af54fde,6bba_7af54fde:556,union|6bba_7af54fde:556|14,0,0.003850558516089363
forest_rich,6bba_7af54fde,6bba_7af54fde:556,union|6bba_7af54fde:556|15,0,0.006096434697452517
forest_rich,6bba_7af54fde,6bba_7af54fde:556,union|6bba_7af54fde:556|16,0,0.006096434697452517
forest_rich,6bba_7af54fde,6bba_7af54fde:556,union|6bba_7af54fde:556|17,0,0.036069397519468395
forest_rich,6bba_7af54fde,6bba_7af54fde:590,union|6bba_7af54fde:590|0,0,0.0028212039532794233
forest_rich,6bba_7af54fde,6bba_7af54fde:590,union|6bba_7af54fde:590|1,0,0.009563673755168518
forest_rich,6bba_7af54fde,6bba_7af54fde:590,union|6bba_7af54fde:590|2,0,0.009563673755168518
forest_rich,6bba_7af54fde,6bba_7af54fde:590,union|6bba_7af54fde:590|3,0,0.07289633957730882
forest_rich,6bba_7af54fde,6bba_7af54fde:590,union|6bba_7af54fde:590|4,0,0.014548979891445135
forest_rich,6bba_7af54fde,6bba_7af54fde:590,union|6bba_7af54fde:590|5,0,0.0010843373493975906
forest_rich,6bba_7af54fde,6bba_7af54fde:590,union|6bba_7af54fde:590|6,0,0.3623656329396381
forest_rich,6bba_7af54fde,6bba_7af54fde:590,union|6bba_7af54fde:590|7,0,0.4058200424049147
forest_rich,6bba_7af54fde,6bba_7af54fde:590,union|6bba_7af54fde:590|8,0,0.354499188737209
forest_rich,6bba_7af54fde,6bba_7af54fde:590,union|6bba_7af54fde:590|9,0,0.010826895526258129
forest_rich,6bba_7af54fde,6bba_7af54fde:590,union|6bba_7af54fde:590|10,1,0.1361937777390846
forest_rich,6bba_7af54fde,6bba_7af54fde:590,union|6bba_7af54fde:590|11,0,0.0
forest_rich,6bba_7af54fde,6bba_7af54fde:590,union|6bba_7af54fde:590|12,0,0.37263423429185283
forest_rich,6bba_7af54fde,6bba_7af54fde:590,union|6bba_7af54fde:590|13,0,0.1998894969102598
forest_rich,6bba_7af54fde,6bba_7af54fde:590,union|6bba_7af54fde:590|14,0,0.17049056648793948
forest_rich,6bba_7af54fde,6bba_7af54fde:590,union|6bba_7af54fde:590|15,0,0.009563673755168518
forest_rich,6bba_7af54fde,6bba_7af54fde:590,union|6bba_7af54fde:590|16,0,0.20486885216466663
forest_rich,6bba_7af54fde,6bba_7af54fde:590,union|6bba_7af54fde:590|17,0,0.04507743687083672
forest_rich,6bba_7af54fde,6bba_7af54fde:590,union|6bba_7af54fde:590|18,0,0.097141812442224
forest_rich,6bba_7af54fde,6bba_7af54fde:590,union|6bba_7af54fde:590|19,0,0.1093440231491889
forest_rich,6bba_7af54fde,6bba_7af54fde:590,union|6bba_7af54fde:590|20,0,0.009563673755168518
forest_rich,6bba_7af54fde,6bba_7af54fde:590,union|6bba_7af54fde:590|21,0,0.2149087507680738
forest_rich,6bba_7af54fde,6bba_7af54fde:590,union|6bba_7af54fde:590|22,0,0.00841139297422063
forest_rich,6bba_7af54fde,6bba_7af54fde:590,union|6bba_7af54fde:590|23,0,0.0026807438977140647
forest_rich,6bba_7af54fde,6bba_7af54fde:590,union|6bba_7af54fde:590|24,0,0.011279677646861498
forest_rich,6bba_7af54fde,6bba_7af54fde:590,union|6bba_7af54fde:590|25,0,0.0550117778412832
forest_rich,6bba_7af54fde,6bba_7af54fde:590,union|6bba_7af54fde:590|26,0,0.01469753746433299
forest_rich,6bba_7af54fde,6bba_7af54fde:590,union|6bba_7af54fde:590|27,0,0.07094069169600024
forest_rich,6bba_7af54fde,6bba_7af54fde:590,union|6bba_7af54fde:590|28,0,0.006015024752791484
forest_rich,6bba_7af54fde,6bba_7af54fde:590,union|6bba_7af54fde:590|29,0,0.006135864120111496
forest_rich,6bba_7af54fde,6bba_7af54fde:590,union|6bba_7af54fde:590|30,0,0.010794946122143498
forest_rich,6bba_907271db,6bba_907271db:902,union|6bba_907271db:902|0,1,0.12619983339849358
forest_rich,6bba_afb141ff,6bba_afb141ff:115,union|6bba_afb141ff:115|0,1,0.26773818622257195
forest_rich,6bba_afb141ff,6bba_afb141ff:115,union|6bba_afb141ff:115|1,0,0.20647562459279933
forest_rich,6bba_afb141ff,6bba_afb141ff:115,union|6bba_afb141ff:115|2,0,0.2528628830976574
forest_rich,6bba_afb141ff,6bba_afb141ff:115,union|6bba_afb141ff:115|3,0,0.022074190025701608
forest_rich,6bba_afb141ff,6bba_afb141ff:115,union|6bba_afb141ff:115|4,0,0.16745610884835999
forest_rich,6bba_afb141ff,6bba_afb141ff:115,union|6bba_afb141ff:115|5,0,0.008321676141068553
forest_rich,6bba_afb141ff,6bba_afb141ff:115,union|6bba_afb141ff:115|6,0,0.5662780149835064
forest_rich,6bba_afb141ff,6bba_afb141ff:115,union|6bba_afb141ff:115|7,0,0.07932132109895736
forest_rich,6bba_afb141ff,6bba_afb141ff:115,union|6bba_afb141ff:115|8,0,0.01644677299046149
forest_rich,6bba_afb141ff,6bba_afb141ff:115,union|6bba_afb141ff:115|9,0,0.0031322334400393993
forest_rich,6bba_afb141ff,6bba_afb141ff:115,union|6bba_afb141ff:115|10,0,0.5382268477202782
forest_rich,6bba_afb141ff,6bba_afb141ff:115,union|6bba_afb141ff:115|11,0,0.06751100044513797
forest_rich,6bba_afb141ff,6bba_afb141ff:115,union|6bba_afb141ff:115|12,0,0.0
forest_rich,6bba_afb141ff,6bba_afb141ff:115,union|6bba_afb141ff:115|13,0,0.0
forest_rich,6bba_afb141ff,6bba_afb141ff:115,union|6bba_afb141ff:115|14,0,0.02454298275866042
forest_rich,6bba_afb141ff,6bba_afb141ff:115,union|6bba_afb141ff:115|15,0,0.08333418648376431
forest_rich,6bba_afb141ff,6bba_afb141ff:115,union|6bba_afb141ff:115|16,0,0.07680598600828022
forest_rich,6bba_afb141ff,6bba_afb141ff:115,union|6bba_afb141ff:115|17,0,0.007418948376217901
forest_rich,6bba_afb141ff,6bba_afb141ff:304,union|6bba_afb141ff:304|0,0,0.0032310543161745238
forest_rich,6bba_afb141ff,6bba_afb141ff:304,union|6bba_afb141ff:304|1,1,0.34440267049220147
forest_rich,6bba_afb141ff,6bba_afb141ff:304,union|6bba_afb141ff:304|2,0,0.013902754753997135
forest_rich,6bba_afb141ff,6bba_afb141ff:304,union|6bba_afb141ff:304|3,0,0.2268169561527347
forest_rich,6bba_afb141ff,6bba_afb141ff:304,union|6bba_afb141ff:304|4,0,0.0377403798208626
forest_rich,6bba_afb141ff,6bba_afb141ff:304,union|6bba_afb141ff:304|5,0,0.09234732761654865
forest_rich,6bba_d1acb6ff,6bba_d1acb6ff:414,union|6bba_d1acb6ff:414|0,1,0.6543356301135638
forest_rich,6bba_d1acb6ff,6bba_d1acb6ff:414,union|6bba_d1acb6ff:414|1,0,0.004885261475272318
forest_rich,6bba_d1acb6ff,6bba_d1acb6ff:414,union|6bba_d1acb6ff:414|2,0,0.004811633960514006
forest_rich,6bba_d1acb6ff,6bba_d1acb6ff:414,union|6bba_d1acb6ff:414|3,0,0.6099053509898593
forest_rich,6bba_d1acb6ff,6bba_d1acb6ff:414,union|6bba_d1acb6ff:414|4,0,0.020266545898989862
forest_rich,6bba_d1acb6ff,6bba_d1acb6ff:414,union|6bba_d1acb6ff:414|5,0,0.005835275593773232
forest_rich,6bba_d1acb6ff,6bba_d1acb6ff:414,union|6bba_d1acb6ff:414|6,0,0.026084023388126643
forest_rich,6bba_d1acb6ff,6bba_d1acb6ff:414,union|6bba_d1acb6ff:414|7,0,0.015565835357284546
forest_rich,6bba_d1acb6ff,6bba_d1acb6ff:414,union|6bba_d1acb6ff:414|8,0,0.11282510271695947
forest_rich,6bba_d1acb6ff,6bba_d1acb6ff:414,union|6bba_d1acb6ff:414|9,0,0.15612314934902838
forest_rich,6bba_d1acb6ff,6bba_d1acb6ff:414,union|6bba_d1acb6ff:414|10,0,0.5813026871379292
forest_rich,6bba_d1acb6ff,6bba_d1acb6ff:414,union|6bba_d1acb6ff:414|11,0,0.12413202170787582
forest_rich,6bba_d1acb6ff,6bba_d1acb6ff:414,union|6bba_d1acb6ff:414|12,0,0.010704611867709884
forest_rich,6bba_d1acb6ff,6bba_d1acb6ff:414,union|6bba_d1acb6ff:414|13,0,0.028097679591148783
forest_rich,6bba_d1acb6ff,6bba_d1acb6ff:414,union|6bba_d1acb6ff:414|14,0,0.06279929521079061
forest_rich,6bba_d1acb6ff,6bba_d1acb6ff:414,union|6bba_d1acb6ff:414|15,0,0.15652491606253502
forest_rich,6bba_d1acb6ff,6bba_d1acb6ff:414,union|6bba_d1acb6ff:414|16,0,0.0024281038924865955
forest_rich,6bba_d1acb6ff,6bba_d1acb6ff:414,union|6bba_d1acb6ff:414|17,0,0.005086964059611586
forest_rich,6bba_d1acb6ff,6bba_d1acb6ff:414,union|6bba_d1acb6ff:414|18,0,0.0
forest_rich,6bba_d1acb6ff,6bba_d1acb6ff:414,union|6bba_d1acb6ff:414|19,0,0.03001840061165357
forest_rich,6bba_d1acb6ff,6bba_d1acb6ff:414,union|6bba_d1acb6ff:414|20,0,0.2559518421393939
forest_rich,6bba_d1acb6ff,6bba_d1acb6ff:414,union|6bba_d1acb6ff:414|21,0,0.0242187764301939
forest_rich,6bba_d1acb6ff,6bba_d1acb6ff:414,union|6bba_d1acb6ff:414|22,0,0.21110037960346886
forest_rich,6bba_d1acb6ff,6bba_d1acb6ff:414,union|6bba_d1acb6ff:414|23,0,0.015055728791142631
forest_rich,6bba_d1acb6ff,6bba_d1acb6ff:414,union|6bba_d1acb6ff:414|24,0,0.010133812906146806
forest_rich,6bba_d1acb6ff,6bba_d1acb6ff:414,union|6bba_d1acb6ff:414|25,0,0.0
forest_rich,6bba_e16ffc58,6bba_e16ffc58:331,union|6bba_e16ffc58:331|0,0,0.2786887130508626
forest_rich,6bba_e16ffc58,6bba_e16ffc58:331,union|6bba_e16ffc58:331|1,0,0.0967545204136059
forest_rich,6bba_e16ffc58,6bba_e16ffc58:331,union|6bba_e16ffc58:331|2,0,0.3384802124132679
forest_rich,6bba_e16ffc58,6bba_e16ffc58:331,union|6bba_e16ffc58:331|3,0,0.6861008890497291
forest_rich,6bba_e16ffc58,6bba_e16ffc58:331,union|6bba_e16ffc58:331|4,0,0.2089597943735824
forest_rich,6bba_e16ffc58,6bba_e16ffc58:331,union|6bba_e16ffc58:331|5,0,0.027223166414564078
forest_rich,6bba_e16ffc58,6bba_e16ffc58:331,union|6bba_e16ffc58:331|6,0,0.2989839358683416
forest_rich,6bba_e16ffc58,6bba_e16ffc58:331,union|6bba_e16ffc58:331|7,0,0.04464397001035938
forest_rich,6bba_e16ffc58,6bba_e16ffc58:331,union|6bba_e16ffc58:331|8,1,0.5311954718298583
forest_rich,6bba_e16ffc58,6bba_e16ffc58:331,union|6bba_e16ffc58:331|9,0,0.4672557151273843
forest_rich,6bba_e16ffc58,6bba_e16ffc58:331,union|6bba_e16ffc58:331|10,0,0.13100748706106613
forest_rich,6bba_e16ffc58,6bba_e16ffc58:331,union|6bba_e16ffc58:331|11,0,0.038933832118955375
forest_rich,6bba_e16ffc58,6bba_e16ffc58:331,union|6bba_e16ffc58:331|12,0,0.3332783990106384
forest_rich,6bba_e16ffc58,6bba_e16ffc58:331,union|6bba_e16ffc58:331|13,0,0.009903687772948864
forest_rich,6bba_e16ffc58,6bba_e16ffc58:331,union|6bba_e16ffc58:331|14,0,0.005384659996730159
forest_rich,6bba_e16ffc58,6bba_e16ffc58:331,union|6bba_e16ffc58:331|15,0,0.00256535151810359
forest_rich,6bba_e16ffc58,6bba_e16ffc58:331,union|6bba_e16ffc58:331|16,0,0.00256535151810359
forest_rich,6bba_e16ffc58,6bba_e16ffc58:331,union|6bba_e16ffc58:331|17,0,0.00256535151810359
forest_rich,6bba_e16ffc58,6bba_e16ffc58:331,union|6bba_e16ffc58:331|18,0,0.6258299899730513
forest_rich,6bba_e16ffc58,6bba_e16ffc58:331,union|6bba_e16ffc58:331|19,0,0.11958053523709067
forest_rich,6bba_e16ffc58,6bba_e16ffc58:331,union|6bba_e16ffc58:331|20,0,0.015446608697147797
forest_rich,6bba_e16ffc58,6bba_e16ffc58:331,union|6bba_e16ffc58:331|21,0,0.3684554141282578
forest_rich,6bba_e16ffc58,6bba_e16ffc58:331,union|6bba_e16ffc58:331|22,0,0.11046389257430901
forest_rich,6bba_e16ffc58,6bba_e16ffc58:331,union|6bba_e16ffc58:331|23,0,0.005117168519248756
forest_rich,6bba_e16ffc58,6bba_e16ffc58:331,union|6bba_e16ffc58:331|24,0,0.18572729547896383
forest_rich,6bba_e16ffc58,6bba_e16ffc58:331,union|6bba_e16ffc58:331|25,0,0.026230859272571832
forest_rich,6bba_e16ffc58,6bba_e16ffc58:331,union|6bba_e16ffc58:331|26,0,0.045433452985277976
forest_rich,6bba_e16ffc58,6bba_e16ffc58:331,union|6bba_e16ffc58:331|27,0,0.024318759556472152
forest_rich,6bba_fe670320,6bba_fe670320:4,union|6bba_fe670320:4|0,1,0.473216144171346
forest_rich,6bba_fe670320,6bba_fe670320:4,union|6bba_fe670320:4|1,0,0.4176299990961582
forest_rich,6bba_fe670320,6bba_fe670320:4,union|6bba_fe670320:4|2,0,0.3771928276994212
forest_rich,6bba_fe670320,6bba_fe670320:519,union|6bba_fe670320:519|0,0,0.10482443715653474
forest_rich,6bba_fe670320,6bba_fe670320:519,union|6bba_fe670320:519|1,0,0.008754238551370155
forest_rich,6bba_fe670320,6bba_fe670320:519,union|6bba_fe670320:519|2,0,0.00678525434715878
forest_rich,6bba_fe670320,6bba_fe670320:519,union|6bba_fe670320:519|3,1,0.5078236179781591
forest_rich,6bba_fe670320,6bba_fe670320:519,union|6bba_fe670320:519|4,0,0.3985269383491878
forest_rich,6bba_fe670320,6bba_fe670320:519,union|6bba_fe670320:519|5,0,0.0543080198229946
forest_rich,6bba_fe670320,6bba_fe670320:519,union|6bba_fe670320:519|6,0,0.00678525434715878
forest_rich,6bba_fe670320,6bba_fe670320:519,union|6bba_fe670320:519|7,0,0.30971709724967716
