video,event_id,mode,candidate_index,candidate_id,label,parent_id,daughter1_id,daughter2_id,parent_distance_um,daughter_distance_um,volume_balance,parent_union_overlap,parent_union_parent_coverage,parent_union_daughter_coverage,volume_conservation,daughter_separation_score,focus_only_count,focus_instance_count,consensus_count,focus_quality_mean
44b6_2a2eff9f,44b6_2a2eff9f:13,pil_only,0,pil_only|44b6_2a2eff9f:13|0,0,p:11:539,p:12:1008,p:12:1009,12.691655723348314,13.101168840985142,,,,,,0.6550584420492571,0,0,0,
44b6_2a2eff9f,44b6_2a2eff9f:13,pil_only,1,pil_only|44b6_2a2eff9f:13|1,0,p:11:539,p:12:1008,p:12:1012,12.160386507015309,11.604821196382131,,,,,,0.5802410598191066,0,0,0,
44b6_2a2eff9f,44b6_2a2eff9f:13,pil_only,2,pil_only|44b6_2a2eff9f:13|2,0,p:11:539,p:12:1008,p:12:1013,12.481861840286488,16.809130703281475,,,,,,0.8404565351640738,0,0,0,
44b6_2a2eff9f,44b6_2a2eff9f:13,pil_only,3,pil_only|44b6_2a2eff9f:13|3,0,p:11:539,p:12:1008,p:12:1014,12.268480957314969,9.884489111734608,,,,,,0.4942244555867304,0,0,0,
44b6_2a2eff9f,44b6_2a2eff9f:13,pil_only,4,pil_only|44b6_2a2eff9f:13|4,0,p:11:539,p:12:1008,p:12:1042,13.498263777241872,14.259317129512198,,,,,,0.7129658564756098,0,0,0,
44b6_2a2eff9f,44b6_2a2eff9f:13,pil_only,5,pil_only|44b6_2a2eff9f:13|5,0,p:11:539,p:12:1008,p:12:1044,12.160386507015309,8.285906709588275,,,,,,0.4142953354794138,0,0,0,
44b6_2a2eff9f,44b6_2a2eff9f:13,pil_only,6,pil_only|44b6_2a2eff9f:13|6,0,p:11:539,p:12:1008,p:12:1068,12.160386507015309,12.160386507015309,,,,,,0.6080193253507654,0,0,0,
44b6_2a2eff9f,44b6_2a2eff9f:13,pil_only,7,pil_only|44b6_2a2eff9f:13|7,0,p:11:539,p:12:1009,p:12:1012,12.691655723348314,11.02128622257856,,,,,,0.551064311128928,0,0,0,
44b6_2a2eff9f,44b6_2a2eff9f:13,pil_only,8,pil_only|44b6_2a2eff9f:13|8,0,p:11:539,p:12:1009,p:12:1013,12.691655723348314,8.900491559458949,,,,,,0.4450245779729475,0,0,0,
44b6_2a2eff9f,44b6_2a2eff9f:13,pil_only,9,pil_only|44b6_2a2eff9f:13|9,0,p:11:539,p:12:1009,p:12:1014,12.691655723348314,6.894291116568838,,,,,,0.3447145558284419,0,0,0,
44b6_2a2eff9f,44b6_2a2eff9f:13,pil_only,10,pil_only|44b6_2a2eff9f:13|10,0,p:11:539,p:12:1009,p:12:1044,12.691655723348314,18.16805231718579,,,,,,0.9084026158592895,0,0,0,
44b6_2a2eff9f,44b6_2a2eff9f:13,pil_only,11,pil_only|44b6_2a2eff9f:13|11,0,p:11:539,p:12:1009,p:12:1068,12.691655723348314,12.691655723348314,,,,,,0.6345827861674157,0,0,0,
44b6_2a2eff9f,44b6_2a2eff9f:13,pil_only,12,pil_only|44b6_2a2eff9f:13|12,0,p:11:539,p:12:1012,p:12:1013,12.481861840286488,7.267220926874317,,,,,,0.36336104634371585,0,0,0,
44b6_2a2eff9f,44b6_2a2eff9f:13,pil_only,13,pil_only|44b6_2a2eff9f:13|13,0,p:11:539,p:12:1012,p:12:1014,12.268480957314969,13.978778558944269,,,,,,0.6989389279472135,0,0,0,
44b6_2a2eff9f,44b6_2a2eff9f:13,pil_only,14,pil_only|44b6_2a2eff9f:13|14,0,p:11:539,p:12:1012,p:12:1042,13.498263777241872,12.795262795269194,,,,,,0.6397631397634597,0,0,0,
44b6_2a2eff9f,44b6_2a2eff9f:13,pil_only,15,pil_only|44b6_2a2eff9f:13|15,0,p:11:539,p:12:1012,p:12:1044,10.017172754824587,12.691655723348314,,,,,,0.6345827861674157,0,0,0,
44b6_2a2eff9f,44b6_2a2eff9f:13,pil_only,16,pil_only|44b6_2a2eff9f:13|16,0,p:11:539,p:12:1012,p:12:1049,14.625,11.490485194281398,,,,,,0.5745242597140698,0,0,0,
44b6_2a2eff9f,44b6_2a2eff9f:13,pil_only,17,pil_only|44b6_2a2eff9f:13|17,0,p:11:539,p:12:1012,p:12:1068,9.613629647536875,9.613629647536875,,,,,,0.48068148237684377,0,0,0,
44b6_2a2eff9f,44b6_2a2eff9f:13,pil_only,18,pil_only|44b6_2a2eff9f:13|18,0,p:11:539,p:12:1013,p:12:1014,12.481861840286488,14.715000849473302,,,,,,0.7357500424736652,0,0,0,
44b6_2a2eff9f,44b6_2a2eff9f:13,pil_only,19,pil_only|44b6_2a2eff9f:13|19,0,p:11:539,p:12:1013,p:12:1042,13.498263777241872,19.63494970709118,,,,,,0.981747485354559,0,0,0,
44b6_2a2eff9f,44b6_2a2eff9f:13,pil_only,20,pil_only|44b6_2a2eff9f:13|20,0,p:11:539,p:12:1013,p:12:1044,12.481861840286488,19.02013735491939,,,,,,0.9510068677459695,0,0,0,
44b6_2a2eff9f,44b6_2a2eff9f:13,pil_only,21,pil_only|44b6_2a2eff9f:13|21,0,p:11:539,p:12:1013,p:12:1049,14.625,13.978778558944269,,,,,,0.6989389279472135,0,0,0,
44b6_2a2eff9f,44b6_2a2eff9f:13,pil_only,22,pil_only|44b6_2a2eff9f:13|22,0,p:11:539,p:12:1013,p:12:1068,12.481861840286488,12.481861840286488,,,,,,0.6240930920143244,0,0,0,
44b6_2a2eff9f,44b6_2a2eff9f:13,pil_only,23,pil_only|44b6_2a2eff9f:13|23,0,p:11:539,p:12:1014,p:12:1044,12.268480957314969,15.501512023025366,,,,,,0.7750756011512683,0,0,0,
44b6_2a2eff9f,44b6_2a2eff9f:13,pil_only,24,pil_only|44b6_2a2eff9f:13|24,1,p:11:539,p:12:1014,p:12:1068,12.268480957314969,12.268480957314969,,,,,,0.6134240478657484,0,0,0,
44b6_2a2eff9f,44b6_2a2eff9f:13,pil_only,25,pil_only|44b6_2a2eff9f:13|25,0,p:11:539,p:12:1042,p:12:1044,13.498263777241872,8.125,,,,,,0.40625,0,0,0,
44b6_2a2eff9f,44b6_2a2eff9f:13,pil_only,26,pil_only|44b6_2a2eff9f:13|26,0,p:11:539,p:12:1042,p:12:1049,14.625,13.201562407533435,,,,,,0.6600781203766718,0,0,0,
44b6_2a2eff9f,44b6_2a2eff9f:13,pil_only,27,pil_only|44b6_2a2eff9f:13|27,0,p:11:539,p:12:1042,p:12:1068,13.498263777241872,13.498263777241872,,,,,,0.6749131888620936,0,0,0,
44b6_2a2eff9f,44b6_2a2eff9f:13,pil_only,28,pil_only|44b6_2a2eff9f:13|28,0,p:11:539,p:12:1044,p:12:1049,14.625,18.022121822915302,,,,,,0.9011060911457651,0,0,0,
44b6_2a2eff9f,44b6_2a2eff9f:13,pil_only,29,pil_only|44b6_2a2eff9f:13|29,0,p:11:539,p:12:1044,p:12:1068,10.017172754824587,10.017172754824587,,,,,,0.5008586377412294,0,0,0,
44b6_2a2eff9f,44b6_2a2eff9f:13,pil_only,30,pil_only|44b6_2a2eff9f:13|30,0,p:11:539,p:12:1049,p:12:1068,14.625,14.625,,,,,,0.73125,0,0,0,
44b6_2a2eff9f,44b6_2a2eff9f:13,union,0,union|44b6_2a2eff9f:13|0,0,c:11:539:642,c:12:1008:654,c:12:1009:642,12.691655723348314,13.101168840985142,0.5865898807075277,0.04670684459750323,0.21570576540755468,0.056261343012704176,0.26082447498055483,0.6550584420492571,0,3,3,0.7757482120673315
44b6_2a2eff9f,44b6_2a2eff9f:13,union,1,union|44b6_2a2eff9f:13|1,0,c:11:539:642,c:12:1008:654,c:12:1012:635,12.160386507015309,11.604821196382131,0.5948169477581242,0.0877701047003787,0.39165009940357853,0.10162496775857621,0.2594789785916946,0.5802410598191066,0,3,3,0.7769162468079448
44b6_2a2eff9f,44b6_2a2eff9f:13,union,2,union|44b6_2a2eff9f:13|2,0,c:11:539:642,c:12:1008:654,c:12:1013:648,12.481861840286488,16.809130703281475,0.9864253393665159,0.0,0.0,0.0,0.2083247049078484,0.8404565351640738,0,3,3,0.7746610217102763
44b6_2a2eff9f,44b6_2a2eff9f:13,union,3,union|44b6_2a2eff9f:13|3,0,c:11:539:642,c:12:1008:654,c:12:1014:622,12.268480957314969,9.884489111734608,0.6585767174002468,0.09000432713111207,0.4135188866799205,0.10317460317460317,0.24950396825396826,0.4942244555867304,0,3,3,0.7830292494394328
44b6_2a2eff9f,44b6_2a2eff9f:13,union,4,union|44b6_2a2eff9f:13|4,0,c:11:539:642,c:12:1008:654,c:12:1042:560,13.498263777241872,14.259317129512198,0.8438042346407497,0.07102898796406171,0.4165009940357853,0.07887801204819277,0.18938253012048192,0.7129658564756098,0,3,3,0.7154258712474779
44b6_2a2eff9f,44b6_2a2eff9f:13,union,5,union|44b6_2a2eff9f:13|5,0,c:11:539:642,c:12:1008:654,c:12:1044:658,12.160386507015309,8.285906709588275,0.9842105263157894,0.19453993933265926,0.9562624254473161,0.1962864721485411,0.20526423178943073,0.4142953354794138,0,3,3,0.7201525397450875
44b6_2a2eff9f,44b6_2a2eff9f:13,union,6,union|44b6_2a2eff9f:13|6,0,c:11:539:642,c:12:1008:654,c:12:1068:636,12.160386507015309,12.160386507015309,0.4664747017688194,0.09774255523535062,0.40457256461232605,0.11416549789621318,0.2821879382889201,0.6080193253507654,0,3,3,0.6633037254801423
44b6_2a2eff9f,44b6_2a2eff9f:13,union,7,union|44b6_2a2eff9f:13|7,0,c:11:539:642,c:12:1008:654,f:12:673,12.160386507015309,18.227494010855565,0.1423282599753188,0.0010584810796507012,0.003976143141153081,0.0014404033129276198,0.3622614332012964,0.9113747005427782,1,3,2,0.47603719823364976
44b6_2a2eff9f,44b6_2a2eff9f:13,union,8,union|44b6_2a2eff9f:13|8,0,c:11:539:642,c:12:1008:654,f:12:675,13.709331703570628,19.35089891752891,0.12505141916906623,0.024089789214344376,0.0874751491053678,0.03217550274223035,0.36782449725776967,0.9675449458764455,1,3,2,0.47603719823364976
44b6_2a2eff9f,44b6_2a2eff9f:13,union,9,union|44b6_2a2eff9f:13|9,0,c:11:539:642,c:12:1009:642,c:12:1012:635,12.691655723348314,11.02128622257856,0.9861687413554634,0.13524590163934427,0.4592445328031809,0.16086350974930363,0.3502785515320334,0.551064311128928,0,3,3,0.7872577757740014
44b6_2a2eff9f,44b6_2a2eff9f:13,union,10,union|44b6_2a2eff9f:13|10,0,c:11:539:642,c:12:1009:642,c:12:1013:648,12.691655723348314,8.900491559458949,0.5946622185154296,0.1873156342182891,0.757455268389662,0.19926778242677826,0.2630753138075314,0.4450245779729475,0,3,3,0.7850025506763328
44b6_2a2eff9f,44b6_2a2eff9f:13,union,11,union|44b6_2a2eff9f:13|11,0,c:11:539:642,c:12:1009:642,c:12:1014:622,12.691655723348314,6.894291116568838,0.8906933166770769,0.1602416570771001,0.5536779324055666,0.18401057152296002,0.33234225305583087,0.3447145558284419,0,3,3,0.7933707784054893
44b6_2a2eff9f,44b6_2a2eff9f:13,union,12,union|44b6_2a2eff9f:13|12,0,c:11:539:642,c:12:1009:642,c:12:1044:658,12.691655723348314,18.16805231718579,0.5773279352226721,0.0,0.0,0.0,0.2582135523613963,0.9084026158592895,0,3,3,0.7304940687111441
44b6_2a2eff9f,44b6_2a2eff9f:13,union,13,union|44b6_2a2eff9f:13|13,0,c:11:539:642,c:12:1009:642,c:12:1068:636,12.691655723348314,12.691655723348314,0.7952314165497896,0.022948938611589215,0.07952286282306163,0.03125,0.39296875,0.6345827861674157,0,3,3,0.6736452544461988
44b6_2a2eff9f,44b6_2a2eff9f:13,union,14,union|44b6_2a2eff9f:13|14,0,c:11:539:642,c:12:1009:642,f:12:620,13.797361876794504,15.063459096267051,0.3870967741935484,0.022267899965741692,0.06461232604373758,0.03286147623862487,0.5085945399393327,0.7531729548133526,1,3,2,0.6294142030864706
44b6_2a2eff9f,44b6_2a2eff9f:13,union,15,union|44b6_2a2eff9f:13|15,0,c:11:539:642,c:12:1009:642,f:12:673,12.691655723348314,10.05878812539631,0.2426367461430575,0.06314580941446613,0.16401590457256462,0.09311512415349887,0.5677200902934537,0.5029394062698155,1,3,2,0.48637872719970626
44b6_2a2eff9f,44b6_2a2eff9f:13,union,16,union|44b6_2a2eff9f:13|16,0,c:11:539:642,c:12:1012:635,c:12:1013:648,12.481861840286488,7.267220926874317,0.6030025020850709,0.16223340522405943,0.672962226640159,0.17611862643080126,0.26170655567117584,0.36336104634371585,0,3,3,0.786170585416946
44b6_2a2eff9f,44b6_2a2eff9f:13,union,17,union|44b6_2a2eff9f:13|17,0,c:11:539:642,c:12:1012:635,c:12:1014:622,12.268480957314969,13.978778558944269,0.9031855090568395,0.039763981528989224,0.1540755467196819,0.0508697079094191,0.33016081391532653,0.6989389279472135,0,3,3,0.7945388131461026
44b6_2a2eff9f,44b6_2a2eff9f:13,union,18,union|44b6_2a2eff9f:13|18,0,c:11:539:642,c:12:1012:635,c:12:1042:560,13.498263777241872,12.795262795269194,0.5019090593543908,0.07347020933977455,0.3628230616302187,0.08435405592789462,0.2324936445574301,0.6397631397634597,0,3,3,0.7269354349541478
44b6_2a2eff9f,44b6_2a2eff9f:13,union,19,union|44b6_2a2eff9f:13|19,0,c:11:539:642,c:12:1012:635,c:12:1044:658,10.017172754824587,12.691655723348314,0.5854251012145749,0.0492432317203155,0.22962226640159045,0.05898876404494382,0.2568947906026558,0.6345827861674157,0,3,3,0.7316621034517574
44b6_2a2eff9f,44b6_2a2eff9f:13,union,20,union|44b6_2a2eff9f:13|20,0,c:11:539:642,c:12:1012:635,c:12:1049:667,14.625,11.490485194281398,0.9993089149965446,0.11783256880733944,0.4085487077534791,0.1420670584168683,0.3477359142758382,0.5745242597140698,0,3,3,0.6664119740302636
44b6_2a2eff9f,44b6_2a2eff9f:13,union,21,union|44b6_2a2eff9f:13|21,0,c:11:539:642,c:12:1012:635,c:12:1068:636,9.613629647536875,9.613629647536875,0.7842323651452282,0.13624841571609633,0.4274353876739563,0.16666666666666666,0.38992248062015505,0.48068148237684377,0,3,3,0.674813289186812
44b6_2a2eff9f,44b6_2a2eff9f:13,union,22,union|44b6_2a2eff9f:13|22,0,c:11:539:642,c:12:1012:635,f:12:620,13.797361876794504,13.255106682350405,0.3817427385892116,0.03514817367332874,0.10139165009940358,0.05105105105105105,0.5035035035035035,0.6627553341175203,1,3,2,0.6305822378270839
44b6_2a2eff9f,44b6_2a2eff9f:13,union,23,union|44b6_2a2eff9f:13|23,0,c:11:539:642,c:12:1012:635,f:12:673,9.806768869583921,14.159273817028971,0.2392807745504841,0.01083815028901734,0.02982107355864811,0.016741071428571428,0.5613839285714286,0.7079636908514486,1,3,2,0.4875467619403196
44b6_2a2eff9f,44b6_2a2eff9f:13,union,24,union|44b6_2a2eff9f:13|24,0,c:11:539:642,c:12:1012:635,f:12:675,13.709331703570628,12.779339737004799,0.21023513139695713,0.11173860427591771,0.2753479125248509,0.15828571428571428,0.5748571428571428,0.6389669868502399,1,3,2,0.4875467619403196
44b6_2a2eff9f,44b6_2a2eff9f:13,union,25,union|44b6_2a2eff9f:13|25,0,c:11:539:642,c:12:1013:648,c:12:1014:622,12.481861840286488,14.715000849473302,0.6676396997497915,0.01955591770217967,0.09542743538767395,0.024006001500375095,0.2515628907226807,0.7357500424736652,0,3,3,0.7922835880484339
44b6_2a2eff9f,44b6_2a2eff9f:13,union,26,union|44b6_2a2eff9f:13|26,0,c:11:539:642,c:12:1013:648,c:12:1042:560,13.498263777241872,19.63494970709118,0.8323498785144047,0.0,0.0,0.0,0.1905663951505967,0.981747485354559,0,3,3,0.7246802098564791
44b6_2a2eff9f,44b6_2a2eff9f:13,union,27,union|44b6_2a2eff9f:13|27,0,c:11:539:642,c:12:1013:648,c:12:1044:658,12.481861840286488,19.02013735491939,0.9708502024291498,0.0,0.0,0.0,0.2066557107641742,0.9510068677459695,0,3,3,0.7294068783540887
44b6_2a2eff9f,44b6_2a2eff9f:13,union,28,union|44b6_2a2eff9f:13|28,0,c:11:539:642,c:12:1013:648,c:12:1049:667,14.625,13.978778558944269,0.603419516263553,0.06358254768691077,0.2882703777335984,0.0754226267880364,0.2616384915474642,0.6989389279472135,0,3,3,0.6641567489325949
44b6_2a2eff9f,44b6_2a2eff9f:13,union,29,union|44b6_2a2eff9f:13|29,0,c:11:539:642,c:12:1013:648,c:12:1068:636,12.481861840286488,12.481861840286488,0.47289407839866554,0.028325402220711535,0.1242544731610338,0.03539071347678369,0.28482446206115514,0.6240930920143244,0,3,3,0.6725580640891433
44b6_2a2eff9f,44b6_2a2eff9f:13,union,30,union|44b6_2a2eff9f:13|30,0,c:11:539:642,c:12:1013:648,f:12:620,13.797361876794504,8.547951508414194,0.23019182652210174,0.21723076923076923,0.7017892644135189,0.2393220338983051,0.3410169491525424,0.42739757542070966,1,3,2,0.6283270127294153
44b6_2a2eff9f,44b6_2a2eff9f:13,union,31,union|44b6_2a2eff9f:13|31,0,c:11:539:642,c:12:1013:648,f:12:673,12.481861840286488,11.230322819604906,0.14428690575479566,0.04865771812080537,0.17296222664015903,0.06341107871720117,0.36661807580174927,0.5615161409802453,1,3,2,0.4852915368426509
44b6_2a2eff9f,44b6_2a2eff9f:13,union,32,union|44b6_2a2eff9f:13|32,0,c:11:539:642,c:12:1013:648,f:12:675,13.709331703570628,17.69357956057568,0.1267723102585488,0.0024330900243309003,0.008946322067594433,0.0033308660251665434,0.37231680236861586,0.884678978028784,1,3,2,0.4852915368426509
44b6_2a2eff9f,44b6_2a2eff9f:13,union,33,union|44b6_2a2eff9f:13|33,0,c:11:539:642,c:12:1014:622,c:12:1044:658,12.268480957314969,15.501512023025366,0.6481781376518219,0.023176138653768642,0.1143141153081511,0.02824858757062147,0.24711373126995825,0.7750756011512683,0,3,3,0.7377751060832453
44b6_2a2eff9f,44b6_2a2eff9f:13,union,34,union|44b6_2a2eff9f:13|34,1,c:11:539:642,c:12:1014:622,c:12:1068:636,12.268480957314969,12.268480957314969,0.7083073079325422,0.19330143540669856,0.6023856858846919,0.22157221206581354,0.36782449725776967,0.6134240478657484,0,3,3,0.6809262918183
44b6_2a2eff9f,44b6_2a2eff9f:13,union,35,union|44b6_2a2eff9f:13|35,0,c:11:539:642,c:12:1014:622,f:12:620,13.797361876794504,19.918757841846485,0.3447845096814491,0.0,0.0,0.0,0.46725499303297724,0.9959378920923243,1,3,2,0.6366952404585718
44b6_2a2eff9f,44b6_2a2eff9f:13,union,36,union|44b6_2a2eff9f:13|36,0,c:11:539:642,c:12:1014:622,f:12:673,12.268480957314969,12.148918321561952,0.2161149281698938,0.13402457757296468,0.34691848906560635,0.17925012840267077,0.5166923472008218,0.6074459160780976,1,3,2,0.4936597645718075
44b6_2a2eff9f,44b6_2a2eff9f:13,union,37,union|44b6_2a2eff9f:13|37,0,c:11:539:642,c:12:1042:560,c:12:1044:658,13.498263777241872,8.125,0.8573412009718847,0.18225776455272458,0.974155069582505,0.183143337693889,0.18800224257148196,0.40625,0,3,3,0.6701717278912905
44b6_2a2eff9f,44b6_2a2eff9f:13,union,38,union|44b6_2a2eff9f:13|38,0,c:11:539:642,c:12:1042:560,c:12:1049:667,14.625,13.201562407533435,0.5022561610551892,0.05749405233941316,0.2882703777335984,0.06700554528650647,0.23243992606284658,0.6600781203766718,0,3,3,0.6049215984697968
44b6_2a2eff9f,44b6_2a2eff9f:13,union,39,union|44b6_2a2eff9f:13|39,0,c:11:539:642,c:12:1042:560,c:12:1068:636,13.498263777241872,13.498263777241872,0.3936133287053107,0.06807062327164433,0.31809145129224653,0.07970112079701121,0.25056039850560397,0.6749131888620936,0,3,3,0.6133229136263452
44b6_2a2eff9f,44b6_2a2eff9f:13,union,40,union|44b6_2a2eff9f:13|40,0,c:11:539:642,c:12:1042:560,f:12:675,13.709331703570628,7.811661182461725,0.1055189170426935,0.2140787949015064,0.7345924453280318,0.23202511773940346,0.31585557299843015,0.3905830591230862,1,3,2,0.4260563863798527
44b6_2a2eff9f,44b6_2a2eff9f:13,union,41,union|44b6_2a2eff9f:13|41,0,c:11:539:642,c:12:1044:658,c:12:1049:667,14.625,18.022121822915302,0.58582995951417,0.004488879820444807,0.02186878727634195,0.005616543272912944,0.25682920602501913,0.9011060911457651,0,3,3,0.6096482669674064
44b6_2a2eff9f,44b6_2a2eff9f:13,union,42,union|44b6_2a2eff9f:13|42,0,c:11:539:642,c:12:1044:658,c:12:1068:636,10.017172754824587,10.017172754824587,0.4591093117408907,0.1525,0.6063618290258449,0.16925638179800223,0.279134295227525,0.5008586377412294,0,3,3,0.6180495821239548
44b6_2a2eff9f,44b6_2a2eff9f:13,union,43,union|44b6_2a2eff9f:13|43,0,c:11:539:642,c:12:1044:658,f:12:673,10.017172754824587,19.285019259235142,0.14008097165991903,0.0,0.0,0.0,0.3572443181818182,0.964250962961757,1,3,2,0.43078305487746227
44b6_2a2eff9f,44b6_2a2eff9f:13,union,44,union|44b6_2a2eff9f:13|44,0,c:11:539:642,c:12:1044:658,f:12:675,13.709331703570628,13.926832810804674,0.12307692307692308,0.08,0.2783300198807157,0.10093727469358327,0.36265320836337417,0.6963416405402337,1,3,2,0.43078305487746227
44b6_2a2eff9f,44b6_2a2eff9f:13,union,45,union|44b6_2a2eff9f:13|45,0,c:11:539:642,c:12:1049:667,c:12:1068:636,14.625,14.625,0.783690393918452,0.0749175906502847,0.2485089463220676,0.09686168151879117,0.3897714064316157,0.73125,0,3,3,0.552799452702461
44b6_2a2eff9f,44b6_2a2eff9f:13,union,46,union|44b6_2a2eff9f:13|46,0,c:11:539:642,c:12:1049:667,f:12:620,14.625,13.336868576192938,0.38147892190739463,0.057353976073187894,0.16202783300198806,0.0815407703851926,0.5032516258129065,0.6668434288096469,1,3,2,0.5085684013427328
44b6_2a2eff9f,44b6_2a2eff9f:13,union,47,union|44b6_2a2eff9f:13|47,0,c:11:539:642,c:12:1049:667,f:12:673,14.625,19.580354734490697,0.23911541119557705,0.00035739814152966406,0.0009940357852882703,0.0005577244841048522,0.5610708310094813,0.9790177367245348,1,3,2,0.36553292545596855
44b6_2a2eff9f,44b6_2a2eff9f:13,union,48,union|44b6_2a2eff9f:13|48,0,c:11:539:642,c:12:1049:667,f:12:675,14.625,6.535395990950102,0.2100898410504492,0.4233350542075374,0.8151093439363817,0.4683038263849229,0.5745288406624786,0.32676979954750507,1,3,2,0.36553292545596855
44b6_2a2eff9f,44b6_2a2eff9f:13,union,49,union|44b6_2a2eff9f:13|49,0,c:11:539:642,c:12:1068:636,f:12:620,13.797361876794504,13.797361876794504,0.48677248677248675,0.020857034508911642,0.05467196819085487,0.03262158956109134,0.5966785290628707,0.6898680938397252,1,3,2,0.5169697164992813
44b6_2a2eff9f,44b6_2a2eff9f:13,union,50,union|44b6_2a2eff9f:13|50,0,c:11:539:642,c:12:1068:636,f:12:673,9.806768869583921,9.806768869583921,0.30511463844797176,0.20096618357487922,0.4135188866799205,0.2810810810810811,0.6797297297297298,0.4903384434791961,1,3,2,0.37393424061251695
44b6_2a2eff9f,44b6_2a2eff9f:13,union,51,union|44b6_2a2eff9f:13|51,0,c:11:539:642,c:12:1068:636,f:12:675,13.709331703570628,13.709331703570628,0.26807760141093473,0.15610217596972564,0.32803180914512925,0.22948539638386647,0.6995827538247567,0.6854665851785314,1,3,2,0.37393424061251695
44b6_2a2eff9f,44b6_2a2eff9f:13,union,52,union|44b6_2a2eff9f:13|52,0,c:11:539:642,f:12:620,f:12:673,13.797361876794504,10.437024419225809,0.6268115942028986,0.16953316953316952,0.27435387673956263,0.30734966592427615,0.8926441351888668,0.5218512209612904,2,3,1,0.3297031892527888
44b6_2a2eff9f,44b6_2a2eff9f:13,union,53,union|44b6_2a2eff9f:13|53,0,c:11:539:642,f:12:620,f:12:675,13.797361876794504,17.99154376054121,0.5507246376811594,0.003232758620689655,0.005964214711729622,0.007009345794392523,0.8508946322067594,0.8995771880270604,2,3,1,0.3297031892527888
44b6_587a1e22,44b6_587a1e22:24,pil_only,0,pil_only|44b6_587a1e22:24|0,0,p:19:28,p:20:237,p:20:245,14.351611407782752,9.613629647536875,,,,,,0.48068148237684377,0,0,0,
44b6_587a1e22,44b6_587a1e22:24,pil_only,1,pil_only|44b6_587a1e22:24|1,0,p:19:28,p:20:237,p:20:246,14.625,15.501512023025366,,,,,,0.7750756011512683,0,0,0,
44b6_587a1e22,44b6_587a1e22:24,pil_only,2,pil_only|44b6_587a1e22:24|2,0,p:19:28,p:20:237,p:20:253,14.351611407782752,17.273986945693807,,,,,,0.8636993472846903,0,0,0,
44b6_587a1e22,44b6_587a1e22:24,pil_only,3,pil_only|44b6_587a1e22:24|3,0,p:19:28,p:20:237,p:20:273,14.351611407782752,17.50178562318714,,,,,,0.8750892811593569,0,0,0,
44b6_587a1e22,44b6_587a1e22:24,pil_only,4,pil_only|44b6_587a1e22:24|4,0,p:19:28,p:20:237,p:20:274,14.351611407782752,19.5,,,,,,0.975,0,0,0,
44b6_587a1e22,44b6_587a1e22:24,pil_only,5,pil_only|44b6_587a1e22:24|5,0,p:19:28,p:20:245,p:20:246,14.625,10.277402395547233,,,,,,0.5138701197773616,0,0,0,
44b6_587a1e22,44b6_587a1e22:24,pil_only,6,pil_only|44b6_587a1e22:24|6,0,p:19:28,p:20:245,p:20:253,8.75089281159357,11.941262496067994,,,,,,0.5970631248033997,0,0,0,
44b6_587a1e22,44b6_587a1e22:24,pil_only,7,pil_only|44b6_587a1e22:24|7,0,p:19:28,p:20:245,p:20:265,15.501512023025366,19.90210416011332,,,,,,0.995105208005666,0,0,0,
44b6_587a1e22,44b6_587a1e22:24,pil_only,8,pil_only|44b6_587a1e22:24|8,0,p:19:28,p:20:245,p:20:273,7.44668550430324,11.604821196382131,,,,,,0.5802410598191066,0,0,0,
44b6_587a1e22,44b6_587a1e22:24,pil_only,9,pil_only|44b6_587a1e22:24|9,0,p:19:28,p:20:245,p:20:274,11.941262496067994,14.072912811497128,,,,,,0.7036456405748563,0,0,0,
44b6_587a1e22,44b6_587a1e22:24,pil_only,10,pil_only|44b6_587a1e22:24|10,0,p:19:28,p:20:246,p:20:273,14.625,14.804454566109486,,,,,,0.7402227283054743,0,0,0,
44b6_587a1e22,44b6_587a1e22:24,pil_only,11,pil_only|44b6_587a1e22:24|11,0,p:19:28,p:20:246,p:20:274,14.625,11.604821196382131,,,,,,0.5802410598191066,0,0,0,
44b6_587a1e22,44b6_587a1e22:24,pil_only,12,pil_only|44b6_587a1e22:24|12,0,p:19:28,p:20:253,p:20:265,15.501512023025366,9.475296829123613,,,,,,0.47376484145618064,0,0,0,
44b6_587a1e22,44b6_587a1e22:24,pil_only,13,pil_only|44b6_587a1e22:24|13,0,p:19:28,p:20:253,p:20:272,15.754959536603069,10.65583760199075,,,,,,0.5327918800995375,0,0,0,
44b6_587a1e22,44b6_587a1e22:24,pil_only,14,pil_only|44b6_587a1e22:24|14,1,p:19:28,p:20:253,p:20:273,8.75089281159357,14.259317129512198,,,,,,0.7129658564756098,0,0,0,
44b6_587a1e22,44b6_587a1e22:24,pil_only,15,pil_only|44b6_587a1e22:24|15,0,p:19:28,p:20:253,p:20:286,13.498263777241872,17.04314378276496,,,,,,0.852157189138248,0,0,0,
44b6_587a1e22,44b6_587a1e22:24,pil_only,16,pil_only|44b6_587a1e22:24|16,0,p:19:28,p:20:265,p:20:272,15.754959536603069,6.700046641628698,,,,,,0.33500233208143493,0,0,0,
44b6_587a1e22,44b6_587a1e22:24,pil_only,17,pil_only|44b6_587a1e22:24|17,0,p:19:28,p:20:265,p:20:273,15.501512023025366,19.295805891436615,,,,,,0.9647902945718307,0,0,0,
44b6_587a1e22,44b6_587a1e22:24,pil_only,18,pil_only|44b6_587a1e22:24|18,0,p:19:28,p:20:265,p:20:286,15.501512023025366,17.35025215955088,,,,,,0.867512607977544,0,0,0,
44b6_587a1e22,44b6_587a1e22:24,pil_only,19,pil_only|44b6_587a1e22:24|19,0,p:19:28,p:20:272,p:20:273,15.754959536603069,18.52785065786099,,,,,,0.9263925328930496,0,0,0,
44b6_587a1e22,44b6_587a1e22:24,pil_only,20,pil_only|44b6_587a1e22:24|20,0,p:19:28,p:20:272,p:20:286,15.754959536603069,14.259317129512198,,,,,,0.7129658564756098,0,0,0,
44b6_587a1e22,44b6_587a1e22:24,pil_only,21,pil_only|44b6_587a1e22:24|21,0,p:19:28,p:20:273,p:20:274,11.941262496067994,7.267220926874317,,,,,,0.36336104634371585,0,0,0,
44b6_587a1e22,44b6_587a1e22:24,pil_only,22,pil_only|44b6_587a1e22:24|22,0,p:19:28,p:20:273,p:20:286,13.498263777241872,10.65583760199075,,,,,,0.5327918800995375,0,0,0,
44b6_587a1e22,44b6_587a1e22:24,pil_only,23,pil_only|44b6_587a1e22:24|23,0,p:19:28,p:20:274,p:20:286,13.498263777241872,16.168545852982575,,,,,,0.8084272926491287,0,0,0,
44b6_587a1e22,44b6_587a1e22:24,union,0,union|44b6_587a1e22:24|0,0,c:19:28:125,c:20:237:99,c:20:245:127,14.351611407782752,9.613629647536875,0.3362624487404804,0.20078031212484995,0.38895348837209304,0.2932924156071898,0.7540552389302937,0.48068148237684377,0,3,3,0.6677919202863474
44b6_587a1e22,44b6_587a1e22:24,union,1,union|44b6_587a1e22:24|1,0,c:19:28:125,c:20:237:99,c:20:246:104,14.625,15.501512023025366,0.6899038461538461,0.01066925315227934,0.01918604651162791,0.023470839260312945,0.8174418604651162,0.7750756011512683,0,3,3,0.6259224591159331
44b6_587a1e22,44b6_587a1e22:24,union,2,union|44b6_587a1e22:24|2,0,c:19:28:125,c:20:237:99,c:20:253:118,14.351611407782752,17.273986945693807,0.28614157527417744,0.006554307116104869,0.01627906976744186,0.010852713178294573,0.6666666666666666,0.8636993472846903,0,3,3,0.6897739137341814
44b6_587a1e22,44b6_587a1e22:24,union,3,union|44b6_587a1e22:24|3,0,c:19:28:125,c:20:237:99,c:20:273:122,14.351611407782752,17.50178562318714,0.40167949615115467,0.010037981551817688,0.021511627906976746,0.018472291562656017,0.8587119321018473,0.8750892811593569,0,3,3,0.7513592685347413
44b6_587a1e22,44b6_587a1e22:24,union,4,union|44b6_587a1e22:24|4,0,c:19:28:125,c:20:237:99,c:20:274:132,14.351611407782752,19.5,0.28303747534516766,0.013364595545134817,0.03313953488372093,0.021906225980015372,0.6610299769408148,0.975,0,3,3,0.7440869848717918
44b6_587a1e22,44b6_587a1e22:24,union,5,union|44b6_587a1e22:24|5,0,c:19:28:125,c:20:245:127,c:20:246:104,14.625,10.277402395547233,0.4874048037492677,0.10365379632029023,0.23255813953488372,0.15754233950374164,0.677432059866089,0.5138701197773616,0,3,3,0.70778237869862
44b6_587a1e22,44b6_587a1e22:24,union,6,union|44b6_587a1e22:24|6,0,c:19:28:125,c:20:245:127,c:20:253:118,8.75089281159357,11.941262496067994,0.8509471585244267,0.09030704394942805,0.2616279069767442,0.12119579854565042,0.4632372744411527,0.5970631248033997,0,3,3,0.7716338333168683
44b6_587a1e22,44b6_587a1e22:24,union,7,union|44b6_587a1e22:24|7,0,c:19:28:125,c:20:245:127,c:20:265:150,15.501512023025366,19.90210416011332,0.5400189813350206,0.0,0.0,0.0,0.3533278553820871,0.995105208005666,0,3,3,0.8255625983595624
44b6_587a1e22,44b6_587a1e22:24,union,8,union|44b6_587a1e22:24|8,0,c:19:28:125,c:20:245:127,c:20:273:122,7.44668550430324,11.604821196382131,0.8371411833626244,0.19224159096489074,0.4552325581395349,0.24968112244897958,0.548469387755102,0.5802410598191066,0,3,3,0.8332191881174281
44b6_587a1e22,44b6_587a1e22:24,union,9,union|44b6_587a1e22:24|9,0,c:19:28:125,c:20:245:127,c:20:274:132,11.941262496067994,14.072912811497128,0.841715976331361,0.11258413216398123,0.3209302325581395,0.14779116465863454,0.4605087014725569,0.7036456405748563,0,3,3,0.8259469044544786
44b6_587a1e22,44b6_587a1e22:24,union,10,union|44b6_587a1e22:24|10,0,c:19:28:125,c:20:245:127,f:20:137,15.853603130982025,19.476538289106593,0.7056634973129392,0.017049408489909535,0.056976744186046514,0.02375181774115366,0.4168686379059622,0.9738269144553297,1,3,2,0.7918990851204328
44b6_587a1e22,44b6_587a1e22:24,union,11,union|44b6_587a1e22:24|11,0,c:19:28:125,c:20:245:127,f:20:141,10.336388298465094,15.412779300615734,0.40597539543058,0.05397799948836019,0.12267441860465116,0.08791666666666667,0.7166666666666667,0.7706389650307867,1,3,2,0.7632033052383566
44b6_587a1e22,44b6_587a1e22:24,union,12,union|44b6_587a1e22:24|12,0,c:19:28:125,c:20:246:104,c:20:273:122,14.625,14.804454566109486,0.58222533240028,0.012204424103737605,0.027906976744186046,0.021229544449358692,0.7607253427686864,0.7402227283054743,0,3,3,0.791349726947014
44b6_587a1e22,44b6_587a1e22:24,union,13,union|44b6_587a1e22:24|13,0,c:19:28:125,c:20:246:104,c:20:274:132,14.625,11.604821196382131,0.41025641025641024,0.16806937005865852,0.38313953488372093,0.2304195804195804,0.6013986013986014,0.5802410598191066,0,3,3,0.7840774432840645
44b6_587a1e22,44b6_587a1e22:24,union,14,union|44b6_587a1e22:24|14,0,c:19:28:125,c:20:246:104,f:20:137,15.853603130982025,16.82679516151194,0.34394377842083507,0.04696714406065712,0.1296511627906977,0.068594278683482,0.529067979083359,0.8413397580755969,1,3,2,0.7500296239500187
44b6_587a1e22,44b6_587a1e22:24,union,15,union|44b6_587a1e22:24|15,0,c:19:28:125,c:20:246:104,f:20:141,14.625,16.79213233660876,0.8329326923076923,0.001234186979327368,0.002325581395348837,0.002622950819672131,0.8866279069767442,0.8396066168304379,1,3,2,0.7213338440679425
44b6_587a1e22,44b6_587a1e22:24,union,16,union|44b6_587a1e22:24|16,0,c:19:28:125,c:20:253:118,c:20:265:150,15.501512023025366,9.475296829123613,0.6346093008541601,0.14917403637577173,0.5197674418604651,0.17302109541319916,0.33288174956454425,0.47376484145618064,0,3,3,0.8475445918073964
44b6_587a1e22,44b6_587a1e22:24,union,17,union|44b6_587a1e22:24|17,0,c:19:28:125,c:20:253:118,c:20:272:5,15.754959536603069,10.65583760199075,0.5486870897155361,0.17885659533695306,0.6511627906976745,0.1978099611444719,0.3037795831861533,0.5327918800995375,0,3,3,0.8533252354369086
44b6_587a1e22,44b6_587a1e22:24,union,18,union|44b6_587a1e22:24|18,1,c:19:28:125,c:20:253:118,c:20:273:122,8.75089281159357,14.259317129512198,0.7123629112662014,0.010388083104664837,0.030813953488372094,0.015429403202328967,0.5007278020378457,0.7129658564756098,0,3,3,0.8552011815652621
44b6_587a1e22,44b6_587a1e22:24,union,19,union|44b6_587a1e22:24|19,0,c:19:28:125,c:20:253:118,c:20:286:112,13.498263777241872,17.04314378276496,0.9980059820538385,0.06251159339640142,0.19593023255813954,0.08408183632734531,0.4291417165668663,0.852157189138248,0,3,3,0.8562068196948399
44b6_587a1e22,44b6_587a1e22:24,union,20,union|44b6_587a1e22:24|20,0,c:19:28:125,c:20:253:118,f:20:141,10.336388298465094,16.338641312316884,0.34546360917248253,0.0,0.0,0.0,0.637273064097814,0.8169320656158442,1,3,2,0.7851852986861907
44b6_587a1e22,44b6_587a1e22:24,union,21,union|44b6_587a1e22:24|21,0,c:19:28:125,c:20:265:150,c:20:272:5,15.754959536603069,6.700046641628698,0.8646061269146609,0.23491971647620424,0.9441860465116279,0.23822795951298226,0.2523104004694147,0.33500233208143493,0,3,3,0.9072540004796027
44b6_587a1e22,44b6_587a1e22:24,union,22,union|44b6_587a1e22:24|22,0,c:19:28:125,c:20:265:150,c:20:273:122,15.501512023025366,19.295805891436615,0.45207212907307814,0.0,0.0,0.0,0.3747276688453159,0.9647902945718307,0,3,3,0.9091299466079562
44b6_587a1e22,44b6_587a1e22:24,union,23,union|44b6_587a1e22:24|23,0,c:19:28:125,c:20:265:150,c:20:286:112,15.501512023025366,17.35025215955088,0.6333438785194558,0.008941659337437702,0.035465116279069765,0.011814836335463878,0.33313964749176833,0.867512607977544,0,3,3,0.910135584737534
44b6_587a1e22,44b6_587a1e22:24,union,24,union|44b6_587a1e22:24|24,0,c:19:28:125,c:20:272:5,c:20:273:122,15.754959536603069,18.52785065786099,0.3908643326039387,0.0,0.0,0.0,0.3382497541789577,0.9263925328930496,0,3,3,0.9149105902374687
44b6_587a1e22,44b6_587a1e22:24,union,25,union|44b6_587a1e22:24|25,0,c:19:28:125,c:20:272:5,c:20:286:112,15.754959536603069,14.259317129512198,0.5475929978118161,0.04179610279582039,0.17209302325581396,0.05231530576175327,0.303994344291269,0.7129658564756098,0,3,3,0.9159162283670464
44b6_587a1e22,44b6_587a1e22:24,union,26,union|44b6_587a1e22:24|26,0,c:19:28:125,c:20:272:5,f:20:141,15.754959536603069,19.470285767153648,0.18955142231947483,0.0,0.0,0.0,0.3954932168314555,0.9735142883576824,1,3,2,0.8448947073583971
44b6_587a1e22,44b6_587a1e22:24,union,27,union|44b6_587a1e22:24|27,0,c:19:28:125,c:20:273:122,c:20:274:132,11.941262496067994,7.267220926874317,0.7046351084812623,0.3179735234215886,0.7261627906976744,0.3612959213190628,0.4975412207115997,0.36336104634371585,0,3,3,0.9095142527028726
44b6_587a1e22,44b6_587a1e22:24,union,28,union|44b6_587a1e22:24|28,0,c:19:28:125,c:20:273:122,c:20:286:112,13.498263777241872,10.65583760199075,0.7137862137862138,0.22380612972202424,0.5476744186046512,0.27455552317108717,0.5013115709705626,0.5327918800995375,0,3,3,0.9177921744953998
44b6_587a1e22,44b6_587a1e22:24,union,29,union|44b6_587a1e22:24|29,0,c:19:28:125,c:20:273:122,f:20:137,15.853603130982025,11.058849586676505,0.5907399751963621,0.08877590926867422,0.26395348837209304,0.11798336798336799,0.446985446985447,0.5529424793338252,1,3,2,0.8754664333688268
44b6_587a1e22,44b6_587a1e22:24,union,30,union|44b6_587a1e22:24|30,0,c:19:28:125,c:20:273:122,f:20:141,10.336388298465094,7.758459371271134,0.48495451364590625,0.386002886002886,0.622093023255814,0.5042412818096136,0.8105560791705938,0.3879229685635567,1,3,2,0.8467706534867506
44b6_587a1e22,44b6_587a1e22:24,union,31,union|44b6_587a1e22:24|31,0,c:19:28:125,c:20:274:132,c:20:286:112,13.498263777241872,16.168545852982575,0.9871794871794872,0.011611541168191415,0.03837209302325582,0.016377171215880892,0.4267990074441687,0.8084272926491287,0,3,3,0.9105198908324503
44b6_587a1e22,44b6_587a1e22:24,union,32,union|44b6_587a1e22:24|32,0,c:19:28:125,c:20:274:132,f:20:137,15.853603130982025,7.766552269967179,0.8383629599007855,0.29477220239344953,0.8162790697674419,0.31571846188441643,0.38677760287834495,0.388327613498359,1,3,2,0.8681941497058773
44b6_587a1e22,44b6_587a1e22:24,union,33,union|44b6_587a1e22:24|33,0,c:19:28:125,c:20:274:132,f:20:141,11.941262496067994,10.018523855478577,0.34171597633136097,0.25416548997458344,0.5232558139534884,0.33076074972436603,0.6321205439176774,0.5009261927739288,1,3,2,0.8394983698238011
44b6_587a1e22,44b6_587a1e22:24,union,34,union|44b6_587a1e22:24|34,0,c:19:28:125,c:20:286:112,f:20:137,15.853603130982025,15.855186743864044,0.8276147168251343,0.006061598951507209,0.021511627906976746,0.008369147251752997,0.3890522506220312,0.7927593371932022,1,3,2,0.8764720714984046
44b6_587a1e22,44b6_587a1e22:24,union,35,union|44b6_587a1e22:24|35,0,c:19:28:125,c:20:286:112,f:20:141,13.498263777241872,12.08007738955934,0.34615384615384615,0.07004362578768783,0.1680232558139535,0.10723562152133581,0.6382189239332097,0.604003869477967,1,3,2,0.8477762916163284
44b6_587a1e22,44b6_587a1e22:24,union,36,union|44b6_587a1e22:24|36,0,c:19:28:125,f:20:137,f:20:141,15.853603130982025,7.771595276660086,0.2864820173625465,0.3180578286961266,0.6779069767441861,0.37467866323907456,0.5526992287917738,0.3885797638330043,2,3,1,0.8054505504897552
44b6_5f15d135,44b6_5f15d135:103,pil_only,0,pil_only|44b6_5f15d135:103|0,0,p:36:204,p:37:486,p:37:496,11.941262496067994,14.072912811497128,,,,,,0.7036456405748563,0,0,0,
44b6_5f15d135,44b6_5f15d135:103,pil_only,1,pil_only|44b6_5f15d135:103|1,0,p:36:204,p:37:486,p:37:502,12.691655723348314,3.6336104634371584,,,,,,0.18168052317185793,0,0,0,
44b6_5f15d135,44b6_5f15d135:103,pil_only,2,pil_only|44b6_5f15d135:103|2,0,p:36:204,p:37:486,p:37:503,11.941262496067994,7.267220926874317,,,,,,0.36336104634371585,0,0,0,
44b6_5f15d135,44b6_5f15d135:103,pil_only,3,pil_only|44b6_5f15d135:103|3,0,p:36:204,p:37:486,p:37:505,14.981759743100941,8.75089281159357,,,,,,0.43754464057967846,0,0,0,
44b6_5f15d135,44b6_5f15d135:103,pil_only,4,pil_only|44b6_5f15d135:103|4,0,p:36:204,p:37:486,p:37:515,11.941262496067994,16.730398979103875,,,,,,0.8365199489551938,0,0,0,
44b6_5f15d135,44b6_5f15d135:103,pil_only,5,pil_only|44b6_5f15d135:103|5,0,p:36:204,p:37:486,p:37:520,11.941262496067994,17.875,,,,,,0.89375,0,0,0,
44b6_5f15d135,44b6_5f15d135:103,pil_only,6,pil_only|44b6_5f15d135:103|6,0,p:36:204,p:37:486,p:37:525,13.101168840985142,13.884006086140989,,,,,,0.6942003043070495,0,0,0,
44b6_5f15d135,44b6_5f15d135:103,pil_only,7,pil_only|44b6_5f15d135:103|7,0,p:36:204,p:37:489,p:37:496,12.268480957314969,8.900491559458949,,,,,,0.4450245779729475,0,0,0,
44b6_5f15d135,44b6_5f15d135:103,pil_only,8,pil_only|44b6_5f15d135:103|8,0,p:36:204,p:37:489,p:37:498,12.268480957314969,6.700046641628698,,,,,,0.33500233208143493,0,0,0,
44b6_5f15d135,44b6_5f15d135:103,pil_only,9,pil_only|44b6_5f15d135:103|9,0,p:36:204,p:37:489,p:37:503,12.268480957314969,19.835652875567266,,,,,,0.9917826437783633,0,0,0,
44b6_5f15d135,44b6_5f15d135:103,pil_only,10,pil_only|44b6_5f15d135:103|10,0,p:36:204,p:37:489,p:37:505,14.981759743100941,18.810734967034115,,,,,,0.9405367483517058,0,0,0,
44b6_5f15d135,44b6_5f15d135:103,pil_only,11,pil_only|44b6_5f15d135:103|11,0,p:36:204,p:37:489,p:37:515,12.268480957314969,10.65583760199075,,,,,,0.5327918800995375,0,0,0,
44b6_5f15d135,44b6_5f15d135:103,pil_only,12,pil_only|44b6_5f15d135:103|12,0,p:36:204,p:37:489,p:37:520,12.268480957314969,15.243851219426146,,,,,,0.7621925609713073,0,0,0,
44b6_5f15d135,44b6_5f15d135:103,pil_only,13,pil_only|44b6_5f15d135:103|13,0,p:36:204,p:37:496,p:37:498,11.941262496067994,8.75089281159357,,,,,,0.43754464057967846,0,0,0,
44b6_5f15d135,44b6_5f15d135:103,pil_only,14,pil_only|44b6_5f15d135:103|14,0,p:36:204,p:37:496,p:37:502,12.691655723348314,15.069630055180518,,,,,,0.7534815027590259,0,0,0,
44b6_5f15d135,44b6_5f15d135:103,pil_only,15,pil_only|44b6_5f15d135:103|15,1,p:36:204,p:37:496,p:37:503,8.285906709588275,11.604821196382131,,,,,,0.5802410598191066,0,0,0,
44b6_5f15d135,44b6_5f15d135:103,pil_only,16,pil_only|44b6_5f15d135:103|16,0,p:36:204,p:37:496,p:37:505,14.981759743100941,16.086679271993955,,,,,,0.8043339635996978,0,0,0,
44b6_5f15d135,44b6_5f15d135:103,pil_only,17,pil_only|44b6_5f15d135:103|17,0,p:36:204,p:37:496,p:37:515,11.490485194281398,10.900831390311474,,,,,,0.5450415695155737,0,0,0,
44b6_5f15d135,44b6_5f15d135:103,pil_only,18,pil_only|44b6_5f15d135:103|18,0,p:36:204,p:37:496,p:37:520,7.44668550430324,8.900491559458949,,,,,,0.4450245779729475,0,0,0,
44b6_5f15d135,44b6_5f15d135:103,pil_only,19,pil_only|44b6_5f15d135:103|19,0,p:36:204,p:37:496,p:37:525,13.101168840985142,16.411695524838375,,,,,,0.8205847762419187,0,0,0,
44b6_5f15d135,44b6_5f15d135:103,pil_only,20,pil_only|44b6_5f15d135:103|20,0,p:36:204,p:37:498,p:37:515,11.941262496067994,13.978778558944269,,,,,,0.6989389279472135,0,0,0,
44b6_5f15d135,44b6_5f15d135:103,pil_only,21,pil_only|44b6_5f15d135:103|21,0,p:36:204,p:37:498,p:37:520,11.941262496067994,12.691655723348314,,,,,,0.6345827861674157,0,0,0,
44b6_5f15d135,44b6_5f15d135:103,pil_only,22,pil_only|44b6_5f15d135:103|22,0,p:36:204,p:37:502,p:37:503,12.691655723348314,8.125,,,,,,0.40625,0,0,0,
44b6_5f15d135,44b6_5f15d135:103,pil_only,23,pil_only|44b6_5f15d135:103|23,0,p:36:204,p:37:502,p:37:505,14.981759743100941,6.894291116568838,,,,,,0.3447145558284419,0,0,0,
44b6_5f15d135,44b6_5f15d135:103,pil_only,24,pil_only|44b6_5f15d135:103|24,0,p:36:204,p:37:502,p:37:515,12.691655723348314,15.501512023025366,,,,,,0.7750756011512683,0,0,0,
44b6_5f15d135,44b6_5f15d135:103,pil_only,25,pil_only|44b6_5f15d135:103|25,0,p:36:204,p:37:502,p:37:520,12.691655723348314,17.50178562318714,,,,,,0.8750892811593569,0,0,0,
44b6_5f15d135,44b6_5f15d135:103,pil_only,26,pil_only|44b6_5f15d135:103|26,0,p:36:204,p:37:502,p:37:525,13.101168840985142,11.718041645257966,,,,,,0.5859020822628983,0,0,0,
44b6_5f15d135,44b6_5f15d135:103,pil_only,27,pil_only|44b6_5f15d135:103|27,0,p:36:204,p:37:503,p:37:505,14.981759743100941,13.884006086140989,,,,,,0.6942003043070495,0,0,0,
44b6_5f15d135,44b6_5f15d135:103,pil_only,28,pil_only|44b6_5f15d135:103|28,0,p:36:204,p:37:503,p:37:515,11.490485194281398,16.730398979103875,,,,,,0.8365199489551938,0,0,0,
44b6_5f15d135,44b6_5f15d135:103,pil_only,29,pil_only|44b6_5f15d135:103|29,0,p:36:204,p:37:503,p:37:520,8.285906709588275,12.691655723348314,,,,,,0.6345827861674157,0,0,0,
44b6_5f15d135,44b6_5f15d135:103,pil_only,30,pil_only|44b6_5f15d135:103|30,0,p:36:204,p:37:503,p:37:525,13.101168840985142,9.884489111734608,,,,,,0.4942244555867304,0,0,0,
44b6_5f15d135,44b6_5f15d135:103,pil_only,31,pil_only|44b6_5f15d135:103|31,0,p:36:204,p:37:505,p:37:515,14.981759743100941,12.691655723348314,,,,,,0.6345827861674157,0,0,0,
44b6_5f15d135,44b6_5f15d135:103,pil_only,32,pil_only|44b6_5f15d135:103|32,0,p:36:204,p:37:505,p:37:520,14.981759743100941,19.63494970709118,,,,,,0.981747485354559,0,0,0,
44b6_5f15d135,44b6_5f15d135:103,pil_only,33,pil_only|44b6_5f15d135:103|33,0,p:36:204,p:37:505,p:37:525,14.981759743100941,15.754959536603069,,,,,,0.7877479768301534,0,0,0,
44b6_5f15d135,44b6_5f15d135:103,pil_only,34,pil_only|44b6_5f15d135:103|34,0,p:36:204,p:37:515,p:37:520,11.490485194281398,12.481861840286488,,,,,,0.6240930920143244,0,0,0,
44b6_5f15d135,44b6_5f15d135:103,pil_only,35,pil_only|44b6_5f15d135:103|35,0,p:36:204,p:37:515,p:37:525,13.101168840985142,16.168545852982575,,,,,,0.8084272926491287,0,0,0,
44b6_5f15d135,44b6_5f15d135:103,pil_only,36,pil_only|44b6_5f15d135:103|36,0,p:36:204,p:37:520,p:37:525,13.101168840985142,12.160386507015309,,,,,,0.6080193253507654,0,0,0,
44b6_5f15d135,44b6_5f15d135:103,union,0,union|44b6_5f15d135:103|0,0,c:36:204:523,c:37:486:432,c:37:496:550,11.941262496067994,14.072912811497128,0.17836593785960875,0.0045708481462671405,0.009433962264150943,0.0087890625,0.931640625,0.7036456405748563,0,3,3,0.8360645900025205
44b6_5f15d135,44b6_5f15d135:103,union,1,union|44b6_5f15d135:103|1,0,c:36:204:523,c:37:486:432,c:37:502:431,12.691655723348314,3.6336104634371584,0.15546639919759278,0.4414784394250513,0.6761006289308176,0.5598958333333334,0.828125,0.18168052317185793,0,3,3,0.8331684963038651
44b6_5f15d135,44b6_5f15d135:103,union,2,union|44b6_5f15d135:103|2,0,c:36:204:523,c:37:486:432,c:37:503:422,11.941262496067994,7.267220926874317,0.17494356659142213,0.057794273594909865,0.11425576519916142,0.10470701248799232,0.9164265129682997,0.36336104634371585,0,3,3,0.8491762076120118
44b6_5f15d135,44b6_5f15d135:103,union,3,union|44b6_5f15d135:103|3,0,c:36:204:523,c:37:486:432,c:37:505:438,14.981759743100941,8.75089281159357,0.07229477611940298,0.11710164835164835,0.35744234800838576,0.14832535885167464,0.4149630274032188,0.43754464057967846,0,3,3,0.8298649689425585
44b6_5f15d135,44b6_5f15d135:103,union,4,union|44b6_5f15d135:103|4,0,c:36:204:523,c:37:486:432,c:37:515:526,11.941262496067994,16.730398979103875,0.15816326530612246,0.010154738878143133,0.0220125786163522,0.018502202643171806,0.8405286343612335,0.8365199489551938,0,3,3,0.8512050316280804
44b6_5f15d135,44b6_5f15d135:103,union,5,union|44b6_5f15d135:103|5,0,c:36:204:523,c:37:486:432,c:37:520:547,11.941262496067994,17.875,0.10623714873200822,0.0,0.0,0.0,0.5910780669144982,0.89375,0,3,3,0.8382085792581644
44b6_5f15d135,44b6_5f15d135:103,union,6,union|44b6_5f15d135:103|6,0,c:36:204:523,c:37:486:432,c:37:525:421,13.101168840985142,13.884006086140989,0.09112286890064668,0.010064701653486701,0.029350104821802937,0.015086206896551725,0.5140086206896551,0.6942003043070495,0,3,3,0.8501622713752846
44b6_5f15d135,44b6_5f15d135:103,union,7,union|44b6_5f15d135:103|7,0,c:36:204:523,c:37:486:432,f:37:545,14.484087943988728,18.250675139865603,0.11175198269646719,0.0,0.0,0.0,0.6186770428015564,0.9125337569932801,1,3,2,0.8331647173947495
44b6_5f15d135,44b6_5f15d135:103,union,8,union|44b6_5f15d135:103|8,0,c:36:204:523,c:37:486:432,f:37:557,11.941262496067994,18.397833082091648,0.07236227824463119,0.012141967621419676,0.040880503144654086,0.01697866782760122,0.4153243360905529,0.9198916541045824,1,3,2,0.8293793439631033
44b6_5f15d135,44b6_5f15d135:103,union,9,union|44b6_5f15d135:103|9,0,c:36:204:523,c:37:489:530,c:37:496:550,12.268480957314969,8.900491559458949,0.6460966542750929,0.20962199312714777,0.5754716981132075,0.24796747967479674,0.43089430894308944,0.4450245779729475,0,3,3,0.8743934718446451
44b6_5f15d135,44b6_5f15d135:103,union,10,union|44b6_5f15d135:103|10,0,c:36:204:523,c:37:489:530,c:37:498:529,12.268480957314969,6.700046641628698,0.6426182513139035,0.16653386454183267,0.6572327044025157,0.1823734729493892,0.2774869109947644,0.33500233208143493,0,3,3,0.8832721976221549
44b6_5f15d135,44b6_5f15d135:103,union,11,union|44b6_5f15d135:103|11,0,c:36:204:523,c:37:489:530,c:37:503:422,12.268480957314969,19.835652875567266,0.6587360594795539,0.0,0.0,0.0,0.4276109367996414,0.9917826437783633,0,3,3,0.8875050894541364
44b6_5f15d135,44b6_5f15d135:103,union,12,union|44b6_5f15d135:103|12,0,c:36:204:523,c:37:489:530,c:37:505:438,14.981759743100941,18.810734967034115,0.6273320895522388,0.0,0.0,0.0,0.27343078245915736,0.9405367483517058,0,3,3,0.868193850784683
44b6_5f15d135,44b6_5f15d135:103,union,13,union|44b6_5f15d135:103|13,0,c:36:204:523,c:37:489:530,c:37:515:526,12.268480957314969,10.65583760199075,0.7286245353159851,0.18077061577241627,0.5262054507337526,0.21591397849462365,0.4103225806451613,0.5327918800995375,0,3,3,0.8895339134702049
44b6_5f15d135,44b6_5f15d135:103,union,14,union|44b6_5f15d135:103|14,0,c:36:204:523,c:37:489:530,c:37:520:547,12.268480957314969,15.243851219426146,0.9218642906100069,0.020363833831115938,0.07861635220125786,0.02674750356633381,0.34022824536376606,0.7621925609713073,0,3,3,0.876537461100289
44b6_5f15d135,44b6_5f15d135:103,union,15,union|44b6_5f15d135:103|15,0,c:36:204:523,c:37:489:530,f:37:545,14.484087943988728,19.468047907297276,0.969718817591925,0.010416666666666666,0.039832285115303984,0.013909224011713031,0.349194729136164,0.9734023953648638,1,3,2,0.8714935992368741
44b6_5f15d135,44b6_5f15d135:103,union,16,union|44b6_5f15d135:103|16,0,c:36:204:523,c:37:489:530,f:37:557,12.268480957314969,10.329334423573133,0.6279178338001867,0.1448827017272493,0.589098532494759,0.161170060223688,0.27358761112704333,0.5164667211786567,1,3,2,0.8677082258052279
44b6_5f15d135,44b6_5f15d135:103,union,17,union|44b6_5f15d135:103|17,0,c:36:204:523,c:37:489:530,f:37:590,12.268480957314969,17.822095909612536,0.7026022304832714,0.02205419029615627,0.07337526205450734,0.03056768558951965,0.4165938864628821,0.8911047954806268,1,3,2,0.7966195382526715
44b6_5f15d135,44b6_5f15d135:103,union,18,union|44b6_5f15d135:103|18,0,c:36:204:523,c:37:496:550,c:37:498:529,11.941262496067994,8.75089281159357,0.4151935021500239,0.12593444508338125,0.4591194968553459,0.14787305874409182,0.32207967589466574,0.43754464057967846,0,3,3,0.8747761833535904
44b6_5f15d135,44b6_5f15d135:103,union,19,union|44b6_5f15d135:103|19,0,c:36:204:523,c:37:496:550,c:37:502:431,12.691655723348314,15.069630055180518,0.8716148445336008,0.004989308624376337,0.014675052410901468,0.007502679528403001,0.5112540192926045,0.7534815027590259,0,3,3,0.8630013638774252
44b6_5f15d135,44b6_5f15d135:103,union,20,union|44b6_5f15d135:103|20,1,c:36:204:523,c:37:496:550,c:37:503:422,8.285906709588275,11.604821196382131,0.9808126410835214,0.024971623155505107,0.06918238993710692,0.037606837606837605,0.5435897435897435,0.5802410598191066,0,3,3,0.8790090751855719
44b6_5f15d135,44b6_5f15d135:103,union,21,union|44b6_5f15d135:103|21,0,c:36:204:523,c:37:496:550,c:37:505:438,14.981759743100941,16.086679271993955,0.40531716417910446,0.0,0.0,0.0,0.31662794556920015,0.8043339635996978,0,3,3,0.8596978365161186
44b6_5f15d135,44b6_5f15d135:103,union,22,union|44b6_5f15d135:103|22,0,c:36:204:523,c:37:496:550,c:37:515:526,11.490485194281398,10.900831390311474,0.886734693877551,0.09278752436647174,0.24947589098532494,0.12871822606814495,0.5159545700378583,0.5450415695155737,0,3,3,0.8810378992016404
44b6_5f15d135,44b6_5f15d135:103,union,23,union|44b6_5f15d135:103|23,0,c:36:204:523,c:37:496:550,c:37:520:547,7.44668550430324,8.900491559458949,0.5956134338588074,0.142359902540898,0.42872117400419285,0.17568728522336768,0.4097938144329897,0.4450245779729475,0,3,3,0.8680414468317245
44b6_5f15d135,44b6_5f15d135:103,union,24,union|44b6_5f15d135:103|24,0,c:36:204:523,c:37:496:550,c:37:525:421,13.101168840985142,16.411695524838375,0.5108759553203998,0.004561003420752566,0.016771488469601678,0.0062256809338521405,0.37120622568093387,0.8205847762419187,0,3,3,0.8799951389488446
44b6_5f15d135,44b6_5f15d135:103,union,25,union|44b6_5f15d135:103|25,0,c:36:204:523,c:37:496:550,f:37:545,14.484087943988728,16.09321672026873,0.6265320836337419,0.017432646592709985,0.057651991614255764,0.024379432624113476,0.4228723404255319,0.8046608360134366,1,3,2,0.8629975849683097
44b6_5f15d135,44b6_5f15d135:103,union,26,union|44b6_5f15d135:103|26,0,c:36:204:523,c:37:496:550,f:37:557,9.469477715619192,8.835821195912786,0.4056956115779645,0.20590024330900245,0.709643605870021,0.22484224510129525,0.3168382597143806,0.44179105979563926,1,3,2,0.8592122115366635
44b6_5f15d135,44b6_5f15d135:103,union,27,union|44b6_5f15d135:103|27,0,c:36:204:523,c:37:496:550,f:37:590,11.505753726511426,12.935533881697715,0.9195767195767196,0.02976190476190476,0.08385744234800839,0.044101433296582136,0.525909592061742,0.6467766940848858,1,3,2,0.788123523984107
44b6_5f15d135,44b6_5f15d135:103,union,28,union|44b6_5f15d135:103|28,0,c:36:204:523,c:37:498:529,c:37:515:526,11.941262496067994,13.978778558944269,0.4682274247491639,0.0012431626056688214,0.005241090146750524,0.0016270745200130166,0.31044581841848357,0.6989389279472135,0,3,3,0.8899166249791503
44b6_5f15d135,44b6_5f15d135:103,union,29,union|44b6_5f15d135:103|29,0,c:36:204:523,c:37:498:529,c:37:520:547,11.941262496067994,12.691655723348314,0.6970855231724797,0.06751954513148543,0.29874213836477986,0.08023648648648649,0.2685810810810811,0.6345827861674157,0,3,3,0.8769201726092343
44b6_5f15d135,44b6_5f15d135:103,union,30,union|44b6_5f15d135:103|30,0,c:36:204:523,c:37:498:529,f:37:557,11.941262496067994,10.682648528462359,0.9771241830065359,0.08014154870940883,0.40356394129979034,0.09090909090909091,0.22526564344746164,0.534132426423118,1,3,2,0.8680909373141733
44b6_5f15d135,44b6_5f15d135:103,union,31,union|44b6_5f15d135:103|31,0,c:36:204:523,c:37:498:529,f:37:590,11.941262496067994,15.7455703468606,0.451505016722408,0.04121022430881586,0.16561844863731656,0.05200789993416721,0.3140223831468071,0.78727851734303,1,3,2,0.7970022497616168
44b6_5f15d135,44b6_5f15d135:103,union,32,union|44b6_5f15d135:103|32,0,c:36:204:523,c:37:502:431,c:37:503:422,12.691655723348314,8.125,0.8886659979939819,0.16748971193415638,0.42662473794549266,0.21614445034519383,0.5066383430695698,0.40625,0,3,3,0.8761129814869165
44b6_5f15d135,44b6_5f15d135:103,union,33,union|44b6_5f15d135:103|33,0,c:36:204:523,c:37:502:431,c:37:505:438,14.981759743100941,6.894291116568838,0.4650186567164179,0.1797752808988764,0.6540880503144654,0.19866284622731614,0.3037249283667622,0.3447145558284419,0,3,3,0.8568017428174631
44b6_5f15d135,44b6_5f15d135:103,union,34,union|44b6_5f15d135:103|34,0,c:36:204:523,c:37:502:431,c:37:515:526,12.691655723348314,15.501512023025366,0.9829488465396189,0.01841556636553162,0.05555555555555555,0.02680829539706626,0.48254931714719274,0.7750756011512683,0,3,3,0.878141805502985
44b6_5f15d135,44b6_5f15d135:103,union,35,union|44b6_5f15d135:103|35,0,c:36:204:523,c:37:502:431,c:37:520:547,12.691655723348314,17.50178562318714,0.6833447566826594,0.0,0.0,0.0,0.38843648208469056,0.8750892811593569,0,3,3,0.8651453531330691
44b6_5f15d135,44b6_5f15d135:103,union,36,union|44b6_5f15d135:103|36,0,c:36:204:523,c:37:502:431,c:37:525:421,13.101168840985142,11.718041645257966,0.5861258083480305,0.014444444444444444,0.05450733752620545,0.01927353595255745,0.3535952557449963,0.5859020822628983,0,3,3,0.8770990452501892
44b6_5f15d135,44b6_5f15d135:103,union,37,union|44b6_5f15d135:103|37,0,c:36:204:523,c:37:502:431,f:37:545,14.484087943988728,15.702427128551014,0.718817591925018,0.01212856276531231,0.041928721174004195,0.016778523489932886,0.4001677852348993,0.7851213564275507,1,3,2,0.8601014912696542
44b6_5f15d135,44b6_5f15d135:103,union,38,union|44b6_5f15d135:103|38,0,c:36:204:523,c:37:502:431,f:37:557,12.691655723348314,17.585269093281617,0.465452847805789,0.008376447400837645,0.03563941299790356,0.01083147499203568,0.30391844536476587,0.8792634546640808,1,3,2,0.856316117838008
44b6_5f15d135,44b6_5f15d135:103,union,39,union|44b6_5f15d135:103|39,0,c:36:204:523,c:37:502:431,f:37:590,12.691655723348314,19.18092687505041,0.9478435305917753,0.0,0.0,0.0,0.49124613800205974,0.9590463437525205,1,3,2,0.7852274302854516
44b6_5f15d135,44b6_5f15d135:103,union,40,union|44b6_5f15d135:103|40,0,c:36:204:523,c:37:503:422,c:37:505:438,14.981759743100941,13.884006086140989,0.41324626865671643,0.036420395421436005,0.14675052410901468,0.0462046204620462,0.31485148514851485,0.6942003043070495,0,3,3,0.8728094541256098
44b6_5f15d135,44b6_5f15d135:103,union,41,union|44b6_5f15d135:103|41,0,c:36:204:523,c:37:503:422,c:37:515:526,11.490485194281398,16.730398979103875,0.9040816326530612,0.000354735721887194,0.0010482180293501049,0.0005359056806002144,0.5112540192926045,0.8365199489551938,0,3,3,0.8941495168111318
44b6_5f15d135,44b6_5f15d135:103,union,42,union|44b6_5f15d135:103|42,0,c:36:204:523,c:37:503:422,c:37:520:547,8.285906709588275,12.691655723348314,0.6072652501713502,0.052984360038301946,0.1740041928721174,0.07078891257995736,0.4068230277185501,0.6345827861674157,0,3,3,0.8811530644412158
44b6_5f15d135,44b6_5f15d135:103,union,43,union|44b6_5f15d135:103|43,0,c:36:204:523,c:37:503:422,c:37:525:421,13.101168840985142,9.884489111734608,0.520870076425632,0.17994001999333556,0.5660377358490566,0.20873598763046,0.3687669114804793,0.4942244555867304,0,3,3,0.8931067565583359
44b6_5f15d135,44b6_5f15d135:103,union,44,union|44b6_5f15d135:103|44,0,c:36:204:523,c:37:503:422,f:37:545,14.484087943988728,16.380547622998733,0.638788752703677,0.03330131284021774,0.1090146750524109,0.04575450945886494,0.41970963484381874,0.8190273811499367,1,3,2,0.8761092025778009
44b6_5f15d135,44b6_5f15d135:103,union,45,union|44b6_5f15d135:103|45,0,c:36:204:523,c:37:503:422,f:37:557,9.469477715619192,16.136398181342468,0.41363211951447243,0.04541874507744815,0.18134171907756813,0.0571334214002642,0.31505944517833556,0.8068199090671234,1,3,2,0.8723238291461547
44b6_5f15d135,44b6_5f15d135:103,union,46,union|44b6_5f15d135:103|46,0,c:36:204:523,c:37:503:422,f:37:590,11.505753726511426,15.601966178760092,0.9375661375661376,0.0,0.0,0.0,0.5210267613326052,0.7800983089380046,1,3,2,0.8012351415935983
44b6_5f15d135,44b6_5f15d135:103,union,47,union|44b6_5f15d135:103|47,0,c:36:204:523,c:37:505:438,c:37:515:526,14.981759743100941,12.691655723348314,0.457089552238806,0.038980891719745225,0.16037735849056603,0.04897567221510883,0.3053777208706786,0.6345827861674157,0,3,3,0.8748382781416785
44b6_5f15d135,44b6_5f15d135:103,union,48,union|44b6_5f15d135:103|48,0,c:36:204:523,c:37:505:438,c:37:520:547,14.981759743100941,19.63494970709118,0.6805037313432836,0.0,0.0,0.0,0.26477935054121565,0.981747485354559,0,3,3,0.8618418257717625
44b6_5f15d135,44b6_5f15d135:103,union,49,union|44b6_5f15d135:103|49,0,c:36:204:523,c:37:505:438,c:37:525:421,14.981759743100941,15.754959536603069,0.7933768656716418,0.08256259869163095,0.3836477987421384,0.09518855656697009,0.2481144343302991,0.7877479768301534,0,3,3,0.8737955178888827
44b6_5f15d135,44b6_5f15d135:103,union,50,union|44b6_5f15d135:103|50,0,c:36:204:523,c:37:505:438,f:37:545,14.981759743100941,15.290738610872506,0.6469216417910447,0.007186166629238716,0.033542976939203356,0.009062588501840838,0.27017841971113,0.7645369305436253,1,3,2,0.8567979639083476
44b6_5f15d135,44b6_5f15d135:103,union,51,union|44b6_5f15d135:103|51,0,c:36:204:523,c:37:505:438,f:37:557,14.981759743100941,16.73371725214462,0.9990671641791045,0.0005728470498376934,0.0031446540880503146,0.0006999533364442371,0.2225851609892674,0.8366858626072309,1,3,2,0.8530125904767014
44b6_5f15d135,44b6_5f15d135:103,union,52,union|44b6_5f15d135:103|52,0,c:36:204:523,c:37:515:526,c:37:520:547,11.490485194281398,12.481861840286488,0.6716929403701165,0.002363367799113737,0.008385744234800839,0.003280032800328003,0.39114391143911437,0.6240930920143244,0,3,3,0.8831818884572843
44b6_5f15d135,44b6_5f15d135:103,union,53,union|44b6_5f15d135:103|53,0,c:36:204:523,c:37:515:526,c:37:525:421,13.101168840985142,16.168545852982575,0.5761316872427984,0.0008259911894273128,0.0031446540880503146,0.0011189854531891085,0.3558373741141365,0.8084272926491287,0,3,3,0.8951355805744045
44b6_5f15d135,44b6_5f15d135:103,union,54,union|44b6_5f15d135:103|54,0,c:36:204:523,c:37:515:526,f:37:545,14.484087943988728,9.706554257680912,0.7065609228550829,0.1898960945897528,0.5555555555555556,0.22391212505280947,0.40304182509505704,0.4853277128840456,1,3,2,0.8781380265938695
44b6_5f15d135,44b6_5f15d135:103,union,55,union|44b6_5f15d135:103|55,0,c:36:204:523,c:37:515:526,f:37:557,11.490485194281398,5.568512191813121,0.45751633986928103,0.17973950795947902,0.6509433962264151,0.19891095451633567,0.30557335041639977,0.27842560959065604,1,3,2,0.8743526531622233
44b6_5f15d135,44b6_5f15d135:103,union,56,union|44b6_5f15d135:103|56,0,c:36:204:523,c:37:515:526,f:37:590,11.505753726511426,12.621852288423952,0.9642857142857143,0.014804370814240395,0.0440251572327044,0.02181818181818182,0.49558441558441557,0.6310926144211976,1,3,2,0.8032639656096668
44b6_5f15d135,44b6_5f15d135:103,union,57,union|44b6_5f15d135:103|57,0,c:36:204:523,c:37:520:547,c:37:525:421,13.101168840985142,12.160386507015309,0.8577307466196356,0.04416243654822335,0.18238993710691823,0.05506329113924051,0.3018987341772152,0.6080193253507654,0,3,3,0.8821391282044885
44b6_5f15d135,44b6_5f15d135:103,union,58,union|44b6_5f15d135:103|58,0,c:36:204:523,c:37:520:547,f:37:545,14.484087943988728,12.001297795809059,0.9506511309115833,0.06502242152466367,0.2431865828092243,0.08151791988756149,0.3352073085031623,0.6000648897904529,1,3,2,0.8651415742239535
44b6_5f15d135,44b6_5f15d135:103,union,59,union|44b6_5f15d135:103|59,0,c:36:204:523,c:37:520:547,f:37:557,9.469477715619192,7.897803744549539,0.6811391223155929,0.22545063223029324,0.8784067085953878,0.23271313524021106,0.26492640933074146,0.39489018722747693,1,3,2,0.8613562007923073
44b6_5f15d135,44b6_5f15d135:103,union,60,union|44b6_5f15d135:103|60,0,c:36:204:523,c:37:520:547,f:37:590,11.505753726511426,4.826367047922181,0.6477039067854695,0.29104190695886195,0.7935010482180294,0.314891846921797,0.3968386023294509,0.24131835239610905,1,3,2,0.7902675132397509
44b6_5f15d135,44b6_5f15d135:103,union,61,union|44b6_5f15d135:103|61,0,c:36:204:523,c:37:525:421,f:37:545,14.484087943988728,10.09762415173583,0.8154027042915932,0.10982976386600769,0.4192872117400419,0.12953367875647667,0.3089378238341969,0.5048812075867916,1,3,2,0.8770952663410738
44b6_5f15d135,44b6_5f15d135:103,union,62,union|44b6_5f15d135:103|62,0,c:36:204:523,c:37:525:421,f:37:557,13.101168840985142,15.415066981371671,0.7941176470588235,0.03316821020891665,0.16142557651991615,0.04007285974499089,0.24824355971896955,0.7707533490685836,1,3,2,0.8733098929094275
44b6_5f15d135,44b6_5f15d135:103,union,63,union|44b6_5f15d135:103|63,0,c:36:204:523,c:37:525:421,f:37:590,13.101168840985142,11.663444258730228,0.5555555555555556,0.029453817557906777,0.10796645702306079,0.03892668178382464,0.36054421768707484,0.5831722129365114,1,3,2,0.802221205356871
44b6_5f15d135,44b6_5f15d135:103,union,64,union|44b6_5f15d135:103|64,0,c:36:204:523,f:37:545,f:37:557,14.484087943988728,9.969132400529938,0.6475256769374417,0.1557102345965455,0.6331236897274634,0.1711533012184755,0.2703315386795126,0.49845662002649693,2,3,1,0.8563123389288925
44b6_5f15d135,44b6_5f15d135:103,union,65,union|44b6_5f15d135:103|65,0,c:36:204:523,f:37:545,f:37:590,14.484087943988728,9.239271940345619,0.6813266041816871,0.10416666666666667,0.3249475890985325,0.13293310463121785,0.4090909090909091,0.46196359701728096,2,3,1,0.7852236513763362
44b6_5f15d135,44b6_5f15d135:103,union,66,union|44b6_5f15d135:103|66,0,c:36:204:523,f:37:557,f:37:590,11.505753726511426,8.307594524940534,0.4411764705882353,0.23881054567749846,0.8165618448637316,0.25234855847100746,0.30903790087463556,0.4153797262470267,2,3,1,0.7814382779446899
44b6_74d0c52e,44b6_74d0c52e:59,pil_only,0,pil_only|44b6_74d0c52e:59|0,0,p:58:51,p:59:162,p:59:167,12.268480957314969,7.960841664045329,,,,,,0.3980420832022665,0,0,0,
44b6_74d0c52e,44b6_74d0c52e:59,pil_only,1,pil_only|44b6_74d0c52e:59|1,0,p:58:51,p:59:162,p:59:168,11.02128622257856,12.691655723348314,,,,,,0.6345827861674157,0,0,0,
44b6_74d0c52e,44b6_74d0c52e:59,pil_only,2,pil_only|44b6_74d0c52e:59|2,0,p:58:51,p:59:162,p:59:172,11.490485194281398,19.02013735491939,,,,,,0.9510068677459695,0,0,0,
44b6_74d0c52e,44b6_74d0c52e:59,pil_only,3,pil_only|44b6_74d0c52e:59|3,0,p:58:51,p:59:162,p:59:173,10.900831390311474,10.900831390311474,,,,,,0.5450415695155737,0,0,0,
44b6_74d0c52e,44b6_74d0c52e:59,pil_only,4,pil_only|44b6_74d0c52e:59|4,0,p:58:51,p:59:162,p:59:175,10.900831390311474,16.730398979103875,,,,,,0.8365199489551938,0,0,0,
44b6_74d0c52e,44b6_74d0c52e:59,pil_only,5,pil_only|44b6_74d0c52e:59|5,0,p:58:51,p:59:162,p:59:179,13.101168840985142,17.50178562318714,,,,,,0.8750892811593569,0,0,0,
44b6_74d0c52e,44b6_74d0c52e:59,pil_only,6,pil_only|44b6_74d0c52e:59|6,0,p:58:51,p:59:167,p:59:168,12.268480957314969,10.405076885828379,,,,,,0.520253844291419,0,0,0,
44b6_74d0c52e,44b6_74d0c52e:59,pil_only,7,pil_only|44b6_74d0c52e:59|7,1,p:58:51,p:59:167,p:59:173,12.268480957314969,12.268480957314969,,,,,,0.6134240478657484,0,0,0,
44b6_74d0c52e,44b6_74d0c52e:59,pil_only,8,pil_only|44b6_74d0c52e:59|8,0,p:58:51,p:59:167,p:59:175,12.268480957314969,15.069630055180518,,,,,,0.7534815027590259,0,0,0,
44b6_74d0c52e,44b6_74d0c52e:59,pil_only,9,pil_only|44b6_74d0c52e:59|9,0,p:58:51,p:59:167,p:59:179,13.101168840985142,14.89337100860648,,,,,,0.744668550430324,0,0,0,
44b6_74d0c52e,44b6_74d0c52e:59,pil_only,10,pil_only|44b6_74d0c52e:59|10,0,p:58:51,p:59:168,p:59:172,11.490485194281398,13.595725431178728,,,,,,0.6797862715589365,0,0,0,
44b6_74d0c52e,44b6_74d0c52e:59,pil_only,11,pil_only|44b6_74d0c52e:59|11,0,p:58:51,p:59:168,p:59:173,11.02128622257856,11.02128622257856,,,,,,0.551064311128928,0,0,0,
44b6_74d0c52e,44b6_74d0c52e:59,pil_only,12,pil_only|44b6_74d0c52e:59|12,0,p:58:51,p:59:168,p:59:175,11.02128622257856,10.900831390311474,,,,,,0.5450415695155737,0,0,0,
44b6_74d0c52e,44b6_74d0c52e:59,pil_only,13,pil_only|44b6_74d0c52e:59|13,0,p:58:51,p:59:168,p:59:178,14.259317129512198,13.101168840985142,,,,,,0.6550584420492571,0,0,0,
44b6_74d0c52e,44b6_74d0c52e:59,pil_only,14,pil_only|44b6_74d0c52e:59|14,0,p:58:51,p:59:168,p:59:179,13.101168840985142,19.835652875567266,,,,,,0.9917826437783633,0,0,0,
44b6_74d0c52e,44b6_74d0c52e:59,pil_only,15,pil_only|44b6_74d0c52e:59|15,0,p:58:51,p:59:172,p:59:173,11.490485194281398,11.490485194281398,,,,,,0.5745242597140698,0,0,0,
44b6_74d0c52e,44b6_74d0c52e:59,pil_only,16,pil_only|44b6_74d0c52e:59|16,0,p:58:51,p:59:172,p:59:175,11.490485194281398,11.375,,,,,,0.56875,0,0,0,
44b6_74d0c52e,44b6_74d0c52e:59,pil_only,17,pil_only|44b6_74d0c52e:59|17,0,p:58:51,p:59:172,p:59:178,14.259317129512198,10.900831390311474,,,,,,0.5450415695155737,0,0,0,
44b6_74d0c52e,44b6_74d0c52e:59,pil_only,18,pil_only|44b6_74d0c52e:59|18,0,p:58:51,p:59:173,p:59:175,7.083210783253595,7.083210783253595,,,,,,0.35416053916267975,0,0,0,
44b6_74d0c52e,44b6_74d0c52e:59,pil_only,19,pil_only|44b6_74d0c52e:59|19,0,p:58:51,p:59:173,p:59:178,14.259317129512198,14.259317129512198,,,,,,0.7129658564756098,0,0,0,
44b6_74d0c52e,44b6_74d0c52e:59,pil_only,20,pil_only|44b6_74d0c52e:59|20,0,p:58:51,p:59:173,p:59:179,13.101168840985142,13.101168840985142,,,,,,0.6550584420492571,0,0,0,
44b6_74d0c52e,44b6_74d0c52e:59,pil_only,21,pil_only|44b6_74d0c52e:59|21,0,p:58:51,p:59:175,p:59:178,14.259317129512198,8.285906709588275,,,,,,0.4142953354794138,0,0,0,
44b6_74d0c52e,44b6_74d0c52e:59,pil_only,22,pil_only|44b6_74d0c52e:59|22,0,p:58:51,p:59:175,p:59:179,13.101168840985142,13.978778558944269,,,,,,0.6989389279472135,0,0,0,
44b6_74d0c52e,44b6_74d0c52e:59,union,0,union|44b6_74d0c52e:59|0,0,c:58:51:45,c:59:162:34,c:59:167:39,12.268480957314969,7.960841664045329,0.38102893890675243,0.1009421265141319,0.4316546762589928,0.11641443538998836,0.26969344198680634,0.3980420832022665,0,3,3,0.8405091732604234
44b6_74d0c52e,44b6_74d0c52e:59,union,1,union|44b6_74d0c52e:59|1,0,c:58:51:45,c:59:162:34,c:59:168:30,11.02128622257856,12.691655723348314,0.4330117899249732,0.002082093991671624,0.010071942446043165,0.002617801047120419,0.2599102468212416,0.6345827861674157,0,3,3,0.8552277294125186
44b6_74d0c52e,44b6_74d0c52e:59,union,2,union|44b6_74d0c52e:59|2,0,c:58:51:45,c:59:162:34,c:59:172:1,11.490485194281398,19.02013735491939,0.7475961538461539,0.001386138613861386,0.010071942446043165,0.0016047684548372307,0.15933058230169647,0.9510068677459695,0,3,3,0.873327016394953
44b6_74d0c52e,44b6_74d0c52e:59,union,3,union|44b6_74d0c52e:59|3,0,c:58:51:45,c:59:162:34,c:59:173:21,10.900831390311474,10.900831390311474,0.3097534833869239,0.10489264343541006,0.4287769784172662,0.12193126022913257,0.2843698854337152,0.5450415695155737,0,3,3,0.8666582242162754
44b6_74d0c52e,44b6_74d0c52e:59,union,4,union|44b6_74d0c52e:59|4,0,c:58:51:45,c:59:162:34,c:59:175:52,10.900831390311474,16.730398979103875,0.92497320471597,0.010370021211407024,0.06330935251798561,0.012249443207126948,0.19348552338530067,0.8365199489551938,0,3,3,0.852616076430183
44b6_74d0c52e,44b6_74d0c52e:59,union,5,union|44b6_74d0c52e:59|5,0,c:58:51:45,c:59:162:34,c:59:179:250,13.101168840985142,17.50178562318714,0.2470525187566988,0.006997667444185272,0.030215827338129497,0.009024495058014611,0.2986678126342931,0.8750892811593569,0,3,3,0.7899182647878643
44b6_74d0c52e,44b6_74d0c52e:59,union,6,union|44b6_74d0c52e:59|6,0,c:58:51:45,c:59:162:34,f:59:56,12.082049692290466,14.528140086393174,0.4453376205787781,0.02912621359223301,0.1381294964028777,0.035595105672969966,0.25769373377827215,0.7264070043196587,1,3,2,0.8395609352896113
44b6_74d0c52e,44b6_74d0c52e:59,union,7,union|44b6_74d0c52e:59|7,0,c:58:51:45,c:59:162:34,f:59:57,10.900831390311474,8.842219540558714,0.40836012861736337,0.25680786686838125,0.9769784172661871,0.2583713850837139,0.2644596651445967,0.4421109770279357,1,3,2,0.8054759996222985
44b6_74d0c52e,44b6_74d0c52e:59,union,8,union|44b6_74d0c52e:59|8,0,c:58:51:45,c:59:162:34,f:59:58,10.900831390311474,8.600345375952426,0.2572347266881029,0.07002111189303308,0.28633093525179854,0.08482523444160273,0.29624893435635125,0.43001726879762125,1,3,2,0.80401300894821
44b6_74d0c52e,44b6_74d0c52e:59,union,9,union|44b6_74d0c52e:59|9,0,c:58:51:45,c:59:167:39,c:59:168:30,12.268480957314969,10.405076885828379,0.879950495049505,0.07371483996120272,0.218705035971223,0.10006583278472679,0.4575378538512179,0.520253844291419,0,3,3,0.8449941601892702
44b6_74d0c52e,44b6_74d0c52e:59,union,10,union|44b6_74d0c52e:59|10,1,c:58:51:45,c:59:167:39,c:59:173:21,12.268480957314969,12.268480957314969,0.8129395218002813,0.03225806451612903,0.08920863309352518,0.04809930178432894,0.5391776570985259,0.6134240478657484,0,3,3,0.8564246549930271
44b6_74d0c52e,44b6_74d0c52e:59,union,11,union|44b6_74d0c52e:59|11,0,c:58:51:45,c:59:167:39,c:59:175:52,12.268480957314969,15.069630055180518,0.4119351100811124,0.1059322033898305,0.4316546762589928,0.12310217480508823,0.28518670496512105,0.7534815027590259,0,3,3,0.8423825072069349
44b6_74d0c52e,44b6_74d0c52e:59,union,12,union|44b6_74d0c52e:59|12,0,c:58:51:45,c:59:167:39,c:59:179:250,13.101168840985142,14.89337100860648,0.6483825597749648,0.0,0.0,0.0,0.5930034129692833,0.744668550430324,0,3,3,0.7796846955646161
44b6_74d0c52e,44b6_74d0c52e:59,union,13,union|44b6_74d0c52e:59|13,0,c:58:51:45,c:59:167:39,f:59:56,12.268480957314969,11.977977233478304,0.855595667870036,0.004941599281221923,0.015827338129496403,0.007133592736705577,0.45071335927367057,0.5988988616739153,1,3,2,0.8293273660663631
44b6_74d0c52e,44b6_74d0c52e:59,union,14,union|44b6_74d0c52e:59|14,0,c:58:51:45,c:59:167:39,f:59:57,12.268480957314969,11.491789253860533,0.9330708661417323,0.0358337314859054,0.1079136690647482,0.05091649694501019,0.47182620502376105,0.5745894626930267,1,3,2,0.7952424303990502
44b6_74d0c52e,44b6_74d0c52e:59,union,15,union|44b6_74d0c52e:59|15,0,c:58:51:45,c:59:167:39,f:59:58,12.268480957314969,3.4464830295775752,0.6751054852320675,0.38676470588235295,0.7568345323741007,0.44164567590260284,0.5835432409739715,0.17232415147887875,1,3,2,0.7937794397249617
44b6_74d0c52e,44b6_74d0c52e:59,union,16,union|44b6_74d0c52e:59|16,0,c:58:51:45,c:59:168:30,c:59:172:1,11.490485194281398,13.595725431178728,0.32371794871794873,0.011380880121396054,0.06474820143884892,0.013619854721549637,0.21035108958837773,0.6797862715589365,0,3,3,0.8778120033237999
44b6_74d0c52e,44b6_74d0c52e:59,union,17,union|44b6_74d0c52e:59|17,0,c:58:51:45,c:59:168:30,c:59:173:21,11.02128622257856,11.02128622257856,0.7153465346534653,0.038941587618572145,0.11223021582733812,0.05627705627705628,0.5014430014430015,0.551064311128928,0,3,3,0.8711432111451223
44b6_74d0c52e,44b6_74d0c52e:59,union,18,union|44b6_74d0c52e:59|18,0,c:58:51:45,c:59:168:30,c:59:175:52,11.02128622257856,10.900831390311474,0.4681344148319815,0.12234966979492527,0.5064748201438849,0.13891081294396213,0.27426992896606156,0.5450415695155737,0,3,3,0.85710106335903
44b6_74d0c52e,44b6_74d0c52e:59,union,19,union|44b6_74d0c52e:59|19,0,c:58:51:45,c:59:168:30,c:59:178:197,14.259317129512198,13.101168840985142,0.8391089108910891,0.018682858477347034,0.05755395683453238,0.026917900403768506,0.4676985195154778,0.6550584420492571,0,3,3,0.8024153101558008
44b6_74d0c52e,44b6_74d0c52e:59,union,20,union|44b6_74d0c52e:59|20,0,c:58:51:45,c:59:168:30,c:59:179:250,13.101168840985142,19.835652875567266,0.5705445544554455,0.0,0.0,0.0,0.5476753349093775,0.9917826437783633,0,3,3,0.7944032517167111
44b6_74d0c52e,44b6_74d0c52e:59,union,21,union|44b6_74d0c52e:59|21,0,c:58:51:45,c:59:168:30,f:59:56,12.082049692290466,18.17918711442357,0.9723225030084236,0.0,0.0,0.0,0.424039048200122,0.9089593557211785,1,3,2,0.8440459222184581
44b6_74d0c52e,44b6_74d0c52e:59,union,22,union|44b6_74d0c52e:59|22,0,c:58:51:45,c:59:168:30,f:59:57,11.02128622257856,15.507395728789056,0.943069306930693,0.0,0.0,0.0,0.4426751592356688,0.7753697864394529,1,3,2,0.8099609865511453
44b6_74d0c52e,44b6_74d0c52e:59,union,23,union|44b6_74d0c52e:59|23,0,c:58:51:45,c:59:168:30,f:59:58,11.02128622257856,9.951375426408802,0.594059405940594,0.08006535947712418,0.21151079136690648,0.11413043478260869,0.5395962732919255,0.4975687713204401,1,3,2,0.808497995877057
44b6_74d0c52e,44b6_74d0c52e:59,union,24,union|44b6_74d0c52e:59|24,0,c:58:51:45,c:59:172:1,c:59:173:21,11.490485194281398,11.490485194281398,0.23157051282051283,0.07043453564328316,0.35683453237410073,0.08067664281067013,0.22608978529603124,0.5745242597140698,0,3,3,0.8892424981275567
44b6_74d0c52e,44b6_74d0c52e:59,union,25,union|44b6_74d0c52e:59|25,0,c:58:51:45,c:59:172:1,c:59:175:52,11.490485194281398,11.375,0.6915064102564102,0.030817610062893082,0.21151079136690648,0.03481762198010421,0.16461392704879205,0.56875,0,3,3,0.8752003503414644
44b6_74d0c52e,44b6_74d0c52e:59,union,26,union|44b6_74d0c52e:59|26,0,c:58:51:45,c:59:172:1,c:59:178:197,14.259317129512198,10.900831390311474,0.27163461538461536,0.06116291826659353,0.320863309352518,0.0702583490863264,0.2189666036546944,0.5450415695155737,0,3,3,0.8205145971382354
44b6_74d0c52e,44b6_74d0c52e:59,union,27,union|44b6_74d0c52e:59|27,0,c:58:51:45,c:59:172:1,f:59:57,11.490485194281398,17.808393635784054,0.30528846153846156,0.0,0.0,0.0,0.21332105586249234,0.8904196817892027,1,3,2,0.8280602735335799
44b6_74d0c52e,44b6_74d0c52e:59,union,28,union|44b6_74d0c52e:59|28,0,c:58:51:45,c:59:172:1,f:59:58,11.490485194281398,19.213831259783053,0.19230769230769232,0.0,0.0,0.0,0.23353494623655913,0.9606915629891526,1,3,2,0.8265972828594914
44b6_74d0c52e,44b6_74d0c52e:59,union,29,union|44b6_74d0c52e:59|29,0,c:58:51:45,c:59:173:21,c:59:175:52,7.083210783253595,7.083210783253595,0.3348783314020857,0.18866428854538247,0.6848920863309352,0.2065972222222222,0.3016493055555556,0.35416053916267975,0,3,3,0.8685315581627867
44b6_74d0c52e,44b6_74d0c52e:59,union,30,union|44b6_74d0c52e:59|30,0,c:58:51:45,c:59:173:21,c:59:178:197,14.259317129512198,14.259317129512198,0.8525073746312685,0.0,0.0,0.0,0.553343949044586,0.7129658564756098,0,3,3,0.8138458049595577
44b6_74d0c52e,44b6_74d0c52e:59,union,31,union|44b6_74d0c52e:59|31,0,c:58:51:45,c:59:173:21,c:59:179:250,13.101168840985142,13.101168840985142,0.7975778546712803,0.0017331022530329288,0.004316546762589928,0.0028873917228103944,0.6689124157844081,0.6550584420492571,0,3,3,0.805833746520468
44b6_74d0c52e,44b6_74d0c52e:59,union,32,union|44b6_74d0c52e:59|32,0,c:58:51:45,c:59:173:21,f:59:56,12.082049692290466,12.082049692290466,0.6955475330926595,0.003816793893129771,0.011510791366906475,0.0056777856635912,0.49325762952448543,0.6041024846145233,1,3,2,0.855476417022215
44b6_74d0c52e,44b6_74d0c52e:59,union,33,union|44b6_74d0c52e:59|33,0,c:58:51:45,c:59:173:21,f:59:57,6.851976315275174,6.851976315275174,0.7585301837270341,0.17494226327944573,0.43597122302158275,0.22611940298507463,0.5186567164179104,0.34259881576375867,1,3,2,0.8213914813549023
44b6_74d0c52e,44b6_74d0c52e:59,union,34,union|44b6_74d0c52e:59|34,0,c:58:51:45,c:59:173:21,f:59:58,9.559161138897927,9.559161138897927,0.8304498269896193,0.08544891640866874,0.1985611510791367,0.13043478260869565,0.6568998109640832,0.47795805694489635,1,3,2,0.8199284906808137
44b6_74d0c52e,44b6_74d0c52e:59,union,35,union|44b6_74d0c52e:59|35,0,c:58:51:45,c:59:173:21,f:59:239,12.156467932000146,12.156467932000146,0.6522491349480969,0.006711409395973154,0.015827338129496403,0.011518324607329843,0.7277486910994765,0.6078233966000073,1,3,2,0.8428445243467128
44b6_74d0c52e,44b6_74d0c52e:59,union,36,union|44b6_74d0c52e:59|36,0,c:58:51:45,c:59:175:52,c:59:178:197,14.259317129512198,8.285906709588275,0.3928157589803013,0.07979094076655052,0.3294964028776978,0.09525790349417637,0.28910149750415975,0.4142953354794138,0,3,3,0.7998036571734654
44b6_74d0c52e,44b6_74d0c52e:59,union,37,union|44b6_74d0c52e:59|37,0,c:58:51:45,c:59:175:52,c:59:179:250,13.101168840985142,13.978778558944269,0.2670915411355736,0.013361462728551337,0.05467625899280575,0.017375400091449476,0.3177869227251943,0.6989389279472135,0,3,3,0.7917915987343758
44b6_74d0c52e,44b6_74d0c52e:59,union,38,union|44b6_74d0c52e:59|38,0,c:58:51:45,c:59:175:52,f:59:56,12.082049692290466,14.196655729344911,0.48146002317497105,0.01403180542563143,0.06474820143884892,0.01759874853343762,0.2718028940164255,0.7098327864672456,1,3,2,0.8414342692361227
44b6_74d0c52e,44b6_74d0c52e:59,union,39,union|44b6_74d0c52e:59|39,0,c:58:51:45,c:59:175:52,f:59:57,7.083210783253595,12.932670232645375,0.44148319814600234,0.023143683702989394,0.10359712230215827,0.028938906752411574,0.27934083601286175,0.6466335116322688,1,3,2,0.8073493335688099
44b6_74d0c52e,44b6_74d0c52e:59,union,40,union|44b6_74d0c52e:59|40,0,c:58:51:45,c:59:175:52,f:59:58,9.559161138897927,12.085094198374415,0.27809965237543455,0.13276064037485358,0.4892086330935252,0.1541251133272892,0.31504986400725293,0.6042547099187208,1,3,2,0.8058863428947216
44b6_74d0c52e,44b6_74d0c52e:59,union,41,union|44b6_74d0c52e:59|41,0,c:58:51:45,c:59:175:52,f:59:239,12.156467932000146,13.094055198725307,0.21842410196987253,0.011934900542495479,0.04748201438848921,0.015691868758915834,0.3304802662862577,0.6547027599362654,1,3,2,0.8288023765606206
44b6_74d0c52e,44b6_74d0c52e:59,union,42,union|44b6_74d0c52e:59|42,0,c:58:51:45,c:59:178:197,f:59:58,14.259317129512198,18.747923231160826,0.7079646017699115,0.0,0.0,0.0,0.6001727115716753,0.9373961615580413,1,3,2,0.7512005896914923
44b6_74d0c52e,44b6_74d0c52e:59,union,43,union|44b6_74d0c52e:59|43,0,c:58:51:45,c:59:179:250,f:59:56,13.101168840985142,3.439238518928402,0.5547533092659447,0.3398516520566419,0.7251798561151079,0.39009287925696595,0.5379256965944272,0.1719619259464201,1,3,2,0.778736457593804
44b6_74d0c52e,44b6_74d0c52e:59,union,44,union|44b6_74d0c52e:59|44,0,c:58:51:45,c:59:179:250,f:59:57,13.101168840985142,10.700889420770803,0.60498687664042,0.06911928651059086,0.17841726618705037,0.10139002452984465,0.5682747342600164,0.5350444710385401,1,3,2,0.7446515219264911
44b6_74d0c52e,44b6_74d0c52e:59,union,45,union|44b6_74d0c52e:59|45,0,c:58:51:45,c:59:179:250,f:59:58,13.101168840985142,12.006771221648206,0.9604166666666667,0.035443037974683546,0.08057553956834532,0.05951115834218916,0.7385759829968119,0.6003385610824103,1,3,2,0.7431885312524026
44b6_74d0c52e,44b6_74d0c52e:59,union,46,union|44b6_74d0c52e:59|46,0,c:58:51:45,c:59:179:250,f:59:239,13.101168840985142,9.249130508753497,0.8177874186550976,0.12555066079295155,0.2460431654676259,0.20405727923627684,0.8293556085918854,0.46245652543767485,1,3,2,0.7661045649183018
44b6_74d0c52e,44b6_74d0c52e:59,union,47,union|44b6_74d0c52e:59|47,0,c:58:51:45,f:59:56,f:59:57,12.082049692290466,8.695182112389501,0.9169675090252708,0.12432432432432433,0.3640287769784173,0.15881983678593847,0.43628374136848713,0.43475910561947506,2,3,1,0.7942941924282381
44b6_74d0c52e,44b6_74d0c52e:59,union,48,union|44b6_74d0c52e:59|48,0,c:58:51:45,f:59:56,f:59:58,12.082049692290466,9.38968878248762,0.5776173285198556,0.09737417943107221,0.25611510791366904,0.13577421815408086,0.5301296720061022,0.469484439124381,2,3,1,0.7928312017541496
44b6_74d0c52e,44b6_74d0c52e:59,union,49,union|44b6_74d0c52e:59|49,0,c:58:51:45,f:59:56,f:59:239,12.156467932000146,11.252960672538542,0.4536702767749699,0.04733076499724821,0.1237410071942446,0.07119205298013245,0.5753311258278145,0.5626480336269271,2,3,1,0.8157472354200488
44b6_74d0c52e,44b6_74d0c52e:59,union,50,union|44b6_74d0c52e:59|50,0,c:58:51:45,f:59:57,f:59:58,9.559161138897927,9.256661617562921,0.6299212598425197,0.09994321408290743,0.25323741007194245,0.14170692431561996,0.5595813204508857,0.46283308087814606,2,3,1,0.7587462660868368
44b6_74d0c52e,44b6_74d0c52e:59,union,51,union|44b6_74d0c52e:59|51,0,c:58:51:45,f:59:57,f:59:239,12.156467932000146,11.67283720627696,0.494750656167979,0.031496062992125984,0.08057553956834532,0.04916593503072871,0.6101843722563652,0.583641860313848,2,3,1,0.7816622997527359
44b6_74d0c52e,44b6_74d0c52e:59,union,52,union|44b6_74d0c52e:59|52,0,c:58:51:45,f:59:58,f:59:239,12.156467932000146,17.232099397166596,0.7854166666666667,0.0,0.0,0.0,0.8109684947491248,0.8616049698583298,2,3,1,0.7801993090786475
44b6_996155de,44b6_996155de:60,pil_only,0,pil_only|44b6_996155de:60|0,1,p:19:57,p:20:154,p:20:155,4.596194077712559,8.125,,,,,,0.40625,0,0,0,
44b6_996155de,44b6_996155de:60,union,0,union|44b6_996155de:60|0,1,c:19:57:43,c:20:154:42,c:20:155:41,4.596194077712559,8.125,0.9867688022284122,0.2670489453204997,0.39112177564487105,0.4570627409744129,0.8557288542291541,0.40625,0,3,3,0.9110429174002315
44b6_996155de,44b6_996155de:60,union,1,union|44b6_996155de:60|1,0,c:19:57:43,c:20:154:42,f:20:122,7.211601865713748,9.804307193061073,0.21518105849582173,0.10437051532941943,0.14397120575884823,0.27507163323782235,0.5233953209358129,0.49021535965305363,1,3,2,0.8662777008910644
44b6_996155de,44b6_996155de:60,union,2,union|44b6_996155de:60|2,0,c:19:57:43,c:20:154:42,f:20:123,8.71352854754393,7.350111970409444,0.24512534818941503,0.2625092432832142,0.3194361127774445,0.5956375838926175,0.5362927414517097,0.3675055985204722,1,3,2,0.8027442914886974
44b6_996155de,44b6_996155de:60,union,3,union|44b6_996155de:60|3,0,c:19:57:43,c:20:155:41,f:20:122,7.211601865713748,6.393800472275834,0.2180663373323924,0.25340599455040874,0.3068386322735453,0.5926998841251448,0.5176964607078585,0.31969002361379173,1,3,2,0.8742021257370164
44b6_996155de,44b6_996155de:60,union,4,union|44b6_996155de:60|4,0,c:19:57:43,c:20:155:41,f:20:123,8.71352854754393,12.320046034585975,0.24841213832039521,0.062239800166527894,0.08968206358728255,0.16902204635387225,0.5305938812237553,0.6160023017292987,1,3,2,0.8106687163346495
44b6_996155de,44b6_996155de:60,union,5,union|44b6_996155de:60|5,0,c:19:57:43,f:20:122,f:20:123,8.71352854754393,9.471605971012028,0.8778409090909091,0.10115766262403528,0.11007798440311937,0.5552193645990923,0.19826034793041392,0.4735802985506014,2,3,1,0.7659034998254824
44b6_9be80b04,44b6_9be80b04:155,pil_only,0,pil_only|44b6_9be80b04:155|0,0,p:77:162,p:78:410,p:78:429,15.33021933959198,8.75089281159357,,,,,,0.43754464057967846,0,0,0,
44b6_9be80b04,44b6_9be80b04:155,pil_only,1,pil_only|44b6_9be80b04:155|1,0,p:77:162,p:78:410,p:78:435,15.33021933959198,14.715000849473302,,,,,,0.7357500424736652,0,0,0,
44b6_9be80b04,44b6_9be80b04:155,pil_only,2,pil_only|44b6_9be80b04:155|2,0,p:77:162,p:78:410,p:78:437,15.33021933959198,19.56759119053748,,,,,,0.978379559526874,0,0,0,
44b6_9be80b04,44b6_9be80b04:155,pil_only,3,pil_only|44b6_9be80b04:155|3,0,p:77:162,p:78:410,p:78:450,15.33021933959198,7.960841664045329,,,,,,0.3980420832022665,0,0,0,
44b6_9be80b04,44b6_9be80b04:155,pil_only,4,pil_only|44b6_9be80b04:155|4,0,p:77:162,p:78:410,p:78:460,15.33021933959198,11.490485194281398,,,,,,0.5745242597140698,0,0,0,
44b6_9be80b04,44b6_9be80b04:155,pil_only,5,pil_only|44b6_9be80b04:155|5,0,p:77:162,p:78:410,p:78:466,15.33021933959198,17.50178562318714,,,,,,0.8750892811593569,0,0,0,
44b6_9be80b04,44b6_9be80b04:155,pil_only,6,pil_only|44b6_9be80b04:155|6,0,p:77:162,p:78:410,p:78:489,15.33021933959198,16.331047884321446,,,,,,0.8165523942160723,0,0,0,
44b6_9be80b04,44b6_9be80b04:155,pil_only,7,pil_only|44b6_9be80b04:155|7,0,p:77:162,p:78:410,p:78:493,15.33021933959198,19.02013735491939,,,,,,0.9510068677459695,0,0,0,
44b6_9be80b04,44b6_9be80b04:155,pil_only,8,pil_only|44b6_9be80b04:155|8,0,p:77:162,p:78:429,p:78:435,13.978778558944269,7.083210783253595,,,,,,0.35416053916267975,0,0,0,
44b6_9be80b04,44b6_9be80b04:155,pil_only,9,pil_only|44b6_9be80b04:155|9,0,p:77:162,p:78:429,p:78:450,13.978778558944269,6.700046641628698,,,,,,0.33500233208143493,0,0,0,
44b6_9be80b04,44b6_9be80b04:155,pil_only,10,pil_only|44b6_9be80b04:155|10,0,p:77:162,p:78:429,p:78:460,13.978778558944269,12.481861840286488,,,,,,0.6240930920143244,0,0,0,
44b6_9be80b04,44b6_9be80b04:155,pil_only,11,pil_only|44b6_9be80b04:155|11,0,p:77:162,p:78:429,p:78:466,13.978778558944269,14.625,,,,,,0.73125,0,0,0,
44b6_9be80b04,44b6_9be80b04:155,pil_only,12,pil_only|44b6_9be80b04:155|12,0,p:77:162,p:78:429,p:78:485,13.978778558944269,17.948711652929298,,,,,,0.8974355826464648,0,0,0,
44b6_9be80b04,44b6_9be80b04:155,pil_only,13,pil_only|44b6_9be80b04:155|13,0,p:77:162,p:78:429,p:78:489,13.978778558944269,14.534441853748634,,,,,,0.7267220926874317,0,0,0,
44b6_9be80b04,44b6_9be80b04:155,pil_only,14,pil_only|44b6_9be80b04:155|14,0,p:77:162,p:78:429,p:78:493,13.978778558944269,17.50178562318714,,,,,,0.8750892811593569,0,0,0,
44b6_9be80b04,44b6_9be80b04:155,pil_only,15,pil_only|44b6_9be80b04:155|15,0,p:77:162,p:78:429,p:78:501,13.978778558944269,19.63494970709118,,,,,,0.981747485354559,0,0,0,
44b6_9be80b04,44b6_9be80b04:155,pil_only,16,pil_only|44b6_9be80b04:155|16,0,p:77:162,p:78:435,p:78:450,12.691655723348314,10.017172754824587,,,,,,0.5008586377412294,0,0,0,
44b6_9be80b04,44b6_9be80b04:155,pil_only,17,pil_only|44b6_9be80b04:155|17,0,p:77:162,p:78:435,p:78:460,12.691655723348314,13.788582233137676,,,,,,0.6894291116568838,0,0,0,
44b6_9be80b04,44b6_9be80b04:155,pil_only,18,pil_only|44b6_9be80b04:155|18,0,p:77:162,p:78:435,p:78:466,12.691655723348314,11.490485194281398,,,,,,0.5745242597140698,0,0,0,
44b6_9be80b04,44b6_9be80b04:155,pil_only,19,pil_only|44b6_9be80b04:155|19,0,p:77:162,p:78:435,p:78:485,12.691655723348314,12.691655723348314,,,,,,0.6345827861674157,0,0,0,
44b6_9be80b04,44b6_9be80b04:155,pil_only,20,pil_only|44b6_9be80b04:155|20,0,p:77:162,p:78:435,p:78:489,13.201562407533435,16.809130703281475,,,,,,0.8404565351640738,0,0,0,
44b6_9be80b04,44b6_9be80b04:155,pil_only,21,pil_only|44b6_9be80b04:155|21,0,p:77:162,p:78:435,p:78:493,12.691655723348314,16.809130703281475,,,,,,0.8404565351640738,0,0,0,
44b6_9be80b04,44b6_9be80b04:155,pil_only,22,pil_only|44b6_9be80b04:155|22,0,p:77:162,p:78:435,p:78:501,13.978778558944269,14.625,,,,,,0.73125,0,0,0,
44b6_9be80b04,44b6_9be80b04:155,pil_only,23,pil_only|44b6_9be80b04:155|23,0,p:77:162,p:78:437,p:78:450,14.715000849473302,18.45645212385089,,,,,,0.9228226061925445,0,0,0,
44b6_9be80b04,44b6_9be80b04:155,pil_only,24,pil_only|44b6_9be80b04:155|24,0,p:77:162,p:78:437,p:78:460,14.715000849473302,13.101168840985142,,,,,,0.6550584420492571,0,0,0,
44b6_9be80b04,44b6_9be80b04:155,pil_only,25,pil_only|44b6_9be80b04:155|25,0,p:77:162,p:78:437,p:78:466,14.715000849473302,17.273986945693807,,,,,,0.8636993472846903,0,0,0,
44b6_9be80b04,44b6_9be80b04:155,pil_only,26,pil_only|44b6_9be80b04:155|26,0,p:77:162,p:78:437,p:78:472,14.715000849473302,11.258330249197702,,,,,,0.562916512459885,0,0,0,
44b6_9be80b04,44b6_9be80b04:155,pil_only,27,pil_only|44b6_9be80b04:155|27,0,p:77:162,p:78:437,p:78:493,14.715000849473302,17.35025215955088,,,,,,0.867512607977544,0,0,0,
44b6_9be80b04,44b6_9be80b04:155,pil_only,28,pil_only|44b6_9be80b04:155|28,0,p:77:162,p:78:437,p:78:495,14.715000849473302,12.481861840286488,,,,,,0.6240930920143244,0,0,0,
44b6_9be80b04,44b6_9be80b04:155,pil_only,29,pil_only|44b6_9be80b04:155|29,0,p:77:162,p:78:450,p:78:460,8.75089281159357,6.080193253507654,,,,,,0.3040096626753827,0,0,0,
44b6_9be80b04,44b6_9be80b04:155,pil_only,30,pil_only|44b6_9be80b04:155|30,0,p:77:162,p:78:450,p:78:466,8.75089281159357,10.779030568655049,,,,,,0.5389515284327524,0,0,0,
44b6_9be80b04,44b6_9be80b04:155,pil_only,31,pil_only|44b6_9be80b04:155|31,0,p:77:162,p:78:450,p:78:485,11.02128622257856,16.00439392791867,,,,,,0.8002196963959335,0,0,0,
44b6_9be80b04,44b6_9be80b04:155,pil_only,32,pil_only|44b6_9be80b04:155|32,0,p:77:162,p:78:450,p:78:489,13.201562407533435,10.405076885828379,,,,,,0.520253844291419,0,0,0,
44b6_9be80b04,44b6_9be80b04:155,pil_only,33,pil_only|44b6_9be80b04:155|33,0,p:77:162,p:78:450,p:78:493,8.75089281159357,11.830178570080843,,,,,,0.5915089285040421,0,0,0,
44b6_9be80b04,44b6_9be80b04:155,pil_only,34,pil_only|44b6_9be80b04:155|34,0,p:77:162,p:78:450,p:78:495,10.900831390311474,17.04314378276496,,,,,,0.852157189138248,0,0,0,
44b6_9be80b04,44b6_9be80b04:155,pil_only,35,pil_only|44b6_9be80b04:155|35,0,p:77:162,p:78:450,p:78:501,13.978778558944269,18.022121822915302,,,,,,0.9011060911457651,0,0,0,
44b6_9be80b04,44b6_9be80b04:155,pil_only,36,pil_only|44b6_9be80b04:155|36,1,p:77:162,p:78:460,p:78:466,4.875,8.285906709588275,,,,,,0.4142953354794138,0,0,0,
44b6_9be80b04,44b6_9be80b04:155,pil_only,37,pil_only|44b6_9be80b04:155|37,0,p:77:162,p:78:460,p:78:472,13.201562407533435,15.33021933959198,,,,,,0.7665109669795991,0,0,0,
44b6_9be80b04,44b6_9be80b04:155,pil_only,38,pil_only|44b6_9be80b04:155|38,0,p:77:162,p:78:460,p:78:485,11.02128622257856,15.33021933959198,,,,,,0.7665109669795991,0,0,0,
44b6_9be80b04,44b6_9be80b04:155,pil_only,39,pil_only|44b6_9be80b04:155|39,0,p:77:162,p:78:460,p:78:489,13.201562407533435,11.604821196382131,,,,,,0.5802410598191066,0,0,0,
44b6_9be80b04,44b6_9be80b04:155,pil_only,40,pil_only|44b6_9be80b04:155|40,0,p:77:162,p:78:460,p:78:493,6.894291116568838,8.443747686898277,,,,,,0.4221873843449139,0,0,0,
44b6_9be80b04,44b6_9be80b04:155,pil_only,41,pil_only|44b6_9be80b04:155|41,0,p:77:162,p:78:460,p:78:495,10.900831390311474,11.490485194281398,,,,,,0.5745242597140698,0,0,0,
44b6_9be80b04,44b6_9be80b04:155,pil_only,42,pil_only|44b6_9be80b04:155|42,0,p:77:162,p:78:460,p:78:501,13.978778558944269,17.875,,,,,,0.89375,0,0,0,
44b6_9be80b04,44b6_9be80b04:155,pil_only,43,pil_only|44b6_9be80b04:155|43,0,p:77:162,p:78:466,p:78:472,13.201562407533435,13.884006086140989,,,,,,0.6942003043070495,0,0,0,
44b6_9be80b04,44b6_9be80b04:155,pil_only,44,pil_only|44b6_9be80b04:155|44,0,p:77:162,p:78:466,p:78:485,11.02128622257856,8.125,,,,,,0.40625,0,0,0,
44b6_9be80b04,44b6_9be80b04:155,pil_only,45,pil_only|44b6_9be80b04:155|45,0,p:77:162,p:78:466,p:78:489,13.201562407533435,15.33021933959198,,,,,,0.7665109669795991,0,0,0,
44b6_9be80b04,44b6_9be80b04:155,pil_only,46,pil_only|44b6_9be80b04:155|46,0,p:77:162,p:78:466,p:78:493,6.894291116568838,8.75089281159357,,,,,,0.43754464057967846,0,0,0,
44b6_9be80b04,44b6_9be80b04:155,pil_only,47,pil_only|44b6_9be80b04:155|47,0,p:77:162,p:78:466,p:78:495,10.900831390311474,13.201562407533435,,,,,,0.6600781203766718,0,0,0,
44b6_9be80b04,44b6_9be80b04:155,pil_only,48,pil_only|44b6_9be80b04:155|48,0,p:77:162,p:78:466,p:78:501,13.978778558944269,11.604821196382131,,,,,,0.5802410598191066,0,0,0,
44b6_9be80b04,44b6_9be80b04:155,pil_only,49,pil_only|44b6_9be80b04:155|49,0,p:77:162,p:78:472,p:78:485,13.201562407533435,19.22725929507375,,,,,,0.9613629647536875,0,0,0,
44b6_9be80b04,44b6_9be80b04:155,pil_only,50,pil_only|44b6_9be80b04:155|50,0,p:77:162,p:78:472,p:78:493,13.201562407533435,14.715000849473302,,,,,,0.7357500424736652,0,0,0,
44b6_9be80b04,44b6_9be80b04:155,pil_only,51,pil_only|44b6_9be80b04:155|51,0,p:77:162,p:78:472,p:78:495,13.201562407533435,9.613629647536875,,,,,,0.48068148237684377,0,0,0,
44b6_9be80b04,44b6_9be80b04:155,pil_only,52,pil_only|44b6_9be80b04:155|52,0,p:77:162,p:78:485,p:78:489,13.201562407533435,17.35025215955088,,,,,,0.867512607977544,0,0,0,
44b6_9be80b04,44b6_9be80b04:155,pil_only,53,pil_only|44b6_9be80b04:155|53,0,p:77:162,p:78:485,p:78:493,11.02128622257856,11.941262496067994,,,,,,0.5970631248033997,0,0,0,
44b6_9be80b04,44b6_9be80b04:155,pil_only,54,pil_only|44b6_9be80b04:155|54,0,p:77:162,p:78:485,p:78:495,11.02128622257856,18.022121822915302,,,,,,0.9011060911457651,0,0,0,
44b6_9be80b04,44b6_9be80b04:155,pil_only,55,pil_only|44b6_9be80b04:155|55,0,p:77:162,p:78:485,p:78:501,13.978778558944269,3.9804208320226646,,,,,,0.19902104160113324,0,0,0,
44b6_9be80b04,44b6_9be80b04:155,pil_only,56,pil_only|44b6_9be80b04:155|56,0,p:77:162,p:78:489,p:78:493,13.201562407533435,9.75,,,,,,0.4875,0,0,0,
44b6_9be80b04,44b6_9be80b04:155,pil_only,57,pil_only|44b6_9be80b04:155|57,0,p:77:162,p:78:489,p:78:495,13.201562407533435,16.00439392791867,,,,,,0.8002196963959335,0,0,0,
44b6_9be80b04,44b6_9be80b04:155,pil_only,58,pil_only|44b6_9be80b04:155|58,0,p:77:162,p:78:489,p:78:501,13.978778558944269,17.35025215955088,,,,,,0.867512607977544,0,0,0,
44b6_9be80b04,44b6_9be80b04:155,pil_only,59,pil_only|44b6_9be80b04:155|59,0,p:77:162,p:78:493,p:78:495,10.900831390311474,8.125,,,,,,0.40625,0,0,0,
44b6_9be80b04,44b6_9be80b04:155,pil_only,60,pil_only|44b6_9be80b04:155|60,0,p:77:162,p:78:493,p:78:501,13.978778558944269,13.201562407533435,,,,,,0.6600781203766718,0,0,0,
44b6_9be80b04,44b6_9be80b04:155,pil_only,61,pil_only|44b6_9be80b04:155|61,0,p:77:162,p:78:495,p:78:501,13.978778558944269,19.835652875567266,,,,,,0.9917826437783633,0,0,0,
44b6_9be80b04,44b6_9be80b04:155,union,0,union|44b6_9be80b04:155|0,0,c:77:162:506,c:78:410:133,c:78:429:56,15.33021933959198,8.75089281159357,0.8953744493392071,0.10062001771479186,0.12644701691896706,0.33004067402672865,0.3831255565449688,0.43754464057967846,0,3,3,0.8404005559863615
44b6_9be80b04,44b6_9be80b04:155,union,1,union|44b6_9be80b04:155|1,0,c:77:162:506,c:78:410:133,c:78:435:448,15.33021933959198,14.715000849473302,0.6686303387334315,0.010466507177033494,0.015583259127337488,0.03089143865842895,0.5044523597506678,0.7357500424736652,0,3,3,0.8370285382783843
44b6_9be80b04,44b6_9be80b04:155,union,2,union|44b6_9be80b04:155|2,0,c:77:162:506,c:78:410:133,c:78:437:498,15.33021933959198,19.56759119053748,0.6367461430575035,0.001026543481448893,0.001558325912733749,0.0029991431019708655,0.5195903829029386,0.978379559526874,0,3,3,0.8218216112379935
44b6_9be80b04,44b6_9be80b04:155,union,3,union|44b6_9be80b04:155|3,0,c:77:162:506,c:78:410:133,c:78:450:456,15.33021933959198,7.960841664045329,0.4635017866258295,0.2960549489256781,0.3742208370436331,0.5863271712591559,0.6382457702582368,0.3980420832022665,0,3,3,0.8337354887919632
44b6_9be80b04,44b6_9be80b04:155,union,4,union|44b6_9be80b04:155|4,0,c:77:162:506,c:78:410:133,c:78:460:514,15.33021933959198,11.490485194281398,0.7807394668959587,0.1192019099590723,0.1556099732858415,0.33751810719459197,0.4610418521816563,0.5745242597140698,0,3,3,0.8219942216200099
44b6_9be80b04,44b6_9be80b04:155,union,5,union|44b6_9be80b04:155|5,0,c:77:162:506,c:78:410:133,c:78:466:445,15.33021933959198,17.50178562318714,0.7944006999125109,0.0030660738923808063,0.004452359750667854,0.009751340809361287,0.4565894924309884,0.8750892811593569,0,3,3,0.8389284150334987
44b6_9be80b04,44b6_9be80b04:155,union,6,union|44b6_9be80b04:155|6,0,c:77:162:506,c:78:410:133,c:78:489:996,15.33021933959198,16.331047884321446,0.9504405286343612,0.2210957301618249,0.25244879786286734,0.6403162055335968,0.3942564559216385,0.8165523942160723,0,3,3,0.8376699157243661
44b6_9be80b04,44b6_9be80b04:155,union,7,union|44b6_9be80b04:155|7,0,c:77:162:506,c:78:410:133,c:78:493:1021,15.33021933959198,19.02013735491939,0.7668918918918919,0.05259792166266986,0.0732413178984862,0.15726577437858508,0.4657168299198575,0.9510068677459695,0,3,3,0.8213435404667804
44b6_9be80b04,44b6_9be80b04:155,union,8,union|44b6_9be80b04:155|8,0,c:77:162:506,c:78:410:133,f:78:491,15.33021933959198,12.17305790773107,0.6380885453267744,0.044869831546707505,0.06522707034728406,0.12569712569712568,0.5189225289403384,0.6086528953865535,1,3,2,0.8163225793551726
44b6_9be80b04,44b6_9be80b04:155,union,9,union|44b6_9be80b04:155|9,0,c:77:162:506,c:78:410:133,f:78:542,15.33021933959198,14.673100208377512,0.6112334801762115,0.024604267033723332,0.031834372217275156,0.09774436090225563,0.32569011576135354,0.7336550104188756,1,3,2,0.7996256204131308
44b6_9be80b04,44b6_9be80b04:155,union,10,union|44b6_9be80b04:155|10,0,c:77:162:506,c:78:410:133,f:78:545,15.33021933959198,8.454078134780866,0.6376651982378855,0.12811320754716982,0.15115761353517365,0.4566240753194351,0.33103294746215495,0.42270390673904334,1,3,2,0.7775608825980473
44b6_9be80b04,44b6_9be80b04:155,union,11,union|44b6_9be80b04:155|11,0,c:77:162:506,c:78:410:133,f:78:547,15.880435276134875,12.54391281467263,0.30506607929515417,0.031244323342415985,0.03829029385574354,0.1451476793248945,0.26380231522707037,0.6271956407336315,1,3,2,0.7693125828945012
44b6_9be80b04,44b6_9be80b04:155,union,12,union|44b6_9be80b04:155|12,0,c:77:162:506,c:78:410:133,f:78:1010,15.33021933959198,18.98563706160177,0.8664122137404581,0.12865394713810607,0.16362422083704364,0.37576687116564417,0.43544078361531613,0.9492818530800886,1,3,2,0.8270446523032607
44b6_9be80b04,44b6_9be80b04:155,union,13,union|44b6_9be80b04:155|13,0,c:77:162:506,c:78:429:56,c:78:435:448,13.978778558944269,7.083210783253595,0.5986745213549337,0.1964446040581792,0.2435440783615316,0.5039152464302165,0.48330365093499555,0.35416053916267975,0,3,3,0.9088441852567201
44b6_9be80b04,44b6_9be80b04:155,union,14,union|44b6_9be80b04:155|14,0,c:77:162:506,c:78:429:56,c:78:450:456,13.978778558944269,6.700046641628698,0.41500765696784075,0.3243391066545123,0.3960373998219056,0.6417748917748918,0.6170970614425646,0.33500233208143493,0,3,3,0.905551135770299
44b6_9be80b04,44b6_9be80b04:155,union,15,union|44b6_9be80b04:155|15,0,c:77:162:506,c:78:429:56,c:78:460:514,13.978778558944269,12.481861840286488,0.6990541702493551,0.025364616360177554,0.03561887800534283,0.08097165991902834,0.43989314336598395,0.6240930920143244,0,3,3,0.8938098685983457
44b6_9be80b04,44b6_9be80b04:155,union,16,union|44b6_9be80b04:155|16,0,c:77:162:506,c:78:429:56,c:78:466:445,13.978778558944269,14.625,0.7112860892388452,0.00046547711404189296,0.0006678539626001781,0.0015337423312883436,0.43544078361531613,0.73125,0,3,3,0.9107440620118344
44b6_9be80b04,44b6_9be80b04:155,union,17,union|44b6_9be80b04:155|17,0,c:77:162:506,c:78:429:56,p:78:485,13.978778558944269,17.948711652929298,,,,,,0.8974355826464648,0,2,2,0.8995846798708174
44b6_9be80b04,44b6_9be80b04:155,union,18,union|44b6_9be80b04:155|18,0,c:77:162:506,c:78:429:56,c:78:489:996,13.978778558944269,14.534441853748634,0.9420625724217845,0.13821738328104816,0.16674087266251114,0.4468973747016706,0.37310774710596617,0.7267220926874317,0,3,3,0.9094855627027019
44b6_9be80b04,44b6_9be80b04:155,union,19,union|44b6_9be80b04:155|19,0,c:77:162:506,c:78:429:56,c:78:493:1021,13.978778558944269,17.50178562318714,0.6866554054054054,0.019962276013832127,0.02827248441674087,0.06359539308963445,0.4445681211041852,0.8750892811593569,0,3,3,0.893159187445116
44b6_9be80b04,44b6_9be80b04:155,union,20,union|44b6_9be80b04:155|20,0,c:77:162:506,c:78:429:56,c:78:501:1030,13.978778558944269,19.63494970709118,0.4740524781341108,0.00659592773157442,0.010240427426536063,0.01819620253164557,0.5627782724844167,0.981747485354559,0,3,3,0.8846992748793707
44b6_9be80b04,44b6_9be80b04:155,union,21,union|44b6_9be80b04:155|21,0,c:77:162:506,c:78:429:56,f:78:491,13.978778558944269,14.19603781365677,0.5713281799016163,0.01985751098984387,0.029162956366874444,0.05858676207513417,0.4977738201246661,0.7098018906828385,1,3,2,0.8881382263335084
44b6_9be80b04,44b6_9be80b04:155,union,22,union|44b6_9be80b04:155|22,0,c:77:162:506,c:78:429:56,f:78:524,14.39825164044905,17.22004597051153,0.6642156862745098,0.007406264465360284,0.01068566340160285,0.023564064801178203,0.4534728406055209,0.8610022985255765,1,3,2,0.883056801737974
44b6_9be80b04,44b6_9be80b04:155,union,23,union|44b6_9be80b04:155|23,0,c:77:162:506,c:78:429:56,f:78:542,13.978778558944269,19.36843275261723,0.6826568265682657,0.0,0.0,0.0,0.3045414069456812,0.9684216376308615,1,3,2,0.8714412673914663
44b6_9be80b04,44b6_9be80b04:155,union,24,union|44b6_9be80b04:155|24,0,c:77:162:506,c:78:429:56,f:78:545,13.978778558944269,13.004520513930357,0.7121771217712177,0.007706799109436548,0.010017809439002672,0.032327586206896554,0.3098842386464826,0.6502260256965179,1,3,2,0.849376529576383
44b6_9be80b04,44b6_9be80b04:155,union,25,union|44b6_9be80b04:155|25,0,c:77:162:506,c:78:429:56,f:78:547,15.880435276134875,19.24829354014333,0.34071340713407133,0.0,0.0,0.0,0.24265360641139805,0.9624146770071664,1,3,2,0.8411282298728368
44b6_9be80b04,44b6_9be80b04:155,union,26,union|44b6_9be80b04:155|26,0,c:77:162:506,c:78:429:56,f:78:548,15.73792901630396,18.97296816086859,0.2767527675276753,0.0,0.0,0.0,0.23107747105966162,0.9486484080434294,1,3,2,0.8278469248628263
44b6_9be80b04,44b6_9be80b04:155,union,27,union|44b6_9be80b04:155|27,0,c:77:162:506,c:78:435:448,c:78:450:456,12.691655723348314,10.017172754824587,0.6932108218478815,0.16621863799283154,0.24777382012466606,0.3355441664154356,0.7384238646482636,0.5008586377412294,0,3,3,0.9021791180623219
44b6_9be80b04,44b6_9be80b04:155,union,28,union|44b6_9be80b04:155|28,0,c:77:162:506,c:78:435:448,c:78:460:514,12.691655723348314,13.788582233137676,0.8564064801178203,0.011539016298860522,0.017809439002671415,0.0317334391114637,0.561219946571683,0.6894291116568838,0,3,3,0.8904378508903684
44b6_9be80b04,44b6_9be80b04:155,union,29,union|44b6_9be80b04:155|29,0,c:77:162:506,c:78:435:448,c:78:466:445,12.691655723348314,11.490485194281398,0.841678939617084,0.05459206756145378,0.08058771148708815,0.1447421031587365,0.5567675868210151,0.5745242597140698,0,3,3,0.9073720443038572
44b6_9be80b04,44b6_9be80b04:155,union,30,union|44b6_9be80b04:155|30,0,c:77:162:506,c:78:435:448,p:78:485,12.691655723348314,12.691655723348314,,,,,,0.6345827861674157,0,2,2,0.8945266533088516
44b6_9be80b04,44b6_9be80b04:155,union,31,union|44b6_9be80b04:155|31,0,c:77:162:506,c:78:435:448,c:78:489:996,13.201562407533435,16.809130703281475,0.6354933726067746,0.03181678450660928,0.046081923419412286,0.09320126069338136,0.49443455031166517,0.8404565351640738,0,3,3,0.9061135449947247
44b6_9be80b04,44b6_9be80b04:155,union,32,union|44b6_9be80b04:155|32,0,c:77:162:506,c:78:435:448,c:78:493:1021,12.691655723348314,16.809130703281475,0.8718703976435935,0.01632712035832972,0.025155832591273374,0.04445318646734855,0.5658949243098842,0.8404565351640738,0,3,3,0.8897871697371388
44b6_9be80b04,44b6_9be80b04:155,union,33,union|44b6_9be80b04:155|33,0,c:77:162:506,c:78:435:448,c:78:501:1030,13.978778558944269,14.625,0.7918367346938775,0.1956693535640904,0.27560106856634015,0.40286365115522293,0.6841050756901158,0.73125,0,3,3,0.8813272571713936
44b6_9be80b04,44b6_9be80b04:155,union,34,union|44b6_9be80b04:155|34,0,c:77:162:506,c:78:435:448,f:78:491,12.691655723348314,14.489088849388695,0.9543218552354181,0.015214963707426019,0.024265360641139804,0.039194534340165406,0.6191006233303651,0.7244544424694348,1,3,2,0.8847662086255311
44b6_9be80b04,44b6_9be80b04:155,union,35,union|44b6_9be80b04:155|35,0,c:77:162:506,c:78:435:448,f:78:524,14.39825164044905,10.3675371850263,0.9013254786450663,0.1312969774508236,0.1827693677649154,0.3179705654531371,0.57479964381122,0.518376859251315,1,3,2,0.8796847840299966
44b6_9be80b04,44b6_9be80b04:155,union,36,union|44b6_9be80b04:155|36,0,c:77:162:506,c:78:435:448,f:78:545,12.691655723348314,15.592782478880338,0.4263622974963181,0.0012459118517364897,0.0017809439002671415,0.004130098089829634,0.4312110418521817,0.7796391239440169,1,3,2,0.8460045118684058
44b6_9be80b04,44b6_9be80b04:155,union,37,union|44b6_9be80b04:155|37,0,c:77:162:506,c:78:435:448,f:78:548,15.73792901630396,13.437395219229717,0.16568483063328424,0.01199400299850075,0.016028495102404273,0.045483259633607075,0.35240427426536064,0.6718697609614859,1,3,2,0.8244749071548491
44b6_9be80b04,44b6_9be80b04:155,union,38,union|44b6_9be80b04:155|38,0,c:77:162:506,c:78:435:448,f:78:1041,14.040765607067872,19.967974357512595,0.5640648011782032,0.0,0.0,0.0,0.4728406055209261,0.9983987178756297,1,3,2,0.8607477160992523
44b6_9be80b04,44b6_9be80b04:155,union,39,union|44b6_9be80b04:155|39,0,c:77:162:506,c:78:437:498,c:78:450:456,14.715000849473302,18.45645212385089,0.7279224093925473,0.007031449757095372,0.012243989314336599,0.01624815361890694,0.7535618878005342,0.9228226061925445,0,3,3,0.8869721910219308
44b6_9be80b04,44b6_9be80b04:155,union,40,union|44b6_9be80b04:155|40,0,c:77:162:506,c:78:437:498,c:78:460:514,14.715000849473302,13.101168840985142,0.8155680224403927,0.1304278416347382,0.18187889581478184,0.3155658555426806,0.5763579697239537,0.6550584420492571,0,3,3,0.8752309238499775
44b6_9be80b04,44b6_9be80b04:155,union,41,union|44b6_9be80b04:155|41,0,c:77:162:506,c:78:437:498,c:78:466:445,14.715000849473302,17.273986945693807,0.8015427769985974,0.04021803182086034,0.060774710596616204,0.10626702997275204,0.5719056099732859,0.8636993472846903,0,3,3,0.8921651172634663
44b6_9be80b04,44b6_9be80b04:155,union,42,union|44b6_9be80b04:155|42,0,c:77:162:506,c:78:437:498,c:78:472:495,14.715000849473302,11.258330249197702,0.8621523579201935,0.18442045987799155,0.26246660730187,0.3827922077922078,0.6856634016028496,0.562916512459885,0,3,3,0.8684461852782009
44b6_9be80b04,44b6_9be80b04:155,union,43,union|44b6_9be80b04:155|43,0,c:77:162:506,c:78:437:498,c:78:493:1021,14.715000849473302,17.35025215955088,0.8302945301542777,0.10382343798570097,0.14870881567230632,0.25593869731800767,0.581032947462155,0.867512607977544,0,3,3,0.8745802426967478
44b6_9be80b04,44b6_9be80b04:155,union,44,union|44b6_9be80b04:155|44,0,c:77:162:506,c:78:437:498,c:78:495:999,14.715000849473302,12.481861840286488,0.7720628045479155,0.43583579881656803,0.5247105966162066,0.7201344332416743,0.7286286731967943,0.6240930920143244,0,3,3,0.8856901871420595
44b6_9be80b04,44b6_9be80b04:155,union,45,union|44b6_9be80b04:155|45,0,c:77:162:506,c:78:437:498,f:78:491,14.715000849473302,13.639138960220466,0.9978962131837307,0.13990683229813664,0.20057880676758683,0.31625131625131625,0.6342386464826358,0.6819569480110232,1,3,2,0.8695592815851402
44b6_9be80b04,44b6_9be80b04:155,union,46,union|44b6_9be80b04:155|46,0,c:77:162:506,c:78:437:498,f:78:542,14.715000849473302,6.989965001062543,0.38920056100981765,0.24552626515297288,0.2840605520926091,0.6441191317516406,0.4410062333036509,0.3494982500531271,1,3,2,0.8528623226430981
44b6_9be80b04,44b6_9be80b04:155,union,47,union|44b6_9be80b04:155|47,0,c:77:162:506,c:78:437:498,f:78:545,14.715000849473302,11.87601869722721,0.4060308555399719,0.148894783377542,0.18744434550311664,0.4199501246882793,0.44634906500445237,0.5938009348613604,1,3,2,0.8307975848280148
44b6_9be80b04,44b6_9be80b04:155,union,48,union|44b6_9be80b04:155|48,0,c:77:162:506,c:78:437:498,f:78:547,15.880435276134875,9.373078458283633,0.19424964936886396,0.19157530294287364,0.22172751558325912,0.5848502642395772,0.37911843276936774,0.4686539229141816,1,3,2,0.8225492851244686
44b6_9be80b04,44b6_9be80b04:155,union,49,union|44b6_9be80b04:155|49,0,c:77:162:506,c:78:437:498,f:78:1010,14.715000849473302,19.278993504983873,0.7349228611500701,0.038616370955717905,0.057658058771148706,0.10468876313662086,0.5507569011576136,0.9639496752491936,1,3,2,0.8802813545332282
44b6_9be80b04,44b6_9be80b04:155,union,50,union|44b6_9be80b04:155|50,0,c:77:162:506,c:78:437:498,f:78:1035,15.709257876639743,16.726646091547867,0.23422159887798036,0.10949423247559893,0.1373552983081033,0.35056818181818183,0.39180765805877116,0.8363323045773934,1,3,2,0.8545749614636927
44b6_9be80b04,44b6_9be80b04:155,union,51,union|44b6_9be80b04:155|51,0,c:77:162:506,c:78:450:456,c:78:460:514,8.75089281159357,6.080193253507654,0.5936702399183257,0.3179851133806474,0.4089492430988424,0.5884048686739269,0.695013357079252,0.3040096626753827,0,3,3,0.8871448014039474
44b6_9be80b04,44b6_9be80b04:155,union,52,union|44b6_9be80b04:155|52,0,c:77:162:506,c:78:450:456,c:78:466:445,8.75089281159357,10.779030568655049,0.5834609494640123,0.10153756890049319,0.1558325912733749,0.2256608639587363,0.6905609973285841,0.5389515284327524,0,3,3,0.9040789948174361
44b6_9be80b04,44b6_9be80b04:155,union,53,union|44b6_9be80b04:155|53,0,c:77:162:506,c:78:450:456,p:78:485,11.02128622257856,16.00439392791867,,,,,,0.8002196963959335,0,2,2,0.88958707907922
44b6_9be80b04,44b6_9be80b04:155,union,54,union|44b6_9be80b04:155|54,0,c:77:162:506,c:78:450:456,c:78:489:996,13.201562407533435,10.405076885828379,0.4405308831036243,0.43439890174544027,0.49309884238646484,0.7849043231750532,0.6282279608192342,0.520253844291419,0,3,3,0.9028204955083036
44b6_9be80b04,44b6_9be80b04:155,union,55,union|44b6_9be80b04:155|55,0,c:77:162:506,c:78:450:456,c:78:493:1021,8.75089281159357,11.830178570080843,0.6043899948953547,0.27080559254327563,0.3621994657168299,0.5176582882596246,0.6996883348174533,0.5915089285040421,0,3,3,0.8864941202507177
44b6_9be80b04,44b6_9be80b04:155,union,56,union|44b6_9be80b04:155|56,0,c:77:162:506,c:78:450:456,c:78:495:999,10.900831390311474,17.04314378276496,0.9428279734558448,0.003385731559854897,0.006233303650934996,0.007356805044666317,0.8472840605520926,0.852157189138248,0,3,3,0.8976040646960294
44b6_9be80b04,44b6_9be80b04:155,union,57,union|44b6_9be80b04:155|57,0,c:77:162:506,c:78:450:456,c:78:501:1030,13.978778558944269,18.022121822915302,0.8754466564573762,0.040519877675840976,0.07079252003561888,0.08655416439847577,0.8178984861976848,0.9011060911457651,0,3,3,0.8780342076849724
44b6_9be80b04,44b6_9be80b04:155,union,58,union|44b6_9be80b04:155|58,0,c:77:162:506,c:78:450:456,f:78:491,10.831638728638557,11.590993923087192,0.7263910158244002,0.1865581675708258,0.27560106856634015,0.3660555884092253,0.7528940338379341,0.5795496961543596,1,3,2,0.8814731591391101
44b6_9be80b04,44b6_9be80b04:155,union,59,union|44b6_9be80b04:155|59,0,c:77:162:506,c:78:450:456,f:78:524,14.39825164044905,17.58320093416776,0.6248085758039816,0.007482278813336834,0.012689225289403383,0.017907634307257305,0.7085930543187889,0.879160046708388,1,3,2,0.8763917345435756
44b6_9be80b04,44b6_9be80b04:155,union,60,union|44b6_9be80b04:155|60,0,c:77:162:506,c:78:450:456,f:78:542,11.64159896102045,13.118079870921012,0.2833078101071976,0.018165964249382358,0.02782724844167409,0.049721559268098646,0.5596616206589492,0.6559039935460506,1,3,2,0.8647762001970681
44b6_9be80b04,44b6_9be80b04:155,union,61,union|44b6_9be80b04:155|61,0,c:77:162:506,c:78:450:456,f:78:545,10.352406592468478,8.748619082850793,0.29555895865237364,0.2074888354517348,0.26892252894033836,0.47596532702915684,0.5650044523597507,0.43743095414253963,1,3,2,0.8427114623819847
44b6_9be80b04,44b6_9be80b04:155,union,62,union|44b6_9be80b04:155|62,0,c:77:162:506,c:78:450:456,f:78:547,15.880435276134875,15.110344260340568,0.14139867279224094,0.015853842669485127,0.023374888691006235,0.046958855098389984,0.4977738201246661,0.7555172130170285,1,3,2,0.8344631626784386
44b6_9be80b04,44b6_9be80b04:155,union,63,union|44b6_9be80b04:155|63,0,c:77:162:506,c:78:450:456,f:78:548,15.73792901630396,19.21941419358156,0.11485451761102604,0.00029967036260113877,0.0004452359750667854,0.0009157509157509158,0.48619768477292963,0.960970709679078,1,3,2,0.821181857668428
44b6_9be80b04,44b6_9be80b04:155,union,64,union|44b6_9be80b04:155|64,0,c:77:162:506,c:78:450:456,f:78:1010,14.520836526857991,14.281794946752601,0.5349668198060235,0.11891972545508803,0.177426536064114,0.2650482208180911,0.6694122885129118,0.7140897473376301,1,3,2,0.8921952320871981
44b6_9be80b04,44b6_9be80b04:155,union,65,union|44b6_9be80b04:155|65,0,c:77:162:506,c:78:450:456,f:78:1035,15.709257876639743,17.654731921849525,0.1704951505870342,0.011478831246273106,0.01714158504007124,0.033580462276493674,0.5104630454140695,0.8827365960924762,1,3,2,0.8664888390176627
44b6_9be80b04,44b6_9be80b04:155,union,66,union|44b6_9be80b04:155|66,1,c:77:162:506,c:78:460:514,c:78:466:445,4.875,8.285906709588275,0.9828030954428203,0.13527054108216433,0.1803205699020481,0.3512575888985256,0.5133570792520036,0.4142953354794138,0,3,3,0.8923377276454828
44b6_9be80b04,44b6_9be80b04:155,union,67,union|44b6_9be80b04:155|67,0,c:77:162:506,c:78:460:514,c:78:472:495,13.201562407533435,15.33021933959198,0.7031438935912938,0.010088446655610834,0.016251113089937666,0.025914093006744764,0.6271148708815673,0.7665109669795991,0,3,3,0.8686187956602175
44b6_9be80b04,44b6_9be80b04:155,union,68,union|44b6_9be80b04:155|68,0,c:77:162:506,c:78:460:514,p:78:485,11.02128622257856,15.33021933959198,,,,,,0.7665109669795991,0,2,2,0.8719751783212899
44b6_9be80b04,44b6_9be80b04:155,union,69,union|44b6_9be80b04:155|69,0,c:77:162:506,c:78:460:514,c:78:489:996,13.201562407533435,11.604821196382131,0.7420464316423044,0.18079710144927535,0.22217275155832591,0.49259624876604147,0.4510240427426536,0.5802410598191066,0,3,3,0.8910792283363502
44b6_9be80b04,44b6_9be80b04:155,union,70,union|44b6_9be80b04:155|70,0,c:77:162:506,c:78:460:514,c:78:493:1021,6.894291116568838,8.443747686898277,0.9822635135135135,0.48254931714719274,0.4955476402493321,0.9484448231785257,0.5224844167408726,0.4221873843449139,0,3,3,0.8747528530787644
44b6_9be80b04,44b6_9be80b04:155,union,71,union|44b6_9be80b04:155|71,0,c:77:162:506,c:78:460:514,c:78:495:999,10.900831390311474,11.490485194281398,0.6296697347049269,0.19955228653661655,0.2778272484416741,0.41461794019933557,0.6700801424755121,0.5745242597140698,0,3,3,0.885862797524076
44b6_9be80b04,44b6_9be80b04:155,union,72,union|44b6_9be80b04:155|72,0,c:77:162:506,c:78:460:514,c:78:501:1030,13.978778558944269,17.875,0.678134110787172,0.02176625537224456,0.034951024042742654,0.05455177206393329,0.6406945681211041,0.89375,0,3,3,0.8662929405130191
44b6_9be80b04,44b6_9be80b04:155,union,73,union|44b6_9be80b04:155|73,0,c:77:162:506,c:78:460:514,f:78:491,10.831638728638557,10.049323050360732,0.8172874209416725,0.46663903854123495,0.5013357079252003,0.8708430007733952,0.5756901157613535,0.5024661525180366,1,3,2,0.8697318919671567
44b6_9be80b04,44b6_9be80b04:155,union,74,union|44b6_9be80b04:155|74,0,c:77:162:506,c:78:460:514,f:78:524,14.39825164044905,18.26312899515991,0.9501633986928104,0.008651026392961877,0.01313446126447017,0.024717218265605363,0.5313891362422084,0.9131564497579955,1,3,2,0.8646504673716221
44b6_9be80b04,44b6_9be80b04:155,union,75,union|44b6_9be80b04:155|75,0,c:77:162:506,c:78:460:514,f:78:542,11.64159896102045,8.268285892157916,0.4772141014617369,0.14660265878877402,0.1767586821015138,0.46216530849825377,0.38245770258236866,0.4134142946078958,1,3,2,0.8530349330251147
44b6_9be80b04,44b6_9be80b04:155,union,76,union|44b6_9be80b04:155|76,0,c:77:162:506,c:78:460:514,f:78:545,10.352406592468478,7.041324122573496,0.49785038693035255,0.3528645833333333,0.3619768477292965,0.9334098737083811,0.3878005342831701,0.3520662061286748,1,3,2,0.8309701952100313
44b6_9be80b04,44b6_9be80b04:155,union,77,union|44b6_9be80b04:155|77,0,c:77:162:506,c:78:460:514,f:78:547,15.880435276134875,12.518237699493696,0.23817712811693895,0.10157845868152275,0.1217720391807658,0.3798611111111111,0.3205699020480855,0.6259118849746848,1,3,2,0.8227218955064851
44b6_9be80b04,44b6_9be80b04:155,union,78,union|44b6_9be80b04:155|78,0,c:77:162:506,c:78:460:514,f:78:548,15.73792901630396,18.940465389389633,0.1934651762682717,0.0,0.0,0.0,0.3089937666963491,0.9470232694694817,1,3,2,0.8094405904964747
44b6_9be80b04,44b6_9be80b04:155,union,79,union|44b6_9be80b04:155|79,0,c:77:162:506,c:78:460:514,f:78:1010,14.520836526857991,12.325046523371944,0.9011177987962167,0.17555243774114346,0.22284060552092608,0.4527363184079602,0.49220837043633126,0.6162523261685972,1,3,2,0.8804539649152447
44b6_9be80b04,44b6_9be80b04:155,union,80,union|44b6_9be80b04:155|80,0,c:77:162:506,c:78:460:514,f:78:1024,15.616557853468747,18.650143880463336,0.7365421152628245,0.12085528354508832,0.1736420302760463,0.2844638949671772,0.6104185218165628,0.9325071940231668,1,3,2,0.8756085560661454
44b6_9be80b04,44b6_9be80b04:155,union,81,union|44b6_9be80b04:155|81,0,c:77:162:506,c:78:460:514,f:78:1035,15.709257876639743,13.900828003664474,0.2871883061049011,0.0861443598113892,0.10574354407836153,0.31730126920507684,0.33325912733748886,0.6950414001832237,1,3,2,0.8547475718457093
44b6_9be80b04,44b6_9be80b04:155,union,82,union|44b6_9be80b04:155|82,0,c:77:162:506,c:78:460:514,f:78:1041,14.040765607067872,18.867719164653238,0.6586414445399829,0.0,0.0,0.0,0.4294300979519145,0.9433859582326619,1,3,2,0.8457133994408778
44b6_9be80b04,44b6_9be80b04:155,union,83,union|44b6_9be80b04:155|83,0,c:77:162:506,c:78:466:445,c:78:472:495,13.201562407533435,13.884006086140989,0.6910519951632407,0.027053684655488235,0.0427426536064114,0.06864497676081516,0.6226625111308994,0.6942003043070495,0,3,3,0.8855529890737063
44b6_9be80b04,44b6_9be80b04:155,union,84,union|44b6_9be80b04:155|84,0,c:77:162:506,c:78:466:445,p:78:485,11.02128622257856,8.125,,,,,,0.40625,0,2,2,0.8973764684415231
44b6_9be80b04,44b6_9be80b04:155,union,85,union|44b6_9be80b04:155|85,0,c:77:162:506,c:78:466:445,c:78:489:996,13.201562407533435,15.33021933959198,0.7550306211723534,0.02556818181818182,0.036064113980409616,0.08075772681954138,0.44657168299198574,0.7665109669795991,0,3,3,0.908013421749839
44b6_9be80b04,44b6_9be80b04:155,union,86,union|44b6_9be80b04:155|86,0,c:77:162:506,c:78:466:445,c:78:493:1021,6.894291116568838,8.75089281159357,0.9653716216216216,0.21963870506170632,0.27337488869100623,0.5277180919639021,0.5180320569902048,0.43754464057967846,0,3,3,0.8916870464922532
44b6_9be80b04,44b6_9be80b04:155,union,87,union|44b6_9be80b04:155|87,0,c:77:162:506,c:78:466:445,c:78:495:999,10.900831390311474,13.201562407533435,0.6188413643746616,0.060073675262113914,0.0943900267141585,0.14180602006688964,0.6656277827248441,0.6600781203766718,0,3,3,0.9027969909375648
44b6_9be80b04,44b6_9be80b04:155,union,88,union|44b6_9be80b04:155|88,0,c:77:162:506,c:78:466:445,c:78:501:1030,13.978778558944269,11.604821196382131,0.6664723032069971,0.25448028673835127,0.33192341941228853,0.5216934919524143,0.6362422083704363,0.5802410598191066,0,3,3,0.8832271339265079
44b6_9be80b04,44b6_9be80b04:155,union,89,union|44b6_9be80b04:155|89,0,c:77:162:506,c:78:466:445,f:78:491,10.831638728638557,11.739571556742023,0.803232607167955,0.30269472129937247,0.365093499554764,0.6391270459859704,0.5712377560106857,0.5869785778371012,1,3,2,0.8866660853806455
44b6_9be80b04,44b6_9be80b04:155,union,90,union|44b6_9be80b04:155|90,0,c:77:162:506,c:78:466:445,f:78:524,14.39825164044905,11.040066052383526,0.9338235294117647,0.0927194519675004,0.12956366874443456,0.2458808618504436,0.5269367764915405,0.5520033026191763,1,3,2,0.8815846607851109
44b6_9be80b04,44b6_9be80b04:155,union,91,union|44b6_9be80b04:155|91,0,c:77:162:506,c:78:466:445,f:78:542,11.64159896102045,15.059711642994143,0.48556430446194226,0.00016157699143641945,0.0002226179875333927,0.0005889281507656066,0.3780053428317008,0.7529855821497071,1,3,2,0.8699691264386035
44b6_9be80b04,44b6_9be80b04:155,union,92,union|44b6_9be80b04:155|92,0,c:77:162:506,c:78:466:445,f:78:545,10.352406592468478,12.800835420174852,0.5065616797900262,0.031027044964327195,0.041629563668744436,0.10859465737514518,0.38334817453250225,0.6400417710087426,1,3,2,0.8479043886235201
44b6_9be80b04,44b6_9be80b04:155,union,93,union|44b6_9be80b04:155|93,0,c:77:162:506,c:78:466:445,f:78:547,15.880435276134875,18.5072315254932,0.24234470691163604,0.0,0.0,0.0,0.3161175422974176,0.92536157627466,1,3,2,0.8396560889199739
44b6_9be80b04,44b6_9be80b04:155,union,94,union|44b6_9be80b04:155|94,0,c:77:162:506,c:78:466:445,f:78:548,15.73792901630396,12.870392109627254,0.1968503937007874,0.0823790173623938,0.09928762243989314,0.3260233918128655,0.3045414069456812,0.6435196054813627,1,3,2,0.8263747839099634
44b6_9be80b04,44b6_9be80b04:155,union,95,union|44b6_9be80b04:155|95,0,c:77:162:506,c:78:466:445,f:78:1010,14.520836526857991,17.49945409555682,0.9168853893263342,0.0,0.0,0.0,0.4877560106856634,0.8749727047778411,1,3,2,0.8973881583287335
44b6_9be80b04,44b6_9be80b04:155,union,96,union|44b6_9be80b04:155|96,0,c:77:162:506,c:78:466:445,f:78:1024,15.616557853468747,15.11136599774208,0.7238758708043065,0.46864820846905536,0.51246660730187,0.8457016899338722,0.6059661620658949,0.7555682998871041,1,3,2,0.8925427494796342
44b6_9be80b04,44b6_9be80b04:155,union,97,union|44b6_9be80b04:155|97,0,c:77:162:506,c:78:466:445,f:78:1035,15.709257876639743,18.778158768430217,0.2922134733158355,0.0003351768057650411,0.0004452359750667854,0.0013540961408259986,0.32880676758682104,0.9389079384215109,1,3,2,0.871681765259198
44b6_9be80b04,44b6_9be80b04:155,union,98,union|44b6_9be80b04:155|98,0,c:77:162:506,c:78:466:445,f:78:1041,14.040765607067872,11.299641868460522,0.6701662292213474,0.13271987258892232,0.1669634906500445,0.392875851231011,0.4249777382012467,0.5649820934230261,1,3,2,0.8626475928543665
44b6_9be80b04,44b6_9be80b04:155,union,99,union|44b6_9be80b04:155|99,0,c:77:162:506,c:78:472:495,p:78:485,13.201562407533435,19.22725929507375,,,,,,0.9613629647536875,0,2,2,0.8617980704636253
44b6_9be80b04,44b6_9be80b04:155,union,100,union|44b6_9be80b04:155|100,0,c:77:162:506,c:78:472:495,c:78:493:1021,13.201562407533435,14.715000849473302,0.7158403869407497,0.01131346578366446,0.0182546749777382,0.028893587033121917,0.6317898486197685,0.7357500424736652,0,3,3,0.8679681145069879
44b6_9be80b04,44b6_9be80b04:155,union,101,union|44b6_9be80b04:155|101,0,c:77:162:506,c:78:472:495,c:78:495:999,13.201562407533435,9.613629647536875,0.8955062263129399,0.23158705701078583,0.33459483526268924,0.42930591259640105,0.7793855743544078,0.48068148237684377,0,3,3,0.8790780589522997
44b6_9be80b04,44b6_9be80b04:155,union,102,union|44b6_9be80b04:155|102,0,c:77:162:506,c:78:472:495,f:78:491,13.201562407533435,17.136155271216047,0.8603385731559855,0.04587536271935885,0.07390917186108638,0.10789730256743582,0.6849955476402493,0.8568077635608023,1,3,2,0.8629471533953804
44b6_9be80b04,44b6_9be80b04:155,union,103,union|44b6_9be80b04:155|103,0,c:77:162:506,c:78:472:495,f:78:542,13.201562407533435,14.305986285431782,0.3355501813784764,0.01653519417475728,0.024265360641139804,0.04934359438660027,0.49176313446126446,0.7152993142715891,1,3,2,0.8462501944533383
44b6_9be80b04,44b6_9be80b04:155,union,104,union|44b6_9be80b04:155|104,0,c:77:162:506,c:78:472:495,f:78:545,13.201562407533435,17.783972795872042,0.35006045949214026,0.004330943847072879,0.006455921638468388,0.012987012987012988,0.49710596616206587,0.8891986397936021,1,3,2,0.824185456638255
44b6_9be80b04,44b6_9be80b04:155,union,105,union|44b6_9be80b04:155|105,0,c:77:162:506,c:78:472:495,f:78:547,15.880435276134875,18.90876875171195,0.1674727932285369,0.010382255781028787,0.014692787177203919,0.03417918177110305,0.4298753339269813,0.9454384375855975,1,3,2,0.8159371569347087
44b6_9be80b04,44b6_9be80b04:155,union,106,union|44b6_9be80b04:155|106,0,c:77:162:506,c:78:472:495,f:78:1035,15.709257876639743,18.25663537266865,0.20193470374848851,0.0,0.0,0.0,0.44256455921638466,0.9128317686334325,1,3,2,0.8479628332739328
44b6_9be80b04,44b6_9be80b04:155,union,107,union|44b6_9be80b04:155|107,0,c:77:162:506,c:78:472:495,f:78:1041,14.040765607067872,14.89491364650793,0.46311970979443773,0.01676963812886143,0.025378450578806767,0.047107438016528926,0.5387355298308103,0.7447456823253965,1,3,2,0.8389286608691015
44b6_9be80b04,44b6_9be80b04:155,union,108,union|44b6_9be80b04:155|108,0,c:77:162:506,p:78:485,c:78:489:996,13.201562407533435,17.35025215955088,,,,,,0.867512607977544,0,2,2,0.8954887194778243
44b6_9be80b04,44b6_9be80b04:155,union,109,union|44b6_9be80b04:155|109,0,c:77:162:506,p:78:485,c:78:493:1021,11.02128622257856,11.941262496067994,,,,,,0.5970631248033997,0,2,2,0.8709991565914454
44b6_9be80b04,44b6_9be80b04:155,union,110,union|44b6_9be80b04:155|110,0,c:77:162:506,p:78:485,c:78:495:999,11.02128622257856,18.022121822915302,,,,,,0.9011060911457651,0,2,2,0.8876640732594131
44b6_9be80b04,44b6_9be80b04:155,union,111,union|44b6_9be80b04:155|111,0,c:77:162:506,p:78:485,c:78:501:1030,13.978778558944269,3.9804208320226646,,,,,,0.19902104160113324,0,2,2,0.8583092877428276
44b6_9be80b04,44b6_9be80b04:155,union,112,union|44b6_9be80b04:155|112,0,c:77:162:506,p:78:485,f:78:491,11.02128622257856,19.2149577102136,,,,,,0.96074788551068,1,2,1,0.863467714924034
44b6_9be80b04,44b6_9be80b04:155,union,113,union|44b6_9be80b04:155|113,0,c:77:162:506,p:78:485,f:78:524,14.39825164044905,7.122096274020458,,,,,,0.35610481370102287,1,2,1,0.8558455780307324
44b6_9be80b04,44b6_9be80b04:155,union,114,union|44b6_9be80b04:155|114,0,c:77:162:506,p:78:485,f:78:548,15.73792901630396,14.455621023209849,,,,,,0.7227810511604924,1,2,1,0.773030762718011
44b6_9be80b04,44b6_9be80b04:155,union,115,union|44b6_9be80b04:155|115,0,c:77:162:506,p:78:485,f:78:1024,15.616557853468747,11.715487868106896,,,,,,0.5857743934053448,1,2,1,0.8722827110725171
44b6_9be80b04,44b6_9be80b04:155,union,116,union|44b6_9be80b04:155|116,0,c:77:162:506,p:78:485,f:78:1041,14.040765607067872,8.798494598738465,,,,,,0.4399247299369232,1,2,1,0.8274399761346157
44b6_9be80b04,44b6_9be80b04:155,union,117,union|44b6_9be80b04:155|117,0,c:77:162:506,c:78:489:996,c:78:493:1021,13.201562407533435,9.75,0.7288851351351351,0.18245931283905967,0.22462154942119322,0.49291646311675624,0.45569902048085487,0.4875,0,3,3,0.8904285471831206
44b6_9be80b04,44b6_9be80b04:155,union,118,union|44b6_9be80b04:155|118,0,c:77:162:506,c:78:489:996,c:78:495:999,13.201562407533435,16.00439392791867,0.4672441797509475,0.00013886960144424384,0.0002226179875333927,0.00036900369003690036,0.6032947462154942,0.8002196963959335,0,3,3,0.9015384916284322
44b6_9be80b04,44b6_9be80b04:155,union,119,union|44b6_9be80b04:155|119,0,c:77:162:506,c:78:489:996,c:78:501:1030,13.978778558944269,17.35025215955088,0.5032069970845481,0.00014146272457207527,0.0002226179875333927,0.0003878975950349108,0.5739091718610864,0.867512607977544,0,3,3,0.8819686346173753
44b6_9be80b04,44b6_9be80b04:155,union,120,union|44b6_9be80b04:155|120,0,c:77:162:506,c:78:489:996,f:78:542,13.201562407533435,16.498322134041445,0.6431054461181923,0.0047602856171370285,0.006233303650934996,0.019746121297602257,0.3156723063223508,0.8249161067020723,1,3,2,0.868710627129471
44b6_9be80b04,44b6_9be80b04:155,union,121,union|44b6_9be80b04:155|121,0,c:77:162:506,c:78:489:996,f:78:545,13.201562407533435,17.351011224088484,0.6709154113557358,0.10297397769516729,0.12333036509349955,0.3841886269070735,0.3210151380231523,0.8675505612044242,1,3,2,0.8466458893143876
44b6_9be80b04,44b6_9be80b04:155,union,122,union|44b6_9be80b04:155|122,0,c:77:162:506,c:78:489:996,f:78:1010,14.520836526857991,7.607467464511912,0.8234732824427481,0.18639985176950158,0.22395369545859306,0.5264259549973835,0.4254229741763135,0.3803733732255956,1,3,2,0.896129659019601
44b6_9be80b04,44b6_9be80b04:155,union,123,union|44b6_9be80b04:155|123,0,c:77:162:506,c:78:489:996,f:78:1024,15.616557853468747,15.90154136575914,0.5465484483850538,0.0358530026889752,0.053428317008014245,0.09828009828009827,0.543633125556545,0.795077068287957,1,3,2,0.8912842501705017
44b6_9be80b04,44b6_9be80b04:155,union,124,union|44b6_9be80b04:155|124,0,c:77:162:506,c:78:489:996,f:78:1035,15.709257876639743,12.85924548814155,0.3870220162224797,0.019168756718022213,0.023820124666073018,0.08939014202172096,0.2664737310774711,0.6429622744070775,1,3,2,0.8704232659500656
44b6_9be80b04,44b6_9be80b04:155,union,125,union|44b6_9be80b04:155|125,0,c:77:162:506,c:78:493:1021,c:78:495:999,10.900831390311474,8.125,0.6410395235517055,0.19678650970410436,0.2753784505788068,0.40811613328934343,0.6747551202137133,0.40625,0,3,3,0.8852121163708464
44b6_9be80b04,44b6_9be80b04:155,union,126,union|44b6_9be80b04:155|126,0,c:77:162:506,c:78:493:1021,c:78:501:1030,13.978778558944269,13.201562407533435,0.6903790087463557,0.05782166881351081,0.08993766696349065,0.13935839944808553,0.6453695458593054,0.6600781203766718,0,3,3,0.8656422593597894
44b6_9be80b04,44b6_9be80b04:155,union,127,union|44b6_9be80b04:155|127,0,c:77:162:506,c:78:493:1021,f:78:491,10.831638728638557,17.365521643284595,0.8320449754040758,0.3396867333459143,0.40071237756010686,0.6904487917146145,0.5803650934995548,0.8682760821642297,1,3,2,0.8690812108139271
44b6_9be80b04,44b6_9be80b04:155,union,128,union|44b6_9be80b04:155|128,0,c:77:162:506,c:78:493:1021,f:78:524,14.39825164044905,17.754416596900658,0.9673202614379085,0.012026987386330302,0.0182546749777382,0.0340531561461794,0.5360641139804097,0.8877208298450329,1,3,2,0.8639997862183927
44b6_9be80b04,44b6_9be80b04:155,union,129,union|44b6_9be80b04:155|129,0,c:77:162:506,c:78:493:1021,f:78:542,11.64159896102045,13.192223144028647,0.46875,0.07952182952182953,0.10218165627782724,0.2639447958596895,0.3871326803205699,0.6596111572014324,1,3,2,0.852384251871885
44b6_9be80b04,44b6_9be80b04:155,union,130,union|44b6_9be80b04:155|130,0,c:77:162:506,c:78:493:1021,f:78:545,10.352406592468478,15.402751918545194,0.4890202702702703,0.19712918660287082,0.22929652715939447,0.5842314237095859,0.3924755120213713,0.7701375959272597,1,3,2,0.8303195140568017
44b6_9be80b04,44b6_9be80b04:155,union,131,union|44b6_9be80b04:155|131,0,c:77:162:506,c:78:493:1021,f:78:1010,14.520836526857991,9.792240732649734,0.8851351351351351,0.12554402410445262,0.1669634906500445,0.33602150537634407,0.4968833481745325,0.4896120366324867,1,3,2,0.8798032837620151
44b6_9be80b04,44b6_9be80b04:155,union,132,union|44b6_9be80b04:155|132,0,c:77:162:506,c:78:493:1021,f:78:1024,15.616557853468747,10.542925608863486,0.7498416719442685,0.24570741758241757,0.31856634016028496,0.5179153094462541,0.615093499554764,0.5271462804431744,1,3,2,0.8749578749129158
44b6_9be80b04,44b6_9be80b04:155,union,133,union|44b6_9be80b04:155|133,0,c:77:162:506,c:78:493:1021,f:78:1035,15.709257876639743,11.101202256074647,0.28209459459459457,0.08074087394353534,0.09995547640249332,0.2957839262187088,0.3379341050756901,0.5550601128037324,1,3,2,0.8540968906924796
44b6_9be80b04,44b6_9be80b04:155,union,134,union|44b6_9be80b04:155|134,0,c:77:162:506,c:78:493:1021,f:78:1041,14.040765607067872,14.965912487295855,0.6469594594594594,0.004365450576863112,0.006233303650934996,0.014358974358974359,0.43410507569011575,0.7482956243647927,1,3,2,0.8450627182876481
44b6_9be80b04,44b6_9be80b04:155,union,135,union|44b6_9be80b04:155|135,0,c:77:162:506,c:78:495:999,c:78:501:1030,13.978778558944269,19.835652875567266,0.9285327558202491,0.0004968944099378882,0.0008904719501335708,0.0011229646266142617,0.7929652715939448,0.9917826437783633,0,3,3,0.8767522038051011
44b6_9be80b04,44b6_9be80b04:155,union,136,union|44b6_9be80b04:155|136,0,c:77:162:506,c:78:495:999,f:78:491,10.900831390311474,18.65904915694467,0.7704385489983757,0.13778950454412195,0.20926090828138913,0.2874617737003058,0.7279608192341941,0.9329524578472335,1,3,2,0.8801911552592389
44b6_9be80b04,44b6_9be80b04:155,union,137,union|44b6_9be80b04:155|137,0,c:77:162:506,c:78:495:999,f:78:542,11.64159896102045,10.631406220067001,0.3004872766648619,0.22865799322758867,0.28561887800534286,0.5341382181515404,0.5347284060552092,0.5315703110033501,1,3,2,0.8634941963171968
44b6_9be80b04,44b6_9be80b04:155,union,138,union|44b6_9be80b04:155|138,0,c:77:162:506,c:78:495:999,f:78:545,10.900831390311474,16.553471178935464,0.3134813210611803,0.12123176661264182,0.16651825467497774,0.3083264633140973,0.5400712377560107,0.8276735589467732,1,3,2,0.8414294585021135
44b6_9be80b04,44b6_9be80b04:155,union,139,union|44b6_9be80b04:155|139,0,c:77:162:506,c:78:495:999,f:78:547,15.880435276134875,18.691872662226245,0.14997292907417434,0.13559903879162374,0.17586821015138024,0.371939736346516,0.4728406055209261,0.9345936331113123,1,3,2,0.8331811587985672
44b6_9be80b04,44b6_9be80b04:155,union,140,union|44b6_9be80b04:155|140,0,c:77:162:506,c:78:495:999,f:78:1010,14.520836526857991,11.83817487112891,0.5674066053059015,0.05363000998431037,0.08370436331255565,0.1298791018998273,0.6444790739091718,0.5919087435564455,1,3,2,0.890913228207327
44b6_9be80b04,44b6_9be80b04:155,union,141,union|44b6_9be80b04:155|141,0,c:77:162:506,c:78:495:999,f:78:1024,15.616557853468747,15.081123453818185,0.8548998375744451,0.06381835281472524,0.10574354407836153,0.1386456509048453,0.7626892252894034,0.7540561726909092,1,3,2,0.8860678193582275
44b6_9be80b04,44b6_9be80b04:155,union,142,union|44b6_9be80b04:155|142,0,c:77:162:506,c:78:495:999,f:78:1035,15.709257876639743,8.932243277776898,0.18083378451543042,0.155297783933518,0.19968833481745324,0.41127922971114167,0.48552983081032947,0.4466121638888449,1,3,2,0.8652068351377914
44b6_9be80b04,44b6_9be80b04:155,union,143,union|44b6_9be80b04:155|143,0,c:77:162:506,c:78:495:999,f:78:1041,14.040765607067872,17.22080370451643,0.4147265836491608,0.0009861932938856016,0.001558325912733749,0.0026789131266743206,0.5817008014247551,0.8610401852258216,1,3,2,0.85617266273296
44b6_9be80b04,44b6_9be80b04:155,union,144,union|44b6_9be80b04:155|144,0,c:77:162:506,c:78:501:1030,f:78:524,14.39825164044905,9.392288841969844,0.7137026239067056,0.37917594654788417,0.4548085485307213,0.6951343994555972,0.6542742653606411,0.4696144420984922,1,3,2,0.8555398736526474
44b6_9be80b04,44b6_9be80b04:155,union,145,union|44b6_9be80b04:155|145,0,c:77:162:506,c:78:501:1030,f:78:548,15.73792901630396,17.954366731305846,0.13119533527696792,0.23194790270063206,0.2695903829029386,0.6242268041237113,0.43187889581478184,0.8977183365652923,1,3,2,0.8003299967774997
44b6_9be80b04,44b6_9be80b04:155,union,146,union|44b6_9be80b04:155|146,0,c:77:162:506,c:78:501:1030,f:78:1024,15.616557853468747,10.130821477665688,0.9206997084548105,0.27932960893854747,0.3784505788067676,0.5160898603521554,0.7333036509349955,0.5065410738832844,1,3,2,0.8664979623471706
44b6_9be80b04,44b6_9be80b04:155,union,147,union|44b6_9be80b04:155|147,0,c:77:162:506,c:78:501:1030,f:78:1041,14.040765607067872,10.955220424259306,0.4466472303206997,0.11425375519335251,0.15917186108637577,0.28819024586860137,0.5523152270703473,0.5477610212129653,1,3,2,0.8366028057219029
44b6_9be80b04,44b6_9be80b04:155,union,148,union|44b6_9be80b04:155|148,0,c:77:162:506,f:78:491,f:78:524,14.39825164044905,18.705002072868982,0.8601546029515109,0.02263286062168744,0.035173642030276044,0.05969021533811863,0.5892698130008904,0.9352501036434491,2,3,1,0.8589788251067848
44b6_9be80b04,44b6_9be80b04:155,union,149,union|44b6_9be80b04:155|149,0,c:77:162:506,f:78:491,f:78:542,11.64159896102045,12.997967856225022,0.39002108222066056,0.08193979933110368,0.10908281389136243,0.24772497472194135,0.44033837934105075,0.6498983928112512,2,3,1,0.8473632907602774
44b6_9be80b04,44b6_9be80b04:155,union,150,union|44b6_9be80b04:155|150,0,c:77:162:506,f:78:491,f:78:545,10.831638728638557,5.775581219438339,0.40688685874912156,0.2877255601824311,0.3230186999109528,0.7247752247752248,0.44568121104185215,0.28877906097191697,2,3,1,0.825298552945194
44b6_9be80b04,44b6_9be80b04:155,union,151,union|44b6_9be80b04:155|151,0,c:77:162:506,f:78:491,f:78:547,15.880435276134875,9.886912194298406,0.19465917076598735,0.09437963944856839,0.1188780053428317,0.31411764705882356,0.3784505788067676,0.49434560971492025,2,3,1,0.8170502532416478
44b6_9be80b04,44b6_9be80b04:155,union,152,union|44b6_9be80b04:155|152,0,c:77:162:506,f:78:491,f:78:548,15.73792901630396,14.271522116085295,0.15811665495432187,0.0014679497634969825,0.002003561887800534,0.0054611650485436895,0.3668744434550312,0.7135761058042648,2,3,1,0.8037689482316374
44b6_9be80b04,44b6_9be80b04:155,union,153,union|44b6_9be80b04:155|153,0,c:77:162:506,f:78:524,f:78:548,15.73792901630396,9.623812554539823,0.18382352941176472,0.18228855721393034,0.20391807658058772,0.63216011042098,0.32257346393588604,0.48119062772699117,2,3,1,0.798687523636103
44b6_9be80b04,44b6_9be80b04:155,union,154,union|44b6_9be80b04:155|154,0,c:77:162:506,f:78:524,f:78:1024,15.616557853468747,18.763379900580013,0.7751741608613046,0.07564140371571808,0.11420302760463046,0.18301819479129505,0.6239982190560998,0.9381689950290006,2,3,1,0.8648554892057737
44b6_9be80b04,44b6_9be80b04:155,union,155,union|44b6_9be80b04:155|155,0,c:77:162:506,f:78:524,f:78:1041,14.39825164044905,12.514890704284028,0.6258169934640523,0.06175266175266175,0.08392698130008905,0.18944723618090453,0.44300979519145145,0.6257445352142014,2,3,1,0.8349603325805061
44b6_9be80b04,44b6_9be80b04:155,union,156,union|44b6_9be80b04:155|156,0,c:77:162:506,f:78:542,f:78:545,11.64159896102045,8.761121920419464,0.9585492227979274,0.15168884339815764,0.164959928762244,0.6534391534391535,0.25244879786286734,0.43805609602097323,2,3,1,0.808601594003152
44b6_9be80b04,44b6_9be80b04:155,union,157,union|44b6_9be80b04:155|157,0,c:77:162:506,f:78:542,f:78:547,15.880435276134875,8.812567480608266,0.4990990990990991,0.18206039076376554,0.182546749777382,0.9855769230769231,0.18521816562778273,0.4406283740304133,2,3,1,0.8003532942996059
44b6_9be80b04,44b6_9be80b04:155,union,158,union|44b6_9be80b04:155|158,0,c:77:162:506,f:78:542,f:78:1010,14.520836526857991,13.154496944744642,0.5295801526717557,0.17346938775510204,0.20057880676758683,0.5620711166562695,0.3568566340160285,0.6577248472372321,2,3,1,0.8580853637083655
44b6_9be80b04,44b6_9be80b04:155,union,159,union|44b6_9be80b04:155|159,0,c:77:162:506,f:78:542,f:78:1035,15.709257876639743,11.925357209790919,0.6018018018018018,0.17694663167104113,0.1800979519145147,0.9100112485939258,0.19790739091718612,0.5962678604895459,2,3,1,0.83237897063883
44b6_9be80b04,44b6_9be80b04:155,union,160,union|44b6_9be80b04:155|160,0,c:77:162:506,f:78:545,f:78:547,15.880435276134875,6.797857084141537,0.4784110535405872,0.136180157212662,0.14269813000890472,0.7488317757009346,0.19056099732858414,0.3398928542070768,2,3,1,0.7782885564845227
44b6_9be80b04,44b6_9be80b04:155,union,161,union|44b6_9be80b04:155|161,0,c:77:162:506,f:78:545,f:78:548,15.73792901630396,19.120528667040773,0.38860103626943004,0.0,0.0,0.0,0.17898486197684774,0.9560264333520386,2,3,1,0.7650072514745121
44b6_9be80b04,44b6_9be80b04:155,union,162,union|44b6_9be80b04:155|162,0,c:77:162:506,f:78:545,f:78:1010,14.520836526857991,17.821411059995913,0.5524809160305344,0.18746361342907045,0.21504897595725736,0.5937307928703135,0.3621994657168299,0.8910705529997957,2,3,1,0.8360206258932822
44b6_9be80b04,44b6_9be80b04:155,union,163,union|44b6_9be80b04:155|163,0,c:77:162:506,f:78:545,f:78:1035,15.709257876639743,18.86390294605232,0.5768566493955095,0.07369884783472387,0.0825912733748887,0.4063526834611172,0.20325022261798753,0.943195147302616,2,3,1,0.8103142328237466
44b6_9be80b04,44b6_9be80b04:155,union,164,union|44b6_9be80b04:155|164,0,c:77:162:506,f:78:548,f:78:1041,15.73792901630396,15.707392720558992,0.293733681462141,0.10455278001611604,0.11553873552983081,0.5237134207870837,0.22061442564559217,0.7853696360279496,2,3,1,0.7797504557053586
44b6_9be80b04,44b6_9be80b04:155,union,165,union|44b6_9be80b04:155|165,0,c:77:162:506,f:78:1010,f:78:1024,15.616557853468747,16.91272624596457,0.6637112096263458,0.0029585798816568047,0.004674977738201247,0.007993909402360106,0.5848174532502226,0.8456363122982286,2,3,1,0.8806589867493962
44b6_9be80b04,44b6_9be80b04:155,union,166,union|44b6_9be80b04:155|166,0,c:77:162:506,f:78:1010,f:78:1035,15.709257876639743,5.55981404821608,0.3187022900763359,0.23871784057359763,0.25200356188780054,0.8191027496382055,0.3076580587711487,0.27799070241080404,2,3,1,0.8597980025289601
44b6_9be80b04,44b6_9be80b04:155,union,167,union|44b6_9be80b04:155|167,0,c:77:162:506,f:78:1024,f:78:1035,15.709257876639743,17.944518834030625,0.2115262824572514,0.0,0.0,0.0,0.4258682101513802,0.8972259417015312,2,3,1,0.8549525936798608
44b6_9be80b04,44b6_9be80b04:155,union,168,union|44b6_9be80b04:155|168,0,c:77:162:506,f:78:1024,f:78:1041,15.616557853468747,13.484125822196942,0.4851171627612413,0.12137116614728555,0.1647373107747106,0.31556503198294245,0.5220391807658059,0.6742062911098471,2,3,1,0.8459184212750293
44b6_aaf8b0ea,44b6_aaf8b0ea:93,pil_only,0,pil_only|44b6_aaf8b0ea:93|0,1,p:61:84,p:62:290,p:62:298,9.613629647536875,8.75089281159357,,,,,,0.43754464057967846,0,0,0,
44b6_aaf8b0ea,44b6_aaf8b0ea:93,pil_only,1,pil_only|44b6_aaf8b0ea:93|1,0,p:61:84,p:62:290,p:62:301,12.691655723348314,14.625,,,,,,0.73125,0,0,0,
44b6_aaf8b0ea,44b6_aaf8b0ea:93,pil_only,2,pil_only|44b6_aaf8b0ea:93|2,0,p:61:84,p:62:290,p:62:306,10.531203634912773,12.795262795269194,,,,,,0.6397631397634597,0,0,0,
44b6_aaf8b0ea,44b6_aaf8b0ea:93,pil_only,3,pil_only|44b6_aaf8b0ea:93|3,0,p:61:84,p:62:298,p:62:306,10.531203634912773,17.273986945693807,,,,,,0.8636993472846903,0,0,0,
44b6_aaf8b0ea,44b6_aaf8b0ea:93,pil_only,4,pil_only|44b6_aaf8b0ea:93|4,0,p:61:84,p:62:301,p:62:306,12.691655723348314,6.700046641628698,,,,,,0.33500233208143493,0,0,0,
44b6_aaf8b0ea,44b6_aaf8b0ea:93,union,0,union|44b6_aaf8b0ea:93|0,1,c:61:84:183,c:62:290:189,c:62:298:196,9.613629647536875,8.75089281159357,0.8990748528174937,0.1803307842788547,0.4780763790664781,0.22453498671390612,0.46966341895482727,0.43754464057967846,0,3,3,0.9039277378727961
44b6_aaf8b0ea,44b6_aaf8b0ea:93,union,1,union|44b6_aaf8b0ea:93|1,0,c:61:84:183,c:62:290:189,c:62:301:188,12.691655723348314,14.625,0.6225444340505145,0.008843169103049992,0.0231023102310231,0.014125108100317094,0.6114153934851542,0.73125,0,3,3,0.9235432402426856
44b6_aaf8b0ea,44b6_aaf8b0ea:93,union,2,union|44b6_aaf8b0ea:93|2,0,c:61:84:183,c:62:290:189,c:62:306:199,10.531203634912773,12.795262795269194,0.5355472404115996,0.08819975835682642,0.2065063649222065,0.13341455985379228,0.6460554371002132,0.6397631397634597,0,3,3,0.9167070256047527
44b6_aaf8b0ea,44b6_aaf8b0ea:93,union,3,union|44b6_aaf8b0ea:93|3,0,c:61:84:183,c:62:298:196,c:62:306:199,10.531203634912773,17.273986945693807,0.48149705634987383,0.021538461538461538,0.056105610561056105,0.03377803008799319,0.6020437127448197,0.8636993472846903,0,3,3,0.9027858893809722
44b6_aaf8b0ea,44b6_aaf8b0ea:93,union,4,union|44b6_aaf8b0ea:93|4,0,c:61:84:183,c:62:301:188,c:62:306:199,12.691655723348314,6.700046641628698,0.8602554470323065,0.3305354558610709,0.5384252710985384,0.46122778675282716,0.8566235864297254,0.33500233208143493,0,3,3,0.9224013917508614
44b6_c50204e0,44b6_c50204e0:43,pil_only,0,pil_only|44b6_c50204e0:43|0,0,p:28:240,p:29:664,p:29:686,14.981759743100941,7.621925609713073,,,,,,0.38109628048565364,0,0,0,
44b6_c50204e0,44b6_c50204e0:43,pil_only,1,pil_only|44b6_c50204e0:43|1,0,p:28:240,p:29:664,p:29:695,14.981759743100941,8.125,,,,,,0.40625,0,0,0,
44b6_c50204e0,44b6_c50204e0:43,pil_only,2,pil_only|44b6_c50204e0:43|2,0,p:28:240,p:29:664,p:29:703,14.981759743100941,16.086679271993955,,,,,,0.8043339635996978,0,0,0,
44b6_c50204e0,44b6_c50204e0:43,pil_only,3,pil_only|44b6_c50204e0:43|3,0,p:28:240,p:29:664,p:29:725,14.981759743100941,14.259317129512198,,,,,,0.7129658564756098,0,0,0,
44b6_c50204e0,44b6_c50204e0:43,pil_only,4,pil_only|44b6_c50204e0:43|4,0,p:28:240,p:29:664,p:29:728,15.754959536603069,19.835652875567266,,,,,,0.9917826437783633,0,0,0,
44b6_c50204e0,44b6_c50204e0:43,pil_only,5,pil_only|44b6_c50204e0:43|5,0,p:28:240,p:29:664,p:29:738,15.33021933959198,19.63494970709118,,,,,,0.981747485354559,0,0,0,
44b6_c50204e0,44b6_c50204e0:43,pil_only,6,pil_only|44b6_c50204e0:43|6,0,p:28:240,p:29:664,p:29:741,14.981759743100941,13.978778558944269,,,,,,0.6989389279472135,0,0,0,
44b6_c50204e0,44b6_c50204e0:43,pil_only,7,pil_only|44b6_c50204e0:43|7,0,p:28:240,p:29:664,p:29:750,14.981759743100941,17.50178562318714,,,,,,0.8750892811593569,0,0,0,
44b6_c50204e0,44b6_c50204e0:43,pil_only,8,pil_only|44b6_c50204e0:43|8,0,p:28:240,p:29:664,p:29:758,14.981759743100941,16.331047884321446,,,,,,0.8165523942160723,0,0,0,
44b6_c50204e0,44b6_c50204e0:43,pil_only,9,pil_only|44b6_c50204e0:43|9,0,p:28:240,p:29:664,p:29:770,14.981759743100941,16.411695524838375,,,,,,0.8205847762419187,0,0,0,
44b6_c50204e0,44b6_c50204e0:43,pil_only,10,pil_only|44b6_c50204e0:43|10,0,p:28:240,p:29:686,p:29:695,12.481861840286488,12.481861840286488,,,,,,0.6240930920143244,0,0,0,
44b6_c50204e0,44b6_c50204e0:43,pil_only,11,pil_only|44b6_c50204e0:43|11,0,p:28:240,p:29:686,p:29:703,14.072912811497128,12.160386507015309,,,,,,0.6080193253507654,0,0,0,
44b6_c50204e0,44b6_c50204e0:43,pil_only,12,pil_only|44b6_c50204e0:43|12,0,p:28:240,p:29:686,p:29:725,12.481861840286488,14.625,,,,,,0.73125,0,0,0,
44b6_c50204e0,44b6_c50204e0:43,pil_only,13,pil_only|44b6_c50204e0:43|13,0,p:28:240,p:29:686,p:29:727,15.754959536603069,14.625,,,,,,0.73125,0,0,0,
44b6_c50204e0,44b6_c50204e0:43,pil_only,14,pil_only|44b6_c50204e0:43|14,0,p:28:240,p:29:686,p:29:728,15.754959536603069,12.268480957314969,,,,,,0.6134240478657484,0,0,0,
44b6_c50204e0,44b6_c50204e0:43,pil_only,15,pil_only|44b6_c50204e0:43|15,0,p:28:240,p:29:686,p:29:741,12.481861840286488,8.285906709588275,,,,,,0.4142953354794138,0,0,0,
44b6_c50204e0,44b6_c50204e0:43,pil_only,16,pil_only|44b6_c50204e0:43|16,0,p:28:240,p:29:686,p:29:749,15.069630055180518,14.625,,,,,,0.73125,0,0,0,
44b6_c50204e0,44b6_c50204e0:43,pil_only,17,pil_only|44b6_c50204e0:43|17,0,p:28:240,p:29:686,p:29:750,13.884006086140989,15.754959536603069,,,,,,0.7877479768301534,0,0,0,
44b6_c50204e0,44b6_c50204e0:43,pil_only,18,pil_only|44b6_c50204e0:43|18,0,p:28:240,p:29:686,p:29:758,12.481861840286488,11.604821196382131,,,,,,0.5802410598191066,0,0,0,
44b6_c50204e0,44b6_c50204e0:43,pil_only,19,pil_only|44b6_c50204e0:43|19,0,p:28:240,p:29:686,p:29:770,12.481861840286488,14.89337100860648,,,,,,0.744668550430324,0,0,0,
44b6_c50204e0,44b6_c50204e0:43,pil_only,20,pil_only|44b6_c50204e0:43|20,0,p:28:240,p:29:686,p:29:781,14.259317129512198,17.948711652929298,,,,,,0.8974355826464648,0,0,0,
44b6_c50204e0,44b6_c50204e0:43,pil_only,21,pil_only|44b6_c50204e0:43|21,0,p:28:240,p:29:686,p:29:785,12.481861840286488,18.810734967034115,,,,,,0.9405367483517058,0,0,0,
44b6_c50204e0,44b6_c50204e0:43,pil_only,22,pil_only|44b6_c50204e0:43|22,0,p:28:240,p:29:695,p:29:703,14.072912811497128,15.501512023025366,,,,,,0.7750756011512683,0,0,0,
44b6_c50204e0,44b6_c50204e0:43,pil_only,23,pil_only|44b6_c50204e0:43|23,0,p:28:240,p:29:695,p:29:725,12.160386507015309,8.285906709588275,,,,,,0.4142953354794138,0,0,0,
44b6_c50204e0,44b6_c50204e0:43,pil_only,24,pil_only|44b6_c50204e0:43|24,0,p:28:240,p:29:695,p:29:738,15.33021933959198,12.268480957314969,,,,,,0.6134240478657484,0,0,0,
44b6_c50204e0,44b6_c50204e0:43,pil_only,25,pil_only|44b6_c50204e0:43|25,0,p:28:240,p:29:695,p:29:741,12.160386507015309,15.33021933959198,,,,,,0.7665109669795991,0,0,0,
44b6_c50204e0,44b6_c50204e0:43,pil_only,26,pil_only|44b6_c50204e0:43|26,0,p:28:240,p:29:695,p:29:750,13.884006086140989,19.295805891436615,,,,,,0.9647902945718307,0,0,0,
44b6_c50204e0,44b6_c50204e0:43,pil_only,27,pil_only|44b6_c50204e0:43|27,0,p:28:240,p:29:695,p:29:758,12.160386507015309,16.57181341917655,,,,,,0.8285906709588275,0,0,0,
44b6_c50204e0,44b6_c50204e0:43,pil_only,28,pil_only|44b6_c50204e0:43|28,0,p:28:240,p:29:695,p:29:770,12.160386507015309,14.072912811497128,,,,,,0.7036456405748563,0,0,0,
44b6_c50204e0,44b6_c50204e0:43,pil_only,29,pil_only|44b6_c50204e0:43|29,0,p:28:240,p:29:695,p:29:785,12.160386507015309,17.875,,,,,,0.89375,0,0,0,
44b6_c50204e0,44b6_c50204e0:43,pil_only,30,pil_only|44b6_c50204e0:43|30,0,p:28:240,p:29:695,p:29:792,13.978778558944269,17.04314378276496,,,,,,0.852157189138248,0,0,0,
44b6_c50204e0,44b6_c50204e0:43,pil_only,31,pil_only|44b6_c50204e0:43|31,0,p:28:240,p:29:703,p:29:725,14.072912811497128,10.900831390311474,,,,,,0.5450415695155737,0,0,0,
44b6_c50204e0,44b6_c50204e0:43,pil_only,32,pil_only|44b6_c50204e0:43|32,0,p:28:240,p:29:703,p:29:727,15.754959536603069,6.700046641628698,,,,,,0.33500233208143493,0,0,0,
44b6_c50204e0,44b6_c50204e0:43,pil_only,33,pil_only|44b6_c50204e0:43|33,0,p:28:240,p:29:703,p:29:728,15.754959536603069,13.498263777241872,,,,,,0.6749131888620936,0,0,0,
44b6_c50204e0,44b6_c50204e0:43,pil_only,34,pil_only|44b6_c50204e0:43|34,0,p:28:240,p:29:703,p:29:738,15.33021933959198,16.086679271993955,,,,,,0.8043339635996978,0,0,0,
44b6_c50204e0,44b6_c50204e0:43,pil_only,35,pil_only|44b6_c50204e0:43|35,0,p:28:240,p:29:703,p:29:741,14.072912811497128,13.595725431178728,,,,,,0.6797862715589365,0,0,0,
44b6_c50204e0,44b6_c50204e0:43,pil_only,36,pil_only|44b6_c50204e0:43|36,0,p:28:240,p:29:703,p:29:749,15.069630055180518,13.101168840985142,,,,,,0.6550584420492571,0,0,0,
44b6_c50204e0,44b6_c50204e0:43,pil_only,37,pil_only|44b6_c50204e0:43|37,0,p:28:240,p:29:703,p:29:758,14.072912811497128,16.168545852982575,,,,,,0.8084272926491287,0,0,0,
44b6_c50204e0,44b6_c50204e0:43,pil_only,38,pil_only|44b6_c50204e0:43|38,0,p:28:240,p:29:703,p:29:770,14.072912811497128,19.22725929507375,,,,,,0.9613629647536875,0,0,0,
44b6_c50204e0,44b6_c50204e0:43,pil_only,39,pil_only|44b6_c50204e0:43|39,0,p:28:240,p:29:703,p:29:785,14.072912811497128,13.978778558944269,,,,,,0.6989389279472135,0,0,0,
44b6_c50204e0,44b6_c50204e0:43,pil_only,40,pil_only|44b6_c50204e0:43|40,0,p:28:240,p:29:703,p:29:793,15.41610359332085,16.00439392791867,,,,,,0.8002196963959335,0,0,0,
44b6_c50204e0,44b6_c50204e0:43,pil_only,41,pil_only|44b6_c50204e0:43|41,0,p:28:240,p:29:703,p:29:794,15.41610359332085,17.577062467886947,,,,,,0.8788531233943473,0,0,0,
44b6_c50204e0,44b6_c50204e0:43,pil_only,42,pil_only|44b6_c50204e0:43|42,0,p:28:240,p:29:703,p:29:801,14.072912811497128,16.331047884321446,,,,,,0.8165523942160723,0,0,0,
44b6_c50204e0,44b6_c50204e0:43,pil_only,43,pil_only|44b6_c50204e0:43|43,0,p:28:240,p:29:725,p:29:727,15.754959536603069,16.086679271993955,,,,,,0.8043339635996978,0,0,0,
44b6_c50204e0,44b6_c50204e0:43,pil_only,44,pil_only|44b6_c50204e0:43|44,0,p:28:240,p:29:725,p:29:738,15.33021933959198,6.700046641628698,,,,,,0.33500233208143493,0,0,0,
44b6_c50204e0,44b6_c50204e0:43,pil_only,45,pil_only|44b6_c50204e0:43|45,0,p:28:240,p:29:725,p:29:741,10.017172754824587,14.804454566109486,,,,,,0.7402227283054743,0,0,0,
44b6_c50204e0,44b6_c50204e0:43,pil_only,46,pil_only|44b6_c50204e0:43|46,0,p:28:240,p:29:725,p:29:749,15.069630055180518,19.90210416011332,,,,,,0.995105208005666,0,0,0,
44b6_c50204e0,44b6_c50204e0:43,pil_only,47,pil_only|44b6_c50204e0:43|47,0,p:28:240,p:29:725,p:29:758,10.017172754824587,15.754959536603069,,,,,,0.7877479768301534,0,0,0,
44b6_c50204e0,44b6_c50204e0:43,pil_only,48,pil_only|44b6_c50204e0:43|48,0,p:28:240,p:29:725,p:29:770,10.017172754824587,14.259317129512198,,,,,,0.7129658564756098,0,0,0,
44b6_c50204e0,44b6_c50204e0:43,pil_only,49,pil_only|44b6_c50204e0:43|49,0,p:28:240,p:29:725,p:29:785,10.017172754824587,11.375,,,,,,0.56875,0,0,0,
44b6_c50204e0,44b6_c50204e0:43,pil_only,50,pil_only|44b6_c50204e0:43|50,0,p:28:240,p:29:725,p:29:792,13.978778558944269,14.351611407782752,,,,,,0.7175805703891376,0,0,0,
44b6_c50204e0,44b6_c50204e0:43,pil_only,51,pil_only|44b6_c50204e0:43|51,0,p:28:240,p:29:725,p:29:793,15.41610359332085,13.978778558944269,,,,,,0.6989389279472135,0,0,0,
44b6_c50204e0,44b6_c50204e0:43,pil_only,52,pil_only|44b6_c50204e0:43|52,0,p:28:240,p:29:725,p:29:801,13.978778558944269,17.35025215955088,,,,,,0.867512607977544,0,0,0,
44b6_c50204e0,44b6_c50204e0:43,pil_only,53,pil_only|44b6_c50204e0:43|53,0,p:28:240,p:29:727,p:29:728,15.754959536603069,9.475296829123613,,,,,,0.47376484145618064,0,0,0,
44b6_c50204e0,44b6_c50204e0:43,pil_only,54,pil_only|44b6_c50204e0:43|54,0,p:28:240,p:29:727,p:29:741,15.754959536603069,13.498263777241872,,,,,,0.6749131888620936,0,0,0,
44b6_c50204e0,44b6_c50204e0:43,pil_only,55,pil_only|44b6_c50204e0:43|55,0,p:28:240,p:29:727,p:29:749,15.754959536603069,7.960841664045329,,,,,,0.3980420832022665,0,0,0,
44b6_c50204e0,44b6_c50204e0:43,pil_only,56,pil_only|44b6_c50204e0:43|56,0,p:28:240,p:29:727,p:29:758,15.754959536603069,15.754959536603069,,,,,,0.7877479768301534,0,0,0,
44b6_c50204e0,44b6_c50204e0:43,pil_only,57,pil_only|44b6_c50204e0:43|57,0,p:28:240,p:29:727,p:29:785,15.754959536603069,14.259317129512198,,,,,,0.7129658564756098,0,0,0,
44b6_c50204e0,44b6_c50204e0:43,pil_only,58,pil_only|44b6_c50204e0:43|58,0,p:28:240,p:29:727,p:29:793,15.754959536603069,16.411695524838375,,,,,,0.8205847762419187,0,0,0,
44b6_c50204e0,44b6_c50204e0:43,pil_only,59,pil_only|44b6_c50204e0:43|59,0,p:28:240,p:29:727,p:29:794,15.754959536603069,12.795262795269194,,,,,,0.6397631397634597,0,0,0,
44b6_c50204e0,44b6_c50204e0:43,pil_only,60,pil_only|44b6_c50204e0:43|60,0,p:28:240,p:29:727,p:29:801,15.754959536603069,13.788582233137676,,,,,,0.6894291116568838,0,0,0,
44b6_c50204e0,44b6_c50204e0:43,pil_only,61,pil_only|44b6_c50204e0:43|61,0,p:28:240,p:29:728,p:29:741,15.754959536603069,9.613629647536875,,,,,,0.48068148237684377,0,0,0,
44b6_c50204e0,44b6_c50204e0:43,pil_only,62,pil_only|44b6_c50204e0:43|62,0,p:28:240,p:29:728,p:29:749,15.754959536603069,3.9804208320226646,,,,,,0.19902104160113324,0,0,0,
44b6_c50204e0,44b6_c50204e0:43,pil_only,63,pil_only|44b6_c50204e0:43|63,0,p:28:240,p:29:728,p:29:750,15.754959536603069,19.835652875567266,,,,,,0.9917826437783633,0,0,0,
44b6_c50204e0,44b6_c50204e0:43,pil_only,64,pil_only|44b6_c50204e0:43|64,0,p:28:240,p:29:728,p:29:758,15.754959536603069,11.941262496067994,,,,,,0.5970631248033997,0,0,0,
44b6_c50204e0,44b6_c50204e0:43,pil_only,65,pil_only|44b6_c50204e0:43|65,0,p:28:240,p:29:728,p:29:770,15.754959536603069,18.740414216340042,,,,,,0.9370207108170021,0,0,0,
44b6_c50204e0,44b6_c50204e0:43,pil_only,66,pil_only|44b6_c50204e0:43|66,0,p:28:240,p:29:728,p:29:781,15.754959536603069,16.809130703281475,,,,,,0.8404565351640738,0,0,0,
44b6_c50204e0,44b6_c50204e0:43,pil_only,67,pil_only|44b6_c50204e0:43|67,0,p:28:240,p:29:728,p:29:785,15.754959536603069,17.875,,,,,,0.89375,0,0,0,
44b6_c50204e0,44b6_c50204e0:43,pil_only,68,pil_only|44b6_c50204e0:43|68,0,p:28:240,p:29:728,p:29:794,15.754959536603069,11.941262496067994,,,,,,0.5970631248033997,0,0,0,
44b6_c50204e0,44b6_c50204e0:43,pil_only,69,pil_only|44b6_c50204e0:43|69,0,p:28:240,p:29:728,p:29:801,15.754959536603069,17.35025215955088,,,,,,0.867512607977544,0,0,0,
44b6_c50204e0,44b6_c50204e0:43,pil_only,70,pil_only|44b6_c50204e0:43|70,0,p:28:240,p:29:738,p:29:770,15.33021933959198,18.810734967034115,,,,,,0.9405367483517058,0,0,0,
44b6_c50204e0,44b6_c50204e0:43,pil_only,71,pil_only|44b6_c50204e0:43|71,0,p:28:240,p:29:738,p:29:785,15.33021933959198,14.351611407782752,,,,,,0.7175805703891376,0,0,0,
44b6_c50204e0,44b6_c50204e0:43,pil_only,72,pil_only|44b6_c50204e0:43|72,0,p:28:240,p:29:738,p:29:792,15.33021933959198,13.101168840985142,,,,,,0.6550584420492571,0,0,0,
44b6_c50204e0,44b6_c50204e0:43,pil_only,73,pil_only|44b6_c50204e0:43|73,0,p:28:240,p:29:738,p:29:793,15.41610359332085,14.259317129512198,,,,,,0.7129658564756098,0,0,0,
44b6_c50204e0,44b6_c50204e0:43,pil_only,74,pil_only|44b6_c50204e0:43|74,0,p:28:240,p:29:741,p:29:749,15.069630055180518,10.405076885828379,,,,,,0.520253844291419,0,0,0,
44b6_c50204e0,44b6_c50204e0:43,pil_only,75,pil_only|44b6_c50204e0:43|75,0,p:28:240,p:29:741,p:29:750,13.884006086140989,11.941262496067994,,,,,,0.5970631248033997,0,0,0,
44b6_c50204e0,44b6_c50204e0:43,pil_only,76,pil_only|44b6_c50204e0:43|76,0,p:28:240,p:29:741,p:29:758,7.44668550430324,3.6336104634371584,,,,,,0.18168052317185793,0,0,0,
44b6_c50204e0,44b6_c50204e0:43,pil_only,77,pil_only|44b6_c50204e0:43|77,1,p:28:240,p:29:741,p:29:770,7.44668550430324,9.475296829123613,,,,,,0.47376484145618064,0,0,0,
44b6_c50204e0,44b6_c50204e0:43,pil_only,78,pil_only|44b6_c50204e0:43|78,0,p:28:240,p:29:741,p:29:781,14.259317129512198,11.258330249197702,,,,,,0.562916512459885,0,0,0,
44b6_c50204e0,44b6_c50204e0:43,pil_only,79,pil_only|44b6_c50204e0:43|79,0,p:28:240,p:29:741,p:29:785,8.75089281159357,13.595725431178728,,,,,,0.6797862715589365,0,0,0,
44b6_c50204e0,44b6_c50204e0:43,pil_only,80,pil_only|44b6_c50204e0:43|80,0,p:28:240,p:29:741,p:29:794,15.41610359332085,13.884006086140989,,,,,,0.6942003043070495,0,0,0,
44b6_c50204e0,44b6_c50204e0:43,pil_only,81,pil_only|44b6_c50204e0:43|81,0,p:28:240,p:29:741,p:29:801,13.978778558944269,16.331047884321446,,,,,,0.8165523942160723,0,0,0,
44b6_c50204e0,44b6_c50204e0:43,pil_only,82,pil_only|44b6_c50204e0:43|82,0,p:28:240,p:29:749,p:29:758,15.069630055180518,11.941262496067994,,,,,,0.5970631248033997,0,0,0,
44b6_c50204e0,44b6_c50204e0:43,pil_only,83,pil_only|44b6_c50204e0:43|83,0,p:28:240,p:29:749,p:29:770,15.069630055180518,18.45645212385089,,,,,,0.9228226061925445,0,0,0,
44b6_c50204e0,44b6_c50204e0:43,pil_only,84,pil_only|44b6_c50204e0:43|84,0,p:28:240,p:29:749,p:29:781,15.069630055180518,17.273986945693807,,,,,,0.8636993472846903,0,0,0,
44b6_c50204e0,44b6_c50204e0:43,pil_only,85,pil_only|44b6_c50204e0:43|85,0,p:28:240,p:29:749,p:29:785,15.069630055180518,15.33021933959198,,,,,,0.7665109669795991,0,0,0,
44b6_c50204e0,44b6_c50204e0:43,pil_only,86,pil_only|44b6_c50204e0:43|86,0,p:28:240,p:29:749,p:29:793,15.41610359332085,19.63494970709118,,,,,,0.981747485354559,0,0,0,
44b6_c50204e0,44b6_c50204e0:43,pil_only,87,pil_only|44b6_c50204e0:43|87,0,p:28:240,p:29:749,p:29:794,15.41610359332085,8.285906709588275,,,,,,0.4142953354794138,0,0,0,
44b6_c50204e0,44b6_c50204e0:43,pil_only,88,pil_only|44b6_c50204e0:43|88,0,p:28:240,p:29:749,p:29:801,15.069630055180518,13.788582233137676,,,,,,0.6894291116568838,0,0,0,
44b6_c50204e0,44b6_c50204e0:43,pil_only,89,pil_only|44b6_c50204e0:43|89,0,p:28:240,p:29:750,p:29:758,13.884006086140989,10.405076885828379,,,,,,0.520253844291419,0,0,0,
44b6_c50204e0,44b6_c50204e0:43,pil_only,90,pil_only|44b6_c50204e0:43|90,0,p:28:240,p:29:750,p:29:770,13.884006086140989,10.017172754824587,,,,,,0.5008586377412294,0,0,0,
44b6_c50204e0,44b6_c50204e0:43,pil_only,91,pil_only|44b6_c50204e0:43|91,0,p:28:240,p:29:750,p:29:781,14.259317129512198,7.621925609713073,,,,,,0.38109628048565364,0,0,0,
44b6_c50204e0,44b6_c50204e0:43,pil_only,92,pil_only|44b6_c50204e0:43|92,0,p:28:240,p:29:758,p:29:770,6.5,7.083210783253595,,,,,,0.35416053916267975,0,0,0,
44b6_c50204e0,44b6_c50204e0:43,pil_only,93,pil_only|44b6_c50204e0:43|93,0,p:28:240,p:29:758,p:29:781,14.259317129512198,8.75089281159357,,,,,,0.43754464057967846,0,0,0,
44b6_c50204e0,44b6_c50204e0:43,pil_only,94,pil_only|44b6_c50204e0:43|94,0,p:28:240,p:29:758,p:29:785,8.75089281159357,12.691655723348314,,,,,,0.6345827861674157,0,0,0,
44b6_c50204e0,44b6_c50204e0:43,pil_only,95,pil_only|44b6_c50204e0:43|95,0,p:28:240,p:29:758,p:29:792,13.978778558944269,19.63494970709118,,,,,,0.981747485354559,0,0,0,
44b6_c50204e0,44b6_c50204e0:43,pil_only,96,pil_only|44b6_c50204e0:43|96,0,p:28:240,p:29:758,p:29:793,15.41610359332085,19.63494970709118,,,,,,0.981747485354559,0,0,0,
44b6_c50204e0,44b6_c50204e0:43,pil_only,97,pil_only|44b6_c50204e0:43|97,0,p:28:240,p:29:758,p:29:794,15.41610359332085,13.201562407533435,,,,,,0.6600781203766718,0,0,0,
44b6_c50204e0,44b6_c50204e0:43,pil_only,98,pil_only|44b6_c50204e0:43|98,0,p:28:240,p:29:758,p:29:801,13.978778558944269,15.41610359332085,,,,,,0.7708051796660425,0,0,0,
44b6_c50204e0,44b6_c50204e0:43,pil_only,99,pil_only|44b6_c50204e0:43|99,0,p:28:240,p:29:770,p:29:781,14.259317129512198,11.490485194281398,,,,,,0.5745242597140698,0,0,0,
44b6_c50204e0,44b6_c50204e0:43,pil_only,100,pil_only|44b6_c50204e0:43|100,0,p:28:240,p:29:770,p:29:785,8.75089281159357,12.795262795269194,,,,,,0.6397631397634597,0,0,0,
44b6_c50204e0,44b6_c50204e0:43,pil_only,101,pil_only|44b6_c50204e0:43|101,0,p:28:240,p:29:770,p:29:792,13.978778558944269,13.884006086140989,,,,,,0.6942003043070495,0,0,0,
44b6_c50204e0,44b6_c50204e0:43,pil_only,102,pil_only|44b6_c50204e0:43|102,0,p:28:240,p:29:770,p:29:793,15.41610359332085,19.56759119053748,,,,,,0.978379559526874,0,0,0,
44b6_c50204e0,44b6_c50204e0:43,pil_only,103,pil_only|44b6_c50204e0:43|103,0,p:28:240,p:29:770,p:29:794,15.41610359332085,18.16805231718579,,,,,,0.9084026158592895,0,0,0,
44b6_c50204e0,44b6_c50204e0:43,pil_only,104,pil_only|44b6_c50204e0:43|104,0,p:28:240,p:29:770,p:29:801,13.978778558944269,17.577062467886947,,,,,,0.8788531233943473,0,0,0,
44b6_c50204e0,44b6_c50204e0:43,pil_only,105,pil_only|44b6_c50204e0:43|105,0,p:28:240,p:29:781,p:29:785,14.259317129512198,19.90210416011332,,,,,,0.995105208005666,0,0,0,
44b6_c50204e0,44b6_c50204e0:43,pil_only,106,pil_only|44b6_c50204e0:43|106,0,p:28:240,p:29:781,p:29:794,15.41610359332085,17.273986945693807,,,,,,0.8636993472846903,0,0,0,
44b6_c50204e0,44b6_c50204e0:43,pil_only,107,pil_only|44b6_c50204e0:43|107,0,p:28:240,p:29:785,p:29:792,13.978778558944269,14.072912811497128,,,,,,0.7036456405748563,0,0,0,
44b6_c50204e0,44b6_c50204e0:43,pil_only,108,pil_only|44b6_c50204e0:43|108,0,p:28:240,p:29:785,p:29:793,15.41610359332085,7.083210783253595,,,,,,0.35416053916267975,0,0,0,
44b6_c50204e0,44b6_c50204e0:43,pil_only,109,pil_only|44b6_c50204e0:43|109,0,p:28:240,p:29:785,p:29:794,15.41610359332085,12.481861840286488,,,,,,0.6240930920143244,0,0,0,
44b6_c50204e0,44b6_c50204e0:43,pil_only,110,pil_only|44b6_c50204e0:43|110,0,p:28:240,p:29:785,p:29:801,13.978778558944269,6.700046641628698,,,,,,0.33500233208143493,0,0,0,
44b6_c50204e0,44b6_c50204e0:43,pil_only,111,pil_only|44b6_c50204e0:43|111,0,p:28:240,p:29:792,p:29:793,15.41610359332085,16.57181341917655,,,,,,0.8285906709588275,0,0,0,
44b6_c50204e0,44b6_c50204e0:43,pil_only,112,pil_only|44b6_c50204e0:43|112,0,p:28:240,p:29:792,p:29:801,13.978778558944269,19.90210416011332,,,,,,0.995105208005666,0,0,0,
44b6_c50204e0,44b6_c50204e0:43,pil_only,113,pil_only|44b6_c50204e0:43|113,0,p:28:240,p:29:793,p:29:794,15.41610359332085,16.25,,,,,,0.8125,0,0,0,
44b6_c50204e0,44b6_c50204e0:43,pil_only,114,pil_only|44b6_c50204e0:43|114,0,p:28:240,p:29:793,p:29:801,15.41610359332085,8.285906709588275,,,,,,0.4142953354794138,0,0,0,
44b6_c50204e0,44b6_c50204e0:43,pil_only,115,pil_only|44b6_c50204e0:43|115,0,p:28:240,p:29:794,p:29:801,15.41610359332085,8.285906709588275,,,,,,0.4142953354794138,0,0,0,
44b6_c50204e0,44b6_c50204e0:184,pil_only,0,pil_only|44b6_c50204e0:184|0,0,p:65:1426,p:66:1900,p:66:1913,15.33021933959198,7.083210783253595,,,,,,0.35416053916267975,0,0,0,
44b6_c50204e0,44b6_c50204e0:184,pil_only,1,pil_only|44b6_c50204e0:184|1,0,p:65:1426,p:66:1900,p:66:1916,15.33021933959198,11.604821196382131,,,,,,0.5802410598191066,0,0,0,
44b6_c50204e0,44b6_c50204e0:184,pil_only,2,pil_only|44b6_c50204e0:184|2,0,p:65:1426,p:66:1900,p:66:1924,15.33021933959198,14.351611407782752,,,,,,0.7175805703891376,0,0,0,
44b6_c50204e0,44b6_c50204e0:184,pil_only,3,pil_only|44b6_c50204e0:184|3,0,p:65:1426,p:66:1900,p:66:1939,15.33021933959198,8.285906709588275,,,,,,0.4142953354794138,0,0,0,
44b6_c50204e0,44b6_c50204e0:184,pil_only,4,pil_only|44b6_c50204e0:184|4,0,p:65:1426,p:66:1900,p:66:1944,15.33021933959198,17.273986945693807,,,,,,0.8636993472846903,0,0,0,
44b6_c50204e0,44b6_c50204e0:184,pil_only,5,pil_only|44b6_c50204e0:184|5,0,p:65:1426,p:66:1900,p:66:1957,15.33021933959198,10.900831390311474,,,,,,0.5450415695155737,0,0,0,
44b6_c50204e0,44b6_c50204e0:184,pil_only,6,pil_only|44b6_c50204e0:184|6,0,p:65:1426,p:66:1900,p:66:1958,15.33021933959198,10.531203634912773,,,,,,0.5265601817456387,0,0,0,
44b6_c50204e0,44b6_c50204e0:184,pil_only,7,pil_only|44b6_c50204e0:184|7,0,p:65:1426,p:66:1900,p:66:1970,15.33021933959198,19.22725929507375,,,,,,0.9613629647536875,0,0,0,
44b6_c50204e0,44b6_c50204e0:184,pil_only,8,pil_only|44b6_c50204e0:184|8,0,p:65:1426,p:66:1900,p:66:1980,15.33021933959198,12.795262795269194,,,,,,0.6397631397634597,0,0,0,
44b6_c50204e0,44b6_c50204e0:184,pil_only,9,pil_only|44b6_c50204e0:184|9,0,p:65:1426,p:66:1900,p:66:1984,15.33021933959198,12.375631297028852,,,,,,0.6187815648514425,0,0,0,
44b6_c50204e0,44b6_c50204e0:184,pil_only,10,pil_only|44b6_c50204e0:184|10,0,p:65:1426,p:66:1900,p:66:1990,15.33021933959198,16.086679271993955,,,,,,0.8043339635996978,0,0,0,
44b6_c50204e0,44b6_c50204e0:184,pil_only,11,pil_only|44b6_c50204e0:184|11,0,p:65:1426,p:66:1900,p:66:1991,15.33021933959198,14.89337100860648,,,,,,0.744668550430324,0,0,0,
44b6_c50204e0,44b6_c50204e0:184,pil_only,12,pil_only|44b6_c50204e0:184|12,0,p:65:1426,p:66:1900,p:66:2000,15.33021933959198,17.948711652929298,,,,,,0.8974355826464648,0,0,0,
44b6_c50204e0,44b6_c50204e0:184,pil_only,13,pil_only|44b6_c50204e0:184|13,0,p:65:1426,p:66:1913,p:66:1916,15.069630055180518,7.267220926874317,,,,,,0.36336104634371585,0,0,0,
44b6_c50204e0,44b6_c50204e0:184,pil_only,14,pil_only|44b6_c50204e0:184|14,0,p:65:1426,p:66:1913,p:66:1924,15.069630055180518,16.65129499468435,,,,,,0.8325647497342175,0,0,0,
44b6_c50204e0,44b6_c50204e0:184,pil_only,15,pil_only|44b6_c50204e0:184|15,0,p:65:1426,p:66:1913,p:66:1939,15.069630055180518,11.375,,,,,,0.56875,0,0,0,
44b6_c50204e0,44b6_c50204e0:184,pil_only,16,pil_only|44b6_c50204e0:184|16,0,p:65:1426,p:66:1913,p:66:1944,15.069630055180518,15.754959536603069,,,,,,0.7877479768301534,0,0,0,
44b6_c50204e0,44b6_c50204e0:184,pil_only,17,pil_only|44b6_c50204e0:184|17,0,p:65:1426,p:66:1913,p:66:1957,15.069630055180518,6.894291116568838,,,,,,0.3447145558284419,0,0,0,
44b6_c50204e0,44b6_c50204e0:184,pil_only,18,pil_only|44b6_c50204e0:184|18,0,p:65:1426,p:66:1913,p:66:1958,15.069630055180518,7.44668550430324,,,,,,0.372334275215162,0,0,0,
44b6_c50204e0,44b6_c50204e0:184,pil_only,19,pil_only|44b6_c50204e0:184|19,0,p:65:1426,p:66:1913,p:66:1970,15.069630055180518,14.072912811497128,,,,,,0.7036456405748563,0,0,0,
44b6_c50204e0,44b6_c50204e0:184,pil_only,20,pil_only|44b6_c50204e0:184|20,0,p:65:1426,p:66:1913,p:66:1980,15.069630055180518,13.884006086140989,,,,,,0.6942003043070495,0,0,0,
44b6_c50204e0,44b6_c50204e0:184,pil_only,21,pil_only|44b6_c50204e0:184|21,0,p:65:1426,p:66:1913,p:66:1984,15.069630055180518,10.900831390311474,,,,,,0.5450415695155737,0,0,0,
44b6_c50204e0,44b6_c50204e0:184,pil_only,22,pil_only|44b6_c50204e0:184|22,0,p:65:1426,p:66:1913,p:66:1990,15.069630055180518,19.835652875567266,,,,,,0.9917826437783633,0,0,0,
44b6_c50204e0,44b6_c50204e0:184,pil_only,23,pil_only|44b6_c50204e0:184|23,0,p:65:1426,p:66:1913,p:66:1991,15.069630055180518,18.022121822915302,,,,,,0.9011060911457651,0,0,0,
44b6_c50204e0,44b6_c50204e0:184,pil_only,24,pil_only|44b6_c50204e0:184|24,0,p:65:1426,p:66:1913,p:66:2000,15.069630055180518,18.45645212385089,,,,,,0.9228226061925445,0,0,0,
44b6_c50204e0,44b6_c50204e0:184,pil_only,25,pil_only|44b6_c50204e0:184|25,0,p:65:1426,p:66:1916,p:66:1924,13.978778558944269,13.498263777241872,,,,,,0.6749131888620936,0,0,0,
44b6_c50204e0,44b6_c50204e0:184,pil_only,26,pil_only|44b6_c50204e0:184|26,0,p:65:1426,p:66:1916,p:66:1939,14.625,16.965498076979642,,,,,,0.8482749038489821,0,0,0,
44b6_c50204e0,44b6_c50204e0:184,pil_only,27,pil_only|44b6_c50204e0:184|27,0,p:65:1426,p:66:1916,p:66:1944,13.978778558944269,10.017172754824587,,,,,,0.5008586377412294,0,0,0,
44b6_c50204e0,44b6_c50204e0:184,pil_only,28,pil_only|44b6_c50204e0:184|28,0,p:65:1426,p:66:1916,p:66:1957,13.978778558944269,11.490485194281398,,,,,,0.5745242597140698,0,0,0,
44b6_c50204e0,44b6_c50204e0:184,pil_only,29,pil_only|44b6_c50204e0:184|29,0,p:65:1426,p:66:1916,p:66:1958,13.978778558944269,8.125,,,,,,0.40625,0,0,0,
44b6_c50204e0,44b6_c50204e0:184,pil_only,30,pil_only|44b6_c50204e0:184|30,0,p:65:1426,p:66:1916,p:66:1970,13.978778558944269,9.613629647536875,,,,,,0.48068148237684377,0,0,0,
44b6_c50204e0,44b6_c50204e0:184,pil_only,31,pil_only|44b6_c50204e0:184|31,0,p:65:1426,p:66:1916,p:66:1980,14.072912811497128,19.02013735491939,,,,,,0.9510068677459695,0,0,0,
44b6_c50204e0,44b6_c50204e0:184,pil_only,32,pil_only|44b6_c50204e0:184|32,0,p:65:1426,p:66:1916,p:66:1984,13.978778558944269,11.830178570080843,,,,,,0.5915089285040421,0,0,0,
44b6_c50204e0,44b6_c50204e0:184,pil_only,33,pil_only|44b6_c50204e0:184|33,0,p:65:1426,p:66:1916,p:66:2000,13.978778558944269,16.965498076979642,,,,,,0.8482749038489821,0,0,0,
44b6_c50204e0,44b6_c50204e0:184,pil_only,34,pil_only|44b6_c50204e0:184|34,0,p:65:1426,p:66:1916,p:66:2033,15.41610359332085,19.08942770226494,,,,,,0.9544713851132469,0,0,0,
44b6_c50204e0,44b6_c50204e0:184,pil_only,35,pil_only|44b6_c50204e0:184|35,0,p:65:1426,p:66:1924,p:66:1939,14.625,18.669828601248593,,,,,,0.9334914300624296,0,0,0,
44b6_c50204e0,44b6_c50204e0:184,pil_only,36,pil_only|44b6_c50204e0:184|36,0,p:65:1426,p:66:1924,p:66:1944,11.830178570080843,8.75089281159357,,,,,,0.43754464057967846,0,0,0,
44b6_c50204e0,44b6_c50204e0:184,pil_only,37,pil_only|44b6_c50204e0:184|37,0,p:65:1426,p:66:1924,p:66:1957,12.795262795269194,19.158467449146343,,,,,,0.9579233724573172,0,0,0,
44b6_c50204e0,44b6_c50204e0:184,pil_only,38,pil_only|44b6_c50204e0:184|38,0,p:65:1426,p:66:1924,p:66:1958,11.830178570080843,13.978778558944269,,,,,,0.6989389279472135,0,0,0,
44b6_c50204e0,44b6_c50204e0:184,pil_only,39,pil_only|44b6_c50204e0:184|39,0,p:65:1426,p:66:1924,p:66:1969,15.33021933959198,11.490485194281398,,,,,,0.5745242597140698,0,0,0,
44b6_c50204e0,44b6_c50204e0:184,pil_only,40,pil_only|44b6_c50204e0:184|40,0,p:65:1426,p:66:1924,p:66:1970,13.101168840985142,17.948711652929298,,,,,,0.8974355826464648,0,0,0,
44b6_c50204e0,44b6_c50204e0:184,pil_only,41,pil_only|44b6_c50204e0:184|41,0,p:65:1426,p:66:1924,p:66:1984,11.830178570080843,14.351611407782752,,,,,,0.7175805703891376,0,0,0,
44b6_c50204e0,44b6_c50204e0:184,pil_only,42,pil_only|44b6_c50204e0:184|42,0,p:65:1426,p:66:1924,p:66:1991,11.830178570080843,15.754959536603069,,,,,,0.7877479768301534,0,0,0,
44b6_c50204e0,44b6_c50204e0:184,pil_only,43,pil_only|44b6_c50204e0:184|43,0,p:65:1426,p:66:1924,p:66:1999,15.501512023025366,15.41610359332085,,,,,,0.7708051796660425,0,0,0,
44b6_c50204e0,44b6_c50204e0:184,pil_only,44,pil_only|44b6_c50204e0:184|44,0,p:65:1426,p:66:1924,p:66:2000,11.830178570080843,11.941262496067994,,,,,,0.5970631248033997,0,0,0,
44b6_c50204e0,44b6_c50204e0:184,pil_only,45,pil_only|44b6_c50204e0:184|45,0,p:65:1426,p:66:1924,p:66:2030,11.830178570080843,16.965498076979642,,,,,,0.8482749038489821,0,0,0,
44b6_c50204e0,44b6_c50204e0:184,pil_only,46,pil_only|44b6_c50204e0:184|46,0,p:65:1426,p:66:1924,p:66:2032,11.830178570080843,17.577062467886947,,,,,,0.8788531233943473,0,0,0,
44b6_c50204e0,44b6_c50204e0:184,pil_only,47,pil_only|44b6_c50204e0:184|47,0,p:65:1426,p:66:1939,p:66:1957,14.625,9.613629647536875,,,,,,0.48068148237684377,0,0,0,
44b6_c50204e0,44b6_c50204e0:184,pil_only,48,pil_only|44b6_c50204e0:184|48,0,p:65:1426,p:66:1939,p:66:1958,14.625,11.490485194281398,,,,,,0.5745242597140698,0,0,0,
44b6_c50204e0,44b6_c50204e0:184,pil_only,49,pil_only|44b6_c50204e0:184|49,0,p:65:1426,p:66:1939,p:66:1980,14.625,5.138701197773616,,,,,,0.2569350598886808,0,0,0,
44b6_c50204e0,44b6_c50204e0:184,pil_only,50,pil_only|44b6_c50204e0:184|50,0,p:65:1426,p:66:1939,p:66:1984,14.625,11.02128622257856,,,,,,0.551064311128928,0,0,0,
44b6_c50204e0,44b6_c50204e0:184,pil_only,51,pil_only|44b6_c50204e0:184|51,0,p:65:1426,p:66:1939,p:66:1990,14.625,9.75,,,,,,0.4875,0,0,0,
44b6_c50204e0,44b6_c50204e0:184,pil_only,52,pil_only|44b6_c50204e0:184|52,0,p:65:1426,p:66:1939,p:66:1991,14.625,10.531203634912773,,,,,,0.5265601817456387,0,0,0,
44b6_c50204e0,44b6_c50204e0:184,pil_only,53,pil_only|44b6_c50204e0:184|53,0,p:65:1426,p:66:1939,p:66:2000,14.625,17.04314378276496,,,,,,0.852157189138248,0,0,0,
44b6_c50204e0,44b6_c50204e0:184,pil_only,54,pil_only|44b6_c50204e0:184|54,0,p:65:1426,p:66:1939,p:66:2042,14.804454566109486,14.715000849473302,,,,,,0.7357500424736652,0,0,0,
44b6_c50204e0,44b6_c50204e0:184,pil_only,55,pil_only|44b6_c50204e0:184|55,0,p:65:1426,p:66:1939,p:66:2043,14.625,18.598975106171846,,,,,,0.9299487553085923,0,0,0,
44b6_c50204e0,44b6_c50204e0:184,pil_only,56,pil_only|44b6_c50204e0:184|56,0,p:65:1426,p:66:1939,p:66:2076,14.625,19.08942770226494,,,,,,0.9544713851132469,0,0,0,
44b6_c50204e0,44b6_c50204e0:184,pil_only,57,pil_only|44b6_c50204e0:184|57,0,p:65:1426,p:66:1944,p:66:1957,12.795262795269194,17.35025215955088,,,,,,0.867512607977544,0,0,0,
44b6_c50204e0,44b6_c50204e0:184,pil_only,58,pil_only|44b6_c50204e0:184|58,0,p:65:1426,p:66:1944,p:66:1958,10.531203634912773,11.604821196382131,,,,,,0.5802410598191066,0,0,0,
44b6_c50204e0,44b6_c50204e0:184,pil_only,59,pil_only|44b6_c50204e0:184|59,0,p:65:1426,p:66:1944,p:66:1969,15.33021933959198,17.577062467886947,,,,,,0.8788531233943473,0,0,0,
44b6_c50204e0,44b6_c50204e0:184,pil_only,60,pil_only|44b6_c50204e0:184|60,0,p:65:1426,p:66:1944,p:66:1970,13.101168840985142,10.405076885828379,,,,,,0.520253844291419,0,0,0,
44b6_c50204e0,44b6_c50204e0:184,pil_only,61,pil_only|44b6_c50204e0:184|61,0,p:65:1426,p:66:1944,p:66:1984,10.531203634912773,12.691655723348314,,,,,,0.6345827861674157,0,0,0,
44b6_c50204e0,44b6_c50204e0:184,pil_only,62,pil_only|44b6_c50204e0:184|62,0,p:65:1426,p:66:1944,p:66:1991,10.531203634912773,19.02013735491939,,,,,,0.9510068677459695,0,0,0,
44b6_c50204e0,44b6_c50204e0:184,pil_only,63,pil_only|44b6_c50204e0:184|63,0,p:65:1426,p:66:1944,p:66:2000,10.531203634912773,11.604821196382131,,,,,,0.5802410598191066,0,0,0,
44b6_c50204e0,44b6_c50204e0:184,pil_only,64,pil_only|44b6_c50204e0:184|64,0,p:65:1426,p:66:1944,p:66:2030,10.531203634912773,17.948711652929298,,,,,,0.8974355826464648,0,0,0,
44b6_c50204e0,44b6_c50204e0:184,pil_only,65,pil_only|44b6_c50204e0:184|65,0,p:65:1426,p:66:1944,p:66:2032,11.490485194281398,13.400093283257396,,,,,,0.6700046641628699,0,0,0,
44b6_c50204e0,44b6_c50204e0:184,pil_only,66,pil_only|44b6_c50204e0:184|66,0,p:65:1426,p:66:1944,p:66:2033,15.41610359332085,16.57181341917655,,,,,,0.8285906709588275,0,0,0,
44b6_c50204e0,44b6_c50204e0:184,pil_only,67,pil_only|44b6_c50204e0:184|67,0,p:65:1426,p:66:1944,p:66:2077,12.795262795269194,18.810734967034115,,,,,,0.9405367483517058,0,0,0,
44b6_c50204e0,44b6_c50204e0:184,pil_only,68,pil_only|44b6_c50204e0:184|68,0,p:65:1426,p:66:1957,p:66:1958,12.795262795269194,5.859020822628983,,,,,,0.29295104113144915,0,0,0,
44b6_c50204e0,44b6_c50204e0:184,pil_only,69,pil_only|44b6_c50204e0:184|69,0,p:65:1426,p:66:1957,p:66:1970,13.101168840985142,13.498263777241872,,,,,,0.6749131888620936,0,0,0,
44b6_c50204e0,44b6_c50204e0:184,pil_only,70,pil_only|44b6_c50204e0:184|70,0,p:65:1426,p:66:1957,p:66:1980,14.072912811497128,9.334914300624297,,,,,,0.4667457150312148,0,0,0,
44b6_c50204e0,44b6_c50204e0:184,pil_only,71,pil_only|44b6_c50204e0:184|71,0,p:65:1426,p:66:1957,p:66:1984,12.795262795269194,7.44668550430324,,,,,,0.372334275215162,0,0,0,
44b6_c50204e0,44b6_c50204e0:184,pil_only,72,pil_only|44b6_c50204e0:184|72,0,p:65:1426,p:66:1957,p:66:1990,14.625,16.809130703281475,,,,,,0.8404565351640738,0,0,0,
44b6_c50204e0,44b6_c50204e0:184,pil_only,73,pil_only|44b6_c50204e0:184|73,0,p:65:1426,p:66:1957,p:66:1991,12.795262795269194,15.33021933959198,,,,,,0.7665109669795991,0,0,0,
44b6_c50204e0,44b6_c50204e0:184,pil_only,74,pil_only|44b6_c50204e0:184|74,0,p:65:1426,p:66:1957,p:66:2000,12.795262795269194,16.331047884321446,,,,,,0.8165523942160723,0,0,0,
44b6_c50204e0,44b6_c50204e0:184,pil_only,75,pil_only|44b6_c50204e0:184|75,0,p:65:1426,p:66:1957,p:66:2033,15.41610359332085,18.810734967034115,,,,,,0.9405367483517058,0,0,0,
44b6_c50204e0,44b6_c50204e0:184,pil_only,76,pil_only|44b6_c50204e0:184|76,0,p:65:1426,p:66:1957,p:66:2042,14.804454566109486,16.65129499468435,,,,,,0.8325647497342175,0,0,0,
44b6_c50204e0,44b6_c50204e0:184,pil_only,77,pil_only|44b6_c50204e0:184|77,0,p:65:1426,p:66:1957,p:66:2076,13.301198254292732,17.577062467886947,,,,,,0.8788531233943473,0,0,0,
44b6_c50204e0,44b6_c50204e0:184,pil_only,78,pil_only|44b6_c50204e0:184|78,0,p:65:1426,p:66:1958,p:66:1970,13.101168840985142,10.017172754824587,,,,,,0.5008586377412294,0,0,0,
44b6_c50204e0,44b6_c50204e0:184,pil_only,79,pil_only|44b6_c50204e0:184|79,0,p:65:1426,p:66:1958,p:66:1980,14.072912811497128,11.941262496067994,,,,,,0.5970631248033997,0,0,0,
44b6_c50204e0,44b6_c50204e0:184,pil_only,80,pil_only|44b6_c50204e0:184|80,0,p:65:1426,p:66:1958,p:66:1984,8.125,3.9804208320226646,,,,,,0.19902104160113324,0,0,0,
44b6_c50204e0,44b6_c50204e0:184,pil_only,81,pil_only|44b6_c50204e0:184|81,0,p:65:1426,p:66:1958,p:66:1990,14.625,16.730398979103875,,,,,,0.8365199489551938,0,0,0,
44b6_c50204e0,44b6_c50204e0:184,pil_only,82,pil_only|44b6_c50204e0:184|82,0,p:65:1426,p:66:1958,p:66:1991,9.884489111734608,13.595725431178728,,,,,,0.6797862715589365,0,0,0,
44b6_c50204e0,44b6_c50204e0:184,pil_only,83,pil_only|44b6_c50204e0:184|83,0,p:65:1426,p:66:1958,p:66:2000,8.125,11.718041645257966,,,,,,0.5859020822628983,0,0,0,
44b6_c50204e0,44b6_c50204e0:184,pil_only,84,pil_only|44b6_c50204e0:184|84,0,p:65:1426,p:66:1958,p:66:2030,9.75,17.577062467886947,,,,,,0.8788531233943473,0,0,0,
44b6_c50204e0,44b6_c50204e0:184,pil_only,85,pil_only|44b6_c50204e0:184|85,0,p:65:1426,p:66:1958,p:66:2032,11.490485194281398,18.022121822915302,,,,,,0.9011060911457651,0,0,0,
44b6_c50204e0,44b6_c50204e0:184,pil_only,86,pil_only|44b6_c50204e0:184|86,0,p:65:1426,p:66:1958,p:66:2033,15.41610359332085,16.168545852982575,,,,,,0.8084272926491287,0,0,0,
44b6_c50204e0,44b6_c50204e0:184,pil_only,87,pil_only|44b6_c50204e0:184|87,0,p:65:1426,p:66:1958,p:66:2042,14.804454566109486,17.35025215955088,,,,,,0.867512607977544,0,0,0,
44b6_c50204e0,44b6_c50204e0:184,pil_only,88,pil_only|44b6_c50204e0:184|88,0,p:65:1426,p:66:1958,p:66:2043,13.595725431178728,19.835652875567266,,,,,,0.9917826437783633,0,0,0,
44b6_c50204e0,44b6_c50204e0:184,pil_only,89,pil_only|44b6_c50204e0:184|89,0,p:65:1426,p:66:1958,p:66:2076,13.301198254292732,17.04314378276496,,,,,,0.852157189138248,0,0,0,
44b6_c50204e0,44b6_c50204e0:184,pil_only,90,pil_only|44b6_c50204e0:184|90,0,p:65:1426,p:66:1958,p:66:2085,15.33021933959198,19.08942770226494,,,,,,0.9544713851132469,0,0,0,
44b6_c50204e0,44b6_c50204e0:184,pil_only,91,pil_only|44b6_c50204e0:184|91,0,p:65:1426,p:66:1969,p:66:1984,15.33021933959198,19.63494970709118,,,,,,0.981747485354559,0,0,0,
44b6_c50204e0,44b6_c50204e0:184,pil_only,92,pil_only|44b6_c50204e0:184|92,0,p:65:1426,p:66:1969,p:66:1990,15.33021933959198,18.810734967034115,,,,,,0.9405367483517058,0,0,0,
44b6_c50204e0,44b6_c50204e0:184,pil_only,93,pil_only|44b6_c50204e0:184|93,0,p:65:1426,p:66:1969,p:66:1991,15.33021933959198,14.89337100860648,,,,,,0.744668550430324,0,0,0,
44b6_c50204e0,44b6_c50204e0:184,pil_only,94,pil_only|44b6_c50204e0:184|94,0,p:65:1426,p:66:1969,p:66:1999,15.501512023025366,5.138701197773616,,,,,,0.2569350598886808,0,0,0,
44b6_c50204e0,44b6_c50204e0:184,pil_only,95,pil_only|44b6_c50204e0:184|95,0,p:65:1426,p:66:1969,p:66:2000,15.33021933959198,12.795262795269194,,,,,,0.6397631397634597,0,0,0,
44b6_c50204e0,44b6_c50204e0:184,pil_only,96,pil_only|44b6_c50204e0:184|96,0,p:65:1426,p:66:1969,p:66:2030,15.33021933959198,12.691655723348314,,,,,,0.6345827861674157,0,0,0,
44b6_c50204e0,44b6_c50204e0:184,pil_only,97,pil_only|44b6_c50204e0:184|97,0,p:65:1426,p:66:1969,p:66:2032,15.33021933959198,17.875,,,,,,0.89375,0,0,0,
44b6_c50204e0,44b6_c50204e0:184,pil_only,98,pil_only|44b6_c50204e0:184|98,0,p:65:1426,p:66:1969,p:66:2043,15.33021933959198,16.331047884321446,,,,,,0.8165523942160723,0,0,0,
44b6_c50204e0,44b6_c50204e0:184,pil_only,99,pil_only|44b6_c50204e0:184|99,0,p:65:1426,p:66:1969,p:66:2077,15.33021933959198,18.740414216340042,,,,,,0.9370207108170021,0,0,0,
44b6_c50204e0,44b6_c50204e0:184,pil_only,100,pil_only|44b6_c50204e0:184|100,0,p:65:1426,p:66:1970,p:66:1984,13.101168840985142,11.941262496067994,,,,,,0.5970631248033997,0,0,0,
44b6_c50204e0,44b6_c50204e0:184,pil_only,101,pil_only|44b6_c50204e0:184|101,0,p:65:1426,p:66:1970,p:66:2000,13.101168840985142,15.754959536603069,,,,,,0.7877479768301534,0,0,0,
44b6_c50204e0,44b6_c50204e0:184,pil_only,102,pil_only|44b6_c50204e0:184|102,0,p:65:1426,p:66:1970,p:66:2032,13.101168840985142,16.331047884321446,,,,,,0.8165523942160723,0,0,0,
44b6_c50204e0,44b6_c50204e0:184,pil_only,103,pil_only|44b6_c50204e0:184|103,0,p:65:1426,p:66:1970,p:66:2033,15.41610359332085,9.884489111734608,,,,,,0.4942244555867304,0,0,0,
44b6_c50204e0,44b6_c50204e0:184,pil_only,104,pil_only|44b6_c50204e0:184|104,0,p:65:1426,p:66:1970,p:66:2085,15.33021933959198,16.887495373796554,,,,,,0.8443747686898277,0,0,0,
44b6_c50204e0,44b6_c50204e0:184,pil_only,105,pil_only|44b6_c50204e0:184|105,0,p:65:1426,p:66:1980,p:66:1984,14.072912811497128,10.277402395547233,,,,,,0.5138701197773616,0,0,0,
44b6_c50204e0,44b6_c50204e0:184,pil_only,106,pil_only|44b6_c50204e0:184|106,0,p:65:1426,p:66:1980,p:66:1990,14.625,8.900491559458949,,,,,,0.4450245779729475,0,0,0,
44b6_c50204e0,44b6_c50204e0:184,pil_only,107,pil_only|44b6_c50204e0:184|107,0,p:65:1426,p:66:1980,p:66:1991,14.072912811497128,10.017172754824587,,,,,,0.5008586377412294,0,0,0,
44b6_c50204e0,44b6_c50204e0:184,pil_only,108,pil_only|44b6_c50204e0:184|108,0,p:65:1426,p:66:1980,p:66:2000,14.072912811497128,16.411695524838375,,,,,,0.8205847762419187,0,0,0,
44b6_c50204e0,44b6_c50204e0:184,pil_only,109,pil_only|44b6_c50204e0:184|109,0,p:65:1426,p:66:1980,p:66:2030,14.072912811497128,18.598975106171846,,,,,,0.9299487553085923,0,0,0,
44b6_c50204e0,44b6_c50204e0:184,pil_only,110,pil_only|44b6_c50204e0:184|110,0,p:65:1426,p:66:1980,p:66:2042,14.804454566109486,10.277402395547233,,,,,,0.5138701197773616,0,0,0,
44b6_c50204e0,44b6_c50204e0:184,pil_only,111,pil_only|44b6_c50204e0:184|111,0,p:65:1426,p:66:1980,p:66:2043,14.072912811497128,16.331047884321446,,,,,,0.8165523942160723,0,0,0,
44b6_c50204e0,44b6_c50204e0:184,pil_only,112,pil_only|44b6_c50204e0:184|112,0,p:65:1426,p:66:1980,p:66:2076,14.072912811497128,14.89337100860648,,,,,,0.744668550430324,0,0,0,
44b6_c50204e0,44b6_c50204e0:184,pil_only,113,pil_only|44b6_c50204e0:184|113,0,p:65:1426,p:66:1984,p:66:1990,14.625,13.978778558944269,,,,,,0.6989389279472135,0,0,0,
44b6_c50204e0,44b6_c50204e0:184,pil_only,114,pil_only|44b6_c50204e0:184|114,0,p:65:1426,p:66:1984,p:66:1991,9.884489111734608,10.531203634912773,,,,,,0.5265601817456387,0,0,0,
44b6_c50204e0,44b6_c50204e0:184,pil_only,115,pil_only|44b6_c50204e0:184|115,1,p:65:1426,p:66:1984,p:66:2000,5.3895152843275245,8.900491559458949,,,,,,0.4450245779729475,0,0,0,
44b6_c50204e0,44b6_c50204e0:184,pil_only,116,pil_only|44b6_c50204e0:184|116,0,p:65:1426,p:66:1984,p:66:2030,9.75,14.072912811497128,,,,,,0.7036456405748563,0,0,0,
44b6_c50204e0,44b6_c50204e0:184,pil_only,117,pil_only|44b6_c50204e0:184|117,0,p:65:1426,p:66:1984,p:66:2032,11.490485194281398,16.00439392791867,,,,,,0.8002196963959335,0,0,0,
44b6_c50204e0,44b6_c50204e0:184,pil_only,118,pil_only|44b6_c50204e0:184|118,0,p:65:1426,p:66:1984,p:66:2033,15.41610359332085,15.670932486613552,,,,,,0.7835466243306776,0,0,0,
44b6_c50204e0,44b6_c50204e0:184,pil_only,119,pil_only|44b6_c50204e0:184|119,0,p:65:1426,p:66:1984,p:66:2042,14.804454566109486,13.788582233137676,,,,,,0.6894291116568838,0,0,0,
44b6_c50204e0,44b6_c50204e0:184,pil_only,120,pil_only|44b6_c50204e0:184|120,0,p:65:1426,p:66:1984,p:66:2043,13.595725431178728,16.00439392791867,,,,,,0.8002196963959335,0,0,0,
44b6_c50204e0,44b6_c50204e0:184,pil_only,121,pil_only|44b6_c50204e0:184|121,0,p:65:1426,p:66:1984,p:66:2076,13.301198254292732,13.400093283257396,,,,,,0.6700046641628699,0,0,0,
44b6_c50204e0,44b6_c50204e0:184,pil_only,122,pil_only|44b6_c50204e0:184|122,0,p:65:1426,p:66:1984,p:66:2077,12.795262795269194,16.965498076979642,,,,,,0.8482749038489821,0,0,0,
44b6_c50204e0,44b6_c50204e0:184,pil_only,123,pil_only|44b6_c50204e0:184|123,0,p:65:1426,p:66:1984,p:66:2085,15.33021933959198,16.730398979103875,,,,,,0.8365199489551938,0,0,0,
44b6_c50204e0,44b6_c50204e0:184,pil_only,124,pil_only|44b6_c50204e0:184|124,0,p:65:1426,p:66:1990,p:66:1991,14.625,5.138701197773616,,,,,,0.2569350598886808,0,0,0,
44b6_c50204e0,44b6_c50204e0:184,pil_only,125,pil_only|44b6_c50204e0:184|125,0,p:65:1426,p:66:1990,p:66:1999,15.501512023025366,17.65201829820035,,,,,,0.8826009149100175,0,0,0,
44b6_c50204e0,44b6_c50204e0:184,pil_only,126,pil_only|44b6_c50204e0:184|126,0,p:65:1426,p:66:1990,p:66:2000,14.625,15.069630055180518,,,,,,0.7534815027590259,0,0,0,
44b6_c50204e0,44b6_c50204e0:184,pil_only,127,pil_only|44b6_c50204e0:184|127,0,p:65:1426,p:66:1990,p:66:2030,14.625,14.625,,,,,,0.73125,0,0,0,
44b6_c50204e0,44b6_c50204e0:184,pil_only,128,pil_only|44b6_c50204e0:184|128,0,p:65:1426,p:66:1990,p:66:2042,14.804454566109486,10.017172754824587,,,,,,0.5008586377412294,0,0,0,
44b6_c50204e0,44b6_c50204e0:184,pil_only,129,pil_only|44b6_c50204e0:184|129,0,p:65:1426,p:66:1990,p:66:2043,14.625,10.65583760199075,,,,,,0.5327918800995375,0,0,0,
44b6_c50204e0,44b6_c50204e0:184,pil_only,130,pil_only|44b6_c50204e0:184|130,0,p:65:1426,p:66:1990,p:66:2076,14.625,15.754959536603069,,,,,,0.7877479768301534,0,0,0,
44b6_c50204e0,44b6_c50204e0:184,pil_only,131,pil_only|44b6_c50204e0:184|131,0,p:65:1426,p:66:1991,p:66:1999,15.501512023025366,13.978778558944269,,,,,,0.6989389279472135,0,0,0,
44b6_c50204e0,44b6_c50204e0:184,pil_only,132,pil_only|44b6_c50204e0:184|132,0,p:65:1426,p:66:1991,p:66:2000,9.884489111734608,10.017172754824587,,,,,,0.5008586377412294,0,0,0,
44b6_c50204e0,44b6_c50204e0:184,pil_only,133,pil_only|44b6_c50204e0:184|133,0,p:65:1426,p:66:1991,p:66:2030,9.884489111734608,10.405076885828379,,,,,,0.520253844291419,0,0,0,
44b6_c50204e0,44b6_c50204e0:184,pil_only,134,pil_only|44b6_c50204e0:184|134,0,p:65:1426,p:66:1991,p:66:2032,11.490485194281398,19.295805891436615,,,,,,0.9647902945718307,0,0,0,
44b6_c50204e0,44b6_c50204e0:184,pil_only,135,pil_only|44b6_c50204e0:184|135,0,p:65:1426,p:66:1991,p:66:2042,14.804454566109486,10.531203634912773,,,,,,0.5265601817456387,0,0,0,
44b6_c50204e0,44b6_c50204e0:184,pil_only,136,pil_only|44b6_c50204e0:184|136,0,p:65:1426,p:66:1991,p:66:2043,13.595725431178728,8.75089281159357,,,,,,0.43754464057967846,0,0,0,
44b6_c50204e0,44b6_c50204e0:184,pil_only,137,pil_only|44b6_c50204e0:184|137,0,p:65:1426,p:66:1991,p:66:2076,13.301198254292732,13.978778558944269,,,,,,0.6989389279472135,0,0,0,
44b6_c50204e0,44b6_c50204e0:184,pil_only,138,pil_only|44b6_c50204e0:184|138,0,p:65:1426,p:66:1991,p:66:2077,12.795262795269194,17.577062467886947,,,,,,0.8788531233943473,0,0,0,
44b6_c50204e0,44b6_c50204e0:184,pil_only,139,pil_only|44b6_c50204e0:184|139,0,p:65:1426,p:66:1999,p:66:2000,15.501512023025366,12.375631297028852,,,,,,0.6187815648514425,0,0,0,
44b6_c50204e0,44b6_c50204e0:184,pil_only,140,pil_only|44b6_c50204e0:184|140,0,p:65:1426,p:66:1999,p:66:2030,15.501512023025366,9.613629647536875,,,,,,0.48068148237684377,0,0,0,
44b6_c50204e0,44b6_c50204e0:184,pil_only,141,pil_only|44b6_c50204e0:184|141,0,p:65:1426,p:66:1999,p:66:2032,15.501512023025366,16.965498076979642,,,,,,0.8482749038489821,0,0,0,
44b6_c50204e0,44b6_c50204e0:184,pil_only,142,pil_only|44b6_c50204e0:184|142,0,p:65:1426,p:66:1999,p:66:2043,15.501512023025366,12.691655723348314,,,,,,0.6345827861674157,0,0,0,
44b6_c50204e0,44b6_c50204e0:184,pil_only,143,pil_only|44b6_c50204e0:184|143,0,p:65:1426,p:66:1999,p:66:2077,15.501512023025366,16.00439392791867,,,,,,0.8002196963959335,0,0,0,
44b6_c50204e0,44b6_c50204e0:184,pil_only,144,pil_only|44b6_c50204e0:184|144,0,p:65:1426,p:66:2000,p:66:2030,9.75,6.700046641628698,,,,,,0.33500233208143493,0,0,0,
44b6_c50204e0,44b6_c50204e0:184,pil_only,145,pil_only|44b6_c50204e0:184|145,0,p:65:1426,p:66:2000,p:66:2032,11.490485194281398,9.613629647536875,,,,,,0.48068148237684377,0,0,0,
44b6_c50204e0,44b6_c50204e0:184,pil_only,146,pil_only|44b6_c50204e0:184|146,0,p:65:1426,p:66:2000,p:66:2033,15.41610359332085,16.809130703281475,,,,,,0.8404565351640738,0,0,0,
44b6_c50204e0,44b6_c50204e0:184,pil_only,147,pil_only|44b6_c50204e0:184|147,0,p:65:1426,p:66:2000,p:66:2042,14.804454566109486,15.41610359332085,,,,,,0.7708051796660425,0,0,0,
44b6_c50204e0,44b6_c50204e0:184,pil_only,148,pil_only|44b6_c50204e0:184|148,0,p:65:1426,p:66:2000,p:66:2043,13.595725431178728,11.830178570080843,,,,,,0.5915089285040421,0,0,0,
44b6_c50204e0,44b6_c50204e0:184,pil_only,149,pil_only|44b6_c50204e0:184|149,0,p:65:1426,p:66:2000,p:66:2076,13.301198254292732,13.595725431178728,,,,,,0.6797862715589365,0,0,0,
44b6_c50204e0,44b6_c50204e0:184,pil_only,150,pil_only|44b6_c50204e0:184|150,0,p:65:1426,p:66:2000,p:66:2077,12.795262795269194,10.405076885828379,,,,,,0.520253844291419,0,0,0,
44b6_c50204e0,44b6_c50204e0:184,pil_only,151,pil_only|44b6_c50204e0:184|151,0,p:65:1426,p:66:2000,p:66:2085,15.33021933959198,15.41610359332085,,,,,,0.7708051796660425,0,0,0,
44b6_c50204e0,44b6_c50204e0:184,pil_only,152,pil_only|44b6_c50204e0:184|152,0,p:65:1426,p:66:2030,p:66:2032,11.490485194281398,11.490485194281398,,,,,,0.5745242597140698,0,0,0,
44b6_c50204e0,44b6_c50204e0:184,pil_only,153,pil_only|44b6_c50204e0:184|153,0,p:65:1426,p:66:2030,p:66:2042,14.804454566109486,14.072912811497128,,,,,,0.7036456405748563,0,0,0,
44b6_c50204e0,44b6_c50204e0:184,pil_only,154,pil_only|44b6_c50204e0:184|154,0,p:65:1426,p:66:2030,p:66:2043,13.595725431178728,6.894291116568838,,,,,,0.3447145558284419,0,0,0,
44b6_c50204e0,44b6_c50204e0:184,pil_only,155,pil_only|44b6_c50204e0:184|155,0,p:65:1426,p:66:2030,p:66:2076,13.301198254292732,12.481861840286488,,,,,,0.6240930920143244,0,0,0,
44b6_c50204e0,44b6_c50204e0:184,pil_only,156,pil_only|44b6_c50204e0:184|156,0,p:65:1426,p:66:2030,p:66:2077,12.795262795269194,8.285906709588275,,,,,,0.4142953354794138,0,0,0,
44b6_c50204e0,44b6_c50204e0:184,pil_only,157,pil_only|44b6_c50204e0:184|157,0,p:65:1426,p:66:2030,p:66:2085,15.33021933959198,16.331047884321446,,,,,,0.8165523942160723,0,0,0,
44b6_c50204e0,44b6_c50204e0:184,pil_only,158,pil_only|44b6_c50204e0:184|158,0,p:65:1426,p:66:2032,p:66:2033,15.41610359332085,13.400093283257396,,,,,,0.6700046641628699,0,0,0,
44b6_c50204e0,44b6_c50204e0:184,pil_only,159,pil_only|44b6_c50204e0:184|159,0,p:65:1426,p:66:2032,p:66:2043,13.595725431178728,17.948711652929298,,,,,,0.8974355826464648,0,0,0,
44b6_c50204e0,44b6_c50204e0:184,pil_only,160,pil_only|44b6_c50204e0:184|160,0,p:65:1426,p:66:2032,p:66:2076,13.301198254292732,16.965498076979642,,,,,,0.8482749038489821,0,0,0,
44b6_c50204e0,44b6_c50204e0:184,pil_only,161,pil_only|44b6_c50204e0:184|161,0,p:65:1426,p:66:2032,p:66:2077,12.795262795269194,6.894291116568838,,,,,,0.3447145558284419,0,0,0,
44b6_c50204e0,44b6_c50204e0:184,pil_only,162,pil_only|44b6_c50204e0:184|162,0,p:65:1426,p:66:2032,p:66:2085,15.33021933959198,11.830178570080843,,,,,,0.5915089285040421,0,0,0,
44b6_c50204e0,44b6_c50204e0:184,pil_only,163,pil_only|44b6_c50204e0:184|163,0,p:65:1426,p:66:2033,p:66:2076,15.41610359332085,17.273986945693807,,,,,,0.8636993472846903,0,0,0,
44b6_c50204e0,44b6_c50204e0:184,pil_only,164,pil_only|44b6_c50204e0:184|164,0,p:65:1426,p:66:2033,p:66:2077,15.41610359332085,16.086679271993955,,,,,,0.8043339635996978,0,0,0,
44b6_c50204e0,44b6_c50204e0:184,pil_only,165,pil_only|44b6_c50204e0:184|165,0,p:65:1426,p:66:2033,p:66:2085,15.41610359332085,8.75089281159357,,,,,,0.43754464057967846,0,0,0,
44b6_c50204e0,44b6_c50204e0:184,pil_only,166,pil_only|44b6_c50204e0:184|166,0,p:65:1426,p:66:2042,p:66:2043,14.804454566109486,9.884489111734608,,,,,,0.4942244555867304,0,0,0,
44b6_c50204e0,44b6_c50204e0:184,pil_only,167,pil_only|44b6_c50204e0:184|167,0,p:65:1426,p:66:2042,p:66:2076,14.804454566109486,7.267220926874317,,,,,,0.36336104634371585,0,0,0,
44b6_c50204e0,44b6_c50204e0:184,pil_only,168,pil_only|44b6_c50204e0:184|168,0,p:65:1426,p:66:2042,p:66:2077,14.804454566109486,17.875,,,,,,0.89375,0,0,0,
44b6_c50204e0,44b6_c50204e0:184,pil_only,169,pil_only|44b6_c50204e0:184|169,0,p:65:1426,p:66:2042,p:66:2085,15.33021933959198,18.52785065786099,,,,,,0.9263925328930496,0,0,0,
44b6_c50204e0,44b6_c50204e0:184,pil_only,170,pil_only|44b6_c50204e0:184|170,0,p:65:1426,p:66:2043,p:66:2076,13.595725431178728,11.375,,,,,,0.56875,0,0,0,
44b6_c50204e0,44b6_c50204e0:184,pil_only,171,pil_only|44b6_c50204e0:184|171,0,p:65:1426,p:66:2043,p:66:2077,13.595725431178728,13.400093283257396,,,,,,0.6700046641628699,0,0,0,
44b6_c50204e0,44b6_c50204e0:184,pil_only,172,pil_only|44b6_c50204e0:184|172,0,p:65:1426,p:66:2043,p:66:2085,15.33021933959198,19.56759119053748,,,,,,0.978379559526874,0,0,0,
44b6_c50204e0,44b6_c50204e0:184,pil_only,173,pil_only|44b6_c50204e0:184|173,0,p:65:1426,p:66:2076,p:66:2077,13.301198254292732,12.691655723348314,,,,,,0.6345827861674157,0,0,0,
44b6_c50204e0,44b6_c50204e0:184,pil_only,174,pil_only|44b6_c50204e0:184|174,0,p:65:1426,p:66:2076,p:66:2085,15.33021933959198,11.490485194281398,,,,,,0.5745242597140698,0,0,0,
44b6_c50204e0,44b6_c50204e0:184,pil_only,175,pil_only|44b6_c50204e0:184|175,0,p:65:1426,p:66:2077,p:66:2085,15.33021933959198,10.405076885828379,,,,,,0.520253844291419,0,0,0,
44b6_c50204e0,44b6_c50204e0:43,union,0,union|44b6_c50204e0:43|0,0,c:28:240:155,c:29:664:166,c:29:686:233,14.981759743100941,7.621925609713073,0.34412619344126194,0.11466821885913853,0.6655405405405406,0.12168004941321804,0.18282890673255095,0.38109628048565364,0,3,3,0.8586480723418611
44b6_c50204e0,44b6_c50204e0:43,union,1,union|44b6_c50204e0:43|1,0,c:28:240:155,c:29:664:166,c:29:695:117,14.981759743100941,8.125,0.41243781094527365,0.1360927152317881,0.6942567567567568,0.1447692849594928,0.20852412821415992,0.40625,0,3,3,0.8723543141545225
44b6_c50204e0,44b6_c50204e0:43,union,2,union|44b6_c50204e0:43|2,0,c:28:240:155,c:29:664:166,c:29:703:185,14.981759743100941,16.086679271993955,0.46055555555555555,0.006877149109096593,0.037162162162162164,0.008368200836820083,0.22518067706352224,0.8043339635996978,0,3,3,0.8437866160530728
44b6_c50204e0,44b6_c50204e0:43,union,3,union|44b6_c50204e0:43|3,0,c:28:240:155,c:29:664:166,c:29:725:116,14.981759743100941,14.259317129512198,0.3290988487495038,0.03439222893147808,0.22128378378378377,0.03912783751493429,0.1768219832735962,0.7129658564756098,0,3,3,0.8729081422782364
44b6_c50204e0,44b6_c50204e0:43,union,4,union|44b6_c50204e0:43|4,0,c:28:240:155,c:29:664:166,c:29:728:197,15.754959536603069,19.835652875567266,0.5479180436219432,0.0,0.0,0.0,0.2527754056362084,0.9917826437783633,0,3,3,0.8319724709067059
44b6_c50204e0,44b6_c50204e0:43,union,5,union|44b6_c50204e0:43|5,0,c:28:240:155,c:29:664:166,c:29:738:5,15.33021933959198,19.63494970709118,0.8763213530655392,0.0,0.0,0.0,0.3335211267605634,0.981747485354559,0,3,3,0.8737730735825219
44b6_c50204e0,44b6_c50204e0:43,union,6,union|44b6_c50204e0:43|6,0,c:28:240:155,c:29:664:166,c:29:741:132,14.981759743100941,13.978778558944269,0.9892601431980907,0.013004484304932735,0.048986486486486486,0.01739652069586083,0.355128974205159,0.6989389279472135,0,3,3,0.8673839502921248
44b6_c50204e0,44b6_c50204e0:43,union,7,union|44b6_c50204e0:43|7,0,c:28:240:155,c:29:664:166,c:29:750:151,14.981759743100941,17.50178562318714,0.15319662243667068,0.0,0.0,0.0,0.6192468619246861,0.8750892811593569,0,3,3,0.8479309500732066
44b6_c50204e0,44b6_c50204e0:43,union,8,union|44b6_c50204e0:43|8,0,c:28:240:155,c:29:664:166,c:29:758:141,14.981759743100941,16.331047884321446,0.6537854889589906,0.0,0.0,0.0,0.28230805913209345,0.8165523942160723,0,3,3,0.8636241366764325
44b6_c50204e0,44b6_c50204e0:43,union,9,union|44b6_c50204e0:43|9,0,c:28:240:155,c:29:664:166,c:29:770:136,14.981759743100941,16.411695524838375,0.5772980501392758,0.0,0.0,0.0,0.26136865342163357,0.8205847762419187,0,3,3,0.8644868852506953
44b6_c50204e0,44b6_c50204e0:43,union,10,union|44b6_c50204e0:43|10,0,c:28:240:155,c:29:664:166,f:29:123,14.981759743100941,14.44527314656531,0.45029875067897884,0.04551282051282051,0.23986486486486486,0.05318352059925094,0.22172284644194756,0.7222636573282655,1,3,2,0.8554685616619366
44b6_c50204e0,44b6_c50204e0:43,union,11,union|44b6_c50204e0:43|11,0,c:28:240:155,c:29:664:166,f:29:203,14.981759743100941,14.102398068888952,0.09408926417370325,0.017651052274270197,0.04391891891891892,0.02866593164277839,0.6527012127894156,0.7051199034444476,1,3,2,0.8275562712412522
44b6_c50204e0,44b6_c50204e0:43,union,12,union|44b6_c50204e0:43|12,0,c:28:240:155,c:29:686:233,c:29:695:117,12.481861840286488,12.481861840286488,0.8343711083437111,0.010078613182826043,0.08445945945945946,0.011314777098891152,0.13396696085087123,0.6240930920143244,0,3,3,0.8764899757409581
44b6_c50204e0,44b6_c50204e0:43,union,13,union|44b6_c50204e0:43|13,0,c:28:240:155,c:29:686:233,c:29:703:185,14.072912811497128,12.160386507015309,0.7471980074719801,0.026732249786142002,0.21114864864864866,0.029698265621287717,0.14065098598241862,0.6080193253507654,0,3,3,0.8479222776395083
44b6_c50204e0,44b6_c50204e0:43,union,14,union|44b6_c50204e0:43|14,0,c:28:240:155,c:29:686:233,c:29:725:116,12.481861840286488,14.625,0.9563318777292577,0.00546448087431694,0.05067567567567568,0.006087662337662338,0.12012987012987013,0.73125,0,3,3,0.8770438038646721
44b6_c50204e0,44b6_c50204e0:43,union,15,union|44b6_c50204e0:43|15,0,c:28:240:155,c:29:686:233,c:29:727:139,15.754959536603069,14.625,0.5246990452469904,0.015234467983813378,0.10810810810810811,0.0174244486795535,0.16117615028586987,0.73125,0,3,3,0.8693143062929707
44b6_c50204e0,44b6_c50204e0:43,union,16,union|44b6_c50204e0:43|16,0,c:28:240:155,c:29:686:233,c:29:728:197,15.754959536603069,12.268480957314969,0.6280614362806144,0.04394079555966698,0.32094594594594594,0.04844467108618052,0.1509433962264151,0.6134240478657484,0,3,3,0.8361081324931415
44b6_c50204e0,44b6_c50204e0:43,union,17,union|44b6_c50204e0:43|17,0,c:28:240:155,c:29:686:233,c:29:741:132,12.481861840286488,8.285906709588275,0.34786218347862186,0.16227671813502875,0.9054054054054054,0.16507545426547582,0.1823221435170927,0.4142953354794138,0,3,3,0.8715196118785604
44b6_c50204e0,44b6_c50204e0:43,union,18,union|44b6_c50204e0:43|18,0,c:28:240:155,c:29:686:233,c:29:749:165,15.069630055180518,14.625,0.42424242424242425,0.06597774244833068,0.4206081081081081,0.07257359370445934,0.1725444476828913,0.73125,0,3,3,0.8576611788744399
44b6_c50204e0,44b6_c50204e0:43,union,19,union|44b6_c50204e0:43|19,0,c:28:240:155,c:29:686:233,c:29:750:151,13.884006086140989,15.754959536603069,0.052718970527189705,0.04860878310425746,0.24493243243243243,0.05717665615141956,0.2334384858044164,0.7877479768301534,0,3,3,0.8520666116596421
44b6_c50204e0,44b6_c50204e0:43,union,20,union|44b6_c50204e0:43|20,0,c:28:240:155,c:29:686:233,c:29:758:141,12.481861840286488,11.604821196382131,0.5263594852635949,0.14696399785061795,0.9239864864864865,0.14876257818874083,0.16100081588251292,0.5802410598191066,0,3,3,0.8677597982628679
44b6_c50204e0,44b6_c50204e0:43,union,21,union|44b6_c50204e0:43|21,0,c:28:240:155,c:29:686:233,c:29:770:136,12.481861840286488,14.89337100860648,0.5960979659609796,0.08140385084084815,0.5641891891891891,0.08686605981794539,0.1539661898569571,0.744668550430324,0,3,3,0.8686225468371309
44b6_c50204e0,44b6_c50204e0:43,union,22,union|44b6_c50204e0:43|22,0,c:28:240:155,c:29:686:233,c:29:781:213,14.259317129512198,17.948711652929298,0.26193441261934414,0.03240477544059125,0.19256756756756757,0.0375,0.19473684210526315,0.8974355826464648,0,3,3,0.8174561998614917
44b6_c50204e0,44b6_c50204e0:43,union,23,union|44b6_c50204e0:43|23,0,c:28:240:155,c:29:686:233,c:29:785:167,12.481861840286488,18.810734967034115,0.8405977584059776,0.0054010802160432084,0.04560810810810811,0.006089309878213802,0.13351375732972484,0.9405367483517058,0,3,3,0.850846515947362
44b6_c50204e0,44b6_c50204e0:43,union,24,union|44b6_c50204e0:43|24,0,c:28:240:155,c:29:686:233,f:29:123,14.147547210258612,18.727548440114013,0.7642175176421752,0.0010336985734959686,0.008445945945945946,0.001176470588235294,0.13929411764705882,0.9363774220057006,1,3,2,0.8596042232483723
44b6_c50204e0,44b6_c50204e0:43,union,25,union|44b6_c50204e0:43|25,0,c:28:240:155,c:29:686:233,f:29:203,13.082471815119757,12.529289686307154,0.0323785803237858,0.0780812324929972,0.3766891891891892,0.08966626457579413,0.2380377965420185,0.6264644843153577,1,3,2,0.8316919328276877
44b6_c50204e0,44b6_c50204e0:43,union,26,union|44b6_c50204e0:43|26,0,c:28:240:155,c:29:695:117,c:29:703:185,14.072912811497128,15.501512023025366,0.8955223880597015,0.013118527042577675,0.09628378378378379,0.014960629921259842,0.15538057742782152,0.7750756011512683,0,3,3,0.8616285194521697
44b6_c50204e0,44b6_c50204e0:43,union,27,union|44b6_c50204e0:43|27,0,c:28:240:155,c:29:695:117,c:29:725:116,12.160386507015309,8.285906709588275,0.7979356887653831,0.10413971539456662,0.8158783783783784,0.10664605873261206,0.1307131817178185,0.4142953354794138,0,3,3,0.8907500456773333
44b6_c50204e0,44b6_c50204e0:43,union,28,union|44b6_c50204e0:43|28,0,c:28:240:155,c:29:695:117,c:29:738:5,15.33021933959198,12.268480957314969,0.47064676616915424,0.036214953271028034,0.20945945945945946,0.04194857916102842,0.20027063599458728,0.6134240478657484,0,3,3,0.8916149769816187
44b6_c50204e0,44b6_c50204e0:43,union,29,union|44b6_c50204e0:43|29,0,c:28:240:155,c:29:695:117,c:29:741:132,12.160386507015309,15.33021933959198,0.41691542288557215,0.022288261515601784,0.1266891891891892,0.026334269662921347,0.20786516853932585,0.7665109669795991,0,3,3,0.8852258536912215
44b6_c50204e0,44b6_c50204e0:43,union,30,union|44b6_c50204e0:43|30,0,c:28:240:155,c:29:695:117,c:29:750:151,13.884006086140989,19.295805891436615,0.06318407960199005,0.0,0.0,0.0,0.27702386523163314,0.9647902945718307,0,3,3,0.8657728534723034
44b6_c50204e0,44b6_c50204e0:43,union,31,union|44b6_c50204e0:43|31,0,c:28:240:155,c:29:695:117,c:29:758:141,12.160386507015309,16.57181341917655,0.6308457711442786,0.0,0.0,0.0,0.18059792556436852,0.8285906709588275,0,3,3,0.8814660400755292
44b6_c50204e0,44b6_c50204e0:43,union,32,union|44b6_c50204e0:43|32,0,c:28:240:155,c:29:695:117,c:29:770:136,12.160386507015309,14.072912811497128,0.7144278606965174,0.05679141585972258,0.36655405405405406,0.06297156123041207,0.1717933836331979,0.7036456405748563,0,3,3,0.8823287886497923
44b6_c50204e0,44b6_c50204e0:43,union,33,union|44b6_c50204e0:43|33,0,c:28:240:155,c:29:695:117,c:29:785:167,12.160386507015309,17.875,0.9925925925925926,0.004123263888888889,0.03209459459459459,0.004708798017348203,0.14671623296158612,0.89375,0,3,3,0.8645527577600234
44b6_c50204e0,44b6_c50204e0:43,union,34,union|44b6_c50204e0:43|34,0,c:28:240:155,c:29:695:117,c:29:792:23,13.978778558944269,17.04314378276496,0.776361529548088,0.04028056112224449,0.33952702702702703,0.04370515329419439,0.12872363557295063,0.852157189138248,0,3,3,0.8874363028361861
44b6_c50204e0,44b6_c50204e0:43,union,35,union|44b6_c50204e0:43|35,0,c:28:240:155,c:29:695:117,f:29:123,14.147547210258612,9.29953919543201,0.9159203980099503,0.10439970171513796,0.7094594594594594,0.10906258114775383,0.1537263048558816,0.4649769597716005,1,3,2,0.8733104650610336
44b6_c50204e0,44b6_c50204e0:43,union,36,union|44b6_c50204e0:43|36,0,c:28:240:155,c:29:695:117,f:29:203,13.082471815119757,16.87199127627608,0.03880597014925373,0.0,0.0,0.0,0.2835249042145594,0.8435995638138041,1,3,2,0.845398174640349
44b6_c50204e0,44b6_c50204e0:43,union,37,union|44b6_c50204e0:43|37,0,c:28:240:155,c:29:703:185,c:29:725:116,14.072912811497128,10.900831390311474,0.7145692735212386,0.07910349373764008,0.6081081081081081,0.08335262792313035,0.13706876591803657,0.5450415695155737,0,3,3,0.8621823475758835
44b6_c50204e0,44b6_c50204e0:43,union,38,union|44b6_c50204e0:43|38,0,c:28:240:155,c:29:703:185,c:29:727:139,15.754959536603069,6.700046641628698,0.7022222222222222,0.17104420243433696,0.902027027027027,0.17428198433420367,0.19321148825065274,0.33500233208143493,0,3,3,0.8544528500041823
44b6_c50204e0,44b6_c50204e0:43,union,39,union|44b6_c50204e0:43|39,0,c:28:240:155,c:29:703:185,c:29:728:197,15.754959536603069,13.498263777241872,0.8405555555555555,0.00025614754098360657,0.0016891891891891893,0.00030184123151222455,0.17869000905523694,0.6749131888620936,0,3,3,0.821246676204353
44b6_c50204e0,44b6_c50204e0:43,union,40,union|44b6_c50204e0:43|40,0,c:28:240:155,c:29:703:185,c:29:738:5,15.33021933959198,16.086679271993955,0.5255555555555556,0.016443361753958587,0.09121621621621621,0.019664967225054626,0.21558630735615442,0.8043339635996978,0,3,3,0.863047278880169
44b6_c50204e0,44b6_c50204e0:43,union,41,union|44b6_c50204e0:43|41,0,c:28:240:155,c:29:703:185,c:29:741:132,14.072912811497128,13.595725431178728,0.46555555555555556,0.07131011608623548,0.36317567567567566,0.08150113722517058,0.22441243366186506,0.6797862715589365,0,3,3,0.856658155589772
44b6_c50204e0,44b6_c50204e0:43,union,42,union|44b6_c50204e0:43|42,0,c:28:240:155,c:29:703:185,c:29:749:165,15.069630055180518,13.101168840985142,0.5677777777777778,0.006485849056603774,0.037162162162162164,0.007795889440113395,0.20978029766123316,0.6550584420492571,0,3,3,0.8427997225856515
44b6_c50204e0,44b6_c50204e0:43,union,43,union|44b6_c50204e0:43|43,0,c:28:240:155,c:29:703:185,c:29:758:141,14.072912811497128,16.168545852982575,0.7044444444444444,0.0043907793633369925,0.02702702702702703,0.005215123859191656,0.19295958279009126,0.8084272926491287,0,3,3,0.8528983419740794
44b6_c50204e0,44b6_c50204e0:43,union,44,union|44b6_c50204e0:43|44,0,c:28:240:155,c:29:703:185,c:29:770:136,14.072912811497128,19.22725929507375,0.7977777777777778,0.0002613012803762738,0.0016891891891891893,0.00030902348578491963,0.18294190358467244,0.9613629647536875,0,3,3,0.8537610905483425
44b6_c50204e0,44b6_c50204e0:43,union,45,union|44b6_c50204e0:43|45,0,c:28:240:155,c:29:703:185,c:29:785:167,14.072912811497128,13.978778558944269,0.8888888888888888,0.11822784810126583,0.7888513513513513,0.12209150326797386,0.15477124183006535,0.6989389279472135,0,3,3,0.8359850596585736
44b6_c50204e0,44b6_c50204e0:43,union,46,union|44b6_c50204e0:43|46,0,c:28:240:155,c:29:703:185,c:29:793:122,15.41610359332085,16.00439392791867,0.4862236628849271,0.03621833021594967,0.3597972972972973,0.03871319520174482,0.10759723736822974,0.8002196963959335,0,3,3,0.860818160956125
44b6_c50204e0,44b6_c50204e0:43,union,47,union|44b6_c50204e0:43|47,0,c:28:240:155,c:29:703:185,c:29:794:124,15.41610359332085,17.577062467886947,0.6211180124223602,0.006660323501427212,0.05912162162162162,0.00744997871434653,0.12601106853980418,0.8788531233943473,0,3,3,0.8604723089539444
44b6_c50204e0,44b6_c50204e0:43,union,48,union|44b6_c50204e0:43|48,0,c:28:240:155,c:29:703:185,c:29:801:120,14.072912811497128,16.331047884321446,0.3611556982343499,0.014720044022561564,0.18074324324324326,0.01577240566037736,0.08726415094339622,0.8165523942160723,0,3,3,0.8276540974247282
44b6_c50204e0,44b6_c50204e0:43,union,49,union|44b6_c50204e0:43|49,0,c:28:240:155,c:29:725:116,c:29:727:139,15.754959536603069,16.086679271993955,0.5017864231838031,0.0009151223976206818,0.006756756756756757,0.00105736188210415,0.15648955855141422,0.8043339635996978,0,3,3,0.8835743762293459
44b6_c50204e0,44b6_c50204e0:43,union,50,union|44b6_c50204e0:43|50,0,c:28:240:155,c:29:725:116,c:29:738:5,15.33021933959198,6.700046641628698,0.37554585152838427,0.14185195609344217,0.8513513513513513,0.14545454545454545,0.17085137085137087,0.33500233208143493,0,3,3,0.8921688051053326
44b6_c50204e0,44b6_c50204e0:43,union,51,union|44b6_c50204e0:43|51,0,c:28:240:155,c:29:725:116,c:29:741:132,10.017172754824587,14.804454566109486,0.33267169511711,0.07984686901832103,0.49324324324324326,0.08698242478403337,0.17634792969913612,0.7402227283054743,0,3,3,0.8857796818149355
44b6_c50204e0,44b6_c50204e0:43,union,52,union|44b6_c50204e0:43|52,0,c:28:240:155,c:29:725:116,c:29:749:165,15.069630055180518,19.90210416011332,0.40571655418816993,0.0,0.0,0.0,0.16718441118328156,0.995105208005666,0,3,3,0.871921248810815
44b6_c50204e0,44b6_c50204e0:43,union,53,union|44b6_c50204e0:43|53,0,c:28:240:155,c:29:725:116,c:29:758:141,10.017172754824587,15.754959536603069,0.5033743549027392,0.0,0.0,0.0,0.15632426722999737,0.7877479768301534,0,3,3,0.8820198681992432
44b6_c50204e0,44b6_c50204e0:43,union,54,union|44b6_c50204e0:43|54,0,c:28:240:155,c:29:725:116,c:29:770:136,10.017172754824587,14.259317129512198,0.5700674870980548,0.018593189964157705,0.14020270270270271,0.020986093552465234,0.14968394437420987,0.7129658564756098,0,3,3,0.8828826167735061
44b6_c50204e0,44b6_c50204e0:43,union,55,union|44b6_c50204e0:43|55,0,c:28:240:155,c:29:725:116,c:29:785:167,10.017172754824587,11.375,0.8038904327113934,0.06688824262567511,0.543918918918919,0.07086267605633803,0.13028169014084506,0.56875,0,3,3,0.8651065858837373
44b6_c50204e0,44b6_c50204e0:43,union,56,union|44b6_c50204e0:43|56,0,c:28:240:155,c:29:725:116,c:29:792:23,13.978778558944269,14.351611407782752,0.9729625337968327,0.0696190654907112,0.6266891891891891,0.07263116679718089,0.1158966327329679,0.7175805703891376,0,3,3,0.8879901309599001
44b6_c50204e0,44b6_c50204e0:43,union,57,union|44b6_c50204e0:43|57,0,c:28:240:155,c:29:725:116,c:29:793:122,15.41610359332085,13.978778558944269,0.6804430037817396,0.059894212818917235,0.6503378378378378,0.06188715640572255,0.09516154959009805,0.6989389279472135,0,3,3,0.8899396871812887
44b6_c50204e0,44b6_c50204e0:43,union,58,union|44b6_c50204e0:43|58,0,c:28:240:155,c:29:725:116,c:29:801:120,13.978778558944269,17.35025215955088,0.5054173354735152,0.0,0.0,0.0,0.07890177262428362,0.867512607977544,0,3,3,0.8567756236498919
44b6_c50204e0,44b6_c50204e0:43,union,59,union|44b6_c50204e0:43|59,0,c:28:240:155,c:29:725:116,f:29:123,14.147547210258612,14.437600573649231,0.7308455736403334,0.018930041152263374,0.1554054054054054,0.02110091743119266,0.13577981651376148,0.7218800286824616,1,3,2,0.8738642931847475
44b6_c50204e0,44b6_c50204e0:43,union,60,union|44b6_c50204e0:43|60,0,c:28:240:155,c:29:727:139,c:29:728:197,15.754959536603069,9.475296829123613,0.8354263053536021,0.03343558282208589,0.18412162162162163,0.03925099027727764,0.21317969031328773,0.47376484145618064,0,3,3,0.8426387048578153
44b6_c50204e0,44b6_c50204e0:43,union,61,union|44b6_c50204e0:43|61,0,c:28:240:155,c:29:727:139,c:29:741:132,15.754959536603069,13.498263777241872,0.6629746835443038,0.02745995423340961,0.12162162162162163,0.03425309229305423,0.28163653663177923,0.6749131888620936,0,3,3,0.8780501842432343
44b6_c50204e0,44b6_c50204e0:43,union,62,union|44b6_c50204e0:43|62,0,c:28:240:155,c:29:727:139,c:29:749:165,15.754959536603069,7.960841664045329,0.8085443037974683,0.10607225211375865,0.46621621621621623,0.12073490813648294,0.2589676290463692,0.3980420832022665,0,3,3,0.8641917512391138
44b6_c50204e0,44b6_c50204e0:43,union,63,union|44b6_c50204e0:43|63,0,c:28:240:155,c:29:727:139,c:29:758:141,15.754959536603069,15.754959536603069,0.9968454258675079,0.011003236245954692,0.057432432432432436,0.013428120063191154,0.23380726698262244,0.7877479768301534,0,3,3,0.8742903706275418
44b6_c50204e0,44b6_c50204e0:43,union,64,union|44b6_c50204e0:43|64,0,c:28:240:155,c:29:727:139,c:29:785:167,15.754959536603069,14.259317129512198,0.6241975308641975,0.09293156857223317,0.5574324324324325,0.10033444816053512,0.17999391912435392,0.7129658564756098,0,3,3,0.857377088312036
44b6_c50204e0,44b6_c50204e0:43,union,65,union|44b6_c50204e0:43|65,0,c:28:240:155,c:29:727:139,c:29:793:122,15.754959536603069,16.411695524838375,0.34143706104808214,0.01238615664845173,0.11486486486486487,0.01369311316955296,0.11921063229963753,0.8205847762419187,0,3,3,0.8822101896095873
44b6_c50204e0,44b6_c50204e0:43,union,66,union|44b6_c50204e0:43|66,0,c:28:240:155,c:29:727:139,c:29:794:124,15.754959536603069,12.795262795269194,0.4361628709454796,0.04644508034338543,0.3564189189189189,0.050696780394041324,0.142239308024988,0.6397631397634597,0,3,3,0.8818643376074068
44b6_c50204e0,44b6_c50204e0:43,union,67,union|44b6_c50204e0:43|67,0,c:28:240:155,c:29:727:139,c:29:801:120,15.754959536603069,13.788582233137676,0.2536115569823435,0.05069124423963134,0.5574324324324325,0.0528169014084507,0.09475032010243278,0.6894291116568838,0,3,3,0.8490461260781905
44b6_c50204e0,44b6_c50204e0:43,union,68,union|44b6_c50204e0:43|68,0,c:28:240:155,c:29:728:197,c:29:741:132,15.754959536603069,9.613629647536875,0.5538664904163912,0.0,0.0,0.0,0.25180774138664397,0.48068148237684377,0,3,3,0.844844010443405
44b6_c50204e0,44b6_c50204e0:43,union,69,union|44b6_c50204e0:43|69,0,c:28:240:155,c:29:728:197,c:29:749:165,15.754959536603069,3.9804208320226646,0.6754791804362195,0.1346153846153846,0.6266891891891891,0.14635108481262327,0.23353057199211044,0.19902104160113324,0,3,3,0.8309855774392845
44b6_c50204e0,44b6_c50204e0:43,union,70,union|44b6_c50204e0:43|70,0,c:28:240:155,c:29:728:197,c:29:750:151,15.754959536603069,19.835652875567266,0.08393919365499009,0.0,0.0,0.0,0.36097560975609755,0.9917826437783633,0,3,3,0.8253910102244868
44b6_c50204e0,44b6_c50204e0:43,union,71,union|44b6_c50204e0:43|71,0,c:28:240:155,c:29:728:197,c:29:758:141,15.754959536603069,11.941262496067994,0.838070059484468,0.02150211992731678,0.11993243243243243,0.025530384753685725,0.21287306724199928,0.5970631248033997,0,3,3,0.8410841968277126
44b6_c50204e0,44b6_c50204e0:43,union,72,union|44b6_c50204e0:43|72,0,c:28:240:155,c:29:728:197,c:29:770:136,15.754959536603069,18.740414216340042,0.9491077329808327,0.0,0.0,0.0,0.20074601559850797,0.9370207108170021,0,3,3,0.8419469454019755
44b6_c50204e0,44b6_c50204e0:43,union,73,union|44b6_c50204e0:43|73,0,c:28:240:155,c:29:728:197,c:29:781:213,15.754959536603069,16.809130703281475,0.4170522141440846,0.0,0.0,0.0,0.27611940298507465,0.8404565351640738,0,3,3,0.7907805984263362
44b6_c50204e0,44b6_c50204e0:43,union,74,union|44b6_c50204e0:43|74,0,c:28:240:155,c:29:728:197,c:29:785:167,15.754959536603069,17.875,0.7471604938271605,0.0002421893921046258,0.0016891891891891893,0.0002826455624646693,0.16732617297908423,0.89375,0,3,3,0.8241709145122068
44b6_c50204e0,44b6_c50204e0:43,union,75,union|44b6_c50204e0:43|75,0,c:28:240:155,c:29:728:197,c:29:794:124,15.754959536603069,11.941262496067994,0.5220841959972394,0.044467640918580374,0.3597972972972973,0.04828836998413058,0.13420992972115167,0.5970631248033997,0,3,3,0.8486581638075775
44b6_c50204e0,44b6_c50204e0:43,union,76,union|44b6_c50204e0:43|76,0,c:28:240:155,c:29:728:197,c:29:801:120,15.754959536603069,17.35025215955088,0.30357142857142855,0.003397027600849257,0.04054054054054054,0.0036940126212097893,0.09111897798984146,0.867512607977544,0,3,3,0.8158399522783614
44b6_c50204e0,44b6_c50204e0:43,union,77,union|44b6_c50204e0:43|77,0,c:28:240:155,c:29:728:197,f:29:203,15.754959536603069,18.255921586161282,0.051553205551883675,0.0,0.0,0.0,0.37209302325581395,0.9127960793080641,1,3,2,0.8050163313925324
44b6_c50204e0,44b6_c50204e0:43,union,78,union|44b6_c50204e0:43|78,0,c:28:240:155,c:29:738:5,c:29:770:136,15.33021933959198,18.810734967034115,0.658774373259053,0.0,0.0,0.0,0.24853064651553317,0.9405367483517058,0,3,3,0.8837475480777915
44b6_c50204e0,44b6_c50204e0:43,union,79,union|44b6_c50204e0:43|79,0,c:28:240:155,c:29:738:5,c:29:785:167,15.33021933959198,14.351611407782752,0.4671604938271605,0.004794134235758601,0.028716216216216218,0.00572197913160552,0.1992595085829687,0.7175805703891376,0,3,3,0.8659715171880227
44b6_c50204e0,44b6_c50204e0:43,union,80,union|44b6_c50204e0:43|80,0,c:28:240:155,c:29:738:5,c:29:792:23,15.33021933959198,13.101168840985142,0.3653920432599459,0.08605263157894737,0.5523648648648649,0.09250353606789251,0.16746817538896747,0.6550584420492571,0,3,3,0.8888550622641856
44b6_c50204e0,44b6_c50204e0:43,union,81,union|44b6_c50204e0:43|81,0,c:28:240:155,c:29:738:5,c:29:793:122,15.41610359332085,14.259317129512198,0.255537547271745,0.05602579604997985,0.46959459459459457,0.05981067125645439,0.12736660929432014,0.7129658564756098,0,3,3,0.890804618485574
44b6_c50204e0,44b6_c50204e0:43,union,82,union|44b6_c50204e0:43|82,0,c:28:240:155,c:29:738:5,f:29:123,15.33021933959198,16.2984271456151,0.5138511678435633,0.0,0.0,0.0,0.21241478292070326,0.814921357280755,1,3,2,0.8747292244890329
44b6_c50204e0,44b6_c50204e0:43,union,83,union|44b6_c50204e0:43|83,0,c:28:240:155,c:29:741:132,c:29:749:165,15.069630055180518,10.405076885828379,0.8199608610567515,0.0642361111111111,0.25,0.07956989247311828,0.31827956989247314,0.520253844291419,0,3,3,0.8663970568247034
44b6_c50204e0,44b6_c50204e0:43,union,84,union|44b6_c50204e0:43|84,0,c:28:240:155,c:29:741:132,c:29:750:151,13.884006086140989,11.941262496067994,0.1515513126491647,0.02098360655737705,0.05405405405405406,0.03316062176165803,0.6134715025906736,0.5970631248033997,0,3,3,0.8608024896099057
44b6_c50204e0,44b6_c50204e0:43,union,85,union|44b6_c50204e0:43|85,0,c:28:240:155,c:29:741:132,c:29:758:141,7.44668550430324,3.6336104634371584,0.6608832807570978,0.18177836180464302,0.7010135135135135,0.19705603038936373,0.28110161443494774,0.18168052317185793,0,3,3,0.8764956762131315
44b6_c50204e0,44b6_c50204e0:43,union,86,union|44b6_c50204e0:43|86,1,c:28:240:155,c:29:741:132,c:29:770:136,7.44668550430324,9.475296829123613,0.5835654596100278,0.05174311926605504,0.23817567567567569,0.06200527704485488,0.26033421284080915,0.47376484145618064,0,3,3,0.8773584247873943
44b6_c50204e0,44b6_c50204e0:43,union,87,union|44b6_c50204e0:43|87,0,c:28:240:155,c:29:741:132,c:29:781:213,14.259317129512198,11.258330249197702,0.752983293556086,0.0,0.0,0.0,0.4029952348536419,0.562916512459885,0,3,3,0.8261920778117551
44b6_c50204e0,44b6_c50204e0:43,union,88,union|44b6_c50204e0:43|88,0,c:28:240:155,c:29:741:132,c:29:785:167,8.75089281159357,13.595725431178728,0.4138271604938272,0.05207064555420219,0.28885135135135137,0.059727558505064615,0.20677610897659798,0.6797862715589365,0,3,3,0.8595823938976257
44b6_c50204e0,44b6_c50204e0:43,union,89,union|44b6_c50204e0:43|89,0,c:28:240:155,c:29:741:132,c:29:794:124,15.41610359332085,13.884006086140989,0.2891649413388544,0.07208323012137725,0.49155405405405406,0.07789079229122056,0.15845824411134904,0.6942003043070495,0,3,3,0.8840696431929964
44b6_c50204e0,44b6_c50204e0:43,union,90,union|44b6_c50204e0:43|90,0,c:28:240:155,c:29:741:132,c:29:801:120,13.978778558944269,16.331047884321446,0.16813804173354735,0.00611764705882353,0.06587837837837837,0.006698728959120577,0.1016832703538303,0.8165523942160723,0,3,3,0.8512514316637803
44b6_c50204e0,44b6_c50204e0:43,union,91,union|44b6_c50204e0:43|91,0,c:28:240:155,c:29:741:132,f:29:123,14.147547210258612,18.79915720760224,0.4551873981531776,0.0,0.0,0.0,0.2209779768570362,0.939957860380112,1,3,2,0.8683401011986357
44b6_c50204e0,44b6_c50204e0:43,union,92,union|44b6_c50204e0:43|92,0,c:28:240:155,c:29:741:132,f:29:203,13.082471815119757,10.351317148559861,0.09307875894988067,0.0,0.0,0.0,0.6462882096069869,0.5175658574279931,1,3,2,0.8404278107779514
44b6_c50204e0,44b6_c50204e0:43,union,93,union|44b6_c50204e0:43|93,0,c:28:240:155,c:29:749:165,c:29:758:141,15.069630055180518,11.941262496067994,0.805993690851735,0.04647785039941903,0.21621621621621623,0.05589519650655022,0.25851528384279476,0.5970631248033997,0,3,3,0.862637243209011
44b6_c50204e0,44b6_c50204e0:43,union,94,union|44b6_c50204e0:43|94,0,c:28:240:155,c:29:749:165,c:29:770:136,15.069630055180518,18.45645212385089,0.7116991643454039,0.0,0.0,0.0,0.24084621643612694,0.9228226061925445,0,3,3,0.8634999917832739
44b6_c50204e0,44b6_c50204e0:43,union,95,union|44b6_c50204e0:43|95,0,c:28:240:155,c:29:749:165,c:29:781:213,15.069630055180518,17.273986945693807,0.6174168297455969,0.0,0.0,0.0,0.35813672111312767,0.8636993472846903,0,3,3,0.8123336448076346
44b6_c50204e0,44b6_c50204e0:43,union,96,union|44b6_c50204e0:43|96,0,c:28:240:155,c:29:749:165,c:29:785:167,15.069630055180518,15.33021933959198,0.5046913580246913,0.0071962358151120955,0.04391891891891892,0.00853298326222514,0.1942894650475878,0.7665109669795991,0,3,3,0.8457239608935052
44b6_c50204e0,44b6_c50204e0:43,union,97,union|44b6_c50204e0:43|97,0,c:28:240:155,c:29:749:165,c:29:793:122,15.41610359332085,19.63494970709118,0.27606699081577524,0.0,0.0,0.0,0.12531752751905165,0.981747485354559,0,3,3,0.8705570621910566
44b6_c50204e0,44b6_c50204e0:43,union,98,union|44b6_c50204e0:43|98,0,c:28:240:155,c:29:749:165,c:29:794:124,15.41610359332085,8.285906709588275,0.3526570048309179,0.10805500982318271,0.7432432432432432,0.11224489795918367,0.1510204081632653,0.4142953354794138,0,3,3,0.8702112101888759
44b6_c50204e0,44b6_c50204e0:43,union,99,union|44b6_c50204e0:43|99,0,c:28:240:155,c:29:749:165,c:29:801:120,15.069630055180518,13.788582233137676,0.2050561797752809,0.0175817396668723,0.19256756756756757,0.01898101898101898,0.09856809856809857,0.6894291116568838,0,3,3,0.8373929986596598
44b6_c50204e0,44b6_c50204e0:43,union,100,union|44b6_c50204e0:43|100,0,c:28:240:155,c:29:749:165,f:29:203,15.069630055180518,19.99039550742813,0.07632093933463796,0.0,0.0,0.0,0.5381818181818182,0.9995197753714065,1,3,2,0.8265693777738309
44b6_c50204e0,44b6_c50204e0:43,union,101,union|44b6_c50204e0:43|101,0,c:28:240:155,c:29:750:151,c:29:758:141,13.884006086140989,10.405076885828379,0.10015772870662461,0.03759791122715405,0.12162162162162163,0.05161290322580645,0.4243727598566308,0.520253844291419,0,3,3,0.8570426759942132
44b6_c50204e0,44b6_c50204e0:43,union,102,union|44b6_c50204e0:43|102,0,c:28:240:155,c:29:750:151,c:29:770:136,13.884006086140989,10.017172754824587,0.08844011142061281,0.050706972208678695,0.17567567567567569,0.06653870761356366,0.37875879718490085,0.5008586377412294,0,3,3,0.8579054245684762
44b6_c50204e0,44b6_c50204e0:43,union,103,union|44b6_c50204e0:43|103,0,c:28:240:155,c:29:750:151,c:29:781:213,14.259317129512198,7.621925609713073,0.20126782884310618,0.033690658499234305,0.07432432432432433,0.05804749340369393,0.7810026385224275,0.38109628048565364,0,3,3,0.8067390775928369
44b6_c50204e0,44b6_c50204e0:43,union,104,union|44b6_c50204e0:43|104,0,c:28:240:155,c:29:750:151,f:29:123,14.147547210258612,17.30726927611607,0.06898424769147203,0.0,0.0,0.0,0.3008130081300813,0.8653634638058035,1,3,2,0.8488871009797175
44b6_c50204e0,44b6_c50204e0:43,union,105,union|44b6_c50204e0:43|105,0,c:28:240:155,c:29:750:151,f:29:203,13.884006086140989,3.6639468191286255,0.6141732283464567,0.18955223880597014,0.21452702702702703,0.6195121951219512,0.34628378378378377,0.18319734095643128,1,3,2,0.820974810559033
44b6_c50204e0,44b6_c50204e0:43,union,106,union|44b6_c50204e0:43|106,0,c:28:240:155,c:29:758:141,c:29:770:136,6.5,7.083210783253595,0.883008356545961,0.13381492948056414,0.6570945945945946,0.14386094674556213,0.21893491124260356,0.35416053916267975,0,3,3,0.873598611171702
44b6_c50204e0,44b6_c50204e0:43,union,107,union|44b6_c50204e0:43|107,0,c:28:240:155,c:29:758:141,c:29:781:213,14.259317129512198,8.75089281159357,0.49763406940063093,0.06452991452991454,0.25506756756756754,0.0795155344918378,0.31174302264349657,0.43754464057967846,0,3,3,0.8224322641960627
44b6_c50204e0,44b6_c50204e0:43,union,108,union|44b6_c50204e0:43|108,0,c:28:240:155,c:29:758:141,c:29:785:167,8.75089281159357,12.691655723348314,0.6261728395061729,0.014890282131661442,0.09628378378378379,0.01730944427573641,0.1797752808988764,0.6345827861674157,0,3,3,0.8558225802819331
44b6_c50204e0,44b6_c50204e0:43,union,109,union|44b6_c50204e0:43|109,0,c:28:240:155,c:29:758:141,c:29:792:23,13.978778558944269,19.63494970709118,0.48976438779451525,0.0,0.0,0.0,0.15348716619134042,0.981747485354559,0,3,3,0.878706125358096
44b6_c50204e0,44b6_c50204e0:43,union,110,union|44b6_c50204e0:43|110,0,c:28:240:155,c:29:758:141,c:29:793:122,15.41610359332085,19.63494970709118,0.3425175580767153,0.0,0.0,0.0,0.11911468812877264,0.981747485354559,0,3,3,0.8806556815794845
44b6_c50204e0,44b6_c50204e0:43,union,111,union|44b6_c50204e0:43|111,0,c:28:240:155,c:29:758:141,c:29:794:124,15.41610359332085,13.201562407533435,0.43754313319530713,0.06252791424743188,0.47297297297297297,0.06721075372059529,0.14210273643783006,0.6600781203766718,0,3,3,0.8803098295773041
44b6_c50204e0,44b6_c50204e0:43,union,112,union|44b6_c50204e0:43|112,0,c:28:240:155,c:29:758:141,c:29:801:120,13.978778558944269,15.41610359332085,0.25441412520064205,0.0016098346260793209,0.018581081081081082,0.0017594369801663468,0.09468969929622521,0.7708051796660425,0,3,3,0.8474916180480877
44b6_c50204e0,44b6_c50204e0:43,union,113,union|44b6_c50204e0:43|113,0,c:28:240:155,c:29:758:141,f:29:123,14.147547210258612,18.325285752361793,0.6887561108093427,0.0,0.0,0.0,0.19041492441299454,0.9162642876180896,1,3,2,0.8645802875829434
44b6_c50204e0,44b6_c50204e0:43,union,114,union|44b6_c50204e0:43|114,0,c:28:240:155,c:29:758:141,f:29:203,13.082471815119757,9.928128497358879,0.061514195583596214,0.02593965060878772,0.08277027027027027,0.036404160475482915,0.4398216939078752,0.49640642486794395,1,3,2,0.8366679971622588
44b6_c50204e0,44b6_c50204e0:43,union,115,union|44b6_c50204e0:43|115,0,c:28:240:155,c:29:770:136,c:29:781:213,14.259317129512198,11.490485194281398,0.43941504178272983,0.0033962264150943396,0.015202702702702704,0.0043541364296081275,0.2864054184808902,0.5745242597140698,0,3,3,0.8232950127703257
44b6_c50204e0,44b6_c50204e0:43,union,116,union|44b6_c50204e0:43|116,0,c:28:240:155,c:29:770:136,c:29:785:167,8.75089281159357,12.795262795269194,0.7091358024691358,0.024778761061946902,0.16554054054054054,0.028315515746893963,0.17104882981797168,0.6397631397634597,0,3,3,0.8566853288561962
44b6_c50204e0,44b6_c50204e0:43,union,117,union|44b6_c50204e0:43|117,0,c:28:240:155,c:29:770:136,c:29:792:23,13.978778558944269,13.884006086140989,0.5546543066821167,0.021912350597609563,0.16722972972972974,0.024596273291925465,0.14708074534161492,0.6942003043070495,0,3,3,0.8795688739323589
44b6_c50204e0,44b6_c50204e0:43,union,118,union|44b6_c50204e0:43|118,0,c:28:240:155,c:29:770:136,c:29:793:122,15.41610359332085,19.56759119053748,0.3878984332793085,0.0,0.0,0.0,0.11521992993382639,0.978379559526874,0,3,3,0.8815184301537475
44b6_c50204e0,44b6_c50204e0:43,union,119,union|44b6_c50204e0:43|119,0,c:28:240:155,c:29:770:136,c:29:794:124,15.41610359332085,18.16805231718579,0.49551414768806074,0.015042241912219246,0.12331081081081081,0.016843562528841716,0.13659437009690817,0.9084026158592895,0,3,3,0.881172578151567
44b6_c50204e0,44b6_c50204e0:43,union,120,union|44b6_c50204e0:43|120,0,c:28:240:155,c:29:770:136,c:29:801:120,13.978778558944269,17.577062467886947,0.2881219903691814,0.0,0.0,0.0,0.09221183800623053,0.8788531233943473,0,3,3,0.8483543666223508
44b6_c50204e0,44b6_c50204e0:43,union,121,union|44b6_c50204e0:43|121,0,c:28:240:155,c:29:770:136,f:29:123,14.147547210258612,12.637571460351525,0.7800108636610538,0.053649237472766884,0.3327702702702703,0.060115959719255416,0.18065303631370155,0.6318785730175762,1,3,2,0.8654430361572064
44b6_c50204e0,44b6_c50204e0:43,union,122,union|44b6_c50204e0:43|122,0,c:28:240:155,c:29:770:136,f:29:203,13.082471815119757,10.30214257861293,0.054317548746518104,0.087248322147651,0.28547297297297297,0.11162483487450463,0.3910171730515192,0.5151071289306465,1,3,2,0.8375307457365219
44b6_c50204e0,44b6_c50204e0:43,union,123,union|44b6_c50204e0:43|123,0,c:28:240:155,c:29:781:213,c:29:785:167,14.259317129512198,19.90210416011332,0.31160493827160496,0.0,0.0,0.0,0.22289156626506024,0.995105208005666,0,3,3,0.8055189818805569
44b6_c50204e0,44b6_c50204e0:43,union,124,union|44b6_c50204e0:43|124,0,c:28:240:155,c:29:781:213,c:29:794:124,15.41610359332085,17.273986945693807,0.21773636991028295,0.0007285089849441476,0.005067567567567568,0.000850099178237461,0.16775290450552566,0.8636993472846903,0,3,3,0.8300062311759278
44b6_c50204e0,44b6_c50204e0:43,union,125,union|44b6_c50204e0:43|125,0,c:28:240:155,c:29:781:213,f:29:203,14.259317129512198,9.762213292933938,0.12361331220285261,0.01640625,0.03547297297297297,0.029619181946403384,0.8349788434414669,0.4881106646466969,1,3,2,0.7863643987608825
44b6_c50204e0,44b6_c50204e0:43,union,126,union|44b6_c50204e0:43|126,0,c:28:240:155,c:29:785:167,c:29:792:23,13.978778558944269,14.072912811497128,0.7821552723059096,0.022789783889980354,0.19594594594594594,0.025140875596012136,0.1283051582141309,0.7036456405748563,0,3,3,0.8617928430425902
44b6_c50204e0,44b6_c50204e0:43,union,127,union|44b6_c50204e0:43|127,0,c:28:240:155,c:29:785:167,c:29:793:122,15.41610359332085,7.083210783253595,0.5470016207455429,0.06812035158891143,0.6807432432432432,0.07036843024270997,0.1033700017461149,0.35416053916267975,0,3,3,0.8637423992639787
44b6_c50204e0,44b6_c50204e0:43,union,128,union|44b6_c50204e0:43|128,0,c:28:240:155,c:29:785:167,c:29:794:124,15.41610359332085,12.481861840286488,0.6987577639751553,0.02681064978588717,0.24324324324324326,0.029250457038391225,0.12025187893560838,0.6240930920143244,0,3,3,0.8633965472617983
44b6_c50204e0,44b6_c50204e0:43,union,129,union|44b6_c50204e0:43|129,0,c:28:240:155,c:29:785:167,c:29:801:120,13.978778558944269,6.700046641628698,0.40630016051364365,0.07011122061100944,0.8412162162162162,0.07105150520759024,0.08446283349978599,0.33500233208143493,0,3,3,0.8305783357325819
44b6_c50204e0,44b6_c50204e0:43,union,130,union|44b6_c50204e0:43|130,0,c:28:240:155,c:29:792:23,c:29:793:122,15.41610359332085,16.57181341917655,0.6993517017828201,0.01714201270873356,0.19594594594594594,0.018439039898267368,0.09410268637736449,0.8285906709588275,0,3,3,0.8866259443401416
44b6_c50204e0,44b6_c50204e0:43,union,131,union|44b6_c50204e0:43|131,0,c:28:240:155,c:29:792:23,c:29:801:120,13.978778558944269,19.90210416011332,0.51946227929374,0.0,0.0,0.0,0.07817245477353757,0.995105208005666,0,3,3,0.8534618808087449
44b6_c50204e0,44b6_c50204e0:43,union,132,union|44b6_c50204e0:43|132,0,c:28:240:155,c:29:792:23,f:29:123,14.147547210258612,13.676557298705292,0.7110853611432986,0.08583783783783784,0.6706081081081081,0.08961625282167043,0.13363431151241534,0.6838278649352646,1,3,2,0.8705505503436003
44b6_c50204e0,44b6_c50204e0:43,union,133,union|44b6_c50204e0:43|133,0,c:28:240:155,c:29:793:122,c:29:794:124,15.41610359332085,16.25,0.7828200972447326,0.0,0.0,0.0,0.08969696969696969,0.8125,0,3,3,0.8882296485593496
44b6_c50204e0,44b6_c50204e0:43,union,134,union|44b6_c50204e0:43|134,0,c:28:240:155,c:29:793:122,c:29:801:120,15.41610359332085,8.285906709588275,0.742776886035313,0.048480054243417336,0.7246621621621622,0.04938982270320055,0.06815565277457979,0.4142953354794138,0,3,3,0.8554114370301332
44b6_c50204e0,44b6_c50204e0:43,union,135,union|44b6_c50204e0:43|135,0,c:28:240:155,c:29:794:124,c:29:801:120,15.41610359332085,8.285906709588275,0.5814606741573034,0.0562133865137729,0.7618243243243243,0.057218979954326316,0.07510784064958133,0.4142953354794138,0,3,3,0.8550655850279528
44b6_c50204e0,44b6_c50204e0:43,union,136,union|44b6_c50204e0:43|136,0,c:28:240:155,f:29:123,f:29:203,14.147547210258612,16.2668359027174,0.042368278109722976,0.0,0.0,0.0,0.3084940072954664,0.81334179513587,2,3,1,0.8285124221477632
44b6_c50204e0,44b6_c50204e0:184,union,0,union|44b6_c50204e0:184|0,0,c:65:1426:834,c:66:1900:828,c:66:1913:881,15.33021933959198,7.083210783253595,0.7224489795918367,0.2627994363550963,0.46182418489475857,0.37880839539607314,0.8202437373053487,0.35416053916267975,0,3,3,0.8914612879266525
44b6_c50204e0,44b6_c50204e0:184,union,1,union|44b6_c50204e0:184|1,0,c:65:1426:834,c:66:1900:828,c:66:1916:858,15.33021933959198,11.604821196382131,0.8623906705539358,0.0686834094368341,0.14898885678910442,0.11302442078897934,0.758609893550407,0.5802410598191066,0,3,3,0.9049379031191296
44b6_c50204e0,44b6_c50204e0:184,union,2,union|44b6_c50204e0:184|2,0,c:65:1426:834,c:66:1900:828,c:66:1924:882,15.33021933959198,14.351611407782752,0.42439990101460034,0.008259368836291914,0.02765167148163434,0.011640027797081306,0.42095205003474634,0.7175805703891376,0,3,3,0.8882414746574527
44b6_c50204e0,44b6_c50204e0:184,union,3,union|44b6_c50204e0:184|3,0,c:65:1426:834,c:66:1900:828,c:66:1939:887,15.33021933959198,8.285906709588275,0.6236363636363637,0.39801096001623704,0.8093272802311184,0.43919372900335946,0.5426651735722284,0.4142953354794138,0,3,3,0.8860056956977584
44b6_c50204e0,44b6_c50204e0:184,union,4,union|44b6_c50204e0:184|4,0,c:65:1426:834,c:66:1900:828,c:66:1944:832,15.33021933959198,17.273986945693807,0.7175732217573222,0.0,0.0,0.0,0.5902557856272838,0.8636993472846903,0,3,3,0.9137477554036316
44b6_c50204e0,44b6_c50204e0:184,union,5,union|44b6_c50204e0:184|5,0,c:65:1426:834,c:66:1900:828,c:66:1957:903,15.33021933959198,10.900831390311474,0.29970845481049563,0.18281210272056955,0.2967395790342551,0.32256617317182595,0.9199339661576558,0.5450415695155737,0,3,3,0.8431102181979978
44b6_c50204e0,44b6_c50204e0:184,union,6,union|44b6_c50204e0:184|6,0,c:65:1426:834,c:66:1900:828,c:66:1958:874,15.33021933959198,10.531203634912773,0.8799384299640841,0.19026202581149784,0.40156830375567476,0.26555676855895194,0.6612991266375546,0.5265601817456387,0,3,3,0.8923615026217616
44b6_c50204e0,44b6_c50204e0:184,union,7,union|44b6_c50204e0:184|7,0,c:65:1426:834,c:66:1900:828,c:66:1970:898,15.33021933959198,19.22725929507375,0.6559766763848397,0.0,0.0,0.0,0.8531690140845071,0.9613629647536875,0,3,3,0.8636505466092745
44b6_c50204e0,44b6_c50204e0:184,union,8,union|44b6_c50204e0:184|8,0,c:65:1426:834,c:66:1900:828,c:66:1980:889,15.33021933959198,12.795262795269194,0.5836734693877551,0.14505347593582887,0.26867519603796947,0.23969072164948454,0.8921207658321061,0.6397631397634597,0,3,3,0.8766750122074232
44b6_c50204e0,44b6_c50204e0:184,union,9,union|44b6_c50204e0:184|9,0,c:65:1426:834,c:66:1900:828,p:66:1984,15.33021933959198,12.375631297028852,,,,,,0.6187815648514425,0,2,2,0.9134997427149296
44b6_c50204e0,44b6_c50204e0:184,union,10,union|44b6_c50204e0:184|10,0,c:65:1426:834,c:66:1900:828,c:66:1990:877,15.33021933959198,16.086679271993955,0.5451895043731778,0.10836792658946909,0.20470491126702434,0.18716981132075472,0.9143396226415095,0.8043339635996978,0,3,3,0.8971755738992346
44b6_c50204e0,44b6_c50204e0:184,union,11,union|44b6_c50204e0:184|11,0,c:65:1426:834,c:66:1900:828,c:66:1991:838,15.33021933959198,14.89337100860648,0.8769679300291545,0.14628199918732224,0.2971522905489063,0.22367194780987884,0.7527182354768561,0.744668550430324,0,3,3,0.913304829466879
44b6_c50204e0,44b6_c50204e0:184,union,12,union|44b6_c50204e0:184|12,0,c:65:1426:834,c:66:1900:828,c:66:2000:821,15.33021933959198,17.948711652929298,0.6454810495626823,0.04005552250644458,0.08336772595955427,0.07158043940467754,0.8586109142452162,0.8974355826464648,0,3,3,0.917748986406392
44b6_c50204e0,44b6_c50204e0:184,union,13,union|44b6_c50204e0:184|13,0,c:65:1426:834,c:66:1913:881,c:66:1916:858,15.069630055180518,7.267220926874317,0.8377281947261663,0.33221041720653016,0.5290961617829137,0.47167034584253126,0.8914643119941134,0.36336104634371585,0,3,3,0.8819279656305734
44b6_c50204e0,44b6_c50204e0:184,union,14,union|44b6_c50204e0:184|14,0,c:65:1426:834,c:66:1913:881,c:66:1924:882,15.069630055180518,16.65129499468435,0.30660727542687455,0.0033867396118275367,0.010730499380932727,0.004924242424242424,0.45890151515151517,0.8325647497342175,0,3,3,0.8652315371688966
44b6_c50204e0,44b6_c50204e0:184,union,15,union|44b6_c50204e0:184|15,0,c:65:1426:834,c:66:1913:881,c:66:1939:887,15.069630055180518,11.375,0.4505454545454545,0.13667789399042723,0.3182005777961205,0.1932815241915267,0.6074204061168212,0.56875,0,3,3,0.8629957582092023
44b6_c50204e0,44b6_c50204e0:184,union,16,union|44b6_c50204e0:184|16,0,c:65:1426:834,c:66:1913:881,c:66:1944:832,15.069630055180518,15.754959536603069,0.5184100418410041,0.009676343009676344,0.023937267849773007,0.015982364287682557,0.6676770460181868,0.7877479768301534,0,3,3,0.8907378179150754
44b6_c50204e0,44b6_c50204e0:184,union,17,union|44b6_c50204e0:184|17,0,c:65:1426:834,c:66:1913:881,c:66:1957:903,15.069630055180518,6.894291116568838,0.4148506860371267,0.39899497487437185,0.4915394139496492,0.679406731317741,0.7234832851836567,0.3447145558284419,0,3,3,0.8201002807094416
44b6_c50204e0,44b6_c50204e0:184,union,18,union|44b6_c50204e0:184|18,0,c:65:1426:834,c:66:1913:881,c:66:1958:874,15.069630055180518,7.44668550430324,0.6357106208311954,0.31992472359444835,0.561287659925712,0.42659974905897113,0.7600376411543287,0.372334275215162,0,3,3,0.8693515651332054
44b6_c50204e0,44b6_c50204e0:184,union,19,union|44b6_c50204e0:184|19,0,c:65:1426:834,c:66:1913:881,c:66:1970:898,15.069630055180518,14.072912811497128,0.9079903147699758,0.08993624772313297,0.16302104828724723,0.16708967851099832,0.9756500206355757,0.7036456405748563,0,3,3,0.8406406091207184
44b6_c50204e0,44b6_c50204e0:184,union,20,union|44b6_c50204e0:184|20,0,c:65:1426:834,c:66:1913:881,c:66:1980:889,15.069630055180518,13.884006086140989,0.807909604519774,0.0621867881548975,0.11267024349979364,0.121875,0.9244737928188197,0.6942003043070495,0,3,3,0.853665074718867
44b6_c50204e0,44b6_c50204e0:184,union,21,union|44b6_c50204e0:184|21,0,c:65:1426:834,c:66:1913:881,p:66:1984,15.069630055180518,10.900831390311474,,,,,,0.5450415695155737,0,2,2,0.8789848364820954
44b6_c50204e0,44b6_c50204e0:184,union,22,union|44b6_c50204e0:184|22,0,c:65:1426:834,c:66:1913:881,c:66:1990:877,15.069630055180518,19.835652875567266,0.7546408393866021,0.001306904813766064,0.0024762690879075525,0.0027598896044158236,0.8972348328518366,0.9917826437783633,0,3,3,0.8741656364106785
44b6_c50204e0,44b6_c50204e0:184,union,23,union|44b6_c50204e0:184|23,0,c:65:1426:834,c:66:1913:881,c:66:1991:838,15.069630055180518,18.022121822915302,0.8238031914893617,0.015330188679245283,0.03219149814279818,0.02843601895734597,0.8833394094057602,0.9011060911457651,0,3,3,0.8902948919783228
44b6_c50204e0,44b6_c50204e0:184,union,24,union|44b6_c50204e0:184|24,0,c:65:1426:834,c:66:1913:881,c:66:2000:821,15.069630055180518,18.45645212385089,0.8934624697336562,0.013387165320866978,0.0260008254230293,0.026854219948849106,0.9682212133718531,0.9228226061925445,0,3,3,0.8947390489178358
44b6_c50204e0,44b6_c50204e0:184,union,25,union|44b6_c50204e0:184|25,0,c:65:1426:834,c:66:1913:881,f:66:894,15.069630055180518,19.819682751896813,0.8127522195318806,0.04335195530726257,0.0800660338423442,0.08637577916295637,0.9269500619067272,0.9909841375948407,1,3,2,0.8558293602365362
44b6_c50204e0,44b6_c50204e0:184,union,26,union|44b6_c50204e0:184|26,0,c:65:1426:834,c:66:1916:858,c:66:1924:882,13.978778558944269,13.498263777241872,0.36599851521900517,0.032631305252210085,0.10359059017746595,0.04547101449275362,0.4389492753623188,0.6749131888620936,0,3,3,0.8787081523613735
44b6_c50204e0,44b6_c50204e0:184,union,27,union|44b6_c50204e0:184|27,0,c:65:1426:834,c:66:1916:858,c:66:1939:887,14.625,16.965498076979642,0.5378181818181819,0.0030156815440289505,0.008254230293025175,0.004729250413809411,0.5729486876330102,0.8482749038489821,0,3,3,0.8764723734016792
44b6_c50204e0,44b6_c50204e0:184,union,28,union|44b6_c50204e0:184|28,0,c:65:1426:834,c:66:1916:858,c:66:1944:832,13.978778558944269,10.017172754824587,0.6188284518828452,0.12417366446310524,0.28683450268262484,0.1796329800982166,0.6262600155078831,0.5008586377412294,0,3,3,0.9042144331075525
44b6_c50204e0,44b6_c50204e0:184,union,29,union|44b6_c50204e0:184|29,0,c:65:1426:834,c:66:1916:858,c:66:1957:903,13.978778558944269,11.490485194281398,0.3475321162947938,0.06589427950760318,0.11267024349979364,0.13697942799799298,0.8225340486999587,0.5745242597140698,0,3,3,0.8335768959019186
44b6_c50204e0,44b6_c50204e0:184,union,30,union|44b6_c50204e0:184|30,0,c:65:1426:834,c:66:1916:858,c:66:1958:874,13.978778558944269,8.125,0.7588506926629041,0.33523505248744867,0.6062732150226992,0.42852975495915985,0.7068261376896149,0.40625,0,3,3,0.8828281803256823
44b6_c50204e0,44b6_c50204e0:184,union,31,union|44b6_c50204e0:184|31,0,c:65:1426:834,c:66:1916:858,c:66:1970:898,13.978778558944269,9.613629647536875,0.7606490872210954,0.33059820010587615,0.5154766817994222,0.47964669738863286,0.9304915514592934,0.48068148237684377,0,3,3,0.8541172243131953
44b6_c50204e0,44b6_c50204e0:184,union,32,union|44b6_c50204e0:184|32,0,c:65:1426:834,c:66:1916:858,c:66:1980:889,14.072912811497128,19.02013735491939,0.6768086544962812,0.0014297385620915032,0.002888980602558811,0.00282258064516129,0.9770161290322581,0.9510068677459695,0,3,3,0.8671416899113439
44b6_c50204e0,44b6_c50204e0:184,union,33,union|44b6_c50204e0:184|33,0,c:65:1426:834,c:66:1916:858,p:66:1984,13.978778558944269,11.830178570080843,,,,,,0.5915089285040421,0,2,2,0.8991997592708108
44b6_c50204e0,44b6_c50204e0:184,union,34,union|44b6_c50204e0:184|34,0,c:65:1426:834,c:66:1916:858,c:66:2000:821,13.978778558944269,16.965498076979642,0.7484787018255578,0.048127223268466204,0.09492364836978952,0.08894044856921887,0.936968290796597,0.8482749038489821,0,3,3,0.9082156641103127
44b6_c50204e0,44b6_c50204e0:184,union,35,union|44b6_c50204e0:184|35,0,c:65:1426:834,c:66:1916:858,c:66:2033:850,15.41610359332085,19.08942770226494,0.36599851521900517,0.04844244984160507,0.15146512587701197,0.06648550724637681,0.4389492753623188,0.9544713851132469,0,3,3,0.8984591024048952
44b6_c50204e0,44b6_c50204e0:184,union,36,union|44b6_c50204e0:184|36,0,c:65:1426:834,c:66:1924:882,c:66:1939:887,14.625,18.669828601248593,0.6805246226181638,0.0,0.0,0.0,0.3567957590929171,0.9334914300624296,0,3,3,0.8597759449400023
44b6_c50204e0,44b6_c50204e0:184,union,37,union|44b6_c50204e0:184|37,0,c:65:1426:834,c:66:1924:882,c:66:1944:832,11.830178570080843,8.75089281159357,0.5914377629299679,0.22955145118733508,0.6822121337185307,0.2570362307572695,0.3767687762400871,0.43754464057967846,0,3,3,0.8875180046458756
44b6_c50204e0,44b6_c50204e0:184,union,38,union|44b6_c50204e0:184|38,0,c:65:1426:834,c:66:1924:882,c:66:1957:903,12.795262795269194,19.158467449146343,0.12719623855481316,0.0,0.0,0.0,0.5319429198682766,0.9579233724573172,0,3,3,0.8168804674402418
44b6_c50204e0,44b6_c50204e0:184,union,39,union|44b6_c50204e0:184|39,0,c:65:1426:834,c:66:1924:882,c:66:1958:874,11.830178570080843,13.978778558944269,0.48230635981192777,0.03787318036022699,0.12670243499793643,0.05125208681135225,0.40450751252086814,0.6989389279472135,0,3,3,0.8661317518640055
44b6_c50204e0,44b6_c50204e0:184,union,40,union|44b6_c50204e0:184|40,0,c:65:1426:834,c:66:1924:882,p:66:1969,15.33021933959198,11.490485194281398,,,,,,0.5745242597140698,0,2,2,0.8741551165782955
44b6_c50204e0,44b6_c50204e0:184,union,41,union|44b6_c50204e0:184|41,0,c:65:1426:834,c:66:1924:882,c:66:1970:898,13.101168840985142,17.948711652929298,0.27839643652561247,0.0,0.0,0.0,0.46902826171118855,0.8974355826464648,0,3,3,0.8374207958515184
44b6_c50204e0,44b6_c50204e0:184,union,42,union|44b6_c50204e0:184|42,0,c:65:1426:834,c:66:1924:882,p:66:1984,11.830178570080843,14.351611407782752,,,,,,0.7175805703891376,0,2,2,0.8741551165782955
44b6_c50204e0,44b6_c50204e0:184,union,43,union|44b6_c50204e0:184|43,0,c:65:1426:834,c:66:1924:882,c:66:1991:838,11.830178570080843,15.754959536603069,0.37218510269735217,0.06169220519653564,0.1910854312835328,0.08349864743011723,0.4369702434625789,0.7877479768301534,0,3,3,0.8870750787091229
44b6_c50204e0,44b6_c50204e0:184,union,44,union|44b6_c50204e0:184|44,0,c:65:1426:834,c:66:1924:882,c:66:1999:891,15.501512023025366,15.41610359332085,0.19648601831229895,0.09853186014832753,0.26867519603796947,0.13464322647362978,0.5011375387797311,0.7708051796660425,0,3,3,0.8544506507907447
44b6_c50204e0,44b6_c50204e0:184,union,45,union|44b6_c50204e0:184|45,0,c:65:1426:834,c:66:1924:882,c:66:2000:821,11.830178570080843,11.941262496067994,0.2739420935412027,0.26690093708165996,0.6582748658687577,0.30982905982905984,0.47066822066822067,0.5970631248033997,0,3,3,0.8915192356486359
44b6_c50204e0,44b6_c50204e0:184,union,46,union|44b6_c50204e0:184|46,0,c:65:1426:834,c:66:1924:882,c:66:2030:834,11.830178570080843,16.965498076979642,0.2798812175204157,0.1780673181324647,0.4737928188196451,0.2219644238205723,0.4684841453982985,0.8482749038489821,0,3,3,0.8871095894566224
44b6_c50204e0,44b6_c50204e0:184,union,47,union|44b6_c50204e0:184|47,0,c:65:1426:834,c:66:1924:882,c:66:2032:853,11.830178570080843,17.577062467886947,0.2838406335065578,0.15126304643775526,0.41271151465125877,0.19275250578257516,0.46703932151117966,0.8788531233943473,0,3,3,0.8823963065566284
44b6_c50204e0,44b6_c50204e0:184,union,48,union|44b6_c50204e0:184|48,0,c:65:1426:834,c:66:1939:887,c:66:1957:903,14.625,9.613629647536875,0.1869090909090909,0.22301075268817205,0.4279818406933553,0.3177083333333333,0.7423406862745098,0.48068148237684377,0,3,3,0.8146446884805475
44b6_c50204e0,44b6_c50204e0:184,union,49,union|44b6_c50204e0:184|49,0,c:65:1426:834,c:66:1939:887,c:66:1958:874,14.625,11.490485194281398,0.7087272727272728,0.0727519204699503,0.199339661576558,0.10278782719727601,0.5156416258778463,0.5745242597140698,0,3,3,0.8638959729043112
44b6_c50204e0,44b6_c50204e0:184,union,50,union|44b6_c50204e0:184|50,0,c:65:1426:834,c:66:1939:887,c:66:1980:889,14.625,5.138701197773616,0.364,0.46790299572039945,0.8122162608336773,0.5246600906424953,0.645961077046121,0.2569350598886808,0,3,3,0.8482094824899727
44b6_c50204e0,44b6_c50204e0:184,union,51,union|44b6_c50204e0:184|51,0,c:65:1426:834,c:66:1939:887,p:66:1984,14.625,11.02128622257856,,,,,,0.551064311128928,0,2,2,0.870801448138754
44b6_c50204e0,44b6_c50204e0:184,union,52,union|44b6_c50204e0:184|52,0,c:65:1426:834,c:66:1939:887,c:66:1990:877,14.625,9.75,0.34,0.24247355573637103,0.49195212546430045,0.32347354138398915,0.6575305291723202,0.4875,0,3,3,0.8687100441817842
44b6_c50204e0,44b6_c50204e0:184,union,53,union|44b6_c50204e0:184|53,0,c:65:1426:834,c:66:1939:887,c:66:1991:838,14.625,10.531203634912773,0.5469090909090909,0.09837144267149202,0.24680148576145275,0.14057357780912083,0.5695815702867889,0.5265601817456387,0,3,3,0.8848392997494287
44b6_c50204e0,44b6_c50204e0:184,union,54,union|44b6_c50204e0:184|54,0,c:65:1426:834,c:66:1939:887,c:66:2000:821,14.625,17.04314378276496,0.40254545454545454,0.003194888178913738,0.008254230293025175,0.005185377236193933,0.628208452164895,0.852157189138248,0,3,3,0.8892834566889416
44b6_c50204e0,44b6_c50204e0:184,union,55,union|44b6_c50204e0:184|55,0,c:65:1426:834,c:66:1939:887,c:66:2042:867,14.804454566109486,14.715000849473302,0.6156363636363636,0.1842014487754398,0.4407758976475444,0.24037812288993923,0.5453522394778303,0.7357500424736652,0,3,3,0.8727695162004924
44b6_c50204e0,44b6_c50204e0:184,union,56,union|44b6_c50204e0:184|56,0,c:65:1426:834,c:66:1939:887,c:66:2043:869,14.625,18.598975106171846,0.584,0.014516611792876385,0.0400330169211721,0.02226813590449954,0.5562442607897153,0.9299487553085923,0,3,3,0.8764541984653488
44b6_c50204e0,44b6_c50204e0:184,union,57,union|44b6_c50204e0:184|57,0,c:65:1426:834,c:66:1939:887,p:66:2076,14.625,19.08942770226494,,,,,,0.9544713851132469,0,2,2,0.870801448138754
44b6_c50204e0,44b6_c50204e0:184,union,58,union|44b6_c50204e0:184|58,0,c:65:1426:834,c:66:1939:887,f:66:894,14.625,15.790329410317337,0.36618181818181816,0.06901920083030617,0.16467189434585225,0.10620175672078787,0.6449294649986691,0.7895164705158668,1,3,2,0.8503737680076421
44b6_c50204e0,44b6_c50204e0:184,union,59,union|44b6_c50204e0:184|59,0,c:65:1426:834,c:66:1944:832,c:66:1957:903,12.795262795269194,17.35025215955088,0.21506276150627615,0.0,0.0,0.0,0.834366391184573,0.867512607977544,0,3,3,0.8423867481864207
44b6_c50204e0,44b6_c50204e0:184,union,60,union|44b6_c50204e0:184|60,0,c:65:1426:834,c:66:1944:832,c:66:1958:874,10.531203634912773,11.604821196382131,0.8154811715481172,0.05771938057250117,0.1522905489063145,0.08504263655220097,0.5584235999078129,0.5802410598191066,0,3,3,0.8916380326101844
44b6_c50204e0,44b6_c50204e0:184,union,61,union|44b6_c50204e0:184|61,0,c:65:1426:834,c:66:1944:832,p:66:1969,15.33021933959198,17.577062467886947,,,,,,0.8788531233943473,0,2,2,0.9124145376975639
44b6_c50204e0,44b6_c50204e0:184,union,62,union|44b6_c50204e0:184|62,0,c:65:1426:834,c:66:1944:832,c:66:1970:898,13.101168840985142,10.405076885828379,0.4707112970711297,0.10536113179448994,0.23359471729261247,0.16102418207681365,0.6893314366998577,0.520253844291419,0,3,3,0.8629270765976974
44b6_c50204e0,44b6_c50204e0:184,union,63,union|44b6_c50204e0:184|63,0,c:65:1426:834,c:66:1944:832,p:66:1984,10.531203634912773,12.691655723348314,,,,,,0.6345827861674157,0,2,2,0.9124145376975639
44b6_c50204e0,44b6_c50204e0:184,union,64,union|44b6_c50204e0:184|64,0,c:65:1426:834,c:66:1944:832,c:66:1991:838,10.531203634912773,19.02013735491939,0.6292887029288703,0.0,0.0,0.0,0.6222393425783256,0.9510068677459695,0,3,3,0.9125813594553018
44b6_c50204e0,44b6_c50204e0:184,union,65,union|44b6_c50204e0:184|65,0,c:65:1426:834,c:66:1944:832,c:66:2000:821,10.531203634912773,11.604821196382131,0.46317991631799166,0.17042309213127718,0.35575732562938506,0.24649699742636547,0.6928796110952244,0.5802410598191066,0,3,3,0.9170255163948148
44b6_c50204e0,44b6_c50204e0:184,union,66,union|44b6_c50204e0:184|66,0,c:65:1426:834,c:66:1944:832,c:66:2030:834,10.531203634912773,17.948711652929298,0.47322175732217575,0.008825526137135099,0.021460998761865455,0.014768531667140017,0.6881567736438512,0.8974355826464648,0,3,3,0.9126158702028014
44b6_c50204e0,44b6_c50204e0:184,union,67,union|44b6_c50204e0:184|67,0,c:65:1426:834,c:66:1944:832,c:66:2032:853,11.490485194281398,13.400093283257396,0.4799163179916318,0.3053000438020149,0.5753198514238548,0.3941193101498445,0.6850438224484026,0.6700046641628699,0,3,3,0.9079025873028073
44b6_c50204e0,44b6_c50204e0:184,union,68,union|44b6_c50204e0:184|68,0,c:65:1426:834,c:66:1944:832,c:66:2033:850,15.41610359332085,16.57181341917655,0.5914377629299679,0.12431746031746031,0.40404457284358236,0.15223137925672522,0.3767687762400871,0.8285906709588275,0,3,3,0.9072689546893974
44b6_c50204e0,44b6_c50204e0:184,union,69,union|44b6_c50204e0:184|69,0,c:65:1426:834,c:66:1944:832,c:66:2077:825,12.795262795269194,18.810734967034115,0.5573221757322175,0.062413554633471646,0.14898885678910442,0.0969908651262762,0.6509940891993552,0.9405367483517058,0,3,3,0.8837653174510582
44b6_c50204e0,44b6_c50204e0:184,union,70,union|44b6_c50204e0:184|70,0,c:65:1426:834,c:66:1944:832,f:66:894,10.531203634912773,19.72103443218708,0.4213389121338912,0.0017211703958691911,0.004127115146512587,0.0029437739181630853,0.7132764203709155,0.986051721609354,1,3,2,0.8781158277135153
44b6_c50204e0,44b6_c50204e0:184,union,71,union|44b6_c50204e0:184|71,0,c:65:1426:834,c:66:1957:903,c:66:1958:874,12.795262795269194,5.859020822628983,0.2637249871729092,0.15426411528466807,0.26950061906727196,0.26512383272431994,0.9837596427121397,0.29295104113144915,0,3,3,0.8210004954045508
44b6_c50204e0,44b6_c50204e0:184,union,72,union|44b6_c50204e0:184|72,0,c:65:1426:834,c:66:1957:903,c:66:1970:898,13.101168840985142,13.498263777241872,0.4568888888888889,0.023173803526448364,0.037969459347915804,0.05613178767541183,0.6764341725134131,0.6749131888620936,0,3,3,0.7922895393920637
44b6_c50204e0,44b6_c50204e0:184,union,73,union|44b6_c50204e0:184|73,0,c:65:1426:834,c:66:1957:903,c:66:1980:889,14.072912811497128,9.334914300624297,0.5134865134865135,0.25493945188017847,0.330169211721007,0.528052805280528,0.6252579446966571,0.4667457150312148,0,3,3,0.8053140049902123
44b6_c50204e0,44b6_c50204e0:184,union,74,union|44b6_c50204e0:184|74,0,c:65:1426:834,c:66:1957:903,p:66:1984,12.795262795269194,7.44668550430324,,,,,,0.372334275215162,0,2,2,0.8064582318891133
44b6_c50204e0,44b6_c50204e0:184,union,75,union|44b6_c50204e0:184|75,0,c:65:1426:834,c:66:1957:903,c:66:1990:877,14.625,16.809130703281475,0.5497326203208556,0.025695364238410595,0.0400330169211721,0.06694271911663216,0.598018984729674,0.8404565351640738,0,3,3,0.8258145666820237
44b6_c50204e0,44b6_c50204e0:184,union,76,union|44b6_c50204e0:184|76,0,c:65:1426:834,c:66:1957:903,c:66:1991:838,12.795262795269194,15.33021933959198,0.34175531914893614,0.020684900022983222,0.03714403631861329,0.044598612487611496,0.8328518365662402,0.7665109669795991,0,3,3,0.8419438222496681
44b6_c50204e0,44b6_c50204e0:184,union,77,union|44b6_c50204e0:184|77,0,c:65:1426:834,c:66:1957:903,c:66:2000:821,12.795262795269194,16.331047884321446,0.4643179765130985,0.0,0.0,0.0,0.6690053652496905,0.8165523942160723,0,3,3,0.846387979189181
44b6_c50204e0,44b6_c50204e0:184,union,78,union|44b6_c50204e0:184|78,0,c:65:1426:834,c:66:1957:903,c:66:2033:850,15.41610359332085,18.810734967034115,0.12719623855481316,0.0,0.0,0.0,0.5319429198682766,0.9405367483517058,0,3,3,0.8366314174837637
44b6_c50204e0,44b6_c50204e0:184,union,79,union|44b6_c50204e0:184|79,0,c:65:1426:834,c:66:1957:903,c:66:2042:867,14.804454566109486,16.65129499468435,0.303603071470762,0.08608960825709594,0.15146512587701197,0.16628908019936564,0.9108543128353281,0.8325647497342175,0,3,3,0.8298740387007318
44b6_c50204e0,44b6_c50204e0:184,union,80,union|44b6_c50204e0:184|80,0,c:65:1426:834,c:66:1957:903,p:66:2076,13.301198254292732,17.577062467886947,,,,,,0.8788531233943473,0,2,2,0.8064582318891133
44b6_c50204e0,44b6_c50204e0:184,union,81,union|44b6_c50204e0:184|81,0,c:65:1426:834,c:66:1957:903,f:66:894,12.795262795269194,14.260603568749179,0.5104270109235353,0.1029082774049217,0.15187783739166322,0.24194608809993426,0.6277342137845646,0.713030178437459,1,3,2,0.8074782905078816
44b6_c50204e0,44b6_c50204e0:184,union,82,union|44b6_c50204e0:184|82,0,c:65:1426:834,c:66:1958:874,c:66:1970:898,13.101168840985142,10.017172754824587,0.5772190867111339,0.2158814421588144,0.40280643829962853,0.31750162654521796,0.7882238126219909,0.5008586377412294,0,3,3,0.8415408238158274
44b6_c50204e0,44b6_c50204e0:184,union,83,union|44b6_c50204e0:184|83,0,c:65:1426:834,c:66:1958:874,c:66:1980:889,14.072912811497128,11.941262496067994,0.5135967162647511,0.06776629570747218,0.14073462649607923,0.11559322033898305,0.8213559322033899,0.5970631248033997,0,3,3,0.854565289413976
44b6_c50204e0,44b6_c50204e0:184,union,84,union|44b6_c50204e0:184|84,0,c:65:1426:834,c:66:1958:874,p:66:1984,8.125,3.9804208320226646,,,,,,0.19902104160113324,0,2,2,0.8803351585247589
44b6_c50204e0,44b6_c50204e0:184,union,85,union|44b6_c50204e0:184|85,0,c:65:1426:834,c:66:1958:874,c:66:1990:877,14.625,16.730398979103875,0.4797331965110313,0.05381254964257347,0.11184482047049113,0.09396671289875173,0.8401525658807212,0.8365199489551938,0,3,3,0.8750658511057875
44b6_c50204e0,44b6_c50204e0:184,union,86,union|44b6_c50204e0:184|86,0,c:65:1426:834,c:66:1958:874,c:66:1991:838,9.884489111734608,13.595725431178728,0.7716777834787071,0.15035238841033674,0.3169624432521667,0.22241529105125976,0.7017086591369823,0.6797862715589365,0,3,3,0.8911951066734319
44b6_c50204e0,44b6_c50204e0:184,union,87,union|44b6_c50204e0:184|87,0,c:65:1426:834,c:66:1958:874,c:66:2000:821,8.125,11.718041645257966,0.5679835813237558,0.20789241622574955,0.38918695831613703,0.30857329842931935,0.7928664921465969,0.5859020822628983,0,3,3,0.8956392636129449
44b6_c50204e0,44b6_c50204e0:184,union,88,union|44b6_c50204e0:184|88,0,c:65:1426:834,c:66:1958:874,c:66:2030:834,9.75,17.577062467886947,0.5802975885069266,0.0748046875,0.1580685101114321,0.12435064935064935,0.7866883116883117,0.8788531233943473,0,3,3,0.8912296174209313
44b6_c50204e0,44b6_c50204e0:184,union,89,union|44b6_c50204e0:184|89,0,c:65:1426:834,c:66:1958:874,c:66:2032:853,11.490485194281398,18.022121822915302,0.5885069266290406,0.010620765427577367,0.023937267849773007,0.018733850129198967,0.7826227390180879,0.9011060911457651,0,3,3,0.8865163345209371
44b6_c50204e0,44b6_c50204e0:184,union,90,union|44b6_c50204e0:184|90,0,c:65:1426:834,c:66:1958:874,c:66:2033:850,15.41610359332085,16.168545852982575,0.48230635981192777,0.04457412465855475,0.1481634337598019,0.05993322203672788,0.40450751252086814,0.8084272926491287,0,3,3,0.8858827019075273
44b6_c50204e0,44b6_c50204e0:184,union,91,union|44b6_c50204e0:184|91,0,c:65:1426:834,c:66:1958:874,c:66:2042:867,14.804454566109486,17.35025215955088,0.8686505900461775,0.08633351244850439,0.19892695006190672,0.13234486545853927,0.6652937946183416,0.867512607977544,0,3,3,0.8791253231244957
44b6_c50204e0,44b6_c50204e0:184,union,92,union|44b6_c50204e0:184|92,0,c:65:1426:834,c:66:1958:874,c:66:2043:869,13.595725431178728,19.835652875567266,0.8240123140071832,0.07171029042667623,0.1650846058605035,0.11251758087201125,0.6815752461322082,0.9917826437783633,0,3,3,0.8828100053893518
44b6_c50204e0,44b6_c50204e0:184,union,93,union|44b6_c50204e0:184|93,0,c:65:1426:834,c:66:1958:874,p:66:2076,13.301198254292732,17.04314378276496,,,,,,0.852157189138248,0,2,2,0.8803351585247589
44b6_c50204e0,44b6_c50204e0:184,union,94,union|44b6_c50204e0:184|94,0,c:65:1426:834,c:66:1958:874,c:66:2085:856,15.33021933959198,19.08942770226494,0.8851044504995459,0.13638720829732065,0.3256293850598432,0.19007468079980727,0.5837147675258973,0.9544713851132469,0,3,3,0.8670151015167272
44b6_c50204e0,44b6_c50204e0:184,union,95,union|44b6_c50204e0:184|95,0,c:65:1426:834,c:66:1958:874,f:66:894,9.738629042995603,13.303513659993197,0.5166752180605438,0.3942457231726283,0.6277342137845646,0.5145466847090663,0.8196887686062246,0.6651756829996598,1,3,2,0.8567295749316454
44b6_c50204e0,44b6_c50204e0:184,union,96,union|44b6_c50204e0:184|96,0,c:65:1426:834,p:66:1969,p:66:1984,15.33021933959198,19.63494970709118,,,,,,0.981747485354559,0,1,1,0.9105852946140921
44b6_c50204e0,44b6_c50204e0:184,union,97,union|44b6_c50204e0:184|97,0,c:65:1426:834,p:66:1969,c:66:1990:877,15.33021933959198,18.810734967034115,,,,,,0.9405367483517058,0,2,2,0.8875562654409683
44b6_c50204e0,44b6_c50204e0:184,union,98,union|44b6_c50204e0:184|98,0,c:65:1426:834,p:66:1969,c:66:1991:838,15.33021933959198,14.89337100860648,,,,,,0.744668550430324,0,2,2,0.911750148792435
44b6_c50204e0,44b6_c50204e0:184,union,99,union|44b6_c50204e0:184|99,0,c:65:1426:834,p:66:1969,c:66:1999:891,15.501512023025366,5.138701197773616,,,,,,0.2569350598886808,0,2,2,0.8628135069148675
44b6_c50204e0,44b6_c50204e0:184,union,100,union|44b6_c50204e0:184|100,0,c:65:1426:834,p:66:1969,c:66:2000:821,15.33021933959198,12.795262795269194,,,,,,0.6397631397634597,0,2,2,0.9184163842017043
44b6_c50204e0,44b6_c50204e0:184,union,101,union|44b6_c50204e0:184|101,0,c:65:1426:834,p:66:1969,c:66:2030:834,15.33021933959198,12.691655723348314,,,,,,0.6345827861674157,0,2,2,0.9118019149136842
44b6_c50204e0,44b6_c50204e0:184,union,102,union|44b6_c50204e0:184|102,0,c:65:1426:834,p:66:1969,c:66:2032:853,15.33021933959198,17.875,,,,,,0.89375,0,2,2,0.904731990563693
44b6_c50204e0,44b6_c50204e0:184,union,103,union|44b6_c50204e0:184|103,0,c:65:1426:834,p:66:1969,c:66:2043:869,15.33021933959198,16.331047884321446,,,,,,0.8165523942160723,0,2,2,0.8991724968663151
44b6_c50204e0,44b6_c50204e0:184,union,104,union|44b6_c50204e0:184|104,0,c:65:1426:834,p:66:1969,c:66:2077:825,15.33021933959198,18.740414216340042,,,,,,0.9370207108170021,0,2,2,0.8685260857860696
44b6_c50204e0,44b6_c50204e0:184,union,105,union|44b6_c50204e0:184|105,0,c:65:1426:834,c:66:1970:898,p:66:1984,13.101168840985142,11.941262496067994,,,,,,0.5970631248033997,0,2,2,0.8372687245060283
44b6_c50204e0,44b6_c50204e0:184,union,106,union|44b6_c50204e0:184|106,0,c:65:1426:834,c:66:1970:898,c:66:2000:821,13.101168840985142,15.754959536603069,0.984,0.012837249782419496,0.024349979364424266,0.0264336917562724,0.9211721007016096,0.7877479768301534,0,3,3,0.8669283076004577
44b6_c50204e0,44b6_c50204e0:184,union,107,union|44b6_c50204e0:184|107,0,c:65:1426:834,c:66:1970:898,c:66:2032:853,13.101168840985142,16.331047884321446,0.980819529206626,0.0040633019674935844,0.007841518778373916,0.008362676056338027,0.93768056128766,0.8165523942160723,0,3,3,0.8578053785084502
44b6_c50204e0,44b6_c50204e0:184,union,108,union|44b6_c50204e0:184|108,0,c:65:1426:834,c:66:1970:898,c:66:2033:850,15.41610359332085,9.884489111734608,0.27839643652561247,0.37282923299565845,0.8505984316962443,0.3989547038327526,0.46902826171118855,0.4942244555867304,0,3,3,0.8571717458950404
44b6_c50204e0,44b6_c50204e0:184,union,109,union|44b6_c50204e0:184|109,0,c:65:1426:834,c:66:1970:898,c:66:2085:856,15.33021933959198,16.887495373796554,0.510899182561308,0.17490805067429505,0.3532810565414775,0.2572888488127442,0.7282837391042981,0.8443747686898277,0,3,3,0.8383041455042403
44b6_c50204e0,44b6_c50204e0:184,union,110,union|44b6_c50204e0:184|110,0,c:65:1426:834,c:66:1970:898,f:66:894,13.101168840985142,18.154912541740575,0.8951111111111111,0.02636322667868409,0.048287247214197276,0.054878048780487805,0.8799009492364837,0.9077456270870288,1,3,2,0.8280186189191583
44b6_c50204e0,44b6_c50204e0:184,union,111,union|44b6_c50204e0:184|111,0,c:65:1426:834,c:66:1980:889,p:66:1984,14.072912811497128,10.277402395547233,,,,,,0.5138701197773616,0,2,2,0.8568054229032512
44b6_c50204e0,44b6_c50204e0:184,union,112,union|44b6_c50204e0:184|112,0,c:65:1426:834,c:66:1980:889,c:66:1990:877,14.625,8.900491559458949,0.9340659340659341,0.2220353238015139,0.32686751960379695,0.4090909090909091,0.799009492364837,0.4450245779729475,0,3,3,0.8593793606914492
44b6_c50204e0,44b6_c50204e0:184,union,113,union|44b6_c50204e0:184|113,0,c:65:1426:834,c:66:1980:889,c:66:1991:838,14.072912811497128,10.017172754824587,0.6655585106382979,0.08498458828709819,0.15930664465538588,0.15409181636726546,0.9672654690618763,0.5008586377412294,0,3,3,0.8755086162590935
44b6_c50204e0,44b6_c50204e0:184,union,114,union|44b6_c50204e0:184|114,0,c:65:1426:834,c:66:1980:889,c:66:2000:821,14.072912811497128,16.411695524838375,0.9042457091237579,0.008233199821984869,0.015270326042096575,0.017552182163187855,0.8699958728848535,0.8205847762419187,0,3,3,0.8799527731986064
44b6_c50204e0,44b6_c50204e0:184,union,115,union|44b6_c50204e0:184|115,0,c:65:1426:834,c:66:1980:889,c:66:2030:834,14.072912811497128,18.598975106171846,0.8850574712643678,0.0,0.0,0.0,0.8799009492364837,0.9299487553085923,0,3,3,0.8755431270065929
44b6_c50204e0,44b6_c50204e0:184,union,116,union|44b6_c50204e0:184|116,0,c:65:1426:834,c:66:1980:889,c:66:2042:867,14.804454566109486,10.277402395547233,0.5912581216774956,0.3988518316019683,0.6021460998761865,0.5415738678544915,0.8994060876020787,0.5138701197773616,0,3,3,0.8634388327101572
44b6_c50204e0,44b6_c50204e0:184,union,117,union|44b6_c50204e0:184|117,0,c:65:1426:834,c:66:1980:889,c:66:2043:869,14.072912811497128,16.331047884321446,0.6232876712328768,0.020698051948051948,0.04209657449442839,0.039125431530494824,0.9294207901802839,0.8165523942160723,0,3,3,0.8671235149750135
44b6_c50204e0,44b6_c50204e0:184,union,118,union|44b6_c50204e0:184|118,0,c:65:1426:834,c:66:1980:889,p:66:2076,14.072912811497128,14.89337100860648,,,,,,0.744668550430324,0,2,2,0.8568054229032512
44b6_c50204e0,44b6_c50204e0:184,union,119,union|44b6_c50204e0:184|119,0,c:65:1426:834,c:66:1980:889,f:66:894,14.072912811497128,12.08597766940924,0.9940417080436942,0.171602326811211,0.26784977300866697,0.323207171314741,0.8287247214197276,0.604298883470462,1,3,2,0.8410430845173069
44b6_c50204e0,44b6_c50204e0:184,union,120,union|44b6_c50204e0:184|120,0,c:65:1426:834,p:66:1984,c:66:1990:877,14.625,13.978778558944269,,,,,,0.6989389279472135,0,2,2,0.8875562654409683
44b6_c50204e0,44b6_c50204e0:184,union,121,union|44b6_c50204e0:184|121,0,c:65:1426:834,p:66:1984,c:66:1991:838,9.884489111734608,10.531203634912773,,,,,,0.5265601817456387,0,2,2,0.911750148792435
44b6_c50204e0,44b6_c50204e0:184,union,122,union|44b6_c50204e0:184|122,1,c:65:1426:834,p:66:1984,c:66:2000:821,5.3895152843275245,8.900491559458949,,,,,,0.4450245779729475,0,2,2,0.9184163842017043
44b6_c50204e0,44b6_c50204e0:184,union,123,union|44b6_c50204e0:184|123,0,c:65:1426:834,p:66:1984,c:66:2030:834,9.75,14.072912811497128,,,,,,0.7036456405748563,0,2,2,0.9118019149136842
44b6_c50204e0,44b6_c50204e0:184,union,124,union|44b6_c50204e0:184|124,0,c:65:1426:834,p:66:1984,c:66:2032:853,11.490485194281398,16.00439392791867,,,,,,0.8002196963959335,0,2,2,0.904731990563693
44b6_c50204e0,44b6_c50204e0:184,union,125,union|44b6_c50204e0:184|125,0,c:65:1426:834,p:66:1984,c:66:2033:850,15.41610359332085,15.670932486613552,,,,,,0.7835466243306776,0,2,2,0.9037815416435782
44b6_c50204e0,44b6_c50204e0:184,union,126,union|44b6_c50204e0:184|126,0,c:65:1426:834,p:66:1984,c:66:2042:867,14.804454566109486,13.788582233137676,,,,,,0.6894291116568838,0,2,2,0.8936454734690306
44b6_c50204e0,44b6_c50204e0:184,union,127,union|44b6_c50204e0:184|127,0,c:65:1426:834,p:66:1984,c:66:2043:869,13.595725431178728,16.00439392791867,,,,,,0.8002196963959335,0,2,2,0.8991724968663151
44b6_c50204e0,44b6_c50204e0:184,union,128,union|44b6_c50204e0:184|128,0,c:65:1426:834,p:66:1984,p:66:2076,13.301198254292732,13.400093283257396,,,,,,0.6700046641628699,0,1,1,0.9105852946140921
44b6_c50204e0,44b6_c50204e0:184,union,129,union|44b6_c50204e0:184|129,0,c:65:1426:834,p:66:1984,c:66:2077:825,12.795262795269194,16.965498076979642,,,,,,0.8482749038489821,0,2,2,0.8685260857860696
44b6_c50204e0,44b6_c50204e0:184,union,130,union|44b6_c50204e0:184|130,0,c:65:1426:834,p:66:1984,c:66:2085:856,15.33021933959198,16.730398979103875,,,,,,0.8365199489551938,0,2,2,0.875480141057378
44b6_c50204e0,44b6_c50204e0:184,union,131,union|44b6_c50204e0:184|131,0,c:65:1426:834,p:66:1984,f:66:894,9.738629042995603,9.551235399696422,,,,,,0.4775617699848211,1,2,1,0.8600518511797551
44b6_c50204e0,44b6_c50204e0:184,union,132,union|44b6_c50204e0:184|132,0,c:65:1426:834,c:66:1990:877,c:66:1991:838,14.625,5.138701197773616,0.6216755319148937,0.3003476865472051,0.4634750309533636,0.46043460434604344,0.993439934399344,0.2569350598886808,0,3,3,0.8960091779509048
44b6_c50204e0,44b6_c50204e0:184,union,133,union|44b6_c50204e0:184|133,0,c:65:1426:834,c:66:1990:877,c:66:1999:891,15.501512023025366,17.65201829820035,0.8491978609625669,0.0,0.0,0.0,0.7135782088320264,0.8826009149100175,0,3,3,0.8633847500325266
44b6_c50204e0,44b6_c50204e0:184,union,134,union|44b6_c50204e0:184|134,0,c:65:1426:834,c:66:1990:877,c:66:2000:821,14.625,15.069630055180518,0.8446251129177959,0.0008966599417171038,0.0016508460586050352,0.0019588638589618022,0.8427569129178704,0.7534815027590259,0,3,3,0.9004533348904178
44b6_c50204e0,44b6_c50204e0:184,union,135,union|44b6_c50204e0:184|135,0,c:65:1426:834,c:66:1990:877,c:66:2030:834,14.625,14.625,0.8267020335985853,0.003577017661524704,0.006603384234420141,0.007744433688286544,0.8526619892695007,0.73125,0,3,3,0.8960436886984043
44b6_c50204e0,44b6_c50204e0:184,union,136,union|44b6_c50204e0:184|136,0,c:65:1426:834,c:66:1990:877,c:66:2042:867,14.804454566109486,10.017172754824587,0.5522740696987596,0.3842148533844889,0.5786215435410648,0.5334855403348554,0.9219939117199392,0.5008586377412294,0,3,3,0.8839393944019686
44b6_c50204e0,44b6_c50204e0:184,union,137,union|44b6_c50204e0:184|137,0,c:65:1426:834,c:66:1990:877,c:66:2043:869,14.625,10.65583760199075,0.5821917808219178,0.13411012108750286,0.2422616591002889,0.23101141282959464,0.9535615899252263,0.5327918800995375,0,3,3,0.887624076666825
44b6_c50204e0,44b6_c50204e0:184,union,138,union|44b6_c50204e0:184|138,0,c:65:1426:834,c:66:1990:877,p:66:2076,14.625,15.754959536603069,,,,,,0.7877479768301534,0,2,2,0.8875562654409683
44b6_c50204e0,44b6_c50204e0:184,union,139,union|44b6_c50204e0:184|139,0,c:65:1426:834,c:66:1990:877,f:66:894,14.625,13.42663112781609,0.9285004965243296,0.12268518518518519,0.19686339248865042,0.24562306900102987,0.8014857614527445,0.6713315563908046,1,3,2,0.8615436462091183
44b6_c50204e0,44b6_c50204e0:184,union,140,union|44b6_c50204e0:184|140,0,c:65:1426:834,c:66:1991:838,c:66:1999:891,15.501512023025366,13.978778558944269,0.5279255319148937,0.05027808676307008,0.09327280231118448,0.09834638816362054,0.9484110606685927,0.6989389279472135,0,3,3,0.879514005600171
44b6_c50204e0,44b6_c50204e0:184,union,141,union|44b6_c50204e0:184|141,0,c:65:1426:834,c:66:1991:838,c:66:2000:821,9.884489111734608,10.017172754824587,0.7360372340425532,0.2106782106782107,0.3615352868345027,0.3355036384527001,0.9279969360398315,0.5008586377412294,0,3,3,0.9165825904580623
44b6_c50204e0,44b6_c50204e0:184,union,142,union|44b6_c50204e0:184|142,0,c:65:1426:834,c:66:1991:838,c:66:2030:834,9.884489111734608,10.405076885828379,0.7519946808510638,0.21703561116458134,0.37226578621543543,0.34231499051233394,0.9195445920303605,0.520253844291419,0,3,3,0.9121729442660488
44b6_c50204e0,44b6_c50204e0:184,union,143,union|44b6_c50204e0:184|143,0,c:65:1426:834,c:66:1991:838,c:66:2032:853,11.490485194281398,19.295805891436615,0.7626329787234043,0.0,0.0,0.0,0.9139947189739721,0.9647902945718307,0,3,3,0.9074596613660546
44b6_c50204e0,44b6_c50204e0:184,union,144,union|44b6_c50204e0:184|144,0,c:65:1426:834,c:66:1991:838,c:66:2042:867,14.804454566109486,10.531203634912773,0.8883638511518015,0.16573325036299522,0.3297565002063558,0.2499218016890835,0.7578980294025649,0.5265601817456387,0,3,3,0.900068649969613
44b6_c50204e0,44b6_c50204e0:184,union,145,union|44b6_c50204e0:184|145,0,c:65:1426:834,c:66:1991:838,c:66:2043:869,13.595725431178728,8.75089281159357,0.9364881693648817,0.3641518737672584,0.6095749071399093,0.47491961414790995,0.7790996784565917,0.43754464057967846,0,3,3,0.9037533322344693
44b6_c50204e0,44b6_c50204e0:184,union,146,union|44b6_c50204e0:184|146,0,c:65:1426:834,c:66:1991:838,p:66:2076,13.301198254292732,13.978778558944269,,,,,,0.6989389279472135,0,2,2,0.911750148792435
44b6_c50204e0,44b6_c50204e0:184,union,147,union|44b6_c50204e0:184|147,0,c:65:1426:834,c:66:1991:838,c:66:2077:825,12.795262795269194,17.577062467886947,0.8856382978723404,0.008243865030674846,0.017746595130004126,0.015162200282087448,0.8543723554301833,0.8788531233943473,0,3,3,0.8833223915143057
44b6_c50204e0,44b6_c50204e0:184,union,148,union|44b6_c50204e0:184|148,0,c:65:1426:834,c:66:1991:838,f:66:894,9.884489111734608,11.007476739013244,0.6695478723404256,0.20312118995366985,0.34378869170449855,0.33174034249303064,0.9649542015133413,0.5503738369506622,1,3,2,0.8776729017767627
44b6_c50204e0,44b6_c50204e0:184,union,149,union|44b6_c50204e0:184|149,0,c:65:1426:834,c:66:1999:891,c:66:2000:821,15.501512023025366,12.375631297028852,0.7172538392050587,0.030505243088655862,0.052827073875361126,0.06733298264071541,0.7845645893520429,0.6187815648514425,0,3,3,0.8839581625396838
44b6_c50204e0,44b6_c50204e0:184,union,150,union|44b6_c50204e0:184|150,0,c:65:1426:834,c:66:1999:891,c:66:2030:834,15.501512023025366,9.613629647536875,0.7020335985853228,0.23207707565882688,0.3380107304993809,0.4254545454545455,0.7944696657036732,0.48068148237684377,0,3,3,0.8795485163476705
44b6_c50204e0,44b6_c50204e0:184,union,151,union|44b6_c50204e0:184|151,0,c:65:1426:834,c:66:1999:891,c:66:2032:853,15.501512023025366,16.965498076979642,0.6922406277244987,0.021774760009365488,0.03838217086256707,0.04791344667697063,0.8010730499380933,0.8482749038489821,0,3,3,0.8748352334476763
44b6_c50204e0,44b6_c50204e0:184,union,152,union|44b6_c50204e0:184|152,0,c:65:1426:834,c:66:1999:891,c:66:2043:869,15.501512023025366,12.691655723348314,0.4943960149439601,0.05674846625766871,0.10689228229467602,0.10791666666666666,0.9905076351630211,0.6345827861674157,0,3,3,0.871128904316091
44b6_c50204e0,44b6_c50204e0:184,union,153,union|44b6_c50204e0:184|153,0,c:65:1426:834,c:66:1999:891,c:66:2077:825,15.501512023025366,16.00439392791867,0.5960960960960962,0.11577140053961246,0.19479983491539413,0.22201317027281278,0.8774246801485761,0.8002196963959335,0,3,3,0.8506979635959273
44b6_c50204e0,44b6_c50204e0:184,union,154,union|44b6_c50204e0:184|154,0,c:65:1426:834,c:66:1999:891,f:66:894,15.501512023025366,19.906253548363015,0.788480635551142,0.0,0.0,0.0,0.743293437886917,0.9953126774181508,1,3,2,0.8450484738583843
44b6_c50204e0,44b6_c50204e0:184,union,155,union|44b6_c50204e0:184|155,0,c:65:1426:834,c:66:2000:821,c:66:2030:834,9.75,6.700046641628698,0.9787798408488063,0.4703470031545741,0.6153528683450268,0.6662198391420912,0.9236483697895171,0.33500233208143493,0,3,3,0.9166171012055617
44b6_c50204e0,44b6_c50204e0:184,union,156,union|44b6_c50204e0:184|156,0,c:65:1426:834,c:66:2000:821,c:66:2032:853,11.490485194281398,9.613629647536875,0.96512641673932,0.22949526813880125,0.3602971522905489,0.3873114463176575,0.9302517540239372,0.48068148237684377,0,3,3,0.9119038183055675
44b6_c50204e0,44b6_c50204e0:184,union,157,union|44b6_c50204e0:184|157,0,c:65:1426:834,c:66:2000:821,c:66:2033:850,15.41610359332085,16.809130703281475,0.2739420935412027,0.0035790031813361612,0.011143210895583986,0.005244755244755245,0.47066822066822067,0.8404565351640738,0,3,3,0.9112701856921577
44b6_c50204e0,44b6_c50204e0:184,union,158,union|44b6_c50204e0:184|158,0,c:65:1426:834,c:66:2000:821,c:66:2042:867,14.804454566109486,15.41610359332085,0.6538688718251624,0.006358381502890174,0.01361947998349154,0.011785714285714287,0.8653571428571428,0.7708051796660425,0,3,3,0.9045128069091258
44b6_c50204e0,44b6_c50204e0:184,union,159,union|44b6_c50204e0:184|159,0,c:65:1426:834,c:66:2000:821,c:66:2043:869,13.595725431178728,11.830178570080843,0.6892901618929016,0.1736745886654479,0.3136607511349567,0.2801326944342057,0.8931072613343163,0.5915089285040421,0,3,3,0.9081974891739822
44b6_c50204e0,44b6_c50204e0:184,union,160,union|44b6_c50204e0:184|160,0,c:65:1426:834,c:66:2000:821,p:66:2076,13.301198254292732,13.595725431178728,,,,,,0.6797862715589365,0,2,2,0.9184163842017043
44b6_c50204e0,44b6_c50204e0:184,union,161,union|44b6_c50204e0:184|161,0,c:65:1426:834,c:66:2000:821,c:66:2077:825,12.795262795269194,10.405076885828379,0.831081081081081,0.2737752161383285,0.4312835328105654,0.42845428454284545,0.993439934399344,0.520253844291419,0,3,3,0.8877665484538185
44b6_c50204e0,44b6_c50204e0:184,union,162,union|44b6_c50204e0:184|162,0,c:65:1426:834,c:66:2000:821,c:66:2085:856,15.33021933959198,15.41610359332085,0.502724795640327,0.18380834365964477,0.3673132480396203,0.26896343306134785,0.7322453913569054,0.7708051796660425,0,3,3,0.8924025853013576
44b6_c50204e0,44b6_c50204e0:184,union,163,union|44b6_c50204e0:184|163,0,c:65:1426:834,c:66:2000:821,f:66:894,9.738629042995603,10.59122724215997,0.9096657633242999,0.17144332558739994,0.27404044572843583,0.3140964995269631,0.872472141972761,0.5295613621079985,1,3,2,0.8821170587162755
44b6_c50204e0,44b6_c50204e0:184,union,164,union|44b6_c50204e0:184|164,0,c:65:1426:834,c:66:2030:834,c:66:2032:853,11.490485194281398,11.490485194281398,0.986050566695728,0.07402330363262509,0.13371853074700785,0.14223002633889376,0.9401568303755675,0.5745242597140698,0,3,3,0.907494172113554
44b6_c50204e0,44b6_c50204e0:184,union,165,union|44b6_c50204e0:184|165,0,c:65:1426:834,c:66:2030:834,c:66:2042:867,14.804454566109486,14.072912811497128,0.668044890726521,0.004210526315789474,0.009079653322327692,0.007790368271954674,0.8580028328611898,0.7036456405748563,0,3,3,0.9001031607171125
44b6_c50204e0,44b6_c50204e0:184,union,166,union|44b6_c50204e0:184|166,0,c:65:1426:834,c:66:2030:834,c:66:2043:869,13.595725431178728,6.894291116568838,0.7042341220423413,0.44699943914750423,0.6578621543541064,0.5823894775301425,0.8852758494702229,0.3447145558284419,0,3,3,0.9037878429819689
44b6_c50204e0,44b6_c50204e0:184,union,167,union|44b6_c50204e0:184|167,0,c:65:1426:834,c:66:2030:834,p:66:2076,13.301198254292732,12.481861840286488,,,,,,0.6240930920143244,0,2,2,0.9118019149136842
44b6_c50204e0,44b6_c50204e0:184,union,168,union|44b6_c50204e0:184|168,0,c:65:1426:834,c:66:2030:834,c:66:2077:825,12.795262795269194,8.285906709588275,0.8490990990990991,0.34415405777166436,0.5163021048287247,0.5079171741778319,0.9837596427121397,0.4142953354794138,0,3,3,0.8833569022618052
44b6_c50204e0,44b6_c50204e0:184,union,169,union|44b6_c50204e0:184|169,0,c:65:1426:834,c:66:2030:834,c:66:2085:856,15.33021933959198,16.331047884321446,0.5136239782016349,0.04313156940920623,0.09822534048699959,0.07140714071407141,0.726972697269727,0.8165523942160723,0,3,3,0.8879929391093442
44b6_c50204e0,44b6_c50204e0:184,union,170,union|44b6_c50204e0:184|170,0,c:65:1426:834,c:66:2030:834,f:66:894,9.75,10.99287570170721,0.8903625110521662,0.09245508982035928,0.15930664465538588,0.18054256314312442,0.8823772183243912,0.5496437850853605,1,3,2,0.8777074125242622
44b6_c50204e0,44b6_c50204e0:184,union,171,union|44b6_c50204e0:184|171,0,c:65:1426:834,c:66:2032:853,c:66:2033:850,15.41610359332085,13.400093283257396,0.2838406335065578,0.05066261733848702,0.15146512587701197,0.07074016962220508,0.46703932151117966,0.6700046641628699,0,3,3,0.9021472566001502
44b6_c50204e0,44b6_c50204e0:184,union,172,union|44b6_c50204e0:184|172,0,c:65:1426:834,c:66:2032:853,c:66:2043:869,13.595725431178728,17.948711652929298,0.7141967621419676,0.00038654812524159255,0.0008254230293025176,0.000726480203414457,0.8801307664366146,0.8974355826464648,0,3,3,0.8990745600819747
44b6_c50204e0,44b6_c50204e0:184,union,173,union|44b6_c50204e0:184|173,0,c:65:1426:834,c:66:2032:853,p:66:2076,13.301198254292732,16.965498076979642,,,,,,0.8482749038489821,0,2,2,0.904731990563693
44b6_c50204e0,44b6_c50204e0:184,union,174,union|44b6_c50204e0:184|174,0,c:65:1426:834,c:66:2032:853,c:66:2077:825,12.795262795269194,6.894291116568838,0.8611111111111112,0.417992479028059,0.596368138671069,0.5828963291649859,0.9774102460669625,0.3447145558284419,0,3,3,0.878643619361811
44b6_c50204e0,44b6_c50204e0:184,union,175,union|44b6_c50204e0:184|175,0,c:65:1426:834,c:66:2032:853,c:66:2085:856,15.33021933959198,11.830178570080843,0.5208900999091735,0.22625876354365837,0.4395377631035906,0.318005374738728,0.723499552105106,0.5915089285040421,0,3,3,0.88327965620935
44b6_c50204e0,44b6_c50204e0:184,union,176,union|44b6_c50204e0:184|176,0,c:65:1426:834,c:66:2032:853,f:66:894,11.490485194281398,15.603350712899738,0.8779424585876199,0.0,0.0,0.0,0.8889806025588114,0.7801675356449869,1,3,2,0.872994129624268
44b6_c50204e0,44b6_c50204e0:184,union,177,union|44b6_c50204e0:184|177,0,c:65:1426:834,c:66:2033:850,p:66:2076,15.41610359332085,17.273986945693807,,,,,,0.8636993472846903,0,2,2,0.9037815416435782
44b6_c50204e0,44b6_c50204e0:184,union,178,union|44b6_c50204e0:184|178,0,c:65:1426:834,c:66:2033:850,c:66:2077:825,15.41610359332085,16.086679271993955,0.32962138084632514,0.008277289187790998,0.026413536937680563,0.01191140889633352,0.45095849618462686,0.8043339635996978,0,3,3,0.8780099867484011
44b6_c50204e0,44b6_c50204e0:184,union,179,union|44b6_c50204e0:184|179,0,c:65:1426:834,c:66:2033:850,c:66:2085:856,15.41610359332085,8.75089281159357,0.5449146250927989,0.3031578947368421,0.8320264135369376,0.3229216722729457,0.38811468845106517,0.43754464057967846,0,3,3,0.8826460235959401
44b6_c50204e0,44b6_c50204e0:184,union,180,union|44b6_c50204e0:184|180,0,c:65:1426:834,c:66:2033:850,f:66:894,15.41610359332085,16.234742637764107,0.2491957436278149,0.0010719549778909286,0.0033016921172100704,0.001584786053882726,0.4799920760697306,0.8117371318882054,1,3,2,0.8723604970108582
44b6_c50204e0,44b6_c50204e0:184,union,181,union|44b6_c50204e0:184|181,0,c:65:1426:834,c:66:2042:867,c:66:2043:869,14.804454566109486,9.884489111734608,0.9486119314825753,0.12086190009794319,0.25464300453982663,0.187026371627766,0.7344649893907245,0.4942244555867304,0,3,3,0.891683548685533
44b6_c50204e0,44b6_c50204e0:184,union,182,union|44b6_c50204e0:184|182,0,c:65:1426:834,c:66:2042:867,p:66:2076,14.804454566109486,7.267220926874317,,,,,,0.36336104634371585,0,2,2,0.8936454734690306
44b6_c50204e0,44b6_c50204e0:184,union,183,union|44b6_c50204e0:184|183,0,c:65:1426:834,c:66:2042:867,c:66:2077:825,14.804454566109486,17.875,0.7867690490253987,0.0,0.0,0.0,0.80099173553719,0.89375,0,3,3,0.8712526079653694
44b6_c50204e0,44b6_c50204e0:184,union,184,union|44b6_c50204e0:184|184,0,c:65:1426:834,c:66:2042:867,c:66:2085:856,15.33021933959198,18.52785065786099,0.7688465031789282,0.0,0.0,0.0,0.6220795892169448,0.9263925328930496,0,3,3,0.8758886448129083
44b6_c50204e0,44b6_c50204e0:184,union,185,union|44b6_c50204e0:184|185,0,c:65:1426:834,c:66:2042:867,f:66:894,14.804454566109486,7.027831541860667,0.5948021264028353,0.3230888429752066,0.5163021048287247,0.4633333333333333,0.8974074074074074,0.35139157709303337,1,3,2,0.8656031182278264
44b6_c50204e0,44b6_c50204e0:184,union,186,union|44b6_c50204e0:184|186,0,c:65:1426:834,c:66:2043:869,p:66:2076,13.595725431178728,11.375,,,,,,0.56875,0,2,2,0.8991724968663151
44b6_c50204e0,44b6_c50204e0:184,union,187,union|44b6_c50204e0:184|187,0,c:65:1426:834,c:66:2043:869,c:66:2077:825,13.595725431178728,13.400093283257396,0.8293897882938979,0.08456402994133118,0.17251341312422616,0.14227365554799182,0.824710687542546,0.6700046641628699,0,3,3,0.8749372902302257
44b6_c50204e0,44b6_c50204e0:184,union,188,union|44b6_c50204e0:184|188,0,c:65:1426:834,c:66:2043:869,c:66:2085:856,15.33021933959198,19.56759119053748,0.7293369663941871,0.005486525738260448,0.014032191498142799,0.008928571428571428,0.6362920168067226,0.978379559526874,0,3,3,0.8795733270777647
44b6_c50204e0,44b6_c50204e0:184,union,189,union|44b6_c50204e0:184|189,0,c:65:1426:834,c:66:2043:869,f:66:894,13.595725431178728,10.718527505948135,0.6270236612702366,0.1993331745653727,0.3454395377631036,0.3203214695752009,0.9272866437045542,0.5359263752974067,1,3,2,0.8692878004926827
44b6_c50204e0,44b6_c50204e0:184,union,190,union|44b6_c50204e0:184|190,0,c:65:1426:834,p:66:2076,c:66:2077:825,13.301198254292732,12.691655723348314,,,,,,0.6345827861674157,0,2,2,0.8685260857860696
44b6_c50204e0,44b6_c50204e0:184,union,191,union|44b6_c50204e0:184|191,0,c:65:1426:834,p:66:2076,c:66:2085:856,15.33021933959198,11.490485194281398,,,,,,0.5745242597140698,0,2,2,0.875480141057378
44b6_c50204e0,44b6_c50204e0:184,union,192,union|44b6_c50204e0:184|192,0,c:65:1426:834,p:66:2076,f:66:894,13.301198254292732,3.931698591870423,,,,,,0.19658492959352114,1,2,1,0.8600518511797551
44b6_c50204e0,44b6_c50204e0:184,union,193,union|44b6_c50204e0:184|193,0,c:65:1426:834,c:66:2077:825,c:66:2085:856,15.33021933959198,10.405076885828379,0.6049046321525886,0.1894968051118211,0.3916632274040446,0.2685342388228636,0.6856253537068477,0.520253844291419,0,3,3,0.859142386357601
44b6_c50204e0,44b6_c50204e0:184,union,194,union|44b6_c50204e0:184|194,0,c:65:1426:834,c:66:2077:825,f:66:894,12.795262795269194,12.61632722823594,0.756006006006006,0.0223271790468012,0.04292199752373091,0.04446344591705857,0.9653322327692943,0.630816361411797,1,3,2,0.8488568597725191
44b6_c50204e0,44b6_c50204e0:184,union,195,union|44b6_c50204e0:184|195,0,c:65:1426:834,c:66:2085:856,f:66:894,15.33021933959198,12.209667343241124,0.4573115349682107,0.10086004691164972,0.21295914156004953,0.16079775631037707,0.755063882829542,0.6104833671620562,1,3,2,0.853492896620058
44b6_d2f34f90,44b6_d2f34f90:103,pil_only,0,pil_only|44b6_d2f34f90:103|0,0,p:51:34,p:52:212,p:52:222,14.981759743100941,9.334914300624297,,,,,,0.4667457150312148,0,0,0,
44b6_d2f34f90,44b6_d2f34f90:103,pil_only,1,pil_only|44b6_d2f34f90:103|1,0,p:51:34,p:52:212,p:52:231,14.981759743100941,18.810734967034115,,,,,,0.9405367483517058,0,0,0,
44b6_d2f34f90,44b6_d2f34f90:103,pil_only,2,pil_only|44b6_d2f34f90:103|2,0,p:51:34,p:52:212,p:52:232,14.981759743100941,18.022121822915302,,,,,,0.9011060911457651,0,0,0,
44b6_d2f34f90,44b6_d2f34f90:103,pil_only,3,pil_only|44b6_d2f34f90:103|3,0,p:51:34,p:52:212,p:52:234,14.981759743100941,17.35025215955088,,,,,,0.867512607977544,0,0,0,
44b6_d2f34f90,44b6_d2f34f90:103,pil_only,4,pil_only|44b6_d2f34f90:103|4,0,p:51:34,p:52:212,p:52:236,14.981759743100941,13.978778558944269,,,,,,0.6989389279472135,0,0,0,
44b6_d2f34f90,44b6_d2f34f90:103,pil_only,5,pil_only|44b6_d2f34f90:103|5,0,p:51:34,p:52:212,p:52:242,14.981759743100941,19.295805891436615,,,,,,0.9647902945718307,0,0,0,
44b6_d2f34f90,44b6_d2f34f90:103,pil_only,6,pil_only|44b6_d2f34f90:103|6,0,p:51:34,p:52:222,p:52:231,9.884489111734608,10.65583760199075,,,,,,0.5327918800995375,0,0,0,
44b6_d2f34f90,44b6_d2f34f90:103,pil_only,7,pil_only|44b6_d2f34f90:103|7,0,p:51:34,p:52:222,p:52:232,11.490485194281398,13.978778558944269,,,,,,0.6989389279472135,0,0,0,
44b6_d2f34f90,44b6_d2f34f90:103,pil_only,8,pil_only|44b6_d2f34f90:103|8,1,p:51:34,p:52:222,p:52:234,6.080193253507654,8.75089281159357,,,,,,0.43754464057967846,0,0,0,
44b6_d2f34f90,44b6_d2f34f90:103,pil_only,9,pil_only|44b6_d2f34f90:103|9,0,p:51:34,p:52:222,p:52:236,9.613629647536875,8.75089281159357,,,,,,0.43754464057967846,0,0,0,
44b6_d2f34f90,44b6_d2f34f90:103,pil_only,10,pil_only|44b6_d2f34f90:103|10,0,p:51:34,p:52:222,p:52:242,7.960841664045329,11.490485194281398,,,,,,0.5745242597140698,0,0,0,
44b6_d2f34f90,44b6_d2f34f90:103,pil_only,11,pil_only|44b6_d2f34f90:103|11,0,p:51:34,p:52:231,p:52:234,9.884489111734608,11.490485194281398,,,,,,0.5745242597140698,0,0,0,
44b6_d2f34f90,44b6_d2f34f90:103,pil_only,12,pil_only|44b6_d2f34f90:103|12,0,p:51:34,p:52:231,p:52:236,9.884489111734608,11.02128622257856,,,,,,0.551064311128928,0,0,0,
44b6_d2f34f90,44b6_d2f34f90:103,pil_only,13,pil_only|44b6_d2f34f90:103|13,0,p:51:34,p:52:231,p:52:242,9.884489111734608,10.405076885828379,,,,,,0.520253844291419,0,0,0,
44b6_d2f34f90,44b6_d2f34f90:103,pil_only,14,pil_only|44b6_d2f34f90:103|14,0,p:51:34,p:52:232,p:52:234,11.490485194281398,10.405076885828379,,,,,,0.520253844291419,0,0,0,
44b6_d2f34f90,44b6_d2f34f90:103,pil_only,15,pil_only|44b6_d2f34f90:103|15,0,p:51:34,p:52:232,p:52:236,11.490485194281398,17.577062467886947,,,,,,0.8788531233943473,0,0,0,
44b6_d2f34f90,44b6_d2f34f90:103,pil_only,16,pil_only|44b6_d2f34f90:103|16,0,p:51:34,p:52:232,p:52:242,11.490485194281398,16.086679271993955,,,,,,0.8043339635996978,0,0,0,
44b6_d2f34f90,44b6_d2f34f90:103,pil_only,17,pil_only|44b6_d2f34f90:103|17,0,p:51:34,p:52:232,p:52:248,15.069630055180518,11.941262496067994,,,,,,0.5970631248033997,0,0,0,
44b6_d2f34f90,44b6_d2f34f90:103,pil_only,18,pil_only|44b6_d2f34f90:103|18,0,p:51:34,p:52:234,p:52:236,9.613629647536875,11.718041645257966,,,,,,0.5859020822628983,0,0,0,
44b6_d2f34f90,44b6_d2f34f90:103,pil_only,19,pil_only|44b6_d2f34f90:103|19,0,p:51:34,p:52:234,p:52:242,7.960841664045329,8.443747686898277,,,,,,0.4221873843449139,0,0,0,
44b6_d2f34f90,44b6_d2f34f90:103,pil_only,20,pil_only|44b6_d2f34f90:103|20,0,p:51:34,p:52:234,p:52:248,15.069630055180518,12.691655723348314,,,,,,0.6345827861674157,0,0,0,
44b6_d2f34f90,44b6_d2f34f90:103,pil_only,21,pil_only|44b6_d2f34f90:103|21,0,p:51:34,p:52:236,p:52:242,9.613629647536875,7.083210783253595,,,,,,0.35416053916267975,0,0,0,
44b6_d2f34f90,44b6_d2f34f90:103,pil_only,22,pil_only|44b6_d2f34f90:103|22,0,p:51:34,p:52:242,p:52:248,15.069630055180518,14.715000849473302,,,,,,0.7357500424736652,0,0,0,
44b6_d2f34f90,44b6_d2f34f90:137,pil_only,0,pil_only|44b6_d2f34f90:137|0,0,p:62:470,p:63:681,p:63:687,15.069630055180518,8.285906709588275,,,,,,0.4142953354794138,0,0,0,
44b6_d2f34f90,44b6_d2f34f90:137,pil_only,1,pil_only|44b6_d2f34f90:137|1,0,p:62:470,p:63:681,p:63:693,14.534441853748634,12.795262795269194,,,,,,0.6397631397634597,0,0,0,
44b6_d2f34f90,44b6_d2f34f90:137,pil_only,2,pil_only|44b6_d2f34f90:137|2,0,p:62:470,p:63:681,p:63:695,11.941262496067994,6.894291116568838,,,,,,0.3447145558284419,0,0,0,
44b6_d2f34f90,44b6_d2f34f90:137,pil_only,3,pil_only|44b6_d2f34f90:137|3,0,p:62:470,p:63:681,p:63:700,13.201562407533435,15.754959536603069,,,,,,0.7877479768301534,0,0,0,
44b6_d2f34f90,44b6_d2f34f90:137,pil_only,4,pil_only|44b6_d2f34f90:137|4,0,p:62:470,p:63:681,p:63:701,11.941262496067994,16.331047884321446,,,,,,0.8165523942160723,0,0,0,
44b6_d2f34f90,44b6_d2f34f90:137,pil_only,5,pil_only|44b6_d2f34f90:137|5,0,p:62:470,p:63:681,p:63:703,11.941262496067994,12.691655723348314,,,,,,0.6345827861674157,0,0,0,
44b6_d2f34f90,44b6_d2f34f90:137,pil_only,6,pil_only|44b6_d2f34f90:137|6,0,p:62:470,p:63:681,p:63:708,11.941262496067994,11.941262496067994,,,,,,0.5970631248033997,0,0,0,
44b6_d2f34f90,44b6_d2f34f90:137,pil_only,7,pil_only|44b6_d2f34f90:137|7,0,p:62:470,p:63:681,p:63:721,11.941262496067994,17.50178562318714,,,,,,0.8750892811593569,0,0,0,
44b6_d2f34f90,44b6_d2f34f90:137,pil_only,8,pil_only|44b6_d2f34f90:137|8,0,p:62:470,p:63:681,p:63:722,11.941262496067994,17.65201829820035,,,,,,0.8826009149100175,0,0,0,
44b6_d2f34f90,44b6_d2f34f90:137,pil_only,9,pil_only|44b6_d2f34f90:137|9,0,p:62:470,p:63:687,p:63:693,15.069630055180518,16.411695524838375,,,,,,0.8205847762419187,0,0,0,
44b6_d2f34f90,44b6_d2f34f90:137,pil_only,10,pil_only|44b6_d2f34f90:137|10,0,p:62:470,p:63:687,p:63:695,15.069630055180518,11.02128622257856,,,,,,0.551064311128928,0,0,0,
44b6_d2f34f90,44b6_d2f34f90:137,pil_only,11,pil_only|44b6_d2f34f90:137|11,0,p:62:470,p:63:687,p:63:700,15.069630055180518,19.08942770226494,,,,,,0.9544713851132469,0,0,0,
44b6_d2f34f90,44b6_d2f34f90:137,pil_only,12,pil_only|44b6_d2f34f90:137|12,0,p:62:470,p:63:687,p:63:701,15.069630055180518,18.16805231718579,,,,,,0.9084026158592895,0,0,0,
44b6_d2f34f90,44b6_d2f34f90:137,pil_only,13,pil_only|44b6_d2f34f90:137|13,0,p:62:470,p:63:687,p:63:703,15.069630055180518,9.613629647536875,,,,,,0.48068148237684377,0,0,0,
44b6_d2f34f90,44b6_d2f34f90:137,pil_only,14,pil_only|44b6_d2f34f90:137|14,0,p:62:470,p:63:687,p:63:708,15.069630055180518,14.16642156650719,,,,,,0.7083210783253595,0,0,0,
44b6_d2f34f90,44b6_d2f34f90:137,pil_only,15,pil_only|44b6_d2f34f90:137|15,0,p:62:470,p:63:687,p:63:721,15.069630055180518,17.948711652929298,,,,,,0.8974355826464648,0,0,0,
44b6_d2f34f90,44b6_d2f34f90:137,pil_only,16,pil_only|44b6_d2f34f90:137|16,0,p:62:470,p:63:687,p:63:722,15.069630055180518,15.754959536603069,,,,,,0.7877479768301534,0,0,0,
44b6_d2f34f90,44b6_d2f34f90:137,pil_only,17,pil_only|44b6_d2f34f90:137|17,0,p:62:470,p:63:693,p:63:695,14.534441853748634,10.017172754824587,,,,,,0.5008586377412294,0,0,0,
44b6_d2f34f90,44b6_d2f34f90:137,pil_only,18,pil_only|44b6_d2f34f90:137|18,0,p:62:470,p:63:693,p:63:700,14.534441853748634,5.138701197773616,,,,,,0.2569350598886808,0,0,0,
44b6_d2f34f90,44b6_d2f34f90:137,pil_only,19,pil_only|44b6_d2f34f90:137|19,0,p:62:470,p:63:693,p:63:703,14.534441853748634,19.56759119053748,,,,,,0.978379559526874,0,0,0,
44b6_d2f34f90,44b6_d2f34f90:137,pil_only,20,pil_only|44b6_d2f34f90:137|20,0,p:62:470,p:63:693,p:63:708,14.534441853748634,16.086679271993955,,,,,,0.8043339635996978,0,0,0,
44b6_d2f34f90,44b6_d2f34f90:137,pil_only,21,pil_only|44b6_d2f34f90:137|21,0,p:62:470,p:63:693,p:63:716,15.33021933959198,10.405076885828379,,,,,,0.520253844291419,0,0,0,
44b6_d2f34f90,44b6_d2f34f90:137,pil_only,22,pil_only|44b6_d2f34f90:137|22,0,p:62:470,p:63:693,p:63:721,14.534441853748634,12.795262795269194,,,,,,0.6397631397634597,0,0,0,
44b6_d2f34f90,44b6_d2f34f90:137,pil_only,23,pil_only|44b6_d2f34f90:137|23,0,p:62:470,p:63:693,p:63:722,14.534441853748634,15.41610359332085,,,,,,0.7708051796660425,0,0,0,
44b6_d2f34f90,44b6_d2f34f90:137,pil_only,24,pil_only|44b6_d2f34f90:137|24,0,p:62:470,p:63:693,p:63:727,14.534441853748634,18.810734967034115,,,,,,0.9405367483517058,0,0,0,
44b6_d2f34f90,44b6_d2f34f90:137,pil_only,25,pil_only|44b6_d2f34f90:137|25,0,p:62:470,p:63:695,p:63:700,13.201562407533435,10.779030568655049,,,,,,0.5389515284327524,0,0,0,
44b6_d2f34f90,44b6_d2f34f90:137,pil_only,26,pil_only|44b6_d2f34f90:137|26,0,p:62:470,p:63:695,p:63:701,11.604821196382131,14.981759743100941,,,,,,0.7490879871550471,0,0,0,
44b6_d2f34f90,44b6_d2f34f90:137,pil_only,27,pil_only|44b6_d2f34f90:137|27,0,p:62:470,p:63:695,p:63:703,10.405076885828379,10.900831390311474,,,,,,0.5450415695155737,0,0,0,
44b6_d2f34f90,44b6_d2f34f90:137,pil_only,28,pil_only|44b6_d2f34f90:137|28,1,p:62:470,p:63:695,p:63:708,6.080193253507654,6.894291116568838,,,,,,0.3447145558284419,0,0,0,
44b6_d2f34f90,44b6_d2f34f90:137,pil_only,29,pil_only|44b6_d2f34f90:137|29,0,p:62:470,p:63:695,p:63:716,15.33021933959198,14.804454566109486,,,,,,0.7402227283054743,0,0,0,
44b6_d2f34f90,44b6_d2f34f90:137,pil_only,30,pil_only|44b6_d2f34f90:137|30,0,p:62:470,p:63:695,p:63:721,10.017172754824587,11.02128622257856,,,,,,0.551064311128928,0,0,0,
44b6_d2f34f90,44b6_d2f34f90:137,pil_only,31,pil_only|44b6_d2f34f90:137|31,0,p:62:470,p:63:695,p:63:722,11.490485194281398,12.160386507015309,,,,,,0.6080193253507654,0,0,0,
44b6_d2f34f90,44b6_d2f34f90:137,pil_only,32,pil_only|44b6_d2f34f90:137|32,0,p:62:470,p:63:695,p:63:727,8.900491559458949,13.978778558944269,,,,,,0.6989389279472135,0,0,0,
44b6_d2f34f90,44b6_d2f34f90:137,pil_only,33,pil_only|44b6_d2f34f90:137|33,0,p:62:470,p:63:695,p:63:733,13.101168840985142,19.158467449146343,,,,,,0.9579233724573172,0,0,0,
44b6_d2f34f90,44b6_d2f34f90:137,pil_only,34,pil_only|44b6_d2f34f90:137|34,0,p:62:470,p:63:700,p:63:703,13.201562407533435,19.835652875567266,,,,,,0.9917826437783633,0,0,0,
44b6_d2f34f90,44b6_d2f34f90:137,pil_only,35,pil_only|44b6_d2f34f90:137|35,0,p:62:470,p:63:700,p:63:708,13.201562407533435,15.069630055180518,,,,,,0.7534815027590259,0,0,0,
44b6_d2f34f90,44b6_d2f34f90:137,pil_only,36,pil_only|44b6_d2f34f90:137|36,0,p:62:470,p:63:700,p:63:716,15.33021933959198,5.3895152843275245,,,,,,0.2694757642163762,0,0,0,
44b6_d2f34f90,44b6_d2f34f90:137,pil_only,37,pil_only|44b6_d2f34f90:137|37,0,p:62:470,p:63:700,p:63:721,13.201562407533435,9.475296829123613,,,,,,0.47376484145618064,0,0,0,
44b6_d2f34f90,44b6_d2f34f90:137,pil_only,38,pil_only|44b6_d2f34f90:137|38,0,p:62:470,p:63:700,p:63:722,13.201562407533435,13.400093283257396,,,,,,0.6700046641628699,0,0,0,
44b6_d2f34f90,44b6_d2f34f90:137,pil_only,39,pil_only|44b6_d2f34f90:137|39,0,p:62:470,p:63:700,p:63:727,13.201562407533435,15.069630055180518,,,,,,0.7534815027590259,0,0,0,
44b6_d2f34f90,44b6_d2f34f90:137,pil_only,40,pil_only|44b6_d2f34f90:137|40,0,p:62:470,p:63:701,p:63:703,11.604821196382131,11.490485194281398,,,,,,0.5745242597140698,0,0,0,
44b6_d2f34f90,44b6_d2f34f90:137,pil_only,41,pil_only|44b6_d2f34f90:137|41,0,p:62:470,p:63:701,p:63:708,11.604821196382131,9.884489111734608,,,,,,0.4942244555867304,0,0,0,
44b6_d2f34f90,44b6_d2f34f90:137,pil_only,42,pil_only|44b6_d2f34f90:137|42,0,p:62:470,p:63:701,p:63:727,11.604821196382131,16.965498076979642,,,,,,0.8482749038489821,0,0,0,
44b6_d2f34f90,44b6_d2f34f90:137,pil_only,43,pil_only|44b6_d2f34f90:137|43,0,p:62:470,p:63:701,p:63:733,13.101168840985142,12.795262795269194,,,,,,0.6397631397634597,0,0,0,
44b6_d2f34f90,44b6_d2f34f90:137,pil_only,44,pil_only|44b6_d2f34f90:137|44,0,p:62:470,p:63:703,p:63:708,10.405076885828379,8.443747686898277,,,,,,0.4221873843449139,0,0,0,
44b6_d2f34f90,44b6_d2f34f90:137,pil_only,45,pil_only|44b6_d2f34f90:137|45,0,p:62:470,p:63:703,p:63:721,10.405076885828379,14.625,,,,,,0.73125,0,0,0,
44b6_d2f34f90,44b6_d2f34f90:137,pil_only,46,pil_only|44b6_d2f34f90:137|46,0,p:62:470,p:63:703,p:63:722,11.490485194281398,11.830178570080843,,,,,,0.5915089285040421,0,0,0,
44b6_d2f34f90,44b6_d2f34f90:137,pil_only,47,pil_only|44b6_d2f34f90:137|47,0,p:62:470,p:63:703,p:63:727,10.405076885828379,16.965498076979642,,,,,,0.8482749038489821,0,0,0,
44b6_d2f34f90,44b6_d2f34f90:137,pil_only,48,pil_only|44b6_d2f34f90:137|48,0,p:62:470,p:63:703,p:63:733,13.101168840985142,17.948711652929298,,,,,,0.8974355826464648,0,0,0,
44b6_d2f34f90,44b6_d2f34f90:137,pil_only,49,pil_only|44b6_d2f34f90:137|49,0,p:62:470,p:63:708,p:63:716,15.33021933959198,17.273986945693807,,,,,,0.8636993472846903,0,0,0,
44b6_d2f34f90,44b6_d2f34f90:137,pil_only,50,pil_only|44b6_d2f34f90:137|50,0,p:62:470,p:63:708,p:63:721,10.017172754824587,11.02128622257856,,,,,,0.551064311128928,0,0,0,
44b6_d2f34f90,44b6_d2f34f90:137,pil_only,51,pil_only|44b6_d2f34f90:137|51,0,p:62:470,p:63:708,p:63:722,11.490485194281398,11.490485194281398,,,,,,0.5745242597140698,0,0,0,
44b6_d2f34f90,44b6_d2f34f90:137,pil_only,52,pil_only|44b6_d2f34f90:137|52,0,p:62:470,p:63:708,p:63:727,8.900491559458949,10.017172754824587,,,,,,0.5008586377412294,0,0,0,
44b6_d2f34f90,44b6_d2f34f90:137,pil_only,53,pil_only|44b6_d2f34f90:137|53,0,p:62:470,p:63:708,p:63:733,13.101168840985142,12.691655723348314,,,,,,0.6345827861674157,0,0,0,
44b6_d2f34f90,44b6_d2f34f90:137,pil_only,54,pil_only|44b6_d2f34f90:137|54,0,p:62:470,p:63:716,p:63:721,15.33021933959198,9.334914300624297,,,,,,0.4667457150312148,0,0,0,
44b6_d2f34f90,44b6_d2f34f90:137,pil_only,55,pil_only|44b6_d2f34f90:137|55,0,p:62:470,p:63:716,p:63:722,15.33021933959198,14.072912811497128,,,,,,0.7036456405748563,0,0,0,
44b6_d2f34f90,44b6_d2f34f90:137,pil_only,56,pil_only|44b6_d2f34f90:137|56,0,p:62:470,p:63:716,p:63:727,15.33021933959198,13.884006086140989,,,,,,0.6942003043070495,0,0,0,
44b6_d2f34f90,44b6_d2f34f90:137,pil_only,57,pil_only|44b6_d2f34f90:137|57,0,p:62:470,p:63:721,p:63:722,11.490485194281398,5.138701197773616,,,,,,0.2569350598886808,0,0,0,
44b6_d2f34f90,44b6_d2f34f90:137,pil_only,58,pil_only|44b6_d2f34f90:137|58,0,p:62:470,p:63:721,p:63:727,10.017172754824587,9.75,,,,,,0.4875,0,0,0,
44b6_d2f34f90,44b6_d2f34f90:137,pil_only,59,pil_only|44b6_d2f34f90:137|59,0,p:62:470,p:63:721,p:63:733,13.101168840985142,18.16805231718579,,,,,,0.9084026158592895,0,0,0,
44b6_d2f34f90,44b6_d2f34f90:137,pil_only,60,pil_only|44b6_d2f34f90:137|60,0,p:62:470,p:63:722,p:63:727,11.490485194281398,12.795262795269194,,,,,,0.6397631397634597,0,0,0,
44b6_d2f34f90,44b6_d2f34f90:137,pil_only,61,pil_only|44b6_d2f34f90:137|61,0,p:62:470,p:63:722,p:63:733,13.101168840985142,19.158467449146343,,,,,,0.9579233724573172,0,0,0,
44b6_d2f34f90,44b6_d2f34f90:137,pil_only,62,pil_only|44b6_d2f34f90:137|62,0,p:62:470,p:63:727,p:63:733,13.101168840985142,9.884489111734608,,,,,,0.4942244555867304,0,0,0,
44b6_d2f34f90,44b6_d2f34f90:103,union,0,union|44b6_d2f34f90:103|0,0,c:51:34:26,c:52:212:36,c:52:222:18,14.981759743100941,9.334914300624297,0.9118028534370947,0.31416666666666665,0.4488095238095238,0.5115332428765265,0.8773809523809524,0.4667457150312148,0,3,3,0.896442795317431
44b6_d2f34f90,44b6_d2f34f90:103,union,1,union|44b6_d2f34f90:103|1,0,c:51:34:26,c:52:212:36,c:52:231:67,14.981759743100941,18.810734967034115,0.45827900912646674,0.010317255610007738,0.023809523809523808,0.017881090746535537,0.7510058113544926,0.9405367483517058,0,3,3,0.89185557330778
44b6_d2f34f90,44b6_d2f34f90:103,union,2,union|44b6_d2f34f90:103|2,0,c:51:34:26,c:52:212:36,c:52:232:57,14.981759743100941,18.022121822915302,0.689892051030422,0.000588235294117647,0.0011904761904761906,0.0011614401858304297,0.975609756097561,0.9011060911457651,0,3,3,0.8701593964494049
44b6_d2f34f90,44b6_d2f34f90:103,union,3,union|44b6_d2f34f90:103|3,0,c:51:34:26,c:52:212:36,c:52:234:4,14.981759743100941,17.35025215955088,0.8146002317497103,0.01628052598622417,0.030952380952380953,0.033205619412515965,0.9321428571428572,0.867512607977544,0,3,3,0.9038408712110582
44b6_d2f34f90,44b6_d2f34f90:103,union,4,union|44b6_d2f34f90:103|4,0,c:51:34:26,c:52:212:36,c:52:236:37,14.981759743100941,13.978778558944269,0.2896580140090647,0.05807303123625165,0.15714285714285714,0.08434504792332269,0.536741214057508,0.6989389279472135,0,3,3,0.8810979811712168
44b6_d2f34f90,44b6_d2f34f90:103,union,5,union|44b6_d2f34f90:103|5,0,c:51:34:26,c:52:212:36,c:52:242:22,14.981759743100941,19.295805891436615,0.9348404255319149,0.0,0.0,0.0,0.8660714285714286,0.9647902945718307,0,3,3,0.8734717741643131
44b6_d2f34f90,44b6_d2f34f90:103,union,6,union|44b6_d2f34f90:103|6,0,c:51:34:26,c:52:212:36,f:52:33,14.981759743100941,6.800197820142243,0.5829187396351575,0.44776119402985076,0.6607142857142857,0.5814562598218963,0.8800419067574646,0.34000989100711215,1,3,2,0.8870240210218355
44b6_d2f34f90,44b6_d2f34f90:103,union,7,union|44b6_d2f34f90:103|7,0,c:51:34:26,c:52:212:36,f:52:42,14.981759743100941,15.359869348371717,0.6402550091074681,0.03539559785841761,0.07083333333333333,0.06607440310938367,0.9328151027207107,0.7679934674185859,1,3,2,0.8715683298992166
44b6_d2f34f90,44b6_d2f34f90:103,union,8,union|44b6_d2f34f90:103|8,0,c:51:34:26,c:52:212:36,f:52:45,14.981759743100941,15.987075426949238,0.4011379800853485,0.0018796992481203006,0.002976190476190476,0.005076142131979695,0.5863095238095238,0.7993537713474619,1,3,2,0.8751265220554715
44b6_d2f34f90,44b6_d2f34f90:103,union,9,union|44b6_d2f34f90:103|9,0,c:51:34:26,c:52:212:36,f:52:47,14.981759743100941,15.060586102174623,0.5376955903271693,0.00036231884057971015,0.0005952380952380953,0.0009250693802035153,0.643452380952381,0.7530293051087311,1,3,2,0.8643086681313886
44b6_d2f34f90,44b6_d2f34f90:103,union,10,union|44b6_d2f34f90:103|10,0,c:51:34:26,c:52:222:18,c:52:231:67,9.884489111734608,10.65583760199075,0.5026075619295959,0.16011644832605532,0.3273809523809524,0.2386117136659436,0.7288503253796096,0.5327918800995375,0,3,3,0.9033706566850613
44b6_d2f34f90,44b6_d2f34f90:103,union,11,union|44b6_d2f34f90:103|11,0,c:51:34:26,c:52:222:18,c:52:232:57,11.490485194281398,13.978778558944269,0.7566241413150148,0.017296980357666372,0.03511904761904762,0.0329608938547486,0.9385474860335196,0.6989389279472135,0,3,3,0.8816744798266862
44b6_d2f34f90,44b6_d2f34f90:103,union,12,union|44b6_d2f34f90:103|12,1,c:51:34:26,c:52:222:18,c:52:234:4,6.080193253507654,8.75089281159357,0.8933951332560834,0.2879906723668869,0.44107142857142856,0.45348837209302323,0.9726190476190476,0.43754464057967846,0,3,3,0.9153559545883395
44b6_d2f34f90,44b6_d2f34f90:103,union,13,union|44b6_d2f34f90:103|13,0,c:51:34:26,c:52:222:18,c:52:236:37,9.613629647536875,8.75089281159357,0.3176761433868974,0.1842680262199563,0.4517857142857143,0.2373358348968105,0.525328330206379,0.43754464057967846,0,3,3,0.8926130645484983
44b6_d2f34f90,44b6_d2f34f90:103,union,14,union|44b6_d2f34f90:103|14,0,c:51:34:26,c:52:222:18,c:52:242:22,7.960841664045329,11.490485194281398,0.9753566796368353,0.0942944994875299,0.16428571428571428,0.18122127380170716,0.906547619047619,0.5745242597140698,0,3,3,0.8849868575415946
44b6_d2f34f90,44b6_d2f34f90:103,union,15,union|44b6_d2f34f90:103|15,0,c:51:34:26,c:52:222:18,f:52:33,12.1378134792234,8.09753363598672,0.6393034825870647,0.30235042735042733,0.5053571428571428,0.4294385432473445,0.849772382397572,0.404876681799336,1,3,2,0.8985391043991169
44b6_d2f34f90,44b6_d2f34f90:103,union,16,union|44b6_d2f34f90:103|16,0,c:51:34:26,c:52:222:18,f:52:42,13.327783813212402,13.094914292625145,0.7021857923497268,0.05719392314566577,0.11428571428571428,0.10272873194221509,0.898876404494382,0.6547457146312572,1,3,2,0.8830834132764979
44b6_d2f34f90,44b6_d2f34f90:103,union,17,union|44b6_d2f34f90:103|17,0,c:51:34:26,c:52:222:18,f:52:45,13.716350687616865,14.253514770828016,0.3657587548638132,0.0066298342541436465,0.010714285714285714,0.017094017094017096,0.6267857142857143,0.7126757385414008,1,3,2,0.8866416054327528
44b6_d2f34f90,44b6_d2f34f90:103,union,18,union|44b6_d2f34f90:103|18,0,c:51:34:26,c:52:222:18,f:52:47,14.884219957425229,14.54044681872278,0.490272373540856,0.0039034776437189495,0.006547619047619048,0.009573542210617928,0.6839285714285714,0.7270223409361389,1,3,2,0.87582375150867
44b6_d2f34f90,44b6_d2f34f90:103,union,19,union|44b6_d2f34f90:103|19,0,c:51:34:26,c:52:222:18,f:52:55,15.958805899709372,17.366763025009032,0.2918287937743191,0.013252555850056797,0.020833333333333332,0.035140562248995984,0.5928571428571429,0.8683381512504516,1,3,2,0.8301593131651174
44b6_d2f34f90,44b6_d2f34f90:103,union,20,union|44b6_d2f34f90:103|20,0,c:51:34:26,c:52:222:18,f:52:56,13.698725838390454,17.131805867406047,0.3690761129727142,0.014751899865891819,0.039285714285714285,0.023076923076923078,0.5874125874125874,0.8565902933703023,1,3,2,0.8804997797832262
44b6_d2f34f90,44b6_d2f34f90:103,union,21,union|44b6_d2f34f90:103|21,0,c:51:34:26,c:52:231:67,c:52:234:4,9.884489111734608,11.490485194281398,0.5625814863102999,0.09449664429530201,0.20952380952380953,0.14685022945348353,0.7008760951188986,0.5745242597140698,0,3,3,0.9107687325786885
44b6_d2f34f90,44b6_d2f34f90:103,union,22,union|44b6_d2f34f90:103|22,0,c:51:34:26,c:52:231:67,c:52:236:37,9.884489111734608,11.02128622257856,0.6320560362587556,0.12415304902351534,0.37083333333333335,0.15728351426407472,0.424135319363797,0.551064311128928,0,3,3,0.8880258425388473
44b6_d2f34f90,44b6_d2f34f90:103,union,23,union|44b6_d2f34f90:103|23,0,c:51:34:26,c:52:231:67,c:52:242:22,9.884489111734608,10.405076885828379,0.49022164276401564,0.18176400476758045,0.3630952380952381,0.2668416447944007,0.7349081364829396,0.520253844291419,0,3,3,0.8803996355319436
44b6_d2f34f90,44b6_d2f34f90:103,union,24,union|44b6_d2f34f90:103|24,0,c:51:34:26,c:52:231:67,f:52:33,12.1378134792234,16.77898094602581,0.7861799217731421,0.008211678832116789,0.02142857142857143,0.013138686131386862,0.6131386861313869,0.8389490473012906,1,3,2,0.8939518823894659
44b6_d2f34f90,44b6_d2f34f90:103,union,25,union|44b6_d2f34f90:103|25,0,c:51:34:26,c:52:231:67,f:52:42,13.327783813212402,18.525862749444435,0.7157757496740548,0.0,0.0,0.0,0.6382978723404256,0.9262931374722218,1,3,2,0.878496191266847
44b6_d2f34f90,44b6_d2f34f90:103,union,26,union|44b6_d2f34f90:103|26,0,c:51:34:26,c:52:232:57,c:52:234:4,11.490485194281398,10.405076885828379,0.8469087340529932,0.0655100209392761,0.13035714285714287,0.11636556854410202,0.8926673751328374,0.520253844291419,0,3,3,0.8890725557203134
44b6_d2f34f90,44b6_d2f34f90:103,union,27,union|44b6_d2f34f90:103|27,0,c:51:34:26,c:52:232:57,c:52:236:37,11.490485194281398,17.577062467886947,0.41985990935311085,0.00039032006245121,0.0011904761904761906,0.0005803830528148578,0.4875217643644806,0.8788531233943473,0,3,3,0.8663296656804721
44b6_d2f34f90,44b6_d2f34f90:103,union,28,union|44b6_d2f34f90:103|28,0,c:51:34:26,c:52:232:57,c:52:242:22,11.490485194281398,16.086679271993955,0.7379784102060843,0.0,0.0,0.0,0.9486166007905138,0.8043339635996978,0,3,3,0.8587034586735683
44b6_d2f34f90,44b6_d2f34f90:103,union,29,union|44b6_d2f34f90:103|29,0,c:51:34:26,c:52:232:57,c:52:248:48,15.069630055180518,11.941262496067994,0.7832436587240584,0.045205121505095376,0.10297619047619047,0.07456896551724138,0.7241379310344828,0.5970631248033997,0,3,3,0.8386666542980644
44b6_d2f34f90,44b6_d2f34f90:103,union,30,union|44b6_d2f34f90:103|30,0,c:51:34:26,c:52:232:57,f:52:33,12.1378134792234,15.582834821596068,0.8449419568822554,0.0023100616016427105,0.005357142857142857,0.004044943820224719,0.755056179775281,0.7791417410798034,1,3,2,0.8722557055310908
44b6_d2f34f90,44b6_d2f34f90:103,union,31,union|44b6_d2f34f90:103|31,0,c:51:34:26,c:52:232:57,f:52:42,13.327783813212402,15.407198903575278,0.9280510018214936,0.004231684739486909,0.009523809523809525,0.007557864903164856,0.7935758148323099,0.7703599451787639,1,3,2,0.8568000144084719
44b6_d2f34f90,44b6_d2f34f90:103,union,32,union|44b6_d2f34f90:103|32,0,c:51:34:26,c:52:232:57,f:52:45,13.716350687616865,5.080821787192047,0.27674190382728164,0.49498495486459376,0.5875,0.7586471944657955,0.7744047619047619,0.25404108935960235,1,3,2,0.8603582065647267
44b6_d2f34f90,44b6_d2f34f90:103,union,33,union|44b6_d2f34f90:103|33,0,c:51:34:26,c:52:232:57,f:52:47,14.884219957425229,7.365563111176169,0.37095191364082436,0.5595539787126204,0.6571428571428571,0.7902648532569793,0.8315476190476191,0.36827815555880844,1,3,2,0.8495403526406439
44b6_d2f34f90,44b6_d2f34f90:103,union,34,union|44b6_d2f34f90:103|34,0,c:51:34:26,c:52:232:57,f:52:55,15.958805899709372,16.842033013338277,0.22080471050049066,0.0023997257456290708,0.004166666666666667,0.005627009646302251,0.7404761904761905,0.8421016506669139,1,3,2,0.8038759142970912
44b6_d2f34f90,44b6_d2f34f90:103,union,35,union|44b6_d2f34f90:103|35,0,c:51:34:26,c:52:232:57,f:52:56,13.698725838390454,5.523079255176166,0.4877932024892293,0.48006182380216383,0.924404761904762,0.4996782496782497,0.5405405405405406,0.27615396275880827,1,3,2,0.8542163809152
44b6_d2f34f90,44b6_d2f34f90:103,union,36,union|44b6_d2f34f90:103|36,0,c:51:34:26,c:52:234:4,c:52:236:37,9.613629647536875,11.718041645257966,0.35558302430984756,0.06789858186506231,0.1880952380952381,0.09604863221884498,0.5106382978723404,0.5859020822628983,0,3,3,0.9000111404421255
44b6_d2f34f90,44b6_d2f34f90:103,union,37,union|44b6_d2f34f90:103|37,0,c:51:34:26,c:52:234:4,c:52:242:22,7.960841664045329,8.443747686898277,0.8713789107763615,0.20607613469985359,0.3351190476190476,0.34860681114551084,0.9613095238095238,0.4221873843449139,0,3,3,0.8923849334352217
44b6_d2f34f90,44b6_d2f34f90:103,union,38,union|44b6_d2f34f90:103|38,0,c:51:34:26,c:52:234:4,c:52:248:48,15.069630055180518,12.691655723348314,0.6633358954650269,0.10111715840733314,0.21011904761904762,0.16312384473197783,0.7763401109057301,0.6345827861674157,0,3,3,0.8723481290597177
44b6_d2f34f90,44b6_d2f34f90:103,union,39,union|44b6_d2f34f90:103|39,0,c:51:34:26,c:52:234:4,f:52:33,12.1378134792234,14.384566187198576,0.7155887230514096,0.02853223593964335,0.06190476190476191,0.05026582890285162,0.8119864668922184,0.7192283093599288,1,3,2,0.9059371802927441
44b6_d2f34f90,44b6_d2f34f90:103,union,40,union|44b6_d2f34f90:103|40,0,c:51:34:26,c:52:234:4,f:52:42,13.327783813212402,14.519117647344407,0.7859744990892532,0.0,0.0,0.0,0.8567057623661397,0.7259558823672203,1,3,2,0.8904814891701252
44b6_d2f34f90,44b6_d2f34f90:103,union,41,union|44b6_d2f34f90:103|41,0,c:51:34:26,c:52:234:4,f:52:45,13.716350687616865,13.3653993194882,0.3267670915411356,0.021330441070137384,0.03511904761904762,0.05152838427947598,0.6815476190476191,0.66826996597441,1,3,2,0.89403968132638
44b6_d2f34f90,44b6_d2f34f90:103,union,42,union|44b6_d2f34f90:103|42,0,c:51:34:26,c:52:234:4,f:52:47,14.884219957425229,14.85720831759245,0.4380069524913094,0.014940931202223767,0.025595238095238095,0.0346494762288477,0.7386904761904762,0.7428604158796225,1,3,2,0.8832218274022972
44b6_d2f34f90,44b6_d2f34f90:103,union,43,union|44b6_d2f34f90:103|43,0,c:51:34:26,c:52:234:4,f:52:55,15.958805899709372,16.35917321396771,0.2607184241019699,0.0,0.0,0.0,0.6476190476190476,0.8179586606983855,1,3,2,0.8375573890587446
44b6_d2f34f90,44b6_d2f34f90:103,union,44,union|44b6_d2f34f90:103|44,0,c:51:34:26,c:52:234:4,f:52:56,13.698725838390454,12.234538758205105,0.41311632359980854,0.07048763577536399,0.18154761904761904,0.10331978319783197,0.5691056910569106,0.6117269379102552,1,3,2,0.8878978556768534
44b6_d2f34f90,44b6_d2f34f90:103,union,45,union|44b6_d2f34f90:103|45,0,c:51:34:26,c:52:236:37,c:52:242:22,9.613629647536875,7.083210783253595,0.30984754841367945,0.3185888738127544,0.6988095238095238,0.3692985215476565,0.5284680717206669,0.35416053916267975,0,3,3,0.8696420433953804
44b6_d2f34f90,44b6_d2f34f90:103,union,46,union|44b6_d2f34f90:103|46,0,c:51:34:26,c:52:236:37,f:52:33,12.1378134792234,8.574786245349335,0.4969097651421508,0.23471996281663957,0.6011904761904762,0.2780071566198734,0.4624277456647399,0.42873931226746675,1,3,2,0.8831942902529027
44b6_d2f34f90,44b6_d2f34f90:103,union,47,union|44b6_d2f34f90:103|47,0,c:51:34:26,c:52:236:37,f:52:42,13.327783813212402,8.015165309276128,0.45241038318912236,0.297357926221336,0.7101190476190476,0.3384397163120567,0.4765957446808511,0.4007582654638064,1,3,2,0.8677385991302838
44b6_d2f34f90,44b6_d2f34f90:103,union,48,union|44b6_d2f34f90:103|48,0,c:51:34:26,c:52:236:37,f:52:45,13.716350687616865,19.51532007616194,0.1161928306551298,0.0,0.0,0.0,0.6201550387596899,0.9757660038080971,1,3,2,0.8712967912865387
44b6_d2f34f90,44b6_d2f34f90:103,union,49,union|44b6_d2f34f90:103|49,0,c:51:34:26,c:52:236:37,f:52:55,15.958805899709372,11.520240927271294,0.09270704573547589,0.2251131221719457,0.4738095238095238,0.30015082956259426,0.6334841628959276,0.5760120463635647,1,3,2,0.8148144990189032
44b6_d2f34f90,44b6_d2f34f90:103,union,50,union|44b6_d2f34f90:103|50,0,c:51:34:26,c:52:236:37,f:52:56,13.698725838390454,18.132814474477005,0.8607334157395962,0.0038885288399222295,0.014285714285714285,0.005314437555358724,0.3720106288751107,0.9066407237238503,1,3,2,0.8651549656370121
44b6_d2f34f90,44b6_d2f34f90:103,union,51,union|44b6_d2f34f90:103|51,0,c:51:34:26,c:52:242:22,c:52:248:48,15.069630055180518,14.715000849473302,0.5780169100691775,0.03867557039510295,0.08273809523809524,0.06770579639551876,0.8183146614710181,0.7357500424736652,0,3,3,0.8419790320129726
44b6_d2f34f90,44b6_d2f34f90:103,union,52,union|44b6_d2f34f90:103|52,0,c:51:34:26,c:52:242:22,f:52:33,12.1378134792234,14.125829995545422,0.6235489220563848,0.060950714494021584,0.1244047619047619,0.10674157303370786,0.8580183861082737,0.7062914997772711,1,3,2,0.875568083245999
44b6_d2f34f90,44b6_d2f34f90:103,union,53,union|44b6_d2f34f90:103|53,0,c:51:34:26,c:52:242:22,f:52:42,13.327783813212402,10.943698677680457,0.6848816029143898,0.07654772796584325,0.1494047619047619,0.13567567567567568,0.9081081081081082,0.5471849338840229,1,3,2,0.86011239212338
44b6_d2f34f90,44b6_d2f34f90:103,union,54,union|44b6_d2f34f90:103|54,0,c:51:34:26,c:52:242:22,f:52:45,13.716350687616865,19.53018895500788,0.375,0.0,0.0,0.0,0.6154761904761905,0.9765094477503939,1,3,2,0.863670584279635
44b6_d2f34f90,44b6_d2f34f90:103,union,55,union|44b6_d2f34f90:103|55,0,c:51:34:26,c:52:242:22,f:52:55,15.958805899709372,11.664759352194057,0.2992021276595745,0.046062992125984255,0.06964285714285715,0.11975435005117707,0.5815476190476191,0.5832379676097028,1,3,2,0.8071882920119995
44b6_d2f34f90,44b6_d2f34f90:103,union,56,union|44b6_d2f34f90:103|56,0,c:51:34:26,c:52:242:22,f:52:56,13.698725838390454,15.544306679947159,0.35998085208233604,0.011183180496533215,0.02976190476190476,0.017599436818021823,0.5913410770855333,0.777215333997358,1,3,2,0.8575287586301084
44b6_d2f34f90,44b6_d2f34f90:103,union,57,union|44b6_d2f34f90:103|57,0,c:51:34:26,c:52:248:48,f:52:42,15.069630055180518,18.36353146907273,0.8439661798616449,0.0,0.0,0.0,0.7002917882451021,0.9181765734536365,1,3,2,0.8400755877478762
44b6_d2f34f90,44b6_d2f34f90:103,union,58,union|44b6_d2f34f90:103|58,0,c:51:34:26,c:52:248:48,f:52:45,15.069630055180518,16.973590883748766,0.2167563412759416,0.0,0.0,0.0,0.9422619047619047,0.8486795441874383,1,3,2,0.843633779904131
44b6_d2f34f90,44b6_d2f34f90:103,union,59,union|44b6_d2f34f90:103|59,0,c:51:34:26,c:52:248:48,f:52:47,15.069630055180518,19.280593056801127,0.2905457340507302,0.0,0.0,0.0,0.9994047619047619,0.9640296528400564,1,3,2,0.8328159259800482
44b6_d2f34f90,44b6_d2f34f90:103,union,60,union|44b6_d2f34f90:103|60,0,c:51:34:26,c:52:248:48,f:52:55,15.958805899709372,16.47640715353451,0.17294388931591084,0.0,0.0,0.0,0.9083333333333333,0.8238203576767255,1,3,2,0.7871514876364955
44b6_d2f34f90,44b6_d2f34f90:103,union,61,union|44b6_d2f34f90:103|61,0,c:51:34:26,c:52:248:48,f:52:56,15.069630055180518,8.293611185473855,0.6227860220201054,0.2429517038489826,0.5898809523809524,0.29233038348082596,0.49557522123893805,0.41468055927369274,1,3,2,0.8374919542546043
44b6_d2f34f90,44b6_d2f34f90:103,union,62,union|44b6_d2f34f90:103|62,0,c:51:34:26,f:52:33,f:52:42,13.327783813212402,8.606994694312846,0.9104477611940298,0.3964248159831756,0.6732142857142858,0.4908854166666667,0.7291666666666666,0.4303497347156423,2,3,1,0.8736646389809023
44b6_d2f34f90,44b6_d2f34f90:103,union,63,union|44b6_d2f34f90:103|63,0,c:51:34:26,f:52:33,f:52:45,13.716350687616865,15.372053356879995,0.23383084577114427,0.0006317119393556538,0.0011904761904761906,0.0013440860215053765,0.8857142857142857,0.7686026678439998,2,3,1,0.8772228311371574
44b6_d2f34f90,44b6_d2f34f90:103,union,64,union|44b6_d2f34f90:103|64,0,c:51:34:26,f:52:33,f:52:47,14.884219957425229,15.3538388510094,0.31343283582089554,0.00030646644192460924,0.0005952380952380953,0.0006313131313131314,0.9428571428571428,0.76769194255047,2,3,1,0.8664049772130745
44b6_d2f34f90,44b6_d2f34f90:103,union,65,union|44b6_d2f34f90:103|65,0,c:51:34:26,f:52:33,f:52:55,15.958805899709372,13.927363474097287,0.1865671641791045,0.16038791495710555,0.25595238095238093,0.3004891684136967,0.8517857142857143,0.6963681737048644,2,3,1,0.8207405388695218
44b6_d2f34f90,44b6_d2f34f90:103,union,66,union|44b6_d2f34f90:103|66,0,c:51:34:26,f:52:33,f:52:56,13.698725838390454,17.6033620491109,0.5773097175682145,0.007696981972858011,0.02261904761904762,0.011532625189681336,0.5098634294385432,0.880168102455545,2,3,1,0.8710810054876307
44b6_d2f34f90,44b6_d2f34f90:103,union,67,union|44b6_d2f34f90:103|67,0,c:51:34:26,f:52:42,f:52:45,13.716350687616865,17.512378479667703,0.2568306010928962,0.0,0.0,0.0,0.8214285714285714,0.8756189239833851,2,3,1,0.8617671400145385
44b6_d2f34f90,44b6_d2f34f90:103,union,68,union|44b6_d2f34f90:103|68,0,c:51:34:26,f:52:42,f:52:47,14.884219957425229,18.47853242919867,0.3442622950819672,0.0,0.0,0.0,0.8785714285714286,0.9239266214599334,2,3,1,0.8509492860904556
44b6_d2f34f90,44b6_d2f34f90:103,union,69,union|44b6_d2f34f90:103|69,0,c:51:34:26,f:52:42,f:52:55,15.958805899709372,5.361709844911202,0.20491803278688525,0.487369985141159,0.5857142857142857,0.7437641723356009,0.7875,0.2680854922455601,2,3,1,0.8052848477469028
44b6_d2f34f90,44b6_d2f34f90:103,union,70,union|44b6_d2f34f90:103|70,0,c:51:34:26,f:52:42,f:52:56,13.698725838390454,14.49524484090772,0.5256103398755385,0.030707327403642525,0.08630952380952381,0.045497332914967055,0.527141512394101,0.724762242045386,2,3,1,0.8556253143650117
44b6_d2f34f90,44b6_d2f34f90:103,union,71,union|44b6_d2f34f90:103|71,0,c:51:34:26,f:52:45,f:52:47,14.884219957425229,2.31934590532825,0.746031746031746,0.3684210526315789,0.375,0.9545454545454546,0.39285714285714285,0.1159672952664125,2,3,1,0.8545074782467105
44b6_d2f34f90,44b6_d2f34f90:103,union,72,union|44b6_d2f34f90:103|72,0,c:51:34:26,f:52:45,f:52:55,15.958805899709372,19.998413429925396,0.7978723404255319,0.0,0.0,0.0,0.30178571428571427,0.9999206714962698,2,3,1,0.8088430399031578
44b6_d2f34f90,44b6_d2f34f90:103,union,73,union|44b6_d2f34f90:103|73,0,c:51:34:26,f:52:45,f:52:56,13.716350687616865,10.114844659828934,0.13499281953087602,0.21469265367316342,0.4261904761904762,0.30198228595529314,0.7085617882749895,0.5057422329914467,2,3,1,0.8591835065212666
44b6_d2f34f90,44b6_d2f34f90:103,union,74,union|44b6_d2f34f90:103|74,0,c:51:34:26,f:52:47,f:52:56,14.884219957425229,12.32407109024158,0.18094782192436573,0.11090275917492633,0.24642857142857144,0.16781516011349817,0.6809890555330361,0.616203554512079,2,3,1,0.8483656525971838
44b6_d2f34f90,44b6_d2f34f90:103,union,75,union|44b6_d2f34f90:103|75,0,c:51:34:26,f:52:55,f:52:56,15.958805899709372,14.117587034830605,0.1077070368597415,0.04801889267908686,0.10892857142857143,0.0790838375108038,0.7260155574762316,0.7058793517415303,2,3,1,0.8027012142536312
44b6_d2f34f90,44b6_d2f34f90:137,union,0,union|44b6_d2f34f90:137|0,0,c:62:470:67,c:63:681:71,c:63:687:81,15.069630055180518,8.285906709588275,0.5777426992896606,0.2537267080745342,0.40088321884200195,0.408704352176088,0.9808635917566242,0.4142953354794138,0,3,3,0.8716842870583736
44b6_d2f34f90,44b6_d2f34f90:137,union,1,union|44b6_d2f34f90:137|1,0,c:62:470:67,c:63:681:71,c:63:693:50,14.534441853748634,12.795262795269194,0.6574585635359116,0.012478590653290923,0.025024533856722278,0.024285714285714285,0.9704761904761905,0.6397631397634597,0,3,3,0.8493802718230432
44b6_d2f34f90,44b6_d2f34f90:137,union,2,union|44b6_d2f34f90:137|2,0,c:62:470:67,c:63:681:71,c:63:695:80,11.941262496067994,6.894291116568838,0.6022099447513812,0.36099029775844765,0.5294406280667321,0.5315270935960591,0.9960745829244357,0.3447145558284419,0,3,3,0.8779188151916101
44b6_d2f34f90,44b6_d2f34f90:137,union,3,union|44b6_d2f34f90:137|3,0,c:62:470:67,c:63:681:71,c:63:700:36,13.201562407533435,15.754959536603069,0.4347975291695264,0.02657642786398151,0.07899901864573111,0.03850753408275532,0.4874431954077972,0.7877479768301534,0,3,3,0.8778974864238179
44b6_d2f34f90,44b6_d2f34f90:137,union,4,union|44b6_d2f34f90:137|4,0,c:62:470:67,c:63:681:71,p:63:701,11.941262496067994,16.331047884321446,,,,,,0.8165523942160723,0,2,2,0.8844885305732331
44b6_d2f34f90,44b6_d2f34f90:137,union,5,union|44b6_d2f34f90:137|5,0,c:62:470:67,c:63:681:71,c:63:703:76,11.941262496067994,12.691655723348314,0.8075207138304653,0.08891867739052725,0.19528949950932287,0.14033850493653033,0.7186177715091678,0.6345827861674157,0,3,3,0.8771402281887225
44b6_d2f34f90,44b6_d2f34f90:137,union,6,union|44b6_d2f34f90:137|6,0,c:62:470:67,c:63:681:71,c:63:708:66,11.941262496067994,11.941262496067994,0.5666929755327546,0.18462897526501768,0.30765456329735036,0.3158690176322418,0.9739941118743867,0.5970631248033997,0,3,3,0.8906475512070416
44b6_d2f34f90,44b6_d2f34f90:137,union,7,union|44b6_d2f34f90:137|7,0,c:62:470:67,c:63:681:71,c:63:721:90,11.941262496067994,17.50178562318714,0.9913928012519562,0.00858274647887324,0.019136408243375858,0.015324165029469547,0.8007858546168959,0.8750892811593569,0,3,3,0.8506924936357786
44b6_d2f34f90,44b6_d2f34f90:137,union,8,union|44b6_d2f34f90:137|8,0,c:62:470:67,c:63:681:71,c:63:722:75,11.941262496067994,17.65201829820035,0.9155485398579322,0.006537421100090171,0.01422963689892051,0.011948908117016894,0.8397198187062217,0.8826009149100175,0,3,3,0.8835742986668694
44b6_d2f34f90,44b6_d2f34f90:137,union,9,union|44b6_d2f34f90:137|9,0,c:62:470:67,c:63:687:81,c:63:693:50,15.069630055180518,16.411695524838375,0.8787515006002401,0.0353448275862069,0.06035328753680078,0.07859424920127796,0.767909715407262,0.8205847762419187,0,3,3,0.8375175528872708
44b6_d2f34f90,44b6_d2f34f90:137,union,10,union|44b6_d2f34f90:137|10,0,c:62:470:67,c:63:687:81,c:63:695:80,15.069630055180518,11.02128622257856,0.9593709043250328,0.19681571815718157,0.28508341511285573,0.388628762541806,0.7335623159960746,0.551064311128928,0,3,3,0.8660560962558378
44b6_d2f34f90,44b6_d2f34f90:137,union,11,union|44b6_d2f34f90:137|11,0,c:62:470:67,c:63:687:81,c:63:700:36,15.069630055180518,19.08942770226494,0.25120109814687713,0.014637629418064976,0.040235525024533855,0.022490400438837082,0.5589687328579265,0.9544713851132469,0,3,3,0.8660347674880455
44b6_d2f34f90,44b6_d2f34f90:137,union,12,union|44b6_d2f34f90:137|12,0,c:62:470:67,c:63:687:81,p:63:701,15.069630055180518,18.16805231718579,,,,,,0.9084026158592895,0,2,2,0.8666944521695746
44b6_d2f34f90,44b6_d2f34f90:137,union,13,union|44b6_d2f34f90:137|13,0,c:62:470:67,c:63:687:81,c:63:703:76,15.069630055180518,9.613629647536875,0.4665391969407266,0.17907608695652175,0.32335623159960747,0.2863972186006084,0.8857018687527162,0.48068148237684377,0,3,3,0.8652775092529502
44b6_d2f34f90,44b6_d2f34f90:137,union,14,union|44b6_d2f34f90:137|14,0,c:62:470:67,c:63:687:81,c:63:708:66,15.069630055180518,14.16642156650719,0.9808743169398907,0.10240202275600506,0.1589793915603533,0.22344827586206897,0.7114818449460255,0.7083210783253595,0,3,3,0.8787848322712692
44b6_d2f34f90,44b6_d2f34f90:137,union,15,union|44b6_d2f34f90:137|15,0,c:62:470:67,c:63:687:81,c:63:721:90,15.069630055180518,17.948711652929298,0.5727699530516432,0.10089747076420995,0.18204121687929342,0.1845771144278607,0.9862610402355251,0.8974355826464648,0,3,3,0.8388297747000063
44b6_d2f34f90,44b6_d2f34f90:137,union,16,union|44b6_d2f34f90:137|16,0,c:62:470:67,c:63:687:81,c:63:722:75,15.069630055180518,15.754959536603069,0.6310344827586207,0.13979118329466358,0.2365063788027478,0.2547568710359408,0.9283611383709519,0.7877479768301534,0,3,3,0.8717115797310973
44b6_d2f34f90,44b6_d2f34f90:137,union,17,union|44b6_d2f34f90:137|17,0,c:62:470:67,c:63:693:50,c:63:695:80,14.534441853748634,10.017172754824587,0.9159663865546218,0.05947521865889213,0.10009813542688911,0.12781954887218044,0.7831207065750736,0.5008586377412294,0,3,3,0.8437520810205074
44b6_d2f34f90,44b6_d2f34f90:137,union,18,union|44b6_d2f34f90:137|18,0,c:62:470:67,c:63:693:50,c:63:700:36,14.534441853748634,5.138701197773616,0.28586135895676046,0.4361966236345581,0.8621197252208047,0.46890846010141446,0.5439017880971444,0.2569350598886808,0,3,3,0.8437307522527151
44b6_d2f34f90,44b6_d2f34f90:137,union,19,union|44b6_d2f34f90:137|19,0,c:62:470:67,c:63:693:50,c:63:703:76,14.534441853748634,19.56759119053748,0.5309114085404716,0.0,0.0,0.0,0.8484596169858452,0.978379559526874,0,3,3,0.8429734940176198
44b6_d2f34f90,44b6_d2f34f90:137,union,20,union|44b6_d2f34f90:137|20,0,c:62:470:67,c:63:693:50,c:63:708:66,14.534441853748634,16.086679271993955,0.8619447779111644,0.0,0.0,0.0,0.7610402355250245,0.8043339635996978,0,3,3,0.8564808170359388
44b6_d2f34f90,44b6_d2f34f90:137,union,21,union|44b6_d2f34f90:137|21,0,c:62:470:67,c:63:693:50,p:63:716,15.33021933959198,10.405076885828379,,,,,,0.520253844291419,0,2,2,0.8332384293165789
44b6_d2f34f90,44b6_d2f34f90:137,union,22,union|44b6_d2f34f90:137|22,0,c:62:470:67,c:63:693:50,c:63:721:90,14.534441853748634,12.795262795269194,0.6517996870109546,0.04772727272727273,0.09273797841020609,0.08953102794883941,0.965419232591189,0.6397631397634597,0,3,3,0.8165257594646759
44b6_d2f34f90,44b6_d2f34f90:137,union,23,union|44b6_d2f34f90:137|23,0,c:62:470:67,c:63:693:50,c:63:722:75,14.534441853748634,15.41610359332085,0.718103448275862,0.02779194288628251,0.0534838076545633,0.05469141996989463,0.9779195289499509,0.7708051796660425,0,3,3,0.8494075644957667
44b6_d2f34f90,44b6_d2f34f90:137,union,24,union|44b6_d2f34f90:137|24,0,c:62:470:67,c:63:693:50,c:63:727:85,14.534441853748634,18.810734967034115,0.9087635054021609,0.0,0.0,0.0,0.7801766437684003,0.9405367483517058,0,3,3,0.8315830968679676
44b6_d2f34f90,44b6_d2f34f90:137,union,25,union|44b6_d2f34f90:137|25,0,c:62:470:67,c:63:695:80,c:63:700:36,13.201562407533435,10.779030568655049,0.2618393960192176,0.13325401546698393,0.3297350343473994,0.18275768289366331,0.5542561871090563,0.5389515284327524,0,3,3,0.872269295621282
44b6_d2f34f90,44b6_d2f34f90:137,union,26,union|44b6_d2f34f90:137|26,0,c:62:470:67,c:63:695:80,p:63:701,11.604821196382131,14.981759743100941,,,,,,0.7490879871550471,0,2,2,0.8760462443694292
44b6_d2f34f90,44b6_d2f34f90:137,union,27,union|44b6_d2f34f90:137|27,0,c:62:470:67,c:63:695:80,c:63:703:76,10.405076885828379,10.900831390311474,0.4862970044614404,0.10465116279069768,0.20314033366045142,0.17753001715265868,0.8739279588336192,0.5450415695155737,0,3,3,0.8715120373861867
44b6_d2f34f90,44b6_d2f34f90:137,union,28,union|44b6_d2f34f90:137|28,1,c:62:470:67,c:63:695:80,c:63:708:66,6.080193253507654,6.894291116568838,0.9410222804718218,0.3487926408585665,0.4465161923454367,0.6144496961512491,0.7266928361138371,0.3447145558284419,0,3,3,0.8850193604045057
44b6_d2f34f90,44b6_d2f34f90:137,union,29,union|44b6_d2f34f90:137|29,0,c:62:470:67,c:63:695:80,p:63:716,15.33021933959198,14.804454566109486,,,,,,0.7402227283054743,0,2,2,0.8760462443694292
44b6_d2f34f90,44b6_d2f34f90:137,union,30,union|44b6_d2f34f90:137|30,0,c:62:470:67,c:63:695:80,c:63:721:90,10.017172754824587,11.02128622257856,0.5970266040688575,0.13557906458797328,0.23895976447497547,0.23860852523272905,0.9985301322880941,0.551064311128928,0,3,3,0.8450643028332427
44b6_d2f34f90,44b6_d2f34f90:137,union,31,union|44b6_d2f34f90:137|31,0,c:62:470:67,c:63:695:80,c:63:722:75,11.490485194281398,12.160386507015309,0.6577586206896552,0.09148525764673464,0.16290480863591755,0.17264690587623505,0.9435721295387635,0.6080193253507654,0,3,3,0.8779461078643336
44b6_d2f34f90,44b6_d2f34f90:137,union,32,union|44b6_d2f34f90:137|32,0,c:62:470:67,c:63:695:80,c:63:727:85,8.900491559458949,13.978778558944269,0.9921363040629095,0.111875,0.17566241413150147,0.2355263157894737,0.745829244357213,0.6989389279472135,0,3,3,0.8601216402365345
44b6_d2f34f90,44b6_d2f34f90:137,union,33,union|44b6_d2f34f90:137|33,0,c:62:470:67,c:63:695:80,c:63:733:70,13.101168840985142,19.158467449146343,0.6012608353033885,0.0,0.0,0.0,0.9970559371933267,0.9579233724573172,0,3,3,0.8798350617428445
44b6_d2f34f90,44b6_d2f34f90:137,union,34,union|44b6_d2f34f90:137|34,0,c:62:470:67,c:63:695:80,f:63:92,10.49802835496629,15.77675342082629,0.6435124508519003,0.05344,0.08194308145240432,0.1331738437001595,0.6153091265947007,0.7888376710413145,1,3,2,0.8105940112900408
44b6_d2f34f90,44b6_d2f34f90:137,union,35,union|44b6_d2f34f90:137|35,0,c:62:470:67,c:63:700:36,c:63:703:76,13.201562407533435,19.835652875567266,0.5384351407000686,0.0,0.0,0.0,0.45460629043051526,0.9917826437783633,0,3,3,0.8714907086183944
44b6_d2f34f90,44b6_d2f34f90:137,union,36,union|44b6_d2f34f90:137|36,0,c:62:470:67,c:63:700:36,c:63:708:66,13.201562407533435,15.069630055180518,0.24639670555936857,0.0037174721189591076,0.010304219823356232,0.005781938325991189,0.5611233480176211,0.7534815027590259,0,3,3,0.8849980316367135
44b6_d2f34f90,44b6_d2f34f90:137,union,37,union|44b6_d2f34f90:137|37,0,c:62:470:67,c:63:700:36,p:63:716,15.33021933959198,5.3895152843275245,,,,,,0.2694757642163762,0,2,2,0.8760142512177409
44b6_d2f34f90,44b6_d2f34f90:137,union,38,union|44b6_d2f34f90:137|38,0,c:62:470:67,c:63:700:36,c:63:721:90,13.201562407533435,9.475296829123613,0.43857240905971173,0.1985378991919969,0.5063788027477919,0.24618320610687022,0.48616412213740456,0.47376484145618064,0,3,3,0.8450429740654505
44b6_d2f34f90,44b6_d2f34f90:137,union,39,union|44b6_d2f34f90:137|39,0,c:62:470:67,c:63:700:36,c:63:722:75,13.201562407533435,13.400093283257396,0.39807824296499655,0.06351139725073951,0.17909715407262022,0.0895925380461463,0.5002454590083456,0.6700046641628699,0,3,3,0.8779247790965413
44b6_d2f34f90,44b6_d2f34f90:137,union,40,union|44b6_d2f34f90:137|40,0,c:62:470:67,c:63:700:36,c:63:727:85,13.201562407533435,15.069630055180518,0.25978037062457104,0.04083865086599818,0.1099116781157998,0.06101879596840098,0.5551620811767911,0.7534815027590259,0,3,3,0.8601003114687423
44b6_d2f34f90,44b6_d2f34f90:137,union,41,union|44b6_d2f34f90:137|41,0,c:62:470:67,p:63:701,c:63:703:76,11.604821196382131,11.490485194281398,,,,,,0.5745242597140698,0,2,2,0.8748783638650979
44b6_d2f34f90,44b6_d2f34f90:137,union,42,union|44b6_d2f34f90:137|42,0,c:62:470:67,p:63:701,c:63:708:66,11.604821196382131,9.884489111734608,,,,,,0.4942244555867304,0,2,2,0.8951393483925764
44b6_d2f34f90,44b6_d2f34f90:137,union,43,union|44b6_d2f34f90:137|43,0,c:62:470:67,p:63:701,c:63:727:85,11.604821196382131,16.965498076979642,,,,,,0.8482749038489821,0,2,2,0.8577927681406197
44b6_d2f34f90,44b6_d2f34f90:137,union,44,union|44b6_d2f34f90:137|44,0,c:62:470:67,p:63:701,c:63:733:70,13.101168840985142,12.795262795269194,,,,,,0.6397631397634597,0,2,2,0.8873629004000847
44b6_d2f34f90,44b6_d2f34f90:137,union,45,union|44b6_d2f34f90:137|45,0,c:62:470:67,p:63:701,f:63:92,11.604821196382131,13.159183525297854,,,,,,0.6579591762648926,1,2,1,0.7835013247208791
44b6_d2f34f90,44b6_d2f34f90:137,union,46,union|44b6_d2f34f90:137|46,0,c:62:470:67,c:63:703:76,c:63:708:66,10.405076885828379,8.443747686898277,0.4576163161249203,0.25983105155840375,0.43768400392541706,0.390030607783122,0.8911237428946218,0.4221873843449139,0,3,3,0.8842407734016181
44b6_d2f34f90,44b6_d2f34f90:137,union,47,union|44b6_d2f34f90:137|47,0,c:62:470:67,c:63:703:76,c:63:721:90,10.405076885828379,14.625,0.8145315487571702,0.05735930735930736,0.13002944062806673,0.09308043554618897,0.7158412363891816,0.73125,0,3,3,0.8442857158303552
44b6_d2f34f90,44b6_d2f34f90:137,union,48,union|44b6_d2f34f90:137|48,0,c:62:470:67,c:63:703:76,c:63:722:75,11.490485194281398,11.830178570080843,0.7393244104525175,0.12828402366863906,0.26594700686947986,0.19860754855258336,0.7467936973250274,0.5915089285040421,0,3,3,0.877167520861446
44b6_d2f34f90,44b6_d2f34f90:137,union,49,union|44b6_d2f34f90:137|49,0,c:62:470:67,c:63:703:76,c:63:727:85,10.405076885828379,16.965498076979642,0.4824729126832377,0.023932426091037073,0.050049067713444556,0.043852106620808254,0.8761822871883062,0.8482749038489821,0,3,3,0.8593430532336469
44b6_d2f34f90,44b6_d2f34f90:137,union,50,union|44b6_d2f34f90:137|50,0,c:62:470:67,c:63:703:76,c:63:733:70,13.101168840985142,17.948711652929298,0.8087954110898662,0.008271298593879239,0.019627085377821395,0.014094432699083862,0.7181113460183227,0.8974355826464648,0,3,3,0.879056474739957
44b6_d2f34f90,44b6_d2f34f90:137,union,51,union|44b6_d2f34f90:137|51,0,c:62:470:67,c:63:703:76,f:63:92,10.49802835496629,12.30268661995272,0.31293817718291905,0.2640345465761875,0.4200196270853778,0.4155339805825243,0.9893203883495145,0.615134330997636,1,3,2,0.8098154242871533
44b6_d2f34f90,44b6_d2f34f90:137,union,52,union|44b6_d2f34f90:137|52,0,c:62:470:67,c:63:708:66,p:63:716,15.33021933959198,17.273986945693807,,,,,,0.8636993472846903,0,2,2,0.8951393483925764
44b6_d2f34f90,44b6_d2f34f90:137,union,53,union|44b6_d2f34f90:137|53,0,c:62:470:67,c:63:708:66,c:63:721:90,10.017172754824587,11.02128622257856,0.5618153364632238,0.04103225806451613,0.07801766437684005,0.07965931863727455,0.9793915603532876,0.551064311128928,0,3,3,0.8577930388486742
44b6_d2f34f90,44b6_d2f34f90:137,union,54,union|44b6_d2f34f90:137|54,0,c:62:470:67,c:63:708:66,c:63:722:75,11.490485194281398,11.490485194281398,0.6189655172413793,0.026743576297850027,0.050049067713444556,0.054313099041533544,0.9214916584887144,0.5745242597140698,0,3,3,0.890674843879765
44b6_d2f34f90,44b6_d2f34f90:137,union,55,union|44b6_d2f34f90:137|55,0,c:62:470:67,c:63:708:66,c:63:727:85,8.900491559458949,10.017172754824587,0.9484808454425363,0.1686626746506986,0.24877330716388615,0.34372881355932206,0.7237487733071639,0.5008586377412294,0,3,3,0.8728503762519658
44b6_d2f34f90,44b6_d2f34f90:137,union,56,union|44b6_d2f34f90:137|56,0,c:62:470:67,c:63:708:66,c:63:733:70,13.101168840985142,12.691655723348314,0.5657998423955871,0.1280829596412556,0.22423945044160942,0.2299949672873679,0.9749754661432777,0.6345827861674157,0,3,3,0.892563797758276
44b6_d2f34f90,44b6_d2f34f90:137,union,57,union|44b6_d2f34f90:137|57,0,c:62:470:67,c:63:708:66,f:63:92,10.49802835496629,9.53478568391623,0.6838440111420613,0.25077041602465333,0.3194308145240432,0.5384615384615384,0.5932286555446517,0.47673928419581146,1,3,2,0.8233227473054722
44b6_d2f34f90,44b6_d2f34f90:137,union,58,union|44b6_d2f34f90:137|58,0,c:62:470:67,p:63:716,c:63:721:90,15.33021933959198,9.334914300624297,,,,,,0.4667457150312148,0,2,2,0.835206762035682
44b6_d2f34f90,44b6_d2f34f90:137,union,59,union|44b6_d2f34f90:137|59,0,c:62:470:67,p:63:716,c:63:722:75,15.33021933959198,14.072912811497128,,,,,,0.7036456405748563,0,2,2,0.8845294695823183
44b6_d2f34f90,44b6_d2f34f90:137,union,60,union|44b6_d2f34f90:137|60,0,c:62:470:67,p:63:716,c:63:727:85,15.33021933959198,13.884006086140989,,,,,,0.6942003043070495,0,2,2,0.8577927681406197
44b6_d2f34f90,44b6_d2f34f90:137,union,61,union|44b6_d2f34f90:137|61,0,c:62:470:67,c:63:721:90,c:63:722:75,11.490485194281398,5.138701197773616,0.9076682316118936,0.16108949416342414,0.30471050049067716,0.25471698113207547,0.8359310910582445,0.2569350598886808,0,3,3,0.8507197863085021
44b6_d2f34f90,44b6_d2f34f90:137,union,62,union|44b6_d2f34f90:137|62,0,c:62:470:67,c:63:721:90,c:63:727:85,10.017172754824587,9.75,0.5923317683881064,0.1479706877113867,0.2576054955839058,0.257985257985258,0.9985279685966634,0.4875,0,3,3,0.832895318680703
44b6_d2f34f90,44b6_d2f34f90:137,union,63,union|44b6_d2f34f90:137|63,0,c:62:470:67,c:63:721:90,c:63:733:70,13.101168840985142,18.16805231718579,0.9929577464788732,0.005482456140350877,0.01226692836113837,0.009815469179426776,0.8001570475068708,0.9084026158592895,0,3,3,0.852608740187013
44b6_d2f34f90,44b6_d2f34f90:137,union,64,union|44b6_d2f34f90:137|64,0,c:62:470:67,c:63:721:90,f:63:92,10.49802835496629,12.750584684829805,0.3841940532081377,0.023112066648750335,0.042198233562315994,0.04861503674392312,0.8680078508341511,0.6375292342414902,1,3,2,0.7833676897342093
44b6_d2f34f90,44b6_d2f34f90:137,union,65,union|44b6_d2f34f90:137|65,0,c:62:470:67,c:63:722:75,c:63:727:85,11.490485194281398,12.795262795269194,0.6525862068965518,0.005082592121982211,0.009813542688910697,0.010432968179447054,0.9406280667320903,0.6397631397634597,0,3,3,0.8657771237117938
44b6_d2f34f90,44b6_d2f34f90:137,union,66,union|44b6_d2f34f90:137|66,0,c:62:470:67,c:63:722:75,c:63:733:70,13.101168840985142,19.158467449146343,0.9141055949566588,0.0,0.0,0.0,0.8390284067517497,0.9579233724573172,0,3,3,0.8854905452181039
44b6_d2f34f90,44b6_d2f34f90:137,union,67,union|44b6_d2f34f90:137|67,0,c:62:470:67,c:63:722:75,f:63:92,11.490485194281398,12.084251511837639,0.4232758620689655,0.017655172413793104,0.03140333660451423,0.03876438522107813,0.810107948969578,0.6042125755918819,1,3,2,0.8162494947653002
44b6_d2f34f90,44b6_d2f34f90:137,union,68,union|44b6_d2f34f90:137|68,0,c:62:470:67,c:63:727:85,c:63:733:70,13.101168840985142,9.884489111734608,0.5965327029156816,0.1548735436203467,0.2674190382728165,0.2690029615004936,0.9941118743866536,0.4942244555867304,0,3,3,0.8676660775903048
44b6_d2f34f90,44b6_d2f34f90:137,union,69,union|44b6_d2f34f90:137|69,0,c:62:470:67,c:63:727:85,f:63:92,10.49802835496629,8.891961084212113,0.6486129458388376,0.10863697705802969,0.15799803729146222,0.25801282051282054,0.6123650637880275,0.44459805421060566,1,3,2,0.7984250271375011
44b6_d2f34f90,44b6_d2f34f90:137,union,70,union|44b6_d2f34f90:137|70,0,c:62:470:67,c:63:733:70,f:63:92,13.101168840985142,8.102058174844222,0.38691883372734437,0.2,0.31059862610402356,0.35965909090909093,0.8635917566241413,0.4051029087422111,1,3,2,0.8181384486438111
44b6_d754aa59,44b6_d754aa59:54,pil_only,0,pil_only|44b6_d754aa59:54|0,0,p:63:28,p:64:88,p:64:91,12.160386507015309,10.900831390311474,,,,,,0.5450415695155737,0,0,0,
44b6_d754aa59,44b6_d754aa59:54,pil_only,1,pil_only|44b6_d754aa59:54|1,0,p:63:28,p:64:88,p:64:97,12.160386507015309,16.730398979103875,,,,,,0.8365199489551938,0,0,0,
44b6_d754aa59,44b6_d754aa59:54,pil_only,2,pil_only|44b6_d754aa59:54|2,1,p:63:28,p:64:91,p:64:97,6.700046641628698,12.691655723348314,,,,,,0.6345827861674157,0,0,0,
44b6_d754aa59,44b6_d754aa59:54,pil_only,3,pil_only|44b6_d754aa59:54|3,0,p:63:28,p:64:91,p:64:98,10.65583760199075,13.595725431178728,,,,,,0.6797862715589365,0,0,0,
44b6_d754aa59,44b6_d754aa59:54,pil_only,4,pil_only|44b6_d754aa59:54|4,0,p:63:28,p:64:97,p:64:98,10.65583760199075,9.884489111734608,,,,,,0.4942244555867304,0,0,0,
44b6_d754aa59,44b6_d754aa59:54,union,0,union|44b6_d754aa59:54|0,0,c:63:28:33,c:64:88:27,c:64:91:28,12.160386507015309,10.900831390311474,0.8757602085143353,0.20287279727528507,0.3600525624178712,0.31727651690597497,0.881194997684113,0.5450415695155737,0,3,3,0.9260267757402882
44b6_d754aa59,44b6_d754aa59:54,union,1,union|44b6_d754aa59:54|1,0,c:63:28:33,c:64:88:27,c:64:97:36,12.160386507015309,16.730398979103875,0.8258036490008688,0.14711359404096835,0.26990801576872536,0.24434927432786105,0.9053057339995242,0.8365199489551938,0,3,3,0.9207930047680053
44b6_d754aa59,44b6_d754aa59:54,union,2,union|44b6_d754aa59:54|2,0,c:63:28:33,c:64:88:27,f:64:38,12.160386507015309,8.561290597164906,0.40399652476107734,0.22106541731736942,0.33482260183968465,0.3941831683168317,0.8494086727989487,0.4280645298582453,1,3,2,0.8425292883429741
44b6_d754aa59,44b6_d754aa59:54,union,3,union|44b6_d754aa59:54|3,1,c:63:28:33,c:64:91:28,c:64:97:36,6.700046641628698,12.691655723348314,0.9429563492063492,0.2174050134005991,0.3624178712220762,0.3520551442430431,0.9714066887924432,0.6345827861674157,0,3,3,0.9202954874134693
44b6_d754aa59,44b6_d754aa59:54,union,4,union|44b6_d754aa59:54|4,0,c:63:28:33,c:64:91:28,c:64:98:34,10.65583760199075,13.595725431178728,0.9311778290993071,0.16515903122264372,0.29750328515111696,0.2707486247309256,0.9100693613967951,0.6797862715589365,0,3,3,0.8896436729125202
44b6_d754aa59,44b6_d754aa59:54,union,5,union|44b6_d754aa59:54|5,0,c:63:28:33,c:64:91:28,f:64:38,9.95318668486269,11.840490225741437,0.46130952380952384,0.0760280522792477,0.12536136662286465,0.16191446028513237,0.7742444152431012,0.5920245112870719,1,3,2,0.8420317709884381
44b6_d754aa59,44b6_d754aa59:54,union,6,union|44b6_d754aa59:54|6,0,c:63:28:33,c:64:97:36,c:64:98:34,10.65583760199075,9.884489111734608,0.8780600461893765,0.16262924667651404,0.2893561103810775,0.2707820954254796,0.9358091490408263,0.4942244555867304,0,3,3,0.8844099019402373
44b6_d754aa59,44b6_d754aa59:54,union,7,union|44b6_d754aa59:54|7,0,c:63:28:33,c:64:97:36,f:64:38,9.95318668486269,12.517634648760804,0.48921620199894794,0.35262943334692215,0.45466491458607095,0.6110914871070293,0.7440210249671485,0.6258817324380402,1,3,2,0.8367980000161551
44b6_d754aa59,44b6_d754aa59:54,union,8,union|44b6_d754aa59:54|8,0,c:63:28:33,c:64:98:34,f:64:38,10.65583760199075,17.865543247637067,0.4295612009237875,0.023283405012605667,0.04126149802890933,0.05072697899838449,0.8134034165571616,0.8932771623818534,1,3,2,0.8061461855152059
44b6_deabac95,44b6_deabac95:15,pil_only,0,pil_only|44b6_deabac95:15|0,0,p:28:97,p:29:297,p:29:299,14.89337100860648,11.02128622257856,,,,,,0.551064311128928,0,0,0,
44b6_deabac95,44b6_deabac95:15,pil_only,1,pil_only|44b6_deabac95:15|1,0,p:28:97,p:29:297,p:29:312,14.89337100860648,16.00439392791867,,,,,,0.8002196963959335,0,0,0,
44b6_deabac95,44b6_deabac95:15,pil_only,2,pil_only|44b6_deabac95:15|2,0,p:28:97,p:29:297,p:29:315,14.89337100860648,12.160386507015309,,,,,,0.6080193253507654,0,0,0,
44b6_deabac95,44b6_deabac95:15,pil_only,3,pil_only|44b6_deabac95:15|3,0,p:28:97,p:29:297,p:29:319,14.89337100860648,12.481861840286488,,,,,,0.6240930920143244,0,0,0,
44b6_deabac95,44b6_deabac95:15,pil_only,4,pil_only|44b6_deabac95:15|4,0,p:28:97,p:29:297,p:29:320,14.89337100860648,19.90210416011332,,,,,,0.995105208005666,0,0,0,
44b6_deabac95,44b6_deabac95:15,pil_only,5,pil_only|44b6_deabac95:15|5,0,p:28:97,p:29:297,p:29:322,14.89337100860648,13.788582233137676,,,,,,0.6894291116568838,0,0,0,
44b6_deabac95,44b6_deabac95:15,pil_only,6,pil_only|44b6_deabac95:15|6,0,p:28:97,p:29:299,p:29:312,14.259317129512198,16.00439392791867,,,,,,0.8002196963959335,0,0,0,
44b6_deabac95,44b6_deabac95:15,pil_only,7,pil_only|44b6_deabac95:15|7,0,p:28:97,p:29:299,p:29:315,11.941262496067994,15.41610359332085,,,,,,0.7708051796660425,0,0,0,
44b6_deabac95,44b6_deabac95:15,pil_only,8,pil_only|44b6_deabac95:15|8,0,p:28:97,p:29:299,p:29:319,11.941262496067994,16.00439392791867,,,,,,0.8002196963959335,0,0,0,
44b6_deabac95,44b6_deabac95:15,pil_only,9,pil_only|44b6_deabac95:15|9,0,p:28:97,p:29:299,p:29:320,11.941262496067994,13.400093283257396,,,,,,0.6700046641628699,0,0,0,
44b6_deabac95,44b6_deabac95:15,pil_only,10,pil_only|44b6_deabac95:15|10,0,p:28:97,p:29:299,p:29:322,11.941262496067994,13.201562407533435,,,,,,0.6600781203766718,0,0,0,
44b6_deabac95,44b6_deabac95:15,pil_only,11,pil_only|44b6_deabac95:15|11,0,p:28:97,p:29:299,p:29:335,11.941262496067994,19.08942770226494,,,,,,0.9544713851132469,0,0,0,
44b6_deabac95,44b6_deabac95:15,pil_only,12,pil_only|44b6_deabac95:15|12,0,p:28:97,p:29:312,p:29:319,14.259317129512198,10.017172754824587,,,,,,0.5008586377412294,0,0,0,
44b6_deabac95,44b6_deabac95:15,pil_only,13,pil_only|44b6_deabac95:15|13,0,p:28:97,p:29:312,p:29:320,14.259317129512198,10.900831390311474,,,,,,0.5450415695155737,0,0,0,
44b6_deabac95,44b6_deabac95:15,pil_only,14,pil_only|44b6_deabac95:15|14,0,p:28:97,p:29:312,p:29:322,14.259317129512198,15.33021933959198,,,,,,0.7665109669795991,0,0,0,
44b6_deabac95,44b6_deabac95:15,pil_only,15,pil_only|44b6_deabac95:15|15,0,p:28:97,p:29:312,p:29:335,14.259317129512198,14.072912811497128,,,,,,0.7036456405748563,0,0,0,
44b6_deabac95,44b6_deabac95:15,pil_only,16,pil_only|44b6_deabac95:15|16,0,p:28:97,p:29:312,p:29:344,14.259317129512198,17.04314378276496,,,,,,0.852157189138248,0,0,0,
44b6_deabac95,44b6_deabac95:15,pil_only,17,pil_only|44b6_deabac95:15|17,0,p:28:97,p:29:315,p:29:319,10.779030568655049,12.481861840286488,,,,,,0.6240930920143244,0,0,0,
44b6_deabac95,44b6_deabac95:15,pil_only,18,pil_only|44b6_deabac95:15|18,0,p:28:97,p:29:315,p:29:322,10.779030568655049,7.960841664045329,,,,,,0.3980420832022665,0,0,0,
44b6_deabac95,44b6_deabac95:15,pil_only,19,pil_only|44b6_deabac95:15|19,0,p:28:97,p:29:315,p:29:335,10.779030568655049,19.364109842696102,,,,,,0.9682054921348051,0,0,0,
44b6_deabac95,44b6_deabac95:15,pil_only,20,pil_only|44b6_deabac95:15|20,0,p:28:97,p:29:315,p:29:338,14.351611407782752,13.201562407533435,,,,,,0.6600781203766718,0,0,0,
44b6_deabac95,44b6_deabac95:15,pil_only,21,pil_only|44b6_deabac95:15|21,0,p:28:97,p:29:319,p:29:320,11.02128622257856,14.981759743100941,,,,,,0.7490879871550471,0,0,0,
44b6_deabac95,44b6_deabac95:15,pil_only,22,pil_only|44b6_deabac95:15|22,0,p:28:97,p:29:319,p:29:322,9.613629647536875,8.443747686898277,,,,,,0.4221873843449139,0,0,0,
44b6_deabac95,44b6_deabac95:15,pil_only,23,pil_only|44b6_deabac95:15|23,0,p:28:97,p:29:319,p:29:335,9.613629647536875,13.101168840985142,,,,,,0.6550584420492571,0,0,0,
44b6_deabac95,44b6_deabac95:15,pil_only,24,pil_only|44b6_deabac95:15|24,0,p:28:97,p:29:319,p:29:338,14.351611407782752,12.691655723348314,,,,,,0.6345827861674157,0,0,0,
44b6_deabac95,44b6_deabac95:15,pil_only,25,pil_only|44b6_deabac95:15|25,0,p:28:97,p:29:319,p:29:344,14.072912811497128,14.534441853748634,,,,,,0.7267220926874317,0,0,0,
44b6_deabac95,44b6_deabac95:15,pil_only,26,pil_only|44b6_deabac95:15|26,0,p:28:97,p:29:320,p:29:322,11.02128622257856,13.978778558944269,,,,,,0.6989389279472135,0,0,0,
44b6_deabac95,44b6_deabac95:15,pil_only,27,pil_only|44b6_deabac95:15|27,0,p:28:97,p:29:320,p:29:335,11.02128622257856,9.475296829123613,,,,,,0.47376484145618064,0,0,0,
44b6_deabac95,44b6_deabac95:15,pil_only,28,pil_only|44b6_deabac95:15|28,0,p:28:97,p:29:320,p:29:344,14.072912811497128,15.670932486613552,,,,,,0.7835466243306776,0,0,0,
44b6_deabac95,44b6_deabac95:15,pil_only,29,pil_only|44b6_deabac95:15|29,1,p:28:97,p:29:322,p:29:335,9.475296829123613,11.490485194281398,,,,,,0.5745242597140698,0,0,0,
44b6_deabac95,44b6_deabac95:15,pil_only,30,pil_only|44b6_deabac95:15|30,0,p:28:97,p:29:322,p:29:338,14.351611407782752,11.941262496067994,,,,,,0.5970631248033997,0,0,0,
44b6_deabac95,44b6_deabac95:15,pil_only,31,pil_only|44b6_deabac95:15|31,0,p:28:97,p:29:322,p:29:344,14.072912811497128,14.804454566109486,,,,,,0.7402227283054743,0,0,0,
44b6_deabac95,44b6_deabac95:15,pil_only,32,pil_only|44b6_deabac95:15|32,0,p:28:97,p:29:335,p:29:338,14.351611407782752,16.411695524838375,,,,,,0.8205847762419187,0,0,0,
44b6_deabac95,44b6_deabac95:15,pil_only,33,pil_only|44b6_deabac95:15|33,0,p:28:97,p:29:335,p:29:344,14.072912811497128,6.700046641628698,,,,,,0.33500233208143493,0,0,0,
44b6_deabac95,44b6_deabac95:15,pil_only,34,pil_only|44b6_deabac95:15|34,0,p:28:97,p:29:338,p:29:344,14.351611407782752,14.259317129512198,,,,,,0.7129658564756098,0,0,0,
44b6_deabac95,44b6_deabac95:15,union,0,union|44b6_deabac95:15|0,0,c:28:97:99,c:29:297:112,c:29:299:121,14.89337100860648,11.02128622257856,0.7885835095137421,0.128124453766824,0.3295863309352518,0.17328605200945627,0.5257683215130023,0.551064311128928,0,3,3,0.8790199032812046
44b6_deabac95,44b6_deabac95:15,union,1,union|44b6_deabac95:15|1,0,c:28:97:99,c:29:297:112,c:29:312:4,14.89337100860648,16.00439392791867,0.7641357027463651,0.003919519205644107,0.013489208633093525,0.005494505494505495,0.4073260073260073,0.8002196963959335,0,3,3,0.897899867859412
44b6_deabac95,44b6_deabac95:15,union,2,union|44b6_deabac95:15|2,0,c:28:97:99,c:29:297:112,c:29:315:106,14.89337100860648,12.160386507015309,0.8701902748414376,0.21784536460241846,0.5346223021582733,0.2688220664707212,0.5028261361067149,0.6080193253507654,0,3,3,0.8818489372578472
44b6_deabac95,44b6_deabac95:15,union,3,union|44b6_deabac95:15|3,0,c:28:97:99,c:29:297:112,c:29:319:92,14.89337100860648,12.481861840286488,0.8600422832980973,0.2321860465116279,0.5611510791366906,0.28370084110025007,0.5055694476017276,0.6240930920143244,0,3,3,0.892401315298777
44b6_deabac95,44b6_deabac95:15,union,4,union|44b6_deabac95:15|4,0,c:28:97:99,c:29:297:112,c:29:320:137,14.89337100860648,19.90210416011332,0.7430097392397109,0.0009014810045074051,0.003147482014388489,0.0012617159336697908,0.4008651766402307,0.995105208005666,0,3,3,0.8817205252852269
44b6_deabac95,44b6_deabac95:15,union,5,union|44b6_deabac95:15|5,0,c:28:97:99,c:29:297:112,c:29:322:102,14.89337100860648,13.788582233137676,0.9928118393234673,0.30936202340505853,0.7369604316546763,0.3477615107150435,0.47188627201357947,0.6894291116568838,0,3,3,0.8824973869194875
44b6_deabac95,44b6_deabac95:15,union,6,union|44b6_deabac95:15|6,0,c:28:97:99,c:29:299:121,c:29:312:4,14.259317129512198,16.00439392791867,0.6025848142164781,0.0,0.0,0.0,0.4483870967741935,0.8002196963959335,0,3,3,0.9018364421146673
44b6_deabac95,44b6_deabac95:15,union,7,union|44b6_deabac95:15|7,0,c:28:97:99,c:29:299:121,c:29:315:106,11.941262496067994,15.41610359332085,0.9062196307094267,0.020079654829074013,0.05440647482014389,0.03084374203415753,0.5669130767269946,0.7708051796660425,0,3,3,0.8857855115131025
44b6_deabac95,44b6_deabac95:15,union,8,union|44b6_deabac95:15|8,0,c:28:97:99,c:29:299:121,c:29:319:92,11.941262496067994,16.00439392791867,0.9169124877089478,0.011397423191278493,0.03102517985611511,0.017696845344960247,0.5704026673506027,0.8002196963959335,0,3,3,0.8963378895540323
44b6_deabac95,44b6_deabac95:15,union,9,union|44b6_deabac95:15|9,0,c:28:97:99,c:29:299:121,c:29:320:137,11.941262496067994,13.400093283257396,0.5859252277725416,0.11790930053804766,0.3448741007194245,0.15194136291600635,0.4405705229793978,0.6700046641628699,0,3,3,0.8856570995404822
44b6_deabac95,44b6_deabac95:15,union,10,union|44b6_deabac95:15|10,0,c:28:97:99,c:29:299:121,c:29:322:102,11.941262496067994,13.201562407533435,0.7942930153321976,0.17893772893772894,0.4392985611510791,0.2319012580109186,0.5278898647044861,0.6600781203766718,0,3,3,0.8864339611747428
44b6_deabac95,44b6_deabac95:15,union,11,union|44b6_deabac95:15|11,0,c:28:97:99,c:29:299:121,c:29:335:136,11.941262496067994,19.08942770226494,0.8648793565683646,0.06699101796407185,0.16097122302158273,0.10293271995399655,0.6394479585968947,0.9544713851132469,0,3,3,0.8932534930098995
44b6_deabac95,44b6_deabac95:15,union,12,union|44b6_deabac95:15|12,0,c:28:97:99,c:29:312:4,c:29:319:92,14.259317129512198,10.017172754824587,0.65718901453958,0.13823529411764707,0.40152877697841727,0.17410801325794503,0.43361279001754727,0.5008586377412294,0,3,3,0.9152178541322398
44b6_deabac95,44b6_deabac95:15,union,13,union|44b6_deabac95:15|13,0,c:28:97:99,c:29:312:4,c:29:320:137,14.259317129512198,10.900831390311474,0.9723531259817781,0.0707808564231738,0.2526978417266187,0.08951895508123606,0.3542529467983434,0.5450415695155737,0,3,3,0.9045370641186897
44b6_deabac95,44b6_deabac95:15,union,14,union|44b6_deabac95:15|14,0,c:28:97:99,c:29:312:4,c:29:322:102,14.259317129512198,15.33021933959198,0.7586429725363489,0.0,0.0,0.0,0.40859819952232224,0.7665109669795991,0,3,3,0.9053139257529503
44b6_deabac95,44b6_deabac95:15,union,15,union|44b6_deabac95:15|15,0,c:28:97:99,c:29:312:4,c:29:335:136,14.259317129512198,14.072912811497128,0.5211631663974152,0.1438943894389439,0.3920863309352518,0.18521665250637212,0.4723874256584537,0.7036456405748563,0,3,3,0.9121334575881069
44b6_deabac95,44b6_deabac95:15,union,16,union|44b6_deabac95:15|16,0,c:28:97:99,c:29:312:4,c:29:344:84,14.259317129512198,17.04314378276496,0.7105008077544427,0.20461464508892804,0.5741906474820144,0.24121647147714392,0.4200982244049868,0.852157189138248,0,3,3,0.9157988678087036
44b6_deabac95,44b6_deabac95:15,union,17,union|44b6_deabac95:15|17,0,c:28:97:99,c:29:315:106,c:29:319:92,10.779030568655049,12.481861840286488,0.9883381924198251,0.0019035532994923859,0.00539568345323741,0.002932551319648094,0.5434995112414467,0.6240930920143244,0,3,3,0.8991669235306751
44b6_deabac95,44b6_deabac95:15,union,18,union|44b6_deabac95:15|18,0,c:28:97:99,c:29:315:106,c:29:322:102,10.779030568655049,7.960841664045329,0.8764906303236797,0.2556818181818182,0.6070143884892086,0.30640036314117114,0.5047662278710849,0.3980420832022665,0,3,3,0.8892629951513856
44b6_deabac95,44b6_deabac95:15,union,19,union|44b6_deabac95:15|19,0,c:28:97:99,c:29:315:106,c:29:335:136,10.779030568655049,19.364109842696102,0.7837706511175899,0.0,0.0,0.0,0.6058294742576954,0.9682054921348051,0,3,3,0.8960825269865422
44b6_deabac95,44b6_deabac95:15,union,20,union|44b6_deabac95:15|20,0,c:28:97:99,c:29:315:106,c:29:338:86,14.351611407782752,13.201562407533435,0.8189415041782729,0.16652360515021458,0.43615107913669066,0.21220739444322906,0.4865456136512798,0.6600781203766718,0,3,3,0.8970834033025308
44b6_deabac95,44b6_deabac95:15,union,21,union|44b6_deabac95:15|21,0,c:28:97:99,c:29:319:92,c:29:320:137,11.02128622257856,14.981759743100941,0.6390197926484449,0.005676442762535478,0.018884892086330936,0.008050603795284647,0.42629863906459653,0.7490879871550471,0,3,3,0.8990385115580547
44b6_deabac95,44b6_deabac95:15,union,22,union|44b6_deabac95:15|22,0,c:28:97:99,c:29:319:92,c:29:322:102,9.613629647536875,8.443747686898277,0.8662691652470187,0.1360275150472915,0.3556654676258993,0.1805111821086262,0.5075308078502967,0.4221873843449139,0,3,3,0.8998153731923154
44b6_deabac95,44b6_deabac95:15,union,23,union|44b6_deabac95:15|23,0,c:28:97:99,c:29:319:92,c:29:335:136,9.613629647536875,13.101168840985142,0.7930186823992134,0.08923933209647496,0.21627697841726617,0.13188922401974226,0.6098162873594736,0.6550584420492571,0,3,3,0.906634905027472
44b6_deabac95,44b6_deabac95:15,union,24,union|44b6_deabac95:15|24,0,c:28:97:99,c:29:319:92,c:29:338:86,14.351611407782752,12.691655723348314,0.8093911659371269,0.16761510605276772,0.4370503597122302,0.2137673191115021,0.48911370134154386,0.6345827861674157,0,3,3,0.9076357813434605
44b6_deabac95,44b6_deabac95:15,union,25,union|44b6_deabac95:15|25,0,c:28:97:99,c:29:319:92,c:29:344:84,14.072912811497128,14.534441853748634,0.9249658935879945,0.21349370419094155,0.5107913669064749,0.268367587999055,0.5253957004488542,0.7267220926874317,0,3,3,0.9103003152480685
44b6_deabac95,44b6_deabac95:15,union,26,union|44b6_deabac95:15|26,0,c:28:97:99,c:29:320:137,c:29:322:102,11.02128622257856,13.978778558944269,0.7376688658498272,0.01972386587771203,0.06744604316546762,0.027119869824624842,0.4020972699331043,0.6989389279472135,0,3,3,0.8891345831787653
44b6_deabac95,44b6_deabac95:15,union,27,union|44b6_deabac95:15|27,0,c:28:97:99,c:29:320:137,c:29:335:136,11.02128622257856,9.475296829123613,0.5067546339930883,0.28172357129815595,0.6937949640287769,0.32172643869891576,0.46371976647206004,0.47376484145618064,0,3,3,0.895954115013922
44b6_deabac95,44b6_deabac95:15,union,28,union|44b6_deabac95:15|28,0,c:28:97:99,c:29:320:137,c:29:344:84,14.072912811497128,15.670932486613552,0.6908576814326107,0.03244197095154065,0.10746402877697842,0.04440728353771832,0.41322928279450016,0.7835466243306776,0,3,3,0.8996195252345185
44b6_deabac95,44b6_deabac95:15,union,29,union|44b6_deabac95:15|29,1,c:28:97:99,c:29:322:102,c:29:335:136,9.475296829123613,11.490485194281398,0.6869676320272572,0.023328921244209135,0.06339928057553956,0.03559707144660439,0.5614743751577884,0.5745242597140698,0,3,3,0.8967309766481826
44b6_deabac95,44b6_deabac95:15,union,30,union|44b6_deabac95:15|30,0,c:28:97:99,c:29:322:102,c:29:338:86,14.351611407782752,11.941262496067994,0.934341424592121,0.21090411895402494,0.5548561151079137,0.25385723102242336,0.4575190290063773,0.5970631248033997,0,3,3,0.8977318529641711
44b6_deabac95,44b6_deabac95:15,union,31,union|44b6_deabac95:15|31,0,c:28:97:99,c:29:322:102,c:29:344:84,14.072912811497128,14.804454566109486,0.936541737649063,0.027777777777777776,0.0822841726618705,0.04024631625247416,0.48911370134154386,0.7402227283054743,0,3,3,0.9003963868687791
44b6_deabac95,44b6_deabac95:15,union,32,union|44b6_deabac95:15|32,0,c:28:97:99,c:29:335:136,c:29:338:86,14.351611407782752,16.411695524838375,0.6418623159570235,0.022215067611075338,0.06205035971223022,0.033446437227338824,0.5390208434318953,0.8205847762419187,0,3,3,0.9045513847993277
44b6_deabac95,44b6_deabac95:15,union,33,union|44b6_deabac95:15|33,0,c:28:97:99,c:29:335:136,c:29:344:84,14.072912811497128,6.700046641628698,0.7335152341973624,0.36406779661016947,0.7243705035971223,0.4226128016789087,0.583420776495278,0.33500233208143493,0,3,3,0.9072159187039356
44b6_deabac95,44b6_deabac95:15,union,34,union|44b6_deabac95:15|34,0,c:28:97:99,c:29:338:86,c:29:344:84,14.351611407782752,14.259317129512198,0.875049741345006,0.029080118694362018,0.08812949640287769,0.04159592529711375,0.47198641765704585,0.7129658564756098,0,3,3,0.9082167950199244
44b6_eb2880fc,44b6_eb2880fc:282,pil_only,0,pil_only|44b6_eb2880fc:282|0,0,p:72:89,p:73:428,p:73:429,15.33021933959198,12.375631297028852,,,,,,0.6187815648514425,0,0,0,
44b6_eb2880fc,44b6_eb2880fc:282,pil_only,1,pil_only|44b6_eb2880fc:282|1,0,p:72:89,p:73:428,p:73:431,15.33021933959198,11.604821196382131,,,,,,0.5802410598191066,0,0,0,
44b6_eb2880fc,44b6_eb2880fc:282,pil_only,2,pil_only|44b6_eb2880fc:282|2,0,p:72:89,p:73:428,p:73:432,15.33021933959198,16.809130703281475,,,,,,0.8404565351640738,0,0,0,
44b6_eb2880fc,44b6_eb2880fc:282,pil_only,3,pil_only|44b6_eb2880fc:282|3,0,p:72:89,p:73:428,p:73:433,15.33021933959198,10.017172754824587,,,,,,0.5008586377412294,0,0,0,
44b6_eb2880fc,44b6_eb2880fc:282,pil_only,4,pil_only|44b6_eb2880fc:282|4,0,p:72:89,p:73:428,p:73:444,15.33021933959198,8.285906709588275,,,,,,0.4142953354794138,0,0,0,
44b6_eb2880fc,44b6_eb2880fc:282,pil_only,5,pil_only|44b6_eb2880fc:282|5,0,p:72:89,p:73:428,p:73:450,15.501512023025366,15.069630055180518,,,,,,0.7534815027590259,0,0,0,
44b6_eb2880fc,44b6_eb2880fc:282,pil_only,6,pil_only|44b6_eb2880fc:282|6,0,p:72:89,p:73:428,p:73:458,15.33021933959198,13.301198254292732,,,,,,0.6650599127146366,0,0,0,
44b6_eb2880fc,44b6_eb2880fc:282,pil_only,7,pil_only|44b6_eb2880fc:282|7,0,p:72:89,p:73:428,p:73:466,15.33021933959198,13.884006086140989,,,,,,0.6942003043070495,0,0,0,
44b6_eb2880fc,44b6_eb2880fc:282,pil_only,8,pil_only|44b6_eb2880fc:282|8,0,p:72:89,p:73:428,p:73:473,15.33021933959198,17.948711652929298,,,,,,0.8974355826464648,0,0,0,
44b6_eb2880fc,44b6_eb2880fc:282,pil_only,9,pil_only|44b6_eb2880fc:282|9,0,p:72:89,p:73:429,p:73:431,14.625,11.830178570080843,,,,,,0.5915089285040421,0,0,0,
44b6_eb2880fc,44b6_eb2880fc:282,pil_only,10,pil_only|44b6_eb2880fc:282|10,0,p:72:89,p:73:429,p:73:432,14.625,10.405076885828379,,,,,,0.520253844291419,0,0,0,
44b6_eb2880fc,44b6_eb2880fc:282,pil_only,11,pil_only|44b6_eb2880fc:282|11,0,p:72:89,p:73:429,p:73:433,14.804454566109486,6.894291116568838,,,,,,0.3447145558284419,0,0,0,
44b6_eb2880fc,44b6_eb2880fc:282,pil_only,12,pil_only|44b6_eb2880fc:282|12,0,p:72:89,p:73:429,p:73:444,14.625,17.800983118917898,,,,,,0.890049155945895,0,0,0,
44b6_eb2880fc,44b6_eb2880fc:282,pil_only,13,pil_only|44b6_eb2880fc:282|13,0,p:72:89,p:73:429,p:73:453,15.670932486613552,15.243851219426146,,,,,,0.7621925609713073,0,0,0,
44b6_eb2880fc,44b6_eb2880fc:282,pil_only,14,pil_only|44b6_eb2880fc:282|14,0,p:72:89,p:73:429,p:73:458,14.625,13.101168840985142,,,,,,0.6550584420492571,0,0,0,
44b6_eb2880fc,44b6_eb2880fc:282,pil_only,15,pil_only|44b6_eb2880fc:282|15,0,p:72:89,p:73:429,p:73:459,14.625,17.35025215955088,,,,,,0.867512607977544,0,0,0,
44b6_eb2880fc,44b6_eb2880fc:282,pil_only,16,pil_only|44b6_eb2880fc:282|16,0,p:72:89,p:73:429,p:73:460,15.069630055180518,14.804454566109486,,,,,,0.7402227283054743,0,0,0,
44b6_eb2880fc,44b6_eb2880fc:282,pil_only,17,pil_only|44b6_eb2880fc:282|17,0,p:72:89,p:73:431,p:73:432,14.351611407782752,7.267220926874317,,,,,,0.36336104634371585,0,0,0,
44b6_eb2880fc,44b6_eb2880fc:282,pil_only,18,pil_only|44b6_eb2880fc:282|18,0,p:72:89,p:73:431,p:73:433,14.804454566109486,15.33021933959198,,,,,,0.7665109669795991,0,0,0,
44b6_eb2880fc,44b6_eb2880fc:282,pil_only,19,pil_only|44b6_eb2880fc:282|19,0,p:72:89,p:73:431,p:73:444,12.795262795269194,12.691655723348314,,,,,,0.6345827861674157,0,0,0,
44b6_eb2880fc,44b6_eb2880fc:282,pil_only,20,pil_only|44b6_eb2880fc:282|20,0,p:72:89,p:73:431,p:73:450,15.501512023025366,13.498263777241872,,,,,,0.6749131888620936,0,0,0,
44b6_eb2880fc,44b6_eb2880fc:282,pil_only,21,pil_only|44b6_eb2880fc:282|21,0,p:72:89,p:73:431,p:73:453,15.670932486613552,18.45645212385089,,,,,,0.9228226061925445,0,0,0,
44b6_eb2880fc,44b6_eb2880fc:282,pil_only,22,pil_only|44b6_eb2880fc:282|22,0,p:72:89,p:73:431,p:73:458,12.795262795269194,12.160386507015309,,,,,,0.6080193253507654,0,0,0,
44b6_eb2880fc,44b6_eb2880fc:282,pil_only,23,pil_only|44b6_eb2880fc:282|23,0,p:72:89,p:73:431,p:73:459,12.795262795269194,14.259317129512198,,,,,,0.7129658564756098,0,0,0,
44b6_eb2880fc,44b6_eb2880fc:282,pil_only,24,pil_only|44b6_eb2880fc:282|24,0,p:72:89,p:73:431,p:73:466,12.795262795269194,17.35025215955088,,,,,,0.867512607977544,0,0,0,
44b6_eb2880fc,44b6_eb2880fc:282,pil_only,25,pil_only|44b6_eb2880fc:282|25,0,p:72:89,p:73:431,p:73:467,13.788582233137676,13.978778558944269,,,,,,0.6989389279472135,0,0,0,
44b6_eb2880fc,44b6_eb2880fc:282,pil_only,26,pil_only|44b6_eb2880fc:282|26,0,p:72:89,p:73:431,p:73:484,12.795262795269194,16.331047884321446,,,,,,0.8165523942160723,0,0,0,
44b6_eb2880fc,44b6_eb2880fc:282,pil_only,27,pil_only|44b6_eb2880fc:282|27,0,p:72:89,p:73:432,p:73:433,14.804454566109486,16.331047884321446,,,,,,0.8165523942160723,0,0,0,
44b6_eb2880fc,44b6_eb2880fc:282,pil_only,28,pil_only|44b6_eb2880fc:282|28,0,p:72:89,p:73:432,p:73:444,14.351611407782752,19.02013735491939,,,,,,0.9510068677459695,0,0,0,
44b6_eb2880fc,44b6_eb2880fc:282,pil_only,29,pil_only|44b6_eb2880fc:282|29,0,p:72:89,p:73:432,p:73:453,15.670932486613552,12.691655723348314,,,,,,0.6345827861674157,0,0,0,
44b6_eb2880fc,44b6_eb2880fc:282,pil_only,30,pil_only|44b6_eb2880fc:282|30,0,p:72:89,p:73:432,p:73:458,14.351611407782752,14.16642156650719,,,,,,0.7083210783253595,0,0,0,
44b6_eb2880fc,44b6_eb2880fc:282,pil_only,31,pil_only|44b6_eb2880fc:282|31,0,p:72:89,p:73:432,p:73:459,14.351611407782752,10.405076885828379,,,,,,0.520253844291419,0,0,0,
44b6_eb2880fc,44b6_eb2880fc:282,pil_only,32,pil_only|44b6_eb2880fc:282|32,0,p:72:89,p:73:432,p:73:460,15.069630055180518,15.754959536603069,,,,,,0.7877479768301534,0,0,0,
44b6_eb2880fc,44b6_eb2880fc:282,pil_only,33,pil_only|44b6_eb2880fc:282|33,0,p:72:89,p:73:432,p:73:467,14.351611407782752,17.35025215955088,,,,,,0.867512607977544,0,0,0,
44b6_eb2880fc,44b6_eb2880fc:282,pil_only,34,pil_only|44b6_eb2880fc:282|34,0,p:72:89,p:73:432,p:73:484,14.351611407782752,17.273986945693807,,,,,,0.8636993472846903,0,0,0,
44b6_eb2880fc,44b6_eb2880fc:282,pil_only,35,pil_only|44b6_eb2880fc:282|35,0,p:72:89,p:73:433,p:73:444,14.804454566109486,15.754959536603069,,,,,,0.7877479768301534,0,0,0,
44b6_eb2880fc,44b6_eb2880fc:282,pil_only,36,pil_only|44b6_eb2880fc:282|36,0,p:72:89,p:73:433,p:73:453,15.670932486613552,19.90210416011332,,,,,,0.995105208005666,0,0,0,
44b6_eb2880fc,44b6_eb2880fc:282,pil_only,37,pil_only|44b6_eb2880fc:282|37,1,p:72:89,p:73:433,p:73:458,14.804454566109486,12.691655723348314,,,,,,0.6345827861674157,0,0,0,
44b6_eb2880fc,44b6_eb2880fc:282,pil_only,38,pil_only|44b6_eb2880fc:282|38,0,p:72:89,p:73:433,p:73:460,15.069630055180518,17.875,,,,,,0.89375,0,0,0,
44b6_eb2880fc,44b6_eb2880fc:282,pil_only,39,pil_only|44b6_eb2880fc:282|39,0,p:72:89,p:73:433,p:73:466,14.804454566109486,18.598975106171846,,,,,,0.9299487553085923,0,0,0,
44b6_eb2880fc,44b6_eb2880fc:282,pil_only,40,pil_only|44b6_eb2880fc:282|40,0,p:72:89,p:73:433,p:73:473,14.804454566109486,14.89337100860648,,,,,,0.744668550430324,0,0,0,
44b6_eb2880fc,44b6_eb2880fc:282,pil_only,41,pil_only|44b6_eb2880fc:282|41,0,p:72:89,p:73:444,p:73:450,15.501512023025366,8.285906709588275,,,,,,0.4142953354794138,0,0,0,
44b6_eb2880fc,44b6_eb2880fc:282,pil_only,42,pil_only|44b6_eb2880fc:282|42,0,p:72:89,p:73:444,p:73:458,12.691655723348314,11.375,,,,,,0.56875,0,0,0,
44b6_eb2880fc,44b6_eb2880fc:282,pil_only,43,pil_only|44b6_eb2880fc:282|43,0,p:72:89,p:73:444,p:73:466,12.691655723348314,6.700046641628698,,,,,,0.33500233208143493,0,0,0,
44b6_eb2880fc,44b6_eb2880fc:282,pil_only,44,pil_only|44b6_eb2880fc:282|44,0,p:72:89,p:73:444,p:73:467,13.788582233137676,16.00439392791867,,,,,,0.8002196963959335,0,0,0,
44b6_eb2880fc,44b6_eb2880fc:282,pil_only,45,pil_only|44b6_eb2880fc:282|45,0,p:72:89,p:73:444,p:73:473,14.804454566109486,17.04314378276496,,,,,,0.852157189138248,0,0,0,
44b6_eb2880fc,44b6_eb2880fc:282,pil_only,46,pil_only|44b6_eb2880fc:282|46,0,p:72:89,p:73:444,p:73:484,12.691655723348314,17.04314378276496,,,,,,0.852157189138248,0,0,0,
44b6_eb2880fc,44b6_eb2880fc:282,pil_only,47,pil_only|44b6_eb2880fc:282|47,0,p:72:89,p:73:444,p:73:495,12.691655723348314,16.887495373796554,,,,,,0.8443747686898277,0,0,0,
44b6_eb2880fc,44b6_eb2880fc:282,pil_only,48,pil_only|44b6_eb2880fc:282|48,0,p:72:89,p:73:450,p:73:458,15.501512023025366,15.33021933959198,,,,,,0.7665109669795991,0,0,0,
44b6_eb2880fc,44b6_eb2880fc:282,pil_only,49,pil_only|44b6_eb2880fc:282|49,0,p:72:89,p:73:450,p:73:466,15.501512023025366,10.65583760199075,,,,,,0.5327918800995375,0,0,0,
44b6_eb2880fc,44b6_eb2880fc:282,pil_only,50,pil_only|44b6_eb2880fc:282|50,0,p:72:89,p:73:450,p:73:467,15.501512023025366,10.65583760199075,,,,,,0.5327918800995375,0,0,0,
44b6_eb2880fc,44b6_eb2880fc:282,pil_only,51,pil_only|44b6_eb2880fc:282|51,0,p:72:89,p:73:450,p:73:484,15.501512023025366,16.57181341917655,,,,,,0.8285906709588275,0,0,0,
44b6_eb2880fc,44b6_eb2880fc:282,pil_only,52,pil_only|44b6_eb2880fc:282|52,0,p:72:89,p:73:450,p:73:495,15.501512023025366,17.04314378276496,,,,,,0.852157189138248,0,0,0,
44b6_eb2880fc,44b6_eb2880fc:282,pil_only,53,pil_only|44b6_eb2880fc:282|53,0,p:72:89,p:73:453,p:73:458,15.670932486613552,16.331047884321446,,,,,,0.8165523942160723,0,0,0,
44b6_eb2880fc,44b6_eb2880fc:282,pil_only,54,pil_only|44b6_eb2880fc:282|54,0,p:72:89,p:73:453,p:73:459,15.670932486613552,8.900491559458949,,,,,,0.4450245779729475,0,0,0,
44b6_eb2880fc,44b6_eb2880fc:282,pil_only,55,pil_only|44b6_eb2880fc:282|55,0,p:72:89,p:73:453,p:73:460,15.670932486613552,5.3895152843275245,,,,,,0.2694757642163762,0,0,0,
44b6_eb2880fc,44b6_eb2880fc:282,pil_only,56,pil_only|44b6_eb2880fc:282|56,0,p:72:89,p:73:453,p:73:484,15.670932486613552,17.04314378276496,,,,,,0.852157189138248,0,0,0,
44b6_eb2880fc,44b6_eb2880fc:282,pil_only,57,pil_only|44b6_eb2880fc:282|57,0,p:72:89,p:73:453,p:73:489,15.670932486613552,16.168545852982575,,,,,,0.8084272926491287,0,0,0,
44b6_eb2880fc,44b6_eb2880fc:282,pil_only,58,pil_only|44b6_eb2880fc:282|58,0,p:72:89,p:73:458,p:73:459,12.481861840286488,13.884006086140989,,,,,,0.6942003043070495,0,0,0,
44b6_eb2880fc,44b6_eb2880fc:282,pil_only,59,pil_only|44b6_eb2880fc:282|59,0,p:72:89,p:73:458,p:73:460,15.069630055180518,15.41610359332085,,,,,,0.7708051796660425,0,0,0,
44b6_eb2880fc,44b6_eb2880fc:282,pil_only,60,pil_only|44b6_eb2880fc:282|60,0,p:72:89,p:73:458,p:73:466,11.718041645257966,11.02128622257856,,,,,,0.551064311128928,0,0,0,
44b6_eb2880fc,44b6_eb2880fc:282,pil_only,61,pil_only|44b6_eb2880fc:282|61,0,p:72:89,p:73:458,p:73:467,13.788582233137676,15.069630055180518,,,,,,0.7534815027590259,0,0,0,
44b6_eb2880fc,44b6_eb2880fc:282,pil_only,62,pil_only|44b6_eb2880fc:282|62,0,p:72:89,p:73:458,p:73:473,14.804454566109486,13.498263777241872,,,,,,0.6749131888620936,0,0,0,
44b6_eb2880fc,44b6_eb2880fc:282,pil_only,63,pil_only|44b6_eb2880fc:282|63,0,p:72:89,p:73:458,p:73:484,7.083210783253595,9.334914300624297,,,,,,0.4667457150312148,0,0,0,
44b6_eb2880fc,44b6_eb2880fc:282,pil_only,64,pil_only|44b6_eb2880fc:282|64,0,p:72:89,p:73:458,p:73:489,14.351611407782752,15.069630055180518,,,,,,0.7534815027590259,0,0,0,
44b6_eb2880fc,44b6_eb2880fc:282,pil_only,65,pil_only|44b6_eb2880fc:282|65,0,p:72:89,p:73:458,p:73:495,11.830178570080843,13.101168840985142,,,,,,0.6550584420492571,0,0,0,
44b6_eb2880fc,44b6_eb2880fc:282,pil_only,66,pil_only|44b6_eb2880fc:282|66,0,p:72:89,p:73:458,p:73:513,15.069630055180518,16.411695524838375,,,,,,0.8205847762419187,0,0,0,
44b6_eb2880fc,44b6_eb2880fc:282,pil_only,67,pil_only|44b6_eb2880fc:282|67,0,p:72:89,p:73:459,p:73:460,15.069630055180518,12.691655723348314,,,,,,0.6345827861674157,0,0,0,
44b6_eb2880fc,44b6_eb2880fc:282,pil_only,68,pil_only|44b6_eb2880fc:282|68,0,p:72:89,p:73:459,p:73:467,13.788582233137676,14.804454566109486,,,,,,0.7402227283054743,0,0,0,
44b6_eb2880fc,44b6_eb2880fc:282,pil_only,69,pil_only|44b6_eb2880fc:282|69,0,p:72:89,p:73:459,p:73:484,12.481861840286488,11.258330249197702,,,,,,0.562916512459885,0,0,0,
44b6_eb2880fc,44b6_eb2880fc:282,pil_only,70,pil_only|44b6_eb2880fc:282|70,0,p:72:89,p:73:459,p:73:489,14.351611407782752,18.740414216340042,,,,,,0.9370207108170021,0,0,0,
44b6_eb2880fc,44b6_eb2880fc:282,pil_only,71,pil_only|44b6_eb2880fc:282|71,0,p:72:89,p:73:460,p:73:484,15.069630055180518,17.577062467886947,,,,,,0.8788531233943473,0,0,0,
44b6_eb2880fc,44b6_eb2880fc:282,pil_only,72,pil_only|44b6_eb2880fc:282|72,0,p:72:89,p:73:460,p:73:489,15.069630055180518,12.160386507015309,,,,,,0.6080193253507654,0,0,0,
44b6_eb2880fc,44b6_eb2880fc:282,pil_only,73,pil_only|44b6_eb2880fc:282|73,0,p:72:89,p:73:466,p:73:467,13.788582233137676,16.25,,,,,,0.8125,0,0,0,
44b6_eb2880fc,44b6_eb2880fc:282,pil_only,74,pil_only|44b6_eb2880fc:282|74,0,p:72:89,p:73:466,p:73:473,14.804454566109486,14.072912811497128,,,,,,0.7036456405748563,0,0,0,
44b6_eb2880fc,44b6_eb2880fc:282,pil_only,75,pil_only|44b6_eb2880fc:282|75,0,p:72:89,p:73:466,p:73:484,11.718041645257966,14.804454566109486,,,,,,0.7402227283054743,0,0,0,
44b6_eb2880fc,44b6_eb2880fc:282,pil_only,76,pil_only|44b6_eb2880fc:282|76,0,p:72:89,p:73:466,p:73:495,11.830178570080843,11.375,,,,,,0.56875,0,0,0,
44b6_eb2880fc,44b6_eb2880fc:282,pil_only,77,pil_only|44b6_eb2880fc:282|77,0,p:72:89,p:73:466,p:73:513,15.069630055180518,18.810734967034115,,,,,,0.9405367483517058,0,0,0,
44b6_eb2880fc,44b6_eb2880fc:282,pil_only,78,pil_only|44b6_eb2880fc:282|78,0,p:72:89,p:73:467,p:73:484,13.788582233137676,10.65583760199075,,,,,,0.5327918800995375,0,0,0,
44b6_eb2880fc,44b6_eb2880fc:282,pil_only,79,pil_only|44b6_eb2880fc:282|79,0,p:72:89,p:73:467,p:73:495,13.788582233137676,15.33021933959198,,,,,,0.7665109669795991,0,0,0,
44b6_eb2880fc,44b6_eb2880fc:282,pil_only,80,pil_only|44b6_eb2880fc:282|80,0,p:72:89,p:73:473,p:73:489,14.804454566109486,16.331047884321446,,,,,,0.8165523942160723,0,0,0,
44b6_eb2880fc,44b6_eb2880fc:282,pil_only,81,pil_only|44b6_eb2880fc:282|81,0,p:72:89,p:73:473,p:73:495,14.804454566109486,17.35025215955088,,,,,,0.867512607977544,0,0,0,
44b6_eb2880fc,44b6_eb2880fc:282,pil_only,82,pil_only|44b6_eb2880fc:282|82,0,p:72:89,p:73:473,p:73:513,15.069630055180518,17.273986945693807,,,,,,0.8636993472846903,0,0,0,
44b6_eb2880fc,44b6_eb2880fc:282,pil_only,83,pil_only|44b6_eb2880fc:282|83,0,p:72:89,p:73:484,p:73:489,14.351611407782752,15.670932486613552,,,,,,0.7835466243306776,0,0,0,
44b6_eb2880fc,44b6_eb2880fc:282,pil_only,84,pil_only|44b6_eb2880fc:282|84,0,p:72:89,p:73:484,p:73:495,11.830178570080843,9.475296829123613,,,,,,0.47376484145618064,0,0,0,
44b6_eb2880fc,44b6_eb2880fc:282,pil_only,85,pil_only|44b6_eb2880fc:282|85,0,p:72:89,p:73:484,p:73:513,15.069630055180518,13.101168840985142,,,,,,0.6550584420492571,0,0,0,
44b6_eb2880fc,44b6_eb2880fc:282,pil_only,86,pil_only|44b6_eb2880fc:282|86,0,p:72:89,p:73:489,p:73:495,14.351611407782752,18.022121822915302,,,,,,0.9011060911457651,0,0,0,
44b6_eb2880fc,44b6_eb2880fc:282,pil_only,87,pil_only|44b6_eb2880fc:282|87,0,p:72:89,p:73:489,p:73:513,15.069630055180518,11.718041645257966,,,,,,0.5859020822628983,0,0,0,
44b6_eb2880fc,44b6_eb2880fc:282,pil_only,88,pil_only|44b6_eb2880fc:282|88,0,p:72:89,p:73:495,p:73:513,15.069630055180518,9.613629647536875,,,,,,0.48068148237684377,0,0,0,
44b6_eb2880fc,44b6_eb2880fc:282,union,0,union|44b6_eb2880fc:282|0,0,c:72:89:233,c:73:428:235,c:73:429:231,15.33021933959198,12.375631297028852,0.6382113821138211,0.10237203495630462,0.22474549725920126,0.15825751309622277,0.7041632202922525,0.6187815648514425,0,3,3,0.9018256542756236
44b6_eb2880fc,44b6_eb2880fc:282,union,1,union|44b6_eb2880fc:282|1,0,c:72:89:233,c:73:428:235,c:73:431:234,15.33021933959198,11.604821196382131,0.5930442637759711,0.1609392898052692,0.3300704776820673,0.23901332577261128,0.7241281542387298,0.5802410598191066,0,3,3,0.9001157184172769
44b6_eb2880fc,44b6_eb2880fc:282,union,2,union|44b6_eb2880fc:282|2,0,c:72:89:233,c:73:428:235,c:73:432:220,15.33021933959198,16.809130703281475,0.9087624209575429,0.0025136773621174035,0.006656225528582615,0.0040227165168007575,0.6043539990534784,0.8404565351640738,0,3,3,0.9080005181307916
44b6_eb2880fc,44b6_eb2880fc:282,union,3,union|44b6_eb2880fc:282|3,0,c:72:89:233,c:73:428:235,c:73:433:223,15.33021933959198,10.017172754824587,0.6716350496838301,0.22335223938979074,0.447141738449491,0.30856525263442314,0.6900837611456363,0.5008586377412294,0,3,3,0.9064947117868928
44b6_eb2880fc,44b6_eb2880fc:282,union,4,union|44b6_eb2880fc:282|4,0,c:72:89:233,c:73:428:235,c:73:444:248,15.33021933959198,8.285906709588275,0.994579945799458,0.3739404691504041,0.7427564604541895,0.42957427536231885,0.5783514492753623,0.4142953354794138,0,3,3,0.8889019509453289
44b6_eb2880fc,44b6_eb2880fc:282,union,5,union|44b6_eb2880fc:282|5,0,c:72:89:233,c:73:428:235,c:73:450:86,15.501512023025366,15.069630055180518,0.8604741546832492,0.09895209580838324,0.25880971025841815,0.13808230624608314,0.5335283058282849,0.7534815027590259,0,3,3,0.9083935420197083
44b6_eb2880fc,44b6_eb2880fc:282,union,6,union|44b6_eb2880fc:282|6,0,c:72:89:233,c:73:428:235,c:73:458:247,15.33021933959198,13.301198254292732,0.8645060523233112,0.18228746572027746,0.442443226311668,0.23664921465968586,0.534869109947644,0.6650599127146366,0,3,3,0.8919549646903655
44b6_eb2880fc,44b6_eb2880fc:282,union,7,union|44b6_eb2880fc:282|7,0,c:72:89:233,c:73:428:235,c:73:466:251,15.33021933959198,13.884006086140989,0.8518518518518519,0.09171452009844135,0.2188723570869225,0.13634146341463416,0.6229268292682927,0.6942003043070495,0,3,3,0.892209545799767
44b6_eb2880fc,44b6_eb2880fc:282,union,8,union|44b6_eb2880fc:282|8,0,c:72:89:233,c:73:428:235,c:73:473:230,15.33021933959198,17.948711652929298,0.9959349593495935,0.055875227135069656,0.14447924823805794,0.0835030549898167,0.5779588142113601,0.8974355826464648,0,3,3,0.9020117065192007
44b6_eb2880fc,44b6_eb2880fc:282,union,9,union|44b6_eb2880fc:282|9,0,c:72:89:233,c:73:428:235,f:73:271,15.33021933959198,19.50457130987631,0.45663956639566394,0.015820003515556336,0.03523884103367267,0.027906976744186046,0.7919379844961241,0.9752285654938155,1,3,2,0.8582113536541504
44b6_eb2880fc,44b6_eb2880fc:282,union,10,union|44b6_eb2880fc:282|10,0,c:72:89:233,c:73:428:235,f:73:277,15.33021933959198,19.218071719233418,0.4643179765130985,0.04583182966438109,0.09945184025058731,0.0783466995681678,0.7877853177051203,0.9609035859616709,1,3,2,0.8370474709957136
44b6_eb2880fc,44b6_eb2880fc:282,union,11,union|44b6_eb2880fc:282|11,0,c:72:89:233,c:73:428:235,f:73:280,15.33021933959198,16.900391336697975,0.1011743450767841,0.058524173027989825,0.10806577916992952,0.11320754716981132,0.9545810493343775,0.8450195668348988,1,3,2,0.7995488961948013
44b6_eb2880fc,44b6_eb2880fc:282,union,12,union|44b6_eb2880fc:282|12,0,c:72:89:233,c:73:429:231,c:73:431:234,14.625,11.830178570080843,0.9292285916489739,0.16094986807387862,0.28660924040720437,0.26852531181217903,0.9369038884812912,0.5915089285040421,0,3,3,0.9019106598285805
44b6_eb2880fc,44b6_eb2880fc:282,union,13,union|44b6_eb2880fc:282|13,0,c:72:89:233,c:73:429:231,c:73:432:220,14.625,10.405076885828379,0.702286282306163,0.29415584415584417,0.5321064996084574,0.3967883211678832,0.7456934306569343,0.520253844291419,0,3,3,0.9097954595420953
44b6_eb2880fc,44b6_eb2880fc:282,union,14,union|44b6_eb2880fc:282|14,0,c:72:89:233,c:73:429:231,c:73:433:223,14.804454566109486,6.894291116568838,0.9502353732347008,0.22561797752808987,0.39310884886452624,0.34620689655172415,0.8806896551724138,0.3447145558284419,0,3,3,0.9082896531981963
44b6_eb2880fc,44b6_eb2880fc:282,union,15,union|44b6_eb2880fc:282|15,0,c:72:89:233,c:73:429:231,c:73:444:248,14.625,17.800983118917898,0.6416893732970027,0.008006535947712418,0.01918559122944401,0.01355463347164592,0.7065006915629323,0.890049155945895,0,3,3,0.8906968923566324
44b6_eb2880fc,44b6_eb2880fc:282,union,16,union|44b6_eb2880fc:282|16,0,c:72:89:233,c:73:429:231,c:73:453:264,15.670932486613552,15.243851219426146,0.8019296254256527,0.1464878927356414,0.28660924040720437,0.2305511811023622,0.8044094488188976,0.7621925609713073,0,3,3,0.8726033134964698
44b6_eb2880fc,44b6_eb2880fc:282,union,17,union|44b6_eb2880fc:282|17,0,c:72:89:233,c:73:429:231,c:73:458:247,14.625,13.101168840985142,0.5517376024990238,0.1222279525528623,0.2783868441660141,0.17891293407146452,0.6426774031202819,0.6550584420492571,0,3,3,0.893749906101669
44b6_eb2880fc,44b6_eb2880fc:282,union,18,union|44b6_eb2880fc:282|18,0,c:72:89:233,c:73:429:231,c:73:459:246,14.625,17.35025215955088,0.89171974522293,0.05574631387598465,0.10806577916992952,0.10325476992143659,0.955480733258511,0.867512607977544,0,3,3,0.9073755689349777
44b6_eb2880fc,44b6_eb2880fc:282,union,19,union|44b6_eb2880fc:282|19,0,c:72:89:233,c:73:429:231,c:73:460:253,15.069630055180518,14.804454566109486,0.5324039186134137,0.09113381674357283,0.21652310101801095,0.1359724612736661,0.6279813130071306,0.7402227283054743,0,3,3,0.888886317792228
44b6_eb2880fc,44b6_eb2880fc:282,union,20,union|44b6_eb2880fc:282|20,0,c:72:89:233,c:73:429:231,f:73:261,14.625,19.765889019838113,0.2002830856334041,0.0,0.0,0.0,0.6640563821456539,0.9882944509919056,1,3,2,0.8736749652438757
44b6_eb2880fc,44b6_eb2880fc:282,union,21,union|44b6_eb2880fc:282|21,0,c:72:89:233,c:73:429:231,f:73:265,14.625,18.01615681721987,0.8679361179361179,0.028303620657967286,0.060297572435395456,0.0506412364353831,0.8398553107530418,0.9008078408609934,1,3,2,0.8733880035353071
44b6_eb2880fc,44b6_eb2880fc:282,union,22,union|44b6_eb2880fc:282|22,0,c:72:89:233,c:73:429:231,f:73:271,14.625,11.992310190311363,0.7154989384288747,0.1969223371002645,0.3206734534064213,0.3378712871287129,0.9490994518402506,0.5996155095155682,1,3,2,0.860006295065454
44b6_eb2880fc,44b6_eb2880fc:282,union,23,union|44b6_eb2880fc:282|23,0,c:72:89:233,c:73:429:231,f:73:277,14.625,15.873046929402427,0.7275300778485492,0.01174802511646749,0.022709475332811275,0.02376075378943056,0.9557556773688332,0.7936523464701214,1,3,2,0.8388424124070172
44b6_eb2880fc,44b6_eb2880fc:282,union,24,union|44b6_eb2880fc:282|24,0,c:72:89:233,c:73:429:231,f:73:280,14.625,19.068098905248043,0.15852795470629866,0.006967803940413263,0.011354737666405637,0.0177153329260843,0.6409553641346907,0.9534049452624022,1,3,2,0.801343837606105
44b6_eb2880fc,44b6_eb2880fc:282,union,25,union|44b6_eb2880fc:282|25,0,c:72:89:233,c:73:431:234,c:73:432:220,14.351611407782752,7.267220926874317,0.6525844930417495,0.2727863173847153,0.49334377447141736,0.37894736842105264,0.7681203007518796,0.36336104634371585,0,3,3,0.9080855236837486
44b6_eb2880fc,44b6_eb2880fc:282,union,26,union|44b6_eb2880fc:282|26,0,c:72:89:233,c:73:431:234,c:73:433:223,14.804454566109486,15.33021933959198,0.882985877605918,0.038804811796662786,0.07830853563038372,0.07142857142857142,0.9121428571428571,0.7665109669795991,0,3,3,0.9065797173398495
44b6_eb2880fc,44b6_eb2880fc:282,union,27,union|44b6_eb2880fc:282|27,0,c:72:89:233,c:73:431:234,c:73:444:248,12.795262795269194,12.691655723348314,0.5962761126248864,0.09707158351409978,0.21025841816758026,0.15277382645803697,0.7266002844950213,0.6345827861674157,0,3,3,0.8889869564982856
44b6_eb2880fc,44b6_eb2880fc:282,union,28,union|44b6_eb2880fc:282|28,0,c:72:89:233,c:73:431:234,c:73:450:86,15.501512023025366,13.498263777241872,0.5102992615623786,0.14448196196907767,0.3183241973375098,0.2092125579001544,0.6572310859495625,0.6749131888620936,0,3,3,0.9084785475726651
44b6_eb2880fc,44b6_eb2880fc:282,union,29,union|44b6_eb2880fc:282|29,0,c:72:89:233,c:73:431:234,c:73:453:264,15.670932486613552,18.45645212385089,0.7451759364358683,0.024945375091041513,0.05364134690681284,0.04455284552845529,0.8305691056910569,0.9228226061925445,0,3,3,0.870893377638123
44b6_eb2880fc,44b6_eb2880fc:282,union,30,union|44b6_eb2880fc:282|30,0,c:72:89:233,c:73:431:234,c:73:458:247,12.795262795269194,12.160386507015309,0.5126903553299492,0.22112462006079028,0.4557556773688332,0.3004646360351058,0.6592669075890553,0.6080193253507654,0,3,3,0.8920399702433223
44b6_eb2880fc,44b6_eb2880fc:282,union,31,union|44b6_eb2880fc:282|31,0,c:72:89:233,c:73:431:234,c:73:459:246,12.795262795269194,14.259317129512198,0.9596344249809596,0.07394218684541265,0.13821456538762725,0.1371939370384765,0.9926156237854644,0.7129658564756098,0,3,3,0.905665633076631
44b6_eb2880fc,44b6_eb2880fc:282,union,32,union|44b6_eb2880fc:282|32,0,c:72:89:233,c:73:431:234,c:73:466:251,12.795262795269194,17.35025215955088,0.6961823966065748,0.015713276836158193,0.03484729835552075,0.02782119412316349,0.798374492028759,0.867512607977544,0,3,3,0.8922945513527237
44b6_eb2880fc,44b6_eb2880fc:282,union,33,union|44b6_eb2880fc:282|33,0,c:72:89:233,c:73:431:234,c:73:467:233,13.788582233137676,13.978778558944269,0.3256448412698413,0.10599271912629515,0.29639780736100235,0.14162768942937323,0.47782974742750234,0.6989389279472135,0,3,3,0.8893014268039559
44b6_eb2880fc,44b6_eb2880fc:282,union,34,union|44b6_eb2880fc:282|34,0,c:72:89:233,c:73:431:234,c:73:484:228,12.795262795269194,16.331047884321446,0.9741051028179741,0.09117896522476675,0.16836335160532498,0.16589506172839505,0.9853395061728395,0.8165523942160723,0,3,3,0.9012408206763184
44b6_eb2880fc,44b6_eb2880fc:282,union,35,union|44b6_eb2880fc:282|35,0,c:72:89:233,c:73:431:234,f:73:271,12.795262795269194,15.445366703727498,0.76999238385377,0.05310880829015544,0.09631949882537197,0.10585197934595525,0.9099451840250588,0.7722683351863748,1,3,2,0.8582963592071072
44b6_eb2880fc,44b6_eb2880fc:282,union,36,union|44b6_eb2880fc:282|36,0,c:72:89:233,c:73:431:234,f:73:277,12.795262795269194,18.284814469922054,0.7829398324447829,0.03927813163481953,0.07243539545810493,0.07902605724049551,0.9166014095536413,0.9142407234961027,1,3,2,0.8371324765486703
44b6_eb2880fc,44b6_eb2880fc:282,union,37,union|44b6_eb2880fc:282|37,0,c:72:89:233,c:73:431:234,f:73:280,12.866907529192318,8.21371802032822,0.1706016755521706,0.3718980549966465,0.4342208300704777,0.7215354586857514,0.6018010963194989,0.41068590101641095,1,3,2,0.7996339017477582
44b6_eb2880fc,44b6_eb2880fc:282,union,38,union|44b6_eb2880fc:282|38,0,c:72:89:233,c:73:432:220,c:73:433:223,14.804454566109486,16.331047884321446,0.739065606361829,0.02160337552742616,0.050117462803445575,0.03658188053729637,0.7299228350957416,0.8165523942160723,0,3,3,0.9144645170533644
44b6_eb2880fc,44b6_eb2880fc:282,union,39,union|44b6_eb2880fc:282|39,0,c:72:89:233,c:73:432:220,c:73:444:248,14.351611407782752,19.02013735491939,0.9137148047229791,0.0,0.0,0.0,0.6060749881347888,0.9510068677459695,0,3,3,0.8968717562118006
44b6_eb2880fc,44b6_eb2880fc:282,union,40,union|44b6_eb2880fc:282|40,0,c:72:89:233,c:73:432:220,c:73:453:264,15.670932486613552,12.691655723348314,0.8757455268389662,0.2745216515609265,0.533672670321065,0.3611552729199788,0.6767355590885002,0.6345827861674157,0,3,3,0.8787781773516379
44b6_eb2880fc,44b6_eb2880fc:282,union,41,union|44b6_eb2880fc:282|41,0,c:72:89:233,c:73:432:220,c:73:458:247,14.351611407782752,14.16642156650719,0.7856306130417805,0.06579931209810079,0.17227877838684416,0.09621692543188279,0.5584955171659742,0.7083210783253595,0,3,3,0.8999247699568372
44b6_eb2880fc,44b6_eb2880fc:282,union,42,union|44b6_eb2880fc:282|42,0,c:72:89:233,c:73:432:220,c:73:459:246,14.351611407782752,10.405076885828379,0.6262425447316103,0.3464293968107234,0.5869224745497259,0.45812958435207823,0.780562347188264,0.520253844291419,0,3,3,0.9135504327901458
44b6_eb2880fc,44b6_eb2880fc:282,union,43,union|44b6_eb2880fc:282|43,0,c:72:89:233,c:73:432:220,c:73:460:253,15.069630055180518,15.754959536603069,0.7581009796533534,0.06521097668928888,0.173061863743148,0.09472781825975139,0.5473639091298756,0.7877479768301534,0,3,3,0.8950611816473962
44b6_eb2880fc,44b6_eb2880fc:282,union,44,union|44b6_eb2880fc:282|44,0,c:72:89:233,c:73:432:220,c:73:467:233,14.351611407782752,17.35025215955088,0.4990079365079365,0.03353768481788676,0.10924040720438528,0.04616148246194573,0.42256783587028457,0.867512607977544,0,3,3,0.8971862265174707
44b6_eb2880fc,44b6_eb2880fc:282,union,45,union|44b6_eb2880fc:282|45,0,c:72:89:233,c:73:432:220,c:73:484:228,14.351611407782752,17.273986945693807,0.635685884691849,0.031227946365561046,0.06930305403288958,0.053783044667274384,0.7760559100577332,0.8636993472846903,0,3,3,0.9091256203898332
44b6_eb2880fc,44b6_eb2880fc:282,union,46,union|44b6_eb2880fc:282|46,0,c:72:89:233,c:73:432:220,f:73:265,14.351611407782752,17.89519979374328,0.8091451292246521,0.06280027453671928,0.14330462020360218,0.10054945054945055,0.7016483516483516,0.8947599896871641,1,3,2,0.8795628673904753
44b6_eb2880fc,44b6_eb2880fc:282,union,47,union|44b6_eb2880fc:282|47,0,c:72:89:233,c:73:432:220,f:73:271,14.351611407782752,12.477546817025816,0.5024850894632207,0.15777454847415404,0.2975724353954581,0.2514058881905392,0.8448561032087331,0.6238773408512908,1,3,2,0.8661811589206221
44b6_eb2880fc,44b6_eb2880fc:282,union,48,union|44b6_eb2880fc:282|48,0,c:72:89:233,c:73:432:220,f:73:277,14.351611407782752,18.00422472646427,0.510934393638171,0.030772065597936243,0.0653876272513704,0.05493421052631579,0.8401315789473685,0.9002112363232134,1,3,2,0.8450172762621854
44b6_eb2880fc,44b6_eb2880fc:282,union,49,union|44b6_eb2880fc:282|49,0,c:72:89:233,c:73:432:220,f:73:280,14.351611407782752,12.591391869389813,0.11133200795228629,0.06161347517730496,0.10884886452623337,0.12432915921288014,0.87548942834769,0.6295695934694907,1,3,2,0.807518701461273
44b6_eb2880fc,44b6_eb2880fc:282,union,50,union|44b6_eb2880fc:282|50,0,c:72:89:233,c:73:433:223,c:73:444:248,14.804454566109486,15.754959536603069,0.6752951861943688,0.023778287963266646,0.05677368833202819,0.03930604499864462,0.6923285443209541,0.7877479768301534,0,3,3,0.8953659498679016
44b6_eb2880fc,44b6_eb2880fc:282,union,51,union|44b6_eb2880fc:282|51,0,c:72:89:233,c:73:433:223,c:73:453:264,15.670932486613552,19.90210416011332,0.843927355278093,0.01628721541155867,0.03641346906812842,0.028624192059095107,0.786088027085257,0.995105208005666,0,3,3,0.8772723710077388
44b6_eb2880fc,44b6_eb2880fc:282,union,52,union|44b6_eb2880fc:282|52,1,c:72:89:233,c:73:433:223,c:73:458:247,14.804454566109486,12.691655723348314,0.580632565404139,0.25298918200797116,0.5219263899765074,0.32929841897233203,0.6309288537549407,0.6345827861674157,0,3,3,0.8984189636129383
44b6_eb2880fc,44b6_eb2880fc:282,union,53,union|44b6_eb2880fc:282|53,0,c:72:89:233,c:73:433:223,c:73:460:253,15.069630055180518,17.875,0.5602863602110023,0.06489581676475266,0.15974941268598278,0.09852692586331804,0.6167592368992997,0.89375,0,3,3,0.8935553753034972
44b6_eb2880fc,44b6_eb2880fc:282,union,54,union|44b6_eb2880fc:282|54,0,c:72:89:233,c:73:433:223,c:73:466:251,14.804454566109486,18.598975106171846,0.788441145281018,0.0067946322405299815,0.015661707126076743,0.011858879335902758,0.7571894455973911,0.9299487553085923,0,3,3,0.8986735447223396
44b6_eb2880fc,44b6_eb2880fc:282,union,55,union|44b6_eb2880fc:282|55,0,c:72:89:233,c:73:433:223,c:73:473:230,14.804454566109486,14.89337100860648,0.6743764172335601,0.06532491898345556,0.1499608457321848,0.10373781148429036,0.6917659804983749,0.744668550430324,0,3,3,0.9084757054417735
44b6_eb2880fc,44b6_eb2880fc:282,union,56,union|44b6_eb2880fc:282|56,0,c:72:89:233,c:73:433:223,f:73:261,14.804454566109486,18.85579833023126,0.19031607262945527,0.20546417619180374,0.288566953797964,0.41638418079096046,0.6930305403288959,0.942789916511563,1,3,2,0.8783440227551447
44b6_eb2880fc,44b6_eb2880fc:282,union,57,union|44b6_eb2880fc:282|57,0,c:72:89:233,c:73:433:223,f:73:271,14.804454566109486,14.509825435817483,0.679892400806994,0.19545669663984855,0.32341425215348474,0.33066453162530024,0.9780736100234926,0.7254912717908741,1,3,2,0.8646753525767231
44b6_eb2880fc,44b6_eb2880fc:282,union,58,union|44b6_eb2880fc:282|58,0,c:72:89:233,c:73:433:223,f:73:277,14.804454566109486,15.158049373513714,0.691324815063887,0.27393817542096005,0.4267815191855912,0.43339960238568587,0.9847298355520752,0.7579024686756857,1,3,2,0.8435114699182863
44b6_eb2880fc,44b6_eb2880fc:282,union,59,union|44b6_eb2880fc:282|59,0,c:72:89:233,c:73:444:248,c:73:450:86,15.501512023025366,8.285906709588275,0.8558103381267004,0.33400072806698217,0.7184808144087705,0.3842931937172775,0.534869109947644,0.4142953354794138,0,3,3,0.8972647801007172
44b6_eb2880fc,44b6_eb2880fc:282,union,60,union|44b6_eb2880fc:282|60,0,c:72:89:233,c:73:444:248,c:73:458:247,12.691655723348314,11.375,0.8598203826630223,0.18609174906792025,0.4494909945184025,0.24102456435019945,0.5362166701658618,0.56875,0,3,3,0.8808262027713744
44b6_eb2880fc,44b6_eb2880fc:282,union,61,union|44b6_eb2880fc:282|61,0,c:72:89:233,c:73:444:248,c:73:466:251,12.691655723348314,6.700046641628698,0.8564940962761126,0.475672072872695,0.8382928739232577,0.5237279843444227,0.6247553816046967,0.33500233208143493,0,3,3,0.8810807838807758
44b6_eb2880fc,44b6_eb2880fc:282,union,62,union|44b6_eb2880fc:282|62,0,c:72:89:233,c:73:444:248,c:73:467:233,13.788582233137676,16.00439392791867,0.5461309523809523,0.04507075752170294,0.14839467501957712,0.06079563683028553,0.40968880333654156,0.8002196963959335,0,3,3,0.8780876593320079
44b6_eb2880fc,44b6_eb2880fc:282,union,63,union|44b6_eb2880fc:282|63,0,c:72:89:233,c:73:444:248,c:73:473:230,14.804454566109486,17.04314378276496,0.998639455782313,0.028364603338750186,0.07517619420516837,0.043567052416609936,0.5795325618334468,0.852157189138248,0,3,3,0.8908829446002097
44b6_eb2880fc,44b6_eb2880fc:282,union,64,union|44b6_eb2880fc:282|64,0,c:72:89:233,c:73:444:248,c:73:484:228,12.691655723348314,17.04314378276496,0.5808356039963669,0.049930410577592205,0.11237274862960063,0.0824475725366274,0.7336972134444125,0.852157189138248,0,3,3,0.8900270532043705
44b6_eb2880fc,44b6_eb2880fc:282,union,65,union|44b6_eb2880fc:282|65,0,c:72:89:233,c:73:444:248,c:73:495:219,12.691655723348314,16.887495373796554,0.8564940962761126,0.08529411764705883,0.20438527799530148,0.1276908023483366,0.6247553816046967,0.8443747686898277,0,3,3,0.8975100954466754
44b6_eb2880fc,44b6_eb2880fc:282,union,66,union|44b6_eb2880fc:282|66,0,c:72:89:233,c:73:444:248,f:73:261,12.691655723348314,18.627777377731068,0.12851952770208902,0.05198329853862213,0.09749412685982772,0.10020120724346077,0.9729835552075177,0.9313888688865534,1,3,2,0.860751261913581
44b6_eb2880fc,44b6_eb2880fc:282,union,67,union|44b6_eb2880fc:282|67,0,c:72:89:233,c:73:444:248,f:73:274,12.691655723348314,19.606439284618276,0.20708446866485014,0.050171267378601656,0.09749412685982772,0.09367945823927765,0.9608728367193379,0.9803219642309138,1,3,2,0.8483656351665353
44b6_eb2880fc,44b6_eb2880fc:282,union,68,union|44b6_eb2880fc:282|68,0,c:72:89:233,c:73:444:248,f:73:277,12.691655723348314,17.91325542353292,0.46684831970935514,0.032119914346895075,0.07047768206734534,0.05572755417956656,0.7907120743034056,0.895662771176646,1,3,2,0.8259187090767224
44b6_eb2880fc,44b6_eb2880fc:282,union,69,union|44b6_eb2880fc:282|69,0,c:72:89:233,c:73:444:248,f:73:280,12.866907529192318,13.420734420223763,0.10172570390554042,0.06615285806037251,0.12098668754894283,0.12737015663643858,0.9498825371965545,0.6710367210111882,1,3,2,0.7884201342758103
44b6_eb2880fc,44b6_eb2880fc:282,union,70,union|44b6_eb2880fc:282|70,0,c:72:89:233,c:73:450:86,c:73:458:247,15.501512023025366,15.33021933959198,0.9953361834434512,0.08648954211418881,0.23962411902897415,0.11920529801324503,0.4974678613167121,0.7665109669795991,0,3,3,0.9003177938457538
44b6_eb2880fc,44b6_eb2880fc:282,union,71,union|44b6_eb2880fc:282|71,0,c:72:89:233,c:73:450:86,c:73:466:251,15.501512023025366,10.65583760199075,0.7329965021375826,0.16805463024650233,0.3950665622552858,0.22628392016147117,0.5727741646108993,0.5327918800995375,0,3,3,0.9005723749551553
44b6_eb2880fc,44b6_eb2880fc:282,union,72,union|44b6_eb2880fc:282|72,0,c:72:89:233,c:73:450:86,c:73:467:233,15.501512023025366,10.65583760199075,0.6381448412698413,0.18994413407821228,0.572435395458105,0.22134746404239214,0.38667676003028006,0.5327918800995375,0,3,3,0.8975792504063874
44b6_eb2880fc,44b6_eb2880fc:282,union,73,union|44b6_eb2880fc:282|73,0,c:72:89:233,c:73:450:86,c:73:484:228,15.501512023025366,16.57181341917655,0.497085114652157,0.05744470122152526,0.13625685199686766,0.09034267912772585,0.6630321910695742,0.8285906709588275,0,3,3,0.9095186442787498
44b6_eb2880fc,44b6_eb2880fc:282,union,74,union|44b6_eb2880fc:282|74,0,c:72:89:233,c:73:450:86,c:73:495:219,15.501512023025366,17.04314378276496,0.7329965021375826,0.03177872590848904,0.08457321848081441,0.048441354563803544,0.5727741646108993,0.852157189138248,0,3,3,0.9170016865210547
44b6_eb2880fc,44b6_eb2880fc:282,union,75,union|44b6_eb2880fc:282|75,0,c:72:89:233,c:73:450:86,f:73:280,15.501512023025366,9.536040903113694,0.08705790905557714,0.2464477055672024,0.4142521534847298,0.37826242402574184,0.9131212012870933,0.4768020451556847,1,3,2,0.8079117253501896
44b6_eb2880fc,44b6_eb2880fc:282,union,76,union|44b6_eb2880fc:282|76,0,c:72:89:233,c:73:453:264,c:73:458:247,15.670932486613552,16.331047884321446,0.6880124951190941,0.01730769230769231,0.04581049334377447,0.027064538514920196,0.590793430488087,0.8165523942160723,0,3,3,0.8627326239112117
44b6_eb2880fc,44b6_eb2880fc:282,union,77,union|44b6_eb2880fc:282|77,0,c:72:89:233,c:73:453:264,c:73:459:246,15.670932486613552,8.900491559458949,0.7150964812712827,0.3985452721344369,0.6221613155833986,0.5258107213765718,0.8451356717405691,0.4450245779729475,0,3,3,0.8763582867445203
44b6_eb2880fc,44b6_eb2880fc:282,union,78,union|44b6_eb2880fc:282|78,0,c:72:89:233,c:73:453:264,c:73:460:253,15.670932486613552,5.3895152843275245,0.6639035418236624,0.2878787878787879,0.6100234925606891,0.35280797101449274,0.5783514492753623,0.2694757642163762,0,3,3,0.8578690356017705
44b6_eb2880fc,44b6_eb2880fc:282,union,79,union|44b6_eb2880fc:282|79,0,c:72:89:233,c:73:453:264,c:73:484:228,15.670932486613552,17.04314378276496,0.7258796821793416,0.019497084548104955,0.041895066562255286,0.03518579414666228,0.8398553107530418,0.852157189138248,0,3,3,0.8719334743442078
44b6_eb2880fc,44b6_eb2880fc:282,union,80,union|44b6_eb2880fc:282|80,0,c:72:89:233,c:73:453:264,c:73:489:260,15.670932486613552,16.168545852982575,0.44382871536523927,0.044366019662213256,0.13782302270947533,0.061409630146545706,0.44556873691556176,0.8084272926491287,0,3,3,0.8415089579532574
44b6_eb2880fc,44b6_eb2880fc:282,union,81,union|44b6_eb2880fc:282|81,0,c:72:89:233,c:73:453:264,f:73:261,15.670932486613552,17.245580806363037,0.16061293984108968,0.00108837614279495,0.001957713390759593,0.0024449877750611247,0.8007047768206734,0.8622790403181518,1,3,2,0.8426576830534181
44b6_eb2880fc,44b6_eb2880fc:282,union,82,union|44b6_eb2880fc:282|82,0,c:72:89:233,c:73:453:264,f:73:265,15.670932486613552,7.788174043190823,0.923950056753689,0.1684686455671319,0.33555207517619423,0.2528023598820059,0.7533923303834809,0.38940870215954115,1,3,2,0.8423707213448496
44b6_eb2880fc,44b6_eb2880fc:282,union,83,union|44b6_eb2880fc:282|83,0,c:72:89:233,c:73:453:264,f:73:271,15.670932486613552,7.596484509001678,0.5737797956867197,0.23053823053823053,0.39075959279561473,0.3598990263252795,0.9210241615578796,0.37982422545008393,1,3,2,0.8289890128749965
44b6_eb2880fc,44b6_eb2880fc:282,union,84,union|44b6_eb2880fc:282|84,0,c:72:89:233,c:73:453:264,f:73:274,15.670932486613552,18.516407932890562,0.25879682179341656,0.0,0.0,0.0,0.8684416601409554,0.9258203966445281,1,3,2,0.8302720563063727
44b6_eb2880fc,44b6_eb2880fc:282,union,85,union|44b6_eb2880fc:282|85,0,c:72:89:233,c:73:453:264,f:73:277,15.670932486613552,14.584370470255939,0.583427922814983,0.02277511961722488,0.04659357870007831,0.04265232974910394,0.9154121863799283,0.7292185235127969,1,3,2,0.8078251302165597
44b6_eb2880fc,44b6_eb2880fc:282,union,86,union|44b6_eb2880fc:282|86,0,c:72:89:233,c:73:458:247,c:73:459:246,12.481861840286488,13.884006086140989,0.4919953143303397,0.05076644140431844,0.12059514487079091,0.08060717089767076,0.6684114106254907,0.6942003043070495,0,3,3,0.8975048793497197
44b6_eb2880fc,44b6_eb2880fc:282,union,87,union|44b6_eb2880fc:282|87,0,c:72:89:233,c:73:458:247,c:73:460:253,15.069630055180518,15.41610359332085,0.9649585531273549,0.025745973065751254,0.07635082223962412,0.037392138063279005,0.4897411313518696,0.7708051796660425,0,3,3,0.8790156282069699
44b6_eb2880fc,44b6_eb2880fc:282,union,88,union|44b6_eb2880fc:282|88,0,c:72:89:233,c:73:458:247,c:73:466:251,11.718041645257966,11.02128622257856,0.7364310816087466,0.12882940986778457,0.3128425998433829,0.1796716887789521,0.5743197661344727,0.551064311128928,0,3,3,0.8841337976258125
44b6_eb2880fc,44b6_eb2880fc:282,union,89,union|44b6_eb2880fc:282|89,0,c:72:89:233,c:73:458:247,c:73:467:233,13.788582233137676,15.069630055180518,0.6351686507936508,0.10658117590128237,0.34494909945184027,0.13362657363870772,0.38738055513423325,0.7534815027590259,0,3,3,0.8811406730770446
44b6_eb2880fc,44b6_eb2880fc:282,union,90,union|44b6_eb2880fc:282|90,0,c:72:89:233,c:73:458:247,c:73:473:230,14.804454566109486,13.498263777241872,0.8609918000780945,0.072370348666862,0.19342208300704777,0.10365086026017625,0.5358791439362148,0.6749131888620936,0,3,3,0.8939359583452463
44b6_eb2880fc,44b6_eb2880fc:282,union,91,union|44b6_eb2880fc:282|91,0,c:72:89:233,c:73:458:247,c:73:484:228,7.083210783253595,9.334914300624297,0.4994142912924639,0.4301051218966674,0.7529365700861393,0.50078125,0.6651041666666667,0.4667457150312148,0,3,3,0.8930800669494071
44b6_eb2880fc,44b6_eb2880fc:282,union,92,union|44b6_eb2880fc:282|92,0,c:72:89:233,c:73:458:247,c:73:489:260,14.351611407782752,15.069630055180518,0.645088161209068,0.0821917808219178,0.2701644479248238,0.10564997703261368,0.39105803092941355,0.7534815027590259,0,3,3,0.8626555505584568
44b6_eb2880fc,44b6_eb2880fc:282,union,93,union|44b6_eb2880fc:282|93,0,c:72:89:233,c:73:458:247,c:73:495:219,11.830178570080843,13.101168840985142,0.7364310816087466,0.16761174116077385,0.39350039154267813,0.22599505284461435,0.5743197661344727,0.6550584420492571,0,3,3,0.900563109191712
44b6_eb2880fc,44b6_eb2880fc:282,union,94,union|44b6_eb2880fc:282|94,0,c:72:89:233,c:73:458:247,c:73:513:283,15.069630055180518,16.411695524838375,0.874061433447099,0.08775013520822066,0.2541111981205951,0.11819340739391732,0.4651247495902386,0.8205847762419187,0,3,3,0.8695260050812675
44b6_eb2880fc,44b6_eb2880fc:282,union,95,union|44b6_eb2880fc:282|95,0,c:72:89:233,c:73:458:247,f:73:261,7.669771165108002,8.814060548683802,0.11050370948848107,0.3338275265628861,0.528974158183242,0.4750351617440225,0.8980309423347398,0.4407030274341901,1,3,2,0.8638042756586176
44b6_eb2880fc,44b6_eb2880fc:282,union,96,union|44b6_eb2880fc:282|96,0,c:72:89:233,c:73:458:247,f:73:265,13.627867374525103,14.579316604291222,0.6356891839125342,0.07578174856413529,0.18598277212216133,0.113392217713058,0.6096920506087372,0.7289658302145611,1,3,2,0.8635173139500489
44b6_eb2880fc,44b6_eb2880fc:282,union,97,union|44b6_eb2880fc:282|97,0,c:72:89:233,c:73:458:247,f:73:271,9.000839983955297,9.348302202622977,0.394767668879344,0.2316043425814234,0.4510571652310102,0.322508398656215,0.7150055991041433,0.46741511013114884,1,3,2,0.850135605480196
44b6_eb2880fc,44b6_eb2880fc:282,union,98,union|44b6_eb2880fc:282|98,0,c:72:89:233,c:73:458:247,f:73:274,9.091290614640144,10.28495003230628,0.1780554470909801,0.2716274823099749,0.4659357870007831,0.39443155452436196,0.846536294332118,0.5142475016153141,1,3,2,0.8514186489115719
44b6_eb2880fc,44b6_eb2880fc:282,union,99,union|44b6_eb2880fc:282|99,0,c:72:89:233,c:73:458:247,f:73:277,6.695250892148071,7.084659600414911,0.4014057008980867,0.44813767090994816,0.7443226311667972,0.529674003900808,0.7116188353301756,0.35423298002074555,1,3,2,0.828971722821759
44b6_eb2880fc,44b6_eb2880fc:282,union,100,union|44b6_eb2880fc:282|100,0,c:72:89:233,c:73:458:247,f:73:280,12.866907529192318,13.409310618451174,0.08746583365872707,0.13789428815004262,0.2533281127642913,0.23231597845601437,0.9170556552962298,0.6704655309225587,1,3,2,0.7914731480208469
44b6_eb2880fc,44b6_eb2880fc:282,union,101,union|44b6_eb2880fc:282|101,0,c:72:89:233,c:73:459:246,c:73:460:253,15.069630055180518,12.691655723348314,0.4747550866616428,0.08034073826624352,0.18833202819107284,0.1228921819110884,0.652529381706694,0.6345827861674157,0,3,3,0.8926412910402787
44b6_eb2880fc,44b6_eb2880fc:282,union,102,union|44b6_eb2880fc:282|102,0,c:72:89:233,c:73:459:246,c:73:467:233,13.788582233137676,14.804454566109486,0.3125,0.08745668745668746,0.2470634299138606,0.11923658352229781,0.48261526832955404,0.7402227283054743,0,3,3,0.8947663359103531
44b6_eb2880fc,44b6_eb2880fc:282,union,103,union|44b6_eb2880fc:282|103,0,c:72:89:233,c:73:459:246,c:73:484:228,12.481861840286488,11.258330249197702,0.9851446442533229,0.10982784920461974,0.19733750978856696,0.19850334777471446,0.9941268598277212,0.562916512459885,0,3,3,0.9067057297827157
44b6_eb2880fc,44b6_eb2880fc:282,union,104,union|44b6_eb2880fc:282|104,0,c:72:89:233,c:73:459:246,c:73:489:260,14.351611407782752,18.740414216340042,0.31738035264483627,0.021656385352408453,0.06460454189506656,0.03154875717017208,0.4883365200764818,0.9370207108170021,0,3,3,0.8762812133917653
44b6_eb2880fc,44b6_eb2880fc:282,union,105,union|44b6_eb2880fc:282|105,0,c:72:89:233,c:73:459:246,f:73:261,12.481861840286488,15.998245125683232,0.2246031746031746,0.005152109911678116,0.00822239624119029,0.013609850939727802,0.6041503523884103,0.7999122562841616,1,3,2,0.8774299384919262
44b6_eb2880fc,44b6_eb2880fc:282,union,106,union|44b6_eb2880fc:282|106,0,c:72:89:233,c:73:459:246,f:73:265,13.627867374525103,12.064872826063903,0.773955773955774,0.13398624713481974,0.2517619420516836,0.2226454293628809,0.8843490304709142,0.6032436413031952,1,3,2,0.8771429767833577
44b6_eb2880fc,44b6_eb2880fc:282,union,107,union|44b6_eb2880fc:282|107,0,c:72:89:233,c:73:459:246,f:73:271,12.481861840286488,9.946033015909595,0.8023809523809524,0.19549058473736372,0.30892717306186374,0.3474240422721268,0.889193422083007,0.4973016507954798,1,3,2,0.8637612683135045
44b6_eb2880fc,44b6_eb2880fc:282,union,108,union|44b6_eb2880fc:282|108,0,c:72:89:233,c:73:459:246,f:73:274,12.481861840286488,17.15807616399616,0.3619047619047619,0.0,0.0,0.0,0.6718872357086922,0.857903808199808,1,3,2,0.8650443117448806
44b6_eb2880fc,44b6_eb2880fc:282,union,109,union|44b6_eb2880fc:282|109,0,c:72:89:233,c:73:459:246,f:73:277,12.481861840286488,14.828075504392512,0.8158730158730159,0.01106702860722489,0.020751761942051684,0.023164335664335664,0.8958496476115897,0.7414037752196256,1,3,2,0.8425973856550678
44b6_eb2880fc,44b6_eb2880fc:282,union,110,union|44b6_eb2880fc:282|110,0,c:72:89:233,c:73:459:246,f:73:280,12.866907529192318,13.768031974616836,0.17777777777777778,0.019954533973225563,0.030931871574001565,0.05323450134770889,0.5810493343774471,0.6884015987308418,1,3,2,0.8050988108541555
44b6_eb2880fc,44b6_eb2880fc:282,union,111,union|44b6_eb2880fc:282|111,0,c:72:89:233,c:73:460:253,c:73:484:228,15.069630055180518,17.577062467886947,0.4819140919366993,0.006516679596586501,0.01644479248238058,0.010678871090770405,0.6493770658530383,0.8788531233943473,0,3,3,0.8882164786399659
44b6_eb2880fc,44b6_eb2880fc:282,union,112,union|44b6_eb2880fc:282|112,0,c:72:89:233,c:73:460:253,c:73:489:260,15.069630055180518,12.160386507015309,0.6685138539042821,0.1371577251889481,0.43343774471417384,0.1671195652173913,0.38556763285024154,0.6080193253507654,0,3,3,0.8577919622490157
44b6_eb2880fc,44b6_eb2880fc:282,union,113,union|44b6_eb2880fc:282|113,0,c:72:89:233,c:73:460:253,f:73:261,15.069630055180518,14.976592931578148,0.10663149962321025,0.02520537714712472,0.052858261550509,0.045965270684371805,0.8695948246510045,0.7488296465789074,1,3,2,0.8589406873491764
44b6_eb2880fc,44b6_eb2880fc:282,union,114,union|44b6_eb2880fc:282|114,0,c:72:89:233,c:73:460:253,f:73:265,15.069630055180518,5.044641011084617,0.613413715146948,0.4025441116126385,0.7682067345340642,0.458197104156936,0.5964502568893041,0.25223205055423087,1,3,2,0.8586537256406078
44b6_eb2880fc,44b6_eb2880fc:282,union,115,union|44b6_eb2880fc:282|115,0,c:72:89:233,c:73:460:253,f:73:271,15.069630055180518,6.172551607883179,0.38093443858327053,0.32629558541266795,0.5990602975724354,0.417462482946794,0.696862210095498,0.30862758039415894,1,3,2,0.8452720171707547
44b6_eb2880fc,44b6_eb2880fc:282,union,116,union|44b6_eb2880fc:282|116,0,c:72:89:233,c:73:460:253,f:73:274,15.069630055180518,16.191594680125185,0.17181612660135645,0.018521848588383384,0.04032889584964761,0.033118971061093246,0.8212218649517685,0.8095797340062593,1,3,2,0.8465550606021308
44b6_eb2880fc,44b6_eb2880fc:282,union,117,union|44b6_eb2880fc:282|117,0,c:72:89:233,c:73:460:253,f:73:277,15.069630055180518,11.854742211508414,0.3873398643556895,0.10079435127978817,0.2235708692247455,0.15507876154263986,0.6936447582835416,0.5927371105754207,1,3,2,0.8241081345123179
44b6_eb2880fc,44b6_eb2880fc:282,union,118,union|44b6_eb2880fc:282|118,0,c:72:89:233,c:73:466:251,c:73:467:233,13.788582233137676,16.25,0.4677579365079365,0.02442563482466747,0.07909162098668755,0.0341331530922609,0.431564717810071,0.8125,0,3,3,0.8813952541864459
44b6_eb2880fc,44b6_eb2880fc:282,union,119,union|44b6_eb2880fc:282|119,0,c:72:89:233,c:73:466:251,c:73:473:230,14.804454566109486,14.072912811497128,0.8553287981859411,0.05192338135190755,0.1284259984338293,0.0801759960889758,0.6242972378391591,0.7036456405748563,0,3,3,0.8941905394546477
44b6_eb2880fc,44b6_eb2880fc:282,union,120,union|44b6_eb2880fc:282|120,0,c:72:89:233,c:73:466:251,c:73:484:228,11.718041645257966,14.804454566109486,0.6781548250265111,0.060842144314598404,0.1284259984338293,0.10363349131121644,0.8069510268562401,0.7402227283054743,0,3,3,0.8933346480588084
44b6_eb2880fc,44b6_eb2880fc:282,union,121,union|44b6_eb2880fc:282|121,0,c:72:89:233,c:73:466:251,c:73:495:219,11.830178570080843,11.375,1.0,0.3924719348448162,0.6981205951448708,0.4726935312831389,0.6770943796394485,0.56875,0,3,3,0.9008176903011132
44b6_eb2880fc,44b6_eb2880fc:282,union,122,union|44b6_eb2880fc:282|122,0,c:72:89:233,c:73:466:251,c:73:513:283,15.069630055180518,18.810734967034115,0.6436860068259386,0.06982145449266948,0.18833202819107284,0.09987541528239202,0.5303156146179402,0.9405367483517058,0,3,3,0.8697805861906689
44b6_eb2880fc,44b6_eb2880fc:282,union,123,union|44b6_eb2880fc:282|123,0,c:72:89:233,c:73:466:251,f:73:261,11.718041645257966,15.204752173746582,0.15005302226935313,0.09202312138728323,0.1558339859044636,0.18349469801751958,0.8492560689115114,0.7602376086873291,1,3,2,0.8640588567680189
44b6_eb2880fc,44b6_eb2880fc:282,union,124,union|44b6_eb2880fc:282|124,0,c:72:89:233,c:73:466:251,f:73:274,11.718041645257966,15.699139102148749,0.2417815482502651,0.08824183151811514,0.15544244322631168,0.1695132365499573,0.9169929522317932,0.7849569551074375,1,3,2,0.8516732300209734
44b6_eb2880fc,44b6_eb2880fc:282,union,125,union|44b6_eb2880fc:282|125,0,c:72:89:233,c:73:466:251,f:73:277,11.718041645257966,15.867867592586354,0.545068928950159,0.03619480765586507,0.07478465152701644,0.06554564172958133,0.876458476321208,0.7933933796293177,1,3,2,0.8292263039311605
44b6_eb2880fc,44b6_eb2880fc:282,union,126,union|44b6_eb2880fc:282|126,0,c:72:89:233,c:73:466:251,f:73:280,12.866907529192318,16.02866865846943,0.11876988335100742,0.013032145960034752,0.023492560689115115,0.02843601895734597,0.8261550509005482,0.8014334329234716,1,3,2,0.7917277291302484
44b6_eb2880fc,44b6_eb2880fc:282,union,127,union|44b6_eb2880fc:282|127,0,c:72:89:233,c:73:467:233,c:73:484:228,13.788582233137676,10.65583760199075,0.31721230158730157,0.16622182680901543,0.4389193422083007,0.21107136132555074,0.48088872152137074,0.5327918800995375,0,3,3,0.8903415235100406
44b6_eb2880fc,44b6_eb2880fc:282,union,128,union|44b6_eb2880fc:282|128,0,c:72:89:233,c:73:467:233,c:73:495:219,13.788582233137676,15.33021933959198,0.4677579365079365,0.05425584868093579,0.1707126076742365,0.07367353835755323,0.431564717810071,0.7665109669795991,0,3,3,0.8978245657523454
44b6_eb2880fc,44b6_eb2880fc:282,union,129,union|44b6_eb2880fc:282|129,0,c:72:89:233,c:73:467:233,f:73:261,13.788582233137676,18.958817272119873,0.07018849206349206,0.00718475073313783,0.01918559122944401,0.011355735805330244,0.5918887601390498,0.9479408636059936,1,3,2,0.8610657322192511
44b6_eb2880fc,44b6_eb2880fc:282,union,130,union|44b6_eb2880fc:282|130,0,c:72:89:233,c:73:467:233,f:73:271,13.788582233137676,19.90766556469541,0.2507440476190476,0.0034341566503764366,0.010180109631949883,0.005155661312710688,0.5064445766408884,0.9953832782347705,1,3,2,0.8473970620408294
44b6_eb2880fc,44b6_eb2880fc:282,union,131,union|44b6_eb2880fc:282|131,0,c:72:89:233,c:73:467:233,f:73:274,13.788582233137676,19.61795471695982,0.1130952380952381,0.007007007007007007,0.01918559122944401,0.010918003565062388,0.5690730837789661,0.9808977358479909,1,3,2,0.8486801054722055
44b6_eb2880fc,44b6_eb2880fc:282,union,132,union|44b6_eb2880fc:282|132,0,c:72:89:233,c:73:467:233,f:73:277,13.788582233137676,19.864121693195447,0.25496031746031744,0.0009202050742736953,0.00274079874706343,0.001383399209486166,0.5047430830039525,0.9932060846597723,1,3,2,0.8262331793823927
44b6_eb2880fc,44b6_eb2880fc:282,union,133,union|44b6_eb2880fc:282|133,0,c:72:89:233,c:73:467:233,f:73:280,13.788582233137676,6.068512224160544,0.05555555555555555,0.2341428053642624,0.5058731401722788,0.30357142857142855,0.6000939849624061,0.3034256112080272,1,3,2,0.7887346045814804
44b6_eb2880fc,44b6_eb2880fc:282,union,134,union|44b6_eb2880fc:282|134,0,c:72:89:233,c:73:473:230,c:73:489:260,14.804454566109486,16.331047884321446,0.5554156171284634,0.1071790969051243,0.33085356303837116,0.1368421052631579,0.41360323886639677,0.8165523942160723,0,3,3,0.872712292387292
44b6_eb2880fc,44b6_eb2880fc:282,union,135,union|44b6_eb2880fc:282|135,0,c:72:89:233,c:73:473:230,c:73:495:219,14.804454566109486,17.35025215955088,0.8553287981859411,0.07229304502178474,0.1754111198120595,0.10950867758494255,0.6242972378391591,0.867512607977544,0,3,3,0.910619851020547
44b6_eb2880fc,44b6_eb2880fc:282,union,136,union|44b6_eb2880fc:282|136,0,c:72:89:233,c:73:473:230,c:73:513:283,15.069630055180518,17.273986945693807,0.7525597269624573,0.18092458915681156,0.46123727486296007,0.2294060370009737,0.4973709834469328,0.8636993472846903,0,3,3,0.8795827469101027
44b6_eb2880fc,44b6_eb2880fc:282,union,137,union|44b6_eb2880fc:282|137,0,c:72:89:233,c:73:473:230,f:73:261,14.804454566109486,13.345638238727059,0.12834467120181406,0.24678536102868448,0.39075959279561473,0.40112540192926044,0.9741581832419733,0.6672819119363529,1,3,2,0.8738610174874527
44b6_eb2880fc,44b6_eb2880fc:282,union,138,union|44b6_eb2880fc:282|138,0,c:72:89:233,c:73:473:230,f:73:271,14.804454566109486,18.45901802287424,0.45850340136054424,0.01979498055850124,0.04385277995301488,0.03482587064676617,0.7941542288557214,0.922950901143712,1,3,2,0.860192347309031
44b6_eb2880fc,44b6_eb2880fc:282,union,139,union|44b6_eb2880fc:282|139,0,c:72:89:233,c:73:473:230,f:73:274,14.804454566109486,13.720968746821322,0.20680272108843537,0.28511582060128143,0.45301487862176976,0.4347989477639985,0.9597895527996994,0.6860484373410661,1,3,2,0.8614753907404071
44b6_eb2880fc,44b6_eb2880fc:282,union,140,union|44b6_eb2880fc:282|140,0,c:72:89:233,c:73:473:230,f:73:277,14.804454566109486,12.502988449675541,0.4662131519274376,0.17431006493506493,0.33633516053249807,0.2656974945870708,0.7899783482833281,0.625149422483777,1,3,2,0.8390284646505943
44b6_eb2880fc,44b6_eb2880fc:282,union,141,union|44b6_eb2880fc:282|141,0,c:72:89:233,c:73:484:228,c:73:489:260,14.351611407782752,15.670932486613552,0.3221662468513854,0.05034324942791762,0.14643696162881753,0.07125166698418746,0.4865688702610021,0.7835466243306776,0,3,3,0.8718564009914528
44b6_eb2880fc,44b6_eb2880fc:282,union,142,union|44b6_eb2880fc:282|142,0,c:72:89:233,c:73:484:228,c:73:495:219,11.830178570080843,9.475296829123613,0.6781548250265111,0.16809640522875818,0.32223962411902896,0.26003159557661926,0.8069510268562401,0.47376484145618064,0,3,3,0.9097639596247079
44b6_eb2880fc,44b6_eb2880fc:282,union,143,union|44b6_eb2880fc:282|143,0,c:72:89:233,c:73:484:228,c:73:513:283,15.069630055180518,13.101168840985142,0.43651877133105804,0.12304882098970442,0.29013312451057166,0.17605131860299358,0.6067949631741506,0.6550584420492571,0,3,3,0.8787268555142637
44b6_eb2880fc,44b6_eb2880fc:282,union,144,union|44b6_eb2880fc:282|144,0,c:72:89:233,c:73:484:228,f:73:261,7.669771165108002,8.895201584884,0.22126661454261143,0.15748031496062992,0.2192638997650744,0.3585147247119078,0.6115896632732968,0.44476007924419997,1,3,2,0.8730051260916136
44b6_eb2880fc,44b6_eb2880fc:282,union,145,union|44b6_eb2880fc:282|145,0,c:72:89:233,c:73:484:228,f:73:265,13.627867374525103,14.587324684267175,0.7856265356265356,0.08245787908820615,0.16288175411119812,0.1431028551771586,0.8785689714482284,0.7293662342133588,1,3,2,0.8727181643830452
44b6_eb2880fc,44b6_eb2880fc:282,union,146,union|44b6_eb2880fc:282|146,0,c:72:89:233,c:73:484:228,f:73:271,9.000839983955297,12.478436427352054,0.7904612978889758,0.11587191891269293,0.19694596711041504,0.21965065502183406,0.8966327329678935,0.6239218213676028,1,3,2,0.859336455913192
44b6_eb2880fc,44b6_eb2880fc:282,union,147,union|44b6_eb2880fc:282|147,0,c:72:89:233,c:73:484:228,f:73:274,9.091290614640144,9.455352425562905,0.3565285379202502,0.1585629389519179,0.2298355520751762,0.338328530259366,0.6793265465935787,0.47276762127814526,1,3,2,0.860619499344568
44b6_eb2880fc,44b6_eb2880fc:282,union,148,union|44b6_eb2880fc:282|148,0,c:72:89:233,c:73:484:228,f:73:277,7.083210783253595,10.59958119733543,0.8037529319781079,0.14592173503064593,0.24236491777603758,0.2683138274815778,0.9032889584964762,0.5299790598667715,1,3,2,0.8381725732547552
44b6_eb2880fc,44b6_eb2880fc:282,union,149,union|44b6_eb2880fc:282|149,0,c:72:89:233,c:73:484:228,f:73:280,12.866907529192318,12.765729058014786,0.1751368256450352,0.05458799064205875,0.0822239624119029,0.13972055888223553,0.5884886452623336,0.6382864529007393,1,3,2,0.8006739984538429
44b6_eb2880fc,44b6_eb2880fc:282,union,150,union|44b6_eb2880fc:282|150,0,c:72:89:233,c:73:489:260,c:73:495:219,14.351611407782752,18.022121822915302,0.4750629722921914,0.011911923956202624,0.03876272513703994,0.016905737704918034,0.43613387978142076,0.9011060911457651,0,3,3,0.8793394432337577
44b6_eb2880fc,44b6_eb2880fc:282,union,151,union|44b6_eb2880fc:282|151,0,c:72:89:233,c:73:489:260,c:73:513:283,15.069630055180518,11.718041645257966,0.7380352644836272,0.18027465667915107,0.5653876272513704,0.20927536231884059,0.3701449275362319,0.5859020822628983,0,3,3,0.8483023391233133
44b6_eb2880fc,44b6_eb2880fc:282,union,152,union|44b6_eb2880fc:282|152,0,c:72:89:233,c:73:489:260,f:73:261,14.351611407782752,8.245499691760253,0.07128463476070529,0.16618125749528867,0.379796397807361,0.22807430049376912,0.6005172819186456,0.41227498458801265,1,3,2,0.8425806097006633
44b6_eb2880fc,44b6_eb2880fc:282,union,153,union|44b6_eb2880fc:282|153,0,c:72:89:233,c:73:489:260,f:73:265,14.351611407782752,8.609763808881276,0.4100755667506297,0.24249352232891327,0.6229444009397024,0.28420864594498035,0.45623436941764917,0.4304881904440638,1,3,2,0.8422936479920947
44b6_eb2880fc,44b6_eb2880fc:282,union,154,union|44b6_eb2880fc:282|154,0,c:72:89:233,c:73:489:260,f:73:271,14.351611407782752,11.639347906446165,0.25465994962216626,0.16298811544991512,0.413469068128426,0.21200562136117246,0.5127484440875326,0.5819673953223082,1,3,2,0.8289119395222416
44b6_eb2880fc,44b6_eb2880fc:282,union,155,union|44b6_eb2880fc:282|155,0,c:72:89:233,c:73:489:260,f:73:274,14.351611407782752,8.283390517227636,0.11486146095717883,0.19234711308507005,0.4408770555990603,0.254405784003615,0.5770447356529598,0.4141695258613818,1,3,2,0.8301949829536177
44b6_eb2880fc,44b6_eb2880fc:282,union,156,union|44b6_eb2880fc:282|156,0,c:72:89:233,c:73:489:260,f:73:277,14.351611407782752,8.008372387401089,0.25894206549118387,0.26881720430107525,0.6264682850430697,0.3201280512204882,0.5110044017607043,0.4004186193700544,1,3,2,0.8077480568638048
44b6_eb2880fc,44b6_eb2880fc:282,union,157,union|44b6_eb2880fc:282|157,0,c:72:89:233,c:73:495:219,c:73:513:283,15.069630055180518,9.613629647536875,0.6436860068259386,0.28486750348675033,0.6397807361002349,0.3392857142857143,0.5303156146179402,0.48068148237684377,0,3,3,0.8862098977565683
44b6_eb2880fc,44b6_eb2880fc:282,union,158,union|44b6_eb2880fc:282|158,0,c:72:89:233,c:73:495:219,f:73:261,11.830178570080843,10.390678898280495,0.15005302226935313,0.19599898708533806,0.303054032889585,0.35684647302904565,0.8492560689115114,0.5195339449140247,1,3,2,0.8804881683339184
44b6_eb2880fc,44b6_eb2880fc:282,union,159,union|44b6_eb2880fc:282|159,0,c:72:89:233,c:73:495:219,f:73:271,11.830178570080843,19.345471161036258,0.5360551431601273,0.001837897445322551,0.003915426781519186,0.0034518467380048328,0.8816016568864342,0.9672735580518129,1,3,2,0.8668194981554967
44b6_eb2880fc,44b6_eb2880fc:282,union,160,union|44b6_eb2880fc:282|160,0,c:72:89:233,c:73:495:219,f:73:274,11.830178570080843,9.80295391707878,0.2417815482502651,0.2544196771714066,0.3888018794048551,0.42399658411614005,0.9169929522317932,0.49014769585393897,1,3,2,0.8681025415868727
44b6_eb2880fc,44b6_eb2880fc:282,union,161,union|44b6_eb2880fc:282|161,0,c:72:89:233,c:73:495:219,f:73:277,11.830178570080843,13.84602594553724,0.545068928950159,0.10890285946055567,0.21025841816758026,0.1842827728208648,0.876458476321208,0.6923012972768621,1,3,2,0.8456556154970599
44b6_eb2880fc,44b6_eb2880fc:282,union,162,union|44b6_eb2880fc:282|162,0,c:72:89:233,c:73:495:219,f:73:280,12.866907529192318,18.42031695340482,0.11876988335100742,0.0,0.0,0.0,0.8261550509005482,0.921015847670241,1,3,2,0.8081570406961477
44b6_eb2880fc,44b6_eb2880fc:282,union,163,union|44b6_eb2880fc:282|163,0,c:72:89:233,c:73:513:283,f:73:261,15.069630055180518,8.356779857324197,0.09658703071672355,0.2531508039982616,0.4561472200469851,0.3625894802365391,0.7948957360722066,0.41783899286620985,1,3,2,0.8494510642234742
44b6_eb2880fc,44b6_eb2880fc:282,union,164,union|44b6_eb2880fc:282|164,0,c:72:89:233,c:73:513:283,f:73:265,15.069630055180518,17.45972792410547,0.5556313993174061,0.0533175355450237,0.14095536413469067,0.07898200965335674,0.5603334795963142,0.8729863962052734,1,3,2,0.8491641025149056
44b6_eb2880fc,44b6_eb2880fc:282,union,165,union|44b6_eb2880fc:282|165,0,c:72:89:233,c:73:513:283,f:73:271,15.069630055180518,18.623833620203165,0.34505119453924915,0.039033754599264114,0.09553641346906813,0.06191321999492515,0.6480588683075361,0.9311916810101583,1,3,2,0.8357823940450525
44b6_eb2880fc,44b6_eb2880fc:282,union,166,union|44b6_eb2880fc:282|166,0,c:72:89:233,c:73:513:283,f:73:274,15.069630055180518,6.696934631672659,0.15563139931740613,0.3924050632911392,0.6554424432263116,0.4943886591848789,0.7542823390431187,0.33484673158363293,1,3,2,0.8370654374764285
44b6_eb2880fc,44b6_eb2880fc:282,union,167,union|44b6_eb2880fc:282|167,0,c:72:89:233,c:73:513:283,f:73:277,15.069630055180518,12.432630338852855,0.3508532423208191,0.21628688830780723,0.4534064212999217,0.2925720060636685,0.6452753916119253,0.6216315169426427,1,3,2,0.8146185113866157
44b6_eb2880fc,44b6_eb2880fc:282,union,168,union|44b6_eb2880fc:282|168,0,c:72:89:233,f:73:261,f:73:265,13.627867374525103,11.65033655676796,0.17383292383292384,0.09948288598867273,0.1581832419733751,0.21140763997906856,0.7482380579483163,0.5825168278383981,2,3,1,0.8434423730922554
44b6_eb2880fc,44b6_eb2880fc:282,union,169,union|44b6_eb2880fc:282|169,0,c:72:89:233,f:73:261,f:73:271,9.000839983955297,10.76695511047212,0.2799208704253215,0.13343151693667157,0.1773688332028191,0.3500772797527048,0.5066562255285826,0.538347755523606,2,3,1,0.8300606646224024
44b6_eb2880fc,44b6_eb2880fc:282,union,170,union|44b6_eb2880fc:282|170,0,c:72:89:233,f:73:261,f:73:274,9.091290614640144,1.6706627702277914,0.6206140350877193,0.2137854773313675,0.22709475332811277,0.7848443843031123,0.2893500391542678,0.08353313851138958,2,3,1,0.8313437080537786
44b6_eb2880fc,44b6_eb2880fc:282,union,171,union|44b6_eb2880fc:282|171,0,c:72:89:233,f:73:261,f:73:277,7.669771165108002,4.269167267907161,0.27529182879377434,0.44485981308411215,0.4659357870007831,0.9077040427154843,0.5133124510571653,0.21345836339535804,2,3,1,0.8088967819639655
44b6_eb2880fc,44b6_eb2880fc:282,union,172,union|44b6_eb2880fc:282|172,0,c:72:89:233,f:73:261,f:73:280,12.866907529192318,19.744734257987613,0.7915194346289752,0.0,0.0,0.0,0.1985121378230227,0.9872367128993806,2,3,1,0.7713982071630534
44b6_eb2880fc,44b6_eb2880fc:282,union,173,union|44b6_eb2880fc:282|173,0,c:72:89:233,f:73:265,f:73:271,13.627867374525103,6.605655909172153,0.621007371007371,0.3683794466403162,0.5473766640563822,0.5297461159530125,0.9677908298597954,0.33028279545860767,2,3,1,0.8297737029138338
44b6_eb2880fc,44b6_eb2880fc:282,union,174,union|44b6_eb2880fc:282|174,0,c:72:89:233,f:73:265,f:73:274,13.627867374525103,12.55856683049194,0.2800982800982801,0.08796622097114708,0.14682850430696945,0.17994241842610365,0.8159749412685983,0.627928341524597,2,3,1,0.8310567463452099
44b6_eb2880fc,44b6_eb2880fc:282,union,175,union|44b6_eb2880fc:282|175,0,c:72:89:233,f:73:265,f:73:277,13.627867374525103,9.726330006364819,0.6314496314496314,0.18543799772468714,0.3191072826938136,0.3068524096385542,0.9615963855421686,0.4863165003182409,2,3,1,0.808609820255397
44b6_eb2880fc,44b6_eb2880fc:282,union,176,union|44b6_eb2880fc:282|176,0,c:72:89:233,f:73:271,f:73:274,9.091290614640144,12.283213727663716,0.45103857566765576,0.07312516680010675,0.10728269381362568,0.18677573278800272,0.5743931088488645,0.6141606863831858,2,3,1,0.8176750378753569
44b6_eb2880fc,44b6_eb2880fc:282,union,177,union|44b6_eb2880fc:282|177,0,c:72:89:233,f:73:271,f:73:277,9.000839983955297,7.418156323370012,0.9834630350194552,0.27477102414654453,0.3876272513703994,0.4855321235899951,0.798355520751762,0.3709078161685006,2,3,1,0.7952281117855439
44b6_eb2880fc,44b6_eb2880fc:282,union,178,union|44b6_eb2880fc:282|178,0,c:72:89:233,f:73:271,f:73:280,12.866907529192318,18.06960308043922,0.2215628090999011,0.0,0.0,0.0,0.48355520751761943,0.9034801540219609,2,3,1,0.7577295369846317
44b6_eb2880fc,44b6_eb2880fc:282,union,179,union|44b6_eb2880fc:282|179,0,c:72:89:233,f:73:274,f:73:277,9.091290614640144,5.808071997472453,0.44357976653696496,0.38810587830869714,0.44205168363351605,0.7607816711590296,0.5810493343774471,0.29040359987362263,2,3,1,0.79651115521692
44b6_eb2880fc,44b6_eb2880fc:282,union,180,union|44b6_eb2880fc:282|180,0,c:72:89:233,f:73:277,f:73:280,12.866907529192318,19.35396421010868,0.2178988326848249,0.0,0.0,0.0,0.490211433046202,0.9676982105054339,2,3,1,0.7365656543261948
6bba_05db0fb1,6bba_05db0fb1:229,pil_only,0,pil_only|6bba_05db0fb1:229|0,0,p:24:527,p:25:1235,p:25:1272,14.259317129512198,9.75,,,,,,0.4875,0,0,0,
6bba_05db0fb1,6bba_05db0fb1:229,pil_only,1,pil_only|6bba_05db0fb1:229|1,0,p:24:527,p:25:1235,p:25:1284,15.33021933959198,11.941262496067994,,,,,,0.5970631248033997,0,0,0,
6bba_05db0fb1,6bba_05db0fb1:229,pil_only,2,pil_only|6bba_05db0fb1:229|2,0,p:24:527,p:25:1235,p:25:1300,14.259317129512198,11.718041645257966,,,,,,0.5859020822628983,0,0,0,
6bba_05db0fb1,6bba_05db0fb1:229,pil_only,3,pil_only|6bba_05db0fb1:229|3,0,p:24:527,p:25:1235,p:25:1316,14.259317129512198,12.691655723348314,,,,,,0.6345827861674157,0,0,0,
6bba_05db0fb1,6bba_05db0fb1:229,pil_only,4,pil_only|6bba_05db0fb1:229|4,0,p:24:527,p:25:1235,p:25:1320,14.259317129512198,17.426183603990864,,,,,,0.8713091801995432,0,0,0,
6bba_05db0fb1,6bba_05db0fb1:229,pil_only,5,pil_only|6bba_05db0fb1:229|5,0,p:24:527,p:25:1235,p:25:1334,14.259317129512198,9.884489111734608,,,,,,0.4942244555867304,0,0,0,
6bba_05db0fb1,6bba_05db0fb1:229,pil_only,6,pil_only|6bba_05db0fb1:229|6,0,p:24:527,p:25:1235,p:25:1336,14.259317129512198,18.740414216340042,,,,,,0.9370207108170021,0,0,0,
6bba_05db0fb1,6bba_05db0fb1:229,pil_only,7,pil_only|6bba_05db0fb1:229|7,0,p:24:527,p:25:1235,p:25:1358,14.534441853748634,16.331047884321446,,,,,,0.8165523942160723,0,0,0,
6bba_05db0fb1,6bba_05db0fb1:229,pil_only,8,pil_only|6bba_05db0fb1:229|8,0,p:24:527,p:25:1235,p:25:1371,14.259317129512198,16.730398979103875,,,,,,0.8365199489551938,0,0,0,
6bba_05db0fb1,6bba_05db0fb1:229,pil_only,9,pil_only|6bba_05db0fb1:229|9,0,p:24:527,p:25:1235,p:25:1375,14.259317129512198,18.740414216340042,,,,,,0.9370207108170021,0,0,0,
6bba_05db0fb1,6bba_05db0fb1:229,pil_only,10,pil_only|6bba_05db0fb1:229|10,0,p:24:527,p:25:1235,p:25:1408,14.259317129512198,18.45645212385089,,,,,,0.9228226061925445,0,0,0,
6bba_05db0fb1,6bba_05db0fb1:229,pil_only,11,pil_only|6bba_05db0fb1:229|11,0,p:24:527,p:25:1272,p:25:1284,15.33021933959198,16.411695524838375,,,,,,0.8205847762419187,0,0,0,
6bba_05db0fb1,6bba_05db0fb1:229,pil_only,12,pil_only|6bba_05db0fb1:229|12,0,p:24:527,p:25:1272,p:25:1300,10.405076885828379,7.960841664045329,,,,,,0.3980420832022665,0,0,0,
6bba_05db0fb1,6bba_05db0fb1:229,pil_only,13,pil_only|6bba_05db0fb1:229|13,0,p:24:527,p:25:1272,p:25:1316,10.405076885828379,8.75089281159357,,,,,,0.43754464057967846,0,0,0,
6bba_05db0fb1,6bba_05db0fb1:229,pil_only,14,pil_only|6bba_05db0fb1:229|14,0,p:24:527,p:25:1272,p:25:1320,13.595725431178728,14.804454566109486,,,,,,0.7402227283054743,0,0,0,
6bba_05db0fb1,6bba_05db0fb1:229,pil_only,15,pil_only|6bba_05db0fb1:229|15,0,p:24:527,p:25:1272,p:25:1334,10.405076885828379,12.268480957314969,,,,,,0.6134240478657484,0,0,0,
6bba_05db0fb1,6bba_05db0fb1:229,pil_only,16,pil_only|6bba_05db0fb1:229|16,0,p:24:527,p:25:1272,p:25:1336,11.941262496067994,10.405076885828379,,,,,,0.520253844291419,0,0,0,
6bba_05db0fb1,6bba_05db0fb1:229,pil_only,17,pil_only|6bba_05db0fb1:229|17,0,p:24:527,p:25:1272,p:25:1338,15.33021933959198,13.400093283257396,,,,,,0.6700046641628699,0,0,0,
6bba_05db0fb1,6bba_05db0fb1:229,pil_only,18,pil_only|6bba_05db0fb1:229|18,0,p:24:527,p:25:1272,p:25:1371,11.604821196382131,17.35025215955088,,,,,,0.867512607977544,0,0,0,
6bba_05db0fb1,6bba_05db0fb1:229,pil_only,19,pil_only|6bba_05db0fb1:229|19,0,p:24:527,p:25:1272,p:25:1375,10.405076885828379,11.830178570080843,,,,,,0.5915089285040421,0,0,0,
6bba_05db0fb1,6bba_05db0fb1:229,pil_only,20,pil_only|6bba_05db0fb1:229|20,0,p:24:527,p:25:1272,p:25:1409,14.804454566109486,17.948711652929298,,,,,,0.8974355826464648,0,0,0,
6bba_05db0fb1,6bba_05db0fb1:229,pil_only,21,pil_only|6bba_05db0fb1:229|21,0,p:24:527,p:25:1272,p:25:1413,15.501512023025366,19.63494970709118,,,,,,0.981747485354559,0,0,0,
6bba_05db0fb1,6bba_05db0fb1:229,pil_only,22,pil_only|6bba_05db0fb1:229|22,0,p:24:527,p:25:1284,p:25:1300,15.33021933959198,11.02128622257856,,,,,,0.551064311128928,0,0,0,
6bba_05db0fb1,6bba_05db0fb1:229,pil_only,23,pil_only|6bba_05db0fb1:229|23,0,p:24:527,p:25:1284,p:25:1320,15.33021933959198,11.375,,,,,,0.56875,0,0,0,
6bba_05db0fb1,6bba_05db0fb1:229,pil_only,24,pil_only|6bba_05db0fb1:229|24,0,p:24:527,p:25:1284,p:25:1334,15.33021933959198,12.691655723348314,,,,,,0.6345827861674157,0,0,0,
6bba_05db0fb1,6bba_05db0fb1:229,pil_only,25,pil_only|6bba_05db0fb1:229|25,0,p:24:527,p:25:1284,p:25:1358,15.33021933959198,10.405076885828379,,,,,,0.520253844291419,0,0,0,
6bba_05db0fb1,6bba_05db0fb1:229,pil_only,26,pil_only|6bba_05db0fb1:229|26,0,p:24:527,p:25:1284,p:25:1375,15.33021933959198,19.56759119053748,,,,,,0.978379559526874,0,0,0,
6bba_05db0fb1,6bba_05db0fb1:229,pil_only,27,pil_only|6bba_05db0fb1:229|27,0,p:24:527,p:25:1284,p:25:1408,15.33021933959198,16.65129499468435,,,,,,0.8325647497342175,0,0,0,
6bba_05db0fb1,6bba_05db0fb1:229,pil_only,28,pil_only|6bba_05db0fb1:229|28,0,p:24:527,p:25:1284,p:25:1443,15.33021933959198,17.04314378276496,,,,,,0.852157189138248,0,0,0,
6bba_05db0fb1,6bba_05db0fb1:229,pil_only,29,pil_only|6bba_05db0fb1:229|29,0,p:24:527,p:25:1300,p:25:1316,9.475296829123613,13.884006086140989,,,,,,0.6942003043070495,0,0,0,
6bba_05db0fb1,6bba_05db0fb1:229,pil_only,30,pil_only|6bba_05db0fb1:229|30,0,p:24:527,p:25:1300,p:25:1320,13.595725431178728,7.083210783253595,,,,,,0.35416053916267975,0,0,0,
6bba_05db0fb1,6bba_05db0fb1:229,pil_only,31,pil_only|6bba_05db0fb1:229|31,0,p:24:527,p:25:1300,p:25:1334,8.75089281159357,11.830178570080843,,,,,,0.5915089285040421,0,0,0,
6bba_05db0fb1,6bba_05db0fb1:229,pil_only,32,pil_only|6bba_05db0fb1:229|32,0,p:24:527,p:25:1300,p:25:1336,11.941262496067994,15.33021933959198,,,,,,0.7665109669795991,0,0,0,
6bba_05db0fb1,6bba_05db0fb1:229,pil_only,33,pil_only|6bba_05db0fb1:229|33,0,p:24:527,p:25:1300,p:25:1338,15.33021933959198,14.89337100860648,,,,,,0.744668550430324,0,0,0,
6bba_05db0fb1,6bba_05db0fb1:229,pil_only,34,pil_only|6bba_05db0fb1:229|34,0,p:24:527,p:25:1300,p:25:1358,14.534441853748634,16.331047884321446,,,,,,0.8165523942160723,0,0,0,
6bba_05db0fb1,6bba_05db0fb1:229,pil_only,35,pil_only|6bba_05db0fb1:229|35,0,p:24:527,p:25:1300,p:25:1371,11.604821196382131,18.810734967034115,,,,,,0.9405367483517058,0,0,0,
6bba_05db0fb1,6bba_05db0fb1:229,pil_only,36,pil_only|6bba_05db0fb1:229|36,0,p:24:527,p:25:1300,p:25:1375,8.75089281159357,10.405076885828379,,,,,,0.520253844291419,0,0,0,
6bba_05db0fb1,6bba_05db0fb1:229,pil_only,37,pil_only|6bba_05db0fb1:229|37,0,p:24:527,p:25:1300,p:25:1408,11.490485194281398,17.577062467886947,,,,,,0.8788531233943473,0,0,0,
6bba_05db0fb1,6bba_05db0fb1:229,pil_only,38,pil_only|6bba_05db0fb1:229|38,0,p:24:527,p:25:1300,p:25:1409,14.804454566109486,18.810734967034115,,,,,,0.9405367483517058,0,0,0,
6bba_05db0fb1,6bba_05db0fb1:229,pil_only,39,pil_only|6bba_05db0fb1:229|39,0,p:24:527,p:25:1300,p:25:1413,15.501512023025366,15.754959536603069,,,,,,0.7877479768301534,0,0,0,
6bba_05db0fb1,6bba_05db0fb1:229,pil_only,40,pil_only|6bba_05db0fb1:229|40,0,p:24:527,p:25:1300,p:25:1443,11.604821196382131,15.754959536603069,,,,,,0.7877479768301534,0,0,0,
6bba_05db0fb1,6bba_05db0fb1:229,pil_only,41,pil_only|6bba_05db0fb1:229|41,0,p:24:527,p:25:1316,p:25:1334,9.475296829123613,10.017172754824587,,,,,,0.5008586377412294,0,0,0,
6bba_05db0fb1,6bba_05db0fb1:229,pil_only,42,pil_only|6bba_05db0fb1:229|42,0,p:24:527,p:25:1316,p:25:1336,11.941262496067994,8.285906709588275,,,,,,0.4142953354794138,0,0,0,
6bba_05db0fb1,6bba_05db0fb1:229,pil_only,43,pil_only|6bba_05db0fb1:229|43,0,p:24:527,p:25:1316,p:25:1338,15.33021933959198,16.65129499468435,,,,,,0.8325647497342175,0,0,0,
6bba_05db0fb1,6bba_05db0fb1:229,pil_only,44,pil_only|6bba_05db0fb1:229|44,0,p:24:527,p:25:1316,p:25:1371,11.604821196382131,10.405076885828379,,,,,,0.520253844291419,0,0,0,
6bba_05db0fb1,6bba_05db0fb1:229,pil_only,45,pil_only|6bba_05db0fb1:229|45,0,p:24:527,p:25:1316,p:25:1375,9.475296829123613,12.160386507015309,,,,,,0.6080193253507654,0,0,0,
6bba_05db0fb1,6bba_05db0fb1:229,pil_only,46,pil_only|6bba_05db0fb1:229|46,0,p:24:527,p:25:1316,p:25:1408,11.490485194281398,16.57181341917655,,,,,,0.8285906709588275,0,0,0,
6bba_05db0fb1,6bba_05db0fb1:229,pil_only,47,pil_only|6bba_05db0fb1:229|47,0,p:24:527,p:25:1316,p:25:1409,14.804454566109486,16.965498076979642,,,,,,0.8482749038489821,0,0,0,
6bba_05db0fb1,6bba_05db0fb1:229,pil_only,48,pil_only|6bba_05db0fb1:229|48,0,p:24:527,p:25:1316,p:25:1474,13.788582233137676,18.240579760522966,,,,,,0.9120289880261483,0,0,0,
6bba_05db0fb1,6bba_05db0fb1:229,pil_only,49,pil_only|6bba_05db0fb1:229|49,0,p:24:527,p:25:1320,p:25:1334,13.595725431178728,17.04314378276496,,,,,,0.852157189138248,0,0,0,
6bba_05db0fb1,6bba_05db0fb1:229,pil_only,50,pil_only|6bba_05db0fb1:229|50,0,p:24:527,p:25:1320,p:25:1338,15.33021933959198,18.022121822915302,,,,,,0.9011060911457651,0,0,0,
6bba_05db0fb1,6bba_05db0fb1:229,pil_only,51,pil_only|6bba_05db0fb1:229|51,0,p:24:527,p:25:1320,p:25:1358,14.534441853748634,17.65201829820035,,,,,,0.8826009149100175,0,0,0,
6bba_05db0fb1,6bba_05db0fb1:229,pil_only,52,pil_only|6bba_05db0fb1:229|52,0,p:24:527,p:25:1320,p:25:1375,13.595725431178728,13.978778558944269,,,,,,0.6989389279472135,0,0,0,
6bba_05db0fb1,6bba_05db0fb1:229,pil_only,53,pil_only|6bba_05db0fb1:229|53,0,p:24:527,p:25:1320,p:25:1413,15.501512023025366,14.625,,,,,,0.73125,0,0,0,
6bba_05db0fb1,6bba_05db0fb1:229,pil_only,54,pil_only|6bba_05db0fb1:229|54,0,p:24:527,p:25:1320,p:25:1443,13.595725431178728,15.33021933959198,,,,,,0.7665109669795991,0,0,0,
6bba_05db0fb1,6bba_05db0fb1:229,pil_only,55,pil_only|6bba_05db0fb1:229|55,0,p:24:527,p:25:1334,p:25:1336,11.941262496067994,16.730398979103875,,,,,,0.8365199489551938,0,0,0,
6bba_05db0fb1,6bba_05db0fb1:229,pil_only,56,pil_only|6bba_05db0fb1:229|56,0,p:24:527,p:25:1334,p:25:1358,14.534441853748634,10.277402395547233,,,,,,0.5138701197773616,0,0,0,
6bba_05db0fb1,6bba_05db0fb1:229,pil_only,57,pil_only|6bba_05db0fb1:229|57,0,p:24:527,p:25:1334,p:25:1371,11.604821196382131,8.443747686898277,,,,,,0.4221873843449139,0,0,0,
6bba_05db0fb1,6bba_05db0fb1:229,pil_only,58,pil_only|6bba_05db0fb1:229|58,1,p:24:527,p:25:1334,p:25:1375,7.960841664045329,13.978778558944269,,,,,,0.6989389279472135,0,0,0,
6bba_05db0fb1,6bba_05db0fb1:229,pil_only,59,pil_only|6bba_05db0fb1:229|59,0,p:24:527,p:25:1334,p:25:1408,11.490485194281398,8.900491559458949,,,,,,0.4450245779729475,0,0,0,
6bba_05db0fb1,6bba_05db0fb1:229,pil_only,60,pil_only|6bba_05db0fb1:229|60,0,p:24:527,p:25:1334,p:25:1443,11.604821196382131,14.804454566109486,,,,,,0.7402227283054743,0,0,0,
6bba_05db0fb1,6bba_05db0fb1:229,pil_only,61,pil_only|6bba_05db0fb1:229|61,0,p:24:527,p:25:1334,p:25:1474,13.788582233137676,17.800983118917898,,,,,,0.890049155945895,0,0,0,
6bba_05db0fb1,6bba_05db0fb1:229,pil_only,62,pil_only|6bba_05db0fb1:229|62,0,p:24:527,p:25:1336,p:25:1338,15.33021933959198,9.884489111734608,,,,,,0.4942244555867304,0,0,0,
6bba_05db0fb1,6bba_05db0fb1:229,pil_only,63,pil_only|6bba_05db0fb1:229|63,0,p:24:527,p:25:1336,p:25:1371,11.941262496067994,16.965498076979642,,,,,,0.8482749038489821,0,0,0,
6bba_05db0fb1,6bba_05db0fb1:229,pil_only,64,pil_only|6bba_05db0fb1:229|64,0,p:24:527,p:25:1336,p:25:1375,11.941262496067994,10.017172754824587,,,,,,0.5008586377412294,0,0,0,
6bba_05db0fb1,6bba_05db0fb1:229,pil_only,65,pil_only|6bba_05db0fb1:229|65,0,p:24:527,p:25:1336,p:25:1409,14.804454566109486,10.405076885828379,,,,,,0.520253844291419,0,0,0,
6bba_05db0fb1,6bba_05db0fb1:229,pil_only,66,pil_only|6bba_05db0fb1:229|66,0,p:24:527,p:25:1336,p:25:1413,15.501512023025366,18.16805231718579,,,,,,0.9084026158592895,0,0,0,
6bba_05db0fb1,6bba_05db0fb1:229,pil_only,67,pil_only|6bba_05db0fb1:229|67,0,p:24:527,p:25:1336,p:25:1474,13.788582233137676,18.810734967034115,,,,,,0.9405367483517058,0,0,0,
6bba_05db0fb1,6bba_05db0fb1:229,pil_only,68,pil_only|6bba_05db0fb1:229|68,0,p:24:527,p:25:1338,p:25:1375,15.33021933959198,10.405076885828379,,,,,,0.520253844291419,0,0,0,
6bba_05db0fb1,6bba_05db0fb1:229,pil_only,69,pil_only|6bba_05db0fb1:229|69,0,p:24:527,p:25:1338,p:25:1409,15.33021933959198,8.900491559458949,,,,,,0.4450245779729475,0,0,0,
6bba_05db0fb1,6bba_05db0fb1:229,pil_only,70,pil_only|6bba_05db0fb1:229|70,0,p:24:527,p:25:1338,p:25:1413,15.501512023025366,11.941262496067994,,,,,,0.5970631248033997,0,0,0,
6bba_05db0fb1,6bba_05db0fb1:229,pil_only,71,pil_only|6bba_05db0fb1:229|71,0,p:24:527,p:25:1358,p:25:1371,14.534441853748634,15.501512023025366,,,,,,0.7750756011512683,0,0,0,
6bba_05db0fb1,6bba_05db0fb1:229,pil_only,72,pil_only|6bba_05db0fb1:229|72,0,p:24:527,p:25:1358,p:25:1375,14.534441853748634,19.90210416011332,,,,,,0.995105208005666,0,0,0,
6bba_05db0fb1,6bba_05db0fb1:229,pil_only,73,pil_only|6bba_05db0fb1:229|73,0,p:24:527,p:25:1358,p:25:1408,14.534441853748634,8.285906709588275,,,,,,0.4142953354794138,0,0,0,
6bba_05db0fb1,6bba_05db0fb1:229,pil_only,74,pil_only|6bba_05db0fb1:229|74,0,p:24:527,p:25:1358,p:25:1443,14.534441853748634,12.481861840286488,,,,,,0.6240930920143244,0,0,0,
6bba_05db0fb1,6bba_05db0fb1:229,pil_only,75,pil_only|6bba_05db0fb1:229|75,0,p:24:527,p:25:1371,p:25:1375,11.604821196382131,16.331047884321446,,,,,,0.8165523942160723,0,0,0,
6bba_05db0fb1,6bba_05db0fb1:229,pil_only,76,pil_only|6bba_05db0fb1:229|76,0,p:24:527,p:25:1371,p:25:1408,11.604821196382131,9.334914300624297,,,,,,0.4667457150312148,0,0,0,
6bba_05db0fb1,6bba_05db0fb1:229,pil_only,77,pil_only|6bba_05db0fb1:229|77,0,p:24:527,p:25:1371,p:25:1443,11.604821196382131,17.50178562318714,,,,,,0.8750892811593569,0,0,0,
6bba_05db0fb1,6bba_05db0fb1:229,pil_only,78,pil_only|6bba_05db0fb1:229|78,0,p:24:527,p:25:1371,p:25:1474,13.788582233137676,14.072912811497128,,,,,,0.7036456405748563,0,0,0,
6bba_05db0fb1,6bba_05db0fb1:229,pil_only,79,pil_only|6bba_05db0fb1:229|79,0,p:24:527,p:25:1375,p:25:1408,11.490485194281398,16.57181341917655,,,,,,0.8285906709588275,0,0,0,
6bba_05db0fb1,6bba_05db0fb1:229,pil_only,80,pil_only|6bba_05db0fb1:229|80,0,p:24:527,p:25:1375,p:25:1409,14.804454566109486,9.334914300624297,,,,,,0.4667457150312148,0,0,0,
6bba_05db0fb1,6bba_05db0fb1:229,pil_only,81,pil_only|6bba_05db0fb1:229|81,0,p:24:527,p:25:1375,p:25:1413,15.501512023025366,10.405076885828379,,,,,,0.520253844291419,0,0,0,
6bba_05db0fb1,6bba_05db0fb1:229,pil_only,82,pil_only|6bba_05db0fb1:229|82,0,p:24:527,p:25:1375,p:25:1443,11.604821196382131,13.498263777241872,,,,,,0.6749131888620936,0,0,0,
6bba_05db0fb1,6bba_05db0fb1:229,pil_only,83,pil_only|6bba_05db0fb1:229|83,0,p:24:527,p:25:1375,p:25:1474,13.788582233137676,13.978778558944269,,,,,,0.6989389279472135,0,0,0,
6bba_05db0fb1,6bba_05db0fb1:229,pil_only,84,pil_only|6bba_05db0fb1:229|84,0,p:24:527,p:25:1408,p:25:1443,11.604821196382131,10.405076885828379,,,,,,0.520253844291419,0,0,0,
6bba_05db0fb1,6bba_05db0fb1:229,pil_only,85,pil_only|6bba_05db0fb1:229|85,0,p:24:527,p:25:1408,p:25:1474,13.788582233137676,13.595725431178728,,,,,,0.6797862715589365,0,0,0,
6bba_05db0fb1,6bba_05db0fb1:229,pil_only,86,pil_only|6bba_05db0fb1:229|86,0,p:24:527,p:25:1409,p:25:1413,15.501512023025366,11.718041645257966,,,,,,0.5859020822628983,0,0,0,
6bba_05db0fb1,6bba_05db0fb1:229,pil_only,87,pil_only|6bba_05db0fb1:229|87,0,p:24:527,p:25:1409,p:25:1474,14.804454566109486,16.168545852982575,,,,,,0.8084272926491287,0,0,0,
6bba_05db0fb1,6bba_05db0fb1:229,pil_only,88,pil_only|6bba_05db0fb1:229|88,0,p:24:527,p:25:1413,p:25:1443,15.501512023025366,16.57181341917655,,,,,,0.8285906709588275,0,0,0,
6bba_05db0fb1,6bba_05db0fb1:229,pil_only,89,pil_only|6bba_05db0fb1:229|89,0,p:24:527,p:25:1413,p:25:1474,15.501512023025366,19.70207793609598,,,,,,0.9851038968047989,0,0,0,
6bba_05db0fb1,6bba_05db0fb1:229,pil_only,90,pil_only|6bba_05db0fb1:229|90,0,p:24:527,p:25:1443,p:25:1474,13.788582233137676,13.301198254292732,,,,,,0.6650599127146366,0,0,0,
6bba_05db0fb1,6bba_05db0fb1:751,pil_only,0,pil_only|6bba_05db0fb1:751|0,0,p:62:2114,p:63:2758,p:63:2761,13.978778558944269,14.534441853748634,,,,,,0.7267220926874317,0,0,0,
6bba_05db0fb1,6bba_05db0fb1:751,pil_only,1,pil_only|6bba_05db0fb1:751|1,0,p:62:2114,p:63:2758,p:63:2775,10.531203634912773,11.490485194281398,,,,,,0.5745242597140698,0,0,0,
6bba_05db0fb1,6bba_05db0fb1:751,pil_only,2,pil_only|6bba_05db0fb1:751|2,0,p:62:2114,p:63:2758,p:63:2788,12.795262795269194,7.621925609713073,,,,,,0.38109628048565364,0,0,0,
6bba_05db0fb1,6bba_05db0fb1:751,pil_only,3,pil_only|6bba_05db0fb1:751|3,0,p:62:2114,p:63:2758,p:63:2820,11.02128622257856,10.531203634912773,,,,,,0.5265601817456387,0,0,0,
6bba_05db0fb1,6bba_05db0fb1:751,pil_only,4,pil_only|6bba_05db0fb1:751|4,0,p:62:2114,p:63:2758,p:63:2841,10.531203634912773,11.604821196382131,,,,,,0.5802410598191066,0,0,0,
6bba_05db0fb1,6bba_05db0fb1:751,pil_only,5,pil_only|6bba_05db0fb1:751|5,0,p:62:2114,p:63:2758,p:63:2855,10.531203634912773,16.168545852982575,,,,,,0.8084272926491287,0,0,0,
6bba_05db0fb1,6bba_05db0fb1:751,pil_only,6,pil_only|6bba_05db0fb1:751|6,0,p:62:2114,p:63:2758,p:63:2857,10.531203634912773,13.498263777241872,,,,,,0.6749131888620936,0,0,0,
6bba_05db0fb1,6bba_05db0fb1:751,pil_only,7,pil_only|6bba_05db0fb1:751|7,0,p:62:2114,p:63:2758,p:63:2859,11.830178570080843,18.45645212385089,,,,,,0.9228226061925445,0,0,0,
6bba_05db0fb1,6bba_05db0fb1:751,pil_only,8,pil_only|6bba_05db0fb1:751|8,0,p:62:2114,p:63:2758,p:63:2872,13.978778558944269,14.715000849473302,,,,,,0.7357500424736652,0,0,0,
6bba_05db0fb1,6bba_05db0fb1:751,pil_only,9,pil_only|6bba_05db0fb1:751|9,0,p:62:2114,p:63:2758,p:63:2874,10.531203634912773,19.5,,,,,,0.975,0,0,0,
6bba_05db0fb1,6bba_05db0fb1:751,pil_only,10,pil_only|6bba_05db0fb1:751|10,0,p:62:2114,p:63:2761,p:63:2775,13.978778558944269,13.978778558944269,,,,,,0.6989389279472135,0,0,0,
6bba_05db0fb1,6bba_05db0fb1:751,pil_only,11,pil_only|6bba_05db0fb1:751|11,0,p:62:2114,p:63:2761,p:63:2788,13.978778558944269,14.351611407782752,,,,,,0.7175805703891376,0,0,0,
6bba_05db0fb1,6bba_05db0fb1:751,pil_only,12,pil_only|6bba_05db0fb1:751|12,0,p:62:2114,p:63:2761,p:63:2841,13.978778558944269,14.072912811497128,,,,,,0.7036456405748563,0,0,0,
6bba_05db0fb1,6bba_05db0fb1:751,pil_only,13,pil_only|6bba_05db0fb1:751|13,0,p:62:2114,p:63:2761,p:63:2857,13.978778558944269,13.498263777241872,,,,,,0.6749131888620936,0,0,0,
6bba_05db0fb1,6bba_05db0fb1:751,pil_only,14,pil_only|6bba_05db0fb1:751|14,0,p:62:2114,p:63:2761,p:63:2859,13.978778558944269,11.375,,,,,,0.56875,0,0,0,
6bba_05db0fb1,6bba_05db0fb1:751,pil_only,15,pil_only|6bba_05db0fb1:751|15,0,p:62:2114,p:63:2761,p:63:2874,13.978778558944269,15.921683328090658,,,,,,0.796084166404533,0,0,0,
6bba_05db0fb1,6bba_05db0fb1:751,pil_only,16,pil_only|6bba_05db0fb1:751|16,0,p:62:2114,p:63:2775,p:63:2788,12.795262795269194,17.04314378276496,,,,,,0.852157189138248,0,0,0,
6bba_05db0fb1,6bba_05db0fb1:751,pil_only,17,pil_only|6bba_05db0fb1:751|17,0,p:62:2114,p:63:2775,p:63:2820,11.02128622257856,13.595725431178728,,,,,,0.6797862715589365,0,0,0,
6bba_05db0fb1,6bba_05db0fb1:751,pil_only,18,pil_only|6bba_05db0fb1:751|18,0,p:62:2114,p:63:2775,p:63:2821,14.625,10.65583760199075,,,,,,0.5327918800995375,0,0,0,
6bba_05db0fb1,6bba_05db0fb1:751,pil_only,19,pil_only|6bba_05db0fb1:751|19,1,p:62:2114,p:63:2775,p:63:2841,8.285906709588275,7.44668550430324,,,,,,0.372334275215162,0,0,0,
6bba_05db0fb1,6bba_05db0fb1:751,pil_only,20,pil_only|6bba_05db0fb1:751|20,0,p:62:2114,p:63:2775,p:63:2855,10.405076885828379,13.101168840985142,,,,,,0.6550584420492571,0,0,0,
6bba_05db0fb1,6bba_05db0fb1:751,pil_only,21,pil_only|6bba_05db0fb1:751|21,0,p:62:2114,p:63:2775,p:63:2857,8.285906709588275,14.259317129512198,,,,,,0.7129658564756098,0,0,0,
6bba_05db0fb1,6bba_05db0fb1:751,pil_only,22,pil_only|6bba_05db0fb1:751|22,0,p:62:2114,p:63:2775,p:63:2859,11.830178570080843,16.965498076979642,,,,,,0.8482749038489821,0,0,0,
6bba_05db0fb1,6bba_05db0fb1:751,pil_only,23,pil_only|6bba_05db0fb1:751|23,0,p:62:2114,p:63:2775,p:63:2874,9.475296829123613,13.201562407533435,,,,,,0.6600781203766718,0,0,0,
6bba_05db0fb1,6bba_05db0fb1:751,pil_only,24,pil_only|6bba_05db0fb1:751|24,0,p:62:2114,p:63:2775,p:63:2946,15.41610359332085,19.768978223469215,,,,,,0.9884489111734608,0,0,0,
6bba_05db0fb1,6bba_05db0fb1:751,pil_only,25,pil_only|6bba_05db0fb1:751|25,0,p:62:2114,p:63:2788,p:63:2820,12.795262795269194,14.89337100860648,,,,,,0.744668550430324,0,0,0,
6bba_05db0fb1,6bba_05db0fb1:751,pil_only,26,pil_only|6bba_05db0fb1:751|26,0,p:62:2114,p:63:2788,p:63:2841,12.795262795269194,14.259317129512198,,,,,,0.7129658564756098,0,0,0,
6bba_05db0fb1,6bba_05db0fb1:751,pil_only,27,pil_only|6bba_05db0fb1:751|27,0,p:62:2114,p:63:2788,p:63:2857,12.795262795269194,11.604821196382131,,,,,,0.5802410598191066,0,0,0,
6bba_05db0fb1,6bba_05db0fb1:751,pil_only,28,pil_only|6bba_05db0fb1:751|28,0,p:62:2114,p:63:2788,p:63:2859,12.795262795269194,16.168545852982575,,,,,,0.8084272926491287,0,0,0,
6bba_05db0fb1,6bba_05db0fb1:751,pil_only,29,pil_only|6bba_05db0fb1:751|29,0,p:62:2114,p:63:2788,p:63:2872,13.978778558944269,13.788582233137676,,,,,,0.6894291116568838,0,0,0,
6bba_05db0fb1,6bba_05db0fb1:751,pil_only,30,pil_only|6bba_05db0fb1:751|30,0,p:62:2114,p:63:2788,p:63:2931,14.351611407782752,16.57181341917655,,,,,,0.8285906709588275,0,0,0,
6bba_05db0fb1,6bba_05db0fb1:751,pil_only,31,pil_only|6bba_05db0fb1:751|31,0,p:62:2114,p:63:2820,p:63:2821,14.625,18.16805231718579,,,,,,0.9084026158592895,0,0,0,
6bba_05db0fb1,6bba_05db0fb1:751,pil_only,32,pil_only|6bba_05db0fb1:751|32,0,p:62:2114,p:63:2820,p:63:2841,11.02128622257856,11.830178570080843,,,,,,0.5915089285040421,0,0,0,
6bba_05db0fb1,6bba_05db0fb1:751,pil_only,33,pil_only|6bba_05db0fb1:751|33,0,p:62:2114,p:63:2820,p:63:2855,11.02128622257856,8.125,,,,,,0.40625,0,0,0,
6bba_05db0fb1,6bba_05db0fb1:751,pil_only,34,pil_only|6bba_05db0fb1:751|34,0,p:62:2114,p:63:2820,p:63:2857,11.02128622257856,15.501512023025366,,,,,,0.7750756011512683,0,0,0,
6bba_05db0fb1,6bba_05db0fb1:751,pil_only,35,pil_only|6bba_05db0fb1:751|35,0,p:62:2114,p:63:2820,p:63:2872,13.978778558944269,9.75,,,,,,0.4875,0,0,0,
6bba_05db0fb1,6bba_05db0fb1:751,pil_only,36,pil_only|6bba_05db0fb1:751|36,0,p:62:2114,p:63:2820,p:63:2874,11.02128622257856,19.63494970709118,,,,,,0.981747485354559,0,0,0,
6bba_05db0fb1,6bba_05db0fb1:751,pil_only,37,pil_only|6bba_05db0fb1:751|37,0,p:62:2114,p:63:2820,p:63:2931,14.351611407782752,18.669828601248593,,,,,,0.9334914300624296,0,0,0,
6bba_05db0fb1,6bba_05db0fb1:751,pil_only,38,pil_only|6bba_05db0fb1:751|38,0,p:62:2114,p:63:2820,p:63:2963,14.804454566109486,18.45645212385089,,,,,,0.9228226061925445,0,0,0,
6bba_05db0fb1,6bba_05db0fb1:751,pil_only,39,pil_only|6bba_05db0fb1:751|39,0,p:62:2114,p:63:2821,p:63:2841,14.625,13.201562407533435,,,,,,0.6600781203766718,0,0,0,
6bba_05db0fb1,6bba_05db0fb1:751,pil_only,40,pil_only|6bba_05db0fb1:751|40,0,p:62:2114,p:63:2821,p:63:2855,14.625,12.795262795269194,,,,,,0.6397631397634597,0,0,0,
6bba_05db0fb1,6bba_05db0fb1:751,pil_only,41,pil_only|6bba_05db0fb1:751|41,0,p:62:2114,p:63:2821,p:63:2874,14.625,14.625,,,,,,0.73125,0,0,0,
6bba_05db0fb1,6bba_05db0fb1:751,pil_only,42,pil_only|6bba_05db0fb1:751|42,0,p:62:2114,p:63:2821,p:63:2946,15.41610359332085,16.168545852982575,,,,,,0.8084272926491287,0,0,0,
6bba_05db0fb1,6bba_05db0fb1:751,pil_only,43,pil_only|6bba_05db0fb1:751|43,0,p:62:2114,p:63:2841,p:63:2855,10.405076885828379,10.277402395547233,,,,,,0.5138701197773616,0,0,0,
6bba_05db0fb1,6bba_05db0fb1:751,pil_only,44,pil_only|6bba_05db0fb1:751|44,0,p:62:2114,p:63:2841,p:63:2857,6.700046641628698,7.621925609713073,,,,,,0.38109628048565364,0,0,0,
6bba_05db0fb1,6bba_05db0fb1:751,pil_only,45,pil_only|6bba_05db0fb1:751|45,0,p:62:2114,p:63:2841,p:63:2859,11.830178570080843,11.941262496067994,,,,,,0.5970631248033997,0,0,0,
6bba_05db0fb1,6bba_05db0fb1:751,pil_only,46,pil_only|6bba_05db0fb1:751|46,0,p:62:2114,p:63:2841,p:63:2872,13.978778558944269,15.33021933959198,,,,,,0.7665109669795991,0,0,0,
6bba_05db0fb1,6bba_05db0fb1:751,pil_only,47,pil_only|6bba_05db0fb1:751|47,0,p:62:2114,p:63:2841,p:63:2874,9.475296829123613,8.443747686898277,,,,,,0.4221873843449139,0,0,0,
6bba_05db0fb1,6bba_05db0fb1:751,pil_only,48,pil_only|6bba_05db0fb1:751|48,0,p:62:2114,p:63:2841,p:63:2931,14.351611407782752,15.33021933959198,,,,,,0.7665109669795991,0,0,0,
6bba_05db0fb1,6bba_05db0fb1:751,pil_only,49,pil_only|6bba_05db0fb1:751|49,0,p:62:2114,p:63:2841,p:63:2946,15.41610359332085,14.625,,,,,,0.73125,0,0,0,
6bba_05db0fb1,6bba_05db0fb1:751,pil_only,50,pil_only|6bba_05db0fb1:751|50,0,p:62:2114,p:63:2841,p:63:2963,14.804454566109486,15.069630055180518,,,,,,0.7534815027590259,0,0,0,
6bba_05db0fb1,6bba_05db0fb1:751,pil_only,51,pil_only|6bba_05db0fb1:751|51,0,p:62:2114,p:63:2855,p:63:2857,10.405076885828379,15.41610359332085,,,,,,0.7708051796660425,0,0,0,
6bba_05db0fb1,6bba_05db0fb1:751,pil_only,52,pil_only|6bba_05db0fb1:751|52,0,p:62:2114,p:63:2855,p:63:2872,13.978778558944269,13.498263777241872,,,,,,0.6749131888620936,0,0,0,
6bba_05db0fb1,6bba_05db0fb1:751,pil_only,53,pil_only|6bba_05db0fb1:751|53,0,p:62:2114,p:63:2855,p:63:2874,10.405076885828379,15.501512023025366,,,,,,0.7750756011512683,0,0,0,
6bba_05db0fb1,6bba_05db0fb1:751,pil_only,54,pil_only|6bba_05db0fb1:751|54,0,p:62:2114,p:63:2855,p:63:2931,14.351611407782752,18.16805231718579,,,,,,0.9084026158592895,0,0,0,
6bba_05db0fb1,6bba_05db0fb1:751,pil_only,55,pil_only|6bba_05db0fb1:751|55,0,p:62:2114,p:63:2855,p:63:2946,15.41610359332085,14.259317129512198,,,,,,0.7129658564756098,0,0,0,
6bba_05db0fb1,6bba_05db0fb1:751,pil_only,56,pil_only|6bba_05db0fb1:751|56,0,p:62:2114,p:63:2855,p:63:2963,14.804454566109486,14.351611407782752,,,,,,0.7175805703891376,0,0,0,
6bba_05db0fb1,6bba_05db0fb1:751,pil_only,57,pil_only|6bba_05db0fb1:751|57,0,p:62:2114,p:63:2857,p:63:2859,11.830178570080843,7.267220926874317,,,,,,0.36336104634371585,0,0,0,
6bba_05db0fb1,6bba_05db0fb1:751,pil_only,58,pil_only|6bba_05db0fb1:751|58,0,p:62:2114,p:63:2857,p:63:2872,13.978778558944269,14.072912811497128,,,,,,0.7036456405748563,0,0,0,
6bba_05db0fb1,6bba_05db0fb1:751,pil_only,59,pil_only|6bba_05db0fb1:751|59,0,p:62:2114,p:63:2857,p:63:2874,9.475296829123613,9.884489111734608,,,,,,0.4942244555867304,0,0,0,
6bba_05db0fb1,6bba_05db0fb1:751,pil_only,60,pil_only|6bba_05db0fb1:751|60,0,p:62:2114,p:63:2857,p:63:2931,14.351611407782752,9.613629647536875,,,,,,0.48068148237684377,0,0,0,
6bba_05db0fb1,6bba_05db0fb1:751,pil_only,61,pil_only|6bba_05db0fb1:751|61,0,p:62:2114,p:63:2857,p:63:2946,15.41610359332085,16.331047884321446,,,,,,0.8165523942160723,0,0,0,
6bba_05db0fb1,6bba_05db0fb1:751,pil_only,62,pil_only|6bba_05db0fb1:751|62,0,p:62:2114,p:63:2857,p:63:2963,14.804454566109486,13.201562407533435,,,,,,0.6600781203766718,0,0,0,
6bba_05db0fb1,6bba_05db0fb1:751,pil_only,63,pil_only|6bba_05db0fb1:751|63,0,p:62:2114,p:63:2859,p:63:2874,11.830178570080843,9.334914300624297,,,,,,0.4667457150312148,0,0,0,
6bba_05db0fb1,6bba_05db0fb1:751,pil_only,64,pil_only|6bba_05db0fb1:751|64,0,p:62:2114,p:63:2859,p:63:2931,14.351611407782752,14.072912811497128,,,,,,0.7036456405748563,0,0,0,
6bba_05db0fb1,6bba_05db0fb1:751,pil_only,65,pil_only|6bba_05db0fb1:751|65,0,p:62:2114,p:63:2859,p:63:2946,15.41610359332085,18.16805231718579,,,,,,0.9084026158592895,0,0,0,
6bba_05db0fb1,6bba_05db0fb1:751,pil_only,66,pil_only|6bba_05db0fb1:751|66,0,p:62:2114,p:63:2859,p:63:2963,14.804454566109486,17.35025215955088,,,,,,0.867512607977544,0,0,0,
6bba_05db0fb1,6bba_05db0fb1:751,pil_only,67,pil_only|6bba_05db0fb1:751|67,0,p:62:2114,p:63:2872,p:63:2931,14.351611407782752,12.160386507015309,,,,,,0.6080193253507654,0,0,0,
6bba_05db0fb1,6bba_05db0fb1:751,pil_only,68,pil_only|6bba_05db0fb1:751|68,0,p:62:2114,p:63:2872,p:63:2963,14.804454566109486,14.625,,,,,,0.73125,0,0,0,
6bba_05db0fb1,6bba_05db0fb1:751,pil_only,69,pil_only|6bba_05db0fb1:751|69,0,p:62:2114,p:63:2874,p:63:2931,14.351611407782752,16.086679271993955,,,,,,0.8043339635996978,0,0,0,
6bba_05db0fb1,6bba_05db0fb1:751,pil_only,70,pil_only|6bba_05db0fb1:751|70,0,p:62:2114,p:63:2874,p:63:2946,15.41610359332085,10.531203634912773,,,,,,0.5265601817456387,0,0,0,
6bba_05db0fb1,6bba_05db0fb1:751,pil_only,71,pil_only|6bba_05db0fb1:751|71,0,p:62:2114,p:63:2874,p:63:2963,14.804454566109486,14.259317129512198,,,,,,0.7129658564756098,0,0,0,
6bba_05db0fb1,6bba_05db0fb1:751,pil_only,72,pil_only|6bba_05db0fb1:751|72,0,p:62:2114,p:63:2931,p:63:2946,15.41610359332085,17.04314378276496,,,,,,0.852157189138248,0,0,0,
6bba_05db0fb1,6bba_05db0fb1:751,pil_only,73,pil_only|6bba_05db0fb1:751|73,0,p:62:2114,p:63:2931,p:63:2963,14.804454566109486,8.75089281159357,,,,,,0.43754464057967846,0,0,0,
6bba_05db0fb1,6bba_05db0fb1:751,pil_only,74,pil_only|6bba_05db0fb1:751|74,0,p:62:2114,p:63:2946,p:63:2963,15.41610359332085,9.884489111734608,,,,,,0.4942244555867304,0,0,0,
6bba_05db0fb1,6bba_05db0fb1:229,union,0,union|6bba_05db0fb1:229|0,0,p:24:527,c:25:1235:163,c:25:1272:202,14.259317129512198,9.75,0.033092037228541885,,,,,0.4875,0,2,2,0.8647418646825691
6bba_05db0fb1,6bba_05db0fb1:229,union,1,union|6bba_05db0fb1:229|1,0,p:24:527,c:25:1235:163,c:25:1284:110,15.33021933959198,11.941262496067994,0.9477766287487074,,,,,0.5970631248033997,0,2,2,0.9226491901131274
6bba_05db0fb1,6bba_05db0fb1:229,union,2,union|6bba_05db0fb1:229|2,0,p:24:527,c:25:1235:163,c:25:1300:168,14.259317129512198,11.718041645257966,0.8011599005799502,,,,,0.5859020822628983,0,2,2,0.9140898501567012
6bba_05db0fb1,6bba_05db0fb1:229,union,3,union|6bba_05db0fb1:229|3,0,p:24:527,c:25:1235:163,c:25:1316:200,14.259317129512198,12.691655723348314,0.7549120992761117,,,,,0.6345827861674157,0,2,2,0.913135129166893
6bba_05db0fb1,6bba_05db0fb1:229,union,4,union|6bba_05db0fb1:229|4,0,p:24:527,c:25:1235:163,c:25:1320:670,14.259317129512198,17.426183603990864,0.8928901200369345,,,,,0.8713091801995432,0,2,2,0.9038930297803559
6bba_05db0fb1,6bba_05db0fb1:229,union,5,union|6bba_05db0fb1:229|5,0,p:24:527,c:25:1235:163,c:25:1334:669,14.259317129512198,9.884489111734608,0.56153050672182,,,,,0.4942244555867304,0,2,2,0.8962177446137227
6bba_05db0fb1,6bba_05db0fb1:229,union,6,union|6bba_05db0fb1:229|6,0,p:24:527,c:25:1235:163,p:25:1336,14.259317129512198,18.740414216340042,,,,,,0.9370207108170021,0,1,1,0.9158833605673592
6bba_05db0fb1,6bba_05db0fb1:229,union,7,union|6bba_05db0fb1:229|7,0,p:24:527,c:25:1235:163,p:25:1358,14.534441853748634,16.331047884321446,,,,,,0.8165523942160723,0,1,1,0.9158833605673592
6bba_05db0fb1,6bba_05db0fb1:229,union,8,union|6bba_05db0fb1:229|8,0,p:24:527,c:25:1235:163,p:25:1371,14.259317129512198,16.730398979103875,,,,,,0.8365199489551938,0,1,1,0.9158833605673592
6bba_05db0fb1,6bba_05db0fb1:229,union,9,union|6bba_05db0fb1:229|9,0,p:24:527,c:25:1235:163,p:25:1375,14.259317129512198,18.740414216340042,,,,,,0.9370207108170021,0,1,1,0.9158833605673592
6bba_05db0fb1,6bba_05db0fb1:229,union,10,union|6bba_05db0fb1:229|10,0,p:24:527,c:25:1235:163,p:25:1408,14.259317129512198,18.45645212385089,,,,,,0.9228226061925445,0,1,1,0.9158833605673592
6bba_05db0fb1,6bba_05db0fb1:229,union,11,union|6bba_05db0fb1:229|11,0,p:24:527,c:25:1235:163,f:25:179,15.002702726053776,11.611612319696086,0.7461220268872802,,,,,0.5805806159848043,1,2,1,0.9204332054594278
6bba_05db0fb1,6bba_05db0fb1:229,union,12,union|6bba_05db0fb1:229|12,0,p:24:527,c:25:1235:163,f:25:189,14.259317129512198,9.291836057776457,0.6551189245087901,,,,,0.46459180288882285,1,2,1,0.914345892584346
6bba_05db0fb1,6bba_05db0fb1:229,union,13,union|6bba_05db0fb1:229|13,0,p:24:527,c:25:1235:163,f:25:662,14.259317129512198,18.86266532389212,0.42450879007238884,,,,,0.943133266194606,1,2,1,0.9059271535552342
6bba_05db0fb1,6bba_05db0fb1:229,union,14,union|6bba_05db0fb1:229|14,0,p:24:527,c:25:1235:163,f:25:666,14.259317129512198,17.04251695116328,0.5186142709410548,,,,,0.8521258475581639,1,2,1,0.9260074127218898
6bba_05db0fb1,6bba_05db0fb1:229,union,15,union|6bba_05db0fb1:229|15,0,p:24:527,c:25:1272:202,c:25:1284:110,15.33021933959198,16.411695524838375,0.03491543917075832,,,,,0.8205847762419187,0,2,2,0.8715076942283373
6bba_05db0fb1,6bba_05db0fb1:229,union,16,union|6bba_05db0fb1:229|16,0,p:24:527,c:25:1272:202,c:25:1300:168,10.405076885828379,7.960841664045329,0.026512013256006627,,,,,0.3980420832022665,0,2,2,0.8629483542719111
6bba_05db0fb1,6bba_05db0fb1:229,union,17,union|6bba_05db0fb1:229|17,0,p:24:527,c:25:1272:202,c:25:1316:200,10.405076885828379,8.75089281159357,0.043835616438356165,,,,,0.43754464057967846,0,2,2,0.861993633282103
6bba_05db0fb1,6bba_05db0fb1:229,union,18,union|6bba_05db0fb1:229|18,0,p:24:527,c:25:1272:202,c:25:1320:670,13.595725431178728,14.804454566109486,0.029547553093259463,,,,,0.7402227283054743,0,2,2,0.8527515338955658
6bba_05db0fb1,6bba_05db0fb1:229,union,19,union|6bba_05db0fb1:229|19,0,p:24:527,c:25:1272:202,c:25:1334:669,10.405076885828379,12.268480957314969,0.058931860036832415,,,,,0.6134240478657484,0,2,2,0.8450762487289326
6bba_05db0fb1,6bba_05db0fb1:229,union,20,union|6bba_05db0fb1:229|20,0,p:24:527,c:25:1272:202,p:25:1336,11.941262496067994,10.405076885828379,,,,,,0.520253844291419,0,1,1,0.8136003687977791
6bba_05db0fb1,6bba_05db0fb1:229,union,21,union|6bba_05db0fb1:229|21,0,p:24:527,c:25:1272:202,c:25:1338:679,15.33021933959198,13.400093283257396,0.04221635883905013,,,,,0.6700046641628699,0,2,2,0.8594504063924415
6bba_05db0fb1,6bba_05db0fb1:229,union,22,union|6bba_05db0fb1:229|22,0,p:24:527,c:25:1272:202,p:25:1371,11.604821196382131,17.35025215955088,,,,,,0.867512607977544,0,1,1,0.8136003687977791
6bba_05db0fb1,6bba_05db0fb1:229,union,23,union|6bba_05db0fb1:229|23,0,p:24:527,c:25:1272:202,p:25:1375,10.405076885828379,11.830178570080843,,,,,,0.5915089285040421,0,1,1,0.8136003687977791
6bba_05db0fb1,6bba_05db0fb1:229,union,24,union|6bba_05db0fb1:229|24,0,p:24:527,c:25:1272:202,c:25:1409:733,14.804454566109486,17.948711652929298,0.367816091954023,,,,,0.8974355826464648,0,2,2,0.7042575540641944
6bba_05db0fb1,6bba_05db0fb1:229,union,25,union|6bba_05db0fb1:229|25,0,p:24:527,c:25:1272:202,c:25:1413:772,15.501512023025366,19.63494970709118,0.03936039360393604,,,,,0.981747485354559,0,2,2,0.8560521446150093
6bba_05db0fb1,6bba_05db0fb1:229,union,26,union|6bba_05db0fb1:229|26,0,p:24:527,c:25:1272:202,f:25:179,15.002702726053776,16.101640217379874,0.04435204435204435,,,,,0.8050820108689937,1,2,1,0.8692917095746377
6bba_05db0fb1,6bba_05db0fb1:229,union,27,union|6bba_05db0fb1:229|27,0,p:24:527,c:25:1272:202,f:25:189,10.583517590750926,0.5665263729293613,0.050513022888713496,,,,,0.028326318646468063,1,2,1,0.863204396699556
6bba_05db0fb1,6bba_05db0fb1:229,union,28,union|6bba_05db0fb1:229|28,0,p:24:527,c:25:1272:202,f:25:662,11.503810435684485,10.379894542896348,0.0779537149817296,,,,,0.5189947271448174,1,2,1,0.8547856576704442
6bba_05db0fb1,6bba_05db0fb1:229,union,29,union|6bba_05db0fb1:229|29,0,p:24:527,c:25:1272:202,f:25:664,15.43542085130226,18.832369491059232,0.03382663847780127,,,,,0.9416184745529617,1,2,1,0.8674927590371564
6bba_05db0fb1,6bba_05db0fb1:229,union,30,union|6bba_05db0fb1:229|30,0,p:24:527,c:25:1272:202,f:25:666,10.405076885828379,10.325179692177398,0.06380857427716849,,,,,0.5162589846088699,1,2,1,0.8748659168370997
6bba_05db0fb1,6bba_05db0fb1:229,union,31,union|6bba_05db0fb1:229|31,0,p:24:527,c:25:1272:202,f:25:696,13.677967118725329,12.90529864345962,0.810126582278481,,,,,0.645264932172981,1,2,1,0.8190848609974868
6bba_05db0fb1,6bba_05db0fb1:229,union,32,union|6bba_05db0fb1:229|32,0,p:24:527,c:25:1284:110,c:25:1300:168,15.33021933959198,11.02128622257856,0.7593206296603149,,,,,0.551064311128928,0,2,2,0.9208556797024694
6bba_05db0fb1,6bba_05db0fb1:229,union,33,union|6bba_05db0fb1:229|33,0,p:24:527,c:25:1284:110,c:25:1320:670,15.33021933959198,11.375,0.8462603878116344,,,,,0.56875,0,2,2,0.9106588593261241
6bba_05db0fb1,6bba_05db0fb1:229,union,34,union|6bba_05db0fb1:229|34,0,p:24:527,c:25:1284:110,c:25:1334:669,15.33021933959198,12.691655723348314,0.5924713584288053,,,,,0.6345827861674157,0,2,2,0.9029835741594909
6bba_05db0fb1,6bba_05db0fb1:229,union,35,union|6bba_05db0fb1:229|35,0,p:24:527,c:25:1284:110,p:25:1358,15.33021933959198,10.405076885828379,,,,,,0.520253844291419,0,1,1,0.9294150196588956
6bba_05db0fb1,6bba_05db0fb1:229,union,36,union|6bba_05db0fb1:229|36,0,p:24:527,c:25:1284:110,p:25:1375,15.33021933959198,19.56759119053748,,,,,,0.978379559526874,0,1,1,0.9294150196588956
6bba_05db0fb1,6bba_05db0fb1:229,union,37,union|6bba_05db0fb1:229|37,0,p:24:527,c:25:1284:110,p:25:1408,15.33021933959198,16.65129499468435,,,,,,0.8325647497342175,0,1,1,0.9294150196588956
6bba_05db0fb1,6bba_05db0fb1:229,union,38,union|6bba_05db0fb1:229|38,0,p:24:527,c:25:1284:110,p:25:1443,15.33021933959198,17.04314378276496,,,,,,0.852157189138248,0,1,1,0.9294150196588956
6bba_05db0fb1,6bba_05db0fb1:229,union,39,union|6bba_05db0fb1:229|39,0,p:24:527,c:25:1284:110,f:25:179,15.33021933959198,0.4039251512135042,0.7872340425531915,,,,,0.02019625756067521,1,2,1,0.927199035005196
6bba_05db0fb1,6bba_05db0fb1:229,union,40,union|6bba_05db0fb1:229|40,0,p:24:527,c:25:1284:110,f:25:189,15.33021933959198,16.33334462943666,0.6912165848336062,,,,,0.816667231471833,1,2,1,0.9211117221301142
6bba_05db0fb1,6bba_05db0fb1:229,union,41,union|6bba_05db0fb1:229|41,0,p:24:527,c:25:1284:110,f:25:666,15.33021933959198,18.11053242841738,0.547190398254228,,,,,0.9055266214208689,1,2,1,0.932773242267658
6bba_05db0fb1,6bba_05db0fb1:229,union,42,union|6bba_05db0fb1:229|42,0,p:24:527,c:25:1300:168,c:25:1316:200,9.475296829123613,13.884006086140989,0.6048053024026512,,,,,0.6942003043070495,0,2,2,0.9113416187562349
6bba_05db0fb1,6bba_05db0fb1:229,union,43,union|6bba_05db0fb1:229|43,0,p:24:527,c:25:1300:168,c:25:1320:670,13.595725431178728,7.083210783253595,0.8972659486329743,,,,,0.35416053916267975,0,2,2,0.9020995193696979
6bba_05db0fb1,6bba_05db0fb1:229,union,44,union|6bba_05db0fb1:229|44,0,p:24:527,c:25:1300:168,c:25:1334:669,8.75089281159357,11.830178570080843,0.4498757249378625,,,,,0.5915089285040421,0,2,2,0.8944242342030646
6bba_05db0fb1,6bba_05db0fb1:229,union,45,union|6bba_05db0fb1:229|45,0,p:24:527,c:25:1300:168,p:25:1336,11.941262496067994,15.33021933959198,,,,,,0.7665109669795991,0,1,1,0.9122963397460431
6bba_05db0fb1,6bba_05db0fb1:229,union,46,union|6bba_05db0fb1:229|46,0,p:24:527,c:25:1300:168,c:25:1338:679,15.33021933959198,14.89337100860648,0.628003314001657,,,,,0.744668550430324,0,2,2,0.9087983918665736
6bba_05db0fb1,6bba_05db0fb1:229,union,47,union|6bba_05db0fb1:229|47,0,p:24:527,c:25:1300:168,p:25:1358,14.534441853748634,16.331047884321446,,,,,,0.8165523942160723,0,1,1,0.9122963397460431
6bba_05db0fb1,6bba_05db0fb1:229,union,48,union|6bba_05db0fb1:229|48,0,p:24:527,c:25:1300:168,p:25:1371,11.604821196382131,18.810734967034115,,,,,,0.9405367483517058,0,1,1,0.9122963397460431
6bba_05db0fb1,6bba_05db0fb1:229,union,49,union|6bba_05db0fb1:229|49,0,p:24:527,c:25:1300:168,p:25:1375,8.75089281159357,10.405076885828379,,,,,,0.520253844291419,0,1,1,0.9122963397460431
6bba_05db0fb1,6bba_05db0fb1:229,union,50,union|6bba_05db0fb1:229|50,0,p:24:527,c:25:1300:168,p:25:1408,11.490485194281398,17.577062467886947,,,,,,0.8788531233943473,0,1,1,0.9122963397460431
6bba_05db0fb1,6bba_05db0fb1:229,union,51,union|6bba_05db0fb1:229|51,0,p:24:527,c:25:1300:168,c:25:1409:733,14.804454566109486,18.810734967034115,0.07207953603976802,,,,,0.9405367483517058,0,2,2,0.7536055395383263
6bba_05db0fb1,6bba_05db0fb1:229,union,52,union|6bba_05db0fb1:229|52,0,p:24:527,c:25:1300:168,c:25:1413:772,15.501512023025366,15.754959536603069,0.6735708367854184,,,,,0.7877479768301534,0,2,2,0.9054001300891414
6bba_05db0fb1,6bba_05db0fb1:229,union,53,union|6bba_05db0fb1:229|53,0,p:24:527,c:25:1300:168,p:25:1443,11.604821196382131,15.754959536603069,,,,,,0.7877479768301534,0,1,1,0.9122963397460431
6bba_05db0fb1,6bba_05db0fb1:229,union,54,union|6bba_05db0fb1:229|54,0,p:24:527,c:25:1300:168,f:25:179,15.002702726053776,10.801515060391061,0.5977630488815244,,,,,0.540075753019553,1,2,1,0.9186396950487697
6bba_05db0fb1,6bba_05db0fb1:229,union,55,union|6bba_05db0fb1:229|55,0,p:24:527,c:25:1300:168,f:25:189,10.583517590750926,8.234181103027773,0.5248550124275062,,,,,0.4117090551513886,1,2,1,0.912552382173688
6bba_05db0fb1,6bba_05db0fb1:229,union,56,union|6bba_05db0fb1:229|56,0,p:24:527,c:25:1300:168,f:25:662,11.503810435684485,14.894047442226581,0.34009942004971,,,,,0.7447023721113291,1,2,1,0.9041336431445761
6bba_05db0fb1,6bba_05db0fb1:229,union,57,union|6bba_05db0fb1:229|57,0,p:24:527,c:25:1300:168,f:25:664,15.43542085130226,19.59141772250528,0.7837613918806959,,,,,0.979570886125264,1,2,1,0.9168407445112885
6bba_05db0fb1,6bba_05db0fb1:229,union,58,union|6bba_05db0fb1:229|58,0,p:24:527,c:25:1300:168,f:25:666,8.75089281159357,8.87841030529297,0.4154929577464789,,,,,0.4439205152646485,1,2,1,0.9242139023112317
6bba_05db0fb1,6bba_05db0fb1:229,union,59,union|6bba_05db0fb1:229|59,0,p:24:527,c:25:1300:168,f:25:696,13.677967118725329,15.29158370240027,0.03272576636288318,,,,,0.7645791851200135,1,2,1,0.8684328464716187
6bba_05db0fb1,6bba_05db0fb1:229,union,60,union|6bba_05db0fb1:229|60,0,p:24:527,c:25:1316:200,c:25:1334:669,9.475296829123613,10.017172754824587,0.7438356164383562,,,,,0.5008586377412294,0,2,2,0.8934695132132564
6bba_05db0fb1,6bba_05db0fb1:229,union,61,union|6bba_05db0fb1:229|61,0,p:24:527,c:25:1316:200,p:25:1336,11.941262496067994,8.285906709588275,,,,,,0.4142953354794138,0,1,1,0.9103868977664268
6bba_05db0fb1,6bba_05db0fb1:229,union,62,union|6bba_05db0fb1:229|62,0,p:24:527,c:25:1316:200,c:25:1338:679,15.33021933959198,16.65129499468435,0.9630606860158312,,,,,0.8325647497342175,0,2,2,0.9078436708767654
6bba_05db0fb1,6bba_05db0fb1:229,union,63,union|6bba_05db0fb1:229|63,0,p:24:527,c:25:1316:200,p:25:1371,11.604821196382131,10.405076885828379,,,,,,0.520253844291419,0,1,1,0.9103868977664268
6bba_05db0fb1,6bba_05db0fb1:229,union,64,union|6bba_05db0fb1:229|64,0,p:24:527,c:25:1316:200,p:25:1375,9.475296829123613,12.160386507015309,,,,,,0.6080193253507654,0,1,1,0.9103868977664268
6bba_05db0fb1,6bba_05db0fb1:229,union,65,union|6bba_05db0fb1:229|65,0,p:24:527,c:25:1316:200,p:25:1408,11.490485194281398,16.57181341917655,,,,,,0.8285906709588275,0,1,1,0.9103868977664268
6bba_05db0fb1,6bba_05db0fb1:229,union,66,union|6bba_05db0fb1:229|66,0,p:24:527,c:25:1316:200,c:25:1409:733,14.804454566109486,16.965498076979642,0.11917808219178082,,,,,0.8482749038489821,0,2,2,0.7526508185485182
6bba_05db0fb1,6bba_05db0fb1:229,union,67,union|6bba_05db0fb1:229|67,0,p:24:527,c:25:1316:200,p:25:1474,13.788582233137676,18.240579760522966,,,,,,0.9120289880261483,0,1,1,0.9103868977664268
6bba_05db0fb1,6bba_05db0fb1:229,union,68,union|6bba_05db0fb1:229|68,0,p:24:527,c:25:1316:200,f:25:179,15.002702726053776,19.973564514168636,0.9883561643835617,,,,,0.9986782257084318,1,2,1,0.9176849740589617
6bba_05db0fb1,6bba_05db0fb1:229,union,69,union|6bba_05db0fb1:229|69,0,p:24:527,c:25:1316:200,f:25:189,10.583517590750926,8.586199634965228,0.8678082191780822,,,,,0.4293099817482614,1,2,1,0.9115976611838799
6bba_05db0fb1,6bba_05db0fb1:229,union,70,union|6bba_05db0fb1:229|70,0,p:24:527,c:25:1316:200,f:25:662,11.503810435684485,8.632153735249497,0.5623287671232877,,,,,0.43160768676247485,1,2,1,0.903178922154768
6bba_05db0fb1,6bba_05db0fb1:229,union,71,union|6bba_05db0fb1:229|71,0,p:24:527,c:25:1316:200,f:25:664,15.43542085130226,17.684149593863367,0.7716701902748414,,,,,0.8842074796931684,1,2,1,0.9158860235214803
6bba_05db0fb1,6bba_05db0fb1:229,union,72,union|6bba_05db0fb1:229|72,0,p:24:527,c:25:1316:200,f:25:666,9.475296829123613,11.149519756937908,0.686986301369863,,,,,0.5574759878468953,1,2,1,0.9232591813214235
6bba_05db0fb1,6bba_05db0fb1:229,union,73,union|6bba_05db0fb1:229|73,0,p:24:527,c:25:1316:200,f:25:696,13.677967118725329,14.109212377013307,0.05410958904109589,,,,,0.7054606188506654,1,2,1,0.8674781254818106
6bba_05db0fb1,6bba_05db0fb1:229,union,74,union|6bba_05db0fb1:229|74,0,p:24:527,c:25:1320:670,c:25:1334:669,13.595725431178728,17.04314378276496,0.5013850415512465,,,,,0.852157189138248,0,2,2,0.8842274138267194
6bba_05db0fb1,6bba_05db0fb1:229,union,75,union|6bba_05db0fb1:229|75,0,p:24:527,c:25:1320:670,c:25:1338:679,15.33021933959198,18.022121822915302,0.6999076638965835,,,,,0.9011060911457651,0,2,2,0.8986015714902283
6bba_05db0fb1,6bba_05db0fb1:229,union,76,union|6bba_05db0fb1:229|76,0,p:24:527,c:25:1320:670,p:25:1358,14.534441853748634,17.65201829820035,,,,,,0.8826009149100175,0,1,1,0.8919026989933526
6bba_05db0fb1,6bba_05db0fb1:229,union,77,union|6bba_05db0fb1:229|77,0,p:24:527,c:25:1320:670,p:25:1375,13.595725431178728,13.978778558944269,,,,,,0.6989389279472135,0,1,1,0.8919026989933526
6bba_05db0fb1,6bba_05db0fb1:229,union,78,union|6bba_05db0fb1:229|78,0,p:24:527,c:25:1320:670,c:25:1413:772,15.501512023025366,14.625,0.7506925207756233,,,,,0.73125,0,2,2,0.8952033097127962
6bba_05db0fb1,6bba_05db0fb1:229,union,79,union|6bba_05db0fb1:229|79,0,p:24:527,c:25:1320:670,p:25:1443,13.595725431178728,15.33021933959198,,,,,,0.7665109669795991,0,1,1,0.8919026989933526
6bba_05db0fb1,6bba_05db0fb1:229,union,80,union|6bba_05db0fb1:229|80,0,p:24:527,c:25:1320:670,f:25:179,15.002702726053776,11.386710367034803,0.6662049861495845,,,,,0.5693355183517401,1,2,1,0.9084428746724245
6bba_05db0fb1,6bba_05db0fb1:229,union,81,union|6bba_05db0fb1:229|81,0,p:24:527,c:25:1320:670,f:25:189,13.595725431178728,15.119612123262343,0.5849492151431209,,,,,0.7559806061631171,1,2,1,0.9023555617973427
6bba_05db0fb1,6bba_05db0fb1:229,union,82,union|6bba_05db0fb1:229|82,0,p:24:527,c:25:1320:670,f:25:666,13.595725431178728,13.033663870000307,0.4630655586334257,,,,,0.6516831935000154,1,2,1,0.9140170819348865
6bba_05db0fb1,6bba_05db0fb1:229,union,83,union|6bba_05db0fb1:229|83,0,p:24:527,c:25:1320:670,f:25:696,13.677967118725329,19.33915519720129,0.03647276084949215,,,,,0.9669577598600645,1,2,1,0.8582360260952735
6bba_05db0fb1,6bba_05db0fb1:229,union,84,union|6bba_05db0fb1:229|84,0,p:24:527,c:25:1334:669,p:25:1336,11.941262496067994,16.730398979103875,,,,,,0.8365199489551938,0,1,1,0.8765521286600861
6bba_05db0fb1,6bba_05db0fb1:229,union,85,union|6bba_05db0fb1:229|85,0,p:24:527,c:25:1334:669,p:25:1358,14.534441853748634,10.277402395547233,,,,,,0.5138701197773616,0,1,1,0.8765521286600861
6bba_05db0fb1,6bba_05db0fb1:229,union,86,union|6bba_05db0fb1:229|86,0,p:24:527,c:25:1334:669,p:25:1371,11.604821196382131,8.443747686898277,,,,,,0.4221873843449139,0,1,1,0.8765521286600861
6bba_05db0fb1,6bba_05db0fb1:229,union,87,union|6bba_05db0fb1:229|87,1,p:24:527,c:25:1334:669,p:25:1375,7.960841664045329,13.978778558944269,,,,,,0.6989389279472135,0,1,1,0.8765521286600861
6bba_05db0fb1,6bba_05db0fb1:229,union,88,union|6bba_05db0fb1:229|88,0,p:24:527,c:25:1334:669,p:25:1408,11.490485194281398,8.900491559458949,,,,,,0.4450245779729475,0,1,1,0.8765521286600861
6bba_05db0fb1,6bba_05db0fb1:229,union,89,union|6bba_05db0fb1:229|89,0,p:24:527,c:25:1334:669,p:25:1443,11.604821196382131,14.804454566109486,,,,,,0.7402227283054743,0,1,1,0.8765521286600861
6bba_05db0fb1,6bba_05db0fb1:229,union,90,union|6bba_05db0fb1:229|90,0,p:24:527,c:25:1334:669,p:25:1474,13.788582233137676,17.800983118917898,,,,,,0.890049155945895,0,1,1,0.8765521286600861
6bba_05db0fb1,6bba_05db0fb1:229,union,91,union|6bba_05db0fb1:229|91,0,p:24:527,c:25:1334:669,f:25:179,15.002702726053776,12.297693152747557,0.7525987525987526,,,,,0.6148846576373779,1,2,1,0.9007675895057913
6bba_05db0fb1,6bba_05db0fb1:229,union,92,union|6bba_05db0fb1:229|92,0,p:24:527,c:25:1334:669,f:25:189,10.583517590750926,12.068862860684472,0.8571428571428571,,,,,0.6034431430342236,1,2,1,0.8946802766307095
6bba_05db0fb1,6bba_05db0fb1:229,union,93,union|6bba_05db0fb1:229|93,0,p:24:527,c:25:1334:669,f:25:662,11.503810435684485,16.662713033488494,0.7559852670349908,,,,,0.8331356516744247,1,2,1,0.8862615376015976
6bba_05db0fb1,6bba_05db0fb1:229,union,94,union|6bba_05db0fb1:229|94,0,p:24:527,c:25:1334:669,f:25:666,7.960841664045329,12.643790972048107,0.923572744014733,,,,,0.6321895486024054,1,2,1,0.9063417967682532
6bba_05db0fb1,6bba_05db0fb1:229,union,95,union|6bba_05db0fb1:229|95,0,p:24:527,p:25:1336,c:25:1338:679,15.33021933959198,9.884489111734608,,,,,,0.4942244555867304,0,1,1,0.9053004439871041
6bba_05db0fb1,6bba_05db0fb1:229,union,96,union|6bba_05db0fb1:229|96,0,p:24:527,p:25:1336,p:25:1371,11.941262496067994,16.965498076979642,,,,,,0.8482749038489821,0,0,0,
6bba_05db0fb1,6bba_05db0fb1:229,union,97,union|6bba_05db0fb1:229|97,0,p:24:527,p:25:1336,p:25:1375,11.941262496067994,10.017172754824587,,,,,,0.5008586377412294,0,0,0,
6bba_05db0fb1,6bba_05db0fb1:229,union,98,union|6bba_05db0fb1:229|98,0,p:24:527,p:25:1336,c:25:1409:733,14.804454566109486,10.405076885828379,,,,,,0.520253844291419,0,1,1,0.5949147393306097
6bba_05db0fb1,6bba_05db0fb1:229,union,99,union|6bba_05db0fb1:229|99,0,p:24:527,p:25:1336,c:25:1413:772,15.501512023025366,18.16805231718579,,,,,,0.9084026158592895,0,1,1,0.8985039204322397
6bba_05db0fb1,6bba_05db0fb1:229,union,100,union|6bba_05db0fb1:229|100,0,p:24:527,p:25:1336,p:25:1474,13.788582233137676,18.810734967034115,,,,,,0.9405367483517058,0,0,0,
6bba_05db0fb1,6bba_05db0fb1:229,union,101,union|6bba_05db0fb1:229|101,0,p:24:527,p:25:1336,f:25:189,11.941262496067994,10.645466016338636,,,,,,0.5322733008169318,1,1,0,0.9128084246013328
6bba_05db0fb1,6bba_05db0fb1:229,union,102,union|6bba_05db0fb1:229|102,0,p:24:527,p:25:1336,f:25:662,11.941262496067994,0.8790765504643344,,,,,,0.04395382752321672,1,1,0,0.8959709465431093
6bba_05db0fb1,6bba_05db0fb1:229,union,103,union|6bba_05db0fb1:229|103,0,p:24:527,p:25:1336,f:25:664,15.43542085130226,11.178303564926074,,,,,,0.5589151782463037,1,1,0,0.9213851492765338
6bba_05db0fb1,6bba_05db0fb1:229,union,104,union|6bba_05db0fb1:229|104,0,p:24:527,p:25:1336,f:25:666,11.941262496067994,9.860673359763819,,,,,,0.4930336679881909,1,1,0,0.9361314648764203
6bba_05db0fb1,6bba_05db0fb1:229,union,105,union|6bba_05db0fb1:229|105,0,p:24:527,p:25:1336,f:25:696,13.677967118725329,6.733898435540282,,,,,,0.3366949217770141,1,1,0,0.8245693531971944
6bba_05db0fb1,6bba_05db0fb1:229,union,106,union|6bba_05db0fb1:229|106,0,p:24:527,c:25:1338:679,p:25:1375,15.33021933959198,10.405076885828379,,,,,,0.520253844291419,0,1,1,0.9053004439871041
6bba_05db0fb1,6bba_05db0fb1:229,union,107,union|6bba_05db0fb1:229|107,0,p:24:527,c:25:1338:679,c:25:1409:733,15.33021933959198,8.900491559458949,0.11477572559366754,,,,,0.4450245779729475,0,2,2,0.7501075916588569
6bba_05db0fb1,6bba_05db0fb1:229,union,108,union|6bba_05db0fb1:229|108,0,p:24:527,c:25:1338:679,c:25:1413:772,15.501512023025366,11.941262496067994,0.932349323493235,,,,,0.5970631248033997,0,2,2,0.9019021822096719
6bba_05db0fb1,6bba_05db0fb1:229,union,109,union|6bba_05db0fb1:229|109,0,p:24:527,c:25:1338:679,f:25:189,15.33021933959198,13.925449909065717,0.8357519788918206,,,,,0.6962724954532858,1,2,1,0.9090544342942184
6bba_05db0fb1,6bba_05db0fb1:229,union,110,union|6bba_05db0fb1:229|110,0,p:24:527,c:25:1338:679,f:25:662,15.33021933959198,9.227705793164736,0.5415567282321899,,,,,0.4613852896582368,1,2,1,0.9006356952651067
6bba_05db0fb1,6bba_05db0fb1:229,union,111,union|6bba_05db0fb1:229|111,0,p:24:527,c:25:1338:679,f:25:664,15.43542085130226,9.654664111288149,0.8012684989429175,,,,,0.48273320556440746,1,2,1,0.9133427966318189
6bba_05db0fb1,6bba_05db0fb1:229,union,112,union|6bba_05db0fb1:229|112,0,p:24:527,c:25:1338:679,f:25:666,15.33021933959198,10.761783372828534,0.6616094986807388,,,,,0.5380891686414266,1,2,1,0.9207159544317622
6bba_05db0fb1,6bba_05db0fb1:229,union,113,union|6bba_05db0fb1:229|113,0,p:24:527,c:25:1338:679,f:25:696,15.33021933959198,3.789436162717493,0.052110817941952506,,,,,0.18947180813587466,1,2,1,0.8649348985921492
6bba_05db0fb1,6bba_05db0fb1:229,union,114,union|6bba_05db0fb1:229|114,0,p:24:527,p:25:1358,p:25:1371,14.534441853748634,15.501512023025366,,,,,,0.7750756011512683,0,0,0,
6bba_05db0fb1,6bba_05db0fb1:229,union,115,union|6bba_05db0fb1:229|115,0,p:24:527,p:25:1358,p:25:1375,14.534441853748634,19.90210416011332,,,,,,0.995105208005666,0,0,0,
6bba_05db0fb1,6bba_05db0fb1:229,union,116,union|6bba_05db0fb1:229|116,0,p:24:527,p:25:1358,p:25:1408,14.534441853748634,8.285906709588275,,,,,,0.4142953354794138,0,0,0,
6bba_05db0fb1,6bba_05db0fb1:229,union,117,union|6bba_05db0fb1:229|117,0,p:24:527,p:25:1358,p:25:1443,14.534441853748634,12.481861840286488,,,,,,0.6240930920143244,0,0,0,
6bba_05db0fb1,6bba_05db0fb1:229,union,118,union|6bba_05db0fb1:229|118,0,p:24:527,p:25:1358,f:25:179,15.002702726053776,10.228691711621115,,,,,,0.5114345855810558,1,1,0,0.9249830503514964
6bba_05db0fb1,6bba_05db0fb1:229,union,119,union|6bba_05db0fb1:229|119,0,p:24:527,p:25:1358,f:25:666,14.534441853748634,18.84983969429919,,,,,,0.9424919847149595,1,1,0,0.9361314648764203
6bba_05db0fb1,6bba_05db0fb1:229,union,120,union|6bba_05db0fb1:229|120,0,p:24:527,p:25:1371,p:25:1375,11.604821196382131,16.331047884321446,,,,,,0.8165523942160723,0,0,0,
6bba_05db0fb1,6bba_05db0fb1:229,union,121,union|6bba_05db0fb1:229|121,0,p:24:527,p:25:1371,p:25:1408,11.604821196382131,9.334914300624297,,,,,,0.4667457150312148,0,0,0,
6bba_05db0fb1,6bba_05db0fb1:229,union,122,union|6bba_05db0fb1:229|122,0,p:24:527,p:25:1371,p:25:1443,11.604821196382131,17.50178562318714,,,,,,0.8750892811593569,0,0,0,
6bba_05db0fb1,6bba_05db0fb1:229,union,123,union|6bba_05db0fb1:229|123,0,p:24:527,p:25:1371,p:25:1474,13.788582233137676,14.072912811497128,,,,,,0.7036456405748563,0,0,0,
6bba_05db0fb1,6bba_05db0fb1:229,union,124,union|6bba_05db0fb1:229|124,0,p:24:527,p:25:1371,f:25:189,11.604821196382131,17.169851065053013,,,,,,0.8584925532526506,1,1,0,0.9128084246013328
6bba_05db0fb1,6bba_05db0fb1:229,union,125,union|6bba_05db0fb1:229|125,0,p:24:527,p:25:1371,f:25:662,11.604821196382131,17.070605130869644,,,,,,0.8535302565434822,1,1,0,0.8959709465431093
6bba_05db0fb1,6bba_05db0fb1:229,union,126,union|6bba_05db0fb1:229|126,0,p:24:527,p:25:1371,f:25:666,11.604821196382131,15.668864637814869,,,,,,0.7834432318907434,1,1,0,0.9361314648764203
6bba_05db0fb1,6bba_05db0fb1:229,union,127,union|6bba_05db0fb1:229|127,0,p:24:527,p:25:1375,p:25:1408,11.490485194281398,16.57181341917655,,,,,,0.8285906709588275,0,0,0,
6bba_05db0fb1,6bba_05db0fb1:229,union,128,union|6bba_05db0fb1:229|128,0,p:24:527,p:25:1375,c:25:1409:733,14.804454566109486,9.334914300624297,,,,,,0.4667457150312148,0,1,1,0.5949147393306097
6bba_05db0fb1,6bba_05db0fb1:229,union,129,union|6bba_05db0fb1:229|129,0,p:24:527,p:25:1375,c:25:1413:772,15.501512023025366,10.405076885828379,,,,,,0.520253844291419,0,1,1,0.8985039204322397
6bba_05db0fb1,6bba_05db0fb1:229,union,130,union|6bba_05db0fb1:229|130,0,p:24:527,p:25:1375,p:25:1443,11.604821196382131,13.498263777241872,,,,,,0.6749131888620936,0,0,0,
6bba_05db0fb1,6bba_05db0fb1:229,union,131,union|6bba_05db0fb1:229|131,0,p:24:527,p:25:1375,p:25:1474,13.788582233137676,13.978778558944269,,,,,,0.6989389279472135,0,0,0,
6bba_05db0fb1,6bba_05db0fb1:229,union,132,union|6bba_05db0fb1:229|132,0,p:24:527,p:25:1375,f:25:179,15.002702726053776,19.29899016836824,,,,,,0.9649495084184119,1,1,0,0.9249830503514964
6bba_05db0fb1,6bba_05db0fb1:229,union,133,union|6bba_05db0fb1:229|133,0,p:24:527,p:25:1375,f:25:189,10.583517590750926,12.239567162340238,,,,,,0.611978358117012,1,1,0,0.9128084246013328
6bba_05db0fb1,6bba_05db0fb1:229,union,134,union|6bba_05db0fb1:229|134,0,p:24:527,p:25:1375,f:25:662,11.503810435684485,9.249117012039823,,,,,,0.4624558506019912,1,1,0,0.8959709465431093
6bba_05db0fb1,6bba_05db0fb1:229,union,135,union|6bba_05db0fb1:229|135,0,p:24:527,p:25:1375,f:25:664,15.43542085130226,9.982315367725983,,,,,,0.4991157683862991,1,1,0,0.9213851492765338
6bba_05db0fb1,6bba_05db0fb1:229,union,136,union|6bba_05db0fb1:229|136,0,p:24:527,p:25:1375,f:25:666,6.080193253507654,1.7216696094337158,,,,,,0.08608348047168579,1,1,0,0.9361314648764203
6bba_05db0fb1,6bba_05db0fb1:229,union,137,union|6bba_05db0fb1:229|137,0,p:24:527,p:25:1375,f:25:696,13.677967118725329,8.905382146665382,,,,,,0.4452691073332691,1,1,0,0.8245693531971944
6bba_05db0fb1,6bba_05db0fb1:229,union,138,union|6bba_05db0fb1:229|138,0,p:24:527,p:25:1408,p:25:1443,11.604821196382131,10.405076885828379,,,,,,0.520253844291419,0,0,0,
6bba_05db0fb1,6bba_05db0fb1:229,union,139,union|6bba_05db0fb1:229|139,0,p:24:527,p:25:1408,p:25:1474,13.788582233137676,13.595725431178728,,,,,,0.6797862715589365,0,0,0,
6bba_05db0fb1,6bba_05db0fb1:229,union,140,union|6bba_05db0fb1:229|140,0,p:24:527,p:25:1408,f:25:179,15.002702726053776,16.364750148403573,,,,,,0.8182375074201786,1,1,0,0.9249830503514964
6bba_05db0fb1,6bba_05db0fb1:229,union,141,union|6bba_05db0fb1:229|141,0,p:24:527,p:25:1408,f:25:666,11.490485194281398,15.966999181723919,,,,,,0.798349959086196,1,1,0,0.9361314648764203
6bba_05db0fb1,6bba_05db0fb1:229,union,142,union|6bba_05db0fb1:229|142,0,p:24:527,c:25:1409:733,c:25:1413:772,15.501512023025366,11.718041645257966,0.1070110701107011,,,,,0.5859020822628983,0,2,2,0.7467093298814247
6bba_05db0fb1,6bba_05db0fb1:229,union,143,union|6bba_05db0fb1:229|143,0,p:24:527,c:25:1409:733,p:25:1474,14.804454566109486,16.168545852982575,,,,,,0.8084272926491287,0,1,1,0.5949147393306097
6bba_05db0fb1,6bba_05db0fb1:229,union,144,union|6bba_05db0fb1:229|144,0,p:24:527,c:25:1409:733,f:25:189,14.804454566109486,18.38760995781515,0.13733228097868982,,,,,0.9193804978907576,1,2,1,0.7538615819659713
6bba_05db0fb1,6bba_05db0fb1:229,union,145,union|6bba_05db0fb1:229|145,0,p:24:527,c:25:1409:733,f:25:662,14.804454566109486,9.682348017255537,0.21193666260657734,,,,,0.4841174008627768,1,2,1,0.7454428429368595
6bba_05db0fb1,6bba_05db0fb1:229,union,146,union|6bba_05db0fb1:229|146,0,p:24:527,c:25:1409:733,f:25:664,15.43542085130226,0.9024359521752333,0.0919661733615222,,,,,0.045121797608761664,1,2,1,0.7581499443035717
6bba_05db0fb1,6bba_05db0fb1:229,union,147,union|6bba_05db0fb1:229|147,0,p:24:527,c:25:1409:733,f:25:666,14.804454566109486,10.749850719837156,0.17347956131605186,,,,,0.5374925359918578,1,2,1,0.7655231021035149
6bba_05db0fb1,6bba_05db0fb1:229,union,148,union|6bba_05db0fb1:229|148,0,p:24:527,c:25:1409:733,f:25:696,14.804454566109486,6.519525239057174,0.4540229885057471,,,,,0.32597626195285867,1,2,1,0.709742046263902
6bba_05db0fb1,6bba_05db0fb1:229,union,149,union|6bba_05db0fb1:229|149,0,p:24:527,c:25:1413:772,p:25:1443,15.501512023025366,16.57181341917655,,,,,,0.8285906709588275,0,1,1,0.8985039204322397
6bba_05db0fb1,6bba_05db0fb1:229,union,150,union|6bba_05db0fb1:229|150,0,p:24:527,c:25:1413:772,p:25:1474,15.501512023025366,19.70207793609598,,,,,,0.9851038968047989,0,1,1,0.8985039204322397
6bba_05db0fb1,6bba_05db0fb1:229,union,151,union|6bba_05db0fb1:229|151,0,p:24:527,c:25:1413:772,f:25:662,15.501512023025366,17.291877159091445,0.504920049200492,,,,,0.8645938579545722,1,2,1,0.8972374334876745
6bba_05db0fb1,6bba_05db0fb1:229,union,152,union|6bba_05db0fb1:229|152,0,p:24:527,c:25:1413:772,f:25:664,15.501512023025366,11.906470114146682,0.8594080338266384,,,,,0.595323505707334,1,2,1,0.9099445348543868
6bba_05db0fb1,6bba_05db0fb1:229,union,153,union|6bba_05db0fb1:229|153,0,p:24:527,c:25:1413:772,f:25:666,15.501512023025366,11.446453385654001,0.6168511685116851,,,,,0.5723226692827,1,2,1,0.91731769265433
6bba_05db0fb1,6bba_05db0fb1:229,union,154,union|6bba_05db0fb1:229|154,0,p:24:527,c:25:1413:772,f:25:696,15.501512023025366,13.030311564551544,0.04858548585485855,,,,,0.6515155782275772,1,2,1,0.861536636814717
6bba_05db0fb1,6bba_05db0fb1:229,union,155,union|6bba_05db0fb1:229|155,0,p:24:527,p:25:1443,p:25:1474,13.788582233137676,13.301198254292732,,,,,,0.6650599127146366,0,0,0,
6bba_05db0fb1,6bba_05db0fb1:229,union,156,union|6bba_05db0fb1:229|156,0,p:24:527,p:25:1443,f:25:179,15.002702726053776,16.898688565536382,,,,,,0.8449344282768191,1,1,0,0.9249830503514964
6bba_05db0fb1,6bba_05db0fb1:229,union,157,union|6bba_05db0fb1:229|157,0,p:24:527,p:25:1443,f:25:666,11.604821196382131,13.50239651821389,,,,,,0.6751198259106945,1,1,0,0.9361314648764203
6bba_05db0fb1,6bba_05db0fb1:229,union,158,union|6bba_05db0fb1:229|158,0,p:24:527,p:25:1474,f:25:662,13.788582233137676,18.402198378160595,,,,,,0.9201099189080297,1,1,0,0.8959709465431093
6bba_05db0fb1,6bba_05db0fb1:229,union,159,union|6bba_05db0fb1:229|159,0,p:24:527,p:25:1474,f:25:664,15.43542085130226,16.070621038216363,,,,,,0.8035310519108181,1,1,0,0.9213851492765338
6bba_05db0fb1,6bba_05db0fb1:229,union,160,union|6bba_05db0fb1:229|160,0,p:24:527,p:25:1474,f:25:666,13.788582233137676,14.813733182350965,,,,,,0.7406866591175483,1,1,0,0.9361314648764203
6bba_05db0fb1,6bba_05db0fb1:229,union,161,union|6bba_05db0fb1:229|161,0,p:24:527,f:25:179,f:25:189,15.002702726053776,16.01838107277256,0.878031878031878,,,,,0.8009190536386279,2,2,0,0.9188957374764146
6bba_05db0fb1,6bba_05db0fb1:229,union,162,union|6bba_05db0fb1:229|162,0,p:24:527,f:25:179,f:25:666,15.002702726053776,17.8323614404418,0.695079695079695,,,,,0.8916180720220901,2,2,0,0.9305572576139584
6bba_05db0fb1,6bba_05db0fb1:229,union,163,union|6bba_05db0fb1:229|163,0,p:24:527,f:25:189,f:25:662,11.503810435684485,10.657901225253891,0.6479873717442778,,,,,0.5328950612626946,2,2,0,0.9043896855722211
6bba_05db0fb1,6bba_05db0fb1:229,union,164,union|6bba_05db0fb1:229|164,0,p:24:527,f:25:189,f:25:664,15.43542085130226,19.26903397703875,0.669661733615222,,,,,0.9634516988519375,2,2,0,0.9170967869389333
6bba_05db0fb1,6bba_05db0fb1:229,union,165,union|6bba_05db0fb1:229|165,0,p:24:527,f:25:189,f:25:666,10.583517590750926,10.72026590045284,0.7916337805840569,,,,,0.5360132950226421,2,2,0,0.9244699447388766
6bba_05db0fb1,6bba_05db0fb1:229,union,166,union|6bba_05db0fb1:229|166,0,p:24:527,f:25:189,f:25:696,13.677967118725329,13.37185327174433,0.062352012628255724,,,,,0.6685926635872165,2,2,0,0.8686888888992637
6bba_05db0fb1,6bba_05db0fb1:229,union,167,union|6bba_05db0fb1:229|167,0,p:24:527,f:25:662,f:25:664,15.43542085130226,10.475419327916438,0.43393234672304437,,,,,0.5237709663958219,2,2,0,0.9086780479098215
6bba_05db0fb1,6bba_05db0fb1:229,union,168,union|6bba_05db0fb1:229|168,0,p:24:527,f:25:662,f:25:666,11.503810435684485,9.158226476011322,0.8185443668993021,,,,,0.4579113238005661,2,2,0,0.9160512057097647
6bba_05db0fb1,6bba_05db0fb1:229,union,169,union|6bba_05db0fb1:229|169,0,p:24:527,f:25:662,f:25:696,13.677967118725329,6.021237556391599,0.09622411693057248,,,,,0.30106187781957994,2,2,0,0.8602701498701518
6bba_05db0fb1,6bba_05db0fb1:229,union,170,union|6bba_05db0fb1:229|170,0,p:24:527,f:25:664,f:25:666,15.43542085130226,11.449829875290453,0.5301268498942917,,,,,0.5724914937645227,2,2,0,0.9287583070764771
6bba_05db0fb1,6bba_05db0fb1:229,union,171,union|6bba_05db0fb1:229|171,0,p:24:527,f:25:664,f:25:696,15.43542085130226,7.372076423620438,0.04175475687103594,,,,,0.3686038211810219,2,2,0,0.8729772512368641
6bba_05db0fb1,6bba_05db0fb1:229,union,172,union|6bba_05db0fb1:229|172,0,p:24:527,f:25:666,f:25:696,13.677967118725329,9.420295851914238,0.07876370887337986,,,,,0.4710147925957119,2,2,0,0.8803504090368073
6bba_05db0fb1,6bba_05db0fb1:751,union,0,union|6bba_05db0fb1:751|0,0,c:62:2114:648,c:63:2758:76,p:63:2761,13.978778558944269,14.534441853748634,,,,,,0.7267220926874317,0,2,2,0.9177065317313076
6bba_05db0fb1,6bba_05db0fb1:751,union,1,union|6bba_05db0fb1:751|1,0,c:62:2114:648,c:63:2758:76,c:63:2775:97,10.531203634912773,11.490485194281398,0.9364102564102564,0.01582387340901273,0.0431924882629108,0.024364406779661018,0.5640889830508474,0.5745242597140698,0,3,3,0.9133737591201556
6bba_05db0fb1,6bba_05db0fb1:751,union,2,union|6bba_05db0fb1:751|2,0,c:62:2114:648,c:63:2758:76,p:63:2788,12.795262795269194,7.621925609713073,,,,,,0.38109628048565364,0,2,2,0.9177065317313076
6bba_05db0fb1,6bba_05db0fb1:751,union,3,union|6bba_05db0fb1:751|3,0,c:62:2114:648,c:63:2758:76,p:63:2820,11.02128622257856,10.531203634912773,,,,,,0.5265601817456387,0,2,2,0.9177065317313076
6bba_05db0fb1,6bba_05db0fb1:751,union,4,union|6bba_05db0fb1:751|4,0,c:62:2114:648,c:63:2758:76,c:63:2841:628,10.531203634912773,11.604821196382131,0.9057539682539683,0.10225175341454411,0.26009389671361505,0.1441957313899011,0.5543987506507028,0.5802410598191066,0,3,3,0.9185836105386391
6bba_05db0fb1,6bba_05db0fb1:751,union,5,union|6bba_05db0fb1:751|5,0,c:62:2114:648,c:63:2758:76,p:63:2855,10.531203634912773,16.168545852982575,,,,,,0.8084272926491287,0,2,2,0.9177065317313076
6bba_05db0fb1,6bba_05db0fb1:751,union,6,union|6bba_05db0fb1:751|6,0,c:62:2114:648,c:63:2758:76,p:63:2857,10.531203634912773,13.498263777241872,,,,,,0.6749131888620936,0,2,2,0.9177065317313076
6bba_05db0fb1,6bba_05db0fb1:751,union,7,union|6bba_05db0fb1:751|7,0,c:62:2114:648,c:63:2758:76,p:63:2859,11.830178570080843,18.45645212385089,,,,,,0.9228226061925445,0,2,2,0.9177065317313076
6bba_05db0fb1,6bba_05db0fb1:751,union,8,union|6bba_05db0fb1:751|8,0,c:62:2114:648,c:63:2758:76,c:63:2872:620,13.978778558944269,14.715000849473302,0.6849212303075769,0.0806135770234987,0.231924882629108,0.10997328584149599,0.47417631344612643,0.7357500424736652,0,3,3,0.9228974365181526
6bba_05db0fb1,6bba_05db0fb1:751,union,9,union|6bba_05db0fb1:751|9,0,c:62:2114:648,c:63:2758:76,c:63:2874:652,10.531203634912773,19.5,0.5348564733450498,0.0,0.0,0.0,0.4064885496183206,0.975,0,3,3,0.907301456618327
6bba_05db0fb1,6bba_05db0fb1:751,union,10,union|6bba_05db0fb1:751|10,0,c:62:2114:648,c:63:2758:76,f:63:19,14.411113142339369,14.808723648215107,0.5496688741721855,0.013366750208855471,0.04507042253521127,0.018648018648018648,0.41375291375291373,0.7404361824107554,1,3,2,0.9205372322905355
6bba_05db0fb1,6bba_05db0fb1:751,union,11,union|6bba_05db0fb1:751|11,0,c:62:2114:648,c:63:2758:76,f:63:85,12.70541363553891,6.991121702401446,0.4506416584402764,0.1687098657326328,0.5427230046948357,0.1966655324940456,0.3623681524328003,0.3495560851200723,1,3,2,0.9181133566801809
6bba_05db0fb1,6bba_05db0fb1:751,union,12,union|6bba_05db0fb1:751|12,0,c:62:2114:648,c:63:2758:76,f:63:630,10.531203634912773,12.239375233865884,0.831511839708561,0.06142167011732229,0.1671361502347418,0.08851317752362009,0.5295872700149179,0.6119687616932942,1,3,2,0.9166036104913027
6bba_05db0fb1,6bba_05db0fb1:751,union,13,union|6bba_05db0fb1:751|13,0,c:62:2114:648,c:63:2758:76,f:63:641,11.390277596874732,18.1448304648322,0.7094017094017094,0.0,0.0,0.0,0.48409090909090907,0.90724152324161,1,3,2,0.9109571296546296
6bba_05db0fb1,6bba_05db0fb1:751,union,14,union|6bba_05db0fb1:751|14,0,c:62:2114:648,c:63:2758:76,f:63:644,11.396932642657292,10.695584918555669,0.5513285024154589,0.13067828251400124,0.39436619718309857,0.16348773841961853,0.41455819384974696,0.5347792459277835,1,3,2,0.9114950089918566
6bba_05db0fb1,6bba_05db0fb1:751,union,15,union|6bba_05db0fb1:751|15,0,c:62:2114:648,c:63:2758:76,f:63:649,11.177303534934493,17.850171814282874,0.3899233296823658,0.0,0.0,0.0,0.8392434988179669,0.8925085907141437,1,3,2,0.9082233007099579
6bba_05db0fb1,6bba_05db0fb1:751,union,16,union|6bba_05db0fb1:751|16,0,c:62:2114:648,c:63:2758:76,f:63:655,10.531203634912773,16.004847494525094,0.4895947426067908,0.0,0.0,0.0,0.7830882352941176,0.8002423747262547,1,3,2,0.8614155184980606
6bba_05db0fb1,6bba_05db0fb1:751,union,17,union|6bba_05db0fb1:751|17,0,c:62:2114:648,p:63:2761,c:63:2775:97,13.978778558944269,13.978778558944269,,,,,,0.6989389279472135,0,2,2,0.9131626923302099
6bba_05db0fb1,6bba_05db0fb1:751,union,18,union|6bba_05db0fb1:751|18,0,c:62:2114:648,p:63:2761,p:63:2788,13.978778558944269,14.351611407782752,,,,,,0.7175805703891376,0,1,1,0.921617170762568
6bba_05db0fb1,6bba_05db0fb1:751,union,19,union|6bba_05db0fb1:751|19,0,c:62:2114:648,p:63:2761,c:63:2841:628,13.978778558944269,14.072912811497128,,,,,,0.7036456405748563,0,2,2,0.9209774694579351
6bba_05db0fb1,6bba_05db0fb1:751,union,20,union|6bba_05db0fb1:751|20,0,c:62:2114:648,p:63:2761,p:63:2857,13.978778558944269,13.498263777241872,,,,,,0.6749131888620936,0,1,1,0.921617170762568
6bba_05db0fb1,6bba_05db0fb1:751,union,21,union|6bba_05db0fb1:751|21,0,c:62:2114:648,p:63:2761,p:63:2859,13.978778558944269,11.375,,,,,,0.56875,0,1,1,0.921617170762568
6bba_05db0fb1,6bba_05db0fb1:751,union,22,union|6bba_05db0fb1:751|22,0,c:62:2114:648,p:63:2761,c:63:2874:652,13.978778558944269,15.921683328090658,,,,,,0.796084166404533,0,2,2,0.9040542385774668
6bba_05db0fb1,6bba_05db0fb1:751,union,23,union|6bba_05db0fb1:751|23,0,c:62:2114:648,p:63:2761,f:63:19,14.411113142339369,0.6533678573329533,,,,,,0.03266839286664767,1,2,1,0.9239079020857797
6bba_05db0fb1,6bba_05db0fb1:751,union,24,union|6bba_05db0fb1:751|24,0,c:62:2114:648,p:63:2761,f:63:85,13.978778558944269,14.774119719363075,,,,,,0.7387059859681537,1,2,1,0.9202720886702478
6bba_05db0fb1,6bba_05db0fb1:751,union,25,union|6bba_05db0fb1:751|25,0,c:62:2114:648,p:63:2761,f:63:630,13.978778558944269,13.704904968164055,,,,,,0.6852452484082028,1,2,1,0.9180074693869305
6bba_05db0fb1,6bba_05db0fb1:751,union,26,union|6bba_05db0fb1:751|26,0,c:62:2114:648,p:63:2761,f:63:641,13.978778558944269,11.319581066753116,,,,,,0.5659790533376559,1,2,1,0.9095377481319209
6bba_05db0fb1,6bba_05db0fb1:751,union,27,union|6bba_05db0fb1:751|27,0,c:62:2114:648,p:63:2761,f:63:649,13.978778558944269,16.63846501119115,,,,,,0.8319232505595575,1,2,1,0.9054370047149134
6bba_05db0fb1,6bba_05db0fb1:751,union,28,union|6bba_05db0fb1:751|28,0,c:62:2114:648,p:63:2761,f:63:655,13.978778558944269,11.366286796389193,,,,,,0.5683143398194597,1,2,1,0.8352253313970674
6bba_05db0fb1,6bba_05db0fb1:751,union,29,union|6bba_05db0fb1:751|29,0,c:62:2114:648,c:63:2775:97,p:63:2788,12.795262795269194,17.04314378276496,,,,,,0.852157189138248,0,2,2,0.9131626923302099
6bba_05db0fb1,6bba_05db0fb1:751,union,30,union|6bba_05db0fb1:751|30,0,c:62:2114:648,c:63:2775:97,p:63:2820,11.02128622257856,13.595725431178728,,,,,,0.6797862715589365,0,2,2,0.9131626923302099
6bba_05db0fb1,6bba_05db0fb1:751,union,31,union|6bba_05db0fb1:751|31,0,c:62:2114:648,c:63:2775:97,c:63:2821:619,14.625,10.65583760199075,0.8799638989169675,0.067480501865039,0.18685446009389672,0.09553528564570331,0.5112818050888142,0.5327918800995375,0,3,3,0.9201575713363846
6bba_05db0fb1,6bba_05db0fb1:751,union,32,union|6bba_05db0fb1:751|32,1,c:62:2114:648,c:63:2775:97,c:63:2841:628,8.285906709588275,7.44668550430324,0.9672619047619048,0.27105921601334443,0.6103286384976526,0.32778618255168934,0.5370650529500757,0.372334275215162,0,3,3,0.9155543842712407
6bba_05db0fb1,6bba_05db0fb1:751,union,33,union|6bba_05db0fb1:751|33,0,c:62:2114:648,c:63:2775:97,p:63:2855,10.405076885828379,13.101168840985142,,,,,,0.6550584420492571,0,2,2,0.9131626923302099
6bba_05db0fb1,6bba_05db0fb1:751,union,34,union|6bba_05db0fb1:751|34,0,c:62:2114:648,c:63:2775:97,p:63:2857,8.285906709588275,14.259317129512198,,,,,,0.7129658564756098,0,2,2,0.9131626923302099
6bba_05db0fb1,6bba_05db0fb1:751,union,35,union|6bba_05db0fb1:751|35,0,c:62:2114:648,c:63:2775:97,p:63:2859,11.830178570080843,16.965498076979642,,,,,,0.8482749038489821,0,2,2,0.9131626923302099
6bba_05db0fb1,6bba_05db0fb1:751,union,36,union|6bba_05db0fb1:751|36,0,c:62:2114:648,c:63:2775:97,c:63:2874:652,9.475296829123613,13.201562407533435,0.5711775043936731,0.05430500844119302,0.1812206572769953,0.07196122296793438,0.3970917225950783,0.6600781203766718,0,3,3,0.9042722303509284
6bba_05db0fb1,6bba_05db0fb1:751,union,37,union|6bba_05db0fb1:751|37,0,c:62:2114:648,c:63:2775:97,p:63:2946,15.41610359332085,19.768978223469215,,,,,,0.9884489111734608,0,2,2,0.9131626923302099
6bba_05db0fb1,6bba_05db0fb1:751,union,38,union|6bba_05db0fb1:751|38,0,c:62:2114:648,c:63:2775:97,f:63:19,14.411113142339369,14.59583969299369,0.5869957856712824,0.0,0.0,0.0,0.40402124430955993,0.7297919846496845,1,3,2,0.917508006023137
6bba_05db0fb1,6bba_05db0fb1:751,union,39,union|6bba_05db0fb1:751|39,0,c:62:2114:648,c:63:2775:97,f:63:85,12.70541363553891,16.788806319519665,0.48124383020730505,0.0,0.0,0.0,0.3548817060979673,0.8394403159759832,1,3,2,0.9150841304127825
6bba_05db0fb1,6bba_05db0fb1:751,union,40,union|6bba_05db0fb1:751|40,0,c:62:2114:648,c:63:2775:97,f:63:630,8.285906709588275,13.86709802398171,0.8879781420765027,0.006414368184733804,0.018779342723004695,0.00964785335262904,0.5137481910274964,0.6933549011990855,1,3,2,0.9135743842239042
6bba_05db0fb1,6bba_05db0fb1:751,union,41,union|6bba_05db0fb1:751|41,0,c:62:2114:648,c:63:2775:97,f:63:641,11.390277596874732,16.56453867183249,0.7575757575757576,0.0009025270758122744,0.0028169014084507044,0.001326259946949602,0.4708222811671088,0.8282269335916246,1,3,2,0.9079279033872312
6bba_05db0fb1,6bba_05db0fb1:751,union,42,union|6bba_05db0fb1:751|42,0,c:62:2114:648,c:63:2775:97,f:63:644,11.396932642657292,14.011064369664028,0.5887681159420289,0.007358953393295176,0.02535211267605634,0.010262257696693273,0.4047890535917902,0.7005532184832014,1,3,2,0.9084657827244582
6bba_05db0fb1,6bba_05db0fb1:751,union,43,union|6bba_05db0fb1:751|43,0,c:62:2114:648,c:63:2775:97,f:63:649,11.177303534934493,6.691139185203594,0.36512820512820515,0.23632610939112486,0.4300469483568075,0.3441021788129226,0.8001502629601803,0.3345569592601797,1,3,2,0.9051940744425595
6bba_05db0fb1,6bba_05db0fb1:751,union,44,union|6bba_05db0fb1:751|44,0,c:62:2114:648,c:63:2775:97,f:63:655,8.285906709588275,9.075798485820464,0.4584615384615385,0.16432584269662923,0.3295774647887324,0.2468354430379747,0.7489451476793249,0.45378992429102316,1,3,2,0.8583862922306622
6bba_05db0fb1,6bba_05db0fb1:751,union,45,union|6bba_05db0fb1:751|45,0,c:62:2114:648,p:63:2788,p:63:2820,12.795262795269194,14.89337100860648,,,,,,0.744668550430324,0,1,1,0.921617170762568
6bba_05db0fb1,6bba_05db0fb1:751,union,46,union|6bba_05db0fb1:751|46,0,c:62:2114:648,p:63:2788,c:63:2841:628,12.795262795269194,14.259317129512198,,,,,,0.7129658564756098,0,2,2,0.9209774694579351
6bba_05db0fb1,6bba_05db0fb1:751,union,47,union|6bba_05db0fb1:751|47,0,c:62:2114:648,p:63:2788,p:63:2857,12.795262795269194,11.604821196382131,,,,,,0.5802410598191066,0,1,1,0.921617170762568
6bba_05db0fb1,6bba_05db0fb1:751,union,48,union|6bba_05db0fb1:751|48,0,c:62:2114:648,p:63:2788,p:63:2859,12.795262795269194,16.168545852982575,,,,,,0.8084272926491287,0,1,1,0.921617170762568
6bba_05db0fb1,6bba_05db0fb1:751,union,49,union|6bba_05db0fb1:751|49,0,c:62:2114:648,p:63:2788,c:63:2872:620,13.978778558944269,13.788582233137676,,,,,,0.6894291116568838,0,2,2,0.9274482084272053
6bba_05db0fb1,6bba_05db0fb1:751,union,50,union|6bba_05db0fb1:751|50,0,c:62:2114:648,p:63:2788,c:63:2931:653,14.351611407782752,16.57181341917655,,,,,,0.8285906709588275,0,2,2,0.9028096098140015
6bba_05db0fb1,6bba_05db0fb1:751,union,51,union|6bba_05db0fb1:751|51,0,c:62:2114:648,p:63:2788,f:63:19,14.411113142339369,14.32566809614004,,,,,,0.716283404807002,1,2,1,0.9239079020857797
6bba_05db0fb1,6bba_05db0fb1:751,union,52,union|6bba_05db0fb1:751|52,0,c:62:2114:648,p:63:2788,f:63:85,12.795262795269194,0.8758654695048886,,,,,,0.043793273475244435,1,2,1,0.9202720886702478
6bba_05db0fb1,6bba_05db0fb1:751,union,53,union|6bba_05db0fb1:751|53,0,c:62:2114:648,p:63:2788,f:63:630,12.795262795269194,10.426076457079471,,,,,,0.5213038228539736,1,2,1,0.9180074693869305
6bba_05db0fb1,6bba_05db0fb1:751,union,54,union|6bba_05db0fb1:751|54,0,c:62:2114:648,p:63:2788,f:63:641,12.795262795269194,15.990158119556286,,,,,,0.7995079059778143,1,2,1,0.9095377481319209
6bba_05db0fb1,6bba_05db0fb1:751,union,55,union|6bba_05db0fb1:751|55,0,c:62:2114:648,p:63:2788,f:63:644,12.795262795269194,14.969233325692839,,,,,,0.748461666284642,1,2,1,0.9103445671377615
6bba_05db0fb1,6bba_05db0fb1:751,union,56,union|6bba_05db0fb1:751|56,0,c:62:2114:648,p:63:2788,f:63:655,12.795262795269194,17.871192003943055,,,,,,0.8935596001971527,1,2,1,0.8352253313970674
6bba_05db0fb1,6bba_05db0fb1:751,union,57,union|6bba_05db0fb1:751|57,0,c:62:2114:648,p:63:2820,c:63:2821:619,14.625,18.16805231718579,,,,,,0.9084026158592895,0,2,2,0.9278822500556513
6bba_05db0fb1,6bba_05db0fb1:751,union,58,union|6bba_05db0fb1:751|58,0,c:62:2114:648,p:63:2820,c:63:2841:628,11.02128622257856,11.830178570080843,,,,,,0.5915089285040421,0,2,2,0.9209774694579351
6bba_05db0fb1,6bba_05db0fb1:751,union,59,union|6bba_05db0fb1:751|59,0,c:62:2114:648,p:63:2820,p:63:2855,11.02128622257856,8.125,,,,,,0.40625,0,1,1,0.921617170762568
6bba_05db0fb1,6bba_05db0fb1:751,union,60,union|6bba_05db0fb1:751|60,0,c:62:2114:648,p:63:2820,p:63:2857,11.02128622257856,15.501512023025366,,,,,,0.7750756011512683,0,1,1,0.921617170762568
6bba_05db0fb1,6bba_05db0fb1:751,union,61,union|6bba_05db0fb1:751|61,0,c:62:2114:648,p:63:2820,c:63:2872:620,13.978778558944269,9.75,,,,,,0.4875,0,2,2,0.9274482084272053
6bba_05db0fb1,6bba_05db0fb1:751,union,62,union|6bba_05db0fb1:751|62,0,c:62:2114:648,p:63:2820,c:63:2874:652,11.02128622257856,19.63494970709118,,,,,,0.981747485354559,0,2,2,0.9040542385774668
6bba_05db0fb1,6bba_05db0fb1:751,union,63,union|6bba_05db0fb1:751|63,0,c:62:2114:648,p:63:2820,c:63:2931:653,14.351611407782752,18.669828601248593,,,,,,0.9334914300624296,0,2,2,0.9028096098140015
6bba_05db0fb1,6bba_05db0fb1:751,union,64,union|6bba_05db0fb1:751|64,0,c:62:2114:648,p:63:2820,p:63:2963,14.804454566109486,18.45645212385089,,,,,,0.9228226061925445,0,1,1,0.921617170762568
6bba_05db0fb1,6bba_05db0fb1:751,union,65,union|6bba_05db0fb1:751|65,0,c:62:2114:648,p:63:2820,f:63:85,12.70541363553891,14.230430615352477,,,,,,0.7115215307676238,1,2,1,0.9202720886702478
6bba_05db0fb1,6bba_05db0fb1:751,union,66,union|6bba_05db0fb1:751|66,0,c:62:2114:648,p:63:2820,f:63:630,11.02128622257856,14.235338699004947,,,,,,0.7117669349502473,1,2,1,0.9180074693869305
6bba_05db0fb1,6bba_05db0fb1:751,union,67,union|6bba_05db0fb1:751|67,0,c:62:2114:648,p:63:2820,f:63:644,11.396932642657292,0.4350894048267445,,,,,,0.021754470241337226,1,2,1,0.9103445671377615
6bba_05db0fb1,6bba_05db0fb1:751,union,68,union|6bba_05db0fb1:751|68,0,c:62:2114:648,p:63:2820,f:63:649,11.177303534934493,18.173444548264836,,,,,,0.9086722274132418,1,2,1,0.9054370047149134
6bba_05db0fb1,6bba_05db0fb1:751,union,69,union|6bba_05db0fb1:751|69,0,c:62:2114:648,p:63:2820,f:63:655,11.02128622257856,18.437391072161986,,,,,,0.9218695536080993,1,2,1,0.8352253313970674
6bba_05db0fb1,6bba_05db0fb1:751,union,70,union|6bba_05db0fb1:751|70,0,c:62:2114:648,c:63:2821:619,c:63:2841:628,14.625,13.201562407533435,0.9097472924187726,0.0012590494176896443,0.003755868544600939,0.001890359168241966,0.5033081285444234,0.6600781203766718,0,3,3,0.9253674227548684
6bba_05db0fb1,6bba_05db0fb1:751,union,71,union|6bba_05db0fb1:751|71,0,c:62:2114:648,c:63:2821:619,p:63:2855,14.625,12.795262795269194,,,,,,0.6397631397634597,0,2,2,0.9278822500556513
6bba_05db0fb1,6bba_05db0fb1:751,union,72,union|6bba_05db0fb1:751|72,0,c:62:2114:648,c:63:2821:619,c:63:2874:652,14.625,14.625,0.6490919742237844,0.0002577984016499098,0.0009389671361502347,0.00035523978685612787,0.3783303730017762,0.73125,0,3,3,0.9140852688345561
6bba_05db0fb1,6bba_05db0fb1:751,union,73,union|6bba_05db0fb1:751|73,0,c:62:2114:648,c:63:2821:619,p:63:2946,15.41610359332085,16.168545852982575,,,,,,0.8084272926491287,0,2,2,0.9278822500556513
6bba_05db0fb1,6bba_05db0fb1:751,union,74,union|6bba_05db0fb1:751|74,0,c:62:2114:648,c:63:2821:619,f:63:644,14.625,18.562897887423187,0.6690821256038647,0.0,0.0,0.0,0.38531114327062227,0.9281448943711593,1,3,2,0.9182788212080859
6bba_05db0fb1,6bba_05db0fb1:751,union,75,union|6bba_05db0fb1:751|75,0,c:62:2114:648,c:63:2821:619,f:63:649,14.625,6.690584885479887,0.3212996389891697,0.21236816874400766,0.415962441314554,0.3025956284153005,0.7274590163934426,0.33452924427399433,1,3,2,0.9150071129261871
6bba_05db0fb1,6bba_05db0fb1:751,union,76,union|6bba_05db0fb1:751|76,0,c:62:2114:648,c:63:2821:619,f:63:655,14.625,13.74050521296688,0.40342960288808666,0.0,0.0,0.0,0.684887459807074,0.687025260648344,1,3,2,0.8681993307142898
6bba_05db0fb1,6bba_05db0fb1:751,union,77,union|6bba_05db0fb1:751|77,0,c:62:2114:648,c:63:2841:628,p:63:2855,10.405076885828379,10.277402395547233,,,,,,0.5138701197773616,0,2,2,0.9209774694579351
6bba_05db0fb1,6bba_05db0fb1:751,union,78,union|6bba_05db0fb1:751|78,0,c:62:2114:648,c:63:2841:628,p:63:2857,6.700046641628698,7.621925609713073,,,,,,0.38109628048565364,0,2,2,0.9209774694579351
6bba_05db0fb1,6bba_05db0fb1:751,union,79,union|6bba_05db0fb1:751|79,0,c:62:2114:648,c:63:2841:628,p:63:2859,11.830178570080843,11.941262496067994,,,,,,0.5970631248033997,0,2,2,0.9209774694579351
6bba_05db0fb1,6bba_05db0fb1:751,union,80,union|6bba_05db0fb1:751|80,0,c:62:2114:648,c:63:2841:628,c:63:2872:620,13.978778558944269,15.33021933959198,0.7561890472618155,0.00471976401179941,0.015023474178403756,0.006834686031610423,0.4549337889790688,0.7665109669795991,0,3,3,0.9250780616692377
6bba_05db0fb1,6bba_05db0fb1:751,union,81,union|6bba_05db0fb1:751|81,0,c:62:2114:648,c:63:2841:628,c:63:2874:652,9.475296829123613,8.443747686898277,0.5905096660808435,0.1276849642004773,0.40187793427230045,0.1576427255985267,0.39226519337016574,0.4221873843449139,0,3,3,0.9094820817694119
6bba_05db0fb1,6bba_05db0fb1:751,union,82,union|6bba_05db0fb1:751|82,0,c:62:2114:648,c:63:2841:628,c:63:2931:653,14.351611407782752,15.33021933959198,0.5922619047619048,0.022988505747126436,0.056338028169014086,0.037383177570093455,0.6635514018691588,0.7665109669795991,0,3,3,0.908652329260435
6bba_05db0fb1,6bba_05db0fb1:751,union,83,union|6bba_05db0fb1:751|83,0,c:62:2114:648,c:63:2841:628,p:63:2946,15.41610359332085,14.625,,,,,,0.73125,0,2,2,0.9209774694579351
6bba_05db0fb1,6bba_05db0fb1:751,union,84,union|6bba_05db0fb1:751|84,0,c:62:2114:648,c:63:2841:628,p:63:2963,14.804454566109486,15.069630055180518,,,,,,0.7534815027590259,0,2,2,0.9209774694579351
6bba_05db0fb1,6bba_05db0fb1:751,union,85,union|6bba_05db0fb1:751|85,0,c:62:2114:648,c:63:2841:628,f:63:19,14.411113142339369,14.549147206868252,0.6068633353401566,0.04740532959326788,0.15868544600938966,0.06331959535406519,0.3990258523791682,0.7274573603434126,1,3,2,0.9227178574416205
6bba_05db0fb1,6bba_05db0fb1:751,union,86,union|6bba_05db0fb1:751|86,0,c:62:2114:648,c:63:2841:628,f:63:85,12.70541363553891,14.17743857831851,0.49753208292201384,0.007372818874416319,0.028169014084507043,0.00988793671720501,0.35102175346077785,0.7088719289159255,1,3,2,0.920293981831266
6bba_05db0fb1,6bba_05db0fb1:751,union,87,union|6bba_05db0fb1:751|87,0,c:62:2114:648,c:63:2841:628,f:63:630,6.163748727359161,7.343578051255245,0.9180327868852459,0.24206815511163338,0.5802816901408451,0.2934472934472934,0.5056980056980057,0.36717890256276225,1,3,2,0.9187842356423878
6bba_05db0fb1,6bba_05db0fb1:751,union,88,union|6bba_05db0fb1:751|88,0,c:62:2114:648,c:63:2841:628,f:63:641,11.390277596874732,11.49164683987688,0.7832167832167832,0.023454157782515993,0.07230046948356808,0.03355119825708061,0.46405228758169936,0.5745823419938441,1,3,2,0.9131377548057147
6bba_05db0fb1,6bba_05db0fb1:751,union,89,union|6bba_05db0fb1:751|89,0,c:62:2114:648,c:63:2841:628,f:63:644,11.396932642657292,12.22816942630635,0.6086956521739131,0.04132923764311645,0.13896713615023473,0.05555555555555555,0.3997747747747748,0.6114084713153175,1,3,2,0.9136756341429417
6bba_05db0fb1,6bba_05db0fb1:751,union,90,union|6bba_05db0fb1:751|90,0,c:62:2114:648,c:63:2841:628,f:63:649,11.177303534934493,9.640372847816845,0.3531746031746032,0.0318606627017842,0.07042253521126761,0.05498533724340176,0.780791788856305,0.48201864239084224,1,3,2,0.910403925861043
6bba_05db0fb1,6bba_05db0fb1:751,union,91,union|6bba_05db0fb1:751|91,0,c:62:2114:648,c:63:2841:628,f:63:655,7.862639086648892,6.7373961585691955,0.44345238095238093,0.16075541225241824,0.3276995305164319,0.23986254295532647,0.7319587628865979,0.3368698079284598,1,3,2,0.8635961436491457
6bba_05db0fb1,6bba_05db0fb1:751,union,92,union|6bba_05db0fb1:751|92,0,c:62:2114:648,p:63:2855,p:63:2857,10.405076885828379,15.41610359332085,,,,,,0.7708051796660425,0,1,1,0.921617170762568
6bba_05db0fb1,6bba_05db0fb1:751,union,93,union|6bba_05db0fb1:751|93,0,c:62:2114:648,p:63:2855,c:63:2872:620,13.978778558944269,13.498263777241872,,,,,,0.6749131888620936,0,2,2,0.9274482084272053
6bba_05db0fb1,6bba_05db0fb1:751,union,94,union|6bba_05db0fb1:751|94,0,c:62:2114:648,p:63:2855,c:63:2874:652,10.405076885828379,15.501512023025366,,,,,,0.7750756011512683,0,2,2,0.9040542385774668
6bba_05db0fb1,6bba_05db0fb1:751,union,95,union|6bba_05db0fb1:751|95,0,c:62:2114:648,p:63:2855,c:63:2931:653,14.351611407782752,18.16805231718579,,,,,,0.9084026158592895,0,2,2,0.9028096098140015
6bba_05db0fb1,6bba_05db0fb1:751,union,96,union|6bba_05db0fb1:751|96,0,c:62:2114:648,p:63:2855,p:63:2946,15.41610359332085,14.259317129512198,,,,,,0.7129658564756098,0,1,1,0.921617170762568
6bba_05db0fb1,6bba_05db0fb1:751,union,97,union|6bba_05db0fb1:751|97,0,c:62:2114:648,p:63:2855,p:63:2963,14.804454566109486,14.351611407782752,,,,,,0.7175805703891376,0,1,1,0.921617170762568
6bba_05db0fb1,6bba_05db0fb1:751,union,98,union|6bba_05db0fb1:751|98,0,c:62:2114:648,p:63:2855,f:63:85,12.70541363553891,19.67687646875072,,,,,,0.983843823437536,1,2,1,0.9202720886702478
6bba_05db0fb1,6bba_05db0fb1:751,union,99,union|6bba_05db0fb1:751|99,0,c:62:2114:648,p:63:2855,f:63:630,10.405076885828379,14.752860352991817,,,,,,0.7376430176495908,1,2,1,0.9180074693869305
6bba_05db0fb1,6bba_05db0fb1:751,union,100,union|6bba_05db0fb1:751|100,0,c:62:2114:648,p:63:2855,f:63:644,11.396932642657292,8.397800383465343,,,,,,0.4198900191732672,1,2,1,0.9103445671377615
6bba_05db0fb1,6bba_05db0fb1:751,union,101,union|6bba_05db0fb1:751|101,0,c:62:2114:648,p:63:2855,f:63:649,11.177303534934493,14.527912874160346,,,,,,0.7263956437080173,1,2,1,0.9054370047149134
6bba_05db0fb1,6bba_05db0fb1:751,union,102,union|6bba_05db0fb1:751|102,0,c:62:2114:648,p:63:2855,f:63:655,10.405076885828379,16.009552867092022,,,,,,0.8004776433546011,1,2,1,0.8352253313970674
6bba_05db0fb1,6bba_05db0fb1:751,union,103,union|6bba_05db0fb1:751|103,0,c:62:2114:648,p:63:2857,p:63:2859,11.830178570080843,7.267220926874317,,,,,,0.36336104634371585,0,1,1,0.921617170762568
6bba_05db0fb1,6bba_05db0fb1:751,union,104,union|6bba_05db0fb1:751|104,0,c:62:2114:648,p:63:2857,c:63:2872:620,13.978778558944269,14.072912811497128,,,,,,0.7036456405748563,0,2,2,0.9274482084272053
6bba_05db0fb1,6bba_05db0fb1:751,union,105,union|6bba_05db0fb1:751|105,0,c:62:2114:648,p:63:2857,c:63:2874:652,9.475296829123613,9.884489111734608,,,,,,0.4942244555867304,0,2,2,0.9040542385774668
6bba_05db0fb1,6bba_05db0fb1:751,union,106,union|6bba_05db0fb1:751|106,0,c:62:2114:648,p:63:2857,c:63:2931:653,14.351611407782752,9.613629647536875,,,,,,0.48068148237684377,0,2,2,0.9028096098140015
6bba_05db0fb1,6bba_05db0fb1:751,union,107,union|6bba_05db0fb1:751|107,0,c:62:2114:648,p:63:2857,p:63:2946,15.41610359332085,16.331047884321446,,,,,,0.8165523942160723,0,1,1,0.921617170762568
6bba_05db0fb1,6bba_05db0fb1:751,union,108,union|6bba_05db0fb1:751|108,0,c:62:2114:648,p:63:2857,p:63:2963,14.804454566109486,13.201562407533435,,,,,,0.6600781203766718,0,1,1,0.921617170762568
6bba_05db0fb1,6bba_05db0fb1:751,union,109,union|6bba_05db0fb1:751|109,0,c:62:2114:648,p:63:2857,f:63:19,14.411113142339369,13.676317295188845,,,,,,0.6838158647594422,1,2,1,0.9239079020857797
6bba_05db0fb1,6bba_05db0fb1:751,union,110,union|6bba_05db0fb1:751|110,0,c:62:2114:648,p:63:2857,f:63:85,12.70541363553891,11.930156005051924,,,,,,0.5965078002525962,1,2,1,0.9202720886702478
6bba_05db0fb1,6bba_05db0fb1:751,union,111,union|6bba_05db0fb1:751|111,0,c:62:2114:648,p:63:2857,f:63:630,6.700046641628698,1.5054576607713268,,,,,,0.07527288303856634,1,2,1,0.9180074693869305
6bba_05db0fb1,6bba_05db0fb1:751,union,112,union|6bba_05db0fb1:751|112,0,c:62:2114:648,p:63:2857,f:63:641,11.390277596874732,6.924285608159256,,,,,,0.34621428040796276,1,2,1,0.9095377481319209
6bba_05db0fb1,6bba_05db0fb1:751,union,113,union|6bba_05db0fb1:751|113,0,c:62:2114:648,p:63:2857,f:63:644,11.396932642657292,15.768577523906554,,,,,,0.7884288761953278,1,2,1,0.9103445671377615
6bba_05db0fb1,6bba_05db0fb1:751,union,114,union|6bba_05db0fb1:751|114,0,c:62:2114:648,p:63:2857,f:63:649,11.177303534934493,16.29044204827083,,,,,,0.8145221024135415,1,2,1,0.9054370047149134
6bba_05db0fb1,6bba_05db0fb1:751,union,115,union|6bba_05db0fb1:751|115,0,c:62:2114:648,p:63:2857,f:63:655,7.862639086648892,9.902240520018433,,,,,,0.49511202600092163,1,2,1,0.8352253313970674
6bba_05db0fb1,6bba_05db0fb1:751,union,116,union|6bba_05db0fb1:751|116,0,c:62:2114:648,p:63:2859,c:63:2874:652,11.830178570080843,9.334914300624297,,,,,,0.4667457150312148,0,2,2,0.9040542385774668
6bba_05db0fb1,6bba_05db0fb1:751,union,117,union|6bba_05db0fb1:751|117,0,c:62:2114:648,p:63:2859,c:63:2931:653,14.351611407782752,14.072912811497128,,,,,,0.7036456405748563,0,2,2,0.9028096098140015
6bba_05db0fb1,6bba_05db0fb1:751,union,118,union|6bba_05db0fb1:751|118,0,c:62:2114:648,p:63:2859,p:63:2946,15.41610359332085,18.16805231718579,,,,,,0.9084026158592895,0,1,1,0.921617170762568
6bba_05db0fb1,6bba_05db0fb1:751,union,119,union|6bba_05db0fb1:751|119,0,c:62:2114:648,p:63:2859,p:63:2963,14.804454566109486,17.35025215955088,,,,,,0.867512607977544,0,1,1,0.921617170762568
6bba_05db0fb1,6bba_05db0fb1:751,union,120,union|6bba_05db0fb1:751|120,0,c:62:2114:648,p:63:2859,f:63:19,14.411113142339369,11.420089819812137,,,,,,0.5710044909906069,1,2,1,0.9239079020857797
6bba_05db0fb1,6bba_05db0fb1:751,union,121,union|6bba_05db0fb1:751|121,0,c:62:2114:648,p:63:2859,f:63:85,12.70541363553891,16.728435005015225,,,,,,0.8364217502507613,1,2,1,0.9202720886702478
6bba_05db0fb1,6bba_05db0fb1:751,union,122,union|6bba_05db0fb1:751|122,0,c:62:2114:648,p:63:2859,f:63:630,11.830178570080843,8.607552486270079,,,,,,0.4303776243135039,1,2,1,0.9180074693869305
6bba_05db0fb1,6bba_05db0fb1:751,union,123,union|6bba_05db0fb1:751|123,0,c:62:2114:648,p:63:2859,f:63:641,11.830178570080843,0.4552500939130671,,,,,,0.022762504695653354,1,2,1,0.9095377481319209
6bba_05db0fb1,6bba_05db0fb1:751,union,124,union|6bba_05db0fb1:751|124,0,c:62:2114:648,p:63:2859,f:63:649,11.830178570080843,17.24227201364939,,,,,,0.8621136006824696,1,2,1,0.9054370047149134
6bba_05db0fb1,6bba_05db0fb1:751,union,125,union|6bba_05db0fb1:751|125,0,c:62:2114:648,p:63:2859,f:63:655,11.830178570080843,9.348022968717903,,,,,,0.46740114843589514,1,2,1,0.8352253313970674
6bba_05db0fb1,6bba_05db0fb1:751,union,126,union|6bba_05db0fb1:751|126,0,c:62:2114:648,c:63:2872:620,c:63:2931:653,14.351611407782752,12.160386507015309,0.44786196549137286,0.022882513661202187,0.06291079812206572,0.03471502590673575,0.5518134715025906,0.6080193253507654,0,3,3,0.9129661552399485
6bba_05db0fb1,6bba_05db0fb1:751,union,127,union|6bba_05db0fb1:751|127,0,c:62:2114:648,c:63:2872:620,p:63:2963,14.804454566109486,14.625,,,,,,0.73125,0,2,2,0.9274482084272053
6bba_05db0fb1,6bba_05db0fb1:751,union,128,union|6bba_05db0fb1:751|128,0,c:62:2114:648,c:63:2872:620,f:63:85,13.978778558944269,13.411836987505014,0.6579466929911155,0.13610683102208526,0.49765258215962443,0.15778505507591545,0.31705864840726405,0.6705918493752507,1,3,2,0.9246078078107794
6bba_05db0fb1,6bba_05db0fb1:751,union,129,union|6bba_05db0fb1:751|129,0,c:62:2114:648,c:63:2872:620,f:63:630,13.978778558944269,12.852264394661654,0.8237059264816204,0.02401874633860574,0.07699530516431925,0.0337309749074455,0.43809132044426163,0.6426132197330827,1,3,2,0.9230980616219012
6bba_05db0fb1,6bba_05db0fb1:751,union,130,union|6bba_05db0fb1:751|130,0,c:62:2114:648,c:63:2872:620,f:63:644,13.978778558944269,9.584618625862792,0.8049516908212561,0.14584511023176935,0.48450704225352115,0.17263298762127802,0.35630645700903313,0.4792309312931396,1,3,2,0.9179894601224552
6bba_05db0fb1,6bba_05db0fb1:751,union,131,union|6bba_05db0fb1:751|131,0,c:62:2114:648,c:63:2874:652,c:63:2931:653,14.351611407782752,16.086679271993955,0.34973637961335674,0.0035746201966041107,0.011267605633802818,0.005208333333333333,0.4622395833333333,0.8043339635996978,0,3,3,0.8973701753401229
6bba_05db0fb1,6bba_05db0fb1:751,union,132,union|6bba_05db0fb1:751|132,0,c:62:2114:648,c:63:2874:652,p:63:2946,15.41610359332085,10.531203634912773,,,,,,0.5265601817456387,0,2,2,0.9040542385774668
6bba_05db0fb1,6bba_05db0fb1:751,union,133,union|6bba_05db0fb1:751|133,0,c:62:2114:648,c:63:2874:652,p:63:2963,14.804454566109486,14.259317129512198,,,,,,0.7129658564756098,0,2,2,0.9040542385774668
6bba_05db0fb1,6bba_05db0fb1:751,union,134,union|6bba_05db0fb1:751|134,0,c:62:2114:648,c:63:2874:652,f:63:19,14.411113142339369,16.326838106848204,0.9730521382542472,0.026632700324224177,0.107981220657277,0.03414489311163896,0.3162114014251782,0.8163419053424101,1,3,2,0.9114357035213083
6bba_05db0fb1,6bba_05db0fb1:751,union,135,union|6bba_05db0fb1:751|135,0,c:62:2114:648,c:63:2874:652,f:63:630,9.475296829123613,10.89061127939414,0.6432337434094904,0.04934924078091106,0.17089201877934274,0.06488413547237076,0.37967914438502676,0.544530563969707,1,3,2,0.9075020817220755
6bba_05db0fb1,6bba_05db0fb1:751,union,136,union|6bba_05db0fb1:751|136,0,c:62:2114:648,c:63:2874:652,f:63:641,11.390277596874732,8.97532877603416,0.7539543057996485,0.09259757738896367,0.32300469483568073,0.11489645958583834,0.3557114228456914,0.448766438801708,1,3,2,0.9018556008854025
6bba_05db0fb1,6bba_05db0fb1:751,union,137,union|6bba_05db0fb1:751|137,0,c:62:2114:648,c:63:2874:652,f:63:649,11.177303534934493,10.644143347003244,0.20855301698886936,0.059979667909183326,0.16619718309859155,0.08579738245273873,0.5162384876393602,0.5322071673501622,1,3,2,0.8991217719407308
6bba_05db0fb1,6bba_05db0fb1:751,union,138,union|6bba_05db0fb1:751|138,0,c:62:2114:648,c:63:2874:652,f:63:655,9.475296829123613,5.520795101967257,0.2618629173989455,0.27032359905288084,0.6431924882629108,0.3180129990714949,0.49442896935933145,0.27603975509836287,1,3,2,0.8523139897288335
6bba_05db0fb1,6bba_05db0fb1:751,union,139,union|6bba_05db0fb1:751|139,0,c:62:2114:648,c:63:2931:653,p:63:2946,15.41610359332085,17.04314378276496,,,,,,0.852157189138248,0,2,2,0.9028096098140015
6bba_05db0fb1,6bba_05db0fb1:751,union,140,union|6bba_05db0fb1:751|140,0,c:62:2114:648,c:63:2931:653,p:63:2963,14.804454566109486,8.75089281159357,,,,,,0.43754464057967846,0,2,2,0.9028096098140015
6bba_05db0fb1,6bba_05db0fb1:751,union,141,union|6bba_05db0fb1:751|141,0,c:62:2114:648,c:63:2931:653,f:63:85,14.351611407782752,16.853795377896923,0.2946692991115499,0.11218335343787696,0.3492957746478873,0.14182234083110942,0.40602363705680516,0.8426897688948461,1,3,2,0.9081820754019768
6bba_05db0fb1,6bba_05db0fb1:751,union,142,union|6bba_05db0fb1:751|142,0,c:62:2114:648,c:63:2931:653,f:63:630,14.351611407782752,9.710069525195536,0.5437158469945356,0.31679389312977096,0.6234741784037559,0.391740412979351,0.6283185840707964,0.4855034762597768,1,3,2,0.9066723292130986
6bba_05db0fb1,6bba_05db0fb1:751,union,143,union|6bba_05db0fb1:751|143,0,c:62:2114:648,c:63:2931:653,f:63:641,14.351611407782752,13.91979728429573,0.46386946386946387,0.05472103004291846,0.14366197183098592,0.08121019108280254,0.5652866242038217,0.6959898642147865,1,3,2,0.9010258483764256
6bba_05db0fb1,6bba_05db0fb1:751,union,144,union|6bba_05db0fb1:751|144,0,c:62:2114:648,c:63:2931:653,f:63:644,14.351611407782752,18.765571248398462,0.3605072463768116,0.0,0.0,0.0,0.47270306258322237,0.9382785624199231,1,3,2,0.9015637277136527
6bba_05db0fb1,6bba_05db0fb1:751,union,145,union|6bba_05db0fb1:751|145,0,c:62:2114:648,c:63:2931:653,f:63:655,14.351611407782752,18.519871160536518,0.7487437185929648,0.0009492168960607499,0.0018779342723004694,0.0019157088122605363,0.9802816901408451,0.9259935580268259,1,3,2,0.8514842372198567
6bba_05db0fb1,6bba_05db0fb1:751,union,146,union|6bba_05db0fb1:751|146,0,c:62:2114:648,p:63:2946,p:63:2963,15.41610359332085,9.884489111734608,,,,,,0.4942244555867304,0,1,1,0.921617170762568
6bba_05db0fb1,6bba_05db0fb1:751,union,147,union|6bba_05db0fb1:751|147,0,c:62:2114:648,p:63:2946,f:63:630,15.41610359332085,16.969884424847802,,,,,,0.84849422124239,1,2,1,0.9180074693869305
6bba_05db0fb1,6bba_05db0fb1:751,union,148,union|6bba_05db0fb1:751|148,0,c:62:2114:648,p:63:2946,f:63:641,15.41610359332085,17.846655198220468,,,,,,0.8923327599110233,1,2,1,0.9095377481319209
6bba_05db0fb1,6bba_05db0fb1:751,union,149,union|6bba_05db0fb1:751|149,0,c:62:2114:648,p:63:2946,f:63:649,15.41610359332085,16.5720190639826,,,,,,0.8286009531991301,1,2,1,0.9054370047149134
6bba_05db0fb1,6bba_05db0fb1:751,union,150,union|6bba_05db0fb1:751|150,0,c:62:2114:648,p:63:2946,f:63:655,15.41610359332085,15.38262499420265,,,,,,0.7691312497101326,1,2,1,0.8352253313970674
6bba_05db0fb1,6bba_05db0fb1:751,union,151,union|6bba_05db0fb1:751|151,0,c:62:2114:648,p:63:2963,f:63:630,14.804454566109486,13.468199805946993,,,,,,0.6734099902973496,1,2,1,0.9180074693869305
6bba_05db0fb1,6bba_05db0fb1:751,union,152,union|6bba_05db0fb1:751|152,0,c:62:2114:648,p:63:2963,f:63:641,14.804454566109486,17.076068543891616,,,,,,0.8538034271945808,1,2,1,0.9095377481319209
6bba_05db0fb1,6bba_05db0fb1:751,union,153,union|6bba_05db0fb1:751|153,0,c:62:2114:648,p:63:2963,f:63:644,14.804454566109486,18.606634639532025,,,,,,0.9303317319766012,1,2,1,0.9103445671377615
6bba_05db0fb1,6bba_05db0fb1:751,union,154,union|6bba_05db0fb1:751|154,0,c:62:2114:648,p:63:2963,f:63:655,14.804454566109486,18.289491514709493,,,,,,0.9144745757354746,1,2,1,0.8352253313970674
6bba_05db0fb1,6bba_05db0fb1:751,union,155,union|6bba_05db0fb1:751|155,0,c:62:2114:648,f:63:19,f:63:85,14.411113142339369,14.777099493825796,0.8198420533070089,0.0149508756941478,0.06572769953051644,0.01898562516951451,0.28885272579332794,0.7388549746912898,2,3,1,0.9222476035831623
6bba_05db0fb1,6bba_05db0fb1:751,union,156,union|6bba_05db0fb1:751|156,0,c:62:2114:648,f:63:19,f:63:630,14.411113142339369,13.891370736953556,0.6610475617098134,0.13471810089020772,0.4262910798122066,0.16455237404856832,0.3860094237042407,0.6945685368476778,2,3,1,0.920737857394284
6bba_05db0fb1,6bba_05db0fb1:751,union,157,union|6bba_05db0fb1:751|157,0,c:62:2114:648,f:63:19,f:63:641,14.411113142339369,11.387765488223314,0.7748344370860927,0.29451612903225804,0.8572769953051643,0.30970149253731344,0.3612618724559023,0.5693882744111657,2,3,1,0.9150913765576111
6bba_05db0fb1,6bba_05db0fb1:751,union,158,union|6bba_05db0fb1:751|158,0,c:62:2114:648,f:63:19,f:63:649,14.411113142339369,17.271596103788223,0.2143287176399759,0.0,0.0,0.0,0.5280118988596926,0.8635798051894111,2,3,1,0.9123575476129394
6bba_05db0fb1,6bba_05db0fb1:751,union,159,union|6bba_05db0fb1:751|159,0,c:62:2114:648,f:63:19,f:63:655,14.411113142339369,11.879184684117186,0.2691149909692956,0.0475404423902278,0.1352112676056338,0.0683111954459203,0.5052182163187856,0.5939592342058593,2,3,1,0.8655497654010421
6bba_05db0fb1,6bba_05db0fb1:751,union,160,union|6bba_05db0fb1:751|160,0,c:62:2114:648,f:63:85,f:63:630,12.70541363553891,10.689820793047685,0.5419545903257651,0.10849431066419687,0.38497652582159625,0.13124199743918052,0.3409090909090909,0.5344910396523843,2,3,1,0.9183139817839295
6bba_05db0fb1,6bba_05db0fb1:751,union,161,union|6bba_05db0fb1:751|161,0,c:62:2114:648,f:63:85,f:63:641,12.70541363553891,16.532813208077904,0.6352418558736427,0.0,0.0,0.0,0.32146091156051915,0.8266406604038952,2,3,1,0.9126675009472565
6bba_05db0fb1,6bba_05db0fb1:751,union,162,union|6bba_05db0fb1:751|162,0,c:62:2114:648,f:63:85,f:63:644,12.70541363553891,14.296108797854156,0.8173741362290227,0.0012655557899177389,0.005633802816901409,0.0016295491580662683,0.28924497555676265,0.7148054398927078,2,3,1,0.9132053802844835
6bba_05db0fb1,6bba_05db0fb1:751,union,163,union|6bba_05db0fb1:751|163,0,c:62:2114:648,f:63:85,f:63:655,12.70541363553891,18.03607159122905,0.22063178677196446,0.0,0.0,0.0,0.43065103113627173,0.9018035795614525,2,3,1,0.8631258897906875
6bba_05db0fb1,6bba_05db0fb1:751,union,164,union|6bba_05db0fb1:751|164,0,c:62:2114:648,f:63:630,f:63:641,11.390277596874732,8.269490903032237,0.8531468531468531,0.1581067472306143,0.4422535211267606,0.19748427672955976,0.44654088050314467,0.41347454515161186,2,3,1,0.9111577547583782
6bba_05db0fb1,6bba_05db0fb1:751,union,165,union|6bba_05db0fb1:751|165,0,c:62:2114:648,f:63:630,f:63:644,11.396932642657292,14.488631280620254,0.6630434782608695,0.0073859140068583485,0.02629107981220657,0.010167029774872912,0.3867102396514161,0.7244315640310127,2,3,1,0.9116956340956053
6bba_05db0fb1,6bba_05db0fb1:751,union,166,union|6bba_05db0fb1:751|166,0,c:62:2114:648,f:63:630,f:63:649,11.177303534934493,16.456920877424732,0.3242258652094718,0.0,0.0,0.0,0.7324621733149931,0.8228460438712366,2,3,1,0.9084239258137066
6bba_05db0fb1,6bba_05db0fb1:751,union,167,union|6bba_05db0fb1:751|167,0,c:62:2114:648,f:63:630,f:63:655,7.862639086648892,10.537240705713785,0.40710382513661203,0.041916167664670656,0.09859154929577464,0.06796116504854369,0.6893203883495146,0.5268620352856892,2,3,1,0.8616161436018093
6bba_05db0fb1,6bba_05db0fb1:751,union,168,union|6bba_05db0fb1:751|168,0,c:62:2114:648,f:63:641,f:63:649,11.390277596874732,16.856190846821292,0.2766122766122766,0.0,0.0,0.0,0.6482045039561777,0.8428095423410646,2,3,1,0.9027774449770335
6bba_05db0fb1,6bba_05db0fb1:751,union,169,union|6bba_05db0fb1:751|169,0,c:62:2114:648,f:63:641,f:63:655,11.390277596874732,8.972550769290265,0.3473193473193473,0.08656832298136646,0.20938967136150236,0.12860438292964244,0.6141868512110726,0.44862753846451325,2,3,1,0.8559696627651362
6bba_05db0fb1,6bba_05db0fb1:751,union,170,union|6bba_05db0fb1:751|170,0,c:62:2114:648,f:63:644,f:63:649,11.396932642657292,18.607234413318924,0.21497584541062803,0.0,0.0,0.0,0.5293240556660039,0.9303617206659462,2,3,1,0.9033153243142605
6bba_05db0fb1,6bba_05db0fb1:751,union,171,union|6bba_05db0fb1:751|171,0,c:62:2114:648,f:63:644,f:63:655,11.396932642657292,18.845631299072757,0.26992753623188404,0.0,0.0,0.0,0.5064194008559201,0.9422815649536378,2,3,1,0.8565075421023632
6bba_05db0fb1,6bba_05db0fb1:751,union,172,union|6bba_05db0fb1:751|172,0,c:62:2114:648,f:63:649,f:63:655,11.177303534934493,7.911375546728091,0.796420581655481,0.11589008363201912,0.18215962441314554,0.24159402241594022,0.7539906103286385,0.39556877733640455,2,3,1,0.8532358338204645
6bba_207c6aaf,6bba_207c6aaf:146,pil_only,0,pil_only|6bba_207c6aaf:146|0,0,p:41:245,p:42:578,p:42:590,15.41610359332085,6.080193253507654,,,,,,0.3040096626753827,0,0,0,
6bba_207c6aaf,6bba_207c6aaf:146,pil_only,1,pil_only|6bba_207c6aaf:146|1,0,p:41:245,p:42:578,p:42:594,15.41610359332085,15.33021933959198,,,,,,0.7665109669795991,0,0,0,
6bba_207c6aaf,6bba_207c6aaf:146,pil_only,2,pil_only|6bba_207c6aaf:146|2,0,p:41:245,p:42:578,p:42:597,15.41610359332085,19.63494970709118,,,,,,0.981747485354559,0,0,0,
6bba_207c6aaf,6bba_207c6aaf:146,pil_only,3,pil_only|6bba_207c6aaf:146|3,0,p:41:245,p:42:578,p:42:613,15.41610359332085,17.35025215955088,,,,,,0.867512607977544,0,0,0,
6bba_207c6aaf,6bba_207c6aaf:146,pil_only,4,pil_only|6bba_207c6aaf:146|4,0,p:41:245,p:42:578,p:42:632,15.41610359332085,18.240579760522966,,,,,,0.9120289880261483,0,0,0,
6bba_207c6aaf,6bba_207c6aaf:146,pil_only,5,pil_only|6bba_207c6aaf:146|5,0,p:41:245,p:42:588,p:42:594,13.301198254292732,11.02128622257856,,,,,,0.551064311128928,0,0,0,
6bba_207c6aaf,6bba_207c6aaf:146,pil_only,6,pil_only|6bba_207c6aaf:146|6,0,p:41:245,p:42:588,p:42:595,13.301198254292732,16.086679271993955,,,,,,0.8043339635996978,0,0,0,
6bba_207c6aaf,6bba_207c6aaf:146,pil_only,7,pil_only|6bba_207c6aaf:146|7,0,p:41:245,p:42:588,p:42:597,13.301198254292732,8.75089281159357,,,,,,0.43754464057967846,0,0,0,
6bba_207c6aaf,6bba_207c6aaf:146,pil_only,8,pil_only|6bba_207c6aaf:146|8,0,p:41:245,p:42:588,p:42:604,13.400093283257396,9.613629647536875,,,,,,0.48068148237684377,0,0,0,
6bba_207c6aaf,6bba_207c6aaf:146,pil_only,9,pil_only|6bba_207c6aaf:146|9,0,p:41:245,p:42:588,p:42:606,14.625,11.490485194281398,,,,,,0.5745242597140698,0,0,0,
6bba_207c6aaf,6bba_207c6aaf:146,pil_only,10,pil_only|6bba_207c6aaf:146|10,0,p:41:245,p:42:588,p:42:613,13.301198254292732,12.691655723348314,,,,,,0.6345827861674157,0,0,0,
6bba_207c6aaf,6bba_207c6aaf:146,pil_only,11,pil_only|6bba_207c6aaf:146|11,0,p:41:245,p:42:588,p:42:629,14.072912811497128,18.669828601248593,,,,,,0.9334914300624296,0,0,0,
6bba_207c6aaf,6bba_207c6aaf:146,pil_only,12,pil_only|6bba_207c6aaf:146|12,0,p:41:245,p:42:588,p:42:638,14.351611407782752,18.45645212385089,,,,,,0.9228226061925445,0,0,0,
6bba_207c6aaf,6bba_207c6aaf:146,pil_only,13,pil_only|6bba_207c6aaf:146|13,1,p:41:245,p:42:590,p:42:594,11.02128622257856,11.604821196382131,,,,,,0.5802410598191066,0,0,0,
6bba_207c6aaf,6bba_207c6aaf:146,pil_only,14,pil_only|6bba_207c6aaf:146|14,0,p:41:245,p:42:590,p:42:595,11.375,18.598975106171846,,,,,,0.9299487553085923,0,0,0,
6bba_207c6aaf,6bba_207c6aaf:146,pil_only,15,pil_only|6bba_207c6aaf:146|15,0,p:41:245,p:42:590,p:42:597,13.201562407533435,19.22725929507375,,,,,,0.9613629647536875,0,0,0,
6bba_207c6aaf,6bba_207c6aaf:146,pil_only,16,pil_only|6bba_207c6aaf:146|16,0,p:41:245,p:42:590,p:42:613,11.02128622257856,14.351611407782752,,,,,,0.7175805703891376,0,0,0,
6bba_207c6aaf,6bba_207c6aaf:146,pil_only,17,pil_only|6bba_207c6aaf:146|17,0,p:41:245,p:42:590,p:42:618,14.715000849473302,18.240579760522966,,,,,,0.9120289880261483,0,0,0,
6bba_207c6aaf,6bba_207c6aaf:146,pil_only,18,pil_only|6bba_207c6aaf:146|18,0,p:41:245,p:42:590,p:42:632,15.069630055180518,16.086679271993955,,,,,,0.8043339635996978,0,0,0,
6bba_207c6aaf,6bba_207c6aaf:146,pil_only,19,pil_only|6bba_207c6aaf:146|19,0,p:41:245,p:42:590,p:42:633,11.02128622257856,18.240579760522966,,,,,,0.9120289880261483,0,0,0,
6bba_207c6aaf,6bba_207c6aaf:146,pil_only,20,pil_only|6bba_207c6aaf:146|20,0,p:41:245,p:42:594,p:42:595,11.375,10.277402395547233,,,,,,0.5138701197773616,0,0,0,
6bba_207c6aaf,6bba_207c6aaf:146,pil_only,21,pil_only|6bba_207c6aaf:146|21,0,p:41:245,p:42:594,p:42:597,13.201562407533435,12.481861840286488,,,,,,0.6240930920143244,0,0,0,
6bba_207c6aaf,6bba_207c6aaf:146,pil_only,22,pil_only|6bba_207c6aaf:146|22,0,p:41:245,p:42:594,p:42:604,13.400093283257396,12.268480957314969,,,,,,0.6134240478657484,0,0,0,
6bba_207c6aaf,6bba_207c6aaf:146,pil_only,23,pil_only|6bba_207c6aaf:146|23,0,p:41:245,p:42:594,p:42:606,14.625,14.715000849473302,,,,,,0.7357500424736652,0,0,0,
6bba_207c6aaf,6bba_207c6aaf:146,pil_only,24,pil_only|6bba_207c6aaf:146|24,0,p:41:245,p:42:594,p:42:613,6.080193253507654,8.125,,,,,,0.40625,0,0,0,
6bba_207c6aaf,6bba_207c6aaf:146,pil_only,25,pil_only|6bba_207c6aaf:146|25,0,p:41:245,p:42:594,p:42:618,14.715000849473302,16.65129499468435,,,,,,0.8325647497342175,0,0,0,
6bba_207c6aaf,6bba_207c6aaf:146,pil_only,26,pil_only|6bba_207c6aaf:146|26,0,p:41:245,p:42:594,p:42:629,14.072912811497128,15.41610359332085,,,,,,0.7708051796660425,0,0,0,
6bba_207c6aaf,6bba_207c6aaf:146,pil_only,27,pil_only|6bba_207c6aaf:146|27,0,p:41:245,p:42:594,p:42:632,15.069630055180518,18.16805231718579,,,,,,0.9084026158592895,0,0,0,
6bba_207c6aaf,6bba_207c6aaf:146,pil_only,28,pil_only|6bba_207c6aaf:146|28,0,p:41:245,p:42:594,p:42:633,10.277402395547233,13.498263777241872,,,,,,0.6749131888620936,0,0,0,
6bba_207c6aaf,6bba_207c6aaf:146,pil_only,29,pil_only|6bba_207c6aaf:146|29,0,p:41:245,p:42:594,p:42:638,14.351611407782752,16.809130703281475,,,,,,0.8404565351640738,0,0,0,
6bba_207c6aaf,6bba_207c6aaf:146,pil_only,30,pil_only|6bba_207c6aaf:146|30,0,p:41:245,p:42:595,p:42:604,13.400093283257396,10.900831390311474,,,,,,0.5450415695155737,0,0,0,
6bba_207c6aaf,6bba_207c6aaf:146,pil_only,31,pil_only|6bba_207c6aaf:146|31,0,p:41:245,p:42:595,p:42:613,11.375,16.331047884321446,,,,,,0.8165523942160723,0,0,0,
6bba_207c6aaf,6bba_207c6aaf:146,pil_only,32,pil_only|6bba_207c6aaf:146|32,0,p:41:245,p:42:595,p:42:618,14.715000849473302,13.101168840985142,,,,,,0.6550584420492571,0,0,0,
6bba_207c6aaf,6bba_207c6aaf:146,pil_only,33,pil_only|6bba_207c6aaf:146|33,0,p:41:245,p:42:595,p:42:629,14.072912811497128,11.941262496067994,,,,,,0.5970631248033997,0,0,0,
6bba_207c6aaf,6bba_207c6aaf:146,pil_only,34,pil_only|6bba_207c6aaf:146|34,0,p:41:245,p:42:595,p:42:633,11.375,15.33021933959198,,,,,,0.7665109669795991,0,0,0,
6bba_207c6aaf,6bba_207c6aaf:146,pil_only,35,pil_only|6bba_207c6aaf:146|35,0,p:41:245,p:42:597,p:42:604,13.400093283257396,16.086679271993955,,,,,,0.8043339635996978,0,0,0,
6bba_207c6aaf,6bba_207c6aaf:146,pil_only,36,pil_only|6bba_207c6aaf:146|36,0,p:41:245,p:42:597,p:42:606,14.625,3.6336104634371584,,,,,,0.18168052317185793,0,0,0,
6bba_207c6aaf,6bba_207c6aaf:146,pil_only,37,pil_only|6bba_207c6aaf:146|37,0,p:41:245,p:42:597,p:42:613,13.201562407533435,9.475296829123613,,,,,,0.47376484145618064,0,0,0,
6bba_207c6aaf,6bba_207c6aaf:146,pil_only,38,pil_only|6bba_207c6aaf:146|38,0,p:41:245,p:42:597,p:42:632,15.069630055180518,18.810734967034115,,,,,,0.9405367483517058,0,0,0,
6bba_207c6aaf,6bba_207c6aaf:146,pil_only,39,pil_only|6bba_207c6aaf:146|39,0,p:41:245,p:42:597,p:42:633,13.201562407533435,19.63494970709118,,,,,,0.981747485354559,0,0,0,
6bba_207c6aaf,6bba_207c6aaf:146,pil_only,40,pil_only|6bba_207c6aaf:146|40,0,p:41:245,p:42:597,p:42:638,14.351611407782752,13.788582233137676,,,,,,0.6894291116568838,0,0,0,
6bba_207c6aaf,6bba_207c6aaf:146,pil_only,41,pil_only|6bba_207c6aaf:146|41,0,p:41:245,p:42:604,p:42:606,14.625,17.577062467886947,,,,,,0.8788531233943473,0,0,0,
6bba_207c6aaf,6bba_207c6aaf:146,pil_only,42,pil_only|6bba_207c6aaf:146|42,0,p:41:245,p:42:604,p:42:613,13.400093283257396,14.351611407782752,,,,,,0.7175805703891376,0,0,0,
6bba_207c6aaf,6bba_207c6aaf:146,pil_only,43,pil_only|6bba_207c6aaf:146|43,0,p:41:245,p:42:604,p:42:629,14.072912811497128,10.65583760199075,,,,,,0.5327918800995375,0,0,0,
6bba_207c6aaf,6bba_207c6aaf:146,pil_only,44,pil_only|6bba_207c6aaf:146|44,0,p:41:245,p:42:604,p:42:633,13.400093283257396,16.25,,,,,,0.8125,0,0,0,
6bba_207c6aaf,6bba_207c6aaf:146,pil_only,45,pil_only|6bba_207c6aaf:146|45,0,p:41:245,p:42:604,p:42:638,14.351611407782752,18.810734967034115,,,,,,0.9405367483517058,0,0,0,
6bba_207c6aaf,6bba_207c6aaf:146,pil_only,46,pil_only|6bba_207c6aaf:146|46,0,p:41:245,p:42:606,p:42:613,14.625,9.613629647536875,,,,,,0.48068148237684377,0,0,0,
6bba_207c6aaf,6bba_207c6aaf:146,pil_only,47,pil_only|6bba_207c6aaf:146|47,0,p:41:245,p:42:606,p:42:632,15.069630055180518,17.426183603990864,,,,,,0.8713091801995432,0,0,0,
6bba_207c6aaf,6bba_207c6aaf:146,pil_only,48,pil_only|6bba_207c6aaf:146|48,0,p:41:245,p:42:606,p:42:633,14.625,19.295805891436615,,,,,,0.9647902945718307,0,0,0,
6bba_207c6aaf,6bba_207c6aaf:146,pil_only,49,pil_only|6bba_207c6aaf:146|49,0,p:41:245,p:42:606,p:42:638,14.625,11.375,,,,,,0.56875,0,0,0,
6bba_207c6aaf,6bba_207c6aaf:146,pil_only,50,pil_only|6bba_207c6aaf:146|50,0,p:41:245,p:42:613,p:42:618,14.715000849473302,19.08942770226494,,,,,,0.9544713851132469,0,0,0,
6bba_207c6aaf,6bba_207c6aaf:146,pil_only,51,pil_only|6bba_207c6aaf:146|51,0,p:41:245,p:42:613,p:42:629,14.072912811497128,15.33021933959198,,,,,,0.7665109669795991,0,0,0,
6bba_207c6aaf,6bba_207c6aaf:146,pil_only,52,pil_only|6bba_207c6aaf:146|52,0,p:41:245,p:42:613,p:42:632,15.069630055180518,12.160386507015309,,,,,,0.6080193253507654,0,0,0,
6bba_207c6aaf,6bba_207c6aaf:146,pil_only,53,pil_only|6bba_207c6aaf:146|53,0,p:41:245,p:42:613,p:42:633,10.277402395547233,10.531203634912773,,,,,,0.5265601817456387,0,0,0,
6bba_207c6aaf,6bba_207c6aaf:146,pil_only,54,pil_only|6bba_207c6aaf:146|54,0,p:41:245,p:42:613,p:42:638,14.351611407782752,8.900491559458949,,,,,,0.4450245779729475,0,0,0,
6bba_207c6aaf,6bba_207c6aaf:146,pil_only,55,pil_only|6bba_207c6aaf:146|55,0,p:41:245,p:42:618,p:42:629,14.715000849473302,14.259317129512198,,,,,,0.7129658564756098,0,0,0,
6bba_207c6aaf,6bba_207c6aaf:146,pil_only,56,pil_only|6bba_207c6aaf:146|56,0,p:41:245,p:42:618,p:42:633,14.715000849473302,11.941262496067994,,,,,,0.5970631248033997,0,0,0,
6bba_207c6aaf,6bba_207c6aaf:146,pil_only,57,pil_only|6bba_207c6aaf:146|57,0,p:41:245,p:42:629,p:42:633,14.072912811497128,9.613629647536875,,,,,,0.48068148237684377,0,0,0,
6bba_207c6aaf,6bba_207c6aaf:146,pil_only,58,pil_only|6bba_207c6aaf:146|58,0,p:41:245,p:42:629,p:42:638,14.351611407782752,17.273986945693807,,,,,,0.8636993472846903,0,0,0,
6bba_207c6aaf,6bba_207c6aaf:146,pil_only,59,pil_only|6bba_207c6aaf:146|59,0,p:41:245,p:42:632,p:42:633,15.069630055180518,13.978778558944269,,,,,,0.6989389279472135,0,0,0,
6bba_207c6aaf,6bba_207c6aaf:146,pil_only,60,pil_only|6bba_207c6aaf:146|60,0,p:41:245,p:42:632,p:42:638,15.069630055180518,11.490485194281398,,,,,,0.5745242597140698,0,0,0,
6bba_207c6aaf,6bba_207c6aaf:146,pil_only,61,pil_only|6bba_207c6aaf:146|61,0,p:41:245,p:42:633,p:42:638,14.351611407782752,11.941262496067994,,,,,,0.5970631248033997,0,0,0,
6bba_207c6aaf,6bba_207c6aaf:146,union,0,union|6bba_207c6aaf:146|0,0,c:41:245:236,p:42:578,p:42:590,15.41610359332085,6.080193253507654,,,,,,0.3040096626753827,0,1,1,0.8475119546765373
6bba_207c6aaf,6bba_207c6aaf:146,union,1,union|6bba_207c6aaf:146|1,0,c:41:245:236,p:42:578,p:42:594,15.41610359332085,15.33021933959198,,,,,,0.7665109669795991,0,1,1,0.8475119546765373
6bba_207c6aaf,6bba_207c6aaf:146,union,2,union|6bba_207c6aaf:146|2,0,c:41:245:236,p:42:578,p:42:597,15.41610359332085,19.63494970709118,,,,,,0.981747485354559,0,1,1,0.8475119546765373
6bba_207c6aaf,6bba_207c6aaf:146,union,3,union|6bba_207c6aaf:146|3,0,c:41:245:236,p:42:578,c:42:613:240,15.41610359332085,17.35025215955088,,,,,,0.867512607977544,0,2,2,0.8559420305210816
6bba_207c6aaf,6bba_207c6aaf:146,union,4,union|6bba_207c6aaf:146|4,0,c:41:245:236,p:42:578,c:42:632:244,15.41610359332085,18.240579760522966,,,,,,0.9120289880261483,0,2,2,0.8537523300904213
6bba_207c6aaf,6bba_207c6aaf:146,union,5,union|6bba_207c6aaf:146|5,0,c:41:245:236,p:42:588,p:42:594,13.301198254292732,11.02128622257856,,,,,,0.551064311128928,0,1,1,0.8475119546765373
6bba_207c6aaf,6bba_207c6aaf:146,union,6,union|6bba_207c6aaf:146|6,0,c:41:245:236,p:42:588,c:42:595:245,13.301198254292732,16.086679271993955,,,,,,0.8043339635996978,0,2,2,0.8456098824367961
6bba_207c6aaf,6bba_207c6aaf:146,union,7,union|6bba_207c6aaf:146|7,0,c:41:245:236,p:42:588,p:42:597,13.301198254292732,8.75089281159357,,,,,,0.43754464057967846,0,1,1,0.8475119546765373
6bba_207c6aaf,6bba_207c6aaf:146,union,8,union|6bba_207c6aaf:146|8,0,c:41:245:236,p:42:588,c:42:604:233,13.400093283257396,9.613629647536875,,,,,,0.48068148237684377,0,2,2,0.865336207586302
6bba_207c6aaf,6bba_207c6aaf:146,union,9,union|6bba_207c6aaf:146|9,0,c:41:245:236,p:42:588,p:42:606,14.625,11.490485194281398,,,,,,0.5745242597140698,0,1,1,0.8475119546765373
6bba_207c6aaf,6bba_207c6aaf:146,union,10,union|6bba_207c6aaf:146|10,0,c:41:245:236,p:42:588,c:42:613:240,13.301198254292732,12.691655723348314,,,,,,0.6345827861674157,0,2,2,0.8559420305210816
6bba_207c6aaf,6bba_207c6aaf:146,union,11,union|6bba_207c6aaf:146|11,0,c:41:245:236,p:42:588,p:42:629,14.072912811497128,18.669828601248593,,,,,,0.9334914300624296,0,1,1,0.8475119546765373
6bba_207c6aaf,6bba_207c6aaf:146,union,12,union|6bba_207c6aaf:146|12,0,c:41:245:236,p:42:588,p:42:638,14.351611407782752,18.45645212385089,,,,,,0.9228226061925445,0,1,1,0.8475119546765373
6bba_207c6aaf,6bba_207c6aaf:146,union,13,union|6bba_207c6aaf:146|13,1,c:41:245:236,p:42:590,p:42:594,11.02128622257856,11.604821196382131,,,,,,0.5802410598191066,0,1,1,0.8475119546765373
6bba_207c6aaf,6bba_207c6aaf:146,union,14,union|6bba_207c6aaf:146|14,0,c:41:245:236,p:42:590,c:42:595:245,11.375,18.598975106171846,,,,,,0.9299487553085923,0,2,2,0.8456098824367961
6bba_207c6aaf,6bba_207c6aaf:146,union,15,union|6bba_207c6aaf:146|15,0,c:41:245:236,p:42:590,p:42:597,13.201562407533435,19.22725929507375,,,,,,0.9613629647536875,0,1,1,0.8475119546765373
6bba_207c6aaf,6bba_207c6aaf:146,union,16,union|6bba_207c6aaf:146|16,0,c:41:245:236,p:42:590,c:42:613:240,11.02128622257856,14.351611407782752,,,,,,0.7175805703891376,0,2,2,0.8559420305210816
6bba_207c6aaf,6bba_207c6aaf:146,union,17,union|6bba_207c6aaf:146|17,0,c:41:245:236,p:42:590,c:42:618:238,14.715000849473302,18.240579760522966,,,,,,0.9120289880261483,0,2,2,0.8677667788010828
6bba_207c6aaf,6bba_207c6aaf:146,union,18,union|6bba_207c6aaf:146|18,0,c:41:245:236,p:42:590,c:42:632:244,15.069630055180518,16.086679271993955,,,,,,0.8043339635996978,0,2,2,0.8537523300904213
6bba_207c6aaf,6bba_207c6aaf:146,union,19,union|6bba_207c6aaf:146|19,0,c:41:245:236,p:42:590,c:42:633:228,11.02128622257856,18.240579760522966,,,,,,0.9120289880261483,0,2,2,0.8794886791960672
6bba_207c6aaf,6bba_207c6aaf:146,union,20,union|6bba_207c6aaf:146|20,0,c:41:245:236,p:42:590,f:42:252,14.217422556561335,16.078131957657444,,,,,,0.8039065978828722,1,2,1,0.7321541714065837
6bba_207c6aaf,6bba_207c6aaf:146,union,21,union|6bba_207c6aaf:146|21,0,c:41:245:236,p:42:594,c:42:595:245,11.375,10.277402395547233,,,,,,0.5138701197773616,0,2,2,0.8456098824367961
6bba_207c6aaf,6bba_207c6aaf:146,union,22,union|6bba_207c6aaf:146|22,0,c:41:245:236,p:42:594,p:42:597,13.201562407533435,12.481861840286488,,,,,,0.6240930920143244,0,1,1,0.8475119546765373
6bba_207c6aaf,6bba_207c6aaf:146,union,23,union|6bba_207c6aaf:146|23,0,c:41:245:236,p:42:594,c:42:604:233,13.400093283257396,12.268480957314969,,,,,,0.6134240478657484,0,2,2,0.865336207586302
6bba_207c6aaf,6bba_207c6aaf:146,union,24,union|6bba_207c6aaf:146|24,0,c:41:245:236,p:42:594,p:42:606,14.625,14.715000849473302,,,,,,0.7357500424736652,0,1,1,0.8475119546765373
6bba_207c6aaf,6bba_207c6aaf:146,union,25,union|6bba_207c6aaf:146|25,0,c:41:245:236,p:42:594,c:42:613:240,6.080193253507654,8.125,,,,,,0.40625,0,2,2,0.8559420305210816
6bba_207c6aaf,6bba_207c6aaf:146,union,26,union|6bba_207c6aaf:146|26,0,c:41:245:236,p:42:594,c:42:618:238,14.715000849473302,16.65129499468435,,,,,,0.8325647497342175,0,2,2,0.8677667788010828
6bba_207c6aaf,6bba_207c6aaf:146,union,27,union|6bba_207c6aaf:146|27,0,c:41:245:236,p:42:594,p:42:629,14.072912811497128,15.41610359332085,,,,,,0.7708051796660425,0,1,1,0.8475119546765373
6bba_207c6aaf,6bba_207c6aaf:146,union,28,union|6bba_207c6aaf:146|28,0,c:41:245:236,p:42:594,c:42:632:244,15.069630055180518,18.16805231718579,,,,,,0.9084026158592895,0,2,2,0.8537523300904213
6bba_207c6aaf,6bba_207c6aaf:146,union,29,union|6bba_207c6aaf:146|29,0,c:41:245:236,p:42:594,c:42:633:228,10.277402395547233,13.498263777241872,,,,,,0.6749131888620936,0,2,2,0.8794886791960672
6bba_207c6aaf,6bba_207c6aaf:146,union,30,union|6bba_207c6aaf:146|30,0,c:41:245:236,p:42:594,p:42:638,14.351611407782752,16.809130703281475,,,,,,0.8404565351640738,0,1,1,0.8475119546765373
6bba_207c6aaf,6bba_207c6aaf:146,union,31,union|6bba_207c6aaf:146|31,0,c:41:245:236,p:42:594,f:42:252,14.217422556561335,14.838835310551612,,,,,,0.7419417655275806,1,2,1,0.7321541714065837
6bba_207c6aaf,6bba_207c6aaf:146,union,32,union|6bba_207c6aaf:146|32,0,c:41:245:236,c:42:595:245,c:42:604:233,13.400093283257396,10.900831390311474,0.7724611860524306,0.05883993307306191,0.6698412698412698,0.06059735784032166,0.09046524985640436,0.5450415695155737,0,3,3,0.8581267417898863
6bba_207c6aaf,6bba_207c6aaf:146,union,33,union|6bba_207c6aaf:146|33,0,c:41:245:236,c:42:595:245,c:42:613:240,11.375,16.331047884321446,0.49554594044286077,0.04969344949983866,0.4888888888888889,0.05241660993873383,0.10721579305650102,0.8165523942160723,0,3,3,0.8518639570797394
6bba_207c6aaf,6bba_207c6aaf:146,union,34,union|6bba_207c6aaf:146|34,0,c:41:245:236,c:42:595:245,c:42:618:238,14.715000849473302,13.101168840985142,0.4031560193433444,0.05895535252542665,0.5428571428571428,0.06203518955196807,0.11427534917467803,0.6550584420492571,0,3,3,0.8597471225997402
6bba_207c6aaf,6bba_207c6aaf:146,union,35,union|6bba_207c6aaf:146|35,0,c:41:245:236,c:42:595:245,p:42:629,14.072912811497128,11.941262496067994,,,,,,0.5970631248033997,0,2,2,0.8456098824367961
6bba_207c6aaf,6bba_207c6aaf:146,union,36,union|6bba_207c6aaf:146|36,0,c:41:245:236,c:42:595:245,c:42:633:228,11.375,15.33021933959198,0.5866632730974802,0.053406998158379376,0.5523809523809524,0.05582290664100096,0.10105871029836382,0.7665109669795991,0,3,3,0.8675617228630631
6bba_207c6aaf,6bba_207c6aaf:146,union,37,union|6bba_207c6aaf:146|37,0,c:41:245:236,c:42:595:245,f:42:252,14.217422556561335,10.381755692293476,0.038432171035886996,0.09815807880624854,0.6682539682539682,0.10318627450980392,0.15441176470588236,0.5190877846146738,1,3,2,0.7693387176700742
6bba_207c6aaf,6bba_207c6aaf:146,union,38,union|6bba_207c6aaf:146|38,0,c:41:245:236,p:42:597,c:42:604:233,13.400093283257396,16.086679271993955,,,,,,0.8043339635996978,0,2,2,0.865336207586302
6bba_207c6aaf,6bba_207c6aaf:146,union,39,union|6bba_207c6aaf:146|39,0,c:41:245:236,p:42:597,p:42:606,14.625,3.6336104634371584,,,,,,0.18168052317185793,0,1,1,0.8475119546765373
6bba_207c6aaf,6bba_207c6aaf:146,union,40,union|6bba_207c6aaf:146|40,0,c:41:245:236,p:42:597,c:42:613:240,13.201562407533435,9.475296829123613,,,,,,0.47376484145618064,0,2,2,0.8559420305210816
6bba_207c6aaf,6bba_207c6aaf:146,union,41,union|6bba_207c6aaf:146|41,0,c:41:245:236,p:42:597,c:42:632:244,15.069630055180518,18.810734967034115,,,,,,0.9405367483517058,0,2,2,0.8537523300904213
6bba_207c6aaf,6bba_207c6aaf:146,union,42,union|6bba_207c6aaf:146|42,0,c:41:245:236,p:42:597,c:42:633:228,13.201562407533435,19.63494970709118,,,,,,0.981747485354559,0,2,2,0.8794886791960672
6bba_207c6aaf,6bba_207c6aaf:146,union,43,union|6bba_207c6aaf:146|43,0,c:41:245:236,p:42:597,p:42:638,14.351611407782752,13.788582233137676,,,,,,0.6894291116568838,0,1,1,0.8475119546765373
6bba_207c6aaf,6bba_207c6aaf:146,union,44,union|6bba_207c6aaf:146|44,0,c:41:245:236,c:42:604:233,p:42:606,14.625,17.577062467886947,,,,,,0.8788531233943473,0,2,2,0.865336207586302
6bba_207c6aaf,6bba_207c6aaf:146,union,45,union|6bba_207c6aaf:146|45,0,c:41:245:236,c:42:604:233,c:42:613:240,13.400093283257396,14.351611407782752,0.6415156507413509,0.007902298850574713,0.06984126984126984,0.008831794460056202,0.12645523885989562,0.7175805703891376,0,3,3,0.8650148405127434
6bba_207c6aaf,6bba_207c6aaf:146,union,46,union|6bba_207c6aaf:146|46,0,c:41:245:236,c:42:604:233,p:42:629,14.072912811497128,10.65583760199075,,,,,,0.5327918800995375,0,2,2,0.865336207586302
6bba_207c6aaf,6bba_207c6aaf:146,union,47,union|6bba_207c6aaf:146|47,0,c:41:245:236,c:42:604:233,c:42:633:228,13.400093283257396,16.25,0.7594728171334432,0.015306122448979591,0.14285714285714285,0.016853932584269662,0.11797752808988764,0.8125,0,3,3,0.8807126062960671
6bba_207c6aaf,6bba_207c6aaf:146,union,48,union|6bba_207c6aaf:146|48,0,c:41:245:236,c:42:604:233,p:42:638,14.351611407782752,18.810734967034115,,,,,,0.9405367483517058,0,2,2,0.865336207586302
6bba_207c6aaf,6bba_207c6aaf:146,union,49,union|6bba_207c6aaf:146|49,0,c:41:245:236,p:42:606,c:42:613:240,14.625,9.613629647536875,,,,,,0.48068148237684377,0,2,2,0.8559420305210816
6bba_207c6aaf,6bba_207c6aaf:146,union,50,union|6bba_207c6aaf:146|50,0,c:41:245:236,p:42:606,c:42:632:244,15.069630055180518,17.426183603990864,,,,,,0.8713091801995432,0,2,2,0.8537523300904213
6bba_207c6aaf,6bba_207c6aaf:146,union,51,union|6bba_207c6aaf:146|51,0,c:41:245:236,p:42:606,c:42:633:228,14.625,19.295805891436615,,,,,,0.9647902945718307,0,2,2,0.8794886791960672
6bba_207c6aaf,6bba_207c6aaf:146,union,52,union|6bba_207c6aaf:146|52,0,c:41:245:236,p:42:606,p:42:638,14.625,11.375,,,,,,0.56875,0,1,1,0.8475119546765373
6bba_207c6aaf,6bba_207c6aaf:146,union,53,union|6bba_207c6aaf:146|53,0,c:41:245:236,c:42:613:240,c:42:618:238,14.715000849473302,19.08942770226494,0.8135593220338984,0.00361794500723589,0.023809523809523808,0.004248088360237893,0.1784197111299915,0.9544713851132469,0,3,3,0.8666352213225972
6bba_207c6aaf,6bba_207c6aaf:146,union,54,union|6bba_207c6aaf:146|54,0,c:41:245:236,c:42:613:240,p:42:629,14.072912811497128,15.33021933959198,,,,,,0.7665109669795991,0,2,2,0.8559420305210816
6bba_207c6aaf,6bba_207c6aaf:146,union,55,union|6bba_207c6aaf:146|55,0,c:41:245:236,c:42:613:240,c:42:632:244,15.069630055180518,12.160386507015309,0.5947611710323575,0.0,0.0,0.0,0.2028985507246377,0.6080193253507654,0,3,3,0.8572922555154895
6bba_207c6aaf,6bba_207c6aaf:146,union,56,union|6bba_207c6aaf:146|56,0,c:41:245:236,c:42:613:240,c:42:633:228,10.277402395547233,10.531203634912773,0.8446854663774404,0.07014467338886453,0.5079365079365079,0.07525870178739416,0.14816556914393228,0.5265601817456387,0,3,3,0.8744498215859201
6bba_207c6aaf,6bba_207c6aaf:146,union,57,union|6bba_207c6aaf:146|57,0,c:41:245:236,c:42:613:240,p:42:638,14.351611407782752,8.900491559458949,,,,,,0.4450245779729475,0,2,2,0.8559420305210816
6bba_207c6aaf,6bba_207c6aaf:146,union,58,union|6bba_207c6aaf:146|58,0,c:41:245:236,c:42:613:240,f:42:252,14.217422556561335,19.869469133701845,0.07755521314843349,0.027882441597588545,0.11746031746031746,0.03527168732125834,0.30028598665395617,0.9934734566850922,1,3,2,0.776226816392931
6bba_207c6aaf,6bba_207c6aaf:146,union,59,union|6bba_207c6aaf:146|59,0,c:41:245:236,c:42:618:238,p:42:629,14.715000849473302,14.259317129512198,,,,,,0.7129658564756098,0,2,2,0.8677667788010828
6bba_207c6aaf,6bba_207c6aaf:146,union,60,union|6bba_207c6aaf:146|60,0,c:41:245:236,c:42:618:238,c:42:633:228,14.715000849473302,11.941262496067994,0.6872017353579176,0.0839529863276565,0.5555555555555556,0.08999742864489586,0.16199537156081253,0.5970631248033997,0,3,3,0.8823329871059209
6bba_207c6aaf,6bba_207c6aaf:146,union,61,union|6bba_207c6aaf:146|61,0,c:41:245:236,c:42:618:238,f:42:252,14.715000849473302,6.508440986060912,0.09532828282828283,0.28812636165577343,0.8396825396825397,0.3048991354466859,0.3631123919308357,0.32542204930304564,1,3,2,0.7841099819129319
6bba_207c6aaf,6bba_207c6aaf:146,union,62,union|6bba_207c6aaf:146|62,0,c:41:245:236,p:42:629,c:42:633:228,14.072912811497128,9.613629647536875,,,,,,0.48068148237684377,0,2,2,0.8794886791960672
6bba_207c6aaf,6bba_207c6aaf:146,union,63,union|6bba_207c6aaf:146|63,0,c:41:245:236,p:42:629,p:42:638,14.351611407782752,17.273986945693807,,,,,,0.8636993472846903,0,1,1,0.8475119546765373
6bba_207c6aaf,6bba_207c6aaf:146,union,64,union|6bba_207c6aaf:146|64,0,c:41:245:236,p:42:629,f:42:252,14.217422556561335,16.95507322677578,,,,,,0.847753661338789,1,2,1,0.7321541714065837
6bba_207c6aaf,6bba_207c6aaf:146,union,65,union|6bba_207c6aaf:146|65,0,c:41:245:236,c:42:632:244,c:42:633:228,15.069630055180518,13.978778558944269,0.5023861171366595,0.0,0.0,0.0,0.18192318798729426,0.6989389279472135,0,3,3,0.8729900212988132
6bba_207c6aaf,6bba_207c6aaf:146,union,66,union|6bba_207c6aaf:146|66,0,c:41:245:236,c:42:632:244,p:42:638,15.069630055180518,11.490485194281398,,,,,,0.5745242597140698,0,2,2,0.8537523300904213
6bba_207c6aaf,6bba_207c6aaf:146,union,67,union|6bba_207c6aaf:146|67,0,c:41:245:236,c:42:633:228,p:42:638,14.351611407782752,11.941262496067994,,,,,,0.5970631248033997,0,2,2,0.8794886791960672
6bba_207c6aaf,6bba_207c6aaf:146,union,68,union|6bba_207c6aaf:146|68,0,c:41:245:236,c:42:633:228,f:42:252,14.217422556561335,15.905078034939482,0.06550976138828633,0.07789032483409011,0.353968253968254,0.09079804560260586,0.25651465798045603,0.7952539017469741,1,3,2,0.7919245821762549
6bba_32db13fc,6bba_32db13fc:115,pil_only,0,pil_only|6bba_32db13fc:115|0,0,p:5:82,p:6:839,p:6:841,13.978778558944269,10.405076885828379,,,,,,0.520253844291419,0,0,0,
6bba_32db13fc,6bba_32db13fc:115,pil_only,1,pil_only|6bba_32db13fc:115|1,0,p:5:82,p:6:839,p:6:860,15.754959536603069,6.894291116568838,,,,,,0.3447145558284419,0,0,0,
6bba_32db13fc,6bba_32db13fc:115,pil_only,2,pil_only|6bba_32db13fc:115|2,0,p:5:82,p:6:839,p:6:862,13.978778558944269,19.63494970709118,,,,,,0.981747485354559,0,0,0,
6bba_32db13fc,6bba_32db13fc:115,pil_only,3,pil_only|6bba_32db13fc:115|3,0,p:5:82,p:6:839,p:6:876,13.978778558944269,10.277402395547233,,,,,,0.5138701197773616,0,0,0,
6bba_32db13fc,6bba_32db13fc:115,pil_only,4,pil_only|6bba_32db13fc:115|4,0,p:5:82,p:6:839,p:6:881,13.978778558944269,14.351611407782752,,,,,,0.7175805703891376,0,0,0,
6bba_32db13fc,6bba_32db13fc:115,pil_only,5,pil_only|6bba_32db13fc:115|5,0,p:5:82,p:6:839,p:6:899,13.978778558944269,19.56759119053748,,,,,,0.978379559526874,0,0,0,
6bba_32db13fc,6bba_32db13fc:115,pil_only,6,pil_only|6bba_32db13fc:115|6,0,p:5:82,p:6:839,p:6:900,13.978778558944269,11.941262496067994,,,,,,0.5970631248033997,0,0,0,
6bba_32db13fc,6bba_32db13fc:115,pil_only,7,pil_only|6bba_32db13fc:115|7,0,p:5:82,p:6:839,p:6:939,13.978778558944269,11.02128622257856,,,,,,0.551064311128928,0,0,0,
6bba_32db13fc,6bba_32db13fc:115,pil_only,8,pil_only|6bba_32db13fc:115|8,0,p:5:82,p:6:839,p:6:965,13.978778558944269,16.65129499468435,,,,,,0.8325647497342175,0,0,0,
6bba_32db13fc,6bba_32db13fc:115,pil_only,9,pil_only|6bba_32db13fc:115|9,0,p:5:82,p:6:841,p:6:859,12.268480957314969,16.411695524838375,,,,,,0.8205847762419187,0,0,0,
6bba_32db13fc,6bba_32db13fc:115,pil_only,10,pil_only|6bba_32db13fc:115|10,0,p:5:82,p:6:841,p:6:860,15.754959536603069,9.884489111734608,,,,,,0.4942244555867304,0,0,0,
6bba_32db13fc,6bba_32db13fc:115,pil_only,11,pil_only|6bba_32db13fc:115|11,0,p:5:82,p:6:841,p:6:862,13.400093283257396,9.613629647536875,,,,,,0.48068148237684377,0,0,0,
6bba_32db13fc,6bba_32db13fc:115,pil_only,12,pil_only|6bba_32db13fc:115|12,0,p:5:82,p:6:841,p:6:876,8.443747686898277,7.44668550430324,,,,,,0.372334275215162,0,0,0,
6bba_32db13fc,6bba_32db13fc:115,pil_only,13,pil_only|6bba_32db13fc:115|13,0,p:5:82,p:6:841,p:6:881,11.02128622257856,5.859020822628983,,,,,,0.29295104113144915,0,0,0,
6bba_32db13fc,6bba_32db13fc:115,pil_only,14,pil_only|6bba_32db13fc:115|14,0,p:5:82,p:6:841,p:6:899,11.830178570080843,18.810734967034115,,,,,,0.9405367483517058,0,0,0,
6bba_32db13fc,6bba_32db13fc:115,pil_only,15,pil_only|6bba_32db13fc:115|15,0,p:5:82,p:6:841,p:6:900,13.978778558944269,17.273986945693807,,,,,,0.8636993472846903,0,0,0,
6bba_32db13fc,6bba_32db13fc:115,pil_only,16,pil_only|6bba_32db13fc:115|16,0,p:5:82,p:6:841,p:6:904,8.443747686898277,14.715000849473302,,,,,,0.7357500424736652,0,0,0,
6bba_32db13fc,6bba_32db13fc:115,pil_only,17,pil_only|6bba_32db13fc:115|17,0,p:5:82,p:6:841,p:6:939,12.795262795269194,11.830178570080843,,,,,,0.5915089285040421,0,0,0,
6bba_32db13fc,6bba_32db13fc:115,pil_only,18,pil_only|6bba_32db13fc:115|18,0,p:5:82,p:6:841,p:6:948,11.490485194281398,19.835652875567266,,,,,,0.9917826437783633,0,0,0,
6bba_32db13fc,6bba_32db13fc:115,pil_only,19,pil_only|6bba_32db13fc:115|19,0,p:5:82,p:6:841,p:6:965,12.481861840286488,18.384776310850235,,,,,,0.9192388155425117,0,0,0,
6bba_32db13fc,6bba_32db13fc:115,pil_only,20,pil_only|6bba_32db13fc:115|20,0,p:5:82,p:6:841,p:6:967,11.490485194281398,14.259317129512198,,,,,,0.7129658564756098,0,0,0,
6bba_32db13fc,6bba_32db13fc:115,pil_only,21,pil_only|6bba_32db13fc:115|21,0,p:5:82,p:6:859,p:6:862,13.400093283257396,14.981759743100941,,,,,,0.7490879871550471,0,0,0,
6bba_32db13fc,6bba_32db13fc:115,pil_only,22,pil_only|6bba_32db13fc:115|22,0,p:5:82,p:6:859,p:6:876,12.268480957314969,15.501512023025366,,,,,,0.7750756011512683,0,0,0,
6bba_32db13fc,6bba_32db13fc:115,pil_only,23,pil_only|6bba_32db13fc:115|23,0,p:5:82,p:6:859,p:6:881,12.268480957314969,17.577062467886947,,,,,,0.8788531233943473,0,0,0,
6bba_32db13fc,6bba_32db13fc:115,pil_only,24,pil_only|6bba_32db13fc:115|24,0,p:5:82,p:6:859,p:6:899,12.268480957314969,17.04314378276496,,,,,,0.852157189138248,0,0,0,
6bba_32db13fc,6bba_32db13fc:115,pil_only,25,pil_only|6bba_32db13fc:115|25,0,p:5:82,p:6:859,p:6:904,12.268480957314969,5.629165124598851,,,,,,0.2814582562299425,0,0,0,
6bba_32db13fc,6bba_32db13fc:115,pil_only,26,pil_only|6bba_32db13fc:115|26,0,p:5:82,p:6:859,p:6:948,12.268480957314969,16.331047884321446,,,,,,0.8165523942160723,0,0,0,
6bba_32db13fc,6bba_32db13fc:115,pil_only,27,pil_only|6bba_32db13fc:115|27,0,p:5:82,p:6:859,p:6:967,12.268480957314969,16.809130703281475,,,,,,0.8404565351640738,0,0,0,
6bba_32db13fc,6bba_32db13fc:115,pil_only,28,pil_only|6bba_32db13fc:115|28,0,p:5:82,p:6:860,p:6:862,15.754959536603069,16.730398979103875,,,,,,0.8365199489551938,0,0,0,
6bba_32db13fc,6bba_32db13fc:115,pil_only,29,pil_only|6bba_32db13fc:115|29,0,p:5:82,p:6:860,p:6:876,15.754959536603069,13.201562407533435,,,,,,0.6600781203766718,0,0,0,
6bba_32db13fc,6bba_32db13fc:115,pil_only,30,pil_only|6bba_32db13fc:115|30,0,p:5:82,p:6:860,p:6:881,15.754959536603069,11.02128622257856,,,,,,0.551064311128928,0,0,0,
6bba_32db13fc,6bba_32db13fc:115,pil_only,31,pil_only|6bba_32db13fc:115|31,0,p:5:82,p:6:860,p:6:900,15.754959536603069,17.800983118917898,,,,,,0.890049155945895,0,0,0,
6bba_32db13fc,6bba_32db13fc:115,pil_only,32,pil_only|6bba_32db13fc:115|32,0,p:5:82,p:6:860,p:6:939,15.754959536603069,8.900491559458949,,,,,,0.4450245779729475,0,0,0,
6bba_32db13fc,6bba_32db13fc:115,pil_only,33,pil_only|6bba_32db13fc:115|33,0,p:5:82,p:6:860,p:6:965,15.754959536603069,19.835652875567266,,,,,,0.9917826437783633,0,0,0,
6bba_32db13fc,6bba_32db13fc:115,pil_only,34,pil_only|6bba_32db13fc:115|34,0,p:5:82,p:6:860,p:6:967,15.754959536603069,18.810734967034115,,,,,,0.9405367483517058,0,0,0,
6bba_32db13fc,6bba_32db13fc:115,pil_only,35,pil_only|6bba_32db13fc:115|35,0,p:5:82,p:6:862,p:6:876,13.400093283257396,15.069630055180518,,,,,,0.7534815027590259,0,0,0,
6bba_32db13fc,6bba_32db13fc:115,pil_only,36,pil_only|6bba_32db13fc:115|36,0,p:5:82,p:6:862,p:6:881,13.400093283257396,6.080193253507654,,,,,,0.3040096626753827,0,0,0,
6bba_32db13fc,6bba_32db13fc:115,pil_only,37,pil_only|6bba_32db13fc:115|37,0,p:5:82,p:6:862,p:6:904,13.400093283257396,15.670932486613552,,,,,,0.7835466243306776,0,0,0,
6bba_32db13fc,6bba_32db13fc:115,pil_only,38,pil_only|6bba_32db13fc:115|38,0,p:5:82,p:6:862,p:6:939,13.400093283257396,17.04314378276496,,,,,,0.852157189138248,0,0,0,
6bba_32db13fc,6bba_32db13fc:115,pil_only,39,pil_only|6bba_32db13fc:115|39,0,p:5:82,p:6:862,p:6:967,13.400093283257396,12.375631297028852,,,,,,0.6187815648514425,0,0,0,
6bba_32db13fc,6bba_32db13fc:115,pil_only,40,pil_only|6bba_32db13fc:115|40,0,p:5:82,p:6:876,p:6:881,11.02128622257856,11.490485194281398,,,,,,0.5745242597140698,0,0,0,
6bba_32db13fc,6bba_32db13fc:115,pil_only,41,pil_only|6bba_32db13fc:115|41,0,p:5:82,p:6:876,p:6:899,11.830178570080843,11.830178570080843,,,,,,0.5915089285040421,0,0,0,
6bba_32db13fc,6bba_32db13fc:115,pil_only,42,pil_only|6bba_32db13fc:115|42,0,p:5:82,p:6:876,p:6:900,13.978778558944269,11.02128622257856,,,,,,0.551064311128928,0,0,0,
6bba_32db13fc,6bba_32db13fc:115,pil_only,43,pil_only|6bba_32db13fc:115|43,1,p:5:82,p:6:876,p:6:904,8.125,11.604821196382131,,,,,,0.5802410598191066,0,0,0,
6bba_32db13fc,6bba_32db13fc:115,pil_only,44,pil_only|6bba_32db13fc:115|44,0,p:5:82,p:6:876,p:6:939,12.795262795269194,11.490485194281398,,,,,,0.5745242597140698,0,0,0,
6bba_32db13fc,6bba_32db13fc:115,pil_only,45,pil_only|6bba_32db13fc:115|45,0,p:5:82,p:6:876,p:6:948,11.490485194281398,13.201562407533435,,,,,,0.6600781203766718,0,0,0,
6bba_32db13fc,6bba_32db13fc:115,pil_only,46,pil_only|6bba_32db13fc:115|46,0,p:5:82,p:6:876,p:6:965,12.481861840286488,11.830178570080843,,,,,,0.5915089285040421,0,0,0,
6bba_32db13fc,6bba_32db13fc:115,pil_only,47,pil_only|6bba_32db13fc:115|47,0,p:5:82,p:6:876,p:6:967,11.490485194281398,14.16642156650719,,,,,,0.7083210783253595,0,0,0,
6bba_32db13fc,6bba_32db13fc:115,pil_only,48,pil_only|6bba_32db13fc:115|48,0,p:5:82,p:6:876,p:6:1012,15.069630055180518,16.411695524838375,,,,,,0.8205847762419187,0,0,0,
6bba_32db13fc,6bba_32db13fc:115,pil_only,49,pil_only|6bba_32db13fc:115|49,0,p:5:82,p:6:881,p:6:904,11.02128622257856,16.331047884321446,,,,,,0.8165523942160723,0,0,0,
6bba_32db13fc,6bba_32db13fc:115,pil_only,50,pil_only|6bba_32db13fc:115|50,0,p:5:82,p:6:881,p:6:939,12.795262795269194,11.258330249197702,,,,,,0.562916512459885,0,0,0,
6bba_32db13fc,6bba_32db13fc:115,pil_only,51,pil_only|6bba_32db13fc:115|51,0,p:5:82,p:6:881,p:6:967,11.490485194281398,11.02128622257856,,,,,,0.551064311128928,0,0,0,
6bba_32db13fc,6bba_32db13fc:115,pil_only,52,pil_only|6bba_32db13fc:115|52,0,p:5:82,p:6:899,p:6:900,13.978778558944269,11.375,,,,,,0.56875,0,0,0,
6bba_32db13fc,6bba_32db13fc:115,pil_only,53,pil_only|6bba_32db13fc:115|53,0,p:5:82,p:6:899,p:6:904,11.830178570080843,12.375631297028852,,,,,,0.6187815648514425,0,0,0,
6bba_32db13fc,6bba_32db13fc:115,pil_only,54,pil_only|6bba_32db13fc:115|54,0,p:5:82,p:6:899,p:6:948,11.830178570080843,7.44668550430324,,,,,,0.372334275215162,0,0,0,
6bba_32db13fc,6bba_32db13fc:115,pil_only,55,pil_only|6bba_32db13fc:115|55,0,p:5:82,p:6:899,p:6:965,12.481861840286488,11.941262496067994,,,,,,0.5970631248033997,0,0,0,
6bba_32db13fc,6bba_32db13fc:115,pil_only,56,pil_only|6bba_32db13fc:115|56,0,p:5:82,p:6:899,p:6:1012,15.069630055180518,17.426183603990864,,,,,,0.8713091801995432,0,0,0,
6bba_32db13fc,6bba_32db13fc:115,pil_only,57,pil_only|6bba_32db13fc:115|57,0,p:5:82,p:6:900,p:6:904,13.978778558944269,19.835652875567266,,,,,,0.9917826437783633,0,0,0,
6bba_32db13fc,6bba_32db13fc:115,pil_only,58,pil_only|6bba_32db13fc:115|58,0,p:5:82,p:6:900,p:6:939,13.978778558944269,15.754959536603069,,,,,,0.7877479768301534,0,0,0,
6bba_32db13fc,6bba_32db13fc:115,pil_only,59,pil_only|6bba_32db13fc:115|59,0,p:5:82,p:6:900,p:6:948,13.978778558944269,14.89337100860648,,,,,,0.744668550430324,0,0,0,
6bba_32db13fc,6bba_32db13fc:115,pil_only,60,pil_only|6bba_32db13fc:115|60,0,p:5:82,p:6:900,p:6:965,13.978778558944269,9.334914300624297,,,,,,0.4667457150312148,0,0,0,
6bba_32db13fc,6bba_32db13fc:115,pil_only,61,pil_only|6bba_32db13fc:115|61,0,p:5:82,p:6:900,p:6:1012,15.069630055180518,17.948711652929298,,,,,,0.8974355826464648,0,0,0,
6bba_32db13fc,6bba_32db13fc:115,pil_only,62,pil_only|6bba_32db13fc:115|62,0,p:5:82,p:6:904,p:6:948,11.490485194281398,10.900831390311474,,,,,,0.5450415695155737,0,0,0,
6bba_32db13fc,6bba_32db13fc:115,pil_only,63,pil_only|6bba_32db13fc:115|63,0,p:5:82,p:6:904,p:6:965,12.481861840286488,17.35025215955088,,,,,,0.867512607977544,0,0,0,
6bba_32db13fc,6bba_32db13fc:115,pil_only,64,pil_only|6bba_32db13fc:115|64,0,p:5:82,p:6:904,p:6:967,11.490485194281398,14.072912811497128,,,,,,0.7036456405748563,0,0,0,
6bba_32db13fc,6bba_32db13fc:115,pil_only,65,pil_only|6bba_32db13fc:115|65,0,p:5:82,p:6:904,p:6:1012,15.069630055180518,17.875,,,,,,0.89375,0,0,0,
6bba_32db13fc,6bba_32db13fc:115,pil_only,66,pil_only|6bba_32db13fc:115|66,0,p:5:82,p:6:939,p:6:948,12.795262795269194,19.90210416011332,,,,,,0.995105208005666,0,0,0,
6bba_32db13fc,6bba_32db13fc:115,pil_only,67,pil_only|6bba_32db13fc:115|67,0,p:5:82,p:6:939,p:6:965,12.795262795269194,13.498263777241872,,,,,,0.6749131888620936,0,0,0,
6bba_32db13fc,6bba_32db13fc:115,pil_only,68,pil_only|6bba_32db13fc:115|68,0,p:5:82,p:6:939,p:6:967,12.795262795269194,12.795262795269194,,,,,,0.6397631397634597,0,0,0,
6bba_32db13fc,6bba_32db13fc:115,pil_only,69,pil_only|6bba_32db13fc:115|69,0,p:5:82,p:6:939,p:6:1012,15.069630055180518,15.243851219426146,,,,,,0.7621925609713073,0,0,0,
6bba_32db13fc,6bba_32db13fc:115,pil_only,70,pil_only|6bba_32db13fc:115|70,0,p:5:82,p:6:948,p:6:965,12.481861840286488,9.884489111734608,,,,,,0.4942244555867304,0,0,0,
6bba_32db13fc,6bba_32db13fc:115,pil_only,71,pil_only|6bba_32db13fc:115|71,0,p:5:82,p:6:948,p:6:967,11.490485194281398,17.04314378276496,,,,,,0.852157189138248,0,0,0,
6bba_32db13fc,6bba_32db13fc:115,pil_only,72,pil_only|6bba_32db13fc:115|72,0,p:5:82,p:6:948,p:6:1012,15.069630055180518,11.490485194281398,,,,,,0.5745242597140698,0,0,0,
6bba_32db13fc,6bba_32db13fc:115,pil_only,73,pil_only|6bba_32db13fc:115|73,0,p:5:82,p:6:965,p:6:967,12.481861840286488,16.965498076979642,,,,,,0.8482749038489821,0,0,0,
6bba_32db13fc,6bba_32db13fc:115,pil_only,74,pil_only|6bba_32db13fc:115|74,0,p:5:82,p:6:965,p:6:1012,15.069630055180518,8.75089281159357,,,,,,0.43754464057967846,0,0,0,
6bba_32db13fc,6bba_32db13fc:115,pil_only,75,pil_only|6bba_32db13fc:115|75,0,p:5:82,p:6:967,p:6:1012,15.069630055180518,13.201562407533435,,,,,,0.6600781203766718,0,0,0,
6bba_32db13fc,6bba_32db13fc:115,union,0,union|6bba_32db13fc:115|0,0,p:5:82,c:6:839:142,c:6:841:14,13.978778558944269,10.405076885828379,0.38122605363984674,,,,,0.520253844291419,0,2,2,0.19492597872040335
6bba_32db13fc,6bba_32db13fc:115,union,1,union|6bba_32db13fc:115|1,0,p:5:82,c:6:839:142,c:6:860:84,15.754959536603069,6.894291116568838,0.101066531234129,,,,,0.3447145558284419,0,2,2,0.3816814195888106
6bba_32db13fc,6bba_32db13fc:115,union,2,union|6bba_32db13fc:115|2,0,p:5:82,c:6:839:142,c:6:862:6,13.978778558944269,19.63494970709118,0.22690992018244013,,,,,0.981747485354559,0,2,2,0.3693426312110214
6bba_32db13fc,6bba_32db13fc:115,union,3,union|6bba_32db13fc:115|3,0,p:5:82,c:6:839:142,c:6:876:2,13.978778558944269,10.277402395547233,0.2038934426229508,,,,,0.5138701197773616,0,2,2,0.40815506978813637
6bba_32db13fc,6bba_32db13fc:115,union,4,union|6bba_32db13fc:115|4,0,p:5:82,c:6:839:142,c:6:881:21,13.978778558944269,14.351611407782752,0.10952118877270225,,,,,0.7175805703891376,0,2,2,0.4346514720589964
6bba_32db13fc,6bba_32db13fc:115,union,5,union|6bba_32db13fc:115|5,0,p:5:82,c:6:839:142,p:6:899,13.978778558944269,19.56759119053748,,,,,,0.978379559526874,0,1,1,0.0
6bba_32db13fc,6bba_32db13fc:115,union,6,union|6bba_32db13fc:115|6,0,p:5:82,c:6:839:142,p:6:900,13.978778558944269,11.941262496067994,,,,,,0.5970631248033997,0,1,1,0.0
6bba_32db13fc,6bba_32db13fc:115,union,7,union|6bba_32db13fc:115|7,0,p:5:82,c:6:839:142,c:6:939:135,13.978778558944269,11.02128622257856,0.1832412523020258,,,,,0.551064311128928,0,2,2,0.4405833839080391
6bba_32db13fc,6bba_32db13fc:115,union,8,union|6bba_32db13fc:115|8,0,p:5:82,c:6:839:142,c:6:965:10,13.978778558944269,16.65129499468435,0.201417004048583,,,,,0.8325647497342175,0,2,2,0.46444609170017936
6bba_32db13fc,6bba_32db13fc:115,union,9,union|6bba_32db13fc:115|9,0,p:5:82,c:6:839:142,f:6:87,13.978778558944269,11.692802292389075,0.16473509933774835,,,,,0.5846401146194538,1,2,1,0.405677669517266
6bba_32db13fc,6bba_32db13fc:115,union,10,union|6bba_32db13fc:115|10,0,p:5:82,c:6:839:142,f:6:140,15.850233081477597,17.30737948124567,0.24937343358395989,,,,,0.8653689740622834,1,2,1,0.44011228124524715
6bba_32db13fc,6bba_32db13fc:115,union,11,union|6bba_32db13fc:115|11,0,p:5:82,c:6:841:14,c:6:859:46,12.268480957314969,16.411695524838375,0.29358830146231724,,,,,0.8205847762419187,0,2,2,0.5433345029647545
6bba_32db13fc,6bba_32db13fc:115,union,12,union|6bba_32db13fc:115|12,0,p:5:82,c:6:841:14,c:6:860:84,15.754959536603069,9.884489111734608,0.2651091924834942,,,,,0.4942244555867304,0,2,2,0.5766073983092139
6bba_32db13fc,6bba_32db13fc:115,union,13,union|6bba_32db13fc:115|13,0,p:5:82,c:6:841:14,c:6:862:6,13.400093283257396,9.613629647536875,0.5952109464082098,,,,,0.48068148237684377,0,2,2,0.5642686099314247
6bba_32db13fc,6bba_32db13fc:115,union,14,union|6bba_32db13fc:115|14,0,p:5:82,c:6:841:14,c:6:876:2,8.443747686898277,7.44668550430324,0.5348360655737705,,,,,0.372334275215162,0,2,2,0.6030810485085397
6bba_32db13fc,6bba_32db13fc:115,union,15,union|6bba_32db13fc:115|15,0,p:5:82,c:6:841:14,c:6:881:21,11.02128622257856,5.859020822628983,0.2872867363786461,,,,,0.29295104113144915,0,2,2,0.6295774507793997
6bba_32db13fc,6bba_32db13fc:115,union,16,union|6bba_32db13fc:115|16,0,p:5:82,c:6:841:14,p:6:899,11.830178570080843,18.810734967034115,,,,,,0.9405367483517058,0,1,1,0.3898519574408067
6bba_32db13fc,6bba_32db13fc:115,union,17,union|6bba_32db13fc:115|17,0,p:5:82,c:6:841:14,p:6:900,13.978778558944269,17.273986945693807,,,,,,0.8636993472846903,0,1,1,0.3898519574408067
6bba_32db13fc,6bba_32db13fc:115,union,18,union|6bba_32db13fc:115|18,0,p:5:82,c:6:841:14,p:6:904,8.443747686898277,14.715000849473302,,,,,,0.7357500424736652,0,1,1,0.3898519574408067
6bba_32db13fc,6bba_32db13fc:115,union,19,union|6bba_32db13fc:115|19,0,p:5:82,c:6:841:14,c:6:939:135,12.795262795269194,11.830178570080843,0.48066298342541436,,,,,0.5915089285040421,0,2,2,0.6355093626284425
6bba_32db13fc,6bba_32db13fc:115,union,20,union|6bba_32db13fc:115|20,0,p:5:82,c:6:841:14,c:6:948:41,11.490485194281398,19.835652875567266,0.31732522796352586,,,,,0.9917826437783633,0,2,2,0.6465902741687617
6bba_32db13fc,6bba_32db13fc:115,union,21,union|6bba_32db13fc:115|21,0,p:5:82,c:6:841:14,c:6:965:10,12.481861840286488,18.384776310850235,0.52834008097166,,,,,0.9192388155425117,0,2,2,0.6593720704205828
6bba_32db13fc,6bba_32db13fc:115,union,22,union|6bba_32db13fc:115|22,0,p:5:82,c:6:841:14,c:6:967:15,11.490485194281398,14.259317129512198,0.26310483870967744,,,,,0.7129658564756098,0,2,2,0.6568672073215835
6bba_32db13fc,6bba_32db13fc:115,union,23,union|6bba_32db13fc:115|23,0,p:5:82,c:6:841:14,f:6:28,8.443747686898277,14.707681507368642,0.5588865096359743,,,,,0.7353840753684321,1,2,1,0.6524908882500382
6bba_32db13fc,6bba_32db13fc:115,union,24,union|6bba_32db13fc:115|24,0,p:5:82,c:6:841:14,f:6:47,12.902734586977722,19.455048244949058,0.5819397993311036,,,,,0.9727524122474529,1,2,1,0.6165417666048043
6bba_32db13fc,6bba_32db13fc:115,union,25,union|6bba_32db13fc:115|25,0,p:5:82,c:6:841:14,f:6:50,12.976241806510613,19.53386456545391,0.30924170616113744,,,,,0.9766932282726956,1,2,1,0.6400377987179744
6bba_32db13fc,6bba_32db13fc:115,union,26,union|6bba_32db13fc:115|26,0,p:5:82,c:6:841:14,f:6:87,13.903884391537389,16.9508479494788,0.43211920529801323,,,,,0.84754239747394,1,2,1,0.6006036482376693
6bba_32db13fc,6bba_32db13fc:115,union,27,union|6bba_32db13fc:115|27,0,p:5:82,c:6:841:14,f:6:140,15.850233081477597,19.36662765665923,0.6541353383458647,,,,,0.9683313828329615,1,2,1,0.6350382599656506
6bba_32db13fc,6bba_32db13fc:115,union,28,union|6bba_32db13fc:115|28,0,p:5:82,c:6:859:46,c:6:862:6,13.400093283257396,14.981759743100941,0.4932508436445444,,,,,0.7490879871550471,0,2,2,0.7177511554553726
6bba_32db13fc,6bba_32db13fc:115,union,29,union|6bba_32db13fc:115|29,0,p:5:82,c:6:859:46,c:6:876:2,12.268480957314969,15.501512023025366,0.5489313835770528,,,,,0.7750756011512683,0,2,2,0.7565635940324875
6bba_32db13fc,6bba_32db13fc:115,union,30,union|6bba_32db13fc:115|30,0,p:5:82,c:6:859:46,c:6:881:21,12.268480957314969,17.577062467886947,0.9785360484314805,,,,,0.8788531233943473,0,2,2,0.7830599963033475
6bba_32db13fc,6bba_32db13fc:115,union,31,union|6bba_32db13fc:115|31,0,p:5:82,c:6:859:46,p:6:899,12.268480957314969,17.04314378276496,,,,,,0.852157189138248,0,1,1,0.6968170484887024
6bba_32db13fc,6bba_32db13fc:115,union,32,union|6bba_32db13fc:115|32,0,p:5:82,c:6:859:46,p:6:904,12.268480957314969,5.629165124598851,,,,,,0.2814582562299425,0,1,1,0.6968170484887024
6bba_32db13fc,6bba_32db13fc:115,union,33,union|6bba_32db13fc:115|33,0,p:5:82,c:6:859:46,c:6:948:41,12.268480957314969,16.331047884321446,0.9251968503937008,,,,,0.8165523942160723,0,2,2,0.8000728196927095
6bba_32db13fc,6bba_32db13fc:115,union,34,union|6bba_32db13fc:115|34,0,p:5:82,c:6:859:46,c:6:967:15,12.268480957314969,16.809130703281475,0.8961693548387096,,,,,0.8404565351640738,0,2,2,0.8103497528455315
6bba_32db13fc,6bba_32db13fc:115,union,35,union|6bba_32db13fc:115|35,0,p:5:82,c:6:859:46,f:6:28,12.268480957314969,6.182748401000455,0.5253093363329584,,,,,0.30913742005002276,1,2,1,0.8059734337739861
6bba_32db13fc,6bba_32db13fc:115,union,36,union|6bba_32db13fc:115|36,0,p:5:82,c:6:859:46,f:6:47,12.902734586977722,17.280220274074686,0.5044994375703037,,,,,0.8640110137037343,1,2,1,0.7700243121287522
6bba_32db13fc,6bba_32db13fc:115,union,37,union|6bba_32db13fc:115|37,0,p:5:82,c:6:860:84,c:6:862:6,15.754959536603069,16.730398979103875,0.4454037582529203,,,,,0.8365199489551938,0,2,2,0.751024050799832
6bba_32db13fc,6bba_32db13fc:115,union,38,union|6bba_32db13fc:115|38,0,p:5:82,c:6:860:84,c:6:876:2,15.754959536603069,13.201562407533435,0.49568308786185883,,,,,0.6600781203766718,0,2,2,0.789836489376947
6bba_32db13fc,6bba_32db13fc:115,union,39,union|6bba_32db13fc:115|39,0,p:5:82,c:6:860:84,c:6:881:21,15.754959536603069,11.02128622257856,0.9228034535297105,,,,,0.551064311128928,0,2,2,0.816332891647807
6bba_32db13fc,6bba_32db13fc:115,union,40,union|6bba_32db13fc:115|40,0,p:5:82,c:6:860:84,p:6:900,15.754959536603069,17.800983118917898,,,,,,0.890049155945895,0,1,1,0.7633628391776212
6bba_32db13fc,6bba_32db13fc:115,union,41,union|6bba_32db13fc:115|41,0,p:5:82,c:6:860:84,c:6:939:135,15.754959536603069,8.900491559458949,0.5515490096495683,,,,,0.4450245779729475,0,2,2,0.8222648034968496
6bba_32db13fc,6bba_32db13fc:115,union,42,union|6bba_32db13fc:115|42,0,p:5:82,c:6:860:84,c:6:965:10,15.754959536603069,19.835652875567266,0.5017775520568817,,,,,0.9917826437783633,0,2,2,0.8461275112889899
6bba_32db13fc,6bba_32db13fc:115,union,43,union|6bba_32db13fc:115|43,0,p:5:82,c:6:860:84,c:6:967:15,15.754959536603069,18.810734967034115,0.9924395161290323,,,,,0.9405367483517058,0,2,2,0.8436226481899909
6bba_32db13fc,6bba_32db13fc:115,union,44,union|6bba_32db13fc:115|44,0,p:5:82,c:6:860:84,f:6:87,15.754959536603069,17.836234226433298,0.6135093956323007,,,,,0.8918117113216649,1,2,1,0.7873590891060767
6bba_32db13fc,6bba_32db13fc:115,union,45,union|6bba_32db13fc:115|45,0,p:5:82,c:6:860:84,f:6:140,15.850233081477597,17.93879668231603,0.4052818689690198,,,,,0.8969398341158016,1,2,1,0.8217937008340577
6bba_32db13fc,6bba_32db13fc:115,union,46,union|6bba_32db13fc:115|46,0,p:5:82,c:6:862:6,c:6:876:2,13.400093283257396,15.069630055180518,0.8985655737704918,,,,,0.7534815027590259,0,2,2,0.7774977009991577
6bba_32db13fc,6bba_32db13fc:115,union,47,union|6bba_32db13fc:115|47,0,p:5:82,c:6:862:6,c:6:881:21,13.400093283257396,6.080193253507654,0.4826637314254265,,,,,0.3040096626753827,0,2,2,0.8039941032700177
6bba_32db13fc,6bba_32db13fc:115,union,48,union|6bba_32db13fc:115|48,0,p:5:82,c:6:862:6,p:6:904,13.400093283257396,15.670932486613552,,,,,,0.7835466243306776,0,1,1,0.7386852624220428
6bba_32db13fc,6bba_32db13fc:115,union,49,union|6bba_32db13fc:115|49,0,p:5:82,c:6:862:6,c:6:939:135,13.400093283257396,17.04314378276496,0.8075506445672191,,,,,0.852157189138248,0,2,2,0.8099260151190605
6bba_32db13fc,6bba_32db13fc:115,union,50,union|6bba_32db13fc:115|50,0,p:5:82,c:6:862:6,c:6:967:15,13.400093283257396,12.375631297028852,0.4420362903225806,,,,,0.6187815648514425,0,2,2,0.8312838598122017
6bba_32db13fc,6bba_32db13fc:115,union,51,union|6bba_32db13fc:115|51,0,p:5:82,c:6:862:6,f:6:28,13.400093283257396,15.955548026550105,0.9389721627408993,,,,,0.7977774013275052,1,2,1,0.8269075407406563
6bba_32db13fc,6bba_32db13fc:115,union,52,union|6bba_32db13fc:115|52,0,p:5:82,c:6:876:2,c:6:881:21,11.02128622257856,11.490485194281398,0.5371491469455146,,,,,0.5745242597140698,0,2,2,0.8428065418471328
6bba_32db13fc,6bba_32db13fc:115,union,53,union|6bba_32db13fc:115|53,0,p:5:82,c:6:876:2,p:6:899,11.830178570080843,11.830178570080843,,,,,,0.5915089285040421,0,1,1,0.8163101395762727
6bba_32db13fc,6bba_32db13fc:115,union,54,union|6bba_32db13fc:115|54,0,p:5:82,c:6:876:2,p:6:900,13.978778558944269,11.02128622257856,,,,,,0.551064311128928,0,1,1,0.8163101395762727
6bba_32db13fc,6bba_32db13fc:115,union,55,union|6bba_32db13fc:115|55,0,p:5:82,c:6:876:2,p:6:904,8.125,11.604821196382131,,,,,,0.5802410598191066,0,1,1,0.8163101395762727
6bba_32db13fc,6bba_32db13fc:115,union,56,union|6bba_32db13fc:115|56,0,p:5:82,c:6:876:2,c:6:939:135,12.795262795269194,11.490485194281398,0.8987108655616943,,,,,0.5745242597140698,0,2,2,0.8487384536961755
6bba_32db13fc,6bba_32db13fc:115,union,57,union|6bba_32db13fc:115|57,0,p:5:82,c:6:876:2,c:6:948:41,11.490485194281398,13.201562407533435,0.5933130699088146,,,,,0.6600781203766718,0,2,2,0.8598193652364947
6bba_32db13fc,6bba_32db13fc:115,union,58,union|6bba_32db13fc:115|58,0,p:5:82,c:6:876:2,c:6:965:10,12.481861840286488,11.830178570080843,0.9878542510121457,,,,,0.5915089285040421,0,2,2,0.8726011614883158
6bba_32db13fc,6bba_32db13fc:115,union,59,union|6bba_32db13fc:115|59,0,p:5:82,c:6:876:2,c:6:967:15,11.490485194281398,14.16642156650719,0.49193548387096775,,,,,0.7083210783253595,0,2,2,0.8700962983893166
6bba_32db13fc,6bba_32db13fc:115,union,60,union|6bba_32db13fc:115|60,0,p:5:82,c:6:876:2,p:6:1012,15.069630055180518,16.411695524838375,,,,,,0.8205847762419187,0,1,1,0.8163101395762727
6bba_32db13fc,6bba_32db13fc:115,union,61,union|6bba_32db13fc:115|61,1,p:5:82,c:6:876:2,f:6:28,7.86541656982262,11.314795231016692,0.9569672131147541,,,,,0.5657397615508346,1,2,1,0.8657199793177712
6bba_32db13fc,6bba_32db13fc:115,union,62,union|6bba_32db13fc:115|62,0,p:5:82,c:6:876:2,f:6:47,12.902734586977722,12.740291417455934,0.9190573770491803,,,,,0.6370145708727967,1,2,1,0.8297708576725373
6bba_32db13fc,6bba_32db13fc:115,union,63,union|6bba_32db13fc:115|63,0,p:5:82,c:6:876:2,f:6:50,12.976241806510613,14.52800908691367,0.5781990521327014,,,,,0.7264004543456835,1,2,1,0.8532668897857074
6bba_32db13fc,6bba_32db13fc:115,union,64,union|6bba_32db13fc:115|64,0,p:5:82,c:6:876:2,f:6:87,13.903884391537389,10.819078829339194,0.8079470198675497,,,,,0.5409539414669597,1,2,1,0.8138327393054023
6bba_32db13fc,6bba_32db13fc:115,union,65,union|6bba_32db13fc:115|65,0,p:5:82,c:6:876:2,f:6:140,15.850233081477597,15.248405817174365,0.8176229508196722,,,,,0.7624202908587183,1,2,1,0.8482673510333836
6bba_32db13fc,6bba_32db13fc:115,union,66,union|6bba_32db13fc:115|66,0,p:5:82,c:6:881:21,p:6:904,11.02128622257856,16.331047884321446,,,,,,0.8165523942160723,0,1,1,0.8693029441179928
6bba_32db13fc,6bba_32db13fc:115,union,67,union|6bba_32db13fc:115|67,0,p:5:82,c:6:881:21,c:6:939:135,12.795262795269194,11.258330249197702,0.5976884975233901,,,,,0.562916512459885,0,2,2,0.8752348559670355
6bba_32db13fc,6bba_32db13fc:115,union,68,union|6bba_32db13fc:115|68,0,p:5:82,c:6:881:21,c:6:967:15,11.490485194281398,11.02128622257856,0.9158266129032258,,,,,0.551064311128928,0,2,2,0.8965927006601766
6bba_32db13fc,6bba_32db13fc:115,union,69,union|6bba_32db13fc:115|69,0,p:5:82,c:6:881:21,f:6:28,11.02128622257856,16.41193912463603,0.5140341221794166,,,,,0.8205969562318016,1,2,1,0.8922163815886313
6bba_32db13fc,6bba_32db13fc:115,union,70,union|6bba_32db13fc:115|70,0,p:5:82,c:6:881:21,f:6:50,12.976241806510613,19.392888399860862,0.9290038525041276,,,,,0.9696444199930431,1,2,1,0.8797632920565674
6bba_32db13fc,6bba_32db13fc:115,union,71,union|6bba_32db13fc:115|71,0,p:5:82,c:6:881:21,f:6:140,15.850233081477597,19.42080111654692,0.4391854705558613,,,,,0.971040055827346,1,2,1,0.8747637533042436
6bba_32db13fc,6bba_32db13fc:115,union,72,union|6bba_32db13fc:115|72,0,p:5:82,p:6:899,p:6:900,13.978778558944269,11.375,,,,,,0.56875,0,0,0,
6bba_32db13fc,6bba_32db13fc:115,union,73,union|6bba_32db13fc:115|73,0,p:5:82,p:6:899,p:6:904,11.830178570080843,12.375631297028852,,,,,,0.6187815648514425,0,0,0,
6bba_32db13fc,6bba_32db13fc:115,union,74,union|6bba_32db13fc:115|74,0,p:5:82,p:6:899,c:6:948:41,11.830178570080843,7.44668550430324,,,,,,0.372334275215162,0,1,1,0.9033285908967166
6bba_32db13fc,6bba_32db13fc:115,union,75,union|6bba_32db13fc:115|75,0,p:5:82,p:6:899,c:6:965:10,12.481861840286488,11.941262496067994,,,,,,0.5970631248033997,0,1,1,0.9288921834003587
6bba_32db13fc,6bba_32db13fc:115,union,76,union|6bba_32db13fc:115|76,0,p:5:82,p:6:899,p:6:1012,15.069630055180518,17.426183603990864,,,,,,0.8713091801995432,0,0,0,
6bba_32db13fc,6bba_32db13fc:115,union,77,union|6bba_32db13fc:115|77,0,p:5:82,p:6:899,f:6:28,11.830178570080843,11.857728592011544,,,,,,0.5928864296005771,1,1,0,0.9151298190592698
6bba_32db13fc,6bba_32db13fc:115,union,78,union|6bba_32db13fc:115|78,0,p:5:82,p:6:899,f:6:47,12.902734586977722,1.9122597517657118,,,,,,0.0956129875882856,1,1,0,0.843231575768802
6bba_32db13fc,6bba_32db13fc:115,union,79,union|6bba_32db13fc:115|79,0,p:5:82,p:6:899,f:6:50,12.976241806510613,15.863632485907178,,,,,,0.7931816242953589,1,1,0,0.8902236399951422
6bba_32db13fc,6bba_32db13fc:115,union,80,union|6bba_32db13fc:115|80,0,p:5:82,p:6:899,f:6:87,13.903884391537389,11.069742355318741,,,,,,0.5534871177659371,1,1,0,0.811355339034532
6bba_32db13fc,6bba_32db13fc:115,union,81,union|6bba_32db13fc:115|81,0,p:5:82,p:6:899,f:6:140,15.850233081477597,19.595471734154142,,,,,,0.9797735867077071,1,1,0,0.8802245624904943
6bba_32db13fc,6bba_32db13fc:115,union,82,union|6bba_32db13fc:115|82,0,p:5:82,p:6:900,p:6:904,13.978778558944269,19.835652875567266,,,,,,0.9917826437783633,0,0,0,
6bba_32db13fc,6bba_32db13fc:115,union,83,union|6bba_32db13fc:115|83,0,p:5:82,p:6:900,c:6:939:135,13.978778558944269,15.754959536603069,,,,,,0.7877479768301534,0,1,1,0.8811667678160782
6bba_32db13fc,6bba_32db13fc:115,union,84,union|6bba_32db13fc:115|84,0,p:5:82,p:6:900,c:6:948:41,13.978778558944269,14.89337100860648,,,,,,0.744668550430324,0,1,1,0.9033285908967166
6bba_32db13fc,6bba_32db13fc:115,union,85,union|6bba_32db13fc:115|85,0,p:5:82,p:6:900,c:6:965:10,13.978778558944269,9.334914300624297,,,,,,0.4667457150312148,0,1,1,0.9288921834003587
6bba_32db13fc,6bba_32db13fc:115,union,86,union|6bba_32db13fc:115|86,0,p:5:82,p:6:900,p:6:1012,15.069630055180518,17.948711652929298,,,,,,0.8974355826464648,0,0,0,
6bba_32db13fc,6bba_32db13fc:115,union,87,union|6bba_32db13fc:115|87,0,p:5:82,p:6:900,f:6:28,13.978778558944269,19.355335119046313,,,,,,0.9677667559523156,1,1,0,0.9151298190592698
6bba_32db13fc,6bba_32db13fc:115,union,88,union|6bba_32db13fc:115|88,0,p:5:82,p:6:900,f:6:47,13.978778558944269,12.098760942498627,,,,,,0.6049380471249314,1,1,0,0.843231575768802
6bba_32db13fc,6bba_32db13fc:115,union,89,union|6bba_32db13fc:115|89,0,p:5:82,p:6:900,f:6:50,13.978778558944269,16.973610070918223,,,,,,0.8486805035459112,1,1,0,0.8902236399951422
6bba_32db13fc,6bba_32db13fc:115,union,90,union|6bba_32db13fc:115|90,0,p:5:82,p:6:900,f:6:87,13.978778558944269,1.4701135293340533,,,,,,0.07350567646670267,1,1,0,0.811355339034532
6bba_32db13fc,6bba_32db13fc:115,union,91,union|6bba_32db13fc:115|91,0,p:5:82,p:6:900,f:6:140,15.850233081477597,14.718651227382631,,,,,,0.7359325613691315,1,1,0,0.8802245624904943
6bba_32db13fc,6bba_32db13fc:115,union,92,union|6bba_32db13fc:115|92,0,p:5:82,p:6:904,c:6:948:41,11.490485194281398,10.900831390311474,,,,,,0.5450415695155737,0,1,1,0.9033285908967166
6bba_32db13fc,6bba_32db13fc:115,union,93,union|6bba_32db13fc:115|93,0,p:5:82,p:6:904,c:6:965:10,12.481861840286488,17.35025215955088,,,,,,0.867512607977544,0,1,1,0.9288921834003587
6bba_32db13fc,6bba_32db13fc:115,union,94,union|6bba_32db13fc:115|94,0,p:5:82,p:6:904,c:6:967:15,11.490485194281398,14.072912811497128,,,,,,0.7036456405748563,0,1,1,0.9238824572023605
6bba_32db13fc,6bba_32db13fc:115,union,95,union|6bba_32db13fc:115|95,0,p:5:82,p:6:904,p:6:1012,15.069630055180518,17.875,,,,,,0.89375,0,0,0,
6bba_32db13fc,6bba_32db13fc:115,union,96,union|6bba_32db13fc:115|96,0,p:5:82,p:6:904,f:6:28,8.125,0.5747165355925602,,,,,,0.02873582677962801,1,1,0,0.9151298190592698
6bba_32db13fc,6bba_32db13fc:115,union,97,union|6bba_32db13fc:115|97,0,p:5:82,p:6:904,f:6:47,12.902734586977722,13.04455290711908,,,,,,0.652227645355954,1,1,0,0.843231575768802
6bba_32db13fc,6bba_32db13fc:115,union,98,union|6bba_32db13fc:115|98,0,p:5:82,p:6:904,f:6:50,12.976241806510613,15.747162755733862,,,,,,0.7873581377866932,1,1,0,0.8902236399951422
6bba_32db13fc,6bba_32db13fc:115,union,99,union|6bba_32db13fc:115|99,0,p:5:82,p:6:904,f:6:87,13.903884391537389,19.61956318988303,,,,,,0.9809781594941516,1,1,0,0.811355339034532
6bba_32db13fc,6bba_32db13fc:115,union,100,union|6bba_32db13fc:115|100,0,p:5:82,c:6:939:135,c:6:948:41,12.795262795269194,19.90210416011332,0.6601823708206687,,,,,0.995105208005666,0,2,2,0.8922476793563974
6bba_32db13fc,6bba_32db13fc:115,union,101,union|6bba_32db13fc:115|101,0,p:5:82,c:6:939:135,c:6:965:10,12.795262795269194,13.498263777241872,0.9097605893186004,,,,,0.6749131888620936,0,2,2,0.9050294756082184
6bba_32db13fc,6bba_32db13fc:115,union,102,union|6bba_32db13fc:115|102,0,p:5:82,c:6:939:135,c:6:967:15,12.795262795269194,12.795262795269194,0.5473790322580645,,,,,0.6397631397634597,0,2,2,0.9025246125092193
6bba_32db13fc,6bba_32db13fc:115,union,103,union|6bba_32db13fc:115|103,0,p:5:82,c:6:939:135,p:6:1012,15.069630055180518,15.243851219426146,,,,,,0.7621925609713073,0,1,1,0.8811667678160782
6bba_32db13fc,6bba_32db13fc:115,union,104,union|6bba_32db13fc:115|104,0,p:5:82,c:6:939:135,f:6:50,12.976241806510613,14.40226194295817,0.6433649289099526,,,,,0.7201130971479085,1,2,1,0.8856952039056102
6bba_32db13fc,6bba_32db13fc:115,union,105,union|6bba_32db13fc:115|105,0,p:5:82,c:6:939:135,f:6:87,13.903884391537389,16.41766782079796,0.8990066225165563,,,,,0.8208833910398979,1,2,1,0.8462610534253051
6bba_32db13fc,6bba_32db13fc:115,union,106,union|6bba_32db13fc:115|106,0,p:5:82,c:6:939:135,f:6:140,15.850233081477597,9.733435516215215,0.7348066298342542,,,,,0.4866717758107607,1,2,1,0.8806956651532862
6bba_32db13fc,6bba_32db13fc:115,union,107,union|6bba_32db13fc:115|107,0,p:5:82,c:6:948:41,c:6:965:10,12.481861840286488,9.884489111734608,0.6006079027355623,,,,,0.4942244555867304,0,2,2,0.9161103871485377
6bba_32db13fc,6bba_32db13fc:115,union,108,union|6bba_32db13fc:115|108,0,p:5:82,c:6:948:41,c:6:967:15,11.490485194281398,17.04314378276496,0.829133064516129,,,,,0.852157189138248,0,2,2,0.9136055240495385
6bba_32db13fc,6bba_32db13fc:115,union,109,union|6bba_32db13fc:115|109,0,p:5:82,c:6:948:41,p:6:1012,15.069630055180518,11.490485194281398,,,,,,0.5745242597140698,0,1,1,0.9033285908967166
6bba_32db13fc,6bba_32db13fc:115,union,110,union|6bba_32db13fc:115|110,0,p:5:82,c:6:948:41,f:6:28,11.490485194281398,10.347835816361066,0.5677811550151975,,,,,0.5173917908180533,1,2,1,0.9092292049779932
6bba_32db13fc,6bba_32db13fc:115,union,111,union|6bba_32db13fc:115|111,0,p:5:82,c:6:948:41,f:6:47,12.902734586977722,9.146504739649236,0.5452887537993921,,,,,0.4573252369824618,1,2,1,0.8732800833327593
6bba_32db13fc,6bba_32db13fc:115,union,112,union|6bba_32db13fc:115|112,0,p:5:82,c:6:948:41,f:6:50,12.976241806510613,9.981816028213153,0.9745260663507109,,,,,0.49909080141065765,1,2,1,0.8967761154459294
6bba_32db13fc,6bba_32db13fc:115,union,113,union|6bba_32db13fc:115|113,0,p:5:82,c:6:948:41,f:6:87,13.903884391537389,15.253219022089068,0.7343465045592705,,,,,0.7626609511044534,1,2,1,0.8573419649656243
6bba_32db13fc,6bba_32db13fc:115,union,114,union|6bba_32db13fc:115|114,0,p:5:82,c:6:948:41,f:6:140,15.850233081477597,16.469910059693248,0.4851063829787234,,,,,0.8234955029846625,1,2,1,0.8917765766936054
6bba_32db13fc,6bba_32db13fc:115,union,115,union|6bba_32db13fc:115|115,0,p:5:82,c:6:965:10,c:6:967:15,12.481861840286488,16.965498076979642,0.49798387096774194,,,,,0.8482749038489821,0,2,2,0.9263873203013596
6bba_32db13fc,6bba_32db13fc:115,union,116,union|6bba_32db13fc:115|116,0,p:5:82,c:6:965:10,p:6:1012,15.069630055180518,8.75089281159357,,,,,,0.43754464057967846,0,1,1,0.9288921834003587
6bba_32db13fc,6bba_32db13fc:115,union,117,union|6bba_32db13fc:115|117,0,p:5:82,c:6:965:10,f:6:28,12.481861840286488,16.82710357114801,0.9453441295546559,,,,,0.8413551785574006,1,2,1,0.9220110012298143
6bba_32db13fc,6bba_32db13fc:115,union,118,union|6bba_32db13fc:115|118,0,p:5:82,c:6:965:10,f:6:47,12.902734586977722,13.692296179862003,0.9078947368421053,,,,,0.6846148089931001,1,2,1,0.8860618795845804
6bba_32db13fc,6bba_32db13fc:115,union,119,union|6bba_32db13fc:115|119,0,p:5:82,c:6:965:10,f:6:50,12.976241806510613,8.122399616185048,0.5853080568720379,,,,,0.4061199808092524,1,2,1,0.9095579116977505
6bba_32db13fc,6bba_32db13fc:115,union,120,union|6bba_32db13fc:115|120,0,p:5:82,c:6:965:10,f:6:87,13.903884391537389,10.502592332831968,0.8178807947019867,,,,,0.5251296166415984,1,2,1,0.8701237612174454
6bba_32db13fc,6bba_32db13fc:115,union,121,union|6bba_32db13fc:115|121,0,p:5:82,c:6:965:10,f:6:140,15.850233081477597,8.05207097535655,0.8076923076923077,,,,,0.4026035487678275,1,2,1,0.9045583729454265
6bba_32db13fc,6bba_32db13fc:115,union,122,union|6bba_32db13fc:115|122,0,p:5:82,c:6:967:15,p:6:1012,15.069630055180518,13.201562407533435,,,,,,0.6600781203766718,0,1,1,0.9238824572023605
6bba_32db13fc,6bba_32db13fc:115,union,123,union|6bba_32db13fc:115|123,0,p:5:82,c:6:967:15,f:6:28,11.490485194281398,14.050477527221785,0.47076612903225806,,,,,0.7025238763610893,1,2,1,0.9195061381308152
6bba_32db13fc,6bba_32db13fc:115,union,124,union|6bba_32db13fc:115|124,0,p:5:82,c:6:967:15,f:6:50,12.976241806510613,11.793326566745124,0.8508064516129032,,,,,0.5896663283372562,1,2,1,0.9070530485987514
6bba_32db13fc,6bba_32db13fc:115,union,125,union|6bba_32db13fc:115|125,0,p:5:82,c:6:967:15,f:6:140,15.850233081477597,15.42007083951995,0.4022177419354839,,,,,0.7710035419759975,1,2,1,0.9020535098464274
6bba_32db13fc,6bba_32db13fc:115,union,126,union|6bba_32db13fc:115|126,0,p:5:82,p:6:1012,f:6:28,15.069630055180518,17.458182657673827,,,,,,0.8729091328836913,1,1,0,0.9151298190592698
6bba_32db13fc,6bba_32db13fc:115,union,127,union|6bba_32db13fc:115|127,0,p:5:82,p:6:1012,f:6:47,15.069630055180518,19.337119070648193,,,,,,0.9668559535324096,1,1,0,0.843231575768802
6bba_32db13fc,6bba_32db13fc:115,union,128,union|6bba_32db13fc:115|128,0,p:5:82,p:6:1012,f:6:50,15.069630055180518,2.1821717112755175,,,,,,0.10910858556377587,1,1,0,0.8902236399951422
6bba_32db13fc,6bba_32db13fc:115,union,129,union|6bba_32db13fc:115|129,0,p:5:82,p:6:1012,f:6:87,15.069630055180518,19.027473760125826,,,,,,0.9513736880062913,1,1,0,0.811355339034532
6bba_32db13fc,6bba_32db13fc:115,union,130,union|6bba_32db13fc:115|130,0,p:5:82,p:6:1012,f:6:140,15.850233081477597,8.560406094687556,,,,,,0.4280203047343778,1,1,0,0.8802245624904943
6bba_32db13fc,6bba_32db13fc:115,union,131,union|6bba_32db13fc:115|131,0,p:5:82,f:6:28,f:6:47,12.902734586977722,12.567027270245353,0.9603854389721628,,,,,0.6283513635122676,2,2,0,0.8791806974140359
6bba_32db13fc,6bba_32db13fc:115,union,132,union|6bba_32db13fc:115|132,0,p:5:82,f:6:28,f:6:50,12.976241806510613,15.331573489659343,0.5533175355450237,,,,,0.7665786744829671,2,2,0,0.902676729527206
6bba_32db13fc,6bba_32db13fc:115,union,133,union|6bba_32db13fc:115|133,0,p:5:82,f:6:28,f:6:87,13.903884391537389,19.154349985028805,0.7731788079470199,,,,,0.9577174992514402,2,2,0,0.8632425790469009
6bba_32db13fc,6bba_32db13fc:115,union,134,union|6bba_32db13fc:115|134,0,p:5:82,f:6:47,f:6:50,12.976241806510613,17.76221859575837,0.5313981042654028,,,,,0.8881109297879185,2,2,0,0.8667276078819721
6bba_32db13fc,6bba_32db13fc:115,union,135,union|6bba_32db13fc:115|135,0,p:5:82,f:6:47,f:6:87,13.903884391537389,11.590434407211305,0.7425496688741722,,,,,0.5795217203605653,2,2,0,0.827293457401667
6bba_32db13fc,6bba_32db13fc:115,union,136,union|6bba_32db13fc:115|136,0,p:5:82,f:6:50,f:6:87,13.903884391537389,17.941861440559293,0.7156398104265402,,,,,0.8970930720279646,2,2,0,0.8507894895148371
6bba_32db13fc,6bba_32db13fc:115,union,137,union|6bba_32db13fc:115|137,0,p:5:82,f:6:50,f:6:140,15.850233081477597,8.985603394895014,0.4727488151658768,,,,,0.4492801697447507,2,2,0,0.8852241012428183
6bba_32db13fc,6bba_32db13fc:115,union,138,union|6bba_32db13fc:115|138,0,p:5:82,f:6:87,f:6:140,15.850233081477597,15.993749401998414,0.6605960264900662,,,,,0.7996874700999207,2,2,0,0.8457899507625132
6bba_474be664,6bba_474be664:205,pil_only,0,pil_only|6bba_474be664:205|0,0,p:63:148,p:64:481,p:64:483,15.41610359332085,12.691655723348314,,,,,,0.6345827861674157,0,0,0,
6bba_474be664,6bba_474be664:205,pil_only,1,pil_only|6bba_474be664:205|1,0,p:63:148,p:64:481,p:64:496,15.41610359332085,10.900831390311474,,,,,,0.5450415695155737,0,0,0,
6bba_474be664,6bba_474be664:205,pil_only,2,pil_only|6bba_474be664:205|2,0,p:63:148,p:64:481,p:64:507,15.41610359332085,13.978778558944269,,,,,,0.6989389279472135,0,0,0,
6bba_474be664,6bba_474be664:205,pil_only,3,pil_only|6bba_474be664:205|3,0,p:63:148,p:64:481,p:64:518,15.41610359332085,17.875,,,,,,0.89375,0,0,0,
6bba_474be664,6bba_474be664:205,pil_only,4,pil_only|6bba_474be664:205|4,0,p:63:148,p:64:481,p:64:543,15.41610359332085,17.273986945693807,,,,,,0.8636993472846903,0,0,0,
6bba_474be664,6bba_474be664:205,pil_only,5,pil_only|6bba_474be664:205|5,0,p:63:148,p:64:483,p:64:496,15.33021933959198,9.475296829123613,,,,,,0.47376484145618064,0,0,0,
6bba_474be664,6bba_474be664:205,pil_only,6,pil_only|6bba_474be664:205|6,0,p:63:148,p:64:483,p:64:498,15.41610359332085,19.158467449146343,,,,,,0.9579233724573172,0,0,0,
6bba_474be664,6bba_474be664:205,pil_only,7,pil_only|6bba_474be664:205|7,0,p:63:148,p:64:483,p:64:507,15.33021933959198,13.101168840985142,,,,,,0.6550584420492571,0,0,0,
6bba_474be664,6bba_474be664:205,pil_only,8,pil_only|6bba_474be664:205|8,0,p:63:148,p:64:483,p:64:520,15.33021933959198,17.50178562318714,,,,,,0.8750892811593569,0,0,0,
6bba_474be664,6bba_474be664:205,pil_only,9,pil_only|6bba_474be664:205|9,0,p:63:148,p:64:483,p:64:539,15.33021933959198,17.04314378276496,,,,,,0.852157189138248,0,0,0,
6bba_474be664,6bba_474be664:205,pil_only,10,pil_only|6bba_474be664:205|10,0,p:63:148,p:64:483,p:64:543,15.33021933959198,17.800983118917898,,,,,,0.890049155945895,0,0,0,
6bba_474be664,6bba_474be664:205,pil_only,11,pil_only|6bba_474be664:205|11,0,p:63:148,p:64:483,p:64:545,15.33021933959198,18.16805231718579,,,,,,0.9084026158592895,0,0,0,
6bba_474be664,6bba_474be664:205,pil_only,12,pil_only|6bba_474be664:205|12,0,p:63:148,p:64:496,p:64:507,14.072912811497128,15.33021933959198,,,,,,0.7665109669795991,0,0,0,
6bba_474be664,6bba_474be664:205,pil_only,13,pil_only|6bba_474be664:205|13,0,p:63:148,p:64:496,p:64:539,14.072912811497128,19.22725929507375,,,,,,0.9613629647536875,0,0,0,
6bba_474be664,6bba_474be664:205,pil_only,14,pil_only|6bba_474be664:205|14,0,p:63:148,p:64:496,p:64:543,14.072912811497128,13.978778558944269,,,,,,0.6989389279472135,0,0,0,
6bba_474be664,6bba_474be664:205,pil_only,15,pil_only|6bba_474be664:205|15,0,p:63:148,p:64:496,p:64:545,14.072912811497128,19.835652875567266,,,,,,0.9917826437783633,0,0,0,
6bba_474be664,6bba_474be664:205,pil_only,16,pil_only|6bba_474be664:205|16,0,p:63:148,p:64:496,p:64:558,14.072912811497128,19.02013735491939,,,,,,0.9510068677459695,0,0,0,
6bba_474be664,6bba_474be664:205,pil_only,17,pil_only|6bba_474be664:205|17,0,p:63:148,p:64:496,p:64:559,14.072912811497128,17.800983118917898,,,,,,0.890049155945895,0,0,0,
6bba_474be664,6bba_474be664:205,pil_only,18,pil_only|6bba_474be664:205|18,0,p:63:148,p:64:498,p:64:507,15.41610359332085,10.017172754824587,,,,,,0.5008586377412294,0,0,0,
6bba_474be664,6bba_474be664:205,pil_only,19,pil_only|6bba_474be664:205|19,0,p:63:148,p:64:498,p:64:518,15.41610359332085,10.65583760199075,,,,,,0.5327918800995375,0,0,0,
6bba_474be664,6bba_474be664:205,pil_only,20,pil_only|6bba_474be664:205|20,0,p:63:148,p:64:498,p:64:520,15.41610359332085,9.613629647536875,,,,,,0.48068148237684377,0,0,0,
6bba_474be664,6bba_474be664:205,pil_only,21,pil_only|6bba_474be664:205|21,0,p:63:148,p:64:498,p:64:537,15.41610359332085,19.364109842696102,,,,,,0.9682054921348051,0,0,0,
6bba_474be664,6bba_474be664:205,pil_only,22,pil_only|6bba_474be664:205|22,0,p:63:148,p:64:498,p:64:538,15.41610359332085,11.02128622257856,,,,,,0.551064311128928,0,0,0,
6bba_474be664,6bba_474be664:205,pil_only,23,pil_only|6bba_474be664:205|23,0,p:63:148,p:64:498,p:64:545,15.41610359332085,18.810734967034115,,,,,,0.9405367483517058,0,0,0,
6bba_474be664,6bba_474be664:205,pil_only,24,pil_only|6bba_474be664:205|24,0,p:63:148,p:64:498,p:64:550,15.41610359332085,17.577062467886947,,,,,,0.8788531233943473,0,0,0,
6bba_474be664,6bba_474be664:205,pil_only,25,pil_only|6bba_474be664:205|25,0,p:63:148,p:64:498,p:64:560,15.41610359332085,18.810734967034115,,,,,,0.9405367483517058,0,0,0,
6bba_474be664,6bba_474be664:205,pil_only,26,pil_only|6bba_474be664:205|26,0,p:63:148,p:64:507,p:64:518,12.268480957314969,9.884489111734608,,,,,,0.4942244555867304,0,0,0,
6bba_474be664,6bba_474be664:205,pil_only,27,pil_only|6bba_474be664:205|27,0,p:63:148,p:64:507,p:64:520,13.498263777241872,10.405076885828379,,,,,,0.520253844291419,0,0,0,
6bba_474be664,6bba_474be664:205,pil_only,28,pil_only|6bba_474be664:205|28,0,p:63:148,p:64:507,p:64:537,15.069630055180518,15.921683328090658,,,,,,0.796084166404533,0,0,0,
6bba_474be664,6bba_474be664:205,pil_only,29,pil_only|6bba_474be664:205|29,0,p:63:148,p:64:507,p:64:538,8.285906709588275,7.960841664045329,,,,,,0.3980420832022665,0,0,0,
6bba_474be664,6bba_474be664:205,pil_only,30,pil_only|6bba_474be664:205|30,0,p:63:148,p:64:507,p:64:539,14.072912811497128,15.33021933959198,,,,,,0.7665109669795991,0,0,0,
6bba_474be664,6bba_474be664:205,pil_only,31,pil_only|6bba_474be664:205|31,1,p:63:148,p:64:507,p:64:543,6.080193253507654,10.900831390311474,,,,,,0.5450415695155737,0,0,0,
6bba_474be664,6bba_474be664:205,pil_only,32,pil_only|6bba_474be664:205|32,0,p:63:148,p:64:507,p:64:545,11.941262496067994,13.595725431178728,,,,,,0.6797862715589365,0,0,0,
6bba_474be664,6bba_474be664:205,pil_only,33,pil_only|6bba_474be664:205|33,0,p:63:148,p:64:507,p:64:550,10.900831390311474,13.101168840985142,,,,,,0.6550584420492571,0,0,0,
6bba_474be664,6bba_474be664:205,pil_only,34,pil_only|6bba_474be664:205|34,0,p:63:148,p:64:507,p:64:558,12.795262795269194,18.384776310850235,,,,,,0.9192388155425117,0,0,0,
6bba_474be664,6bba_474be664:205,pil_only,35,pil_only|6bba_474be664:205|35,0,p:63:148,p:64:507,p:64:559,9.613629647536875,15.33021933959198,,,,,,0.7665109669795991,0,0,0,
6bba_474be664,6bba_474be664:205,pil_only,36,pil_only|6bba_474be664:205|36,0,p:63:148,p:64:507,p:64:560,10.531203634912773,13.788582233137676,,,,,,0.6894291116568838,0,0,0,
6bba_474be664,6bba_474be664:205,pil_only,37,pil_only|6bba_474be664:205|37,0,p:63:148,p:64:507,p:64:567,10.017172754824587,15.41610359332085,,,,,,0.7708051796660425,0,0,0,
6bba_474be664,6bba_474be664:205,pil_only,38,pil_only|6bba_474be664:205|38,0,p:63:148,p:64:518,p:64:520,13.498263777241872,16.25,,,,,,0.8125,0,0,0,
6bba_474be664,6bba_474be664:205,pil_only,39,pil_only|6bba_474be664:205|39,0,p:63:148,p:64:518,p:64:537,15.069630055180518,8.75089281159357,,,,,,0.43754464057967846,0,0,0,
6bba_474be664,6bba_474be664:205,pil_only,40,pil_only|6bba_474be664:205|40,0,p:63:148,p:64:518,p:64:538,12.268480957314969,8.75089281159357,,,,,,0.43754464057967846,0,0,0,
6bba_474be664,6bba_474be664:205,pil_only,41,pil_only|6bba_474be664:205|41,0,p:63:148,p:64:518,p:64:543,12.268480957314969,15.921683328090658,,,,,,0.796084166404533,0,0,0,
6bba_474be664,6bba_474be664:205,pil_only,42,pil_only|6bba_474be664:205|42,0,p:63:148,p:64:518,p:64:550,12.268480957314969,8.900491559458949,,,,,,0.4450245779729475,0,0,0,
6bba_474be664,6bba_474be664:205,pil_only,43,pil_only|6bba_474be664:205|43,0,p:63:148,p:64:518,p:64:558,12.795262795269194,19.835652875567266,,,,,,0.9917826437783633,0,0,0,
6bba_474be664,6bba_474be664:205,pil_only,44,pil_only|6bba_474be664:205|44,0,p:63:148,p:64:518,p:64:560,12.268480957314969,17.577062467886947,,,,,,0.8788531233943473,0,0,0,
6bba_474be664,6bba_474be664:205,pil_only,45,pil_only|6bba_474be664:205|45,0,p:63:148,p:64:518,p:64:567,12.268480957314969,16.965498076979642,,,,,,0.8482749038489821,0,0,0,
6bba_474be664,6bba_474be664:205,pil_only,46,pil_only|6bba_474be664:205|46,0,p:63:148,p:64:518,p:64:586,15.33021933959198,18.810734967034115,,,,,,0.9405367483517058,0,0,0,
6bba_474be664,6bba_474be664:205,pil_only,47,pil_only|6bba_474be664:205|47,0,p:63:148,p:64:520,p:64:538,13.498263777241872,10.405076885828379,,,,,,0.520253844291419,0,0,0,
6bba_474be664,6bba_474be664:205,pil_only,48,pil_only|6bba_474be664:205|48,0,p:63:148,p:64:520,p:64:539,14.072912811497128,11.941262496067994,,,,,,0.5970631248033997,0,0,0,
6bba_474be664,6bba_474be664:205,pil_only,49,pil_only|6bba_474be664:205|49,0,p:63:148,p:64:520,p:64:543,13.498263777241872,17.50178562318714,,,,,,0.8750892811593569,0,0,0,
6bba_474be664,6bba_474be664:205,pil_only,50,pil_only|6bba_474be664:205|50,0,p:63:148,p:64:520,p:64:545,13.498263777241872,10.405076885828379,,,,,,0.520253844291419,0,0,0,
6bba_474be664,6bba_474be664:205,pil_only,51,pil_only|6bba_474be664:205|51,0,p:63:148,p:64:520,p:64:550,13.498263777241872,19.08942770226494,,,,,,0.9544713851132469,0,0,0,
6bba_474be664,6bba_474be664:205,pil_only,52,pil_only|6bba_474be664:205|52,0,p:63:148,p:64:520,p:64:559,13.498263777241872,18.810734967034115,,,,,,0.9405367483517058,0,0,0,
6bba_474be664,6bba_474be664:205,pil_only,53,pil_only|6bba_474be664:205|53,0,p:63:148,p:64:520,p:64:560,13.498263777241872,13.101168840985142,,,,,,0.6550584420492571,0,0,0,
6bba_474be664,6bba_474be664:205,pil_only,54,pil_only|6bba_474be664:205|54,0,p:63:148,p:64:520,p:64:567,13.498263777241872,19.835652875567266,,,,,,0.9917826437783633,0,0,0,
6bba_474be664,6bba_474be664:205,pil_only,55,pil_only|6bba_474be664:205|55,0,p:63:148,p:64:537,p:64:538,15.069630055180518,13.788582233137676,,,,,,0.6894291116568838,0,0,0,
6bba_474be664,6bba_474be664:205,pil_only,56,pil_only|6bba_474be664:205|56,0,p:63:148,p:64:537,p:64:543,15.069630055180518,16.331047884321446,,,,,,0.8165523942160723,0,0,0,
6bba_474be664,6bba_474be664:205,pil_only,57,pil_only|6bba_474be664:205|57,0,p:63:148,p:64:537,p:64:550,15.069630055180518,6.700046641628698,,,,,,0.33500233208143493,0,0,0,
6bba_474be664,6bba_474be664:205,pil_only,58,pil_only|6bba_474be664:205|58,0,p:63:148,p:64:537,p:64:558,15.069630055180518,15.921683328090658,,,,,,0.796084166404533,0,0,0,
6bba_474be664,6bba_474be664:205,pil_only,59,pil_only|6bba_474be664:205|59,0,p:63:148,p:64:537,p:64:567,15.069630055180518,15.41610359332085,,,,,,0.7708051796660425,0,0,0,
6bba_474be664,6bba_474be664:205,pil_only,60,pil_only|6bba_474be664:205|60,0,p:63:148,p:64:537,p:64:586,15.33021933959198,14.072912811497128,,,,,,0.7036456405748563,0,0,0,
6bba_474be664,6bba_474be664:205,pil_only,61,pil_only|6bba_474be664:205|61,0,p:63:148,p:64:538,p:64:539,14.072912811497128,16.331047884321446,,,,,,0.8165523942160723,0,0,0,
6bba_474be664,6bba_474be664:205,pil_only,62,pil_only|6bba_474be664:205|62,0,p:63:148,p:64:538,p:64:543,8.285906709588275,11.830178570080843,,,,,,0.5915089285040421,0,0,0,
6bba_474be664,6bba_474be664:205,pil_only,63,pil_only|6bba_474be664:205|63,0,p:63:148,p:64:538,p:64:545,11.941262496067994,13.201562407533435,,,,,,0.6600781203766718,0,0,0,
6bba_474be664,6bba_474be664:205,pil_only,64,pil_only|6bba_474be664:205|64,0,p:63:148,p:64:538,p:64:550,10.900831390311474,8.75089281159357,,,,,,0.43754464057967846,0,0,0,
6bba_474be664,6bba_474be664:205,pil_only,65,pil_only|6bba_474be664:205|65,0,p:63:148,p:64:538,p:64:558,12.795262795269194,17.800983118917898,,,,,,0.890049155945895,0,0,0,
6bba_474be664,6bba_474be664:205,pil_only,66,pil_only|6bba_474be664:205|66,0,p:63:148,p:64:538,p:64:559,9.613629647536875,14.259317129512198,,,,,,0.7129658564756098,0,0,0,
6bba_474be664,6bba_474be664:205,pil_only,67,pil_only|6bba_474be664:205|67,0,p:63:148,p:64:538,p:64:560,10.531203634912773,9.192388155425117,,,,,,0.4596194077712559,0,0,0,
6bba_474be664,6bba_474be664:205,pil_only,68,pil_only|6bba_474be664:205|68,0,p:63:148,p:64:538,p:64:567,10.017172754824587,11.941262496067994,,,,,,0.5970631248033997,0,0,0,
6bba_474be664,6bba_474be664:205,pil_only,69,pil_only|6bba_474be664:205|69,0,p:63:148,p:64:538,p:64:586,15.33021933959198,16.168545852982575,,,,,,0.8084272926491287,0,0,0,
6bba_474be664,6bba_474be664:205,pil_only,70,pil_only|6bba_474be664:205|70,0,p:63:148,p:64:539,p:64:543,14.072912811497128,15.069630055180518,,,,,,0.7534815027590259,0,0,0,
6bba_474be664,6bba_474be664:205,pil_only,71,pil_only|6bba_474be664:205|71,0,p:63:148,p:64:539,p:64:545,14.072912811497128,3.6336104634371584,,,,,,0.18168052317185793,0,0,0,
6bba_474be664,6bba_474be664:205,pil_only,72,pil_only|6bba_474be664:205|72,0,p:63:148,p:64:539,p:64:559,14.072912811497128,13.400093283257396,,,,,,0.6700046641628699,0,0,0,
6bba_474be664,6bba_474be664:205,pil_only,73,pil_only|6bba_474be664:205|73,0,p:63:148,p:64:539,p:64:560,14.072912811497128,11.830178570080843,,,,,,0.5915089285040421,0,0,0,
6bba_474be664,6bba_474be664:205,pil_only,74,pil_only|6bba_474be664:205|74,0,p:63:148,p:64:539,p:64:567,14.072912811497128,18.16805231718579,,,,,,0.9084026158592895,0,0,0,
6bba_474be664,6bba_474be664:205,pil_only,75,pil_only|6bba_474be664:205|75,0,p:63:148,p:64:543,p:64:545,11.941262496067994,13.101168840985142,,,,,,0.6550584420492571,0,0,0,
6bba_474be664,6bba_474be664:205,pil_only,76,pil_only|6bba_474be664:205|76,0,p:63:148,p:64:543,p:64:550,10.900831390311474,11.941262496067994,,,,,,0.5970631248033997,0,0,0,
6bba_474be664,6bba_474be664:205,pil_only,77,pil_only|6bba_474be664:205|77,0,p:63:148,p:64:543,p:64:558,12.795262795269194,8.75089281159357,,,,,,0.43754464057967846,0,0,0,
6bba_474be664,6bba_474be664:205,pil_only,78,pil_only|6bba_474be664:205|78,0,p:63:148,p:64:543,p:64:559,9.613629647536875,6.080193253507654,,,,,,0.3040096626753827,0,0,0,
6bba_474be664,6bba_474be664:205,pil_only,79,pil_only|6bba_474be664:205|79,0,p:63:148,p:64:543,p:64:560,10.531203634912773,10.900831390311474,,,,,,0.5450415695155737,0,0,0,
6bba_474be664,6bba_474be664:205,pil_only,80,pil_only|6bba_474be664:205|80,0,p:63:148,p:64:543,p:64:567,10.017172754824587,7.44668550430324,,,,,,0.372334275215162,0,0,0,
6bba_474be664,6bba_474be664:205,pil_only,81,pil_only|6bba_474be664:205|81,0,p:63:148,p:64:543,p:64:586,15.33021933959198,12.795262795269194,,,,,,0.6397631397634597,0,0,0,
6bba_474be664,6bba_474be664:205,pil_only,82,pil_only|6bba_474be664:205|82,0,p:63:148,p:64:545,p:64:550,11.941262496067994,19.70207793609598,,,,,,0.9851038968047989,0,0,0,
6bba_474be664,6bba_474be664:205,pil_only,83,pil_only|6bba_474be664:205|83,0,p:63:148,p:64:545,p:64:559,11.941262496067994,11.375,,,,,,0.56875,0,0,0,
6bba_474be664,6bba_474be664:205,pil_only,84,pil_only|6bba_474be664:205|84,0,p:63:148,p:64:545,p:64:560,11.941262496067994,8.285906709588275,,,,,,0.4142953354794138,0,0,0,
6bba_474be664,6bba_474be664:205,pil_only,85,pil_only|6bba_474be664:205|85,0,p:63:148,p:64:545,p:64:567,11.941262496067994,15.243851219426146,,,,,,0.7621925609713073,0,0,0,
6bba_474be664,6bba_474be664:205,pil_only,86,pil_only|6bba_474be664:205|86,0,p:63:148,p:64:550,p:64:558,12.795262795269194,13.101168840985142,,,,,,0.6550584420492571,0,0,0,
6bba_474be664,6bba_474be664:205,pil_only,87,pil_only|6bba_474be664:205|87,0,p:63:148,p:64:550,p:64:559,10.900831390311474,15.069630055180518,,,,,,0.7534815027590259,0,0,0,
6bba_474be664,6bba_474be664:205,pil_only,88,pil_only|6bba_474be664:205|88,0,p:63:148,p:64:550,p:64:560,10.900831390311474,13.498263777241872,,,,,,0.6749131888620936,0,0,0,
6bba_474be664,6bba_474be664:205,pil_only,89,pil_only|6bba_474be664:205|89,0,p:63:148,p:64:550,p:64:567,10.900831390311474,9.613629647536875,,,,,,0.48068148237684377,0,0,0,
6bba_474be664,6bba_474be664:205,pil_only,90,pil_only|6bba_474be664:205|90,0,p:63:148,p:64:550,p:64:586,15.33021933959198,10.017172754824587,,,,,,0.5008586377412294,0,0,0,
6bba_474be664,6bba_474be664:205,pil_only,91,pil_only|6bba_474be664:205|91,0,p:63:148,p:64:558,p:64:559,12.795262795269194,10.405076885828379,,,,,,0.520253844291419,0,0,0,
6bba_474be664,6bba_474be664:205,pil_only,92,pil_only|6bba_474be664:205|92,0,p:63:148,p:64:558,p:64:560,12.795262795269194,16.57181341917655,,,,,,0.8285906709588275,0,0,0,
6bba_474be664,6bba_474be664:205,pil_only,93,pil_only|6bba_474be664:205|93,0,p:63:148,p:64:558,p:64:567,12.795262795269194,8.285906709588275,,,,,,0.4142953354794138,0,0,0,
6bba_474be664,6bba_474be664:205,pil_only,94,pil_only|6bba_474be664:205|94,0,p:63:148,p:64:558,p:64:586,15.33021933959198,8.443747686898277,,,,,,0.4221873843449139,0,0,0,
6bba_474be664,6bba_474be664:205,pil_only,95,pil_only|6bba_474be664:205|95,0,p:63:148,p:64:559,p:64:560,10.531203634912773,8.75089281159357,,,,,,0.43754464057967846,0,0,0,
6bba_474be664,6bba_474be664:205,pil_only,96,pil_only|6bba_474be664:205|96,0,p:63:148,p:64:559,p:64:567,10.017172754824587,6.700046641628698,,,,,,0.33500233208143493,0,0,0,
6bba_474be664,6bba_474be664:205,pil_only,97,pil_only|6bba_474be664:205|97,0,p:63:148,p:64:559,p:64:586,15.33021933959198,12.795262795269194,,,,,,0.6397631397634597,0,0,0,
6bba_474be664,6bba_474be664:205,pil_only,98,pil_only|6bba_474be664:205|98,0,p:63:148,p:64:560,p:64:567,10.531203634912773,8.900491559458949,,,,,,0.4450245779729475,0,0,0,
6bba_474be664,6bba_474be664:205,pil_only,99,pil_only|6bba_474be664:205|99,0,p:63:148,p:64:560,p:64:586,15.33021933959198,14.804454566109486,,,,,,0.7402227283054743,0,0,0,
6bba_474be664,6bba_474be664:205,pil_only,100,pil_only|6bba_474be664:205|100,0,p:63:148,p:64:567,p:64:586,15.33021933959198,6.700046641628698,,,,,,0.33500233208143493,0,0,0,
6bba_474be664,6bba_474be664:205,union,0,union|6bba_474be664:205|0,0,c:63:148:235,c:64:481:52,c:64:483:263,15.41610359332085,12.691655723348314,0.307637145930441,0.0371900826446281,0.07186123348017621,0.07156567041403894,0.9958870304359748,0.6345827861674157,0,3,3,0.8039102707528843
6bba_474be664,6bba_474be664:205,union,1,union|6bba_474be664:205|1,0,c:63:148:235,c:64:481:52,c:64:496:45,15.41610359332085,10.900831390311474,0.6748124848778128,0.18358192217113378,0.450715859030837,0.23649234325339497,0.5247038428199943,0.5450415695155737,0,3,3,0.8694323213507621
6bba_474be664,6bba_474be664:205,union,2,union|6bba_474be664:205|2,0,c:63:148:235,c:64:481:52,c:64:507:219,15.41610359332085,13.978778558944269,0.35245607744711366,0.028190529093181503,0.055892070484581495,0.053817603393425235,0.9628844114528102,0.6989389279472135,0,3,3,0.8768967436355837
6bba_474be664,6bba_474be664:205,union,3,union|6bba_474be664:205|3,0,c:63:148:235,c:64:481:52,p:64:518,15.41610359332085,17.875,,,,,,0.89375,0,2,2,0.8632126457527243
6bba_474be664,6bba_474be664:205,union,4,union|6bba_474be664:205|4,0,c:63:148:235,c:64:481:52,c:64:543:213,15.41610359332085,17.273986945693807,0.4184295446396558,0.09148446490218642,0.1751101321585903,0.16076845298281092,0.9180990899898888,0.8636993472846903,0,3,3,0.8726401007840444
6bba_474be664,6bba_474be664:205,union,5,union|6bba_474be664:205|5,0,c:63:148:235,c:64:481:52,f:64:71,15.41610359332085,12.039103078503059,0.04768734313373969,0.22481779106709027,0.3312224669603524,0.41170431211498976,0.8045154185022027,0.601955153925153,1,3,2,0.8356031931012545
6bba_474be664,6bba_474be664:205,union,6,union|6bba_474be664:205|6,0,c:63:148:235,c:64:481:52,f:64:73,15.41610359332085,7.330940082764074,0.16206525636428828,0.31792905081495687,0.4564977973568282,0.5115705029311941,0.8923458149779736,0.3665470041382037,1,3,2,0.8064253780166372
6bba_474be664,6bba_474be664:205,union,7,union|6bba_474be664:205|7,0,c:63:148:235,c:64:483:263,c:64:496:45,15.33021933959198,9.475296829123613,0.2075973868860392,0.24681897050318102,0.46998898678414097,0.34201562813063513,0.727709877780004,0.47376484145618064,0,3,3,0.8083028489195884
6bba_474be664,6bba_474be664:205,union,8,union|6bba_474be664:205|8,0,c:63:148:235,c:64:483:263,p:64:498,15.41610359332085,19.158467449146343,,,,,,0.9579233724573172,0,2,2,0.7715184371059638
6bba_474be664,6bba_474be664:205,union,9,union|6bba_474be664:205|9,0,c:63:148:235,c:64:483:263,c:64:507:219,15.33021933959198,13.101168840985142,0.8728382502543235,0.11648306813545492,0.15721365638766518,0.3101575230852797,0.5068832599118943,0.6550584420492571,0,3,3,0.8157672712044101
6bba_474be664,6bba_474be664:205,union,10,union|6bba_474be664:205|10,0,c:63:148:235,c:64:483:263,c:64:520:259,15.33021933959198,17.50178562318714,0.5685884691848907,0.0011682242990654205,0.0019273127753303965,0.002957329953527672,0.6517070484581498,0.8750892811593569,0,3,3,0.7746468842574542
6bba_474be664,6bba_474be664:205,union,11,union|6bba_474be664:205|11,0,c:63:148:235,c:64:483:263,c:64:539:233,15.33021933959198,17.04314378276496,0.7191142191142191,0.07244855102897942,0.09498898678414097,0.23389830508474577,0.4061123348017621,0.852157189138248,0,3,3,0.7989707579540445
6bba_474be664,6bba_474be664:205,union,12,union|6bba_474be664:205|12,0,c:63:148:235,c:64:483:263,c:64:543:213,15.33021933959198,17.800983118917898,0.7352185089974294,0.21473051320592657,0.2753303964757709,0.49382716049382713,0.5575440528634361,0.890049155945895,0,3,3,0.8115106283528708
6bba_474be664,6bba_474be664:205,union,13,union|6bba_474be664:205|13,0,c:63:148:235,c:64:483:263,c:64:545:224,15.33021933959198,18.16805231718579,0.6412556053811659,0.13473520249221183,0.1905286343612335,0.3151183970856102,0.6046255506607929,0.9084026158592895,0,3,3,0.7989105085683234
6bba_474be664,6bba_474be664:205,union,14,union|6bba_474be664:205|14,0,c:63:148:235,c:64:483:263,f:64:71,15.33021933959198,15.513785802546808,0.155011655011655,0.012483574244415242,0.015693832599118943,0.05751765893037336,0.272852422907489,0.7756892901273404,1,3,2,0.7744737206700809
6bba_474be664,6bba_474be664:205,union,15,union|6bba_474be664:205|15,0,c:63:148:235,c:64:483:263,f:64:73,15.33021933959198,16.15683846482636,0.5268065268065268,0.0026374518157841345,0.003579295154185022,0.009923664122137405,0.3606828193832599,0.8078419232413181,1,3,2,0.7452959055854634
6bba_474be664,6bba_474be664:205,union,16,union|6bba_474be664:205|16,0,c:63:148:235,c:64:496:45,c:64:507:219,14.072912811497128,15.33021933959198,0.23784176143237357,0.007718004838152287,0.018447136563876653,0.013096168881939015,0.7099296325254105,0.7665109669795991,0,3,3,0.8812893218022877
6bba_474be664,6bba_474be664:205,union,17,union|6bba_474be664:205|17,0,c:63:148:235,c:64:496:45,c:64:539:233,14.072912811497128,19.22725929507375,0.14928623276070652,0.0031115366203925323,0.007158590308370044,0.0054736842105263155,0.7646315789473684,0.9613629647536875,0,3,3,0.8644928085519221
6bba_474be664,6bba_474be664:205,union,18,union|6bba_474be664:205|18,0,c:63:148:235,c:64:496:45,c:64:543:213,14.072912811497128,13.978778558944269,0.2823614807645778,0.15490043961727437,0.32984581497797355,0.2260377358490566,0.6852830188679245,0.6989389279472135,0,3,3,0.8770326789507483
6bba_474be664,6bba_474be664:205,union,19,union|6bba_474be664:205|19,0,c:63:148:235,c:64:496:45,c:64:545:224,14.072912811497128,19.835652875567266,0.32373578514396323,0.002974878801234024,0.007433920704845815,0.0049351124108938035,0.6638640102357887,0.9917826437783633,0,3,3,0.8644325591662009
6bba_474be664,6bba_474be664:205,union,20,union|6bba_474be664:205|20,0,c:63:148:235,c:64:496:45,c:64:558:20,14.072912811497128,19.02013735491939,0.2995402855068957,0.09538873342255749,0.21585903083700442,0.14596909327871904,0.6762241668218208,0.9510068677459695,0,3,3,0.8817231528862605
6bba_474be664,6bba_474be664:205,union,21,union|6bba_474be664:205|21,0,c:63:148:235,c:64:496:45,c:64:559:253,14.072912811497128,17.800983118917898,0.6750544398741835,0.12767094017094016,0.3290198237885463,0.17261302903365594,0.5246280514227936,0.890049155945895,0,3,3,0.8621366353097742
6bba_474be664,6bba_474be664:205,union,22,union|6bba_474be664:205|22,0,c:63:148:235,c:64:496:45,f:64:71,14.072912811497128,6.518565383897368,0.03218001451729978,0.23618719674440444,0.4154735682819383,0.35372714486638535,0.8513830285982185,0.3259282691948684,1,3,2,0.8399957712679584
6bba_474be664,6bba_474be664:205,union,23,union|6bba_474be664:205|23,0,c:63:148:235,c:64:496:45,f:64:73,14.072912811497128,10.347711272068121,0.10936365835954512,0.07636887608069164,0.16051762114537446,0.12715376226826608,0.7921483097055616,0.517385563603406,1,3,2,0.8108179561833411
6bba_474be664,6bba_474be664:205,union,24,union|6bba_474be664:205|24,0,c:63:148:235,p:64:498,c:64:507:219,15.41610359332085,10.017172754824587,,,,,,0.5008586377412294,0,2,2,0.8809981464300127
6bba_474be664,6bba_474be664:205,union,25,union|6bba_474be664:205|25,0,c:63:148:235,p:64:498,p:64:518,15.41610359332085,10.65583760199075,,,,,,0.5327918800995375,0,1,1,0.8577313534587228
6bba_474be664,6bba_474be664:205,union,26,union|6bba_474be664:205|26,0,c:63:148:235,p:64:498,c:64:520:259,15.41610359332085,9.613629647536875,,,,,,0.48068148237684377,0,2,2,0.8193175660095788
6bba_474be664,6bba_474be664:205,union,27,union|6bba_474be664:205|27,0,c:63:148:235,p:64:498,c:64:537:286,15.41610359332085,19.364109842696102,,,,,,0.9682054921348051,0,2,2,0.8736409250072817
6bba_474be664,6bba_474be664:205,union,28,union|6bba_474be664:205|28,0,c:63:148:235,p:64:498,c:64:538:236,15.41610359332085,11.02128622257856,,,,,,0.551064311128928,0,2,2,0.8732096380753952
6bba_474be664,6bba_474be664:205,union,29,union|6bba_474be664:205|29,0,c:63:148:235,p:64:498,c:64:545:224,15.41610359332085,18.810734967034115,,,,,,0.9405367483517058,0,2,2,0.8557130024758827
6bba_474be664,6bba_474be664:205,union,30,union|6bba_474be664:205|30,0,c:63:148:235,p:64:498,c:64:550:208,15.41610359332085,17.577062467886947,,,,,,0.8788531233943473,0,2,2,0.8843145711883663
6bba_474be664,6bba_474be664:205,union,31,union|6bba_474be664:205|31,0,c:63:148:235,p:64:498,c:64:560:203,15.41610359332085,18.810734967034115,,,,,,0.9405367483517058,0,2,2,0.8844921395776941
6bba_474be664,6bba_474be664:205,union,32,union|6bba_474be664:205|32,0,c:63:148:235,c:64:507:219,p:64:518,12.268480957314969,9.884489111734608,,,,,,0.4942244555867304,0,2,2,0.8809981464300127
6bba_474be664,6bba_474be664:205,union,33,union|6bba_474be664:205|33,0,c:63:148:235,c:64:507:219,c:64:520:259,13.498263777241872,10.405076885828379,0.6514247846255798,0.08600815747472956,0.1335352422907489,0.19462279293739967,0.6861233480176211,0.520253844291419,0,3,3,0.8476333571401534
6bba_474be664,6bba_474be664:205,union,34,union|6bba_474be664:205|34,0,c:63:148:235,c:64:507:219,c:64:537:286,15.069630055180518,15.921683328090658,0.3976537216828479,0.0002822865208186309,0.0005506607929515419,0.0005788712011577424,0.9512665198237885,0.796084166404533,0,3,3,0.8838489298052887
6bba_474be664,6bba_474be664:205,union,35,union|6bba_474be664:205|35,0,c:63:148:235,c:64:507:219,c:64:538:236,8.285906709588275,7.960841664045329,0.5607529948659441,0.3059885151763741,0.4107929515418502,0.5453216374269005,0.7533039647577092,0.3980420832022665,0,3,3,0.883561405184031
6bba_474be664,6bba_474be664:205,union,36,union|6bba_474be664:205|36,0,c:63:148:235,c:64:507:219,c:64:539:233,14.072912811497128,15.33021933959198,0.6276703967446592,0.0032598274209012464,0.004680616740088106,0.010625,0.44052863436123346,0.7665109669795991,0,3,3,0.8719572308367437
6bba_474be664,6bba_474be664:205,union,37,union|6bba_474be664:205|37,1,c:63:148:235,c:64:507:219,c:64:543:213,6.080193253507654,10.900831390311474,0.8423307626392459,0.2553191489361702,0.3237885462555066,0.5469767441860465,0.5919603524229075,0.5450415695155737,0,3,3,0.8844971012355701
6bba_474be664,6bba_474be664:205,union,38,union|6bba_474be664:205|38,0,c:63:148:235,c:64:507:219,c:64:545:224,11.941262496067994,13.595725431178728,0.7346786248131539,0.11500280951489043,0.16905286343612336,0.2645411460577337,0.6390418502202643,0.6797862715589365,0,3,3,0.8718969814510227
6bba_474be664,6bba_474be664:205,union,39,union|6bba_474be664:205|39,0,c:63:148:235,c:64:507:219,c:64:550:208,10.900831390311474,13.101168840985142,0.34932480454868514,0.16515056461731492,0.2899229074889868,0.2773242033184093,0.9565446405056623,0.6550584420492571,0,3,3,0.8909646939260117
6bba_474be664,6bba_474be664:205,union,40,union|6bba_474be664:205|40,0,c:63:148:235,c:64:507:219,c:64:558:20,12.795262795269194,18.384776310850235,0.7940226171243941,0.003084832904884319,0.004955947136563877,0.00810445745159838,0.6115088105726872,0.9192388155425117,0,3,3,0.889187575171082
6bba_474be664,6bba_474be664:205,union,41,union|6bba_474be664:205|41,0,c:63:148:235,c:64:507:219,c:64:559:253,9.613629647536875,15.33021933959198,0.35232974910394266,0.09186080802123267,0.17153083700440527,0.16512059369202226,0.9626292075271667,0.7665109669795991,0,3,3,0.8696010575945959
6bba_474be664,6bba_474be664:205,union,42,union|6bba_474be664:205|42,0,c:63:148:235,c:64:507:219,c:64:560:203,10.531203634912773,13.788582233137676,0.7357784431137725,0.19690265486725664,0.26954845814977973,0.42216472617507544,0.6384911894273128,0.6894291116568838,0,3,3,0.8910830728522304
6bba_474be664,6bba_474be664:205,union,43,union|6bba_474be664:205|43,0,c:63:148:235,c:64:507:219,c:64:567:679,10.017172754824587,15.41610359332085,0.3021363173957274,0.11080958842152872,0.13491189427312775,0.3828125,0.3524229074889868,0.7708051796660425,0,3,3,0.8048355264136577
6bba_474be664,6bba_474be664:205,union,44,union|6bba_474be664:205|44,0,c:63:148:235,c:64:507:219,f:64:71,14.060685158503162,17.097909204795283,0.1353001017293998,0.0,0.0,0.0,0.30726872246696035,0.8548954602397641,1,3,2,0.8474601935527802
6bba_474be664,6bba_474be664:205,union,45,union|6bba_474be664:205|45,0,c:63:148:235,c:64:507:219,f:64:73,12.69596367955611,14.252805624572858,0.4598168870803662,0.007957032027053909,0.011013215859030838,0.027874564459930314,0.39509911894273125,0.7126402812286429,1,3,2,0.8182823784681629
6bba_474be664,6bba_474be664:205,union,46,union|6bba_474be664:205|46,0,c:63:148:235,c:64:507:219,f:64:671,14.626618109009648,19.77175810464745,0.6383116883116883,0.15521771771771772,0.22769823788546256,0.3277843836702338,0.6946585903083701,0.9885879052323725,1,3,2,0.8738200180345842
6bba_474be664,6bba_474be664:205,union,47,union|6bba_474be664:205|47,0,c:63:148:235,c:64:507:219,f:64:677,15.569946001676806,17.331606372084092,0.37538148524923703,0.0018090452261306533,0.0024779735682819385,0.006656804733727811,0.3722466960352423,0.8665803186042046,1,3,2,0.8338512590806385
6bba_474be664,6bba_474be664:205,union,48,union|6bba_474be664:205|48,0,c:63:148:235,p:64:518,c:64:520:259,13.498263777241872,16.25,,,,,,0.8125,0,2,2,0.8193175660095788
6bba_474be664,6bba_474be664:205,union,49,union|6bba_474be664:205|49,0,c:63:148:235,p:64:518,c:64:537:286,15.069630055180518,8.75089281159357,,,,,,0.43754464057967846,0,2,2,0.8736409250072817
6bba_474be664,6bba_474be664:205,union,50,union|6bba_474be664:205|50,0,c:63:148:235,p:64:518,c:64:538:236,12.268480957314969,8.75089281159357,,,,,,0.43754464057967846,0,2,2,0.8732096380753952
6bba_474be664,6bba_474be664:205,union,51,union|6bba_474be664:205|51,0,c:63:148:235,p:64:518,c:64:543:213,12.268480957314969,15.921683328090658,,,,,,0.796084166404533,0,2,2,0.8746131821527037
6bba_474be664,6bba_474be664:205,union,52,union|6bba_474be664:205|52,0,c:63:148:235,p:64:518,c:64:550:208,12.268480957314969,8.900491559458949,,,,,,0.4450245779729475,0,2,2,0.8843145711883663
6bba_474be664,6bba_474be664:205,union,53,union|6bba_474be664:205|53,0,c:63:148:235,p:64:518,c:64:558:20,12.795262795269194,19.835652875567266,,,,,,0.9917826437783633,0,2,2,0.8816488930559717
6bba_474be664,6bba_474be664:205,union,54,union|6bba_474be664:205|54,0,c:63:148:235,p:64:518,c:64:560:203,12.268480957314969,17.577062467886947,,,,,,0.8788531233943473,0,2,2,0.8844921395776941
6bba_474be664,6bba_474be664:205,union,55,union|6bba_474be664:205|55,0,c:63:148:235,p:64:518,c:64:567:679,12.268480957314969,16.965498076979642,,,,,,0.8482749038489821,0,2,2,0.7551208199198352
6bba_474be664,6bba_474be664:205,union,56,union|6bba_474be664:205|56,0,c:63:148:235,p:64:518,c:64:586:674,15.33021933959198,18.810734967034115,,,,,,0.9405367483517058,0,2,2,0.8537148421869584
6bba_474be664,6bba_474be664:205,union,57,union|6bba_474be664:205|57,0,c:63:148:235,p:64:518,f:64:73,12.69596367955611,17.45686878206021,,,,,,0.8728434391030104,1,2,1,0.7752910980015928
6bba_474be664,6bba_474be664:205,union,58,union|6bba_474be664:205|58,0,c:63:148:235,p:64:518,f:64:671,14.626618109009648,19.94879366352414,,,,,,0.9974396831762069,1,2,1,0.858597557351225
6bba_474be664,6bba_474be664:205,union,59,union|6bba_474be664:205|59,0,c:63:148:235,c:64:520:259,c:64:538:236,13.498263777241872,10.405076885828379,0.8608100399315459,0.1706571574121243,0.2767070484581498,0.3080931943592888,0.8981277533039648,0.520253844291419,0,3,3,0.8424410182370751
6bba_474be664,6bba_474be664:205,union,60,union|6bba_474be664:205|60,0,c:63:148:235,c:64:520:259,c:64:539:233,14.072912811497128,11.941262496067994,0.4088800530152419,0.048816029143897995,0.07378854625550661,0.12605832549388524,0.585352422907489,0.5970631248033997,0,3,3,0.8308368438897878
6bba_474be664,6bba_474be664:205,union,61,union|6bba_474be664:205|61,0,c:63:148:235,c:64:520:259,c:64:543:213,13.498263777241872,17.50178562318714,0.7733598409542743,0.00047581284694686756,0.0008259911894273128,0.0011210762331838565,0.736784140969163,0.8750892811593569,0,3,3,0.8433767142886142
6bba_474be664,6bba_474be664:205,union,62,union|6bba_474be664:205|62,0,c:63:148:235,c:64:520:259,c:64:545:224,13.498263777241872,10.405076885828379,0.8866799204771372,0.1940656100258017,0.2899229074889868,0.3698630136986301,0.7838656387665198,0.520253844291419,0,3,3,0.8307765945040667
6bba_474be664,6bba_474be664:205,union,63,union|6bba_474be664:205|63,0,c:63:148:235,c:64:520:259,c:64:550:208,13.498263777241872,19.08942770226494,0.5362473347547975,0.003026100113478754,0.006607929515418502,0.005551700208188758,0.8401572981725653,0.9544713851132469,0,3,3,0.8498443069790559
6bba_474be664,6bba_474be664:205,union,64,union|6bba_474be664:205|64,0,c:63:148:235,c:64:520:259,c:64:559:253,13.498263777241872,18.810734967034115,0.5408602150537635,0.02733160621761658,0.058094713656387666,0.04908118167015585,0.8448476389858106,0.9405367483517058,0,3,3,0.82848067064764
6bba_474be664,6bba_474be664:205,union,65,union|6bba_474be664:205|65,0,c:63:148:235,c:64:520:259,c:64:560:203,13.498263777241872,13.101168840985142,0.8853545394300861,0.36501580611169654,0.47687224669603523,0.6087873462214412,0.7833149779735683,0.6550584420492571,0,3,3,0.8499626859052745
6bba_474be664,6bba_474be664:205,union,66,union|6bba_474be664:205|66,0,c:63:148:235,c:64:520:259,c:64:567:679,13.498263777241872,19.835652875567266,0.19681908548707752,0.013606710158434296,0.020099118942731278,0.040420819490586936,0.4972466960352423,0.9917826437783633,0,3,3,0.7637151394667018
6bba_474be664,6bba_474be664:205,union,67,union|6bba_474be664:205|67,0,c:63:148:235,c:64:520:259,f:64:677,15.569946001676806,12.197003934527176,0.24453280318091453,0.23431899641577061,0.2879955947136564,0.556975505857295,0.5170704845814978,0.6098501967263588,1,3,2,0.7927308721336827
6bba_474be664,6bba_474be664:205,union,68,union|6bba_474be664:205|68,0,c:63:148:235,c:64:537:286,c:64:538:236,15.069630055180518,13.788582233137676,0.7091423948220065,0.01577246283128636,0.03359030837004405,0.028875739644970415,0.8596449704142012,0.6894291116568838,0,3,3,0.8786565909022105
6bba_474be664,6bba_474be664:205,union,69,union|6bba_474be664:205|69,0,c:63:148:235,c:64:537:286,c:64:543:213,15.069630055180518,16.331047884321446,0.4720873786407767,0.0031732891832229582,0.006332599118942731,0.006320417697169552,0.998076394613905,0.8165523942160723,0,3,3,0.8795922869537494
6bba_474be664,6bba_474be664:205,union,70,union|6bba_474be664:205|70,0,c:63:148:235,c:64:537:286,c:64:550:208,15.069630055180518,6.700046641628698,0.8784648187633263,0.39126365054602186,0.6905286343612335,0.47446083995459704,0.687097994702989,0.33500233208143493,0,3,3,0.8860598796441911
6bba_474be664,6bba_474be664:205,union,71,union|6bba_474be664:205|71,0,c:63:148:235,c:64:537:286,c:64:558:20,15.069630055180518,15.921683328090658,0.5008090614886731,0.012969094922737307,0.025881057268722467,0.025336927223719677,0.9789757412398922,0.796084166404533,0,3,3,0.8842827608892613
6bba_474be664,6bba_474be664:205,union,72,union|6bba_474be664:205|72,0,c:63:148:235,c:64:537:286,c:64:567:679,15.069630055180518,15.41610359332085,0.12014563106796117,0.02301422406904267,0.039647577092511016,0.05200433369447454,0.7623898678414097,0.7708051796660425,0,3,3,0.799930712131837
6bba_474be664,6bba_474be664:205,union,73,union|6bba_474be664:205|73,0,c:63:148:235,c:64:537:286,c:64:586:674,15.33021933959198,14.072912811497128,0.3511326860841424,0.1877342419080068,0.30341409691629956,0.32994011976047904,0.9196035242290749,0.7036456405748563,0,3,3,0.8656600603099193
6bba_474be664,6bba_474be664:205,union,74,union|6bba_474be664:205|74,0,c:63:148:235,c:64:537:286,f:64:73,15.069630055180518,17.004059615077068,0.18284789644012944,0.014389602351848987,0.025605726872246697,0.03180574555403557,0.8050660792951542,0.8502029807538534,1,3,2,0.8133775641863421
6bba_474be664,6bba_474be664:205,union,75,union|6bba_474be664:205|75,0,c:63:148:235,c:64:537:286,f:64:671,15.069630055180518,17.100901250552837,0.6229773462783171,0.039575683394532844,0.08012114537444934,0.07253240279162512,0.905284147557328,0.8550450625276419,1,3,2,0.8689152037527635
6bba_474be664,6bba_474be664:205,union,76,union|6bba_474be664:205|76,0,c:63:148:235,c:64:538:236,c:64:539:233,14.072912811497128,16.331047884321446,0.351968054763263,0.0,0.0,0.0,0.6525330396475771,0.8165523942160723,0,3,3,0.8667648919336655
6bba_474be664,6bba_474be664:205,union,77,union|6bba_474be664:205|77,0,c:63:148:235,c:64:538:236,c:64:543:213,8.285906709588275,11.830178570080843,0.6657159155733029,0.08225966303270565,0.13711453744493393,0.17054794520547945,0.8039647577092511,0.5915089285040421,0,3,3,0.8793047623324917
6bba_474be664,6bba_474be664:205,union,78,union|6bba_474be664:205|78,0,c:63:148:235,c:64:538:236,c:64:545:224,11.941262496067994,13.201562407533435,0.7632629777524245,0.036700077101002315,0.06552863436123348,0.07699773536072468,0.851046255506608,0.6600781203766718,0,3,3,0.8667046425479444
6bba_474be664,6bba_474be664:205,union,79,union|6bba_474be664:205|79,0,c:63:148:235,c:64:538:236,c:64:550:208,10.900831390311474,8.75089281159357,0.6229566453447051,0.319015444015444,0.5459801762114538,0.43420188307422813,0.7952704182176483,0.43754464057967846,0,3,3,0.8857723550229334
6bba_474be664,6bba_474be664:205,union,80,union|6bba_474be664:205|80,0,c:63:148:235,c:64:538:236,c:64:558:20,12.795262795269194,17.800983118917898,0.7062179121505989,0.0009067553271875472,0.0016519823788546256,0.0020060180541624875,0.8235132158590308,0.890049155945895,0,3,3,0.8839952362680036
6bba_474be664,6bba_474be664:205,union,81,union|6bba_474be664:205|81,0,c:63:148:235,c:64:538:236,c:64:559:253,9.613629647536875,14.259317129512198,0.6283154121863799,0.05023124357656732,0.10765418502202644,0.08606647589698437,0.799471714725952,0.7129658564756098,0,3,3,0.8644087186915176
6bba_474be664,6bba_474be664:205,union,82,union|6bba_474be664:205|82,0,c:63:148:235,c:64:538:236,c:64:560:203,10.531203634912773,9.192388155425117,0.7621220764403879,0.2994972931167827,0.4264867841409692,0.5014567821301392,0.8504955947136564,0.4596194077712559,0,3,3,0.885890733949152
6bba_474be664,6bba_474be664:205,union,83,union|6bba_474be664:205|83,0,c:63:148:235,c:64:538:236,c:64:567:679,10.017172754824587,11.941262496067994,0.16942384483742157,0.15393988627132413,0.20870044052863437,0.3697560975609756,0.5644273127753304,0.5970631248033997,0,3,3,0.7996431875105793
6bba_474be664,6bba_474be664:205,union,84,union|6bba_474be664:205|84,0,c:63:148:235,c:64:538:236,c:64:586:674,15.33021933959198,16.168545852982575,0.49515116942384485,0.07996545768566495,0.12747797356828194,0.17665013353681802,0.7216409691629956,0.8084272926491287,0,3,3,0.8653725356886616
6bba_474be664,6bba_474be664:205,union,85,union|6bba_474be664:205|85,0,c:63:148:235,c:64:538:236,f:64:73,12.69596367955611,19.395644795481157,0.257843696520251,0.0,0.0,0.0,0.6071035242290749,0.9697822397740579,1,3,2,0.8130900395650844
6bba_474be664,6bba_474be664:205,union,86,union|6bba_474be664:205|86,0,c:63:148:235,c:64:538:236,f:64:671,14.626618109009648,15.166157500218024,0.8784940102681118,0.2149122807017544,0.3372797356828194,0.3720012146978439,0.9066629955947136,0.7583078750109011,1,3,2,0.8686276791315058
6bba_474be664,6bba_474be664:205,union,87,union|6bba_474be664:205|87,0,c:63:148:235,c:64:538:236,f:64:677,15.569946001676806,14.581542032815054,0.2104962920707359,0.003487966515521451,0.005506607929515419,0.00942507068803016,0.5842511013215859,0.7290771016407527,1,3,2,0.8286589201775603
6bba_474be664,6bba_474be664:205,union,88,union|6bba_474be664:205|88,0,c:63:148:235,c:64:539:233,c:64:543:213,14.072912811497128,15.069630055180518,0.5287060839760068,0.002777263469727828,0.004129955947136564,0.008408071748878924,0.4911894273127753,0.7534815027590259,0,3,3,0.8677005879852046
6bba_474be664,6bba_474be664:205,union,89,union|6bba_474be664:205|89,0,c:63:148:235,c:64:539:233,c:64:545:224,14.072912811497128,3.6336104634371584,0.461136023916293,0.23880266075388026,0.2965308370044053,0.5508951406649616,0.5382709251101322,0.18168052317185793,0,3,3,0.8551004682006571
6bba_474be664,6bba_474be664:205,union,90,union|6bba_474be664:205|90,0,c:63:148:235,c:64:539:233,c:64:559:253,14.072912811497128,13.400093283257396,0.22114695340501792,0.11025236593059937,0.1924559471365639,0.20516583504549457,0.9380506607929515,0.6700046641628699,0,3,3,0.8528045443442304
6bba_474be664,6bba_474be664:205,union,91,union|6bba_474be664:205|91,0,c:63:148:235,c:64:539:233,c:64:560:203,14.072912811497128,11.830178570080843,0.46182634730538924,0.05357479720807395,0.07819383259911894,0.14541730670762928,0.5377202643171806,0.5915089285040421,0,3,3,0.8742865596018649
6bba_474be664,6bba_474be664:205,union,92,union|6bba_474be664:205|92,0,c:63:148:235,c:64:539:233,c:64:567:679,14.072912811497128,18.16805231718579,0.4813614262560778,0.0,0.0,0.0,0.2516519823788546,0.9084026158592895,0,3,3,0.7880390131632922
6bba_474be664,6bba_474be664:205,union,93,union|6bba_474be664:205|93,0,c:63:148:235,c:64:539:233,f:64:677,15.569946001676806,7.555507467313336,0.5980551053484603,0.07897196261682243,0.09306167400881057,0.34279918864097364,0.2714757709251101,0.3777753733656668,1,3,2,0.8170547458302729
6bba_474be664,6bba_474be664:205,union,94,union|6bba_474be664:205|94,0,c:63:148:235,c:64:543:213,c:64:545:224,11.941262496067994,13.101168840985142,0.8721973094170403,0.05865102639296188,0.09361233480176212,0.13572854291417166,0.6897026431718062,0.6550584420492571,0,3,3,0.8676403385994833
6bba_474be664,6bba_474be664:205,union,95,union|6bba_474be664:205|95,0,c:63:148:235,c:64:543:213,c:64:550:208,10.900831390311474,11.941262496067994,0.4147121535181237,0.08617491796261949,0.16629955947136563,0.15172067319768903,0.9123335845265009,0.5970631248033997,0,3,3,0.8867080510744724
6bba_474be664,6bba_474be664:205,union,96,union|6bba_474be664:205|96,0,c:63:148:235,c:64:543:213,c:64:558:20,12.795262795269194,8.75089281159357,0.9426494345718901,0.19829297340214372,0.27505506607929514,0.4153846153846154,0.662169603524229,0.43754464057967846,0,3,3,0.8849309323195427
6bba_474be664,6bba_474be664:205,union,97,union|6bba_474be664:205|97,0,c:63:148:235,c:64:543:213,c:64:559:253,9.613629647536875,6.080193253507654,0.4182795698924731,0.3163920208152645,0.5022026431718062,0.4609552691432904,0.9178670710133939,0.3040096626753827,0,3,3,0.8653444147430566
6bba_474be664,6bba_474be664:205,union,98,union|6bba_474be664:205|98,0,c:63:148:235,c:64:543:213,c:64:560:203,10.531203634912773,10.900831390311474,0.8735029940119761,0.09416800428036383,0.14537444933920704,0.21094686376348382,0.6891519823788547,0.5450415695155737,0,3,3,0.8868264300006911
6bba_474be664,6bba_474be664:205,union,99,union|6bba_474be664:205|99,0,c:63:148:235,c:64:543:213,c:64:567:679,10.017172754824587,7.44668550430324,0.2544987146529563,0.31475748194014447,0.33590308370044053,0.8333333333333334,0.40308370044052866,0.372334275215162,0,3,3,0.8005788835621184
6bba_474be664,6bba_474be664:205,union,100,union|6bba_474be664:205|100,0,c:63:148:235,c:64:543:213,c:64:586:674,15.33021933959198,12.795262795269194,0.7437874892887746,0.11489277985441668,0.16079295154185022,0.28697788697788695,0.5602973568281938,0.6397631397634597,0,3,3,0.8663082317402004
6bba_474be664,6bba_474be664:205,union,101,union|6bba_474be664:205|101,0,c:63:148:235,c:64:543:213,f:64:71,14.060685158503162,12.267812089412585,0.11396743787489289,0.021541010770505385,0.028634361233480177,0.08,0.3579295154185022,0.6133906044706292,1,3,2,0.8432035507012409
6bba_474be664,6bba_474be664:205,union,102,union|6bba_474be664:205|102,0,c:63:148:235,c:64:543:213,f:64:73,12.69596367955611,12.63796692271169,0.3873179091688089,0.0711954304365565,0.09609030837004405,0.21556516368128475,0.4457599118942731,0.6318983461355845,1,3,2,0.8140257356166233
6bba_474be664,6bba_474be664:205,union,103,union|6bba_474be664:205|103,0,c:63:148:235,c:64:543:213,f:64:671,14.626618109009648,11.990206946644726,0.7577922077922078,0.39933774834437086,0.49807268722466963,0.6682674547469524,0.7453193832599119,0.5995103473322363,1,3,2,0.8695633751830449
6bba_474be664,6bba_474be664:205,union,104,union|6bba_474be664:205|104,0,c:63:148:235,c:64:543:213,f:64:677,15.569946001676806,16.39503783927409,0.3161953727506427,0.0,0.0,0.0,0.42290748898678415,0.8197518919637045,1,3,2,0.8295946162290991
6bba_474be664,6bba_474be664:205,union,105,union|6bba_474be664:205|105,0,c:63:148:235,c:64:545:224,c:64:550:208,11.941262496067994,19.70207793609598,0.47547974413646055,0.0,0.0,0.0,0.8747591522157996,0.9851038968047989,0,3,3,0.874107931289925
6bba_474be664,6bba_474be664:205,union,106,union|6bba_474be664:205|106,0,c:63:148:235,c:64:545:224,c:64:559:253,11.941262496067994,11.375,0.47956989247311826,0.2771560236998025,0.46365638766519823,0.40794573643410853,0.8798449612403101,0.56875,0,3,3,0.8527442949585092
6bba_474be664,6bba_474be664:205,union,107,union|6bba_474be664:205|107,0,c:63:148:235,c:64:545:224,c:64:560:203,11.941262496067994,8.285906709588275,0.9985052316890882,0.3225671140939597,0.42345814977973567,0.575168287210172,0.7362334801762115,0.4142953354794138,0,3,3,0.8742263102161436
6bba_474be664,6bba_474be664:205,union,108,union|6bba_474be664:205|108,0,c:63:148:235,c:64:545:224,c:64:567:679,11.941262496067994,15.243851219426146,0.2219730941704036,0.04503968253968254,0.0625,0.13883792048929663,0.4501651982378855,0.7621925609713073,0,3,3,0.7879787637775709
6bba_474be664,6bba_474be664:205,union,109,union|6bba_474be664:205|109,0,c:63:148:235,c:64:545:224,f:64:671,14.626618109009648,18.557608474876524,0.8688311688311688,0.018938801064329314,0.033314977973568284,0.04204308547602502,0.7924008810572687,0.9278804237438262,1,3,2,0.8569632553984975
6bba_474be664,6bba_474be664:205,union,110,union|6bba_474be664:205|110,0,c:63:148:235,c:64:545:224,f:64:677,15.569946001676806,5.249700468859802,0.2757847533632287,0.2778841550981331,0.31965859030837,0.680140597539543,0.46998898678414097,0.26248502344299013,1,3,2,0.8169944964445519
6bba_474be664,6bba_474be664:205,union,111,union|6bba_474be664:205|111,0,c:63:148:235,c:64:550:208,c:64:558:20,12.795262795269194,13.101168840985142,0.43994314143567875,0.039220989991885315,0.07984581497797356,0.07156959526159921,0.8963474827245804,0.6550584420492571,0,3,3,0.8913985250099845
6bba_474be664,6bba_474be664:205,union,112,union|6bba_474be664:205|112,0,c:63:148:235,c:64:550:208,c:64:559:253,10.900831390311474,15.069630055180518,0.9914712153518124,0.002714146129627619,0.006883259911894273,0.004461099214846539,0.648108493932905,0.7534815027590259,0,3,3,0.8718120074334984
6bba_474be664,6bba_474be664:205,union,113,union|6bba_474be664:205|113,0,c:63:148:235,c:64:550:208,c:64:560:203,10.900831390311474,13.498263777241872,0.47476901208244493,0.019119958093242535,0.040198237885462555,0.03518072289156626,0.8751807228915662,0.6749131888620936,0,3,3,0.8932940226911327
6bba_474be664,6bba_474be664:205,union,114,union|6bba_474be664:205|114,0,c:63:148:235,c:64:550:208,c:64:567:679,10.900831390311474,9.613629647536875,0.10554371002132196,0.1702533842415828,0.27009911894273125,0.3153326904532305,0.8565528634361234,0.48068148237684377,0,3,3,0.8070464762525601
6bba_474be664,6bba_474be664:205,union,115,union|6bba_474be664:205|115,0,c:63:148:235,c:64:550:208,c:64:586:674,15.33021933959198,10.017172754824587,0.30845771144278605,0.34522714732389187,0.516795154185022,0.5097772949483976,0.986420423682781,0.5008586377412294,0,3,3,0.8727758244306422
6bba_474be664,6bba_474be664:205,union,116,union|6bba_474be664:205|116,0,c:63:148:235,c:64:550:208,f:64:73,12.69596367955611,17.566044405113836,0.16062544420753375,0.032789339721515195,0.06029735682819383,0.0670545009185548,0.8992290748898678,0.8783022202556918,1,3,2,0.8204933283070651
6bba_474be664,6bba_474be664:205,union,117,union|6bba_474be664:205|117,0,c:63:148:235,c:64:550:208,f:64:671,14.626618109009648,11.58001616022597,0.5472636815920398,0.2301293900184843,0.41134361233480177,0.3431327514928801,0.8341754708314194,0.5790008080112985,1,3,2,0.8760309678734867
6bba_474be664,6bba_474be664:205,union,118,union|6bba_474be664:205|118,0,c:63:148:235,c:64:558:20,c:64:559:253,12.795262795269194,10.405076885828379,0.4437275985663082,0.031372021004443244,0.06415198237885462,0.05784508440913605,0.9016881827209533,0.520253844291419,0,3,3,0.8700348886785686
6bba_474be664,6bba_474be664:205,union,119,union|6bba_474be664:205|119,0,c:63:148:235,c:64:558:20,c:64:560:203,12.795262795269194,16.57181341917655,0.9266467065868264,0.0,0.0,0.0,0.7087004405286343,0.8285906709588275,0,3,3,0.891516903936203
6bba_474be664,6bba_474be664:205,union,120,union|6bba_474be664:205|120,0,c:63:148:235,c:64:558:20,c:64:567:679,12.795262795269194,8.285906709588275,0.23990306946688206,0.10006387055567384,0.12940528634361234,0.30618892508143325,0.4226321585903084,0.4142953354794138,0,3,3,0.8052693574976303
6bba_474be664,6bba_474be664:205,union,121,union|6bba_474be664:205|121,0,c:63:148:235,c:64:558:20,c:64:586:674,15.33021933959198,8.443747686898277,0.7011308562197092,0.11223105252955999,0.15941629955947137,0.27492877492877493,0.5798458149779736,0.4221873843449139,0,3,3,0.8709987056757124
6bba_474be664,6bba_474be664:205,union,122,union|6bba_474be664:205|122,0,c:63:148:235,c:64:558:20,f:64:71,14.060685158503162,14.272659175055749,0.1074313408723748,0.219648951730863,0.2480726872246696,0.6571845368344275,0.37747797356828194,0.7136329587527874,1,3,2,0.8478940246367528
6bba_474be664,6bba_474be664:205,union,123,union|6bba_474be664:205|123,0,c:63:148:235,c:64:558:20,f:64:73,12.795262795269194,14.404477903019652,0.3651050080775444,0.4060766182298547,0.4231828193832599,0.9094674556213018,0.46530837004405284,0.7202238951509826,1,3,2,0.8187162095521354
6bba_474be664,6bba_474be664:205,union,124,union|6bba_474be664:205|124,0,c:63:148:235,c:64:558:20,f:64:671,14.626618109009648,10.080997846179022,0.8038961038961039,0.13110993470972296,0.2045704845814978,0.26745860331173504,0.7648678414096917,0.5040498923089511,1,3,2,0.8742538491185569
6bba_474be664,6bba_474be664:205,union,125,union|6bba_474be664:205|125,0,c:63:148:235,c:64:559:253,c:64:560:203,10.531203634912773,8.75089281159357,0.47885304659498207,0.294510261972301,0.48595814977973567,0.4277750848279205,0.8802714493456132,0.43754464057967846,0,3,3,0.871930386359717
6bba_474be664,6bba_474be664:205,union,126,union|6bba_474be664:205|126,0,c:63:148:235,c:64:559:253,c:64:567:679,10.017172754824587,6.700046641628698,0.1064516129032258,0.16629057455302898,0.26376651982378857,0.3103336572724328,0.8499449339207048,0.33500233208143493,0,3,3,0.7856828399211443
6bba_474be664,6bba_474be664:205,union,127,union|6bba_474be664:205|127,0,c:63:148:235,c:64:559:253,c:64:586:674,15.33021933959198,12.795262795269194,0.3111111111111111,0.00997506234413965,0.019823788546255508,0.019682886823400764,0.9928922908693275,0.6397631397634597,0,3,3,0.8514121880992264
6bba_474be664,6bba_474be664:205,union,128,union|6bba_474be664:205|128,0,c:63:148:235,c:64:559:253,f:64:71,14.060685158503162,16.280012427100633,0.04767025089605735,0.008461538461538461,0.0151431718061674,0.01881628463906945,0.8047907488986784,0.8140006213550317,1,3,2,0.8283075070602668
6bba_474be664,6bba_474be664:205,union,129,union|6bba_474be664:205|129,0,c:63:148:235,c:64:559:253,f:64:73,12.69596367955611,18.313971707673524,0.16200716845878135,0.0013109978150036416,0.0024779735682819385,0.0027760641579272056,0.8926211453744494,0.9156985853836762,1,3,2,0.7991296919756493
6bba_474be664,6bba_474be664:205,union,130,union|6bba_474be664:205|130,0,c:63:148:235,c:64:559:253,f:64:671,14.626618109009648,10.013201043197142,0.5519713261648745,0.2052679382379655,0.3733480176211454,0.31316397228637416,0.8387990762124712,0.5006600521598571,1,3,2,0.8546673315420709
6bba_474be664,6bba_474be664:205,union,131,union|6bba_474be664:205|131,0,c:63:148:235,c:64:559:253,f:64:677,15.569946001676806,13.410272058366806,0.13225806451612904,0.1331553479058902,0.21971365638766518,0.2526115859449193,0.8697687224669604,0.6705136029183403,1,3,2,0.8146985725881252
6bba_474be664,6bba_474be664:205,union,132,union|6bba_474be664:205|132,0,c:63:148:235,c:64:560:203,c:64:567:679,10.531203634912773,8.900491559458949,0.22230538922155688,0.10982293423271501,0.14344713656387664,0.3190447030006124,0.4496145374449339,0.4450245779729475,0,3,3,0.8071648551787787
6bba_474be664,6bba_474be664:205,union,133,union|6bba_474be664:205|133,0,c:63:148:235,c:64:560:203,c:64:586:674,15.33021933959198,14.804454566109486,0.6497005988023952,0.008118846087407152,0.012940528634361233,0.02132486388384755,0.6068281938325991,0.7402227283054743,0,3,3,0.8728942033568607
6bba_474be664,6bba_474be664:205,union,134,union|6bba_474be664:205|134,0,c:63:148:235,c:64:560:203,f:64:671,14.626618109009648,11.324548084930935,0.8675324675324675,0.16318141197497765,0.25137665198237885,0.3174547983310153,0.7918502202643172,0.5662274042465467,1,3,2,0.8761493467997052
6bba_474be664,6bba_474be664:205,union,135,union|6bba_474be664:205|135,0,c:63:148:235,c:64:560:203,f:64:677,15.569946001676806,7.836555047948167,0.27619760479041916,0.18520986009327114,0.22962555066079296,0.48914956011730204,0.46943832599118945,0.39182775239740836,1,3,2,0.8361805878457594
6bba_474be664,6bba_474be664:205,union,136,union|6bba_474be664:205|136,0,c:63:148:235,c:64:567:679,c:64:586:674,15.33021933959198,6.700046641628698,0.3421658986175115,0.12552792116377287,0.14730176211453744,0.4592274678111588,0.3207599118942731,0.33500233208143493,0,3,3,0.7866466569182881
6bba_474be664,6bba_474be664:205,union,137,union|6bba_474be664:205|137,0,c:63:148:235,c:64:567:679,f:64:71,14.060685158503162,18.835086717523396,0.4478114478114478,0.0037064492216456633,0.004129955947136564,0.03488372093023256,0.1183920704845815,0.9417543358761697,1,3,2,0.7635419758793285
6bba_474be664,6bba_474be664:205,union,138,union|6bba_474be664:205|138,0,c:63:148:235,c:64:567:679,f:64:73,12.69596367955611,18.496169328869417,0.6570796460176991,0.026957337083919362,0.03166299559471366,0.15353805073431243,0.20622246696035243,0.9248084664434708,1,3,2,0.7343641607947111
6bba_474be664,6bba_474be664:205,union,139,union|6bba_474be664:205|139,0,c:63:148:235,c:64:567:679,f:64:671,14.626618109009648,4.670873187401151,0.19285714285714287,0.43845344555497107,0.4589757709251101,0.9074578116494284,0.5057819383259912,0.23354365937005755,1,3,2,0.7899018003611324
6bba_474be664,6bba_474be664:205,union,140,union|6bba_474be664:205|140,0,c:63:148:235,c:64:567:679,f:64:677,15.569946001676806,16.223805926029932,0.8048780487804879,0.0,0.0,0.0,0.18337004405286345,0.8111902963014966,1,3,2,0.7499330414071869
6bba_474be664,6bba_474be664:205,union,141,union|6bba_474be664:205|141,0,c:63:148:235,c:64:586:674,f:64:671,15.33021933959198,4.717900953716774,0.5636363636363636,0.3156175125245045,0.39895374449339205,0.6017441860465116,0.6629955947136564,0.23589504768583872,1,3,2,0.8556311485392146
6bba_474be664,6bba_474be664:205,union,142,union|6bba_474be664:205|142,0,c:63:148:235,f:64:71,f:64:73,14.060685158503162,7.384151845525015,0.2942477876106195,0.1030604237509809,0.10848017621145374,0.6735042735042736,0.16106828193832598,0.3692075922762507,2,3,1,0.7769888279338334
6bba_474be664,6bba_474be664:205,union,143,union|6bba_474be664:205|143,0,c:63:148:235,f:64:671,f:64:677,15.569946001676806,18.42659655636915,0.2396103896103896,0.00018050541516245486,0.00027533039647577095,0.0005238344683080147,0.5256057268722467,0.9213298278184576,2,3,1,0.8189175330281134
6bba_5c039895,6bba_5c039895:121,pil_only,0,pil_only|6bba_5c039895:121|0,0,p:10:97,p:11:191,p:11:204,14.351611407782752,10.65583760199075,,,,,,0.5327918800995375,0,0,0,
6bba_5c039895,6bba_5c039895:121,pil_only,1,pil_only|6bba_5c039895:121|1,0,p:10:97,p:11:191,p:11:213,14.351611407782752,16.331047884321446,,,,,,0.8165523942160723,0,0,0,
6bba_5c039895,6bba_5c039895:121,pil_only,2,pil_only|6bba_5c039895:121|2,0,p:10:97,p:11:197,p:11:204,13.595725431178728,14.625,,,,,,0.73125,0,0,0,
6bba_5c039895,6bba_5c039895:121,pil_only,3,pil_only|6bba_5c039895:121|3,0,p:10:97,p:11:197,p:11:205,13.595725431178728,11.490485194281398,,,,,,0.5745242597140698,0,0,0,
6bba_5c039895,6bba_5c039895:121,pil_only,4,pil_only|6bba_5c039895:121|4,0,p:10:97,p:11:197,p:11:213,13.595725431178728,16.65129499468435,,,,,,0.8325647497342175,0,0,0,
6bba_5c039895,6bba_5c039895:121,pil_only,5,pil_only|6bba_5c039895:121|5,0,p:10:97,p:11:197,p:11:216,13.595725431178728,10.900831390311474,,,,,,0.5450415695155737,0,0,0,
6bba_5c039895,6bba_5c039895:121,pil_only,6,pil_only|6bba_5c039895:121|6,0,p:10:97,p:11:204,p:11:205,10.779030568655049,13.884006086140989,,,,,,0.6942003043070495,0,0,0,
6bba_5c039895,6bba_5c039895:121,pil_only,7,pil_only|6bba_5c039895:121|7,1,p:10:97,p:11:204,p:11:213,5.3895152843275245,9.475296829123613,,,,,,0.47376484145618064,0,0,0,
6bba_5c039895,6bba_5c039895:121,pil_only,8,pil_only|6bba_5c039895:121|8,0,p:10:97,p:11:204,p:11:216,13.498263777241872,17.50178562318714,,,,,,0.8750892811593569,0,0,0,
6bba_5c039895,6bba_5c039895:121,pil_only,9,pil_only|6bba_5c039895:121|9,0,p:10:97,p:11:205,p:11:213,10.779030568655049,9.613629647536875,,,,,,0.48068148237684377,0,0,0,
6bba_5c039895,6bba_5c039895:121,pil_only,10,pil_only|6bba_5c039895:121|10,0,p:10:97,p:11:205,p:11:216,13.498263777241872,8.75089281159357,,,,,,0.43754464057967846,0,0,0,
6bba_5c039895,6bba_5c039895:121,pil_only,11,pil_only|6bba_5c039895:121|11,0,p:10:97,p:11:213,p:11:216,13.498263777241872,13.201562407533435,,,,,,0.6600781203766718,0,0,0,
6bba_5c039895,6bba_5c039895:680,pil_only,0,pil_only|6bba_5c039895:680|0,0,p:58:285,p:59:364,p:59:369,15.754959536603069,10.531203634912773,,,,,,0.5265601817456387,0,0,0,
6bba_5c039895,6bba_5c039895:680,pil_only,1,pil_only|6bba_5c039895:680|1,0,p:58:285,p:59:364,p:59:375,10.017172754824587,14.16642156650719,,,,,,0.7083210783253595,0,0,0,
6bba_5c039895,6bba_5c039895:680,pil_only,2,pil_only|6bba_5c039895:680|2,0,p:58:285,p:59:364,p:59:385,10.017172754824587,11.604821196382131,,,,,,0.5802410598191066,0,0,0,
6bba_5c039895,6bba_5c039895:680,pil_only,3,pil_only|6bba_5c039895:680|3,0,p:58:285,p:59:369,p:59:375,15.754959536603069,16.411695524838375,,,,,,0.8205847762419187,0,0,0,
6bba_5c039895,6bba_5c039895:680,pil_only,4,pil_only|6bba_5c039895:680|4,0,p:58:285,p:59:369,p:59:385,15.754959536603069,18.740414216340042,,,,,,0.9370207108170021,0,0,0,
6bba_5c039895,6bba_5c039895:680,pil_only,5,pil_only|6bba_5c039895:680|5,1,p:58:285,p:59:375,p:59:385,6.894291116568838,12.481861840286488,,,,,,0.6240930920143244,0,0,0,
6bba_5c039895,6bba_5c039895:680,pil_only,6,pil_only|6bba_5c039895:680|6,0,p:58:285,p:59:375,p:59:394,13.595725431178728,12.795262795269194,,,,,,0.6397631397634597,0,0,0,
6bba_5c039895,6bba_5c039895:680,pil_only,7,pil_only|6bba_5c039895:680|7,0,p:58:285,p:59:385,p:59:394,13.595725431178728,14.625,,,,,,0.73125,0,0,0,
6bba_5c039895,6bba_5c039895:121,union,0,union|6bba_5c039895:121|0,0,c:10:97:80,c:11:191:83,c:11:204:85,14.351611407782752,10.65583760199075,0.8672334859385219,0.13169056756210867,0.23726346433770015,0.22837127845884414,0.9625218914185639,0.5327918800995375,0,3,3,0.8402083859886585
6bba_5c039895,6bba_5c039895:121,union,1,union|6bba_5c039895:121|1,0,c:10:97:80,c:11:191:83,c:11:213:86,14.351611407782752,16.331047884321446,0.9461633663366337,0.011500171644352901,0.02438136826783115,0.021303656597774244,0.8737678855325914,0.8165523942160723,0,3,3,0.8154633876194831
6bba_5c039895,6bba_5c039895:121,union,2,union|6bba_5c039895:121|2,0,c:10:97:80,c:11:197:76,c:11:204:85,13.595725431178728,14.625,0.41334164588528677,0.047016534867002156,0.11899563318777293,0.07212174680194089,0.6060873400970446,0.73125,0,3,3,0.8685032583598834
6bba_5c039895,6bba_5c039895:121,union,3,union|6bba_5c039895:121|3,0,c:10:97:80,c:11:197:76,c:11:205:80,13.595725431178728,11.490485194281398,0.7409600997506235,0.1222895622895623,0.3304221251819505,0.16257833482542525,0.4920322291853178,0.5745242597140698,0,3,3,0.8948423387317099
6bba_5c039895,6bba_5c039895:121,union,4,union|6bba_5c039895:121|4,0,c:10:97:80,c:11:197:76,c:11:213:86,13.595725431178728,16.65129499468435,0.5037406483790524,0.010812975570684821,0.02947598253275109,0.016791044776119403,0.5696517412935324,0.8325647497342175,0,3,3,0.843758259990708
6bba_5c039895,6bba_5c039895:121,union,5,union|6bba_5c039895:121|5,0,c:10:97:80,c:11:197:76,c:11:216:82,13.595725431178728,10.900831390311474,0.9656833232992174,0.19055562684460414,0.5403930131004366,0.22741194486983154,0.4208269525267994,0.5450415695155737,0,3,3,0.8917372329075385
6bba_5c039895,6bba_5c039895:121,union,6,union|6bba_5c039895:121|6,0,c:10:97:80,c:11:204:85,c:11:205:80,10.779030568655049,13.884006086140989,0.5578460244005048,0.0277202485263661,0.06331877729257641,0.0469889278963003,0.7421009991898461,0.6942003043070495,0,3,3,0.8648071909884729
6bba_5c039895,6bba_5c039895:121,union,7,union|6bba_5c039895:121|7,1,c:10:97:80,c:11:204:85,c:11:213:86,5.3895152843275245,9.475296829123613,0.8205445544554455,0.16813795935126258,0.2980349344978166,0.27838205302515295,0.9340584636301835,0.47376484145618064,0,3,3,0.813723112247471
6bba_5c039895,6bba_5c039895:121,union,8,union|6bba_5c039895:121|8,0,c:10:97:80,c:11:204:85,c:11:216:82,13.498263777241872,17.50178562318714,0.399157134256472,0.0,0.0,0.0,0.5912220309810671,0.8750892811593569,0,3,3,0.8617020851643015
6bba_5c039895,6bba_5c039895:121,union,9,union|6bba_5c039895:121|9,0,c:10:97:80,c:11:205:80,c:11:213:86,10.779030568655049,9.613629647536875,0.6798485485906605,0.20698299015219337,0.42066957787481807,0.2895066366140746,0.6882043576258452,0.48068148237684377,0,3,3,0.8400621926192974
6bba_5c039895,6bba_5c039895:121,union,10,union|6bba_5c039895:121|10,0,c:10:97:80,c:11:205:80,c:11:216:82,13.498263777241872,8.75089281159357,0.7155328115593016,0.3600064401867654,0.8136826783114993,0.39234953500614145,0.48218985786980173,0.43754464057967846,0,3,3,0.8880411655361279
6bba_5c039895,6bba_5c039895:121,union,11,union|6bba_5c039895:121|11,0,c:10:97:80,c:11:213:86,c:11:216:82,13.498263777241872,13.201562407533435,0.4864539434075858,0.04443538524256013,0.11899563318777293,0.06622114216281895,0.5565006075334143,0.6600781203766718,0,3,3,0.836957086795126
6bba_5c039895,6bba_5c039895:680,union,0,union|6bba_5c039895:680|0,0,c:58:285:99,c:59:364:95,p:59:369,15.754959536603069,10.531203634912773,,,,,,0.5265601817456387,0,2,2,0.9027294443374669
6bba_5c039895,6bba_5c039895:680,union,1,union|6bba_5c039895:680|1,0,c:58:285:99,c:59:364:95,c:59:375:78,10.017172754824587,14.16642156650719,0.4468263976460698,0.05223463687150838,0.0913978494623656,0.10865775711795468,0.8411534701857283,0.7083210783253595,0,3,3,0.9098410173684787
6bba_5c039895,6bba_5c039895:680,union,2,union|6bba_5c039895:680|2,0,c:58:285:99,c:59:364:95,c:59:385:97,10.017172754824587,11.604821196382131,0.58932324506095,0.2367263587810242,0.3682795698924731,0.39857180640042317,0.9239980449657869,0.5802410598191066,0,3,3,0.8848965697397334
6bba_5c039895,6bba_5c039895:680,union,3,union|6bba_5c039895:680|3,0,c:58:285:99,p:59:369,c:59:375:78,15.754959536603069,16.411695524838375,,,,,,0.8205847762419187,0,2,2,0.9042749839026466
6bba_5c039895,6bba_5c039895:680,union,4,union|6bba_5c039895:680|4,0,c:58:285:99,p:59:369,c:59:385:97,15.754959536603069,18.740414216340042,,,,,,0.9370207108170021,0,2,2,0.8668583124595286
6bba_5c039895,6bba_5c039895:680,union,5,union|6bba_5c039895:680|5,1,c:58:285:99,c:59:375:78,c:59:385:97,6.894291116568838,12.481861840286488,0.7582025677603423,0.08040863404185203,0.11925708699902249,0.19797160243407708,0.602394916911046,0.6240930920143244,0,3,3,0.8859269294498531
6bba_5c039895,6bba_5c039895:680,union,6,union|6bba_5c039895:680|6,0,c:58:285:99,c:59:375:78,c:59:394:69,13.595725431178728,12.795262795269194,0.15432636469221836,0.20177626983334995,0.4941348973607038,0.25430763425984154,0.5146522450006289,0.6397631397634597,0,3,3,0.8913504552330952
6bba_5c039895,6bba_5c039895:680,union,7,union|6bba_5c039895:680|7,0,c:58:285:99,c:59:385:97,c:59:394:69,13.595725431178728,14.625,0.2035423925667828,0.09246514910887595,0.2561094819159335,0.1264173703256936,0.49360675512665864,0.73125,0,3,3,0.8664060076043499
6bba_705ec2c9,6bba_705ec2c9:250,pil_only,0,pil_only|6bba_705ec2c9:250|0,0,p:42:53,p:43:135,p:43:143,11.941262496067994,14.625,,,,,,0.73125,0,0,0,
6bba_705ec2c9,6bba_705ec2c9:250,pil_only,1,pil_only|6bba_705ec2c9:250|1,0,p:42:53,p:43:135,p:43:145,11.941262496067994,15.069630055180518,,,,,,0.7534815027590259,0,0,0,
6bba_705ec2c9,6bba_705ec2c9:250,pil_only,2,pil_only|6bba_705ec2c9:250|2,0,p:42:53,p:43:135,p:43:146,11.941262496067994,17.875,,,,,,0.89375,0,0,0,
6bba_705ec2c9,6bba_705ec2c9:250,pil_only,3,pil_only|6bba_705ec2c9:250|3,0,p:42:53,p:43:143,p:43:145,7.44668550430324,12.481861840286488,,,,,,0.6240930920143244,0,0,0,
6bba_705ec2c9,6bba_705ec2c9:250,pil_only,4,pil_only|6bba_705ec2c9:250|4,0,p:42:53,p:43:143,p:43:146,7.44668550430324,5.138701197773616,,,,,,0.2569350598886808,0,0,0,
6bba_705ec2c9,6bba_705ec2c9:250,pil_only,5,pil_only|6bba_705ec2c9:250|5,1,p:42:53,p:43:145,p:43:146,7.44668550430324,11.375,,,,,,0.56875,0,0,0,
6bba_705ec2c9,6bba_705ec2c9:250,union,0,union|6bba_705ec2c9:250|0,0,c:42:53:62,p:43:135,c:43:143:92,11.941262496067994,14.625,,,,,,0.73125,0,2,2,0.8554028885649326
6bba_705ec2c9,6bba_705ec2c9:250,union,1,union|6bba_705ec2c9:250|1,0,c:42:53:62,p:43:135,c:43:145:68,11.941262496067994,15.069630055180518,,,,,,0.7534815027590259,0,2,2,0.8726700904353509
6bba_705ec2c9,6bba_705ec2c9:250,union,2,union|6bba_705ec2c9:250|2,0,c:42:53:62,p:43:135,p:43:146,11.941262496067994,17.875,,,,,,0.89375,0,1,1,0.8757078250296241
6bba_705ec2c9,6bba_705ec2c9:250,union,3,union|6bba_705ec2c9:250|3,0,c:42:53:62,p:43:135,f:43:73,11.941262496067994,7.305676772652544,,,,,,0.3652838386326272,1,2,1,0.8337376485939658
6bba_705ec2c9,6bba_705ec2c9:250,union,4,union|6bba_705ec2c9:250|4,0,c:42:53:62,c:43:143:92,c:43:145:68,7.44668550430324,12.481861840286488,0.8349466368826012,0.10419328609594611,0.4245149077141505,0.1213309887731638,0.28581090220478833,0.6240930920143244,0,3,3,0.8601460443236477
6bba_705ec2c9,6bba_705ec2c9:250,union,5,union|6bba_705ec2c9:250|5,0,c:42:53:62,c:43:143:92,p:43:146,7.44668550430324,5.138701197773616,,,,,,0.2569350598886808,0,2,2,0.8554028885649326
6bba_705ec2c9,6bba_705ec2c9:250,union,6,union|6bba_705ec2c9:250|6,0,c:42:53:62,c:43:143:92,f:43:73,8.15387180440498,13.95522283191996,0.2734839476813318,0.040500975927130776,0.11784193090392807,0.05812324929971989,0.4932306255835668,0.697761141595998,1,3,2,0.8341910830960576
6bba_705ec2c9,6bba_705ec2c9:250,union,7,union|6bba_705ec2c9:250|7,0,c:42:53:62,c:43:143:92,f:43:91,11.804044636375943,13.249448939688904,0.4224137931034483,0.2698821796759941,0.69380028395646,0.30637408568443053,0.44158829676071054,0.6624724469844452,1,3,2,0.8467479547554682
6bba_705ec2c9,6bba_705ec2c9:250,union,8,union|6bba_705ec2c9:250|8,1,c:42:53:62,c:43:145:68,p:43:146,7.44668550430324,11.375,,,,,,0.56875,0,2,2,0.8726700904353509
6bba_705ec2c9,6bba_705ec2c9:250,union,9,union|6bba_705ec2c9:250|9,0,c:42:53:62,c:43:145:68,f:43:73,8.15387180440498,10.372925018169264,0.22834450235790518,0.3962040332147094,0.9484145764316139,0.4049302889472621,0.4269549403919984,0.5186462509084632,1,3,2,0.8457025510096697
6bba_705ec2c9,6bba_705ec2c9:250,union,10,union|6bba_705ec2c9:250|10,0,c:42:53:62,c:43:145:68,f:43:91,11.804044636375943,13.233485445842486,0.352692975924547,0.14625644134586238,0.4566966398485566,0.17706422018348625,0.38770642201834865,0.6616742722921243,1,3,2,0.8582594226690804
6bba_705ec2c9,6bba_705ec2c9:250,union,11,union|6bba_705ec2c9:250|11,0,c:42:53:62,p:43:146,f:43:73,8.15387180440498,15.063938752608644,,,,,,0.7531969376304322,1,2,1,0.8337376485939658
6bba_705ec2c9,6bba_705ec2c9:250,union,12,union|6bba_705ec2c9:250|12,0,c:42:53:62,p:43:146,f:43:91,11.804044636375943,8.263406596842117,,,,,,0.41317032984210583,1,2,1,0.8525729560830816
6bba_705ec2c9,6bba_705ec2c9:250,union,13,union|6bba_705ec2c9:250|13,0,c:42:53:62,f:43:73,f:43:91,11.804044636375943,17.97174533786916,0.6474313863476425,0.0625,0.12399432087079981,0.11191798376762067,0.9026057240495515,0.8985872668934579,2,3,1,0.8323044614414902
6bba_7af54fde,6bba_7af54fde:556,pil_only,0,pil_only|6bba_7af54fde:556|0,0,p:52:65,p:53:145,p:53:148,14.259317129512198,17.577062467886947,,,,,,0.8788531233943473,0,0,0,
6bba_7af54fde,6bba_7af54fde:556,pil_only,1,pil_only|6bba_7af54fde:556|1,1,p:52:65,p:53:145,p:53:164,12.795262795269194,14.259317129512198,,,,,,0.7129658564756098,0,0,0,
6bba_7af54fde,6bba_7af54fde:556,pil_only,2,pil_only|6bba_7af54fde:556|2,0,p:52:65,p:53:145,p:53:175,12.795262795269194,18.598975106171846,,,,,,0.9299487553085923,0,0,0,
6bba_7af54fde,6bba_7af54fde:556,pil_only,3,pil_only|6bba_7af54fde:556|3,0,p:52:65,p:53:148,p:53:164,14.259317129512198,15.243851219426146,,,,,,0.7621925609713073,0,0,0,
6bba_7af54fde,6bba_7af54fde:556,pil_only,4,pil_only|6bba_7af54fde:556|4,0,p:52:65,p:53:164,p:53:175,12.691655723348314,11.941262496067994,,,,,,0.5970631248033997,0,0,0,
6bba_7af54fde,6bba_7af54fde:556,pil_only,5,pil_only|6bba_7af54fde:556|5,0,p:52:65,p:53:164,p:53:176,13.201562407533435,12.481861840286488,,,,,,0.6240930920143244,0,0,0,
6bba_7af54fde,6bba_7af54fde:556,pil_only,6,pil_only|6bba_7af54fde:556|6,0,p:52:65,p:53:164,p:53:180,13.788582233137676,12.691655723348314,,,,,,0.6345827861674157,0,0,0,
6bba_7af54fde,6bba_7af54fde:556,pil_only,7,pil_only|6bba_7af54fde:556|7,0,p:52:65,p:53:164,p:53:187,14.981759743100941,13.788582233137676,,,,,,0.6894291116568838,0,0,0,
6bba_7af54fde,6bba_7af54fde:556,pil_only,8,pil_only|6bba_7af54fde:556|8,0,p:52:65,p:53:164,p:53:189,12.795262795269194,11.375,,,,,,0.56875,0,0,0,
6bba_7af54fde,6bba_7af54fde:556,pil_only,9,pil_only|6bba_7af54fde:556|9,0,p:52:65,p:53:175,p:53:176,13.201562407533435,13.101168840985142,,,,,,0.6550584420492571,0,0,0,
6bba_7af54fde,6bba_7af54fde:556,pil_only,10,pil_only|6bba_7af54fde:556|10,0,p:52:65,p:53:175,p:53:180,13.788582233137676,11.375,,,,,,0.56875,0,0,0,
6bba_7af54fde,6bba_7af54fde:556,pil_only,11,pil_only|6bba_7af54fde:556|11,0,p:52:65,p:53:175,p:53:187,14.981759743100941,18.240579760522966,,,,,,0.9120289880261483,0,0,0,
6bba_7af54fde,6bba_7af54fde:556,pil_only,12,pil_only|6bba_7af54fde:556|12,0,p:52:65,p:53:175,p:53:189,12.795262795269194,16.965498076979642,,,,,,0.8482749038489821,0,0,0,
6bba_7af54fde,6bba_7af54fde:556,pil_only,13,pil_only|6bba_7af54fde:556|13,0,p:52:65,p:53:176,p:53:180,13.788582233137676,3.9804208320226646,,,,,,0.19902104160113324,0,0,0,
6bba_7af54fde,6bba_7af54fde:556,pil_only,14,pil_only|6bba_7af54fde:556|14,0,p:52:65,p:53:176,p:53:189,13.201562407533435,17.04314378276496,,,,,,0.852157189138248,0,0,0,
6bba_7af54fde,6bba_7af54fde:556,pil_only,15,pil_only|6bba_7af54fde:556|15,0,p:52:65,p:53:180,p:53:187,14.981759743100941,19.56759119053748,,,,,,0.978379559526874,0,0,0,
6bba_7af54fde,6bba_7af54fde:556,pil_only,16,pil_only|6bba_7af54fde:556|16,0,p:52:65,p:53:180,p:53:189,13.788582233137676,15.069630055180518,,,,,,0.7534815027590259,0,0,0,
6bba_7af54fde,6bba_7af54fde:556,pil_only,17,pil_only|6bba_7af54fde:556|17,0,p:52:65,p:53:187,p:53:189,14.981759743100941,5.859020822628983,,,,,,0.29295104113144915,0,0,0,
6bba_7af54fde,6bba_7af54fde:590,pil_only,0,pil_only|6bba_7af54fde:590|0,0,p:55:248,p:56:329,p:56:341,14.072912811497128,18.022121822915302,,,,,,0.9011060911457651,0,0,0,
6bba_7af54fde,6bba_7af54fde:590,pil_only,1,pil_only|6bba_7af54fde:590|1,0,p:55:248,p:56:329,p:56:342,14.072912811497128,14.351611407782752,,,,,,0.7175805703891376,0,0,0,
6bba_7af54fde,6bba_7af54fde:590,pil_only,2,pil_only|6bba_7af54fde:590|2,0,p:55:248,p:56:329,p:56:344,14.072912811497128,15.069630055180518,,,,,,0.7534815027590259,0,0,0,
6bba_7af54fde,6bba_7af54fde:590,pil_only,3,pil_only|6bba_7af54fde:590|3,0,p:55:248,p:56:329,p:56:349,14.072912811497128,18.598975106171846,,,,,,0.9299487553085923,0,0,0,
6bba_7af54fde,6bba_7af54fde:590,pil_only,4,pil_only|6bba_7af54fde:590|4,1,p:55:248,p:56:341,p:56:342,10.277402395547233,11.830178570080843,,,,,,0.5915089285040421,0,0,0,
6bba_7af54fde,6bba_7af54fde:590,pil_only,5,pil_only|6bba_7af54fde:590|5,0,p:55:248,p:56:341,p:56:344,10.277402395547233,11.375,,,,,,0.56875,0,0,0,
6bba_7af54fde,6bba_7af54fde:590,pil_only,6,pil_only|6bba_7af54fde:590|6,0,p:55:248,p:56:341,p:56:349,11.258330249197702,12.160386507015309,,,,,,0.6080193253507654,0,0,0,
6bba_7af54fde,6bba_7af54fde:590,pil_only,7,pil_only|6bba_7af54fde:590|7,0,p:55:248,p:56:341,p:56:355,14.072912811497128,14.804454566109486,,,,,,0.7402227283054743,0,0,0,
6bba_7af54fde,6bba_7af54fde:590,pil_only,8,pil_only|6bba_7af54fde:590|8,0,p:55:248,p:56:342,p:56:344,8.75089281159357,9.75,,,,,,0.4875,0,0,0,
6bba_7af54fde,6bba_7af54fde:590,pil_only,9,pil_only|6bba_7af54fde:590|9,0,p:55:248,p:56:342,p:56:349,11.258330249197702,12.268480957314969,,,,,,0.6134240478657484,0,0,0,
6bba_7af54fde,6bba_7af54fde:590,pil_only,10,pil_only|6bba_7af54fde:590|10,0,p:55:248,p:56:342,p:56:352,12.481861840286488,11.490485194281398,,,,,,0.5745242597140698,0,0,0,
6bba_7af54fde,6bba_7af54fde:590,pil_only,11,pil_only|6bba_7af54fde:590|11,0,p:55:248,p:56:342,p:56:355,14.072912811497128,14.351611407782752,,,,,,0.7175805703891376,0,0,0,
6bba_7af54fde,6bba_7af54fde:590,pil_only,12,pil_only|6bba_7af54fde:590|12,0,p:55:248,p:56:344,p:56:349,11.258330249197702,3.6336104634371584,,,,,,0.18168052317185793,0,0,0,
6bba_7af54fde,6bba_7af54fde:590,pil_only,13,pil_only|6bba_7af54fde:590|13,0,p:55:248,p:56:344,p:56:352,12.481861840286488,13.978778558944269,,,,,,0.6989389279472135,0,0,0,
6bba_7af54fde,6bba_7af54fde:590,pil_only,14,pil_only|6bba_7af54fde:590|14,0,p:55:248,p:56:344,p:56:355,14.072912811497128,17.04314378276496,,,,,,0.852157189138248,0,0,0,
6bba_7af54fde,6bba_7af54fde:590,pil_only,15,pil_only|6bba_7af54fde:590|15,0,p:55:248,p:56:349,p:56:352,12.481861840286488,14.804454566109486,,,,,,0.7402227283054743,0,0,0,
6bba_7af54fde,6bba_7af54fde:590,pil_only,16,pil_only|6bba_7af54fde:590|16,0,p:55:248,p:56:349,p:56:355,14.072912811497128,16.168545852982575,,,,,,0.8084272926491287,0,0,0,
6bba_7af54fde,6bba_7af54fde:590,pil_only,17,pil_only|6bba_7af54fde:590|17,0,p:55:248,p:56:352,p:56:355,14.072912811497128,16.57181341917655,,,,,,0.8285906709588275,0,0,0,
6bba_7af54fde,6bba_7af54fde:556,union,0,union|6bba_7af54fde:556|0,0,c:52:65:75,c:53:145:75,c:53:148:73,14.259317129512198,17.577062467886947,0.6593269630245119,0.07334624965402713,0.21804717498628634,0.09952428642964446,0.45643465197796695,0.8788531233943473,0,3,3,0.863513542359675
6bba_7af54fde,6bba_7af54fde:556,union,1,union|6bba_7af54fde:556|1,1,c:52:65:75,c:53:145:75,c:53:164:72,12.795262795269194,14.259317129512198,0.7454203851573509,0.32559530932152686,0.7462973121228744,0.3661194833153929,0.49058127018299247,0.7129658564756098,0,3,3,0.8656068566048166
6bba_7af54fde,6bba_7af54fde:556,union,2,union|6bba_7af54fde:556|2,0,c:52:65:75,c:53:145:75,c:53:175:63,12.795262795269194,18.598975106171846,0.6751754945756222,0.1909241265247054,0.5065825562260011,0.23453968253968255,0.462984126984127,0.9299487553085923,0,3,3,0.8516808758912281
6bba_7af54fde,6bba_7af54fde:556,union,3,union|6bba_7af54fde:556|3,0,c:52:65:75,c:53:148:73,c:53:164:72,14.259317129512198,15.243851219426146,0.8845035313668467,0.1545025417574437,0.46681294569391113,0.18761022927689594,0.4018959435626102,0.7621925609713073,0,3,3,0.8719750907917659
6bba_7af54fde,6bba_7af54fde:556,union,4,union|6bba_7af54fde:556|4,0,c:52:65:75,c:53:164:72,c:53:175:63,12.691655723348314,11.941262496067994,0.9057647309083173,0.25397930760047754,0.7002194185408667,0.28496483982587345,0.40696506306507424,0.5970631248033997,0,3,3,0.860142424323319
6bba_7af54fde,6bba_7af54fde:556,union,5,union|6bba_7af54fde:556|5,0,c:52:65:75,c:53:164:72,c:53:176:65,13.201562407533435,12.481861840286488,0.847363184079602,0.2078662182361734,0.6102578167855184,0.23968544651513518,0.392760960896262,0.6240930920143244,0,3,3,0.8508775497947957
6bba_7af54fde,6bba_7af54fde:556,union,6,union|6bba_7af54fde:556|6,0,c:52:65:75,c:53:164:72,p:53:180,13.788582233137676,12.691655723348314,,,,,,0.6345827861674157,0,2,2,0.8691473116517312
6bba_7af54fde,6bba_7af54fde:556,union,7,union|6bba_7af54fde:556|7,0,c:52:65:75,c:53:164:72,c:53:187:71,14.981759743100941,13.788582233137676,0.3088304368248004,0.17141041931385007,0.36999451453647836,0.2420599318141037,0.6542257312040194,0.6894291116568838,0,3,3,0.7923754292221822
6bba_7af54fde,6bba_7af54fde:556,union,8,union|6bba_7af54fde:556|8,0,c:52:65:75,c:53:164:72,c:53:189:64,12.795262795269194,11.375,0.1533583842179427,0.33912363067292645,0.5943499725726824,0.44125432702097334,0.7424149867644064,0.56875,0,3,3,0.7168374262333623
6bba_7af54fde,6bba_7af54fde:556,union,9,union|6bba_7af54fde:556|9,0,c:52:65:75,c:53:175:63,c:53:176:65,13.201562407533435,13.101168840985142,0.9355223880597014,0.13668820129207754,0.4410312671420735,0.16533004318322023,0.37487147851120706,0.6550584420492571,0,3,3,0.8369515690812074
6bba_7af54fde,6bba_7af54fde:556,union,10,union|6bba_7af54fde:556|10,0,c:52:65:75,c:53:175:63,p:53:180,13.788582233137676,11.375,,,,,,0.56875,0,2,2,0.8482583405813484
6bba_7af54fde,6bba_7af54fde:556,union,11,union|6bba_7af54fde:556|11,0,c:52:65:75,c:53:175:63,c:53:187:71,14.981759743100941,18.240579760522966,0.27972771750691344,0.10904499540863177,0.2605595172792101,0.1579122340425532,0.6060505319148937,0.9120289880261483,0,3,3,0.7784494485085937
6bba_7af54fde,6bba_7af54fde:556,union,12,union|6bba_7af54fde:556|12,0,c:52:65:75,c:53:175:63,c:53:189:64,12.795262795269194,16.965498076979642,0.1389066156136992,0.13378684807256236,0.29127811300054857,0.19835636906985432,0.6809861785580874,0.8482749038489821,0,3,3,0.7029114455197738
6bba_7af54fde,6bba_7af54fde:556,union,13,union|6bba_7af54fde:556|13,0,c:52:65:75,c:53:176:65,p:53:180,13.788582233137676,3.9804208320226646,,,,,,0.19902104160113324,0,2,2,0.8343610287885637
6bba_7af54fde,6bba_7af54fde:556,union,14,union|6bba_7af54fde:556|14,0,c:52:65:75,c:53:176:65,c:53:189:64,13.201562407533435,17.04314378276496,0.1299502487562189,0.10775810858975882,0.2487657707076248,0.1597393448397323,0.6421275096865093,0.852157189138248,0,3,3,0.6936465709912506
6bba_7af54fde,6bba_7af54fde:556,union,15,union|6bba_7af54fde:556|15,0,c:52:65:75,p:53:180,c:53:187:71,14.981759743100941,19.56759119053748,,,,,,0.978379559526874,0,2,2,0.7466078479296433
6bba_7af54fde,6bba_7af54fde:556,union,16,union|6bba_7af54fde:556|16,0,c:52:65:75,p:53:180,c:53:189:64,13.788582233137676,15.069630055180518,,,,,,0.7534815027590259,0,2,2,0.6333008434464136
6bba_7af54fde,6bba_7af54fde:556,union,17,union|6bba_7af54fde:556|17,0,c:52:65:75,c:53:187:71,c:53:189:64,14.981759743100941,5.859020822628983,0.49657794676806083,0.23087042315281736,0.28880965441579814,0.5350609756097561,0.5397696105320899,0.29295104113144915,0,3,3,0.6351444504186371
6bba_7af54fde,6bba_7af54fde:590,union,0,union|6bba_7af54fde:590|0,0,c:55:248:75,c:56:329:73,c:56:341:53,14.072912811497128,18.022121822915302,0.9719375305026843,0.11003325942350332,0.3027452974072191,0.14738274965969558,0.4868209380027224,0.9011060911457651,0,3,3,0.9088981655644276
6bba_7af54fde,6bba_7af54fde:590,union,1,union|6bba_7af54fde:590|1,0,c:55:248:75,c:56:329:73,p:56:342,14.072912811497128,14.351611407782752,,,,,,0.7175805703891376,0,2,2,0.8996661211232966
6bba_7af54fde,6bba_7af54fde:590,union,2,union|6bba_7af54fde:590|2,0,c:55:248:75,c:56:329:73,p:56:344,14.072912811497128,15.069630055180518,,,,,,0.7534815027590259,0,2,2,0.8996661211232966
6bba_7af54fde,6bba_7af54fde:590,union,3,union|6bba_7af54fde:590|3,0,c:55:248:75,c:56:329:73,c:56:349:62,14.072912811497128,18.598975106171846,0.8503415883859948,0.34110259684972327,0.8146924250127097,0.369793469481943,0.45390561901465326,0.9299487553085923,0,3,3,0.9040319304454264
6bba_7af54fde,6bba_7af54fde:590,union,4,union|6bba_7af54fde:590|4,0,c:55:248:75,c:56:329:73,f:56:72,14.072912811497128,14.04125985094662,0.941501380868692,0.19759802915212482,0.4893238434163701,0.24893314366998578,0.5087288245182982,0.702062992547331,1,3,2,0.9015608765695244
6bba_7af54fde,6bba_7af54fde:590,union,5,union|6bba_7af54fde:590|5,0,c:55:248:75,c:56:329:73,f:56:92,14.072912811497128,14.700653331340968,0.06452422796886768,0.021622297212848394,0.04397559735638028,0.04080188679245283,0.9278301886792453,0.7350326665670484,1,3,2,0.8644660887761031
6bba_7af54fde,6bba_7af54fde:590,union,6,union|6bba_7af54fde:590|6,0,c:55:248:75,c:56:341:53,p:56:342,10.277402395547233,11.830178570080843,,,,,,0.5915089285040421,0,2,2,0.9146141926345918
6bba_7af54fde,6bba_7af54fde:590,union,7,union|6bba_7af54fde:590|7,0,c:55:248:75,c:56:341:53,p:56:344,10.277402395547233,11.375,,,,,,0.56875,0,2,2,0.9146141926345918
6bba_7af54fde,6bba_7af54fde:590,union,8,union|6bba_7af54fde:590|8,0,c:55:248:75,c:56:341:53,c:56:349:62,11.258330249197702,12.160386507015309,0.8748932536293766,0.23853121651894418,0.6225216065073716,0.278865861990435,0.4479617399225689,0.6080193253507654,0,3,3,0.9139973114529566
6bba_7af54fde,6bba_7af54fde:590,union,9,union|6bba_7af54fde:590|9,0,c:55:248:75,c:56:341:53,c:56:355:82,14.072912811497128,14.804454566109486,0.7257198633479747,0.14016367968507198,0.34392475851550586,0.1913178733031674,0.5562782805429864,0.7402227283054743,0,3,3,0.9045174847936336
6bba_7af54fde,6bba_7af54fde:590,union,10,union|6bba_7af54fde:590|10,1,c:55:248:75,c:56:341:53,f:56:72,10.277402395547233,11.902522976319164,0.9150805270863837,0.1999185253080762,0.4989832231825114,0.2501274209989806,0.5012742099898063,0.5951261488159582,1,3,2,0.9115262575770545
6bba_7af54fde,6bba_7af54fde:590,union,11,union|6bba_7af54fde:590|11,0,c:55:248:75,c:56:341:53,f:56:92,11.765262614151009,19.709618711420806,0.06271351878965349,0.0007243752263672582,0.001525165226232842,0.0013777267508610792,0.903329506314581,0.9854809355710403,1,3,2,0.8744314697836333
6bba_7af54fde,6bba_7af54fde:590,union,12,union|6bba_7af54fde:590|12,0,c:55:248:75,p:56:342,p:56:344,8.75089281159357,9.75,,,,,,0.4875,0,1,1,0.9018661308224939
6bba_7af54fde,6bba_7af54fde:590,union,13,union|6bba_7af54fde:590|13,0,c:55:248:75,p:56:342,c:56:349:62,11.258330249197702,12.268480957314969,,,,,,0.6134240478657484,0,2,2,0.9073148399560901
6bba_7af54fde,6bba_7af54fde:590,union,14,union|6bba_7af54fde:590|14,0,c:55:248:75,p:56:342,c:56:352:77,12.481861840286488,11.490485194281398,,,,,,0.5745242597140698,0,2,2,0.8875908813179665
6bba_7af54fde,6bba_7af54fde:590,union,15,union|6bba_7af54fde:590|15,0,c:55:248:75,p:56:342,c:56:355:82,14.072912811497128,14.351611407782752,,,,,,0.7175805703891376,0,2,2,0.8930950999671057
6bba_7af54fde,6bba_7af54fde:590,union,16,union|6bba_7af54fde:590|16,0,c:55:248:75,p:56:342,f:56:72,1.6435793871321076,0.7523083045792371,,,,,,0.037615415228961856,1,2,1,0.903608259142237
6bba_7af54fde,6bba_7af54fde:590,union,17,union|6bba_7af54fde:590|17,0,c:55:248:75,p:56:342,f:56:92,11.765262614151009,10.698864214446374,,,,,,0.5349432107223187,1,2,1,0.8479660774521051
6bba_7af54fde,6bba_7af54fde:590,union,18,union|6bba_7af54fde:590|18,0,c:55:248:75,p:56:344,c:56:349:62,11.258330249197702,3.6336104634371584,,,,,,0.18168052317185793,0,2,2,0.9073148399560901
6bba_7af54fde,6bba_7af54fde:590,union,19,union|6bba_7af54fde:590|19,0,c:55:248:75,p:56:344,c:56:352:77,12.481861840286488,13.978778558944269,,,,,,0.6989389279472135,0,2,2,0.8875908813179665
6bba_7af54fde,6bba_7af54fde:590,union,20,union|6bba_7af54fde:590|20,0,c:55:248:75,p:56:344,c:56:355:82,14.072912811497128,17.04314378276496,,,,,,0.852157189138248,0,2,2,0.8930950999671057
6bba_7af54fde,6bba_7af54fde:590,union,21,union|6bba_7af54fde:590|21,0,c:55:248:75,p:56:344,f:56:72,8.75089281159357,9.125490002467755,,,,,,0.45627450012338777,1,2,1,0.903608259142237
6bba_7af54fde,6bba_7af54fde:590,union,22,union|6bba_7af54fde:590|22,0,c:55:248:75,p:56:344,f:56:92,11.765262614151009,19.43995131558495,,,,,,0.9719975657792475,1,2,1,0.8479660774521051
6bba_7af54fde,6bba_7af54fde:590,union,23,union|6bba_7af54fde:590|23,0,c:55:248:75,c:56:349:62,c:56:352:77,12.481861840286488,14.804454566109486,0.8285653287788215,0.08451193058568329,0.24758515505846468,0.11371862230005837,0.45931115002918854,0.7402227283054743,0,3,3,0.8959817705752063
6bba_7af54fde,6bba_7af54fde:590,union,24,union|6bba_7af54fde:590|24,0,c:55:248:75,c:56:349:62,c:56:355:82,14.072912811497128,16.168545852982575,0.6349274124679761,0.0015552099533437014,0.004575495678698526,0.0023504831548707234,0.5137111517367459,0.8084272926491287,0,3,3,0.8996512496746325
6bba_7af54fde,6bba_7af54fde:590,union,25,union|6bba_7af54fde:590|25,0,c:55:248:75,c:56:349:62,f:56:72,11.258330249197702,11.71600557080522,0.8005977796754911,0.1851284016864699,0.49110320284697506,0.22907280056912496,0.4664453402893052,0.5858002785402611,1,3,2,0.9066600224580533
6bba_7af54fde,6bba_7af54fde:590,union,26,union|6bba_7af54fde:590|26,0,c:55:248:75,c:56:352:77,c:56:355:82,14.072912811497128,16.57181341917655,0.7662973460448338,0.035313309663180116,0.09354346720894764,0.05368344274252371,0.5738876732312181,0.8285906709588275,0,3,3,0.8865019439158836
6bba_7af54fde,6bba_7af54fde:590,union,27,union|6bba_7af54fde:590|27,0,c:55:248:75,c:56:352:77,f:56:72,12.481861840286488,11.188947814777118,0.9662458129348106,0.3394718554551772,0.7450432130147433,0.3840912069191456,0.5155287642510811,0.5594473907388559,1,3,2,0.8935107166993044
6bba_7af54fde,6bba_7af54fde:590,union,28,union|6bba_7af54fde:590|28,0,c:55:248:75,c:56:352:77,f:56:92,12.481861840286488,17.776413218885796,0.06622004637979902,0.15545376467220154,0.27605490594814436,0.2624456259062349,0.9507008216529724,0.8888206609442898,1,3,2,0.856415928905883
6bba_7af54fde,6bba_7af54fde:590,union,29,union|6bba_7af54fde:590|29,0,c:55:248:75,c:56:355:82,f:56:72,14.072912811497128,14.625029881512686,0.7930666666666667,0.21086116791638265,0.47178444331469244,0.2760261748958953,0.5850684116597263,0.7312514940756343,1,3,2,0.8971801957987305
6bba_7af54fde,6bba_7af54fde:590,union,30,union|6bba_7af54fde:590|30,0,c:55:248:75,f:56:72,f:56:92,11.765262614151009,11.082776839197175,0.06853333333333333,0.2695443645083933,0.42857142857142855,0.42076366358871975,0.9817818817070127,0.5541388419598587,2,3,1,0.86709418078873
6bba_907271db,6bba_907271db:902,pil_only,0,pil_only|6bba_907271db:902|0,1,p:96:41,p:97:88,p:97:89,9.475296829123613,13.498263777241872,,,,,,0.6749131888620936,0,0,0,
6bba_907271db,6bba_907271db:902,union,0,union|6bba_907271db:902|0,1,c:96:41:48,c:97:88:52,c:97:89:53,9.475296829123613,13.498263777241872,0.5797227036395147,0.0,0.0,0.0,0.8233965672990063,0.6749131888620936,0,3,3,0.7318693249397149
6bba_afb141ff,6bba_afb141ff:115,pil_only,0,pil_only|6bba_afb141ff:115|0,1,p:28:13,p:29:64,p:29:67,10.531203634912773,13.101168840985142,,,,,,0.6550584420492571,0,0,0,
6bba_afb141ff,6bba_afb141ff:115,pil_only,1,pil_only|6bba_afb141ff:115|1,0,p:28:13,p:29:64,p:29:68,10.531203634912773,12.691655723348314,,,,,,0.6345827861674157,0,0,0,
6bba_afb141ff,6bba_afb141ff:115,pil_only,2,pil_only|6bba_afb141ff:115|2,0,p:28:13,p:29:64,p:29:69,14.715000849473302,12.795262795269194,,,,,,0.6397631397634597,0,0,0,
6bba_afb141ff,6bba_afb141ff:115,pil_only,3,pil_only|6bba_afb141ff:115|3,0,p:28:13,p:29:64,p:29:75,10.531203634912773,17.577062467886947,,,,,,0.8788531233943473,0,0,0,
6bba_afb141ff,6bba_afb141ff:115,pil_only,4,pil_only|6bba_afb141ff:115|4,0,p:28:13,p:29:67,p:29:68,8.443747686898277,11.02128622257856,,,,,,0.551064311128928,0,0,0,
6bba_afb141ff,6bba_afb141ff:115,pil_only,5,pil_only|6bba_afb141ff:115|5,0,p:28:13,p:29:67,p:29:69,14.715000849473302,18.022121822915302,,,,,,0.9011060911457651,0,0,0,
6bba_afb141ff,6bba_afb141ff:115,pil_only,6,pil_only|6bba_afb141ff:115|6,0,p:28:13,p:29:67,p:29:75,8.125,8.900491559458949,,,,,,0.4450245779729475,0,0,0,
6bba_afb141ff,6bba_afb141ff:115,pil_only,7,pil_only|6bba_afb141ff:115|7,0,p:28:13,p:29:67,p:29:77,11.490485194281398,11.830178570080843,,,,,,0.5915089285040421,0,0,0,
6bba_afb141ff,6bba_afb141ff:115,pil_only,8,pil_only|6bba_afb141ff:115|8,0,p:28:13,p:29:68,p:29:69,14.715000849473302,15.33021933959198,,,,,,0.7665109669795991,0,0,0,
6bba_afb141ff,6bba_afb141ff:115,pil_only,9,pil_only|6bba_afb141ff:115|9,0,p:28:13,p:29:68,p:29:75,8.443747686898277,10.531203634912773,,,,,,0.5265601817456387,0,0,0,
6bba_afb141ff,6bba_afb141ff:115,pil_only,10,pil_only|6bba_afb141ff:115|10,0,p:28:13,p:29:68,p:29:77,11.490485194281398,13.884006086140989,,,,,,0.6942003043070495,0,0,0,
6bba_afb141ff,6bba_afb141ff:115,pil_only,11,pil_only|6bba_afb141ff:115|11,0,p:28:13,p:29:69,p:29:75,14.715000849473302,16.00439392791867,,,,,,0.8002196963959335,0,0,0,
6bba_afb141ff,6bba_afb141ff:115,pil_only,12,pil_only|6bba_afb141ff:115|12,0,p:28:13,p:29:69,p:29:77,14.715000849473302,17.65201829820035,,,,,,0.8826009149100175,0,0,0,
6bba_afb141ff,6bba_afb141ff:115,pil_only,13,pil_only|6bba_afb141ff:115|13,0,p:28:13,p:29:75,p:29:77,11.490485194281398,3.6336104634371584,,,,,,0.18168052317185793,0,0,0,
6bba_afb141ff,6bba_afb141ff:304,pil_only,0,pil_only|6bba_afb141ff:304|0,0,p:48:145,p:49:202,p:49:207,14.259317129512198,19.63494970709118,,,,,,0.981747485354559,0,0,0,
6bba_afb141ff,6bba_afb141ff:304,pil_only,1,pil_only|6bba_afb141ff:304|1,1,p:48:145,p:49:202,p:49:208,10.900831390311474,9.475296829123613,,,,,,0.47376484145618064,0,0,0,
6bba_afb141ff,6bba_afb141ff:304,pil_only,2,pil_only|6bba_afb141ff:304|2,0,p:48:145,p:49:207,p:49:208,14.259317129512198,13.978778558944269,,,,,,0.6989389279472135,0,0,0,
6bba_afb141ff,6bba_afb141ff:115,union,0,union|6bba_afb141ff:115|0,1,c:28:13:40,c:29:64:40,c:29:67:44,10.531203634912773,13.101168840985142,0.6305956344802072,0.5291296092735085,0.8162478803761369,0.6006806579693704,0.7359047078842882,0.6550584420492571,0,3,3,0.8805756565553388
6bba_afb141ff,6bba_afb141ff:115,union,1,union|6bba_afb141ff:115|1,0,c:28:13:40,c:29:64:40,c:29:68:42,10.531203634912773,12.691655723348314,0.3571129268803687,0.23676844783715012,0.5737629104362572,0.28730219992280975,0.500733307603242,0.6345827861674157,0,3,3,0.8937323819075716
6bba_afb141ff,6bba_afb141ff:115,union,2,union|6bba_afb141ff:115|2,0,c:28:13:40,c:29:64:40,c:29:69:24,14.715000849473302,12.795262795269194,0.6063361689645057,0.33262782666815194,0.46030522583628797,0.5452885317750182,0.8441498381378141,0.6397631397634597,0,3,3,0.9032229306447714
6bba_afb141ff,6bba_afb141ff:115,union,3,union|6bba_afb141ff:115|3,0,c:28:13:40,c:29:64:40,p:29:75,10.531203634912773,17.577062467886947,,,,,,0.8788531233943473,0,2,2,0.8947034331612869
6bba_afb141ff,6bba_afb141ff:115,union,4,union|6bba_afb141ff:115|4,0,c:28:13:40,c:29:67:44,c:29:68:42,8.443747686898277,11.02128622257856,0.5663104965430547,0.21281891723708773,0.579929088947125,0.2516051364365971,0.4338550026752274,0.551064311128928,0,3,3,0.8759236196606688
6bba_afb141ff,6bba_afb141ff:115,union,5,union|6bba_afb141ff:115|5,0,c:28:13:40,c:29:67:44,c:29:69:24,14.715000849473302,18.022121822915302,0.38235294117647056,0.18214920823101025,0.3315862494219208,0.28783621035728624,0.8680583433694634,0.9011060911457651,0,3,3,0.8854141683978685
6bba_afb141ff,6bba_afb141ff:115,union,6,union|6bba_afb141ff:115|6,0,c:28:13:40,c:29:67:44,p:29:75,8.125,8.900491559458949,,,,,,0.4450245779729475,0,2,2,0.8679902897909324
6bba_afb141ff,6bba_afb141ff:115,union,7,union|6bba_afb141ff:115|7,0,c:28:13:40,c:29:67:44,c:29:77:53,11.490485194281398,11.830178570080843,0.342582315945246,0.5030071077091307,0.7091105287498073,0.6337834114081015,0.893772389087903,0.5915089285040421,0,3,3,0.8056706391569267
6bba_afb141ff,6bba_afb141ff:115,union,8,union|6bba_afb141ff:115|8,0,c:28:13:40,c:29:67:44,f:29:45,12.079539980664531,8.896326890350975,0.06178320384757677,0.22872073158476536,0.3508555572683829,0.3965156794425087,0.8848466163095422,0.44481634451754876,1,3,2,0.7921171197167625
6bba_afb141ff,6bba_afb141ff:115,union,9,union|6bba_afb141ff:115|9,0,c:28:13:40,c:29:68:42,c:29:69:24,14.715000849473302,15.33021933959198,0.21653048397234445,0.10063849194283978,0.2551256358871589,0.14251270128304486,0.5585981227934211,0.7665109669795991,0,3,3,0.8985708937501014
6bba_afb141ff,6bba_afb141ff:115,union,10,union|6bba_afb141ff:115|10,0,c:28:13:40,c:29:68:42,p:29:75,8.443747686898277,10.531203634912773,,,,,,0.5265601817456387,0,2,2,0.8877253778192817
6bba_afb141ff,6bba_afb141ff:115,union,11,union|6bba_afb141ff:115|11,0,c:28:13:40,c:29:68:42,c:29:77:53,11.490485194281398,13.884006086140989,0.1940079614498219,0.13642140043207523,0.330969631570834,0.18836638006667836,0.569134935953676,0.6942003043070495,0,3,3,0.8188273645091596
6bba_afb141ff,6bba_afb141ff:115,union,12,union|6bba_afb141ff:115|12,0,c:28:13:40,c:29:68:42,f:29:45,12.079539980664531,16.1975224398019,0.03498847684894196,0.07684716099743404,0.1800524125173424,0.11821862348178137,0.656578947368421,0.8098761219900951,1,3,2,0.8052738450689954
6bba_afb141ff,6bba_afb141ff:115,union,13,union|6bba_afb141ff:115|13,0,c:28:13:40,c:29:69:24,p:29:75,14.715000849473302,16.00439392791867,,,,,,0.8002196963959335,0,2,2,0.9019612009250813
6bba_afb141ff,6bba_afb141ff:115,union,14,union|6bba_afb141ff:115|14,0,c:28:13:40,c:29:69:24,c:29:77:53,14.715000849473302,17.65201829820035,0.895984518626028,0.14364215847895373,0.2014798828426083,0.3335034447563154,0.6041313396022815,0.8826009149100175,0,3,3,0.8283179132463593
6bba_afb141ff,6bba_afb141ff:115,union,15,union|6bba_afb141ff:115|15,0,c:28:13:40,p:29:75,c:29:77:53,11.490485194281398,3.6336104634371584,,,,,,0.18168052317185793,0,2,2,0.7823459070636687
6bba_afb141ff,6bba_afb141ff:115,union,16,union|6bba_afb141ff:115|16,0,c:28:13:40,p:29:75,f:29:45,12.079539980664531,13.594598761485765,,,,,,0.6797299380742883,1,2,1,0.7620156279034224
6bba_afb141ff,6bba_afb141ff:115,union,17,union|6bba_afb141ff:115|17,0,c:28:13:40,c:29:77:53,f:29:45,12.079539980664531,15.415238192036716,0.18034557235421167,0.09369482976040353,0.11453676583937104,0.33989021043000917,0.3369816556189302,0.7707619096018358,1,3,2,0.7350208645652533
6bba_afb141ff,6bba_afb141ff:304,union,0,union|6bba_afb141ff:304|0,0,c:48:145:24,c:49:202:23,c:49:207:17,14.259317129512198,19.63494970709118,0.434557514965216,0.04862597380361271,0.16794795978710822,0.06405774219014322,0.38141423254764856,0.981747485354559,0,3,3,0.8404030745945823
6bba_afb141ff,6bba_afb141ff:304,union,1,union|6bba_afb141ff:304|1,1,c:48:145:24,c:49:202:23,c:49:208:28,10.900831390311474,9.475296829123613,0.7413745514766767,0.2919610718570857,0.6475458308693081,0.34712315739419874,0.5360595974005389,0.47376484145618064,0,3,3,0.9004553686828324
6bba_afb141ff,6bba_afb141ff:304,union,2,union|6bba_afb141ff:304|2,0,c:48:145:24,c:49:202:23,f:49:16,14.281916678538295,10.32114037382665,0.5070737155621743,0.20051704637259654,0.3669426374926079,0.30657114624505927,0.8354743083003953,0.5160570186913325,1,3,2,0.8768320987261897
6bba_afb141ff,6bba_afb141ff:304,union,3,union|6bba_afb141ff:304|3,0,c:48:145:24,c:49:207:17,c:49:208:28,14.259317129512198,13.978778558944269,0.5861511082349135,0.21072445138187496,0.6785925487876996,0.23408812729498163,0.3449612403100775,0.6989389279472135,0,3,3,0.835414452654622
6bba_afb141ff,6bba_afb141ff:304,union,4,union|6bba_afb141ff:304|4,0,c:48:145:24,c:49:207:17,f:49:16,14.281916678538295,15.139084789929022,0.2203526937388772,0.2715316573556797,0.6898285038438794,0.30929338459498873,0.44836272040302266,0.7569542394964511,1,3,2,0.8117911826979793
6bba_afb141ff,6bba_afb141ff:304,union,5,union|6bba_afb141ff:304|5,0,c:48:145:24,c:49:208:28,f:49:16,14.281916678538295,12.779092004945424,0.3759315484405189,0.3335989799171183,0.6188645771732703,0.4198595787362086,0.6784353059177533,0.6389546002472712,1,3,2,0.8718434767862294
6bba_d1acb6ff,6bba_d1acb6ff:414,pil_only,0,pil_only|6bba_d1acb6ff:414|0,1,p:67:32,p:68:190,p:68:193,6.080193253507654,7.44668550430324,,,,,,0.372334275215162,0,0,0,
6bba_d1acb6ff,6bba_d1acb6ff:414,pil_only,1,pil_only|6bba_d1acb6ff:414|1,0,p:67:32,p:68:190,p:68:202,14.259317129512198,19.295805891436615,,,,,,0.9647902945718307,0,0,0,
6bba_d1acb6ff,6bba_d1acb6ff:414,pil_only,2,pil_only|6bba_d1acb6ff:414|2,0,p:67:32,p:68:190,p:68:205,11.258330249197702,17.04314378276496,,,,,,0.852157189138248,0,0,0,
6bba_d1acb6ff,6bba_d1acb6ff:414,pil_only,3,pil_only|6bba_d1acb6ff:414|3,0,p:67:32,p:68:190,p:68:207,10.017172754824587,13.400093283257396,,,,,,0.6700046641628699,0,0,0,
6bba_d1acb6ff,6bba_d1acb6ff:414,pil_only,4,pil_only|6bba_d1acb6ff:414|4,0,p:67:32,p:68:190,p:68:208,12.691655723348314,17.875,,,,,,0.89375,0,0,0,
6bba_d1acb6ff,6bba_d1acb6ff:414,pil_only,5,pil_only|6bba_d1acb6ff:414|5,0,p:67:32,p:68:193,p:68:202,14.259317129512198,11.941262496067994,,,,,,0.5970631248033997,0,0,0,
6bba_d1acb6ff,6bba_d1acb6ff:414,pil_only,6,pil_only|6bba_d1acb6ff:414|6,0,p:67:32,p:68:193,p:68:205,11.258330249197702,10.900831390311474,,,,,,0.5450415695155737,0,0,0,
6bba_d1acb6ff,6bba_d1acb6ff:414,pil_only,7,pil_only|6bba_d1acb6ff:414|7,0,p:67:32,p:68:193,p:68:207,10.017172754824587,12.691655723348314,,,,,,0.6345827861674157,0,0,0,
6bba_d1acb6ff,6bba_d1acb6ff:414,pil_only,8,pil_only|6bba_d1acb6ff:414|8,0,p:67:32,p:68:193,p:68:208,12.691655723348314,14.351611407782752,,,,,,0.7175805703891376,0,0,0,
6bba_d1acb6ff,6bba_d1acb6ff:414,pil_only,9,pil_only|6bba_d1acb6ff:414|9,0,p:67:32,p:68:202,p:68:205,14.259317129512198,7.44668550430324,,,,,,0.372334275215162,0,0,0,
6bba_d1acb6ff,6bba_d1acb6ff:414,pil_only,10,pil_only|6bba_d1acb6ff:414|10,0,p:67:32,p:68:202,p:68:207,14.259317129512198,19.56759119053748,,,,,,0.978379559526874,0,0,0,
6bba_d1acb6ff,6bba_d1acb6ff:414,pil_only,11,pil_only|6bba_d1acb6ff:414|11,0,p:67:32,p:68:202,p:68:208,14.259317129512198,14.89337100860648,,,,,,0.744668550430324,0,0,0,
6bba_d1acb6ff,6bba_d1acb6ff:414,pil_only,12,pil_only|6bba_d1acb6ff:414|12,0,p:67:32,p:68:205,p:68:207,11.258330249197702,15.069630055180518,,,,,,0.7534815027590259,0,0,0,
6bba_d1acb6ff,6bba_d1acb6ff:414,pil_only,13,pil_only|6bba_d1acb6ff:414|13,0,p:67:32,p:68:205,p:68:208,12.691655723348314,7.44668550430324,,,,,,0.372334275215162,0,0,0,
6bba_d1acb6ff,6bba_d1acb6ff:414,pil_only,14,pil_only|6bba_d1acb6ff:414|14,0,p:67:32,p:68:207,p:68:208,12.691655723348314,13.498263777241872,,,,,,0.6749131888620936,0,0,0,
6bba_d1acb6ff,6bba_d1acb6ff:414,union,0,union|6bba_d1acb6ff:414|0,1,c:67:32:86,c:68:190:92,c:68:193:67,6.080193253507654,7.44668550430324,0.9626423690205012,0.2398518289859546,0.4171812080536913,0.3607242339832869,0.8646703806870938,0.372334275215162,0,3,3,0.8566593859058016
6bba_d1acb6ff,6bba_d1acb6ff:414,union,1,union|6bba_d1acb6ff:414|1,0,c:67:32:86,c:68:190:92,c:68:202:59,14.259317129512198,19.295805891436615,0.8120606733259341,0.005128802890779811,0.011812080536912751,0.00898325847284606,0.7605144957125357,0.9647902945718307,0,3,3,0.8595160075971703
6bba_d1acb6ff,6bba_d1acb6ff:414,union,2,union|6bba_d1acb6ff:414|2,0,c:67:32:86,c:68:190:92,c:68:205:61,11.258330249197702,17.04314378276496,0.5012559945192966,0.04931227712684667,0.12993288590604027,0.07362336477030727,0.5666261028293277,0.852157189138248,0,3,3,0.8568886674414801
6bba_d1acb6ff,6bba_d1acb6ff:414,union,3,union|6bba_d1acb6ff:414|3,0,c:67:32:86,c:68:190:92,c:68:207:74,10.017172754824587,13.400093283257396,0.6848673946957878,0.3472611841133914,0.6314093959731544,0.43555555555555553,0.6898148148148148,0.6700046641628699,0,3,3,0.8537596284446581
6bba_d1acb6ff,6bba_d1acb6ff:414,union,4,union|6bba_d1acb6ff:414|4,0,c:67:32:86,c:68:190:92,c:68:208:6,12.691655723348314,17.875,0.8406740712370739,0.0655758181363977,0.14093959731543623,0.10923845193508115,0.7750728256346234,0.89375,0,3,3,0.8558572278156117
6bba_d1acb6ff,6bba_d1acb6ff:414,union,5,union|6bba_d1acb6ff:414|5,0,c:67:32:86,c:68:190:92,f:68:82,14.766299794435321,9.88585520107596,0.04738041002277904,0.22888616891064872,0.3012080536912752,0.4880382775119617,0.6171812080536913,0.494292760053798,1,3,2,0.8167103051241799
6bba_d1acb6ff,6bba_d1acb6ff:414,union,6,union|6bba_d1acb6ff:414|6,0,c:67:32:86,c:68:190:92,f:68:88,12.353417299285223,7.31688578692657,0.21913439635535306,0.3366047191480476,0.43275167785234897,0.6023916292974589,0.7183892617449664,0.3658442893463285,1,3,2,0.7961431422466027
6bba_d1acb6ff,6bba_d1acb6ff:414,union,7,union|6bba_d1acb6ff:414|7,0,c:67:32:86,c:68:190:92,f:68:91,9.844495431601482,14.722276392615093,0.10432801822323462,0.2773161611965102,0.35838926174496644,0.5507425742574258,0.6507382550335571,0.7361138196307546,1,3,2,0.7475466966831905
6bba_d1acb6ff,6bba_d1acb6ff:414,union,8,union|6bba_d1acb6ff:414|8,0,c:67:32:86,c:68:193:67,c:68:202:59,14.259317129512198,11.941262496067994,0.7817240103588605,0.11254396248534584,0.2319463087248322,0.17940199335548174,0.7734634551495017,0.5970631248033997,0,3,3,0.871558897394045
6bba_d1acb6ff,6bba_d1acb6ff:414,union,9,union|6bba_d1acb6ff:414|9,0,c:67:32:86,c:68:193:67,c:68:205:61,11.258330249197702,10.900831390311474,0.48253025804978306,0.26057988895743367,0.566979865771812,0.32532347504621073,0.5737831176833025,0.5450415695155737,0,3,3,0.8689315572383546
6bba_d1acb6ff,6bba_d1acb6ff:414,union,10,union|6bba_d1acb6ff:414|10,0,c:67:32:86,c:68:193:67,c:68:207:74,10.017172754824587,12.691655723348314,0.6592823712948518,0.22301866378144442,0.44268456375838927,0.31007897705904475,0.7004512974802557,0.6345827861674157,0,3,3,0.8658025182415328
6bba_d1acb6ff,6bba_d1acb6ff:414,union,11,union|6bba_d1acb6ff:414|11,0,c:67:32:86,c:68:193:67,c:68:208:6,12.691655723348314,14.351611407782752,0.8092684795097663,0.18466068424004486,0.3535570469798658,0.2787891617273497,0.7885266723116003,0.7175805703891376,0,3,3,0.8679001176124864
6bba_d1acb6ff,6bba_d1acb6ff:414,union,12,union|6bba_d1acb6ff:414|12,0,c:67:32:86,c:68:193:67,f:68:82,14.766299794435321,13.953839086220704,0.04921911973497397,0.13332061796681288,0.18765100671140938,0.3152909336941813,0.5951677852348993,0.6976919543110351,1,3,2,0.8287531949210546
6bba_d1acb6ff,6bba_d1acb6ff:414,union,13,union|6bba_d1acb6ff:414|13,0,c:67:32:86,c:68:193:67,f:68:88,12.353417299285223,11.81832464220956,0.2276384287742546,0.19338999055712935,0.2748993288590604,0.39475713184271394,0.6963758389261745,0.5909162321104781,1,3,2,0.8081860320434772
6bba_d1acb6ff,6bba_d1acb6ff:414,union,14,union|6bba_d1acb6ff:414|14,0,c:67:32:86,c:68:193:67,f:68:91,9.844495431601482,12.370306737281746,0.10837671557027923,0.41785463893433045,0.48,0.7634500426985482,0.628724832214765,0.6185153368640873,1,3,2,0.7595895864800651
6bba_d1acb6ff,6bba_d1acb6ff:414,union,15,union|6bba_d1acb6ff:414|15,0,c:67:32:86,c:68:202:59,c:68:205:61,14.259317129512198,7.44668550430324,0.6172642155743321,0.35409096604435536,0.7586577181208054,0.399039819260096,0.5259813611974019,0.372334275215162,0,3,3,0.8717881789297235
6bba_d1acb6ff,6bba_d1acb6ff:414,union,16,union|6bba_d1acb6ff:414|16,0,c:67:32:86,c:68:202:59,c:68:207:74,14.259317129512198,19.56759119053748,0.8433697347893916,0.0017678868552412645,0.004563758389261745,0.002877454299255247,0.6305010155721056,0.978379559526874,0,3,3,0.8686591399329014
6bba_d1acb6ff,6bba_d1acb6ff:414,union,17,union|6bba_d1acb6ff:414|17,0,c:67:32:86,c:68:202:59,c:68:208:6,14.259317129512198,14.89337100860648,0.9659637439881613,0.05805922977876624,0.13315436241610737,0.0933383515242755,0.7009785472337222,0.744668550430324,0,3,3,0.8707567393038551
6bba_d1acb6ff,6bba_d1acb6ff:414,union,18,union|6bba_d1acb6ff:414|18,0,c:67:32:86,c:68:202:59,f:68:91,14.259317129512198,16.835717474442294,0.08472068072512023,0.044563000156911975,0.07624161073825503,0.09686221009549795,0.7871140939597315,0.8417858737221147,1,3,2,0.7624462081714339
6bba_d1acb6ff,6bba_d1acb6ff:414,union,19,union|6bba_d1acb6ff:414|19,0,c:67:32:86,c:68:205:61,c:68:207:74,11.258330249197702,15.069630055180518,0.7319022607901348,0.045967443581206066,0.1334228187919463,0.06553270042194093,0.491165611814346,0.7534815027590259,0,3,3,0.8660317997772112
6bba_d1acb6ff,6bba_d1acb6ff:414,union,20,union|6bba_d1acb6ff:414|20,0,c:67:32:86,c:68:205:61,c:68:208:6,12.691655723348314,7.44668550430324,0.5962548527060972,0.34273182957393483,0.7342281879194631,0.39127324749642345,0.5329041487839771,0.372334275215162,0,3,3,0.8681293991481649
6bba_d1acb6ff,6bba_d1acb6ff:414,union,21,union|6bba_d1acb6ff:414|21,0,c:67:32:86,c:68:205:61,f:68:91,11.258330249197702,11.009024271568878,0.05229504453071478,0.18098072562358278,0.3428187919463087,0.2771267361111111,0.8083767361111112,0.5504512135784438,1,3,2,0.7598188680157437
6bba_d1acb6ff,6bba_d1acb6ff:414,union,22,union|6bba_d1acb6ff:414|22,0,c:67:32:86,c:68:207:74,c:68:208:6,12.691655723348314,13.498263777241872,0.8146645865834633,0.059052059052059055,0.14281879194630873,0.09147180192572214,0.640474552957359,0.6749131888620936,0,3,3,0.8650003601513429
6bba_d1acb6ff,6bba_d1acb6ff:414,union,23,union|6bba_d1acb6ff:414|23,0,c:67:32:86,c:68:207:74,f:68:91,10.017172754824587,5.289715831491487,0.07145085803432137,0.33813084112149533,0.48563758389261746,0.5267909143855563,0.9218791946308725,0.26448579157457436,1,3,2,0.7566898290189217
6bba_d1acb6ff,6bba_d1acb6ff:414,union,24,union|6bba_d1acb6ff:414|24,0,c:67:32:86,c:68:208:6,f:68:91,12.691655723348314,8.358354978388018,0.08770585982382229,0.13896599583622485,0.21503355704697988,0.2820422535211268,0.7624161073825504,0.4179177489194009,1,3,2,0.7587874283898753
6bba_d1acb6ff,6bba_d1acb6ff:414,union,25,union|6bba_d1acb6ff:414|25,0,c:67:32:86,f:68:82,f:68:88,14.766299794435321,2.5917139171187302,0.21621621621621623,0.1402116402116402,0.14228187919463087,0.905982905982906,0.15704697986577182,0.12958569585593652,2,3,1,0.7682369512618555
6bba_e16ffc58,6bba_e16ffc58:331,pil_only,0,pil_only|6bba_e16ffc58:331|0,0,p:26:33,p:27:104,p:27:106,8.443747686898277,6.894291116568838,,,,,,0.3447145558284419,0,0,0,
6bba_e16ffc58,6bba_e16ffc58:331,pil_only,1,pil_only|6bba_e16ffc58:331|1,0,p:26:33,p:27:104,p:27:107,13.201562407533435,11.604821196382131,,,,,,0.5802410598191066,0,0,0,
6bba_e16ffc58,6bba_e16ffc58:331,pil_only,2,pil_only|6bba_e16ffc58:331|2,0,p:26:33,p:27:104,p:27:108,4.875,5.138701197773616,,,,,,0.2569350598886808,0,0,0,
6bba_e16ffc58,6bba_e16ffc58:331,pil_only,3,pil_only|6bba_e16ffc58:331|3,0,p:26:33,p:27:104,p:27:111,6.894291116568838,11.604821196382131,,,,,,0.5802410598191066,0,0,0,
6bba_e16ffc58,6bba_e16ffc58:331,pil_only,4,pil_only|6bba_e16ffc58:331|4,0,p:26:33,p:27:106,p:27:107,13.201562407533435,4.875,,,,,,0.24375,0,0,0,
6bba_e16ffc58,6bba_e16ffc58:331,pil_only,5,pil_only|6bba_e16ffc58:331|5,1,p:26:33,p:27:106,p:27:108,8.443747686898277,11.490485194281398,,,,,,0.5745242597140698,0,0,0,
6bba_e16ffc58,6bba_e16ffc58:331,pil_only,6,pil_only|6bba_e16ffc58:331|6,0,p:26:33,p:27:106,p:27:111,8.443747686898277,12.268480957314969,,,,,,0.6134240478657484,0,0,0,
6bba_e16ffc58,6bba_e16ffc58:331,pil_only,7,pil_only|6bba_e16ffc58:331|7,0,p:26:33,p:27:107,p:27:108,13.201562407533435,16.331047884321446,,,,,,0.8165523942160723,0,0,0,
6bba_e16ffc58,6bba_e16ffc58:331,pil_only,8,pil_only|6bba_e16ffc58:331|8,0,p:26:33,p:27:107,p:27:111,13.201562407533435,15.921683328090658,,,,,,0.796084166404533,0,0,0,
6bba_e16ffc58,6bba_e16ffc58:331,pil_only,9,pil_only|6bba_e16ffc58:331|9,0,p:26:33,p:27:108,p:27:111,6.894291116568838,10.900831390311474,,,,,,0.5450415695155737,0,0,0,
6bba_e16ffc58,6bba_e16ffc58:331,union,0,union|6bba_e16ffc58:331|0,0,p:26:33,p:27:104,c:27:106:25,8.443747686898277,6.894291116568838,,,,,,0.3447145558284419,0,1,1,0.9140836015974159
6bba_e16ffc58,6bba_e16ffc58:331,union,1,union|6bba_e16ffc58:331|1,0,p:26:33,p:27:104,p:27:107,13.201562407533435,11.604821196382131,,,,,,0.5802410598191066,0,0,0,
6bba_e16ffc58,6bba_e16ffc58:331,union,2,union|6bba_e16ffc58:331|2,0,p:26:33,p:27:104,c:27:108:33,4.875,5.138701197773616,,,,,,0.2569350598886808,0,1,1,0.8516870290852285
6bba_e16ffc58,6bba_e16ffc58:331,union,3,union|6bba_e16ffc58:331|3,0,p:26:33,p:27:104,c:27:111:39,6.894291116568838,11.604821196382131,,,,,,0.5802410598191066,0,1,1,0.891170760322697
6bba_e16ffc58,6bba_e16ffc58:331,union,4,union|6bba_e16ffc58:331|4,0,p:26:33,p:27:104,f:27:32,10.531315003294953,11.079073976708704,,,,,,0.5539536988354352,1,1,0,0.7817016033263042
6bba_e16ffc58,6bba_e16ffc58:331,union,5,union|6bba_e16ffc58:331|5,0,p:26:33,p:27:104,f:27:34,11.648228762418492,7.613372320859029,,,,,,0.38066861604295144,1,1,0,0.7521022964999091
6bba_e16ffc58,6bba_e16ffc58:331,union,6,union|6bba_e16ffc58:331|6,0,p:26:33,p:27:104,f:27:37,7.840330330458169,9.57641436790719,,,,,,0.47882071839535956,1,1,0,0.6326621081930639
6bba_e16ffc58,6bba_e16ffc58:331,union,7,union|6bba_e16ffc58:331|7,0,p:26:33,c:27:106:25,p:27:107,13.201562407533435,4.875,,,,,,0.24375,0,1,1,0.9140836015974159
6bba_e16ffc58,6bba_e16ffc58:331,union,8,union|6bba_e16ffc58:331|8,1,p:26:33,c:27:106:25,c:27:108:33,8.443747686898277,11.490485194281398,0.8793103448275862,,,,,0.5745242597140698,0,2,2,0.8828853153413222
6bba_e16ffc58,6bba_e16ffc58:331,union,9,union|6bba_e16ffc58:331|9,0,p:26:33,c:27:106:25,c:27:111:39,8.443747686898277,12.268480957314969,0.6857749469214437,,,,,0.6134240478657484,0,2,2,0.9026271809600565
6bba_e16ffc58,6bba_e16ffc58:331,union,10,union|6bba_e16ffc58:331|10,0,p:26:33,c:27:106:25,f:27:32,10.531315003294953,12.862118307158129,0.1197110423116615,,,,,0.6431059153579064,1,2,1,0.84789260246186
6bba_e16ffc58,6bba_e16ffc58:331,union,11,union|6bba_e16ffc58:331|11,0,p:26:33,c:27:106:25,f:27:34,11.648228762418492,12.276758161240963,0.29792467332820904,,,,,0.6138379080620482,1,2,1,0.8330929490486625
6bba_e16ffc58,6bba_e16ffc58:331,union,12,union|6bba_e16ffc58:331|12,0,p:26:33,c:27:106:25,f:27:37,8.443747686898277,11.270912668266039,0.6904024767801857,,,,,0.563545633413302,1,2,1,0.7733728548952399
6bba_e16ffc58,6bba_e16ffc58:331,union,13,union|6bba_e16ffc58:331|13,0,p:26:33,p:27:107,c:27:108:33,13.201562407533435,16.331047884321446,,,,,,0.8165523942160723,0,1,1,0.8516870290852285
6bba_e16ffc58,6bba_e16ffc58:331,union,14,union|6bba_e16ffc58:331|14,0,p:26:33,p:27:107,c:27:111:39,13.201562407533435,15.921683328090658,,,,,,0.796084166404533,0,1,1,0.891170760322697
6bba_e16ffc58,6bba_e16ffc58:331,union,15,union|6bba_e16ffc58:331|15,0,p:26:33,p:27:107,f:27:32,13.201562407533435,16.162105482234793,,,,,,0.8081052741117396,1,1,0,0.7817016033263042
6bba_e16ffc58,6bba_e16ffc58:331,union,16,union|6bba_e16ffc58:331|16,0,p:26:33,p:27:107,f:27:34,13.201562407533435,15.81217129671873,,,,,,0.7906085648359366,1,1,0,0.7521022964999091
6bba_e16ffc58,6bba_e16ffc58:331,union,17,union|6bba_e16ffc58:331|17,0,p:26:33,p:27:107,f:27:37,13.201562407533435,14.96789753708291,,,,,,0.7483948768541455,1,1,0,0.6326621081930639
6bba_e16ffc58,6bba_e16ffc58:331,union,18,union|6bba_e16ffc58:331|18,0,p:26:33,c:27:108:33,c:27:111:39,6.894291116568838,10.900831390311474,0.7799009200283086,,,,,0.5450415695155737,0,2,2,0.8714288947039628
6bba_e16ffc58,6bba_e16ffc58:331,union,19,union|6bba_e16ffc58:331|19,0,p:26:33,c:27:108:33,f:27:32,10.531315003294953,12.504276824744096,0.10526315789473684,,,,,0.6252138412372048,1,2,1,0.8166943162057664
6bba_e16ffc58,6bba_e16ffc58:331,union,20,union|6bba_e16ffc58:331|20,0,p:26:33,c:27:108:33,f:27:34,11.648228762418492,9.801293960380448,0.3388162951575711,,,,,0.4900646980190224,1,2,1,0.8018946627925688
6bba_e16ffc58,6bba_e16ffc58:331,union,21,union|6bba_e16ffc58:331|21,0,p:26:33,c:27:108:33,f:27:37,7.840330330458169,10.649365804648909,0.6070780399274047,,,,,0.5324682902324455,1,2,1,0.7421745686391462
6bba_e16ffc58,6bba_e16ffc58:331,union,22,union|6bba_e16ffc58:331|22,0,p:26:33,c:27:111:39,f:27:32,10.531315003294953,13.142676748298397,0.08209483368719038,,,,,0.6571338374149198,1,2,1,0.8364361818245006
6bba_e16ffc58,6bba_e16ffc58:331,union,23,union|6bba_e16ffc58:331|23,0,p:26:33,c:27:111:39,f:27:34,11.648228762418492,18.264676597017523,0.434435049961568,,,,,0.9132338298508762,1,2,1,0.8216365284113031
6bba_e16ffc58,6bba_e16ffc58:331,union,24,union|6bba_e16ffc58:331|24,0,p:26:33,c:27:111:39,f:27:37,7.840330330458169,9.813517369446757,0.4734607218683652,,,,,0.49067586847233785,1,2,1,0.7619164342578805
6bba_e16ffc58,6bba_e16ffc58:331,union,25,union|6bba_e16ffc58:331|25,0,p:26:33,f:27:32,f:27:34,11.648228762418492,11.759047223783709,0.035664873174481165,,,,,0.5879523611891855,2,2,0,0.7669019499131067
6bba_e16ffc58,6bba_e16ffc58:331,union,26,union|6bba_e16ffc58:331|26,0,p:26:33,f:27:32,f:27:37,10.531315003294953,3.3308502580664054,0.17339312406576982,,,,,0.16654251290332028,2,2,0,0.7071818557596841
6bba_e16ffc58,6bba_e16ffc58:331,union,27,union|6bba_e16ffc58:331|27,0,p:26:33,f:27:34,f:27:37,11.648228762418492,12.391672095004765,0.2056879323597233,,,,,0.6195836047502382,2,2,0,0.6923822023464865
6bba_fe670320,6bba_fe670320:4,pil_only,0,pil_only|6bba_fe670320:4|0,1,p:0:39,p:1:72,p:1:79,7.083210783253595,12.481861840286488,,,,,,0.6240930920143244,0,0,0,
6bba_fe670320,6bba_fe670320:4,pil_only,1,pil_only|6bba_fe670320:4|1,0,p:0:39,p:1:72,p:1:87,7.083210783253595,8.75089281159357,,,,,,0.43754464057967846,0,0,0,
6bba_fe670320,6bba_fe670320:4,pil_only,2,pil_only|6bba_fe670320:4|2,0,p:0:39,p:1:79,p:1:87,6.5,8.285906709588275,,,,,,0.4142953354794138,0,0,0,
6bba_fe670320,6bba_fe670320:519,pil_only,0,pil_only|6bba_fe670320:519|0,0,p:66:245,p:67:418,p:67:430,14.259317129512198,10.900831390311474,,,,,,0.5450415695155737,0,0,0,
6bba_fe670320,6bba_fe670320:519,pil_only,1,pil_only|6bba_fe670320:519|1,0,p:66:245,p:67:418,p:67:444,14.259317129512198,19.5,,,,,,0.975,0,0,0,
6bba_fe670320,6bba_fe670320:519,pil_only,2,pil_only|6bba_fe670320:519|2,0,p:66:245,p:67:430,p:67:437,12.795262795269194,19.63494970709118,,,,,,0.981747485354559,0,0,0,
6bba_fe670320,6bba_fe670320:519,pil_only,3,pil_only|6bba_fe670320:519|3,1,p:66:245,p:67:430,p:67:438,7.44668550430324,13.101168840985142,,,,,,0.6550584420492571,0,0,0,
6bba_fe670320,6bba_fe670320:519,pil_only,4,pil_only|6bba_fe670320:519|4,0,p:66:245,p:67:430,p:67:444,8.75089281159357,8.75089281159357,,,,,,0.43754464057967846,0,0,0,
6bba_fe670320,6bba_fe670320:519,pil_only,5,pil_only|6bba_fe670320:519|5,0,p:66:245,p:67:437,p:67:438,12.795262795269194,13.101168840985142,,,,,,0.6550584420492571,0,0,0,
6bba_fe670320,6bba_fe670320:519,pil_only,6,pil_only|6bba_fe670320:519|6,0,p:66:245,p:67:437,p:67:444,12.795262795269194,19.70207793609598,,,,,,0.9851038968047989,0,0,0,
6bba_fe670320,6bba_fe670320:519,pil_only,7,pil_only|6bba_fe670320:519|7,0,p:66:245,p:67:438,p:67:444,8.75089281159357,8.285906709588275,,,,,,0.4142953354794138,0,0,0,
6bba_fe670320,6bba_fe670320:4,union,0,union|6bba_fe670320:4|0,1,c:0:39:33,c:1:72:39,c:1:79:43,7.083210783253595,12.481861840286488,0.6362530413625304,0.11228856735276137,0.1990606936416185,0.20483271375464684,0.971820809248555,0.6240930920143244,0,3,3,0.7388760812809302
6bba_fe670320,6bba_fe670320:4,union,1,union|6bba_fe670320:4|1,0,c:0:39:33,c:1:72:39,p:1:87,7.083210783253595,8.75089281159357,,,,,,0.43754464057967846,0,2,2,0.7315401567665811
6bba_fe670320,6bba_fe670320:4,union,2,union|6bba_fe670320:4|2,0,c:0:39:33,c:1:79:43,p:1:87,6.5,8.285906709588275,,,,,,0.4142953354794138,0,2,2,0.7729971071118908
6bba_fe670320,6bba_fe670320:519,union,0,union|6bba_fe670320:519|0,0,c:66:245:216,c:67:418:208,p:67:430,14.259317129512198,10.900831390311474,,,,,,0.5450415695155737,0,2,2,0.880676468944358
6bba_fe670320,6bba_fe670320:519,union,1,union|6bba_fe670320:519|1,0,c:66:245:216,c:67:418:208,p:67:444,14.259317129512198,19.5,,,,,,0.975,0,2,2,0.880676468944358
6bba_fe670320,6bba_fe670320:519,union,2,union|6bba_fe670320:519|2,0,c:66:245:216,p:67:430,c:67:437:206,12.795262795269194,19.63494970709118,,,,,,0.981747485354559,0,2,2,0.9030175160660281
6bba_fe670320,6bba_fe670320:519,union,3,union|6bba_fe670320:519|3,1,c:66:245:216,p:67:430,c:67:438:211,7.44668550430324,13.101168840985142,,,,,,0.6550584420492571,0,2,2,0.8398029721259619
6bba_fe670320,6bba_fe670320:519,union,4,union|6bba_fe670320:519|4,0,c:66:245:216,p:67:430,p:67:444,8.75089281159357,8.75089281159357,,,,,,0.43754464057967846,0,1,1,0.8923346423566749
6bba_fe670320,6bba_fe670320:519,union,5,union|6bba_fe670320:519|5,0,c:66:245:216,c:67:437:206,c:67:438:211,12.795262795269194,13.101168840985142,0.4863130881094953,0.05344494526722473,0.10817855979146301,0.09553956834532375,0.8831654676258993,0.6550584420492571,0,3,3,0.8644354446757684
6bba_fe670320,6bba_fe670320:519,union,6,union|6bba_fe670320:519|6,0,c:66:245:216,c:67:437:206,p:67:444,12.795262795269194,19.70207793609598,,,,,,0.9851038968047989,0,2,2,0.9030175160660281
6bba_fe670320,6bba_fe670320:519,union,7,union|6bba_fe670320:519|7,0,c:66:245:216,c:67:438:211,p:67:444,8.75089281159357,8.285906709588275,,,,,,0.4142953354794138,0,2,2,0.8398029721259619
