[{"stream_name":"stderr","time":6.277972922,"data":"/usr/local/lib/python3.12/dist-packages/nbformat/__init__.py:96: MissingIDFieldWarning: Cell is missing an id field, this will become a hard error in future nbformat versions. You may want to use `normalize()` on your notebooks before validations (available since nbformat 5.1.4). Previous versions of nbformat are fixing this issue transparently, and will stop doing so in the future.\n"}
,{"stream_name":"stderr","time":6.278059209,"data":"  validate(nb)\n"}
,{"stream_name":"stderr","time":7.139331912,"data":"0.00s - Debugger warning: It seems that frozen modules are being used, which may\n"}
,{"stream_name":"stderr","time":7.139360881,"data":"0.00s - make the debugger miss breakpoints. Please pass -Xfrozen_modules=off\n"}
,{"stream_name":"stderr","time":7.139365749,"data":"0.00s - to python to disable frozen modules.\n"}
,{"stream_name":"stderr","time":7.13936931,"data":"0.00s - Note: Debugging will proceed. Set PYDEVD_DISABLE_FILE_VALIDATION=1 to disable this validation.\n"}
,{"stream_name":"stderr","time":7.752994225,"data":"0.00s - Debugger warning: It seems that frozen modules are being used, which may\n"}
,{"stream_name":"stderr","time":7.753021398,"data":"0.00s - make the debugger miss breakpoints. Please pass -Xfrozen_modules=off\n"}
,{"stream_name":"stderr","time":7.753026467,"data":"0.00s - to python to disable frozen modules.\n"}
,{"stream_name":"stderr","time":7.753030322,"data":"0.00s - Note: Debugging will proceed. Set PYDEVD_DISABLE_FILE_VALIDATION=1 to disable this validation.\n"}
,{"stream_name":"stdout","time":8.873149378,"data":"EXP045: skipped optional provenance display; audit inputs are self-contained.\n"}
,{"stream_name":"stdout","time":8.908980344,"data":"BIOHUB_PRESET: harmonic_v3_division_wide\n"}
,{"stream_name":"stdout","time":8.908999536,"data":"BIOHUB_SCORE_AXIS: public 0.940 base + {\"BIOHUB_DEEPCENTER_SAFE_DIV_THRESHOLD\": \"0.25\", \"BIOHUB_GAP_CLOSE_UM\": \"5.0\"}\n"}
,{"stream_name":"stdout","time":8.929979189,"data":"Configuration guard: PASS\n"}
,{"stream_name":"stdout","time":8.929997469,"data":"Baseline: fixed-90 dual-seed clean pipeline (public LB 0.913)\n"}
,{"stream_name":"stdout","time":8.930002257,"data":"Single model-level change: harmonic mutual-support association fusion\n"}
,{"stream_name":"stdout","time":8.930006104,"data":"Reverse-time association weight: 0.200\n"}
,{"stream_name":"stdout","time":9.767672686000001,"data":"Biohub learned UNet + node-transformer + ILP submission\n"}
,{"stream_name":"stdout","time":9.767704963,"data":"COMP_DIR: /kaggle/input/competitions/biohub-cell-tracking-during-development exists: True\n"}
,{"stream_name":"stdout","time":9.767710321,"data":"TEST_DIR: /kaggle/input/competitions/biohub-cell-tracking-during-development/test exists: True\n"}
,{"stream_name":"stdout","time":9.767720085,"data":"{\n"}
,{"stream_name":"stdout","time":9.76772385,"data":"  \"adaptive_short_track_rescue\": true,\n"}
,{"stream_name":"stdout","time":9.767744589,"data":"  \"allow_artifact_fallback\": false,\n"}
,{"stream_name":"stdout","time":9.767750009,"data":"  \"allow_pip_install\": false,\n"}
,{"stream_name":"stdout","time":9.767755008,"data":"  \"deepcenter_checkpoint_default\": \"/kaggle/input/biohub-deepcenter-unet3d-center-prior-v1/weights/full_frame_center/best.pt\",\n"}
,{"stream_name":"stdout","time":9.767761778,"data":"  \"deepcenter_expected_epoch\": 2,\n"}
,{"stream_name":"stdout","time":9.767793208,"data":"  \"deepcenter_gap_add_gate\": true,\n"}
,{"stream_name":"stdout","time":9.767798296,"data":"  \"deepcenter_gap_confirm_min_span_um\": 8.5,\n"}
,{"stream_name":"stdout","time":9.767802714,"data":"  \"deepcenter_gap_threshold\": 0.25,\n"}
,{"stream_name":"stdout","time":9.767815646,"data":"  \"deepcenter_safe_div_add_gate\": true,\n"}
,{"stream_name":"stdout","time":9.767819355,"data":"  \"deepcenter_safe_div_threshold\": 0.25,\n"}
,{"stream_name":"stdout","time":9.767822741,"data":"  \"det_threshold\": 0.96,\n"}
,{"stream_name":"stdout","time":9.767826089,"data":"  \"div_drop_to_single_if_bad\": true,\n"}
,{"stream_name":"stdout","time":9.767829567,"data":"  \"div_parent_max_um\": 10.5,\n"}
,{"stream_name":"stdout","time":9.767838326,"data":"  \"div_sister_max_um\": 8.0,\n"}
,{"stream_name":"stdout","time":9.767858623,"data":"  \"experiment_tag\": \"selected_101_dual_seed_near_balanced_center_confirmed_synthetic_gap\",\n"}
,{"stream_name":"stdout","time":9.767863021,"data":"  \"gap2_frame_frac_cap\": 0.006,\n"}
,{"stream_name":"stdout","time":9.767867055,"data":"  \"gap2_max_links_abs\": 180,\n"}
,{"stream_name":"stdout","time":9.767870652,"data":"  \"gap2_max_links_frac\": 0.0045,\n"}
,{"stream_name":"stdout","time":9.767874755,"data":"  \"gap2_max_step_um\": 4.4,\n"}
,{"stream_name":"stdout","time":9.767878495,"data":"  \"gap2_max_total_um\": 10.2,\n"}
,{"stream_name":"stdout","time":9.767881855,"data":"  \"gap2_require_context\": true,\n"}
,{"stream_name":"stdout","time":9.767885179,"data":"  \"gap_close_effective_max_gap\": 1,\n"}
,{"stream_name":"stdout","time":9.767888541,"data":"  \"gap_close_max_added_abs\": 2000,\n"}
,{"stream_name":"stdout","time":9.767891912,"data":"  \"gap_close_max_added_frac\": 0.05,\n"}
,{"stream_name":"stdout","time":9.767895307,"data":"  \"gap_close_max_gap\": 2,\n"}
,{"stream_name":"stdout","time":9.767898668,"data":"  \"gap_close_reuse_existing\": true,\n"}
,{"stream_name":"stdout","time":9.767902286,"data":"  \"gap_close_reuse_um\": 3.2,\n"}
,{"stream_name":"stdout","time":9.767905656,"data":"  \"gap_close_um\": 5.0,\n"}
,{"stream_name":"stdout","time":9.767909,"data":"  \"gap_density_adaptive\": true,\n"}
,{"stream_name":"stdout","time":9.767912412,"data":"  \"gap_density_gain\": 0.04,\n"}
,{"stream_name":"stdout","time":9.767915735999999,"data":"  \"gap_density_max_step_delta_um\": 0.125,\n"}
,{"stream_name":"stdout","time":9.767919332,"data":"  \"gap_density_neighbors\": 3,\n"}
,{"stream_name":"stdout","time":9.767922647,"data":"  \"gap_density_reference_um\": 6.5,\n"}
,{"stream_name":"stdout","time":9.767926079,"data":"  \"gap_refine_max_shift_um\": 3.2,\n"}
,{"stream_name":"stdout","time":9.767929413,"data":"  \"gap_refine_synthetic\": true,\n"}
,{"stream_name":"stdout","time":9.767937222,"data":"  \"gap_refine_win_yx\": 3,\n"}
,{"stream_name":"stdout","time":9.767940032,"data":"  \"gap_refine_win_z\": 1,\n"}
,{"stream_name":"stdout","time":9.767943171,"data":"  \"ilp_appearance_weight\": 0.0,\n"}
,{"stream_name":"stdout","time":9.767958032,"data":"  \"ilp_disappearance_weight\": 2.0,\n"}
,{"stream_name":"stdout","time":9.767962108,"data":"  \"ilp_division_weight\": 1.2,\n"}
,{"stream_name":"stdout","time":9.767966036,"data":"  \"ilp_edge_weight\": -1.0,\n"}
,{"stream_name":"stdout","time":9.767969717,"data":"  \"method\": \"unet_transformer\",\n"}
,{"stream_name":"stdout","time":9.767973995,"data":"  \"motion_relink_learned_bonus\": 1.0,\n"}
,{"stream_name":"stdout","time":9.767977489,"data":"  \"motion_relink_max_frame_nodes\": 2600,\n"}
,{"stream_name":"stdout","time":9.767980851,"data":"  \"motion_relink_relaxed_um\": 10.0,\n"}
,{"stream_name":"stdout","time":9.767984184,"data":"  \"motion_relink_tight_um\": 6.0,\n"}
,{"stream_name":"stdout","time":9.767987477,"data":"  \"motion_relink_velocity_weight\": 0.5,\n"}
,{"stream_name":"stdout","time":9.767994731,"data":"  \"output_division_geometry_filter\": false,\n"}
,{"stream_name":"stdout","time":9.767998188,"data":"  \"output_edge_max_um\": 14.0,\n"}
,{"stream_name":"stdout","time":9.768002953,"data":"  \"output_enforce_next_frame\": true,\n"}
,{"stream_name":"stdout","time":9.768006393,"data":"  \"output_filter_short_tracks\": true,\n"}
,{"stream_name":"stdout","time":9.768009717,"data":"  \"output_gap2_recovery\": true,\n"}
,{"stream_name":"stdout","time":9.768013049,"data":"  \"output_gap_close\": true,\n"}
,{"stream_name":"stdout","time":9.768016298,"data":"  \"output_keep_division_components\": true,\n"}
,{"stream_name":"stdout","time":9.768019635,"data":"  \"output_linefit_smooth\": true,\n"}
,{"stream_name":"stdout","time":9.768022899,"data":"  \"output_linefit_weight\": 0.8,\n"}
,{"stream_name":"stdout","time":9.768026233,"data":"  \"output_linefit_window\": 2,\n"}
,{"stream_name":"stdout","time":9.768031257,"data":"  \"output_min_track_len\": 6,\n"}
,{"stream_name":"stdout","time":9.768051767,"data":"  \"output_motion_relink\": true,\n"}
,{"stream_name":"stdout","time":9.768056282,"data":"  \"output_prune_isolated\": true,\n"}
,{"stream_name":"stdout","time":9.768060484,"data":"  \"output_safe_divisions\": true,\n"}
,{"stream_name":"stdout","time":9.768064409,"data":"  \"output_single_child_repair\": false,\n"}
,{"stream_name":"stdout","time":9.768068163,"data":"  \"output_single_parent_repair\": true,\n"}
,{"stream_name":"stdout","time":9.768088635,"data":"  \"primary_artifact_manifest\": \"/kaggle/input/datasets/pilkwang/biohub-tracking-support-pack-50ep-v1/ARTIFACT_MANIFEST.json\",\n"}
,{"stream_name":"stdout","time":9.768092524,"data":"  \"safe_div_existing_child_max_um\": 10.0,\n"}
,{"stream_name":"stdout","time":9.76809611,"data":"  \"safe_div_frame_frac_cap\": 0.0076,\n"}
,{"stream_name":"stdout","time":9.768099666,"data":"  \"safe_div_global_frac_cap\": 0.00375,\n"}
,{"stream_name":"stdout","time":9.768103362,"data":"  \"safe_div_max_um\": 9.0,\n"}
,{"stream_name":"stdout","time":9.768106896,"data":"  \"safe_div_sister_max_um\": 14.0,\n"}
,{"stream_name":"stdout","time":9.768110421,"data":"  \"short_track_rescue_max_mean_edge_dist_um\": 3.0,\n"}
,{"stream_name":"stdout","time":9.768114072,"data":"  \"short_track_rescue_max_nodes_abs\": 120,\n"}
,{"stream_name":"stdout","time":9.768117698,"data":"  \"short_track_rescue_max_nodes_frac\": 0.012,\n"}
,{"stream_name":"stdout","time":9.768126632,"data":"  \"short_track_rescue_min_len\": 4,\n"}
,{"stream_name":"stdout","time":9.7681358,"data":"  \"short_track_rescue_min_mean_edge_prob\": 0.88,\n"}
,{"stream_name":"stdout","time":9.768151109,"data":"  \"short_track_rescue_trigger_removed_frac\": 0.1,\n"}
,{"stream_name":"stdout","time":9.76815581,"data":"  \"slice\": \"\",\n"}
,{"stream_name":"stdout","time":9.768160208,"data":"  \"target_artifact_slug\": \"biohub-tracking-support-pack-50ep-v1\",\n"}
,{"stream_name":"stdout","time":9.768164766,"data":"  \"unet_batch_size\": 4,\n"}
,{"stream_name":"stdout","time":9.768168618,"data":"  \"use_deepcenter_add_only_gate\": true,\n"}
,{"stream_name":"stdout","time":9.768172244,"data":"  \"use_ilp\": true,\n"}
,{"stream_name":"stdout","time":9.768175815,"data":"  \"weights\": \"weights/unet_transformer/split_0/edge_predictor_best.pth\"\n"}
,{"stream_name":"stdout","time":9.768179638,"data":"}\n"}
,{"stream_name":"stdout","time":9.98438589,"data":"ARTIFACTS: /kaggle/input/datasets/pilkwang/biohub-tracking-support-pack-50ep-v1\n"}
,{"stream_name":"stdout","time":9.98442474,"data":"Has offline wheels: True\n"}
,{"stream_name":"stdout","time":9.984430249999999,"data":"Artifact name: biohub-tracking-support-pack-400ep-snapshot-v1\n"}
,{"stream_name":"stdout","time":9.984434406,"data":"Weight sha256: 12f6881ee3620a831697ca098ff8f48e687a24225f4e048b538deec3562fe771\n"}
,{"stream_name":"stdout","time":9.984438051,"data":"Weight path: weights/unet_transformer/split_0/edge_predictor_best.pth\n"}
,{"stream_name":"stdout","time":10.727602049,"data":"Installing missing packages from offline package dirs: ['polars']\n"}
,{"stream_name":"stdout","time":10.727628131,"data":"Dependency resolver is disabled with --no-deps to avoid replacing Kaggle numpy/scipy in a live kernel.\n"}
,{"stream_name":"stdout","time":10.727633315,"data":"Offline package dirs: ['/kaggle/input/datasets/pilkwang/biohub-tracking-support-pack-50ep-v1/wheels']\n"}
,{"stream_name":"stdout","time":16.051547228,"data":"Offline dependency install succeeded.\n"}
,{"stream_name":"stdout","time":16.051585891,"data":"Installing missing packages from offline package dirs: ['tracksdata', 'zarr', 'pyscipopt', 'geff', 'geff_spec', 'ilpy', 'imagecodecs', 'rustworkx', 'numcodecs', 'donfig', 'bidict']\n"}
,{"stream_name":"stdout","time":16.051593214,"data":"Dependency resolver is disabled with --no-deps to avoid replacing Kaggle numpy/scipy in a live kernel.\n"}
,{"stream_name":"stdout","time":16.051598467,"data":"Offline package dirs: ['/kaggle/input/datasets/pilkwang/biohub-tracking-support-pack-50ep-v1/wheels']\n"}
,{"stream_name":"stdout","time":41.304182051,"data":"Offline dependency install succeeded.\n"}
,{"stream_name":"stderr","time":48.999466145,"data":"/usr/local/lib/python3.12/dist-packages/dask/array/image.py:7: FutureWarning: `find_available_plugins` is deprecated since version 0.25 and will be removed in version 0.27. The plugin infrastructure of `skimage.io` is deprecated. Instead, use `imageio` or other I/O packages directly.\n"}
,{"stream_name":"stderr","time":48.999502597,"data":"  from skimage.io import imread as sk_imread\n"}
,{"stream_name":"stderr","time":48.999509549,"data":"/usr/lib/python3.12/importlib/__init__.py:90: FutureWarning: `reset_plugins` is deprecated since version 0.25 and will be removed in version 0.27. The plugin infrastructure of `skimage.io` is deprecated. Instead, use `imageio` or other I/O packages directly.\n"}
,{"stream_name":"stderr","time":48.999515022,"data":"  return _bootstrap._gcd_import(name[level:], package, level)\n"}
,{"stream_name":"stderr","time":48.999523088,"data":"\n"}
,{"stream_name":"stderr","time":48.999527591,"data":"/usr/local/lib/python3.12/dist-packages/dask/array/image.py:7: FutureWarning: `find_available_plugins` is deprecated since version 0.25 and will be removed in version 0.27. The plugin infrastructure of `skimage.io` is deprecated. Instead, use `imageio` or other I/O packages directly.\n"}
,{"stream_name":"stderr","time":48.999538886,"data":"  from skimage.io import imread as sk_imread\n"}
,{"stream_name":"stderr","time":48.999542679,"data":"/usr/lib/python3.12/importlib/__init__.py:90: FutureWarning: `reset_plugins` is deprecated since version 0.25 and will be removed in version 0.27. The plugin infrastructure of `skimage.io` is deprecated. Instead, use `imageio` or other I/O packages directly.\n"}
,{"stream_name":"stderr","time":48.999546232,"data":"  return _bootstrap._gcd_import(name[level:], package, level)\n"}
,{"stream_name":"stdout","time":49.208784864,"data":"Required graph/Zarr/ILP packages import successfully.\n"}
,{"stream_name":"stdout","time":49.208821812,"data":"Inference repo: /kaggle/working/tracking_repo\n"}
,{"stream_name":"stdout","time":49.208826018,"data":"Weights: /kaggle/working/tracking_repo/weights/unet_transformer/split_0/edge_predictor_best.pth\n"}
,{"stream_name":"stdout","time":49.696435672,"data":"Support repo Python manifest SHA256: 978b626d1fd1e7397435a437dfe68691defe1572fc3c20e61012d7c9b52ed029\n"}
,{"stream_name":"stdout","time":49.696470986,"data":"Primary materialized SHA256: 12f6881ee3620a831697ca098ff8f48e687a24225f4e048b538deec3562fe771\n"}
,{"stream_name":"stdout","time":49.696487471,"data":"DeepCenter materialized SHA256: 8040999a92f6b7bbd98fa8cf458141e045c0f9ad7c936bdb3b18e1f7edafe2a0\n"}
,{"stream_name":"stdout","time":383.861076185,"data":"Secondary artifact: /kaggle/input/datasets/pilkwang/biohub-temporal-unet3d-seed314159-v1\n"}
,{"stream_name":"stdout","time":383.861119925,"data":"Secondary weight: /kaggle/working/secondary_seed_weights/unet_transformer/split_0/edge_predictor_best.pth\n"}
,{"stream_name":"stdout","time":383.861126643,"data":"Secondary SHA256: 9bac2fa0dadc4a6fc1899e0caf187f4b553e0a7cd90ba1261a68b35ffe9e305f\n"}
,{"stream_name":"stdout","time":383.861131837,"data":"Secondary edge-logit weight: 0.15\n"}
,{"stream_name":"stdout","time":383.861136207,"data":"Runtime integrity receipt: /kaggle/working/bidirectional_production_runtime_integrity.json\n"}
,{"stream_name":"stdout","time":388.193819086,"data":"CUDA device: Tesla T4\n"}
,{"stream_name":"stdout","time":388.193850308,"data":"TTA patch applied (400ep spatial D4-style)\n"}
,{"stream_name":"stdout","time":388.193857137,"data":"Calibrated dual-seed runtime patch applied\n"}
,{"stream_name":"stdout","time":388.193862193,"data":"Frozen frame retention guard applied at 0.90\n"}
,{"stream_name":"stdout","time":388.193866978,"data":"Bidirectional harmonic-probability association fusion applied | weight= 0.15\n"}
,{"stream_name":"stdout","time":388.193871813,"data":"EXP045 pre-threshold candidate hooks applied\n"}
,{"stream_name":"stdout","time":388.193877081,"data":"Found 4 test videos\n"}
,{"stream_name":"stdout","time":388.193882292,"data":"['44b6_0113de3b', '44b6_0b24845f', '6bba_05b6850b', '6bba_05db0fb1']\n"}
,{"stream_name":"stdout","time":388.193887126,"data":"Launching 2 independent video shards on CUDA devices ['0', '1']\n"}
,{"stream_name":"stdout","time":388.193892493,"data":"GPU shard 0: CUDA_VISIBLE_DEVICES=0 | /usr/bin/python3 scripts/predict_unet_transformer.py --data-dir /kaggle/input/competitions/biohub-cell-tracking-during-development/test --splits kaggle_test_splits_50ep.json --split 0 --weights weights/unet_transformer/split_0/edge_predictor_best.pth --unet-batch-size 4 --det-threshold 0.96 --ilp-edge-weight -1.0 --ilp-appearance-weight 0.0 --ilp-disappearance-weight 2.0 --ilp-division-weight 1.2 --use-ilp --method unet_transformer_gpu0 --slice 0::2\n"}
,{"stream_name":"stdout","time":388.195010879,"data":"GPU shard 1: CUDA_VISIBLE_DEVICES=1 | /usr/bin/python3 scripts/predict_unet_transformer.py --data-dir /kaggle/input/competitions/biohub-cell-tracking-during-development/test --splits kaggle_test_splits_50ep.json --split 0 --weights weights/unet_transformer/split_0/edge_predictor_best.pth --unet-batch-size 4 --det-threshold 0.96 --ilp-edge-weight -1.0 --ilp-appearance-weight 0.0 --ilp-disappearance-weight 2.0 --ilp-division-weight 1.2 --use-ilp --method unet_transformer_gpu1 --slice 1::2\n"}
,{"stream_name":"stderr","time":393.618247909,"data":"/usr/local/lib/python3.12/dist-packages/dask/array/image.py:7: FutureWarning: `find_available_plugins` is deprecated since version 0.25 and will be removed in version 0.27. The plugin infrastructure of `skimage.io` is deprecated. Instead, use `imageio` or other I/O packages directly.\n"}
,{"stream_name":"stderr","time":393.618330425,"data":"  from skimage.io import imread as sk_imread\n"}
,{"stream_name":"stderr","time":393.622603829,"data":"/usr/lib/python3.12/importlib/__init__.py:90: FutureWarning: `reset_plugins` is deprecated since version 0.25 and will be removed in version 0.27. The plugin infrastructure of `skimage.io` is deprecated. Instead, use `imageio` or other I/O packages directly.\n"}
,{"stream_name":"stderr","time":393.622639051,"data":"  return _bootstrap._gcd_import(name[level:], package, level)\n"}
,{"stream_name":"stderr","time":393.697670456,"data":"/usr/local/lib/python3.12/dist-packages/dask/array/image.py:7: FutureWarning: `find_available_plugins` is deprecated since version 0.25 and will be removed in version 0.27. The plugin infrastructure of `skimage.io` is deprecated. Instead, use `imageio` or other I/O packages directly.\n"}
,{"stream_name":"stderr","time":393.697732205,"data":"  from skimage.io import imread as sk_imread\n"}
,{"stream_name":"stderr","time":393.70270424,"data":"/usr/lib/python3.12/importlib/__init__.py:90: FutureWarning: `reset_plugins` is deprecated since version 0.25 and will be removed in version 0.27. The plugin infrastructure of `skimage.io` is deprecated. Instead, use `imageio` or other I/O packages directly.\n"}
,{"stream_name":"stderr","time":393.702726344,"data":"  return _bootstrap._gcd_import(name[level:], package, level)\n"}
,{"stream_name":"stderr","time":393.82123682,"data":"/usr/local/lib/python3.12/dist-packages/dask/array/image.py:7: FutureWarning: `find_available_plugins` is deprecated since version 0.25 and will be removed in version 0.27. The plugin infrastructure of `skimage.io` is deprecated. Instead, use `imageio` or other I/O packages directly.\n"}
,{"stream_name":"stderr","time":393.821268186,"data":"  from skimage.io import imread as sk_imread\n"}
,{"stream_name":"stderr","time":393.821273668,"data":"/usr/lib/python3.12/importlib/__init__.py:90: FutureWarning: `reset_plugins` is deprecated since version 0.25 and will be removed in version 0.27. The plugin infrastructure of `skimage.io` is deprecated. Instead, use `imageio` or other I/O packages directly.\n"}
,{"stream_name":"stderr","time":393.821279688,"data":"  return _bootstrap._gcd_import(name[level:], package, level)\n"}
,{"stream_name":"stderr","time":393.821284571,"data":"/usr/local/lib/python3.12/dist-packages/dask/array/image.py:7: FutureWarning: `find_available_plugins` is deprecated since version 0.25 and will be removed in version 0.27. The plugin infrastructure of `skimage.io` is deprecated. Instead, use `imageio` or other I/O packages directly.\n"}
,{"stream_name":"stderr","time":393.821289736,"data":"  from skimage.io import imread as sk_imread\n"}
,{"stream_name":"stderr","time":393.821294714,"data":"/usr/lib/python3.12/importlib/__init__.py:90: FutureWarning: `reset_plugins` is deprecated since version 0.25 and will be removed in version 0.27. The plugin infrastructure of `skimage.io` is deprecated. Instead, use `imageio` or other I/O packages directly.\n"}
,{"stream_name":"stderr","time":393.821299708,"data":"  return _bootstrap._gcd_import(name[level:], package, level)\n"}
,{"stream_name":"stderr","time":393.821304422,"data":"\n"}
,{"stream_name":"stderr","time":393.821308804,"data":"/usr/local/lib/python3.12/dist-packages/dask/array/image.py:7: FutureWarning: `find_available_plugins` is deprecated since version 0.25 and will be removed in version 0.27. The plugin infrastructure of `skimage.io` is deprecated. Instead, use `imageio` or other I/O packages directly.\n"}
,{"stream_name":"stderr","time":393.82131477,"data":"  from skimage.io import imread as sk_imread\n"}
,{"stream_name":"stderr","time":393.821319324,"data":"/usr/lib/python3.12/importlib/__init__.py:90: FutureWarning: `reset_plugins` is deprecated since version 0.25 and will be removed in version 0.27. The plugin infrastructure of `skimage.io` is deprecated. Instead, use `imageio` or other I/O packages directly.\n"}
,{"stream_name":"stderr","time":393.821324449,"data":"  return _bootstrap._gcd_import(name[level:], package, level)\n"}
,{"stream_name":"stderr","time":393.821340025,"data":"/usr/local/lib/python3.12/dist-packages/dask/array/image.py:7: FutureWarning: `find_available_plugins` is deprecated since version 0.25 and will be removed in version 0.27. The plugin infrastructure of `skimage.io` is deprecated. Instead, use `imageio` or other I/O packages directly.\n"}
,{"stream_name":"stderr","time":393.82135256,"data":"  from skimage.io import imread as sk_imread\n"}
,{"stream_name":"stderr","time":393.82135712,"data":"/usr/lib/python3.12/importlib/__init__.py:90: FutureWarning: `reset_plugins` is deprecated since version 0.25 and will be removed in version 0.27. The plugin infrastructure of `skimage.io` is deprecated. Instead, use `imageio` or other I/O packages directly.\n"}
,{"stream_name":"stderr","time":393.821363381,"data":"  return _bootstrap._gcd_import(name[level:], package, level)\n"}
,{"stream_name":"stdout","time":394.328601182,"data":"Secondary model: /kaggle/working/secondary_seed_weights/unet_transformer/split_0/edge_predictor_best.pth | edge weight=0.150 | detection weight=0.800 | link mode=low_margin_consensus | temperature=1.000 | low-margin max=0.350 | edge threshold=0.480\n"}
,{"stream_name":"stdout","time":394.329052524,"data":"Fold 0: 2 datasets | weights=weights/unet_transformer/split_0/edge_predictor_best.pth | device=cuda | window_size=2 | pool_kernel_um=3.0\n"}
,{"stream_name":"stdout","time":394.329095273,"data":"Secondary model: /kaggle/working/secondary_seed_weights/unet_transformer/split_0/edge_predictor_best.pth | edge weight=0.150 | detection weight=0.800 | link mode=low_margin_consensus | temperature=1.000 | low-margin max=0.350 | edge threshold=0.480\n"}
,{"stream_name":"stdout","time":394.3291017,"data":"Fold 0: 2 datasets | weights=weights/unet_transformer/split_0/edge_predictor_best.pth | device=cuda | window_size=2 | pool_kernel_um=3.0\n"}
,{"stream_name":"stdout","time":394.531798767,"data":"Secondary model: /kaggle/working/secondary_seed_weights/unet_transformer/split_0/edge_predictor_best.pth | edge weight=0.150 | detection weight=0.800 | link mode=low_margin_consensus | temperature=1.000 | low-margin max=0.350 | edge threshold=0.480\n"}
,{"stream_name":"stdout","time":394.531826158,"data":"Fold 0: 2 datasets | weights=weights/unet_transformer/split_0/edge_predictor_best.pth | device=cuda | window_size=2 | pool_kernel_um=3.0\n"}
,{"stream_name":"stdout","time":394.531829975,"data":"Secondary model: /kaggle/working/secondary_seed_weights/unet_transformer/split_0/edge_predictor_best.pth | edge weight=0.150 | detection weight=0.800 | link mode=low_margin_consensus | temperature=1.000 | low-margin max=0.350 | edge threshold=0.480\n"}
,{"stream_name":"stdout","time":394.53183357,"data":"Fold 0: 2 datasets | weights=weights/unet_transformer/split_0/edge_predictor_best.pth | device=cuda | window_size=2 | pool_kernel_um=3.0\n"}
,{"stream_name":"stdout","time":397.235399831,"data":"BIOHUB_RETENTION_GUARD {\"blended_candidates\": 397, \"dataset\": \"44b6_0b24845f\", \"frame\": 0, \"minimum_retention\": 0.9, \"primary_candidates\": 472, \"retention\": 0.8411016949152542, \"use_primary\": true}\n"}
,{"stream_name":"stdout","time":397.236852881,"data":"BIOHUB_RETENTION_GUARD {\"blended_candidates\": 397, \"dataset\": \"44b6_0b24845f\", \"frame\": 1, \"minimum_retention\": 0.9, \"primary_candidates\": 451, \"retention\": 0.8802660753880266, \"use_primary\": true}\n"}
,{"stream_name":"stdout","time":397.438299778,"data":"BIOHUB_RETENTION_GUARD {\"blended_candidates\": 397, \"dataset\": \"44b6_0b24845f\", \"frame\": 0, \"minimum_retention\": 0.9, \"primary_candidates\": 472, \"retention\": 0.8411016949152542, \"use_primary\": true}\n"}
,{"stream_name":"stdout","time":397.438334406,"data":"BIOHUB_RETENTION_GUARD {\"blended_candidates\": 397, \"dataset\": \"44b6_0b24845f\", \"frame\": 1, \"minimum_retention\": 0.9, \"primary_candidates\": 451, \"retention\": 0.8802660753880266, \"use_primary\": true}\n"}
,{"stream_name":"stdout","time":402.146548198,"data":"BIOHUB_RETENTION_GUARD {\"blended_candidates\": 337, \"dataset\": \"44b6_0b24845f\", \"frame\": 2, \"minimum_retention\": 0.9, \"primary_candidates\": 395, \"retention\": 0.8531645569620253, \"use_primary\": true}\n"}
,{"stream_name":"stdout","time":402.349345208,"data":"BIOHUB_RETENTION_GUARD {\"blended_candidates\": 337, \"dataset\": \"44b6_0b24845f\", \"frame\": 2, \"minimum_retention\": 0.9, \"primary_candidates\": 395, \"retention\": 0.8531645569620253, \"use_primary\": true}\n"}
,{"stream_name":"stdout","time":404.05671687,"data":"BIOHUB_RETENTION_GUARD {\"blended_candidates\": 370, \"dataset\": \"44b6_0b24845f\", \"frame\": 3, \"minimum_retention\": 0.9, \"primary_candidates\": 427, \"retention\": 0.8665105386416861, \"use_primary\": true}\n"}
,{"stream_name":"stdout","time":404.258876666,"data":"BIOHUB_RETENTION_GUARD {\"blended_candidates\": 370, \"dataset\": \"44b6_0b24845f\", \"frame\": 3, \"minimum_retention\": 0.9, \"primary_candidates\": 427, \"retention\": 0.8665105386416861, \"use_primary\": true}\n"}
,{"stream_name":"stdout","time":405.968248722,"data":"BIOHUB_RETENTION_GUARD {\"blended_candidates\": 347, \"dataset\": \"44b6_0b24845f\", \"frame\": 4, \"minimum_retention\": 0.9, \"primary_candidates\": 414, \"retention\": 0.8381642512077294, \"use_primary\": true}\n"}
,{"stream_name":"stdout","time":406.170946007,"data":"BIOHUB_RETENTION_GUARD {\"blended_candidates\": 347, \"dataset\": \"44b6_0b24845f\", \"frame\": 4, \"minimum_retention\": 0.9, \"primary_candidates\": 414, \"retention\": 0.8381642512077294, \"use_primary\": true}\n"}
,{"stream_name":"stdout","time":407.8774418,"data":"BIOHUB_RETENTION_GUARD {\"blended_candidates\": 330, \"dataset\": \"44b6_0b24845f\", \"frame\": 5, \"minimum_retention\": 0.9, \"primary_candidates\": 393, \"retention\": 0.8396946564885496, \"use_primary\": true}\n"}
,{"stream_name":"stdout","time":408.079970932,"data":"BIOHUB_RETENTION_GUARD {\"blended_candidates\": 330, \"dataset\": \"44b6_0b24845f\", \"frame\": 5, \"minimum_retention\": 0.9, \"primary_candidates\": 393, \"retention\": 0.8396946564885496, \"use_primary\": true}\n"}
,{"stream_name":"stdout","time":409.788443766,"data":"BIOHUB_RETENTION_GUARD {\"blended_candidates\": 336, \"dataset\": \"44b6_0b24845f\", \"frame\": 6, \"minimum_retention\": 0.9, \"primary_candidates\": 410, \"retention\": 0.8195121951219512, \"use_primary\": true}\n"}
,{"stream_name":"stdout","time":409.990512891,"data":"BIOHUB_RETENTION_GUARD {\"blended_candidates\": 336, \"dataset\": \"44b6_0b24845f\", \"frame\": 6, \"minimum_retention\": 0.9, \"primary_candidates\": 410, \"retention\": 0.8195121951219512, \"use_primary\": true}\n"}
,{"stream_name":"stdout","time":411.727681809,"data":"BIOHUB_RETENTION_GUARD {\"blended_candidates\": 317, \"dataset\": \"44b6_0b24845f\", \"frame\": 7, \"minimum_retention\": 0.9, \"primary_candidates\": 397, \"retention\": 0.7984886649874056, \"use_primary\": true}\n"}
,{"stream_name":"stdout","time":411.929824787,"data":"BIOHUB_RETENTION_GUARD {\"blended_candidates\": 317, \"dataset\": \"44b6_0b24845f\", \"frame\": 7, \"minimum_retention\": 0.9, \"primary_candidates\": 397, \"retention\": 0.7984886649874056, \"use_primary\": true}\n"}
,{"stream_name":"stdout","time":413.658639563,"data":"BIOHUB_RETENTION_GUARD {\"blended_candidates\": 388, \"dataset\": \"44b6_0b24845f\", \"frame\": 8, \"minimum_retention\": 0.9, \"primary_candidates\": 450, \"retention\": 0.8622222222222222, \"use_primary\": true}\n"}
,{"stream_name":"stdout","time":413.861251136,"data":"BIOHUB_RETENTION_GUARD {\"blended_candidates\": 388, \"dataset\": \"44b6_0b24845f\", \"frame\": 8, \"minimum_retention\": 0.9, \"primary_candidates\": 450, \"retention\": 0.8622222222222222, \"use_primary\": true}\n"}
,{"stream_name":"stdout","time":415.57771625,"data":"BIOHUB_RETENTION_GUARD {\"blended_candidates\": 369, \"dataset\": \"44b6_0b24845f\", \"frame\": 9, \"minimum_retention\": 0.9, \"primary_candidates\": 438, \"retention\": 0.8424657534246576, \"use_primary\": true}\n"}
,{"stream_name":"stdout","time":415.792401561,"data":"BIOHUB_RETENTION_GUARD {\"blended_candidates\": 369, \"dataset\": \"44b6_0b24845f\", \"frame\": 9, \"minimum_retention\": 0.9, \"primary_candidates\": 438, \"retention\": 0.8424657534246576, \"use_primary\": true}\n"}
,{"stream_name":"stdout","time":417.509705822,"data":"BIOHUB_RETENTION_GUARD {\"blended_candidates\": 341, \"dataset\": \"44b6_0b24845f\", \"frame\": 10, \"minimum_retention\": 0.9, \"primary_candidates\": 430, \"retention\": 0.7930232558139535, \"use_primary\": true}\n"}
,{"stream_name":"stdout","time":417.711977752,"data":"BIOHUB_RETENTION_GUARD {\"blended_candidates\": 341, \"dataset\": \"44b6_0b24845f\", \"frame\": 10, \"minimum_retention\": 0.9, \"primary_candidates\": 430, \"retention\": 0.7930232558139535, \"use_primary\": true}\n"}
,{"stream_name":"stdout","time":419.472393451,"data":"BIOHUB_RETENTION_GUARD {\"blended_candidates\": 385, \"dataset\": \"44b6_0b24845f\", \"frame\": 11, \"minimum_retention\": 0.9, \"primary_candidates\": 449, \"retention\": 0.8574610244988864, \"use_primary\": true}\n"}
,{"stream_name":"stdout","time":419.674868204,"data":"BIOHUB_RETENTION_GUARD {\"blended_candidates\": 385, \"dataset\": \"44b6_0b24845f\", \"frame\": 11, \"minimum_retention\": 0.9, \"primary_candidates\": 449, \"retention\": 0.8574610244988864, \"use_primary\": true}\n"}
,{"stream_name":"stdout","time":421.434068071,"data":"BIOHUB_RETENTION_GUARD {\"blended_candidates\": 311, \"dataset\": \"44b6_0b24845f\", \"frame\": 12, \"minimum_retention\": 0.9, \"primary_candidates\": 369, \"retention\": 0.8428184281842819, \"use_primary\": true}\n"}
,{"stream_name":"stdout","time":421.636293216,"data":"BIOHUB_RETENTION_GUARD {\"blended_candidates\": 311, \"dataset\": \"44b6_0b24845f\", \"frame\": 12, \"minimum_retention\": 0.9, \"primary_candidates\": 369, \"retention\": 0.8428184281842819, \"use_primary\": true}\n"}
,{"stream_name":"stdout","time":423.371485447,"data":"BIOHUB_RETENTION_GUARD {\"blended_candidates\": 324, \"dataset\": \"44b6_0b24845f\", \"frame\": 13, \"minimum_retention\": 0.9, \"primary_candidates\": 386, \"retention\": 0.8393782383419689, \"use_primary\": true}\n"}
,{"stream_name":"stdout","time":423.575657249,"data":"BIOHUB_RETENTION_GUARD {\"blended_candidates\": 324, \"dataset\": \"44b6_0b24845f\", \"frame\": 13, \"minimum_retention\": 0.9, \"primary_candidates\": 386, \"retention\": 0.8393782383419689, \"use_primary\": true}\n"}
,{"stream_name":"stdout","time":425.300087315,"data":"BIOHUB_RETENTION_GUARD {\"blended_candidates\": 342, \"dataset\": \"44b6_0b24845f\", \"frame\": 14, \"minimum_retention\": 0.9, \"primary_candidates\": 384, \"retention\": 0.890625, \"use_primary\": true}\n"}
,{"stream_name":"stdout","time":425.502839862,"data":"BIOHUB_RETENTION_GUARD {\"blended_candidates\": 342, \"dataset\": \"44b6_0b24845f\", \"frame\": 14, \"minimum_retention\": 0.9, \"primary_candidates\": 384, \"retention\": 0.890625, \"use_primary\": true}\n"}
,{"stream_name":"stdout","time":436.875375435,"data":"BIOHUB_RETENTION_GUARD {\"blended_candidates\": 292, \"dataset\": \"44b6_0b24845f\", \"frame\": 20, \"minimum_retention\": 0.9, \"primary_candidates\": 325, \"retention\": 0.8984615384615384, \"use_primary\": true}\n"}
,{"stream_name":"stdout","time":437.078125062,"data":"BIOHUB_RETENTION_GUARD {\"blended_candidates\": 292, \"dataset\": \"44b6_0b24845f\", \"frame\": 20, \"minimum_retention\": 0.9, \"primary_candidates\": 325, \"retention\": 0.8984615384615384, \"use_primary\": true}\n"}
,{"stream_name":"stdout","time":438.820315602,"data":"BIOHUB_RETENTION_GUARD {\"blended_candidates\": 275, \"dataset\": \"44b6_0b24845f\", \"frame\": 21, \"minimum_retention\": 0.9, \"primary_candidates\": 331, \"retention\": 0.8308157099697885, \"use_primary\": true}\n"}
,{"stream_name":"stdout","time":439.022867212,"data":"BIOHUB_RETENTION_GUARD {\"blended_candidates\": 275, \"dataset\": \"44b6_0b24845f\", \"frame\": 21, \"minimum_retention\": 0.9, \"primary_candidates\": 331, \"retention\": 0.8308157099697885, \"use_primary\": true}\n"}
,{"stream_name":"stdout","time":440.75549434,"data":"BIOHUB_RETENTION_GUARD {\"blended_candidates\": 294, \"dataset\": \"44b6_0b24845f\", \"frame\": 22, \"minimum_retention\": 0.9, \"primary_candidates\": 334, \"retention\": 0.8802395209580839, \"use_primary\": true}\n"}
,{"stream_name":"stdout","time":440.958498092,"data":"BIOHUB_RETENTION_GUARD {\"blended_candidates\": 294, \"dataset\": \"44b6_0b24845f\", \"frame\": 22, \"minimum_retention\": 0.9, \"primary_candidates\": 334, \"retention\": 0.8802395209580839, \"use_primary\": true}\n"}
,{"stream_name":"stdout","time":444.635693269,"data":"BIOHUB_RETENTION_GUARD {\"blended_candidates\": 265, \"dataset\": \"44b6_0b24845f\", \"frame\": 24, \"minimum_retention\": 0.9, \"primary_candidates\": 314, \"retention\": 0.8439490445859873, \"use_primary\": true}\n"}
,{"stream_name":"stdout","time":444.837982595,"data":"BIOHUB_RETENTION_GUARD {\"blended_candidates\": 265, \"dataset\": \"44b6_0b24845f\", \"frame\": 24, \"minimum_retention\": 0.9, \"primary_candidates\": 314, \"retention\": 0.8439490445859873, \"use_primary\": true}\n"}
,{"stream_name":"stdout","time":448.523142385,"data":"BIOHUB_RETENTION_GUARD {\"blended_candidates\": 278, \"dataset\": \"44b6_0b24845f\", \"frame\": 26, \"minimum_retention\": 0.9, \"primary_candidates\": 314, \"retention\": 0.8853503184713376, \"use_primary\": true}\n"}
,{"stream_name":"stdout","time":448.738510967,"data":"BIOHUB_RETENTION_GUARD {\"blended_candidates\": 278, \"dataset\": \"44b6_0b24845f\", \"frame\": 26, \"minimum_retention\": 0.9, \"primary_candidates\": 314, \"retention\": 0.8853503184713376, \"use_primary\": true}\n"}
,{"stream_name":"stdout","time":450.508288131,"data":"BIOHUB_RETENTION_GUARD {\"blended_candidates\": 262, \"dataset\": \"44b6_0b24845f\", \"frame\": 27, \"minimum_retention\": 0.9, \"primary_candidates\": 308, \"retention\": 0.8506493506493507, \"use_primary\": true}\n"}
,{"stream_name":"stdout","time":450.710341466,"data":"BIOHUB_RETENTION_GUARD {\"blended_candidates\": 262, \"dataset\": \"44b6_0b24845f\", \"frame\": 27, \"minimum_retention\": 0.9, \"primary_candidates\": 308, \"retention\": 0.8506493506493507, \"use_primary\": true}\n"}
,{"stream_name":"stdout","time":460.325899183,"data":"BIOHUB_RETENTION_GUARD {\"blended_candidates\": 258, \"dataset\": \"44b6_0b24845f\", \"frame\": 32, \"minimum_retention\": 0.9, \"primary_candidates\": 305, \"retention\": 0.8459016393442623, \"use_primary\": true}\n"}
,{"stream_name":"stdout","time":460.528534957,"data":"BIOHUB_RETENTION_GUARD {\"blended_candidates\": 258, \"dataset\": \"44b6_0b24845f\", \"frame\": 32, \"minimum_retention\": 0.9, \"primary_candidates\": 305, \"retention\": 0.8459016393442623, \"use_primary\": true}\n"}
,{"stream_name":"stdout","time":462.29982562,"data":"BIOHUB_RETENTION_GUARD {\"blended_candidates\": 241, \"dataset\": \"44b6_0b24845f\", \"frame\": 33, \"minimum_retention\": 0.9, \"primary_candidates\": 284, \"retention\": 0.8485915492957746, \"use_primary\": true}\n"}
,{"stream_name":"stdout","time":462.50242736,"data":"BIOHUB_RETENTION_GUARD {\"blended_candidates\": 241, \"dataset\": \"44b6_0b24845f\", \"frame\": 33, \"minimum_retention\": 0.9, \"primary_candidates\": 284, \"retention\": 0.8485915492957746, \"use_primary\": true}\n"}
,{"stream_name":"stdout","time":490.537963107,"data":"BIOHUB_RETENTION_GUARD {\"blended_candidates\": 271, \"dataset\": \"44b6_0b24845f\", \"frame\": 47, \"minimum_retention\": 0.9, \"primary_candidates\": 312, \"retention\": 0.8685897435897436, \"use_primary\": true}\n"}
,{"stream_name":"stdout","time":490.753145778,"data":"BIOHUB_RETENTION_GUARD {\"blended_candidates\": 271, \"dataset\": \"44b6_0b24845f\", \"frame\": 47, \"minimum_retention\": 0.9, \"primary_candidates\": 312, \"retention\": 0.8685897435897436, \"use_primary\": true}\n"}
,{"stream_name":"stdout","time":498.761786296,"data":"BIOHUB_RETENTION_GUARD {\"blended_candidates\": 327, \"dataset\": \"44b6_0b24845f\", \"frame\": 51, \"minimum_retention\": 0.9, \"primary_candidates\": 367, \"retention\": 0.8910081743869209, \"use_primary\": true}\n"}
,{"stream_name":"stdout","time":498.964737977,"data":"BIOHUB_RETENTION_GUARD {\"blended_candidates\": 327, \"dataset\": \"44b6_0b24845f\", \"frame\": 51, \"minimum_retention\": 0.9, \"primary_candidates\": 367, \"retention\": 0.8910081743869209, \"use_primary\": true}\n"}
,{"stream_name":"stdout","time":502.984828819,"data":"BIOHUB_RETENTION_GUARD {\"blended_candidates\": 312, \"dataset\": \"44b6_0b24845f\", \"frame\": 53, \"minimum_retention\": 0.9, \"primary_candidates\": 352, \"retention\": 0.8863636363636364, \"use_primary\": true}\n"}
,{"stream_name":"stdout","time":503.187801848,"data":"BIOHUB_RETENTION_GUARD {\"blended_candidates\": 312, \"dataset\": \"44b6_0b24845f\", \"frame\": 53, \"minimum_retention\": 0.9, \"primary_candidates\": 352, \"retention\": 0.8863636363636364, \"use_primary\": true}\n"}
,{"stream_name":"stdout","time":513.557146277,"data":"BIOHUB_RETENTION_GUARD {\"blended_candidates\": 267, \"dataset\": \"44b6_0b24845f\", \"frame\": 58, \"minimum_retention\": 0.9, \"primary_candidates\": 324, \"retention\": 0.8240740740740741, \"use_primary\": true}\n"}
,{"stream_name":"stdout","time":513.759790462,"data":"BIOHUB_RETENTION_GUARD {\"blended_candidates\": 267, \"dataset\": \"44b6_0b24845f\", \"frame\": 58, \"minimum_retention\": 0.9, \"primary_candidates\": 324, \"retention\": 0.8240740740740741, \"use_primary\": true}\n"}
,{"stream_name":"stdout","time":515.661998232,"data":"BIOHUB_RETENTION_GUARD {\"blended_candidates\": 310, \"dataset\": \"44b6_0b24845f\", \"frame\": 59, \"minimum_retention\": 0.9, \"primary_candidates\": 355, \"retention\": 0.8732394366197183, \"use_primary\": true}\n"}
,{"stream_name":"stdout","time":515.864627641,"data":"BIOHUB_RETENTION_GUARD {\"blended_candidates\": 310, \"dataset\": \"44b6_0b24845f\", \"frame\": 59, \"minimum_retention\": 0.9, \"primary_candidates\": 355, \"retention\": 0.8732394366197183, \"use_primary\": true}\n"}
,{"stream_name":"stdout","time":517.783401132,"data":"BIOHUB_RETENTION_GUARD {\"blended_candidates\": 345, \"dataset\": \"44b6_0b24845f\", \"frame\": 60, \"minimum_retention\": 0.9, \"primary_candidates\": 403, \"retention\": 0.8560794044665012, \"use_primary\": true}\n"}
,{"stream_name":"stdout","time":517.985725183,"data":"BIOHUB_RETENTION_GUARD {\"blended_candidates\": 345, \"dataset\": \"44b6_0b24845f\", \"frame\": 60, \"minimum_retention\": 0.9, \"primary_candidates\": 403, \"retention\": 0.8560794044665012, \"use_primary\": true}\n"}
,{"stream_name":"stdout","time":519.936171662,"data":"BIOHUB_RETENTION_GUARD {\"blended_candidates\": 281, \"dataset\": \"44b6_0b24845f\", \"frame\": 61, \"minimum_retention\": 0.9, \"primary_candidates\": 342, \"retention\": 0.8216374269005848, \"use_primary\": true}\n"}
,{"stream_name":"stdout","time":520.138428206,"data":"BIOHUB_RETENTION_GUARD {\"blended_candidates\": 281, \"dataset\": \"44b6_0b24845f\", \"frame\": 61, \"minimum_retention\": 0.9, \"primary_candidates\": 342, \"retention\": 0.8216374269005848, \"use_primary\": true}\n"}
,{"stream_name":"stdout","time":522.118535506,"data":"BIOHUB_RETENTION_GUARD {\"blended_candidates\": 310, \"dataset\": \"44b6_0b24845f\", \"frame\": 62, \"minimum_retention\": 0.9, \"primary_candidates\": 355, \"retention\": 0.8732394366197183, \"use_primary\": true}\n"}
,{"stream_name":"stdout","time":522.337916901,"data":"BIOHUB_RETENTION_GUARD {\"blended_candidates\": 310, \"dataset\": \"44b6_0b24845f\", \"frame\": 62, \"minimum_retention\": 0.9, \"primary_candidates\": 355, \"retention\": 0.8732394366197183, \"use_primary\": true}\n"}
,{"stream_name":"stdout","time":526.415144475,"data":"BIOHUB_RETENTION_GUARD {\"blended_candidates\": 302, \"dataset\": \"44b6_0b24845f\", \"frame\": 64, \"minimum_retention\": 0.9, \"primary_candidates\": 353, \"retention\": 0.8555240793201133, \"use_primary\": true}\n"}
,{"stream_name":"stdout","time":526.617783881,"data":"BIOHUB_RETENTION_GUARD {\"blended_candidates\": 302, \"dataset\": \"44b6_0b24845f\", \"frame\": 64, \"minimum_retention\": 0.9, \"primary_candidates\": 353, \"retention\": 0.8555240793201133, \"use_primary\": true}\n"}
,{"stream_name":"stdout","time":528.562724269,"data":"BIOHUB_RETENTION_GUARD {\"blended_candidates\": 336, \"dataset\": \"44b6_0b24845f\", \"frame\": 65, \"minimum_retention\": 0.9, \"primary_candidates\": 386, \"retention\": 0.8704663212435233, \"use_primary\": true}\n"}
,{"stream_name":"stdout","time":528.765210241,"data":"BIOHUB_RETENTION_GUARD {\"blended_candidates\": 336, \"dataset\": \"44b6_0b24845f\", \"frame\": 65, \"minimum_retention\": 0.9, \"primary_candidates\": 386, \"retention\": 0.8704663212435233, \"use_primary\": true}\n"}
,{"stream_name":"stdout","time":530.716895282,"data":"BIOHUB_RETENTION_GUARD {\"blended_candidates\": 329, \"dataset\": \"44b6_0b24845f\", \"frame\": 66, \"minimum_retention\": 0.9, \"primary_candidates\": 388, \"retention\": 0.8479381443298969, \"use_primary\": true}\n"}
,{"stream_name":"stdout","time":530.921584871,"data":"BIOHUB_RETENTION_GUARD {\"blended_candidates\": 329, \"dataset\": \"44b6_0b24845f\", \"frame\": 66, \"minimum_retention\": 0.9, \"primary_candidates\": 388, \"retention\": 0.8479381443298969, \"use_primary\": true}\n"}
,{"stream_name":"stdout","time":539.246426847,"data":"BIOHUB_RETENTION_GUARD {\"blended_candidates\": 274, \"dataset\": \"44b6_0b24845f\", \"frame\": 70, \"minimum_retention\": 0.9, \"primary_candidates\": 315, \"retention\": 0.8698412698412699, \"use_primary\": true}\n"}
,{"stream_name":"stdout","time":539.449515127,"data":"BIOHUB_RETENTION_GUARD {\"blended_candidates\": 274, \"dataset\": \"44b6_0b24845f\", \"frame\": 70, \"minimum_retention\": 0.9, \"primary_candidates\": 315, \"retention\": 0.8698412698412699, \"use_primary\": true}\n"}
,{"stream_name":"stdout","time":545.524218196,"data":"BIOHUB_RETENTION_GUARD {\"blended_candidates\": 206, \"dataset\": \"44b6_0b24845f\", \"frame\": 73, \"minimum_retention\": 0.9, \"primary_candidates\": 269, \"retention\": 0.7657992565055762, \"use_primary\": true}\n"}
,{"stream_name":"stdout","time":545.727414468,"data":"BIOHUB_RETENTION_GUARD {\"blended_candidates\": 206, \"dataset\": \"44b6_0b24845f\", \"frame\": 73, \"minimum_retention\": 0.9, \"primary_candidates\": 269, \"retention\": 0.7657992565055762, \"use_primary\": true}\n"}
,{"stream_name":"stdout","time":547.590033715,"data":"BIOHUB_RETENTION_GUARD {\"blended_candidates\": 232, \"dataset\": \"44b6_0b24845f\", \"frame\": 74, \"minimum_retention\": 0.9, \"primary_candidates\": 296, \"retention\": 0.7837837837837838, \"use_primary\": true}\n"}
,{"stream_name":"stdout","time":547.793124134,"data":"BIOHUB_RETENTION_GUARD {\"blended_candidates\": 232, \"dataset\": \"44b6_0b24845f\", \"frame\": 74, \"minimum_retention\": 0.9, \"primary_candidates\": 296, \"retention\": 0.7837837837837838, \"use_primary\": true}\n"}
,{"stream_name":"stdout","time":549.675262676,"data":"BIOHUB_RETENTION_GUARD {\"blended_candidates\": 330, \"dataset\": \"44b6_0b24845f\", \"frame\": 75, \"minimum_retention\": 0.9, \"primary_candidates\": 383, \"retention\": 0.8616187989556136, \"use_primary\": true}\n"}
,{"stream_name":"stdout","time":549.877292457,"data":"BIOHUB_RETENTION_GUARD {\"blended_candidates\": 330, \"dataset\": \"44b6_0b24845f\", \"frame\": 75, \"minimum_retention\": 0.9, \"primary_candidates\": 383, \"retention\": 0.8616187989556136, \"use_primary\": true}\n"}
,{"stream_name":"stdout","time":551.778523236,"data":"BIOHUB_RETENTION_GUARD {\"blended_candidates\": 332, \"dataset\": \"44b6_0b24845f\", \"frame\": 76, \"minimum_retention\": 0.9, \"primary_candidates\": 390, \"retention\": 0.8512820512820513, \"use_primary\": true}\n"}
,{"stream_name":"stdout","time":551.98182351,"data":"BIOHUB_RETENTION_GUARD {\"blended_candidates\": 332, \"dataset\": \"44b6_0b24845f\", \"frame\": 76, \"minimum_retention\": 0.9, \"primary_candidates\": 390, \"retention\": 0.8512820512820513, \"use_primary\": true}\n"}
,{"stream_name":"stdout","time":553.884005772,"data":"BIOHUB_RETENTION_GUARD {\"blended_candidates\": 256, \"dataset\": \"44b6_0b24845f\", \"frame\": 77, \"minimum_retention\": 0.9, \"primary_candidates\": 341, \"retention\": 0.750733137829912, \"use_primary\": true}\n"}
,{"stream_name":"stdout","time":554.097409079,"data":"BIOHUB_RETENTION_GUARD {\"blended_candidates\": 256, \"dataset\": \"44b6_0b24845f\", \"frame\": 77, \"minimum_retention\": 0.9, \"primary_candidates\": 341, \"retention\": 0.750733137829912, \"use_primary\": true}\n"}
,{"stream_name":"stdout","time":555.994876731,"data":"BIOHUB_RETENTION_GUARD {\"blended_candidates\": 295, \"dataset\": \"44b6_0b24845f\", \"frame\": 78, \"minimum_retention\": 0.9, \"primary_candidates\": 402, \"retention\": 0.7338308457711443, \"use_primary\": true}\n"}
,{"stream_name":"stdout","time":556.197613254,"data":"BIOHUB_RETENTION_GUARD {\"blended_candidates\": 295, \"dataset\": \"44b6_0b24845f\", \"frame\": 78, \"minimum_retention\": 0.9, \"primary_candidates\": 402, \"retention\": 0.7338308457711443, \"use_primary\": true}\n"}
,{"stream_name":"stdout","time":558.101745387,"data":"BIOHUB_RETENTION_GUARD {\"blended_candidates\": 316, \"dataset\": \"44b6_0b24845f\", \"frame\": 79, \"minimum_retention\": 0.9, \"primary_candidates\": 433, \"retention\": 0.7297921478060047, \"use_primary\": true}\n"}
,{"stream_name":"stdout","time":558.304300555,"data":"BIOHUB_RETENTION_GUARD {\"blended_candidates\": 316, \"dataset\": \"44b6_0b24845f\", \"frame\": 79, \"minimum_retention\": 0.9, \"primary_candidates\": 433, \"retention\": 0.7297921478060047, \"use_primary\": true}\n"}
,{"stream_name":"stdout","time":560.213508856,"data":"BIOHUB_RETENTION_GUARD {\"blended_candidates\": 310, \"dataset\": \"44b6_0b24845f\", \"frame\": 80, \"minimum_retention\": 0.9, \"primary_candidates\": 398, \"retention\": 0.7788944723618091, \"use_primary\": true}\n"}
,{"stream_name":"stdout","time":560.415831448,"data":"BIOHUB_RETENTION_GUARD {\"blended_candidates\": 310, \"dataset\": \"44b6_0b24845f\", \"frame\": 80, \"minimum_retention\": 0.9, \"primary_candidates\": 398, \"retention\": 0.7788944723618091, \"use_primary\": true}\n"}
,{"stream_name":"stdout","time":562.342717728,"data":"BIOHUB_RETENTION_GUARD {\"blended_candidates\": 311, \"dataset\": \"44b6_0b24845f\", \"frame\": 81, \"minimum_retention\": 0.9, \"primary_candidates\": 391, \"retention\": 0.7953964194373402, \"use_primary\": true}\n"}
,{"stream_name":"stdout","time":562.545424629,"data":"BIOHUB_RETENTION_GUARD {\"blended_candidates\": 311, \"dataset\": \"44b6_0b24845f\", \"frame\": 81, \"minimum_retention\": 0.9, \"primary_candidates\": 391, \"retention\": 0.7953964194373402, \"use_primary\": true}\n"}
,{"stream_name":"stdout","time":564.45347457,"data":"BIOHUB_RETENTION_GUARD {\"blended_candidates\": 290, \"dataset\": \"44b6_0b24845f\", \"frame\": 82, \"minimum_retention\": 0.9, \"primary_candidates\": 392, \"retention\": 0.7397959183673469, \"use_primary\": true}\n"}
,{"stream_name":"stdout","time":564.655879841,"data":"BIOHUB_RETENTION_GUARD {\"blended_candidates\": 290, \"dataset\": \"44b6_0b24845f\", \"frame\": 82, \"minimum_retention\": 0.9, \"primary_candidates\": 392, \"retention\": 0.7397959183673469, \"use_primary\": true}\n"}
,{"stream_name":"stdout","time":566.580152152,"data":"BIOHUB_RETENTION_GUARD {\"blended_candidates\": 275, \"dataset\": \"44b6_0b24845f\", \"frame\": 83, \"minimum_retention\": 0.9, \"primary_candidates\": 392, \"retention\": 0.701530612244898, \"use_primary\": true}\n"}
,{"stream_name":"stdout","time":566.7828391,"data":"BIOHUB_RETENTION_GUARD {\"blended_candidates\": 275, \"dataset\": \"44b6_0b24845f\", \"frame\": 83, \"minimum_retention\": 0.9, \"primary_candidates\": 392, \"retention\": 0.701530612244898, \"use_primary\": true}\n"}
,{"stream_name":"stdout","time":568.694221931,"data":"BIOHUB_RETENTION_GUARD {\"blended_candidates\": 294, \"dataset\": \"44b6_0b24845f\", \"frame\": 84, \"minimum_retention\": 0.9, \"primary_candidates\": 371, \"retention\": 0.7924528301886793, \"use_primary\": true}\n"}
,{"stream_name":"stdout","time":568.896799873,"data":"BIOHUB_RETENTION_GUARD {\"blended_candidates\": 294, \"dataset\": \"44b6_0b24845f\", \"frame\": 84, \"minimum_retention\": 0.9, \"primary_candidates\": 371, \"retention\": 0.7924528301886793, \"use_primary\": true}\n"}
,{"stream_name":"stdout","time":570.801293634,"data":"BIOHUB_RETENTION_GUARD {\"blended_candidates\": 205, \"dataset\": \"44b6_0b24845f\", \"frame\": 85, \"minimum_retention\": 0.9, \"primary_candidates\": 306, \"retention\": 0.6699346405228758, \"use_primary\": true}\n"}
,{"stream_name":"stdout","time":571.004389964,"data":"BIOHUB_RETENTION_GUARD {\"blended_candidates\": 205, \"dataset\": \"44b6_0b24845f\", \"frame\": 85, \"minimum_retention\": 0.9, \"primary_candidates\": 306, \"retention\": 0.6699346405228758, \"use_primary\": true}\n"}
,{"stream_name":"stdout","time":572.89258789,"data":"BIOHUB_RETENTION_GUARD {\"blended_candidates\": 178, \"dataset\": \"44b6_0b24845f\", \"frame\": 86, \"minimum_retention\": 0.9, \"primary_candidates\": 294, \"retention\": 0.6054421768707483, \"use_primary\": true}\n"}
,{"stream_name":"stdout","time":573.095858556,"data":"BIOHUB_RETENTION_GUARD {\"blended_candidates\": 178, \"dataset\": \"44b6_0b24845f\", \"frame\": 86, \"minimum_retention\": 0.9, \"primary_candidates\": 294, \"retention\": 0.6054421768707483, \"use_primary\": true}\n"}
,{"stream_name":"stdout","time":574.961981105,"data":"BIOHUB_RETENTION_GUARD {\"blended_candidates\": 243, \"dataset\": \"44b6_0b24845f\", \"frame\": 87, \"minimum_retention\": 0.9, \"primary_candidates\": 336, \"retention\": 0.7232142857142857, \"use_primary\": true}\n"}
,{"stream_name":"stdout","time":575.164507663,"data":"BIOHUB_RETENTION_GUARD {\"blended_candidates\": 243, \"dataset\": \"44b6_0b24845f\", \"frame\": 87, \"minimum_retention\": 0.9, \"primary_candidates\": 336, \"retention\": 0.7232142857142857, \"use_primary\": true}\n"}
,{"stream_name":"stdout","time":577.06526242,"data":"BIOHUB_RETENTION_GUARD {\"blended_candidates\": 301, \"dataset\": \"44b6_0b24845f\", \"frame\": 88, \"minimum_retention\": 0.9, \"primary_candidates\": 371, \"retention\": 0.8113207547169812, \"use_primary\": true}\n"}
,{"stream_name":"stdout","time":577.268508921,"data":"BIOHUB_RETENTION_GUARD {\"blended_candidates\": 301, \"dataset\": \"44b6_0b24845f\", \"frame\": 88, \"minimum_retention\": 0.9, \"primary_candidates\": 371, \"retention\": 0.8113207547169812, \"use_primary\": true}\n"}
,{"stream_name":"stdout","time":579.15427553,"data":"BIOHUB_RETENTION_GUARD {\"blended_candidates\": 235, \"dataset\": \"44b6_0b24845f\", \"frame\": 89, \"minimum_retention\": 0.9, \"primary_candidates\": 331, \"retention\": 0.7099697885196374, \"use_primary\": true}\n"}
,{"stream_name":"stdout","time":579.357285273,"data":"BIOHUB_RETENTION_GUARD {\"blended_candidates\": 235, \"dataset\": \"44b6_0b24845f\", \"frame\": 89, \"minimum_retention\": 0.9, \"primary_candidates\": 331, \"retention\": 0.7099697885196374, \"use_primary\": true}\n"}
,{"stream_name":"stdout","time":581.239522952,"data":"BIOHUB_RETENTION_GUARD {\"blended_candidates\": 185, \"dataset\": \"44b6_0b24845f\", \"frame\": 90, \"minimum_retention\": 0.9, \"primary_candidates\": 277, \"retention\": 0.6678700361010831, \"use_primary\": true}\n"}
,{"stream_name":"stdout","time":581.442322706,"data":"BIOHUB_RETENTION_GUARD {\"blended_candidates\": 185, \"dataset\": \"44b6_0b24845f\", \"frame\": 90, \"minimum_retention\": 0.9, \"primary_candidates\": 277, \"retention\": 0.6678700361010831, \"use_primary\": true}\n"}
,{"stream_name":"stdout","time":583.324633547,"data":"BIOHUB_RETENTION_GUARD {\"blended_candidates\": 147, \"dataset\": \"44b6_0b24845f\", \"frame\": 91, \"minimum_retention\": 0.9, \"primary_candidates\": 244, \"retention\": 0.6024590163934426, \"use_primary\": true}\n"}
,{"stream_name":"stdout","time":583.527820975,"data":"BIOHUB_RETENTION_GUARD {\"blended_candidates\": 147, \"dataset\": \"44b6_0b24845f\", \"frame\": 91, \"minimum_retention\": 0.9, \"primary_candidates\": 244, \"retention\": 0.6024590163934426, \"use_primary\": true}\n"}
,{"stream_name":"stdout","time":585.390969362,"data":"BIOHUB_RETENTION_GUARD {\"blended_candidates\": 160, \"dataset\": \"44b6_0b24845f\", \"frame\": 92, \"minimum_retention\": 0.9, \"primary_candidates\": 294, \"retention\": 0.54421768707483, \"use_primary\": true}\n"}
,{"stream_name":"stdout","time":585.616932369,"data":"BIOHUB_RETENTION_GUARD {\"blended_candidates\": 160, \"dataset\": \"44b6_0b24845f\", \"frame\": 92, \"minimum_retention\": 0.9, \"primary_candidates\": 294, \"retention\": 0.54421768707483, \"use_primary\": true}\n"}
,{"stream_name":"stdout","time":587.466620377,"data":"BIOHUB_RETENTION_GUARD {\"blended_candidates\": 142, \"dataset\": \"44b6_0b24845f\", \"frame\": 93, \"minimum_retention\": 0.9, \"primary_candidates\": 259, \"retention\": 0.5482625482625483, \"use_primary\": true}\n"}
,{"stream_name":"stdout","time":587.669362379,"data":"BIOHUB_RETENTION_GUARD {\"blended_candidates\": 142, \"dataset\": \"44b6_0b24845f\", \"frame\": 93, \"minimum_retention\": 0.9, \"primary_candidates\": 259, \"retention\": 0.5482625482625483, \"use_primary\": true}\n"}
,{"stream_name":"stdout","time":589.556997241,"data":"BIOHUB_RETENTION_GUARD {\"blended_candidates\": 181, \"dataset\": \"44b6_0b24845f\", \"frame\": 94, \"minimum_retention\": 0.9, \"primary_candidates\": 298, \"retention\": 0.6073825503355704, \"use_primary\": true}\n"}
,{"stream_name":"stdout","time":589.759816647,"data":"BIOHUB_RETENTION_GUARD {\"blended_candidates\": 181, \"dataset\": \"44b6_0b24845f\", \"frame\": 94, \"minimum_retention\": 0.9, \"primary_candidates\": 298, \"retention\": 0.6073825503355704, \"use_primary\": true}\n"}
,{"stream_name":"stdout","time":591.635991602,"data":"BIOHUB_RETENTION_GUARD {\"blended_candidates\": 151, \"dataset\": \"44b6_0b24845f\", \"frame\": 95, \"minimum_retention\": 0.9, \"primary_candidates\": 320, \"retention\": 0.471875, \"use_primary\": true}\n"}
,{"stream_name":"stdout","time":591.838278096,"data":"BIOHUB_RETENTION_GUARD {\"blended_candidates\": 151, \"dataset\": \"44b6_0b24845f\", \"frame\": 95, \"minimum_retention\": 0.9, \"primary_candidates\": 320, \"retention\": 0.471875, \"use_primary\": true}\n"}
,{"stream_name":"stdout","time":593.770850652,"data":"BIOHUB_RETENTION_GUARD {\"blended_candidates\": 138, \"dataset\": \"44b6_0b24845f\", \"frame\": 96, \"minimum_retention\": 0.9, \"primary_candidates\": 279, \"retention\": 0.4946236559139785, \"use_primary\": true}\n"}
,{"stream_name":"stdout","time":593.97335214,"data":"BIOHUB_RETENTION_GUARD {\"blended_candidates\": 138, \"dataset\": \"44b6_0b24845f\", \"frame\": 96, \"minimum_retention\": 0.9, \"primary_candidates\": 279, \"retention\": 0.4946236559139785, \"use_primary\": true}\n"}
,{"stream_name":"stdout","time":595.881901777,"data":"BIOHUB_RETENTION_GUARD {\"blended_candidates\": 191, \"dataset\": \"44b6_0b24845f\", \"frame\": 97, \"minimum_retention\": 0.9, \"primary_candidates\": 335, \"retention\": 0.5701492537313433, \"use_primary\": true}\n"}
,{"stream_name":"stdout","time":596.084401003,"data":"BIOHUB_RETENTION_GUARD {\"blended_candidates\": 191, \"dataset\": \"44b6_0b24845f\", \"frame\": 97, \"minimum_retention\": 0.9, \"primary_candidates\": 335, \"retention\": 0.5701492537313433, \"use_primary\": true}\n"}
,{"stream_name":"stdout","time":597.974391864,"data":"BIOHUB_RETENTION_GUARD {\"blended_candidates\": 171, \"dataset\": \"44b6_0b24845f\", \"frame\": 98, \"minimum_retention\": 0.9, \"primary_candidates\": 303, \"retention\": 0.5643564356435643, \"use_primary\": true}\n"}
,{"stream_name":"stdout","time":598.177176239,"data":"BIOHUB_RETENTION_GUARD {\"blended_candidates\": 171, \"dataset\": \"44b6_0b24845f\", \"frame\": 98, \"minimum_retention\": 0.9, \"primary_candidates\": 303, \"retention\": 0.5643564356435643, \"use_primary\": true}\n"}
,{"stream_name":"stdout","time":600.075176151,"data":"BIOHUB_RETENTION_GUARD {\"blended_candidates\": 119, \"dataset\": \"44b6_0b24845f\", \"frame\": 99, \"minimum_retention\": 0.9, \"primary_candidates\": 238, \"retention\": 0.5, \"use_primary\": true}\n"}
,{"stream_name":"stdout","time":600.277793951,"data":"BIOHUB_RETENTION_GUARD {\"blended_candidates\": 119, \"dataset\": \"44b6_0b24845f\", \"frame\": 99, \"minimum_retention\": 0.9, \"primary_candidates\": 238, \"retention\": 0.5, \"use_primary\": true}\n"}
,{"stream_name":"stdout","time":837.215669347,"data":"Saved 2 predictions to /kaggle/working/tracking_repo/predictions/unknown/unet_transformer_gpu0/split_0\n"}
,{"stream_name":"stdout","time":837.43549114,"data":"Saved 2 predictions to /kaggle/working/tracking_repo/predictions/unknown/unet_transformer_gpu0/split_0\n"}
,{"stream_name":"stdout","time":938.535821228,"data":"Saved 2 predictions to /kaggle/working/tracking_repo/predictions/unknown/unet_transformer_gpu1/split_0\n"}
,{"stream_name":"stdout","time":938.753300011,"data":"Saved 2 predictions to /kaggle/working/tracking_repo/predictions/unknown/unet_transformer_gpu1/split_0\n"}
,{"stream_name":"stdout","time":941.282117141,"data":"Merged 4 prediction graphs into /kaggle/working/tracking_repo/predictions/unknown/unet_transformer/split_0\n"}
,{"stream_name":"stdout","time":941.282150021,"data":"Prediction completed in 9.22 minutes\n"}
,{"stream_name":"stdout","time":1348.183961208,"data":"Trying DeepCenter add-only gate checkpoint: /kaggle/input/datasets/pilkwang/biohub-deepcenter-unet3d-center-prior-v1/weights/full_frame_center/best.pt\n"}
,{"stream_name":"stdout","time":1348.500177512,"data":"Loaded DeepCenter add-only gate checkpoint: /kaggle/input/datasets/pilkwang/biohub-deepcenter-unet3d-center-prior-v1/weights/full_frame_center/best.pt\n"}
,{"stream_name":"stdout","time":1348.500215252,"data":"DeepCenter checkpoint epoch: 2 best_score: -0.04500306242456039\n"}
,{"stream_name":"stdout","time":1348.500220491,"data":"Found 4 prediction graphs\n"}
,{"stream_name":"stdout","time":1368.486631959,"data":"  [44b6_0113de3b] after edge-filter+motion-relink: 25706 nodes, 24816 edges\n"}
,{"stream_name":"stdout","time":1371.296952389,"data":"  [44b6_0113de3b] after gap-closing (single-frame + gap2): 25770 nodes, 24931 edges\n"}
,{"stream_name":"stdout","time":1378.414957438,"data":"  [44b6_0113de3b] after safe-division repair: 25770 nodes, 24982 edges (geometric_candidates=179, deepcenter_rejected=114, post_veto_candidates=65, added=51, cap_skipped=0, mutual_nn_rejected=61, divergence_rejected=544)\n"}
,{"stream_name":"stdout","time":1378.414987043,"data":"  [44b6_0113de3b] after division-geometry-filter+prune-isolated: 25763 nodes, 24982 edges\n"}
,{"stream_name":"stdout","time":1378.414991177,"data":"  [44b6_0113de3b] after short-track filtering: 25507 nodes, 24784 edges (components_removed=58)\n"}
,{"stream_name":"stdout","time":1383.371420333,"data":"  [44b6_0113de3b] FINAL: 25507 nodes, 24784 edges\n"}
,{"stream_name":"stdout","time":1396.589851241,"data":"  [44b6_0b24845f] after edge-filter+motion-relink: 20340 nodes, 18338 edges\n"}
,{"stream_name":"stdout","time":1404.562371993,"data":"  [44b6_0b24845f] after gap-closing (single-frame + gap2): 20685 nodes, 18967 edges\n"}
,{"stream_name":"stdout","time":1410.561736114,"data":"  [44b6_0b24845f] after safe-division repair: 20685 nodes, 18977 edges (geometric_candidates=207, deepcenter_rejected=197, post_veto_candidates=10, added=10, cap_skipped=0, mutual_nn_rejected=61, divergence_rejected=773)\n"}
,{"stream_name":"stdout","time":1410.561792377,"data":"  [44b6_0b24845f] after division-geometry-filter+prune-isolated: 20669 nodes, 18977 edges\n"}
,{"stream_name":"stdout","time":1410.561799807,"data":"  [44b6_0b24845f] after short-track filtering: 18696 nodes, 17461 edges (components_removed=457)\n"}
,{"stream_name":"stdout","time":1414.13586192,"data":"  [44b6_0b24845f] FINAL: 18696 nodes, 17461 edges\n"}
,{"stream_name":"stdout","time":1415.739673298,"data":"  [6bba_05b6850b] after edge-filter+motion-relink: 6207 nodes, 5938 edges\n"}
,{"stream_name":"stdout","time":1416.300746976,"data":"  [6bba_05b6850b] after gap-closing (single-frame + gap2): 6231 nodes, 5982 edges\n"}
,{"stream_name":"stdout","time":1417.678176671,"data":"  [6bba_05b6850b] after safe-division repair: 6231 nodes, 5988 edges (geometric_candidates=20, deepcenter_rejected=14, post_veto_candidates=6, added=6, cap_skipped=0, mutual_nn_rejected=6, divergence_rejected=83)\n"}
,{"stream_name":"stdout","time":1417.678218514,"data":"  [6bba_05b6850b] after division-geometry-filter+prune-isolated: 6230 nodes, 5988 edges\n"}
,{"stream_name":"stdout","time":1417.678226109,"data":"  [6bba_05b6850b] after short-track filtering: 6048 nodes, 5849 edges (components_removed=43)\n"}
,{"stream_name":"stdout","time":1418.834327388,"data":"  [6bba_05b6850b] FINAL: 6048 nodes, 5849 edges\n"}
,{"stream_name":"stdout","time":1562.970417435,"data":"  [6bba_05db0fb1] after edge-filter+motion-relink: 69889 nodes, 67114 edges\n"}
,{"stream_name":"stdout","time":1571.501357942,"data":"  [6bba_05db0fb1] after gap-closing (single-frame + gap2): 70331 nodes, 67939 edges\n"}
,{"stream_name":"stdout","time":1579.646434626,"data":"  [6bba_05db0fb1] after safe-division repair: 70331 nodes, 67966 edges (geometric_candidates=284, deepcenter_rejected=249, post_veto_candidates=35, added=27, cap_skipped=0, mutual_nn_rejected=293, divergence_rejected=2718)\n"}
,{"stream_name":"stdout","time":1579.646483891,"data":"  [6bba_05db0fb1] after division-geometry-filter+prune-isolated: 70302 nodes, 67966 edges\n"}
,{"stream_name":"stdout","time":1579.646490372,"data":"  [6bba_05db0fb1] after short-track filtering: 69432 nodes, 67299 edges (components_removed=203)\n"}
,{"stream_name":"stdout","time":1593.367442823,"data":"  [6bba_05db0fb1] FINAL: 69432 nodes, 67299 edges\n"}
,{"stream_name":"stdout","time":1593.789311957,"data":"Wrote /kaggle/working/submission.csv with 235,076 rows\n"}
,{"stream_name":"stdout","time":1593.789335179,"data":"Node rows: 119,683 | edge rows: 115,393\n"}
,{"stream_name":"stdout","time":1593.789363534,"data":"Wrote /kaggle/working/run_stats.csv\n"}
,{"stream_name":"stdout","time":1594.469110599,"data":"{\n"}
,{"stream_name":"stdout","time":1594.469159394,"data":"  \"configuration\": {\n"}
,{"stream_name":"stdout","time":1594.469166032,"data":"    \"bidirectional_primary_weight\": 0.3,\n"}
,{"stream_name":"stdout","time":1594.469171767,"data":"    \"deepcenter_gap_confirm_min_span_um\": 8.5,\n"}
,{"stream_name":"stdout","time":1594.469176957,"data":"    \"deepcenter_gap_threshold\": 0.25,\n"}
,{"stream_name":"stdout","time":1594.46918201,"data":"    \"detector_threshold\": 0.96875,\n"}
,{"stream_name":"stdout","time":1594.469187171,"data":"    \"edge_candidate_threshold\": 0.48,\n"}
,{"stream_name":"stdout","time":1594.469205075,"data":"    \"fallback_scope\": \"individual_frame\",\n"}
,{"stream_name":"stdout","time":1594.469210807,"data":"    \"gap_close_um\": 5.8,\n"}
,{"stream_name":"stdout","time":1594.46921766,"data":"    \"ilp_appearance_weight\": 0.0,\n"}
,{"stream_name":"stdout","time":1594.469220591,"data":"    \"ilp_disappearance_weight\": 1.5,\n"}
,{"stream_name":"stdout","time":1594.469223712,"data":"    \"minimum_candidate_retention\": 0.9,\n"}
,{"stream_name":"stdout","time":1594.469239621,"data":"    \"secondary_detection_weight\": 0.475,\n"}
,{"stream_name":"stdout","time":1594.469243468,"data":"    \"secondary_edge_weight\": 0.15,\n"}
,{"stream_name":"stdout","time":1594.469247471,"data":"    \"secondary_link_mode\": \"low_margin_consensus\",\n"}
,{"stream_name":"stdout","time":1594.469251612,"data":"    \"secondary_low_margin_max\": 0.35\n"}
,{"stream_name":"stdout","time":1594.46925529,"data":"  },\n"}
,{"stream_name":"stdout","time":1594.469259099,"data":"  \"diagnostics\": {\n"}
,{"stream_name":"stdout","time":1594.469262995,"data":"    \"by_movie\": {\n"}
,{"stream_name":"stdout","time":1594.469266467,"data":"      \"44b6_0113de3b\": {\n"}
,{"stream_name":"stdout","time":1594.469269881,"data":"        \"fallback_frames\": 0,\n"}
,{"stream_name":"stdout","time":1594.46927325,"data":"        \"frames\": 100,\n"}
,{"stream_name":"stdout","time":1594.469276542,"data":"        \"median_retention\": 1.0118578927634045,\n"}
,{"stream_name":"stdout","time":1594.469280049,"data":"        \"minimum_retention\": 0.9926739926739927\n"}
,{"stream_name":"stdout","time":1594.469283629,"data":"      },\n"}
,{"stream_name":"stdout","time":1594.469286976,"data":"      \"44b6_0b24845f\": {\n"}
,{"stream_name":"stdout","time":1594.469290231,"data":"        \"fallback_frames\": 62,\n"}
,{"stream_name":"stdout","time":1594.469293529,"data":"        \"frames\": 100,\n"}
,{"stream_name":"stdout","time":1594.4692969,"data":"        \"median_retention\": 0.8675501411157149,\n"}
,{"stream_name":"stdout","time":1594.469300329,"data":"        \"minimum_retention\": 0.471875\n"}
,{"stream_name":"stdout","time":1594.469303668,"data":"      },\n"}
,{"stream_name":"stdout","time":1594.469306936,"data":"      \"6bba_05b6850b\": {\n"}
,{"stream_name":"stdout","time":1594.46931527,"data":"        \"fallback_frames\": 0,\n"}
,{"stream_name":"stdout","time":1594.469317831,"data":"        \"frames\": 100,\n"}
,{"stream_name":"stdout","time":1594.469319996,"data":"        \"median_retention\": 1.013273558368495,\n"}
,{"stream_name":"stdout","time":1594.469322344,"data":"        \"minimum_retention\": 0.9054054054054054\n"}
,{"stream_name":"stdout","time":1594.469324526,"data":"      },\n"}
,{"stream_name":"stdout","time":1594.469327456,"data":"      \"6bba_05db0fb1\": {\n"}
,{"stream_name":"stdout","time":1594.469342305,"data":"        \"fallback_frames\": 0,\n"}
,{"stream_name":"stdout","time":1594.469346295,"data":"        \"frames\": 100,\n"}
,{"stream_name":"stdout","time":1594.469350444,"data":"        \"median_retention\": 1.0111477718261637,\n"}
,{"stream_name":"stdout","time":1594.46935452,"data":"        \"minimum_retention\": 0.975609756097561\n"}
,{"stream_name":"stdout","time":1594.469358439,"data":"      }\n"}
,{"stream_name":"stdout","time":1594.469361743,"data":"    },\n"}
,{"stream_name":"stdout","time":1594.469364934,"data":"    \"fallback_frames\": 62,\n"}
,{"stream_name":"stdout","time":1594.469368254,"data":"    \"rows\": 400\n"}
,{"stream_name":"stdout","time":1594.469371479,"data":"  },\n"}
,{"stream_name":"stdout","time":1594.469374575,"data":"  \"experiment\": \"harmonic_bidirectional_association_v1\",\n"}
,{"stream_name":"stdout","time":1594.469382991,"data":"  \"hardware\": {\n"}
,{"stream_name":"stdout","time":1594.469386354,"data":"    \"visible_gpu_count\": 2\n"}
,{"stream_name":"stdout","time":1594.469389678,"data":"  },\n"}
,{"stream_name":"stdout","time":1594.469392851,"data":"  \"leaderboard_feedback_used_for_configuration\": true,\n"}
,{"stream_name":"stdout","time":1594.469396416,"data":"  \"method_attribution\": \"fixed-90 dual-seed baseline with harmonic mutual-support association fusion (rule from public CC0 notebook yusuketogashi/no-hack-biohub-cell-another-approch-3rd v18)\",\n"}
,{"stream_name":"stdout","time":1594.469401627,"data":"  \"metric_hack_used\": false,\n"}
,{"stream_name":"stdout","time":1594.469404991,"data":"  \"organizer_labels_used_for_configuration\": false,\n"}
,{"stream_name":"stdout","time":1594.469408551,"data":"  \"parent_experiment\": \"paired_bidirectional_primary_weight020_vs_forward_v1\",\n"}
,{"stream_name":"stdout","time":1594.469412485,"data":"  \"public_output_used\": false,\n"}
,{"stream_name":"stdout","time":1594.469420636,"data":"  \"quality_promotion\": {\n"}
,{"stream_name":"stdout","time":1594.469423805,"data":"    \"execute_push_submit\": \"FORBIDDEN_UNTIL_REQUIRED_CONDITION\",\n"}
,{"stream_name":"stdout","time":1594.469440008,"data":"    \"required_condition\": \"promote=true\",\n"}
,{"stream_name":"stdout","time":1594.469444326,"data":"    \"required_receipt\": \"bidirectional_blend_union13_receipt.json\",\n"}
,{"stream_name":"stdout","time":1594.469448079,"data":"    \"status\": \"candidate_unverified\",\n"}
,{"stream_name":"stdout","time":1594.469452244,"data":"    \"validated_receipt_sha256\": null\n"}
,{"stream_name":"stdout","time":1594.469455948,"data":"  },\n"}
,{"stream_name":"stdout","time":1594.469459268,"data":"  \"source_kernel\": \"raykkretzschmar/biohub-bidirectional-primary-union13-diagnostic-v1\",\n"}
,{"stream_name":"stdout","time":1594.469462841,"data":"  \"source_notebook_sha256\": \"3e65ca691941949196bf417030ea84fccafe16baaec174b2a63540451bb937e8\",\n"}
,{"stream_name":"stdout","time":1594.469466476,"data":"  \"status\": \"clean_graph_audit_pass_candidate_unverified_quality\",\n"}
,{"stream_name":"stdout","time":1594.469469936,"data":"  \"submission\": {\n"}
,{"stream_name":"stdout","time":1594.469473272,"data":"    \"datasets\": [\n"}
,{"stream_name":"stdout","time":1594.469476562,"data":"      \"44b6_0113de3b\",\n"}
,{"stream_name":"stdout","time":1594.469479833,"data":"      \"44b6_0b24845f\",\n"}
,{"stream_name":"stdout","time":1594.469483141,"data":"      \"6bba_05b6850b\",\n"}
,{"stream_name":"stdout","time":1594.469486502,"data":"      \"6bba_05db0fb1\"\n"}
,{"stream_name":"stdout","time":1594.469489767,"data":"    ],\n"}
,{"stream_name":"stdout","time":1594.469492946,"data":"    \"rows\": 235076,\n"}
,{"stream_name":"stdout","time":1594.46949625,"data":"    \"sha256\": \"8218ae3fbc7ce2d41f2568bae45256c531ce6e87aa9e1707495f3093fa9c41b9\"\n"}
,{"stream_name":"stdout","time":1594.469499733,"data":"  },\n"}
,{"stream_name":"stdout","time":1594.469502836,"data":"  \"topology\": {\n"}
,{"stream_name":"stdout","time":1594.469506092,"data":"    \"44b6_0113de3b\": {\n"}
,{"stream_name":"stdout","time":1594.469511029,"data":"      \"division_parents\": 51,\n"}
,{"stream_name":"stdout","time":1594.469533277,"data":"      \"edges\": 24784,\n"}
,{"stream_name":"stdout","time":1594.469537743,"data":"      \"max_indegree\": 1,\n"}
,{"stream_name":"stdout","time":1594.469541476,"data":"      \"max_outdegree\": 2,\n"}
,{"stream_name":"stdout","time":1594.469545557,"data":"      \"nodes\": 25507\n"}
,{"stream_name":"stdout","time":1594.469553961,"data":"    },\n"}
,{"stream_name":"stdout","time":1594.46955734,"data":"    \"44b6_0b24845f\": {\n"}
,{"stream_name":"stdout","time":1594.469560578,"data":"      \"division_parents\": 10,\n"}
,{"stream_name":"stdout","time":1594.469563931,"data":"      \"edges\": 17461,\n"}
,{"stream_name":"stdout","time":1594.469567357,"data":"      \"max_indegree\": 1,\n"}
,{"stream_name":"stdout","time":1594.469570864,"data":"      \"max_outdegree\": 2,\n"}
,{"stream_name":"stdout","time":1594.4695742,"data":"      \"nodes\": 18696\n"}
,{"stream_name":"stdout","time":1594.469577454,"data":"    },\n"}
,{"stream_name":"stdout","time":1594.469580647,"data":"    \"6bba_05b6850b\": {\n"}
,{"stream_name":"stdout","time":1594.469583917,"data":"      \"division_parents\": 6,\n"}
,{"stream_name":"stdout","time":1594.469587269,"data":"      \"edges\": 5849,\n"}
,{"stream_name":"stdout","time":1594.469592989,"data":"      \"max_indegree\": 1,\n"}
,{"stream_name":"stdout","time":1594.469596341,"data":"      \"max_outdegree\": 2,\n"}
,{"stream_name":"stdout","time":1594.469599641,"data":"      \"nodes\": 6048\n"}
,{"stream_name":"stdout","time":1594.469603118,"data":"    },\n"}
,{"stream_name":"stdout","time":1594.469610888,"data":"    \"6bba_05db0fb1\": {\n"}
,{"stream_name":"stdout","time":1594.469613764,"data":"      \"division_parents\": 27,\n"}
,{"stream_name":"stdout","time":1594.469628651,"data":"      \"edges\": 67299,\n"}
,{"stream_name":"stdout","time":1594.469632509,"data":"      \"max_indegree\": 1,\n"}
,{"stream_name":"stdout","time":1594.469636549,"data":"      \"max_outdegree\": 2,\n"}
,{"stream_name":"stdout","time":1594.469639902,"data":"      \"nodes\": 69432\n"}
,{"stream_name":"stdout","time":1594.469643867,"data":"    }\n"}
,{"stream_name":"stdout","time":1594.469647539,"data":"  }\n"}
,{"stream_name":"stdout","time":1594.469650792,"data":"}\n"}
,{"stream_name":"stdout","time":1594.669721765,"data":"VALIDATOR: excluding 4 TRAIN stem(s) that also appear in TEST_DIR: ['44b6_0113de3b', '44b6_0b24845f', '6bba_05b6850b', '6bba_05db0fb1']\n"}
,{"stream_name":"stdout","time":1644.977860881,"data":"VALIDATOR: selected 4 held-out TRAIN samples (2 per embryo-type prefix, 2 prefixes found, 4 contain a GT division)\n"}
,{"stream_name":"stdout","time":1644.977899172,"data":"['44b6_12dfb391', '44b6_267148e4', '6bba_062c8d37', '6bba_07e24132']\n"}
,{"stream_name":"stdout","time":1644.977906282,"data":"VALIDATOR: launching 2 shards on CUDA devices ['0', '1']\n"}
,{"stream_name":"stderr","time":1649.52938713,"data":"/usr/local/lib/python3.12/dist-packages/dask/array/image.py:7: FutureWarning: `find_available_plugins` is deprecated since version 0.25 and will be removed in version 0.27. The plugin infrastructure of `skimage.io` is deprecated. Instead, use `imageio` or other I/O packages directly.\n"}
,{"stream_name":"stderr","time":1649.529451002,"data":"  from skimage.io import imread as sk_imread\n"}
,{"stream_name":"stderr","time":1649.53166787,"data":"/usr/local/lib/python3.12/dist-packages/dask/array/image.py:7: FutureWarning: `find_available_plugins` is deprecated since version 0.25 and will be removed in version 0.27. The plugin infrastructure of `skimage.io` is deprecated. Instead, use `imageio` or other I/O packages directly.\n"}
,{"stream_name":"stderr","time":1649.531693597,"data":"  from skimage.io import imread as sk_imread\n"}
,{"stream_name":"stderr","time":1649.534228037,"data":"/usr/lib/python3.12/importlib/__init__.py:90: FutureWarning: `reset_plugins` is deprecated since version 0.25 and will be removed in version 0.27. The plugin infrastructure of `skimage.io` is deprecated. Instead, use `imageio` or other I/O packages directly.\n"}
,{"stream_name":"stderr","time":1649.534264671,"data":"  return _bootstrap._gcd_import(name[level:], package, level)\n"}
,{"stream_name":"stderr","time":1649.536798146,"data":"/usr/lib/python3.12/importlib/__init__.py:90: FutureWarning: `reset_plugins` is deprecated since version 0.25 and will be removed in version 0.27. The plugin infrastructure of `skimage.io` is deprecated. Instead, use `imageio` or other I/O packages directly.\n"}
,{"stream_name":"stderr","time":1649.536818368,"data":"  return _bootstrap._gcd_import(name[level:], package, level)\n"}
,{"stream_name":"stderr","time":1649.73186972,"data":"/usr/local/lib/python3.12/dist-packages/dask/array/image.py:7: FutureWarning: `find_available_plugins` is deprecated since version 0.25 and will be removed in version 0.27. The plugin infrastructure of `skimage.io` is deprecated. Instead, use `imageio` or other I/O packages directly.\n"}
,{"stream_name":"stderr","time":1649.731901159,"data":"  from skimage.io import imread as sk_imread\n"}
,{"stream_name":"stderr","time":1649.731906896,"data":"/usr/local/lib/python3.12/dist-packages/dask/array/image.py:7: FutureWarning: `find_available_plugins` is deprecated since version 0.25 and will be removed in version 0.27. The plugin infrastructure of `skimage.io` is deprecated. Instead, use `imageio` or other I/O packages directly.\n"}
,{"stream_name":"stderr","time":1649.73191168,"data":"  from skimage.io import imread as sk_imread\n"}
,{"stream_name":"stderr","time":1649.731916246,"data":"/usr/lib/python3.12/importlib/__init__.py:90: FutureWarning: `reset_plugins` is deprecated since version 0.25 and will be removed in version 0.27. The plugin infrastructure of `skimage.io` is deprecated. Instead, use `imageio` or other I/O packages directly.\n"}
,{"stream_name":"stderr","time":1649.731920796,"data":"  return _bootstrap._gcd_import(name[level:], package, level)\n"}
,{"stream_name":"stderr","time":1649.731925415,"data":"/usr/lib/python3.12/importlib/__init__.py:90: FutureWarning: `reset_plugins` is deprecated since version 0.25 and will be removed in version 0.27. The plugin infrastructure of `skimage.io` is deprecated. Instead, use `imageio` or other I/O packages directly.\n"}
,{"stream_name":"stderr","time":1649.731929972,"data":"  return _bootstrap._gcd_import(name[level:], package, level)\n"}
,{"stream_name":"stderr","time":1649.731934634,"data":"\n"}
,{"stream_name":"stderr","time":1649.73193922,"data":"/usr/local/lib/python3.12/dist-packages/dask/array/image.py:7: FutureWarning: `find_available_plugins` is deprecated since version 0.25 and will be removed in version 0.27. The plugin infrastructure of `skimage.io` is deprecated. Instead, use `imageio` or other I/O packages directly.\n"}
,{"stream_name":"stderr","time":1649.73194377,"data":"  from skimage.io import imread as sk_imread\n"}
,{"stream_name":"stderr","time":1649.731948394,"data":"/usr/local/lib/python3.12/dist-packages/dask/array/image.py:7: FutureWarning: `find_available_plugins` is deprecated since version 0.25 and will be removed in version 0.27. The plugin infrastructure of `skimage.io` is deprecated. Instead, use `imageio` or other I/O packages directly.\n"}
,{"stream_name":"stderr","time":1649.731952968,"data":"  from skimage.io import imread as sk_imread\n"}
,{"stream_name":"stderr","time":1649.731958342,"data":"/usr/lib/python3.12/importlib/__init__.py:90: FutureWarning: `reset_plugins` is deprecated since version 0.25 and will be removed in version 0.27. The plugin infrastructure of `skimage.io` is deprecated. Instead, use `imageio` or other I/O packages directly.\n"}
,{"stream_name":"stderr","time":1649.731963552,"data":"  return _bootstrap._gcd_import(name[level:], package, level)\n"}
,{"stream_name":"stderr","time":1649.731968426,"data":"/usr/lib/python3.12/importlib/__init__.py:90: FutureWarning: `reset_plugins` is deprecated since version 0.25 and will be removed in version 0.27. The plugin infrastructure of `skimage.io` is deprecated. Instead, use `imageio` or other I/O packages directly.\n"}
,{"stream_name":"stderr","time":1649.731986733,"data":"  return _bootstrap._gcd_import(name[level:], package, level)\n"}
,{"stream_name":"stdout","time":1650.152394449,"data":"Secondary model: /kaggle/working/secondary_seed_weights/unet_transformer/split_0/edge_predictor_best.pth | edge weight=0.150 | detection weight=0.800 | link mode=low_margin_consensus | temperature=1.000 | low-margin max=0.350 | edge threshold=0.480\n"}
,{"stream_name":"stdout","time":1650.15243239,"data":"Fold 0: 2 datasets | weights=weights/unet_transformer/split_0/edge_predictor_best.pth | device=cuda | window_size=2 | pool_kernel_um=3.0\n"}
,{"stream_name":"stdout","time":1650.165589901,"data":"Secondary model: /kaggle/working/secondary_seed_weights/unet_transformer/split_0/edge_predictor_best.pth | edge weight=0.150 | detection weight=0.800 | link mode=low_margin_consensus | temperature=1.000 | low-margin max=0.350 | edge threshold=0.480\n"}
,{"stream_name":"stdout","time":1650.165611999,"data":"Fold 0: 2 datasets | weights=weights/unet_transformer/split_0/edge_predictor_best.pth | device=cuda | window_size=2 | pool_kernel_um=3.0\n"}
,{"stream_name":"stdout","time":1650.355170151,"data":"Secondary model: /kaggle/working/secondary_seed_weights/unet_transformer/split_0/edge_predictor_best.pth | edge weight=0.150 | detection weight=0.800 | link mode=low_margin_consensus | temperature=1.000 | low-margin max=0.350 | edge threshold=0.480\n"}
,{"stream_name":"stdout","time":1650.355202931,"data":"Fold 0: 2 datasets | weights=weights/unet_transformer/split_0/edge_predictor_best.pth | device=cuda | window_size=2 | pool_kernel_um=3.0\n"}
,{"stream_name":"stdout","time":1650.355208926,"data":"Secondary model: /kaggle/working/secondary_seed_weights/unet_transformer/split_0/edge_predictor_best.pth | edge weight=0.150 | detection weight=0.800 | link mode=low_margin_consensus | temperature=1.000 | low-margin max=0.350 | edge threshold=0.480\n"}
,{"stream_name":"stdout","time":1650.355214399,"data":"Fold 0: 2 datasets | weights=weights/unet_transformer/split_0/edge_predictor_best.pth | device=cuda | window_size=2 | pool_kernel_um=3.0\n"}
,{"stream_name":"stdout","time":1697.52309658,"data":"BIOHUB_RETENTION_GUARD {\"blended_candidates\": 440, \"dataset\": \"44b6_12dfb391\", \"frame\": 22, \"minimum_retention\": 0.9, \"primary_candidates\": 489, \"retention\": 0.8997955010224948, \"use_primary\": true}\n"}
,{"stream_name":"stdout","time":1697.745603712,"data":"BIOHUB_RETENTION_GUARD {\"blended_candidates\": 440, \"dataset\": \"44b6_12dfb391\", \"frame\": 22, \"minimum_retention\": 0.9, \"primary_candidates\": 489, \"retention\": 0.8997955010224948, \"use_primary\": true}\n"}
,{"stream_name":"stdout","time":1708.724693698,"data":"BIOHUB_RETENTION_GUARD {\"blended_candidates\": 454, \"dataset\": \"44b6_12dfb391\", \"frame\": 27, \"minimum_retention\": 0.9, \"primary_candidates\": 506, \"retention\": 0.8972332015810277, \"use_primary\": true}\n"}
,{"stream_name":"stdout","time":1708.926877425,"data":"BIOHUB_RETENTION_GUARD {\"blended_candidates\": 454, \"dataset\": \"44b6_12dfb391\", \"frame\": 27, \"minimum_retention\": 0.9, \"primary_candidates\": 506, \"retention\": 0.8972332015810277, \"use_primary\": true}\n"}
,{"stream_name":"stdout","time":1727.194308177,"data":"BIOHUB_RETENTION_GUARD {\"blended_candidates\": 452, \"dataset\": \"44b6_12dfb391\", \"frame\": 35, \"minimum_retention\": 0.9, \"primary_candidates\": 508, \"retention\": 0.889763779527559, \"use_primary\": true}\n"}
,{"stream_name":"stdout","time":1727.396806075,"data":"BIOHUB_RETENTION_GUARD {\"blended_candidates\": 452, \"dataset\": \"44b6_12dfb391\", \"frame\": 35, \"minimum_retention\": 0.9, \"primary_candidates\": 508, \"retention\": 0.889763779527559, \"use_primary\": true}\n"}
,{"stream_name":"stdout","time":1729.463989072,"data":"BIOHUB_RETENTION_GUARD {\"blended_candidates\": 460, \"dataset\": \"44b6_12dfb391\", \"frame\": 36, \"minimum_retention\": 0.9, \"primary_candidates\": 513, \"retention\": 0.8966861598440545, \"use_primary\": true}\n"}
,{"stream_name":"stdout","time":1729.694306203,"data":"BIOHUB_RETENTION_GUARD {\"blended_candidates\": 460, \"dataset\": \"44b6_12dfb391\", \"frame\": 36, \"minimum_retention\": 0.9, \"primary_candidates\": 513, \"retention\": 0.8966861598440545, \"use_primary\": true}\n"}
,{"stream_name":"stdout","time":1774.344742679,"data":"BIOHUB_RETENTION_GUARD {\"blended_candidates\": 479, \"dataset\": \"44b6_12dfb391\", \"frame\": 56, \"minimum_retention\": 0.9, \"primary_candidates\": 537, \"retention\": 0.8919925512104283, \"use_primary\": true}\n"}
,{"stream_name":"stdout","time":1774.562846467,"data":"BIOHUB_RETENTION_GUARD {\"blended_candidates\": 479, \"dataset\": \"44b6_12dfb391\", \"frame\": 56, \"minimum_retention\": 0.9, \"primary_candidates\": 537, \"retention\": 0.8919925512104283, \"use_primary\": true}\n"}
,{"stream_name":"stdout","time":1776.565932624,"data":"BIOHUB_RETENTION_GUARD {\"blended_candidates\": 470, \"dataset\": \"44b6_12dfb391\", \"frame\": 57, \"minimum_retention\": 0.9, \"primary_candidates\": 528, \"retention\": 0.8901515151515151, \"use_primary\": true}\n"}
,{"stream_name":"stdout","time":1776.767416697,"data":"BIOHUB_RETENTION_GUARD {\"blended_candidates\": 470, \"dataset\": \"44b6_12dfb391\", \"frame\": 57, \"minimum_retention\": 0.9, \"primary_candidates\": 528, \"retention\": 0.8901515151515151, \"use_primary\": true}\n"}
,{"stream_name":"stdout","time":1778.805721586,"data":"BIOHUB_RETENTION_GUARD {\"blended_candidates\": 468, \"dataset\": \"44b6_12dfb391\", \"frame\": 58, \"minimum_retention\": 0.9, \"primary_candidates\": 530, \"retention\": 0.8830188679245283, \"use_primary\": true}\n"}
,{"stream_name":"stdout","time":1779.008659844,"data":"BIOHUB_RETENTION_GUARD {\"blended_candidates\": 468, \"dataset\": \"44b6_12dfb391\", \"frame\": 58, \"minimum_retention\": 0.9, \"primary_candidates\": 530, \"retention\": 0.8830188679245283, \"use_primary\": true}\n"}
,{"stream_name":"stdout","time":1781.077005862,"data":"BIOHUB_RETENTION_GUARD {\"blended_candidates\": 468, \"dataset\": \"44b6_12dfb391\", \"frame\": 59, \"minimum_retention\": 0.9, \"primary_candidates\": 536, \"retention\": 0.8731343283582089, \"use_primary\": true}\n"}
,{"stream_name":"stdout","time":1781.279956091,"data":"BIOHUB_RETENTION_GUARD {\"blended_candidates\": 468, \"dataset\": \"44b6_12dfb391\", \"frame\": 59, \"minimum_retention\": 0.9, \"primary_candidates\": 536, \"retention\": 0.8731343283582089, \"use_primary\": true}\n"}
,{"stream_name":"stdout","time":1785.55880452,"data":"BIOHUB_RETENTION_GUARD {\"blended_candidates\": 477, \"dataset\": \"44b6_12dfb391\", \"frame\": 61, \"minimum_retention\": 0.9, \"primary_candidates\": 546, \"retention\": 0.8736263736263736, \"use_primary\": true}\n"}
,{"stream_name":"stdout","time":1785.760818831,"data":"BIOHUB_RETENTION_GUARD {\"blended_candidates\": 477, \"dataset\": \"44b6_12dfb391\", \"frame\": 61, \"minimum_retention\": 0.9, \"primary_candidates\": 546, \"retention\": 0.8736263736263736, \"use_primary\": true}\n"}
,{"stream_name":"stdout","time":1790.083206576,"data":"BIOHUB_RETENTION_GUARD {\"blended_candidates\": 498, \"dataset\": \"44b6_12dfb391\", \"frame\": 63, \"minimum_retention\": 0.9, \"primary_candidates\": 554, \"retention\": 0.8989169675090253, \"use_primary\": true}\n"}
,{"stream_name":"stdout","time":1790.285798946,"data":"BIOHUB_RETENTION_GUARD {\"blended_candidates\": 498, \"dataset\": \"44b6_12dfb391\", \"frame\": 63, \"minimum_retention\": 0.9, \"primary_candidates\": 554, \"retention\": 0.8989169675090253, \"use_primary\": true}\n"}
,{"stream_name":"stdout","time":1801.375151301,"data":"BIOHUB_RETENTION_GUARD {\"blended_candidates\": 511, \"dataset\": \"44b6_12dfb391\", \"frame\": 68, \"minimum_retention\": 0.9, \"primary_candidates\": 568, \"retention\": 0.8996478873239436, \"use_primary\": true}\n"}
,{"stream_name":"stdout","time":1801.577884809,"data":"BIOHUB_RETENTION_GUARD {\"blended_candidates\": 511, \"dataset\": \"44b6_12dfb391\", \"frame\": 68, \"minimum_retention\": 0.9, \"primary_candidates\": 568, \"retention\": 0.8996478873239436, \"use_primary\": true}\n"}
,{"stream_name":"stdout","time":1803.643019523,"data":"BIOHUB_RETENTION_GUARD {\"blended_candidates\": 488, \"dataset\": \"44b6_12dfb391\", \"frame\": 69, \"minimum_retention\": 0.9, \"primary_candidates\": 577, \"retention\": 0.8457538994800693, \"use_primary\": true}\n"}
,{"stream_name":"stdout","time":1803.845629895,"data":"BIOHUB_RETENTION_GUARD {\"blended_candidates\": 488, \"dataset\": \"44b6_12dfb391\", \"frame\": 69, \"minimum_retention\": 0.9, \"primary_candidates\": 577, \"retention\": 0.8457538994800693, \"use_primary\": true}\n"}
,{"stream_name":"stdout","time":1805.955294613,"data":"BIOHUB_RETENTION_GUARD {\"blended_candidates\": 482, \"dataset\": \"44b6_12dfb391\", \"frame\": 70, \"minimum_retention\": 0.9, \"primary_candidates\": 550, \"retention\": 0.8763636363636363, \"use_primary\": true}\n"}
,{"stream_name":"stdout","time":1806.175782105,"data":"BIOHUB_RETENTION_GUARD {\"blended_candidates\": 482, \"dataset\": \"44b6_12dfb391\", \"frame\": 70, \"minimum_retention\": 0.9, \"primary_candidates\": 550, \"retention\": 0.8763636363636363, \"use_primary\": true}\n"}
,{"stream_name":"stdout","time":1808.261084399,"data":"BIOHUB_RETENTION_GUARD {\"blended_candidates\": 498, \"dataset\": \"44b6_12dfb391\", \"frame\": 71, \"minimum_retention\": 0.9, \"primary_candidates\": 562, \"retention\": 0.8861209964412812, \"use_primary\": true}\n"}
,{"stream_name":"stdout","time":1808.463692208,"data":"BIOHUB_RETENTION_GUARD {\"blended_candidates\": 498, \"dataset\": \"44b6_12dfb391\", \"frame\": 71, \"minimum_retention\": 0.9, \"primary_candidates\": 562, \"retention\": 0.8861209964412812, \"use_primary\": true}\n"}
,{"stream_name":"stdout","time":1810.570236461,"data":"BIOHUB_RETENTION_GUARD {\"blended_candidates\": 497, \"dataset\": \"44b6_12dfb391\", \"frame\": 72, \"minimum_retention\": 0.9, \"primary_candidates\": 565, \"retention\": 0.879646017699115, \"use_primary\": true}\n"}
,{"stream_name":"stdout","time":1810.773290005,"data":"BIOHUB_RETENTION_GUARD {\"blended_candidates\": 497, \"dataset\": \"44b6_12dfb391\", \"frame\": 72, \"minimum_retention\": 0.9, \"primary_candidates\": 565, \"retention\": 0.879646017699115, \"use_primary\": true}\n"}
,{"stream_name":"stdout","time":1817.437186467,"data":"BIOHUB_RETENTION_GUARD {\"blended_candidates\": 484, \"dataset\": \"44b6_12dfb391\", \"frame\": 75, \"minimum_retention\": 0.9, \"primary_candidates\": 572, \"retention\": 0.8461538461538461, \"use_primary\": true}\n"}
,{"stream_name":"stdout","time":1817.639871898,"data":"BIOHUB_RETENTION_GUARD {\"blended_candidates\": 484, \"dataset\": \"44b6_12dfb391\", \"frame\": 75, \"minimum_retention\": 0.9, \"primary_candidates\": 572, \"retention\": 0.8461538461538461, \"use_primary\": true}\n"}
,{"stream_name":"stdout","time":1819.727726661,"data":"BIOHUB_RETENTION_GUARD {\"blended_candidates\": 514, \"dataset\": \"44b6_12dfb391\", \"frame\": 76, \"minimum_retention\": 0.9, \"primary_candidates\": 587, \"retention\": 0.8756388415672913, \"use_primary\": true}\n"}
,{"stream_name":"stdout","time":1819.930583823,"data":"BIOHUB_RETENTION_GUARD {\"blended_candidates\": 514, \"dataset\": \"44b6_12dfb391\", \"frame\": 76, \"minimum_retention\": 0.9, \"primary_candidates\": 587, \"retention\": 0.8756388415672913, \"use_primary\": true}\n"}
,{"stream_name":"stdout","time":1822.035652469,"data":"BIOHUB_RETENTION_GUARD {\"blended_candidates\": 514, \"dataset\": \"44b6_12dfb391\", \"frame\": 77, \"minimum_retention\": 0.9, \"primary_candidates\": 588, \"retention\": 0.8741496598639455, \"use_primary\": true}\n"}
,{"stream_name":"stdout","time":1822.238219089,"data":"BIOHUB_RETENTION_GUARD {\"blended_candidates\": 514, \"dataset\": \"44b6_12dfb391\", \"frame\": 77, \"minimum_retention\": 0.9, \"primary_candidates\": 588, \"retention\": 0.8741496598639455, \"use_primary\": true}\n"}
,{"stream_name":"stdout","time":1824.340002237,"data":"BIOHUB_RETENTION_GUARD {\"blended_candidates\": 531, \"dataset\": \"44b6_12dfb391\", \"frame\": 78, \"minimum_retention\": 0.9, \"primary_candidates\": 594, \"retention\": 0.8939393939393939, \"use_primary\": true}\n"}
,{"stream_name":"stdout","time":1824.54270179,"data":"BIOHUB_RETENTION_GUARD {\"blended_candidates\": 531, \"dataset\": \"44b6_12dfb391\", \"frame\": 78, \"minimum_retention\": 0.9, \"primary_candidates\": 594, \"retention\": 0.8939393939393939, \"use_primary\": true}\n"}
,{"stream_name":"stdout","time":1835.759478463,"data":"BIOHUB_RETENTION_GUARD {\"blended_candidates\": 487, \"dataset\": \"44b6_12dfb391\", \"frame\": 83, \"minimum_retention\": 0.9, \"primary_candidates\": 567, \"retention\": 0.8589065255731922, \"use_primary\": true}\n"}
,{"stream_name":"stdout","time":1835.962237993,"data":"BIOHUB_RETENTION_GUARD {\"blended_candidates\": 487, \"dataset\": \"44b6_12dfb391\", \"frame\": 83, \"minimum_retention\": 0.9, \"primary_candidates\": 567, \"retention\": 0.8589065255731922, \"use_primary\": true}\n"}
,{"stream_name":"stdout","time":1838.030482157,"data":"BIOHUB_RETENTION_GUARD {\"blended_candidates\": 512, \"dataset\": \"44b6_12dfb391\", \"frame\": 84, \"minimum_retention\": 0.9, \"primary_candidates\": 573, \"retention\": 0.893542757417103, \"use_primary\": true}\n"}
,{"stream_name":"stdout","time":1838.252657833,"data":"BIOHUB_RETENTION_GUARD {\"blended_candidates\": 512, \"dataset\": \"44b6_12dfb391\", \"frame\": 84, \"minimum_retention\": 0.9, \"primary_candidates\": 573, \"retention\": 0.893542757417103, \"use_primary\": true}\n"}
,{"stream_name":"stdout","time":1849.655247321,"data":"BIOHUB_RETENTION_GUARD {\"blended_candidates\": 545, \"dataset\": \"44b6_12dfb391\", \"frame\": 89, \"minimum_retention\": 0.9, \"primary_candidates\": 623, \"retention\": 0.8747993579454254, \"use_primary\": true}\n"}
,{"stream_name":"stdout","time":1849.85791742,"data":"BIOHUB_RETENTION_GUARD {\"blended_candidates\": 545, \"dataset\": \"44b6_12dfb391\", \"frame\": 89, \"minimum_retention\": 0.9, \"primary_candidates\": 623, \"retention\": 0.8747993579454254, \"use_primary\": true}\n"}
,{"stream_name":"stdout","time":1852.199997509,"data":"BIOHUB_RETENTION_GUARD {\"blended_candidates\": 543, \"dataset\": \"44b6_12dfb391\", \"frame\": 90, \"minimum_retention\": 0.9, \"primary_candidates\": 606, \"retention\": 0.8960396039603961, \"use_primary\": true}\n"}
,{"stream_name":"stdout","time":1852.402821187,"data":"BIOHUB_RETENTION_GUARD {\"blended_candidates\": 543, \"dataset\": \"44b6_12dfb391\", \"frame\": 90, \"minimum_retention\": 0.9, \"primary_candidates\": 606, \"retention\": 0.8960396039603961, \"use_primary\": true}\n"}
,{"stream_name":"stdout","time":1930.564169405,"data":"BIOHUB_RETENTION_GUARD {\"blended_candidates\": 351, \"dataset\": \"6bba_07e24132\", \"frame\": 32, \"minimum_retention\": 0.9, \"primary_candidates\": 396, \"retention\": 0.8863636363636364, \"use_primary\": true}\n"}
,{"stream_name":"stdout","time":1930.786526582,"data":"BIOHUB_RETENTION_GUARD {\"blended_candidates\": 351, \"dataset\": \"6bba_07e24132\", \"frame\": 32, \"minimum_retention\": 0.9, \"primary_candidates\": 396, \"retention\": 0.8863636363636364, \"use_primary\": true}\n"}
,{"stream_name":"stdout","time":1971.592376977,"data":"BIOHUB_RETENTION_GUARD {\"blended_candidates\": 59, \"dataset\": \"6bba_062c8d37\", \"frame\": 28, \"minimum_retention\": 0.9, \"primary_candidates\": 66, \"retention\": 0.8939393939393939, \"use_primary\": true}\n"}
,{"stream_name":"stdout","time":1971.823494075,"data":"BIOHUB_RETENTION_GUARD {\"blended_candidates\": 59, \"dataset\": \"6bba_062c8d37\", \"frame\": 28, \"minimum_retention\": 0.9, \"primary_candidates\": 66, \"retention\": 0.8939393939393939, \"use_primary\": true}\n"}
,{"stream_name":"stdout","time":2064.573315938,"data":"BIOHUB_RETENTION_GUARD {\"blended_candidates\": 59, \"dataset\": \"6bba_062c8d37\", \"frame\": 73, \"minimum_retention\": 0.9, \"primary_candidates\": 68, \"retention\": 0.8676470588235294, \"use_primary\": true}\n"}
,{"stream_name":"stdout","time":2064.794951725,"data":"BIOHUB_RETENTION_GUARD {\"blended_candidates\": 59, \"dataset\": \"6bba_062c8d37\", \"frame\": 73, \"minimum_retention\": 0.9, \"primary_candidates\": 68, \"retention\": 0.8676470588235294, \"use_primary\": true}\n"}
,{"stream_name":"stdout","time":2066.640588501,"data":"BIOHUB_RETENTION_GUARD {\"blended_candidates\": 62, \"dataset\": \"6bba_062c8d37\", \"frame\": 74, \"minimum_retention\": 0.9, \"primary_candidates\": 69, \"retention\": 0.8985507246376812, \"use_primary\": true}\n"}
,{"stream_name":"stdout","time":2066.843017485,"data":"BIOHUB_RETENTION_GUARD {\"blended_candidates\": 62, \"dataset\": \"6bba_062c8d37\", \"frame\": 74, \"minimum_retention\": 0.9, \"primary_candidates\": 69, \"retention\": 0.8985507246376812, \"use_primary\": true}\n"}
,{"stream_name":"stdout","time":2087.506585681,"data":"BIOHUB_RETENTION_GUARD {\"blended_candidates\": 65, \"dataset\": \"6bba_062c8d37\", \"frame\": 84, \"minimum_retention\": 0.9, \"primary_candidates\": 73, \"retention\": 0.8904109589041096, \"use_primary\": true}\n"}
,{"stream_name":"stdout","time":2087.708994846,"data":"BIOHUB_RETENTION_GUARD {\"blended_candidates\": 65, \"dataset\": \"6bba_062c8d37\", \"frame\": 84, \"minimum_retention\": 0.9, \"primary_candidates\": 73, \"retention\": 0.8904109589041096, \"use_primary\": true}\n"}
,{"stream_name":"stdout","time":2095.101417758,"data":"Saved 2 predictions to /kaggle/working/tracking_repo/predictions/unknown/unet_transformer_val_gpu1/split_0\n"}
,{"stream_name":"stdout","time":2095.325968384,"data":"Saved 2 predictions to /kaggle/working/tracking_repo/predictions/unknown/unet_transformer_val_gpu1/split_0\n"}
,{"stream_name":"stdout","time":2123.293691203,"data":"Saved 2 predictions to /kaggle/working/tracking_repo/predictions/unknown/unet_transformer_val_gpu0/split_0\n"}
,{"stream_name":"stdout","time":2123.496077843,"data":"Saved 2 predictions to /kaggle/working/tracking_repo/predictions/unknown/unet_transformer_val_gpu0/split_0\n"}
,{"stream_name":"stdout","time":2125.801633602,"data":"VALIDATOR: merged 4 prediction graphs into /kaggle/working/tracking_repo/predictions/unknown/unet_transformer_val/split_0\n"}
,{"stream_name":"stdout","time":2125.801662625,"data":"VALIDATOR: prediction completed in 8.02 minutes\n"}
,{"stream_name":"stdout","time":2136.124253166,"data":"{\n"}
,{"stream_name":"stdout","time":2136.124313817,"data":"  \"threshold\": 0.48,\n"}
,{"stream_name":"stdout","time":2136.124321696,"data":"  \"max_children\": 2,\n"}
,{"stream_name":"stdout","time":2136.124327309,"data":"  \"max_parents\": 1,\n"}
,{"stream_name":"stdout","time":2136.124338377,"data":"  \"radius_um\": 7.0,\n"}
,{"stream_name":"stdout","time":2136.124342949,"data":"  \"gt_divisions\": 5,\n"}
,{"stream_name":"stdout","time":2136.124346482,"data":"  \"gt_edges\": 10,\n"}
,{"stream_name":"stdout","time":2136.12435006,"data":"  \"status_counts\": {\n"}
,{"stream_name":"stdout","time":2136.124353803,"data":"    \"final_candidate\": 6,\n"}
,{"stream_name":"stdout","time":2136.124378707,"data":"    \"prethreshold_topk_only\": 4\n"}
,{"stream_name":"stdout","time":2136.124385037,"data":"  },\n"}
,{"stream_name":"stdout","time":2136.124390719,"data":"  \"manifests\": [\n"}
,{"stream_name":"stdout","time":2136.124409564,"data":"    {\n"}
,{"stream_name":"stdout","time":2136.124413869,"data":"      \"video\": \"44b6_12dfb391\",\n"}
,{"stream_name":"stdout","time":2136.124418237,"data":"      \"path\": \"/kaggle/working/edge_candidates_prethreshold_single_44b6_12dfb391.npz\",\n"}
,{"stream_name":"stdout","time":2136.124422623,"data":"      \"coords\": 50697,\n"}
,{"stream_name":"stdout","time":2136.124426483,"data":"      \"final_edges\": 44353,\n"}
,{"stream_name":"stdout","time":2136.124432356,"data":"      \"raw_topk_edges\": 1131311,\n"}
,{"stream_name":"stdout","time":2136.124439866,"data":"      \"gt_divisions\": 1\n"}
,{"stream_name":"stdout","time":2136.124442557,"data":"    },\n"}
,{"stream_name":"stdout","time":2136.12444508,"data":"    {\n"}
,{"stream_name":"stdout","time":2136.124447692,"data":"      \"video\": \"44b6_267148e4\",\n"}
,{"stream_name":"stdout","time":2136.124450443,"data":"      \"path\": \"/kaggle/working/edge_candidates_prethreshold_single_44b6_267148e4.npz\",\n"}
,{"stream_name":"stdout","time":2136.124453266,"data":"      \"coords\": 26685,\n"}
,{"stream_name":"stdout","time":2136.124455914,"data":"      \"final_edges\": 22596,\n"}
,{"stream_name":"stdout","time":2136.1244585,"data":"      \"raw_topk_edges\": 561322,\n"}
,{"stream_name":"stdout","time":2136.124461131,"data":"      \"gt_divisions\": 1\n"}
,{"stream_name":"stdout","time":2136.124463748,"data":"    },\n"}
,{"stream_name":"stdout","time":2136.124466441,"data":"    {\n"}
,{"stream_name":"stdout","time":2136.124487634,"data":"      \"video\": \"6bba_062c8d37\",\n"}
,{"stream_name":"stdout","time":2136.124493272,"data":"      \"path\": \"/kaggle/working/edge_candidates_prethreshold_single_6bba_062c8d37.npz\",\n"}
,{"stream_name":"stdout","time":2136.124498234,"data":"      \"coords\": 6651,\n"}
,{"stream_name":"stdout","time":2136.124502945,"data":"      \"final_edges\": 6014,\n"}
,{"stream_name":"stdout","time":2136.124507428,"data":"      \"raw_topk_edges\": 148716,\n"}
,{"stream_name":"stdout","time":2136.12451203,"data":"      \"gt_divisions\": 1\n"}
,{"stream_name":"stdout","time":2136.124516803,"data":"    },\n"}
,{"stream_name":"stdout","time":2136.124520694,"data":"    {\n"}
,{"stream_name":"stdout","time":2136.124524819,"data":"      \"video\": \"6bba_07e24132\",\n"}
,{"stream_name":"stdout","time":2136.124529513,"data":"      \"path\": \"/kaggle/working/edge_candidates_prethreshold_single_6bba_07e24132.npz\",\n"}
,{"stream_name":"stdout","time":2136.124533814,"data":"      \"coords\": 36769,\n"}
,{"stream_name":"stdout","time":2136.124537685,"data":"      \"final_edges\": 26603,\n"}
,{"stream_name":"stdout","time":2136.124541686,"data":"      \"raw_topk_edges\": 768590,\n"}
,{"stream_name":"stdout","time":2136.124549375,"data":"      \"gt_divisions\": 2\n"}
,{"stream_name":"stdout","time":2136.124553314,"data":"    }\n"}
,{"stream_name":"stdout","time":2136.124557105,"data":"  ]\n"}
,{"stream_name":"stdout","time":2136.124561029,"data":"}\n"}
,{"stream_name":"stdout","time":2136.124564877,"data":"\n"}
,{"stream_name":"stdout","time":2136.124568643,"data":"EXP045 pre-threshold candidate audit complete: /kaggle/working/prethreshold_candidate_audit\n"}
,{"stream_name":"stdout","time":2192.013645479,"data":"  [44b6_12dfb391] after edge-filter+motion-relink: 43403 nodes, 41067 edges\n"}
,{"stream_name":"stdout","time":2199.865006648,"data":"  [44b6_12dfb391] after gap-closing (single-frame + gap2): 44066 nodes, 42315 edges\n"}
,{"stream_name":"stdout","time":2206.099334956,"data":"  [44b6_12dfb391] after safe-division repair: 44066 nodes, 42333 edges (geometric_candidates=146, deepcenter_rejected=128, post_veto_candidates=18, added=18, cap_skipped=0, mutual_nn_rejected=56, divergence_rejected=1514)\n"}
,{"stream_name":"stdout","time":2206.099400735,"data":"  [44b6_12dfb391] after division-geometry-filter+prune-isolated: 44062 nodes, 42333 edges\n"}
,{"stream_name":"stdout","time":2206.099407582,"data":"  [44b6_12dfb391] after short-track filtering: 42802 nodes, 41364 edges (components_removed=291)\n"}
,{"stream_name":"stdout","time":2214.3676638,"data":"  [44b6_12dfb391] FINAL: 42802 nodes, 41364 edges\n"}
,{"stream_name":"stdout","time":2229.700334908,"data":"  [44b6_267148e4] after edge-filter+motion-relink: 21666 nodes, 20283 edges\n"}
,{"stream_name":"stdout","time":2235.56478102,"data":"  [44b6_267148e4] after gap-closing (single-frame + gap2): 21938 nodes, 20779 edges\n"}
,{"stream_name":"stdout","time":2241.618214774,"data":"  [44b6_267148e4] after safe-division repair: 21938 nodes, 20801 edges (geometric_candidates=202, deepcenter_rejected=173, post_veto_candidates=29, added=22, cap_skipped=0, mutual_nn_rejected=117, divergence_rejected=1000)\n"}
,{"stream_name":"stdout","time":2241.618259059,"data":"  [44b6_267148e4] after division-geometry-filter+prune-isolated: 21887 nodes, 20801 edges\n"}
,{"stream_name":"stdout","time":2241.618266029,"data":"  [44b6_267148e4] after short-track filtering: 21052 nodes, 20170 edges (components_removed=204)\n"}
,{"stream_name":"stdout","time":2245.651275751,"data":"  [44b6_267148e4] FINAL: 21052 nodes, 20170 edges\n"}
,{"stream_name":"stdout","time":2247.268502473,"data":"  [6bba_062c8d37] after edge-filter+motion-relink: 6005 nodes, 5649 edges\n"}
,{"stream_name":"stdout","time":2248.214127407,"data":"  [6bba_062c8d37] after gap-closing (single-frame + gap2): 6054 nodes, 5741 edges\n"}
,{"stream_name":"stdout","time":2249.431375656,"data":"  [6bba_062c8d37] after safe-division repair: 6054 nodes, 5746 edges (geometric_candidates=14, deepcenter_rejected=9, post_veto_candidates=5, added=5, cap_skipped=0, mutual_nn_rejected=4, divergence_rejected=67)\n"}
,{"stream_name":"stdout","time":2249.43141408,"data":"  [6bba_062c8d37] after division-geometry-filter+prune-isolated: 6028 nodes, 5746 edges\n"}
,{"stream_name":"stdout","time":2249.431421396,"data":"  [6bba_062c8d37] after short-track filtering: 5862 nodes, 5627 edges (components_removed=47)\n"}
,{"stream_name":"stdout","time":2250.514516112,"data":"  [6bba_062c8d37] FINAL: 5862 nodes, 5627 edges\n"}
,{"stream_name":"stdout","time":2269.492830888,"data":"  [6bba_07e24132] after edge-filter+motion-relink: 25031 nodes, 23529 edges\n"}
,{"stream_name":"stdout","time":2275.108462358,"data":"  [6bba_07e24132] after gap-closing (single-frame + gap2): 25358 nodes, 24129 edges\n"}
,{"stream_name":"stdout","time":2279.12582159,"data":"  [6bba_07e24132] after safe-division repair: 25358 nodes, 24135 edges (geometric_candidates=84, deepcenter_rejected=77, post_veto_candidates=7, added=6, cap_skipped=0, mutual_nn_rejected=49, divergence_rejected=926)\n"}
,{"stream_name":"stdout","time":2279.125874889,"data":"  [6bba_07e24132] after division-geometry-filter+prune-isolated: 25344 nodes, 24135 edges\n"}
,{"stream_name":"stdout","time":2279.125882527,"data":"  [6bba_07e24132] after short-track filtering: 24290 nodes, 23323 edges (components_removed=242)\n"}
,{"stream_name":"stdout","time":2283.769858595,"data":"  [6bba_07e24132] FINAL: 24290 nodes, 23323 edges\n"}
,{"stream_name":"stdout","time":2283.769896594,"data":"\n"}
,{"stream_name":"stdout","time":2283.769903437,"data":"==============================================================================\n"}
,{"stream_name":"stdout","time":2283.769908881,"data":"LOCAL VALIDATOR -- proxy score using the official metric formula\n"}
,{"stream_name":"stdout","time":2283.769913959,"data":"(https://github.com/royerlab/kaggle-cell-tracking-competition/blob/main/metrics.md)\n"}
,{"stream_name":"stdout","time":2283.769930349,"data":"==============================================================================\n"}
,{"stream_name":"stdout","time":2283.769934224,"data":"  44b6_12dfb391                edge_jaccard=0.9046 adj_edge_jaccard=0.9291 T_pred=42802 T_true=58672.0 div(tp/fp/fn)=(0/0/1)\n"}
,{"stream_name":"stdout","time":2283.769937849,"data":"      errors: missed_gt_nodes=6 spurious_pred_nodes=42020 recovered=740 fragmented=25 lost_to_detection=8 wrong_association=0\n"}
,{"stream_name":"stdout","time":2283.769943112,"data":"  44b6_267148e4                edge_jaccard=0.8226 adj_edge_jaccard=0.8143 T_pred=21052 T_true=19130.0 div(tp/fp/fn)=(0/0/1)\n"}
,{"stream_name":"stdout","time":2283.769950155,"data":"      errors: missed_gt_nodes=2 spurious_pred_nodes=20774 recovered=255 fragmented=18 lost_to_detection=4 wrong_association=0\n"}
,{"stream_name":"stdout","time":2283.769952499,"data":"  6bba_062c8d37                edge_jaccard=0.9801 adj_edge_jaccard=0.9828 T_pred=5862 T_true=6030.0 div(tp/fp/fn)=(1/0/0)\n"}
,{"stream_name":"stdout","time":2283.769954878,"data":"      errors: missed_gt_nodes=6 spurious_pred_nodes=4938 recovered=887 fragmented=5 lost_to_detection=6 wrong_association=0\n"}
,{"stream_name":"stdout","time":2283.769957195,"data":"  6bba_07e24132                edge_jaccard=0.8443 adj_edge_jaccard=0.8332 T_pred=24290 T_true=21485.0 div(tp/fp/fn)=(0/0/2)\n"}
,{"stream_name":"stdout","time":2283.769959499,"data":"      errors: missed_gt_nodes=22 spurious_pred_nodes=23953 recovered=309 fragmented=9 lost_to_detection=27 wrong_association=0\n"}
,{"stream_name":"stdout","time":2283.769961927,"data":"\n"}
,{"stream_name":"stdout","time":2283.769964086,"data":"n=4  adjusted_edge_jaccard=0.9199  division_jaccard=0.2000  PROXY_SCORE=0.9399\n"}
,{"stream_name":"stdout","time":2283.769966344,"data":"  totals -- missed_gt_nodes=36 spurious_pred_nodes=91685 recovered=2191 fragmented=57 lost_to_detection=45 wrong_association=0\n"}
,{"stream_name":"stdout","time":2283.769968665,"data":"\n"}
,{"stream_name":"stdout","time":2283.769970748,"data":"Per-sample validator rows written to /kaggle/working/validator_results.csv\n"}
,{"stream_name":"stdout","time":2283.805415489,"data":"==============================================================================\n"}
,{"stream_name":"stdout","time":2283.805447268,"data":"PIPELINE MANIFEST -- resolved state, not just config\n"}
,{"stream_name":"stdout","time":2283.805451321,"data":"==============================================================================\n"}
,{"stream_name":"stdout","time":2283.805453894,"data":"Dual-seed ensemble:      requested=True  weights_found=True\n"}
,{"stream_name":"stdout","time":2283.805456411,"data":"Bidirectional fusion:    weight=0.15  active=True  mode=harmonic_probability\n"}
,{"stream_name":"stdout","time":2283.805458866,"data":"DeepCenter veto:         requested=True  loaded=True\n"}
,{"stream_name":"stdout","time":2283.805461242,"data":"  - checkpoint file:     /kaggle/input/datasets/pilkwang/biohub-deepcenter-unet3d-center-prior-v1/weights/full_frame_center/best.pt\n"}
,{"stream_name":"stdout","time":2283.805463676,"data":"  - expected epoch:      2\n"}
,{"stream_name":"stdout","time":2283.805465935,"data":"  - gap veto:            True\n"}
,{"stream_name":"stdout","time":2283.805468103,"data":"  - safe-div veto:       True\n"}
,{"stream_name":"stdout","time":2283.80547033,"data":"Safe-div thresholds:     parent\u003c=9.0um  sister\u003c=14.0um  global_cap=0.00375  frame_cap=0.0076\n"}
,{"stream_name":"stdout","time":2283.805473279,"data":"Validator:               enabled=True  held_out_samples=4  match_radius=7.0um\n"}
,{"stream_name":"stdout","time":2283.805475644,"data":"==============================================================================\n"}
,{"stream_name":"stdout","time":2442.968755309,"data":"DIVISION AUDIT stage summary:\n"}
,{"stream_name":"stdout","time":2442.968816572,"data":"  raw_ilp                   forks=   0 TP= 0 FN= 5\n"}
,{"stream_name":"stdout","time":2442.968822206,"data":"  edge_filter               forks=   0 TP= 0 FN= 5\n"}
,{"stream_name":"stdout","time":2442.968827468,"data":"  motion_relink             forks=   0 TP= 0 FN= 5\n"}
,{"stream_name":"stdout","time":2442.968830887,"data":"  single_parent             forks=   0 TP= 0 FN= 5\n"}
,{"stream_name":"stdout","time":2442.968834108,"data":"  single_child              forks=   0 TP= 0 FN= 5\n"}
,{"stream_name":"stdout","time":2442.968837092,"data":"  gap_close                 forks=   0 TP= 0 FN= 5\n"}
,{"stream_name":"stdout","time":2442.968840055,"data":"  gap2                      forks=   0 TP= 0 FN= 5\n"}
,{"stream_name":"stdout","time":2442.968843693,"data":"  safe_div_geometry         forks=   0 TP= 0 FN= 5\n"}
,{"stream_name":"stdout","time":2442.968860523,"data":"  safe_div_post_veto        forks=   0 TP= 0 FN= 5\n"}
,{"stream_name":"stdout","time":2442.968869332,"data":"  safe_div_selected         forks=  51 TP= 1 FN= 4\n"}
,{"stream_name":"stdout","time":2442.968875011,"data":"  division_geometry_filter  forks=  51 TP= 1 FN= 4\n"}
,{"stream_name":"stdout","time":2442.968879546,"data":"  prune_isolated            forks=  51 TP= 1 FN= 4\n"}
,{"stream_name":"stdout","time":2442.968884066,"data":"  short_track               forks=  51 TP= 1 FN= 4\n"}
,{"stream_name":"stdout","time":2442.968888427,"data":"  final                     forks=  51 TP= 1 FN= 4\n"}
,{"stream_name":"stdout","time":2442.968893564,"data":"DIVISION AUDIT candidate gate status:\n"}
,{"stream_name":"stdout","time":2442.968897776,"data":"  gt_daughter_has_incoming_edge          3\n"}
,{"stream_name":"stdout","time":2442.968902169,"data":"  candidate_survived_gates               1\n"}
,{"stream_name":"stdout","time":2442.968906735,"data":"  divergence_distance_gate               1\n"}
,{"stream_name":"stdout","time":2442.968928109,"data":"Wrote /kaggle/working/division_stage_summary.csv /kaggle/working/division_stage_audit.csv /kaggle/working/division_candidate_audit.csv\n"}
,{"stream_name":"stdout","time":2443.002479752,"data":"EXP045 diagnostic complete; submission.csv was renamed to /kaggle/working/prethreshold_reference_submission.csv\n"}
,{"stream_name":"stderr","time":2446.901618085,"data":"/usr/local/lib/python3.12/dist-packages/mistune.py:435: SyntaxWarning: invalid escape sequence '\\|'\n"}
,{"stream_name":"stderr","time":2446.901665657,"data":"  cells[i][c] = re.sub('\\\\\\\\\\|', '|', cell)\n"}
,{"stream_name":"stderr","time":2447.033415878,"data":"/usr/local/lib/python3.12/dist-packages/nbconvert/filters/filter_links.py:36: SyntaxWarning: invalid escape sequence '\\_'\n"}
,{"stream_name":"stderr","time":2447.033442966,"data":"  text = re.sub(r'_', '\\_', text) # Escape underscores in display text\n"}
,{"stream_name":"stderr","time":2447.734157259,"data":"[NbConvertApp] Converting notebook __notebook__.ipynb to notebook\n"}
,{"stream_name":"stderr","time":2448.068201282,"data":"[NbConvertApp] Writing 348625 bytes to __notebook__.ipynb\n"}
,{"stream_name":"stderr","time":2450.545396959,"data":"[NbConvertApp] Converting notebook __notebook__.ipynb to html\n"}
,{"stream_name":"stderr","time":2452.152245,"data":"[NbConvertApp] Writing 1285840 bytes to __results__.html\n"}
]