[{"stream_name":"stderr","time":6.368686267,"data":"0.00s - Debugger warning: It seems that frozen modules are being used, which may\n"}
,{"stream_name":"stderr","time":6.368761551,"data":"0.00s - make the debugger miss breakpoints. Please pass -Xfrozen_modules=off\n"}
,{"stream_name":"stderr","time":6.368766685,"data":"0.00s - to python to disable frozen modules.\n"}
,{"stream_name":"stderr","time":6.368769328,"data":"0.00s - Note: Debugging will proceed. Set PYDEVD_DISABLE_FILE_VALIDATION=1 to disable this validation.\n"}
,{"stream_name":"stderr","time":6.9405156649999995,"data":"0.00s - Debugger warning: It seems that frozen modules are being used, which may\n"}
,{"stream_name":"stderr","time":6.940545386,"data":"0.00s - make the debugger miss breakpoints. Please pass -Xfrozen_modules=off\n"}
,{"stream_name":"stderr","time":6.9405503379999995,"data":"0.00s - to python to disable frozen modules.\n"}
,{"stream_name":"stderr","time":6.940554854,"data":"0.00s - Note: Debugging will proceed. Set PYDEVD_DISABLE_FILE_VALIDATION=1 to disable this validation.\n"}
,{"stream_name":"stdout","time":7.964241216,"data":"BIOHUB_PRESET: harmonic_v3_division_wide\n"}
,{"stream_name":"stdout","time":7.964305284,"data":"BIOHUB_SCORE_AXIS: public 0.939 base + holdout-selected post-process configuration\n"}
,{"stream_name":"stdout","time":7.987485954,"data":"Configuration guard: PASS\n"}
,{"stream_name":"stdout","time":7.987514351,"data":"Baseline: fixed-90 dual-seed clean pipeline (public LB 0.913)\n"}
,{"stream_name":"stdout","time":7.987519668,"data":"Single model-level change: harmonic mutual-support association fusion\n"}
,{"stream_name":"stdout","time":7.987524103,"data":"Reverse-time association weight: 0.200\n"}
,{"stream_name":"stdout","time":8.678299237000001,"data":"Biohub learned UNet + node-transformer + ILP submission\n"}
,{"stream_name":"stdout","time":8.678331083,"data":"COMP_DIR: /kaggle/input/competitions/biohub-cell-tracking-during-development exists: True\n"}
,{"stream_name":"stdout","time":8.67833568,"data":"TEST_DIR: /kaggle/input/competitions/biohub-cell-tracking-during-development/test exists: True\n"}
,{"stream_name":"stdout","time":8.678339597,"data":"{\n"}
,{"stream_name":"stdout","time":8.678343454,"data":"  \"adaptive_short_track_rescue\": true,\n"}
,{"stream_name":"stdout","time":8.678347179,"data":"  \"allow_artifact_fallback\": false,\n"}
,{"stream_name":"stdout","time":8.678350987,"data":"  \"allow_pip_install\": false,\n"}
,{"stream_name":"stdout","time":8.678354787,"data":"  \"deepcenter_checkpoint_default\": \"/kaggle/input/biohub-deepcenter-unet3d-center-prior-v1/weights/full_frame_center/best.pt\",\n"}
,{"stream_name":"stdout","time":8.678373086,"data":"  \"deepcenter_expected_epoch\": 2,\n"}
,{"stream_name":"stdout","time":8.678382321,"data":"  \"deepcenter_gap_add_gate\": true,\n"}
,{"stream_name":"stdout","time":8.678386871,"data":"  \"deepcenter_gap_confirm_min_span_um\": 8.5,\n"}
,{"stream_name":"stdout","time":8.678390967,"data":"  \"deepcenter_gap_threshold\": 0.25,\n"}
,{"stream_name":"stdout","time":8.678394794999999,"data":"  \"deepcenter_safe_div_add_gate\": true,\n"}
,{"stream_name":"stdout","time":8.678398207,"data":"  \"deepcenter_safe_div_threshold\": 0.25,\n"}
,{"stream_name":"stdout","time":8.67840198,"data":"  \"det_threshold\": 0.965,\n"}
,{"stream_name":"stdout","time":8.678406108,"data":"  \"div_drop_to_single_if_bad\": true,\n"}
,{"stream_name":"stdout","time":8.678410053,"data":"  \"div_parent_max_um\": 10.5,\n"}
,{"stream_name":"stdout","time":8.678414043,"data":"  \"div_sister_max_um\": 8.0,\n"}
,{"stream_name":"stdout","time":8.678418109,"data":"  \"experiment_tag\": \"selected_101_dual_seed_near_balanced_center_confirmed_synthetic_gap\",\n"}
,{"stream_name":"stdout","time":8.678435937,"data":"  \"gap2_frame_frac_cap\": 0.006,\n"}
,{"stream_name":"stdout","time":8.678440643,"data":"  \"gap2_max_links_abs\": 180,\n"}
,{"stream_name":"stdout","time":8.678445195,"data":"  \"gap2_max_links_frac\": 0.0045,\n"}
,{"stream_name":"stdout","time":8.678449497,"data":"  \"gap2_max_step_um\": 4.4,\n"}
,{"stream_name":"stdout","time":8.678453757,"data":"  \"gap2_max_total_um\": 10.2,\n"}
,{"stream_name":"stdout","time":8.678457948,"data":"  \"gap2_require_context\": true,\n"}
,{"stream_name":"stdout","time":8.678462059,"data":"  \"gap_close_effective_max_gap\": 1,\n"}
,{"stream_name":"stdout","time":8.678466155,"data":"  \"gap_close_max_added_abs\": 2000,\n"}
,{"stream_name":"stdout","time":8.678469664,"data":"  \"gap_close_max_added_frac\": 0.05,\n"}
,{"stream_name":"stdout","time":8.678472967,"data":"  \"gap_close_max_gap\": 2,\n"}
,{"stream_name":"stdout","time":8.678476374,"data":"  \"gap_close_reuse_existing\": true,\n"}
,{"stream_name":"stdout","time":8.678479961,"data":"  \"gap_close_reuse_um\": 3.2,\n"}
,{"stream_name":"stdout","time":8.678483504999999,"data":"  \"gap_close_um\": 5.0,\n"}
,{"stream_name":"stdout","time":8.678487134000001,"data":"  \"gap_density_adaptive\": true,\n"}
,{"stream_name":"stdout","time":8.678491159,"data":"  \"gap_density_gain\": 0.04,\n"}
,{"stream_name":"stdout","time":8.678494744,"data":"  \"gap_density_max_step_delta_um\": 0.125,\n"}
,{"stream_name":"stdout","time":8.678498546,"data":"  \"gap_density_neighbors\": 3,\n"}
,{"stream_name":"stdout","time":8.678502405,"data":"  \"gap_density_reference_um\": 6.5,\n"}
,{"stream_name":"stdout","time":8.678506451,"data":"  \"gap_refine_max_shift_um\": 3.2,\n"}
,{"stream_name":"stdout","time":8.678510946,"data":"  \"gap_refine_synthetic\": true,\n"}
,{"stream_name":"stdout","time":8.678515669,"data":"  \"gap_refine_win_yx\": 3,\n"}
,{"stream_name":"stdout","time":8.678519399,"data":"  \"gap_refine_win_z\": 1,\n"}
,{"stream_name":"stdout","time":8.678523393,"data":"  \"ilp_appearance_weight\": 0.0,\n"}
,{"stream_name":"stdout","time":8.678527606,"data":"  \"ilp_disappearance_weight\": 2.0,\n"}
,{"stream_name":"stdout","time":8.678531242,"data":"  \"ilp_division_weight\": 1.2,\n"}
,{"stream_name":"stdout","time":8.678535626,"data":"  \"ilp_edge_weight\": -1.0,\n"}
,{"stream_name":"stdout","time":8.67854008,"data":"  \"method\": \"unet_transformer\",\n"}
,{"stream_name":"stdout","time":8.678543745,"data":"  \"motion_relink_learned_bonus\": 1.0,\n"}
,{"stream_name":"stdout","time":8.678547328,"data":"  \"motion_relink_max_frame_nodes\": 2600,\n"}
,{"stream_name":"stdout","time":8.678551263,"data":"  \"motion_relink_relaxed_um\": 10.0,\n"}
,{"stream_name":"stdout","time":8.678555706000001,"data":"  \"motion_relink_tight_um\": 6.0,\n"}
,{"stream_name":"stdout","time":8.678560653,"data":"  \"motion_relink_velocity_weight\": 0.5,\n"}
,{"stream_name":"stdout","time":8.678564502,"data":"  \"output_division_geometry_filter\": false,\n"}
,{"stream_name":"stdout","time":8.678568451,"data":"  \"output_edge_max_um\": 14.0,\n"}
,{"stream_name":"stdout","time":8.678574465,"data":"  \"output_enforce_next_frame\": true,\n"}
,{"stream_name":"stdout","time":8.678578518,"data":"  \"output_filter_short_tracks\": true,\n"}
,{"stream_name":"stdout","time":8.678582471,"data":"  \"output_gap2_recovery\": true,\n"}
,{"stream_name":"stdout","time":8.678586595,"data":"  \"output_gap_close\": true,\n"}
,{"stream_name":"stdout","time":8.678590763999999,"data":"  \"output_keep_division_components\": true,\n"}
,{"stream_name":"stdout","time":8.678602214,"data":"  \"output_linefit_smooth\": true,\n"}
,{"stream_name":"stdout","time":8.678606699,"data":"  \"output_linefit_weight\": 0.8,\n"}
,{"stream_name":"stdout","time":8.678611235,"data":"  \"output_linefit_window\": 2,\n"}
,{"stream_name":"stdout","time":8.678615468,"data":"  \"output_min_track_len\": 6,\n"}
,{"stream_name":"stdout","time":8.678619253,"data":"  \"output_motion_relink\": true,\n"}
,{"stream_name":"stdout","time":8.678622752,"data":"  \"output_prune_isolated\": true,\n"}
,{"stream_name":"stdout","time":8.678626681,"data":"  \"output_safe_divisions\": true,\n"}
,{"stream_name":"stdout","time":8.678630086,"data":"  \"output_single_child_repair\": false,\n"}
,{"stream_name":"stdout","time":8.678633969,"data":"  \"output_single_parent_repair\": true,\n"}
,{"stream_name":"stdout","time":8.678638281,"data":"  \"primary_artifact_manifest\": \"/kaggle/input/datasets/pilkwang/biohub-tracking-support-pack-50ep-v1/ARTIFACT_MANIFEST.json\",\n"}
,{"stream_name":"stdout","time":8.678643104,"data":"  \"safe_div_existing_child_max_um\": 10.0,\n"}
,{"stream_name":"stdout","time":8.678647169,"data":"  \"safe_div_frame_frac_cap\": 0.0076,\n"}
,{"stream_name":"stdout","time":8.678651088,"data":"  \"safe_div_global_frac_cap\": 0.00375,\n"}
,{"stream_name":"stdout","time":8.678654687,"data":"  \"safe_div_max_um\": 9.0,\n"}
,{"stream_name":"stdout","time":8.678658211,"data":"  \"safe_div_sister_max_um\": 14.0,\n"}
,{"stream_name":"stdout","time":8.678661813,"data":"  \"short_track_rescue_max_mean_edge_dist_um\": 3.0,\n"}
,{"stream_name":"stdout","time":8.678665471,"data":"  \"short_track_rescue_max_nodes_abs\": 120,\n"}
,{"stream_name":"stdout","time":8.678669119,"data":"  \"short_track_rescue_max_nodes_frac\": 0.012,\n"}
,{"stream_name":"stdout","time":8.678674049,"data":"  \"short_track_rescue_min_len\": 4,\n"}
,{"stream_name":"stdout","time":8.678678088,"data":"  \"short_track_rescue_min_mean_edge_prob\": 0.88,\n"}
,{"stream_name":"stdout","time":8.678682063,"data":"  \"short_track_rescue_trigger_removed_frac\": 0.1,\n"}
,{"stream_name":"stdout","time":8.678685545,"data":"  \"slice\": \"\",\n"}
,{"stream_name":"stdout","time":8.678689251,"data":"  \"target_artifact_slug\": \"biohub-tracking-support-pack-50ep-v1\",\n"}
,{"stream_name":"stdout","time":8.678692896,"data":"  \"unet_batch_size\": 4,\n"}
,{"stream_name":"stdout","time":8.678696371000001,"data":"  \"use_deepcenter_add_only_gate\": true,\n"}
,{"stream_name":"stdout","time":8.678699815,"data":"  \"use_ilp\": true,\n"}
,{"stream_name":"stdout","time":8.678703533,"data":"  \"weights\": \"weights/unet_transformer/split_0/edge_predictor_best.pth\"\n"}
,{"stream_name":"stdout","time":8.678707227,"data":"}\n"}
,{"stream_name":"stdout","time":8.878067447,"data":"ARTIFACTS: /kaggle/input/datasets/pilkwang/biohub-tracking-support-pack-50ep-v1\n"}
,{"stream_name":"stdout","time":8.878091735,"data":"Has offline wheels: True\n"}
,{"stream_name":"stdout","time":8.878095023,"data":"Artifact name: biohub-tracking-support-pack-400ep-snapshot-v1\n"}
,{"stream_name":"stdout","time":8.878097713,"data":"Weight sha256: 12f6881ee3620a831697ca098ff8f48e687a24225f4e048b538deec3562fe771\n"}
,{"stream_name":"stdout","time":8.878100374,"data":"Weight path: weights/unet_transformer/split_0/edge_predictor_best.pth\n"}
,{"stream_name":"stdout","time":9.576184973,"data":"Installing missing packages from offline package dirs: ['polars']\n"}
,{"stream_name":"stdout","time":9.576221373,"data":"Dependency resolver is disabled with --no-deps to avoid replacing Kaggle numpy/scipy in a live kernel.\n"}
,{"stream_name":"stdout","time":9.576236481,"data":"Offline package dirs: ['/kaggle/input/datasets/pilkwang/biohub-tracking-support-pack-50ep-v1/wheels']\n"}
,{"stream_name":"stdout","time":15.441753157,"data":"Offline dependency install succeeded.\n"}
,{"stream_name":"stdout","time":15.441802829,"data":"Installing missing packages from offline package dirs: ['tracksdata', 'zarr', 'pyscipopt', 'geff', 'geff_spec', 'ilpy', 'imagecodecs', 'rustworkx', 'numcodecs', 'donfig', 'bidict']\n"}
,{"stream_name":"stdout","time":15.441811251,"data":"Dependency resolver is disabled with --no-deps to avoid replacing Kaggle numpy/scipy in a live kernel.\n"}
,{"stream_name":"stdout","time":15.441816898999999,"data":"Offline package dirs: ['/kaggle/input/datasets/pilkwang/biohub-tracking-support-pack-50ep-v1/wheels']\n"}
,{"stream_name":"stdout","time":36.762109264,"data":"Offline dependency install succeeded.\n"}
,{"stream_name":"stderr","time":43.671869601,"data":"/usr/local/lib/python3.12/dist-packages/dask/array/image.py:7: FutureWarning: `find_available_plugins` is deprecated since version 0.25 and will be removed in version 0.27. The plugin infrastructure of `skimage.io` is deprecated. Instead, use `imageio` or other I/O packages directly.\n"}
,{"stream_name":"stderr","time":43.67190578,"data":"  from skimage.io import imread as sk_imread\n"}
,{"stream_name":"stderr","time":43.671910185,"data":"/usr/lib/python3.12/importlib/__init__.py:90: FutureWarning: `reset_plugins` is deprecated since version 0.25 and will be removed in version 0.27. The plugin infrastructure of `skimage.io` is deprecated. Instead, use `imageio` or other I/O packages directly.\n"}
,{"stream_name":"stderr","time":43.671914449,"data":"  return _bootstrap._gcd_import(name[level:], package, level)\n"}
,{"stream_name":"stderr","time":43.671917793,"data":"\n"}
,{"stream_name":"stderr","time":43.671920966,"data":"/usr/local/lib/python3.12/dist-packages/dask/array/image.py:7: FutureWarning: `find_available_plugins` is deprecated since version 0.25 and will be removed in version 0.27. The plugin infrastructure of `skimage.io` is deprecated. Instead, use `imageio` or other I/O packages directly.\n"}
,{"stream_name":"stderr","time":43.671925133,"data":"  from skimage.io import imread as sk_imread\n"}
,{"stream_name":"stderr","time":43.671928285999996,"data":"/usr/lib/python3.12/importlib/__init__.py:90: FutureWarning: `reset_plugins` is deprecated since version 0.25 and will be removed in version 0.27. The plugin infrastructure of `skimage.io` is deprecated. Instead, use `imageio` or other I/O packages directly.\n"}
,{"stream_name":"stderr","time":43.671931897,"data":"  return _bootstrap._gcd_import(name[level:], package, level)\n"}
,{"stream_name":"stdout","time":43.866808599,"data":"Required graph/Zarr/ILP packages import successfully.\n"}
,{"stream_name":"stdout","time":43.866846206,"data":"Inference repo: /kaggle/working/tracking_repo\n"}
,{"stream_name":"stdout","time":43.866858398,"data":"Weights: /kaggle/working/tracking_repo/weights/unet_transformer/split_0/edge_predictor_best.pth\n"}
,{"stream_name":"stdout","time":45.031604081,"data":"Support repo Python manifest SHA256: 978b626d1fd1e7397435a437dfe68691defe1572fc3c20e61012d7c9b52ed029\n"}
,{"stream_name":"stdout","time":45.031639834,"data":"Primary materialized SHA256: 12f6881ee3620a831697ca098ff8f48e687a24225f4e048b538deec3562fe771\n"}
,{"stream_name":"stdout","time":45.03164638,"data":"DeepCenter materialized SHA256: 8040999a92f6b7bbd98fa8cf458141e045c0f9ad7c936bdb3b18e1f7edafe2a0\n"}
,{"stream_name":"stdout","time":236.432563172,"data":"Secondary artifact: /kaggle/input/datasets/pilkwang/biohub-temporal-unet3d-seed314159-v1\n"}
,{"stream_name":"stdout","time":236.432607476,"data":"Secondary weight: /kaggle/working/secondary_seed_weights/unet_transformer/split_0/edge_predictor_best.pth\n"}
,{"stream_name":"stdout","time":236.43262718,"data":"Secondary SHA256: 9bac2fa0dadc4a6fc1899e0caf187f4b553e0a7cd90ba1261a68b35ffe9e305f\n"}
,{"stream_name":"stdout","time":236.432631794,"data":"Secondary edge-logit weight: 0.15\n"}
,{"stream_name":"stdout","time":236.432641945,"data":"Runtime integrity receipt: /kaggle/working/bidirectional_production_runtime_integrity.json\n"}
,{"stream_name":"stdout","time":240.352169692,"data":"CUDA device: Tesla T4\n"}
,{"stream_name":"stdout","time":240.352200834,"data":"EXP048 deterministic runtime guard applied 20260923\n"}
,{"stream_name":"stdout","time":240.35220455,"data":"TTA patch applied (400ep spatial D4-style)\n"}
,{"stream_name":"stdout","time":240.352207302,"data":"Calibrated dual-seed runtime patch applied\n"}
,{"stream_name":"stdout","time":240.352209841,"data":"Frozen frame retention guard applied at 0.90\n"}
,{"stream_name":"stdout","time":240.352212603,"data":"Bidirectional harmonic-probability association fusion applied | weight= 0.15\n"}
,{"stream_name":"stdout","time":240.352215589,"data":"Pre-ILP detector-coordinate manifest hook applied\n"}
,{"stream_name":"stdout","time":240.352218957,"data":"EDGE_TTA patch installed and enabled in /kaggle/working/tracking_repo/scripts/predict_unet_transformer.py\n"}
,{"stream_name":"stdout","time":240.352236651,"data":"secondary edge-feature TTA patch installed and enabled\n"}
,{"stream_name":"stdout","time":240.365798893,"data":"EXP046 second-edge division rescue patch applied\n"}
,{"stream_name":"stdout","time":240.365831371,"data":"EXP052 proposal capture patch applied\n"}
,{"stream_name":"stdout","time":240.365835083,"data":"Found 4 test videos\n"}
,{"stream_name":"stdout","time":240.365837691,"data":"['44b6_0113de3b', '44b6_0b24845f', '6bba_05b6850b', '6bba_05db0fb1']\n"}
,{"stream_name":"stdout","time":240.365840593,"data":"EXP019 CV-only: skipped test-set inference; validation prediction runs once below.\n"}
,{"stream_name":"stdout","time":240.818292368,"data":"EXP019 FOCUS strategies ready; production test pass remains FOCUS-off\n"}
,{"stream_name":"stdout","time":484.060768282,"data":"Trying DeepCenter add-only gate checkpoint: /kaggle/input/datasets/pilkwang/biohub-deepcenter-unet3d-center-prior-v1/weights/full_frame_center/best.pt\n"}
,{"stream_name":"stdout","time":484.170049544,"data":"Loaded DeepCenter add-only gate checkpoint: /kaggle/input/datasets/pilkwang/biohub-deepcenter-unet3d-center-prior-v1/weights/full_frame_center/best.pt\n"}
,{"stream_name":"stdout","time":484.17009356,"data":"DeepCenter checkpoint epoch: 2 best_score: -0.04500306242456039\n"}
,{"stream_name":"stdout","time":484.170098303,"data":"EXP019 CV-only: no test submission is generated.\n"}
,{"stream_name":"stdout","time":484.192529358,"data":"EXP019 CV-only: submission retention guard skipped by design.\n"}
,{"stream_name":"stdout","time":484.367252556,"data":"VALIDATOR: excluding 4 TRAIN stem(s) that also appear in TEST_DIR: ['44b6_0113de3b', '44b6_0b24845f', '6bba_05b6850b', '6bba_05db0fb1']\n"}
,{"stream_name":"stdout","time":521.630192429,"data":"VALIDATOR: selected 4 held-out TRAIN samples (2 per embryo-type prefix, 2 prefixes found, 4 contain a GT division)\n"}
,{"stream_name":"stdout","time":521.630236772,"data":"['44b6_12dfb391', '44b6_267148e4', '6bba_062c8d37', '6bba_07e24132']\n"}
,{"stream_name":"stdout","time":521.63024244,"data":"VALIDATOR: launching 2 shards on CUDA devices ['0', '1']\n"}
,{"stream_name":"stderr","time":526.883455581,"data":"/usr/local/lib/python3.12/dist-packages/dask/array/image.py:7: FutureWarning: `find_available_plugins` is deprecated since version 0.25 and will be removed in version 0.27. The plugin infrastructure of `skimage.io` is deprecated. Instead, use `imageio` or other I/O packages directly.\n"}
,{"stream_name":"stderr","time":526.883503714,"data":"  from skimage.io import imread as sk_imread\n"}
,{"stream_name":"stderr","time":526.888306119,"data":"/usr/lib/python3.12/importlib/__init__.py:90: FutureWarning: `reset_plugins` is deprecated since version 0.25 and will be removed in version 0.27. The plugin infrastructure of `skimage.io` is deprecated. Instead, use `imageio` or other I/O packages directly.\n"}
,{"stream_name":"stderr","time":526.888332254,"data":"  return _bootstrap._gcd_import(name[level:], package, level)\n"}
,{"stream_name":"stderr","time":527.002404925,"data":"/usr/local/lib/python3.12/dist-packages/dask/array/image.py:7: FutureWarning: `find_available_plugins` is deprecated since version 0.25 and will be removed in version 0.27. The plugin infrastructure of `skimage.io` is deprecated. Instead, use `imageio` or other I/O packages directly.\n"}
,{"stream_name":"stderr","time":527.002455091,"data":"  from skimage.io import imread as sk_imread\n"}
,{"stream_name":"stderr","time":527.007642281,"data":"/usr/lib/python3.12/importlib/__init__.py:90: FutureWarning: `reset_plugins` is deprecated since version 0.25 and will be removed in version 0.27. The plugin infrastructure of `skimage.io` is deprecated. Instead, use `imageio` or other I/O packages directly.\n"}
,{"stream_name":"stderr","time":527.007666631,"data":"  return _bootstrap._gcd_import(name[level:], package, level)\n"}
,{"stream_name":"stderr","time":527.086280261,"data":"/usr/local/lib/python3.12/dist-packages/dask/array/image.py:7: FutureWarning: `find_available_plugins` is deprecated since version 0.25 and will be removed in version 0.27. The plugin infrastructure of `skimage.io` is deprecated. Instead, use `imageio` or other I/O packages directly.\n"}
,{"stream_name":"stderr","time":527.086316815,"data":"  from skimage.io import imread as sk_imread\n"}
,{"stream_name":"stderr","time":527.086323026,"data":"/usr/lib/python3.12/importlib/__init__.py:90: FutureWarning: `reset_plugins` is deprecated since version 0.25 and will be removed in version 0.27. The plugin infrastructure of `skimage.io` is deprecated. Instead, use `imageio` or other I/O packages directly.\n"}
,{"stream_name":"stderr","time":527.086328777,"data":"  return _bootstrap._gcd_import(name[level:], package, level)\n"}
,{"stream_name":"stderr","time":527.086333611,"data":"/usr/local/lib/python3.12/dist-packages/dask/array/image.py:7: FutureWarning: `find_available_plugins` is deprecated since version 0.25 and will be removed in version 0.27. The plugin infrastructure of `skimage.io` is deprecated. Instead, use `imageio` or other I/O packages directly.\n"}
,{"stream_name":"stderr","time":527.086341375,"data":"  from skimage.io import imread as sk_imread\n"}
,{"stream_name":"stderr","time":527.086344543,"data":"/usr/lib/python3.12/importlib/__init__.py:90: FutureWarning: `reset_plugins` is deprecated since version 0.25 and will be removed in version 0.27. The plugin infrastructure of `skimage.io` is deprecated. Instead, use `imageio` or other I/O packages directly.\n"}
,{"stream_name":"stderr","time":527.08634816,"data":"  return _bootstrap._gcd_import(name[level:], package, level)\n"}
,{"stream_name":"stderr","time":527.086351574,"data":"\n"}
,{"stream_name":"stderr","time":527.086354731,"data":"/usr/local/lib/python3.12/dist-packages/dask/array/image.py:7: FutureWarning: `find_available_plugins` is deprecated since version 0.25 and will be removed in version 0.27. The plugin infrastructure of `skimage.io` is deprecated. Instead, use `imageio` or other I/O packages directly.\n"}
,{"stream_name":"stderr","time":527.086358389,"data":"  from skimage.io import imread as sk_imread\n"}
,{"stream_name":"stderr","time":527.086361669,"data":"/usr/lib/python3.12/importlib/__init__.py:90: FutureWarning: `reset_plugins` is deprecated since version 0.25 and will be removed in version 0.27. The plugin infrastructure of `skimage.io` is deprecated. Instead, use `imageio` or other I/O packages directly.\n"}
,{"stream_name":"stderr","time":527.086394935,"data":"  return _bootstrap._gcd_import(name[level:], package, level)\n"}
,{"stream_name":"stderr","time":527.086402311,"data":"/usr/local/lib/python3.12/dist-packages/dask/array/image.py:7: FutureWarning: `find_available_plugins` is deprecated since version 0.25 and will be removed in version 0.27. The plugin infrastructure of `skimage.io` is deprecated. Instead, use `imageio` or other I/O packages directly.\n"}
,{"stream_name":"stderr","time":527.086407048,"data":"  from skimage.io import imread as sk_imread\n"}
,{"stream_name":"stderr","time":527.086410633,"data":"/usr/lib/python3.12/importlib/__init__.py:90: FutureWarning: `reset_plugins` is deprecated since version 0.25 and will be removed in version 0.27. The plugin infrastructure of `skimage.io` is deprecated. Instead, use `imageio` or other I/O packages directly.\n"}
,{"stream_name":"stderr","time":527.086415322,"data":"  return _bootstrap._gcd_import(name[level:], package, level)\n"}
,{"stream_name":"stdout","time":527.429656502,"data":"Secondary model: /kaggle/working/secondary_seed_weights/unet_transformer/split_0/edge_predictor_best.pth | edge weight=0.150 | detection weight=0.800 | link mode=low_margin_consensus | temperature=1.000 | low-margin max=0.350 | edge threshold=0.480\n"}
,{"stream_name":"stdout","time":527.429689865,"data":"Fold 0: 2 datasets | weights=weights/unet_transformer/split_0/edge_predictor_best.pth | device=cuda | window_size=2 | pool_kernel_um=3.0\n"}
,{"stream_name":"stdout","time":527.483851648,"data":"Secondary model: /kaggle/working/secondary_seed_weights/unet_transformer/split_0/edge_predictor_best.pth | edge weight=0.150 | detection weight=0.800 | link mode=low_margin_consensus | temperature=1.000 | low-margin max=0.350 | edge threshold=0.480\n"}
,{"stream_name":"stdout","time":527.48388616,"data":"Fold 0: 2 datasets | weights=weights/unet_transformer/split_0/edge_predictor_best.pth | device=cuda | window_size=2 | pool_kernel_um=3.0\n"}
,{"stream_name":"stdout","time":527.631931224,"data":"Secondary model: /kaggle/working/secondary_seed_weights/unet_transformer/split_0/edge_predictor_best.pth | edge weight=0.150 | detection weight=0.800 | link mode=low_margin_consensus | temperature=1.000 | low-margin max=0.350 | edge threshold=0.480\n"}
,{"stream_name":"stdout","time":527.63199464,"data":"Fold 0: 2 datasets | weights=weights/unet_transformer/split_0/edge_predictor_best.pth | device=cuda | window_size=2 | pool_kernel_um=3.0\n"}
,{"stream_name":"stdout","time":527.632004833,"data":"Secondary model: /kaggle/working/secondary_seed_weights/unet_transformer/split_0/edge_predictor_best.pth | edge weight=0.150 | detection weight=0.800 | link mode=low_margin_consensus | temperature=1.000 | low-margin max=0.350 | edge threshold=0.480\n"}
,{"stream_name":"stdout","time":527.632010363,"data":"Fold 0: 2 datasets | weights=weights/unet_transformer/split_0/edge_predictor_best.pth | device=cuda | window_size=2 | pool_kernel_um=3.0\n"}
,{"stream_name":"stdout","time":575.16263114,"data":"BIOHUB_RETENTION_GUARD {\"blended_candidates\": 431, \"dataset\": \"44b6_12dfb391\", \"frame\": 22, \"minimum_retention\": 0.9, \"primary_candidates\": 484, \"retention\": 0.890495867768595, \"use_primary\": true}\n"}
,{"stream_name":"stdout","time":575.380124241,"data":"BIOHUB_RETENTION_GUARD {\"blended_candidates\": 431, \"dataset\": \"44b6_12dfb391\", \"frame\": 22, \"minimum_retention\": 0.9, \"primary_candidates\": 484, \"retention\": 0.890495867768595, \"use_primary\": true}\n"}
,{"stream_name":"stdout","time":577.224280487,"data":"BIOHUB_RETENTION_GUARD {\"blended_candidates\": 433, \"dataset\": \"44b6_12dfb391\", \"frame\": 23, \"minimum_retention\": 0.9, \"primary_candidates\": 484, \"retention\": 0.8946280991735537, \"use_primary\": true}\n"}
,{"stream_name":"stdout","time":577.426140285,"data":"BIOHUB_RETENTION_GUARD {\"blended_candidates\": 433, \"dataset\": \"44b6_12dfb391\", \"frame\": 23, \"minimum_retention\": 0.9, \"primary_candidates\": 484, \"retention\": 0.8946280991735537, \"use_primary\": true}\n"}
,{"stream_name":"stdout","time":585.371291544,"data":"BIOHUB_RETENTION_GUARD {\"blended_candidates\": 451, \"dataset\": \"44b6_12dfb391\", \"frame\": 27, \"minimum_retention\": 0.9, \"primary_candidates\": 504, \"retention\": 0.8948412698412699, \"use_primary\": true}\n"}
,{"stream_name":"stdout","time":585.573670297,"data":"BIOHUB_RETENTION_GUARD {\"blended_candidates\": 451, \"dataset\": \"44b6_12dfb391\", \"frame\": 27, \"minimum_retention\": 0.9, \"primary_candidates\": 504, \"retention\": 0.8948412698412699, \"use_primary\": true}\n"}
,{"stream_name":"stdout","time":601.923227916,"data":"BIOHUB_RETENTION_GUARD {\"blended_candidates\": 449, \"dataset\": \"44b6_12dfb391\", \"frame\": 35, \"minimum_retention\": 0.9, \"primary_candidates\": 506, \"retention\": 0.8873517786561265, \"use_primary\": true}\n"}
,{"stream_name":"stdout","time":602.126801248,"data":"BIOHUB_RETENTION_GUARD {\"blended_candidates\": 449, \"dataset\": \"44b6_12dfb391\", \"frame\": 35, \"minimum_retention\": 0.9, \"primary_candidates\": 506, \"retention\": 0.8873517786561265, \"use_primary\": true}\n"}
,{"stream_name":"stdout","time":604.065064608,"data":"BIOHUB_RETENTION_GUARD {\"blended_candidates\": 452, \"dataset\": \"44b6_12dfb391\", \"frame\": 36, \"minimum_retention\": 0.9, \"primary_candidates\": 510, \"retention\": 0.8862745098039215, \"use_primary\": true}\n"}
,{"stream_name":"stdout","time":604.268079799,"data":"BIOHUB_RETENTION_GUARD {\"blended_candidates\": 452, \"dataset\": \"44b6_12dfb391\", \"frame\": 36, \"minimum_retention\": 0.9, \"primary_candidates\": 510, \"retention\": 0.8862745098039215, \"use_primary\": true}\n"}
,{"stream_name":"stdout","time":606.21462357,"data":"BIOHUB_RETENTION_GUARD {\"blended_candidates\": 459, \"dataset\": \"44b6_12dfb391\", \"frame\": 37, \"minimum_retention\": 0.9, \"primary_candidates\": 517, \"retention\": 0.8878143133462283, \"use_primary\": true}\n"}
,{"stream_name":"stdout","time":606.426057918,"data":"BIOHUB_RETENTION_GUARD {\"blended_candidates\": 459, \"dataset\": \"44b6_12dfb391\", \"frame\": 37, \"minimum_retention\": 0.9, \"primary_candidates\": 517, \"retention\": 0.8878143133462283, \"use_primary\": true}\n"}
,{"stream_name":"stdout","time":644.327480804,"data":"BIOHUB_RETENTION_GUARD {\"blended_candidates\": 471, \"dataset\": \"44b6_12dfb391\", \"frame\": 55, \"minimum_retention\": 0.9, \"primary_candidates\": 525, \"retention\": 0.8971428571428571, \"use_primary\": true}\n"}
,{"stream_name":"stdout","time":644.538259007,"data":"BIOHUB_RETENTION_GUARD {\"blended_candidates\": 471, \"dataset\": \"44b6_12dfb391\", \"frame\": 55, \"minimum_retention\": 0.9, \"primary_candidates\": 525, \"retention\": 0.8971428571428571, \"use_primary\": true}\n"}
,{"stream_name":"stdout","time":646.584842106,"data":"BIOHUB_RETENTION_GUARD {\"blended_candidates\": 466, \"dataset\": \"44b6_12dfb391\", \"frame\": 56, \"minimum_retention\": 0.9, \"primary_candidates\": 529, \"retention\": 0.8809073724007561, \"use_primary\": true}\n"}
,{"stream_name":"stdout","time":646.787226688,"data":"BIOHUB_RETENTION_GUARD {\"blended_candidates\": 466, \"dataset\": \"44b6_12dfb391\", \"frame\": 56, \"minimum_retention\": 0.9, \"primary_candidates\": 529, \"retention\": 0.8809073724007561, \"use_primary\": true}\n"}
,{"stream_name":"stdout","time":648.769812467,"data":"BIOHUB_RETENTION_GUARD {\"blended_candidates\": 463, \"dataset\": \"44b6_12dfb391\", \"frame\": 57, \"minimum_retention\": 0.9, \"primary_candidates\": 525, \"retention\": 0.8819047619047619, \"use_primary\": true}\n"}
,{"stream_name":"stdout","time":648.972072707,"data":"BIOHUB_RETENTION_GUARD {\"blended_candidates\": 463, \"dataset\": \"44b6_12dfb391\", \"frame\": 57, \"minimum_retention\": 0.9, \"primary_candidates\": 525, \"retention\": 0.8819047619047619, \"use_primary\": true}\n"}
,{"stream_name":"stdout","time":650.911087631,"data":"BIOHUB_RETENTION_GUARD {\"blended_candidates\": 462, \"dataset\": \"44b6_12dfb391\", \"frame\": 58, \"minimum_retention\": 0.9, \"primary_candidates\": 524, \"retention\": 0.8816793893129771, \"use_primary\": true}\n"}
,{"stream_name":"stdout","time":651.113928228,"data":"BIOHUB_RETENTION_GUARD {\"blended_candidates\": 462, \"dataset\": \"44b6_12dfb391\", \"frame\": 58, \"minimum_retention\": 0.9, \"primary_candidates\": 524, \"retention\": 0.8816793893129771, \"use_primary\": true}\n"}
,{"stream_name":"stdout","time":653.109804598,"data":"BIOHUB_RETENTION_GUARD {\"blended_candidates\": 458, \"dataset\": \"44b6_12dfb391\", \"frame\": 59, \"minimum_retention\": 0.9, \"primary_candidates\": 532, \"retention\": 0.8609022556390977, \"use_primary\": true}\n"}
,{"stream_name":"stdout","time":653.313102996,"data":"BIOHUB_RETENTION_GUARD {\"blended_candidates\": 458, \"dataset\": \"44b6_12dfb391\", \"frame\": 59, \"minimum_retention\": 0.9, \"primary_candidates\": 532, \"retention\": 0.8609022556390977, \"use_primary\": true}\n"}
,{"stream_name":"stdout","time":657.416122312,"data":"BIOHUB_RETENTION_GUARD {\"blended_candidates\": 462, \"dataset\": \"44b6_12dfb391\", \"frame\": 61, \"minimum_retention\": 0.9, \"primary_candidates\": 543, \"retention\": 0.850828729281768, \"use_primary\": true}\n"}
,{"stream_name":"stdout","time":657.618582248,"data":"BIOHUB_RETENTION_GUARD {\"blended_candidates\": 462, \"dataset\": \"44b6_12dfb391\", \"frame\": 61, \"minimum_retention\": 0.9, \"primary_candidates\": 543, \"retention\": 0.850828729281768, \"use_primary\": true}\n"}
,{"stream_name":"stdout","time":661.724253272,"data":"BIOHUB_RETENTION_GUARD {\"blended_candidates\": 491, \"dataset\": \"44b6_12dfb391\", \"frame\": 63, \"minimum_retention\": 0.9, \"primary_candidates\": 548, \"retention\": 0.8959854014598541, \"use_primary\": true}\n"}
,{"stream_name":"stdout","time":661.927666445,"data":"BIOHUB_RETENTION_GUARD {\"blended_candidates\": 491, \"dataset\": \"44b6_12dfb391\", \"frame\": 63, \"minimum_retention\": 0.9, \"primary_candidates\": 548, \"retention\": 0.8959854014598541, \"use_primary\": true}\n"}
,{"stream_name":"stdout","time":672.631348444,"data":"BIOHUB_RETENTION_GUARD {\"blended_candidates\": 500, \"dataset\": \"44b6_12dfb391\", \"frame\": 68, \"minimum_retention\": 0.9, \"primary_candidates\": 560, \"retention\": 0.8928571428571429, \"use_primary\": true}\n"}
,{"stream_name":"stdout","time":672.834269429,"data":"BIOHUB_RETENTION_GUARD {\"blended_candidates\": 500, \"dataset\": \"44b6_12dfb391\", \"frame\": 68, \"minimum_retention\": 0.9, \"primary_candidates\": 560, \"retention\": 0.8928571428571429, \"use_primary\": true}\n"}
,{"stream_name":"stdout","time":674.818255191,"data":"BIOHUB_RETENTION_GUARD {\"blended_candidates\": 482, \"dataset\": \"44b6_12dfb391\", \"frame\": 69, \"minimum_retention\": 0.9, \"primary_candidates\": 570, \"retention\": 0.8456140350877193, \"use_primary\": true}\n"}
,{"stream_name":"stdout","time":675.041758309,"data":"BIOHUB_RETENTION_GUARD {\"blended_candidates\": 482, \"dataset\": \"44b6_12dfb391\", \"frame\": 69, \"minimum_retention\": 0.9, \"primary_candidates\": 570, \"retention\": 0.8456140350877193, \"use_primary\": true}\n"}
,{"stream_name":"stdout","time":676.997217429,"data":"BIOHUB_RETENTION_GUARD {\"blended_candidates\": 471, \"dataset\": \"44b6_12dfb391\", \"frame\": 70, \"minimum_retention\": 0.9, \"primary_candidates\": 545, \"retention\": 0.8642201834862385, \"use_primary\": true}\n"}
,{"stream_name":"stdout","time":677.200155512,"data":"BIOHUB_RETENTION_GUARD {\"blended_candidates\": 471, \"dataset\": \"44b6_12dfb391\", \"frame\": 70, \"minimum_retention\": 0.9, \"primary_candidates\": 545, \"retention\": 0.8642201834862385, \"use_primary\": true}\n"}
,{"stream_name":"stdout","time":679.204452558,"data":"BIOHUB_RETENTION_GUARD {\"blended_candidates\": 488, \"dataset\": \"44b6_12dfb391\", \"frame\": 71, \"minimum_retention\": 0.9, \"primary_candidates\": 555, \"retention\": 0.8792792792792793, \"use_primary\": true}\n"}
,{"stream_name":"stdout","time":679.407148915,"data":"BIOHUB_RETENTION_GUARD {\"blended_candidates\": 488, \"dataset\": \"44b6_12dfb391\", \"frame\": 71, \"minimum_retention\": 0.9, \"primary_candidates\": 555, \"retention\": 0.8792792792792793, \"use_primary\": true}\n"}
,{"stream_name":"stdout","time":681.375894911,"data":"BIOHUB_RETENTION_GUARD {\"blended_candidates\": 487, \"dataset\": \"44b6_12dfb391\", \"frame\": 72, \"minimum_retention\": 0.9, \"primary_candidates\": 555, \"retention\": 0.8774774774774775, \"use_primary\": true}\n"}
,{"stream_name":"stdout","time":681.578302264,"data":"BIOHUB_RETENTION_GUARD {\"blended_candidates\": 487, \"dataset\": \"44b6_12dfb391\", \"frame\": 72, \"minimum_retention\": 0.9, \"primary_candidates\": 555, \"retention\": 0.8774774774774775, \"use_primary\": true}\n"}
,{"stream_name":"stdout","time":685.685581094,"data":"BIOHUB_RETENTION_GUARD {\"blended_candidates\": 504, \"dataset\": \"44b6_12dfb391\", \"frame\": 74, \"minimum_retention\": 0.9, \"primary_candidates\": 564, \"retention\": 0.8936170212765957, \"use_primary\": true}\n"}
,{"stream_name":"stdout","time":685.888138856,"data":"BIOHUB_RETENTION_GUARD {\"blended_candidates\": 504, \"dataset\": \"44b6_12dfb391\", \"frame\": 74, \"minimum_retention\": 0.9, \"primary_candidates\": 564, \"retention\": 0.8936170212765957, \"use_primary\": true}\n"}
,{"stream_name":"stdout","time":687.905973404,"data":"BIOHUB_RETENTION_GUARD {\"blended_candidates\": 468, \"dataset\": \"44b6_12dfb391\", \"frame\": 75, \"minimum_retention\": 0.9, \"primary_candidates\": 565, \"retention\": 0.8283185840707965, \"use_primary\": true}\n"}
,{"stream_name":"stdout","time":688.108166005,"data":"BIOHUB_RETENTION_GUARD {\"blended_candidates\": 468, \"dataset\": \"44b6_12dfb391\", \"frame\": 75, \"minimum_retention\": 0.9, \"primary_candidates\": 565, \"retention\": 0.8283185840707965, \"use_primary\": true}\n"}
,{"stream_name":"stdout","time":690.129482034,"data":"BIOHUB_RETENTION_GUARD {\"blended_candidates\": 507, \"dataset\": \"44b6_12dfb391\", \"frame\": 76, \"minimum_retention\": 0.9, \"primary_candidates\": 579, \"retention\": 0.8756476683937824, \"use_primary\": true}\n"}
,{"stream_name":"stdout","time":690.3320869,"data":"BIOHUB_RETENTION_GUARD {\"blended_candidates\": 507, \"dataset\": \"44b6_12dfb391\", \"frame\": 76, \"minimum_retention\": 0.9, \"primary_candidates\": 579, \"retention\": 0.8756476683937824, \"use_primary\": true}\n"}
,{"stream_name":"stdout","time":692.329386689,"data":"BIOHUB_RETENTION_GUARD {\"blended_candidates\": 503, \"dataset\": \"44b6_12dfb391\", \"frame\": 77, \"minimum_retention\": 0.9, \"primary_candidates\": 582, \"retention\": 0.8642611683848798, \"use_primary\": true}\n"}
,{"stream_name":"stdout","time":692.532328001,"data":"BIOHUB_RETENTION_GUARD {\"blended_candidates\": 503, \"dataset\": \"44b6_12dfb391\", \"frame\": 77, \"minimum_retention\": 0.9, \"primary_candidates\": 582, \"retention\": 0.8642611683848798, \"use_primary\": true}\n"}
,{"stream_name":"stdout","time":694.486400924,"data":"BIOHUB_RETENTION_GUARD {\"blended_candidates\": 519, \"dataset\": \"44b6_12dfb391\", \"frame\": 78, \"minimum_retention\": 0.9, \"primary_candidates\": 585, \"retention\": 0.8871794871794871, \"use_primary\": true}\n"}
,{"stream_name":"stdout","time":694.689523796,"data":"BIOHUB_RETENTION_GUARD {\"blended_candidates\": 519, \"dataset\": \"44b6_12dfb391\", \"frame\": 78, \"minimum_retention\": 0.9, \"primary_candidates\": 585, \"retention\": 0.8871794871794871, \"use_primary\": true}\n"}
,{"stream_name":"stdout","time":705.547246504,"data":"BIOHUB_RETENTION_GUARD {\"blended_candidates\": 478, \"dataset\": \"44b6_12dfb391\", \"frame\": 83, \"minimum_retention\": 0.9, \"primary_candidates\": 555, \"retention\": 0.8612612612612612, \"use_primary\": true}\n"}
,{"stream_name":"stdout","time":705.766134093,"data":"BIOHUB_RETENTION_GUARD {\"blended_candidates\": 478, \"dataset\": \"44b6_12dfb391\", \"frame\": 83, \"minimum_retention\": 0.9, \"primary_candidates\": 555, \"retention\": 0.8612612612612612, \"use_primary\": true}\n"}
,{"stream_name":"stdout","time":707.760645811,"data":"BIOHUB_RETENTION_GUARD {\"blended_candidates\": 501, \"dataset\": \"44b6_12dfb391\", \"frame\": 84, \"minimum_retention\": 0.9, \"primary_candidates\": 566, \"retention\": 0.8851590106007067, \"use_primary\": true}\n"}
,{"stream_name":"stdout","time":707.963618727,"data":"BIOHUB_RETENTION_GUARD {\"blended_candidates\": 501, \"dataset\": \"44b6_12dfb391\", \"frame\": 84, \"minimum_retention\": 0.9, \"primary_candidates\": 566, \"retention\": 0.8851590106007067, \"use_primary\": true}\n"}
,{"stream_name":"stdout","time":718.891481273,"data":"BIOHUB_RETENTION_GUARD {\"blended_candidates\": 539, \"dataset\": \"44b6_12dfb391\", \"frame\": 89, \"minimum_retention\": 0.9, \"primary_candidates\": 618, \"retention\": 0.872168284789644, \"use_primary\": true}\n"}
,{"stream_name":"stdout","time":719.094616435,"data":"BIOHUB_RETENTION_GUARD {\"blended_candidates\": 539, \"dataset\": \"44b6_12dfb391\", \"frame\": 89, \"minimum_retention\": 0.9, \"primary_candidates\": 618, \"retention\": 0.872168284789644, \"use_primary\": true}\n"}
,{"stream_name":"stdout","time":721.108621058,"data":"BIOHUB_RETENTION_GUARD {\"blended_candidates\": 532, \"dataset\": \"44b6_12dfb391\", \"frame\": 90, \"minimum_retention\": 0.9, \"primary_candidates\": 595, \"retention\": 0.8941176470588236, \"use_primary\": true}\n"}
,{"stream_name":"stdout","time":721.311356506,"data":"BIOHUB_RETENTION_GUARD {\"blended_candidates\": 532, \"dataset\": \"44b6_12dfb391\", \"frame\": 90, \"minimum_retention\": 0.9, \"primary_candidates\": 595, \"retention\": 0.8941176470588236, \"use_primary\": true}\n"}
,{"stream_name":"stdout","time":726.78768647,"data":"EXP052 proposals 44b6_267148e4 rank2= 26394 rank3= 26394\n"}
,{"stream_name":"stdout","time":726.990527718,"data":"EXP052 proposals 44b6_267148e4 rank2= 26394 rank3= 26394\n"}
,{"stream_name":"stdout","time":730.393418832,"data":"BIOHUB_RETENTION_GUARD {\"blended_candidates\": 520, \"dataset\": \"44b6_12dfb391\", \"frame\": 94, \"minimum_retention\": 0.9, \"primary_candidates\": 583, \"retention\": 0.8919382504288165, \"use_primary\": true}\n"}
,{"stream_name":"stdout","time":730.596411706,"data":"BIOHUB_RETENTION_GUARD {\"blended_candidates\": 520, \"dataset\": \"44b6_12dfb391\", \"frame\": 94, \"minimum_retention\": 0.9, \"primary_candidates\": 583, \"retention\": 0.8919382504288165, \"use_primary\": true}\n"}
,{"stream_name":"stdout","time":742.735659518,"data":"EXP052 proposals 44b6_12dfb391 rank2= 49743 rank3= 49743\n"}
,{"stream_name":"stdout","time":742.955422288,"data":"EXP052 proposals 44b6_12dfb391 rank2= 49743 rank3= 49743\n"}
,{"stream_name":"stdout","time":813.802599915,"data":"BIOHUB_RETENTION_GUARD {\"blended_candidates\": 342, \"dataset\": \"6bba_07e24132\", \"frame\": 32, \"minimum_retention\": 0.9, \"primary_candidates\": 392, \"retention\": 0.8724489795918368, \"use_primary\": true}\n"}
,{"stream_name":"stdout","time":814.02010296,"data":"BIOHUB_RETENTION_GUARD {\"blended_candidates\": 342, \"dataset\": \"6bba_07e24132\", \"frame\": 32, \"minimum_retention\": 0.9, \"primary_candidates\": 392, \"retention\": 0.8724489795918368, \"use_primary\": true}\n"}
,{"stream_name":"stdout","time":933.377286282,"data":"BIOHUB_RETENTION_GUARD {\"blended_candidates\": 59, \"dataset\": \"6bba_062c8d37\", \"frame\": 73, \"minimum_retention\": 0.9, \"primary_candidates\": 68, \"retention\": 0.8676470588235294, \"use_primary\": true}\n"}
,{"stream_name":"stdout","time":933.595193427,"data":"BIOHUB_RETENTION_GUARD {\"blended_candidates\": 59, \"dataset\": \"6bba_062c8d37\", \"frame\": 73, \"minimum_retention\": 0.9, \"primary_candidates\": 68, \"retention\": 0.8676470588235294, \"use_primary\": true}\n"}
,{"stream_name":"stdout","time":935.410160608,"data":"BIOHUB_RETENTION_GUARD {\"blended_candidates\": 62, \"dataset\": \"6bba_062c8d37\", \"frame\": 74, \"minimum_retention\": 0.9, \"primary_candidates\": 69, \"retention\": 0.8985507246376812, \"use_primary\": true}\n"}
,{"stream_name":"stdout","time":935.612741193,"data":"BIOHUB_RETENTION_GUARD {\"blended_candidates\": 62, \"dataset\": \"6bba_062c8d37\", \"frame\": 74, \"minimum_retention\": 0.9, \"primary_candidates\": 69, \"retention\": 0.8985507246376812, \"use_primary\": true}\n"}
,{"stream_name":"stdout","time":956.236794027,"data":"BIOHUB_RETENTION_GUARD {\"blended_candidates\": 64, \"dataset\": \"6bba_062c8d37\", \"frame\": 84, \"minimum_retention\": 0.9, \"primary_candidates\": 73, \"retention\": 0.8767123287671232, \"use_primary\": true}\n"}
,{"stream_name":"stdout","time":956.331598951,"data":"EXP052 proposals 6bba_07e24132 rank2= 36018 rank3= 36018\n"}
,{"stream_name":"stdout","time":956.440049894,"data":"BIOHUB_RETENTION_GUARD {\"blended_candidates\": 64, \"dataset\": \"6bba_062c8d37\", \"frame\": 84, \"minimum_retention\": 0.9, \"primary_candidates\": 73, \"retention\": 0.8767123287671232, \"use_primary\": true}\n"}
,{"stream_name":"stdout","time":956.440089976,"data":"EXP052 proposals 6bba_07e24132 rank2= 36018 rank3= 36018\n"}
,{"stream_name":"stdout","time":978.85739322,"data":"Saved 2 predictions to /kaggle/working/tracking_repo/predictions/unknown/unet_transformer_val_gpu1/split_0\n"}
,{"stream_name":"stdout","time":979.076069186,"data":"Saved 2 predictions to /kaggle/working/tracking_repo/predictions/unknown/unet_transformer_val_gpu1/split_0\n"}
,{"stream_name":"stdout","time":987.806493477,"data":"EXP052 proposals 6bba_062c8d37 rank2= 6553 rank3= 6553\n"}
,{"stream_name":"stdout","time":988.009332655,"data":"EXP052 proposals 6bba_062c8d37 rank2= 6553 rank3= 6553\n"}
,{"stream_name":"stdout","time":992.170238133,"data":"Saved 2 predictions to /kaggle/working/tracking_repo/predictions/unknown/unet_transformer_val_gpu0/split_0\n"}
,{"stream_name":"stdout","time":992.372650515,"data":"Saved 2 predictions to /kaggle/working/tracking_repo/predictions/unknown/unet_transformer_val_gpu0/split_0\n"}
,{"stream_name":"stdout","time":994.474397376,"data":"VALIDATOR: merged 4 prediction graphs into /kaggle/working/tracking_repo/predictions/unknown/unet_transformer_val/split_0\n"}
,{"stream_name":"stdout","time":994.474449328,"data":"VALIDATOR: prediction completed in 7.88 minutes\n"}
,{"stream_name":"stdout","time":994.674549465,"data":"Post-process base configuration (public 0.939):\n"}
,{"stream_name":"stdout","time":994.674598531,"data":"  SAFE_DIV_MAX_UM                          9.0\n"}
,{"stream_name":"stdout","time":994.674605443,"data":"  SAFE_DIV_SISTER_MAX_UM                   14.0\n"}
,{"stream_name":"stdout","time":994.674610394,"data":"  SAFE_DIV_DIVERGE_UM                      2.25\n"}
,{"stream_name":"stdout","time":994.67461507,"data":"  SAFE_DIV_SISTER_SYMMETRY_TAU             0.6\n"}
,{"stream_name":"stdout","time":994.674619722,"data":"  SAFE_DIV_EXISTING_CHILD_MAX_UM           10.0\n"}
,{"stream_name":"stdout","time":994.674624248,"data":"  SAFE_DIV_FRAME_FRAC_CAP                  0.0076\n"}
,{"stream_name":"stdout","time":994.674628789,"data":"  SAFE_DIV_GLOBAL_FRAC_CAP                 0.00375\n"}
,{"stream_name":"stdout","time":994.674651366,"data":"  DEEPCENTER_SAFE_DIV_THRESHOLD            0.25\n"}
,{"stream_name":"stdout","time":994.674654181,"data":"  DEEPCENTER_GAP_THRESHOLD                 0.25\n"}
,{"stream_name":"stdout","time":994.67465653,"data":"  GAP_CLOSE_UM                             5.0\n"}
,{"stream_name":"stdout","time":994.674658858,"data":"  OUTPUT_MIN_TRACK_LEN                     6\n"}
,{"stream_name":"stdout","time":994.674661244,"data":"  SHORT_TRACK_RESCUE_MIN_MEAN_EDGE_PROB    0.88\n"}
,{"stream_name":"stdout","time":994.674663543,"data":"  MOTION_RELINK_TIGHT_UM                   6.0\n"}
,{"stream_name":"stdout","time":994.674665914,"data":"  MOTION_RELINK_RELAXED_UM                 10.0\n"}
,{"stream_name":"stdout","time":994.674668204,"data":"  GAP2_MAX_STEP_UM                         4.4\n"}
,{"stream_name":"stdout","time":994.674670616,"data":"  GAP2_MAX_TOTAL_UM                        10.2\n"}
,{"stream_name":"stdout","time":994.674672999,"data":"  MOTION_RELINK_LEARNED_BONUS              1.0\n"}
,{"stream_name":"stdout","time":994.6746753,"data":"  MOTION_RELINK_VELOCITY_WEIGHT            0.5\n"}
,{"stream_name":"stdout","time":994.67467757,"data":"  GAP_CLOSE_REUSE_UM                       3.2\n"}
,{"stream_name":"stdout","time":994.674679959,"data":"  OUTPUT_EDGE_MAX_UM                       14.0\n"}
,{"stream_name":"stdout","time":996.815085281,"data":"VALIDATOR: cached 4 raw prediction graphs + GT\n"}
,{"stream_name":"stdout","time":996.815125989,"data":"EXP019: legacy four-video proxy execution disabled; formal comparison uses patched scorer.\n"}
,{"stream_name":"stdout","time":1093.564106281,"data":"EXP019 official patched scorer: /kaggle/input/datasets/dalloliogm/biohub-official-scorer-patched/tracking_cellmot_075fc5f/src/tracking_cellmot/metrics.py\n"}
,{"stream_name":"stdout","time":1093.564146962,"data":"==============================================================================\n"}
,{"stream_name":"stdout","time":1093.564153127,"data":"EXP053 strategy: off\n"}
,{"stream_name":"stdout","time":1150.622408493,"data":"  [44b6_12dfb391] after edge-filter+motion-relink: 43118 nodes, 40789 edges\n"}
,{"stream_name":"stdout","time":1151.356421578,"data":"DEEPCENTER_TTA_ACTIVE views= 8 mean_abs_logit_delta= 0.132016\n"}
,{"stream_name":"stdout","time":1163.718001592,"data":"  [44b6_12dfb391] after gap-closing (single-frame + gap2): 43785 nodes, 42041 edges\n"}
,{"stream_name":"stdout","time":1187.228751548,"data":"  [44b6_12dfb391] after safe-division repair: 43785 nodes, 42056 edges (geometric_candidates=153, deepcenter_rejected=138, post_veto_candidates=15, added=15, cap_skipped=0, mutual_nn_rejected=56, divergence_rejected=1529)\n"}
,{"stream_name":"stdout","time":1187.228792514,"data":"  [44b6_12dfb391] after division-geometry-filter+prune-isolated: 43779 nodes, 42056 edges\n"}
,{"stream_name":"stdout","time":1187.228800976,"data":"  [44b6_12dfb391] after short-track filtering: 42582 nodes, 41132 edges (components_removed=273)\n"}
,{"stream_name":"stdout","time":1195.96404516,"data":"  [44b6_12dfb391] FINAL: 42582 nodes, 41132 edges\n"}
,{"stream_name":"stdout","time":1211.877962459,"data":"  [44b6_267148e4] after edge-filter+motion-relink: 21669 nodes, 20287 edges\n"}
,{"stream_name":"stdout","time":1224.193477684,"data":"  [44b6_267148e4] after gap-closing (single-frame + gap2): 21940 nodes, 20781 edges\n"}
,{"stream_name":"stdout","time":1248.025266205,"data":"  [44b6_267148e4] after safe-division repair: 21940 nodes, 20802 edges (geometric_candidates=196, deepcenter_rejected=169, post_veto_candidates=27, added=21, cap_skipped=0, mutual_nn_rejected=119, divergence_rejected=1004)\n"}
,{"stream_name":"stdout","time":1248.025340461,"data":"  [44b6_267148e4] after division-geometry-filter+prune-isolated: 21886 nodes, 20802 edges\n"}
,{"stream_name":"stdout","time":1248.025348741,"data":"  [44b6_267148e4] after short-track filtering: 21055 nodes, 20174 edges (components_removed=203)\n"}
,{"stream_name":"stdout","time":1252.411190669,"data":"  [44b6_267148e4] FINAL: 21055 nodes, 20174 edges\n"}
,{"stream_name":"stdout","time":1253.852821963,"data":"  [6bba_062c8d37] after edge-filter+motion-relink: 5983 nodes, 5628 edges\n"}
,{"stream_name":"stdout","time":1254.949177358,"data":"  [6bba_062c8d37] after gap-closing (single-frame + gap2): 6030 nodes, 5715 edges\n"}
,{"stream_name":"stdout","time":1258.460369224,"data":"  [6bba_062c8d37] after safe-division repair: 6030 nodes, 5719 edges (geometric_candidates=13, deepcenter_rejected=9, post_veto_candidates=4, added=4, cap_skipped=0, mutual_nn_rejected=3, divergence_rejected=67)\n"}
,{"stream_name":"stdout","time":1258.46040944,"data":"  [6bba_062c8d37] after division-geometry-filter+prune-isolated: 6000 nodes, 5719 edges\n"}
,{"stream_name":"stdout","time":1258.460416238,"data":"  [6bba_062c8d37] after short-track filtering: 5840 nodes, 5605 edges (components_removed=46)\n"}
,{"stream_name":"stdout","time":1259.675483445,"data":"  [6bba_062c8d37] FINAL: 5840 nodes, 5605 edges\n"}
,{"stream_name":"stdout","time":1279.211163769,"data":"  [6bba_07e24132] after edge-filter+motion-relink: 24880 nodes, 23389 edges\n"}
,{"stream_name":"stdout","time":1288.825655773,"data":"  [6bba_07e24132] after gap-closing (single-frame + gap2): 25210 nodes, 23994 edges\n"}
,{"stream_name":"stdout","time":1303.967778109,"data":"  [6bba_07e24132] after safe-division repair: 25210 nodes, 24000 edges (geometric_candidates=87, deepcenter_rejected=80, post_veto_candidates=7, added=6, cap_skipped=0, mutual_nn_rejected=55, divergence_rejected=906)\n"}
,{"stream_name":"stdout","time":1303.967830101,"data":"  [6bba_07e24132] after division-geometry-filter+prune-isolated: 25198 nodes, 24000 edges\n"}
,{"stream_name":"stdout","time":1303.967838417,"data":"  [6bba_07e24132] after short-track filtering: 24181 nodes, 23216 edges (components_removed=233)\n"}
,{"stream_name":"stdout","time":1308.932266443,"data":"  [6bba_07e24132] FINAL: 24181 nodes, 23216 edges\n"}
,{"stream_name":"stdout","time":1309.345026096,"data":"6bba_062c8d37: 5840 nodes, 5605 edges -\u003e /kaggle/working/focus_strategy_off_geffs/6bba_062c8d37.geff\n"}
,{"stream_name":"stdout","time":1309.345099516,"data":"6bba_07e24132: 24181 nodes, 23216 edges -\u003e /kaggle/working/focus_strategy_off_geffs/6bba_07e24132.geff\n"}
,{"stream_name":"stdout","time":1309.872457221,"data":"44b6_267148e4: 21055 nodes, 20174 edges -\u003e /kaggle/working/focus_strategy_off_geffs/44b6_267148e4.geff\n"}
,{"stream_name":"stdout","time":1310.195499902,"data":"44b6_12dfb391: 42582 nodes, 41132 edges -\u003e /kaggle/working/focus_strategy_off_geffs/44b6_12dfb391.geff\n"}
,{"stream_name":"stdout","time":1310.195550789,"data":"\n"}
,{"stream_name":"stdout","time":1310.195556884,"data":"Wrote 4 geffs to /kaggle/working/focus_strategy_off_geffs\n"}
,{"stream_name":"stdout","time":1310.195561717,"data":"4 datasets in both pred and GT (of 4 pred / 199 GT)\n"}
,{"stream_name":"stdout","time":1312.533157196,"data":"  44b6_12dfb391: edge TP/FP/FN=743/39/30 div TP/FP/FN=0/0/1 n_pred=42582\n"}
,{"stream_name":"stdout","time":1313.964909003,"data":"  44b6_267148e4: edge TP/FP/FN=254/38/23 div TP/FP/FN=0/0/1 n_pred=21055\n"}
,{"stream_name":"stdout","time":1314.953752535,"data":"  6bba_062c8d37: edge TP/FP/FN=887/7/11 div TP/FP/FN=1/0/0 n_pred=5840\n"}
,{"stream_name":"stdout","time":1317.00008359,"data":"  6bba_07e24132: edge TP/FP/FN=307/21/38 div TP/FP/FN=0/0/2 n_pred=24181\n"}
,{"stream_name":"stdout","time":1317.000181518,"data":"OFFICIAL SUMMARY {'mode': 'off', 'n': 4, 'edge_jaccard': 0.9136780650542119, 'division_jaccard': 0.2, 'division_tp': 1, 'division_fp': 0, 'division_fn': 4, 'node_recall': 0.979074072722612, 'adj_edge_jaccard': 0.9206682101946045, 'n_adj': 4, 'score': 0.9406682101946046, 'focus_checked': 0, 'focus_accepted': 0, 'focus_veto_removed': 0, 'focus_frames_loaded': 0, 'exp049_structural_candidates': 0, 'exp049_deepcenter_rejected': 0, 'exp049_divergence_rejected': 0, 'exp049_added': 0, 'exp049_rewired': 0, 'exp049_cap_rejected': 0, 'exp052_rank3_saved_proposals': 0, 'exp052_rank3_frame_blocked': 0, 'exp052_rank3_structural_candidates': 0, 'exp052_rank3_deepcenter_rejected': 0, 'exp052_rank3_divergence_rejected': 0, 'exp052_rank3_added': 0, 'exp052_rank3_rewired': 0, 'exp052_rank3_cap_rejected': 0}\n"}
,{"stream_name":"stdout","time":1317.00020003,"data":"==============================================================================\n"}
,{"stream_name":"stdout","time":1317.000203405,"data":"EXP053 strategy: exp049_cos060\n"}
,{"stream_name":"stdout","time":1374.229584328,"data":"  [44b6_12dfb391] after edge-filter+motion-relink: 43118 nodes, 40789 edges\n"}
,{"stream_name":"stdout","time":1386.719189393,"data":"  [44b6_12dfb391] after gap-closing (single-frame + gap2): 43785 nodes, 42041 edges\n"}
,{"stream_name":"stdout","time":1411.827710562,"data":"  [44b6_12dfb391] EXP053 mode=exp049_cos060 min_sister=8.00 max_asym=0.60 min_diverge=2.25 top2_added=2 rank3_candidates=0 rank3_added=0 rank3_rewired=0\n"}
,{"stream_name":"stdout","time":1411.827750554,"data":"  [44b6_12dfb391] after safe-division repair: 43785 nodes, 42056 edges (geometric_candidates=153, deepcenter_rejected=138, post_veto_candidates=15, added=15, cap_skipped=0, mutual_nn_rejected=56, divergence_rejected=1529)\n"}
,{"stream_name":"stdout","time":1411.827792188,"data":"  [44b6_12dfb391] after division-geometry-filter+prune-isolated: 43779 nodes, 42056 edges\n"}
,{"stream_name":"stdout","time":1411.827795537,"data":"  [44b6_12dfb391] after short-track filtering: 42582 nodes, 41132 edges (components_removed=273)\n"}
,{"stream_name":"stdout","time":1420.602567022,"data":"  [44b6_12dfb391] FINAL: 42582 nodes, 41132 edges\n"}
,{"stream_name":"stdout","time":1436.717798798,"data":"  [44b6_267148e4] after edge-filter+motion-relink: 21669 nodes, 20287 edges\n"}
,{"stream_name":"stdout","time":1448.837538771,"data":"  [44b6_267148e4] after gap-closing (single-frame + gap2): 21940 nodes, 20781 edges\n"}
,{"stream_name":"stdout","time":1475.587730668,"data":"  [44b6_267148e4] EXP053 mode=exp049_cos060 min_sister=8.00 max_asym=0.60 min_diverge=2.25 top2_added=2 rank3_candidates=0 rank3_added=0 rank3_rewired=0\n"}
,{"stream_name":"stdout","time":1475.587792939,"data":"  [44b6_267148e4] after safe-division repair: 21940 nodes, 20802 edges (geometric_candidates=196, deepcenter_rejected=169, post_veto_candidates=27, added=21, cap_skipped=0, mutual_nn_rejected=119, divergence_rejected=1004)\n"}
,{"stream_name":"stdout","time":1475.58780921,"data":"  [44b6_267148e4] after division-geometry-filter+prune-isolated: 21886 nodes, 20802 edges\n"}
,{"stream_name":"stdout","time":1475.587815552,"data":"  [44b6_267148e4] after short-track filtering: 21051 nodes, 20171 edges (components_removed=204)\n"}
,{"stream_name":"stdout","time":1480.152395874,"data":"  [44b6_267148e4] FINAL: 21051 nodes, 20171 edges\n"}
,{"stream_name":"stdout","time":1481.651952637,"data":"  [6bba_062c8d37] after edge-filter+motion-relink: 5983 nodes, 5628 edges\n"}
,{"stream_name":"stdout","time":1482.754724408,"data":"  [6bba_062c8d37] after gap-closing (single-frame + gap2): 6030 nodes, 5715 edges\n"}
,{"stream_name":"stdout","time":1486.299055338,"data":"  [6bba_062c8d37] EXP053 mode=exp049_cos060 min_sister=8.00 max_asym=0.60 min_diverge=2.25 top2_added=0 rank3_candidates=0 rank3_added=0 rank3_rewired=0\n"}
,{"stream_name":"stdout","time":1486.299112784,"data":"  [6bba_062c8d37] after safe-division repair: 6030 nodes, 5719 edges (geometric_candidates=13, deepcenter_rejected=9, post_veto_candidates=4, added=4, cap_skipped=0, mutual_nn_rejected=3, divergence_rejected=67)\n"}
,{"stream_name":"stdout","time":1486.299119326,"data":"  [6bba_062c8d37] after division-geometry-filter+prune-isolated: 6000 nodes, 5719 edges\n"}
,{"stream_name":"stdout","time":1486.299123401,"data":"  [6bba_062c8d37] after short-track filtering: 5840 nodes, 5605 edges (components_removed=46)\n"}
,{"stream_name":"stdout","time":1487.508802781,"data":"  [6bba_062c8d37] FINAL: 5840 nodes, 5605 edges\n"}
,{"stream_name":"stdout","time":1507.668898907,"data":"  [6bba_07e24132] after edge-filter+motion-relink: 24880 nodes, 23389 edges\n"}
,{"stream_name":"stdout","time":1517.43097608,"data":"  [6bba_07e24132] after gap-closing (single-frame + gap2): 25210 nodes, 23994 edges\n"}
,{"stream_name":"stdout","time":1532.774421607,"data":"  [6bba_07e24132] EXP053 mode=exp049_cos060 min_sister=8.00 max_asym=0.60 min_diverge=2.25 top2_added=0 rank3_candidates=0 rank3_added=0 rank3_rewired=0\n"}
,{"stream_name":"stdout","time":1532.774470231,"data":"  [6bba_07e24132] after safe-division repair: 25210 nodes, 24000 edges (geometric_candidates=87, deepcenter_rejected=80, post_veto_candidates=7, added=6, cap_skipped=0, mutual_nn_rejected=55, divergence_rejected=906)\n"}
,{"stream_name":"stdout","time":1532.774476943,"data":"  [6bba_07e24132] after division-geometry-filter+prune-isolated: 25198 nodes, 24000 edges\n"}
,{"stream_name":"stdout","time":1532.774481727,"data":"  [6bba_07e24132] after short-track filtering: 24181 nodes, 23216 edges (components_removed=233)\n"}
,{"stream_name":"stdout","time":1537.881696828,"data":"  [6bba_07e24132] FINAL: 24181 nodes, 23216 edges\n"}
,{"stream_name":"stdout","time":1538.315063784,"data":"6bba_07e24132: 24181 nodes, 23216 edges -\u003e /kaggle/working/focus_strategy_exp049_cos060_geffs/6bba_07e24132.geff\n"}
,{"stream_name":"stdout","time":1538.580396354,"data":"44b6_12dfb391: 42582 nodes, 41132 edges -\u003e /kaggle/working/focus_strategy_exp049_cos060_geffs/44b6_12dfb391.geff\n"}
,{"stream_name":"stdout","time":1538.580444548,"data":"44b6_267148e4: 21051 nodes, 20171 edges -\u003e /kaggle/working/focus_strategy_exp049_cos060_geffs/44b6_267148e4.geff\n"}
,{"stream_name":"stdout","time":1538.923869908,"data":"6bba_062c8d37: 5840 nodes, 5605 edges -\u003e /kaggle/working/focus_strategy_exp049_cos060_geffs/6bba_062c8d37.geff\n"}
,{"stream_name":"stdout","time":1538.92391271,"data":"\n"}
,{"stream_name":"stdout","time":1538.923919376,"data":"Wrote 4 geffs to /kaggle/working/focus_strategy_exp049_cos060_geffs\n"}
,{"stream_name":"stdout","time":1538.923924922,"data":"4 datasets in both pred and GT (of 4 pred / 199 GT)\n"}
,{"stream_name":"stdout","time":1541.220997109,"data":"  44b6_12dfb391: edge TP/FP/FN=743/39/30 div TP/FP/FN=0/0/1 n_pred=42582\n"}
,{"stream_name":"stdout","time":1542.666035279,"data":"  44b6_267148e4: edge TP/FP/FN=255/37/22 div TP/FP/FN=1/0/0 n_pred=21051\n"}
,{"stream_name":"stdout","time":1543.523759688,"data":"  6bba_062c8d37: edge TP/FP/FN=887/7/11 div TP/FP/FN=1/0/0 n_pred=5840\n"}
,{"stream_name":"stdout","time":1545.563311755,"data":"  6bba_07e24132: edge TP/FP/FN=307/21/38 div TP/FP/FN=0/0/2 n_pred=24181\n"}
,{"stream_name":"stdout","time":1545.563359825,"data":"OFFICIAL SUMMARY {'mode': 'exp049_cos060', 'n': 4, 'edge_jaccard': 0.9144764288694202, 'division_jaccard': 0.4, 'division_tp': 2, 'division_fp': 0, 'division_fn': 3, 'node_recall': 0.979074072722612, 'adj_edge_jaccard': 0.9214675165862852, 'n_adj': 4, 'score': 0.9614675165862853, 'focus_checked': 0, 'focus_accepted': 0, 'focus_veto_removed': 0, 'focus_frames_loaded': 0, 'exp049_structural_candidates': 17, 'exp049_deepcenter_rejected': 12, 'exp049_divergence_rejected': 85, 'exp049_added': 4, 'exp049_rewired': 4, 'exp049_cap_rejected': 1, 'exp052_rank3_saved_proposals': 0, 'exp052_rank3_frame_blocked': 0, 'exp052_rank3_structural_candidates': 0, 'exp052_rank3_deepcenter_rejected': 0, 'exp052_rank3_divergence_rejected': 0, 'exp052_rank3_added': 0, 'exp052_rank3_rewired': 0, 'exp052_rank3_cap_rejected': 0}\n"}
,{"stream_name":"stdout","time":1545.563403181,"data":"==============================================================================\n"}
,{"stream_name":"stdout","time":1545.563407398,"data":"EXP053 strategy: exp053_top3_baseline\n"}
,{"stream_name":"stdout","time":1602.559017584,"data":"  [44b6_12dfb391] after edge-filter+motion-relink: 43118 nodes, 40789 edges\n"}
,{"stream_name":"stdout","time":1615.185962737,"data":"  [44b6_12dfb391] after gap-closing (single-frame + gap2): 43785 nodes, 42041 edges\n"}
,{"stream_name":"stdout","time":1640.663744535,"data":"  [44b6_12dfb391] EXP053 mode=exp053_top3_baseline min_sister=8.00 max_asym=0.60 min_diverge=2.25 top2_added=2 rank3_candidates=1 rank3_added=1 rank3_rewired=0\n"}
,{"stream_name":"stdout","time":1640.663792078,"data":"  [44b6_12dfb391] after safe-division repair: 43785 nodes, 42057 edges (geometric_candidates=153, deepcenter_rejected=138, post_veto_candidates=15, added=15, cap_skipped=0, mutual_nn_rejected=56, divergence_rejected=1529)\n"}
,{"stream_name":"stdout","time":1640.663798169,"data":"  [44b6_12dfb391] after division-geometry-filter+prune-isolated: 43779 nodes, 42057 edges\n"}
,{"stream_name":"stdout","time":1640.663802688,"data":"  [44b6_12dfb391] after short-track filtering: 42582 nodes, 41133 edges (components_removed=273)\n"}
,{"stream_name":"stdout","time":1649.417110243,"data":"  [44b6_12dfb391] FINAL: 42582 nodes, 41133 edges\n"}
,{"stream_name":"stdout","time":1665.303179793,"data":"  [44b6_267148e4] after edge-filter+motion-relink: 21669 nodes, 20287 edges\n"}
,{"stream_name":"stdout","time":1677.409272751,"data":"  [44b6_267148e4] after gap-closing (single-frame + gap2): 21940 nodes, 20781 edges\n"}
,{"stream_name":"stdout","time":1704.359934857,"data":"  [44b6_267148e4] EXP053 mode=exp053_top3_baseline min_sister=8.00 max_asym=0.60 min_diverge=2.25 top2_added=2 rank3_candidates=0 rank3_added=0 rank3_rewired=0\n"}
,{"stream_name":"stdout","time":1704.359998333,"data":"  [44b6_267148e4] after safe-division repair: 21940 nodes, 20802 edges (geometric_candidates=196, deepcenter_rejected=169, post_veto_candidates=27, added=21, cap_skipped=0, mutual_nn_rejected=119, divergence_rejected=1004)\n"}
,{"stream_name":"stdout","time":1704.360009138,"data":"  [44b6_267148e4] after division-geometry-filter+prune-isolated: 21886 nodes, 20802 edges\n"}
,{"stream_name":"stdout","time":1704.360014346,"data":"  [44b6_267148e4] after short-track filtering: 21051 nodes, 20171 edges (components_removed=204)\n"}
,{"stream_name":"stdout","time":1708.644901079,"data":"  [44b6_267148e4] FINAL: 21051 nodes, 20171 edges\n"}
,{"stream_name":"stdout","time":1710.251613289,"data":"  [6bba_062c8d37] after edge-filter+motion-relink: 5983 nodes, 5628 edges\n"}
,{"stream_name":"stdout","time":1711.347133413,"data":"  [6bba_062c8d37] after gap-closing (single-frame + gap2): 6030 nodes, 5715 edges\n"}
,{"stream_name":"stdout","time":1714.933041413,"data":"  [6bba_062c8d37] EXP053 mode=exp053_top3_baseline min_sister=8.00 max_asym=0.60 min_diverge=2.25 top2_added=0 rank3_candidates=0 rank3_added=0 rank3_rewired=0\n"}
,{"stream_name":"stdout","time":1714.933085468,"data":"  [6bba_062c8d37] after safe-division repair: 6030 nodes, 5719 edges (geometric_candidates=13, deepcenter_rejected=9, post_veto_candidates=4, added=4, cap_skipped=0, mutual_nn_rejected=3, divergence_rejected=67)\n"}
,{"stream_name":"stdout","time":1714.933112191,"data":"  [6bba_062c8d37] after division-geometry-filter+prune-isolated: 6000 nodes, 5719 edges\n"}
,{"stream_name":"stdout","time":1714.933116678,"data":"  [6bba_062c8d37] after short-track filtering: 5840 nodes, 5605 edges (components_removed=46)\n"}
,{"stream_name":"stdout","time":1716.121662497,"data":"  [6bba_062c8d37] FINAL: 5840 nodes, 5605 edges\n"}
,{"stream_name":"stdout","time":1735.245129152,"data":"  [6bba_07e24132] after edge-filter+motion-relink: 24880 nodes, 23389 edges\n"}
,{"stream_name":"stdout","time":1745.179056482,"data":"  [6bba_07e24132] after gap-closing (single-frame + gap2): 25210 nodes, 23994 edges\n"}
,{"stream_name":"stdout","time":1760.525166774,"data":"  [6bba_07e24132] EXP053 mode=exp053_top3_baseline min_sister=8.00 max_asym=0.60 min_diverge=2.25 top2_added=0 rank3_candidates=0 rank3_added=0 rank3_rewired=0\n"}
,{"stream_name":"stdout","time":1760.525214392,"data":"  [6bba_07e24132] after safe-division repair: 25210 nodes, 24000 edges (geometric_candidates=87, deepcenter_rejected=80, post_veto_candidates=7, added=6, cap_skipped=0, mutual_nn_rejected=55, divergence_rejected=906)\n"}
,{"stream_name":"stdout","time":1760.525220663,"data":"  [6bba_07e24132] after division-geometry-filter+prune-isolated: 25198 nodes, 24000 edges\n"}
,{"stream_name":"stdout","time":1760.525225623,"data":"  [6bba_07e24132] after short-track filtering: 24181 nodes, 23216 edges (components_removed=233)\n"}
,{"stream_name":"stdout","time":1765.501262446,"data":"  [6bba_07e24132] FINAL: 24181 nodes, 23216 edges\n"}
,{"stream_name":"stdout","time":1765.989063993,"data":"6bba_07e24132: 24181 nodes, 23216 edges -\u003e /kaggle/working/focus_strategy_exp053_top3_baseline_geffs/6bba_07e24132.geff\n"}
,{"stream_name":"stdout","time":1765.989106619,"data":"6bba_062c8d37: 5840 nodes, 5605 edges -\u003e /kaggle/working/focus_strategy_exp053_top3_baseline_geffs/6bba_062c8d37.geff\n"}
,{"stream_name":"stdout","time":1766.357035664,"data":"44b6_12dfb391: 42582 nodes, 41133 edges -\u003e /kaggle/working/focus_strategy_exp053_top3_baseline_geffs/44b6_12dfb391.geff\n"}
,{"stream_name":"stdout","time":1766.35706949,"data":"44b6_267148e4: 21051 nodes, 20171 edges -\u003e /kaggle/working/focus_strategy_exp053_top3_baseline_geffs/44b6_267148e4.geff\n"}
,{"stream_name":"stdout","time":1766.357075314,"data":"\n"}
,{"stream_name":"stdout","time":1766.357079966,"data":"Wrote 4 geffs to /kaggle/working/focus_strategy_exp053_top3_baseline_geffs\n"}
,{"stream_name":"stdout","time":1766.357085012,"data":"4 datasets in both pred and GT (of 4 pred / 199 GT)\n"}
,{"stream_name":"stdout","time":1768.814502141,"data":"  44b6_12dfb391: edge TP/FP/FN=743/39/30 div TP/FP/FN=0/0/1 n_pred=42582\n"}
,{"stream_name":"stdout","time":1770.202794944,"data":"  44b6_267148e4: edge TP/FP/FN=255/37/22 div TP/FP/FN=1/0/0 n_pred=21051\n"}
,{"stream_name":"stdout","time":1771.016131334,"data":"  6bba_062c8d37: edge TP/FP/FN=887/7/11 div TP/FP/FN=1/0/0 n_pred=5840\n"}
,{"stream_name":"stdout","time":1773.174200693,"data":"  6bba_07e24132: edge TP/FP/FN=307/21/38 div TP/FP/FN=0/0/2 n_pred=24181\n"}
,{"stream_name":"stdout","time":1773.17424764,"data":"OFFICIAL SUMMARY {'mode': 'exp053_top3_baseline', 'n': 4, 'edge_jaccard': 0.9144764288694202, 'division_jaccard': 0.4, 'division_tp': 2, 'division_fp': 0, 'division_fn': 3, 'node_recall': 0.979074072722612, 'adj_edge_jaccard': 0.9214675165862852, 'n_adj': 4, 'score': 0.9614675165862853, 'focus_checked': 0, 'focus_accepted': 0, 'focus_veto_removed': 0, 'focus_frames_loaded': 0, 'exp049_structural_candidates': 17, 'exp049_deepcenter_rejected': 12, 'exp049_divergence_rejected': 85, 'exp049_added': 4, 'exp049_rewired': 4, 'exp049_cap_rejected': 1, 'exp052_rank3_saved_proposals': 117453, 'exp052_rank3_frame_blocked': 1255, 'exp052_rank3_structural_candidates': 1, 'exp052_rank3_deepcenter_rejected': 0, 'exp052_rank3_divergence_rejected': 8, 'exp052_rank3_added': 1, 'exp052_rank3_rewired': 0, 'exp052_rank3_cap_rejected': 0}\n"}
,{"stream_name":"stdout","time":1773.174283969,"data":"==============================================================================\n"}
,{"stream_name":"stdout","time":1773.174287556,"data":"EXP053 strategy: exp053_top3_sister075\n"}
,{"stream_name":"stdout","time":1830.154779974,"data":"  [44b6_12dfb391] after edge-filter+motion-relink: 43118 nodes, 40789 edges\n"}
,{"stream_name":"stdout","time":1842.558698131,"data":"  [44b6_12dfb391] after gap-closing (single-frame + gap2): 43785 nodes, 42041 edges\n"}
,{"stream_name":"stdout","time":1868.336106028,"data":"  [44b6_12dfb391] EXP053 mode=exp053_top3_sister075 min_sister=7.50 max_asym=0.60 min_diverge=2.25 top2_added=3 rank3_candidates=1 rank3_added=1 rank3_rewired=0\n"}
,{"stream_name":"stdout","time":1868.336141816,"data":"  [44b6_12dfb391] after safe-division repair: 43785 nodes, 42057 edges (geometric_candidates=153, deepcenter_rejected=138, post_veto_candidates=15, added=15, cap_skipped=0, mutual_nn_rejected=56, divergence_rejected=1529)\n"}
,{"stream_name":"stdout","time":1868.336149378,"data":"  [44b6_12dfb391] after division-geometry-filter+prune-isolated: 43779 nodes, 42057 edges\n"}
,{"stream_name":"stdout","time":1868.336156041,"data":"  [44b6_12dfb391] after short-track filtering: 42586 nodes, 41136 edges (components_removed=272)\n"}
,{"stream_name":"stdout","time":1877.07979333,"data":"  [44b6_12dfb391] FINAL: 42586 nodes, 41136 edges\n"}
,{"stream_name":"stdout","time":1893.04356318,"data":"  [44b6_267148e4] after edge-filter+motion-relink: 21669 nodes, 20287 edges\n"}
,{"stream_name":"stdout","time":1905.135389404,"data":"  [44b6_267148e4] after gap-closing (single-frame + gap2): 21940 nodes, 20781 edges\n"}
,{"stream_name":"stdout","time":1932.249842902,"data":"  [44b6_267148e4] EXP053 mode=exp053_top3_sister075 min_sister=7.50 max_asym=0.60 min_diverge=2.25 top2_added=2 rank3_candidates=0 rank3_added=0 rank3_rewired=0\n"}
,{"stream_name":"stdout","time":1932.249893986,"data":"  [44b6_267148e4] after safe-division repair: 21940 nodes, 20802 edges (geometric_candidates=196, deepcenter_rejected=169, post_veto_candidates=27, added=21, cap_skipped=0, mutual_nn_rejected=119, divergence_rejected=1004)\n"}
,{"stream_name":"stdout","time":1932.249900946,"data":"  [44b6_267148e4] after division-geometry-filter+prune-isolated: 21886 nodes, 20802 edges\n"}
,{"stream_name":"stdout","time":1932.249926757,"data":"  [44b6_267148e4] after short-track filtering: 21051 nodes, 20171 edges (components_removed=204)\n"}
,{"stream_name":"stdout","time":1936.527040957,"data":"  [44b6_267148e4] FINAL: 21051 nodes, 20171 edges\n"}
,{"stream_name":"stdout","time":1937.960924613,"data":"  [6bba_062c8d37] after edge-filter+motion-relink: 5983 nodes, 5628 edges\n"}
,{"stream_name":"stdout","time":1939.04283513,"data":"  [6bba_062c8d37] after gap-closing (single-frame + gap2): 6030 nodes, 5715 edges\n"}
,{"stream_name":"stdout","time":1942.634553683,"data":"  [6bba_062c8d37] EXP053 mode=exp053_top3_sister075 min_sister=7.50 max_asym=0.60 min_diverge=2.25 top2_added=0 rank3_candidates=0 rank3_added=0 rank3_rewired=0\n"}
,{"stream_name":"stdout","time":1942.63459583,"data":"  [6bba_062c8d37] after safe-division repair: 6030 nodes, 5719 edges (geometric_candidates=13, deepcenter_rejected=9, post_veto_candidates=4, added=4, cap_skipped=0, mutual_nn_rejected=3, divergence_rejected=67)\n"}
,{"stream_name":"stdout","time":1942.634604338,"data":"  [6bba_062c8d37] after division-geometry-filter+prune-isolated: 6000 nodes, 5719 edges\n"}
,{"stream_name":"stdout","time":1942.634610276,"data":"  [6bba_062c8d37] after short-track filtering: 5840 nodes, 5605 edges (components_removed=46)\n"}
,{"stream_name":"stdout","time":1943.868182543,"data":"  [6bba_062c8d37] FINAL: 5840 nodes, 5605 edges\n"}
,{"stream_name":"stdout","time":1964.330439149,"data":"  [6bba_07e24132] after edge-filter+motion-relink: 24880 nodes, 23389 edges\n"}
,{"stream_name":"stdout","time":1974.236090533,"data":"  [6bba_07e24132] after gap-closing (single-frame + gap2): 25210 nodes, 23994 edges\n"}
,{"stream_name":"stdout","time":1989.735482472,"data":"  [6bba_07e24132] EXP053 mode=exp053_top3_sister075 min_sister=7.50 max_asym=0.60 min_diverge=2.25 top2_added=0 rank3_candidates=0 rank3_added=0 rank3_rewired=0\n"}
,{"stream_name":"stdout","time":1989.735527127,"data":"  [6bba_07e24132] after safe-division repair: 25210 nodes, 24000 edges (geometric_candidates=87, deepcenter_rejected=80, post_veto_candidates=7, added=6, cap_skipped=0, mutual_nn_rejected=55, divergence_rejected=906)\n"}
,{"stream_name":"stdout","time":1989.735534368,"data":"  [6bba_07e24132] after division-geometry-filter+prune-isolated: 25198 nodes, 24000 edges\n"}
,{"stream_name":"stdout","time":1989.735547061,"data":"  [6bba_07e24132] after short-track filtering: 24181 nodes, 23216 edges (components_removed=233)\n"}
,{"stream_name":"stdout","time":1994.7031298,"data":"  [6bba_07e24132] FINAL: 24181 nodes, 23216 edges\n"}
,{"stream_name":"stdout","time":1995.215483022,"data":"44b6_267148e4: 21051 nodes, 20171 edges -\u003e /kaggle/working/focus_strategy_exp053_top3_sister075_geffs/44b6_267148e4.geff\n"}
,{"stream_name":"stdout","time":1995.216511943,"data":"6bba_062c8d37: 5840 nodes, 5605 edges -\u003e /kaggle/working/focus_strategy_exp053_top3_sister075_geffs/6bba_062c8d37.geff\n"}
,{"stream_name":"stdout","time":1995.529024965,"data":"6bba_07e24132: 24181 nodes, 23216 edges -\u003e /kaggle/working/focus_strategy_exp053_top3_sister075_geffs/6bba_07e24132.geff\n"}
,{"stream_name":"stdout","time":1995.793485553,"data":"44b6_12dfb391: 42586 nodes, 41136 edges -\u003e /kaggle/working/focus_strategy_exp053_top3_sister075_geffs/44b6_12dfb391.geff\n"}
,{"stream_name":"stdout","time":1995.793543782,"data":"\n"}
,{"stream_name":"stdout","time":1995.793551654,"data":"Wrote 4 geffs to /kaggle/working/focus_strategy_exp053_top3_sister075_geffs\n"}
,{"stream_name":"stdout","time":1995.793557773,"data":"4 datasets in both pred and GT (of 4 pred / 199 GT)\n"}
,{"stream_name":"stdout","time":1998.098956363,"data":"  44b6_12dfb391: edge TP/FP/FN=743/39/30 div TP/FP/FN=0/0/1 n_pred=42586\n"}
,{"stream_name":"stdout","time":1999.516310903,"data":"  44b6_267148e4: edge TP/FP/FN=255/37/22 div TP/FP/FN=1/0/0 n_pred=21051\n"}
,{"stream_name":"stdout","time":2000.537247759,"data":"  6bba_062c8d37: edge TP/FP/FN=887/7/11 div TP/FP/FN=1/0/0 n_pred=5840\n"}
,{"stream_name":"stdout","time":2002.596056296,"data":"  6bba_07e24132: edge TP/FP/FN=307/21/38 div TP/FP/FN=0/0/2 n_pred=24181\n"}
,{"stream_name":"stdout","time":2002.59610965,"data":"OFFICIAL SUMMARY {'mode': 'exp053_top3_sister075', 'n': 4, 'edge_jaccard': 0.9144764288694202, 'division_jaccard': 0.4, 'division_tp': 2, 'division_fp': 0, 'division_fn': 3, 'node_recall': 0.979074072722612, 'adj_edge_jaccard': 0.9214654033411475, 'n_adj': 4, 'score': 0.9614654033411475, 'focus_checked': 0, 'focus_accepted': 0, 'focus_veto_removed': 0, 'focus_frames_loaded': 0, 'exp049_structural_candidates': 18, 'exp049_deepcenter_rejected': 12, 'exp049_divergence_rejected': 91, 'exp049_added': 5, 'exp049_rewired': 5, 'exp049_cap_rejected': 1, 'exp052_rank3_saved_proposals': 117025, 'exp052_rank3_frame_blocked': 1683, 'exp052_rank3_structural_candidates': 1, 'exp052_rank3_deepcenter_rejected': 0, 'exp052_rank3_divergence_rejected': 9, 'exp052_rank3_added': 1, 'exp052_rank3_rewired': 0, 'exp052_rank3_cap_rejected': 0}\n"}
,{"stream_name":"stdout","time":2002.59612373,"data":"==============================================================================\n"}
,{"stream_name":"stdout","time":2002.596148007,"data":"EXP053 strategy: exp053_top3_asym110\n"}
,{"stream_name":"stdout","time":2059.64455142,"data":"  [44b6_12dfb391] after edge-filter+motion-relink: 43118 nodes, 40789 edges\n"}
,{"stream_name":"stdout","time":2072.369899171,"data":"  [44b6_12dfb391] after gap-closing (single-frame + gap2): 43785 nodes, 42041 edges\n"}
,{"stream_name":"stdout","time":2098.676824392,"data":"  [44b6_12dfb391] EXP053 mode=exp053_top3_asym110 min_sister=8.00 max_asym=1.10 min_diverge=2.25 top2_added=6 rank3_candidates=1 rank3_added=1 rank3_rewired=0\n"}
,{"stream_name":"stdout","time":2098.67686409,"data":"  [44b6_12dfb391] after safe-division repair: 43785 nodes, 42061 edges (geometric_candidates=153, deepcenter_rejected=138, post_veto_candidates=15, added=15, cap_skipped=0, mutual_nn_rejected=56, divergence_rejected=1529)\n"}
,{"stream_name":"stdout","time":2098.676872048,"data":"  [44b6_12dfb391] after division-geometry-filter+prune-isolated: 43779 nodes, 42061 edges\n"}
,{"stream_name":"stdout","time":2098.676878128,"data":"  [44b6_12dfb391] after short-track filtering: 42582 nodes, 41137 edges (components_removed=273)\n"}
,{"stream_name":"stdout","time":2107.425060887,"data":"  [44b6_12dfb391] FINAL: 42582 nodes, 41137 edges\n"}
,{"stream_name":"stdout","time":2123.271070212,"data":"  [44b6_267148e4] after edge-filter+motion-relink: 21669 nodes, 20287 edges\n"}
,{"stream_name":"stdout","time":2135.539218175,"data":"  [44b6_267148e4] after gap-closing (single-frame + gap2): 21940 nodes, 20781 edges\n"}
,{"stream_name":"stdout","time":2162.929451716,"data":"  [44b6_267148e4] EXP053 mode=exp053_top3_asym110 min_sister=8.00 max_asym=1.10 min_diverge=2.25 top2_added=3 rank3_candidates=0 rank3_added=0 rank3_rewired=0\n"}
,{"stream_name":"stdout","time":2162.929526236,"data":"  [44b6_267148e4] after safe-division repair: 21940 nodes, 20802 edges (geometric_candidates=196, deepcenter_rejected=169, post_veto_candidates=27, added=21, cap_skipped=0, mutual_nn_rejected=119, divergence_rejected=1004)\n"}
,{"stream_name":"stdout","time":2162.929535437,"data":"  [44b6_267148e4] after division-geometry-filter+prune-isolated: 21886 nodes, 20802 edges\n"}
,{"stream_name":"stdout","time":2162.929541393,"data":"  [44b6_267148e4] after short-track filtering: 21051 nodes, 20171 edges (components_removed=204)\n"}
,{"stream_name":"stdout","time":2167.296422081,"data":"  [44b6_267148e4] FINAL: 21051 nodes, 20171 edges\n"}
,{"stream_name":"stdout","time":2168.777706931,"data":"  [6bba_062c8d37] after edge-filter+motion-relink: 5983 nodes, 5628 edges\n"}
,{"stream_name":"stdout","time":2169.909959127,"data":"  [6bba_062c8d37] after gap-closing (single-frame + gap2): 6030 nodes, 5715 edges\n"}
,{"stream_name":"stdout","time":2173.731927403,"data":"  [6bba_062c8d37] EXP053 mode=exp053_top3_asym110 min_sister=8.00 max_asym=1.10 min_diverge=2.25 top2_added=0 rank3_candidates=0 rank3_added=0 rank3_rewired=0\n"}
,{"stream_name":"stdout","time":2173.731966515,"data":"  [6bba_062c8d37] after safe-division repair: 6030 nodes, 5719 edges (geometric_candidates=13, deepcenter_rejected=9, post_veto_candidates=4, added=4, cap_skipped=0, mutual_nn_rejected=3, divergence_rejected=67)\n"}
,{"stream_name":"stdout","time":2173.731994849,"data":"  [6bba_062c8d37] after division-geometry-filter+prune-isolated: 6000 nodes, 5719 edges\n"}
,{"stream_name":"stdout","time":2173.7320047,"data":"  [6bba_062c8d37] after short-track filtering: 5840 nodes, 5605 edges (components_removed=46)\n"}
,{"stream_name":"stdout","time":2174.904963782,"data":"  [6bba_062c8d37] FINAL: 5840 nodes, 5605 edges\n"}
,{"stream_name":"stdout","time":2194.336623034,"data":"  [6bba_07e24132] after edge-filter+motion-relink: 24880 nodes, 23389 edges\n"}
,{"stream_name":"stdout","time":2204.133784002,"data":"  [6bba_07e24132] after gap-closing (single-frame + gap2): 25210 nodes, 23994 edges\n"}
,{"stream_name":"stdout","time":2219.934579926,"data":"  [6bba_07e24132] EXP053 mode=exp053_top3_asym110 min_sister=8.00 max_asym=1.10 min_diverge=2.25 top2_added=0 rank3_candidates=0 rank3_added=0 rank3_rewired=0\n"}
,{"stream_name":"stdout","time":2219.934630703,"data":"  [6bba_07e24132] after safe-division repair: 25210 nodes, 24000 edges (geometric_candidates=87, deepcenter_rejected=80, post_veto_candidates=7, added=6, cap_skipped=0, mutual_nn_rejected=55, divergence_rejected=906)\n"}
,{"stream_name":"stdout","time":2219.934638763,"data":"  [6bba_07e24132] after division-geometry-filter+prune-isolated: 25198 nodes, 24000 edges\n"}
,{"stream_name":"stdout","time":2219.934644515,"data":"  [6bba_07e24132] after short-track filtering: 24181 nodes, 23216 edges (components_removed=233)\n"}
,{"stream_name":"stdout","time":2224.840555965,"data":"  [6bba_07e24132] FINAL: 24181 nodes, 23216 edges\n"}
,{"stream_name":"stdout","time":2225.230004894,"data":"6bba_062c8d37: 5840 nodes, 5605 edges -\u003e /kaggle/working/focus_strategy_exp053_top3_asym110_geffs/6bba_062c8d37.geff\n"}
,{"stream_name":"stdout","time":2225.606142327,"data":"44b6_12dfb391: 42582 nodes, 41137 edges -\u003e /kaggle/working/focus_strategy_exp053_top3_asym110_geffs/44b6_12dfb391.geff\n"}
,{"stream_name":"stdout","time":2225.898227449,"data":"6bba_07e24132: 24181 nodes, 23216 edges -\u003e /kaggle/working/focus_strategy_exp053_top3_asym110_geffs/6bba_07e24132.geff\n"}
,{"stream_name":"stdout","time":2225.898259635,"data":"44b6_267148e4: 21051 nodes, 20171 edges -\u003e /kaggle/working/focus_strategy_exp053_top3_asym110_geffs/44b6_267148e4.geff\n"}
,{"stream_name":"stdout","time":2225.898270665,"data":"\n"}
,{"stream_name":"stdout","time":2225.898274315,"data":"Wrote 4 geffs to /kaggle/working/focus_strategy_exp053_top3_asym110_geffs\n"}
,{"stream_name":"stdout","time":2225.898277693,"data":"4 datasets in both pred and GT (of 4 pred / 199 GT)\n"}
,{"stream_name":"stdout","time":2228.384225803,"data":"  44b6_12dfb391: edge TP/FP/FN=743/39/30 div TP/FP/FN=0/0/1 n_pred=42582\n"}
,{"stream_name":"stdout","time":2229.840378204,"data":"  44b6_267148e4: edge TP/FP/FN=255/37/22 div TP/FP/FN=1/0/0 n_pred=21051\n"}
,{"stream_name":"stdout","time":2230.674376988,"data":"  6bba_062c8d37: edge TP/FP/FN=887/7/11 div TP/FP/FN=1/0/0 n_pred=5840\n"}
,{"stream_name":"stdout","time":2232.629822289,"data":"  6bba_07e24132: edge TP/FP/FN=307/21/38 div TP/FP/FN=0/0/2 n_pred=24181\n"}
,{"stream_name":"stdout","time":2232.629864972,"data":"OFFICIAL SUMMARY {'mode': 'exp053_top3_asym110', 'n': 4, 'edge_jaccard': 0.9144764288694202, 'division_jaccard': 0.4, 'division_tp': 2, 'division_fp': 0, 'division_fn': 3, 'node_recall': 0.979074072722612, 'adj_edge_jaccard': 0.9214675165862852, 'n_adj': 4, 'score': 0.9614675165862853, 'focus_checked': 0, 'focus_accepted': 0, 'focus_veto_removed': 0, 'focus_frames_loaded': 0, 'exp049_structural_candidates': 24, 'exp049_deepcenter_rejected': 14, 'exp049_divergence_rejected': 180, 'exp049_added': 9, 'exp049_rewired': 5, 'exp049_cap_rejected': 1, 'exp052_rank3_saved_proposals': 115447, 'exp052_rank3_frame_blocked': 3261, 'exp052_rank3_structural_candidates': 1, 'exp052_rank3_deepcenter_rejected': 0, 'exp052_rank3_divergence_rejected': 15, 'exp052_rank3_added': 1, 'exp052_rank3_rewired': 0, 'exp052_rank3_cap_rejected': 0}\n"}
,{"stream_name":"stdout","time":2232.629872671,"data":"==============================================================================\n"}
,{"stream_name":"stdout","time":2232.629890151,"data":"EXP053 strategy: exp053_top3_diverge175\n"}
,{"stream_name":"stdout","time":2289.706394542,"data":"  [44b6_12dfb391] after edge-filter+motion-relink: 43118 nodes, 40789 edges\n"}
,{"stream_name":"stdout","time":2302.31157702,"data":"  [44b6_12dfb391] after gap-closing (single-frame + gap2): 43785 nodes, 42041 edges\n"}
,{"stream_name":"stdout","time":2327.758865721,"data":"  [44b6_12dfb391] EXP053 mode=exp053_top3_diverge175 min_sister=8.00 max_asym=0.60 min_diverge=1.75 top2_added=2 rank3_candidates=1 rank3_added=1 rank3_rewired=0\n"}
,{"stream_name":"stdout","time":2327.758904258,"data":"  [44b6_12dfb391] after safe-division repair: 43785 nodes, 42057 edges (geometric_candidates=153, deepcenter_rejected=138, post_veto_candidates=15, added=15, cap_skipped=0, mutual_nn_rejected=56, divergence_rejected=1529)\n"}
,{"stream_name":"stdout","time":2327.758910846,"data":"  [44b6_12dfb391] after division-geometry-filter+prune-isolated: 43779 nodes, 42057 edges\n"}
,{"stream_name":"stdout","time":2327.758916024,"data":"  [44b6_12dfb391] after short-track filtering: 42582 nodes, 41133 edges (components_removed=273)\n"}
,{"stream_name":"stdout","time":2336.473557488,"data":"  [44b6_12dfb391] FINAL: 42582 nodes, 41133 edges\n"}
,{"stream_name":"stdout","time":2352.300519661,"data":"  [44b6_267148e4] after edge-filter+motion-relink: 21669 nodes, 20287 edges\n"}
,{"stream_name":"stdout","time":2364.429956753,"data":"  [44b6_267148e4] after gap-closing (single-frame + gap2): 21940 nodes, 20781 edges\n"}
,{"stream_name":"stdout","time":2391.70025273,"data":"  [44b6_267148e4] EXP053 mode=exp053_top3_diverge175 min_sister=8.00 max_asym=0.60 min_diverge=1.75 top2_added=3 rank3_candidates=1 rank3_added=0 rank3_rewired=0\n"}
,{"stream_name":"stdout","time":2391.700332987,"data":"  [44b6_267148e4] after safe-division repair: 21940 nodes, 20803 edges (geometric_candidates=196, deepcenter_rejected=169, post_veto_candidates=27, added=21, cap_skipped=0, mutual_nn_rejected=119, divergence_rejected=1004)\n"}
,{"stream_name":"stdout","time":2391.700345086,"data":"  [44b6_267148e4] after division-geometry-filter+prune-isolated: 21886 nodes, 20803 edges\n"}
,{"stream_name":"stdout","time":2391.700351116,"data":"  [44b6_267148e4] after short-track filtering: 21051 nodes, 20172 edges (components_removed=204)\n"}
,{"stream_name":"stdout","time":2396.051367408,"data":"  [44b6_267148e4] FINAL: 21051 nodes, 20172 edges\n"}
,{"stream_name":"stdout","time":2397.590953343,"data":"  [6bba_062c8d37] after edge-filter+motion-relink: 5983 nodes, 5628 edges\n"}
,{"stream_name":"stdout","time":2398.713786338,"data":"  [6bba_062c8d37] after gap-closing (single-frame + gap2): 6030 nodes, 5715 edges\n"}
,{"stream_name":"stdout","time":2402.314272917,"data":"  [6bba_062c8d37] EXP053 mode=exp053_top3_diverge175 min_sister=8.00 max_asym=0.60 min_diverge=1.75 top2_added=0 rank3_candidates=0 rank3_added=0 rank3_rewired=0\n"}
,{"stream_name":"stdout","time":2402.314315178,"data":"  [6bba_062c8d37] after safe-division repair: 6030 nodes, 5719 edges (geometric_candidates=13, deepcenter_rejected=9, post_veto_candidates=4, added=4, cap_skipped=0, mutual_nn_rejected=3, divergence_rejected=67)\n"}
,{"stream_name":"stdout","time":2402.314320045,"data":"  [6bba_062c8d37] after division-geometry-filter+prune-isolated: 6000 nodes, 5719 edges\n"}
,{"stream_name":"stdout","time":2402.314324009,"data":"  [6bba_062c8d37] after short-track filtering: 5840 nodes, 5605 edges (components_removed=46)\n"}
,{"stream_name":"stdout","time":2403.487448857,"data":"  [6bba_062c8d37] FINAL: 5840 nodes, 5605 edges\n"}
,{"stream_name":"stdout","time":2422.91688682,"data":"  [6bba_07e24132] after edge-filter+motion-relink: 24880 nodes, 23389 edges\n"}
,{"stream_name":"stdout","time":2432.667332179,"data":"  [6bba_07e24132] after gap-closing (single-frame + gap2): 25210 nodes, 23994 edges\n"}
,{"stream_name":"stdout","time":2448.043417963,"data":"  [6bba_07e24132] EXP053 mode=exp053_top3_diverge175 min_sister=8.00 max_asym=0.60 min_diverge=1.75 top2_added=0 rank3_candidates=0 rank3_added=0 rank3_rewired=0\n"}
,{"stream_name":"stdout","time":2448.043487592,"data":"  [6bba_07e24132] after safe-division repair: 25210 nodes, 24000 edges (geometric_candidates=87, deepcenter_rejected=80, post_veto_candidates=7, added=6, cap_skipped=0, mutual_nn_rejected=55, divergence_rejected=906)\n"}
,{"stream_name":"stdout","time":2448.043495339,"data":"  [6bba_07e24132] after division-geometry-filter+prune-isolated: 25198 nodes, 24000 edges\n"}
,{"stream_name":"stdout","time":2448.043500069,"data":"  [6bba_07e24132] after short-track filtering: 24181 nodes, 23216 edges (components_removed=233)\n"}
,{"stream_name":"stdout","time":2453.010103122,"data":"  [6bba_07e24132] FINAL: 24181 nodes, 23216 edges\n"}
,{"stream_name":"stdout","time":2453.706323194,"data":"44b6_267148e4: 21051 nodes, 20172 edges -\u003e /kaggle/working/focus_strategy_exp053_top3_diverge175_geffs/44b6_267148e4.geff\n"}
,{"stream_name":"stdout","time":2453.706360857,"data":"6bba_07e24132: 24181 nodes, 23216 edges -\u003e /kaggle/working/focus_strategy_exp053_top3_diverge175_geffs/6bba_07e24132.geff\n"}
,{"stream_name":"stdout","time":2454.020435664,"data":"6bba_062c8d37: 5840 nodes, 5605 edges -\u003e /kaggle/working/focus_strategy_exp053_top3_diverge175_geffs/6bba_062c8d37.geff\n"}
,{"stream_name":"stdout","time":2454.305664043,"data":"44b6_12dfb391: 42582 nodes, 41133 edges -\u003e /kaggle/working/focus_strategy_exp053_top3_diverge175_geffs/44b6_12dfb391.geff\n"}
,{"stream_name":"stdout","time":2454.305704097,"data":"\n"}
,{"stream_name":"stdout","time":2454.305710231,"data":"Wrote 4 geffs to /kaggle/working/focus_strategy_exp053_top3_diverge175_geffs\n"}
,{"stream_name":"stdout","time":2454.305715031,"data":"4 datasets in both pred and GT (of 4 pred / 199 GT)\n"}
,{"stream_name":"stdout","time":2456.553334617,"data":"  44b6_12dfb391: edge TP/FP/FN=743/39/30 div TP/FP/FN=0/0/1 n_pred=42582\n"}
,{"stream_name":"stdout","time":2457.987026149,"data":"  44b6_267148e4: edge TP/FP/FN=255/37/22 div TP/FP/FN=1/0/0 n_pred=21051\n"}
,{"stream_name":"stdout","time":2458.85741096,"data":"  6bba_062c8d37: edge TP/FP/FN=887/7/11 div TP/FP/FN=1/0/0 n_pred=5840\n"}
,{"stream_name":"stdout","time":2460.802738567,"data":"  6bba_07e24132: edge TP/FP/FN=307/21/38 div TP/FP/FN=0/0/2 n_pred=24181\n"}
,{"stream_name":"stdout","time":2460.802777327,"data":"OFFICIAL SUMMARY {'mode': 'exp053_top3_diverge175', 'n': 4, 'edge_jaccard': 0.9144764288694202, 'division_jaccard': 0.4, 'division_tp': 2, 'division_fp': 0, 'division_fn': 3, 'node_recall': 0.979074072722612, 'adj_edge_jaccard': 0.9214675165862852, 'n_adj': 4, 'score': 0.9614675165862853, 'focus_checked': 0, 'focus_accepted': 0, 'focus_veto_removed': 0, 'focus_frames_loaded': 0, 'exp049_structural_candidates': 18, 'exp049_deepcenter_rejected': 12, 'exp049_divergence_rejected': 84, 'exp049_added': 5, 'exp049_rewired': 4, 'exp049_cap_rejected': 1, 'exp052_rank3_saved_proposals': 117269, 'exp052_rank3_frame_blocked': 1439, 'exp052_rank3_structural_candidates': 2, 'exp052_rank3_deepcenter_rejected': 1, 'exp052_rank3_divergence_rejected': 7, 'exp052_rank3_added': 1, 'exp052_rank3_rewired': 0, 'exp052_rank3_cap_rejected': 0}\n"}
,{"stream_name":"stdout","time":2460.802788097,"data":"==============================================================================\n"}
,{"stream_name":"stdout","time":2460.802792659,"data":"EXP053 strategy: exp053_top3_joint\n"}
,{"stream_name":"stdout","time":2517.805864686,"data":"  [44b6_12dfb391] after edge-filter+motion-relink: 43118 nodes, 40789 edges\n"}
,{"stream_name":"stdout","time":2530.510927574,"data":"  [44b6_12dfb391] after gap-closing (single-frame + gap2): 43785 nodes, 42041 edges\n"}
,{"stream_name":"stdout","time":2557.945778139,"data":"  [44b6_12dfb391] EXP053 mode=exp053_top3_joint min_sister=7.50 max_asym=1.10 min_diverge=1.75 top2_added=9 rank3_candidates=1 rank3_added=1 rank3_rewired=0\n"}
,{"stream_name":"stdout","time":2557.945826592,"data":"  [44b6_12dfb391] after safe-division repair: 43785 nodes, 42062 edges (geometric_candidates=153, deepcenter_rejected=138, post_veto_candidates=15, added=15, cap_skipped=0, mutual_nn_rejected=56, divergence_rejected=1529)\n"}
,{"stream_name":"stdout","time":2557.945834393,"data":"  [44b6_12dfb391] after division-geometry-filter+prune-isolated: 43779 nodes, 42062 edges\n"}
,{"stream_name":"stdout","time":2557.945838836,"data":"  [44b6_12dfb391] after short-track filtering: 42590 nodes, 41144 edges (components_removed=271)\n"}
,{"stream_name":"stdout","time":2566.710871645,"data":"  [44b6_12dfb391] FINAL: 42590 nodes, 41144 edges\n"}
,{"stream_name":"stdout","time":2582.661536371,"data":"  [44b6_267148e4] after edge-filter+motion-relink: 21669 nodes, 20287 edges\n"}
,{"stream_name":"stdout","time":2594.818058511,"data":"  [44b6_267148e4] after gap-closing (single-frame + gap2): 21940 nodes, 20781 edges\n"}
,{"stream_name":"stdout","time":2623.032742244,"data":"  [44b6_267148e4] EXP053 mode=exp053_top3_joint min_sister=7.50 max_asym=1.10 min_diverge=1.75 top2_added=4 rank3_candidates=1 rank3_added=0 rank3_rewired=0\n"}
,{"stream_name":"stdout","time":2623.032789336,"data":"  [44b6_267148e4] after safe-division repair: 21940 nodes, 20803 edges (geometric_candidates=196, deepcenter_rejected=169, post_veto_candidates=27, added=21, cap_skipped=0, mutual_nn_rejected=119, divergence_rejected=1004)\n"}
,{"stream_name":"stdout","time":2623.032797144,"data":"  [44b6_267148e4] after division-geometry-filter+prune-isolated: 21886 nodes, 20803 edges\n"}
,{"stream_name":"stdout","time":2623.03280236,"data":"  [44b6_267148e4] after short-track filtering: 21051 nodes, 20172 edges (components_removed=204)\n"}
,{"stream_name":"stdout","time":2627.337051311,"data":"  [44b6_267148e4] FINAL: 21051 nodes, 20172 edges\n"}
,{"stream_name":"stdout","time":2628.745604488,"data":"  [6bba_062c8d37] after edge-filter+motion-relink: 5983 nodes, 5628 edges\n"}
,{"stream_name":"stdout","time":2629.874039545,"data":"  [6bba_062c8d37] after gap-closing (single-frame + gap2): 6030 nodes, 5715 edges\n"}
,{"stream_name":"stdout","time":2633.46926378,"data":"  [6bba_062c8d37] EXP053 mode=exp053_top3_joint min_sister=7.50 max_asym=1.10 min_diverge=1.75 top2_added=0 rank3_candidates=0 rank3_added=0 rank3_rewired=0\n"}
,{"stream_name":"stdout","time":2633.469305964,"data":"  [6bba_062c8d37] after safe-division repair: 6030 nodes, 5719 edges (geometric_candidates=13, deepcenter_rejected=9, post_veto_candidates=4, added=4, cap_skipped=0, mutual_nn_rejected=3, divergence_rejected=67)\n"}
,{"stream_name":"stdout","time":2633.469311809,"data":"  [6bba_062c8d37] after division-geometry-filter+prune-isolated: 6000 nodes, 5719 edges\n"}
,{"stream_name":"stdout","time":2633.469315606,"data":"  [6bba_062c8d37] after short-track filtering: 5840 nodes, 5605 edges (components_removed=46)\n"}
,{"stream_name":"stdout","time":2634.641730552,"data":"  [6bba_062c8d37] FINAL: 5840 nodes, 5605 edges\n"}
,{"stream_name":"stdout","time":2653.948082063,"data":"  [6bba_07e24132] after edge-filter+motion-relink: 24880 nodes, 23389 edges\n"}
,{"stream_name":"stdout","time":2663.768240066,"data":"  [6bba_07e24132] after gap-closing (single-frame + gap2): 25210 nodes, 23994 edges\n"}
,{"stream_name":"stdout","time":2680.07843264,"data":"  [6bba_07e24132] EXP053 mode=exp053_top3_joint min_sister=7.50 max_asym=1.10 min_diverge=1.75 top2_added=1 rank3_candidates=0 rank3_added=0 rank3_rewired=0\n"}
,{"stream_name":"stdout","time":2680.078484365,"data":"  [6bba_07e24132] after safe-division repair: 25210 nodes, 24000 edges (geometric_candidates=87, deepcenter_rejected=80, post_veto_candidates=7, added=6, cap_skipped=0, mutual_nn_rejected=55, divergence_rejected=906)\n"}
,{"stream_name":"stdout","time":2680.078513094,"data":"  [6bba_07e24132] after division-geometry-filter+prune-isolated: 25198 nodes, 24000 edges\n"}
,{"stream_name":"stdout","time":2680.078519304,"data":"  [6bba_07e24132] after short-track filtering: 24181 nodes, 23216 edges (components_removed=233)\n"}
,{"stream_name":"stdout","time":2685.11548034,"data":"  [6bba_07e24132] FINAL: 24181 nodes, 23216 edges\n"}
,{"stream_name":"stdout","time":2685.816545661,"data":"6bba_07e24132: 24181 nodes, 23216 edges -\u003e /kaggle/working/focus_strategy_exp053_top3_joint_geffs/6bba_07e24132.geff\n"}
,{"stream_name":"stdout","time":2685.816592496,"data":"6bba_062c8d37: 5840 nodes, 5605 edges -\u003e /kaggle/working/focus_strategy_exp053_top3_joint_geffs/6bba_062c8d37.geff\n"}
,{"stream_name":"stdout","time":2686.186939281,"data":"44b6_12dfb391: 42590 nodes, 41144 edges -\u003e /kaggle/working/focus_strategy_exp053_top3_joint_geffs/44b6_12dfb391.geff\n"}
,{"stream_name":"stdout","time":2686.186972292,"data":"44b6_267148e4: 21051 nodes, 20172 edges -\u003e /kaggle/working/focus_strategy_exp053_top3_joint_geffs/44b6_267148e4.geff\n"}
,{"stream_name":"stdout","time":2686.186996041,"data":"\n"}
,{"stream_name":"stdout","time":2686.187002028,"data":"Wrote 4 geffs to /kaggle/working/focus_strategy_exp053_top3_joint_geffs\n"}
,{"stream_name":"stdout","time":2686.187007789,"data":"4 datasets in both pred and GT (of 4 pred / 199 GT)\n"}
,{"stream_name":"stdout","time":2688.686280218,"data":"  44b6_12dfb391: edge TP/FP/FN=743/39/30 div TP/FP/FN=0/0/1 n_pred=42590\n"}
,{"stream_name":"stdout","time":2690.114285179,"data":"  44b6_267148e4: edge TP/FP/FN=255/37/22 div TP/FP/FN=1/0/0 n_pred=21051\n"}
,{"stream_name":"stdout","time":2690.938436329,"data":"  6bba_062c8d37: edge TP/FP/FN=887/7/11 div TP/FP/FN=1/0/0 n_pred=5840\n"}
,{"stream_name":"stdout","time":2692.778756157,"data":"  6bba_07e24132: edge TP/FP/FN=307/21/38 div TP/FP/FN=0/0/2 n_pred=24181\n"}
,{"stream_name":"stdout","time":2692.778790032,"data":"OFFICIAL SUMMARY {'mode': 'exp053_top3_joint', 'n': 4, 'edge_jaccard': 0.9144764288694202, 'division_jaccard': 0.4, 'division_tp': 2, 'division_fp': 0, 'division_fn': 3, 'node_recall': 0.979074072722612, 'adj_edge_jaccard': 0.9214632900960095, 'n_adj': 4, 'score': 0.9614632900960095, 'focus_checked': 0, 'focus_accepted': 0, 'focus_veto_removed': 0, 'focus_frames_loaded': 0, 'exp049_structural_candidates': 31, 'exp049_deepcenter_rejected': 16, 'exp049_divergence_rejected': 199, 'exp049_added': 14, 'exp049_rewired': 8, 'exp049_cap_rejected': 1, 'exp052_rank3_saved_proposals': 113705, 'exp052_rank3_frame_blocked': 5003, 'exp052_rank3_structural_candidates': 2, 'exp052_rank3_deepcenter_rejected': 1, 'exp052_rank3_divergence_rejected': 15, 'exp052_rank3_added': 1, 'exp052_rank3_rewired': 0, 'exp052_rank3_cap_rejected': 0}\n"}
,{"stream_name":"stdout","time":2692.780996712,"data":"EXP053 official CV complete; no second test pass and no submission.csv.\n"}
,{"stream_name":"stdout","time":2692.827778343,"data":"==============================================================================\n"}
,{"stream_name":"stdout","time":2692.8278255,"data":"PIPELINE MANIFEST -- resolved state, not just config\n"}
,{"stream_name":"stdout","time":2692.827833041,"data":"==============================================================================\n"}
,{"stream_name":"stdout","time":2692.827838945,"data":"Dual-seed ensemble:      requested=True  weights_found=True\n"}
,{"stream_name":"stdout","time":2692.827844617,"data":"Bidirectional fusion:    weight=0.15  active=True  mode=harmonic_probability\n"}
,{"stream_name":"stdout","time":2692.827849683,"data":"DeepCenter veto:         requested=True  loaded=True\n"}
,{"stream_name":"stdout","time":2692.827854491,"data":"  - checkpoint file:     /kaggle/input/datasets/pilkwang/biohub-deepcenter-unet3d-center-prior-v1/weights/full_frame_center/best.pt\n"}
,{"stream_name":"stdout","time":2692.82787098,"data":"  - expected epoch:      2\n"}
,{"stream_name":"stdout","time":2692.827874698,"data":"  - gap veto:            True\n"}
,{"stream_name":"stdout","time":2692.827878273,"data":"  - safe-div veto:       True\n"}
,{"stream_name":"stdout","time":2692.82788185,"data":"Safe-div thresholds:     parent\u003c=9.0um  sister\u003c=14.0um  global_cap=0.00375  frame_cap=0.0076\n"}
,{"stream_name":"stdout","time":2692.827885938,"data":"Validator:               enabled=True  held_out_samples=4  match_radius=7.0um\n"}
,{"stream_name":"stdout","time":2692.827889527,"data":"==============================================================================\n"}
,{"stream_name":"stdout","time":2692.827893149,"data":"EXP053 design: same four complete movies and raw predictions across all arms\n"}
,{"stream_name":"stdout","time":2692.827896815,"data":"EXP053 arms: ['off', 'exp049_cos060', 'exp053_top3_baseline', 'exp053_top3_sister075', 'exp053_top3_asym110', 'exp053_top3_diverge175', 'exp053_top3_joint']\n"}
,{"stream_name":"stdout","time":2692.82790093,"data":"EXP053 formal metric: patched official scorer; legacy proxy not used for ranking\n"}
,{"stream_name":"stdout","time":2692.827907726,"data":"FOCUS cached inference calls: 0 error: None\n"}
,{"stream_name":"stdout","time":2692.827910223,"data":"EXP053 mode: official-CV-only validation; test submission generation is intentionally absent.\n"}
,{"stream_name":"stderr","time":2697.938948138,"data":"/usr/local/lib/python3.12/dist-packages/mistune.py:435: SyntaxWarning: invalid escape sequence '\\|'\n"}
,{"stream_name":"stderr","time":2697.939005279,"data":"  cells[i][c] = re.sub('\\\\\\\\\\|', '|', cell)\n"}
,{"stream_name":"stderr","time":2698.069504696,"data":"/usr/local/lib/python3.12/dist-packages/nbconvert/filters/filter_links.py:36: SyntaxWarning: invalid escape sequence '\\_'\n"}
,{"stream_name":"stderr","time":2698.069530251,"data":"  text = re.sub(r'_', '\\_', text) # Escape underscores in display text\n"}
,{"stream_name":"stderr","time":2698.751311249,"data":"[NbConvertApp] Converting notebook __notebook__.ipynb to notebook\n"}
,{"stream_name":"stderr","time":2699.113069093,"data":"[NbConvertApp] Writing 389325 bytes to __notebook__.ipynb\n"}
,{"stream_name":"stderr","time":2701.79463395,"data":"[NbConvertApp] Converting notebook __notebook__.ipynb to html\n"}
,{"stream_name":"stderr","time":2703.502301212,"data":"[NbConvertApp] Writing 1373181 bytes to __results__.html\n"}
]