video,event_id,event_index,candidate_index,label,parent_id,daughter1_id,daughter2_id,parent_distance_um,daughter_distance_um,volume_balance,parent_union_overlap,parent_union_parent_coverage,parent_union_daughter_coverage,volume_conservation,daughter_separation_score,parent_kind,daughter1_kind,daughter2_kind,contains_focus_only
44b6_2a2eff9f,44b6_2a2eff9f:13,13,0,0,c:11:539:642,c:12:1008:654,c:12:1009:642,12.691655723348314,13.101168840985142,0.5865898807075277,0.04670684459750323,0.21570576540755468,0.056261343012704176,0.26082447498055483,0.9357977743560816,consensus,consensus,consensus,0
44b6_2a2eff9f,44b6_2a2eff9f:13,13,1,0,c:11:539:642,c:12:1008:654,c:12:1012:635,12.160386507015309,11.604821196382131,0.5948169477581242,0.0877701047003787,0.39165009940357853,0.10162496775857621,0.2594789785916946,0.8289157997415808,consensus,consensus,consensus,0
44b6_2a2eff9f,44b6_2a2eff9f:13,13,2,0,c:11:539:642,c:12:1008:654,c:12:1014:622,12.268480957314969,9.884489111734608,0.6585767174002468,0.09000432713111207,0.4135188866799205,0.10317460317460317,0.24950396825396826,0.706034936552472,consensus,consensus,consensus,0
44b6_2a2eff9f,44b6_2a2eff9f:13,13,3,0,c:11:539:642,c:12:1008:654,c:12:1044:658,12.160386507015309,8.285906709588275,0.9842105263157894,0.19453993933265926,0.9562624254473161,0.1962864721485411,0.20526423178943073,0.5918504792563054,consensus,consensus,consensus,0
44b6_2a2eff9f,44b6_2a2eff9f:13,13,4,0,c:11:539:642,c:12:1008:654,c:12:1068:636,12.160386507015309,12.160386507015309,0.4664747017688194,0.09774255523535062,0.40457256461232605,0.11416549789621318,0.2821879382889201,0.8685990362153791,consensus,consensus,consensus,0
44b6_2a2eff9f,44b6_2a2eff9f:13,13,5,0,c:11:539:642,c:12:1009:642,c:12:1012:635,12.691655723348314,11.02128622257856,0.9861687413554634,0.13524590163934427,0.4592445328031809,0.16086350974930363,0.3502785515320334,0.7872347301841829,consensus,consensus,consensus,0
44b6_2a2eff9f,44b6_2a2eff9f:13,13,6,0,c:11:539:642,c:12:1009:642,c:12:1013:648,12.691655723348314,8.900491559458949,0.5946622185154296,0.1873156342182891,0.757455268389662,0.19926778242677826,0.2630753138075314,0.6357493971042106,consensus,consensus,consensus,0
44b6_2a2eff9f,44b6_2a2eff9f:13,13,7,0,c:11:539:642,c:12:1009:642,c:12:1014:622,12.691655723348314,6.894291116568838,0.8906933166770769,0.1602416570771001,0.5536779324055666,0.18401057152296002,0.33234225305583087,0.4924493654692027,consensus,consensus,consensus,0
44b6_2a2eff9f,44b6_2a2eff9f:13,13,8,0,c:11:539:642,c:12:1009:642,c:12:1068:636,12.691655723348314,12.691655723348314,0.7952314165497896,0.022948938611589215,0.07952286282306163,0.03125,0.39296875,0.9065468373820224,consensus,consensus,consensus,0
44b6_2a2eff9f,44b6_2a2eff9f:13,13,9,0,c:11:539:642,c:12:1009:642,f:12:673,12.691655723348314,10.05878812539631,0.2426367461430575,0.06314580941446613,0.16401590457256462,0.09311512415349887,0.5677200902934537,0.7184848660997364,consensus,consensus,focus_only,1
44b6_2a2eff9f,44b6_2a2eff9f:13,13,10,0,c:11:539:642,c:12:1012:635,c:12:1013:648,12.481861840286488,7.267220926874317,0.6030025020850709,0.16223340522405943,0.672962226640159,0.17611862643080126,0.26170655567117584,0.5190872090624512,consensus,consensus,consensus,0
44b6_2a2eff9f,44b6_2a2eff9f:13,13,11,0,c:11:539:642,c:12:1012:635,c:12:1014:622,12.268480957314969,13.978778558944269,0.9031855090568395,0.039763981528989224,0.1540755467196819,0.0508697079094191,0.33016081391532653,0.9984841827817335,consensus,consensus,consensus,0
44b6_2a2eff9f,44b6_2a2eff9f:13,13,12,0,c:11:539:642,c:12:1012:635,c:12:1042:560,13.498263777241872,12.795262795269194,0.5019090593543908,0.07347020933977455,0.3628230616302187,0.08435405592789462,0.2324936445574301,0.9139473425192282,consensus,consensus,consensus,0
44b6_2a2eff9f,44b6_2a2eff9f:13,13,13,0,c:11:539:642,c:12:1012:635,c:12:1044:658,10.017172754824587,12.691655723348314,0.5854251012145749,0.0492432317203155,0.22962226640159045,0.05898876404494382,0.2568947906026558,0.9065468373820224,consensus,consensus,consensus,0
44b6_2a2eff9f,44b6_2a2eff9f:13,13,14,0,c:11:539:642,c:12:1012:635,c:12:1068:636,9.613629647536875,9.613629647536875,0.7842323651452282,0.13624841571609633,0.4274353876739563,0.16666666666666666,0.38992248062015505,0.6866878319669196,consensus,consensus,consensus,0
44b6_2a2eff9f,44b6_2a2eff9f:13,13,15,0,c:11:539:642,c:12:1012:635,f:12:620,13.797361876794504,13.255106682350405,0.3817427385892116,0.03514817367332874,0.10139165009940358,0.05105105105105105,0.5035035035035035,0.9467933344536004,consensus,consensus,focus_only,1
44b6_2a2eff9f,44b6_2a2eff9f:13,13,16,0,c:11:539:642,c:12:1012:635,f:12:675,13.709331703570628,12.779339737004799,0.21023513139695713,0.11173860427591771,0.2753479125248509,0.15828571428571428,0.5748571428571428,0.9128099812146285,consensus,consensus,focus_only,1
44b6_2a2eff9f,44b6_2a2eff9f:13,13,17,0,c:11:539:642,c:12:1013:648,c:12:1068:636,12.481861840286488,12.481861840286488,0.47289407839866554,0.028325402220711535,0.1242544731610338,0.03539071347678369,0.28482446206115514,0.8915615600204634,consensus,consensus,consensus,0
44b6_2a2eff9f,44b6_2a2eff9f:13,13,18,0,c:11:539:642,c:12:1013:648,f:12:620,13.797361876794504,8.547951508414194,0.23019182652210174,0.21723076923076923,0.7017892644135189,0.2393220338983051,0.3410169491525424,0.6105679648867282,consensus,consensus,focus_only,1
44b6_2a2eff9f,44b6_2a2eff9f:13,13,19,0,c:11:539:642,c:12:1013:648,f:12:673,12.481861840286488,11.230322819604906,0.14428690575479566,0.04865771812080537,0.17296222664015903,0.06341107871720117,0.36661807580174927,0.8021659156860647,consensus,consensus,focus_only,1
44b6_2a2eff9f,44b6_2a2eff9f:13,13,20,1,c:11:539:642,c:12:1014:622,c:12:1068:636,12.268480957314969,12.268480957314969,0.7083073079325422,0.19330143540669856,0.6023856858846919,0.22157221206581354,0.36782449725776967,0.8763200683796406,consensus,consensus,consensus,0
44b6_2a2eff9f,44b6_2a2eff9f:13,13,21,0,c:11:539:642,c:12:1014:622,f:12:673,12.268480957314969,12.148918321561952,0.2161149281698938,0.13402457757296468,0.34691848906560635,0.17925012840267077,0.5166923472008218,0.867779880111568,consensus,consensus,focus_only,1
44b6_2a2eff9f,44b6_2a2eff9f:13,13,22,0,c:11:539:642,c:12:1042:560,c:12:1044:658,13.498263777241872,8.125,0.8573412009718847,0.18225776455272458,0.974155069582505,0.183143337693889,0.18800224257148196,0.5803571428571429,consensus,consensus,consensus,0
44b6_2a2eff9f,44b6_2a2eff9f:13,13,23,0,c:11:539:642,c:12:1042:560,c:12:1068:636,13.498263777241872,13.498263777241872,0.3936133287053107,0.06807062327164433,0.31809145129224653,0.07970112079701121,0.25056039850560397,0.9641616983744195,consensus,consensus,consensus,0
44b6_2a2eff9f,44b6_2a2eff9f:13,13,24,0,c:11:539:642,c:12:1042:560,f:12:675,13.709331703570628,7.811661182461725,0.1055189170426935,0.2140787949015064,0.7345924453280318,0.23202511773940346,0.31585557299843015,0.5579757987472661,consensus,consensus,focus_only,1
44b6_2a2eff9f,44b6_2a2eff9f:13,13,25,0,c:11:539:642,c:12:1044:658,c:12:1068:636,10.017172754824587,10.017172754824587,0.4591093117408907,0.1525,0.6063618290258449,0.16925638179800223,0.279134295227525,0.7155123396303277,consensus,consensus,consensus,0
44b6_2a2eff9f,44b6_2a2eff9f:13,13,26,0,c:11:539:642,c:12:1044:658,f:12:675,13.709331703570628,13.926832810804674,0.12307692307692308,0.08,0.2783300198807157,0.10093727469358327,0.36265320836337417,0.9947737722003339,consensus,consensus,focus_only,1
44b6_2a2eff9f,44b6_2a2eff9f:13,13,27,0,c:11:539:642,c:12:1068:636,f:12:620,13.797361876794504,13.797361876794504,0.48677248677248675,0.020857034508911642,0.05467196819085487,0.03262158956109134,0.5966785290628707,0.9855258483424646,consensus,consensus,focus_only,1
44b6_2a2eff9f,44b6_2a2eff9f:13,13,28,0,c:11:539:642,c:12:1068:636,f:12:673,9.806768869583921,9.806768869583921,0.30511463844797176,0.20096618357487922,0.4135188866799205,0.2810810810810811,0.6797297297297298,0.7004834906845658,consensus,consensus,focus_only,1
44b6_2a2eff9f,44b6_2a2eff9f:13,13,29,0,c:11:539:642,c:12:1068:636,f:12:675,13.709331703570628,13.709331703570628,0.26807760141093473,0.15610217596972564,0.32803180914512925,0.22948539638386647,0.6995827538247567,0.9792379788264735,consensus,consensus,focus_only,1
44b6_2a2eff9f,44b6_2a2eff9f:13,13,30,0,c:11:539:642,f:12:620,f:12:673,13.797361876794504,10.437024419225809,0.6268115942028986,0.16953316953316952,0.27435387673956263,0.30734966592427615,0.8926441351888668,0.7455017442304149,consensus,focus_only,focus_only,1
44b6_706092f0,44b6_706092f0:50,50,0,0,c:49:124:211,c:50:437:97,c:50:438:161,12.268480957314969,13.884006086140989,0.3201956271576525,0.0133561111973909,0.04442148760330578,0.01874046633253432,0.42187840488123773,0.9917147204386421,consensus,consensus,consensus,0
44b6_706092f0,44b6_706092f0:50,50,1,0,c:49:124:211,c:50:437:97,c:50:443:200,12.160386507015309,12.160386507015309,0.5716340621403913,0.12720901889092018,0.431301652892562,0.15284642138019403,0.3543840380743181,0.8685990362153791,consensus,consensus,consensus,0
44b6_706092f0,44b6_706092f0:50,50,2,0,c:49:124:211,c:50:437:97,c:50:452:93,12.160386507015309,9.613629647536875,0.8823360184119677,0.1106890227927692,0.4364669421487603,0.12914565184166285,0.29588873605379795,0.6866878319669196,consensus,consensus,consensus,0
44b6_706092f0,44b6_706092f0:50,50,3,0,c:49:124:211,c:50:438:161,c:50:443:200,12.268480957314969,12.268480957314969,0.5601409159536991,0.06514382402707276,0.1590909090909091,0.09935483870967741,0.6245161290322581,0.8763200683796406,consensus,consensus,consensus,0
44b6_706092f0,44b6_706092f0:50,50,4,0,c:49:124:211,c:50:438:161,c:50:445:170,12.268480957314969,7.621925609713073,0.39821109123434706,0.20644095788604458,0.5165289256198347,0.25588536335721596,0.4953940634595701,0.544423257836648,consensus,consensus,consensus,0
44b6_706092f0,44b6_706092f0:50,50,5,0,c:49:124:211,c:50:442:204,c:50:443:200,13.101168840985142,13.101168840985142,0.5193413486670152,0.12745525971191618,0.4524793388429752,0.15069671426113881,0.3330466196456219,0.9357977743560816,consensus,consensus,consensus,0
44b6_706092f0,44b6_706092f0:50,50,6,0,c:49:124:211,c:50:442:204,c:50:471:863,13.101168840985142,8.75089281159357,0.21353894406691062,0.32055399437976717,0.824896694214876,0.34395864742623306,0.4169717854835236,0.6250637722566835,consensus,consensus,consensus,0
44b6_706092f0,44b6_706092f0:50,50,7,0,c:49:124:211,c:50:443:200,c:50:445:170,10.405076885828379,10.405076885828379,0.710912343470483,0.047559644472165916,0.15754132231404958,0.06378084483479715,0.40485152655792556,0.7432197775591699,consensus,consensus,consensus,0
44b6_706092f0,44b6_706092f0:50,50,8,0,c:49:124:211,c:50:443:200,c:50:452:93,11.604821196382131,11.604821196382131,0.6478643625692859,0.0235759261971006,0.08316115702479339,0.03185595567867036,0.38306292045904233,0.8289157997415808,consensus,consensus,consensus,0
44b6_706092f0,44b6_706092f0:50,50,9,0,c:49:124:211,c:50:443:200,c:50:471:863,12.795262795269194,12.795262795269194,0.4111726220432813,0.07312655648630292,0.16683884297520662,0.1151925820256776,0.6904422253922967,0.9139473425192282,consensus,consensus,consensus,0
44b6_706092f0,44b6_706092f0:50,50,10,1,c:49:124:211,c:50:443:200,f:50:892,6.636908837504649,6.636908837504649,0.41016607951685957,0.37852778585976143,0.672004132231405,0.4643112062812277,0.6909350463954318,0.4740649169646178,consensus,consensus,focus_only,1
44b6_706092f0,44b6_706092f0:50,50,11,0,c:49:124:211,c:50:445:170,f:50:892,10.405076885828379,10.078778874972846,0.29159212880143115,0.1003968253968254,0.26136363636363635,0.1401662049861496,0.5362880886426593,0.7199127767837747,consensus,consensus,focus_only,1
44b6_706092f0,44b6_706092f0:50,50,12,0,c:49:124:211,c:50:471:863,f:50:892,12.795262795269194,11.634950086638712,0.9975520195838433,0.08946564885496183,0.15134297520661158,0.1795343137254902,0.8429752066115702,0.8310678633313365,consensus,consensus,focus_only,1
44b6_996155de,44b6_996155de:60,60,0,1,c:19:57:43,c:20:154:42,c:20:155:41,4.596194077712559,8.125,0.9867688022284122,0.2670489453204997,0.39112177564487105,0.4570627409744129,0.8557288542291541,0.5803571428571429,consensus,consensus,consensus,0
44b6_996155de,44b6_996155de:60,60,1,0,c:19:57:43,c:20:154:42,f:20:122,7.211601865713748,9.804307193061073,0.21518105849582173,0.10437051532941943,0.14397120575884823,0.27507163323782235,0.5233953209358129,0.7003076566472195,consensus,consensus,focus_only,1
44b6_996155de,44b6_996155de:60,60,2,0,c:19:57:43,c:20:154:42,f:20:123,8.71352854754393,7.350111970409444,0.24512534818941503,0.2625092432832142,0.3194361127774445,0.5956375838926175,0.5362927414517097,0.5250079978863889,consensus,consensus,focus_only,1
44b6_996155de,44b6_996155de:60,60,3,0,c:19:57:43,c:20:155:41,f:20:122,7.211601865713748,6.393800472275834,0.2180663373323924,0.25340599455040874,0.3068386322735453,0.5926998841251448,0.5176964607078585,0.45670003373398815,consensus,consensus,focus_only,1
44b6_996155de,44b6_996155de:60,60,4,0,c:19:57:43,c:20:155:41,f:20:123,8.71352854754393,12.320046034585975,0.24841213832039521,0.062239800166527894,0.08968206358728255,0.16902204635387225,0.5305938812237553,0.8800032881847125,consensus,consensus,focus_only,1
44b6_996155de,44b6_996155de:60,60,5,0,c:19:57:43,f:20:122,f:20:123,8.71352854754393,9.471605971012028,0.8778409090909091,0.10115766262403528,0.11007798440311937,0.5552193645990923,0.19826034793041392,0.6765432836437163,consensus,focus_only,focus_only,1
44b6_c50204e0,44b6_c50204e0:43,43,0,0,c:28:240:155,c:29:686:233,c:29:695:117,12.481861840286488,12.481861840286488,0.8343711083437111,0.010078613182826043,0.08445945945945946,0.011314777098891152,0.13396696085087123,0.8915615600204634,consensus,consensus,consensus,0
44b6_c50204e0,44b6_c50204e0:43,43,1,0,c:28:240:155,c:29:686:233,c:29:741:132,12.481861840286488,8.285906709588275,0.34786218347862186,0.16227671813502875,0.9054054054054054,0.16507545426547582,0.1823221435170927,0.5918504792563054,consensus,consensus,consensus,0
44b6_c50204e0,44b6_c50204e0:43,43,2,0,c:28:240:155,c:29:686:233,c:29:758:141,12.481861840286488,11.604821196382131,0.5263594852635949,0.14696399785061795,0.9239864864864865,0.14876257818874083,0.16100081588251292,0.8289157997415808,consensus,consensus,consensus,0
44b6_c50204e0,44b6_c50204e0:43,43,3,0,c:28:240:155,c:29:686:233,f:29:203,13.082471815119757,12.529289686307154,0.0323785803237858,0.0780812324929972,0.3766891891891892,0.08966626457579413,0.2380377965420185,0.8949492633076538,consensus,consensus,focus_only,1
44b6_c50204e0,44b6_c50204e0:43,43,4,0,c:28:240:155,c:29:695:117,c:29:725:116,12.160386507015309,8.285906709588275,0.7979356887653831,0.10413971539456662,0.8158783783783784,0.10664605873261206,0.1307131817178185,0.5918504792563054,consensus,consensus,consensus,0
44b6_c50204e0,44b6_c50204e0:43,43,5,0,c:28:240:155,c:29:725:116,c:29:785:167,10.017172754824587,11.375,0.8038904327113934,0.06688824262567511,0.543918918918919,0.07086267605633803,0.13028169014084506,0.8125,consensus,consensus,consensus,0
44b6_c50204e0,44b6_c50204e0:43,43,6,0,c:28:240:155,c:29:741:132,c:29:750:151,13.884006086140989,11.941262496067994,0.1515513126491647,0.02098360655737705,0.05405405405405406,0.03316062176165803,0.6134715025906736,0.8529473211477139,consensus,consensus,consensus,0
44b6_c50204e0,44b6_c50204e0:43,43,7,0,c:28:240:155,c:29:741:132,c:29:758:141,7.44668550430324,3.6336104634371584,0.6608832807570978,0.18177836180464302,0.7010135135135135,0.19705603038936373,0.28110161443494774,0.2595436045312256,consensus,consensus,consensus,0
44b6_c50204e0,44b6_c50204e0:43,43,8,1,c:28:240:155,c:29:741:132,c:29:770:136,7.44668550430324,9.475296829123613,0.5835654596100278,0.05174311926605504,0.23817567567567569,0.06200527704485488,0.26033421284080915,0.6768069163659723,consensus,consensus,consensus,0
44b6_c50204e0,44b6_c50204e0:43,43,9,0,c:28:240:155,c:29:741:132,c:29:785:167,8.75089281159357,13.595725431178728,0.4138271604938272,0.05207064555420219,0.28885135135135137,0.059727558505064615,0.20677610897659798,0.9711232450841949,consensus,consensus,consensus,0
44b6_c50204e0,44b6_c50204e0:43,43,10,0,c:28:240:155,c:29:741:132,f:29:203,13.082471815119757,10.351317148559861,0.09307875894988067,0.0,0.0,0.0,0.6462882096069869,0.7393797963257044,consensus,consensus,focus_only,1
44b6_c50204e0,44b6_c50204e0:43,43,11,0,c:28:240:155,c:29:750:151,c:29:758:141,13.884006086140989,10.405076885828379,0.10015772870662461,0.03759791122715405,0.12162162162162163,0.05161290322580645,0.4243727598566308,0.7432197775591699,consensus,consensus,consensus,0
44b6_c50204e0,44b6_c50204e0:43,43,12,0,c:28:240:155,c:29:750:151,c:29:770:136,13.884006086140989,10.017172754824587,0.08844011142061281,0.050706972208678695,0.17567567567567569,0.06653870761356366,0.37875879718490085,0.7155123396303277,consensus,consensus,consensus,0
44b6_c50204e0,44b6_c50204e0:43,43,13,0,c:28:240:155,c:29:750:151,f:29:203,13.884006086140989,3.6639468191286255,0.6141732283464567,0.18955223880597014,0.21452702702702703,0.6195121951219512,0.34628378378378377,0.2617104870806161,consensus,consensus,focus_only,1
44b6_c50204e0,44b6_c50204e0:43,43,14,0,c:28:240:155,c:29:758:141,c:29:770:136,6.5,7.083210783253595,0.883008356545961,0.13381492948056414,0.6570945945945946,0.14386094674556213,0.21893491124260356,0.5059436273752568,consensus,consensus,consensus,0
44b6_c50204e0,44b6_c50204e0:43,43,15,0,c:28:240:155,c:29:758:141,c:29:785:167,8.75089281159357,12.691655723348314,0.6261728395061729,0.014890282131661442,0.09628378378378379,0.01730944427573641,0.1797752808988764,0.9065468373820224,consensus,consensus,consensus,0
44b6_c50204e0,44b6_c50204e0:43,43,16,0,c:28:240:155,c:29:758:141,f:29:203,13.082471815119757,9.928128497358879,0.061514195583596214,0.02593965060878772,0.08277027027027027,0.036404160475482915,0.4398216939078752,0.7091520355256342,consensus,consensus,focus_only,1
44b6_c50204e0,44b6_c50204e0:43,43,17,0,c:28:240:155,c:29:770:136,c:29:785:167,8.75089281159357,12.795262795269194,0.7091358024691358,0.024778761061946902,0.16554054054054054,0.028315515746893963,0.17104882981797168,0.9139473425192282,consensus,consensus,consensus,0
44b6_c50204e0,44b6_c50204e0:43,43,18,0,c:28:240:155,c:29:770:136,c:29:792:23,13.978778558944269,13.884006086140989,0.5546543066821167,0.021912350597609563,0.16722972972972974,0.024596273291925465,0.14708074534161492,0.9917147204386421,consensus,consensus,consensus,0
44b6_c50204e0,44b6_c50204e0:43,43,19,0,c:28:240:155,c:29:770:136,f:29:203,13.082471815119757,10.30214257861293,0.054317548746518104,0.087248322147651,0.28547297297297297,0.11162483487450463,0.3910171730515192,0.7358673270437807,consensus,consensus,focus_only,1
44b6_c50204e0,44b6_c50204e0:43,43,20,0,c:28:240:155,c:29:785:167,c:29:801:120,13.978778558944269,6.700046641628698,0.40630016051364365,0.07011122061100944,0.8412162162162162,0.07105150520759024,0.08446283349978599,0.4785747601163356,consensus,consensus,consensus,0
44b6_c50204e0,44b6_c50204e0:184,184,0,0,c:65:1426:834,c:66:1916:858,c:66:1924:882,13.978778558944269,13.498263777241872,0.36599851521900517,0.032631305252210085,0.10359059017746595,0.04547101449275362,0.4389492753623188,0.9641616983744195,consensus,consensus,consensus,0
44b6_c50204e0,44b6_c50204e0:184,184,1,0,c:65:1426:834,c:66:1916:858,c:66:1944:832,13.978778558944269,10.017172754824587,0.6188284518828452,0.12417366446310524,0.28683450268262484,0.1796329800982166,0.6262600155078831,0.7155123396303277,consensus,consensus,consensus,0
44b6_c50204e0,44b6_c50204e0:184,184,2,0,c:65:1426:834,c:66:1916:858,c:66:1957:903,13.978778558944269,11.490485194281398,0.3475321162947938,0.06589427950760318,0.11267024349979364,0.13697942799799298,0.8225340486999587,0.8207489424486712,consensus,consensus,consensus,0
44b6_c50204e0,44b6_c50204e0:184,184,3,0,c:65:1426:834,c:66:1916:858,c:66:1958:874,13.978778558944269,8.125,0.7588506926629041,0.33523505248744867,0.6062732150226992,0.42852975495915985,0.7068261376896149,0.5803571428571429,consensus,consensus,consensus,0
44b6_c50204e0,44b6_c50204e0:184,184,4,0,c:65:1426:834,c:66:1916:858,c:66:1970:898,13.978778558944269,9.613629647536875,0.7606490872210954,0.33059820010587615,0.5154766817994222,0.47964669738863286,0.9304915514592934,0.6866878319669196,consensus,consensus,consensus,0
44b6_c50204e0,44b6_c50204e0:184,184,5,0,c:65:1426:834,c:66:1916:858,p:66:1984,13.978778558944269,11.830178570080843,,,,,,0.8450127550057746,consensus,consensus,pilkwang_only,0
44b6_c50204e0,44b6_c50204e0:184,184,6,0,c:65:1426:834,c:66:1924:882,c:66:1944:832,11.830178570080843,8.75089281159357,0.5914377629299679,0.22955145118733508,0.6822121337185307,0.2570362307572695,0.3767687762400871,0.6250637722566835,consensus,consensus,consensus,0
44b6_c50204e0,44b6_c50204e0:184,184,7,0,c:65:1426:834,c:66:1924:882,c:66:1958:874,11.830178570080843,13.978778558944269,0.48230635981192777,0.03787318036022699,0.12670243499793643,0.05125208681135225,0.40450751252086814,0.9984841827817335,consensus,consensus,consensus,0
44b6_c50204e0,44b6_c50204e0:184,184,8,0,c:65:1426:834,c:66:1924:882,c:66:2000:821,11.830178570080843,11.941262496067994,0.2739420935412027,0.26690093708165996,0.6582748658687577,0.30982905982905984,0.47066822066822067,0.8529473211477139,consensus,consensus,consensus,0
44b6_c50204e0,44b6_c50204e0:184,184,9,0,c:65:1426:834,c:66:1944:832,c:66:1958:874,10.531203634912773,11.604821196382131,0.8154811715481172,0.05771938057250117,0.1522905489063145,0.08504263655220097,0.5584235999078129,0.8289157997415808,consensus,consensus,consensus,0
44b6_c50204e0,44b6_c50204e0:184,184,10,0,c:65:1426:834,c:66:1944:832,c:66:1970:898,13.101168840985142,10.405076885828379,0.4707112970711297,0.10536113179448994,0.23359471729261247,0.16102418207681365,0.6893314366998577,0.7432197775591699,consensus,consensus,consensus,0
44b6_c50204e0,44b6_c50204e0:184,184,11,0,c:65:1426:834,c:66:1944:832,p:66:1984,10.531203634912773,12.691655723348314,,,,,,0.9065468373820224,consensus,consensus,pilkwang_only,0
44b6_c50204e0,44b6_c50204e0:184,184,12,0,c:65:1426:834,c:66:1944:832,c:66:2000:821,10.531203634912773,11.604821196382131,0.46317991631799166,0.17042309213127718,0.35575732562938506,0.24649699742636547,0.6928796110952244,0.8289157997415808,consensus,consensus,consensus,0
44b6_c50204e0,44b6_c50204e0:184,184,13,0,c:65:1426:834,c:66:1944:832,c:66:2032:853,11.490485194281398,13.400093283257396,0.4799163179916318,0.3053000438020149,0.5753198514238548,0.3941193101498445,0.6850438224484026,0.9571495202326712,consensus,consensus,consensus,0
44b6_c50204e0,44b6_c50204e0:184,184,14,0,c:65:1426:834,c:66:1957:903,c:66:1958:874,12.795262795269194,5.859020822628983,0.2637249871729092,0.15426411528466807,0.26950061906727196,0.26512383272431994,0.9837596427121397,0.41850148733064163,consensus,consensus,consensus,0
44b6_c50204e0,44b6_c50204e0:184,184,15,0,c:65:1426:834,c:66:1957:903,c:66:1970:898,13.101168840985142,13.498263777241872,0.4568888888888889,0.023173803526448364,0.037969459347915804,0.05613178767541183,0.6764341725134131,0.9641616983744195,consensus,consensus,consensus,0
44b6_c50204e0,44b6_c50204e0:184,184,16,0,c:65:1426:834,c:66:1957:903,p:66:1984,12.795262795269194,7.44668550430324,,,,,,0.5319061074502314,consensus,consensus,pilkwang_only,0
44b6_c50204e0,44b6_c50204e0:184,184,17,0,c:65:1426:834,c:66:1958:874,c:66:1970:898,13.101168840985142,10.017172754824587,0.5772190867111339,0.2158814421588144,0.40280643829962853,0.31750162654521796,0.7882238126219909,0.7155123396303277,consensus,consensus,consensus,0
44b6_c50204e0,44b6_c50204e0:184,184,18,0,c:65:1426:834,c:66:1958:874,p:66:1984,8.125,3.9804208320226646,,,,,,0.2843157737159046,consensus,consensus,pilkwang_only,0
44b6_c50204e0,44b6_c50204e0:184,184,19,0,c:65:1426:834,c:66:1958:874,c:66:1991:838,9.884489111734608,13.595725431178728,0.7716777834787071,0.15035238841033674,0.3169624432521667,0.22241529105125976,0.7017086591369823,0.9711232450841949,consensus,consensus,consensus,0
44b6_c50204e0,44b6_c50204e0:184,184,20,0,c:65:1426:834,c:66:1958:874,c:66:2000:821,8.125,11.718041645257966,0.5679835813237558,0.20789241622574955,0.38918695831613703,0.30857329842931935,0.7928664921465969,0.8370029746612833,consensus,consensus,consensus,0
44b6_c50204e0,44b6_c50204e0:184,184,21,0,c:65:1426:834,c:66:1958:874,f:66:894,9.738629042995603,13.303513659993197,0.5166752180605438,0.3942457231726283,0.6277342137845646,0.5145466847090663,0.8196887686062246,0.9502509757137998,consensus,consensus,focus_only,1
44b6_c50204e0,44b6_c50204e0:184,184,22,0,c:65:1426:834,c:66:1970:898,p:66:1984,13.101168840985142,11.941262496067994,,,,,,0.8529473211477139,consensus,consensus,pilkwang_only,0
44b6_c50204e0,44b6_c50204e0:184,184,23,0,c:65:1426:834,p:66:1984,c:66:1991:838,9.884489111734608,10.531203634912773,,,,,,0.752228831065198,consensus,pilkwang_only,consensus,0
44b6_c50204e0,44b6_c50204e0:184,184,24,1,c:65:1426:834,p:66:1984,c:66:2000:821,5.3895152843275245,8.900491559458949,,,,,,0.6357493971042106,consensus,pilkwang_only,consensus,0
44b6_c50204e0,44b6_c50204e0:184,184,25,0,c:65:1426:834,p:66:1984,p:66:2076,13.301198254292732,13.400093283257396,,,,,,0.9571495202326712,consensus,pilkwang_only,pilkwang_only,0
44b6_c50204e0,44b6_c50204e0:184,184,26,0,c:65:1426:834,p:66:1984,f:66:894,9.738629042995603,9.551235399696422,,,,,,0.6822310999783159,consensus,pilkwang_only,focus_only,1
44b6_c50204e0,44b6_c50204e0:184,184,27,0,c:65:1426:834,c:66:1991:838,c:66:2000:821,9.884489111734608,10.017172754824587,0.7360372340425532,0.2106782106782107,0.3615352868345027,0.3355036384527001,0.9279969360398315,0.7155123396303277,consensus,consensus,consensus,0
44b6_c50204e0,44b6_c50204e0:184,184,28,0,c:65:1426:834,c:66:1991:838,c:66:2030:834,9.884489111734608,10.405076885828379,0.7519946808510638,0.21703561116458134,0.37226578621543543,0.34231499051233394,0.9195445920303605,0.7432197775591699,consensus,consensus,consensus,0
44b6_c50204e0,44b6_c50204e0:184,184,29,0,c:65:1426:834,c:66:1991:838,c:66:2043:869,13.595725431178728,8.75089281159357,0.9364881693648817,0.3641518737672584,0.6095749071399093,0.47491961414790995,0.7790996784565917,0.6250637722566835,consensus,consensus,consensus,0
44b6_c50204e0,44b6_c50204e0:184,184,30,0,c:65:1426:834,c:66:1991:838,p:66:2076,13.301198254292732,13.978778558944269,,,,,,0.9984841827817335,consensus,consensus,pilkwang_only,0
44b6_c50204e0,44b6_c50204e0:184,184,31,0,c:65:1426:834,c:66:1991:838,f:66:894,9.884489111734608,11.007476739013244,0.6695478723404256,0.20312118995366985,0.34378869170449855,0.33174034249303064,0.9649542015133413,0.786248338500946,consensus,consensus,focus_only,1
44b6_c50204e0,44b6_c50204e0:184,184,32,0,c:65:1426:834,c:66:2000:821,c:66:2030:834,9.75,6.700046641628698,0.9787798408488063,0.4703470031545741,0.6153528683450268,0.6662198391420912,0.9236483697895171,0.4785747601163356,consensus,consensus,consensus,0
44b6_c50204e0,44b6_c50204e0:184,184,33,0,c:65:1426:834,c:66:2000:821,c:66:2032:853,11.490485194281398,9.613629647536875,0.96512641673932,0.22949526813880125,0.3602971522905489,0.3873114463176575,0.9302517540239372,0.6866878319669196,consensus,consensus,consensus,0
44b6_c50204e0,44b6_c50204e0:184,184,34,0,c:65:1426:834,c:66:2000:821,c:66:2043:869,13.595725431178728,11.830178570080843,0.6892901618929016,0.1736745886654479,0.3136607511349567,0.2801326944342057,0.8931072613343163,0.8450127550057746,consensus,consensus,consensus,0
44b6_c50204e0,44b6_c50204e0:184,184,35,0,c:65:1426:834,c:66:2000:821,p:66:2076,13.301198254292732,13.595725431178728,,,,,,0.9711232450841949,consensus,consensus,pilkwang_only,0
44b6_c50204e0,44b6_c50204e0:184,184,36,0,c:65:1426:834,c:66:2000:821,c:66:2077:825,12.795262795269194,10.405076885828379,0.831081081081081,0.2737752161383285,0.4312835328105654,0.42845428454284545,0.993439934399344,0.7432197775591699,consensus,consensus,consensus,0
44b6_c50204e0,44b6_c50204e0:184,184,37,0,c:65:1426:834,c:66:2000:821,f:66:894,9.738629042995603,10.59122724215997,0.9096657633242999,0.17144332558739994,0.27404044572843583,0.3140964995269631,0.872472141972761,0.756516231582855,consensus,consensus,focus_only,1
44b6_c50204e0,44b6_c50204e0:184,184,38,0,c:65:1426:834,c:66:2030:834,c:66:2032:853,11.490485194281398,11.490485194281398,0.986050566695728,0.07402330363262509,0.13371853074700785,0.14223002633889376,0.9401568303755675,0.8207489424486712,consensus,consensus,consensus,0
44b6_c50204e0,44b6_c50204e0:184,184,39,0,c:65:1426:834,c:66:2030:834,c:66:2043:869,13.595725431178728,6.894291116568838,0.7042341220423413,0.44699943914750423,0.6578621543541064,0.5823894775301425,0.8852758494702229,0.4924493654692027,consensus,consensus,consensus,0
44b6_c50204e0,44b6_c50204e0:184,184,40,0,c:65:1426:834,c:66:2030:834,p:66:2076,13.301198254292732,12.481861840286488,,,,,,0.8915615600204634,consensus,consensus,pilkwang_only,0
44b6_c50204e0,44b6_c50204e0:184,184,41,0,c:65:1426:834,c:66:2030:834,c:66:2077:825,12.795262795269194,8.285906709588275,0.8490990990990991,0.34415405777166436,0.5163021048287247,0.5079171741778319,0.9837596427121397,0.5918504792563054,consensus,consensus,consensus,0
44b6_c50204e0,44b6_c50204e0:184,184,42,0,c:65:1426:834,c:66:2030:834,f:66:894,9.75,10.99287570170721,0.8903625110521662,0.09245508982035928,0.15930664465538588,0.18054256314312442,0.8823772183243912,0.7852054072648007,consensus,consensus,focus_only,1
44b6_c50204e0,44b6_c50204e0:184,184,43,0,c:65:1426:834,c:66:2032:853,c:66:2077:825,12.795262795269194,6.894291116568838,0.8611111111111112,0.417992479028059,0.596368138671069,0.5828963291649859,0.9774102460669625,0.4924493654692027,consensus,consensus,consensus,0
44b6_c50204e0,44b6_c50204e0:184,184,44,0,c:65:1426:834,c:66:2043:869,p:66:2076,13.595725431178728,11.375,,,,,,0.8125,consensus,consensus,pilkwang_only,0
44b6_c50204e0,44b6_c50204e0:184,184,45,0,c:65:1426:834,c:66:2043:869,c:66:2077:825,13.595725431178728,13.400093283257396,0.8293897882938979,0.08456402994133118,0.17251341312422616,0.14227365554799182,0.824710687542546,0.9571495202326712,consensus,consensus,consensus,0
44b6_c50204e0,44b6_c50204e0:184,184,46,0,c:65:1426:834,c:66:2043:869,f:66:894,13.595725431178728,10.718527505948135,0.6270236612702366,0.1993331745653727,0.3454395377631036,0.3203214695752009,0.9272866437045542,0.7656091075677239,consensus,consensus,focus_only,1
44b6_c50204e0,44b6_c50204e0:184,184,47,0,c:65:1426:834,p:66:2076,c:66:2077:825,13.301198254292732,12.691655723348314,,,,,,0.9065468373820224,consensus,pilkwang_only,consensus,0
44b6_c50204e0,44b6_c50204e0:184,184,48,0,c:65:1426:834,p:66:2076,f:66:894,13.301198254292732,3.931698591870423,,,,,,0.2808356137050302,consensus,pilkwang_only,focus_only,1
44b6_c50204e0,44b6_c50204e0:184,184,49,0,c:65:1426:834,c:66:2077:825,f:66:894,12.795262795269194,12.61632722823594,0.756006006006006,0.0223271790468012,0.04292199752373091,0.04446344591705857,0.9653322327692943,0.9011662305882815,consensus,consensus,focus_only,1
44b6_d5e7d891,44b6_d5e7d891:87,87,0,0,c:12:111:223,c:13:414:179,c:13:458:237,11.490485194281398,9.475296829123613,0.4434713375796178,0.37857554233058166,0.5547116736990154,0.543849972421401,0.980419194704909,0.6768069163659723,consensus,consensus,consensus,0
44b6_d5e7d891,44b6_d5e7d891:87,87,1,0,c:12:111:223,c:13:414:179,c:13:470:312,11.490485194281398,12.268480957314969,0.7929292929292929,0.17943805874840357,0.3952180028129395,0.24735915492957747,0.6258802816901409,0.8763200683796406,consensus,consensus,consensus,0
44b6_d5e7d891,44b6_d5e7d891:87,87,2,0,c:12:111:223,c:13:414:179,p:13:472,11.490485194281398,6.700046641628698,,,,,,0.4785747601163356,consensus,consensus,pilkwang_only,0
44b6_d5e7d891,44b6_d5e7d891:87,87,3,0,c:12:111:223,c:13:414:179,c:13:476:231,13.301198254292732,13.498263777241872,0.7635350318471338,0.06296592119275825,0.13305203938115331,0.10677200902934537,0.8024830699774267,0.9641616983744195,consensus,consensus,consensus,0
44b6_d5e7d891,44b6_d5e7d891:87,87,4,0,c:12:111:223,c:13:414:179,c:13:487:203,11.490485194281398,12.268480957314969,0.7157643312101911,0.1350844277673546,0.26329113924050634,0.217169373549884,0.8248259860788864,0.8763200683796406,consensus,consensus,consensus,0
44b6_d5e7d891,44b6_d5e7d891:87,87,5,0,c:12:111:223,c:13:414:179,f:13:255,11.490485194281398,12.46828290826195,0.05493630573248408,0.2497482376636455,0.3488045007032349,0.4679245283018868,0.7454289732770746,0.890591636304425,consensus,consensus,focus_only,1
44b6_d5e7d891,44b6_d5e7d891:87,87,6,0,c:12:111:223,c:13:458:237,c:13:470:312,11.490485194281398,13.498263777241872,0.35164141414141414,0.06106146764148389,0.12686357243319268,0.10532461466604391,0.8302195235871088,0.9641616983744195,consensus,consensus,consensus,0
44b6_d5e7d891,44b6_d5e7d891:87,87,7,0,c:12:111:223,c:13:458:237,p:13:472,11.490485194281398,7.44668550430324,,,,,,0.5319061074502314,consensus,consensus,pilkwang_only,0
44b6_d5e7d891,44b6_d5e7d891:87,87,8,0,c:12:111:223,c:13:458:237,c:13:487:203,11.490485194281398,11.830178570080843,0.6195773081201335,0.08107656302240053,0.13642756680731363,0.1665521978021978,0.8191279887482419,0.8450127550057746,consensus,consensus,consensus,0
44b6_d5e7d891,44b6_d5e7d891:87,87,9,0,c:12:111:223,c:13:458:237,p:13:526,11.490485194281398,10.405076885828379,,,,,,0.7432197775591699,consensus,consensus,pilkwang_only,0
44b6_d5e7d891,44b6_d5e7d891:87,87,10,0,c:12:111:223,c:13:458:237,f:13:255,11.490485194281398,6.1081294104026,0.12387791741472172,0.12813893452241257,0.15358649789029535,0.43610223642172524,0.3521800281293952,0.4362949578859,consensus,consensus,focus_only,1
44b6_d5e7d891,44b6_d5e7d891:87,87,11,0,c:12:111:223,c:13:470:312,p:13:472,10.65583760199075,9.192388155425117,,,,,,0.656599153958937,consensus,consensus,pilkwang_only,0
44b6_d5e7d891,44b6_d5e7d891:87,87,12,0,c:12:111:223,c:13:470:312,c:13:496:327,10.65583760199075,11.375,0.3734217171717172,0.13591954022988506,0.26610407876230663,0.21742128246380144,0.8170535509078373,0.8125,consensus,consensus,consensus,0
44b6_d5e7d891,44b6_d5e7d891:87,87,13,0,c:12:111:223,c:13:470:312,p:13:526,10.65583760199075,12.795262795269194,,,,,,0.9139473425192282,consensus,consensus,pilkwang_only,0
44b6_d5e7d891,44b6_d5e7d891:87,87,14,0,c:12:111:223,c:13:470:312,c:13:528:285,10.65583760199075,13.978778558944269,0.4053030303030303,0.04176424668227947,0.09029535864978903,0.07210242587601078,0.7985175202156334,0.9984841827817335,consensus,consensus,consensus,0
44b6_d5e7d891,44b6_d5e7d891:87,87,15,0,c:12:111:223,c:13:470:312,f:13:234,10.65583760199075,13.92351898903995,0.27146464646464646,0.07590805902383654,0.15049226441631505,0.13282025819265145,0.8825719960278053,0.9945370706457107,consensus,consensus,focus_only,1
44b6_d5e7d891,44b6_d5e7d891:87,87,16,0,c:12:111:223,c:13:470:312,f:13:255,10.65583760199075,10.546450110366857,0.043560606060606064,0.1145224171539961,0.19831223628691982,0.2132486388384755,0.929957805907173,0.7533178650262041,consensus,consensus,focus_only,1
44b6_d5e7d891,44b6_d5e7d891:87,87,17,0,c:12:111:223,p:13:472,c:13:476:231,13.301198254292732,13.400093283257396,,,,,,0.9571495202326712,consensus,pilkwang_only,consensus,0
44b6_d5e7d891,44b6_d5e7d891:87,87,18,0,c:12:111:223,p:13:472,c:13:487:203,10.900831390311474,10.531203634912773,,,,,,0.752228831065198,consensus,pilkwang_only,consensus,0
44b6_d5e7d891,44b6_d5e7d891:87,87,19,0,c:12:111:223,p:13:472,c:13:496:327,10.017172754824587,12.268480957314969,,,,,,0.8763200683796406,consensus,pilkwang_only,consensus,0
44b6_d5e7d891,44b6_d5e7d891:87,87,20,0,c:12:111:223,p:13:472,p:13:526,8.75089281159357,10.017172754824587,,,,,,0.7155123396303277,consensus,pilkwang_only,pilkwang_only,0
44b6_d5e7d891,44b6_d5e7d891:87,87,21,1,c:12:111:223,p:13:472,c:13:528:285,6.700046641628698,11.490485194281398,,,,,,0.8207489424486712,consensus,pilkwang_only,consensus,0
44b6_d5e7d891,44b6_d5e7d891:87,87,22,0,c:12:111:223,p:13:472,c:13:551:244,8.285906709588275,13.498263777241872,,,,,,0.9641616983744195,consensus,pilkwang_only,consensus,0
44b6_d5e7d891,44b6_d5e7d891:87,87,23,0,c:12:111:223,p:13:472,f:13:234,5.411502325507226,10.1927798170382,,,,,,0.7280557012170144,consensus,pilkwang_only,focus_only,1
44b6_d5e7d891,44b6_d5e7d891:87,87,24,0,c:12:111:223,p:13:472,f:13:255,8.771416924191511,7.14078034870336,,,,,,0.5100557391930971,consensus,pilkwang_only,focus_only,1
44b6_d5e7d891,44b6_d5e7d891:87,87,25,0,c:12:111:223,c:13:473:299,c:13:496:327,13.978778558944269,6.080193253507654,0.7398373983739838,0.24916223142124974,0.35555555555555557,0.4543493889288282,0.7825597749648383,0.4342995181076896,consensus,consensus,consensus,0
44b6_d5e7d891,44b6_d5e7d891:87,87,26,0,c:12:111:223,c:13:473:299,c:13:528:285,13.978778558944269,10.900831390311474,0.8030018761726079,0.19156024430871738,0.2911392405063291,0.3590010405827263,0.810970464135021,0.7786308135936767,consensus,consensus,consensus,0
44b6_d5e7d891,44b6_d5e7d891:87,87,27,0,c:12:111:223,c:13:473:299,c:13:544:340,13.978778558944269,13.101168840985142,0.5658174097664543,0.22637159981558322,0.41434599156118146,0.3328813559322034,0.8033898305084746,0.9357977743560816,consensus,consensus,consensus,0
44b6_d5e7d891,44b6_d5e7d891:87,87,28,0,c:12:111:223,c:13:476:231,c:13:487:203,13.301198254292732,6.080193253507654,0.9374348279457768,0.3974630021141649,0.5817158931082982,0.5565123789020452,0.9566738428417654,0.4342995181076896,consensus,consensus,consensus,0
44b6_d5e7d891,44b6_d5e7d891:87,87,29,0,c:12:111:223,c:13:476:231,c:13:546:246,13.498263777241872,13.978778558944269,0.8196037539103233,0.13867787295943107,0.24135021097046414,0.24584527220630373,0.9817158931082982,0.9984841827817335,consensus,consensus,consensus,0
44b6_d5e7d891,44b6_d5e7d891:87,87,30,0,c:12:111:223,c:13:487:203,f:13:234,10.900831390311474,13.163694713456648,0.4783092324805339,0.07491349480968858,0.12180028129395218,0.16290443942814145,0.7476793248945147,0.9402639081040463,consensus,consensus,focus_only,1
44b6_d5e7d891,44b6_d5e7d891:87,87,31,0,c:12:111:223,c:13:487:203,f:13:255,10.900831390311474,13.889720578126404,0.07675194660734148,0.013099630996309963,0.019971870604781998,0.03667355371900827,0.5445850914205345,0.9921228984376003,consensus,consensus,focus_only,1
44b6_d5e7d891,44b6_d5e7d891:87,87,32,0,c:12:111:223,c:13:496:327,c:13:528:285,10.017172754824587,7.083210783253595,0.9213395638629284,0.23934966042395556,0.3271448663853727,0.4714227807053101,0.6939521800281294,0.5059436273752568,consensus,consensus,consensus,0
44b6_d5e7d891,44b6_d5e7d891:87,87,33,0,c:12:111:223,c:13:496:327,c:13:544:340,13.101168840985142,8.443747686898277,0.4186128803963199,0.4196696696696697,0.6289732770745429,0.557745073584435,0.8867548016961836,0.6031248347784484,consensus,consensus,consensus,0
44b6_d5e7d891,44b6_d5e7d891:87,87,34,0,c:12:111:223,c:13:496:327,c:13:551:244,10.017172754824587,13.788582233137676,0.9137785291631445,0.09482596425211665,0.14177215189873418,0.2226148409893993,0.6368495077355837,0.9848987309384054,consensus,consensus,consensus,0
44b6_d5e7d891,44b6_d5e7d891:87,87,35,0,c:12:111:223,c:13:496:327,f:13:234,10.017172754824587,13.043074206050942,0.7269653423499577,0.07902852737085582,0.11533052039381153,0.20068526676456191,0.5746835443037974,0.9316481575750674,consensus,consensus,focus_only,1
44b6_d5e7d891,44b6_d5e7d891:87,87,36,0,c:12:111:223,p:13:526,c:13:528:285,8.75089281159357,13.788582233137676,,,,,,0.9848987309384054,consensus,pilkwang_only,consensus,0
44b6_d5e7d891,44b6_d5e7d891:87,87,37,0,c:12:111:223,p:13:526,c:13:551:244,8.75089281159357,10.65583760199075,,,,,,0.7611312572850536,consensus,pilkwang_only,consensus,0
44b6_d5e7d891,44b6_d5e7d891:87,87,38,0,c:12:111:223,p:13:526,f:13:234,8.75089281159357,7.2375513769164375,,,,,,0.5169679554940313,consensus,pilkwang_only,focus_only,1
44b6_d5e7d891,44b6_d5e7d891:87,87,39,0,c:12:111:223,p:13:526,f:13:255,8.771416924191511,4.901021583024165,,,,,,0.3500729702160118,consensus,pilkwang_only,focus_only,1
44b6_d5e7d891,44b6_d5e7d891:87,87,40,0,c:12:111:223,c:13:528:285,c:13:544:340,13.101168840985142,7.960841664045329,0.4543524416135881,0.2368888171695982,0.4129395218002813,0.35717761557177613,0.864963503649635,0.5686315474318092,consensus,consensus,consensus,0
44b6_d5e7d891,44b6_d5e7d891:87,87,41,0,c:12:111:223,c:13:528:285,c:13:546:246,13.498263777241872,8.900491559458949,0.816793893129771,0.21168021168021167,0.3150492264416315,0.39215686274509803,0.8033755274261604,0.6357493971042106,consensus,consensus,consensus,0
44b6_d5e7d891,44b6_d5e7d891:87,87,42,0,c:12:111:223,c:13:528:285,c:13:551:244,8.285906709588275,7.083210783253595,0.8419003115264797,0.37482582443102647,0.4540084388185654,0.6824524312896406,0.6652601969057665,0.5059436273752568,consensus,consensus,consensus,0
44b6_d5e7d891,44b6_d5e7d891:87,87,43,0,c:12:111:223,c:13:528:285,f:13:234,6.700046641628698,7.412971979390311,0.6697819314641744,0.2689824092629704,0.339803094233474,0.5634328358208955,0.6030942334739803,0.5294979985278794,consensus,consensus,focus_only,1
44b6_d5e7d891,44b6_d5e7d891:87,87,44,0,c:12:111:223,c:13:544:340,c:13:546:246,13.498263777241872,13.978778558944269,0.5562632696390658,0.024475074069303104,0.053445850914205346,0.04320145520691223,0.8083219645293315,0.9984841827817335,consensus,consensus,consensus,0
44b6_d5e7d891,44b6_d5e7d891:87,87,45,0,c:12:111:223,c:13:544:340,c:13:551:244,13.101168840985142,11.604821196382131,0.38251946213729654,0.12549019607843137,0.2340365682137834,0.21295111338622985,0.9099052981827489,0.8289157997415808,consensus,consensus,consensus,0
44b6_d5e7d891,44b6_d5e7d891:87,87,46,0,c:12:111:223,c:13:544:340,f:13:234,13.101168840985142,12.543313426155018,0.3043170559094126,0.09314613526570048,0.17355836849507736,0.1673901247965274,0.9644601193705914,0.8959509590110727,consensus,consensus,focus_only,1
44b6_d5e7d891,44b6_d5e7d891:87,87,47,0,c:12:111:223,c:13:546:246,c:13:551:244,13.498263777241872,10.405076885828379,0.6876590330788804,0.2478391959798995,0.3468354430379747,0.4647568790049001,0.7462728551336146,0.7432197775591699,consensus,consensus,consensus,0
44b6_d5e7d891,44b6_d5e7d891:87,87,48,0,c:12:111:223,c:13:546:246,f:13:234,13.498263777241872,12.86076843296745,0.5470737913486005,0.06796289689618266,0.10717299578059072,0.15666118421052633,0.6841068917018284,0.9186263166405322,consensus,consensus,focus_only,1
44b6_d5e7d891,44b6_d5e7d891:87,87,49,0,c:12:111:223,c:13:551:244,f:13:234,8.285906709588275,3.8287848739294055,0.7955596669750231,0.33430444282592864,0.38734177215189874,0.7094281298299846,0.5459915611814345,0.27348463385210037,consensus,consensus,focus_only,1
44b6_d5e7d891,44b6_d5e7d891:87,87,50,0,c:12:111:223,c:13:551:244,f:13:255,8.771416924191511,13.950204821077799,0.1276595744680851,0.007598142676234698,0.010126582278481013,0.029532403609515995,0.3428973277074543,0.9964432015055571,consensus,consensus,focus_only,1
44b6_d5e7d891,44b6_d5e7d891:87,87,51,0,c:12:111:223,f:13:234,f:13:255,8.771416924191511,10.145705503151925,0.16046511627906976,0.12170485341217048,0.1389592123769339,0.49498997995991983,0.2807313642756681,0.7246932502251375,consensus,focus_only,focus_only,1
44b6_d5e7d891,44b6_d5e7d891:455,455,0,0,c:47:896:108,c:48:1353:92,c:48:1354:406,12.795262795269194,11.490485194281398,0.15873893805309736,0.09756909756909757,0.24396336386344714,0.13985680190930788,0.5732696897374702,0.8207489424486712,consensus,consensus,consensus,0
44b6_d5e7d891,44b6_d5e7d891:455,455,1,0,c:47:896:108,c:48:1353:92,c:48:1373:383,12.795262795269194,10.900831390311474,0.6545907079646017,0.2799572584338269,0.7635303913405496,0.3065351830185526,0.401470834029751,0.7786308135936767,consensus,consensus,consensus,0
44b6_d5e7d891,44b6_d5e7d891:455,455,2,0,c:47:896:108,c:48:1353:92,c:48:1411:165,12.795262795269194,13.595725431178728,0.4269911504424779,0.12013035105910236,0.3376353039134055,0.1571705426356589,0.46550387596899223,0.9711232450841949,consensus,consensus,consensus,0
44b6_d5e7d891,44b6_d5e7d891:455,455,3,0,c:47:896:108,c:48:1353:92,c:48:1436:113,12.795262795269194,12.481861840286488,0.38523230088495575,0.2983531885073581,0.708992506244796,0.33998802156118985,0.4795368336993412,0.8915615600204634,consensus,consensus,consensus,0
44b6_d5e7d891,44b6_d5e7d891:455,455,4,0,c:47:896:108,c:48:1353:92,f:48:145,12.795262795269194,11.749824322671259,0.10591814159292036,0.1794730053436521,0.4054954204829309,0.24356089022255564,0.6006501625406352,0.8392731659050899,consensus,consensus,focus_only,1
44b6_d5e7d891,44b6_d5e7d891:455,455,5,0,c:47:896:108,c:48:1353:92,f:48:157,12.795262795269194,11.003008876257308,0.03290929203539823,0.17274985667876935,0.37635303913405493,0.24203480589022758,0.6431057563587684,0.7859292054469506,consensus,consensus,focus_only,1
44b6_d5e7d891,44b6_d5e7d891:455,455,6,0,c:47:896:108,c:48:1354:406,c:48:1373:383,11.830178570080843,8.75089281159357,0.24250105618926912,0.1915700267618198,0.35761865112406327,0.29207752465147907,0.8167290037402244,0.6250637722566835,consensus,consensus,consensus,0
44b6_d5e7d891,44b6_d5e7d891:455,455,7,0,c:47:896:108,c:48:1354:406,c:48:1404:427,13.788582233137676,11.718041645257966,0.7592592592592593,0.12749244712990937,0.17568692756036636,0.3172932330827068,0.5537052456286428,0.8370029746612833,consensus,consensus,consensus,0
44b6_d5e7d891,44b6_d5e7d891:455,455,8,0,c:47:896:108,c:48:1354:406,c:48:1412:135,10.779030568655049,9.475296829123613,0.4050811573747354,0.3348526283804315,0.4587843463780183,0.5534907081868408,0.8288925895087427,0.6768069163659723,consensus,consensus,consensus,0
44b6_d5e7d891,44b6_d5e7d891:455,455,9,0,c:47:896:108,c:48:1354:406,c:48:1436:113,10.779030568655049,13.498263777241872,0.4120603015075377,0.11596424010217114,0.18900915903413823,0.2308083375699034,0.8189009159034139,0.9641616983744195,consensus,consensus,consensus,0
44b6_d5e7d891,44b6_d5e7d891:455,455,10,0,c:47:896:108,c:48:1354:406,f:48:157,12.465726185465376,13.974697705841534,0.2073170731707317,0.0032414910858995136,0.004163197335553705,0.01443001443001443,0.2885095753538718,0.9981926932743953,consensus,consensus,focus_only,1
44b6_d5e7d891,44b6_d5e7d891:455,455,11,0,c:47:896:108,c:48:1373:383,c:48:1404:427,13.788582233137676,6.700046641628698,0.3193916349809886,0.31391200951248516,0.5495420482930891,0.42267050912584053,0.7691322446365674,0.4785747601163356,consensus,consensus,consensus,0
44b6_d5e7d891,44b6_d5e7d891:455,455,12,0,c:47:896:108,c:48:1373:383,c:48:1412:135,11.830178570080843,13.301198254292732,0.5986480777355302,0.05347411444141689,0.13072439633638636,0.08298097251585623,0.6347780126849895,0.950085589592338,consensus,consensus,consensus,0
44b6_d5e7d891,44b6_d5e7d891:455,455,13,0,c:47:896:108,c:48:1373:383,c:48:1436:113,11.830178570080843,12.795262795269194,0.5885086607520068,0.2070519098922625,0.44004995836802663,0.28111702127659577,0.6388297872340426,0.9139473425192282,consensus,consensus,consensus,0
44b6_d5e7d891,44b6_d5e7d891:455,455,14,0,c:47:896:108,c:48:1373:383,c:48:1449:420,11.830178570080843,11.941262496067994,0.46261089987325726,0.2904929577464789,0.5495420482930891,0.38128249566724437,0.6938186019641825,0.8529473211477139,consensus,consensus,consensus,0
44b6_d5e7d891,44b6_d5e7d891:455,455,15,0,c:47:896:108,c:48:1373:383,f:48:446,11.830178570080843,12.938348265496284,0.10519645120405577,0.1846081208687441,0.32556203164029973,0.2989296636085627,0.9181957186544343,0.9241677332497346,consensus,consensus,focus_only,1
44b6_d5e7d891,44b6_d5e7d891:455,455,16,0,c:47:896:108,c:48:1404:427,c:48:1449:420,13.788582233137676,12.481861840286488,0.6904109589041096,0.069937106918239,0.115736885928393,0.1501890869800108,0.7706078268109908,0.8915615600204634,consensus,consensus,consensus,0
44b6_d5e7d891,44b6_d5e7d891:455,455,17,0,c:47:896:108,c:48:1404:427,f:48:446,13.788582233137676,9.443180916896093,0.32936507936507936,0.35037653586999606,0.3680266444629475,0.8796019900497513,0.4184013322231474,0.6745129226354353,consensus,consensus,focus_only,1
44b6_d5e7d891,44b6_d5e7d891:455,455,18,0,c:47:896:108,c:48:1411:165,c:48:1412:135,8.900491559458949,9.192388155425117,0.9177461139896373,0.18650442477876106,0.35095753538717733,0.2847011144883485,0.8112124282337049,0.656599153958937,consensus,consensus,consensus,0
44b6_d5e7d891,44b6_d5e7d891:455,455,19,0,c:47:896:108,c:48:1411:165,c:48:1434:154,13.201562407533435,7.621925609713073,0.9319948186528497,0.3332508046546175,0.5603663613655288,0.4512236004022796,0.8052296345960442,0.544423257836648,consensus,consensus,consensus,0
44b6_d5e7d891,44b6_d5e7d891:455,455,20,0,c:47:896:108,c:48:1411:165,c:48:1436:113,8.900491559458949,8.75089281159357,0.9022020725388601,0.2468472676319477,0.44004995836802663,0.3598910452843037,0.8178413346952673,0.6250637722566835,consensus,consensus,consensus,0
44b6_d5e7d891,44b6_d5e7d891:455,455,21,0,c:47:896:108,c:48:1411:165,c:48:1455:152,13.498263777241872,10.900831390311474,0.33678756476683935,0.19539614561027838,0.3039134054954205,0.3536821705426357,0.8592839300582847,0.7786308135936767,consensus,consensus,consensus,0
44b6_d5e7d891,44b6_d5e7d891:455,455,22,0,c:47:896:108,c:48:1411:165,c:48:1456:110,9.75,10.017172754824587,0.8134715025906736,0.3083501006036217,0.5104079933388843,0.43785714285714283,0.8578571428571429,0.7155123396303277,consensus,consensus,consensus,0
44b6_d5e7d891,44b6_d5e7d891:455,455,23,0,c:47:896:108,c:48:1411:165,c:48:1470:111,10.779030568655049,13.978778558944269,0.9546632124352331,0.23406193078324225,0.4279766860949209,0.340622929092114,0.7958913187541418,0.9984841827817335,consensus,consensus,consensus,0
44b6_d5e7d891,44b6_d5e7d891:455,455,24,0,c:47:896:108,c:48:1411:165,f:48:145,10.91242566907508,4.052672160408087,0.24805699481865284,0.4324950363997353,0.5441298917568693,0.6782563570316554,0.802248126561199,0.2894765828862919,consensus,consensus,focus_only,1
44b6_d5e7d891,44b6_d5e7d891:455,455,25,0,c:47:896:108,c:48:1411:165,f:48:157,12.465726185465376,6.571062463104602,0.07707253886010362,0.2703125,0.3601165695253955,0.5201443174984967,0.6923397169025812,0.4693616045074716,consensus,consensus,focus_only,1
44b6_d5e7d891,44b6_d5e7d891:455,455,26,0,c:47:896:108,c:48:1412:135,c:48:1434:154,13.201562407533435,11.941262496067994,0.9847116052814454,0.12953813104189044,0.25104079933388845,0.2111344537815126,0.8410364145658263,0.8529473211477139,consensus,consensus,consensus,0
44b6_d5e7d891,44b6_d5e7d891:455,455,27,1,c:47:896:108,c:48:1412:135,c:48:1436:113,3.9804208320226646,7.44668550430324,0.9830628087508821,0.18616294947655895,0.3405495420482931,0.2911032028469751,0.8548042704626334,0.5319061074502314,consensus,consensus,consensus,0
44b6_d5e7d891,44b6_d5e7d891:455,455,28,0,c:47:896:108,c:48:1412:135,c:48:1455:152,13.498263777241872,12.691655723348314,0.3669724770642202,0.1278918637899662,0.2048293089092423,0.25400103252452244,0.8064113238967527,0.9065468373820224,consensus,consensus,consensus,0
44b6_d5e7d891,44b6_d5e7d891:455,455,29,0,c:47:896:108,c:48:1412:135,c:48:1456:110,9.75,12.795262795269194,0.8863796753705011,0.028368794326241134,0.058284762697751874,0.052375607931163484,0.8986157875046764,0.9139473425192282,consensus,consensus,consensus,0
44b6_d5e7d891,44b6_d5e7d891:455,455,30,0,c:47:896:108,c:48:1412:135,c:48:1470:111,10.779030568655049,11.490485194281398,0.9613297150610584,0.3366161616161616,0.5549542048293089,0.46108612936700105,0.8308543756485645,0.8207489424486712,consensus,consensus,consensus,0
44b6_d5e7d891,44b6_d5e7d891:455,455,31,0,c:47:896:108,c:48:1412:135,f:48:145,10.91242566907508,10.687876092724323,0.2702893436838391,0.12684365781710916,0.19691923397169026,0.2627777777777778,0.7493755203996669,0.7634197209088802,consensus,consensus,focus_only,1
44b6_d5e7d891,44b6_d5e7d891:455,455,32,0,c:47:896:108,c:48:1412:135,f:48:157,12.465726185465376,12.004147415428273,0.0839802399435427,0.08604522890237176,0.1298917568692756,0.203125,0.6394671107410491,0.8574391011020195,consensus,consensus,focus_only,1
44b6_d5e7d891,44b6_d5e7d891:455,455,33,0,c:47:896:108,c:48:1412:135,f:48:446,11.335171065238786,13.087484725556719,0.17572335920959775,0.11086837793555435,0.16902581182348042,0.24369747899159663,0.6935886761032473,0.9348203375397656,consensus,consensus,focus_only,1
44b6_d5e7d891,44b6_d5e7d891:455,455,34,0,c:47:896:108,c:48:1434:154,c:48:1436:113,13.201562407533435,13.884006086140989,0.9680333564975677,0.0026819923371647508,0.005828476269775187,0.0049435028248587575,0.8481638418079096,0.9917147204386421,consensus,consensus,consensus,0
44b6_d5e7d891,44b6_d5e7d891:455,455,35,0,c:47:896:108,c:48:1434:154,c:48:1455:152,13.498263777241872,5.3895152843275245,0.3613620569840167,0.37701294600568364,0.4970857618651124,0.6094946401225115,0.8155703580349709,0.384965377451966,consensus,consensus,consensus,0
44b6_d5e7d891,44b6_d5e7d891:455,455,36,0,c:47:896:108,c:48:1434:154,c:48:1456:110,13.201562407533435,13.595725431178728,0.8728283530229326,0.006715386134702746,0.014154870940882597,0.01261595547309833,0.8912801484230055,0.9711232450841949,consensus,consensus,consensus,0
44b6_d5e7d891,44b6_d5e7d891:455,455,37,0,c:47:896:108,c:48:1434:154,c:48:1470:111,13.201562407533435,12.795262795269194,0.9762550881953868,0.1435025817555938,0.27768526228143214,0.22897356676965328,0.8245794713353931,0.9139473425192282,consensus,consensus,consensus,0
44b6_d5e7d891,44b6_d5e7d891:455,455,38,0,c:47:896:108,c:48:1434:154,f:48:145,13.201562407533435,10.135096956353276,0.2661570535093815,0.2474896633195511,0.3488759367194005,0.45993413830954993,0.7585345545378851,0.7239354968823769,consensus,consensus,focus_only,1
44b6_d5e7d891,44b6_d5e7d891:455,455,39,0,c:47:896:108,c:48:1434:154,f:48:157,13.201562407533435,12.186689060420262,0.08269631688672689,0.18244252015527024,0.2543713572023314,0.3921694480102696,0.6486261448792673,0.8704777900300187,consensus,consensus,focus_only,1
44b6_d5e7d891,44b6_d5e7d891:455,455,40,0,c:47:896:108,c:48:1436:113,c:48:1449:420,10.65583760199075,8.900491559458949,0.7860732232591529,0.2519201228878648,0.4096586178184846,0.3954983922829582,0.9654340836012861,0.6357493971042106,consensus,consensus,consensus,0
44b6_d5e7d891,44b6_d5e7d891:455,455,41,0,c:47:896:108,c:48:1436:113,c:48:1455:152,13.498263777241872,13.978778558944269,0.37329504666188085,0.0032550569634968614,0.005828476269775187,0.007318348144276007,0.7964196502914238,0.9984841827817335,consensus,consensus,consensus,0
44b6_d5e7d891,44b6_d5e7d891:455,455,42,0,c:47:896:108,c:48:1436:113,c:48:1456:110,9.75,6.700046641628698,0.9016511127063891,0.4606709080393291,0.6631973355537052,0.6013590033975085,0.9067572668931673,0.4785747601163356,consensus,consensus,consensus,0
44b6_d5e7d891,44b6_d5e7d891:455,455,43,0,c:47:896:108,c:48:1436:113,c:48:1470:111,10.779030568655049,10.900831390311474,0.9450474898236092,0.18484371486395323,0.34221482098251454,0.2867108475758633,0.8378095570282525,0.7786308135936767,consensus,consensus,consensus,0
44b6_d5e7d891,44b6_d5e7d891:455,455,44,0,c:47:896:108,c:48:1436:113,c:48:1485:409,13.201562407533435,12.691655723348314,0.7991967871485943,0.2350579839429081,0.43880099916736054,0.3360969387755102,0.7659438775510204,0.9065468373820224,consensus,consensus,consensus,0
44b6_d5e7d891,44b6_d5e7d891:455,455,45,0,c:47:896:108,c:48:1436:113,f:48:145,10.91242566907508,11.193437925240927,0.27494615936826994,0.158624514697726,0.23813488759367193,0.32207207207207206,0.7393838467943381,0.799531280374352,consensus,consensus,focus_only,1
44b6_d5e7d891,44b6_d5e7d891:455,455,46,0,c:47:896:108,c:48:1436:113,f:48:157,12.465726185465376,12.965695953472297,0.08542713567839195,0.11383039271485487,0.16652789342214822,0.26455026455026454,0.6294754371357202,0.9261211395337355,consensus,consensus,focus_only,1
44b6_d5e7d891,44b6_d5e7d891:455,455,47,0,c:47:896:108,c:48:1436:113,f:48:446,11.335171065238786,12.049873712694305,0.17875089734386218,0.14886363636363636,0.21815154038301415,0.31912302070645554,0.6835970024979184,0.8607052651924504,consensus,consensus,focus_only,1
44b6_d5e7d891,44b6_d5e7d891:455,455,48,0,c:47:896:108,c:48:1449:420,c:48:1456:110,10.65583760199075,11.604821196382131,0.8718152866242038,0.1035523566287439,0.18567860116569526,0.18970650786899193,0.9787676935886761,0.8289157997415808,consensus,consensus,consensus,0
44b6_d5e7d891,44b6_d5e7d891:455,455,49,0,c:47:896:108,c:48:1449:420,c:48:1485:409,13.201562407533435,9.334914300624297,0.6282271944922547,0.21352477999073646,0.38384679433805163,0.324876673713883,0.8463706835799859,0.6667795929017355,consensus,consensus,consensus,0
44b6_d5e7d891,44b6_d5e7d891:455,455,50,0,c:47:896:108,c:48:1449:420,f:48:446,11.335171065238786,8.265857108665571,0.2273972602739726,0.13172205438066464,0.18151540383014156,0.3244047619047619,0.559533721898418,0.5904183649046837,consensus,consensus,focus_only,1
44b6_d5e7d891,44b6_d5e7d891:455,455,51,0,c:47:896:108,c:48:1455:152,c:48:1456:110,13.498263777241872,12.691655723348314,0.4140127388535032,0.0028804608737397984,0.004995836802664446,0.006756756756756757,0.7393838467943381,0.9065468373820224,consensus,consensus,consensus,0
44b6_d5e7d891,44b6_d5e7d891:455,455,52,0,c:47:896:108,c:48:1455:152,c:48:1470:111,13.498263777241872,8.75089281159357,0.35278154681139756,0.28312901342673674,0.4038301415487094,0.4864593781344032,0.8301415487094088,0.6250637722566835,consensus,consensus,consensus,0
44b6_d5e7d891,44b6_d5e7d891:455,455,53,0,c:47:896:108,c:48:1456:110,c:48:1470:111,10.779030568655049,10.277402395547233,0.8521031207598372,0.09075451647183846,0.1777685262281432,0.1564102564102564,0.8798534798534798,0.7341001711105166,consensus,consensus,consensus,0
44b6_d5e7d891,44b6_d5e7d891:455,455,54,0,c:47:896:108,c:48:1456:110,c:48:1485:409,13.201562407533435,13.595725431178728,0.7205966724039014,0.0414577709217123,0.08950874271440466,0.07169056352117373,0.8009336445481827,0.9711232450841949,consensus,consensus,consensus,0
44b6_d5e7d891,44b6_d5e7d891:455,455,55,0,c:47:896:108,c:48:1456:110,f:48:145,10.91242566907508,13.46289278313314,0.3049363057324841,0.14023702031602708,0.20691090757701916,0.30323367907260523,0.6823480432972523,0.9616351987952243,consensus,consensus,focus_only,1
44b6_d5e7d891,44b6_d5e7d891:455,455,56,0,c:47:896:108,c:48:1470:111,c:48:1485:409,13.201562407533435,10.017172754824587,0.8456683878370626,0.14767156862745098,0.3009991673605329,0.224743549891203,0.7466583773702207,0.7155123396303277,consensus,consensus,consensus,0
44b6_d5e7d891,44b6_d5e7d891:455,455,57,0,c:47:896:108,c:48:1470:111,f:48:446,11.335171065238786,13.329355593880228,0.1689280868385346,0.03073463268365817,0.05120732722731058,0.0713871154962275,0.7173189009159034,0.952096828134302,consensus,consensus,focus_only,1
44b6_d5e7d891,44b6_d5e7d891:455,455,58,0,c:47:896:108,c:48:1485:409,f:48:446,13.201562407533435,6.771844017807835,0.14285714285714285,0.43127035830618893,0.5512073272273106,0.6646586345381527,0.829308909242298,0.48370314412913107,consensus,consensus,focus_only,1
44b6_d5e7d891,44b6_d5e7d891:455,455,59,0,c:47:896:108,f:48:145,f:48:157,12.465726185465376,2.5292035400571926,0.31070496083550914,0.19309778142974526,0.19567027477102414,0.9362549800796812,0.208992506244796,0.1806573957183709,consensus,focus_only,focus_only,1
44b6_eb2880fc,44b6_eb2880fc:282,282,0,0,c:72:89:233,c:73:431:234,c:73:444:248,12.795262795269194,12.691655723348314,0.5962761126248864,0.09707158351409978,0.21025841816758026,0.15277382645803697,0.7266002844950213,0.9065468373820224,consensus,consensus,consensus,0
44b6_eb2880fc,44b6_eb2880fc:282,282,1,0,c:72:89:233,c:73:431:234,c:73:458:247,12.795262795269194,12.160386507015309,0.5126903553299492,0.22112462006079028,0.4557556773688332,0.3004646360351058,0.6592669075890553,0.8685990362153791,consensus,consensus,consensus,0
44b6_eb2880fc,44b6_eb2880fc:282,282,2,0,c:72:89:233,c:73:431:234,c:73:467:233,13.788582233137676,13.978778558944269,0.3256448412698413,0.10599271912629515,0.29639780736100235,0.14162768942937323,0.47782974742750234,0.9984841827817335,consensus,consensus,consensus,0
44b6_eb2880fc,44b6_eb2880fc:282,282,3,0,c:72:89:233,c:73:431:234,f:73:280,12.866907529192318,8.21371802032822,0.1706016755521706,0.3718980549966465,0.4342208300704777,0.7215354586857514,0.6018010963194989,0.5866941443091586,consensus,consensus,focus_only,1
44b6_eb2880fc,44b6_eb2880fc:282,282,4,0,c:72:89:233,c:73:444:248,c:73:458:247,12.691655723348314,11.375,0.8598203826630223,0.18609174906792025,0.4494909945184025,0.24102456435019945,0.5362166701658618,0.8125,consensus,consensus,consensus,0
44b6_eb2880fc,44b6_eb2880fc:282,282,5,0,c:72:89:233,c:73:444:248,c:73:466:251,12.691655723348314,6.700046641628698,0.8564940962761126,0.475672072872695,0.8382928739232577,0.5237279843444227,0.6247553816046967,0.4785747601163356,consensus,consensus,consensus,0
44b6_eb2880fc,44b6_eb2880fc:282,282,6,0,c:72:89:233,c:73:444:248,f:73:280,12.866907529192318,13.420734420223763,0.10172570390554042,0.06615285806037251,0.12098668754894283,0.12737015663643858,0.9498825371965545,0.9586238871588402,consensus,consensus,focus_only,1
44b6_eb2880fc,44b6_eb2880fc:282,282,7,0,c:72:89:233,c:73:458:247,c:73:459:246,12.481861840286488,13.884006086140989,0.4919953143303397,0.05076644140431844,0.12059514487079091,0.08060717089767076,0.6684114106254907,0.9917147204386421,consensus,consensus,consensus,0
44b6_eb2880fc,44b6_eb2880fc:282,282,8,0,c:72:89:233,c:73:458:247,c:73:466:251,11.718041645257966,11.02128622257856,0.7364310816087466,0.12882940986778457,0.3128425998433829,0.1796716887789521,0.5743197661344727,0.7872347301841829,consensus,consensus,consensus,0
44b6_eb2880fc,44b6_eb2880fc:282,282,9,0,c:72:89:233,c:73:458:247,c:73:484:228,7.083210783253595,9.334914300624297,0.4994142912924639,0.4301051218966674,0.7529365700861393,0.50078125,0.6651041666666667,0.6667795929017355,consensus,consensus,consensus,0
44b6_eb2880fc,44b6_eb2880fc:282,282,10,0,c:72:89:233,c:73:458:247,c:73:495:219,11.830178570080843,13.101168840985142,0.7364310816087466,0.16761174116077385,0.39350039154267813,0.22599505284461435,0.5743197661344727,0.9357977743560816,consensus,consensus,consensus,0
44b6_eb2880fc,44b6_eb2880fc:282,282,11,0,c:72:89:233,c:73:458:247,f:73:261,7.669771165108002,8.814060548683802,0.11050370948848107,0.3338275265628861,0.528974158183242,0.4750351617440225,0.8980309423347398,0.6295757534774145,consensus,consensus,focus_only,1
44b6_eb2880fc,44b6_eb2880fc:282,282,12,0,c:72:89:233,c:73:458:247,f:73:271,9.000839983955297,9.348302202622977,0.394767668879344,0.2316043425814234,0.4510571652310102,0.322508398656215,0.7150055991041433,0.6677358716159268,consensus,consensus,focus_only,1
44b6_eb2880fc,44b6_eb2880fc:282,282,13,0,c:72:89:233,c:73:458:247,f:73:274,9.091290614640144,10.28495003230628,0.1780554470909801,0.2716274823099749,0.4659357870007831,0.39443155452436196,0.846536294332118,0.7346392880218772,consensus,consensus,focus_only,1
44b6_eb2880fc,44b6_eb2880fc:282,282,14,0,c:72:89:233,c:73:458:247,f:73:277,6.695250892148071,7.084659600414911,0.4014057008980867,0.44813767090994816,0.7443226311667972,0.529674003900808,0.7116188353301756,0.5060471143153508,consensus,consensus,focus_only,1
44b6_eb2880fc,44b6_eb2880fc:282,282,15,0,c:72:89:233,c:73:458:247,f:73:280,12.866907529192318,13.409310618451174,0.08746583365872707,0.13789428815004262,0.2533281127642913,0.23231597845601437,0.9170556552962298,0.957807901317941,consensus,consensus,focus_only,1
44b6_eb2880fc,44b6_eb2880fc:282,282,16,0,c:72:89:233,c:73:459:246,c:73:484:228,12.481861840286488,11.258330249197702,0.9851446442533229,0.10982784920461974,0.19733750978856696,0.19850334777471446,0.9941268598277212,0.8041664463712644,consensus,consensus,consensus,0
44b6_eb2880fc,44b6_eb2880fc:282,282,17,0,c:72:89:233,c:73:459:246,f:73:265,13.627867374525103,12.064872826063903,0.773955773955774,0.13398624713481974,0.2517619420516836,0.2226454293628809,0.8843490304709142,0.8617766304331359,consensus,consensus,focus_only,1
44b6_eb2880fc,44b6_eb2880fc:282,282,18,0,c:72:89:233,c:73:459:246,f:73:271,12.481861840286488,9.946033015909595,0.8023809523809524,0.19549058473736372,0.30892717306186374,0.3474240422721268,0.889193422083007,0.7104309297078283,consensus,consensus,focus_only,1
44b6_eb2880fc,44b6_eb2880fc:282,282,19,0,c:72:89:233,c:73:459:246,f:73:280,12.866907529192318,13.768031974616836,0.17777777777777778,0.019954533973225563,0.030931871574001565,0.05323450134770889,0.5810493343774471,0.983430855329774,consensus,consensus,focus_only,1
44b6_eb2880fc,44b6_eb2880fc:282,282,20,0,c:72:89:233,c:73:466:251,c:73:495:219,11.830178570080843,11.375,1.0,0.3924719348448162,0.6981205951448708,0.4726935312831389,0.6770943796394485,0.8125,consensus,consensus,consensus,0
44b6_eb2880fc,44b6_eb2880fc:282,282,21,0,c:72:89:233,c:73:467:233,c:73:484:228,13.788582233137676,10.65583760199075,0.31721230158730157,0.16622182680901543,0.4389193422083007,0.21107136132555074,0.48088872152137074,0.7611312572850536,consensus,consensus,consensus,0
44b6_eb2880fc,44b6_eb2880fc:282,282,22,0,c:72:89:233,c:73:467:233,f:73:280,13.788582233137676,6.068512224160544,0.05555555555555555,0.2341428053642624,0.5058731401722788,0.30357142857142855,0.6000939849624061,0.43346515886861026,consensus,consensus,focus_only,1
44b6_eb2880fc,44b6_eb2880fc:282,282,23,0,c:72:89:233,c:73:484:228,c:73:495:219,11.830178570080843,9.475296829123613,0.6781548250265111,0.16809640522875818,0.32223962411902896,0.26003159557661926,0.8069510268562401,0.6768069163659723,consensus,consensus,consensus,0
44b6_eb2880fc,44b6_eb2880fc:282,282,24,0,c:72:89:233,c:73:484:228,f:73:261,7.669771165108002,8.895201584884,0.22126661454261143,0.15748031496062992,0.2192638997650744,0.3585147247119078,0.6115896632732968,0.6353715417774285,consensus,consensus,focus_only,1
44b6_eb2880fc,44b6_eb2880fc:282,282,25,0,c:72:89:233,c:73:484:228,f:73:271,9.000839983955297,12.478436427352054,0.7904612978889758,0.11587191891269293,0.19694596711041504,0.21965065502183406,0.8966327329678935,0.8913168876680039,consensus,consensus,focus_only,1
44b6_eb2880fc,44b6_eb2880fc:282,282,26,0,c:72:89:233,c:73:484:228,f:73:274,9.091290614640144,9.455352425562905,0.3565285379202502,0.1585629389519179,0.2298355520751762,0.338328530259366,0.6793265465935787,0.6753823161116361,consensus,consensus,focus_only,1
44b6_eb2880fc,44b6_eb2880fc:282,282,27,0,c:72:89:233,c:73:484:228,f:73:277,7.083210783253595,10.59958119733543,0.8037529319781079,0.14592173503064593,0.24236491777603758,0.2683138274815778,0.9032889584964762,0.7571129426668165,consensus,consensus,focus_only,1
44b6_eb2880fc,44b6_eb2880fc:282,282,28,0,c:72:89:233,c:73:484:228,f:73:280,12.866907529192318,12.765729058014786,0.1751368256450352,0.05458799064205875,0.0822239624119029,0.13972055888223553,0.5884886452623336,0.911837789858199,consensus,consensus,focus_only,1
44b6_eb2880fc,44b6_eb2880fc:282,282,29,0,c:72:89:233,c:73:495:219,f:73:261,11.830178570080843,10.390678898280495,0.15005302226935313,0.19599898708533806,0.303054032889585,0.35684647302904565,0.8492560689115114,0.7421913498771782,consensus,consensus,focus_only,1
44b6_eb2880fc,44b6_eb2880fc:282,282,30,0,c:72:89:233,c:73:495:219,f:73:274,11.830178570080843,9.80295391707878,0.2417815482502651,0.2544196771714066,0.3888018794048551,0.42399658411614005,0.9169929522317932,0.7002109940770557,consensus,consensus,focus_only,1
44b6_eb2880fc,44b6_eb2880fc:282,282,31,0,c:72:89:233,c:73:495:219,f:73:277,11.830178570080843,13.84602594553724,0.545068928950159,0.10890285946055567,0.21025841816758026,0.1842827728208648,0.876458476321208,0.98900185325266,consensus,consensus,focus_only,1
44b6_eb2880fc,44b6_eb2880fc:282,282,32,0,c:72:89:233,f:73:261,f:73:265,13.627867374525103,11.65033655676796,0.17383292383292384,0.09948288598867273,0.1581832419733751,0.21140763997906856,0.7482380579483163,0.8321668969119972,consensus,focus_only,focus_only,1
44b6_eb2880fc,44b6_eb2880fc:282,282,33,0,c:72:89:233,f:73:261,f:73:271,9.000839983955297,10.76695511047212,0.2799208704253215,0.13343151693667157,0.1773688332028191,0.3500772797527048,0.5066562255285826,0.76906822217658,consensus,focus_only,focus_only,1
44b6_eb2880fc,44b6_eb2880fc:282,282,34,0,c:72:89:233,f:73:261,f:73:274,9.091290614640144,1.6706627702277914,0.6206140350877193,0.2137854773313675,0.22709475332811277,0.7848443843031123,0.2893500391542678,0.11933305501627081,consensus,focus_only,focus_only,1
44b6_eb2880fc,44b6_eb2880fc:282,282,35,0,c:72:89:233,f:73:261,f:73:277,7.669771165108002,4.269167267907161,0.27529182879377434,0.44485981308411215,0.4659357870007831,0.9077040427154843,0.5133124510571653,0.3049405191362258,consensus,focus_only,focus_only,1
44b6_eb2880fc,44b6_eb2880fc:282,282,36,0,c:72:89:233,f:73:265,f:73:271,13.627867374525103,6.605655909172153,0.621007371007371,0.3683794466403162,0.5473766640563822,0.5297461159530125,0.9677908298597954,0.47183256494086806,consensus,focus_only,focus_only,1
44b6_eb2880fc,44b6_eb2880fc:282,282,37,0,c:72:89:233,f:73:265,f:73:274,13.627867374525103,12.55856683049194,0.2800982800982801,0.08796622097114708,0.14682850430696945,0.17994241842610365,0.8159749412685983,0.8970404878922814,consensus,focus_only,focus_only,1
44b6_eb2880fc,44b6_eb2880fc:282,282,38,0,c:72:89:233,f:73:265,f:73:277,13.627867374525103,9.726330006364819,0.6314496314496314,0.18543799772468714,0.3191072826938136,0.3068524096385542,0.9615963855421686,0.6947378575974871,consensus,focus_only,focus_only,1
44b6_eb2880fc,44b6_eb2880fc:282,282,39,0,c:72:89:233,f:73:271,f:73:274,9.091290614640144,12.283213727663716,0.45103857566765576,0.07312516680010675,0.10728269381362568,0.18677573278800272,0.5743931088488645,0.8773724091188368,consensus,focus_only,focus_only,1
44b6_eb2880fc,44b6_eb2880fc:282,282,40,0,c:72:89:233,f:73:271,f:73:277,9.000839983955297,7.418156323370012,0.9834630350194552,0.27477102414654453,0.3876272513703994,0.4855321235899951,0.798355520751762,0.5298683088121438,consensus,focus_only,focus_only,1
44b6_eb2880fc,44b6_eb2880fc:282,282,41,0,c:72:89:233,f:73:274,f:73:277,9.091290614640144,5.808071997472453,0.44357976653696496,0.38810587830869714,0.44205168363351605,0.7607816711590296,0.5810493343774471,0.41486228553374666,consensus,focus_only,focus_only,1
6bba_05db0fb1,6bba_05db0fb1:229,229,0,0,p:24:527,c:25:1272:202,c:25:1300:168,10.405076885828379,7.960841664045329,0.026512013256006627,,,,,0.5686315474318092,pilkwang_only,consensus,consensus,0
6bba_05db0fb1,6bba_05db0fb1:229,229,1,0,p:24:527,c:25:1272:202,c:25:1316:200,10.405076885828379,8.75089281159357,0.043835616438356165,,,,,0.6250637722566835,pilkwang_only,consensus,consensus,0
6bba_05db0fb1,6bba_05db0fb1:229,229,2,0,p:24:527,c:25:1272:202,c:25:1334:669,10.405076885828379,12.268480957314969,0.058931860036832415,,,,,0.8763200683796406,pilkwang_only,consensus,consensus,0
6bba_05db0fb1,6bba_05db0fb1:229,229,3,0,p:24:527,c:25:1272:202,p:25:1336,11.941262496067994,10.405076885828379,,,,,,0.7432197775591699,pilkwang_only,consensus,pilkwang_only,0
6bba_05db0fb1,6bba_05db0fb1:229,229,4,0,p:24:527,c:25:1272:202,p:25:1375,10.405076885828379,11.830178570080843,,,,,,0.8450127550057746,pilkwang_only,consensus,pilkwang_only,0
6bba_05db0fb1,6bba_05db0fb1:229,229,5,0,p:24:527,c:25:1272:202,f:25:189,10.583517590750926,0.5665263729293613,0.050513022888713496,,,,,0.04046616949495437,pilkwang_only,consensus,focus_only,1
6bba_05db0fb1,6bba_05db0fb1:229,229,6,0,p:24:527,c:25:1272:202,f:25:662,11.503810435684485,10.379894542896348,0.0779537149817296,,,,,0.7414210387783106,pilkwang_only,consensus,focus_only,1
6bba_05db0fb1,6bba_05db0fb1:229,229,7,0,p:24:527,c:25:1272:202,f:25:666,10.405076885828379,10.325179692177398,0.06380857427716849,,,,,0.7375128351555285,pilkwang_only,consensus,focus_only,1
6bba_05db0fb1,6bba_05db0fb1:229,229,8,0,p:24:527,c:25:1272:202,f:25:696,13.677967118725329,12.90529864345962,0.810126582278481,,,,,0.9218070459614014,pilkwang_only,consensus,focus_only,1
6bba_05db0fb1,6bba_05db0fb1:229,229,9,0,p:24:527,c:25:1300:168,c:25:1316:200,9.475296829123613,13.884006086140989,0.6048053024026512,,,,,0.9917147204386421,pilkwang_only,consensus,consensus,0
6bba_05db0fb1,6bba_05db0fb1:229,229,10,0,p:24:527,c:25:1300:168,c:25:1320:670,13.595725431178728,7.083210783253595,0.8972659486329743,,,,,0.5059436273752568,pilkwang_only,consensus,consensus,0
6bba_05db0fb1,6bba_05db0fb1:229,229,11,0,p:24:527,c:25:1300:168,c:25:1334:669,8.75089281159357,11.830178570080843,0.4498757249378625,,,,,0.8450127550057746,pilkwang_only,consensus,consensus,0
6bba_05db0fb1,6bba_05db0fb1:229,229,12,0,p:24:527,c:25:1300:168,p:25:1375,8.75089281159357,10.405076885828379,,,,,,0.7432197775591699,pilkwang_only,consensus,pilkwang_only,0
6bba_05db0fb1,6bba_05db0fb1:229,229,13,0,p:24:527,c:25:1300:168,f:25:189,10.583517590750926,8.234181103027773,0.5248550124275062,,,,,0.5881557930734124,pilkwang_only,consensus,focus_only,1
6bba_05db0fb1,6bba_05db0fb1:229,229,14,0,p:24:527,c:25:1300:168,f:25:666,8.75089281159357,8.87841030529297,0.4154929577464789,,,,,0.6341721646637836,pilkwang_only,consensus,focus_only,1
6bba_05db0fb1,6bba_05db0fb1:229,229,15,0,p:24:527,c:25:1316:200,c:25:1334:669,9.475296829123613,10.017172754824587,0.7438356164383562,,,,,0.7155123396303277,pilkwang_only,consensus,consensus,0
6bba_05db0fb1,6bba_05db0fb1:229,229,16,0,p:24:527,c:25:1316:200,p:25:1336,11.941262496067994,8.285906709588275,,,,,,0.5918504792563054,pilkwang_only,consensus,pilkwang_only,0
6bba_05db0fb1,6bba_05db0fb1:229,229,17,0,p:24:527,c:25:1316:200,p:25:1371,11.604821196382131,10.405076885828379,,,,,,0.7432197775591699,pilkwang_only,consensus,pilkwang_only,0
6bba_05db0fb1,6bba_05db0fb1:229,229,18,0,p:24:527,c:25:1316:200,p:25:1375,9.475296829123613,12.160386507015309,,,,,,0.8685990362153791,pilkwang_only,consensus,pilkwang_only,0
6bba_05db0fb1,6bba_05db0fb1:229,229,19,0,p:24:527,c:25:1316:200,f:25:189,10.583517590750926,8.586199634965228,0.8678082191780822,,,,,0.6132999739260877,pilkwang_only,consensus,focus_only,1
6bba_05db0fb1,6bba_05db0fb1:229,229,20,0,p:24:527,c:25:1316:200,f:25:662,11.503810435684485,8.632153735249497,0.5623287671232877,,,,,0.6165824096606783,pilkwang_only,consensus,focus_only,1
6bba_05db0fb1,6bba_05db0fb1:229,229,21,0,p:24:527,c:25:1316:200,f:25:666,9.475296829123613,11.149519756937908,0.686986301369863,,,,,0.7963942683527077,pilkwang_only,consensus,focus_only,1
6bba_05db0fb1,6bba_05db0fb1:229,229,22,0,p:24:527,c:25:1320:670,p:25:1375,13.595725431178728,13.978778558944269,,,,,,0.9984841827817335,pilkwang_only,consensus,pilkwang_only,0
6bba_05db0fb1,6bba_05db0fb1:229,229,23,0,p:24:527,c:25:1320:670,f:25:666,13.595725431178728,13.033663870000307,0.4630655586334257,,,,,0.9309759907143077,pilkwang_only,consensus,focus_only,1
6bba_05db0fb1,6bba_05db0fb1:229,229,24,0,p:24:527,c:25:1334:669,p:25:1371,11.604821196382131,8.443747686898277,,,,,,0.6031248347784484,pilkwang_only,consensus,pilkwang_only,0
6bba_05db0fb1,6bba_05db0fb1:229,229,25,1,p:24:527,c:25:1334:669,p:25:1375,7.960841664045329,13.978778558944269,,,,,,0.9984841827817335,pilkwang_only,consensus,pilkwang_only,0
6bba_05db0fb1,6bba_05db0fb1:229,229,26,0,p:24:527,c:25:1334:669,p:25:1408,11.490485194281398,8.900491559458949,,,,,,0.6357493971042106,pilkwang_only,consensus,pilkwang_only,0
6bba_05db0fb1,6bba_05db0fb1:229,229,27,0,p:24:527,c:25:1334:669,f:25:189,10.583517590750926,12.068862860684472,0.8571428571428571,,,,,0.8620616329060338,pilkwang_only,consensus,focus_only,1
6bba_05db0fb1,6bba_05db0fb1:229,229,28,0,p:24:527,c:25:1334:669,f:25:666,7.960841664045329,12.643790972048107,0.923572744014733,,,,,0.9031279265748647,pilkwang_only,consensus,focus_only,1
6bba_05db0fb1,6bba_05db0fb1:229,229,29,0,p:24:527,p:25:1336,p:25:1375,11.941262496067994,10.017172754824587,,,,,,0.7155123396303277,pilkwang_only,pilkwang_only,pilkwang_only,0
6bba_05db0fb1,6bba_05db0fb1:229,229,30,0,p:24:527,p:25:1336,f:25:189,11.941262496067994,10.645466016338636,,,,,,0.760390429738474,pilkwang_only,pilkwang_only,focus_only,1
6bba_05db0fb1,6bba_05db0fb1:229,229,31,0,p:24:527,p:25:1336,f:25:662,11.941262496067994,0.8790765504643344,,,,,,0.06279118217602389,pilkwang_only,pilkwang_only,focus_only,1
6bba_05db0fb1,6bba_05db0fb1:229,229,32,0,p:24:527,p:25:1336,f:25:666,11.941262496067994,9.860673359763819,,,,,,0.7043338114117014,pilkwang_only,pilkwang_only,focus_only,1
6bba_05db0fb1,6bba_05db0fb1:229,229,33,0,p:24:527,p:25:1336,f:25:696,13.677967118725329,6.733898435540282,,,,,,0.48099274539573444,pilkwang_only,pilkwang_only,focus_only,1
6bba_05db0fb1,6bba_05db0fb1:229,229,34,0,p:24:527,p:25:1371,p:25:1408,11.604821196382131,9.334914300624297,,,,,,0.6667795929017355,pilkwang_only,pilkwang_only,pilkwang_only,0
6bba_05db0fb1,6bba_05db0fb1:229,229,35,0,p:24:527,p:25:1375,p:25:1443,11.604821196382131,13.498263777241872,,,,,,0.9641616983744195,pilkwang_only,pilkwang_only,pilkwang_only,0
6bba_05db0fb1,6bba_05db0fb1:229,229,36,0,p:24:527,p:25:1375,p:25:1474,13.788582233137676,13.978778558944269,,,,,,0.9984841827817335,pilkwang_only,pilkwang_only,pilkwang_only,0
6bba_05db0fb1,6bba_05db0fb1:229,229,37,0,p:24:527,p:25:1375,f:25:189,10.583517590750926,12.239567162340238,,,,,,0.874254797310017,pilkwang_only,pilkwang_only,focus_only,1
6bba_05db0fb1,6bba_05db0fb1:229,229,38,0,p:24:527,p:25:1375,f:25:662,11.503810435684485,9.249117012039823,,,,,,0.6606512151457017,pilkwang_only,pilkwang_only,focus_only,1
6bba_05db0fb1,6bba_05db0fb1:229,229,39,0,p:24:527,p:25:1375,f:25:666,6.080193253507654,1.7216696094337158,,,,,,0.12297640067383685,pilkwang_only,pilkwang_only,focus_only,1
6bba_05db0fb1,6bba_05db0fb1:229,229,40,0,p:24:527,p:25:1375,f:25:696,13.677967118725329,8.905382146665382,,,,,,0.636098724761813,pilkwang_only,pilkwang_only,focus_only,1
6bba_05db0fb1,6bba_05db0fb1:229,229,41,0,p:24:527,p:25:1408,p:25:1443,11.604821196382131,10.405076885828379,,,,,,0.7432197775591699,pilkwang_only,pilkwang_only,pilkwang_only,0
6bba_05db0fb1,6bba_05db0fb1:229,229,42,0,p:24:527,p:25:1408,p:25:1474,13.788582233137676,13.595725431178728,,,,,,0.9711232450841949,pilkwang_only,pilkwang_only,pilkwang_only,0
6bba_05db0fb1,6bba_05db0fb1:229,229,43,0,p:24:527,p:25:1443,p:25:1474,13.788582233137676,13.301198254292732,,,,,,0.950085589592338,pilkwang_only,pilkwang_only,pilkwang_only,0
6bba_05db0fb1,6bba_05db0fb1:229,229,44,0,p:24:527,p:25:1443,f:25:666,11.604821196382131,13.50239651821389,,,,,,0.9644568941581351,pilkwang_only,pilkwang_only,focus_only,1
6bba_05db0fb1,6bba_05db0fb1:229,229,45,0,p:24:527,f:25:189,f:25:662,11.503810435684485,10.657901225253891,0.6479873717442778,,,,,0.7612786589467065,pilkwang_only,focus_only,focus_only,1
6bba_05db0fb1,6bba_05db0fb1:229,229,46,0,p:24:527,f:25:189,f:25:666,10.583517590750926,10.72026590045284,0.7916337805840569,,,,,0.7657332786037744,pilkwang_only,focus_only,focus_only,1
6bba_05db0fb1,6bba_05db0fb1:229,229,47,0,p:24:527,f:25:189,f:25:696,13.677967118725329,13.37185327174433,0.062352012628255724,,,,,0.9551323765531664,pilkwang_only,focus_only,focus_only,1
6bba_05db0fb1,6bba_05db0fb1:229,229,48,0,p:24:527,f:25:662,f:25:666,11.503810435684485,9.158226476011322,0.8185443668993021,,,,,0.6541590340008087,pilkwang_only,focus_only,focus_only,1
6bba_05db0fb1,6bba_05db0fb1:229,229,49,0,p:24:527,f:25:662,f:25:696,13.677967118725329,6.021237556391599,0.09622411693057248,,,,,0.4300883968851142,pilkwang_only,focus_only,focus_only,1
6bba_05db0fb1,6bba_05db0fb1:229,229,50,0,p:24:527,f:25:666,f:25:696,13.677967118725329,9.420295851914238,0.07876370887337986,,,,,0.6728782751367313,pilkwang_only,focus_only,focus_only,1
6bba_05db0fb1,6bba_05db0fb1:606,606,0,0,f:52:801,c:53:2957:828,c:53:2986:851,12.07247847713375,6.700046641628698,0.624504186866461,0.1866913123844732,0.875,0.1918068366793272,0.21920781334780248,0.4785747601163356,focus_only,consensus,consensus,1
6bba_05db0fb1,6bba_05db0fb1:606,606,1,0,f:52:801,c:53:2957:828,c:53:3013:945,13.016601982657264,12.268480957314969,0.9710656316160904,0.08594692400482509,0.3527227722772277,0.10204081632653061,0.28929466523451486,0.8763200683796406,focus_only,consensus,consensus,1
6bba_05db0fb1,6bba_05db0fb1:606,606,2,0,f:52:801,c:53:2957:828,f:53:834,12.07247847713375,10.092145416777452,0.34227240649259,0.2087421944692239,0.5792079207920792,0.24605678233438485,0.42481598317560465,0.720867529769818,focus_only,consensus,focus_only,1
6bba_05db0fb1,6bba_05db0fb1:606,606,3,0,f:52:801,c:53:2957:828,f:53:1001,12.07247847713375,12.828002413128091,0.10515172900494002,0.0,0.0,0.0,0.5159642401021711,0.9162858866520065,focus_only,consensus,focus_only,1
6bba_05db0fb1,6bba_05db0fb1:606,606,4,0,f:52:801,c:53:2986:851,c:53:3013:945,13.016601982657264,12.795262795269194,0.6064345526663728,0.011585642889595639,0.06311881188118812,0.013991769547325103,0.2216735253772291,0.9139473425192282,focus_only,consensus,consensus,1
6bba_05db0fb1,6bba_05db0fb1:606,606,5,0,f:52:801,c:53:2986:851,c:53:3046:837,10.051397365253443,13.595725431178728,0.3477302776553548,0.04968775454792289,0.2264851485148515,0.05984303466317855,0.2642249836494441,0.9711232450841949,focus_only,consensus,consensus,1
6bba_05db0fb1,6bba_05db0fb1:606,606,6,0,f:52:801,c:53:2986:851,f:53:834,9.717123560690624,8.201835208576181,0.21375055090348172,0.24851033999298983,0.8774752475247525,0.25744371822803197,0.2933914306463326,0.5858453720411558,focus_only,consensus,focus_only,1
6bba_05db0fb1,6bba_05db0fb1:606,606,7,0,f:52:801,c:53:2986:851,f:53:1001,9.717123560690624,6.44019915891754,0.06566769501983252,0.15090973956475204,0.5235148514851485,0.17493796526054592,0.33416046319272125,0.46001422563696714,focus_only,consensus,focus_only,1
6bba_05db0fb1,6bba_05db0fb1:606,606,8,0,f:52:801,c:53:3013:945,c:53:3069:949,13.016601982657264,10.017172754824587,0.8771802325581395,0.1432906271072151,0.525990099009901,0.16453735965931088,0.31281455671699576,0.7155123396303277,focus_only,consensus,consensus,1
6bba_05db0fb1,6bba_05db0fb1:606,606,9,0,f:52:801,c:53:3013:945,p:53:3081,13.016601982657264,13.301198254292732,,,,,,0.950085589592338,focus_only,consensus,pilkwang_only,1
6bba_05db0fb1,6bba_05db0fb1:606,606,10,0,f:52:801,c:53:3013:945,f:53:834,13.016601982657264,13.061609842997976,0.35247093023255816,0.004894578313253012,0.01608910891089109,0.006985491671144546,0.43417517463729177,0.9329721316427125,focus_only,consensus,focus_only,1
6bba_05db0fb1,6bba_05db0fb1:606,606,11,0,f:52:801,c:53:3013:945,f:53:951,13.016601982657264,12.694400695441429,0.729973474801061,0.11357416529830323,0.5136138613861386,0.12726157620361853,0.2477767555964428,0.9067429068172449,focus_only,consensus,focus_only,1
6bba_05db0fb1,6bba_05db0fb1:606,606,12,0,f:52:801,c:53:3013:945,f:53:984,13.016601982657264,12.98356719321016,0.35755813953488375,0.03360370799536501,0.10767326732673267,0.046573875802997856,0.43254817987152033,0.9273976566578686,focus_only,consensus,focus_only,1
6bba_05db0fb1,6bba_05db0fb1:606,606,13,0,f:52:801,c:53:3046:837,c:53:3058:844,10.051397365253443,8.285906709588275,0.3960843373493976,0.11355879615265281,0.452970297029703,0.13160733549083065,0.29054297015462066,0.5918504792563054,focus_only,consensus,consensus,1
6bba_05db0fb1,6bba_05db0fb1:606,606,14,0,f:52:801,c:53:3046:837,c:53:3082:994,10.339882467405921,11.718041645257966,0.3017208413001912,0.0931741500129769,0.4443069306930693,0.1054641598119859,0.23736780258519388,0.8370029746612833,focus_only,consensus,consensus,1
6bba_05db0fb1,6bba_05db0fb1:606,606,15,0,f:52:801,c:53:3046:837,f:53:834,10.051397365253443,9.429478188489362,0.614702154626109,0.08948194662480377,0.21163366336633663,0.13422291993720564,0.6342229199372057,0.6735341563206687,focus_only,consensus,focus_only,1
6bba_05db0fb1,6bba_05db0fb1:606,606,16,0,f:52:801,c:53:3046:837,f:53:1001,10.051397365253443,11.293171784973055,0.1888466413181242,0.009832272990167727,0.02103960396039604,0.01812366737739872,0.8614072494669509,0.8066551274980753,focus_only,consensus,focus_only,1
6bba_05db0fb1,6bba_05db0fb1:606,606,17,0,f:52:801,c:53:3056:836,c:53:3058:844,12.96376970911458,9.884489111734608,0.7801204819277109,0.04063097514340344,0.2103960396039604,0.047941342357586014,0.22786238014664412,0.706034936552472,focus_only,consensus,consensus,1
6bba_05db0fb1,6bba_05db0fb1:606,606,18,0,f:52:801,c:53:3056:836,c:53:3069:949,12.96376970911458,11.604821196382131,0.7767052767052767,0.054357459379615954,0.22772277227722773,0.06664252082578775,0.29264759145237235,0.8289157997415808,focus_only,consensus,consensus,1
6bba_05db0fb1,6bba_05db0fb1:606,606,19,0,f:52:801,c:53:3056:836,p:53:3081,12.96376970911458,13.978778558944269,,,,,,0.9984841827817335,focus_only,consensus,pilkwang_only,1
6bba_05db0fb1,6bba_05db0fb1:606,606,20,0,f:52:801,c:53:3056:836,p:53:3088,13.997955435806968,10.531203634912773,,,,,,0.752228831065198,focus_only,consensus,pilkwang_only,1
6bba_05db0fb1,6bba_05db0fb1:606,606,21,0,f:52:801,c:53:3056:836,f:53:834,12.96376970911458,13.02707075432249,0.3120978120978121,0.0,0.0,0.0,0.39627268268759197,0.9305050538801779,focus_only,consensus,focus_only,1
6bba_05db0fb1,6bba_05db0fb1:606,606,22,0,f:52:801,c:53:3058:844,p:53:3081,7.755848831571197,11.375,,,,,,0.8125,focus_only,consensus,pilkwang_only,1
6bba_05db0fb1,6bba_05db0fb1:606,606,23,0,f:52:801,c:53:3058:844,c:53:3082:994,10.339882467405921,13.595725431178728,0.7617590822179733,0.009507829977628635,0.06311881188118812,0.01107011070110701,0.17538528326459735,0.9711232450841949,focus_only,consensus,consensus,1
6bba_05db0fb1,6bba_05db0fb1:606,606,24,0,f:52:801,c:53:3058:844,f:53:834,6.4919918926569045,6.427733003309623,0.24347389558232932,0.20594713656387664,0.6943069306930693,0.22648364957610012,0.32620104965684293,0.4591237859506873,focus_only,consensus,focus_only,1
6bba_05db0fb1,6bba_05db0fb1:606,606,25,0,f:52:801,c:53:3058:844,f:53:951,8.07295029710121,11.850069873177228,0.946285140562249,0.036045997346306945,0.20173267326732675,0.04204281661078153,0.2084085633221563,0.8464335623698019,focus_only,consensus,focus_only,1
6bba_05db0fb1,6bba_05db0fb1:606,606,26,0,f:52:801,c:53:3058:844,f:53:1001,9.049092925210205,13.921824187097572,0.0747991967871486,0.0,0.0,0.0,0.3773937412424101,0.9944160133641123,focus_only,consensus,focus_only,1
6bba_05db0fb1,6bba_05db0fb1:606,606,27,0,f:52:801,c:53:3069:949,p:53:3081,12.527619407887418,8.75089281159357,,,,,,0.6250637722566835,focus_only,consensus,pilkwang_only,1
6bba_05db0fb1,6bba_05db0fb1:606,606,28,0,f:52:801,c:53:3069:949,p:53:3088,13.997955435806968,5.859020822628983,,,,,,0.41850148733064163,focus_only,consensus,pilkwang_only,1
6bba_05db0fb1,6bba_05db0fb1:606,606,29,0,f:52:801,c:53:3069:949,f:53:834,12.527619407887418,13.635894193399574,0.40182270091135047,0.0,0.0,0.0,0.47754137115839246,0.9739924423856838,focus_only,consensus,focus_only,1
6bba_05db0fb1,6bba_05db0fb1:606,606,30,0,f:52:801,c:53:3069:949,f:53:951,12.527619407887418,8.102230480417305,0.640318302387268,0.138353765323993,0.5866336633663366,0.15329883570504527,0.2613195342820181,0.5787307486012361,focus_only,consensus,focus_only,1
6bba_05db0fb1,6bba_05db0fb1:606,606,31,0,f:52:801,p:53:3081,c:53:3082:994,10.339882467405921,11.375,,,,,,0.8125,focus_only,pilkwang_only,consensus,1
6bba_05db0fb1,6bba_05db0fb1:606,606,32,0,f:52:801,p:53:3081,p:53:3088,13.997955435806968,8.900491559458949,,,,,,0.6357493971042106,focus_only,pilkwang_only,pilkwang_only,1
6bba_05db0fb1,6bba_05db0fb1:606,606,33,0,f:52:801,p:53:3081,c:53:3095:973,12.427040960694475,7.621925609713073,,,,,,0.544423257836648,focus_only,pilkwang_only,consensus,1
6bba_05db0fb1,6bba_05db0fb1:606,606,34,0,f:52:801,p:53:3081,f:53:834,7.755848831571197,9.92664936125061,,,,,,0.709046382946472,focus_only,pilkwang_only,focus_only,1
6bba_05db0fb1,6bba_05db0fb1:606,606,35,0,f:52:801,p:53:3081,f:53:951,8.07295029710121,0.8073055221408275,,,,,,0.05766468015291625,focus_only,pilkwang_only,focus_only,1
6bba_05db0fb1,6bba_05db0fb1:606,606,36,0,f:52:801,p:53:3081,f:53:984,11.010633654705886,8.664275305983729,,,,,,0.6188768075702663,focus_only,pilkwang_only,focus_only,1
6bba_05db0fb1,6bba_05db0fb1:606,606,37,0,f:52:801,c:53:3082:994,c:53:3095:973,12.427040960694475,8.75089281159357,0.2887189292543021,0.08154284235050478,0.38985148514851486,0.09347181008902077,0.2397626112759644,0.6250637722566835,focus_only,consensus,consensus,1
6bba_05db0fb1,6bba_05db0fb1:606,606,38,0,f:52:801,c:53:3082:994,f:53:834,10.339882467405921,11.796051219417205,0.18546845124282982,0.06311207834602829,0.2871287128712871,0.07483870967741936,0.26064516129032256,0.8425750871012289,focus_only,consensus,focus_only,1
6bba_05db0fb1,6bba_05db0fb1:606,606,39,0,f:52:801,c:53:3082:994,f:53:951,10.339882467405921,11.994126470580754,0.7208413001912046,0.0003769317753486619,0.0024752475247524753,0.00044444444444444447,0.17955555555555555,0.8567233193271967,focus_only,consensus,focus_only,1
6bba_05db0fb1,6bba_05db0fb1:606,606,40,0,f:52:801,c:53:3082:994,f:53:984,11.010633654705886,10.272294996719442,0.1881453154875717,0.03379984156324267,0.15841584158415842,0.04119729642742195,0.26005793369810104,0.7337353569085315,focus_only,consensus,focus_only,1
6bba_05db0fb1,6bba_05db0fb1:606,606,41,0,f:52:801,c:53:3082:994,f:53:1001,10.339882467405921,9.837163685107413,0.056978967495219884,0.2876712328767123,0.9876237623762376,0.28871201157742404,0.29232995658465993,0.7026545489362438,focus_only,consensus,focus_only,1
6bba_05db0fb1,6bba_05db0fb1:606,606,42,0,f:52:801,p:53:3088,f:53:951,13.997955435806968,8.594230269792464,,,,,,0.6138735906994617,focus_only,pilkwang_only,focus_only,1
6bba_05db0fb1,6bba_05db0fb1:606,606,43,0,f:52:801,c:53:3095:973,f:53:951,12.427040960694475,7.866290118176449,0.4005305039787798,0.20055710306406685,0.7128712871287128,0.21818181818181817,0.30606060606060603,0.5618778655840321,focus_only,consensus,focus_only,1
6bba_05db0fb1,6bba_05db0fb1:606,606,44,0,f:52:801,c:53:3095:973,f:53:984,12.427040960694475,6.1780260300257845,0.6516556291390728,0.37366310160427807,0.6918316831683168,0.4482758620689655,0.6479550922213312,0.4412875735732703,focus_only,consensus,focus_only,1
6bba_05db0fb1,6bba_05db0fb1:606,606,45,0,f:52:801,f:53:834,f:53:951,8.07295029710121,10.17656476064676,0.2572944297082228,0.16325036603221083,0.551980198019802,0.1881856540084388,0.3409282700421941,0.72689748290334,focus_only,focus_only,focus_only,1
6bba_05db0fb1,6bba_05db0fb1:606,606,46,0,f:52:801,f:53:834,f:53:984,11.010633654705886,12.601928336621752,0.9857723577235772,0.0062006764374295375,0.013613861386138614,0.011258955987717503,0.827021494370522,0.9001377383301251,focus_only,focus_only,focus_only,1
6bba_05db0fb1,6bba_05db0fb1:606,606,47,1,f:52:801,f:53:834,f:53:1001,9.049092925210205,8.659417467423417,0.30721649484536084,0.035919540229885055,0.06188118811881188,0.07886435331230283,0.7846534653465347,0.6185298191016726,focus_only,focus_only,focus_only,1
6bba_05db0fb1,6bba_05db0fb1:606,606,48,0,f:52:801,f:53:951,f:53:984,11.010633654705886,8.55329538326246,0.2610079575596817,0.09827586206896552,0.3527227722772277,0.11989903239377367,0.33992427429533023,0.6109496702330329,focus_only,focus_only,focus_only,1
6bba_05db0fb1,6bba_05db0fb1:606,606,49,0,f:52:801,f:53:984,f:53:1001,11.010633654705886,11.298109464980778,0.30284552845528456,0.040948275862068964,0.07054455445544554,0.08892355694227769,0.7933168316831684,0.8070078189271984,focus_only,focus_only,focus_only,1
6bba_05db0fb1,6bba_05db0fb1:751,751,0,0,c:62:3610:648,c:63:4254:76,c:63:4271:97,10.531203634912773,11.490485194281398,0.9364102564102564,0.01582387340901273,0.0431924882629108,0.024364406779661018,0.5640889830508474,0.8207489424486712,consensus,consensus,consensus,0
6bba_05db0fb1,6bba_05db0fb1:751,751,1,0,c:62:3610:648,c:63:4254:76,p:63:4284,12.795262795269194,7.621925609713073,,,,,,0.544423257836648,consensus,consensus,pilkwang_only,0
6bba_05db0fb1,6bba_05db0fb1:751,751,2,0,c:62:3610:648,c:63:4254:76,p:63:4316,11.02128622257856,10.531203634912773,,,,,,0.752228831065198,consensus,consensus,pilkwang_only,0
6bba_05db0fb1,6bba_05db0fb1:751,751,3,0,c:62:3610:648,c:63:4254:76,c:63:4337:628,10.531203634912773,11.604821196382131,0.9057539682539683,0.10225175341454411,0.26009389671361505,0.1441957313899011,0.5543987506507028,0.8289157997415808,consensus,consensus,consensus,0
6bba_05db0fb1,6bba_05db0fb1:751,751,4,0,c:62:3610:648,c:63:4254:76,p:63:4353,10.531203634912773,13.498263777241872,,,,,,0.9641616983744195,consensus,consensus,pilkwang_only,0
6bba_05db0fb1,6bba_05db0fb1:751,751,5,0,c:62:3610:648,c:63:4254:76,f:63:85,12.70541363553891,6.991121702401446,0.4506416584402764,0.1687098657326328,0.5427230046948357,0.1966655324940456,0.3623681524328003,0.49936583588581757,consensus,consensus,focus_only,1
6bba_05db0fb1,6bba_05db0fb1:751,751,6,0,c:62:3610:648,c:63:4254:76,f:63:630,10.531203634912773,12.239375233865884,0.831511839708561,0.06142167011732229,0.1671361502347418,0.08851317752362009,0.5295872700149179,0.8742410881332774,consensus,consensus,focus_only,1
6bba_05db0fb1,6bba_05db0fb1:751,751,7,0,c:62:3610:648,c:63:4254:76,f:63:644,11.396932642657292,10.695584918555669,0.5513285024154589,0.13067828251400124,0.39436619718309857,0.16348773841961853,0.41455819384974696,0.7639703513254049,consensus,consensus,focus_only,1
6bba_05db0fb1,6bba_05db0fb1:751,751,8,0,c:62:3610:648,p:63:4257,c:63:4271:97,13.978778558944269,13.978778558944269,,,,,,0.9984841827817335,consensus,pilkwang_only,consensus,0
6bba_05db0fb1,6bba_05db0fb1:751,751,9,0,c:62:3610:648,p:63:4257,p:63:4353,13.978778558944269,13.498263777241872,,,,,,0.9641616983744195,consensus,pilkwang_only,pilkwang_only,0
6bba_05db0fb1,6bba_05db0fb1:751,751,10,0,c:62:3610:648,p:63:4257,p:63:4355,13.978778558944269,11.375,,,,,,0.8125,consensus,pilkwang_only,pilkwang_only,0
6bba_05db0fb1,6bba_05db0fb1:751,751,11,0,c:62:3610:648,p:63:4257,f:63:630,13.978778558944269,13.704904968164055,,,,,,0.9789217834402896,consensus,pilkwang_only,focus_only,1
6bba_05db0fb1,6bba_05db0fb1:751,751,12,0,c:62:3610:648,p:63:4257,f:63:641,13.978778558944269,11.319581066753116,,,,,,0.8085415047680797,consensus,pilkwang_only,focus_only,1
6bba_05db0fb1,6bba_05db0fb1:751,751,13,0,c:62:3610:648,p:63:4257,f:63:655,13.978778558944269,11.366286796389193,,,,,,0.8118776283135138,consensus,pilkwang_only,focus_only,1
6bba_05db0fb1,6bba_05db0fb1:751,751,14,0,c:62:3610:648,c:63:4271:97,p:63:4316,11.02128622257856,13.595725431178728,,,,,,0.9711232450841949,consensus,consensus,pilkwang_only,0
6bba_05db0fb1,6bba_05db0fb1:751,751,15,1,c:62:3610:648,c:63:4271:97,c:63:4337:628,8.285906709588275,7.44668550430324,0.9672619047619048,0.27105921601334443,0.6103286384976526,0.32778618255168934,0.5370650529500757,0.5319061074502314,consensus,consensus,consensus,0
6bba_05db0fb1,6bba_05db0fb1:751,751,16,0,c:62:3610:648,c:63:4271:97,p:63:4351,10.405076885828379,13.101168840985142,,,,,,0.9357977743560816,consensus,consensus,pilkwang_only,0
6bba_05db0fb1,6bba_05db0fb1:751,751,17,0,c:62:3610:648,c:63:4271:97,c:63:4370:652,9.475296829123613,13.201562407533435,0.5711775043936731,0.05430500844119302,0.1812206572769953,0.07196122296793438,0.3970917225950783,0.9429687433952454,consensus,consensus,consensus,0
6bba_05db0fb1,6bba_05db0fb1:751,751,18,0,c:62:3610:648,c:63:4271:97,f:63:630,8.285906709588275,13.86709802398171,0.8879781420765027,0.006414368184733804,0.018779342723004695,0.00964785335262904,0.5137481910274964,0.9905070017129792,consensus,consensus,focus_only,1
6bba_05db0fb1,6bba_05db0fb1:751,751,19,0,c:62:3610:648,c:63:4271:97,f:63:649,11.177303534934493,6.691139185203594,0.36512820512820515,0.23632610939112486,0.4300469483568075,0.3441021788129226,0.8001502629601803,0.4779385132288282,consensus,consensus,focus_only,1
6bba_05db0fb1,6bba_05db0fb1:751,751,20,0,c:62:3610:648,c:63:4271:97,f:63:655,8.285906709588275,9.075798485820464,0.4584615384615385,0.16432584269662923,0.3295774647887324,0.2468354430379747,0.7489451476793249,0.6482713204157474,consensus,consensus,focus_only,1
6bba_05db0fb1,6bba_05db0fb1:751,751,21,0,c:62:3610:648,p:63:4284,p:63:4353,12.795262795269194,11.604821196382131,,,,,,0.8289157997415808,consensus,pilkwang_only,pilkwang_only,0
6bba_05db0fb1,6bba_05db0fb1:751,751,22,0,c:62:3610:648,p:63:4284,c:63:4368:620,13.978778558944269,13.788582233137676,,,,,,0.9848987309384054,consensus,pilkwang_only,consensus,0
6bba_05db0fb1,6bba_05db0fb1:751,751,23,0,c:62:3610:648,p:63:4284,f:63:85,12.795262795269194,0.8758654695048886,,,,,,0.06256181925034919,consensus,pilkwang_only,focus_only,1
6bba_05db0fb1,6bba_05db0fb1:751,751,24,0,c:62:3610:648,p:63:4284,f:63:630,12.795262795269194,10.426076457079471,,,,,,0.7447197469342479,consensus,pilkwang_only,focus_only,1
6bba_05db0fb1,6bba_05db0fb1:751,751,25,0,c:62:3610:648,p:63:4316,c:63:4337:628,11.02128622257856,11.830178570080843,,,,,,0.8450127550057746,consensus,pilkwang_only,consensus,0
6bba_05db0fb1,6bba_05db0fb1:751,751,26,0,c:62:3610:648,p:63:4316,p:63:4351,11.02128622257856,8.125,,,,,,0.5803571428571429,consensus,pilkwang_only,pilkwang_only,0
6bba_05db0fb1,6bba_05db0fb1:751,751,27,0,c:62:3610:648,p:63:4316,c:63:4368:620,13.978778558944269,9.75,,,,,,0.6964285714285714,consensus,pilkwang_only,consensus,0
6bba_05db0fb1,6bba_05db0fb1:751,751,28,0,c:62:3610:648,p:63:4316,f:63:644,11.396932642657292,0.4350894048267445,,,,,,0.031077814630481752,consensus,pilkwang_only,focus_only,1
6bba_05db0fb1,6bba_05db0fb1:751,751,29,0,c:62:3610:648,c:63:4337:628,p:63:4351,10.405076885828379,10.277402395547233,,,,,,0.7341001711105166,consensus,consensus,pilkwang_only,0
6bba_05db0fb1,6bba_05db0fb1:751,751,30,0,c:62:3610:648,c:63:4337:628,p:63:4353,6.700046641628698,7.621925609713073,,,,,,0.544423257836648,consensus,consensus,pilkwang_only,0
6bba_05db0fb1,6bba_05db0fb1:751,751,31,0,c:62:3610:648,c:63:4337:628,p:63:4355,11.830178570080843,11.941262496067994,,,,,,0.8529473211477139,consensus,consensus,pilkwang_only,0
6bba_05db0fb1,6bba_05db0fb1:751,751,32,0,c:62:3610:648,c:63:4337:628,c:63:4370:652,9.475296829123613,8.443747686898277,0.5905096660808435,0.1276849642004773,0.40187793427230045,0.1576427255985267,0.39226519337016574,0.6031248347784484,consensus,consensus,consensus,0
6bba_05db0fb1,6bba_05db0fb1:751,751,33,0,c:62:3610:648,c:63:4337:628,f:63:630,6.163748727359161,7.343578051255245,0.9180327868852459,0.24206815511163338,0.5802816901408451,0.2934472934472934,0.5056980056980057,0.5245412893753747,consensus,consensus,focus_only,1
6bba_05db0fb1,6bba_05db0fb1:751,751,34,0,c:62:3610:648,c:63:4337:628,f:63:641,11.390277596874732,11.49164683987688,0.7832167832167832,0.023454157782515993,0.07230046948356808,0.03355119825708061,0.46405228758169936,0.8208319171340629,consensus,consensus,focus_only,1
6bba_05db0fb1,6bba_05db0fb1:751,751,35,0,c:62:3610:648,c:63:4337:628,f:63:644,11.396932642657292,12.22816942630635,0.6086956521739131,0.04132923764311645,0.13896713615023473,0.05555555555555555,0.3997747747747748,0.8734406733075964,consensus,consensus,focus_only,1
6bba_05db0fb1,6bba_05db0fb1:751,751,36,0,c:62:3610:648,c:63:4337:628,f:63:649,11.177303534934493,9.640372847816845,0.3531746031746032,0.0318606627017842,0.07042253521126761,0.05498533724340176,0.780791788856305,0.688598060558346,consensus,consensus,focus_only,1
6bba_05db0fb1,6bba_05db0fb1:751,751,37,0,c:62:3610:648,c:63:4337:628,f:63:655,7.862639086648892,6.7373961585691955,0.44345238095238093,0.16075541225241824,0.3276995305164319,0.23986254295532647,0.7319587628865979,0.4812425827549425,consensus,consensus,focus_only,1
6bba_05db0fb1,6bba_05db0fb1:751,751,38,0,c:62:3610:648,p:63:4351,c:63:4368:620,13.978778558944269,13.498263777241872,,,,,,0.9641616983744195,consensus,pilkwang_only,consensus,0
6bba_05db0fb1,6bba_05db0fb1:751,751,39,0,c:62:3610:648,p:63:4351,f:63:644,11.396932642657292,8.397800383465343,,,,,,0.5998428845332388,consensus,pilkwang_only,focus_only,1
6bba_05db0fb1,6bba_05db0fb1:751,751,40,0,c:62:3610:648,p:63:4353,p:63:4355,11.830178570080843,7.267220926874317,,,,,,0.5190872090624512,consensus,pilkwang_only,pilkwang_only,0
6bba_05db0fb1,6bba_05db0fb1:751,751,41,0,c:62:3610:648,p:63:4353,c:63:4370:652,9.475296829123613,9.884489111734608,,,,,,0.706034936552472,consensus,pilkwang_only,consensus,0
6bba_05db0fb1,6bba_05db0fb1:751,751,42,0,c:62:3610:648,p:63:4353,f:63:85,12.70541363553891,11.930156005051924,,,,,,0.8521540003608516,consensus,pilkwang_only,focus_only,1
6bba_05db0fb1,6bba_05db0fb1:751,751,43,0,c:62:3610:648,p:63:4353,f:63:630,6.700046641628698,1.5054576607713268,,,,,,0.10753269005509478,consensus,pilkwang_only,focus_only,1
6bba_05db0fb1,6bba_05db0fb1:751,751,44,0,c:62:3610:648,p:63:4353,f:63:641,11.390277596874732,6.924285608159256,,,,,,0.49459182915423255,consensus,pilkwang_only,focus_only,1
6bba_05db0fb1,6bba_05db0fb1:751,751,45,0,c:62:3610:648,p:63:4353,f:63:655,7.862639086648892,9.902240520018433,,,,,,0.7073028942870309,consensus,pilkwang_only,focus_only,1
6bba_05db0fb1,6bba_05db0fb1:751,751,46,0,c:62:3610:648,p:63:4355,c:63:4370:652,11.830178570080843,9.334914300624297,,,,,,0.6667795929017355,consensus,pilkwang_only,consensus,0
6bba_05db0fb1,6bba_05db0fb1:751,751,47,0,c:62:3610:648,p:63:4355,f:63:630,11.830178570080843,8.607552486270079,,,,,,0.6148251775907199,consensus,pilkwang_only,focus_only,1
6bba_05db0fb1,6bba_05db0fb1:751,751,48,0,c:62:3610:648,p:63:4355,f:63:641,11.830178570080843,0.4552500939130671,,,,,,0.032517863850933366,consensus,pilkwang_only,focus_only,1
6bba_05db0fb1,6bba_05db0fb1:751,751,49,0,c:62:3610:648,p:63:4355,f:63:655,11.830178570080843,9.348022968717903,,,,,,0.6677159263369931,consensus,pilkwang_only,focus_only,1
6bba_05db0fb1,6bba_05db0fb1:751,751,50,0,c:62:3610:648,c:63:4368:620,f:63:85,13.978778558944269,13.411836987505014,0.6579466929911155,0.13610683102208526,0.49765258215962443,0.15778505507591545,0.31705864840726405,0.9579883562503582,consensus,consensus,focus_only,1
6bba_05db0fb1,6bba_05db0fb1:751,751,51,0,c:62:3610:648,c:63:4368:620,f:63:630,13.978778558944269,12.852264394661654,0.8237059264816204,0.02401874633860574,0.07699530516431925,0.0337309749074455,0.43809132044426163,0.9180188853329753,consensus,consensus,focus_only,1
6bba_05db0fb1,6bba_05db0fb1:751,751,52,0,c:62:3610:648,c:63:4368:620,f:63:644,13.978778558944269,9.584618625862792,0.8049516908212561,0.14584511023176935,0.48450704225352115,0.17263298762127802,0.35630645700903313,0.6846156161330565,consensus,consensus,focus_only,1
6bba_05db0fb1,6bba_05db0fb1:751,751,53,0,c:62:3610:648,c:63:4370:652,f:63:630,9.475296829123613,10.89061127939414,0.6432337434094904,0.04934924078091106,0.17089201877934274,0.06488413547237076,0.37967914438502676,0.7779008056710099,consensus,consensus,focus_only,1
6bba_05db0fb1,6bba_05db0fb1:751,751,54,0,c:62:3610:648,c:63:4370:652,f:63:641,11.390277596874732,8.97532877603416,0.7539543057996485,0.09259757738896367,0.32300469483568073,0.11489645958583834,0.3557114228456914,0.6410949125738686,consensus,consensus,focus_only,1
6bba_05db0fb1,6bba_05db0fb1:751,751,55,0,c:62:3610:648,c:63:4370:652,f:63:649,11.177303534934493,10.644143347003244,0.20855301698886936,0.059979667909183326,0.16619718309859155,0.08579738245273873,0.5162384876393602,0.7602959533573745,consensus,consensus,focus_only,1
6bba_05db0fb1,6bba_05db0fb1:751,751,56,0,c:62:3610:648,c:63:4370:652,f:63:655,9.475296829123613,5.520795101967257,0.2618629173989455,0.27032359905288084,0.6431924882629108,0.3180129990714949,0.49442896935933145,0.39434250728337555,consensus,consensus,focus_only,1
6bba_05db0fb1,6bba_05db0fb1:751,751,57,0,c:62:3610:648,f:63:85,f:63:630,12.70541363553891,10.689820793047685,0.5419545903257651,0.10849431066419687,0.38497652582159625,0.13124199743918052,0.3409090909090909,0.7635586280748347,consensus,focus_only,focus_only,1
6bba_05db0fb1,6bba_05db0fb1:751,751,58,0,c:62:3610:648,f:63:630,f:63:641,11.390277596874732,8.269490903032237,0.8531468531468531,0.1581067472306143,0.4422535211267606,0.19748427672955976,0.44654088050314467,0.5906779216451598,consensus,focus_only,focus_only,1
6bba_05db0fb1,6bba_05db0fb1:751,751,59,0,c:62:3610:648,f:63:630,f:63:655,7.862639086648892,10.537240705713785,0.40710382513661203,0.041916167664670656,0.09859154929577464,0.06796116504854369,0.6893203883495146,0.7526600504081274,consensus,focus_only,focus_only,1
6bba_05db0fb1,6bba_05db0fb1:751,751,60,0,c:62:3610:648,f:63:641,f:63:655,11.390277596874732,8.972550769290265,0.3473193473193473,0.08656832298136646,0.20938967136150236,0.12860438292964244,0.6141868512110726,0.6408964835207333,consensus,focus_only,focus_only,1
6bba_05db0fb1,6bba_05db0fb1:751,751,61,0,c:62:3610:648,f:63:649,f:63:655,11.177303534934493,7.911375546728091,0.796420581655481,0.11589008363201912,0.18215962441314554,0.24159402241594022,0.7539906103286385,0.5650982533377208,consensus,focus_only,focus_only,1
6bba_3abfe10a,6bba_3abfe10a:630,630,0,0,f:81:484,c:82:1220:454,c:82:1266:430,13.751006355634242,7.621925609713073,0.9349453080023028,0.39561185252205383,0.6226415094339622,0.5203808390360012,0.8357631657244867,0.544423257836648,focus_only,consensus,consensus,1
6bba_3abfe10a,6bba_3abfe10a:630,630,1,0,f:81:484,c:82:1220:454,c:82:1316:429,13.751006355634242,11.718041645257966,0.8635578583765112,0.28610933843863007,0.4788180847276611,0.4155081865925239,0.8677788075378436,0.8370029746612833,focus_only,consensus,consensus,1
6bba_3abfe10a,6bba_3abfe10a:630,630,2,0,f:81:484,c:82:1220:454,c:82:1332:436,13.751006355634242,11.604821196382131,0.8411053540587219,0.3927660561094366,0.6030615877536489,0.5297060662914321,0.8783614759224515,0.8289157997415808,focus_only,consensus,consensus,1
6bba_3abfe10a,6bba_3abfe10a:630,630,3,0,f:81:484,c:82:1220:454,f:82:450,13.751006355634242,8.758879086231422,0.5613126079447323,0.18273350471293917,0.3036667853328587,0.31452802359882004,0.9654681381274475,0.6256342204451016,focus_only,consensus,focus_only,1
6bba_3abfe10a,6bba_3abfe10a:630,630,4,0,f:81:484,c:82:1265:322,c:82:1266:430,12.71907579155579,12.691655723348314,0.4341133004926108,0.06222865412445731,0.10715557137771449,0.1292400171747531,0.829120683517266,0.9065468373820224,focus_only,consensus,consensus,1
6bba_3abfe10a,6bba_3abfe10a:630,630,5,0,f:81:484,c:82:1265:322,p:82:1287,13.749297176790714,11.02128622257856,,,,,,0.7872347301841829,focus_only,consensus,pilkwang_only,1
6bba_3abfe10a,6bba_3abfe10a:630,630,6,0,f:81:484,c:82:1265:322,c:82:1332:436,12.71907579155579,13.201562407533435,0.48254620123203285,0.05626326963906582,0.09433962264150944,0.12234533702677747,0.7710929156283375,0.9429687433952454,focus_only,consensus,consensus,1
6bba_3abfe10a,6bba_3abfe10a:630,630,7,0,f:81:484,c:82:1265:322,c:82:1389:358,12.71907579155579,12.268480957314969,0.30283505154639173,0.33531428571428573,0.522249911000356,0.4836795252225519,0.926145730300033,0.8763200683796406,focus_only,consensus,consensus,1
6bba_3abfe10a,6bba_3abfe10a:630,630,8,0,f:81:484,c:82:1265:322,f:82:450,13.42099829824756,10.119743714502965,0.7230769230769231,0.24005524861878452,0.3093627625489498,0.5172619047619048,0.5980776076895692,0.7228388367502118,focus_only,consensus,focus_only,1
6bba_3abfe10a,6bba_3abfe10a:630,630,9,0,f:81:484,c:82:1266:430,c:82:1270:420,12.604778781541704,9.884489111734608,0.8268839103869654,0.11757512229210343,0.2395870416518334,0.1875696767001115,0.7828874024526199,0.706034936552472,focus_only,consensus,consensus,1
6bba_3abfe10a,6bba_3abfe10a:630,630,10,0,f:81:484,c:82:1266:430,c:82:1316:429,12.843997373494059,11.941262496067994,0.9236453201970444,0.09911078177102631,0.19045923816304736,0.17125480153649167,0.899167733674776,0.8529473211477139,focus_only,consensus,consensus,1
6bba_3abfe10a,6bba_3abfe10a:630,630,11,0,f:81:484,c:82:1266:430,c:82:1332:436,7.405048738152183,9.334914300624297,0.8996305418719212,0.25031820110309716,0.42007831968672127,0.3824959481361426,0.9105348460291735,0.6667795929017355,focus_only,consensus,consensus,1
6bba_3abfe10a,6bba_3abfe10a:630,630,12,1,f:81:484,c:82:1266:430,c:82:1391:431,7.405048738152183,11.830178570080843,0.9088669950738916,0.5272680279141897,0.7262370950516198,0.6580645161290323,0.9061290322580645,0.8450127550057746,focus_only,consensus,consensus,1
6bba_3abfe10a,6bba_3abfe10a:630,630,13,0,f:81:484,c:82:1266:430,f:82:450,13.42099829824756,7.953205874397794,0.6003694581280788,0.40870018233915084,0.558561765752937,0.6036937283570604,0.9252402990388039,0.5680861338855567,focus_only,consensus,focus_only,1
6bba_3abfe10a,6bba_3abfe10a:630,630,14,0,f:81:484,c:82:1270:420,f:82:450,13.42099829824756,13.364943428508115,0.4964358452138493,0.025878993396394788,0.051619793520825914,0.04933650901667234,0.9557672677781558,0.9546388163220082,focus_only,consensus,focus_only,1
6bba_3abfe10a,6bba_3abfe10a:630,630,15,0,f:81:484,p:82:1287,p:82:1334,13.749297176790714,5.859020822628983,,,,,,0.41850148733064163,focus_only,pilkwang_only,pilkwang_only,1
6bba_3abfe10a,6bba_3abfe10a:630,630,16,0,f:81:484,p:82:1287,c:82:1389:358,13.749297176790714,11.830178570080843,,,,,,0.8450127550057746,focus_only,pilkwang_only,consensus,1
6bba_3abfe10a,6bba_3abfe10a:630,630,17,0,f:81:484,p:82:1287,f:82:371,13.749297176790714,11.589864411155695,,,,,,0.8278474579396925,focus_only,pilkwang_only,focus_only,1
6bba_3abfe10a,6bba_3abfe10a:630,630,18,0,f:81:484,p:82:1287,f:82:450,13.749297176790714,12.906133245369128,,,,,,0.9218666603835092,focus_only,pilkwang_only,focus_only,1
6bba_3abfe10a,6bba_3abfe10a:630,630,19,0,f:81:484,c:82:1316:429,c:82:1332:436,12.843997373494059,8.443747686898277,0.974,0.36471144749290446,0.5489498042007832,0.5207700101317123,0.9486659912191827,0.6031248347784484,focus_only,consensus,consensus,1
6bba_3abfe10a,6bba_3abfe10a:630,630,20,0,f:81:484,c:82:1332:436,c:82:1391:431,6.9750297794514635,9.475296829123613,0.9898373983739838,0.14942988597719545,0.2659309362762549,0.254341164453524,0.9564181137214846,0.6768069163659723,focus_only,consensus,consensus,1
6bba_3abfe10a,6bba_3abfe10a:630,630,21,0,f:81:484,c:82:1332:436,c:82:1459:456,13.634535433547795,13.978778558944269,0.972621492128679,0.2582356842803449,0.4158063367746529,0.40527411519777934,0.9746703678001388,0.9984841827817335,focus_only,consensus,consensus,1
6bba_3abfe10a,6bba_3abfe10a:630,630,22,0,f:81:484,p:82:1334,c:82:1389:358,13.62591434743846,11.02128622257856,,,,,,0.7872347301841829,focus_only,pilkwang_only,consensus,1
6bba_3abfe10a,6bba_3abfe10a:630,630,23,0,f:81:484,p:82:1334,c:82:1391:431,13.62591434743846,13.301198254292732,,,,,,0.950085589592338,focus_only,pilkwang_only,consensus,1
6bba_3abfe10a,6bba_3abfe10a:630,630,24,0,f:81:484,p:82:1334,f:82:371,13.62591434743846,8.101757272644695,,,,,,0.5786969480460497,focus_only,pilkwang_only,focus_only,1
6bba_3abfe10a,6bba_3abfe10a:630,630,25,0,f:81:484,c:82:1389:358,c:82:1391:431,12.36785019409286,10.900831390311474,0.634020618556701,0.12389530931339225,0.2595229619081524,0.1916403785488959,0.7384332281808622,0.7786308135936767,focus_only,consensus,consensus,1
6bba_3abfe10a,6bba_3abfe10a:630,630,26,0,f:81:484,c:82:1389:358,f:82:371,12.36785019409286,6.703348972140974,0.9003436426116839,0.3519626168224299,0.6703453186187255,0.42563291139240506,0.6349457504520796,0.4788106408672124,focus_only,consensus,focus_only,1
6bba_3abfe10a,6bba_3abfe10a:630,630,27,0,f:81:484,c:82:1391:431,c:82:1459:456,13.634535433547795,10.531203634912773,0.9627371273712737,0.21533546325878594,0.3599145603417586,0.34898170521228855,0.9696237487055575,0.752228831065198,focus_only,consensus,consensus,1
6bba_3abfe10a,6bba_3abfe10a:630,630,28,0,f:81:484,c:82:1391:431,f:82:371,10.080706294911629,7.418219917108284,0.7041984732824428,0.3649197860962567,0.6073335706657174,0.4776035834266517,0.7863941769316909,0.5298728512220203,focus_only,consensus,focus_only,1
6bba_61ecbe65,6bba_61ecbe65:200,200,0,1,c:34:42:68,c:35:102:66,f:35:68,9.475296829123613,7.419286791389617,0.9981354878806712,0.2866151342554923,0.4530546623794212,0.43825816485225505,0.9673405909797823,0.5299490565278299,consensus,consensus,focus_only,1
6bba_87289e13,6bba_87289e13:563,563,0,0,c:77:10:11,c:78:77:20,c:78:81:15,11.830178570080843,9.334914300624297,0.5571428571428572,0.2740671641791045,0.5253934191702432,0.364244978923878,0.6932804363997025,0.6667795929017355,consensus,consensus,consensus,0
6bba_c328f2fd,6bba_c328f2fd:65,65,0,0,c:28:171:47,c:29:467:50,c:29:468:58,12.691655723348314,8.75089281159357,0.6108685104318292,0.2991473235433444,0.5833718244803695,0.38042168674698795,0.6521084337349398,0.6250637722566835,consensus,consensus,consensus,0
6bba_c328f2fd,6bba_c328f2fd:65,65,1,0,c:28:171:47,c:29:467:50,c:29:492:19,12.691655723348314,9.613629647536875,0.8194831013916501,0.24579560155239327,0.6143187066974596,0.2906468531468531,0.4731206293706294,0.6866878319669196,consensus,consensus,consensus,0
6bba_c328f2fd,6bba_c328f2fd:65,65,2,0,c:28:171:47,c:29:467:50,c:29:498:20,13.101168840985142,12.160386507015309,0.6792819019893256,0.17232756824338405,0.381986143187067,0.2389482808436868,0.625541750939035,0.8685990362153791,consensus,consensus,consensus,0
6bba_c328f2fd,6bba_c328f2fd:65,65,3,0,c:28:171:47,c:29:468:58,c:29:492:19,10.779030568655049,12.795262795269194,0.500596421471173,0.12162417374881965,0.29745958429561203,0.17064122946475888,0.573661897191309,0.9139473425192282,consensus,consensus,consensus,0
6bba_c328f2fd,6bba_c328f2fd:65,65,4,0,c:28:171:47,c:29:468:58,p:29:504,10.779030568655049,13.978778558944269,,,,,,0.9984841827817335,consensus,consensus,pilkwang_only,0
6bba_c328f2fd,6bba_c328f2fd:65,65,5,0,c:28:171:47,c:29:492:19,c:29:493:27,9.613629647536875,9.884489111734608,0.5496066433566433,0.23298254962035433,0.8078521939953811,0.24665068396559017,0.30531659850514736,0.706034936552472,consensus,consensus,consensus,0
6bba_c328f2fd,6bba_c328f2fd:65,65,6,0,c:28:171:47,c:29:492:19,c:29:498:20,13.101168840985142,12.481861840286488,0.5566600397614314,0.021848739495798318,0.06004618937644342,0.033205619412515965,0.5530012771392082,0.8915615600204634,consensus,consensus,consensus,0
6bba_c328f2fd,6bba_c328f2fd:65,65,7,0,c:28:171:47,c:29:492:19,p:29:504,6.894291116568838,7.621925609713073,,,,,,0.544423257836648,consensus,consensus,pilkwang_only,0
6bba_c328f2fd,6bba_c328f2fd:65,65,8,0,c:28:171:47,c:29:492:19,c:29:514:272,12.795262795269194,12.160386507015309,0.8422638981915607,0.10924612935899292,0.34872979214780603,0.1372477731321578,0.39356480639883656,0.8685990362153791,consensus,consensus,consensus,0
6bba_c328f2fd,6bba_c328f2fd:65,65,9,0,c:28:171:47,c:29:492:19,c:29:515:66,13.301198254292732,8.75089281159357,0.6894632206759443,0.32877563704164076,0.7330254041570439,0.373499646975759,0.5095316545069428,0.6250637722566835,consensus,consensus,consensus,0
6bba_c328f2fd,6bba_c328f2fd:65,65,10,0,c:28:171:47,c:29:493:27,p:29:504,9.613629647536875,6.700046641628698,,,,,,0.4785747601163356,consensus,consensus,pilkwang_only,0
6bba_c328f2fd,6bba_c328f2fd:65,65,11,0,c:28:171:47,c:29:498:20,c:29:514:272,13.101168840985142,5.3895152843275245,0.46885465505693236,0.3699289000418235,0.8170900692840647,0.40332877336981304,0.4936160510715914,0.384965377451966,consensus,consensus,consensus,0
6bba_c328f2fd,6bba_c328f2fd:65,65,12,0,c:28:171:47,c:29:498:20,c:29:515:66,13.301198254292732,13.595725431178728,0.8073817762399077,0.04311023622047244,0.10115473441108545,0.06987874920229738,0.6908104658583281,0.9711232450841949,consensus,consensus,consensus,0
6bba_c328f2fd,6bba_c328f2fd:65,65,13,0,c:28:171:47,p:29:504,c:29:515:66,13.301198254292732,13.101168840985142,,,,,,0.9357977743560816,consensus,pilkwang_only,consensus,0
6bba_c328f2fd,6bba_c328f2fd:65,65,14,0,c:28:171:47,c:29:514:272,c:29:515:66,13.301198254292732,10.405076885828379,0.5807099799062291,0.21385754583921016,0.5602771362586605,0.25699152542372883,0.4586864406779661,0.7432197775591699,consensus,consensus,consensus,0
6bba_c328f2fd,6bba_c328f2fd:260,260,0,0,c:66:755:45,c:67:1061:39,c:67:1092:73,11.830178570080843,10.531203634912773,0.45813639432815667,0.2540076335877863,0.5910301953818827,0.30817318823801804,0.5214169946746933,0.752228831065198,consensus,consensus,consensus,0
6bba_c328f2fd,6bba_c328f2fd:260,260,1,0,c:66:755:45,c:67:1061:39,c:67:1102:12,9.613629647536875,10.900831390311474,0.6049966239027684,0.19924683327627524,0.5168738898756661,0.2448464450988641,0.4737063525452251,0.7786308135936767,consensus,consensus,consensus,0
6bba_c328f2fd,6bba_c328f2fd:260,260,2,0,c:66:755:45,c:67:1061:39,c:67:1111:75,10.017172754824587,13.101168840985142,0.5114787305874409,0.2319663127059685,0.5626110124333925,0.28300201027473754,0.5030154121063212,0.9357977743560816,consensus,consensus,consensus,0
6bba_c328f2fd,6bba_c328f2fd:260,260,3,0,c:66:755:45,c:67:1076:184,c:67:1102:12,13.978778558944269,9.475296829123613,0.9824561403508771,0.2603092783505155,0.5381882770870338,0.33517699115044247,0.6227876106194691,0.6768069163659723,consensus,consensus,consensus,0
6bba_c328f2fd,6bba_c328f2fd:260,260,4,0,c:66:755:45,c:67:1092:73,c:67:1111:75,11.830178570080843,5.3895152843275245,0.8957095709570957,0.4956217162872154,0.7539964476021315,0.591225626740947,0.7841225626740947,0.384965377451966,consensus,consensus,consensus,0
6bba_c328f2fd,6bba_c328f2fd:260,260,5,0,c:66:755:45,c:67:1092:73,f:67:58,11.830178570080843,8.92841409209041,0.9027266028002948,0.26049543676662323,0.4436056838365897,0.38690937257939584,0.8721920991479474,0.6377438637207435,consensus,consensus,focus_only,1
6bba_c328f2fd,6bba_c328f2fd:260,260,6,0,c:66:755:45,c:67:1102:12,c:67:1111:75,10.017172754824587,13.788582233137676,0.8454241071428571,0.04807692307692308,0.11323268206039076,0.07710916238282431,0.68097973994557,0.9848987309384054,consensus,consensus,consensus,0
6bba_c328f2fd,6bba_c328f2fd:260,260,7,0,c:66:755:45,c:67:1102:12,p:67:1126,10.900831390311474,9.613629647536875,,,,,,0.6866878319669196,consensus,consensus,pilkwang_only,0
6bba_c328f2fd,6bba_c328f2fd:260,260,8,0,c:66:755:45,c:67:1102:12,f:67:13,11.41666259482336,9.357863122811196,0.5276796230859835,0.2977498691784406,0.7579928952042628,0.3290285273708558,0.43407864302235927,0.668418794486514,consensus,consensus,focus_only,1
6bba_c328f2fd,6bba_c328f2fd:260,260,9,0,c:66:755:45,c:67:1111:75,p:67:1126,10.900831390311474,12.481861840286488,,,,,,0.8915615600204634,consensus,consensus,pilkwang_only,0
6bba_c328f2fd,6bba_c328f2fd:260,260,10,0,c:66:755:45,c:67:1111:75,f:67:13,11.41666259482336,13.887581246742332,0.446113074204947,0.10762331838565023,0.30905861456483125,0.1417226634086744,0.4585624109142741,0.9919700890530238,consensus,consensus,focus_only,1
6bba_c328f2fd,6bba_c328f2fd:260,260,11,0,c:66:755:45,c:67:1111:75,f:67:58,11.419063975536247,3.6788440101285937,0.8085808580858086,0.6223594410139747,0.8503552397868561,0.698905109489051,0.8218978102189781,0.2627745721520424,consensus,consensus,focus_only,1
6bba_c328f2fd,6bba_c328f2fd:260,260,12,0,c:66:755:45,p:67:1126,f:67:13,11.41666259482336,1.6421808043944435,,,,,,0.11729862888531739,consensus,pilkwang_only,focus_only,1
6bba_c328f2fd,6bba_c328f2fd:260,260,13,0,c:66:755:45,p:67:1126,f:67:58,11.419063975536247,11.14875057682826,,,,,,0.7963393269163043,consensus,pilkwang_only,focus_only,1
6bba_c328f2fd,6bba_c328f2fd:260,260,14,0,c:66:755:45,f:67:13,f:67:58,11.419063975536247,12.733116702203155,0.36071849234393405,0.1326631509558339,0.3574600355239787,0.17420471759359446,0.48734040251027916,0.9095083358716539,consensus,focus_only,focus_only,1
6bba_fe670320,6bba_fe670320:4,4,0,1,c:0:39:33,c:1:72:39,c:1:79:43,7.083210783253595,12.481861840286488,0.6362530413625304,0.11228856735276137,0.1990606936416185,0.20483271375464684,0.971820809248555,0.8915615600204634,consensus,consensus,consensus,0
6bba_fe670320,6bba_fe670320:4,4,1,0,c:0:39:33,c:1:72:39,p:1:87,7.083210783253595,8.75089281159357,,,,,,0.6250637722566835,consensus,consensus,pilkwang_only,0
6bba_fe670320,6bba_fe670320:4,4,2,0,c:0:39:33,c:1:79:43,p:1:87,6.5,8.285906709588275,,,,,,0.5918504792563054,consensus,consensus,pilkwang_only,0
6bba_fe670320,6bba_fe670320:519,519,0,1,c:66:245:216,p:67:430,c:67:438:211,7.44668550430324,13.101168840985142,,,,,,0.9357977743560816,consensus,pilkwang_only,consensus,0
6bba_fe670320,6bba_fe670320:519,519,1,0,c:66:245:216,p:67:430,p:67:444,8.75089281159357,8.75089281159357,,,,,,0.6250637722566835,consensus,pilkwang_only,pilkwang_only,0
6bba_fe670320,6bba_fe670320:519,519,2,0,c:66:245:216,c:67:437:206,c:67:438:211,12.795262795269194,13.101168840985142,0.4863130881094953,0.05344494526722473,0.10817855979146301,0.09553956834532375,0.8831654676258993,0.9357977743560816,consensus,consensus,consensus,0
6bba_fe670320,6bba_fe670320:519,519,3,0,c:66:245:216,c:67:438:211,p:67:444,8.75089281159357,8.285906709588275,,,,,,0.5918504792563054,consensus,consensus,pilkwang_only,0
