video,event_id,mode,candidate_index,candidate_id,label,parent_id,daughter1_id,daughter2_id,parent_distance_um,daughter_distance_um,contains_focus_only,focus_only_count,geometry_cost
44b6_2a2eff9f,44b6_2a2eff9f:13,pil_only,0,pil_only|44b6_2a2eff9f:13|0,0,p:11:539,p:12:1008,p:12:1009,12.691655723348314,13.101168840985142,False,0,19.242240143840885
44b6_2a2eff9f,44b6_2a2eff9f:13,pil_only,1,pil_only|44b6_2a2eff9f:13|1,0,p:11:539,p:12:1008,p:12:1012,12.160386507015309,11.604821196382131,False,0,17.962797105206374
44b6_2a2eff9f,44b6_2a2eff9f:13,pil_only,2,pil_only|44b6_2a2eff9f:13|2,0,p:11:539,p:12:1008,p:12:1013,12.481861840286488,16.809130703281475,False,0,20.886427191927226
44b6_2a2eff9f,44b6_2a2eff9f:13,pil_only,3,pil_only|44b6_2a2eff9f:13|3,0,p:11:539,p:12:1008,p:12:1014,12.268480957314969,9.884489111734608,False,0,17.210725513182272
44b6_2a2eff9f,44b6_2a2eff9f:13,pil_only,4,pil_only|44b6_2a2eff9f:13|4,0,p:11:539,p:12:1008,p:12:1042,13.498263777241872,14.259317129512198,False,0,20.627922341997973
44b6_2a2eff9f,44b6_2a2eff9f:13,pil_only,5,pil_only|44b6_2a2eff9f:13|5,0,p:11:539,p:12:1008,p:12:1044,12.160386507015309,8.285906709588275,False,0,16.303339861809448
44b6_2a2eff9f,44b6_2a2eff9f:13,pil_only,6,pil_only|44b6_2a2eff9f:13|6,0,p:11:539,p:12:1008,p:12:1068,12.160386507015309,12.160386507015309,False,0,18.240579760522962
44b6_2a2eff9f,44b6_2a2eff9f:13,pil_only,7,pil_only|44b6_2a2eff9f:13|7,0,p:11:539,p:12:1009,p:12:1012,12.691655723348314,11.02128622257856,False,0,18.202298834637595
44b6_2a2eff9f,44b6_2a2eff9f:13,pil_only,8,pil_only|44b6_2a2eff9f:13|8,0,p:11:539,p:12:1009,p:12:1013,12.691655723348314,8.900491559458949,False,0,17.14190150307779
44b6_2a2eff9f,44b6_2a2eff9f:13,pil_only,9,pil_only|44b6_2a2eff9f:13|9,0,p:11:539,p:12:1009,p:12:1014,12.691655723348314,6.894291116568838,False,0,16.138801281632734
44b6_2a2eff9f,44b6_2a2eff9f:13,pil_only,10,pil_only|44b6_2a2eff9f:13|10,0,p:11:539,p:12:1009,p:12:1044,12.691655723348314,18.16805231718579,False,0,21.77568188194121
44b6_2a2eff9f,44b6_2a2eff9f:13,pil_only,11,pil_only|44b6_2a2eff9f:13|11,0,p:11:539,p:12:1009,p:12:1068,12.691655723348314,12.691655723348314,False,0,19.03748358502247
44b6_2a2eff9f,44b6_2a2eff9f:13,pil_only,12,pil_only|44b6_2a2eff9f:13|12,0,p:11:539,p:12:1012,p:12:1013,12.481861840286488,7.267220926874317,False,0,16.115472303723646
44b6_2a2eff9f,44b6_2a2eff9f:13,pil_only,13,pil_only|44b6_2a2eff9f:13|13,0,p:11:539,p:12:1012,p:12:1014,12.268480957314969,13.978778558944269,False,0,19.257870236787102
44b6_2a2eff9f,44b6_2a2eff9f:13,pil_only,14,pil_only|44b6_2a2eff9f:13|14,0,p:11:539,p:12:1012,p:12:1042,13.498263777241872,12.795262795269194,False,0,19.89589517487647
44b6_2a2eff9f,44b6_2a2eff9f:13,pil_only,15,pil_only|44b6_2a2eff9f:13|15,0,p:11:539,p:12:1012,p:12:1044,10.017172754824587,12.691655723348314,False,0,16.363000616498745
44b6_2a2eff9f,44b6_2a2eff9f:13,pil_only,16,pil_only|44b6_2a2eff9f:13|16,0,p:11:539,p:12:1012,p:12:1049,14.625,11.490485194281398,False,0,20.3702425971407
44b6_2a2eff9f,44b6_2a2eff9f:13,pil_only,17,pil_only|44b6_2a2eff9f:13|17,0,p:11:539,p:12:1012,p:12:1068,9.613629647536875,9.613629647536875,False,0,14.420444471305313
44b6_2a2eff9f,44b6_2a2eff9f:13,pil_only,18,pil_only|44b6_2a2eff9f:13|18,0,p:11:539,p:12:1013,p:12:1014,12.481861840286488,14.715000849473302,False,0,19.83936226502314
44b6_2a2eff9f,44b6_2a2eff9f:13,pil_only,19,pil_only|44b6_2a2eff9f:13|19,0,p:11:539,p:12:1013,p:12:1042,13.498263777241872,19.63494970709118,False,0,23.315738630787465
44b6_2a2eff9f,44b6_2a2eff9f:13,pil_only,20,pil_only|44b6_2a2eff9f:13|20,0,p:11:539,p:12:1013,p:12:1044,12.481861840286488,19.02013735491939,False,0,21.991930517746184
44b6_2a2eff9f,44b6_2a2eff9f:13,pil_only,21,pil_only|44b6_2a2eff9f:13|21,0,p:11:539,p:12:1013,p:12:1049,14.625,13.978778558944269,False,0,21.614389279472135
44b6_2a2eff9f,44b6_2a2eff9f:13,pil_only,22,pil_only|44b6_2a2eff9f:13|22,0,p:11:539,p:12:1013,p:12:1068,12.481861840286488,12.481861840286488,False,0,18.722792760429734
44b6_2a2eff9f,44b6_2a2eff9f:13,pil_only,23,pil_only|44b6_2a2eff9f:13|23,0,p:11:539,p:12:1014,p:12:1044,12.268480957314969,15.501512023025366,False,0,20.019236968827652
44b6_2a2eff9f,44b6_2a2eff9f:13,pil_only,24,pil_only|44b6_2a2eff9f:13|24,1,p:11:539,p:12:1014,p:12:1068,12.268480957314969,12.268480957314969,False,0,18.402721435972452
44b6_2a2eff9f,44b6_2a2eff9f:13,pil_only,25,pil_only|44b6_2a2eff9f:13|25,0,p:11:539,p:12:1042,p:12:1044,13.498263777241872,8.125,False,0,17.560763777241874
44b6_2a2eff9f,44b6_2a2eff9f:13,pil_only,26,pil_only|44b6_2a2eff9f:13|26,0,p:11:539,p:12:1042,p:12:1049,14.625,13.201562407533435,False,0,21.22578120376672
44b6_2a2eff9f,44b6_2a2eff9f:13,pil_only,27,pil_only|44b6_2a2eff9f:13|27,0,p:11:539,p:12:1042,p:12:1068,13.498263777241872,13.498263777241872,False,0,20.247395665862808
44b6_2a2eff9f,44b6_2a2eff9f:13,pil_only,28,pil_only|44b6_2a2eff9f:13|28,0,p:11:539,p:12:1044,p:12:1049,14.625,18.022121822915302,False,0,23.63606091145765
44b6_2a2eff9f,44b6_2a2eff9f:13,pil_only,29,pil_only|44b6_2a2eff9f:13|29,0,p:11:539,p:12:1044,p:12:1068,10.017172754824587,10.017172754824587,False,0,15.025759132236882
44b6_2a2eff9f,44b6_2a2eff9f:13,pil_only,30,pil_only|44b6_2a2eff9f:13|30,0,p:11:539,p:12:1049,p:12:1068,14.625,14.625,False,0,21.9375
44b6_2a2eff9f,44b6_2a2eff9f:13,union,0,union|44b6_2a2eff9f:13|0,0,c:11:539:642,c:12:1008:654,c:12:1009:642,12.691655723348314,13.101168840985142,False,0,19.242240143840885
44b6_2a2eff9f,44b6_2a2eff9f:13,union,1,union|44b6_2a2eff9f:13|1,0,c:11:539:642,c:12:1008:654,c:12:1012:635,12.160386507015309,11.604821196382131,False,0,17.962797105206374
44b6_2a2eff9f,44b6_2a2eff9f:13,union,2,union|44b6_2a2eff9f:13|2,0,c:11:539:642,c:12:1008:654,c:12:1013:648,12.481861840286488,16.809130703281475,False,0,20.886427191927226
44b6_2a2eff9f,44b6_2a2eff9f:13,union,3,union|44b6_2a2eff9f:13|3,0,c:11:539:642,c:12:1008:654,c:12:1014:622,12.268480957314969,9.884489111734608,False,0,17.210725513182272
44b6_2a2eff9f,44b6_2a2eff9f:13,union,4,union|44b6_2a2eff9f:13|4,0,c:11:539:642,c:12:1008:654,c:12:1042:560,13.498263777241872,14.259317129512198,False,0,20.627922341997973
44b6_2a2eff9f,44b6_2a2eff9f:13,union,5,union|44b6_2a2eff9f:13|5,0,c:11:539:642,c:12:1008:654,c:12:1044:658,12.160386507015309,8.285906709588275,False,0,16.303339861809448
44b6_2a2eff9f,44b6_2a2eff9f:13,union,6,union|44b6_2a2eff9f:13|6,0,c:11:539:642,c:12:1008:654,c:12:1068:636,12.160386507015309,12.160386507015309,False,0,18.240579760522962
44b6_2a2eff9f,44b6_2a2eff9f:13,union,7,union|44b6_2a2eff9f:13|7,0,c:11:539:642,c:12:1008:654,f:12:673,12.160386507015309,18.227494010855565,True,1,21.274133512443093
44b6_2a2eff9f,44b6_2a2eff9f:13,union,8,union|44b6_2a2eff9f:13|8,0,c:11:539:642,c:12:1008:654,f:12:675,13.709331703570626,19.35089891752891,True,1,23.38478116233508
44b6_2a2eff9f,44b6_2a2eff9f:13,union,9,union|44b6_2a2eff9f:13|9,0,c:11:539:642,c:12:1009:642,c:12:1012:635,12.691655723348314,11.02128622257856,False,0,18.202298834637595
44b6_2a2eff9f,44b6_2a2eff9f:13,union,10,union|44b6_2a2eff9f:13|10,0,c:11:539:642,c:12:1009:642,c:12:1013:648,12.691655723348314,8.900491559458949,False,0,17.14190150307779
44b6_2a2eff9f,44b6_2a2eff9f:13,union,11,union|44b6_2a2eff9f:13|11,0,c:11:539:642,c:12:1009:642,c:12:1014:622,12.691655723348314,6.894291116568838,False,0,16.138801281632734
44b6_2a2eff9f,44b6_2a2eff9f:13,union,12,union|44b6_2a2eff9f:13|12,0,c:11:539:642,c:12:1009:642,c:12:1044:658,12.691655723348314,18.16805231718579,False,0,21.77568188194121
44b6_2a2eff9f,44b6_2a2eff9f:13,union,13,union|44b6_2a2eff9f:13|13,0,c:11:539:642,c:12:1009:642,c:12:1068:636,12.691655723348314,12.691655723348314,False,0,19.03748358502247
44b6_2a2eff9f,44b6_2a2eff9f:13,union,14,union|44b6_2a2eff9f:13|14,0,c:11:539:642,c:12:1009:642,f:12:620,13.797361876794504,15.063459096267051,True,1,21.32909142492803
44b6_2a2eff9f,44b6_2a2eff9f:13,union,15,union|44b6_2a2eff9f:13|15,0,c:11:539:642,c:12:1009:642,f:12:673,12.691655723348314,10.05878812539631,True,1,17.721049786046468
44b6_2a2eff9f,44b6_2a2eff9f:13,union,16,union|44b6_2a2eff9f:13|16,0,c:11:539:642,c:12:1012:635,c:12:1013:648,12.481861840286488,7.267220926874317,False,0,16.115472303723646
44b6_2a2eff9f,44b6_2a2eff9f:13,union,17,union|44b6_2a2eff9f:13|17,0,c:11:539:642,c:12:1012:635,c:12:1014:622,12.268480957314969,13.978778558944269,False,0,19.257870236787102
44b6_2a2eff9f,44b6_2a2eff9f:13,union,18,union|44b6_2a2eff9f:13|18,0,c:11:539:642,c:12:1012:635,c:12:1042:560,13.498263777241872,12.795262795269194,False,0,19.89589517487647
44b6_2a2eff9f,44b6_2a2eff9f:13,union,19,union|44b6_2a2eff9f:13|19,0,c:11:539:642,c:12:1012:635,c:12:1044:658,10.017172754824587,12.691655723348314,False,0,16.363000616498745
44b6_2a2eff9f,44b6_2a2eff9f:13,union,20,union|44b6_2a2eff9f:13|20,0,c:11:539:642,c:12:1012:635,c:12:1049:667,14.625,11.490485194281398,False,0,20.3702425971407
44b6_2a2eff9f,44b6_2a2eff9f:13,union,21,union|44b6_2a2eff9f:13|21,0,c:11:539:642,c:12:1012:635,c:12:1068:636,9.613629647536875,9.613629647536875,False,0,14.420444471305313
44b6_2a2eff9f,44b6_2a2eff9f:13,union,22,union|44b6_2a2eff9f:13|22,0,c:11:539:642,c:12:1012:635,f:12:620,13.797361876794504,13.255106682350405,True,1,20.424915217969705
44b6_2a2eff9f,44b6_2a2eff9f:13,union,23,union|44b6_2a2eff9f:13|23,0,c:11:539:642,c:12:1012:635,f:12:673,9.806768869583921,14.159273817028971,True,1,16.886405778098407
44b6_2a2eff9f,44b6_2a2eff9f:13,union,24,union|44b6_2a2eff9f:13|24,0,c:11:539:642,c:12:1012:635,f:12:675,13.709331703570626,12.779339737004799,True,1,20.099001572073025
44b6_2a2eff9f,44b6_2a2eff9f:13,union,25,union|44b6_2a2eff9f:13|25,0,c:11:539:642,c:12:1013:648,c:12:1014:622,12.481861840286488,14.715000849473302,False,0,19.83936226502314
44b6_2a2eff9f,44b6_2a2eff9f:13,union,26,union|44b6_2a2eff9f:13|26,0,c:11:539:642,c:12:1013:648,c:12:1042:560,13.498263777241872,19.63494970709118,False,0,23.315738630787465
44b6_2a2eff9f,44b6_2a2eff9f:13,union,27,union|44b6_2a2eff9f:13|27,0,c:11:539:642,c:12:1013:648,c:12:1044:658,12.481861840286488,19.02013735491939,False,0,21.991930517746184
44b6_2a2eff9f,44b6_2a2eff9f:13,union,28,union|44b6_2a2eff9f:13|28,0,c:11:539:642,c:12:1013:648,c:12:1049:667,14.625,13.978778558944269,False,0,21.614389279472135
44b6_2a2eff9f,44b6_2a2eff9f:13,union,29,union|44b6_2a2eff9f:13|29,0,c:11:539:642,c:12:1013:648,c:12:1068:636,12.481861840286488,12.481861840286488,False,0,18.722792760429734
44b6_2a2eff9f,44b6_2a2eff9f:13,union,30,union|44b6_2a2eff9f:13|30,0,c:11:539:642,c:12:1013:648,f:12:620,13.797361876794504,8.547951508414194,True,1,18.0713376310016
44b6_2a2eff9f,44b6_2a2eff9f:13,union,31,union|44b6_2a2eff9f:13|31,0,c:11:539:642,c:12:1013:648,f:12:673,12.481861840286488,11.230322819604904,True,1,18.097023250088938
44b6_2a2eff9f,44b6_2a2eff9f:13,union,32,union|44b6_2a2eff9f:13|32,0,c:11:539:642,c:12:1013:648,f:12:675,13.709331703570626,17.69357956057568,True,1,22.55612148385847
44b6_2a2eff9f,44b6_2a2eff9f:13,union,33,union|44b6_2a2eff9f:13|33,0,c:11:539:642,c:12:1014:622,c:12:1044:658,12.268480957314969,15.501512023025366,False,0,20.019236968827652
44b6_2a2eff9f,44b6_2a2eff9f:13,union,34,union|44b6_2a2eff9f:13|34,1,c:11:539:642,c:12:1014:622,c:12:1068:636,12.268480957314969,12.268480957314969,False,0,18.402721435972452
44b6_2a2eff9f,44b6_2a2eff9f:13,union,35,union|44b6_2a2eff9f:13|35,0,c:11:539:642,c:12:1014:622,f:12:620,13.797361876794504,19.918757841846485,True,1,23.756740797717747
44b6_2a2eff9f,44b6_2a2eff9f:13,union,36,union|44b6_2a2eff9f:13|36,0,c:11:539:642,c:12:1014:622,f:12:673,12.268480957314969,12.148918321561952,True,1,18.342940118095946
44b6_2a2eff9f,44b6_2a2eff9f:13,union,37,union|44b6_2a2eff9f:13|37,0,c:11:539:642,c:12:1042:560,c:12:1044:658,13.498263777241872,8.125,False,0,17.560763777241874
44b6_2a2eff9f,44b6_2a2eff9f:13,union,38,union|44b6_2a2eff9f:13|38,0,c:11:539:642,c:12:1042:560,c:12:1049:667,14.625,13.201562407533435,False,0,21.22578120376672
44b6_2a2eff9f,44b6_2a2eff9f:13,union,39,union|44b6_2a2eff9f:13|39,0,c:11:539:642,c:12:1042:560,c:12:1068:636,13.498263777241872,13.498263777241872,False,0,20.247395665862808
44b6_2a2eff9f,44b6_2a2eff9f:13,union,40,union|44b6_2a2eff9f:13|40,0,c:11:539:642,c:12:1042:560,f:12:675,13.709331703570626,7.811661182461725,True,1,17.61516229480149
44b6_2a2eff9f,44b6_2a2eff9f:13,union,41,union|44b6_2a2eff9f:13|41,0,c:11:539:642,c:12:1044:658,c:12:1049:667,14.625,18.022121822915302,False,0,23.63606091145765
44b6_2a2eff9f,44b6_2a2eff9f:13,union,42,union|44b6_2a2eff9f:13|42,0,c:11:539:642,c:12:1044:658,c:12:1068:636,10.017172754824587,10.017172754824587,False,0,15.025759132236882
44b6_2a2eff9f,44b6_2a2eff9f:13,union,43,union|44b6_2a2eff9f:13|43,0,c:11:539:642,c:12:1044:658,f:12:673,10.017172754824587,19.285019259235142,True,1,19.659682384442156
44b6_2a2eff9f,44b6_2a2eff9f:13,union,44,union|44b6_2a2eff9f:13|44,0,c:11:539:642,c:12:1044:658,f:12:675,13.709331703570626,13.926832810804674,True,1,20.672748108972964
44b6_2a2eff9f,44b6_2a2eff9f:13,union,45,union|44b6_2a2eff9f:13|45,0,c:11:539:642,c:12:1049:667,c:12:1068:636,14.625,14.625,False,0,21.9375
44b6_2a2eff9f,44b6_2a2eff9f:13,union,46,union|44b6_2a2eff9f:13|46,0,c:11:539:642,c:12:1049:667,f:12:620,14.625,13.336868576192938,True,1,21.29343428809647
44b6_2a2eff9f,44b6_2a2eff9f:13,union,47,union|44b6_2a2eff9f:13|47,0,c:11:539:642,c:12:1049:667,f:12:673,14.625,19.580354734490697,True,1,24.41517736724535
44b6_2a2eff9f,44b6_2a2eff9f:13,union,48,union|44b6_2a2eff9f:13|48,0,c:11:539:642,c:12:1049:667,f:12:675,14.625,6.535395990950102,True,1,17.89269799547505
44b6_2a2eff9f,44b6_2a2eff9f:13,union,49,union|44b6_2a2eff9f:13|49,0,c:11:539:642,c:12:1068:636,f:12:620,13.797361876794504,13.797361876794504,True,1,20.696042815191756
44b6_2a2eff9f,44b6_2a2eff9f:13,union,50,union|44b6_2a2eff9f:13|50,0,c:11:539:642,c:12:1068:636,f:12:673,9.806768869583921,9.806768869583921,True,1,14.710153304375883
44b6_2a2eff9f,44b6_2a2eff9f:13,union,51,union|44b6_2a2eff9f:13|51,0,c:11:539:642,c:12:1068:636,f:12:675,13.709331703570626,13.709331703570626,True,1,20.56399755535594
44b6_2a2eff9f,44b6_2a2eff9f:13,union,52,union|44b6_2a2eff9f:13|52,0,c:11:539:642,f:12:620,f:12:673,13.797361876794504,10.437024419225809,True,2,19.015874086407408
44b6_2a2eff9f,44b6_2a2eff9f:13,union,53,union|44b6_2a2eff9f:13|53,0,c:11:539:642,f:12:620,f:12:675,13.797361876794504,17.99154376054121,True,2,22.793133757065107
44b6_706092f0,44b6_706092f0:50,union,0,union|44b6_706092f0:50|0,0,c:49:124:211,c:50:417:224,c:50:442:204,15.754959536603069,13.498263777241872,False,0,22.504091425224004
44b6_706092f0,44b6_706092f0:50,union,1,union|44b6_706092f0:50|1,0,c:49:124:211,c:50:417:224,c:50:443:200,15.754959536603069,15.754959536603069,False,0,23.632439304904604
44b6_706092f0,44b6_706092f0:50,union,2,union|44b6_706092f0:50|2,0,c:49:124:211,c:50:437:97,c:50:438:161,12.268480957314969,13.884006086140989,False,0,19.210484000385463
44b6_706092f0,44b6_706092f0:50,union,3,union|44b6_706092f0:50|3,0,c:49:124:211,c:50:437:97,c:50:443:200,12.160386507015309,12.160386507015309,False,0,18.240579760522962
44b6_706092f0,44b6_706092f0:50,union,4,union|44b6_706092f0:50|4,0,c:49:124:211,c:50:437:97,c:50:445:170,12.160386507015309,18.16805231718579,False,0,21.244412665608202
44b6_706092f0,44b6_706092f0:50,union,5,union|44b6_706092f0:50|5,0,c:49:124:211,c:50:437:97,c:50:452:93,12.160386507015309,9.613629647536875,False,0,16.967201330783745
44b6_706092f0,44b6_706092f0:50,union,6,union|44b6_706092f0:50|6,0,c:49:124:211,c:50:437:97,f:50:108,15.167393701987873,8.71526496564167,True,1,19.52502618480871
44b6_706092f0,44b6_706092f0:50,union,7,union|44b6_706092f0:50|7,0,c:49:124:211,c:50:437:97,f:50:892,12.160386507015309,16.234750296803334,True,1,20.277761655416974
44b6_706092f0,44b6_706092f0:50,union,8,union|44b6_706092f0:50|8,0,c:49:124:211,c:50:438:161,c:50:443:200,12.268480957314969,12.268480957314969,False,0,18.402721435972452
44b6_706092f0,44b6_706092f0:50,union,9,union|44b6_706092f0:50|9,0,c:49:124:211,c:50:438:161,c:50:445:170,12.268480957314969,7.621925609713073,False,0,16.079443762171504
44b6_706092f0,44b6_706092f0:50,union,10,union|44b6_706092f0:50|10,0,c:49:124:211,c:50:438:161,f:50:892,12.268480957314969,14.010508923580025,True,1,19.27373541910498
44b6_706092f0,44b6_706092f0:50,union,11,union|44b6_706092f0:50|11,0,c:49:124:211,c:50:442:204,c:50:443:200,13.101168840985142,13.101168840985142,False,0,19.651753261477715
44b6_706092f0,44b6_706092f0:50,union,12,union|44b6_706092f0:50|12,0,c:49:124:211,c:50:442:204,c:50:452:93,13.101168840985142,15.069630055180518,False,0,20.6359838685754
44b6_706092f0,44b6_706092f0:50,union,13,union|44b6_706092f0:50|13,0,c:49:124:211,c:50:442:204,c:50:471:863,13.101168840985142,8.75089281159357,False,0,17.476615246781925
44b6_706092f0,44b6_706092f0:50,union,14,union|44b6_706092f0:50|14,0,c:49:124:211,c:50:442:204,f:50:108,15.167393701987873,19.157916939636298,True,1,24.746352171806024
44b6_706092f0,44b6_706092f0:50,union,15,union|44b6_706092f0:50|15,0,c:49:124:211,c:50:442:204,f:50:892,13.101168840985142,15.801174187271284,True,1,21.001755934620785
44b6_706092f0,44b6_706092f0:50,union,16,union|44b6_706092f0:50|16,0,c:49:124:211,c:50:443:200,c:50:445:170,10.405076885828379,10.405076885828379,False,0,15.607615328742568
44b6_706092f0,44b6_706092f0:50,union,17,union|44b6_706092f0:50|17,0,c:49:124:211,c:50:443:200,c:50:452:93,11.604821196382131,11.604821196382131,False,0,17.407231794573196
44b6_706092f0,44b6_706092f0:50,union,18,union|44b6_706092f0:50|18,0,c:49:124:211,c:50:443:200,c:50:471:863,12.795262795269194,12.795262795269194,False,0,19.19289419290379
44b6_706092f0,44b6_706092f0:50,union,19,union|44b6_706092f0:50|19,0,c:49:124:211,c:50:443:200,f:50:108,15.167393701987873,15.167393701987873,True,1,22.751090552981807
44b6_706092f0,44b6_706092f0:50,union,20,union|44b6_706092f0:50|20,1,c:49:124:211,c:50:443:200,f:50:892,6.636908837504649,6.636908837504649,True,1,9.955363256256973
44b6_706092f0,44b6_706092f0:50,union,21,union|44b6_706092f0:50|21,0,c:49:124:211,c:50:445:170,f:50:892,10.405076885828379,10.078778874972846,True,1,15.444466323314803
44b6_706092f0,44b6_706092f0:50,union,22,union|44b6_706092f0:50|22,0,c:49:124:211,c:50:452:93,c:50:471:863,12.795262795269194,14.259317129512198,False,0,19.924921360025294
44b6_706092f0,44b6_706092f0:50,union,23,union|44b6_706092f0:50|23,0,c:49:124:211,c:50:452:93,f:50:108,15.167393701987873,10.504493080372297,True,1,20.419640242174022
44b6_706092f0,44b6_706092f0:50,union,24,union|44b6_706092f0:50|24,0,c:49:124:211,c:50:452:93,f:50:892,11.604821196382131,14.647923171647939,True,1,18.9287827822061
44b6_706092f0,44b6_706092f0:50,union,25,union|44b6_706092f0:50|25,0,c:49:124:211,c:50:471:863,f:50:892,12.795262795269194,11.634950086638712,True,1,18.61273783858855
44b6_996155de,44b6_996155de:60,pil_only,0,pil_only|44b6_996155de:60|0,1,p:19:57,p:20:154,p:20:155,4.596194077712559,8.125,False,0,8.658694077712559
44b6_996155de,44b6_996155de:60,union,0,union|44b6_996155de:60|0,1,c:19:57:43,c:20:154:42,c:20:155:41,4.596194077712559,8.125,False,0,8.658694077712559
44b6_996155de,44b6_996155de:60,union,1,union|44b6_996155de:60|1,0,c:19:57:43,c:20:154:42,f:20:122,7.211601865713748,9.804307193061073,True,1,12.113755462244285
44b6_996155de,44b6_996155de:60,union,2,union|44b6_996155de:60|2,0,c:19:57:43,c:20:154:42,f:20:123,8.71352854754393,7.3501119704094435,True,1,12.388584532748652
44b6_996155de,44b6_996155de:60,union,3,union|44b6_996155de:60|3,0,c:19:57:43,c:20:155:41,f:20:122,7.211601865713748,6.393800472275834,True,1,10.408502101851665
44b6_996155de,44b6_996155de:60,union,4,union|44b6_996155de:60|4,0,c:19:57:43,c:20:155:41,f:20:123,8.71352854754393,12.320046034585975,True,1,14.873551564836918
44b6_996155de,44b6_996155de:60,union,5,union|44b6_996155de:60|5,0,c:19:57:43,f:20:122,f:20:123,8.71352854754393,9.471605971012028,True,2,13.449331533049945
44b6_c50204e0,44b6_c50204e0:43,pil_only,0,pil_only|44b6_c50204e0:43|0,0,p:28:240,p:29:664,p:29:686,14.981759743100941,7.621925609713073,False,0,18.792722547957478
44b6_c50204e0,44b6_c50204e0:43,pil_only,1,pil_only|44b6_c50204e0:43|1,0,p:28:240,p:29:664,p:29:695,14.981759743100941,8.125,False,0,19.04425974310094
44b6_c50204e0,44b6_c50204e0:43,pil_only,2,pil_only|44b6_c50204e0:43|2,0,p:28:240,p:29:664,p:29:703,14.981759743100941,16.086679271993955,False,0,23.025099379097917
44b6_c50204e0,44b6_c50204e0:43,pil_only,3,pil_only|44b6_c50204e0:43|3,0,p:28:240,p:29:664,p:29:725,14.981759743100941,14.259317129512198,False,0,22.11141830785704
44b6_c50204e0,44b6_c50204e0:43,pil_only,4,pil_only|44b6_c50204e0:43|4,0,p:28:240,p:29:664,p:29:728,15.754959536603069,19.835652875567266,False,0,25.672785974386702
44b6_c50204e0,44b6_c50204e0:43,pil_only,5,pil_only|44b6_c50204e0:43|5,0,p:28:240,p:29:664,p:29:738,15.33021933959198,19.63494970709118,False,0,25.14769419313757
44b6_c50204e0,44b6_c50204e0:43,pil_only,6,pil_only|44b6_c50204e0:43|6,0,p:28:240,p:29:664,p:29:741,14.981759743100941,13.978778558944269,False,0,21.971149022573076
44b6_c50204e0,44b6_c50204e0:43,pil_only,7,pil_only|44b6_c50204e0:43|7,0,p:28:240,p:29:664,p:29:750,14.981759743100941,17.50178562318714,False,0,23.73265255469451
44b6_c50204e0,44b6_c50204e0:43,pil_only,8,pil_only|44b6_c50204e0:43|8,0,p:28:240,p:29:664,p:29:758,14.981759743100941,16.331047884321446,False,0,23.147283685261662
44b6_c50204e0,44b6_c50204e0:43,pil_only,9,pil_only|44b6_c50204e0:43|9,0,p:28:240,p:29:664,p:29:770,14.981759743100941,16.411695524838375,False,0,23.187607505520127
44b6_c50204e0,44b6_c50204e0:43,pil_only,10,pil_only|44b6_c50204e0:43|10,0,p:28:240,p:29:686,p:29:695,12.481861840286488,12.481861840286488,False,0,18.722792760429734
44b6_c50204e0,44b6_c50204e0:43,pil_only,11,pil_only|44b6_c50204e0:43|11,0,p:28:240,p:29:686,p:29:703,14.072912811497128,12.160386507015309,False,0,20.15310606500478
44b6_c50204e0,44b6_c50204e0:43,pil_only,12,pil_only|44b6_c50204e0:43|12,0,p:28:240,p:29:686,p:29:725,12.481861840286488,14.625,False,0,19.794361840286488
44b6_c50204e0,44b6_c50204e0:43,pil_only,13,pil_only|44b6_c50204e0:43|13,0,p:28:240,p:29:686,p:29:727,15.754959536603069,14.625,False,0,23.067459536603067
44b6_c50204e0,44b6_c50204e0:43,pil_only,14,pil_only|44b6_c50204e0:43|14,0,p:28:240,p:29:686,p:29:728,15.754959536603069,12.268480957314969,False,0,21.889200015260553
44b6_c50204e0,44b6_c50204e0:43,pil_only,15,pil_only|44b6_c50204e0:43|15,0,p:28:240,p:29:686,p:29:741,12.481861840286488,8.285906709588275,False,0,16.624815195080625
44b6_c50204e0,44b6_c50204e0:43,pil_only,16,pil_only|44b6_c50204e0:43|16,0,p:28:240,p:29:686,p:29:749,15.069630055180518,14.625,False,0,22.382130055180518
44b6_c50204e0,44b6_c50204e0:43,pil_only,17,pil_only|44b6_c50204e0:43|17,0,p:28:240,p:29:686,p:29:750,13.884006086140989,15.754959536603069,False,0,21.761485854442522
44b6_c50204e0,44b6_c50204e0:43,pil_only,18,pil_only|44b6_c50204e0:43|18,0,p:28:240,p:29:686,p:29:758,12.481861840286488,11.604821196382131,False,0,18.284272438477554
44b6_c50204e0,44b6_c50204e0:43,pil_only,19,pil_only|44b6_c50204e0:43|19,0,p:28:240,p:29:686,p:29:770,12.481861840286488,14.89337100860648,False,0,19.928547344589727
44b6_c50204e0,44b6_c50204e0:43,pil_only,20,pil_only|44b6_c50204e0:43|20,0,p:28:240,p:29:686,p:29:781,14.259317129512198,17.948711652929298,False,0,23.233672955976846
44b6_c50204e0,44b6_c50204e0:43,pil_only,21,pil_only|44b6_c50204e0:43|21,0,p:28:240,p:29:686,p:29:785,12.481861840286488,18.810734967034115,False,0,21.887229323803545
44b6_c50204e0,44b6_c50204e0:43,pil_only,22,pil_only|44b6_c50204e0:43|22,0,p:28:240,p:29:695,p:29:703,14.072912811497128,15.501512023025366,False,0,21.82366882300981
44b6_c50204e0,44b6_c50204e0:43,pil_only,23,pil_only|44b6_c50204e0:43|23,0,p:28:240,p:29:695,p:29:725,12.160386507015309,8.285906709588275,False,0,16.303339861809448
44b6_c50204e0,44b6_c50204e0:43,pil_only,24,pil_only|44b6_c50204e0:43|24,0,p:28:240,p:29:695,p:29:738,15.33021933959198,12.268480957314969,False,0,21.464459818249466
44b6_c50204e0,44b6_c50204e0:43,pil_only,25,pil_only|44b6_c50204e0:43|25,0,p:28:240,p:29:695,p:29:741,12.160386507015309,15.33021933959198,False,0,19.8254961768113
44b6_c50204e0,44b6_c50204e0:43,pil_only,26,pil_only|44b6_c50204e0:43|26,0,p:28:240,p:29:695,p:29:750,13.884006086140989,19.295805891436615,False,0,23.531909031859296
44b6_c50204e0,44b6_c50204e0:43,pil_only,27,pil_only|44b6_c50204e0:43|27,0,p:28:240,p:29:695,p:29:758,12.160386507015309,16.57181341917655,False,0,20.446293216603586
44b6_c50204e0,44b6_c50204e0:43,pil_only,28,pil_only|44b6_c50204e0:43|28,0,p:28:240,p:29:695,p:29:770,12.160386507015309,14.072912811497128,False,0,19.196842912763874
44b6_c50204e0,44b6_c50204e0:43,pil_only,29,pil_only|44b6_c50204e0:43|29,0,p:28:240,p:29:695,p:29:785,12.160386507015309,17.875,False,0,21.09788650701531
44b6_c50204e0,44b6_c50204e0:43,pil_only,30,pil_only|44b6_c50204e0:43|30,0,p:28:240,p:29:695,p:29:792,13.978778558944269,17.04314378276496,False,0,22.50035045032675
44b6_c50204e0,44b6_c50204e0:43,pil_only,31,pil_only|44b6_c50204e0:43|31,0,p:28:240,p:29:703,p:29:725,14.072912811497128,10.900831390311474,False,0,19.523328506652867
44b6_c50204e0,44b6_c50204e0:43,pil_only,32,pil_only|44b6_c50204e0:43|32,0,p:28:240,p:29:703,p:29:727,15.754959536603069,6.700046641628698,False,0,19.10498285741742
44b6_c50204e0,44b6_c50204e0:43,pil_only,33,pil_only|44b6_c50204e0:43|33,0,p:28:240,p:29:703,p:29:728,15.754959536603069,13.498263777241872,False,0,22.504091425224004
44b6_c50204e0,44b6_c50204e0:43,pil_only,34,pil_only|44b6_c50204e0:43|34,0,p:28:240,p:29:703,p:29:738,15.33021933959198,16.086679271993955,False,0,23.373558975588956
44b6_c50204e0,44b6_c50204e0:43,pil_only,35,pil_only|44b6_c50204e0:43|35,0,p:28:240,p:29:703,p:29:741,14.072912811497128,13.595725431178728,False,0,20.870775527086494
44b6_c50204e0,44b6_c50204e0:43,pil_only,36,pil_only|44b6_c50204e0:43|36,0,p:28:240,p:29:703,p:29:749,15.069630055180518,13.101168840985142,False,0,21.620214475673087
44b6_c50204e0,44b6_c50204e0:43,pil_only,37,pil_only|44b6_c50204e0:43|37,0,p:28:240,p:29:703,p:29:758,14.072912811497128,16.168545852982575,False,0,22.157185737988414
44b6_c50204e0,44b6_c50204e0:43,pil_only,38,pil_only|44b6_c50204e0:43|38,0,p:28:240,p:29:703,p:29:770,14.072912811497128,19.22725929507375,False,0,23.686542459034
44b6_c50204e0,44b6_c50204e0:43,pil_only,39,pil_only|44b6_c50204e0:43|39,0,p:28:240,p:29:703,p:29:785,14.072912811497128,13.978778558944269,False,0,21.06230209096926
44b6_c50204e0,44b6_c50204e0:43,pil_only,40,pil_only|44b6_c50204e0:43|40,0,p:28:240,p:29:703,p:29:793,15.41610359332085,16.00439392791867,False,0,23.418300557280183
44b6_c50204e0,44b6_c50204e0:43,pil_only,41,pil_only|44b6_c50204e0:43|41,0,p:28:240,p:29:703,p:29:794,15.41610359332085,17.577062467886947,False,0,24.20463482726432
44b6_c50204e0,44b6_c50204e0:43,pil_only,42,pil_only|44b6_c50204e0:43|42,0,p:28:240,p:29:703,p:29:801,14.072912811497128,16.331047884321446,False,0,22.23843675365785
44b6_c50204e0,44b6_c50204e0:43,pil_only,43,pil_only|44b6_c50204e0:43|43,0,p:28:240,p:29:725,p:29:727,15.754959536603069,16.086679271993955,False,0,23.798299172600046
44b6_c50204e0,44b6_c50204e0:43,pil_only,44,pil_only|44b6_c50204e0:43|44,0,p:28:240,p:29:725,p:29:738,15.33021933959198,6.700046641628698,False,0,18.68024266040633
44b6_c50204e0,44b6_c50204e0:43,pil_only,45,pil_only|44b6_c50204e0:43|45,0,p:28:240,p:29:725,p:29:741,10.017172754824587,14.804454566109486,False,0,17.41940003787933
44b6_c50204e0,44b6_c50204e0:43,pil_only,46,pil_only|44b6_c50204e0:43|46,0,p:28:240,p:29:725,p:29:749,15.069630055180518,19.90210416011332,False,0,25.02068213523718
44b6_c50204e0,44b6_c50204e0:43,pil_only,47,pil_only|44b6_c50204e0:43|47,0,p:28:240,p:29:725,p:29:758,10.017172754824587,15.754959536603069,False,0,17.894652523126123
44b6_c50204e0,44b6_c50204e0:43,pil_only,48,pil_only|44b6_c50204e0:43|48,0,p:28:240,p:29:725,p:29:770,10.017172754824587,14.259317129512198,False,0,17.146831319580684
44b6_c50204e0,44b6_c50204e0:43,pil_only,49,pil_only|44b6_c50204e0:43|49,0,p:28:240,p:29:725,p:29:785,10.017172754824587,11.375,False,0,15.704672754824587
44b6_c50204e0,44b6_c50204e0:43,pil_only,50,pil_only|44b6_c50204e0:43|50,0,p:28:240,p:29:725,p:29:792,13.978778558944269,14.351611407782752,False,0,21.154584262835645
44b6_c50204e0,44b6_c50204e0:43,pil_only,51,pil_only|44b6_c50204e0:43|51,0,p:28:240,p:29:725,p:29:793,15.41610359332085,13.978778558944269,False,0,22.405492872792983
44b6_c50204e0,44b6_c50204e0:43,pil_only,52,pil_only|44b6_c50204e0:43|52,0,p:28:240,p:29:725,p:29:801,13.978778558944269,17.35025215955088,False,0,22.65390463871971
44b6_c50204e0,44b6_c50204e0:43,pil_only,53,pil_only|44b6_c50204e0:43|53,0,p:28:240,p:29:727,p:29:728,15.754959536603069,9.475296829123613,False,0,20.492607951164874
44b6_c50204e0,44b6_c50204e0:43,pil_only,54,pil_only|44b6_c50204e0:43|54,0,p:28:240,p:29:727,p:29:741,15.754959536603069,13.498263777241872,False,0,22.504091425224004
44b6_c50204e0,44b6_c50204e0:43,pil_only,55,pil_only|44b6_c50204e0:43|55,0,p:28:240,p:29:727,p:29:749,15.754959536603069,7.960841664045329,False,0,19.735380368625734
44b6_c50204e0,44b6_c50204e0:43,pil_only,56,pil_only|44b6_c50204e0:43|56,0,p:28:240,p:29:727,p:29:758,15.754959536603069,15.754959536603069,False,0,23.632439304904604
44b6_c50204e0,44b6_c50204e0:43,pil_only,57,pil_only|44b6_c50204e0:43|57,0,p:28:240,p:29:727,p:29:785,15.754959536603069,14.259317129512198,False,0,22.884618101359166
44b6_c50204e0,44b6_c50204e0:43,pil_only,58,pil_only|44b6_c50204e0:43|58,0,p:28:240,p:29:727,p:29:793,15.754959536603069,16.411695524838375,False,0,23.960807299022257
44b6_c50204e0,44b6_c50204e0:43,pil_only,59,pil_only|44b6_c50204e0:43|59,0,p:28:240,p:29:727,p:29:794,15.754959536603069,12.795262795269194,False,0,22.152590934237665
44b6_c50204e0,44b6_c50204e0:43,pil_only,60,pil_only|44b6_c50204e0:43|60,0,p:28:240,p:29:727,p:29:801,15.754959536603069,13.788582233137676,False,0,22.649250653171908
44b6_c50204e0,44b6_c50204e0:43,pil_only,61,pil_only|44b6_c50204e0:43|61,0,p:28:240,p:29:728,p:29:741,15.754959536603069,9.613629647536875,False,0,20.56177436037151
44b6_c50204e0,44b6_c50204e0:43,pil_only,62,pil_only|44b6_c50204e0:43|62,0,p:28:240,p:29:728,p:29:749,15.754959536603069,3.9804208320226646,False,0,17.7451699526144
44b6_c50204e0,44b6_c50204e0:43,pil_only,63,pil_only|44b6_c50204e0:43|63,0,p:28:240,p:29:728,p:29:750,15.754959536603069,19.835652875567266,False,0,25.672785974386702
44b6_c50204e0,44b6_c50204e0:43,pil_only,64,pil_only|44b6_c50204e0:43|64,0,p:28:240,p:29:728,p:29:758,15.754959536603069,11.941262496067994,False,0,21.725590784637067
44b6_c50204e0,44b6_c50204e0:43,pil_only,65,pil_only|44b6_c50204e0:43|65,0,p:28:240,p:29:728,p:29:770,15.754959536603069,18.740414216340042,False,0,25.12516664477309
44b6_c50204e0,44b6_c50204e0:43,pil_only,66,pil_only|44b6_c50204e0:43|66,0,p:28:240,p:29:728,p:29:781,15.754959536603069,16.809130703281475,False,0,24.15952488824381
44b6_c50204e0,44b6_c50204e0:43,pil_only,67,pil_only|44b6_c50204e0:43|67,0,p:28:240,p:29:728,p:29:785,15.754959536603069,17.875,False,0,24.692459536603067
44b6_c50204e0,44b6_c50204e0:43,pil_only,68,pil_only|44b6_c50204e0:43|68,0,p:28:240,p:29:728,p:29:794,15.754959536603069,11.941262496067994,False,0,21.725590784637067
44b6_c50204e0,44b6_c50204e0:43,pil_only,69,pil_only|44b6_c50204e0:43|69,0,p:28:240,p:29:728,p:29:801,15.754959536603069,17.35025215955088,False,0,24.43008561637851
44b6_c50204e0,44b6_c50204e0:43,pil_only,70,pil_only|44b6_c50204e0:43|70,0,p:28:240,p:29:738,p:29:770,15.33021933959198,18.810734967034115,False,0,24.73558682310904
44b6_c50204e0,44b6_c50204e0:43,pil_only,71,pil_only|44b6_c50204e0:43|71,0,p:28:240,p:29:738,p:29:785,15.33021933959198,14.351611407782752,False,0,22.506025043483355
44b6_c50204e0,44b6_c50204e0:43,pil_only,72,pil_only|44b6_c50204e0:43|72,0,p:28:240,p:29:738,p:29:792,15.33021933959198,13.101168840985142,False,0,21.880803760084554
44b6_c50204e0,44b6_c50204e0:43,pil_only,73,pil_only|44b6_c50204e0:43|73,0,p:28:240,p:29:738,p:29:793,15.41610359332085,14.259317129512198,False,0,22.545762158076947
44b6_c50204e0,44b6_c50204e0:43,pil_only,74,pil_only|44b6_c50204e0:43|74,0,p:28:240,p:29:741,p:29:749,15.069630055180518,10.405076885828379,False,0,20.272168498094707
44b6_c50204e0,44b6_c50204e0:43,pil_only,75,pil_only|44b6_c50204e0:43|75,0,p:28:240,p:29:741,p:29:750,13.884006086140989,11.941262496067994,False,0,19.854637334174985
44b6_c50204e0,44b6_c50204e0:43,pil_only,76,pil_only|44b6_c50204e0:43|76,0,p:28:240,p:29:741,p:29:758,7.44668550430324,3.6336104634371584,False,0,9.263490736021819
44b6_c50204e0,44b6_c50204e0:43,pil_only,77,pil_only|44b6_c50204e0:43|77,1,p:28:240,p:29:741,p:29:770,7.44668550430324,9.475296829123613,False,0,12.184333918865047
44b6_c50204e0,44b6_c50204e0:43,pil_only,78,pil_only|44b6_c50204e0:43|78,0,p:28:240,p:29:741,p:29:781,14.259317129512198,11.258330249197702,False,0,19.888482254111047
44b6_c50204e0,44b6_c50204e0:43,pil_only,79,pil_only|44b6_c50204e0:43|79,0,p:28:240,p:29:741,p:29:785,8.75089281159357,13.595725431178728,False,0,15.548755527182934
44b6_c50204e0,44b6_c50204e0:43,pil_only,80,pil_only|44b6_c50204e0:43|80,0,p:28:240,p:29:741,p:29:794,15.41610359332085,13.884006086140989,False,0,22.358106636391344
44b6_c50204e0,44b6_c50204e0:43,pil_only,81,pil_only|44b6_c50204e0:43|81,0,p:28:240,p:29:741,p:29:801,13.978778558944269,16.331047884321446,False,0,22.144302501104992
44b6_c50204e0,44b6_c50204e0:43,pil_only,82,pil_only|44b6_c50204e0:43|82,0,p:28:240,p:29:749,p:29:758,15.069630055180518,11.941262496067994,False,0,21.040261303214514
44b6_c50204e0,44b6_c50204e0:43,pil_only,83,pil_only|44b6_c50204e0:43|83,0,p:28:240,p:29:749,p:29:770,15.069630055180518,18.45645212385089,False,0,24.297856117105965
44b6_c50204e0,44b6_c50204e0:43,pil_only,84,pil_only|44b6_c50204e0:43|84,0,p:28:240,p:29:749,p:29:781,15.069630055180518,17.273986945693807,False,0,23.70662352802742
44b6_c50204e0,44b6_c50204e0:43,pil_only,85,pil_only|44b6_c50204e0:43|85,0,p:28:240,p:29:749,p:29:785,15.069630055180518,15.33021933959198,False,0,22.734739724976507
44b6_c50204e0,44b6_c50204e0:43,pil_only,86,pil_only|44b6_c50204e0:43|86,0,p:28:240,p:29:749,p:29:793,15.41610359332085,19.63494970709118,False,0,25.23357844686644
44b6_c50204e0,44b6_c50204e0:43,pil_only,87,pil_only|44b6_c50204e0:43|87,0,p:28:240,p:29:749,p:29:794,15.41610359332085,8.285906709588275,False,0,19.559056948114986
44b6_c50204e0,44b6_c50204e0:43,pil_only,88,pil_only|44b6_c50204e0:43|88,0,p:28:240,p:29:749,p:29:801,15.069630055180518,13.788582233137676,False,0,21.963921171749355
44b6_c50204e0,44b6_c50204e0:43,pil_only,89,pil_only|44b6_c50204e0:43|89,0,p:28:240,p:29:750,p:29:758,13.884006086140989,10.405076885828379,False,0,19.08654452905518
44b6_c50204e0,44b6_c50204e0:43,pil_only,90,pil_only|44b6_c50204e0:43|90,0,p:28:240,p:29:750,p:29:770,13.884006086140989,10.017172754824587,False,0,18.89259246355328
44b6_c50204e0,44b6_c50204e0:43,pil_only,91,pil_only|44b6_c50204e0:43|91,0,p:28:240,p:29:750,p:29:781,14.259317129512198,7.621925609713073,False,0,18.070279934368735
44b6_c50204e0,44b6_c50204e0:43,pil_only,92,pil_only|44b6_c50204e0:43|92,0,p:28:240,p:29:758,p:29:770,6.5,7.083210783253595,False,0,10.041605391626797
44b6_c50204e0,44b6_c50204e0:43,pil_only,93,pil_only|44b6_c50204e0:43|93,0,p:28:240,p:29:758,p:29:781,14.259317129512198,8.75089281159357,False,0,18.634763535308984
44b6_c50204e0,44b6_c50204e0:43,pil_only,94,pil_only|44b6_c50204e0:43|94,0,p:28:240,p:29:758,p:29:785,8.75089281159357,12.691655723348314,False,0,15.096720673267725
44b6_c50204e0,44b6_c50204e0:43,pil_only,95,pil_only|44b6_c50204e0:43|95,0,p:28:240,p:29:758,p:29:792,13.978778558944269,19.63494970709118,False,0,23.79625341248986
44b6_c50204e0,44b6_c50204e0:43,pil_only,96,pil_only|44b6_c50204e0:43|96,0,p:28:240,p:29:758,p:29:793,15.41610359332085,19.63494970709118,False,0,25.23357844686644
44b6_c50204e0,44b6_c50204e0:43,pil_only,97,pil_only|44b6_c50204e0:43|97,0,p:28:240,p:29:758,p:29:794,15.41610359332085,13.201562407533435,False,0,22.016884797087567
44b6_c50204e0,44b6_c50204e0:43,pil_only,98,pil_only|44b6_c50204e0:43|98,0,p:28:240,p:29:758,p:29:801,13.978778558944269,15.41610359332085,False,0,21.686830355604695
44b6_c50204e0,44b6_c50204e0:43,pil_only,99,pil_only|44b6_c50204e0:43|99,0,p:28:240,p:29:770,p:29:781,14.259317129512198,11.490485194281398,False,0,20.004559726652897
44b6_c50204e0,44b6_c50204e0:43,pil_only,100,pil_only|44b6_c50204e0:43|100,0,p:28:240,p:29:770,p:29:785,8.75089281159357,12.795262795269194,False,0,15.148524209228167
44b6_c50204e0,44b6_c50204e0:43,pil_only,101,pil_only|44b6_c50204e0:43|101,0,p:28:240,p:29:770,p:29:792,13.978778558944269,13.884006086140989,False,0,20.920781602014763
44b6_c50204e0,44b6_c50204e0:43,pil_only,102,pil_only|44b6_c50204e0:43|102,0,p:28:240,p:29:770,p:29:793,15.41610359332085,19.56759119053748,False,0,25.19989918858959
44b6_c50204e0,44b6_c50204e0:43,pil_only,103,pil_only|44b6_c50204e0:43|103,0,p:28:240,p:29:770,p:29:794,15.41610359332085,18.16805231718579,False,0,24.500129751913747
44b6_c50204e0,44b6_c50204e0:43,pil_only,104,pil_only|44b6_c50204e0:43|104,0,p:28:240,p:29:770,p:29:801,13.978778558944269,17.577062467886947,False,0,22.767309792887744
44b6_c50204e0,44b6_c50204e0:43,pil_only,105,pil_only|44b6_c50204e0:43|105,0,p:28:240,p:29:781,p:29:785,14.259317129512198,19.90210416011332,False,0,24.21036920956886
44b6_c50204e0,44b6_c50204e0:43,pil_only,106,pil_only|44b6_c50204e0:43|106,0,p:28:240,p:29:781,p:29:794,15.41610359332085,17.273986945693807,False,0,24.05309706616775
44b6_c50204e0,44b6_c50204e0:43,pil_only,107,pil_only|44b6_c50204e0:43|107,0,p:28:240,p:29:785,p:29:792,13.978778558944269,14.072912811497128,False,0,21.015234964692834
44b6_c50204e0,44b6_c50204e0:43,pil_only,108,pil_only|44b6_c50204e0:43|108,0,p:28:240,p:29:785,p:29:793,15.41610359332085,7.083210783253595,False,0,18.957708984947647
44b6_c50204e0,44b6_c50204e0:43,pil_only,109,pil_only|44b6_c50204e0:43|109,0,p:28:240,p:29:785,p:29:794,15.41610359332085,12.481861840286488,False,0,21.657034513464094
44b6_c50204e0,44b6_c50204e0:43,pil_only,110,pil_only|44b6_c50204e0:43|110,0,p:28:240,p:29:785,p:29:801,13.978778558944269,6.700046641628698,False,0,17.32880187975862
44b6_c50204e0,44b6_c50204e0:43,pil_only,111,pil_only|44b6_c50204e0:43|111,0,p:28:240,p:29:792,p:29:793,15.41610359332085,16.57181341917655,False,0,23.702010302909123
44b6_c50204e0,44b6_c50204e0:43,pil_only,112,pil_only|44b6_c50204e0:43|112,0,p:28:240,p:29:792,p:29:801,13.978778558944269,19.90210416011332,False,0,23.92983063900093
44b6_c50204e0,44b6_c50204e0:43,pil_only,113,pil_only|44b6_c50204e0:43|113,0,p:28:240,p:29:793,p:29:794,15.41610359332085,16.25,False,0,23.541103593320848
44b6_c50204e0,44b6_c50204e0:43,pil_only,114,pil_only|44b6_c50204e0:43|114,0,p:28:240,p:29:793,p:29:801,15.41610359332085,8.285906709588275,False,0,19.559056948114986
44b6_c50204e0,44b6_c50204e0:43,pil_only,115,pil_only|44b6_c50204e0:43|115,0,p:28:240,p:29:794,p:29:801,15.41610359332085,8.285906709588275,False,0,19.559056948114986
44b6_c50204e0,44b6_c50204e0:184,pil_only,0,pil_only|44b6_c50204e0:184|0,0,p:65:1426,p:66:1900,p:66:1913,15.33021933959198,7.083210783253595,False,0,18.87182473121878
44b6_c50204e0,44b6_c50204e0:184,pil_only,1,pil_only|44b6_c50204e0:184|1,0,p:65:1426,p:66:1900,p:66:1916,15.33021933959198,11.604821196382131,False,0,21.132629937783047
44b6_c50204e0,44b6_c50204e0:184,pil_only,2,pil_only|44b6_c50204e0:184|2,0,p:65:1426,p:66:1900,p:66:1924,15.33021933959198,14.351611407782752,False,0,22.506025043483355
44b6_c50204e0,44b6_c50204e0:184,pil_only,3,pil_only|44b6_c50204e0:184|3,0,p:65:1426,p:66:1900,p:66:1939,15.33021933959198,8.285906709588275,False,0,19.47317269438612
44b6_c50204e0,44b6_c50204e0:184,pil_only,4,pil_only|44b6_c50204e0:184|4,0,p:65:1426,p:66:1900,p:66:1944,15.33021933959198,17.273986945693807,False,0,23.967212812438884
44b6_c50204e0,44b6_c50204e0:184,pil_only,5,pil_only|44b6_c50204e0:184|5,0,p:65:1426,p:66:1900,p:66:1957,15.33021933959198,10.900831390311474,False,0,20.780635034747718
44b6_c50204e0,44b6_c50204e0:184,pil_only,6,pil_only|44b6_c50204e0:184|6,0,p:65:1426,p:66:1900,p:66:1958,15.33021933959198,10.531203634912773,False,0,20.595821157048366
44b6_c50204e0,44b6_c50204e0:184,pil_only,7,pil_only|44b6_c50204e0:184|7,0,p:65:1426,p:66:1900,p:66:1970,15.33021933959198,19.22725929507375,False,0,24.943848987128856
44b6_c50204e0,44b6_c50204e0:184,pil_only,8,pil_only|44b6_c50204e0:184|8,0,p:65:1426,p:66:1900,p:66:1980,15.33021933959198,12.795262795269194,False,0,21.72785073722658
44b6_c50204e0,44b6_c50204e0:184,pil_only,9,pil_only|44b6_c50204e0:184|9,0,p:65:1426,p:66:1900,p:66:1984,15.33021933959198,12.375631297028852,False,0,21.518034988106407
44b6_c50204e0,44b6_c50204e0:184,pil_only,10,pil_only|44b6_c50204e0:184|10,0,p:65:1426,p:66:1900,p:66:1990,15.33021933959198,16.086679271993955,False,0,23.373558975588956
44b6_c50204e0,44b6_c50204e0:184,pil_only,11,pil_only|44b6_c50204e0:184|11,0,p:65:1426,p:66:1900,p:66:1991,15.33021933959198,14.89337100860648,False,0,22.77690484389522
44b6_c50204e0,44b6_c50204e0:184,pil_only,12,pil_only|44b6_c50204e0:184|12,0,p:65:1426,p:66:1900,p:66:2000,15.33021933959198,17.948711652929298,False,0,24.30457516605663
44b6_c50204e0,44b6_c50204e0:184,pil_only,13,pil_only|44b6_c50204e0:184|13,0,p:65:1426,p:66:1913,p:66:1916,15.069630055180518,7.267220926874317,False,0,18.703240518617676
44b6_c50204e0,44b6_c50204e0:184,pil_only,14,pil_only|44b6_c50204e0:184|14,0,p:65:1426,p:66:1913,p:66:1924,15.069630055180518,16.65129499468435,False,0,23.395277552522693
44b6_c50204e0,44b6_c50204e0:184,pil_only,15,pil_only|44b6_c50204e0:184|15,0,p:65:1426,p:66:1913,p:66:1939,15.069630055180518,11.375,False,0,20.757130055180518
44b6_c50204e0,44b6_c50204e0:184,pil_only,16,pil_only|44b6_c50204e0:184|16,0,p:65:1426,p:66:1913,p:66:1944,15.069630055180518,15.754959536603069,False,0,22.94710982348205
44b6_c50204e0,44b6_c50204e0:184,pil_only,17,pil_only|44b6_c50204e0:184|17,0,p:65:1426,p:66:1913,p:66:1957,15.069630055180518,6.894291116568838,False,0,18.516775613464937
44b6_c50204e0,44b6_c50204e0:184,pil_only,18,pil_only|44b6_c50204e0:184|18,0,p:65:1426,p:66:1913,p:66:1958,15.069630055180518,7.44668550430324,False,0,18.792972807332138
44b6_c50204e0,44b6_c50204e0:184,pil_only,19,pil_only|44b6_c50204e0:184|19,0,p:65:1426,p:66:1913,p:66:1970,15.069630055180518,14.072912811497128,False,0,22.10608646092908
44b6_c50204e0,44b6_c50204e0:184,pil_only,20,pil_only|44b6_c50204e0:184|20,0,p:65:1426,p:66:1913,p:66:1980,15.069630055180518,13.884006086140989,False,0,22.01163309825101
44b6_c50204e0,44b6_c50204e0:184,pil_only,21,pil_only|44b6_c50204e0:184|21,0,p:65:1426,p:66:1913,p:66:1984,15.069630055180518,10.900831390311474,False,0,20.520045750336255
44b6_c50204e0,44b6_c50204e0:184,pil_only,22,pil_only|44b6_c50204e0:184|22,0,p:65:1426,p:66:1913,p:66:1990,15.069630055180518,19.835652875567266,False,0,24.98745649296415
44b6_c50204e0,44b6_c50204e0:184,pil_only,23,pil_only|44b6_c50204e0:184|23,0,p:65:1426,p:66:1913,p:66:1991,15.069630055180518,18.022121822915302,False,0,24.08069096663817
44b6_c50204e0,44b6_c50204e0:184,pil_only,24,pil_only|44b6_c50204e0:184|24,0,p:65:1426,p:66:1913,p:66:2000,15.069630055180518,18.45645212385089,False,0,24.297856117105965
44b6_c50204e0,44b6_c50204e0:184,pil_only,25,pil_only|44b6_c50204e0:184|25,0,p:65:1426,p:66:1916,p:66:1924,13.978778558944269,13.498263777241872,False,0,20.727910447565204
44b6_c50204e0,44b6_c50204e0:184,pil_only,26,pil_only|44b6_c50204e0:184|26,0,p:65:1426,p:66:1916,p:66:1939,14.625,16.965498076979642,False,0,23.10774903848982
44b6_c50204e0,44b6_c50204e0:184,pil_only,27,pil_only|44b6_c50204e0:184|27,0,p:65:1426,p:66:1916,p:66:1944,13.978778558944269,10.017172754824587,False,0,18.987364936356563
44b6_c50204e0,44b6_c50204e0:184,pil_only,28,pil_only|44b6_c50204e0:184|28,0,p:65:1426,p:66:1916,p:66:1957,13.978778558944269,11.490485194281398,False,0,19.724021156084966
44b6_c50204e0,44b6_c50204e0:184,pil_only,29,pil_only|44b6_c50204e0:184|29,0,p:65:1426,p:66:1916,p:66:1958,13.978778558944269,8.125,False,0,18.04127855894427
44b6_c50204e0,44b6_c50204e0:184,pil_only,30,pil_only|44b6_c50204e0:184|30,0,p:65:1426,p:66:1916,p:66:1970,13.978778558944269,9.613629647536875,False,0,18.785593382712705
44b6_c50204e0,44b6_c50204e0:184,pil_only,31,pil_only|44b6_c50204e0:184|31,0,p:65:1426,p:66:1916,p:66:1980,14.072912811497128,19.02013735491939,False,0,23.582981488956825
44b6_c50204e0,44b6_c50204e0:184,pil_only,32,pil_only|44b6_c50204e0:184|32,0,p:65:1426,p:66:1916,p:66:1984,13.978778558944269,11.830178570080843,False,0,19.89386784398469
44b6_c50204e0,44b6_c50204e0:184,pil_only,33,pil_only|44b6_c50204e0:184|33,0,p:65:1426,p:66:1916,p:66:2000,13.978778558944269,16.965498076979642,False,0,22.46152759743409
44b6_c50204e0,44b6_c50204e0:184,pil_only,34,pil_only|44b6_c50204e0:184|34,0,p:65:1426,p:66:1916,p:66:2033,15.41610359332085,19.08942770226494,False,0,24.96081744445332
44b6_c50204e0,44b6_c50204e0:184,pil_only,35,pil_only|44b6_c50204e0:184|35,0,p:65:1426,p:66:1924,p:66:1939,14.625,18.669828601248593,False,0,23.9599143006243
44b6_c50204e0,44b6_c50204e0:184,pil_only,36,pil_only|44b6_c50204e0:184|36,0,p:65:1426,p:66:1924,p:66:1944,11.830178570080843,8.75089281159357,False,0,16.205624975877626
44b6_c50204e0,44b6_c50204e0:184,pil_only,37,pil_only|44b6_c50204e0:184|37,0,p:65:1426,p:66:1924,p:66:1957,12.795262795269194,19.158467449146343,False,0,22.374496519842367
44b6_c50204e0,44b6_c50204e0:184,pil_only,38,pil_only|44b6_c50204e0:184|38,0,p:65:1426,p:66:1924,p:66:1958,11.830178570080843,13.978778558944269,False,0,18.81956784955298
44b6_c50204e0,44b6_c50204e0:184,pil_only,39,pil_only|44b6_c50204e0:184|39,0,p:65:1426,p:66:1924,p:66:1969,15.33021933959198,11.490485194281398,False,0,21.07546193673268
44b6_c50204e0,44b6_c50204e0:184,pil_only,40,pil_only|44b6_c50204e0:184|40,0,p:65:1426,p:66:1924,p:66:1970,13.101168840985142,17.948711652929298,False,0,22.07552466744979
44b6_c50204e0,44b6_c50204e0:184,pil_only,41,pil_only|44b6_c50204e0:184|41,0,p:65:1426,p:66:1924,p:66:1984,11.830178570080843,14.351611407782752,False,0,19.005984273972217
44b6_c50204e0,44b6_c50204e0:184,pil_only,42,pil_only|44b6_c50204e0:184|42,0,p:65:1426,p:66:1924,p:66:1991,11.830178570080843,15.754959536603069,False,0,19.707658338382377
44b6_c50204e0,44b6_c50204e0:184,pil_only,43,pil_only|44b6_c50204e0:184|43,0,p:65:1426,p:66:1924,p:66:1999,15.501512023025366,15.41610359332085,False,0,23.20956381968579
44b6_c50204e0,44b6_c50204e0:184,pil_only,44,pil_only|44b6_c50204e0:184|44,0,p:65:1426,p:66:1924,p:66:2000,11.830178570080843,11.941262496067994,False,0,17.80080981811484
44b6_c50204e0,44b6_c50204e0:184,pil_only,45,pil_only|44b6_c50204e0:184|45,0,p:65:1426,p:66:1924,p:66:2030,11.830178570080843,16.965498076979642,False,0,20.312927608570664
44b6_c50204e0,44b6_c50204e0:184,pil_only,46,pil_only|44b6_c50204e0:184|46,0,p:65:1426,p:66:1924,p:66:2032,11.830178570080843,17.577062467886947,False,0,20.618709804024316
44b6_c50204e0,44b6_c50204e0:184,pil_only,47,pil_only|44b6_c50204e0:184|47,0,p:65:1426,p:66:1939,p:66:1957,14.625,9.613629647536875,False,0,19.431814823768438
44b6_c50204e0,44b6_c50204e0:184,pil_only,48,pil_only|44b6_c50204e0:184|48,0,p:65:1426,p:66:1939,p:66:1958,14.625,11.490485194281398,False,0,20.3702425971407
44b6_c50204e0,44b6_c50204e0:184,pil_only,49,pil_only|44b6_c50204e0:184|49,0,p:65:1426,p:66:1939,p:66:1980,14.625,5.138701197773616,False,0,17.194350598886807
44b6_c50204e0,44b6_c50204e0:184,pil_only,50,pil_only|44b6_c50204e0:184|50,0,p:65:1426,p:66:1939,p:66:1984,14.625,11.02128622257856,False,0,20.13564311128928
44b6_c50204e0,44b6_c50204e0:184,pil_only,51,pil_only|44b6_c50204e0:184|51,0,p:65:1426,p:66:1939,p:66:1990,14.625,9.75,False,0,19.5
44b6_c50204e0,44b6_c50204e0:184,pil_only,52,pil_only|44b6_c50204e0:184|52,0,p:65:1426,p:66:1939,p:66:1991,14.625,10.531203634912773,False,0,19.890601817456385
44b6_c50204e0,44b6_c50204e0:184,pil_only,53,pil_only|44b6_c50204e0:184|53,0,p:65:1426,p:66:1939,p:66:2000,14.625,17.04314378276496,False,0,23.14657189138248
44b6_c50204e0,44b6_c50204e0:184,pil_only,54,pil_only|44b6_c50204e0:184|54,0,p:65:1426,p:66:1939,p:66:2042,14.804454566109486,14.715000849473302,False,0,22.161954990846137
44b6_c50204e0,44b6_c50204e0:184,pil_only,55,pil_only|44b6_c50204e0:184|55,0,p:65:1426,p:66:1939,p:66:2043,14.625,18.598975106171846,False,0,23.924487553085925
44b6_c50204e0,44b6_c50204e0:184,pil_only,56,pil_only|44b6_c50204e0:184|56,0,p:65:1426,p:66:1939,p:66:2076,14.625,19.08942770226494,False,0,24.16971385113247
44b6_c50204e0,44b6_c50204e0:184,pil_only,57,pil_only|44b6_c50204e0:184|57,0,p:65:1426,p:66:1944,p:66:1957,12.795262795269194,17.35025215955088,False,0,21.470388875044634
44b6_c50204e0,44b6_c50204e0:184,pil_only,58,pil_only|44b6_c50204e0:184|58,0,p:65:1426,p:66:1944,p:66:1958,10.531203634912773,11.604821196382131,False,0,16.333614233103837
44b6_c50204e0,44b6_c50204e0:184,pil_only,59,pil_only|44b6_c50204e0:184|59,0,p:65:1426,p:66:1944,p:66:1969,15.33021933959198,17.577062467886947,False,0,24.118750573535454
44b6_c50204e0,44b6_c50204e0:184,pil_only,60,pil_only|44b6_c50204e0:184|60,0,p:65:1426,p:66:1944,p:66:1970,13.101168840985142,10.405076885828379,False,0,18.30370728389933
44b6_c50204e0,44b6_c50204e0:184,pil_only,61,pil_only|44b6_c50204e0:184|61,0,p:65:1426,p:66:1944,p:66:1984,10.531203634912773,12.691655723348314,False,0,16.87703149658693
44b6_c50204e0,44b6_c50204e0:184,pil_only,62,pil_only|44b6_c50204e0:184|62,0,p:65:1426,p:66:1944,p:66:1991,10.531203634912773,19.02013735491939,False,0,20.04127231237247
44b6_c50204e0,44b6_c50204e0:184,pil_only,63,pil_only|44b6_c50204e0:184|63,0,p:65:1426,p:66:1944,p:66:2000,10.531203634912773,11.604821196382131,False,0,16.333614233103837
44b6_c50204e0,44b6_c50204e0:184,pil_only,64,pil_only|44b6_c50204e0:184|64,0,p:65:1426,p:66:1944,p:66:2030,10.531203634912773,17.948711652929298,False,0,19.505559461377423
44b6_c50204e0,44b6_c50204e0:184,pil_only,65,pil_only|44b6_c50204e0:184|65,0,p:65:1426,p:66:1944,p:66:2032,11.490485194281398,13.400093283257396,False,0,18.190531835910097
44b6_c50204e0,44b6_c50204e0:184,pil_only,66,pil_only|44b6_c50204e0:184|66,0,p:65:1426,p:66:1944,p:66:2033,15.41610359332085,16.57181341917655,False,0,23.702010302909123
44b6_c50204e0,44b6_c50204e0:184,pil_only,67,pil_only|44b6_c50204e0:184|67,0,p:65:1426,p:66:1944,p:66:2077,12.795262795269194,18.810734967034115,False,0,22.20063027878625
44b6_c50204e0,44b6_c50204e0:184,pil_only,68,pil_only|44b6_c50204e0:184|68,0,p:65:1426,p:66:1957,p:66:1958,12.795262795269194,5.859020822628983,False,0,15.724773206583684
44b6_c50204e0,44b6_c50204e0:184,pil_only,69,pil_only|44b6_c50204e0:184|69,0,p:65:1426,p:66:1957,p:66:1970,13.101168840985142,13.498263777241872,False,0,19.85030072960608
44b6_c50204e0,44b6_c50204e0:184,pil_only,70,pil_only|44b6_c50204e0:184|70,0,p:65:1426,p:66:1957,p:66:1980,14.072912811497128,9.334914300624297,False,0,18.740369961809275
44b6_c50204e0,44b6_c50204e0:184,pil_only,71,pil_only|44b6_c50204e0:184|71,0,p:65:1426,p:66:1957,p:66:1984,12.795262795269194,7.44668550430324,False,0,16.51860554742081
44b6_c50204e0,44b6_c50204e0:184,pil_only,72,pil_only|44b6_c50204e0:184|72,0,p:65:1426,p:66:1957,p:66:1990,14.625,16.809130703281475,False,0,23.029565351640738
44b6_c50204e0,44b6_c50204e0:184,pil_only,73,pil_only|44b6_c50204e0:184|73,0,p:65:1426,p:66:1957,p:66:1991,12.795262795269194,15.33021933959198,False,0,20.460372465065184
44b6_c50204e0,44b6_c50204e0:184,pil_only,74,pil_only|44b6_c50204e0:184|74,0,p:65:1426,p:66:1957,p:66:2000,12.795262795269194,16.331047884321446,False,0,20.960786737429917
44b6_c50204e0,44b6_c50204e0:184,pil_only,75,pil_only|44b6_c50204e0:184|75,0,p:65:1426,p:66:1957,p:66:2033,15.41610359332085,18.810734967034115,False,0,24.82147107683791
44b6_c50204e0,44b6_c50204e0:184,pil_only,76,pil_only|44b6_c50204e0:184|76,0,p:65:1426,p:66:1957,p:66:2042,14.804454566109486,16.65129499468435,False,0,23.13010206345166
44b6_c50204e0,44b6_c50204e0:184,pil_only,77,pil_only|44b6_c50204e0:184|77,0,p:65:1426,p:66:1957,p:66:2076,13.301198254292732,17.577062467886947,False,0,22.089729488236205
44b6_c50204e0,44b6_c50204e0:184,pil_only,78,pil_only|44b6_c50204e0:184|78,0,p:65:1426,p:66:1958,p:66:1970,13.101168840985142,10.017172754824587,False,0,18.109755218397435
44b6_c50204e0,44b6_c50204e0:184,pil_only,79,pil_only|44b6_c50204e0:184|79,0,p:65:1426,p:66:1958,p:66:1980,14.072912811497128,11.941262496067994,False,0,20.043544059531126
44b6_c50204e0,44b6_c50204e0:184,pil_only,80,pil_only|44b6_c50204e0:184|80,0,p:65:1426,p:66:1958,p:66:1984,8.125,3.9804208320226646,False,0,10.115210416011333
44b6_c50204e0,44b6_c50204e0:184,pil_only,81,pil_only|44b6_c50204e0:184|81,0,p:65:1426,p:66:1958,p:66:1990,14.625,16.730398979103875,False,0,22.990199489551937
44b6_c50204e0,44b6_c50204e0:184,pil_only,82,pil_only|44b6_c50204e0:184|82,0,p:65:1426,p:66:1958,p:66:1991,9.884489111734608,13.595725431178728,False,0,16.68235182732397
44b6_c50204e0,44b6_c50204e0:184,pil_only,83,pil_only|44b6_c50204e0:184|83,0,p:65:1426,p:66:1958,p:66:2000,8.125,11.718041645257966,False,0,13.984020822628983
44b6_c50204e0,44b6_c50204e0:184,pil_only,84,pil_only|44b6_c50204e0:184|84,0,p:65:1426,p:66:1958,p:66:2030,9.75,17.577062467886947,False,0,18.538531233943473
44b6_c50204e0,44b6_c50204e0:184,pil_only,85,pil_only|44b6_c50204e0:184|85,0,p:65:1426,p:66:1958,p:66:2032,11.490485194281398,18.022121822915302,False,0,20.50154610573905
44b6_c50204e0,44b6_c50204e0:184,pil_only,86,pil_only|44b6_c50204e0:184|86,0,p:65:1426,p:66:1958,p:66:2033,15.41610359332085,16.168545852982575,False,0,23.500376519812136
44b6_c50204e0,44b6_c50204e0:184,pil_only,87,pil_only|44b6_c50204e0:184|87,0,p:65:1426,p:66:1958,p:66:2042,14.804454566109486,17.35025215955088,False,0,23.479580645884926
44b6_c50204e0,44b6_c50204e0:184,pil_only,88,pil_only|44b6_c50204e0:184|88,0,p:65:1426,p:66:1958,p:66:2043,13.595725431178728,19.835652875567266,False,0,23.51355186896236
44b6_c50204e0,44b6_c50204e0:184,pil_only,89,pil_only|44b6_c50204e0:184|89,0,p:65:1426,p:66:1958,p:66:2076,13.301198254292732,17.04314378276496,False,0,21.822770145675214
44b6_c50204e0,44b6_c50204e0:184,pil_only,90,pil_only|44b6_c50204e0:184|90,0,p:65:1426,p:66:1958,p:66:2085,15.33021933959198,19.08942770226494,False,0,24.874933190724448
44b6_c50204e0,44b6_c50204e0:184,pil_only,91,pil_only|44b6_c50204e0:184|91,0,p:65:1426,p:66:1969,p:66:1984,15.33021933959198,19.63494970709118,False,0,25.14769419313757
44b6_c50204e0,44b6_c50204e0:184,pil_only,92,pil_only|44b6_c50204e0:184|92,0,p:65:1426,p:66:1969,p:66:1990,15.33021933959198,18.810734967034115,False,0,24.73558682310904
44b6_c50204e0,44b6_c50204e0:184,pil_only,93,pil_only|44b6_c50204e0:184|93,0,p:65:1426,p:66:1969,p:66:1991,15.33021933959198,14.89337100860648,False,0,22.77690484389522
44b6_c50204e0,44b6_c50204e0:184,pil_only,94,pil_only|44b6_c50204e0:184|94,0,p:65:1426,p:66:1969,p:66:1999,15.501512023025366,5.138701197773616,False,0,18.070862621912173
44b6_c50204e0,44b6_c50204e0:184,pil_only,95,pil_only|44b6_c50204e0:184|95,0,p:65:1426,p:66:1969,p:66:2000,15.33021933959198,12.795262795269194,False,0,21.72785073722658
44b6_c50204e0,44b6_c50204e0:184,pil_only,96,pil_only|44b6_c50204e0:184|96,0,p:65:1426,p:66:1969,p:66:2030,15.33021933959198,12.691655723348314,False,0,21.676047201266137
44b6_c50204e0,44b6_c50204e0:184,pil_only,97,pil_only|44b6_c50204e0:184|97,0,p:65:1426,p:66:1969,p:66:2032,15.33021933959198,17.875,False,0,24.26771933959198
44b6_c50204e0,44b6_c50204e0:184,pil_only,98,pil_only|44b6_c50204e0:184|98,0,p:65:1426,p:66:1969,p:66:2043,15.33021933959198,16.331047884321446,False,0,23.495743281752702
44b6_c50204e0,44b6_c50204e0:184,pil_only,99,pil_only|44b6_c50204e0:184|99,0,p:65:1426,p:66:1969,p:66:2077,15.33021933959198,18.740414216340042,False,0,24.700426447762002
44b6_c50204e0,44b6_c50204e0:184,pil_only,100,pil_only|44b6_c50204e0:184|100,0,p:65:1426,p:66:1970,p:66:1984,13.101168840985142,11.941262496067994,False,0,19.07180008901914
44b6_c50204e0,44b6_c50204e0:184,pil_only,101,pil_only|44b6_c50204e0:184|101,0,p:65:1426,p:66:1970,p:66:2000,13.101168840985142,15.754959536603069,False,0,20.978648609286676
44b6_c50204e0,44b6_c50204e0:184,pil_only,102,pil_only|44b6_c50204e0:184|102,0,p:65:1426,p:66:1970,p:66:2032,13.101168840985142,16.331047884321446,False,0,21.266692783145864
44b6_c50204e0,44b6_c50204e0:184,pil_only,103,pil_only|44b6_c50204e0:184|103,0,p:65:1426,p:66:1970,p:66:2033,15.41610359332085,9.884489111734608,False,0,20.358348149188153
44b6_c50204e0,44b6_c50204e0:184,pil_only,104,pil_only|44b6_c50204e0:184|104,0,p:65:1426,p:66:1970,p:66:2085,15.33021933959198,16.887495373796554,False,0,23.773967026490258
44b6_c50204e0,44b6_c50204e0:184,pil_only,105,pil_only|44b6_c50204e0:184|105,0,p:65:1426,p:66:1980,p:66:1984,14.072912811497128,10.277402395547233,False,0,19.211614009270743
44b6_c50204e0,44b6_c50204e0:184,pil_only,106,pil_only|44b6_c50204e0:184|106,0,p:65:1426,p:66:1980,p:66:1990,14.625,8.900491559458949,False,0,19.075245779729475
44b6_c50204e0,44b6_c50204e0:184,pil_only,107,pil_only|44b6_c50204e0:184|107,0,p:65:1426,p:66:1980,p:66:1991,14.072912811497128,10.017172754824587,False,0,19.081499188909422
44b6_c50204e0,44b6_c50204e0:184,pil_only,108,pil_only|44b6_c50204e0:184|108,0,p:65:1426,p:66:1980,p:66:2000,14.072912811497128,16.411695524838375,False,0,22.278760573916315
44b6_c50204e0,44b6_c50204e0:184,pil_only,109,pil_only|44b6_c50204e0:184|109,0,p:65:1426,p:66:1980,p:66:2030,14.072912811497128,18.598975106171846,False,0,23.37240036458305
44b6_c50204e0,44b6_c50204e0:184,pil_only,110,pil_only|44b6_c50204e0:184|110,0,p:65:1426,p:66:1980,p:66:2042,14.804454566109486,10.277402395547233,False,0,19.9431557638831
44b6_c50204e0,44b6_c50204e0:184,pil_only,111,pil_only|44b6_c50204e0:184|111,0,p:65:1426,p:66:1980,p:66:2043,14.072912811497128,16.331047884321446,False,0,22.23843675365785
44b6_c50204e0,44b6_c50204e0:184,pil_only,112,pil_only|44b6_c50204e0:184|112,0,p:65:1426,p:66:1980,p:66:2076,14.072912811497128,14.89337100860648,False,0,21.519598315800366
44b6_c50204e0,44b6_c50204e0:184,pil_only,113,pil_only|44b6_c50204e0:184|113,0,p:65:1426,p:66:1984,p:66:1990,14.625,13.978778558944269,False,0,21.614389279472135
44b6_c50204e0,44b6_c50204e0:184,pil_only,114,pil_only|44b6_c50204e0:184|114,0,p:65:1426,p:66:1984,p:66:1991,9.884489111734608,10.531203634912773,False,0,15.150090929190995
44b6_c50204e0,44b6_c50204e0:184,pil_only,115,pil_only|44b6_c50204e0:184|115,1,p:65:1426,p:66:1984,p:66:2000,5.3895152843275245,8.900491559458949,False,0,9.839761064056999
44b6_c50204e0,44b6_c50204e0:184,pil_only,116,pil_only|44b6_c50204e0:184|116,0,p:65:1426,p:66:1984,p:66:2030,9.75,14.072912811497128,False,0,16.786456405748563
44b6_c50204e0,44b6_c50204e0:184,pil_only,117,pil_only|44b6_c50204e0:184|117,0,p:65:1426,p:66:1984,p:66:2032,11.490485194281398,16.00439392791867,False,0,19.492682158240733
44b6_c50204e0,44b6_c50204e0:184,pil_only,118,pil_only|44b6_c50204e0:184|118,0,p:65:1426,p:66:1984,p:66:2033,15.41610359332085,15.670932486613552,False,0,23.251569836627624
44b6_c50204e0,44b6_c50204e0:184,pil_only,119,pil_only|44b6_c50204e0:184|119,0,p:65:1426,p:66:1984,p:66:2042,14.804454566109486,13.788582233137676,False,0,21.698745682678325
44b6_c50204e0,44b6_c50204e0:184,pil_only,120,pil_only|44b6_c50204e0:184|120,0,p:65:1426,p:66:1984,p:66:2043,13.595725431178728,16.00439392791867,False,0,21.597922395138063
44b6_c50204e0,44b6_c50204e0:184,pil_only,121,pil_only|44b6_c50204e0:184|121,0,p:65:1426,p:66:1984,p:66:2076,13.301198254292732,13.400093283257396,False,0,20.00124489592143
44b6_c50204e0,44b6_c50204e0:184,pil_only,122,pil_only|44b6_c50204e0:184|122,0,p:65:1426,p:66:1984,p:66:2077,12.795262795269194,16.965498076979642,False,0,21.278011833759017
44b6_c50204e0,44b6_c50204e0:184,pil_only,123,pil_only|44b6_c50204e0:184|123,0,p:65:1426,p:66:1984,p:66:2085,15.33021933959198,16.730398979103875,False,0,23.695418829143918
44b6_c50204e0,44b6_c50204e0:184,pil_only,124,pil_only|44b6_c50204e0:184|124,0,p:65:1426,p:66:1990,p:66:1991,14.625,5.138701197773616,False,0,17.194350598886807
44b6_c50204e0,44b6_c50204e0:184,pil_only,125,pil_only|44b6_c50204e0:184|125,0,p:65:1426,p:66:1990,p:66:1999,15.501512023025366,17.65201829820035,False,0,24.327521172125543
44b6_c50204e0,44b6_c50204e0:184,pil_only,126,pil_only|44b6_c50204e0:184|126,0,p:65:1426,p:66:1990,p:66:2000,14.625,15.069630055180518,False,0,22.15981502759026
44b6_c50204e0,44b6_c50204e0:184,pil_only,127,pil_only|44b6_c50204e0:184|127,0,p:65:1426,p:66:1990,p:66:2030,14.625,14.625,False,0,21.9375
44b6_c50204e0,44b6_c50204e0:184,pil_only,128,pil_only|44b6_c50204e0:184|128,0,p:65:1426,p:66:1990,p:66:2042,14.804454566109486,10.017172754824587,False,0,19.81304094352178
44b6_c50204e0,44b6_c50204e0:184,pil_only,129,pil_only|44b6_c50204e0:184|129,0,p:65:1426,p:66:1990,p:66:2043,14.625,10.65583760199075,False,0,19.952918800995377
44b6_c50204e0,44b6_c50204e0:184,pil_only,130,pil_only|44b6_c50204e0:184|130,0,p:65:1426,p:66:1990,p:66:2076,14.625,15.754959536603069,False,0,22.502479768301534
44b6_c50204e0,44b6_c50204e0:184,pil_only,131,pil_only|44b6_c50204e0:184|131,0,p:65:1426,p:66:1991,p:66:1999,15.501512023025366,13.978778558944269,False,0,22.4909013024975
44b6_c50204e0,44b6_c50204e0:184,pil_only,132,pil_only|44b6_c50204e0:184|132,0,p:65:1426,p:66:1991,p:66:2000,9.884489111734608,10.017172754824587,False,0,14.893075489146902
44b6_c50204e0,44b6_c50204e0:184,pil_only,133,pil_only|44b6_c50204e0:184|133,0,p:65:1426,p:66:1991,p:66:2030,9.884489111734608,10.405076885828379,False,0,15.087027554648797
44b6_c50204e0,44b6_c50204e0:184,pil_only,134,pil_only|44b6_c50204e0:184|134,0,p:65:1426,p:66:1991,p:66:2032,11.490485194281398,19.295805891436615,False,0,21.138388139999705
44b6_c50204e0,44b6_c50204e0:184,pil_only,135,pil_only|44b6_c50204e0:184|135,0,p:65:1426,p:66:1991,p:66:2042,14.804454566109486,10.531203634912773,False,0,20.070056383565873
44b6_c50204e0,44b6_c50204e0:184,pil_only,136,pil_only|44b6_c50204e0:184|136,0,p:65:1426,p:66:1991,p:66:2043,13.595725431178728,8.75089281159357,False,0,17.971171836975515
44b6_c50204e0,44b6_c50204e0:184,pil_only,137,pil_only|44b6_c50204e0:184|137,0,p:65:1426,p:66:1991,p:66:2076,13.301198254292732,13.978778558944269,False,0,20.290587533764867
44b6_c50204e0,44b6_c50204e0:184,pil_only,138,pil_only|44b6_c50204e0:184|138,0,p:65:1426,p:66:1991,p:66:2077,12.795262795269194,17.577062467886947,False,0,21.58379402921267
44b6_c50204e0,44b6_c50204e0:184,pil_only,139,pil_only|44b6_c50204e0:184|139,0,p:65:1426,p:66:1999,p:66:2000,15.501512023025366,12.375631297028852,False,0,21.689327671539793
44b6_c50204e0,44b6_c50204e0:184,pil_only,140,pil_only|44b6_c50204e0:184|140,0,p:65:1426,p:66:1999,p:66:2030,15.501512023025366,9.613629647536875,False,0,20.308326846793804
44b6_c50204e0,44b6_c50204e0:184,pil_only,141,pil_only|44b6_c50204e0:184|141,0,p:65:1426,p:66:1999,p:66:2032,15.501512023025366,16.965498076979642,False,0,23.984261061515188
44b6_c50204e0,44b6_c50204e0:184,pil_only,142,pil_only|44b6_c50204e0:184|142,0,p:65:1426,p:66:1999,p:66:2043,15.501512023025366,12.691655723348314,False,0,21.847339884699522
44b6_c50204e0,44b6_c50204e0:184,pil_only,143,pil_only|44b6_c50204e0:184|143,0,p:65:1426,p:66:1999,p:66:2077,15.501512023025366,16.00439392791867,False,0,23.5037089869847
44b6_c50204e0,44b6_c50204e0:184,pil_only,144,pil_only|44b6_c50204e0:184|144,0,p:65:1426,p:66:2000,p:66:2030,9.75,6.700046641628698,False,0,13.10002332081435
44b6_c50204e0,44b6_c50204e0:184,pil_only,145,pil_only|44b6_c50204e0:184|145,0,p:65:1426,p:66:2000,p:66:2032,11.490485194281398,9.613629647536875,False,0,16.297300018049835
44b6_c50204e0,44b6_c50204e0:184,pil_only,146,pil_only|44b6_c50204e0:184|146,0,p:65:1426,p:66:2000,p:66:2033,15.41610359332085,16.809130703281475,False,0,23.82066894496159
44b6_c50204e0,44b6_c50204e0:184,pil_only,147,pil_only|44b6_c50204e0:184|147,0,p:65:1426,p:66:2000,p:66:2042,14.804454566109486,15.41610359332085,False,0,22.512506362769912
44b6_c50204e0,44b6_c50204e0:184,pil_only,148,pil_only|44b6_c50204e0:184|148,0,p:65:1426,p:66:2000,p:66:2043,13.595725431178728,11.830178570080843,False,0,19.51081471621915
44b6_c50204e0,44b6_c50204e0:184,pil_only,149,pil_only|44b6_c50204e0:184|149,0,p:65:1426,p:66:2000,p:66:2076,13.301198254292732,13.595725431178728,False,0,20.099060969882096
44b6_c50204e0,44b6_c50204e0:184,pil_only,150,pil_only|44b6_c50204e0:184|150,0,p:65:1426,p:66:2000,p:66:2077,12.795262795269194,10.405076885828379,False,0,17.997801238183385
44b6_c50204e0,44b6_c50204e0:184,pil_only,151,pil_only|44b6_c50204e0:184|151,0,p:65:1426,p:66:2000,p:66:2085,15.33021933959198,15.41610359332085,False,0,23.038271136252405
44b6_c50204e0,44b6_c50204e0:184,pil_only,152,pil_only|44b6_c50204e0:184|152,0,p:65:1426,p:66:2030,p:66:2032,11.490485194281398,11.490485194281398,False,0,17.235727791422097
44b6_c50204e0,44b6_c50204e0:184,pil_only,153,pil_only|44b6_c50204e0:184|153,0,p:65:1426,p:66:2030,p:66:2042,14.804454566109486,14.072912811497128,False,0,21.84091097185805
44b6_c50204e0,44b6_c50204e0:184,pil_only,154,pil_only|44b6_c50204e0:184|154,0,p:65:1426,p:66:2030,p:66:2043,13.595725431178728,6.894291116568838,False,0,17.042870989463147
44b6_c50204e0,44b6_c50204e0:184,pil_only,155,pil_only|44b6_c50204e0:184|155,0,p:65:1426,p:66:2030,p:66:2076,13.301198254292732,12.481861840286488,False,0,19.542129174435978
44b6_c50204e0,44b6_c50204e0:184,pil_only,156,pil_only|44b6_c50204e0:184|156,0,p:65:1426,p:66:2030,p:66:2077,12.795262795269194,8.285906709588275,False,0,16.938216150063333
44b6_c50204e0,44b6_c50204e0:184,pil_only,157,pil_only|44b6_c50204e0:184|157,0,p:65:1426,p:66:2030,p:66:2085,15.33021933959198,16.331047884321446,False,0,23.495743281752702
44b6_c50204e0,44b6_c50204e0:184,pil_only,158,pil_only|44b6_c50204e0:184|158,0,p:65:1426,p:66:2032,p:66:2033,15.41610359332085,13.400093283257396,False,0,22.116150234949547
44b6_c50204e0,44b6_c50204e0:184,pil_only,159,pil_only|44b6_c50204e0:184|159,0,p:65:1426,p:66:2032,p:66:2043,13.595725431178728,17.948711652929298,False,0,22.570081257643377
44b6_c50204e0,44b6_c50204e0:184,pil_only,160,pil_only|44b6_c50204e0:184|160,0,p:65:1426,p:66:2032,p:66:2076,13.301198254292732,16.965498076979642,False,0,21.783947292782553
44b6_c50204e0,44b6_c50204e0:184,pil_only,161,pil_only|44b6_c50204e0:184|161,0,p:65:1426,p:66:2032,p:66:2077,12.795262795269194,6.894291116568838,False,0,16.242408353553614
44b6_c50204e0,44b6_c50204e0:184,pil_only,162,pil_only|44b6_c50204e0:184|162,0,p:65:1426,p:66:2032,p:66:2085,15.33021933959198,11.830178570080843,False,0,21.2453086246324
44b6_c50204e0,44b6_c50204e0:184,pil_only,163,pil_only|44b6_c50204e0:184|163,0,p:65:1426,p:66:2033,p:66:2076,15.41610359332085,17.273986945693807,False,0,24.05309706616775
44b6_c50204e0,44b6_c50204e0:184,pil_only,164,pil_only|44b6_c50204e0:184|164,0,p:65:1426,p:66:2033,p:66:2077,15.41610359332085,16.086679271993955,False,0,23.459443229317827
44b6_c50204e0,44b6_c50204e0:184,pil_only,165,pil_only|44b6_c50204e0:184|165,0,p:65:1426,p:66:2033,p:66:2085,15.41610359332085,8.75089281159357,False,0,19.791549999117635
44b6_c50204e0,44b6_c50204e0:184,pil_only,166,pil_only|44b6_c50204e0:184|166,0,p:65:1426,p:66:2042,p:66:2043,14.804454566109486,9.884489111734608,False,0,19.74669912197679
44b6_c50204e0,44b6_c50204e0:184,pil_only,167,pil_only|44b6_c50204e0:184|167,0,p:65:1426,p:66:2042,p:66:2076,14.804454566109486,7.267220926874317,False,0,18.438065029546646
44b6_c50204e0,44b6_c50204e0:184,pil_only,168,pil_only|44b6_c50204e0:184|168,0,p:65:1426,p:66:2042,p:66:2077,14.804454566109486,17.875,False,0,23.741954566109484
44b6_c50204e0,44b6_c50204e0:184,pil_only,169,pil_only|44b6_c50204e0:184|169,0,p:65:1426,p:66:2042,p:66:2085,15.33021933959198,18.52785065786099,False,0,24.594144668522475
44b6_c50204e0,44b6_c50204e0:184,pil_only,170,pil_only|44b6_c50204e0:184|170,0,p:65:1426,p:66:2043,p:66:2076,13.595725431178728,11.375,False,0,19.283225431178728
44b6_c50204e0,44b6_c50204e0:184,pil_only,171,pil_only|44b6_c50204e0:184|171,0,p:65:1426,p:66:2043,p:66:2077,13.595725431178728,13.400093283257396,False,0,20.295772072807427
44b6_c50204e0,44b6_c50204e0:184,pil_only,172,pil_only|44b6_c50204e0:184|172,0,p:65:1426,p:66:2043,p:66:2085,15.33021933959198,19.56759119053748,False,0,25.11401493486072
44b6_c50204e0,44b6_c50204e0:184,pil_only,173,pil_only|44b6_c50204e0:184|173,0,p:65:1426,p:66:2076,p:66:2077,13.301198254292732,12.691655723348314,False,0,19.647026115966888
44b6_c50204e0,44b6_c50204e0:184,pil_only,174,pil_only|44b6_c50204e0:184|174,0,p:65:1426,p:66:2076,p:66:2085,15.33021933959198,11.490485194281398,False,0,21.07546193673268
44b6_c50204e0,44b6_c50204e0:184,pil_only,175,pil_only|44b6_c50204e0:184|175,0,p:65:1426,p:66:2077,p:66:2085,15.33021933959198,10.405076885828379,False,0,20.53275778250617
44b6_c50204e0,44b6_c50204e0:43,union,0,union|44b6_c50204e0:43|0,0,c:28:240:155,c:29:664:166,c:29:686:233,14.981759743100941,7.621925609713073,False,0,18.792722547957478
44b6_c50204e0,44b6_c50204e0:43,union,1,union|44b6_c50204e0:43|1,0,c:28:240:155,c:29:664:166,c:29:695:117,14.981759743100941,8.125,False,0,19.04425974310094
44b6_c50204e0,44b6_c50204e0:43,union,2,union|44b6_c50204e0:43|2,0,c:28:240:155,c:29:664:166,c:29:703:185,14.981759743100941,16.086679271993955,False,0,23.025099379097917
44b6_c50204e0,44b6_c50204e0:43,union,3,union|44b6_c50204e0:43|3,0,c:28:240:155,c:29:664:166,c:29:725:116,14.981759743100941,14.259317129512198,False,0,22.11141830785704
44b6_c50204e0,44b6_c50204e0:43,union,4,union|44b6_c50204e0:43|4,0,c:28:240:155,c:29:664:166,c:29:728:197,15.754959536603069,19.835652875567266,False,0,25.672785974386702
44b6_c50204e0,44b6_c50204e0:43,union,5,union|44b6_c50204e0:43|5,0,c:28:240:155,c:29:664:166,c:29:738:5,15.33021933959198,19.63494970709118,False,0,25.14769419313757
44b6_c50204e0,44b6_c50204e0:43,union,6,union|44b6_c50204e0:43|6,0,c:28:240:155,c:29:664:166,c:29:741:132,14.981759743100941,13.978778558944269,False,0,21.971149022573076
44b6_c50204e0,44b6_c50204e0:43,union,7,union|44b6_c50204e0:43|7,0,c:28:240:155,c:29:664:166,c:29:750:151,14.981759743100941,17.50178562318714,False,0,23.73265255469451
44b6_c50204e0,44b6_c50204e0:43,union,8,union|44b6_c50204e0:43|8,0,c:28:240:155,c:29:664:166,c:29:758:141,14.981759743100941,16.331047884321446,False,0,23.147283685261662
44b6_c50204e0,44b6_c50204e0:43,union,9,union|44b6_c50204e0:43|9,0,c:28:240:155,c:29:664:166,c:29:770:136,14.981759743100941,16.411695524838375,False,0,23.187607505520127
44b6_c50204e0,44b6_c50204e0:43,union,10,union|44b6_c50204e0:43|10,0,c:28:240:155,c:29:664:166,f:29:123,14.981759743100941,14.445273146565311,True,1,22.204396316383598
44b6_c50204e0,44b6_c50204e0:43,union,11,union|44b6_c50204e0:43|11,0,c:28:240:155,c:29:664:166,f:29:203,14.981759743100941,14.102398068888952,True,1,22.032958777545417
44b6_c50204e0,44b6_c50204e0:43,union,12,union|44b6_c50204e0:43|12,0,c:28:240:155,c:29:686:233,c:29:695:117,12.481861840286488,12.481861840286488,False,0,18.722792760429734
44b6_c50204e0,44b6_c50204e0:43,union,13,union|44b6_c50204e0:43|13,0,c:28:240:155,c:29:686:233,c:29:703:185,14.072912811497128,12.160386507015309,False,0,20.15310606500478
44b6_c50204e0,44b6_c50204e0:43,union,14,union|44b6_c50204e0:43|14,0,c:28:240:155,c:29:686:233,c:29:725:116,12.481861840286488,14.625,False,0,19.794361840286488
44b6_c50204e0,44b6_c50204e0:43,union,15,union|44b6_c50204e0:43|15,0,c:28:240:155,c:29:686:233,c:29:727:139,15.754959536603069,14.625,False,0,23.067459536603067
44b6_c50204e0,44b6_c50204e0:43,union,16,union|44b6_c50204e0:43|16,0,c:28:240:155,c:29:686:233,c:29:728:197,15.754959536603069,12.268480957314969,False,0,21.889200015260553
44b6_c50204e0,44b6_c50204e0:43,union,17,union|44b6_c50204e0:43|17,0,c:28:240:155,c:29:686:233,c:29:741:132,12.481861840286488,8.285906709588275,False,0,16.624815195080625
44b6_c50204e0,44b6_c50204e0:43,union,18,union|44b6_c50204e0:43|18,0,c:28:240:155,c:29:686:233,c:29:749:165,15.069630055180518,14.625,False,0,22.382130055180518
44b6_c50204e0,44b6_c50204e0:43,union,19,union|44b6_c50204e0:43|19,0,c:28:240:155,c:29:686:233,c:29:750:151,13.884006086140989,15.754959536603069,False,0,21.761485854442522
44b6_c50204e0,44b6_c50204e0:43,union,20,union|44b6_c50204e0:43|20,0,c:28:240:155,c:29:686:233,c:29:758:141,12.481861840286488,11.604821196382131,False,0,18.284272438477554
44b6_c50204e0,44b6_c50204e0:43,union,21,union|44b6_c50204e0:43|21,0,c:28:240:155,c:29:686:233,c:29:770:136,12.481861840286488,14.89337100860648,False,0,19.928547344589727
44b6_c50204e0,44b6_c50204e0:43,union,22,union|44b6_c50204e0:43|22,0,c:28:240:155,c:29:686:233,c:29:781:213,14.259317129512198,17.948711652929298,False,0,23.233672955976846
44b6_c50204e0,44b6_c50204e0:43,union,23,union|44b6_c50204e0:43|23,0,c:28:240:155,c:29:686:233,c:29:785:167,12.481861840286488,18.810734967034115,False,0,21.887229323803545
44b6_c50204e0,44b6_c50204e0:43,union,24,union|44b6_c50204e0:43|24,0,c:28:240:155,c:29:686:233,f:29:123,14.147547210258614,18.727548440114013,True,1,23.51132143031562
44b6_c50204e0,44b6_c50204e0:43,union,25,union|44b6_c50204e0:43|25,0,c:28:240:155,c:29:686:233,f:29:203,13.082471815119757,12.529289686307154,True,1,19.347116658273332
44b6_c50204e0,44b6_c50204e0:43,union,26,union|44b6_c50204e0:43|26,0,c:28:240:155,c:29:695:117,c:29:703:185,14.072912811497128,15.501512023025366,False,0,21.82366882300981
44b6_c50204e0,44b6_c50204e0:43,union,27,union|44b6_c50204e0:43|27,0,c:28:240:155,c:29:695:117,c:29:725:116,12.160386507015309,8.285906709588275,False,0,16.303339861809448
44b6_c50204e0,44b6_c50204e0:43,union,28,union|44b6_c50204e0:43|28,0,c:28:240:155,c:29:695:117,c:29:738:5,15.33021933959198,12.268480957314969,False,0,21.464459818249466
44b6_c50204e0,44b6_c50204e0:43,union,29,union|44b6_c50204e0:43|29,0,c:28:240:155,c:29:695:117,c:29:741:132,12.160386507015309,15.33021933959198,False,0,19.8254961768113
44b6_c50204e0,44b6_c50204e0:43,union,30,union|44b6_c50204e0:43|30,0,c:28:240:155,c:29:695:117,c:29:750:151,13.884006086140989,19.295805891436615,False,0,23.531909031859296
44b6_c50204e0,44b6_c50204e0:43,union,31,union|44b6_c50204e0:43|31,0,c:28:240:155,c:29:695:117,c:29:758:141,12.160386507015309,16.57181341917655,False,0,20.446293216603586
44b6_c50204e0,44b6_c50204e0:43,union,32,union|44b6_c50204e0:43|32,0,c:28:240:155,c:29:695:117,c:29:770:136,12.160386507015309,14.072912811497128,False,0,19.196842912763874
44b6_c50204e0,44b6_c50204e0:43,union,33,union|44b6_c50204e0:43|33,0,c:28:240:155,c:29:695:117,c:29:785:167,12.160386507015309,17.875,False,0,21.09788650701531
44b6_c50204e0,44b6_c50204e0:43,union,34,union|44b6_c50204e0:43|34,0,c:28:240:155,c:29:695:117,c:29:792:23,13.978778558944269,17.04314378276496,False,0,22.50035045032675
44b6_c50204e0,44b6_c50204e0:43,union,35,union|44b6_c50204e0:43|35,0,c:28:240:155,c:29:695:117,f:29:123,14.147547210258614,9.29953919543201,True,1,18.797316807974617
44b6_c50204e0,44b6_c50204e0:43,union,36,union|44b6_c50204e0:43|36,0,c:28:240:155,c:29:695:117,f:29:203,13.082471815119757,16.87199127627608,True,1,21.5184674532578
44b6_c50204e0,44b6_c50204e0:43,union,37,union|44b6_c50204e0:43|37,0,c:28:240:155,c:29:703:185,c:29:725:116,14.072912811497128,10.900831390311474,False,0,19.523328506652867
44b6_c50204e0,44b6_c50204e0:43,union,38,union|44b6_c50204e0:43|38,0,c:28:240:155,c:29:703:185,c:29:727:139,15.754959536603069,6.700046641628698,False,0,19.10498285741742
44b6_c50204e0,44b6_c50204e0:43,union,39,union|44b6_c50204e0:43|39,0,c:28:240:155,c:29:703:185,c:29:728:197,15.754959536603069,13.498263777241872,False,0,22.504091425224004
44b6_c50204e0,44b6_c50204e0:43,union,40,union|44b6_c50204e0:43|40,0,c:28:240:155,c:29:703:185,c:29:738:5,15.33021933959198,16.086679271993955,False,0,23.373558975588956
44b6_c50204e0,44b6_c50204e0:43,union,41,union|44b6_c50204e0:43|41,0,c:28:240:155,c:29:703:185,c:29:741:132,14.072912811497128,13.595725431178728,False,0,20.870775527086494
44b6_c50204e0,44b6_c50204e0:43,union,42,union|44b6_c50204e0:43|42,0,c:28:240:155,c:29:703:185,c:29:749:165,15.069630055180518,13.101168840985142,False,0,21.620214475673087
44b6_c50204e0,44b6_c50204e0:43,union,43,union|44b6_c50204e0:43|43,0,c:28:240:155,c:29:703:185,c:29:758:141,14.072912811497128,16.168545852982575,False,0,22.157185737988414
44b6_c50204e0,44b6_c50204e0:43,union,44,union|44b6_c50204e0:43|44,0,c:28:240:155,c:29:703:185,c:29:770:136,14.072912811497128,19.22725929507375,False,0,23.686542459034
44b6_c50204e0,44b6_c50204e0:43,union,45,union|44b6_c50204e0:43|45,0,c:28:240:155,c:29:703:185,c:29:785:167,14.072912811497128,13.978778558944269,False,0,21.06230209096926
44b6_c50204e0,44b6_c50204e0:43,union,46,union|44b6_c50204e0:43|46,0,c:28:240:155,c:29:703:185,c:29:793:122,15.41610359332085,16.00439392791867,False,0,23.418300557280183
44b6_c50204e0,44b6_c50204e0:43,union,47,union|44b6_c50204e0:43|47,0,c:28:240:155,c:29:703:185,c:29:794:124,15.41610359332085,17.577062467886947,False,0,24.20463482726432
44b6_c50204e0,44b6_c50204e0:43,union,48,union|44b6_c50204e0:43|48,0,c:28:240:155,c:29:703:185,c:29:801:120,14.072912811497128,16.331047884321446,False,0,22.23843675365785
44b6_c50204e0,44b6_c50204e0:43,union,49,union|44b6_c50204e0:43|49,0,c:28:240:155,c:29:725:116,c:29:727:139,15.754959536603069,16.086679271993955,False,0,23.798299172600046
44b6_c50204e0,44b6_c50204e0:43,union,50,union|44b6_c50204e0:43|50,0,c:28:240:155,c:29:725:116,c:29:738:5,15.33021933959198,6.700046641628698,False,0,18.68024266040633
44b6_c50204e0,44b6_c50204e0:43,union,51,union|44b6_c50204e0:43|51,0,c:28:240:155,c:29:725:116,c:29:741:132,10.017172754824587,14.804454566109486,False,0,17.41940003787933
44b6_c50204e0,44b6_c50204e0:43,union,52,union|44b6_c50204e0:43|52,0,c:28:240:155,c:29:725:116,c:29:749:165,15.069630055180518,19.90210416011332,False,0,25.02068213523718
44b6_c50204e0,44b6_c50204e0:43,union,53,union|44b6_c50204e0:43|53,0,c:28:240:155,c:29:725:116,c:29:758:141,10.017172754824587,15.754959536603069,False,0,17.894652523126123
44b6_c50204e0,44b6_c50204e0:43,union,54,union|44b6_c50204e0:43|54,0,c:28:240:155,c:29:725:116,c:29:770:136,10.017172754824587,14.259317129512198,False,0,17.146831319580684
44b6_c50204e0,44b6_c50204e0:43,union,55,union|44b6_c50204e0:43|55,0,c:28:240:155,c:29:725:116,c:29:785:167,10.017172754824587,11.375,False,0,15.704672754824587
44b6_c50204e0,44b6_c50204e0:43,union,56,union|44b6_c50204e0:43|56,0,c:28:240:155,c:29:725:116,c:29:792:23,13.978778558944269,14.351611407782752,False,0,21.154584262835645
44b6_c50204e0,44b6_c50204e0:43,union,57,union|44b6_c50204e0:43|57,0,c:28:240:155,c:29:725:116,c:29:793:122,15.41610359332085,13.978778558944269,False,0,22.405492872792983
44b6_c50204e0,44b6_c50204e0:43,union,58,union|44b6_c50204e0:43|58,0,c:28:240:155,c:29:725:116,c:29:801:120,13.978778558944269,17.35025215955088,False,0,22.65390463871971
44b6_c50204e0,44b6_c50204e0:43,union,59,union|44b6_c50204e0:43|59,0,c:28:240:155,c:29:725:116,f:29:123,14.147547210258614,14.437600573649231,True,1,21.36634749708323
44b6_c50204e0,44b6_c50204e0:43,union,60,union|44b6_c50204e0:43|60,0,c:28:240:155,c:29:727:139,c:29:728:197,15.754959536603069,9.475296829123613,False,0,20.492607951164874
44b6_c50204e0,44b6_c50204e0:43,union,61,union|44b6_c50204e0:43|61,0,c:28:240:155,c:29:727:139,c:29:741:132,15.754959536603069,13.498263777241872,False,0,22.504091425224004
44b6_c50204e0,44b6_c50204e0:43,union,62,union|44b6_c50204e0:43|62,0,c:28:240:155,c:29:727:139,c:29:749:165,15.754959536603069,7.960841664045329,False,0,19.735380368625734
44b6_c50204e0,44b6_c50204e0:43,union,63,union|44b6_c50204e0:43|63,0,c:28:240:155,c:29:727:139,c:29:758:141,15.754959536603069,15.754959536603069,False,0,23.632439304904604
44b6_c50204e0,44b6_c50204e0:43,union,64,union|44b6_c50204e0:43|64,0,c:28:240:155,c:29:727:139,c:29:785:167,15.754959536603069,14.259317129512198,False,0,22.884618101359166
44b6_c50204e0,44b6_c50204e0:43,union,65,union|44b6_c50204e0:43|65,0,c:28:240:155,c:29:727:139,c:29:793:122,15.754959536603069,16.411695524838375,False,0,23.960807299022257
44b6_c50204e0,44b6_c50204e0:43,union,66,union|44b6_c50204e0:43|66,0,c:28:240:155,c:29:727:139,c:29:794:124,15.754959536603069,12.795262795269194,False,0,22.152590934237665
44b6_c50204e0,44b6_c50204e0:43,union,67,union|44b6_c50204e0:43|67,0,c:28:240:155,c:29:727:139,c:29:801:120,15.754959536603069,13.788582233137676,False,0,22.649250653171908
44b6_c50204e0,44b6_c50204e0:43,union,68,union|44b6_c50204e0:43|68,0,c:28:240:155,c:29:728:197,c:29:741:132,15.754959536603069,9.613629647536875,False,0,20.56177436037151
44b6_c50204e0,44b6_c50204e0:43,union,69,union|44b6_c50204e0:43|69,0,c:28:240:155,c:29:728:197,c:29:749:165,15.754959536603069,3.9804208320226646,False,0,17.7451699526144
44b6_c50204e0,44b6_c50204e0:43,union,70,union|44b6_c50204e0:43|70,0,c:28:240:155,c:29:728:197,c:29:750:151,15.754959536603069,19.835652875567266,False,0,25.672785974386702
44b6_c50204e0,44b6_c50204e0:43,union,71,union|44b6_c50204e0:43|71,0,c:28:240:155,c:29:728:197,c:29:758:141,15.754959536603069,11.941262496067994,False,0,21.725590784637067
44b6_c50204e0,44b6_c50204e0:43,union,72,union|44b6_c50204e0:43|72,0,c:28:240:155,c:29:728:197,c:29:770:136,15.754959536603069,18.740414216340042,False,0,25.12516664477309
44b6_c50204e0,44b6_c50204e0:43,union,73,union|44b6_c50204e0:43|73,0,c:28:240:155,c:29:728:197,c:29:781:213,15.754959536603069,16.809130703281475,False,0,24.15952488824381
44b6_c50204e0,44b6_c50204e0:43,union,74,union|44b6_c50204e0:43|74,0,c:28:240:155,c:29:728:197,c:29:785:167,15.754959536603069,17.875,False,0,24.692459536603067
44b6_c50204e0,44b6_c50204e0:43,union,75,union|44b6_c50204e0:43|75,0,c:28:240:155,c:29:728:197,c:29:794:124,15.754959536603069,11.941262496067994,False,0,21.725590784637067
44b6_c50204e0,44b6_c50204e0:43,union,76,union|44b6_c50204e0:43|76,0,c:28:240:155,c:29:728:197,c:29:801:120,15.754959536603069,17.35025215955088,False,0,24.43008561637851
44b6_c50204e0,44b6_c50204e0:43,union,77,union|44b6_c50204e0:43|77,0,c:28:240:155,c:29:728:197,f:29:203,15.754959536603069,18.255921586161282,True,1,24.88292032968371
44b6_c50204e0,44b6_c50204e0:43,union,78,union|44b6_c50204e0:43|78,0,c:28:240:155,c:29:738:5,c:29:770:136,15.33021933959198,18.810734967034115,False,0,24.73558682310904
44b6_c50204e0,44b6_c50204e0:43,union,79,union|44b6_c50204e0:43|79,0,c:28:240:155,c:29:738:5,c:29:785:167,15.33021933959198,14.351611407782752,False,0,22.506025043483355
44b6_c50204e0,44b6_c50204e0:43,union,80,union|44b6_c50204e0:43|80,0,c:28:240:155,c:29:738:5,c:29:792:23,15.33021933959198,13.101168840985142,False,0,21.880803760084554
44b6_c50204e0,44b6_c50204e0:43,union,81,union|44b6_c50204e0:43|81,0,c:28:240:155,c:29:738:5,c:29:793:122,15.41610359332085,14.259317129512198,False,0,22.545762158076947
44b6_c50204e0,44b6_c50204e0:43,union,82,union|44b6_c50204e0:43|82,0,c:28:240:155,c:29:738:5,f:29:123,15.33021933959198,16.2984271456151,True,1,23.47943291239953
44b6_c50204e0,44b6_c50204e0:43,union,83,union|44b6_c50204e0:43|83,0,c:28:240:155,c:29:741:132,c:29:749:165,15.069630055180518,10.405076885828379,False,0,20.272168498094707
44b6_c50204e0,44b6_c50204e0:43,union,84,union|44b6_c50204e0:43|84,0,c:28:240:155,c:29:741:132,c:29:750:151,13.884006086140989,11.941262496067994,False,0,19.854637334174985
44b6_c50204e0,44b6_c50204e0:43,union,85,union|44b6_c50204e0:43|85,0,c:28:240:155,c:29:741:132,c:29:758:141,7.44668550430324,3.6336104634371584,False,0,9.263490736021819
44b6_c50204e0,44b6_c50204e0:43,union,86,union|44b6_c50204e0:43|86,1,c:28:240:155,c:29:741:132,c:29:770:136,7.44668550430324,9.475296829123613,False,0,12.184333918865047
44b6_c50204e0,44b6_c50204e0:43,union,87,union|44b6_c50204e0:43|87,0,c:28:240:155,c:29:741:132,c:29:781:213,14.259317129512198,11.258330249197702,False,0,19.888482254111047
44b6_c50204e0,44b6_c50204e0:43,union,88,union|44b6_c50204e0:43|88,0,c:28:240:155,c:29:741:132,c:29:785:167,8.75089281159357,13.595725431178728,False,0,15.548755527182934
44b6_c50204e0,44b6_c50204e0:43,union,89,union|44b6_c50204e0:43|89,0,c:28:240:155,c:29:741:132,c:29:794:124,15.41610359332085,13.884006086140989,False,0,22.358106636391344
44b6_c50204e0,44b6_c50204e0:43,union,90,union|44b6_c50204e0:43|90,0,c:28:240:155,c:29:741:132,c:29:801:120,13.978778558944269,16.331047884321446,False,0,22.144302501104992
44b6_c50204e0,44b6_c50204e0:43,union,91,union|44b6_c50204e0:43|91,0,c:28:240:155,c:29:741:132,f:29:123,14.147547210258614,18.79915720760224,True,1,23.547125814059733
44b6_c50204e0,44b6_c50204e0:43,union,92,union|44b6_c50204e0:43|92,0,c:28:240:155,c:29:741:132,f:29:203,13.082471815119757,10.351317148559861,True,1,18.25813038939969
44b6_c50204e0,44b6_c50204e0:43,union,93,union|44b6_c50204e0:43|93,0,c:28:240:155,c:29:749:165,c:29:758:141,15.069630055180518,11.941262496067994,False,0,21.040261303214514
44b6_c50204e0,44b6_c50204e0:43,union,94,union|44b6_c50204e0:43|94,0,c:28:240:155,c:29:749:165,c:29:770:136,15.069630055180518,18.45645212385089,False,0,24.297856117105965
44b6_c50204e0,44b6_c50204e0:43,union,95,union|44b6_c50204e0:43|95,0,c:28:240:155,c:29:749:165,c:29:781:213,15.069630055180518,17.273986945693807,False,0,23.70662352802742
44b6_c50204e0,44b6_c50204e0:43,union,96,union|44b6_c50204e0:43|96,0,c:28:240:155,c:29:749:165,c:29:785:167,15.069630055180518,15.33021933959198,False,0,22.734739724976507
44b6_c50204e0,44b6_c50204e0:43,union,97,union|44b6_c50204e0:43|97,0,c:28:240:155,c:29:749:165,c:29:793:122,15.41610359332085,19.63494970709118,False,0,25.23357844686644
44b6_c50204e0,44b6_c50204e0:43,union,98,union|44b6_c50204e0:43|98,0,c:28:240:155,c:29:749:165,c:29:794:124,15.41610359332085,8.285906709588275,False,0,19.559056948114986
44b6_c50204e0,44b6_c50204e0:43,union,99,union|44b6_c50204e0:43|99,0,c:28:240:155,c:29:749:165,c:29:801:120,15.069630055180518,13.788582233137676,False,0,21.963921171749355
44b6_c50204e0,44b6_c50204e0:43,union,100,union|44b6_c50204e0:43|100,0,c:28:240:155,c:29:749:165,f:29:203,15.069630055180518,19.99039550742813,True,1,25.064827808894584
44b6_c50204e0,44b6_c50204e0:43,union,101,union|44b6_c50204e0:43|101,0,c:28:240:155,c:29:750:151,c:29:758:141,13.884006086140989,10.405076885828379,False,0,19.08654452905518
44b6_c50204e0,44b6_c50204e0:43,union,102,union|44b6_c50204e0:43|102,0,c:28:240:155,c:29:750:151,c:29:770:136,13.884006086140989,10.017172754824587,False,0,18.89259246355328
44b6_c50204e0,44b6_c50204e0:43,union,103,union|44b6_c50204e0:43|103,0,c:28:240:155,c:29:750:151,c:29:781:213,14.259317129512198,7.621925609713073,False,0,18.070279934368735
44b6_c50204e0,44b6_c50204e0:43,union,104,union|44b6_c50204e0:43|104,0,c:28:240:155,c:29:750:151,f:29:123,14.147547210258614,17.307269276116067,True,1,22.801181848316645
44b6_c50204e0,44b6_c50204e0:43,union,105,union|44b6_c50204e0:43|105,0,c:28:240:155,c:29:750:151,f:29:203,13.884006086140989,3.6639468191286255,True,1,15.715979495705302
44b6_c50204e0,44b6_c50204e0:43,union,106,union|44b6_c50204e0:43|106,0,c:28:240:155,c:29:758:141,c:29:770:136,6.5,7.083210783253595,False,0,10.041605391626797
44b6_c50204e0,44b6_c50204e0:43,union,107,union|44b6_c50204e0:43|107,0,c:28:240:155,c:29:758:141,c:29:781:213,14.259317129512198,8.75089281159357,False,0,18.634763535308984
44b6_c50204e0,44b6_c50204e0:43,union,108,union|44b6_c50204e0:43|108,0,c:28:240:155,c:29:758:141,c:29:785:167,8.75089281159357,12.691655723348314,False,0,15.096720673267725
44b6_c50204e0,44b6_c50204e0:43,union,109,union|44b6_c50204e0:43|109,0,c:28:240:155,c:29:758:141,c:29:792:23,13.978778558944269,19.63494970709118,False,0,23.79625341248986
44b6_c50204e0,44b6_c50204e0:43,union,110,union|44b6_c50204e0:43|110,0,c:28:240:155,c:29:758:141,c:29:793:122,15.41610359332085,19.63494970709118,False,0,25.23357844686644
44b6_c50204e0,44b6_c50204e0:43,union,111,union|44b6_c50204e0:43|111,0,c:28:240:155,c:29:758:141,c:29:794:124,15.41610359332085,13.201562407533435,False,0,22.016884797087567
44b6_c50204e0,44b6_c50204e0:43,union,112,union|44b6_c50204e0:43|112,0,c:28:240:155,c:29:758:141,c:29:801:120,13.978778558944269,15.41610359332085,False,0,21.686830355604695
44b6_c50204e0,44b6_c50204e0:43,union,113,union|44b6_c50204e0:43|113,0,c:28:240:155,c:29:758:141,f:29:123,14.147547210258614,18.325285752361793,True,1,23.310190086439512
44b6_c50204e0,44b6_c50204e0:43,union,114,union|44b6_c50204e0:43|114,0,c:28:240:155,c:29:758:141,f:29:203,13.082471815119757,9.928128497358879,True,1,18.046536063799195
44b6_c50204e0,44b6_c50204e0:43,union,115,union|44b6_c50204e0:43|115,0,c:28:240:155,c:29:770:136,c:29:781:213,14.259317129512198,11.490485194281398,False,0,20.004559726652897
44b6_c50204e0,44b6_c50204e0:43,union,116,union|44b6_c50204e0:43|116,0,c:28:240:155,c:29:770:136,c:29:785:167,8.75089281159357,12.795262795269194,False,0,15.148524209228167
44b6_c50204e0,44b6_c50204e0:43,union,117,union|44b6_c50204e0:43|117,0,c:28:240:155,c:29:770:136,c:29:792:23,13.978778558944269,13.884006086140989,False,0,20.920781602014763
44b6_c50204e0,44b6_c50204e0:43,union,118,union|44b6_c50204e0:43|118,0,c:28:240:155,c:29:770:136,c:29:793:122,15.41610359332085,19.56759119053748,False,0,25.19989918858959
44b6_c50204e0,44b6_c50204e0:43,union,119,union|44b6_c50204e0:43|119,0,c:28:240:155,c:29:770:136,c:29:794:124,15.41610359332085,18.16805231718579,False,0,24.500129751913747
44b6_c50204e0,44b6_c50204e0:43,union,120,union|44b6_c50204e0:43|120,0,c:28:240:155,c:29:770:136,c:29:801:120,13.978778558944269,17.577062467886947,False,0,22.767309792887744
44b6_c50204e0,44b6_c50204e0:43,union,121,union|44b6_c50204e0:43|121,0,c:28:240:155,c:29:770:136,f:29:123,14.147547210258614,12.637571460351525,True,1,20.466332940434377
44b6_c50204e0,44b6_c50204e0:43,union,122,union|44b6_c50204e0:43|122,0,c:28:240:155,c:29:770:136,f:29:203,13.082471815119757,10.30214257861293,True,1,18.23354310442622
44b6_c50204e0,44b6_c50204e0:43,union,123,union|44b6_c50204e0:43|123,0,c:28:240:155,c:29:781:213,c:29:785:167,14.259317129512198,19.90210416011332,False,0,24.21036920956886
44b6_c50204e0,44b6_c50204e0:43,union,124,union|44b6_c50204e0:43|124,0,c:28:240:155,c:29:781:213,c:29:794:124,15.41610359332085,17.273986945693807,False,0,24.05309706616775
44b6_c50204e0,44b6_c50204e0:43,union,125,union|44b6_c50204e0:43|125,0,c:28:240:155,c:29:781:213,f:29:203,14.259317129512198,9.762213292933938,True,1,19.140423775979166
44b6_c50204e0,44b6_c50204e0:43,union,126,union|44b6_c50204e0:43|126,0,c:28:240:155,c:29:785:167,c:29:792:23,13.978778558944269,14.072912811497128,False,0,21.015234964692834
44b6_c50204e0,44b6_c50204e0:43,union,127,union|44b6_c50204e0:43|127,0,c:28:240:155,c:29:785:167,c:29:793:122,15.41610359332085,7.083210783253595,False,0,18.957708984947647
44b6_c50204e0,44b6_c50204e0:43,union,128,union|44b6_c50204e0:43|128,0,c:28:240:155,c:29:785:167,c:29:794:124,15.41610359332085,12.481861840286488,False,0,21.657034513464094
44b6_c50204e0,44b6_c50204e0:43,union,129,union|44b6_c50204e0:43|129,0,c:28:240:155,c:29:785:167,c:29:801:120,13.978778558944269,6.700046641628698,False,0,17.32880187975862
44b6_c50204e0,44b6_c50204e0:43,union,130,union|44b6_c50204e0:43|130,0,c:28:240:155,c:29:792:23,c:29:793:122,15.41610359332085,16.57181341917655,False,0,23.702010302909123
44b6_c50204e0,44b6_c50204e0:43,union,131,union|44b6_c50204e0:43|131,0,c:28:240:155,c:29:792:23,c:29:801:120,13.978778558944269,19.90210416011332,False,0,23.92983063900093
44b6_c50204e0,44b6_c50204e0:43,union,132,union|44b6_c50204e0:43|132,0,c:28:240:155,c:29:792:23,f:29:123,14.147547210258614,13.676557298705292,True,1,20.98582585961126
44b6_c50204e0,44b6_c50204e0:43,union,133,union|44b6_c50204e0:43|133,0,c:28:240:155,c:29:793:122,c:29:794:124,15.41610359332085,16.25,False,0,23.541103593320848
44b6_c50204e0,44b6_c50204e0:43,union,134,union|44b6_c50204e0:43|134,0,c:28:240:155,c:29:793:122,c:29:801:120,15.41610359332085,8.285906709588275,False,0,19.559056948114986
44b6_c50204e0,44b6_c50204e0:43,union,135,union|44b6_c50204e0:43|135,0,c:28:240:155,c:29:794:124,c:29:801:120,15.41610359332085,8.285906709588275,False,0,19.559056948114986
44b6_c50204e0,44b6_c50204e0:43,union,136,union|44b6_c50204e0:43|136,0,c:28:240:155,f:29:123,f:29:203,14.147547210258614,16.2668359027174,True,2,22.280965161617313
44b6_c50204e0,44b6_c50204e0:184,union,0,union|44b6_c50204e0:184|0,0,c:65:1426:834,c:66:1900:828,c:66:1913:881,15.33021933959198,7.083210783253595,False,0,18.87182473121878
44b6_c50204e0,44b6_c50204e0:184,union,1,union|44b6_c50204e0:184|1,0,c:65:1426:834,c:66:1900:828,c:66:1916:858,15.33021933959198,11.604821196382131,False,0,21.132629937783047
44b6_c50204e0,44b6_c50204e0:184,union,2,union|44b6_c50204e0:184|2,0,c:65:1426:834,c:66:1900:828,c:66:1924:882,15.33021933959198,14.351611407782752,False,0,22.506025043483355
44b6_c50204e0,44b6_c50204e0:184,union,3,union|44b6_c50204e0:184|3,0,c:65:1426:834,c:66:1900:828,c:66:1939:887,15.33021933959198,8.285906709588275,False,0,19.47317269438612
44b6_c50204e0,44b6_c50204e0:184,union,4,union|44b6_c50204e0:184|4,0,c:65:1426:834,c:66:1900:828,c:66:1944:832,15.33021933959198,17.273986945693807,False,0,23.967212812438884
44b6_c50204e0,44b6_c50204e0:184,union,5,union|44b6_c50204e0:184|5,0,c:65:1426:834,c:66:1900:828,c:66:1957:903,15.33021933959198,10.900831390311474,False,0,20.780635034747718
44b6_c50204e0,44b6_c50204e0:184,union,6,union|44b6_c50204e0:184|6,0,c:65:1426:834,c:66:1900:828,c:66:1958:874,15.33021933959198,10.531203634912773,False,0,20.595821157048366
44b6_c50204e0,44b6_c50204e0:184,union,7,union|44b6_c50204e0:184|7,0,c:65:1426:834,c:66:1900:828,c:66:1970:898,15.33021933959198,19.22725929507375,False,0,24.943848987128856
44b6_c50204e0,44b6_c50204e0:184,union,8,union|44b6_c50204e0:184|8,0,c:65:1426:834,c:66:1900:828,c:66:1980:889,15.33021933959198,12.795262795269194,False,0,21.72785073722658
44b6_c50204e0,44b6_c50204e0:184,union,9,union|44b6_c50204e0:184|9,0,c:65:1426:834,c:66:1900:828,p:66:1984,15.33021933959198,12.375631297028852,False,0,21.518034988106407
44b6_c50204e0,44b6_c50204e0:184,union,10,union|44b6_c50204e0:184|10,0,c:65:1426:834,c:66:1900:828,c:66:1990:877,15.33021933959198,16.086679271993955,False,0,23.373558975588956
44b6_c50204e0,44b6_c50204e0:184,union,11,union|44b6_c50204e0:184|11,0,c:65:1426:834,c:66:1900:828,c:66:1991:838,15.33021933959198,14.89337100860648,False,0,22.77690484389522
44b6_c50204e0,44b6_c50204e0:184,union,12,union|44b6_c50204e0:184|12,0,c:65:1426:834,c:66:1900:828,c:66:2000:821,15.33021933959198,17.948711652929298,False,0,24.30457516605663
44b6_c50204e0,44b6_c50204e0:184,union,13,union|44b6_c50204e0:184|13,0,c:65:1426:834,c:66:1913:881,c:66:1916:858,15.069630055180518,7.267220926874317,False,0,18.703240518617676
44b6_c50204e0,44b6_c50204e0:184,union,14,union|44b6_c50204e0:184|14,0,c:65:1426:834,c:66:1913:881,c:66:1924:882,15.069630055180518,16.65129499468435,False,0,23.395277552522693
44b6_c50204e0,44b6_c50204e0:184,union,15,union|44b6_c50204e0:184|15,0,c:65:1426:834,c:66:1913:881,c:66:1939:887,15.069630055180518,11.375,False,0,20.757130055180518
44b6_c50204e0,44b6_c50204e0:184,union,16,union|44b6_c50204e0:184|16,0,c:65:1426:834,c:66:1913:881,c:66:1944:832,15.069630055180518,15.754959536603069,False,0,22.94710982348205
44b6_c50204e0,44b6_c50204e0:184,union,17,union|44b6_c50204e0:184|17,0,c:65:1426:834,c:66:1913:881,c:66:1957:903,15.069630055180518,6.894291116568838,False,0,18.516775613464937
44b6_c50204e0,44b6_c50204e0:184,union,18,union|44b6_c50204e0:184|18,0,c:65:1426:834,c:66:1913:881,c:66:1958:874,15.069630055180518,7.44668550430324,False,0,18.792972807332138
44b6_c50204e0,44b6_c50204e0:184,union,19,union|44b6_c50204e0:184|19,0,c:65:1426:834,c:66:1913:881,c:66:1970:898,15.069630055180518,14.072912811497128,False,0,22.10608646092908
44b6_c50204e0,44b6_c50204e0:184,union,20,union|44b6_c50204e0:184|20,0,c:65:1426:834,c:66:1913:881,c:66:1980:889,15.069630055180518,13.884006086140989,False,0,22.01163309825101
44b6_c50204e0,44b6_c50204e0:184,union,21,union|44b6_c50204e0:184|21,0,c:65:1426:834,c:66:1913:881,p:66:1984,15.069630055180518,10.900831390311474,False,0,20.520045750336255
44b6_c50204e0,44b6_c50204e0:184,union,22,union|44b6_c50204e0:184|22,0,c:65:1426:834,c:66:1913:881,c:66:1990:877,15.069630055180518,19.835652875567266,False,0,24.98745649296415
44b6_c50204e0,44b6_c50204e0:184,union,23,union|44b6_c50204e0:184|23,0,c:65:1426:834,c:66:1913:881,c:66:1991:838,15.069630055180518,18.022121822915302,False,0,24.08069096663817
44b6_c50204e0,44b6_c50204e0:184,union,24,union|44b6_c50204e0:184|24,0,c:65:1426:834,c:66:1913:881,c:66:2000:821,15.069630055180518,18.45645212385089,False,0,24.297856117105965
44b6_c50204e0,44b6_c50204e0:184,union,25,union|44b6_c50204e0:184|25,0,c:65:1426:834,c:66:1913:881,f:66:894,15.069630055180518,19.819682751896813,True,1,24.979471431128925
44b6_c50204e0,44b6_c50204e0:184,union,26,union|44b6_c50204e0:184|26,0,c:65:1426:834,c:66:1916:858,c:66:1924:882,13.978778558944269,13.498263777241872,False,0,20.727910447565204
44b6_c50204e0,44b6_c50204e0:184,union,27,union|44b6_c50204e0:184|27,0,c:65:1426:834,c:66:1916:858,c:66:1939:887,14.625,16.965498076979642,False,0,23.10774903848982
44b6_c50204e0,44b6_c50204e0:184,union,28,union|44b6_c50204e0:184|28,0,c:65:1426:834,c:66:1916:858,c:66:1944:832,13.978778558944269,10.017172754824587,False,0,18.987364936356563
44b6_c50204e0,44b6_c50204e0:184,union,29,union|44b6_c50204e0:184|29,0,c:65:1426:834,c:66:1916:858,c:66:1957:903,13.978778558944269,11.490485194281398,False,0,19.724021156084966
44b6_c50204e0,44b6_c50204e0:184,union,30,union|44b6_c50204e0:184|30,0,c:65:1426:834,c:66:1916:858,c:66:1958:874,13.978778558944269,8.125,False,0,18.04127855894427
44b6_c50204e0,44b6_c50204e0:184,union,31,union|44b6_c50204e0:184|31,0,c:65:1426:834,c:66:1916:858,c:66:1970:898,13.978778558944269,9.613629647536875,False,0,18.785593382712705
44b6_c50204e0,44b6_c50204e0:184,union,32,union|44b6_c50204e0:184|32,0,c:65:1426:834,c:66:1916:858,c:66:1980:889,14.072912811497128,19.02013735491939,False,0,23.582981488956825
44b6_c50204e0,44b6_c50204e0:184,union,33,union|44b6_c50204e0:184|33,0,c:65:1426:834,c:66:1916:858,p:66:1984,13.978778558944269,11.830178570080843,False,0,19.89386784398469
44b6_c50204e0,44b6_c50204e0:184,union,34,union|44b6_c50204e0:184|34,0,c:65:1426:834,c:66:1916:858,c:66:2000:821,13.978778558944269,16.965498076979642,False,0,22.46152759743409
44b6_c50204e0,44b6_c50204e0:184,union,35,union|44b6_c50204e0:184|35,0,c:65:1426:834,c:66:1916:858,c:66:2033:850,15.41610359332085,19.08942770226494,False,0,24.96081744445332
44b6_c50204e0,44b6_c50204e0:184,union,36,union|44b6_c50204e0:184|36,0,c:65:1426:834,c:66:1924:882,c:66:1939:887,14.625,18.669828601248593,False,0,23.9599143006243
44b6_c50204e0,44b6_c50204e0:184,union,37,union|44b6_c50204e0:184|37,0,c:65:1426:834,c:66:1924:882,c:66:1944:832,11.830178570080843,8.75089281159357,False,0,16.205624975877626
44b6_c50204e0,44b6_c50204e0:184,union,38,union|44b6_c50204e0:184|38,0,c:65:1426:834,c:66:1924:882,c:66:1957:903,12.795262795269194,19.158467449146343,False,0,22.374496519842367
44b6_c50204e0,44b6_c50204e0:184,union,39,union|44b6_c50204e0:184|39,0,c:65:1426:834,c:66:1924:882,c:66:1958:874,11.830178570080843,13.978778558944269,False,0,18.81956784955298
44b6_c50204e0,44b6_c50204e0:184,union,40,union|44b6_c50204e0:184|40,0,c:65:1426:834,c:66:1924:882,p:66:1969,15.33021933959198,11.490485194281398,False,0,21.07546193673268
44b6_c50204e0,44b6_c50204e0:184,union,41,union|44b6_c50204e0:184|41,0,c:65:1426:834,c:66:1924:882,c:66:1970:898,13.101168840985142,17.948711652929298,False,0,22.07552466744979
44b6_c50204e0,44b6_c50204e0:184,union,42,union|44b6_c50204e0:184|42,0,c:65:1426:834,c:66:1924:882,p:66:1984,11.830178570080843,14.351611407782752,False,0,19.005984273972217
44b6_c50204e0,44b6_c50204e0:184,union,43,union|44b6_c50204e0:184|43,0,c:65:1426:834,c:66:1924:882,c:66:1991:838,11.830178570080843,15.754959536603069,False,0,19.707658338382377
44b6_c50204e0,44b6_c50204e0:184,union,44,union|44b6_c50204e0:184|44,0,c:65:1426:834,c:66:1924:882,c:66:1999:891,15.501512023025366,15.41610359332085,False,0,23.20956381968579
44b6_c50204e0,44b6_c50204e0:184,union,45,union|44b6_c50204e0:184|45,0,c:65:1426:834,c:66:1924:882,c:66:2000:821,11.830178570080843,11.941262496067994,False,0,17.80080981811484
44b6_c50204e0,44b6_c50204e0:184,union,46,union|44b6_c50204e0:184|46,0,c:65:1426:834,c:66:1924:882,c:66:2030:834,11.830178570080843,16.965498076979642,False,0,20.312927608570664
44b6_c50204e0,44b6_c50204e0:184,union,47,union|44b6_c50204e0:184|47,0,c:65:1426:834,c:66:1924:882,c:66:2032:853,11.830178570080843,17.577062467886947,False,0,20.618709804024316
44b6_c50204e0,44b6_c50204e0:184,union,48,union|44b6_c50204e0:184|48,0,c:65:1426:834,c:66:1939:887,c:66:1957:903,14.625,9.613629647536875,False,0,19.431814823768438
44b6_c50204e0,44b6_c50204e0:184,union,49,union|44b6_c50204e0:184|49,0,c:65:1426:834,c:66:1939:887,c:66:1958:874,14.625,11.490485194281398,False,0,20.3702425971407
44b6_c50204e0,44b6_c50204e0:184,union,50,union|44b6_c50204e0:184|50,0,c:65:1426:834,c:66:1939:887,c:66:1980:889,14.625,5.138701197773616,False,0,17.194350598886807
44b6_c50204e0,44b6_c50204e0:184,union,51,union|44b6_c50204e0:184|51,0,c:65:1426:834,c:66:1939:887,p:66:1984,14.625,11.02128622257856,False,0,20.13564311128928
44b6_c50204e0,44b6_c50204e0:184,union,52,union|44b6_c50204e0:184|52,0,c:65:1426:834,c:66:1939:887,c:66:1990:877,14.625,9.75,False,0,19.5
44b6_c50204e0,44b6_c50204e0:184,union,53,union|44b6_c50204e0:184|53,0,c:65:1426:834,c:66:1939:887,c:66:1991:838,14.625,10.531203634912773,False,0,19.890601817456385
44b6_c50204e0,44b6_c50204e0:184,union,54,union|44b6_c50204e0:184|54,0,c:65:1426:834,c:66:1939:887,c:66:2000:821,14.625,17.04314378276496,False,0,23.14657189138248
44b6_c50204e0,44b6_c50204e0:184,union,55,union|44b6_c50204e0:184|55,0,c:65:1426:834,c:66:1939:887,c:66:2042:867,14.804454566109486,14.715000849473302,False,0,22.161954990846137
44b6_c50204e0,44b6_c50204e0:184,union,56,union|44b6_c50204e0:184|56,0,c:65:1426:834,c:66:1939:887,c:66:2043:869,14.625,18.598975106171846,False,0,23.924487553085925
44b6_c50204e0,44b6_c50204e0:184,union,57,union|44b6_c50204e0:184|57,0,c:65:1426:834,c:66:1939:887,p:66:2076,14.625,19.08942770226494,False,0,24.16971385113247
44b6_c50204e0,44b6_c50204e0:184,union,58,union|44b6_c50204e0:184|58,0,c:65:1426:834,c:66:1939:887,f:66:894,14.625,15.790329410317337,True,1,22.52016470515867
44b6_c50204e0,44b6_c50204e0:184,union,59,union|44b6_c50204e0:184|59,0,c:65:1426:834,c:66:1944:832,c:66:1957:903,12.795262795269194,17.35025215955088,False,0,21.470388875044634
44b6_c50204e0,44b6_c50204e0:184,union,60,union|44b6_c50204e0:184|60,0,c:65:1426:834,c:66:1944:832,c:66:1958:874,10.531203634912773,11.604821196382131,False,0,16.333614233103837
44b6_c50204e0,44b6_c50204e0:184,union,61,union|44b6_c50204e0:184|61,0,c:65:1426:834,c:66:1944:832,p:66:1969,15.33021933959198,17.577062467886947,False,0,24.118750573535454
44b6_c50204e0,44b6_c50204e0:184,union,62,union|44b6_c50204e0:184|62,0,c:65:1426:834,c:66:1944:832,c:66:1970:898,13.101168840985142,10.405076885828379,False,0,18.30370728389933
44b6_c50204e0,44b6_c50204e0:184,union,63,union|44b6_c50204e0:184|63,0,c:65:1426:834,c:66:1944:832,p:66:1984,10.531203634912773,12.691655723348314,False,0,16.87703149658693
44b6_c50204e0,44b6_c50204e0:184,union,64,union|44b6_c50204e0:184|64,0,c:65:1426:834,c:66:1944:832,c:66:1991:838,10.531203634912773,19.02013735491939,False,0,20.04127231237247
44b6_c50204e0,44b6_c50204e0:184,union,65,union|44b6_c50204e0:184|65,0,c:65:1426:834,c:66:1944:832,c:66:2000:821,10.531203634912773,11.604821196382131,False,0,16.333614233103837
44b6_c50204e0,44b6_c50204e0:184,union,66,union|44b6_c50204e0:184|66,0,c:65:1426:834,c:66:1944:832,c:66:2030:834,10.531203634912773,17.948711652929298,False,0,19.505559461377423
44b6_c50204e0,44b6_c50204e0:184,union,67,union|44b6_c50204e0:184|67,0,c:65:1426:834,c:66:1944:832,c:66:2032:853,11.490485194281398,13.400093283257396,False,0,18.190531835910097
44b6_c50204e0,44b6_c50204e0:184,union,68,union|44b6_c50204e0:184|68,0,c:65:1426:834,c:66:1944:832,c:66:2033:850,15.41610359332085,16.57181341917655,False,0,23.702010302909123
44b6_c50204e0,44b6_c50204e0:184,union,69,union|44b6_c50204e0:184|69,0,c:65:1426:834,c:66:1944:832,c:66:2077:825,12.795262795269194,18.810734967034115,False,0,22.20063027878625
44b6_c50204e0,44b6_c50204e0:184,union,70,union|44b6_c50204e0:184|70,0,c:65:1426:834,c:66:1944:832,f:66:894,10.531203634912773,19.72103443218708,True,1,20.391720851006312
44b6_c50204e0,44b6_c50204e0:184,union,71,union|44b6_c50204e0:184|71,0,c:65:1426:834,c:66:1957:903,c:66:1958:874,12.795262795269194,5.859020822628983,False,0,15.724773206583684
44b6_c50204e0,44b6_c50204e0:184,union,72,union|44b6_c50204e0:184|72,0,c:65:1426:834,c:66:1957:903,c:66:1970:898,13.101168840985142,13.498263777241872,False,0,19.85030072960608
44b6_c50204e0,44b6_c50204e0:184,union,73,union|44b6_c50204e0:184|73,0,c:65:1426:834,c:66:1957:903,c:66:1980:889,14.072912811497128,9.334914300624297,False,0,18.740369961809275
44b6_c50204e0,44b6_c50204e0:184,union,74,union|44b6_c50204e0:184|74,0,c:65:1426:834,c:66:1957:903,p:66:1984,12.795262795269194,7.44668550430324,False,0,16.51860554742081
44b6_c50204e0,44b6_c50204e0:184,union,75,union|44b6_c50204e0:184|75,0,c:65:1426:834,c:66:1957:903,c:66:1990:877,14.625,16.809130703281475,False,0,23.029565351640738
44b6_c50204e0,44b6_c50204e0:184,union,76,union|44b6_c50204e0:184|76,0,c:65:1426:834,c:66:1957:903,c:66:1991:838,12.795262795269194,15.33021933959198,False,0,20.460372465065184
44b6_c50204e0,44b6_c50204e0:184,union,77,union|44b6_c50204e0:184|77,0,c:65:1426:834,c:66:1957:903,c:66:2000:821,12.795262795269194,16.331047884321446,False,0,20.960786737429917
44b6_c50204e0,44b6_c50204e0:184,union,78,union|44b6_c50204e0:184|78,0,c:65:1426:834,c:66:1957:903,c:66:2033:850,15.41610359332085,18.810734967034115,False,0,24.82147107683791
44b6_c50204e0,44b6_c50204e0:184,union,79,union|44b6_c50204e0:184|79,0,c:65:1426:834,c:66:1957:903,c:66:2042:867,14.804454566109486,16.65129499468435,False,0,23.13010206345166
44b6_c50204e0,44b6_c50204e0:184,union,80,union|44b6_c50204e0:184|80,0,c:65:1426:834,c:66:1957:903,p:66:2076,13.301198254292732,17.577062467886947,False,0,22.089729488236205
44b6_c50204e0,44b6_c50204e0:184,union,81,union|44b6_c50204e0:184|81,0,c:65:1426:834,c:66:1957:903,f:66:894,12.795262795269194,14.260603568749179,True,1,19.925564579643783
44b6_c50204e0,44b6_c50204e0:184,union,82,union|44b6_c50204e0:184|82,0,c:65:1426:834,c:66:1958:874,c:66:1970:898,13.101168840985142,10.017172754824587,False,0,18.109755218397435
44b6_c50204e0,44b6_c50204e0:184,union,83,union|44b6_c50204e0:184|83,0,c:65:1426:834,c:66:1958:874,c:66:1980:889,14.072912811497128,11.941262496067994,False,0,20.043544059531126
44b6_c50204e0,44b6_c50204e0:184,union,84,union|44b6_c50204e0:184|84,0,c:65:1426:834,c:66:1958:874,p:66:1984,8.125,3.9804208320226646,False,0,10.115210416011333
44b6_c50204e0,44b6_c50204e0:184,union,85,union|44b6_c50204e0:184|85,0,c:65:1426:834,c:66:1958:874,c:66:1990:877,14.625,16.730398979103875,False,0,22.990199489551937
44b6_c50204e0,44b6_c50204e0:184,union,86,union|44b6_c50204e0:184|86,0,c:65:1426:834,c:66:1958:874,c:66:1991:838,9.884489111734608,13.595725431178728,False,0,16.68235182732397
44b6_c50204e0,44b6_c50204e0:184,union,87,union|44b6_c50204e0:184|87,0,c:65:1426:834,c:66:1958:874,c:66:2000:821,8.125,11.718041645257966,False,0,13.984020822628983
44b6_c50204e0,44b6_c50204e0:184,union,88,union|44b6_c50204e0:184|88,0,c:65:1426:834,c:66:1958:874,c:66:2030:834,9.75,17.577062467886947,False,0,18.538531233943473
44b6_c50204e0,44b6_c50204e0:184,union,89,union|44b6_c50204e0:184|89,0,c:65:1426:834,c:66:1958:874,c:66:2032:853,11.490485194281398,18.022121822915302,False,0,20.50154610573905
44b6_c50204e0,44b6_c50204e0:184,union,90,union|44b6_c50204e0:184|90,0,c:65:1426:834,c:66:1958:874,c:66:2033:850,15.41610359332085,16.168545852982575,False,0,23.500376519812136
44b6_c50204e0,44b6_c50204e0:184,union,91,union|44b6_c50204e0:184|91,0,c:65:1426:834,c:66:1958:874,c:66:2042:867,14.804454566109486,17.35025215955088,False,0,23.479580645884926
44b6_c50204e0,44b6_c50204e0:184,union,92,union|44b6_c50204e0:184|92,0,c:65:1426:834,c:66:1958:874,c:66:2043:869,13.595725431178728,19.835652875567266,False,0,23.51355186896236
44b6_c50204e0,44b6_c50204e0:184,union,93,union|44b6_c50204e0:184|93,0,c:65:1426:834,c:66:1958:874,p:66:2076,13.301198254292732,17.04314378276496,False,0,21.822770145675214
44b6_c50204e0,44b6_c50204e0:184,union,94,union|44b6_c50204e0:184|94,0,c:65:1426:834,c:66:1958:874,c:66:2085:856,15.33021933959198,19.08942770226494,False,0,24.874933190724448
44b6_c50204e0,44b6_c50204e0:184,union,95,union|44b6_c50204e0:184|95,0,c:65:1426:834,c:66:1958:874,f:66:894,9.738629042995603,13.303513659993197,True,1,16.3903858729922
44b6_c50204e0,44b6_c50204e0:184,union,96,union|44b6_c50204e0:184|96,0,c:65:1426:834,p:66:1969,p:66:1984,15.33021933959198,19.63494970709118,False,0,25.14769419313757
44b6_c50204e0,44b6_c50204e0:184,union,97,union|44b6_c50204e0:184|97,0,c:65:1426:834,p:66:1969,c:66:1990:877,15.33021933959198,18.810734967034115,False,0,24.73558682310904
44b6_c50204e0,44b6_c50204e0:184,union,98,union|44b6_c50204e0:184|98,0,c:65:1426:834,p:66:1969,c:66:1991:838,15.33021933959198,14.89337100860648,False,0,22.77690484389522
44b6_c50204e0,44b6_c50204e0:184,union,99,union|44b6_c50204e0:184|99,0,c:65:1426:834,p:66:1969,c:66:1999:891,15.501512023025366,5.138701197773616,False,0,18.070862621912173
44b6_c50204e0,44b6_c50204e0:184,union,100,union|44b6_c50204e0:184|100,0,c:65:1426:834,p:66:1969,c:66:2000:821,15.33021933959198,12.795262795269194,False,0,21.72785073722658
44b6_c50204e0,44b6_c50204e0:184,union,101,union|44b6_c50204e0:184|101,0,c:65:1426:834,p:66:1969,c:66:2030:834,15.33021933959198,12.691655723348314,False,0,21.676047201266137
44b6_c50204e0,44b6_c50204e0:184,union,102,union|44b6_c50204e0:184|102,0,c:65:1426:834,p:66:1969,c:66:2032:853,15.33021933959198,17.875,False,0,24.26771933959198
44b6_c50204e0,44b6_c50204e0:184,union,103,union|44b6_c50204e0:184|103,0,c:65:1426:834,p:66:1969,c:66:2043:869,15.33021933959198,16.331047884321446,False,0,23.495743281752702
44b6_c50204e0,44b6_c50204e0:184,union,104,union|44b6_c50204e0:184|104,0,c:65:1426:834,p:66:1969,c:66:2077:825,15.33021933959198,18.740414216340042,False,0,24.700426447762002
44b6_c50204e0,44b6_c50204e0:184,union,105,union|44b6_c50204e0:184|105,0,c:65:1426:834,c:66:1970:898,p:66:1984,13.101168840985142,11.941262496067994,False,0,19.07180008901914
44b6_c50204e0,44b6_c50204e0:184,union,106,union|44b6_c50204e0:184|106,0,c:65:1426:834,c:66:1970:898,c:66:2000:821,13.101168840985142,15.754959536603069,False,0,20.978648609286676
44b6_c50204e0,44b6_c50204e0:184,union,107,union|44b6_c50204e0:184|107,0,c:65:1426:834,c:66:1970:898,c:66:2032:853,13.101168840985142,16.331047884321446,False,0,21.266692783145864
44b6_c50204e0,44b6_c50204e0:184,union,108,union|44b6_c50204e0:184|108,0,c:65:1426:834,c:66:1970:898,c:66:2033:850,15.41610359332085,9.884489111734608,False,0,20.358348149188153
44b6_c50204e0,44b6_c50204e0:184,union,109,union|44b6_c50204e0:184|109,0,c:65:1426:834,c:66:1970:898,c:66:2085:856,15.33021933959198,16.887495373796554,False,0,23.773967026490258
44b6_c50204e0,44b6_c50204e0:184,union,110,union|44b6_c50204e0:184|110,0,c:65:1426:834,c:66:1970:898,f:66:894,13.101168840985142,18.154912541740572,True,1,22.17862511185543
44b6_c50204e0,44b6_c50204e0:184,union,111,union|44b6_c50204e0:184|111,0,c:65:1426:834,c:66:1980:889,p:66:1984,14.072912811497128,10.277402395547233,False,0,19.211614009270743
44b6_c50204e0,44b6_c50204e0:184,union,112,union|44b6_c50204e0:184|112,0,c:65:1426:834,c:66:1980:889,c:66:1990:877,14.625,8.900491559458949,False,0,19.075245779729475
44b6_c50204e0,44b6_c50204e0:184,union,113,union|44b6_c50204e0:184|113,0,c:65:1426:834,c:66:1980:889,c:66:1991:838,14.072912811497128,10.017172754824587,False,0,19.081499188909422
44b6_c50204e0,44b6_c50204e0:184,union,114,union|44b6_c50204e0:184|114,0,c:65:1426:834,c:66:1980:889,c:66:2000:821,14.072912811497128,16.411695524838375,False,0,22.278760573916315
44b6_c50204e0,44b6_c50204e0:184,union,115,union|44b6_c50204e0:184|115,0,c:65:1426:834,c:66:1980:889,c:66:2030:834,14.072912811497128,18.598975106171846,False,0,23.37240036458305
44b6_c50204e0,44b6_c50204e0:184,union,116,union|44b6_c50204e0:184|116,0,c:65:1426:834,c:66:1980:889,c:66:2042:867,14.804454566109486,10.277402395547233,False,0,19.9431557638831
44b6_c50204e0,44b6_c50204e0:184,union,117,union|44b6_c50204e0:184|117,0,c:65:1426:834,c:66:1980:889,c:66:2043:869,14.072912811497128,16.331047884321446,False,0,22.23843675365785
44b6_c50204e0,44b6_c50204e0:184,union,118,union|44b6_c50204e0:184|118,0,c:65:1426:834,c:66:1980:889,p:66:2076,14.072912811497128,14.89337100860648,False,0,21.519598315800366
44b6_c50204e0,44b6_c50204e0:184,union,119,union|44b6_c50204e0:184|119,0,c:65:1426:834,c:66:1980:889,f:66:894,14.072912811497128,12.08597766940924,True,1,20.11590164620175
44b6_c50204e0,44b6_c50204e0:184,union,120,union|44b6_c50204e0:184|120,0,c:65:1426:834,p:66:1984,c:66:1990:877,14.625,13.978778558944269,False,0,21.614389279472135
44b6_c50204e0,44b6_c50204e0:184,union,121,union|44b6_c50204e0:184|121,0,c:65:1426:834,p:66:1984,c:66:1991:838,9.884489111734608,10.531203634912773,False,0,15.150090929190995
44b6_c50204e0,44b6_c50204e0:184,union,122,union|44b6_c50204e0:184|122,1,c:65:1426:834,p:66:1984,c:66:2000:821,5.3895152843275245,8.900491559458949,False,0,9.839761064056999
44b6_c50204e0,44b6_c50204e0:184,union,123,union|44b6_c50204e0:184|123,0,c:65:1426:834,p:66:1984,c:66:2030:834,9.75,14.072912811497128,False,0,16.786456405748563
44b6_c50204e0,44b6_c50204e0:184,union,124,union|44b6_c50204e0:184|124,0,c:65:1426:834,p:66:1984,c:66:2032:853,11.490485194281398,16.00439392791867,False,0,19.492682158240733
44b6_c50204e0,44b6_c50204e0:184,union,125,union|44b6_c50204e0:184|125,0,c:65:1426:834,p:66:1984,c:66:2033:850,15.41610359332085,15.670932486613552,False,0,23.251569836627624
44b6_c50204e0,44b6_c50204e0:184,union,126,union|44b6_c50204e0:184|126,0,c:65:1426:834,p:66:1984,c:66:2042:867,14.804454566109486,13.788582233137676,False,0,21.698745682678325
44b6_c50204e0,44b6_c50204e0:184,union,127,union|44b6_c50204e0:184|127,0,c:65:1426:834,p:66:1984,c:66:2043:869,13.595725431178728,16.00439392791867,False,0,21.597922395138063
44b6_c50204e0,44b6_c50204e0:184,union,128,union|44b6_c50204e0:184|128,0,c:65:1426:834,p:66:1984,p:66:2076,13.301198254292732,13.400093283257396,False,0,20.00124489592143
44b6_c50204e0,44b6_c50204e0:184,union,129,union|44b6_c50204e0:184|129,0,c:65:1426:834,p:66:1984,c:66:2077:825,12.795262795269194,16.965498076979642,False,0,21.278011833759017
44b6_c50204e0,44b6_c50204e0:184,union,130,union|44b6_c50204e0:184|130,0,c:65:1426:834,p:66:1984,c:66:2085:856,15.33021933959198,16.730398979103875,False,0,23.695418829143918
44b6_c50204e0,44b6_c50204e0:184,union,131,union|44b6_c50204e0:184|131,0,c:65:1426:834,p:66:1984,f:66:894,9.738629042995603,9.551235399696422,True,1,14.514246742843813
44b6_c50204e0,44b6_c50204e0:184,union,132,union|44b6_c50204e0:184|132,0,c:65:1426:834,c:66:1990:877,c:66:1991:838,14.625,5.138701197773616,False,0,17.194350598886807
44b6_c50204e0,44b6_c50204e0:184,union,133,union|44b6_c50204e0:184|133,0,c:65:1426:834,c:66:1990:877,c:66:1999:891,15.501512023025366,17.65201829820035,False,0,24.327521172125543
44b6_c50204e0,44b6_c50204e0:184,union,134,union|44b6_c50204e0:184|134,0,c:65:1426:834,c:66:1990:877,c:66:2000:821,14.625,15.069630055180518,False,0,22.15981502759026
44b6_c50204e0,44b6_c50204e0:184,union,135,union|44b6_c50204e0:184|135,0,c:65:1426:834,c:66:1990:877,c:66:2030:834,14.625,14.625,False,0,21.9375
44b6_c50204e0,44b6_c50204e0:184,union,136,union|44b6_c50204e0:184|136,0,c:65:1426:834,c:66:1990:877,c:66:2042:867,14.804454566109486,10.017172754824587,False,0,19.81304094352178
44b6_c50204e0,44b6_c50204e0:184,union,137,union|44b6_c50204e0:184|137,0,c:65:1426:834,c:66:1990:877,c:66:2043:869,14.625,10.65583760199075,False,0,19.952918800995377
44b6_c50204e0,44b6_c50204e0:184,union,138,union|44b6_c50204e0:184|138,0,c:65:1426:834,c:66:1990:877,p:66:2076,14.625,15.754959536603069,False,0,22.502479768301534
44b6_c50204e0,44b6_c50204e0:184,union,139,union|44b6_c50204e0:184|139,0,c:65:1426:834,c:66:1990:877,f:66:894,14.625,13.42663112781609,True,1,21.338315563908047
44b6_c50204e0,44b6_c50204e0:184,union,140,union|44b6_c50204e0:184|140,0,c:65:1426:834,c:66:1991:838,c:66:1999:891,15.501512023025366,13.978778558944269,False,0,22.4909013024975
44b6_c50204e0,44b6_c50204e0:184,union,141,union|44b6_c50204e0:184|141,0,c:65:1426:834,c:66:1991:838,c:66:2000:821,9.884489111734608,10.017172754824587,False,0,14.893075489146902
44b6_c50204e0,44b6_c50204e0:184,union,142,union|44b6_c50204e0:184|142,0,c:65:1426:834,c:66:1991:838,c:66:2030:834,9.884489111734608,10.405076885828379,False,0,15.087027554648797
44b6_c50204e0,44b6_c50204e0:184,union,143,union|44b6_c50204e0:184|143,0,c:65:1426:834,c:66:1991:838,c:66:2032:853,11.490485194281398,19.295805891436615,False,0,21.138388139999705
44b6_c50204e0,44b6_c50204e0:184,union,144,union|44b6_c50204e0:184|144,0,c:65:1426:834,c:66:1991:838,c:66:2042:867,14.804454566109486,10.531203634912773,False,0,20.070056383565873
44b6_c50204e0,44b6_c50204e0:184,union,145,union|44b6_c50204e0:184|145,0,c:65:1426:834,c:66:1991:838,c:66:2043:869,13.595725431178728,8.75089281159357,False,0,17.971171836975515
44b6_c50204e0,44b6_c50204e0:184,union,146,union|44b6_c50204e0:184|146,0,c:65:1426:834,c:66:1991:838,p:66:2076,13.301198254292732,13.978778558944269,False,0,20.290587533764867
44b6_c50204e0,44b6_c50204e0:184,union,147,union|44b6_c50204e0:184|147,0,c:65:1426:834,c:66:1991:838,c:66:2077:825,12.795262795269194,17.577062467886947,False,0,21.58379402921267
44b6_c50204e0,44b6_c50204e0:184,union,148,union|44b6_c50204e0:184|148,0,c:65:1426:834,c:66:1991:838,f:66:894,9.884489111734608,11.007476739013242,True,1,15.388227481241229
44b6_c50204e0,44b6_c50204e0:184,union,149,union|44b6_c50204e0:184|149,0,c:65:1426:834,c:66:1999:891,c:66:2000:821,15.501512023025366,12.375631297028852,False,0,21.689327671539793
44b6_c50204e0,44b6_c50204e0:184,union,150,union|44b6_c50204e0:184|150,0,c:65:1426:834,c:66:1999:891,c:66:2030:834,15.501512023025366,9.613629647536875,False,0,20.308326846793804
44b6_c50204e0,44b6_c50204e0:184,union,151,union|44b6_c50204e0:184|151,0,c:65:1426:834,c:66:1999:891,c:66:2032:853,15.501512023025366,16.965498076979642,False,0,23.984261061515188
44b6_c50204e0,44b6_c50204e0:184,union,152,union|44b6_c50204e0:184|152,0,c:65:1426:834,c:66:1999:891,c:66:2043:869,15.501512023025366,12.691655723348314,False,0,21.847339884699522
44b6_c50204e0,44b6_c50204e0:184,union,153,union|44b6_c50204e0:184|153,0,c:65:1426:834,c:66:1999:891,c:66:2077:825,15.501512023025366,16.00439392791867,False,0,23.5037089869847
44b6_c50204e0,44b6_c50204e0:184,union,154,union|44b6_c50204e0:184|154,0,c:65:1426:834,c:66:1999:891,f:66:894,15.501512023025366,19.906253548363015,True,1,25.454638797206876
44b6_c50204e0,44b6_c50204e0:184,union,155,union|44b6_c50204e0:184|155,0,c:65:1426:834,c:66:2000:821,c:66:2030:834,9.75,6.700046641628698,False,0,13.10002332081435
44b6_c50204e0,44b6_c50204e0:184,union,156,union|44b6_c50204e0:184|156,0,c:65:1426:834,c:66:2000:821,c:66:2032:853,11.490485194281398,9.613629647536875,False,0,16.297300018049835
44b6_c50204e0,44b6_c50204e0:184,union,157,union|44b6_c50204e0:184|157,0,c:65:1426:834,c:66:2000:821,c:66:2033:850,15.41610359332085,16.809130703281475,False,0,23.82066894496159
44b6_c50204e0,44b6_c50204e0:184,union,158,union|44b6_c50204e0:184|158,0,c:65:1426:834,c:66:2000:821,c:66:2042:867,14.804454566109486,15.41610359332085,False,0,22.512506362769912
44b6_c50204e0,44b6_c50204e0:184,union,159,union|44b6_c50204e0:184|159,0,c:65:1426:834,c:66:2000:821,c:66:2043:869,13.595725431178728,11.830178570080843,False,0,19.51081471621915
44b6_c50204e0,44b6_c50204e0:184,union,160,union|44b6_c50204e0:184|160,0,c:65:1426:834,c:66:2000:821,p:66:2076,13.301198254292732,13.595725431178728,False,0,20.099060969882096
44b6_c50204e0,44b6_c50204e0:184,union,161,union|44b6_c50204e0:184|161,0,c:65:1426:834,c:66:2000:821,c:66:2077:825,12.795262795269194,10.405076885828379,False,0,17.997801238183385
44b6_c50204e0,44b6_c50204e0:184,union,162,union|44b6_c50204e0:184|162,0,c:65:1426:834,c:66:2000:821,c:66:2085:856,15.33021933959198,15.41610359332085,False,0,23.038271136252405
44b6_c50204e0,44b6_c50204e0:184,union,163,union|44b6_c50204e0:184|163,0,c:65:1426:834,c:66:2000:821,f:66:894,9.738629042995603,10.591227242159972,True,1,15.034242664075588
44b6_c50204e0,44b6_c50204e0:184,union,164,union|44b6_c50204e0:184|164,0,c:65:1426:834,c:66:2030:834,c:66:2032:853,11.490485194281398,11.490485194281398,False,0,17.235727791422097
44b6_c50204e0,44b6_c50204e0:184,union,165,union|44b6_c50204e0:184|165,0,c:65:1426:834,c:66:2030:834,c:66:2042:867,14.804454566109486,14.072912811497128,False,0,21.84091097185805
44b6_c50204e0,44b6_c50204e0:184,union,166,union|44b6_c50204e0:184|166,0,c:65:1426:834,c:66:2030:834,c:66:2043:869,13.595725431178728,6.894291116568838,False,0,17.042870989463147
44b6_c50204e0,44b6_c50204e0:184,union,167,union|44b6_c50204e0:184|167,0,c:65:1426:834,c:66:2030:834,p:66:2076,13.301198254292732,12.481861840286488,False,0,19.542129174435978
44b6_c50204e0,44b6_c50204e0:184,union,168,union|44b6_c50204e0:184|168,0,c:65:1426:834,c:66:2030:834,c:66:2077:825,12.795262795269194,8.285906709588275,False,0,16.938216150063333
44b6_c50204e0,44b6_c50204e0:184,union,169,union|44b6_c50204e0:184|169,0,c:65:1426:834,c:66:2030:834,c:66:2085:856,15.33021933959198,16.331047884321446,False,0,23.495743281752702
44b6_c50204e0,44b6_c50204e0:184,union,170,union|44b6_c50204e0:184|170,0,c:65:1426:834,c:66:2030:834,f:66:894,9.75,10.99287570170721,True,1,15.246437850853605
44b6_c50204e0,44b6_c50204e0:184,union,171,union|44b6_c50204e0:184|171,0,c:65:1426:834,c:66:2032:853,c:66:2033:850,15.41610359332085,13.400093283257396,False,0,22.116150234949547
44b6_c50204e0,44b6_c50204e0:184,union,172,union|44b6_c50204e0:184|172,0,c:65:1426:834,c:66:2032:853,c:66:2043:869,13.595725431178728,17.948711652929298,False,0,22.570081257643377
44b6_c50204e0,44b6_c50204e0:184,union,173,union|44b6_c50204e0:184|173,0,c:65:1426:834,c:66:2032:853,p:66:2076,13.301198254292732,16.965498076979642,False,0,21.783947292782553
44b6_c50204e0,44b6_c50204e0:184,union,174,union|44b6_c50204e0:184|174,0,c:65:1426:834,c:66:2032:853,c:66:2077:825,12.795262795269194,6.894291116568838,False,0,16.242408353553614
44b6_c50204e0,44b6_c50204e0:184,union,175,union|44b6_c50204e0:184|175,0,c:65:1426:834,c:66:2032:853,c:66:2085:856,15.33021933959198,11.830178570080843,False,0,21.2453086246324
44b6_c50204e0,44b6_c50204e0:184,union,176,union|44b6_c50204e0:184|176,0,c:65:1426:834,c:66:2032:853,f:66:894,11.490485194281398,15.603350712899738,True,1,19.292160550731268
44b6_c50204e0,44b6_c50204e0:184,union,177,union|44b6_c50204e0:184|177,0,c:65:1426:834,c:66:2033:850,p:66:2076,15.41610359332085,17.273986945693807,False,0,24.05309706616775
44b6_c50204e0,44b6_c50204e0:184,union,178,union|44b6_c50204e0:184|178,0,c:65:1426:834,c:66:2033:850,c:66:2077:825,15.41610359332085,16.086679271993955,False,0,23.459443229317827
44b6_c50204e0,44b6_c50204e0:184,union,179,union|44b6_c50204e0:184|179,0,c:65:1426:834,c:66:2033:850,c:66:2085:856,15.41610359332085,8.75089281159357,False,0,19.791549999117635
44b6_c50204e0,44b6_c50204e0:184,union,180,union|44b6_c50204e0:184|180,0,c:65:1426:834,c:66:2033:850,f:66:894,15.41610359332085,16.234742637764107,True,1,23.533474912202905
44b6_c50204e0,44b6_c50204e0:184,union,181,union|44b6_c50204e0:184|181,0,c:65:1426:834,c:66:2042:867,c:66:2043:869,14.804454566109486,9.884489111734608,False,0,19.74669912197679
44b6_c50204e0,44b6_c50204e0:184,union,182,union|44b6_c50204e0:184|182,0,c:65:1426:834,c:66:2042:867,p:66:2076,14.804454566109486,7.267220926874317,False,0,18.438065029546646
44b6_c50204e0,44b6_c50204e0:184,union,183,union|44b6_c50204e0:184|183,0,c:65:1426:834,c:66:2042:867,c:66:2077:825,14.804454566109486,17.875,False,0,23.741954566109484
44b6_c50204e0,44b6_c50204e0:184,union,184,union|44b6_c50204e0:184|184,0,c:65:1426:834,c:66:2042:867,c:66:2085:856,15.33021933959198,18.52785065786099,False,0,24.594144668522475
44b6_c50204e0,44b6_c50204e0:184,union,185,union|44b6_c50204e0:184|185,0,c:65:1426:834,c:66:2042:867,f:66:894,14.804454566109486,7.027831541860667,True,1,18.31837033703982
44b6_c50204e0,44b6_c50204e0:184,union,186,union|44b6_c50204e0:184|186,0,c:65:1426:834,c:66:2043:869,p:66:2076,13.595725431178728,11.375,False,0,19.283225431178728
44b6_c50204e0,44b6_c50204e0:184,union,187,union|44b6_c50204e0:184|187,0,c:65:1426:834,c:66:2043:869,c:66:2077:825,13.595725431178728,13.400093283257396,False,0,20.295772072807427
44b6_c50204e0,44b6_c50204e0:184,union,188,union|44b6_c50204e0:184|188,0,c:65:1426:834,c:66:2043:869,c:66:2085:856,15.33021933959198,19.56759119053748,False,0,25.11401493486072
44b6_c50204e0,44b6_c50204e0:184,union,189,union|44b6_c50204e0:184|189,0,c:65:1426:834,c:66:2043:869,f:66:894,13.595725431178728,10.718527505948135,True,1,18.954989184152794
44b6_c50204e0,44b6_c50204e0:184,union,190,union|44b6_c50204e0:184|190,0,c:65:1426:834,p:66:2076,c:66:2077:825,13.301198254292732,12.691655723348314,False,0,19.647026115966888
44b6_c50204e0,44b6_c50204e0:184,union,191,union|44b6_c50204e0:184|191,0,c:65:1426:834,p:66:2076,c:66:2085:856,15.33021933959198,11.490485194281398,False,0,21.07546193673268
44b6_c50204e0,44b6_c50204e0:184,union,192,union|44b6_c50204e0:184|192,0,c:65:1426:834,p:66:2076,f:66:894,13.301198254292732,3.931698591870423,True,1,15.267047550227943
44b6_c50204e0,44b6_c50204e0:184,union,193,union|44b6_c50204e0:184|193,0,c:65:1426:834,c:66:2077:825,c:66:2085:856,15.33021933959198,10.405076885828379,False,0,20.53275778250617
44b6_c50204e0,44b6_c50204e0:184,union,194,union|44b6_c50204e0:184|194,0,c:65:1426:834,c:66:2077:825,f:66:894,12.795262795269194,12.61632722823594,True,1,19.103426409387165
44b6_c50204e0,44b6_c50204e0:184,union,195,union|44b6_c50204e0:184|195,0,c:65:1426:834,c:66:2085:856,f:66:894,15.33021933959198,12.209667343241124,True,1,21.435053011212542
44b6_d5e7d891,44b6_d5e7d891:87,pil_only,0,pil_only|44b6_d5e7d891:87|0,0,p:12:111,p:13:413,p:13:414,15.754959536603069,11.718041645257966,False,0,21.613980359232052
44b6_d5e7d891,44b6_d5e7d891:87,pil_only,1,pil_only|44b6_d5e7d891:87|1,0,p:12:111,p:13:413,p:13:426,15.754959536603069,10.017172754824587,False,0,20.763545914015364
44b6_d5e7d891,44b6_d5e7d891:87,pil_only,2,pil_only|44b6_d5e7d891:87|2,0,p:12:111,p:13:413,p:13:428,15.754959536603069,9.334914300624297,False,0,20.422416686915216
44b6_d5e7d891,44b6_d5e7d891:87,pil_only,3,pil_only|44b6_d5e7d891:87|3,0,p:12:111,p:13:413,p:13:446,15.754959536603069,17.273986945693807,False,0,24.39195300944997
44b6_d5e7d891,44b6_d5e7d891:87,pil_only,4,pil_only|44b6_d5e7d891:87|4,0,p:12:111,p:13:413,p:13:458,15.754959536603069,14.715000849473302,False,0,23.11245996133972
44b6_d5e7d891,44b6_d5e7d891:87,pil_only,5,pil_only|44b6_d5e7d891:87|5,0,p:12:111,p:13:413,p:13:470,15.754959536603069,6.700046641628698,False,0,19.10498285741742
44b6_d5e7d891,44b6_d5e7d891:87,pil_only,6,pil_only|44b6_d5e7d891:87|6,0,p:12:111,p:13:413,p:13:472,15.754959536603069,12.268480957314969,False,0,21.889200015260553
44b6_d5e7d891,44b6_d5e7d891:87,pil_only,7,pil_only|44b6_d5e7d891:87|7,0,p:12:111,p:13:413,p:13:473,15.754959536603069,18.669828601248593,False,0,25.089873837227366
44b6_d5e7d891,44b6_d5e7d891:87,pil_only,8,pil_only|44b6_d5e7d891:87|8,0,p:12:111,p:13:413,p:13:496,15.754959536603069,15.754959536603069,False,0,23.632439304904604
44b6_d5e7d891,44b6_d5e7d891:87,pil_only,9,pil_only|44b6_d5e7d891:87|9,0,p:12:111,p:13:413,p:13:526,15.754959536603069,17.875,False,0,24.692459536603067
44b6_d5e7d891,44b6_d5e7d891:87,pil_only,10,pil_only|44b6_d5e7d891:87|10,0,p:12:111,p:13:413,p:13:528,15.754959536603069,19.56759119053748,False,0,25.53875513187181
44b6_d5e7d891,44b6_d5e7d891:87,pil_only,11,pil_only|44b6_d5e7d891:87|11,0,p:12:111,p:13:414,p:13:426,15.754959536603069,11.941262496067994,False,0,21.725590784637067
44b6_d5e7d891,44b6_d5e7d891:87,pil_only,12,pil_only|44b6_d5e7d891:87|12,0,p:12:111,p:13:414,p:13:428,15.33021933959198,13.498263777241872,False,0,22.079351228212918
44b6_d5e7d891,44b6_d5e7d891:87,pil_only,13,pil_only|44b6_d5e7d891:87|13,0,p:12:111,p:13:414,p:13:446,14.259317129512198,13.498263777241872,False,0,21.008449018133135
44b6_d5e7d891,44b6_d5e7d891:87,pil_only,14,pil_only|44b6_d5e7d891:87|14,0,p:12:111,p:13:414,p:13:458,11.490485194281398,9.475296829123613,False,0,16.228133608843205
44b6_d5e7d891,44b6_d5e7d891:87,pil_only,15,pil_only|44b6_d5e7d891:87|15,0,p:12:111,p:13:414,p:13:470,11.490485194281398,12.268480957314969,False,0,17.624725672938883
44b6_d5e7d891,44b6_d5e7d891:87,pil_only,16,pil_only|44b6_d5e7d891:87|16,0,p:12:111,p:13:414,p:13:472,11.490485194281398,6.700046641628698,False,0,14.840508515095747
44b6_d5e7d891,44b6_d5e7d891:87,pil_only,17,pil_only|44b6_d5e7d891:87|17,0,p:12:111,p:13:414,p:13:473,13.978778558944269,15.921683328090658,False,0,21.939620222989596
44b6_d5e7d891,44b6_d5e7d891:87,pil_only,18,pil_only|44b6_d5e7d891:87|18,0,p:12:111,p:13:414,p:13:476,13.301198254292732,13.498263777241872,False,0,20.05033014291367
44b6_d5e7d891,44b6_d5e7d891:87,pil_only,19,pil_only|44b6_d5e7d891:87|19,0,p:12:111,p:13:414,p:13:487,11.490485194281398,12.268480957314969,False,0,17.624725672938883
44b6_d5e7d891,44b6_d5e7d891:87,pil_only,20,pil_only|44b6_d5e7d891:87|20,0,p:12:111,p:13:414,p:13:496,11.490485194281398,15.069630055180518,False,0,19.025300221871657
44b6_d5e7d891,44b6_d5e7d891:87,pil_only,21,pil_only|44b6_d5e7d891:87|21,0,p:12:111,p:13:414,p:13:525,14.89337100860648,19.63494970709118,False,0,24.71084586215207
44b6_d5e7d891,44b6_d5e7d891:87,pil_only,22,pil_only|44b6_d5e7d891:87|22,0,p:12:111,p:13:414,p:13:526,11.490485194281398,16.331047884321446,False,0,19.656009136442123
44b6_d5e7d891,44b6_d5e7d891:87,pil_only,23,pil_only|44b6_d5e7d891:87|23,0,p:12:111,p:13:414,p:13:528,11.490485194281398,16.331047884321446,False,0,19.656009136442123
44b6_d5e7d891,44b6_d5e7d891:87,pil_only,24,pil_only|44b6_d5e7d891:87|24,0,p:12:111,p:13:414,p:13:551,11.490485194281398,19.63494970709118,False,0,21.307960047826988
44b6_d5e7d891,44b6_d5e7d891:87,pil_only,25,pil_only|44b6_d5e7d891:87|25,0,p:12:111,p:13:426,p:13:428,15.754959536603069,18.16805231718579,False,0,24.838985695195966
44b6_d5e7d891,44b6_d5e7d891:87,pil_only,26,pil_only|44b6_d5e7d891:87|26,0,p:12:111,p:13:426,p:13:458,15.754959536603069,7.960841664045329,False,0,19.735380368625734
44b6_d5e7d891,44b6_d5e7d891:87,pil_only,27,pil_only|44b6_d5e7d891:87|27,0,p:12:111,p:13:426,p:13:470,15.754959536603069,11.375,False,0,21.442459536603067
44b6_d5e7d891,44b6_d5e7d891:87,pil_only,28,pil_only|44b6_d5e7d891:87|28,0,p:12:111,p:13:426,p:13:472,15.754959536603069,11.375,False,0,21.442459536603067
44b6_d5e7d891,44b6_d5e7d891:87,pil_only,29,pil_only|44b6_d5e7d891:87|29,0,p:12:111,p:13:426,p:13:487,15.754959536603069,19.295805891436615,False,0,25.402862482321375
44b6_d5e7d891,44b6_d5e7d891:87,pil_only,30,pil_only|44b6_d5e7d891:87|30,0,p:12:111,p:13:426,p:13:525,15.754959536603069,16.086679271993955,False,0,23.798299172600046
44b6_d5e7d891,44b6_d5e7d891:87,pil_only,31,pil_only|44b6_d5e7d891:87|31,0,p:12:111,p:13:426,p:13:526,15.754959536603069,13.884006086140989,False,0,22.696962579673563
44b6_d5e7d891,44b6_d5e7d891:87,pil_only,32,pil_only|44b6_d5e7d891:87|32,0,p:12:111,p:13:428,p:13:446,15.33021933959198,10.017172754824587,False,0,20.338805717004274
44b6_d5e7d891,44b6_d5e7d891:87,pil_only,33,pil_only|44b6_d5e7d891:87|33,0,p:12:111,p:13:428,p:13:458,15.33021933959198,19.835652875567266,False,0,25.248045777375616
44b6_d5e7d891,44b6_d5e7d891:87,pil_only,34,pil_only|44b6_d5e7d891:87|34,0,p:12:111,p:13:428,p:13:470,15.33021933959198,9.475296829123613,False,0,20.067867754153788
44b6_d5e7d891,44b6_d5e7d891:87,pil_only,35,pil_only|44b6_d5e7d891:87|35,0,p:12:111,p:13:428,p:13:472,15.33021933959198,13.978778558944269,False,0,22.319608619064116
44b6_d5e7d891,44b6_d5e7d891:87,pil_only,36,pil_only|44b6_d5e7d891:87|36,0,p:12:111,p:13:428,p:13:473,15.33021933959198,10.900831390311474,False,0,20.780635034747718
44b6_d5e7d891,44b6_d5e7d891:87,pil_only,37,pil_only|44b6_d5e7d891:87|37,0,p:12:111,p:13:428,p:13:496,15.33021933959198,9.613629647536875,False,0,20.13703416336042
44b6_d5e7d891,44b6_d5e7d891:87,pil_only,38,pil_only|44b6_d5e7d891:87|38,0,p:12:111,p:13:428,p:13:528,15.33021933959198,15.921683328090658,False,0,23.29106100363731
44b6_d5e7d891,44b6_d5e7d891:87,pil_only,39,pil_only|44b6_d5e7d891:87|39,0,p:12:111,p:13:428,p:13:544,15.33021933959198,16.57181341917655,False,0,23.616126049180256
44b6_d5e7d891,44b6_d5e7d891:87,pil_only,40,pil_only|44b6_d5e7d891:87|40,0,p:12:111,p:13:446,p:13:470,14.259317129512198,15.754959536603069,False,0,22.13679689781373
44b6_d5e7d891,44b6_d5e7d891:87,pil_only,41,pil_only|44b6_d5e7d891:87|41,0,p:12:111,p:13:446,p:13:472,14.259317129512198,14.351611407782752,False,0,21.435122833403575
44b6_d5e7d891,44b6_d5e7d891:87,pil_only,42,pil_only|44b6_d5e7d891:87|42,0,p:12:111,p:13:446,p:13:473,14.259317129512198,3.6336104634371584,False,0,16.076122361230777
44b6_d5e7d891,44b6_d5e7d891:87,pil_only,43,pil_only|44b6_d5e7d891:87|43,0,p:12:111,p:13:446,p:13:476,14.259317129512198,15.754959536603069,False,0,22.13679689781373
44b6_d5e7d891,44b6_d5e7d891:87,pil_only,44,pil_only|44b6_d5e7d891:87|44,0,p:12:111,p:13:446,p:13:487,14.259317129512198,18.52785065786099,False,0,23.523242458442695
44b6_d5e7d891,44b6_d5e7d891:87,pil_only,45,pil_only|44b6_d5e7d891:87|45,0,p:12:111,p:13:446,p:13:496,14.259317129512198,8.125,False,0,18.321817129512198
44b6_d5e7d891,44b6_d5e7d891:87,pil_only,46,pil_only|44b6_d5e7d891:87|46,0,p:12:111,p:13:446,p:13:528,14.259317129512198,12.795262795269194,False,0,20.656948527146795
44b6_d5e7d891,44b6_d5e7d891:87,pil_only,47,pil_only|44b6_d5e7d891:87|47,0,p:12:111,p:13:446,p:13:544,14.259317129512198,16.086679271993955,False,0,22.302656765509177
44b6_d5e7d891,44b6_d5e7d891:87,pil_only,48,pil_only|44b6_d5e7d891:87|48,0,p:12:111,p:13:446,p:13:546,14.259317129512198,16.730398979103875,False,0,22.624516619064135
44b6_d5e7d891,44b6_d5e7d891:87,pil_only,49,pil_only|44b6_d5e7d891:87|49,0,p:12:111,p:13:446,p:13:551,14.259317129512198,19.56759119053748,False,0,24.04311272478094
44b6_d5e7d891,44b6_d5e7d891:87,pil_only,50,pil_only|44b6_d5e7d891:87|50,0,p:12:111,p:13:458,p:13:470,11.490485194281398,13.498263777241872,False,0,18.239617082902335
44b6_d5e7d891,44b6_d5e7d891:87,pil_only,51,pil_only|44b6_d5e7d891:87|51,0,p:12:111,p:13:458,p:13:472,11.490485194281398,7.44668550430324,False,0,15.213827946433018
44b6_d5e7d891,44b6_d5e7d891:87,pil_only,52,pil_only|44b6_d5e7d891:87|52,0,p:12:111,p:13:458,p:13:476,13.301198254292732,16.65129499468435,False,0,21.626845751634907
44b6_d5e7d891,44b6_d5e7d891:87,pil_only,53,pil_only|44b6_d5e7d891:87|53,0,p:12:111,p:13:458,p:13:487,11.490485194281398,11.830178570080843,False,0,17.40557447932182
44b6_d5e7d891,44b6_d5e7d891:87,pil_only,54,pil_only|44b6_d5e7d891:87|54,0,p:12:111,p:13:458,p:13:496,11.490485194281398,19.63494970709118,False,0,21.307960047826988
44b6_d5e7d891,44b6_d5e7d891:87,pil_only,55,pil_only|44b6_d5e7d891:87|55,0,p:12:111,p:13:458,p:13:525,14.89337100860648,11.02128622257856,False,0,20.40401411989576
44b6_d5e7d891,44b6_d5e7d891:87,pil_only,56,pil_only|44b6_d5e7d891:87|56,0,p:12:111,p:13:458,p:13:526,11.490485194281398,10.405076885828379,False,0,16.693023637195587
44b6_d5e7d891,44b6_d5e7d891:87,pil_only,57,pil_only|44b6_d5e7d891:87|57,0,p:12:111,p:13:458,p:13:528,11.490485194281398,18.16805231718579,False,0,20.574511352874293
44b6_d5e7d891,44b6_d5e7d891:87,pil_only,58,pil_only|44b6_d5e7d891:87|58,0,p:12:111,p:13:458,p:13:551,11.490485194281398,17.948711652929298,False,0,20.464841020746046
44b6_d5e7d891,44b6_d5e7d891:87,pil_only,59,pil_only|44b6_d5e7d891:87|59,0,p:12:111,p:13:458,p:13:573,14.804454566109486,18.45645212385089,False,0,24.03268062803493
44b6_d5e7d891,44b6_d5e7d891:87,pil_only,60,pil_only|44b6_d5e7d891:87|60,0,p:12:111,p:13:458,p:13:575,14.072912811497128,19.02013735491939,False,0,23.582981488956825
44b6_d5e7d891,44b6_d5e7d891:87,pil_only,61,pil_only|44b6_d5e7d891:87|61,0,p:12:111,p:13:470,p:13:472,10.65583760199075,9.192388155425117,False,0,15.25203167970331
44b6_d5e7d891,44b6_d5e7d891:87,pil_only,62,pil_only|44b6_d5e7d891:87|62,0,p:12:111,p:13:470,p:13:473,13.978778558944269,16.00439392791867,False,0,21.980975522903606
44b6_d5e7d891,44b6_d5e7d891:87,pil_only,63,pil_only|44b6_d5e7d891:87|63,0,p:12:111,p:13:470,p:13:487,10.900831390311474,19.63494970709118,False,0,20.718306243857064
44b6_d5e7d891,44b6_d5e7d891:87,pil_only,64,pil_only|44b6_d5e7d891:87|64,0,p:12:111,p:13:470,p:13:496,10.65583760199075,11.375,False,0,16.34333760199075
44b6_d5e7d891,44b6_d5e7d891:87,pil_only,65,pil_only|44b6_d5e7d891:87|65,0,p:12:111,p:13:470,p:13:525,14.89337100860648,19.70207793609598,False,0,24.744409976654467
44b6_d5e7d891,44b6_d5e7d891:87,pil_only,66,pil_only|44b6_d5e7d891:87|66,0,p:12:111,p:13:470,p:13:526,10.65583760199075,12.795262795269194,False,0,17.05346899962535
44b6_d5e7d891,44b6_d5e7d891:87,pil_only,67,pil_only|44b6_d5e7d891:87|67,0,p:12:111,p:13:470,p:13:528,10.65583760199075,13.978778558944269,False,0,17.645226881462886
44b6_d5e7d891,44b6_d5e7d891:87,pil_only,68,pil_only|44b6_d5e7d891:87|68,0,p:12:111,p:13:470,p:13:544,13.101168840985142,15.41610359332085,False,0,20.809220637645566
44b6_d5e7d891,44b6_d5e7d891:87,pil_only,69,pil_only|44b6_d5e7d891:87|69,0,p:12:111,p:13:470,p:13:551,10.65583760199075,16.965498076979642,False,0,19.138586640480572
44b6_d5e7d891,44b6_d5e7d891:87,pil_only,70,pil_only|44b6_d5e7d891:87|70,0,p:12:111,p:13:470,p:13:573,14.804454566109486,18.950593658247225,False,0,24.2797513952331
44b6_d5e7d891,44b6_d5e7d891:87,pil_only,71,pil_only|44b6_d5e7d891:87|71,0,p:12:111,p:13:470,p:13:586,15.33021933959198,18.240579760522966,False,0,24.450509219853465
44b6_d5e7d891,44b6_d5e7d891:87,pil_only,72,pil_only|44b6_d5e7d891:87|72,0,p:12:111,p:13:472,p:13:473,13.978778558944269,15.33021933959198,False,0,21.64388822874026
44b6_d5e7d891,44b6_d5e7d891:87,pil_only,73,pil_only|44b6_d5e7d891:87|73,0,p:12:111,p:13:472,p:13:476,13.301198254292732,13.400093283257396,False,0,20.00124489592143
44b6_d5e7d891,44b6_d5e7d891:87,pil_only,74,pil_only|44b6_d5e7d891:87|74,0,p:12:111,p:13:472,p:13:487,10.900831390311474,10.531203634912773,False,0,16.16643320776786
44b6_d5e7d891,44b6_d5e7d891:87,pil_only,75,pil_only|44b6_d5e7d891:87|75,0,p:12:111,p:13:472,p:13:496,10.017172754824587,12.268480957314969,False,0,16.15141323348207
44b6_d5e7d891,44b6_d5e7d891:87,pil_only,76,pil_only|44b6_d5e7d891:87|76,0,p:12:111,p:13:472,p:13:525,14.89337100860648,14.804454566109486,False,0,22.29559829166122
44b6_d5e7d891,44b6_d5e7d891:87,pil_only,77,pil_only|44b6_d5e7d891:87|77,0,p:12:111,p:13:472,p:13:526,8.75089281159357,10.017172754824587,False,0,13.759479189005862
44b6_d5e7d891,44b6_d5e7d891:87,pil_only,78,pil_only|44b6_d5e7d891:87|78,1,p:12:111,p:13:472,p:13:528,6.700046641628698,11.490485194281398,False,0,12.445289238769398
44b6_d5e7d891,44b6_d5e7d891:87,pil_only,79,pil_only|44b6_d5e7d891:87|79,0,p:12:111,p:13:472,p:13:544,13.101168840985142,17.35025215955088,False,0,21.776294920760584
44b6_d5e7d891,44b6_d5e7d891:87,pil_only,80,pil_only|44b6_d5e7d891:87|80,0,p:12:111,p:13:472,p:13:546,13.498263777241872,17.948711652929298,False,0,22.47261960370652
44b6_d5e7d891,44b6_d5e7d891:87,pil_only,81,pil_only|44b6_d5e7d891:87|81,0,p:12:111,p:13:472,p:13:551,8.285906709588275,13.498263777241872,False,0,15.035038598209212
44b6_d5e7d891,44b6_d5e7d891:87,pil_only,82,pil_only|44b6_d5e7d891:87|82,0,p:12:111,p:13:472,p:13:573,14.804454566109486,17.800983118917898,False,0,23.704946125568434
44b6_d5e7d891,44b6_d5e7d891:87,pil_only,83,pil_only|44b6_d5e7d891:87|83,0,p:12:111,p:13:472,p:13:575,14.072912811497128,17.800983118917898,False,0,22.973404370956075
44b6_d5e7d891,44b6_d5e7d891:87,pil_only,84,pil_only|44b6_d5e7d891:87|84,0,p:12:111,p:13:472,p:13:586,15.33021933959198,19.90210416011332,False,0,25.28127141964864
44b6_d5e7d891,44b6_d5e7d891:87,pil_only,85,pil_only|44b6_d5e7d891:87|85,0,p:12:111,p:13:473,p:13:476,13.978778558944269,16.965498076979642,False,0,22.46152759743409
44b6_d5e7d891,44b6_d5e7d891:87,pil_only,86,pil_only|44b6_d5e7d891:87|86,0,p:12:111,p:13:473,p:13:487,13.978778558944269,19.56759119053748,False,0,23.76257415421301
44b6_d5e7d891,44b6_d5e7d891:87,pil_only,87,pil_only|44b6_d5e7d891:87|87,0,p:12:111,p:13:473,p:13:496,13.978778558944269,6.080193253507654,False,0,17.018875185698096
44b6_d5e7d891,44b6_d5e7d891:87,pil_only,88,pil_only|44b6_d5e7d891:87|88,0,p:12:111,p:13:473,p:13:528,13.978778558944269,10.900831390311474,False,0,19.429194254100004
44b6_d5e7d891,44b6_d5e7d891:87,pil_only,89,pil_only|44b6_d5e7d891:87|89,0,p:12:111,p:13:473,p:13:544,13.978778558944269,13.101168840985142,False,0,20.52936297943684
44b6_d5e7d891,44b6_d5e7d891:87,pil_only,90,pil_only|44b6_d5e7d891:87|90,0,p:12:111,p:13:473,p:13:546,13.978778558944269,14.804454566109486,False,0,21.381005841999013
44b6_d5e7d891,44b6_d5e7d891:87,pil_only,91,pil_only|44b6_d5e7d891:87|91,0,p:12:111,p:13:473,p:13:551,13.978778558944269,17.948711652929298,False,0,22.953134385408916
44b6_d5e7d891,44b6_d5e7d891:87,pil_only,92,pil_only|44b6_d5e7d891:87|92,0,p:12:111,p:13:476,p:13:487,13.301198254292732,6.080193253507654,False,0,16.341294881046558
44b6_d5e7d891,44b6_d5e7d891:87,pil_only,93,pil_only|44b6_d5e7d891:87|93,0,p:12:111,p:13:476,p:13:496,13.301198254292732,17.875,False,0,22.238698254292732
44b6_d5e7d891,44b6_d5e7d891:87,pil_only,94,pil_only|44b6_d5e7d891:87|94,0,p:12:111,p:13:476,p:13:526,13.301198254292732,19.63494970709118,False,0,23.118673107838323
44b6_d5e7d891,44b6_d5e7d891:87,pil_only,95,pil_only|44b6_d5e7d891:87|95,0,p:12:111,p:13:476,p:13:528,13.301198254292732,15.069630055180518,False,0,20.83601328188299
44b6_d5e7d891,44b6_d5e7d891:87,pil_only,96,pil_only|44b6_d5e7d891:87|96,0,p:12:111,p:13:476,p:13:546,13.498263777241872,13.978778558944269,False,0,20.487653056714006
44b6_d5e7d891,44b6_d5e7d891:87,pil_only,97,pil_only|44b6_d5e7d891:87|97,0,p:12:111,p:13:476,p:13:551,13.301198254292732,16.965498076979642,False,0,21.783947292782553
44b6_d5e7d891,44b6_d5e7d891:87,pil_only,98,pil_only|44b6_d5e7d891:87|98,0,p:12:111,p:13:476,p:13:575,14.072912811497128,19.22725929507375,False,0,23.686542459034
44b6_d5e7d891,44b6_d5e7d891:87,pil_only,99,pil_only|44b6_d5e7d891:87|99,0,p:12:111,p:13:487,p:13:496,10.900831390311474,18.598975106171846,False,0,20.2003189433974
44b6_d5e7d891,44b6_d5e7d891:87,pil_only,100,pil_only|44b6_d5e7d891:87|100,0,p:12:111,p:13:487,p:13:525,14.89337100860648,15.33021933959198,False,0,22.558480678402468
44b6_d5e7d891,44b6_d5e7d891:87,pil_only,101,pil_only|44b6_d5e7d891:87|101,0,p:12:111,p:13:487,p:13:526,10.900831390311474,14.89337100860648,False,0,18.347516894614714
44b6_d5e7d891,44b6_d5e7d891:87,pil_only,102,pil_only|44b6_d5e7d891:87|102,0,p:12:111,p:13:487,p:13:528,10.900831390311474,14.89337100860648,False,0,18.347516894614714
44b6_d5e7d891,44b6_d5e7d891:87,pil_only,103,pil_only|44b6_d5e7d891:87|103,0,p:12:111,p:13:487,p:13:546,13.498263777241872,15.754959536603069,False,0,21.375743545543408
44b6_d5e7d891,44b6_d5e7d891:87,pil_only,104,pil_only|44b6_d5e7d891:87|104,0,p:12:111,p:13:487,p:13:551,10.900831390311474,14.804454566109486,False,0,18.303058673366216
44b6_d5e7d891,44b6_d5e7d891:87,pil_only,105,pil_only|44b6_d5e7d891:87|105,0,p:12:111,p:13:487,p:13:575,14.072912811497128,15.41610359332085,False,0,21.780964608157554
44b6_d5e7d891,44b6_d5e7d891:87,pil_only,106,pil_only|44b6_d5e7d891:87|106,0,p:12:111,p:13:496,p:13:526,10.017172754824587,17.426183603990864,False,0,18.730264556820018
44b6_d5e7d891,44b6_d5e7d891:87,pil_only,107,pil_only|44b6_d5e7d891:87|107,0,p:12:111,p:13:496,p:13:528,10.017172754824587,7.083210783253595,False,0,13.558778146451385
44b6_d5e7d891,44b6_d5e7d891:87,pil_only,108,pil_only|44b6_d5e7d891:87|108,0,p:12:111,p:13:496,p:13:544,13.101168840985142,8.443747686898277,False,0,17.32304268443428
44b6_d5e7d891,44b6_d5e7d891:87,pil_only,109,pil_only|44b6_d5e7d891:87|109,0,p:12:111,p:13:496,p:13:546,13.498263777241872,14.259317129512198,False,0,20.627922341997973
44b6_d5e7d891,44b6_d5e7d891:87,pil_only,110,pil_only|44b6_d5e7d891:87|110,0,p:12:111,p:13:496,p:13:551,10.017172754824587,13.788582233137676,False,0,16.911463871393426
44b6_d5e7d891,44b6_d5e7d891:87,pil_only,111,pil_only|44b6_d5e7d891:87|111,0,p:12:111,p:13:496,p:13:586,15.33021933959198,16.331047884321446,False,0,23.495743281752702
44b6_d5e7d891,44b6_d5e7d891:87,pil_only,112,pil_only|44b6_d5e7d891:87|112,0,p:12:111,p:13:525,p:13:526,14.89337100860648,8.125,False,0,18.95587100860648
44b6_d5e7d891,44b6_d5e7d891:87,pil_only,113,pil_only|44b6_d5e7d891:87|113,0,p:12:111,p:13:525,p:13:551,14.89337100860648,16.086679271993955,False,0,22.93671064460346
44b6_d5e7d891,44b6_d5e7d891:87,pil_only,114,pil_only|44b6_d5e7d891:87|114,0,p:12:111,p:13:525,p:13:573,14.89337100860648,11.604821196382131,False,0,20.695781606797546
44b6_d5e7d891,44b6_d5e7d891:87,pil_only,115,pil_only|44b6_d5e7d891:87|115,0,p:12:111,p:13:525,p:13:575,14.89337100860648,12.481861840286488,False,0,21.13430192874972
44b6_d5e7d891,44b6_d5e7d891:87,pil_only,116,pil_only|44b6_d5e7d891:87|116,0,p:12:111,p:13:526,p:13:528,8.75089281159357,13.788582233137676,False,0,15.645183928162407
44b6_d5e7d891,44b6_d5e7d891:87,pil_only,117,pil_only|44b6_d5e7d891:87|117,0,p:12:111,p:13:526,p:13:544,13.101168840985142,17.800983118917898,False,0,22.00166040044409
44b6_d5e7d891,44b6_d5e7d891:87,pil_only,118,pil_only|44b6_d5e7d891:87|118,0,p:12:111,p:13:526,p:13:546,13.498263777241872,19.90210416011332,False,0,23.449315857298533
44b6_d5e7d891,44b6_d5e7d891:87,pil_only,119,pil_only|44b6_d5e7d891:87|119,0,p:12:111,p:13:526,p:13:551,8.75089281159357,10.65583760199075,False,0,14.078811612588945
44b6_d5e7d891,44b6_d5e7d891:87,pil_only,120,pil_only|44b6_d5e7d891:87|120,0,p:12:111,p:13:526,p:13:573,14.804454566109486,8.285906709588275,False,0,18.947407920903622
44b6_d5e7d891,44b6_d5e7d891:87,pil_only,121,pil_only|44b6_d5e7d891:87|121,0,p:12:111,p:13:526,p:13:575,14.072912811497128,11.941262496067994,False,0,20.043544059531126
44b6_d5e7d891,44b6_d5e7d891:87,pil_only,122,pil_only|44b6_d5e7d891:87|122,0,p:12:111,p:13:526,p:13:586,15.33021933959198,15.069630055180518,False,0,22.86503436718224
44b6_d5e7d891,44b6_d5e7d891:87,pil_only,123,pil_only|44b6_d5e7d891:87|123,0,p:12:111,p:13:528,p:13:544,13.101168840985142,7.960841664045329,False,0,17.081589673007805
44b6_d5e7d891,44b6_d5e7d891:87,pil_only,124,pil_only|44b6_d5e7d891:87|124,0,p:12:111,p:13:528,p:13:546,13.498263777241872,8.900491559458949,False,0,17.948509556971345
44b6_d5e7d891,44b6_d5e7d891:87,pil_only,125,pil_only|44b6_d5e7d891:87|125,0,p:12:111,p:13:528,p:13:551,8.285906709588275,7.083210783253595,False,0,11.827512101215072
44b6_d5e7d891,44b6_d5e7d891:87,pil_only,126,pil_only|44b6_d5e7d891:87|126,0,p:12:111,p:13:528,p:13:573,14.804454566109486,17.04314378276496,False,0,23.326026457491967
44b6_d5e7d891,44b6_d5e7d891:87,pil_only,127,pil_only|44b6_d5e7d891:87|127,0,p:12:111,p:13:528,p:13:575,14.072912811497128,15.41610359332085,False,0,21.780964608157554
44b6_d5e7d891,44b6_d5e7d891:87,pil_only,128,pil_only|44b6_d5e7d891:87|128,0,p:12:111,p:13:528,p:13:586,15.33021933959198,12.795262795269194,False,0,21.72785073722658
44b6_d5e7d891,44b6_d5e7d891:87,pil_only,129,pil_only|44b6_d5e7d891:87|129,0,p:12:111,p:13:544,p:13:546,13.498263777241872,13.978778558944269,False,0,20.487653056714006
44b6_d5e7d891,44b6_d5e7d891:87,pil_only,130,pil_only|44b6_d5e7d891:87|130,0,p:12:111,p:13:544,p:13:551,13.101168840985142,11.604821196382131,False,0,18.90357943917621
44b6_d5e7d891,44b6_d5e7d891:87,pil_only,131,pil_only|44b6_d5e7d891:87|131,0,p:12:111,p:13:544,p:13:573,14.804454566109486,18.810734967034115,False,0,24.209822049626545
44b6_d5e7d891,44b6_d5e7d891:87,pil_only,132,pil_only|44b6_d5e7d891:87|132,0,p:12:111,p:13:544,p:13:586,15.33021933959198,9.475296829123613,False,0,20.067867754153788
44b6_d5e7d891,44b6_d5e7d891:87,pil_only,133,pil_only|44b6_d5e7d891:87|133,0,p:12:111,p:13:546,p:13:551,13.498263777241872,10.405076885828379,False,0,18.700802220156064
44b6_d5e7d891,44b6_d5e7d891:87,pil_only,134,pil_only|44b6_d5e7d891:87|134,0,p:12:111,p:13:546,p:13:575,14.072912811497128,15.754959536603069,False,0,21.950392579798663
44b6_d5e7d891,44b6_d5e7d891:87,pil_only,135,pil_only|44b6_d5e7d891:87|135,0,p:12:111,p:13:546,p:13:586,15.33021933959198,17.800983118917898,False,0,24.23071089905093
44b6_d5e7d891,44b6_d5e7d891:87,pil_only,136,pil_only|44b6_d5e7d891:87|136,0,p:12:111,p:13:551,p:13:573,14.804454566109486,11.375,False,0,20.491954566109484
44b6_d5e7d891,44b6_d5e7d891:87,pil_only,137,pil_only|44b6_d5e7d891:87|137,0,p:12:111,p:13:551,p:13:575,14.072912811497128,8.75089281159357,False,0,18.448359217293913
44b6_d5e7d891,44b6_d5e7d891:87,pil_only,138,pil_only|44b6_d5e7d891:87|138,0,p:12:111,p:13:551,p:13:586,15.33021933959198,10.405076885828379,False,0,20.53275778250617
44b6_d5e7d891,44b6_d5e7d891:87,pil_only,139,pil_only|44b6_d5e7d891:87|139,0,p:12:111,p:13:573,p:13:575,14.804454566109486,10.277402395547233,False,0,19.9431557638831
44b6_d5e7d891,44b6_d5e7d891:87,pil_only,140,pil_only|44b6_d5e7d891:87|140,0,p:12:111,p:13:573,p:13:586,15.33021933959198,11.941262496067994,False,0,21.300850587625977
44b6_d5e7d891,44b6_d5e7d891:87,pil_only,141,pil_only|44b6_d5e7d891:87|141,0,p:12:111,p:13:575,p:13:586,15.33021933959198,16.086679271993955,False,0,23.373558975588956
44b6_d5e7d891,44b6_d5e7d891:455,pil_only,0,pil_only|44b6_d5e7d891:455|0,0,p:47:896,p:48:1331,p:48:1346,15.069630055180518,11.941262496067994,False,0,21.040261303214514
44b6_d5e7d891,44b6_d5e7d891:455,pil_only,1,pil_only|44b6_d5e7d891:455|1,0,p:47:896,p:48:1331,p:48:1353,15.069630055180518,11.02128622257856,False,0,20.580273166469798
44b6_d5e7d891,44b6_d5e7d891:455,pil_only,2,pil_only|44b6_d5e7d891:455|2,0,p:47:896,p:48:1331,p:48:1354,15.069630055180518,5.138701197773616,False,0,17.638980654067325
44b6_d5e7d891,44b6_d5e7d891:455,pil_only,3,pil_only|44b6_d5e7d891:455|3,0,p:47:896,p:48:1331,p:48:1356,15.069630055180518,9.475296829123613,False,0,19.807278469742325
44b6_d5e7d891,44b6_d5e7d891:455,pil_only,4,pil_only|44b6_d5e7d891:455|4,0,p:47:896,p:48:1331,p:48:1373,15.069630055180518,10.900831390311474,False,0,20.520045750336255
44b6_d5e7d891,44b6_d5e7d891:455,pil_only,5,pil_only|44b6_d5e7d891:455|5,0,p:47:896,p:48:1331,p:48:1404,15.069630055180518,15.069630055180518,False,0,22.604445082770777
44b6_d5e7d891,44b6_d5e7d891:455,pil_only,6,pil_only|44b6_d5e7d891:455|6,0,p:47:896,p:48:1331,p:48:1411,15.069630055180518,17.948711652929298,False,0,24.043985881645167
44b6_d5e7d891,44b6_d5e7d891:455,pil_only,7,pil_only|44b6_d5e7d891:455|7,0,p:47:896,p:48:1331,p:48:1412,15.069630055180518,13.978778558944269,False,0,22.059019334652653
44b6_d5e7d891,44b6_d5e7d891:455,pil_only,8,pil_only|44b6_d5e7d891:455|8,0,p:47:896,p:48:1331,p:48:1436,15.069630055180518,17.273986945693807,False,0,23.70662352802742
44b6_d5e7d891,44b6_d5e7d891:455,pil_only,9,pil_only|44b6_d5e7d891:455|9,0,p:47:896,p:48:1346,p:48:1353,14.351611407782752,15.069630055180518,False,0,21.88642643537301
44b6_d5e7d891,44b6_d5e7d891:455,pil_only,10,pil_only|44b6_d5e7d891:455|10,0,p:47:896,p:48:1346,p:48:1354,14.351611407782752,11.490485194281398,False,0,20.09685400492345
44b6_d5e7d891,44b6_d5e7d891:455,pil_only,11,pil_only|44b6_d5e7d891:455|11,0,p:47:896,p:48:1346,p:48:1356,14.351611407782752,19.08942770226494,False,0,23.89632525891522
44b6_d5e7d891,44b6_d5e7d891:455,pil_only,12,pil_only|44b6_d5e7d891:455|12,0,p:47:896,p:48:1346,p:48:1373,14.351611407782752,19.158467449146343,False,0,23.930845132355923
44b6_d5e7d891,44b6_d5e7d891:455,pil_only,13,pil_only|44b6_d5e7d891:455|13,0,p:47:896,p:48:1346,p:48:1411,14.351611407782752,11.718041645257966,False,0,20.210632230411733
44b6_d5e7d891,44b6_d5e7d891:455,pil_only,14,pil_only|44b6_d5e7d891:455|14,0,p:47:896,p:48:1346,p:48:1412,14.351611407782752,11.718041645257966,False,0,20.210632230411733
44b6_d5e7d891,44b6_d5e7d891:455,pil_only,15,pil_only|44b6_d5e7d891:455|15,0,p:47:896,p:48:1346,p:48:1424,14.715000849473302,13.978778558944269,False,0,21.704390128945438
44b6_d5e7d891,44b6_d5e7d891:455,pil_only,16,pil_only|44b6_d5e7d891:455|16,0,p:47:896,p:48:1346,p:48:1434,14.351611407782752,13.978778558944269,False,0,21.341000687254887
44b6_d5e7d891,44b6_d5e7d891:455,pil_only,17,pil_only|44b6_d5e7d891:455|17,0,p:47:896,p:48:1346,p:48:1436,14.351611407782752,16.65129499468435,False,0,22.677258905124926
44b6_d5e7d891,44b6_d5e7d891:455,pil_only,18,pil_only|44b6_d5e7d891:455|18,0,p:47:896,p:48:1346,p:48:1455,14.351611407782752,18.16805231718579,False,0,23.435637566375647
44b6_d5e7d891,44b6_d5e7d891:455,pil_only,19,pil_only|44b6_d5e7d891:455|19,0,p:47:896,p:48:1353,p:48:1354,12.795262795269194,11.490485194281398,False,0,18.54050539240989
44b6_d5e7d891,44b6_d5e7d891:455,pil_only,20,pil_only|44b6_d5e7d891:455|20,0,p:47:896,p:48:1353,p:48:1356,14.16642156650719,9.475296829123613,False,0,18.904069981068996
44b6_d5e7d891,44b6_d5e7d891:455,pil_only,21,pil_only|44b6_d5e7d891:455|21,0,p:47:896,p:48:1353,p:48:1373,12.795262795269194,10.900831390311474,False,0,18.24567849042493
44b6_d5e7d891,44b6_d5e7d891:455,pil_only,22,pil_only|44b6_d5e7d891:455|22,0,p:47:896,p:48:1353,p:48:1404,13.788582233137676,17.35025215955088,False,0,22.463708312913116
44b6_d5e7d891,44b6_d5e7d891:455,pil_only,23,pil_only|44b6_d5e7d891:455|23,0,p:47:896,p:48:1353,p:48:1411,12.795262795269194,13.595725431178728,False,0,19.593125510858556
44b6_d5e7d891,44b6_d5e7d891:455,pil_only,24,pil_only|44b6_d5e7d891:455|24,0,p:47:896,p:48:1353,p:48:1412,12.795262795269194,14.351611407782752,False,0,19.97106849916057
44b6_d5e7d891,44b6_d5e7d891:455,pil_only,25,pil_only|44b6_d5e7d891:455|25,0,p:47:896,p:48:1353,p:48:1427,14.981759743100941,12.691655723348314,False,0,21.327587604775097
44b6_d5e7d891,44b6_d5e7d891:455,pil_only,26,pil_only|44b6_d5e7d891:455|26,0,p:47:896,p:48:1353,p:48:1436,12.795262795269194,12.481861840286488,False,0,19.036193715412438
44b6_d5e7d891,44b6_d5e7d891:455,pil_only,27,pil_only|44b6_d5e7d891:455|27,0,p:47:896,p:48:1353,p:48:1449,12.795262795269194,16.331047884321446,False,0,20.960786737429917
44b6_d5e7d891,44b6_d5e7d891:455,pil_only,28,pil_only|44b6_d5e7d891:455|28,0,p:47:896,p:48:1353,p:48:1456,12.795262795269194,17.04314378276496,False,0,21.316834686651674
44b6_d5e7d891,44b6_d5e7d891:455,pil_only,29,pil_only|44b6_d5e7d891:455|29,0,p:47:896,p:48:1354,p:48:1356,14.16642156650719,9.192388155425117,False,0,18.76261564421975
44b6_d5e7d891,44b6_d5e7d891:455,pil_only,30,pil_only|44b6_d5e7d891:455|30,0,p:47:896,p:48:1354,p:48:1373,11.830178570080843,8.75089281159357,False,0,16.205624975877626
44b6_d5e7d891,44b6_d5e7d891:455,pil_only,31,pil_only|44b6_d5e7d891:455|31,0,p:47:896,p:48:1354,p:48:1404,13.788582233137676,11.718041645257966,False,0,19.64760305576666
44b6_d5e7d891,44b6_d5e7d891:455,pil_only,32,pil_only|44b6_d5e7d891:455|32,0,p:47:896,p:48:1354,p:48:1411,10.779030568655049,15.41610359332085,False,0,18.487082365315473
44b6_d5e7d891,44b6_d5e7d891:455,pil_only,33,pil_only|44b6_d5e7d891:455|33,0,p:47:896,p:48:1354,p:48:1412,10.779030568655049,9.475296829123613,False,0,15.516678983216856
44b6_d5e7d891,44b6_d5e7d891:455,pil_only,34,pil_only|44b6_d5e7d891:455|34,0,p:47:896,p:48:1354,p:48:1434,13.201562407533435,19.90210416011332,False,0,23.152614487590096
44b6_d5e7d891,44b6_d5e7d891:455,pil_only,35,pil_only|44b6_d5e7d891:455|35,0,p:47:896,p:48:1354,p:48:1436,10.779030568655049,13.498263777241872,False,0,17.528162457275986
44b6_d5e7d891,44b6_d5e7d891:455,pil_only,36,pil_only|44b6_d5e7d891:455|36,0,p:47:896,p:48:1354,p:48:1449,10.779030568655049,17.426183603990864,False,0,19.49212237065048
44b6_d5e7d891,44b6_d5e7d891:455,pil_only,37,pil_only|44b6_d5e7d891:455|37,0,p:47:896,p:48:1356,p:48:1373,14.16642156650719,3.6336104634371584,False,0,15.983226798225768
44b6_d5e7d891,44b6_d5e7d891:455,pil_only,38,pil_only|44b6_d5e7d891:455|38,0,p:47:896,p:48:1356,p:48:1404,14.16642156650719,9.75,False,0,19.04142156650719
44b6_d5e7d891,44b6_d5e7d891:455,pil_only,39,pil_only|44b6_d5e7d891:455|39,0,p:47:896,p:48:1356,p:48:1411,14.16642156650719,19.63494970709118,False,0,23.98389642005278
44b6_d5e7d891,44b6_d5e7d891:455,pil_only,40,pil_only|44b6_d5e7d891:455|40,0,p:47:896,p:48:1356,p:48:1412,14.16642156650719,15.41610359332085,False,0,21.874473363167613
44b6_d5e7d891,44b6_d5e7d891:455,pil_only,41,pil_only|44b6_d5e7d891:455|41,0,p:47:896,p:48:1356,p:48:1427,14.981759743100941,19.835652875567266,False,0,24.899586180884576
44b6_d5e7d891,44b6_d5e7d891:455,pil_only,42,pil_only|44b6_d5e7d891:455|42,0,p:47:896,p:48:1356,p:48:1436,14.16642156650719,14.981759743100941,False,0,21.657301438057658
44b6_d5e7d891,44b6_d5e7d891:455,pil_only,43,pil_only|44b6_d5e7d891:455|43,0,p:47:896,p:48:1356,p:48:1449,14.16642156650719,14.804454566109486,False,0,21.56864884956193
44b6_d5e7d891,44b6_d5e7d891:455,pil_only,44,pil_only|44b6_d5e7d891:455|44,0,p:47:896,p:48:1373,p:48:1404,13.788582233137676,6.700046641628698,False,0,17.138605553952026
44b6_d5e7d891,44b6_d5e7d891:455,pil_only,45,pil_only|44b6_d5e7d891:455|45,0,p:47:896,p:48:1373,p:48:1411,11.830178570080843,18.598975106171846,False,0,21.129666123166764
44b6_d5e7d891,44b6_d5e7d891:455,pil_only,46,pil_only|44b6_d5e7d891:455|46,0,p:47:896,p:48:1373,p:48:1412,11.830178570080843,13.301198254292732,False,0,18.48077769722721
44b6_d5e7d891,44b6_d5e7d891:455,pil_only,47,pil_only|44b6_d5e7d891:455|47,0,p:47:896,p:48:1373,p:48:1427,14.981759743100941,19.5,False,0,24.73175974310094
44b6_d5e7d891,44b6_d5e7d891:455,pil_only,48,pil_only|44b6_d5e7d891:455|48,0,p:47:896,p:48:1373,p:48:1436,11.830178570080843,12.795262795269194,False,0,18.22780996771544
44b6_d5e7d891,44b6_d5e7d891:455,pil_only,49,pil_only|44b6_d5e7d891:455|49,0,p:47:896,p:48:1373,p:48:1449,11.830178570080843,11.941262496067994,False,0,17.80080981811484
44b6_d5e7d891,44b6_d5e7d891:455,pil_only,50,pil_only|44b6_d5e7d891:455|50,0,p:47:896,p:48:1373,p:48:1456,11.830178570080843,19.02013735491939,False,0,21.34024724754054
44b6_d5e7d891,44b6_d5e7d891:455,pil_only,51,pil_only|44b6_d5e7d891:455|51,0,p:47:896,p:48:1373,p:48:1485,13.201562407533435,18.45645212385089,False,0,22.42978846945888
44b6_d5e7d891,44b6_d5e7d891:455,pil_only,52,pil_only|44b6_d5e7d891:455|52,0,p:47:896,p:48:1404,p:48:1412,13.788582233137676,14.715000849473302,False,0,21.146082657874327
44b6_d5e7d891,44b6_d5e7d891:455,pil_only,53,pil_only|44b6_d5e7d891:455|53,0,p:47:896,p:48:1404,p:48:1436,13.788582233137676,15.33021933959198,False,0,21.453691902933667
44b6_d5e7d891,44b6_d5e7d891:455,pil_only,54,pil_only|44b6_d5e7d891:455|54,0,p:47:896,p:48:1404,p:48:1449,13.788582233137676,12.481861840286488,False,0,20.02951315328092
44b6_d5e7d891,44b6_d5e7d891:455,pil_only,55,pil_only|44b6_d5e7d891:455|55,0,p:47:896,p:48:1404,p:48:1485,13.788582233137676,16.086679271993955,False,0,21.831921869134653
44b6_d5e7d891,44b6_d5e7d891:455,pil_only,56,pil_only|44b6_d5e7d891:455|56,0,p:47:896,p:48:1411,p:48:1412,8.900491559458949,9.192388155425117,False,0,13.496685637171508
44b6_d5e7d891,44b6_d5e7d891:455,pil_only,57,pil_only|44b6_d5e7d891:455|57,0,p:47:896,p:48:1411,p:48:1424,14.715000849473302,6.894291116568838,False,0,18.16214640775772
44b6_d5e7d891,44b6_d5e7d891:455,pil_only,58,pil_only|44b6_d5e7d891:455|58,0,p:47:896,p:48:1411,p:48:1427,14.981759743100941,12.481861840286488,False,0,21.222690663244187
44b6_d5e7d891,44b6_d5e7d891:455,pil_only,59,pil_only|44b6_d5e7d891:455|59,0,p:47:896,p:48:1411,p:48:1434,13.201562407533435,7.621925609713073,False,0,17.01252521238997
44b6_d5e7d891,44b6_d5e7d891:455,pil_only,60,pil_only|44b6_d5e7d891:455|60,0,p:47:896,p:48:1411,p:48:1436,8.900491559458949,8.75089281159357,False,0,13.275937965255734
44b6_d5e7d891,44b6_d5e7d891:455,pil_only,61,pil_only|44b6_d5e7d891:455|61,0,p:47:896,p:48:1411,p:48:1449,10.65583760199075,17.577062467886947,False,0,19.444368835934224
44b6_d5e7d891,44b6_d5e7d891:455,pil_only,62,pil_only|44b6_d5e7d891:455|62,0,p:47:896,p:48:1411,p:48:1455,13.498263777241872,10.900831390311474,False,0,18.948679472397608
44b6_d5e7d891,44b6_d5e7d891:455,pil_only,63,pil_only|44b6_d5e7d891:455|63,0,p:47:896,p:48:1411,p:48:1456,9.75,10.017172754824587,False,0,14.758586377412293
44b6_d5e7d891,44b6_d5e7d891:455,pil_only,64,pil_only|44b6_d5e7d891:455|64,0,p:47:896,p:48:1411,p:48:1470,10.779030568655049,13.978778558944269,False,0,17.768419848127184
44b6_d5e7d891,44b6_d5e7d891:455,pil_only,65,pil_only|44b6_d5e7d891:455|65,0,p:47:896,p:48:1411,p:48:1484,14.804454566109486,13.101168840985142,False,0,21.355038986602057
44b6_d5e7d891,44b6_d5e7d891:455,pil_only,66,pil_only|44b6_d5e7d891:455|66,0,p:47:896,p:48:1411,p:48:1493,14.259317129512198,18.598975106171846,False,0,23.558804682598122
44b6_d5e7d891,44b6_d5e7d891:455,pil_only,67,pil_only|44b6_d5e7d891:455|67,0,p:47:896,p:48:1412,p:48:1424,14.715000849473302,13.978778558944269,False,0,21.704390128945438
44b6_d5e7d891,44b6_d5e7d891:455,pil_only,68,pil_only|44b6_d5e7d891:455|68,0,p:47:896,p:48:1412,p:48:1427,14.981759743100941,18.022121822915302,False,0,23.992820654558592
44b6_d5e7d891,44b6_d5e7d891:455,pil_only,69,pil_only|44b6_d5e7d891:455|69,0,p:47:896,p:48:1412,p:48:1434,13.201562407533435,11.941262496067994,False,0,19.172193655567433
44b6_d5e7d891,44b6_d5e7d891:455,pil_only,70,pil_only|44b6_d5e7d891:455|70,1,p:47:896,p:48:1412,p:48:1436,3.9804208320226646,7.44668550430324,False,0,7.703763584174284
44b6_d5e7d891,44b6_d5e7d891:455,pil_only,71,pil_only|44b6_d5e7d891:455|71,0,p:47:896,p:48:1412,p:48:1449,10.65583760199075,14.259317129512198,False,0,17.78549616674685
44b6_d5e7d891,44b6_d5e7d891:455,pil_only,72,pil_only|44b6_d5e7d891:455|72,0,p:47:896,p:48:1412,p:48:1455,13.498263777241872,12.691655723348314,False,0,19.84409163891603
44b6_d5e7d891,44b6_d5e7d891:455,pil_only,73,pil_only|44b6_d5e7d891:455|73,0,p:47:896,p:48:1412,p:48:1456,9.75,12.795262795269194,False,0,16.147631397634598
44b6_d5e7d891,44b6_d5e7d891:455,pil_only,74,pil_only|44b6_d5e7d891:455|74,0,p:47:896,p:48:1412,p:48:1470,10.779030568655049,11.490485194281398,False,0,16.524273165795748
44b6_d5e7d891,44b6_d5e7d891:455,pil_only,75,pil_only|44b6_d5e7d891:455|75,0,p:47:896,p:48:1412,p:48:1484,14.804454566109486,16.65129499468435,False,0,23.13010206345166
44b6_d5e7d891,44b6_d5e7d891:455,pil_only,76,pil_only|44b6_d5e7d891:455|76,0,p:47:896,p:48:1412,p:48:1485,13.201562407533435,15.41610359332085,False,0,20.90961420419386
44b6_d5e7d891,44b6_d5e7d891:455,pil_only,77,pil_only|44b6_d5e7d891:455|77,0,p:47:896,p:48:1412,p:48:1493,14.259317129512198,17.426183603990864,False,0,22.97240893150763
44b6_d5e7d891,44b6_d5e7d891:455,pil_only,78,pil_only|44b6_d5e7d891:455|78,0,p:47:896,p:48:1424,p:48:1427,14.981759743100941,17.273986945693807,False,0,23.618753215947844
44b6_d5e7d891,44b6_d5e7d891:455,pil_only,79,pil_only|44b6_d5e7d891:455|79,0,p:47:896,p:48:1424,p:48:1434,14.715000849473302,3.9804208320226646,False,0,16.705211265484635
44b6_d5e7d891,44b6_d5e7d891:455,pil_only,80,pil_only|44b6_d5e7d891:455|80,0,p:47:896,p:48:1424,p:48:1436,14.715000849473302,14.804454566109486,False,0,22.117228132528044
44b6_d5e7d891,44b6_d5e7d891:455,pil_only,81,pil_only|44b6_d5e7d891:455|81,0,p:47:896,p:48:1424,p:48:1455,14.715000849473302,8.75089281159357,False,0,19.090447255270085
44b6_d5e7d891,44b6_d5e7d891:455,pil_only,82,pil_only|44b6_d5e7d891:455|82,0,p:47:896,p:48:1424,p:48:1456,14.715000849473302,13.978778558944269,False,0,21.704390128945438
44b6_d5e7d891,44b6_d5e7d891:455,pil_only,83,pil_only|44b6_d5e7d891:455|83,0,p:47:896,p:48:1424,p:48:1470,14.715000849473302,15.754959536603069,False,0,22.592480617774836
44b6_d5e7d891,44b6_d5e7d891:455,pil_only,84,pil_only|44b6_d5e7d891:455|84,0,p:47:896,p:48:1424,p:48:1484,14.804454566109486,13.498263777241872,False,0,21.55358645473042
44b6_d5e7d891,44b6_d5e7d891:455,pil_only,85,pil_only|44b6_d5e7d891:455|85,0,p:47:896,p:48:1427,p:48:1434,14.981759743100941,19.02013735491939,False,0,24.491828420560637
44b6_d5e7d891,44b6_d5e7d891:455,pil_only,86,pil_only|44b6_d5e7d891:455|86,0,p:47:896,p:48:1427,p:48:1436,14.981759743100941,11.941262496067994,False,0,20.952390991134937
44b6_d5e7d891,44b6_d5e7d891:455,pil_only,87,pil_only|44b6_d5e7d891:455|87,0,p:47:896,p:48:1427,p:48:1449,14.981759743100941,15.754959536603069,False,0,22.859239511402475
44b6_d5e7d891,44b6_d5e7d891:455,pil_only,88,pil_only|44b6_d5e7d891:455|88,0,p:47:896,p:48:1427,p:48:1456,14.981759743100941,10.405076885828379,False,0,20.18429818601513
44b6_d5e7d891,44b6_d5e7d891:455,pil_only,89,pil_only|44b6_d5e7d891:455|89,0,p:47:896,p:48:1427,p:48:1484,14.981759743100941,15.754959536603069,False,0,22.859239511402475
44b6_d5e7d891,44b6_d5e7d891:455,pil_only,90,pil_only|44b6_d5e7d891:455|90,0,p:47:896,p:48:1427,p:48:1493,14.981759743100941,17.50178562318714,False,0,23.73265255469451
44b6_d5e7d891,44b6_d5e7d891:455,pil_only,91,pil_only|44b6_d5e7d891:455|91,0,p:47:896,p:48:1434,p:48:1436,13.201562407533435,13.884006086140989,False,0,20.14356545060393
44b6_d5e7d891,44b6_d5e7d891:455,pil_only,92,pil_only|44b6_d5e7d891:455|92,0,p:47:896,p:48:1434,p:48:1455,13.498263777241872,5.3895152843275245,False,0,16.193021419405635
44b6_d5e7d891,44b6_d5e7d891:455,pil_only,93,pil_only|44b6_d5e7d891:455|93,0,p:47:896,p:48:1434,p:48:1456,13.201562407533435,13.595725431178728,False,0,19.999425123122798
44b6_d5e7d891,44b6_d5e7d891:455,pil_only,94,pil_only|44b6_d5e7d891:455|94,0,p:47:896,p:48:1434,p:48:1470,13.201562407533435,12.795262795269194,False,0,19.59919380516803
44b6_d5e7d891,44b6_d5e7d891:455,pil_only,95,pil_only|44b6_d5e7d891:455|95,0,p:47:896,p:48:1434,p:48:1484,14.804454566109486,12.691655723348314,False,0,21.150282427783644
44b6_d5e7d891,44b6_d5e7d891:455,pil_only,96,pil_only|44b6_d5e7d891:455|96,0,p:47:896,p:48:1436,p:48:1449,10.65583760199075,8.900491559458949,False,0,15.106083381720225
44b6_d5e7d891,44b6_d5e7d891:455,pil_only,97,pil_only|44b6_d5e7d891:455|97,0,p:47:896,p:48:1436,p:48:1455,13.498263777241872,13.978778558944269,False,0,20.487653056714006
44b6_d5e7d891,44b6_d5e7d891:455,pil_only,98,pil_only|44b6_d5e7d891:455|98,0,p:47:896,p:48:1436,p:48:1456,9.75,6.700046641628698,False,0,13.10002332081435
44b6_d5e7d891,44b6_d5e7d891:455,pil_only,99,pil_only|44b6_d5e7d891:455|99,0,p:47:896,p:48:1436,p:48:1470,10.779030568655049,10.900831390311474,False,0,16.229446263810786
44b6_d5e7d891,44b6_d5e7d891:455,pil_only,100,pil_only|44b6_d5e7d891:455|100,0,p:47:896,p:48:1436,p:48:1484,14.804454566109486,12.795262795269194,False,0,21.202085963744082
44b6_d5e7d891,44b6_d5e7d891:455,pil_only,101,pil_only|44b6_d5e7d891:455|101,0,p:47:896,p:48:1436,p:48:1485,13.201562407533435,12.691655723348314,False,0,19.547390269207593
44b6_d5e7d891,44b6_d5e7d891:455,pil_only,102,pil_only|44b6_d5e7d891:455|102,0,p:47:896,p:48:1436,p:48:1493,14.259317129512198,11.941262496067994,False,0,20.229948377546194
44b6_d5e7d891,44b6_d5e7d891:455,pil_only,103,pil_only|44b6_d5e7d891:455|103,0,p:47:896,p:48:1449,p:48:1456,10.65583760199075,11.604821196382131,False,0,16.458248200181817
44b6_d5e7d891,44b6_d5e7d891:455,pil_only,104,pil_only|44b6_d5e7d891:455|104,0,p:47:896,p:48:1449,p:48:1470,10.779030568655049,14.804454566109486,False,0,18.18125785170979
44b6_d5e7d891,44b6_d5e7d891:455,pil_only,105,pil_only|44b6_d5e7d891:455|105,0,p:47:896,p:48:1449,p:48:1484,14.804454566109486,17.50178562318714,False,0,23.555347377703058
44b6_d5e7d891,44b6_d5e7d891:455,pil_only,106,pil_only|44b6_d5e7d891:455|106,0,p:47:896,p:48:1449,p:48:1485,13.201562407533435,9.334914300624297,False,0,17.869019557845583
44b6_d5e7d891,44b6_d5e7d891:455,pil_only,107,pil_only|44b6_d5e7d891:455|107,0,p:47:896,p:48:1449,p:48:1493,14.259317129512198,9.475296829123613,False,0,18.996965544074005
44b6_d5e7d891,44b6_d5e7d891:455,pil_only,108,pil_only|44b6_d5e7d891:455|108,0,p:47:896,p:48:1455,p:48:1456,13.498263777241872,12.691655723348314,False,0,19.84409163891603
44b6_d5e7d891,44b6_d5e7d891:455,pil_only,109,pil_only|44b6_d5e7d891:455|109,0,p:47:896,p:48:1455,p:48:1470,13.498263777241872,8.75089281159357,False,0,17.873710183038657
44b6_d5e7d891,44b6_d5e7d891:455,pil_only,110,pil_only|44b6_d5e7d891:455|110,0,p:47:896,p:48:1455,p:48:1484,14.804454566109486,10.017172754824587,False,0,19.81304094352178
44b6_d5e7d891,44b6_d5e7d891:455,pil_only,111,pil_only|44b6_d5e7d891:455|111,0,p:47:896,p:48:1455,p:48:1485,13.498263777241872,18.598975106171846,False,0,22.797751330327795
44b6_d5e7d891,44b6_d5e7d891:455,pil_only,112,pil_only|44b6_d5e7d891:455|112,0,p:47:896,p:48:1455,p:48:1493,14.259317129512198,17.948711652929298,False,0,23.233672955976846
44b6_d5e7d891,44b6_d5e7d891:455,pil_only,113,pil_only|44b6_d5e7d891:455|113,0,p:47:896,p:48:1456,p:48:1470,10.779030568655049,10.277402395547233,False,0,15.917731766428666
44b6_d5e7d891,44b6_d5e7d891:455,pil_only,114,pil_only|44b6_d5e7d891:455|114,0,p:47:896,p:48:1456,p:48:1484,14.804454566109486,7.083210783253595,False,0,18.346059957736284
44b6_d5e7d891,44b6_d5e7d891:455,pil_only,115,pil_only|44b6_d5e7d891:455|115,0,p:47:896,p:48:1456,p:48:1485,13.201562407533435,13.595725431178728,False,0,19.999425123122798
44b6_d5e7d891,44b6_d5e7d891:455,pil_only,116,pil_only|44b6_d5e7d891:455|116,0,p:47:896,p:48:1456,p:48:1493,14.259317129512198,9.334914300624297,False,0,18.926774279824347
44b6_d5e7d891,44b6_d5e7d891:455,pil_only,117,pil_only|44b6_d5e7d891:455|117,0,p:47:896,p:48:1470,p:48:1484,14.804454566109486,9.613629647536875,False,0,19.611269389877926
44b6_d5e7d891,44b6_d5e7d891:455,pil_only,118,pil_only|44b6_d5e7d891:455|118,0,p:47:896,p:48:1470,p:48:1485,13.201562407533435,10.017172754824587,False,0,18.21014878494573
44b6_d5e7d891,44b6_d5e7d891:455,pil_only,119,pil_only|44b6_d5e7d891:455|119,0,p:47:896,p:48:1470,p:48:1493,14.259317129512198,10.900831390311474,False,0,19.709732824667935
44b6_d5e7d891,44b6_d5e7d891:455,pil_only,120,pil_only|44b6_d5e7d891:455|120,0,p:47:896,p:48:1484,p:48:1485,14.804454566109486,16.00439392791867,False,0,22.80665153006882
44b6_d5e7d891,44b6_d5e7d891:455,pil_only,121,pil_only|44b6_d5e7d891:455|121,0,p:47:896,p:48:1484,p:48:1493,14.804454566109486,11.490485194281398,False,0,20.549697163250187
44b6_d5e7d891,44b6_d5e7d891:455,pil_only,122,pil_only|44b6_d5e7d891:455|122,0,p:47:896,p:48:1485,p:48:1493,14.259317129512198,7.44668550430324,False,0,17.982659881663817
44b6_d5e7d891,44b6_d5e7d891:87,union,0,union|44b6_d5e7d891:87|0,0,c:12:111:223,c:13:413:311,c:13:414:179,15.754959536603069,11.718041645257966,False,0,21.613980359232052
44b6_d5e7d891,44b6_d5e7d891:87,union,1,union|44b6_d5e7d891:87|1,0,c:12:111:223,c:13:413:311,c:13:426:225,15.754959536603069,10.017172754824587,False,0,20.763545914015364
44b6_d5e7d891,44b6_d5e7d891:87,union,2,union|44b6_d5e7d891:87|2,0,c:12:111:223,c:13:413:311,c:13:428:288,15.754959536603069,9.334914300624297,False,0,20.422416686915216
44b6_d5e7d891,44b6_d5e7d891:87,union,3,union|44b6_d5e7d891:87|3,0,c:12:111:223,c:13:413:311,c:13:446:317,15.754959536603069,17.273986945693807,False,0,24.39195300944997
44b6_d5e7d891,44b6_d5e7d891:87,union,4,union|44b6_d5e7d891:87|4,0,c:12:111:223,c:13:413:311,c:13:458:237,15.754959536603069,14.715000849473302,False,0,23.11245996133972
44b6_d5e7d891,44b6_d5e7d891:87,union,5,union|44b6_d5e7d891:87|5,0,c:12:111:223,c:13:413:311,c:13:470:312,15.754959536603069,6.700046641628698,False,0,19.10498285741742
44b6_d5e7d891,44b6_d5e7d891:87,union,6,union|44b6_d5e7d891:87|6,0,c:12:111:223,c:13:413:311,p:13:472,15.754959536603069,12.268480957314969,False,0,21.889200015260553
44b6_d5e7d891,44b6_d5e7d891:87,union,7,union|44b6_d5e7d891:87|7,0,c:12:111:223,c:13:413:311,c:13:473:299,15.754959536603069,18.669828601248593,False,0,25.089873837227366
44b6_d5e7d891,44b6_d5e7d891:87,union,8,union|44b6_d5e7d891:87|8,0,c:12:111:223,c:13:413:311,c:13:496:327,15.754959536603069,15.754959536603069,False,0,23.632439304904604
44b6_d5e7d891,44b6_d5e7d891:87,union,9,union|44b6_d5e7d891:87|9,0,c:12:111:223,c:13:413:311,p:13:526,15.754959536603069,17.875,False,0,24.692459536603067
44b6_d5e7d891,44b6_d5e7d891:87,union,10,union|44b6_d5e7d891:87|10,0,c:12:111:223,c:13:413:311,c:13:528:285,15.754959536603069,19.56759119053748,False,0,25.53875513187181
44b6_d5e7d891,44b6_d5e7d891:87,union,11,union|44b6_d5e7d891:87|11,0,c:12:111:223,c:13:413:311,f:13:234,15.754959536603069,19.867735130274934,True,1,25.688827101740536
44b6_d5e7d891,44b6_d5e7d891:87,union,12,union|44b6_d5e7d891:87|12,0,c:12:111:223,c:13:413:311,f:13:255,15.754959536603069,14.218527534116467,True,1,22.8642233036613
44b6_d5e7d891,44b6_d5e7d891:87,union,13,union|44b6_d5e7d891:87|13,0,c:12:111:223,c:13:414:179,c:13:426:225,15.754959536603069,11.941262496067994,False,0,21.725590784637067
44b6_d5e7d891,44b6_d5e7d891:87,union,14,union|44b6_d5e7d891:87|14,0,c:12:111:223,c:13:414:179,c:13:428:288,15.33021933959198,13.498263777241872,False,0,22.079351228212918
44b6_d5e7d891,44b6_d5e7d891:87,union,15,union|44b6_d5e7d891:87|15,0,c:12:111:223,c:13:414:179,c:13:446:317,14.259317129512198,13.498263777241872,False,0,21.008449018133135
44b6_d5e7d891,44b6_d5e7d891:87,union,16,union|44b6_d5e7d891:87|16,0,c:12:111:223,c:13:414:179,c:13:458:237,11.490485194281398,9.475296829123613,False,0,16.228133608843205
44b6_d5e7d891,44b6_d5e7d891:87,union,17,union|44b6_d5e7d891:87|17,0,c:12:111:223,c:13:414:179,c:13:470:312,11.490485194281398,12.268480957314969,False,0,17.624725672938883
44b6_d5e7d891,44b6_d5e7d891:87,union,18,union|44b6_d5e7d891:87|18,0,c:12:111:223,c:13:414:179,p:13:472,11.490485194281398,6.700046641628698,False,0,14.840508515095747
44b6_d5e7d891,44b6_d5e7d891:87,union,19,union|44b6_d5e7d891:87|19,0,c:12:111:223,c:13:414:179,c:13:473:299,13.978778558944269,15.921683328090658,False,0,21.939620222989596
44b6_d5e7d891,44b6_d5e7d891:87,union,20,union|44b6_d5e7d891:87|20,0,c:12:111:223,c:13:414:179,c:13:476:231,13.301198254292732,13.498263777241872,False,0,20.05033014291367
44b6_d5e7d891,44b6_d5e7d891:87,union,21,union|44b6_d5e7d891:87|21,0,c:12:111:223,c:13:414:179,c:13:487:203,11.490485194281398,12.268480957314969,False,0,17.624725672938883
44b6_d5e7d891,44b6_d5e7d891:87,union,22,union|44b6_d5e7d891:87|22,0,c:12:111:223,c:13:414:179,c:13:496:327,11.490485194281398,15.069630055180518,False,0,19.025300221871657
44b6_d5e7d891,44b6_d5e7d891:87,union,23,union|44b6_d5e7d891:87|23,0,c:12:111:223,c:13:414:179,c:13:525:217,14.89337100860648,19.63494970709118,False,0,24.71084586215207
44b6_d5e7d891,44b6_d5e7d891:87,union,24,union|44b6_d5e7d891:87|24,0,c:12:111:223,c:13:414:179,p:13:526,11.490485194281398,16.331047884321446,False,0,19.656009136442123
44b6_d5e7d891,44b6_d5e7d891:87,union,25,union|44b6_d5e7d891:87|25,0,c:12:111:223,c:13:414:179,c:13:528:285,11.490485194281398,16.331047884321446,False,0,19.656009136442123
44b6_d5e7d891,44b6_d5e7d891:87,union,26,union|44b6_d5e7d891:87|26,0,c:12:111:223,c:13:414:179,c:13:551:244,11.490485194281398,19.63494970709118,False,0,21.307960047826988
44b6_d5e7d891,44b6_d5e7d891:87,union,27,union|44b6_d5e7d891:87|27,0,c:12:111:223,c:13:414:179,f:13:234,11.490485194281398,16.65561338847344,True,1,19.818291888518118
44b6_d5e7d891,44b6_d5e7d891:87,union,28,union|44b6_d5e7d891:87|28,0,c:12:111:223,c:13:414:179,f:13:255,11.490485194281398,12.46828290826195,True,1,17.72462664841237
44b6_d5e7d891,44b6_d5e7d891:87,union,29,union|44b6_d5e7d891:87|29,0,c:12:111:223,c:13:414:179,f:13:337,14.223314353515985,19.84886906763585,True,1,24.14774888733391
44b6_d5e7d891,44b6_d5e7d891:87,union,30,union|44b6_d5e7d891:87|30,0,c:12:111:223,c:13:426:225,c:13:428:288,15.754959536603069,18.16805231718579,False,0,24.838985695195966
44b6_d5e7d891,44b6_d5e7d891:87,union,31,union|44b6_d5e7d891:87|31,0,c:12:111:223,c:13:426:225,c:13:458:237,15.754959536603069,7.960841664045329,False,0,19.735380368625734
44b6_d5e7d891,44b6_d5e7d891:87,union,32,union|44b6_d5e7d891:87|32,0,c:12:111:223,c:13:426:225,c:13:470:312,15.754959536603069,11.375,False,0,21.442459536603067
44b6_d5e7d891,44b6_d5e7d891:87,union,33,union|44b6_d5e7d891:87|33,0,c:12:111:223,c:13:426:225,p:13:472,15.754959536603069,11.375,False,0,21.442459536603067
44b6_d5e7d891,44b6_d5e7d891:87,union,34,union|44b6_d5e7d891:87|34,0,c:12:111:223,c:13:426:225,c:13:487:203,15.754959536603069,19.295805891436615,False,0,25.402862482321375
44b6_d5e7d891,44b6_d5e7d891:87,union,35,union|44b6_d5e7d891:87|35,0,c:12:111:223,c:13:426:225,c:13:525:217,15.754959536603069,16.086679271993955,False,0,23.798299172600046
44b6_d5e7d891,44b6_d5e7d891:87,union,36,union|44b6_d5e7d891:87|36,0,c:12:111:223,c:13:426:225,p:13:526,15.754959536603069,13.884006086140989,False,0,22.696962579673563
44b6_d5e7d891,44b6_d5e7d891:87,union,37,union|44b6_d5e7d891:87|37,0,c:12:111:223,c:13:426:225,f:13:234,15.754959536603069,18.821084503321785,True,1,25.16550178826396
44b6_d5e7d891,44b6_d5e7d891:87,union,38,union|44b6_d5e7d891:87|38,0,c:12:111:223,c:13:426:225,f:13:255,15.754959536603069,9.251311176324238,True,1,20.38061512476519
44b6_d5e7d891,44b6_d5e7d891:87,union,39,union|44b6_d5e7d891:87|39,0,c:12:111:223,c:13:426:225,f:13:266,15.754959536603069,15.392526698456514,True,1,23.451222885831328
44b6_d5e7d891,44b6_d5e7d891:87,union,40,union|44b6_d5e7d891:87|40,0,c:12:111:223,c:13:428:288,c:13:446:317,15.33021933959198,10.017172754824587,False,0,20.338805717004274
44b6_d5e7d891,44b6_d5e7d891:87,union,41,union|44b6_d5e7d891:87|41,0,c:12:111:223,c:13:428:288,c:13:458:237,15.33021933959198,19.835652875567266,False,0,25.248045777375616
44b6_d5e7d891,44b6_d5e7d891:87,union,42,union|44b6_d5e7d891:87|42,0,c:12:111:223,c:13:428:288,c:13:470:312,15.33021933959198,9.475296829123613,False,0,20.067867754153788
44b6_d5e7d891,44b6_d5e7d891:87,union,43,union|44b6_d5e7d891:87|43,0,c:12:111:223,c:13:428:288,p:13:472,15.33021933959198,13.978778558944269,False,0,22.319608619064116
44b6_d5e7d891,44b6_d5e7d891:87,union,44,union|44b6_d5e7d891:87|44,0,c:12:111:223,c:13:428:288,c:13:473:299,15.33021933959198,10.900831390311474,False,0,20.780635034747718
44b6_d5e7d891,44b6_d5e7d891:87,union,45,union|44b6_d5e7d891:87|45,0,c:12:111:223,c:13:428:288,c:13:496:327,15.33021933959198,9.613629647536875,False,0,20.13703416336042
44b6_d5e7d891,44b6_d5e7d891:87,union,46,union|44b6_d5e7d891:87|46,0,c:12:111:223,c:13:428:288,c:13:528:285,15.33021933959198,15.921683328090658,False,0,23.29106100363731
44b6_d5e7d891,44b6_d5e7d891:87,union,47,union|44b6_d5e7d891:87|47,0,c:12:111:223,c:13:428:288,c:13:544:340,15.33021933959198,16.57181341917655,False,0,23.616126049180256
44b6_d5e7d891,44b6_d5e7d891:87,union,48,union|44b6_d5e7d891:87|48,0,c:12:111:223,c:13:428:288,f:13:234,15.33021933959198,19.67922100396862,True,1,25.16982984157629
44b6_d5e7d891,44b6_d5e7d891:87,union,49,union|44b6_d5e7d891:87|49,0,c:12:111:223,c:13:428:288,f:13:255,15.33021933959198,18.730862065497384,True,1,24.695650372340673
44b6_d5e7d891,44b6_d5e7d891:87,union,50,union|44b6_d5e7d891:87|50,0,c:12:111:223,c:13:428:288,f:13:337,15.33021933959198,19.752230519881245,True,1,25.206334599532603
44b6_d5e7d891,44b6_d5e7d891:87,union,51,union|44b6_d5e7d891:87|51,0,c:12:111:223,c:13:446:317,c:13:470:312,14.259317129512198,15.754959536603069,False,0,22.13679689781373
44b6_d5e7d891,44b6_d5e7d891:87,union,52,union|44b6_d5e7d891:87|52,0,c:12:111:223,c:13:446:317,p:13:472,14.259317129512198,14.351611407782752,False,0,21.435122833403575
44b6_d5e7d891,44b6_d5e7d891:87,union,53,union|44b6_d5e7d891:87|53,0,c:12:111:223,c:13:446:317,c:13:473:299,14.259317129512198,3.6336104634371584,False,0,16.076122361230777
44b6_d5e7d891,44b6_d5e7d891:87,union,54,union|44b6_d5e7d891:87|54,0,c:12:111:223,c:13:446:317,c:13:476:231,14.259317129512198,15.754959536603069,False,0,22.13679689781373
44b6_d5e7d891,44b6_d5e7d891:87,union,55,union|44b6_d5e7d891:87|55,0,c:12:111:223,c:13:446:317,c:13:487:203,14.259317129512198,18.52785065786099,False,0,23.523242458442695
44b6_d5e7d891,44b6_d5e7d891:87,union,56,union|44b6_d5e7d891:87|56,0,c:12:111:223,c:13:446:317,c:13:496:327,14.259317129512198,8.125,False,0,18.321817129512198
44b6_d5e7d891,44b6_d5e7d891:87,union,57,union|44b6_d5e7d891:87|57,0,c:12:111:223,c:13:446:317,c:13:528:285,14.259317129512198,12.795262795269194,False,0,20.656948527146795
44b6_d5e7d891,44b6_d5e7d891:87,union,58,union|44b6_d5e7d891:87|58,0,c:12:111:223,c:13:446:317,c:13:544:340,14.259317129512198,16.086679271993955,False,0,22.302656765509177
44b6_d5e7d891,44b6_d5e7d891:87,union,59,union|44b6_d5e7d891:87|59,0,c:12:111:223,c:13:446:317,c:13:546:246,14.259317129512198,16.730398979103875,False,0,22.624516619064135
44b6_d5e7d891,44b6_d5e7d891:87,union,60,union|44b6_d5e7d891:87|60,0,c:12:111:223,c:13:446:317,c:13:551:244,14.259317129512198,19.56759119053748,False,0,24.04311272478094
44b6_d5e7d891,44b6_d5e7d891:87,union,61,union|44b6_d5e7d891:87|61,0,c:12:111:223,c:13:446:317,f:13:234,14.259317129512198,18.654226343413324,True,1,23.58643030121886
44b6_d5e7d891,44b6_d5e7d891:87,union,62,union|44b6_d5e7d891:87|62,0,c:12:111:223,c:13:446:317,f:13:337,14.259317129512198,11.672565111036981,True,1,20.095599685030688
44b6_d5e7d891,44b6_d5e7d891:87,union,63,union|44b6_d5e7d891:87|63,0,c:12:111:223,c:13:458:237,c:13:470:312,11.490485194281398,13.498263777241872,False,0,18.239617082902335
44b6_d5e7d891,44b6_d5e7d891:87,union,64,union|44b6_d5e7d891:87|64,0,c:12:111:223,c:13:458:237,p:13:472,11.490485194281398,7.44668550430324,False,0,15.213827946433018
44b6_d5e7d891,44b6_d5e7d891:87,union,65,union|44b6_d5e7d891:87|65,0,c:12:111:223,c:13:458:237,c:13:476:231,13.301198254292732,16.65129499468435,False,0,21.626845751634907
44b6_d5e7d891,44b6_d5e7d891:87,union,66,union|44b6_d5e7d891:87|66,0,c:12:111:223,c:13:458:237,c:13:487:203,11.490485194281398,11.830178570080843,False,0,17.40557447932182
44b6_d5e7d891,44b6_d5e7d891:87,union,67,union|44b6_d5e7d891:87|67,0,c:12:111:223,c:13:458:237,c:13:496:327,11.490485194281398,19.63494970709118,False,0,21.307960047826988
44b6_d5e7d891,44b6_d5e7d891:87,union,68,union|44b6_d5e7d891:87|68,0,c:12:111:223,c:13:458:237,c:13:525:217,14.89337100860648,11.02128622257856,False,0,20.40401411989576
44b6_d5e7d891,44b6_d5e7d891:87,union,69,union|44b6_d5e7d891:87|69,0,c:12:111:223,c:13:458:237,p:13:526,11.490485194281398,10.405076885828379,False,0,16.693023637195587
44b6_d5e7d891,44b6_d5e7d891:87,union,70,union|44b6_d5e7d891:87|70,0,c:12:111:223,c:13:458:237,c:13:528:285,11.490485194281398,18.16805231718579,False,0,20.574511352874293
44b6_d5e7d891,44b6_d5e7d891:87,union,71,union|44b6_d5e7d891:87|71,0,c:12:111:223,c:13:458:237,c:13:551:244,11.490485194281398,17.948711652929298,False,0,20.464841020746046
44b6_d5e7d891,44b6_d5e7d891:87,union,72,union|44b6_d5e7d891:87|72,0,c:12:111:223,c:13:458:237,c:13:573:240,14.804454566109486,18.45645212385089,False,0,24.03268062803493
44b6_d5e7d891,44b6_d5e7d891:87,union,73,union|44b6_d5e7d891:87|73,0,c:12:111:223,c:13:458:237,c:13:575:261,14.072912811497128,19.02013735491939,False,0,23.582981488956825
44b6_d5e7d891,44b6_d5e7d891:87,union,74,union|44b6_d5e7d891:87|74,0,c:12:111:223,c:13:458:237,f:13:234,11.490485194281398,14.334254395029133,True,1,18.657612391795965
44b6_d5e7d891,44b6_d5e7d891:87,union,75,union|44b6_d5e7d891:87|75,0,c:12:111:223,c:13:458:237,f:13:255,11.490485194281398,6.1081294104026,True,1,14.544549899482698
44b6_d5e7d891,44b6_d5e7d891:87,union,76,union|44b6_d5e7d891:87|76,0,c:12:111:223,c:13:458:237,f:13:266,15.747888827343388,13.219405714367312,True,1,22.357591684527044
44b6_d5e7d891,44b6_d5e7d891:87,union,77,union|44b6_d5e7d891:87|77,0,c:12:111:223,c:13:470:312,p:13:472,10.65583760199075,9.192388155425117,False,0,15.25203167970331
44b6_d5e7d891,44b6_d5e7d891:87,union,78,union|44b6_d5e7d891:87|78,0,c:12:111:223,c:13:470:312,c:13:473:299,13.978778558944269,16.00439392791867,False,0,21.980975522903606
44b6_d5e7d891,44b6_d5e7d891:87,union,79,union|44b6_d5e7d891:87|79,0,c:12:111:223,c:13:470:312,c:13:487:203,10.900831390311474,19.63494970709118,False,0,20.718306243857064
44b6_d5e7d891,44b6_d5e7d891:87,union,80,union|44b6_d5e7d891:87|80,0,c:12:111:223,c:13:470:312,c:13:496:327,10.65583760199075,11.375,False,0,16.34333760199075
44b6_d5e7d891,44b6_d5e7d891:87,union,81,union|44b6_d5e7d891:87|81,0,c:12:111:223,c:13:470:312,c:13:525:217,14.89337100860648,19.70207793609598,False,0,24.744409976654467
44b6_d5e7d891,44b6_d5e7d891:87,union,82,union|44b6_d5e7d891:87|82,0,c:12:111:223,c:13:470:312,p:13:526,10.65583760199075,12.795262795269194,False,0,17.05346899962535
44b6_d5e7d891,44b6_d5e7d891:87,union,83,union|44b6_d5e7d891:87|83,0,c:12:111:223,c:13:470:312,c:13:528:285,10.65583760199075,13.978778558944269,False,0,17.645226881462886
44b6_d5e7d891,44b6_d5e7d891:87,union,84,union|44b6_d5e7d891:87|84,0,c:12:111:223,c:13:470:312,c:13:544:340,13.101168840985142,15.41610359332085,False,0,20.809220637645566
44b6_d5e7d891,44b6_d5e7d891:87,union,85,union|44b6_d5e7d891:87|85,0,c:12:111:223,c:13:470:312,c:13:551:244,10.65583760199075,16.965498076979642,False,0,19.138586640480572
44b6_d5e7d891,44b6_d5e7d891:87,union,86,union|44b6_d5e7d891:87|86,0,c:12:111:223,c:13:470:312,c:13:573:240,14.804454566109486,18.950593658247225,False,0,24.2797513952331
44b6_d5e7d891,44b6_d5e7d891:87,union,87,union|44b6_d5e7d891:87|87,0,c:12:111:223,c:13:470:312,c:13:586:321,15.33021933959198,18.240579760522966,False,0,24.450509219853465
44b6_d5e7d891,44b6_d5e7d891:87,union,88,union|44b6_d5e7d891:87|88,0,c:12:111:223,c:13:470:312,f:13:234,10.65583760199075,13.92351898903995,True,1,17.617597096510725
44b6_d5e7d891,44b6_d5e7d891:87,union,89,union|44b6_d5e7d891:87|89,0,c:12:111:223,c:13:470:312,f:13:255,10.65583760199075,10.546450110366857,True,1,15.929062657174178
44b6_d5e7d891,44b6_d5e7d891:87,union,90,union|44b6_d5e7d891:87|90,0,c:12:111:223,c:13:470:312,f:13:266,15.747888827343388,17.823386678708932,True,1,24.659582166697852
44b6_d5e7d891,44b6_d5e7d891:87,union,91,union|44b6_d5e7d891:87|91,0,c:12:111:223,p:13:472,c:13:473:299,13.978778558944269,15.33021933959198,False,0,21.64388822874026
44b6_d5e7d891,44b6_d5e7d891:87,union,92,union|44b6_d5e7d891:87|92,0,c:12:111:223,p:13:472,c:13:476:231,13.301198254292732,13.400093283257396,False,0,20.00124489592143
44b6_d5e7d891,44b6_d5e7d891:87,union,93,union|44b6_d5e7d891:87|93,0,c:12:111:223,p:13:472,c:13:487:203,10.900831390311474,10.531203634912773,False,0,16.16643320776786
44b6_d5e7d891,44b6_d5e7d891:87,union,94,union|44b6_d5e7d891:87|94,0,c:12:111:223,p:13:472,c:13:496:327,10.017172754824587,12.268480957314969,False,0,16.15141323348207
44b6_d5e7d891,44b6_d5e7d891:87,union,95,union|44b6_d5e7d891:87|95,0,c:12:111:223,p:13:472,c:13:525:217,14.89337100860648,14.804454566109486,False,0,22.29559829166122
44b6_d5e7d891,44b6_d5e7d891:87,union,96,union|44b6_d5e7d891:87|96,0,c:12:111:223,p:13:472,p:13:526,8.75089281159357,10.017172754824587,False,0,13.759479189005862
44b6_d5e7d891,44b6_d5e7d891:87,union,97,union|44b6_d5e7d891:87|97,1,c:12:111:223,p:13:472,c:13:528:285,6.700046641628698,11.490485194281398,False,0,12.445289238769398
44b6_d5e7d891,44b6_d5e7d891:87,union,98,union|44b6_d5e7d891:87|98,0,c:12:111:223,p:13:472,c:13:544:340,13.101168840985142,17.35025215955088,False,0,21.776294920760584
44b6_d5e7d891,44b6_d5e7d891:87,union,99,union|44b6_d5e7d891:87|99,0,c:12:111:223,p:13:472,c:13:546:246,13.498263777241872,17.948711652929298,False,0,22.47261960370652
44b6_d5e7d891,44b6_d5e7d891:87,union,100,union|44b6_d5e7d891:87|100,0,c:12:111:223,p:13:472,c:13:551:244,8.285906709588275,13.498263777241872,False,0,15.035038598209212
44b6_d5e7d891,44b6_d5e7d891:87,union,101,union|44b6_d5e7d891:87|101,0,c:12:111:223,p:13:472,c:13:573:240,14.804454566109486,17.800983118917898,False,0,23.704946125568434
44b6_d5e7d891,44b6_d5e7d891:87,union,102,union|44b6_d5e7d891:87|102,0,c:12:111:223,p:13:472,c:13:575:261,14.072912811497128,17.800983118917898,False,0,22.973404370956075
44b6_d5e7d891,44b6_d5e7d891:87,union,103,union|44b6_d5e7d891:87|103,0,c:12:111:223,p:13:472,c:13:586:321,15.33021933959198,19.90210416011332,False,0,25.28127141964864
44b6_d5e7d891,44b6_d5e7d891:87,union,104,union|44b6_d5e7d891:87|104,0,c:12:111:223,p:13:472,f:13:234,5.411502325507226,10.1927798170382,True,1,10.507892234026325
44b6_d5e7d891,44b6_d5e7d891:87,union,105,union|44b6_d5e7d891:87|105,0,c:12:111:223,p:13:472,f:13:255,8.771416924191511,7.14078034870336,True,1,12.34180709854319
44b6_d5e7d891,44b6_d5e7d891:87,union,106,union|44b6_d5e7d891:87|106,0,c:12:111:223,p:13:472,f:13:266,15.747888827343388,15.999560458454086,True,1,23.74766905657043
44b6_d5e7d891,44b6_d5e7d891:87,union,107,union|44b6_d5e7d891:87|107,0,c:12:111:223,p:13:472,f:13:337,14.223314353515985,17.60121864099782,True,1,23.023923674014895
44b6_d5e7d891,44b6_d5e7d891:87,union,108,union|44b6_d5e7d891:87|108,0,c:12:111:223,c:13:473:299,c:13:476:231,13.978778558944269,16.965498076979642,False,0,22.46152759743409
44b6_d5e7d891,44b6_d5e7d891:87,union,109,union|44b6_d5e7d891:87|109,0,c:12:111:223,c:13:473:299,c:13:487:203,13.978778558944269,19.56759119053748,False,0,23.76257415421301
44b6_d5e7d891,44b6_d5e7d891:87,union,110,union|44b6_d5e7d891:87|110,0,c:12:111:223,c:13:473:299,c:13:496:327,13.978778558944269,6.080193253507654,False,0,17.018875185698096
44b6_d5e7d891,44b6_d5e7d891:87,union,111,union|44b6_d5e7d891:87|111,0,c:12:111:223,c:13:473:299,c:13:528:285,13.978778558944269,10.900831390311474,False,0,19.429194254100004
44b6_d5e7d891,44b6_d5e7d891:87,union,112,union|44b6_d5e7d891:87|112,0,c:12:111:223,c:13:473:299,c:13:544:340,13.978778558944269,13.101168840985142,False,0,20.52936297943684
44b6_d5e7d891,44b6_d5e7d891:87,union,113,union|44b6_d5e7d891:87|113,0,c:12:111:223,c:13:473:299,c:13:546:246,13.978778558944269,14.804454566109486,False,0,21.381005841999013
44b6_d5e7d891,44b6_d5e7d891:87,union,114,union|44b6_d5e7d891:87|114,0,c:12:111:223,c:13:473:299,c:13:551:244,13.978778558944269,17.948711652929298,False,0,22.953134385408916
44b6_d5e7d891,44b6_d5e7d891:87,union,115,union|44b6_d5e7d891:87|115,0,c:12:111:223,c:13:473:299,f:13:234,13.978778558944269,17.59023276541969,True,1,22.773894941654113
44b6_d5e7d891,44b6_d5e7d891:87,union,116,union|44b6_d5e7d891:87|116,0,c:12:111:223,c:13:473:299,f:13:337,14.223314353515985,9.751382938136539,True,1,19.099005822584253
44b6_d5e7d891,44b6_d5e7d891:87,union,117,union|44b6_d5e7d891:87|117,0,c:12:111:223,c:13:476:231,c:13:487:203,13.301198254292732,6.080193253507654,False,0,16.341294881046558
44b6_d5e7d891,44b6_d5e7d891:87,union,118,union|44b6_d5e7d891:87|118,0,c:12:111:223,c:13:476:231,c:13:496:327,13.301198254292732,17.875,False,0,22.238698254292732
44b6_d5e7d891,44b6_d5e7d891:87,union,119,union|44b6_d5e7d891:87|119,0,c:12:111:223,c:13:476:231,p:13:526,13.301198254292732,19.63494970709118,False,0,23.118673107838323
44b6_d5e7d891,44b6_d5e7d891:87,union,120,union|44b6_d5e7d891:87|120,0,c:12:111:223,c:13:476:231,c:13:528:285,13.301198254292732,15.069630055180518,False,0,20.83601328188299
44b6_d5e7d891,44b6_d5e7d891:87,union,121,union|44b6_d5e7d891:87|121,0,c:12:111:223,c:13:476:231,c:13:546:246,13.498263777241872,13.978778558944269,False,0,20.487653056714006
44b6_d5e7d891,44b6_d5e7d891:87,union,122,union|44b6_d5e7d891:87|122,0,c:12:111:223,c:13:476:231,c:13:551:244,13.301198254292732,16.965498076979642,False,0,21.783947292782553
44b6_d5e7d891,44b6_d5e7d891:87,union,123,union|44b6_d5e7d891:87|123,0,c:12:111:223,c:13:476:231,c:13:575:261,14.072912811497128,19.22725929507375,False,0,23.686542459034
44b6_d5e7d891,44b6_d5e7d891:87,union,124,union|44b6_d5e7d891:87|124,0,c:12:111:223,c:13:476:231,f:13:234,13.301198254292732,16.188174276800435,True,1,21.395285392692948
44b6_d5e7d891,44b6_d5e7d891:87,union,125,union|44b6_d5e7d891:87|125,0,c:12:111:223,c:13:476:231,f:13:255,13.301198254292732,18.618406730157858,True,1,22.61040161937166
44b6_d5e7d891,44b6_d5e7d891:87,union,126,union|44b6_d5e7d891:87|126,0,c:12:111:223,c:13:476:231,f:13:337,14.223314353515985,13.548077601865895,True,1,20.99735315444893
44b6_d5e7d891,44b6_d5e7d891:87,union,127,union|44b6_d5e7d891:87|127,0,c:12:111:223,c:13:487:203,c:13:496:327,10.900831390311474,18.598975106171846,False,0,20.2003189433974
44b6_d5e7d891,44b6_d5e7d891:87,union,128,union|44b6_d5e7d891:87|128,0,c:12:111:223,c:13:487:203,c:13:525:217,14.89337100860648,15.33021933959198,False,0,22.558480678402468
44b6_d5e7d891,44b6_d5e7d891:87,union,129,union|44b6_d5e7d891:87|129,0,c:12:111:223,c:13:487:203,p:13:526,10.900831390311474,14.89337100860648,False,0,18.347516894614714
44b6_d5e7d891,44b6_d5e7d891:87,union,130,union|44b6_d5e7d891:87|130,0,c:12:111:223,c:13:487:203,c:13:528:285,10.900831390311474,14.89337100860648,False,0,18.347516894614714
44b6_d5e7d891,44b6_d5e7d891:87,union,131,union|44b6_d5e7d891:87|131,0,c:12:111:223,c:13:487:203,c:13:546:246,13.498263777241872,15.754959536603069,False,0,21.375743545543408
44b6_d5e7d891,44b6_d5e7d891:87,union,132,union|44b6_d5e7d891:87|132,0,c:12:111:223,c:13:487:203,c:13:551:244,10.900831390311474,14.804454566109486,False,0,18.303058673366216
44b6_d5e7d891,44b6_d5e7d891:87,union,133,union|44b6_d5e7d891:87|133,0,c:12:111:223,c:13:487:203,c:13:575:261,14.072912811497128,15.41610359332085,False,0,21.780964608157554
44b6_d5e7d891,44b6_d5e7d891:87,union,134,union|44b6_d5e7d891:87|134,0,c:12:111:223,c:13:487:203,f:13:234,10.900831390311474,13.163694713456648,True,1,17.4826787470398
44b6_d5e7d891,44b6_d5e7d891:87,union,135,union|44b6_d5e7d891:87|135,0,c:12:111:223,c:13:487:203,f:13:255,10.900831390311474,13.889720578126404,True,1,17.845691679374674
44b6_d5e7d891,44b6_d5e7d891:87,union,136,union|44b6_d5e7d891:87|136,0,c:12:111:223,c:13:487:203,f:13:266,15.747888827343388,19.745428740004968,True,1,25.620603197345872
44b6_d5e7d891,44b6_d5e7d891:87,union,137,union|44b6_d5e7d891:87|137,0,c:12:111:223,c:13:487:203,f:13:337,14.223314353515985,16.8916926028385,True,1,22.669160654935233
44b6_d5e7d891,44b6_d5e7d891:87,union,138,union|44b6_d5e7d891:87|138,0,c:12:111:223,c:13:496:327,p:13:526,10.017172754824587,17.426183603990864,False,0,18.730264556820018
44b6_d5e7d891,44b6_d5e7d891:87,union,139,union|44b6_d5e7d891:87|139,0,c:12:111:223,c:13:496:327,c:13:528:285,10.017172754824587,7.083210783253595,False,0,13.558778146451385
44b6_d5e7d891,44b6_d5e7d891:87,union,140,union|44b6_d5e7d891:87|140,0,c:12:111:223,c:13:496:327,c:13:544:340,13.101168840985142,8.443747686898277,False,0,17.32304268443428
44b6_d5e7d891,44b6_d5e7d891:87,union,141,union|44b6_d5e7d891:87|141,0,c:12:111:223,c:13:496:327,c:13:546:246,13.498263777241872,14.259317129512198,False,0,20.627922341997973
44b6_d5e7d891,44b6_d5e7d891:87,union,142,union|44b6_d5e7d891:87|142,0,c:12:111:223,c:13:496:327,c:13:551:244,10.017172754824587,13.788582233137676,False,0,16.911463871393426
44b6_d5e7d891,44b6_d5e7d891:87,union,143,union|44b6_d5e7d891:87|143,0,c:12:111:223,c:13:496:327,c:13:586:321,15.33021933959198,16.331047884321446,False,0,23.495743281752702
44b6_d5e7d891,44b6_d5e7d891:87,union,144,union|44b6_d5e7d891:87|144,0,c:12:111:223,c:13:496:327,f:13:234,10.017172754824587,13.043074206050942,True,1,16.53870985785006
44b6_d5e7d891,44b6_d5e7d891:87,union,145,union|44b6_d5e7d891:87|145,0,c:12:111:223,c:13:496:327,f:13:255,10.017172754824587,17.142382320297248,True,1,18.58836391497321
44b6_d5e7d891,44b6_d5e7d891:87,union,146,union|44b6_d5e7d891:87|146,0,c:12:111:223,c:13:496:327,f:13:337,14.223314353515985,11.48666224033647,True,1,19.96664547368422
44b6_d5e7d891,44b6_d5e7d891:87,union,147,union|44b6_d5e7d891:87|147,0,c:12:111:223,c:13:525:217,p:13:526,14.89337100860648,8.125,False,0,18.95587100860648
44b6_d5e7d891,44b6_d5e7d891:87,union,148,union|44b6_d5e7d891:87|148,0,c:12:111:223,c:13:525:217,c:13:551:244,14.89337100860648,16.086679271993955,False,0,22.93671064460346
44b6_d5e7d891,44b6_d5e7d891:87,union,149,union|44b6_d5e7d891:87|149,0,c:12:111:223,c:13:525:217,c:13:573:240,14.89337100860648,11.604821196382131,False,0,20.695781606797546
44b6_d5e7d891,44b6_d5e7d891:87,union,150,union|44b6_d5e7d891:87|150,0,c:12:111:223,c:13:525:217,c:13:575:261,14.89337100860648,12.481861840286488,False,0,21.13430192874972
44b6_d5e7d891,44b6_d5e7d891:87,union,151,union|44b6_d5e7d891:87|151,0,c:12:111:223,c:13:525:217,f:13:234,14.89337100860648,13.413530563815481,True,1,21.60013629051422
44b6_d5e7d891,44b6_d5e7d891:87,union,152,union|44b6_d5e7d891:87|152,0,c:12:111:223,c:13:525:217,f:13:255,14.89337100860648,9.302876257888608,True,1,19.544809137550782
44b6_d5e7d891,44b6_d5e7d891:87,union,153,union|44b6_d5e7d891:87|153,0,c:12:111:223,c:13:525:217,f:13:266,15.747888827343388,6.164272679968491,True,1,18.830025167327634
44b6_d5e7d891,44b6_d5e7d891:87,union,154,union|44b6_d5e7d891:87|154,0,c:12:111:223,p:13:526,c:13:528:285,8.75089281159357,13.788582233137676,False,0,15.645183928162407
44b6_d5e7d891,44b6_d5e7d891:87,union,155,union|44b6_d5e7d891:87|155,0,c:12:111:223,p:13:526,c:13:544:340,13.101168840985142,17.800983118917898,False,0,22.00166040044409
44b6_d5e7d891,44b6_d5e7d891:87,union,156,union|44b6_d5e7d891:87|156,0,c:12:111:223,p:13:526,c:13:546:246,13.498263777241872,19.90210416011332,False,0,23.449315857298533
44b6_d5e7d891,44b6_d5e7d891:87,union,157,union|44b6_d5e7d891:87|157,0,c:12:111:223,p:13:526,c:13:551:244,8.75089281159357,10.65583760199075,False,0,14.078811612588945
44b6_d5e7d891,44b6_d5e7d891:87,union,158,union|44b6_d5e7d891:87|158,0,c:12:111:223,p:13:526,c:13:573:240,14.804454566109486,8.285906709588275,False,0,18.947407920903622
44b6_d5e7d891,44b6_d5e7d891:87,union,159,union|44b6_d5e7d891:87|159,0,c:12:111:223,p:13:526,c:13:575:261,14.072912811497128,11.941262496067994,False,0,20.043544059531126
44b6_d5e7d891,44b6_d5e7d891:87,union,160,union|44b6_d5e7d891:87|160,0,c:12:111:223,p:13:526,c:13:586:321,15.33021933959198,15.069630055180518,False,0,22.86503436718224
44b6_d5e7d891,44b6_d5e7d891:87,union,161,union|44b6_d5e7d891:87|161,0,c:12:111:223,p:13:526,f:13:234,8.75089281159357,7.2375513769164375,True,1,12.369668500051787
44b6_d5e7d891,44b6_d5e7d891:87,union,162,union|44b6_d5e7d891:87|162,0,c:12:111:223,p:13:526,f:13:255,8.771416924191511,4.901021583024165,True,1,11.221927715703593
44b6_d5e7d891,44b6_d5e7d891:87,union,163,union|44b6_d5e7d891:87|163,0,c:12:111:223,p:13:526,f:13:266,15.747888827343388,7.069395338818663,True,1,19.28258649675272
44b6_d5e7d891,44b6_d5e7d891:87,union,164,union|44b6_d5e7d891:87|164,0,c:12:111:223,c:13:528:285,c:13:544:340,13.101168840985142,7.960841664045329,False,0,17.081589673007805
44b6_d5e7d891,44b6_d5e7d891:87,union,165,union|44b6_d5e7d891:87|165,0,c:12:111:223,c:13:528:285,c:13:546:246,13.498263777241872,8.900491559458949,False,0,17.948509556971345
44b6_d5e7d891,44b6_d5e7d891:87,union,166,union|44b6_d5e7d891:87|166,0,c:12:111:223,c:13:528:285,c:13:551:244,8.285906709588275,7.083210783253595,False,0,11.827512101215072
44b6_d5e7d891,44b6_d5e7d891:87,union,167,union|44b6_d5e7d891:87|167,0,c:12:111:223,c:13:528:285,c:13:573:240,14.804454566109486,17.04314378276496,False,0,23.326026457491967
44b6_d5e7d891,44b6_d5e7d891:87,union,168,union|44b6_d5e7d891:87|168,0,c:12:111:223,c:13:528:285,c:13:575:261,14.072912811497128,15.41610359332085,False,0,21.780964608157554
44b6_d5e7d891,44b6_d5e7d891:87,union,169,union|44b6_d5e7d891:87|169,0,c:12:111:223,c:13:528:285,c:13:586:321,15.33021933959198,12.795262795269194,False,0,21.72785073722658
44b6_d5e7d891,44b6_d5e7d891:87,union,170,union|44b6_d5e7d891:87|170,0,c:12:111:223,c:13:528:285,f:13:234,6.700046641628698,7.412971979390311,True,1,10.406532631323854
44b6_d5e7d891,44b6_d5e7d891:87,union,171,union|44b6_d5e7d891:87|171,0,c:12:111:223,c:13:528:285,f:13:255,8.771416924191511,15.074260438729985,True,1,16.308547143556503
44b6_d5e7d891,44b6_d5e7d891:87,union,172,union|44b6_d5e7d891:87|172,0,c:12:111:223,c:13:528:285,f:13:337,14.223314353515985,9.42001386597524,True,1,18.933321286503606
44b6_d5e7d891,44b6_d5e7d891:87,union,173,union|44b6_d5e7d891:87|173,0,c:12:111:223,c:13:544:340,c:13:546:246,13.498263777241872,13.978778558944269,False,0,20.487653056714006
44b6_d5e7d891,44b6_d5e7d891:87,union,174,union|44b6_d5e7d891:87|174,0,c:12:111:223,c:13:544:340,c:13:551:244,13.101168840985142,11.604821196382131,False,0,18.90357943917621
44b6_d5e7d891,44b6_d5e7d891:87,union,175,union|44b6_d5e7d891:87|175,0,c:12:111:223,c:13:544:340,c:13:573:240,14.804454566109486,18.810734967034115,False,0,24.209822049626545
44b6_d5e7d891,44b6_d5e7d891:87,union,176,union|44b6_d5e7d891:87|176,0,c:12:111:223,c:13:544:340,c:13:586:321,15.33021933959198,9.475296829123613,False,0,20.067867754153788
44b6_d5e7d891,44b6_d5e7d891:87,union,177,union|44b6_d5e7d891:87|177,0,c:12:111:223,c:13:544:340,f:13:234,13.101168840985142,12.543313426155018,True,1,19.37282555406265
44b6_d5e7d891,44b6_d5e7d891:87,union,178,union|44b6_d5e7d891:87|178,0,c:12:111:223,c:13:544:340,f:13:255,13.101168840985142,19.63411859750131,True,1,22.918228139735795
44b6_d5e7d891,44b6_d5e7d891:87,union,179,union|44b6_d5e7d891:87|179,0,c:12:111:223,c:13:544:340,f:13:337,14.223314353515985,13.931754079885712,True,1,21.18919139345884
44b6_d5e7d891,44b6_d5e7d891:87,union,180,union|44b6_d5e7d891:87|180,0,c:12:111:223,c:13:546:246,c:13:551:244,13.498263777241872,10.405076885828379,False,0,18.700802220156064
44b6_d5e7d891,44b6_d5e7d891:87,union,181,union|44b6_d5e7d891:87|181,0,c:12:111:223,c:13:546:246,c:13:575:261,14.072912811497128,15.754959536603069,False,0,21.950392579798663
44b6_d5e7d891,44b6_d5e7d891:87,union,182,union|44b6_d5e7d891:87|182,0,c:12:111:223,c:13:546:246,c:13:586:321,15.33021933959198,17.800983118917898,False,0,24.23071089905093
44b6_d5e7d891,44b6_d5e7d891:87,union,183,union|44b6_d5e7d891:87|183,0,c:12:111:223,c:13:546:246,f:13:234,13.498263777241872,12.86076843296745,True,1,19.928647993725598
44b6_d5e7d891,44b6_d5e7d891:87,union,184,union|44b6_d5e7d891:87|184,0,c:12:111:223,c:13:546:246,f:13:337,14.223314353515985,6.203889617013945,True,1,17.325259162022956
44b6_d5e7d891,44b6_d5e7d891:87,union,185,union|44b6_d5e7d891:87|185,0,c:12:111:223,c:13:551:244,c:13:573:240,14.804454566109486,11.375,False,0,20.491954566109484
44b6_d5e7d891,44b6_d5e7d891:87,union,186,union|44b6_d5e7d891:87|186,0,c:12:111:223,c:13:551:244,c:13:575:261,14.072912811497128,8.75089281159357,False,0,18.448359217293913
44b6_d5e7d891,44b6_d5e7d891:87,union,187,union|44b6_d5e7d891:87|187,0,c:12:111:223,c:13:551:244,c:13:586:321,15.33021933959198,10.405076885828379,False,0,20.53275778250617
44b6_d5e7d891,44b6_d5e7d891:87,union,188,union|44b6_d5e7d891:87|188,0,c:12:111:223,c:13:551:244,f:13:234,8.285906709588275,3.828784873929405,True,1,10.200299146552977
44b6_d5e7d891,44b6_d5e7d891:87,union,189,union|44b6_d5e7d891:87|189,0,c:12:111:223,c:13:551:244,f:13:255,8.771416924191511,13.950204821077799,True,1,15.746519334730412
44b6_d5e7d891,44b6_d5e7d891:87,union,190,union|44b6_d5e7d891:87|190,0,c:12:111:223,c:13:551:244,f:13:266,15.747888827343388,16.570431545868225,True,1,24.0331046002775
44b6_d5e7d891,44b6_d5e7d891:87,union,191,union|44b6_d5e7d891:87|191,0,c:12:111:223,c:13:551:244,f:13:337,14.223314353515985,14.304474887771166,True,1,21.375551797401567
44b6_d5e7d891,44b6_d5e7d891:87,union,192,union|44b6_d5e7d891:87|192,0,c:12:111:223,c:13:573:240,c:13:575:261,14.804454566109486,10.277402395547233,False,0,19.9431557638831
44b6_d5e7d891,44b6_d5e7d891:87,union,193,union|44b6_d5e7d891:87|193,0,c:12:111:223,c:13:573:240,c:13:586:321,15.33021933959198,11.941262496067994,False,0,21.300850587625977
44b6_d5e7d891,44b6_d5e7d891:87,union,194,union|44b6_d5e7d891:87|194,0,c:12:111:223,c:13:573:240,f:13:234,14.804454566109486,10.361139288046258,True,1,19.985024210132615
44b6_d5e7d891,44b6_d5e7d891:87,union,195,union|44b6_d5e7d891:87|195,0,c:12:111:223,c:13:573:240,f:13:255,14.804454566109486,13.05419675296951,True,1,21.331552942594243
44b6_d5e7d891,44b6_d5e7d891:87,union,196,union|44b6_d5e7d891:87|196,0,c:12:111:223,c:13:573:240,f:13:266,15.747888827343388,8.72958483311623,True,1,20.112681243901502
44b6_d5e7d891,44b6_d5e7d891:87,union,197,union|44b6_d5e7d891:87|197,0,c:12:111:223,c:13:575:261,c:13:586:321,15.33021933959198,16.086679271993955,False,0,23.373558975588956
44b6_d5e7d891,44b6_d5e7d891:87,union,198,union|44b6_d5e7d891:87|198,0,c:12:111:223,c:13:575:261,f:13:234,14.072912811497128,9.600820516219846,True,1,18.87332306960705
44b6_d5e7d891,44b6_d5e7d891:87,union,199,union|44b6_d5e7d891:87|199,0,c:12:111:223,c:13:575:261,f:13:255,14.072912811497128,15.869797058007425,True,1,22.00781134050084
44b6_d5e7d891,44b6_d5e7d891:87,union,200,union|44b6_d5e7d891:87|200,0,c:12:111:223,c:13:575:261,f:13:266,15.747888827343388,14.665260271566943,True,1,23.08051896312686
44b6_d5e7d891,44b6_d5e7d891:87,union,201,union|44b6_d5e7d891:87|201,0,c:12:111:223,c:13:586:321,f:13:234,15.33021933959198,11.62839100356368,True,1,21.14441484137382
44b6_d5e7d891,44b6_d5e7d891:87,union,202,union|44b6_d5e7d891:87|202,0,c:12:111:223,c:13:586:321,f:13:255,15.33021933959198,18.77626708086704,True,1,24.7183528800255
44b6_d5e7d891,44b6_d5e7d891:87,union,203,union|44b6_d5e7d891:87|203,0,c:12:111:223,c:13:586:321,f:13:266,15.747888827343388,19.250831266502658,True,1,25.373304460594717
44b6_d5e7d891,44b6_d5e7d891:87,union,204,union|44b6_d5e7d891:87|204,0,c:12:111:223,f:13:234,f:13:255,8.771416924191511,10.145705503151925,True,2,13.844269675767475
44b6_d5e7d891,44b6_d5e7d891:87,union,205,union|44b6_d5e7d891:87|205,0,c:12:111:223,f:13:234,f:13:266,15.747888827343388,13.772158118741022,True,2,22.633967886713897
44b6_d5e7d891,44b6_d5e7d891:87,union,206,union|44b6_d5e7d891:87|206,0,c:12:111:223,f:13:234,f:13:337,14.223314353515985,15.687740032120601,True,2,22.067184369576285
44b6_d5e7d891,44b6_d5e7d891:87,union,207,union|44b6_d5e7d891:87|207,0,c:12:111:223,f:13:255,f:13:266,15.747888827343388,9.125714756976617,True,2,20.3107462058317
44b6_d5e7d891,44b6_d5e7d891:455,union,0,union|44b6_d5e7d891:455|0,0,c:47:896:108,c:48:1331:430,c:48:1346:93,15.069630055180518,11.941262496067994,False,0,21.040261303214514
44b6_d5e7d891,44b6_d5e7d891:455,union,1,union|44b6_d5e7d891:455|1,0,c:47:896:108,c:48:1331:430,c:48:1353:92,15.069630055180518,11.02128622257856,False,0,20.580273166469798
44b6_d5e7d891,44b6_d5e7d891:455,union,2,union|44b6_d5e7d891:455|2,0,c:47:896:108,c:48:1331:430,c:48:1354:406,15.069630055180518,5.138701197773616,False,0,17.638980654067325
44b6_d5e7d891,44b6_d5e7d891:455,union,3,union|44b6_d5e7d891:455|3,0,c:47:896:108,c:48:1331:430,p:48:1356,15.069630055180518,9.475296829123613,False,0,19.807278469742325
44b6_d5e7d891,44b6_d5e7d891:455,union,4,union|44b6_d5e7d891:455|4,0,c:47:896:108,c:48:1331:430,c:48:1373:383,15.069630055180518,10.900831390311474,False,0,20.520045750336255
44b6_d5e7d891,44b6_d5e7d891:455,union,5,union|44b6_d5e7d891:455|5,0,c:47:896:108,c:48:1331:430,c:48:1404:427,15.069630055180518,15.069630055180518,False,0,22.604445082770777
44b6_d5e7d891,44b6_d5e7d891:455,union,6,union|44b6_d5e7d891:455|6,0,c:47:896:108,c:48:1331:430,c:48:1411:165,15.069630055180518,17.948711652929298,False,0,24.043985881645167
44b6_d5e7d891,44b6_d5e7d891:455,union,7,union|44b6_d5e7d891:455|7,0,c:47:896:108,c:48:1331:430,c:48:1412:135,15.069630055180518,13.978778558944269,False,0,22.059019334652653
44b6_d5e7d891,44b6_d5e7d891:455,union,8,union|44b6_d5e7d891:455|8,0,c:47:896:108,c:48:1331:430,c:48:1436:113,15.069630055180518,17.273986945693807,False,0,23.70662352802742
44b6_d5e7d891,44b6_d5e7d891:455,union,9,union|44b6_d5e7d891:455|9,0,c:47:896:108,c:48:1331:430,f:48:129,15.069630055180518,15.977219652036503,True,1,23.05823988119877
44b6_d5e7d891,44b6_d5e7d891:455,union,10,union|44b6_d5e7d891:455|10,0,c:47:896:108,c:48:1331:430,f:48:145,15.069630055180518,15.814293718366462,True,1,22.97677691436375
44b6_d5e7d891,44b6_d5e7d891:455,union,11,union|44b6_d5e7d891:455|11,0,c:47:896:108,c:48:1331:430,f:48:157,15.069630055180518,14.612749898054712,True,1,22.376005004207876
44b6_d5e7d891,44b6_d5e7d891:455,union,12,union|44b6_d5e7d891:455|12,0,c:47:896:108,c:48:1346:93,c:48:1353:92,14.351611407782752,15.069630055180518,False,0,21.88642643537301
44b6_d5e7d891,44b6_d5e7d891:455,union,13,union|44b6_d5e7d891:455|13,0,c:47:896:108,c:48:1346:93,c:48:1354:406,14.351611407782752,11.490485194281398,False,0,20.09685400492345
44b6_d5e7d891,44b6_d5e7d891:455,union,14,union|44b6_d5e7d891:455|14,0,c:47:896:108,c:48:1346:93,p:48:1356,14.351611407782752,19.08942770226494,False,0,23.89632525891522
44b6_d5e7d891,44b6_d5e7d891:455,union,15,union|44b6_d5e7d891:455|15,0,c:47:896:108,c:48:1346:93,c:48:1373:383,14.351611407782752,19.158467449146343,False,0,23.930845132355923
44b6_d5e7d891,44b6_d5e7d891:455,union,16,union|44b6_d5e7d891:455|16,0,c:47:896:108,c:48:1346:93,c:48:1411:165,14.351611407782752,11.718041645257966,False,0,20.210632230411733
44b6_d5e7d891,44b6_d5e7d891:455,union,17,union|44b6_d5e7d891:455|17,0,c:47:896:108,c:48:1346:93,c:48:1412:135,14.351611407782752,11.718041645257966,False,0,20.210632230411733
44b6_d5e7d891,44b6_d5e7d891:455,union,18,union|44b6_d5e7d891:455|18,0,c:47:896:108,c:48:1346:93,c:48:1424:147,14.715000849473302,13.978778558944269,False,0,21.704390128945438
44b6_d5e7d891,44b6_d5e7d891:455,union,19,union|44b6_d5e7d891:455|19,0,c:47:896:108,c:48:1346:93,c:48:1434:154,14.351611407782752,13.978778558944269,False,0,21.341000687254887
44b6_d5e7d891,44b6_d5e7d891:455,union,20,union|44b6_d5e7d891:455|20,0,c:47:896:108,c:48:1346:93,c:48:1436:113,14.351611407782752,16.65129499468435,False,0,22.677258905124926
44b6_d5e7d891,44b6_d5e7d891:455,union,21,union|44b6_d5e7d891:455|21,0,c:47:896:108,c:48:1346:93,c:48:1455:152,14.351611407782752,18.16805231718579,False,0,23.435637566375647
44b6_d5e7d891,44b6_d5e7d891:455,union,22,union|44b6_d5e7d891:455|22,0,c:47:896:108,c:48:1346:93,f:48:129,14.42369811499703,4.449450853178741,True,1,16.6484235415864
44b6_d5e7d891,44b6_d5e7d891:455,union,23,union|44b6_d5e7d891:455|23,0,c:47:896:108,c:48:1346:93,f:48:145,14.351611407782752,9.178194953573614,True,1,18.94070888456956
44b6_d5e7d891,44b6_d5e7d891:455,union,24,union|44b6_d5e7d891:455|24,0,c:47:896:108,c:48:1346:93,f:48:157,14.351611407782752,8.07961802563963,True,1,18.391420420602568
44b6_d5e7d891,44b6_d5e7d891:455,union,25,union|44b6_d5e7d891:455|25,0,c:47:896:108,c:48:1353:92,c:48:1354:406,12.795262795269194,11.490485194281398,False,0,18.54050539240989
44b6_d5e7d891,44b6_d5e7d891:455,union,26,union|44b6_d5e7d891:455|26,0,c:47:896:108,c:48:1353:92,p:48:1356,14.16642156650719,9.475296829123613,False,0,18.904069981068996
44b6_d5e7d891,44b6_d5e7d891:455,union,27,union|44b6_d5e7d891:455|27,0,c:47:896:108,c:48:1353:92,c:48:1373:383,12.795262795269194,10.900831390311474,False,0,18.24567849042493
44b6_d5e7d891,44b6_d5e7d891:455,union,28,union|44b6_d5e7d891:455|28,0,c:47:896:108,c:48:1353:92,c:48:1404:427,13.788582233137676,17.35025215955088,False,0,22.463708312913116
44b6_d5e7d891,44b6_d5e7d891:455,union,29,union|44b6_d5e7d891:455|29,0,c:47:896:108,c:48:1353:92,c:48:1411:165,12.795262795269194,13.595725431178728,False,0,19.593125510858556
44b6_d5e7d891,44b6_d5e7d891:455,union,30,union|44b6_d5e7d891:455|30,0,c:47:896:108,c:48:1353:92,c:48:1412:135,12.795262795269194,14.351611407782752,False,0,19.97106849916057
44b6_d5e7d891,44b6_d5e7d891:455,union,31,union|44b6_d5e7d891:455|31,0,c:47:896:108,c:48:1353:92,c:48:1427:120,14.981759743100941,12.691655723348314,False,0,21.327587604775097
44b6_d5e7d891,44b6_d5e7d891:455,union,32,union|44b6_d5e7d891:455|32,0,c:47:896:108,c:48:1353:92,c:48:1436:113,12.795262795269194,12.481861840286488,False,0,19.036193715412438
44b6_d5e7d891,44b6_d5e7d891:455,union,33,union|44b6_d5e7d891:455|33,0,c:47:896:108,c:48:1353:92,c:48:1449:420,12.795262795269194,16.331047884321446,False,0,20.960786737429917
44b6_d5e7d891,44b6_d5e7d891:455,union,34,union|44b6_d5e7d891:455|34,0,c:47:896:108,c:48:1353:92,c:48:1456:110,12.795262795269194,17.04314378276496,False,0,21.316834686651674
44b6_d5e7d891,44b6_d5e7d891:455,union,35,union|44b6_d5e7d891:455|35,0,c:47:896:108,c:48:1353:92,f:48:129,14.42369811499703,17.18989233452731,True,1,23.018644282260688
44b6_d5e7d891,44b6_d5e7d891:455,union,36,union|44b6_d5e7d891:455|36,0,c:47:896:108,c:48:1353:92,f:48:145,12.795262795269194,11.749824322671259,True,1,18.670174956604825
44b6_d5e7d891,44b6_d5e7d891:455,union,37,union|44b6_d5e7d891:455|37,0,c:47:896:108,c:48:1353:92,f:48:157,12.795262795269194,11.003008876257308,True,1,18.296767233397848
44b6_d5e7d891,44b6_d5e7d891:455,union,38,union|44b6_d5e7d891:455|38,0,c:47:896:108,c:48:1354:406,p:48:1356,14.16642156650719,9.192388155425117,False,0,18.76261564421975
44b6_d5e7d891,44b6_d5e7d891:455,union,39,union|44b6_d5e7d891:455|39,0,c:47:896:108,c:48:1354:406,c:48:1373:383,11.830178570080843,8.75089281159357,False,0,16.205624975877626
44b6_d5e7d891,44b6_d5e7d891:455,union,40,union|44b6_d5e7d891:455|40,0,c:47:896:108,c:48:1354:406,c:48:1404:427,13.788582233137676,11.718041645257966,False,0,19.64760305576666
44b6_d5e7d891,44b6_d5e7d891:455,union,41,union|44b6_d5e7d891:455|41,0,c:47:896:108,c:48:1354:406,c:48:1411:165,10.779030568655049,15.41610359332085,False,0,18.487082365315473
44b6_d5e7d891,44b6_d5e7d891:455,union,42,union|44b6_d5e7d891:455|42,0,c:47:896:108,c:48:1354:406,c:48:1412:135,10.779030568655049,9.475296829123613,False,0,15.516678983216856
44b6_d5e7d891,44b6_d5e7d891:455,union,43,union|44b6_d5e7d891:455|43,0,c:47:896:108,c:48:1354:406,c:48:1434:154,13.201562407533435,19.90210416011332,False,0,23.152614487590096
44b6_d5e7d891,44b6_d5e7d891:455,union,44,union|44b6_d5e7d891:455|44,0,c:47:896:108,c:48:1354:406,c:48:1436:113,10.779030568655049,13.498263777241872,False,0,17.528162457275986
44b6_d5e7d891,44b6_d5e7d891:455,union,45,union|44b6_d5e7d891:455|45,0,c:47:896:108,c:48:1354:406,c:48:1449:420,10.779030568655049,17.426183603990864,False,0,19.49212237065048
44b6_d5e7d891,44b6_d5e7d891:455,union,46,union|44b6_d5e7d891:455|46,0,c:47:896:108,c:48:1354:406,f:48:129,14.42369811499703,14.689765732223398,True,1,21.76858098110873
44b6_d5e7d891,44b6_d5e7d891:455,union,47,union|44b6_d5e7d891:455|47,0,c:47:896:108,c:48:1354:406,f:48:145,10.912425669075082,14.36953907084062,True,1,18.097195204495392
44b6_d5e7d891,44b6_d5e7d891:455,union,48,union|44b6_d5e7d891:455|48,0,c:47:896:108,c:48:1354:406,f:48:157,12.465726185465376,13.974697705841534,True,1,19.453075038386142
44b6_d5e7d891,44b6_d5e7d891:455,union,49,union|44b6_d5e7d891:455|49,0,c:47:896:108,c:48:1354:406,f:48:446,11.335171065238786,16.40449139772354,True,1,19.537416764100556
44b6_d5e7d891,44b6_d5e7d891:455,union,50,union|44b6_d5e7d891:455|50,0,c:47:896:108,p:48:1356,c:48:1373:383,14.16642156650719,3.6336104634371584,False,0,15.983226798225768
44b6_d5e7d891,44b6_d5e7d891:455,union,51,union|44b6_d5e7d891:455|51,0,c:47:896:108,p:48:1356,c:48:1404:427,14.16642156650719,9.75,False,0,19.04142156650719
44b6_d5e7d891,44b6_d5e7d891:455,union,52,union|44b6_d5e7d891:455|52,0,c:47:896:108,p:48:1356,c:48:1411:165,14.16642156650719,19.63494970709118,False,0,23.98389642005278
44b6_d5e7d891,44b6_d5e7d891:455,union,53,union|44b6_d5e7d891:455|53,0,c:47:896:108,p:48:1356,c:48:1412:135,14.16642156650719,15.41610359332085,False,0,21.874473363167613
44b6_d5e7d891,44b6_d5e7d891:455,union,54,union|44b6_d5e7d891:455|54,0,c:47:896:108,p:48:1356,c:48:1427:120,14.981759743100941,19.835652875567266,False,0,24.899586180884576
44b6_d5e7d891,44b6_d5e7d891:455,union,55,union|44b6_d5e7d891:455|55,0,c:47:896:108,p:48:1356,c:48:1436:113,14.16642156650719,14.981759743100941,False,0,21.657301438057658
44b6_d5e7d891,44b6_d5e7d891:455,union,56,union|44b6_d5e7d891:455|56,0,c:47:896:108,p:48:1356,c:48:1449:420,14.16642156650719,14.804454566109486,False,0,21.56864884956193
44b6_d5e7d891,44b6_d5e7d891:455,union,57,union|44b6_d5e7d891:455|57,0,c:47:896:108,p:48:1356,f:48:145,14.16642156650719,18.74256304316336,True,1,23.53770308808887
44b6_d5e7d891,44b6_d5e7d891:455,union,58,union|44b6_d5e7d891:455|58,0,c:47:896:108,p:48:1356,f:48:157,14.16642156650719,18.344212661069065,True,1,23.338527897041722
44b6_d5e7d891,44b6_d5e7d891:455,union,59,union|44b6_d5e7d891:455|59,0,c:47:896:108,p:48:1356,f:48:446,14.16642156650719,16.562758179117186,True,1,22.44780065606578
44b6_d5e7d891,44b6_d5e7d891:455,union,60,union|44b6_d5e7d891:455|60,0,c:47:896:108,c:48:1373:383,c:48:1404:427,13.788582233137676,6.700046641628698,False,0,17.138605553952026
44b6_d5e7d891,44b6_d5e7d891:455,union,61,union|44b6_d5e7d891:455|61,0,c:47:896:108,c:48:1373:383,c:48:1411:165,11.830178570080843,18.598975106171846,False,0,21.129666123166764
44b6_d5e7d891,44b6_d5e7d891:455,union,62,union|44b6_d5e7d891:455|62,0,c:47:896:108,c:48:1373:383,c:48:1412:135,11.830178570080843,13.301198254292732,False,0,18.48077769722721
44b6_d5e7d891,44b6_d5e7d891:455,union,63,union|44b6_d5e7d891:455|63,0,c:47:896:108,c:48:1373:383,c:48:1427:120,14.981759743100941,19.5,False,0,24.73175974310094
44b6_d5e7d891,44b6_d5e7d891:455,union,64,union|44b6_d5e7d891:455|64,0,c:47:896:108,c:48:1373:383,c:48:1436:113,11.830178570080843,12.795262795269194,False,0,18.22780996771544
44b6_d5e7d891,44b6_d5e7d891:455,union,65,union|44b6_d5e7d891:455|65,0,c:47:896:108,c:48:1373:383,c:48:1449:420,11.830178570080843,11.941262496067994,False,0,17.80080981811484
44b6_d5e7d891,44b6_d5e7d891:455,union,66,union|44b6_d5e7d891:455|66,0,c:47:896:108,c:48:1373:383,c:48:1456:110,11.830178570080843,19.02013735491939,False,0,21.34024724754054
44b6_d5e7d891,44b6_d5e7d891:455,union,67,union|44b6_d5e7d891:455|67,0,c:47:896:108,c:48:1373:383,c:48:1485:409,13.201562407533435,18.45645212385089,False,0,22.42978846945888
44b6_d5e7d891,44b6_d5e7d891:455,union,68,union|44b6_d5e7d891:455|68,0,c:47:896:108,c:48:1373:383,f:48:145,11.830178570080843,18.428728558087887,True,1,21.044542849124788
44b6_d5e7d891,44b6_d5e7d891:455,union,69,union|44b6_d5e7d891:455|69,0,c:47:896:108,c:48:1373:383,f:48:157,12.465726185465376,18.494201240958777,True,1,21.712826805944765
44b6_d5e7d891,44b6_d5e7d891:455,union,70,union|44b6_d5e7d891:455|70,0,c:47:896:108,c:48:1373:383,f:48:446,11.830178570080843,12.938348265496284,True,1,18.299352702828983
44b6_d5e7d891,44b6_d5e7d891:455,union,71,union|44b6_d5e7d891:455|71,0,c:47:896:108,c:48:1404:427,c:48:1412:135,13.788582233137676,14.715000849473302,False,0,21.146082657874327
44b6_d5e7d891,44b6_d5e7d891:455,union,72,union|44b6_d5e7d891:455|72,0,c:47:896:108,c:48:1404:427,c:48:1436:113,13.788582233137676,15.33021933959198,False,0,21.453691902933667
44b6_d5e7d891,44b6_d5e7d891:455,union,73,union|44b6_d5e7d891:455|73,0,c:47:896:108,c:48:1404:427,c:48:1449:420,13.788582233137676,12.481861840286488,False,0,20.02951315328092
44b6_d5e7d891,44b6_d5e7d891:455,union,74,union|44b6_d5e7d891:455|74,0,c:47:896:108,c:48:1404:427,c:48:1485:409,13.788582233137676,16.086679271993955,False,0,21.831921869134653
44b6_d5e7d891,44b6_d5e7d891:455,union,75,union|44b6_d5e7d891:455|75,0,c:47:896:108,c:48:1404:427,f:48:446,13.788582233137676,9.443180916896093,True,1,18.510172691585723
44b6_d5e7d891,44b6_d5e7d891:455,union,76,union|44b6_d5e7d891:455|76,0,c:47:896:108,c:48:1411:165,c:48:1412:135,8.900491559458949,9.192388155425117,False,0,13.496685637171508
44b6_d5e7d891,44b6_d5e7d891:455,union,77,union|44b6_d5e7d891:455|77,0,c:47:896:108,c:48:1411:165,c:48:1424:147,14.715000849473302,6.894291116568838,False,0,18.16214640775772
44b6_d5e7d891,44b6_d5e7d891:455,union,78,union|44b6_d5e7d891:455|78,0,c:47:896:108,c:48:1411:165,c:48:1427:120,14.981759743100941,12.481861840286488,False,0,21.222690663244187
44b6_d5e7d891,44b6_d5e7d891:455,union,79,union|44b6_d5e7d891:455|79,0,c:47:896:108,c:48:1411:165,c:48:1434:154,13.201562407533435,7.621925609713073,False,0,17.01252521238997
44b6_d5e7d891,44b6_d5e7d891:455,union,80,union|44b6_d5e7d891:455|80,0,c:47:896:108,c:48:1411:165,c:48:1436:113,8.900491559458949,8.75089281159357,False,0,13.275937965255734
44b6_d5e7d891,44b6_d5e7d891:455,union,81,union|44b6_d5e7d891:455|81,0,c:47:896:108,c:48:1411:165,c:48:1449:420,10.65583760199075,17.577062467886947,False,0,19.444368835934224
44b6_d5e7d891,44b6_d5e7d891:455,union,82,union|44b6_d5e7d891:455|82,0,c:47:896:108,c:48:1411:165,c:48:1455:152,13.498263777241872,10.900831390311474,False,0,18.948679472397608
44b6_d5e7d891,44b6_d5e7d891:455,union,83,union|44b6_d5e7d891:455|83,0,c:47:896:108,c:48:1411:165,c:48:1456:110,9.75,10.017172754824587,False,0,14.758586377412293
44b6_d5e7d891,44b6_d5e7d891:455,union,84,union|44b6_d5e7d891:455|84,0,c:47:896:108,c:48:1411:165,c:48:1470:111,10.779030568655049,13.978778558944269,False,0,17.768419848127184
44b6_d5e7d891,44b6_d5e7d891:455,union,85,union|44b6_d5e7d891:455|85,0,c:47:896:108,c:48:1411:165,c:48:1484:150,14.804454566109486,13.101168840985142,False,0,21.355038986602057
44b6_d5e7d891,44b6_d5e7d891:455,union,86,union|44b6_d5e7d891:455|86,0,c:47:896:108,c:48:1411:165,c:48:1493:385,14.259317129512198,18.598975106171846,False,0,23.558804682598122
44b6_d5e7d891,44b6_d5e7d891:455,union,87,union|44b6_d5e7d891:455|87,0,c:47:896:108,c:48:1411:165,f:48:129,14.42369811499703,9.754263815383753,True,1,19.300830022688906
44b6_d5e7d891,44b6_d5e7d891:455,union,88,union|44b6_d5e7d891:455|88,0,c:47:896:108,c:48:1411:165,f:48:145,10.912425669075082,4.052672160408087,True,1,12.938761749279125
44b6_d5e7d891,44b6_d5e7d891:455,union,89,union|44b6_d5e7d891:455|89,0,c:47:896:108,c:48:1411:165,f:48:157,12.465726185465376,6.571062463104602,True,1,15.751257417017678
44b6_d5e7d891,44b6_d5e7d891:455,union,90,union|44b6_d5e7d891:455|90,0,c:47:896:108,c:48:1411:165,f:48:446,11.335171065238786,19.976884920839776,True,1,21.323613525658672
44b6_d5e7d891,44b6_d5e7d891:455,union,91,union|44b6_d5e7d891:455|91,0,c:47:896:108,c:48:1412:135,c:48:1424:147,14.715000849473302,13.978778558944269,False,0,21.704390128945438
44b6_d5e7d891,44b6_d5e7d891:455,union,92,union|44b6_d5e7d891:455|92,0,c:47:896:108,c:48:1412:135,c:48:1427:120,14.981759743100941,18.022121822915302,False,0,23.992820654558592
44b6_d5e7d891,44b6_d5e7d891:455,union,93,union|44b6_d5e7d891:455|93,0,c:47:896:108,c:48:1412:135,c:48:1434:154,13.201562407533435,11.941262496067994,False,0,19.172193655567433
44b6_d5e7d891,44b6_d5e7d891:455,union,94,union|44b6_d5e7d891:455|94,1,c:47:896:108,c:48:1412:135,c:48:1436:113,3.9804208320226646,7.44668550430324,False,0,7.703763584174284
44b6_d5e7d891,44b6_d5e7d891:455,union,95,union|44b6_d5e7d891:455|95,0,c:47:896:108,c:48:1412:135,c:48:1449:420,10.65583760199075,14.259317129512198,False,0,17.78549616674685
44b6_d5e7d891,44b6_d5e7d891:455,union,96,union|44b6_d5e7d891:455|96,0,c:47:896:108,c:48:1412:135,c:48:1455:152,13.498263777241872,12.691655723348314,False,0,19.84409163891603
44b6_d5e7d891,44b6_d5e7d891:455,union,97,union|44b6_d5e7d891:455|97,0,c:47:896:108,c:48:1412:135,c:48:1456:110,9.75,12.795262795269194,False,0,16.147631397634598
44b6_d5e7d891,44b6_d5e7d891:455,union,98,union|44b6_d5e7d891:455|98,0,c:47:896:108,c:48:1412:135,c:48:1470:111,10.779030568655049,11.490485194281398,False,0,16.524273165795748
44b6_d5e7d891,44b6_d5e7d891:455,union,99,union|44b6_d5e7d891:455|99,0,c:47:896:108,c:48:1412:135,c:48:1484:150,14.804454566109486,16.65129499468435,False,0,23.13010206345166
44b6_d5e7d891,44b6_d5e7d891:455,union,100,union|44b6_d5e7d891:455|100,0,c:47:896:108,c:48:1412:135,c:48:1485:409,13.201562407533435,15.41610359332085,False,0,20.90961420419386
44b6_d5e7d891,44b6_d5e7d891:455,union,101,union|44b6_d5e7d891:455|101,0,c:47:896:108,c:48:1412:135,c:48:1493:385,14.259317129512198,17.426183603990864,False,0,22.97240893150763
44b6_d5e7d891,44b6_d5e7d891:455,union,102,union|44b6_d5e7d891:455|102,0,c:47:896:108,c:48:1412:135,f:48:129,14.42369811499703,11.835699423164671,True,1,20.341547826579365
44b6_d5e7d891,44b6_d5e7d891:455,union,103,union|44b6_d5e7d891:455|103,0,c:47:896:108,c:48:1412:135,f:48:145,10.912425669075082,10.687876092724323,True,1,16.256363715437246
44b6_d5e7d891,44b6_d5e7d891:455,union,104,union|44b6_d5e7d891:455|104,0,c:47:896:108,c:48:1412:135,f:48:157,12.465726185465376,12.004147415428273,True,1,18.467799893179514
44b6_d5e7d891,44b6_d5e7d891:455,union,105,union|44b6_d5e7d891:455|105,0,c:47:896:108,c:48:1412:135,f:48:446,11.335171065238786,13.087484725556719,True,1,17.878913428017146
44b6_d5e7d891,44b6_d5e7d891:455,union,106,union|44b6_d5e7d891:455|106,0,c:47:896:108,c:48:1424:147,c:48:1427:120,14.981759743100941,17.273986945693807,False,0,23.618753215947844
44b6_d5e7d891,44b6_d5e7d891:455,union,107,union|44b6_d5e7d891:455|107,0,c:47:896:108,c:48:1424:147,c:48:1434:154,14.715000849473302,3.9804208320226646,False,0,16.705211265484635
44b6_d5e7d891,44b6_d5e7d891:455,union,108,union|44b6_d5e7d891:455|108,0,c:47:896:108,c:48:1424:147,c:48:1436:113,14.715000849473302,14.804454566109486,False,0,22.117228132528044
44b6_d5e7d891,44b6_d5e7d891:455,union,109,union|44b6_d5e7d891:455|109,0,c:47:896:108,c:48:1424:147,c:48:1455:152,14.715000849473302,8.75089281159357,False,0,19.090447255270085
44b6_d5e7d891,44b6_d5e7d891:455,union,110,union|44b6_d5e7d891:455|110,0,c:47:896:108,c:48:1424:147,c:48:1456:110,14.715000849473302,13.978778558944269,False,0,21.704390128945438
44b6_d5e7d891,44b6_d5e7d891:455,union,111,union|44b6_d5e7d891:455|111,0,c:47:896:108,c:48:1424:147,c:48:1470:111,14.715000849473302,15.754959536603069,False,0,22.592480617774836
44b6_d5e7d891,44b6_d5e7d891:455,union,112,union|44b6_d5e7d891:455|112,0,c:47:896:108,c:48:1424:147,c:48:1484:150,14.804454566109486,13.498263777241872,False,0,21.55358645473042
44b6_d5e7d891,44b6_d5e7d891:455,union,113,union|44b6_d5e7d891:455|113,0,c:47:896:108,c:48:1424:147,f:48:129,14.715000849473302,10.093043159164074,True,1,19.76152242905534
44b6_d5e7d891,44b6_d5e7d891:455,union,114,union|44b6_d5e7d891:455|114,0,c:47:896:108,c:48:1424:147,f:48:145,14.715000849473302,8.592749152480195,True,1,19.0113754257134
44b6_d5e7d891,44b6_d5e7d891:455,union,115,union|44b6_d5e7d891:455|115,0,c:47:896:108,c:48:1424:147,f:48:157,14.715000849473302,10.480362615362337,True,1,19.95518215715447
44b6_d5e7d891,44b6_d5e7d891:455,union,116,union|44b6_d5e7d891:455|116,0,c:47:896:108,c:48:1427:120,c:48:1434:154,14.981759743100941,19.02013735491939,False,0,24.491828420560637
44b6_d5e7d891,44b6_d5e7d891:455,union,117,union|44b6_d5e7d891:455|117,0,c:47:896:108,c:48:1427:120,c:48:1436:113,14.981759743100941,11.941262496067994,False,0,20.952390991134937
44b6_d5e7d891,44b6_d5e7d891:455,union,118,union|44b6_d5e7d891:455|118,0,c:47:896:108,c:48:1427:120,c:48:1449:420,14.981759743100941,15.754959536603069,False,0,22.859239511402475
44b6_d5e7d891,44b6_d5e7d891:455,union,119,union|44b6_d5e7d891:455|119,0,c:47:896:108,c:48:1427:120,c:48:1456:110,14.981759743100941,10.405076885828379,False,0,20.18429818601513
44b6_d5e7d891,44b6_d5e7d891:455,union,120,union|44b6_d5e7d891:455|120,0,c:47:896:108,c:48:1427:120,c:48:1484:150,14.981759743100941,15.754959536603069,False,0,22.859239511402475
44b6_d5e7d891,44b6_d5e7d891:455,union,121,union|44b6_d5e7d891:455|121,0,c:47:896:108,c:48:1427:120,c:48:1493:385,14.981759743100941,17.50178562318714,False,0,23.73265255469451
44b6_d5e7d891,44b6_d5e7d891:455,union,122,union|44b6_d5e7d891:455|122,0,c:47:896:108,c:48:1427:120,f:48:145,14.981759743100941,13.216355421522133,True,1,21.589937453862007
44b6_d5e7d891,44b6_d5e7d891:455,union,123,union|44b6_d5e7d891:455|123,0,c:47:896:108,c:48:1427:120,f:48:157,14.981759743100941,14.267764120087605,True,1,22.115641803144744
44b6_d5e7d891,44b6_d5e7d891:455,union,124,union|44b6_d5e7d891:455|124,0,c:47:896:108,c:48:1434:154,c:48:1436:113,13.201562407533435,13.884006086140989,False,0,20.14356545060393
44b6_d5e7d891,44b6_d5e7d891:455,union,125,union|44b6_d5e7d891:455|125,0,c:47:896:108,c:48:1434:154,c:48:1455:152,13.498263777241872,5.3895152843275245,False,0,16.193021419405635
44b6_d5e7d891,44b6_d5e7d891:455,union,126,union|44b6_d5e7d891:455|126,0,c:47:896:108,c:48:1434:154,c:48:1456:110,13.201562407533435,13.595725431178728,False,0,19.999425123122798
44b6_d5e7d891,44b6_d5e7d891:455,union,127,union|44b6_d5e7d891:455|127,0,c:47:896:108,c:48:1434:154,c:48:1470:111,13.201562407533435,12.795262795269194,False,0,19.59919380516803
44b6_d5e7d891,44b6_d5e7d891:455,union,128,union|44b6_d5e7d891:455|128,0,c:47:896:108,c:48:1434:154,c:48:1484:150,14.804454566109486,12.691655723348314,False,0,21.150282427783644
44b6_d5e7d891,44b6_d5e7d891:455,union,129,union|44b6_d5e7d891:455|129,0,c:47:896:108,c:48:1434:154,f:48:129,14.42369811499703,10.194234457634723,True,1,19.52081534381439
44b6_d5e7d891,44b6_d5e7d891:455,union,130,union|44b6_d5e7d891:455|130,0,c:47:896:108,c:48:1434:154,f:48:145,13.201562407533435,10.135096956353276,True,1,18.269110885710074
44b6_d5e7d891,44b6_d5e7d891:455,union,131,union|44b6_d5e7d891:455|131,0,c:47:896:108,c:48:1434:154,f:48:157,13.201562407533435,12.186689060420262,True,1,19.294906937743566
44b6_d5e7d891,44b6_d5e7d891:455,union,132,union|44b6_d5e7d891:455|132,0,c:47:896:108,c:48:1436:113,c:48:1449:420,10.65583760199075,8.900491559458949,False,0,15.106083381720225
44b6_d5e7d891,44b6_d5e7d891:455,union,133,union|44b6_d5e7d891:455|133,0,c:47:896:108,c:48:1436:113,c:48:1455:152,13.498263777241872,13.978778558944269,False,0,20.487653056714006
44b6_d5e7d891,44b6_d5e7d891:455,union,134,union|44b6_d5e7d891:455|134,0,c:47:896:108,c:48:1436:113,c:48:1456:110,9.75,6.700046641628698,False,0,13.10002332081435
44b6_d5e7d891,44b6_d5e7d891:455,union,135,union|44b6_d5e7d891:455|135,0,c:47:896:108,c:48:1436:113,c:48:1470:111,10.779030568655049,10.900831390311474,False,0,16.229446263810786
44b6_d5e7d891,44b6_d5e7d891:455,union,136,union|44b6_d5e7d891:455|136,0,c:47:896:108,c:48:1436:113,c:48:1484:150,14.804454566109486,12.795262795269194,False,0,21.202085963744082
44b6_d5e7d891,44b6_d5e7d891:455,union,137,union|44b6_d5e7d891:455|137,0,c:47:896:108,c:48:1436:113,c:48:1485:409,13.201562407533435,12.691655723348314,False,0,19.547390269207593
44b6_d5e7d891,44b6_d5e7d891:455,union,138,union|44b6_d5e7d891:455|138,0,c:47:896:108,c:48:1436:113,c:48:1493:385,14.259317129512198,11.941262496067994,False,0,20.229948377546194
44b6_d5e7d891,44b6_d5e7d891:455,union,139,union|44b6_d5e7d891:455|139,0,c:47:896:108,c:48:1436:113,f:48:129,14.42369811499703,16.373634724692035,True,1,22.61051547734305
44b6_d5e7d891,44b6_d5e7d891:455,union,140,union|44b6_d5e7d891:455|140,0,c:47:896:108,c:48:1436:113,f:48:145,10.912425669075082,11.193437925240927,True,1,16.509144631695545
44b6_d5e7d891,44b6_d5e7d891:455,union,141,union|44b6_d5e7d891:455|141,0,c:47:896:108,c:48:1436:113,f:48:157,12.465726185465376,12.965695953472297,True,1,18.948574162201524
44b6_d5e7d891,44b6_d5e7d891:455,union,142,union|44b6_d5e7d891:455|142,0,c:47:896:108,c:48:1436:113,f:48:446,11.335171065238786,12.049873712694305,True,1,17.36010792158594
44b6_d5e7d891,44b6_d5e7d891:455,union,143,union|44b6_d5e7d891:455|143,0,c:47:896:108,c:48:1449:420,c:48:1456:110,10.65583760199075,11.604821196382131,False,0,16.458248200181817
44b6_d5e7d891,44b6_d5e7d891:455,union,144,union|44b6_d5e7d891:455|144,0,c:47:896:108,c:48:1449:420,c:48:1470:111,10.779030568655049,14.804454566109486,False,0,18.18125785170979
44b6_d5e7d891,44b6_d5e7d891:455,union,145,union|44b6_d5e7d891:455|145,0,c:47:896:108,c:48:1449:420,c:48:1484:150,14.804454566109486,17.50178562318714,False,0,23.555347377703058
44b6_d5e7d891,44b6_d5e7d891:455,union,146,union|44b6_d5e7d891:455|146,0,c:47:896:108,c:48:1449:420,c:48:1485:409,13.201562407533435,9.334914300624297,False,0,17.869019557845583
44b6_d5e7d891,44b6_d5e7d891:455,union,147,union|44b6_d5e7d891:455|147,0,c:47:896:108,c:48:1449:420,c:48:1493:385,14.259317129512198,9.475296829123613,False,0,18.996965544074005
44b6_d5e7d891,44b6_d5e7d891:455,union,148,union|44b6_d5e7d891:455|148,0,c:47:896:108,c:48:1449:420,f:48:145,10.912425669075082,19.695459822146933,True,1,20.76015558014855
44b6_d5e7d891,44b6_d5e7d891:455,union,149,union|44b6_d5e7d891:455|149,0,c:47:896:108,c:48:1449:420,f:48:446,11.335171065238786,8.265857108665571,True,1,15.468099619571571
44b6_d5e7d891,44b6_d5e7d891:455,union,150,union|44b6_d5e7d891:455|150,0,c:47:896:108,c:48:1455:152,c:48:1456:110,13.498263777241872,12.691655723348314,False,0,19.84409163891603
44b6_d5e7d891,44b6_d5e7d891:455,union,151,union|44b6_d5e7d891:455|151,0,c:47:896:108,c:48:1455:152,c:48:1470:111,13.498263777241872,8.75089281159357,False,0,17.873710183038657
44b6_d5e7d891,44b6_d5e7d891:455,union,152,union|44b6_d5e7d891:455|152,0,c:47:896:108,c:48:1455:152,c:48:1484:150,14.804454566109486,10.017172754824587,False,0,19.81304094352178
44b6_d5e7d891,44b6_d5e7d891:455,union,153,union|44b6_d5e7d891:455|153,0,c:47:896:108,c:48:1455:152,c:48:1485:409,13.498263777241872,18.598975106171846,False,0,22.797751330327795
44b6_d5e7d891,44b6_d5e7d891:455,union,154,union|44b6_d5e7d891:455|154,0,c:47:896:108,c:48:1455:152,c:48:1493:385,14.259317129512198,17.948711652929298,False,0,23.233672955976846
44b6_d5e7d891,44b6_d5e7d891:455,union,155,union|44b6_d5e7d891:455|155,0,c:47:896:108,c:48:1455:152,f:48:129,14.42369811499703,14.839862712552533,True,1,21.843629471273296
44b6_d5e7d891,44b6_d5e7d891:455,union,156,union|44b6_d5e7d891:455|156,0,c:47:896:108,c:48:1455:152,f:48:145,13.498263777241872,14.33964007982275,True,1,20.668083817153246
44b6_d5e7d891,44b6_d5e7d891:455,union,157,union|44b6_d5e7d891:455|157,0,c:47:896:108,c:48:1455:152,f:48:157,13.498263777241872,16.635201789419167,True,1,21.815864671951456
44b6_d5e7d891,44b6_d5e7d891:455,union,158,union|44b6_d5e7d891:455|158,0,c:47:896:108,c:48:1456:110,c:48:1470:111,10.779030568655049,10.277402395547233,False,0,15.917731766428666
44b6_d5e7d891,44b6_d5e7d891:455,union,159,union|44b6_d5e7d891:455|159,0,c:47:896:108,c:48:1456:110,c:48:1484:150,14.804454566109486,7.083210783253595,False,0,18.346059957736284
44b6_d5e7d891,44b6_d5e7d891:455,union,160,union|44b6_d5e7d891:455|160,0,c:47:896:108,c:48:1456:110,c:48:1485:409,13.201562407533435,13.595725431178728,False,0,19.999425123122798
44b6_d5e7d891,44b6_d5e7d891:455,union,161,union|44b6_d5e7d891:455|161,0,c:47:896:108,c:48:1456:110,c:48:1493:385,14.259317129512198,9.334914300624297,False,0,18.926774279824347
44b6_d5e7d891,44b6_d5e7d891:455,union,162,union|44b6_d5e7d891:455|162,0,c:47:896:108,c:48:1456:110,f:48:129,14.42369811499703,19.419003181324058,True,1,24.13319970565906
44b6_d5e7d891,44b6_d5e7d891:455,union,163,union|44b6_d5e7d891:455|163,0,c:47:896:108,c:48:1456:110,f:48:145,10.912425669075082,13.46289278313314,True,1,17.64387206064165
44b6_d5e7d891,44b6_d5e7d891:455,union,164,union|44b6_d5e7d891:455|164,0,c:47:896:108,c:48:1456:110,f:48:157,12.465726185465376,15.717491845686842,True,1,20.324472108308797
44b6_d5e7d891,44b6_d5e7d891:455,union,165,union|44b6_d5e7d891:455|165,0,c:47:896:108,c:48:1456:110,f:48:446,11.335171065238786,15.99833218484666,True,1,19.334337157662116
44b6_d5e7d891,44b6_d5e7d891:455,union,166,union|44b6_d5e7d891:455|166,0,c:47:896:108,c:48:1470:111,c:48:1484:150,14.804454566109486,9.613629647536875,False,0,19.611269389877926
44b6_d5e7d891,44b6_d5e7d891:455,union,167,union|44b6_d5e7d891:455|167,0,c:47:896:108,c:48:1470:111,c:48:1485:409,13.201562407533435,10.017172754824587,False,0,18.21014878494573
44b6_d5e7d891,44b6_d5e7d891:455,union,168,union|44b6_d5e7d891:455|168,0,c:47:896:108,c:48:1470:111,c:48:1493:385,14.259317129512198,10.900831390311474,False,0,19.709732824667935
44b6_d5e7d891,44b6_d5e7d891:455,union,169,union|44b6_d5e7d891:455|169,0,c:47:896:108,c:48:1470:111,f:48:129,14.42369811499703,19.828559626078313,True,1,24.33797792803619
44b6_d5e7d891,44b6_d5e7d891:455,union,170,union|44b6_d5e7d891:455|170,0,c:47:896:108,c:48:1470:111,f:48:145,10.912425669075082,17.733983719551965,True,1,19.779417528851063
44b6_d5e7d891,44b6_d5e7d891:455,union,171,union|44b6_d5e7d891:455|171,0,c:47:896:108,c:48:1470:111,f:48:446,11.335171065238786,13.329355593880228,True,1,17.9998488621789
44b6_d5e7d891,44b6_d5e7d891:455,union,172,union|44b6_d5e7d891:455|172,0,c:47:896:108,c:48:1484:150,c:48:1485:409,14.804454566109486,16.00439392791867,False,0,22.80665153006882
44b6_d5e7d891,44b6_d5e7d891:455,union,173,union|44b6_d5e7d891:455|173,0,c:47:896:108,c:48:1484:150,c:48:1493:385,14.804454566109486,11.490485194281398,False,0,20.549697163250187
44b6_d5e7d891,44b6_d5e7d891:455,union,174,union|44b6_d5e7d891:455|174,0,c:47:896:108,c:48:1484:150,f:48:145,14.804454566109486,17.01767579219343,True,1,23.3132924622062
44b6_d5e7d891,44b6_d5e7d891:455,union,175,union|44b6_d5e7d891:455|175,0,c:47:896:108,c:48:1484:150,f:48:157,14.804454566109486,19.517550320351877,True,1,24.563229726285424
44b6_d5e7d891,44b6_d5e7d891:455,union,176,union|44b6_d5e7d891:455|176,0,c:47:896:108,c:48:1485:409,c:48:1493:385,14.259317129512198,7.44668550430324,False,0,17.982659881663817
44b6_d5e7d891,44b6_d5e7d891:455,union,177,union|44b6_d5e7d891:455|177,0,c:47:896:108,c:48:1485:409,f:48:446,13.201562407533435,6.771844017807835,True,1,16.587484416437352
44b6_d5e7d891,44b6_d5e7d891:455,union,178,union|44b6_d5e7d891:455|178,0,c:47:896:108,c:48:1493:385,f:48:446,14.259317129512198,12.673764719473532,True,1,20.596199489248963
44b6_d5e7d891,44b6_d5e7d891:455,union,179,union|44b6_d5e7d891:455|179,0,c:47:896:108,f:48:129,f:48:145,14.42369811499703,7.965410458861681,True,2,18.406403344427872
44b6_d5e7d891,44b6_d5e7d891:455,union,180,union|44b6_d5e7d891:455|180,0,c:47:896:108,f:48:129,f:48:157,14.42369811499703,7.73155424220726,True,2,18.28947523610066
44b6_d5e7d891,44b6_d5e7d891:455,union,181,union|44b6_d5e7d891:455|181,0,c:47:896:108,f:48:145,f:48:157,12.465726185465376,2.5292035400571926,True,2,13.730327955493973
44b6_eb2880fc,44b6_eb2880fc:282,pil_only,0,pil_only|44b6_eb2880fc:282|0,0,p:72:89,p:73:428,p:73:429,15.33021933959198,12.375631297028852,False,0,21.518034988106407
44b6_eb2880fc,44b6_eb2880fc:282,pil_only,1,pil_only|44b6_eb2880fc:282|1,0,p:72:89,p:73:428,p:73:431,15.33021933959198,11.604821196382131,False,0,21.132629937783047
44b6_eb2880fc,44b6_eb2880fc:282,pil_only,2,pil_only|44b6_eb2880fc:282|2,0,p:72:89,p:73:428,p:73:432,15.33021933959198,16.809130703281475,False,0,23.73478469123272
44b6_eb2880fc,44b6_eb2880fc:282,pil_only,3,pil_only|44b6_eb2880fc:282|3,0,p:72:89,p:73:428,p:73:433,15.33021933959198,10.017172754824587,False,0,20.338805717004274
44b6_eb2880fc,44b6_eb2880fc:282,pil_only,4,pil_only|44b6_eb2880fc:282|4,0,p:72:89,p:73:428,p:73:444,15.33021933959198,8.285906709588275,False,0,19.47317269438612
44b6_eb2880fc,44b6_eb2880fc:282,pil_only,5,pil_only|44b6_eb2880fc:282|5,0,p:72:89,p:73:428,p:73:450,15.501512023025366,15.069630055180518,False,0,23.036327050615625
44b6_eb2880fc,44b6_eb2880fc:282,pil_only,6,pil_only|44b6_eb2880fc:282|6,0,p:72:89,p:73:428,p:73:458,15.33021933959198,13.301198254292732,False,0,21.98081846673835
44b6_eb2880fc,44b6_eb2880fc:282,pil_only,7,pil_only|44b6_eb2880fc:282|7,0,p:72:89,p:73:428,p:73:466,15.33021933959198,13.884006086140989,False,0,22.272222382662477
44b6_eb2880fc,44b6_eb2880fc:282,pil_only,8,pil_only|44b6_eb2880fc:282|8,0,p:72:89,p:73:428,p:73:473,15.33021933959198,17.948711652929298,False,0,24.30457516605663
44b6_eb2880fc,44b6_eb2880fc:282,pil_only,9,pil_only|44b6_eb2880fc:282|9,0,p:72:89,p:73:429,p:73:431,14.625,11.830178570080843,False,0,20.540089285040423
44b6_eb2880fc,44b6_eb2880fc:282,pil_only,10,pil_only|44b6_eb2880fc:282|10,0,p:72:89,p:73:429,p:73:432,14.625,10.405076885828379,False,0,19.82753844291419
44b6_eb2880fc,44b6_eb2880fc:282,pil_only,11,pil_only|44b6_eb2880fc:282|11,0,p:72:89,p:73:429,p:73:433,14.804454566109486,6.894291116568838,False,0,18.251600124393907
44b6_eb2880fc,44b6_eb2880fc:282,pil_only,12,pil_only|44b6_eb2880fc:282|12,0,p:72:89,p:73:429,p:73:444,14.625,17.800983118917898,False,0,23.52549155945895
44b6_eb2880fc,44b6_eb2880fc:282,pil_only,13,pil_only|44b6_eb2880fc:282|13,0,p:72:89,p:73:429,p:73:453,15.670932486613552,15.243851219426146,False,0,23.292858096326626
44b6_eb2880fc,44b6_eb2880fc:282,pil_only,14,pil_only|44b6_eb2880fc:282|14,0,p:72:89,p:73:429,p:73:458,14.625,13.101168840985142,False,0,21.17558442049257
44b6_eb2880fc,44b6_eb2880fc:282,pil_only,15,pil_only|44b6_eb2880fc:282|15,0,p:72:89,p:73:429,p:73:459,14.625,17.35025215955088,False,0,23.30012607977544
44b6_eb2880fc,44b6_eb2880fc:282,pil_only,16,pil_only|44b6_eb2880fc:282|16,0,p:72:89,p:73:429,p:73:460,15.069630055180518,14.804454566109486,False,0,22.47185733823526
44b6_eb2880fc,44b6_eb2880fc:282,pil_only,17,pil_only|44b6_eb2880fc:282|17,0,p:72:89,p:73:431,p:73:432,14.351611407782752,7.267220926874317,False,0,17.98522187121991
44b6_eb2880fc,44b6_eb2880fc:282,pil_only,18,pil_only|44b6_eb2880fc:282|18,0,p:72:89,p:73:431,p:73:433,14.804454566109486,15.33021933959198,False,0,22.469564235905477
44b6_eb2880fc,44b6_eb2880fc:282,pil_only,19,pil_only|44b6_eb2880fc:282|19,0,p:72:89,p:73:431,p:73:444,12.795262795269194,12.691655723348314,False,0,19.14109065694335
44b6_eb2880fc,44b6_eb2880fc:282,pil_only,20,pil_only|44b6_eb2880fc:282|20,0,p:72:89,p:73:431,p:73:450,15.501512023025366,13.498263777241872,False,0,22.250643911646304
44b6_eb2880fc,44b6_eb2880fc:282,pil_only,21,pil_only|44b6_eb2880fc:282|21,0,p:72:89,p:73:431,p:73:453,15.670932486613552,18.45645212385089,False,0,24.899158548539
44b6_eb2880fc,44b6_eb2880fc:282,pil_only,22,pil_only|44b6_eb2880fc:282|22,0,p:72:89,p:73:431,p:73:458,12.795262795269194,12.160386507015309,False,0,18.875456048776847
44b6_eb2880fc,44b6_eb2880fc:282,pil_only,23,pil_only|44b6_eb2880fc:282|23,0,p:72:89,p:73:431,p:73:459,12.795262795269194,14.259317129512198,False,0,19.924921360025294
44b6_eb2880fc,44b6_eb2880fc:282,pil_only,24,pil_only|44b6_eb2880fc:282|24,0,p:72:89,p:73:431,p:73:466,12.795262795269194,17.35025215955088,False,0,21.470388875044634
44b6_eb2880fc,44b6_eb2880fc:282,pil_only,25,pil_only|44b6_eb2880fc:282|25,0,p:72:89,p:73:431,p:73:467,13.788582233137676,13.978778558944269,False,0,20.77797151260981
44b6_eb2880fc,44b6_eb2880fc:282,pil_only,26,pil_only|44b6_eb2880fc:282|26,0,p:72:89,p:73:431,p:73:484,12.795262795269194,16.331047884321446,False,0,20.960786737429917
44b6_eb2880fc,44b6_eb2880fc:282,pil_only,27,pil_only|44b6_eb2880fc:282|27,0,p:72:89,p:73:432,p:73:433,14.804454566109486,16.331047884321446,False,0,22.96997850827021
44b6_eb2880fc,44b6_eb2880fc:282,pil_only,28,pil_only|44b6_eb2880fc:282|28,0,p:72:89,p:73:432,p:73:444,14.351611407782752,19.02013735491939,False,0,23.861680085242448
44b6_eb2880fc,44b6_eb2880fc:282,pil_only,29,pil_only|44b6_eb2880fc:282|29,0,p:72:89,p:73:432,p:73:453,15.670932486613552,12.691655723348314,False,0,22.016760348287708
44b6_eb2880fc,44b6_eb2880fc:282,pil_only,30,pil_only|44b6_eb2880fc:282|30,0,p:72:89,p:73:432,p:73:458,14.351611407782752,14.16642156650719,False,0,21.434822191036346
44b6_eb2880fc,44b6_eb2880fc:282,pil_only,31,pil_only|44b6_eb2880fc:282|31,0,p:72:89,p:73:432,p:73:459,14.351611407782752,10.405076885828379,False,0,19.55414985069694
44b6_eb2880fc,44b6_eb2880fc:282,pil_only,32,pil_only|44b6_eb2880fc:282|32,0,p:72:89,p:73:432,p:73:460,15.069630055180518,15.754959536603069,False,0,22.94710982348205
44b6_eb2880fc,44b6_eb2880fc:282,pil_only,33,pil_only|44b6_eb2880fc:282|33,0,p:72:89,p:73:432,p:73:467,14.351611407782752,17.35025215955088,False,0,23.026737487558194
44b6_eb2880fc,44b6_eb2880fc:282,pil_only,34,pil_only|44b6_eb2880fc:282|34,0,p:72:89,p:73:432,p:73:484,14.351611407782752,17.273986945693807,False,0,22.988604880629655
44b6_eb2880fc,44b6_eb2880fc:282,pil_only,35,pil_only|44b6_eb2880fc:282|35,0,p:72:89,p:73:433,p:73:444,14.804454566109486,15.754959536603069,False,0,22.68193433441102
44b6_eb2880fc,44b6_eb2880fc:282,pil_only,36,pil_only|44b6_eb2880fc:282|36,0,p:72:89,p:73:433,p:73:453,15.670932486613552,19.90210416011332,False,0,25.621984566670214
44b6_eb2880fc,44b6_eb2880fc:282,pil_only,37,pil_only|44b6_eb2880fc:282|37,1,p:72:89,p:73:433,p:73:458,14.804454566109486,12.691655723348314,False,0,21.150282427783644
44b6_eb2880fc,44b6_eb2880fc:282,pil_only,38,pil_only|44b6_eb2880fc:282|38,0,p:72:89,p:73:433,p:73:460,15.069630055180518,17.875,False,0,24.007130055180518
44b6_eb2880fc,44b6_eb2880fc:282,pil_only,39,pil_only|44b6_eb2880fc:282|39,0,p:72:89,p:73:433,p:73:466,14.804454566109486,18.598975106171846,False,0,24.10394211919541
44b6_eb2880fc,44b6_eb2880fc:282,pil_only,40,pil_only|44b6_eb2880fc:282|40,0,p:72:89,p:73:433,p:73:473,14.804454566109486,14.89337100860648,False,0,22.251140070412724
44b6_eb2880fc,44b6_eb2880fc:282,pil_only,41,pil_only|44b6_eb2880fc:282|41,0,p:72:89,p:73:444,p:73:450,15.501512023025366,8.285906709588275,False,0,19.644465377819504
44b6_eb2880fc,44b6_eb2880fc:282,pil_only,42,pil_only|44b6_eb2880fc:282|42,0,p:72:89,p:73:444,p:73:458,12.691655723348314,11.375,False,0,18.379155723348312
44b6_eb2880fc,44b6_eb2880fc:282,pil_only,43,pil_only|44b6_eb2880fc:282|43,0,p:72:89,p:73:444,p:73:466,12.691655723348314,6.700046641628698,False,0,16.041679044162663
44b6_eb2880fc,44b6_eb2880fc:282,pil_only,44,pil_only|44b6_eb2880fc:282|44,0,p:72:89,p:73:444,p:73:467,13.788582233137676,16.00439392791867,False,0,21.79077919709701
44b6_eb2880fc,44b6_eb2880fc:282,pil_only,45,pil_only|44b6_eb2880fc:282|45,0,p:72:89,p:73:444,p:73:473,14.804454566109486,17.04314378276496,False,0,23.326026457491967
44b6_eb2880fc,44b6_eb2880fc:282,pil_only,46,pil_only|44b6_eb2880fc:282|46,0,p:72:89,p:73:444,p:73:484,12.691655723348314,17.04314378276496,False,0,21.213227614730794
44b6_eb2880fc,44b6_eb2880fc:282,pil_only,47,pil_only|44b6_eb2880fc:282|47,0,p:72:89,p:73:444,p:73:495,12.691655723348314,16.887495373796554,False,0,21.13540341024659
44b6_eb2880fc,44b6_eb2880fc:282,pil_only,48,pil_only|44b6_eb2880fc:282|48,0,p:72:89,p:73:450,p:73:458,15.501512023025366,15.33021933959198,False,0,23.16662169282136
44b6_eb2880fc,44b6_eb2880fc:282,pil_only,49,pil_only|44b6_eb2880fc:282|49,0,p:72:89,p:73:450,p:73:466,15.501512023025366,10.65583760199075,False,0,20.82943082402074
44b6_eb2880fc,44b6_eb2880fc:282,pil_only,50,pil_only|44b6_eb2880fc:282|50,0,p:72:89,p:73:450,p:73:467,15.501512023025366,10.65583760199075,False,0,20.82943082402074
44b6_eb2880fc,44b6_eb2880fc:282,pil_only,51,pil_only|44b6_eb2880fc:282|51,0,p:72:89,p:73:450,p:73:484,15.501512023025366,16.57181341917655,False,0,23.78741873261364
44b6_eb2880fc,44b6_eb2880fc:282,pil_only,52,pil_only|44b6_eb2880fc:282|52,0,p:72:89,p:73:450,p:73:495,15.501512023025366,17.04314378276496,False,0,24.02308391440785
44b6_eb2880fc,44b6_eb2880fc:282,pil_only,53,pil_only|44b6_eb2880fc:282|53,0,p:72:89,p:73:453,p:73:458,15.670932486613552,16.331047884321446,False,0,23.836456428774277
44b6_eb2880fc,44b6_eb2880fc:282,pil_only,54,pil_only|44b6_eb2880fc:282|54,0,p:72:89,p:73:453,p:73:459,15.670932486613552,8.900491559458949,False,0,20.121178266343026
44b6_eb2880fc,44b6_eb2880fc:282,pil_only,55,pil_only|44b6_eb2880fc:282|55,0,p:72:89,p:73:453,p:73:460,15.670932486613552,5.3895152843275245,False,0,18.365690128777313
44b6_eb2880fc,44b6_eb2880fc:282,pil_only,56,pil_only|44b6_eb2880fc:282|56,0,p:72:89,p:73:453,p:73:484,15.670932486613552,17.04314378276496,False,0,24.19250437799603
44b6_eb2880fc,44b6_eb2880fc:282,pil_only,57,pil_only|44b6_eb2880fc:282|57,0,p:72:89,p:73:453,p:73:489,15.670932486613552,16.168545852982575,False,0,23.75520541310484
44b6_eb2880fc,44b6_eb2880fc:282,pil_only,58,pil_only|44b6_eb2880fc:282|58,0,p:72:89,p:73:458,p:73:459,12.481861840286488,13.884006086140989,False,0,19.423864883356984
44b6_eb2880fc,44b6_eb2880fc:282,pil_only,59,pil_only|44b6_eb2880fc:282|59,0,p:72:89,p:73:458,p:73:460,15.069630055180518,15.41610359332085,False,0,22.777681851840942
44b6_eb2880fc,44b6_eb2880fc:282,pil_only,60,pil_only|44b6_eb2880fc:282|60,0,p:72:89,p:73:458,p:73:466,11.718041645257966,11.02128622257856,False,0,17.228684756547246
44b6_eb2880fc,44b6_eb2880fc:282,pil_only,61,pil_only|44b6_eb2880fc:282|61,0,p:72:89,p:73:458,p:73:467,13.788582233137676,15.069630055180518,False,0,21.323397260727937
44b6_eb2880fc,44b6_eb2880fc:282,pil_only,62,pil_only|44b6_eb2880fc:282|62,0,p:72:89,p:73:458,p:73:473,14.804454566109486,13.498263777241872,False,0,21.55358645473042
44b6_eb2880fc,44b6_eb2880fc:282,pil_only,63,pil_only|44b6_eb2880fc:282|63,0,p:72:89,p:73:458,p:73:484,7.083210783253595,9.334914300624297,False,0,11.750667933565744
44b6_eb2880fc,44b6_eb2880fc:282,pil_only,64,pil_only|44b6_eb2880fc:282|64,0,p:72:89,p:73:458,p:73:489,14.351611407782752,15.069630055180518,False,0,21.88642643537301
44b6_eb2880fc,44b6_eb2880fc:282,pil_only,65,pil_only|44b6_eb2880fc:282|65,0,p:72:89,p:73:458,p:73:495,11.830178570080843,13.101168840985142,False,0,18.380762990573416
44b6_eb2880fc,44b6_eb2880fc:282,pil_only,66,pil_only|44b6_eb2880fc:282|66,0,p:72:89,p:73:458,p:73:513,15.069630055180518,16.411695524838375,False,0,23.275477817599707
44b6_eb2880fc,44b6_eb2880fc:282,pil_only,67,pil_only|44b6_eb2880fc:282|67,0,p:72:89,p:73:459,p:73:460,15.069630055180518,12.691655723348314,False,0,21.415457916854674
44b6_eb2880fc,44b6_eb2880fc:282,pil_only,68,pil_only|44b6_eb2880fc:282|68,0,p:72:89,p:73:459,p:73:467,13.788582233137676,14.804454566109486,False,0,21.19080951619242
44b6_eb2880fc,44b6_eb2880fc:282,pil_only,69,pil_only|44b6_eb2880fc:282|69,0,p:72:89,p:73:459,p:73:484,12.481861840286488,11.258330249197702,False,0,18.11102696488534
44b6_eb2880fc,44b6_eb2880fc:282,pil_only,70,pil_only|44b6_eb2880fc:282|70,0,p:72:89,p:73:459,p:73:489,14.351611407782752,18.740414216340042,False,0,23.721818515952773
44b6_eb2880fc,44b6_eb2880fc:282,pil_only,71,pil_only|44b6_eb2880fc:282|71,0,p:72:89,p:73:460,p:73:484,15.069630055180518,17.577062467886947,False,0,23.85816128912399
44b6_eb2880fc,44b6_eb2880fc:282,pil_only,72,pil_only|44b6_eb2880fc:282|72,0,p:72:89,p:73:460,p:73:489,15.069630055180518,12.160386507015309,False,0,21.149823308688173
44b6_eb2880fc,44b6_eb2880fc:282,pil_only,73,pil_only|44b6_eb2880fc:282|73,0,p:72:89,p:73:466,p:73:467,13.788582233137676,16.25,False,0,21.913582233137674
44b6_eb2880fc,44b6_eb2880fc:282,pil_only,74,pil_only|44b6_eb2880fc:282|74,0,p:72:89,p:73:466,p:73:473,14.804454566109486,14.072912811497128,False,0,21.84091097185805
44b6_eb2880fc,44b6_eb2880fc:282,pil_only,75,pil_only|44b6_eb2880fc:282|75,0,p:72:89,p:73:466,p:73:484,11.718041645257966,14.804454566109486,False,0,19.120268928312708
44b6_eb2880fc,44b6_eb2880fc:282,pil_only,76,pil_only|44b6_eb2880fc:282|76,0,p:72:89,p:73:466,p:73:495,11.830178570080843,11.375,False,0,17.517678570080843
44b6_eb2880fc,44b6_eb2880fc:282,pil_only,77,pil_only|44b6_eb2880fc:282|77,0,p:72:89,p:73:466,p:73:513,15.069630055180518,18.810734967034115,False,0,24.474997538697576
44b6_eb2880fc,44b6_eb2880fc:282,pil_only,78,pil_only|44b6_eb2880fc:282|78,0,p:72:89,p:73:467,p:73:484,13.788582233137676,10.65583760199075,False,0,19.11650103413305
44b6_eb2880fc,44b6_eb2880fc:282,pil_only,79,pil_only|44b6_eb2880fc:282|79,0,p:72:89,p:73:467,p:73:495,13.788582233137676,15.33021933959198,False,0,21.453691902933667
44b6_eb2880fc,44b6_eb2880fc:282,pil_only,80,pil_only|44b6_eb2880fc:282|80,0,p:72:89,p:73:473,p:73:489,14.804454566109486,16.331047884321446,False,0,22.96997850827021
44b6_eb2880fc,44b6_eb2880fc:282,pil_only,81,pil_only|44b6_eb2880fc:282|81,0,p:72:89,p:73:473,p:73:495,14.804454566109486,17.35025215955088,False,0,23.479580645884926
44b6_eb2880fc,44b6_eb2880fc:282,pil_only,82,pil_only|44b6_eb2880fc:282|82,0,p:72:89,p:73:473,p:73:513,15.069630055180518,17.273986945693807,False,0,23.70662352802742
44b6_eb2880fc,44b6_eb2880fc:282,pil_only,83,pil_only|44b6_eb2880fc:282|83,0,p:72:89,p:73:484,p:73:489,14.351611407782752,15.670932486613552,False,0,22.187077651089528
44b6_eb2880fc,44b6_eb2880fc:282,pil_only,84,pil_only|44b6_eb2880fc:282|84,0,p:72:89,p:73:484,p:73:495,11.830178570080843,9.475296829123613,False,0,16.56782698464265
44b6_eb2880fc,44b6_eb2880fc:282,pil_only,85,pil_only|44b6_eb2880fc:282|85,0,p:72:89,p:73:484,p:73:513,15.069630055180518,13.101168840985142,False,0,21.620214475673087
44b6_eb2880fc,44b6_eb2880fc:282,pil_only,86,pil_only|44b6_eb2880fc:282|86,0,p:72:89,p:73:489,p:73:495,14.351611407782752,18.022121822915302,False,0,23.362672319240403
44b6_eb2880fc,44b6_eb2880fc:282,pil_only,87,pil_only|44b6_eb2880fc:282|87,0,p:72:89,p:73:489,p:73:513,15.069630055180518,11.718041645257966,False,0,20.928650877809503
44b6_eb2880fc,44b6_eb2880fc:282,pil_only,88,pil_only|44b6_eb2880fc:282|88,0,p:72:89,p:73:495,p:73:513,15.069630055180518,9.613629647536875,False,0,19.876444878948956
44b6_eb2880fc,44b6_eb2880fc:282,union,0,union|44b6_eb2880fc:282|0,0,c:72:89:233,c:73:428:235,c:73:429:231,15.33021933959198,12.375631297028852,False,0,21.518034988106407
44b6_eb2880fc,44b6_eb2880fc:282,union,1,union|44b6_eb2880fc:282|1,0,c:72:89:233,c:73:428:235,c:73:431:234,15.33021933959198,11.604821196382131,False,0,21.132629937783047
44b6_eb2880fc,44b6_eb2880fc:282,union,2,union|44b6_eb2880fc:282|2,0,c:72:89:233,c:73:428:235,c:73:432:220,15.33021933959198,16.809130703281475,False,0,23.73478469123272
44b6_eb2880fc,44b6_eb2880fc:282,union,3,union|44b6_eb2880fc:282|3,0,c:72:89:233,c:73:428:235,c:73:433:223,15.33021933959198,10.017172754824587,False,0,20.338805717004274
44b6_eb2880fc,44b6_eb2880fc:282,union,4,union|44b6_eb2880fc:282|4,0,c:72:89:233,c:73:428:235,c:73:444:248,15.33021933959198,8.285906709588275,False,0,19.47317269438612
44b6_eb2880fc,44b6_eb2880fc:282,union,5,union|44b6_eb2880fc:282|5,0,c:72:89:233,c:73:428:235,c:73:450:86,15.501512023025366,15.069630055180518,False,0,23.036327050615625
44b6_eb2880fc,44b6_eb2880fc:282,union,6,union|44b6_eb2880fc:282|6,0,c:72:89:233,c:73:428:235,c:73:458:247,15.33021933959198,13.301198254292732,False,0,21.98081846673835
44b6_eb2880fc,44b6_eb2880fc:282,union,7,union|44b6_eb2880fc:282|7,0,c:72:89:233,c:73:428:235,c:73:466:251,15.33021933959198,13.884006086140989,False,0,22.272222382662477
44b6_eb2880fc,44b6_eb2880fc:282,union,8,union|44b6_eb2880fc:282|8,0,c:72:89:233,c:73:428:235,c:73:473:230,15.33021933959198,17.948711652929298,False,0,24.30457516605663
44b6_eb2880fc,44b6_eb2880fc:282,union,9,union|44b6_eb2880fc:282|9,0,c:72:89:233,c:73:428:235,f:73:271,15.33021933959198,19.50457130987631,True,1,25.082504994530137
44b6_eb2880fc,44b6_eb2880fc:282,union,10,union|44b6_eb2880fc:282|10,0,c:72:89:233,c:73:428:235,f:73:277,15.33021933959198,19.218071719233418,True,1,24.939255199208688
44b6_eb2880fc,44b6_eb2880fc:282,union,11,union|44b6_eb2880fc:282|11,0,c:72:89:233,c:73:428:235,f:73:280,15.33021933959198,16.900391336697975,True,1,23.780415007940967
44b6_eb2880fc,44b6_eb2880fc:282,union,12,union|44b6_eb2880fc:282|12,0,c:72:89:233,c:73:429:231,c:73:431:234,14.625,11.830178570080843,False,0,20.540089285040423
44b6_eb2880fc,44b6_eb2880fc:282,union,13,union|44b6_eb2880fc:282|13,0,c:72:89:233,c:73:429:231,c:73:432:220,14.625,10.405076885828379,False,0,19.82753844291419
44b6_eb2880fc,44b6_eb2880fc:282,union,14,union|44b6_eb2880fc:282|14,0,c:72:89:233,c:73:429:231,c:73:433:223,14.804454566109486,6.894291116568838,False,0,18.251600124393907
44b6_eb2880fc,44b6_eb2880fc:282,union,15,union|44b6_eb2880fc:282|15,0,c:72:89:233,c:73:429:231,c:73:444:248,14.625,17.800983118917898,False,0,23.52549155945895
44b6_eb2880fc,44b6_eb2880fc:282,union,16,union|44b6_eb2880fc:282|16,0,c:72:89:233,c:73:429:231,c:73:453:264,15.670932486613552,15.243851219426146,False,0,23.292858096326626
44b6_eb2880fc,44b6_eb2880fc:282,union,17,union|44b6_eb2880fc:282|17,0,c:72:89:233,c:73:429:231,c:73:458:247,14.625,13.101168840985142,False,0,21.17558442049257
44b6_eb2880fc,44b6_eb2880fc:282,union,18,union|44b6_eb2880fc:282|18,0,c:72:89:233,c:73:429:231,c:73:459:246,14.625,17.35025215955088,False,0,23.30012607977544
44b6_eb2880fc,44b6_eb2880fc:282,union,19,union|44b6_eb2880fc:282|19,0,c:72:89:233,c:73:429:231,c:73:460:253,15.069630055180518,14.804454566109486,False,0,22.47185733823526
44b6_eb2880fc,44b6_eb2880fc:282,union,20,union|44b6_eb2880fc:282|20,0,c:72:89:233,c:73:429:231,f:73:261,14.625,19.765889019838113,True,1,24.507944509919056
44b6_eb2880fc,44b6_eb2880fc:282,union,21,union|44b6_eb2880fc:282|21,0,c:72:89:233,c:73:429:231,f:73:265,14.625,18.01615681721987,True,1,23.633078408609933
44b6_eb2880fc,44b6_eb2880fc:282,union,22,union|44b6_eb2880fc:282|22,0,c:72:89:233,c:73:429:231,f:73:271,14.625,11.992310190311365,True,1,20.621155095155682
44b6_eb2880fc,44b6_eb2880fc:282,union,23,union|44b6_eb2880fc:282|23,0,c:72:89:233,c:73:429:231,f:73:277,14.625,15.873046929402427,True,1,22.561523464701214
44b6_eb2880fc,44b6_eb2880fc:282,union,24,union|44b6_eb2880fc:282|24,0,c:72:89:233,c:73:429:231,f:73:280,14.625,19.068098905248046,True,1,24.159049452624025
44b6_eb2880fc,44b6_eb2880fc:282,union,25,union|44b6_eb2880fc:282|25,0,c:72:89:233,c:73:431:234,c:73:432:220,14.351611407782752,7.267220926874317,False,0,17.98522187121991
44b6_eb2880fc,44b6_eb2880fc:282,union,26,union|44b6_eb2880fc:282|26,0,c:72:89:233,c:73:431:234,c:73:433:223,14.804454566109486,15.33021933959198,False,0,22.469564235905477
44b6_eb2880fc,44b6_eb2880fc:282,union,27,union|44b6_eb2880fc:282|27,0,c:72:89:233,c:73:431:234,c:73:444:248,12.795262795269194,12.691655723348314,False,0,19.14109065694335
44b6_eb2880fc,44b6_eb2880fc:282,union,28,union|44b6_eb2880fc:282|28,0,c:72:89:233,c:73:431:234,c:73:450:86,15.501512023025366,13.498263777241872,False,0,22.250643911646304
44b6_eb2880fc,44b6_eb2880fc:282,union,29,union|44b6_eb2880fc:282|29,0,c:72:89:233,c:73:431:234,c:73:453:264,15.670932486613552,18.45645212385089,False,0,24.899158548539
44b6_eb2880fc,44b6_eb2880fc:282,union,30,union|44b6_eb2880fc:282|30,0,c:72:89:233,c:73:431:234,c:73:458:247,12.795262795269194,12.160386507015309,False,0,18.875456048776847
44b6_eb2880fc,44b6_eb2880fc:282,union,31,union|44b6_eb2880fc:282|31,0,c:72:89:233,c:73:431:234,c:73:459:246,12.795262795269194,14.259317129512198,False,0,19.924921360025294
44b6_eb2880fc,44b6_eb2880fc:282,union,32,union|44b6_eb2880fc:282|32,0,c:72:89:233,c:73:431:234,c:73:466:251,12.795262795269194,17.35025215955088,False,0,21.470388875044634
44b6_eb2880fc,44b6_eb2880fc:282,union,33,union|44b6_eb2880fc:282|33,0,c:72:89:233,c:73:431:234,c:73:467:233,13.788582233137676,13.978778558944269,False,0,20.77797151260981
44b6_eb2880fc,44b6_eb2880fc:282,union,34,union|44b6_eb2880fc:282|34,0,c:72:89:233,c:73:431:234,c:73:484:228,12.795262795269194,16.331047884321446,False,0,20.960786737429917
44b6_eb2880fc,44b6_eb2880fc:282,union,35,union|44b6_eb2880fc:282|35,0,c:72:89:233,c:73:431:234,f:73:271,12.795262795269194,15.445366703727498,True,1,20.517946147132943
44b6_eb2880fc,44b6_eb2880fc:282,union,36,union|44b6_eb2880fc:282|36,0,c:72:89:233,c:73:431:234,f:73:277,12.795262795269194,18.284814469922054,True,1,21.937670030230223
44b6_eb2880fc,44b6_eb2880fc:282,union,37,union|44b6_eb2880fc:282|37,0,c:72:89:233,c:73:431:234,f:73:280,12.866907529192318,8.21371802032822,True,1,16.973766539356426
44b6_eb2880fc,44b6_eb2880fc:282,union,38,union|44b6_eb2880fc:282|38,0,c:72:89:233,c:73:432:220,c:73:433:223,14.804454566109486,16.331047884321446,False,0,22.96997850827021
44b6_eb2880fc,44b6_eb2880fc:282,union,39,union|44b6_eb2880fc:282|39,0,c:72:89:233,c:73:432:220,c:73:444:248,14.351611407782752,19.02013735491939,False,0,23.861680085242448
44b6_eb2880fc,44b6_eb2880fc:282,union,40,union|44b6_eb2880fc:282|40,0,c:72:89:233,c:73:432:220,c:73:453:264,15.670932486613552,12.691655723348314,False,0,22.016760348287708
44b6_eb2880fc,44b6_eb2880fc:282,union,41,union|44b6_eb2880fc:282|41,0,c:72:89:233,c:73:432:220,c:73:458:247,14.351611407782752,14.16642156650719,False,0,21.434822191036346
44b6_eb2880fc,44b6_eb2880fc:282,union,42,union|44b6_eb2880fc:282|42,0,c:72:89:233,c:73:432:220,c:73:459:246,14.351611407782752,10.405076885828379,False,0,19.55414985069694
44b6_eb2880fc,44b6_eb2880fc:282,union,43,union|44b6_eb2880fc:282|43,0,c:72:89:233,c:73:432:220,c:73:460:253,15.069630055180518,15.754959536603069,False,0,22.94710982348205
44b6_eb2880fc,44b6_eb2880fc:282,union,44,union|44b6_eb2880fc:282|44,0,c:72:89:233,c:73:432:220,c:73:467:233,14.351611407782752,17.35025215955088,False,0,23.026737487558194
44b6_eb2880fc,44b6_eb2880fc:282,union,45,union|44b6_eb2880fc:282|45,0,c:72:89:233,c:73:432:220,c:73:484:228,14.351611407782752,17.273986945693807,False,0,22.988604880629655
44b6_eb2880fc,44b6_eb2880fc:282,union,46,union|44b6_eb2880fc:282|46,0,c:72:89:233,c:73:432:220,f:73:265,14.351611407782752,17.89519979374328,True,1,23.299211304654392
44b6_eb2880fc,44b6_eb2880fc:282,union,47,union|44b6_eb2880fc:282|47,0,c:72:89:233,c:73:432:220,f:73:271,14.351611407782752,12.477546817025816,True,1,20.59038481629566
44b6_eb2880fc,44b6_eb2880fc:282,union,48,union|44b6_eb2880fc:282|48,0,c:72:89:233,c:73:432:220,f:73:277,14.351611407782752,18.00422472646427,True,1,23.353723771014884
44b6_eb2880fc,44b6_eb2880fc:282,union,49,union|44b6_eb2880fc:282|49,0,c:72:89:233,c:73:432:220,f:73:280,14.351611407782752,12.591391869389813,True,1,20.64730734247766
44b6_eb2880fc,44b6_eb2880fc:282,union,50,union|44b6_eb2880fc:282|50,0,c:72:89:233,c:73:433:223,c:73:444:248,14.804454566109486,15.754959536603069,False,0,22.68193433441102
44b6_eb2880fc,44b6_eb2880fc:282,union,51,union|44b6_eb2880fc:282|51,0,c:72:89:233,c:73:433:223,c:73:453:264,15.670932486613552,19.90210416011332,False,0,25.621984566670214
44b6_eb2880fc,44b6_eb2880fc:282,union,52,union|44b6_eb2880fc:282|52,1,c:72:89:233,c:73:433:223,c:73:458:247,14.804454566109486,12.691655723348314,False,0,21.150282427783644
44b6_eb2880fc,44b6_eb2880fc:282,union,53,union|44b6_eb2880fc:282|53,0,c:72:89:233,c:73:433:223,c:73:460:253,15.069630055180518,17.875,False,0,24.007130055180518
44b6_eb2880fc,44b6_eb2880fc:282,union,54,union|44b6_eb2880fc:282|54,0,c:72:89:233,c:73:433:223,c:73:466:251,14.804454566109486,18.598975106171846,False,0,24.10394211919541
44b6_eb2880fc,44b6_eb2880fc:282,union,55,union|44b6_eb2880fc:282|55,0,c:72:89:233,c:73:433:223,c:73:473:230,14.804454566109486,14.89337100860648,False,0,22.251140070412724
44b6_eb2880fc,44b6_eb2880fc:282,union,56,union|44b6_eb2880fc:282|56,0,c:72:89:233,c:73:433:223,f:73:261,14.804454566109486,18.85579833023126,True,1,24.232353731225118
44b6_eb2880fc,44b6_eb2880fc:282,union,57,union|44b6_eb2880fc:282|57,0,c:72:89:233,c:73:433:223,f:73:271,14.804454566109486,14.509825435817483,True,1,22.05936728401823
44b6_eb2880fc,44b6_eb2880fc:282,union,58,union|44b6_eb2880fc:282|58,0,c:72:89:233,c:73:433:223,f:73:277,14.804454566109486,15.158049373513714,True,1,22.383479252866344
44b6_eb2880fc,44b6_eb2880fc:282,union,59,union|44b6_eb2880fc:282|59,0,c:72:89:233,c:73:444:248,c:73:450:86,15.501512023025366,8.285906709588275,False,0,19.644465377819504
44b6_eb2880fc,44b6_eb2880fc:282,union,60,union|44b6_eb2880fc:282|60,0,c:72:89:233,c:73:444:248,c:73:458:247,12.691655723348314,11.375,False,0,18.379155723348312
44b6_eb2880fc,44b6_eb2880fc:282,union,61,union|44b6_eb2880fc:282|61,0,c:72:89:233,c:73:444:248,c:73:466:251,12.691655723348314,6.700046641628698,False,0,16.041679044162663
44b6_eb2880fc,44b6_eb2880fc:282,union,62,union|44b6_eb2880fc:282|62,0,c:72:89:233,c:73:444:248,c:73:467:233,13.788582233137676,16.00439392791867,False,0,21.79077919709701
44b6_eb2880fc,44b6_eb2880fc:282,union,63,union|44b6_eb2880fc:282|63,0,c:72:89:233,c:73:444:248,c:73:473:230,14.804454566109486,17.04314378276496,False,0,23.326026457491967
44b6_eb2880fc,44b6_eb2880fc:282,union,64,union|44b6_eb2880fc:282|64,0,c:72:89:233,c:73:444:248,c:73:484:228,12.691655723348314,17.04314378276496,False,0,21.213227614730794
44b6_eb2880fc,44b6_eb2880fc:282,union,65,union|44b6_eb2880fc:282|65,0,c:72:89:233,c:73:444:248,c:73:495:219,12.691655723348314,16.887495373796554,False,0,21.13540341024659
44b6_eb2880fc,44b6_eb2880fc:282,union,66,union|44b6_eb2880fc:282|66,0,c:72:89:233,c:73:444:248,f:73:261,12.691655723348314,18.627777377731068,True,1,22.005544412213847
44b6_eb2880fc,44b6_eb2880fc:282,union,67,union|44b6_eb2880fc:282|67,0,c:72:89:233,c:73:444:248,f:73:274,12.691655723348314,19.606439284618276,True,1,22.49487536565745
44b6_eb2880fc,44b6_eb2880fc:282,union,68,union|44b6_eb2880fc:282|68,0,c:72:89:233,c:73:444:248,f:73:277,12.691655723348314,17.91325542353292,True,1,21.648283435114774
44b6_eb2880fc,44b6_eb2880fc:282,union,69,union|44b6_eb2880fc:282|69,0,c:72:89:233,c:73:444:248,f:73:280,12.866907529192318,13.420734420223763,True,1,19.5772747393042
44b6_eb2880fc,44b6_eb2880fc:282,union,70,union|44b6_eb2880fc:282|70,0,c:72:89:233,c:73:450:86,c:73:458:247,15.501512023025366,15.33021933959198,False,0,23.16662169282136
44b6_eb2880fc,44b6_eb2880fc:282,union,71,union|44b6_eb2880fc:282|71,0,c:72:89:233,c:73:450:86,c:73:466:251,15.501512023025366,10.65583760199075,False,0,20.82943082402074
44b6_eb2880fc,44b6_eb2880fc:282,union,72,union|44b6_eb2880fc:282|72,0,c:72:89:233,c:73:450:86,c:73:467:233,15.501512023025366,10.65583760199075,False,0,20.82943082402074
44b6_eb2880fc,44b6_eb2880fc:282,union,73,union|44b6_eb2880fc:282|73,0,c:72:89:233,c:73:450:86,c:73:484:228,15.501512023025366,16.57181341917655,False,0,23.78741873261364
44b6_eb2880fc,44b6_eb2880fc:282,union,74,union|44b6_eb2880fc:282|74,0,c:72:89:233,c:73:450:86,c:73:495:219,15.501512023025366,17.04314378276496,False,0,24.02308391440785
44b6_eb2880fc,44b6_eb2880fc:282,union,75,union|44b6_eb2880fc:282|75,0,c:72:89:233,c:73:450:86,f:73:280,15.501512023025366,9.536040903113694,True,1,20.269532474582213
44b6_eb2880fc,44b6_eb2880fc:282,union,76,union|44b6_eb2880fc:282|76,0,c:72:89:233,c:73:453:264,c:73:458:247,15.670932486613552,16.331047884321446,False,0,23.836456428774277
44b6_eb2880fc,44b6_eb2880fc:282,union,77,union|44b6_eb2880fc:282|77,0,c:72:89:233,c:73:453:264,c:73:459:246,15.670932486613552,8.900491559458949,False,0,20.121178266343026
44b6_eb2880fc,44b6_eb2880fc:282,union,78,union|44b6_eb2880fc:282|78,0,c:72:89:233,c:73:453:264,c:73:460:253,15.670932486613552,5.3895152843275245,False,0,18.365690128777313
44b6_eb2880fc,44b6_eb2880fc:282,union,79,union|44b6_eb2880fc:282|79,0,c:72:89:233,c:73:453:264,c:73:484:228,15.670932486613552,17.04314378276496,False,0,24.19250437799603
44b6_eb2880fc,44b6_eb2880fc:282,union,80,union|44b6_eb2880fc:282|80,0,c:72:89:233,c:73:453:264,c:73:489:260,15.670932486613552,16.168545852982575,False,0,23.75520541310484
44b6_eb2880fc,44b6_eb2880fc:282,union,81,union|44b6_eb2880fc:282|81,0,c:72:89:233,c:73:453:264,f:73:261,15.670932486613552,17.245580806363037,True,1,24.29372288979507
44b6_eb2880fc,44b6_eb2880fc:282,union,82,union|44b6_eb2880fc:282|82,0,c:72:89:233,c:73:453:264,f:73:265,15.670932486613552,7.788174043190823,True,1,19.565019508208962
44b6_eb2880fc,44b6_eb2880fc:282,union,83,union|44b6_eb2880fc:282|83,0,c:72:89:233,c:73:453:264,f:73:271,15.670932486613552,7.596484509001678,True,1,19.46917474111439
44b6_eb2880fc,44b6_eb2880fc:282,union,84,union|44b6_eb2880fc:282|84,0,c:72:89:233,c:73:453:264,f:73:274,15.670932486613552,18.516407932890562,True,1,24.92913645305883
44b6_eb2880fc,44b6_eb2880fc:282,union,85,union|44b6_eb2880fc:282|85,0,c:72:89:233,c:73:453:264,f:73:277,15.670932486613552,14.584370470255939,True,1,22.963117721741522
44b6_eb2880fc,44b6_eb2880fc:282,union,86,union|44b6_eb2880fc:282|86,0,c:72:89:233,c:73:458:247,c:73:459:246,12.481861840286488,13.884006086140989,False,0,19.423864883356984
44b6_eb2880fc,44b6_eb2880fc:282,union,87,union|44b6_eb2880fc:282|87,0,c:72:89:233,c:73:458:247,c:73:460:253,15.069630055180518,15.41610359332085,False,0,22.777681851840942
44b6_eb2880fc,44b6_eb2880fc:282,union,88,union|44b6_eb2880fc:282|88,0,c:72:89:233,c:73:458:247,c:73:466:251,11.718041645257966,11.02128622257856,False,0,17.228684756547246
44b6_eb2880fc,44b6_eb2880fc:282,union,89,union|44b6_eb2880fc:282|89,0,c:72:89:233,c:73:458:247,c:73:467:233,13.788582233137676,15.069630055180518,False,0,21.323397260727937
44b6_eb2880fc,44b6_eb2880fc:282,union,90,union|44b6_eb2880fc:282|90,0,c:72:89:233,c:73:458:247,c:73:473:230,14.804454566109486,13.498263777241872,False,0,21.55358645473042
44b6_eb2880fc,44b6_eb2880fc:282,union,91,union|44b6_eb2880fc:282|91,0,c:72:89:233,c:73:458:247,c:73:484:228,7.083210783253595,9.334914300624297,False,0,11.750667933565744
44b6_eb2880fc,44b6_eb2880fc:282,union,92,union|44b6_eb2880fc:282|92,0,c:72:89:233,c:73:458:247,c:73:489:260,14.351611407782752,15.069630055180518,False,0,21.88642643537301
44b6_eb2880fc,44b6_eb2880fc:282,union,93,union|44b6_eb2880fc:282|93,0,c:72:89:233,c:73:458:247,c:73:495:219,11.830178570080843,13.101168840985142,False,0,18.380762990573416
44b6_eb2880fc,44b6_eb2880fc:282,union,94,union|44b6_eb2880fc:282|94,0,c:72:89:233,c:73:458:247,c:73:513:283,15.069630055180518,16.411695524838375,False,0,23.275477817599707
44b6_eb2880fc,44b6_eb2880fc:282,union,95,union|44b6_eb2880fc:282|95,0,c:72:89:233,c:73:458:247,f:73:261,7.669771165108002,8.814060548683802,True,1,12.076801439449902
44b6_eb2880fc,44b6_eb2880fc:282,union,96,union|44b6_eb2880fc:282|96,0,c:72:89:233,c:73:458:247,f:73:265,13.627867374525103,14.579316604291222,True,1,20.917525676670714
44b6_eb2880fc,44b6_eb2880fc:282,union,97,union|44b6_eb2880fc:282|97,0,c:72:89:233,c:73:458:247,f:73:271,9.000839983955295,9.348302202622977,True,1,13.674991085266782
44b6_eb2880fc,44b6_eb2880fc:282,union,98,union|44b6_eb2880fc:282|98,0,c:72:89:233,c:73:458:247,f:73:274,9.091290614640144,10.28495003230628,True,1,14.233765630793284
44b6_eb2880fc,44b6_eb2880fc:282,union,99,union|44b6_eb2880fc:282|99,0,c:72:89:233,c:73:458:247,f:73:277,6.695250892148071,7.084659600414911,True,1,10.237580692355525
44b6_eb2880fc,44b6_eb2880fc:282,union,100,union|44b6_eb2880fc:282|100,0,c:72:89:233,c:73:458:247,f:73:280,12.866907529192318,13.409310618451174,True,1,19.571562838417904
44b6_eb2880fc,44b6_eb2880fc:282,union,101,union|44b6_eb2880fc:282|101,0,c:72:89:233,c:73:459:246,c:73:460:253,15.069630055180518,12.691655723348314,False,0,21.415457916854674
44b6_eb2880fc,44b6_eb2880fc:282,union,102,union|44b6_eb2880fc:282|102,0,c:72:89:233,c:73:459:246,c:73:467:233,13.788582233137676,14.804454566109486,False,0,21.19080951619242
44b6_eb2880fc,44b6_eb2880fc:282,union,103,union|44b6_eb2880fc:282|103,0,c:72:89:233,c:73:459:246,c:73:484:228,12.481861840286488,11.258330249197702,False,0,18.11102696488534
44b6_eb2880fc,44b6_eb2880fc:282,union,104,union|44b6_eb2880fc:282|104,0,c:72:89:233,c:73:459:246,c:73:489:260,14.351611407782752,18.740414216340042,False,0,23.721818515952773
44b6_eb2880fc,44b6_eb2880fc:282,union,105,union|44b6_eb2880fc:282|105,0,c:72:89:233,c:73:459:246,f:73:261,12.481861840286488,15.99824512568323,True,1,20.480984403128105
44b6_eb2880fc,44b6_eb2880fc:282,union,106,union|44b6_eb2880fc:282|106,0,c:72:89:233,c:73:459:246,f:73:265,13.627867374525103,12.064872826063903,True,1,19.660303787557055
44b6_eb2880fc,44b6_eb2880fc:282,union,107,union|44b6_eb2880fc:282|107,0,c:72:89:233,c:73:459:246,f:73:271,12.481861840286488,9.946033015909595,True,1,17.454878348241287
44b6_eb2880fc,44b6_eb2880fc:282,union,108,union|44b6_eb2880fc:282|108,0,c:72:89:233,c:73:459:246,f:73:274,12.481861840286488,17.15807616399616,True,1,21.06089992228457
44b6_eb2880fc,44b6_eb2880fc:282,union,109,union|44b6_eb2880fc:282|109,0,c:72:89:233,c:73:459:246,f:73:277,12.481861840286488,14.82807550439251,True,1,19.895899592482742
44b6_eb2880fc,44b6_eb2880fc:282,union,110,union|44b6_eb2880fc:282|110,0,c:72:89:233,c:73:459:246,f:73:280,12.866907529192318,13.768031974616836,True,1,19.750923516500734
44b6_eb2880fc,44b6_eb2880fc:282,union,111,union|44b6_eb2880fc:282|111,0,c:72:89:233,c:73:460:253,c:73:484:228,15.069630055180518,17.577062467886947,False,0,23.85816128912399
44b6_eb2880fc,44b6_eb2880fc:282,union,112,union|44b6_eb2880fc:282|112,0,c:72:89:233,c:73:460:253,c:73:489:260,15.069630055180518,12.160386507015309,False,0,21.149823308688173
44b6_eb2880fc,44b6_eb2880fc:282,union,113,union|44b6_eb2880fc:282|113,0,c:72:89:233,c:73:460:253,f:73:261,15.069630055180518,14.976592931578148,True,1,22.55792652096959
44b6_eb2880fc,44b6_eb2880fc:282,union,114,union|44b6_eb2880fc:282|114,0,c:72:89:233,c:73:460:253,f:73:265,15.069630055180518,5.044641011084617,True,1,17.591950560722825
44b6_eb2880fc,44b6_eb2880fc:282,union,115,union|44b6_eb2880fc:282|115,0,c:72:89:233,c:73:460:253,f:73:271,15.069630055180518,6.172551607883179,True,1,18.155905859122107
44b6_eb2880fc,44b6_eb2880fc:282,union,116,union|44b6_eb2880fc:282|116,0,c:72:89:233,c:73:460:253,f:73:274,15.069630055180518,16.191594680125185,True,1,23.16542739524311
44b6_eb2880fc,44b6_eb2880fc:282,union,117,union|44b6_eb2880fc:282|117,0,c:72:89:233,c:73:460:253,f:73:277,15.069630055180518,11.854742211508412,True,1,20.997001160934722
44b6_eb2880fc,44b6_eb2880fc:282,union,118,union|44b6_eb2880fc:282|118,0,c:72:89:233,c:73:466:251,c:73:467:233,13.788582233137676,16.25,False,0,21.913582233137674
44b6_eb2880fc,44b6_eb2880fc:282,union,119,union|44b6_eb2880fc:282|119,0,c:72:89:233,c:73:466:251,c:73:473:230,14.804454566109486,14.072912811497128,False,0,21.84091097185805
44b6_eb2880fc,44b6_eb2880fc:282,union,120,union|44b6_eb2880fc:282|120,0,c:72:89:233,c:73:466:251,c:73:484:228,11.718041645257966,14.804454566109486,False,0,19.120268928312708
44b6_eb2880fc,44b6_eb2880fc:282,union,121,union|44b6_eb2880fc:282|121,0,c:72:89:233,c:73:466:251,c:73:495:219,11.830178570080843,11.375,False,0,17.517678570080843
44b6_eb2880fc,44b6_eb2880fc:282,union,122,union|44b6_eb2880fc:282|122,0,c:72:89:233,c:73:466:251,c:73:513:283,15.069630055180518,18.810734967034115,False,0,24.474997538697576
44b6_eb2880fc,44b6_eb2880fc:282,union,123,union|44b6_eb2880fc:282|123,0,c:72:89:233,c:73:466:251,f:73:261,11.718041645257966,15.204752173746582,True,1,19.320417732131258
44b6_eb2880fc,44b6_eb2880fc:282,union,124,union|44b6_eb2880fc:282|124,0,c:72:89:233,c:73:466:251,f:73:274,11.718041645257966,15.699139102148749,True,1,19.56761119633234
44b6_eb2880fc,44b6_eb2880fc:282,union,125,union|44b6_eb2880fc:282|125,0,c:72:89:233,c:73:466:251,f:73:277,11.718041645257966,15.867867592586354,True,1,19.651975441551144
44b6_eb2880fc,44b6_eb2880fc:282,union,126,union|44b6_eb2880fc:282|126,0,c:72:89:233,c:73:466:251,f:73:280,12.866907529192318,16.02866865846943,True,1,20.881241858427032
44b6_eb2880fc,44b6_eb2880fc:282,union,127,union|44b6_eb2880fc:282|127,0,c:72:89:233,c:73:467:233,c:73:484:228,13.788582233137676,10.65583760199075,False,0,19.11650103413305
44b6_eb2880fc,44b6_eb2880fc:282,union,128,union|44b6_eb2880fc:282|128,0,c:72:89:233,c:73:467:233,c:73:495:219,13.788582233137676,15.33021933959198,False,0,21.453691902933667
44b6_eb2880fc,44b6_eb2880fc:282,union,129,union|44b6_eb2880fc:282|129,0,c:72:89:233,c:73:467:233,f:73:261,13.788582233137676,18.958817272119873,True,1,23.26799086919761
44b6_eb2880fc,44b6_eb2880fc:282,union,130,union|44b6_eb2880fc:282|130,0,c:72:89:233,c:73:467:233,f:73:271,13.788582233137676,19.90766556469541,True,1,23.74241501548538
44b6_eb2880fc,44b6_eb2880fc:282,union,131,union|44b6_eb2880fc:282|131,0,c:72:89:233,c:73:467:233,f:73:274,13.788582233137676,19.61795471695982,True,1,23.597559591617586
44b6_eb2880fc,44b6_eb2880fc:282,union,132,union|44b6_eb2880fc:282|132,0,c:72:89:233,c:73:467:233,f:73:277,13.788582233137676,19.864121693195447,True,1,23.7206430797354
44b6_eb2880fc,44b6_eb2880fc:282,union,133,union|44b6_eb2880fc:282|133,0,c:72:89:233,c:73:467:233,f:73:280,13.788582233137676,6.068512224160544,True,1,16.82283834521795
44b6_eb2880fc,44b6_eb2880fc:282,union,134,union|44b6_eb2880fc:282|134,0,c:72:89:233,c:73:473:230,c:73:489:260,14.804454566109486,16.331047884321446,False,0,22.96997850827021
44b6_eb2880fc,44b6_eb2880fc:282,union,135,union|44b6_eb2880fc:282|135,0,c:72:89:233,c:73:473:230,c:73:495:219,14.804454566109486,17.35025215955088,False,0,23.479580645884926
44b6_eb2880fc,44b6_eb2880fc:282,union,136,union|44b6_eb2880fc:282|136,0,c:72:89:233,c:73:473:230,c:73:513:283,15.069630055180518,17.273986945693807,False,0,23.70662352802742
44b6_eb2880fc,44b6_eb2880fc:282,union,137,union|44b6_eb2880fc:282|137,0,c:72:89:233,c:73:473:230,f:73:261,14.804454566109486,13.345638238727059,True,1,21.477273685473016
44b6_eb2880fc,44b6_eb2880fc:282,union,138,union|44b6_eb2880fc:282|138,0,c:72:89:233,c:73:473:230,f:73:271,14.804454566109486,18.45901802287424,True,1,24.033963577546608
44b6_eb2880fc,44b6_eb2880fc:282,union,139,union|44b6_eb2880fc:282|139,0,c:72:89:233,c:73:473:230,f:73:274,14.804454566109486,13.720968746821322,True,1,21.664938939520148
44b6_eb2880fc,44b6_eb2880fc:282,union,140,union|44b6_eb2880fc:282|140,0,c:72:89:233,c:73:473:230,f:73:277,14.804454566109486,12.502988449675541,True,1,21.055948790947255
44b6_eb2880fc,44b6_eb2880fc:282,union,141,union|44b6_eb2880fc:282|141,0,c:72:89:233,c:73:484:228,c:73:489:260,14.351611407782752,15.670932486613552,False,0,22.187077651089528
44b6_eb2880fc,44b6_eb2880fc:282,union,142,union|44b6_eb2880fc:282|142,0,c:72:89:233,c:73:484:228,c:73:495:219,11.830178570080843,9.475296829123613,False,0,16.56782698464265
44b6_eb2880fc,44b6_eb2880fc:282,union,143,union|44b6_eb2880fc:282|143,0,c:72:89:233,c:73:484:228,c:73:513:283,15.069630055180518,13.101168840985142,False,0,21.620214475673087
44b6_eb2880fc,44b6_eb2880fc:282,union,144,union|44b6_eb2880fc:282|144,0,c:72:89:233,c:73:484:228,f:73:261,7.669771165108002,8.895201584884,True,1,12.117371957550002
44b6_eb2880fc,44b6_eb2880fc:282,union,145,union|44b6_eb2880fc:282|145,0,c:72:89:233,c:73:484:228,f:73:265,13.627867374525103,14.587324684267175,True,1,20.92152971665869
44b6_eb2880fc,44b6_eb2880fc:282,union,146,union|44b6_eb2880fc:282|146,0,c:72:89:233,c:73:484:228,f:73:271,9.000839983955295,12.478436427352054,True,1,15.240058197631322
44b6_eb2880fc,44b6_eb2880fc:282,union,147,union|44b6_eb2880fc:282|147,0,c:72:89:233,c:73:484:228,f:73:274,9.091290614640144,9.455352425562905,True,1,13.818966827421598
44b6_eb2880fc,44b6_eb2880fc:282,union,148,union|44b6_eb2880fc:282|148,0,c:72:89:233,c:73:484:228,f:73:277,7.083210783253595,10.599581197335432,True,1,12.38300138192131
44b6_eb2880fc,44b6_eb2880fc:282,union,149,union|44b6_eb2880fc:282|149,0,c:72:89:233,c:73:484:228,f:73:280,12.866907529192318,12.765729058014786,True,1,19.24977205819971
44b6_eb2880fc,44b6_eb2880fc:282,union,150,union|44b6_eb2880fc:282|150,0,c:72:89:233,c:73:489:260,c:73:495:219,14.351611407782752,18.022121822915302,False,0,23.362672319240403
44b6_eb2880fc,44b6_eb2880fc:282,union,151,union|44b6_eb2880fc:282|151,0,c:72:89:233,c:73:489:260,c:73:513:283,15.069630055180518,11.718041645257966,False,0,20.928650877809503
44b6_eb2880fc,44b6_eb2880fc:282,union,152,union|44b6_eb2880fc:282|152,0,c:72:89:233,c:73:489:260,f:73:261,14.351611407782752,8.245499691760253,True,1,18.474361253662877
44b6_eb2880fc,44b6_eb2880fc:282,union,153,union|44b6_eb2880fc:282|153,0,c:72:89:233,c:73:489:260,f:73:265,14.351611407782752,8.609763808881276,True,1,18.65649331222339
44b6_eb2880fc,44b6_eb2880fc:282,union,154,union|44b6_eb2880fc:282|154,0,c:72:89:233,c:73:489:260,f:73:271,14.351611407782752,11.639347906446165,True,1,20.171285361005836
44b6_eb2880fc,44b6_eb2880fc:282,union,155,union|44b6_eb2880fc:282|155,0,c:72:89:233,c:73:489:260,f:73:274,14.351611407782752,8.283390517227636,True,1,18.49330666639657
44b6_eb2880fc,44b6_eb2880fc:282,union,156,union|44b6_eb2880fc:282|156,0,c:72:89:233,c:73:489:260,f:73:277,14.351611407782752,8.008372387401089,True,1,18.355797601483296
44b6_eb2880fc,44b6_eb2880fc:282,union,157,union|44b6_eb2880fc:282|157,0,c:72:89:233,c:73:495:219,c:73:513:283,15.069630055180518,9.613629647536875,False,0,19.876444878948956
44b6_eb2880fc,44b6_eb2880fc:282,union,158,union|44b6_eb2880fc:282|158,0,c:72:89:233,c:73:495:219,f:73:261,11.830178570080843,10.390678898280495,True,1,17.02551801922109
44b6_eb2880fc,44b6_eb2880fc:282,union,159,union|44b6_eb2880fc:282|159,0,c:72:89:233,c:73:495:219,f:73:271,11.830178570080843,19.345471161036254,True,1,21.50291415059897
44b6_eb2880fc,44b6_eb2880fc:282,union,160,union|44b6_eb2880fc:282|160,0,c:72:89:233,c:73:495:219,f:73:274,11.830178570080843,9.80295391707878,True,1,16.731655528620234
44b6_eb2880fc,44b6_eb2880fc:282,union,161,union|44b6_eb2880fc:282|161,0,c:72:89:233,c:73:495:219,f:73:277,11.830178570080843,13.84602594553724,True,1,18.753191542849464
44b6_eb2880fc,44b6_eb2880fc:282,union,162,union|44b6_eb2880fc:282|162,0,c:72:89:233,c:73:495:219,f:73:280,12.866907529192318,18.42031695340482,True,1,22.07706600589473
44b6_eb2880fc,44b6_eb2880fc:282,union,163,union|44b6_eb2880fc:282|163,0,c:72:89:233,c:73:513:283,f:73:261,15.069630055180518,8.356779857324197,True,1,19.248019983842617
44b6_eb2880fc,44b6_eb2880fc:282,union,164,union|44b6_eb2880fc:282|164,0,c:72:89:233,c:73:513:283,f:73:265,15.069630055180518,17.45972792410547,True,1,23.79949401723325
44b6_eb2880fc,44b6_eb2880fc:282,union,165,union|44b6_eb2880fc:282|165,0,c:72:89:233,c:73:513:283,f:73:271,15.069630055180518,18.623833620203165,True,1,24.3815468652821
44b6_eb2880fc,44b6_eb2880fc:282,union,166,union|44b6_eb2880fc:282|166,0,c:72:89:233,c:73:513:283,f:73:274,15.069630055180518,6.696934631672659,True,1,18.41809737101685
44b6_eb2880fc,44b6_eb2880fc:282,union,167,union|44b6_eb2880fc:282|167,0,c:72:89:233,c:73:513:283,f:73:277,15.069630055180518,12.432630338852855,True,1,21.285945224606944
44b6_eb2880fc,44b6_eb2880fc:282,union,168,union|44b6_eb2880fc:282|168,0,c:72:89:233,f:73:261,f:73:265,13.627867374525103,11.65033655676796,True,2,19.453035652909083
44b6_eb2880fc,44b6_eb2880fc:282,union,169,union|44b6_eb2880fc:282|169,0,c:72:89:233,f:73:261,f:73:271,9.000839983955295,10.76695511047212,True,2,14.384317539191354
44b6_eb2880fc,44b6_eb2880fc:282,union,170,union|44b6_eb2880fc:282|170,0,c:72:89:233,f:73:261,f:73:274,9.091290614640144,1.6706627702277914,True,2,9.92662199975404
44b6_eb2880fc,44b6_eb2880fc:282,union,171,union|44b6_eb2880fc:282|171,0,c:72:89:233,f:73:261,f:73:277,7.669771165108002,4.269167267907161,True,2,9.804354799061581
44b6_eb2880fc,44b6_eb2880fc:282,union,172,union|44b6_eb2880fc:282|172,0,c:72:89:233,f:73:261,f:73:280,12.866907529192318,19.744734257987613,True,2,22.739274658186126
44b6_eb2880fc,44b6_eb2880fc:282,union,173,union|44b6_eb2880fc:282|173,0,c:72:89:233,f:73:265,f:73:271,13.627867374525103,6.605655909172153,True,2,16.93069532911118
44b6_eb2880fc,44b6_eb2880fc:282,union,174,union|44b6_eb2880fc:282|174,0,c:72:89:233,f:73:265,f:73:274,13.627867374525103,12.55856683049194,True,2,19.907150789771073
44b6_eb2880fc,44b6_eb2880fc:282,union,175,union|44b6_eb2880fc:282|175,0,c:72:89:233,f:73:265,f:73:277,13.627867374525103,9.726330006364819,True,2,18.491032377707512
44b6_eb2880fc,44b6_eb2880fc:282,union,176,union|44b6_eb2880fc:282|176,0,c:72:89:233,f:73:271,f:73:274,9.091290614640144,12.283213727663716,True,2,15.232897478472001
44b6_eb2880fc,44b6_eb2880fc:282,union,177,union|44b6_eb2880fc:282|177,0,c:72:89:233,f:73:271,f:73:277,9.000839983955295,7.418156323370012,True,2,12.709918145640302
44b6_eb2880fc,44b6_eb2880fc:282,union,178,union|44b6_eb2880fc:282|178,0,c:72:89:233,f:73:271,f:73:280,12.866907529192318,18.06960308043922,True,2,21.90170906941193
44b6_eb2880fc,44b6_eb2880fc:282,union,179,union|44b6_eb2880fc:282|179,0,c:72:89:233,f:73:274,f:73:277,9.091290614640144,5.808071997472453,True,2,11.99532661337637
44b6_eb2880fc,44b6_eb2880fc:282,union,180,union|44b6_eb2880fc:282|180,0,c:72:89:233,f:73:277,f:73:280,12.866907529192318,19.35396421010868,True,2,22.543889634246657
6bba_05db0fb1,6bba_05db0fb1:229,pil_only,0,pil_only|6bba_05db0fb1:229|0,0,p:24:527,p:25:1235,p:25:1272,14.259317129512198,9.75,False,0,19.134317129512198
6bba_05db0fb1,6bba_05db0fb1:229,pil_only,1,pil_only|6bba_05db0fb1:229|1,0,p:24:527,p:25:1235,p:25:1284,15.33021933959198,11.941262496067994,False,0,21.300850587625977
6bba_05db0fb1,6bba_05db0fb1:229,pil_only,2,pil_only|6bba_05db0fb1:229|2,0,p:24:527,p:25:1235,p:25:1300,14.259317129512198,11.718041645257966,False,0,20.118337952141182
6bba_05db0fb1,6bba_05db0fb1:229,pil_only,3,pil_only|6bba_05db0fb1:229|3,0,p:24:527,p:25:1235,p:25:1316,14.259317129512198,12.691655723348314,False,0,20.605144991186354
6bba_05db0fb1,6bba_05db0fb1:229,pil_only,4,pil_only|6bba_05db0fb1:229|4,0,p:24:527,p:25:1235,p:25:1320,14.259317129512198,17.426183603990864,False,0,22.97240893150763
6bba_05db0fb1,6bba_05db0fb1:229,pil_only,5,pil_only|6bba_05db0fb1:229|5,0,p:24:527,p:25:1235,p:25:1334,14.259317129512198,9.884489111734608,False,0,19.201561685379502
6bba_05db0fb1,6bba_05db0fb1:229,pil_only,6,pil_only|6bba_05db0fb1:229|6,0,p:24:527,p:25:1235,p:25:1336,14.259317129512198,18.740414216340042,False,0,23.62952423768222
6bba_05db0fb1,6bba_05db0fb1:229,pil_only,7,pil_only|6bba_05db0fb1:229|7,0,p:24:527,p:25:1235,p:25:1358,14.534441853748634,16.331047884321446,False,0,22.699965795909357
6bba_05db0fb1,6bba_05db0fb1:229,pil_only,8,pil_only|6bba_05db0fb1:229|8,0,p:24:527,p:25:1235,p:25:1371,14.259317129512198,16.730398979103875,False,0,22.624516619064135
6bba_05db0fb1,6bba_05db0fb1:229,pil_only,9,pil_only|6bba_05db0fb1:229|9,0,p:24:527,p:25:1235,p:25:1375,14.259317129512198,18.740414216340042,False,0,23.62952423768222
6bba_05db0fb1,6bba_05db0fb1:229,pil_only,10,pil_only|6bba_05db0fb1:229|10,0,p:24:527,p:25:1235,p:25:1408,14.259317129512198,18.45645212385089,False,0,23.487543191437645
6bba_05db0fb1,6bba_05db0fb1:229,pil_only,11,pil_only|6bba_05db0fb1:229|11,0,p:24:527,p:25:1272,p:25:1284,15.33021933959198,16.411695524838375,False,0,23.536067102011167
6bba_05db0fb1,6bba_05db0fb1:229,pil_only,12,pil_only|6bba_05db0fb1:229|12,0,p:24:527,p:25:1272,p:25:1300,10.405076885828379,7.960841664045329,False,0,14.385497717851043
6bba_05db0fb1,6bba_05db0fb1:229,pil_only,13,pil_only|6bba_05db0fb1:229|13,0,p:24:527,p:25:1272,p:25:1316,10.405076885828379,8.75089281159357,False,0,14.780523291625164
6bba_05db0fb1,6bba_05db0fb1:229,pil_only,14,pil_only|6bba_05db0fb1:229|14,0,p:24:527,p:25:1272,p:25:1320,13.595725431178728,14.804454566109486,False,0,20.99795271423347
6bba_05db0fb1,6bba_05db0fb1:229,pil_only,15,pil_only|6bba_05db0fb1:229|15,0,p:24:527,p:25:1272,p:25:1334,10.405076885828379,12.268480957314969,False,0,16.539317364485864
6bba_05db0fb1,6bba_05db0fb1:229,pil_only,16,pil_only|6bba_05db0fb1:229|16,0,p:24:527,p:25:1272,p:25:1336,11.941262496067994,10.405076885828379,False,0,17.14380093898218
6bba_05db0fb1,6bba_05db0fb1:229,pil_only,17,pil_only|6bba_05db0fb1:229|17,0,p:24:527,p:25:1272,p:25:1338,15.33021933959198,13.400093283257396,False,0,22.03026598122068
6bba_05db0fb1,6bba_05db0fb1:229,pil_only,18,pil_only|6bba_05db0fb1:229|18,0,p:24:527,p:25:1272,p:25:1371,11.604821196382131,17.35025215955088,False,0,20.27994727615757
6bba_05db0fb1,6bba_05db0fb1:229,pil_only,19,pil_only|6bba_05db0fb1:229|19,0,p:24:527,p:25:1272,p:25:1375,10.405076885828379,11.830178570080843,False,0,16.320166170868802
6bba_05db0fb1,6bba_05db0fb1:229,pil_only,20,pil_only|6bba_05db0fb1:229|20,0,p:24:527,p:25:1272,p:25:1409,14.804454566109486,17.948711652929298,False,0,23.778810392574137
6bba_05db0fb1,6bba_05db0fb1:229,pil_only,21,pil_only|6bba_05db0fb1:229|21,0,p:24:527,p:25:1272,p:25:1413,15.501512023025366,19.63494970709118,False,0,25.318986876570957
6bba_05db0fb1,6bba_05db0fb1:229,pil_only,22,pil_only|6bba_05db0fb1:229|22,0,p:24:527,p:25:1284,p:25:1300,15.33021933959198,11.02128622257856,False,0,20.84086245088126
6bba_05db0fb1,6bba_05db0fb1:229,pil_only,23,pil_only|6bba_05db0fb1:229|23,0,p:24:527,p:25:1284,p:25:1320,15.33021933959198,11.375,False,0,21.01771933959198
6bba_05db0fb1,6bba_05db0fb1:229,pil_only,24,pil_only|6bba_05db0fb1:229|24,0,p:24:527,p:25:1284,p:25:1334,15.33021933959198,12.691655723348314,False,0,21.676047201266137
6bba_05db0fb1,6bba_05db0fb1:229,pil_only,25,pil_only|6bba_05db0fb1:229|25,0,p:24:527,p:25:1284,p:25:1358,15.33021933959198,10.405076885828379,False,0,20.53275778250617
6bba_05db0fb1,6bba_05db0fb1:229,pil_only,26,pil_only|6bba_05db0fb1:229|26,0,p:24:527,p:25:1284,p:25:1375,15.33021933959198,19.56759119053748,False,0,25.11401493486072
6bba_05db0fb1,6bba_05db0fb1:229,pil_only,27,pil_only|6bba_05db0fb1:229|27,0,p:24:527,p:25:1284,p:25:1408,15.33021933959198,16.65129499468435,False,0,23.655866836934155
6bba_05db0fb1,6bba_05db0fb1:229,pil_only,28,pil_only|6bba_05db0fb1:229|28,0,p:24:527,p:25:1284,p:25:1443,15.33021933959198,17.04314378276496,False,0,23.851791230974463
6bba_05db0fb1,6bba_05db0fb1:229,pil_only,29,pil_only|6bba_05db0fb1:229|29,0,p:24:527,p:25:1300,p:25:1316,9.475296829123613,13.884006086140989,False,0,16.417299872194107
6bba_05db0fb1,6bba_05db0fb1:229,pil_only,30,pil_only|6bba_05db0fb1:229|30,0,p:24:527,p:25:1300,p:25:1320,13.595725431178728,7.083210783253595,False,0,17.137330822805524
6bba_05db0fb1,6bba_05db0fb1:229,pil_only,31,pil_only|6bba_05db0fb1:229|31,0,p:24:527,p:25:1300,p:25:1334,8.75089281159357,11.830178570080843,False,0,14.665982096633991
6bba_05db0fb1,6bba_05db0fb1:229,pil_only,32,pil_only|6bba_05db0fb1:229|32,0,p:24:527,p:25:1300,p:25:1336,11.941262496067994,15.33021933959198,False,0,19.606372165863984
6bba_05db0fb1,6bba_05db0fb1:229,pil_only,33,pil_only|6bba_05db0fb1:229|33,0,p:24:527,p:25:1300,p:25:1338,15.33021933959198,14.89337100860648,False,0,22.77690484389522
6bba_05db0fb1,6bba_05db0fb1:229,pil_only,34,pil_only|6bba_05db0fb1:229|34,0,p:24:527,p:25:1300,p:25:1358,14.534441853748634,16.331047884321446,False,0,22.699965795909357
6bba_05db0fb1,6bba_05db0fb1:229,pil_only,35,pil_only|6bba_05db0fb1:229|35,0,p:24:527,p:25:1300,p:25:1371,11.604821196382131,18.810734967034115,False,0,21.010188679899187
6bba_05db0fb1,6bba_05db0fb1:229,pil_only,36,pil_only|6bba_05db0fb1:229|36,0,p:24:527,p:25:1300,p:25:1375,8.75089281159357,10.405076885828379,False,0,13.953431254507759
6bba_05db0fb1,6bba_05db0fb1:229,pil_only,37,pil_only|6bba_05db0fb1:229|37,0,p:24:527,p:25:1300,p:25:1408,11.490485194281398,17.577062467886947,False,0,20.27901642822487
6bba_05db0fb1,6bba_05db0fb1:229,pil_only,38,pil_only|6bba_05db0fb1:229|38,0,p:24:527,p:25:1300,p:25:1409,14.804454566109486,18.810734967034115,False,0,24.209822049626545
6bba_05db0fb1,6bba_05db0fb1:229,pil_only,39,pil_only|6bba_05db0fb1:229|39,0,p:24:527,p:25:1300,p:25:1413,15.501512023025366,15.754959536603069,False,0,23.3789917913269
6bba_05db0fb1,6bba_05db0fb1:229,pil_only,40,pil_only|6bba_05db0fb1:229|40,0,p:24:527,p:25:1300,p:25:1443,11.604821196382131,15.754959536603069,False,0,19.482300964683667
6bba_05db0fb1,6bba_05db0fb1:229,pil_only,41,pil_only|6bba_05db0fb1:229|41,0,p:24:527,p:25:1316,p:25:1334,9.475296829123613,10.017172754824587,False,0,14.483883206535907
6bba_05db0fb1,6bba_05db0fb1:229,pil_only,42,pil_only|6bba_05db0fb1:229|42,0,p:24:527,p:25:1316,p:25:1336,11.941262496067994,8.285906709588275,False,0,16.08421585086213
6bba_05db0fb1,6bba_05db0fb1:229,pil_only,43,pil_only|6bba_05db0fb1:229|43,0,p:24:527,p:25:1316,p:25:1338,15.33021933959198,16.65129499468435,False,0,23.655866836934155
6bba_05db0fb1,6bba_05db0fb1:229,pil_only,44,pil_only|6bba_05db0fb1:229|44,0,p:24:527,p:25:1316,p:25:1371,11.604821196382131,10.405076885828379,False,0,16.807359639296322
6bba_05db0fb1,6bba_05db0fb1:229,pil_only,45,pil_only|6bba_05db0fb1:229|45,0,p:24:527,p:25:1316,p:25:1375,9.475296829123613,12.160386507015309,False,0,15.555490082631266
6bba_05db0fb1,6bba_05db0fb1:229,pil_only,46,pil_only|6bba_05db0fb1:229|46,0,p:24:527,p:25:1316,p:25:1408,11.490485194281398,16.57181341917655,False,0,19.776391903869673
6bba_05db0fb1,6bba_05db0fb1:229,pil_only,47,pil_only|6bba_05db0fb1:229|47,0,p:24:527,p:25:1316,p:25:1409,14.804454566109486,16.965498076979642,False,0,23.287203604599306
6bba_05db0fb1,6bba_05db0fb1:229,pil_only,48,pil_only|6bba_05db0fb1:229|48,0,p:24:527,p:25:1316,p:25:1474,13.788582233137676,18.240579760522966,False,0,22.90887211339916
6bba_05db0fb1,6bba_05db0fb1:229,pil_only,49,pil_only|6bba_05db0fb1:229|49,0,p:24:527,p:25:1320,p:25:1334,13.595725431178728,17.04314378276496,False,0,22.117297322561207
6bba_05db0fb1,6bba_05db0fb1:229,pil_only,50,pil_only|6bba_05db0fb1:229|50,0,p:24:527,p:25:1320,p:25:1338,15.33021933959198,18.022121822915302,False,0,24.341280251049632
6bba_05db0fb1,6bba_05db0fb1:229,pil_only,51,pil_only|6bba_05db0fb1:229|51,0,p:24:527,p:25:1320,p:25:1358,14.534441853748634,17.65201829820035,False,0,23.36045100284881
6bba_05db0fb1,6bba_05db0fb1:229,pil_only,52,pil_only|6bba_05db0fb1:229|52,0,p:24:527,p:25:1320,p:25:1375,13.595725431178728,13.978778558944269,False,0,20.585114710650863
6bba_05db0fb1,6bba_05db0fb1:229,pil_only,53,pil_only|6bba_05db0fb1:229|53,0,p:24:527,p:25:1320,p:25:1413,15.501512023025366,14.625,False,0,22.814012023025366
6bba_05db0fb1,6bba_05db0fb1:229,pil_only,54,pil_only|6bba_05db0fb1:229|54,0,p:24:527,p:25:1320,p:25:1443,13.595725431178728,15.33021933959198,False,0,21.260835100974717
6bba_05db0fb1,6bba_05db0fb1:229,pil_only,55,pil_only|6bba_05db0fb1:229|55,0,p:24:527,p:25:1334,p:25:1336,11.941262496067994,16.730398979103875,False,0,20.306461985619933
6bba_05db0fb1,6bba_05db0fb1:229,pil_only,56,pil_only|6bba_05db0fb1:229|56,0,p:24:527,p:25:1334,p:25:1358,14.534441853748634,10.277402395547233,False,0,19.67314305152225
6bba_05db0fb1,6bba_05db0fb1:229,pil_only,57,pil_only|6bba_05db0fb1:229|57,0,p:24:527,p:25:1334,p:25:1371,11.604821196382131,8.443747686898277,False,0,15.82669503983127
6bba_05db0fb1,6bba_05db0fb1:229,pil_only,58,pil_only|6bba_05db0fb1:229|58,1,p:24:527,p:25:1334,p:25:1375,7.960841664045329,13.978778558944269,False,0,14.950230943517465
6bba_05db0fb1,6bba_05db0fb1:229,pil_only,59,pil_only|6bba_05db0fb1:229|59,0,p:24:527,p:25:1334,p:25:1408,11.490485194281398,8.900491559458949,False,0,15.940730974010872
6bba_05db0fb1,6bba_05db0fb1:229,pil_only,60,pil_only|6bba_05db0fb1:229|60,0,p:24:527,p:25:1334,p:25:1443,11.604821196382131,14.804454566109486,False,0,19.007048479436875
6bba_05db0fb1,6bba_05db0fb1:229,pil_only,61,pil_only|6bba_05db0fb1:229|61,0,p:24:527,p:25:1334,p:25:1474,13.788582233137676,17.800983118917898,False,0,22.689073792596623
6bba_05db0fb1,6bba_05db0fb1:229,pil_only,62,pil_only|6bba_05db0fb1:229|62,0,p:24:527,p:25:1336,p:25:1338,15.33021933959198,9.884489111734608,False,0,20.272463895459286
6bba_05db0fb1,6bba_05db0fb1:229,pil_only,63,pil_only|6bba_05db0fb1:229|63,0,p:24:527,p:25:1336,p:25:1371,11.941262496067994,16.965498076979642,False,0,20.424011534557813
6bba_05db0fb1,6bba_05db0fb1:229,pil_only,64,pil_only|6bba_05db0fb1:229|64,0,p:24:527,p:25:1336,p:25:1375,11.941262496067994,10.017172754824587,False,0,16.94984887348029
6bba_05db0fb1,6bba_05db0fb1:229,pil_only,65,pil_only|6bba_05db0fb1:229|65,0,p:24:527,p:25:1336,p:25:1409,14.804454566109486,10.405076885828379,False,0,20.006993009023674
6bba_05db0fb1,6bba_05db0fb1:229,pil_only,66,pil_only|6bba_05db0fb1:229|66,0,p:24:527,p:25:1336,p:25:1413,15.501512023025366,18.16805231718579,False,0,24.58553818161826
6bba_05db0fb1,6bba_05db0fb1:229,pil_only,67,pil_only|6bba_05db0fb1:229|67,0,p:24:527,p:25:1336,p:25:1474,13.788582233137676,18.810734967034115,False,0,23.193949716654735
6bba_05db0fb1,6bba_05db0fb1:229,pil_only,68,pil_only|6bba_05db0fb1:229|68,0,p:24:527,p:25:1338,p:25:1375,15.33021933959198,10.405076885828379,False,0,20.53275778250617
6bba_05db0fb1,6bba_05db0fb1:229,pil_only,69,pil_only|6bba_05db0fb1:229|69,0,p:24:527,p:25:1338,p:25:1409,15.33021933959198,8.900491559458949,False,0,19.780465119321455
6bba_05db0fb1,6bba_05db0fb1:229,pil_only,70,pil_only|6bba_05db0fb1:229|70,0,p:24:527,p:25:1338,p:25:1413,15.501512023025366,11.941262496067994,False,0,21.472143271059362
6bba_05db0fb1,6bba_05db0fb1:229,pil_only,71,pil_only|6bba_05db0fb1:229|71,0,p:24:527,p:25:1358,p:25:1371,14.534441853748634,15.501512023025366,False,0,22.285197865261317
6bba_05db0fb1,6bba_05db0fb1:229,pil_only,72,pil_only|6bba_05db0fb1:229|72,0,p:24:527,p:25:1358,p:25:1375,14.534441853748634,19.90210416011332,False,0,24.485493933805294
6bba_05db0fb1,6bba_05db0fb1:229,pil_only,73,pil_only|6bba_05db0fb1:229|73,0,p:24:527,p:25:1358,p:25:1408,14.534441853748634,8.285906709588275,False,0,18.67739520854277
6bba_05db0fb1,6bba_05db0fb1:229,pil_only,74,pil_only|6bba_05db0fb1:229|74,0,p:24:527,p:25:1358,p:25:1443,14.534441853748634,12.481861840286488,False,0,20.775372773891878
6bba_05db0fb1,6bba_05db0fb1:229,pil_only,75,pil_only|6bba_05db0fb1:229|75,0,p:24:527,p:25:1371,p:25:1375,11.604821196382131,16.331047884321446,False,0,19.770345138542854
6bba_05db0fb1,6bba_05db0fb1:229,pil_only,76,pil_only|6bba_05db0fb1:229|76,0,p:24:527,p:25:1371,p:25:1408,11.604821196382131,9.334914300624297,False,0,16.27227834669428
6bba_05db0fb1,6bba_05db0fb1:229,pil_only,77,pil_only|6bba_05db0fb1:229|77,0,p:24:527,p:25:1371,p:25:1443,11.604821196382131,17.50178562318714,False,0,20.3557140079757
6bba_05db0fb1,6bba_05db0fb1:229,pil_only,78,pil_only|6bba_05db0fb1:229|78,0,p:24:527,p:25:1371,p:25:1474,13.788582233137676,14.072912811497128,False,0,20.82503863888624
6bba_05db0fb1,6bba_05db0fb1:229,pil_only,79,pil_only|6bba_05db0fb1:229|79,0,p:24:527,p:25:1375,p:25:1408,11.490485194281398,16.57181341917655,False,0,19.776391903869673
6bba_05db0fb1,6bba_05db0fb1:229,pil_only,80,pil_only|6bba_05db0fb1:229|80,0,p:24:527,p:25:1375,p:25:1409,14.804454566109486,9.334914300624297,False,0,19.471911716421634
6bba_05db0fb1,6bba_05db0fb1:229,pil_only,81,pil_only|6bba_05db0fb1:229|81,0,p:24:527,p:25:1375,p:25:1413,15.501512023025366,10.405076885828379,False,0,20.704050465939556
6bba_05db0fb1,6bba_05db0fb1:229,pil_only,82,pil_only|6bba_05db0fb1:229|82,0,p:24:527,p:25:1375,p:25:1443,11.604821196382131,13.498263777241872,False,0,18.353953085003067
6bba_05db0fb1,6bba_05db0fb1:229,pil_only,83,pil_only|6bba_05db0fb1:229|83,0,p:24:527,p:25:1375,p:25:1474,13.788582233137676,13.978778558944269,False,0,20.77797151260981
6bba_05db0fb1,6bba_05db0fb1:229,pil_only,84,pil_only|6bba_05db0fb1:229|84,0,p:24:527,p:25:1408,p:25:1443,11.604821196382131,10.405076885828379,False,0,16.807359639296322
6bba_05db0fb1,6bba_05db0fb1:229,pil_only,85,pil_only|6bba_05db0fb1:229|85,0,p:24:527,p:25:1408,p:25:1474,13.788582233137676,13.595725431178728,False,0,20.586444948727042
6bba_05db0fb1,6bba_05db0fb1:229,pil_only,86,pil_only|6bba_05db0fb1:229|86,0,p:24:527,p:25:1409,p:25:1413,15.501512023025366,11.718041645257966,False,0,21.360532845654348
6bba_05db0fb1,6bba_05db0fb1:229,pil_only,87,pil_only|6bba_05db0fb1:229|87,0,p:24:527,p:25:1409,p:25:1474,14.804454566109486,16.168545852982575,False,0,22.888727492600772
6bba_05db0fb1,6bba_05db0fb1:229,pil_only,88,pil_only|6bba_05db0fb1:229|88,0,p:24:527,p:25:1413,p:25:1443,15.501512023025366,16.57181341917655,False,0,23.78741873261364
6bba_05db0fb1,6bba_05db0fb1:229,pil_only,89,pil_only|6bba_05db0fb1:229|89,0,p:24:527,p:25:1413,p:25:1474,15.501512023025366,19.70207793609598,False,0,25.352550991073358
6bba_05db0fb1,6bba_05db0fb1:229,pil_only,90,pil_only|6bba_05db0fb1:229|90,0,p:24:527,p:25:1443,p:25:1474,13.788582233137676,13.301198254292732,False,0,20.439181360284042
6bba_05db0fb1,6bba_05db0fb1:751,pil_only,0,pil_only|6bba_05db0fb1:751|0,0,p:62:3610,p:63:4254,p:63:4257,13.978778558944269,14.534441853748634,False,0,21.245999485818587
6bba_05db0fb1,6bba_05db0fb1:751,pil_only,1,pil_only|6bba_05db0fb1:751|1,0,p:62:3610,p:63:4254,p:63:4271,10.531203634912773,11.490485194281398,False,0,16.276446232053473
6bba_05db0fb1,6bba_05db0fb1:751,pil_only,2,pil_only|6bba_05db0fb1:751|2,0,p:62:3610,p:63:4254,p:63:4284,12.795262795269194,7.621925609713073,False,0,16.60622560012573
6bba_05db0fb1,6bba_05db0fb1:751,pil_only,3,pil_only|6bba_05db0fb1:751|3,0,p:62:3610,p:63:4254,p:63:4316,11.02128622257856,10.531203634912773,False,0,16.286888040034945
6bba_05db0fb1,6bba_05db0fb1:751,pil_only,4,pil_only|6bba_05db0fb1:751|4,0,p:62:3610,p:63:4254,p:63:4337,10.531203634912773,11.604821196382131,False,0,16.333614233103837
6bba_05db0fb1,6bba_05db0fb1:751,pil_only,5,pil_only|6bba_05db0fb1:751|5,0,p:62:3610,p:63:4254,p:63:4351,10.531203634912773,16.168545852982575,False,0,18.61547656140406
6bba_05db0fb1,6bba_05db0fb1:751,pil_only,6,pil_only|6bba_05db0fb1:751|6,0,p:62:3610,p:63:4254,p:63:4353,10.531203634912773,13.498263777241872,False,0,17.280335523533708
6bba_05db0fb1,6bba_05db0fb1:751,pil_only,7,pil_only|6bba_05db0fb1:751|7,0,p:62:3610,p:63:4254,p:63:4355,11.830178570080843,18.45645212385089,False,0,21.058404632006287
6bba_05db0fb1,6bba_05db0fb1:751,pil_only,8,pil_only|6bba_05db0fb1:751|8,0,p:62:3610,p:63:4254,p:63:4368,13.978778558944269,14.715000849473302,False,0,21.33627898368092
6bba_05db0fb1,6bba_05db0fb1:751,pil_only,9,pil_only|6bba_05db0fb1:751|9,0,p:62:3610,p:63:4254,p:63:4370,10.531203634912773,19.5,False,0,20.28120363491277
6bba_05db0fb1,6bba_05db0fb1:751,pil_only,10,pil_only|6bba_05db0fb1:751|10,0,p:62:3610,p:63:4257,p:63:4271,13.978778558944269,13.978778558944269,False,0,20.968167838416402
6bba_05db0fb1,6bba_05db0fb1:751,pil_only,11,pil_only|6bba_05db0fb1:751|11,0,p:62:3610,p:63:4257,p:63:4284,13.978778558944269,14.351611407782752,False,0,21.154584262835645
6bba_05db0fb1,6bba_05db0fb1:751,pil_only,12,pil_only|6bba_05db0fb1:751|12,0,p:62:3610,p:63:4257,p:63:4337,13.978778558944269,14.072912811497128,False,0,21.015234964692834
6bba_05db0fb1,6bba_05db0fb1:751,pil_only,13,pil_only|6bba_05db0fb1:751|13,0,p:62:3610,p:63:4257,p:63:4353,13.978778558944269,13.498263777241872,False,0,20.727910447565204
6bba_05db0fb1,6bba_05db0fb1:751,pil_only,14,pil_only|6bba_05db0fb1:751|14,0,p:62:3610,p:63:4257,p:63:4355,13.978778558944269,11.375,False,0,19.66627855894427
6bba_05db0fb1,6bba_05db0fb1:751,pil_only,15,pil_only|6bba_05db0fb1:751|15,0,p:62:3610,p:63:4257,p:63:4370,13.978778558944269,15.921683328090658,False,0,21.939620222989596
6bba_05db0fb1,6bba_05db0fb1:751,pil_only,16,pil_only|6bba_05db0fb1:751|16,0,p:62:3610,p:63:4271,p:63:4284,12.795262795269194,17.04314378276496,False,0,21.316834686651674
6bba_05db0fb1,6bba_05db0fb1:751,pil_only,17,pil_only|6bba_05db0fb1:751|17,0,p:62:3610,p:63:4271,p:63:4316,11.02128622257856,13.595725431178728,False,0,17.819148938167924
6bba_05db0fb1,6bba_05db0fb1:751,pil_only,18,pil_only|6bba_05db0fb1:751|18,0,p:62:3610,p:63:4271,p:63:4317,14.625,10.65583760199075,False,0,19.952918800995377
6bba_05db0fb1,6bba_05db0fb1:751,pil_only,19,pil_only|6bba_05db0fb1:751|19,1,p:62:3610,p:63:4271,p:63:4337,8.285906709588275,7.44668550430324,False,0,12.009249461739895
6bba_05db0fb1,6bba_05db0fb1:751,pil_only,20,pil_only|6bba_05db0fb1:751|20,0,p:62:3610,p:63:4271,p:63:4351,10.405076885828379,13.101168840985142,False,0,16.95566130632095
6bba_05db0fb1,6bba_05db0fb1:751,pil_only,21,pil_only|6bba_05db0fb1:751|21,0,p:62:3610,p:63:4271,p:63:4353,8.285906709588275,14.259317129512198,False,0,15.415565274344374
6bba_05db0fb1,6bba_05db0fb1:751,pil_only,22,pil_only|6bba_05db0fb1:751|22,0,p:62:3610,p:63:4271,p:63:4355,11.830178570080843,16.965498076979642,False,0,20.312927608570664
6bba_05db0fb1,6bba_05db0fb1:751,pil_only,23,pil_only|6bba_05db0fb1:751|23,0,p:62:3610,p:63:4271,p:63:4370,9.475296829123613,13.201562407533435,False,0,16.07607803289033
6bba_05db0fb1,6bba_05db0fb1:751,pil_only,24,pil_only|6bba_05db0fb1:751|24,0,p:62:3610,p:63:4271,p:63:4442,15.41610359332085,19.768978223469215,False,0,25.300592705055458
6bba_05db0fb1,6bba_05db0fb1:751,pil_only,25,pil_only|6bba_05db0fb1:751|25,0,p:62:3610,p:63:4284,p:63:4316,12.795262795269194,14.89337100860648,False,0,20.241948299572435
6bba_05db0fb1,6bba_05db0fb1:751,pil_only,26,pil_only|6bba_05db0fb1:751|26,0,p:62:3610,p:63:4284,p:63:4337,12.795262795269194,14.259317129512198,False,0,19.924921360025294
6bba_05db0fb1,6bba_05db0fb1:751,pil_only,27,pil_only|6bba_05db0fb1:751|27,0,p:62:3610,p:63:4284,p:63:4353,12.795262795269194,11.604821196382131,False,0,18.59767339346026
6bba_05db0fb1,6bba_05db0fb1:751,pil_only,28,pil_only|6bba_05db0fb1:751|28,0,p:62:3610,p:63:4284,p:63:4355,12.795262795269194,16.168545852982575,False,0,20.879535721760483
6bba_05db0fb1,6bba_05db0fb1:751,pil_only,29,pil_only|6bba_05db0fb1:751|29,0,p:62:3610,p:63:4284,p:63:4368,13.978778558944269,13.788582233137676,False,0,20.873069675513108
6bba_05db0fb1,6bba_05db0fb1:751,pil_only,30,pil_only|6bba_05db0fb1:751|30,0,p:62:3610,p:63:4284,p:63:4427,14.351611407782752,16.57181341917655,False,0,22.637518117371027
6bba_05db0fb1,6bba_05db0fb1:751,pil_only,31,pil_only|6bba_05db0fb1:751|31,0,p:62:3610,p:63:4316,p:63:4317,14.625,18.16805231718579,False,0,23.709026158592895
6bba_05db0fb1,6bba_05db0fb1:751,pil_only,32,pil_only|6bba_05db0fb1:751|32,0,p:62:3610,p:63:4316,p:63:4337,11.02128622257856,11.830178570080843,False,0,16.936375507618983
6bba_05db0fb1,6bba_05db0fb1:751,pil_only,33,pil_only|6bba_05db0fb1:751|33,0,p:62:3610,p:63:4316,p:63:4351,11.02128622257856,8.125,False,0,15.08378622257856
6bba_05db0fb1,6bba_05db0fb1:751,pil_only,34,pil_only|6bba_05db0fb1:751|34,0,p:62:3610,p:63:4316,p:63:4353,11.02128622257856,15.501512023025366,False,0,18.772042234091245
6bba_05db0fb1,6bba_05db0fb1:751,pil_only,35,pil_only|6bba_05db0fb1:751|35,0,p:62:3610,p:63:4316,p:63:4368,13.978778558944269,9.75,False,0,18.85377855894427
6bba_05db0fb1,6bba_05db0fb1:751,pil_only,36,pil_only|6bba_05db0fb1:751|36,0,p:62:3610,p:63:4316,p:63:4370,11.02128622257856,19.63494970709118,False,0,20.83876107612415
6bba_05db0fb1,6bba_05db0fb1:751,pil_only,37,pil_only|6bba_05db0fb1:751|37,0,p:62:3610,p:63:4316,p:63:4427,14.351611407782752,18.669828601248593,False,0,23.686525708407046
6bba_05db0fb1,6bba_05db0fb1:751,pil_only,38,pil_only|6bba_05db0fb1:751|38,0,p:62:3610,p:63:4316,p:63:4459,14.804454566109486,18.45645212385089,False,0,24.03268062803493
6bba_05db0fb1,6bba_05db0fb1:751,pil_only,39,pil_only|6bba_05db0fb1:751|39,0,p:62:3610,p:63:4317,p:63:4337,14.625,13.201562407533435,False,0,21.22578120376672
6bba_05db0fb1,6bba_05db0fb1:751,pil_only,40,pil_only|6bba_05db0fb1:751|40,0,p:62:3610,p:63:4317,p:63:4351,14.625,12.795262795269194,False,0,21.022631397634598
6bba_05db0fb1,6bba_05db0fb1:751,pil_only,41,pil_only|6bba_05db0fb1:751|41,0,p:62:3610,p:63:4317,p:63:4370,14.625,14.625,False,0,21.9375
6bba_05db0fb1,6bba_05db0fb1:751,pil_only,42,pil_only|6bba_05db0fb1:751|42,0,p:62:3610,p:63:4317,p:63:4442,15.41610359332085,16.168545852982575,False,0,23.500376519812136
6bba_05db0fb1,6bba_05db0fb1:751,pil_only,43,pil_only|6bba_05db0fb1:751|43,0,p:62:3610,p:63:4337,p:63:4351,10.405076885828379,10.277402395547233,False,0,15.543778083601996
6bba_05db0fb1,6bba_05db0fb1:751,pil_only,44,pil_only|6bba_05db0fb1:751|44,0,p:62:3610,p:63:4337,p:63:4353,6.700046641628698,7.621925609713073,False,0,10.511009446485234
6bba_05db0fb1,6bba_05db0fb1:751,pil_only,45,pil_only|6bba_05db0fb1:751|45,0,p:62:3610,p:63:4337,p:63:4355,11.830178570080843,11.941262496067994,False,0,17.80080981811484
6bba_05db0fb1,6bba_05db0fb1:751,pil_only,46,pil_only|6bba_05db0fb1:751|46,0,p:62:3610,p:63:4337,p:63:4368,13.978778558944269,15.33021933959198,False,0,21.64388822874026
6bba_05db0fb1,6bba_05db0fb1:751,pil_only,47,pil_only|6bba_05db0fb1:751|47,0,p:62:3610,p:63:4337,p:63:4370,9.475296829123613,8.443747686898277,False,0,13.697170672572751
6bba_05db0fb1,6bba_05db0fb1:751,pil_only,48,pil_only|6bba_05db0fb1:751|48,0,p:62:3610,p:63:4337,p:63:4427,14.351611407782752,15.33021933959198,False,0,22.016721077578744
6bba_05db0fb1,6bba_05db0fb1:751,pil_only,49,pil_only|6bba_05db0fb1:751|49,0,p:62:3610,p:63:4337,p:63:4442,15.41610359332085,14.625,False,0,22.728603593320848
6bba_05db0fb1,6bba_05db0fb1:751,pil_only,50,pil_only|6bba_05db0fb1:751|50,0,p:62:3610,p:63:4337,p:63:4459,14.804454566109486,15.069630055180518,False,0,22.339269593699747
6bba_05db0fb1,6bba_05db0fb1:751,pil_only,51,pil_only|6bba_05db0fb1:751|51,0,p:62:3610,p:63:4351,p:63:4353,10.405076885828379,15.41610359332085,False,0,18.113128682488803
6bba_05db0fb1,6bba_05db0fb1:751,pil_only,52,pil_only|6bba_05db0fb1:751|52,0,p:62:3610,p:63:4351,p:63:4368,13.978778558944269,13.498263777241872,False,0,20.727910447565204
6bba_05db0fb1,6bba_05db0fb1:751,pil_only,53,pil_only|6bba_05db0fb1:751|53,0,p:62:3610,p:63:4351,p:63:4370,10.405076885828379,15.501512023025366,False,0,18.155832897341064
6bba_05db0fb1,6bba_05db0fb1:751,pil_only,54,pil_only|6bba_05db0fb1:751|54,0,p:62:3610,p:63:4351,p:63:4427,14.351611407782752,18.16805231718579,False,0,23.435637566375647
6bba_05db0fb1,6bba_05db0fb1:751,pil_only,55,pil_only|6bba_05db0fb1:751|55,0,p:62:3610,p:63:4351,p:63:4442,15.41610359332085,14.259317129512198,False,0,22.545762158076947
6bba_05db0fb1,6bba_05db0fb1:751,pil_only,56,pil_only|6bba_05db0fb1:751|56,0,p:62:3610,p:63:4351,p:63:4459,14.804454566109486,14.351611407782752,False,0,21.980260270000862
6bba_05db0fb1,6bba_05db0fb1:751,pil_only,57,pil_only|6bba_05db0fb1:751|57,0,p:62:3610,p:63:4353,p:63:4355,11.830178570080843,7.267220926874317,False,0,15.463789033518001
6bba_05db0fb1,6bba_05db0fb1:751,pil_only,58,pil_only|6bba_05db0fb1:751|58,0,p:62:3610,p:63:4353,p:63:4368,13.978778558944269,14.072912811497128,False,0,21.015234964692834
6bba_05db0fb1,6bba_05db0fb1:751,pil_only,59,pil_only|6bba_05db0fb1:751|59,0,p:62:3610,p:63:4353,p:63:4370,9.475296829123613,9.884489111734608,False,0,14.417541384990916
6bba_05db0fb1,6bba_05db0fb1:751,pil_only,60,pil_only|6bba_05db0fb1:751|60,0,p:62:3610,p:63:4353,p:63:4427,14.351611407782752,9.613629647536875,False,0,19.15842623155119
6bba_05db0fb1,6bba_05db0fb1:751,pil_only,61,pil_only|6bba_05db0fb1:751|61,0,p:62:3610,p:63:4353,p:63:4442,15.41610359332085,16.331047884321446,False,0,23.581627535481573
6bba_05db0fb1,6bba_05db0fb1:751,pil_only,62,pil_only|6bba_05db0fb1:751|62,0,p:62:3610,p:63:4353,p:63:4459,14.804454566109486,13.201562407533435,False,0,21.405235769876203
6bba_05db0fb1,6bba_05db0fb1:751,pil_only,63,pil_only|6bba_05db0fb1:751|63,0,p:62:3610,p:63:4355,p:63:4370,11.830178570080843,9.334914300624297,False,0,16.497635720392992
6bba_05db0fb1,6bba_05db0fb1:751,pil_only,64,pil_only|6bba_05db0fb1:751|64,0,p:62:3610,p:63:4355,p:63:4427,14.351611407782752,14.072912811497128,False,0,21.388067813531315
6bba_05db0fb1,6bba_05db0fb1:751,pil_only,65,pil_only|6bba_05db0fb1:751|65,0,p:62:3610,p:63:4355,p:63:4442,15.41610359332085,18.16805231718579,False,0,24.500129751913747
6bba_05db0fb1,6bba_05db0fb1:751,pil_only,66,pil_only|6bba_05db0fb1:751|66,0,p:62:3610,p:63:4355,p:63:4459,14.804454566109486,17.35025215955088,False,0,23.479580645884926
6bba_05db0fb1,6bba_05db0fb1:751,pil_only,67,pil_only|6bba_05db0fb1:751|67,0,p:62:3610,p:63:4368,p:63:4427,14.351611407782752,12.160386507015309,False,0,20.431804661290407
6bba_05db0fb1,6bba_05db0fb1:751,pil_only,68,pil_only|6bba_05db0fb1:751|68,0,p:62:3610,p:63:4368,p:63:4459,14.804454566109486,14.625,False,0,22.116954566109484
6bba_05db0fb1,6bba_05db0fb1:751,pil_only,69,pil_only|6bba_05db0fb1:751|69,0,p:62:3610,p:63:4370,p:63:4427,14.351611407782752,16.086679271993955,False,0,22.394951043779727
6bba_05db0fb1,6bba_05db0fb1:751,pil_only,70,pil_only|6bba_05db0fb1:751|70,0,p:62:3610,p:63:4370,p:63:4442,15.41610359332085,10.531203634912773,False,0,20.681705410777237
6bba_05db0fb1,6bba_05db0fb1:751,pil_only,71,pil_only|6bba_05db0fb1:751|71,0,p:62:3610,p:63:4370,p:63:4459,14.804454566109486,14.259317129512198,False,0,21.934113130865583
6bba_05db0fb1,6bba_05db0fb1:751,pil_only,72,pil_only|6bba_05db0fb1:751|72,0,p:62:3610,p:63:4427,p:63:4442,15.41610359332085,17.04314378276496,False,0,23.93767548470333
6bba_05db0fb1,6bba_05db0fb1:751,pil_only,73,pil_only|6bba_05db0fb1:751|73,0,p:62:3610,p:63:4427,p:63:4459,14.804454566109486,8.75089281159357,False,0,19.17990097190627
6bba_05db0fb1,6bba_05db0fb1:751,pil_only,74,pil_only|6bba_05db0fb1:751|74,0,p:62:3610,p:63:4442,p:63:4459,15.41610359332085,9.884489111734608,False,0,20.358348149188153
6bba_05db0fb1,6bba_05db0fb1:229,union,0,union|6bba_05db0fb1:229|0,0,p:24:527,c:25:1235:163,c:25:1272:202,14.259317129512198,9.75,False,0,19.134317129512198
6bba_05db0fb1,6bba_05db0fb1:229,union,1,union|6bba_05db0fb1:229|1,0,p:24:527,c:25:1235:163,c:25:1284:110,15.33021933959198,11.941262496067994,False,0,21.300850587625977
6bba_05db0fb1,6bba_05db0fb1:229,union,2,union|6bba_05db0fb1:229|2,0,p:24:527,c:25:1235:163,c:25:1300:168,14.259317129512198,11.718041645257966,False,0,20.118337952141182
6bba_05db0fb1,6bba_05db0fb1:229,union,3,union|6bba_05db0fb1:229|3,0,p:24:527,c:25:1235:163,c:25:1316:200,14.259317129512198,12.691655723348314,False,0,20.605144991186354
6bba_05db0fb1,6bba_05db0fb1:229,union,4,union|6bba_05db0fb1:229|4,0,p:24:527,c:25:1235:163,c:25:1320:670,14.259317129512198,17.426183603990864,False,0,22.97240893150763
6bba_05db0fb1,6bba_05db0fb1:229,union,5,union|6bba_05db0fb1:229|5,0,p:24:527,c:25:1235:163,c:25:1334:669,14.259317129512198,9.884489111734608,False,0,19.201561685379502
6bba_05db0fb1,6bba_05db0fb1:229,union,6,union|6bba_05db0fb1:229|6,0,p:24:527,c:25:1235:163,p:25:1336,14.259317129512198,18.740414216340042,False,0,23.62952423768222
6bba_05db0fb1,6bba_05db0fb1:229,union,7,union|6bba_05db0fb1:229|7,0,p:24:527,c:25:1235:163,p:25:1358,14.534441853748634,16.331047884321446,False,0,22.699965795909357
6bba_05db0fb1,6bba_05db0fb1:229,union,8,union|6bba_05db0fb1:229|8,0,p:24:527,c:25:1235:163,p:25:1371,14.259317129512198,16.730398979103875,False,0,22.624516619064135
6bba_05db0fb1,6bba_05db0fb1:229,union,9,union|6bba_05db0fb1:229|9,0,p:24:527,c:25:1235:163,p:25:1375,14.259317129512198,18.740414216340042,False,0,23.62952423768222
6bba_05db0fb1,6bba_05db0fb1:229,union,10,union|6bba_05db0fb1:229|10,0,p:24:527,c:25:1235:163,p:25:1408,14.259317129512198,18.45645212385089,False,0,23.487543191437645
6bba_05db0fb1,6bba_05db0fb1:229,union,11,union|6bba_05db0fb1:229|11,0,p:24:527,c:25:1235:163,f:25:179,15.002702726053776,11.611612319696086,True,1,20.80850888590182
6bba_05db0fb1,6bba_05db0fb1:229,union,12,union|6bba_05db0fb1:229|12,0,p:24:527,c:25:1235:163,f:25:189,14.259317129512198,9.291836057776457,True,1,18.905235158400426
6bba_05db0fb1,6bba_05db0fb1:229,union,13,union|6bba_05db0fb1:229|13,0,p:24:527,c:25:1235:163,f:25:662,14.259317129512198,18.86266532389212,True,1,23.690649791458256
6bba_05db0fb1,6bba_05db0fb1:229,union,14,union|6bba_05db0fb1:229|14,0,p:24:527,c:25:1235:163,f:25:666,14.259317129512198,17.042516951163282,True,1,22.780575605093837
6bba_05db0fb1,6bba_05db0fb1:229,union,15,union|6bba_05db0fb1:229|15,0,p:24:527,c:25:1272:202,c:25:1284:110,15.33021933959198,16.411695524838375,False,0,23.536067102011167
6bba_05db0fb1,6bba_05db0fb1:229,union,16,union|6bba_05db0fb1:229|16,0,p:24:527,c:25:1272:202,c:25:1300:168,10.405076885828379,7.960841664045329,False,0,14.385497717851043
6bba_05db0fb1,6bba_05db0fb1:229,union,17,union|6bba_05db0fb1:229|17,0,p:24:527,c:25:1272:202,c:25:1316:200,10.405076885828379,8.75089281159357,False,0,14.780523291625164
6bba_05db0fb1,6bba_05db0fb1:229,union,18,union|6bba_05db0fb1:229|18,0,p:24:527,c:25:1272:202,c:25:1320:670,13.595725431178728,14.804454566109486,False,0,20.99795271423347
6bba_05db0fb1,6bba_05db0fb1:229,union,19,union|6bba_05db0fb1:229|19,0,p:24:527,c:25:1272:202,c:25:1334:669,10.405076885828379,12.268480957314969,False,0,16.539317364485864
6bba_05db0fb1,6bba_05db0fb1:229,union,20,union|6bba_05db0fb1:229|20,0,p:24:527,c:25:1272:202,p:25:1336,11.941262496067994,10.405076885828379,False,0,17.14380093898218
6bba_05db0fb1,6bba_05db0fb1:229,union,21,union|6bba_05db0fb1:229|21,0,p:24:527,c:25:1272:202,c:25:1338:679,15.33021933959198,13.400093283257396,False,0,22.03026598122068
6bba_05db0fb1,6bba_05db0fb1:229,union,22,union|6bba_05db0fb1:229|22,0,p:24:527,c:25:1272:202,p:25:1371,11.604821196382131,17.35025215955088,False,0,20.27994727615757
6bba_05db0fb1,6bba_05db0fb1:229,union,23,union|6bba_05db0fb1:229|23,0,p:24:527,c:25:1272:202,p:25:1375,10.405076885828379,11.830178570080843,False,0,16.320166170868802
6bba_05db0fb1,6bba_05db0fb1:229,union,24,union|6bba_05db0fb1:229|24,0,p:24:527,c:25:1272:202,c:25:1409:733,14.804454566109486,17.948711652929298,False,0,23.778810392574137
6bba_05db0fb1,6bba_05db0fb1:229,union,25,union|6bba_05db0fb1:229|25,0,p:24:527,c:25:1272:202,c:25:1413:772,15.501512023025366,19.63494970709118,False,0,25.318986876570957
6bba_05db0fb1,6bba_05db0fb1:229,union,26,union|6bba_05db0fb1:229|26,0,p:24:527,c:25:1272:202,f:25:179,15.002702726053776,16.101640217379874,True,1,23.053522834743713
6bba_05db0fb1,6bba_05db0fb1:229,union,27,union|6bba_05db0fb1:229|27,0,p:24:527,c:25:1272:202,f:25:189,10.583517590750926,0.5665263729293613,True,1,10.866780777215606
6bba_05db0fb1,6bba_05db0fb1:229,union,28,union|6bba_05db0fb1:229|28,0,p:24:527,c:25:1272:202,f:25:662,11.503810435684485,10.379894542896348,True,1,16.69375770713266
6bba_05db0fb1,6bba_05db0fb1:229,union,29,union|6bba_05db0fb1:229|29,0,p:24:527,c:25:1272:202,f:25:664,15.43542085130226,18.832369491059232,True,1,24.851605596831874
6bba_05db0fb1,6bba_05db0fb1:229,union,30,union|6bba_05db0fb1:229|30,0,p:24:527,c:25:1272:202,f:25:666,10.405076885828379,10.325179692177398,True,1,15.567666731917079
6bba_05db0fb1,6bba_05db0fb1:229,union,31,union|6bba_05db0fb1:229|31,0,p:24:527,c:25:1272:202,f:25:696,13.67796711872533,12.90529864345962,True,1,20.130616440455142
6bba_05db0fb1,6bba_05db0fb1:229,union,32,union|6bba_05db0fb1:229|32,0,p:24:527,c:25:1284:110,c:25:1300:168,15.33021933959198,11.02128622257856,False,0,20.84086245088126
6bba_05db0fb1,6bba_05db0fb1:229,union,33,union|6bba_05db0fb1:229|33,0,p:24:527,c:25:1284:110,c:25:1320:670,15.33021933959198,11.375,False,0,21.01771933959198
6bba_05db0fb1,6bba_05db0fb1:229,union,34,union|6bba_05db0fb1:229|34,0,p:24:527,c:25:1284:110,c:25:1334:669,15.33021933959198,12.691655723348314,False,0,21.676047201266137
6bba_05db0fb1,6bba_05db0fb1:229,union,35,union|6bba_05db0fb1:229|35,0,p:24:527,c:25:1284:110,p:25:1358,15.33021933959198,10.405076885828379,False,0,20.53275778250617
6bba_05db0fb1,6bba_05db0fb1:229,union,36,union|6bba_05db0fb1:229|36,0,p:24:527,c:25:1284:110,p:25:1375,15.33021933959198,19.56759119053748,False,0,25.11401493486072
6bba_05db0fb1,6bba_05db0fb1:229,union,37,union|6bba_05db0fb1:229|37,0,p:24:527,c:25:1284:110,p:25:1408,15.33021933959198,16.65129499468435,False,0,23.655866836934155
6bba_05db0fb1,6bba_05db0fb1:229,union,38,union|6bba_05db0fb1:229|38,0,p:24:527,c:25:1284:110,p:25:1443,15.33021933959198,17.04314378276496,False,0,23.851791230974463
6bba_05db0fb1,6bba_05db0fb1:229,union,39,union|6bba_05db0fb1:229|39,0,p:24:527,c:25:1284:110,f:25:179,15.33021933959198,0.4039251512135042,True,1,15.532181915198732
6bba_05db0fb1,6bba_05db0fb1:229,union,40,union|6bba_05db0fb1:229|40,0,p:24:527,c:25:1284:110,f:25:189,15.33021933959198,16.333344629436663,True,1,23.49689165431031
6bba_05db0fb1,6bba_05db0fb1:229,union,41,union|6bba_05db0fb1:229|41,0,p:24:527,c:25:1284:110,f:25:666,15.33021933959198,18.11053242841738,True,1,24.38548555380067
6bba_05db0fb1,6bba_05db0fb1:229,union,42,union|6bba_05db0fb1:229|42,0,p:24:527,c:25:1300:168,c:25:1316:200,9.475296829123613,13.884006086140989,False,0,16.417299872194107
6bba_05db0fb1,6bba_05db0fb1:229,union,43,union|6bba_05db0fb1:229|43,0,p:24:527,c:25:1300:168,c:25:1320:670,13.595725431178728,7.083210783253595,False,0,17.137330822805524
6bba_05db0fb1,6bba_05db0fb1:229,union,44,union|6bba_05db0fb1:229|44,0,p:24:527,c:25:1300:168,c:25:1334:669,8.75089281159357,11.830178570080843,False,0,14.665982096633991
6bba_05db0fb1,6bba_05db0fb1:229,union,45,union|6bba_05db0fb1:229|45,0,p:24:527,c:25:1300:168,p:25:1336,11.941262496067994,15.33021933959198,False,0,19.606372165863984
6bba_05db0fb1,6bba_05db0fb1:229,union,46,union|6bba_05db0fb1:229|46,0,p:24:527,c:25:1300:168,c:25:1338:679,15.33021933959198,14.89337100860648,False,0,22.77690484389522
6bba_05db0fb1,6bba_05db0fb1:229,union,47,union|6bba_05db0fb1:229|47,0,p:24:527,c:25:1300:168,p:25:1358,14.534441853748634,16.331047884321446,False,0,22.699965795909357
6bba_05db0fb1,6bba_05db0fb1:229,union,48,union|6bba_05db0fb1:229|48,0,p:24:527,c:25:1300:168,p:25:1371,11.604821196382131,18.810734967034115,False,0,21.010188679899187
6bba_05db0fb1,6bba_05db0fb1:229,union,49,union|6bba_05db0fb1:229|49,0,p:24:527,c:25:1300:168,p:25:1375,8.75089281159357,10.405076885828379,False,0,13.953431254507759
6bba_05db0fb1,6bba_05db0fb1:229,union,50,union|6bba_05db0fb1:229|50,0,p:24:527,c:25:1300:168,p:25:1408,11.490485194281398,17.577062467886947,False,0,20.27901642822487
6bba_05db0fb1,6bba_05db0fb1:229,union,51,union|6bba_05db0fb1:229|51,0,p:24:527,c:25:1300:168,c:25:1409:733,14.804454566109486,18.810734967034115,False,0,24.209822049626545
6bba_05db0fb1,6bba_05db0fb1:229,union,52,union|6bba_05db0fb1:229|52,0,p:24:527,c:25:1300:168,c:25:1413:772,15.501512023025366,15.754959536603069,False,0,23.3789917913269
6bba_05db0fb1,6bba_05db0fb1:229,union,53,union|6bba_05db0fb1:229|53,0,p:24:527,c:25:1300:168,p:25:1443,11.604821196382131,15.754959536603069,False,0,19.482300964683667
6bba_05db0fb1,6bba_05db0fb1:229,union,54,union|6bba_05db0fb1:229|54,0,p:24:527,c:25:1300:168,f:25:179,15.002702726053776,10.801515060391061,True,1,20.403460256249307
6bba_05db0fb1,6bba_05db0fb1:229,union,55,union|6bba_05db0fb1:229|55,0,p:24:527,c:25:1300:168,f:25:189,10.583517590750926,8.234181103027773,True,1,14.700608142264812
6bba_05db0fb1,6bba_05db0fb1:229,union,56,union|6bba_05db0fb1:229|56,0,p:24:527,c:25:1300:168,f:25:662,11.503810435684485,14.89404744222658,True,1,18.950834156797775
6bba_05db0fb1,6bba_05db0fb1:229,union,57,union|6bba_05db0fb1:229|57,0,p:24:527,c:25:1300:168,f:25:664,15.43542085130226,19.59141772250528,True,1,25.2311297125549
6bba_05db0fb1,6bba_05db0fb1:229,union,58,union|6bba_05db0fb1:229|58,0,p:24:527,c:25:1300:168,f:25:666,8.75089281159357,8.87841030529297,True,1,13.190097964240055
6bba_05db0fb1,6bba_05db0fb1:229,union,59,union|6bba_05db0fb1:229|59,0,p:24:527,c:25:1300:168,f:25:696,13.67796711872533,15.29158370240027,True,1,21.323758969925464
6bba_05db0fb1,6bba_05db0fb1:229,union,60,union|6bba_05db0fb1:229|60,0,p:24:527,c:25:1316:200,c:25:1334:669,9.475296829123613,10.017172754824587,False,0,14.483883206535907
6bba_05db0fb1,6bba_05db0fb1:229,union,61,union|6bba_05db0fb1:229|61,0,p:24:527,c:25:1316:200,p:25:1336,11.941262496067994,8.285906709588275,False,0,16.08421585086213
6bba_05db0fb1,6bba_05db0fb1:229,union,62,union|6bba_05db0fb1:229|62,0,p:24:527,c:25:1316:200,c:25:1338:679,15.33021933959198,16.65129499468435,False,0,23.655866836934155
6bba_05db0fb1,6bba_05db0fb1:229,union,63,union|6bba_05db0fb1:229|63,0,p:24:527,c:25:1316:200,p:25:1371,11.604821196382131,10.405076885828379,False,0,16.807359639296322
6bba_05db0fb1,6bba_05db0fb1:229,union,64,union|6bba_05db0fb1:229|64,0,p:24:527,c:25:1316:200,p:25:1375,9.475296829123613,12.160386507015309,False,0,15.555490082631266
6bba_05db0fb1,6bba_05db0fb1:229,union,65,union|6bba_05db0fb1:229|65,0,p:24:527,c:25:1316:200,p:25:1408,11.490485194281398,16.57181341917655,False,0,19.776391903869673
6bba_05db0fb1,6bba_05db0fb1:229,union,66,union|6bba_05db0fb1:229|66,0,p:24:527,c:25:1316:200,c:25:1409:733,14.804454566109486,16.965498076979642,False,0,23.287203604599306
6bba_05db0fb1,6bba_05db0fb1:229,union,67,union|6bba_05db0fb1:229|67,0,p:24:527,c:25:1316:200,p:25:1474,13.788582233137676,18.240579760522966,False,0,22.90887211339916
6bba_05db0fb1,6bba_05db0fb1:229,union,68,union|6bba_05db0fb1:229|68,0,p:24:527,c:25:1316:200,f:25:179,15.002702726053776,19.973564514168636,True,1,24.989484983138095
6bba_05db0fb1,6bba_05db0fb1:229,union,69,union|6bba_05db0fb1:229|69,0,p:24:527,c:25:1316:200,f:25:189,10.583517590750926,8.58619963496523,True,1,14.87661740823354
6bba_05db0fb1,6bba_05db0fb1:229,union,70,union|6bba_05db0fb1:229|70,0,p:24:527,c:25:1316:200,f:25:662,11.503810435684485,8.632153735249496,True,1,15.819887303309233
6bba_05db0fb1,6bba_05db0fb1:229,union,71,union|6bba_05db0fb1:229|71,0,p:24:527,c:25:1316:200,f:25:664,15.43542085130226,17.684149593863367,True,1,24.277495648233945
6bba_05db0fb1,6bba_05db0fb1:229,union,72,union|6bba_05db0fb1:229|72,0,p:24:527,c:25:1316:200,f:25:666,9.475296829123613,11.149519756937908,True,1,15.050056707592567
6bba_05db0fb1,6bba_05db0fb1:229,union,73,union|6bba_05db0fb1:229|73,0,p:24:527,c:25:1316:200,f:25:696,13.67796711872533,14.109212377013307,True,1,20.732573307231984
6bba_05db0fb1,6bba_05db0fb1:229,union,74,union|6bba_05db0fb1:229|74,0,p:24:527,c:25:1320:670,c:25:1334:669,13.595725431178728,17.04314378276496,False,0,22.117297322561207
6bba_05db0fb1,6bba_05db0fb1:229,union,75,union|6bba_05db0fb1:229|75,0,p:24:527,c:25:1320:670,c:25:1338:679,15.33021933959198,18.022121822915302,False,0,24.341280251049632
6bba_05db0fb1,6bba_05db0fb1:229,union,76,union|6bba_05db0fb1:229|76,0,p:24:527,c:25:1320:670,p:25:1358,14.534441853748634,17.65201829820035,False,0,23.36045100284881
6bba_05db0fb1,6bba_05db0fb1:229,union,77,union|6bba_05db0fb1:229|77,0,p:24:527,c:25:1320:670,p:25:1375,13.595725431178728,13.978778558944269,False,0,20.585114710650863
6bba_05db0fb1,6bba_05db0fb1:229,union,78,union|6bba_05db0fb1:229|78,0,p:24:527,c:25:1320:670,c:25:1413:772,15.501512023025366,14.625,False,0,22.814012023025366
6bba_05db0fb1,6bba_05db0fb1:229,union,79,union|6bba_05db0fb1:229|79,0,p:24:527,c:25:1320:670,p:25:1443,13.595725431178728,15.33021933959198,False,0,21.260835100974717
6bba_05db0fb1,6bba_05db0fb1:229,union,80,union|6bba_05db0fb1:229|80,0,p:24:527,c:25:1320:670,f:25:179,15.002702726053776,11.386710367034803,True,1,20.696057909571177
6bba_05db0fb1,6bba_05db0fb1:229,union,81,union|6bba_05db0fb1:229|81,0,p:24:527,c:25:1320:670,f:25:189,13.595725431178728,15.119612123262343,True,1,21.1555314928099
6bba_05db0fb1,6bba_05db0fb1:229,union,82,union|6bba_05db0fb1:229|82,0,p:24:527,c:25:1320:670,f:25:666,13.595725431178728,13.033663870000305,True,1,20.11255736617888
6bba_05db0fb1,6bba_05db0fb1:229,union,83,union|6bba_05db0fb1:229|83,0,p:24:527,c:25:1320:670,f:25:696,13.67796711872533,19.33915519720129,True,1,23.347544717325974
6bba_05db0fb1,6bba_05db0fb1:229,union,84,union|6bba_05db0fb1:229|84,0,p:24:527,c:25:1334:669,p:25:1336,11.941262496067994,16.730398979103875,False,0,20.306461985619933
6bba_05db0fb1,6bba_05db0fb1:229,union,85,union|6bba_05db0fb1:229|85,0,p:24:527,c:25:1334:669,p:25:1358,14.534441853748634,10.277402395547233,False,0,19.67314305152225
6bba_05db0fb1,6bba_05db0fb1:229,union,86,union|6bba_05db0fb1:229|86,0,p:24:527,c:25:1334:669,p:25:1371,11.604821196382131,8.443747686898277,False,0,15.82669503983127
6bba_05db0fb1,6bba_05db0fb1:229,union,87,union|6bba_05db0fb1:229|87,1,p:24:527,c:25:1334:669,p:25:1375,7.960841664045329,13.978778558944269,False,0,14.950230943517465
6bba_05db0fb1,6bba_05db0fb1:229,union,88,union|6bba_05db0fb1:229|88,0,p:24:527,c:25:1334:669,p:25:1408,11.490485194281398,8.900491559458949,False,0,15.940730974010872
6bba_05db0fb1,6bba_05db0fb1:229,union,89,union|6bba_05db0fb1:229|89,0,p:24:527,c:25:1334:669,p:25:1443,11.604821196382131,14.804454566109486,False,0,19.007048479436875
6bba_05db0fb1,6bba_05db0fb1:229,union,90,union|6bba_05db0fb1:229|90,0,p:24:527,c:25:1334:669,p:25:1474,13.788582233137676,17.800983118917898,False,0,22.689073792596623
6bba_05db0fb1,6bba_05db0fb1:229,union,91,union|6bba_05db0fb1:229|91,0,p:24:527,c:25:1334:669,f:25:179,15.002702726053776,12.297693152747557,True,1,21.151549302427554
6bba_05db0fb1,6bba_05db0fb1:229,union,92,union|6bba_05db0fb1:229|92,0,p:24:527,c:25:1334:669,f:25:189,10.583517590750926,12.068862860684472,True,1,16.61794902109316
6bba_05db0fb1,6bba_05db0fb1:229,union,93,union|6bba_05db0fb1:229|93,0,p:24:527,c:25:1334:669,f:25:662,11.503810435684485,16.662713033488494,True,1,19.835166952428732
6bba_05db0fb1,6bba_05db0fb1:229,union,94,union|6bba_05db0fb1:229|94,0,p:24:527,c:25:1334:669,f:25:666,7.960841664045329,12.643790972048109,True,1,14.282737150069384
6bba_05db0fb1,6bba_05db0fb1:229,union,95,union|6bba_05db0fb1:229|95,0,p:24:527,p:25:1336,c:25:1338:679,15.33021933959198,9.884489111734608,False,0,20.272463895459286
6bba_05db0fb1,6bba_05db0fb1:229,union,96,union|6bba_05db0fb1:229|96,0,p:24:527,p:25:1336,p:25:1371,11.941262496067994,16.965498076979642,False,0,20.424011534557813
6bba_05db0fb1,6bba_05db0fb1:229,union,97,union|6bba_05db0fb1:229|97,0,p:24:527,p:25:1336,p:25:1375,11.941262496067994,10.017172754824587,False,0,16.94984887348029
6bba_05db0fb1,6bba_05db0fb1:229,union,98,union|6bba_05db0fb1:229|98,0,p:24:527,p:25:1336,c:25:1409:733,14.804454566109486,10.405076885828379,False,0,20.006993009023674
6bba_05db0fb1,6bba_05db0fb1:229,union,99,union|6bba_05db0fb1:229|99,0,p:24:527,p:25:1336,c:25:1413:772,15.501512023025366,18.16805231718579,False,0,24.58553818161826
6bba_05db0fb1,6bba_05db0fb1:229,union,100,union|6bba_05db0fb1:229|100,0,p:24:527,p:25:1336,p:25:1474,13.788582233137676,18.810734967034115,False,0,23.193949716654735
6bba_05db0fb1,6bba_05db0fb1:229,union,101,union|6bba_05db0fb1:229|101,0,p:24:527,p:25:1336,f:25:189,11.941262496067994,10.645466016338636,True,1,17.26399550423731
6bba_05db0fb1,6bba_05db0fb1:229,union,102,union|6bba_05db0fb1:229|102,0,p:24:527,p:25:1336,f:25:662,11.941262496067994,0.8790765504643344,True,1,12.38080077130016
6bba_05db0fb1,6bba_05db0fb1:229,union,103,union|6bba_05db0fb1:229|103,0,p:24:527,p:25:1336,f:25:664,15.43542085130226,11.178303564926074,True,1,21.024572633765295
6bba_05db0fb1,6bba_05db0fb1:229,union,104,union|6bba_05db0fb1:229|104,0,p:24:527,p:25:1336,f:25:666,11.941262496067994,9.860673359763819,True,1,16.871599175949903
6bba_05db0fb1,6bba_05db0fb1:229,union,105,union|6bba_05db0fb1:229|105,0,p:24:527,p:25:1336,f:25:696,13.67796711872533,6.733898435540282,True,1,17.044916336495472
6bba_05db0fb1,6bba_05db0fb1:229,union,106,union|6bba_05db0fb1:229|106,0,p:24:527,c:25:1338:679,p:25:1375,15.33021933959198,10.405076885828379,False,0,20.53275778250617
6bba_05db0fb1,6bba_05db0fb1:229,union,107,union|6bba_05db0fb1:229|107,0,p:24:527,c:25:1338:679,c:25:1409:733,15.33021933959198,8.900491559458949,False,0,19.780465119321455
6bba_05db0fb1,6bba_05db0fb1:229,union,108,union|6bba_05db0fb1:229|108,0,p:24:527,c:25:1338:679,c:25:1413:772,15.501512023025366,11.941262496067994,False,0,21.472143271059362
6bba_05db0fb1,6bba_05db0fb1:229,union,109,union|6bba_05db0fb1:229|109,0,p:24:527,c:25:1338:679,f:25:189,15.33021933959198,13.92544990906572,True,1,22.29294429412484
6bba_05db0fb1,6bba_05db0fb1:229,union,110,union|6bba_05db0fb1:229|110,0,p:24:527,c:25:1338:679,f:25:662,15.33021933959198,9.227705793164738,True,1,19.94407223617435
6bba_05db0fb1,6bba_05db0fb1:229,union,111,union|6bba_05db0fb1:229|111,0,p:24:527,c:25:1338:679,f:25:664,15.43542085130226,9.654664111288149,True,1,20.262752906946332
6bba_05db0fb1,6bba_05db0fb1:229,union,112,union|6bba_05db0fb1:229|112,0,p:24:527,c:25:1338:679,f:25:666,15.33021933959198,10.761783372828534,True,1,20.711111026006247
6bba_05db0fb1,6bba_05db0fb1:229,union,113,union|6bba_05db0fb1:229|113,0,p:24:527,c:25:1338:679,f:25:696,15.33021933959198,3.789436162717493,True,1,17.224937420950727
6bba_05db0fb1,6bba_05db0fb1:229,union,114,union|6bba_05db0fb1:229|114,0,p:24:527,p:25:1358,p:25:1371,14.534441853748634,15.501512023025366,False,0,22.285197865261317
6bba_05db0fb1,6bba_05db0fb1:229,union,115,union|6bba_05db0fb1:229|115,0,p:24:527,p:25:1358,p:25:1375,14.534441853748634,19.90210416011332,False,0,24.485493933805294
6bba_05db0fb1,6bba_05db0fb1:229,union,116,union|6bba_05db0fb1:229|116,0,p:24:527,p:25:1358,p:25:1408,14.534441853748634,8.285906709588275,False,0,18.67739520854277
6bba_05db0fb1,6bba_05db0fb1:229,union,117,union|6bba_05db0fb1:229|117,0,p:24:527,p:25:1358,p:25:1443,14.534441853748634,12.481861840286488,False,0,20.775372773891878
6bba_05db0fb1,6bba_05db0fb1:229,union,118,union|6bba_05db0fb1:229|118,0,p:24:527,p:25:1358,f:25:179,15.002702726053776,10.228691711621114,True,1,20.11704858186433
6bba_05db0fb1,6bba_05db0fb1:229,union,119,union|6bba_05db0fb1:229|119,0,p:24:527,p:25:1358,f:25:666,14.534441853748634,18.84983969429919,True,1,23.959361700898228
6bba_05db0fb1,6bba_05db0fb1:229,union,120,union|6bba_05db0fb1:229|120,0,p:24:527,p:25:1371,p:25:1375,11.604821196382131,16.331047884321446,False,0,19.770345138542854
6bba_05db0fb1,6bba_05db0fb1:229,union,121,union|6bba_05db0fb1:229|121,0,p:24:527,p:25:1371,p:25:1408,11.604821196382131,9.334914300624297,False,0,16.27227834669428
6bba_05db0fb1,6bba_05db0fb1:229,union,122,union|6bba_05db0fb1:229|122,0,p:24:527,p:25:1371,p:25:1443,11.604821196382131,17.50178562318714,False,0,20.3557140079757
6bba_05db0fb1,6bba_05db0fb1:229,union,123,union|6bba_05db0fb1:229|123,0,p:24:527,p:25:1371,p:25:1474,13.788582233137676,14.072912811497128,False,0,20.82503863888624
6bba_05db0fb1,6bba_05db0fb1:229,union,124,union|6bba_05db0fb1:229|124,0,p:24:527,p:25:1371,f:25:189,11.604821196382131,17.169851065053013,True,1,20.189746728908638
6bba_05db0fb1,6bba_05db0fb1:229,union,125,union|6bba_05db0fb1:229|125,0,p:24:527,p:25:1371,f:25:662,11.604821196382131,17.070605130869644,True,1,20.14012376181695
6bba_05db0fb1,6bba_05db0fb1:229,union,126,union|6bba_05db0fb1:229|126,0,p:24:527,p:25:1371,f:25:666,11.604821196382131,15.668864637814869,True,1,19.439253515289565
6bba_05db0fb1,6bba_05db0fb1:229,union,127,union|6bba_05db0fb1:229|127,0,p:24:527,p:25:1375,p:25:1408,11.490485194281398,16.57181341917655,False,0,19.776391903869673
6bba_05db0fb1,6bba_05db0fb1:229,union,128,union|6bba_05db0fb1:229|128,0,p:24:527,p:25:1375,c:25:1409:733,14.804454566109486,9.334914300624297,False,0,19.471911716421634
6bba_05db0fb1,6bba_05db0fb1:229,union,129,union|6bba_05db0fb1:229|129,0,p:24:527,p:25:1375,c:25:1413:772,15.501512023025366,10.405076885828379,False,0,20.704050465939556
6bba_05db0fb1,6bba_05db0fb1:229,union,130,union|6bba_05db0fb1:229|130,0,p:24:527,p:25:1375,p:25:1443,11.604821196382131,13.498263777241872,False,0,18.353953085003067
6bba_05db0fb1,6bba_05db0fb1:229,union,131,union|6bba_05db0fb1:229|131,0,p:24:527,p:25:1375,p:25:1474,13.788582233137676,13.978778558944269,False,0,20.77797151260981
6bba_05db0fb1,6bba_05db0fb1:229,union,132,union|6bba_05db0fb1:229|132,0,p:24:527,p:25:1375,f:25:179,15.002702726053776,19.29899016836824,True,1,24.652197810237894
6bba_05db0fb1,6bba_05db0fb1:229,union,133,union|6bba_05db0fb1:229|133,0,p:24:527,p:25:1375,f:25:189,10.583517590750926,12.239567162340238,True,1,16.703301171921044
6bba_05db0fb1,6bba_05db0fb1:229,union,134,union|6bba_05db0fb1:229|134,0,p:24:527,p:25:1375,f:25:662,11.503810435684485,9.249117012039823,True,1,16.128368941704398
6bba_05db0fb1,6bba_05db0fb1:229,union,135,union|6bba_05db0fb1:229|135,0,p:24:527,p:25:1375,f:25:664,15.43542085130226,9.982315367725983,True,1,20.426578535165252
6bba_05db0fb1,6bba_05db0fb1:229,union,136,union|6bba_05db0fb1:229|136,0,p:24:527,p:25:1375,f:25:666,6.080193253507654,1.7216696094337158,True,1,6.9410280582245125
6bba_05db0fb1,6bba_05db0fb1:229,union,137,union|6bba_05db0fb1:229|137,0,p:24:527,p:25:1375,f:25:696,13.67796711872533,8.905382146665382,True,1,18.13065819205802
6bba_05db0fb1,6bba_05db0fb1:229,union,138,union|6bba_05db0fb1:229|138,0,p:24:527,p:25:1408,p:25:1443,11.604821196382131,10.405076885828379,False,0,16.807359639296322
6bba_05db0fb1,6bba_05db0fb1:229,union,139,union|6bba_05db0fb1:229|139,0,p:24:527,p:25:1408,p:25:1474,13.788582233137676,13.595725431178728,False,0,20.586444948727042
6bba_05db0fb1,6bba_05db0fb1:229,union,140,union|6bba_05db0fb1:229|140,0,p:24:527,p:25:1408,f:25:179,15.002702726053776,16.364750148403573,True,1,23.185077800255563
6bba_05db0fb1,6bba_05db0fb1:229,union,141,union|6bba_05db0fb1:229|141,0,p:24:527,p:25:1408,f:25:666,11.490485194281398,15.966999181723919,True,1,19.473984785143358
6bba_05db0fb1,6bba_05db0fb1:229,union,142,union|6bba_05db0fb1:229|142,0,p:24:527,c:25:1409:733,c:25:1413:772,15.501512023025366,11.718041645257966,False,0,21.360532845654348
6bba_05db0fb1,6bba_05db0fb1:229,union,143,union|6bba_05db0fb1:229|143,0,p:24:527,c:25:1409:733,p:25:1474,14.804454566109486,16.168545852982575,False,0,22.888727492600772
6bba_05db0fb1,6bba_05db0fb1:229,union,144,union|6bba_05db0fb1:229|144,0,p:24:527,c:25:1409:733,f:25:189,14.804454566109486,18.38760995781515,True,1,23.998259545017063
6bba_05db0fb1,6bba_05db0fb1:229,union,145,union|6bba_05db0fb1:229|145,0,p:24:527,c:25:1409:733,f:25:662,14.804454566109486,9.682348017255537,True,1,19.645628574737255
6bba_05db0fb1,6bba_05db0fb1:229,union,146,union|6bba_05db0fb1:229|146,0,p:24:527,c:25:1409:733,f:25:664,15.43542085130226,0.9024359521752332,True,1,15.886638827389875
6bba_05db0fb1,6bba_05db0fb1:229,union,147,union|6bba_05db0fb1:229|147,0,p:24:527,c:25:1409:733,f:25:666,14.804454566109486,10.749850719837156,True,1,20.179379926028062
6bba_05db0fb1,6bba_05db0fb1:229,union,148,union|6bba_05db0fb1:229|148,0,p:24:527,c:25:1409:733,f:25:696,14.804454566109486,6.519525239057174,True,1,18.06421718563807
6bba_05db0fb1,6bba_05db0fb1:229,union,149,union|6bba_05db0fb1:229|149,0,p:24:527,c:25:1413:772,p:25:1443,15.501512023025366,16.57181341917655,False,0,23.78741873261364
6bba_05db0fb1,6bba_05db0fb1:229,union,150,union|6bba_05db0fb1:229|150,0,p:24:527,c:25:1413:772,p:25:1474,15.501512023025366,19.70207793609598,False,0,25.352550991073358
6bba_05db0fb1,6bba_05db0fb1:229,union,151,union|6bba_05db0fb1:229|151,0,p:24:527,c:25:1413:772,f:25:662,15.501512023025366,17.291877159091445,True,1,24.14745060257109
6bba_05db0fb1,6bba_05db0fb1:229,union,152,union|6bba_05db0fb1:229|152,0,p:24:527,c:25:1413:772,f:25:664,15.501512023025366,11.90647011414668,True,1,21.454747080098706
6bba_05db0fb1,6bba_05db0fb1:229,union,153,union|6bba_05db0fb1:229|153,0,p:24:527,c:25:1413:772,f:25:666,15.501512023025366,11.446453385654001,True,1,21.224738715852368
6bba_05db0fb1,6bba_05db0fb1:229,union,154,union|6bba_05db0fb1:229|154,0,p:24:527,c:25:1413:772,f:25:696,15.501512023025366,13.030311564551544,True,1,22.01666780530114
6bba_05db0fb1,6bba_05db0fb1:229,union,155,union|6bba_05db0fb1:229|155,0,p:24:527,p:25:1443,p:25:1474,13.788582233137676,13.301198254292732,False,0,20.439181360284042
6bba_05db0fb1,6bba_05db0fb1:229,union,156,union|6bba_05db0fb1:229|156,0,p:24:527,p:25:1443,f:25:179,15.002702726053776,16.898688565536382,True,1,23.452047008821967
6bba_05db0fb1,6bba_05db0fb1:229,union,157,union|6bba_05db0fb1:229|157,0,p:24:527,p:25:1443,f:25:666,11.604821196382131,13.50239651821389,True,1,18.356019455489076
6bba_05db0fb1,6bba_05db0fb1:229,union,158,union|6bba_05db0fb1:229|158,0,p:24:527,p:25:1474,f:25:662,13.788582233137676,18.402198378160595,True,1,22.989681422217974
6bba_05db0fb1,6bba_05db0fb1:229,union,159,union|6bba_05db0fb1:229|159,0,p:24:527,p:25:1474,f:25:664,15.43542085130226,16.070621038216363,True,1,23.47073137041044
6bba_05db0fb1,6bba_05db0fb1:229,union,160,union|6bba_05db0fb1:229|160,0,p:24:527,p:25:1474,f:25:666,13.788582233137676,14.813733182350965,True,1,21.19544882431316
6bba_05db0fb1,6bba_05db0fb1:229,union,161,union|6bba_05db0fb1:229|161,0,p:24:527,f:25:179,f:25:189,15.002702726053776,16.01838107277256,True,2,23.011893262440054
6bba_05db0fb1,6bba_05db0fb1:229,union,162,union|6bba_05db0fb1:229|162,0,p:24:527,f:25:179,f:25:666,15.002702726053776,17.8323614404418,True,2,23.918883446274677
6bba_05db0fb1,6bba_05db0fb1:229,union,163,union|6bba_05db0fb1:229|163,0,p:24:527,f:25:189,f:25:662,11.503810435684485,10.657901225253891,True,2,16.832761048311433
6bba_05db0fb1,6bba_05db0fb1:229,union,164,union|6bba_05db0fb1:229|164,0,p:24:527,f:25:189,f:25:664,15.43542085130226,19.26903397703875,True,2,25.069937839821634
6bba_05db0fb1,6bba_05db0fb1:229,union,165,union|6bba_05db0fb1:229|165,0,p:24:527,f:25:189,f:25:666,10.583517590750926,10.72026590045284,True,2,15.943650540977346
6bba_05db0fb1,6bba_05db0fb1:229,union,166,union|6bba_05db0fb1:229|166,0,p:24:527,f:25:189,f:25:696,13.67796711872533,13.37185327174433,True,2,20.363893754597495
6bba_05db0fb1,6bba_05db0fb1:229,union,167,union|6bba_05db0fb1:229|167,0,p:24:527,f:25:662,f:25:664,15.43542085130226,10.47541932791644,True,2,20.67313051526048
6bba_05db0fb1,6bba_05db0fb1:229,union,168,union|6bba_05db0fb1:229|168,0,p:24:527,f:25:662,f:25:666,11.503810435684485,9.158226476011322,True,2,16.082923673690146
6bba_05db0fb1,6bba_05db0fb1:229,union,169,union|6bba_05db0fb1:229|169,0,p:24:527,f:25:662,f:25:696,13.67796711872533,6.021237556391599,True,2,16.68858589692113
6bba_05db0fb1,6bba_05db0fb1:229,union,170,union|6bba_05db0fb1:229|170,0,p:24:527,f:25:664,f:25:666,15.43542085130226,11.449829875290453,True,2,21.160335788947485
6bba_05db0fb1,6bba_05db0fb1:229,union,171,union|6bba_05db0fb1:229|171,0,p:24:527,f:25:664,f:25:696,15.43542085130226,7.372076423620438,True,2,19.12145906311248
6bba_05db0fb1,6bba_05db0fb1:229,union,172,union|6bba_05db0fb1:229|172,0,p:24:527,f:25:666,f:25:696,13.67796711872533,9.420295851914238,True,2,18.38811504468245
6bba_05db0fb1,6bba_05db0fb1:606,union,0,union|6bba_05db0fb1:606|0,0,f:52:801,c:53:2955:829,c:53:2957:828,15.599045162186906,11.490485194281398,True,1,21.344287759327607
6bba_05db0fb1,6bba_05db0fb1:606,union,1,union|6bba_05db0fb1:606|1,0,f:52:801,c:53:2955:829,c:53:2970:858,15.599045162186906,13.101168840985142,True,1,22.149629582679477
6bba_05db0fb1,6bba_05db0fb1:606,union,2,union|6bba_05db0fb1:606|2,0,f:52:801,c:53:2955:829,c:53:2986:851,15.599045162186906,12.268480957314969,True,1,21.73328564084439
6bba_05db0fb1,6bba_05db0fb1:606,union,3,union|6bba_05db0fb1:606|3,0,f:52:801,c:53:2955:829,p:53:3045,15.599045162186906,15.41610359332085,True,1,23.307096958847332
6bba_05db0fb1,6bba_05db0fb1:606,union,4,union|6bba_05db0fb1:606|4,0,f:52:801,c:53:2955:829,c:53:3046:837,15.599045162186906,11.604821196382131,True,1,21.40145576037797
6bba_05db0fb1,6bba_05db0fb1:606,union,5,union|6bba_05db0fb1:606|5,0,f:52:801,c:53:2955:829,c:53:3058:844,15.599045162186906,14.625,True,1,22.911545162186904
6bba_05db0fb1,6bba_05db0fb1:606,union,6,union|6bba_05db0fb1:606|6,0,f:52:801,c:53:2955:829,f:53:834,15.599045162186906,13.45572508801774,True,2,22.326907706195776
6bba_05db0fb1,6bba_05db0fb1:606,union,7,union|6bba_05db0fb1:606|7,0,f:52:801,c:53:2955:829,f:53:854,15.599045162186906,15.60919758751757,True,2,23.40364395594569
6bba_05db0fb1,6bba_05db0fb1:606,union,8,union|6bba_05db0fb1:606|8,0,f:52:801,c:53:2955:829,f:53:1001,15.599045162186906,14.857233451894942,True,2,23.027661888134375
6bba_05db0fb1,6bba_05db0fb1:606,union,9,union|6bba_05db0fb1:606|9,0,f:52:801,c:53:2957:828,c:53:2970:858,14.738320426501252,9.613629647536875,True,1,19.545135250269688
6bba_05db0fb1,6bba_05db0fb1:606,union,10,union|6bba_05db0fb1:606|10,0,f:52:801,c:53:2957:828,p:53:2972,15.974774297950555,10.405076885828379,True,1,21.177312740864743
6bba_05db0fb1,6bba_05db0fb1:606,union,11,union|6bba_05db0fb1:606|11,0,f:52:801,c:53:2957:828,c:53:2986:851,12.07247847713375,6.700046641628698,True,1,15.4225017979481
6bba_05db0fb1,6bba_05db0fb1:606,union,12,union|6bba_05db0fb1:606|12,0,f:52:801,c:53:2957:828,c:53:3013:945,13.016601982657265,12.268480957314969,True,1,19.15084246131475
6bba_05db0fb1,6bba_05db0fb1:606,union,13,union|6bba_05db0fb1:606|13,0,f:52:801,c:53:2957:828,p:53:3045,14.66005956399791,18.52785065786099,True,1,23.923984892928406
6bba_05db0fb1,6bba_05db0fb1:606,union,14,union|6bba_05db0fb1:606|14,0,f:52:801,c:53:2957:828,c:53:3046:837,12.07247847713375,16.331047884321446,True,1,20.238002419294475
6bba_05db0fb1,6bba_05db0fb1:606,union,15,union|6bba_05db0fb1:606|15,0,f:52:801,c:53:2957:828,c:53:3056:836,12.96376970911458,17.35025215955088,True,1,21.638895788890018
6bba_05db0fb1,6bba_05db0fb1:606,union,16,union|6bba_05db0fb1:606|16,0,f:52:801,c:53:2957:828,c:53:3058:844,12.07247847713375,14.625,True,1,19.38497847713375
6bba_05db0fb1,6bba_05db0fb1:606,union,17,union|6bba_05db0fb1:606|17,0,f:52:801,c:53:2957:828,c:53:3069:949,12.527619407887416,17.875,True,1,21.465119407887414
6bba_05db0fb1,6bba_05db0fb1:606,union,18,union|6bba_05db0fb1:606|18,0,f:52:801,c:53:2957:828,p:53:3081,12.07247847713375,18.240579760522966,True,1,21.19276835739523
6bba_05db0fb1,6bba_05db0fb1:606,union,19,union|6bba_05db0fb1:606|19,0,f:52:801,c:53:2957:828,f:53:834,12.07247847713375,10.092145416777452,True,2,17.118551185522477
6bba_05db0fb1,6bba_05db0fb1:606,union,20,union|6bba_05db0fb1:606|20,0,f:52:801,c:53:2957:828,f:53:854,14.63789875910714,18.159791397228943,True,2,23.71779445772161
6bba_05db0fb1,6bba_05db0fb1:606,union,21,union|6bba_05db0fb1:606|21,0,f:52:801,c:53:2957:828,f:53:951,12.07247847713375,18.13603459488233,True,2,21.140495774574916
6bba_05db0fb1,6bba_05db0fb1:606,union,22,union|6bba_05db0fb1:606|22,0,f:52:801,c:53:2957:828,f:53:984,12.07247847713375,18.709952286704677,True,2,21.42745462048609
6bba_05db0fb1,6bba_05db0fb1:606,union,23,union|6bba_05db0fb1:606|23,0,f:52:801,c:53:2957:828,f:53:1001,12.07247847713375,12.828002413128091,True,2,18.486479683697794
6bba_05db0fb1,6bba_05db0fb1:606,union,24,union|6bba_05db0fb1:606|24,0,f:52:801,c:53:2970:858,p:53:2972,15.974774297950555,12.375631297028852,True,1,22.16258994646498
6bba_05db0fb1,6bba_05db0fb1:606,union,25,union|6bba_05db0fb1:606|25,0,f:52:801,c:53:2970:858,c:53:2986:851,14.738320426501252,15.069630055180518,True,1,22.27313545409151
6bba_05db0fb1,6bba_05db0fb1:606,union,26,union|6bba_05db0fb1:606|26,0,f:52:801,c:53:2970:858,c:53:3013:945,14.738320426501252,17.04314378276496,True,1,23.259892317883732
6bba_05db0fb1,6bba_05db0fb1:606,union,27,union|6bba_05db0fb1:606|27,0,f:52:801,c:53:2970:858,p:53:3045,14.738320426501252,12.691655723348314,True,1,21.08414828817541
6bba_05db0fb1,6bba_05db0fb1:606,union,28,union|6bba_05db0fb1:606|28,0,f:52:801,c:53:2970:858,c:53:3046:837,14.738320426501252,17.65201829820035,True,1,23.564329575601427
6bba_05db0fb1,6bba_05db0fb1:606,union,29,union|6bba_05db0fb1:606|29,0,f:52:801,c:53:2970:858,c:53:3056:836,14.738320426501252,11.830178570080843,True,1,20.653409711541673
6bba_05db0fb1,6bba_05db0fb1:606,union,30,union|6bba_05db0fb1:606|30,0,f:52:801,c:53:2970:858,c:53:3058:844,14.738320426501252,13.201562407533435,True,1,21.33910163026797
6bba_05db0fb1,6bba_05db0fb1:606,union,31,union|6bba_05db0fb1:606|31,0,f:52:801,c:53:2970:858,c:53:3069:949,14.738320426501252,17.948711652929298,True,1,23.7126762529659
6bba_05db0fb1,6bba_05db0fb1:606,union,32,union|6bba_05db0fb1:606|32,0,f:52:801,c:53:2970:858,f:53:834,14.738320426501252,12.994849208177792,True,2,21.23574503059015
6bba_05db0fb1,6bba_05db0fb1:606,union,33,union|6bba_05db0fb1:606|33,0,f:52:801,c:53:2970:858,f:53:854,14.738320426501252,11.941797576922044,True,2,20.709219214962275
6bba_05db0fb1,6bba_05db0fb1:606,union,34,union|6bba_05db0fb1:606|34,0,f:52:801,c:53:2970:858,f:53:1001,14.738320426501252,19.685580926520196,True,2,24.581110889761348
6bba_05db0fb1,6bba_05db0fb1:606,union,35,union|6bba_05db0fb1:606|35,0,f:52:801,p:53:2972,c:53:2986:851,15.974774297950555,14.715000849473302,True,1,23.332274722687206
6bba_05db0fb1,6bba_05db0fb1:606,union,36,union|6bba_05db0fb1:606|36,0,f:52:801,p:53:2972,c:53:3013:945,15.974774297950555,7.621925609713073,True,1,19.78573710280709
6bba_05db0fb1,6bba_05db0fb1:606,union,37,union|6bba_05db0fb1:606|37,0,f:52:801,p:53:2972,c:53:3056:836,15.974774297950555,16.168545852982575,True,1,24.05904722444184
6bba_05db0fb1,6bba_05db0fb1:606,union,38,union|6bba_05db0fb1:606|38,0,f:52:801,p:53:2972,c:53:3058:844,15.974774297950555,18.810734967034115,True,1,25.380141781467614
6bba_05db0fb1,6bba_05db0fb1:606,union,39,union|6bba_05db0fb1:606|39,0,f:52:801,p:53:2972,c:53:3069:949,15.974774297950555,13.0,True,1,22.474774297950553
6bba_05db0fb1,6bba_05db0fb1:606,union,40,union|6bba_05db0fb1:606|40,0,f:52:801,p:53:2972,p:53:3081,15.974774297950555,18.16805231718579,True,1,25.05880045654345
6bba_05db0fb1,6bba_05db0fb1:606,union,41,union|6bba_05db0fb1:606|41,0,f:52:801,p:53:2972,p:53:3088,15.974774297950555,18.16805231718579,True,1,25.05880045654345
6bba_05db0fb1,6bba_05db0fb1:606,union,42,union|6bba_05db0fb1:606|42,0,f:52:801,p:53:2972,f:53:832,15.974774297950555,19.39273013144359,True,2,25.67113936367235
6bba_05db0fb1,6bba_05db0fb1:606,union,43,union|6bba_05db0fb1:606|43,0,f:52:801,p:53:2972,f:53:834,15.974774297950555,15.134686798021518,True,2,23.542117696961313
6bba_05db0fb1,6bba_05db0fb1:606,union,44,union|6bba_05db0fb1:606|44,0,f:52:801,p:53:2972,f:53:951,15.974774297950555,17.67165861112499,True,2,24.81060360351305
6bba_05db0fb1,6bba_05db0fb1:606,union,45,union|6bba_05db0fb1:606|45,0,f:52:801,p:53:2972,f:53:984,15.974774297950555,19.86086093401487,True,2,25.90520476495799
6bba_05db0fb1,6bba_05db0fb1:606,union,46,union|6bba_05db0fb1:606|46,0,f:52:801,p:53:2972,f:53:1001,15.974774297950555,19.828206997187127,True,2,25.88887779654412
6bba_05db0fb1,6bba_05db0fb1:606,union,47,union|6bba_05db0fb1:606|47,0,f:52:801,c:53:2986:851,c:53:3013:945,13.016601982657265,12.795262795269194,True,1,19.41423338029186
6bba_05db0fb1,6bba_05db0fb1:606,union,48,union|6bba_05db0fb1:606|48,0,f:52:801,c:53:2986:851,c:53:3046:837,10.051397365253445,13.595725431178728,True,1,16.84926008084281
6bba_05db0fb1,6bba_05db0fb1:606,union,49,union|6bba_05db0fb1:606|49,0,f:52:801,c:53:2986:851,c:53:3056:836,12.96376970911458,19.835652875567266,True,1,22.88159614689821
6bba_05db0fb1,6bba_05db0fb1:606,union,50,union|6bba_05db0fb1:606|50,0,f:52:801,c:53:2986:851,c:53:3058:844,9.717123560690624,14.16642156650719,True,1,16.80033434394422
6bba_05db0fb1,6bba_05db0fb1:606,union,51,union|6bba_05db0fb1:606|51,0,f:52:801,c:53:2986:851,c:53:3069:949,12.527619407887416,18.52785065786099,True,1,21.79154473681791
6bba_05db0fb1,6bba_05db0fb1:606,union,52,union|6bba_05db0fb1:606|52,0,f:52:801,c:53:2986:851,p:53:3081,9.717123560690624,16.00439392791867,True,1,17.71932052464996
6bba_05db0fb1,6bba_05db0fb1:606,union,53,union|6bba_05db0fb1:606|53,0,f:52:801,c:53:2986:851,c:53:3082:994,10.33988246740592,15.41610359332085,True,1,18.047934264066345
6bba_05db0fb1,6bba_05db0fb1:606,union,54,union|6bba_05db0fb1:606|54,0,f:52:801,c:53:2986:851,c:53:3095:973,12.427040960694477,18.598975106171846,True,1,21.7265285137804
6bba_05db0fb1,6bba_05db0fb1:606,union,55,union|6bba_05db0fb1:606|55,0,f:52:801,c:53:2986:851,f:53:834,9.717123560690624,8.201835208576181,True,2,13.818041164978714
6bba_05db0fb1,6bba_05db0fb1:606,union,56,union|6bba_05db0fb1:606|56,0,f:52:801,c:53:2986:851,f:53:951,9.717123560690624,16.030336164625698,True,2,17.73229164300347
6bba_05db0fb1,6bba_05db0fb1:606,union,57,union|6bba_05db0fb1:606|57,0,f:52:801,c:53:2986:851,f:53:984,11.010633654705886,14.193095782774725,True,2,18.107181546093248
6bba_05db0fb1,6bba_05db0fb1:606,union,58,union|6bba_05db0fb1:606|58,0,f:52:801,c:53:2986:851,f:53:1001,9.717123560690624,6.44019915891754,True,2,12.937223140149394
6bba_05db0fb1,6bba_05db0fb1:606,union,59,union|6bba_05db0fb1:606|59,0,f:52:801,c:53:3013:945,c:53:3056:836,13.016601982657265,17.577062467886947,True,1,21.805133216600737
6bba_05db0fb1,6bba_05db0fb1:606,union,60,union|6bba_05db0fb1:606|60,0,f:52:801,c:53:3013:945,c:53:3058:844,13.016601982657265,17.948711652929298,True,1,21.990957809121916
6bba_05db0fb1,6bba_05db0fb1:606,union,61,union|6bba_05db0fb1:606|61,0,f:52:801,c:53:3013:945,c:53:3069:949,13.016601982657265,10.017172754824587,True,1,18.02518836006956
6bba_05db0fb1,6bba_05db0fb1:606,union,62,union|6bba_05db0fb1:606|62,0,f:52:801,c:53:3013:945,p:53:3081,13.016601982657265,13.301198254292732,True,1,19.66720110980363
6bba_05db0fb1,6bba_05db0fb1:606,union,63,union|6bba_05db0fb1:606|63,0,f:52:801,c:53:3013:945,p:53:3088,13.997955435806968,15.670932486613552,True,1,21.833421679113744
6bba_05db0fb1,6bba_05db0fb1:606,union,64,union|6bba_05db0fb1:606|64,0,f:52:801,c:53:3013:945,c:53:3095:973,13.016601982657265,17.577062467886947,True,1,21.805133216600737
6bba_05db0fb1,6bba_05db0fb1:606,union,65,union|6bba_05db0fb1:606|65,0,f:52:801,c:53:3013:945,f:53:832,15.292770182069898,17.43498609609296,True,2,24.01026323011638
6bba_05db0fb1,6bba_05db0fb1:606,union,66,union|6bba_05db0fb1:606|66,0,f:52:801,c:53:3013:945,f:53:834,13.016601982657265,13.061609842997978,True,2,19.547406904156254
6bba_05db0fb1,6bba_05db0fb1:606,union,67,union|6bba_05db0fb1:606|67,0,f:52:801,c:53:3013:945,f:53:951,13.016601982657265,12.694400695441429,True,2,19.36380233037798
6bba_05db0fb1,6bba_05db0fb1:606,union,68,union|6bba_05db0fb1:606|68,0,f:52:801,c:53:3013:945,f:53:984,13.016601982657265,12.983567193210162,True,2,19.508385579262345
6bba_05db0fb1,6bba_05db0fb1:606,union,69,union|6bba_05db0fb1:606|69,0,f:52:801,c:53:3013:945,f:53:1001,13.016601982657265,16.006240627705978,True,2,21.019722296510253
6bba_05db0fb1,6bba_05db0fb1:606,union,70,union|6bba_05db0fb1:606|70,0,f:52:801,p:53:3045,c:53:3046:837,14.66005956399791,12.691655723348314,True,1,21.005887425672068
6bba_05db0fb1,6bba_05db0fb1:606,union,71,union|6bba_05db0fb1:606|71,0,f:52:801,p:53:3045,c:53:3056:836,14.66005956399791,10.531203634912773,True,1,19.925661381454297
6bba_05db0fb1,6bba_05db0fb1:606,union,72,union|6bba_05db0fb1:606|72,0,f:52:801,p:53:3045,c:53:3058:844,14.66005956399791,8.443747686898277,True,1,18.88193340744705
6bba_05db0fb1,6bba_05db0fb1:606,union,73,union|6bba_05db0fb1:606|73,0,f:52:801,p:53:3045,p:53:3081,14.66005956399791,19.08942770226494,True,1,24.20477341513038
6bba_05db0fb1,6bba_05db0fb1:606,union,74,union|6bba_05db0fb1:606|74,0,f:52:801,p:53:3045,p:53:3088,14.66005956399791,19.364109842696102,True,1,24.34211448534596
6bba_05db0fb1,6bba_05db0fb1:606,union,75,union|6bba_05db0fb1:606|75,0,f:52:801,p:53:3045,f:53:832,15.292770182069898,19.0965229374409,True,2,24.84103165079035
6bba_05db0fb1,6bba_05db0fb1:606,union,76,union|6bba_05db0fb1:606|76,0,f:52:801,p:53:3045,f:53:834,14.66005956399791,13.931552610315933,True,2,21.62583586915588
6bba_05db0fb1,6bba_05db0fb1:606,union,77,union|6bba_05db0fb1:606|77,0,f:52:801,p:53:3045,f:53:854,14.66005956399791,1.0760064462552128,True,2,15.198062787125517
6bba_05db0fb1,6bba_05db0fb1:606,union,78,union|6bba_05db0fb1:606|78,0,f:52:801,p:53:3045,f:53:951,14.66005956399791,19.49650628426247,True,2,24.408312706129145
6bba_05db0fb1,6bba_05db0fb1:606,union,79,union|6bba_05db0fb1:606|79,0,f:52:801,c:53:3046:837,c:53:3056:836,12.96376970911458,18.022121822915302,True,1,21.97483062057223
6bba_05db0fb1,6bba_05db0fb1:606,union,80,union|6bba_05db0fb1:606|80,0,f:52:801,c:53:3046:837,c:53:3058:844,10.051397365253445,8.285906709588275,True,1,14.194350720047582
6bba_05db0fb1,6bba_05db0fb1:606,union,81,union|6bba_05db0fb1:606|81,0,f:52:801,c:53:3046:837,p:53:3081,10.051397365253445,16.331047884321446,True,1,18.216921307414168
6bba_05db0fb1,6bba_05db0fb1:606,union,82,union|6bba_05db0fb1:606|82,0,f:52:801,c:53:3046:837,c:53:3082:994,10.33988246740592,11.718041645257966,True,1,16.198903290034902
6bba_05db0fb1,6bba_05db0fb1:606,union,83,union|6bba_05db0fb1:606|83,0,f:52:801,c:53:3046:837,c:53:3095:973,12.427040960694477,18.740414216340042,True,1,21.797248068864498
6bba_05db0fb1,6bba_05db0fb1:606,union,84,union|6bba_05db0fb1:606|84,0,f:52:801,c:53:3046:837,f:53:834,10.051397365253445,9.429478188489362,True,2,14.766136459498126
6bba_05db0fb1,6bba_05db0fb1:606,union,85,union|6bba_05db0fb1:606|85,0,f:52:801,c:53:3046:837,f:53:854,14.63789875910714,13.343069498165969,True,2,21.309433508190125
6bba_05db0fb1,6bba_05db0fb1:606,union,86,union|6bba_05db0fb1:606|86,0,f:52:801,c:53:3046:837,f:53:951,10.051397365253445,16.9336470285889,True,2,18.518220879547897
6bba_05db0fb1,6bba_05db0fb1:606,union,87,union|6bba_05db0fb1:606|87,0,f:52:801,c:53:3046:837,f:53:984,11.010633654705886,18.655225550310575,True,2,20.338246429861172
6bba_05db0fb1,6bba_05db0fb1:606,union,88,union|6bba_05db0fb1:606|88,0,f:52:801,c:53:3046:837,f:53:1001,10.051397365253445,11.293171784973055,True,2,15.697983257739972
6bba_05db0fb1,6bba_05db0fb1:606,union,89,union|6bba_05db0fb1:606|89,0,f:52:801,c:53:3056:836,c:53:3058:844,12.96376970911458,9.884489111734608,True,1,17.906014264981884
6bba_05db0fb1,6bba_05db0fb1:606,union,90,union|6bba_05db0fb1:606|90,0,f:52:801,c:53:3056:836,c:53:3069:949,12.96376970911458,11.604821196382131,True,1,18.766180307305646
6bba_05db0fb1,6bba_05db0fb1:606,union,91,union|6bba_05db0fb1:606|91,0,f:52:801,c:53:3056:836,p:53:3081,12.96376970911458,13.978778558944269,True,1,19.953158988586715
6bba_05db0fb1,6bba_05db0fb1:606,union,92,union|6bba_05db0fb1:606|92,0,f:52:801,c:53:3056:836,p:53:3088,13.997955435806968,10.531203634912773,True,1,19.263557253263354
6bba_05db0fb1,6bba_05db0fb1:606,union,93,union|6bba_05db0fb1:606|93,0,f:52:801,c:53:3056:836,f:53:832,15.292770182069898,10.189120060564436,True,2,20.387330212352115
6bba_05db0fb1,6bba_05db0fb1:606,union,94,union|6bba_05db0fb1:606|94,0,f:52:801,c:53:3056:836,f:53:834,12.96376970911458,13.02707075432249,True,2,19.477305086275827
6bba_05db0fb1,6bba_05db0fb1:606,union,95,union|6bba_05db0fb1:606|95,0,f:52:801,c:53:3056:836,f:53:854,14.63789875910714,9.719427447869533,True,2,19.497612483041905
6bba_05db0fb1,6bba_05db0fb1:606,union,96,union|6bba_05db0fb1:606|96,0,f:52:801,c:53:3056:836,f:53:951,12.96376970911458,14.003496591031992,True,2,19.965518004630574
6bba_05db0fb1,6bba_05db0fb1:606,union,97,union|6bba_05db0fb1:606|97,0,f:52:801,c:53:3058:844,c:53:3069:949,12.527619407887416,15.069630055180518,True,1,20.062434435477677
6bba_05db0fb1,6bba_05db0fb1:606,union,98,union|6bba_05db0fb1:606|98,0,f:52:801,c:53:3058:844,p:53:3081,7.755848831571197,11.375,True,1,13.443348831571196
6bba_05db0fb1,6bba_05db0fb1:606,union,99,union|6bba_05db0fb1:606|99,0,f:52:801,c:53:3058:844,c:53:3082:994,10.33988246740592,13.595725431178728,True,1,17.137745182995282
6bba_05db0fb1,6bba_05db0fb1:606,union,100,union|6bba_05db0fb1:606|100,0,f:52:801,c:53:3058:844,p:53:3088,13.997955435806968,14.625,True,1,21.31045543580697
6bba_05db0fb1,6bba_05db0fb1:606,union,101,union|6bba_05db0fb1:606|101,0,f:52:801,c:53:3058:844,c:53:3095:973,12.427040960694477,16.809130703281475,True,1,20.831606312335214
6bba_05db0fb1,6bba_05db0fb1:606,union,102,union|6bba_05db0fb1:606|102,0,f:52:801,c:53:3058:844,f:53:832,15.292770182069898,15.136681180334142,True,2,22.86111077223697
6bba_05db0fb1,6bba_05db0fb1:606,union,103,union|6bba_05db0fb1:606|103,0,f:52:801,c:53:3058:844,f:53:834,6.4919918926569045,6.427733003309623,True,2,9.705858394311715
6bba_05db0fb1,6bba_05db0fb1:606,union,104,union|6bba_05db0fb1:606|104,0,f:52:801,c:53:3058:844,f:53:854,14.63789875910714,8.56854336253112,True,2,18.9221704403727
6bba_05db0fb1,6bba_05db0fb1:606,union,105,union|6bba_05db0fb1:606|105,0,f:52:801,c:53:3058:844,f:53:951,8.07295029710121,11.850069873177228,True,2,13.997985233689825
6bba_05db0fb1,6bba_05db0fb1:606,union,106,union|6bba_05db0fb1:606|106,0,f:52:801,c:53:3058:844,f:53:984,11.010633654705886,17.015084641229517,True,2,19.518175975320645
6bba_05db0fb1,6bba_05db0fb1:606,union,107,union|6bba_05db0fb1:606|107,0,f:52:801,c:53:3058:844,f:53:1001,9.049092925210205,13.921824187097574,True,2,16.010005018758992
6bba_05db0fb1,6bba_05db0fb1:606,union,108,union|6bba_05db0fb1:606|108,0,f:52:801,c:53:3069:949,p:53:3081,12.527619407887416,8.75089281159357,True,1,16.9030658136842
6bba_05db0fb1,6bba_05db0fb1:606,union,109,union|6bba_05db0fb1:606|109,0,f:52:801,c:53:3069:949,c:53:3082:994,12.527619407887416,19.768978223469215,True,1,22.412108519622024
6bba_05db0fb1,6bba_05db0fb1:606,union,110,union|6bba_05db0fb1:606|110,0,f:52:801,c:53:3069:949,p:53:3088,13.997955435806968,5.859020822628983,True,1,16.92746584712146
6bba_05db0fb1,6bba_05db0fb1:606,union,111,union|6bba_05db0fb1:606|111,0,f:52:801,c:53:3069:949,c:53:3095:973,12.527619407887416,15.33021933959198,True,1,20.192729077683406
6bba_05db0fb1,6bba_05db0fb1:606,union,112,union|6bba_05db0fb1:606|112,0,f:52:801,c:53:3069:949,f:53:832,15.292770182069898,7.565644697144228,True,2,19.075592530642012
6bba_05db0fb1,6bba_05db0fb1:606,union,113,union|6bba_05db0fb1:606|113,0,f:52:801,c:53:3069:949,f:53:834,12.527619407887416,13.635894193399574,True,2,19.345566504587204
6bba_05db0fb1,6bba_05db0fb1:606,union,114,union|6bba_05db0fb1:606|114,0,f:52:801,c:53:3069:949,f:53:951,12.527619407887416,8.102230480417303,True,2,16.578734648096066
6bba_05db0fb1,6bba_05db0fb1:606,union,115,union|6bba_05db0fb1:606|115,0,f:52:801,c:53:3069:949,f:53:984,12.527619407887416,14.354312129638071,True,2,19.70477547270645
6bba_05db0fb1,6bba_05db0fb1:606,union,116,union|6bba_05db0fb1:606|116,0,f:52:801,c:53:3069:949,f:53:1001,12.527619407887416,19.828206997187127,True,2,22.44172290648098
6bba_05db0fb1,6bba_05db0fb1:606,union,117,union|6bba_05db0fb1:606|117,0,f:52:801,p:53:3081,c:53:3082:994,10.33988246740592,11.375,True,1,16.02738246740592
6bba_05db0fb1,6bba_05db0fb1:606,union,118,union|6bba_05db0fb1:606|118,0,f:52:801,p:53:3081,p:53:3088,13.997955435806968,8.900491559458949,True,1,18.448201215536443
6bba_05db0fb1,6bba_05db0fb1:606,union,119,union|6bba_05db0fb1:606|119,0,f:52:801,p:53:3081,c:53:3095:973,12.427040960694477,7.621925609713073,True,1,16.238003765551014
6bba_05db0fb1,6bba_05db0fb1:606,union,120,union|6bba_05db0fb1:606|120,0,f:52:801,p:53:3081,f:53:832,15.292770182069898,10.521319468436264,True,2,20.55342991628803
6bba_05db0fb1,6bba_05db0fb1:606,union,121,union|6bba_05db0fb1:606|121,0,f:52:801,p:53:3081,f:53:834,7.755848831571197,9.92664936125061,True,2,12.719173512196502
6bba_05db0fb1,6bba_05db0fb1:606,union,122,union|6bba_05db0fb1:606|122,0,f:52:801,p:53:3081,f:53:854,14.63789875910714,18.962929018277077,True,2,24.119363268245678
6bba_05db0fb1,6bba_05db0fb1:606,union,123,union|6bba_05db0fb1:606|123,0,f:52:801,p:53:3081,f:53:951,8.07295029710121,0.8073055221408275,True,2,8.476603058171623
6bba_05db0fb1,6bba_05db0fb1:606,union,124,union|6bba_05db0fb1:606|124,0,f:52:801,p:53:3081,f:53:984,11.010633654705886,8.664275305983729,True,2,15.34277130769775
6bba_05db0fb1,6bba_05db0fb1:606,union,125,union|6bba_05db0fb1:606|125,0,f:52:801,p:53:3081,f:53:1001,9.049092925210205,14.423876316433008,True,2,16.261031083426708
6bba_05db0fb1,6bba_05db0fb1:606,union,126,union|6bba_05db0fb1:606|126,0,f:52:801,c:53:3082:994,p:53:3088,13.997955435806968,19.835652875567266,True,1,23.915781873590603
6bba_05db0fb1,6bba_05db0fb1:606,union,127,union|6bba_05db0fb1:606|127,0,f:52:801,c:53:3082:994,c:53:3095:973,12.427040960694477,8.75089281159357,True,1,16.802487366491263
6bba_05db0fb1,6bba_05db0fb1:606,union,128,union|6bba_05db0fb1:606|128,0,f:52:801,c:53:3082:994,f:53:834,10.33988246740592,11.796051219417205,True,2,16.237908077114522
6bba_05db0fb1,6bba_05db0fb1:606,union,129,union|6bba_05db0fb1:606|129,0,f:52:801,c:53:3082:994,f:53:951,10.33988246740592,11.994126470580754,True,2,16.336945702696298
6bba_05db0fb1,6bba_05db0fb1:606,union,130,union|6bba_05db0fb1:606|130,0,f:52:801,c:53:3082:994,f:53:984,11.010633654705886,10.272294996719442,True,2,16.146781153065607
6bba_05db0fb1,6bba_05db0fb1:606,union,131,union|6bba_05db0fb1:606|131,0,f:52:801,c:53:3082:994,f:53:1001,10.33988246740592,9.837163685107413,True,2,15.258464309959626
6bba_05db0fb1,6bba_05db0fb1:606,union,132,union|6bba_05db0fb1:606|132,0,f:52:801,p:53:3088,c:53:3095:973,13.997955435806968,15.41610359332085,True,1,21.706007232467392
6bba_05db0fb1,6bba_05db0fb1:606,union,133,union|6bba_05db0fb1:606|133,0,f:52:801,p:53:3088,f:53:832,15.292770182069898,2.0092963736061273,True,2,16.29741836887296
6bba_05db0fb1,6bba_05db0fb1:606,union,134,union|6bba_05db0fb1:606|134,0,f:52:801,p:53:3088,f:53:834,13.997955435806968,15.492536892682038,True,2,21.74422388214799
6bba_05db0fb1,6bba_05db0fb1:606,union,135,union|6bba_05db0fb1:606|135,0,f:52:801,p:53:3088,f:53:854,14.63789875910714,18.886478880808884,True,2,24.08113819951158
6bba_05db0fb1,6bba_05db0fb1:606,union,136,union|6bba_05db0fb1:606|136,0,f:52:801,p:53:3088,f:53:951,13.997955435806968,8.594230269792464,True,2,18.2950705707032
6bba_05db0fb1,6bba_05db0fb1:606,union,137,union|6bba_05db0fb1:606|137,0,f:52:801,p:53:3088,f:53:984,13.997955435806968,16.703501433832187,True,2,22.349706152723062
6bba_05db0fb1,6bba_05db0fb1:606,union,138,union|6bba_05db0fb1:606|138,0,f:52:801,c:53:3095:973,f:53:832,15.292770182069898,16.94965217071931,True,2,23.767596267429553
6bba_05db0fb1,6bba_05db0fb1:606,union,139,union|6bba_05db0fb1:606|139,0,f:52:801,c:53:3095:973,f:53:834,12.427040960694477,14.572396838847274,True,2,19.713239380118114
6bba_05db0fb1,6bba_05db0fb1:606,union,140,union|6bba_05db0fb1:606|140,0,f:52:801,c:53:3095:973,f:53:951,12.427040960694477,7.866290118176449,True,2,16.360186019782702
6bba_05db0fb1,6bba_05db0fb1:606,union,141,union|6bba_05db0fb1:606|141,0,f:52:801,c:53:3095:973,f:53:984,12.427040960694477,6.1780260300257845,True,2,15.516053975707369
6bba_05db0fb1,6bba_05db0fb1:606,union,142,union|6bba_05db0fb1:606|142,0,f:52:801,c:53:3095:973,f:53:1001,12.427040960694477,14.706167493748097,True,2,19.780124707568525
6bba_05db0fb1,6bba_05db0fb1:606,union,143,union|6bba_05db0fb1:606|143,0,f:52:801,f:53:832,f:53:834,15.292770182069898,16.717737637739354,True,3,23.651639000939575
6bba_05db0fb1,6bba_05db0fb1:606,union,144,union|6bba_05db0fb1:606|144,0,f:52:801,f:53:832,f:53:854,15.292770182069898,18.600861314408437,True,3,24.593200839274118
6bba_05db0fb1,6bba_05db0fb1:606,union,145,union|6bba_05db0fb1:606|145,0,f:52:801,f:53:832,f:53:951,15.292770182069898,10.304777898386746,True,3,20.44515913126327
6bba_05db0fb1,6bba_05db0fb1:606,union,146,union|6bba_05db0fb1:606|146,0,f:52:801,f:53:832,f:53:984,15.292770182069898,18.569045010422265,True,3,24.57729268728103
6bba_05db0fb1,6bba_05db0fb1:606,union,147,union|6bba_05db0fb1:606|147,0,f:52:801,f:53:834,f:53:854,14.63789875910714,13.88391752062435,True,3,21.579857519419313
6bba_05db0fb1,6bba_05db0fb1:606,union,148,union|6bba_05db0fb1:606|148,0,f:52:801,f:53:834,f:53:951,8.07295029710121,10.17656476064676,True,3,13.16123267742459
6bba_05db0fb1,6bba_05db0fb1:606,union,149,union|6bba_05db0fb1:606|149,0,f:52:801,f:53:834,f:53:984,11.010633654705886,12.601928336621752,True,3,17.31159782301676
6bba_05db0fb1,6bba_05db0fb1:606,union,150,union|6bba_05db0fb1:606|150,1,f:52:801,f:53:834,f:53:1001,9.049092925210205,8.659417467423417,True,3,13.378801658921914
6bba_05db0fb1,6bba_05db0fb1:606,union,151,union|6bba_05db0fb1:606|151,0,f:52:801,f:53:854,f:53:951,14.63789875910714,19.331551015808408,True,3,24.303674267011345
6bba_05db0fb1,6bba_05db0fb1:606,union,152,union|6bba_05db0fb1:606|152,0,f:52:801,f:53:951,f:53:984,11.010633654705886,8.55329538326246,True,3,15.287281346337117
6bba_05db0fb1,6bba_05db0fb1:606,union,153,union|6bba_05db0fb1:606|153,0,f:52:801,f:53:951,f:53:1001,9.049092925210205,14.678168210597503,True,3,16.388177030508956
6bba_05db0fb1,6bba_05db0fb1:606,union,154,union|6bba_05db0fb1:606|154,0,f:52:801,f:53:984,f:53:1001,11.010633654705886,11.298109464980778,True,3,16.659688387196276
6bba_05db0fb1,6bba_05db0fb1:751,union,0,union|6bba_05db0fb1:751|0,0,c:62:3610:648,c:63:4254:76,p:63:4257,13.978778558944269,14.534441853748634,False,0,21.245999485818587
6bba_05db0fb1,6bba_05db0fb1:751,union,1,union|6bba_05db0fb1:751|1,0,c:62:3610:648,c:63:4254:76,c:63:4271:97,10.531203634912773,11.490485194281398,False,0,16.276446232053473
6bba_05db0fb1,6bba_05db0fb1:751,union,2,union|6bba_05db0fb1:751|2,0,c:62:3610:648,c:63:4254:76,p:63:4284,12.795262795269194,7.621925609713073,False,0,16.60622560012573
6bba_05db0fb1,6bba_05db0fb1:751,union,3,union|6bba_05db0fb1:751|3,0,c:62:3610:648,c:63:4254:76,p:63:4316,11.02128622257856,10.531203634912773,False,0,16.286888040034945
6bba_05db0fb1,6bba_05db0fb1:751,union,4,union|6bba_05db0fb1:751|4,0,c:62:3610:648,c:63:4254:76,c:63:4337:628,10.531203634912773,11.604821196382131,False,0,16.333614233103837
6bba_05db0fb1,6bba_05db0fb1:751,union,5,union|6bba_05db0fb1:751|5,0,c:62:3610:648,c:63:4254:76,p:63:4351,10.531203634912773,16.168545852982575,False,0,18.61547656140406
6bba_05db0fb1,6bba_05db0fb1:751,union,6,union|6bba_05db0fb1:751|6,0,c:62:3610:648,c:63:4254:76,p:63:4353,10.531203634912773,13.498263777241872,False,0,17.280335523533708
6bba_05db0fb1,6bba_05db0fb1:751,union,7,union|6bba_05db0fb1:751|7,0,c:62:3610:648,c:63:4254:76,p:63:4355,11.830178570080843,18.45645212385089,False,0,21.058404632006287
6bba_05db0fb1,6bba_05db0fb1:751,union,8,union|6bba_05db0fb1:751|8,0,c:62:3610:648,c:63:4254:76,c:63:4368:620,13.978778558944269,14.715000849473302,False,0,21.33627898368092
6bba_05db0fb1,6bba_05db0fb1:751,union,9,union|6bba_05db0fb1:751|9,0,c:62:3610:648,c:63:4254:76,c:63:4370:652,10.531203634912773,19.5,False,0,20.28120363491277
6bba_05db0fb1,6bba_05db0fb1:751,union,10,union|6bba_05db0fb1:751|10,0,c:62:3610:648,c:63:4254:76,f:63:19,14.411113142339369,14.808723648215107,True,1,21.81547496644692
6bba_05db0fb1,6bba_05db0fb1:751,union,11,union|6bba_05db0fb1:751|11,0,c:62:3610:648,c:63:4254:76,f:63:85,12.70541363553891,6.991121702401446,True,1,16.200974486739632
6bba_05db0fb1,6bba_05db0fb1:751,union,12,union|6bba_05db0fb1:751|12,0,c:62:3610:648,c:63:4254:76,f:63:630,10.531203634912773,12.239375233865884,True,1,16.650891251845714
6bba_05db0fb1,6bba_05db0fb1:751,union,13,union|6bba_05db0fb1:751|13,0,c:62:3610:648,c:63:4254:76,f:63:641,11.390277596874732,18.1448304648322,True,1,20.46269282929083
6bba_05db0fb1,6bba_05db0fb1:751,union,14,union|6bba_05db0fb1:751|14,0,c:62:3610:648,c:63:4254:76,f:63:644,11.396932642657292,10.69558491855567,True,1,16.744725101935128
6bba_05db0fb1,6bba_05db0fb1:751,union,15,union|6bba_05db0fb1:751|15,0,c:62:3610:648,c:63:4254:76,f:63:649,11.177303534934493,17.850171814282874,True,1,20.102389442075932
6bba_05db0fb1,6bba_05db0fb1:751,union,16,union|6bba_05db0fb1:751|16,0,c:62:3610:648,c:63:4254:76,f:63:655,10.531203634912773,16.004847494525094,True,1,18.533627382175318
6bba_05db0fb1,6bba_05db0fb1:751,union,17,union|6bba_05db0fb1:751|17,0,c:62:3610:648,p:63:4257,c:63:4271:97,13.978778558944269,13.978778558944269,False,0,20.968167838416402
6bba_05db0fb1,6bba_05db0fb1:751,union,18,union|6bba_05db0fb1:751|18,0,c:62:3610:648,p:63:4257,p:63:4284,13.978778558944269,14.351611407782752,False,0,21.154584262835645
6bba_05db0fb1,6bba_05db0fb1:751,union,19,union|6bba_05db0fb1:751|19,0,c:62:3610:648,p:63:4257,c:63:4337:628,13.978778558944269,14.072912811497128,False,0,21.015234964692834
6bba_05db0fb1,6bba_05db0fb1:751,union,20,union|6bba_05db0fb1:751|20,0,c:62:3610:648,p:63:4257,p:63:4353,13.978778558944269,13.498263777241872,False,0,20.727910447565204
6bba_05db0fb1,6bba_05db0fb1:751,union,21,union|6bba_05db0fb1:751|21,0,c:62:3610:648,p:63:4257,p:63:4355,13.978778558944269,11.375,False,0,19.66627855894427
6bba_05db0fb1,6bba_05db0fb1:751,union,22,union|6bba_05db0fb1:751|22,0,c:62:3610:648,p:63:4257,c:63:4370:652,13.978778558944269,15.921683328090658,False,0,21.939620222989596
6bba_05db0fb1,6bba_05db0fb1:751,union,23,union|6bba_05db0fb1:751|23,0,c:62:3610:648,p:63:4257,f:63:19,14.411113142339369,0.6533678573329533,True,1,14.737797071005845
6bba_05db0fb1,6bba_05db0fb1:751,union,24,union|6bba_05db0fb1:751|24,0,c:62:3610:648,p:63:4257,f:63:85,13.978778558944269,14.774119719363075,True,1,21.365838418625806
6bba_05db0fb1,6bba_05db0fb1:751,union,25,union|6bba_05db0fb1:751|25,0,c:62:3610:648,p:63:4257,f:63:630,13.978778558944269,13.704904968164055,True,1,20.831231043026296
6bba_05db0fb1,6bba_05db0fb1:751,union,26,union|6bba_05db0fb1:751|26,0,c:62:3610:648,p:63:4257,f:63:641,13.978778558944269,11.319581066753116,True,1,19.63856909232083
6bba_05db0fb1,6bba_05db0fb1:751,union,27,union|6bba_05db0fb1:751|27,0,c:62:3610:648,p:63:4257,f:63:649,13.978778558944269,16.63846501119115,True,1,22.298011064539843
6bba_05db0fb1,6bba_05db0fb1:751,union,28,union|6bba_05db0fb1:751|28,0,c:62:3610:648,p:63:4257,f:63:655,13.978778558944269,11.366286796389193,True,1,19.661921957138865
6bba_05db0fb1,6bba_05db0fb1:751,union,29,union|6bba_05db0fb1:751|29,0,c:62:3610:648,c:63:4271:97,p:63:4284,12.795262795269194,17.04314378276496,False,0,21.316834686651674
6bba_05db0fb1,6bba_05db0fb1:751,union,30,union|6bba_05db0fb1:751|30,0,c:62:3610:648,c:63:4271:97,p:63:4316,11.02128622257856,13.595725431178728,False,0,17.819148938167924
6bba_05db0fb1,6bba_05db0fb1:751,union,31,union|6bba_05db0fb1:751|31,0,c:62:3610:648,c:63:4271:97,c:63:4317:619,14.625,10.65583760199075,False,0,19.952918800995377
6bba_05db0fb1,6bba_05db0fb1:751,union,32,union|6bba_05db0fb1:751|32,1,c:62:3610:648,c:63:4271:97,c:63:4337:628,8.285906709588275,7.44668550430324,False,0,12.009249461739895
6bba_05db0fb1,6bba_05db0fb1:751,union,33,union|6bba_05db0fb1:751|33,0,c:62:3610:648,c:63:4271:97,p:63:4351,10.405076885828379,13.101168840985142,False,0,16.95566130632095
6bba_05db0fb1,6bba_05db0fb1:751,union,34,union|6bba_05db0fb1:751|34,0,c:62:3610:648,c:63:4271:97,p:63:4353,8.285906709588275,14.259317129512198,False,0,15.415565274344374
6bba_05db0fb1,6bba_05db0fb1:751,union,35,union|6bba_05db0fb1:751|35,0,c:62:3610:648,c:63:4271:97,p:63:4355,11.830178570080843,16.965498076979642,False,0,20.312927608570664
6bba_05db0fb1,6bba_05db0fb1:751,union,36,union|6bba_05db0fb1:751|36,0,c:62:3610:648,c:63:4271:97,c:63:4370:652,9.475296829123613,13.201562407533435,False,0,16.07607803289033
6bba_05db0fb1,6bba_05db0fb1:751,union,37,union|6bba_05db0fb1:751|37,0,c:62:3610:648,c:63:4271:97,p:63:4442,15.41610359332085,19.768978223469215,False,0,25.300592705055458
6bba_05db0fb1,6bba_05db0fb1:751,union,38,union|6bba_05db0fb1:751|38,0,c:62:3610:648,c:63:4271:97,f:63:19,14.411113142339369,14.595839692993692,True,1,21.709032988836213
6bba_05db0fb1,6bba_05db0fb1:751,union,39,union|6bba_05db0fb1:751|39,0,c:62:3610:648,c:63:4271:97,f:63:85,12.70541363553891,16.788806319519665,True,1,21.099816795298743
6bba_05db0fb1,6bba_05db0fb1:751,union,40,union|6bba_05db0fb1:751|40,0,c:62:3610:648,c:63:4271:97,f:63:630,8.285906709588275,13.86709802398171,True,1,15.21945572157913
6bba_05db0fb1,6bba_05db0fb1:751,union,41,union|6bba_05db0fb1:751|41,0,c:62:3610:648,c:63:4271:97,f:63:641,11.390277596874732,16.56453867183249,True,1,19.67254693279098
6bba_05db0fb1,6bba_05db0fb1:751,union,42,union|6bba_05db0fb1:751|42,0,c:62:3610:648,c:63:4271:97,f:63:644,11.396932642657292,14.011064369664028,True,1,18.402464827489307
6bba_05db0fb1,6bba_05db0fb1:751,union,43,union|6bba_05db0fb1:751|43,0,c:62:3610:648,c:63:4271:97,f:63:649,11.177303534934493,6.691139185203595,True,1,14.522873127536291
6bba_05db0fb1,6bba_05db0fb1:751,union,44,union|6bba_05db0fb1:751|44,0,c:62:3610:648,c:63:4271:97,f:63:655,8.285906709588275,9.075798485820464,True,1,12.823805952498507
6bba_05db0fb1,6bba_05db0fb1:751,union,45,union|6bba_05db0fb1:751|45,0,c:62:3610:648,p:63:4284,p:63:4316,12.795262795269194,14.89337100860648,False,0,20.241948299572435
6bba_05db0fb1,6bba_05db0fb1:751,union,46,union|6bba_05db0fb1:751|46,0,c:62:3610:648,p:63:4284,c:63:4337:628,12.795262795269194,14.259317129512198,False,0,19.924921360025294
6bba_05db0fb1,6bba_05db0fb1:751,union,47,union|6bba_05db0fb1:751|47,0,c:62:3610:648,p:63:4284,p:63:4353,12.795262795269194,11.604821196382131,False,0,18.59767339346026
6bba_05db0fb1,6bba_05db0fb1:751,union,48,union|6bba_05db0fb1:751|48,0,c:62:3610:648,p:63:4284,p:63:4355,12.795262795269194,16.168545852982575,False,0,20.879535721760483
6bba_05db0fb1,6bba_05db0fb1:751,union,49,union|6bba_05db0fb1:751|49,0,c:62:3610:648,p:63:4284,c:63:4368:620,13.978778558944269,13.788582233137676,False,0,20.873069675513108
6bba_05db0fb1,6bba_05db0fb1:751,union,50,union|6bba_05db0fb1:751|50,0,c:62:3610:648,p:63:4284,c:63:4427:653,14.351611407782752,16.57181341917655,False,0,22.637518117371027
6bba_05db0fb1,6bba_05db0fb1:751,union,51,union|6bba_05db0fb1:751|51,0,c:62:3610:648,p:63:4284,f:63:19,14.411113142339369,14.325668096140042,True,1,21.573947190409392
6bba_05db0fb1,6bba_05db0fb1:751,union,52,union|6bba_05db0fb1:751|52,0,c:62:3610:648,p:63:4284,f:63:85,12.795262795269194,0.8758654695048886,True,1,13.233195530021638
6bba_05db0fb1,6bba_05db0fb1:751,union,53,union|6bba_05db0fb1:751|53,0,c:62:3610:648,p:63:4284,f:63:630,12.795262795269194,10.426076457079473,True,1,18.00830102380893
6bba_05db0fb1,6bba_05db0fb1:751,union,54,union|6bba_05db0fb1:751|54,0,c:62:3610:648,p:63:4284,f:63:641,12.795262795269194,15.990158119556286,True,1,20.790341855047338
6bba_05db0fb1,6bba_05db0fb1:751,union,55,union|6bba_05db0fb1:751|55,0,c:62:3610:648,p:63:4284,f:63:644,12.795262795269194,14.969233325692839,True,1,20.279879458115612
6bba_05db0fb1,6bba_05db0fb1:751,union,56,union|6bba_05db0fb1:751|56,0,c:62:3610:648,p:63:4284,f:63:655,12.795262795269194,17.871192003943055,True,1,21.73085879724072
6bba_05db0fb1,6bba_05db0fb1:751,union,57,union|6bba_05db0fb1:751|57,0,c:62:3610:648,p:63:4316,c:63:4317:619,14.625,18.16805231718579,False,0,23.709026158592895
6bba_05db0fb1,6bba_05db0fb1:751,union,58,union|6bba_05db0fb1:751|58,0,c:62:3610:648,p:63:4316,c:63:4337:628,11.02128622257856,11.830178570080843,False,0,16.936375507618983
6bba_05db0fb1,6bba_05db0fb1:751,union,59,union|6bba_05db0fb1:751|59,0,c:62:3610:648,p:63:4316,p:63:4351,11.02128622257856,8.125,False,0,15.08378622257856
6bba_05db0fb1,6bba_05db0fb1:751,union,60,union|6bba_05db0fb1:751|60,0,c:62:3610:648,p:63:4316,p:63:4353,11.02128622257856,15.501512023025366,False,0,18.772042234091245
6bba_05db0fb1,6bba_05db0fb1:751,union,61,union|6bba_05db0fb1:751|61,0,c:62:3610:648,p:63:4316,c:63:4368:620,13.978778558944269,9.75,False,0,18.85377855894427
6bba_05db0fb1,6bba_05db0fb1:751,union,62,union|6bba_05db0fb1:751|62,0,c:62:3610:648,p:63:4316,c:63:4370:652,11.02128622257856,19.63494970709118,False,0,20.83876107612415
6bba_05db0fb1,6bba_05db0fb1:751,union,63,union|6bba_05db0fb1:751|63,0,c:62:3610:648,p:63:4316,c:63:4427:653,14.351611407782752,18.669828601248593,False,0,23.686525708407046
6bba_05db0fb1,6bba_05db0fb1:751,union,64,union|6bba_05db0fb1:751|64,0,c:62:3610:648,p:63:4316,p:63:4459,14.804454566109486,18.45645212385089,False,0,24.03268062803493
6bba_05db0fb1,6bba_05db0fb1:751,union,65,union|6bba_05db0fb1:751|65,0,c:62:3610:648,p:63:4316,f:63:85,12.70541363553891,14.230430615352477,True,1,19.820628943215148
6bba_05db0fb1,6bba_05db0fb1:751,union,66,union|6bba_05db0fb1:751|66,0,c:62:3610:648,p:63:4316,f:63:630,11.02128622257856,14.235338699004945,True,1,18.13895557208103
6bba_05db0fb1,6bba_05db0fb1:751,union,67,union|6bba_05db0fb1:751|67,0,c:62:3610:648,p:63:4316,f:63:644,11.396932642657292,0.4350894048267445,True,1,11.614477345070664
6bba_05db0fb1,6bba_05db0fb1:751,union,68,union|6bba_05db0fb1:751|68,0,c:62:3610:648,p:63:4316,f:63:649,11.177303534934493,18.173444548264836,True,1,20.26402580906691
6bba_05db0fb1,6bba_05db0fb1:751,union,69,union|6bba_05db0fb1:751|69,0,c:62:3610:648,p:63:4316,f:63:655,11.02128622257856,18.437391072161986,True,1,20.239981758659553
6bba_05db0fb1,6bba_05db0fb1:751,union,70,union|6bba_05db0fb1:751|70,0,c:62:3610:648,c:63:4317:619,c:63:4337:628,14.625,13.201562407533435,False,0,21.22578120376672
6bba_05db0fb1,6bba_05db0fb1:751,union,71,union|6bba_05db0fb1:751|71,0,c:62:3610:648,c:63:4317:619,p:63:4351,14.625,12.795262795269194,False,0,21.022631397634598
6bba_05db0fb1,6bba_05db0fb1:751,union,72,union|6bba_05db0fb1:751|72,0,c:62:3610:648,c:63:4317:619,c:63:4370:652,14.625,14.625,False,0,21.9375
6bba_05db0fb1,6bba_05db0fb1:751,union,73,union|6bba_05db0fb1:751|73,0,c:62:3610:648,c:63:4317:619,p:63:4442,15.41610359332085,16.168545852982575,False,0,23.500376519812136
6bba_05db0fb1,6bba_05db0fb1:751,union,74,union|6bba_05db0fb1:751|74,0,c:62:3610:648,c:63:4317:619,f:63:644,14.625,18.562897887423187,True,1,23.906448943711595
6bba_05db0fb1,6bba_05db0fb1:751,union,75,union|6bba_05db0fb1:751|75,0,c:62:3610:648,c:63:4317:619,f:63:649,14.625,6.690584885479887,True,1,17.970292442739943
6bba_05db0fb1,6bba_05db0fb1:751,union,76,union|6bba_05db0fb1:751|76,0,c:62:3610:648,c:63:4317:619,f:63:655,14.625,13.740505212966882,True,1,21.49525260648344
6bba_05db0fb1,6bba_05db0fb1:751,union,77,union|6bba_05db0fb1:751|77,0,c:62:3610:648,c:63:4337:628,p:63:4351,10.405076885828379,10.277402395547233,False,0,15.543778083601996
6bba_05db0fb1,6bba_05db0fb1:751,union,78,union|6bba_05db0fb1:751|78,0,c:62:3610:648,c:63:4337:628,p:63:4353,6.700046641628698,7.621925609713073,False,0,10.511009446485234
6bba_05db0fb1,6bba_05db0fb1:751,union,79,union|6bba_05db0fb1:751|79,0,c:62:3610:648,c:63:4337:628,p:63:4355,11.830178570080843,11.941262496067994,False,0,17.80080981811484
6bba_05db0fb1,6bba_05db0fb1:751,union,80,union|6bba_05db0fb1:751|80,0,c:62:3610:648,c:63:4337:628,c:63:4368:620,13.978778558944269,15.33021933959198,False,0,21.64388822874026
6bba_05db0fb1,6bba_05db0fb1:751,union,81,union|6bba_05db0fb1:751|81,0,c:62:3610:648,c:63:4337:628,c:63:4370:652,9.475296829123613,8.443747686898277,False,0,13.697170672572751
6bba_05db0fb1,6bba_05db0fb1:751,union,82,union|6bba_05db0fb1:751|82,0,c:62:3610:648,c:63:4337:628,c:63:4427:653,14.351611407782752,15.33021933959198,False,0,22.016721077578744
6bba_05db0fb1,6bba_05db0fb1:751,union,83,union|6bba_05db0fb1:751|83,0,c:62:3610:648,c:63:4337:628,p:63:4442,15.41610359332085,14.625,False,0,22.728603593320848
6bba_05db0fb1,6bba_05db0fb1:751,union,84,union|6bba_05db0fb1:751|84,0,c:62:3610:648,c:63:4337:628,p:63:4459,14.804454566109486,15.069630055180518,False,0,22.339269593699747
6bba_05db0fb1,6bba_05db0fb1:751,union,85,union|6bba_05db0fb1:751|85,0,c:62:3610:648,c:63:4337:628,f:63:19,14.411113142339369,14.549147206868252,True,1,21.685686745773495
6bba_05db0fb1,6bba_05db0fb1:751,union,86,union|6bba_05db0fb1:751|86,0,c:62:3610:648,c:63:4337:628,f:63:85,12.70541363553891,14.17743857831851,True,1,19.794132924698165
6bba_05db0fb1,6bba_05db0fb1:751,union,87,union|6bba_05db0fb1:751|87,0,c:62:3610:648,c:63:4337:628,f:63:630,6.163748727359161,7.343578051255245,True,1,9.835537752986784
6bba_05db0fb1,6bba_05db0fb1:751,union,88,union|6bba_05db0fb1:751|88,0,c:62:3610:648,c:63:4337:628,f:63:641,11.390277596874732,11.49164683987688,True,1,17.13610101681317
6bba_05db0fb1,6bba_05db0fb1:751,union,89,union|6bba_05db0fb1:751|89,0,c:62:3610:648,c:63:4337:628,f:63:644,11.396932642657292,12.22816942630635,True,1,17.511017355810466
6bba_05db0fb1,6bba_05db0fb1:751,union,90,union|6bba_05db0fb1:751|90,0,c:62:3610:648,c:63:4337:628,f:63:649,11.177303534934493,9.640372847816845,True,1,15.997489958842916
6bba_05db0fb1,6bba_05db0fb1:751,union,91,union|6bba_05db0fb1:751|91,0,c:62:3610:648,c:63:4337:628,f:63:655,7.862639086648892,6.7373961585691955,True,1,11.231337165933489
6bba_05db0fb1,6bba_05db0fb1:751,union,92,union|6bba_05db0fb1:751|92,0,c:62:3610:648,p:63:4351,p:63:4353,10.405076885828379,15.41610359332085,False,0,18.113128682488803
6bba_05db0fb1,6bba_05db0fb1:751,union,93,union|6bba_05db0fb1:751|93,0,c:62:3610:648,p:63:4351,c:63:4368:620,13.978778558944269,13.498263777241872,False,0,20.727910447565204
6bba_05db0fb1,6bba_05db0fb1:751,union,94,union|6bba_05db0fb1:751|94,0,c:62:3610:648,p:63:4351,c:63:4370:652,10.405076885828379,15.501512023025366,False,0,18.155832897341064
6bba_05db0fb1,6bba_05db0fb1:751,union,95,union|6bba_05db0fb1:751|95,0,c:62:3610:648,p:63:4351,c:63:4427:653,14.351611407782752,18.16805231718579,False,0,23.435637566375647
6bba_05db0fb1,6bba_05db0fb1:751,union,96,union|6bba_05db0fb1:751|96,0,c:62:3610:648,p:63:4351,p:63:4442,15.41610359332085,14.259317129512198,False,0,22.545762158076947
6bba_05db0fb1,6bba_05db0fb1:751,union,97,union|6bba_05db0fb1:751|97,0,c:62:3610:648,p:63:4351,p:63:4459,14.804454566109486,14.351611407782752,False,0,21.980260270000862
6bba_05db0fb1,6bba_05db0fb1:751,union,98,union|6bba_05db0fb1:751|98,0,c:62:3610:648,p:63:4351,f:63:85,12.70541363553891,19.67687646875072,True,1,22.54385186991427
6bba_05db0fb1,6bba_05db0fb1:751,union,99,union|6bba_05db0fb1:751|99,0,c:62:3610:648,p:63:4351,f:63:630,10.405076885828379,14.752860352991815,True,1,17.781507062324287
6bba_05db0fb1,6bba_05db0fb1:751,union,100,union|6bba_05db0fb1:751|100,0,c:62:3610:648,p:63:4351,f:63:644,11.396932642657292,8.397800383465343,True,1,15.595832834389963
6bba_05db0fb1,6bba_05db0fb1:751,union,101,union|6bba_05db0fb1:751|101,0,c:62:3610:648,p:63:4351,f:63:649,11.177303534934493,14.527912874160346,True,1,18.441259972014667
6bba_05db0fb1,6bba_05db0fb1:751,union,102,union|6bba_05db0fb1:751|102,0,c:62:3610:648,p:63:4351,f:63:655,10.405076885828379,16.009552867092022,True,1,18.409853319374392
6bba_05db0fb1,6bba_05db0fb1:751,union,103,union|6bba_05db0fb1:751|103,0,c:62:3610:648,p:63:4353,p:63:4355,11.830178570080843,7.267220926874317,False,0,15.463789033518001
6bba_05db0fb1,6bba_05db0fb1:751,union,104,union|6bba_05db0fb1:751|104,0,c:62:3610:648,p:63:4353,c:63:4368:620,13.978778558944269,14.072912811497128,False,0,21.015234964692834
6bba_05db0fb1,6bba_05db0fb1:751,union,105,union|6bba_05db0fb1:751|105,0,c:62:3610:648,p:63:4353,c:63:4370:652,9.475296829123613,9.884489111734608,False,0,14.417541384990916
6bba_05db0fb1,6bba_05db0fb1:751,union,106,union|6bba_05db0fb1:751|106,0,c:62:3610:648,p:63:4353,c:63:4427:653,14.351611407782752,9.613629647536875,False,0,19.15842623155119
6bba_05db0fb1,6bba_05db0fb1:751,union,107,union|6bba_05db0fb1:751|107,0,c:62:3610:648,p:63:4353,p:63:4442,15.41610359332085,16.331047884321446,False,0,23.581627535481573
6bba_05db0fb1,6bba_05db0fb1:751,union,108,union|6bba_05db0fb1:751|108,0,c:62:3610:648,p:63:4353,p:63:4459,14.804454566109486,13.201562407533435,False,0,21.405235769876203
6bba_05db0fb1,6bba_05db0fb1:751,union,109,union|6bba_05db0fb1:751|109,0,c:62:3610:648,p:63:4353,f:63:19,14.411113142339369,13.676317295188845,True,1,21.249271789933793
6bba_05db0fb1,6bba_05db0fb1:751,union,110,union|6bba_05db0fb1:751|110,0,c:62:3610:648,p:63:4353,f:63:85,12.70541363553891,11.930156005051924,True,1,18.670491638064874
6bba_05db0fb1,6bba_05db0fb1:751,union,111,union|6bba_05db0fb1:751|111,0,c:62:3610:648,p:63:4353,f:63:630,6.700046641628698,1.5054576607713268,True,1,7.452775472014362
6bba_05db0fb1,6bba_05db0fb1:751,union,112,union|6bba_05db0fb1:751|112,0,c:62:3610:648,p:63:4353,f:63:641,11.390277596874732,6.924285608159256,True,1,14.85242040095436
6bba_05db0fb1,6bba_05db0fb1:751,union,113,union|6bba_05db0fb1:751|113,0,c:62:3610:648,p:63:4353,f:63:644,11.396932642657292,15.768577523906554,True,1,19.28122140461057
6bba_05db0fb1,6bba_05db0fb1:751,union,114,union|6bba_05db0fb1:751|114,0,c:62:3610:648,p:63:4353,f:63:649,11.177303534934493,16.29044204827083,True,1,19.322524559069908
6bba_05db0fb1,6bba_05db0fb1:751,union,115,union|6bba_05db0fb1:751|115,0,c:62:3610:648,p:63:4353,f:63:655,7.862639086648892,9.902240520018433,True,1,12.81375934665811
6bba_05db0fb1,6bba_05db0fb1:751,union,116,union|6bba_05db0fb1:751|116,0,c:62:3610:648,p:63:4355,c:63:4370:652,11.830178570080843,9.334914300624297,False,0,16.497635720392992
6bba_05db0fb1,6bba_05db0fb1:751,union,117,union|6bba_05db0fb1:751|117,0,c:62:3610:648,p:63:4355,c:63:4427:653,14.351611407782752,14.072912811497128,False,0,21.388067813531315
6bba_05db0fb1,6bba_05db0fb1:751,union,118,union|6bba_05db0fb1:751|118,0,c:62:3610:648,p:63:4355,p:63:4442,15.41610359332085,18.16805231718579,False,0,24.500129751913747
6bba_05db0fb1,6bba_05db0fb1:751,union,119,union|6bba_05db0fb1:751|119,0,c:62:3610:648,p:63:4355,p:63:4459,14.804454566109486,17.35025215955088,False,0,23.479580645884926
6bba_05db0fb1,6bba_05db0fb1:751,union,120,union|6bba_05db0fb1:751|120,0,c:62:3610:648,p:63:4355,f:63:19,14.411113142339369,11.420089819812137,True,1,20.121158052245438
6bba_05db0fb1,6bba_05db0fb1:751,union,121,union|6bba_05db0fb1:751|121,0,c:62:3610:648,p:63:4355,f:63:85,12.70541363553891,16.72843500501522,True,1,21.06963113804652
6bba_05db0fb1,6bba_05db0fb1:751,union,122,union|6bba_05db0fb1:751|122,0,c:62:3610:648,p:63:4355,f:63:630,11.830178570080843,8.607552486270077,True,1,16.13395481321588
6bba_05db0fb1,6bba_05db0fb1:751,union,123,union|6bba_05db0fb1:751|123,0,c:62:3610:648,p:63:4355,f:63:641,11.830178570080843,0.4552500939130671,True,1,12.057803617037377
6bba_05db0fb1,6bba_05db0fb1:751,union,124,union|6bba_05db0fb1:751|124,0,c:62:3610:648,p:63:4355,f:63:649,11.830178570080843,17.24227201364939,True,1,20.45131457690554
6bba_05db0fb1,6bba_05db0fb1:751,union,125,union|6bba_05db0fb1:751|125,0,c:62:3610:648,p:63:4355,f:63:655,11.830178570080843,9.348022968717903,True,1,16.504190054439796
6bba_05db0fb1,6bba_05db0fb1:751,union,126,union|6bba_05db0fb1:751|126,0,c:62:3610:648,c:63:4368:620,c:63:4427:653,14.351611407782752,12.160386507015309,False,0,20.431804661290407
6bba_05db0fb1,6bba_05db0fb1:751,union,127,union|6bba_05db0fb1:751|127,0,c:62:3610:648,c:63:4368:620,p:63:4459,14.804454566109486,14.625,False,0,22.116954566109484
6bba_05db0fb1,6bba_05db0fb1:751,union,128,union|6bba_05db0fb1:751|128,0,c:62:3610:648,c:63:4368:620,f:63:85,13.978778558944269,13.411836987505014,True,1,20.684697052696777
6bba_05db0fb1,6bba_05db0fb1:751,union,129,union|6bba_05db0fb1:751|129,0,c:62:3610:648,c:63:4368:620,f:63:630,13.978778558944269,12.852264394661654,True,1,20.404910756275097
6bba_05db0fb1,6bba_05db0fb1:751,union,130,union|6bba_05db0fb1:751|130,0,c:62:3610:648,c:63:4368:620,f:63:644,13.978778558944269,9.58461862586279,True,1,18.771087871875665
6bba_05db0fb1,6bba_05db0fb1:751,union,131,union|6bba_05db0fb1:751|131,0,c:62:3610:648,c:63:4370:652,c:63:4427:653,14.351611407782752,16.086679271993955,False,0,22.394951043779727
6bba_05db0fb1,6bba_05db0fb1:751,union,132,union|6bba_05db0fb1:751|132,0,c:62:3610:648,c:63:4370:652,p:63:4442,15.41610359332085,10.531203634912773,False,0,20.681705410777237
6bba_05db0fb1,6bba_05db0fb1:751,union,133,union|6bba_05db0fb1:751|133,0,c:62:3610:648,c:63:4370:652,p:63:4459,14.804454566109486,14.259317129512198,False,0,21.934113130865583
6bba_05db0fb1,6bba_05db0fb1:751,union,134,union|6bba_05db0fb1:751|134,0,c:62:3610:648,c:63:4370:652,f:63:19,14.411113142339369,16.326838106848204,True,1,22.57453219576347
6bba_05db0fb1,6bba_05db0fb1:751,union,135,union|6bba_05db0fb1:751|135,0,c:62:3610:648,c:63:4370:652,f:63:630,9.475296829123613,10.89061127939414,True,1,14.920602468820682
6bba_05db0fb1,6bba_05db0fb1:751,union,136,union|6bba_05db0fb1:751|136,0,c:62:3610:648,c:63:4370:652,f:63:641,11.390277596874732,8.975328776034162,True,1,15.877941984891812
6bba_05db0fb1,6bba_05db0fb1:751,union,137,union|6bba_05db0fb1:751|137,0,c:62:3610:648,c:63:4370:652,f:63:649,11.177303534934493,10.644143347003244,True,1,16.499375208436113
6bba_05db0fb1,6bba_05db0fb1:751,union,138,union|6bba_05db0fb1:751|138,0,c:62:3610:648,c:63:4370:652,f:63:655,9.475296829123613,5.520795101967257,True,1,12.23569438010724
6bba_05db0fb1,6bba_05db0fb1:751,union,139,union|6bba_05db0fb1:751|139,0,c:62:3610:648,c:63:4427:653,p:63:4442,15.41610359332085,17.04314378276496,False,0,23.93767548470333
6bba_05db0fb1,6bba_05db0fb1:751,union,140,union|6bba_05db0fb1:751|140,0,c:62:3610:648,c:63:4427:653,p:63:4459,14.804454566109486,8.75089281159357,False,0,19.17990097190627
6bba_05db0fb1,6bba_05db0fb1:751,union,141,union|6bba_05db0fb1:751|141,0,c:62:3610:648,c:63:4427:653,f:63:85,14.351611407782752,16.853795377896923,True,1,22.778509096731213
6bba_05db0fb1,6bba_05db0fb1:751,union,142,union|6bba_05db0fb1:751|142,0,c:62:3610:648,c:63:4427:653,f:63:630,14.351611407782752,9.710069525195536,True,1,19.20664617038052
6bba_05db0fb1,6bba_05db0fb1:751,union,143,union|6bba_05db0fb1:751|143,0,c:62:3610:648,c:63:4427:653,f:63:641,14.351611407782752,13.91979728429573,True,1,21.311510049930618
6bba_05db0fb1,6bba_05db0fb1:751,union,144,union|6bba_05db0fb1:751|144,0,c:62:3610:648,c:63:4427:653,f:63:644,14.351611407782752,18.765571248398462,True,1,23.734397031981985
6bba_05db0fb1,6bba_05db0fb1:751,union,145,union|6bba_05db0fb1:751|145,0,c:62:3610:648,c:63:4427:653,f:63:655,14.351611407782752,18.519871160536518,True,1,23.61154698805101
6bba_05db0fb1,6bba_05db0fb1:751,union,146,union|6bba_05db0fb1:751|146,0,c:62:3610:648,p:63:4442,p:63:4459,15.41610359332085,9.884489111734608,False,0,20.358348149188153
6bba_05db0fb1,6bba_05db0fb1:751,union,147,union|6bba_05db0fb1:751|147,0,c:62:3610:648,p:63:4442,f:63:630,15.41610359332085,16.969884424847802,True,1,23.90104580574475
6bba_05db0fb1,6bba_05db0fb1:751,union,148,union|6bba_05db0fb1:751|148,0,c:62:3610:648,p:63:4442,f:63:641,15.41610359332085,17.846655198220464,True,1,24.339431192431082
6bba_05db0fb1,6bba_05db0fb1:751,union,149,union|6bba_05db0fb1:751|149,0,c:62:3610:648,p:63:4442,f:63:649,15.41610359332085,16.5720190639826,True,1,23.702113125312152
6bba_05db0fb1,6bba_05db0fb1:751,union,150,union|6bba_05db0fb1:751|150,0,c:62:3610:648,p:63:4442,f:63:655,15.41610359332085,15.38262499420265,True,1,23.107416090422177
6bba_05db0fb1,6bba_05db0fb1:751,union,151,union|6bba_05db0fb1:751|151,0,c:62:3610:648,p:63:4459,f:63:630,14.804454566109486,13.468199805946993,True,1,21.53855446908298
6bba_05db0fb1,6bba_05db0fb1:751,union,152,union|6bba_05db0fb1:751|152,0,c:62:3610:648,p:63:4459,f:63:641,14.804454566109486,17.076068543891616,True,1,23.342488838055296
6bba_05db0fb1,6bba_05db0fb1:751,union,153,union|6bba_05db0fb1:751|153,0,c:62:3610:648,p:63:4459,f:63:644,14.804454566109486,18.606634639532025,True,1,24.1077718858755
6bba_05db0fb1,6bba_05db0fb1:751,union,154,union|6bba_05db0fb1:751|154,0,c:62:3610:648,p:63:4459,f:63:655,14.804454566109486,18.289491514709496,True,1,23.949200323464233
6bba_05db0fb1,6bba_05db0fb1:751,union,155,union|6bba_05db0fb1:751|155,0,c:62:3610:648,f:63:19,f:63:85,14.411113142339369,14.777099493825796,True,2,21.799662889252268
6bba_05db0fb1,6bba_05db0fb1:751,union,156,union|6bba_05db0fb1:751|156,0,c:62:3610:648,f:63:19,f:63:630,14.411113142339369,13.891370736953556,True,2,21.356798510816148
6bba_05db0fb1,6bba_05db0fb1:751,union,157,union|6bba_05db0fb1:751|157,0,c:62:3610:648,f:63:19,f:63:641,14.411113142339369,11.387765488223314,True,2,20.104995886451025
6bba_05db0fb1,6bba_05db0fb1:751,union,158,union|6bba_05db0fb1:751|158,0,c:62:3610:648,f:63:19,f:63:649,14.411113142339369,17.271596103788223,True,2,23.04691119423348
6bba_05db0fb1,6bba_05db0fb1:751,union,159,union|6bba_05db0fb1:751|159,0,c:62:3610:648,f:63:19,f:63:655,14.411113142339369,11.879184684117188,True,2,20.350705484397963
6bba_05db0fb1,6bba_05db0fb1:751,union,160,union|6bba_05db0fb1:751|160,0,c:62:3610:648,f:63:85,f:63:630,12.70541363553891,10.689820793047685,True,2,18.050324032062754
6bba_05db0fb1,6bba_05db0fb1:751,union,161,union|6bba_05db0fb1:751|161,0,c:62:3610:648,f:63:85,f:63:641,12.70541363553891,16.532813208077904,True,2,20.971820239577863
6bba_05db0fb1,6bba_05db0fb1:751,union,162,union|6bba_05db0fb1:751|162,0,c:62:3610:648,f:63:85,f:63:644,12.70541363553891,14.296108797854156,True,2,19.85346803446599
6bba_05db0fb1,6bba_05db0fb1:751,union,163,union|6bba_05db0fb1:751|163,0,c:62:3610:648,f:63:85,f:63:655,12.70541363553891,18.03607159122905,True,2,21.723449431153433
6bba_05db0fb1,6bba_05db0fb1:751,union,164,union|6bba_05db0fb1:751|164,0,c:62:3610:648,f:63:630,f:63:641,11.390277596874732,8.269490903032239,True,2,15.525023048390851
6bba_05db0fb1,6bba_05db0fb1:751,union,165,union|6bba_05db0fb1:751|165,0,c:62:3610:648,f:63:630,f:63:644,11.396932642657292,14.488631280620254,True,2,18.641248282967418
6bba_05db0fb1,6bba_05db0fb1:751,union,166,union|6bba_05db0fb1:751|166,0,c:62:3610:648,f:63:630,f:63:649,11.177303534934493,16.456920877424732,True,2,19.40576397364686
6bba_05db0fb1,6bba_05db0fb1:751,union,167,union|6bba_05db0fb1:751|167,0,c:62:3610:648,f:63:630,f:63:655,7.862639086648892,10.537240705713783,True,2,13.131259439505783
6bba_05db0fb1,6bba_05db0fb1:751,union,168,union|6bba_05db0fb1:751|168,0,c:62:3610:648,f:63:641,f:63:649,11.390277596874732,16.856190846821292,True,2,19.818373020285378
6bba_05db0fb1,6bba_05db0fb1:751,union,169,union|6bba_05db0fb1:751|169,0,c:62:3610:648,f:63:641,f:63:655,11.390277596874732,8.972550769290265,True,2,15.876552981519865
6bba_05db0fb1,6bba_05db0fb1:751,union,170,union|6bba_05db0fb1:751|170,0,c:62:3610:648,f:63:644,f:63:649,11.396932642657292,18.607234413318924,True,2,20.700549849316754
6bba_05db0fb1,6bba_05db0fb1:751,union,171,union|6bba_05db0fb1:751|171,0,c:62:3610:648,f:63:644,f:63:655,11.396932642657292,18.845631299072757,True,2,20.819748292193673
6bba_05db0fb1,6bba_05db0fb1:751,union,172,union|6bba_05db0fb1:751|172,0,c:62:3610:648,f:63:649,f:63:655,11.177303534934493,7.911375546728091,True,2,15.13299130829854
6bba_3abfe10a,6bba_3abfe10a:630,pil_only,0,pil_only|6bba_3abfe10a:630|0,0,p:81:445,p:82:1157,p:82:1184,14.072912811497128,17.800983118917898,False,0,22.973404370956075
6bba_3abfe10a,6bba_3abfe10a:630,pil_only,1,pil_only|6bba_3abfe10a:630|1,0,p:81:445,p:82:1157,p:82:1220,14.072912811497128,8.75089281159357,False,0,18.448359217293913
6bba_3abfe10a,6bba_3abfe10a:630,pil_only,2,pil_only|6bba_3abfe10a:630|2,0,p:81:445,p:82:1157,p:82:1254,14.072912811497128,11.375,False,0,19.760412811497126
6bba_3abfe10a,6bba_3abfe10a:630,pil_only,3,pil_only|6bba_3abfe10a:630|3,0,p:81:445,p:82:1157,p:82:1266,14.072912811497128,13.101168840985142,False,0,20.6234972319897
6bba_3abfe10a,6bba_3abfe10a:630,pil_only,4,pil_only|6bba_3abfe10a:630|4,0,p:81:445,p:82:1157,p:82:1270,14.072912811497128,17.04314378276496,False,0,22.59448470287961
6bba_3abfe10a,6bba_3abfe10a:630,pil_only,5,pil_only|6bba_3abfe10a:630|5,0,p:81:445,p:82:1157,p:82:1316,14.072912811497128,17.273986945693807,False,0,22.70990628434403
6bba_3abfe10a,6bba_3abfe10a:630,pil_only,6,pil_only|6bba_3abfe10a:630|6,0,p:81:445,p:82:1157,p:82:1332,14.072912811497128,19.63494970709118,False,0,23.890387665042716
6bba_3abfe10a,6bba_3abfe10a:630,pil_only,7,pil_only|6bba_3abfe10a:630|7,0,p:81:445,p:82:1184,p:82:1220,14.072912811497128,17.577062467886947,False,0,22.8614440454406
6bba_3abfe10a,6bba_3abfe10a:630,pil_only,8,pil_only|6bba_3abfe10a:630|8,0,p:81:445,p:82:1184,p:82:1241,14.072912811497128,8.75089281159357,False,0,18.448359217293913
6bba_3abfe10a,6bba_3abfe10a:630,pil_only,9,pil_only|6bba_3abfe10a:630|9,0,p:81:445,p:82:1184,p:82:1265,14.072912811497128,16.730398979103875,False,0,22.438112301049067
6bba_3abfe10a,6bba_3abfe10a:630,pil_only,10,pil_only|6bba_3abfe10a:630|10,0,p:81:445,p:82:1184,p:82:1266,14.072912811497128,14.259317129512198,False,0,21.202571376253225
6bba_3abfe10a,6bba_3abfe10a:630,pil_only,11,pil_only|6bba_3abfe10a:630|11,0,p:81:445,p:82:1184,p:82:1270,14.072912811497128,11.941262496067994,False,0,20.043544059531126
6bba_3abfe10a,6bba_3abfe10a:630,pil_only,12,pil_only|6bba_3abfe10a:630|12,0,p:81:445,p:82:1184,p:82:1287,14.072912811497128,11.941262496067994,False,0,20.043544059531126
6bba_3abfe10a,6bba_3abfe10a:630,pil_only,13,pil_only|6bba_3abfe10a:630|13,0,p:81:445,p:82:1184,p:82:1306,15.33021933959198,11.941262496067994,False,0,21.300850587625977
6bba_3abfe10a,6bba_3abfe10a:630,pil_only,14,pil_only|6bba_3abfe10a:630|14,0,p:81:445,p:82:1184,p:82:1334,15.921683328090658,15.501512023025366,False,0,23.672439339603343
6bba_3abfe10a,6bba_3abfe10a:630,pil_only,15,pil_only|6bba_3abfe10a:630|15,0,p:81:445,p:82:1220,p:82:1241,11.941262496067994,17.04314378276496,False,0,20.462834387450474
6bba_3abfe10a,6bba_3abfe10a:630,pil_only,16,pil_only|6bba_3abfe10a:630|16,0,p:81:445,p:82:1220,p:82:1254,13.978778558944269,11.941262496067994,False,0,19.949409806978267
6bba_3abfe10a,6bba_3abfe10a:630,pil_only,17,pil_only|6bba_3abfe10a:630|17,0,p:81:445,p:82:1220,p:82:1265,10.405076885828379,14.259317129512198,False,0,17.534735450584478
6bba_3abfe10a,6bba_3abfe10a:630,pil_only,18,pil_only|6bba_3abfe10a:630|18,0,p:81:445,p:82:1220,p:82:1266,7.621925609713073,7.621925609713073,False,0,11.432888414569609
6bba_3abfe10a,6bba_3abfe10a:630,pil_only,19,pil_only|6bba_3abfe10a:630|19,0,p:81:445,p:82:1220,p:82:1270,11.375,16.168545852982575,False,0,19.459272926491288
6bba_3abfe10a,6bba_3abfe10a:630,pil_only,20,pil_only|6bba_3abfe10a:630|20,0,p:81:445,p:82:1220,p:82:1316,12.795262795269194,11.718041645257966,False,0,18.654283617898177
6bba_3abfe10a,6bba_3abfe10a:630,pil_only,21,pil_only|6bba_3abfe10a:630|21,0,p:81:445,p:82:1220,p:82:1332,8.75089281159357,11.604821196382131,False,0,14.553303409784636
6bba_3abfe10a,6bba_3abfe10a:630,pil_only,22,pil_only|6bba_3abfe10a:630|22,0,p:81:445,p:82:1220,p:82:1391,11.604821196382131,18.16805231718579,False,0,20.688847354975024
6bba_3abfe10a,6bba_3abfe10a:630,pil_only,23,pil_only|6bba_3abfe10a:630|23,0,p:81:445,p:82:1241,p:82:1265,11.941262496067994,9.334914300624297,False,0,16.60871964638014
6bba_3abfe10a,6bba_3abfe10a:630,pil_only,24,pil_only|6bba_3abfe10a:630|24,0,p:81:445,p:82:1241,p:82:1266,11.941262496067994,13.400093283257396,False,0,18.64130913769669
6bba_3abfe10a,6bba_3abfe10a:630,pil_only,25,pil_only|6bba_3abfe10a:630|25,0,p:81:445,p:82:1241,p:82:1270,11.941262496067994,15.33021933959198,False,0,19.606372165863984
6bba_3abfe10a,6bba_3abfe10a:630,pil_only,26,pil_only|6bba_3abfe10a:630|26,0,p:81:445,p:82:1241,p:82:1287,13.498263777241872,5.3895152843275245,False,0,16.193021419405635
6bba_3abfe10a,6bba_3abfe10a:630,pil_only,27,pil_only|6bba_3abfe10a:630|27,0,p:81:445,p:82:1241,p:82:1306,15.33021933959198,11.830178570080843,False,0,21.2453086246324
6bba_3abfe10a,6bba_3abfe10a:630,pil_only,28,pil_only|6bba_3abfe10a:630|28,0,p:81:445,p:82:1241,p:82:1332,11.941262496067994,18.740414216340042,False,0,21.311469604238013
6bba_3abfe10a,6bba_3abfe10a:630,pil_only,29,pil_only|6bba_3abfe10a:630|29,0,p:81:445,p:82:1241,p:82:1334,15.921683328090658,11.02128622257856,False,0,21.43232643937994
6bba_3abfe10a,6bba_3abfe10a:630,pil_only,30,pil_only|6bba_3abfe10a:630|30,0,p:81:445,p:82:1241,p:82:1391,11.941262496067994,17.577062467886947,False,0,20.729793730011465
6bba_3abfe10a,6bba_3abfe10a:630,pil_only,31,pil_only|6bba_3abfe10a:630|31,0,p:81:445,p:82:1254,p:82:1266,13.978778558944269,11.941262496067994,False,0,19.949409806978267
6bba_3abfe10a,6bba_3abfe10a:630,pil_only,32,pil_only|6bba_3abfe10a:630|32,0,p:81:445,p:82:1254,p:82:1270,13.978778558944269,14.625,False,0,21.29127855894427
6bba_3abfe10a,6bba_3abfe10a:630,pil_only,33,pil_only|6bba_3abfe10a:630|33,0,p:81:445,p:82:1254,p:82:1316,13.978778558944269,10.531203634912773,False,0,19.244380376400656
6bba_3abfe10a,6bba_3abfe10a:630,pil_only,34,pil_only|6bba_3abfe10a:630|34,0,p:81:445,p:82:1254,p:82:1332,13.978778558944269,16.00439392791867,False,0,21.980975522903606
6bba_3abfe10a,6bba_3abfe10a:630,pil_only,35,pil_only|6bba_3abfe10a:630|35,0,p:81:445,p:82:1254,p:82:1391,13.978778558944269,19.835652875567266,False,0,23.896604996727902
6bba_3abfe10a,6bba_3abfe10a:630,pil_only,36,pil_only|6bba_3abfe10a:630|36,0,p:81:445,p:82:1265,p:82:1266,10.405076885828379,12.691655723348314,False,0,16.750904747502535
6bba_3abfe10a,6bba_3abfe10a:630,pil_only,37,pil_only|6bba_3abfe10a:630|37,0,p:81:445,p:82:1265,p:82:1270,11.375,19.63494970709118,False,0,21.19247485354559
6bba_3abfe10a,6bba_3abfe10a:630,pil_only,38,pil_only|6bba_3abfe10a:630|38,0,p:81:445,p:82:1265,p:82:1287,13.498263777241872,11.02128622257856,False,0,19.00890688853115
6bba_3abfe10a,6bba_3abfe10a:630,pil_only,39,pil_only|6bba_3abfe10a:630|39,0,p:81:445,p:82:1265,p:82:1306,15.33021933959198,18.240579760522966,False,0,24.450509219853465
6bba_3abfe10a,6bba_3abfe10a:630,pil_only,40,pil_only|6bba_3abfe10a:630|40,0,p:81:445,p:82:1265,p:82:1332,10.405076885828379,13.201562407533435,False,0,17.005858089595097
6bba_3abfe10a,6bba_3abfe10a:630,pil_only,41,pil_only|6bba_3abfe10a:630|41,0,p:81:445,p:82:1265,p:82:1334,15.921683328090658,15.33021933959198,False,0,23.586792997886647
6bba_3abfe10a,6bba_3abfe10a:630,pil_only,42,pil_only|6bba_3abfe10a:630|42,0,p:81:445,p:82:1265,p:82:1391,11.604821196382131,15.41610359332085,False,0,19.312872993042557
6bba_3abfe10a,6bba_3abfe10a:630,pil_only,43,pil_only|6bba_3abfe10a:630|43,0,p:81:445,p:82:1266,p:82:1270,11.375,9.884489111734608,False,0,16.317244555867305
6bba_3abfe10a,6bba_3abfe10a:630,pil_only,44,pil_only|6bba_3abfe10a:630|44,0,p:81:445,p:82:1266,p:82:1287,13.498263777241872,14.804454566109486,False,0,20.900491060296616
6bba_3abfe10a,6bba_3abfe10a:630,pil_only,45,pil_only|6bba_3abfe10a:630|45,0,p:81:445,p:82:1266,p:82:1306,15.33021933959198,15.33021933959198,False,0,22.995329009387973
6bba_3abfe10a,6bba_3abfe10a:630,pil_only,46,pil_only|6bba_3abfe10a:630|46,0,p:81:445,p:82:1266,p:82:1316,12.795262795269194,11.941262496067994,False,0,18.76589404330319
6bba_3abfe10a,6bba_3abfe10a:630,pil_only,47,pil_only|6bba_3abfe10a:630|47,0,p:81:445,p:82:1266,p:82:1332,8.75089281159357,9.334914300624297,False,0,13.418349961905719
6bba_3abfe10a,6bba_3abfe10a:630,pil_only,48,pil_only|6bba_3abfe10a:630|48,0,p:81:445,p:82:1266,p:82:1334,15.921683328090658,16.730398979103875,False,0,24.286882817642596
6bba_3abfe10a,6bba_3abfe10a:630,pil_only,49,pil_only|6bba_3abfe10a:630|49,1,p:81:445,p:82:1266,p:82:1391,11.604821196382131,11.830178570080843,False,0,17.519910481422553
6bba_3abfe10a,6bba_3abfe10a:630,pil_only,50,pil_only|6bba_3abfe10a:630|50,0,p:81:445,p:82:1270,p:82:1287,13.498263777241872,15.41610359332085,False,0,21.206315573902298
6bba_3abfe10a,6bba_3abfe10a:630,pil_only,51,pil_only|6bba_3abfe10a:630|51,0,p:81:445,p:82:1270,p:82:1306,15.33021933959198,10.277402395547233,False,0,20.468920537365598
6bba_3abfe10a,6bba_3abfe10a:630,pil_only,52,pil_only|6bba_3abfe10a:630|52,0,p:81:445,p:82:1270,p:82:1316,12.795262795269194,19.158467449146343,False,0,22.374496519842367
6bba_3abfe10a,6bba_3abfe10a:630,pil_only,53,pil_only|6bba_3abfe10a:630|53,0,p:81:445,p:82:1270,p:82:1332,11.375,17.800983118917898,False,0,20.27549155945895
6bba_3abfe10a,6bba_3abfe10a:630,pil_only,54,pil_only|6bba_3abfe10a:630|54,0,p:81:445,p:82:1270,p:82:1334,15.921683328090658,15.33021933959198,False,0,23.586792997886647
6bba_3abfe10a,6bba_3abfe10a:630,pil_only,55,pil_only|6bba_3abfe10a:630|55,0,p:81:445,p:82:1270,p:82:1391,11.604821196382131,15.069630055180518,False,0,19.13963622397239
6bba_3abfe10a,6bba_3abfe10a:630,pil_only,56,pil_only|6bba_3abfe10a:630|56,0,p:81:445,p:82:1287,p:82:1306,15.33021933959198,8.900491559458949,False,0,19.780465119321455
6bba_3abfe10a,6bba_3abfe10a:630,pil_only,57,pil_only|6bba_3abfe10a:630|57,0,p:81:445,p:82:1287,p:82:1332,13.498263777241872,18.810734967034115,False,0,22.903631260758928
6bba_3abfe10a,6bba_3abfe10a:630,pil_only,58,pil_only|6bba_3abfe10a:630|58,0,p:81:445,p:82:1287,p:82:1334,15.921683328090658,5.859020822628983,False,0,18.85119373940515
6bba_3abfe10a,6bba_3abfe10a:630,pil_only,59,pil_only|6bba_3abfe10a:630|59,0,p:81:445,p:82:1287,p:82:1391,13.498263777241872,15.069630055180518,False,0,21.03307880483213
6bba_3abfe10a,6bba_3abfe10a:630,pil_only,60,pil_only|6bba_3abfe10a:630|60,0,p:81:445,p:82:1306,p:82:1334,15.921683328090658,6.700046641628698,False,0,19.271706648905006
6bba_3abfe10a,6bba_3abfe10a:630,pil_only,61,pil_only|6bba_3abfe10a:630|61,0,p:81:445,p:82:1306,p:82:1391,15.33021933959198,15.069630055180518,False,0,22.86503436718224
6bba_3abfe10a,6bba_3abfe10a:630,pil_only,62,pil_only|6bba_3abfe10a:630|62,0,p:81:445,p:82:1316,p:82:1332,12.795262795269194,8.443747686898277,False,0,17.017136638718334
6bba_3abfe10a,6bba_3abfe10a:630,pil_only,63,pil_only|6bba_3abfe10a:630|63,0,p:81:445,p:82:1316,p:82:1391,12.795262795269194,15.33021933959198,False,0,20.460372465065184
6bba_3abfe10a,6bba_3abfe10a:630,pil_only,64,pil_only|6bba_3abfe10a:630|64,0,p:81:445,p:82:1332,p:82:1334,15.921683328090658,19.835652875567266,False,0,25.83950976587429
6bba_3abfe10a,6bba_3abfe10a:630,pil_only,65,pil_only|6bba_3abfe10a:630|65,0,p:81:445,p:82:1332,p:82:1391,11.604821196382131,9.475296829123613,False,0,16.342469610943937
6bba_3abfe10a,6bba_3abfe10a:630,pil_only,66,pil_only|6bba_3abfe10a:630|66,0,p:81:445,p:82:1334,p:82:1391,15.921683328090658,13.301198254292732,False,0,22.572282455237023
6bba_3abfe10a,6bba_3abfe10a:630,union,0,union|6bba_3abfe10a:630|0,0,f:81:484,c:82:1220:454,c:82:1241:375,14.931295025184925,17.04314378276496,True,1,23.452866916567405
6bba_3abfe10a,6bba_3abfe10a:630,union,1,union|6bba_3abfe10a:630|1,0,f:81:484,c:82:1220:454,c:82:1265:322,13.751006355634242,14.259317129512198,True,1,20.88066492039034
6bba_3abfe10a,6bba_3abfe10a:630,union,2,union|6bba_3abfe10a:630|2,0,f:81:484,c:82:1220:454,c:82:1266:430,13.751006355634242,7.621925609713073,True,1,17.56196916049078
6bba_3abfe10a,6bba_3abfe10a:630,union,3,union|6bba_3abfe10a:630|3,0,f:81:484,c:82:1220:454,c:82:1270:420,13.751006355634242,16.168545852982575,True,1,21.83527928212553
6bba_3abfe10a,6bba_3abfe10a:630,union,4,union|6bba_3abfe10a:630|4,0,f:81:484,c:82:1220:454,c:82:1316:429,13.751006355634242,11.718041645257966,True,1,19.610027178263223
6bba_3abfe10a,6bba_3abfe10a:630,union,5,union|6bba_3abfe10a:630|5,0,f:81:484,c:82:1220:454,c:82:1332:436,13.751006355634242,11.604821196382131,True,1,19.55341695382531
6bba_3abfe10a,6bba_3abfe10a:630,union,6,union|6bba_3abfe10a:630|6,0,f:81:484,c:82:1220:454,c:82:1391:431,13.751006355634242,18.16805231718579,True,1,22.835032514227137
6bba_3abfe10a,6bba_3abfe10a:630,union,7,union|6bba_3abfe10a:630|7,0,f:81:484,c:82:1220:454,f:82:450,13.751006355634242,8.758879086231422,True,2,18.130445898749954
6bba_3abfe10a,6bba_3abfe10a:630,union,8,union|6bba_3abfe10a:630|8,0,f:81:484,c:82:1241:375,c:82:1265:322,14.931295025184925,9.334914300624297,True,1,19.598752175497072
6bba_3abfe10a,6bba_3abfe10a:630,union,9,union|6bba_3abfe10a:630|9,0,f:81:484,c:82:1241:375,c:82:1266:430,14.931295025184925,13.400093283257396,True,1,21.631341666813622
6bba_3abfe10a,6bba_3abfe10a:630,union,10,union|6bba_3abfe10a:630|10,0,f:81:484,c:82:1241:375,c:82:1270:420,14.931295025184925,15.33021933959198,True,1,22.596404694980915
6bba_3abfe10a,6bba_3abfe10a:630,union,11,union|6bba_3abfe10a:630|11,0,f:81:484,c:82:1241:375,p:82:1287,14.931295025184925,5.3895152843275245,True,1,17.626052667348688
6bba_3abfe10a,6bba_3abfe10a:630,union,12,union|6bba_3abfe10a:630|12,0,f:81:484,c:82:1241:375,c:82:1306:393,14.931295025184925,11.830178570080843,True,1,20.846384310225346
6bba_3abfe10a,6bba_3abfe10a:630,union,13,union|6bba_3abfe10a:630|13,0,f:81:484,c:82:1241:375,c:82:1332:436,14.931295025184925,18.740414216340042,True,1,24.301502133354944
6bba_3abfe10a,6bba_3abfe10a:630,union,14,union|6bba_3abfe10a:630|14,0,f:81:484,c:82:1241:375,p:82:1334,14.931295025184925,11.02128622257856,True,1,20.441938136474207
6bba_3abfe10a,6bba_3abfe10a:630,union,15,union|6bba_3abfe10a:630|15,0,f:81:484,c:82:1241:375,c:82:1389:358,14.931295025184925,15.41610359332085,True,1,22.63934682184535
6bba_3abfe10a,6bba_3abfe10a:630,union,16,union|6bba_3abfe10a:630|16,0,f:81:484,c:82:1241:375,c:82:1391:431,14.931295025184925,17.577062467886947,True,1,23.719826259128396
6bba_3abfe10a,6bba_3abfe10a:630,union,17,union|6bba_3abfe10a:630|17,0,f:81:484,c:82:1241:375,p:82:1392,14.931295025184925,15.501512023025366,True,1,22.682051036697608
6bba_3abfe10a,6bba_3abfe10a:630,union,18,union|6bba_3abfe10a:630|18,0,f:81:484,c:82:1241:375,f:82:371,14.931295025184925,15.942445989447911,True,2,22.902518019908882
6bba_3abfe10a,6bba_3abfe10a:630,union,19,union|6bba_3abfe10a:630|19,0,f:81:484,c:82:1241:375,f:82:380,14.931295025184925,16.862359683995194,True,2,23.36247486718252
6bba_3abfe10a,6bba_3abfe10a:630,union,20,union|6bba_3abfe10a:630|20,0,f:81:484,c:82:1241:375,f:82:450,14.931295025184925,8.81812434783548,True,2,19.340357199102666
6bba_3abfe10a,6bba_3abfe10a:630,union,21,union|6bba_3abfe10a:630|21,0,f:81:484,c:82:1265:322,c:82:1266:430,12.71907579155579,12.691655723348314,True,1,19.064903653229948
6bba_3abfe10a,6bba_3abfe10a:630,union,22,union|6bba_3abfe10a:630|22,0,f:81:484,c:82:1265:322,c:82:1270:420,12.71907579155579,19.63494970709118,True,1,22.53655064510138
6bba_3abfe10a,6bba_3abfe10a:630,union,23,union|6bba_3abfe10a:630|23,0,f:81:484,c:82:1265:322,p:82:1287,13.749297176790714,11.02128622257856,True,1,19.259940288079996
6bba_3abfe10a,6bba_3abfe10a:630,union,24,union|6bba_3abfe10a:630|24,0,f:81:484,c:82:1265:322,c:82:1306:393,14.406893134680958,18.240579760522966,True,1,23.52718301494244
6bba_3abfe10a,6bba_3abfe10a:630,union,25,union|6bba_3abfe10a:630|25,0,f:81:484,c:82:1265:322,c:82:1332:436,12.71907579155579,13.201562407533435,True,1,19.319856995322507
6bba_3abfe10a,6bba_3abfe10a:630,union,26,union|6bba_3abfe10a:630|26,0,f:81:484,c:82:1265:322,p:82:1334,13.62591434743846,15.33021933959198,True,1,21.29102401723445
6bba_3abfe10a,6bba_3abfe10a:630,union,27,union|6bba_3abfe10a:630|27,0,f:81:484,c:82:1265:322,c:82:1389:358,12.71907579155579,12.268480957314969,True,1,18.853316270213273
6bba_3abfe10a,6bba_3abfe10a:630,union,28,union|6bba_3abfe10a:630|28,0,f:81:484,c:82:1265:322,c:82:1391:431,12.71907579155579,15.41610359332085,True,1,20.427127588216216
6bba_3abfe10a,6bba_3abfe10a:630,union,29,union|6bba_3abfe10a:630|29,0,f:81:484,c:82:1265:322,p:82:1392,14.289748764086704,17.948711652929298,True,1,23.264104590551355
6bba_3abfe10a,6bba_3abfe10a:630,union,30,union|6bba_3abfe10a:630|30,0,f:81:484,c:82:1265:322,f:82:371,12.71907579155579,15.59453866168035,True,2,20.516345122395965
6bba_3abfe10a,6bba_3abfe10a:630,union,31,union|6bba_3abfe10a:630|31,0,f:81:484,c:82:1265:322,f:82:380,14.822284851548499,18.92468572899107,True,2,24.284627716044035
6bba_3abfe10a,6bba_3abfe10a:630,union,32,union|6bba_3abfe10a:630|32,0,f:81:484,c:82:1265:322,f:82:450,13.42099829824756,10.119743714502965,True,2,18.480870155499044
6bba_3abfe10a,6bba_3abfe10a:630,union,33,union|6bba_3abfe10a:630|33,0,f:81:484,c:82:1266:430,c:82:1270:420,12.604778781541704,9.884489111734608,True,1,17.54702333740901
6bba_3abfe10a,6bba_3abfe10a:630,union,34,union|6bba_3abfe10a:630|34,0,f:81:484,c:82:1266:430,p:82:1287,13.749297176790714,14.804454566109486,True,1,21.151524459845458
6bba_3abfe10a,6bba_3abfe10a:630,union,35,union|6bba_3abfe10a:630|35,0,f:81:484,c:82:1266:430,c:82:1306:393,14.406893134680958,15.33021933959198,True,1,22.07200280447695
6bba_3abfe10a,6bba_3abfe10a:630,union,36,union|6bba_3abfe10a:630|36,0,f:81:484,c:82:1266:430,c:82:1316:429,12.843997373494059,11.941262496067994,True,1,18.814628621528055
6bba_3abfe10a,6bba_3abfe10a:630,union,37,union|6bba_3abfe10a:630|37,0,f:81:484,c:82:1266:430,c:82:1332:436,7.405048738152183,9.334914300624297,True,1,12.072505888464331
6bba_3abfe10a,6bba_3abfe10a:630,union,38,union|6bba_3abfe10a:630|38,0,f:81:484,c:82:1266:430,p:82:1334,13.62591434743846,16.730398979103875,True,1,21.991113836990397
6bba_3abfe10a,6bba_3abfe10a:630,union,39,union|6bba_3abfe10a:630|39,0,f:81:484,c:82:1266:430,c:82:1389:358,12.36785019409286,17.948711652929298,True,1,21.34220602055751
6bba_3abfe10a,6bba_3abfe10a:630,union,40,union|6bba_3abfe10a:630|40,1,f:81:484,c:82:1266:430,c:82:1391:431,7.405048738152183,11.830178570080843,True,1,13.320138023192605
6bba_3abfe10a,6bba_3abfe10a:630,union,41,union|6bba_3abfe10a:630|41,0,f:81:484,c:82:1266:430,p:82:1392,14.289748764086704,19.158467449146343,True,1,23.868982488659874
6bba_3abfe10a,6bba_3abfe10a:630,union,42,union|6bba_3abfe10a:630|42,0,f:81:484,c:82:1266:430,c:82:1459:456,13.634535433547795,19.835652875567266,True,1,23.552361871331428
6bba_3abfe10a,6bba_3abfe10a:630,union,43,union|6bba_3abfe10a:630|43,0,f:81:484,c:82:1266:430,f:82:371,10.080706294911629,16.3190527526225,True,2,18.240232671222877
6bba_3abfe10a,6bba_3abfe10a:630,union,44,union|6bba_3abfe10a:630|44,0,f:81:484,c:82:1266:430,f:82:450,13.42099829824756,7.953205874397794,True,2,17.39760123544646
6bba_3abfe10a,6bba_3abfe10a:630,union,45,union|6bba_3abfe10a:630|45,0,f:81:484,c:82:1270:420,p:82:1287,13.749297176790714,15.41610359332085,True,1,21.45734897345114
6bba_3abfe10a,6bba_3abfe10a:630,union,46,union|6bba_3abfe10a:630|46,0,f:81:484,c:82:1270:420,c:82:1306:393,14.406893134680958,10.277402395547233,True,1,19.545594332454574
6bba_3abfe10a,6bba_3abfe10a:630,union,47,union|6bba_3abfe10a:630|47,0,f:81:484,c:82:1270:420,c:82:1316:429,12.843997373494059,19.158467449146343,True,1,22.42323109806723
6bba_3abfe10a,6bba_3abfe10a:630,union,48,union|6bba_3abfe10a:630|48,0,f:81:484,c:82:1270:420,c:82:1332:436,12.604778781541704,17.800983118917898,True,1,21.505270341000653
6bba_3abfe10a,6bba_3abfe10a:630,union,49,union|6bba_3abfe10a:630|49,0,f:81:484,c:82:1270:420,p:82:1334,13.62591434743846,15.33021933959198,True,1,21.29102401723445
6bba_3abfe10a,6bba_3abfe10a:630,union,50,union|6bba_3abfe10a:630|50,0,f:81:484,c:82:1270:420,c:82:1391:431,12.604778781541704,15.069630055180518,True,1,20.139593809131963
6bba_3abfe10a,6bba_3abfe10a:630,union,51,union|6bba_3abfe10a:630|51,0,f:81:484,c:82:1270:420,p:82:1392,14.289748764086704,17.948711652929298,True,1,23.264104590551355
6bba_3abfe10a,6bba_3abfe10a:630,union,52,union|6bba_3abfe10a:630|52,0,f:81:484,c:82:1270:420,f:82:371,12.604778781541704,17.48272240428668,True,2,21.346139983685042
6bba_3abfe10a,6bba_3abfe10a:630,union,53,union|6bba_3abfe10a:630|53,0,f:81:484,c:82:1270:420,f:82:380,14.822284851548499,18.87617278959512,True,2,24.26037124634606
6bba_3abfe10a,6bba_3abfe10a:630,union,54,union|6bba_3abfe10a:630|54,0,f:81:484,c:82:1270:420,f:82:450,13.42099829824756,13.364943428508115,True,2,20.103470012501617
6bba_3abfe10a,6bba_3abfe10a:630,union,55,union|6bba_3abfe10a:630|55,0,f:81:484,p:82:1287,c:82:1306:393,14.406893134680958,8.900491559458949,True,1,18.857138914410434
6bba_3abfe10a,6bba_3abfe10a:630,union,56,union|6bba_3abfe10a:630|56,0,f:81:484,p:82:1287,c:82:1332:436,13.749297176790714,18.810734967034115,True,1,23.154664660307773
6bba_3abfe10a,6bba_3abfe10a:630,union,57,union|6bba_3abfe10a:630|57,0,f:81:484,p:82:1287,p:82:1334,13.749297176790714,5.859020822628983,True,1,16.678807588105204
6bba_3abfe10a,6bba_3abfe10a:630,union,58,union|6bba_3abfe10a:630|58,0,f:81:484,p:82:1287,c:82:1389:358,13.749297176790714,11.830178570080843,True,1,19.664386461831135
6bba_3abfe10a,6bba_3abfe10a:630,union,59,union|6bba_3abfe10a:630|59,0,f:81:484,p:82:1287,c:82:1391:431,13.749297176790714,15.069630055180518,True,1,21.284112204380975
6bba_3abfe10a,6bba_3abfe10a:630,union,60,union|6bba_3abfe10a:630|60,0,f:81:484,p:82:1287,p:82:1392,14.289748764086704,10.277402395547233,True,1,19.42844996186032
6bba_3abfe10a,6bba_3abfe10a:630,union,61,union|6bba_3abfe10a:630|61,0,f:81:484,p:82:1287,f:82:371,13.749297176790714,11.589864411155695,True,2,19.544229382368563
6bba_3abfe10a,6bba_3abfe10a:630,union,62,union|6bba_3abfe10a:630|62,0,f:81:484,p:82:1287,f:82:380,14.822284851548499,11.645049128135796,True,2,20.644809415616397
6bba_3abfe10a,6bba_3abfe10a:630,union,63,union|6bba_3abfe10a:630|63,0,f:81:484,p:82:1287,f:82:450,13.749297176790714,12.906133245369128,True,2,20.20236379947528
6bba_3abfe10a,6bba_3abfe10a:630,union,64,union|6bba_3abfe10a:630|64,0,f:81:484,c:82:1306:393,p:82:1334,14.406893134680958,6.700046641628698,True,1,17.756916455495308
6bba_3abfe10a,6bba_3abfe10a:630,union,65,union|6bba_3abfe10a:630|65,0,f:81:484,c:82:1306:393,c:82:1389:358,14.406893134680958,16.809130703281475,True,1,22.811458486321698
6bba_3abfe10a,6bba_3abfe10a:630,union,66,union|6bba_3abfe10a:630|66,0,f:81:484,c:82:1306:393,c:82:1391:431,14.406893134680958,15.069630055180518,True,1,21.94170816227122
6bba_3abfe10a,6bba_3abfe10a:630,union,67,union|6bba_3abfe10a:630|67,0,f:81:484,c:82:1306:393,p:82:1392,14.406893134680958,10.017172754824587,True,1,19.415479512093253
6bba_3abfe10a,6bba_3abfe10a:630,union,68,union|6bba_3abfe10a:630|68,0,f:81:484,c:82:1306:393,f:82:371,14.406893134680958,12.555108139967672,True,2,20.684447204664792
6bba_3abfe10a,6bba_3abfe10a:630,union,69,union|6bba_3abfe10a:630|69,0,f:81:484,c:82:1306:393,f:82:380,14.822284851548499,11.17480869290838,True,2,20.409689198002688
6bba_3abfe10a,6bba_3abfe10a:630,union,70,union|6bba_3abfe10a:630|70,0,f:81:484,c:82:1306:393,f:82:450,14.406893134680958,16.16658862738897,True,2,22.490187448375444
6bba_3abfe10a,6bba_3abfe10a:630,union,71,union|6bba_3abfe10a:630|71,0,f:81:484,c:82:1316:429,c:82:1332:436,12.843997373494059,8.443747686898277,True,1,17.065871216943197
6bba_3abfe10a,6bba_3abfe10a:630,union,72,union|6bba_3abfe10a:630|72,0,f:81:484,c:82:1316:429,c:82:1391:431,12.843997373494059,15.33021933959198,True,1,20.50910704329005
6bba_3abfe10a,6bba_3abfe10a:630,union,73,union|6bba_3abfe10a:630|73,0,f:81:484,c:82:1316:429,c:82:1459:456,13.634535433547795,16.331047884321446,True,1,21.800059375708518
6bba_3abfe10a,6bba_3abfe10a:630,union,74,union|6bba_3abfe10a:630|74,0,f:81:484,c:82:1316:429,f:82:450,13.42099829824756,18.510201138306293,True,2,22.676098867400707
6bba_3abfe10a,6bba_3abfe10a:630,union,75,union|6bba_3abfe10a:630|75,0,f:81:484,c:82:1332:436,p:82:1334,13.62591434743846,19.835652875567266,True,1,23.54374078522209
6bba_3abfe10a,6bba_3abfe10a:630,union,76,union|6bba_3abfe10a:630|76,0,f:81:484,c:82:1332:436,c:82:1389:358,12.36785019409286,15.501512023025366,True,1,20.118606205605545
6bba_3abfe10a,6bba_3abfe10a:630,union,77,union|6bba_3abfe10a:630|77,0,f:81:484,c:82:1332:436,c:82:1391:431,6.9750297794514635,9.475296829123613,True,1,11.71267819401327
6bba_3abfe10a,6bba_3abfe10a:630,union,78,union|6bba_3abfe10a:630|78,0,f:81:484,c:82:1332:436,c:82:1459:456,13.634535433547795,13.978778558944269,True,1,20.623924713019928
6bba_3abfe10a,6bba_3abfe10a:630,union,79,union|6bba_3abfe10a:630|79,0,f:81:484,c:82:1332:436,f:82:371,10.080706294911629,15.555044266826233,True,2,17.858228428324743
6bba_3abfe10a,6bba_3abfe10a:630,union,80,union|6bba_3abfe10a:630|80,0,f:81:484,c:82:1332:436,f:82:450,13.42099829824756,14.931567662078296,True,2,20.886782129286708
6bba_3abfe10a,6bba_3abfe10a:630,union,81,union|6bba_3abfe10a:630|81,0,f:81:484,c:82:1332:436,f:82:484,14.366305141227151,18.01162759873688,True,2,23.37211894059559
6bba_3abfe10a,6bba_3abfe10a:630,union,82,union|6bba_3abfe10a:630|82,0,f:81:484,p:82:1334,c:82:1389:358,13.62591434743846,11.02128622257856,True,1,19.13655745872774
6bba_3abfe10a,6bba_3abfe10a:630,union,83,union|6bba_3abfe10a:630|83,0,f:81:484,p:82:1334,c:82:1391:431,13.62591434743846,13.301198254292732,True,1,20.276513474584824
6bba_3abfe10a,6bba_3abfe10a:630,union,84,union|6bba_3abfe10a:630|84,0,f:81:484,p:82:1334,p:82:1392,14.289748764086704,4.875,True,1,16.727248764086703
6bba_3abfe10a,6bba_3abfe10a:630,union,85,union|6bba_3abfe10a:630|85,0,f:81:484,p:82:1334,f:82:371,13.62591434743846,8.101757272644695,True,2,17.67679298376081
6bba_3abfe10a,6bba_3abfe10a:630,union,86,union|6bba_3abfe10a:630|86,0,f:81:484,p:82:1334,f:82:380,14.822284851548499,6.2896625737953435,True,2,17.967116138446173
6bba_3abfe10a,6bba_3abfe10a:630,union,87,union|6bba_3abfe10a:630|87,0,f:81:484,p:82:1334,f:82:450,13.62591434743846,17.25540809950769,True,2,22.253618397192305
6bba_3abfe10a,6bba_3abfe10a:630,union,88,union|6bba_3abfe10a:630|88,0,f:81:484,p:82:1334,f:82:484,14.366305141227151,18.031469657973343,True,2,23.382039970213825
6bba_3abfe10a,6bba_3abfe10a:630,union,89,union|6bba_3abfe10a:630|89,0,f:81:484,c:82:1389:358,c:82:1391:431,12.36785019409286,10.900831390311474,True,1,17.818265889248597
6bba_3abfe10a,6bba_3abfe10a:630,union,90,union|6bba_3abfe10a:630|90,0,f:81:484,c:82:1389:358,p:82:1392,14.289748764086704,9.884489111734608,True,1,19.231993319954007
6bba_3abfe10a,6bba_3abfe10a:630,union,91,union|6bba_3abfe10a:630|91,0,f:81:484,c:82:1389:358,c:82:1459:456,13.634535433547795,18.45645212385089,True,1,22.86276149547324
6bba_3abfe10a,6bba_3abfe10a:630,union,92,union|6bba_3abfe10a:630|92,0,f:81:484,c:82:1389:358,f:82:371,12.36785019409286,6.703348972140974,True,2,15.719524680163346
6bba_3abfe10a,6bba_3abfe10a:630,union,93,union|6bba_3abfe10a:630|93,0,f:81:484,c:82:1389:358,f:82:380,14.822284851548499,10.048571347253976,True,2,19.846570525175487
6bba_3abfe10a,6bba_3abfe10a:630,union,94,union|6bba_3abfe10a:630|94,0,f:81:484,c:82:1389:358,f:82:450,13.42099829824756,19.53619089059812,True,2,23.18909374354662
6bba_3abfe10a,6bba_3abfe10a:630,union,95,union|6bba_3abfe10a:630|95,0,f:81:484,c:82:1389:358,f:82:484,14.366305141227151,15.272134265980382,True,2,22.002372274217343
6bba_3abfe10a,6bba_3abfe10a:630,union,96,union|6bba_3abfe10a:630|96,0,f:81:484,c:82:1391:431,p:82:1392,14.289748764086704,12.375631297028852,True,1,20.47756441260113
6bba_3abfe10a,6bba_3abfe10a:630,union,97,union|6bba_3abfe10a:630|97,0,f:81:484,c:82:1391:431,c:82:1459:456,13.634535433547795,10.531203634912773,True,1,18.900137251004182
6bba_3abfe10a,6bba_3abfe10a:630,union,98,union|6bba_3abfe10a:630|98,0,f:81:484,c:82:1391:431,f:82:371,10.080706294911629,7.418219917108285,True,2,13.789816253465771
6bba_3abfe10a,6bba_3abfe10a:630,union,99,union|6bba_3abfe10a:630|99,0,f:81:484,c:82:1391:431,f:82:380,14.822284851548499,12.500298000270739,True,2,21.07243385168387
6bba_3abfe10a,6bba_3abfe10a:630,union,100,union|6bba_3abfe10a:630|100,0,f:81:484,c:82:1391:431,f:82:450,13.42099829824756,17.614321361150672,True,2,22.228158978822897
6bba_3abfe10a,6bba_3abfe10a:630,union,101,union|6bba_3abfe10a:630|101,0,f:81:484,c:82:1391:431,f:82:484,14.366305141227151,9.92389492623144,True,2,19.32825260434287
6bba_3abfe10a,6bba_3abfe10a:630,union,102,union|6bba_3abfe10a:630|102,0,f:81:484,p:82:1392,f:82:371,14.289748764086704,5.608608326918081,True,2,17.094052927545746
6bba_3abfe10a,6bba_3abfe10a:630,union,103,union|6bba_3abfe10a:630|103,0,f:81:484,p:82:1392,f:82:380,14.822284851548499,1.415822490960558,True,2,15.530196097028778
6bba_3abfe10a,6bba_3abfe10a:630,union,104,union|6bba_3abfe10a:630|104,0,f:81:484,p:82:1392,f:82:484,14.366305141227151,14.457832394853089,True,2,21.595221338653694
6bba_3abfe10a,6bba_3abfe10a:630,union,105,union|6bba_3abfe10a:630|105,0,f:81:484,c:82:1459:456,f:82:371,13.634535433547795,15.705789833859866,True,2,21.487430350477727
6bba_3abfe10a,6bba_3abfe10a:630,union,106,union|6bba_3abfe10a:630|106,0,f:81:484,c:82:1459:456,f:82:484,14.366305141227151,8.550778401707724,True,2,18.641694342081014
6bba_3abfe10a,6bba_3abfe10a:630,union,107,union|6bba_3abfe10a:630|107,0,f:81:484,f:82:371,f:82:380,14.822284851548499,5.573645041845024,True,3,17.609107372471012
6bba_3abfe10a,6bba_3abfe10a:630,union,108,union|6bba_3abfe10a:630|108,0,f:81:484,f:82:371,f:82:450,13.42099829824756,19.597050441073197,True,3,23.219523518784158
6bba_3abfe10a,6bba_3abfe10a:630,union,109,union|6bba_3abfe10a:630|109,0,f:81:484,f:82:371,f:82:484,14.366305141227151,10.813028693165059,True,3,19.77281948780968
6bba_3abfe10a,6bba_3abfe10a:630,union,110,union|6bba_3abfe10a:630|110,0,f:81:484,f:82:380,f:82:484,14.822284851548499,13.599930702955508,True,3,21.622250203026255
6bba_61ecbe65,6bba_61ecbe65:200,union,0,union|6bba_61ecbe65:200|0,0,c:34:42:68,c:35:100:64,c:35:102:66,15.33021933959198,15.33021933959198,False,0,22.995329009387973
6bba_61ecbe65,6bba_61ecbe65:200,union,1,union|6bba_61ecbe65:200|1,0,c:34:42:68,c:35:100:64,f:35:68,15.33021933959198,12.950089193151223,True,1,21.80526393616759
6bba_61ecbe65,6bba_61ecbe65:200,union,2,union|6bba_61ecbe65:200|2,1,c:34:42:68,c:35:102:66,f:35:68,9.475296829123613,7.419286791389617,True,1,13.18494022481842
6bba_61ecbe65,6bba_61ecbe65:200,union,3,union|6bba_61ecbe65:200|3,0,c:34:42:68,c:35:112:65,f:35:68,12.160386507015309,15.08581193992302,True,1,19.70329247697682
6bba_87289e13,6bba_87289e13:563,pil_only,0,pil_only|6bba_87289e13:563|0,1,p:77:10,p:78:75,p:78:77,10.65583760199075,14.259317129512198,False,0,17.78549616674685
6bba_87289e13,6bba_87289e13:563,pil_only,1,pil_only|6bba_87289e13:563|1,0,p:77:10,p:78:77,p:78:81,11.830178570080843,9.334914300624297,False,0,16.497635720392992
6bba_87289e13,6bba_87289e13:563,union,0,union|6bba_87289e13:563|0,1,c:77:10:11,c:78:75:10,c:78:77:20,10.65583760199075,14.259317129512198,False,0,17.78549616674685
6bba_87289e13,6bba_87289e13:563,union,1,union|6bba_87289e13:563|1,0,c:77:10:11,c:78:77:20,c:78:81:15,11.830178570080843,9.334914300624297,False,0,16.497635720392992
6bba_c328f2fd,6bba_c328f2fd:65,pil_only,0,pil_only|6bba_c328f2fd:65|0,0,p:28:171,p:29:462,p:29:467,14.981759743100941,17.04314378276496,False,0,23.503331634483423
6bba_c328f2fd,6bba_c328f2fd:65,pil_only,1,pil_only|6bba_c328f2fd:65|1,0,p:28:171,p:29:462,p:29:468,14.981759743100941,13.498263777241872,False,0,21.730891631721878
6bba_c328f2fd,6bba_c328f2fd:65,pil_only,2,pil_only|6bba_c328f2fd:65|2,0,p:28:171,p:29:462,p:29:476,15.670932486613552,14.89337100860648,False,0,23.11761799091679
6bba_c328f2fd,6bba_c328f2fd:65,pil_only,3,pil_only|6bba_c328f2fd:65|3,0,p:28:171,p:29:462,p:29:492,14.981759743100941,16.331047884321446,False,0,23.147283685261662
6bba_c328f2fd,6bba_c328f2fd:65,pil_only,4,pil_only|6bba_c328f2fd:65|4,0,p:28:171,p:29:462,p:29:493,14.981759743100941,11.02128622257856,False,0,20.49240285439022
6bba_c328f2fd,6bba_c328f2fd:65,pil_only,5,pil_only|6bba_c328f2fd:65|5,0,p:28:171,p:29:462,p:29:504,14.981759743100941,14.625,False,0,22.29425974310094
6bba_c328f2fd,6bba_c328f2fd:65,pil_only,6,pil_only|6bba_c328f2fd:65|6,0,p:28:171,p:29:467,p:29:468,12.691655723348314,8.75089281159357,False,0,17.0671021291451
6bba_c328f2fd,6bba_c328f2fd:65,pil_only,7,pil_only|6bba_c328f2fd:65|7,0,p:28:171,p:29:467,p:29:476,15.670932486613552,12.795262795269194,False,0,22.06856388424815
6bba_c328f2fd,6bba_c328f2fd:65,pil_only,8,pil_only|6bba_c328f2fd:65|8,0,p:28:171,p:29:467,p:29:492,12.691655723348314,9.613629647536875,False,0,17.498470547116753
6bba_c328f2fd,6bba_c328f2fd:65,pil_only,9,pil_only|6bba_c328f2fd:65|9,0,p:28:171,p:29:467,p:29:493,12.691655723348314,16.730398979103875,False,0,21.056855212900253
6bba_c328f2fd,6bba_c328f2fd:65,pil_only,10,pil_only|6bba_c328f2fd:65|10,0,p:28:171,p:29:467,p:29:498,13.101168840985142,12.160386507015309,False,0,19.181362094492798
6bba_c328f2fd,6bba_c328f2fd:65,pil_only,11,pil_only|6bba_c328f2fd:65|11,0,p:28:171,p:29:467,p:29:504,12.691655723348314,15.33021933959198,False,0,20.356765393144304
6bba_c328f2fd,6bba_c328f2fd:65,pil_only,12,pil_only|6bba_c328f2fd:65|12,0,p:28:171,p:29:467,p:29:514,12.795262795269194,15.501512023025366,False,0,20.546018806781877
6bba_c328f2fd,6bba_c328f2fd:65,pil_only,13,pil_only|6bba_c328f2fd:65|13,0,p:28:171,p:29:467,p:29:515,13.301198254292732,16.086679271993955,False,0,21.344537890289708
6bba_c328f2fd,6bba_c328f2fd:65,pil_only,14,pil_only|6bba_c328f2fd:65|14,0,p:28:171,p:29:468,p:29:476,15.670932486613552,17.577062467886947,False,0,24.459463720557025
6bba_c328f2fd,6bba_c328f2fd:65,pil_only,15,pil_only|6bba_c328f2fd:65|15,0,p:28:171,p:29:468,p:29:492,10.779030568655049,12.795262795269194,False,0,17.176661966289647
6bba_c328f2fd,6bba_c328f2fd:65,pil_only,16,pil_only|6bba_c328f2fd:65|16,0,p:28:171,p:29:468,p:29:493,10.779030568655049,16.168545852982575,False,0,18.863303495146337
6bba_c328f2fd,6bba_c328f2fd:65,pil_only,17,pil_only|6bba_c328f2fd:65|17,1,p:28:171,p:29:468,p:29:498,13.101168840985142,14.625,False,0,20.413668840985142
6bba_c328f2fd,6bba_c328f2fd:65,pil_only,18,pil_only|6bba_c328f2fd:65|18,0,p:28:171,p:29:468,p:29:504,10.779030568655049,13.978778558944269,False,0,17.768419848127184
6bba_c328f2fd,6bba_c328f2fd:65,pil_only,19,pil_only|6bba_c328f2fd:65|19,0,p:28:171,p:29:468,p:29:514,12.795262795269194,17.948711652929298,False,0,21.76961862173384
6bba_c328f2fd,6bba_c328f2fd:65,pil_only,20,pil_only|6bba_c328f2fd:65|20,0,p:28:171,p:29:476,p:29:492,15.670932486613552,10.405076885828379,False,0,20.87347092952774
6bba_c328f2fd,6bba_c328f2fd:65,pil_only,21,pil_only|6bba_c328f2fd:65|21,0,p:28:171,p:29:476,p:29:493,15.670932486613552,11.490485194281398,False,0,21.41617508375425
6bba_c328f2fd,6bba_c328f2fd:65,pil_only,22,pil_only|6bba_c328f2fd:65|22,0,p:28:171,p:29:476,p:29:504,15.670932486613552,14.981759743100941,False,0,23.16181235816402
6bba_c328f2fd,6bba_c328f2fd:65,pil_only,23,pil_only|6bba_c328f2fd:65|23,0,p:28:171,p:29:476,p:29:515,15.670932486613552,15.41610359332085,False,0,23.378984283273976
6bba_c328f2fd,6bba_c328f2fd:65,pil_only,24,pil_only|6bba_c328f2fd:65|24,0,p:28:171,p:29:492,p:29:493,9.613629647536875,9.884489111734608,False,0,14.55587420340418
6bba_c328f2fd,6bba_c328f2fd:65,pil_only,25,pil_only|6bba_c328f2fd:65|25,0,p:28:171,p:29:492,p:29:498,13.101168840985142,12.481861840286488,False,0,19.342099761128388
6bba_c328f2fd,6bba_c328f2fd:65,pil_only,26,pil_only|6bba_c328f2fd:65|26,0,p:28:171,p:29:492,p:29:504,6.894291116568838,7.621925609713073,False,0,10.705253921425374
6bba_c328f2fd,6bba_c328f2fd:65,pil_only,27,pil_only|6bba_c328f2fd:65|27,0,p:28:171,p:29:492,p:29:514,12.795262795269194,12.160386507015309,False,0,18.875456048776847
6bba_c328f2fd,6bba_c328f2fd:65,pil_only,28,pil_only|6bba_c328f2fd:65|28,0,p:28:171,p:29:492,p:29:515,13.301198254292732,8.75089281159357,False,0,17.676644660089515
6bba_c328f2fd,6bba_c328f2fd:65,pil_only,29,pil_only|6bba_c328f2fd:65|29,0,p:28:171,p:29:492,p:29:534,14.625,15.33021933959198,False,0,22.29010966979599
6bba_c328f2fd,6bba_c328f2fd:65,pil_only,30,pil_only|6bba_c328f2fd:65|30,0,p:28:171,p:29:493,p:29:504,9.613629647536875,6.700046641628698,False,0,12.963652968351225
6bba_c328f2fd,6bba_c328f2fd:65,pil_only,31,pil_only|6bba_c328f2fd:65|31,0,p:28:171,p:29:493,p:29:515,13.301198254292732,15.921683328090658,False,0,21.26203991833806
6bba_c328f2fd,6bba_c328f2fd:65,pil_only,32,pil_only|6bba_c328f2fd:65|32,0,p:28:171,p:29:493,p:29:534,14.625,13.201562407533435,False,0,21.22578120376672
6bba_c328f2fd,6bba_c328f2fd:65,pil_only,33,pil_only|6bba_c328f2fd:65|33,0,p:28:171,p:29:498,p:29:504,13.101168840985142,16.331047884321446,False,0,21.266692783145864
6bba_c328f2fd,6bba_c328f2fd:65,pil_only,34,pil_only|6bba_c328f2fd:65|34,0,p:28:171,p:29:498,p:29:514,13.101168840985142,5.3895152843275245,False,0,15.795926483148904
6bba_c328f2fd,6bba_c328f2fd:65,pil_only,35,pil_only|6bba_c328f2fd:65|35,0,p:28:171,p:29:498,p:29:515,13.301198254292732,13.595725431178728,False,0,20.099060969882096
6bba_c328f2fd,6bba_c328f2fd:65,pil_only,36,pil_only|6bba_c328f2fd:65|36,0,p:28:171,p:29:504,p:29:514,12.795262795269194,15.069630055180518,False,0,20.33007782285945
6bba_c328f2fd,6bba_c328f2fd:65,pil_only,37,pil_only|6bba_c328f2fd:65|37,0,p:28:171,p:29:504,p:29:515,13.301198254292732,13.101168840985142,False,0,19.851782674785305
6bba_c328f2fd,6bba_c328f2fd:65,pil_only,38,pil_only|6bba_c328f2fd:65|38,0,p:28:171,p:29:504,p:29:534,14.625,11.375,False,0,20.3125
6bba_c328f2fd,6bba_c328f2fd:65,pil_only,39,pil_only|6bba_c328f2fd:65|39,0,p:28:171,p:29:514,p:29:515,13.301198254292732,10.405076885828379,False,0,18.50373669720692
6bba_c328f2fd,6bba_c328f2fd:65,pil_only,40,pil_only|6bba_c328f2fd:65|40,0,p:28:171,p:29:514,p:29:534,14.625,19.295805891436615,False,0,24.272902945718307
6bba_c328f2fd,6bba_c328f2fd:65,pil_only,41,pil_only|6bba_c328f2fd:65|41,0,p:28:171,p:29:515,p:29:534,14.625,13.978778558944269,False,0,21.614389279472135
6bba_c328f2fd,6bba_c328f2fd:260,pil_only,0,pil_only|6bba_c328f2fd:260|0,0,p:66:755,p:67:1058,p:67:1061,14.16642156650719,11.604821196382131,False,0,19.968832164698256
6bba_c328f2fd,6bba_c328f2fd:260,pil_only,1,pil_only|6bba_c328f2fd:260|1,0,p:66:755,p:67:1058,p:67:1092,14.16642156650719,12.691655723348314,False,0,20.512249428181345
6bba_c328f2fd,6bba_c328f2fd:260,pil_only,2,pil_only|6bba_c328f2fd:260|2,1,p:66:755,p:67:1058,p:67:1102,14.16642156650719,18.240579760522966,False,0,23.28671144676867
6bba_c328f2fd,6bba_c328f2fd:260,pil_only,3,pil_only|6bba_c328f2fd:260|3,0,p:66:755,p:67:1058,p:67:1111,14.16642156650719,15.41610359332085,False,0,21.874473363167613
6bba_c328f2fd,6bba_c328f2fd:260,pil_only,4,pil_only|6bba_c328f2fd:260|4,0,p:66:755,p:67:1061,p:67:1076,13.978778558944269,15.33021933959198,False,0,21.64388822874026
6bba_c328f2fd,6bba_c328f2fd:260,pil_only,5,pil_only|6bba_c328f2fd:260|5,0,p:66:755,p:67:1061,p:67:1092,11.830178570080843,10.531203634912773,False,0,17.09578038753723
6bba_c328f2fd,6bba_c328f2fd:260,pil_only,6,pil_only|6bba_c328f2fd:260|6,0,p:66:755,p:67:1061,p:67:1102,9.613629647536875,10.900831390311474,False,0,15.064045342692612
6bba_c328f2fd,6bba_c328f2fd:260,pil_only,7,pil_only|6bba_c328f2fd:260|7,0,p:66:755,p:67:1061,p:67:1111,10.017172754824587,13.101168840985142,False,0,16.56775717531716
6bba_c328f2fd,6bba_c328f2fd:260,pil_only,8,pil_only|6bba_c328f2fd:260|8,0,p:66:755,p:67:1061,p:67:1126,10.900831390311474,17.04314378276496,False,0,19.422403281693953
6bba_c328f2fd,6bba_c328f2fd:260,pil_only,9,pil_only|6bba_c328f2fd:260|9,0,p:66:755,p:67:1076,p:67:1102,13.978778558944269,9.475296829123613,False,0,18.716426973506074
6bba_c328f2fd,6bba_c328f2fd:260,pil_only,10,pil_only|6bba_c328f2fd:260|10,0,p:66:755,p:67:1076,p:67:1126,13.978778558944269,16.965498076979642,False,0,22.46152759743409
6bba_c328f2fd,6bba_c328f2fd:260,pil_only,11,pil_only|6bba_c328f2fd:260|11,0,p:66:755,p:67:1092,p:67:1102,11.830178570080843,15.501512023025366,False,0,19.580934581593525
6bba_c328f2fd,6bba_c328f2fd:260,pil_only,12,pil_only|6bba_c328f2fd:260|12,0,p:66:755,p:67:1092,p:67:1111,11.830178570080843,5.3895152843275245,False,0,14.524936212244604
6bba_c328f2fd,6bba_c328f2fd:260,pil_only,13,pil_only|6bba_c328f2fd:260|13,0,p:66:755,p:67:1092,p:67:1126,11.830178570080843,16.25,False,0,19.955178570080843
6bba_c328f2fd,6bba_c328f2fd:260,pil_only,14,pil_only|6bba_c328f2fd:260|14,0,p:66:755,p:67:1102,p:67:1111,10.017172754824587,13.788582233137676,False,0,16.911463871393426
6bba_c328f2fd,6bba_c328f2fd:260,pil_only,15,pil_only|6bba_c328f2fd:260|15,0,p:66:755,p:67:1102,p:67:1126,10.900831390311474,9.613629647536875,False,0,15.707646214079912
6bba_c328f2fd,6bba_c328f2fd:260,pil_only,16,pil_only|6bba_c328f2fd:260|16,0,p:66:755,p:67:1111,p:67:1126,10.900831390311474,12.481861840286488,False,0,17.141762310454716
6bba_c328f2fd,6bba_c328f2fd:65,union,0,union|6bba_c328f2fd:65|0,0,c:28:171:47,c:29:462:161,c:29:467:50,14.981759743100941,17.04314378276496,False,0,23.503331634483423
6bba_c328f2fd,6bba_c328f2fd:65,union,1,union|6bba_c328f2fd:65|1,0,c:28:171:47,c:29:462:161,c:29:468:58,14.981759743100941,13.498263777241872,False,0,21.730891631721878
6bba_c328f2fd,6bba_c328f2fd:65,union,2,union|6bba_c328f2fd:65|2,0,c:28:171:47,c:29:462:161,p:29:476,15.670932486613552,14.89337100860648,False,0,23.11761799091679
6bba_c328f2fd,6bba_c328f2fd:65,union,3,union|6bba_c328f2fd:65|3,0,c:28:171:47,c:29:462:161,c:29:492:19,14.981759743100941,16.331047884321446,False,0,23.147283685261662
6bba_c328f2fd,6bba_c328f2fd:65,union,4,union|6bba_c328f2fd:65|4,0,c:28:171:47,c:29:462:161,c:29:493:27,14.981759743100941,11.02128622257856,False,0,20.49240285439022
6bba_c328f2fd,6bba_c328f2fd:65,union,5,union|6bba_c328f2fd:65|5,0,c:28:171:47,c:29:462:161,p:29:504,14.981759743100941,14.625,False,0,22.29425974310094
6bba_c328f2fd,6bba_c328f2fd:65,union,6,union|6bba_c328f2fd:65|6,0,c:28:171:47,c:29:467:50,c:29:468:58,12.691655723348314,8.75089281159357,False,0,17.0671021291451
6bba_c328f2fd,6bba_c328f2fd:65,union,7,union|6bba_c328f2fd:65|7,0,c:28:171:47,c:29:467:50,p:29:476,15.670932486613552,12.795262795269194,False,0,22.06856388424815
6bba_c328f2fd,6bba_c328f2fd:65,union,8,union|6bba_c328f2fd:65|8,0,c:28:171:47,c:29:467:50,c:29:492:19,12.691655723348314,9.613629647536875,False,0,17.498470547116753
6bba_c328f2fd,6bba_c328f2fd:65,union,9,union|6bba_c328f2fd:65|9,0,c:28:171:47,c:29:467:50,c:29:493:27,12.691655723348314,16.730398979103875,False,0,21.056855212900253
6bba_c328f2fd,6bba_c328f2fd:65,union,10,union|6bba_c328f2fd:65|10,0,c:28:171:47,c:29:467:50,c:29:498:20,13.101168840985142,12.160386507015309,False,0,19.181362094492798
6bba_c328f2fd,6bba_c328f2fd:65,union,11,union|6bba_c328f2fd:65|11,0,c:28:171:47,c:29:467:50,p:29:504,12.691655723348314,15.33021933959198,False,0,20.356765393144304
6bba_c328f2fd,6bba_c328f2fd:65,union,12,union|6bba_c328f2fd:65|12,0,c:28:171:47,c:29:467:50,c:29:514:272,12.795262795269194,15.501512023025366,False,0,20.546018806781877
6bba_c328f2fd,6bba_c328f2fd:65,union,13,union|6bba_c328f2fd:65|13,0,c:28:171:47,c:29:467:50,c:29:515:66,13.301198254292732,16.086679271993955,False,0,21.344537890289708
6bba_c328f2fd,6bba_c328f2fd:65,union,14,union|6bba_c328f2fd:65|14,0,c:28:171:47,c:29:468:58,p:29:476,15.670932486613552,17.577062467886947,False,0,24.459463720557025
6bba_c328f2fd,6bba_c328f2fd:65,union,15,union|6bba_c328f2fd:65|15,0,c:28:171:47,c:29:468:58,c:29:492:19,10.779030568655049,12.795262795269194,False,0,17.176661966289647
6bba_c328f2fd,6bba_c328f2fd:65,union,16,union|6bba_c328f2fd:65|16,0,c:28:171:47,c:29:468:58,c:29:493:27,10.779030568655049,16.168545852982575,False,0,18.863303495146337
6bba_c328f2fd,6bba_c328f2fd:65,union,17,union|6bba_c328f2fd:65|17,1,c:28:171:47,c:29:468:58,c:29:498:20,13.101168840985142,14.625,False,0,20.413668840985142
6bba_c328f2fd,6bba_c328f2fd:65,union,18,union|6bba_c328f2fd:65|18,0,c:28:171:47,c:29:468:58,p:29:504,10.779030568655049,13.978778558944269,False,0,17.768419848127184
6bba_c328f2fd,6bba_c328f2fd:65,union,19,union|6bba_c328f2fd:65|19,0,c:28:171:47,c:29:468:58,c:29:514:272,12.795262795269194,17.948711652929298,False,0,21.76961862173384
6bba_c328f2fd,6bba_c328f2fd:65,union,20,union|6bba_c328f2fd:65|20,0,c:28:171:47,p:29:476,c:29:492:19,15.670932486613552,10.405076885828379,False,0,20.87347092952774
6bba_c328f2fd,6bba_c328f2fd:65,union,21,union|6bba_c328f2fd:65|21,0,c:28:171:47,p:29:476,c:29:493:27,15.670932486613552,11.490485194281398,False,0,21.41617508375425
6bba_c328f2fd,6bba_c328f2fd:65,union,22,union|6bba_c328f2fd:65|22,0,c:28:171:47,p:29:476,p:29:504,15.670932486613552,14.981759743100941,False,0,23.16181235816402
6bba_c328f2fd,6bba_c328f2fd:65,union,23,union|6bba_c328f2fd:65|23,0,c:28:171:47,p:29:476,c:29:515:66,15.670932486613552,15.41610359332085,False,0,23.378984283273976
6bba_c328f2fd,6bba_c328f2fd:65,union,24,union|6bba_c328f2fd:65|24,0,c:28:171:47,c:29:492:19,c:29:493:27,9.613629647536875,9.884489111734608,False,0,14.55587420340418
6bba_c328f2fd,6bba_c328f2fd:65,union,25,union|6bba_c328f2fd:65|25,0,c:28:171:47,c:29:492:19,c:29:498:20,13.101168840985142,12.481861840286488,False,0,19.342099761128388
6bba_c328f2fd,6bba_c328f2fd:65,union,26,union|6bba_c328f2fd:65|26,0,c:28:171:47,c:29:492:19,p:29:504,6.894291116568838,7.621925609713073,False,0,10.705253921425374
6bba_c328f2fd,6bba_c328f2fd:65,union,27,union|6bba_c328f2fd:65|27,0,c:28:171:47,c:29:492:19,c:29:514:272,12.795262795269194,12.160386507015309,False,0,18.875456048776847
6bba_c328f2fd,6bba_c328f2fd:65,union,28,union|6bba_c328f2fd:65|28,0,c:28:171:47,c:29:492:19,c:29:515:66,13.301198254292732,8.75089281159357,False,0,17.676644660089515
6bba_c328f2fd,6bba_c328f2fd:65,union,29,union|6bba_c328f2fd:65|29,0,c:28:171:47,c:29:492:19,c:29:534:343,14.625,15.33021933959198,False,0,22.29010966979599
6bba_c328f2fd,6bba_c328f2fd:65,union,30,union|6bba_c328f2fd:65|30,0,c:28:171:47,c:29:492:19,f:29:282,15.958719123688681,15.741101567831484,True,1,23.829269907604424
6bba_c328f2fd,6bba_c328f2fd:65,union,31,union|6bba_c328f2fd:65|31,0,c:28:171:47,c:29:493:27,p:29:504,9.613629647536875,6.700046641628698,False,0,12.963652968351225
6bba_c328f2fd,6bba_c328f2fd:65,union,32,union|6bba_c328f2fd:65|32,0,c:28:171:47,c:29:493:27,c:29:515:66,13.301198254292732,15.921683328090658,False,0,21.26203991833806
6bba_c328f2fd,6bba_c328f2fd:65,union,33,union|6bba_c328f2fd:65|33,0,c:28:171:47,c:29:493:27,c:29:534:343,14.625,13.201562407533435,False,0,21.22578120376672
6bba_c328f2fd,6bba_c328f2fd:65,union,34,union|6bba_c328f2fd:65|34,0,c:28:171:47,c:29:493:27,f:29:282,15.958719123688681,17.678803439961282,True,1,24.798120843669324
6bba_c328f2fd,6bba_c328f2fd:65,union,35,union|6bba_c328f2fd:65|35,0,c:28:171:47,c:29:498:20,p:29:504,13.101168840985142,16.331047884321446,False,0,21.266692783145864
6bba_c328f2fd,6bba_c328f2fd:65,union,36,union|6bba_c328f2fd:65|36,0,c:28:171:47,c:29:498:20,c:29:514:272,13.101168840985142,5.3895152843275245,False,0,15.795926483148904
6bba_c328f2fd,6bba_c328f2fd:65,union,37,union|6bba_c328f2fd:65|37,0,c:28:171:47,c:29:498:20,c:29:515:66,13.301198254292732,13.595725431178728,False,0,20.099060969882096
6bba_c328f2fd,6bba_c328f2fd:65,union,38,union|6bba_c328f2fd:65|38,0,c:28:171:47,p:29:504,c:29:514:272,12.795262795269194,15.069630055180518,False,0,20.33007782285945
6bba_c328f2fd,6bba_c328f2fd:65,union,39,union|6bba_c328f2fd:65|39,0,c:28:171:47,p:29:504,c:29:515:66,13.301198254292732,13.101168840985142,False,0,19.851782674785305
6bba_c328f2fd,6bba_c328f2fd:65,union,40,union|6bba_c328f2fd:65|40,0,c:28:171:47,p:29:504,c:29:534:343,14.625,11.375,False,0,20.3125
6bba_c328f2fd,6bba_c328f2fd:65,union,41,union|6bba_c328f2fd:65|41,0,c:28:171:47,p:29:504,f:29:282,15.958719123688681,14.080164365829926,True,1,22.998801306603646
6bba_c328f2fd,6bba_c328f2fd:65,union,42,union|6bba_c328f2fd:65|42,0,c:28:171:47,c:29:514:272,c:29:515:66,13.301198254292732,10.405076885828379,False,0,18.50373669720692
6bba_c328f2fd,6bba_c328f2fd:65,union,43,union|6bba_c328f2fd:65|43,0,c:28:171:47,c:29:514:272,c:29:534:343,14.625,19.295805891436615,False,0,24.272902945718307
6bba_c328f2fd,6bba_c328f2fd:65,union,44,union|6bba_c328f2fd:65|44,0,c:28:171:47,c:29:514:272,f:29:282,15.958719123688681,15.43437004120307,True,1,23.675904144290215
6bba_c328f2fd,6bba_c328f2fd:65,union,45,union|6bba_c328f2fd:65|45,0,c:28:171:47,c:29:515:66,c:29:534:343,14.625,13.978778558944269,False,0,21.614389279472135
6bba_c328f2fd,6bba_c328f2fd:65,union,46,union|6bba_c328f2fd:65|46,0,c:28:171:47,c:29:515:66,f:29:282,15.958719123688681,11.048590003651455,True,1,21.48301412551441
6bba_c328f2fd,6bba_c328f2fd:65,union,47,union|6bba_c328f2fd:65|47,0,c:28:171:47,c:29:534:343,f:29:282,15.958719123688681,6.854020066266728,True,1,19.385729156822045
6bba_c328f2fd,6bba_c328f2fd:260,union,0,union|6bba_c328f2fd:260|0,0,c:66:755:45,c:67:1058:56,c:67:1061:39,14.16642156650719,11.604821196382131,False,0,19.968832164698256
6bba_c328f2fd,6bba_c328f2fd:260,union,1,union|6bba_c328f2fd:260|1,0,c:66:755:45,c:67:1058:56,c:67:1092:73,14.16642156650719,12.691655723348314,False,0,20.512249428181345
6bba_c328f2fd,6bba_c328f2fd:260,union,2,union|6bba_c328f2fd:260|2,1,c:66:755:45,c:67:1058:56,c:67:1102:12,14.16642156650719,18.240579760522966,False,0,23.28671144676867
6bba_c328f2fd,6bba_c328f2fd:260,union,3,union|6bba_c328f2fd:260|3,0,c:66:755:45,c:67:1058:56,c:67:1111:75,14.16642156650719,15.41610359332085,False,0,21.874473363167613
6bba_c328f2fd,6bba_c328f2fd:260,union,4,union|6bba_c328f2fd:260|4,0,c:66:755:45,c:67:1058:56,f:67:58,14.16642156650719,18.62451024245382,True,1,23.4786766877341
6bba_c328f2fd,6bba_c328f2fd:260,union,5,union|6bba_c328f2fd:260|5,0,c:66:755:45,c:67:1058:56,f:67:69,14.353660687437618,11.33021484620814,True,1,20.018768110541686
6bba_c328f2fd,6bba_c328f2fd:260,union,6,union|6bba_c328f2fd:260|6,0,c:66:755:45,c:67:1058:56,f:67:211,14.7940711292776,17.84184976615724,True,1,23.71499601235622
6bba_c328f2fd,6bba_c328f2fd:260,union,7,union|6bba_c328f2fd:260|7,0,c:66:755:45,c:67:1061:39,c:67:1076:184,13.978778558944269,15.33021933959198,False,0,21.64388822874026
6bba_c328f2fd,6bba_c328f2fd:260,union,8,union|6bba_c328f2fd:260|8,0,c:66:755:45,c:67:1061:39,c:67:1092:73,11.830178570080843,10.531203634912773,False,0,17.09578038753723
6bba_c328f2fd,6bba_c328f2fd:260,union,9,union|6bba_c328f2fd:260|9,0,c:66:755:45,c:67:1061:39,c:67:1102:12,9.613629647536875,10.900831390311474,False,0,15.064045342692612
6bba_c328f2fd,6bba_c328f2fd:260,union,10,union|6bba_c328f2fd:260|10,0,c:66:755:45,c:67:1061:39,c:67:1111:75,10.017172754824587,13.101168840985142,False,0,16.56775717531716
6bba_c328f2fd,6bba_c328f2fd:260,union,11,union|6bba_c328f2fd:260|11,0,c:66:755:45,c:67:1061:39,p:67:1126,10.900831390311474,17.04314378276496,False,0,19.422403281693953
6bba_c328f2fd,6bba_c328f2fd:260,union,12,union|6bba_c328f2fd:260|12,0,c:66:755:45,c:67:1061:39,f:67:13,11.416662594823359,17.32714958532881,True,1,20.080237387487763
6bba_c328f2fd,6bba_c328f2fd:260,union,13,union|6bba_c328f2fd:260|13,0,c:66:755:45,c:67:1061:39,f:67:58,11.419063975536247,16.21304362410037,True,1,19.52558578758643
6bba_c328f2fd,6bba_c328f2fd:260,union,14,union|6bba_c328f2fd:260|14,0,c:66:755:45,c:67:1061:39,f:67:69,14.353660687437618,8.175759416237405,True,1,18.44154039555632
6bba_c328f2fd,6bba_c328f2fd:260,union,15,union|6bba_c328f2fd:260|15,0,c:66:755:45,c:67:1061:39,f:67:211,14.7940711292776,10.524382847850275,True,1,20.05626255320274
6bba_c328f2fd,6bba_c328f2fd:260,union,16,union|6bba_c328f2fd:260|16,0,c:66:755:45,c:67:1076:184,c:67:1102:12,13.978778558944269,9.475296829123613,False,0,18.716426973506074
6bba_c328f2fd,6bba_c328f2fd:260,union,17,union|6bba_c328f2fd:260|17,0,c:66:755:45,c:67:1076:184,p:67:1126,13.978778558944269,16.965498076979642,False,0,22.46152759743409
6bba_c328f2fd,6bba_c328f2fd:260,union,18,union|6bba_c328f2fd:260|18,0,c:66:755:45,c:67:1076:184,f:67:13,13.978778558944269,15.943332515241396,True,1,21.950444816564968
6bba_c328f2fd,6bba_c328f2fd:260,union,19,union|6bba_c328f2fd:260|19,0,c:66:755:45,c:67:1076:184,f:67:211,14.7940711292776,9.891914783201733,True,1,19.740028520878468
6bba_c328f2fd,6bba_c328f2fd:260,union,20,union|6bba_c328f2fd:260|20,0,c:66:755:45,c:67:1092:73,c:67:1102:12,11.830178570080843,15.501512023025366,False,0,19.580934581593525
6bba_c328f2fd,6bba_c328f2fd:260,union,21,union|6bba_c328f2fd:260|21,0,c:66:755:45,c:67:1092:73,c:67:1111:75,11.830178570080843,5.3895152843275245,False,0,14.524936212244604
6bba_c328f2fd,6bba_c328f2fd:260,union,22,union|6bba_c328f2fd:260|22,0,c:66:755:45,c:67:1092:73,p:67:1126,11.830178570080843,16.25,False,0,19.955178570080843
6bba_c328f2fd,6bba_c328f2fd:260,union,23,union|6bba_c328f2fd:260|23,0,c:66:755:45,c:67:1092:73,f:67:13,11.830178570080843,17.40037795043196,True,1,20.530367545296823
6bba_c328f2fd,6bba_c328f2fd:260,union,24,union|6bba_c328f2fd:260|24,0,c:66:755:45,c:67:1092:73,f:67:58,11.830178570080843,8.92841409209041,True,1,16.29438561612605
6bba_c328f2fd,6bba_c328f2fd:260,union,25,union|6bba_c328f2fd:260|25,0,c:66:755:45,c:67:1092:73,f:67:69,14.353660687437618,6.235424889549995,True,1,17.471373132212616
6bba_c328f2fd,6bba_c328f2fd:260,union,26,union|6bba_c328f2fd:260|26,0,c:66:755:45,c:67:1102:12,c:67:1111:75,10.017172754824587,13.788582233137676,False,0,16.911463871393426
6bba_c328f2fd,6bba_c328f2fd:260,union,27,union|6bba_c328f2fd:260|27,0,c:66:755:45,c:67:1102:12,p:67:1126,10.900831390311474,9.613629647536875,False,0,15.707646214079912
6bba_c328f2fd,6bba_c328f2fd:260,union,28,union|6bba_c328f2fd:260|28,0,c:66:755:45,c:67:1102:12,f:67:13,11.416662594823359,9.357863122811196,True,1,16.095594156228955
6bba_c328f2fd,6bba_c328f2fd:260,union,29,union|6bba_c328f2fd:260|29,0,c:66:755:45,c:67:1102:12,f:67:58,11.419063975536247,14.704628952769063,True,1,18.77137845192078
6bba_c328f2fd,6bba_c328f2fd:260,union,30,union|6bba_c328f2fd:260|30,0,c:66:755:45,c:67:1102:12,f:67:69,14.353660687437618,17.224848185736853,True,1,22.966084780306044
6bba_c328f2fd,6bba_c328f2fd:260,union,31,union|6bba_c328f2fd:260|31,0,c:66:755:45,c:67:1102:12,f:67:211,14.7940711292776,13.058532051043295,True,1,21.323337154799248
6bba_c328f2fd,6bba_c328f2fd:260,union,32,union|6bba_c328f2fd:260|32,0,c:66:755:45,c:67:1111:75,p:67:1126,10.900831390311474,12.481861840286488,False,0,17.141762310454716
6bba_c328f2fd,6bba_c328f2fd:260,union,33,union|6bba_c328f2fd:260|33,0,c:66:755:45,c:67:1111:75,f:67:13,11.416662594823359,13.88758124674233,True,1,18.360453218194525
6bba_c328f2fd,6bba_c328f2fd:260,union,34,union|6bba_c328f2fd:260|34,0,c:66:755:45,c:67:1111:75,f:67:58,11.419063975536247,3.6788440101285937,True,1,13.258485980600543
6bba_c328f2fd,6bba_c328f2fd:260,union,35,union|6bba_c328f2fd:260|35,0,c:66:755:45,c:67:1111:75,f:67:69,14.353660687437618,11.390158921263685,True,1,20.04874014806946
6bba_c328f2fd,6bba_c328f2fd:260,union,36,union|6bba_c328f2fd:260|36,0,c:66:755:45,p:67:1126,f:67:13,11.416662594823359,1.6421808043944435,True,1,12.23775299702058
6bba_c328f2fd,6bba_c328f2fd:260,union,37,union|6bba_c328f2fd:260|37,0,c:66:755:45,p:67:1126,f:67:58,11.419063975536247,11.14875057682826,True,1,16.99343926395038
6bba_c328f2fd,6bba_c328f2fd:260,union,38,union|6bba_c328f2fd:260|38,0,c:66:755:45,f:67:13,f:67:58,11.419063975536247,12.733116702203155,True,2,17.785622326637824
6bba_c328f2fd,6bba_c328f2fd:260,union,39,union|6bba_c328f2fd:260|39,0,c:66:755:45,f:67:58,f:67:69,14.353660687437618,14.978505683586022,True,2,21.84291352923063
6bba_c328f2fd,6bba_c328f2fd:260,union,40,union|6bba_c328f2fd:260|40,0,c:66:755:45,f:67:69,f:67:211,14.7940711292776,18.31028346070376,True,2,23.949212859629483
6bba_fe670320,6bba_fe670320:4,pil_only,0,pil_only|6bba_fe670320:4|0,1,p:0:39,p:1:72,p:1:79,7.083210783253595,12.481861840286488,False,0,13.324141703396839
6bba_fe670320,6bba_fe670320:4,pil_only,1,pil_only|6bba_fe670320:4|1,0,p:0:39,p:1:72,p:1:87,7.083210783253595,8.75089281159357,False,0,11.45865718905038
6bba_fe670320,6bba_fe670320:4,pil_only,2,pil_only|6bba_fe670320:4|2,0,p:0:39,p:1:79,p:1:87,6.5,8.285906709588275,False,0,10.642953354794138
6bba_fe670320,6bba_fe670320:519,pil_only,0,pil_only|6bba_fe670320:519|0,0,p:66:245,p:67:418,p:67:430,14.259317129512198,10.900831390311474,False,0,19.709732824667935
6bba_fe670320,6bba_fe670320:519,pil_only,1,pil_only|6bba_fe670320:519|1,0,p:66:245,p:67:418,p:67:444,14.259317129512198,19.5,False,0,24.009317129512198
6bba_fe670320,6bba_fe670320:519,pil_only,2,pil_only|6bba_fe670320:519|2,0,p:66:245,p:67:430,p:67:437,12.795262795269194,19.63494970709118,False,0,22.612737648814786
6bba_fe670320,6bba_fe670320:519,pil_only,3,pil_only|6bba_fe670320:519|3,1,p:66:245,p:67:430,p:67:438,7.44668550430324,13.101168840985142,False,0,13.99726992479581
6bba_fe670320,6bba_fe670320:519,pil_only,4,pil_only|6bba_fe670320:519|4,0,p:66:245,p:67:430,p:67:444,8.75089281159357,8.75089281159357,False,0,13.126339217390354
6bba_fe670320,6bba_fe670320:519,pil_only,5,pil_only|6bba_fe670320:519|5,0,p:66:245,p:67:437,p:67:438,12.795262795269194,13.101168840985142,False,0,19.345847215761765
6bba_fe670320,6bba_fe670320:519,pil_only,6,pil_only|6bba_fe670320:519|6,0,p:66:245,p:67:437,p:67:444,12.795262795269194,19.70207793609598,False,0,22.646301763317183
6bba_fe670320,6bba_fe670320:519,pil_only,7,pil_only|6bba_fe670320:519|7,0,p:66:245,p:67:438,p:67:444,8.75089281159357,8.285906709588275,False,0,12.893846166387707
6bba_fe670320,6bba_fe670320:4,union,0,union|6bba_fe670320:4|0,1,c:0:39:33,c:1:72:39,c:1:79:43,7.083210783253595,12.481861840286488,False,0,13.324141703396839
6bba_fe670320,6bba_fe670320:4,union,1,union|6bba_fe670320:4|1,0,c:0:39:33,c:1:72:39,p:1:87,7.083210783253595,8.75089281159357,False,0,11.45865718905038
6bba_fe670320,6bba_fe670320:4,union,2,union|6bba_fe670320:4|2,0,c:0:39:33,c:1:79:43,p:1:87,6.5,8.285906709588275,False,0,10.642953354794138
6bba_fe670320,6bba_fe670320:519,union,0,union|6bba_fe670320:519|0,0,c:66:245:216,c:67:418:208,p:67:430,14.259317129512198,10.900831390311474,False,0,19.709732824667935
6bba_fe670320,6bba_fe670320:519,union,1,union|6bba_fe670320:519|1,0,c:66:245:216,c:67:418:208,p:67:444,14.259317129512198,19.5,False,0,24.009317129512198
6bba_fe670320,6bba_fe670320:519,union,2,union|6bba_fe670320:519|2,0,c:66:245:216,p:67:430,c:67:437:206,12.795262795269194,19.63494970709118,False,0,22.612737648814786
6bba_fe670320,6bba_fe670320:519,union,3,union|6bba_fe670320:519|3,1,c:66:245:216,p:67:430,c:67:438:211,7.44668550430324,13.101168840985142,False,0,13.99726992479581
6bba_fe670320,6bba_fe670320:519,union,4,union|6bba_fe670320:519|4,0,c:66:245:216,p:67:430,p:67:444,8.75089281159357,8.75089281159357,False,0,13.126339217390354
6bba_fe670320,6bba_fe670320:519,union,5,union|6bba_fe670320:519|5,0,c:66:245:216,c:67:437:206,c:67:438:211,12.795262795269194,13.101168840985142,False,0,19.345847215761765
6bba_fe670320,6bba_fe670320:519,union,6,union|6bba_fe670320:519|6,0,c:66:245:216,c:67:437:206,p:67:444,12.795262795269194,19.70207793609598,False,0,22.646301763317183
6bba_fe670320,6bba_fe670320:519,union,7,union|6bba_fe670320:519|7,0,c:66:245:216,c:67:438:211,p:67:444,8.75089281159357,8.285906709588275,False,0,12.893846166387707
