[{"stream_name":"stderr","time":7.18841785,"data":"0.00s - Debugger warning: It seems that frozen modules are being used, which may\n"}
,{"stream_name":"stderr","time":7.188492173,"data":"0.00s - make the debugger miss breakpoints. Please pass -Xfrozen_modules=off\n"}
,{"stream_name":"stderr","time":7.188498099,"data":"0.00s - to python to disable frozen modules.\n"}
,{"stream_name":"stderr","time":7.188501979,"data":"0.00s - Note: Debugging will proceed. Set PYDEVD_DISABLE_FILE_VALIDATION=1 to disable this validation.\n"}
,{"stream_name":"stderr","time":7.780559419,"data":"0.00s - Debugger warning: It seems that frozen modules are being used, which may\n"}
,{"stream_name":"stderr","time":7.780599679,"data":"0.00s - make the debugger miss breakpoints. Please pass -Xfrozen_modules=off\n"}
,{"stream_name":"stderr","time":7.780611999,"data":"0.00s - to python to disable frozen modules.\n"}
,{"stream_name":"stderr","time":7.780616398,"data":"0.00s - Note: Debugging will proceed. Set PYDEVD_DISABLE_FILE_VALIDATION=1 to disable this validation.\n"}
,{"stream_name":"stdout","time":8.842191013,"data":"BIOHUB_PRESET: harmonic_v3_division_wide\n"}
,{"stream_name":"stdout","time":8.842240261,"data":"BIOHUB_SCORE_AXIS: public 0.939 base + holdout-selected post-process configuration\n"}
,{"stream_name":"stdout","time":8.865942023,"data":"Configuration guard: PASS\n"}
,{"stream_name":"stdout","time":8.865966981,"data":"Baseline: fixed-90 dual-seed clean pipeline (public LB 0.913)\n"}
,{"stream_name":"stdout","time":8.865972581,"data":"Single model-level change: harmonic mutual-support association fusion\n"}
,{"stream_name":"stdout","time":8.865976722,"data":"Reverse-time association weight: 0.200\n"}
,{"stream_name":"stdout","time":9.695209616,"data":"Biohub learned UNet + node-transformer + ILP submission\n"}
,{"stream_name":"stdout","time":9.695243331,"data":"COMP_DIR: /kaggle/input/competitions/biohub-cell-tracking-during-development exists: True\n"}
,{"stream_name":"stdout","time":9.695248999,"data":"TEST_DIR: /kaggle/input/competitions/biohub-cell-tracking-during-development/test exists: True\n"}
,{"stream_name":"stdout","time":9.695253448999999,"data":"{\n"}
,{"stream_name":"stdout","time":9.695257507,"data":"  \"adaptive_short_track_rescue\": true,\n"}
,{"stream_name":"stdout","time":9.695261177,"data":"  \"allow_artifact_fallback\": false,\n"}
,{"stream_name":"stdout","time":9.695264602,"data":"  \"allow_pip_install\": false,\n"}
,{"stream_name":"stdout","time":9.695268057,"data":"  \"deepcenter_checkpoint_default\": \"/kaggle/input/biohub-deepcenter-unet3d-center-prior-v1/weights/full_frame_center/best.pt\",\n"}
,{"stream_name":"stdout","time":9.695271775,"data":"  \"deepcenter_expected_epoch\": 2,\n"}
,{"stream_name":"stdout","time":9.695280394,"data":"  \"deepcenter_gap_add_gate\": true,\n"}
,{"stream_name":"stdout","time":9.695282989,"data":"  \"deepcenter_gap_confirm_min_span_um\": 8.5,\n"}
,{"stream_name":"stdout","time":9.695285539,"data":"  \"deepcenter_gap_threshold\": 0.25,\n"}
,{"stream_name":"stdout","time":9.695288056,"data":"  \"deepcenter_safe_div_add_gate\": true,\n"}
,{"stream_name":"stdout","time":9.695305549,"data":"  \"deepcenter_safe_div_threshold\": 0.25,\n"}
,{"stream_name":"stdout","time":9.695309522,"data":"  \"det_threshold\": 0.965,\n"}
,{"stream_name":"stdout","time":9.695313239,"data":"  \"div_drop_to_single_if_bad\": true,\n"}
,{"stream_name":"stdout","time":9.695316254,"data":"  \"div_parent_max_um\": 10.5,\n"}
,{"stream_name":"stdout","time":9.695319499,"data":"  \"div_sister_max_um\": 8.0,\n"}
,{"stream_name":"stdout","time":9.695322797,"data":"  \"experiment_tag\": \"selected_101_dual_seed_near_balanced_center_confirmed_synthetic_gap\",\n"}
,{"stream_name":"stdout","time":9.695343657,"data":"  \"gap2_frame_frac_cap\": 0.006,\n"}
,{"stream_name":"stdout","time":9.695348675,"data":"  \"gap2_max_links_abs\": 180,\n"}
,{"stream_name":"stdout","time":9.695352234,"data":"  \"gap2_max_links_frac\": 0.0045,\n"}
,{"stream_name":"stdout","time":9.695355842,"data":"  \"gap2_max_step_um\": 4.4,\n"}
,{"stream_name":"stdout","time":9.695359063,"data":"  \"gap2_max_total_um\": 10.2,\n"}
,{"stream_name":"stdout","time":9.695362309,"data":"  \"gap2_require_context\": true,\n"}
,{"stream_name":"stdout","time":9.695365607,"data":"  \"gap_close_effective_max_gap\": 1,\n"}
,{"stream_name":"stdout","time":9.695368932000001,"data":"  \"gap_close_max_added_abs\": 2000,\n"}
,{"stream_name":"stdout","time":9.695372425,"data":"  \"gap_close_max_added_frac\": 0.05,\n"}
,{"stream_name":"stdout","time":9.695375695,"data":"  \"gap_close_max_gap\": 2,\n"}
,{"stream_name":"stdout","time":9.695378956999999,"data":"  \"gap_close_reuse_existing\": true,\n"}
,{"stream_name":"stdout","time":9.695382121,"data":"  \"gap_close_reuse_um\": 3.2,\n"}
,{"stream_name":"stdout","time":9.695385624,"data":"  \"gap_close_um\": 5.0,\n"}
,{"stream_name":"stdout","time":9.695389229,"data":"  \"gap_density_adaptive\": true,\n"}
,{"stream_name":"stdout","time":9.695393152,"data":"  \"gap_density_gain\": 0.04,\n"}
,{"stream_name":"stdout","time":9.695396541000001,"data":"  \"gap_density_max_step_delta_um\": 0.125,\n"}
,{"stream_name":"stdout","time":9.695400265,"data":"  \"gap_density_neighbors\": 3,\n"}
,{"stream_name":"stdout","time":9.695403869,"data":"  \"gap_density_reference_um\": 6.5,\n"}
,{"stream_name":"stdout","time":9.695407536,"data":"  \"gap_refine_max_shift_um\": 3.2,\n"}
,{"stream_name":"stdout","time":9.695410832,"data":"  \"gap_refine_synthetic\": true,\n"}
,{"stream_name":"stdout","time":9.695414884,"data":"  \"gap_refine_win_yx\": 3,\n"}
,{"stream_name":"stdout","time":9.695418537,"data":"  \"gap_refine_win_z\": 1,\n"}
,{"stream_name":"stdout","time":9.695421960000001,"data":"  \"ilp_appearance_weight\": 0.0,\n"}
,{"stream_name":"stdout","time":9.695425339,"data":"  \"ilp_disappearance_weight\": 2.0,\n"}
,{"stream_name":"stdout","time":9.695428531,"data":"  \"ilp_division_weight\": 1.2,\n"}
,{"stream_name":"stdout","time":9.695432079,"data":"  \"ilp_edge_weight\": -1.0,\n"}
,{"stream_name":"stdout","time":9.695435942,"data":"  \"method\": \"unet_transformer\",\n"}
,{"stream_name":"stdout","time":9.695440383,"data":"  \"motion_relink_learned_bonus\": 1.0,\n"}
,{"stream_name":"stdout","time":9.695444083,"data":"  \"motion_relink_max_frame_nodes\": 2600,\n"}
,{"stream_name":"stdout","time":9.695447546,"data":"  \"motion_relink_relaxed_um\": 10.0,\n"}
,{"stream_name":"stdout","time":9.695451702,"data":"  \"motion_relink_tight_um\": 6.0,\n"}
,{"stream_name":"stdout","time":9.695455125,"data":"  \"motion_relink_velocity_weight\": 0.5,\n"}
,{"stream_name":"stdout","time":9.695458979,"data":"  \"output_division_geometry_filter\": false,\n"}
,{"stream_name":"stdout","time":9.695463072,"data":"  \"output_edge_max_um\": 14.0,\n"}
,{"stream_name":"stdout","time":9.695468937,"data":"  \"output_enforce_next_frame\": true,\n"}
,{"stream_name":"stdout","time":9.695472548,"data":"  \"output_filter_short_tracks\": true,\n"}
,{"stream_name":"stdout","time":9.695476105000001,"data":"  \"output_gap2_recovery\": true,\n"}
,{"stream_name":"stdout","time":9.695479629,"data":"  \"output_gap_close\": true,\n"}
,{"stream_name":"stdout","time":9.69548346,"data":"  \"output_keep_division_components\": true,\n"}
,{"stream_name":"stdout","time":9.695492832,"data":"  \"output_linefit_smooth\": true,\n"}
,{"stream_name":"stdout","time":9.69549657,"data":"  \"output_linefit_weight\": 0.8,\n"}
,{"stream_name":"stdout","time":9.695499954,"data":"  \"output_linefit_window\": 2,\n"}
,{"stream_name":"stdout","time":9.695503641,"data":"  \"output_min_track_len\": 6,\n"}
,{"stream_name":"stdout","time":9.695507794,"data":"  \"output_motion_relink\": true,\n"}
,{"stream_name":"stdout","time":9.695511444,"data":"  \"output_prune_isolated\": true,\n"}
,{"stream_name":"stdout","time":9.695515244,"data":"  \"output_safe_divisions\": true,\n"}
,{"stream_name":"stdout","time":9.695518977,"data":"  \"output_single_child_repair\": false,\n"}
,{"stream_name":"stdout","time":9.69552234,"data":"  \"output_single_parent_repair\": true,\n"}
,{"stream_name":"stdout","time":9.695525789,"data":"  \"primary_artifact_manifest\": \"/kaggle/input/datasets/pilkwang/biohub-tracking-support-pack-50ep-v1/ARTIFACT_MANIFEST.json\",\n"}
,{"stream_name":"stdout","time":9.695529787,"data":"  \"safe_div_existing_child_max_um\": 10.0,\n"}
,{"stream_name":"stdout","time":9.695533361,"data":"  \"safe_div_frame_frac_cap\": 0.0076,\n"}
,{"stream_name":"stdout","time":9.695536717,"data":"  \"safe_div_global_frac_cap\": 0.00375,\n"}
,{"stream_name":"stdout","time":9.69554015,"data":"  \"safe_div_max_um\": 9.0,\n"}
,{"stream_name":"stdout","time":9.695543472,"data":"  \"safe_div_sister_max_um\": 14.0,\n"}
,{"stream_name":"stdout","time":9.695551379,"data":"  \"short_track_rescue_max_mean_edge_dist_um\": 3.0,\n"}
,{"stream_name":"stdout","time":9.695554188,"data":"  \"short_track_rescue_max_nodes_abs\": 120,\n"}
,{"stream_name":"stdout","time":9.695556507,"data":"  \"short_track_rescue_max_nodes_frac\": 0.012,\n"}
,{"stream_name":"stdout","time":9.69555881,"data":"  \"short_track_rescue_min_len\": 4,\n"}
,{"stream_name":"stdout","time":9.695561029,"data":"  \"short_track_rescue_min_mean_edge_prob\": 0.88,\n"}
,{"stream_name":"stdout","time":9.695563292,"data":"  \"short_track_rescue_trigger_removed_frac\": 0.1,\n"}
,{"stream_name":"stdout","time":9.695565629,"data":"  \"slice\": \"\",\n"}
,{"stream_name":"stdout","time":9.695567889,"data":"  \"target_artifact_slug\": \"biohub-tracking-support-pack-50ep-v1\",\n"}
,{"stream_name":"stdout","time":9.695570203,"data":"  \"unet_batch_size\": 4,\n"}
,{"stream_name":"stdout","time":9.695572409,"data":"  \"use_deepcenter_add_only_gate\": true,\n"}
,{"stream_name":"stdout","time":9.695574719,"data":"  \"use_ilp\": true,\n"}
,{"stream_name":"stdout","time":9.695576971,"data":"  \"weights\": \"weights/unet_transformer/split_0/edge_predictor_best.pth\"\n"}
,{"stream_name":"stdout","time":9.695579305999999,"data":"}\n"}
,{"stream_name":"stdout","time":9.898921155,"data":"ARTIFACTS: /kaggle/input/datasets/pilkwang/biohub-tracking-support-pack-50ep-v1\n"}
,{"stream_name":"stdout","time":9.898953711,"data":"Has offline wheels: True\n"}
,{"stream_name":"stdout","time":9.898973886,"data":"Artifact name: biohub-tracking-support-pack-400ep-snapshot-v1\n"}
,{"stream_name":"stdout","time":9.898978528,"data":"Weight sha256: 12f6881ee3620a831697ca098ff8f48e687a24225f4e048b538deec3562fe771\n"}
,{"stream_name":"stdout","time":9.898982877,"data":"Weight path: weights/unet_transformer/split_0/edge_predictor_best.pth\n"}
,{"stream_name":"stdout","time":10.614597193,"data":"Installing missing packages from offline package dirs: ['polars']\n"}
,{"stream_name":"stdout","time":10.614630515,"data":"Dependency resolver is disabled with --no-deps to avoid replacing Kaggle numpy/scipy in a live kernel.\n"}
,{"stream_name":"stdout","time":10.614643915,"data":"Offline package dirs: ['/kaggle/input/datasets/pilkwang/biohub-tracking-support-pack-50ep-v1/wheels']\n"}
,{"stream_name":"stdout","time":16.462811038,"data":"Offline dependency install succeeded.\n"}
,{"stream_name":"stdout","time":16.462850167,"data":"Installing missing packages from offline package dirs: ['tracksdata', 'zarr', 'pyscipopt', 'geff', 'geff_spec', 'ilpy', 'imagecodecs', 'rustworkx', 'numcodecs', 'donfig', 'bidict']\n"}
,{"stream_name":"stdout","time":16.462856227,"data":"Dependency resolver is disabled with --no-deps to avoid replacing Kaggle numpy/scipy in a live kernel.\n"}
,{"stream_name":"stdout","time":16.462861355,"data":"Offline package dirs: ['/kaggle/input/datasets/pilkwang/biohub-tracking-support-pack-50ep-v1/wheels']\n"}
,{"stream_name":"stdout","time":42.083402542,"data":"Offline dependency install succeeded.\n"}
,{"stream_name":"stderr","time":49.408369864,"data":"/usr/local/lib/python3.12/dist-packages/dask/array/image.py:7: FutureWarning: `find_available_plugins` is deprecated since version 0.25 and will be removed in version 0.27. The plugin infrastructure of `skimage.io` is deprecated. Instead, use `imageio` or other I/O packages directly.\n"}
,{"stream_name":"stderr","time":49.408399364,"data":"  from skimage.io import imread as sk_imread\n"}
,{"stream_name":"stderr","time":49.408405068,"data":"/usr/lib/python3.12/importlib/__init__.py:90: FutureWarning: `reset_plugins` is deprecated since version 0.25 and will be removed in version 0.27. The plugin infrastructure of `skimage.io` is deprecated. Instead, use `imageio` or other I/O packages directly.\n"}
,{"stream_name":"stderr","time":49.408410463,"data":"  return _bootstrap._gcd_import(name[level:], package, level)\n"}
,{"stream_name":"stderr","time":49.408414875,"data":"\n"}
,{"stream_name":"stderr","time":49.408419404,"data":"/usr/local/lib/python3.12/dist-packages/dask/array/image.py:7: FutureWarning: `find_available_plugins` is deprecated since version 0.25 and will be removed in version 0.27. The plugin infrastructure of `skimage.io` is deprecated. Instead, use `imageio` or other I/O packages directly.\n"}
,{"stream_name":"stderr","time":49.408424838,"data":"  from skimage.io import imread as sk_imread\n"}
,{"stream_name":"stderr","time":49.408429078,"data":"/usr/lib/python3.12/importlib/__init__.py:90: FutureWarning: `reset_plugins` is deprecated since version 0.25 and will be removed in version 0.27. The plugin infrastructure of `skimage.io` is deprecated. Instead, use `imageio` or other I/O packages directly.\n"}
,{"stream_name":"stderr","time":49.408433988,"data":"  return _bootstrap._gcd_import(name[level:], package, level)\n"}
,{"stream_name":"stdout","time":49.620888664,"data":"Required graph/Zarr/ILP packages import successfully.\n"}
,{"stream_name":"stdout","time":49.620930322,"data":"Inference repo: /kaggle/working/tracking_repo\n"}
,{"stream_name":"stdout","time":49.620937291,"data":"Weights: /kaggle/working/tracking_repo/weights/unet_transformer/split_0/edge_predictor_best.pth\n"}
,{"stream_name":"stdout","time":50.39782055,"data":"Support repo Python manifest SHA256: 978b626d1fd1e7397435a437dfe68691defe1572fc3c20e61012d7c9b52ed029\n"}
,{"stream_name":"stdout","time":50.397868274,"data":"Primary materialized SHA256: 12f6881ee3620a831697ca098ff8f48e687a24225f4e048b538deec3562fe771\n"}
,{"stream_name":"stdout","time":50.397875532,"data":"DeepCenter materialized SHA256: 8040999a92f6b7bbd98fa8cf458141e045c0f9ad7c936bdb3b18e1f7edafe2a0\n"}
,{"stream_name":"stdout","time":330.067923877,"data":"Secondary artifact: /kaggle/input/datasets/pilkwang/biohub-temporal-unet3d-seed314159-v1\n"}
,{"stream_name":"stdout","time":330.067968785,"data":"Secondary weight: /kaggle/working/secondary_seed_weights/unet_transformer/split_0/edge_predictor_best.pth\n"}
,{"stream_name":"stdout","time":330.067980618,"data":"Secondary SHA256: 9bac2fa0dadc4a6fc1899e0caf187f4b553e0a7cd90ba1261a68b35ffe9e305f\n"}
,{"stream_name":"stdout","time":330.067983546,"data":"Secondary edge-logit weight: 0.15\n"}
,{"stream_name":"stdout","time":330.067986336,"data":"Runtime integrity receipt: /kaggle/working/bidirectional_production_runtime_integrity.json\n"}
,{"stream_name":"stdout","time":334.389384555,"data":"CUDA device: Tesla T4\n"}
,{"stream_name":"stdout","time":334.389410309,"data":"TTA patch applied (400ep spatial D4-style)\n"}
,{"stream_name":"stdout","time":334.38941484,"data":"Calibrated dual-seed runtime patch applied\n"}
,{"stream_name":"stdout","time":334.389418663,"data":"Frozen frame retention guard applied at 0.90\n"}
,{"stream_name":"stdout","time":334.389422722,"data":"Bidirectional harmonic-probability association fusion applied | weight= 0.15\n"}
,{"stream_name":"stdout","time":334.389426279,"data":"Pre-ILP detector-coordinate manifest hook applied\n"}
,{"stream_name":"stdout","time":334.389429907,"data":"EDGE_TTA patch installed and enabled in /kaggle/working/tracking_repo/scripts/predict_unet_transformer.py\n"}
,{"stream_name":"stdout","time":334.389433388,"data":"secondary edge-feature TTA patch installed and enabled\n"}
,{"stream_name":"stdout","time":334.393740316,"data":"Found 4 test videos\n"}
,{"stream_name":"stdout","time":334.393768905,"data":"['44b6_0113de3b', '44b6_0b24845f', '6bba_05b6850b', '6bba_05db0fb1']\n"}
,{"stream_name":"stdout","time":334.39380704,"data":"EXP019 CV-only: skipped test-set inference; validation prediction runs once below.\n"}
,{"stream_name":"stdout","time":334.803600435,"data":"EXP019 FOCUS strategies ready; production test pass remains FOCUS-off\n"}
,{"stream_name":"stdout","time":709.786540603,"data":"Trying DeepCenter add-only gate checkpoint: /kaggle/input/datasets/pilkwang/biohub-deepcenter-unet3d-center-prior-v1/weights/full_frame_center/best.pt\n"}
,{"stream_name":"stdout","time":709.900550549,"data":"Loaded DeepCenter add-only gate checkpoint: /kaggle/input/datasets/pilkwang/biohub-deepcenter-unet3d-center-prior-v1/weights/full_frame_center/best.pt\n"}
,{"stream_name":"stdout","time":709.900586255,"data":"DeepCenter checkpoint epoch: 2 best_score: -0.04500306242456039\n"}
,{"stream_name":"stdout","time":709.900593449,"data":"EXP019 CV-only: no test submission is generated.\n"}
,{"stream_name":"stdout","time":709.945360146,"data":"EXP042 conflict modes: {'base': {'parent_gate_um': None, 'daughter_gate_um': None}, 'geom1_prob0': {'parent_gate_um': 14.0, 'daughter_gate_um': 14.0, 'divergence_um': 2.25, 'min_displacement_gain_um': 1.0, 'min_edge_probability_gain': 0.0, 'max_changes_per_frame': 1, 'max_changes_per_dataset': 6, 'require_divergence': True}, 'geom1_prob05': {'parent_gate_um': 14.0, 'daughter_gate_um': 14.0, 'divergence_um': 2.25, 'min_displacement_gain_um': 1.0, 'min_edge_probability_gain': 0.05, 'max_changes_per_frame': 1, 'max_changes_per_dataset': 6, 'require_divergence': True}, 'geom1_prob10': {'parent_gate_um': 14.0, 'daughter_gate_um': 14.0, 'divergence_um': 2.25, 'min_displacement_gain_um': 1.0, 'min_edge_probability_gain': 0.1, 'max_changes_per_frame': 1, 'max_changes_per_dataset': 6, 'require_divergence': True}}\n"}
,{"stream_name":"stdout","time":709.965179493,"data":"EXP019 CV-only: submission retention guard skipped by design.\n"}
,{"stream_name":"stdout","time":710.096938389,"data":"VALIDATOR: excluding 4 TRAIN stem(s) that also appear in TEST_DIR: ['44b6_0113de3b', '44b6_0b24845f', '6bba_05b6850b', '6bba_05db0fb1']\n"}
,{"stream_name":"stdout","time":754.412923955,"data":"VALIDATOR: selected 4 held-out TRAIN samples (2 per embryo-type prefix, 2 prefixes found, 4 contain a GT division)\n"}
,{"stream_name":"stdout","time":754.412964884,"data":"['44b6_12dfb391', '44b6_267148e4', '6bba_062c8d37', '6bba_07e24132']\n"}
,{"stream_name":"stdout","time":754.412969076,"data":"VALIDATOR: launching 2 shards on CUDA devices ['0', '1']\n"}
,{"stream_name":"stderr","time":759.569483881,"data":"/usr/local/lib/python3.12/dist-packages/dask/array/image.py:7: FutureWarning: `find_available_plugins` is deprecated since version 0.25 and will be removed in version 0.27. The plugin infrastructure of `skimage.io` is deprecated. Instead, use `imageio` or other I/O packages directly.\n"}
,{"stream_name":"stderr","time":759.569517708,"data":"  from skimage.io import imread as sk_imread\n"}
,{"stream_name":"stderr","time":759.574245289,"data":"/usr/lib/python3.12/importlib/__init__.py:90: FutureWarning: `reset_plugins` is deprecated since version 0.25 and will be removed in version 0.27. The plugin infrastructure of `skimage.io` is deprecated. Instead, use `imageio` or other I/O packages directly.\n"}
,{"stream_name":"stderr","time":759.574266863,"data":"  return _bootstrap._gcd_import(name[level:], package, level)\n"}
,{"stream_name":"stderr","time":759.602182314,"data":"/usr/local/lib/python3.12/dist-packages/dask/array/image.py:7: FutureWarning: `find_available_plugins` is deprecated since version 0.25 and will be removed in version 0.27. The plugin infrastructure of `skimage.io` is deprecated. Instead, use `imageio` or other I/O packages directly.\n"}
,{"stream_name":"stderr","time":759.602205158,"data":"  from skimage.io import imread as sk_imread\n"}
,{"stream_name":"stderr","time":759.607296438,"data":"/usr/lib/python3.12/importlib/__init__.py:90: FutureWarning: `reset_plugins` is deprecated since version 0.25 and will be removed in version 0.27. The plugin infrastructure of `skimage.io` is deprecated. Instead, use `imageio` or other I/O packages directly.\n"}
,{"stream_name":"stderr","time":759.607316786,"data":"  return _bootstrap._gcd_import(name[level:], package, level)\n"}
,{"stream_name":"stderr","time":759.771801742,"data":"/usr/local/lib/python3.12/dist-packages/dask/array/image.py:7: FutureWarning: `find_available_plugins` is deprecated since version 0.25 and will be removed in version 0.27. The plugin infrastructure of `skimage.io` is deprecated. Instead, use `imageio` or other I/O packages directly.\n"}
,{"stream_name":"stderr","time":759.771839672,"data":"  from skimage.io import imread as sk_imread\n"}
,{"stream_name":"stderr","time":759.771843892,"data":"/usr/lib/python3.12/importlib/__init__.py:90: FutureWarning: `reset_plugins` is deprecated since version 0.25 and will be removed in version 0.27. The plugin infrastructure of `skimage.io` is deprecated. Instead, use `imageio` or other I/O packages directly.\n"}
,{"stream_name":"stderr","time":759.771847487,"data":"  return _bootstrap._gcd_import(name[level:], package, level)\n"}
,{"stream_name":"stderr","time":759.771850663,"data":"/usr/local/lib/python3.12/dist-packages/dask/array/image.py:7: FutureWarning: `find_available_plugins` is deprecated since version 0.25 and will be removed in version 0.27. The plugin infrastructure of `skimage.io` is deprecated. Instead, use `imageio` or other I/O packages directly.\n"}
,{"stream_name":"stderr","time":759.771854095,"data":"  from skimage.io import imread as sk_imread\n"}
,{"stream_name":"stderr","time":759.771857044,"data":"/usr/lib/python3.12/importlib/__init__.py:90: FutureWarning: `reset_plugins` is deprecated since version 0.25 and will be removed in version 0.27. The plugin infrastructure of `skimage.io` is deprecated. Instead, use `imageio` or other I/O packages directly.\n"}
,{"stream_name":"stderr","time":759.771860652,"data":"  return _bootstrap._gcd_import(name[level:], package, level)\n"}
,{"stream_name":"stderr","time":759.771873871,"data":"\n"}
,{"stream_name":"stderr","time":759.771876327,"data":"/usr/local/lib/python3.12/dist-packages/dask/array/image.py:7: FutureWarning: `find_available_plugins` is deprecated since version 0.25 and will be removed in version 0.27. The plugin infrastructure of `skimage.io` is deprecated. Instead, use `imageio` or other I/O packages directly.\n"}
,{"stream_name":"stderr","time":759.7718793,"data":"  from skimage.io import imread as sk_imread\n"}
,{"stream_name":"stderr","time":759.771881549,"data":"/usr/lib/python3.12/importlib/__init__.py:90: FutureWarning: `reset_plugins` is deprecated since version 0.25 and will be removed in version 0.27. The plugin infrastructure of `skimage.io` is deprecated. Instead, use `imageio` or other I/O packages directly.\n"}
,{"stream_name":"stderr","time":759.771888479,"data":"  return _bootstrap._gcd_import(name[level:], package, level)\n"}
,{"stream_name":"stderr","time":759.771892417,"data":"/usr/local/lib/python3.12/dist-packages/dask/array/image.py:7: FutureWarning: `find_available_plugins` is deprecated since version 0.25 and will be removed in version 0.27. The plugin infrastructure of `skimage.io` is deprecated. Instead, use `imageio` or other I/O packages directly.\n"}
,{"stream_name":"stderr","time":759.771895421,"data":"  from skimage.io import imread as sk_imread\n"}
,{"stream_name":"stderr","time":759.771897854,"data":"/usr/lib/python3.12/importlib/__init__.py:90: FutureWarning: `reset_plugins` is deprecated since version 0.25 and will be removed in version 0.27. The plugin infrastructure of `skimage.io` is deprecated. Instead, use `imageio` or other I/O packages directly.\n"}
,{"stream_name":"stderr","time":759.771900524,"data":"  return _bootstrap._gcd_import(name[level:], package, level)\n"}
,{"stream_name":"stdout","time":760.213533605,"data":"Secondary model: /kaggle/working/secondary_seed_weights/unet_transformer/split_0/edge_predictor_best.pth | edge weight=0.150 | detection weight=0.800 | link mode=low_margin_consensus | temperature=1.000 | low-margin max=0.350 | edge threshold=0.480\n"}
,{"stream_name":"stdout","time":760.21356986,"data":"Fold 0: 2 datasets | weights=weights/unet_transformer/split_0/edge_predictor_best.pth | device=cuda | window_size=2 | pool_kernel_um=3.0\n"}
,{"stream_name":"stdout","time":760.216694535,"data":"Secondary model: /kaggle/working/secondary_seed_weights/unet_transformer/split_0/edge_predictor_best.pth | edge weight=0.150 | detection weight=0.800 | link mode=low_margin_consensus | temperature=1.000 | low-margin max=0.350 | edge threshold=0.480\n"}
,{"stream_name":"stdout","time":760.216721201,"data":"Fold 0: 2 datasets | weights=weights/unet_transformer/split_0/edge_predictor_best.pth | device=cuda | window_size=2 | pool_kernel_um=3.0\n"}
,{"stream_name":"stdout","time":760.415762683,"data":"Secondary model: /kaggle/working/secondary_seed_weights/unet_transformer/split_0/edge_predictor_best.pth | edge weight=0.150 | detection weight=0.800 | link mode=low_margin_consensus | temperature=1.000 | low-margin max=0.350 | edge threshold=0.480\n"}
,{"stream_name":"stdout","time":760.415808117,"data":"Fold 0: 2 datasets | weights=weights/unet_transformer/split_0/edge_predictor_best.pth | device=cuda | window_size=2 | pool_kernel_um=3.0\n"}
,{"stream_name":"stdout","time":760.415813642,"data":"Secondary model: /kaggle/working/secondary_seed_weights/unet_transformer/split_0/edge_predictor_best.pth | edge weight=0.150 | detection weight=0.800 | link mode=low_margin_consensus | temperature=1.000 | low-margin max=0.350 | edge threshold=0.480\n"}
,{"stream_name":"stdout","time":760.415818455,"data":"Fold 0: 2 datasets | weights=weights/unet_transformer/split_0/edge_predictor_best.pth | device=cuda | window_size=2 | pool_kernel_um=3.0\n"}
,{"stream_name":"stdout","time":762.218022104,"data":"EDGE_TTA_ACTIVE views= 8 mean_abs_feat_delta= 0.392767\n"}
,{"stream_name":"stdout","time":762.218089602,"data":"EDGE_TTA_ACTIVE views= 8 mean_abs_feat_delta= 0.34981\n"}
,{"stream_name":"stdout","time":762.420590963,"data":"EDGE_TTA_ACTIVE views= 8 mean_abs_feat_delta= 0.392767\n"}
,{"stream_name":"stdout","time":762.420626509,"data":"EDGE_TTA_ACTIVE views= 8 mean_abs_feat_delta= 0.34981\n"}
,{"stream_name":"stdout","time":763.07157816,"data":"SECONDARY_EDGE_TTA_ACTIVE views= 8 weight= 0.75 mean_abs_feat_delta= 0.248181\n"}
,{"stream_name":"stdout","time":763.071631291,"data":"SECONDARY_EDGE_TTA_ACTIVE views= 8 weight= 0.75 mean_abs_feat_delta= 0.25325\n"}
,{"stream_name":"stdout","time":763.273905275,"data":"SECONDARY_EDGE_TTA_ACTIVE views= 8 weight= 0.75 mean_abs_feat_delta= 0.248181\n"}
,{"stream_name":"stdout","time":763.273940933,"data":"SECONDARY_EDGE_TTA_ACTIVE views= 8 weight= 0.75 mean_abs_feat_delta= 0.25325\n"}
,{"stream_name":"stdout","time":767.15485678,"data":"EDGE_TTA_ACTIVE views= 8 mean_abs_feat_delta= 0.399438\n"}
,{"stream_name":"stdout","time":767.18428881,"data":"EDGE_TTA_ACTIVE views= 8 mean_abs_feat_delta= 0.348323\n"}
,{"stream_name":"stdout","time":767.357483382,"data":"EDGE_TTA_ACTIVE views= 8 mean_abs_feat_delta= 0.399438\n"}
,{"stream_name":"stdout","time":767.357520243,"data":"EDGE_TTA_ACTIVE views= 8 mean_abs_feat_delta= 0.348323\n"}
,{"stream_name":"stdout","time":767.997077782,"data":"SECONDARY_EDGE_TTA_ACTIVE views= 8 weight= 0.75 mean_abs_feat_delta= 0.251396\n"}
,{"stream_name":"stdout","time":768.032525351,"data":"SECONDARY_EDGE_TTA_ACTIVE views= 8 weight= 0.75 mean_abs_feat_delta= 0.247023\n"}
,{"stream_name":"stdout","time":768.199388611,"data":"SECONDARY_EDGE_TTA_ACTIVE views= 8 weight= 0.75 mean_abs_feat_delta= 0.251396\n"}
,{"stream_name":"stdout","time":768.199423168,"data":"SECONDARY_EDGE_TTA_ACTIVE views= 8 weight= 0.75 mean_abs_feat_delta= 0.247023\n"}
,{"stream_name":"stdout","time":768.950947871,"data":"EDGE_TTA_ACTIVE views= 8 mean_abs_feat_delta= 0.403568\n"}
,{"stream_name":"stdout","time":769.036209606,"data":"EDGE_TTA_ACTIVE views= 8 mean_abs_feat_delta= 0.347872\n"}
,{"stream_name":"stdout","time":769.153378644,"data":"EDGE_TTA_ACTIVE views= 8 mean_abs_feat_delta= 0.403568\n"}
,{"stream_name":"stdout","time":769.1534109,"data":"EDGE_TTA_ACTIVE views= 8 mean_abs_feat_delta= 0.347872\n"}
,{"stream_name":"stdout","time":769.801123958,"data":"SECONDARY_EDGE_TTA_ACTIVE views= 8 weight= 0.75 mean_abs_feat_delta= 0.261829\n"}
,{"stream_name":"stdout","time":769.894600564,"data":"SECONDARY_EDGE_TTA_ACTIVE views= 8 weight= 0.75 mean_abs_feat_delta= 0.246602\n"}
,{"stream_name":"stdout","time":770.003621179,"data":"SECONDARY_EDGE_TTA_ACTIVE views= 8 weight= 0.75 mean_abs_feat_delta= 0.261829\n"}
,{"stream_name":"stdout","time":770.003656598,"data":"SECONDARY_EDGE_TTA_ACTIVE views= 8 weight= 0.75 mean_abs_feat_delta= 0.246602\n"}
,{"stream_name":"stdout","time":770.774963911,"data":"EDGE_TTA_ACTIVE views= 8 mean_abs_feat_delta= 0.396848\n"}
,{"stream_name":"stdout","time":770.896733043,"data":"EDGE_TTA_ACTIVE views= 8 mean_abs_feat_delta= 0.351487\n"}
,{"stream_name":"stdout","time":770.977135118,"data":"EDGE_TTA_ACTIVE views= 8 mean_abs_feat_delta= 0.396848\n"}
,{"stream_name":"stdout","time":770.97715787,"data":"EDGE_TTA_ACTIVE views= 8 mean_abs_feat_delta= 0.351487\n"}
,{"stream_name":"stdout","time":771.626242323,"data":"SECONDARY_EDGE_TTA_ACTIVE views= 8 weight= 0.75 mean_abs_feat_delta= 0.263394\n"}
,{"stream_name":"stdout","time":771.762669966,"data":"SECONDARY_EDGE_TTA_ACTIVE views= 8 weight= 0.75 mean_abs_feat_delta= 0.246793\n"}
,{"stream_name":"stdout","time":771.828807658,"data":"SECONDARY_EDGE_TTA_ACTIVE views= 8 weight= 0.75 mean_abs_feat_delta= 0.263394\n"}
,{"stream_name":"stdout","time":771.828855648,"data":"SECONDARY_EDGE_TTA_ACTIVE views= 8 weight= 0.75 mean_abs_feat_delta= 0.246793\n"}
,{"stream_name":"stdout","time":772.599667526,"data":"EDGE_TTA_ACTIVE views= 8 mean_abs_feat_delta= 0.405804\n"}
,{"stream_name":"stdout","time":772.795002822,"data":"EDGE_TTA_ACTIVE views= 8 mean_abs_feat_delta= 0.349843\n"}
,{"stream_name":"stdout","time":772.80220956,"data":"EDGE_TTA_ACTIVE views= 8 mean_abs_feat_delta= 0.405804\n"}
,{"stream_name":"stdout","time":772.802234297,"data":"EDGE_TTA_ACTIVE views= 8 mean_abs_feat_delta= 0.349843\n"}
,{"stream_name":"stdout","time":773.458405236,"data":"SECONDARY_EDGE_TTA_ACTIVE views= 8 weight= 0.75 mean_abs_feat_delta= 0.265155\n"}
,{"stream_name":"stdout","time":773.652027949,"data":"SECONDARY_EDGE_TTA_ACTIVE views= 8 weight= 0.75 mean_abs_feat_delta= 0.248773\n"}
,{"stream_name":"stdout","time":773.661119357,"data":"SECONDARY_EDGE_TTA_ACTIVE views= 8 weight= 0.75 mean_abs_feat_delta= 0.265155\n"}
,{"stream_name":"stdout","time":773.661149713,"data":"SECONDARY_EDGE_TTA_ACTIVE views= 8 weight= 0.75 mean_abs_feat_delta= 0.248773\n"}
,{"stream_name":"stdout","time":774.407981582,"data":"EDGE_TTA_ACTIVE views= 8 mean_abs_feat_delta= 0.406637\n"}
,{"stream_name":"stdout","time":774.610533092,"data":"EDGE_TTA_ACTIVE views= 8 mean_abs_feat_delta= 0.406637\n"}
,{"stream_name":"stdout","time":774.658973002,"data":"EDGE_TTA_ACTIVE views= 8 mean_abs_feat_delta= 0.348101\n"}
,{"stream_name":"stdout","time":774.861393218,"data":"EDGE_TTA_ACTIVE views= 8 mean_abs_feat_delta= 0.348101\n"}
,{"stream_name":"stdout","time":775.266381978,"data":"SECONDARY_EDGE_TTA_ACTIVE views= 8 weight= 0.75 mean_abs_feat_delta= 0.26828\n"}
,{"stream_name":"stdout","time":775.469018804,"data":"SECONDARY_EDGE_TTA_ACTIVE views= 8 weight= 0.75 mean_abs_feat_delta= 0.26828\n"}
,{"stream_name":"stdout","time":775.516481844,"data":"SECONDARY_EDGE_TTA_ACTIVE views= 8 weight= 0.75 mean_abs_feat_delta= 0.251248\n"}
,{"stream_name":"stdout","time":775.718858861,"data":"SECONDARY_EDGE_TTA_ACTIVE views= 8 weight= 0.75 mean_abs_feat_delta= 0.251248\n"}
,{"stream_name":"stdout","time":776.242790027,"data":"EDGE_TTA_ACTIVE views= 8 mean_abs_feat_delta= 0.406976\n"}
,{"stream_name":"stdout","time":776.445417375,"data":"EDGE_TTA_ACTIVE views= 8 mean_abs_feat_delta= 0.406976\n"}
,{"stream_name":"stdout","time":776.524625542,"data":"EDGE_TTA_ACTIVE views= 8 mean_abs_feat_delta= 0.351882\n"}
,{"stream_name":"stdout","time":776.726909933,"data":"EDGE_TTA_ACTIVE views= 8 mean_abs_feat_delta= 0.351882\n"}
,{"stream_name":"stdout","time":777.117129295,"data":"SECONDARY_EDGE_TTA_ACTIVE views= 8 weight= 0.75 mean_abs_feat_delta= 0.266278\n"}
,{"stream_name":"stdout","time":777.319748926,"data":"SECONDARY_EDGE_TTA_ACTIVE views= 8 weight= 0.75 mean_abs_feat_delta= 0.266278\n"}
,{"stream_name":"stdout","time":777.385711571,"data":"SECONDARY_EDGE_TTA_ACTIVE views= 8 weight= 0.75 mean_abs_feat_delta= 0.248045\n"}
,{"stream_name":"stdout","time":777.588145276,"data":"SECONDARY_EDGE_TTA_ACTIVE views= 8 weight= 0.75 mean_abs_feat_delta= 0.248045\n"}
,{"stream_name":"stdout","time":778.070824429,"data":"EDGE_TTA_ACTIVE views= 8 mean_abs_feat_delta= 0.402713\n"}
,{"stream_name":"stdout","time":778.27346308,"data":"EDGE_TTA_ACTIVE views= 8 mean_abs_feat_delta= 0.402713\n"}
,{"stream_name":"stdout","time":778.399636172,"data":"EDGE_TTA_ACTIVE views= 8 mean_abs_feat_delta= 0.352461\n"}
,{"stream_name":"stdout","time":778.60206193,"data":"EDGE_TTA_ACTIVE views= 8 mean_abs_feat_delta= 0.352461\n"}
,{"stream_name":"stdout","time":778.933043523,"data":"SECONDARY_EDGE_TTA_ACTIVE views= 8 weight= 0.75 mean_abs_feat_delta= 0.265313\n"}
,{"stream_name":"stdout","time":779.135442179,"data":"SECONDARY_EDGE_TTA_ACTIVE views= 8 weight= 0.75 mean_abs_feat_delta= 0.265313\n"}
,{"stream_name":"stdout","time":779.26430174,"data":"SECONDARY_EDGE_TTA_ACTIVE views= 8 weight= 0.75 mean_abs_feat_delta= 0.24889\n"}
,{"stream_name":"stdout","time":779.466714206,"data":"SECONDARY_EDGE_TTA_ACTIVE views= 8 weight= 0.75 mean_abs_feat_delta= 0.24889\n"}
,{"stream_name":"stdout","time":779.895532152,"data":"EDGE_TTA_ACTIVE views= 8 mean_abs_feat_delta= 0.409078\n"}
,{"stream_name":"stdout","time":780.098087092,"data":"EDGE_TTA_ACTIVE views= 8 mean_abs_feat_delta= 0.409078\n"}
,{"stream_name":"stdout","time":780.275967677,"data":"EDGE_TTA_ACTIVE views= 8 mean_abs_feat_delta= 0.352873\n"}
,{"stream_name":"stdout","time":780.478375612,"data":"EDGE_TTA_ACTIVE views= 8 mean_abs_feat_delta= 0.352873\n"}
,{"stream_name":"stdout","time":780.761808558,"data":"SECONDARY_EDGE_TTA_ACTIVE views= 8 weight= 0.75 mean_abs_feat_delta= 0.269693\n"}
,{"stream_name":"stdout","time":780.964147812,"data":"SECONDARY_EDGE_TTA_ACTIVE views= 8 weight= 0.75 mean_abs_feat_delta= 0.269693\n"}
,{"stream_name":"stdout","time":781.141719061,"data":"SECONDARY_EDGE_TTA_ACTIVE views= 8 weight= 0.75 mean_abs_feat_delta= 0.252126\n"}
,{"stream_name":"stdout","time":781.343308501,"data":"SECONDARY_EDGE_TTA_ACTIVE views= 8 weight= 0.75 mean_abs_feat_delta= 0.252126\n"}
,{"stream_name":"stdout","time":781.774881491,"data":"EDGE_TTA_ACTIVE views= 8 mean_abs_feat_delta= 0.408625\n"}
,{"stream_name":"stdout","time":781.976320432,"data":"EDGE_TTA_ACTIVE views= 8 mean_abs_feat_delta= 0.408625\n"}
,{"stream_name":"stdout","time":782.176322532,"data":"EDGE_TTA_ACTIVE views= 8 mean_abs_feat_delta= 0.354101\n"}
,{"stream_name":"stdout","time":782.37878836,"data":"EDGE_TTA_ACTIVE views= 8 mean_abs_feat_delta= 0.354101\n"}
,{"stream_name":"stdout","time":782.64332005,"data":"SECONDARY_EDGE_TTA_ACTIVE views= 8 weight= 0.75 mean_abs_feat_delta= 0.268201\n"}
,{"stream_name":"stdout","time":782.845968524,"data":"SECONDARY_EDGE_TTA_ACTIVE views= 8 weight= 0.75 mean_abs_feat_delta= 0.268201\n"}
,{"stream_name":"stdout","time":783.045523313,"data":"SECONDARY_EDGE_TTA_ACTIVE views= 8 weight= 0.75 mean_abs_feat_delta= 0.254643\n"}
,{"stream_name":"stdout","time":783.247805779,"data":"SECONDARY_EDGE_TTA_ACTIVE views= 8 weight= 0.75 mean_abs_feat_delta= 0.254643\n"}
,{"stream_name":"stdout","time":783.615533047,"data":"EDGE_TTA_ACTIVE views= 8 mean_abs_feat_delta= 0.39904\n"}
,{"stream_name":"stdout","time":783.817766434,"data":"EDGE_TTA_ACTIVE views= 8 mean_abs_feat_delta= 0.39904\n"}
,{"stream_name":"stdout","time":784.061412927,"data":"EDGE_TTA_ACTIVE views= 8 mean_abs_feat_delta= 0.353493\n"}
,{"stream_name":"stdout","time":784.264077419,"data":"EDGE_TTA_ACTIVE views= 8 mean_abs_feat_delta= 0.353493\n"}
,{"stream_name":"stdout","time":784.487847138,"data":"SECONDARY_EDGE_TTA_ACTIVE views= 8 weight= 0.75 mean_abs_feat_delta= 0.270173\n"}
,{"stream_name":"stdout","time":784.704244219,"data":"SECONDARY_EDGE_TTA_ACTIVE views= 8 weight= 0.75 mean_abs_feat_delta= 0.270173\n"}
,{"stream_name":"stdout","time":784.931292545,"data":"SECONDARY_EDGE_TTA_ACTIVE views= 8 weight= 0.75 mean_abs_feat_delta= 0.252923\n"}
,{"stream_name":"stdout","time":785.133866329,"data":"SECONDARY_EDGE_TTA_ACTIVE views= 8 weight= 0.75 mean_abs_feat_delta= 0.252923\n"}
,{"stream_name":"stdout","time":785.455541051,"data":"EDGE_TTA_ACTIVE views= 8 mean_abs_feat_delta= 0.400016\n"}
,{"stream_name":"stdout","time":785.658112269,"data":"EDGE_TTA_ACTIVE views= 8 mean_abs_feat_delta= 0.400016\n"}
,{"stream_name":"stdout","time":785.984337405,"data":"EDGE_TTA_ACTIVE views= 8 mean_abs_feat_delta= 0.351325\n"}
,{"stream_name":"stdout","time":786.186888699,"data":"EDGE_TTA_ACTIVE views= 8 mean_abs_feat_delta= 0.351325\n"}
,{"stream_name":"stdout","time":786.334493357,"data":"SECONDARY_EDGE_TTA_ACTIVE views= 8 weight= 0.75 mean_abs_feat_delta= 0.274836\n"}
,{"stream_name":"stdout","time":786.536701517,"data":"SECONDARY_EDGE_TTA_ACTIVE views= 8 weight= 0.75 mean_abs_feat_delta= 0.274836\n"}
,{"stream_name":"stdout","time":786.867855789,"data":"SECONDARY_EDGE_TTA_ACTIVE views= 8 weight= 0.75 mean_abs_feat_delta= 0.254734\n"}
,{"stream_name":"stdout","time":787.070244236,"data":"SECONDARY_EDGE_TTA_ACTIVE views= 8 weight= 0.75 mean_abs_feat_delta= 0.254734\n"}
,{"stream_name":"stdout","time":787.30643992,"data":"EDGE_TTA_ACTIVE views= 8 mean_abs_feat_delta= 0.392897\n"}
,{"stream_name":"stdout","time":787.508981038,"data":"EDGE_TTA_ACTIVE views= 8 mean_abs_feat_delta= 0.392897\n"}
,{"stream_name":"stdout","time":787.880590456,"data":"EDGE_TTA_ACTIVE views= 8 mean_abs_feat_delta= 0.348177\n"}
,{"stream_name":"stdout","time":788.082765278,"data":"EDGE_TTA_ACTIVE views= 8 mean_abs_feat_delta= 0.348177\n"}
,{"stream_name":"stdout","time":788.184491896,"data":"SECONDARY_EDGE_TTA_ACTIVE views= 8 weight= 0.75 mean_abs_feat_delta= 0.275465\n"}
,{"stream_name":"stdout","time":788.387340918,"data":"SECONDARY_EDGE_TTA_ACTIVE views= 8 weight= 0.75 mean_abs_feat_delta= 0.275465\n"}
,{"stream_name":"stdout","time":788.749867654,"data":"SECONDARY_EDGE_TTA_ACTIVE views= 8 weight= 0.75 mean_abs_feat_delta= 0.253579\n"}
,{"stream_name":"stdout","time":788.952132313,"data":"SECONDARY_EDGE_TTA_ACTIVE views= 8 weight= 0.75 mean_abs_feat_delta= 0.253579\n"}
,{"stream_name":"stdout","time":789.15695272,"data":"EDGE_TTA_ACTIVE views= 8 mean_abs_feat_delta= 0.386155\n"}
,{"stream_name":"stdout","time":789.359168997,"data":"EDGE_TTA_ACTIVE views= 8 mean_abs_feat_delta= 0.386155\n"}
,{"stream_name":"stdout","time":789.76771408,"data":"EDGE_TTA_ACTIVE views= 8 mean_abs_feat_delta= 0.350577\n"}
,{"stream_name":"stdout","time":789.970230975,"data":"EDGE_TTA_ACTIVE views= 8 mean_abs_feat_delta= 0.350577\n"}
,{"stream_name":"stdout","time":790.037886892,"data":"SECONDARY_EDGE_TTA_ACTIVE views= 8 weight= 0.75 mean_abs_feat_delta= 0.276966\n"}
,{"stream_name":"stdout","time":790.240265535,"data":"SECONDARY_EDGE_TTA_ACTIVE views= 8 weight= 0.75 mean_abs_feat_delta= 0.276966\n"}
,{"stream_name":"stdout","time":790.637734986,"data":"SECONDARY_EDGE_TTA_ACTIVE views= 8 weight= 0.75 mean_abs_feat_delta= 0.25103\n"}
,{"stream_name":"stdout","time":790.839917331,"data":"SECONDARY_EDGE_TTA_ACTIVE views= 8 weight= 0.75 mean_abs_feat_delta= 0.25103\n"}
,{"stream_name":"stdout","time":791.026461639,"data":"EDGE_TTA_ACTIVE views= 8 mean_abs_feat_delta= 0.384551\n"}
,{"stream_name":"stdout","time":791.229030017,"data":"EDGE_TTA_ACTIVE views= 8 mean_abs_feat_delta= 0.384551\n"}
,{"stream_name":"stdout","time":791.659750633,"data":"EDGE_TTA_ACTIVE views= 8 mean_abs_feat_delta= 0.351302\n"}
,{"stream_name":"stdout","time":791.862405195,"data":"EDGE_TTA_ACTIVE views= 8 mean_abs_feat_delta= 0.351302\n"}
,{"stream_name":"stdout","time":791.911868137,"data":"SECONDARY_EDGE_TTA_ACTIVE views= 8 weight= 0.75 mean_abs_feat_delta= 0.281272\n"}
,{"stream_name":"stdout","time":792.114333594,"data":"SECONDARY_EDGE_TTA_ACTIVE views= 8 weight= 0.75 mean_abs_feat_delta= 0.281272\n"}
,{"stream_name":"stdout","time":792.533135643,"data":"SECONDARY_EDGE_TTA_ACTIVE views= 8 weight= 0.75 mean_abs_feat_delta= 0.25233\n"}
,{"stream_name":"stdout","time":792.735795634,"data":"SECONDARY_EDGE_TTA_ACTIVE views= 8 weight= 0.75 mean_abs_feat_delta= 0.25233\n"}
,{"stream_name":"stdout","time":792.903546905,"data":"EDGE_TTA_ACTIVE views= 8 mean_abs_feat_delta= 0.380346\n"}
,{"stream_name":"stdout","time":793.106200491,"data":"EDGE_TTA_ACTIVE views= 8 mean_abs_feat_delta= 0.380346\n"}
,{"stream_name":"stdout","time":793.558435582,"data":"EDGE_TTA_ACTIVE views= 8 mean_abs_feat_delta= 0.349328\n"}
,{"stream_name":"stdout","time":793.760853693,"data":"EDGE_TTA_ACTIVE views= 8 mean_abs_feat_delta= 0.349328\n"}
,{"stream_name":"stdout","time":793.789422897,"data":"SECONDARY_EDGE_TTA_ACTIVE views= 8 weight= 0.75 mean_abs_feat_delta= 0.285887\n"}
,{"stream_name":"stdout","time":793.991889839,"data":"SECONDARY_EDGE_TTA_ACTIVE views= 8 weight= 0.75 mean_abs_feat_delta= 0.285887\n"}
,{"stream_name":"stdout","time":794.429653284,"data":"SECONDARY_EDGE_TTA_ACTIVE views= 8 weight= 0.75 mean_abs_feat_delta= 0.251184\n"}
,{"stream_name":"stdout","time":794.63177054,"data":"SECONDARY_EDGE_TTA_ACTIVE views= 8 weight= 0.75 mean_abs_feat_delta= 0.251184\n"}
,{"stream_name":"stdout","time":794.780121518,"data":"EDGE_TTA_ACTIVE views= 8 mean_abs_feat_delta= 0.37911\n"}
,{"stream_name":"stdout","time":794.982600784,"data":"EDGE_TTA_ACTIVE views= 8 mean_abs_feat_delta= 0.37911\n"}
,{"stream_name":"stdout","time":795.450633417,"data":"EDGE_TTA_ACTIVE views= 8 mean_abs_feat_delta= 0.347529\n"}
,{"stream_name":"stdout","time":795.652744391,"data":"EDGE_TTA_ACTIVE views= 8 mean_abs_feat_delta= 0.347529\n"}
,{"stream_name":"stdout","time":795.668518278,"data":"SECONDARY_EDGE_TTA_ACTIVE views= 8 weight= 0.75 mean_abs_feat_delta= 0.286323\n"}
,{"stream_name":"stdout","time":795.871086323,"data":"SECONDARY_EDGE_TTA_ACTIVE views= 8 weight= 0.75 mean_abs_feat_delta= 0.286323\n"}
,{"stream_name":"stdout","time":796.325820774,"data":"SECONDARY_EDGE_TTA_ACTIVE views= 8 weight= 0.75 mean_abs_feat_delta= 0.24962\n"}
,{"stream_name":"stdout","time":796.528420194,"data":"SECONDARY_EDGE_TTA_ACTIVE views= 8 weight= 0.75 mean_abs_feat_delta= 0.24962\n"}
,{"stream_name":"stdout","time":796.665134704,"data":"EDGE_TTA_ACTIVE views= 8 mean_abs_feat_delta= 0.388444\n"}
,{"stream_name":"stdout","time":796.867660933,"data":"EDGE_TTA_ACTIVE views= 8 mean_abs_feat_delta= 0.388444\n"}
,{"stream_name":"stdout","time":797.357813276,"data":"EDGE_TTA_ACTIVE views= 8 mean_abs_feat_delta= 0.34733\n"}
,{"stream_name":"stdout","time":797.560009268,"data":"SECONDARY_EDGE_TTA_ACTIVE views= 8 weight= 0.75 mean_abs_feat_delta= 0.289269\n"}
,{"stream_name":"stdout","time":797.560351236,"data":"EDGE_TTA_ACTIVE views= 8 mean_abs_feat_delta= 0.34733\n"}
,{"stream_name":"stdout","time":797.762602129,"data":"SECONDARY_EDGE_TTA_ACTIVE views= 8 weight= 0.75 mean_abs_feat_delta= 0.289269\n"}
,{"stream_name":"stdout","time":798.235948058,"data":"SECONDARY_EDGE_TTA_ACTIVE views= 8 weight= 0.75 mean_abs_feat_delta= 0.253407\n"}
,{"stream_name":"stdout","time":798.43831543,"data":"SECONDARY_EDGE_TTA_ACTIVE views= 8 weight= 0.75 mean_abs_feat_delta= 0.253407\n"}
,{"stream_name":"stdout","time":798.58240706,"data":"EDGE_TTA_ACTIVE views= 8 mean_abs_feat_delta= 0.38137\n"}
,{"stream_name":"stdout","time":798.784877994,"data":"EDGE_TTA_ACTIVE views= 8 mean_abs_feat_delta= 0.38137\n"}
,{"stream_name":"stdout","time":799.274693516,"data":"EDGE_TTA_ACTIVE views= 8 mean_abs_feat_delta= 0.346983\n"}
,{"stream_name":"stdout","time":799.476943441,"data":"EDGE_TTA_ACTIVE views= 8 mean_abs_feat_delta= 0.346983\n"}
,{"stream_name":"stdout","time":799.477690824,"data":"SECONDARY_EDGE_TTA_ACTIVE views= 8 weight= 0.75 mean_abs_feat_delta= 0.293139\n"}
,{"stream_name":"stdout","time":799.680092737,"data":"SECONDARY_EDGE_TTA_ACTIVE views= 8 weight= 0.75 mean_abs_feat_delta= 0.293139\n"}
,{"stream_name":"stdout","time":800.152075402,"data":"SECONDARY_EDGE_TTA_ACTIVE views= 8 weight= 0.75 mean_abs_feat_delta= 0.2512\n"}
,{"stream_name":"stdout","time":800.354517039,"data":"SECONDARY_EDGE_TTA_ACTIVE views= 8 weight= 0.75 mean_abs_feat_delta= 0.2512\n"}
,{"stream_name":"stdout","time":800.479160721,"data":"EDGE_TTA_ACTIVE views= 8 mean_abs_feat_delta= 0.380845\n"}
,{"stream_name":"stdout","time":800.681360077,"data":"EDGE_TTA_ACTIVE views= 8 mean_abs_feat_delta= 0.380845\n"}
,{"stream_name":"stdout","time":801.189369498,"data":"EDGE_TTA_ACTIVE views= 8 mean_abs_feat_delta= 0.343153\n"}
,{"stream_name":"stdout","time":801.391942336,"data":"EDGE_TTA_ACTIVE views= 8 mean_abs_feat_delta= 0.343153\n"}
,{"stream_name":"stdout","time":801.395114836,"data":"SECONDARY_EDGE_TTA_ACTIVE views= 8 weight= 0.75 mean_abs_feat_delta= 0.293928\n"}
,{"stream_name":"stdout","time":801.597579465,"data":"SECONDARY_EDGE_TTA_ACTIVE views= 8 weight= 0.75 mean_abs_feat_delta= 0.293928\n"}
,{"stream_name":"stdout","time":802.072004678,"data":"SECONDARY_EDGE_TTA_ACTIVE views= 8 weight= 0.75 mean_abs_feat_delta= 0.24607\n"}
,{"stream_name":"stdout","time":802.276217777,"data":"SECONDARY_EDGE_TTA_ACTIVE views= 8 weight= 0.75 mean_abs_feat_delta= 0.24607\n"}
,{"stream_name":"stdout","time":802.43195376,"data":"EDGE_TTA_ACTIVE views= 8 mean_abs_feat_delta= 0.378817\n"}
,{"stream_name":"stdout","time":802.634218667,"data":"EDGE_TTA_ACTIVE views= 8 mean_abs_feat_delta= 0.378817\n"}
,{"stream_name":"stdout","time":803.136140865,"data":"EDGE_TTA_ACTIVE views= 8 mean_abs_feat_delta= 0.343379\n"}
,{"stream_name":"stdout","time":803.333064273,"data":"SECONDARY_EDGE_TTA_ACTIVE views= 8 weight= 0.75 mean_abs_feat_delta= 0.297484\n"}
,{"stream_name":"stdout","time":803.338867422,"data":"EDGE_TTA_ACTIVE views= 8 mean_abs_feat_delta= 0.343379\n"}
,{"stream_name":"stdout","time":803.338893706,"data":"SECONDARY_EDGE_TTA_ACTIVE views= 8 weight= 0.75 mean_abs_feat_delta= 0.297484\n"}
,{"stream_name":"stdout","time":804.020868663,"data":"SECONDARY_EDGE_TTA_ACTIVE views= 8 weight= 0.75 mean_abs_feat_delta= 0.246416\n"}
,{"stream_name":"stdout","time":804.223441556,"data":"SECONDARY_EDGE_TTA_ACTIVE views= 8 weight= 0.75 mean_abs_feat_delta= 0.246416\n"}
,{"stream_name":"stdout","time":804.347608449,"data":"EDGE_TTA_ACTIVE views= 8 mean_abs_feat_delta= 0.370246\n"}
,{"stream_name":"stdout","time":804.550334968,"data":"EDGE_TTA_ACTIVE views= 8 mean_abs_feat_delta= 0.370246\n"}
,{"stream_name":"stdout","time":805.094808774,"data":"EDGE_TTA_ACTIVE views= 8 mean_abs_feat_delta= 0.345181\n"}
,{"stream_name":"stdout","time":805.260649856,"data":"SECONDARY_EDGE_TTA_ACTIVE views= 8 weight= 0.75 mean_abs_feat_delta= 0.295002\n"}
,{"stream_name":"stdout","time":805.297297702,"data":"EDGE_TTA_ACTIVE views= 8 mean_abs_feat_delta= 0.345181\n"}
,{"stream_name":"stdout","time":805.297320858,"data":"SECONDARY_EDGE_TTA_ACTIVE views= 8 weight= 0.75 mean_abs_feat_delta= 0.295002\n"}
,{"stream_name":"stdout","time":805.978599342,"data":"SECONDARY_EDGE_TTA_ACTIVE views= 8 weight= 0.75 mean_abs_feat_delta= 0.248144\n"}
,{"stream_name":"stdout","time":805.982584008,"data":"BIOHUB_RETENTION_GUARD {\"blended_candidates\": 431, \"dataset\": \"44b6_12dfb391\", \"frame\": 22, \"minimum_retention\": 0.9, \"primary_candidates\": 484, \"retention\": 0.890495867768595, \"use_primary\": true}\n"}
,{"stream_name":"stdout","time":806.181135999,"data":"SECONDARY_EDGE_TTA_ACTIVE views= 8 weight= 0.75 mean_abs_feat_delta= 0.248144\n"}
,{"stream_name":"stdout","time":806.181170339,"data":"BIOHUB_RETENTION_GUARD {\"blended_candidates\": 431, \"dataset\": \"44b6_12dfb391\", \"frame\": 22, \"minimum_retention\": 0.9, \"primary_candidates\": 484, \"retention\": 0.890495867768595, \"use_primary\": true}\n"}
,{"stream_name":"stdout","time":806.263372101,"data":"EDGE_TTA_ACTIVE views= 8 mean_abs_feat_delta= 0.364454\n"}
,{"stream_name":"stdout","time":806.465708438,"data":"EDGE_TTA_ACTIVE views= 8 mean_abs_feat_delta= 0.364454\n"}
,{"stream_name":"stdout","time":807.028831578,"data":"EDGE_TTA_ACTIVE views= 8 mean_abs_feat_delta= 0.343644\n"}
,{"stream_name":"stdout","time":807.166570237,"data":"SECONDARY_EDGE_TTA_ACTIVE views= 8 weight= 0.75 mean_abs_feat_delta= 0.297522\n"}
,{"stream_name":"stdout","time":807.231495455,"data":"EDGE_TTA_ACTIVE views= 8 mean_abs_feat_delta= 0.343644\n"}
,{"stream_name":"stdout","time":807.231552168,"data":"SECONDARY_EDGE_TTA_ACTIVE views= 8 weight= 0.75 mean_abs_feat_delta= 0.297522\n"}
,{"stream_name":"stdout","time":807.913237856,"data":"SECONDARY_EDGE_TTA_ACTIVE views= 8 weight= 0.75 mean_abs_feat_delta= 0.251758\n"}
,{"stream_name":"stdout","time":807.917190882,"data":"BIOHUB_RETENTION_GUARD {\"blended_candidates\": 433, \"dataset\": \"44b6_12dfb391\", \"frame\": 23, \"minimum_retention\": 0.9, \"primary_candidates\": 484, \"retention\": 0.8946280991735537, \"use_primary\": true}\n"}
,{"stream_name":"stdout","time":808.11598226,"data":"SECONDARY_EDGE_TTA_ACTIVE views= 8 weight= 0.75 mean_abs_feat_delta= 0.251758\n"}
,{"stream_name":"stdout","time":808.116014876,"data":"BIOHUB_RETENTION_GUARD {\"blended_candidates\": 433, \"dataset\": \"44b6_12dfb391\", \"frame\": 23, \"minimum_retention\": 0.9, \"primary_candidates\": 484, \"retention\": 0.8946280991735537, \"use_primary\": true}\n"}
,{"stream_name":"stdout","time":808.212164663,"data":"EDGE_TTA_ACTIVE views= 8 mean_abs_feat_delta= 0.372022\n"}
,{"stream_name":"stdout","time":808.414608301,"data":"EDGE_TTA_ACTIVE views= 8 mean_abs_feat_delta= 0.372022\n"}
,{"stream_name":"stdout","time":808.962957721,"data":"EDGE_TTA_ACTIVE views= 8 mean_abs_feat_delta= 0.346576\n"}
,{"stream_name":"stdout","time":809.118544635,"data":"SECONDARY_EDGE_TTA_ACTIVE views= 8 weight= 0.75 mean_abs_feat_delta= 0.294151\n"}
,{"stream_name":"stdout","time":809.165335962,"data":"EDGE_TTA_ACTIVE views= 8 mean_abs_feat_delta= 0.346576\n"}
,{"stream_name":"stdout","time":809.165362161,"data":"SECONDARY_EDGE_TTA_ACTIVE views= 8 weight= 0.75 mean_abs_feat_delta= 0.294151\n"}
,{"stream_name":"stdout","time":809.853850728,"data":"SECONDARY_EDGE_TTA_ACTIVE views= 8 weight= 0.75 mean_abs_feat_delta= 0.255124\n"}
,{"stream_name":"stdout","time":810.056135332,"data":"SECONDARY_EDGE_TTA_ACTIVE views= 8 weight= 0.75 mean_abs_feat_delta= 0.255124\n"}
,{"stream_name":"stdout","time":810.132335183,"data":"EDGE_TTA_ACTIVE views= 8 mean_abs_feat_delta= 0.367153\n"}
,{"stream_name":"stdout","time":810.334861409,"data":"EDGE_TTA_ACTIVE views= 8 mean_abs_feat_delta= 0.367153\n"}
,{"stream_name":"stdout","time":810.903110778,"data":"EDGE_TTA_ACTIVE views= 8 mean_abs_feat_delta= 0.351385\n"}
,{"stream_name":"stdout","time":811.043120657,"data":"SECONDARY_EDGE_TTA_ACTIVE views= 8 weight= 0.75 mean_abs_feat_delta= 0.291229\n"}
,{"stream_name":"stdout","time":811.105815194,"data":"EDGE_TTA_ACTIVE views= 8 mean_abs_feat_delta= 0.351385\n"}
,{"stream_name":"stdout","time":811.105845098,"data":"SECONDARY_EDGE_TTA_ACTIVE views= 8 weight= 0.75 mean_abs_feat_delta= 0.291229\n"}
,{"stream_name":"stdout","time":811.791353398,"data":"SECONDARY_EDGE_TTA_ACTIVE views= 8 weight= 0.75 mean_abs_feat_delta= 0.253738\n"}
,{"stream_name":"stdout","time":811.993783975,"data":"SECONDARY_EDGE_TTA_ACTIVE views= 8 weight= 0.75 mean_abs_feat_delta= 0.253738\n"}
,{"stream_name":"stdout","time":812.098480199,"data":"EDGE_TTA_ACTIVE views= 8 mean_abs_feat_delta= 0.366124\n"}
,{"stream_name":"stdout","time":812.301027397,"data":"EDGE_TTA_ACTIVE views= 8 mean_abs_feat_delta= 0.366124\n"}
,{"stream_name":"stdout","time":812.827417109,"data":"EDGE_TTA_ACTIVE views= 8 mean_abs_feat_delta= 0.352556\n"}
,{"stream_name":"stdout","time":813.013211518,"data":"SECONDARY_EDGE_TTA_ACTIVE views= 8 weight= 0.75 mean_abs_feat_delta= 0.288452\n"}
,{"stream_name":"stdout","time":813.030006942,"data":"EDGE_TTA_ACTIVE views= 8 mean_abs_feat_delta= 0.352556\n"}
,{"stream_name":"stdout","time":813.03003236,"data":"SECONDARY_EDGE_TTA_ACTIVE views= 8 weight= 0.75 mean_abs_feat_delta= 0.288452\n"}
,{"stream_name":"stdout","time":813.715411616,"data":"SECONDARY_EDGE_TTA_ACTIVE views= 8 weight= 0.75 mean_abs_feat_delta= 0.254963\n"}
,{"stream_name":"stdout","time":813.91783236,"data":"SECONDARY_EDGE_TTA_ACTIVE views= 8 weight= 0.75 mean_abs_feat_delta= 0.254963\n"}
,{"stream_name":"stdout","time":814.03678515,"data":"EDGE_TTA_ACTIVE views= 8 mean_abs_feat_delta= 0.36912\n"}
,{"stream_name":"stdout","time":814.23907362,"data":"EDGE_TTA_ACTIVE views= 8 mean_abs_feat_delta= 0.36912\n"}
,{"stream_name":"stdout","time":814.757378964,"data":"EDGE_TTA_ACTIVE views= 8 mean_abs_feat_delta= 0.350435\n"}
,{"stream_name":"stdout","time":814.954709257,"data":"SECONDARY_EDGE_TTA_ACTIVE views= 8 weight= 0.75 mean_abs_feat_delta= 0.291278\n"}
,{"stream_name":"stdout","time":814.976754836,"data":"EDGE_TTA_ACTIVE views= 8 mean_abs_feat_delta= 0.350435\n"}
,{"stream_name":"stdout","time":814.976789837,"data":"SECONDARY_EDGE_TTA_ACTIVE views= 8 weight= 0.75 mean_abs_feat_delta= 0.291278\n"}
,{"stream_name":"stdout","time":815.646110594,"data":"SECONDARY_EDGE_TTA_ACTIVE views= 8 weight= 0.75 mean_abs_feat_delta= 0.253821\n"}
,{"stream_name":"stdout","time":815.65014115,"data":"BIOHUB_RETENTION_GUARD {\"blended_candidates\": 451, \"dataset\": \"44b6_12dfb391\", \"frame\": 27, \"minimum_retention\": 0.9, \"primary_candidates\": 504, \"retention\": 0.8948412698412699, \"use_primary\": true}\n"}
,{"stream_name":"stdout","time":815.848924526,"data":"SECONDARY_EDGE_TTA_ACTIVE views= 8 weight= 0.75 mean_abs_feat_delta= 0.253821\n"}
,{"stream_name":"stdout","time":815.848958432,"data":"BIOHUB_RETENTION_GUARD {\"blended_candidates\": 451, \"dataset\": \"44b6_12dfb391\", \"frame\": 27, \"minimum_retention\": 0.9, \"primary_candidates\": 504, \"retention\": 0.8948412698412699, \"use_primary\": true}\n"}
,{"stream_name":"stdout","time":815.982246601,"data":"EDGE_TTA_ACTIVE views= 8 mean_abs_feat_delta= 0.364666\n"}
,{"stream_name":"stdout","time":816.184766699,"data":"EDGE_TTA_ACTIVE views= 8 mean_abs_feat_delta= 0.364666\n"}
,{"stream_name":"stdout","time":816.706739914,"data":"EDGE_TTA_ACTIVE views= 8 mean_abs_feat_delta= 0.351638\n"}
,{"stream_name":"stdout","time":816.900254734,"data":"SECONDARY_EDGE_TTA_ACTIVE views= 8 weight= 0.75 mean_abs_feat_delta= 0.28858\n"}
,{"stream_name":"stdout","time":816.909350133,"data":"EDGE_TTA_ACTIVE views= 8 mean_abs_feat_delta= 0.351638\n"}
,{"stream_name":"stdout","time":816.909373598,"data":"SECONDARY_EDGE_TTA_ACTIVE views= 8 weight= 0.75 mean_abs_feat_delta= 0.28858\n"}
,{"stream_name":"stdout","time":817.599161376,"data":"SECONDARY_EDGE_TTA_ACTIVE views= 8 weight= 0.75 mean_abs_feat_delta= 0.252121\n"}
,{"stream_name":"stdout","time":817.801662665,"data":"SECONDARY_EDGE_TTA_ACTIVE views= 8 weight= 0.75 mean_abs_feat_delta= 0.252121\n"}
,{"stream_name":"stdout","time":817.927932331,"data":"EDGE_TTA_ACTIVE views= 8 mean_abs_feat_delta= 0.35307\n"}
,{"stream_name":"stdout","time":818.130358187,"data":"EDGE_TTA_ACTIVE views= 8 mean_abs_feat_delta= 0.35307\n"}
,{"stream_name":"stdout","time":818.660387031,"data":"EDGE_TTA_ACTIVE views= 8 mean_abs_feat_delta= 0.3532\n"}
,{"stream_name":"stdout","time":818.851738539,"data":"SECONDARY_EDGE_TTA_ACTIVE views= 8 weight= 0.75 mean_abs_feat_delta= 0.279262\n"}
,{"stream_name":"stdout","time":818.862895422,"data":"EDGE_TTA_ACTIVE views= 8 mean_abs_feat_delta= 0.3532\n"}
,{"stream_name":"stdout","time":818.862941253,"data":"SECONDARY_EDGE_TTA_ACTIVE views= 8 weight= 0.75 mean_abs_feat_delta= 0.279262\n"}
,{"stream_name":"stdout","time":819.552543366,"data":"SECONDARY_EDGE_TTA_ACTIVE views= 8 weight= 0.75 mean_abs_feat_delta= 0.254307\n"}
,{"stream_name":"stdout","time":819.755429154,"data":"SECONDARY_EDGE_TTA_ACTIVE views= 8 weight= 0.75 mean_abs_feat_delta= 0.254307\n"}
,{"stream_name":"stdout","time":819.889683222,"data":"EDGE_TTA_ACTIVE views= 8 mean_abs_feat_delta= 0.342104\n"}
,{"stream_name":"stdout","time":820.092311817,"data":"EDGE_TTA_ACTIVE views= 8 mean_abs_feat_delta= 0.342104\n"}
,{"stream_name":"stdout","time":820.616439185,"data":"EDGE_TTA_ACTIVE views= 8 mean_abs_feat_delta= 0.350487\n"}
,{"stream_name":"stdout","time":820.818795595,"data":"EDGE_TTA_ACTIVE views= 8 mean_abs_feat_delta= 0.350487\n"}
,{"stream_name":"stdout","time":820.834078783,"data":"SECONDARY_EDGE_TTA_ACTIVE views= 8 weight= 0.75 mean_abs_feat_delta= 0.277317\n"}
,{"stream_name":"stdout","time":821.036528634,"data":"SECONDARY_EDGE_TTA_ACTIVE views= 8 weight= 0.75 mean_abs_feat_delta= 0.277317\n"}
,{"stream_name":"stdout","time":821.510162099,"data":"SECONDARY_EDGE_TTA_ACTIVE views= 8 weight= 0.75 mean_abs_feat_delta= 0.254731\n"}
,{"stream_name":"stdout","time":821.712690652,"data":"SECONDARY_EDGE_TTA_ACTIVE views= 8 weight= 0.75 mean_abs_feat_delta= 0.254731\n"}
,{"stream_name":"stdout","time":821.883848922,"data":"EDGE_TTA_ACTIVE views= 8 mean_abs_feat_delta= 0.340484\n"}
,{"stream_name":"stdout","time":822.086468876,"data":"EDGE_TTA_ACTIVE views= 8 mean_abs_feat_delta= 0.340484\n"}
,{"stream_name":"stdout","time":822.56712834,"data":"EDGE_TTA_ACTIVE views= 8 mean_abs_feat_delta= 0.348036\n"}
,{"stream_name":"stdout","time":822.769673317,"data":"EDGE_TTA_ACTIVE views= 8 mean_abs_feat_delta= 0.348036\n"}
,{"stream_name":"stdout","time":822.814514083,"data":"SECONDARY_EDGE_TTA_ACTIVE views= 8 weight= 0.75 mean_abs_feat_delta= 0.289551\n"}
,{"stream_name":"stdout","time":823.016987135,"data":"SECONDARY_EDGE_TTA_ACTIVE views= 8 weight= 0.75 mean_abs_feat_delta= 0.289551\n"}
,{"stream_name":"stdout","time":823.46285687,"data":"SECONDARY_EDGE_TTA_ACTIVE views= 8 weight= 0.75 mean_abs_feat_delta= 0.251975\n"}
,{"stream_name":"stdout","time":823.665336473,"data":"SECONDARY_EDGE_TTA_ACTIVE views= 8 weight= 0.75 mean_abs_feat_delta= 0.251975\n"}
,{"stream_name":"stdout","time":823.88645867,"data":"EDGE_TTA_ACTIVE views= 8 mean_abs_feat_delta= 0.356776\n"}
,{"stream_name":"stdout","time":824.089007677,"data":"EDGE_TTA_ACTIVE views= 8 mean_abs_feat_delta= 0.356776\n"}
,{"stream_name":"stdout","time":824.513511849,"data":"EDGE_TTA_ACTIVE views= 8 mean_abs_feat_delta= 0.346153\n"}
,{"stream_name":"stdout","time":824.716126172,"data":"EDGE_TTA_ACTIVE views= 8 mean_abs_feat_delta= 0.346153\n"}
,{"stream_name":"stdout","time":824.829852267,"data":"SECONDARY_EDGE_TTA_ACTIVE views= 8 weight= 0.75 mean_abs_feat_delta= 0.298782\n"}
,{"stream_name":"stdout","time":825.032403134,"data":"SECONDARY_EDGE_TTA_ACTIVE views= 8 weight= 0.75 mean_abs_feat_delta= 0.298782\n"}
,{"stream_name":"stdout","time":825.412031725,"data":"SECONDARY_EDGE_TTA_ACTIVE views= 8 weight= 0.75 mean_abs_feat_delta= 0.2518\n"}
,{"stream_name":"stdout","time":825.614825366,"data":"SECONDARY_EDGE_TTA_ACTIVE views= 8 weight= 0.75 mean_abs_feat_delta= 0.2518\n"}
,{"stream_name":"stdout","time":825.867409834,"data":"EDGE_TTA_ACTIVE views= 8 mean_abs_feat_delta= 0.355165\n"}
,{"stream_name":"stdout","time":826.070177974,"data":"EDGE_TTA_ACTIVE views= 8 mean_abs_feat_delta= 0.355165\n"}
,{"stream_name":"stdout","time":826.471992015,"data":"EDGE_TTA_ACTIVE views= 8 mean_abs_feat_delta= 0.343208\n"}
,{"stream_name":"stdout","time":826.674432088,"data":"EDGE_TTA_ACTIVE views= 8 mean_abs_feat_delta= 0.343208\n"}
,{"stream_name":"stdout","time":826.802045854,"data":"SECONDARY_EDGE_TTA_ACTIVE views= 8 weight= 0.75 mean_abs_feat_delta= 0.295177\n"}
,{"stream_name":"stdout","time":827.004352302,"data":"SECONDARY_EDGE_TTA_ACTIVE views= 8 weight= 0.75 mean_abs_feat_delta= 0.295177\n"}
,{"stream_name":"stdout","time":827.373919682,"data":"SECONDARY_EDGE_TTA_ACTIVE views= 8 weight= 0.75 mean_abs_feat_delta= 0.253283\n"}
,{"stream_name":"stdout","time":827.577407127,"data":"SECONDARY_EDGE_TTA_ACTIVE views= 8 weight= 0.75 mean_abs_feat_delta= 0.253283\n"}
,{"stream_name":"stdout","time":827.846675835,"data":"EDGE_TTA_ACTIVE views= 8 mean_abs_feat_delta= 0.355677\n"}
,{"stream_name":"stdout","time":828.049124531,"data":"EDGE_TTA_ACTIVE views= 8 mean_abs_feat_delta= 0.355677\n"}
,{"stream_name":"stdout","time":828.454389203,"data":"EDGE_TTA_ACTIVE views= 8 mean_abs_feat_delta= 0.345655\n"}
,{"stream_name":"stdout","time":828.656742429,"data":"EDGE_TTA_ACTIVE views= 8 mean_abs_feat_delta= 0.345655\n"}
,{"stream_name":"stdout","time":828.780648667,"data":"SECONDARY_EDGE_TTA_ACTIVE views= 8 weight= 0.75 mean_abs_feat_delta= 0.303441\n"}
,{"stream_name":"stdout","time":828.982963396,"data":"SECONDARY_EDGE_TTA_ACTIVE views= 8 weight= 0.75 mean_abs_feat_delta= 0.303441\n"}
,{"stream_name":"stdout","time":829.355200567,"data":"SECONDARY_EDGE_TTA_ACTIVE views= 8 weight= 0.75 mean_abs_feat_delta= 0.249597\n"}
,{"stream_name":"stdout","time":829.557575064,"data":"SECONDARY_EDGE_TTA_ACTIVE views= 8 weight= 0.75 mean_abs_feat_delta= 0.249597\n"}
,{"stream_name":"stdout","time":829.83559645,"data":"EDGE_TTA_ACTIVE views= 8 mean_abs_feat_delta= 0.358773\n"}
,{"stream_name":"stdout","time":830.038167366,"data":"EDGE_TTA_ACTIVE views= 8 mean_abs_feat_delta= 0.358773\n"}
,{"stream_name":"stdout","time":830.42033517,"data":"EDGE_TTA_ACTIVE views= 8 mean_abs_feat_delta= 0.348487\n"}
,{"stream_name":"stdout","time":830.622787403,"data":"EDGE_TTA_ACTIVE views= 8 mean_abs_feat_delta= 0.348487\n"}
,{"stream_name":"stdout","time":830.777668399,"data":"SECONDARY_EDGE_TTA_ACTIVE views= 8 weight= 0.75 mean_abs_feat_delta= 0.292043\n"}
,{"stream_name":"stdout","time":830.980161006,"data":"SECONDARY_EDGE_TTA_ACTIVE views= 8 weight= 0.75 mean_abs_feat_delta= 0.292043\n"}
,{"stream_name":"stdout","time":831.32244773,"data":"SECONDARY_EDGE_TTA_ACTIVE views= 8 weight= 0.75 mean_abs_feat_delta= 0.249809\n"}
,{"stream_name":"stdout","time":831.326416757,"data":"BIOHUB_RETENTION_GUARD {\"blended_candidates\": 449, \"dataset\": \"44b6_12dfb391\", \"frame\": 35, \"minimum_retention\": 0.9, \"primary_candidates\": 506, \"retention\": 0.8873517786561265, \"use_primary\": true}\n"}
,{"stream_name":"stdout","time":831.52489979,"data":"SECONDARY_EDGE_TTA_ACTIVE views= 8 weight= 0.75 mean_abs_feat_delta= 0.249809\n"}
,{"stream_name":"stdout","time":831.524934638,"data":"BIOHUB_RETENTION_GUARD {\"blended_candidates\": 449, \"dataset\": \"44b6_12dfb391\", \"frame\": 35, \"minimum_retention\": 0.9, \"primary_candidates\": 506, \"retention\": 0.8873517786561265, \"use_primary\": true}\n"}
,{"stream_name":"stdout","time":831.867216485,"data":"EDGE_TTA_ACTIVE views= 8 mean_abs_feat_delta= 0.357316\n"}
,{"stream_name":"stdout","time":832.069774673,"data":"EDGE_TTA_ACTIVE views= 8 mean_abs_feat_delta= 0.357316\n"}
,{"stream_name":"stdout","time":832.424852221,"data":"EDGE_TTA_ACTIVE views= 8 mean_abs_feat_delta= 0.348239\n"}
,{"stream_name":"stdout","time":832.627403442,"data":"EDGE_TTA_ACTIVE views= 8 mean_abs_feat_delta= 0.348239\n"}
,{"stream_name":"stdout","time":832.810397836,"data":"SECONDARY_EDGE_TTA_ACTIVE views= 8 weight= 0.75 mean_abs_feat_delta= 0.28185\n"}
,{"stream_name":"stdout","time":833.013012243,"data":"SECONDARY_EDGE_TTA_ACTIVE views= 8 weight= 0.75 mean_abs_feat_delta= 0.28185\n"}
,{"stream_name":"stdout","time":833.32948082,"data":"SECONDARY_EDGE_TTA_ACTIVE views= 8 weight= 0.75 mean_abs_feat_delta= 0.253116\n"}
,{"stream_name":"stdout","time":833.333441547,"data":"BIOHUB_RETENTION_GUARD {\"blended_candidates\": 452, \"dataset\": \"44b6_12dfb391\", \"frame\": 36, \"minimum_retention\": 0.9, \"primary_candidates\": 510, \"retention\": 0.8862745098039215, \"use_primary\": true}\n"}
,{"stream_name":"stdout","time":833.532117709,"data":"SECONDARY_EDGE_TTA_ACTIVE views= 8 weight= 0.75 mean_abs_feat_delta= 0.253116\n"}
,{"stream_name":"stdout","time":833.532150576,"data":"BIOHUB_RETENTION_GUARD {\"blended_candidates\": 452, \"dataset\": \"44b6_12dfb391\", \"frame\": 36, \"minimum_retention\": 0.9, \"primary_candidates\": 510, \"retention\": 0.8862745098039215, \"use_primary\": true}\n"}
,{"stream_name":"stdout","time":833.873021073,"data":"EDGE_TTA_ACTIVE views= 8 mean_abs_feat_delta= 0.358984\n"}
,{"stream_name":"stdout","time":834.075653266,"data":"EDGE_TTA_ACTIVE views= 8 mean_abs_feat_delta= 0.358984\n"}
,{"stream_name":"stdout","time":834.411477072,"data":"EDGE_TTA_ACTIVE views= 8 mean_abs_feat_delta= 0.347637\n"}
,{"stream_name":"stdout","time":834.613852591,"data":"EDGE_TTA_ACTIVE views= 8 mean_abs_feat_delta= 0.347637\n"}
,{"stream_name":"stdout","time":834.818982296,"data":"SECONDARY_EDGE_TTA_ACTIVE views= 8 weight= 0.75 mean_abs_feat_delta= 0.283606\n"}
,{"stream_name":"stdout","time":835.021267794,"data":"SECONDARY_EDGE_TTA_ACTIVE views= 8 weight= 0.75 mean_abs_feat_delta= 0.283606\n"}
,{"stream_name":"stdout","time":835.314935361,"data":"SECONDARY_EDGE_TTA_ACTIVE views= 8 weight= 0.75 mean_abs_feat_delta= 0.255726\n"}
,{"stream_name":"stdout","time":835.318940605,"data":"BIOHUB_RETENTION_GUARD {\"blended_candidates\": 459, \"dataset\": \"44b6_12dfb391\", \"frame\": 37, \"minimum_retention\": 0.9, \"primary_candidates\": 517, \"retention\": 0.8878143133462283, \"use_primary\": true}\n"}
,{"stream_name":"stdout","time":835.517405085,"data":"SECONDARY_EDGE_TTA_ACTIVE views= 8 weight= 0.75 mean_abs_feat_delta= 0.255726\n"}
,{"stream_name":"stdout","time":835.517455201,"data":"BIOHUB_RETENTION_GUARD {\"blended_candidates\": 459, \"dataset\": \"44b6_12dfb391\", \"frame\": 37, \"minimum_retention\": 0.9, \"primary_candidates\": 517, \"retention\": 0.8878143133462283, \"use_primary\": true}\n"}
,{"stream_name":"stdout","time":835.888639282,"data":"EDGE_TTA_ACTIVE views= 8 mean_abs_feat_delta= 0.372369\n"}
,{"stream_name":"stdout","time":836.091241137,"data":"EDGE_TTA_ACTIVE views= 8 mean_abs_feat_delta= 0.372369\n"}
,{"stream_name":"stdout","time":836.399926965,"data":"EDGE_TTA_ACTIVE views= 8 mean_abs_feat_delta= 0.347183\n"}
,{"stream_name":"stdout","time":836.602516988,"data":"EDGE_TTA_ACTIVE views= 8 mean_abs_feat_delta= 0.347183\n"}
,{"stream_name":"stdout","time":836.842998688,"data":"SECONDARY_EDGE_TTA_ACTIVE views= 8 weight= 0.75 mean_abs_feat_delta= 0.287079\n"}
,{"stream_name":"stdout","time":837.045285215,"data":"SECONDARY_EDGE_TTA_ACTIVE views= 8 weight= 0.75 mean_abs_feat_delta= 0.287079\n"}
,{"stream_name":"stdout","time":837.309177471,"data":"SECONDARY_EDGE_TTA_ACTIVE views= 8 weight= 0.75 mean_abs_feat_delta= 0.255591\n"}
,{"stream_name":"stdout","time":837.511723254,"data":"SECONDARY_EDGE_TTA_ACTIVE views= 8 weight= 0.75 mean_abs_feat_delta= 0.255591\n"}
,{"stream_name":"stdout","time":837.9146377,"data":"EDGE_TTA_ACTIVE views= 8 mean_abs_feat_delta= 0.382121\n"}
,{"stream_name":"stdout","time":838.117198757,"data":"EDGE_TTA_ACTIVE views= 8 mean_abs_feat_delta= 0.382121\n"}
,{"stream_name":"stdout","time":838.385487597,"data":"EDGE_TTA_ACTIVE views= 8 mean_abs_feat_delta= 0.347762\n"}
,{"stream_name":"stdout","time":838.58789675,"data":"EDGE_TTA_ACTIVE views= 8 mean_abs_feat_delta= 0.347762\n"}
,{"stream_name":"stdout","time":838.870277489,"data":"SECONDARY_EDGE_TTA_ACTIVE views= 8 weight= 0.75 mean_abs_feat_delta= 0.288642\n"}
,{"stream_name":"stdout","time":839.072952756,"data":"SECONDARY_EDGE_TTA_ACTIVE views= 8 weight= 0.75 mean_abs_feat_delta= 0.288642\n"}
,{"stream_name":"stdout","time":839.295162064,"data":"SECONDARY_EDGE_TTA_ACTIVE views= 8 weight= 0.75 mean_abs_feat_delta= 0.252775\n"}
,{"stream_name":"stdout","time":839.497836441,"data":"SECONDARY_EDGE_TTA_ACTIVE views= 8 weight= 0.75 mean_abs_feat_delta= 0.252775\n"}
,{"stream_name":"stdout","time":839.945496922,"data":"EDGE_TTA_ACTIVE views= 8 mean_abs_feat_delta= 0.389142\n"}
,{"stream_name":"stdout","time":840.14821196,"data":"EDGE_TTA_ACTIVE views= 8 mean_abs_feat_delta= 0.389142\n"}
,{"stream_name":"stdout","time":840.394529345,"data":"EDGE_TTA_ACTIVE views= 8 mean_abs_feat_delta= 0.349684\n"}
,{"stream_name":"stdout","time":840.596975731,"data":"EDGE_TTA_ACTIVE views= 8 mean_abs_feat_delta= 0.349684\n"}
,{"stream_name":"stdout","time":840.906035517,"data":"SECONDARY_EDGE_TTA_ACTIVE views= 8 weight= 0.75 mean_abs_feat_delta= 0.300535\n"}
,{"stream_name":"stdout","time":841.108641322,"data":"SECONDARY_EDGE_TTA_ACTIVE views= 8 weight= 0.75 mean_abs_feat_delta= 0.300535\n"}
,{"stream_name":"stdout","time":841.296592931,"data":"SECONDARY_EDGE_TTA_ACTIVE views= 8 weight= 0.75 mean_abs_feat_delta= 0.252485\n"}
,{"stream_name":"stdout","time":841.49956065,"data":"SECONDARY_EDGE_TTA_ACTIVE views= 8 weight= 0.75 mean_abs_feat_delta= 0.252485\n"}
,{"stream_name":"stdout","time":841.991903531,"data":"EDGE_TTA_ACTIVE views= 8 mean_abs_feat_delta= 0.415695\n"}
,{"stream_name":"stdout","time":842.194315385,"data":"EDGE_TTA_ACTIVE views= 8 mean_abs_feat_delta= 0.415695\n"}
,{"stream_name":"stdout","time":842.391447851,"data":"EDGE_TTA_ACTIVE views= 8 mean_abs_feat_delta= 0.352443\n"}
,{"stream_name":"stdout","time":842.594077926,"data":"EDGE_TTA_ACTIVE views= 8 mean_abs_feat_delta= 0.352443\n"}
,{"stream_name":"stdout","time":842.963141187,"data":"SECONDARY_EDGE_TTA_ACTIVE views= 8 weight= 0.75 mean_abs_feat_delta= 0.294357\n"}
,{"stream_name":"stdout","time":843.165489406,"data":"SECONDARY_EDGE_TTA_ACTIVE views= 8 weight= 0.75 mean_abs_feat_delta= 0.294357\n"}
,{"stream_name":"stdout","time":843.300608792,"data":"SECONDARY_EDGE_TTA_ACTIVE views= 8 weight= 0.75 mean_abs_feat_delta= 0.248666\n"}
,{"stream_name":"stdout","time":843.502869912,"data":"SECONDARY_EDGE_TTA_ACTIVE views= 8 weight= 0.75 mean_abs_feat_delta= 0.248666\n"}
,{"stream_name":"stdout","time":844.040633865,"data":"EDGE_TTA_ACTIVE views= 8 mean_abs_feat_delta= 0.401917\n"}
,{"stream_name":"stdout","time":844.243085305,"data":"EDGE_TTA_ACTIVE views= 8 mean_abs_feat_delta= 0.401917\n"}
,{"stream_name":"stdout","time":844.413136939,"data":"EDGE_TTA_ACTIVE views= 8 mean_abs_feat_delta= 0.352904\n"}
,{"stream_name":"stdout","time":844.615513929,"data":"EDGE_TTA_ACTIVE views= 8 mean_abs_feat_delta= 0.352904\n"}
,{"stream_name":"stdout","time":845.014551303,"data":"SECONDARY_EDGE_TTA_ACTIVE views= 8 weight= 0.75 mean_abs_feat_delta= 0.293557\n"}
,{"stream_name":"stdout","time":845.238645105,"data":"SECONDARY_EDGE_TTA_ACTIVE views= 8 weight= 0.75 mean_abs_feat_delta= 0.293557\n"}
,{"stream_name":"stdout","time":845.326017841,"data":"SECONDARY_EDGE_TTA_ACTIVE views= 8 weight= 0.75 mean_abs_feat_delta= 0.248396\n"}
,{"stream_name":"stdout","time":845.528730684,"data":"SECONDARY_EDGE_TTA_ACTIVE views= 8 weight= 0.75 mean_abs_feat_delta= 0.248396\n"}
,{"stream_name":"stdout","time":846.108179835,"data":"EDGE_TTA_ACTIVE views= 8 mean_abs_feat_delta= 0.408829\n"}
,{"stream_name":"stdout","time":846.310353661,"data":"EDGE_TTA_ACTIVE views= 8 mean_abs_feat_delta= 0.408829\n"}
,{"stream_name":"stdout","time":846.407847579,"data":"EDGE_TTA_ACTIVE views= 8 mean_abs_feat_delta= 0.355994\n"}
,{"stream_name":"stdout","time":846.61024364,"data":"EDGE_TTA_ACTIVE views= 8 mean_abs_feat_delta= 0.355994\n"}
,{"stream_name":"stdout","time":847.082163412,"data":"SECONDARY_EDGE_TTA_ACTIVE views= 8 weight= 0.75 mean_abs_feat_delta= 0.30141\n"}
,{"stream_name":"stdout","time":847.2842179,"data":"SECONDARY_EDGE_TTA_ACTIVE views= 8 weight= 0.75 mean_abs_feat_delta= 0.30141\n"}
,{"stream_name":"stdout","time":847.319844486,"data":"SECONDARY_EDGE_TTA_ACTIVE views= 8 weight= 0.75 mean_abs_feat_delta= 0.252977\n"}
,{"stream_name":"stdout","time":847.522702718,"data":"SECONDARY_EDGE_TTA_ACTIVE views= 8 weight= 0.75 mean_abs_feat_delta= 0.252977\n"}
,{"stream_name":"stdout","time":848.170645481,"data":"EDGE_TTA_ACTIVE views= 8 mean_abs_feat_delta= 0.405254\n"}
,{"stream_name":"stdout","time":848.37302822,"data":"EDGE_TTA_ACTIVE views= 8 mean_abs_feat_delta= 0.405254\n"}
,{"stream_name":"stdout","time":848.412708884,"data":"EDGE_TTA_ACTIVE views= 8 mean_abs_feat_delta= 0.362223\n"}
,{"stream_name":"stdout","time":848.615200069,"data":"EDGE_TTA_ACTIVE views= 8 mean_abs_feat_delta= 0.362223\n"}
,{"stream_name":"stdout","time":849.150296938,"data":"SECONDARY_EDGE_TTA_ACTIVE views= 8 weight= 0.75 mean_abs_feat_delta= 0.297647\n"}
,{"stream_name":"stdout","time":849.334185794,"data":"SECONDARY_EDGE_TTA_ACTIVE views= 8 weight= 0.75 mean_abs_feat_delta= 0.253495\n"}
,{"stream_name":"stdout","time":849.3526718,"data":"SECONDARY_EDGE_TTA_ACTIVE views= 8 weight= 0.75 mean_abs_feat_delta= 0.297647\n"}
,{"stream_name":"stdout","time":849.352698635,"data":"SECONDARY_EDGE_TTA_ACTIVE views= 8 weight= 0.75 mean_abs_feat_delta= 0.253495\n"}
,{"stream_name":"stdout","time":850.243993691,"data":"EDGE_TTA_ACTIVE views= 8 mean_abs_feat_delta= 0.414187\n"}
,{"stream_name":"stdout","time":850.417824234,"data":"EDGE_TTA_ACTIVE views= 8 mean_abs_feat_delta= 0.364163\n"}
,{"stream_name":"stdout","time":850.446628329,"data":"EDGE_TTA_ACTIVE views= 8 mean_abs_feat_delta= 0.414187\n"}
,{"stream_name":"stdout","time":850.446652586,"data":"EDGE_TTA_ACTIVE views= 8 mean_abs_feat_delta= 0.364163\n"}
,{"stream_name":"stdout","time":851.216764105,"data":"SECONDARY_EDGE_TTA_ACTIVE views= 8 weight= 0.75 mean_abs_feat_delta= 0.296096\n"}
,{"stream_name":"stdout","time":851.327862916,"data":"SECONDARY_EDGE_TTA_ACTIVE views= 8 weight= 0.75 mean_abs_feat_delta= 0.253609\n"}
,{"stream_name":"stdout","time":851.419526089,"data":"SECONDARY_EDGE_TTA_ACTIVE views= 8 weight= 0.75 mean_abs_feat_delta= 0.296096\n"}
,{"stream_name":"stdout","time":851.419556755,"data":"SECONDARY_EDGE_TTA_ACTIVE views= 8 weight= 0.75 mean_abs_feat_delta= 0.253609\n"}
,{"stream_name":"stdout","time":852.292622694,"data":"EDGE_TTA_ACTIVE views= 8 mean_abs_feat_delta= 0.407156\n"}
,{"stream_name":"stdout","time":852.424708165,"data":"EDGE_TTA_ACTIVE views= 8 mean_abs_feat_delta= 0.360264\n"}
,{"stream_name":"stdout","time":852.495032141,"data":"EDGE_TTA_ACTIVE views= 8 mean_abs_feat_delta= 0.407156\n"}
,{"stream_name":"stdout","time":852.495058426,"data":"EDGE_TTA_ACTIVE views= 8 mean_abs_feat_delta= 0.360264\n"}
,{"stream_name":"stdout","time":853.282078653,"data":"SECONDARY_EDGE_TTA_ACTIVE views= 8 weight= 0.75 mean_abs_feat_delta= 0.296439\n"}
,{"stream_name":"stdout","time":853.333426048,"data":"SECONDARY_EDGE_TTA_ACTIVE views= 8 weight= 0.75 mean_abs_feat_delta= 0.251736\n"}
,{"stream_name":"stdout","time":853.484565231,"data":"SECONDARY_EDGE_TTA_ACTIVE views= 8 weight= 0.75 mean_abs_feat_delta= 0.296439\n"}
,{"stream_name":"stdout","time":853.484666487,"data":"SECONDARY_EDGE_TTA_ACTIVE views= 8 weight= 0.75 mean_abs_feat_delta= 0.251736\n"}
,{"stream_name":"stdout","time":854.364938779,"data":"EDGE_TTA_ACTIVE views= 8 mean_abs_feat_delta= 0.390532\n"}
,{"stream_name":"stdout","time":854.425854377,"data":"EDGE_TTA_ACTIVE views= 8 mean_abs_feat_delta= 0.356608\n"}
,{"stream_name":"stdout","time":854.567431731,"data":"EDGE_TTA_ACTIVE views= 8 mean_abs_feat_delta= 0.390532\n"}
,{"stream_name":"stdout","time":854.567464206,"data":"EDGE_TTA_ACTIVE views= 8 mean_abs_feat_delta= 0.356608\n"}
,{"stream_name":"stdout","time":855.335340869,"data":"SECONDARY_EDGE_TTA_ACTIVE views= 8 weight= 0.75 mean_abs_feat_delta= 0.252387\n"}
,{"stream_name":"stdout","time":855.355989627,"data":"SECONDARY_EDGE_TTA_ACTIVE views= 8 weight= 0.75 mean_abs_feat_delta= 0.27503\n"}
,{"stream_name":"stdout","time":855.537695469,"data":"SECONDARY_EDGE_TTA_ACTIVE views= 8 weight= 0.75 mean_abs_feat_delta= 0.252387\n"}
,{"stream_name":"stdout","time":855.537732385,"data":"SECONDARY_EDGE_TTA_ACTIVE views= 8 weight= 0.75 mean_abs_feat_delta= 0.27503\n"}
,{"stream_name":"stdout","time":856.423667752,"data":"EDGE_TTA_ACTIVE views= 8 mean_abs_feat_delta= 0.354367\n"}
,{"stream_name":"stdout","time":856.453443831,"data":"EDGE_TTA_ACTIVE views= 8 mean_abs_feat_delta= 0.375064\n"}
,{"stream_name":"stdout","time":856.626252972,"data":"EDGE_TTA_ACTIVE views= 8 mean_abs_feat_delta= 0.354367\n"}
,{"stream_name":"stdout","time":856.626284246,"data":"EDGE_TTA_ACTIVE views= 8 mean_abs_feat_delta= 0.375064\n"}
,{"stream_name":"stdout","time":857.337681785,"data":"SECONDARY_EDGE_TTA_ACTIVE views= 8 weight= 0.75 mean_abs_feat_delta= 0.254964\n"}
,{"stream_name":"stdout","time":857.450825414,"data":"SECONDARY_EDGE_TTA_ACTIVE views= 8 weight= 0.75 mean_abs_feat_delta= 0.274185\n"}
,{"stream_name":"stdout","time":857.540210135,"data":"SECONDARY_EDGE_TTA_ACTIVE views= 8 weight= 0.75 mean_abs_feat_delta= 0.254964\n"}
,{"stream_name":"stdout","time":857.540246218,"data":"SECONDARY_EDGE_TTA_ACTIVE views= 8 weight= 0.75 mean_abs_feat_delta= 0.274185\n"}
,{"stream_name":"stdout","time":858.449672334,"data":"EDGE_TTA_ACTIVE views= 8 mean_abs_feat_delta= 0.354144\n"}
,{"stream_name":"stdout","time":858.566880152,"data":"EDGE_TTA_ACTIVE views= 8 mean_abs_feat_delta= 0.357722\n"}
,{"stream_name":"stdout","time":858.651790527,"data":"EDGE_TTA_ACTIVE views= 8 mean_abs_feat_delta= 0.354144\n"}
,{"stream_name":"stdout","time":858.651816363,"data":"EDGE_TTA_ACTIVE views= 8 mean_abs_feat_delta= 0.357722\n"}
,{"stream_name":"stdout","time":859.36516892,"data":"SECONDARY_EDGE_TTA_ACTIVE views= 8 weight= 0.75 mean_abs_feat_delta= 0.255942\n"}
,{"stream_name":"stdout","time":859.567987673,"data":"SECONDARY_EDGE_TTA_ACTIVE views= 8 weight= 0.75 mean_abs_feat_delta= 0.255942\n"}
,{"stream_name":"stdout","time":859.571628367,"data":"SECONDARY_EDGE_TTA_ACTIVE views= 8 weight= 0.75 mean_abs_feat_delta= 0.285894\n"}
,{"stream_name":"stdout","time":859.774131967,"data":"SECONDARY_EDGE_TTA_ACTIVE views= 8 weight= 0.75 mean_abs_feat_delta= 0.285894\n"}
,{"stream_name":"stdout","time":860.450109075,"data":"EDGE_TTA_ACTIVE views= 8 mean_abs_feat_delta= 0.352179\n"}
,{"stream_name":"stdout","time":860.652533317,"data":"EDGE_TTA_ACTIVE views= 8 mean_abs_feat_delta= 0.352179\n"}
,{"stream_name":"stdout","time":860.694447943,"data":"EDGE_TTA_ACTIVE views= 8 mean_abs_feat_delta= 0.377175\n"}
,{"stream_name":"stdout","time":860.896889901,"data":"EDGE_TTA_ACTIVE views= 8 mean_abs_feat_delta= 0.377175\n"}
,{"stream_name":"stdout","time":861.36650504,"data":"SECONDARY_EDGE_TTA_ACTIVE views= 8 weight= 0.75 mean_abs_feat_delta= 0.258443\n"}
,{"stream_name":"stdout","time":861.568987769,"data":"SECONDARY_EDGE_TTA_ACTIVE views= 8 weight= 0.75 mean_abs_feat_delta= 0.258443\n"}
,{"stream_name":"stdout","time":861.701495848,"data":"SECONDARY_EDGE_TTA_ACTIVE views= 8 weight= 0.75 mean_abs_feat_delta= 0.29469\n"}
,{"stream_name":"stdout","time":861.904039061,"data":"SECONDARY_EDGE_TTA_ACTIVE views= 8 weight= 0.75 mean_abs_feat_delta= 0.29469\n"}
,{"stream_name":"stdout","time":862.453416403,"data":"EDGE_TTA_ACTIVE views= 8 mean_abs_feat_delta= 0.354896\n"}
,{"stream_name":"stdout","time":862.655843778,"data":"EDGE_TTA_ACTIVE views= 8 mean_abs_feat_delta= 0.354896\n"}
,{"stream_name":"stdout","time":862.832275096,"data":"EDGE_TTA_ACTIVE views= 8 mean_abs_feat_delta= 0.370458\n"}
,{"stream_name":"stdout","time":863.03492593,"data":"EDGE_TTA_ACTIVE views= 8 mean_abs_feat_delta= 0.370458\n"}
,{"stream_name":"stdout","time":863.368719711,"data":"SECONDARY_EDGE_TTA_ACTIVE views= 8 weight= 0.75 mean_abs_feat_delta= 0.262635\n"}
,{"stream_name":"stdout","time":863.571530751,"data":"SECONDARY_EDGE_TTA_ACTIVE views= 8 weight= 0.75 mean_abs_feat_delta= 0.262635\n"}
,{"stream_name":"stdout","time":863.844242745,"data":"SECONDARY_EDGE_TTA_ACTIVE views= 8 weight= 0.75 mean_abs_feat_delta= 0.297902\n"}
,{"stream_name":"stdout","time":864.046934528,"data":"SECONDARY_EDGE_TTA_ACTIVE views= 8 weight= 0.75 mean_abs_feat_delta= 0.297902\n"}
,{"stream_name":"stdout","time":864.462410562,"data":"EDGE_TTA_ACTIVE views= 8 mean_abs_feat_delta= 0.350365\n"}
,{"stream_name":"stdout","time":864.664652994,"data":"EDGE_TTA_ACTIVE views= 8 mean_abs_feat_delta= 0.350365\n"}
,{"stream_name":"stdout","time":864.998496115,"data":"EDGE_TTA_ACTIVE views= 8 mean_abs_feat_delta= 0.358848\n"}
,{"stream_name":"stdout","time":865.200942538,"data":"EDGE_TTA_ACTIVE views= 8 mean_abs_feat_delta= 0.358848\n"}
,{"stream_name":"stdout","time":865.378335043,"data":"SECONDARY_EDGE_TTA_ACTIVE views= 8 weight= 0.75 mean_abs_feat_delta= 0.258198\n"}
,{"stream_name":"stdout","time":865.580340798,"data":"SECONDARY_EDGE_TTA_ACTIVE views= 8 weight= 0.75 mean_abs_feat_delta= 0.258198\n"}
,{"stream_name":"stdout","time":866.021610803,"data":"SECONDARY_EDGE_TTA_ACTIVE views= 8 weight= 0.75 mean_abs_feat_delta= 0.292079\n"}
,{"stream_name":"stdout","time":866.224244598,"data":"SECONDARY_EDGE_TTA_ACTIVE views= 8 weight= 0.75 mean_abs_feat_delta= 0.292079\n"}
,{"stream_name":"stdout","time":866.478145209,"data":"EDGE_TTA_ACTIVE views= 8 mean_abs_feat_delta= 0.347874\n"}
,{"stream_name":"stdout","time":866.680603274,"data":"EDGE_TTA_ACTIVE views= 8 mean_abs_feat_delta= 0.347874\n"}
,{"stream_name":"stdout","time":867.15600237,"data":"EDGE_TTA_ACTIVE views= 8 mean_abs_feat_delta= 0.382742\n"}
,{"stream_name":"stdout","time":867.358689333,"data":"EDGE_TTA_ACTIVE views= 8 mean_abs_feat_delta= 0.382742\n"}
,{"stream_name":"stdout","time":867.397305961,"data":"SECONDARY_EDGE_TTA_ACTIVE views= 8 weight= 0.75 mean_abs_feat_delta= 0.253125\n"}
,{"stream_name":"stdout","time":867.599690657,"data":"SECONDARY_EDGE_TTA_ACTIVE views= 8 weight= 0.75 mean_abs_feat_delta= 0.253125\n"}
,{"stream_name":"stdout","time":868.184207268,"data":"SECONDARY_EDGE_TTA_ACTIVE views= 8 weight= 0.75 mean_abs_feat_delta= 0.305102\n"}
,{"stream_name":"stdout","time":868.386862379,"data":"SECONDARY_EDGE_TTA_ACTIVE views= 8 weight= 0.75 mean_abs_feat_delta= 0.305102\n"}
,{"stream_name":"stdout","time":868.502170491,"data":"EDGE_TTA_ACTIVE views= 8 mean_abs_feat_delta= 0.349339\n"}
,{"stream_name":"stdout","time":868.704402156,"data":"EDGE_TTA_ACTIVE views= 8 mean_abs_feat_delta= 0.349339\n"}
,{"stream_name":"stdout","time":869.340755844,"data":"EDGE_TTA_ACTIVE views= 8 mean_abs_feat_delta= 0.415987\n"}
,{"stream_name":"stdout","time":869.42464734,"data":"SECONDARY_EDGE_TTA_ACTIVE views= 8 weight= 0.75 mean_abs_feat_delta= 0.252199\n"}
,{"stream_name":"stdout","time":869.543313092,"data":"EDGE_TTA_ACTIVE views= 8 mean_abs_feat_delta= 0.415987\n"}
,{"stream_name":"stdout","time":869.543344625,"data":"SECONDARY_EDGE_TTA_ACTIVE views= 8 weight= 0.75 mean_abs_feat_delta= 0.252199\n"}
,{"stream_name":"stdout","time":870.373560878,"data":"SECONDARY_EDGE_TTA_ACTIVE views= 8 weight= 0.75 mean_abs_feat_delta= 0.311069\n"}
,{"stream_name":"stdout","time":870.525598514,"data":"EDGE_TTA_ACTIVE views= 8 mean_abs_feat_delta= 0.350442\n"}
,{"stream_name":"stdout","time":870.576036294,"data":"SECONDARY_EDGE_TTA_ACTIVE views= 8 weight= 0.75 mean_abs_feat_delta= 0.311069\n"}
,{"stream_name":"stdout","time":870.576068071,"data":"EDGE_TTA_ACTIVE views= 8 mean_abs_feat_delta= 0.350442\n"}
,{"stream_name":"stdout","time":871.450606757,"data":"SECONDARY_EDGE_TTA_ACTIVE views= 8 weight= 0.75 mean_abs_feat_delta= 0.255465\n"}
,{"stream_name":"stdout","time":871.454374827,"data":"BIOHUB_RETENTION_GUARD {\"blended_candidates\": 471, \"dataset\": \"44b6_12dfb391\", \"frame\": 55, \"minimum_retention\": 0.9, \"primary_candidates\": 525, \"retention\": 0.8971428571428571, \"use_primary\": true}\n"}
,{"stream_name":"stdout","time":871.511886004,"data":"EDGE_TTA_ACTIVE views= 8 mean_abs_feat_delta= 0.378636\n"}
,{"stream_name":"stdout","time":871.653810225,"data":"SECONDARY_EDGE_TTA_ACTIVE views= 8 weight= 0.75 mean_abs_feat_delta= 0.255465\n"}
,{"stream_name":"stdout","time":871.653868469,"data":"BIOHUB_RETENTION_GUARD {\"blended_candidates\": 471, \"dataset\": \"44b6_12dfb391\", \"frame\": 55, \"minimum_retention\": 0.9, \"primary_candidates\": 525, \"retention\": 0.8971428571428571, \"use_primary\": true}\n"}
,{"stream_name":"stdout","time":871.653876236,"data":"EDGE_TTA_ACTIVE views= 8 mean_abs_feat_delta= 0.378636\n"}
,{"stream_name":"stdout","time":872.541429025,"data":"EDGE_TTA_ACTIVE views= 8 mean_abs_feat_delta= 0.350606\n"}
,{"stream_name":"stdout","time":872.549623536,"data":"SECONDARY_EDGE_TTA_ACTIVE views= 8 weight= 0.75 mean_abs_feat_delta= 0.306551\n"}
,{"stream_name":"stdout","time":872.743974694,"data":"EDGE_TTA_ACTIVE views= 8 mean_abs_feat_delta= 0.350606\n"}
,{"stream_name":"stdout","time":872.744008333,"data":"SECONDARY_EDGE_TTA_ACTIVE views= 8 weight= 0.75 mean_abs_feat_delta= 0.306551\n"}
,{"stream_name":"stdout","time":873.462461884,"data":"SECONDARY_EDGE_TTA_ACTIVE views= 8 weight= 0.75 mean_abs_feat_delta= 0.258276\n"}
,{"stream_name":"stdout","time":873.466306781,"data":"BIOHUB_RETENTION_GUARD {\"blended_candidates\": 466, \"dataset\": \"44b6_12dfb391\", \"frame\": 56, \"minimum_retention\": 0.9, \"primary_candidates\": 529, \"retention\": 0.8809073724007561, \"use_primary\": true}\n"}
,{"stream_name":"stdout","time":873.664744235,"data":"SECONDARY_EDGE_TTA_ACTIVE views= 8 weight= 0.75 mean_abs_feat_delta= 0.258276\n"}
,{"stream_name":"stdout","time":873.664789723,"data":"BIOHUB_RETENTION_GUARD {\"blended_candidates\": 466, \"dataset\": \"44b6_12dfb391\", \"frame\": 56, \"minimum_retention\": 0.9, \"primary_candidates\": 529, \"retention\": 0.8809073724007561, \"use_primary\": true}\n"}
,{"stream_name":"stdout","time":873.696379569,"data":"EDGE_TTA_ACTIVE views= 8 mean_abs_feat_delta= 0.374978\n"}
,{"stream_name":"stdout","time":873.898622639,"data":"EDGE_TTA_ACTIVE views= 8 mean_abs_feat_delta= 0.374978\n"}
,{"stream_name":"stdout","time":874.570386978,"data":"EDGE_TTA_ACTIVE views= 8 mean_abs_feat_delta= 0.351002\n"}
,{"stream_name":"stdout","time":874.733088312,"data":"SECONDARY_EDGE_TTA_ACTIVE views= 8 weight= 0.75 mean_abs_feat_delta= 0.306449\n"}
,{"stream_name":"stdout","time":874.772917507,"data":"EDGE_TTA_ACTIVE views= 8 mean_abs_feat_delta= 0.351002\n"}
,{"stream_name":"stdout","time":874.772985679,"data":"SECONDARY_EDGE_TTA_ACTIVE views= 8 weight= 0.75 mean_abs_feat_delta= 0.306449\n"}
,{"stream_name":"stdout","time":875.493283402,"data":"SECONDARY_EDGE_TTA_ACTIVE views= 8 weight= 0.75 mean_abs_feat_delta= 0.259739\n"}
,{"stream_name":"stdout","time":875.497290693,"data":"BIOHUB_RETENTION_GUARD {\"blended_candidates\": 463, \"dataset\": \"44b6_12dfb391\", \"frame\": 57, \"minimum_retention\": 0.9, \"primary_candidates\": 525, \"retention\": 0.8819047619047619, \"use_primary\": true}\n"}
,{"stream_name":"stdout","time":875.720071248,"data":"SECONDARY_EDGE_TTA_ACTIVE views= 8 weight= 0.75 mean_abs_feat_delta= 0.259739\n"}
,{"stream_name":"stdout","time":875.72009768,"data":"BIOHUB_RETENTION_GUARD {\"blended_candidates\": 463, \"dataset\": \"44b6_12dfb391\", \"frame\": 57, \"minimum_retention\": 0.9, \"primary_candidates\": 525, \"retention\": 0.8819047619047619, \"use_primary\": true}\n"}
,{"stream_name":"stdout","time":875.877383939,"data":"EDGE_TTA_ACTIVE views= 8 mean_abs_feat_delta= 0.383634\n"}
,{"stream_name":"stdout","time":876.080020817,"data":"EDGE_TTA_ACTIVE views= 8 mean_abs_feat_delta= 0.383634\n"}
,{"stream_name":"stdout","time":876.602072149,"data":"EDGE_TTA_ACTIVE views= 8 mean_abs_feat_delta= 0.351435\n"}
,{"stream_name":"stdout","time":876.804465044,"data":"EDGE_TTA_ACTIVE views= 8 mean_abs_feat_delta= 0.351435\n"}
,{"stream_name":"stdout","time":876.913260072,"data":"SECONDARY_EDGE_TTA_ACTIVE views= 8 weight= 0.75 mean_abs_feat_delta= 0.308174\n"}
,{"stream_name":"stdout","time":877.115684994,"data":"SECONDARY_EDGE_TTA_ACTIVE views= 8 weight= 0.75 mean_abs_feat_delta= 0.308174\n"}
,{"stream_name":"stdout","time":877.524961172,"data":"SECONDARY_EDGE_TTA_ACTIVE views= 8 weight= 0.75 mean_abs_feat_delta= 0.258261\n"}
,{"stream_name":"stdout","time":877.529003193,"data":"BIOHUB_RETENTION_GUARD {\"blended_candidates\": 462, \"dataset\": \"44b6_12dfb391\", \"frame\": 58, \"minimum_retention\": 0.9, \"primary_candidates\": 524, \"retention\": 0.8816793893129771, \"use_primary\": true}\n"}
,{"stream_name":"stdout","time":877.727625653,"data":"SECONDARY_EDGE_TTA_ACTIVE views= 8 weight= 0.75 mean_abs_feat_delta= 0.258261\n"}
,{"stream_name":"stdout","time":877.727767459,"data":"BIOHUB_RETENTION_GUARD {\"blended_candidates\": 462, \"dataset\": \"44b6_12dfb391\", \"frame\": 58, \"minimum_retention\": 0.9, \"primary_candidates\": 524, \"retention\": 0.8816793893129771, \"use_primary\": true}\n"}
,{"stream_name":"stdout","time":878.054612588,"data":"EDGE_TTA_ACTIVE views= 8 mean_abs_feat_delta= 0.382868\n"}
,{"stream_name":"stdout","time":878.257356416,"data":"EDGE_TTA_ACTIVE views= 8 mean_abs_feat_delta= 0.382868\n"}
,{"stream_name":"stdout","time":878.623020438,"data":"EDGE_TTA_ACTIVE views= 8 mean_abs_feat_delta= 0.350102\n"}
,{"stream_name":"stdout","time":878.825832774,"data":"EDGE_TTA_ACTIVE views= 8 mean_abs_feat_delta= 0.350102\n"}
,{"stream_name":"stdout","time":879.082189648,"data":"SECONDARY_EDGE_TTA_ACTIVE views= 8 weight= 0.75 mean_abs_feat_delta= 0.31087\n"}
,{"stream_name":"stdout","time":879.284844866,"data":"SECONDARY_EDGE_TTA_ACTIVE views= 8 weight= 0.75 mean_abs_feat_delta= 0.31087\n"}
,{"stream_name":"stdout","time":879.549767088,"data":"SECONDARY_EDGE_TTA_ACTIVE views= 8 weight= 0.75 mean_abs_feat_delta= 0.257837\n"}
,{"stream_name":"stdout","time":879.554019682,"data":"BIOHUB_RETENTION_GUARD {\"blended_candidates\": 458, \"dataset\": \"44b6_12dfb391\", \"frame\": 59, \"minimum_retention\": 0.9, \"primary_candidates\": 532, \"retention\": 0.8609022556390977, \"use_primary\": true}\n"}
,{"stream_name":"stdout","time":879.752325188,"data":"SECONDARY_EDGE_TTA_ACTIVE views= 8 weight= 0.75 mean_abs_feat_delta= 0.257837\n"}
,{"stream_name":"stdout","time":879.752377891,"data":"BIOHUB_RETENTION_GUARD {\"blended_candidates\": 458, \"dataset\": \"44b6_12dfb391\", \"frame\": 59, \"minimum_retention\": 0.9, \"primary_candidates\": 532, \"retention\": 0.8609022556390977, \"use_primary\": true}\n"}
,{"stream_name":"stdout","time":880.216336266,"data":"EDGE_TTA_ACTIVE views= 8 mean_abs_feat_delta= 0.371306\n"}
,{"stream_name":"stdout","time":880.418850611,"data":"EDGE_TTA_ACTIVE views= 8 mean_abs_feat_delta= 0.371306\n"}
,{"stream_name":"stdout","time":880.657610682,"data":"EDGE_TTA_ACTIVE views= 8 mean_abs_feat_delta= 0.347603\n"}
,{"stream_name":"stdout","time":880.860027997,"data":"EDGE_TTA_ACTIVE views= 8 mean_abs_feat_delta= 0.347603\n"}
,{"stream_name":"stdout","time":881.24605296,"data":"SECONDARY_EDGE_TTA_ACTIVE views= 8 weight= 0.75 mean_abs_feat_delta= 0.30185\n"}
,{"stream_name":"stdout","time":881.448590168,"data":"SECONDARY_EDGE_TTA_ACTIVE views= 8 weight= 0.75 mean_abs_feat_delta= 0.30185\n"}
,{"stream_name":"stdout","time":881.580342601,"data":"SECONDARY_EDGE_TTA_ACTIVE views= 8 weight= 0.75 mean_abs_feat_delta= 0.256754\n"}
,{"stream_name":"stdout","time":881.782768577,"data":"SECONDARY_EDGE_TTA_ACTIVE views= 8 weight= 0.75 mean_abs_feat_delta= 0.256754\n"}
,{"stream_name":"stdout","time":882.368978204,"data":"EDGE_TTA_ACTIVE views= 8 mean_abs_feat_delta= 0.370302\n"}
,{"stream_name":"stdout","time":882.570913491,"data":"EDGE_TTA_ACTIVE views= 8 mean_abs_feat_delta= 0.370302\n"}
,{"stream_name":"stdout","time":882.680291405,"data":"EDGE_TTA_ACTIVE views= 8 mean_abs_feat_delta= 0.347903\n"}
,{"stream_name":"stdout","time":882.882697491,"data":"EDGE_TTA_ACTIVE views= 8 mean_abs_feat_delta= 0.347903\n"}
,{"stream_name":"stdout","time":883.388692687,"data":"SECONDARY_EDGE_TTA_ACTIVE views= 8 weight= 0.75 mean_abs_feat_delta= 0.299542\n"}
,{"stream_name":"stdout","time":883.591401088,"data":"SECONDARY_EDGE_TTA_ACTIVE views= 8 weight= 0.75 mean_abs_feat_delta= 0.299542\n"}
,{"stream_name":"stdout","time":883.608351432,"data":"SECONDARY_EDGE_TTA_ACTIVE views= 8 weight= 0.75 mean_abs_feat_delta= 0.257976\n"}
,{"stream_name":"stdout","time":883.612410673,"data":"BIOHUB_RETENTION_GUARD {\"blended_candidates\": 462, \"dataset\": \"44b6_12dfb391\", \"frame\": 61, \"minimum_retention\": 0.9, \"primary_candidates\": 543, \"retention\": 0.850828729281768, \"use_primary\": true}\n"}
,{"stream_name":"stdout","time":883.810395236,"data":"SECONDARY_EDGE_TTA_ACTIVE views= 8 weight= 0.75 mean_abs_feat_delta= 0.257976\n"}
,{"stream_name":"stdout","time":883.810430907,"data":"BIOHUB_RETENTION_GUARD {\"blended_candidates\": 462, \"dataset\": \"44b6_12dfb391\", \"frame\": 61, \"minimum_retention\": 0.9, \"primary_candidates\": 543, \"retention\": 0.850828729281768, \"use_primary\": true}\n"}
,{"stream_name":"stdout","time":884.509993242,"data":"EDGE_TTA_ACTIVE views= 8 mean_abs_feat_delta= 0.37583\n"}
,{"stream_name":"stdout","time":884.712647911,"data":"EDGE_TTA_ACTIVE views= 8 mean_abs_feat_delta= 0.37583\n"}
,{"stream_name":"stdout","time":884.723498713,"data":"EDGE_TTA_ACTIVE views= 8 mean_abs_feat_delta= 0.346794\n"}
,{"stream_name":"stdout","time":884.925982595,"data":"EDGE_TTA_ACTIVE views= 8 mean_abs_feat_delta= 0.346794\n"}
,{"stream_name":"stdout","time":885.52373118,"data":"SECONDARY_EDGE_TTA_ACTIVE views= 8 weight= 0.75 mean_abs_feat_delta= 0.303905\n"}
,{"stream_name":"stdout","time":885.650132354,"data":"SECONDARY_EDGE_TTA_ACTIVE views= 8 weight= 0.75 mean_abs_feat_delta= 0.26024\n"}
,{"stream_name":"stdout","time":885.726387787,"data":"SECONDARY_EDGE_TTA_ACTIVE views= 8 weight= 0.75 mean_abs_feat_delta= 0.303905\n"}
,{"stream_name":"stdout","time":885.726424186,"data":"SECONDARY_EDGE_TTA_ACTIVE views= 8 weight= 0.75 mean_abs_feat_delta= 0.26024\n"}
,{"stream_name":"stdout","time":886.645600064,"data":"EDGE_TTA_ACTIVE views= 8 mean_abs_feat_delta= 0.368756\n"}
,{"stream_name":"stdout","time":886.759619223,"data":"EDGE_TTA_ACTIVE views= 8 mean_abs_feat_delta= 0.347265\n"}
,{"stream_name":"stdout","time":886.848208813,"data":"EDGE_TTA_ACTIVE views= 8 mean_abs_feat_delta= 0.368756\n"}
,{"stream_name":"stdout","time":886.848238603,"data":"EDGE_TTA_ACTIVE views= 8 mean_abs_feat_delta= 0.347265\n"}
,{"stream_name":"stdout","time":887.660298961,"data":"SECONDARY_EDGE_TTA_ACTIVE views= 8 weight= 0.75 mean_abs_feat_delta= 0.306369\n"}
,{"stream_name":"stdout","time":887.686129583,"data":"SECONDARY_EDGE_TTA_ACTIVE views= 8 weight= 0.75 mean_abs_feat_delta= 0.260445\n"}
,{"stream_name":"stdout","time":887.690317499,"data":"BIOHUB_RETENTION_GUARD {\"blended_candidates\": 491, \"dataset\": \"44b6_12dfb391\", \"frame\": 63, \"minimum_retention\": 0.9, \"primary_candidates\": 548, \"retention\": 0.8959854014598541, \"use_primary\": true}\n"}
,{"stream_name":"stdout","time":887.862598335,"data":"SECONDARY_EDGE_TTA_ACTIVE views= 8 weight= 0.75 mean_abs_feat_delta= 0.306369\n"}
,{"stream_name":"stdout","time":887.862631394,"data":"SECONDARY_EDGE_TTA_ACTIVE views= 8 weight= 0.75 mean_abs_feat_delta= 0.260445\n"}
,{"stream_name":"stdout","time":887.862635594,"data":"BIOHUB_RETENTION_GUARD {\"blended_candidates\": 491, \"dataset\": \"44b6_12dfb391\", \"frame\": 63, \"minimum_retention\": 0.9, \"primary_candidates\": 548, \"retention\": 0.8959854014598541, \"use_primary\": true}\n"}
,{"stream_name":"stdout","time":888.78544923,"data":"EDGE_TTA_ACTIVE views= 8 mean_abs_feat_delta= 0.352766\n"}
,{"stream_name":"stdout","time":888.848003793,"data":"EDGE_TTA_ACTIVE views= 8 mean_abs_feat_delta= 0.354895\n"}
,{"stream_name":"stdout","time":888.987976875,"data":"EDGE_TTA_ACTIVE views= 8 mean_abs_feat_delta= 0.352766\n"}
,{"stream_name":"stdout","time":888.988004841,"data":"EDGE_TTA_ACTIVE views= 8 mean_abs_feat_delta= 0.354895\n"}
,{"stream_name":"stdout","time":889.7780664,"data":"SECONDARY_EDGE_TTA_ACTIVE views= 8 weight= 0.75 mean_abs_feat_delta= 0.262205\n"}
,{"stream_name":"stdout","time":889.790521608,"data":"SECONDARY_EDGE_TTA_ACTIVE views= 8 weight= 0.75 mean_abs_feat_delta= 0.308458\n"}
,{"stream_name":"stdout","time":889.98031109,"data":"SECONDARY_EDGE_TTA_ACTIVE views= 8 weight= 0.75 mean_abs_feat_delta= 0.262205\n"}
,{"stream_name":"stdout","time":889.980345047,"data":"SECONDARY_EDGE_TTA_ACTIVE views= 8 weight= 0.75 mean_abs_feat_delta= 0.308458\n"}
,{"stream_name":"stdout","time":890.903153452,"data":"EDGE_TTA_ACTIVE views= 8 mean_abs_feat_delta= 0.366005\n"}
,{"stream_name":"stdout","time":891.007405531,"data":"EDGE_TTA_ACTIVE views= 8 mean_abs_feat_delta= 0.354989\n"}
,{"stream_name":"stdout","time":891.105458321,"data":"EDGE_TTA_ACTIVE views= 8 mean_abs_feat_delta= 0.366005\n"}
,{"stream_name":"stdout","time":891.105491245,"data":"EDGE_TTA_ACTIVE views= 8 mean_abs_feat_delta= 0.354989\n"}
,{"stream_name":"stdout","time":891.904022491,"data":"SECONDARY_EDGE_TTA_ACTIVE views= 8 weight= 0.75 mean_abs_feat_delta= 0.30506\n"}
,{"stream_name":"stdout","time":891.93314354,"data":"SECONDARY_EDGE_TTA_ACTIVE views= 8 weight= 0.75 mean_abs_feat_delta= 0.266095\n"}
,{"stream_name":"stdout","time":892.10659472,"data":"SECONDARY_EDGE_TTA_ACTIVE views= 8 weight= 0.75 mean_abs_feat_delta= 0.30506\n"}
,{"stream_name":"stdout","time":892.106629313,"data":"SECONDARY_EDGE_TTA_ACTIVE views= 8 weight= 0.75 mean_abs_feat_delta= 0.266095\n"}
,{"stream_name":"stdout","time":892.99878887,"data":"EDGE_TTA_ACTIVE views= 8 mean_abs_feat_delta= 0.365954\n"}
,{"stream_name":"stdout","time":893.034019621,"data":"EDGE_TTA_ACTIVE views= 8 mean_abs_feat_delta= 0.351351\n"}
,{"stream_name":"stdout","time":893.200938993,"data":"EDGE_TTA_ACTIVE views= 8 mean_abs_feat_delta= 0.365954\n"}
,{"stream_name":"stdout","time":893.20096748,"data":"EDGE_TTA_ACTIVE views= 8 mean_abs_feat_delta= 0.351351\n"}
,{"stream_name":"stdout","time":893.961170599,"data":"SECONDARY_EDGE_TTA_ACTIVE views= 8 weight= 0.75 mean_abs_feat_delta= 0.263703\n"}
,{"stream_name":"stdout","time":893.998680972,"data":"SECONDARY_EDGE_TTA_ACTIVE views= 8 weight= 0.75 mean_abs_feat_delta= 0.301287\n"}
,{"stream_name":"stdout","time":894.164129673,"data":"SECONDARY_EDGE_TTA_ACTIVE views= 8 weight= 0.75 mean_abs_feat_delta= 0.263703\n"}
,{"stream_name":"stdout","time":894.164214915,"data":"SECONDARY_EDGE_TTA_ACTIVE views= 8 weight= 0.75 mean_abs_feat_delta= 0.301287\n"}
,{"stream_name":"stdout","time":895.070420852,"data":"EDGE_TTA_ACTIVE views= 8 mean_abs_feat_delta= 0.35502\n"}
,{"stream_name":"stdout","time":895.132128221,"data":"EDGE_TTA_ACTIVE views= 8 mean_abs_feat_delta= 0.362198\n"}
,{"stream_name":"stdout","time":895.272852751,"data":"EDGE_TTA_ACTIVE views= 8 mean_abs_feat_delta= 0.35502\n"}
,{"stream_name":"stdout","time":895.27292221,"data":"EDGE_TTA_ACTIVE views= 8 mean_abs_feat_delta= 0.362198\n"}
,{"stream_name":"stdout","time":896.001519408,"data":"SECONDARY_EDGE_TTA_ACTIVE views= 8 weight= 0.75 mean_abs_feat_delta= 0.26367\n"}
,{"stream_name":"stdout","time":896.124534348,"data":"SECONDARY_EDGE_TTA_ACTIVE views= 8 weight= 0.75 mean_abs_feat_delta= 0.294341\n"}
,{"stream_name":"stdout","time":896.204290472,"data":"SECONDARY_EDGE_TTA_ACTIVE views= 8 weight= 0.75 mean_abs_feat_delta= 0.26367\n"}
,{"stream_name":"stdout","time":896.204325283,"data":"SECONDARY_EDGE_TTA_ACTIVE views= 8 weight= 0.75 mean_abs_feat_delta= 0.294341\n"}
,{"stream_name":"stdout","time":897.111419967,"data":"EDGE_TTA_ACTIVE views= 8 mean_abs_feat_delta= 0.359205\n"}
,{"stream_name":"stdout","time":897.218085465,"data":"EDGE_TTA_ACTIVE views= 8 mean_abs_feat_delta= 0.35614\n"}
,{"stream_name":"stdout","time":897.313939841,"data":"EDGE_TTA_ACTIVE views= 8 mean_abs_feat_delta= 0.359205\n"}
,{"stream_name":"stdout","time":897.314101831,"data":"EDGE_TTA_ACTIVE views= 8 mean_abs_feat_delta= 0.35614\n"}
,{"stream_name":"stdout","time":898.041054463,"data":"SECONDARY_EDGE_TTA_ACTIVE views= 8 weight= 0.75 mean_abs_feat_delta= 0.258506\n"}
,{"stream_name":"stdout","time":898.045318219,"data":"BIOHUB_RETENTION_GUARD {\"blended_candidates\": 500, \"dataset\": \"44b6_12dfb391\", \"frame\": 68, \"minimum_retention\": 0.9, \"primary_candidates\": 560, \"retention\": 0.8928571428571429, \"use_primary\": true}\n"}
,{"stream_name":"stdout","time":898.207224548,"data":"SECONDARY_EDGE_TTA_ACTIVE views= 8 weight= 0.75 mean_abs_feat_delta= 0.294633\n"}
,{"stream_name":"stdout","time":898.24399442,"data":"SECONDARY_EDGE_TTA_ACTIVE views= 8 weight= 0.75 mean_abs_feat_delta= 0.258506\n"}
,{"stream_name":"stdout","time":898.244028729,"data":"BIOHUB_RETENTION_GUARD {\"blended_candidates\": 500, \"dataset\": \"44b6_12dfb391\", \"frame\": 68, \"minimum_retention\": 0.9, \"primary_candidates\": 560, \"retention\": 0.8928571428571429, \"use_primary\": true}\n"}
,{"stream_name":"stdout","time":898.244036038,"data":"SECONDARY_EDGE_TTA_ACTIVE views= 8 weight= 0.75 mean_abs_feat_delta= 0.294633\n"}
,{"stream_name":"stdout","time":899.156087332,"data":"EDGE_TTA_ACTIVE views= 8 mean_abs_feat_delta= 0.360613\n"}
,{"stream_name":"stdout","time":899.292917285,"data":"EDGE_TTA_ACTIVE views= 8 mean_abs_feat_delta= 0.360441\n"}
,{"stream_name":"stdout","time":899.358635863,"data":"EDGE_TTA_ACTIVE views= 8 mean_abs_feat_delta= 0.360613\n"}
,{"stream_name":"stdout","time":899.358669109,"data":"EDGE_TTA_ACTIVE views= 8 mean_abs_feat_delta= 0.360441\n"}
,{"stream_name":"stdout","time":900.08910106,"data":"SECONDARY_EDGE_TTA_ACTIVE views= 8 weight= 0.75 mean_abs_feat_delta= 0.259032\n"}
,{"stream_name":"stdout","time":900.093148685,"data":"BIOHUB_RETENTION_GUARD {\"blended_candidates\": 482, \"dataset\": \"44b6_12dfb391\", \"frame\": 69, \"minimum_retention\": 0.9, \"primary_candidates\": 570, \"retention\": 0.8456140350877193, \"use_primary\": true}\n"}
,{"stream_name":"stdout","time":900.27508405,"data":"SECONDARY_EDGE_TTA_ACTIVE views= 8 weight= 0.75 mean_abs_feat_delta= 0.298228\n"}
,{"stream_name":"stdout","time":900.292121463,"data":"SECONDARY_EDGE_TTA_ACTIVE views= 8 weight= 0.75 mean_abs_feat_delta= 0.259032\n"}
,{"stream_name":"stdout","time":900.292149387,"data":"BIOHUB_RETENTION_GUARD {\"blended_candidates\": 482, \"dataset\": \"44b6_12dfb391\", \"frame\": 69, \"minimum_retention\": 0.9, \"primary_candidates\": 570, \"retention\": 0.8456140350877193, \"use_primary\": true}\n"}
,{"stream_name":"stdout","time":900.292157128,"data":"SECONDARY_EDGE_TTA_ACTIVE views= 8 weight= 0.75 mean_abs_feat_delta= 0.298228\n"}
,{"stream_name":"stdout","time":901.231979834,"data":"EDGE_TTA_ACTIVE views= 8 mean_abs_feat_delta= 0.361421\n"}
,{"stream_name":"stdout","time":901.367908316,"data":"EDGE_TTA_ACTIVE views= 8 mean_abs_feat_delta= 0.346937\n"}
,{"stream_name":"stdout","time":901.434533744,"data":"EDGE_TTA_ACTIVE views= 8 mean_abs_feat_delta= 0.361421\n"}
,{"stream_name":"stdout","time":901.434563229,"data":"EDGE_TTA_ACTIVE views= 8 mean_abs_feat_delta= 0.346937\n"}
,{"stream_name":"stdout","time":902.162311686,"data":"SECONDARY_EDGE_TTA_ACTIVE views= 8 weight= 0.75 mean_abs_feat_delta= 0.262899\n"}
,{"stream_name":"stdout","time":902.166494421,"data":"BIOHUB_RETENTION_GUARD {\"blended_candidates\": 471, \"dataset\": \"44b6_12dfb391\", \"frame\": 70, \"minimum_retention\": 0.9, \"primary_candidates\": 545, \"retention\": 0.8642201834862385, \"use_primary\": true}\n"}
,{"stream_name":"stdout","time":902.357033837,"data":"SECONDARY_EDGE_TTA_ACTIVE views= 8 weight= 0.75 mean_abs_feat_delta= 0.293231\n"}
,{"stream_name":"stdout","time":902.364562066,"data":"SECONDARY_EDGE_TTA_ACTIVE views= 8 weight= 0.75 mean_abs_feat_delta= 0.262899\n"}
,{"stream_name":"stdout","time":902.364590519,"data":"BIOHUB_RETENTION_GUARD {\"blended_candidates\": 471, \"dataset\": \"44b6_12dfb391\", \"frame\": 70, \"minimum_retention\": 0.9, \"primary_candidates\": 545, \"retention\": 0.8642201834862385, \"use_primary\": true}\n"}
,{"stream_name":"stdout","time":902.364597439,"data":"SECONDARY_EDGE_TTA_ACTIVE views= 8 weight= 0.75 mean_abs_feat_delta= 0.293231\n"}
,{"stream_name":"stdout","time":903.293026331,"data":"EDGE_TTA_ACTIVE views= 8 mean_abs_feat_delta= 0.357184\n"}
,{"stream_name":"stdout","time":903.452656632,"data":"EDGE_TTA_ACTIVE views= 8 mean_abs_feat_delta= 0.351835\n"}
,{"stream_name":"stdout","time":903.494988685,"data":"EDGE_TTA_ACTIVE views= 8 mean_abs_feat_delta= 0.357184\n"}
,{"stream_name":"stdout","time":903.495018181,"data":"EDGE_TTA_ACTIVE views= 8 mean_abs_feat_delta= 0.351835\n"}
,{"stream_name":"stdout","time":904.225752254,"data":"SECONDARY_EDGE_TTA_ACTIVE views= 8 weight= 0.75 mean_abs_feat_delta= 0.262505\n"}
,{"stream_name":"stdout","time":904.229506942,"data":"BIOHUB_RETENTION_GUARD {\"blended_candidates\": 488, \"dataset\": \"44b6_12dfb391\", \"frame\": 71, \"minimum_retention\": 0.9, \"primary_candidates\": 555, \"retention\": 0.8792792792792793, \"use_primary\": true}\n"}
,{"stream_name":"stdout","time":904.427958812,"data":"SECONDARY_EDGE_TTA_ACTIVE views= 8 weight= 0.75 mean_abs_feat_delta= 0.292217\n"}
,{"stream_name":"stdout","time":904.428089985,"data":"SECONDARY_EDGE_TTA_ACTIVE views= 8 weight= 0.75 mean_abs_feat_delta= 0.262505\n"}
,{"stream_name":"stdout","time":904.428107887,"data":"BIOHUB_RETENTION_GUARD {\"blended_candidates\": 488, \"dataset\": \"44b6_12dfb391\", \"frame\": 71, \"minimum_retention\": 0.9, \"primary_candidates\": 555, \"retention\": 0.8792792792792793, \"use_primary\": true}\n"}
,{"stream_name":"stdout","time":904.630123026,"data":"SECONDARY_EDGE_TTA_ACTIVE views= 8 weight= 0.75 mean_abs_feat_delta= 0.292217\n"}
,{"stream_name":"stdout","time":905.354658657,"data":"EDGE_TTA_ACTIVE views= 8 mean_abs_feat_delta= 0.360613\n"}
,{"stream_name":"stdout","time":905.500303475,"data":"EDGE_TTA_ACTIVE views= 8 mean_abs_feat_delta= 0.354093\n"}
,{"stream_name":"stdout","time":905.557117117,"data":"EDGE_TTA_ACTIVE views= 8 mean_abs_feat_delta= 0.360613\n"}
,{"stream_name":"stdout","time":905.557149589,"data":"EDGE_TTA_ACTIVE views= 8 mean_abs_feat_delta= 0.354093\n"}
,{"stream_name":"stdout","time":906.288706815,"data":"SECONDARY_EDGE_TTA_ACTIVE views= 8 weight= 0.75 mean_abs_feat_delta= 0.260539\n"}
,{"stream_name":"stdout","time":906.292669697,"data":"BIOHUB_RETENTION_GUARD {\"blended_candidates\": 487, \"dataset\": \"44b6_12dfb391\", \"frame\": 72, \"minimum_retention\": 0.9, \"primary_candidates\": 555, \"retention\": 0.8774774774774775, \"use_primary\": true}\n"}
,{"stream_name":"stdout","time":906.474479855,"data":"SECONDARY_EDGE_TTA_ACTIVE views= 8 weight= 0.75 mean_abs_feat_delta= 0.278595\n"}
,{"stream_name":"stdout","time":906.509680161,"data":"SECONDARY_EDGE_TTA_ACTIVE views= 8 weight= 0.75 mean_abs_feat_delta= 0.260539\n"}
,{"stream_name":"stdout","time":906.509702951,"data":"BIOHUB_RETENTION_GUARD {\"blended_candidates\": 487, \"dataset\": \"44b6_12dfb391\", \"frame\": 72, \"minimum_retention\": 0.9, \"primary_candidates\": 555, \"retention\": 0.8774774774774775, \"use_primary\": true}\n"}
,{"stream_name":"stdout","time":906.509709193,"data":"SECONDARY_EDGE_TTA_ACTIVE views= 8 weight= 0.75 mean_abs_feat_delta= 0.278595\n"}
,{"stream_name":"stdout","time":907.45098618,"data":"EDGE_TTA_ACTIVE views= 8 mean_abs_feat_delta= 0.361988\n"}
,{"stream_name":"stdout","time":907.548594924,"data":"EDGE_TTA_ACTIVE views= 8 mean_abs_feat_delta= 0.359817\n"}
,{"stream_name":"stdout","time":907.652556016,"data":"EDGE_TTA_ACTIVE views= 8 mean_abs_feat_delta= 0.361988\n"}
,{"stream_name":"stdout","time":907.652585996,"data":"EDGE_TTA_ACTIVE views= 8 mean_abs_feat_delta= 0.359817\n"}
,{"stream_name":"stdout","time":908.384488326,"data":"SECONDARY_EDGE_TTA_ACTIVE views= 8 weight= 0.75 mean_abs_feat_delta= 0.259945\n"}
,{"stream_name":"stdout","time":908.518987778,"data":"SECONDARY_EDGE_TTA_ACTIVE views= 8 weight= 0.75 mean_abs_feat_delta= 0.264409\n"}
,{"stream_name":"stdout","time":908.587026863,"data":"SECONDARY_EDGE_TTA_ACTIVE views= 8 weight= 0.75 mean_abs_feat_delta= 0.259945\n"}
,{"stream_name":"stdout","time":908.587057868,"data":"SECONDARY_EDGE_TTA_ACTIVE views= 8 weight= 0.75 mean_abs_feat_delta= 0.264409\n"}
,{"stream_name":"stdout","time":909.509031839,"data":"EDGE_TTA_ACTIVE views= 8 mean_abs_feat_delta= 0.361343\n"}
,{"stream_name":"stdout","time":909.591169575,"data":"EDGE_TTA_ACTIVE views= 8 mean_abs_feat_delta= 0.357588\n"}
,{"stream_name":"stdout","time":909.711604683,"data":"EDGE_TTA_ACTIVE views= 8 mean_abs_feat_delta= 0.361343\n"}
,{"stream_name":"stdout","time":909.711636871,"data":"EDGE_TTA_ACTIVE views= 8 mean_abs_feat_delta= 0.357588\n"}
,{"stream_name":"stdout","time":910.460691471,"data":"SECONDARY_EDGE_TTA_ACTIVE views= 8 weight= 0.75 mean_abs_feat_delta= 0.259606\n"}
,{"stream_name":"stdout","time":910.464717822,"data":"BIOHUB_RETENTION_GUARD {\"blended_candidates\": 504, \"dataset\": \"44b6_12dfb391\", \"frame\": 74, \"minimum_retention\": 0.9, \"primary_candidates\": 564, \"retention\": 0.8936170212765957, \"use_primary\": true}\n"}
,{"stream_name":"stdout","time":910.565193869,"data":"SECONDARY_EDGE_TTA_ACTIVE views= 8 weight= 0.75 mean_abs_feat_delta= 0.267459\n"}
,{"stream_name":"stdout","time":910.663130997,"data":"SECONDARY_EDGE_TTA_ACTIVE views= 8 weight= 0.75 mean_abs_feat_delta= 0.259606\n"}
,{"stream_name":"stdout","time":910.663162193,"data":"BIOHUB_RETENTION_GUARD {\"blended_candidates\": 504, \"dataset\": \"44b6_12dfb391\", \"frame\": 74, \"minimum_retention\": 0.9, \"primary_candidates\": 564, \"retention\": 0.8936170212765957, \"use_primary\": true}\n"}
,{"stream_name":"stdout","time":910.663168702,"data":"SECONDARY_EDGE_TTA_ACTIVE views= 8 weight= 0.75 mean_abs_feat_delta= 0.267459\n"}
,{"stream_name":"stdout","time":911.609594895,"data":"EDGE_TTA_ACTIVE views= 8 mean_abs_feat_delta= 0.364735\n"}
,{"stream_name":"stdout","time":911.654989266,"data":"EDGE_TTA_ACTIVE views= 8 mean_abs_feat_delta= 0.349183\n"}
,{"stream_name":"stdout","time":911.812248924,"data":"EDGE_TTA_ACTIVE views= 8 mean_abs_feat_delta= 0.364735\n"}
,{"stream_name":"stdout","time":911.812282496,"data":"EDGE_TTA_ACTIVE views= 8 mean_abs_feat_delta= 0.349183\n"}
,{"stream_name":"stdout","time":912.545301789,"data":"SECONDARY_EDGE_TTA_ACTIVE views= 8 weight= 0.75 mean_abs_feat_delta= 0.262319\n"}
,{"stream_name":"stdout","time":912.54943502,"data":"BIOHUB_RETENTION_GUARD {\"blended_candidates\": 468, \"dataset\": \"44b6_12dfb391\", \"frame\": 75, \"minimum_retention\": 0.9, \"primary_candidates\": 565, \"retention\": 0.8283185840707965, \"use_primary\": true}\n"}
,{"stream_name":"stdout","time":912.613548988,"data":"SECONDARY_EDGE_TTA_ACTIVE views= 8 weight= 0.75 mean_abs_feat_delta= 0.266307\n"}
,{"stream_name":"stdout","time":912.747863247,"data":"SECONDARY_EDGE_TTA_ACTIVE views= 8 weight= 0.75 mean_abs_feat_delta= 0.262319\n"}
,{"stream_name":"stdout","time":912.747906356,"data":"BIOHUB_RETENTION_GUARD {\"blended_candidates\": 468, \"dataset\": \"44b6_12dfb391\", \"frame\": 75, \"minimum_retention\": 0.9, \"primary_candidates\": 565, \"retention\": 0.8283185840707965, \"use_primary\": true}\n"}
,{"stream_name":"stdout","time":912.747913545,"data":"SECONDARY_EDGE_TTA_ACTIVE views= 8 weight= 0.75 mean_abs_feat_delta= 0.266307\n"}
,{"stream_name":"stdout","time":913.684041519,"data":"EDGE_TTA_ACTIVE views= 8 mean_abs_feat_delta= 0.36472\n"}
,{"stream_name":"stdout","time":913.691366868,"data":"EDGE_TTA_ACTIVE views= 8 mean_abs_feat_delta= 0.359082\n"}
,{"stream_name":"stdout","time":913.886357475,"data":"EDGE_TTA_ACTIVE views= 8 mean_abs_feat_delta= 0.36472\n"}
,{"stream_name":"stdout","time":913.886386403,"data":"EDGE_TTA_ACTIVE views= 8 mean_abs_feat_delta= 0.359082\n"}
,{"stream_name":"stdout","time":914.628133829,"data":"SECONDARY_EDGE_TTA_ACTIVE views= 8 weight= 0.75 mean_abs_feat_delta= 0.263571\n"}
,{"stream_name":"stdout","time":914.632223692,"data":"BIOHUB_RETENTION_GUARD {\"blended_candidates\": 507, \"dataset\": \"44b6_12dfb391\", \"frame\": 76, \"minimum_retention\": 0.9, \"primary_candidates\": 579, \"retention\": 0.8756476683937824, \"use_primary\": true}\n"}
,{"stream_name":"stdout","time":914.656976092,"data":"SECONDARY_EDGE_TTA_ACTIVE views= 8 weight= 0.75 mean_abs_feat_delta= 0.277175\n"}
,{"stream_name":"stdout","time":914.83086512,"data":"SECONDARY_EDGE_TTA_ACTIVE views= 8 weight= 0.75 mean_abs_feat_delta= 0.263571\n"}
,{"stream_name":"stdout","time":914.830907316,"data":"BIOHUB_RETENTION_GUARD {\"blended_candidates\": 507, \"dataset\": \"44b6_12dfb391\", \"frame\": 76, \"minimum_retention\": 0.9, \"primary_candidates\": 579, \"retention\": 0.8756476683937824, \"use_primary\": true}\n"}
,{"stream_name":"stdout","time":914.830914515,"data":"SECONDARY_EDGE_TTA_ACTIVE views= 8 weight= 0.75 mean_abs_feat_delta= 0.277175\n"}
,{"stream_name":"stdout","time":915.709637946,"data":"EDGE_TTA_ACTIVE views= 8 mean_abs_feat_delta= 0.367291\n"}
,{"stream_name":"stdout","time":915.770878878,"data":"EDGE_TTA_ACTIVE views= 8 mean_abs_feat_delta= 0.356314\n"}
,{"stream_name":"stdout","time":915.91233736,"data":"EDGE_TTA_ACTIVE views= 8 mean_abs_feat_delta= 0.367291\n"}
,{"stream_name":"stdout","time":915.912397323,"data":"EDGE_TTA_ACTIVE views= 8 mean_abs_feat_delta= 0.356314\n"}
,{"stream_name":"stdout","time":916.68240243,"data":"SECONDARY_EDGE_TTA_ACTIVE views= 8 weight= 0.75 mean_abs_feat_delta= 0.279843\n"}
,{"stream_name":"stdout","time":916.709452004,"data":"SECONDARY_EDGE_TTA_ACTIVE views= 8 weight= 0.75 mean_abs_feat_delta= 0.264168\n"}
,{"stream_name":"stdout","time":916.713686267,"data":"BIOHUB_RETENTION_GUARD {\"blended_candidates\": 503, \"dataset\": \"44b6_12dfb391\", \"frame\": 77, \"minimum_retention\": 0.9, \"primary_candidates\": 582, \"retention\": 0.8642611683848798, \"use_primary\": true}\n"}
,{"stream_name":"stdout","time":916.884658698,"data":"SECONDARY_EDGE_TTA_ACTIVE views= 8 weight= 0.75 mean_abs_feat_delta= 0.279843\n"}
,{"stream_name":"stdout","time":916.884693058,"data":"SECONDARY_EDGE_TTA_ACTIVE views= 8 weight= 0.75 mean_abs_feat_delta= 0.264168\n"}
,{"stream_name":"stdout","time":916.884697241,"data":"BIOHUB_RETENTION_GUARD {\"blended_candidates\": 503, \"dataset\": \"44b6_12dfb391\", \"frame\": 77, \"minimum_retention\": 0.9, \"primary_candidates\": 582, \"retention\": 0.8642611683848798, \"use_primary\": true}\n"}
,{"stream_name":"stdout","time":917.754510376,"data":"EDGE_TTA_ACTIVE views= 8 mean_abs_feat_delta= 0.353095\n"}
,{"stream_name":"stdout","time":917.856571741,"data":"EDGE_TTA_ACTIVE views= 8 mean_abs_feat_delta= 0.35617\n"}
,{"stream_name":"stdout","time":917.957197418,"data":"EDGE_TTA_ACTIVE views= 8 mean_abs_feat_delta= 0.353095\n"}
,{"stream_name":"stdout","time":917.957227035,"data":"EDGE_TTA_ACTIVE views= 8 mean_abs_feat_delta= 0.35617\n"}
,{"stream_name":"stdout","time":918.732989454,"data":"SECONDARY_EDGE_TTA_ACTIVE views= 8 weight= 0.75 mean_abs_feat_delta= 0.274385\n"}
,{"stream_name":"stdout","time":918.796587812,"data":"SECONDARY_EDGE_TTA_ACTIVE views= 8 weight= 0.75 mean_abs_feat_delta= 0.26695\n"}
,{"stream_name":"stdout","time":918.800570065,"data":"BIOHUB_RETENTION_GUARD {\"blended_candidates\": 519, \"dataset\": \"44b6_12dfb391\", \"frame\": 78, \"minimum_retention\": 0.9, \"primary_candidates\": 585, \"retention\": 0.8871794871794871, \"use_primary\": true}\n"}
,{"stream_name":"stdout","time":918.935447061,"data":"SECONDARY_EDGE_TTA_ACTIVE views= 8 weight= 0.75 mean_abs_feat_delta= 0.274385\n"}
,{"stream_name":"stdout","time":918.935480927,"data":"SECONDARY_EDGE_TTA_ACTIVE views= 8 weight= 0.75 mean_abs_feat_delta= 0.26695\n"}
,{"stream_name":"stdout","time":918.935485384,"data":"BIOHUB_RETENTION_GUARD {\"blended_candidates\": 519, \"dataset\": \"44b6_12dfb391\", \"frame\": 78, \"minimum_retention\": 0.9, \"primary_candidates\": 585, \"retention\": 0.8871794871794871, \"use_primary\": true}\n"}
,{"stream_name":"stdout","time":919.806899224,"data":"EDGE_TTA_ACTIVE views= 8 mean_abs_feat_delta= 0.338254\n"}
,{"stream_name":"stdout","time":919.945413672,"data":"EDGE_TTA_ACTIVE views= 8 mean_abs_feat_delta= 0.351982\n"}
,{"stream_name":"stdout","time":920.009282525,"data":"EDGE_TTA_ACTIVE views= 8 mean_abs_feat_delta= 0.338254\n"}
,{"stream_name":"stdout","time":920.009310477,"data":"EDGE_TTA_ACTIVE views= 8 mean_abs_feat_delta= 0.351982\n"}
,{"stream_name":"stdout","time":920.780318298,"data":"SECONDARY_EDGE_TTA_ACTIVE views= 8 weight= 0.75 mean_abs_feat_delta= 0.269188\n"}
,{"stream_name":"stdout","time":920.884909334,"data":"SECONDARY_EDGE_TTA_ACTIVE views= 8 weight= 0.75 mean_abs_feat_delta= 0.263744\n"}
,{"stream_name":"stdout","time":920.982733079,"data":"SECONDARY_EDGE_TTA_ACTIVE views= 8 weight= 0.75 mean_abs_feat_delta= 0.269188\n"}
,{"stream_name":"stdout","time":920.982766189,"data":"SECONDARY_EDGE_TTA_ACTIVE views= 8 weight= 0.75 mean_abs_feat_delta= 0.263744\n"}
,{"stream_name":"stdout","time":921.85230743,"data":"EDGE_TTA_ACTIVE views= 8 mean_abs_feat_delta= 0.335377\n"}
,{"stream_name":"stdout","time":922.038389882,"data":"EDGE_TTA_ACTIVE views= 8 mean_abs_feat_delta= 0.35395\n"}
,{"stream_name":"stdout","time":922.055215979,"data":"EDGE_TTA_ACTIVE views= 8 mean_abs_feat_delta= 0.335377\n"}
,{"stream_name":"stdout","time":922.055244213,"data":"EDGE_TTA_ACTIVE views= 8 mean_abs_feat_delta= 0.35395\n"}
,{"stream_name":"stdout","time":922.824997374,"data":"SECONDARY_EDGE_TTA_ACTIVE views= 8 weight= 0.75 mean_abs_feat_delta= 0.281449\n"}
,{"stream_name":"stdout","time":922.97240063,"data":"SECONDARY_EDGE_TTA_ACTIVE views= 8 weight= 0.75 mean_abs_feat_delta= 0.262774\n"}
,{"stream_name":"stdout","time":923.027742605,"data":"SECONDARY_EDGE_TTA_ACTIVE views= 8 weight= 0.75 mean_abs_feat_delta= 0.281449\n"}
,{"stream_name":"stdout","time":923.027809167,"data":"SECONDARY_EDGE_TTA_ACTIVE views= 8 weight= 0.75 mean_abs_feat_delta= 0.262774\n"}
,{"stream_name":"stdout","time":923.897312621,"data":"EDGE_TTA_ACTIVE views= 8 mean_abs_feat_delta= 0.332103\n"}
,{"stream_name":"stdout","time":924.099891967,"data":"EDGE_TTA_ACTIVE views= 8 mean_abs_feat_delta= 0.332103\n"}
,{"stream_name":"stdout","time":924.112584649,"data":"EDGE_TTA_ACTIVE views= 8 mean_abs_feat_delta= 0.35797\n"}
,{"stream_name":"stdout","time":924.314993448,"data":"EDGE_TTA_ACTIVE views= 8 mean_abs_feat_delta= 0.35797\n"}
,{"stream_name":"stdout","time":924.869440466,"data":"SECONDARY_EDGE_TTA_ACTIVE views= 8 weight= 0.75 mean_abs_feat_delta= 0.283078\n"}
,{"stream_name":"stdout","time":925.047391748,"data":"SECONDARY_EDGE_TTA_ACTIVE views= 8 weight= 0.75 mean_abs_feat_delta= 0.263553\n"}
,{"stream_name":"stdout","time":925.07209744,"data":"SECONDARY_EDGE_TTA_ACTIVE views= 8 weight= 0.75 mean_abs_feat_delta= 0.283078\n"}
,{"stream_name":"stdout","time":925.072124748,"data":"SECONDARY_EDGE_TTA_ACTIVE views= 8 weight= 0.75 mean_abs_feat_delta= 0.263553\n"}
,{"stream_name":"stdout","time":925.931512152,"data":"EDGE_TTA_ACTIVE views= 8 mean_abs_feat_delta= 0.336056\n"}
,{"stream_name":"stdout","time":926.134124964,"data":"EDGE_TTA_ACTIVE views= 8 mean_abs_feat_delta= 0.336056\n"}
,{"stream_name":"stdout","time":926.172403431,"data":"EDGE_TTA_ACTIVE views= 8 mean_abs_feat_delta= 0.358939\n"}
,{"stream_name":"stdout","time":926.374791422,"data":"EDGE_TTA_ACTIVE views= 8 mean_abs_feat_delta= 0.358939\n"}
,{"stream_name":"stdout","time":926.899285322,"data":"SECONDARY_EDGE_TTA_ACTIVE views= 8 weight= 0.75 mean_abs_feat_delta= 0.269824\n"}
,{"stream_name":"stdout","time":927.101907409,"data":"SECONDARY_EDGE_TTA_ACTIVE views= 8 weight= 0.75 mean_abs_feat_delta= 0.269824\n"}
,{"stream_name":"stdout","time":927.111261757,"data":"SECONDARY_EDGE_TTA_ACTIVE views= 8 weight= 0.75 mean_abs_feat_delta= 0.264177\n"}
,{"stream_name":"stdout","time":927.31365374,"data":"SECONDARY_EDGE_TTA_ACTIVE views= 8 weight= 0.75 mean_abs_feat_delta= 0.264177\n"}
,{"stream_name":"stdout","time":927.971414969,"data":"EDGE_TTA_ACTIVE views= 8 mean_abs_feat_delta= 0.338817\n"}
,{"stream_name":"stdout","time":928.174112068,"data":"EDGE_TTA_ACTIVE views= 8 mean_abs_feat_delta= 0.338817\n"}
,{"stream_name":"stdout","time":928.231996421,"data":"EDGE_TTA_ACTIVE views= 8 mean_abs_feat_delta= 0.362662\n"}
,{"stream_name":"stdout","time":928.434590285,"data":"EDGE_TTA_ACTIVE views= 8 mean_abs_feat_delta= 0.362662\n"}
,{"stream_name":"stdout","time":928.945232794,"data":"SECONDARY_EDGE_TTA_ACTIVE views= 8 weight= 0.75 mean_abs_feat_delta= 0.276964\n"}
,{"stream_name":"stdout","time":929.147827211,"data":"SECONDARY_EDGE_TTA_ACTIVE views= 8 weight= 0.75 mean_abs_feat_delta= 0.276964\n"}
,{"stream_name":"stdout","time":929.169181683,"data":"SECONDARY_EDGE_TTA_ACTIVE views= 8 weight= 0.75 mean_abs_feat_delta= 0.267502\n"}
,{"stream_name":"stdout","time":929.173252035,"data":"BIOHUB_RETENTION_GUARD {\"blended_candidates\": 478, \"dataset\": \"44b6_12dfb391\", \"frame\": 83, \"minimum_retention\": 0.9, \"primary_candidates\": 555, \"retention\": 0.8612612612612612, \"use_primary\": true}\n"}
,{"stream_name":"stdout","time":929.371622184,"data":"SECONDARY_EDGE_TTA_ACTIVE views= 8 weight= 0.75 mean_abs_feat_delta= 0.267502\n"}
,{"stream_name":"stdout","time":929.371660161,"data":"BIOHUB_RETENTION_GUARD {\"blended_candidates\": 478, \"dataset\": \"44b6_12dfb391\", \"frame\": 83, \"minimum_retention\": 0.9, \"primary_candidates\": 555, \"retention\": 0.8612612612612612, \"use_primary\": true}\n"}
,{"stream_name":"stdout","time":930.017400457,"data":"EDGE_TTA_ACTIVE views= 8 mean_abs_feat_delta= 0.334961\n"}
,{"stream_name":"stdout","time":930.219734163,"data":"EDGE_TTA_ACTIVE views= 8 mean_abs_feat_delta= 0.334961\n"}
,{"stream_name":"stdout","time":930.292472606,"data":"EDGE_TTA_ACTIVE views= 8 mean_abs_feat_delta= 0.363086\n"}
,{"stream_name":"stdout","time":930.494744609,"data":"EDGE_TTA_ACTIVE views= 8 mean_abs_feat_delta= 0.363086\n"}
,{"stream_name":"stdout","time":930.993511855,"data":"SECONDARY_EDGE_TTA_ACTIVE views= 8 weight= 0.75 mean_abs_feat_delta= 0.266526\n"}
,{"stream_name":"stdout","time":931.196153409,"data":"SECONDARY_EDGE_TTA_ACTIVE views= 8 weight= 0.75 mean_abs_feat_delta= 0.266526\n"}
,{"stream_name":"stdout","time":931.230741039,"data":"SECONDARY_EDGE_TTA_ACTIVE views= 8 weight= 0.75 mean_abs_feat_delta= 0.268865\n"}
,{"stream_name":"stdout","time":931.23462447,"data":"BIOHUB_RETENTION_GUARD {\"blended_candidates\": 501, \"dataset\": \"44b6_12dfb391\", \"frame\": 84, \"minimum_retention\": 0.9, \"primary_candidates\": 566, \"retention\": 0.8851590106007067, \"use_primary\": true}\n"}
,{"stream_name":"stdout","time":931.43254945,"data":"SECONDARY_EDGE_TTA_ACTIVE views= 8 weight= 0.75 mean_abs_feat_delta= 0.268865\n"}
,{"stream_name":"stdout","time":931.432622369,"data":"BIOHUB_RETENTION_GUARD {\"blended_candidates\": 501, \"dataset\": \"44b6_12dfb391\", \"frame\": 84, \"minimum_retention\": 0.9, \"primary_candidates\": 566, \"retention\": 0.8851590106007067, \"use_primary\": true}\n"}
,{"stream_name":"stdout","time":932.04675437,"data":"EDGE_TTA_ACTIVE views= 8 mean_abs_feat_delta= 0.344979\n"}
,{"stream_name":"stdout","time":932.249291506,"data":"EDGE_TTA_ACTIVE views= 8 mean_abs_feat_delta= 0.344979\n"}
,{"stream_name":"stdout","time":932.372695319,"data":"EDGE_TTA_ACTIVE views= 8 mean_abs_feat_delta= 0.364785\n"}
,{"stream_name":"stdout","time":932.575012558,"data":"EDGE_TTA_ACTIVE views= 8 mean_abs_feat_delta= 0.364785\n"}
,{"stream_name":"stdout","time":933.019225012,"data":"SECONDARY_EDGE_TTA_ACTIVE views= 8 weight= 0.75 mean_abs_feat_delta= 0.270012\n"}
,{"stream_name":"stdout","time":933.221637506,"data":"SECONDARY_EDGE_TTA_ACTIVE views= 8 weight= 0.75 mean_abs_feat_delta= 0.270012\n"}
,{"stream_name":"stdout","time":933.315988381,"data":"SECONDARY_EDGE_TTA_ACTIVE views= 8 weight= 0.75 mean_abs_feat_delta= 0.27301\n"}
,{"stream_name":"stdout","time":933.519130672,"data":"SECONDARY_EDGE_TTA_ACTIVE views= 8 weight= 0.75 mean_abs_feat_delta= 0.27301\n"}
,{"stream_name":"stdout","time":934.113341675,"data":"EDGE_TTA_ACTIVE views= 8 mean_abs_feat_delta= 0.347989\n"}
,{"stream_name":"stdout","time":934.315797616,"data":"EDGE_TTA_ACTIVE views= 8 mean_abs_feat_delta= 0.347989\n"}
,{"stream_name":"stdout","time":934.450592647,"data":"EDGE_TTA_ACTIVE views= 8 mean_abs_feat_delta= 0.363892\n"}
,{"stream_name":"stdout","time":934.652997478,"data":"EDGE_TTA_ACTIVE views= 8 mean_abs_feat_delta= 0.363892\n"}
,{"stream_name":"stdout","time":935.087911157,"data":"SECONDARY_EDGE_TTA_ACTIVE views= 8 weight= 0.75 mean_abs_feat_delta= 0.271069\n"}
,{"stream_name":"stdout","time":935.290352422,"data":"SECONDARY_EDGE_TTA_ACTIVE views= 8 weight= 0.75 mean_abs_feat_delta= 0.271069\n"}
,{"stream_name":"stdout","time":935.389460538,"data":"SECONDARY_EDGE_TTA_ACTIVE views= 8 weight= 0.75 mean_abs_feat_delta= 0.2723\n"}
,{"stream_name":"stdout","time":935.591825716,"data":"SECONDARY_EDGE_TTA_ACTIVE views= 8 weight= 0.75 mean_abs_feat_delta= 0.2723\n"}
,{"stream_name":"stdout","time":936.154495897,"data":"EDGE_TTA_ACTIVE views= 8 mean_abs_feat_delta= 0.350829\n"}
,{"stream_name":"stdout","time":936.357107817,"data":"EDGE_TTA_ACTIVE views= 8 mean_abs_feat_delta= 0.350829\n"}
,{"stream_name":"stdout","time":936.516584001,"data":"EDGE_TTA_ACTIVE views= 8 mean_abs_feat_delta= 0.362041\n"}
,{"stream_name":"stdout","time":936.747619915,"data":"EDGE_TTA_ACTIVE views= 8 mean_abs_feat_delta= 0.362041\n"}
,{"stream_name":"stdout","time":937.135764107,"data":"SECONDARY_EDGE_TTA_ACTIVE views= 8 weight= 0.75 mean_abs_feat_delta= 0.275012\n"}
,{"stream_name":"stdout","time":937.338289085,"data":"SECONDARY_EDGE_TTA_ACTIVE views= 8 weight= 0.75 mean_abs_feat_delta= 0.275012\n"}
,{"stream_name":"stdout","time":937.457013902,"data":"SECONDARY_EDGE_TTA_ACTIVE views= 8 weight= 0.75 mean_abs_feat_delta= 0.26849\n"}
,{"stream_name":"stdout","time":937.659560933,"data":"SECONDARY_EDGE_TTA_ACTIVE views= 8 weight= 0.75 mean_abs_feat_delta= 0.26849\n"}
,{"stream_name":"stdout","time":938.207481102,"data":"EDGE_TTA_ACTIVE views= 8 mean_abs_feat_delta= 0.344987\n"}
,{"stream_name":"stdout","time":938.410128207,"data":"EDGE_TTA_ACTIVE views= 8 mean_abs_feat_delta= 0.344987\n"}
,{"stream_name":"stdout","time":938.58288382,"data":"EDGE_TTA_ACTIVE views= 8 mean_abs_feat_delta= 0.364393\n"}
,{"stream_name":"stdout","time":938.785303648,"data":"EDGE_TTA_ACTIVE views= 8 mean_abs_feat_delta= 0.364393\n"}
,{"stream_name":"stdout","time":939.184286306,"data":"SECONDARY_EDGE_TTA_ACTIVE views= 8 weight= 0.75 mean_abs_feat_delta= 0.273804\n"}
,{"stream_name":"stdout","time":939.386758738,"data":"SECONDARY_EDGE_TTA_ACTIVE views= 8 weight= 0.75 mean_abs_feat_delta= 0.273804\n"}
,{"stream_name":"stdout","time":939.523828956,"data":"SECONDARY_EDGE_TTA_ACTIVE views= 8 weight= 0.75 mean_abs_feat_delta= 0.26742\n"}
,{"stream_name":"stdout","time":939.726327734,"data":"SECONDARY_EDGE_TTA_ACTIVE views= 8 weight= 0.75 mean_abs_feat_delta= 0.26742\n"}
,{"stream_name":"stdout","time":940.256668014,"data":"EDGE_TTA_ACTIVE views= 8 mean_abs_feat_delta= 0.329788\n"}
,{"stream_name":"stdout","time":940.459204454,"data":"EDGE_TTA_ACTIVE views= 8 mean_abs_feat_delta= 0.329788\n"}
,{"stream_name":"stdout","time":940.654427821,"data":"EDGE_TTA_ACTIVE views= 8 mean_abs_feat_delta= 0.36832\n"}
,{"stream_name":"stdout","time":940.856937239,"data":"EDGE_TTA_ACTIVE views= 8 mean_abs_feat_delta= 0.36832\n"}
,{"stream_name":"stdout","time":941.235797294,"data":"SECONDARY_EDGE_TTA_ACTIVE views= 8 weight= 0.75 mean_abs_feat_delta= 0.278785\n"}
,{"stream_name":"stdout","time":941.438424444,"data":"SECONDARY_EDGE_TTA_ACTIVE views= 8 weight= 0.75 mean_abs_feat_delta= 0.278785\n"}
,{"stream_name":"stdout","time":941.595017294,"data":"SECONDARY_EDGE_TTA_ACTIVE views= 8 weight= 0.75 mean_abs_feat_delta= 0.266839\n"}
,{"stream_name":"stdout","time":941.599478454,"data":"BIOHUB_RETENTION_GUARD {\"blended_candidates\": 539, \"dataset\": \"44b6_12dfb391\", \"frame\": 89, \"minimum_retention\": 0.9, \"primary_candidates\": 618, \"retention\": 0.872168284789644, \"use_primary\": true}\n"}
,{"stream_name":"stdout","time":941.797393862,"data":"SECONDARY_EDGE_TTA_ACTIVE views= 8 weight= 0.75 mean_abs_feat_delta= 0.266839\n"}
,{"stream_name":"stdout","time":941.797430276,"data":"BIOHUB_RETENTION_GUARD {\"blended_candidates\": 539, \"dataset\": \"44b6_12dfb391\", \"frame\": 89, \"minimum_retention\": 0.9, \"primary_candidates\": 618, \"retention\": 0.872168284789644, \"use_primary\": true}\n"}
,{"stream_name":"stdout","time":942.311931974,"data":"EDGE_TTA_ACTIVE views= 8 mean_abs_feat_delta= 0.329665\n"}
,{"stream_name":"stdout","time":942.514461886,"data":"EDGE_TTA_ACTIVE views= 8 mean_abs_feat_delta= 0.329665\n"}
,{"stream_name":"stdout","time":942.779895842,"data":"EDGE_TTA_ACTIVE views= 8 mean_abs_feat_delta= 0.372337\n"}
,{"stream_name":"stdout","time":942.982139502,"data":"EDGE_TTA_ACTIVE views= 8 mean_abs_feat_delta= 0.372337\n"}
,{"stream_name":"stdout","time":943.303728242,"data":"SECONDARY_EDGE_TTA_ACTIVE views= 8 weight= 0.75 mean_abs_feat_delta= 0.270084\n"}
,{"stream_name":"stdout","time":943.506297829,"data":"SECONDARY_EDGE_TTA_ACTIVE views= 8 weight= 0.75 mean_abs_feat_delta= 0.270084\n"}
,{"stream_name":"stdout","time":943.722244375,"data":"SECONDARY_EDGE_TTA_ACTIVE views= 8 weight= 0.75 mean_abs_feat_delta= 0.26897\n"}
,{"stream_name":"stdout","time":943.726431201,"data":"BIOHUB_RETENTION_GUARD {\"blended_candidates\": 532, \"dataset\": \"44b6_12dfb391\", \"frame\": 90, \"minimum_retention\": 0.9, \"primary_candidates\": 595, \"retention\": 0.8941176470588236, \"use_primary\": true}\n"}
,{"stream_name":"stdout","time":943.924662754,"data":"SECONDARY_EDGE_TTA_ACTIVE views= 8 weight= 0.75 mean_abs_feat_delta= 0.26897\n"}
,{"stream_name":"stdout","time":943.92469548,"data":"BIOHUB_RETENTION_GUARD {\"blended_candidates\": 532, \"dataset\": \"44b6_12dfb391\", \"frame\": 90, \"minimum_retention\": 0.9, \"primary_candidates\": 595, \"retention\": 0.8941176470588236, \"use_primary\": true}\n"}
,{"stream_name":"stdout","time":944.378667534,"data":"EDGE_TTA_ACTIVE views= 8 mean_abs_feat_delta= 0.325406\n"}
,{"stream_name":"stdout","time":944.581092973,"data":"EDGE_TTA_ACTIVE views= 8 mean_abs_feat_delta= 0.325406\n"}
,{"stream_name":"stdout","time":944.876397753,"data":"EDGE_TTA_ACTIVE views= 8 mean_abs_feat_delta= 0.372351\n"}
,{"stream_name":"stdout","time":945.078883176,"data":"EDGE_TTA_ACTIVE views= 8 mean_abs_feat_delta= 0.372351\n"}
,{"stream_name":"stdout","time":945.364406379,"data":"SECONDARY_EDGE_TTA_ACTIVE views= 8 weight= 0.75 mean_abs_feat_delta= 0.271662\n"}
,{"stream_name":"stdout","time":945.566840406,"data":"SECONDARY_EDGE_TTA_ACTIVE views= 8 weight= 0.75 mean_abs_feat_delta= 0.271662\n"}
,{"stream_name":"stdout","time":945.821296824,"data":"SECONDARY_EDGE_TTA_ACTIVE views= 8 weight= 0.75 mean_abs_feat_delta= 0.269254\n"}
,{"stream_name":"stdout","time":946.023697644,"data":"SECONDARY_EDGE_TTA_ACTIVE views= 8 weight= 0.75 mean_abs_feat_delta= 0.269254\n"}
,{"stream_name":"stdout","time":946.431959994,"data":"EDGE_TTA_ACTIVE views= 8 mean_abs_feat_delta= 0.337377\n"}
,{"stream_name":"stdout","time":946.634422737,"data":"EDGE_TTA_ACTIVE views= 8 mean_abs_feat_delta= 0.337377\n"}
,{"stream_name":"stdout","time":946.96537735,"data":"EDGE_TTA_ACTIVE views= 8 mean_abs_feat_delta= 0.376977\n"}
,{"stream_name":"stdout","time":947.167840938,"data":"EDGE_TTA_ACTIVE views= 8 mean_abs_feat_delta= 0.376977\n"}
,{"stream_name":"stdout","time":947.426701409,"data":"SECONDARY_EDGE_TTA_ACTIVE views= 8 weight= 0.75 mean_abs_feat_delta= 0.269101\n"}
,{"stream_name":"stdout","time":947.628965925,"data":"SECONDARY_EDGE_TTA_ACTIVE views= 8 weight= 0.75 mean_abs_feat_delta= 0.269101\n"}
,{"stream_name":"stdout","time":947.908113565,"data":"SECONDARY_EDGE_TTA_ACTIVE views= 8 weight= 0.75 mean_abs_feat_delta= 0.273908\n"}
,{"stream_name":"stdout","time":948.110481499,"data":"SECONDARY_EDGE_TTA_ACTIVE views= 8 weight= 0.75 mean_abs_feat_delta= 0.273908\n"}
,{"stream_name":"stdout","time":948.503360784,"data":"EDGE_TTA_ACTIVE views= 8 mean_abs_feat_delta= 0.336612\n"}
,{"stream_name":"stdout","time":948.705802675,"data":"EDGE_TTA_ACTIVE views= 8 mean_abs_feat_delta= 0.336612\n"}
,{"stream_name":"stdout","time":949.074150114,"data":"EDGE_TTA_ACTIVE views= 8 mean_abs_feat_delta= 0.379308\n"}
,{"stream_name":"stdout","time":949.276574318,"data":"EDGE_TTA_ACTIVE views= 8 mean_abs_feat_delta= 0.379308\n"}
,{"stream_name":"stdout","time":949.499920378,"data":"SECONDARY_EDGE_TTA_ACTIVE views= 8 weight= 0.75 mean_abs_feat_delta= 0.273421\n"}
,{"stream_name":"stdout","time":949.702167621,"data":"SECONDARY_EDGE_TTA_ACTIVE views= 8 weight= 0.75 mean_abs_feat_delta= 0.273421\n"}
,{"stream_name":"stdout","time":950.022066676,"data":"SECONDARY_EDGE_TTA_ACTIVE views= 8 weight= 0.75 mean_abs_feat_delta= 0.28036\n"}
,{"stream_name":"stdout","time":950.224673705,"data":"SECONDARY_EDGE_TTA_ACTIVE views= 8 weight= 0.75 mean_abs_feat_delta= 0.28036\n"}
,{"stream_name":"stdout","time":950.584559213,"data":"EDGE_TTA_ACTIVE views= 8 mean_abs_feat_delta= 0.340573\n"}
,{"stream_name":"stdout","time":950.786860168,"data":"EDGE_TTA_ACTIVE views= 8 mean_abs_feat_delta= 0.340573\n"}
,{"stream_name":"stdout","time":951.187978583,"data":"EDGE_TTA_ACTIVE views= 8 mean_abs_feat_delta= 0.375447\n"}
,{"stream_name":"stdout","time":951.391098264,"data":"EDGE_TTA_ACTIVE views= 8 mean_abs_feat_delta= 0.375447\n"}
,{"stream_name":"stdout","time":951.577763615,"data":"SECONDARY_EDGE_TTA_ACTIVE views= 8 weight= 0.75 mean_abs_feat_delta= 0.271772\n"}
,{"stream_name":"stdout","time":951.780874024,"data":"SECONDARY_EDGE_TTA_ACTIVE views= 8 weight= 0.75 mean_abs_feat_delta= 0.271772\n"}
,{"stream_name":"stdout","time":952.136866995,"data":"SECONDARY_EDGE_TTA_ACTIVE views= 8 weight= 0.75 mean_abs_feat_delta= 0.279645\n"}
,{"stream_name":"stdout","time":952.141461886,"data":"BIOHUB_RETENTION_GUARD {\"blended_candidates\": 520, \"dataset\": \"44b6_12dfb391\", \"frame\": 94, \"minimum_retention\": 0.9, \"primary_candidates\": 583, \"retention\": 0.8919382504288165, \"use_primary\": true}\n"}
,{"stream_name":"stdout","time":952.340849304,"data":"SECONDARY_EDGE_TTA_ACTIVE views= 8 weight= 0.75 mean_abs_feat_delta= 0.279645\n"}
,{"stream_name":"stdout","time":952.340880928,"data":"BIOHUB_RETENTION_GUARD {\"blended_candidates\": 520, \"dataset\": \"44b6_12dfb391\", \"frame\": 94, \"minimum_retention\": 0.9, \"primary_candidates\": 583, \"retention\": 0.8919382504288165, \"use_primary\": true}\n"}
,{"stream_name":"stdout","time":952.656923874,"data":"EDGE_TTA_ACTIVE views= 8 mean_abs_feat_delta= 0.34851\n"}
,{"stream_name":"stdout","time":952.85942448,"data":"EDGE_TTA_ACTIVE views= 8 mean_abs_feat_delta= 0.34851\n"}
,{"stream_name":"stdout","time":953.283935417,"data":"EDGE_TTA_ACTIVE views= 8 mean_abs_feat_delta= 0.369974\n"}
,{"stream_name":"stdout","time":953.486382299,"data":"EDGE_TTA_ACTIVE views= 8 mean_abs_feat_delta= 0.369974\n"}
,{"stream_name":"stdout","time":953.653299897,"data":"SECONDARY_EDGE_TTA_ACTIVE views= 8 weight= 0.75 mean_abs_feat_delta= 0.268085\n"}
,{"stream_name":"stdout","time":953.855798148,"data":"SECONDARY_EDGE_TTA_ACTIVE views= 8 weight= 0.75 mean_abs_feat_delta= 0.268085\n"}
,{"stream_name":"stdout","time":954.229852903,"data":"SECONDARY_EDGE_TTA_ACTIVE views= 8 weight= 0.75 mean_abs_feat_delta= 0.279886\n"}
,{"stream_name":"stdout","time":954.4322212,"data":"SECONDARY_EDGE_TTA_ACTIVE views= 8 weight= 0.75 mean_abs_feat_delta= 0.279886\n"}
,{"stream_name":"stdout","time":954.730239462,"data":"EDGE_TTA_ACTIVE views= 8 mean_abs_feat_delta= 0.344922\n"}
,{"stream_name":"stdout","time":954.932798681,"data":"EDGE_TTA_ACTIVE views= 8 mean_abs_feat_delta= 0.344922\n"}
,{"stream_name":"stdout","time":955.40121518,"data":"EDGE_TTA_ACTIVE views= 8 mean_abs_feat_delta= 0.373122\n"}
,{"stream_name":"stdout","time":955.603717083,"data":"EDGE_TTA_ACTIVE views= 8 mean_abs_feat_delta= 0.373122\n"}
,{"stream_name":"stdout","time":955.726362055,"data":"SECONDARY_EDGE_TTA_ACTIVE views= 8 weight= 0.75 mean_abs_feat_delta= 0.263722\n"}
,{"stream_name":"stdout","time":955.928923716,"data":"SECONDARY_EDGE_TTA_ACTIVE views= 8 weight= 0.75 mean_abs_feat_delta= 0.263722\n"}
,{"stream_name":"stdout","time":956.343921269,"data":"SECONDARY_EDGE_TTA_ACTIVE views= 8 weight= 0.75 mean_abs_feat_delta= 0.279253\n"}
,{"stream_name":"stdout","time":956.546222259,"data":"SECONDARY_EDGE_TTA_ACTIVE views= 8 weight= 0.75 mean_abs_feat_delta= 0.279253\n"}
,{"stream_name":"stdout","time":956.803038352,"data":"EDGE_TTA_ACTIVE views= 8 mean_abs_feat_delta= 0.345806\n"}
,{"stream_name":"stdout","time":957.005525072,"data":"EDGE_TTA_ACTIVE views= 8 mean_abs_feat_delta= 0.345806\n"}
,{"stream_name":"stdout","time":957.487381343,"data":"EDGE_TTA_ACTIVE views= 8 mean_abs_feat_delta= 0.371747\n"}
,{"stream_name":"stdout","time":957.689443235,"data":"EDGE_TTA_ACTIVE views= 8 mean_abs_feat_delta= 0.371747\n"}
,{"stream_name":"stdout","time":957.806002408,"data":"SECONDARY_EDGE_TTA_ACTIVE views= 8 weight= 0.75 mean_abs_feat_delta= 0.263509\n"}
,{"stream_name":"stdout","time":958.008695301,"data":"SECONDARY_EDGE_TTA_ACTIVE views= 8 weight= 0.75 mean_abs_feat_delta= 0.263509\n"}
,{"stream_name":"stdout","time":958.431379271,"data":"SECONDARY_EDGE_TTA_ACTIVE views= 8 weight= 0.75 mean_abs_feat_delta= 0.27536\n"}
,{"stream_name":"stdout","time":958.633564476,"data":"SECONDARY_EDGE_TTA_ACTIVE views= 8 weight= 0.75 mean_abs_feat_delta= 0.27536\n"}
,{"stream_name":"stdout","time":958.886130925,"data":"EDGE_TTA_ACTIVE views= 8 mean_abs_feat_delta= 0.333012\n"}
,{"stream_name":"stdout","time":959.088760354,"data":"EDGE_TTA_ACTIVE views= 8 mean_abs_feat_delta= 0.333012\n"}
,{"stream_name":"stdout","time":959.579021212,"data":"EDGE_TTA_ACTIVE views= 8 mean_abs_feat_delta= 0.369424\n"}
,{"stream_name":"stdout","time":959.781435288,"data":"EDGE_TTA_ACTIVE views= 8 mean_abs_feat_delta= 0.369424\n"}
,{"stream_name":"stdout","time":959.882276961,"data":"SECONDARY_EDGE_TTA_ACTIVE views= 8 weight= 0.75 mean_abs_feat_delta= 0.270685\n"}
,{"stream_name":"stdout","time":960.084838611,"data":"SECONDARY_EDGE_TTA_ACTIVE views= 8 weight= 0.75 mean_abs_feat_delta= 0.270685\n"}
,{"stream_name":"stdout","time":960.523711831,"data":"SECONDARY_EDGE_TTA_ACTIVE views= 8 weight= 0.75 mean_abs_feat_delta= 0.271751\n"}
,{"stream_name":"stdout","time":960.726174035,"data":"SECONDARY_EDGE_TTA_ACTIVE views= 8 weight= 0.75 mean_abs_feat_delta= 0.271751\n"}
,{"stream_name":"stdout","time":960.963591203,"data":"EDGE_TTA_ACTIVE views= 8 mean_abs_feat_delta= 0.332183\n"}
,{"stream_name":"stdout","time":961.166423382,"data":"EDGE_TTA_ACTIVE views= 8 mean_abs_feat_delta= 0.332183\n"}
,{"stream_name":"stdout","time":961.666198917,"data":"EDGE_TTA_ACTIVE views= 8 mean_abs_feat_delta= 0.372871\n"}
,{"stream_name":"stdout","time":961.868798267,"data":"EDGE_TTA_ACTIVE views= 8 mean_abs_feat_delta= 0.372871\n"}
,{"stream_name":"stdout","time":961.963250334,"data":"SECONDARY_EDGE_TTA_ACTIVE views= 8 weight= 0.75 mean_abs_feat_delta= 0.253224\n"}
,{"stream_name":"stdout","time":962.165543309,"data":"SECONDARY_EDGE_TTA_ACTIVE views= 8 weight= 0.75 mean_abs_feat_delta= 0.253224\n"}
,{"stream_name":"stdout","time":962.612417055,"data":"SECONDARY_EDGE_TTA_ACTIVE views= 8 weight= 0.75 mean_abs_feat_delta= 0.271724\n"}
,{"stream_name":"stdout","time":962.814981112,"data":"SECONDARY_EDGE_TTA_ACTIVE views= 8 weight= 0.75 mean_abs_feat_delta= 0.271724\n"}
,{"stream_name":"stdout","time":963.040218965,"data":"EDGE_TTA_ACTIVE views= 8 mean_abs_feat_delta= 0.322487\n"}
,{"stream_name":"stdout","time":963.242937388,"data":"EDGE_TTA_ACTIVE views= 8 mean_abs_feat_delta= 0.322487\n"}
,{"stream_name":"stdout","time":964.038378787,"data":"SECONDARY_EDGE_TTA_ACTIVE views= 8 weight= 0.75 mean_abs_feat_delta= 0.262155\n"}
,{"stream_name":"stdout","time":964.241140369,"data":"SECONDARY_EDGE_TTA_ACTIVE views= 8 weight= 0.75 mean_abs_feat_delta= 0.262155\n"}
,{"stream_name":"stdout","time":986.572098733,"data":"EDGE_TTA_ACTIVE views= 8 mean_abs_feat_delta= 0.354392\n"}
,{"stream_name":"stdout","time":986.808507894,"data":"EDGE_TTA_ACTIVE views= 8 mean_abs_feat_delta= 0.354392\n"}
,{"stream_name":"stdout","time":987.529896219,"data":"SECONDARY_EDGE_TTA_ACTIVE views= 8 weight= 0.75 mean_abs_feat_delta= 0.268187\n"}
,{"stream_name":"stdout","time":987.732661604,"data":"SECONDARY_EDGE_TTA_ACTIVE views= 8 weight= 0.75 mean_abs_feat_delta= 0.268187\n"}
,{"stream_name":"stdout","time":988.647893205,"data":"EDGE_TTA_ACTIVE views= 8 mean_abs_feat_delta= 0.354989\n"}
,{"stream_name":"stdout","time":988.850562168,"data":"EDGE_TTA_ACTIVE views= 8 mean_abs_feat_delta= 0.354989\n"}
,{"stream_name":"stdout","time":989.613702837,"data":"SECONDARY_EDGE_TTA_ACTIVE views= 8 weight= 0.75 mean_abs_feat_delta= 0.270508\n"}
,{"stream_name":"stdout","time":989.817867268,"data":"SECONDARY_EDGE_TTA_ACTIVE views= 8 weight= 0.75 mean_abs_feat_delta= 0.270508\n"}
,{"stream_name":"stdout","time":990.755068637,"data":"EDGE_TTA_ACTIVE views= 8 mean_abs_feat_delta= 0.348797\n"}
,{"stream_name":"stdout","time":990.957505609,"data":"EDGE_TTA_ACTIVE views= 8 mean_abs_feat_delta= 0.348797\n"}
,{"stream_name":"stdout","time":991.730416342,"data":"SECONDARY_EDGE_TTA_ACTIVE views= 8 weight= 0.75 mean_abs_feat_delta= 0.266832\n"}
,{"stream_name":"stdout","time":991.933022997,"data":"SECONDARY_EDGE_TTA_ACTIVE views= 8 weight= 0.75 mean_abs_feat_delta= 0.266832\n"}
,{"stream_name":"stdout","time":992.862285926,"data":"EDGE_TTA_ACTIVE views= 8 mean_abs_feat_delta= 0.344096\n"}
,{"stream_name":"stdout","time":993.065020505,"data":"EDGE_TTA_ACTIVE views= 8 mean_abs_feat_delta= 0.344096\n"}
,{"stream_name":"stdout","time":993.838873629,"data":"SECONDARY_EDGE_TTA_ACTIVE views= 8 weight= 0.75 mean_abs_feat_delta= 0.264193\n"}
,{"stream_name":"stdout","time":994.041470607,"data":"SECONDARY_EDGE_TTA_ACTIVE views= 8 weight= 0.75 mean_abs_feat_delta= 0.264193\n"}
,{"stream_name":"stdout","time":994.957112234,"data":"EDGE_TTA_ACTIVE views= 8 mean_abs_feat_delta= 0.343236\n"}
,{"stream_name":"stdout","time":995.159984792,"data":"EDGE_TTA_ACTIVE views= 8 mean_abs_feat_delta= 0.343236\n"}
,{"stream_name":"stdout","time":995.948912869,"data":"SECONDARY_EDGE_TTA_ACTIVE views= 8 weight= 0.75 mean_abs_feat_delta= 0.2659\n"}
,{"stream_name":"stdout","time":996.151584499,"data":"SECONDARY_EDGE_TTA_ACTIVE views= 8 weight= 0.75 mean_abs_feat_delta= 0.2659\n"}
,{"stream_name":"stdout","time":997.087890519,"data":"EDGE_TTA_ACTIVE views= 8 mean_abs_feat_delta= 0.346139\n"}
,{"stream_name":"stdout","time":997.29050284,"data":"EDGE_TTA_ACTIVE views= 8 mean_abs_feat_delta= 0.346139\n"}
,{"stream_name":"stdout","time":998.082356575,"data":"SECONDARY_EDGE_TTA_ACTIVE views= 8 weight= 0.75 mean_abs_feat_delta= 0.268655\n"}
,{"stream_name":"stdout","time":998.285076163,"data":"SECONDARY_EDGE_TTA_ACTIVE views= 8 weight= 0.75 mean_abs_feat_delta= 0.268655\n"}
,{"stream_name":"stdout","time":999.221859753,"data":"EDGE_TTA_ACTIVE views= 8 mean_abs_feat_delta= 0.345393\n"}
,{"stream_name":"stdout","time":999.424687557,"data":"EDGE_TTA_ACTIVE views= 8 mean_abs_feat_delta= 0.345393\n"}
,{"stream_name":"stdout","time":1000.226759559,"data":"SECONDARY_EDGE_TTA_ACTIVE views= 8 weight= 0.75 mean_abs_feat_delta= 0.274098\n"}
,{"stream_name":"stdout","time":1000.429886472,"data":"SECONDARY_EDGE_TTA_ACTIVE views= 8 weight= 0.75 mean_abs_feat_delta= 0.274098\n"}
,{"stream_name":"stdout","time":1001.382828446,"data":"EDGE_TTA_ACTIVE views= 8 mean_abs_feat_delta= 0.343626\n"}
,{"stream_name":"stdout","time":1001.585903281,"data":"EDGE_TTA_ACTIVE views= 8 mean_abs_feat_delta= 0.343626\n"}
,{"stream_name":"stdout","time":1002.394938735,"data":"SECONDARY_EDGE_TTA_ACTIVE views= 8 weight= 0.75 mean_abs_feat_delta= 0.270171\n"}
,{"stream_name":"stdout","time":1002.597380312,"data":"SECONDARY_EDGE_TTA_ACTIVE views= 8 weight= 0.75 mean_abs_feat_delta= 0.270171\n"}
,{"stream_name":"stdout","time":1003.541082625,"data":"EDGE_TTA_ACTIVE views= 8 mean_abs_feat_delta= 0.347614\n"}
,{"stream_name":"stdout","time":1003.743751272,"data":"EDGE_TTA_ACTIVE views= 8 mean_abs_feat_delta= 0.347614\n"}
,{"stream_name":"stdout","time":1004.560437025,"data":"SECONDARY_EDGE_TTA_ACTIVE views= 8 weight= 0.75 mean_abs_feat_delta= 0.269192\n"}
,{"stream_name":"stdout","time":1004.76309493,"data":"SECONDARY_EDGE_TTA_ACTIVE views= 8 weight= 0.75 mean_abs_feat_delta= 0.269192\n"}
,{"stream_name":"stdout","time":1005.720754856,"data":"EDGE_TTA_ACTIVE views= 8 mean_abs_feat_delta= 0.350892\n"}
,{"stream_name":"stdout","time":1005.923570828,"data":"EDGE_TTA_ACTIVE views= 8 mean_abs_feat_delta= 0.350892\n"}
,{"stream_name":"stdout","time":1006.771887278,"data":"SECONDARY_EDGE_TTA_ACTIVE views= 8 weight= 0.75 mean_abs_feat_delta= 0.272914\n"}
,{"stream_name":"stdout","time":1006.974540275,"data":"SECONDARY_EDGE_TTA_ACTIVE views= 8 weight= 0.75 mean_abs_feat_delta= 0.272914\n"}
,{"stream_name":"stdout","time":1007.949427764,"data":"EDGE_TTA_ACTIVE views= 8 mean_abs_feat_delta= 0.351945\n"}
,{"stream_name":"stdout","time":1008.15206573,"data":"EDGE_TTA_ACTIVE views= 8 mean_abs_feat_delta= 0.351945\n"}
,{"stream_name":"stdout","time":1008.984983162,"data":"SECONDARY_EDGE_TTA_ACTIVE views= 8 weight= 0.75 mean_abs_feat_delta= 0.273035\n"}
,{"stream_name":"stdout","time":1009.187402325,"data":"SECONDARY_EDGE_TTA_ACTIVE views= 8 weight= 0.75 mean_abs_feat_delta= 0.273035\n"}
,{"stream_name":"stdout","time":1010.09159155,"data":"EDGE_TTA_ACTIVE views= 8 mean_abs_feat_delta= 0.288475\n"}
,{"stream_name":"stdout","time":1010.213978571,"data":"EDGE_TTA_ACTIVE views= 8 mean_abs_feat_delta= 0.349374\n"}
,{"stream_name":"stdout","time":1010.294167293,"data":"EDGE_TTA_ACTIVE views= 8 mean_abs_feat_delta= 0.288475\n"}
,{"stream_name":"stdout","time":1010.294199413,"data":"EDGE_TTA_ACTIVE views= 8 mean_abs_feat_delta= 0.349374\n"}
,{"stream_name":"stdout","time":1010.989426438,"data":"SECONDARY_EDGE_TTA_ACTIVE views= 8 weight= 0.75 mean_abs_feat_delta= 0.217553\n"}
,{"stream_name":"stdout","time":1011.192163346,"data":"SECONDARY_EDGE_TTA_ACTIVE views= 8 weight= 0.75 mean_abs_feat_delta= 0.217553\n"}
,{"stream_name":"stdout","time":1011.254123062,"data":"SECONDARY_EDGE_TTA_ACTIVE views= 8 weight= 0.75 mean_abs_feat_delta= 0.271935\n"}
,{"stream_name":"stdout","time":1011.456357168,"data":"SECONDARY_EDGE_TTA_ACTIVE views= 8 weight= 0.75 mean_abs_feat_delta= 0.271935\n"}
,{"stream_name":"stdout","time":1011.984234285,"data":"EDGE_TTA_ACTIVE views= 8 mean_abs_feat_delta= 0.287561\n"}
,{"stream_name":"stdout","time":1012.186904391,"data":"EDGE_TTA_ACTIVE views= 8 mean_abs_feat_delta= 0.287561\n"}
,{"stream_name":"stdout","time":1012.436504755,"data":"EDGE_TTA_ACTIVE views= 8 mean_abs_feat_delta= 0.351376\n"}
,{"stream_name":"stdout","time":1012.639029187,"data":"EDGE_TTA_ACTIVE views= 8 mean_abs_feat_delta= 0.351376\n"}
,{"stream_name":"stdout","time":1012.888153291,"data":"SECONDARY_EDGE_TTA_ACTIVE views= 8 weight= 0.75 mean_abs_feat_delta= 0.216934\n"}
,{"stream_name":"stdout","time":1013.090639395,"data":"SECONDARY_EDGE_TTA_ACTIVE views= 8 weight= 0.75 mean_abs_feat_delta= 0.216934\n"}
,{"stream_name":"stdout","time":1013.483765076,"data":"SECONDARY_EDGE_TTA_ACTIVE views= 8 weight= 0.75 mean_abs_feat_delta= 0.26942\n"}
,{"stream_name":"stdout","time":1013.686107988,"data":"SECONDARY_EDGE_TTA_ACTIVE views= 8 weight= 0.75 mean_abs_feat_delta= 0.26942\n"}
,{"stream_name":"stdout","time":1013.875374531,"data":"EDGE_TTA_ACTIVE views= 8 mean_abs_feat_delta= 0.288963\n"}
,{"stream_name":"stdout","time":1014.077917578,"data":"EDGE_TTA_ACTIVE views= 8 mean_abs_feat_delta= 0.288963\n"}
,{"stream_name":"stdout","time":1014.67143291,"data":"EDGE_TTA_ACTIVE views= 8 mean_abs_feat_delta= 0.35564\n"}
,{"stream_name":"stdout","time":1014.782720299,"data":"SECONDARY_EDGE_TTA_ACTIVE views= 8 weight= 0.75 mean_abs_feat_delta= 0.213178\n"}
,{"stream_name":"stdout","time":1014.873951956,"data":"EDGE_TTA_ACTIVE views= 8 mean_abs_feat_delta= 0.35564\n"}
,{"stream_name":"stdout","time":1014.873982653,"data":"SECONDARY_EDGE_TTA_ACTIVE views= 8 weight= 0.75 mean_abs_feat_delta= 0.213178\n"}
,{"stream_name":"stdout","time":1015.725647809,"data":"SECONDARY_EDGE_TTA_ACTIVE views= 8 weight= 0.75 mean_abs_feat_delta= 0.267667\n"}
,{"stream_name":"stdout","time":1015.764455635,"data":"EDGE_TTA_ACTIVE views= 8 mean_abs_feat_delta= 0.284378\n"}
,{"stream_name":"stdout","time":1015.928191499,"data":"SECONDARY_EDGE_TTA_ACTIVE views= 8 weight= 0.75 mean_abs_feat_delta= 0.267667\n"}
,{"stream_name":"stdout","time":1015.92822627,"data":"EDGE_TTA_ACTIVE views= 8 mean_abs_feat_delta= 0.284378\n"}
,{"stream_name":"stdout","time":1016.67260993,"data":"SECONDARY_EDGE_TTA_ACTIVE views= 8 weight= 0.75 mean_abs_feat_delta= 0.21734\n"}
,{"stream_name":"stdout","time":1016.908552163,"data":"SECONDARY_EDGE_TTA_ACTIVE views= 8 weight= 0.75 mean_abs_feat_delta= 0.21734\n"}
,{"stream_name":"stdout","time":1016.919239692,"data":"EDGE_TTA_ACTIVE views= 8 mean_abs_feat_delta= 0.352377\n"}
,{"stream_name":"stdout","time":1017.121871261,"data":"EDGE_TTA_ACTIVE views= 8 mean_abs_feat_delta= 0.352377\n"}
,{"stream_name":"stdout","time":1017.653868429,"data":"EDGE_TTA_ACTIVE views= 8 mean_abs_feat_delta= 0.287813\n"}
,{"stream_name":"stdout","time":1017.856297198,"data":"EDGE_TTA_ACTIVE views= 8 mean_abs_feat_delta= 0.287813\n"}
,{"stream_name":"stdout","time":1017.97338815,"data":"SECONDARY_EDGE_TTA_ACTIVE views= 8 weight= 0.75 mean_abs_feat_delta= 0.272442\n"}
,{"stream_name":"stdout","time":1018.175670242,"data":"SECONDARY_EDGE_TTA_ACTIVE views= 8 weight= 0.75 mean_abs_feat_delta= 0.272442\n"}
,{"stream_name":"stdout","time":1018.565713715,"data":"SECONDARY_EDGE_TTA_ACTIVE views= 8 weight= 0.75 mean_abs_feat_delta= 0.213892\n"}
,{"stream_name":"stdout","time":1018.768314767,"data":"SECONDARY_EDGE_TTA_ACTIVE views= 8 weight= 0.75 mean_abs_feat_delta= 0.213892\n"}
,{"stream_name":"stdout","time":1019.171835849,"data":"EDGE_TTA_ACTIVE views= 8 mean_abs_feat_delta= 0.352809\n"}
,{"stream_name":"stdout","time":1019.374434206,"data":"EDGE_TTA_ACTIVE views= 8 mean_abs_feat_delta= 0.352809\n"}
,{"stream_name":"stdout","time":1019.547440504,"data":"EDGE_TTA_ACTIVE views= 8 mean_abs_feat_delta= 0.287261\n"}
,{"stream_name":"stdout","time":1019.750071871,"data":"EDGE_TTA_ACTIVE views= 8 mean_abs_feat_delta= 0.287261\n"}
,{"stream_name":"stdout","time":1020.22018752,"data":"SECONDARY_EDGE_TTA_ACTIVE views= 8 weight= 0.75 mean_abs_feat_delta= 0.274668\n"}
,{"stream_name":"stdout","time":1020.42276929,"data":"SECONDARY_EDGE_TTA_ACTIVE views= 8 weight= 0.75 mean_abs_feat_delta= 0.274668\n"}
,{"stream_name":"stdout","time":1020.478955301,"data":"SECONDARY_EDGE_TTA_ACTIVE views= 8 weight= 0.75 mean_abs_feat_delta= 0.21242\n"}
,{"stream_name":"stdout","time":1020.681434512,"data":"SECONDARY_EDGE_TTA_ACTIVE views= 8 weight= 0.75 mean_abs_feat_delta= 0.21242\n"}
,{"stream_name":"stdout","time":1021.412488456,"data":"EDGE_TTA_ACTIVE views= 8 mean_abs_feat_delta= 0.347118\n"}
,{"stream_name":"stdout","time":1021.471050221,"data":"EDGE_TTA_ACTIVE views= 8 mean_abs_feat_delta= 0.28741\n"}
,{"stream_name":"stdout","time":1021.615040557,"data":"EDGE_TTA_ACTIVE views= 8 mean_abs_feat_delta= 0.347118\n"}
,{"stream_name":"stdout","time":1021.615075404,"data":"EDGE_TTA_ACTIVE views= 8 mean_abs_feat_delta= 0.28741\n"}
,{"stream_name":"stdout","time":1022.386168239,"data":"SECONDARY_EDGE_TTA_ACTIVE views= 8 weight= 0.75 mean_abs_feat_delta= 0.213947\n"}
,{"stream_name":"stdout","time":1022.462482939,"data":"SECONDARY_EDGE_TTA_ACTIVE views= 8 weight= 0.75 mean_abs_feat_delta= 0.278564\n"}
,{"stream_name":"stdout","time":1022.588709863,"data":"SECONDARY_EDGE_TTA_ACTIVE views= 8 weight= 0.75 mean_abs_feat_delta= 0.213947\n"}
,{"stream_name":"stdout","time":1022.588749979,"data":"SECONDARY_EDGE_TTA_ACTIVE views= 8 weight= 0.75 mean_abs_feat_delta= 0.278564\n"}
,{"stream_name":"stdout","time":1023.37706223,"data":"EDGE_TTA_ACTIVE views= 8 mean_abs_feat_delta= 0.291909\n"}
,{"stream_name":"stdout","time":1023.579690535,"data":"EDGE_TTA_ACTIVE views= 8 mean_abs_feat_delta= 0.291909\n"}
,{"stream_name":"stdout","time":1023.628472587,"data":"EDGE_TTA_ACTIVE views= 8 mean_abs_feat_delta= 0.353642\n"}
,{"stream_name":"stdout","time":1023.831130238,"data":"EDGE_TTA_ACTIVE views= 8 mean_abs_feat_delta= 0.353642\n"}
,{"stream_name":"stdout","time":1024.2940231,"data":"SECONDARY_EDGE_TTA_ACTIVE views= 8 weight= 0.75 mean_abs_feat_delta= 0.227253\n"}
,{"stream_name":"stdout","time":1024.496527807,"data":"SECONDARY_EDGE_TTA_ACTIVE views= 8 weight= 0.75 mean_abs_feat_delta= 0.227253\n"}
,{"stream_name":"stdout","time":1024.671941093,"data":"SECONDARY_EDGE_TTA_ACTIVE views= 8 weight= 0.75 mean_abs_feat_delta= 0.276498\n"}
,{"stream_name":"stdout","time":1024.874454851,"data":"SECONDARY_EDGE_TTA_ACTIVE views= 8 weight= 0.75 mean_abs_feat_delta= 0.276498\n"}
,{"stream_name":"stdout","time":1025.305220112,"data":"EDGE_TTA_ACTIVE views= 8 mean_abs_feat_delta= 0.291947\n"}
,{"stream_name":"stdout","time":1025.507861316,"data":"EDGE_TTA_ACTIVE views= 8 mean_abs_feat_delta= 0.291947\n"}
,{"stream_name":"stdout","time":1025.838239998,"data":"EDGE_TTA_ACTIVE views= 8 mean_abs_feat_delta= 0.351185\n"}
,{"stream_name":"stdout","time":1026.040853652,"data":"EDGE_TTA_ACTIVE views= 8 mean_abs_feat_delta= 0.351185\n"}
,{"stream_name":"stdout","time":1026.214914639,"data":"SECONDARY_EDGE_TTA_ACTIVE views= 8 weight= 0.75 mean_abs_feat_delta= 0.212589\n"}
,{"stream_name":"stdout","time":1026.417700516,"data":"SECONDARY_EDGE_TTA_ACTIVE views= 8 weight= 0.75 mean_abs_feat_delta= 0.212589\n"}
,{"stream_name":"stdout","time":1026.871659211,"data":"SECONDARY_EDGE_TTA_ACTIVE views= 8 weight= 0.75 mean_abs_feat_delta= 0.279183\n"}
,{"stream_name":"stdout","time":1027.074291412,"data":"SECONDARY_EDGE_TTA_ACTIVE views= 8 weight= 0.75 mean_abs_feat_delta= 0.279183\n"}
,{"stream_name":"stdout","time":1027.201839265,"data":"EDGE_TTA_ACTIVE views= 8 mean_abs_feat_delta= 0.291055\n"}
,{"stream_name":"stdout","time":1027.4041985,"data":"EDGE_TTA_ACTIVE views= 8 mean_abs_feat_delta= 0.291055\n"}
,{"stream_name":"stdout","time":1028.033744085,"data":"EDGE_TTA_ACTIVE views= 8 mean_abs_feat_delta= 0.348389\n"}
,{"stream_name":"stdout","time":1028.116710692,"data":"SECONDARY_EDGE_TTA_ACTIVE views= 8 weight= 0.75 mean_abs_feat_delta= 0.218146\n"}
,{"stream_name":"stdout","time":1028.236129625,"data":"EDGE_TTA_ACTIVE views= 8 mean_abs_feat_delta= 0.348389\n"}
,{"stream_name":"stdout","time":1028.236199421,"data":"SECONDARY_EDGE_TTA_ACTIVE views= 8 weight= 0.75 mean_abs_feat_delta= 0.218146\n"}
,{"stream_name":"stdout","time":1029.060006853,"data":"SECONDARY_EDGE_TTA_ACTIVE views= 8 weight= 0.75 mean_abs_feat_delta= 0.278205\n"}
,{"stream_name":"stdout","time":1029.118573827,"data":"EDGE_TTA_ACTIVE views= 8 mean_abs_feat_delta= 0.28982\n"}
,{"stream_name":"stdout","time":1029.262879839,"data":"SECONDARY_EDGE_TTA_ACTIVE views= 8 weight= 0.75 mean_abs_feat_delta= 0.278205\n"}
,{"stream_name":"stdout","time":1029.262928226,"data":"EDGE_TTA_ACTIVE views= 8 mean_abs_feat_delta= 0.28982\n"}
,{"stream_name":"stdout","time":1030.03445514,"data":"SECONDARY_EDGE_TTA_ACTIVE views= 8 weight= 0.75 mean_abs_feat_delta= 0.214342\n"}
,{"stream_name":"stdout","time":1030.23687216,"data":"SECONDARY_EDGE_TTA_ACTIVE views= 8 weight= 0.75 mean_abs_feat_delta= 0.214342\n"}
,{"stream_name":"stdout","time":1030.237336453,"data":"EDGE_TTA_ACTIVE views= 8 mean_abs_feat_delta= 0.351443\n"}
,{"stream_name":"stdout","time":1030.439792534,"data":"EDGE_TTA_ACTIVE views= 8 mean_abs_feat_delta= 0.351443\n"}
,{"stream_name":"stdout","time":1031.0208025,"data":"EDGE_TTA_ACTIVE views= 8 mean_abs_feat_delta= 0.288198\n"}
,{"stream_name":"stdout","time":1031.223648557,"data":"EDGE_TTA_ACTIVE views= 8 mean_abs_feat_delta= 0.288198\n"}
,{"stream_name":"stdout","time":1031.252968985,"data":"SECONDARY_EDGE_TTA_ACTIVE views= 8 weight= 0.75 mean_abs_feat_delta= 0.274986\n"}
,{"stream_name":"stdout","time":1031.455441378,"data":"SECONDARY_EDGE_TTA_ACTIVE views= 8 weight= 0.75 mean_abs_feat_delta= 0.274986\n"}
,{"stream_name":"stdout","time":1031.939123889,"data":"SECONDARY_EDGE_TTA_ACTIVE views= 8 weight= 0.75 mean_abs_feat_delta= 0.215677\n"}
,{"stream_name":"stdout","time":1032.141577755,"data":"SECONDARY_EDGE_TTA_ACTIVE views= 8 weight= 0.75 mean_abs_feat_delta= 0.215677\n"}
,{"stream_name":"stdout","time":1032.414275792,"data":"EDGE_TTA_ACTIVE views= 8 mean_abs_feat_delta= 0.355512\n"}
,{"stream_name":"stdout","time":1032.616720174,"data":"EDGE_TTA_ACTIVE views= 8 mean_abs_feat_delta= 0.355512\n"}
,{"stream_name":"stdout","time":1032.921378397,"data":"EDGE_TTA_ACTIVE views= 8 mean_abs_feat_delta= 0.280635\n"}
,{"stream_name":"stdout","time":1033.12389453,"data":"EDGE_TTA_ACTIVE views= 8 mean_abs_feat_delta= 0.280635\n"}
,{"stream_name":"stdout","time":1033.42470616,"data":"SECONDARY_EDGE_TTA_ACTIVE views= 8 weight= 0.75 mean_abs_feat_delta= 0.274203\n"}
,{"stream_name":"stdout","time":1033.626880667,"data":"SECONDARY_EDGE_TTA_ACTIVE views= 8 weight= 0.75 mean_abs_feat_delta= 0.274203\n"}
,{"stream_name":"stdout","time":1033.83785411,"data":"SECONDARY_EDGE_TTA_ACTIVE views= 8 weight= 0.75 mean_abs_feat_delta= 0.231796\n"}
,{"stream_name":"stdout","time":1034.04019262,"data":"SECONDARY_EDGE_TTA_ACTIVE views= 8 weight= 0.75 mean_abs_feat_delta= 0.231796\n"}
,{"stream_name":"stdout","time":1034.559727438,"data":"EDGE_TTA_ACTIVE views= 8 mean_abs_feat_delta= 0.348668\n"}
,{"stream_name":"stdout","time":1034.762190536,"data":"EDGE_TTA_ACTIVE views= 8 mean_abs_feat_delta= 0.348668\n"}
,{"stream_name":"stdout","time":1034.861919722,"data":"EDGE_TTA_ACTIVE views= 8 mean_abs_feat_delta= 0.283807\n"}
,{"stream_name":"stdout","time":1035.064214427,"data":"EDGE_TTA_ACTIVE views= 8 mean_abs_feat_delta= 0.283807\n"}
,{"stream_name":"stdout","time":1035.565293044,"data":"SECONDARY_EDGE_TTA_ACTIVE views= 8 weight= 0.75 mean_abs_feat_delta= 0.273582\n"}
,{"stream_name":"stdout","time":1035.767789394,"data":"SECONDARY_EDGE_TTA_ACTIVE views= 8 weight= 0.75 mean_abs_feat_delta= 0.273582\n"}
,{"stream_name":"stdout","time":1035.779112044,"data":"SECONDARY_EDGE_TTA_ACTIVE views= 8 weight= 0.75 mean_abs_feat_delta= 0.220564\n"}
,{"stream_name":"stdout","time":1035.981614073,"data":"SECONDARY_EDGE_TTA_ACTIVE views= 8 weight= 0.75 mean_abs_feat_delta= 0.220564\n"}
,{"stream_name":"stdout","time":1036.689275609,"data":"EDGE_TTA_ACTIVE views= 8 mean_abs_feat_delta= 0.346939\n"}
,{"stream_name":"stdout","time":1036.765041894,"data":"EDGE_TTA_ACTIVE views= 8 mean_abs_feat_delta= 0.288234\n"}
,{"stream_name":"stdout","time":1036.891726341,"data":"EDGE_TTA_ACTIVE views= 8 mean_abs_feat_delta= 0.346939\n"}
,{"stream_name":"stdout","time":1036.891768051,"data":"EDGE_TTA_ACTIVE views= 8 mean_abs_feat_delta= 0.288234\n"}
,{"stream_name":"stdout","time":1037.683482127,"data":"SECONDARY_EDGE_TTA_ACTIVE views= 8 weight= 0.75 mean_abs_feat_delta= 0.221951\n"}
,{"stream_name":"stdout","time":1037.690999448,"data":"SECONDARY_EDGE_TTA_ACTIVE views= 8 weight= 0.75 mean_abs_feat_delta= 0.274097\n"}
,{"stream_name":"stdout","time":1037.88613712,"data":"SECONDARY_EDGE_TTA_ACTIVE views= 8 weight= 0.75 mean_abs_feat_delta= 0.221951\n"}
,{"stream_name":"stdout","time":1037.886213453,"data":"SECONDARY_EDGE_TTA_ACTIVE views= 8 weight= 0.75 mean_abs_feat_delta= 0.274097\n"}
,{"stream_name":"stdout","time":1038.675210926,"data":"EDGE_TTA_ACTIVE views= 8 mean_abs_feat_delta= 0.286344\n"}
,{"stream_name":"stdout","time":1038.812227867,"data":"EDGE_TTA_ACTIVE views= 8 mean_abs_feat_delta= 0.342592\n"}
,{"stream_name":"stdout","time":1038.877654059,"data":"EDGE_TTA_ACTIVE views= 8 mean_abs_feat_delta= 0.286344\n"}
,{"stream_name":"stdout","time":1038.877681695,"data":"EDGE_TTA_ACTIVE views= 8 mean_abs_feat_delta= 0.342592\n"}
,{"stream_name":"stdout","time":1039.592952457,"data":"SECONDARY_EDGE_TTA_ACTIVE views= 8 weight= 0.75 mean_abs_feat_delta= 0.217021\n"}
,{"stream_name":"stdout","time":1039.795559163,"data":"SECONDARY_EDGE_TTA_ACTIVE views= 8 weight= 0.75 mean_abs_feat_delta= 0.217021\n"}
,{"stream_name":"stdout","time":1039.808348402,"data":"SECONDARY_EDGE_TTA_ACTIVE views= 8 weight= 0.75 mean_abs_feat_delta= 0.277442\n"}
,{"stream_name":"stdout","time":1040.010770611,"data":"SECONDARY_EDGE_TTA_ACTIVE views= 8 weight= 0.75 mean_abs_feat_delta= 0.277442\n"}
,{"stream_name":"stdout","time":1040.579211495,"data":"EDGE_TTA_ACTIVE views= 8 mean_abs_feat_delta= 0.281856\n"}
,{"stream_name":"stdout","time":1040.781667009,"data":"EDGE_TTA_ACTIVE views= 8 mean_abs_feat_delta= 0.281856\n"}
,{"stream_name":"stdout","time":1040.919990775,"data":"EDGE_TTA_ACTIVE views= 8 mean_abs_feat_delta= 0.347841\n"}
,{"stream_name":"stdout","time":1041.122586586,"data":"EDGE_TTA_ACTIVE views= 8 mean_abs_feat_delta= 0.347841\n"}
,{"stream_name":"stdout","time":1041.499883795,"data":"SECONDARY_EDGE_TTA_ACTIVE views= 8 weight= 0.75 mean_abs_feat_delta= 0.219424\n"}
,{"stream_name":"stdout","time":1041.702499088,"data":"SECONDARY_EDGE_TTA_ACTIVE views= 8 weight= 0.75 mean_abs_feat_delta= 0.219424\n"}
,{"stream_name":"stdout","time":1041.910515729,"data":"SECONDARY_EDGE_TTA_ACTIVE views= 8 weight= 0.75 mean_abs_feat_delta= 0.271551\n"}
,{"stream_name":"stdout","time":1042.11297644,"data":"SECONDARY_EDGE_TTA_ACTIVE views= 8 weight= 0.75 mean_abs_feat_delta= 0.271551\n"}
,{"stream_name":"stdout","time":1042.524096888,"data":"EDGE_TTA_ACTIVE views= 8 mean_abs_feat_delta= 0.277556\n"}
,{"stream_name":"stdout","time":1042.726464091,"data":"EDGE_TTA_ACTIVE views= 8 mean_abs_feat_delta= 0.277556\n"}
,{"stream_name":"stdout","time":1043.017516214,"data":"EDGE_TTA_ACTIVE views= 8 mean_abs_feat_delta= 0.345072\n"}
,{"stream_name":"stdout","time":1043.220026845,"data":"EDGE_TTA_ACTIVE views= 8 mean_abs_feat_delta= 0.345072\n"}
,{"stream_name":"stdout","time":1043.445497135,"data":"SECONDARY_EDGE_TTA_ACTIVE views= 8 weight= 0.75 mean_abs_feat_delta= 0.225892\n"}
,{"stream_name":"stdout","time":1043.647997651,"data":"SECONDARY_EDGE_TTA_ACTIVE views= 8 weight= 0.75 mean_abs_feat_delta= 0.225892\n"}
,{"stream_name":"stdout","time":1044.001827325,"data":"SECONDARY_EDGE_TTA_ACTIVE views= 8 weight= 0.75 mean_abs_feat_delta= 0.268445\n"}
,{"stream_name":"stdout","time":1044.204341262,"data":"SECONDARY_EDGE_TTA_ACTIVE views= 8 weight= 0.75 mean_abs_feat_delta= 0.268445\n"}
,{"stream_name":"stdout","time":1044.441162686,"data":"EDGE_TTA_ACTIVE views= 8 mean_abs_feat_delta= 0.277451\n"}
,{"stream_name":"stdout","time":1044.643633889,"data":"EDGE_TTA_ACTIVE views= 8 mean_abs_feat_delta= 0.277451\n"}
,{"stream_name":"stdout","time":1045.111521027,"data":"EDGE_TTA_ACTIVE views= 8 mean_abs_feat_delta= 0.344896\n"}
,{"stream_name":"stdout","time":1045.314184436,"data":"EDGE_TTA_ACTIVE views= 8 mean_abs_feat_delta= 0.344896\n"}
,{"stream_name":"stdout","time":1045.364358778,"data":"SECONDARY_EDGE_TTA_ACTIVE views= 8 weight= 0.75 mean_abs_feat_delta= 0.227464\n"}
,{"stream_name":"stdout","time":1045.566997397,"data":"SECONDARY_EDGE_TTA_ACTIVE views= 8 weight= 0.75 mean_abs_feat_delta= 0.227464\n"}
,{"stream_name":"stdout","time":1046.095185128,"data":"SECONDARY_EDGE_TTA_ACTIVE views= 8 weight= 0.75 mean_abs_feat_delta= 0.270607\n"}
,{"stream_name":"stdout","time":1046.297863613,"data":"SECONDARY_EDGE_TTA_ACTIVE views= 8 weight= 0.75 mean_abs_feat_delta= 0.270607\n"}
,{"stream_name":"stdout","time":1046.355007984,"data":"EDGE_TTA_ACTIVE views= 8 mean_abs_feat_delta= 0.278448\n"}
,{"stream_name":"stdout","time":1046.557458906,"data":"EDGE_TTA_ACTIVE views= 8 mean_abs_feat_delta= 0.278448\n"}
,{"stream_name":"stdout","time":1047.211206354,"data":"EDGE_TTA_ACTIVE views= 8 mean_abs_feat_delta= 0.348324\n"}
,{"stream_name":"stdout","time":1047.281100184,"data":"SECONDARY_EDGE_TTA_ACTIVE views= 8 weight= 0.75 mean_abs_feat_delta= 0.224003\n"}
,{"stream_name":"stdout","time":1047.451400521,"data":"EDGE_TTA_ACTIVE views= 8 mean_abs_feat_delta= 0.348324\n"}
,{"stream_name":"stdout","time":1047.451425821,"data":"SECONDARY_EDGE_TTA_ACTIVE views= 8 weight= 0.75 mean_abs_feat_delta= 0.224003\n"}
,{"stream_name":"stdout","time":1048.190509711,"data":"SECONDARY_EDGE_TTA_ACTIVE views= 8 weight= 0.75 mean_abs_feat_delta= 0.275814\n"}
,{"stream_name":"stdout","time":1048.304695079,"data":"EDGE_TTA_ACTIVE views= 8 mean_abs_feat_delta= 0.279406\n"}
,{"stream_name":"stdout","time":1048.392919682,"data":"SECONDARY_EDGE_TTA_ACTIVE views= 8 weight= 0.75 mean_abs_feat_delta= 0.275814\n"}
,{"stream_name":"stdout","time":1048.393084778,"data":"EDGE_TTA_ACTIVE views= 8 mean_abs_feat_delta= 0.279406\n"}
,{"stream_name":"stdout","time":1049.236664439,"data":"SECONDARY_EDGE_TTA_ACTIVE views= 8 weight= 0.75 mean_abs_feat_delta= 0.22521\n"}
,{"stream_name":"stdout","time":1049.324770192,"data":"EDGE_TTA_ACTIVE views= 8 mean_abs_feat_delta= 0.346953\n"}
,{"stream_name":"stdout","time":1049.43889201,"data":"SECONDARY_EDGE_TTA_ACTIVE views= 8 weight= 0.75 mean_abs_feat_delta= 0.22521\n"}
,{"stream_name":"stdout","time":1049.438957727,"data":"EDGE_TTA_ACTIVE views= 8 mean_abs_feat_delta= 0.346953\n"}
,{"stream_name":"stdout","time":1050.22956273,"data":"EDGE_TTA_ACTIVE views= 8 mean_abs_feat_delta= 0.28314\n"}
,{"stream_name":"stdout","time":1050.298517421,"data":"SECONDARY_EDGE_TTA_ACTIVE views= 8 weight= 0.75 mean_abs_feat_delta= 0.273692\n"}
,{"stream_name":"stdout","time":1050.431619542,"data":"EDGE_TTA_ACTIVE views= 8 mean_abs_feat_delta= 0.28314\n"}
,{"stream_name":"stdout","time":1050.431651609,"data":"SECONDARY_EDGE_TTA_ACTIVE views= 8 weight= 0.75 mean_abs_feat_delta= 0.273692\n"}
,{"stream_name":"stdout","time":1051.160154635,"data":"SECONDARY_EDGE_TTA_ACTIVE views= 8 weight= 0.75 mean_abs_feat_delta= 0.223172\n"}
,{"stream_name":"stdout","time":1051.362901804,"data":"SECONDARY_EDGE_TTA_ACTIVE views= 8 weight= 0.75 mean_abs_feat_delta= 0.223172\n"}
,{"stream_name":"stdout","time":1051.431516977,"data":"EDGE_TTA_ACTIVE views= 8 mean_abs_feat_delta= 0.344214\n"}
,{"stream_name":"stdout","time":1051.633995115,"data":"EDGE_TTA_ACTIVE views= 8 mean_abs_feat_delta= 0.344214\n"}
,{"stream_name":"stdout","time":1052.189226347,"data":"EDGE_TTA_ACTIVE views= 8 mean_abs_feat_delta= 0.290562\n"}
,{"stream_name":"stdout","time":1052.391704493,"data":"EDGE_TTA_ACTIVE views= 8 mean_abs_feat_delta= 0.290562\n"}
,{"stream_name":"stdout","time":1052.404798536,"data":"SECONDARY_EDGE_TTA_ACTIVE views= 8 weight= 0.75 mean_abs_feat_delta= 0.270608\n"}
,{"stream_name":"stdout","time":1052.607334644,"data":"SECONDARY_EDGE_TTA_ACTIVE views= 8 weight= 0.75 mean_abs_feat_delta= 0.270608\n"}
,{"stream_name":"stdout","time":1053.117050174,"data":"SECONDARY_EDGE_TTA_ACTIVE views= 8 weight= 0.75 mean_abs_feat_delta= 0.22398\n"}
,{"stream_name":"stdout","time":1053.319611004,"data":"SECONDARY_EDGE_TTA_ACTIVE views= 8 weight= 0.75 mean_abs_feat_delta= 0.22398\n"}
,{"stream_name":"stdout","time":1053.498259579,"data":"EDGE_TTA_ACTIVE views= 8 mean_abs_feat_delta= 0.345782\n"}
,{"stream_name":"stdout","time":1053.700878287,"data":"EDGE_TTA_ACTIVE views= 8 mean_abs_feat_delta= 0.345782\n"}
,{"stream_name":"stdout","time":1054.116094537,"data":"EDGE_TTA_ACTIVE views= 8 mean_abs_feat_delta= 0.288456\n"}
,{"stream_name":"stdout","time":1054.318570189,"data":"EDGE_TTA_ACTIVE views= 8 mean_abs_feat_delta= 0.288456\n"}
,{"stream_name":"stdout","time":1054.471581447,"data":"SECONDARY_EDGE_TTA_ACTIVE views= 8 weight= 0.75 mean_abs_feat_delta= 0.27426\n"}
,{"stream_name":"stdout","time":1054.475518032,"data":"BIOHUB_RETENTION_GUARD {\"blended_candidates\": 342, \"dataset\": \"6bba_07e24132\", \"frame\": 32, \"minimum_retention\": 0.9, \"primary_candidates\": 392, \"retention\": 0.8724489795918368, \"use_primary\": true}\n"}
,{"stream_name":"stdout","time":1054.673868032,"data":"SECONDARY_EDGE_TTA_ACTIVE views= 8 weight= 0.75 mean_abs_feat_delta= 0.27426\n"}
,{"stream_name":"stdout","time":1054.67390463,"data":"BIOHUB_RETENTION_GUARD {\"blended_candidates\": 342, \"dataset\": \"6bba_07e24132\", \"frame\": 32, \"minimum_retention\": 0.9, \"primary_candidates\": 392, \"retention\": 0.8724489795918368, \"use_primary\": true}\n"}
,{"stream_name":"stdout","time":1055.047153457,"data":"SECONDARY_EDGE_TTA_ACTIVE views= 8 weight= 0.75 mean_abs_feat_delta= 0.222267\n"}
,{"stream_name":"stdout","time":1055.249907368,"data":"SECONDARY_EDGE_TTA_ACTIVE views= 8 weight= 0.75 mean_abs_feat_delta= 0.222267\n"}
,{"stream_name":"stdout","time":1055.585753882,"data":"EDGE_TTA_ACTIVE views= 8 mean_abs_feat_delta= 0.345884\n"}
,{"stream_name":"stdout","time":1055.788399881,"data":"EDGE_TTA_ACTIVE views= 8 mean_abs_feat_delta= 0.345884\n"}
,{"stream_name":"stdout","time":1056.061958238,"data":"EDGE_TTA_ACTIVE views= 8 mean_abs_feat_delta= 0.286395\n"}
,{"stream_name":"stdout","time":1056.264590169,"data":"EDGE_TTA_ACTIVE views= 8 mean_abs_feat_delta= 0.286395\n"}
,{"stream_name":"stdout","time":1056.559437865,"data":"SECONDARY_EDGE_TTA_ACTIVE views= 8 weight= 0.75 mean_abs_feat_delta= 0.271994\n"}
,{"stream_name":"stdout","time":1056.762072808,"data":"SECONDARY_EDGE_TTA_ACTIVE views= 8 weight= 0.75 mean_abs_feat_delta= 0.271994\n"}
,{"stream_name":"stdout","time":1056.995859678,"data":"SECONDARY_EDGE_TTA_ACTIVE views= 8 weight= 0.75 mean_abs_feat_delta= 0.216743\n"}
,{"stream_name":"stdout","time":1057.198112197,"data":"SECONDARY_EDGE_TTA_ACTIVE views= 8 weight= 0.75 mean_abs_feat_delta= 0.216743\n"}
,{"stream_name":"stdout","time":1057.661395618,"data":"EDGE_TTA_ACTIVE views= 8 mean_abs_feat_delta= 0.349488\n"}
,{"stream_name":"stdout","time":1057.863916656,"data":"EDGE_TTA_ACTIVE views= 8 mean_abs_feat_delta= 0.349488\n"}
,{"stream_name":"stdout","time":1057.999381596,"data":"EDGE_TTA_ACTIVE views= 8 mean_abs_feat_delta= 0.294338\n"}
,{"stream_name":"stdout","time":1058.201948187,"data":"EDGE_TTA_ACTIVE views= 8 mean_abs_feat_delta= 0.294338\n"}
,{"stream_name":"stdout","time":1058.62896115,"data":"SECONDARY_EDGE_TTA_ACTIVE views= 8 weight= 0.75 mean_abs_feat_delta= 0.27163\n"}
,{"stream_name":"stdout","time":1058.831438481,"data":"SECONDARY_EDGE_TTA_ACTIVE views= 8 weight= 0.75 mean_abs_feat_delta= 0.27163\n"}
,{"stream_name":"stdout","time":1058.933432852,"data":"SECONDARY_EDGE_TTA_ACTIVE views= 8 weight= 0.75 mean_abs_feat_delta= 0.215333\n"}
,{"stream_name":"stdout","time":1059.135840906,"data":"SECONDARY_EDGE_TTA_ACTIVE views= 8 weight= 0.75 mean_abs_feat_delta= 0.215333\n"}
,{"stream_name":"stdout","time":1059.723116388,"data":"EDGE_TTA_ACTIVE views= 8 mean_abs_feat_delta= 0.344998\n"}
,{"stream_name":"stdout","time":1059.925548571,"data":"EDGE_TTA_ACTIVE views= 8 mean_abs_feat_delta= 0.344998\n"}
,{"stream_name":"stdout","time":1059.93909485,"data":"EDGE_TTA_ACTIVE views= 8 mean_abs_feat_delta= 0.290596\n"}
,{"stream_name":"stdout","time":1060.141684514,"data":"EDGE_TTA_ACTIVE views= 8 mean_abs_feat_delta= 0.290596\n"}
,{"stream_name":"stdout","time":1060.69404747,"data":"SECONDARY_EDGE_TTA_ACTIVE views= 8 weight= 0.75 mean_abs_feat_delta= 0.273802\n"}
,{"stream_name":"stdout","time":1060.871990057,"data":"SECONDARY_EDGE_TTA_ACTIVE views= 8 weight= 0.75 mean_abs_feat_delta= 0.212684\n"}
,{"stream_name":"stdout","time":1060.896885231,"data":"SECONDARY_EDGE_TTA_ACTIVE views= 8 weight= 0.75 mean_abs_feat_delta= 0.273802\n"}
,{"stream_name":"stdout","time":1060.896916462,"data":"SECONDARY_EDGE_TTA_ACTIVE views= 8 weight= 0.75 mean_abs_feat_delta= 0.212684\n"}
,{"stream_name":"stdout","time":1061.826375165,"data":"EDGE_TTA_ACTIVE views= 8 mean_abs_feat_delta= 0.344112\n"}
,{"stream_name":"stdout","time":1061.883791842,"data":"EDGE_TTA_ACTIVE views= 8 mean_abs_feat_delta= 0.288951\n"}
,{"stream_name":"stdout","time":1062.02869606,"data":"EDGE_TTA_ACTIVE views= 8 mean_abs_feat_delta= 0.344112\n"}
,{"stream_name":"stdout","time":1062.028723525,"data":"EDGE_TTA_ACTIVE views= 8 mean_abs_feat_delta= 0.288951\n"}
,{"stream_name":"stdout","time":1062.79934807,"data":"SECONDARY_EDGE_TTA_ACTIVE views= 8 weight= 0.75 mean_abs_feat_delta= 0.271976\n"}
,{"stream_name":"stdout","time":1062.81751274,"data":"SECONDARY_EDGE_TTA_ACTIVE views= 8 weight= 0.75 mean_abs_feat_delta= 0.219589\n"}
,{"stream_name":"stdout","time":1063.00187177,"data":"SECONDARY_EDGE_TTA_ACTIVE views= 8 weight= 0.75 mean_abs_feat_delta= 0.271976\n"}
,{"stream_name":"stdout","time":1063.001934707,"data":"SECONDARY_EDGE_TTA_ACTIVE views= 8 weight= 0.75 mean_abs_feat_delta= 0.219589\n"}
,{"stream_name":"stdout","time":1063.841595595,"data":"EDGE_TTA_ACTIVE views= 8 mean_abs_feat_delta= 0.287622\n"}
,{"stream_name":"stdout","time":1063.912173562,"data":"EDGE_TTA_ACTIVE views= 8 mean_abs_feat_delta= 0.344058\n"}
,{"stream_name":"stdout","time":1064.044104903,"data":"EDGE_TTA_ACTIVE views= 8 mean_abs_feat_delta= 0.287622\n"}
,{"stream_name":"stdout","time":1064.044142009,"data":"EDGE_TTA_ACTIVE views= 8 mean_abs_feat_delta= 0.344058\n"}
,{"stream_name":"stdout","time":1064.778592224,"data":"SECONDARY_EDGE_TTA_ACTIVE views= 8 weight= 0.75 mean_abs_feat_delta= 0.221772\n"}
,{"stream_name":"stdout","time":1064.884006294,"data":"SECONDARY_EDGE_TTA_ACTIVE views= 8 weight= 0.75 mean_abs_feat_delta= 0.27149\n"}
,{"stream_name":"stdout","time":1064.980914547,"data":"SECONDARY_EDGE_TTA_ACTIVE views= 8 weight= 0.75 mean_abs_feat_delta= 0.221772\n"}
,{"stream_name":"stdout","time":1064.980947991,"data":"SECONDARY_EDGE_TTA_ACTIVE views= 8 weight= 0.75 mean_abs_feat_delta= 0.27149\n"}
,{"stream_name":"stdout","time":1065.787320579,"data":"EDGE_TTA_ACTIVE views= 8 mean_abs_feat_delta= 0.288395\n"}
,{"stream_name":"stdout","time":1065.979695781,"data":"EDGE_TTA_ACTIVE views= 8 mean_abs_feat_delta= 0.342413\n"}
,{"stream_name":"stdout","time":1065.990055128,"data":"EDGE_TTA_ACTIVE views= 8 mean_abs_feat_delta= 0.288395\n"}
,{"stream_name":"stdout","time":1065.99008265,"data":"EDGE_TTA_ACTIVE views= 8 mean_abs_feat_delta= 0.342413\n"}
,{"stream_name":"stdout","time":1066.724638684,"data":"SECONDARY_EDGE_TTA_ACTIVE views= 8 weight= 0.75 mean_abs_feat_delta= 0.228785\n"}
,{"stream_name":"stdout","time":1066.927144385,"data":"SECONDARY_EDGE_TTA_ACTIVE views= 8 weight= 0.75 mean_abs_feat_delta= 0.228785\n"}
,{"stream_name":"stdout","time":1066.95217358,"data":"SECONDARY_EDGE_TTA_ACTIVE views= 8 weight= 0.75 mean_abs_feat_delta= 0.268044\n"}
,{"stream_name":"stdout","time":1067.154615102,"data":"SECONDARY_EDGE_TTA_ACTIVE views= 8 weight= 0.75 mean_abs_feat_delta= 0.268044\n"}
,{"stream_name":"stdout","time":1067.734902052,"data":"EDGE_TTA_ACTIVE views= 8 mean_abs_feat_delta= 0.286202\n"}
,{"stream_name":"stdout","time":1067.937432625,"data":"EDGE_TTA_ACTIVE views= 8 mean_abs_feat_delta= 0.286202\n"}
,{"stream_name":"stdout","time":1068.045318155,"data":"EDGE_TTA_ACTIVE views= 8 mean_abs_feat_delta= 0.339014\n"}
,{"stream_name":"stdout","time":1068.247905342,"data":"EDGE_TTA_ACTIVE views= 8 mean_abs_feat_delta= 0.339014\n"}
,{"stream_name":"stdout","time":1068.672372854,"data":"SECONDARY_EDGE_TTA_ACTIVE views= 8 weight= 0.75 mean_abs_feat_delta= 0.227519\n"}
,{"stream_name":"stdout","time":1068.874658329,"data":"SECONDARY_EDGE_TTA_ACTIVE views= 8 weight= 0.75 mean_abs_feat_delta= 0.227519\n"}
,{"stream_name":"stdout","time":1069.018595552,"data":"SECONDARY_EDGE_TTA_ACTIVE views= 8 weight= 0.75 mean_abs_feat_delta= 0.262923\n"}
,{"stream_name":"stdout","time":1069.221185797,"data":"SECONDARY_EDGE_TTA_ACTIVE views= 8 weight= 0.75 mean_abs_feat_delta= 0.262923\n"}
,{"stream_name":"stdout","time":1069.679223398,"data":"EDGE_TTA_ACTIVE views= 8 mean_abs_feat_delta= 0.287794\n"}
,{"stream_name":"stdout","time":1069.881873031,"data":"EDGE_TTA_ACTIVE views= 8 mean_abs_feat_delta= 0.287794\n"}
,{"stream_name":"stdout","time":1070.112027209,"data":"EDGE_TTA_ACTIVE views= 8 mean_abs_feat_delta= 0.331895\n"}
,{"stream_name":"stdout","time":1070.314569962,"data":"EDGE_TTA_ACTIVE views= 8 mean_abs_feat_delta= 0.331895\n"}
,{"stream_name":"stdout","time":1070.618464261,"data":"SECONDARY_EDGE_TTA_ACTIVE views= 8 weight= 0.75 mean_abs_feat_delta= 0.226443\n"}
,{"stream_name":"stdout","time":1070.820951827,"data":"SECONDARY_EDGE_TTA_ACTIVE views= 8 weight= 0.75 mean_abs_feat_delta= 0.226443\n"}
,{"stream_name":"stdout","time":1071.08534726,"data":"SECONDARY_EDGE_TTA_ACTIVE views= 8 weight= 0.75 mean_abs_feat_delta= 0.264978\n"}
,{"stream_name":"stdout","time":1071.287703827,"data":"SECONDARY_EDGE_TTA_ACTIVE views= 8 weight= 0.75 mean_abs_feat_delta= 0.264978\n"}
,{"stream_name":"stdout","time":1071.626724826,"data":"EDGE_TTA_ACTIVE views= 8 mean_abs_feat_delta= 0.288107\n"}
,{"stream_name":"stdout","time":1071.829411703,"data":"EDGE_TTA_ACTIVE views= 8 mean_abs_feat_delta= 0.288107\n"}
,{"stream_name":"stdout","time":1072.218590766,"data":"EDGE_TTA_ACTIVE views= 8 mean_abs_feat_delta= 0.34071\n"}
,{"stream_name":"stdout","time":1072.421098218,"data":"EDGE_TTA_ACTIVE views= 8 mean_abs_feat_delta= 0.34071\n"}
,{"stream_name":"stdout","time":1072.559739443,"data":"SECONDARY_EDGE_TTA_ACTIVE views= 8 weight= 0.75 mean_abs_feat_delta= 0.223466\n"}
,{"stream_name":"stdout","time":1072.76210678,"data":"SECONDARY_EDGE_TTA_ACTIVE views= 8 weight= 0.75 mean_abs_feat_delta= 0.223466\n"}
,{"stream_name":"stdout","time":1073.191836951,"data":"SECONDARY_EDGE_TTA_ACTIVE views= 8 weight= 0.75 mean_abs_feat_delta= 0.260415\n"}
,{"stream_name":"stdout","time":1073.394393471,"data":"SECONDARY_EDGE_TTA_ACTIVE views= 8 weight= 0.75 mean_abs_feat_delta= 0.260415\n"}
,{"stream_name":"stdout","time":1073.569303527,"data":"EDGE_TTA_ACTIVE views= 8 mean_abs_feat_delta= 0.292464\n"}
,{"stream_name":"stdout","time":1073.771903154,"data":"EDGE_TTA_ACTIVE views= 8 mean_abs_feat_delta= 0.292464\n"}
,{"stream_name":"stdout","time":1074.285887188,"data":"EDGE_TTA_ACTIVE views= 8 mean_abs_feat_delta= 0.344597\n"}
,{"stream_name":"stdout","time":1074.488254709,"data":"EDGE_TTA_ACTIVE views= 8 mean_abs_feat_delta= 0.344597\n"}
,{"stream_name":"stdout","time":1074.506909994,"data":"SECONDARY_EDGE_TTA_ACTIVE views= 8 weight= 0.75 mean_abs_feat_delta= 0.228632\n"}
,{"stream_name":"stdout","time":1074.709378342,"data":"SECONDARY_EDGE_TTA_ACTIVE views= 8 weight= 0.75 mean_abs_feat_delta= 0.228632\n"}
,{"stream_name":"stdout","time":1075.261281313,"data":"SECONDARY_EDGE_TTA_ACTIVE views= 8 weight= 0.75 mean_abs_feat_delta= 0.26243\n"}
,{"stream_name":"stdout","time":1075.464111217,"data":"SECONDARY_EDGE_TTA_ACTIVE views= 8 weight= 0.75 mean_abs_feat_delta= 0.26243\n"}
,{"stream_name":"stdout","time":1075.509566281,"data":"EDGE_TTA_ACTIVE views= 8 mean_abs_feat_delta= 0.292965\n"}
,{"stream_name":"stdout","time":1075.711928172,"data":"EDGE_TTA_ACTIVE views= 8 mean_abs_feat_delta= 0.292965\n"}
,{"stream_name":"stdout","time":1076.398016961,"data":"EDGE_TTA_ACTIVE views= 8 mean_abs_feat_delta= 0.347949\n"}
,{"stream_name":"stdout","time":1076.448632127,"data":"SECONDARY_EDGE_TTA_ACTIVE views= 8 weight= 0.75 mean_abs_feat_delta= 0.234289\n"}
,{"stream_name":"stdout","time":1076.600555212,"data":"EDGE_TTA_ACTIVE views= 8 mean_abs_feat_delta= 0.347949\n"}
,{"stream_name":"stdout","time":1076.600588858,"data":"SECONDARY_EDGE_TTA_ACTIVE views= 8 weight= 0.75 mean_abs_feat_delta= 0.234289\n"}
,{"stream_name":"stdout","time":1077.371416014,"data":"SECONDARY_EDGE_TTA_ACTIVE views= 8 weight= 0.75 mean_abs_feat_delta= 0.263794\n"}
,{"stream_name":"stdout","time":1077.459310679,"data":"EDGE_TTA_ACTIVE views= 8 mean_abs_feat_delta= 0.287195\n"}
,{"stream_name":"stdout","time":1077.613671372,"data":"SECONDARY_EDGE_TTA_ACTIVE views= 8 weight= 0.75 mean_abs_feat_delta= 0.263794\n"}
,{"stream_name":"stdout","time":1077.613716827,"data":"EDGE_TTA_ACTIVE views= 8 mean_abs_feat_delta= 0.287195\n"}
,{"stream_name":"stdout","time":1078.396686938,"data":"SECONDARY_EDGE_TTA_ACTIVE views= 8 weight= 0.75 mean_abs_feat_delta= 0.231866\n"}
,{"stream_name":"stdout","time":1078.466832228,"data":"EDGE_TTA_ACTIVE views= 8 mean_abs_feat_delta= 0.343395\n"}
,{"stream_name":"stdout","time":1078.599254934,"data":"SECONDARY_EDGE_TTA_ACTIVE views= 8 weight= 0.75 mean_abs_feat_delta= 0.231866\n"}
,{"stream_name":"stdout","time":1078.599300269,"data":"EDGE_TTA_ACTIVE views= 8 mean_abs_feat_delta= 0.343395\n"}
,{"stream_name":"stdout","time":1079.406217351,"data":"EDGE_TTA_ACTIVE views= 8 mean_abs_feat_delta= 0.283498\n"}
,{"stream_name":"stdout","time":1079.44326788,"data":"SECONDARY_EDGE_TTA_ACTIVE views= 8 weight= 0.75 mean_abs_feat_delta= 0.261742\n"}
,{"stream_name":"stdout","time":1079.6087155,"data":"EDGE_TTA_ACTIVE views= 8 mean_abs_feat_delta= 0.283498\n"}
,{"stream_name":"stdout","time":1079.60874994,"data":"SECONDARY_EDGE_TTA_ACTIVE views= 8 weight= 0.75 mean_abs_feat_delta= 0.261742\n"}
,{"stream_name":"stdout","time":1080.346088404,"data":"SECONDARY_EDGE_TTA_ACTIVE views= 8 weight= 0.75 mean_abs_feat_delta= 0.248174\n"}
,{"stream_name":"stdout","time":1080.539972919,"data":"EDGE_TTA_ACTIVE views= 8 mean_abs_feat_delta= 0.342938\n"}
,{"stream_name":"stdout","time":1080.548652021,"data":"SECONDARY_EDGE_TTA_ACTIVE views= 8 weight= 0.75 mean_abs_feat_delta= 0.248174\n"}
,{"stream_name":"stdout","time":1080.548672124,"data":"EDGE_TTA_ACTIVE views= 8 mean_abs_feat_delta= 0.342938\n"}
,{"stream_name":"stdout","time":1081.352810708,"data":"EDGE_TTA_ACTIVE views= 8 mean_abs_feat_delta= 0.283498\n"}
,{"stream_name":"stdout","time":1081.515117734,"data":"SECONDARY_EDGE_TTA_ACTIVE views= 8 weight= 0.75 mean_abs_feat_delta= 0.262384\n"}
,{"stream_name":"stdout","time":1081.555363494,"data":"EDGE_TTA_ACTIVE views= 8 mean_abs_feat_delta= 0.283498\n"}
,{"stream_name":"stdout","time":1081.555394291,"data":"SECONDARY_EDGE_TTA_ACTIVE views= 8 weight= 0.75 mean_abs_feat_delta= 0.262384\n"}
,{"stream_name":"stdout","time":1082.29651035,"data":"SECONDARY_EDGE_TTA_ACTIVE views= 8 weight= 0.75 mean_abs_feat_delta= 0.248174\n"}
,{"stream_name":"stdout","time":1082.499220041,"data":"SECONDARY_EDGE_TTA_ACTIVE views= 8 weight= 0.75 mean_abs_feat_delta= 0.248174\n"}
,{"stream_name":"stdout","time":1082.609274578,"data":"EDGE_TTA_ACTIVE views= 8 mean_abs_feat_delta= 0.34073\n"}
,{"stream_name":"stdout","time":1082.811809424,"data":"EDGE_TTA_ACTIVE views= 8 mean_abs_feat_delta= 0.34073\n"}
,{"stream_name":"stdout","time":1083.30131953,"data":"EDGE_TTA_ACTIVE views= 8 mean_abs_feat_delta= 0.283498\n"}
,{"stream_name":"stdout","time":1083.503841772,"data":"EDGE_TTA_ACTIVE views= 8 mean_abs_feat_delta= 0.283498\n"}
,{"stream_name":"stdout","time":1083.593053349,"data":"SECONDARY_EDGE_TTA_ACTIVE views= 8 weight= 0.75 mean_abs_feat_delta= 0.263048\n"}
,{"stream_name":"stdout","time":1083.79564435,"data":"SECONDARY_EDGE_TTA_ACTIVE views= 8 weight= 0.75 mean_abs_feat_delta= 0.263048\n"}
,{"stream_name":"stdout","time":1084.246037552,"data":"SECONDARY_EDGE_TTA_ACTIVE views= 8 weight= 0.75 mean_abs_feat_delta= 0.248174\n"}
,{"stream_name":"stdout","time":1084.448481509,"data":"SECONDARY_EDGE_TTA_ACTIVE views= 8 weight= 0.75 mean_abs_feat_delta= 0.248174\n"}
,{"stream_name":"stdout","time":1084.700611554,"data":"EDGE_TTA_ACTIVE views= 8 mean_abs_feat_delta= 0.337223\n"}
,{"stream_name":"stdout","time":1084.903051723,"data":"EDGE_TTA_ACTIVE views= 8 mean_abs_feat_delta= 0.337223\n"}
,{"stream_name":"stdout","time":1085.289208173,"data":"EDGE_TTA_ACTIVE views= 8 mean_abs_feat_delta= 0.315338\n"}
,{"stream_name":"stdout","time":1085.491696156,"data":"EDGE_TTA_ACTIVE views= 8 mean_abs_feat_delta= 0.315338\n"}
,{"stream_name":"stdout","time":1085.694727984,"data":"SECONDARY_EDGE_TTA_ACTIVE views= 8 weight= 0.75 mean_abs_feat_delta= 0.265915\n"}
,{"stream_name":"stdout","time":1085.897336797,"data":"SECONDARY_EDGE_TTA_ACTIVE views= 8 weight= 0.75 mean_abs_feat_delta= 0.265915\n"}
,{"stream_name":"stdout","time":1086.234060022,"data":"SECONDARY_EDGE_TTA_ACTIVE views= 8 weight= 0.75 mean_abs_feat_delta= 0.220212\n"}
,{"stream_name":"stdout","time":1086.436311124,"data":"SECONDARY_EDGE_TTA_ACTIVE views= 8 weight= 0.75 mean_abs_feat_delta= 0.220212\n"}
,{"stream_name":"stdout","time":1086.810405404,"data":"EDGE_TTA_ACTIVE views= 8 mean_abs_feat_delta= 0.338214\n"}
,{"stream_name":"stdout","time":1087.012988794,"data":"EDGE_TTA_ACTIVE views= 8 mean_abs_feat_delta= 0.338214\n"}
,{"stream_name":"stdout","time":1087.248073638,"data":"EDGE_TTA_ACTIVE views= 8 mean_abs_feat_delta= 0.316057\n"}
,{"stream_name":"stdout","time":1087.450620583,"data":"EDGE_TTA_ACTIVE views= 8 mean_abs_feat_delta= 0.316057\n"}
,{"stream_name":"stdout","time":1087.80441518,"data":"SECONDARY_EDGE_TTA_ACTIVE views= 8 weight= 0.75 mean_abs_feat_delta= 0.26675\n"}
,{"stream_name":"stdout","time":1088.007050454,"data":"SECONDARY_EDGE_TTA_ACTIVE views= 8 weight= 0.75 mean_abs_feat_delta= 0.26675\n"}
,{"stream_name":"stdout","time":1088.194458839,"data":"SECONDARY_EDGE_TTA_ACTIVE views= 8 weight= 0.75 mean_abs_feat_delta= 0.218752\n"}
,{"stream_name":"stdout","time":1088.39663268,"data":"SECONDARY_EDGE_TTA_ACTIVE views= 8 weight= 0.75 mean_abs_feat_delta= 0.218752\n"}
,{"stream_name":"stdout","time":1088.94422876,"data":"EDGE_TTA_ACTIVE views= 8 mean_abs_feat_delta= 0.343058\n"}
,{"stream_name":"stdout","time":1089.146855194,"data":"EDGE_TTA_ACTIVE views= 8 mean_abs_feat_delta= 0.343058\n"}
,{"stream_name":"stdout","time":1089.216400818,"data":"EDGE_TTA_ACTIVE views= 8 mean_abs_feat_delta= 0.289165\n"}
,{"stream_name":"stdout","time":1089.418816989,"data":"EDGE_TTA_ACTIVE views= 8 mean_abs_feat_delta= 0.289165\n"}
,{"stream_name":"stdout","time":1089.947018458,"data":"SECONDARY_EDGE_TTA_ACTIVE views= 8 weight= 0.75 mean_abs_feat_delta= 0.26723\n"}
,{"stream_name":"stdout","time":1090.149664017,"data":"SECONDARY_EDGE_TTA_ACTIVE views= 8 weight= 0.75 mean_abs_feat_delta= 0.26723\n"}
,{"stream_name":"stdout","time":1090.162823056,"data":"SECONDARY_EDGE_TTA_ACTIVE views= 8 weight= 0.75 mean_abs_feat_delta= 0.231963\n"}
,{"stream_name":"stdout","time":1090.365102098,"data":"SECONDARY_EDGE_TTA_ACTIVE views= 8 weight= 0.75 mean_abs_feat_delta= 0.231963\n"}
,{"stream_name":"stdout","time":1091.052948915,"data":"EDGE_TTA_ACTIVE views= 8 mean_abs_feat_delta= 0.343211\n"}
,{"stream_name":"stdout","time":1091.172068276,"data":"EDGE_TTA_ACTIVE views= 8 mean_abs_feat_delta= 0.28309\n"}
,{"stream_name":"stdout","time":1091.255359206,"data":"EDGE_TTA_ACTIVE views= 8 mean_abs_feat_delta= 0.343211\n"}
,{"stream_name":"stdout","time":1091.255384246,"data":"EDGE_TTA_ACTIVE views= 8 mean_abs_feat_delta= 0.28309\n"}
,{"stream_name":"stdout","time":1092.061697724,"data":"SECONDARY_EDGE_TTA_ACTIVE views= 8 weight= 0.75 mean_abs_feat_delta= 0.262509\n"}
,{"stream_name":"stdout","time":1092.118617065,"data":"SECONDARY_EDGE_TTA_ACTIVE views= 8 weight= 0.75 mean_abs_feat_delta= 0.243456\n"}
,{"stream_name":"stdout","time":1092.264188398,"data":"SECONDARY_EDGE_TTA_ACTIVE views= 8 weight= 0.75 mean_abs_feat_delta= 0.262509\n"}
,{"stream_name":"stdout","time":1092.264220159,"data":"SECONDARY_EDGE_TTA_ACTIVE views= 8 weight= 0.75 mean_abs_feat_delta= 0.243456\n"}
,{"stream_name":"stdout","time":1093.143186453,"data":"EDGE_TTA_ACTIVE views= 8 mean_abs_feat_delta= 0.28861\n"}
,{"stream_name":"stdout","time":1093.183430635,"data":"EDGE_TTA_ACTIVE views= 8 mean_abs_feat_delta= 0.340682\n"}
,{"stream_name":"stdout","time":1093.345711292,"data":"EDGE_TTA_ACTIVE views= 8 mean_abs_feat_delta= 0.28861\n"}
,{"stream_name":"stdout","time":1093.345745378,"data":"EDGE_TTA_ACTIVE views= 8 mean_abs_feat_delta= 0.340682\n"}
,{"stream_name":"stdout","time":1094.087829281,"data":"SECONDARY_EDGE_TTA_ACTIVE views= 8 weight= 0.75 mean_abs_feat_delta= 0.227548\n"}
,{"stream_name":"stdout","time":1094.192648271,"data":"SECONDARY_EDGE_TTA_ACTIVE views= 8 weight= 0.75 mean_abs_feat_delta= 0.258469\n"}
,{"stream_name":"stdout","time":1094.290354348,"data":"SECONDARY_EDGE_TTA_ACTIVE views= 8 weight= 0.75 mean_abs_feat_delta= 0.227548\n"}
,{"stream_name":"stdout","time":1094.290392235,"data":"SECONDARY_EDGE_TTA_ACTIVE views= 8 weight= 0.75 mean_abs_feat_delta= 0.258469\n"}
,{"stream_name":"stdout","time":1095.138635105,"data":"EDGE_TTA_ACTIVE views= 8 mean_abs_feat_delta= 0.287751\n"}
,{"stream_name":"stdout","time":1095.335461834,"data":"EDGE_TTA_ACTIVE views= 8 mean_abs_feat_delta= 0.338135\n"}
,{"stream_name":"stdout","time":1095.341139615,"data":"EDGE_TTA_ACTIVE views= 8 mean_abs_feat_delta= 0.287751\n"}
,{"stream_name":"stdout","time":1095.341198172,"data":"EDGE_TTA_ACTIVE views= 8 mean_abs_feat_delta= 0.338135\n"}
,{"stream_name":"stdout","time":1096.088903796,"data":"SECONDARY_EDGE_TTA_ACTIVE views= 8 weight= 0.75 mean_abs_feat_delta= 0.231141\n"}
,{"stream_name":"stdout","time":1096.291319692,"data":"SECONDARY_EDGE_TTA_ACTIVE views= 8 weight= 0.75 mean_abs_feat_delta= 0.231141\n"}
,{"stream_name":"stdout","time":1096.350747881,"data":"SECONDARY_EDGE_TTA_ACTIVE views= 8 weight= 0.75 mean_abs_feat_delta= 0.261611\n"}
,{"stream_name":"stdout","time":1096.553237011,"data":"SECONDARY_EDGE_TTA_ACTIVE views= 8 weight= 0.75 mean_abs_feat_delta= 0.261611\n"}
,{"stream_name":"stdout","time":1097.099276907,"data":"EDGE_TTA_ACTIVE views= 8 mean_abs_feat_delta= 0.285257\n"}
,{"stream_name":"stdout","time":1097.301732836,"data":"EDGE_TTA_ACTIVE views= 8 mean_abs_feat_delta= 0.285257\n"}
,{"stream_name":"stdout","time":1097.483234063,"data":"EDGE_TTA_ACTIVE views= 8 mean_abs_feat_delta= 0.333565\n"}
,{"stream_name":"stdout","time":1097.685712237,"data":"EDGE_TTA_ACTIVE views= 8 mean_abs_feat_delta= 0.333565\n"}
,{"stream_name":"stdout","time":1098.045296527,"data":"SECONDARY_EDGE_TTA_ACTIVE views= 8 weight= 0.75 mean_abs_feat_delta= 0.227609\n"}
,{"stream_name":"stdout","time":1098.247745373,"data":"SECONDARY_EDGE_TTA_ACTIVE views= 8 weight= 0.75 mean_abs_feat_delta= 0.227609\n"}
,{"stream_name":"stdout","time":1098.498895696,"data":"SECONDARY_EDGE_TTA_ACTIVE views= 8 weight= 0.75 mean_abs_feat_delta= 0.260486\n"}
,{"stream_name":"stdout","time":1098.701346285,"data":"SECONDARY_EDGE_TTA_ACTIVE views= 8 weight= 0.75 mean_abs_feat_delta= 0.260486\n"}
,{"stream_name":"stdout","time":1099.071201358,"data":"EDGE_TTA_ACTIVE views= 8 mean_abs_feat_delta= 0.288217\n"}
,{"stream_name":"stdout","time":1099.273607317,"data":"EDGE_TTA_ACTIVE views= 8 mean_abs_feat_delta= 0.288217\n"}
,{"stream_name":"stdout","time":1099.630559525,"data":"EDGE_TTA_ACTIVE views= 8 mean_abs_feat_delta= 0.337448\n"}
,{"stream_name":"stdout","time":1099.833099961,"data":"EDGE_TTA_ACTIVE views= 8 mean_abs_feat_delta= 0.337448\n"}
,{"stream_name":"stdout","time":1100.022124592,"data":"SECONDARY_EDGE_TTA_ACTIVE views= 8 weight= 0.75 mean_abs_feat_delta= 0.225185\n"}
,{"stream_name":"stdout","time":1100.22454693,"data":"SECONDARY_EDGE_TTA_ACTIVE views= 8 weight= 0.75 mean_abs_feat_delta= 0.225185\n"}
,{"stream_name":"stdout","time":1100.647176911,"data":"SECONDARY_EDGE_TTA_ACTIVE views= 8 weight= 0.75 mean_abs_feat_delta= 0.260845\n"}
,{"stream_name":"stdout","time":1100.849600235,"data":"SECONDARY_EDGE_TTA_ACTIVE views= 8 weight= 0.75 mean_abs_feat_delta= 0.260845\n"}
,{"stream_name":"stdout","time":1101.039569149,"data":"EDGE_TTA_ACTIVE views= 8 mean_abs_feat_delta= 0.293359\n"}
,{"stream_name":"stdout","time":1101.242120625,"data":"EDGE_TTA_ACTIVE views= 8 mean_abs_feat_delta= 0.293359\n"}
,{"stream_name":"stdout","time":1101.779340287,"data":"EDGE_TTA_ACTIVE views= 8 mean_abs_feat_delta= 0.337377\n"}
,{"stream_name":"stdout","time":1101.981871553,"data":"EDGE_TTA_ACTIVE views= 8 mean_abs_feat_delta= 0.337377\n"}
,{"stream_name":"stdout","time":1101.989385412,"data":"SECONDARY_EDGE_TTA_ACTIVE views= 8 weight= 0.75 mean_abs_feat_delta= 0.231144\n"}
,{"stream_name":"stdout","time":1102.191707696,"data":"SECONDARY_EDGE_TTA_ACTIVE views= 8 weight= 0.75 mean_abs_feat_delta= 0.231144\n"}
,{"stream_name":"stdout","time":1102.794498486,"data":"SECONDARY_EDGE_TTA_ACTIVE views= 8 weight= 0.75 mean_abs_feat_delta= 0.265026\n"}
,{"stream_name":"stdout","time":1102.996900298,"data":"SECONDARY_EDGE_TTA_ACTIVE views= 8 weight= 0.75 mean_abs_feat_delta= 0.265026\n"}
,{"stream_name":"stdout","time":1103.01292952,"data":"EDGE_TTA_ACTIVE views= 8 mean_abs_feat_delta= 0.288773\n"}
,{"stream_name":"stdout","time":1103.215327352,"data":"EDGE_TTA_ACTIVE views= 8 mean_abs_feat_delta= 0.288773\n"}
,{"stream_name":"stdout","time":1103.933143861,"data":"EDGE_TTA_ACTIVE views= 8 mean_abs_feat_delta= 0.334616\n"}
,{"stream_name":"stdout","time":1103.962699359,"data":"SECONDARY_EDGE_TTA_ACTIVE views= 8 weight= 0.75 mean_abs_feat_delta= 0.233017\n"}
,{"stream_name":"stdout","time":1104.135551349,"data":"EDGE_TTA_ACTIVE views= 8 mean_abs_feat_delta= 0.334616\n"}
,{"stream_name":"stdout","time":1104.135611437,"data":"SECONDARY_EDGE_TTA_ACTIVE views= 8 weight= 0.75 mean_abs_feat_delta= 0.233017\n"}
,{"stream_name":"stdout","time":1104.944161042,"data":"SECONDARY_EDGE_TTA_ACTIVE views= 8 weight= 0.75 mean_abs_feat_delta= 0.261566\n"}
,{"stream_name":"stdout","time":1104.983440791,"data":"EDGE_TTA_ACTIVE views= 8 mean_abs_feat_delta= 0.2831\n"}
,{"stream_name":"stdout","time":1105.146557686,"data":"SECONDARY_EDGE_TTA_ACTIVE views= 8 weight= 0.75 mean_abs_feat_delta= 0.261566\n"}
,{"stream_name":"stdout","time":1105.146588201,"data":"EDGE_TTA_ACTIVE views= 8 mean_abs_feat_delta= 0.2831\n"}
,{"stream_name":"stdout","time":1105.936161129,"data":"SECONDARY_EDGE_TTA_ACTIVE views= 8 weight= 0.75 mean_abs_feat_delta= 0.231237\n"}
,{"stream_name":"stdout","time":1106.070894477,"data":"EDGE_TTA_ACTIVE views= 8 mean_abs_feat_delta= 0.333661\n"}
,{"stream_name":"stdout","time":1106.138662475,"data":"SECONDARY_EDGE_TTA_ACTIVE views= 8 weight= 0.75 mean_abs_feat_delta= 0.231237\n"}
,{"stream_name":"stdout","time":1106.138690376,"data":"EDGE_TTA_ACTIVE views= 8 mean_abs_feat_delta= 0.333661\n"}
,{"stream_name":"stdout","time":1106.954555566,"data":"EDGE_TTA_ACTIVE views= 8 mean_abs_feat_delta= 0.28566\n"}
,{"stream_name":"stdout","time":1107.080363558,"data":"SECONDARY_EDGE_TTA_ACTIVE views= 8 weight= 0.75 mean_abs_feat_delta= 0.260007\n"}
,{"stream_name":"stdout","time":1107.156832929,"data":"EDGE_TTA_ACTIVE views= 8 mean_abs_feat_delta= 0.28566\n"}
,{"stream_name":"stdout","time":1107.156903588,"data":"SECONDARY_EDGE_TTA_ACTIVE views= 8 weight= 0.75 mean_abs_feat_delta= 0.260007\n"}
,{"stream_name":"stdout","time":1107.905528378,"data":"SECONDARY_EDGE_TTA_ACTIVE views= 8 weight= 0.75 mean_abs_feat_delta= 0.240429\n"}
,{"stream_name":"stdout","time":1108.155596798,"data":"SECONDARY_EDGE_TTA_ACTIVE views= 8 weight= 0.75 mean_abs_feat_delta= 0.240429\n"}
,{"stream_name":"stdout","time":1108.223770424,"data":"EDGE_TTA_ACTIVE views= 8 mean_abs_feat_delta= 0.339485\n"}
,{"stream_name":"stdout","time":1108.426286486,"data":"EDGE_TTA_ACTIVE views= 8 mean_abs_feat_delta= 0.339485\n"}
,{"stream_name":"stdout","time":1108.974203466,"data":"EDGE_TTA_ACTIVE views= 8 mean_abs_feat_delta= 0.288947\n"}
,{"stream_name":"stdout","time":1109.176916866,"data":"EDGE_TTA_ACTIVE views= 8 mean_abs_feat_delta= 0.288947\n"}
,{"stream_name":"stdout","time":1109.233127995,"data":"SECONDARY_EDGE_TTA_ACTIVE views= 8 weight= 0.75 mean_abs_feat_delta= 0.259371\n"}
,{"stream_name":"stdout","time":1109.435409321,"data":"SECONDARY_EDGE_TTA_ACTIVE views= 8 weight= 0.75 mean_abs_feat_delta= 0.259371\n"}
,{"stream_name":"stdout","time":1109.927059569,"data":"SECONDARY_EDGE_TTA_ACTIVE views= 8 weight= 0.75 mean_abs_feat_delta= 0.229597\n"}
,{"stream_name":"stdout","time":1110.129491436,"data":"SECONDARY_EDGE_TTA_ACTIVE views= 8 weight= 0.75 mean_abs_feat_delta= 0.229597\n"}
,{"stream_name":"stdout","time":1110.36916579,"data":"EDGE_TTA_ACTIVE views= 8 mean_abs_feat_delta= 0.337706\n"}
,{"stream_name":"stdout","time":1110.571860941,"data":"EDGE_TTA_ACTIVE views= 8 mean_abs_feat_delta= 0.337706\n"}
,{"stream_name":"stdout","time":1110.960153401,"data":"EDGE_TTA_ACTIVE views= 8 mean_abs_feat_delta= 0.290047\n"}
,{"stream_name":"stdout","time":1111.163324891,"data":"EDGE_TTA_ACTIVE views= 8 mean_abs_feat_delta= 0.290047\n"}
,{"stream_name":"stdout","time":1111.37345314,"data":"SECONDARY_EDGE_TTA_ACTIVE views= 8 weight= 0.75 mean_abs_feat_delta= 0.258997\n"}
,{"stream_name":"stdout","time":1111.575854366,"data":"SECONDARY_EDGE_TTA_ACTIVE views= 8 weight= 0.75 mean_abs_feat_delta= 0.258997\n"}
,{"stream_name":"stdout","time":1111.911034135,"data":"SECONDARY_EDGE_TTA_ACTIVE views= 8 weight= 0.75 mean_abs_feat_delta= 0.231285\n"}
,{"stream_name":"stdout","time":1112.113683862,"data":"SECONDARY_EDGE_TTA_ACTIVE views= 8 weight= 0.75 mean_abs_feat_delta= 0.231285\n"}
,{"stream_name":"stdout","time":1112.498313659,"data":"EDGE_TTA_ACTIVE views= 8 mean_abs_feat_delta= 0.337246\n"}
,{"stream_name":"stdout","time":1112.701024881,"data":"EDGE_TTA_ACTIVE views= 8 mean_abs_feat_delta= 0.337246\n"}
,{"stream_name":"stdout","time":1112.964268878,"data":"EDGE_TTA_ACTIVE views= 8 mean_abs_feat_delta= 0.293125\n"}
,{"stream_name":"stdout","time":1113.16686475,"data":"EDGE_TTA_ACTIVE views= 8 mean_abs_feat_delta= 0.293125\n"}
,{"stream_name":"stdout","time":1113.500440325,"data":"SECONDARY_EDGE_TTA_ACTIVE views= 8 weight= 0.75 mean_abs_feat_delta= 0.258125\n"}
,{"stream_name":"stdout","time":1113.703047729,"data":"SECONDARY_EDGE_TTA_ACTIVE views= 8 weight= 0.75 mean_abs_feat_delta= 0.258125\n"}
,{"stream_name":"stdout","time":1113.916890462,"data":"SECONDARY_EDGE_TTA_ACTIVE views= 8 weight= 0.75 mean_abs_feat_delta= 0.226972\n"}
,{"stream_name":"stdout","time":1114.119083992,"data":"SECONDARY_EDGE_TTA_ACTIVE views= 8 weight= 0.75 mean_abs_feat_delta= 0.226972\n"}
,{"stream_name":"stdout","time":1114.648302494,"data":"EDGE_TTA_ACTIVE views= 8 mean_abs_feat_delta= 0.339272\n"}
,{"stream_name":"stdout","time":1114.850603675,"data":"EDGE_TTA_ACTIVE views= 8 mean_abs_feat_delta= 0.339272\n"}
,{"stream_name":"stdout","time":1114.936384309,"data":"EDGE_TTA_ACTIVE views= 8 mean_abs_feat_delta= 0.295461\n"}
,{"stream_name":"stdout","time":1115.139000443,"data":"EDGE_TTA_ACTIVE views= 8 mean_abs_feat_delta= 0.295461\n"}
,{"stream_name":"stdout","time":1115.65140718,"data":"SECONDARY_EDGE_TTA_ACTIVE views= 8 weight= 0.75 mean_abs_feat_delta= 0.26158\n"}
,{"stream_name":"stdout","time":1115.854283704,"data":"SECONDARY_EDGE_TTA_ACTIVE views= 8 weight= 0.75 mean_abs_feat_delta= 0.26158\n"}
,{"stream_name":"stdout","time":1115.887018763,"data":"SECONDARY_EDGE_TTA_ACTIVE views= 8 weight= 0.75 mean_abs_feat_delta= 0.235491\n"}
,{"stream_name":"stdout","time":1116.089855131,"data":"SECONDARY_EDGE_TTA_ACTIVE views= 8 weight= 0.75 mean_abs_feat_delta= 0.235491\n"}
,{"stream_name":"stdout","time":1116.774897486,"data":"EDGE_TTA_ACTIVE views= 8 mean_abs_feat_delta= 0.342159\n"}
,{"stream_name":"stdout","time":1116.910814502,"data":"EDGE_TTA_ACTIVE views= 8 mean_abs_feat_delta= 0.294354\n"}
,{"stream_name":"stdout","time":1116.977285894,"data":"EDGE_TTA_ACTIVE views= 8 mean_abs_feat_delta= 0.342159\n"}
,{"stream_name":"stdout","time":1116.97730931,"data":"EDGE_TTA_ACTIVE views= 8 mean_abs_feat_delta= 0.294354\n"}
,{"stream_name":"stdout","time":1117.775230789,"data":"SECONDARY_EDGE_TTA_ACTIVE views= 8 weight= 0.75 mean_abs_feat_delta= 0.265431\n"}
,{"stream_name":"stdout","time":1117.864982658,"data":"SECONDARY_EDGE_TTA_ACTIVE views= 8 weight= 0.75 mean_abs_feat_delta= 0.22461\n"}
,{"stream_name":"stdout","time":1117.977644829,"data":"SECONDARY_EDGE_TTA_ACTIVE views= 8 weight= 0.75 mean_abs_feat_delta= 0.265431\n"}
,{"stream_name":"stdout","time":1117.977677352,"data":"SECONDARY_EDGE_TTA_ACTIVE views= 8 weight= 0.75 mean_abs_feat_delta= 0.22461\n"}
,{"stream_name":"stdout","time":1118.881979901,"data":"EDGE_TTA_ACTIVE views= 8 mean_abs_feat_delta= 0.343625\n"}
,{"stream_name":"stdout","time":1118.882645615,"data":"EDGE_TTA_ACTIVE views= 8 mean_abs_feat_delta= 0.290361\n"}
,{"stream_name":"stdout","time":1119.084445922,"data":"EDGE_TTA_ACTIVE views= 8 mean_abs_feat_delta= 0.343625\n"}
,{"stream_name":"stdout","time":1119.084480937,"data":"EDGE_TTA_ACTIVE views= 8 mean_abs_feat_delta= 0.290361\n"}
,{"stream_name":"stdout","time":1119.835702121,"data":"SECONDARY_EDGE_TTA_ACTIVE views= 8 weight= 0.75 mean_abs_feat_delta= 0.225307\n"}
,{"stream_name":"stdout","time":1119.87881676,"data":"SECONDARY_EDGE_TTA_ACTIVE views= 8 weight= 0.75 mean_abs_feat_delta= 0.267836\n"}
,{"stream_name":"stdout","time":1120.038274016,"data":"SECONDARY_EDGE_TTA_ACTIVE views= 8 weight= 0.75 mean_abs_feat_delta= 0.225307\n"}
,{"stream_name":"stdout","time":1120.038309286,"data":"SECONDARY_EDGE_TTA_ACTIVE views= 8 weight= 0.75 mean_abs_feat_delta= 0.267836\n"}
,{"stream_name":"stdout","time":1120.859133063,"data":"EDGE_TTA_ACTIVE views= 8 mean_abs_feat_delta= 0.290141\n"}
,{"stream_name":"stdout","time":1120.987102083,"data":"EDGE_TTA_ACTIVE views= 8 mean_abs_feat_delta= 0.343102\n"}
,{"stream_name":"stdout","time":1121.061760554,"data":"EDGE_TTA_ACTIVE views= 8 mean_abs_feat_delta= 0.290141\n"}
,{"stream_name":"stdout","time":1121.06182901,"data":"EDGE_TTA_ACTIVE views= 8 mean_abs_feat_delta= 0.343102\n"}
,{"stream_name":"stdout","time":1121.81440546,"data":"SECONDARY_EDGE_TTA_ACTIVE views= 8 weight= 0.75 mean_abs_feat_delta= 0.222402\n"}
,{"stream_name":"stdout","time":1121.982589889,"data":"SECONDARY_EDGE_TTA_ACTIVE views= 8 weight= 0.75 mean_abs_feat_delta= 0.265852\n"}
,{"stream_name":"stdout","time":1122.016807396,"data":"SECONDARY_EDGE_TTA_ACTIVE views= 8 weight= 0.75 mean_abs_feat_delta= 0.222402\n"}
,{"stream_name":"stdout","time":1122.016834557,"data":"SECONDARY_EDGE_TTA_ACTIVE views= 8 weight= 0.75 mean_abs_feat_delta= 0.265852\n"}
,{"stream_name":"stdout","time":1122.837721803,"data":"EDGE_TTA_ACTIVE views= 8 mean_abs_feat_delta= 0.292561\n"}
,{"stream_name":"stdout","time":1123.040075933,"data":"EDGE_TTA_ACTIVE views= 8 mean_abs_feat_delta= 0.292561\n"}
,{"stream_name":"stdout","time":1123.078433933,"data":"EDGE_TTA_ACTIVE views= 8 mean_abs_feat_delta= 0.338878\n"}
,{"stream_name":"stdout","time":1123.280852851,"data":"EDGE_TTA_ACTIVE views= 8 mean_abs_feat_delta= 0.338878\n"}
,{"stream_name":"stdout","time":1123.793157368,"data":"SECONDARY_EDGE_TTA_ACTIVE views= 8 weight= 0.75 mean_abs_feat_delta= 0.223337\n"}
,{"stream_name":"stdout","time":1123.995494032,"data":"SECONDARY_EDGE_TTA_ACTIVE views= 8 weight= 0.75 mean_abs_feat_delta= 0.223337\n"}
,{"stream_name":"stdout","time":1124.075260475,"data":"SECONDARY_EDGE_TTA_ACTIVE views= 8 weight= 0.75 mean_abs_feat_delta= 0.26636\n"}
,{"stream_name":"stdout","time":1124.277822867,"data":"SECONDARY_EDGE_TTA_ACTIVE views= 8 weight= 0.75 mean_abs_feat_delta= 0.26636\n"}
,{"stream_name":"stdout","time":1124.81692766,"data":"EDGE_TTA_ACTIVE views= 8 mean_abs_feat_delta= 0.288988\n"}
,{"stream_name":"stdout","time":1125.019100167,"data":"EDGE_TTA_ACTIVE views= 8 mean_abs_feat_delta= 0.288988\n"}
,{"stream_name":"stdout","time":1125.175620868,"data":"EDGE_TTA_ACTIVE views= 8 mean_abs_feat_delta= 0.344788\n"}
,{"stream_name":"stdout","time":1125.37821792,"data":"EDGE_TTA_ACTIVE views= 8 mean_abs_feat_delta= 0.344788\n"}
,{"stream_name":"stdout","time":1125.77051282,"data":"SECONDARY_EDGE_TTA_ACTIVE views= 8 weight= 0.75 mean_abs_feat_delta= 0.234632\n"}
,{"stream_name":"stdout","time":1125.973191884,"data":"SECONDARY_EDGE_TTA_ACTIVE views= 8 weight= 0.75 mean_abs_feat_delta= 0.234632\n"}
,{"stream_name":"stdout","time":1126.169332055,"data":"SECONDARY_EDGE_TTA_ACTIVE views= 8 weight= 0.75 mean_abs_feat_delta= 0.262382\n"}
,{"stream_name":"stdout","time":1126.371851766,"data":"SECONDARY_EDGE_TTA_ACTIVE views= 8 weight= 0.75 mean_abs_feat_delta= 0.262382\n"}
,{"stream_name":"stdout","time":1126.803379848,"data":"EDGE_TTA_ACTIVE views= 8 mean_abs_feat_delta= 0.294653\n"}
,{"stream_name":"stdout","time":1127.005691171,"data":"EDGE_TTA_ACTIVE views= 8 mean_abs_feat_delta= 0.294653\n"}
,{"stream_name":"stdout","time":1127.265966919,"data":"EDGE_TTA_ACTIVE views= 8 mean_abs_feat_delta= 0.33784\n"}
,{"stream_name":"stdout","time":1127.468332294,"data":"EDGE_TTA_ACTIVE views= 8 mean_abs_feat_delta= 0.33784\n"}
,{"stream_name":"stdout","time":1127.757051528,"data":"SECONDARY_EDGE_TTA_ACTIVE views= 8 weight= 0.75 mean_abs_feat_delta= 0.225509\n"}
,{"stream_name":"stdout","time":1127.959475516,"data":"SECONDARY_EDGE_TTA_ACTIVE views= 8 weight= 0.75 mean_abs_feat_delta= 0.225509\n"}
,{"stream_name":"stdout","time":1128.25919627,"data":"SECONDARY_EDGE_TTA_ACTIVE views= 8 weight= 0.75 mean_abs_feat_delta= 0.260303\n"}
,{"stream_name":"stdout","time":1128.461647144,"data":"SECONDARY_EDGE_TTA_ACTIVE views= 8 weight= 0.75 mean_abs_feat_delta= 0.260303\n"}
,{"stream_name":"stdout","time":1128.776732155,"data":"EDGE_TTA_ACTIVE views= 8 mean_abs_feat_delta= 0.296121\n"}
,{"stream_name":"stdout","time":1128.979140286,"data":"EDGE_TTA_ACTIVE views= 8 mean_abs_feat_delta= 0.296121\n"}
,{"stream_name":"stdout","time":1129.366996612,"data":"EDGE_TTA_ACTIVE views= 8 mean_abs_feat_delta= 0.339211\n"}
,{"stream_name":"stdout","time":1129.569442236,"data":"EDGE_TTA_ACTIVE views= 8 mean_abs_feat_delta= 0.339211\n"}
,{"stream_name":"stdout","time":1129.73244624,"data":"SECONDARY_EDGE_TTA_ACTIVE views= 8 weight= 0.75 mean_abs_feat_delta= 0.233373\n"}
,{"stream_name":"stdout","time":1129.9348225,"data":"SECONDARY_EDGE_TTA_ACTIVE views= 8 weight= 0.75 mean_abs_feat_delta= 0.233373\n"}
,{"stream_name":"stdout","time":1130.359164283,"data":"SECONDARY_EDGE_TTA_ACTIVE views= 8 weight= 0.75 mean_abs_feat_delta= 0.25763\n"}
,{"stream_name":"stdout","time":1130.561651014,"data":"SECONDARY_EDGE_TTA_ACTIVE views= 8 weight= 0.75 mean_abs_feat_delta= 0.25763\n"}
,{"stream_name":"stdout","time":1130.765494543,"data":"EDGE_TTA_ACTIVE views= 8 mean_abs_feat_delta= 0.296872\n"}
,{"stream_name":"stdout","time":1130.967817149,"data":"EDGE_TTA_ACTIVE views= 8 mean_abs_feat_delta= 0.296872\n"}
,{"stream_name":"stdout","time":1131.462067392,"data":"EDGE_TTA_ACTIVE views= 8 mean_abs_feat_delta= 0.339533\n"}
,{"stream_name":"stdout","time":1131.66467902,"data":"EDGE_TTA_ACTIVE views= 8 mean_abs_feat_delta= 0.339533\n"}
,{"stream_name":"stdout","time":1131.719879008,"data":"SECONDARY_EDGE_TTA_ACTIVE views= 8 weight= 0.75 mean_abs_feat_delta= 0.237159\n"}
,{"stream_name":"stdout","time":1131.922388137,"data":"SECONDARY_EDGE_TTA_ACTIVE views= 8 weight= 0.75 mean_abs_feat_delta= 0.237159\n"}
,{"stream_name":"stdout","time":1132.447318315,"data":"SECONDARY_EDGE_TTA_ACTIVE views= 8 weight= 0.75 mean_abs_feat_delta= 0.255911\n"}
,{"stream_name":"stdout","time":1132.649665041,"data":"SECONDARY_EDGE_TTA_ACTIVE views= 8 weight= 0.75 mean_abs_feat_delta= 0.255911\n"}
,{"stream_name":"stdout","time":1132.781015316,"data":"EDGE_TTA_ACTIVE views= 8 mean_abs_feat_delta= 0.294509\n"}
,{"stream_name":"stdout","time":1132.983403644,"data":"EDGE_TTA_ACTIVE views= 8 mean_abs_feat_delta= 0.294509\n"}
,{"stream_name":"stdout","time":1133.554455687,"data":"EDGE_TTA_ACTIVE views= 8 mean_abs_feat_delta= 0.333552\n"}
,{"stream_name":"stdout","time":1133.735173067,"data":"SECONDARY_EDGE_TTA_ACTIVE views= 8 weight= 0.75 mean_abs_feat_delta= 0.239483\n"}
,{"stream_name":"stdout","time":1133.757214074,"data":"EDGE_TTA_ACTIVE views= 8 mean_abs_feat_delta= 0.333552\n"}
,{"stream_name":"stdout","time":1133.757242557,"data":"SECONDARY_EDGE_TTA_ACTIVE views= 8 weight= 0.75 mean_abs_feat_delta= 0.239483\n"}
,{"stream_name":"stdout","time":1134.53717173,"data":"SECONDARY_EDGE_TTA_ACTIVE views= 8 weight= 0.75 mean_abs_feat_delta= 0.253381\n"}
,{"stream_name":"stdout","time":1134.739636338,"data":"SECONDARY_EDGE_TTA_ACTIVE views= 8 weight= 0.75 mean_abs_feat_delta= 0.253381\n"}
,{"stream_name":"stdout","time":1134.787964676,"data":"EDGE_TTA_ACTIVE views= 8 mean_abs_feat_delta= 0.288279\n"}
,{"stream_name":"stdout","time":1134.990288868,"data":"EDGE_TTA_ACTIVE views= 8 mean_abs_feat_delta= 0.288279\n"}
,{"stream_name":"stdout","time":1135.635313891,"data":"EDGE_TTA_ACTIVE views= 8 mean_abs_feat_delta= 0.342836\n"}
,{"stream_name":"stdout","time":1135.745057967,"data":"SECONDARY_EDGE_TTA_ACTIVE views= 8 weight= 0.75 mean_abs_feat_delta= 0.237082\n"}
,{"stream_name":"stdout","time":1135.837770767,"data":"EDGE_TTA_ACTIVE views= 8 mean_abs_feat_delta= 0.342836\n"}
,{"stream_name":"stdout","time":1135.837818887,"data":"SECONDARY_EDGE_TTA_ACTIVE views= 8 weight= 0.75 mean_abs_feat_delta= 0.237082\n"}
,{"stream_name":"stdout","time":1136.621747509,"data":"SECONDARY_EDGE_TTA_ACTIVE views= 8 weight= 0.75 mean_abs_feat_delta= 0.254871\n"}
,{"stream_name":"stdout","time":1136.761658203,"data":"EDGE_TTA_ACTIVE views= 8 mean_abs_feat_delta= 0.289803\n"}
,{"stream_name":"stdout","time":1136.824152711,"data":"SECONDARY_EDGE_TTA_ACTIVE views= 8 weight= 0.75 mean_abs_feat_delta= 0.254871\n"}
,{"stream_name":"stdout","time":1136.824186708,"data":"EDGE_TTA_ACTIVE views= 8 mean_abs_feat_delta= 0.289803\n"}
,{"stream_name":"stdout","time":1137.719036519,"data":"SECONDARY_EDGE_TTA_ACTIVE views= 8 weight= 0.75 mean_abs_feat_delta= 0.234585\n"}
,{"stream_name":"stdout","time":1137.754106857,"data":"EDGE_TTA_ACTIVE views= 8 mean_abs_feat_delta= 0.340752\n"}
,{"stream_name":"stdout","time":1137.92142262,"data":"SECONDARY_EDGE_TTA_ACTIVE views= 8 weight= 0.75 mean_abs_feat_delta= 0.234585\n"}
,{"stream_name":"stdout","time":1137.921482426,"data":"EDGE_TTA_ACTIVE views= 8 mean_abs_feat_delta= 0.340752\n"}
,{"stream_name":"stdout","time":1138.74406545,"data":"SECONDARY_EDGE_TTA_ACTIVE views= 8 weight= 0.75 mean_abs_feat_delta= 0.258877\n"}
,{"stream_name":"stdout","time":1138.769904827,"data":"EDGE_TTA_ACTIVE views= 8 mean_abs_feat_delta= 0.292365\n"}
,{"stream_name":"stdout","time":1138.991536622,"data":"SECONDARY_EDGE_TTA_ACTIVE views= 8 weight= 0.75 mean_abs_feat_delta= 0.258877\n"}
,{"stream_name":"stdout","time":1138.991562456,"data":"EDGE_TTA_ACTIVE views= 8 mean_abs_feat_delta= 0.292365\n"}
,{"stream_name":"stdout","time":1139.728909973,"data":"SECONDARY_EDGE_TTA_ACTIVE views= 8 weight= 0.75 mean_abs_feat_delta= 0.240166\n"}
,{"stream_name":"stdout","time":1139.841790697,"data":"EDGE_TTA_ACTIVE views= 8 mean_abs_feat_delta= 0.33721\n"}
,{"stream_name":"stdout","time":1139.931250361,"data":"SECONDARY_EDGE_TTA_ACTIVE views= 8 weight= 0.75 mean_abs_feat_delta= 0.240166\n"}
,{"stream_name":"stdout","time":1139.931278921,"data":"EDGE_TTA_ACTIVE views= 8 mean_abs_feat_delta= 0.33721\n"}
,{"stream_name":"stdout","time":1140.756026577,"data":"EDGE_TTA_ACTIVE views= 8 mean_abs_feat_delta= 0.29779\n"}
,{"stream_name":"stdout","time":1140.818866767,"data":"SECONDARY_EDGE_TTA_ACTIVE views= 8 weight= 0.75 mean_abs_feat_delta= 0.25536\n"}
,{"stream_name":"stdout","time":1140.958465157,"data":"EDGE_TTA_ACTIVE views= 8 mean_abs_feat_delta= 0.29779\n"}
,{"stream_name":"stdout","time":1140.958524935,"data":"SECONDARY_EDGE_TTA_ACTIVE views= 8 weight= 0.75 mean_abs_feat_delta= 0.25536\n"}
,{"stream_name":"stdout","time":1141.714186614,"data":"SECONDARY_EDGE_TTA_ACTIVE views= 8 weight= 0.75 mean_abs_feat_delta= 0.23071\n"}
,{"stream_name":"stdout","time":1141.916729862,"data":"SECONDARY_EDGE_TTA_ACTIVE views= 8 weight= 0.75 mean_abs_feat_delta= 0.23071\n"}
,{"stream_name":"stdout","time":1141.952534934,"data":"EDGE_TTA_ACTIVE views= 8 mean_abs_feat_delta= 0.331794\n"}
,{"stream_name":"stdout","time":1142.154854825,"data":"EDGE_TTA_ACTIVE views= 8 mean_abs_feat_delta= 0.331794\n"}
,{"stream_name":"stdout","time":1142.754378525,"data":"EDGE_TTA_ACTIVE views= 8 mean_abs_feat_delta= 0.294017\n"}
,{"stream_name":"stdout","time":1142.926932893,"data":"SECONDARY_EDGE_TTA_ACTIVE views= 8 weight= 0.75 mean_abs_feat_delta= 0.254742\n"}
,{"stream_name":"stdout","time":1142.95696587,"data":"EDGE_TTA_ACTIVE views= 8 mean_abs_feat_delta= 0.294017\n"}
,{"stream_name":"stdout","time":1142.956992192,"data":"SECONDARY_EDGE_TTA_ACTIVE views= 8 weight= 0.75 mean_abs_feat_delta= 0.254742\n"}
,{"stream_name":"stdout","time":1143.710767695,"data":"SECONDARY_EDGE_TTA_ACTIVE views= 8 weight= 0.75 mean_abs_feat_delta= 0.228603\n"}
,{"stream_name":"stdout","time":1143.912981056,"data":"SECONDARY_EDGE_TTA_ACTIVE views= 8 weight= 0.75 mean_abs_feat_delta= 0.228603\n"}
,{"stream_name":"stdout","time":1144.041841482,"data":"EDGE_TTA_ACTIVE views= 8 mean_abs_feat_delta= 0.328009\n"}
,{"stream_name":"stdout","time":1144.244329515,"data":"EDGE_TTA_ACTIVE views= 8 mean_abs_feat_delta= 0.328009\n"}
,{"stream_name":"stdout","time":1144.729852636,"data":"EDGE_TTA_ACTIVE views= 8 mean_abs_feat_delta= 0.297003\n"}
,{"stream_name":"stdout","time":1144.932100898,"data":"EDGE_TTA_ACTIVE views= 8 mean_abs_feat_delta= 0.297003\n"}
,{"stream_name":"stdout","time":1145.021246817,"data":"SECONDARY_EDGE_TTA_ACTIVE views= 8 weight= 0.75 mean_abs_feat_delta= 0.254648\n"}
,{"stream_name":"stdout","time":1145.223699808,"data":"SECONDARY_EDGE_TTA_ACTIVE views= 8 weight= 0.75 mean_abs_feat_delta= 0.254648\n"}
,{"stream_name":"stdout","time":1145.688206358,"data":"SECONDARY_EDGE_TTA_ACTIVE views= 8 weight= 0.75 mean_abs_feat_delta= 0.227822\n"}
,{"stream_name":"stdout","time":1145.890691888,"data":"SECONDARY_EDGE_TTA_ACTIVE views= 8 weight= 0.75 mean_abs_feat_delta= 0.227822\n"}
,{"stream_name":"stdout","time":1146.133742782,"data":"EDGE_TTA_ACTIVE views= 8 mean_abs_feat_delta= 0.334781\n"}
,{"stream_name":"stdout","time":1146.336213911,"data":"EDGE_TTA_ACTIVE views= 8 mean_abs_feat_delta= 0.334781\n"}
,{"stream_name":"stdout","time":1146.716902089,"data":"EDGE_TTA_ACTIVE views= 8 mean_abs_feat_delta= 0.301009\n"}
,{"stream_name":"stdout","time":1146.919411895,"data":"EDGE_TTA_ACTIVE views= 8 mean_abs_feat_delta= 0.301009\n"}
,{"stream_name":"stdout","time":1147.1089245,"data":"SECONDARY_EDGE_TTA_ACTIVE views= 8 weight= 0.75 mean_abs_feat_delta= 0.254139\n"}
,{"stream_name":"stdout","time":1147.311219671,"data":"SECONDARY_EDGE_TTA_ACTIVE views= 8 weight= 0.75 mean_abs_feat_delta= 0.254139\n"}
,{"stream_name":"stdout","time":1147.674771487,"data":"SECONDARY_EDGE_TTA_ACTIVE views= 8 weight= 0.75 mean_abs_feat_delta= 0.230826\n"}
,{"stream_name":"stdout","time":1147.877302705,"data":"SECONDARY_EDGE_TTA_ACTIVE views= 8 weight= 0.75 mean_abs_feat_delta= 0.230826\n"}
,{"stream_name":"stdout","time":1148.226295167,"data":"EDGE_TTA_ACTIVE views= 8 mean_abs_feat_delta= 0.331889\n"}
,{"stream_name":"stdout","time":1148.428487157,"data":"EDGE_TTA_ACTIVE views= 8 mean_abs_feat_delta= 0.331889\n"}
,{"stream_name":"stdout","time":1148.726184688,"data":"EDGE_TTA_ACTIVE views= 8 mean_abs_feat_delta= 0.301776\n"}
,{"stream_name":"stdout","time":1148.928637587,"data":"EDGE_TTA_ACTIVE views= 8 mean_abs_feat_delta= 0.301776\n"}
,{"stream_name":"stdout","time":1149.204584114,"data":"SECONDARY_EDGE_TTA_ACTIVE views= 8 weight= 0.75 mean_abs_feat_delta= 0.253521\n"}
,{"stream_name":"stdout","time":1149.409502664,"data":"SECONDARY_EDGE_TTA_ACTIVE views= 8 weight= 0.75 mean_abs_feat_delta= 0.253521\n"}
,{"stream_name":"stdout","time":1149.690184498,"data":"SECONDARY_EDGE_TTA_ACTIVE views= 8 weight= 0.75 mean_abs_feat_delta= 0.233825\n"}
,{"stream_name":"stdout","time":1149.89270251,"data":"SECONDARY_EDGE_TTA_ACTIVE views= 8 weight= 0.75 mean_abs_feat_delta= 0.233825\n"}
,{"stream_name":"stdout","time":1150.333019972,"data":"EDGE_TTA_ACTIVE views= 8 mean_abs_feat_delta= 0.324439\n"}
,{"stream_name":"stdout","time":1150.535391205,"data":"EDGE_TTA_ACTIVE views= 8 mean_abs_feat_delta= 0.324439\n"}
,{"stream_name":"stdout","time":1150.721073243,"data":"EDGE_TTA_ACTIVE views= 8 mean_abs_feat_delta= 0.299256\n"}
,{"stream_name":"stdout","time":1150.923521286,"data":"EDGE_TTA_ACTIVE views= 8 mean_abs_feat_delta= 0.299256\n"}
,{"stream_name":"stdout","time":1151.31405908,"data":"SECONDARY_EDGE_TTA_ACTIVE views= 8 weight= 0.75 mean_abs_feat_delta= 0.251163\n"}
,{"stream_name":"stdout","time":1151.516322183,"data":"SECONDARY_EDGE_TTA_ACTIVE views= 8 weight= 0.75 mean_abs_feat_delta= 0.251163\n"}
,{"stream_name":"stdout","time":1151.681418951,"data":"SECONDARY_EDGE_TTA_ACTIVE views= 8 weight= 0.75 mean_abs_feat_delta= 0.231076\n"}
,{"stream_name":"stdout","time":1151.68544171,"data":"BIOHUB_RETENTION_GUARD {\"blended_candidates\": 59, \"dataset\": \"6bba_062c8d37\", \"frame\": 73, \"minimum_retention\": 0.9, \"primary_candidates\": 68, \"retention\": 0.8676470588235294, \"use_primary\": true}\n"}
,{"stream_name":"stdout","time":1151.883906852,"data":"SECONDARY_EDGE_TTA_ACTIVE views= 8 weight= 0.75 mean_abs_feat_delta= 0.231076\n"}
,{"stream_name":"stdout","time":1151.883947587,"data":"BIOHUB_RETENTION_GUARD {\"blended_candidates\": 59, \"dataset\": \"6bba_062c8d37\", \"frame\": 73, \"minimum_retention\": 0.9, \"primary_candidates\": 68, \"retention\": 0.8676470588235294, \"use_primary\": true}\n"}
,{"stream_name":"stdout","time":1152.428875405,"data":"EDGE_TTA_ACTIVE views= 8 mean_abs_feat_delta= 0.320074\n"}
,{"stream_name":"stdout","time":1152.631389516,"data":"EDGE_TTA_ACTIVE views= 8 mean_abs_feat_delta= 0.320074\n"}
,{"stream_name":"stdout","time":1152.713881572,"data":"EDGE_TTA_ACTIVE views= 8 mean_abs_feat_delta= 0.298114\n"}
,{"stream_name":"stdout","time":1152.916389687,"data":"EDGE_TTA_ACTIVE views= 8 mean_abs_feat_delta= 0.298114\n"}
,{"stream_name":"stdout","time":1153.405410344,"data":"SECONDARY_EDGE_TTA_ACTIVE views= 8 weight= 0.75 mean_abs_feat_delta= 0.252768\n"}
,{"stream_name":"stdout","time":1153.607949753,"data":"SECONDARY_EDGE_TTA_ACTIVE views= 8 weight= 0.75 mean_abs_feat_delta= 0.252768\n"}
,{"stream_name":"stdout","time":1153.671386495,"data":"SECONDARY_EDGE_TTA_ACTIVE views= 8 weight= 0.75 mean_abs_feat_delta= 0.231678\n"}
,{"stream_name":"stdout","time":1153.675443221,"data":"BIOHUB_RETENTION_GUARD {\"blended_candidates\": 62, \"dataset\": \"6bba_062c8d37\", \"frame\": 74, \"minimum_retention\": 0.9, \"primary_candidates\": 69, \"retention\": 0.8985507246376812, \"use_primary\": true}\n"}
,{"stream_name":"stdout","time":1153.873759537,"data":"SECONDARY_EDGE_TTA_ACTIVE views= 8 weight= 0.75 mean_abs_feat_delta= 0.231678\n"}
,{"stream_name":"stdout","time":1153.873808737,"data":"BIOHUB_RETENTION_GUARD {\"blended_candidates\": 62, \"dataset\": \"6bba_062c8d37\", \"frame\": 74, \"minimum_retention\": 0.9, \"primary_candidates\": 69, \"retention\": 0.8985507246376812, \"use_primary\": true}\n"}
,{"stream_name":"stdout","time":1154.519568972,"data":"EDGE_TTA_ACTIVE views= 8 mean_abs_feat_delta= 0.322734\n"}
,{"stream_name":"stdout","time":1154.694091989,"data":"EDGE_TTA_ACTIVE views= 8 mean_abs_feat_delta= 0.292995\n"}
,{"stream_name":"stdout","time":1154.721838476,"data":"EDGE_TTA_ACTIVE views= 8 mean_abs_feat_delta= 0.322734\n"}
,{"stream_name":"stdout","time":1154.721866014,"data":"EDGE_TTA_ACTIVE views= 8 mean_abs_feat_delta= 0.292995\n"}
,{"stream_name":"stdout","time":1155.500670578,"data":"SECONDARY_EDGE_TTA_ACTIVE views= 8 weight= 0.75 mean_abs_feat_delta= 0.25256\n"}
,{"stream_name":"stdout","time":1155.655768235,"data":"SECONDARY_EDGE_TTA_ACTIVE views= 8 weight= 0.75 mean_abs_feat_delta= 0.232434\n"}
,{"stream_name":"stdout","time":1155.702939286,"data":"SECONDARY_EDGE_TTA_ACTIVE views= 8 weight= 0.75 mean_abs_feat_delta= 0.25256\n"}
,{"stream_name":"stdout","time":1155.702972158,"data":"SECONDARY_EDGE_TTA_ACTIVE views= 8 weight= 0.75 mean_abs_feat_delta= 0.232434\n"}
,{"stream_name":"stdout","time":1156.610704693,"data":"EDGE_TTA_ACTIVE views= 8 mean_abs_feat_delta= 0.326182\n"}
,{"stream_name":"stdout","time":1156.694926003,"data":"EDGE_TTA_ACTIVE views= 8 mean_abs_feat_delta= 0.29277\n"}
,{"stream_name":"stdout","time":1156.813214979,"data":"EDGE_TTA_ACTIVE views= 8 mean_abs_feat_delta= 0.326182\n"}
,{"stream_name":"stdout","time":1156.813245521,"data":"EDGE_TTA_ACTIVE views= 8 mean_abs_feat_delta= 0.29277\n"}
,{"stream_name":"stdout","time":1157.596472358,"data":"SECONDARY_EDGE_TTA_ACTIVE views= 8 weight= 0.75 mean_abs_feat_delta= 0.257037\n"}
,{"stream_name":"stdout","time":1157.65306318,"data":"SECONDARY_EDGE_TTA_ACTIVE views= 8 weight= 0.75 mean_abs_feat_delta= 0.237438\n"}
,{"stream_name":"stdout","time":1157.799109395,"data":"SECONDARY_EDGE_TTA_ACTIVE views= 8 weight= 0.75 mean_abs_feat_delta= 0.257037\n"}
,{"stream_name":"stdout","time":1157.799143777,"data":"SECONDARY_EDGE_TTA_ACTIVE views= 8 weight= 0.75 mean_abs_feat_delta= 0.237438\n"}
,{"stream_name":"stdout","time":1158.701357982,"data":"EDGE_TTA_ACTIVE views= 8 mean_abs_feat_delta= 0.327903\n"}
,{"stream_name":"stdout","time":1158.711730533,"data":"EDGE_TTA_ACTIVE views= 8 mean_abs_feat_delta= 0.293275\n"}
,{"stream_name":"stdout","time":1158.903947549,"data":"EDGE_TTA_ACTIVE views= 8 mean_abs_feat_delta= 0.327903\n"}
,{"stream_name":"stdout","time":1158.903981116,"data":"EDGE_TTA_ACTIVE views= 8 mean_abs_feat_delta= 0.293275\n"}
,{"stream_name":"stdout","time":1159.670956183,"data":"SECONDARY_EDGE_TTA_ACTIVE views= 8 weight= 0.75 mean_abs_feat_delta= 0.236157\n"}
,{"stream_name":"stdout","time":1159.686231073,"data":"SECONDARY_EDGE_TTA_ACTIVE views= 8 weight= 0.75 mean_abs_feat_delta= 0.259034\n"}
,{"stream_name":"stdout","time":1159.873475046,"data":"SECONDARY_EDGE_TTA_ACTIVE views= 8 weight= 0.75 mean_abs_feat_delta= 0.236157\n"}
,{"stream_name":"stdout","time":1159.873509601,"data":"SECONDARY_EDGE_TTA_ACTIVE views= 8 weight= 0.75 mean_abs_feat_delta= 0.259034\n"}
,{"stream_name":"stdout","time":1160.697197115,"data":"EDGE_TTA_ACTIVE views= 8 mean_abs_feat_delta= 0.291368\n"}
,{"stream_name":"stdout","time":1160.792530507,"data":"EDGE_TTA_ACTIVE views= 8 mean_abs_feat_delta= 0.336297\n"}
,{"stream_name":"stdout","time":1160.899690685,"data":"EDGE_TTA_ACTIVE views= 8 mean_abs_feat_delta= 0.291368\n"}
,{"stream_name":"stdout","time":1160.89971611,"data":"EDGE_TTA_ACTIVE views= 8 mean_abs_feat_delta= 0.336297\n"}
,{"stream_name":"stdout","time":1161.659545866,"data":"SECONDARY_EDGE_TTA_ACTIVE views= 8 weight= 0.75 mean_abs_feat_delta= 0.235416\n"}
,{"stream_name":"stdout","time":1161.785604406,"data":"SECONDARY_EDGE_TTA_ACTIVE views= 8 weight= 0.75 mean_abs_feat_delta= 0.262107\n"}
,{"stream_name":"stdout","time":1161.861791014,"data":"SECONDARY_EDGE_TTA_ACTIVE views= 8 weight= 0.75 mean_abs_feat_delta= 0.235416\n"}
,{"stream_name":"stdout","time":1161.861824806,"data":"SECONDARY_EDGE_TTA_ACTIVE views= 8 weight= 0.75 mean_abs_feat_delta= 0.262107\n"}
,{"stream_name":"stdout","time":1162.696906008,"data":"EDGE_TTA_ACTIVE views= 8 mean_abs_feat_delta= 0.291014\n"}
,{"stream_name":"stdout","time":1162.899409258,"data":"EDGE_TTA_ACTIVE views= 8 mean_abs_feat_delta= 0.291014\n"}
,{"stream_name":"stdout","time":1162.903725382,"data":"EDGE_TTA_ACTIVE views= 8 mean_abs_feat_delta= 0.339382\n"}
,{"stream_name":"stdout","time":1163.106125672,"data":"EDGE_TTA_ACTIVE views= 8 mean_abs_feat_delta= 0.339382\n"}
,{"stream_name":"stdout","time":1163.659801213,"data":"SECONDARY_EDGE_TTA_ACTIVE views= 8 weight= 0.75 mean_abs_feat_delta= 0.232783\n"}
,{"stream_name":"stdout","time":1163.862312502,"data":"SECONDARY_EDGE_TTA_ACTIVE views= 8 weight= 0.75 mean_abs_feat_delta= 0.232783\n"}
,{"stream_name":"stdout","time":1163.892123917,"data":"SECONDARY_EDGE_TTA_ACTIVE views= 8 weight= 0.75 mean_abs_feat_delta= 0.258084\n"}
,{"stream_name":"stdout","time":1164.094510182,"data":"SECONDARY_EDGE_TTA_ACTIVE views= 8 weight= 0.75 mean_abs_feat_delta= 0.258084\n"}
,{"stream_name":"stdout","time":1164.687039636,"data":"EDGE_TTA_ACTIVE views= 8 mean_abs_feat_delta= 0.295994\n"}
,{"stream_name":"stdout","time":1164.889234264,"data":"EDGE_TTA_ACTIVE views= 8 mean_abs_feat_delta= 0.295994\n"}
,{"stream_name":"stdout","time":1164.995576257,"data":"EDGE_TTA_ACTIVE views= 8 mean_abs_feat_delta= 0.333216\n"}
,{"stream_name":"stdout","time":1165.197975034,"data":"EDGE_TTA_ACTIVE views= 8 mean_abs_feat_delta= 0.333216\n"}
,{"stream_name":"stdout","time":1165.652428249,"data":"SECONDARY_EDGE_TTA_ACTIVE views= 8 weight= 0.75 mean_abs_feat_delta= 0.231063\n"}
,{"stream_name":"stdout","time":1165.854918569,"data":"SECONDARY_EDGE_TTA_ACTIVE views= 8 weight= 0.75 mean_abs_feat_delta= 0.231063\n"}
,{"stream_name":"stdout","time":1165.989142058,"data":"SECONDARY_EDGE_TTA_ACTIVE views= 8 weight= 0.75 mean_abs_feat_delta= 0.256287\n"}
,{"stream_name":"stdout","time":1166.191564053,"data":"SECONDARY_EDGE_TTA_ACTIVE views= 8 weight= 0.75 mean_abs_feat_delta= 0.256287\n"}
,{"stream_name":"stdout","time":1166.694273667,"data":"EDGE_TTA_ACTIVE views= 8 mean_abs_feat_delta= 0.297096\n"}
,{"stream_name":"stdout","time":1166.896680117,"data":"EDGE_TTA_ACTIVE views= 8 mean_abs_feat_delta= 0.297096\n"}
,{"stream_name":"stdout","time":1167.101462776,"data":"EDGE_TTA_ACTIVE views= 8 mean_abs_feat_delta= 0.335556\n"}
,{"stream_name":"stdout","time":1167.303935814,"data":"EDGE_TTA_ACTIVE views= 8 mean_abs_feat_delta= 0.335556\n"}
,{"stream_name":"stdout","time":1167.65335415,"data":"SECONDARY_EDGE_TTA_ACTIVE views= 8 weight= 0.75 mean_abs_feat_delta= 0.234197\n"}
,{"stream_name":"stdout","time":1167.855935371,"data":"SECONDARY_EDGE_TTA_ACTIVE views= 8 weight= 0.75 mean_abs_feat_delta= 0.234197\n"}
,{"stream_name":"stdout","time":1168.09344607,"data":"SECONDARY_EDGE_TTA_ACTIVE views= 8 weight= 0.75 mean_abs_feat_delta= 0.254402\n"}
,{"stream_name":"stdout","time":1168.295851122,"data":"SECONDARY_EDGE_TTA_ACTIVE views= 8 weight= 0.75 mean_abs_feat_delta= 0.254402\n"}
,{"stream_name":"stdout","time":1168.683765449,"data":"EDGE_TTA_ACTIVE views= 8 mean_abs_feat_delta= 0.299033\n"}
,{"stream_name":"stdout","time":1168.886294967,"data":"EDGE_TTA_ACTIVE views= 8 mean_abs_feat_delta= 0.299033\n"}
,{"stream_name":"stdout","time":1169.207385441,"data":"EDGE_TTA_ACTIVE views= 8 mean_abs_feat_delta= 0.337468\n"}
,{"stream_name":"stdout","time":1169.457527625,"data":"EDGE_TTA_ACTIVE views= 8 mean_abs_feat_delta= 0.337468\n"}
,{"stream_name":"stdout","time":1169.64425538,"data":"SECONDARY_EDGE_TTA_ACTIVE views= 8 weight= 0.75 mean_abs_feat_delta= 0.233029\n"}
,{"stream_name":"stdout","time":1169.846923136,"data":"SECONDARY_EDGE_TTA_ACTIVE views= 8 weight= 0.75 mean_abs_feat_delta= 0.233029\n"}
,{"stream_name":"stdout","time":1170.200906093,"data":"SECONDARY_EDGE_TTA_ACTIVE views= 8 weight= 0.75 mean_abs_feat_delta= 0.255109\n"}
,{"stream_name":"stdout","time":1170.403291451,"data":"SECONDARY_EDGE_TTA_ACTIVE views= 8 weight= 0.75 mean_abs_feat_delta= 0.255109\n"}
,{"stream_name":"stdout","time":1170.672625469,"data":"EDGE_TTA_ACTIVE views= 8 mean_abs_feat_delta= 0.297557\n"}
,{"stream_name":"stdout","time":1170.87500126,"data":"EDGE_TTA_ACTIVE views= 8 mean_abs_feat_delta= 0.297557\n"}
,{"stream_name":"stdout","time":1171.312577485,"data":"EDGE_TTA_ACTIVE views= 8 mean_abs_feat_delta= 0.334122\n"}
,{"stream_name":"stdout","time":1171.5149344,"data":"EDGE_TTA_ACTIVE views= 8 mean_abs_feat_delta= 0.334122\n"}
,{"stream_name":"stdout","time":1171.631357632,"data":"SECONDARY_EDGE_TTA_ACTIVE views= 8 weight= 0.75 mean_abs_feat_delta= 0.236935\n"}
,{"stream_name":"stdout","time":1171.834017309,"data":"SECONDARY_EDGE_TTA_ACTIVE views= 8 weight= 0.75 mean_abs_feat_delta= 0.236935\n"}
,{"stream_name":"stdout","time":1172.307047833,"data":"SECONDARY_EDGE_TTA_ACTIVE views= 8 weight= 0.75 mean_abs_feat_delta= 0.25132\n"}
,{"stream_name":"stdout","time":1172.509611482,"data":"SECONDARY_EDGE_TTA_ACTIVE views= 8 weight= 0.75 mean_abs_feat_delta= 0.25132\n"}
,{"stream_name":"stdout","time":1172.657953434,"data":"EDGE_TTA_ACTIVE views= 8 mean_abs_feat_delta= 0.293406\n"}
,{"stream_name":"stdout","time":1172.860420049,"data":"EDGE_TTA_ACTIVE views= 8 mean_abs_feat_delta= 0.293406\n"}
,{"stream_name":"stdout","time":1173.416081256,"data":"EDGE_TTA_ACTIVE views= 8 mean_abs_feat_delta= 0.328651\n"}
,{"stream_name":"stdout","time":1173.617355316,"data":"SECONDARY_EDGE_TTA_ACTIVE views= 8 weight= 0.75 mean_abs_feat_delta= 0.234086\n"}
,{"stream_name":"stdout","time":1173.618661405,"data":"EDGE_TTA_ACTIVE views= 8 mean_abs_feat_delta= 0.328651\n"}
,{"stream_name":"stdout","time":1173.621580146,"data":"BIOHUB_RETENTION_GUARD {\"blended_candidates\": 64, \"dataset\": \"6bba_062c8d37\", \"frame\": 84, \"minimum_retention\": 0.9, \"primary_candidates\": 73, \"retention\": 0.8767123287671232, \"use_primary\": true}\n"}
,{"stream_name":"stdout","time":1173.819639672,"data":"SECONDARY_EDGE_TTA_ACTIVE views= 8 weight= 0.75 mean_abs_feat_delta= 0.234086\n"}
,{"stream_name":"stdout","time":1173.819675183,"data":"BIOHUB_RETENTION_GUARD {\"blended_candidates\": 64, \"dataset\": \"6bba_062c8d37\", \"frame\": 84, \"minimum_retention\": 0.9, \"primary_candidates\": 73, \"retention\": 0.8767123287671232, \"use_primary\": true}\n"}
,{"stream_name":"stdout","time":1174.410427734,"data":"SECONDARY_EDGE_TTA_ACTIVE views= 8 weight= 0.75 mean_abs_feat_delta= 0.250811\n"}
,{"stream_name":"stdout","time":1174.612829981,"data":"SECONDARY_EDGE_TTA_ACTIVE views= 8 weight= 0.75 mean_abs_feat_delta= 0.250811\n"}
,{"stream_name":"stdout","time":1174.674373557,"data":"EDGE_TTA_ACTIVE views= 8 mean_abs_feat_delta= 0.295509\n"}
,{"stream_name":"stdout","time":1174.876988477,"data":"EDGE_TTA_ACTIVE views= 8 mean_abs_feat_delta= 0.295509\n"}
,{"stream_name":"stdout","time":1175.514810943,"data":"EDGE_TTA_ACTIVE views= 8 mean_abs_feat_delta= 0.336868\n"}
,{"stream_name":"stdout","time":1175.636319152,"data":"SECONDARY_EDGE_TTA_ACTIVE views= 8 weight= 0.75 mean_abs_feat_delta= 0.227107\n"}
,{"stream_name":"stdout","time":1175.717236758,"data":"EDGE_TTA_ACTIVE views= 8 mean_abs_feat_delta= 0.336868\n"}
,{"stream_name":"stdout","time":1175.717267201,"data":"SECONDARY_EDGE_TTA_ACTIVE views= 8 weight= 0.75 mean_abs_feat_delta= 0.227107\n"}
,{"stream_name":"stdout","time":1176.511206899,"data":"SECONDARY_EDGE_TTA_ACTIVE views= 8 weight= 0.75 mean_abs_feat_delta= 0.252583\n"}
,{"stream_name":"stdout","time":1176.666585501,"data":"EDGE_TTA_ACTIVE views= 8 mean_abs_feat_delta= 0.29737\n"}
,{"stream_name":"stdout","time":1176.711417225,"data":"SECONDARY_EDGE_TTA_ACTIVE views= 8 weight= 0.75 mean_abs_feat_delta= 0.252583\n"}
,{"stream_name":"stdout","time":1176.711452165,"data":"EDGE_TTA_ACTIVE views= 8 mean_abs_feat_delta= 0.29737\n"}
,{"stream_name":"stdout","time":1177.628989456,"data":"SECONDARY_EDGE_TTA_ACTIVE views= 8 weight= 0.75 mean_abs_feat_delta= 0.229753\n"}
,{"stream_name":"stdout","time":1177.646265695,"data":"EDGE_TTA_ACTIVE views= 8 mean_abs_feat_delta= 0.335702\n"}
,{"stream_name":"stdout","time":1177.831268955,"data":"SECONDARY_EDGE_TTA_ACTIVE views= 8 weight= 0.75 mean_abs_feat_delta= 0.229753\n"}
,{"stream_name":"stdout","time":1177.831303435,"data":"EDGE_TTA_ACTIVE views= 8 mean_abs_feat_delta= 0.335702\n"}
,{"stream_name":"stdout","time":1178.641114082,"data":"SECONDARY_EDGE_TTA_ACTIVE views= 8 weight= 0.75 mean_abs_feat_delta= 0.250294\n"}
,{"stream_name":"stdout","time":1178.65819222,"data":"EDGE_TTA_ACTIVE views= 8 mean_abs_feat_delta= 0.297734\n"}
,{"stream_name":"stdout","time":1178.843616435,"data":"SECONDARY_EDGE_TTA_ACTIVE views= 8 weight= 0.75 mean_abs_feat_delta= 0.250294\n"}
,{"stream_name":"stdout","time":1178.84365731,"data":"EDGE_TTA_ACTIVE views= 8 mean_abs_feat_delta= 0.297734\n"}
,{"stream_name":"stdout","time":1179.625246024,"data":"SECONDARY_EDGE_TTA_ACTIVE views= 8 weight= 0.75 mean_abs_feat_delta= 0.233349\n"}
,{"stream_name":"stdout","time":1179.747427496,"data":"EDGE_TTA_ACTIVE views= 8 mean_abs_feat_delta= 0.334886\n"}
,{"stream_name":"stdout","time":1179.828142159,"data":"SECONDARY_EDGE_TTA_ACTIVE views= 8 weight= 0.75 mean_abs_feat_delta= 0.233349\n"}
,{"stream_name":"stdout","time":1179.828175421,"data":"EDGE_TTA_ACTIVE views= 8 mean_abs_feat_delta= 0.334886\n"}
,{"stream_name":"stdout","time":1180.655930703,"data":"EDGE_TTA_ACTIVE views= 8 mean_abs_feat_delta= 0.297749\n"}
,{"stream_name":"stdout","time":1180.74168426,"data":"SECONDARY_EDGE_TTA_ACTIVE views= 8 weight= 0.75 mean_abs_feat_delta= 0.247088\n"}
,{"stream_name":"stdout","time":1180.858098831,"data":"EDGE_TTA_ACTIVE views= 8 mean_abs_feat_delta= 0.297749\n"}
,{"stream_name":"stdout","time":1180.858128653,"data":"SECONDARY_EDGE_TTA_ACTIVE views= 8 weight= 0.75 mean_abs_feat_delta= 0.247088\n"}
,{"stream_name":"stdout","time":1181.622596305,"data":"SECONDARY_EDGE_TTA_ACTIVE views= 8 weight= 0.75 mean_abs_feat_delta= 0.228601\n"}
,{"stream_name":"stdout","time":1181.825182441,"data":"SECONDARY_EDGE_TTA_ACTIVE views= 8 weight= 0.75 mean_abs_feat_delta= 0.228601\n"}
,{"stream_name":"stdout","time":1181.863415782,"data":"EDGE_TTA_ACTIVE views= 8 mean_abs_feat_delta= 0.337301\n"}
,{"stream_name":"stdout","time":1182.065870634,"data":"EDGE_TTA_ACTIVE views= 8 mean_abs_feat_delta= 0.337301\n"}
,{"stream_name":"stdout","time":1182.661814577,"data":"EDGE_TTA_ACTIVE views= 8 mean_abs_feat_delta= 0.299556\n"}
,{"stream_name":"stdout","time":1182.860638549,"data":"SECONDARY_EDGE_TTA_ACTIVE views= 8 weight= 0.75 mean_abs_feat_delta= 0.248444\n"}
,{"stream_name":"stdout","time":1182.864528953,"data":"EDGE_TTA_ACTIVE views= 8 mean_abs_feat_delta= 0.299556\n"}
,{"stream_name":"stdout","time":1182.864551408,"data":"SECONDARY_EDGE_TTA_ACTIVE views= 8 weight= 0.75 mean_abs_feat_delta= 0.248444\n"}
,{"stream_name":"stdout","time":1183.62505009,"data":"SECONDARY_EDGE_TTA_ACTIVE views= 8 weight= 0.75 mean_abs_feat_delta= 0.229547\n"}
,{"stream_name":"stdout","time":1183.8274991,"data":"SECONDARY_EDGE_TTA_ACTIVE views= 8 weight= 0.75 mean_abs_feat_delta= 0.229547\n"}
,{"stream_name":"stdout","time":1183.96997888,"data":"EDGE_TTA_ACTIVE views= 8 mean_abs_feat_delta= 0.342168\n"}
,{"stream_name":"stdout","time":1184.172403635,"data":"EDGE_TTA_ACTIVE views= 8 mean_abs_feat_delta= 0.342168\n"}
,{"stream_name":"stdout","time":1184.659283761,"data":"EDGE_TTA_ACTIVE views= 8 mean_abs_feat_delta= 0.298104\n"}
,{"stream_name":"stdout","time":1184.861842523,"data":"EDGE_TTA_ACTIVE views= 8 mean_abs_feat_delta= 0.298104\n"}
,{"stream_name":"stdout","time":1184.969551778,"data":"SECONDARY_EDGE_TTA_ACTIVE views= 8 weight= 0.75 mean_abs_feat_delta= 0.249705\n"}
,{"stream_name":"stdout","time":1185.172094222,"data":"SECONDARY_EDGE_TTA_ACTIVE views= 8 weight= 0.75 mean_abs_feat_delta= 0.249705\n"}
,{"stream_name":"stdout","time":1185.623160498,"data":"SECONDARY_EDGE_TTA_ACTIVE views= 8 weight= 0.75 mean_abs_feat_delta= 0.228595\n"}
,{"stream_name":"stdout","time":1185.82561292,"data":"SECONDARY_EDGE_TTA_ACTIVE views= 8 weight= 0.75 mean_abs_feat_delta= 0.228595\n"}
,{"stream_name":"stdout","time":1186.113879622,"data":"EDGE_TTA_ACTIVE views= 8 mean_abs_feat_delta= 0.343137\n"}
,{"stream_name":"stdout","time":1186.31634166,"data":"EDGE_TTA_ACTIVE views= 8 mean_abs_feat_delta= 0.343137\n"}
,{"stream_name":"stdout","time":1186.675598952,"data":"EDGE_TTA_ACTIVE views= 8 mean_abs_feat_delta= 0.296443\n"}
,{"stream_name":"stdout","time":1186.877989655,"data":"EDGE_TTA_ACTIVE views= 8 mean_abs_feat_delta= 0.296443\n"}
,{"stream_name":"stdout","time":1187.112195325,"data":"SECONDARY_EDGE_TTA_ACTIVE views= 8 weight= 0.75 mean_abs_feat_delta= 0.249871\n"}
,{"stream_name":"stdout","time":1187.31453476,"data":"SECONDARY_EDGE_TTA_ACTIVE views= 8 weight= 0.75 mean_abs_feat_delta= 0.249871\n"}
,{"stream_name":"stdout","time":1187.643201144,"data":"SECONDARY_EDGE_TTA_ACTIVE views= 8 weight= 0.75 mean_abs_feat_delta= 0.228195\n"}
,{"stream_name":"stdout","time":1187.845813002,"data":"SECONDARY_EDGE_TTA_ACTIVE views= 8 weight= 0.75 mean_abs_feat_delta= 0.228195\n"}
,{"stream_name":"stdout","time":1188.215972661,"data":"EDGE_TTA_ACTIVE views= 8 mean_abs_feat_delta= 0.338761\n"}
,{"stream_name":"stdout","time":1188.41860852,"data":"EDGE_TTA_ACTIVE views= 8 mean_abs_feat_delta= 0.338761\n"}
,{"stream_name":"stdout","time":1188.700494921,"data":"EDGE_TTA_ACTIVE views= 8 mean_abs_feat_delta= 0.293984\n"}
,{"stream_name":"stdout","time":1188.903047121,"data":"EDGE_TTA_ACTIVE views= 8 mean_abs_feat_delta= 0.293984\n"}
,{"stream_name":"stdout","time":1189.217377088,"data":"SECONDARY_EDGE_TTA_ACTIVE views= 8 weight= 0.75 mean_abs_feat_delta= 0.247264\n"}
,{"stream_name":"stdout","time":1189.419825514,"data":"SECONDARY_EDGE_TTA_ACTIVE views= 8 weight= 0.75 mean_abs_feat_delta= 0.247264\n"}
,{"stream_name":"stdout","time":1189.660950672,"data":"SECONDARY_EDGE_TTA_ACTIVE views= 8 weight= 0.75 mean_abs_feat_delta= 0.229762\n"}
,{"stream_name":"stdout","time":1189.863460765,"data":"SECONDARY_EDGE_TTA_ACTIVE views= 8 weight= 0.75 mean_abs_feat_delta= 0.229762\n"}
,{"stream_name":"stdout","time":1190.334486333,"data":"EDGE_TTA_ACTIVE views= 8 mean_abs_feat_delta= 0.338145\n"}
,{"stream_name":"stdout","time":1190.536987323,"data":"EDGE_TTA_ACTIVE views= 8 mean_abs_feat_delta= 0.338145\n"}
,{"stream_name":"stdout","time":1190.687501842,"data":"EDGE_TTA_ACTIVE views= 8 mean_abs_feat_delta= 0.293061\n"}
,{"stream_name":"stdout","time":1190.889690597,"data":"EDGE_TTA_ACTIVE views= 8 mean_abs_feat_delta= 0.293061\n"}
,{"stream_name":"stdout","time":1191.332954896,"data":"SECONDARY_EDGE_TTA_ACTIVE views= 8 weight= 0.75 mean_abs_feat_delta= 0.243393\n"}
,{"stream_name":"stdout","time":1191.535232206,"data":"SECONDARY_EDGE_TTA_ACTIVE views= 8 weight= 0.75 mean_abs_feat_delta= 0.243393\n"}
,{"stream_name":"stdout","time":1191.651414863,"data":"SECONDARY_EDGE_TTA_ACTIVE views= 8 weight= 0.75 mean_abs_feat_delta= 0.232584\n"}
,{"stream_name":"stdout","time":1191.854013301,"data":"SECONDARY_EDGE_TTA_ACTIVE views= 8 weight= 0.75 mean_abs_feat_delta= 0.232584\n"}
,{"stream_name":"stdout","time":1192.442619873,"data":"EDGE_TTA_ACTIVE views= 8 mean_abs_feat_delta= 0.334551\n"}
,{"stream_name":"stdout","time":1192.64511726,"data":"EDGE_TTA_ACTIVE views= 8 mean_abs_feat_delta= 0.334551\n"}
,{"stream_name":"stdout","time":1192.707097252,"data":"EDGE_TTA_ACTIVE views= 8 mean_abs_feat_delta= 0.297154\n"}
,{"stream_name":"stdout","time":1192.909537042,"data":"EDGE_TTA_ACTIVE views= 8 mean_abs_feat_delta= 0.297154\n"}
,{"stream_name":"stdout","time":1193.442833643,"data":"SECONDARY_EDGE_TTA_ACTIVE views= 8 weight= 0.75 mean_abs_feat_delta= 0.246103\n"}
,{"stream_name":"stdout","time":1193.645442597,"data":"SECONDARY_EDGE_TTA_ACTIVE views= 8 weight= 0.75 mean_abs_feat_delta= 0.246103\n"}
,{"stream_name":"stdout","time":1193.669739934,"data":"SECONDARY_EDGE_TTA_ACTIVE views= 8 weight= 0.75 mean_abs_feat_delta= 0.235095\n"}
,{"stream_name":"stdout","time":1193.872382907,"data":"SECONDARY_EDGE_TTA_ACTIVE views= 8 weight= 0.75 mean_abs_feat_delta= 0.235095\n"}
,{"stream_name":"stdout","time":1194.553050004,"data":"EDGE_TTA_ACTIVE views= 8 mean_abs_feat_delta= 0.331854\n"}
,{"stream_name":"stdout","time":1194.701703752,"data":"EDGE_TTA_ACTIVE views= 8 mean_abs_feat_delta= 0.301446\n"}
,{"stream_name":"stdout","time":1194.75562629,"data":"EDGE_TTA_ACTIVE views= 8 mean_abs_feat_delta= 0.331854\n"}
,{"stream_name":"stdout","time":1194.755656022,"data":"EDGE_TTA_ACTIVE views= 8 mean_abs_feat_delta= 0.301446\n"}
,{"stream_name":"stdout","time":1195.551435142,"data":"SECONDARY_EDGE_TTA_ACTIVE views= 8 weight= 0.75 mean_abs_feat_delta= 0.246736\n"}
,{"stream_name":"stdout","time":1195.669515635,"data":"SECONDARY_EDGE_TTA_ACTIVE views= 8 weight= 0.75 mean_abs_feat_delta= 0.235651\n"}
,{"stream_name":"stdout","time":1195.754087165,"data":"SECONDARY_EDGE_TTA_ACTIVE views= 8 weight= 0.75 mean_abs_feat_delta= 0.246736\n"}
,{"stream_name":"stdout","time":1195.754124994,"data":"SECONDARY_EDGE_TTA_ACTIVE views= 8 weight= 0.75 mean_abs_feat_delta= 0.235651\n"}
,{"stream_name":"stdout","time":1196.737038917,"data":"EDGE_TTA_ACTIVE views= 8 mean_abs_feat_delta= 0.301117\n"}
,{"stream_name":"stdout","time":1196.939499155,"data":"EDGE_TTA_ACTIVE views= 8 mean_abs_feat_delta= 0.301117\n"}
,{"stream_name":"stdout","time":1197.700163253,"data":"SECONDARY_EDGE_TTA_ACTIVE views= 8 weight= 0.75 mean_abs_feat_delta= 0.235513\n"}
,{"stream_name":"stdout","time":1197.903302376,"data":"SECONDARY_EDGE_TTA_ACTIVE views= 8 weight= 0.75 mean_abs_feat_delta= 0.235513\n"}
,{"stream_name":"stdout","time":1198.806726472,"data":"EDGE_TTA_ACTIVE views= 8 mean_abs_feat_delta= 0.301563\n"}
,{"stream_name":"stdout","time":1199.009355136,"data":"EDGE_TTA_ACTIVE views= 8 mean_abs_feat_delta= 0.301563\n"}
,{"stream_name":"stdout","time":1199.768400323,"data":"SECONDARY_EDGE_TTA_ACTIVE views= 8 weight= 0.75 mean_abs_feat_delta= 0.22943\n"}
,{"stream_name":"stdout","time":1200.03169177,"data":"SECONDARY_EDGE_TTA_ACTIVE views= 8 weight= 0.75 mean_abs_feat_delta= 0.22943\n"}
,{"stream_name":"stdout","time":1200.898450621,"data":"EDGE_TTA_ACTIVE views= 8 mean_abs_feat_delta= 0.298981\n"}
,{"stream_name":"stdout","time":1201.100993226,"data":"EDGE_TTA_ACTIVE views= 8 mean_abs_feat_delta= 0.298981\n"}
,{"stream_name":"stdout","time":1201.863724847,"data":"SECONDARY_EDGE_TTA_ACTIVE views= 8 weight= 0.75 mean_abs_feat_delta= 0.231691\n"}
,{"stream_name":"stdout","time":1202.066211775,"data":"SECONDARY_EDGE_TTA_ACTIVE views= 8 weight= 0.75 mean_abs_feat_delta= 0.231691\n"}
,{"stream_name":"stdout","time":1202.93124477,"data":"EDGE_TTA_ACTIVE views= 8 mean_abs_feat_delta= 0.297101\n"}
,{"stream_name":"stdout","time":1203.133830711,"data":"EDGE_TTA_ACTIVE views= 8 mean_abs_feat_delta= 0.297101\n"}
,{"stream_name":"stdout","time":1203.89458615,"data":"SECONDARY_EDGE_TTA_ACTIVE views= 8 weight= 0.75 mean_abs_feat_delta= 0.23213\n"}
,{"stream_name":"stdout","time":1204.097137619,"data":"SECONDARY_EDGE_TTA_ACTIVE views= 8 weight= 0.75 mean_abs_feat_delta= 0.23213\n"}
,{"stream_name":"stdout","time":1207.972549923,"data":"Saved 2 predictions to /kaggle/working/tracking_repo/predictions/unknown/unet_transformer_val_gpu0/split_0\n"}
,{"stream_name":"stdout","time":1208.174940355,"data":"Saved 2 predictions to /kaggle/working/tracking_repo/predictions/unknown/unet_transformer_val_gpu0/split_0\n"}
,{"stream_name":"stdout","time":1221.542899529,"data":"Saved 2 predictions to /kaggle/working/tracking_repo/predictions/unknown/unet_transformer_val_gpu1/split_0\n"}
,{"stream_name":"stdout","time":1221.744067452,"data":"Saved 2 predictions to /kaggle/working/tracking_repo/predictions/unknown/unet_transformer_val_gpu1/split_0\n"}
,{"stream_name":"stdout","time":1223.254712465,"data":"VALIDATOR: merged 4 prediction graphs into /kaggle/working/tracking_repo/predictions/unknown/unet_transformer_val/split_0\n"}
,{"stream_name":"stdout","time":1223.254747579,"data":"VALIDATOR: prediction completed in 7.82 minutes\n"}
,{"stream_name":"stdout","time":1223.454828238,"data":"Post-process base configuration (public 0.939):\n"}
,{"stream_name":"stdout","time":1223.454860775,"data":"  SAFE_DIV_MAX_UM                          9.0\n"}
,{"stream_name":"stdout","time":1223.454865099,"data":"  SAFE_DIV_SISTER_MAX_UM                   14.0\n"}
,{"stream_name":"stdout","time":1223.454868288,"data":"  SAFE_DIV_DIVERGE_UM                      2.25\n"}
,{"stream_name":"stdout","time":1223.454871381,"data":"  SAFE_DIV_SISTER_SYMMETRY_TAU             0.6\n"}
,{"stream_name":"stdout","time":1223.454875322,"data":"  SAFE_DIV_EXISTING_CHILD_MAX_UM           10.0\n"}
,{"stream_name":"stdout","time":1223.454895141,"data":"  SAFE_DIV_FRAME_FRAC_CAP                  0.0076\n"}
,{"stream_name":"stdout","time":1223.454900231,"data":"  SAFE_DIV_GLOBAL_FRAC_CAP                 0.00375\n"}
,{"stream_name":"stdout","time":1223.454905309,"data":"  DEEPCENTER_SAFE_DIV_THRESHOLD            0.25\n"}
,{"stream_name":"stdout","time":1223.454910658,"data":"  DEEPCENTER_GAP_THRESHOLD                 0.25\n"}
,{"stream_name":"stdout","time":1223.454915642,"data":"  GAP_CLOSE_UM                             5.0\n"}
,{"stream_name":"stdout","time":1223.454920976,"data":"  OUTPUT_MIN_TRACK_LEN                     6\n"}
,{"stream_name":"stdout","time":1223.454925365,"data":"  SHORT_TRACK_RESCUE_MIN_MEAN_EDGE_PROB    0.88\n"}
,{"stream_name":"stdout","time":1223.454929608,"data":"  MOTION_RELINK_TIGHT_UM                   6.0\n"}
,{"stream_name":"stdout","time":1223.454933808,"data":"  MOTION_RELINK_RELAXED_UM                 10.0\n"}
,{"stream_name":"stdout","time":1223.454938106,"data":"  GAP2_MAX_STEP_UM                         4.4\n"}
,{"stream_name":"stdout","time":1223.454942429,"data":"  GAP2_MAX_TOTAL_UM                        10.2\n"}
,{"stream_name":"stdout","time":1223.454948388,"data":"  MOTION_RELINK_LEARNED_BONUS              1.0\n"}
,{"stream_name":"stdout","time":1223.45495523,"data":"  MOTION_RELINK_VELOCITY_WEIGHT            0.5\n"}
,{"stream_name":"stdout","time":1223.454958246,"data":"  GAP_CLOSE_REUSE_UM                       3.2\n"}
,{"stream_name":"stdout","time":1223.45496109,"data":"  OUTPUT_EDGE_MAX_UM                       14.0\n"}
,{"stream_name":"stdout","time":1226.000669729,"data":"VALIDATOR: cached 4 raw prediction graphs + GT\n"}
,{"stream_name":"stdout","time":1226.000731028,"data":"EXP019: legacy four-video proxy execution disabled; formal comparison uses patched scorer.\n"}
,{"stream_name":"stdout","time":1431.180851032,"data":"EXP042 official patched scorer: /kaggle/input/datasets/dalloliogm/biohub-official-scorer-patched/tracking_cellmot_075fc5f/src/tracking_cellmot/metrics.py\n"}
,{"stream_name":"stdout","time":1431.180891126,"data":"EXP042 held-out movies: ['44b6_12dfb391', '44b6_267148e4', '6bba_062c8d37', '6bba_07e24132']\n"}
,{"stream_name":"stdout","time":1431.180902189,"data":"==============================================================================\n"}
,{"stream_name":"stdout","time":1431.180906056,"data":"EXP042 mode: base {'parent_gate_um': None, 'daughter_gate_um': None}\n"}
,{"stream_name":"stdout","time":1493.778135483,"data":"  [44b6_12dfb391] after edge-filter+motion-relink: 45351 nodes, 43045 edges\n"}
,{"stream_name":"stdout","time":1494.669588599,"data":"DEEPCENTER_TTA_ACTIVE views= 8 mean_abs_logit_delta= 0.132016\n"}
,{"stream_name":"stdout","time":1507.257972602,"data":"  [44b6_12dfb391] after gap-closing (single-frame + gap2): 46006 nodes, 44284 edges\n"}
,{"stream_name":"stdout","time":1529.553617118,"data":"  [44b6_12dfb391] after safe-division repair: 46006 nodes, 44302 edges (geometric_candidates=150, deepcenter_rejected=132, post_veto_candidates=18, added=18, cap_skipped=0, mutual_nn_rejected=59, divergence_rejected=1557)\n"}
,{"stream_name":"stdout","time":1529.553660747,"data":"  [44b6_12dfb391] after division-geometry-filter+prune-isolated: 46004 nodes, 44302 edges\n"}
,{"stream_name":"stdout","time":1529.553668834,"data":"  [44b6_12dfb391] after short-track filtering: 44953 nodes, 43488 edges (components_removed=237)\n"}
,{"stream_name":"stdout","time":1538.906439116,"data":"  [44b6_12dfb391] FINAL: 44953 nodes, 43488 edges\n"}
,{"stream_name":"stdout","time":1555.810288963,"data":"  [44b6_267148e4] after edge-filter+motion-relink: 22829 nodes, 21448 edges\n"}
,{"stream_name":"stdout","time":1566.621998337,"data":"  [44b6_267148e4] after gap-closing (single-frame + gap2): 23070 nodes, 21883 edges\n"}
,{"stream_name":"stdout","time":1588.949550121,"data":"  [44b6_267148e4] after safe-division repair: 23070 nodes, 21899 edges (geometric_candidates=207, deepcenter_rejected=185, post_veto_candidates=22, added=16, cap_skipped=0, mutual_nn_rejected=133, divergence_rejected=1057)\n"}
,{"stream_name":"stdout","time":1588.949598415,"data":"  [44b6_267148e4] after division-geometry-filter+prune-isolated: 23010 nodes, 21899 edges\n"}
,{"stream_name":"stdout","time":1588.949606325,"data":"  [44b6_267148e4] after short-track filtering: 22247 nodes, 21320 edges (components_removed=184)\n"}
,{"stream_name":"stdout","time":1593.310628304,"data":"  [44b6_267148e4] FINAL: 22247 nodes, 21320 edges\n"}
,{"stream_name":"stdout","time":1594.766089963,"data":"  [6bba_062c8d37] after edge-filter+motion-relink: 5997 nodes, 5645 edges\n"}
,{"stream_name":"stdout","time":1595.859178019,"data":"  [6bba_062c8d37] after gap-closing (single-frame + gap2): 6048 nodes, 5740 edges\n"}
,{"stream_name":"stdout","time":1599.609978931,"data":"  [6bba_062c8d37] after safe-division repair: 6048 nodes, 5744 edges (geometric_candidates=15, deepcenter_rejected=11, post_veto_candidates=4, added=4, cap_skipped=0, mutual_nn_rejected=3, divergence_rejected=66)\n"}
,{"stream_name":"stdout","time":1599.610010824,"data":"  [6bba_062c8d37] after division-geometry-filter+prune-isolated: 6022 nodes, 5744 edges\n"}
,{"stream_name":"stdout","time":1599.610040385,"data":"  [6bba_062c8d37] after short-track filtering: 5853 nodes, 5620 edges (components_removed=45)\n"}
,{"stream_name":"stdout","time":1600.716714832,"data":"  [6bba_062c8d37] FINAL: 5853 nodes, 5620 edges\n"}
,{"stream_name":"stdout","time":1627.581155864,"data":"  [6bba_07e24132] after edge-filter+motion-relink: 29751 nodes, 28214 edges\n"}
,{"stream_name":"stdout","time":1637.510925571,"data":"  [6bba_07e24132] after gap-closing (single-frame + gap2): 30087 nodes, 28828 edges\n"}
,{"stream_name":"stdout","time":1654.725233247,"data":"  [6bba_07e24132] after safe-division repair: 30087 nodes, 28831 edges (geometric_candidates=118, deepcenter_rejected=115, post_veto_candidates=3, added=3, cap_skipped=0, mutual_nn_rejected=69, divergence_rejected=1006)\n"}
,{"stream_name":"stdout","time":1654.725275474,"data":"  [6bba_07e24132] after division-geometry-filter+prune-isolated: 30080 nodes, 28831 edges\n"}
,{"stream_name":"stdout","time":1654.725283153,"data":"  [6bba_07e24132] after short-track filtering: 29181 nodes, 28140 edges (components_removed=208)\n"}
,{"stream_name":"stdout","time":1660.318508918,"data":"  [6bba_07e24132] FINAL: 29181 nodes, 28140 edges\n"}
,{"stream_name":"stdout","time":1660.898643489,"data":"44b6_12dfb391: 44953 nodes, 43488 edges -\u003e /kaggle/working/exp042_base_geffs/44b6_12dfb391.geff\n"}
,{"stream_name":"stdout","time":1660.898674126,"data":"44b6_267148e4: 22247 nodes, 21320 edges -\u003e /kaggle/working/exp042_base_geffs/44b6_267148e4.geff\n"}
,{"stream_name":"stdout","time":1661.203177215,"data":"6bba_062c8d37: 5853 nodes, 5620 edges -\u003e /kaggle/working/exp042_base_geffs/6bba_062c8d37.geff\n"}
,{"stream_name":"stdout","time":1661.419377484,"data":"6bba_07e24132: 29181 nodes, 28140 edges -\u003e /kaggle/working/exp042_base_geffs/6bba_07e24132.geff\n"}
,{"stream_name":"stdout","time":1661.419411625,"data":"\n"}
,{"stream_name":"stdout","time":1661.419416731,"data":"Wrote 4 geffs to /kaggle/working/exp042_base_geffs\n"}
,{"stream_name":"stdout","time":1661.419421261,"data":"4 datasets in both pred and GT (of 4 pred / 199 GT)\n"}
,{"stream_name":"stdout","time":1663.994462551,"data":"  44b6_12dfb391: edge TP/FP/FN=745/35/28 div TP/FP/FN=0/0/1 n_pred=44953\n"}
,{"stream_name":"stdout","time":1665.421687016,"data":"  44b6_267148e4: edge TP/FP/FN=252/35/25 div TP/FP/FN=0/0/1 n_pred=22247\n"}
,{"stream_name":"stdout","time":1666.243257676,"data":"  6bba_062c8d37: edge TP/FP/FN=887/7/11 div TP/FP/FN=1/0/0 n_pred=5853\n"}
,{"stream_name":"stdout","time":1668.425699918,"data":"  6bba_07e24132: edge TP/FP/FN=305/20/40 div TP/FP/FN=0/0/2 n_pred=29181\n"}
,{"stream_name":"stdout","time":1668.425733499,"data":"OFFICIAL SUMMARY {'mode': 'base', 'n': 4, 'edge_jaccard': 0.9158995815899582, 'division_jaccard': 0.2, 'division_tp': 1, 'division_fp': 0, 'division_fn': 4, 'node_recall': 0.97430636480379, 'adj_edge_jaccard': 0.9179884448485519, 'n_adj': 4, 'score': 0.9379884448485519, 'rewire_candidates': 0, 'rewire_accepted': 0, 'rewire_rejected_divergence': 0, 'rewire_rejected_advantage': 0, 'rewire_rejected_edge_confidence': 0, 'rewire_rejected_conflict': 0, 'rewire_rejected_cap': 0}\n"}
,{"stream_name":"stdout","time":1668.425743208,"data":"==============================================================================\n"}
,{"stream_name":"stdout","time":1668.425748755,"data":"EXP042 mode: geom1_prob0 {'parent_gate_um': 14.0, 'daughter_gate_um': 14.0, 'divergence_um': 2.25, 'min_displacement_gain_um': 1.0, 'min_edge_probability_gain': 0.0, 'max_changes_per_frame': 1, 'max_changes_per_dataset': 6, 'require_divergence': True}\n"}
,{"stream_name":"stdout","time":1729.648678487,"data":"  [44b6_12dfb391] after edge-filter+motion-relink: 45351 nodes, 43045 edges\n"}
,{"stream_name":"stdout","time":1742.832302397,"data":"  [44b6_12dfb391] after gap-closing (single-frame + gap2): 46006 nodes, 44284 edges\n"}
,{"stream_name":"stdout","time":1793.475368509,"data":"  [44b6_12dfb391] compact division conflict mode=geom1_prob0 candidates=22 accepted=6\n"}
,{"stream_name":"stdout","time":1793.475414472,"data":"  [44b6_12dfb391] after safe-division repair: 46006 nodes, 44302 edges (geometric_candidates=150, deepcenter_rejected=132, post_veto_candidates=18, added=18, cap_skipped=0, mutual_nn_rejected=59, divergence_rejected=1557)\n"}
,{"stream_name":"stdout","time":1793.475425806,"data":"  [44b6_12dfb391] after division-geometry-filter+prune-isolated: 46004 nodes, 44302 edges\n"}
,{"stream_name":"stdout","time":1793.47542943,"data":"  [44b6_12dfb391] after short-track filtering: 44948 nodes, 43484 edges (components_removed=238)\n"}
,{"stream_name":"stdout","time":1802.497820213,"data":"  [44b6_12dfb391] FINAL: 44948 nodes, 43484 edges\n"}
,{"stream_name":"stdout","time":1819.775236935,"data":"  [44b6_267148e4] after edge-filter+motion-relink: 22829 nodes, 21448 edges\n"}
,{"stream_name":"stdout","time":1830.275903874,"data":"  [44b6_267148e4] after gap-closing (single-frame + gap2): 23070 nodes, 21883 edges\n"}
,{"stream_name":"stdout","time":1859.699941312,"data":"  [44b6_267148e4] compact division conflict mode=geom1_prob0 candidates=49 accepted=6\n"}
,{"stream_name":"stdout","time":1859.699998408,"data":"  [44b6_267148e4] after safe-division repair: 23070 nodes, 21899 edges (geometric_candidates=207, deepcenter_rejected=185, post_veto_candidates=22, added=16, cap_skipped=0, mutual_nn_rejected=133, divergence_rejected=1057)\n"}
,{"stream_name":"stdout","time":1859.700006844,"data":"  [44b6_267148e4] after division-geometry-filter+prune-isolated: 23010 nodes, 21899 edges\n"}
,{"stream_name":"stdout","time":1859.700011551,"data":"  [44b6_267148e4] after short-track filtering: 22242 nodes, 21316 edges (components_removed=185)\n"}
,{"stream_name":"stdout","time":1864.175135467,"data":"  [44b6_267148e4] FINAL: 22242 nodes, 21316 edges\n"}
,{"stream_name":"stdout","time":1865.577435087,"data":"  [6bba_062c8d37] after edge-filter+motion-relink: 5997 nodes, 5645 edges\n"}
,{"stream_name":"stdout","time":1866.720977066,"data":"  [6bba_062c8d37] after gap-closing (single-frame + gap2): 6048 nodes, 5740 edges\n"}
,{"stream_name":"stdout","time":1870.879485035,"data":"  [6bba_062c8d37] compact division conflict mode=geom1_prob0 candidates=0 accepted=0\n"}
,{"stream_name":"stdout","time":1870.879553728,"data":"  [6bba_062c8d37] after safe-division repair: 6048 nodes, 5744 edges (geometric_candidates=15, deepcenter_rejected=11, post_veto_candidates=4, added=4, cap_skipped=0, mutual_nn_rejected=3, divergence_rejected=66)\n"}
,{"stream_name":"stdout","time":1870.879562368,"data":"  [6bba_062c8d37] after division-geometry-filter+prune-isolated: 6022 nodes, 5744 edges\n"}
,{"stream_name":"stdout","time":1870.879568224,"data":"  [6bba_062c8d37] after short-track filtering: 5853 nodes, 5620 edges (components_removed=45)\n"}
,{"stream_name":"stdout","time":1872.142414764,"data":"  [6bba_062c8d37] FINAL: 5853 nodes, 5620 edges\n"}
,{"stream_name":"stdout","time":1899.174249799,"data":"  [6bba_07e24132] after edge-filter+motion-relink: 29751 nodes, 28214 edges\n"}
,{"stream_name":"stdout","time":1908.928569662,"data":"  [6bba_07e24132] after gap-closing (single-frame + gap2): 30087 nodes, 28828 edges\n"}
,{"stream_name":"stdout","time":1938.034649279,"data":"  [6bba_07e24132] compact division conflict mode=geom1_prob0 candidates=25 accepted=6\n"}
,{"stream_name":"stdout","time":1938.03468795,"data":"  [6bba_07e24132] after safe-division repair: 30087 nodes, 28831 edges (geometric_candidates=118, deepcenter_rejected=115, post_veto_candidates=3, added=3, cap_skipped=0, mutual_nn_rejected=69, divergence_rejected=1006)\n"}
,{"stream_name":"stdout","time":1938.034695974,"data":"  [6bba_07e24132] after division-geometry-filter+prune-isolated: 30080 nodes, 28831 edges\n"}
,{"stream_name":"stdout","time":1938.034701416,"data":"  [6bba_07e24132] after short-track filtering: 29181 nodes, 28140 edges (components_removed=208)\n"}
,{"stream_name":"stdout","time":1943.811345655,"data":"  [6bba_07e24132] FINAL: 29181 nodes, 28140 edges\n"}
,{"stream_name":"stdout","time":1944.35965272,"data":"44b6_12dfb391: 44948 nodes, 43484 edges -\u003e /kaggle/working/exp042_geom1_prob0_geffs/44b6_12dfb391.geff\n"}
,{"stream_name":"stdout","time":1944.359700473,"data":"6bba_062c8d37: 5853 nodes, 5620 edges -\u003e /kaggle/working/exp042_geom1_prob0_geffs/6bba_062c8d37.geff\n"}
,{"stream_name":"stdout","time":1944.686541571,"data":"6bba_07e24132: 29181 nodes, 28140 edges -\u003e /kaggle/working/exp042_geom1_prob0_geffs/6bba_07e24132.geff\n"}
,{"stream_name":"stdout","time":1944.68657042,"data":"44b6_267148e4: 22242 nodes, 21316 edges -\u003e /kaggle/working/exp042_geom1_prob0_geffs/44b6_267148e4.geff\n"}
,{"stream_name":"stdout","time":1944.686575583,"data":"\n"}
,{"stream_name":"stdout","time":1944.686579507,"data":"Wrote 4 geffs to /kaggle/working/exp042_geom1_prob0_geffs\n"}
,{"stream_name":"stdout","time":1944.686583478,"data":"4 datasets in both pred and GT (of 4 pred / 199 GT)\n"}
,{"stream_name":"stdout","time":1947.429997907,"data":"  44b6_12dfb391: edge TP/FP/FN=745/35/28 div TP/FP/FN=0/0/1 n_pred=44948\n"}
,{"stream_name":"stdout","time":1948.870704502,"data":"  44b6_267148e4: edge TP/FP/FN=252/35/25 div TP/FP/FN=0/0/1 n_pred=22242\n"}
,{"stream_name":"stdout","time":1949.693115493,"data":"  6bba_062c8d37: edge TP/FP/FN=887/7/11 div TP/FP/FN=1/0/0 n_pred=5853\n"}
,{"stream_name":"stdout","time":1951.883786741,"data":"  6bba_07e24132: edge TP/FP/FN=305/20/40 div TP/FP/FN=0/0/2 n_pred=29181\n"}
,{"stream_name":"stdout","time":1951.88383704,"data":"OFFICIAL SUMMARY {'mode': 'geom1_prob0', 'n': 4, 'edge_jaccard': 0.9158995815899582, 'division_jaccard': 0.2, 'division_tp': 1, 'division_fp': 0, 'division_fn': 4, 'node_recall': 0.97430636480379, 'adj_edge_jaccard': 0.9179938571364095, 'n_adj': 4, 'score': 0.9379938571364095, 'rewire_candidates': 96, 'rewire_accepted': 18, 'rewire_rejected_divergence': 428, 'rewire_rejected_advantage': 449429, 'rewire_rejected_edge_confidence': 129, 'rewire_rejected_conflict': 0, 'rewire_rejected_cap': 78}\n"}
,{"stream_name":"stdout","time":1951.883858149,"data":"==============================================================================\n"}
,{"stream_name":"stdout","time":1951.883862582,"data":"EXP042 mode: geom1_prob05 {'parent_gate_um': 14.0, 'daughter_gate_um': 14.0, 'divergence_um': 2.25, 'min_displacement_gain_um': 1.0, 'min_edge_probability_gain': 0.05, 'max_changes_per_frame': 1, 'max_changes_per_dataset': 6, 'require_divergence': True}\n"}
,{"stream_name":"stdout","time":2013.396058128,"data":"  [44b6_12dfb391] after edge-filter+motion-relink: 45351 nodes, 43045 edges\n"}
,{"stream_name":"stdout","time":2026.365370975,"data":"  [44b6_12dfb391] after gap-closing (single-frame + gap2): 46006 nodes, 44284 edges\n"}
,{"stream_name":"stdout","time":2076.753533165,"data":"  [44b6_12dfb391] compact division conflict mode=geom1_prob05 candidates=18 accepted=6\n"}
,{"stream_name":"stdout","time":2076.753571559,"data":"  [44b6_12dfb391] after safe-division repair: 46006 nodes, 44302 edges (geometric_candidates=150, deepcenter_rejected=132, post_veto_candidates=18, added=18, cap_skipped=0, mutual_nn_rejected=59, divergence_rejected=1557)\n"}
,{"stream_name":"stdout","time":2076.753580759,"data":"  [44b6_12dfb391] after division-geometry-filter+prune-isolated: 46004 nodes, 44302 edges\n"}
,{"stream_name":"stdout","time":2076.753592154,"data":"  [44b6_12dfb391] after short-track filtering: 44953 nodes, 43488 edges (components_removed=237)\n"}
,{"stream_name":"stdout","time":2085.851196228,"data":"  [44b6_12dfb391] FINAL: 44953 nodes, 43488 edges\n"}
,{"stream_name":"stdout","time":2103.029907902,"data":"  [44b6_267148e4] after edge-filter+motion-relink: 22829 nodes, 21448 edges\n"}
,{"stream_name":"stdout","time":2113.537001979,"data":"  [44b6_267148e4] after gap-closing (single-frame + gap2): 23070 nodes, 21883 edges\n"}
,{"stream_name":"stdout","time":2142.764338777,"data":"  [44b6_267148e4] compact division conflict mode=geom1_prob05 candidates=29 accepted=6\n"}
,{"stream_name":"stdout","time":2142.764383198,"data":"  [44b6_267148e4] after safe-division repair: 23070 nodes, 21899 edges (geometric_candidates=207, deepcenter_rejected=185, post_veto_candidates=22, added=16, cap_skipped=0, mutual_nn_rejected=133, divergence_rejected=1057)\n"}
,{"stream_name":"stdout","time":2142.76439325,"data":"  [44b6_267148e4] after division-geometry-filter+prune-isolated: 23010 nodes, 21899 edges\n"}
,{"stream_name":"stdout","time":2142.764399199,"data":"  [44b6_267148e4] after short-track filtering: 22242 nodes, 21316 edges (components_removed=185)\n"}
,{"stream_name":"stdout","time":2147.262603921,"data":"  [44b6_267148e4] FINAL: 22242 nodes, 21316 edges\n"}
,{"stream_name":"stdout","time":2148.638428645,"data":"  [6bba_062c8d37] after edge-filter+motion-relink: 5997 nodes, 5645 edges\n"}
,{"stream_name":"stdout","time":2149.764697385,"data":"  [6bba_062c8d37] after gap-closing (single-frame + gap2): 6048 nodes, 5740 edges\n"}
,{"stream_name":"stdout","time":2153.930575942,"data":"  [6bba_062c8d37] compact division conflict mode=geom1_prob05 candidates=0 accepted=0\n"}
,{"stream_name":"stdout","time":2153.930610534,"data":"  [6bba_062c8d37] after safe-division repair: 6048 nodes, 5744 edges (geometric_candidates=15, deepcenter_rejected=11, post_veto_candidates=4, added=4, cap_skipped=0, mutual_nn_rejected=3, divergence_rejected=66)\n"}
,{"stream_name":"stdout","time":2153.930618514,"data":"  [6bba_062c8d37] after division-geometry-filter+prune-isolated: 6022 nodes, 5744 edges\n"}
,{"stream_name":"stdout","time":2153.930624976,"data":"  [6bba_062c8d37] after short-track filtering: 5853 nodes, 5620 edges (components_removed=45)\n"}
,{"stream_name":"stdout","time":2155.091371684,"data":"  [6bba_062c8d37] FINAL: 5853 nodes, 5620 edges\n"}
,{"stream_name":"stdout","time":2182.073851691,"data":"  [6bba_07e24132] after edge-filter+motion-relink: 29751 nodes, 28214 edges\n"}
,{"stream_name":"stdout","time":2191.930436145,"data":"  [6bba_07e24132] after gap-closing (single-frame + gap2): 30087 nodes, 28828 edges\n"}
,{"stream_name":"stdout","time":2221.067320937,"data":"  [6bba_07e24132] compact division conflict mode=geom1_prob05 candidates=15 accepted=6\n"}
,{"stream_name":"stdout","time":2221.067361909,"data":"  [6bba_07e24132] after safe-division repair: 30087 nodes, 28831 edges (geometric_candidates=118, deepcenter_rejected=115, post_veto_candidates=3, added=3, cap_skipped=0, mutual_nn_rejected=69, divergence_rejected=1006)\n"}
,{"stream_name":"stdout","time":2221.067367792,"data":"  [6bba_07e24132] after division-geometry-filter+prune-isolated: 30080 nodes, 28831 edges\n"}
,{"stream_name":"stdout","time":2221.067371582,"data":"  [6bba_07e24132] after short-track filtering: 29181 nodes, 28140 edges (components_removed=208)\n"}
,{"stream_name":"stdout","time":2226.946541934,"data":"  [6bba_07e24132] FINAL: 29181 nodes, 28140 edges\n"}
,{"stream_name":"stdout","time":2227.407043993,"data":"6bba_062c8d37: 5853 nodes, 5620 edges -\u003e /kaggle/working/exp042_geom1_prob05_geffs/6bba_062c8d37.geff\n"}
,{"stream_name":"stdout","time":2227.615794769,"data":"6bba_07e24132: 29181 nodes, 28140 edges -\u003e /kaggle/working/exp042_geom1_prob05_geffs/6bba_07e24132.geff\n"}
,{"stream_name":"stdout","time":2227.876976569,"data":"44b6_12dfb391: 44953 nodes, 43488 edges -\u003e /kaggle/working/exp042_geom1_prob05_geffs/44b6_12dfb391.geff\n"}
,{"stream_name":"stdout","time":2227.877008678,"data":"44b6_267148e4: 22242 nodes, 21316 edges -\u003e /kaggle/working/exp042_geom1_prob05_geffs/44b6_267148e4.geff\n"}
,{"stream_name":"stdout","time":2227.877027711,"data":"\n"}
,{"stream_name":"stdout","time":2227.87703157,"data":"Wrote 4 geffs to /kaggle/working/exp042_geom1_prob05_geffs\n"}
,{"stream_name":"stdout","time":2227.877035292,"data":"4 datasets in both pred and GT (of 4 pred / 199 GT)\n"}
,{"stream_name":"stdout","time":2230.395218721,"data":"  44b6_12dfb391: edge TP/FP/FN=745/35/28 div TP/FP/FN=0/0/1 n_pred=44953\n"}
,{"stream_name":"stdout","time":2231.88735,"data":"  44b6_267148e4: edge TP/FP/FN=252/35/25 div TP/FP/FN=0/0/1 n_pred=22242\n"}
,{"stream_name":"stdout","time":2232.732701269,"data":"  6bba_062c8d37: edge TP/FP/FN=887/7/11 div TP/FP/FN=1/0/0 n_pred=5853\n"}
,{"stream_name":"stdout","time":2234.884808044,"data":"  6bba_07e24132: edge TP/FP/FN=305/20/40 div TP/FP/FN=0/0/2 n_pred=29181\n"}
,{"stream_name":"stdout","time":2234.884854468,"data":"OFFICIAL SUMMARY {'mode': 'geom1_prob05', 'n': 4, 'edge_jaccard': 0.9158995815899582, 'division_jaccard': 0.2, 'division_tp': 1, 'division_fp': 0, 'division_fn': 4, 'node_recall': 0.97430636480379, 'adj_edge_jaccard': 0.9179912007118698, 'n_adj': 4, 'score': 0.9379912007118698, 'rewire_candidates': 62, 'rewire_accepted': 18, 'rewire_rejected_divergence': 274, 'rewire_rejected_advantage': 449429, 'rewire_rejected_edge_confidence': 317, 'rewire_rejected_conflict': 0, 'rewire_rejected_cap': 44}\n"}
,{"stream_name":"stdout","time":2234.884861619,"data":"==============================================================================\n"}
,{"stream_name":"stdout","time":2234.884864347,"data":"EXP042 mode: geom1_prob10 {'parent_gate_um': 14.0, 'daughter_gate_um': 14.0, 'divergence_um': 2.25, 'min_displacement_gain_um': 1.0, 'min_edge_probability_gain': 0.1, 'max_changes_per_frame': 1, 'max_changes_per_dataset': 6, 'require_divergence': True}\n"}
,{"stream_name":"stdout","time":2296.511083134,"data":"  [44b6_12dfb391] after edge-filter+motion-relink: 45351 nodes, 43045 edges\n"}
,{"stream_name":"stdout","time":2309.018897306,"data":"  [44b6_12dfb391] after gap-closing (single-frame + gap2): 46006 nodes, 44284 edges\n"}
,{"stream_name":"stdout","time":2359.588206007,"data":"  [44b6_12dfb391] compact division conflict mode=geom1_prob10 candidates=18 accepted=6\n"}
,{"stream_name":"stdout","time":2359.588242297,"data":"  [44b6_12dfb391] after safe-division repair: 46006 nodes, 44302 edges (geometric_candidates=150, deepcenter_rejected=132, post_veto_candidates=18, added=18, cap_skipped=0, mutual_nn_rejected=59, divergence_rejected=1557)\n"}
,{"stream_name":"stdout","time":2359.588249969,"data":"  [44b6_12dfb391] after division-geometry-filter+prune-isolated: 46004 nodes, 44302 edges\n"}
,{"stream_name":"stdout","time":2359.588256452,"data":"  [44b6_12dfb391] after short-track filtering: 44953 nodes, 43488 edges (components_removed=237)\n"}
,{"stream_name":"stdout","time":2368.549673157,"data":"  [44b6_12dfb391] FINAL: 44953 nodes, 43488 edges\n"}
,{"stream_name":"stdout","time":2385.862509261,"data":"  [44b6_267148e4] after edge-filter+motion-relink: 22829 nodes, 21448 edges\n"}
,{"stream_name":"stdout","time":2396.350148985,"data":"  [44b6_267148e4] after gap-closing (single-frame + gap2): 23070 nodes, 21883 edges\n"}
,{"stream_name":"stdout","time":2425.44343922,"data":"  [44b6_267148e4] compact division conflict mode=geom1_prob10 candidates=26 accepted=6\n"}
,{"stream_name":"stdout","time":2425.443488116,"data":"  [44b6_267148e4] after safe-division repair: 23070 nodes, 21899 edges (geometric_candidates=207, deepcenter_rejected=185, post_veto_candidates=22, added=16, cap_skipped=0, mutual_nn_rejected=133, divergence_rejected=1057)\n"}
,{"stream_name":"stdout","time":2425.443498392,"data":"  [44b6_267148e4] after division-geometry-filter+prune-isolated: 23010 nodes, 21899 edges\n"}
,{"stream_name":"stdout","time":2425.44352254,"data":"  [44b6_267148e4] after short-track filtering: 22242 nodes, 21316 edges (components_removed=185)\n"}
,{"stream_name":"stdout","time":2429.9036364,"data":"  [44b6_267148e4] FINAL: 22242 nodes, 21316 edges\n"}
,{"stream_name":"stdout","time":2431.329847855,"data":"  [6bba_062c8d37] after edge-filter+motion-relink: 5997 nodes, 5645 edges\n"}
,{"stream_name":"stdout","time":2432.462613989,"data":"  [6bba_062c8d37] after gap-closing (single-frame + gap2): 6048 nodes, 5740 edges\n"}
,{"stream_name":"stdout","time":2436.871979764,"data":"  [6bba_062c8d37] compact division conflict mode=geom1_prob10 candidates=0 accepted=0\n"}
,{"stream_name":"stdout","time":2436.872025275,"data":"  [6bba_062c8d37] after safe-division repair: 6048 nodes, 5744 edges (geometric_candidates=15, deepcenter_rejected=11, post_veto_candidates=4, added=4, cap_skipped=0, mutual_nn_rejected=3, divergence_rejected=66)\n"}
,{"stream_name":"stdout","time":2436.872035424,"data":"  [6bba_062c8d37] after division-geometry-filter+prune-isolated: 6022 nodes, 5744 edges\n"}
,{"stream_name":"stdout","time":2436.872041231,"data":"  [6bba_062c8d37] after short-track filtering: 5853 nodes, 5620 edges (components_removed=45)\n"}
,{"stream_name":"stdout","time":2438.036195294,"data":"  [6bba_062c8d37] FINAL: 5853 nodes, 5620 edges\n"}
,{"stream_name":"stdout","time":2465.354556723,"data":"  [6bba_07e24132] after edge-filter+motion-relink: 29751 nodes, 28214 edges\n"}
,{"stream_name":"stdout","time":2475.096105848,"data":"  [6bba_07e24132] after gap-closing (single-frame + gap2): 30087 nodes, 28828 edges\n"}
,{"stream_name":"stdout","time":2504.380967152,"data":"  [6bba_07e24132] compact division conflict mode=geom1_prob10 candidates=13 accepted=6\n"}
,{"stream_name":"stdout","time":2504.381003925,"data":"  [6bba_07e24132] after safe-division repair: 30087 nodes, 28831 edges (geometric_candidates=118, deepcenter_rejected=115, post_veto_candidates=3, added=3, cap_skipped=0, mutual_nn_rejected=69, divergence_rejected=1006)\n"}
,{"stream_name":"stdout","time":2504.381011914,"data":"  [6bba_07e24132] after division-geometry-filter+prune-isolated: 30080 nodes, 28831 edges\n"}
,{"stream_name":"stdout","time":2504.381017025,"data":"  [6bba_07e24132] after short-track filtering: 29181 nodes, 28140 edges (components_removed=208)\n"}
,{"stream_name":"stdout","time":2510.166942792,"data":"  [6bba_07e24132] FINAL: 29181 nodes, 28140 edges\n"}
,{"stream_name":"stdout","time":2510.593105723,"data":"44b6_267148e4: 22242 nodes, 21316 edges -\u003e /kaggle/working/exp042_geom1_prob10_geffs/44b6_267148e4.geff\n"}
,{"stream_name":"stdout","time":2510.799966603,"data":"6bba_07e24132: 29181 nodes, 28140 edges -\u003e /kaggle/working/exp042_geom1_prob10_geffs/6bba_07e24132.geff\n"}
,{"stream_name":"stdout","time":2511.061530087,"data":"44b6_12dfb391: 44953 nodes, 43488 edges -\u003e /kaggle/working/exp042_geom1_prob10_geffs/44b6_12dfb391.geff\n"}
,{"stream_name":"stdout","time":2511.061564113,"data":"6bba_062c8d37: 5853 nodes, 5620 edges -\u003e /kaggle/working/exp042_geom1_prob10_geffs/6bba_062c8d37.geff\n"}
,{"stream_name":"stdout","time":2511.061575449,"data":"\n"}
,{"stream_name":"stdout","time":2511.061580033,"data":"Wrote 4 geffs to /kaggle/working/exp042_geom1_prob10_geffs\n"}
,{"stream_name":"stdout","time":2511.061584542,"data":"4 datasets in both pred and GT (of 4 pred / 199 GT)\n"}
,{"stream_name":"stdout","time":2513.611611648,"data":"  44b6_12dfb391: edge TP/FP/FN=745/35/28 div TP/FP/FN=0/0/1 n_pred=44953\n"}
,{"stream_name":"stdout","time":2515.052382385,"data":"  44b6_267148e4: edge TP/FP/FN=252/35/25 div TP/FP/FN=0/0/1 n_pred=22242\n"}
,{"stream_name":"stdout","time":2516.063710311,"data":"  6bba_062c8d37: edge TP/FP/FN=887/7/11 div TP/FP/FN=1/0/0 n_pred=5853\n"}
,{"stream_name":"stdout","time":2518.121669036,"data":"  6bba_07e24132: edge TP/FP/FN=305/20/40 div TP/FP/FN=0/0/2 n_pred=29181\n"}
,{"stream_name":"stdout","time":2518.121701158,"data":"OFFICIAL SUMMARY {'mode': 'geom1_prob10', 'n': 4, 'edge_jaccard': 0.9158995815899582, 'division_jaccard': 0.2, 'division_tp': 1, 'division_fp': 0, 'division_fn': 4, 'node_recall': 0.97430636480379, 'adj_edge_jaccard': 0.9179912007118698, 'n_adj': 4, 'score': 0.9379912007118698, 'rewire_candidates': 57, 'rewire_accepted': 18, 'rewire_rejected_divergence': 254, 'rewire_rejected_advantage': 449429, 'rewire_rejected_edge_confidence': 342, 'rewire_rejected_conflict': 0, 'rewire_rejected_cap': 39}\n"}
,{"stream_name":"stdout","time":2518.123954763,"data":"EXP042 official CV complete; no test-set pass and no submission.csv.\n"}
,{"stream_name":"stdout","time":2518.297594891,"data":"EXP042 manifest: official patched scorer, CV-only, geometry plus edge-confidence gating.\n"}
,{"stream_name":"stderr","time":2523.520069421,"data":"/usr/local/lib/python3.12/dist-packages/mistune.py:435: SyntaxWarning: invalid escape sequence '\\|'\n"}
,{"stream_name":"stderr","time":2523.520096544,"data":"  cells[i][c] = re.sub('\\\\\\\\\\|', '|', cell)\n"}
,{"stream_name":"stderr","time":2523.662145767,"data":"/usr/local/lib/python3.12/dist-packages/nbconvert/filters/filter_links.py:36: SyntaxWarning: invalid escape sequence '\\_'\n"}
,{"stream_name":"stderr","time":2523.662174655,"data":"  text = re.sub(r'_', '\\_', text) # Escape underscores in display text\n"}
,{"stream_name":"stderr","time":2524.387657007,"data":"[NbConvertApp] Converting notebook __notebook__.ipynb to notebook\n"}
,{"stream_name":"stderr","time":2524.804088068,"data":"[NbConvertApp] Writing 411821 bytes to __notebook__.ipynb\n"}
,{"stream_name":"stderr","time":2527.315507392,"data":"[NbConvertApp] Converting notebook __notebook__.ipynb to html\n"}
,{"stream_name":"stderr","time":2528.865563299,"data":"[NbConvertApp] Writing 1354478 bytes to __results__.html\n"}
]