arm,parent_gate_um,daughter_gate_um,gate,video,transition_id,event_id,candidate_found,positive_rank
candidate_base,8.0,10.0,p08_d10,44b6_2a2eff9f,44b6_2a2eff9f:11,44b6_2a2eff9f:13,0,
candidate_base,8.0,10.0,p08_d10,44b6_587a1e22,44b6_587a1e22:19,44b6_587a1e22:24,0,
candidate_base,8.0,10.0,p08_d10,44b6_5f15d135,44b6_5f15d135:36,44b6_5f15d135:103,0,
candidate_base,8.0,10.0,p08_d10,44b6_74d0c52e,44b6_74d0c52e:58,44b6_74d0c52e:59,0,
candidate_base,8.0,10.0,p08_d10,44b6_996155de,44b6_996155de:19,44b6_996155de:60,1,1.0
candidate_base,8.0,10.0,p08_d10,44b6_9be80b04,44b6_9be80b04:77,44b6_9be80b04:155,1,6.0
candidate_base,8.0,10.0,p08_d10,44b6_aaf8b0ea,44b6_aaf8b0ea:61,44b6_aaf8b0ea:93,0,
candidate_base,8.0,10.0,p08_d10,44b6_c50204e0,44b6_c50204e0:28,44b6_c50204e0:43,1,145.0
candidate_base,8.0,10.0,p08_d10,44b6_c50204e0,44b6_c50204e0:65,44b6_c50204e0:184,1,9.0
candidate_base,8.0,10.0,p08_d10,44b6_d2f34f90,44b6_d2f34f90:51,44b6_d2f34f90:103,1,12.0
candidate_base,8.0,10.0,p08_d10,44b6_d2f34f90,44b6_d2f34f90:62,44b6_d2f34f90:137,1,61.0
candidate_base,8.0,10.0,p08_d10,44b6_d754aa59,44b6_d754aa59:63,44b6_d754aa59:54,0,
candidate_base,8.0,10.0,p08_d10,44b6_deabac95,44b6_deabac95:28,44b6_deabac95:15,0,
candidate_base,8.0,10.0,p08_d10,44b6_eb2880fc,44b6_eb2880fc:72,44b6_eb2880fc:282,0,
candidate_base,8.0,10.0,p08_d10,6bba_05db0fb1,6bba_05db0fb1:24,6bba_05db0fb1:229,0,
candidate_base,8.0,10.0,p08_d10,6bba_05db0fb1,6bba_05db0fb1:62,6bba_05db0fb1:751,0,
candidate_base,8.0,10.0,p08_d10,6bba_207c6aaf,6bba_207c6aaf:41,6bba_207c6aaf:146,0,
candidate_base,8.0,10.0,p08_d10,6bba_32db13fc,6bba_32db13fc:5,6bba_32db13fc:115,0,
candidate_base,8.0,10.0,p08_d10,6bba_474be664,6bba_474be664:63,6bba_474be664:205,0,
candidate_base,8.0,10.0,p08_d10,6bba_5c039895,6bba_5c039895:10,6bba_5c039895:121,1,1.0
candidate_base,8.0,10.0,p08_d10,6bba_5c039895,6bba_5c039895:58,6bba_5c039895:680,0,
candidate_base,8.0,10.0,p08_d10,6bba_705ec2c9,6bba_705ec2c9:42,6bba_705ec2c9:250,0,
candidate_base,8.0,10.0,p08_d10,6bba_7af54fde,6bba_7af54fde:52,6bba_7af54fde:556,0,
candidate_base,8.0,10.0,p08_d10,6bba_7af54fde,6bba_7af54fde:55,6bba_7af54fde:590,0,
candidate_base,8.0,10.0,p08_d10,6bba_907271db,6bba_907271db:96,6bba_907271db:902,0,
candidate_base,8.0,10.0,p08_d10,6bba_afb141ff,6bba_afb141ff:28,6bba_afb141ff:115,0,
candidate_base,8.0,10.0,p08_d10,6bba_afb141ff,6bba_afb141ff:48,6bba_afb141ff:304,0,
candidate_base,8.0,10.0,p08_d10,6bba_d1acb6ff,6bba_d1acb6ff:67,6bba_d1acb6ff:414,1,30.0
candidate_base,8.0,10.0,p08_d10,6bba_e16ffc58,6bba_e16ffc58:26,6bba_e16ffc58:331,0,
candidate_base,8.0,10.0,p08_d10,6bba_fe670320,6bba_fe670320:0,6bba_fe670320:4,0,
candidate_base,8.0,10.0,p08_d10,6bba_fe670320,6bba_fe670320:66,6bba_fe670320:519,0,
continuation_conflict,8.0,10.0,p08_d10,44b6_2a2eff9f,44b6_2a2eff9f:11,44b6_2a2eff9f:13,0,
continuation_conflict,8.0,10.0,p08_d10,44b6_587a1e22,44b6_587a1e22:19,44b6_587a1e22:24,0,
continuation_conflict,8.0,10.0,p08_d10,44b6_5f15d135,44b6_5f15d135:36,44b6_5f15d135:103,0,
continuation_conflict,8.0,10.0,p08_d10,44b6_74d0c52e,44b6_74d0c52e:58,44b6_74d0c52e:59,0,
continuation_conflict,8.0,10.0,p08_d10,44b6_996155de,44b6_996155de:19,44b6_996155de:60,1,1.0
continuation_conflict,8.0,10.0,p08_d10,44b6_9be80b04,44b6_9be80b04:77,44b6_9be80b04:155,1,35.0
continuation_conflict,8.0,10.0,p08_d10,44b6_aaf8b0ea,44b6_aaf8b0ea:61,44b6_aaf8b0ea:93,0,
continuation_conflict,8.0,10.0,p08_d10,44b6_c50204e0,44b6_c50204e0:28,44b6_c50204e0:43,1,280.0
continuation_conflict,8.0,10.0,p08_d10,44b6_c50204e0,44b6_c50204e0:65,44b6_c50204e0:184,1,15.0
continuation_conflict,8.0,10.0,p08_d10,44b6_d2f34f90,44b6_d2f34f90:51,44b6_d2f34f90:103,1,16.0
continuation_conflict,8.0,10.0,p08_d10,44b6_d2f34f90,44b6_d2f34f90:62,44b6_d2f34f90:137,1,82.0
continuation_conflict,8.0,10.0,p08_d10,44b6_d754aa59,44b6_d754aa59:63,44b6_d754aa59:54,0,
continuation_conflict,8.0,10.0,p08_d10,44b6_deabac95,44b6_deabac95:28,44b6_deabac95:15,0,
continuation_conflict,8.0,10.0,p08_d10,44b6_eb2880fc,44b6_eb2880fc:72,44b6_eb2880fc:282,0,
continuation_conflict,8.0,10.0,p08_d10,6bba_05db0fb1,6bba_05db0fb1:24,6bba_05db0fb1:229,0,
continuation_conflict,8.0,10.0,p08_d10,6bba_05db0fb1,6bba_05db0fb1:62,6bba_05db0fb1:751,0,
continuation_conflict,8.0,10.0,p08_d10,6bba_207c6aaf,6bba_207c6aaf:41,6bba_207c6aaf:146,0,
continuation_conflict,8.0,10.0,p08_d10,6bba_32db13fc,6bba_32db13fc:5,6bba_32db13fc:115,0,
continuation_conflict,8.0,10.0,p08_d10,6bba_474be664,6bba_474be664:63,6bba_474be664:205,0,
continuation_conflict,8.0,10.0,p08_d10,6bba_5c039895,6bba_5c039895:10,6bba_5c039895:121,1,2.0
continuation_conflict,8.0,10.0,p08_d10,6bba_5c039895,6bba_5c039895:58,6bba_5c039895:680,0,
continuation_conflict,8.0,10.0,p08_d10,6bba_705ec2c9,6bba_705ec2c9:42,6bba_705ec2c9:250,0,
continuation_conflict,8.0,10.0,p08_d10,6bba_7af54fde,6bba_7af54fde:52,6bba_7af54fde:556,0,
continuation_conflict,8.0,10.0,p08_d10,6bba_7af54fde,6bba_7af54fde:55,6bba_7af54fde:590,0,
continuation_conflict,8.0,10.0,p08_d10,6bba_907271db,6bba_907271db:96,6bba_907271db:902,0,
continuation_conflict,8.0,10.0,p08_d10,6bba_afb141ff,6bba_afb141ff:28,6bba_afb141ff:115,0,
continuation_conflict,8.0,10.0,p08_d10,6bba_afb141ff,6bba_afb141ff:48,6bba_afb141ff:304,0,
continuation_conflict,8.0,10.0,p08_d10,6bba_d1acb6ff,6bba_d1acb6ff:67,6bba_d1acb6ff:414,1,17.0
continuation_conflict,8.0,10.0,p08_d10,6bba_e16ffc58,6bba_e16ffc58:26,6bba_e16ffc58:331,0,
continuation_conflict,8.0,10.0,p08_d10,6bba_fe670320,6bba_fe670320:0,6bba_fe670320:4,0,
continuation_conflict,8.0,10.0,p08_d10,6bba_fe670320,6bba_fe670320:66,6bba_fe670320:519,0,
candidate_base,8.0,12.0,p08_d12,44b6_2a2eff9f,44b6_2a2eff9f:11,44b6_2a2eff9f:13,0,
candidate_base,8.0,12.0,p08_d12,44b6_587a1e22,44b6_587a1e22:19,44b6_587a1e22:24,0,
candidate_base,8.0,12.0,p08_d12,44b6_5f15d135,44b6_5f15d135:36,44b6_5f15d135:103,0,
candidate_base,8.0,12.0,p08_d12,44b6_74d0c52e,44b6_74d0c52e:58,44b6_74d0c52e:59,0,
candidate_base,8.0,12.0,p08_d12,44b6_996155de,44b6_996155de:19,44b6_996155de:60,1,1.0
candidate_base,8.0,12.0,p08_d12,44b6_9be80b04,44b6_9be80b04:77,44b6_9be80b04:155,1,11.0
candidate_base,8.0,12.0,p08_d12,44b6_aaf8b0ea,44b6_aaf8b0ea:61,44b6_aaf8b0ea:93,0,
candidate_base,8.0,12.0,p08_d12,44b6_c50204e0,44b6_c50204e0:28,44b6_c50204e0:43,1,223.0
candidate_base,8.0,12.0,p08_d12,44b6_c50204e0,44b6_c50204e0:65,44b6_c50204e0:184,1,29.0
candidate_base,8.0,12.0,p08_d12,44b6_d2f34f90,44b6_d2f34f90:51,44b6_d2f34f90:103,1,24.0
candidate_base,8.0,12.0,p08_d12,44b6_d2f34f90,44b6_d2f34f90:62,44b6_d2f34f90:137,1,79.0
candidate_base,8.0,12.0,p08_d12,44b6_d754aa59,44b6_d754aa59:63,44b6_d754aa59:54,0,
candidate_base,8.0,12.0,p08_d12,44b6_deabac95,44b6_deabac95:28,44b6_deabac95:15,0,
candidate_base,8.0,12.0,p08_d12,44b6_eb2880fc,44b6_eb2880fc:72,44b6_eb2880fc:282,0,
candidate_base,8.0,12.0,p08_d12,6bba_05db0fb1,6bba_05db0fb1:24,6bba_05db0fb1:229,0,
candidate_base,8.0,12.0,p08_d12,6bba_05db0fb1,6bba_05db0fb1:62,6bba_05db0fb1:751,0,
candidate_base,8.0,12.0,p08_d12,6bba_207c6aaf,6bba_207c6aaf:41,6bba_207c6aaf:146,0,
candidate_base,8.0,12.0,p08_d12,6bba_32db13fc,6bba_32db13fc:5,6bba_32db13fc:115,1,677.0
candidate_base,8.0,12.0,p08_d12,6bba_474be664,6bba_474be664:63,6bba_474be664:205,1,4.5
candidate_base,8.0,12.0,p08_d12,6bba_5c039895,6bba_5c039895:10,6bba_5c039895:121,1,1.0
candidate_base,8.0,12.0,p08_d12,6bba_5c039895,6bba_5c039895:58,6bba_5c039895:680,0,
candidate_base,8.0,12.0,p08_d12,6bba_705ec2c9,6bba_705ec2c9:42,6bba_705ec2c9:250,1,10.0
candidate_base,8.0,12.0,p08_d12,6bba_7af54fde,6bba_7af54fde:52,6bba_7af54fde:556,0,
candidate_base,8.0,12.0,p08_d12,6bba_7af54fde,6bba_7af54fde:55,6bba_7af54fde:590,0,
candidate_base,8.0,12.0,p08_d12,6bba_907271db,6bba_907271db:96,6bba_907271db:902,0,
candidate_base,8.0,12.0,p08_d12,6bba_afb141ff,6bba_afb141ff:28,6bba_afb141ff:115,0,
candidate_base,8.0,12.0,p08_d12,6bba_afb141ff,6bba_afb141ff:48,6bba_afb141ff:304,0,
candidate_base,8.0,12.0,p08_d12,6bba_d1acb6ff,6bba_d1acb6ff:67,6bba_d1acb6ff:414,1,39.0
candidate_base,8.0,12.0,p08_d12,6bba_e16ffc58,6bba_e16ffc58:26,6bba_e16ffc58:331,0,
candidate_base,8.0,12.0,p08_d12,6bba_fe670320,6bba_fe670320:0,6bba_fe670320:4,0,
candidate_base,8.0,12.0,p08_d12,6bba_fe670320,6bba_fe670320:66,6bba_fe670320:519,0,
continuation_conflict,8.0,12.0,p08_d12,44b6_2a2eff9f,44b6_2a2eff9f:11,44b6_2a2eff9f:13,0,
continuation_conflict,8.0,12.0,p08_d12,44b6_587a1e22,44b6_587a1e22:19,44b6_587a1e22:24,0,
continuation_conflict,8.0,12.0,p08_d12,44b6_5f15d135,44b6_5f15d135:36,44b6_5f15d135:103,0,
continuation_conflict,8.0,12.0,p08_d12,44b6_74d0c52e,44b6_74d0c52e:58,44b6_74d0c52e:59,0,
continuation_conflict,8.0,12.0,p08_d12,44b6_996155de,44b6_996155de:19,44b6_996155de:60,1,1.0
continuation_conflict,8.0,12.0,p08_d12,44b6_9be80b04,44b6_9be80b04:77,44b6_9be80b04:155,1,39.0
continuation_conflict,8.0,12.0,p08_d12,44b6_aaf8b0ea,44b6_aaf8b0ea:61,44b6_aaf8b0ea:93,0,
continuation_conflict,8.0,12.0,p08_d12,44b6_c50204e0,44b6_c50204e0:28,44b6_c50204e0:43,1,354.0
continuation_conflict,8.0,12.0,p08_d12,44b6_c50204e0,44b6_c50204e0:65,44b6_c50204e0:184,1,26.0
continuation_conflict,8.0,12.0,p08_d12,44b6_d2f34f90,44b6_d2f34f90:51,44b6_d2f34f90:103,1,24.0
continuation_conflict,8.0,12.0,p08_d12,44b6_d2f34f90,44b6_d2f34f90:62,44b6_d2f34f90:137,1,93.0
continuation_conflict,8.0,12.0,p08_d12,44b6_d754aa59,44b6_d754aa59:63,44b6_d754aa59:54,0,
continuation_conflict,8.0,12.0,p08_d12,44b6_deabac95,44b6_deabac95:28,44b6_deabac95:15,0,
continuation_conflict,8.0,12.0,p08_d12,44b6_eb2880fc,44b6_eb2880fc:72,44b6_eb2880fc:282,0,
continuation_conflict,8.0,12.0,p08_d12,6bba_05db0fb1,6bba_05db0fb1:24,6bba_05db0fb1:229,0,
continuation_conflict,8.0,12.0,p08_d12,6bba_05db0fb1,6bba_05db0fb1:62,6bba_05db0fb1:751,0,
continuation_conflict,8.0,12.0,p08_d12,6bba_207c6aaf,6bba_207c6aaf:41,6bba_207c6aaf:146,0,
continuation_conflict,8.0,12.0,p08_d12,6bba_32db13fc,6bba_32db13fc:5,6bba_32db13fc:115,1,987.0
continuation_conflict,8.0,12.0,p08_d12,6bba_474be664,6bba_474be664:63,6bba_474be664:205,1,6.0
continuation_conflict,8.0,12.0,p08_d12,6bba_5c039895,6bba_5c039895:10,6bba_5c039895:121,1,2.0
continuation_conflict,8.0,12.0,p08_d12,6bba_5c039895,6bba_5c039895:58,6bba_5c039895:680,0,
continuation_conflict,8.0,12.0,p08_d12,6bba_705ec2c9,6bba_705ec2c9:42,6bba_705ec2c9:250,1,11.0
continuation_conflict,8.0,12.0,p08_d12,6bba_7af54fde,6bba_7af54fde:52,6bba_7af54fde:556,0,
continuation_conflict,8.0,12.0,p08_d12,6bba_7af54fde,6bba_7af54fde:55,6bba_7af54fde:590,0,
continuation_conflict,8.0,12.0,p08_d12,6bba_907271db,6bba_907271db:96,6bba_907271db:902,0,
continuation_conflict,8.0,12.0,p08_d12,6bba_afb141ff,6bba_afb141ff:28,6bba_afb141ff:115,0,
continuation_conflict,8.0,12.0,p08_d12,6bba_afb141ff,6bba_afb141ff:48,6bba_afb141ff:304,0,
continuation_conflict,8.0,12.0,p08_d12,6bba_d1acb6ff,6bba_d1acb6ff:67,6bba_d1acb6ff:414,1,22.0
continuation_conflict,8.0,12.0,p08_d12,6bba_e16ffc58,6bba_e16ffc58:26,6bba_e16ffc58:331,0,
continuation_conflict,8.0,12.0,p08_d12,6bba_fe670320,6bba_fe670320:0,6bba_fe670320:4,0,
continuation_conflict,8.0,12.0,p08_d12,6bba_fe670320,6bba_fe670320:66,6bba_fe670320:519,0,
candidate_base,8.0,14.0,p08_d14,44b6_2a2eff9f,44b6_2a2eff9f:11,44b6_2a2eff9f:13,0,
candidate_base,8.0,14.0,p08_d14,44b6_587a1e22,44b6_587a1e22:19,44b6_587a1e22:24,0,
candidate_base,8.0,14.0,p08_d14,44b6_5f15d135,44b6_5f15d135:36,44b6_5f15d135:103,0,
candidate_base,8.0,14.0,p08_d14,44b6_74d0c52e,44b6_74d0c52e:58,44b6_74d0c52e:59,0,
candidate_base,8.0,14.0,p08_d14,44b6_996155de,44b6_996155de:19,44b6_996155de:60,1,1.0
candidate_base,8.0,14.0,p08_d14,44b6_9be80b04,44b6_9be80b04:77,44b6_9be80b04:155,1,27.0
candidate_base,8.0,14.0,p08_d14,44b6_aaf8b0ea,44b6_aaf8b0ea:61,44b6_aaf8b0ea:93,0,
candidate_base,8.0,14.0,p08_d14,44b6_c50204e0,44b6_c50204e0:28,44b6_c50204e0:43,1,249.0
candidate_base,8.0,14.0,p08_d14,44b6_c50204e0,44b6_c50204e0:65,44b6_c50204e0:184,1,66.0
candidate_base,8.0,14.0,p08_d14,44b6_d2f34f90,44b6_d2f34f90:51,44b6_d2f34f90:103,1,31.0
candidate_base,8.0,14.0,p08_d14,44b6_d2f34f90,44b6_d2f34f90:62,44b6_d2f34f90:137,1,96.0
candidate_base,8.0,14.0,p08_d14,44b6_d754aa59,44b6_d754aa59:63,44b6_d754aa59:54,1,1.0
candidate_base,8.0,14.0,p08_d14,44b6_deabac95,44b6_deabac95:28,44b6_deabac95:15,0,
candidate_base,8.0,14.0,p08_d14,44b6_eb2880fc,44b6_eb2880fc:72,44b6_eb2880fc:282,0,
candidate_base,8.0,14.0,p08_d14,6bba_05db0fb1,6bba_05db0fb1:24,6bba_05db0fb1:229,1,24.0
candidate_base,8.0,14.0,p08_d14,6bba_05db0fb1,6bba_05db0fb1:62,6bba_05db0fb1:751,0,
candidate_base,8.0,14.0,p08_d14,6bba_207c6aaf,6bba_207c6aaf:41,6bba_207c6aaf:146,0,
candidate_base,8.0,14.0,p08_d14,6bba_32db13fc,6bba_32db13fc:5,6bba_32db13fc:115,1,727.0
candidate_base,8.0,14.0,p08_d14,6bba_474be664,6bba_474be664:63,6bba_474be664:205,1,23.5
candidate_base,8.0,14.0,p08_d14,6bba_5c039895,6bba_5c039895:10,6bba_5c039895:121,1,1.0
candidate_base,8.0,14.0,p08_d14,6bba_5c039895,6bba_5c039895:58,6bba_5c039895:680,1,1.0
candidate_base,8.0,14.0,p08_d14,6bba_705ec2c9,6bba_705ec2c9:42,6bba_705ec2c9:250,1,13.0
candidate_base,8.0,14.0,p08_d14,6bba_7af54fde,6bba_7af54fde:52,6bba_7af54fde:556,0,
candidate_base,8.0,14.0,p08_d14,6bba_7af54fde,6bba_7af54fde:55,6bba_7af54fde:590,0,
candidate_base,8.0,14.0,p08_d14,6bba_907271db,6bba_907271db:96,6bba_907271db:902,0,
candidate_base,8.0,14.0,p08_d14,6bba_afb141ff,6bba_afb141ff:28,6bba_afb141ff:115,0,
candidate_base,8.0,14.0,p08_d14,6bba_afb141ff,6bba_afb141ff:48,6bba_afb141ff:304,0,
candidate_base,8.0,14.0,p08_d14,6bba_d1acb6ff,6bba_d1acb6ff:67,6bba_d1acb6ff:414,1,42.0
candidate_base,8.0,14.0,p08_d14,6bba_e16ffc58,6bba_e16ffc58:26,6bba_e16ffc58:331,0,
candidate_base,8.0,14.0,p08_d14,6bba_fe670320,6bba_fe670320:0,6bba_fe670320:4,1,1.0
candidate_base,8.0,14.0,p08_d14,6bba_fe670320,6bba_fe670320:66,6bba_fe670320:519,1,2.0
continuation_conflict,8.0,14.0,p08_d14,44b6_2a2eff9f,44b6_2a2eff9f:11,44b6_2a2eff9f:13,0,
continuation_conflict,8.0,14.0,p08_d14,44b6_587a1e22,44b6_587a1e22:19,44b6_587a1e22:24,0,
continuation_conflict,8.0,14.0,p08_d14,44b6_5f15d135,44b6_5f15d135:36,44b6_5f15d135:103,0,
continuation_conflict,8.0,14.0,p08_d14,44b6_74d0c52e,44b6_74d0c52e:58,44b6_74d0c52e:59,0,
continuation_conflict,8.0,14.0,p08_d14,44b6_996155de,44b6_996155de:19,44b6_996155de:60,1,1.0
continuation_conflict,8.0,14.0,p08_d14,44b6_9be80b04,44b6_9be80b04:77,44b6_9be80b04:155,1,43.0
continuation_conflict,8.0,14.0,p08_d14,44b6_aaf8b0ea,44b6_aaf8b0ea:61,44b6_aaf8b0ea:93,0,
continuation_conflict,8.0,14.0,p08_d14,44b6_c50204e0,44b6_c50204e0:28,44b6_c50204e0:43,1,383.0
continuation_conflict,8.0,14.0,p08_d14,44b6_c50204e0,44b6_c50204e0:65,44b6_c50204e0:184,1,31.0
continuation_conflict,8.0,14.0,p08_d14,44b6_d2f34f90,44b6_d2f34f90:51,44b6_d2f34f90:103,1,25.0
continuation_conflict,8.0,14.0,p08_d14,44b6_d2f34f90,44b6_d2f34f90:62,44b6_d2f34f90:137,1,108.0
continuation_conflict,8.0,14.0,p08_d14,44b6_d754aa59,44b6_d754aa59:63,44b6_d754aa59:54,1,1.0
continuation_conflict,8.0,14.0,p08_d14,44b6_deabac95,44b6_deabac95:28,44b6_deabac95:15,0,
continuation_conflict,8.0,14.0,p08_d14,44b6_eb2880fc,44b6_eb2880fc:72,44b6_eb2880fc:282,0,
continuation_conflict,8.0,14.0,p08_d14,6bba_05db0fb1,6bba_05db0fb1:24,6bba_05db0fb1:229,1,1.0
continuation_conflict,8.0,14.0,p08_d14,6bba_05db0fb1,6bba_05db0fb1:62,6bba_05db0fb1:751,0,
continuation_conflict,8.0,14.0,p08_d14,6bba_207c6aaf,6bba_207c6aaf:41,6bba_207c6aaf:146,0,
continuation_conflict,8.0,14.0,p08_d14,6bba_32db13fc,6bba_32db13fc:5,6bba_32db13fc:115,1,1037.0
continuation_conflict,8.0,14.0,p08_d14,6bba_474be664,6bba_474be664:63,6bba_474be664:205,1,9.0
continuation_conflict,8.0,14.0,p08_d14,6bba_5c039895,6bba_5c039895:10,6bba_5c039895:121,1,2.0
continuation_conflict,8.0,14.0,p08_d14,6bba_5c039895,6bba_5c039895:58,6bba_5c039895:680,1,2.0
continuation_conflict,8.0,14.0,p08_d14,6bba_705ec2c9,6bba_705ec2c9:42,6bba_705ec2c9:250,1,12.0
continuation_conflict,8.0,14.0,p08_d14,6bba_7af54fde,6bba_7af54fde:52,6bba_7af54fde:556,0,
continuation_conflict,8.0,14.0,p08_d14,6bba_7af54fde,6bba_7af54fde:55,6bba_7af54fde:590,0,
continuation_conflict,8.0,14.0,p08_d14,6bba_907271db,6bba_907271db:96,6bba_907271db:902,0,
continuation_conflict,8.0,14.0,p08_d14,6bba_afb141ff,6bba_afb141ff:28,6bba_afb141ff:115,0,
continuation_conflict,8.0,14.0,p08_d14,6bba_afb141ff,6bba_afb141ff:48,6bba_afb141ff:304,0,
continuation_conflict,8.0,14.0,p08_d14,6bba_d1acb6ff,6bba_d1acb6ff:67,6bba_d1acb6ff:414,1,24.0
continuation_conflict,8.0,14.0,p08_d14,6bba_e16ffc58,6bba_e16ffc58:26,6bba_e16ffc58:331,0,
continuation_conflict,8.0,14.0,p08_d14,6bba_fe670320,6bba_fe670320:0,6bba_fe670320:4,1,1.0
continuation_conflict,8.0,14.0,p08_d14,6bba_fe670320,6bba_fe670320:66,6bba_fe670320:519,1,30.0
candidate_base,8.0,16.0,p08_d16,44b6_2a2eff9f,44b6_2a2eff9f:11,44b6_2a2eff9f:13,0,
candidate_base,8.0,16.0,p08_d16,44b6_587a1e22,44b6_587a1e22:19,44b6_587a1e22:24,0,
candidate_base,8.0,16.0,p08_d16,44b6_5f15d135,44b6_5f15d135:36,44b6_5f15d135:103,0,
candidate_base,8.0,16.0,p08_d16,44b6_74d0c52e,44b6_74d0c52e:58,44b6_74d0c52e:59,0,
candidate_base,8.0,16.0,p08_d16,44b6_996155de,44b6_996155de:19,44b6_996155de:60,1,1.0
candidate_base,8.0,16.0,p08_d16,44b6_9be80b04,44b6_9be80b04:77,44b6_9be80b04:155,1,31.0
candidate_base,8.0,16.0,p08_d16,44b6_aaf8b0ea,44b6_aaf8b0ea:61,44b6_aaf8b0ea:93,0,
candidate_base,8.0,16.0,p08_d16,44b6_c50204e0,44b6_c50204e0:28,44b6_c50204e0:43,1,253.0
candidate_base,8.0,16.0,p08_d16,44b6_c50204e0,44b6_c50204e0:65,44b6_c50204e0:184,1,76.0
candidate_base,8.0,16.0,p08_d16,44b6_d2f34f90,44b6_d2f34f90:51,44b6_d2f34f90:103,1,31.0
candidate_base,8.0,16.0,p08_d16,44b6_d2f34f90,44b6_d2f34f90:62,44b6_d2f34f90:137,1,99.0
candidate_base,8.0,16.0,p08_d16,44b6_d754aa59,44b6_d754aa59:63,44b6_d754aa59:54,1,1.0
candidate_base,8.0,16.0,p08_d16,44b6_deabac95,44b6_deabac95:28,44b6_deabac95:15,0,
candidate_base,8.0,16.0,p08_d16,44b6_eb2880fc,44b6_eb2880fc:72,44b6_eb2880fc:282,0,
candidate_base,8.0,16.0,p08_d16,6bba_05db0fb1,6bba_05db0fb1:24,6bba_05db0fb1:229,1,32.0
candidate_base,8.0,16.0,p08_d16,6bba_05db0fb1,6bba_05db0fb1:62,6bba_05db0fb1:751,0,
candidate_base,8.0,16.0,p08_d16,6bba_207c6aaf,6bba_207c6aaf:41,6bba_207c6aaf:146,0,
candidate_base,8.0,16.0,p08_d16,6bba_32db13fc,6bba_32db13fc:5,6bba_32db13fc:115,1,740.0
candidate_base,8.0,16.0,p08_d16,6bba_474be664,6bba_474be664:63,6bba_474be664:205,1,33.5
candidate_base,8.0,16.0,p08_d16,6bba_5c039895,6bba_5c039895:10,6bba_5c039895:121,1,1.0
candidate_base,8.0,16.0,p08_d16,6bba_5c039895,6bba_5c039895:58,6bba_5c039895:680,1,1.0
candidate_base,8.0,16.0,p08_d16,6bba_705ec2c9,6bba_705ec2c9:42,6bba_705ec2c9:250,1,13.0
candidate_base,8.0,16.0,p08_d16,6bba_7af54fde,6bba_7af54fde:52,6bba_7af54fde:556,0,
candidate_base,8.0,16.0,p08_d16,6bba_7af54fde,6bba_7af54fde:55,6bba_7af54fde:590,0,
candidate_base,8.0,16.0,p08_d16,6bba_907271db,6bba_907271db:96,6bba_907271db:902,0,
candidate_base,8.0,16.0,p08_d16,6bba_afb141ff,6bba_afb141ff:28,6bba_afb141ff:115,0,
candidate_base,8.0,16.0,p08_d16,6bba_afb141ff,6bba_afb141ff:48,6bba_afb141ff:304,0,
candidate_base,8.0,16.0,p08_d16,6bba_d1acb6ff,6bba_d1acb6ff:67,6bba_d1acb6ff:414,1,43.0
candidate_base,8.0,16.0,p08_d16,6bba_e16ffc58,6bba_e16ffc58:26,6bba_e16ffc58:331,0,
candidate_base,8.0,16.0,p08_d16,6bba_fe670320,6bba_fe670320:0,6bba_fe670320:4,1,1.0
candidate_base,8.0,16.0,p08_d16,6bba_fe670320,6bba_fe670320:66,6bba_fe670320:519,1,3.0
continuation_conflict,8.0,16.0,p08_d16,44b6_2a2eff9f,44b6_2a2eff9f:11,44b6_2a2eff9f:13,0,
continuation_conflict,8.0,16.0,p08_d16,44b6_587a1e22,44b6_587a1e22:19,44b6_587a1e22:24,0,
continuation_conflict,8.0,16.0,p08_d16,44b6_5f15d135,44b6_5f15d135:36,44b6_5f15d135:103,0,
continuation_conflict,8.0,16.0,p08_d16,44b6_74d0c52e,44b6_74d0c52e:58,44b6_74d0c52e:59,0,
continuation_conflict,8.0,16.0,p08_d16,44b6_996155de,44b6_996155de:19,44b6_996155de:60,1,1.0
continuation_conflict,8.0,16.0,p08_d16,44b6_9be80b04,44b6_9be80b04:77,44b6_9be80b04:155,1,48.0
continuation_conflict,8.0,16.0,p08_d16,44b6_aaf8b0ea,44b6_aaf8b0ea:61,44b6_aaf8b0ea:93,0,
continuation_conflict,8.0,16.0,p08_d16,44b6_c50204e0,44b6_c50204e0:28,44b6_c50204e0:43,1,390.0
continuation_conflict,8.0,16.0,p08_d16,44b6_c50204e0,44b6_c50204e0:65,44b6_c50204e0:184,1,32.0
continuation_conflict,8.0,16.0,p08_d16,44b6_d2f34f90,44b6_d2f34f90:51,44b6_d2f34f90:103,1,25.0
continuation_conflict,8.0,16.0,p08_d16,44b6_d2f34f90,44b6_d2f34f90:62,44b6_d2f34f90:137,1,110.0
continuation_conflict,8.0,16.0,p08_d16,44b6_d754aa59,44b6_d754aa59:63,44b6_d754aa59:54,1,1.0
continuation_conflict,8.0,16.0,p08_d16,44b6_deabac95,44b6_deabac95:28,44b6_deabac95:15,0,
continuation_conflict,8.0,16.0,p08_d16,44b6_eb2880fc,44b6_eb2880fc:72,44b6_eb2880fc:282,0,
continuation_conflict,8.0,16.0,p08_d16,6bba_05db0fb1,6bba_05db0fb1:24,6bba_05db0fb1:229,1,1.0
continuation_conflict,8.0,16.0,p08_d16,6bba_05db0fb1,6bba_05db0fb1:62,6bba_05db0fb1:751,0,
continuation_conflict,8.0,16.0,p08_d16,6bba_207c6aaf,6bba_207c6aaf:41,6bba_207c6aaf:146,0,
continuation_conflict,8.0,16.0,p08_d16,6bba_32db13fc,6bba_32db13fc:5,6bba_32db13fc:115,1,1049.0
continuation_conflict,8.0,16.0,p08_d16,6bba_474be664,6bba_474be664:63,6bba_474be664:205,1,9.0
continuation_conflict,8.0,16.0,p08_d16,6bba_5c039895,6bba_5c039895:10,6bba_5c039895:121,1,2.0
continuation_conflict,8.0,16.0,p08_d16,6bba_5c039895,6bba_5c039895:58,6bba_5c039895:680,1,2.0
continuation_conflict,8.0,16.0,p08_d16,6bba_705ec2c9,6bba_705ec2c9:42,6bba_705ec2c9:250,1,12.0
continuation_conflict,8.0,16.0,p08_d16,6bba_7af54fde,6bba_7af54fde:52,6bba_7af54fde:556,0,
continuation_conflict,8.0,16.0,p08_d16,6bba_7af54fde,6bba_7af54fde:55,6bba_7af54fde:590,0,
continuation_conflict,8.0,16.0,p08_d16,6bba_907271db,6bba_907271db:96,6bba_907271db:902,0,
continuation_conflict,8.0,16.0,p08_d16,6bba_afb141ff,6bba_afb141ff:28,6bba_afb141ff:115,0,
continuation_conflict,8.0,16.0,p08_d16,6bba_afb141ff,6bba_afb141ff:48,6bba_afb141ff:304,0,
continuation_conflict,8.0,16.0,p08_d16,6bba_d1acb6ff,6bba_d1acb6ff:67,6bba_d1acb6ff:414,1,25.0
continuation_conflict,8.0,16.0,p08_d16,6bba_e16ffc58,6bba_e16ffc58:26,6bba_e16ffc58:331,0,
continuation_conflict,8.0,16.0,p08_d16,6bba_fe670320,6bba_fe670320:0,6bba_fe670320:4,1,1.0
continuation_conflict,8.0,16.0,p08_d16,6bba_fe670320,6bba_fe670320:66,6bba_fe670320:519,1,30.0
candidate_base,8.0,20.0,p08_d20,44b6_2a2eff9f,44b6_2a2eff9f:11,44b6_2a2eff9f:13,0,
candidate_base,8.0,20.0,p08_d20,44b6_587a1e22,44b6_587a1e22:19,44b6_587a1e22:24,0,
candidate_base,8.0,20.0,p08_d20,44b6_5f15d135,44b6_5f15d135:36,44b6_5f15d135:103,0,
candidate_base,8.0,20.0,p08_d20,44b6_74d0c52e,44b6_74d0c52e:58,44b6_74d0c52e:59,0,
candidate_base,8.0,20.0,p08_d20,44b6_996155de,44b6_996155de:19,44b6_996155de:60,1,1.0
candidate_base,8.0,20.0,p08_d20,44b6_9be80b04,44b6_9be80b04:77,44b6_9be80b04:155,1,31.0
candidate_base,8.0,20.0,p08_d20,44b6_aaf8b0ea,44b6_aaf8b0ea:61,44b6_aaf8b0ea:93,0,
candidate_base,8.0,20.0,p08_d20,44b6_c50204e0,44b6_c50204e0:28,44b6_c50204e0:43,1,253.0
candidate_base,8.0,20.0,p08_d20,44b6_c50204e0,44b6_c50204e0:65,44b6_c50204e0:184,1,76.0
candidate_base,8.0,20.0,p08_d20,44b6_d2f34f90,44b6_d2f34f90:51,44b6_d2f34f90:103,1,31.0
candidate_base,8.0,20.0,p08_d20,44b6_d2f34f90,44b6_d2f34f90:62,44b6_d2f34f90:137,1,99.0
candidate_base,8.0,20.0,p08_d20,44b6_d754aa59,44b6_d754aa59:63,44b6_d754aa59:54,1,1.0
candidate_base,8.0,20.0,p08_d20,44b6_deabac95,44b6_deabac95:28,44b6_deabac95:15,0,
candidate_base,8.0,20.0,p08_d20,44b6_eb2880fc,44b6_eb2880fc:72,44b6_eb2880fc:282,0,
candidate_base,8.0,20.0,p08_d20,6bba_05db0fb1,6bba_05db0fb1:24,6bba_05db0fb1:229,1,32.0
candidate_base,8.0,20.0,p08_d20,6bba_05db0fb1,6bba_05db0fb1:62,6bba_05db0fb1:751,0,
candidate_base,8.0,20.0,p08_d20,6bba_207c6aaf,6bba_207c6aaf:41,6bba_207c6aaf:146,0,
candidate_base,8.0,20.0,p08_d20,6bba_32db13fc,6bba_32db13fc:5,6bba_32db13fc:115,1,740.0
candidate_base,8.0,20.0,p08_d20,6bba_474be664,6bba_474be664:63,6bba_474be664:205,1,33.5
candidate_base,8.0,20.0,p08_d20,6bba_5c039895,6bba_5c039895:10,6bba_5c039895:121,1,1.0
candidate_base,8.0,20.0,p08_d20,6bba_5c039895,6bba_5c039895:58,6bba_5c039895:680,1,1.0
candidate_base,8.0,20.0,p08_d20,6bba_705ec2c9,6bba_705ec2c9:42,6bba_705ec2c9:250,1,13.0
candidate_base,8.0,20.0,p08_d20,6bba_7af54fde,6bba_7af54fde:52,6bba_7af54fde:556,0,
candidate_base,8.0,20.0,p08_d20,6bba_7af54fde,6bba_7af54fde:55,6bba_7af54fde:590,0,
candidate_base,8.0,20.0,p08_d20,6bba_907271db,6bba_907271db:96,6bba_907271db:902,0,
candidate_base,8.0,20.0,p08_d20,6bba_afb141ff,6bba_afb141ff:28,6bba_afb141ff:115,0,
candidate_base,8.0,20.0,p08_d20,6bba_afb141ff,6bba_afb141ff:48,6bba_afb141ff:304,0,
candidate_base,8.0,20.0,p08_d20,6bba_d1acb6ff,6bba_d1acb6ff:67,6bba_d1acb6ff:414,1,43.0
candidate_base,8.0,20.0,p08_d20,6bba_e16ffc58,6bba_e16ffc58:26,6bba_e16ffc58:331,0,
candidate_base,8.0,20.0,p08_d20,6bba_fe670320,6bba_fe670320:0,6bba_fe670320:4,1,1.0
candidate_base,8.0,20.0,p08_d20,6bba_fe670320,6bba_fe670320:66,6bba_fe670320:519,1,3.0
continuation_conflict,8.0,20.0,p08_d20,44b6_2a2eff9f,44b6_2a2eff9f:11,44b6_2a2eff9f:13,0,
continuation_conflict,8.0,20.0,p08_d20,44b6_587a1e22,44b6_587a1e22:19,44b6_587a1e22:24,0,
continuation_conflict,8.0,20.0,p08_d20,44b6_5f15d135,44b6_5f15d135:36,44b6_5f15d135:103,0,
continuation_conflict,8.0,20.0,p08_d20,44b6_74d0c52e,44b6_74d0c52e:58,44b6_74d0c52e:59,0,
continuation_conflict,8.0,20.0,p08_d20,44b6_996155de,44b6_996155de:19,44b6_996155de:60,1,1.0
continuation_conflict,8.0,20.0,p08_d20,44b6_9be80b04,44b6_9be80b04:77,44b6_9be80b04:155,1,48.0
continuation_conflict,8.0,20.0,p08_d20,44b6_aaf8b0ea,44b6_aaf8b0ea:61,44b6_aaf8b0ea:93,0,
continuation_conflict,8.0,20.0,p08_d20,44b6_c50204e0,44b6_c50204e0:28,44b6_c50204e0:43,1,390.0
continuation_conflict,8.0,20.0,p08_d20,44b6_c50204e0,44b6_c50204e0:65,44b6_c50204e0:184,1,32.0
continuation_conflict,8.0,20.0,p08_d20,44b6_d2f34f90,44b6_d2f34f90:51,44b6_d2f34f90:103,1,25.0
continuation_conflict,8.0,20.0,p08_d20,44b6_d2f34f90,44b6_d2f34f90:62,44b6_d2f34f90:137,1,110.0
continuation_conflict,8.0,20.0,p08_d20,44b6_d754aa59,44b6_d754aa59:63,44b6_d754aa59:54,1,1.0
continuation_conflict,8.0,20.0,p08_d20,44b6_deabac95,44b6_deabac95:28,44b6_deabac95:15,0,
continuation_conflict,8.0,20.0,p08_d20,44b6_eb2880fc,44b6_eb2880fc:72,44b6_eb2880fc:282,0,
continuation_conflict,8.0,20.0,p08_d20,6bba_05db0fb1,6bba_05db0fb1:24,6bba_05db0fb1:229,1,1.0
continuation_conflict,8.0,20.0,p08_d20,6bba_05db0fb1,6bba_05db0fb1:62,6bba_05db0fb1:751,0,
continuation_conflict,8.0,20.0,p08_d20,6bba_207c6aaf,6bba_207c6aaf:41,6bba_207c6aaf:146,0,
continuation_conflict,8.0,20.0,p08_d20,6bba_32db13fc,6bba_32db13fc:5,6bba_32db13fc:115,1,1049.0
continuation_conflict,8.0,20.0,p08_d20,6bba_474be664,6bba_474be664:63,6bba_474be664:205,1,9.0
continuation_conflict,8.0,20.0,p08_d20,6bba_5c039895,6bba_5c039895:10,6bba_5c039895:121,1,2.0
continuation_conflict,8.0,20.0,p08_d20,6bba_5c039895,6bba_5c039895:58,6bba_5c039895:680,1,2.0
continuation_conflict,8.0,20.0,p08_d20,6bba_705ec2c9,6bba_705ec2c9:42,6bba_705ec2c9:250,1,12.0
continuation_conflict,8.0,20.0,p08_d20,6bba_7af54fde,6bba_7af54fde:52,6bba_7af54fde:556,0,
continuation_conflict,8.0,20.0,p08_d20,6bba_7af54fde,6bba_7af54fde:55,6bba_7af54fde:590,0,
continuation_conflict,8.0,20.0,p08_d20,6bba_907271db,6bba_907271db:96,6bba_907271db:902,0,
continuation_conflict,8.0,20.0,p08_d20,6bba_afb141ff,6bba_afb141ff:28,6bba_afb141ff:115,0,
continuation_conflict,8.0,20.0,p08_d20,6bba_afb141ff,6bba_afb141ff:48,6bba_afb141ff:304,0,
continuation_conflict,8.0,20.0,p08_d20,6bba_d1acb6ff,6bba_d1acb6ff:67,6bba_d1acb6ff:414,1,25.0
continuation_conflict,8.0,20.0,p08_d20,6bba_e16ffc58,6bba_e16ffc58:26,6bba_e16ffc58:331,0,
continuation_conflict,8.0,20.0,p08_d20,6bba_fe670320,6bba_fe670320:0,6bba_fe670320:4,1,1.0
continuation_conflict,8.0,20.0,p08_d20,6bba_fe670320,6bba_fe670320:66,6bba_fe670320:519,1,30.0
candidate_base,10.0,10.0,p10_d10,44b6_2a2eff9f,44b6_2a2eff9f:11,44b6_2a2eff9f:13,0,
candidate_base,10.0,10.0,p10_d10,44b6_587a1e22,44b6_587a1e22:19,44b6_587a1e22:24,0,
candidate_base,10.0,10.0,p10_d10,44b6_5f15d135,44b6_5f15d135:36,44b6_5f15d135:103,0,
candidate_base,10.0,10.0,p10_d10,44b6_74d0c52e,44b6_74d0c52e:58,44b6_74d0c52e:59,0,
candidate_base,10.0,10.0,p10_d10,44b6_996155de,44b6_996155de:19,44b6_996155de:60,1,1.0
candidate_base,10.0,10.0,p10_d10,44b6_9be80b04,44b6_9be80b04:77,44b6_9be80b04:155,1,6.0
candidate_base,10.0,10.0,p10_d10,44b6_aaf8b0ea,44b6_aaf8b0ea:61,44b6_aaf8b0ea:93,1,151.5
candidate_base,10.0,10.0,p10_d10,44b6_c50204e0,44b6_c50204e0:28,44b6_c50204e0:43,1,145.0
candidate_base,10.0,10.0,p10_d10,44b6_c50204e0,44b6_c50204e0:65,44b6_c50204e0:184,1,9.0
candidate_base,10.0,10.0,p10_d10,44b6_d2f34f90,44b6_d2f34f90:51,44b6_d2f34f90:103,1,12.0
candidate_base,10.0,10.0,p10_d10,44b6_d2f34f90,44b6_d2f34f90:62,44b6_d2f34f90:137,1,61.0
candidate_base,10.0,10.0,p10_d10,44b6_d754aa59,44b6_d754aa59:63,44b6_d754aa59:54,0,
candidate_base,10.0,10.0,p10_d10,44b6_deabac95,44b6_deabac95:28,44b6_deabac95:15,0,
candidate_base,10.0,10.0,p10_d10,44b6_eb2880fc,44b6_eb2880fc:72,44b6_eb2880fc:282,0,
candidate_base,10.0,10.0,p10_d10,6bba_05db0fb1,6bba_05db0fb1:24,6bba_05db0fb1:229,0,
candidate_base,10.0,10.0,p10_d10,6bba_05db0fb1,6bba_05db0fb1:62,6bba_05db0fb1:751,1,1956.5
candidate_base,10.0,10.0,p10_d10,6bba_207c6aaf,6bba_207c6aaf:41,6bba_207c6aaf:146,0,
candidate_base,10.0,10.0,p10_d10,6bba_32db13fc,6bba_32db13fc:5,6bba_32db13fc:115,0,
candidate_base,10.0,10.0,p10_d10,6bba_474be664,6bba_474be664:63,6bba_474be664:205,0,
candidate_base,10.0,10.0,p10_d10,6bba_5c039895,6bba_5c039895:10,6bba_5c039895:121,1,1.0
candidate_base,10.0,10.0,p10_d10,6bba_5c039895,6bba_5c039895:58,6bba_5c039895:680,0,
candidate_base,10.0,10.0,p10_d10,6bba_705ec2c9,6bba_705ec2c9:42,6bba_705ec2c9:250,0,
candidate_base,10.0,10.0,p10_d10,6bba_7af54fde,6bba_7af54fde:52,6bba_7af54fde:556,0,
candidate_base,10.0,10.0,p10_d10,6bba_7af54fde,6bba_7af54fde:55,6bba_7af54fde:590,0,
candidate_base,10.0,10.0,p10_d10,6bba_907271db,6bba_907271db:96,6bba_907271db:902,0,
candidate_base,10.0,10.0,p10_d10,6bba_afb141ff,6bba_afb141ff:28,6bba_afb141ff:115,0,
candidate_base,10.0,10.0,p10_d10,6bba_afb141ff,6bba_afb141ff:48,6bba_afb141ff:304,0,
candidate_base,10.0,10.0,p10_d10,6bba_d1acb6ff,6bba_d1acb6ff:67,6bba_d1acb6ff:414,1,30.0
candidate_base,10.0,10.0,p10_d10,6bba_e16ffc58,6bba_e16ffc58:26,6bba_e16ffc58:331,0,
candidate_base,10.0,10.0,p10_d10,6bba_fe670320,6bba_fe670320:0,6bba_fe670320:4,0,
candidate_base,10.0,10.0,p10_d10,6bba_fe670320,6bba_fe670320:66,6bba_fe670320:519,0,
continuation_conflict,10.0,10.0,p10_d10,44b6_2a2eff9f,44b6_2a2eff9f:11,44b6_2a2eff9f:13,0,
continuation_conflict,10.0,10.0,p10_d10,44b6_587a1e22,44b6_587a1e22:19,44b6_587a1e22:24,0,
continuation_conflict,10.0,10.0,p10_d10,44b6_5f15d135,44b6_5f15d135:36,44b6_5f15d135:103,0,
continuation_conflict,10.0,10.0,p10_d10,44b6_74d0c52e,44b6_74d0c52e:58,44b6_74d0c52e:59,0,
continuation_conflict,10.0,10.0,p10_d10,44b6_996155de,44b6_996155de:19,44b6_996155de:60,1,1.0
continuation_conflict,10.0,10.0,p10_d10,44b6_9be80b04,44b6_9be80b04:77,44b6_9be80b04:155,1,64.0
continuation_conflict,10.0,10.0,p10_d10,44b6_aaf8b0ea,44b6_aaf8b0ea:61,44b6_aaf8b0ea:93,1,288.0
continuation_conflict,10.0,10.0,p10_d10,44b6_c50204e0,44b6_c50204e0:28,44b6_c50204e0:43,1,484.0
continuation_conflict,10.0,10.0,p10_d10,44b6_c50204e0,44b6_c50204e0:65,44b6_c50204e0:184,1,23.0
continuation_conflict,10.0,10.0,p10_d10,44b6_d2f34f90,44b6_d2f34f90:51,44b6_d2f34f90:103,1,30.0
continuation_conflict,10.0,10.0,p10_d10,44b6_d2f34f90,44b6_d2f34f90:62,44b6_d2f34f90:137,1,154.0
continuation_conflict,10.0,10.0,p10_d10,44b6_d754aa59,44b6_d754aa59:63,44b6_d754aa59:54,0,
continuation_conflict,10.0,10.0,p10_d10,44b6_deabac95,44b6_deabac95:28,44b6_deabac95:15,0,
continuation_conflict,10.0,10.0,p10_d10,44b6_eb2880fc,44b6_eb2880fc:72,44b6_eb2880fc:282,0,
continuation_conflict,10.0,10.0,p10_d10,6bba_05db0fb1,6bba_05db0fb1:24,6bba_05db0fb1:229,0,
continuation_conflict,10.0,10.0,p10_d10,6bba_05db0fb1,6bba_05db0fb1:62,6bba_05db0fb1:751,1,815.0
continuation_conflict,10.0,10.0,p10_d10,6bba_207c6aaf,6bba_207c6aaf:41,6bba_207c6aaf:146,0,
continuation_conflict,10.0,10.0,p10_d10,6bba_32db13fc,6bba_32db13fc:5,6bba_32db13fc:115,0,
continuation_conflict,10.0,10.0,p10_d10,6bba_474be664,6bba_474be664:63,6bba_474be664:205,0,
continuation_conflict,10.0,10.0,p10_d10,6bba_5c039895,6bba_5c039895:10,6bba_5c039895:121,1,4.0
continuation_conflict,10.0,10.0,p10_d10,6bba_5c039895,6bba_5c039895:58,6bba_5c039895:680,0,
continuation_conflict,10.0,10.0,p10_d10,6bba_705ec2c9,6bba_705ec2c9:42,6bba_705ec2c9:250,0,
continuation_conflict,10.0,10.0,p10_d10,6bba_7af54fde,6bba_7af54fde:52,6bba_7af54fde:556,0,
continuation_conflict,10.0,10.0,p10_d10,6bba_7af54fde,6bba_7af54fde:55,6bba_7af54fde:590,0,
continuation_conflict,10.0,10.0,p10_d10,6bba_907271db,6bba_907271db:96,6bba_907271db:902,0,
continuation_conflict,10.0,10.0,p10_d10,6bba_afb141ff,6bba_afb141ff:28,6bba_afb141ff:115,0,
continuation_conflict,10.0,10.0,p10_d10,6bba_afb141ff,6bba_afb141ff:48,6bba_afb141ff:304,0,
continuation_conflict,10.0,10.0,p10_d10,6bba_d1acb6ff,6bba_d1acb6ff:67,6bba_d1acb6ff:414,1,22.0
continuation_conflict,10.0,10.0,p10_d10,6bba_e16ffc58,6bba_e16ffc58:26,6bba_e16ffc58:331,0,
continuation_conflict,10.0,10.0,p10_d10,6bba_fe670320,6bba_fe670320:0,6bba_fe670320:4,0,
continuation_conflict,10.0,10.0,p10_d10,6bba_fe670320,6bba_fe670320:66,6bba_fe670320:519,0,
candidate_base,10.0,12.0,p10_d12,44b6_2a2eff9f,44b6_2a2eff9f:11,44b6_2a2eff9f:13,0,
candidate_base,10.0,12.0,p10_d12,44b6_587a1e22,44b6_587a1e22:19,44b6_587a1e22:24,0,
candidate_base,10.0,12.0,p10_d12,44b6_5f15d135,44b6_5f15d135:36,44b6_5f15d135:103,1,56.5
candidate_base,10.0,12.0,p10_d12,44b6_74d0c52e,44b6_74d0c52e:58,44b6_74d0c52e:59,0,
candidate_base,10.0,12.0,p10_d12,44b6_996155de,44b6_996155de:19,44b6_996155de:60,1,1.0
candidate_base,10.0,12.0,p10_d12,44b6_9be80b04,44b6_9be80b04:77,44b6_9be80b04:155,1,11.0
candidate_base,10.0,12.0,p10_d12,44b6_aaf8b0ea,44b6_aaf8b0ea:61,44b6_aaf8b0ea:93,1,192.5
candidate_base,10.0,12.0,p10_d12,44b6_c50204e0,44b6_c50204e0:28,44b6_c50204e0:43,1,290.0
candidate_base,10.0,12.0,p10_d12,44b6_c50204e0,44b6_c50204e0:65,44b6_c50204e0:184,1,29.0
candidate_base,10.0,12.0,p10_d12,44b6_d2f34f90,44b6_d2f34f90:51,44b6_d2f34f90:103,1,25.0
candidate_base,10.0,12.0,p10_d12,44b6_d2f34f90,44b6_d2f34f90:62,44b6_d2f34f90:137,1,117.0
candidate_base,10.0,12.0,p10_d12,44b6_d754aa59,44b6_d754aa59:63,44b6_d754aa59:54,0,
candidate_base,10.0,12.0,p10_d12,44b6_deabac95,44b6_deabac95:28,44b6_deabac95:15,1,141.5
candidate_base,10.0,12.0,p10_d12,44b6_eb2880fc,44b6_eb2880fc:72,44b6_eb2880fc:282,0,
candidate_base,10.0,12.0,p10_d12,6bba_05db0fb1,6bba_05db0fb1:24,6bba_05db0fb1:229,0,
candidate_base,10.0,12.0,p10_d12,6bba_05db0fb1,6bba_05db0fb1:62,6bba_05db0fb1:751,1,2816.5
candidate_base,10.0,12.0,p10_d12,6bba_207c6aaf,6bba_207c6aaf:41,6bba_207c6aaf:146,0,
candidate_base,10.0,12.0,p10_d12,6bba_32db13fc,6bba_32db13fc:5,6bba_32db13fc:115,1,2157.0
candidate_base,10.0,12.0,p10_d12,6bba_474be664,6bba_474be664:63,6bba_474be664:205,1,4.5
candidate_base,10.0,12.0,p10_d12,6bba_5c039895,6bba_5c039895:10,6bba_5c039895:121,1,1.0
candidate_base,10.0,12.0,p10_d12,6bba_5c039895,6bba_5c039895:58,6bba_5c039895:680,0,
candidate_base,10.0,12.0,p10_d12,6bba_705ec2c9,6bba_705ec2c9:42,6bba_705ec2c9:250,1,10.0
candidate_base,10.0,12.0,p10_d12,6bba_7af54fde,6bba_7af54fde:52,6bba_7af54fde:556,0,
candidate_base,10.0,12.0,p10_d12,6bba_7af54fde,6bba_7af54fde:55,6bba_7af54fde:590,0,
candidate_base,10.0,12.0,p10_d12,6bba_907271db,6bba_907271db:96,6bba_907271db:902,0,
candidate_base,10.0,12.0,p10_d12,6bba_afb141ff,6bba_afb141ff:28,6bba_afb141ff:115,0,
candidate_base,10.0,12.0,p10_d12,6bba_afb141ff,6bba_afb141ff:48,6bba_afb141ff:304,0,
candidate_base,10.0,12.0,p10_d12,6bba_d1acb6ff,6bba_d1acb6ff:67,6bba_d1acb6ff:414,1,49.0
candidate_base,10.0,12.0,p10_d12,6bba_e16ffc58,6bba_e16ffc58:26,6bba_e16ffc58:331,1,9.0
candidate_base,10.0,12.0,p10_d12,6bba_fe670320,6bba_fe670320:0,6bba_fe670320:4,0,
candidate_base,10.0,12.0,p10_d12,6bba_fe670320,6bba_fe670320:66,6bba_fe670320:519,0,
continuation_conflict,10.0,12.0,p10_d12,44b6_2a2eff9f,44b6_2a2eff9f:11,44b6_2a2eff9f:13,0,
continuation_conflict,10.0,12.0,p10_d12,44b6_587a1e22,44b6_587a1e22:19,44b6_587a1e22:24,0,
continuation_conflict,10.0,12.0,p10_d12,44b6_5f15d135,44b6_5f15d135:36,44b6_5f15d135:103,1,230.0
continuation_conflict,10.0,12.0,p10_d12,44b6_74d0c52e,44b6_74d0c52e:58,44b6_74d0c52e:59,0,
continuation_conflict,10.0,12.0,p10_d12,44b6_996155de,44b6_996155de:19,44b6_996155de:60,1,1.0
continuation_conflict,10.0,12.0,p10_d12,44b6_9be80b04,44b6_9be80b04:77,44b6_9be80b04:155,1,79.0
continuation_conflict,10.0,12.0,p10_d12,44b6_aaf8b0ea,44b6_aaf8b0ea:61,44b6_aaf8b0ea:93,1,405.0
continuation_conflict,10.0,12.0,p10_d12,44b6_c50204e0,44b6_c50204e0:28,44b6_c50204e0:43,1,693.0
continuation_conflict,10.0,12.0,p10_d12,44b6_c50204e0,44b6_c50204e0:65,44b6_c50204e0:184,1,57.0
continuation_conflict,10.0,12.0,p10_d12,44b6_d2f34f90,44b6_d2f34f90:51,44b6_d2f34f90:103,1,60.0
continuation_conflict,10.0,12.0,p10_d12,44b6_d2f34f90,44b6_d2f34f90:62,44b6_d2f34f90:137,1,213.0
continuation_conflict,10.0,12.0,p10_d12,44b6_d754aa59,44b6_d754aa59:63,44b6_d754aa59:54,0,
continuation_conflict,10.0,12.0,p10_d12,44b6_deabac95,44b6_deabac95:28,44b6_deabac95:15,1,268.0
continuation_conflict,10.0,12.0,p10_d12,44b6_eb2880fc,44b6_eb2880fc:72,44b6_eb2880fc:282,0,
continuation_conflict,10.0,12.0,p10_d12,6bba_05db0fb1,6bba_05db0fb1:24,6bba_05db0fb1:229,0,
continuation_conflict,10.0,12.0,p10_d12,6bba_05db0fb1,6bba_05db0fb1:62,6bba_05db0fb1:751,1,1021.0
continuation_conflict,10.0,12.0,p10_d12,6bba_207c6aaf,6bba_207c6aaf:41,6bba_207c6aaf:146,0,
continuation_conflict,10.0,12.0,p10_d12,6bba_32db13fc,6bba_32db13fc:5,6bba_32db13fc:115,1,2741.0
continuation_conflict,10.0,12.0,p10_d12,6bba_474be664,6bba_474be664:63,6bba_474be664:205,1,11.0
continuation_conflict,10.0,12.0,p10_d12,6bba_5c039895,6bba_5c039895:10,6bba_5c039895:121,1,9.0
continuation_conflict,10.0,12.0,p10_d12,6bba_5c039895,6bba_5c039895:58,6bba_5c039895:680,0,
continuation_conflict,10.0,12.0,p10_d12,6bba_705ec2c9,6bba_705ec2c9:42,6bba_705ec2c9:250,1,19.0
continuation_conflict,10.0,12.0,p10_d12,6bba_7af54fde,6bba_7af54fde:52,6bba_7af54fde:556,0,
continuation_conflict,10.0,12.0,p10_d12,6bba_7af54fde,6bba_7af54fde:55,6bba_7af54fde:590,0,
continuation_conflict,10.0,12.0,p10_d12,6bba_907271db,6bba_907271db:96,6bba_907271db:902,0,
continuation_conflict,10.0,12.0,p10_d12,6bba_afb141ff,6bba_afb141ff:28,6bba_afb141ff:115,0,
continuation_conflict,10.0,12.0,p10_d12,6bba_afb141ff,6bba_afb141ff:48,6bba_afb141ff:304,0,
continuation_conflict,10.0,12.0,p10_d12,6bba_d1acb6ff,6bba_d1acb6ff:67,6bba_d1acb6ff:414,1,39.0
continuation_conflict,10.0,12.0,p10_d12,6bba_e16ffc58,6bba_e16ffc58:26,6bba_e16ffc58:331,1,7.0
continuation_conflict,10.0,12.0,p10_d12,6bba_fe670320,6bba_fe670320:0,6bba_fe670320:4,0,
continuation_conflict,10.0,12.0,p10_d12,6bba_fe670320,6bba_fe670320:66,6bba_fe670320:519,0,
candidate_base,10.0,14.0,p10_d14,44b6_2a2eff9f,44b6_2a2eff9f:11,44b6_2a2eff9f:13,0,
candidate_base,10.0,14.0,p10_d14,44b6_587a1e22,44b6_587a1e22:19,44b6_587a1e22:24,0,
candidate_base,10.0,14.0,p10_d14,44b6_5f15d135,44b6_5f15d135:36,44b6_5f15d135:103,1,114.5
candidate_base,10.0,14.0,p10_d14,44b6_74d0c52e,44b6_74d0c52e:58,44b6_74d0c52e:59,0,
candidate_base,10.0,14.0,p10_d14,44b6_996155de,44b6_996155de:19,44b6_996155de:60,1,1.0
candidate_base,10.0,14.0,p10_d14,44b6_9be80b04,44b6_9be80b04:77,44b6_9be80b04:155,1,35.0
candidate_base,10.0,14.0,p10_d14,44b6_aaf8b0ea,44b6_aaf8b0ea:61,44b6_aaf8b0ea:93,1,218.5
candidate_base,10.0,14.0,p10_d14,44b6_c50204e0,44b6_c50204e0:28,44b6_c50204e0:43,1,477.0
candidate_base,10.0,14.0,p10_d14,44b6_c50204e0,44b6_c50204e0:65,44b6_c50204e0:184,1,88.0
candidate_base,10.0,14.0,p10_d14,44b6_d2f34f90,44b6_d2f34f90:51,44b6_d2f34f90:103,1,53.0
candidate_base,10.0,14.0,p10_d14,44b6_d2f34f90,44b6_d2f34f90:62,44b6_d2f34f90:137,1,216.0
candidate_base,10.0,14.0,p10_d14,44b6_d754aa59,44b6_d754aa59:63,44b6_d754aa59:54,1,1.0
candidate_base,10.0,14.0,p10_d14,44b6_deabac95,44b6_deabac95:28,44b6_deabac95:15,1,191.5
candidate_base,10.0,14.0,p10_d14,44b6_eb2880fc,44b6_eb2880fc:72,44b6_eb2880fc:282,0,
candidate_base,10.0,14.0,p10_d14,6bba_05db0fb1,6bba_05db0fb1:24,6bba_05db0fb1:229,1,24.0
candidate_base,10.0,14.0,p10_d14,6bba_05db0fb1,6bba_05db0fb1:62,6bba_05db0fb1:751,1,3364.5
candidate_base,10.0,14.0,p10_d14,6bba_207c6aaf,6bba_207c6aaf:41,6bba_207c6aaf:146,0,
candidate_base,10.0,14.0,p10_d14,6bba_32db13fc,6bba_32db13fc:5,6bba_32db13fc:115,1,2581.0
candidate_base,10.0,14.0,p10_d14,6bba_474be664,6bba_474be664:63,6bba_474be664:205,1,23.5
candidate_base,10.0,14.0,p10_d14,6bba_5c039895,6bba_5c039895:10,6bba_5c039895:121,1,1.0
candidate_base,10.0,14.0,p10_d14,6bba_5c039895,6bba_5c039895:58,6bba_5c039895:680,1,1.0
candidate_base,10.0,14.0,p10_d14,6bba_705ec2c9,6bba_705ec2c9:42,6bba_705ec2c9:250,1,16.0
candidate_base,10.0,14.0,p10_d14,6bba_7af54fde,6bba_7af54fde:52,6bba_7af54fde:556,0,
candidate_base,10.0,14.0,p10_d14,6bba_7af54fde,6bba_7af54fde:55,6bba_7af54fde:590,0,
candidate_base,10.0,14.0,p10_d14,6bba_907271db,6bba_907271db:96,6bba_907271db:902,1,1.0
candidate_base,10.0,14.0,p10_d14,6bba_afb141ff,6bba_afb141ff:28,6bba_afb141ff:115,0,
candidate_base,10.0,14.0,p10_d14,6bba_afb141ff,6bba_afb141ff:48,6bba_afb141ff:304,0,
candidate_base,10.0,14.0,p10_d14,6bba_d1acb6ff,6bba_d1acb6ff:67,6bba_d1acb6ff:414,1,74.0
candidate_base,10.0,14.0,p10_d14,6bba_e16ffc58,6bba_e16ffc58:26,6bba_e16ffc58:331,1,11.0
candidate_base,10.0,14.0,p10_d14,6bba_fe670320,6bba_fe670320:0,6bba_fe670320:4,1,1.0
candidate_base,10.0,14.0,p10_d14,6bba_fe670320,6bba_fe670320:66,6bba_fe670320:519,1,2.0
continuation_conflict,10.0,14.0,p10_d14,44b6_2a2eff9f,44b6_2a2eff9f:11,44b6_2a2eff9f:13,0,
continuation_conflict,10.0,14.0,p10_d14,44b6_587a1e22,44b6_587a1e22:19,44b6_587a1e22:24,0,
continuation_conflict,10.0,14.0,p10_d14,44b6_5f15d135,44b6_5f15d135:36,44b6_5f15d135:103,1,272.0
continuation_conflict,10.0,14.0,p10_d14,44b6_74d0c52e,44b6_74d0c52e:58,44b6_74d0c52e:59,0,
continuation_conflict,10.0,14.0,p10_d14,44b6_996155de,44b6_996155de:19,44b6_996155de:60,1,1.0
continuation_conflict,10.0,14.0,p10_d14,44b6_9be80b04,44b6_9be80b04:77,44b6_9be80b04:155,1,84.0
continuation_conflict,10.0,14.0,p10_d14,44b6_aaf8b0ea,44b6_aaf8b0ea:61,44b6_aaf8b0ea:93,1,499.0
continuation_conflict,10.0,14.0,p10_d14,44b6_c50204e0,44b6_c50204e0:28,44b6_c50204e0:43,1,813.0
continuation_conflict,10.0,14.0,p10_d14,44b6_c50204e0,44b6_c50204e0:65,44b6_c50204e0:184,1,79.0
continuation_conflict,10.0,14.0,p10_d14,44b6_d2f34f90,44b6_d2f34f90:51,44b6_d2f34f90:103,1,63.0
continuation_conflict,10.0,14.0,p10_d14,44b6_d2f34f90,44b6_d2f34f90:62,44b6_d2f34f90:137,1,262.0
continuation_conflict,10.0,14.0,p10_d14,44b6_d754aa59,44b6_d754aa59:63,44b6_d754aa59:54,1,1.0
continuation_conflict,10.0,14.0,p10_d14,44b6_deabac95,44b6_deabac95:28,44b6_deabac95:15,1,310.0
continuation_conflict,10.0,14.0,p10_d14,44b6_eb2880fc,44b6_eb2880fc:72,44b6_eb2880fc:282,0,
continuation_conflict,10.0,14.0,p10_d14,6bba_05db0fb1,6bba_05db0fb1:24,6bba_05db0fb1:229,1,1.0
continuation_conflict,10.0,14.0,p10_d14,6bba_05db0fb1,6bba_05db0fb1:62,6bba_05db0fb1:751,1,1143.0
continuation_conflict,10.0,14.0,p10_d14,6bba_207c6aaf,6bba_207c6aaf:41,6bba_207c6aaf:146,0,
continuation_conflict,10.0,14.0,p10_d14,6bba_32db13fc,6bba_32db13fc:5,6bba_32db13fc:115,1,3213.0
continuation_conflict,10.0,14.0,p10_d14,6bba_474be664,6bba_474be664:63,6bba_474be664:205,1,14.0
continuation_conflict,10.0,14.0,p10_d14,6bba_5c039895,6bba_5c039895:10,6bba_5c039895:121,1,9.0
continuation_conflict,10.0,14.0,p10_d14,6bba_5c039895,6bba_5c039895:58,6bba_5c039895:680,1,4.0
continuation_conflict,10.0,14.0,p10_d14,6bba_705ec2c9,6bba_705ec2c9:42,6bba_705ec2c9:250,1,21.0
continuation_conflict,10.0,14.0,p10_d14,6bba_7af54fde,6bba_7af54fde:52,6bba_7af54fde:556,0,
continuation_conflict,10.0,14.0,p10_d14,6bba_7af54fde,6bba_7af54fde:55,6bba_7af54fde:590,0,
continuation_conflict,10.0,14.0,p10_d14,6bba_907271db,6bba_907271db:96,6bba_907271db:902,1,1.0
continuation_conflict,10.0,14.0,p10_d14,6bba_afb141ff,6bba_afb141ff:28,6bba_afb141ff:115,0,
continuation_conflict,10.0,14.0,p10_d14,6bba_afb141ff,6bba_afb141ff:48,6bba_afb141ff:304,0,
continuation_conflict,10.0,14.0,p10_d14,6bba_d1acb6ff,6bba_d1acb6ff:67,6bba_d1acb6ff:414,1,48.0
continuation_conflict,10.0,14.0,p10_d14,6bba_e16ffc58,6bba_e16ffc58:26,6bba_e16ffc58:331,1,8.0
continuation_conflict,10.0,14.0,p10_d14,6bba_fe670320,6bba_fe670320:0,6bba_fe670320:4,1,1.0
continuation_conflict,10.0,14.0,p10_d14,6bba_fe670320,6bba_fe670320:66,6bba_fe670320:519,1,45.0
candidate_base,10.0,16.0,p10_d16,44b6_2a2eff9f,44b6_2a2eff9f:11,44b6_2a2eff9f:13,0,
candidate_base,10.0,16.0,p10_d16,44b6_587a1e22,44b6_587a1e22:19,44b6_587a1e22:24,1,20.0
candidate_base,10.0,16.0,p10_d16,44b6_5f15d135,44b6_5f15d135:36,44b6_5f15d135:103,1,196.5
candidate_base,10.0,16.0,p10_d16,44b6_74d0c52e,44b6_74d0c52e:58,44b6_74d0c52e:59,0,
candidate_base,10.0,16.0,p10_d16,44b6_996155de,44b6_996155de:19,44b6_996155de:60,1,1.0
candidate_base,10.0,16.0,p10_d16,44b6_9be80b04,44b6_9be80b04:77,44b6_9be80b04:155,1,81.0
candidate_base,10.0,16.0,p10_d16,44b6_aaf8b0ea,44b6_aaf8b0ea:61,44b6_aaf8b0ea:93,1,248.5
candidate_base,10.0,16.0,p10_d16,44b6_c50204e0,44b6_c50204e0:28,44b6_c50204e0:43,1,638.0
candidate_base,10.0,16.0,p10_d16,44b6_c50204e0,44b6_c50204e0:65,44b6_c50204e0:184,1,256.0
candidate_base,10.0,16.0,p10_d16,44b6_d2f34f90,44b6_d2f34f90:51,44b6_d2f34f90:103,1,88.0
candidate_base,10.0,16.0,p10_d16,44b6_d2f34f90,44b6_d2f34f90:62,44b6_d2f34f90:137,1,268.0
candidate_base,10.0,16.0,p10_d16,44b6_d754aa59,44b6_d754aa59:63,44b6_d754aa59:54,1,1.0
candidate_base,10.0,16.0,p10_d16,44b6_deabac95,44b6_deabac95:28,44b6_deabac95:15,1,227.5
candidate_base,10.0,16.0,p10_d16,44b6_eb2880fc,44b6_eb2880fc:72,44b6_eb2880fc:282,0,
candidate_base,10.0,16.0,p10_d16,6bba_05db0fb1,6bba_05db0fb1:24,6bba_05db0fb1:229,1,114.0
candidate_base,10.0,16.0,p10_d16,6bba_05db0fb1,6bba_05db0fb1:62,6bba_05db0fb1:751,1,3885.5
candidate_base,10.0,16.0,p10_d16,6bba_207c6aaf,6bba_207c6aaf:41,6bba_207c6aaf:146,0,
candidate_base,10.0,16.0,p10_d16,6bba_32db13fc,6bba_32db13fc:5,6bba_32db13fc:115,1,2996.0
candidate_base,10.0,16.0,p10_d16,6bba_474be664,6bba_474be664:63,6bba_474be664:205,1,73.5
candidate_base,10.0,16.0,p10_d16,6bba_5c039895,6bba_5c039895:10,6bba_5c039895:121,1,1.0
candidate_base,10.0,16.0,p10_d16,6bba_5c039895,6bba_5c039895:58,6bba_5c039895:680,1,1.0
candidate_base,10.0,16.0,p10_d16,6bba_705ec2c9,6bba_705ec2c9:42,6bba_705ec2c9:250,1,24.0
candidate_base,10.0,16.0,p10_d16,6bba_7af54fde,6bba_7af54fde:52,6bba_7af54fde:556,0,
candidate_base,10.0,16.0,p10_d16,6bba_7af54fde,6bba_7af54fde:55,6bba_7af54fde:590,0,
candidate_base,10.0,16.0,p10_d16,6bba_907271db,6bba_907271db:96,6bba_907271db:902,1,1.0
candidate_base,10.0,16.0,p10_d16,6bba_afb141ff,6bba_afb141ff:28,6bba_afb141ff:115,0,
candidate_base,10.0,16.0,p10_d16,6bba_afb141ff,6bba_afb141ff:48,6bba_afb141ff:304,0,
candidate_base,10.0,16.0,p10_d16,6bba_d1acb6ff,6bba_d1acb6ff:67,6bba_d1acb6ff:414,1,86.0
candidate_base,10.0,16.0,p10_d16,6bba_e16ffc58,6bba_e16ffc58:26,6bba_e16ffc58:331,1,11.0
candidate_base,10.0,16.0,p10_d16,6bba_fe670320,6bba_fe670320:0,6bba_fe670320:4,1,1.0
candidate_base,10.0,16.0,p10_d16,6bba_fe670320,6bba_fe670320:66,6bba_fe670320:519,1,7.0
continuation_conflict,10.0,16.0,p10_d16,44b6_2a2eff9f,44b6_2a2eff9f:11,44b6_2a2eff9f:13,0,
continuation_conflict,10.0,16.0,p10_d16,44b6_587a1e22,44b6_587a1e22:19,44b6_587a1e22:24,1,114.0
continuation_conflict,10.0,16.0,p10_d16,44b6_5f15d135,44b6_5f15d135:36,44b6_5f15d135:103,1,329.0
continuation_conflict,10.0,16.0,p10_d16,44b6_74d0c52e,44b6_74d0c52e:58,44b6_74d0c52e:59,0,
continuation_conflict,10.0,16.0,p10_d16,44b6_996155de,44b6_996155de:19,44b6_996155de:60,1,1.0
continuation_conflict,10.0,16.0,p10_d16,44b6_9be80b04,44b6_9be80b04:77,44b6_9be80b04:155,1,100.0
continuation_conflict,10.0,16.0,p10_d16,44b6_aaf8b0ea,44b6_aaf8b0ea:61,44b6_aaf8b0ea:93,1,586.0
continuation_conflict,10.0,16.0,p10_d16,44b6_c50204e0,44b6_c50204e0:28,44b6_c50204e0:43,1,948.0
continuation_conflict,10.0,16.0,p10_d16,44b6_c50204e0,44b6_c50204e0:65,44b6_c50204e0:184,1,103.0
continuation_conflict,10.0,16.0,p10_d16,44b6_d2f34f90,44b6_d2f34f90:51,44b6_d2f34f90:103,1,74.0
continuation_conflict,10.0,16.0,p10_d16,44b6_d2f34f90,44b6_d2f34f90:62,44b6_d2f34f90:137,1,303.0
continuation_conflict,10.0,16.0,p10_d16,44b6_d754aa59,44b6_d754aa59:63,44b6_d754aa59:54,1,1.0
continuation_conflict,10.0,16.0,p10_d16,44b6_deabac95,44b6_deabac95:28,44b6_deabac95:15,1,349.0
continuation_conflict,10.0,16.0,p10_d16,44b6_eb2880fc,44b6_eb2880fc:72,44b6_eb2880fc:282,0,
continuation_conflict,10.0,16.0,p10_d16,6bba_05db0fb1,6bba_05db0fb1:24,6bba_05db0fb1:229,1,2.0
continuation_conflict,10.0,16.0,p10_d16,6bba_05db0fb1,6bba_05db0fb1:62,6bba_05db0fb1:751,1,1352.0
continuation_conflict,10.0,16.0,p10_d16,6bba_207c6aaf,6bba_207c6aaf:41,6bba_207c6aaf:146,0,
continuation_conflict,10.0,16.0,p10_d16,6bba_32db13fc,6bba_32db13fc:5,6bba_32db13fc:115,1,3570.0
continuation_conflict,10.0,16.0,p10_d16,6bba_474be664,6bba_474be664:63,6bba_474be664:205,1,21.0
continuation_conflict,10.0,16.0,p10_d16,6bba_5c039895,6bba_5c039895:10,6bba_5c039895:121,1,9.0
continuation_conflict,10.0,16.0,p10_d16,6bba_5c039895,6bba_5c039895:58,6bba_5c039895:680,1,4.0
continuation_conflict,10.0,16.0,p10_d16,6bba_705ec2c9,6bba_705ec2c9:42,6bba_705ec2c9:250,1,24.0
continuation_conflict,10.0,16.0,p10_d16,6bba_7af54fde,6bba_7af54fde:52,6bba_7af54fde:556,0,
continuation_conflict,10.0,16.0,p10_d16,6bba_7af54fde,6bba_7af54fde:55,6bba_7af54fde:590,0,
continuation_conflict,10.0,16.0,p10_d16,6bba_907271db,6bba_907271db:96,6bba_907271db:902,1,1.0
continuation_conflict,10.0,16.0,p10_d16,6bba_afb141ff,6bba_afb141ff:28,6bba_afb141ff:115,0,
continuation_conflict,10.0,16.0,p10_d16,6bba_afb141ff,6bba_afb141ff:48,6bba_afb141ff:304,0,
continuation_conflict,10.0,16.0,p10_d16,6bba_d1acb6ff,6bba_d1acb6ff:67,6bba_d1acb6ff:414,1,52.0
continuation_conflict,10.0,16.0,p10_d16,6bba_e16ffc58,6bba_e16ffc58:26,6bba_e16ffc58:331,1,9.0
continuation_conflict,10.0,16.0,p10_d16,6bba_fe670320,6bba_fe670320:0,6bba_fe670320:4,1,1.0
continuation_conflict,10.0,16.0,p10_d16,6bba_fe670320,6bba_fe670320:66,6bba_fe670320:519,1,45.0
candidate_base,10.0,20.0,p10_d20,44b6_2a2eff9f,44b6_2a2eff9f:11,44b6_2a2eff9f:13,0,
candidate_base,10.0,20.0,p10_d20,44b6_587a1e22,44b6_587a1e22:19,44b6_587a1e22:24,1,44.0
candidate_base,10.0,20.0,p10_d20,44b6_5f15d135,44b6_5f15d135:36,44b6_5f15d135:103,1,256.5
candidate_base,10.0,20.0,p10_d20,44b6_74d0c52e,44b6_74d0c52e:58,44b6_74d0c52e:59,0,
candidate_base,10.0,20.0,p10_d20,44b6_996155de,44b6_996155de:19,44b6_996155de:60,1,3.0
candidate_base,10.0,20.0,p10_d20,44b6_9be80b04,44b6_9be80b04:77,44b6_9be80b04:155,1,151.0
candidate_base,10.0,20.0,p10_d20,44b6_aaf8b0ea,44b6_aaf8b0ea:61,44b6_aaf8b0ea:93,1,281.5
candidate_base,10.0,20.0,p10_d20,44b6_c50204e0,44b6_c50204e0:28,44b6_c50204e0:43,1,744.0
candidate_base,10.0,20.0,p10_d20,44b6_c50204e0,44b6_c50204e0:65,44b6_c50204e0:184,1,412.0
candidate_base,10.0,20.0,p10_d20,44b6_d2f34f90,44b6_d2f34f90:51,44b6_d2f34f90:103,1,116.0
candidate_base,10.0,20.0,p10_d20,44b6_d2f34f90,44b6_d2f34f90:62,44b6_d2f34f90:137,1,304.0
candidate_base,10.0,20.0,p10_d20,44b6_d754aa59,44b6_d754aa59:63,44b6_d754aa59:54,1,1.0
candidate_base,10.0,20.0,p10_d20,44b6_deabac95,44b6_deabac95:28,44b6_deabac95:15,1,258.5
candidate_base,10.0,20.0,p10_d20,44b6_eb2880fc,44b6_eb2880fc:72,44b6_eb2880fc:282,0,
candidate_base,10.0,20.0,p10_d20,6bba_05db0fb1,6bba_05db0fb1:24,6bba_05db0fb1:229,1,388.0
candidate_base,10.0,20.0,p10_d20,6bba_05db0fb1,6bba_05db0fb1:62,6bba_05db0fb1:751,1,4354.5
candidate_base,10.0,20.0,p10_d20,6bba_207c6aaf,6bba_207c6aaf:41,6bba_207c6aaf:146,0,
candidate_base,10.0,20.0,p10_d20,6bba_32db13fc,6bba_32db13fc:5,6bba_32db13fc:115,1,3299.0
candidate_base,10.0,20.0,p10_d20,6bba_474be664,6bba_474be664:63,6bba_474be664:205,1,171.5
candidate_base,10.0,20.0,p10_d20,6bba_5c039895,6bba_5c039895:10,6bba_5c039895:121,1,2.0
candidate_base,10.0,20.0,p10_d20,6bba_5c039895,6bba_5c039895:58,6bba_5c039895:680,1,3.0
candidate_base,10.0,20.0,p10_d20,6bba_705ec2c9,6bba_705ec2c9:42,6bba_705ec2c9:250,1,26.0
candidate_base,10.0,20.0,p10_d20,6bba_7af54fde,6bba_7af54fde:52,6bba_7af54fde:556,0,
candidate_base,10.0,20.0,p10_d20,6bba_7af54fde,6bba_7af54fde:55,6bba_7af54fde:590,0,
candidate_base,10.0,20.0,p10_d20,6bba_907271db,6bba_907271db:96,6bba_907271db:902,1,1.0
candidate_base,10.0,20.0,p10_d20,6bba_afb141ff,6bba_afb141ff:28,6bba_afb141ff:115,0,
candidate_base,10.0,20.0,p10_d20,6bba_afb141ff,6bba_afb141ff:48,6bba_afb141ff:304,0,
candidate_base,10.0,20.0,p10_d20,6bba_d1acb6ff,6bba_d1acb6ff:67,6bba_d1acb6ff:414,1,91.0
candidate_base,10.0,20.0,p10_d20,6bba_e16ffc58,6bba_e16ffc58:26,6bba_e16ffc58:331,1,12.0
candidate_base,10.0,20.0,p10_d20,6bba_fe670320,6bba_fe670320:0,6bba_fe670320:4,1,1.0
candidate_base,10.0,20.0,p10_d20,6bba_fe670320,6bba_fe670320:66,6bba_fe670320:519,1,14.0
continuation_conflict,10.0,20.0,p10_d20,44b6_2a2eff9f,44b6_2a2eff9f:11,44b6_2a2eff9f:13,0,
continuation_conflict,10.0,20.0,p10_d20,44b6_587a1e22,44b6_587a1e22:19,44b6_587a1e22:24,1,115.0
continuation_conflict,10.0,20.0,p10_d20,44b6_5f15d135,44b6_5f15d135:36,44b6_5f15d135:103,1,398.0
continuation_conflict,10.0,20.0,p10_d20,44b6_74d0c52e,44b6_74d0c52e:58,44b6_74d0c52e:59,0,
continuation_conflict,10.0,20.0,p10_d20,44b6_996155de,44b6_996155de:19,44b6_996155de:60,1,1.0
continuation_conflict,10.0,20.0,p10_d20,44b6_9be80b04,44b6_9be80b04:77,44b6_9be80b04:155,1,119.0
continuation_conflict,10.0,20.0,p10_d20,44b6_aaf8b0ea,44b6_aaf8b0ea:61,44b6_aaf8b0ea:93,1,644.0
continuation_conflict,10.0,20.0,p10_d20,44b6_c50204e0,44b6_c50204e0:28,44b6_c50204e0:43,1,1074.0
continuation_conflict,10.0,20.0,p10_d20,44b6_c50204e0,44b6_c50204e0:65,44b6_c50204e0:184,1,117.0
continuation_conflict,10.0,20.0,p10_d20,44b6_d2f34f90,44b6_d2f34f90:51,44b6_d2f34f90:103,1,97.0
continuation_conflict,10.0,20.0,p10_d20,44b6_d2f34f90,44b6_d2f34f90:62,44b6_d2f34f90:137,1,344.0
continuation_conflict,10.0,20.0,p10_d20,44b6_d754aa59,44b6_d754aa59:63,44b6_d754aa59:54,1,1.0
continuation_conflict,10.0,20.0,p10_d20,44b6_deabac95,44b6_deabac95:28,44b6_deabac95:15,1,388.0
continuation_conflict,10.0,20.0,p10_d20,44b6_eb2880fc,44b6_eb2880fc:72,44b6_eb2880fc:282,0,
continuation_conflict,10.0,20.0,p10_d20,6bba_05db0fb1,6bba_05db0fb1:24,6bba_05db0fb1:229,1,5.0
continuation_conflict,10.0,20.0,p10_d20,6bba_05db0fb1,6bba_05db0fb1:62,6bba_05db0fb1:751,1,1597.0
continuation_conflict,10.0,20.0,p10_d20,6bba_207c6aaf,6bba_207c6aaf:41,6bba_207c6aaf:146,0,
continuation_conflict,10.0,20.0,p10_d20,6bba_32db13fc,6bba_32db13fc:5,6bba_32db13fc:115,1,3851.0
continuation_conflict,10.0,20.0,p10_d20,6bba_474be664,6bba_474be664:63,6bba_474be664:205,1,23.0
continuation_conflict,10.0,20.0,p10_d20,6bba_5c039895,6bba_5c039895:10,6bba_5c039895:121,1,9.0
continuation_conflict,10.0,20.0,p10_d20,6bba_5c039895,6bba_5c039895:58,6bba_5c039895:680,1,5.0
continuation_conflict,10.0,20.0,p10_d20,6bba_705ec2c9,6bba_705ec2c9:42,6bba_705ec2c9:250,1,25.0
continuation_conflict,10.0,20.0,p10_d20,6bba_7af54fde,6bba_7af54fde:52,6bba_7af54fde:556,0,
continuation_conflict,10.0,20.0,p10_d20,6bba_7af54fde,6bba_7af54fde:55,6bba_7af54fde:590,0,
continuation_conflict,10.0,20.0,p10_d20,6bba_907271db,6bba_907271db:96,6bba_907271db:902,1,1.0
continuation_conflict,10.0,20.0,p10_d20,6bba_afb141ff,6bba_afb141ff:28,6bba_afb141ff:115,0,
continuation_conflict,10.0,20.0,p10_d20,6bba_afb141ff,6bba_afb141ff:48,6bba_afb141ff:304,0,
continuation_conflict,10.0,20.0,p10_d20,6bba_d1acb6ff,6bba_d1acb6ff:67,6bba_d1acb6ff:414,1,56.0
continuation_conflict,10.0,20.0,p10_d20,6bba_e16ffc58,6bba_e16ffc58:26,6bba_e16ffc58:331,1,10.0
continuation_conflict,10.0,20.0,p10_d20,6bba_fe670320,6bba_fe670320:0,6bba_fe670320:4,1,1.0
continuation_conflict,10.0,20.0,p10_d20,6bba_fe670320,6bba_fe670320:66,6bba_fe670320:519,1,48.0
candidate_base,12.0,10.0,p12_d10,44b6_2a2eff9f,44b6_2a2eff9f:11,44b6_2a2eff9f:13,0,
candidate_base,12.0,10.0,p12_d10,44b6_587a1e22,44b6_587a1e22:19,44b6_587a1e22:24,0,
candidate_base,12.0,10.0,p12_d10,44b6_5f15d135,44b6_5f15d135:36,44b6_5f15d135:103,0,
candidate_base,12.0,10.0,p12_d10,44b6_74d0c52e,44b6_74d0c52e:58,44b6_74d0c52e:59,0,
candidate_base,12.0,10.0,p12_d10,44b6_996155de,44b6_996155de:19,44b6_996155de:60,1,1.0
candidate_base,12.0,10.0,p12_d10,44b6_9be80b04,44b6_9be80b04:77,44b6_9be80b04:155,1,6.0
candidate_base,12.0,10.0,p12_d10,44b6_aaf8b0ea,44b6_aaf8b0ea:61,44b6_aaf8b0ea:93,1,152.5
candidate_base,12.0,10.0,p12_d10,44b6_c50204e0,44b6_c50204e0:28,44b6_c50204e0:43,1,145.0
candidate_base,12.0,10.0,p12_d10,44b6_c50204e0,44b6_c50204e0:65,44b6_c50204e0:184,1,9.0
candidate_base,12.0,10.0,p12_d10,44b6_d2f34f90,44b6_d2f34f90:51,44b6_d2f34f90:103,1,12.0
candidate_base,12.0,10.0,p12_d10,44b6_d2f34f90,44b6_d2f34f90:62,44b6_d2f34f90:137,1,61.0
candidate_base,12.0,10.0,p12_d10,44b6_d754aa59,44b6_d754aa59:63,44b6_d754aa59:54,0,
candidate_base,12.0,10.0,p12_d10,44b6_deabac95,44b6_deabac95:28,44b6_deabac95:15,0,
candidate_base,12.0,10.0,p12_d10,44b6_eb2880fc,44b6_eb2880fc:72,44b6_eb2880fc:282,0,
candidate_base,12.0,10.0,p12_d10,6bba_05db0fb1,6bba_05db0fb1:24,6bba_05db0fb1:229,0,
candidate_base,12.0,10.0,p12_d10,6bba_05db0fb1,6bba_05db0fb1:62,6bba_05db0fb1:751,1,1956.5
candidate_base,12.0,10.0,p12_d10,6bba_207c6aaf,6bba_207c6aaf:41,6bba_207c6aaf:146,0,
candidate_base,12.0,10.0,p12_d10,6bba_32db13fc,6bba_32db13fc:5,6bba_32db13fc:115,0,
candidate_base,12.0,10.0,p12_d10,6bba_474be664,6bba_474be664:63,6bba_474be664:205,0,
candidate_base,12.0,10.0,p12_d10,6bba_5c039895,6bba_5c039895:10,6bba_5c039895:121,1,1.0
candidate_base,12.0,10.0,p12_d10,6bba_5c039895,6bba_5c039895:58,6bba_5c039895:680,0,
candidate_base,12.0,10.0,p12_d10,6bba_705ec2c9,6bba_705ec2c9:42,6bba_705ec2c9:250,0,
candidate_base,12.0,10.0,p12_d10,6bba_7af54fde,6bba_7af54fde:52,6bba_7af54fde:556,0,
candidate_base,12.0,10.0,p12_d10,6bba_7af54fde,6bba_7af54fde:55,6bba_7af54fde:590,0,
candidate_base,12.0,10.0,p12_d10,6bba_907271db,6bba_907271db:96,6bba_907271db:902,0,
candidate_base,12.0,10.0,p12_d10,6bba_afb141ff,6bba_afb141ff:28,6bba_afb141ff:115,0,
candidate_base,12.0,10.0,p12_d10,6bba_afb141ff,6bba_afb141ff:48,6bba_afb141ff:304,1,31.0
candidate_base,12.0,10.0,p12_d10,6bba_d1acb6ff,6bba_d1acb6ff:67,6bba_d1acb6ff:414,1,30.0
candidate_base,12.0,10.0,p12_d10,6bba_e16ffc58,6bba_e16ffc58:26,6bba_e16ffc58:331,0,
candidate_base,12.0,10.0,p12_d10,6bba_fe670320,6bba_fe670320:0,6bba_fe670320:4,0,
candidate_base,12.0,10.0,p12_d10,6bba_fe670320,6bba_fe670320:66,6bba_fe670320:519,0,
continuation_conflict,12.0,10.0,p12_d10,44b6_2a2eff9f,44b6_2a2eff9f:11,44b6_2a2eff9f:13,0,
continuation_conflict,12.0,10.0,p12_d10,44b6_587a1e22,44b6_587a1e22:19,44b6_587a1e22:24,0,
continuation_conflict,12.0,10.0,p12_d10,44b6_5f15d135,44b6_5f15d135:36,44b6_5f15d135:103,0,
continuation_conflict,12.0,10.0,p12_d10,44b6_74d0c52e,44b6_74d0c52e:58,44b6_74d0c52e:59,0,
continuation_conflict,12.0,10.0,p12_d10,44b6_996155de,44b6_996155de:19,44b6_996155de:60,1,1.0
continuation_conflict,12.0,10.0,p12_d10,44b6_9be80b04,44b6_9be80b04:77,44b6_9be80b04:155,1,64.0
continuation_conflict,12.0,10.0,p12_d10,44b6_aaf8b0ea,44b6_aaf8b0ea:61,44b6_aaf8b0ea:93,1,316.0
continuation_conflict,12.0,10.0,p12_d10,44b6_c50204e0,44b6_c50204e0:28,44b6_c50204e0:43,1,519.0
continuation_conflict,12.0,10.0,p12_d10,44b6_c50204e0,44b6_c50204e0:65,44b6_c50204e0:184,1,23.0
continuation_conflict,12.0,10.0,p12_d10,44b6_d2f34f90,44b6_d2f34f90:51,44b6_d2f34f90:103,1,30.0
continuation_conflict,12.0,10.0,p12_d10,44b6_d2f34f90,44b6_d2f34f90:62,44b6_d2f34f90:137,1,176.0
continuation_conflict,12.0,10.0,p12_d10,44b6_d754aa59,44b6_d754aa59:63,44b6_d754aa59:54,0,
continuation_conflict,12.0,10.0,p12_d10,44b6_deabac95,44b6_deabac95:28,44b6_deabac95:15,0,
continuation_conflict,12.0,10.0,p12_d10,44b6_eb2880fc,44b6_eb2880fc:72,44b6_eb2880fc:282,0,
continuation_conflict,12.0,10.0,p12_d10,6bba_05db0fb1,6bba_05db0fb1:24,6bba_05db0fb1:229,0,
continuation_conflict,12.0,10.0,p12_d10,6bba_05db0fb1,6bba_05db0fb1:62,6bba_05db0fb1:751,1,867.0
continuation_conflict,12.0,10.0,p12_d10,6bba_207c6aaf,6bba_207c6aaf:41,6bba_207c6aaf:146,0,
continuation_conflict,12.0,10.0,p12_d10,6bba_32db13fc,6bba_32db13fc:5,6bba_32db13fc:115,0,
continuation_conflict,12.0,10.0,p12_d10,6bba_474be664,6bba_474be664:63,6bba_474be664:205,0,
continuation_conflict,12.0,10.0,p12_d10,6bba_5c039895,6bba_5c039895:10,6bba_5c039895:121,1,4.0
continuation_conflict,12.0,10.0,p12_d10,6bba_5c039895,6bba_5c039895:58,6bba_5c039895:680,0,
continuation_conflict,12.0,10.0,p12_d10,6bba_705ec2c9,6bba_705ec2c9:42,6bba_705ec2c9:250,0,
continuation_conflict,12.0,10.0,p12_d10,6bba_7af54fde,6bba_7af54fde:52,6bba_7af54fde:556,0,
continuation_conflict,12.0,10.0,p12_d10,6bba_7af54fde,6bba_7af54fde:55,6bba_7af54fde:590,0,
continuation_conflict,12.0,10.0,p12_d10,6bba_907271db,6bba_907271db:96,6bba_907271db:902,0,
continuation_conflict,12.0,10.0,p12_d10,6bba_afb141ff,6bba_afb141ff:28,6bba_afb141ff:115,0,
continuation_conflict,12.0,10.0,p12_d10,6bba_afb141ff,6bba_afb141ff:48,6bba_afb141ff:304,1,25.0
continuation_conflict,12.0,10.0,p12_d10,6bba_d1acb6ff,6bba_d1acb6ff:67,6bba_d1acb6ff:414,1,22.0
continuation_conflict,12.0,10.0,p12_d10,6bba_e16ffc58,6bba_e16ffc58:26,6bba_e16ffc58:331,0,
continuation_conflict,12.0,10.0,p12_d10,6bba_fe670320,6bba_fe670320:0,6bba_fe670320:4,0,
continuation_conflict,12.0,10.0,p12_d10,6bba_fe670320,6bba_fe670320:66,6bba_fe670320:519,0,
candidate_base,12.0,12.0,p12_d12,44b6_2a2eff9f,44b6_2a2eff9f:11,44b6_2a2eff9f:13,0,
candidate_base,12.0,12.0,p12_d12,44b6_587a1e22,44b6_587a1e22:19,44b6_587a1e22:24,0,
candidate_base,12.0,12.0,p12_d12,44b6_5f15d135,44b6_5f15d135:36,44b6_5f15d135:103,1,56.5
candidate_base,12.0,12.0,p12_d12,44b6_74d0c52e,44b6_74d0c52e:58,44b6_74d0c52e:59,0,
candidate_base,12.0,12.0,p12_d12,44b6_996155de,44b6_996155de:19,44b6_996155de:60,1,1.0
candidate_base,12.0,12.0,p12_d12,44b6_9be80b04,44b6_9be80b04:77,44b6_9be80b04:155,1,11.0
candidate_base,12.0,12.0,p12_d12,44b6_aaf8b0ea,44b6_aaf8b0ea:61,44b6_aaf8b0ea:93,1,304.5
candidate_base,12.0,12.0,p12_d12,44b6_c50204e0,44b6_c50204e0:28,44b6_c50204e0:43,1,290.0
candidate_base,12.0,12.0,p12_d12,44b6_c50204e0,44b6_c50204e0:65,44b6_c50204e0:184,1,29.0
candidate_base,12.0,12.0,p12_d12,44b6_d2f34f90,44b6_d2f34f90:51,44b6_d2f34f90:103,1,25.0
candidate_base,12.0,12.0,p12_d12,44b6_d2f34f90,44b6_d2f34f90:62,44b6_d2f34f90:137,1,117.0
candidate_base,12.0,12.0,p12_d12,44b6_d754aa59,44b6_d754aa59:63,44b6_d754aa59:54,0,
candidate_base,12.0,12.0,p12_d12,44b6_deabac95,44b6_deabac95:28,44b6_deabac95:15,1,141.5
candidate_base,12.0,12.0,p12_d12,44b6_eb2880fc,44b6_eb2880fc:72,44b6_eb2880fc:282,0,
candidate_base,12.0,12.0,p12_d12,6bba_05db0fb1,6bba_05db0fb1:24,6bba_05db0fb1:229,0,
candidate_base,12.0,12.0,p12_d12,6bba_05db0fb1,6bba_05db0fb1:62,6bba_05db0fb1:751,1,3726.5
candidate_base,12.0,12.0,p12_d12,6bba_207c6aaf,6bba_207c6aaf:41,6bba_207c6aaf:146,1,908.0
candidate_base,12.0,12.0,p12_d12,6bba_32db13fc,6bba_32db13fc:5,6bba_32db13fc:115,1,5366.0
candidate_base,12.0,12.0,p12_d12,6bba_474be664,6bba_474be664:63,6bba_474be664:205,1,4.5
candidate_base,12.0,12.0,p12_d12,6bba_5c039895,6bba_5c039895:10,6bba_5c039895:121,1,1.0
candidate_base,12.0,12.0,p12_d12,6bba_5c039895,6bba_5c039895:58,6bba_5c039895:680,0,
candidate_base,12.0,12.0,p12_d12,6bba_705ec2c9,6bba_705ec2c9:42,6bba_705ec2c9:250,1,10.0
candidate_base,12.0,12.0,p12_d12,6bba_7af54fde,6bba_7af54fde:52,6bba_7af54fde:556,0,
candidate_base,12.0,12.0,p12_d12,6bba_7af54fde,6bba_7af54fde:55,6bba_7af54fde:590,1,152.0
candidate_base,12.0,12.0,p12_d12,6bba_907271db,6bba_907271db:96,6bba_907271db:902,0,
candidate_base,12.0,12.0,p12_d12,6bba_afb141ff,6bba_afb141ff:28,6bba_afb141ff:115,0,
candidate_base,12.0,12.0,p12_d12,6bba_afb141ff,6bba_afb141ff:48,6bba_afb141ff:304,1,65.0
candidate_base,12.0,12.0,p12_d12,6bba_d1acb6ff,6bba_d1acb6ff:67,6bba_d1acb6ff:414,1,49.0
candidate_base,12.0,12.0,p12_d12,6bba_e16ffc58,6bba_e16ffc58:26,6bba_e16ffc58:331,1,9.0
candidate_base,12.0,12.0,p12_d12,6bba_fe670320,6bba_fe670320:0,6bba_fe670320:4,0,
candidate_base,12.0,12.0,p12_d12,6bba_fe670320,6bba_fe670320:66,6bba_fe670320:519,0,
continuation_conflict,12.0,12.0,p12_d12,44b6_2a2eff9f,44b6_2a2eff9f:11,44b6_2a2eff9f:13,0,
continuation_conflict,12.0,12.0,p12_d12,44b6_587a1e22,44b6_587a1e22:19,44b6_587a1e22:24,0,
continuation_conflict,12.0,12.0,p12_d12,44b6_5f15d135,44b6_5f15d135:36,44b6_5f15d135:103,1,340.0
continuation_conflict,12.0,12.0,p12_d12,44b6_74d0c52e,44b6_74d0c52e:58,44b6_74d0c52e:59,0,
continuation_conflict,12.0,12.0,p12_d12,44b6_996155de,44b6_996155de:19,44b6_996155de:60,1,1.0
continuation_conflict,12.0,12.0,p12_d12,44b6_9be80b04,44b6_9be80b04:77,44b6_9be80b04:155,1,138.0
continuation_conflict,12.0,12.0,p12_d12,44b6_aaf8b0ea,44b6_aaf8b0ea:61,44b6_aaf8b0ea:93,1,598.0
continuation_conflict,12.0,12.0,p12_d12,44b6_c50204e0,44b6_c50204e0:28,44b6_c50204e0:43,1,1028.0
continuation_conflict,12.0,12.0,p12_d12,44b6_c50204e0,44b6_c50204e0:65,44b6_c50204e0:184,1,68.0
continuation_conflict,12.0,12.0,p12_d12,44b6_d2f34f90,44b6_d2f34f90:51,44b6_d2f34f90:103,1,78.0
continuation_conflict,12.0,12.0,p12_d12,44b6_d2f34f90,44b6_d2f34f90:62,44b6_d2f34f90:137,1,340.0
continuation_conflict,12.0,12.0,p12_d12,44b6_d754aa59,44b6_d754aa59:63,44b6_d754aa59:54,0,
continuation_conflict,12.0,12.0,p12_d12,44b6_deabac95,44b6_deabac95:28,44b6_deabac95:15,1,395.0
continuation_conflict,12.0,12.0,p12_d12,44b6_eb2880fc,44b6_eb2880fc:72,44b6_eb2880fc:282,0,
continuation_conflict,12.0,12.0,p12_d12,6bba_05db0fb1,6bba_05db0fb1:24,6bba_05db0fb1:229,0,
continuation_conflict,12.0,12.0,p12_d12,6bba_05db0fb1,6bba_05db0fb1:62,6bba_05db0fb1:751,1,1755.0
continuation_conflict,12.0,12.0,p12_d12,6bba_207c6aaf,6bba_207c6aaf:41,6bba_207c6aaf:146,1,260.0
continuation_conflict,12.0,12.0,p12_d12,6bba_32db13fc,6bba_32db13fc:5,6bba_32db13fc:115,1,4919.0
continuation_conflict,12.0,12.0,p12_d12,6bba_474be664,6bba_474be664:63,6bba_474be664:205,1,13.0
continuation_conflict,12.0,12.0,p12_d12,6bba_5c039895,6bba_5c039895:10,6bba_5c039895:121,1,12.0
continuation_conflict,12.0,12.0,p12_d12,6bba_5c039895,6bba_5c039895:58,6bba_5c039895:680,0,
continuation_conflict,12.0,12.0,p12_d12,6bba_705ec2c9,6bba_705ec2c9:42,6bba_705ec2c9:250,1,19.0
continuation_conflict,12.0,12.0,p12_d12,6bba_7af54fde,6bba_7af54fde:52,6bba_7af54fde:556,0,
continuation_conflict,12.0,12.0,p12_d12,6bba_7af54fde,6bba_7af54fde:55,6bba_7af54fde:590,1,109.0
continuation_conflict,12.0,12.0,p12_d12,6bba_907271db,6bba_907271db:96,6bba_907271db:902,0,
continuation_conflict,12.0,12.0,p12_d12,6bba_afb141ff,6bba_afb141ff:28,6bba_afb141ff:115,0,
continuation_conflict,12.0,12.0,p12_d12,6bba_afb141ff,6bba_afb141ff:48,6bba_afb141ff:304,1,53.0
continuation_conflict,12.0,12.0,p12_d12,6bba_d1acb6ff,6bba_d1acb6ff:67,6bba_d1acb6ff:414,1,53.0
continuation_conflict,12.0,12.0,p12_d12,6bba_e16ffc58,6bba_e16ffc58:26,6bba_e16ffc58:331,1,11.0
continuation_conflict,12.0,12.0,p12_d12,6bba_fe670320,6bba_fe670320:0,6bba_fe670320:4,0,
continuation_conflict,12.0,12.0,p12_d12,6bba_fe670320,6bba_fe670320:66,6bba_fe670320:519,0,
candidate_base,12.0,14.0,p12_d14,44b6_2a2eff9f,44b6_2a2eff9f:11,44b6_2a2eff9f:13,0,
candidate_base,12.0,14.0,p12_d14,44b6_587a1e22,44b6_587a1e22:19,44b6_587a1e22:24,0,
candidate_base,12.0,14.0,p12_d14,44b6_5f15d135,44b6_5f15d135:36,44b6_5f15d135:103,1,114.5
candidate_base,12.0,14.0,p12_d14,44b6_74d0c52e,44b6_74d0c52e:58,44b6_74d0c52e:59,0,
candidate_base,12.0,14.0,p12_d14,44b6_996155de,44b6_996155de:19,44b6_996155de:60,1,1.0
candidate_base,12.0,14.0,p12_d14,44b6_9be80b04,44b6_9be80b04:77,44b6_9be80b04:155,1,35.0
candidate_base,12.0,14.0,p12_d14,44b6_aaf8b0ea,44b6_aaf8b0ea:61,44b6_aaf8b0ea:93,1,430.5
candidate_base,12.0,14.0,p12_d14,44b6_c50204e0,44b6_c50204e0:28,44b6_c50204e0:43,1,492.0
candidate_base,12.0,14.0,p12_d14,44b6_c50204e0,44b6_c50204e0:65,44b6_c50204e0:184,1,88.0
candidate_base,12.0,14.0,p12_d14,44b6_d2f34f90,44b6_d2f34f90:51,44b6_d2f34f90:103,1,53.0
candidate_base,12.0,14.0,p12_d14,44b6_d2f34f90,44b6_d2f34f90:62,44b6_d2f34f90:137,1,237.0
candidate_base,12.0,14.0,p12_d14,44b6_d754aa59,44b6_d754aa59:63,44b6_d754aa59:54,1,1.0
candidate_base,12.0,14.0,p12_d14,44b6_deabac95,44b6_deabac95:28,44b6_deabac95:15,1,230.5
candidate_base,12.0,14.0,p12_d14,44b6_eb2880fc,44b6_eb2880fc:72,44b6_eb2880fc:282,0,
candidate_base,12.0,14.0,p12_d14,6bba_05db0fb1,6bba_05db0fb1:24,6bba_05db0fb1:229,1,24.0
candidate_base,12.0,14.0,p12_d14,6bba_05db0fb1,6bba_05db0fb1:62,6bba_05db0fb1:751,1,5816.5
candidate_base,12.0,14.0,p12_d14,6bba_207c6aaf,6bba_207c6aaf:41,6bba_207c6aaf:146,1,1491.0
candidate_base,12.0,14.0,p12_d14,6bba_32db13fc,6bba_32db13fc:5,6bba_32db13fc:115,1,7186.0
candidate_base,12.0,14.0,p12_d14,6bba_474be664,6bba_474be664:63,6bba_474be664:205,1,23.5
candidate_base,12.0,14.0,p12_d14,6bba_5c039895,6bba_5c039895:10,6bba_5c039895:121,1,1.0
candidate_base,12.0,14.0,p12_d14,6bba_5c039895,6bba_5c039895:58,6bba_5c039895:680,1,1.0
candidate_base,12.0,14.0,p12_d14,6bba_705ec2c9,6bba_705ec2c9:42,6bba_705ec2c9:250,1,16.0
candidate_base,12.0,14.0,p12_d14,6bba_7af54fde,6bba_7af54fde:52,6bba_7af54fde:556,0,
candidate_base,12.0,14.0,p12_d14,6bba_7af54fde,6bba_7af54fde:55,6bba_7af54fde:590,1,192.0
candidate_base,12.0,14.0,p12_d14,6bba_907271db,6bba_907271db:96,6bba_907271db:902,1,1.0
candidate_base,12.0,14.0,p12_d14,6bba_afb141ff,6bba_afb141ff:28,6bba_afb141ff:115,1,42.0
candidate_base,12.0,14.0,p12_d14,6bba_afb141ff,6bba_afb141ff:48,6bba_afb141ff:304,1,80.0
candidate_base,12.0,14.0,p12_d14,6bba_d1acb6ff,6bba_d1acb6ff:67,6bba_d1acb6ff:414,1,82.0
candidate_base,12.0,14.0,p12_d14,6bba_e16ffc58,6bba_e16ffc58:26,6bba_e16ffc58:331,1,11.0
candidate_base,12.0,14.0,p12_d14,6bba_fe670320,6bba_fe670320:0,6bba_fe670320:4,1,1.0
candidate_base,12.0,14.0,p12_d14,6bba_fe670320,6bba_fe670320:66,6bba_fe670320:519,1,2.0
continuation_conflict,12.0,14.0,p12_d14,44b6_2a2eff9f,44b6_2a2eff9f:11,44b6_2a2eff9f:13,0,
continuation_conflict,12.0,14.0,p12_d14,44b6_587a1e22,44b6_587a1e22:19,44b6_587a1e22:24,0,
continuation_conflict,12.0,14.0,p12_d14,44b6_5f15d135,44b6_5f15d135:36,44b6_5f15d135:103,1,435.0
continuation_conflict,12.0,14.0,p12_d14,44b6_74d0c52e,44b6_74d0c52e:58,44b6_74d0c52e:59,0,
continuation_conflict,12.0,14.0,p12_d14,44b6_996155de,44b6_996155de:19,44b6_996155de:60,1,1.0
continuation_conflict,12.0,14.0,p12_d14,44b6_9be80b04,44b6_9be80b04:77,44b6_9be80b04:155,1,168.0
continuation_conflict,12.0,14.0,p12_d14,44b6_aaf8b0ea,44b6_aaf8b0ea:61,44b6_aaf8b0ea:93,1,819.0
continuation_conflict,12.0,14.0,p12_d14,44b6_c50204e0,44b6_c50204e0:28,44b6_c50204e0:43,1,1318.0
continuation_conflict,12.0,14.0,p12_d14,44b6_c50204e0,44b6_c50204e0:65,44b6_c50204e0:184,1,114.0
continuation_conflict,12.0,14.0,p12_d14,44b6_d2f34f90,44b6_d2f34f90:51,44b6_d2f34f90:103,1,97.0
continuation_conflict,12.0,14.0,p12_d14,44b6_d2f34f90,44b6_d2f34f90:62,44b6_d2f34f90:137,1,413.0
continuation_conflict,12.0,14.0,p12_d14,44b6_d754aa59,44b6_d754aa59:63,44b6_d754aa59:54,1,1.0
continuation_conflict,12.0,14.0,p12_d14,44b6_deabac95,44b6_deabac95:28,44b6_deabac95:15,1,514.0
continuation_conflict,12.0,14.0,p12_d14,44b6_eb2880fc,44b6_eb2880fc:72,44b6_eb2880fc:282,0,
continuation_conflict,12.0,14.0,p12_d14,6bba_05db0fb1,6bba_05db0fb1:24,6bba_05db0fb1:229,1,1.0
continuation_conflict,12.0,14.0,p12_d14,6bba_05db0fb1,6bba_05db0fb1:62,6bba_05db0fb1:751,1,2084.0
continuation_conflict,12.0,14.0,p12_d14,6bba_207c6aaf,6bba_207c6aaf:41,6bba_207c6aaf:146,1,353.0
continuation_conflict,12.0,14.0,p12_d14,6bba_32db13fc,6bba_32db13fc:5,6bba_32db13fc:115,1,6703.0
continuation_conflict,12.0,14.0,p12_d14,6bba_474be664,6bba_474be664:63,6bba_474be664:205,1,16.0
continuation_conflict,12.0,14.0,p12_d14,6bba_5c039895,6bba_5c039895:10,6bba_5c039895:121,1,19.0
continuation_conflict,12.0,14.0,p12_d14,6bba_5c039895,6bba_5c039895:58,6bba_5c039895:680,1,5.0
continuation_conflict,12.0,14.0,p12_d14,6bba_705ec2c9,6bba_705ec2c9:42,6bba_705ec2c9:250,1,23.0
continuation_conflict,12.0,14.0,p12_d14,6bba_7af54fde,6bba_7af54fde:52,6bba_7af54fde:556,0,
continuation_conflict,12.0,14.0,p12_d14,6bba_7af54fde,6bba_7af54fde:55,6bba_7af54fde:590,1,141.0
continuation_conflict,12.0,14.0,p12_d14,6bba_907271db,6bba_907271db:96,6bba_907271db:902,1,1.0
continuation_conflict,12.0,14.0,p12_d14,6bba_afb141ff,6bba_afb141ff:28,6bba_afb141ff:115,1,21.0
continuation_conflict,12.0,14.0,p12_d14,6bba_afb141ff,6bba_afb141ff:48,6bba_afb141ff:304,1,67.0
continuation_conflict,12.0,14.0,p12_d14,6bba_d1acb6ff,6bba_d1acb6ff:67,6bba_d1acb6ff:414,1,75.0
continuation_conflict,12.0,14.0,p12_d14,6bba_e16ffc58,6bba_e16ffc58:26,6bba_e16ffc58:331,1,15.0
continuation_conflict,12.0,14.0,p12_d14,6bba_fe670320,6bba_fe670320:0,6bba_fe670320:4,1,1.0
continuation_conflict,12.0,14.0,p12_d14,6bba_fe670320,6bba_fe670320:66,6bba_fe670320:519,1,55.0
candidate_base,12.0,16.0,p12_d16,44b6_2a2eff9f,44b6_2a2eff9f:11,44b6_2a2eff9f:13,0,
candidate_base,12.0,16.0,p12_d16,44b6_587a1e22,44b6_587a1e22:19,44b6_587a1e22:24,1,20.0
candidate_base,12.0,16.0,p12_d16,44b6_5f15d135,44b6_5f15d135:36,44b6_5f15d135:103,1,240.5
candidate_base,12.0,16.0,p12_d16,44b6_74d0c52e,44b6_74d0c52e:58,44b6_74d0c52e:59,0,
candidate_base,12.0,16.0,p12_d16,44b6_996155de,44b6_996155de:19,44b6_996155de:60,1,1.0
candidate_base,12.0,16.0,p12_d16,44b6_9be80b04,44b6_9be80b04:77,44b6_9be80b04:155,1,81.0
candidate_base,12.0,16.0,p12_d16,44b6_aaf8b0ea,44b6_aaf8b0ea:61,44b6_aaf8b0ea:93,1,511.5
candidate_base,12.0,16.0,p12_d16,44b6_c50204e0,44b6_c50204e0:28,44b6_c50204e0:43,1,917.0
candidate_base,12.0,16.0,p12_d16,44b6_c50204e0,44b6_c50204e0:65,44b6_c50204e0:184,1,256.0
candidate_base,12.0,16.0,p12_d16,44b6_d2f34f90,44b6_d2f34f90:51,44b6_d2f34f90:103,1,110.0
candidate_base,12.0,16.0,p12_d16,44b6_d2f34f90,44b6_d2f34f90:62,44b6_d2f34f90:137,1,394.0
candidate_base,12.0,16.0,p12_d16,44b6_d754aa59,44b6_d754aa59:63,44b6_d754aa59:54,1,1.0
candidate_base,12.0,16.0,p12_d16,44b6_deabac95,44b6_deabac95:28,44b6_deabac95:15,1,384.5
candidate_base,12.0,16.0,p12_d16,44b6_eb2880fc,44b6_eb2880fc:72,44b6_eb2880fc:282,0,
candidate_base,12.0,16.0,p12_d16,6bba_05db0fb1,6bba_05db0fb1:24,6bba_05db0fb1:229,1,114.0
candidate_base,12.0,16.0,p12_d16,6bba_05db0fb1,6bba_05db0fb1:62,6bba_05db0fb1:751,1,7778.5
candidate_base,12.0,16.0,p12_d16,6bba_207c6aaf,6bba_207c6aaf:41,6bba_207c6aaf:146,1,2013.0
candidate_base,12.0,16.0,p12_d16,6bba_32db13fc,6bba_32db13fc:5,6bba_32db13fc:115,1,8651.0
candidate_base,12.0,16.0,p12_d16,6bba_474be664,6bba_474be664:63,6bba_474be664:205,1,73.5
candidate_base,12.0,16.0,p12_d16,6bba_5c039895,6bba_5c039895:10,6bba_5c039895:121,1,1.0
candidate_base,12.0,16.0,p12_d16,6bba_5c039895,6bba_5c039895:58,6bba_5c039895:680,1,1.0
candidate_base,12.0,16.0,p12_d16,6bba_705ec2c9,6bba_705ec2c9:42,6bba_705ec2c9:250,1,24.0
candidate_base,12.0,16.0,p12_d16,6bba_7af54fde,6bba_7af54fde:52,6bba_7af54fde:556,0,
candidate_base,12.0,16.0,p12_d16,6bba_7af54fde,6bba_7af54fde:55,6bba_7af54fde:590,1,212.0
candidate_base,12.0,16.0,p12_d16,6bba_907271db,6bba_907271db:96,6bba_907271db:902,1,1.0
candidate_base,12.0,16.0,p12_d16,6bba_afb141ff,6bba_afb141ff:28,6bba_afb141ff:115,1,48.0
candidate_base,12.0,16.0,p12_d16,6bba_afb141ff,6bba_afb141ff:48,6bba_afb141ff:304,1,87.0
candidate_base,12.0,16.0,p12_d16,6bba_d1acb6ff,6bba_d1acb6ff:67,6bba_d1acb6ff:414,1,122.0
candidate_base,12.0,16.0,p12_d16,6bba_e16ffc58,6bba_e16ffc58:26,6bba_e16ffc58:331,1,12.0
candidate_base,12.0,16.0,p12_d16,6bba_fe670320,6bba_fe670320:0,6bba_fe670320:4,1,1.0
candidate_base,12.0,16.0,p12_d16,6bba_fe670320,6bba_fe670320:66,6bba_fe670320:519,1,7.0
continuation_conflict,12.0,16.0,p12_d16,44b6_2a2eff9f,44b6_2a2eff9f:11,44b6_2a2eff9f:13,0,
continuation_conflict,12.0,16.0,p12_d16,44b6_587a1e22,44b6_587a1e22:19,44b6_587a1e22:24,1,200.0
continuation_conflict,12.0,16.0,p12_d16,44b6_5f15d135,44b6_5f15d135:36,44b6_5f15d135:103,1,528.0
continuation_conflict,12.0,16.0,p12_d16,44b6_74d0c52e,44b6_74d0c52e:58,44b6_74d0c52e:59,0,
continuation_conflict,12.0,16.0,p12_d16,44b6_996155de,44b6_996155de:19,44b6_996155de:60,1,1.0
continuation_conflict,12.0,16.0,p12_d16,44b6_9be80b04,44b6_9be80b04:77,44b6_9be80b04:155,1,195.0
continuation_conflict,12.0,16.0,p12_d16,44b6_aaf8b0ea,44b6_aaf8b0ea:61,44b6_aaf8b0ea:93,1,1056.0
continuation_conflict,12.0,16.0,p12_d16,44b6_c50204e0,44b6_c50204e0:28,44b6_c50204e0:43,1,1576.0
continuation_conflict,12.0,16.0,p12_d16,44b6_c50204e0,44b6_c50204e0:65,44b6_c50204e0:184,1,157.0
continuation_conflict,12.0,16.0,p12_d16,44b6_d2f34f90,44b6_d2f34f90:51,44b6_d2f34f90:103,1,116.0
continuation_conflict,12.0,16.0,p12_d16,44b6_d2f34f90,44b6_d2f34f90:62,44b6_d2f34f90:137,1,483.0
continuation_conflict,12.0,16.0,p12_d16,44b6_d754aa59,44b6_d754aa59:63,44b6_d754aa59:54,1,1.0
continuation_conflict,12.0,16.0,p12_d16,44b6_deabac95,44b6_deabac95:28,44b6_deabac95:15,1,607.0
continuation_conflict,12.0,16.0,p12_d16,44b6_eb2880fc,44b6_eb2880fc:72,44b6_eb2880fc:282,0,
continuation_conflict,12.0,16.0,p12_d16,6bba_05db0fb1,6bba_05db0fb1:24,6bba_05db0fb1:229,1,2.0
continuation_conflict,12.0,16.0,p12_d16,6bba_05db0fb1,6bba_05db0fb1:62,6bba_05db0fb1:751,1,2378.0
continuation_conflict,12.0,16.0,p12_d16,6bba_207c6aaf,6bba_207c6aaf:41,6bba_207c6aaf:146,1,441.0
continuation_conflict,12.0,16.0,p12_d16,6bba_32db13fc,6bba_32db13fc:5,6bba_32db13fc:115,1,8054.0
continuation_conflict,12.0,16.0,p12_d16,6bba_474be664,6bba_474be664:63,6bba_474be664:205,1,27.0
continuation_conflict,12.0,16.0,p12_d16,6bba_5c039895,6bba_5c039895:10,6bba_5c039895:121,1,22.0
continuation_conflict,12.0,16.0,p12_d16,6bba_5c039895,6bba_5c039895:58,6bba_5c039895:680,1,6.0
continuation_conflict,12.0,16.0,p12_d16,6bba_705ec2c9,6bba_705ec2c9:42,6bba_705ec2c9:250,1,31.0
continuation_conflict,12.0,16.0,p12_d16,6bba_7af54fde,6bba_7af54fde:52,6bba_7af54fde:556,0,
continuation_conflict,12.0,16.0,p12_d16,6bba_7af54fde,6bba_7af54fde:55,6bba_7af54fde:590,1,159.0
continuation_conflict,12.0,16.0,p12_d16,6bba_907271db,6bba_907271db:96,6bba_907271db:902,1,1.0
continuation_conflict,12.0,16.0,p12_d16,6bba_afb141ff,6bba_afb141ff:28,6bba_afb141ff:115,1,23.0
continuation_conflict,12.0,16.0,p12_d16,6bba_afb141ff,6bba_afb141ff:48,6bba_afb141ff:304,1,73.0
continuation_conflict,12.0,16.0,p12_d16,6bba_d1acb6ff,6bba_d1acb6ff:67,6bba_d1acb6ff:414,1,92.0
continuation_conflict,12.0,16.0,p12_d16,6bba_e16ffc58,6bba_e16ffc58:26,6bba_e16ffc58:331,1,19.0
continuation_conflict,12.0,16.0,p12_d16,6bba_fe670320,6bba_fe670320:0,6bba_fe670320:4,1,1.0
continuation_conflict,12.0,16.0,p12_d16,6bba_fe670320,6bba_fe670320:66,6bba_fe670320:519,1,66.0
candidate_base,12.0,20.0,p12_d20,44b6_2a2eff9f,44b6_2a2eff9f:11,44b6_2a2eff9f:13,0,
candidate_base,12.0,20.0,p12_d20,44b6_587a1e22,44b6_587a1e22:19,44b6_587a1e22:24,1,191.0
candidate_base,12.0,20.0,p12_d20,44b6_5f15d135,44b6_5f15d135:36,44b6_5f15d135:103,1,688.5
candidate_base,12.0,20.0,p12_d20,44b6_74d0c52e,44b6_74d0c52e:58,44b6_74d0c52e:59,0,
candidate_base,12.0,20.0,p12_d20,44b6_996155de,44b6_996155de:19,44b6_996155de:60,1,10.0
candidate_base,12.0,20.0,p12_d20,44b6_9be80b04,44b6_9be80b04:77,44b6_9be80b04:155,1,425.0
candidate_base,12.0,20.0,p12_d20,44b6_aaf8b0ea,44b6_aaf8b0ea:61,44b6_aaf8b0ea:93,1,699.5
candidate_base,12.0,20.0,p12_d20,44b6_c50204e0,44b6_c50204e0:28,44b6_c50204e0:43,1,2180.0
candidate_base,12.0,20.0,p12_d20,44b6_c50204e0,44b6_c50204e0:65,44b6_c50204e0:184,1,1173.0
candidate_base,12.0,20.0,p12_d20,44b6_d2f34f90,44b6_d2f34f90:51,44b6_d2f34f90:103,1,368.0
candidate_base,12.0,20.0,p12_d20,44b6_d2f34f90,44b6_d2f34f90:62,44b6_d2f34f90:137,1,810.0
candidate_base,12.0,20.0,p12_d20,44b6_d754aa59,44b6_d754aa59:63,44b6_d754aa59:54,1,1.0
candidate_base,12.0,20.0,p12_d20,44b6_deabac95,44b6_deabac95:28,44b6_deabac95:15,1,735.5
candidate_base,12.0,20.0,p12_d20,44b6_eb2880fc,44b6_eb2880fc:72,44b6_eb2880fc:282,0,
candidate_base,12.0,20.0,p12_d20,6bba_05db0fb1,6bba_05db0fb1:24,6bba_05db0fb1:229,1,1234.0
candidate_base,12.0,20.0,p12_d20,6bba_05db0fb1,6bba_05db0fb1:62,6bba_05db0fb1:751,1,11631.5
candidate_base,12.0,20.0,p12_d20,6bba_207c6aaf,6bba_207c6aaf:41,6bba_207c6aaf:146,1,2818.0
candidate_base,12.0,20.0,p12_d20,6bba_32db13fc,6bba_32db13fc:5,6bba_32db13fc:115,1,11972.0
candidate_base,12.0,20.0,p12_d20,6bba_474be664,6bba_474be664:63,6bba_474be664:205,1,381.5
candidate_base,12.0,20.0,p12_d20,6bba_5c039895,6bba_5c039895:10,6bba_5c039895:121,1,17.0
candidate_base,12.0,20.0,p12_d20,6bba_5c039895,6bba_5c039895:58,6bba_5c039895:680,1,7.0
candidate_base,12.0,20.0,p12_d20,6bba_705ec2c9,6bba_705ec2c9:42,6bba_705ec2c9:250,1,35.0
candidate_base,12.0,20.0,p12_d20,6bba_7af54fde,6bba_7af54fde:52,6bba_7af54fde:556,0,
candidate_base,12.0,20.0,p12_d20,6bba_7af54fde,6bba_7af54fde:55,6bba_7af54fde:590,1,265.0
candidate_base,12.0,20.0,p12_d20,6bba_907271db,6bba_907271db:96,6bba_907271db:902,1,1.0
candidate_base,12.0,20.0,p12_d20,6bba_afb141ff,6bba_afb141ff:28,6bba_afb141ff:115,1,66.0
candidate_base,12.0,20.0,p12_d20,6bba_afb141ff,6bba_afb141ff:48,6bba_afb141ff:304,1,99.0
candidate_base,12.0,20.0,p12_d20,6bba_d1acb6ff,6bba_d1acb6ff:67,6bba_d1acb6ff:414,1,232.0
candidate_base,12.0,20.0,p12_d20,6bba_e16ffc58,6bba_e16ffc58:26,6bba_e16ffc58:331,1,17.0
candidate_base,12.0,20.0,p12_d20,6bba_fe670320,6bba_fe670320:0,6bba_fe670320:4,1,1.0
candidate_base,12.0,20.0,p12_d20,6bba_fe670320,6bba_fe670320:66,6bba_fe670320:519,1,37.0
continuation_conflict,12.0,20.0,p12_d20,44b6_2a2eff9f,44b6_2a2eff9f:11,44b6_2a2eff9f:13,0,
continuation_conflict,12.0,20.0,p12_d20,44b6_587a1e22,44b6_587a1e22:19,44b6_587a1e22:24,1,205.0
continuation_conflict,12.0,20.0,p12_d20,44b6_5f15d135,44b6_5f15d135:36,44b6_5f15d135:103,1,799.0
continuation_conflict,12.0,20.0,p12_d20,44b6_74d0c52e,44b6_74d0c52e:58,44b6_74d0c52e:59,0,
continuation_conflict,12.0,20.0,p12_d20,44b6_996155de,44b6_996155de:19,44b6_996155de:60,1,1.0
continuation_conflict,12.0,20.0,p12_d20,44b6_9be80b04,44b6_9be80b04:77,44b6_9be80b04:155,1,288.0
continuation_conflict,12.0,20.0,p12_d20,44b6_aaf8b0ea,44b6_aaf8b0ea:61,44b6_aaf8b0ea:93,1,1488.0
continuation_conflict,12.0,20.0,p12_d20,44b6_c50204e0,44b6_c50204e0:28,44b6_c50204e0:43,1,2281.0
continuation_conflict,12.0,20.0,p12_d20,44b6_c50204e0,44b6_c50204e0:65,44b6_c50204e0:184,1,210.0
continuation_conflict,12.0,20.0,p12_d20,44b6_d2f34f90,44b6_d2f34f90:51,44b6_d2f34f90:103,1,194.0
continuation_conflict,12.0,20.0,p12_d20,44b6_d2f34f90,44b6_d2f34f90:62,44b6_d2f34f90:137,1,750.0
continuation_conflict,12.0,20.0,p12_d20,44b6_d754aa59,44b6_d754aa59:63,44b6_d754aa59:54,1,1.0
continuation_conflict,12.0,20.0,p12_d20,44b6_deabac95,44b6_deabac95:28,44b6_deabac95:15,1,834.0
continuation_conflict,12.0,20.0,p12_d20,44b6_eb2880fc,44b6_eb2880fc:72,44b6_eb2880fc:282,0,
continuation_conflict,12.0,20.0,p12_d20,6bba_05db0fb1,6bba_05db0fb1:24,6bba_05db0fb1:229,1,8.0
continuation_conflict,12.0,20.0,p12_d20,6bba_05db0fb1,6bba_05db0fb1:62,6bba_05db0fb1:751,1,3393.0
continuation_conflict,12.0,20.0,p12_d20,6bba_207c6aaf,6bba_207c6aaf:41,6bba_207c6aaf:146,1,620.0
continuation_conflict,12.0,20.0,p12_d20,6bba_32db13fc,6bba_32db13fc:5,6bba_32db13fc:115,1,10787.0
continuation_conflict,12.0,20.0,p12_d20,6bba_474be664,6bba_474be664:63,6bba_474be664:205,1,36.0
continuation_conflict,12.0,20.0,p12_d20,6bba_5c039895,6bba_5c039895:10,6bba_5c039895:121,1,23.0
continuation_conflict,12.0,20.0,p12_d20,6bba_5c039895,6bba_5c039895:58,6bba_5c039895:680,1,7.0
continuation_conflict,12.0,20.0,p12_d20,6bba_705ec2c9,6bba_705ec2c9:42,6bba_705ec2c9:250,1,42.0
continuation_conflict,12.0,20.0,p12_d20,6bba_7af54fde,6bba_7af54fde:52,6bba_7af54fde:556,0,
continuation_conflict,12.0,20.0,p12_d20,6bba_7af54fde,6bba_7af54fde:55,6bba_7af54fde:590,1,201.0
continuation_conflict,12.0,20.0,p12_d20,6bba_907271db,6bba_907271db:96,6bba_907271db:902,1,1.0
continuation_conflict,12.0,20.0,p12_d20,6bba_afb141ff,6bba_afb141ff:28,6bba_afb141ff:115,1,36.0
continuation_conflict,12.0,20.0,p12_d20,6bba_afb141ff,6bba_afb141ff:48,6bba_afb141ff:304,1,83.0
continuation_conflict,12.0,20.0,p12_d20,6bba_d1acb6ff,6bba_d1acb6ff:67,6bba_d1acb6ff:414,1,112.0
continuation_conflict,12.0,20.0,p12_d20,6bba_e16ffc58,6bba_e16ffc58:26,6bba_e16ffc58:331,1,22.0
continuation_conflict,12.0,20.0,p12_d20,6bba_fe670320,6bba_fe670320:0,6bba_fe670320:4,1,1.0
continuation_conflict,12.0,20.0,p12_d20,6bba_fe670320,6bba_fe670320:66,6bba_fe670320:519,1,88.0
candidate_base,14.0,10.0,p14_d10,44b6_2a2eff9f,44b6_2a2eff9f:11,44b6_2a2eff9f:13,0,
candidate_base,14.0,10.0,p14_d10,44b6_587a1e22,44b6_587a1e22:19,44b6_587a1e22:24,0,
candidate_base,14.0,10.0,p14_d10,44b6_5f15d135,44b6_5f15d135:36,44b6_5f15d135:103,0,
candidate_base,14.0,10.0,p14_d10,44b6_74d0c52e,44b6_74d0c52e:58,44b6_74d0c52e:59,0,
candidate_base,14.0,10.0,p14_d10,44b6_996155de,44b6_996155de:19,44b6_996155de:60,1,1.0
candidate_base,14.0,10.0,p14_d10,44b6_9be80b04,44b6_9be80b04:77,44b6_9be80b04:155,1,6.0
candidate_base,14.0,10.0,p14_d10,44b6_aaf8b0ea,44b6_aaf8b0ea:61,44b6_aaf8b0ea:93,1,152.5
candidate_base,14.0,10.0,p14_d10,44b6_c50204e0,44b6_c50204e0:28,44b6_c50204e0:43,1,145.0
candidate_base,14.0,10.0,p14_d10,44b6_c50204e0,44b6_c50204e0:65,44b6_c50204e0:184,1,9.0
candidate_base,14.0,10.0,p14_d10,44b6_d2f34f90,44b6_d2f34f90:51,44b6_d2f34f90:103,1,12.0
candidate_base,14.0,10.0,p14_d10,44b6_d2f34f90,44b6_d2f34f90:62,44b6_d2f34f90:137,1,61.0
candidate_base,14.0,10.0,p14_d10,44b6_d754aa59,44b6_d754aa59:63,44b6_d754aa59:54,0,
candidate_base,14.0,10.0,p14_d10,44b6_deabac95,44b6_deabac95:28,44b6_deabac95:15,0,
candidate_base,14.0,10.0,p14_d10,44b6_eb2880fc,44b6_eb2880fc:72,44b6_eb2880fc:282,0,
candidate_base,14.0,10.0,p14_d10,6bba_05db0fb1,6bba_05db0fb1:24,6bba_05db0fb1:229,0,
candidate_base,14.0,10.0,p14_d10,6bba_05db0fb1,6bba_05db0fb1:62,6bba_05db0fb1:751,1,1956.5
candidate_base,14.0,10.0,p14_d10,6bba_207c6aaf,6bba_207c6aaf:41,6bba_207c6aaf:146,0,
candidate_base,14.0,10.0,p14_d10,6bba_32db13fc,6bba_32db13fc:5,6bba_32db13fc:115,0,
candidate_base,14.0,10.0,p14_d10,6bba_474be664,6bba_474be664:63,6bba_474be664:205,0,
candidate_base,14.0,10.0,p14_d10,6bba_5c039895,6bba_5c039895:10,6bba_5c039895:121,1,1.0
candidate_base,14.0,10.0,p14_d10,6bba_5c039895,6bba_5c039895:58,6bba_5c039895:680,0,
candidate_base,14.0,10.0,p14_d10,6bba_705ec2c9,6bba_705ec2c9:42,6bba_705ec2c9:250,0,
candidate_base,14.0,10.0,p14_d10,6bba_7af54fde,6bba_7af54fde:52,6bba_7af54fde:556,0,
candidate_base,14.0,10.0,p14_d10,6bba_7af54fde,6bba_7af54fde:55,6bba_7af54fde:590,0,
candidate_base,14.0,10.0,p14_d10,6bba_907271db,6bba_907271db:96,6bba_907271db:902,0,
candidate_base,14.0,10.0,p14_d10,6bba_afb141ff,6bba_afb141ff:28,6bba_afb141ff:115,0,
candidate_base,14.0,10.0,p14_d10,6bba_afb141ff,6bba_afb141ff:48,6bba_afb141ff:304,1,31.0
candidate_base,14.0,10.0,p14_d10,6bba_d1acb6ff,6bba_d1acb6ff:67,6bba_d1acb6ff:414,1,30.0
candidate_base,14.0,10.0,p14_d10,6bba_e16ffc58,6bba_e16ffc58:26,6bba_e16ffc58:331,0,
candidate_base,14.0,10.0,p14_d10,6bba_fe670320,6bba_fe670320:0,6bba_fe670320:4,0,
candidate_base,14.0,10.0,p14_d10,6bba_fe670320,6bba_fe670320:66,6bba_fe670320:519,0,
continuation_conflict,14.0,10.0,p14_d10,44b6_2a2eff9f,44b6_2a2eff9f:11,44b6_2a2eff9f:13,0,
continuation_conflict,14.0,10.0,p14_d10,44b6_587a1e22,44b6_587a1e22:19,44b6_587a1e22:24,0,
continuation_conflict,14.0,10.0,p14_d10,44b6_5f15d135,44b6_5f15d135:36,44b6_5f15d135:103,0,
continuation_conflict,14.0,10.0,p14_d10,44b6_74d0c52e,44b6_74d0c52e:58,44b6_74d0c52e:59,0,
continuation_conflict,14.0,10.0,p14_d10,44b6_996155de,44b6_996155de:19,44b6_996155de:60,1,1.0
continuation_conflict,14.0,10.0,p14_d10,44b6_9be80b04,44b6_9be80b04:77,44b6_9be80b04:155,1,64.0
continuation_conflict,14.0,10.0,p14_d10,44b6_aaf8b0ea,44b6_aaf8b0ea:61,44b6_aaf8b0ea:93,1,318.0
continuation_conflict,14.0,10.0,p14_d10,44b6_c50204e0,44b6_c50204e0:28,44b6_c50204e0:43,1,519.0
continuation_conflict,14.0,10.0,p14_d10,44b6_c50204e0,44b6_c50204e0:65,44b6_c50204e0:184,1,23.0
continuation_conflict,14.0,10.0,p14_d10,44b6_d2f34f90,44b6_d2f34f90:51,44b6_d2f34f90:103,1,30.0
continuation_conflict,14.0,10.0,p14_d10,44b6_d2f34f90,44b6_d2f34f90:62,44b6_d2f34f90:137,1,176.0
continuation_conflict,14.0,10.0,p14_d10,44b6_d754aa59,44b6_d754aa59:63,44b6_d754aa59:54,0,
continuation_conflict,14.0,10.0,p14_d10,44b6_deabac95,44b6_deabac95:28,44b6_deabac95:15,0,
continuation_conflict,14.0,10.0,p14_d10,44b6_eb2880fc,44b6_eb2880fc:72,44b6_eb2880fc:282,0,
continuation_conflict,14.0,10.0,p14_d10,6bba_05db0fb1,6bba_05db0fb1:24,6bba_05db0fb1:229,0,
continuation_conflict,14.0,10.0,p14_d10,6bba_05db0fb1,6bba_05db0fb1:62,6bba_05db0fb1:751,1,867.0
continuation_conflict,14.0,10.0,p14_d10,6bba_207c6aaf,6bba_207c6aaf:41,6bba_207c6aaf:146,0,
continuation_conflict,14.0,10.0,p14_d10,6bba_32db13fc,6bba_32db13fc:5,6bba_32db13fc:115,0,
continuation_conflict,14.0,10.0,p14_d10,6bba_474be664,6bba_474be664:63,6bba_474be664:205,0,
continuation_conflict,14.0,10.0,p14_d10,6bba_5c039895,6bba_5c039895:10,6bba_5c039895:121,1,4.0
continuation_conflict,14.0,10.0,p14_d10,6bba_5c039895,6bba_5c039895:58,6bba_5c039895:680,0,
continuation_conflict,14.0,10.0,p14_d10,6bba_705ec2c9,6bba_705ec2c9:42,6bba_705ec2c9:250,0,
continuation_conflict,14.0,10.0,p14_d10,6bba_7af54fde,6bba_7af54fde:52,6bba_7af54fde:556,0,
continuation_conflict,14.0,10.0,p14_d10,6bba_7af54fde,6bba_7af54fde:55,6bba_7af54fde:590,0,
continuation_conflict,14.0,10.0,p14_d10,6bba_907271db,6bba_907271db:96,6bba_907271db:902,0,
continuation_conflict,14.0,10.0,p14_d10,6bba_afb141ff,6bba_afb141ff:28,6bba_afb141ff:115,0,
continuation_conflict,14.0,10.0,p14_d10,6bba_afb141ff,6bba_afb141ff:48,6bba_afb141ff:304,1,25.0
continuation_conflict,14.0,10.0,p14_d10,6bba_d1acb6ff,6bba_d1acb6ff:67,6bba_d1acb6ff:414,1,22.0
continuation_conflict,14.0,10.0,p14_d10,6bba_e16ffc58,6bba_e16ffc58:26,6bba_e16ffc58:331,0,
continuation_conflict,14.0,10.0,p14_d10,6bba_fe670320,6bba_fe670320:0,6bba_fe670320:4,0,
continuation_conflict,14.0,10.0,p14_d10,6bba_fe670320,6bba_fe670320:66,6bba_fe670320:519,0,
candidate_base,14.0,12.0,p14_d12,44b6_2a2eff9f,44b6_2a2eff9f:11,44b6_2a2eff9f:13,0,
candidate_base,14.0,12.0,p14_d12,44b6_587a1e22,44b6_587a1e22:19,44b6_587a1e22:24,0,
candidate_base,14.0,12.0,p14_d12,44b6_5f15d135,44b6_5f15d135:36,44b6_5f15d135:103,1,56.5
candidate_base,14.0,12.0,p14_d12,44b6_74d0c52e,44b6_74d0c52e:58,44b6_74d0c52e:59,0,
candidate_base,14.0,12.0,p14_d12,44b6_996155de,44b6_996155de:19,44b6_996155de:60,1,1.0
candidate_base,14.0,12.0,p14_d12,44b6_9be80b04,44b6_9be80b04:77,44b6_9be80b04:155,1,11.0
candidate_base,14.0,12.0,p14_d12,44b6_aaf8b0ea,44b6_aaf8b0ea:61,44b6_aaf8b0ea:93,1,304.5
candidate_base,14.0,12.0,p14_d12,44b6_c50204e0,44b6_c50204e0:28,44b6_c50204e0:43,1,290.0
candidate_base,14.0,12.0,p14_d12,44b6_c50204e0,44b6_c50204e0:65,44b6_c50204e0:184,1,29.0
candidate_base,14.0,12.0,p14_d12,44b6_d2f34f90,44b6_d2f34f90:51,44b6_d2f34f90:103,1,25.0
candidate_base,14.0,12.0,p14_d12,44b6_d2f34f90,44b6_d2f34f90:62,44b6_d2f34f90:137,1,117.0
candidate_base,14.0,12.0,p14_d12,44b6_d754aa59,44b6_d754aa59:63,44b6_d754aa59:54,0,
candidate_base,14.0,12.0,p14_d12,44b6_deabac95,44b6_deabac95:28,44b6_deabac95:15,1,141.5
candidate_base,14.0,12.0,p14_d12,44b6_eb2880fc,44b6_eb2880fc:72,44b6_eb2880fc:282,0,
candidate_base,14.0,12.0,p14_d12,6bba_05db0fb1,6bba_05db0fb1:24,6bba_05db0fb1:229,0,
candidate_base,14.0,12.0,p14_d12,6bba_05db0fb1,6bba_05db0fb1:62,6bba_05db0fb1:751,1,3726.5
candidate_base,14.0,12.0,p14_d12,6bba_207c6aaf,6bba_207c6aaf:41,6bba_207c6aaf:146,1,908.0
candidate_base,14.0,12.0,p14_d12,6bba_32db13fc,6bba_32db13fc:5,6bba_32db13fc:115,1,8586.0
candidate_base,14.0,12.0,p14_d12,6bba_474be664,6bba_474be664:63,6bba_474be664:205,1,4.5
candidate_base,14.0,12.0,p14_d12,6bba_5c039895,6bba_5c039895:10,6bba_5c039895:121,1,1.0
candidate_base,14.0,12.0,p14_d12,6bba_5c039895,6bba_5c039895:58,6bba_5c039895:680,0,
candidate_base,14.0,12.0,p14_d12,6bba_705ec2c9,6bba_705ec2c9:42,6bba_705ec2c9:250,1,10.0
candidate_base,14.0,12.0,p14_d12,6bba_7af54fde,6bba_7af54fde:52,6bba_7af54fde:556,0,
candidate_base,14.0,12.0,p14_d12,6bba_7af54fde,6bba_7af54fde:55,6bba_7af54fde:590,1,192.0
candidate_base,14.0,12.0,p14_d12,6bba_907271db,6bba_907271db:96,6bba_907271db:902,0,
candidate_base,14.0,12.0,p14_d12,6bba_afb141ff,6bba_afb141ff:28,6bba_afb141ff:115,0,
candidate_base,14.0,12.0,p14_d12,6bba_afb141ff,6bba_afb141ff:48,6bba_afb141ff:304,1,66.0
candidate_base,14.0,12.0,p14_d12,6bba_d1acb6ff,6bba_d1acb6ff:67,6bba_d1acb6ff:414,1,49.0
candidate_base,14.0,12.0,p14_d12,6bba_e16ffc58,6bba_e16ffc58:26,6bba_e16ffc58:331,1,9.0
candidate_base,14.0,12.0,p14_d12,6bba_fe670320,6bba_fe670320:0,6bba_fe670320:4,0,
candidate_base,14.0,12.0,p14_d12,6bba_fe670320,6bba_fe670320:66,6bba_fe670320:519,0,
continuation_conflict,14.0,12.0,p14_d12,44b6_2a2eff9f,44b6_2a2eff9f:11,44b6_2a2eff9f:13,0,
continuation_conflict,14.0,12.0,p14_d12,44b6_587a1e22,44b6_587a1e22:19,44b6_587a1e22:24,0,
continuation_conflict,14.0,12.0,p14_d12,44b6_5f15d135,44b6_5f15d135:36,44b6_5f15d135:103,1,365.0
continuation_conflict,14.0,12.0,p14_d12,44b6_74d0c52e,44b6_74d0c52e:58,44b6_74d0c52e:59,0,
continuation_conflict,14.0,12.0,p14_d12,44b6_996155de,44b6_996155de:19,44b6_996155de:60,1,1.0
continuation_conflict,14.0,12.0,p14_d12,44b6_9be80b04,44b6_9be80b04:77,44b6_9be80b04:155,1,138.0
continuation_conflict,14.0,12.0,p14_d12,44b6_aaf8b0ea,44b6_aaf8b0ea:61,44b6_aaf8b0ea:93,1,636.0
continuation_conflict,14.0,12.0,p14_d12,44b6_c50204e0,44b6_c50204e0:28,44b6_c50204e0:43,1,1082.0
continuation_conflict,14.0,12.0,p14_d12,44b6_c50204e0,44b6_c50204e0:65,44b6_c50204e0:184,1,68.0
continuation_conflict,14.0,12.0,p14_d12,44b6_d2f34f90,44b6_d2f34f90:51,44b6_d2f34f90:103,1,80.0
continuation_conflict,14.0,12.0,p14_d12,44b6_d2f34f90,44b6_d2f34f90:62,44b6_d2f34f90:137,1,364.0
continuation_conflict,14.0,12.0,p14_d12,44b6_d754aa59,44b6_d754aa59:63,44b6_d754aa59:54,0,
continuation_conflict,14.0,12.0,p14_d12,44b6_deabac95,44b6_deabac95:28,44b6_deabac95:15,1,436.0
continuation_conflict,14.0,12.0,p14_d12,44b6_eb2880fc,44b6_eb2880fc:72,44b6_eb2880fc:282,0,
continuation_conflict,14.0,12.0,p14_d12,6bba_05db0fb1,6bba_05db0fb1:24,6bba_05db0fb1:229,0,
continuation_conflict,14.0,12.0,p14_d12,6bba_05db0fb1,6bba_05db0fb1:62,6bba_05db0fb1:751,1,1822.0
continuation_conflict,14.0,12.0,p14_d12,6bba_207c6aaf,6bba_207c6aaf:41,6bba_207c6aaf:146,1,263.0
continuation_conflict,14.0,12.0,p14_d12,6bba_32db13fc,6bba_32db13fc:5,6bba_32db13fc:115,1,5732.0
continuation_conflict,14.0,12.0,p14_d12,6bba_474be664,6bba_474be664:63,6bba_474be664:205,1,13.0
continuation_conflict,14.0,12.0,p14_d12,6bba_5c039895,6bba_5c039895:10,6bba_5c039895:121,1,12.0
continuation_conflict,14.0,12.0,p14_d12,6bba_5c039895,6bba_5c039895:58,6bba_5c039895:680,0,
continuation_conflict,14.0,12.0,p14_d12,6bba_705ec2c9,6bba_705ec2c9:42,6bba_705ec2c9:250,1,19.0
continuation_conflict,14.0,12.0,p14_d12,6bba_7af54fde,6bba_7af54fde:52,6bba_7af54fde:556,0,
continuation_conflict,14.0,12.0,p14_d12,6bba_7af54fde,6bba_7af54fde:55,6bba_7af54fde:590,1,121.0
continuation_conflict,14.0,12.0,p14_d12,6bba_907271db,6bba_907271db:96,6bba_907271db:902,0,
continuation_conflict,14.0,12.0,p14_d12,6bba_afb141ff,6bba_afb141ff:28,6bba_afb141ff:115,0,
continuation_conflict,14.0,12.0,p14_d12,6bba_afb141ff,6bba_afb141ff:48,6bba_afb141ff:304,1,55.0
continuation_conflict,14.0,12.0,p14_d12,6bba_d1acb6ff,6bba_d1acb6ff:67,6bba_d1acb6ff:414,1,54.0
continuation_conflict,14.0,12.0,p14_d12,6bba_e16ffc58,6bba_e16ffc58:26,6bba_e16ffc58:331,1,11.0
continuation_conflict,14.0,12.0,p14_d12,6bba_fe670320,6bba_fe670320:0,6bba_fe670320:4,0,
continuation_conflict,14.0,12.0,p14_d12,6bba_fe670320,6bba_fe670320:66,6bba_fe670320:519,0,
candidate_base,14.0,14.0,p14_d14,44b6_2a2eff9f,44b6_2a2eff9f:11,44b6_2a2eff9f:13,1,3357.5
candidate_base,14.0,14.0,p14_d14,44b6_587a1e22,44b6_587a1e22:19,44b6_587a1e22:24,0,
candidate_base,14.0,14.0,p14_d14,44b6_5f15d135,44b6_5f15d135:36,44b6_5f15d135:103,1,114.5
candidate_base,14.0,14.0,p14_d14,44b6_74d0c52e,44b6_74d0c52e:58,44b6_74d0c52e:59,1,291.0
candidate_base,14.0,14.0,p14_d14,44b6_996155de,44b6_996155de:19,44b6_996155de:60,1,1.0
candidate_base,14.0,14.0,p14_d14,44b6_9be80b04,44b6_9be80b04:77,44b6_9be80b04:155,1,35.0
candidate_base,14.0,14.0,p14_d14,44b6_aaf8b0ea,44b6_aaf8b0ea:61,44b6_aaf8b0ea:93,1,487.5
candidate_base,14.0,14.0,p14_d14,44b6_c50204e0,44b6_c50204e0:28,44b6_c50204e0:43,1,492.0
candidate_base,14.0,14.0,p14_d14,44b6_c50204e0,44b6_c50204e0:65,44b6_c50204e0:184,1,88.0
candidate_base,14.0,14.0,p14_d14,44b6_d2f34f90,44b6_d2f34f90:51,44b6_d2f34f90:103,1,53.0
candidate_base,14.0,14.0,p14_d14,44b6_d2f34f90,44b6_d2f34f90:62,44b6_d2f34f90:137,1,237.0
candidate_base,14.0,14.0,p14_d14,44b6_d754aa59,44b6_d754aa59:63,44b6_d754aa59:54,1,1.0
candidate_base,14.0,14.0,p14_d14,44b6_deabac95,44b6_deabac95:28,44b6_deabac95:15,1,230.5
candidate_base,14.0,14.0,p14_d14,44b6_eb2880fc,44b6_eb2880fc:72,44b6_eb2880fc:282,0,
candidate_base,14.0,14.0,p14_d14,6bba_05db0fb1,6bba_05db0fb1:24,6bba_05db0fb1:229,1,24.0
candidate_base,14.0,14.0,p14_d14,6bba_05db0fb1,6bba_05db0fb1:62,6bba_05db0fb1:751,1,6075.5
candidate_base,14.0,14.0,p14_d14,6bba_207c6aaf,6bba_207c6aaf:41,6bba_207c6aaf:146,1,1525.0
candidate_base,14.0,14.0,p14_d14,6bba_32db13fc,6bba_32db13fc:5,6bba_32db13fc:115,1,12773.0
candidate_base,14.0,14.0,p14_d14,6bba_474be664,6bba_474be664:63,6bba_474be664:205,1,23.5
candidate_base,14.0,14.0,p14_d14,6bba_5c039895,6bba_5c039895:10,6bba_5c039895:121,1,1.0
candidate_base,14.0,14.0,p14_d14,6bba_5c039895,6bba_5c039895:58,6bba_5c039895:680,1,1.0
candidate_base,14.0,14.0,p14_d14,6bba_705ec2c9,6bba_705ec2c9:42,6bba_705ec2c9:250,1,16.0
candidate_base,14.0,14.0,p14_d14,6bba_7af54fde,6bba_7af54fde:52,6bba_7af54fde:556,0,
candidate_base,14.0,14.0,p14_d14,6bba_7af54fde,6bba_7af54fde:55,6bba_7af54fde:590,1,292.0
candidate_base,14.0,14.0,p14_d14,6bba_907271db,6bba_907271db:96,6bba_907271db:902,1,1.0
candidate_base,14.0,14.0,p14_d14,6bba_afb141ff,6bba_afb141ff:28,6bba_afb141ff:115,1,42.0
candidate_base,14.0,14.0,p14_d14,6bba_afb141ff,6bba_afb141ff:48,6bba_afb141ff:304,1,93.0
candidate_base,14.0,14.0,p14_d14,6bba_d1acb6ff,6bba_d1acb6ff:67,6bba_d1acb6ff:414,1,82.0
candidate_base,14.0,14.0,p14_d14,6bba_e16ffc58,6bba_e16ffc58:26,6bba_e16ffc58:331,1,11.0
candidate_base,14.0,14.0,p14_d14,6bba_fe670320,6bba_fe670320:0,6bba_fe670320:4,1,1.0
candidate_base,14.0,14.0,p14_d14,6bba_fe670320,6bba_fe670320:66,6bba_fe670320:519,1,2.0
continuation_conflict,14.0,14.0,p14_d14,44b6_2a2eff9f,44b6_2a2eff9f:11,44b6_2a2eff9f:13,1,294.0
continuation_conflict,14.0,14.0,p14_d14,44b6_587a1e22,44b6_587a1e22:19,44b6_587a1e22:24,0,
continuation_conflict,14.0,14.0,p14_d14,44b6_5f15d135,44b6_5f15d135:36,44b6_5f15d135:103,1,560.0
continuation_conflict,14.0,14.0,p14_d14,44b6_74d0c52e,44b6_74d0c52e:58,44b6_74d0c52e:59,1,132.0
continuation_conflict,14.0,14.0,p14_d14,44b6_996155de,44b6_996155de:19,44b6_996155de:60,1,1.0
continuation_conflict,14.0,14.0,p14_d14,44b6_9be80b04,44b6_9be80b04:77,44b6_9be80b04:155,1,203.0
continuation_conflict,14.0,14.0,p14_d14,44b6_aaf8b0ea,44b6_aaf8b0ea:61,44b6_aaf8b0ea:93,1,1022.0
continuation_conflict,14.0,14.0,p14_d14,44b6_c50204e0,44b6_c50204e0:28,44b6_c50204e0:43,1,1673.0
continuation_conflict,14.0,14.0,p14_d14,44b6_c50204e0,44b6_c50204e0:65,44b6_c50204e0:184,1,126.0
continuation_conflict,14.0,14.0,p14_d14,44b6_d2f34f90,44b6_d2f34f90:51,44b6_d2f34f90:103,1,115.0
continuation_conflict,14.0,14.0,p14_d14,44b6_d2f34f90,44b6_d2f34f90:62,44b6_d2f34f90:137,1,547.0
continuation_conflict,14.0,14.0,p14_d14,44b6_d754aa59,44b6_d754aa59:63,44b6_d754aa59:54,1,1.0
continuation_conflict,14.0,14.0,p14_d14,44b6_deabac95,44b6_deabac95:28,44b6_deabac95:15,1,664.0
continuation_conflict,14.0,14.0,p14_d14,44b6_eb2880fc,44b6_eb2880fc:72,44b6_eb2880fc:282,0,
continuation_conflict,14.0,14.0,p14_d14,6bba_05db0fb1,6bba_05db0fb1:24,6bba_05db0fb1:229,1,1.0
continuation_conflict,14.0,14.0,p14_d14,6bba_05db0fb1,6bba_05db0fb1:62,6bba_05db0fb1:751,1,2817.0
continuation_conflict,14.0,14.0,p14_d14,6bba_207c6aaf,6bba_207c6aaf:41,6bba_207c6aaf:146,1,398.0
continuation_conflict,14.0,14.0,p14_d14,6bba_32db13fc,6bba_32db13fc:5,6bba_32db13fc:115,1,8691.0
continuation_conflict,14.0,14.0,p14_d14,6bba_474be664,6bba_474be664:63,6bba_474be664:205,1,18.0
continuation_conflict,14.0,14.0,p14_d14,6bba_5c039895,6bba_5c039895:10,6bba_5c039895:121,1,24.0
continuation_conflict,14.0,14.0,p14_d14,6bba_5c039895,6bba_5c039895:58,6bba_5c039895:680,1,5.0
continuation_conflict,14.0,14.0,p14_d14,6bba_705ec2c9,6bba_705ec2c9:42,6bba_705ec2c9:250,1,26.0
continuation_conflict,14.0,14.0,p14_d14,6bba_7af54fde,6bba_7af54fde:52,6bba_7af54fde:556,0,
continuation_conflict,14.0,14.0,p14_d14,6bba_7af54fde,6bba_7af54fde:55,6bba_7af54fde:590,1,195.0
continuation_conflict,14.0,14.0,p14_d14,6bba_907271db,6bba_907271db:96,6bba_907271db:902,1,1.0
continuation_conflict,14.0,14.0,p14_d14,6bba_afb141ff,6bba_afb141ff:28,6bba_afb141ff:115,1,21.0
continuation_conflict,14.0,14.0,p14_d14,6bba_afb141ff,6bba_afb141ff:48,6bba_afb141ff:304,1,77.0
continuation_conflict,14.0,14.0,p14_d14,6bba_d1acb6ff,6bba_d1acb6ff:67,6bba_d1acb6ff:414,1,89.0
continuation_conflict,14.0,14.0,p14_d14,6bba_e16ffc58,6bba_e16ffc58:26,6bba_e16ffc58:331,1,15.0
continuation_conflict,14.0,14.0,p14_d14,6bba_fe670320,6bba_fe670320:0,6bba_fe670320:4,1,1.0
continuation_conflict,14.0,14.0,p14_d14,6bba_fe670320,6bba_fe670320:66,6bba_fe670320:519,1,58.0
candidate_base,14.0,16.0,p14_d16,44b6_2a2eff9f,44b6_2a2eff9f:11,44b6_2a2eff9f:13,1,4887.5
candidate_base,14.0,16.0,p14_d16,44b6_587a1e22,44b6_587a1e22:19,44b6_587a1e22:24,1,20.0
candidate_base,14.0,16.0,p14_d16,44b6_5f15d135,44b6_5f15d135:36,44b6_5f15d135:103,1,240.5
candidate_base,14.0,16.0,p14_d16,44b6_74d0c52e,44b6_74d0c52e:58,44b6_74d0c52e:59,1,371.0
candidate_base,14.0,16.0,p14_d16,44b6_996155de,44b6_996155de:19,44b6_996155de:60,1,1.0
candidate_base,14.0,16.0,p14_d16,44b6_9be80b04,44b6_9be80b04:77,44b6_9be80b04:155,1,81.0
candidate_base,14.0,16.0,p14_d16,44b6_aaf8b0ea,44b6_aaf8b0ea:61,44b6_aaf8b0ea:93,1,679.5
candidate_base,14.0,16.0,p14_d16,44b6_c50204e0,44b6_c50204e0:28,44b6_c50204e0:43,1,917.0
candidate_base,14.0,16.0,p14_d16,44b6_c50204e0,44b6_c50204e0:65,44b6_c50204e0:184,1,256.0
candidate_base,14.0,16.0,p14_d16,44b6_d2f34f90,44b6_d2f34f90:51,44b6_d2f34f90:103,1,110.0
candidate_base,14.0,16.0,p14_d16,44b6_d2f34f90,44b6_d2f34f90:62,44b6_d2f34f90:137,1,394.0
candidate_base,14.0,16.0,p14_d16,44b6_d754aa59,44b6_d754aa59:63,44b6_d754aa59:54,1,1.0
candidate_base,14.0,16.0,p14_d16,44b6_deabac95,44b6_deabac95:28,44b6_deabac95:15,1,394.5
candidate_base,14.0,16.0,p14_d16,44b6_eb2880fc,44b6_eb2880fc:72,44b6_eb2880fc:282,0,
candidate_base,14.0,16.0,p14_d16,6bba_05db0fb1,6bba_05db0fb1:24,6bba_05db0fb1:229,1,114.0
candidate_base,14.0,16.0,p14_d16,6bba_05db0fb1,6bba_05db0fb1:62,6bba_05db0fb1:751,1,9594.5
candidate_base,14.0,16.0,p14_d16,6bba_207c6aaf,6bba_207c6aaf:41,6bba_207c6aaf:146,1,2430.0
candidate_base,14.0,16.0,p14_d16,6bba_32db13fc,6bba_32db13fc:5,6bba_32db13fc:115,1,16392.0
candidate_base,14.0,16.0,p14_d16,6bba_474be664,6bba_474be664:63,6bba_474be664:205,1,73.5
candidate_base,14.0,16.0,p14_d16,6bba_5c039895,6bba_5c039895:10,6bba_5c039895:121,1,1.0
candidate_base,14.0,16.0,p14_d16,6bba_5c039895,6bba_5c039895:58,6bba_5c039895:680,1,1.0
candidate_base,14.0,16.0,p14_d16,6bba_705ec2c9,6bba_705ec2c9:42,6bba_705ec2c9:250,1,24.0
candidate_base,14.0,16.0,p14_d16,6bba_7af54fde,6bba_7af54fde:52,6bba_7af54fde:556,1,119.0
candidate_base,14.0,16.0,p14_d16,6bba_7af54fde,6bba_7af54fde:55,6bba_7af54fde:590,1,356.0
candidate_base,14.0,16.0,p14_d16,6bba_907271db,6bba_907271db:96,6bba_907271db:902,1,1.0
candidate_base,14.0,16.0,p14_d16,6bba_afb141ff,6bba_afb141ff:28,6bba_afb141ff:115,1,49.0
candidate_base,14.0,16.0,p14_d16,6bba_afb141ff,6bba_afb141ff:48,6bba_afb141ff:304,1,111.0
candidate_base,14.0,16.0,p14_d16,6bba_d1acb6ff,6bba_d1acb6ff:67,6bba_d1acb6ff:414,1,122.0
candidate_base,14.0,16.0,p14_d16,6bba_e16ffc58,6bba_e16ffc58:26,6bba_e16ffc58:331,1,12.0
candidate_base,14.0,16.0,p14_d16,6bba_fe670320,6bba_fe670320:0,6bba_fe670320:4,1,1.0
candidate_base,14.0,16.0,p14_d16,6bba_fe670320,6bba_fe670320:66,6bba_fe670320:519,1,7.0
continuation_conflict,14.0,16.0,p14_d16,44b6_2a2eff9f,44b6_2a2eff9f:11,44b6_2a2eff9f:13,1,382.0
continuation_conflict,14.0,16.0,p14_d16,44b6_587a1e22,44b6_587a1e22:19,44b6_587a1e22:24,1,251.0
continuation_conflict,14.0,16.0,p14_d16,44b6_5f15d135,44b6_5f15d135:36,44b6_5f15d135:103,1,701.0
continuation_conflict,14.0,16.0,p14_d16,44b6_74d0c52e,44b6_74d0c52e:58,44b6_74d0c52e:59,1,147.0
continuation_conflict,14.0,16.0,p14_d16,44b6_996155de,44b6_996155de:19,44b6_996155de:60,1,1.0
continuation_conflict,14.0,16.0,p14_d16,44b6_9be80b04,44b6_9be80b04:77,44b6_9be80b04:155,1,265.0
continuation_conflict,14.0,16.0,p14_d16,44b6_aaf8b0ea,44b6_aaf8b0ea:61,44b6_aaf8b0ea:93,1,1412.0
continuation_conflict,14.0,16.0,p14_d16,44b6_c50204e0,44b6_c50204e0:28,44b6_c50204e0:43,1,2096.0
continuation_conflict,14.0,16.0,p14_d16,44b6_c50204e0,44b6_c50204e0:65,44b6_c50204e0:184,1,186.0
continuation_conflict,14.0,16.0,p14_d16,44b6_d2f34f90,44b6_d2f34f90:51,44b6_d2f34f90:103,1,153.0
continuation_conflict,14.0,16.0,p14_d16,44b6_d2f34f90,44b6_d2f34f90:62,44b6_d2f34f90:137,1,654.0
continuation_conflict,14.0,16.0,p14_d16,44b6_d754aa59,44b6_d754aa59:63,44b6_d754aa59:54,1,3.0
continuation_conflict,14.0,16.0,p14_d16,44b6_deabac95,44b6_deabac95:28,44b6_deabac95:15,1,835.0
continuation_conflict,14.0,16.0,p14_d16,44b6_eb2880fc,44b6_eb2880fc:72,44b6_eb2880fc:282,0,
continuation_conflict,14.0,16.0,p14_d16,6bba_05db0fb1,6bba_05db0fb1:24,6bba_05db0fb1:229,1,2.0
continuation_conflict,14.0,16.0,p14_d16,6bba_05db0fb1,6bba_05db0fb1:62,6bba_05db0fb1:751,1,3352.0
continuation_conflict,14.0,16.0,p14_d16,6bba_207c6aaf,6bba_207c6aaf:41,6bba_207c6aaf:146,1,541.0
continuation_conflict,14.0,16.0,p14_d16,6bba_32db13fc,6bba_32db13fc:5,6bba_32db13fc:115,1,11184.0
continuation_conflict,14.0,16.0,p14_d16,6bba_474be664,6bba_474be664:63,6bba_474be664:205,1,31.0
continuation_conflict,14.0,16.0,p14_d16,6bba_5c039895,6bba_5c039895:10,6bba_5c039895:121,1,35.0
continuation_conflict,14.0,16.0,p14_d16,6bba_5c039895,6bba_5c039895:58,6bba_5c039895:680,1,8.0
continuation_conflict,14.0,16.0,p14_d16,6bba_705ec2c9,6bba_705ec2c9:42,6bba_705ec2c9:250,1,38.0
continuation_conflict,14.0,16.0,p14_d16,6bba_7af54fde,6bba_7af54fde:52,6bba_7af54fde:556,1,10.0
continuation_conflict,14.0,16.0,p14_d16,6bba_7af54fde,6bba_7af54fde:55,6bba_7af54fde:590,1,238.0
continuation_conflict,14.0,16.0,p14_d16,6bba_907271db,6bba_907271db:96,6bba_907271db:902,1,1.0
continuation_conflict,14.0,16.0,p14_d16,6bba_afb141ff,6bba_afb141ff:28,6bba_afb141ff:115,1,23.0
continuation_conflict,14.0,16.0,p14_d16,6bba_afb141ff,6bba_afb141ff:48,6bba_afb141ff:304,1,93.0
continuation_conflict,14.0,16.0,p14_d16,6bba_d1acb6ff,6bba_d1acb6ff:67,6bba_d1acb6ff:414,1,116.0
continuation_conflict,14.0,16.0,p14_d16,6bba_e16ffc58,6bba_e16ffc58:26,6bba_e16ffc58:331,1,23.0
continuation_conflict,14.0,16.0,p14_d16,6bba_fe670320,6bba_fe670320:0,6bba_fe670320:4,1,1.0
continuation_conflict,14.0,16.0,p14_d16,6bba_fe670320,6bba_fe670320:66,6bba_fe670320:519,1,76.0
candidate_base,14.0,20.0,p14_d20,44b6_2a2eff9f,44b6_2a2eff9f:11,44b6_2a2eff9f:13,1,8133.5
candidate_base,14.0,20.0,p14_d20,44b6_587a1e22,44b6_587a1e22:19,44b6_587a1e22:24,1,199.0
candidate_base,14.0,20.0,p14_d20,44b6_5f15d135,44b6_5f15d135:36,44b6_5f15d135:103,1,915.5
candidate_base,14.0,20.0,p14_d20,44b6_74d0c52e,44b6_74d0c52e:58,44b6_74d0c52e:59,1,524.0
candidate_base,14.0,20.0,p14_d20,44b6_996155de,44b6_996155de:19,44b6_996155de:60,1,12.0
candidate_base,14.0,20.0,p14_d20,44b6_9be80b04,44b6_9be80b04:77,44b6_9be80b04:155,1,440.0
candidate_base,14.0,20.0,p14_d20,44b6_aaf8b0ea,44b6_aaf8b0ea:61,44b6_aaf8b0ea:93,1,1110.5
candidate_base,14.0,20.0,p14_d20,44b6_c50204e0,44b6_c50204e0:28,44b6_c50204e0:43,1,3091.0
candidate_base,14.0,20.0,p14_d20,44b6_c50204e0,44b6_c50204e0:65,44b6_c50204e0:184,1,1231.0
candidate_base,14.0,20.0,p14_d20,44b6_d2f34f90,44b6_d2f34f90:51,44b6_d2f34f90:103,1,476.0
candidate_base,14.0,20.0,p14_d20,44b6_d2f34f90,44b6_d2f34f90:62,44b6_d2f34f90:137,1,1251.0
candidate_base,14.0,20.0,p14_d20,44b6_d754aa59,44b6_d754aa59:63,44b6_d754aa59:54,1,1.0
candidate_base,14.0,20.0,p14_d20,44b6_deabac95,44b6_deabac95:28,44b6_deabac95:15,1,1176.5
candidate_base,14.0,20.0,p14_d20,44b6_eb2880fc,44b6_eb2880fc:72,44b6_eb2880fc:282,0,
candidate_base,14.0,20.0,p14_d20,6bba_05db0fb1,6bba_05db0fb1:24,6bba_05db0fb1:229,1,1234.0
candidate_base,14.0,20.0,p14_d20,6bba_05db0fb1,6bba_05db0fb1:62,6bba_05db0fb1:751,1,18961.5
candidate_base,14.0,20.0,p14_d20,6bba_207c6aaf,6bba_207c6aaf:41,6bba_207c6aaf:146,1,4821.0
candidate_base,14.0,20.0,p14_d20,6bba_32db13fc,6bba_32db13fc:5,6bba_32db13fc:115,1,24199.0
candidate_base,14.0,20.0,p14_d20,6bba_474be664,6bba_474be664:63,6bba_474be664:205,1,381.5
candidate_base,14.0,20.0,p14_d20,6bba_5c039895,6bba_5c039895:10,6bba_5c039895:121,1,21.0
candidate_base,14.0,20.0,p14_d20,6bba_5c039895,6bba_5c039895:58,6bba_5c039895:680,1,7.0
candidate_base,14.0,20.0,p14_d20,6bba_705ec2c9,6bba_705ec2c9:42,6bba_705ec2c9:250,1,37.0
candidate_base,14.0,20.0,p14_d20,6bba_7af54fde,6bba_7af54fde:52,6bba_7af54fde:556,1,199.0
candidate_base,14.0,20.0,p14_d20,6bba_7af54fde,6bba_7af54fde:55,6bba_7af54fde:590,1,481.0
candidate_base,14.0,20.0,p14_d20,6bba_907271db,6bba_907271db:96,6bba_907271db:902,1,2.0
candidate_base,14.0,20.0,p14_d20,6bba_afb141ff,6bba_afb141ff:28,6bba_afb141ff:115,1,83.0
candidate_base,14.0,20.0,p14_d20,6bba_afb141ff,6bba_afb141ff:48,6bba_afb141ff:304,1,131.0
candidate_base,14.0,20.0,p14_d20,6bba_d1acb6ff,6bba_d1acb6ff:67,6bba_d1acb6ff:414,1,343.0
candidate_base,14.0,20.0,p14_d20,6bba_e16ffc58,6bba_e16ffc58:26,6bba_e16ffc58:331,1,22.0
candidate_base,14.0,20.0,p14_d20,6bba_fe670320,6bba_fe670320:0,6bba_fe670320:4,1,1.0
candidate_base,14.0,20.0,p14_d20,6bba_fe670320,6bba_fe670320:66,6bba_fe670320:519,1,37.0
continuation_conflict,14.0,20.0,p14_d20,44b6_2a2eff9f,44b6_2a2eff9f:11,44b6_2a2eff9f:13,1,607.0
continuation_conflict,14.0,20.0,p14_d20,44b6_587a1e22,44b6_587a1e22:19,44b6_587a1e22:24,1,263.0
continuation_conflict,14.0,20.0,p14_d20,44b6_5f15d135,44b6_5f15d135:36,44b6_5f15d135:103,1,1119.0
continuation_conflict,14.0,20.0,p14_d20,44b6_74d0c52e,44b6_74d0c52e:58,44b6_74d0c52e:59,1,196.0
continuation_conflict,14.0,20.0,p14_d20,44b6_996155de,44b6_996155de:19,44b6_996155de:60,1,1.0
continuation_conflict,14.0,20.0,p14_d20,44b6_9be80b04,44b6_9be80b04:77,44b6_9be80b04:155,1,377.0
continuation_conflict,14.0,20.0,p14_d20,44b6_aaf8b0ea,44b6_aaf8b0ea:61,44b6_aaf8b0ea:93,1,2352.0
continuation_conflict,14.0,20.0,p14_d20,44b6_c50204e0,44b6_c50204e0:28,44b6_c50204e0:43,1,3105.0
continuation_conflict,14.0,20.0,p14_d20,44b6_c50204e0,44b6_c50204e0:65,44b6_c50204e0:184,1,292.0
continuation_conflict,14.0,20.0,p14_d20,44b6_d2f34f90,44b6_d2f34f90:51,44b6_d2f34f90:103,1,247.0
continuation_conflict,14.0,20.0,p14_d20,44b6_d2f34f90,44b6_d2f34f90:62,44b6_d2f34f90:137,1,1053.0
continuation_conflict,14.0,20.0,p14_d20,44b6_d754aa59,44b6_d754aa59:63,44b6_d754aa59:54,1,4.0
continuation_conflict,14.0,20.0,p14_d20,44b6_deabac95,44b6_deabac95:28,44b6_deabac95:15,1,1188.0
continuation_conflict,14.0,20.0,p14_d20,44b6_eb2880fc,44b6_eb2880fc:72,44b6_eb2880fc:282,0,
continuation_conflict,14.0,20.0,p14_d20,6bba_05db0fb1,6bba_05db0fb1:24,6bba_05db0fb1:229,1,10.0
continuation_conflict,14.0,20.0,p14_d20,6bba_05db0fb1,6bba_05db0fb1:62,6bba_05db0fb1:751,1,4766.0
continuation_conflict,14.0,20.0,p14_d20,6bba_207c6aaf,6bba_207c6aaf:41,6bba_207c6aaf:146,1,820.0
continuation_conflict,14.0,20.0,p14_d20,6bba_32db13fc,6bba_32db13fc:5,6bba_32db13fc:115,1,16519.0
continuation_conflict,14.0,20.0,p14_d20,6bba_474be664,6bba_474be664:63,6bba_474be664:205,1,49.0
continuation_conflict,14.0,20.0,p14_d20,6bba_5c039895,6bba_5c039895:10,6bba_5c039895:121,1,40.0
continuation_conflict,14.0,20.0,p14_d20,6bba_5c039895,6bba_5c039895:58,6bba_5c039895:680,1,9.0
continuation_conflict,14.0,20.0,p14_d20,6bba_705ec2c9,6bba_705ec2c9:42,6bba_705ec2c9:250,1,60.0
continuation_conflict,14.0,20.0,p14_d20,6bba_7af54fde,6bba_7af54fde:52,6bba_7af54fde:556,1,15.0
continuation_conflict,14.0,20.0,p14_d20,6bba_7af54fde,6bba_7af54fde:55,6bba_7af54fde:590,1,314.0
continuation_conflict,14.0,20.0,p14_d20,6bba_907271db,6bba_907271db:96,6bba_907271db:902,1,1.0
continuation_conflict,14.0,20.0,p14_d20,6bba_afb141ff,6bba_afb141ff:28,6bba_afb141ff:115,1,47.0
continuation_conflict,14.0,20.0,p14_d20,6bba_afb141ff,6bba_afb141ff:48,6bba_afb141ff:304,1,104.0
continuation_conflict,14.0,20.0,p14_d20,6bba_d1acb6ff,6bba_d1acb6ff:67,6bba_d1acb6ff:414,1,154.0
continuation_conflict,14.0,20.0,p14_d20,6bba_e16ffc58,6bba_e16ffc58:26,6bba_e16ffc58:331,1,29.0
continuation_conflict,14.0,20.0,p14_d20,6bba_fe670320,6bba_fe670320:0,6bba_fe670320:4,1,1.0
continuation_conflict,14.0,20.0,p14_d20,6bba_fe670320,6bba_fe670320:66,6bba_fe670320:519,1,110.0
candidate_base,16.0,10.0,p16_d10,44b6_2a2eff9f,44b6_2a2eff9f:11,44b6_2a2eff9f:13,0,
candidate_base,16.0,10.0,p16_d10,44b6_587a1e22,44b6_587a1e22:19,44b6_587a1e22:24,0,
candidate_base,16.0,10.0,p16_d10,44b6_5f15d135,44b6_5f15d135:36,44b6_5f15d135:103,0,
candidate_base,16.0,10.0,p16_d10,44b6_74d0c52e,44b6_74d0c52e:58,44b6_74d0c52e:59,0,
candidate_base,16.0,10.0,p16_d10,44b6_996155de,44b6_996155de:19,44b6_996155de:60,1,1.0
candidate_base,16.0,10.0,p16_d10,44b6_9be80b04,44b6_9be80b04:77,44b6_9be80b04:155,1,6.0
candidate_base,16.0,10.0,p16_d10,44b6_aaf8b0ea,44b6_aaf8b0ea:61,44b6_aaf8b0ea:93,1,152.5
candidate_base,16.0,10.0,p16_d10,44b6_c50204e0,44b6_c50204e0:28,44b6_c50204e0:43,1,145.0
candidate_base,16.0,10.0,p16_d10,44b6_c50204e0,44b6_c50204e0:65,44b6_c50204e0:184,1,9.0
candidate_base,16.0,10.0,p16_d10,44b6_d2f34f90,44b6_d2f34f90:51,44b6_d2f34f90:103,1,12.0
candidate_base,16.0,10.0,p16_d10,44b6_d2f34f90,44b6_d2f34f90:62,44b6_d2f34f90:137,1,61.0
candidate_base,16.0,10.0,p16_d10,44b6_d754aa59,44b6_d754aa59:63,44b6_d754aa59:54,0,
candidate_base,16.0,10.0,p16_d10,44b6_deabac95,44b6_deabac95:28,44b6_deabac95:15,0,
candidate_base,16.0,10.0,p16_d10,44b6_eb2880fc,44b6_eb2880fc:72,44b6_eb2880fc:282,0,
candidate_base,16.0,10.0,p16_d10,6bba_05db0fb1,6bba_05db0fb1:24,6bba_05db0fb1:229,0,
candidate_base,16.0,10.0,p16_d10,6bba_05db0fb1,6bba_05db0fb1:62,6bba_05db0fb1:751,1,1956.5
candidate_base,16.0,10.0,p16_d10,6bba_207c6aaf,6bba_207c6aaf:41,6bba_207c6aaf:146,0,
candidate_base,16.0,10.0,p16_d10,6bba_32db13fc,6bba_32db13fc:5,6bba_32db13fc:115,0,
candidate_base,16.0,10.0,p16_d10,6bba_474be664,6bba_474be664:63,6bba_474be664:205,0,
candidate_base,16.0,10.0,p16_d10,6bba_5c039895,6bba_5c039895:10,6bba_5c039895:121,1,1.0
candidate_base,16.0,10.0,p16_d10,6bba_5c039895,6bba_5c039895:58,6bba_5c039895:680,0,
candidate_base,16.0,10.0,p16_d10,6bba_705ec2c9,6bba_705ec2c9:42,6bba_705ec2c9:250,0,
candidate_base,16.0,10.0,p16_d10,6bba_7af54fde,6bba_7af54fde:52,6bba_7af54fde:556,0,
candidate_base,16.0,10.0,p16_d10,6bba_7af54fde,6bba_7af54fde:55,6bba_7af54fde:590,0,
candidate_base,16.0,10.0,p16_d10,6bba_907271db,6bba_907271db:96,6bba_907271db:902,0,
candidate_base,16.0,10.0,p16_d10,6bba_afb141ff,6bba_afb141ff:28,6bba_afb141ff:115,0,
candidate_base,16.0,10.0,p16_d10,6bba_afb141ff,6bba_afb141ff:48,6bba_afb141ff:304,1,31.0
candidate_base,16.0,10.0,p16_d10,6bba_d1acb6ff,6bba_d1acb6ff:67,6bba_d1acb6ff:414,1,30.0
candidate_base,16.0,10.0,p16_d10,6bba_e16ffc58,6bba_e16ffc58:26,6bba_e16ffc58:331,0,
candidate_base,16.0,10.0,p16_d10,6bba_fe670320,6bba_fe670320:0,6bba_fe670320:4,0,
candidate_base,16.0,10.0,p16_d10,6bba_fe670320,6bba_fe670320:66,6bba_fe670320:519,0,
continuation_conflict,16.0,10.0,p16_d10,44b6_2a2eff9f,44b6_2a2eff9f:11,44b6_2a2eff9f:13,0,
continuation_conflict,16.0,10.0,p16_d10,44b6_587a1e22,44b6_587a1e22:19,44b6_587a1e22:24,0,
continuation_conflict,16.0,10.0,p16_d10,44b6_5f15d135,44b6_5f15d135:36,44b6_5f15d135:103,0,
continuation_conflict,16.0,10.0,p16_d10,44b6_74d0c52e,44b6_74d0c52e:58,44b6_74d0c52e:59,0,
continuation_conflict,16.0,10.0,p16_d10,44b6_996155de,44b6_996155de:19,44b6_996155de:60,1,1.0
continuation_conflict,16.0,10.0,p16_d10,44b6_9be80b04,44b6_9be80b04:77,44b6_9be80b04:155,1,64.0
continuation_conflict,16.0,10.0,p16_d10,44b6_aaf8b0ea,44b6_aaf8b0ea:61,44b6_aaf8b0ea:93,1,319.0
continuation_conflict,16.0,10.0,p16_d10,44b6_c50204e0,44b6_c50204e0:28,44b6_c50204e0:43,1,519.0
continuation_conflict,16.0,10.0,p16_d10,44b6_c50204e0,44b6_c50204e0:65,44b6_c50204e0:184,1,23.0
continuation_conflict,16.0,10.0,p16_d10,44b6_d2f34f90,44b6_d2f34f90:51,44b6_d2f34f90:103,1,30.0
continuation_conflict,16.0,10.0,p16_d10,44b6_d2f34f90,44b6_d2f34f90:62,44b6_d2f34f90:137,1,176.0
continuation_conflict,16.0,10.0,p16_d10,44b6_d754aa59,44b6_d754aa59:63,44b6_d754aa59:54,0,
continuation_conflict,16.0,10.0,p16_d10,44b6_deabac95,44b6_deabac95:28,44b6_deabac95:15,0,
continuation_conflict,16.0,10.0,p16_d10,44b6_eb2880fc,44b6_eb2880fc:72,44b6_eb2880fc:282,0,
continuation_conflict,16.0,10.0,p16_d10,6bba_05db0fb1,6bba_05db0fb1:24,6bba_05db0fb1:229,0,
continuation_conflict,16.0,10.0,p16_d10,6bba_05db0fb1,6bba_05db0fb1:62,6bba_05db0fb1:751,1,867.0
continuation_conflict,16.0,10.0,p16_d10,6bba_207c6aaf,6bba_207c6aaf:41,6bba_207c6aaf:146,0,
continuation_conflict,16.0,10.0,p16_d10,6bba_32db13fc,6bba_32db13fc:5,6bba_32db13fc:115,0,
continuation_conflict,16.0,10.0,p16_d10,6bba_474be664,6bba_474be664:63,6bba_474be664:205,0,
continuation_conflict,16.0,10.0,p16_d10,6bba_5c039895,6bba_5c039895:10,6bba_5c039895:121,1,4.0
continuation_conflict,16.0,10.0,p16_d10,6bba_5c039895,6bba_5c039895:58,6bba_5c039895:680,0,
continuation_conflict,16.0,10.0,p16_d10,6bba_705ec2c9,6bba_705ec2c9:42,6bba_705ec2c9:250,0,
continuation_conflict,16.0,10.0,p16_d10,6bba_7af54fde,6bba_7af54fde:52,6bba_7af54fde:556,0,
continuation_conflict,16.0,10.0,p16_d10,6bba_7af54fde,6bba_7af54fde:55,6bba_7af54fde:590,0,
continuation_conflict,16.0,10.0,p16_d10,6bba_907271db,6bba_907271db:96,6bba_907271db:902,0,
continuation_conflict,16.0,10.0,p16_d10,6bba_afb141ff,6bba_afb141ff:28,6bba_afb141ff:115,0,
continuation_conflict,16.0,10.0,p16_d10,6bba_afb141ff,6bba_afb141ff:48,6bba_afb141ff:304,1,25.0
continuation_conflict,16.0,10.0,p16_d10,6bba_d1acb6ff,6bba_d1acb6ff:67,6bba_d1acb6ff:414,1,22.0
continuation_conflict,16.0,10.0,p16_d10,6bba_e16ffc58,6bba_e16ffc58:26,6bba_e16ffc58:331,0,
continuation_conflict,16.0,10.0,p16_d10,6bba_fe670320,6bba_fe670320:0,6bba_fe670320:4,0,
continuation_conflict,16.0,10.0,p16_d10,6bba_fe670320,6bba_fe670320:66,6bba_fe670320:519,0,
candidate_base,16.0,12.0,p16_d12,44b6_2a2eff9f,44b6_2a2eff9f:11,44b6_2a2eff9f:13,0,
candidate_base,16.0,12.0,p16_d12,44b6_587a1e22,44b6_587a1e22:19,44b6_587a1e22:24,0,
candidate_base,16.0,12.0,p16_d12,44b6_5f15d135,44b6_5f15d135:36,44b6_5f15d135:103,1,56.5
candidate_base,16.0,12.0,p16_d12,44b6_74d0c52e,44b6_74d0c52e:58,44b6_74d0c52e:59,0,
candidate_base,16.0,12.0,p16_d12,44b6_996155de,44b6_996155de:19,44b6_996155de:60,1,1.0
candidate_base,16.0,12.0,p16_d12,44b6_9be80b04,44b6_9be80b04:77,44b6_9be80b04:155,1,11.0
candidate_base,16.0,12.0,p16_d12,44b6_aaf8b0ea,44b6_aaf8b0ea:61,44b6_aaf8b0ea:93,1,304.5
candidate_base,16.0,12.0,p16_d12,44b6_c50204e0,44b6_c50204e0:28,44b6_c50204e0:43,1,290.0
candidate_base,16.0,12.0,p16_d12,44b6_c50204e0,44b6_c50204e0:65,44b6_c50204e0:184,1,29.0
candidate_base,16.0,12.0,p16_d12,44b6_d2f34f90,44b6_d2f34f90:51,44b6_d2f34f90:103,1,25.0
candidate_base,16.0,12.0,p16_d12,44b6_d2f34f90,44b6_d2f34f90:62,44b6_d2f34f90:137,1,117.0
candidate_base,16.0,12.0,p16_d12,44b6_d754aa59,44b6_d754aa59:63,44b6_d754aa59:54,0,
candidate_base,16.0,12.0,p16_d12,44b6_deabac95,44b6_deabac95:28,44b6_deabac95:15,1,141.5
candidate_base,16.0,12.0,p16_d12,44b6_eb2880fc,44b6_eb2880fc:72,44b6_eb2880fc:282,0,
candidate_base,16.0,12.0,p16_d12,6bba_05db0fb1,6bba_05db0fb1:24,6bba_05db0fb1:229,0,
candidate_base,16.0,12.0,p16_d12,6bba_05db0fb1,6bba_05db0fb1:62,6bba_05db0fb1:751,1,3726.5
candidate_base,16.0,12.0,p16_d12,6bba_207c6aaf,6bba_207c6aaf:41,6bba_207c6aaf:146,1,908.0
candidate_base,16.0,12.0,p16_d12,6bba_32db13fc,6bba_32db13fc:5,6bba_32db13fc:115,1,10521.0
candidate_base,16.0,12.0,p16_d12,6bba_474be664,6bba_474be664:63,6bba_474be664:205,1,4.5
candidate_base,16.0,12.0,p16_d12,6bba_5c039895,6bba_5c039895:10,6bba_5c039895:121,1,1.0
candidate_base,16.0,12.0,p16_d12,6bba_5c039895,6bba_5c039895:58,6bba_5c039895:680,0,
candidate_base,16.0,12.0,p16_d12,6bba_705ec2c9,6bba_705ec2c9:42,6bba_705ec2c9:250,1,10.0
candidate_base,16.0,12.0,p16_d12,6bba_7af54fde,6bba_7af54fde:52,6bba_7af54fde:556,0,
candidate_base,16.0,12.0,p16_d12,6bba_7af54fde,6bba_7af54fde:55,6bba_7af54fde:590,1,239.0
candidate_base,16.0,12.0,p16_d12,6bba_907271db,6bba_907271db:96,6bba_907271db:902,0,
candidate_base,16.0,12.0,p16_d12,6bba_afb141ff,6bba_afb141ff:28,6bba_afb141ff:115,0,
candidate_base,16.0,12.0,p16_d12,6bba_afb141ff,6bba_afb141ff:48,6bba_afb141ff:304,1,66.0
candidate_base,16.0,12.0,p16_d12,6bba_d1acb6ff,6bba_d1acb6ff:67,6bba_d1acb6ff:414,1,49.0
candidate_base,16.0,12.0,p16_d12,6bba_e16ffc58,6bba_e16ffc58:26,6bba_e16ffc58:331,1,9.0
candidate_base,16.0,12.0,p16_d12,6bba_fe670320,6bba_fe670320:0,6bba_fe670320:4,0,
candidate_base,16.0,12.0,p16_d12,6bba_fe670320,6bba_fe670320:66,6bba_fe670320:519,0,
continuation_conflict,16.0,12.0,p16_d12,44b6_2a2eff9f,44b6_2a2eff9f:11,44b6_2a2eff9f:13,0,
continuation_conflict,16.0,12.0,p16_d12,44b6_587a1e22,44b6_587a1e22:19,44b6_587a1e22:24,0,
continuation_conflict,16.0,12.0,p16_d12,44b6_5f15d135,44b6_5f15d135:36,44b6_5f15d135:103,1,365.0
continuation_conflict,16.0,12.0,p16_d12,44b6_74d0c52e,44b6_74d0c52e:58,44b6_74d0c52e:59,0,
continuation_conflict,16.0,12.0,p16_d12,44b6_996155de,44b6_996155de:19,44b6_996155de:60,1,1.0
continuation_conflict,16.0,12.0,p16_d12,44b6_9be80b04,44b6_9be80b04:77,44b6_9be80b04:155,1,138.0
continuation_conflict,16.0,12.0,p16_d12,44b6_aaf8b0ea,44b6_aaf8b0ea:61,44b6_aaf8b0ea:93,1,638.0
continuation_conflict,16.0,12.0,p16_d12,44b6_c50204e0,44b6_c50204e0:28,44b6_c50204e0:43,1,1082.0
continuation_conflict,16.0,12.0,p16_d12,44b6_c50204e0,44b6_c50204e0:65,44b6_c50204e0:184,1,68.0
continuation_conflict,16.0,12.0,p16_d12,44b6_d2f34f90,44b6_d2f34f90:51,44b6_d2f34f90:103,1,80.0
continuation_conflict,16.0,12.0,p16_d12,44b6_d2f34f90,44b6_d2f34f90:62,44b6_d2f34f90:137,1,364.0
continuation_conflict,16.0,12.0,p16_d12,44b6_d754aa59,44b6_d754aa59:63,44b6_d754aa59:54,0,
continuation_conflict,16.0,12.0,p16_d12,44b6_deabac95,44b6_deabac95:28,44b6_deabac95:15,1,438.0
continuation_conflict,16.0,12.0,p16_d12,44b6_eb2880fc,44b6_eb2880fc:72,44b6_eb2880fc:282,0,
continuation_conflict,16.0,12.0,p16_d12,6bba_05db0fb1,6bba_05db0fb1:24,6bba_05db0fb1:229,0,
continuation_conflict,16.0,12.0,p16_d12,6bba_05db0fb1,6bba_05db0fb1:62,6bba_05db0fb1:751,1,1822.0
continuation_conflict,16.0,12.0,p16_d12,6bba_207c6aaf,6bba_207c6aaf:41,6bba_207c6aaf:146,1,263.0
continuation_conflict,16.0,12.0,p16_d12,6bba_32db13fc,6bba_32db13fc:5,6bba_32db13fc:115,1,5989.0
continuation_conflict,16.0,12.0,p16_d12,6bba_474be664,6bba_474be664:63,6bba_474be664:205,1,13.0
continuation_conflict,16.0,12.0,p16_d12,6bba_5c039895,6bba_5c039895:10,6bba_5c039895:121,1,12.0
continuation_conflict,16.0,12.0,p16_d12,6bba_5c039895,6bba_5c039895:58,6bba_5c039895:680,0,
continuation_conflict,16.0,12.0,p16_d12,6bba_705ec2c9,6bba_705ec2c9:42,6bba_705ec2c9:250,1,19.0
continuation_conflict,16.0,12.0,p16_d12,6bba_7af54fde,6bba_7af54fde:52,6bba_7af54fde:556,0,
continuation_conflict,16.0,12.0,p16_d12,6bba_7af54fde,6bba_7af54fde:55,6bba_7af54fde:590,1,122.0
continuation_conflict,16.0,12.0,p16_d12,6bba_907271db,6bba_907271db:96,6bba_907271db:902,0,
continuation_conflict,16.0,12.0,p16_d12,6bba_afb141ff,6bba_afb141ff:28,6bba_afb141ff:115,0,
continuation_conflict,16.0,12.0,p16_d12,6bba_afb141ff,6bba_afb141ff:48,6bba_afb141ff:304,1,55.0
continuation_conflict,16.0,12.0,p16_d12,6bba_d1acb6ff,6bba_d1acb6ff:67,6bba_d1acb6ff:414,1,54.0
continuation_conflict,16.0,12.0,p16_d12,6bba_e16ffc58,6bba_e16ffc58:26,6bba_e16ffc58:331,1,11.0
continuation_conflict,16.0,12.0,p16_d12,6bba_fe670320,6bba_fe670320:0,6bba_fe670320:4,0,
continuation_conflict,16.0,12.0,p16_d12,6bba_fe670320,6bba_fe670320:66,6bba_fe670320:519,0,
candidate_base,16.0,14.0,p16_d14,44b6_2a2eff9f,44b6_2a2eff9f:11,44b6_2a2eff9f:13,1,3357.5
candidate_base,16.0,14.0,p16_d14,44b6_587a1e22,44b6_587a1e22:19,44b6_587a1e22:24,0,
candidate_base,16.0,14.0,p16_d14,44b6_5f15d135,44b6_5f15d135:36,44b6_5f15d135:103,1,114.5
candidate_base,16.0,14.0,p16_d14,44b6_74d0c52e,44b6_74d0c52e:58,44b6_74d0c52e:59,1,291.0
candidate_base,16.0,14.0,p16_d14,44b6_996155de,44b6_996155de:19,44b6_996155de:60,1,1.0
candidate_base,16.0,14.0,p16_d14,44b6_9be80b04,44b6_9be80b04:77,44b6_9be80b04:155,1,35.0
candidate_base,16.0,14.0,p16_d14,44b6_aaf8b0ea,44b6_aaf8b0ea:61,44b6_aaf8b0ea:93,1,487.5
candidate_base,16.0,14.0,p16_d14,44b6_c50204e0,44b6_c50204e0:28,44b6_c50204e0:43,1,492.0
candidate_base,16.0,14.0,p16_d14,44b6_c50204e0,44b6_c50204e0:65,44b6_c50204e0:184,1,88.0
candidate_base,16.0,14.0,p16_d14,44b6_d2f34f90,44b6_d2f34f90:51,44b6_d2f34f90:103,1,53.0
candidate_base,16.0,14.0,p16_d14,44b6_d2f34f90,44b6_d2f34f90:62,44b6_d2f34f90:137,1,237.0
candidate_base,16.0,14.0,p16_d14,44b6_d754aa59,44b6_d754aa59:63,44b6_d754aa59:54,1,1.0
candidate_base,16.0,14.0,p16_d14,44b6_deabac95,44b6_deabac95:28,44b6_deabac95:15,1,230.5
candidate_base,16.0,14.0,p16_d14,44b6_eb2880fc,44b6_eb2880fc:72,44b6_eb2880fc:282,1,4972.0
candidate_base,16.0,14.0,p16_d14,6bba_05db0fb1,6bba_05db0fb1:24,6bba_05db0fb1:229,1,24.0
candidate_base,16.0,14.0,p16_d14,6bba_05db0fb1,6bba_05db0fb1:62,6bba_05db0fb1:751,1,6075.5
candidate_base,16.0,14.0,p16_d14,6bba_207c6aaf,6bba_207c6aaf:41,6bba_207c6aaf:146,1,1525.0
candidate_base,16.0,14.0,p16_d14,6bba_32db13fc,6bba_32db13fc:5,6bba_32db13fc:115,1,17383.0
candidate_base,16.0,14.0,p16_d14,6bba_474be664,6bba_474be664:63,6bba_474be664:205,1,23.5
candidate_base,16.0,14.0,p16_d14,6bba_5c039895,6bba_5c039895:10,6bba_5c039895:121,1,1.0
candidate_base,16.0,14.0,p16_d14,6bba_5c039895,6bba_5c039895:58,6bba_5c039895:680,1,1.0
candidate_base,16.0,14.0,p16_d14,6bba_705ec2c9,6bba_705ec2c9:42,6bba_705ec2c9:250,1,16.0
candidate_base,16.0,14.0,p16_d14,6bba_7af54fde,6bba_7af54fde:52,6bba_7af54fde:556,0,
candidate_base,16.0,14.0,p16_d14,6bba_7af54fde,6bba_7af54fde:55,6bba_7af54fde:590,1,392.0
candidate_base,16.0,14.0,p16_d14,6bba_907271db,6bba_907271db:96,6bba_907271db:902,1,1.0
candidate_base,16.0,14.0,p16_d14,6bba_afb141ff,6bba_afb141ff:28,6bba_afb141ff:115,1,42.0
candidate_base,16.0,14.0,p16_d14,6bba_afb141ff,6bba_afb141ff:48,6bba_afb141ff:304,1,93.0
candidate_base,16.0,14.0,p16_d14,6bba_d1acb6ff,6bba_d1acb6ff:67,6bba_d1acb6ff:414,1,82.0
candidate_base,16.0,14.0,p16_d14,6bba_e16ffc58,6bba_e16ffc58:26,6bba_e16ffc58:331,1,11.0
candidate_base,16.0,14.0,p16_d14,6bba_fe670320,6bba_fe670320:0,6bba_fe670320:4,1,1.0
candidate_base,16.0,14.0,p16_d14,6bba_fe670320,6bba_fe670320:66,6bba_fe670320:519,1,2.0
continuation_conflict,16.0,14.0,p16_d14,44b6_2a2eff9f,44b6_2a2eff9f:11,44b6_2a2eff9f:13,1,296.0
continuation_conflict,16.0,14.0,p16_d14,44b6_587a1e22,44b6_587a1e22:19,44b6_587a1e22:24,0,
continuation_conflict,16.0,14.0,p16_d14,44b6_5f15d135,44b6_5f15d135:36,44b6_5f15d135:103,1,579.0
continuation_conflict,16.0,14.0,p16_d14,44b6_74d0c52e,44b6_74d0c52e:58,44b6_74d0c52e:59,1,135.0
continuation_conflict,16.0,14.0,p16_d14,44b6_996155de,44b6_996155de:19,44b6_996155de:60,1,1.0
continuation_conflict,16.0,14.0,p16_d14,44b6_9be80b04,44b6_9be80b04:77,44b6_9be80b04:155,1,204.0
continuation_conflict,16.0,14.0,p16_d14,44b6_aaf8b0ea,44b6_aaf8b0ea:61,44b6_aaf8b0ea:93,1,1065.0
continuation_conflict,16.0,14.0,p16_d14,44b6_c50204e0,44b6_c50204e0:28,44b6_c50204e0:43,1,1709.0
continuation_conflict,16.0,14.0,p16_d14,44b6_c50204e0,44b6_c50204e0:65,44b6_c50204e0:184,1,126.0
continuation_conflict,16.0,14.0,p16_d14,44b6_d2f34f90,44b6_d2f34f90:51,44b6_d2f34f90:103,1,115.0
continuation_conflict,16.0,14.0,p16_d14,44b6_d2f34f90,44b6_d2f34f90:62,44b6_d2f34f90:137,1,571.0
continuation_conflict,16.0,14.0,p16_d14,44b6_d754aa59,44b6_d754aa59:63,44b6_d754aa59:54,1,1.0
continuation_conflict,16.0,14.0,p16_d14,44b6_deabac95,44b6_deabac95:28,44b6_deabac95:15,1,714.0
continuation_conflict,16.0,14.0,p16_d14,44b6_eb2880fc,44b6_eb2880fc:72,44b6_eb2880fc:282,1,1362.0
continuation_conflict,16.0,14.0,p16_d14,6bba_05db0fb1,6bba_05db0fb1:24,6bba_05db0fb1:229,1,1.0
continuation_conflict,16.0,14.0,p16_d14,6bba_05db0fb1,6bba_05db0fb1:62,6bba_05db0fb1:751,1,2895.0
continuation_conflict,16.0,14.0,p16_d14,6bba_207c6aaf,6bba_207c6aaf:41,6bba_207c6aaf:146,1,400.0
continuation_conflict,16.0,14.0,p16_d14,6bba_32db13fc,6bba_32db13fc:5,6bba_32db13fc:115,1,9686.0
continuation_conflict,16.0,14.0,p16_d14,6bba_474be664,6bba_474be664:63,6bba_474be664:205,1,18.0
continuation_conflict,16.0,14.0,p16_d14,6bba_5c039895,6bba_5c039895:10,6bba_5c039895:121,1,24.0
continuation_conflict,16.0,14.0,p16_d14,6bba_5c039895,6bba_5c039895:58,6bba_5c039895:680,1,5.0
continuation_conflict,16.0,14.0,p16_d14,6bba_705ec2c9,6bba_705ec2c9:42,6bba_705ec2c9:250,1,29.0
continuation_conflict,16.0,14.0,p16_d14,6bba_7af54fde,6bba_7af54fde:52,6bba_7af54fde:556,0,
continuation_conflict,16.0,14.0,p16_d14,6bba_7af54fde,6bba_7af54fde:55,6bba_7af54fde:590,1,202.0
continuation_conflict,16.0,14.0,p16_d14,6bba_907271db,6bba_907271db:96,6bba_907271db:902,1,1.0
continuation_conflict,16.0,14.0,p16_d14,6bba_afb141ff,6bba_afb141ff:28,6bba_afb141ff:115,1,21.0
continuation_conflict,16.0,14.0,p16_d14,6bba_afb141ff,6bba_afb141ff:48,6bba_afb141ff:304,1,80.0
continuation_conflict,16.0,14.0,p16_d14,6bba_d1acb6ff,6bba_d1acb6ff:67,6bba_d1acb6ff:414,1,92.0
continuation_conflict,16.0,14.0,p16_d14,6bba_e16ffc58,6bba_e16ffc58:26,6bba_e16ffc58:331,1,15.0
continuation_conflict,16.0,14.0,p16_d14,6bba_fe670320,6bba_fe670320:0,6bba_fe670320:4,1,1.0
continuation_conflict,16.0,14.0,p16_d14,6bba_fe670320,6bba_fe670320:66,6bba_fe670320:519,1,58.0
candidate_base,16.0,16.0,p16_d16,44b6_2a2eff9f,44b6_2a2eff9f:11,44b6_2a2eff9f:13,1,4972.5
candidate_base,16.0,16.0,p16_d16,44b6_587a1e22,44b6_587a1e22:19,44b6_587a1e22:24,1,20.0
candidate_base,16.0,16.0,p16_d16,44b6_5f15d135,44b6_5f15d135:36,44b6_5f15d135:103,1,240.5
candidate_base,16.0,16.0,p16_d16,44b6_74d0c52e,44b6_74d0c52e:58,44b6_74d0c52e:59,1,377.0
candidate_base,16.0,16.0,p16_d16,44b6_996155de,44b6_996155de:19,44b6_996155de:60,1,1.0
candidate_base,16.0,16.0,p16_d16,44b6_9be80b04,44b6_9be80b04:77,44b6_9be80b04:155,1,81.0
candidate_base,16.0,16.0,p16_d16,44b6_aaf8b0ea,44b6_aaf8b0ea:61,44b6_aaf8b0ea:93,1,682.5
candidate_base,16.0,16.0,p16_d16,44b6_c50204e0,44b6_c50204e0:28,44b6_c50204e0:43,1,917.0
candidate_base,16.0,16.0,p16_d16,44b6_c50204e0,44b6_c50204e0:65,44b6_c50204e0:184,1,256.0
candidate_base,16.0,16.0,p16_d16,44b6_d2f34f90,44b6_d2f34f90:51,44b6_d2f34f90:103,1,110.0
candidate_base,16.0,16.0,p16_d16,44b6_d2f34f90,44b6_d2f34f90:62,44b6_d2f34f90:137,1,394.0
candidate_base,16.0,16.0,p16_d16,44b6_d754aa59,44b6_d754aa59:63,44b6_d754aa59:54,1,1.0
candidate_base,16.0,16.0,p16_d16,44b6_deabac95,44b6_deabac95:28,44b6_deabac95:15,1,394.5
candidate_base,16.0,16.0,p16_d16,44b6_eb2880fc,44b6_eb2880fc:72,44b6_eb2880fc:282,1,7475.0
candidate_base,16.0,16.0,p16_d16,6bba_05db0fb1,6bba_05db0fb1:24,6bba_05db0fb1:229,1,114.0
candidate_base,16.0,16.0,p16_d16,6bba_05db0fb1,6bba_05db0fb1:62,6bba_05db0fb1:751,1,9594.5
candidate_base,16.0,16.0,p16_d16,6bba_207c6aaf,6bba_207c6aaf:41,6bba_207c6aaf:146,1,2430.0
candidate_base,16.0,16.0,p16_d16,6bba_32db13fc,6bba_32db13fc:5,6bba_32db13fc:115,1,24244.0
candidate_base,16.0,16.0,p16_d16,6bba_474be664,6bba_474be664:63,6bba_474be664:205,1,73.5
candidate_base,16.0,16.0,p16_d16,6bba_5c039895,6bba_5c039895:10,6bba_5c039895:121,1,1.0
candidate_base,16.0,16.0,p16_d16,6bba_5c039895,6bba_5c039895:58,6bba_5c039895:680,1,1.0
candidate_base,16.0,16.0,p16_d16,6bba_705ec2c9,6bba_705ec2c9:42,6bba_705ec2c9:250,1,24.0
candidate_base,16.0,16.0,p16_d16,6bba_7af54fde,6bba_7af54fde:52,6bba_7af54fde:556,1,119.0
candidate_base,16.0,16.0,p16_d16,6bba_7af54fde,6bba_7af54fde:55,6bba_7af54fde:590,1,572.0
candidate_base,16.0,16.0,p16_d16,6bba_907271db,6bba_907271db:96,6bba_907271db:902,1,1.0
candidate_base,16.0,16.0,p16_d16,6bba_afb141ff,6bba_afb141ff:28,6bba_afb141ff:115,1,49.0
candidate_base,16.0,16.0,p16_d16,6bba_afb141ff,6bba_afb141ff:48,6bba_afb141ff:304,1,116.0
candidate_base,16.0,16.0,p16_d16,6bba_d1acb6ff,6bba_d1acb6ff:67,6bba_d1acb6ff:414,1,122.0
candidate_base,16.0,16.0,p16_d16,6bba_e16ffc58,6bba_e16ffc58:26,6bba_e16ffc58:331,1,12.0
candidate_base,16.0,16.0,p16_d16,6bba_fe670320,6bba_fe670320:0,6bba_fe670320:4,1,1.0
candidate_base,16.0,16.0,p16_d16,6bba_fe670320,6bba_fe670320:66,6bba_fe670320:519,1,7.0
continuation_conflict,16.0,16.0,p16_d16,44b6_2a2eff9f,44b6_2a2eff9f:11,44b6_2a2eff9f:13,1,428.0
continuation_conflict,16.0,16.0,p16_d16,44b6_587a1e22,44b6_587a1e22:19,44b6_587a1e22:24,1,265.0
continuation_conflict,16.0,16.0,p16_d16,44b6_5f15d135,44b6_5f15d135:36,44b6_5f15d135:103,1,824.0
continuation_conflict,16.0,16.0,p16_d16,44b6_74d0c52e,44b6_74d0c52e:58,44b6_74d0c52e:59,1,167.0
continuation_conflict,16.0,16.0,p16_d16,44b6_996155de,44b6_996155de:19,44b6_996155de:60,1,1.0
continuation_conflict,16.0,16.0,p16_d16,44b6_9be80b04,44b6_9be80b04:77,44b6_9be80b04:155,1,309.0
continuation_conflict,16.0,16.0,p16_d16,44b6_aaf8b0ea,44b6_aaf8b0ea:61,44b6_aaf8b0ea:93,1,1594.0
continuation_conflict,16.0,16.0,p16_d16,44b6_c50204e0,44b6_c50204e0:28,44b6_c50204e0:43,1,2489.0
continuation_conflict,16.0,16.0,p16_d16,44b6_c50204e0,44b6_c50204e0:65,44b6_c50204e0:184,1,196.0
continuation_conflict,16.0,16.0,p16_d16,44b6_d2f34f90,44b6_d2f34f90:51,44b6_d2f34f90:103,1,171.0
continuation_conflict,16.0,16.0,p16_d16,44b6_d2f34f90,44b6_d2f34f90:62,44b6_d2f34f90:137,1,793.0
continuation_conflict,16.0,16.0,p16_d16,44b6_d754aa59,44b6_d754aa59:63,44b6_d754aa59:54,1,5.0
continuation_conflict,16.0,16.0,p16_d16,44b6_deabac95,44b6_deabac95:28,44b6_deabac95:15,1,979.0
continuation_conflict,16.0,16.0,p16_d16,44b6_eb2880fc,44b6_eb2880fc:72,44b6_eb2880fc:282,1,1834.0
continuation_conflict,16.0,16.0,p16_d16,6bba_05db0fb1,6bba_05db0fb1:24,6bba_05db0fb1:229,1,2.0
continuation_conflict,16.0,16.0,p16_d16,6bba_05db0fb1,6bba_05db0fb1:62,6bba_05db0fb1:751,1,4271.0
continuation_conflict,16.0,16.0,p16_d16,6bba_207c6aaf,6bba_207c6aaf:41,6bba_207c6aaf:146,1,578.0
continuation_conflict,16.0,16.0,p16_d16,6bba_32db13fc,6bba_32db13fc:5,6bba_32db13fc:115,1,13368.0
continuation_conflict,16.0,16.0,p16_d16,6bba_474be664,6bba_474be664:63,6bba_474be664:205,1,31.0
continuation_conflict,16.0,16.0,p16_d16,6bba_5c039895,6bba_5c039895:10,6bba_5c039895:121,1,42.0
continuation_conflict,16.0,16.0,p16_d16,6bba_5c039895,6bba_5c039895:58,6bba_5c039895:680,1,9.0
continuation_conflict,16.0,16.0,p16_d16,6bba_705ec2c9,6bba_705ec2c9:42,6bba_705ec2c9:250,1,41.0
continuation_conflict,16.0,16.0,p16_d16,6bba_7af54fde,6bba_7af54fde:52,6bba_7af54fde:556,1,10.0
continuation_conflict,16.0,16.0,p16_d16,6bba_7af54fde,6bba_7af54fde:55,6bba_7af54fde:590,1,283.0
continuation_conflict,16.0,16.0,p16_d16,6bba_907271db,6bba_907271db:96,6bba_907271db:902,1,1.0
continuation_conflict,16.0,16.0,p16_d16,6bba_afb141ff,6bba_afb141ff:28,6bba_afb141ff:115,1,23.0
continuation_conflict,16.0,16.0,p16_d16,6bba_afb141ff,6bba_afb141ff:48,6bba_afb141ff:304,1,115.0
continuation_conflict,16.0,16.0,p16_d16,6bba_d1acb6ff,6bba_d1acb6ff:67,6bba_d1acb6ff:414,1,136.0
continuation_conflict,16.0,16.0,p16_d16,6bba_e16ffc58,6bba_e16ffc58:26,6bba_e16ffc58:331,1,30.0
continuation_conflict,16.0,16.0,p16_d16,6bba_fe670320,6bba_fe670320:0,6bba_fe670320:4,1,1.0
continuation_conflict,16.0,16.0,p16_d16,6bba_fe670320,6bba_fe670320:66,6bba_fe670320:519,1,78.0
candidate_base,16.0,20.0,p16_d20,44b6_2a2eff9f,44b6_2a2eff9f:11,44b6_2a2eff9f:13,1,10625.5
candidate_base,16.0,20.0,p16_d20,44b6_587a1e22,44b6_587a1e22:19,44b6_587a1e22:24,1,199.0
candidate_base,16.0,20.0,p16_d20,44b6_5f15d135,44b6_5f15d135:36,44b6_5f15d135:103,1,915.5
candidate_base,16.0,20.0,p16_d20,44b6_74d0c52e,44b6_74d0c52e:58,44b6_74d0c52e:59,1,623.0
candidate_base,16.0,20.0,p16_d20,44b6_996155de,44b6_996155de:19,44b6_996155de:60,1,12.0
candidate_base,16.0,20.0,p16_d20,44b6_9be80b04,44b6_9be80b04:77,44b6_9be80b04:155,1,440.0
candidate_base,16.0,20.0,p16_d20,44b6_aaf8b0ea,44b6_aaf8b0ea:61,44b6_aaf8b0ea:93,1,1400.5
candidate_base,16.0,20.0,p16_d20,44b6_c50204e0,44b6_c50204e0:28,44b6_c50204e0:43,1,3106.0
candidate_base,16.0,20.0,p16_d20,44b6_c50204e0,44b6_c50204e0:65,44b6_c50204e0:184,1,1231.0
candidate_base,16.0,20.0,p16_d20,44b6_d2f34f90,44b6_d2f34f90:51,44b6_d2f34f90:103,1,476.0
candidate_base,16.0,20.0,p16_d20,44b6_d2f34f90,44b6_d2f34f90:62,44b6_d2f34f90:137,1,1326.0
candidate_base,16.0,20.0,p16_d20,44b6_d754aa59,44b6_d754aa59:63,44b6_d754aa59:54,1,1.0
candidate_base,16.0,20.0,p16_d20,44b6_deabac95,44b6_deabac95:28,44b6_deabac95:15,1,1281.5
candidate_base,16.0,20.0,p16_d20,44b6_eb2880fc,44b6_eb2880fc:72,44b6_eb2880fc:282,1,12246.0
candidate_base,16.0,20.0,p16_d20,6bba_05db0fb1,6bba_05db0fb1:24,6bba_05db0fb1:229,1,1234.0
candidate_base,16.0,20.0,p16_d20,6bba_05db0fb1,6bba_05db0fb1:62,6bba_05db0fb1:751,1,24503.5
candidate_base,16.0,20.0,p16_d20,6bba_207c6aaf,6bba_207c6aaf:41,6bba_207c6aaf:146,1,6109.0
candidate_base,16.0,20.0,p16_d20,6bba_32db13fc,6bba_32db13fc:5,6bba_32db13fc:115,1,38650.0
candidate_base,16.0,20.0,p16_d20,6bba_474be664,6bba_474be664:63,6bba_474be664:205,1,381.5
candidate_base,16.0,20.0,p16_d20,6bba_5c039895,6bba_5c039895:10,6bba_5c039895:121,1,21.0
candidate_base,16.0,20.0,p16_d20,6bba_5c039895,6bba_5c039895:58,6bba_5c039895:680,1,7.0
candidate_base,16.0,20.0,p16_d20,6bba_705ec2c9,6bba_705ec2c9:42,6bba_705ec2c9:250,1,37.0
candidate_base,16.0,20.0,p16_d20,6bba_7af54fde,6bba_7af54fde:52,6bba_7af54fde:556,1,256.0
candidate_base,16.0,20.0,p16_d20,6bba_7af54fde,6bba_7af54fde:55,6bba_7af54fde:590,1,836.0
candidate_base,16.0,20.0,p16_d20,6bba_907271db,6bba_907271db:96,6bba_907271db:902,1,2.0
candidate_base,16.0,20.0,p16_d20,6bba_afb141ff,6bba_afb141ff:28,6bba_afb141ff:115,1,84.0
candidate_base,16.0,20.0,p16_d20,6bba_afb141ff,6bba_afb141ff:48,6bba_afb141ff:304,1,155.0
candidate_base,16.0,20.0,p16_d20,6bba_d1acb6ff,6bba_d1acb6ff:67,6bba_d1acb6ff:414,1,349.0
candidate_base,16.0,20.0,p16_d20,6bba_e16ffc58,6bba_e16ffc58:26,6bba_e16ffc58:331,1,22.0
candidate_base,16.0,20.0,p16_d20,6bba_fe670320,6bba_fe670320:0,6bba_fe670320:4,1,1.0
candidate_base,16.0,20.0,p16_d20,6bba_fe670320,6bba_fe670320:66,6bba_fe670320:519,1,37.0
continuation_conflict,16.0,20.0,p16_d20,44b6_2a2eff9f,44b6_2a2eff9f:11,44b6_2a2eff9f:13,1,707.0
continuation_conflict,16.0,20.0,p16_d20,44b6_587a1e22,44b6_587a1e22:19,44b6_587a1e22:24,1,326.0
continuation_conflict,16.0,20.0,p16_d20,44b6_5f15d135,44b6_5f15d135:36,44b6_5f15d135:103,1,1328.0
continuation_conflict,16.0,20.0,p16_d20,44b6_74d0c52e,44b6_74d0c52e:58,44b6_74d0c52e:59,1,228.0
continuation_conflict,16.0,20.0,p16_d20,44b6_996155de,44b6_996155de:19,44b6_996155de:60,1,1.0
continuation_conflict,16.0,20.0,p16_d20,44b6_9be80b04,44b6_9be80b04:77,44b6_9be80b04:155,1,456.0
continuation_conflict,16.0,20.0,p16_d20,44b6_aaf8b0ea,44b6_aaf8b0ea:61,44b6_aaf8b0ea:93,1,2882.0
continuation_conflict,16.0,20.0,p16_d20,44b6_c50204e0,44b6_c50204e0:28,44b6_c50204e0:43,1,3828.0
continuation_conflict,16.0,20.0,p16_d20,44b6_c50204e0,44b6_c50204e0:65,44b6_c50204e0:184,1,332.0
continuation_conflict,16.0,20.0,p16_d20,44b6_d2f34f90,44b6_d2f34f90:51,44b6_d2f34f90:103,1,298.0
continuation_conflict,16.0,20.0,p16_d20,44b6_d2f34f90,44b6_d2f34f90:62,44b6_d2f34f90:137,1,1267.0
continuation_conflict,16.0,20.0,p16_d20,44b6_d754aa59,44b6_d754aa59:63,44b6_d754aa59:54,1,8.0
continuation_conflict,16.0,20.0,p16_d20,44b6_deabac95,44b6_deabac95:28,44b6_deabac95:15,1,1512.0
continuation_conflict,16.0,20.0,p16_d20,44b6_eb2880fc,44b6_eb2880fc:72,44b6_eb2880fc:282,1,2738.0
continuation_conflict,16.0,20.0,p16_d20,6bba_05db0fb1,6bba_05db0fb1:24,6bba_05db0fb1:229,1,12.0
continuation_conflict,16.0,20.0,p16_d20,6bba_05db0fb1,6bba_05db0fb1:62,6bba_05db0fb1:751,1,6135.0
continuation_conflict,16.0,20.0,p16_d20,6bba_207c6aaf,6bba_207c6aaf:41,6bba_207c6aaf:146,1,957.0
continuation_conflict,16.0,20.0,p16_d20,6bba_32db13fc,6bba_32db13fc:5,6bba_32db13fc:115,1,21088.0
continuation_conflict,16.0,20.0,p16_d20,6bba_474be664,6bba_474be664:63,6bba_474be664:205,1,53.0
continuation_conflict,16.0,20.0,p16_d20,6bba_5c039895,6bba_5c039895:10,6bba_5c039895:121,1,57.0
continuation_conflict,16.0,20.0,p16_d20,6bba_5c039895,6bba_5c039895:58,6bba_5c039895:680,1,11.0
continuation_conflict,16.0,20.0,p16_d20,6bba_705ec2c9,6bba_705ec2c9:42,6bba_705ec2c9:250,1,66.0
continuation_conflict,16.0,20.0,p16_d20,6bba_7af54fde,6bba_7af54fde:52,6bba_7af54fde:556,1,16.0
continuation_conflict,16.0,20.0,p16_d20,6bba_7af54fde,6bba_7af54fde:55,6bba_7af54fde:590,1,413.0
continuation_conflict,16.0,20.0,p16_d20,6bba_907271db,6bba_907271db:96,6bba_907271db:902,1,1.0
continuation_conflict,16.0,20.0,p16_d20,6bba_afb141ff,6bba_afb141ff:28,6bba_afb141ff:115,1,49.0
continuation_conflict,16.0,20.0,p16_d20,6bba_afb141ff,6bba_afb141ff:48,6bba_afb141ff:304,1,132.0
continuation_conflict,16.0,20.0,p16_d20,6bba_d1acb6ff,6bba_d1acb6ff:67,6bba_d1acb6ff:414,1,192.0
continuation_conflict,16.0,20.0,p16_d20,6bba_e16ffc58,6bba_e16ffc58:26,6bba_e16ffc58:331,1,41.0
continuation_conflict,16.0,20.0,p16_d20,6bba_fe670320,6bba_fe670320:0,6bba_fe670320:4,1,1.0
continuation_conflict,16.0,20.0,p16_d20,6bba_fe670320,6bba_fe670320:66,6bba_fe670320:519,1,125.0
