arm,video,event_id,candidate_id,label,score
geometry_1_05_focus0,44b6_2a2eff9f,44b6_2a2eff9f:13,union|44b6_2a2eff9f:13|0,0,-19.242240143840885
geometry_1_05_focus0,44b6_2a2eff9f,44b6_2a2eff9f:13,union|44b6_2a2eff9f:13|1,0,-17.962797105206374
geometry_1_05_focus0,44b6_2a2eff9f,44b6_2a2eff9f:13,union|44b6_2a2eff9f:13|2,0,-20.886427191927226
geometry_1_05_focus0,44b6_2a2eff9f,44b6_2a2eff9f:13,union|44b6_2a2eff9f:13|3,0,-17.210725513182272
geometry_1_05_focus0,44b6_2a2eff9f,44b6_2a2eff9f:13,union|44b6_2a2eff9f:13|4,0,-20.627922341997973
geometry_1_05_focus0,44b6_2a2eff9f,44b6_2a2eff9f:13,union|44b6_2a2eff9f:13|5,0,-16.303339861809448
geometry_1_05_focus0,44b6_2a2eff9f,44b6_2a2eff9f:13,union|44b6_2a2eff9f:13|6,0,-18.240579760522962
geometry_1_05_focus0,44b6_2a2eff9f,44b6_2a2eff9f:13,union|44b6_2a2eff9f:13|7,0,-21.274133512443093
geometry_1_05_focus0,44b6_2a2eff9f,44b6_2a2eff9f:13,union|44b6_2a2eff9f:13|8,0,-23.38478116233508
geometry_1_05_focus0,44b6_2a2eff9f,44b6_2a2eff9f:13,union|44b6_2a2eff9f:13|9,0,-18.202298834637595
geometry_1_05_focus0,44b6_2a2eff9f,44b6_2a2eff9f:13,union|44b6_2a2eff9f:13|10,0,-17.14190150307779
geometry_1_05_focus0,44b6_2a2eff9f,44b6_2a2eff9f:13,union|44b6_2a2eff9f:13|11,0,-16.138801281632734
geometry_1_05_focus0,44b6_2a2eff9f,44b6_2a2eff9f:13,union|44b6_2a2eff9f:13|12,0,-21.77568188194121
geometry_1_05_focus0,44b6_2a2eff9f,44b6_2a2eff9f:13,union|44b6_2a2eff9f:13|13,0,-19.03748358502247
geometry_1_05_focus0,44b6_2a2eff9f,44b6_2a2eff9f:13,union|44b6_2a2eff9f:13|14,0,-21.32909142492803
geometry_1_05_focus0,44b6_2a2eff9f,44b6_2a2eff9f:13,union|44b6_2a2eff9f:13|15,0,-17.721049786046468
geometry_1_05_focus0,44b6_2a2eff9f,44b6_2a2eff9f:13,union|44b6_2a2eff9f:13|16,0,-16.115472303723646
geometry_1_05_focus0,44b6_2a2eff9f,44b6_2a2eff9f:13,union|44b6_2a2eff9f:13|17,0,-19.257870236787102
geometry_1_05_focus0,44b6_2a2eff9f,44b6_2a2eff9f:13,union|44b6_2a2eff9f:13|18,0,-19.89589517487647
geometry_1_05_focus0,44b6_2a2eff9f,44b6_2a2eff9f:13,union|44b6_2a2eff9f:13|19,0,-16.363000616498745
geometry_1_05_focus0,44b6_2a2eff9f,44b6_2a2eff9f:13,union|44b6_2a2eff9f:13|20,0,-20.3702425971407
geometry_1_05_focus0,44b6_2a2eff9f,44b6_2a2eff9f:13,union|44b6_2a2eff9f:13|21,0,-14.420444471305313
geometry_1_05_focus0,44b6_2a2eff9f,44b6_2a2eff9f:13,union|44b6_2a2eff9f:13|22,0,-20.424915217969705
geometry_1_05_focus0,44b6_2a2eff9f,44b6_2a2eff9f:13,union|44b6_2a2eff9f:13|23,0,-16.886405778098407
geometry_1_05_focus0,44b6_2a2eff9f,44b6_2a2eff9f:13,union|44b6_2a2eff9f:13|24,0,-20.099001572073025
geometry_1_05_focus0,44b6_2a2eff9f,44b6_2a2eff9f:13,union|44b6_2a2eff9f:13|25,0,-19.83936226502314
geometry_1_05_focus0,44b6_2a2eff9f,44b6_2a2eff9f:13,union|44b6_2a2eff9f:13|26,0,-23.315738630787465
geometry_1_05_focus0,44b6_2a2eff9f,44b6_2a2eff9f:13,union|44b6_2a2eff9f:13|27,0,-21.991930517746184
geometry_1_05_focus0,44b6_2a2eff9f,44b6_2a2eff9f:13,union|44b6_2a2eff9f:13|28,0,-21.614389279472135
geometry_1_05_focus0,44b6_2a2eff9f,44b6_2a2eff9f:13,union|44b6_2a2eff9f:13|29,0,-18.722792760429734
geometry_1_05_focus0,44b6_2a2eff9f,44b6_2a2eff9f:13,union|44b6_2a2eff9f:13|30,0,-18.0713376310016
geometry_1_05_focus0,44b6_2a2eff9f,44b6_2a2eff9f:13,union|44b6_2a2eff9f:13|31,0,-18.097023250088938
geometry_1_05_focus0,44b6_2a2eff9f,44b6_2a2eff9f:13,union|44b6_2a2eff9f:13|32,0,-22.55612148385847
geometry_1_05_focus0,44b6_2a2eff9f,44b6_2a2eff9f:13,union|44b6_2a2eff9f:13|33,0,-20.019236968827652
geometry_1_05_focus0,44b6_2a2eff9f,44b6_2a2eff9f:13,union|44b6_2a2eff9f:13|34,1,-18.402721435972452
geometry_1_05_focus0,44b6_2a2eff9f,44b6_2a2eff9f:13,union|44b6_2a2eff9f:13|35,0,-23.756740797717747
geometry_1_05_focus0,44b6_2a2eff9f,44b6_2a2eff9f:13,union|44b6_2a2eff9f:13|36,0,-18.342940118095946
geometry_1_05_focus0,44b6_2a2eff9f,44b6_2a2eff9f:13,union|44b6_2a2eff9f:13|37,0,-17.560763777241874
geometry_1_05_focus0,44b6_2a2eff9f,44b6_2a2eff9f:13,union|44b6_2a2eff9f:13|38,0,-21.22578120376672
geometry_1_05_focus0,44b6_2a2eff9f,44b6_2a2eff9f:13,union|44b6_2a2eff9f:13|39,0,-20.247395665862808
geometry_1_05_focus0,44b6_2a2eff9f,44b6_2a2eff9f:13,union|44b6_2a2eff9f:13|40,0,-17.61516229480149
geometry_1_05_focus0,44b6_2a2eff9f,44b6_2a2eff9f:13,union|44b6_2a2eff9f:13|41,0,-23.63606091145765
geometry_1_05_focus0,44b6_2a2eff9f,44b6_2a2eff9f:13,union|44b6_2a2eff9f:13|42,0,-15.025759132236882
geometry_1_05_focus0,44b6_2a2eff9f,44b6_2a2eff9f:13,union|44b6_2a2eff9f:13|43,0,-19.659682384442156
geometry_1_05_focus0,44b6_2a2eff9f,44b6_2a2eff9f:13,union|44b6_2a2eff9f:13|44,0,-20.672748108972964
geometry_1_05_focus0,44b6_2a2eff9f,44b6_2a2eff9f:13,union|44b6_2a2eff9f:13|45,0,-21.9375
geometry_1_05_focus0,44b6_2a2eff9f,44b6_2a2eff9f:13,union|44b6_2a2eff9f:13|46,0,-21.29343428809647
geometry_1_05_focus0,44b6_2a2eff9f,44b6_2a2eff9f:13,union|44b6_2a2eff9f:13|47,0,-24.41517736724535
geometry_1_05_focus0,44b6_2a2eff9f,44b6_2a2eff9f:13,union|44b6_2a2eff9f:13|48,0,-17.89269799547505
geometry_1_05_focus0,44b6_2a2eff9f,44b6_2a2eff9f:13,union|44b6_2a2eff9f:13|49,0,-20.696042815191756
geometry_1_05_focus0,44b6_2a2eff9f,44b6_2a2eff9f:13,union|44b6_2a2eff9f:13|50,0,-14.710153304375883
geometry_1_05_focus0,44b6_2a2eff9f,44b6_2a2eff9f:13,union|44b6_2a2eff9f:13|51,0,-20.56399755535594
geometry_1_05_focus0,44b6_2a2eff9f,44b6_2a2eff9f:13,union|44b6_2a2eff9f:13|52,0,-19.015874086407408
geometry_1_05_focus0,44b6_2a2eff9f,44b6_2a2eff9f:13,union|44b6_2a2eff9f:13|53,0,-22.793133757065107
geometry_1_05_focus0,44b6_587a1e22,44b6_587a1e22:24,union|44b6_587a1e22:24|0,0,-19.15842623155119
geometry_1_05_focus0,44b6_587a1e22,44b6_587a1e22:24,union|44b6_587a1e22:24|1,0,-22.375756011512685
geometry_1_05_focus0,44b6_587a1e22,44b6_587a1e22:24,union|44b6_587a1e22:24|2,0,-22.988604880629655
geometry_1_05_focus0,44b6_587a1e22,44b6_587a1e22:24,union|44b6_587a1e22:24|3,0,-23.10250421937632
geometry_1_05_focus0,44b6_587a1e22,44b6_587a1e22:24,union|44b6_587a1e22:24|4,0,-24.10161140778275
geometry_1_05_focus0,44b6_587a1e22,44b6_587a1e22:24,union|44b6_587a1e22:24|5,0,-19.763701197773617
geometry_1_05_focus0,44b6_587a1e22,44b6_587a1e22:24,union|44b6_587a1e22:24|6,0,-14.721524059627566
geometry_1_05_focus0,44b6_587a1e22,44b6_587a1e22:24,union|44b6_587a1e22:24|7,0,-25.452564103082025
geometry_1_05_focus0,44b6_587a1e22,44b6_587a1e22:24,union|44b6_587a1e22:24|8,0,-13.249096102494306
geometry_1_05_focus0,44b6_587a1e22,44b6_587a1e22:24,union|44b6_587a1e22:24|9,0,-18.97771890181656
geometry_1_05_focus0,44b6_587a1e22,44b6_587a1e22:24,union|44b6_587a1e22:24|10,0,-25.59187227553532
geometry_1_05_focus0,44b6_587a1e22,44b6_587a1e22:24,union|44b6_587a1e22:24|11,0,-18.04277794877296
geometry_1_05_focus0,44b6_587a1e22,44b6_587a1e22:24,union|44b6_587a1e22:24|12,0,-22.027227283054742
geometry_1_05_focus0,44b6_587a1e22,44b6_587a1e22:24,union|44b6_587a1e22:24|13,0,-20.427410598191067
geometry_1_05_focus0,44b6_587a1e22,44b6_587a1e22:24,union|44b6_587a1e22:24|14,0,-24.267000711737992
geometry_1_05_focus0,44b6_587a1e22,44b6_587a1e22:24,union|44b6_587a1e22:24|15,0,-23.02106616830438
geometry_1_05_focus0,44b6_587a1e22,44b6_587a1e22:24,union|44b6_587a1e22:24|16,0,-20.239160437587174
geometry_1_05_focus0,44b6_587a1e22,44b6_587a1e22:24,union|44b6_587a1e22:24|17,0,-21.082878337598444
geometry_1_05_focus0,44b6_587a1e22,44b6_587a1e22:24,union|44b6_587a1e22:24|18,1,-15.880551376349668
geometry_1_05_focus0,44b6_587a1e22,44b6_587a1e22:24,union|44b6_587a1e22:24|19,0,-22.019835668624353
geometry_1_05_focus0,44b6_587a1e22,44b6_587a1e22:24,union|44b6_587a1e22:24|20,0,-18.505708954623536
geometry_1_05_focus0,44b6_587a1e22,44b6_587a1e22:24,union|44b6_587a1e22:24|21,0,-19.10498285741742
geometry_1_05_focus0,44b6_587a1e22,44b6_587a1e22:24,union|44b6_587a1e22:24|22,0,-25.149414968743674
geometry_1_05_focus0,44b6_587a1e22,44b6_587a1e22:24,union|44b6_587a1e22:24|23,0,-24.17663810280081
geometry_1_05_focus0,44b6_587a1e22,44b6_587a1e22:24,union|44b6_587a1e22:24|24,0,-25.018884865533565
geometry_1_05_focus0,44b6_587a1e22,44b6_587a1e22:24,union|44b6_587a1e22:24|25,0,-22.884618101359166
geometry_1_05_focus0,44b6_587a1e22,44b6_587a1e22:24,union|44b6_587a1e22:24|26,0,-25.490102420179895
geometry_1_05_focus0,44b6_587a1e22,44b6_587a1e22:24,union|44b6_587a1e22:24|27,0,-15.574872959505152
geometry_1_05_focus0,44b6_587a1e22,44b6_587a1e22:24,union|44b6_587a1e22:24|28,0,-18.826182578237248
geometry_1_05_focus0,44b6_587a1e22,44b6_587a1e22:24,union|44b6_587a1e22:24|29,0,-21.383027924320274
geometry_1_05_focus0,44b6_587a1e22,44b6_587a1e22:24,union|44b6_587a1e22:24|30,0,-14.21561798410066
geometry_1_05_focus0,44b6_587a1e22,44b6_587a1e22:24,union|44b6_587a1e22:24|31,0,-21.58253670373316
geometry_1_05_focus0,44b6_587a1e22,44b6_587a1e22:24,union|44b6_587a1e22:24|32,0,-19.736879265965612
geometry_1_05_focus0,44b6_587a1e22,44b6_587a1e22:24,union|44b6_587a1e22:24|33,0,-16.95052442380728
geometry_1_05_focus0,44b6_587a1e22,44b6_587a1e22:24,union|44b6_587a1e22:24|34,0,-23.781196502914046
geometry_1_05_focus0,44b6_587a1e22,44b6_587a1e22:24,union|44b6_587a1e22:24|35,0,-19.53830247202154
geometry_1_05_focus0,44b6_587a1e22,44b6_587a1e22:24,union|44b6_587a1e22:24|36,0,-19.739400769312066
geometry_1_05_focus0,44b6_5f15d135,44b6_5f15d135:103,union|44b6_5f15d135:103|0,0,-18.97771890181656
geometry_1_05_focus0,44b6_5f15d135,44b6_5f15d135:103,union|44b6_5f15d135:103|1,0,-14.508460955066893
geometry_1_05_focus0,44b6_5f15d135,44b6_5f15d135:103,union|44b6_5f15d135:103|2,0,-15.574872959505152
geometry_1_05_focus0,44b6_5f15d135,44b6_5f15d135:103,union|44b6_5f15d135:103|3,0,-19.357206148897724
geometry_1_05_focus0,44b6_5f15d135,44b6_5f15d135:103,union|44b6_5f15d135:103|4,0,-20.306461985619933
geometry_1_05_focus0,44b6_5f15d135,44b6_5f15d135:103,union|44b6_5f15d135:103|5,0,-20.878762496067992
geometry_1_05_focus0,44b6_5f15d135,44b6_5f15d135:103,union|44b6_5f15d135:103|6,0,-20.04317188405564
geometry_1_05_focus0,44b6_5f15d135,44b6_5f15d135:103,union|44b6_5f15d135:103|7,0,-23.60942551392153
geometry_1_05_focus0,44b6_5f15d135,44b6_5f15d135:103,union|44b6_5f15d135:103|8,0,-21.140179037113818
geometry_1_05_focus0,44b6_5f15d135,44b6_5f15d135:103,union|44b6_5f15d135:103|9,0,-16.71872673704444
geometry_1_05_focus0,44b6_5f15d135,44b6_5f15d135:103,union|44b6_5f15d135:103|10,0,-15.618504278129318
geometry_1_05_focus0,44b6_5f15d135,44b6_5f15d135:103,union|44b6_5f15d135:103|11,0,-22.186307395098602
geometry_1_05_focus0,44b6_5f15d135,44b6_5f15d135:103,union|44b6_5f15d135:103|12,0,-24.387127226618
geometry_1_05_focus0,44b6_5f15d135,44b6_5f15d135:103,union|44b6_5f15d135:103|13,0,-17.596399758310344
geometry_1_05_focus0,44b6_5f15d135,44b6_5f15d135:103,union|44b6_5f15d135:103|14,0,-19.89040656702804
geometry_1_05_focus0,44b6_5f15d135,44b6_5f15d135:103,union|44b6_5f15d135:103|15,0,-24.218111897637367
geometry_1_05_focus0,44b6_5f15d135,44b6_5f15d135:103,union|44b6_5f15d135:103|16,0,-17.433148169101536
geometry_1_05_focus0,44b6_5f15d135,44b6_5f15d135:103,union|44b6_5f15d135:103|17,0,-21.179528912121235
geometry_1_05_focus0,44b6_5f15d135,44b6_5f15d135:103,union|44b6_5f15d135:103|18,0,-16.31670890186478
geometry_1_05_focus0,44b6_5f15d135,44b6_5f15d135:103,union|44b6_5f15d135:103|19,0,-20.226470750938574
geometry_1_05_focus0,44b6_5f15d135,44b6_5f15d135:103,union|44b6_5f15d135:103|20,1,-14.088317307779342
geometry_1_05_focus0,44b6_5f15d135,44b6_5f15d135:103,union|44b6_5f15d135:103|21,0,-23.025099379097917
geometry_1_05_focus0,44b6_5f15d135,44b6_5f15d135:103,union|44b6_5f15d135:103|22,0,-16.940900889437135
geometry_1_05_focus0,44b6_5f15d135,44b6_5f15d135:103,union|44b6_5f15d135:103|23,0,-11.896931284032714
geometry_1_05_focus0,44b6_5f15d135,44b6_5f15d135:103,union|44b6_5f15d135:103|24,0,-21.30701660340433
geometry_1_05_focus0,44b6_5f15d135,44b6_5f15d135:103,union|44b6_5f15d135:103|25,0,-22.530696304123097
geometry_1_05_focus0,44b6_5f15d135,44b6_5f15d135:103,union|44b6_5f15d135:103|26,0,-13.887388313575583
geometry_1_05_focus0,44b6_5f15d135,44b6_5f15d135:103,union|44b6_5f15d135:103|27,0,-17.973520667360283
geometry_1_05_focus0,44b6_5f15d135,44b6_5f15d135:103,union|44b6_5f15d135:103|28,0,-18.930651775540127
geometry_1_05_focus0,44b6_5f15d135,44b6_5f15d135:103,union|44b6_5f15d135:103|29,0,-18.28709035774215
geometry_1_05_focus0,44b6_5f15d135,44b6_5f15d135:103,union|44b6_5f15d135:103|30,0,-17.282586760299175
geometry_1_05_focus0,44b6_5f15d135,44b6_5f15d135:103,union|44b6_5f15d135:103|31,0,-19.814047669498294
geometry_1_05_focus0,44b6_5f15d135,44b6_5f15d135:103,union|44b6_5f15d135:103|32,0,-16.754155723348312
geometry_1_05_focus0,44b6_5f15d135,44b6_5f15d135:103,union|44b6_5f15d135:103|33,0,-18.42890530138536
geometry_1_05_focus0,44b6_5f15d135,44b6_5f15d135:103,union|44b6_5f15d135:103|34,0,-20.442411734860997
geometry_1_05_focus0,44b6_5f15d135,44b6_5f15d135:103,union|44b6_5f15d135:103|35,0,-21.442548534941885
geometry_1_05_focus0,44b6_5f15d135,44b6_5f15d135:103,union|44b6_5f15d135:103|36,0,-18.960189663614123
geometry_1_05_focus0,44b6_5f15d135,44b6_5f15d135:103,union|44b6_5f15d135:103|37,0,-22.335301508264237
geometry_1_05_focus0,44b6_5f15d135,44b6_5f15d135:103,union|44b6_5f15d135:103|38,0,-21.484290269989124
geometry_1_05_focus0,44b6_5f15d135,44b6_5f15d135:103,union|44b6_5f15d135:103|39,0,-22.28211916087352
geometry_1_05_focus0,44b6_5f15d135,44b6_5f15d135:103,union|44b6_5f15d135:103|40,0,-21.923762786171437
geometry_1_05_focus0,44b6_5f15d135,44b6_5f15d135:103,union|44b6_5f15d135:103|41,0,-19.855684683833335
geometry_1_05_focus0,44b6_5f15d135,44b6_5f15d135:103,union|44b6_5f15d135:103|42,0,-14.631734571262431
geometry_1_05_focus0,44b6_5f15d135,44b6_5f15d135:103,union|44b6_5f15d135:103|43,0,-18.043413396852447
geometry_1_05_focus0,44b6_5f15d135,44b6_5f15d135:103,union|44b6_5f15d135:103|44,0,-22.674361755488096
geometry_1_05_focus0,44b6_5f15d135,44b6_5f15d135:103,union|44b6_5f15d135:103|45,0,-17.537676806290424
geometry_1_05_focus0,44b6_5f15d135,44b6_5f15d135:103,union|44b6_5f15d135:103|46,0,-19.306736815891473
geometry_1_05_focus0,44b6_5f15d135,44b6_5f15d135:103,union|44b6_5f15d135:103|47,0,-21.327587604775097
geometry_1_05_focus0,44b6_5f15d135,44b6_5f15d135:103,union|44b6_5f15d135:103|48,0,-24.79923459664653
geometry_1_05_focus0,44b6_5f15d135,44b6_5f15d135:103,union|44b6_5f15d135:103|49,0,-22.859239511402475
geometry_1_05_focus0,44b6_5f15d135,44b6_5f15d135:103,union|44b6_5f15d135:103|50,0,-22.627129048537192
geometry_1_05_focus0,44b6_5f15d135,44b6_5f15d135:103,union|44b6_5f15d135:103|51,0,-23.348618369173252
geometry_1_05_focus0,44b6_5f15d135,44b6_5f15d135:103,union|44b6_5f15d135:103|52,0,-17.73141611442464
geometry_1_05_focus0,44b6_5f15d135,44b6_5f15d135:103,union|44b6_5f15d135:103|53,0,-21.18544176747643
geometry_1_05_focus0,44b6_5f15d135,44b6_5f15d135:103,union|44b6_5f15d135:103|54,0,-19.337365072829186
geometry_1_05_focus0,44b6_5f15d135,44b6_5f15d135:103,union|44b6_5f15d135:103|55,0,-14.274741290187958
geometry_1_05_focus0,44b6_5f15d135,44b6_5f15d135:103,union|44b6_5f15d135:103|56,0,-17.8166798707234
geometry_1_05_focus0,44b6_5f15d135,44b6_5f15d135:103,union|44b6_5f15d135:103|57,0,-19.181362094492798
geometry_1_05_focus0,44b6_5f15d135,44b6_5f15d135:103,union|44b6_5f15d135:103|58,0,-20.48473684189326
geometry_1_05_focus0,44b6_5f15d135,44b6_5f15d135:103,union|44b6_5f15d135:103|59,0,-13.41837958789396
geometry_1_05_focus0,44b6_5f15d135,44b6_5f15d135:103,union|44b6_5f15d135:103|60,0,-13.918937250472517
geometry_1_05_focus0,44b6_5f15d135,44b6_5f15d135:103,union|44b6_5f15d135:103|61,0,-19.532900019856644
geometry_1_05_focus0,44b6_5f15d135,44b6_5f15d135:103,union|44b6_5f15d135:103|62,0,-20.80870233167098
geometry_1_05_focus0,44b6_5f15d135,44b6_5f15d135:103,union|44b6_5f15d135:103|63,0,-18.932890970350257
geometry_1_05_focus0,44b6_5f15d135,44b6_5f15d135:103,union|44b6_5f15d135:103|64,0,-19.468654144253698
geometry_1_05_focus0,44b6_5f15d135,44b6_5f15d135:103,union|44b6_5f15d135:103|65,0,-19.103723914161538
geometry_1_05_focus0,44b6_5f15d135,44b6_5f15d135:103,union|44b6_5f15d135:103|66,0,-15.659550988981692
geometry_1_05_focus0,44b6_74d0c52e,44b6_74d0c52e:59,union|44b6_74d0c52e:59|0,0,-16.248901789337634
geometry_1_05_focus0,44b6_74d0c52e,44b6_74d0c52e:59,union|44b6_74d0c52e:59|1,0,-17.367114084252716
geometry_1_05_focus0,44b6_74d0c52e,44b6_74d0c52e:59,union|44b6_74d0c52e:59|2,0,-21.000553871741094
geometry_1_05_focus0,44b6_74d0c52e,44b6_74d0c52e:59,union|44b6_74d0c52e:59|3,0,-16.35124708546721
geometry_1_05_focus0,44b6_74d0c52e,44b6_74d0c52e:59,union|44b6_74d0c52e:59|4,0,-19.26603087986341
geometry_1_05_focus0,44b6_74d0c52e,44b6_74d0c52e:59,union|44b6_74d0c52e:59|5,0,-21.852061652578712
geometry_1_05_focus0,44b6_74d0c52e,44b6_74d0c52e:59,union|44b6_74d0c52e:59|6,0,-19.346119735487054
geometry_1_05_focus0,44b6_74d0c52e,44b6_74d0c52e:59,union|44b6_74d0c52e:59|7,0,-15.321941160590832
geometry_1_05_focus0,44b6_74d0c52e,44b6_74d0c52e:59,union|44b6_74d0c52e:59|8,0,-15.201004078287687
geometry_1_05_focus0,44b6_74d0c52e,44b6_74d0c52e:59,union|44b6_74d0c52e:59|9,0,-17.47101940022916
geometry_1_05_focus0,44b6_74d0c52e,44b6_74d0c52e:59,union|44b6_74d0c52e:59|10,1,-18.402721435972452
geometry_1_05_focus0,44b6_74d0c52e,44b6_74d0c52e:59,union|44b6_74d0c52e:59|11,0,-19.803295984905226
geometry_1_05_focus0,44b6_74d0c52e,44b6_74d0c52e:59,union|44b6_74d0c52e:59|12,0,-20.547854345288382
geometry_1_05_focus0,44b6_74d0c52e,44b6_74d0c52e:59,union|44b6_74d0c52e:59|13,0,-18.25746957405412
geometry_1_05_focus0,44b6_74d0c52e,44b6_74d0c52e:59,union|44b6_74d0c52e:59|14,0,-18.014375584245236
geometry_1_05_focus0,44b6_74d0c52e,44b6_74d0c52e:59,union|44b6_74d0c52e:59|15,0,-13.991722472103756
geometry_1_05_focus0,44b6_74d0c52e,44b6_74d0c52e:59,union|44b6_74d0c52e:59|16,0,-18.28834790987076
geometry_1_05_focus0,44b6_74d0c52e,44b6_74d0c52e:59,union|44b6_74d0c52e:59|17,0,-16.53192933386784
geometry_1_05_focus0,44b6_74d0c52e,44b6_74d0c52e:59,union|44b6_74d0c52e:59|18,0,-16.471701917734297
geometry_1_05_focus0,44b6_74d0c52e,44b6_74d0c52e:59,union|44b6_74d0c52e:59|19,0,-20.809901550004767
geometry_1_05_focus0,44b6_74d0c52e,44b6_74d0c52e:59,union|44b6_74d0c52e:59|20,0,-23.018995278768777
geometry_1_05_focus0,44b6_74d0c52e,44b6_74d0c52e:59,union|44b6_74d0c52e:59|21,0,-21.171643249502253
geometry_1_05_focus0,44b6_74d0c52e,44b6_74d0c52e:59,union|44b6_74d0c52e:59|22,0,-18.774984086973088
geometry_1_05_focus0,44b6_74d0c52e,44b6_74d0c52e:59,union|44b6_74d0c52e:59|23,0,-15.996973935782961
geometry_1_05_focus0,44b6_74d0c52e,44b6_74d0c52e:59,union|44b6_74d0c52e:59|24,0,-17.235727791422097
geometry_1_05_focus0,44b6_74d0c52e,44b6_74d0c52e:59,union|44b6_74d0c52e:59|25,0,-17.177985194281398
geometry_1_05_focus0,44b6_74d0c52e,44b6_74d0c52e:59,union|44b6_74d0c52e:59|26,0,-19.709732824667935
geometry_1_05_focus0,44b6_74d0c52e,44b6_74d0c52e:59,union|44b6_74d0c52e:59|27,0,-20.394682012173426
geometry_1_05_focus0,44b6_74d0c52e,44b6_74d0c52e:59,union|44b6_74d0c52e:59|28,0,-21.097400824172922
geometry_1_05_focus0,44b6_74d0c52e,44b6_74d0c52e:59,union|44b6_74d0c52e:59|29,0,-10.624816174880392
geometry_1_05_focus0,44b6_74d0c52e,44b6_74d0c52e:59,union|44b6_74d0c52e:59|30,0,-21.388975694268296
geometry_1_05_focus0,44b6_74d0c52e,44b6_74d0c52e:59,union|44b6_74d0c52e:59|31,0,-19.651753261477715
geometry_1_05_focus0,44b6_74d0c52e,44b6_74d0c52e:59,union|44b6_74d0c52e:59|32,0,-18.1230745384357
geometry_1_05_focus0,44b6_74d0c52e,44b6_74d0c52e:59,union|44b6_74d0c52e:59|33,0,-10.277964472912759
geometry_1_05_focus0,44b6_74d0c52e,44b6_74d0c52e:59,union|44b6_74d0c52e:59|34,0,-14.338741708346888
geometry_1_05_focus0,44b6_74d0c52e,44b6_74d0c52e:59,union|44b6_74d0c52e:59|35,0,-18.234701898000218
geometry_1_05_focus0,44b6_74d0c52e,44b6_74d0c52e:59,union|44b6_74d0c52e:59|36,0,-18.402270484306335
geometry_1_05_focus0,44b6_74d0c52e,44b6_74d0c52e:59,union|44b6_74d0c52e:59|37,0,-20.090558120457278
geometry_1_05_focus0,44b6_74d0c52e,44b6_74d0c52e:59,union|44b6_74d0c52e:59|38,0,-19.180377556962924
geometry_1_05_focus0,44b6_74d0c52e,44b6_74d0c52e:59,union|44b6_74d0c52e:59|39,0,-13.549545899576282
geometry_1_05_focus0,44b6_74d0c52e,44b6_74d0c52e:59,union|44b6_74d0c52e:59|40,0,-15.601708238085134
geometry_1_05_focus0,44b6_74d0c52e,44b6_74d0c52e:59,union|44b6_74d0c52e:59|41,0,-18.703495531362798
geometry_1_05_focus0,44b6_74d0c52e,44b6_74d0c52e:59,union|44b6_74d0c52e:59|42,0,-23.63327874509261
geometry_1_05_focus0,44b6_74d0c52e,44b6_74d0c52e:59,union|44b6_74d0c52e:59|43,0,-14.820788100449343
geometry_1_05_focus0,44b6_74d0c52e,44b6_74d0c52e:59,union|44b6_74d0c52e:59|44,0,-18.451613551370542
geometry_1_05_focus0,44b6_74d0c52e,44b6_74d0c52e:59,union|44b6_74d0c52e:59|45,0,-19.104554451809246
geometry_1_05_focus0,44b6_74d0c52e,44b6_74d0c52e:59,union|44b6_74d0c52e:59|46,0,-17.72573409536189
geometry_1_05_focus0,44b6_74d0c52e,44b6_74d0c52e:59,union|44b6_74d0c52e:59|47,0,-16.429640748485216
geometry_1_05_focus0,44b6_74d0c52e,44b6_74d0c52e:59,union|44b6_74d0c52e:59|48,0,-16.776894083534277
geometry_1_05_focus0,44b6_74d0c52e,44b6_74d0c52e:59,union|44b6_74d0c52e:59|49,0,-17.782948268269415
geometry_1_05_focus0,44b6_74d0c52e,44b6_74d0c52e:59,union|44b6_74d0c52e:59|50,0,-14.187491947679387
geometry_1_05_focus0,44b6_74d0c52e,44b6_74d0c52e:59,union|44b6_74d0c52e:59|51,0,-17.992886535138624
geometry_1_05_focus0,44b6_74d0c52e,44b6_74d0c52e:59,union|44b6_74d0c52e:59|52,0,-20.772517630583444
geometry_1_05_focus0,44b6_996155de,44b6_996155de:60,union|44b6_996155de:60|0,1,-8.658694077712559
geometry_1_05_focus0,44b6_996155de,44b6_996155de:60,union|44b6_996155de:60|1,0,-12.113755462244285
geometry_1_05_focus0,44b6_996155de,44b6_996155de:60,union|44b6_996155de:60|2,0,-12.388584532748652
geometry_1_05_focus0,44b6_996155de,44b6_996155de:60,union|44b6_996155de:60|3,0,-10.408502101851665
geometry_1_05_focus0,44b6_996155de,44b6_996155de:60,union|44b6_996155de:60|4,0,-14.873551564836918
geometry_1_05_focus0,44b6_996155de,44b6_996155de:60,union|44b6_996155de:60|5,0,-13.449331533049945
geometry_1_05_focus0,44b6_9be80b04,44b6_9be80b04:155,union|44b6_9be80b04:155|0,0,-19.705665745388764
geometry_1_05_focus0,44b6_9be80b04,44b6_9be80b04:155,union|44b6_9be80b04:155|1,0,-22.687719764328634
geometry_1_05_focus0,44b6_9be80b04,44b6_9be80b04:155,union|44b6_9be80b04:155|2,0,-25.11401493486072
geometry_1_05_focus0,44b6_9be80b04,44b6_9be80b04:155,union|44b6_9be80b04:155|3,0,-19.310640171614644
geometry_1_05_focus0,44b6_9be80b04,44b6_9be80b04:155,union|44b6_9be80b04:155|4,0,-21.07546193673268
geometry_1_05_focus0,44b6_9be80b04,44b6_9be80b04:155,union|44b6_9be80b04:155|5,0,-24.08111215118555
geometry_1_05_focus0,44b6_9be80b04,44b6_9be80b04:155,union|44b6_9be80b04:155|6,0,-23.495743281752702
geometry_1_05_focus0,44b6_9be80b04,44b6_9be80b04:155,union|44b6_9be80b04:155|7,0,-24.840288017051677
geometry_1_05_focus0,44b6_9be80b04,44b6_9be80b04:155,union|44b6_9be80b04:155|8,0,-21.416748293457516
geometry_1_05_focus0,44b6_9be80b04,44b6_9be80b04:155,union|44b6_9be80b04:155|9,0,-22.666769443780737
geometry_1_05_focus0,44b6_9be80b04,44b6_9be80b04:155,union|44b6_9be80b04:155|10,0,-19.557258406982413
geometry_1_05_focus0,44b6_9be80b04,44b6_9be80b04:155,union|44b6_9be80b04:155|11,0,-22.15239168347119
geometry_1_05_focus0,44b6_9be80b04,44b6_9be80b04:155,union|44b6_9be80b04:155|12,0,-24.823037870392866
geometry_1_05_focus0,44b6_9be80b04,44b6_9be80b04:155,union|44b6_9be80b04:155|13,0,-17.520383950571066
geometry_1_05_focus0,44b6_9be80b04,44b6_9be80b04:155,union|44b6_9be80b04:155|14,0,-17.32880187975862
geometry_1_05_focus0,44b6_9be80b04,44b6_9be80b04:155,union|44b6_9be80b04:155|15,0,-20.219709479087513
geometry_1_05_focus0,44b6_9be80b04,44b6_9be80b04:155,union|44b6_9be80b04:155|16,0,-21.29127855894427
geometry_1_05_focus0,44b6_9be80b04,44b6_9be80b04:155,union|44b6_9be80b04:155|17,0,-22.953134385408916
geometry_1_05_focus0,44b6_9be80b04,44b6_9be80b04:155,union|44b6_9be80b04:155|18,0,-21.245999485818587
geometry_1_05_focus0,44b6_9be80b04,44b6_9be80b04:155,union|44b6_9be80b04:155|19,0,-22.729671370537837
geometry_1_05_focus0,44b6_9be80b04,44b6_9be80b04:155,union|44b6_9be80b04:155|20,0,-23.79625341248986
geometry_1_05_focus0,44b6_9be80b04,44b6_9be80b04:155,union|44b6_9be80b04:155|21,0,-21.076797465772653
geometry_1_05_focus0,44b6_9be80b04,44b6_9be80b04:155,union|44b6_9be80b04:155|22,0,-23.008274625704814
geometry_1_05_focus0,44b6_9be80b04,44b6_9be80b04:155,union|44b6_9be80b04:155|23,0,-23.662994935252883
geometry_1_05_focus0,44b6_9be80b04,44b6_9be80b04:155,union|44b6_9be80b04:155|24,0,-20.481038815909447
geometry_1_05_focus0,44b6_9be80b04,44b6_9be80b04:155,union|44b6_9be80b04:155|25,0,-25.50458204620654
geometry_1_05_focus0,44b6_9be80b04,44b6_9be80b04:155,union|44b6_9be80b04:155|26,0,-25.224413096738253
geometry_1_05_focus0,44b6_9be80b04,44b6_9be80b04:155,union|44b6_9be80b04:155|27,0,-17.700242100760608
geometry_1_05_focus0,44b6_9be80b04,44b6_9be80b04:155,union|44b6_9be80b04:155|28,0,-19.585946839917153
geometry_1_05_focus0,44b6_9be80b04,44b6_9be80b04:155,union|44b6_9be80b04:155|29,0,-18.436898320489014
geometry_1_05_focus0,44b6_9be80b04,44b6_9be80b04:155,union|44b6_9be80b04:155|30,0,-19.03748358502247
geometry_1_05_focus0,44b6_9be80b04,44b6_9be80b04:155,union|44b6_9be80b04:155|31,0,-21.60612775917417
geometry_1_05_focus0,44b6_9be80b04,44b6_9be80b04:155,union|44b6_9be80b04:155|32,0,-21.096221074989053
geometry_1_05_focus0,44b6_9be80b04,44b6_9be80b04:155,union|44b6_9be80b04:155|33,0,-21.29127855894427
geometry_1_05_focus0,44b6_9be80b04,44b6_9be80b04:155,union|44b6_9be80b04:155|34,0,-19.936200148042662
geometry_1_05_focus0,44b6_9be80b04,44b6_9be80b04:155,union|44b6_9be80b04:155|35,0,-19.5820202329622
geometry_1_05_focus0,44b6_9be80b04,44b6_9be80b04:155,union|44b6_9be80b04:155|36,0,-20.48804696278848
geometry_1_05_focus0,44b6_9be80b04,44b6_9be80b04:155,union|44b6_9be80b04:155|37,0,-22.45662662591882
geometry_1_05_focus0,44b6_9be80b04,44b6_9be80b04:155,union|44b6_9be80b04:155|38,0,-24.02475278582417
geometry_1_05_focus0,44b6_9be80b04,44b6_9be80b04:155,union|44b6_9be80b04:155|39,0,-23.943226911398746
geometry_1_05_focus0,44b6_9be80b04,44b6_9be80b04:155,union|44b6_9be80b04:155|40,0,-21.265585269965875
geometry_1_05_focus0,44b6_9be80b04,44b6_9be80b04:155,union|44b6_9be80b04:155|41,0,-23.351994322320206
geometry_1_05_focus0,44b6_9be80b04,44b6_9be80b04:155,union|44b6_9be80b04:155|42,0,-20.344165974072155
geometry_1_05_focus0,44b6_9be80b04,44b6_9be80b04:155,union|44b6_9be80b04:155|43,0,-23.390126929248744
geometry_1_05_focus0,44b6_9be80b04,44b6_9be80b04:155,union|44b6_9be80b04:155|44,0,-20.955931769616548
geometry_1_05_focus0,44b6_9be80b04,44b6_9be80b04:155,union|44b6_9be80b04:155|45,0,-21.534570329583534
geometry_1_05_focus0,44b6_9be80b04,44b6_9be80b04:155,union|44b6_9be80b04:155|46,0,-18.209983350004574
geometry_1_05_focus0,44b6_9be80b04,44b6_9be80b04:155,union|44b6_9be80b04:155|47,0,-20.653010198086907
geometry_1_05_focus0,44b6_9be80b04,44b6_9be80b04:155,union|44b6_9be80b04:155|48,0,-20.566974505276693
geometry_1_05_focus0,44b6_9be80b04,44b6_9be80b04:155,union|44b6_9be80b04:155|49,0,-24.35449760196524
geometry_1_05_focus0,44b6_9be80b04,44b6_9be80b04:155,union|44b6_9be80b04:155|50,0,-24.072580922413678
geometry_1_05_focus0,44b6_9be80b04,44b6_9be80b04:155,union|44b6_9be80b04:155|51,0,-11.790989438347397
geometry_1_05_focus0,44b6_9be80b04,44b6_9be80b04:155,union|44b6_9be80b04:155|52,0,-14.140408095921094
geometry_1_05_focus0,44b6_9be80b04,44b6_9be80b04:155,union|44b6_9be80b04:155|53,0,-19.023483186537895
geometry_1_05_focus0,44b6_9be80b04,44b6_9be80b04:155,union|44b6_9be80b04:155|54,0,-18.404100850447627
geometry_1_05_focus0,44b6_9be80b04,44b6_9be80b04:155,union|44b6_9be80b04:155|55,0,-14.665982096633991
geometry_1_05_focus0,44b6_9be80b04,44b6_9be80b04:155,union|44b6_9be80b04:155|56,0,-19.422403281693953
geometry_1_05_focus0,44b6_9be80b04,44b6_9be80b04:155,union|44b6_9be80b04:155|57,0,-22.989839470401918
geometry_1_05_focus0,44b6_9be80b04,44b6_9be80b04:155,union|44b6_9be80b04:155|58,0,-16.627135690182154
geometry_1_05_focus0,44b6_9be80b04,44b6_9be80b04:155,union|44b6_9be80b04:155|59,0,-23.18985210753293
geometry_1_05_focus0,44b6_9be80b04,44b6_9be80b04:155,union|44b6_9be80b04:155|60,0,-18.200638896480957
geometry_1_05_focus0,44b6_9be80b04,44b6_9be80b04:155,union|44b6_9be80b04:155|61,0,-14.726716133893873
geometry_1_05_focus0,44b6_9be80b04,44b6_9be80b04:155,union|44b6_9be80b04:155|62,0,-23.43560740630516
geometry_1_05_focus0,44b6_9be80b04,44b6_9be80b04:155,union|44b6_9be80b04:155|63,0,-25.34763611309474
geometry_1_05_focus0,44b6_9be80b04,44b6_9be80b04:155,union|44b6_9be80b04:155|64,0,-21.66173400023429
geometry_1_05_focus0,44b6_9be80b04,44b6_9be80b04:155,union|44b6_9be80b04:155|65,0,-24.536623837564505
geometry_1_05_focus0,44b6_9be80b04,44b6_9be80b04:155,union|44b6_9be80b04:155|66,1,-9.017953354794138
geometry_1_05_focus0,44b6_9be80b04,44b6_9be80b04:155,union|44b6_9be80b04:155|67,0,-20.866672077329426
geometry_1_05_focus0,44b6_9be80b04,44b6_9be80b04:155,union|44b6_9be80b04:155|68,0,-18.68639589237455
geometry_1_05_focus0,44b6_9be80b04,44b6_9be80b04:155,union|44b6_9be80b04:155|69,0,-19.0039730057245
geometry_1_05_focus0,44b6_9be80b04,44b6_9be80b04:155,union|44b6_9be80b04:155|70,0,-11.116164960017976
geometry_1_05_focus0,44b6_9be80b04,44b6_9be80b04:155,union|44b6_9be80b04:155|71,0,-16.646073987452173
geometry_1_05_focus0,44b6_9be80b04,44b6_9be80b04:155,union|44b6_9be80b04:155|72,0,-22.91627855894427
geometry_1_05_focus0,44b6_9be80b04,44b6_9be80b04:155,union|44b6_9be80b04:155|73,0,-15.856300253818922
geometry_1_05_focus0,44b6_9be80b04,44b6_9be80b04:155,union|44b6_9be80b04:155|74,0,-23.529816138029005
geometry_1_05_focus0,44b6_9be80b04,44b6_9be80b04:155,union|44b6_9be80b04:155|75,0,-15.775741907099409
geometry_1_05_focus0,44b6_9be80b04,44b6_9be80b04:155,union|44b6_9be80b04:155|76,0,-13.873068653755226
geometry_1_05_focus0,44b6_9be80b04,44b6_9be80b04:155,union|44b6_9be80b04:155|77,0,-22.139554125881723
geometry_1_05_focus0,44b6_9be80b04,44b6_9be80b04:155,union|44b6_9be80b04:155|78,0,-25.208161710998777
geometry_1_05_focus0,44b6_9be80b04,44b6_9be80b04:155,union|44b6_9be80b04:155|79,0,-20.683359788543964
geometry_1_05_focus0,44b6_9be80b04,44b6_9be80b04:155,union|44b6_9be80b04:155|80,0,-24.941629793700415
geometry_1_05_focus0,44b6_9be80b04,44b6_9be80b04:155,union|44b6_9be80b04:155|81,0,-22.65967187847198
geometry_1_05_focus0,44b6_9be80b04,44b6_9be80b04:155,union|44b6_9be80b04:155|82,0,-23.47462518939449
geometry_1_05_focus0,44b6_9be80b04,44b6_9be80b04:155,union|44b6_9be80b04:155|83,0,-20.14356545060393
geometry_1_05_focus0,44b6_9be80b04,44b6_9be80b04:155,union|44b6_9be80b04:155|84,0,-15.08378622257856
geometry_1_05_focus0,44b6_9be80b04,44b6_9be80b04:155,union|44b6_9be80b04:155|85,0,-20.866672077329426
geometry_1_05_focus0,44b6_9be80b04,44b6_9be80b04:155,union|44b6_9be80b04:155|86,0,-11.269737522365624
geometry_1_05_focus0,44b6_9be80b04,44b6_9be80b04:155,union|44b6_9be80b04:155|87,0,-17.501612594078193
geometry_1_05_focus0,44b6_9be80b04,44b6_9be80b04:155,union|44b6_9be80b04:155|88,0,-19.781189157135334
geometry_1_05_focus0,44b6_9be80b04,44b6_9be80b04:155,union|44b6_9be80b04:155|89,0,-16.70142450700957
geometry_1_05_focus0,44b6_9be80b04,44b6_9be80b04:155,union|44b6_9be80b04:155|90,0,-19.918284666640815
geometry_1_05_focus0,44b6_9be80b04,44b6_9be80b04:155,union|44b6_9be80b04:155|91,0,-19.17145478251752
geometry_1_05_focus0,44b6_9be80b04,44b6_9be80b04:155,union|44b6_9be80b04:155|92,0,-16.752824302555904
geometry_1_05_focus0,44b6_9be80b04,44b6_9be80b04:155,union|44b6_9be80b04:155|93,0,-25.134051038881474
geometry_1_05_focus0,44b6_9be80b04,44b6_9be80b04:155,union|44b6_9be80b04:155|94,0,-22.17312507111759
geometry_1_05_focus0,44b6_9be80b04,44b6_9be80b04:155,union|44b6_9be80b04:155|95,0,-23.2705635746364
geometry_1_05_focus0,44b6_9be80b04,44b6_9be80b04:155,union|44b6_9be80b04:155|96,0,-23.172240852339787
geometry_1_05_focus0,44b6_9be80b04,44b6_9be80b04:155,union|44b6_9be80b04:155|97,0,-25.09833726085485
geometry_1_05_focus0,44b6_9be80b04,44b6_9be80b04:155,union|44b6_9be80b04:155|98,0,-19.69058654129813
geometry_1_05_focus0,44b6_9be80b04,44b6_9be80b04:155,union|44b6_9be80b04:155|99,0,-22.815192055070312
geometry_1_05_focus0,44b6_9be80b04,44b6_9be80b04:155,union|44b6_9be80b04:155|100,0,-20.559062832270087
geometry_1_05_focus0,44b6_9be80b04,44b6_9be80b04:155,union|44b6_9be80b04:155|101,0,-18.00837723130187
geometry_1_05_focus0,44b6_9be80b04,44b6_9be80b04:155,union|44b6_9be80b04:155|102,0,-21.769640043141457
geometry_1_05_focus0,44b6_9be80b04,44b6_9be80b04:155,union|44b6_9be80b04:155|103,0,-20.354555550249327
geometry_1_05_focus0,44b6_9be80b04,44b6_9be80b04:155,union|44b6_9be80b04:155|104,0,-22.093548805469457
geometry_1_05_focus0,44b6_9be80b04,44b6_9be80b04:155,union|44b6_9be80b04:155|105,0,-25.33481965199085
geometry_1_05_focus0,44b6_9be80b04,44b6_9be80b04:155,union|44b6_9be80b04:155|106,0,-24.837575562974067
geometry_1_05_focus0,44b6_9be80b04,44b6_9be80b04:155,union|44b6_9be80b04:155|107,0,-21.488222430321837
geometry_1_05_focus0,44b6_9be80b04,44b6_9be80b04:155,union|44b6_9be80b04:155|108,0,-21.876688487308876
geometry_1_05_focus0,44b6_9be80b04,44b6_9be80b04:155,union|44b6_9be80b04:155|109,0,-16.991917470612556
geometry_1_05_focus0,44b6_9be80b04,44b6_9be80b04:155,union|44b6_9be80b04:155|110,0,-20.03234713403621
geometry_1_05_focus0,44b6_9be80b04,44b6_9be80b04:155,union|44b6_9be80b04:155|111,0,-15.9689889749556
geometry_1_05_focus0,44b6_9be80b04,44b6_9be80b04:155,union|44b6_9be80b04:155|112,0,-20.628765077685358
geometry_1_05_focus0,44b6_9be80b04,44b6_9be80b04:155,union|44b6_9be80b04:155|113,0,-17.95929977745928
geometry_1_05_focus0,44b6_9be80b04,44b6_9be80b04:155,union|44b6_9be80b04:155|114,0,-22.965739527908884
geometry_1_05_focus0,44b6_9be80b04,44b6_9be80b04:155,union|44b6_9be80b04:155|115,0,-21.474301787522194
geometry_1_05_focus0,44b6_9be80b04,44b6_9be80b04:155,union|44b6_9be80b04:155|116,0,-18.440012906437104
geometry_1_05_focus0,44b6_9be80b04,44b6_9be80b04:155,union|44b6_9be80b04:155|117,0,-18.076562407533437
geometry_1_05_focus0,44b6_9be80b04,44b6_9be80b04:155,union|44b6_9be80b04:155|118,0,-21.203759371492772
geometry_1_05_focus0,44b6_9be80b04,44b6_9be80b04:155,union|44b6_9be80b04:155|119,0,-22.65390463871971
geometry_1_05_focus0,44b6_9be80b04,44b6_9be80b04:155,union|44b6_9be80b04:155|120,0,-21.45072347455416
geometry_1_05_focus0,44b6_9be80b04,44b6_9be80b04:155,union|44b6_9be80b04:155|121,0,-21.877068019577678
geometry_1_05_focus0,44b6_9be80b04,44b6_9be80b04:155,union|44b6_9be80b04:155|122,0,-18.324570259113948
geometry_1_05_focus0,44b6_9be80b04,44b6_9be80b04:155,union|44b6_9be80b04:155|123,0,-23.567328536348317
geometry_1_05_focus0,44b6_9be80b04,44b6_9be80b04:155,union|44b6_9be80b04:155|124,0,-22.138880620710516
geometry_1_05_focus0,44b6_9be80b04,44b6_9be80b04:155,union|44b6_9be80b04:155|125,0,-14.963331390311474
geometry_1_05_focus0,44b6_9be80b04,44b6_9be80b04:155,union|44b6_9be80b04:155|126,0,-20.579559762710986
geometry_1_05_focus0,44b6_9be80b04,44b6_9be80b04:155,union|44b6_9be80b04:155|127,0,-19.514399550280856
geometry_1_05_focus0,44b6_9be80b04,44b6_9be80b04:155,union|44b6_9be80b04:155|128,0,-23.27545993889938
geometry_1_05_focus0,44b6_9be80b04,44b6_9be80b04:155,union|44b6_9be80b04:155|129,0,-18.237710533034775
geometry_1_05_focus0,44b6_9be80b04,44b6_9be80b04:155,union|44b6_9be80b04:155|130,0,-18.053782551741076
geometry_1_05_focus0,44b6_9be80b04,44b6_9be80b04:155,union|44b6_9be80b04:155|131,0,-19.416956893182856
geometry_1_05_focus0,44b6_9be80b04,44b6_9be80b04:155,union|44b6_9be80b04:155|132,0,-20.88802065790049
geometry_1_05_focus0,44b6_9be80b04,44b6_9be80b04:155,union|44b6_9be80b04:155|133,0,-21.259859004677068
geometry_1_05_focus0,44b6_9be80b04,44b6_9be80b04:155,union|44b6_9be80b04:155|134,0,-21.5237218507158
geometry_1_05_focus0,44b6_9be80b04,44b6_9be80b04:155,union|44b6_9be80b04:155|135,0,-23.896604996727902
geometry_1_05_focus0,44b6_9be80b04,44b6_9be80b04:155,union|44b6_9be80b04:155|136,0,-20.230355968783808
geometry_1_05_focus0,44b6_9be80b04,44b6_9be80b04:155,union|44b6_9be80b04:155|137,0,-16.957302071053952
geometry_1_05_focus0,44b6_9be80b04,44b6_9be80b04:155,union|44b6_9be80b04:155|138,0,-19.177566979779208
geometry_1_05_focus0,44b6_9be80b04,44b6_9be80b04:155,union|44b6_9be80b04:155|139,0,-25.226371607247998
geometry_1_05_focus0,44b6_9be80b04,44b6_9be80b04:155,union|44b6_9be80b04:155|140,0,-20.439923962422448
geometry_1_05_focus0,44b6_9be80b04,44b6_9be80b04:155,union|44b6_9be80b04:155|141,0,-23.157119580377838
geometry_1_05_focus0,44b6_9be80b04,44b6_9be80b04:155,union|44b6_9be80b04:155|142,0,-20.175379515528192
geometry_1_05_focus0,44b6_9be80b04,44b6_9be80b04:155,union|44b6_9be80b04:155|143,0,-22.65116745932609
geometry_1_05_focus0,44b6_9be80b04,44b6_9be80b04:155,union|44b6_9be80b04:155|144,0,-19.094396061433972
geometry_1_05_focus0,44b6_9be80b04,44b6_9be80b04:155,union|44b6_9be80b04:155|145,0,-24.71511238195688
geometry_1_05_focus0,44b6_9be80b04,44b6_9be80b04:155,union|44b6_9be80b04:155|146,0,-20.68196859230159
geometry_1_05_focus0,44b6_9be80b04,44b6_9be80b04:155,union|44b6_9be80b04:155|147,0,-19.518375819197523
geometry_1_05_focus0,44b6_9be80b04,44b6_9be80b04:155,union|44b6_9be80b04:155|148,0,-23.750752676883543
geometry_1_05_focus0,44b6_9be80b04,44b6_9be80b04:155,union|44b6_9be80b04:155|149,0,-18.14058288913296
geometry_1_05_focus0,44b6_9be80b04,44b6_9be80b04:155,union|44b6_9be80b04:155|150,0,-13.719429338357727
geometry_1_05_focus0,44b6_9be80b04,44b6_9be80b04:155,union|44b6_9be80b04:155|151,0,-20.823891373284077
geometry_1_05_focus0,44b6_9be80b04,44b6_9be80b04:155,union|44b6_9be80b04:155|152,0,-22.87369007434661
geometry_1_05_focus0,44b6_9be80b04,44b6_9be80b04:155,union|44b6_9be80b04:155|153,0,-20.54983529357387
geometry_1_05_focus0,44b6_9be80b04,44b6_9be80b04:155,union|44b6_9be80b04:155|154,0,-24.99824780375875
geometry_1_05_focus0,44b6_9be80b04,44b6_9be80b04:155,union|44b6_9be80b04:155|155,0,-20.655696992591064
geometry_1_05_focus0,44b6_9be80b04,44b6_9be80b04:155,union|44b6_9be80b04:155|156,0,-16.022159921230184
geometry_1_05_focus0,44b6_9be80b04,44b6_9be80b04:155,union|44b6_9be80b04:155|157,0,-20.286719016439008
geometry_1_05_focus0,44b6_9be80b04,44b6_9be80b04:155,union|44b6_9be80b04:155|158,0,-21.098084999230313
geometry_1_05_focus0,44b6_9be80b04,44b6_9be80b04:155,union|44b6_9be80b04:155|159,0,-21.6719364815352
geometry_1_05_focus0,44b6_9be80b04,44b6_9be80b04:155,union|44b6_9be80b04:155|160,0,-19.279363818205645
geometry_1_05_focus0,44b6_9be80b04,44b6_9be80b04:155,union|44b6_9be80b04:155|161,0,-25.298193349824345
geometry_1_05_focus0,44b6_9be80b04,44b6_9be80b04:155,union|44b6_9be80b04:155|162,0,-23.431542056855946
geometry_1_05_focus0,44b6_9be80b04,44b6_9be80b04:155,union|44b6_9be80b04:155|163,0,-25.141209349665903
geometry_1_05_focus0,44b6_9be80b04,44b6_9be80b04:155,union|44b6_9be80b04:155|164,0,-23.59162537658346
geometry_1_05_focus0,44b6_9be80b04,44b6_9be80b04:155,union|44b6_9be80b04:155|165,0,-24.07292097645103
geometry_1_05_focus0,44b6_9be80b04,44b6_9be80b04:155,union|44b6_9be80b04:155|166,0,-18.489164900747785
geometry_1_05_focus0,44b6_9be80b04,44b6_9be80b04:155,union|44b6_9be80b04:155|167,0,-24.681517293655055
geometry_1_05_focus0,44b6_9be80b04,44b6_9be80b04:155,union|44b6_9be80b04:155|168,0,-22.358620764567217
geometry_1_05_focus0,44b6_aaf8b0ea,44b6_aaf8b0ea:93,union|44b6_aaf8b0ea:93|0,1,-13.98907605333366
geometry_1_05_focus0,44b6_aaf8b0ea,44b6_aaf8b0ea:93,union|44b6_aaf8b0ea:93|1,0,-20.004155723348312
geometry_1_05_focus0,44b6_aaf8b0ea,44b6_aaf8b0ea:93,union|44b6_aaf8b0ea:93|2,0,-16.92883503254737
geometry_1_05_focus0,44b6_aaf8b0ea,44b6_aaf8b0ea:93,union|44b6_aaf8b0ea:93|3,0,-19.168197107759674
geometry_1_05_focus0,44b6_aaf8b0ea,44b6_aaf8b0ea:93,union|44b6_aaf8b0ea:93|4,0,-16.041679044162663
geometry_1_05_focus0,44b6_c50204e0,44b6_c50204e0:43,union|44b6_c50204e0:43|0,0,-18.792722547957478
geometry_1_05_focus0,44b6_c50204e0,44b6_c50204e0:43,union|44b6_c50204e0:43|1,0,-19.04425974310094
geometry_1_05_focus0,44b6_c50204e0,44b6_c50204e0:43,union|44b6_c50204e0:43|2,0,-23.025099379097917
geometry_1_05_focus0,44b6_c50204e0,44b6_c50204e0:43,union|44b6_c50204e0:43|3,0,-22.11141830785704
geometry_1_05_focus0,44b6_c50204e0,44b6_c50204e0:43,union|44b6_c50204e0:43|4,0,-25.672785974386702
geometry_1_05_focus0,44b6_c50204e0,44b6_c50204e0:43,union|44b6_c50204e0:43|5,0,-25.14769419313757
geometry_1_05_focus0,44b6_c50204e0,44b6_c50204e0:43,union|44b6_c50204e0:43|6,0,-21.971149022573076
geometry_1_05_focus0,44b6_c50204e0,44b6_c50204e0:43,union|44b6_c50204e0:43|7,0,-23.73265255469451
geometry_1_05_focus0,44b6_c50204e0,44b6_c50204e0:43,union|44b6_c50204e0:43|8,0,-23.147283685261662
geometry_1_05_focus0,44b6_c50204e0,44b6_c50204e0:43,union|44b6_c50204e0:43|9,0,-23.187607505520127
geometry_1_05_focus0,44b6_c50204e0,44b6_c50204e0:43,union|44b6_c50204e0:43|10,0,-22.204396316383598
geometry_1_05_focus0,44b6_c50204e0,44b6_c50204e0:43,union|44b6_c50204e0:43|11,0,-22.032958777545417
geometry_1_05_focus0,44b6_c50204e0,44b6_c50204e0:43,union|44b6_c50204e0:43|12,0,-18.722792760429734
geometry_1_05_focus0,44b6_c50204e0,44b6_c50204e0:43,union|44b6_c50204e0:43|13,0,-20.15310606500478
geometry_1_05_focus0,44b6_c50204e0,44b6_c50204e0:43,union|44b6_c50204e0:43|14,0,-19.794361840286488
geometry_1_05_focus0,44b6_c50204e0,44b6_c50204e0:43,union|44b6_c50204e0:43|15,0,-23.067459536603067
geometry_1_05_focus0,44b6_c50204e0,44b6_c50204e0:43,union|44b6_c50204e0:43|16,0,-21.889200015260553
geometry_1_05_focus0,44b6_c50204e0,44b6_c50204e0:43,union|44b6_c50204e0:43|17,0,-16.624815195080625
geometry_1_05_focus0,44b6_c50204e0,44b6_c50204e0:43,union|44b6_c50204e0:43|18,0,-22.382130055180518
geometry_1_05_focus0,44b6_c50204e0,44b6_c50204e0:43,union|44b6_c50204e0:43|19,0,-21.761485854442522
geometry_1_05_focus0,44b6_c50204e0,44b6_c50204e0:43,union|44b6_c50204e0:43|20,0,-18.284272438477554
geometry_1_05_focus0,44b6_c50204e0,44b6_c50204e0:43,union|44b6_c50204e0:43|21,0,-19.928547344589727
geometry_1_05_focus0,44b6_c50204e0,44b6_c50204e0:43,union|44b6_c50204e0:43|22,0,-23.233672955976846
geometry_1_05_focus0,44b6_c50204e0,44b6_c50204e0:43,union|44b6_c50204e0:43|23,0,-21.887229323803545
geometry_1_05_focus0,44b6_c50204e0,44b6_c50204e0:43,union|44b6_c50204e0:43|24,0,-23.51132143031562
geometry_1_05_focus0,44b6_c50204e0,44b6_c50204e0:43,union|44b6_c50204e0:43|25,0,-19.347116658273332
geometry_1_05_focus0,44b6_c50204e0,44b6_c50204e0:43,union|44b6_c50204e0:43|26,0,-21.82366882300981
geometry_1_05_focus0,44b6_c50204e0,44b6_c50204e0:43,union|44b6_c50204e0:43|27,0,-16.303339861809448
geometry_1_05_focus0,44b6_c50204e0,44b6_c50204e0:43,union|44b6_c50204e0:43|28,0,-21.464459818249466
geometry_1_05_focus0,44b6_c50204e0,44b6_c50204e0:43,union|44b6_c50204e0:43|29,0,-19.8254961768113
geometry_1_05_focus0,44b6_c50204e0,44b6_c50204e0:43,union|44b6_c50204e0:43|30,0,-23.531909031859296
geometry_1_05_focus0,44b6_c50204e0,44b6_c50204e0:43,union|44b6_c50204e0:43|31,0,-20.446293216603586
geometry_1_05_focus0,44b6_c50204e0,44b6_c50204e0:43,union|44b6_c50204e0:43|32,0,-19.196842912763874
geometry_1_05_focus0,44b6_c50204e0,44b6_c50204e0:43,union|44b6_c50204e0:43|33,0,-21.09788650701531
geometry_1_05_focus0,44b6_c50204e0,44b6_c50204e0:43,union|44b6_c50204e0:43|34,0,-22.50035045032675
geometry_1_05_focus0,44b6_c50204e0,44b6_c50204e0:43,union|44b6_c50204e0:43|35,0,-18.797316807974617
geometry_1_05_focus0,44b6_c50204e0,44b6_c50204e0:43,union|44b6_c50204e0:43|36,0,-21.5184674532578
geometry_1_05_focus0,44b6_c50204e0,44b6_c50204e0:43,union|44b6_c50204e0:43|37,0,-19.523328506652867
geometry_1_05_focus0,44b6_c50204e0,44b6_c50204e0:43,union|44b6_c50204e0:43|38,0,-19.10498285741742
geometry_1_05_focus0,44b6_c50204e0,44b6_c50204e0:43,union|44b6_c50204e0:43|39,0,-22.504091425224004
geometry_1_05_focus0,44b6_c50204e0,44b6_c50204e0:43,union|44b6_c50204e0:43|40,0,-23.373558975588956
geometry_1_05_focus0,44b6_c50204e0,44b6_c50204e0:43,union|44b6_c50204e0:43|41,0,-20.870775527086494
geometry_1_05_focus0,44b6_c50204e0,44b6_c50204e0:43,union|44b6_c50204e0:43|42,0,-21.620214475673087
geometry_1_05_focus0,44b6_c50204e0,44b6_c50204e0:43,union|44b6_c50204e0:43|43,0,-22.157185737988414
geometry_1_05_focus0,44b6_c50204e0,44b6_c50204e0:43,union|44b6_c50204e0:43|44,0,-23.686542459034
geometry_1_05_focus0,44b6_c50204e0,44b6_c50204e0:43,union|44b6_c50204e0:43|45,0,-21.06230209096926
geometry_1_05_focus0,44b6_c50204e0,44b6_c50204e0:43,union|44b6_c50204e0:43|46,0,-23.418300557280183
geometry_1_05_focus0,44b6_c50204e0,44b6_c50204e0:43,union|44b6_c50204e0:43|47,0,-24.20463482726432
geometry_1_05_focus0,44b6_c50204e0,44b6_c50204e0:43,union|44b6_c50204e0:43|48,0,-22.23843675365785
geometry_1_05_focus0,44b6_c50204e0,44b6_c50204e0:43,union|44b6_c50204e0:43|49,0,-23.798299172600046
geometry_1_05_focus0,44b6_c50204e0,44b6_c50204e0:43,union|44b6_c50204e0:43|50,0,-18.68024266040633
geometry_1_05_focus0,44b6_c50204e0,44b6_c50204e0:43,union|44b6_c50204e0:43|51,0,-17.41940003787933
geometry_1_05_focus0,44b6_c50204e0,44b6_c50204e0:43,union|44b6_c50204e0:43|52,0,-25.02068213523718
geometry_1_05_focus0,44b6_c50204e0,44b6_c50204e0:43,union|44b6_c50204e0:43|53,0,-17.894652523126123
geometry_1_05_focus0,44b6_c50204e0,44b6_c50204e0:43,union|44b6_c50204e0:43|54,0,-17.146831319580684
geometry_1_05_focus0,44b6_c50204e0,44b6_c50204e0:43,union|44b6_c50204e0:43|55,0,-15.704672754824587
geometry_1_05_focus0,44b6_c50204e0,44b6_c50204e0:43,union|44b6_c50204e0:43|56,0,-21.154584262835645
geometry_1_05_focus0,44b6_c50204e0,44b6_c50204e0:43,union|44b6_c50204e0:43|57,0,-22.405492872792983
geometry_1_05_focus0,44b6_c50204e0,44b6_c50204e0:43,union|44b6_c50204e0:43|58,0,-22.65390463871971
geometry_1_05_focus0,44b6_c50204e0,44b6_c50204e0:43,union|44b6_c50204e0:43|59,0,-21.36634749708323
geometry_1_05_focus0,44b6_c50204e0,44b6_c50204e0:43,union|44b6_c50204e0:43|60,0,-20.492607951164874
geometry_1_05_focus0,44b6_c50204e0,44b6_c50204e0:43,union|44b6_c50204e0:43|61,0,-22.504091425224004
geometry_1_05_focus0,44b6_c50204e0,44b6_c50204e0:43,union|44b6_c50204e0:43|62,0,-19.735380368625734
geometry_1_05_focus0,44b6_c50204e0,44b6_c50204e0:43,union|44b6_c50204e0:43|63,0,-23.632439304904604
geometry_1_05_focus0,44b6_c50204e0,44b6_c50204e0:43,union|44b6_c50204e0:43|64,0,-22.884618101359166
geometry_1_05_focus0,44b6_c50204e0,44b6_c50204e0:43,union|44b6_c50204e0:43|65,0,-23.960807299022257
geometry_1_05_focus0,44b6_c50204e0,44b6_c50204e0:43,union|44b6_c50204e0:43|66,0,-22.152590934237665
geometry_1_05_focus0,44b6_c50204e0,44b6_c50204e0:43,union|44b6_c50204e0:43|67,0,-22.649250653171908
geometry_1_05_focus0,44b6_c50204e0,44b6_c50204e0:43,union|44b6_c50204e0:43|68,0,-20.56177436037151
geometry_1_05_focus0,44b6_c50204e0,44b6_c50204e0:43,union|44b6_c50204e0:43|69,0,-17.7451699526144
geometry_1_05_focus0,44b6_c50204e0,44b6_c50204e0:43,union|44b6_c50204e0:43|70,0,-25.672785974386702
geometry_1_05_focus0,44b6_c50204e0,44b6_c50204e0:43,union|44b6_c50204e0:43|71,0,-21.725590784637067
geometry_1_05_focus0,44b6_c50204e0,44b6_c50204e0:43,union|44b6_c50204e0:43|72,0,-25.12516664477309
geometry_1_05_focus0,44b6_c50204e0,44b6_c50204e0:43,union|44b6_c50204e0:43|73,0,-24.15952488824381
geometry_1_05_focus0,44b6_c50204e0,44b6_c50204e0:43,union|44b6_c50204e0:43|74,0,-24.692459536603067
geometry_1_05_focus0,44b6_c50204e0,44b6_c50204e0:43,union|44b6_c50204e0:43|75,0,-21.725590784637067
geometry_1_05_focus0,44b6_c50204e0,44b6_c50204e0:43,union|44b6_c50204e0:43|76,0,-24.43008561637851
geometry_1_05_focus0,44b6_c50204e0,44b6_c50204e0:43,union|44b6_c50204e0:43|77,0,-24.88292032968371
geometry_1_05_focus0,44b6_c50204e0,44b6_c50204e0:43,union|44b6_c50204e0:43|78,0,-24.73558682310904
geometry_1_05_focus0,44b6_c50204e0,44b6_c50204e0:43,union|44b6_c50204e0:43|79,0,-22.506025043483355
geometry_1_05_focus0,44b6_c50204e0,44b6_c50204e0:43,union|44b6_c50204e0:43|80,0,-21.880803760084554
geometry_1_05_focus0,44b6_c50204e0,44b6_c50204e0:43,union|44b6_c50204e0:43|81,0,-22.545762158076947
geometry_1_05_focus0,44b6_c50204e0,44b6_c50204e0:43,union|44b6_c50204e0:43|82,0,-23.47943291239953
geometry_1_05_focus0,44b6_c50204e0,44b6_c50204e0:43,union|44b6_c50204e0:43|83,0,-20.272168498094707
geometry_1_05_focus0,44b6_c50204e0,44b6_c50204e0:43,union|44b6_c50204e0:43|84,0,-19.854637334174985
geometry_1_05_focus0,44b6_c50204e0,44b6_c50204e0:43,union|44b6_c50204e0:43|85,0,-9.263490736021819
geometry_1_05_focus0,44b6_c50204e0,44b6_c50204e0:43,union|44b6_c50204e0:43|86,1,-12.184333918865047
geometry_1_05_focus0,44b6_c50204e0,44b6_c50204e0:43,union|44b6_c50204e0:43|87,0,-19.888482254111047
geometry_1_05_focus0,44b6_c50204e0,44b6_c50204e0:43,union|44b6_c50204e0:43|88,0,-15.548755527182934
geometry_1_05_focus0,44b6_c50204e0,44b6_c50204e0:43,union|44b6_c50204e0:43|89,0,-22.358106636391344
geometry_1_05_focus0,44b6_c50204e0,44b6_c50204e0:43,union|44b6_c50204e0:43|90,0,-22.144302501104992
geometry_1_05_focus0,44b6_c50204e0,44b6_c50204e0:43,union|44b6_c50204e0:43|91,0,-23.547125814059733
geometry_1_05_focus0,44b6_c50204e0,44b6_c50204e0:43,union|44b6_c50204e0:43|92,0,-18.25813038939969
geometry_1_05_focus0,44b6_c50204e0,44b6_c50204e0:43,union|44b6_c50204e0:43|93,0,-21.040261303214514
geometry_1_05_focus0,44b6_c50204e0,44b6_c50204e0:43,union|44b6_c50204e0:43|94,0,-24.297856117105965
geometry_1_05_focus0,44b6_c50204e0,44b6_c50204e0:43,union|44b6_c50204e0:43|95,0,-23.70662352802742
geometry_1_05_focus0,44b6_c50204e0,44b6_c50204e0:43,union|44b6_c50204e0:43|96,0,-22.734739724976507
geometry_1_05_focus0,44b6_c50204e0,44b6_c50204e0:43,union|44b6_c50204e0:43|97,0,-25.23357844686644
geometry_1_05_focus0,44b6_c50204e0,44b6_c50204e0:43,union|44b6_c50204e0:43|98,0,-19.559056948114986
geometry_1_05_focus0,44b6_c50204e0,44b6_c50204e0:43,union|44b6_c50204e0:43|99,0,-21.963921171749355
geometry_1_05_focus0,44b6_c50204e0,44b6_c50204e0:43,union|44b6_c50204e0:43|100,0,-25.064827808894584
geometry_1_05_focus0,44b6_c50204e0,44b6_c50204e0:43,union|44b6_c50204e0:43|101,0,-19.08654452905518
geometry_1_05_focus0,44b6_c50204e0,44b6_c50204e0:43,union|44b6_c50204e0:43|102,0,-18.89259246355328
geometry_1_05_focus0,44b6_c50204e0,44b6_c50204e0:43,union|44b6_c50204e0:43|103,0,-18.070279934368735
geometry_1_05_focus0,44b6_c50204e0,44b6_c50204e0:43,union|44b6_c50204e0:43|104,0,-22.801181848316645
geometry_1_05_focus0,44b6_c50204e0,44b6_c50204e0:43,union|44b6_c50204e0:43|105,0,-15.715979495705302
geometry_1_05_focus0,44b6_c50204e0,44b6_c50204e0:43,union|44b6_c50204e0:43|106,0,-10.041605391626797
geometry_1_05_focus0,44b6_c50204e0,44b6_c50204e0:43,union|44b6_c50204e0:43|107,0,-18.634763535308984
geometry_1_05_focus0,44b6_c50204e0,44b6_c50204e0:43,union|44b6_c50204e0:43|108,0,-15.096720673267725
geometry_1_05_focus0,44b6_c50204e0,44b6_c50204e0:43,union|44b6_c50204e0:43|109,0,-23.79625341248986
geometry_1_05_focus0,44b6_c50204e0,44b6_c50204e0:43,union|44b6_c50204e0:43|110,0,-25.23357844686644
geometry_1_05_focus0,44b6_c50204e0,44b6_c50204e0:43,union|44b6_c50204e0:43|111,0,-22.016884797087567
geometry_1_05_focus0,44b6_c50204e0,44b6_c50204e0:43,union|44b6_c50204e0:43|112,0,-21.686830355604695
geometry_1_05_focus0,44b6_c50204e0,44b6_c50204e0:43,union|44b6_c50204e0:43|113,0,-23.310190086439512
geometry_1_05_focus0,44b6_c50204e0,44b6_c50204e0:43,union|44b6_c50204e0:43|114,0,-18.046536063799195
geometry_1_05_focus0,44b6_c50204e0,44b6_c50204e0:43,union|44b6_c50204e0:43|115,0,-20.004559726652897
geometry_1_05_focus0,44b6_c50204e0,44b6_c50204e0:43,union|44b6_c50204e0:43|116,0,-15.148524209228167
geometry_1_05_focus0,44b6_c50204e0,44b6_c50204e0:43,union|44b6_c50204e0:43|117,0,-20.920781602014763
geometry_1_05_focus0,44b6_c50204e0,44b6_c50204e0:43,union|44b6_c50204e0:43|118,0,-25.19989918858959
geometry_1_05_focus0,44b6_c50204e0,44b6_c50204e0:43,union|44b6_c50204e0:43|119,0,-24.500129751913747
geometry_1_05_focus0,44b6_c50204e0,44b6_c50204e0:43,union|44b6_c50204e0:43|120,0,-22.767309792887744
geometry_1_05_focus0,44b6_c50204e0,44b6_c50204e0:43,union|44b6_c50204e0:43|121,0,-20.466332940434377
geometry_1_05_focus0,44b6_c50204e0,44b6_c50204e0:43,union|44b6_c50204e0:43|122,0,-18.23354310442622
geometry_1_05_focus0,44b6_c50204e0,44b6_c50204e0:43,union|44b6_c50204e0:43|123,0,-24.21036920956886
geometry_1_05_focus0,44b6_c50204e0,44b6_c50204e0:43,union|44b6_c50204e0:43|124,0,-24.05309706616775
geometry_1_05_focus0,44b6_c50204e0,44b6_c50204e0:43,union|44b6_c50204e0:43|125,0,-19.140423775979166
geometry_1_05_focus0,44b6_c50204e0,44b6_c50204e0:43,union|44b6_c50204e0:43|126,0,-21.015234964692834
geometry_1_05_focus0,44b6_c50204e0,44b6_c50204e0:43,union|44b6_c50204e0:43|127,0,-18.957708984947647
geometry_1_05_focus0,44b6_c50204e0,44b6_c50204e0:43,union|44b6_c50204e0:43|128,0,-21.657034513464094
geometry_1_05_focus0,44b6_c50204e0,44b6_c50204e0:43,union|44b6_c50204e0:43|129,0,-17.32880187975862
geometry_1_05_focus0,44b6_c50204e0,44b6_c50204e0:43,union|44b6_c50204e0:43|130,0,-23.702010302909123
geometry_1_05_focus0,44b6_c50204e0,44b6_c50204e0:43,union|44b6_c50204e0:43|131,0,-23.92983063900093
geometry_1_05_focus0,44b6_c50204e0,44b6_c50204e0:43,union|44b6_c50204e0:43|132,0,-20.98582585961126
geometry_1_05_focus0,44b6_c50204e0,44b6_c50204e0:43,union|44b6_c50204e0:43|133,0,-23.541103593320848
geometry_1_05_focus0,44b6_c50204e0,44b6_c50204e0:43,union|44b6_c50204e0:43|134,0,-19.559056948114986
geometry_1_05_focus0,44b6_c50204e0,44b6_c50204e0:43,union|44b6_c50204e0:43|135,0,-19.559056948114986
geometry_1_05_focus0,44b6_c50204e0,44b6_c50204e0:43,union|44b6_c50204e0:43|136,0,-22.280965161617313
geometry_1_05_focus0,44b6_c50204e0,44b6_c50204e0:184,union|44b6_c50204e0:184|0,0,-18.87182473121878
geometry_1_05_focus0,44b6_c50204e0,44b6_c50204e0:184,union|44b6_c50204e0:184|1,0,-21.132629937783047
geometry_1_05_focus0,44b6_c50204e0,44b6_c50204e0:184,union|44b6_c50204e0:184|2,0,-22.506025043483355
geometry_1_05_focus0,44b6_c50204e0,44b6_c50204e0:184,union|44b6_c50204e0:184|3,0,-19.47317269438612
geometry_1_05_focus0,44b6_c50204e0,44b6_c50204e0:184,union|44b6_c50204e0:184|4,0,-23.967212812438884
geometry_1_05_focus0,44b6_c50204e0,44b6_c50204e0:184,union|44b6_c50204e0:184|5,0,-20.780635034747718
geometry_1_05_focus0,44b6_c50204e0,44b6_c50204e0:184,union|44b6_c50204e0:184|6,0,-20.595821157048366
geometry_1_05_focus0,44b6_c50204e0,44b6_c50204e0:184,union|44b6_c50204e0:184|7,0,-24.943848987128856
geometry_1_05_focus0,44b6_c50204e0,44b6_c50204e0:184,union|44b6_c50204e0:184|8,0,-21.72785073722658
geometry_1_05_focus0,44b6_c50204e0,44b6_c50204e0:184,union|44b6_c50204e0:184|9,0,-21.518034988106407
geometry_1_05_focus0,44b6_c50204e0,44b6_c50204e0:184,union|44b6_c50204e0:184|10,0,-23.373558975588956
geometry_1_05_focus0,44b6_c50204e0,44b6_c50204e0:184,union|44b6_c50204e0:184|11,0,-22.77690484389522
geometry_1_05_focus0,44b6_c50204e0,44b6_c50204e0:184,union|44b6_c50204e0:184|12,0,-24.30457516605663
geometry_1_05_focus0,44b6_c50204e0,44b6_c50204e0:184,union|44b6_c50204e0:184|13,0,-18.703240518617676
geometry_1_05_focus0,44b6_c50204e0,44b6_c50204e0:184,union|44b6_c50204e0:184|14,0,-23.395277552522693
geometry_1_05_focus0,44b6_c50204e0,44b6_c50204e0:184,union|44b6_c50204e0:184|15,0,-20.757130055180518
geometry_1_05_focus0,44b6_c50204e0,44b6_c50204e0:184,union|44b6_c50204e0:184|16,0,-22.94710982348205
geometry_1_05_focus0,44b6_c50204e0,44b6_c50204e0:184,union|44b6_c50204e0:184|17,0,-18.516775613464937
geometry_1_05_focus0,44b6_c50204e0,44b6_c50204e0:184,union|44b6_c50204e0:184|18,0,-18.792972807332138
geometry_1_05_focus0,44b6_c50204e0,44b6_c50204e0:184,union|44b6_c50204e0:184|19,0,-22.10608646092908
geometry_1_05_focus0,44b6_c50204e0,44b6_c50204e0:184,union|44b6_c50204e0:184|20,0,-22.01163309825101
geometry_1_05_focus0,44b6_c50204e0,44b6_c50204e0:184,union|44b6_c50204e0:184|21,0,-20.520045750336255
geometry_1_05_focus0,44b6_c50204e0,44b6_c50204e0:184,union|44b6_c50204e0:184|22,0,-24.98745649296415
geometry_1_05_focus0,44b6_c50204e0,44b6_c50204e0:184,union|44b6_c50204e0:184|23,0,-24.08069096663817
geometry_1_05_focus0,44b6_c50204e0,44b6_c50204e0:184,union|44b6_c50204e0:184|24,0,-24.297856117105965
geometry_1_05_focus0,44b6_c50204e0,44b6_c50204e0:184,union|44b6_c50204e0:184|25,0,-24.979471431128925
geometry_1_05_focus0,44b6_c50204e0,44b6_c50204e0:184,union|44b6_c50204e0:184|26,0,-20.727910447565204
geometry_1_05_focus0,44b6_c50204e0,44b6_c50204e0:184,union|44b6_c50204e0:184|27,0,-23.10774903848982
geometry_1_05_focus0,44b6_c50204e0,44b6_c50204e0:184,union|44b6_c50204e0:184|28,0,-18.987364936356563
geometry_1_05_focus0,44b6_c50204e0,44b6_c50204e0:184,union|44b6_c50204e0:184|29,0,-19.724021156084966
geometry_1_05_focus0,44b6_c50204e0,44b6_c50204e0:184,union|44b6_c50204e0:184|30,0,-18.04127855894427
geometry_1_05_focus0,44b6_c50204e0,44b6_c50204e0:184,union|44b6_c50204e0:184|31,0,-18.785593382712705
geometry_1_05_focus0,44b6_c50204e0,44b6_c50204e0:184,union|44b6_c50204e0:184|32,0,-23.582981488956825
geometry_1_05_focus0,44b6_c50204e0,44b6_c50204e0:184,union|44b6_c50204e0:184|33,0,-19.89386784398469
geometry_1_05_focus0,44b6_c50204e0,44b6_c50204e0:184,union|44b6_c50204e0:184|34,0,-22.46152759743409
geometry_1_05_focus0,44b6_c50204e0,44b6_c50204e0:184,union|44b6_c50204e0:184|35,0,-24.96081744445332
geometry_1_05_focus0,44b6_c50204e0,44b6_c50204e0:184,union|44b6_c50204e0:184|36,0,-23.9599143006243
geometry_1_05_focus0,44b6_c50204e0,44b6_c50204e0:184,union|44b6_c50204e0:184|37,0,-16.205624975877626
geometry_1_05_focus0,44b6_c50204e0,44b6_c50204e0:184,union|44b6_c50204e0:184|38,0,-22.374496519842367
geometry_1_05_focus0,44b6_c50204e0,44b6_c50204e0:184,union|44b6_c50204e0:184|39,0,-18.81956784955298
geometry_1_05_focus0,44b6_c50204e0,44b6_c50204e0:184,union|44b6_c50204e0:184|40,0,-21.07546193673268
geometry_1_05_focus0,44b6_c50204e0,44b6_c50204e0:184,union|44b6_c50204e0:184|41,0,-22.07552466744979
geometry_1_05_focus0,44b6_c50204e0,44b6_c50204e0:184,union|44b6_c50204e0:184|42,0,-19.005984273972217
geometry_1_05_focus0,44b6_c50204e0,44b6_c50204e0:184,union|44b6_c50204e0:184|43,0,-19.707658338382377
geometry_1_05_focus0,44b6_c50204e0,44b6_c50204e0:184,union|44b6_c50204e0:184|44,0,-23.20956381968579
geometry_1_05_focus0,44b6_c50204e0,44b6_c50204e0:184,union|44b6_c50204e0:184|45,0,-17.80080981811484
geometry_1_05_focus0,44b6_c50204e0,44b6_c50204e0:184,union|44b6_c50204e0:184|46,0,-20.312927608570664
geometry_1_05_focus0,44b6_c50204e0,44b6_c50204e0:184,union|44b6_c50204e0:184|47,0,-20.618709804024316
geometry_1_05_focus0,44b6_c50204e0,44b6_c50204e0:184,union|44b6_c50204e0:184|48,0,-19.431814823768438
geometry_1_05_focus0,44b6_c50204e0,44b6_c50204e0:184,union|44b6_c50204e0:184|49,0,-20.3702425971407
geometry_1_05_focus0,44b6_c50204e0,44b6_c50204e0:184,union|44b6_c50204e0:184|50,0,-17.194350598886807
geometry_1_05_focus0,44b6_c50204e0,44b6_c50204e0:184,union|44b6_c50204e0:184|51,0,-20.13564311128928
geometry_1_05_focus0,44b6_c50204e0,44b6_c50204e0:184,union|44b6_c50204e0:184|52,0,-19.5
geometry_1_05_focus0,44b6_c50204e0,44b6_c50204e0:184,union|44b6_c50204e0:184|53,0,-19.890601817456385
geometry_1_05_focus0,44b6_c50204e0,44b6_c50204e0:184,union|44b6_c50204e0:184|54,0,-23.14657189138248
geometry_1_05_focus0,44b6_c50204e0,44b6_c50204e0:184,union|44b6_c50204e0:184|55,0,-22.161954990846137
geometry_1_05_focus0,44b6_c50204e0,44b6_c50204e0:184,union|44b6_c50204e0:184|56,0,-23.924487553085925
geometry_1_05_focus0,44b6_c50204e0,44b6_c50204e0:184,union|44b6_c50204e0:184|57,0,-24.16971385113247
geometry_1_05_focus0,44b6_c50204e0,44b6_c50204e0:184,union|44b6_c50204e0:184|58,0,-22.52016470515867
geometry_1_05_focus0,44b6_c50204e0,44b6_c50204e0:184,union|44b6_c50204e0:184|59,0,-21.470388875044634
geometry_1_05_focus0,44b6_c50204e0,44b6_c50204e0:184,union|44b6_c50204e0:184|60,0,-16.333614233103837
geometry_1_05_focus0,44b6_c50204e0,44b6_c50204e0:184,union|44b6_c50204e0:184|61,0,-24.118750573535454
geometry_1_05_focus0,44b6_c50204e0,44b6_c50204e0:184,union|44b6_c50204e0:184|62,0,-18.30370728389933
geometry_1_05_focus0,44b6_c50204e0,44b6_c50204e0:184,union|44b6_c50204e0:184|63,0,-16.87703149658693
geometry_1_05_focus0,44b6_c50204e0,44b6_c50204e0:184,union|44b6_c50204e0:184|64,0,-20.04127231237247
geometry_1_05_focus0,44b6_c50204e0,44b6_c50204e0:184,union|44b6_c50204e0:184|65,0,-16.333614233103837
geometry_1_05_focus0,44b6_c50204e0,44b6_c50204e0:184,union|44b6_c50204e0:184|66,0,-19.505559461377423
geometry_1_05_focus0,44b6_c50204e0,44b6_c50204e0:184,union|44b6_c50204e0:184|67,0,-18.190531835910097
geometry_1_05_focus0,44b6_c50204e0,44b6_c50204e0:184,union|44b6_c50204e0:184|68,0,-23.702010302909123
geometry_1_05_focus0,44b6_c50204e0,44b6_c50204e0:184,union|44b6_c50204e0:184|69,0,-22.20063027878625
geometry_1_05_focus0,44b6_c50204e0,44b6_c50204e0:184,union|44b6_c50204e0:184|70,0,-20.391720851006312
geometry_1_05_focus0,44b6_c50204e0,44b6_c50204e0:184,union|44b6_c50204e0:184|71,0,-15.724773206583684
geometry_1_05_focus0,44b6_c50204e0,44b6_c50204e0:184,union|44b6_c50204e0:184|72,0,-19.85030072960608
geometry_1_05_focus0,44b6_c50204e0,44b6_c50204e0:184,union|44b6_c50204e0:184|73,0,-18.740369961809275
geometry_1_05_focus0,44b6_c50204e0,44b6_c50204e0:184,union|44b6_c50204e0:184|74,0,-16.51860554742081
geometry_1_05_focus0,44b6_c50204e0,44b6_c50204e0:184,union|44b6_c50204e0:184|75,0,-23.029565351640738
geometry_1_05_focus0,44b6_c50204e0,44b6_c50204e0:184,union|44b6_c50204e0:184|76,0,-20.460372465065184
geometry_1_05_focus0,44b6_c50204e0,44b6_c50204e0:184,union|44b6_c50204e0:184|77,0,-20.960786737429917
geometry_1_05_focus0,44b6_c50204e0,44b6_c50204e0:184,union|44b6_c50204e0:184|78,0,-24.82147107683791
geometry_1_05_focus0,44b6_c50204e0,44b6_c50204e0:184,union|44b6_c50204e0:184|79,0,-23.13010206345166
geometry_1_05_focus0,44b6_c50204e0,44b6_c50204e0:184,union|44b6_c50204e0:184|80,0,-22.089729488236205
geometry_1_05_focus0,44b6_c50204e0,44b6_c50204e0:184,union|44b6_c50204e0:184|81,0,-19.925564579643783
geometry_1_05_focus0,44b6_c50204e0,44b6_c50204e0:184,union|44b6_c50204e0:184|82,0,-18.109755218397435
geometry_1_05_focus0,44b6_c50204e0,44b6_c50204e0:184,union|44b6_c50204e0:184|83,0,-20.043544059531126
geometry_1_05_focus0,44b6_c50204e0,44b6_c50204e0:184,union|44b6_c50204e0:184|84,0,-10.115210416011333
geometry_1_05_focus0,44b6_c50204e0,44b6_c50204e0:184,union|44b6_c50204e0:184|85,0,-22.990199489551937
geometry_1_05_focus0,44b6_c50204e0,44b6_c50204e0:184,union|44b6_c50204e0:184|86,0,-16.68235182732397
geometry_1_05_focus0,44b6_c50204e0,44b6_c50204e0:184,union|44b6_c50204e0:184|87,0,-13.984020822628983
geometry_1_05_focus0,44b6_c50204e0,44b6_c50204e0:184,union|44b6_c50204e0:184|88,0,-18.538531233943473
geometry_1_05_focus0,44b6_c50204e0,44b6_c50204e0:184,union|44b6_c50204e0:184|89,0,-20.50154610573905
geometry_1_05_focus0,44b6_c50204e0,44b6_c50204e0:184,union|44b6_c50204e0:184|90,0,-23.500376519812136
geometry_1_05_focus0,44b6_c50204e0,44b6_c50204e0:184,union|44b6_c50204e0:184|91,0,-23.479580645884926
geometry_1_05_focus0,44b6_c50204e0,44b6_c50204e0:184,union|44b6_c50204e0:184|92,0,-23.51355186896236
geometry_1_05_focus0,44b6_c50204e0,44b6_c50204e0:184,union|44b6_c50204e0:184|93,0,-21.822770145675214
geometry_1_05_focus0,44b6_c50204e0,44b6_c50204e0:184,union|44b6_c50204e0:184|94,0,-24.874933190724448
geometry_1_05_focus0,44b6_c50204e0,44b6_c50204e0:184,union|44b6_c50204e0:184|95,0,-16.3903858729922
geometry_1_05_focus0,44b6_c50204e0,44b6_c50204e0:184,union|44b6_c50204e0:184|96,0,-25.14769419313757
geometry_1_05_focus0,44b6_c50204e0,44b6_c50204e0:184,union|44b6_c50204e0:184|97,0,-24.73558682310904
geometry_1_05_focus0,44b6_c50204e0,44b6_c50204e0:184,union|44b6_c50204e0:184|98,0,-22.77690484389522
geometry_1_05_focus0,44b6_c50204e0,44b6_c50204e0:184,union|44b6_c50204e0:184|99,0,-18.070862621912173
geometry_1_05_focus0,44b6_c50204e0,44b6_c50204e0:184,union|44b6_c50204e0:184|100,0,-21.72785073722658
geometry_1_05_focus0,44b6_c50204e0,44b6_c50204e0:184,union|44b6_c50204e0:184|101,0,-21.676047201266137
geometry_1_05_focus0,44b6_c50204e0,44b6_c50204e0:184,union|44b6_c50204e0:184|102,0,-24.26771933959198
geometry_1_05_focus0,44b6_c50204e0,44b6_c50204e0:184,union|44b6_c50204e0:184|103,0,-23.495743281752702
geometry_1_05_focus0,44b6_c50204e0,44b6_c50204e0:184,union|44b6_c50204e0:184|104,0,-24.700426447762002
geometry_1_05_focus0,44b6_c50204e0,44b6_c50204e0:184,union|44b6_c50204e0:184|105,0,-19.07180008901914
geometry_1_05_focus0,44b6_c50204e0,44b6_c50204e0:184,union|44b6_c50204e0:184|106,0,-20.978648609286676
geometry_1_05_focus0,44b6_c50204e0,44b6_c50204e0:184,union|44b6_c50204e0:184|107,0,-21.266692783145864
geometry_1_05_focus0,44b6_c50204e0,44b6_c50204e0:184,union|44b6_c50204e0:184|108,0,-20.358348149188153
geometry_1_05_focus0,44b6_c50204e0,44b6_c50204e0:184,union|44b6_c50204e0:184|109,0,-23.773967026490258
geometry_1_05_focus0,44b6_c50204e0,44b6_c50204e0:184,union|44b6_c50204e0:184|110,0,-22.17862511185543
geometry_1_05_focus0,44b6_c50204e0,44b6_c50204e0:184,union|44b6_c50204e0:184|111,0,-19.211614009270743
geometry_1_05_focus0,44b6_c50204e0,44b6_c50204e0:184,union|44b6_c50204e0:184|112,0,-19.075245779729475
geometry_1_05_focus0,44b6_c50204e0,44b6_c50204e0:184,union|44b6_c50204e0:184|113,0,-19.081499188909422
geometry_1_05_focus0,44b6_c50204e0,44b6_c50204e0:184,union|44b6_c50204e0:184|114,0,-22.278760573916315
geometry_1_05_focus0,44b6_c50204e0,44b6_c50204e0:184,union|44b6_c50204e0:184|115,0,-23.37240036458305
geometry_1_05_focus0,44b6_c50204e0,44b6_c50204e0:184,union|44b6_c50204e0:184|116,0,-19.9431557638831
geometry_1_05_focus0,44b6_c50204e0,44b6_c50204e0:184,union|44b6_c50204e0:184|117,0,-22.23843675365785
geometry_1_05_focus0,44b6_c50204e0,44b6_c50204e0:184,union|44b6_c50204e0:184|118,0,-21.519598315800366
geometry_1_05_focus0,44b6_c50204e0,44b6_c50204e0:184,union|44b6_c50204e0:184|119,0,-20.11590164620175
geometry_1_05_focus0,44b6_c50204e0,44b6_c50204e0:184,union|44b6_c50204e0:184|120,0,-21.614389279472135
geometry_1_05_focus0,44b6_c50204e0,44b6_c50204e0:184,union|44b6_c50204e0:184|121,0,-15.150090929190995
geometry_1_05_focus0,44b6_c50204e0,44b6_c50204e0:184,union|44b6_c50204e0:184|122,1,-9.839761064056999
geometry_1_05_focus0,44b6_c50204e0,44b6_c50204e0:184,union|44b6_c50204e0:184|123,0,-16.786456405748563
geometry_1_05_focus0,44b6_c50204e0,44b6_c50204e0:184,union|44b6_c50204e0:184|124,0,-19.492682158240733
geometry_1_05_focus0,44b6_c50204e0,44b6_c50204e0:184,union|44b6_c50204e0:184|125,0,-23.251569836627624
geometry_1_05_focus0,44b6_c50204e0,44b6_c50204e0:184,union|44b6_c50204e0:184|126,0,-21.698745682678325
geometry_1_05_focus0,44b6_c50204e0,44b6_c50204e0:184,union|44b6_c50204e0:184|127,0,-21.597922395138063
geometry_1_05_focus0,44b6_c50204e0,44b6_c50204e0:184,union|44b6_c50204e0:184|128,0,-20.00124489592143
geometry_1_05_focus0,44b6_c50204e0,44b6_c50204e0:184,union|44b6_c50204e0:184|129,0,-21.278011833759017
geometry_1_05_focus0,44b6_c50204e0,44b6_c50204e0:184,union|44b6_c50204e0:184|130,0,-23.695418829143918
geometry_1_05_focus0,44b6_c50204e0,44b6_c50204e0:184,union|44b6_c50204e0:184|131,0,-14.514246742843813
geometry_1_05_focus0,44b6_c50204e0,44b6_c50204e0:184,union|44b6_c50204e0:184|132,0,-17.194350598886807
geometry_1_05_focus0,44b6_c50204e0,44b6_c50204e0:184,union|44b6_c50204e0:184|133,0,-24.327521172125543
geometry_1_05_focus0,44b6_c50204e0,44b6_c50204e0:184,union|44b6_c50204e0:184|134,0,-22.15981502759026
geometry_1_05_focus0,44b6_c50204e0,44b6_c50204e0:184,union|44b6_c50204e0:184|135,0,-21.9375
geometry_1_05_focus0,44b6_c50204e0,44b6_c50204e0:184,union|44b6_c50204e0:184|136,0,-19.81304094352178
geometry_1_05_focus0,44b6_c50204e0,44b6_c50204e0:184,union|44b6_c50204e0:184|137,0,-19.952918800995377
geometry_1_05_focus0,44b6_c50204e0,44b6_c50204e0:184,union|44b6_c50204e0:184|138,0,-22.502479768301534
geometry_1_05_focus0,44b6_c50204e0,44b6_c50204e0:184,union|44b6_c50204e0:184|139,0,-21.338315563908047
geometry_1_05_focus0,44b6_c50204e0,44b6_c50204e0:184,union|44b6_c50204e0:184|140,0,-22.4909013024975
geometry_1_05_focus0,44b6_c50204e0,44b6_c50204e0:184,union|44b6_c50204e0:184|141,0,-14.893075489146902
geometry_1_05_focus0,44b6_c50204e0,44b6_c50204e0:184,union|44b6_c50204e0:184|142,0,-15.087027554648797
geometry_1_05_focus0,44b6_c50204e0,44b6_c50204e0:184,union|44b6_c50204e0:184|143,0,-21.138388139999705
geometry_1_05_focus0,44b6_c50204e0,44b6_c50204e0:184,union|44b6_c50204e0:184|144,0,-20.070056383565873
geometry_1_05_focus0,44b6_c50204e0,44b6_c50204e0:184,union|44b6_c50204e0:184|145,0,-17.971171836975515
geometry_1_05_focus0,44b6_c50204e0,44b6_c50204e0:184,union|44b6_c50204e0:184|146,0,-20.290587533764867
geometry_1_05_focus0,44b6_c50204e0,44b6_c50204e0:184,union|44b6_c50204e0:184|147,0,-21.58379402921267
geometry_1_05_focus0,44b6_c50204e0,44b6_c50204e0:184,union|44b6_c50204e0:184|148,0,-15.388227481241229
geometry_1_05_focus0,44b6_c50204e0,44b6_c50204e0:184,union|44b6_c50204e0:184|149,0,-21.689327671539793
geometry_1_05_focus0,44b6_c50204e0,44b6_c50204e0:184,union|44b6_c50204e0:184|150,0,-20.308326846793804
geometry_1_05_focus0,44b6_c50204e0,44b6_c50204e0:184,union|44b6_c50204e0:184|151,0,-23.984261061515188
geometry_1_05_focus0,44b6_c50204e0,44b6_c50204e0:184,union|44b6_c50204e0:184|152,0,-21.847339884699522
geometry_1_05_focus0,44b6_c50204e0,44b6_c50204e0:184,union|44b6_c50204e0:184|153,0,-23.5037089869847
geometry_1_05_focus0,44b6_c50204e0,44b6_c50204e0:184,union|44b6_c50204e0:184|154,0,-25.454638797206876
geometry_1_05_focus0,44b6_c50204e0,44b6_c50204e0:184,union|44b6_c50204e0:184|155,0,-13.10002332081435
geometry_1_05_focus0,44b6_c50204e0,44b6_c50204e0:184,union|44b6_c50204e0:184|156,0,-16.297300018049835
geometry_1_05_focus0,44b6_c50204e0,44b6_c50204e0:184,union|44b6_c50204e0:184|157,0,-23.82066894496159
geometry_1_05_focus0,44b6_c50204e0,44b6_c50204e0:184,union|44b6_c50204e0:184|158,0,-22.512506362769912
geometry_1_05_focus0,44b6_c50204e0,44b6_c50204e0:184,union|44b6_c50204e0:184|159,0,-19.51081471621915
geometry_1_05_focus0,44b6_c50204e0,44b6_c50204e0:184,union|44b6_c50204e0:184|160,0,-20.099060969882096
geometry_1_05_focus0,44b6_c50204e0,44b6_c50204e0:184,union|44b6_c50204e0:184|161,0,-17.997801238183385
geometry_1_05_focus0,44b6_c50204e0,44b6_c50204e0:184,union|44b6_c50204e0:184|162,0,-23.038271136252405
geometry_1_05_focus0,44b6_c50204e0,44b6_c50204e0:184,union|44b6_c50204e0:184|163,0,-15.034242664075588
geometry_1_05_focus0,44b6_c50204e0,44b6_c50204e0:184,union|44b6_c50204e0:184|164,0,-17.235727791422097
geometry_1_05_focus0,44b6_c50204e0,44b6_c50204e0:184,union|44b6_c50204e0:184|165,0,-21.84091097185805
geometry_1_05_focus0,44b6_c50204e0,44b6_c50204e0:184,union|44b6_c50204e0:184|166,0,-17.042870989463147
geometry_1_05_focus0,44b6_c50204e0,44b6_c50204e0:184,union|44b6_c50204e0:184|167,0,-19.542129174435978
geometry_1_05_focus0,44b6_c50204e0,44b6_c50204e0:184,union|44b6_c50204e0:184|168,0,-16.938216150063333
geometry_1_05_focus0,44b6_c50204e0,44b6_c50204e0:184,union|44b6_c50204e0:184|169,0,-23.495743281752702
geometry_1_05_focus0,44b6_c50204e0,44b6_c50204e0:184,union|44b6_c50204e0:184|170,0,-15.246437850853605
geometry_1_05_focus0,44b6_c50204e0,44b6_c50204e0:184,union|44b6_c50204e0:184|171,0,-22.116150234949547
geometry_1_05_focus0,44b6_c50204e0,44b6_c50204e0:184,union|44b6_c50204e0:184|172,0,-22.570081257643377
geometry_1_05_focus0,44b6_c50204e0,44b6_c50204e0:184,union|44b6_c50204e0:184|173,0,-21.783947292782553
geometry_1_05_focus0,44b6_c50204e0,44b6_c50204e0:184,union|44b6_c50204e0:184|174,0,-16.242408353553614
geometry_1_05_focus0,44b6_c50204e0,44b6_c50204e0:184,union|44b6_c50204e0:184|175,0,-21.2453086246324
geometry_1_05_focus0,44b6_c50204e0,44b6_c50204e0:184,union|44b6_c50204e0:184|176,0,-19.292160550731268
geometry_1_05_focus0,44b6_c50204e0,44b6_c50204e0:184,union|44b6_c50204e0:184|177,0,-24.05309706616775
geometry_1_05_focus0,44b6_c50204e0,44b6_c50204e0:184,union|44b6_c50204e0:184|178,0,-23.459443229317827
geometry_1_05_focus0,44b6_c50204e0,44b6_c50204e0:184,union|44b6_c50204e0:184|179,0,-19.791549999117635
geometry_1_05_focus0,44b6_c50204e0,44b6_c50204e0:184,union|44b6_c50204e0:184|180,0,-23.533474912202905
geometry_1_05_focus0,44b6_c50204e0,44b6_c50204e0:184,union|44b6_c50204e0:184|181,0,-19.74669912197679
geometry_1_05_focus0,44b6_c50204e0,44b6_c50204e0:184,union|44b6_c50204e0:184|182,0,-18.438065029546646
geometry_1_05_focus0,44b6_c50204e0,44b6_c50204e0:184,union|44b6_c50204e0:184|183,0,-23.741954566109484
geometry_1_05_focus0,44b6_c50204e0,44b6_c50204e0:184,union|44b6_c50204e0:184|184,0,-24.594144668522475
geometry_1_05_focus0,44b6_c50204e0,44b6_c50204e0:184,union|44b6_c50204e0:184|185,0,-18.31837033703982
geometry_1_05_focus0,44b6_c50204e0,44b6_c50204e0:184,union|44b6_c50204e0:184|186,0,-19.283225431178728
geometry_1_05_focus0,44b6_c50204e0,44b6_c50204e0:184,union|44b6_c50204e0:184|187,0,-20.295772072807427
geometry_1_05_focus0,44b6_c50204e0,44b6_c50204e0:184,union|44b6_c50204e0:184|188,0,-25.11401493486072
geometry_1_05_focus0,44b6_c50204e0,44b6_c50204e0:184,union|44b6_c50204e0:184|189,0,-18.954989184152794
geometry_1_05_focus0,44b6_c50204e0,44b6_c50204e0:184,union|44b6_c50204e0:184|190,0,-19.647026115966888
geometry_1_05_focus0,44b6_c50204e0,44b6_c50204e0:184,union|44b6_c50204e0:184|191,0,-21.07546193673268
geometry_1_05_focus0,44b6_c50204e0,44b6_c50204e0:184,union|44b6_c50204e0:184|192,0,-15.267047550227943
geometry_1_05_focus0,44b6_c50204e0,44b6_c50204e0:184,union|44b6_c50204e0:184|193,0,-20.53275778250617
geometry_1_05_focus0,44b6_c50204e0,44b6_c50204e0:184,union|44b6_c50204e0:184|194,0,-19.103426409387165
geometry_1_05_focus0,44b6_c50204e0,44b6_c50204e0:184,union|44b6_c50204e0:184|195,0,-21.435053011212542
geometry_1_05_focus0,44b6_d2f34f90,44b6_d2f34f90:103,union|44b6_d2f34f90:103|0,0,-19.64921689341309
geometry_1_05_focus0,44b6_d2f34f90,44b6_d2f34f90:103,union|44b6_d2f34f90:103|1,0,-24.387127226618
geometry_1_05_focus0,44b6_d2f34f90,44b6_d2f34f90:103,union|44b6_d2f34f90:103|2,0,-23.992820654558592
geometry_1_05_focus0,44b6_d2f34f90,44b6_d2f34f90:103,union|44b6_d2f34f90:103|3,0,-23.656885822876383
geometry_1_05_focus0,44b6_d2f34f90,44b6_d2f34f90:103,union|44b6_d2f34f90:103|4,0,-21.971149022573076
geometry_1_05_focus0,44b6_d2f34f90,44b6_d2f34f90:103,union|44b6_d2f34f90:103|5,0,-24.62966268881925
geometry_1_05_focus0,44b6_d2f34f90,44b6_d2f34f90:103,union|44b6_d2f34f90:103|6,0,-18.381858653172063
geometry_1_05_focus0,44b6_d2f34f90,44b6_d2f34f90:103,union|44b6_d2f34f90:103|7,0,-22.6616944172868
geometry_1_05_focus0,44b6_d2f34f90,44b6_d2f34f90:103,union|44b6_d2f34f90:103|8,0,-22.97529745657556
geometry_1_05_focus0,44b6_d2f34f90,44b6_d2f34f90:103,union|44b6_d2f34f90:103|9,0,-22.512052794188254
geometry_1_05_focus0,44b6_d2f34f90,44b6_d2f34f90:103,union|44b6_d2f34f90:103|10,0,-15.212407912729983
geometry_1_05_focus0,44b6_d2f34f90,44b6_d2f34f90:103,union|44b6_d2f34f90:103|11,0,-18.479874473753533
geometry_1_05_focus0,44b6_d2f34f90,44b6_d2f34f90:103,union|44b6_d2f34f90:103|12,1,-10.455639659304438
geometry_1_05_focus0,44b6_d2f34f90,44b6_d2f34f90:103,union|44b6_d2f34f90:103|13,0,-13.98907605333366
geometry_1_05_focus0,44b6_d2f34f90,44b6_d2f34f90:103,union|44b6_d2f34f90:103|14,0,-13.706084261186028
geometry_1_05_focus0,44b6_d2f34f90,44b6_d2f34f90:103,union|44b6_d2f34f90:103|15,0,-16.18658029721676
geometry_1_05_focus0,44b6_d2f34f90,44b6_d2f34f90:103,union|44b6_d2f34f90:103|16,0,-19.875240959524973
geometry_1_05_focus0,44b6_d2f34f90,44b6_d2f34f90:103,union|44b6_d2f34f90:103|17,0,-20.843108073030873
geometry_1_05_focus0,44b6_d2f34f90,44b6_d2f34f90:103,union|44b6_d2f34f90:103|18,0,-22.15444336678662
geometry_1_05_focus0,44b6_d2f34f90,44b6_d2f34f90:103,union|44b6_d2f34f90:103|19,0,-24.64218741221389
geometry_1_05_focus0,44b6_d2f34f90,44b6_d2f34f90:103,union|44b6_d2f34f90:103|20,0,-22.264628772093477
geometry_1_05_focus0,44b6_d2f34f90,44b6_d2f34f90:103,union|44b6_d2f34f90:103|21,0,-15.629731708875306
geometry_1_05_focus0,44b6_d2f34f90,44b6_d2f34f90:103,union|44b6_d2f34f90:103|22,0,-15.395132223023888
geometry_1_05_focus0,44b6_d2f34f90,44b6_d2f34f90:103,union|44b6_d2f34f90:103|23,0,-15.087027554648797
geometry_1_05_focus0,44b6_d2f34f90,44b6_d2f34f90:103,union|44b6_d2f34f90:103|24,0,-20.527303952236306
geometry_1_05_focus0,44b6_d2f34f90,44b6_d2f34f90:103,union|44b6_d2f34f90:103|25,0,-22.59071518793462
geometry_1_05_focus0,44b6_d2f34f90,44b6_d2f34f90:103,union|44b6_d2f34f90:103|26,0,-16.693023637195587
geometry_1_05_focus0,44b6_d2f34f90,44b6_d2f34f90:103,union|44b6_d2f34f90:103|27,0,-20.27901642822487
geometry_1_05_focus0,44b6_d2f34f90,44b6_d2f34f90:103,union|44b6_d2f34f90:103|28,0,-19.533824830278377
geometry_1_05_focus0,44b6_d2f34f90,44b6_d2f34f90:103,union|44b6_d2f34f90:103|29,0,-21.040261303214514
geometry_1_05_focus0,44b6_d2f34f90,44b6_d2f34f90:103,union|44b6_d2f34f90:103|30,0,-19.929230890021437
geometry_1_05_focus0,44b6_d2f34f90,44b6_d2f34f90:103,union|44b6_d2f34f90:103|31,0,-21.03138326500004
geometry_1_05_focus0,44b6_d2f34f90,44b6_d2f34f90:103,union|44b6_d2f34f90:103|32,0,-16.25676158121289
geometry_1_05_focus0,44b6_d2f34f90,44b6_d2f34f90:103,union|44b6_d2f34f90:103|33,0,-18.567001513013313
geometry_1_05_focus0,44b6_d2f34f90,44b6_d2f34f90:103,union|44b6_d2f34f90:103|34,0,-24.379822406378512
geometry_1_05_focus0,44b6_d2f34f90,44b6_d2f34f90:103,union|44b6_d2f34f90:103|35,0,-16.460265465978537
geometry_1_05_focus0,44b6_d2f34f90,44b6_d2f34f90:103,union|44b6_d2f34f90:103|36,0,-15.472650470165858
geometry_1_05_focus0,44b6_d2f34f90,44b6_d2f34f90:103,union|44b6_d2f34f90:103|37,0,-12.182715507494468
geometry_1_05_focus0,44b6_d2f34f90,44b6_d2f34f90:103,union|44b6_d2f34f90:103|38,0,-21.415457916854674
geometry_1_05_focus0,44b6_d2f34f90,44b6_d2f34f90:103,union|44b6_d2f34f90:103|39,0,-19.33009657282269
geometry_1_05_focus0,44b6_d2f34f90,44b6_d2f34f90:103,union|44b6_d2f34f90:103|40,0,-20.587342636884607
geometry_1_05_focus0,44b6_d2f34f90,44b6_d2f34f90:103,union|44b6_d2f34f90:103|41,0,-20.399050347360966
geometry_1_05_focus0,44b6_d2f34f90,44b6_d2f34f90:103,union|44b6_d2f34f90:103|42,0,-22.312824116221453
geometry_1_05_focus0,44b6_d2f34f90,44b6_d2f34f90:103,union|44b6_d2f34f90:103|43,0,-24.13839250669323
geometry_1_05_focus0,44b6_d2f34f90,44b6_d2f34f90:103,union|44b6_d2f34f90:103|44,0,-19.815995217493004
geometry_1_05_focus0,44b6_d2f34f90,44b6_d2f34f90:103,union|44b6_d2f34f90:103|45,0,-13.155235039163673
geometry_1_05_focus0,44b6_d2f34f90,44b6_d2f34f90:103,union|44b6_d2f34f90:103|46,0,-16.42520660189807
geometry_1_05_focus0,44b6_d2f34f90,44b6_d2f34f90:103,union|44b6_d2f34f90:103|47,0,-17.335366467850466
geometry_1_05_focus0,44b6_d2f34f90,44b6_d2f34f90:103,union|44b6_d2f34f90:103|48,0,-23.474010725697838
geometry_1_05_focus0,44b6_d2f34f90,44b6_d2f34f90:103,union|44b6_d2f34f90:103|49,0,-21.71892636334502
geometry_1_05_focus0,44b6_d2f34f90,44b6_d2f34f90:103,union|44b6_d2f34f90:103|50,0,-22.765133075628956
geometry_1_05_focus0,44b6_d2f34f90,44b6_d2f34f90:103,union|44b6_d2f34f90:103|51,0,-22.427130479917167
geometry_1_05_focus0,44b6_d2f34f90,44b6_d2f34f90:103,union|44b6_d2f34f90:103|52,0,-19.20072847699611
geometry_1_05_focus0,44b6_d2f34f90,44b6_d2f34f90:103,union|44b6_d2f34f90:103|53,0,-18.799633152052632
geometry_1_05_focus0,44b6_d2f34f90,44b6_d2f34f90:103,union|44b6_d2f34f90:103|54,0,-23.481445165120803
geometry_1_05_focus0,44b6_d2f34f90,44b6_d2f34f90:103,union|44b6_d2f34f90:103|55,0,-21.791185575806402
geometry_1_05_focus0,44b6_d2f34f90,44b6_d2f34f90:103,union|44b6_d2f34f90:103|56,0,-21.470879178364033
geometry_1_05_focus0,44b6_d2f34f90,44b6_d2f34f90:103,union|44b6_d2f34f90:103|57,0,-24.25139578971688
geometry_1_05_focus0,44b6_d2f34f90,44b6_d2f34f90:103,union|44b6_d2f34f90:103|58,0,-23.556425497054903
geometry_1_05_focus0,44b6_d2f34f90,44b6_d2f34f90:103,union|44b6_d2f34f90:103|59,0,-24.70992658358108
geometry_1_05_focus0,44b6_d2f34f90,44b6_d2f34f90:103,union|44b6_d2f34f90:103|60,0,-24.19700947647663
geometry_1_05_focus0,44b6_d2f34f90,44b6_d2f34f90:103,union|44b6_d2f34f90:103|61,0,-19.216435647917447
geometry_1_05_focus0,44b6_d2f34f90,44b6_d2f34f90:103,union|44b6_d2f34f90:103|62,0,-17.631281160368825
geometry_1_05_focus0,44b6_d2f34f90,44b6_d2f34f90:103,union|44b6_d2f34f90:103|63,0,-21.40237736605686
geometry_1_05_focus0,44b6_d2f34f90,44b6_d2f34f90:103,union|44b6_d2f34f90:103|64,0,-22.56113938292993
geometry_1_05_focus0,44b6_d2f34f90,44b6_d2f34f90:103,union|44b6_d2f34f90:103|65,0,-22.922487636758017
geometry_1_05_focus0,44b6_d2f34f90,44b6_d2f34f90:103,union|44b6_d2f34f90:103|66,0,-22.5004068629459
geometry_1_05_focus0,44b6_d2f34f90,44b6_d2f34f90:103,union|44b6_d2f34f90:103|67,0,-22.47253992745072
geometry_1_05_focus0,44b6_d2f34f90,44b6_d2f34f90:103,union|44b6_d2f34f90:103|68,0,-24.123486172024563
geometry_1_05_focus0,44b6_d2f34f90,44b6_d2f34f90:103,union|44b6_d2f34f90:103|69,0,-18.639660822164974
geometry_1_05_focus0,44b6_d2f34f90,44b6_d2f34f90:103,union|44b6_d2f34f90:103|70,0,-20.946348258844314
geometry_1_05_focus0,44b6_d2f34f90,44b6_d2f34f90:103,union|44b6_d2f34f90:103|71,0,-16.043892910089355
geometry_1_05_focus0,44b6_d2f34f90,44b6_d2f34f90:103,union|44b6_d2f34f90:103|72,0,-25.95801261467207
geometry_1_05_focus0,44b6_d2f34f90,44b6_d2f34f90:103,union|44b6_d2f34f90:103|73,0,-18.773773017531333
geometry_1_05_focus0,44b6_d2f34f90,44b6_d2f34f90:103,union|44b6_d2f34f90:103|74,0,-21.046255502546018
geometry_1_05_focus0,44b6_d2f34f90,44b6_d2f34f90:103,union|44b6_d2f34f90:103|75,0,-23.017599417124675
geometry_1_05_focus0,44b6_d2f34f90,44b6_d2f34f90:137,union|44b6_d2f34f90:137|0,0,-19.212583409974656
geometry_1_05_focus0,44b6_d2f34f90,44b6_d2f34f90:137,union|44b6_d2f34f90:137|1,0,-20.93207325138323
geometry_1_05_focus0,44b6_d2f34f90,44b6_d2f34f90:137,union|44b6_d2f34f90:137|2,0,-15.388408054352412
geometry_1_05_focus0,44b6_d2f34f90,44b6_d2f34f90:137,union|44b6_d2f34f90:137|3,0,-21.07904217583497
geometry_1_05_focus0,44b6_d2f34f90,44b6_d2f34f90:137,union|44b6_d2f34f90:137|4,0,-20.106786438228717
geometry_1_05_focus0,44b6_d2f34f90,44b6_d2f34f90:137,union|44b6_d2f34f90:137|5,0,-18.28709035774215
geometry_1_05_focus0,44b6_d2f34f90,44b6_d2f34f90:137,union|44b6_d2f34f90:137|6,0,-17.91189374410199
geometry_1_05_focus0,44b6_d2f34f90,44b6_d2f34f90:137,union|44b6_d2f34f90:137|7,0,-20.692155307661565
geometry_1_05_focus0,44b6_d2f34f90,44b6_d2f34f90:137,union|44b6_d2f34f90:137|8,0,-20.76727164516817
geometry_1_05_focus0,44b6_d2f34f90,44b6_d2f34f90:137,union|44b6_d2f34f90:137|9,0,-23.275477817599707
geometry_1_05_focus0,44b6_d2f34f90,44b6_d2f34f90:137,union|44b6_d2f34f90:137|10,0,-20.580273166469798
geometry_1_05_focus0,44b6_d2f34f90,44b6_d2f34f90:137,union|44b6_d2f34f90:137|11,0,-24.61434390631299
geometry_1_05_focus0,44b6_d2f34f90,44b6_d2f34f90:137,union|44b6_d2f34f90:137|12,0,-24.153656213773413
geometry_1_05_focus0,44b6_d2f34f90,44b6_d2f34f90:137,union|44b6_d2f34f90:137|13,0,-19.876444878948956
geometry_1_05_focus0,44b6_d2f34f90,44b6_d2f34f90:137,union|44b6_d2f34f90:137|14,0,-22.152840838434113
geometry_1_05_focus0,44b6_d2f34f90,44b6_d2f34f90:137,union|44b6_d2f34f90:137|15,0,-24.043985881645167
geometry_1_05_focus0,44b6_d2f34f90,44b6_d2f34f90:137,union|44b6_d2f34f90:137|16,0,-22.94710982348205
geometry_1_05_focus0,44b6_d2f34f90,44b6_d2f34f90:137,union|44b6_d2f34f90:137|17,0,-19.54302823116093
geometry_1_05_focus0,44b6_d2f34f90,44b6_d2f34f90:137,union|44b6_d2f34f90:137|18,0,-17.103792452635442
geometry_1_05_focus0,44b6_d2f34f90,44b6_d2f34f90:137,union|44b6_d2f34f90:137|19,0,-24.318237449017374
geometry_1_05_focus0,44b6_d2f34f90,44b6_d2f34f90:137,union|44b6_d2f34f90:137|20,0,-22.57778148974561
geometry_1_05_focus0,44b6_d2f34f90,44b6_d2f34f90:137,union|44b6_d2f34f90:137|21,0,-20.53275778250617
geometry_1_05_focus0,44b6_d2f34f90,44b6_d2f34f90:137,union|44b6_d2f34f90:137|22,0,-20.93207325138323
geometry_1_05_focus0,44b6_d2f34f90,44b6_d2f34f90:137,union|44b6_d2f34f90:137|23,0,-22.24249365040906
geometry_1_05_focus0,44b6_d2f34f90,44b6_d2f34f90:137,union|44b6_d2f34f90:137|24,0,-23.939809337265693
geometry_1_05_focus0,44b6_d2f34f90,44b6_d2f34f90:137,union|44b6_d2f34f90:137|25,0,-18.59107769186096
geometry_1_05_focus0,44b6_d2f34f90,44b6_d2f34f90:137,union|44b6_d2f34f90:137|26,0,-19.095701067932602
geometry_1_05_focus0,44b6_d2f34f90,44b6_d2f34f90:137,union|44b6_d2f34f90:137|27,0,-15.855492580984116
geometry_1_05_focus0,44b6_d2f34f90,44b6_d2f34f90:137,union|44b6_d2f34f90:137|28,1,-9.527338811792074
geometry_1_05_focus0,44b6_d2f34f90,44b6_d2f34f90:137,union|44b6_d2f34f90:137|29,0,-22.732446622646723
geometry_1_05_focus0,44b6_d2f34f90,44b6_d2f34f90:137,union|44b6_d2f34f90:137|30,0,-15.527815866113867
geometry_1_05_focus0,44b6_d2f34f90,44b6_d2f34f90:137,union|44b6_d2f34f90:137|31,0,-17.570678447789053
geometry_1_05_focus0,44b6_d2f34f90,44b6_d2f34f90:137,union|44b6_d2f34f90:137|32,0,-15.889880838931084
geometry_1_05_focus0,44b6_d2f34f90,44b6_d2f34f90:137,union|44b6_d2f34f90:137|33,0,-22.680402565558314
geometry_1_05_focus0,44b6_d2f34f90,44b6_d2f34f90:137,union|44b6_d2f34f90:137|34,0,-18.386405065379435
geometry_1_05_focus0,44b6_d2f34f90,44b6_d2f34f90:137,union|44b6_d2f34f90:137|35,0,-23.11938884531707
geometry_1_05_focus0,44b6_d2f34f90,44b6_d2f34f90:137,union|44b6_d2f34f90:137|36,0,-20.736377435123693
geometry_1_05_focus0,44b6_d2f34f90,44b6_d2f34f90:137,union|44b6_d2f34f90:137|37,0,-18.024976981755742
geometry_1_05_focus0,44b6_d2f34f90,44b6_d2f34f90:137,union|44b6_d2f34f90:137|38,0,-17.93921082209524
geometry_1_05_focus0,44b6_d2f34f90,44b6_d2f34f90:137,union|44b6_d2f34f90:137|39,0,-19.901609049162133
geometry_1_05_focus0,44b6_d2f34f90,44b6_d2f34f90:137,union|44b6_d2f34f90:137|40,0,-20.736377435123693
geometry_1_05_focus0,44b6_d2f34f90,44b6_d2f34f90:137,union|44b6_d2f34f90:137|41,0,-17.35006379352283
geometry_1_05_focus0,44b6_d2f34f90,44b6_d2f34f90:137,union|44b6_d2f34f90:137|42,0,-16.547065752249434
geometry_1_05_focus0,44b6_d2f34f90,44b6_d2f34f90:137,union|44b6_d2f34f90:137|43,0,-20.087570234871954
geometry_1_05_focus0,44b6_d2f34f90,44b6_d2f34f90:137,union|44b6_d2f34f90:137|44,0,-19.49880023861974
geometry_1_05_focus0,44b6_d2f34f90,44b6_d2f34f90:137,union|44b6_d2f34f90:137|45,0,-18.184412959031057
geometry_1_05_focus0,44b6_d2f34f90,44b6_d2f34f90:137,union|44b6_d2f34f90:137|46,0,-14.626950729277517
geometry_1_05_focus0,44b6_d2f34f90,44b6_d2f34f90:137,union|44b6_d2f34f90:137|47,0,-17.71757688582838
geometry_1_05_focus0,44b6_d2f34f90,44b6_d2f34f90:137,union|44b6_d2f34f90:137|48,0,-17.40557447932182
geometry_1_05_focus0,44b6_d2f34f90,44b6_d2f34f90:137,union|44b6_d2f34f90:137|49,0,-18.8878259243182
geometry_1_05_focus0,44b6_d2f34f90,44b6_d2f34f90:137,union|44b6_d2f34f90:137|50,0,-22.07552466744979
geometry_1_05_focus0,44b6_d2f34f90,44b6_d2f34f90:137,union|44b6_d2f34f90:137|51,0,-16.64937166494265
geometry_1_05_focus0,44b6_d2f34f90,44b6_d2f34f90:137,union|44b6_d2f34f90:137|52,0,-23.967212812438884
geometry_1_05_focus0,44b6_d2f34f90,44b6_d2f34f90:137,union|44b6_d2f34f90:137|53,0,-15.527815866113867
geometry_1_05_focus0,44b6_d2f34f90,44b6_d2f34f90:137,union|44b6_d2f34f90:137|54,0,-17.235727791422097
geometry_1_05_focus0,44b6_d2f34f90,44b6_d2f34f90:137,union|44b6_d2f34f90:137|55,0,-13.909077936871242
geometry_1_05_focus0,44b6_d2f34f90,44b6_d2f34f90:137,union|44b6_d2f34f90:137|56,0,-19.4469967026593
geometry_1_05_focus0,44b6_d2f34f90,44b6_d2f34f90:137,union|44b6_d2f34f90:137|57,0,-15.265421196924406
geometry_1_05_focus0,44b6_d2f34f90,44b6_d2f34f90:137,union|44b6_d2f34f90:137|58,0,-19.99767648990413
geometry_1_05_focus0,44b6_d2f34f90,44b6_d2f34f90:137,union|44b6_d2f34f90:137|59,0,-22.366675745340544
geometry_1_05_focus0,44b6_d2f34f90,44b6_d2f34f90:137,union|44b6_d2f34f90:137|60,0,-22.272222382662477
geometry_1_05_focus0,44b6_d2f34f90,44b6_d2f34f90:137,union|44b6_d2f34f90:137|61,0,-14.059835793168206
geometry_1_05_focus0,44b6_d2f34f90,44b6_d2f34f90:137,union|44b6_d2f34f90:137|62,0,-14.892172754824587
geometry_1_05_focus0,44b6_d2f34f90,44b6_d2f34f90:137,union|44b6_d2f34f90:137|63,0,-22.185194999578037
geometry_1_05_focus0,44b6_d2f34f90,44b6_d2f34f90:137,union|44b6_d2f34f90:137|64,0,-16.873320697381192
geometry_1_05_focus0,44b6_d2f34f90,44b6_d2f34f90:137,union|44b6_d2f34f90:137|65,0,-17.888116591915995
geometry_1_05_focus0,44b6_d2f34f90,44b6_d2f34f90:137,union|44b6_d2f34f90:137|66,0,-22.680402565558314
geometry_1_05_focus0,44b6_d2f34f90,44b6_d2f34f90:137,union|44b6_d2f34f90:137|67,0,-17.53261095020022
geometry_1_05_focus0,44b6_d2f34f90,44b6_d2f34f90:137,union|44b6_d2f34f90:137|68,0,-18.043413396852447
geometry_1_05_focus0,44b6_d2f34f90,44b6_d2f34f90:137,union|44b6_d2f34f90:137|69,0,-14.944008897072347
geometry_1_05_focus0,44b6_d2f34f90,44b6_d2f34f90:137,union|44b6_d2f34f90:137|70,0,-17.152197928407254
geometry_1_05_focus0,44b6_d754aa59,44b6_d754aa59:54,union|44b6_d754aa59:54|0,0,-17.610802202171044
geometry_1_05_focus0,44b6_d754aa59,44b6_d754aa59:54,union|44b6_d754aa59:54|1,0,-20.525585996567244
geometry_1_05_focus0,44b6_d754aa59,44b6_d754aa59:54,union|44b6_d754aa59:54|2,0,-16.44103180559776
geometry_1_05_focus0,44b6_d754aa59,44b6_d754aa59:54,union|44b6_d754aa59:54|3,1,-13.045874503302855
geometry_1_05_focus0,44b6_d754aa59,44b6_d754aa59:54,union|44b6_d754aa59:54|4,0,-17.453700317580115
geometry_1_05_focus0,44b6_d754aa59,44b6_d754aa59:54,union|44b6_d754aa59:54|5,0,-15.87343179773341
geometry_1_05_focus0,44b6_d754aa59,44b6_d754aa59:54,union|44b6_d754aa59:54|6,0,-15.598082157858055
geometry_1_05_focus0,44b6_d754aa59,44b6_d754aa59:54,union|44b6_d754aa59:54|7,0,-16.212004009243092
geometry_1_05_focus0,44b6_d754aa59,44b6_d754aa59:54,union|44b6_d754aa59:54|8,0,-19.588609225809286
geometry_1_05_focus0,44b6_deabac95,44b6_deabac95:15,union|44b6_deabac95:15|0,0,-20.40401411989576
geometry_1_05_focus0,44b6_deabac95,44b6_deabac95:15,union|44b6_deabac95:15|1,0,-22.895567972565814
geometry_1_05_focus0,44b6_deabac95,44b6_deabac95:15,union|44b6_deabac95:15|2,0,-20.973564262114134
geometry_1_05_focus0,44b6_deabac95,44b6_deabac95:15,union|44b6_deabac95:15|3,0,-21.13430192874972
geometry_1_05_focus0,44b6_deabac95,44b6_deabac95:15,union|44b6_deabac95:15|4,0,-24.84442308866314
geometry_1_05_focus0,44b6_deabac95,44b6_deabac95:15,union|44b6_deabac95:15|5,0,-21.787662125175316
geometry_1_05_focus0,44b6_deabac95,44b6_deabac95:15,union|44b6_deabac95:15|6,0,-22.261514093471533
geometry_1_05_focus0,44b6_deabac95,44b6_deabac95:15,union|44b6_deabac95:15|7,0,-19.64931429272842
geometry_1_05_focus0,44b6_deabac95,44b6_deabac95:15,union|44b6_deabac95:15|8,0,-19.943459460027327
geometry_1_05_focus0,44b6_deabac95,44b6_deabac95:15,union|44b6_deabac95:15|9,0,-18.64130913769669
geometry_1_05_focus0,44b6_deabac95,44b6_deabac95:15,union|44b6_deabac95:15|10,0,-18.54204369983471
geometry_1_05_focus0,44b6_deabac95,44b6_deabac95:15,union|44b6_deabac95:15|11,0,-21.485976347200463
geometry_1_05_focus0,44b6_deabac95,44b6_deabac95:15,union|44b6_deabac95:15|12,0,-19.26790350692449
geometry_1_05_focus0,44b6_deabac95,44b6_deabac95:15,union|44b6_deabac95:15|13,0,-19.709732824667935
geometry_1_05_focus0,44b6_deabac95,44b6_deabac95:15,union|44b6_deabac95:15|14,0,-21.924426799308186
geometry_1_05_focus0,44b6_deabac95,44b6_deabac95:15,union|44b6_deabac95:15|15,0,-21.29577353526076
geometry_1_05_focus0,44b6_deabac95,44b6_deabac95:15,union|44b6_deabac95:15|16,0,-22.780889020894676
geometry_1_05_focus0,44b6_deabac95,44b6_deabac95:15,union|44b6_deabac95:15|17,0,-17.019961488798295
geometry_1_05_focus0,44b6_deabac95,44b6_deabac95:15,union|44b6_deabac95:15|18,0,-14.759451400677714
geometry_1_05_focus0,44b6_deabac95,44b6_deabac95:15,union|44b6_deabac95:15|19,0,-20.4610854900031
geometry_1_05_focus0,44b6_deabac95,44b6_deabac95:15,union|44b6_deabac95:15|20,0,-20.95239261154947
geometry_1_05_focus0,44b6_deabac95,44b6_deabac95:15,union|44b6_deabac95:15|21,0,-18.51216609412903
geometry_1_05_focus0,44b6_deabac95,44b6_deabac95:15,union|44b6_deabac95:15|22,0,-13.835503490986014
geometry_1_05_focus0,44b6_deabac95,44b6_deabac95:15,union|44b6_deabac95:15|23,0,-16.164214068029445
geometry_1_05_focus0,44b6_deabac95,44b6_deabac95:15,union|44b6_deabac95:15|24,0,-20.697439269456908
geometry_1_05_focus0,44b6_deabac95,44b6_deabac95:15,union|44b6_deabac95:15|25,0,-21.340133738371446
geometry_1_05_focus0,44b6_deabac95,44b6_deabac95:15,union|44b6_deabac95:15|26,0,-18.010675502050695
geometry_1_05_focus0,44b6_deabac95,44b6_deabac95:15,union|44b6_deabac95:15|27,0,-15.758934637140367
geometry_1_05_focus0,44b6_deabac95,44b6_deabac95:15,union|44b6_deabac95:15|28,0,-21.908379054803902
geometry_1_05_focus0,44b6_deabac95,44b6_deabac95:15,union|44b6_deabac95:15|29,1,-15.220539426264311
geometry_1_05_focus0,44b6_deabac95,44b6_deabac95:15,union|44b6_deabac95:15|30,0,-20.322242655816748
geometry_1_05_focus0,44b6_deabac95,44b6_deabac95:15,union|44b6_deabac95:15|31,0,-21.475140094551872
geometry_1_05_focus0,44b6_deabac95,44b6_deabac95:15,union|44b6_deabac95:15|32,0,-22.557459170201938
geometry_1_05_focus0,44b6_deabac95,44b6_deabac95:15,union|44b6_deabac95:15|33,0,-17.422936132311477
geometry_1_05_focus0,44b6_deabac95,44b6_deabac95:15,union|44b6_deabac95:15|34,0,-21.48126997253885
geometry_1_05_focus0,44b6_eb2880fc,44b6_eb2880fc:282,union|44b6_eb2880fc:282|0,0,-21.518034988106407
geometry_1_05_focus0,44b6_eb2880fc,44b6_eb2880fc:282,union|44b6_eb2880fc:282|1,0,-21.132629937783047
geometry_1_05_focus0,44b6_eb2880fc,44b6_eb2880fc:282,union|44b6_eb2880fc:282|2,0,-23.73478469123272
geometry_1_05_focus0,44b6_eb2880fc,44b6_eb2880fc:282,union|44b6_eb2880fc:282|3,0,-20.338805717004274
geometry_1_05_focus0,44b6_eb2880fc,44b6_eb2880fc:282,union|44b6_eb2880fc:282|4,0,-19.47317269438612
geometry_1_05_focus0,44b6_eb2880fc,44b6_eb2880fc:282,union|44b6_eb2880fc:282|5,0,-23.036327050615625
geometry_1_05_focus0,44b6_eb2880fc,44b6_eb2880fc:282,union|44b6_eb2880fc:282|6,0,-21.98081846673835
geometry_1_05_focus0,44b6_eb2880fc,44b6_eb2880fc:282,union|44b6_eb2880fc:282|7,0,-22.272222382662477
geometry_1_05_focus0,44b6_eb2880fc,44b6_eb2880fc:282,union|44b6_eb2880fc:282|8,0,-24.30457516605663
geometry_1_05_focus0,44b6_eb2880fc,44b6_eb2880fc:282,union|44b6_eb2880fc:282|9,0,-25.082504994530137
geometry_1_05_focus0,44b6_eb2880fc,44b6_eb2880fc:282,union|44b6_eb2880fc:282|10,0,-24.939255199208688
geometry_1_05_focus0,44b6_eb2880fc,44b6_eb2880fc:282,union|44b6_eb2880fc:282|11,0,-23.780415007940967
geometry_1_05_focus0,44b6_eb2880fc,44b6_eb2880fc:282,union|44b6_eb2880fc:282|12,0,-20.540089285040423
geometry_1_05_focus0,44b6_eb2880fc,44b6_eb2880fc:282,union|44b6_eb2880fc:282|13,0,-19.82753844291419
geometry_1_05_focus0,44b6_eb2880fc,44b6_eb2880fc:282,union|44b6_eb2880fc:282|14,0,-18.251600124393907
geometry_1_05_focus0,44b6_eb2880fc,44b6_eb2880fc:282,union|44b6_eb2880fc:282|15,0,-23.52549155945895
geometry_1_05_focus0,44b6_eb2880fc,44b6_eb2880fc:282,union|44b6_eb2880fc:282|16,0,-23.292858096326626
geometry_1_05_focus0,44b6_eb2880fc,44b6_eb2880fc:282,union|44b6_eb2880fc:282|17,0,-21.17558442049257
geometry_1_05_focus0,44b6_eb2880fc,44b6_eb2880fc:282,union|44b6_eb2880fc:282|18,0,-23.30012607977544
geometry_1_05_focus0,44b6_eb2880fc,44b6_eb2880fc:282,union|44b6_eb2880fc:282|19,0,-22.47185733823526
geometry_1_05_focus0,44b6_eb2880fc,44b6_eb2880fc:282,union|44b6_eb2880fc:282|20,0,-24.507944509919056
geometry_1_05_focus0,44b6_eb2880fc,44b6_eb2880fc:282,union|44b6_eb2880fc:282|21,0,-23.633078408609933
geometry_1_05_focus0,44b6_eb2880fc,44b6_eb2880fc:282,union|44b6_eb2880fc:282|22,0,-20.621155095155682
geometry_1_05_focus0,44b6_eb2880fc,44b6_eb2880fc:282,union|44b6_eb2880fc:282|23,0,-22.561523464701214
geometry_1_05_focus0,44b6_eb2880fc,44b6_eb2880fc:282,union|44b6_eb2880fc:282|24,0,-24.159049452624025
geometry_1_05_focus0,44b6_eb2880fc,44b6_eb2880fc:282,union|44b6_eb2880fc:282|25,0,-17.98522187121991
geometry_1_05_focus0,44b6_eb2880fc,44b6_eb2880fc:282,union|44b6_eb2880fc:282|26,0,-22.469564235905477
geometry_1_05_focus0,44b6_eb2880fc,44b6_eb2880fc:282,union|44b6_eb2880fc:282|27,0,-19.14109065694335
geometry_1_05_focus0,44b6_eb2880fc,44b6_eb2880fc:282,union|44b6_eb2880fc:282|28,0,-22.250643911646304
geometry_1_05_focus0,44b6_eb2880fc,44b6_eb2880fc:282,union|44b6_eb2880fc:282|29,0,-24.899158548539
geometry_1_05_focus0,44b6_eb2880fc,44b6_eb2880fc:282,union|44b6_eb2880fc:282|30,0,-18.875456048776847
geometry_1_05_focus0,44b6_eb2880fc,44b6_eb2880fc:282,union|44b6_eb2880fc:282|31,0,-19.924921360025294
geometry_1_05_focus0,44b6_eb2880fc,44b6_eb2880fc:282,union|44b6_eb2880fc:282|32,0,-21.470388875044634
geometry_1_05_focus0,44b6_eb2880fc,44b6_eb2880fc:282,union|44b6_eb2880fc:282|33,0,-20.77797151260981
geometry_1_05_focus0,44b6_eb2880fc,44b6_eb2880fc:282,union|44b6_eb2880fc:282|34,0,-20.960786737429917
geometry_1_05_focus0,44b6_eb2880fc,44b6_eb2880fc:282,union|44b6_eb2880fc:282|35,0,-20.517946147132943
geometry_1_05_focus0,44b6_eb2880fc,44b6_eb2880fc:282,union|44b6_eb2880fc:282|36,0,-21.937670030230223
geometry_1_05_focus0,44b6_eb2880fc,44b6_eb2880fc:282,union|44b6_eb2880fc:282|37,0,-16.973766539356426
geometry_1_05_focus0,44b6_eb2880fc,44b6_eb2880fc:282,union|44b6_eb2880fc:282|38,0,-22.96997850827021
geometry_1_05_focus0,44b6_eb2880fc,44b6_eb2880fc:282,union|44b6_eb2880fc:282|39,0,-23.861680085242448
geometry_1_05_focus0,44b6_eb2880fc,44b6_eb2880fc:282,union|44b6_eb2880fc:282|40,0,-22.016760348287708
geometry_1_05_focus0,44b6_eb2880fc,44b6_eb2880fc:282,union|44b6_eb2880fc:282|41,0,-21.434822191036346
geometry_1_05_focus0,44b6_eb2880fc,44b6_eb2880fc:282,union|44b6_eb2880fc:282|42,0,-19.55414985069694
geometry_1_05_focus0,44b6_eb2880fc,44b6_eb2880fc:282,union|44b6_eb2880fc:282|43,0,-22.94710982348205
geometry_1_05_focus0,44b6_eb2880fc,44b6_eb2880fc:282,union|44b6_eb2880fc:282|44,0,-23.026737487558194
geometry_1_05_focus0,44b6_eb2880fc,44b6_eb2880fc:282,union|44b6_eb2880fc:282|45,0,-22.988604880629655
geometry_1_05_focus0,44b6_eb2880fc,44b6_eb2880fc:282,union|44b6_eb2880fc:282|46,0,-23.299211304654392
geometry_1_05_focus0,44b6_eb2880fc,44b6_eb2880fc:282,union|44b6_eb2880fc:282|47,0,-20.59038481629566
geometry_1_05_focus0,44b6_eb2880fc,44b6_eb2880fc:282,union|44b6_eb2880fc:282|48,0,-23.353723771014884
geometry_1_05_focus0,44b6_eb2880fc,44b6_eb2880fc:282,union|44b6_eb2880fc:282|49,0,-20.64730734247766
geometry_1_05_focus0,44b6_eb2880fc,44b6_eb2880fc:282,union|44b6_eb2880fc:282|50,0,-22.68193433441102
geometry_1_05_focus0,44b6_eb2880fc,44b6_eb2880fc:282,union|44b6_eb2880fc:282|51,0,-25.621984566670214
geometry_1_05_focus0,44b6_eb2880fc,44b6_eb2880fc:282,union|44b6_eb2880fc:282|52,1,-21.150282427783644
geometry_1_05_focus0,44b6_eb2880fc,44b6_eb2880fc:282,union|44b6_eb2880fc:282|53,0,-24.007130055180518
geometry_1_05_focus0,44b6_eb2880fc,44b6_eb2880fc:282,union|44b6_eb2880fc:282|54,0,-24.10394211919541
geometry_1_05_focus0,44b6_eb2880fc,44b6_eb2880fc:282,union|44b6_eb2880fc:282|55,0,-22.251140070412724
geometry_1_05_focus0,44b6_eb2880fc,44b6_eb2880fc:282,union|44b6_eb2880fc:282|56,0,-24.232353731225118
geometry_1_05_focus0,44b6_eb2880fc,44b6_eb2880fc:282,union|44b6_eb2880fc:282|57,0,-22.05936728401823
geometry_1_05_focus0,44b6_eb2880fc,44b6_eb2880fc:282,union|44b6_eb2880fc:282|58,0,-22.383479252866344
geometry_1_05_focus0,44b6_eb2880fc,44b6_eb2880fc:282,union|44b6_eb2880fc:282|59,0,-19.644465377819504
geometry_1_05_focus0,44b6_eb2880fc,44b6_eb2880fc:282,union|44b6_eb2880fc:282|60,0,-18.379155723348312
geometry_1_05_focus0,44b6_eb2880fc,44b6_eb2880fc:282,union|44b6_eb2880fc:282|61,0,-16.041679044162663
geometry_1_05_focus0,44b6_eb2880fc,44b6_eb2880fc:282,union|44b6_eb2880fc:282|62,0,-21.79077919709701
geometry_1_05_focus0,44b6_eb2880fc,44b6_eb2880fc:282,union|44b6_eb2880fc:282|63,0,-23.326026457491967
geometry_1_05_focus0,44b6_eb2880fc,44b6_eb2880fc:282,union|44b6_eb2880fc:282|64,0,-21.213227614730794
geometry_1_05_focus0,44b6_eb2880fc,44b6_eb2880fc:282,union|44b6_eb2880fc:282|65,0,-21.13540341024659
geometry_1_05_focus0,44b6_eb2880fc,44b6_eb2880fc:282,union|44b6_eb2880fc:282|66,0,-22.005544412213847
geometry_1_05_focus0,44b6_eb2880fc,44b6_eb2880fc:282,union|44b6_eb2880fc:282|67,0,-22.49487536565745
geometry_1_05_focus0,44b6_eb2880fc,44b6_eb2880fc:282,union|44b6_eb2880fc:282|68,0,-21.648283435114774
geometry_1_05_focus0,44b6_eb2880fc,44b6_eb2880fc:282,union|44b6_eb2880fc:282|69,0,-19.5772747393042
geometry_1_05_focus0,44b6_eb2880fc,44b6_eb2880fc:282,union|44b6_eb2880fc:282|70,0,-23.16662169282136
geometry_1_05_focus0,44b6_eb2880fc,44b6_eb2880fc:282,union|44b6_eb2880fc:282|71,0,-20.82943082402074
geometry_1_05_focus0,44b6_eb2880fc,44b6_eb2880fc:282,union|44b6_eb2880fc:282|72,0,-20.82943082402074
geometry_1_05_focus0,44b6_eb2880fc,44b6_eb2880fc:282,union|44b6_eb2880fc:282|73,0,-23.78741873261364
geometry_1_05_focus0,44b6_eb2880fc,44b6_eb2880fc:282,union|44b6_eb2880fc:282|74,0,-24.02308391440785
geometry_1_05_focus0,44b6_eb2880fc,44b6_eb2880fc:282,union|44b6_eb2880fc:282|75,0,-20.269532474582213
geometry_1_05_focus0,44b6_eb2880fc,44b6_eb2880fc:282,union|44b6_eb2880fc:282|76,0,-23.836456428774277
geometry_1_05_focus0,44b6_eb2880fc,44b6_eb2880fc:282,union|44b6_eb2880fc:282|77,0,-20.121178266343026
geometry_1_05_focus0,44b6_eb2880fc,44b6_eb2880fc:282,union|44b6_eb2880fc:282|78,0,-18.365690128777313
geometry_1_05_focus0,44b6_eb2880fc,44b6_eb2880fc:282,union|44b6_eb2880fc:282|79,0,-24.19250437799603
geometry_1_05_focus0,44b6_eb2880fc,44b6_eb2880fc:282,union|44b6_eb2880fc:282|80,0,-23.75520541310484
geometry_1_05_focus0,44b6_eb2880fc,44b6_eb2880fc:282,union|44b6_eb2880fc:282|81,0,-24.29372288979507
geometry_1_05_focus0,44b6_eb2880fc,44b6_eb2880fc:282,union|44b6_eb2880fc:282|82,0,-19.565019508208962
geometry_1_05_focus0,44b6_eb2880fc,44b6_eb2880fc:282,union|44b6_eb2880fc:282|83,0,-19.46917474111439
geometry_1_05_focus0,44b6_eb2880fc,44b6_eb2880fc:282,union|44b6_eb2880fc:282|84,0,-24.92913645305883
geometry_1_05_focus0,44b6_eb2880fc,44b6_eb2880fc:282,union|44b6_eb2880fc:282|85,0,-22.963117721741522
geometry_1_05_focus0,44b6_eb2880fc,44b6_eb2880fc:282,union|44b6_eb2880fc:282|86,0,-19.423864883356984
geometry_1_05_focus0,44b6_eb2880fc,44b6_eb2880fc:282,union|44b6_eb2880fc:282|87,0,-22.777681851840942
geometry_1_05_focus0,44b6_eb2880fc,44b6_eb2880fc:282,union|44b6_eb2880fc:282|88,0,-17.228684756547246
geometry_1_05_focus0,44b6_eb2880fc,44b6_eb2880fc:282,union|44b6_eb2880fc:282|89,0,-21.323397260727937
geometry_1_05_focus0,44b6_eb2880fc,44b6_eb2880fc:282,union|44b6_eb2880fc:282|90,0,-21.55358645473042
geometry_1_05_focus0,44b6_eb2880fc,44b6_eb2880fc:282,union|44b6_eb2880fc:282|91,0,-11.750667933565744
geometry_1_05_focus0,44b6_eb2880fc,44b6_eb2880fc:282,union|44b6_eb2880fc:282|92,0,-21.88642643537301
geometry_1_05_focus0,44b6_eb2880fc,44b6_eb2880fc:282,union|44b6_eb2880fc:282|93,0,-18.380762990573416
geometry_1_05_focus0,44b6_eb2880fc,44b6_eb2880fc:282,union|44b6_eb2880fc:282|94,0,-23.275477817599707
geometry_1_05_focus0,44b6_eb2880fc,44b6_eb2880fc:282,union|44b6_eb2880fc:282|95,0,-12.076801439449902
geometry_1_05_focus0,44b6_eb2880fc,44b6_eb2880fc:282,union|44b6_eb2880fc:282|96,0,-20.917525676670714
geometry_1_05_focus0,44b6_eb2880fc,44b6_eb2880fc:282,union|44b6_eb2880fc:282|97,0,-13.674991085266782
geometry_1_05_focus0,44b6_eb2880fc,44b6_eb2880fc:282,union|44b6_eb2880fc:282|98,0,-14.233765630793284
geometry_1_05_focus0,44b6_eb2880fc,44b6_eb2880fc:282,union|44b6_eb2880fc:282|99,0,-10.237580692355525
geometry_1_05_focus0,44b6_eb2880fc,44b6_eb2880fc:282,union|44b6_eb2880fc:282|100,0,-19.571562838417904
geometry_1_05_focus0,44b6_eb2880fc,44b6_eb2880fc:282,union|44b6_eb2880fc:282|101,0,-21.415457916854674
geometry_1_05_focus0,44b6_eb2880fc,44b6_eb2880fc:282,union|44b6_eb2880fc:282|102,0,-21.19080951619242
geometry_1_05_focus0,44b6_eb2880fc,44b6_eb2880fc:282,union|44b6_eb2880fc:282|103,0,-18.11102696488534
geometry_1_05_focus0,44b6_eb2880fc,44b6_eb2880fc:282,union|44b6_eb2880fc:282|104,0,-23.721818515952773
geometry_1_05_focus0,44b6_eb2880fc,44b6_eb2880fc:282,union|44b6_eb2880fc:282|105,0,-20.480984403128105
geometry_1_05_focus0,44b6_eb2880fc,44b6_eb2880fc:282,union|44b6_eb2880fc:282|106,0,-19.660303787557055
geometry_1_05_focus0,44b6_eb2880fc,44b6_eb2880fc:282,union|44b6_eb2880fc:282|107,0,-17.454878348241287
geometry_1_05_focus0,44b6_eb2880fc,44b6_eb2880fc:282,union|44b6_eb2880fc:282|108,0,-21.06089992228457
geometry_1_05_focus0,44b6_eb2880fc,44b6_eb2880fc:282,union|44b6_eb2880fc:282|109,0,-19.895899592482742
geometry_1_05_focus0,44b6_eb2880fc,44b6_eb2880fc:282,union|44b6_eb2880fc:282|110,0,-19.750923516500734
geometry_1_05_focus0,44b6_eb2880fc,44b6_eb2880fc:282,union|44b6_eb2880fc:282|111,0,-23.85816128912399
geometry_1_05_focus0,44b6_eb2880fc,44b6_eb2880fc:282,union|44b6_eb2880fc:282|112,0,-21.149823308688173
geometry_1_05_focus0,44b6_eb2880fc,44b6_eb2880fc:282,union|44b6_eb2880fc:282|113,0,-22.55792652096959
geometry_1_05_focus0,44b6_eb2880fc,44b6_eb2880fc:282,union|44b6_eb2880fc:282|114,0,-17.591950560722825
geometry_1_05_focus0,44b6_eb2880fc,44b6_eb2880fc:282,union|44b6_eb2880fc:282|115,0,-18.155905859122107
geometry_1_05_focus0,44b6_eb2880fc,44b6_eb2880fc:282,union|44b6_eb2880fc:282|116,0,-23.16542739524311
geometry_1_05_focus0,44b6_eb2880fc,44b6_eb2880fc:282,union|44b6_eb2880fc:282|117,0,-20.997001160934722
geometry_1_05_focus0,44b6_eb2880fc,44b6_eb2880fc:282,union|44b6_eb2880fc:282|118,0,-21.913582233137674
geometry_1_05_focus0,44b6_eb2880fc,44b6_eb2880fc:282,union|44b6_eb2880fc:282|119,0,-21.84091097185805
geometry_1_05_focus0,44b6_eb2880fc,44b6_eb2880fc:282,union|44b6_eb2880fc:282|120,0,-19.120268928312708
geometry_1_05_focus0,44b6_eb2880fc,44b6_eb2880fc:282,union|44b6_eb2880fc:282|121,0,-17.517678570080843
geometry_1_05_focus0,44b6_eb2880fc,44b6_eb2880fc:282,union|44b6_eb2880fc:282|122,0,-24.474997538697576
geometry_1_05_focus0,44b6_eb2880fc,44b6_eb2880fc:282,union|44b6_eb2880fc:282|123,0,-19.320417732131258
geometry_1_05_focus0,44b6_eb2880fc,44b6_eb2880fc:282,union|44b6_eb2880fc:282|124,0,-19.56761119633234
geometry_1_05_focus0,44b6_eb2880fc,44b6_eb2880fc:282,union|44b6_eb2880fc:282|125,0,-19.651975441551144
geometry_1_05_focus0,44b6_eb2880fc,44b6_eb2880fc:282,union|44b6_eb2880fc:282|126,0,-20.881241858427032
geometry_1_05_focus0,44b6_eb2880fc,44b6_eb2880fc:282,union|44b6_eb2880fc:282|127,0,-19.11650103413305
geometry_1_05_focus0,44b6_eb2880fc,44b6_eb2880fc:282,union|44b6_eb2880fc:282|128,0,-21.453691902933667
geometry_1_05_focus0,44b6_eb2880fc,44b6_eb2880fc:282,union|44b6_eb2880fc:282|129,0,-23.26799086919761
geometry_1_05_focus0,44b6_eb2880fc,44b6_eb2880fc:282,union|44b6_eb2880fc:282|130,0,-23.74241501548538
geometry_1_05_focus0,44b6_eb2880fc,44b6_eb2880fc:282,union|44b6_eb2880fc:282|131,0,-23.597559591617586
geometry_1_05_focus0,44b6_eb2880fc,44b6_eb2880fc:282,union|44b6_eb2880fc:282|132,0,-23.7206430797354
geometry_1_05_focus0,44b6_eb2880fc,44b6_eb2880fc:282,union|44b6_eb2880fc:282|133,0,-16.82283834521795
geometry_1_05_focus0,44b6_eb2880fc,44b6_eb2880fc:282,union|44b6_eb2880fc:282|134,0,-22.96997850827021
geometry_1_05_focus0,44b6_eb2880fc,44b6_eb2880fc:282,union|44b6_eb2880fc:282|135,0,-23.479580645884926
geometry_1_05_focus0,44b6_eb2880fc,44b6_eb2880fc:282,union|44b6_eb2880fc:282|136,0,-23.70662352802742
geometry_1_05_focus0,44b6_eb2880fc,44b6_eb2880fc:282,union|44b6_eb2880fc:282|137,0,-21.477273685473016
geometry_1_05_focus0,44b6_eb2880fc,44b6_eb2880fc:282,union|44b6_eb2880fc:282|138,0,-24.033963577546608
geometry_1_05_focus0,44b6_eb2880fc,44b6_eb2880fc:282,union|44b6_eb2880fc:282|139,0,-21.664938939520148
geometry_1_05_focus0,44b6_eb2880fc,44b6_eb2880fc:282,union|44b6_eb2880fc:282|140,0,-21.055948790947255
geometry_1_05_focus0,44b6_eb2880fc,44b6_eb2880fc:282,union|44b6_eb2880fc:282|141,0,-22.187077651089528
geometry_1_05_focus0,44b6_eb2880fc,44b6_eb2880fc:282,union|44b6_eb2880fc:282|142,0,-16.56782698464265
geometry_1_05_focus0,44b6_eb2880fc,44b6_eb2880fc:282,union|44b6_eb2880fc:282|143,0,-21.620214475673087
geometry_1_05_focus0,44b6_eb2880fc,44b6_eb2880fc:282,union|44b6_eb2880fc:282|144,0,-12.117371957550002
geometry_1_05_focus0,44b6_eb2880fc,44b6_eb2880fc:282,union|44b6_eb2880fc:282|145,0,-20.92152971665869
geometry_1_05_focus0,44b6_eb2880fc,44b6_eb2880fc:282,union|44b6_eb2880fc:282|146,0,-15.240058197631322
geometry_1_05_focus0,44b6_eb2880fc,44b6_eb2880fc:282,union|44b6_eb2880fc:282|147,0,-13.818966827421598
geometry_1_05_focus0,44b6_eb2880fc,44b6_eb2880fc:282,union|44b6_eb2880fc:282|148,0,-12.38300138192131
geometry_1_05_focus0,44b6_eb2880fc,44b6_eb2880fc:282,union|44b6_eb2880fc:282|149,0,-19.24977205819971
geometry_1_05_focus0,44b6_eb2880fc,44b6_eb2880fc:282,union|44b6_eb2880fc:282|150,0,-23.362672319240403
geometry_1_05_focus0,44b6_eb2880fc,44b6_eb2880fc:282,union|44b6_eb2880fc:282|151,0,-20.928650877809503
geometry_1_05_focus0,44b6_eb2880fc,44b6_eb2880fc:282,union|44b6_eb2880fc:282|152,0,-18.474361253662877
geometry_1_05_focus0,44b6_eb2880fc,44b6_eb2880fc:282,union|44b6_eb2880fc:282|153,0,-18.65649331222339
geometry_1_05_focus0,44b6_eb2880fc,44b6_eb2880fc:282,union|44b6_eb2880fc:282|154,0,-20.171285361005836
geometry_1_05_focus0,44b6_eb2880fc,44b6_eb2880fc:282,union|44b6_eb2880fc:282|155,0,-18.49330666639657
geometry_1_05_focus0,44b6_eb2880fc,44b6_eb2880fc:282,union|44b6_eb2880fc:282|156,0,-18.355797601483296
geometry_1_05_focus0,44b6_eb2880fc,44b6_eb2880fc:282,union|44b6_eb2880fc:282|157,0,-19.876444878948956
geometry_1_05_focus0,44b6_eb2880fc,44b6_eb2880fc:282,union|44b6_eb2880fc:282|158,0,-17.02551801922109
geometry_1_05_focus0,44b6_eb2880fc,44b6_eb2880fc:282,union|44b6_eb2880fc:282|159,0,-21.50291415059897
geometry_1_05_focus0,44b6_eb2880fc,44b6_eb2880fc:282,union|44b6_eb2880fc:282|160,0,-16.731655528620234
geometry_1_05_focus0,44b6_eb2880fc,44b6_eb2880fc:282,union|44b6_eb2880fc:282|161,0,-18.753191542849464
geometry_1_05_focus0,44b6_eb2880fc,44b6_eb2880fc:282,union|44b6_eb2880fc:282|162,0,-22.07706600589473
geometry_1_05_focus0,44b6_eb2880fc,44b6_eb2880fc:282,union|44b6_eb2880fc:282|163,0,-19.248019983842617
geometry_1_05_focus0,44b6_eb2880fc,44b6_eb2880fc:282,union|44b6_eb2880fc:282|164,0,-23.79949401723325
geometry_1_05_focus0,44b6_eb2880fc,44b6_eb2880fc:282,union|44b6_eb2880fc:282|165,0,-24.3815468652821
geometry_1_05_focus0,44b6_eb2880fc,44b6_eb2880fc:282,union|44b6_eb2880fc:282|166,0,-18.41809737101685
geometry_1_05_focus0,44b6_eb2880fc,44b6_eb2880fc:282,union|44b6_eb2880fc:282|167,0,-21.285945224606944
geometry_1_05_focus0,44b6_eb2880fc,44b6_eb2880fc:282,union|44b6_eb2880fc:282|168,0,-19.453035652909083
geometry_1_05_focus0,44b6_eb2880fc,44b6_eb2880fc:282,union|44b6_eb2880fc:282|169,0,-14.384317539191354
geometry_1_05_focus0,44b6_eb2880fc,44b6_eb2880fc:282,union|44b6_eb2880fc:282|170,0,-9.92662199975404
geometry_1_05_focus0,44b6_eb2880fc,44b6_eb2880fc:282,union|44b6_eb2880fc:282|171,0,-9.804354799061581
geometry_1_05_focus0,44b6_eb2880fc,44b6_eb2880fc:282,union|44b6_eb2880fc:282|172,0,-22.739274658186126
geometry_1_05_focus0,44b6_eb2880fc,44b6_eb2880fc:282,union|44b6_eb2880fc:282|173,0,-16.93069532911118
geometry_1_05_focus0,44b6_eb2880fc,44b6_eb2880fc:282,union|44b6_eb2880fc:282|174,0,-19.907150789771073
geometry_1_05_focus0,44b6_eb2880fc,44b6_eb2880fc:282,union|44b6_eb2880fc:282|175,0,-18.491032377707512
geometry_1_05_focus0,44b6_eb2880fc,44b6_eb2880fc:282,union|44b6_eb2880fc:282|176,0,-15.232897478472001
geometry_1_05_focus0,44b6_eb2880fc,44b6_eb2880fc:282,union|44b6_eb2880fc:282|177,0,-12.709918145640302
geometry_1_05_focus0,44b6_eb2880fc,44b6_eb2880fc:282,union|44b6_eb2880fc:282|178,0,-21.90170906941193
geometry_1_05_focus0,44b6_eb2880fc,44b6_eb2880fc:282,union|44b6_eb2880fc:282|179,0,-11.99532661337637
geometry_1_05_focus0,44b6_eb2880fc,44b6_eb2880fc:282,union|44b6_eb2880fc:282|180,0,-22.543889634246657
geometry_1_05_focus0,6bba_05db0fb1,6bba_05db0fb1:229,union|6bba_05db0fb1:229|0,0,-19.134317129512198
geometry_1_05_focus0,6bba_05db0fb1,6bba_05db0fb1:229,union|6bba_05db0fb1:229|1,0,-21.300850587625977
geometry_1_05_focus0,6bba_05db0fb1,6bba_05db0fb1:229,union|6bba_05db0fb1:229|2,0,-20.118337952141182
geometry_1_05_focus0,6bba_05db0fb1,6bba_05db0fb1:229,union|6bba_05db0fb1:229|3,0,-20.605144991186354
geometry_1_05_focus0,6bba_05db0fb1,6bba_05db0fb1:229,union|6bba_05db0fb1:229|4,0,-22.97240893150763
geometry_1_05_focus0,6bba_05db0fb1,6bba_05db0fb1:229,union|6bba_05db0fb1:229|5,0,-19.201561685379502
geometry_1_05_focus0,6bba_05db0fb1,6bba_05db0fb1:229,union|6bba_05db0fb1:229|6,0,-23.62952423768222
geometry_1_05_focus0,6bba_05db0fb1,6bba_05db0fb1:229,union|6bba_05db0fb1:229|7,0,-22.699965795909357
geometry_1_05_focus0,6bba_05db0fb1,6bba_05db0fb1:229,union|6bba_05db0fb1:229|8,0,-22.624516619064135
geometry_1_05_focus0,6bba_05db0fb1,6bba_05db0fb1:229,union|6bba_05db0fb1:229|9,0,-23.62952423768222
geometry_1_05_focus0,6bba_05db0fb1,6bba_05db0fb1:229,union|6bba_05db0fb1:229|10,0,-23.487543191437645
geometry_1_05_focus0,6bba_05db0fb1,6bba_05db0fb1:229,union|6bba_05db0fb1:229|11,0,-20.80850888590182
geometry_1_05_focus0,6bba_05db0fb1,6bba_05db0fb1:229,union|6bba_05db0fb1:229|12,0,-18.905235158400426
geometry_1_05_focus0,6bba_05db0fb1,6bba_05db0fb1:229,union|6bba_05db0fb1:229|13,0,-23.690649791458256
geometry_1_05_focus0,6bba_05db0fb1,6bba_05db0fb1:229,union|6bba_05db0fb1:229|14,0,-22.780575605093837
geometry_1_05_focus0,6bba_05db0fb1,6bba_05db0fb1:229,union|6bba_05db0fb1:229|15,0,-23.536067102011167
geometry_1_05_focus0,6bba_05db0fb1,6bba_05db0fb1:229,union|6bba_05db0fb1:229|16,0,-14.385497717851043
geometry_1_05_focus0,6bba_05db0fb1,6bba_05db0fb1:229,union|6bba_05db0fb1:229|17,0,-14.780523291625164
geometry_1_05_focus0,6bba_05db0fb1,6bba_05db0fb1:229,union|6bba_05db0fb1:229|18,0,-20.99795271423347
geometry_1_05_focus0,6bba_05db0fb1,6bba_05db0fb1:229,union|6bba_05db0fb1:229|19,0,-16.539317364485864
geometry_1_05_focus0,6bba_05db0fb1,6bba_05db0fb1:229,union|6bba_05db0fb1:229|20,0,-17.14380093898218
geometry_1_05_focus0,6bba_05db0fb1,6bba_05db0fb1:229,union|6bba_05db0fb1:229|21,0,-22.03026598122068
geometry_1_05_focus0,6bba_05db0fb1,6bba_05db0fb1:229,union|6bba_05db0fb1:229|22,0,-20.27994727615757
geometry_1_05_focus0,6bba_05db0fb1,6bba_05db0fb1:229,union|6bba_05db0fb1:229|23,0,-16.320166170868802
geometry_1_05_focus0,6bba_05db0fb1,6bba_05db0fb1:229,union|6bba_05db0fb1:229|24,0,-23.778810392574137
geometry_1_05_focus0,6bba_05db0fb1,6bba_05db0fb1:229,union|6bba_05db0fb1:229|25,0,-25.318986876570957
geometry_1_05_focus0,6bba_05db0fb1,6bba_05db0fb1:229,union|6bba_05db0fb1:229|26,0,-23.053522834743713
geometry_1_05_focus0,6bba_05db0fb1,6bba_05db0fb1:229,union|6bba_05db0fb1:229|27,0,-10.866780777215606
geometry_1_05_focus0,6bba_05db0fb1,6bba_05db0fb1:229,union|6bba_05db0fb1:229|28,0,-16.69375770713266
geometry_1_05_focus0,6bba_05db0fb1,6bba_05db0fb1:229,union|6bba_05db0fb1:229|29,0,-24.851605596831874
geometry_1_05_focus0,6bba_05db0fb1,6bba_05db0fb1:229,union|6bba_05db0fb1:229|30,0,-15.567666731917079
geometry_1_05_focus0,6bba_05db0fb1,6bba_05db0fb1:229,union|6bba_05db0fb1:229|31,0,-20.130616440455142
geometry_1_05_focus0,6bba_05db0fb1,6bba_05db0fb1:229,union|6bba_05db0fb1:229|32,0,-20.84086245088126
geometry_1_05_focus0,6bba_05db0fb1,6bba_05db0fb1:229,union|6bba_05db0fb1:229|33,0,-21.01771933959198
geometry_1_05_focus0,6bba_05db0fb1,6bba_05db0fb1:229,union|6bba_05db0fb1:229|34,0,-21.676047201266137
geometry_1_05_focus0,6bba_05db0fb1,6bba_05db0fb1:229,union|6bba_05db0fb1:229|35,0,-20.53275778250617
geometry_1_05_focus0,6bba_05db0fb1,6bba_05db0fb1:229,union|6bba_05db0fb1:229|36,0,-25.11401493486072
geometry_1_05_focus0,6bba_05db0fb1,6bba_05db0fb1:229,union|6bba_05db0fb1:229|37,0,-23.655866836934155
geometry_1_05_focus0,6bba_05db0fb1,6bba_05db0fb1:229,union|6bba_05db0fb1:229|38,0,-23.851791230974463
geometry_1_05_focus0,6bba_05db0fb1,6bba_05db0fb1:229,union|6bba_05db0fb1:229|39,0,-15.532181915198732
geometry_1_05_focus0,6bba_05db0fb1,6bba_05db0fb1:229,union|6bba_05db0fb1:229|40,0,-23.49689165431031
geometry_1_05_focus0,6bba_05db0fb1,6bba_05db0fb1:229,union|6bba_05db0fb1:229|41,0,-24.38548555380067
geometry_1_05_focus0,6bba_05db0fb1,6bba_05db0fb1:229,union|6bba_05db0fb1:229|42,0,-16.417299872194107
geometry_1_05_focus0,6bba_05db0fb1,6bba_05db0fb1:229,union|6bba_05db0fb1:229|43,0,-17.137330822805524
geometry_1_05_focus0,6bba_05db0fb1,6bba_05db0fb1:229,union|6bba_05db0fb1:229|44,0,-14.665982096633991
geometry_1_05_focus0,6bba_05db0fb1,6bba_05db0fb1:229,union|6bba_05db0fb1:229|45,0,-19.606372165863984
geometry_1_05_focus0,6bba_05db0fb1,6bba_05db0fb1:229,union|6bba_05db0fb1:229|46,0,-22.77690484389522
geometry_1_05_focus0,6bba_05db0fb1,6bba_05db0fb1:229,union|6bba_05db0fb1:229|47,0,-22.699965795909357
geometry_1_05_focus0,6bba_05db0fb1,6bba_05db0fb1:229,union|6bba_05db0fb1:229|48,0,-21.010188679899187
geometry_1_05_focus0,6bba_05db0fb1,6bba_05db0fb1:229,union|6bba_05db0fb1:229|49,0,-13.953431254507759
geometry_1_05_focus0,6bba_05db0fb1,6bba_05db0fb1:229,union|6bba_05db0fb1:229|50,0,-20.27901642822487
geometry_1_05_focus0,6bba_05db0fb1,6bba_05db0fb1:229,union|6bba_05db0fb1:229|51,0,-24.209822049626545
geometry_1_05_focus0,6bba_05db0fb1,6bba_05db0fb1:229,union|6bba_05db0fb1:229|52,0,-23.3789917913269
geometry_1_05_focus0,6bba_05db0fb1,6bba_05db0fb1:229,union|6bba_05db0fb1:229|53,0,-19.482300964683667
geometry_1_05_focus0,6bba_05db0fb1,6bba_05db0fb1:229,union|6bba_05db0fb1:229|54,0,-20.403460256249307
geometry_1_05_focus0,6bba_05db0fb1,6bba_05db0fb1:229,union|6bba_05db0fb1:229|55,0,-14.700608142264812
geometry_1_05_focus0,6bba_05db0fb1,6bba_05db0fb1:229,union|6bba_05db0fb1:229|56,0,-18.950834156797775
geometry_1_05_focus0,6bba_05db0fb1,6bba_05db0fb1:229,union|6bba_05db0fb1:229|57,0,-25.2311297125549
geometry_1_05_focus0,6bba_05db0fb1,6bba_05db0fb1:229,union|6bba_05db0fb1:229|58,0,-13.190097964240055
geometry_1_05_focus0,6bba_05db0fb1,6bba_05db0fb1:229,union|6bba_05db0fb1:229|59,0,-21.323758969925464
geometry_1_05_focus0,6bba_05db0fb1,6bba_05db0fb1:229,union|6bba_05db0fb1:229|60,0,-14.483883206535907
geometry_1_05_focus0,6bba_05db0fb1,6bba_05db0fb1:229,union|6bba_05db0fb1:229|61,0,-16.08421585086213
geometry_1_05_focus0,6bba_05db0fb1,6bba_05db0fb1:229,union|6bba_05db0fb1:229|62,0,-23.655866836934155
geometry_1_05_focus0,6bba_05db0fb1,6bba_05db0fb1:229,union|6bba_05db0fb1:229|63,0,-16.807359639296322
geometry_1_05_focus0,6bba_05db0fb1,6bba_05db0fb1:229,union|6bba_05db0fb1:229|64,0,-15.555490082631266
geometry_1_05_focus0,6bba_05db0fb1,6bba_05db0fb1:229,union|6bba_05db0fb1:229|65,0,-19.776391903869673
geometry_1_05_focus0,6bba_05db0fb1,6bba_05db0fb1:229,union|6bba_05db0fb1:229|66,0,-23.287203604599306
geometry_1_05_focus0,6bba_05db0fb1,6bba_05db0fb1:229,union|6bba_05db0fb1:229|67,0,-22.90887211339916
geometry_1_05_focus0,6bba_05db0fb1,6bba_05db0fb1:229,union|6bba_05db0fb1:229|68,0,-24.989484983138095
geometry_1_05_focus0,6bba_05db0fb1,6bba_05db0fb1:229,union|6bba_05db0fb1:229|69,0,-14.87661740823354
geometry_1_05_focus0,6bba_05db0fb1,6bba_05db0fb1:229,union|6bba_05db0fb1:229|70,0,-15.819887303309233
geometry_1_05_focus0,6bba_05db0fb1,6bba_05db0fb1:229,union|6bba_05db0fb1:229|71,0,-24.277495648233945
geometry_1_05_focus0,6bba_05db0fb1,6bba_05db0fb1:229,union|6bba_05db0fb1:229|72,0,-15.050056707592567
geometry_1_05_focus0,6bba_05db0fb1,6bba_05db0fb1:229,union|6bba_05db0fb1:229|73,0,-20.732573307231984
geometry_1_05_focus0,6bba_05db0fb1,6bba_05db0fb1:229,union|6bba_05db0fb1:229|74,0,-22.117297322561207
geometry_1_05_focus0,6bba_05db0fb1,6bba_05db0fb1:229,union|6bba_05db0fb1:229|75,0,-24.341280251049632
geometry_1_05_focus0,6bba_05db0fb1,6bba_05db0fb1:229,union|6bba_05db0fb1:229|76,0,-23.36045100284881
geometry_1_05_focus0,6bba_05db0fb1,6bba_05db0fb1:229,union|6bba_05db0fb1:229|77,0,-20.585114710650863
geometry_1_05_focus0,6bba_05db0fb1,6bba_05db0fb1:229,union|6bba_05db0fb1:229|78,0,-22.814012023025366
geometry_1_05_focus0,6bba_05db0fb1,6bba_05db0fb1:229,union|6bba_05db0fb1:229|79,0,-21.260835100974717
geometry_1_05_focus0,6bba_05db0fb1,6bba_05db0fb1:229,union|6bba_05db0fb1:229|80,0,-20.696057909571177
geometry_1_05_focus0,6bba_05db0fb1,6bba_05db0fb1:229,union|6bba_05db0fb1:229|81,0,-21.1555314928099
geometry_1_05_focus0,6bba_05db0fb1,6bba_05db0fb1:229,union|6bba_05db0fb1:229|82,0,-20.11255736617888
geometry_1_05_focus0,6bba_05db0fb1,6bba_05db0fb1:229,union|6bba_05db0fb1:229|83,0,-23.347544717325974
geometry_1_05_focus0,6bba_05db0fb1,6bba_05db0fb1:229,union|6bba_05db0fb1:229|84,0,-20.306461985619933
geometry_1_05_focus0,6bba_05db0fb1,6bba_05db0fb1:229,union|6bba_05db0fb1:229|85,0,-19.67314305152225
geometry_1_05_focus0,6bba_05db0fb1,6bba_05db0fb1:229,union|6bba_05db0fb1:229|86,0,-15.82669503983127
geometry_1_05_focus0,6bba_05db0fb1,6bba_05db0fb1:229,union|6bba_05db0fb1:229|87,1,-14.950230943517465
geometry_1_05_focus0,6bba_05db0fb1,6bba_05db0fb1:229,union|6bba_05db0fb1:229|88,0,-15.940730974010872
geometry_1_05_focus0,6bba_05db0fb1,6bba_05db0fb1:229,union|6bba_05db0fb1:229|89,0,-19.007048479436875
geometry_1_05_focus0,6bba_05db0fb1,6bba_05db0fb1:229,union|6bba_05db0fb1:229|90,0,-22.689073792596623
geometry_1_05_focus0,6bba_05db0fb1,6bba_05db0fb1:229,union|6bba_05db0fb1:229|91,0,-21.151549302427554
geometry_1_05_focus0,6bba_05db0fb1,6bba_05db0fb1:229,union|6bba_05db0fb1:229|92,0,-16.61794902109316
geometry_1_05_focus0,6bba_05db0fb1,6bba_05db0fb1:229,union|6bba_05db0fb1:229|93,0,-19.835166952428732
geometry_1_05_focus0,6bba_05db0fb1,6bba_05db0fb1:229,union|6bba_05db0fb1:229|94,0,-14.282737150069384
geometry_1_05_focus0,6bba_05db0fb1,6bba_05db0fb1:229,union|6bba_05db0fb1:229|95,0,-20.272463895459286
geometry_1_05_focus0,6bba_05db0fb1,6bba_05db0fb1:229,union|6bba_05db0fb1:229|96,0,-20.424011534557813
geometry_1_05_focus0,6bba_05db0fb1,6bba_05db0fb1:229,union|6bba_05db0fb1:229|97,0,-16.94984887348029
geometry_1_05_focus0,6bba_05db0fb1,6bba_05db0fb1:229,union|6bba_05db0fb1:229|98,0,-20.006993009023674
geometry_1_05_focus0,6bba_05db0fb1,6bba_05db0fb1:229,union|6bba_05db0fb1:229|99,0,-24.58553818161826
geometry_1_05_focus0,6bba_05db0fb1,6bba_05db0fb1:229,union|6bba_05db0fb1:229|100,0,-23.193949716654735
geometry_1_05_focus0,6bba_05db0fb1,6bba_05db0fb1:229,union|6bba_05db0fb1:229|101,0,-17.26399550423731
geometry_1_05_focus0,6bba_05db0fb1,6bba_05db0fb1:229,union|6bba_05db0fb1:229|102,0,-12.38080077130016
geometry_1_05_focus0,6bba_05db0fb1,6bba_05db0fb1:229,union|6bba_05db0fb1:229|103,0,-21.024572633765295
geometry_1_05_focus0,6bba_05db0fb1,6bba_05db0fb1:229,union|6bba_05db0fb1:229|104,0,-16.871599175949903
geometry_1_05_focus0,6bba_05db0fb1,6bba_05db0fb1:229,union|6bba_05db0fb1:229|105,0,-17.044916336495472
geometry_1_05_focus0,6bba_05db0fb1,6bba_05db0fb1:229,union|6bba_05db0fb1:229|106,0,-20.53275778250617
geometry_1_05_focus0,6bba_05db0fb1,6bba_05db0fb1:229,union|6bba_05db0fb1:229|107,0,-19.780465119321455
geometry_1_05_focus0,6bba_05db0fb1,6bba_05db0fb1:229,union|6bba_05db0fb1:229|108,0,-21.472143271059362
geometry_1_05_focus0,6bba_05db0fb1,6bba_05db0fb1:229,union|6bba_05db0fb1:229|109,0,-22.29294429412484
geometry_1_05_focus0,6bba_05db0fb1,6bba_05db0fb1:229,union|6bba_05db0fb1:229|110,0,-19.94407223617435
geometry_1_05_focus0,6bba_05db0fb1,6bba_05db0fb1:229,union|6bba_05db0fb1:229|111,0,-20.262752906946332
geometry_1_05_focus0,6bba_05db0fb1,6bba_05db0fb1:229,union|6bba_05db0fb1:229|112,0,-20.711111026006247
geometry_1_05_focus0,6bba_05db0fb1,6bba_05db0fb1:229,union|6bba_05db0fb1:229|113,0,-17.224937420950727
geometry_1_05_focus0,6bba_05db0fb1,6bba_05db0fb1:229,union|6bba_05db0fb1:229|114,0,-22.285197865261317
geometry_1_05_focus0,6bba_05db0fb1,6bba_05db0fb1:229,union|6bba_05db0fb1:229|115,0,-24.485493933805294
geometry_1_05_focus0,6bba_05db0fb1,6bba_05db0fb1:229,union|6bba_05db0fb1:229|116,0,-18.67739520854277
geometry_1_05_focus0,6bba_05db0fb1,6bba_05db0fb1:229,union|6bba_05db0fb1:229|117,0,-20.775372773891878
geometry_1_05_focus0,6bba_05db0fb1,6bba_05db0fb1:229,union|6bba_05db0fb1:229|118,0,-20.11704858186433
geometry_1_05_focus0,6bba_05db0fb1,6bba_05db0fb1:229,union|6bba_05db0fb1:229|119,0,-23.959361700898228
geometry_1_05_focus0,6bba_05db0fb1,6bba_05db0fb1:229,union|6bba_05db0fb1:229|120,0,-19.770345138542854
geometry_1_05_focus0,6bba_05db0fb1,6bba_05db0fb1:229,union|6bba_05db0fb1:229|121,0,-16.27227834669428
geometry_1_05_focus0,6bba_05db0fb1,6bba_05db0fb1:229,union|6bba_05db0fb1:229|122,0,-20.3557140079757
geometry_1_05_focus0,6bba_05db0fb1,6bba_05db0fb1:229,union|6bba_05db0fb1:229|123,0,-20.82503863888624
geometry_1_05_focus0,6bba_05db0fb1,6bba_05db0fb1:229,union|6bba_05db0fb1:229|124,0,-20.189746728908638
geometry_1_05_focus0,6bba_05db0fb1,6bba_05db0fb1:229,union|6bba_05db0fb1:229|125,0,-20.14012376181695
geometry_1_05_focus0,6bba_05db0fb1,6bba_05db0fb1:229,union|6bba_05db0fb1:229|126,0,-19.439253515289565
geometry_1_05_focus0,6bba_05db0fb1,6bba_05db0fb1:229,union|6bba_05db0fb1:229|127,0,-19.776391903869673
geometry_1_05_focus0,6bba_05db0fb1,6bba_05db0fb1:229,union|6bba_05db0fb1:229|128,0,-19.471911716421634
geometry_1_05_focus0,6bba_05db0fb1,6bba_05db0fb1:229,union|6bba_05db0fb1:229|129,0,-20.704050465939556
geometry_1_05_focus0,6bba_05db0fb1,6bba_05db0fb1:229,union|6bba_05db0fb1:229|130,0,-18.353953085003067
geometry_1_05_focus0,6bba_05db0fb1,6bba_05db0fb1:229,union|6bba_05db0fb1:229|131,0,-20.77797151260981
geometry_1_05_focus0,6bba_05db0fb1,6bba_05db0fb1:229,union|6bba_05db0fb1:229|132,0,-24.652197810237894
geometry_1_05_focus0,6bba_05db0fb1,6bba_05db0fb1:229,union|6bba_05db0fb1:229|133,0,-16.703301171921044
geometry_1_05_focus0,6bba_05db0fb1,6bba_05db0fb1:229,union|6bba_05db0fb1:229|134,0,-16.128368941704398
geometry_1_05_focus0,6bba_05db0fb1,6bba_05db0fb1:229,union|6bba_05db0fb1:229|135,0,-20.426578535165252
geometry_1_05_focus0,6bba_05db0fb1,6bba_05db0fb1:229,union|6bba_05db0fb1:229|136,0,-6.9410280582245125
geometry_1_05_focus0,6bba_05db0fb1,6bba_05db0fb1:229,union|6bba_05db0fb1:229|137,0,-18.13065819205802
geometry_1_05_focus0,6bba_05db0fb1,6bba_05db0fb1:229,union|6bba_05db0fb1:229|138,0,-16.807359639296322
geometry_1_05_focus0,6bba_05db0fb1,6bba_05db0fb1:229,union|6bba_05db0fb1:229|139,0,-20.586444948727042
geometry_1_05_focus0,6bba_05db0fb1,6bba_05db0fb1:229,union|6bba_05db0fb1:229|140,0,-23.185077800255563
geometry_1_05_focus0,6bba_05db0fb1,6bba_05db0fb1:229,union|6bba_05db0fb1:229|141,0,-19.473984785143358
geometry_1_05_focus0,6bba_05db0fb1,6bba_05db0fb1:229,union|6bba_05db0fb1:229|142,0,-21.360532845654348
geometry_1_05_focus0,6bba_05db0fb1,6bba_05db0fb1:229,union|6bba_05db0fb1:229|143,0,-22.888727492600772
geometry_1_05_focus0,6bba_05db0fb1,6bba_05db0fb1:229,union|6bba_05db0fb1:229|144,0,-23.998259545017063
geometry_1_05_focus0,6bba_05db0fb1,6bba_05db0fb1:229,union|6bba_05db0fb1:229|145,0,-19.645628574737255
geometry_1_05_focus0,6bba_05db0fb1,6bba_05db0fb1:229,union|6bba_05db0fb1:229|146,0,-15.886638827389875
geometry_1_05_focus0,6bba_05db0fb1,6bba_05db0fb1:229,union|6bba_05db0fb1:229|147,0,-20.179379926028062
geometry_1_05_focus0,6bba_05db0fb1,6bba_05db0fb1:229,union|6bba_05db0fb1:229|148,0,-18.06421718563807
geometry_1_05_focus0,6bba_05db0fb1,6bba_05db0fb1:229,union|6bba_05db0fb1:229|149,0,-23.78741873261364
geometry_1_05_focus0,6bba_05db0fb1,6bba_05db0fb1:229,union|6bba_05db0fb1:229|150,0,-25.352550991073358
geometry_1_05_focus0,6bba_05db0fb1,6bba_05db0fb1:229,union|6bba_05db0fb1:229|151,0,-24.14745060257109
geometry_1_05_focus0,6bba_05db0fb1,6bba_05db0fb1:229,union|6bba_05db0fb1:229|152,0,-21.454747080098706
geometry_1_05_focus0,6bba_05db0fb1,6bba_05db0fb1:229,union|6bba_05db0fb1:229|153,0,-21.224738715852368
geometry_1_05_focus0,6bba_05db0fb1,6bba_05db0fb1:229,union|6bba_05db0fb1:229|154,0,-22.01666780530114
geometry_1_05_focus0,6bba_05db0fb1,6bba_05db0fb1:229,union|6bba_05db0fb1:229|155,0,-20.439181360284042
geometry_1_05_focus0,6bba_05db0fb1,6bba_05db0fb1:229,union|6bba_05db0fb1:229|156,0,-23.452047008821967
geometry_1_05_focus0,6bba_05db0fb1,6bba_05db0fb1:229,union|6bba_05db0fb1:229|157,0,-18.356019455489076
geometry_1_05_focus0,6bba_05db0fb1,6bba_05db0fb1:229,union|6bba_05db0fb1:229|158,0,-22.989681422217974
geometry_1_05_focus0,6bba_05db0fb1,6bba_05db0fb1:229,union|6bba_05db0fb1:229|159,0,-23.47073137041044
geometry_1_05_focus0,6bba_05db0fb1,6bba_05db0fb1:229,union|6bba_05db0fb1:229|160,0,-21.19544882431316
geometry_1_05_focus0,6bba_05db0fb1,6bba_05db0fb1:229,union|6bba_05db0fb1:229|161,0,-23.011893262440054
geometry_1_05_focus0,6bba_05db0fb1,6bba_05db0fb1:229,union|6bba_05db0fb1:229|162,0,-23.918883446274677
geometry_1_05_focus0,6bba_05db0fb1,6bba_05db0fb1:229,union|6bba_05db0fb1:229|163,0,-16.832761048311433
geometry_1_05_focus0,6bba_05db0fb1,6bba_05db0fb1:229,union|6bba_05db0fb1:229|164,0,-25.069937839821634
geometry_1_05_focus0,6bba_05db0fb1,6bba_05db0fb1:229,union|6bba_05db0fb1:229|165,0,-15.943650540977346
geometry_1_05_focus0,6bba_05db0fb1,6bba_05db0fb1:229,union|6bba_05db0fb1:229|166,0,-20.363893754597495
geometry_1_05_focus0,6bba_05db0fb1,6bba_05db0fb1:229,union|6bba_05db0fb1:229|167,0,-20.67313051526048
geometry_1_05_focus0,6bba_05db0fb1,6bba_05db0fb1:229,union|6bba_05db0fb1:229|168,0,-16.082923673690146
geometry_1_05_focus0,6bba_05db0fb1,6bba_05db0fb1:229,union|6bba_05db0fb1:229|169,0,-16.68858589692113
geometry_1_05_focus0,6bba_05db0fb1,6bba_05db0fb1:229,union|6bba_05db0fb1:229|170,0,-21.160335788947485
geometry_1_05_focus0,6bba_05db0fb1,6bba_05db0fb1:229,union|6bba_05db0fb1:229|171,0,-19.12145906311248
geometry_1_05_focus0,6bba_05db0fb1,6bba_05db0fb1:229,union|6bba_05db0fb1:229|172,0,-18.38811504468245
geometry_1_05_focus0,6bba_05db0fb1,6bba_05db0fb1:751,union|6bba_05db0fb1:751|0,0,-21.245999485818587
geometry_1_05_focus0,6bba_05db0fb1,6bba_05db0fb1:751,union|6bba_05db0fb1:751|1,0,-16.276446232053473
geometry_1_05_focus0,6bba_05db0fb1,6bba_05db0fb1:751,union|6bba_05db0fb1:751|2,0,-16.60622560012573
geometry_1_05_focus0,6bba_05db0fb1,6bba_05db0fb1:751,union|6bba_05db0fb1:751|3,0,-16.286888040034945
geometry_1_05_focus0,6bba_05db0fb1,6bba_05db0fb1:751,union|6bba_05db0fb1:751|4,0,-16.333614233103837
geometry_1_05_focus0,6bba_05db0fb1,6bba_05db0fb1:751,union|6bba_05db0fb1:751|5,0,-18.61547656140406
geometry_1_05_focus0,6bba_05db0fb1,6bba_05db0fb1:751,union|6bba_05db0fb1:751|6,0,-17.280335523533708
geometry_1_05_focus0,6bba_05db0fb1,6bba_05db0fb1:751,union|6bba_05db0fb1:751|7,0,-21.058404632006287
geometry_1_05_focus0,6bba_05db0fb1,6bba_05db0fb1:751,union|6bba_05db0fb1:751|8,0,-21.33627898368092
geometry_1_05_focus0,6bba_05db0fb1,6bba_05db0fb1:751,union|6bba_05db0fb1:751|9,0,-20.28120363491277
geometry_1_05_focus0,6bba_05db0fb1,6bba_05db0fb1:751,union|6bba_05db0fb1:751|10,0,-21.81547496644692
geometry_1_05_focus0,6bba_05db0fb1,6bba_05db0fb1:751,union|6bba_05db0fb1:751|11,0,-16.200974486739632
geometry_1_05_focus0,6bba_05db0fb1,6bba_05db0fb1:751,union|6bba_05db0fb1:751|12,0,-16.650891251845714
geometry_1_05_focus0,6bba_05db0fb1,6bba_05db0fb1:751,union|6bba_05db0fb1:751|13,0,-20.46269282929083
geometry_1_05_focus0,6bba_05db0fb1,6bba_05db0fb1:751,union|6bba_05db0fb1:751|14,0,-16.744725101935128
geometry_1_05_focus0,6bba_05db0fb1,6bba_05db0fb1:751,union|6bba_05db0fb1:751|15,0,-20.102389442075932
geometry_1_05_focus0,6bba_05db0fb1,6bba_05db0fb1:751,union|6bba_05db0fb1:751|16,0,-18.533627382175318
geometry_1_05_focus0,6bba_05db0fb1,6bba_05db0fb1:751,union|6bba_05db0fb1:751|17,0,-20.968167838416402
geometry_1_05_focus0,6bba_05db0fb1,6bba_05db0fb1:751,union|6bba_05db0fb1:751|18,0,-21.154584262835645
geometry_1_05_focus0,6bba_05db0fb1,6bba_05db0fb1:751,union|6bba_05db0fb1:751|19,0,-21.015234964692834
geometry_1_05_focus0,6bba_05db0fb1,6bba_05db0fb1:751,union|6bba_05db0fb1:751|20,0,-20.727910447565204
geometry_1_05_focus0,6bba_05db0fb1,6bba_05db0fb1:751,union|6bba_05db0fb1:751|21,0,-19.66627855894427
geometry_1_05_focus0,6bba_05db0fb1,6bba_05db0fb1:751,union|6bba_05db0fb1:751|22,0,-21.939620222989596
geometry_1_05_focus0,6bba_05db0fb1,6bba_05db0fb1:751,union|6bba_05db0fb1:751|23,0,-14.737797071005845
geometry_1_05_focus0,6bba_05db0fb1,6bba_05db0fb1:751,union|6bba_05db0fb1:751|24,0,-21.365838418625806
geometry_1_05_focus0,6bba_05db0fb1,6bba_05db0fb1:751,union|6bba_05db0fb1:751|25,0,-20.831231043026296
geometry_1_05_focus0,6bba_05db0fb1,6bba_05db0fb1:751,union|6bba_05db0fb1:751|26,0,-19.63856909232083
geometry_1_05_focus0,6bba_05db0fb1,6bba_05db0fb1:751,union|6bba_05db0fb1:751|27,0,-22.298011064539843
geometry_1_05_focus0,6bba_05db0fb1,6bba_05db0fb1:751,union|6bba_05db0fb1:751|28,0,-19.661921957138865
geometry_1_05_focus0,6bba_05db0fb1,6bba_05db0fb1:751,union|6bba_05db0fb1:751|29,0,-21.316834686651674
geometry_1_05_focus0,6bba_05db0fb1,6bba_05db0fb1:751,union|6bba_05db0fb1:751|30,0,-17.819148938167924
geometry_1_05_focus0,6bba_05db0fb1,6bba_05db0fb1:751,union|6bba_05db0fb1:751|31,0,-19.952918800995377
geometry_1_05_focus0,6bba_05db0fb1,6bba_05db0fb1:751,union|6bba_05db0fb1:751|32,1,-12.009249461739895
geometry_1_05_focus0,6bba_05db0fb1,6bba_05db0fb1:751,union|6bba_05db0fb1:751|33,0,-16.95566130632095
geometry_1_05_focus0,6bba_05db0fb1,6bba_05db0fb1:751,union|6bba_05db0fb1:751|34,0,-15.415565274344374
geometry_1_05_focus0,6bba_05db0fb1,6bba_05db0fb1:751,union|6bba_05db0fb1:751|35,0,-20.312927608570664
geometry_1_05_focus0,6bba_05db0fb1,6bba_05db0fb1:751,union|6bba_05db0fb1:751|36,0,-16.07607803289033
geometry_1_05_focus0,6bba_05db0fb1,6bba_05db0fb1:751,union|6bba_05db0fb1:751|37,0,-25.300592705055458
geometry_1_05_focus0,6bba_05db0fb1,6bba_05db0fb1:751,union|6bba_05db0fb1:751|38,0,-21.709032988836213
geometry_1_05_focus0,6bba_05db0fb1,6bba_05db0fb1:751,union|6bba_05db0fb1:751|39,0,-21.099816795298743
geometry_1_05_focus0,6bba_05db0fb1,6bba_05db0fb1:751,union|6bba_05db0fb1:751|40,0,-15.21945572157913
geometry_1_05_focus0,6bba_05db0fb1,6bba_05db0fb1:751,union|6bba_05db0fb1:751|41,0,-19.67254693279098
geometry_1_05_focus0,6bba_05db0fb1,6bba_05db0fb1:751,union|6bba_05db0fb1:751|42,0,-18.402464827489307
geometry_1_05_focus0,6bba_05db0fb1,6bba_05db0fb1:751,union|6bba_05db0fb1:751|43,0,-14.522873127536291
geometry_1_05_focus0,6bba_05db0fb1,6bba_05db0fb1:751,union|6bba_05db0fb1:751|44,0,-12.823805952498507
geometry_1_05_focus0,6bba_05db0fb1,6bba_05db0fb1:751,union|6bba_05db0fb1:751|45,0,-20.241948299572435
geometry_1_05_focus0,6bba_05db0fb1,6bba_05db0fb1:751,union|6bba_05db0fb1:751|46,0,-19.924921360025294
geometry_1_05_focus0,6bba_05db0fb1,6bba_05db0fb1:751,union|6bba_05db0fb1:751|47,0,-18.59767339346026
geometry_1_05_focus0,6bba_05db0fb1,6bba_05db0fb1:751,union|6bba_05db0fb1:751|48,0,-20.879535721760483
geometry_1_05_focus0,6bba_05db0fb1,6bba_05db0fb1:751,union|6bba_05db0fb1:751|49,0,-20.873069675513108
geometry_1_05_focus0,6bba_05db0fb1,6bba_05db0fb1:751,union|6bba_05db0fb1:751|50,0,-22.637518117371027
geometry_1_05_focus0,6bba_05db0fb1,6bba_05db0fb1:751,union|6bba_05db0fb1:751|51,0,-21.573947190409392
geometry_1_05_focus0,6bba_05db0fb1,6bba_05db0fb1:751,union|6bba_05db0fb1:751|52,0,-13.233195530021638
geometry_1_05_focus0,6bba_05db0fb1,6bba_05db0fb1:751,union|6bba_05db0fb1:751|53,0,-18.00830102380893
geometry_1_05_focus0,6bba_05db0fb1,6bba_05db0fb1:751,union|6bba_05db0fb1:751|54,0,-20.790341855047338
geometry_1_05_focus0,6bba_05db0fb1,6bba_05db0fb1:751,union|6bba_05db0fb1:751|55,0,-20.279879458115612
geometry_1_05_focus0,6bba_05db0fb1,6bba_05db0fb1:751,union|6bba_05db0fb1:751|56,0,-21.73085879724072
geometry_1_05_focus0,6bba_05db0fb1,6bba_05db0fb1:751,union|6bba_05db0fb1:751|57,0,-23.709026158592895
geometry_1_05_focus0,6bba_05db0fb1,6bba_05db0fb1:751,union|6bba_05db0fb1:751|58,0,-16.936375507618983
geometry_1_05_focus0,6bba_05db0fb1,6bba_05db0fb1:751,union|6bba_05db0fb1:751|59,0,-15.08378622257856
geometry_1_05_focus0,6bba_05db0fb1,6bba_05db0fb1:751,union|6bba_05db0fb1:751|60,0,-18.772042234091245
geometry_1_05_focus0,6bba_05db0fb1,6bba_05db0fb1:751,union|6bba_05db0fb1:751|61,0,-18.85377855894427
geometry_1_05_focus0,6bba_05db0fb1,6bba_05db0fb1:751,union|6bba_05db0fb1:751|62,0,-20.83876107612415
geometry_1_05_focus0,6bba_05db0fb1,6bba_05db0fb1:751,union|6bba_05db0fb1:751|63,0,-23.686525708407046
geometry_1_05_focus0,6bba_05db0fb1,6bba_05db0fb1:751,union|6bba_05db0fb1:751|64,0,-24.03268062803493
geometry_1_05_focus0,6bba_05db0fb1,6bba_05db0fb1:751,union|6bba_05db0fb1:751|65,0,-19.820628943215148
geometry_1_05_focus0,6bba_05db0fb1,6bba_05db0fb1:751,union|6bba_05db0fb1:751|66,0,-18.13895557208103
geometry_1_05_focus0,6bba_05db0fb1,6bba_05db0fb1:751,union|6bba_05db0fb1:751|67,0,-11.614477345070664
geometry_1_05_focus0,6bba_05db0fb1,6bba_05db0fb1:751,union|6bba_05db0fb1:751|68,0,-20.26402580906691
geometry_1_05_focus0,6bba_05db0fb1,6bba_05db0fb1:751,union|6bba_05db0fb1:751|69,0,-20.239981758659553
geometry_1_05_focus0,6bba_05db0fb1,6bba_05db0fb1:751,union|6bba_05db0fb1:751|70,0,-21.22578120376672
geometry_1_05_focus0,6bba_05db0fb1,6bba_05db0fb1:751,union|6bba_05db0fb1:751|71,0,-21.022631397634598
geometry_1_05_focus0,6bba_05db0fb1,6bba_05db0fb1:751,union|6bba_05db0fb1:751|72,0,-21.9375
geometry_1_05_focus0,6bba_05db0fb1,6bba_05db0fb1:751,union|6bba_05db0fb1:751|73,0,-23.500376519812136
geometry_1_05_focus0,6bba_05db0fb1,6bba_05db0fb1:751,union|6bba_05db0fb1:751|74,0,-23.906448943711595
geometry_1_05_focus0,6bba_05db0fb1,6bba_05db0fb1:751,union|6bba_05db0fb1:751|75,0,-17.970292442739943
geometry_1_05_focus0,6bba_05db0fb1,6bba_05db0fb1:751,union|6bba_05db0fb1:751|76,0,-21.49525260648344
geometry_1_05_focus0,6bba_05db0fb1,6bba_05db0fb1:751,union|6bba_05db0fb1:751|77,0,-15.543778083601996
geometry_1_05_focus0,6bba_05db0fb1,6bba_05db0fb1:751,union|6bba_05db0fb1:751|78,0,-10.511009446485234
geometry_1_05_focus0,6bba_05db0fb1,6bba_05db0fb1:751,union|6bba_05db0fb1:751|79,0,-17.80080981811484
geometry_1_05_focus0,6bba_05db0fb1,6bba_05db0fb1:751,union|6bba_05db0fb1:751|80,0,-21.64388822874026
geometry_1_05_focus0,6bba_05db0fb1,6bba_05db0fb1:751,union|6bba_05db0fb1:751|81,0,-13.697170672572751
geometry_1_05_focus0,6bba_05db0fb1,6bba_05db0fb1:751,union|6bba_05db0fb1:751|82,0,-22.016721077578744
geometry_1_05_focus0,6bba_05db0fb1,6bba_05db0fb1:751,union|6bba_05db0fb1:751|83,0,-22.728603593320848
geometry_1_05_focus0,6bba_05db0fb1,6bba_05db0fb1:751,union|6bba_05db0fb1:751|84,0,-22.339269593699747
geometry_1_05_focus0,6bba_05db0fb1,6bba_05db0fb1:751,union|6bba_05db0fb1:751|85,0,-21.685686745773495
geometry_1_05_focus0,6bba_05db0fb1,6bba_05db0fb1:751,union|6bba_05db0fb1:751|86,0,-19.794132924698165
geometry_1_05_focus0,6bba_05db0fb1,6bba_05db0fb1:751,union|6bba_05db0fb1:751|87,0,-9.835537752986784
geometry_1_05_focus0,6bba_05db0fb1,6bba_05db0fb1:751,union|6bba_05db0fb1:751|88,0,-17.13610101681317
geometry_1_05_focus0,6bba_05db0fb1,6bba_05db0fb1:751,union|6bba_05db0fb1:751|89,0,-17.511017355810466
geometry_1_05_focus0,6bba_05db0fb1,6bba_05db0fb1:751,union|6bba_05db0fb1:751|90,0,-15.997489958842916
geometry_1_05_focus0,6bba_05db0fb1,6bba_05db0fb1:751,union|6bba_05db0fb1:751|91,0,-11.231337165933489
geometry_1_05_focus0,6bba_05db0fb1,6bba_05db0fb1:751,union|6bba_05db0fb1:751|92,0,-18.113128682488803
geometry_1_05_focus0,6bba_05db0fb1,6bba_05db0fb1:751,union|6bba_05db0fb1:751|93,0,-20.727910447565204
geometry_1_05_focus0,6bba_05db0fb1,6bba_05db0fb1:751,union|6bba_05db0fb1:751|94,0,-18.155832897341064
geometry_1_05_focus0,6bba_05db0fb1,6bba_05db0fb1:751,union|6bba_05db0fb1:751|95,0,-23.435637566375647
geometry_1_05_focus0,6bba_05db0fb1,6bba_05db0fb1:751,union|6bba_05db0fb1:751|96,0,-22.545762158076947
geometry_1_05_focus0,6bba_05db0fb1,6bba_05db0fb1:751,union|6bba_05db0fb1:751|97,0,-21.980260270000862
geometry_1_05_focus0,6bba_05db0fb1,6bba_05db0fb1:751,union|6bba_05db0fb1:751|98,0,-22.54385186991427
geometry_1_05_focus0,6bba_05db0fb1,6bba_05db0fb1:751,union|6bba_05db0fb1:751|99,0,-17.781507062324287
geometry_1_05_focus0,6bba_05db0fb1,6bba_05db0fb1:751,union|6bba_05db0fb1:751|100,0,-15.595832834389963
geometry_1_05_focus0,6bba_05db0fb1,6bba_05db0fb1:751,union|6bba_05db0fb1:751|101,0,-18.441259972014667
geometry_1_05_focus0,6bba_05db0fb1,6bba_05db0fb1:751,union|6bba_05db0fb1:751|102,0,-18.409853319374392
geometry_1_05_focus0,6bba_05db0fb1,6bba_05db0fb1:751,union|6bba_05db0fb1:751|103,0,-15.463789033518001
geometry_1_05_focus0,6bba_05db0fb1,6bba_05db0fb1:751,union|6bba_05db0fb1:751|104,0,-21.015234964692834
geometry_1_05_focus0,6bba_05db0fb1,6bba_05db0fb1:751,union|6bba_05db0fb1:751|105,0,-14.417541384990916
geometry_1_05_focus0,6bba_05db0fb1,6bba_05db0fb1:751,union|6bba_05db0fb1:751|106,0,-19.15842623155119
geometry_1_05_focus0,6bba_05db0fb1,6bba_05db0fb1:751,union|6bba_05db0fb1:751|107,0,-23.581627535481573
geometry_1_05_focus0,6bba_05db0fb1,6bba_05db0fb1:751,union|6bba_05db0fb1:751|108,0,-21.405235769876203
geometry_1_05_focus0,6bba_05db0fb1,6bba_05db0fb1:751,union|6bba_05db0fb1:751|109,0,-21.249271789933793
geometry_1_05_focus0,6bba_05db0fb1,6bba_05db0fb1:751,union|6bba_05db0fb1:751|110,0,-18.670491638064874
geometry_1_05_focus0,6bba_05db0fb1,6bba_05db0fb1:751,union|6bba_05db0fb1:751|111,0,-7.452775472014362
geometry_1_05_focus0,6bba_05db0fb1,6bba_05db0fb1:751,union|6bba_05db0fb1:751|112,0,-14.85242040095436
geometry_1_05_focus0,6bba_05db0fb1,6bba_05db0fb1:751,union|6bba_05db0fb1:751|113,0,-19.28122140461057
geometry_1_05_focus0,6bba_05db0fb1,6bba_05db0fb1:751,union|6bba_05db0fb1:751|114,0,-19.322524559069908
geometry_1_05_focus0,6bba_05db0fb1,6bba_05db0fb1:751,union|6bba_05db0fb1:751|115,0,-12.81375934665811
geometry_1_05_focus0,6bba_05db0fb1,6bba_05db0fb1:751,union|6bba_05db0fb1:751|116,0,-16.497635720392992
geometry_1_05_focus0,6bba_05db0fb1,6bba_05db0fb1:751,union|6bba_05db0fb1:751|117,0,-21.388067813531315
geometry_1_05_focus0,6bba_05db0fb1,6bba_05db0fb1:751,union|6bba_05db0fb1:751|118,0,-24.500129751913747
geometry_1_05_focus0,6bba_05db0fb1,6bba_05db0fb1:751,union|6bba_05db0fb1:751|119,0,-23.479580645884926
geometry_1_05_focus0,6bba_05db0fb1,6bba_05db0fb1:751,union|6bba_05db0fb1:751|120,0,-20.121158052245438
geometry_1_05_focus0,6bba_05db0fb1,6bba_05db0fb1:751,union|6bba_05db0fb1:751|121,0,-21.06963113804652
geometry_1_05_focus0,6bba_05db0fb1,6bba_05db0fb1:751,union|6bba_05db0fb1:751|122,0,-16.13395481321588
geometry_1_05_focus0,6bba_05db0fb1,6bba_05db0fb1:751,union|6bba_05db0fb1:751|123,0,-12.057803617037377
geometry_1_05_focus0,6bba_05db0fb1,6bba_05db0fb1:751,union|6bba_05db0fb1:751|124,0,-20.45131457690554
geometry_1_05_focus0,6bba_05db0fb1,6bba_05db0fb1:751,union|6bba_05db0fb1:751|125,0,-16.504190054439796
geometry_1_05_focus0,6bba_05db0fb1,6bba_05db0fb1:751,union|6bba_05db0fb1:751|126,0,-20.431804661290407
geometry_1_05_focus0,6bba_05db0fb1,6bba_05db0fb1:751,union|6bba_05db0fb1:751|127,0,-22.116954566109484
geometry_1_05_focus0,6bba_05db0fb1,6bba_05db0fb1:751,union|6bba_05db0fb1:751|128,0,-20.684697052696777
geometry_1_05_focus0,6bba_05db0fb1,6bba_05db0fb1:751,union|6bba_05db0fb1:751|129,0,-20.404910756275097
geometry_1_05_focus0,6bba_05db0fb1,6bba_05db0fb1:751,union|6bba_05db0fb1:751|130,0,-18.771087871875665
geometry_1_05_focus0,6bba_05db0fb1,6bba_05db0fb1:751,union|6bba_05db0fb1:751|131,0,-22.394951043779727
geometry_1_05_focus0,6bba_05db0fb1,6bba_05db0fb1:751,union|6bba_05db0fb1:751|132,0,-20.681705410777237
geometry_1_05_focus0,6bba_05db0fb1,6bba_05db0fb1:751,union|6bba_05db0fb1:751|133,0,-21.934113130865583
geometry_1_05_focus0,6bba_05db0fb1,6bba_05db0fb1:751,union|6bba_05db0fb1:751|134,0,-22.57453219576347
geometry_1_05_focus0,6bba_05db0fb1,6bba_05db0fb1:751,union|6bba_05db0fb1:751|135,0,-14.920602468820682
geometry_1_05_focus0,6bba_05db0fb1,6bba_05db0fb1:751,union|6bba_05db0fb1:751|136,0,-15.877941984891812
geometry_1_05_focus0,6bba_05db0fb1,6bba_05db0fb1:751,union|6bba_05db0fb1:751|137,0,-16.499375208436113
geometry_1_05_focus0,6bba_05db0fb1,6bba_05db0fb1:751,union|6bba_05db0fb1:751|138,0,-12.23569438010724
geometry_1_05_focus0,6bba_05db0fb1,6bba_05db0fb1:751,union|6bba_05db0fb1:751|139,0,-23.93767548470333
geometry_1_05_focus0,6bba_05db0fb1,6bba_05db0fb1:751,union|6bba_05db0fb1:751|140,0,-19.17990097190627
geometry_1_05_focus0,6bba_05db0fb1,6bba_05db0fb1:751,union|6bba_05db0fb1:751|141,0,-22.778509096731213
geometry_1_05_focus0,6bba_05db0fb1,6bba_05db0fb1:751,union|6bba_05db0fb1:751|142,0,-19.20664617038052
geometry_1_05_focus0,6bba_05db0fb1,6bba_05db0fb1:751,union|6bba_05db0fb1:751|143,0,-21.311510049930618
geometry_1_05_focus0,6bba_05db0fb1,6bba_05db0fb1:751,union|6bba_05db0fb1:751|144,0,-23.734397031981985
geometry_1_05_focus0,6bba_05db0fb1,6bba_05db0fb1:751,union|6bba_05db0fb1:751|145,0,-23.61154698805101
geometry_1_05_focus0,6bba_05db0fb1,6bba_05db0fb1:751,union|6bba_05db0fb1:751|146,0,-20.358348149188153
geometry_1_05_focus0,6bba_05db0fb1,6bba_05db0fb1:751,union|6bba_05db0fb1:751|147,0,-23.90104580574475
geometry_1_05_focus0,6bba_05db0fb1,6bba_05db0fb1:751,union|6bba_05db0fb1:751|148,0,-24.339431192431082
geometry_1_05_focus0,6bba_05db0fb1,6bba_05db0fb1:751,union|6bba_05db0fb1:751|149,0,-23.702113125312152
geometry_1_05_focus0,6bba_05db0fb1,6bba_05db0fb1:751,union|6bba_05db0fb1:751|150,0,-23.107416090422177
geometry_1_05_focus0,6bba_05db0fb1,6bba_05db0fb1:751,union|6bba_05db0fb1:751|151,0,-21.53855446908298
geometry_1_05_focus0,6bba_05db0fb1,6bba_05db0fb1:751,union|6bba_05db0fb1:751|152,0,-23.342488838055296
geometry_1_05_focus0,6bba_05db0fb1,6bba_05db0fb1:751,union|6bba_05db0fb1:751|153,0,-24.1077718858755
geometry_1_05_focus0,6bba_05db0fb1,6bba_05db0fb1:751,union|6bba_05db0fb1:751|154,0,-23.949200323464233
geometry_1_05_focus0,6bba_05db0fb1,6bba_05db0fb1:751,union|6bba_05db0fb1:751|155,0,-21.799662889252268
geometry_1_05_focus0,6bba_05db0fb1,6bba_05db0fb1:751,union|6bba_05db0fb1:751|156,0,-21.356798510816148
geometry_1_05_focus0,6bba_05db0fb1,6bba_05db0fb1:751,union|6bba_05db0fb1:751|157,0,-20.104995886451025
geometry_1_05_focus0,6bba_05db0fb1,6bba_05db0fb1:751,union|6bba_05db0fb1:751|158,0,-23.04691119423348
geometry_1_05_focus0,6bba_05db0fb1,6bba_05db0fb1:751,union|6bba_05db0fb1:751|159,0,-20.350705484397963
geometry_1_05_focus0,6bba_05db0fb1,6bba_05db0fb1:751,union|6bba_05db0fb1:751|160,0,-18.050324032062754
geometry_1_05_focus0,6bba_05db0fb1,6bba_05db0fb1:751,union|6bba_05db0fb1:751|161,0,-20.971820239577863
geometry_1_05_focus0,6bba_05db0fb1,6bba_05db0fb1:751,union|6bba_05db0fb1:751|162,0,-19.85346803446599
geometry_1_05_focus0,6bba_05db0fb1,6bba_05db0fb1:751,union|6bba_05db0fb1:751|163,0,-21.723449431153433
geometry_1_05_focus0,6bba_05db0fb1,6bba_05db0fb1:751,union|6bba_05db0fb1:751|164,0,-15.525023048390851
geometry_1_05_focus0,6bba_05db0fb1,6bba_05db0fb1:751,union|6bba_05db0fb1:751|165,0,-18.641248282967418
geometry_1_05_focus0,6bba_05db0fb1,6bba_05db0fb1:751,union|6bba_05db0fb1:751|166,0,-19.40576397364686
geometry_1_05_focus0,6bba_05db0fb1,6bba_05db0fb1:751,union|6bba_05db0fb1:751|167,0,-13.131259439505783
geometry_1_05_focus0,6bba_05db0fb1,6bba_05db0fb1:751,union|6bba_05db0fb1:751|168,0,-19.818373020285378
geometry_1_05_focus0,6bba_05db0fb1,6bba_05db0fb1:751,union|6bba_05db0fb1:751|169,0,-15.876552981519865
geometry_1_05_focus0,6bba_05db0fb1,6bba_05db0fb1:751,union|6bba_05db0fb1:751|170,0,-20.700549849316754
geometry_1_05_focus0,6bba_05db0fb1,6bba_05db0fb1:751,union|6bba_05db0fb1:751|171,0,-20.819748292193673
geometry_1_05_focus0,6bba_05db0fb1,6bba_05db0fb1:751,union|6bba_05db0fb1:751|172,0,-15.13299130829854
geometry_1_05_focus0,6bba_207c6aaf,6bba_207c6aaf:146,union|6bba_207c6aaf:146|0,0,-18.456200220074678
geometry_1_05_focus0,6bba_207c6aaf,6bba_207c6aaf:146,union|6bba_207c6aaf:146|1,0,-23.08121326311684
geometry_1_05_focus0,6bba_207c6aaf,6bba_207c6aaf:146,union|6bba_207c6aaf:146|2,0,-25.23357844686644
geometry_1_05_focus0,6bba_207c6aaf,6bba_207c6aaf:146,union|6bba_207c6aaf:146|3,0,-24.09122967309629
geometry_1_05_focus0,6bba_207c6aaf,6bba_207c6aaf:146,union|6bba_207c6aaf:146|4,0,-24.536393473582333
geometry_1_05_focus0,6bba_207c6aaf,6bba_207c6aaf:146,union|6bba_207c6aaf:146|5,0,-18.811841365582012
geometry_1_05_focus0,6bba_207c6aaf,6bba_207c6aaf:146,union|6bba_207c6aaf:146|6,0,-21.344537890289708
geometry_1_05_focus0,6bba_207c6aaf,6bba_207c6aaf:146,union|6bba_207c6aaf:146|7,0,-17.676644660089515
geometry_1_05_focus0,6bba_207c6aaf,6bba_207c6aaf:146,union|6bba_207c6aaf:146|8,0,-18.206908107025832
geometry_1_05_focus0,6bba_207c6aaf,6bba_207c6aaf:146,union|6bba_207c6aaf:146|9,0,-20.3702425971407
geometry_1_05_focus0,6bba_207c6aaf,6bba_207c6aaf:146,union|6bba_207c6aaf:146|10,0,-19.647026115966888
geometry_1_05_focus0,6bba_207c6aaf,6bba_207c6aaf:146,union|6bba_207c6aaf:146|11,0,-23.407827112121424
geometry_1_05_focus0,6bba_207c6aaf,6bba_207c6aaf:146,union|6bba_207c6aaf:146|12,0,-23.579837469708195
geometry_1_05_focus0,6bba_207c6aaf,6bba_207c6aaf:146,union|6bba_207c6aaf:146|13,1,-16.823696820769626
geometry_1_05_focus0,6bba_207c6aaf,6bba_207c6aaf:146,union|6bba_207c6aaf:146|14,0,-20.674487553085925
geometry_1_05_focus0,6bba_207c6aaf,6bba_207c6aaf:146,union|6bba_207c6aaf:146|15,0,-22.815192055070312
geometry_1_05_focus0,6bba_207c6aaf,6bba_207c6aaf:146,union|6bba_207c6aaf:146|16,0,-18.197091926469938
geometry_1_05_focus0,6bba_207c6aaf,6bba_207c6aaf:146,union|6bba_207c6aaf:146|17,0,-23.835290729734787
geometry_1_05_focus0,6bba_207c6aaf,6bba_207c6aaf:146,union|6bba_207c6aaf:146|18,0,-23.112969691177497
geometry_1_05_focus0,6bba_207c6aaf,6bba_207c6aaf:146,union|6bba_207c6aaf:146|19,0,-20.14157610284004
geometry_1_05_focus0,6bba_207c6aaf,6bba_207c6aaf:146,union|6bba_207c6aaf:146|20,0,-22.256488535390055
geometry_1_05_focus0,6bba_207c6aaf,6bba_207c6aaf:146,union|6bba_207c6aaf:146|21,0,-16.513701197773617
geometry_1_05_focus0,6bba_207c6aaf,6bba_207c6aaf:146,union|6bba_207c6aaf:146|22,0,-19.44249332767668
geometry_1_05_focus0,6bba_207c6aaf,6bba_207c6aaf:146,union|6bba_207c6aaf:146|23,0,-19.53433376191488
geometry_1_05_focus0,6bba_207c6aaf,6bba_207c6aaf:146,union|6bba_207c6aaf:146|24,0,-21.98250042473665
geometry_1_05_focus0,6bba_207c6aaf,6bba_207c6aaf:146,union|6bba_207c6aaf:146|25,0,-10.142693253507655
geometry_1_05_focus0,6bba_207c6aaf,6bba_207c6aaf:146,union|6bba_207c6aaf:146|26,0,-23.040648346815477
geometry_1_05_focus0,6bba_207c6aaf,6bba_207c6aaf:146,union|6bba_207c6aaf:146|27,0,-21.780964608157554
geometry_1_05_focus0,6bba_207c6aaf,6bba_207c6aaf:146,union|6bba_207c6aaf:146|28,0,-24.153656213773413
geometry_1_05_focus0,6bba_207c6aaf,6bba_207c6aaf:146,union|6bba_207c6aaf:146|29,0,-17.026534284168168
geometry_1_05_focus0,6bba_207c6aaf,6bba_207c6aaf:146,union|6bba_207c6aaf:146|30,0,-22.75617675942349
geometry_1_05_focus0,6bba_207c6aaf,6bba_207c6aaf:146,union|6bba_207c6aaf:146|31,0,-21.63684021183714
geometry_1_05_focus0,6bba_207c6aaf,6bba_207c6aaf:146,union|6bba_207c6aaf:146|32,0,-18.85050897841313
geometry_1_05_focus0,6bba_207c6aaf,6bba_207c6aaf:146,union|6bba_207c6aaf:146|33,0,-19.540523942160725
geometry_1_05_focus0,6bba_207c6aaf,6bba_207c6aaf:146,union|6bba_207c6aaf:146|34,0,-21.265585269965875
geometry_1_05_focus0,6bba_207c6aaf,6bba_207c6aaf:146,union|6bba_207c6aaf:146|35,0,-20.043544059531126
geometry_1_05_focus0,6bba_207c6aaf,6bba_207c6aaf:146,union|6bba_207c6aaf:146|36,0,-19.04010966979599
geometry_1_05_focus0,6bba_207c6aaf,6bba_207c6aaf:146,union|6bba_207c6aaf:146|37,0,-19.408300402708072
geometry_1_05_focus0,6bba_207c6aaf,6bba_207c6aaf:146,union|6bba_207c6aaf:146|38,0,-21.443432919254374
geometry_1_05_focus0,6bba_207c6aaf,6bba_207c6aaf:146,union|6bba_207c6aaf:146|39,0,-16.44180523171858
geometry_1_05_focus0,6bba_207c6aaf,6bba_207c6aaf:146,union|6bba_207c6aaf:146|40,0,-17.93921082209524
geometry_1_05_focus0,6bba_207c6aaf,6bba_207c6aaf:146,union|6bba_207c6aaf:146|41,0,-24.474997538697576
geometry_1_05_focus0,6bba_207c6aaf,6bba_207c6aaf:146,union|6bba_207c6aaf:146|42,0,-23.019037261079028
geometry_1_05_focus0,6bba_207c6aaf,6bba_207c6aaf:146,union|6bba_207c6aaf:146|43,0,-21.24590252435159
geometry_1_05_focus0,6bba_207c6aaf,6bba_207c6aaf:146,union|6bba_207c6aaf:146|44,0,-23.413531233943473
geometry_1_05_focus0,6bba_207c6aaf,6bba_207c6aaf:146,union|6bba_207c6aaf:146|45,0,-20.575898987148772
geometry_1_05_focus0,6bba_207c6aaf,6bba_207c6aaf:146,union|6bba_207c6aaf:146|46,0,-19.400831612492503
geometry_1_05_focus0,6bba_207c6aaf,6bba_207c6aaf:146,union|6bba_207c6aaf:146|47,0,-21.525093283257398
geometry_1_05_focus0,6bba_207c6aaf,6bba_207c6aaf:146,union|6bba_207c6aaf:146|48,0,-23.75697889129981
geometry_1_05_focus0,6bba_207c6aaf,6bba_207c6aaf:146,union|6bba_207c6aaf:146|49,0,-19.431814823768438
geometry_1_05_focus0,6bba_207c6aaf,6bba_207c6aaf:146,union|6bba_207c6aaf:146|50,0,-23.78272185717595
geometry_1_05_focus0,6bba_207c6aaf,6bba_207c6aaf:146,union|6bba_207c6aaf:146|51,0,-24.272902945718307
geometry_1_05_focus0,6bba_207c6aaf,6bba_207c6aaf:146,union|6bba_207c6aaf:146|52,0,-20.3125
geometry_1_05_focus0,6bba_207c6aaf,6bba_207c6aaf:146,union|6bba_207c6aaf:146|53,0,-24.25971470060577
geometry_1_05_focus0,6bba_207c6aaf,6bba_207c6aaf:146,union|6bba_207c6aaf:146|54,0,-21.738022481293118
geometry_1_05_focus0,6bba_207c6aaf,6bba_207c6aaf:146,union|6bba_207c6aaf:146|55,0,-21.149823308688173
geometry_1_05_focus0,6bba_207c6aaf,6bba_207c6aaf:146,union|6bba_207c6aaf:146|56,0,-15.54300421300362
geometry_1_05_focus0,6bba_207c6aaf,6bba_207c6aaf:146,union|6bba_207c6aaf:146|57,0,-18.801857187512226
geometry_1_05_focus0,6bba_207c6aaf,6bba_207c6aaf:146,union|6bba_207c6aaf:146|58,0,-24.15215712341226
geometry_1_05_focus0,6bba_207c6aaf,6bba_207c6aaf:146,union|6bba_207c6aaf:146|59,0,-21.8446594142294
geometry_1_05_focus0,6bba_207c6aaf,6bba_207c6aaf:146,union|6bba_207c6aaf:146|60,0,-20.6856320975073
geometry_1_05_focus0,6bba_207c6aaf,6bba_207c6aaf:146,union|6bba_207c6aaf:146|61,0,-17.969221342503758
geometry_1_05_focus0,6bba_207c6aaf,6bba_207c6aaf:146,union|6bba_207c6aaf:146|62,0,-18.879727635265567
geometry_1_05_focus0,6bba_207c6aaf,6bba_207c6aaf:146,union|6bba_207c6aaf:146|63,0,-22.988604880629655
geometry_1_05_focus0,6bba_207c6aaf,6bba_207c6aaf:146,union|6bba_207c6aaf:146|64,0,-22.694959169949225
geometry_1_05_focus0,6bba_207c6aaf,6bba_207c6aaf:146,union|6bba_207c6aaf:146|65,0,-22.059019334652653
geometry_1_05_focus0,6bba_207c6aaf,6bba_207c6aaf:146,union|6bba_207c6aaf:146|66,0,-20.814872652321217
geometry_1_05_focus0,6bba_207c6aaf,6bba_207c6aaf:146,union|6bba_207c6aaf:146|67,0,-20.322242655816748
geometry_1_05_focus0,6bba_207c6aaf,6bba_207c6aaf:146,union|6bba_207c6aaf:146|68,0,-22.169961574031078
geometry_1_05_focus0,6bba_32db13fc,6bba_32db13fc:115,union|6bba_32db13fc:115|0,0,-19.18131700185846
geometry_1_05_focus0,6bba_32db13fc,6bba_32db13fc:115,union|6bba_32db13fc:115|1,0,-19.20210509488749
geometry_1_05_focus0,6bba_32db13fc,6bba_32db13fc:115,union|6bba_32db13fc:115|2,0,-23.79625341248986
geometry_1_05_focus0,6bba_32db13fc,6bba_32db13fc:115,union|6bba_32db13fc:115|3,0,-19.117479756717884
geometry_1_05_focus0,6bba_32db13fc,6bba_32db13fc:115,union|6bba_32db13fc:115|4,0,-21.154584262835645
geometry_1_05_focus0,6bba_32db13fc,6bba_32db13fc:115,union|6bba_32db13fc:115|5,0,-23.76257415421301
geometry_1_05_focus0,6bba_32db13fc,6bba_32db13fc:115,union|6bba_32db13fc:115|6,0,-19.949409806978267
geometry_1_05_focus0,6bba_32db13fc,6bba_32db13fc:115,union|6bba_32db13fc:115|7,0,-19.489421670233547
geometry_1_05_focus0,6bba_32db13fc,6bba_32db13fc:115,union|6bba_32db13fc:115|8,0,-22.304426056286445
geometry_1_05_focus0,6bba_32db13fc,6bba_32db13fc:115,union|6bba_32db13fc:115|9,0,-19.825179705138808
geometry_1_05_focus0,6bba_32db13fc,6bba_32db13fc:115,union|6bba_32db13fc:115|10,0,-24.50392282210043
geometry_1_05_focus0,6bba_32db13fc,6bba_32db13fc:115,union|6bba_32db13fc:115|11,0,-20.474328719734157
geometry_1_05_focus0,6bba_32db13fc,6bba_32db13fc:115,union|6bba_32db13fc:115|12,0,-20.697204092470372
geometry_1_05_focus0,6bba_32db13fc,6bba_32db13fc:115,union|6bba_32db13fc:115|13,0,-18.206908107025832
geometry_1_05_focus0,6bba_32db13fc,6bba_32db13fc:115,union|6bba_32db13fc:115|14,0,-12.167090439049897
geometry_1_05_focus0,6bba_32db13fc,6bba_32db13fc:115,union|6bba_32db13fc:115|15,0,-13.950796633893052
geometry_1_05_focus0,6bba_32db13fc,6bba_32db13fc:115,union|6bba_32db13fc:115|16,0,-21.2355460535979
geometry_1_05_focus0,6bba_32db13fc,6bba_32db13fc:115,union|6bba_32db13fc:115|17,0,-22.615772031791174
geometry_1_05_focus0,6bba_32db13fc,6bba_32db13fc:115,union|6bba_32db13fc:115|18,0,-15.801248111634928
geometry_1_05_focus0,6bba_32db13fc,6bba_32db13fc:115,union|6bba_32db13fc:115|19,0,-18.710352080309615
geometry_1_05_focus0,6bba_32db13fc,6bba_32db13fc:115,union|6bba_32db13fc:115|20,0,-21.40831163206503
geometry_1_05_focus0,6bba_32db13fc,6bba_32db13fc:115,union|6bba_32db13fc:115|21,0,-21.674249995711605
geometry_1_05_focus0,6bba_32db13fc,6bba_32db13fc:115,union|6bba_32db13fc:115|22,0,-18.620143759037497
geometry_1_05_focus0,6bba_32db13fc,6bba_32db13fc:115,union|6bba_32db13fc:115|23,0,-15.797588440582597
geometry_1_05_focus0,6bba_32db13fc,6bba_32db13fc:115,union|6bba_32db13fc:115|24,0,-22.630258709452253
geometry_1_05_focus0,6bba_32db13fc,6bba_32db13fc:115,union|6bba_32db13fc:115|25,0,-22.74317408923757
geometry_1_05_focus0,6bba_32db13fc,6bba_32db13fc:115,union|6bba_32db13fc:115|26,0,-22.37930836627679
geometry_1_05_focus0,6bba_32db13fc,6bba_32db13fc:115,union|6bba_32db13fc:115|27,0,-25.533546909807214
geometry_1_05_focus0,6bba_32db13fc,6bba_32db13fc:115,union|6bba_32db13fc:115|28,0,-20.890973154807867
geometry_1_05_focus0,6bba_32db13fc,6bba_32db13fc:115,union|6bba_32db13fc:115|29,0,-20.019236968827652
geometry_1_05_focus0,6bba_32db13fc,6bba_32db13fc:115,union|6bba_32db13fc:115|30,0,-21.057012191258444
geometry_1_05_focus0,6bba_32db13fc,6bba_32db13fc:115,union|6bba_32db13fc:115|31,0,-20.79005284869745
geometry_1_05_focus0,6bba_32db13fc,6bba_32db13fc:115,union|6bba_32db13fc:115|32,0,-15.083063519614395
geometry_1_05_focus0,6bba_32db13fc,6bba_32db13fc:115,union|6bba_32db13fc:115|33,0,-20.434004899475692
geometry_1_05_focus0,6bba_32db13fc,6bba_32db13fc:115,union|6bba_32db13fc:115|34,0,-20.673046308955705
geometry_1_05_focus0,6bba_32db13fc,6bba_32db13fc:115,union|6bba_32db13fc:115|35,0,-15.359855157815197
geometry_1_05_focus0,6bba_32db13fc,6bba_32db13fc:115,union|6bba_32db13fc:115|36,0,-21.54284472401507
geometry_1_05_focus0,6bba_32db13fc,6bba_32db13fc:115,union|6bba_32db13fc:115|37,0,-24.120159026155008
geometry_1_05_focus0,6bba_32db13fc,6bba_32db13fc:115,union|6bba_32db13fc:115|38,0,-22.355740740369786
geometry_1_05_focus0,6bba_32db13fc,6bba_32db13fc:115,union|6bba_32db13fc:115|39,0,-21.26560264789235
geometry_1_05_focus0,6bba_32db13fc,6bba_32db13fc:115,union|6bba_32db13fc:115|40,0,-24.655451096062016
geometry_1_05_focus0,6bba_32db13fc,6bba_32db13fc:115,union|6bba_32db13fc:115|41,0,-20.205205316332545
geometry_1_05_focus0,6bba_32db13fc,6bba_32db13fc:115,union|6bba_32db13fc:115|42,0,-25.672785974386702
geometry_1_05_focus0,6bba_32db13fc,6bba_32db13fc:115,union|6bba_32db13fc:115|43,0,-25.16032702012013
geometry_1_05_focus0,6bba_32db13fc,6bba_32db13fc:115,union|6bba_32db13fc:115|44,0,-24.67307664981972
geometry_1_05_focus0,6bba_32db13fc,6bba_32db13fc:115,union|6bba_32db13fc:115|45,0,-24.819631422635613
geometry_1_05_focus0,6bba_32db13fc,6bba_32db13fc:115,union|6bba_32db13fc:115|46,0,-20.934908310847653
geometry_1_05_focus0,6bba_32db13fc,6bba_32db13fc:115,union|6bba_32db13fc:115|47,0,-16.440189910011224
geometry_1_05_focus0,6bba_32db13fc,6bba_32db13fc:115,union|6bba_32db13fc:115|48,0,-21.235559526564174
geometry_1_05_focus0,6bba_32db13fc,6bba_32db13fc:115,union|6bba_32db13fc:115|49,0,-21.921665174639877
geometry_1_05_focus0,6bba_32db13fc,6bba_32db13fc:115,union|6bba_32db13fc:115|50,0,-19.58790893177182
geometry_1_05_focus0,6bba_32db13fc,6bba_32db13fc:115,union|6bba_32db13fc:115|51,0,-21.377867296532447
geometry_1_05_focus0,6bba_32db13fc,6bba_32db13fc:115,union|6bba_32db13fc:115|52,0,-16.76652881971926
geometry_1_05_focus0,6bba_32db13fc,6bba_32db13fc:115,union|6bba_32db13fc:115|53,0,-17.745267855121263
geometry_1_05_focus0,6bba_32db13fc,6bba_32db13fc:115,union|6bba_32db13fc:115|54,0,-19.489421670233547
geometry_1_05_focus0,6bba_32db13fc,6bba_32db13fc:115,union|6bba_32db13fc:115|55,0,-13.927410598191067
geometry_1_05_focus0,6bba_32db13fc,6bba_32db13fc:115,union|6bba_32db13fc:115|56,0,-18.54050539240989
geometry_1_05_focus0,6bba_32db13fc,6bba_32db13fc:115,union|6bba_32db13fc:115|57,0,-18.091266398048116
geometry_1_05_focus0,6bba_32db13fc,6bba_32db13fc:115,union|6bba_32db13fc:115|58,0,-18.396951125326908
geometry_1_05_focus0,6bba_32db13fc,6bba_32db13fc:115,union|6bba_32db13fc:115|59,0,-18.573695977534992
geometry_1_05_focus0,6bba_32db13fc,6bba_32db13fc:115,union|6bba_32db13fc:115|60,0,-23.275477817599707
geometry_1_05_focus0,6bba_32db13fc,6bba_32db13fc:115,union|6bba_32db13fc:115|61,1,-13.522814185330965
geometry_1_05_focus0,6bba_32db13fc,6bba_32db13fc:115,union|6bba_32db13fc:115|62,0,-19.27288029570569
geometry_1_05_focus0,6bba_32db13fc,6bba_32db13fc:115,union|6bba_32db13fc:115|63,0,-20.24024634996745
geometry_1_05_focus0,6bba_32db13fc,6bba_32db13fc:115,union|6bba_32db13fc:115|64,0,-19.313423806206984
geometry_1_05_focus0,6bba_32db13fc,6bba_32db13fc:115,union|6bba_32db13fc:115|65,0,-23.47443599006478
geometry_1_05_focus0,6bba_32db13fc,6bba_32db13fc:115,union|6bba_32db13fc:115|66,0,-19.186810164739285
geometry_1_05_focus0,6bba_32db13fc,6bba_32db13fc:115,union|6bba_32db13fc:115|67,0,-18.424427919868045
geometry_1_05_focus0,6bba_32db13fc,6bba_32db13fc:115,union|6bba_32db13fc:115|68,0,-17.001128305570678
geometry_1_05_focus0,6bba_32db13fc,6bba_32db13fc:115,union|6bba_32db13fc:115|69,0,-19.227255784896577
geometry_1_05_focus0,6bba_32db13fc,6bba_32db13fc:115,union|6bba_32db13fc:115|70,0,-22.672686006441044
geometry_1_05_focus0,6bba_32db13fc,6bba_32db13fc:115,union|6bba_32db13fc:115|71,0,-25.560633639751057
geometry_1_05_focus0,6bba_32db13fc,6bba_32db13fc:115,union|6bba_32db13fc:115|72,0,-19.66627855894427
geometry_1_05_focus0,6bba_32db13fc,6bba_32db13fc:115,union|6bba_32db13fc:115|73,0,-18.01799421859527
geometry_1_05_focus0,6bba_32db13fc,6bba_32db13fc:115,union|6bba_32db13fc:115|74,0,-15.553521322232463
geometry_1_05_focus0,6bba_32db13fc,6bba_32db13fc:115,union|6bba_32db13fc:115|75,0,-18.452493088320484
geometry_1_05_focus0,6bba_32db13fc,6bba_32db13fc:115,union|6bba_32db13fc:115|76,0,-23.78272185717595
geometry_1_05_focus0,6bba_32db13fc,6bba_32db13fc:115,union|6bba_32db13fc:115|77,0,-17.759042866086617
geometry_1_05_focus0,6bba_32db13fc,6bba_32db13fc:115,union|6bba_32db13fc:115|78,0,-13.85886446286058
geometry_1_05_focus0,6bba_32db13fc,6bba_32db13fc:115,union|6bba_32db13fc:115|79,0,-20.908058049464202
geometry_1_05_focus0,6bba_32db13fc,6bba_32db13fc:115,union|6bba_32db13fc:115|80,0,-19.438755569196758
geometry_1_05_focus0,6bba_32db13fc,6bba_32db13fc:115,union|6bba_32db13fc:115|81,0,-25.64796894855467
geometry_1_05_focus0,6bba_32db13fc,6bba_32db13fc:115,union|6bba_32db13fc:115|82,0,-23.896604996727902
geometry_1_05_focus0,6bba_32db13fc,6bba_32db13fc:115,union|6bba_32db13fc:115|83,0,-21.856258327245804
geometry_1_05_focus0,6bba_32db13fc,6bba_32db13fc:115,union|6bba_32db13fc:115|84,0,-21.42546406324751
geometry_1_05_focus0,6bba_32db13fc,6bba_32db13fc:115,union|6bba_32db13fc:115|85,0,-18.646235709256416
geometry_1_05_focus0,6bba_32db13fc,6bba_32db13fc:115,union|6bba_32db13fc:115|86,0,-24.043985881645167
geometry_1_05_focus0,6bba_32db13fc,6bba_32db13fc:115,union|6bba_32db13fc:115|87,0,-23.656446118467425
geometry_1_05_focus0,6bba_32db13fc,6bba_32db13fc:115,union|6bba_32db13fc:115|88,0,-20.028159030193585
geometry_1_05_focus0,6bba_32db13fc,6bba_32db13fc:115,union|6bba_32db13fc:115|89,0,-22.46558359440338
geometry_1_05_focus0,6bba_32db13fc,6bba_32db13fc:115,union|6bba_32db13fc:115|90,0,-14.713835323611296
geometry_1_05_focus0,6bba_32db13fc,6bba_32db13fc:115,union|6bba_32db13fc:115|91,0,-23.209558695168912
geometry_1_05_focus0,6bba_32db13fc,6bba_32db13fc:115,union|6bba_32db13fc:115|92,0,-16.940900889437135
geometry_1_05_focus0,6bba_32db13fc,6bba_32db13fc:115,union|6bba_32db13fc:115|93,0,-21.15698792006193
geometry_1_05_focus0,6bba_32db13fc,6bba_32db13fc:115,union|6bba_32db13fc:115|94,0,-18.52694160002996
geometry_1_05_focus0,6bba_32db13fc,6bba_32db13fc:115,union|6bba_32db13fc:115|95,0,-24.007130055180518
geometry_1_05_focus0,6bba_32db13fc,6bba_32db13fc:115,union|6bba_32db13fc:115|96,0,-8.41235826779628
geometry_1_05_focus0,6bba_32db13fc,6bba_32db13fc:115,union|6bba_32db13fc:115|97,0,-19.425011040537264
geometry_1_05_focus0,6bba_32db13fc,6bba_32db13fc:115,union|6bba_32db13fc:115|98,0,-20.849823184377545
geometry_1_05_focus0,6bba_32db13fc,6bba_32db13fc:115,union|6bba_32db13fc:115|99,0,-23.713665986478905
geometry_1_05_focus0,6bba_32db13fc,6bba_32db13fc:115,union|6bba_32db13fc:115|100,0,-22.746314875325854
geometry_1_05_focus0,6bba_32db13fc,6bba_32db13fc:115,union|6bba_32db13fc:115|101,0,-19.54439468389013
geometry_1_05_focus0,6bba_32db13fc,6bba_32db13fc:115,union|6bba_32db13fc:115|102,0,-19.19289419290379
geometry_1_05_focus0,6bba_32db13fc,6bba_32db13fc:115,union|6bba_32db13fc:115|103,0,-22.691555664893592
geometry_1_05_focus0,6bba_32db13fc,6bba_32db13fc:115,union|6bba_32db13fc:115|104,0,-20.177372777989696
geometry_1_05_focus0,6bba_32db13fc,6bba_32db13fc:115,union|6bba_32db13fc:115|105,0,-22.11271830193637
geometry_1_05_focus0,6bba_32db13fc,6bba_32db13fc:115,union|6bba_32db13fc:115|106,0,-20.716950839585206
geometry_1_05_focus0,6bba_32db13fc,6bba_32db13fc:115,union|6bba_32db13fc:115|107,0,-17.424106396153793
geometry_1_05_focus0,6bba_32db13fc,6bba_32db13fc:115,union|6bba_32db13fc:115|108,0,-20.012057085663876
geometry_1_05_focus0,6bba_32db13fc,6bba_32db13fc:115,union|6bba_32db13fc:115|109,0,-20.814872652321217
geometry_1_05_focus0,6bba_32db13fc,6bba_32db13fc:115,union|6bba_32db13fc:115|110,0,-16.66440310246193
geometry_1_05_focus0,6bba_32db13fc,6bba_32db13fc:115,union|6bba_32db13fc:115|111,0,-17.47598695680234
geometry_1_05_focus0,6bba_32db13fc,6bba_32db13fc:115,union|6bba_32db13fc:115|112,0,-17.967149820617188
geometry_1_05_focus0,6bba_32db13fc,6bba_32db13fc:115,union|6bba_32db13fc:115|113,0,-21.530493902581924
geometry_1_05_focus0,6bba_32db13fc,6bba_32db13fc:115,union|6bba_32db13fc:115|114,0,-24.08518811132422
geometry_1_05_focus0,6bba_32db13fc,6bba_32db13fc:115,union|6bba_32db13fc:115|115,0,-20.96461087877631
geometry_1_05_focus0,6bba_32db13fc,6bba_32db13fc:115,union|6bba_32db13fc:115|116,0,-19.445076460977305
geometry_1_05_focus0,6bba_32db13fc,6bba_32db13fc:115,union|6bba_32db13fc:115|117,0,-20.895413625860492
geometry_1_05_focus0,6bba_32db13fc,6bba_32db13fc:115,union|6bba_32db13fc:115|118,0,-19.748882676908725
geometry_1_05_focus0,6bba_32db13fc,6bba_32db13fc:115,union|6bba_32db13fc:115|119,0,-17.037441614603136
geometry_1_05_focus0,6bba_32db13fc,6bba_32db13fc:115,union|6bba_32db13fc:115|120,0,-19.155180557953372
geometry_1_05_focus0,6bba_32db13fc,6bba_32db13fc:115,union|6bba_32db13fc:115|121,0,-19.876268569155872
geometry_1_05_focus0,6bba_32db13fc,6bba_32db13fc:115,union|6bba_32db13fc:115|122,0,-21.670411258947237
geometry_1_05_focus0,6bba_32db13fc,6bba_32db13fc:115,union|6bba_32db13fc:115|123,0,-18.51572395789229
geometry_1_05_focus0,6bba_32db13fc,6bba_32db13fc:115,union|6bba_32db13fc:115|124,0,-18.872905089883176
geometry_1_05_focus0,6bba_32db13fc,6bba_32db13fc:115,union|6bba_32db13fc:115|125,0,-23.560268501237573
geometry_1_05_focus0,6bba_32db13fc,6bba_32db13fc:115,union|6bba_32db13fc:115|126,0,-23.798721384017433
geometry_1_05_focus0,6bba_32db13fc,6bba_32db13fc:115,union|6bba_32db13fc:115|127,0,-24.73818959050461
geometry_1_05_focus0,6bba_32db13fc,6bba_32db13fc:115,union|6bba_32db13fc:115|128,0,-16.160715910818276
geometry_1_05_focus0,6bba_32db13fc,6bba_32db13fc:115,union|6bba_32db13fc:115|129,0,-24.583366935243433
geometry_1_05_focus0,6bba_32db13fc,6bba_32db13fc:115,union|6bba_32db13fc:115|130,0,-20.130436128821376
geometry_1_05_focus0,6bba_32db13fc,6bba_32db13fc:115,union|6bba_32db13fc:115|131,0,-19.1862482221004
geometry_1_05_focus0,6bba_32db13fc,6bba_32db13fc:115,union|6bba_32db13fc:115|132,0,-20.642028551340285
geometry_1_05_focus0,6bba_32db13fc,6bba_32db13fc:115,union|6bba_32db13fc:115|133,0,-23.48105938405179
geometry_1_05_focus0,6bba_32db13fc,6bba_32db13fc:115,union|6bba_32db13fc:115|134,0,-21.8573511043898
geometry_1_05_focus0,6bba_32db13fc,6bba_32db13fc:115,union|6bba_32db13fc:115|135,0,-19.69910159514304
geometry_1_05_focus0,6bba_32db13fc,6bba_32db13fc:115,union|6bba_32db13fc:115|136,0,-22.874815111817036
geometry_1_05_focus0,6bba_32db13fc,6bba_32db13fc:115,union|6bba_32db13fc:115|137,0,-20.343034778925105
geometry_1_05_focus0,6bba_32db13fc,6bba_32db13fc:115,union|6bba_32db13fc:115|138,0,-23.847107782476805
geometry_1_05_focus0,6bba_474be664,6bba_474be664:205,union|6bba_474be664:205|0,0,-21.761931454995008
geometry_1_05_focus0,6bba_474be664,6bba_474be664:205,union|6bba_474be664:205|1,0,-20.86651928847659
geometry_1_05_focus0,6bba_474be664,6bba_474be664:205,union|6bba_474be664:205|2,0,-22.405492872792983
geometry_1_05_focus0,6bba_474be664,6bba_474be664:205,union|6bba_474be664:205|3,0,-24.353603593320848
geometry_1_05_focus0,6bba_474be664,6bba_474be664:205,union|6bba_474be664:205|4,0,-24.05309706616775
geometry_1_05_focus0,6bba_474be664,6bba_474be664:205,union|6bba_474be664:205|5,0,-21.43565513257238
geometry_1_05_focus0,6bba_474be664,6bba_474be664:205,union|6bba_474be664:205|6,0,-19.081573634702888
geometry_1_05_focus0,6bba_474be664,6bba_474be664:205,union|6bba_474be664:205|7,0,-20.067867754153788
geometry_1_05_focus0,6bba_474be664,6bba_474be664:205,union|6bba_474be664:205|8,0,-24.99533731789402
geometry_1_05_focus0,6bba_474be664,6bba_474be664:205,union|6bba_474be664:205|9,0,-21.880803760084554
geometry_1_05_focus0,6bba_474be664,6bba_474be664:205,union|6bba_474be664:205|10,0,-24.08111215118555
geometry_1_05_focus0,6bba_474be664,6bba_474be664:205,union|6bba_474be664:205|11,0,-23.851791230974463
geometry_1_05_focus0,6bba_474be664,6bba_474be664:205,union|6bba_474be664:205|12,0,-24.23071089905093
geometry_1_05_focus0,6bba_474be664,6bba_474be664:205,union|6bba_474be664:205|13,0,-24.414245498184876
geometry_1_05_focus0,6bba_474be664,6bba_474be664:205,union|6bba_474be664:205|14,0,-23.087112240865384
geometry_1_05_focus0,6bba_474be664,6bba_474be664:205,union|6bba_474be664:205|15,0,-23.408638572005163
geometry_1_05_focus0,6bba_474be664,6bba_474be664:205,union|6bba_474be664:205|16,0,-21.738022481293118
geometry_1_05_focus0,6bba_474be664,6bba_474be664:205,union|6bba_474be664:205|17,0,-23.686542459034
geometry_1_05_focus0,6bba_474be664,6bba_474be664:205,union|6bba_474be664:205|18,0,-21.06230209096926
geometry_1_05_focus0,6bba_474be664,6bba_474be664:205,union|6bba_474be664:205|19,0,-23.99073924928076
geometry_1_05_focus0,6bba_474be664,6bba_474be664:205,union|6bba_474be664:205|20,0,-23.582981488956825
geometry_1_05_focus0,6bba_474be664,6bba_474be664:205,union|6bba_474be664:205|21,0,-22.973404370956075
geometry_1_05_focus0,6bba_474be664,6bba_474be664:205,union|6bba_474be664:205|22,0,-17.33219550344581
geometry_1_05_focus0,6bba_474be664,6bba_474be664:205,union|6bba_474be664:205|23,0,-19.24676844753119
geometry_1_05_focus0,6bba_474be664,6bba_474be664:205,union|6bba_474be664:205|24,0,-20.424689970733144
geometry_1_05_focus0,6bba_474be664,6bba_474be664:205,union|6bba_474be664:205|25,0,-20.744022394316225
geometry_1_05_focus0,6bba_474be664,6bba_474be664:205,union|6bba_474be664:205|26,0,-20.22291841708929
geometry_1_05_focus0,6bba_474be664,6bba_474be664:205,union|6bba_474be664:205|27,0,-25.098158514668903
geometry_1_05_focus0,6bba_474be664,6bba_474be664:205,union|6bba_474be664:205|28,0,-20.92674670461013
geometry_1_05_focus0,6bba_474be664,6bba_474be664:205,union|6bba_474be664:205|29,0,-24.82147107683791
geometry_1_05_focus0,6bba_474be664,6bba_474be664:205,union|6bba_474be664:205|30,0,-24.20463482726432
geometry_1_05_focus0,6bba_474be664,6bba_474be664:205,union|6bba_474be664:205|31,0,-24.82147107683791
geometry_1_05_focus0,6bba_474be664,6bba_474be664:205,union|6bba_474be664:205|32,0,-17.210725513182272
geometry_1_05_focus0,6bba_474be664,6bba_474be664:205,union|6bba_474be664:205|33,0,-18.700802220156064
geometry_1_05_focus0,6bba_474be664,6bba_474be664:205,union|6bba_474be664:205|34,0,-23.030471719225847
geometry_1_05_focus0,6bba_474be664,6bba_474be664:205,union|6bba_474be664:205|35,0,-12.26632754161094
geometry_1_05_focus0,6bba_474be664,6bba_474be664:205,union|6bba_474be664:205|36,0,-21.738022481293118
geometry_1_05_focus0,6bba_474be664,6bba_474be664:205,union|6bba_474be664:205|37,1,-11.530608948663392
geometry_1_05_focus0,6bba_474be664,6bba_474be664:205,union|6bba_474be664:205|38,0,-18.73912521165736
geometry_1_05_focus0,6bba_474be664,6bba_474be664:205,union|6bba_474be664:205|39,0,-17.451415810804043
geometry_1_05_focus0,6bba_474be664,6bba_474be664:205,union|6bba_474be664:205|40,0,-21.98765095069431
geometry_1_05_focus0,6bba_474be664,6bba_474be664:205,union|6bba_474be664:205|41,0,-17.278739317332864
geometry_1_05_focus0,6bba_474be664,6bba_474be664:205,union|6bba_474be664:205|42,0,-17.42549475148161
geometry_1_05_focus0,6bba_474be664,6bba_474be664:205,union|6bba_474be664:205|43,0,-17.725224551485013
geometry_1_05_focus0,6bba_474be664,6bba_474be664:205,union|6bba_474be664:205|44,0,-22.609639760900805
geometry_1_05_focus0,6bba_474be664,6bba_474be664:205,union|6bba_474be664:205|45,0,-19.822366491842537
geometry_1_05_focus0,6bba_474be664,6bba_474be664:205,union|6bba_474be664:205|46,0,-24.51249716133337
geometry_1_05_focus0,6bba_474be664,6bba_474be664:205,union|6bba_474be664:205|47,0,-24.235749187718852
geometry_1_05_focus0,6bba_474be664,6bba_474be664:205,union|6bba_474be664:205|48,0,-21.623263777241874
geometry_1_05_focus0,6bba_474be664,6bba_474be664:205,union|6bba_474be664:205|49,0,-19.445076460977305
geometry_1_05_focus0,6bba_474be664,6bba_474be664:205,union|6bba_474be664:205|50,0,-16.643927363111754
geometry_1_05_focus0,6bba_474be664,6bba_474be664:205,union|6bba_474be664:205|51,0,-20.229322621360296
geometry_1_05_focus0,6bba_474be664,6bba_474be664:205,union|6bba_474be664:205|52,0,-16.71872673704444
geometry_1_05_focus0,6bba_474be664,6bba_474be664:205,union|6bba_474be664:205|53,0,-22.713089233052827
geometry_1_05_focus0,6bba_474be664,6bba_474be664:205,union|6bba_474be664:205|54,0,-21.057012191258444
geometry_1_05_focus0,6bba_474be664,6bba_474be664:205,union|6bba_474be664:205|55,0,-20.751229995804792
geometry_1_05_focus0,6bba_474be664,6bba_474be664:205,union|6bba_474be664:205|56,0,-24.73558682310904
geometry_1_05_focus0,6bba_474be664,6bba_474be664:205,union|6bba_474be664:205|57,0,-21.424398070586214
geometry_1_05_focus0,6bba_474be664,6bba_474be664:205,union|6bba_474be664:205|58,0,-24.60101494077172
geometry_1_05_focus0,6bba_474be664,6bba_474be664:205,union|6bba_474be664:205|59,0,-18.700802220156064
geometry_1_05_focus0,6bba_474be664,6bba_474be664:205,union|6bba_474be664:205|60,0,-20.043544059531126
geometry_1_05_focus0,6bba_474be664,6bba_474be664:205,union|6bba_474be664:205|61,0,-22.24915658883544
geometry_1_05_focus0,6bba_474be664,6bba_474be664:205,union|6bba_474be664:205|62,0,-18.700802220156064
geometry_1_05_focus0,6bba_474be664,6bba_474be664:205,union|6bba_474be664:205|63,0,-23.04297762837434
geometry_1_05_focus0,6bba_474be664,6bba_474be664:205,union|6bba_474be664:205|64,0,-22.903631260758928
geometry_1_05_focus0,6bba_474be664,6bba_474be664:205,union|6bba_474be664:205|65,0,-20.048848197734443
geometry_1_05_focus0,6bba_474be664,6bba_474be664:205,union|6bba_474be664:205|66,0,-23.416090215025505
geometry_1_05_focus0,6bba_474be664,6bba_474be664:205,union|6bba_474be664:205|67,0,-21.668447968940395
geometry_1_05_focus0,6bba_474be664,6bba_474be664:205,union|6bba_474be664:205|68,0,-21.963921171749355
geometry_1_05_focus0,6bba_474be664,6bba_474be664:205,union|6bba_474be664:205|69,0,-23.235153997341243
geometry_1_05_focus0,6bba_474be664,6bba_474be664:205,union|6bba_474be664:205|70,0,-18.419653375994866
geometry_1_05_focus0,6bba_474be664,6bba_474be664:205,union|6bba_474be664:205|71,0,-23.030471719225847
geometry_1_05_focus0,6bba_474be664,6bba_474be664:205,union|6bba_474be664:205|72,0,-22.777681851840942
geometry_1_05_focus0,6bba_474be664,6bba_474be664:205,union|6bba_474be664:205|73,0,-22.366675745340544
geometry_1_05_focus0,6bba_474be664,6bba_474be664:205,union|6bba_474be664:205|74,0,-23.571659862719052
geometry_1_05_focus0,6bba_474be664,6bba_474be664:205,union|6bba_474be664:205|75,0,-23.620080680456937
geometry_1_05_focus0,6bba_474be664,6bba_474be664:205,union|6bba_474be664:205|76,0,-22.23843675365785
geometry_1_05_focus0,6bba_474be664,6bba_474be664:205,union|6bba_474be664:205|77,0,-14.200995994628697
geometry_1_05_focus0,6bba_474be664,6bba_474be664:205,union|6bba_474be664:205|78,0,-18.54204369983471
geometry_1_05_focus0,6bba_474be664,6bba_474be664:205,union|6bba_474be664:205|79,0,-15.276277796108259
geometry_1_05_focus0,6bba_474be664,6bba_474be664:205,union|6bba_474be664:205|80,0,-21.695754354728145
geometry_1_05_focus0,6bba_474be664,6bba_474be664:205,union|6bba_474be664:205|81,0,-16.743288212292974
geometry_1_05_focus0,6bba_474be664,6bba_474be664:205,union|6bba_474be664:205|82,0,-15.127397712625331
geometry_1_05_focus0,6bba_474be664,6bba_474be664:205,union|6bba_474be664:205|83,0,-15.987804002858585
geometry_1_05_focus0,6bba_474be664,6bba_474be664:205,union|6bba_474be664:205|84,0,-23.41449226608327
geometry_1_05_focus0,6bba_474be664,6bba_474be664:205,union|6bba_474be664:205|85,0,-22.39378607729669
geometry_1_05_focus0,6bba_474be664,6bba_474be664:205,union|6bba_474be664:205|86,0,-22.209696859118658
geometry_1_05_focus0,6bba_474be664,6bba_474be664:205,union|6bba_474be664:205|87,0,-22.860717018084333
geometry_1_05_focus0,6bba_474be664,6bba_474be664:205,union|6bba_474be664:205|88,0,-21.60772783908739
geometry_1_05_focus0,6bba_474be664,6bba_474be664:205,union|6bba_474be664:205|89,0,-15.889718043215707
geometry_1_05_focus0,6bba_474be664,6bba_474be664:205,union|6bba_474be664:205|90,0,-20.772959453125825
geometry_1_05_focus0,6bba_474be664,6bba_474be664:205,union|6bba_474be664:205|91,0,-19.98800209653755
geometry_1_05_focus0,6bba_474be664,6bba_474be664:205,union|6bba_474be664:205|92,0,-23.156938970090025
geometry_1_05_focus0,6bba_474be664,6bba_474be664:205,union|6bba_474be664:205|93,0,-19.347699735333475
geometry_1_05_focus0,6bba_474be664,6bba_474be664:205,union|6bba_474be664:205|94,0,-18.491846916560565
geometry_1_05_focus0,6bba_474be664,6bba_474be664:205,union|6bba_474be664:205|95,0,-16.87146263834547
geometry_1_05_focus0,6bba_474be664,6bba_474be664:205,union|6bba_474be664:205|96,0,-17.17070920106598
geometry_1_05_focus0,6bba_474be664,6bba_474be664:205,union|6bba_474be664:205|97,0,-12.653726274290703
geometry_1_05_focus0,6bba_474be664,6bba_474be664:205,union|6bba_474be664:205|98,0,-15.98161933006851
geometry_1_05_focus0,6bba_474be664,6bba_474be664:205,union|6bba_474be664:205|99,0,-13.740515506976207
geometry_1_05_focus0,6bba_474be664,6bba_474be664:205,union|6bba_474be664:205|100,0,-21.72785073722658
geometry_1_05_focus0,6bba_474be664,6bba_474be664:205,union|6bba_474be664:205|101,0,-20.194591203209455
geometry_1_05_focus0,6bba_474be664,6bba_474be664:205,union|6bba_474be664:205|102,0,-19.014947140911957
geometry_1_05_focus0,6bba_474be664,6bba_474be664:205,union|6bba_474be664:205|103,0,-20.62172158233201
geometry_1_05_focus0,6bba_474be664,6bba_474be664:205,union|6bba_474be664:205|104,0,-23.767464921313852
geometry_1_05_focus0,6bba_474be664,6bba_474be664:205,union|6bba_474be664:205|105,0,-21.792301464115983
geometry_1_05_focus0,6bba_474be664,6bba_474be664:205,union|6bba_474be664:205|106,0,-17.628762496067992
geometry_1_05_focus0,6bba_474be664,6bba_474be664:205,union|6bba_474be664:205|107,0,-16.08421585086213
geometry_1_05_focus0,6bba_474be664,6bba_474be664:205,union|6bba_474be664:205|108,0,-19.563188105781066
geometry_1_05_focus0,6bba_474be664,6bba_474be664:205,union|6bba_474be664:205|109,0,-23.905422346447914
geometry_1_05_focus0,6bba_474be664,6bba_474be664:205,union|6bba_474be664:205|110,0,-18.194796236106708
geometry_1_05_focus0,6bba_474be664,6bba_474be664:205,union|6bba_474be664:205|111,0,-19.345847215761765
geometry_1_05_focus0,6bba_474be664,6bba_474be664:205,union|6bba_474be664:205|112,0,-18.435646417901733
geometry_1_05_focus0,6bba_474be664,6bba_474be664:205,union|6bba_474be664:205|113,0,-17.64996327893241
geometry_1_05_focus0,6bba_474be664,6bba_474be664:205,union|6bba_474be664:205|114,0,-15.707646214079912
geometry_1_05_focus0,6bba_474be664,6bba_474be664:205,union|6bba_474be664:205|115,0,-20.338805717004274
geometry_1_05_focus0,6bba_474be664,6bba_474be664:205,union|6bba_474be664:205|116,0,-21.47898588211303
geometry_1_05_focus0,6bba_474be664,6bba_474be664:205,union|6bba_474be664:205|117,0,-20.41662618912263
geometry_1_05_focus0,6bba_474be664,6bba_474be664:205,union|6bba_474be664:205|118,0,-17.997801238183385
geometry_1_05_focus0,6bba_474be664,6bba_474be664:205,union|6bba_474be664:205|119,0,-21.08116950485747
geometry_1_05_focus0,6bba_474be664,6bba_474be664:205,union|6bba_474be664:205|120,0,-16.938216150063333
geometry_1_05_focus0,6bba_474be664,6bba_474be664:205,union|6bba_474be664:205|121,0,-19.55209318304112
geometry_1_05_focus0,6bba_474be664,6bba_474be664:205,union|6bba_474be664:205|122,0,-21.197014746031037
geometry_1_05_focus0,6bba_474be664,6bba_474be664:205,union|6bba_474be664:205|123,0,-19.99750174677902
geometry_1_05_focus0,6bba_474be664,6bba_474be664:205,union|6bba_474be664:205|124,0,-19.66711703209916
geometry_1_05_focus0,6bba_474be664,6bba_474be664:205,union|6bba_474be664:205|125,0,-14.906650040709557
geometry_1_05_focus0,6bba_474be664,6bba_474be664:205,union|6bba_474be664:205|126,0,-13.367196075638937
geometry_1_05_focus0,6bba_474be664,6bba_474be664:205,union|6bba_474be664:205|127,0,-21.72785073722658
geometry_1_05_focus0,6bba_474be664,6bba_474be664:205,union|6bba_474be664:205|128,0,-22.200691372053477
geometry_1_05_focus0,6bba_474be664,6bba_474be664:205,union|6bba_474be664:205|129,0,-21.852949533392874
geometry_1_05_focus0,6bba_474be664,6bba_474be664:205,union|6bba_474be664:205|130,0,-19.63321863060822
geometry_1_05_focus0,6bba_474be664,6bba_474be664:205,union|6bba_474be664:205|131,0,-22.275082030860208
geometry_1_05_focus0,6bba_474be664,6bba_474be664:205,union|6bba_474be664:205|132,0,-14.981449414642247
geometry_1_05_focus0,6bba_474be664,6bba_474be664:205,union|6bba_474be664:205|133,0,-22.732446622646723
geometry_1_05_focus0,6bba_474be664,6bba_474be664:205,union|6bba_474be664:205|134,0,-20.288892151475117
geometry_1_05_focus0,6bba_474be664,6bba_474be664:205,union|6bba_474be664:205|135,0,-19.488223525650888
geometry_1_05_focus0,6bba_474be664,6bba_474be664:205,union|6bba_474be664:205|136,0,-18.68024266040633
geometry_1_05_focus0,6bba_474be664,6bba_474be664:205,union|6bba_474be664:205|137,0,-23.47822851726486
geometry_1_05_focus0,6bba_474be664,6bba_474be664:205,union|6bba_474be664:205|138,0,-21.94404834399082
geometry_1_05_focus0,6bba_474be664,6bba_474be664:205,union|6bba_474be664:205|139,0,-16.962054702710223
geometry_1_05_focus0,6bba_474be664,6bba_474be664:205,union|6bba_474be664:205|140,0,-23.681848964691774
geometry_1_05_focus0,6bba_474be664,6bba_474be664:205,union|6bba_474be664:205|141,0,-17.689169816450367
geometry_1_05_focus0,6bba_474be664,6bba_474be664:205,union|6bba_474be664:205|142,0,-17.752761081265668
geometry_1_05_focus0,6bba_474be664,6bba_474be664:205,union|6bba_474be664:205|143,0,-24.783244279861382
geometry_1_05_focus0,6bba_5c039895,6bba_5c039895:121,union|6bba_5c039895:121|0,0,-19.679530208778125
geometry_1_05_focus0,6bba_5c039895,6bba_5c039895:121,union|6bba_5c039895:121|1,0,-22.517135349943473
geometry_1_05_focus0,6bba_5c039895,6bba_5c039895:121,union|6bba_5c039895:121|2,0,-20.908225431178728
geometry_1_05_focus0,6bba_5c039895,6bba_5c039895:121,union|6bba_5c039895:121|3,0,-19.340968028319427
geometry_1_05_focus0,6bba_5c039895,6bba_5c039895:121,union|6bba_5c039895:121|4,0,-21.921372928520903
geometry_1_05_focus0,6bba_5c039895,6bba_5c039895:121,union|6bba_5c039895:121|5,0,-19.046141126334465
geometry_1_05_focus0,6bba_5c039895,6bba_5c039895:121,union|6bba_5c039895:121|6,0,-17.721033611725545
geometry_1_05_focus0,6bba_5c039895,6bba_5c039895:121,union|6bba_5c039895:121|7,1,-10.12716369888933
geometry_1_05_focus0,6bba_5c039895,6bba_5c039895:121,union|6bba_5c039895:121|8,0,-22.24915658883544
geometry_1_05_focus0,6bba_5c039895,6bba_5c039895:121,union|6bba_5c039895:121|9,0,-15.585845392423487
geometry_1_05_focus0,6bba_5c039895,6bba_5c039895:121,union|6bba_5c039895:121|10,0,-17.873710183038657
geometry_1_05_focus0,6bba_5c039895,6bba_5c039895:121,union|6bba_5c039895:121|11,0,-20.09904498100859
geometry_1_05_focus0,6bba_5c039895,6bba_5c039895:680,union|6bba_5c039895:680|0,0,-21.020561354059456
geometry_1_05_focus0,6bba_5c039895,6bba_5c039895:680,union|6bba_5c039895:680|1,0,-17.100383538078184
geometry_1_05_focus0,6bba_5c039895,6bba_5c039895:680,union|6bba_5c039895:680|2,0,-15.819583353015652
geometry_1_05_focus0,6bba_5c039895,6bba_5c039895:680,union|6bba_5c039895:680|3,0,-23.960807299022257
geometry_1_05_focus0,6bba_5c039895,6bba_5c039895:680,union|6bba_5c039895:680|4,0,-25.12516664477309
geometry_1_05_focus0,6bba_5c039895,6bba_5c039895:680,union|6bba_5c039895:680|5,1,-13.135222036712083
geometry_1_05_focus0,6bba_5c039895,6bba_5c039895:680,union|6bba_5c039895:680|6,0,-19.993356828813326
geometry_1_05_focus0,6bba_5c039895,6bba_5c039895:680,union|6bba_5c039895:680|7,0,-20.908225431178728
geometry_1_05_focus0,6bba_705ec2c9,6bba_705ec2c9:250,union|6bba_705ec2c9:250|0,0,-19.253762496067992
geometry_1_05_focus0,6bba_705ec2c9,6bba_705ec2c9:250,union|6bba_705ec2c9:250|1,0,-19.476077523658255
geometry_1_05_focus0,6bba_705ec2c9,6bba_705ec2c9:250,union|6bba_705ec2c9:250|2,0,-20.878762496067992
geometry_1_05_focus0,6bba_705ec2c9,6bba_705ec2c9:250,union|6bba_705ec2c9:250|3,0,-15.594100882394265
geometry_1_05_focus0,6bba_705ec2c9,6bba_705ec2c9:250,union|6bba_705ec2c9:250|4,0,-13.687616424446484
geometry_1_05_focus0,6bba_705ec2c9,6bba_705ec2c9:250,union|6bba_705ec2c9:250|5,0,-10.016036103190048
geometry_1_05_focus0,6bba_705ec2c9,6bba_705ec2c9:250,union|6bba_705ec2c9:250|6,0,-15.13148322036496
geometry_1_05_focus0,6bba_705ec2c9,6bba_705ec2c9:250,union|6bba_705ec2c9:250|7,0,-18.428769106220393
geometry_1_05_focus0,6bba_705ec2c9,6bba_705ec2c9:250,union|6bba_705ec2c9:250|8,1,-13.13418550430324
geometry_1_05_focus0,6bba_705ec2c9,6bba_705ec2c9:250,union|6bba_705ec2c9:250|9,0,-13.340334313489613
geometry_1_05_focus0,6bba_705ec2c9,6bba_705ec2c9:250,union|6bba_705ec2c9:250|10,0,-18.420787359297186
geometry_1_05_focus0,6bba_705ec2c9,6bba_705ec2c9:250,union|6bba_705ec2c9:250|11,0,-15.685841180709303
geometry_1_05_focus0,6bba_705ec2c9,6bba_705ec2c9:250,union|6bba_705ec2c9:250|12,0,-15.935747934797002
geometry_1_05_focus0,6bba_705ec2c9,6bba_705ec2c9:250,union|6bba_705ec2c9:250|13,0,-20.789917305310524
geometry_1_05_focus0,6bba_7af54fde,6bba_7af54fde:556,union|6bba_7af54fde:556|0,0,-23.04784836345567
geometry_1_05_focus0,6bba_7af54fde,6bba_7af54fde:556,union|6bba_7af54fde:556|1,1,-19.924921360025294
geometry_1_05_focus0,6bba_7af54fde,6bba_7af54fde:556,union|6bba_7af54fde:556|2,0,-22.094750348355117
geometry_1_05_focus0,6bba_7af54fde,6bba_7af54fde:556,union|6bba_7af54fde:556|3,0,-21.88124273922527
geometry_1_05_focus0,6bba_7af54fde,6bba_7af54fde:556,union|6bba_7af54fde:556|4,0,-18.66228697138231
geometry_1_05_focus0,6bba_7af54fde,6bba_7af54fde:556,union|6bba_7af54fde:556|5,0,-19.44249332767668
geometry_1_05_focus0,6bba_7af54fde,6bba_7af54fde:556,union|6bba_7af54fde:556|6,0,-20.134410094811834
geometry_1_05_focus0,6bba_7af54fde,6bba_7af54fde:556,union|6bba_7af54fde:556|7,0,-21.87605085966978
geometry_1_05_focus0,6bba_7af54fde,6bba_7af54fde:556,union|6bba_7af54fde:556|8,0,-18.482762795269196
geometry_1_05_focus0,6bba_7af54fde,6bba_7af54fde:556,union|6bba_7af54fde:556|9,0,-19.752146828026007
geometry_1_05_focus0,6bba_7af54fde,6bba_7af54fde:556,union|6bba_7af54fde:556|10,0,-19.476082233137674
geometry_1_05_focus0,6bba_7af54fde,6bba_7af54fde:556,union|6bba_7af54fde:556|11,0,-24.102049623362426
geometry_1_05_focus0,6bba_7af54fde,6bba_7af54fde:556,union|6bba_7af54fde:556|12,0,-21.278011833759017
geometry_1_05_focus0,6bba_7af54fde,6bba_7af54fde:556,union|6bba_7af54fde:556|13,0,-15.778792649149008
geometry_1_05_focus0,6bba_7af54fde,6bba_7af54fde:556,union|6bba_7af54fde:556|14,0,-21.723134298915916
geometry_1_05_focus0,6bba_7af54fde,6bba_7af54fde:556,union|6bba_7af54fde:556|15,0,-24.76555533836968
geometry_1_05_focus0,6bba_7af54fde,6bba_7af54fde:556,union|6bba_7af54fde:556|16,0,-21.323397260727937
geometry_1_05_focus0,6bba_7af54fde,6bba_7af54fde:556,union|6bba_7af54fde:556|17,0,-17.911270154415433
geometry_1_05_focus0,6bba_7af54fde,6bba_7af54fde:590,union|6bba_7af54fde:590|0,0,-23.08397372295478
geometry_1_05_focus0,6bba_7af54fde,6bba_7af54fde:590,union|6bba_7af54fde:590|1,0,-21.248718515388504
geometry_1_05_focus0,6bba_7af54fde,6bba_7af54fde:590,union|6bba_7af54fde:590|2,0,-21.60772783908739
geometry_1_05_focus0,6bba_7af54fde,6bba_7af54fde:590,union|6bba_7af54fde:590|3,0,-23.37240036458305
geometry_1_05_focus0,6bba_7af54fde,6bba_7af54fde:590,union|6bba_7af54fde:590|4,0,-21.093542736970438
geometry_1_05_focus0,6bba_7af54fde,6bba_7af54fde:590,union|6bba_7af54fde:590|5,0,-21.423239477167613
geometry_1_05_focus0,6bba_7af54fde,6bba_7af54fde:590,union|6bba_7af54fde:590|6,0,-16.192491680587654
geometry_1_05_focus0,6bba_7af54fde,6bba_7af54fde:590,union|6bba_7af54fde:590|7,0,-15.964902395547233
geometry_1_05_focus0,6bba_7af54fde,6bba_7af54fde:590,union|6bba_7af54fde:590|8,0,-17.338523502705357
geometry_1_05_focus0,6bba_7af54fde,6bba_7af54fde:590,union|6bba_7af54fde:590|9,0,-21.475140094551872
geometry_1_05_focus0,6bba_7af54fde,6bba_7af54fde:590,union|6bba_7af54fde:590|10,1,-16.228663883706815
geometry_1_05_focus0,6bba_7af54fde,6bba_7af54fde:590,union|6bba_7af54fde:590|11,0,-21.620071969861414
geometry_1_05_focus0,6bba_7af54fde,6bba_7af54fde:590,union|6bba_7af54fde:590|12,0,-13.62589281159357
geometry_1_05_focus0,6bba_7af54fde,6bba_7af54fde:590,union|6bba_7af54fde:590|13,0,-17.392570727855187
geometry_1_05_focus0,6bba_7af54fde,6bba_7af54fde:590,union|6bba_7af54fde:590|14,0,-18.227104437427187
geometry_1_05_focus0,6bba_7af54fde,6bba_7af54fde:590,union|6bba_7af54fde:590|15,0,-21.248718515388504
geometry_1_05_focus0,6bba_7af54fde,6bba_7af54fde:590,union|6bba_7af54fde:590|16,0,-2.0197335394217264
geometry_1_05_focus0,6bba_7af54fde,6bba_7af54fde:590,union|6bba_7af54fde:590|17,0,-17.114694721374196
geometry_1_05_focus0,6bba_7af54fde,6bba_7af54fde:590,union|6bba_7af54fde:590|18,0,-13.07513548091628
geometry_1_05_focus0,6bba_7af54fde,6bba_7af54fde:590,union|6bba_7af54fde:590|19,0,-19.471251119758623
geometry_1_05_focus0,6bba_7af54fde,6bba_7af54fde:590,union|6bba_7af54fde:590|20,0,-22.59448470287961
geometry_1_05_focus0,6bba_7af54fde,6bba_7af54fde:590,union|6bba_7af54fde:590|21,0,-13.313637812827448
geometry_1_05_focus0,6bba_7af54fde,6bba_7af54fde:590,union|6bba_7af54fde:590|22,0,-21.485238271943484
geometry_1_05_focus0,6bba_7af54fde,6bba_7af54fde:590,union|6bba_7af54fde:590|23,0,-19.88408912334123
geometry_1_05_focus0,6bba_7af54fde,6bba_7af54fde:590,union|6bba_7af54fde:590|24,0,-22.157185737988414
geometry_1_05_focus0,6bba_7af54fde,6bba_7af54fde:590,union|6bba_7af54fde:590|25,0,-17.116333034600313
geometry_1_05_focus0,6bba_7af54fde,6bba_7af54fde:590,union|6bba_7af54fde:590|26,0,-22.3588195210854
geometry_1_05_focus0,6bba_7af54fde,6bba_7af54fde:590,union|6bba_7af54fde:590|27,0,-18.076335747675046
geometry_1_05_focus0,6bba_7af54fde,6bba_7af54fde:590,union|6bba_7af54fde:590|28,0,-21.370068449729388
geometry_1_05_focus0,6bba_7af54fde,6bba_7af54fde:590,union|6bba_7af54fde:590|29,0,-21.38542775225347
geometry_1_05_focus0,6bba_7af54fde,6bba_7af54fde:590,union|6bba_7af54fde:590|30,0,-17.306651033749596
geometry_1_05_focus0,6bba_907271db,6bba_907271db:902,union|6bba_907271db:902|0,1,-16.224428717744548
geometry_1_05_focus0,6bba_afb141ff,6bba_afb141ff:115,union|6bba_afb141ff:115|0,1,-17.081788055405344
geometry_1_05_focus0,6bba_afb141ff,6bba_afb141ff:115,union|6bba_afb141ff:115|1,0,-16.87703149658693
geometry_1_05_focus0,6bba_afb141ff,6bba_afb141ff:115,union|6bba_afb141ff:115|2,0,-21.1126322471079
geometry_1_05_focus0,6bba_afb141ff,6bba_afb141ff:115,union|6bba_afb141ff:115|3,0,-19.319734868856244
geometry_1_05_focus0,6bba_afb141ff,6bba_afb141ff:115,union|6bba_afb141ff:115|4,0,-13.954390798187557
geometry_1_05_focus0,6bba_afb141ff,6bba_afb141ff:115,union|6bba_afb141ff:115|5,0,-23.726061760930953
geometry_1_05_focus0,6bba_afb141ff,6bba_afb141ff:115,union|6bba_afb141ff:115|6,0,-12.575245779729475
geometry_1_05_focus0,6bba_afb141ff,6bba_afb141ff:115,union|6bba_afb141ff:115|7,0,-17.40557447932182
geometry_1_05_focus0,6bba_afb141ff,6bba_afb141ff:115,union|6bba_afb141ff:115|8,0,-16.52770342584002
geometry_1_05_focus0,6bba_afb141ff,6bba_afb141ff:115,union|6bba_afb141ff:115|9,0,-22.380110519269294
geometry_1_05_focus0,6bba_afb141ff,6bba_afb141ff:115,union|6bba_afb141ff:115|10,0,-13.709349504354662
geometry_1_05_focus0,6bba_afb141ff,6bba_afb141ff:115,union|6bba_afb141ff:115|11,0,-18.43248823735189
geometry_1_05_focus0,6bba_afb141ff,6bba_afb141ff:115,union|6bba_afb141ff:115|12,0,-20.178301200565485
geometry_1_05_focus0,6bba_afb141ff,6bba_afb141ff:115,union|6bba_afb141ff:115|13,0,-22.717197813432637
geometry_1_05_focus0,6bba_afb141ff,6bba_afb141ff:115,union|6bba_afb141ff:115|14,0,-23.54100999857348
geometry_1_05_focus0,6bba_afb141ff,6bba_afb141ff:115,union|6bba_afb141ff:115|15,0,-13.307290425999977
geometry_1_05_focus0,6bba_afb141ff,6bba_afb141ff:115,union|6bba_afb141ff:115|16,0,-18.876839361407416
geometry_1_05_focus0,6bba_afb141ff,6bba_afb141ff:115,union|6bba_afb141ff:115|17,0,-19.78715907668289
geometry_1_05_focus0,6bba_afb141ff,6bba_afb141ff:304,union|6bba_afb141ff:304|0,0,-24.076791983057788
geometry_1_05_focus0,6bba_afb141ff,6bba_afb141ff:304,union|6bba_afb141ff:304|1,1,-15.638479804873281
geometry_1_05_focus0,6bba_afb141ff,6bba_afb141ff:304,union|6bba_afb141ff:304|2,0,-19.44248686545162
geometry_1_05_focus0,6bba_afb141ff,6bba_afb141ff:304,union|6bba_afb141ff:304|3,0,-21.248706408984333
geometry_1_05_focus0,6bba_afb141ff,6bba_afb141ff:304,union|6bba_afb141ff:304|4,0,-21.851459073502806
geometry_1_05_focus0,6bba_afb141ff,6bba_afb141ff:304,union|6bba_afb141ff:304|5,0,-20.671462681011008
geometry_1_05_focus0,6bba_d1acb6ff,6bba_d1acb6ff:414,union|6bba_d1acb6ff:414|0,1,-9.803536005659275
geometry_1_05_focus0,6bba_d1acb6ff,6bba_d1acb6ff:414,union|6bba_d1acb6ff:414|1,0,-23.907220075230505
geometry_1_05_focus0,6bba_d1acb6ff,6bba_d1acb6ff:414,union|6bba_d1acb6ff:414|2,0,-19.779902140580184
geometry_1_05_focus0,6bba_d1acb6ff,6bba_d1acb6ff:414,union|6bba_d1acb6ff:414|3,0,-16.717219396453284
geometry_1_05_focus0,6bba_d1acb6ff,6bba_d1acb6ff:414,union|6bba_d1acb6ff:414|4,0,-21.629155723348312
geometry_1_05_focus0,6bba_d1acb6ff,6bba_d1acb6ff:414,union|6bba_d1acb6ff:414|5,0,-19.7092273949733
geometry_1_05_focus0,6bba_d1acb6ff,6bba_d1acb6ff:414,union|6bba_d1acb6ff:414|6,0,-16.011860192748507
geometry_1_05_focus0,6bba_d1acb6ff,6bba_d1acb6ff:414,union|6bba_d1acb6ff:414|7,0,-17.20563362790903
geometry_1_05_focus0,6bba_d1acb6ff,6bba_d1acb6ff:414,union|6bba_d1acb6ff:414|8,0,-20.229948377546194
geometry_1_05_focus0,6bba_d1acb6ff,6bba_d1acb6ff:414,union|6bba_d1acb6ff:414|9,0,-16.70874594435344
geometry_1_05_focus0,6bba_d1acb6ff,6bba_d1acb6ff:414,union|6bba_d1acb6ff:414|10,0,-16.363000616498745
geometry_1_05_focus0,6bba_d1acb6ff,6bba_d1acb6ff:414,union|6bba_d1acb6ff:414|11,0,-19.86746142723969
geometry_1_05_focus0,6bba_d1acb6ff,6bba_d1acb6ff:414,union|6bba_d1acb6ff:414|12,0,-21.743219337545675
geometry_1_05_focus0,6bba_d1acb6ff,6bba_d1acb6ff:414,union|6bba_d1acb6ff:414|13,0,-18.262579620390003
geometry_1_05_focus0,6bba_d1acb6ff,6bba_d1acb6ff:414,union|6bba_d1acb6ff:414|14,0,-16.029648800242356
geometry_1_05_focus0,6bba_d1acb6ff,6bba_d1acb6ff:414,union|6bba_d1acb6ff:414|15,0,-17.982659881663817
geometry_1_05_focus0,6bba_d1acb6ff,6bba_d1acb6ff:414,union|6bba_d1acb6ff:414|16,0,-24.04311272478094
geometry_1_05_focus0,6bba_d1acb6ff,6bba_d1acb6ff:414,union|6bba_d1acb6ff:414|17,0,-21.706002633815437
geometry_1_05_focus0,6bba_d1acb6ff,6bba_d1acb6ff:414,union|6bba_d1acb6ff:414|18,0,-22.677175866733343
geometry_1_05_focus0,6bba_d1acb6ff,6bba_d1acb6ff:414,union|6bba_d1acb6ff:414|19,0,-18.79314527678796
geometry_1_05_focus0,6bba_d1acb6ff,6bba_d1acb6ff:414,union|6bba_d1acb6ff:414|20,0,-16.414998475499935
geometry_1_05_focus0,6bba_d1acb6ff,6bba_d1acb6ff:414,union|6bba_d1acb6ff:414|21,0,-16.76284238498214
geometry_1_05_focus0,6bba_d1acb6ff,6bba_d1acb6ff:414,union|6bba_d1acb6ff:414|22,0,-19.44078761196925
geometry_1_05_focus0,6bba_d1acb6ff,6bba_d1acb6ff:414,union|6bba_d1acb6ff:414|23,0,-12.662030670570331
geometry_1_05_focus0,6bba_d1acb6ff,6bba_d1acb6ff:414,union|6bba_d1acb6ff:414|24,0,-16.870833212542323
geometry_1_05_focus0,6bba_d1acb6ff,6bba_d1acb6ff:414,union|6bba_d1acb6ff:414|25,0,-16.062156752994685
geometry_1_05_focus0,6bba_e16ffc58,6bba_e16ffc58:331,union|6bba_e16ffc58:331|0,0,-11.890893245182696
geometry_1_05_focus0,6bba_e16ffc58,6bba_e16ffc58:331,union|6bba_e16ffc58:331|1,0,-19.0039730057245
geometry_1_05_focus0,6bba_e16ffc58,6bba_e16ffc58:331,union|6bba_e16ffc58:331|2,0,-7.444350598886809
geometry_1_05_focus0,6bba_e16ffc58,6bba_e16ffc58:331,union|6bba_e16ffc58:331|3,0,-12.696701714759904
geometry_1_05_focus0,6bba_e16ffc58,6bba_e16ffc58:331,union|6bba_e16ffc58:331|4,0,-16.070851991649306
geometry_1_05_focus0,6bba_e16ffc58,6bba_e16ffc58:331,union|6bba_e16ffc58:331|5,0,-15.454914922848006
geometry_1_05_focus0,6bba_e16ffc58,6bba_e16ffc58:331,union|6bba_e16ffc58:331|6,0,-12.628537514411764
geometry_1_05_focus0,6bba_e16ffc58,6bba_e16ffc58:331,union|6bba_e16ffc58:331|7,0,-15.639062407533435
geometry_1_05_focus0,6bba_e16ffc58,6bba_e16ffc58:331,union|6bba_e16ffc58:331|8,1,-14.188990284038976
geometry_1_05_focus0,6bba_e16ffc58,6bba_e16ffc58:331,union|6bba_e16ffc58:331|9,0,-14.577988165555762
geometry_1_05_focus0,6bba_e16ffc58,6bba_e16ffc58:331,union|6bba_e16ffc58:331|10,0,-16.96237415687402
geometry_1_05_focus0,6bba_e16ffc58,6bba_e16ffc58:331,union|6bba_e16ffc58:331|11,0,-17.786607843038976
geometry_1_05_focus0,6bba_e16ffc58,6bba_e16ffc58:331,union|6bba_e16ffc58:331|12,0,-14.079204021031297
geometry_1_05_focus0,6bba_e16ffc58,6bba_e16ffc58:331,union|6bba_e16ffc58:331|13,0,-21.36708634969416
geometry_1_05_focus0,6bba_e16ffc58,6bba_e16ffc58:331,union|6bba_e16ffc58:331|14,0,-21.162404071578763
geometry_1_05_focus0,6bba_e16ffc58,6bba_e16ffc58:331,union|6bba_e16ffc58:331|15,0,-21.282615148650834
geometry_1_05_focus0,6bba_e16ffc58,6bba_e16ffc58:331,union|6bba_e16ffc58:331|16,0,-21.107648055892803
geometry_1_05_focus0,6bba_e16ffc58,6bba_e16ffc58:331,union|6bba_e16ffc58:331|17,0,-20.68551117607489
geometry_1_05_focus0,6bba_e16ffc58,6bba_e16ffc58:331,union|6bba_e16ffc58:331|18,0,-12.344706811724574
geometry_1_05_focus0,6bba_e16ffc58,6bba_e16ffc58:331,union|6bba_e16ffc58:331|19,0,-16.783453415667005
geometry_1_05_focus0,6bba_e16ffc58,6bba_e16ffc58:331,union|6bba_e16ffc58:331|20,0,-16.548875742608715
geometry_1_05_focus0,6bba_e16ffc58,6bba_e16ffc58:331,union|6bba_e16ffc58:331|21,0,-13.165013232782623
geometry_1_05_focus0,6bba_e16ffc58,6bba_e16ffc58:331,union|6bba_e16ffc58:331|22,0,-17.102653377444152
geometry_1_05_focus0,6bba_e16ffc58,6bba_e16ffc58:331,union|6bba_e16ffc58:331|23,0,-20.780567060927254
geometry_1_05_focus0,6bba_e16ffc58,6bba_e16ffc58:331,union|6bba_e16ffc58:331|24,0,-12.747089015181547
geometry_1_05_focus0,6bba_e16ffc58,6bba_e16ffc58:331,union|6bba_e16ffc58:331|25,0,-17.527752374310346
geometry_1_05_focus0,6bba_e16ffc58,6bba_e16ffc58:331,union|6bba_e16ffc58:331|26,0,-12.196740132328157
geometry_1_05_focus0,6bba_e16ffc58,6bba_e16ffc58:331,union|6bba_e16ffc58:331|27,0,-17.844064809920873
geometry_1_05_focus0,6bba_fe670320,6bba_fe670320:4,union|6bba_fe670320:4|0,1,-13.324141703396839
geometry_1_05_focus0,6bba_fe670320,6bba_fe670320:4,union|6bba_fe670320:4|1,0,-11.45865718905038
geometry_1_05_focus0,6bba_fe670320,6bba_fe670320:4,union|6bba_fe670320:4|2,0,-10.642953354794138
geometry_1_05_focus0,6bba_fe670320,6bba_fe670320:519,union|6bba_fe670320:519|0,0,-19.709732824667935
geometry_1_05_focus0,6bba_fe670320,6bba_fe670320:519,union|6bba_fe670320:519|1,0,-24.009317129512198
geometry_1_05_focus0,6bba_fe670320,6bba_fe670320:519,union|6bba_fe670320:519|2,0,-22.612737648814786
geometry_1_05_focus0,6bba_fe670320,6bba_fe670320:519,union|6bba_fe670320:519|3,1,-13.99726992479581
geometry_1_05_focus0,6bba_fe670320,6bba_fe670320:519,union|6bba_fe670320:519|4,0,-13.126339217390354
geometry_1_05_focus0,6bba_fe670320,6bba_fe670320:519,union|6bba_fe670320:519|5,0,-19.345847215761765
geometry_1_05_focus0,6bba_fe670320,6bba_fe670320:519,union|6bba_fe670320:519|6,0,-22.646301763317183
geometry_1_05_focus0,6bba_fe670320,6bba_fe670320:519,union|6bba_fe670320:519|7,0,-12.893846166387707
geometry_1_05_focus4,44b6_2a2eff9f,44b6_2a2eff9f:13,union|44b6_2a2eff9f:13|0,0,-19.242240143840885
geometry_1_05_focus4,44b6_2a2eff9f,44b6_2a2eff9f:13,union|44b6_2a2eff9f:13|1,0,-17.962797105206374
geometry_1_05_focus4,44b6_2a2eff9f,44b6_2a2eff9f:13,union|44b6_2a2eff9f:13|2,0,-20.886427191927226
geometry_1_05_focus4,44b6_2a2eff9f,44b6_2a2eff9f:13,union|44b6_2a2eff9f:13|3,0,-17.210725513182272
geometry_1_05_focus4,44b6_2a2eff9f,44b6_2a2eff9f:13,union|44b6_2a2eff9f:13|4,0,-20.627922341997973
geometry_1_05_focus4,44b6_2a2eff9f,44b6_2a2eff9f:13,union|44b6_2a2eff9f:13|5,0,-16.303339861809448
geometry_1_05_focus4,44b6_2a2eff9f,44b6_2a2eff9f:13,union|44b6_2a2eff9f:13|6,0,-18.240579760522962
geometry_1_05_focus4,44b6_2a2eff9f,44b6_2a2eff9f:13,union|44b6_2a2eff9f:13|7,0,-25.274133512443093
geometry_1_05_focus4,44b6_2a2eff9f,44b6_2a2eff9f:13,union|44b6_2a2eff9f:13|8,0,-27.38478116233508
geometry_1_05_focus4,44b6_2a2eff9f,44b6_2a2eff9f:13,union|44b6_2a2eff9f:13|9,0,-18.202298834637595
geometry_1_05_focus4,44b6_2a2eff9f,44b6_2a2eff9f:13,union|44b6_2a2eff9f:13|10,0,-17.14190150307779
geometry_1_05_focus4,44b6_2a2eff9f,44b6_2a2eff9f:13,union|44b6_2a2eff9f:13|11,0,-16.138801281632734
geometry_1_05_focus4,44b6_2a2eff9f,44b6_2a2eff9f:13,union|44b6_2a2eff9f:13|12,0,-21.77568188194121
geometry_1_05_focus4,44b6_2a2eff9f,44b6_2a2eff9f:13,union|44b6_2a2eff9f:13|13,0,-19.03748358502247
geometry_1_05_focus4,44b6_2a2eff9f,44b6_2a2eff9f:13,union|44b6_2a2eff9f:13|14,0,-25.32909142492803
geometry_1_05_focus4,44b6_2a2eff9f,44b6_2a2eff9f:13,union|44b6_2a2eff9f:13|15,0,-21.721049786046468
geometry_1_05_focus4,44b6_2a2eff9f,44b6_2a2eff9f:13,union|44b6_2a2eff9f:13|16,0,-16.115472303723646
geometry_1_05_focus4,44b6_2a2eff9f,44b6_2a2eff9f:13,union|44b6_2a2eff9f:13|17,0,-19.257870236787102
geometry_1_05_focus4,44b6_2a2eff9f,44b6_2a2eff9f:13,union|44b6_2a2eff9f:13|18,0,-19.89589517487647
geometry_1_05_focus4,44b6_2a2eff9f,44b6_2a2eff9f:13,union|44b6_2a2eff9f:13|19,0,-16.363000616498745
geometry_1_05_focus4,44b6_2a2eff9f,44b6_2a2eff9f:13,union|44b6_2a2eff9f:13|20,0,-20.3702425971407
geometry_1_05_focus4,44b6_2a2eff9f,44b6_2a2eff9f:13,union|44b6_2a2eff9f:13|21,0,-14.420444471305313
geometry_1_05_focus4,44b6_2a2eff9f,44b6_2a2eff9f:13,union|44b6_2a2eff9f:13|22,0,-24.424915217969705
geometry_1_05_focus4,44b6_2a2eff9f,44b6_2a2eff9f:13,union|44b6_2a2eff9f:13|23,0,-20.886405778098407
geometry_1_05_focus4,44b6_2a2eff9f,44b6_2a2eff9f:13,union|44b6_2a2eff9f:13|24,0,-24.099001572073025
geometry_1_05_focus4,44b6_2a2eff9f,44b6_2a2eff9f:13,union|44b6_2a2eff9f:13|25,0,-19.83936226502314
geometry_1_05_focus4,44b6_2a2eff9f,44b6_2a2eff9f:13,union|44b6_2a2eff9f:13|26,0,-23.315738630787465
geometry_1_05_focus4,44b6_2a2eff9f,44b6_2a2eff9f:13,union|44b6_2a2eff9f:13|27,0,-21.991930517746184
geometry_1_05_focus4,44b6_2a2eff9f,44b6_2a2eff9f:13,union|44b6_2a2eff9f:13|28,0,-21.614389279472135
geometry_1_05_focus4,44b6_2a2eff9f,44b6_2a2eff9f:13,union|44b6_2a2eff9f:13|29,0,-18.722792760429734
geometry_1_05_focus4,44b6_2a2eff9f,44b6_2a2eff9f:13,union|44b6_2a2eff9f:13|30,0,-22.0713376310016
geometry_1_05_focus4,44b6_2a2eff9f,44b6_2a2eff9f:13,union|44b6_2a2eff9f:13|31,0,-22.097023250088938
geometry_1_05_focus4,44b6_2a2eff9f,44b6_2a2eff9f:13,union|44b6_2a2eff9f:13|32,0,-26.55612148385847
geometry_1_05_focus4,44b6_2a2eff9f,44b6_2a2eff9f:13,union|44b6_2a2eff9f:13|33,0,-20.019236968827652
geometry_1_05_focus4,44b6_2a2eff9f,44b6_2a2eff9f:13,union|44b6_2a2eff9f:13|34,1,-18.402721435972452
geometry_1_05_focus4,44b6_2a2eff9f,44b6_2a2eff9f:13,union|44b6_2a2eff9f:13|35,0,-27.756740797717747
geometry_1_05_focus4,44b6_2a2eff9f,44b6_2a2eff9f:13,union|44b6_2a2eff9f:13|36,0,-22.342940118095946
geometry_1_05_focus4,44b6_2a2eff9f,44b6_2a2eff9f:13,union|44b6_2a2eff9f:13|37,0,-17.560763777241874
geometry_1_05_focus4,44b6_2a2eff9f,44b6_2a2eff9f:13,union|44b6_2a2eff9f:13|38,0,-21.22578120376672
geometry_1_05_focus4,44b6_2a2eff9f,44b6_2a2eff9f:13,union|44b6_2a2eff9f:13|39,0,-20.247395665862808
geometry_1_05_focus4,44b6_2a2eff9f,44b6_2a2eff9f:13,union|44b6_2a2eff9f:13|40,0,-21.61516229480149
geometry_1_05_focus4,44b6_2a2eff9f,44b6_2a2eff9f:13,union|44b6_2a2eff9f:13|41,0,-23.63606091145765
geometry_1_05_focus4,44b6_2a2eff9f,44b6_2a2eff9f:13,union|44b6_2a2eff9f:13|42,0,-15.025759132236882
geometry_1_05_focus4,44b6_2a2eff9f,44b6_2a2eff9f:13,union|44b6_2a2eff9f:13|43,0,-23.659682384442156
geometry_1_05_focus4,44b6_2a2eff9f,44b6_2a2eff9f:13,union|44b6_2a2eff9f:13|44,0,-24.672748108972964
geometry_1_05_focus4,44b6_2a2eff9f,44b6_2a2eff9f:13,union|44b6_2a2eff9f:13|45,0,-21.9375
geometry_1_05_focus4,44b6_2a2eff9f,44b6_2a2eff9f:13,union|44b6_2a2eff9f:13|46,0,-25.29343428809647
geometry_1_05_focus4,44b6_2a2eff9f,44b6_2a2eff9f:13,union|44b6_2a2eff9f:13|47,0,-28.41517736724535
geometry_1_05_focus4,44b6_2a2eff9f,44b6_2a2eff9f:13,union|44b6_2a2eff9f:13|48,0,-21.89269799547505
geometry_1_05_focus4,44b6_2a2eff9f,44b6_2a2eff9f:13,union|44b6_2a2eff9f:13|49,0,-24.696042815191756
geometry_1_05_focus4,44b6_2a2eff9f,44b6_2a2eff9f:13,union|44b6_2a2eff9f:13|50,0,-18.710153304375883
geometry_1_05_focus4,44b6_2a2eff9f,44b6_2a2eff9f:13,union|44b6_2a2eff9f:13|51,0,-24.56399755535594
geometry_1_05_focus4,44b6_2a2eff9f,44b6_2a2eff9f:13,union|44b6_2a2eff9f:13|52,0,-27.015874086407408
geometry_1_05_focus4,44b6_2a2eff9f,44b6_2a2eff9f:13,union|44b6_2a2eff9f:13|53,0,-30.793133757065107
geometry_1_05_focus4,44b6_587a1e22,44b6_587a1e22:24,union|44b6_587a1e22:24|0,0,-19.15842623155119
geometry_1_05_focus4,44b6_587a1e22,44b6_587a1e22:24,union|44b6_587a1e22:24|1,0,-22.375756011512685
geometry_1_05_focus4,44b6_587a1e22,44b6_587a1e22:24,union|44b6_587a1e22:24|2,0,-22.988604880629655
geometry_1_05_focus4,44b6_587a1e22,44b6_587a1e22:24,union|44b6_587a1e22:24|3,0,-23.10250421937632
geometry_1_05_focus4,44b6_587a1e22,44b6_587a1e22:24,union|44b6_587a1e22:24|4,0,-24.10161140778275
geometry_1_05_focus4,44b6_587a1e22,44b6_587a1e22:24,union|44b6_587a1e22:24|5,0,-19.763701197773617
geometry_1_05_focus4,44b6_587a1e22,44b6_587a1e22:24,union|44b6_587a1e22:24|6,0,-14.721524059627566
geometry_1_05_focus4,44b6_587a1e22,44b6_587a1e22:24,union|44b6_587a1e22:24|7,0,-25.452564103082025
geometry_1_05_focus4,44b6_587a1e22,44b6_587a1e22:24,union|44b6_587a1e22:24|8,0,-13.249096102494306
geometry_1_05_focus4,44b6_587a1e22,44b6_587a1e22:24,union|44b6_587a1e22:24|9,0,-18.97771890181656
geometry_1_05_focus4,44b6_587a1e22,44b6_587a1e22:24,union|44b6_587a1e22:24|10,0,-29.59187227553532
geometry_1_05_focus4,44b6_587a1e22,44b6_587a1e22:24,union|44b6_587a1e22:24|11,0,-22.04277794877296
geometry_1_05_focus4,44b6_587a1e22,44b6_587a1e22:24,union|44b6_587a1e22:24|12,0,-22.027227283054742
geometry_1_05_focus4,44b6_587a1e22,44b6_587a1e22:24,union|44b6_587a1e22:24|13,0,-20.427410598191067
geometry_1_05_focus4,44b6_587a1e22,44b6_587a1e22:24,union|44b6_587a1e22:24|14,0,-28.267000711737992
geometry_1_05_focus4,44b6_587a1e22,44b6_587a1e22:24,union|44b6_587a1e22:24|15,0,-27.02106616830438
geometry_1_05_focus4,44b6_587a1e22,44b6_587a1e22:24,union|44b6_587a1e22:24|16,0,-20.239160437587174
geometry_1_05_focus4,44b6_587a1e22,44b6_587a1e22:24,union|44b6_587a1e22:24|17,0,-21.082878337598444
geometry_1_05_focus4,44b6_587a1e22,44b6_587a1e22:24,union|44b6_587a1e22:24|18,1,-15.880551376349668
geometry_1_05_focus4,44b6_587a1e22,44b6_587a1e22:24,union|44b6_587a1e22:24|19,0,-22.019835668624353
geometry_1_05_focus4,44b6_587a1e22,44b6_587a1e22:24,union|44b6_587a1e22:24|20,0,-22.505708954623536
geometry_1_05_focus4,44b6_587a1e22,44b6_587a1e22:24,union|44b6_587a1e22:24|21,0,-19.10498285741742
geometry_1_05_focus4,44b6_587a1e22,44b6_587a1e22:24,union|44b6_587a1e22:24|22,0,-25.149414968743674
geometry_1_05_focus4,44b6_587a1e22,44b6_587a1e22:24,union|44b6_587a1e22:24|23,0,-24.17663810280081
geometry_1_05_focus4,44b6_587a1e22,44b6_587a1e22:24,union|44b6_587a1e22:24|24,0,-25.018884865533565
geometry_1_05_focus4,44b6_587a1e22,44b6_587a1e22:24,union|44b6_587a1e22:24|25,0,-22.884618101359166
geometry_1_05_focus4,44b6_587a1e22,44b6_587a1e22:24,union|44b6_587a1e22:24|26,0,-29.490102420179895
geometry_1_05_focus4,44b6_587a1e22,44b6_587a1e22:24,union|44b6_587a1e22:24|27,0,-15.574872959505152
geometry_1_05_focus4,44b6_587a1e22,44b6_587a1e22:24,union|44b6_587a1e22:24|28,0,-18.826182578237248
geometry_1_05_focus4,44b6_587a1e22,44b6_587a1e22:24,union|44b6_587a1e22:24|29,0,-25.383027924320274
geometry_1_05_focus4,44b6_587a1e22,44b6_587a1e22:24,union|44b6_587a1e22:24|30,0,-18.21561798410066
geometry_1_05_focus4,44b6_587a1e22,44b6_587a1e22:24,union|44b6_587a1e22:24|31,0,-21.58253670373316
geometry_1_05_focus4,44b6_587a1e22,44b6_587a1e22:24,union|44b6_587a1e22:24|32,0,-23.736879265965612
geometry_1_05_focus4,44b6_587a1e22,44b6_587a1e22:24,union|44b6_587a1e22:24|33,0,-20.95052442380728
geometry_1_05_focus4,44b6_587a1e22,44b6_587a1e22:24,union|44b6_587a1e22:24|34,0,-27.781196502914046
geometry_1_05_focus4,44b6_587a1e22,44b6_587a1e22:24,union|44b6_587a1e22:24|35,0,-23.53830247202154
geometry_1_05_focus4,44b6_587a1e22,44b6_587a1e22:24,union|44b6_587a1e22:24|36,0,-27.739400769312066
geometry_1_05_focus4,44b6_5f15d135,44b6_5f15d135:103,union|44b6_5f15d135:103|0,0,-18.97771890181656
geometry_1_05_focus4,44b6_5f15d135,44b6_5f15d135:103,union|44b6_5f15d135:103|1,0,-14.508460955066893
geometry_1_05_focus4,44b6_5f15d135,44b6_5f15d135:103,union|44b6_5f15d135:103|2,0,-15.574872959505152
geometry_1_05_focus4,44b6_5f15d135,44b6_5f15d135:103,union|44b6_5f15d135:103|3,0,-19.357206148897724
geometry_1_05_focus4,44b6_5f15d135,44b6_5f15d135:103,union|44b6_5f15d135:103|4,0,-20.306461985619933
geometry_1_05_focus4,44b6_5f15d135,44b6_5f15d135:103,union|44b6_5f15d135:103|5,0,-20.878762496067992
geometry_1_05_focus4,44b6_5f15d135,44b6_5f15d135:103,union|44b6_5f15d135:103|6,0,-20.04317188405564
geometry_1_05_focus4,44b6_5f15d135,44b6_5f15d135:103,union|44b6_5f15d135:103|7,0,-27.60942551392153
geometry_1_05_focus4,44b6_5f15d135,44b6_5f15d135:103,union|44b6_5f15d135:103|8,0,-25.140179037113818
geometry_1_05_focus4,44b6_5f15d135,44b6_5f15d135:103,union|44b6_5f15d135:103|9,0,-16.71872673704444
geometry_1_05_focus4,44b6_5f15d135,44b6_5f15d135:103,union|44b6_5f15d135:103|10,0,-15.618504278129318
geometry_1_05_focus4,44b6_5f15d135,44b6_5f15d135:103,union|44b6_5f15d135:103|11,0,-22.186307395098602
geometry_1_05_focus4,44b6_5f15d135,44b6_5f15d135:103,union|44b6_5f15d135:103|12,0,-24.387127226618
geometry_1_05_focus4,44b6_5f15d135,44b6_5f15d135:103,union|44b6_5f15d135:103|13,0,-17.596399758310344
geometry_1_05_focus4,44b6_5f15d135,44b6_5f15d135:103,union|44b6_5f15d135:103|14,0,-19.89040656702804
geometry_1_05_focus4,44b6_5f15d135,44b6_5f15d135:103,union|44b6_5f15d135:103|15,0,-28.218111897637367
geometry_1_05_focus4,44b6_5f15d135,44b6_5f15d135:103,union|44b6_5f15d135:103|16,0,-21.433148169101536
geometry_1_05_focus4,44b6_5f15d135,44b6_5f15d135:103,union|44b6_5f15d135:103|17,0,-25.179528912121235
geometry_1_05_focus4,44b6_5f15d135,44b6_5f15d135:103,union|44b6_5f15d135:103|18,0,-16.31670890186478
geometry_1_05_focus4,44b6_5f15d135,44b6_5f15d135:103,union|44b6_5f15d135:103|19,0,-20.226470750938574
geometry_1_05_focus4,44b6_5f15d135,44b6_5f15d135:103,union|44b6_5f15d135:103|20,1,-14.088317307779342
geometry_1_05_focus4,44b6_5f15d135,44b6_5f15d135:103,union|44b6_5f15d135:103|21,0,-23.025099379097917
geometry_1_05_focus4,44b6_5f15d135,44b6_5f15d135:103,union|44b6_5f15d135:103|22,0,-16.940900889437135
geometry_1_05_focus4,44b6_5f15d135,44b6_5f15d135:103,union|44b6_5f15d135:103|23,0,-11.896931284032714
geometry_1_05_focus4,44b6_5f15d135,44b6_5f15d135:103,union|44b6_5f15d135:103|24,0,-21.30701660340433
geometry_1_05_focus4,44b6_5f15d135,44b6_5f15d135:103,union|44b6_5f15d135:103|25,0,-26.530696304123097
geometry_1_05_focus4,44b6_5f15d135,44b6_5f15d135:103,union|44b6_5f15d135:103|26,0,-17.887388313575585
geometry_1_05_focus4,44b6_5f15d135,44b6_5f15d135:103,union|44b6_5f15d135:103|27,0,-21.973520667360283
geometry_1_05_focus4,44b6_5f15d135,44b6_5f15d135:103,union|44b6_5f15d135:103|28,0,-18.930651775540127
geometry_1_05_focus4,44b6_5f15d135,44b6_5f15d135:103,union|44b6_5f15d135:103|29,0,-18.28709035774215
geometry_1_05_focus4,44b6_5f15d135,44b6_5f15d135:103,union|44b6_5f15d135:103|30,0,-21.282586760299175
geometry_1_05_focus4,44b6_5f15d135,44b6_5f15d135:103,union|44b6_5f15d135:103|31,0,-23.814047669498294
geometry_1_05_focus4,44b6_5f15d135,44b6_5f15d135:103,union|44b6_5f15d135:103|32,0,-16.754155723348312
geometry_1_05_focus4,44b6_5f15d135,44b6_5f15d135:103,union|44b6_5f15d135:103|33,0,-18.42890530138536
geometry_1_05_focus4,44b6_5f15d135,44b6_5f15d135:103,union|44b6_5f15d135:103|34,0,-20.442411734860997
geometry_1_05_focus4,44b6_5f15d135,44b6_5f15d135:103,union|44b6_5f15d135:103|35,0,-21.442548534941885
geometry_1_05_focus4,44b6_5f15d135,44b6_5f15d135:103,union|44b6_5f15d135:103|36,0,-18.960189663614123
geometry_1_05_focus4,44b6_5f15d135,44b6_5f15d135:103,union|44b6_5f15d135:103|37,0,-26.335301508264237
geometry_1_05_focus4,44b6_5f15d135,44b6_5f15d135:103,union|44b6_5f15d135:103|38,0,-25.484290269989124
geometry_1_05_focus4,44b6_5f15d135,44b6_5f15d135:103,union|44b6_5f15d135:103|39,0,-26.28211916087352
geometry_1_05_focus4,44b6_5f15d135,44b6_5f15d135:103,union|44b6_5f15d135:103|40,0,-21.923762786171437
geometry_1_05_focus4,44b6_5f15d135,44b6_5f15d135:103,union|44b6_5f15d135:103|41,0,-19.855684683833335
geometry_1_05_focus4,44b6_5f15d135,44b6_5f15d135:103,union|44b6_5f15d135:103|42,0,-14.631734571262431
geometry_1_05_focus4,44b6_5f15d135,44b6_5f15d135:103,union|44b6_5f15d135:103|43,0,-18.043413396852447
geometry_1_05_focus4,44b6_5f15d135,44b6_5f15d135:103,union|44b6_5f15d135:103|44,0,-26.674361755488096
geometry_1_05_focus4,44b6_5f15d135,44b6_5f15d135:103,union|44b6_5f15d135:103|45,0,-21.537676806290424
geometry_1_05_focus4,44b6_5f15d135,44b6_5f15d135:103,union|44b6_5f15d135:103|46,0,-23.306736815891473
geometry_1_05_focus4,44b6_5f15d135,44b6_5f15d135:103,union|44b6_5f15d135:103|47,0,-21.327587604775097
geometry_1_05_focus4,44b6_5f15d135,44b6_5f15d135:103,union|44b6_5f15d135:103|48,0,-24.79923459664653
geometry_1_05_focus4,44b6_5f15d135,44b6_5f15d135:103,union|44b6_5f15d135:103|49,0,-22.859239511402475
geometry_1_05_focus4,44b6_5f15d135,44b6_5f15d135:103,union|44b6_5f15d135:103|50,0,-26.627129048537192
geometry_1_05_focus4,44b6_5f15d135,44b6_5f15d135:103,union|44b6_5f15d135:103|51,0,-27.348618369173252
geometry_1_05_focus4,44b6_5f15d135,44b6_5f15d135:103,union|44b6_5f15d135:103|52,0,-17.73141611442464
geometry_1_05_focus4,44b6_5f15d135,44b6_5f15d135:103,union|44b6_5f15d135:103|53,0,-21.18544176747643
geometry_1_05_focus4,44b6_5f15d135,44b6_5f15d135:103,union|44b6_5f15d135:103|54,0,-23.337365072829186
geometry_1_05_focus4,44b6_5f15d135,44b6_5f15d135:103,union|44b6_5f15d135:103|55,0,-18.274741290187958
geometry_1_05_focus4,44b6_5f15d135,44b6_5f15d135:103,union|44b6_5f15d135:103|56,0,-21.8166798707234
geometry_1_05_focus4,44b6_5f15d135,44b6_5f15d135:103,union|44b6_5f15d135:103|57,0,-19.181362094492798
geometry_1_05_focus4,44b6_5f15d135,44b6_5f15d135:103,union|44b6_5f15d135:103|58,0,-24.48473684189326
geometry_1_05_focus4,44b6_5f15d135,44b6_5f15d135:103,union|44b6_5f15d135:103|59,0,-17.41837958789396
geometry_1_05_focus4,44b6_5f15d135,44b6_5f15d135:103,union|44b6_5f15d135:103|60,0,-17.918937250472517
geometry_1_05_focus4,44b6_5f15d135,44b6_5f15d135:103,union|44b6_5f15d135:103|61,0,-23.532900019856644
geometry_1_05_focus4,44b6_5f15d135,44b6_5f15d135:103,union|44b6_5f15d135:103|62,0,-24.80870233167098
geometry_1_05_focus4,44b6_5f15d135,44b6_5f15d135:103,union|44b6_5f15d135:103|63,0,-22.932890970350257
geometry_1_05_focus4,44b6_5f15d135,44b6_5f15d135:103,union|44b6_5f15d135:103|64,0,-27.468654144253698
geometry_1_05_focus4,44b6_5f15d135,44b6_5f15d135:103,union|44b6_5f15d135:103|65,0,-27.103723914161538
geometry_1_05_focus4,44b6_5f15d135,44b6_5f15d135:103,union|44b6_5f15d135:103|66,0,-23.659550988981692
geometry_1_05_focus4,44b6_74d0c52e,44b6_74d0c52e:59,union|44b6_74d0c52e:59|0,0,-16.248901789337634
geometry_1_05_focus4,44b6_74d0c52e,44b6_74d0c52e:59,union|44b6_74d0c52e:59|1,0,-17.367114084252716
geometry_1_05_focus4,44b6_74d0c52e,44b6_74d0c52e:59,union|44b6_74d0c52e:59|2,0,-21.000553871741094
geometry_1_05_focus4,44b6_74d0c52e,44b6_74d0c52e:59,union|44b6_74d0c52e:59|3,0,-16.35124708546721
geometry_1_05_focus4,44b6_74d0c52e,44b6_74d0c52e:59,union|44b6_74d0c52e:59|4,0,-19.26603087986341
geometry_1_05_focus4,44b6_74d0c52e,44b6_74d0c52e:59,union|44b6_74d0c52e:59|5,0,-21.852061652578712
geometry_1_05_focus4,44b6_74d0c52e,44b6_74d0c52e:59,union|44b6_74d0c52e:59|6,0,-23.346119735487054
geometry_1_05_focus4,44b6_74d0c52e,44b6_74d0c52e:59,union|44b6_74d0c52e:59|7,0,-19.321941160590832
geometry_1_05_focus4,44b6_74d0c52e,44b6_74d0c52e:59,union|44b6_74d0c52e:59|8,0,-19.20100407828769
geometry_1_05_focus4,44b6_74d0c52e,44b6_74d0c52e:59,union|44b6_74d0c52e:59|9,0,-17.47101940022916
geometry_1_05_focus4,44b6_74d0c52e,44b6_74d0c52e:59,union|44b6_74d0c52e:59|10,1,-18.402721435972452
geometry_1_05_focus4,44b6_74d0c52e,44b6_74d0c52e:59,union|44b6_74d0c52e:59|11,0,-19.803295984905226
geometry_1_05_focus4,44b6_74d0c52e,44b6_74d0c52e:59,union|44b6_74d0c52e:59|12,0,-20.547854345288382
geometry_1_05_focus4,44b6_74d0c52e,44b6_74d0c52e:59,union|44b6_74d0c52e:59|13,0,-22.25746957405412
geometry_1_05_focus4,44b6_74d0c52e,44b6_74d0c52e:59,union|44b6_74d0c52e:59|14,0,-22.014375584245236
geometry_1_05_focus4,44b6_74d0c52e,44b6_74d0c52e:59,union|44b6_74d0c52e:59|15,0,-17.991722472103756
geometry_1_05_focus4,44b6_74d0c52e,44b6_74d0c52e:59,union|44b6_74d0c52e:59|16,0,-18.28834790987076
geometry_1_05_focus4,44b6_74d0c52e,44b6_74d0c52e:59,union|44b6_74d0c52e:59|17,0,-16.53192933386784
geometry_1_05_focus4,44b6_74d0c52e,44b6_74d0c52e:59,union|44b6_74d0c52e:59|18,0,-16.471701917734297
geometry_1_05_focus4,44b6_74d0c52e,44b6_74d0c52e:59,union|44b6_74d0c52e:59|19,0,-20.809901550004767
geometry_1_05_focus4,44b6_74d0c52e,44b6_74d0c52e:59,union|44b6_74d0c52e:59|20,0,-23.018995278768777
geometry_1_05_focus4,44b6_74d0c52e,44b6_74d0c52e:59,union|44b6_74d0c52e:59|21,0,-25.171643249502253
geometry_1_05_focus4,44b6_74d0c52e,44b6_74d0c52e:59,union|44b6_74d0c52e:59|22,0,-22.774984086973088
geometry_1_05_focus4,44b6_74d0c52e,44b6_74d0c52e:59,union|44b6_74d0c52e:59|23,0,-19.99697393578296
geometry_1_05_focus4,44b6_74d0c52e,44b6_74d0c52e:59,union|44b6_74d0c52e:59|24,0,-17.235727791422097
geometry_1_05_focus4,44b6_74d0c52e,44b6_74d0c52e:59,union|44b6_74d0c52e:59|25,0,-17.177985194281398
geometry_1_05_focus4,44b6_74d0c52e,44b6_74d0c52e:59,union|44b6_74d0c52e:59|26,0,-19.709732824667935
geometry_1_05_focus4,44b6_74d0c52e,44b6_74d0c52e:59,union|44b6_74d0c52e:59|27,0,-24.394682012173426
geometry_1_05_focus4,44b6_74d0c52e,44b6_74d0c52e:59,union|44b6_74d0c52e:59|28,0,-25.097400824172922
geometry_1_05_focus4,44b6_74d0c52e,44b6_74d0c52e:59,union|44b6_74d0c52e:59|29,0,-10.624816174880392
geometry_1_05_focus4,44b6_74d0c52e,44b6_74d0c52e:59,union|44b6_74d0c52e:59|30,0,-21.388975694268296
geometry_1_05_focus4,44b6_74d0c52e,44b6_74d0c52e:59,union|44b6_74d0c52e:59|31,0,-19.651753261477715
geometry_1_05_focus4,44b6_74d0c52e,44b6_74d0c52e:59,union|44b6_74d0c52e:59|32,0,-22.1230745384357
geometry_1_05_focus4,44b6_74d0c52e,44b6_74d0c52e:59,union|44b6_74d0c52e:59|33,0,-14.277964472912759
geometry_1_05_focus4,44b6_74d0c52e,44b6_74d0c52e:59,union|44b6_74d0c52e:59|34,0,-18.338741708346888
geometry_1_05_focus4,44b6_74d0c52e,44b6_74d0c52e:59,union|44b6_74d0c52e:59|35,0,-22.234701898000218
geometry_1_05_focus4,44b6_74d0c52e,44b6_74d0c52e:59,union|44b6_74d0c52e:59|36,0,-18.402270484306335
geometry_1_05_focus4,44b6_74d0c52e,44b6_74d0c52e:59,union|44b6_74d0c52e:59|37,0,-20.090558120457278
geometry_1_05_focus4,44b6_74d0c52e,44b6_74d0c52e:59,union|44b6_74d0c52e:59|38,0,-23.180377556962924
geometry_1_05_focus4,44b6_74d0c52e,44b6_74d0c52e:59,union|44b6_74d0c52e:59|39,0,-17.54954589957628
geometry_1_05_focus4,44b6_74d0c52e,44b6_74d0c52e:59,union|44b6_74d0c52e:59|40,0,-19.601708238085134
geometry_1_05_focus4,44b6_74d0c52e,44b6_74d0c52e:59,union|44b6_74d0c52e:59|41,0,-22.703495531362798
geometry_1_05_focus4,44b6_74d0c52e,44b6_74d0c52e:59,union|44b6_74d0c52e:59|42,0,-27.63327874509261
geometry_1_05_focus4,44b6_74d0c52e,44b6_74d0c52e:59,union|44b6_74d0c52e:59|43,0,-18.82078810044934
geometry_1_05_focus4,44b6_74d0c52e,44b6_74d0c52e:59,union|44b6_74d0c52e:59|44,0,-22.451613551370542
geometry_1_05_focus4,44b6_74d0c52e,44b6_74d0c52e:59,union|44b6_74d0c52e:59|45,0,-23.104554451809246
geometry_1_05_focus4,44b6_74d0c52e,44b6_74d0c52e:59,union|44b6_74d0c52e:59|46,0,-21.72573409536189
geometry_1_05_focus4,44b6_74d0c52e,44b6_74d0c52e:59,union|44b6_74d0c52e:59|47,0,-24.429640748485216
geometry_1_05_focus4,44b6_74d0c52e,44b6_74d0c52e:59,union|44b6_74d0c52e:59|48,0,-24.776894083534277
geometry_1_05_focus4,44b6_74d0c52e,44b6_74d0c52e:59,union|44b6_74d0c52e:59|49,0,-25.782948268269415
geometry_1_05_focus4,44b6_74d0c52e,44b6_74d0c52e:59,union|44b6_74d0c52e:59|50,0,-22.187491947679387
geometry_1_05_focus4,44b6_74d0c52e,44b6_74d0c52e:59,union|44b6_74d0c52e:59|51,0,-25.992886535138624
geometry_1_05_focus4,44b6_74d0c52e,44b6_74d0c52e:59,union|44b6_74d0c52e:59|52,0,-28.772517630583444
geometry_1_05_focus4,44b6_996155de,44b6_996155de:60,union|44b6_996155de:60|0,1,-8.658694077712559
geometry_1_05_focus4,44b6_996155de,44b6_996155de:60,union|44b6_996155de:60|1,0,-16.113755462244285
geometry_1_05_focus4,44b6_996155de,44b6_996155de:60,union|44b6_996155de:60|2,0,-16.388584532748652
geometry_1_05_focus4,44b6_996155de,44b6_996155de:60,union|44b6_996155de:60|3,0,-14.408502101851665
geometry_1_05_focus4,44b6_996155de,44b6_996155de:60,union|44b6_996155de:60|4,0,-18.873551564836916
geometry_1_05_focus4,44b6_996155de,44b6_996155de:60,union|44b6_996155de:60|5,0,-21.449331533049943
geometry_1_05_focus4,44b6_9be80b04,44b6_9be80b04:155,union|44b6_9be80b04:155|0,0,-19.705665745388764
geometry_1_05_focus4,44b6_9be80b04,44b6_9be80b04:155,union|44b6_9be80b04:155|1,0,-22.687719764328634
geometry_1_05_focus4,44b6_9be80b04,44b6_9be80b04:155,union|44b6_9be80b04:155|2,0,-25.11401493486072
geometry_1_05_focus4,44b6_9be80b04,44b6_9be80b04:155,union|44b6_9be80b04:155|3,0,-19.310640171614644
geometry_1_05_focus4,44b6_9be80b04,44b6_9be80b04:155,union|44b6_9be80b04:155|4,0,-21.07546193673268
geometry_1_05_focus4,44b6_9be80b04,44b6_9be80b04:155,union|44b6_9be80b04:155|5,0,-24.08111215118555
geometry_1_05_focus4,44b6_9be80b04,44b6_9be80b04:155,union|44b6_9be80b04:155|6,0,-23.495743281752702
geometry_1_05_focus4,44b6_9be80b04,44b6_9be80b04:155,union|44b6_9be80b04:155|7,0,-24.840288017051677
geometry_1_05_focus4,44b6_9be80b04,44b6_9be80b04:155,union|44b6_9be80b04:155|8,0,-25.416748293457516
geometry_1_05_focus4,44b6_9be80b04,44b6_9be80b04:155,union|44b6_9be80b04:155|9,0,-26.666769443780737
geometry_1_05_focus4,44b6_9be80b04,44b6_9be80b04:155,union|44b6_9be80b04:155|10,0,-23.557258406982413
geometry_1_05_focus4,44b6_9be80b04,44b6_9be80b04:155,union|44b6_9be80b04:155|11,0,-26.15239168347119
geometry_1_05_focus4,44b6_9be80b04,44b6_9be80b04:155,union|44b6_9be80b04:155|12,0,-28.823037870392866
geometry_1_05_focus4,44b6_9be80b04,44b6_9be80b04:155,union|44b6_9be80b04:155|13,0,-17.520383950571066
geometry_1_05_focus4,44b6_9be80b04,44b6_9be80b04:155,union|44b6_9be80b04:155|14,0,-17.32880187975862
geometry_1_05_focus4,44b6_9be80b04,44b6_9be80b04:155,union|44b6_9be80b04:155|15,0,-20.219709479087513
geometry_1_05_focus4,44b6_9be80b04,44b6_9be80b04:155,union|44b6_9be80b04:155|16,0,-21.29127855894427
geometry_1_05_focus4,44b6_9be80b04,44b6_9be80b04:155,union|44b6_9be80b04:155|17,0,-22.953134385408916
geometry_1_05_focus4,44b6_9be80b04,44b6_9be80b04:155,union|44b6_9be80b04:155|18,0,-21.245999485818587
geometry_1_05_focus4,44b6_9be80b04,44b6_9be80b04:155,union|44b6_9be80b04:155|19,0,-22.729671370537837
geometry_1_05_focus4,44b6_9be80b04,44b6_9be80b04:155,union|44b6_9be80b04:155|20,0,-23.79625341248986
geometry_1_05_focus4,44b6_9be80b04,44b6_9be80b04:155,union|44b6_9be80b04:155|21,0,-25.076797465772653
geometry_1_05_focus4,44b6_9be80b04,44b6_9be80b04:155,union|44b6_9be80b04:155|22,0,-27.008274625704814
geometry_1_05_focus4,44b6_9be80b04,44b6_9be80b04:155,union|44b6_9be80b04:155|23,0,-27.662994935252883
geometry_1_05_focus4,44b6_9be80b04,44b6_9be80b04:155,union|44b6_9be80b04:155|24,0,-24.481038815909447
geometry_1_05_focus4,44b6_9be80b04,44b6_9be80b04:155,union|44b6_9be80b04:155|25,0,-29.50458204620654
geometry_1_05_focus4,44b6_9be80b04,44b6_9be80b04:155,union|44b6_9be80b04:155|26,0,-29.224413096738253
geometry_1_05_focus4,44b6_9be80b04,44b6_9be80b04:155,union|44b6_9be80b04:155|27,0,-17.700242100760608
geometry_1_05_focus4,44b6_9be80b04,44b6_9be80b04:155,union|44b6_9be80b04:155|28,0,-19.585946839917153
geometry_1_05_focus4,44b6_9be80b04,44b6_9be80b04:155,union|44b6_9be80b04:155|29,0,-18.436898320489014
geometry_1_05_focus4,44b6_9be80b04,44b6_9be80b04:155,union|44b6_9be80b04:155|30,0,-19.03748358502247
geometry_1_05_focus4,44b6_9be80b04,44b6_9be80b04:155,union|44b6_9be80b04:155|31,0,-21.60612775917417
geometry_1_05_focus4,44b6_9be80b04,44b6_9be80b04:155,union|44b6_9be80b04:155|32,0,-21.096221074989053
geometry_1_05_focus4,44b6_9be80b04,44b6_9be80b04:155,union|44b6_9be80b04:155|33,0,-21.29127855894427
geometry_1_05_focus4,44b6_9be80b04,44b6_9be80b04:155,union|44b6_9be80b04:155|34,0,-23.936200148042662
geometry_1_05_focus4,44b6_9be80b04,44b6_9be80b04:155,union|44b6_9be80b04:155|35,0,-23.5820202329622
geometry_1_05_focus4,44b6_9be80b04,44b6_9be80b04:155,union|44b6_9be80b04:155|36,0,-24.48804696278848
geometry_1_05_focus4,44b6_9be80b04,44b6_9be80b04:155,union|44b6_9be80b04:155|37,0,-26.45662662591882
geometry_1_05_focus4,44b6_9be80b04,44b6_9be80b04:155,union|44b6_9be80b04:155|38,0,-28.02475278582417
geometry_1_05_focus4,44b6_9be80b04,44b6_9be80b04:155,union|44b6_9be80b04:155|39,0,-23.943226911398746
geometry_1_05_focus4,44b6_9be80b04,44b6_9be80b04:155,union|44b6_9be80b04:155|40,0,-21.265585269965875
geometry_1_05_focus4,44b6_9be80b04,44b6_9be80b04:155,union|44b6_9be80b04:155|41,0,-23.351994322320206
geometry_1_05_focus4,44b6_9be80b04,44b6_9be80b04:155,union|44b6_9be80b04:155|42,0,-20.344165974072155
geometry_1_05_focus4,44b6_9be80b04,44b6_9be80b04:155,union|44b6_9be80b04:155|43,0,-23.390126929248744
geometry_1_05_focus4,44b6_9be80b04,44b6_9be80b04:155,union|44b6_9be80b04:155|44,0,-20.955931769616548
geometry_1_05_focus4,44b6_9be80b04,44b6_9be80b04:155,union|44b6_9be80b04:155|45,0,-25.534570329583534
geometry_1_05_focus4,44b6_9be80b04,44b6_9be80b04:155,union|44b6_9be80b04:155|46,0,-22.209983350004574
geometry_1_05_focus4,44b6_9be80b04,44b6_9be80b04:155,union|44b6_9be80b04:155|47,0,-24.653010198086907
geometry_1_05_focus4,44b6_9be80b04,44b6_9be80b04:155,union|44b6_9be80b04:155|48,0,-24.566974505276693
geometry_1_05_focus4,44b6_9be80b04,44b6_9be80b04:155,union|44b6_9be80b04:155|49,0,-28.35449760196524
geometry_1_05_focus4,44b6_9be80b04,44b6_9be80b04:155,union|44b6_9be80b04:155|50,0,-28.072580922413678
geometry_1_05_focus4,44b6_9be80b04,44b6_9be80b04:155,union|44b6_9be80b04:155|51,0,-11.790989438347397
geometry_1_05_focus4,44b6_9be80b04,44b6_9be80b04:155,union|44b6_9be80b04:155|52,0,-14.140408095921094
geometry_1_05_focus4,44b6_9be80b04,44b6_9be80b04:155,union|44b6_9be80b04:155|53,0,-19.023483186537895
geometry_1_05_focus4,44b6_9be80b04,44b6_9be80b04:155,union|44b6_9be80b04:155|54,0,-18.404100850447627
geometry_1_05_focus4,44b6_9be80b04,44b6_9be80b04:155,union|44b6_9be80b04:155|55,0,-14.665982096633991
geometry_1_05_focus4,44b6_9be80b04,44b6_9be80b04:155,union|44b6_9be80b04:155|56,0,-19.422403281693953
geometry_1_05_focus4,44b6_9be80b04,44b6_9be80b04:155,union|44b6_9be80b04:155|57,0,-22.989839470401918
geometry_1_05_focus4,44b6_9be80b04,44b6_9be80b04:155,union|44b6_9be80b04:155|58,0,-20.627135690182154
geometry_1_05_focus4,44b6_9be80b04,44b6_9be80b04:155,union|44b6_9be80b04:155|59,0,-27.18985210753293
geometry_1_05_focus4,44b6_9be80b04,44b6_9be80b04:155,union|44b6_9be80b04:155|60,0,-22.200638896480957
geometry_1_05_focus4,44b6_9be80b04,44b6_9be80b04:155,union|44b6_9be80b04:155|61,0,-18.726716133893873
geometry_1_05_focus4,44b6_9be80b04,44b6_9be80b04:155,union|44b6_9be80b04:155|62,0,-27.43560740630516
geometry_1_05_focus4,44b6_9be80b04,44b6_9be80b04:155,union|44b6_9be80b04:155|63,0,-29.34763611309474
geometry_1_05_focus4,44b6_9be80b04,44b6_9be80b04:155,union|44b6_9be80b04:155|64,0,-25.66173400023429
geometry_1_05_focus4,44b6_9be80b04,44b6_9be80b04:155,union|44b6_9be80b04:155|65,0,-28.536623837564505
geometry_1_05_focus4,44b6_9be80b04,44b6_9be80b04:155,union|44b6_9be80b04:155|66,1,-9.017953354794138
geometry_1_05_focus4,44b6_9be80b04,44b6_9be80b04:155,union|44b6_9be80b04:155|67,0,-20.866672077329426
geometry_1_05_focus4,44b6_9be80b04,44b6_9be80b04:155,union|44b6_9be80b04:155|68,0,-18.68639589237455
geometry_1_05_focus4,44b6_9be80b04,44b6_9be80b04:155,union|44b6_9be80b04:155|69,0,-19.0039730057245
geometry_1_05_focus4,44b6_9be80b04,44b6_9be80b04:155,union|44b6_9be80b04:155|70,0,-11.116164960017976
geometry_1_05_focus4,44b6_9be80b04,44b6_9be80b04:155,union|44b6_9be80b04:155|71,0,-16.646073987452173
geometry_1_05_focus4,44b6_9be80b04,44b6_9be80b04:155,union|44b6_9be80b04:155|72,0,-22.91627855894427
geometry_1_05_focus4,44b6_9be80b04,44b6_9be80b04:155,union|44b6_9be80b04:155|73,0,-19.856300253818922
geometry_1_05_focus4,44b6_9be80b04,44b6_9be80b04:155,union|44b6_9be80b04:155|74,0,-27.529816138029005
geometry_1_05_focus4,44b6_9be80b04,44b6_9be80b04:155,union|44b6_9be80b04:155|75,0,-19.77574190709941
geometry_1_05_focus4,44b6_9be80b04,44b6_9be80b04:155,union|44b6_9be80b04:155|76,0,-17.873068653755226
geometry_1_05_focus4,44b6_9be80b04,44b6_9be80b04:155,union|44b6_9be80b04:155|77,0,-26.139554125881723
geometry_1_05_focus4,44b6_9be80b04,44b6_9be80b04:155,union|44b6_9be80b04:155|78,0,-29.208161710998777
geometry_1_05_focus4,44b6_9be80b04,44b6_9be80b04:155,union|44b6_9be80b04:155|79,0,-24.683359788543964
geometry_1_05_focus4,44b6_9be80b04,44b6_9be80b04:155,union|44b6_9be80b04:155|80,0,-28.941629793700415
geometry_1_05_focus4,44b6_9be80b04,44b6_9be80b04:155,union|44b6_9be80b04:155|81,0,-26.65967187847198
geometry_1_05_focus4,44b6_9be80b04,44b6_9be80b04:155,union|44b6_9be80b04:155|82,0,-27.47462518939449
geometry_1_05_focus4,44b6_9be80b04,44b6_9be80b04:155,union|44b6_9be80b04:155|83,0,-20.14356545060393
geometry_1_05_focus4,44b6_9be80b04,44b6_9be80b04:155,union|44b6_9be80b04:155|84,0,-15.08378622257856
geometry_1_05_focus4,44b6_9be80b04,44b6_9be80b04:155,union|44b6_9be80b04:155|85,0,-20.866672077329426
geometry_1_05_focus4,44b6_9be80b04,44b6_9be80b04:155,union|44b6_9be80b04:155|86,0,-11.269737522365624
geometry_1_05_focus4,44b6_9be80b04,44b6_9be80b04:155,union|44b6_9be80b04:155|87,0,-17.501612594078193
geometry_1_05_focus4,44b6_9be80b04,44b6_9be80b04:155,union|44b6_9be80b04:155|88,0,-19.781189157135334
geometry_1_05_focus4,44b6_9be80b04,44b6_9be80b04:155,union|44b6_9be80b04:155|89,0,-20.70142450700957
geometry_1_05_focus4,44b6_9be80b04,44b6_9be80b04:155,union|44b6_9be80b04:155|90,0,-23.918284666640815
geometry_1_05_focus4,44b6_9be80b04,44b6_9be80b04:155,union|44b6_9be80b04:155|91,0,-23.17145478251752
geometry_1_05_focus4,44b6_9be80b04,44b6_9be80b04:155,union|44b6_9be80b04:155|92,0,-20.752824302555904
geometry_1_05_focus4,44b6_9be80b04,44b6_9be80b04:155,union|44b6_9be80b04:155|93,0,-29.134051038881474
geometry_1_05_focus4,44b6_9be80b04,44b6_9be80b04:155,union|44b6_9be80b04:155|94,0,-26.17312507111759
geometry_1_05_focus4,44b6_9be80b04,44b6_9be80b04:155,union|44b6_9be80b04:155|95,0,-27.2705635746364
geometry_1_05_focus4,44b6_9be80b04,44b6_9be80b04:155,union|44b6_9be80b04:155|96,0,-27.172240852339787
geometry_1_05_focus4,44b6_9be80b04,44b6_9be80b04:155,union|44b6_9be80b04:155|97,0,-29.09833726085485
geometry_1_05_focus4,44b6_9be80b04,44b6_9be80b04:155,union|44b6_9be80b04:155|98,0,-23.69058654129813
geometry_1_05_focus4,44b6_9be80b04,44b6_9be80b04:155,union|44b6_9be80b04:155|99,0,-22.815192055070312
geometry_1_05_focus4,44b6_9be80b04,44b6_9be80b04:155,union|44b6_9be80b04:155|100,0,-20.559062832270087
geometry_1_05_focus4,44b6_9be80b04,44b6_9be80b04:155,union|44b6_9be80b04:155|101,0,-18.00837723130187
geometry_1_05_focus4,44b6_9be80b04,44b6_9be80b04:155,union|44b6_9be80b04:155|102,0,-25.769640043141457
geometry_1_05_focus4,44b6_9be80b04,44b6_9be80b04:155,union|44b6_9be80b04:155|103,0,-24.354555550249327
geometry_1_05_focus4,44b6_9be80b04,44b6_9be80b04:155,union|44b6_9be80b04:155|104,0,-26.093548805469457
geometry_1_05_focus4,44b6_9be80b04,44b6_9be80b04:155,union|44b6_9be80b04:155|105,0,-29.33481965199085
geometry_1_05_focus4,44b6_9be80b04,44b6_9be80b04:155,union|44b6_9be80b04:155|106,0,-28.837575562974067
geometry_1_05_focus4,44b6_9be80b04,44b6_9be80b04:155,union|44b6_9be80b04:155|107,0,-25.488222430321837
geometry_1_05_focus4,44b6_9be80b04,44b6_9be80b04:155,union|44b6_9be80b04:155|108,0,-21.876688487308876
geometry_1_05_focus4,44b6_9be80b04,44b6_9be80b04:155,union|44b6_9be80b04:155|109,0,-16.991917470612556
geometry_1_05_focus4,44b6_9be80b04,44b6_9be80b04:155,union|44b6_9be80b04:155|110,0,-20.03234713403621
geometry_1_05_focus4,44b6_9be80b04,44b6_9be80b04:155,union|44b6_9be80b04:155|111,0,-15.9689889749556
geometry_1_05_focus4,44b6_9be80b04,44b6_9be80b04:155,union|44b6_9be80b04:155|112,0,-24.628765077685358
geometry_1_05_focus4,44b6_9be80b04,44b6_9be80b04:155,union|44b6_9be80b04:155|113,0,-21.95929977745928
geometry_1_05_focus4,44b6_9be80b04,44b6_9be80b04:155,union|44b6_9be80b04:155|114,0,-26.965739527908884
geometry_1_05_focus4,44b6_9be80b04,44b6_9be80b04:155,union|44b6_9be80b04:155|115,0,-25.474301787522194
geometry_1_05_focus4,44b6_9be80b04,44b6_9be80b04:155,union|44b6_9be80b04:155|116,0,-22.440012906437104
geometry_1_05_focus4,44b6_9be80b04,44b6_9be80b04:155,union|44b6_9be80b04:155|117,0,-18.076562407533437
geometry_1_05_focus4,44b6_9be80b04,44b6_9be80b04:155,union|44b6_9be80b04:155|118,0,-21.203759371492772
geometry_1_05_focus4,44b6_9be80b04,44b6_9be80b04:155,union|44b6_9be80b04:155|119,0,-22.65390463871971
geometry_1_05_focus4,44b6_9be80b04,44b6_9be80b04:155,union|44b6_9be80b04:155|120,0,-25.45072347455416
geometry_1_05_focus4,44b6_9be80b04,44b6_9be80b04:155,union|44b6_9be80b04:155|121,0,-25.877068019577678
geometry_1_05_focus4,44b6_9be80b04,44b6_9be80b04:155,union|44b6_9be80b04:155|122,0,-22.324570259113948
geometry_1_05_focus4,44b6_9be80b04,44b6_9be80b04:155,union|44b6_9be80b04:155|123,0,-27.567328536348317
geometry_1_05_focus4,44b6_9be80b04,44b6_9be80b04:155,union|44b6_9be80b04:155|124,0,-26.138880620710516
geometry_1_05_focus4,44b6_9be80b04,44b6_9be80b04:155,union|44b6_9be80b04:155|125,0,-14.963331390311474
geometry_1_05_focus4,44b6_9be80b04,44b6_9be80b04:155,union|44b6_9be80b04:155|126,0,-20.579559762710986
geometry_1_05_focus4,44b6_9be80b04,44b6_9be80b04:155,union|44b6_9be80b04:155|127,0,-23.514399550280856
geometry_1_05_focus4,44b6_9be80b04,44b6_9be80b04:155,union|44b6_9be80b04:155|128,0,-27.27545993889938
geometry_1_05_focus4,44b6_9be80b04,44b6_9be80b04:155,union|44b6_9be80b04:155|129,0,-22.237710533034775
geometry_1_05_focus4,44b6_9be80b04,44b6_9be80b04:155,union|44b6_9be80b04:155|130,0,-22.053782551741076
geometry_1_05_focus4,44b6_9be80b04,44b6_9be80b04:155,union|44b6_9be80b04:155|131,0,-23.416956893182856
geometry_1_05_focus4,44b6_9be80b04,44b6_9be80b04:155,union|44b6_9be80b04:155|132,0,-24.88802065790049
geometry_1_05_focus4,44b6_9be80b04,44b6_9be80b04:155,union|44b6_9be80b04:155|133,0,-25.259859004677068
geometry_1_05_focus4,44b6_9be80b04,44b6_9be80b04:155,union|44b6_9be80b04:155|134,0,-25.5237218507158
geometry_1_05_focus4,44b6_9be80b04,44b6_9be80b04:155,union|44b6_9be80b04:155|135,0,-23.896604996727902
geometry_1_05_focus4,44b6_9be80b04,44b6_9be80b04:155,union|44b6_9be80b04:155|136,0,-24.230355968783808
geometry_1_05_focus4,44b6_9be80b04,44b6_9be80b04:155,union|44b6_9be80b04:155|137,0,-20.957302071053952
geometry_1_05_focus4,44b6_9be80b04,44b6_9be80b04:155,union|44b6_9be80b04:155|138,0,-23.177566979779208
geometry_1_05_focus4,44b6_9be80b04,44b6_9be80b04:155,union|44b6_9be80b04:155|139,0,-29.226371607247998
geometry_1_05_focus4,44b6_9be80b04,44b6_9be80b04:155,union|44b6_9be80b04:155|140,0,-24.439923962422448
geometry_1_05_focus4,44b6_9be80b04,44b6_9be80b04:155,union|44b6_9be80b04:155|141,0,-27.157119580377838
geometry_1_05_focus4,44b6_9be80b04,44b6_9be80b04:155,union|44b6_9be80b04:155|142,0,-24.175379515528192
geometry_1_05_focus4,44b6_9be80b04,44b6_9be80b04:155,union|44b6_9be80b04:155|143,0,-26.65116745932609
geometry_1_05_focus4,44b6_9be80b04,44b6_9be80b04:155,union|44b6_9be80b04:155|144,0,-23.094396061433972
geometry_1_05_focus4,44b6_9be80b04,44b6_9be80b04:155,union|44b6_9be80b04:155|145,0,-28.71511238195688
geometry_1_05_focus4,44b6_9be80b04,44b6_9be80b04:155,union|44b6_9be80b04:155|146,0,-24.68196859230159
geometry_1_05_focus4,44b6_9be80b04,44b6_9be80b04:155,union|44b6_9be80b04:155|147,0,-23.518375819197523
geometry_1_05_focus4,44b6_9be80b04,44b6_9be80b04:155,union|44b6_9be80b04:155|148,0,-31.750752676883543
geometry_1_05_focus4,44b6_9be80b04,44b6_9be80b04:155,union|44b6_9be80b04:155|149,0,-26.14058288913296
geometry_1_05_focus4,44b6_9be80b04,44b6_9be80b04:155,union|44b6_9be80b04:155|150,0,-21.719429338357727
geometry_1_05_focus4,44b6_9be80b04,44b6_9be80b04:155,union|44b6_9be80b04:155|151,0,-28.823891373284077
geometry_1_05_focus4,44b6_9be80b04,44b6_9be80b04:155,union|44b6_9be80b04:155|152,0,-30.87369007434661
geometry_1_05_focus4,44b6_9be80b04,44b6_9be80b04:155,union|44b6_9be80b04:155|153,0,-28.54983529357387
geometry_1_05_focus4,44b6_9be80b04,44b6_9be80b04:155,union|44b6_9be80b04:155|154,0,-32.99824780375875
geometry_1_05_focus4,44b6_9be80b04,44b6_9be80b04:155,union|44b6_9be80b04:155|155,0,-28.655696992591064
geometry_1_05_focus4,44b6_9be80b04,44b6_9be80b04:155,union|44b6_9be80b04:155|156,0,-24.022159921230184
geometry_1_05_focus4,44b6_9be80b04,44b6_9be80b04:155,union|44b6_9be80b04:155|157,0,-28.286719016439008
geometry_1_05_focus4,44b6_9be80b04,44b6_9be80b04:155,union|44b6_9be80b04:155|158,0,-29.098084999230313
geometry_1_05_focus4,44b6_9be80b04,44b6_9be80b04:155,union|44b6_9be80b04:155|159,0,-29.6719364815352
geometry_1_05_focus4,44b6_9be80b04,44b6_9be80b04:155,union|44b6_9be80b04:155|160,0,-27.279363818205645
geometry_1_05_focus4,44b6_9be80b04,44b6_9be80b04:155,union|44b6_9be80b04:155|161,0,-33.298193349824345
geometry_1_05_focus4,44b6_9be80b04,44b6_9be80b04:155,union|44b6_9be80b04:155|162,0,-31.431542056855946
geometry_1_05_focus4,44b6_9be80b04,44b6_9be80b04:155,union|44b6_9be80b04:155|163,0,-33.1412093496659
geometry_1_05_focus4,44b6_9be80b04,44b6_9be80b04:155,union|44b6_9be80b04:155|164,0,-31.59162537658346
geometry_1_05_focus4,44b6_9be80b04,44b6_9be80b04:155,union|44b6_9be80b04:155|165,0,-32.07292097645103
geometry_1_05_focus4,44b6_9be80b04,44b6_9be80b04:155,union|44b6_9be80b04:155|166,0,-26.489164900747785
geometry_1_05_focus4,44b6_9be80b04,44b6_9be80b04:155,union|44b6_9be80b04:155|167,0,-32.681517293655055
geometry_1_05_focus4,44b6_9be80b04,44b6_9be80b04:155,union|44b6_9be80b04:155|168,0,-30.358620764567217
geometry_1_05_focus4,44b6_aaf8b0ea,44b6_aaf8b0ea:93,union|44b6_aaf8b0ea:93|0,1,-13.98907605333366
geometry_1_05_focus4,44b6_aaf8b0ea,44b6_aaf8b0ea:93,union|44b6_aaf8b0ea:93|1,0,-20.004155723348312
geometry_1_05_focus4,44b6_aaf8b0ea,44b6_aaf8b0ea:93,union|44b6_aaf8b0ea:93|2,0,-16.92883503254737
geometry_1_05_focus4,44b6_aaf8b0ea,44b6_aaf8b0ea:93,union|44b6_aaf8b0ea:93|3,0,-19.168197107759674
geometry_1_05_focus4,44b6_aaf8b0ea,44b6_aaf8b0ea:93,union|44b6_aaf8b0ea:93|4,0,-16.041679044162663
geometry_1_05_focus4,44b6_c50204e0,44b6_c50204e0:43,union|44b6_c50204e0:43|0,0,-18.792722547957478
geometry_1_05_focus4,44b6_c50204e0,44b6_c50204e0:43,union|44b6_c50204e0:43|1,0,-19.04425974310094
geometry_1_05_focus4,44b6_c50204e0,44b6_c50204e0:43,union|44b6_c50204e0:43|2,0,-23.025099379097917
geometry_1_05_focus4,44b6_c50204e0,44b6_c50204e0:43,union|44b6_c50204e0:43|3,0,-22.11141830785704
geometry_1_05_focus4,44b6_c50204e0,44b6_c50204e0:43,union|44b6_c50204e0:43|4,0,-25.672785974386702
geometry_1_05_focus4,44b6_c50204e0,44b6_c50204e0:43,union|44b6_c50204e0:43|5,0,-25.14769419313757
geometry_1_05_focus4,44b6_c50204e0,44b6_c50204e0:43,union|44b6_c50204e0:43|6,0,-21.971149022573076
geometry_1_05_focus4,44b6_c50204e0,44b6_c50204e0:43,union|44b6_c50204e0:43|7,0,-23.73265255469451
geometry_1_05_focus4,44b6_c50204e0,44b6_c50204e0:43,union|44b6_c50204e0:43|8,0,-23.147283685261662
geometry_1_05_focus4,44b6_c50204e0,44b6_c50204e0:43,union|44b6_c50204e0:43|9,0,-23.187607505520127
geometry_1_05_focus4,44b6_c50204e0,44b6_c50204e0:43,union|44b6_c50204e0:43|10,0,-26.204396316383598
geometry_1_05_focus4,44b6_c50204e0,44b6_c50204e0:43,union|44b6_c50204e0:43|11,0,-26.032958777545417
geometry_1_05_focus4,44b6_c50204e0,44b6_c50204e0:43,union|44b6_c50204e0:43|12,0,-18.722792760429734
geometry_1_05_focus4,44b6_c50204e0,44b6_c50204e0:43,union|44b6_c50204e0:43|13,0,-20.15310606500478
geometry_1_05_focus4,44b6_c50204e0,44b6_c50204e0:43,union|44b6_c50204e0:43|14,0,-19.794361840286488
geometry_1_05_focus4,44b6_c50204e0,44b6_c50204e0:43,union|44b6_c50204e0:43|15,0,-23.067459536603067
geometry_1_05_focus4,44b6_c50204e0,44b6_c50204e0:43,union|44b6_c50204e0:43|16,0,-21.889200015260553
geometry_1_05_focus4,44b6_c50204e0,44b6_c50204e0:43,union|44b6_c50204e0:43|17,0,-16.624815195080625
geometry_1_05_focus4,44b6_c50204e0,44b6_c50204e0:43,union|44b6_c50204e0:43|18,0,-22.382130055180518
geometry_1_05_focus4,44b6_c50204e0,44b6_c50204e0:43,union|44b6_c50204e0:43|19,0,-21.761485854442522
geometry_1_05_focus4,44b6_c50204e0,44b6_c50204e0:43,union|44b6_c50204e0:43|20,0,-18.284272438477554
geometry_1_05_focus4,44b6_c50204e0,44b6_c50204e0:43,union|44b6_c50204e0:43|21,0,-19.928547344589727
geometry_1_05_focus4,44b6_c50204e0,44b6_c50204e0:43,union|44b6_c50204e0:43|22,0,-23.233672955976846
geometry_1_05_focus4,44b6_c50204e0,44b6_c50204e0:43,union|44b6_c50204e0:43|23,0,-21.887229323803545
geometry_1_05_focus4,44b6_c50204e0,44b6_c50204e0:43,union|44b6_c50204e0:43|24,0,-27.51132143031562
geometry_1_05_focus4,44b6_c50204e0,44b6_c50204e0:43,union|44b6_c50204e0:43|25,0,-23.347116658273332
geometry_1_05_focus4,44b6_c50204e0,44b6_c50204e0:43,union|44b6_c50204e0:43|26,0,-21.82366882300981
geometry_1_05_focus4,44b6_c50204e0,44b6_c50204e0:43,union|44b6_c50204e0:43|27,0,-16.303339861809448
geometry_1_05_focus4,44b6_c50204e0,44b6_c50204e0:43,union|44b6_c50204e0:43|28,0,-21.464459818249466
geometry_1_05_focus4,44b6_c50204e0,44b6_c50204e0:43,union|44b6_c50204e0:43|29,0,-19.8254961768113
geometry_1_05_focus4,44b6_c50204e0,44b6_c50204e0:43,union|44b6_c50204e0:43|30,0,-23.531909031859296
geometry_1_05_focus4,44b6_c50204e0,44b6_c50204e0:43,union|44b6_c50204e0:43|31,0,-20.446293216603586
geometry_1_05_focus4,44b6_c50204e0,44b6_c50204e0:43,union|44b6_c50204e0:43|32,0,-19.196842912763874
geometry_1_05_focus4,44b6_c50204e0,44b6_c50204e0:43,union|44b6_c50204e0:43|33,0,-21.09788650701531
geometry_1_05_focus4,44b6_c50204e0,44b6_c50204e0:43,union|44b6_c50204e0:43|34,0,-22.50035045032675
geometry_1_05_focus4,44b6_c50204e0,44b6_c50204e0:43,union|44b6_c50204e0:43|35,0,-22.797316807974617
geometry_1_05_focus4,44b6_c50204e0,44b6_c50204e0:43,union|44b6_c50204e0:43|36,0,-25.5184674532578
geometry_1_05_focus4,44b6_c50204e0,44b6_c50204e0:43,union|44b6_c50204e0:43|37,0,-19.523328506652867
geometry_1_05_focus4,44b6_c50204e0,44b6_c50204e0:43,union|44b6_c50204e0:43|38,0,-19.10498285741742
geometry_1_05_focus4,44b6_c50204e0,44b6_c50204e0:43,union|44b6_c50204e0:43|39,0,-22.504091425224004
geometry_1_05_focus4,44b6_c50204e0,44b6_c50204e0:43,union|44b6_c50204e0:43|40,0,-23.373558975588956
geometry_1_05_focus4,44b6_c50204e0,44b6_c50204e0:43,union|44b6_c50204e0:43|41,0,-20.870775527086494
geometry_1_05_focus4,44b6_c50204e0,44b6_c50204e0:43,union|44b6_c50204e0:43|42,0,-21.620214475673087
geometry_1_05_focus4,44b6_c50204e0,44b6_c50204e0:43,union|44b6_c50204e0:43|43,0,-22.157185737988414
geometry_1_05_focus4,44b6_c50204e0,44b6_c50204e0:43,union|44b6_c50204e0:43|44,0,-23.686542459034
geometry_1_05_focus4,44b6_c50204e0,44b6_c50204e0:43,union|44b6_c50204e0:43|45,0,-21.06230209096926
geometry_1_05_focus4,44b6_c50204e0,44b6_c50204e0:43,union|44b6_c50204e0:43|46,0,-23.418300557280183
geometry_1_05_focus4,44b6_c50204e0,44b6_c50204e0:43,union|44b6_c50204e0:43|47,0,-24.20463482726432
geometry_1_05_focus4,44b6_c50204e0,44b6_c50204e0:43,union|44b6_c50204e0:43|48,0,-22.23843675365785
geometry_1_05_focus4,44b6_c50204e0,44b6_c50204e0:43,union|44b6_c50204e0:43|49,0,-23.798299172600046
geometry_1_05_focus4,44b6_c50204e0,44b6_c50204e0:43,union|44b6_c50204e0:43|50,0,-18.68024266040633
geometry_1_05_focus4,44b6_c50204e0,44b6_c50204e0:43,union|44b6_c50204e0:43|51,0,-17.41940003787933
geometry_1_05_focus4,44b6_c50204e0,44b6_c50204e0:43,union|44b6_c50204e0:43|52,0,-25.02068213523718
geometry_1_05_focus4,44b6_c50204e0,44b6_c50204e0:43,union|44b6_c50204e0:43|53,0,-17.894652523126123
geometry_1_05_focus4,44b6_c50204e0,44b6_c50204e0:43,union|44b6_c50204e0:43|54,0,-17.146831319580684
geometry_1_05_focus4,44b6_c50204e0,44b6_c50204e0:43,union|44b6_c50204e0:43|55,0,-15.704672754824587
geometry_1_05_focus4,44b6_c50204e0,44b6_c50204e0:43,union|44b6_c50204e0:43|56,0,-21.154584262835645
geometry_1_05_focus4,44b6_c50204e0,44b6_c50204e0:43,union|44b6_c50204e0:43|57,0,-22.405492872792983
geometry_1_05_focus4,44b6_c50204e0,44b6_c50204e0:43,union|44b6_c50204e0:43|58,0,-22.65390463871971
geometry_1_05_focus4,44b6_c50204e0,44b6_c50204e0:43,union|44b6_c50204e0:43|59,0,-25.36634749708323
geometry_1_05_focus4,44b6_c50204e0,44b6_c50204e0:43,union|44b6_c50204e0:43|60,0,-20.492607951164874
geometry_1_05_focus4,44b6_c50204e0,44b6_c50204e0:43,union|44b6_c50204e0:43|61,0,-22.504091425224004
geometry_1_05_focus4,44b6_c50204e0,44b6_c50204e0:43,union|44b6_c50204e0:43|62,0,-19.735380368625734
geometry_1_05_focus4,44b6_c50204e0,44b6_c50204e0:43,union|44b6_c50204e0:43|63,0,-23.632439304904604
geometry_1_05_focus4,44b6_c50204e0,44b6_c50204e0:43,union|44b6_c50204e0:43|64,0,-22.884618101359166
geometry_1_05_focus4,44b6_c50204e0,44b6_c50204e0:43,union|44b6_c50204e0:43|65,0,-23.960807299022257
geometry_1_05_focus4,44b6_c50204e0,44b6_c50204e0:43,union|44b6_c50204e0:43|66,0,-22.152590934237665
geometry_1_05_focus4,44b6_c50204e0,44b6_c50204e0:43,union|44b6_c50204e0:43|67,0,-22.649250653171908
geometry_1_05_focus4,44b6_c50204e0,44b6_c50204e0:43,union|44b6_c50204e0:43|68,0,-20.56177436037151
geometry_1_05_focus4,44b6_c50204e0,44b6_c50204e0:43,union|44b6_c50204e0:43|69,0,-17.7451699526144
geometry_1_05_focus4,44b6_c50204e0,44b6_c50204e0:43,union|44b6_c50204e0:43|70,0,-25.672785974386702
geometry_1_05_focus4,44b6_c50204e0,44b6_c50204e0:43,union|44b6_c50204e0:43|71,0,-21.725590784637067
geometry_1_05_focus4,44b6_c50204e0,44b6_c50204e0:43,union|44b6_c50204e0:43|72,0,-25.12516664477309
geometry_1_05_focus4,44b6_c50204e0,44b6_c50204e0:43,union|44b6_c50204e0:43|73,0,-24.15952488824381
geometry_1_05_focus4,44b6_c50204e0,44b6_c50204e0:43,union|44b6_c50204e0:43|74,0,-24.692459536603067
geometry_1_05_focus4,44b6_c50204e0,44b6_c50204e0:43,union|44b6_c50204e0:43|75,0,-21.725590784637067
geometry_1_05_focus4,44b6_c50204e0,44b6_c50204e0:43,union|44b6_c50204e0:43|76,0,-24.43008561637851
geometry_1_05_focus4,44b6_c50204e0,44b6_c50204e0:43,union|44b6_c50204e0:43|77,0,-28.88292032968371
geometry_1_05_focus4,44b6_c50204e0,44b6_c50204e0:43,union|44b6_c50204e0:43|78,0,-24.73558682310904
geometry_1_05_focus4,44b6_c50204e0,44b6_c50204e0:43,union|44b6_c50204e0:43|79,0,-22.506025043483355
geometry_1_05_focus4,44b6_c50204e0,44b6_c50204e0:43,union|44b6_c50204e0:43|80,0,-21.880803760084554
geometry_1_05_focus4,44b6_c50204e0,44b6_c50204e0:43,union|44b6_c50204e0:43|81,0,-22.545762158076947
geometry_1_05_focus4,44b6_c50204e0,44b6_c50204e0:43,union|44b6_c50204e0:43|82,0,-27.47943291239953
geometry_1_05_focus4,44b6_c50204e0,44b6_c50204e0:43,union|44b6_c50204e0:43|83,0,-20.272168498094707
geometry_1_05_focus4,44b6_c50204e0,44b6_c50204e0:43,union|44b6_c50204e0:43|84,0,-19.854637334174985
geometry_1_05_focus4,44b6_c50204e0,44b6_c50204e0:43,union|44b6_c50204e0:43|85,0,-9.263490736021819
geometry_1_05_focus4,44b6_c50204e0,44b6_c50204e0:43,union|44b6_c50204e0:43|86,1,-12.184333918865047
geometry_1_05_focus4,44b6_c50204e0,44b6_c50204e0:43,union|44b6_c50204e0:43|87,0,-19.888482254111047
geometry_1_05_focus4,44b6_c50204e0,44b6_c50204e0:43,union|44b6_c50204e0:43|88,0,-15.548755527182934
geometry_1_05_focus4,44b6_c50204e0,44b6_c50204e0:43,union|44b6_c50204e0:43|89,0,-22.358106636391344
geometry_1_05_focus4,44b6_c50204e0,44b6_c50204e0:43,union|44b6_c50204e0:43|90,0,-22.144302501104992
geometry_1_05_focus4,44b6_c50204e0,44b6_c50204e0:43,union|44b6_c50204e0:43|91,0,-27.547125814059733
geometry_1_05_focus4,44b6_c50204e0,44b6_c50204e0:43,union|44b6_c50204e0:43|92,0,-22.25813038939969
geometry_1_05_focus4,44b6_c50204e0,44b6_c50204e0:43,union|44b6_c50204e0:43|93,0,-21.040261303214514
geometry_1_05_focus4,44b6_c50204e0,44b6_c50204e0:43,union|44b6_c50204e0:43|94,0,-24.297856117105965
geometry_1_05_focus4,44b6_c50204e0,44b6_c50204e0:43,union|44b6_c50204e0:43|95,0,-23.70662352802742
geometry_1_05_focus4,44b6_c50204e0,44b6_c50204e0:43,union|44b6_c50204e0:43|96,0,-22.734739724976507
geometry_1_05_focus4,44b6_c50204e0,44b6_c50204e0:43,union|44b6_c50204e0:43|97,0,-25.23357844686644
geometry_1_05_focus4,44b6_c50204e0,44b6_c50204e0:43,union|44b6_c50204e0:43|98,0,-19.559056948114986
geometry_1_05_focus4,44b6_c50204e0,44b6_c50204e0:43,union|44b6_c50204e0:43|99,0,-21.963921171749355
geometry_1_05_focus4,44b6_c50204e0,44b6_c50204e0:43,union|44b6_c50204e0:43|100,0,-29.064827808894584
geometry_1_05_focus4,44b6_c50204e0,44b6_c50204e0:43,union|44b6_c50204e0:43|101,0,-19.08654452905518
geometry_1_05_focus4,44b6_c50204e0,44b6_c50204e0:43,union|44b6_c50204e0:43|102,0,-18.89259246355328
geometry_1_05_focus4,44b6_c50204e0,44b6_c50204e0:43,union|44b6_c50204e0:43|103,0,-18.070279934368735
geometry_1_05_focus4,44b6_c50204e0,44b6_c50204e0:43,union|44b6_c50204e0:43|104,0,-26.801181848316645
geometry_1_05_focus4,44b6_c50204e0,44b6_c50204e0:43,union|44b6_c50204e0:43|105,0,-19.7159794957053
geometry_1_05_focus4,44b6_c50204e0,44b6_c50204e0:43,union|44b6_c50204e0:43|106,0,-10.041605391626797
geometry_1_05_focus4,44b6_c50204e0,44b6_c50204e0:43,union|44b6_c50204e0:43|107,0,-18.634763535308984
geometry_1_05_focus4,44b6_c50204e0,44b6_c50204e0:43,union|44b6_c50204e0:43|108,0,-15.096720673267725
geometry_1_05_focus4,44b6_c50204e0,44b6_c50204e0:43,union|44b6_c50204e0:43|109,0,-23.79625341248986
geometry_1_05_focus4,44b6_c50204e0,44b6_c50204e0:43,union|44b6_c50204e0:43|110,0,-25.23357844686644
geometry_1_05_focus4,44b6_c50204e0,44b6_c50204e0:43,union|44b6_c50204e0:43|111,0,-22.016884797087567
geometry_1_05_focus4,44b6_c50204e0,44b6_c50204e0:43,union|44b6_c50204e0:43|112,0,-21.686830355604695
geometry_1_05_focus4,44b6_c50204e0,44b6_c50204e0:43,union|44b6_c50204e0:43|113,0,-27.310190086439512
geometry_1_05_focus4,44b6_c50204e0,44b6_c50204e0:43,union|44b6_c50204e0:43|114,0,-22.046536063799195
geometry_1_05_focus4,44b6_c50204e0,44b6_c50204e0:43,union|44b6_c50204e0:43|115,0,-20.004559726652897
geometry_1_05_focus4,44b6_c50204e0,44b6_c50204e0:43,union|44b6_c50204e0:43|116,0,-15.148524209228167
geometry_1_05_focus4,44b6_c50204e0,44b6_c50204e0:43,union|44b6_c50204e0:43|117,0,-20.920781602014763
geometry_1_05_focus4,44b6_c50204e0,44b6_c50204e0:43,union|44b6_c50204e0:43|118,0,-25.19989918858959
geometry_1_05_focus4,44b6_c50204e0,44b6_c50204e0:43,union|44b6_c50204e0:43|119,0,-24.500129751913747
geometry_1_05_focus4,44b6_c50204e0,44b6_c50204e0:43,union|44b6_c50204e0:43|120,0,-22.767309792887744
geometry_1_05_focus4,44b6_c50204e0,44b6_c50204e0:43,union|44b6_c50204e0:43|121,0,-24.466332940434377
geometry_1_05_focus4,44b6_c50204e0,44b6_c50204e0:43,union|44b6_c50204e0:43|122,0,-22.23354310442622
geometry_1_05_focus4,44b6_c50204e0,44b6_c50204e0:43,union|44b6_c50204e0:43|123,0,-24.21036920956886
geometry_1_05_focus4,44b6_c50204e0,44b6_c50204e0:43,union|44b6_c50204e0:43|124,0,-24.05309706616775
geometry_1_05_focus4,44b6_c50204e0,44b6_c50204e0:43,union|44b6_c50204e0:43|125,0,-23.140423775979166
geometry_1_05_focus4,44b6_c50204e0,44b6_c50204e0:43,union|44b6_c50204e0:43|126,0,-21.015234964692834
geometry_1_05_focus4,44b6_c50204e0,44b6_c50204e0:43,union|44b6_c50204e0:43|127,0,-18.957708984947647
geometry_1_05_focus4,44b6_c50204e0,44b6_c50204e0:43,union|44b6_c50204e0:43|128,0,-21.657034513464094
geometry_1_05_focus4,44b6_c50204e0,44b6_c50204e0:43,union|44b6_c50204e0:43|129,0,-17.32880187975862
geometry_1_05_focus4,44b6_c50204e0,44b6_c50204e0:43,union|44b6_c50204e0:43|130,0,-23.702010302909123
geometry_1_05_focus4,44b6_c50204e0,44b6_c50204e0:43,union|44b6_c50204e0:43|131,0,-23.92983063900093
geometry_1_05_focus4,44b6_c50204e0,44b6_c50204e0:43,union|44b6_c50204e0:43|132,0,-24.98582585961126
geometry_1_05_focus4,44b6_c50204e0,44b6_c50204e0:43,union|44b6_c50204e0:43|133,0,-23.541103593320848
geometry_1_05_focus4,44b6_c50204e0,44b6_c50204e0:43,union|44b6_c50204e0:43|134,0,-19.559056948114986
geometry_1_05_focus4,44b6_c50204e0,44b6_c50204e0:43,union|44b6_c50204e0:43|135,0,-19.559056948114986
geometry_1_05_focus4,44b6_c50204e0,44b6_c50204e0:43,union|44b6_c50204e0:43|136,0,-30.280965161617313
geometry_1_05_focus4,44b6_c50204e0,44b6_c50204e0:184,union|44b6_c50204e0:184|0,0,-18.87182473121878
geometry_1_05_focus4,44b6_c50204e0,44b6_c50204e0:184,union|44b6_c50204e0:184|1,0,-21.132629937783047
geometry_1_05_focus4,44b6_c50204e0,44b6_c50204e0:184,union|44b6_c50204e0:184|2,0,-22.506025043483355
geometry_1_05_focus4,44b6_c50204e0,44b6_c50204e0:184,union|44b6_c50204e0:184|3,0,-19.47317269438612
geometry_1_05_focus4,44b6_c50204e0,44b6_c50204e0:184,union|44b6_c50204e0:184|4,0,-23.967212812438884
geometry_1_05_focus4,44b6_c50204e0,44b6_c50204e0:184,union|44b6_c50204e0:184|5,0,-20.780635034747718
geometry_1_05_focus4,44b6_c50204e0,44b6_c50204e0:184,union|44b6_c50204e0:184|6,0,-20.595821157048366
geometry_1_05_focus4,44b6_c50204e0,44b6_c50204e0:184,union|44b6_c50204e0:184|7,0,-24.943848987128856
geometry_1_05_focus4,44b6_c50204e0,44b6_c50204e0:184,union|44b6_c50204e0:184|8,0,-21.72785073722658
geometry_1_05_focus4,44b6_c50204e0,44b6_c50204e0:184,union|44b6_c50204e0:184|9,0,-21.518034988106407
geometry_1_05_focus4,44b6_c50204e0,44b6_c50204e0:184,union|44b6_c50204e0:184|10,0,-23.373558975588956
geometry_1_05_focus4,44b6_c50204e0,44b6_c50204e0:184,union|44b6_c50204e0:184|11,0,-22.77690484389522
geometry_1_05_focus4,44b6_c50204e0,44b6_c50204e0:184,union|44b6_c50204e0:184|12,0,-24.30457516605663
geometry_1_05_focus4,44b6_c50204e0,44b6_c50204e0:184,union|44b6_c50204e0:184|13,0,-18.703240518617676
geometry_1_05_focus4,44b6_c50204e0,44b6_c50204e0:184,union|44b6_c50204e0:184|14,0,-23.395277552522693
geometry_1_05_focus4,44b6_c50204e0,44b6_c50204e0:184,union|44b6_c50204e0:184|15,0,-20.757130055180518
geometry_1_05_focus4,44b6_c50204e0,44b6_c50204e0:184,union|44b6_c50204e0:184|16,0,-22.94710982348205
geometry_1_05_focus4,44b6_c50204e0,44b6_c50204e0:184,union|44b6_c50204e0:184|17,0,-18.516775613464937
geometry_1_05_focus4,44b6_c50204e0,44b6_c50204e0:184,union|44b6_c50204e0:184|18,0,-18.792972807332138
geometry_1_05_focus4,44b6_c50204e0,44b6_c50204e0:184,union|44b6_c50204e0:184|19,0,-22.10608646092908
geometry_1_05_focus4,44b6_c50204e0,44b6_c50204e0:184,union|44b6_c50204e0:184|20,0,-22.01163309825101
geometry_1_05_focus4,44b6_c50204e0,44b6_c50204e0:184,union|44b6_c50204e0:184|21,0,-20.520045750336255
geometry_1_05_focus4,44b6_c50204e0,44b6_c50204e0:184,union|44b6_c50204e0:184|22,0,-24.98745649296415
geometry_1_05_focus4,44b6_c50204e0,44b6_c50204e0:184,union|44b6_c50204e0:184|23,0,-24.08069096663817
geometry_1_05_focus4,44b6_c50204e0,44b6_c50204e0:184,union|44b6_c50204e0:184|24,0,-24.297856117105965
geometry_1_05_focus4,44b6_c50204e0,44b6_c50204e0:184,union|44b6_c50204e0:184|25,0,-28.979471431128925
geometry_1_05_focus4,44b6_c50204e0,44b6_c50204e0:184,union|44b6_c50204e0:184|26,0,-20.727910447565204
geometry_1_05_focus4,44b6_c50204e0,44b6_c50204e0:184,union|44b6_c50204e0:184|27,0,-23.10774903848982
geometry_1_05_focus4,44b6_c50204e0,44b6_c50204e0:184,union|44b6_c50204e0:184|28,0,-18.987364936356563
geometry_1_05_focus4,44b6_c50204e0,44b6_c50204e0:184,union|44b6_c50204e0:184|29,0,-19.724021156084966
geometry_1_05_focus4,44b6_c50204e0,44b6_c50204e0:184,union|44b6_c50204e0:184|30,0,-18.04127855894427
geometry_1_05_focus4,44b6_c50204e0,44b6_c50204e0:184,union|44b6_c50204e0:184|31,0,-18.785593382712705
geometry_1_05_focus4,44b6_c50204e0,44b6_c50204e0:184,union|44b6_c50204e0:184|32,0,-23.582981488956825
geometry_1_05_focus4,44b6_c50204e0,44b6_c50204e0:184,union|44b6_c50204e0:184|33,0,-19.89386784398469
geometry_1_05_focus4,44b6_c50204e0,44b6_c50204e0:184,union|44b6_c50204e0:184|34,0,-22.46152759743409
geometry_1_05_focus4,44b6_c50204e0,44b6_c50204e0:184,union|44b6_c50204e0:184|35,0,-24.96081744445332
geometry_1_05_focus4,44b6_c50204e0,44b6_c50204e0:184,union|44b6_c50204e0:184|36,0,-23.9599143006243
geometry_1_05_focus4,44b6_c50204e0,44b6_c50204e0:184,union|44b6_c50204e0:184|37,0,-16.205624975877626
geometry_1_05_focus4,44b6_c50204e0,44b6_c50204e0:184,union|44b6_c50204e0:184|38,0,-22.374496519842367
geometry_1_05_focus4,44b6_c50204e0,44b6_c50204e0:184,union|44b6_c50204e0:184|39,0,-18.81956784955298
geometry_1_05_focus4,44b6_c50204e0,44b6_c50204e0:184,union|44b6_c50204e0:184|40,0,-21.07546193673268
geometry_1_05_focus4,44b6_c50204e0,44b6_c50204e0:184,union|44b6_c50204e0:184|41,0,-22.07552466744979
geometry_1_05_focus4,44b6_c50204e0,44b6_c50204e0:184,union|44b6_c50204e0:184|42,0,-19.005984273972217
geometry_1_05_focus4,44b6_c50204e0,44b6_c50204e0:184,union|44b6_c50204e0:184|43,0,-19.707658338382377
geometry_1_05_focus4,44b6_c50204e0,44b6_c50204e0:184,union|44b6_c50204e0:184|44,0,-23.20956381968579
geometry_1_05_focus4,44b6_c50204e0,44b6_c50204e0:184,union|44b6_c50204e0:184|45,0,-17.80080981811484
geometry_1_05_focus4,44b6_c50204e0,44b6_c50204e0:184,union|44b6_c50204e0:184|46,0,-20.312927608570664
geometry_1_05_focus4,44b6_c50204e0,44b6_c50204e0:184,union|44b6_c50204e0:184|47,0,-20.618709804024316
geometry_1_05_focus4,44b6_c50204e0,44b6_c50204e0:184,union|44b6_c50204e0:184|48,0,-19.431814823768438
geometry_1_05_focus4,44b6_c50204e0,44b6_c50204e0:184,union|44b6_c50204e0:184|49,0,-20.3702425971407
geometry_1_05_focus4,44b6_c50204e0,44b6_c50204e0:184,union|44b6_c50204e0:184|50,0,-17.194350598886807
geometry_1_05_focus4,44b6_c50204e0,44b6_c50204e0:184,union|44b6_c50204e0:184|51,0,-20.13564311128928
geometry_1_05_focus4,44b6_c50204e0,44b6_c50204e0:184,union|44b6_c50204e0:184|52,0,-19.5
geometry_1_05_focus4,44b6_c50204e0,44b6_c50204e0:184,union|44b6_c50204e0:184|53,0,-19.890601817456385
geometry_1_05_focus4,44b6_c50204e0,44b6_c50204e0:184,union|44b6_c50204e0:184|54,0,-23.14657189138248
geometry_1_05_focus4,44b6_c50204e0,44b6_c50204e0:184,union|44b6_c50204e0:184|55,0,-22.161954990846137
geometry_1_05_focus4,44b6_c50204e0,44b6_c50204e0:184,union|44b6_c50204e0:184|56,0,-23.924487553085925
geometry_1_05_focus4,44b6_c50204e0,44b6_c50204e0:184,union|44b6_c50204e0:184|57,0,-24.16971385113247
geometry_1_05_focus4,44b6_c50204e0,44b6_c50204e0:184,union|44b6_c50204e0:184|58,0,-26.52016470515867
geometry_1_05_focus4,44b6_c50204e0,44b6_c50204e0:184,union|44b6_c50204e0:184|59,0,-21.470388875044634
geometry_1_05_focus4,44b6_c50204e0,44b6_c50204e0:184,union|44b6_c50204e0:184|60,0,-16.333614233103837
geometry_1_05_focus4,44b6_c50204e0,44b6_c50204e0:184,union|44b6_c50204e0:184|61,0,-24.118750573535454
geometry_1_05_focus4,44b6_c50204e0,44b6_c50204e0:184,union|44b6_c50204e0:184|62,0,-18.30370728389933
geometry_1_05_focus4,44b6_c50204e0,44b6_c50204e0:184,union|44b6_c50204e0:184|63,0,-16.87703149658693
geometry_1_05_focus4,44b6_c50204e0,44b6_c50204e0:184,union|44b6_c50204e0:184|64,0,-20.04127231237247
geometry_1_05_focus4,44b6_c50204e0,44b6_c50204e0:184,union|44b6_c50204e0:184|65,0,-16.333614233103837
geometry_1_05_focus4,44b6_c50204e0,44b6_c50204e0:184,union|44b6_c50204e0:184|66,0,-19.505559461377423
geometry_1_05_focus4,44b6_c50204e0,44b6_c50204e0:184,union|44b6_c50204e0:184|67,0,-18.190531835910097
geometry_1_05_focus4,44b6_c50204e0,44b6_c50204e0:184,union|44b6_c50204e0:184|68,0,-23.702010302909123
geometry_1_05_focus4,44b6_c50204e0,44b6_c50204e0:184,union|44b6_c50204e0:184|69,0,-22.20063027878625
geometry_1_05_focus4,44b6_c50204e0,44b6_c50204e0:184,union|44b6_c50204e0:184|70,0,-24.391720851006312
geometry_1_05_focus4,44b6_c50204e0,44b6_c50204e0:184,union|44b6_c50204e0:184|71,0,-15.724773206583684
geometry_1_05_focus4,44b6_c50204e0,44b6_c50204e0:184,union|44b6_c50204e0:184|72,0,-19.85030072960608
geometry_1_05_focus4,44b6_c50204e0,44b6_c50204e0:184,union|44b6_c50204e0:184|73,0,-18.740369961809275
geometry_1_05_focus4,44b6_c50204e0,44b6_c50204e0:184,union|44b6_c50204e0:184|74,0,-16.51860554742081
geometry_1_05_focus4,44b6_c50204e0,44b6_c50204e0:184,union|44b6_c50204e0:184|75,0,-23.029565351640738
geometry_1_05_focus4,44b6_c50204e0,44b6_c50204e0:184,union|44b6_c50204e0:184|76,0,-20.460372465065184
geometry_1_05_focus4,44b6_c50204e0,44b6_c50204e0:184,union|44b6_c50204e0:184|77,0,-20.960786737429917
geometry_1_05_focus4,44b6_c50204e0,44b6_c50204e0:184,union|44b6_c50204e0:184|78,0,-24.82147107683791
geometry_1_05_focus4,44b6_c50204e0,44b6_c50204e0:184,union|44b6_c50204e0:184|79,0,-23.13010206345166
geometry_1_05_focus4,44b6_c50204e0,44b6_c50204e0:184,union|44b6_c50204e0:184|80,0,-22.089729488236205
geometry_1_05_focus4,44b6_c50204e0,44b6_c50204e0:184,union|44b6_c50204e0:184|81,0,-23.925564579643783
geometry_1_05_focus4,44b6_c50204e0,44b6_c50204e0:184,union|44b6_c50204e0:184|82,0,-18.109755218397435
geometry_1_05_focus4,44b6_c50204e0,44b6_c50204e0:184,union|44b6_c50204e0:184|83,0,-20.043544059531126
geometry_1_05_focus4,44b6_c50204e0,44b6_c50204e0:184,union|44b6_c50204e0:184|84,0,-10.115210416011333
geometry_1_05_focus4,44b6_c50204e0,44b6_c50204e0:184,union|44b6_c50204e0:184|85,0,-22.990199489551937
geometry_1_05_focus4,44b6_c50204e0,44b6_c50204e0:184,union|44b6_c50204e0:184|86,0,-16.68235182732397
geometry_1_05_focus4,44b6_c50204e0,44b6_c50204e0:184,union|44b6_c50204e0:184|87,0,-13.984020822628983
geometry_1_05_focus4,44b6_c50204e0,44b6_c50204e0:184,union|44b6_c50204e0:184|88,0,-18.538531233943473
geometry_1_05_focus4,44b6_c50204e0,44b6_c50204e0:184,union|44b6_c50204e0:184|89,0,-20.50154610573905
geometry_1_05_focus4,44b6_c50204e0,44b6_c50204e0:184,union|44b6_c50204e0:184|90,0,-23.500376519812136
geometry_1_05_focus4,44b6_c50204e0,44b6_c50204e0:184,union|44b6_c50204e0:184|91,0,-23.479580645884926
geometry_1_05_focus4,44b6_c50204e0,44b6_c50204e0:184,union|44b6_c50204e0:184|92,0,-23.51355186896236
geometry_1_05_focus4,44b6_c50204e0,44b6_c50204e0:184,union|44b6_c50204e0:184|93,0,-21.822770145675214
geometry_1_05_focus4,44b6_c50204e0,44b6_c50204e0:184,union|44b6_c50204e0:184|94,0,-24.874933190724448
geometry_1_05_focus4,44b6_c50204e0,44b6_c50204e0:184,union|44b6_c50204e0:184|95,0,-20.3903858729922
geometry_1_05_focus4,44b6_c50204e0,44b6_c50204e0:184,union|44b6_c50204e0:184|96,0,-25.14769419313757
geometry_1_05_focus4,44b6_c50204e0,44b6_c50204e0:184,union|44b6_c50204e0:184|97,0,-24.73558682310904
geometry_1_05_focus4,44b6_c50204e0,44b6_c50204e0:184,union|44b6_c50204e0:184|98,0,-22.77690484389522
geometry_1_05_focus4,44b6_c50204e0,44b6_c50204e0:184,union|44b6_c50204e0:184|99,0,-18.070862621912173
geometry_1_05_focus4,44b6_c50204e0,44b6_c50204e0:184,union|44b6_c50204e0:184|100,0,-21.72785073722658
geometry_1_05_focus4,44b6_c50204e0,44b6_c50204e0:184,union|44b6_c50204e0:184|101,0,-21.676047201266137
geometry_1_05_focus4,44b6_c50204e0,44b6_c50204e0:184,union|44b6_c50204e0:184|102,0,-24.26771933959198
geometry_1_05_focus4,44b6_c50204e0,44b6_c50204e0:184,union|44b6_c50204e0:184|103,0,-23.495743281752702
geometry_1_05_focus4,44b6_c50204e0,44b6_c50204e0:184,union|44b6_c50204e0:184|104,0,-24.700426447762002
geometry_1_05_focus4,44b6_c50204e0,44b6_c50204e0:184,union|44b6_c50204e0:184|105,0,-19.07180008901914
geometry_1_05_focus4,44b6_c50204e0,44b6_c50204e0:184,union|44b6_c50204e0:184|106,0,-20.978648609286676
geometry_1_05_focus4,44b6_c50204e0,44b6_c50204e0:184,union|44b6_c50204e0:184|107,0,-21.266692783145864
geometry_1_05_focus4,44b6_c50204e0,44b6_c50204e0:184,union|44b6_c50204e0:184|108,0,-20.358348149188153
geometry_1_05_focus4,44b6_c50204e0,44b6_c50204e0:184,union|44b6_c50204e0:184|109,0,-23.773967026490258
geometry_1_05_focus4,44b6_c50204e0,44b6_c50204e0:184,union|44b6_c50204e0:184|110,0,-26.17862511185543
geometry_1_05_focus4,44b6_c50204e0,44b6_c50204e0:184,union|44b6_c50204e0:184|111,0,-19.211614009270743
geometry_1_05_focus4,44b6_c50204e0,44b6_c50204e0:184,union|44b6_c50204e0:184|112,0,-19.075245779729475
geometry_1_05_focus4,44b6_c50204e0,44b6_c50204e0:184,union|44b6_c50204e0:184|113,0,-19.081499188909422
geometry_1_05_focus4,44b6_c50204e0,44b6_c50204e0:184,union|44b6_c50204e0:184|114,0,-22.278760573916315
geometry_1_05_focus4,44b6_c50204e0,44b6_c50204e0:184,union|44b6_c50204e0:184|115,0,-23.37240036458305
geometry_1_05_focus4,44b6_c50204e0,44b6_c50204e0:184,union|44b6_c50204e0:184|116,0,-19.9431557638831
geometry_1_05_focus4,44b6_c50204e0,44b6_c50204e0:184,union|44b6_c50204e0:184|117,0,-22.23843675365785
geometry_1_05_focus4,44b6_c50204e0,44b6_c50204e0:184,union|44b6_c50204e0:184|118,0,-21.519598315800366
geometry_1_05_focus4,44b6_c50204e0,44b6_c50204e0:184,union|44b6_c50204e0:184|119,0,-24.11590164620175
geometry_1_05_focus4,44b6_c50204e0,44b6_c50204e0:184,union|44b6_c50204e0:184|120,0,-21.614389279472135
geometry_1_05_focus4,44b6_c50204e0,44b6_c50204e0:184,union|44b6_c50204e0:184|121,0,-15.150090929190995
geometry_1_05_focus4,44b6_c50204e0,44b6_c50204e0:184,union|44b6_c50204e0:184|122,1,-9.839761064056999
geometry_1_05_focus4,44b6_c50204e0,44b6_c50204e0:184,union|44b6_c50204e0:184|123,0,-16.786456405748563
geometry_1_05_focus4,44b6_c50204e0,44b6_c50204e0:184,union|44b6_c50204e0:184|124,0,-19.492682158240733
geometry_1_05_focus4,44b6_c50204e0,44b6_c50204e0:184,union|44b6_c50204e0:184|125,0,-23.251569836627624
geometry_1_05_focus4,44b6_c50204e0,44b6_c50204e0:184,union|44b6_c50204e0:184|126,0,-21.698745682678325
geometry_1_05_focus4,44b6_c50204e0,44b6_c50204e0:184,union|44b6_c50204e0:184|127,0,-21.597922395138063
geometry_1_05_focus4,44b6_c50204e0,44b6_c50204e0:184,union|44b6_c50204e0:184|128,0,-20.00124489592143
geometry_1_05_focus4,44b6_c50204e0,44b6_c50204e0:184,union|44b6_c50204e0:184|129,0,-21.278011833759017
geometry_1_05_focus4,44b6_c50204e0,44b6_c50204e0:184,union|44b6_c50204e0:184|130,0,-23.695418829143918
geometry_1_05_focus4,44b6_c50204e0,44b6_c50204e0:184,union|44b6_c50204e0:184|131,0,-18.514246742843813
geometry_1_05_focus4,44b6_c50204e0,44b6_c50204e0:184,union|44b6_c50204e0:184|132,0,-17.194350598886807
geometry_1_05_focus4,44b6_c50204e0,44b6_c50204e0:184,union|44b6_c50204e0:184|133,0,-24.327521172125543
geometry_1_05_focus4,44b6_c50204e0,44b6_c50204e0:184,union|44b6_c50204e0:184|134,0,-22.15981502759026
geometry_1_05_focus4,44b6_c50204e0,44b6_c50204e0:184,union|44b6_c50204e0:184|135,0,-21.9375
geometry_1_05_focus4,44b6_c50204e0,44b6_c50204e0:184,union|44b6_c50204e0:184|136,0,-19.81304094352178
geometry_1_05_focus4,44b6_c50204e0,44b6_c50204e0:184,union|44b6_c50204e0:184|137,0,-19.952918800995377
geometry_1_05_focus4,44b6_c50204e0,44b6_c50204e0:184,union|44b6_c50204e0:184|138,0,-22.502479768301534
geometry_1_05_focus4,44b6_c50204e0,44b6_c50204e0:184,union|44b6_c50204e0:184|139,0,-25.338315563908047
geometry_1_05_focus4,44b6_c50204e0,44b6_c50204e0:184,union|44b6_c50204e0:184|140,0,-22.4909013024975
geometry_1_05_focus4,44b6_c50204e0,44b6_c50204e0:184,union|44b6_c50204e0:184|141,0,-14.893075489146902
geometry_1_05_focus4,44b6_c50204e0,44b6_c50204e0:184,union|44b6_c50204e0:184|142,0,-15.087027554648797
geometry_1_05_focus4,44b6_c50204e0,44b6_c50204e0:184,union|44b6_c50204e0:184|143,0,-21.138388139999705
geometry_1_05_focus4,44b6_c50204e0,44b6_c50204e0:184,union|44b6_c50204e0:184|144,0,-20.070056383565873
geometry_1_05_focus4,44b6_c50204e0,44b6_c50204e0:184,union|44b6_c50204e0:184|145,0,-17.971171836975515
geometry_1_05_focus4,44b6_c50204e0,44b6_c50204e0:184,union|44b6_c50204e0:184|146,0,-20.290587533764867
geometry_1_05_focus4,44b6_c50204e0,44b6_c50204e0:184,union|44b6_c50204e0:184|147,0,-21.58379402921267
geometry_1_05_focus4,44b6_c50204e0,44b6_c50204e0:184,union|44b6_c50204e0:184|148,0,-19.38822748124123
geometry_1_05_focus4,44b6_c50204e0,44b6_c50204e0:184,union|44b6_c50204e0:184|149,0,-21.689327671539793
geometry_1_05_focus4,44b6_c50204e0,44b6_c50204e0:184,union|44b6_c50204e0:184|150,0,-20.308326846793804
geometry_1_05_focus4,44b6_c50204e0,44b6_c50204e0:184,union|44b6_c50204e0:184|151,0,-23.984261061515188
geometry_1_05_focus4,44b6_c50204e0,44b6_c50204e0:184,union|44b6_c50204e0:184|152,0,-21.847339884699522
geometry_1_05_focus4,44b6_c50204e0,44b6_c50204e0:184,union|44b6_c50204e0:184|153,0,-23.5037089869847
geometry_1_05_focus4,44b6_c50204e0,44b6_c50204e0:184,union|44b6_c50204e0:184|154,0,-29.454638797206876
geometry_1_05_focus4,44b6_c50204e0,44b6_c50204e0:184,union|44b6_c50204e0:184|155,0,-13.10002332081435
geometry_1_05_focus4,44b6_c50204e0,44b6_c50204e0:184,union|44b6_c50204e0:184|156,0,-16.297300018049835
geometry_1_05_focus4,44b6_c50204e0,44b6_c50204e0:184,union|44b6_c50204e0:184|157,0,-23.82066894496159
geometry_1_05_focus4,44b6_c50204e0,44b6_c50204e0:184,union|44b6_c50204e0:184|158,0,-22.512506362769912
geometry_1_05_focus4,44b6_c50204e0,44b6_c50204e0:184,union|44b6_c50204e0:184|159,0,-19.51081471621915
geometry_1_05_focus4,44b6_c50204e0,44b6_c50204e0:184,union|44b6_c50204e0:184|160,0,-20.099060969882096
geometry_1_05_focus4,44b6_c50204e0,44b6_c50204e0:184,union|44b6_c50204e0:184|161,0,-17.997801238183385
geometry_1_05_focus4,44b6_c50204e0,44b6_c50204e0:184,union|44b6_c50204e0:184|162,0,-23.038271136252405
geometry_1_05_focus4,44b6_c50204e0,44b6_c50204e0:184,union|44b6_c50204e0:184|163,0,-19.034242664075588
geometry_1_05_focus4,44b6_c50204e0,44b6_c50204e0:184,union|44b6_c50204e0:184|164,0,-17.235727791422097
geometry_1_05_focus4,44b6_c50204e0,44b6_c50204e0:184,union|44b6_c50204e0:184|165,0,-21.84091097185805
geometry_1_05_focus4,44b6_c50204e0,44b6_c50204e0:184,union|44b6_c50204e0:184|166,0,-17.042870989463147
geometry_1_05_focus4,44b6_c50204e0,44b6_c50204e0:184,union|44b6_c50204e0:184|167,0,-19.542129174435978
geometry_1_05_focus4,44b6_c50204e0,44b6_c50204e0:184,union|44b6_c50204e0:184|168,0,-16.938216150063333
geometry_1_05_focus4,44b6_c50204e0,44b6_c50204e0:184,union|44b6_c50204e0:184|169,0,-23.495743281752702
geometry_1_05_focus4,44b6_c50204e0,44b6_c50204e0:184,union|44b6_c50204e0:184|170,0,-19.246437850853603
geometry_1_05_focus4,44b6_c50204e0,44b6_c50204e0:184,union|44b6_c50204e0:184|171,0,-22.116150234949547
geometry_1_05_focus4,44b6_c50204e0,44b6_c50204e0:184,union|44b6_c50204e0:184|172,0,-22.570081257643377
geometry_1_05_focus4,44b6_c50204e0,44b6_c50204e0:184,union|44b6_c50204e0:184|173,0,-21.783947292782553
geometry_1_05_focus4,44b6_c50204e0,44b6_c50204e0:184,union|44b6_c50204e0:184|174,0,-16.242408353553614
geometry_1_05_focus4,44b6_c50204e0,44b6_c50204e0:184,union|44b6_c50204e0:184|175,0,-21.2453086246324
geometry_1_05_focus4,44b6_c50204e0,44b6_c50204e0:184,union|44b6_c50204e0:184|176,0,-23.292160550731268
geometry_1_05_focus4,44b6_c50204e0,44b6_c50204e0:184,union|44b6_c50204e0:184|177,0,-24.05309706616775
geometry_1_05_focus4,44b6_c50204e0,44b6_c50204e0:184,union|44b6_c50204e0:184|178,0,-23.459443229317827
geometry_1_05_focus4,44b6_c50204e0,44b6_c50204e0:184,union|44b6_c50204e0:184|179,0,-19.791549999117635
geometry_1_05_focus4,44b6_c50204e0,44b6_c50204e0:184,union|44b6_c50204e0:184|180,0,-27.533474912202905
geometry_1_05_focus4,44b6_c50204e0,44b6_c50204e0:184,union|44b6_c50204e0:184|181,0,-19.74669912197679
geometry_1_05_focus4,44b6_c50204e0,44b6_c50204e0:184,union|44b6_c50204e0:184|182,0,-18.438065029546646
geometry_1_05_focus4,44b6_c50204e0,44b6_c50204e0:184,union|44b6_c50204e0:184|183,0,-23.741954566109484
geometry_1_05_focus4,44b6_c50204e0,44b6_c50204e0:184,union|44b6_c50204e0:184|184,0,-24.594144668522475
geometry_1_05_focus4,44b6_c50204e0,44b6_c50204e0:184,union|44b6_c50204e0:184|185,0,-22.31837033703982
geometry_1_05_focus4,44b6_c50204e0,44b6_c50204e0:184,union|44b6_c50204e0:184|186,0,-19.283225431178728
geometry_1_05_focus4,44b6_c50204e0,44b6_c50204e0:184,union|44b6_c50204e0:184|187,0,-20.295772072807427
geometry_1_05_focus4,44b6_c50204e0,44b6_c50204e0:184,union|44b6_c50204e0:184|188,0,-25.11401493486072
geometry_1_05_focus4,44b6_c50204e0,44b6_c50204e0:184,union|44b6_c50204e0:184|189,0,-22.954989184152794
geometry_1_05_focus4,44b6_c50204e0,44b6_c50204e0:184,union|44b6_c50204e0:184|190,0,-19.647026115966888
geometry_1_05_focus4,44b6_c50204e0,44b6_c50204e0:184,union|44b6_c50204e0:184|191,0,-21.07546193673268
geometry_1_05_focus4,44b6_c50204e0,44b6_c50204e0:184,union|44b6_c50204e0:184|192,0,-19.267047550227943
geometry_1_05_focus4,44b6_c50204e0,44b6_c50204e0:184,union|44b6_c50204e0:184|193,0,-20.53275778250617
geometry_1_05_focus4,44b6_c50204e0,44b6_c50204e0:184,union|44b6_c50204e0:184|194,0,-23.103426409387165
geometry_1_05_focus4,44b6_c50204e0,44b6_c50204e0:184,union|44b6_c50204e0:184|195,0,-25.435053011212542
geometry_1_05_focus4,44b6_d2f34f90,44b6_d2f34f90:103,union|44b6_d2f34f90:103|0,0,-19.64921689341309
geometry_1_05_focus4,44b6_d2f34f90,44b6_d2f34f90:103,union|44b6_d2f34f90:103|1,0,-24.387127226618
geometry_1_05_focus4,44b6_d2f34f90,44b6_d2f34f90:103,union|44b6_d2f34f90:103|2,0,-23.992820654558592
geometry_1_05_focus4,44b6_d2f34f90,44b6_d2f34f90:103,union|44b6_d2f34f90:103|3,0,-23.656885822876383
geometry_1_05_focus4,44b6_d2f34f90,44b6_d2f34f90:103,union|44b6_d2f34f90:103|4,0,-21.971149022573076
geometry_1_05_focus4,44b6_d2f34f90,44b6_d2f34f90:103,union|44b6_d2f34f90:103|5,0,-24.62966268881925
geometry_1_05_focus4,44b6_d2f34f90,44b6_d2f34f90:103,union|44b6_d2f34f90:103|6,0,-22.381858653172063
geometry_1_05_focus4,44b6_d2f34f90,44b6_d2f34f90:103,union|44b6_d2f34f90:103|7,0,-26.6616944172868
geometry_1_05_focus4,44b6_d2f34f90,44b6_d2f34f90:103,union|44b6_d2f34f90:103|8,0,-26.97529745657556
geometry_1_05_focus4,44b6_d2f34f90,44b6_d2f34f90:103,union|44b6_d2f34f90:103|9,0,-26.512052794188254
geometry_1_05_focus4,44b6_d2f34f90,44b6_d2f34f90:103,union|44b6_d2f34f90:103|10,0,-15.212407912729983
geometry_1_05_focus4,44b6_d2f34f90,44b6_d2f34f90:103,union|44b6_d2f34f90:103|11,0,-18.479874473753533
geometry_1_05_focus4,44b6_d2f34f90,44b6_d2f34f90:103,union|44b6_d2f34f90:103|12,1,-10.455639659304438
geometry_1_05_focus4,44b6_d2f34f90,44b6_d2f34f90:103,union|44b6_d2f34f90:103|13,0,-13.98907605333366
geometry_1_05_focus4,44b6_d2f34f90,44b6_d2f34f90:103,union|44b6_d2f34f90:103|14,0,-13.706084261186028
geometry_1_05_focus4,44b6_d2f34f90,44b6_d2f34f90:103,union|44b6_d2f34f90:103|15,0,-20.18658029721676
geometry_1_05_focus4,44b6_d2f34f90,44b6_d2f34f90:103,union|44b6_d2f34f90:103|16,0,-23.875240959524973
geometry_1_05_focus4,44b6_d2f34f90,44b6_d2f34f90:103,union|44b6_d2f34f90:103|17,0,-24.843108073030873
geometry_1_05_focus4,44b6_d2f34f90,44b6_d2f34f90:103,union|44b6_d2f34f90:103|18,0,-26.15444336678662
geometry_1_05_focus4,44b6_d2f34f90,44b6_d2f34f90:103,union|44b6_d2f34f90:103|19,0,-28.64218741221389
geometry_1_05_focus4,44b6_d2f34f90,44b6_d2f34f90:103,union|44b6_d2f34f90:103|20,0,-26.264628772093477
geometry_1_05_focus4,44b6_d2f34f90,44b6_d2f34f90:103,union|44b6_d2f34f90:103|21,0,-15.629731708875306
geometry_1_05_focus4,44b6_d2f34f90,44b6_d2f34f90:103,union|44b6_d2f34f90:103|22,0,-15.395132223023888
geometry_1_05_focus4,44b6_d2f34f90,44b6_d2f34f90:103,union|44b6_d2f34f90:103|23,0,-15.087027554648797
geometry_1_05_focus4,44b6_d2f34f90,44b6_d2f34f90:103,union|44b6_d2f34f90:103|24,0,-24.527303952236306
geometry_1_05_focus4,44b6_d2f34f90,44b6_d2f34f90:103,union|44b6_d2f34f90:103|25,0,-26.59071518793462
geometry_1_05_focus4,44b6_d2f34f90,44b6_d2f34f90:103,union|44b6_d2f34f90:103|26,0,-16.693023637195587
geometry_1_05_focus4,44b6_d2f34f90,44b6_d2f34f90:103,union|44b6_d2f34f90:103|27,0,-20.27901642822487
geometry_1_05_focus4,44b6_d2f34f90,44b6_d2f34f90:103,union|44b6_d2f34f90:103|28,0,-19.533824830278377
geometry_1_05_focus4,44b6_d2f34f90,44b6_d2f34f90:103,union|44b6_d2f34f90:103|29,0,-21.040261303214514
geometry_1_05_focus4,44b6_d2f34f90,44b6_d2f34f90:103,union|44b6_d2f34f90:103|30,0,-23.929230890021437
geometry_1_05_focus4,44b6_d2f34f90,44b6_d2f34f90:103,union|44b6_d2f34f90:103|31,0,-25.03138326500004
geometry_1_05_focus4,44b6_d2f34f90,44b6_d2f34f90:103,union|44b6_d2f34f90:103|32,0,-20.25676158121289
geometry_1_05_focus4,44b6_d2f34f90,44b6_d2f34f90:103,union|44b6_d2f34f90:103|33,0,-22.567001513013313
geometry_1_05_focus4,44b6_d2f34f90,44b6_d2f34f90:103,union|44b6_d2f34f90:103|34,0,-28.379822406378512
geometry_1_05_focus4,44b6_d2f34f90,44b6_d2f34f90:103,union|44b6_d2f34f90:103|35,0,-20.460265465978537
geometry_1_05_focus4,44b6_d2f34f90,44b6_d2f34f90:103,union|44b6_d2f34f90:103|36,0,-15.472650470165858
geometry_1_05_focus4,44b6_d2f34f90,44b6_d2f34f90:103,union|44b6_d2f34f90:103|37,0,-12.182715507494468
geometry_1_05_focus4,44b6_d2f34f90,44b6_d2f34f90:103,union|44b6_d2f34f90:103|38,0,-21.415457916854674
geometry_1_05_focus4,44b6_d2f34f90,44b6_d2f34f90:103,union|44b6_d2f34f90:103|39,0,-23.33009657282269
geometry_1_05_focus4,44b6_d2f34f90,44b6_d2f34f90:103,union|44b6_d2f34f90:103|40,0,-24.587342636884607
geometry_1_05_focus4,44b6_d2f34f90,44b6_d2f34f90:103,union|44b6_d2f34f90:103|41,0,-24.399050347360966
geometry_1_05_focus4,44b6_d2f34f90,44b6_d2f34f90:103,union|44b6_d2f34f90:103|42,0,-26.312824116221453
geometry_1_05_focus4,44b6_d2f34f90,44b6_d2f34f90:103,union|44b6_d2f34f90:103|43,0,-28.13839250669323
geometry_1_05_focus4,44b6_d2f34f90,44b6_d2f34f90:103,union|44b6_d2f34f90:103|44,0,-23.815995217493004
geometry_1_05_focus4,44b6_d2f34f90,44b6_d2f34f90:103,union|44b6_d2f34f90:103|45,0,-13.155235039163673
geometry_1_05_focus4,44b6_d2f34f90,44b6_d2f34f90:103,union|44b6_d2f34f90:103|46,0,-20.42520660189807
geometry_1_05_focus4,44b6_d2f34f90,44b6_d2f34f90:103,union|44b6_d2f34f90:103|47,0,-21.335366467850466
geometry_1_05_focus4,44b6_d2f34f90,44b6_d2f34f90:103,union|44b6_d2f34f90:103|48,0,-27.474010725697838
geometry_1_05_focus4,44b6_d2f34f90,44b6_d2f34f90:103,union|44b6_d2f34f90:103|49,0,-25.71892636334502
geometry_1_05_focus4,44b6_d2f34f90,44b6_d2f34f90:103,union|44b6_d2f34f90:103|50,0,-26.765133075628956
geometry_1_05_focus4,44b6_d2f34f90,44b6_d2f34f90:103,union|44b6_d2f34f90:103|51,0,-22.427130479917167
geometry_1_05_focus4,44b6_d2f34f90,44b6_d2f34f90:103,union|44b6_d2f34f90:103|52,0,-23.20072847699611
geometry_1_05_focus4,44b6_d2f34f90,44b6_d2f34f90:103,union|44b6_d2f34f90:103|53,0,-22.799633152052632
geometry_1_05_focus4,44b6_d2f34f90,44b6_d2f34f90:103,union|44b6_d2f34f90:103|54,0,-27.481445165120803
geometry_1_05_focus4,44b6_d2f34f90,44b6_d2f34f90:103,union|44b6_d2f34f90:103|55,0,-25.791185575806402
geometry_1_05_focus4,44b6_d2f34f90,44b6_d2f34f90:103,union|44b6_d2f34f90:103|56,0,-25.470879178364033
geometry_1_05_focus4,44b6_d2f34f90,44b6_d2f34f90:103,union|44b6_d2f34f90:103|57,0,-28.25139578971688
geometry_1_05_focus4,44b6_d2f34f90,44b6_d2f34f90:103,union|44b6_d2f34f90:103|58,0,-27.556425497054903
geometry_1_05_focus4,44b6_d2f34f90,44b6_d2f34f90:103,union|44b6_d2f34f90:103|59,0,-28.70992658358108
geometry_1_05_focus4,44b6_d2f34f90,44b6_d2f34f90:103,union|44b6_d2f34f90:103|60,0,-28.19700947647663
geometry_1_05_focus4,44b6_d2f34f90,44b6_d2f34f90:103,union|44b6_d2f34f90:103|61,0,-23.216435647917447
geometry_1_05_focus4,44b6_d2f34f90,44b6_d2f34f90:103,union|44b6_d2f34f90:103|62,0,-25.631281160368825
geometry_1_05_focus4,44b6_d2f34f90,44b6_d2f34f90:103,union|44b6_d2f34f90:103|63,0,-29.40237736605686
geometry_1_05_focus4,44b6_d2f34f90,44b6_d2f34f90:103,union|44b6_d2f34f90:103|64,0,-30.56113938292993
geometry_1_05_focus4,44b6_d2f34f90,44b6_d2f34f90:103,union|44b6_d2f34f90:103|65,0,-30.922487636758017
geometry_1_05_focus4,44b6_d2f34f90,44b6_d2f34f90:103,union|44b6_d2f34f90:103|66,0,-30.5004068629459
geometry_1_05_focus4,44b6_d2f34f90,44b6_d2f34f90:103,union|44b6_d2f34f90:103|67,0,-30.47253992745072
geometry_1_05_focus4,44b6_d2f34f90,44b6_d2f34f90:103,union|44b6_d2f34f90:103|68,0,-32.12348617202456
geometry_1_05_focus4,44b6_d2f34f90,44b6_d2f34f90:103,union|44b6_d2f34f90:103|69,0,-26.639660822164974
geometry_1_05_focus4,44b6_d2f34f90,44b6_d2f34f90:103,union|44b6_d2f34f90:103|70,0,-28.946348258844314
geometry_1_05_focus4,44b6_d2f34f90,44b6_d2f34f90:103,union|44b6_d2f34f90:103|71,0,-24.043892910089355
geometry_1_05_focus4,44b6_d2f34f90,44b6_d2f34f90:103,union|44b6_d2f34f90:103|72,0,-33.95801261467207
geometry_1_05_focus4,44b6_d2f34f90,44b6_d2f34f90:103,union|44b6_d2f34f90:103|73,0,-26.773773017531333
geometry_1_05_focus4,44b6_d2f34f90,44b6_d2f34f90:103,union|44b6_d2f34f90:103|74,0,-29.046255502546018
geometry_1_05_focus4,44b6_d2f34f90,44b6_d2f34f90:103,union|44b6_d2f34f90:103|75,0,-31.017599417124675
geometry_1_05_focus4,44b6_d2f34f90,44b6_d2f34f90:137,union|44b6_d2f34f90:137|0,0,-19.212583409974656
geometry_1_05_focus4,44b6_d2f34f90,44b6_d2f34f90:137,union|44b6_d2f34f90:137|1,0,-20.93207325138323
geometry_1_05_focus4,44b6_d2f34f90,44b6_d2f34f90:137,union|44b6_d2f34f90:137|2,0,-15.388408054352412
geometry_1_05_focus4,44b6_d2f34f90,44b6_d2f34f90:137,union|44b6_d2f34f90:137|3,0,-21.07904217583497
geometry_1_05_focus4,44b6_d2f34f90,44b6_d2f34f90:137,union|44b6_d2f34f90:137|4,0,-20.106786438228717
geometry_1_05_focus4,44b6_d2f34f90,44b6_d2f34f90:137,union|44b6_d2f34f90:137|5,0,-18.28709035774215
geometry_1_05_focus4,44b6_d2f34f90,44b6_d2f34f90:137,union|44b6_d2f34f90:137|6,0,-17.91189374410199
geometry_1_05_focus4,44b6_d2f34f90,44b6_d2f34f90:137,union|44b6_d2f34f90:137|7,0,-20.692155307661565
geometry_1_05_focus4,44b6_d2f34f90,44b6_d2f34f90:137,union|44b6_d2f34f90:137|8,0,-20.76727164516817
geometry_1_05_focus4,44b6_d2f34f90,44b6_d2f34f90:137,union|44b6_d2f34f90:137|9,0,-23.275477817599707
geometry_1_05_focus4,44b6_d2f34f90,44b6_d2f34f90:137,union|44b6_d2f34f90:137|10,0,-20.580273166469798
geometry_1_05_focus4,44b6_d2f34f90,44b6_d2f34f90:137,union|44b6_d2f34f90:137|11,0,-24.61434390631299
geometry_1_05_focus4,44b6_d2f34f90,44b6_d2f34f90:137,union|44b6_d2f34f90:137|12,0,-24.153656213773413
geometry_1_05_focus4,44b6_d2f34f90,44b6_d2f34f90:137,union|44b6_d2f34f90:137|13,0,-19.876444878948956
geometry_1_05_focus4,44b6_d2f34f90,44b6_d2f34f90:137,union|44b6_d2f34f90:137|14,0,-22.152840838434113
geometry_1_05_focus4,44b6_d2f34f90,44b6_d2f34f90:137,union|44b6_d2f34f90:137|15,0,-24.043985881645167
geometry_1_05_focus4,44b6_d2f34f90,44b6_d2f34f90:137,union|44b6_d2f34f90:137|16,0,-22.94710982348205
geometry_1_05_focus4,44b6_d2f34f90,44b6_d2f34f90:137,union|44b6_d2f34f90:137|17,0,-19.54302823116093
geometry_1_05_focus4,44b6_d2f34f90,44b6_d2f34f90:137,union|44b6_d2f34f90:137|18,0,-17.103792452635442
geometry_1_05_focus4,44b6_d2f34f90,44b6_d2f34f90:137,union|44b6_d2f34f90:137|19,0,-24.318237449017374
geometry_1_05_focus4,44b6_d2f34f90,44b6_d2f34f90:137,union|44b6_d2f34f90:137|20,0,-22.57778148974561
geometry_1_05_focus4,44b6_d2f34f90,44b6_d2f34f90:137,union|44b6_d2f34f90:137|21,0,-20.53275778250617
geometry_1_05_focus4,44b6_d2f34f90,44b6_d2f34f90:137,union|44b6_d2f34f90:137|22,0,-20.93207325138323
geometry_1_05_focus4,44b6_d2f34f90,44b6_d2f34f90:137,union|44b6_d2f34f90:137|23,0,-22.24249365040906
geometry_1_05_focus4,44b6_d2f34f90,44b6_d2f34f90:137,union|44b6_d2f34f90:137|24,0,-23.939809337265693
geometry_1_05_focus4,44b6_d2f34f90,44b6_d2f34f90:137,union|44b6_d2f34f90:137|25,0,-18.59107769186096
geometry_1_05_focus4,44b6_d2f34f90,44b6_d2f34f90:137,union|44b6_d2f34f90:137|26,0,-19.095701067932602
geometry_1_05_focus4,44b6_d2f34f90,44b6_d2f34f90:137,union|44b6_d2f34f90:137|27,0,-15.855492580984116
geometry_1_05_focus4,44b6_d2f34f90,44b6_d2f34f90:137,union|44b6_d2f34f90:137|28,1,-9.527338811792074
geometry_1_05_focus4,44b6_d2f34f90,44b6_d2f34f90:137,union|44b6_d2f34f90:137|29,0,-22.732446622646723
geometry_1_05_focus4,44b6_d2f34f90,44b6_d2f34f90:137,union|44b6_d2f34f90:137|30,0,-15.527815866113867
geometry_1_05_focus4,44b6_d2f34f90,44b6_d2f34f90:137,union|44b6_d2f34f90:137|31,0,-17.570678447789053
geometry_1_05_focus4,44b6_d2f34f90,44b6_d2f34f90:137,union|44b6_d2f34f90:137|32,0,-15.889880838931084
geometry_1_05_focus4,44b6_d2f34f90,44b6_d2f34f90:137,union|44b6_d2f34f90:137|33,0,-22.680402565558314
geometry_1_05_focus4,44b6_d2f34f90,44b6_d2f34f90:137,union|44b6_d2f34f90:137|34,0,-22.386405065379435
geometry_1_05_focus4,44b6_d2f34f90,44b6_d2f34f90:137,union|44b6_d2f34f90:137|35,0,-23.11938884531707
geometry_1_05_focus4,44b6_d2f34f90,44b6_d2f34f90:137,union|44b6_d2f34f90:137|36,0,-20.736377435123693
geometry_1_05_focus4,44b6_d2f34f90,44b6_d2f34f90:137,union|44b6_d2f34f90:137|37,0,-18.024976981755742
geometry_1_05_focus4,44b6_d2f34f90,44b6_d2f34f90:137,union|44b6_d2f34f90:137|38,0,-17.93921082209524
geometry_1_05_focus4,44b6_d2f34f90,44b6_d2f34f90:137,union|44b6_d2f34f90:137|39,0,-19.901609049162133
geometry_1_05_focus4,44b6_d2f34f90,44b6_d2f34f90:137,union|44b6_d2f34f90:137|40,0,-20.736377435123693
geometry_1_05_focus4,44b6_d2f34f90,44b6_d2f34f90:137,union|44b6_d2f34f90:137|41,0,-17.35006379352283
geometry_1_05_focus4,44b6_d2f34f90,44b6_d2f34f90:137,union|44b6_d2f34f90:137|42,0,-16.547065752249434
geometry_1_05_focus4,44b6_d2f34f90,44b6_d2f34f90:137,union|44b6_d2f34f90:137|43,0,-20.087570234871954
geometry_1_05_focus4,44b6_d2f34f90,44b6_d2f34f90:137,union|44b6_d2f34f90:137|44,0,-19.49880023861974
geometry_1_05_focus4,44b6_d2f34f90,44b6_d2f34f90:137,union|44b6_d2f34f90:137|45,0,-22.184412959031057
geometry_1_05_focus4,44b6_d2f34f90,44b6_d2f34f90:137,union|44b6_d2f34f90:137|46,0,-14.626950729277517
geometry_1_05_focus4,44b6_d2f34f90,44b6_d2f34f90:137,union|44b6_d2f34f90:137|47,0,-17.71757688582838
geometry_1_05_focus4,44b6_d2f34f90,44b6_d2f34f90:137,union|44b6_d2f34f90:137|48,0,-17.40557447932182
geometry_1_05_focus4,44b6_d2f34f90,44b6_d2f34f90:137,union|44b6_d2f34f90:137|49,0,-18.8878259243182
geometry_1_05_focus4,44b6_d2f34f90,44b6_d2f34f90:137,union|44b6_d2f34f90:137|50,0,-22.07552466744979
geometry_1_05_focus4,44b6_d2f34f90,44b6_d2f34f90:137,union|44b6_d2f34f90:137|51,0,-20.64937166494265
geometry_1_05_focus4,44b6_d2f34f90,44b6_d2f34f90:137,union|44b6_d2f34f90:137|52,0,-23.967212812438884
geometry_1_05_focus4,44b6_d2f34f90,44b6_d2f34f90:137,union|44b6_d2f34f90:137|53,0,-15.527815866113867
geometry_1_05_focus4,44b6_d2f34f90,44b6_d2f34f90:137,union|44b6_d2f34f90:137|54,0,-17.235727791422097
geometry_1_05_focus4,44b6_d2f34f90,44b6_d2f34f90:137,union|44b6_d2f34f90:137|55,0,-13.909077936871242
geometry_1_05_focus4,44b6_d2f34f90,44b6_d2f34f90:137,union|44b6_d2f34f90:137|56,0,-19.4469967026593
geometry_1_05_focus4,44b6_d2f34f90,44b6_d2f34f90:137,union|44b6_d2f34f90:137|57,0,-19.265421196924407
geometry_1_05_focus4,44b6_d2f34f90,44b6_d2f34f90:137,union|44b6_d2f34f90:137|58,0,-19.99767648990413
geometry_1_05_focus4,44b6_d2f34f90,44b6_d2f34f90:137,union|44b6_d2f34f90:137|59,0,-22.366675745340544
geometry_1_05_focus4,44b6_d2f34f90,44b6_d2f34f90:137,union|44b6_d2f34f90:137|60,0,-22.272222382662477
geometry_1_05_focus4,44b6_d2f34f90,44b6_d2f34f90:137,union|44b6_d2f34f90:137|61,0,-14.059835793168206
geometry_1_05_focus4,44b6_d2f34f90,44b6_d2f34f90:137,union|44b6_d2f34f90:137|62,0,-14.892172754824587
geometry_1_05_focus4,44b6_d2f34f90,44b6_d2f34f90:137,union|44b6_d2f34f90:137|63,0,-22.185194999578037
geometry_1_05_focus4,44b6_d2f34f90,44b6_d2f34f90:137,union|44b6_d2f34f90:137|64,0,-20.873320697381192
geometry_1_05_focus4,44b6_d2f34f90,44b6_d2f34f90:137,union|44b6_d2f34f90:137|65,0,-17.888116591915995
geometry_1_05_focus4,44b6_d2f34f90,44b6_d2f34f90:137,union|44b6_d2f34f90:137|66,0,-22.680402565558314
geometry_1_05_focus4,44b6_d2f34f90,44b6_d2f34f90:137,union|44b6_d2f34f90:137|67,0,-21.53261095020022
geometry_1_05_focus4,44b6_d2f34f90,44b6_d2f34f90:137,union|44b6_d2f34f90:137|68,0,-18.043413396852447
geometry_1_05_focus4,44b6_d2f34f90,44b6_d2f34f90:137,union|44b6_d2f34f90:137|69,0,-18.944008897072347
geometry_1_05_focus4,44b6_d2f34f90,44b6_d2f34f90:137,union|44b6_d2f34f90:137|70,0,-21.152197928407254
geometry_1_05_focus4,44b6_d754aa59,44b6_d754aa59:54,union|44b6_d754aa59:54|0,0,-17.610802202171044
geometry_1_05_focus4,44b6_d754aa59,44b6_d754aa59:54,union|44b6_d754aa59:54|1,0,-20.525585996567244
geometry_1_05_focus4,44b6_d754aa59,44b6_d754aa59:54,union|44b6_d754aa59:54|2,0,-20.44103180559776
geometry_1_05_focus4,44b6_d754aa59,44b6_d754aa59:54,union|44b6_d754aa59:54|3,1,-13.045874503302855
geometry_1_05_focus4,44b6_d754aa59,44b6_d754aa59:54,union|44b6_d754aa59:54|4,0,-17.453700317580115
geometry_1_05_focus4,44b6_d754aa59,44b6_d754aa59:54,union|44b6_d754aa59:54|5,0,-19.87343179773341
geometry_1_05_focus4,44b6_d754aa59,44b6_d754aa59:54,union|44b6_d754aa59:54|6,0,-15.598082157858055
geometry_1_05_focus4,44b6_d754aa59,44b6_d754aa59:54,union|44b6_d754aa59:54|7,0,-20.212004009243092
geometry_1_05_focus4,44b6_d754aa59,44b6_d754aa59:54,union|44b6_d754aa59:54|8,0,-23.588609225809286
geometry_1_05_focus4,44b6_deabac95,44b6_deabac95:15,union|44b6_deabac95:15|0,0,-20.40401411989576
geometry_1_05_focus4,44b6_deabac95,44b6_deabac95:15,union|44b6_deabac95:15|1,0,-22.895567972565814
geometry_1_05_focus4,44b6_deabac95,44b6_deabac95:15,union|44b6_deabac95:15|2,0,-20.973564262114134
geometry_1_05_focus4,44b6_deabac95,44b6_deabac95:15,union|44b6_deabac95:15|3,0,-21.13430192874972
geometry_1_05_focus4,44b6_deabac95,44b6_deabac95:15,union|44b6_deabac95:15|4,0,-24.84442308866314
geometry_1_05_focus4,44b6_deabac95,44b6_deabac95:15,union|44b6_deabac95:15|5,0,-21.787662125175316
geometry_1_05_focus4,44b6_deabac95,44b6_deabac95:15,union|44b6_deabac95:15|6,0,-22.261514093471533
geometry_1_05_focus4,44b6_deabac95,44b6_deabac95:15,union|44b6_deabac95:15|7,0,-19.64931429272842
geometry_1_05_focus4,44b6_deabac95,44b6_deabac95:15,union|44b6_deabac95:15|8,0,-19.943459460027327
geometry_1_05_focus4,44b6_deabac95,44b6_deabac95:15,union|44b6_deabac95:15|9,0,-18.64130913769669
geometry_1_05_focus4,44b6_deabac95,44b6_deabac95:15,union|44b6_deabac95:15|10,0,-18.54204369983471
geometry_1_05_focus4,44b6_deabac95,44b6_deabac95:15,union|44b6_deabac95:15|11,0,-21.485976347200463
geometry_1_05_focus4,44b6_deabac95,44b6_deabac95:15,union|44b6_deabac95:15|12,0,-19.26790350692449
geometry_1_05_focus4,44b6_deabac95,44b6_deabac95:15,union|44b6_deabac95:15|13,0,-19.709732824667935
geometry_1_05_focus4,44b6_deabac95,44b6_deabac95:15,union|44b6_deabac95:15|14,0,-21.924426799308186
geometry_1_05_focus4,44b6_deabac95,44b6_deabac95:15,union|44b6_deabac95:15|15,0,-21.29577353526076
geometry_1_05_focus4,44b6_deabac95,44b6_deabac95:15,union|44b6_deabac95:15|16,0,-22.780889020894676
geometry_1_05_focus4,44b6_deabac95,44b6_deabac95:15,union|44b6_deabac95:15|17,0,-17.019961488798295
geometry_1_05_focus4,44b6_deabac95,44b6_deabac95:15,union|44b6_deabac95:15|18,0,-14.759451400677714
geometry_1_05_focus4,44b6_deabac95,44b6_deabac95:15,union|44b6_deabac95:15|19,0,-20.4610854900031
geometry_1_05_focus4,44b6_deabac95,44b6_deabac95:15,union|44b6_deabac95:15|20,0,-20.95239261154947
geometry_1_05_focus4,44b6_deabac95,44b6_deabac95:15,union|44b6_deabac95:15|21,0,-18.51216609412903
geometry_1_05_focus4,44b6_deabac95,44b6_deabac95:15,union|44b6_deabac95:15|22,0,-13.835503490986014
geometry_1_05_focus4,44b6_deabac95,44b6_deabac95:15,union|44b6_deabac95:15|23,0,-16.164214068029445
geometry_1_05_focus4,44b6_deabac95,44b6_deabac95:15,union|44b6_deabac95:15|24,0,-20.697439269456908
geometry_1_05_focus4,44b6_deabac95,44b6_deabac95:15,union|44b6_deabac95:15|25,0,-21.340133738371446
geometry_1_05_focus4,44b6_deabac95,44b6_deabac95:15,union|44b6_deabac95:15|26,0,-18.010675502050695
geometry_1_05_focus4,44b6_deabac95,44b6_deabac95:15,union|44b6_deabac95:15|27,0,-15.758934637140367
geometry_1_05_focus4,44b6_deabac95,44b6_deabac95:15,union|44b6_deabac95:15|28,0,-21.908379054803902
geometry_1_05_focus4,44b6_deabac95,44b6_deabac95:15,union|44b6_deabac95:15|29,1,-15.220539426264311
geometry_1_05_focus4,44b6_deabac95,44b6_deabac95:15,union|44b6_deabac95:15|30,0,-20.322242655816748
geometry_1_05_focus4,44b6_deabac95,44b6_deabac95:15,union|44b6_deabac95:15|31,0,-21.475140094551872
geometry_1_05_focus4,44b6_deabac95,44b6_deabac95:15,union|44b6_deabac95:15|32,0,-22.557459170201938
geometry_1_05_focus4,44b6_deabac95,44b6_deabac95:15,union|44b6_deabac95:15|33,0,-17.422936132311477
geometry_1_05_focus4,44b6_deabac95,44b6_deabac95:15,union|44b6_deabac95:15|34,0,-21.48126997253885
geometry_1_05_focus4,44b6_eb2880fc,44b6_eb2880fc:282,union|44b6_eb2880fc:282|0,0,-21.518034988106407
geometry_1_05_focus4,44b6_eb2880fc,44b6_eb2880fc:282,union|44b6_eb2880fc:282|1,0,-21.132629937783047
geometry_1_05_focus4,44b6_eb2880fc,44b6_eb2880fc:282,union|44b6_eb2880fc:282|2,0,-23.73478469123272
geometry_1_05_focus4,44b6_eb2880fc,44b6_eb2880fc:282,union|44b6_eb2880fc:282|3,0,-20.338805717004274
geometry_1_05_focus4,44b6_eb2880fc,44b6_eb2880fc:282,union|44b6_eb2880fc:282|4,0,-19.47317269438612
geometry_1_05_focus4,44b6_eb2880fc,44b6_eb2880fc:282,union|44b6_eb2880fc:282|5,0,-23.036327050615625
geometry_1_05_focus4,44b6_eb2880fc,44b6_eb2880fc:282,union|44b6_eb2880fc:282|6,0,-21.98081846673835
geometry_1_05_focus4,44b6_eb2880fc,44b6_eb2880fc:282,union|44b6_eb2880fc:282|7,0,-22.272222382662477
geometry_1_05_focus4,44b6_eb2880fc,44b6_eb2880fc:282,union|44b6_eb2880fc:282|8,0,-24.30457516605663
geometry_1_05_focus4,44b6_eb2880fc,44b6_eb2880fc:282,union|44b6_eb2880fc:282|9,0,-29.082504994530137
geometry_1_05_focus4,44b6_eb2880fc,44b6_eb2880fc:282,union|44b6_eb2880fc:282|10,0,-28.939255199208688
geometry_1_05_focus4,44b6_eb2880fc,44b6_eb2880fc:282,union|44b6_eb2880fc:282|11,0,-27.780415007940967
geometry_1_05_focus4,44b6_eb2880fc,44b6_eb2880fc:282,union|44b6_eb2880fc:282|12,0,-20.540089285040423
geometry_1_05_focus4,44b6_eb2880fc,44b6_eb2880fc:282,union|44b6_eb2880fc:282|13,0,-19.82753844291419
geometry_1_05_focus4,44b6_eb2880fc,44b6_eb2880fc:282,union|44b6_eb2880fc:282|14,0,-18.251600124393907
geometry_1_05_focus4,44b6_eb2880fc,44b6_eb2880fc:282,union|44b6_eb2880fc:282|15,0,-23.52549155945895
geometry_1_05_focus4,44b6_eb2880fc,44b6_eb2880fc:282,union|44b6_eb2880fc:282|16,0,-23.292858096326626
geometry_1_05_focus4,44b6_eb2880fc,44b6_eb2880fc:282,union|44b6_eb2880fc:282|17,0,-21.17558442049257
geometry_1_05_focus4,44b6_eb2880fc,44b6_eb2880fc:282,union|44b6_eb2880fc:282|18,0,-23.30012607977544
geometry_1_05_focus4,44b6_eb2880fc,44b6_eb2880fc:282,union|44b6_eb2880fc:282|19,0,-22.47185733823526
geometry_1_05_focus4,44b6_eb2880fc,44b6_eb2880fc:282,union|44b6_eb2880fc:282|20,0,-28.507944509919056
geometry_1_05_focus4,44b6_eb2880fc,44b6_eb2880fc:282,union|44b6_eb2880fc:282|21,0,-27.633078408609933
geometry_1_05_focus4,44b6_eb2880fc,44b6_eb2880fc:282,union|44b6_eb2880fc:282|22,0,-24.621155095155682
geometry_1_05_focus4,44b6_eb2880fc,44b6_eb2880fc:282,union|44b6_eb2880fc:282|23,0,-26.561523464701214
geometry_1_05_focus4,44b6_eb2880fc,44b6_eb2880fc:282,union|44b6_eb2880fc:282|24,0,-28.159049452624025
geometry_1_05_focus4,44b6_eb2880fc,44b6_eb2880fc:282,union|44b6_eb2880fc:282|25,0,-17.98522187121991
geometry_1_05_focus4,44b6_eb2880fc,44b6_eb2880fc:282,union|44b6_eb2880fc:282|26,0,-22.469564235905477
geometry_1_05_focus4,44b6_eb2880fc,44b6_eb2880fc:282,union|44b6_eb2880fc:282|27,0,-19.14109065694335
geometry_1_05_focus4,44b6_eb2880fc,44b6_eb2880fc:282,union|44b6_eb2880fc:282|28,0,-22.250643911646304
geometry_1_05_focus4,44b6_eb2880fc,44b6_eb2880fc:282,union|44b6_eb2880fc:282|29,0,-24.899158548539
geometry_1_05_focus4,44b6_eb2880fc,44b6_eb2880fc:282,union|44b6_eb2880fc:282|30,0,-18.875456048776847
geometry_1_05_focus4,44b6_eb2880fc,44b6_eb2880fc:282,union|44b6_eb2880fc:282|31,0,-19.924921360025294
geometry_1_05_focus4,44b6_eb2880fc,44b6_eb2880fc:282,union|44b6_eb2880fc:282|32,0,-21.470388875044634
geometry_1_05_focus4,44b6_eb2880fc,44b6_eb2880fc:282,union|44b6_eb2880fc:282|33,0,-20.77797151260981
geometry_1_05_focus4,44b6_eb2880fc,44b6_eb2880fc:282,union|44b6_eb2880fc:282|34,0,-20.960786737429917
geometry_1_05_focus4,44b6_eb2880fc,44b6_eb2880fc:282,union|44b6_eb2880fc:282|35,0,-24.517946147132943
geometry_1_05_focus4,44b6_eb2880fc,44b6_eb2880fc:282,union|44b6_eb2880fc:282|36,0,-25.937670030230223
geometry_1_05_focus4,44b6_eb2880fc,44b6_eb2880fc:282,union|44b6_eb2880fc:282|37,0,-20.973766539356426
geometry_1_05_focus4,44b6_eb2880fc,44b6_eb2880fc:282,union|44b6_eb2880fc:282|38,0,-22.96997850827021
geometry_1_05_focus4,44b6_eb2880fc,44b6_eb2880fc:282,union|44b6_eb2880fc:282|39,0,-23.861680085242448
geometry_1_05_focus4,44b6_eb2880fc,44b6_eb2880fc:282,union|44b6_eb2880fc:282|40,0,-22.016760348287708
geometry_1_05_focus4,44b6_eb2880fc,44b6_eb2880fc:282,union|44b6_eb2880fc:282|41,0,-21.434822191036346
geometry_1_05_focus4,44b6_eb2880fc,44b6_eb2880fc:282,union|44b6_eb2880fc:282|42,0,-19.55414985069694
geometry_1_05_focus4,44b6_eb2880fc,44b6_eb2880fc:282,union|44b6_eb2880fc:282|43,0,-22.94710982348205
geometry_1_05_focus4,44b6_eb2880fc,44b6_eb2880fc:282,union|44b6_eb2880fc:282|44,0,-23.026737487558194
geometry_1_05_focus4,44b6_eb2880fc,44b6_eb2880fc:282,union|44b6_eb2880fc:282|45,0,-22.988604880629655
geometry_1_05_focus4,44b6_eb2880fc,44b6_eb2880fc:282,union|44b6_eb2880fc:282|46,0,-27.299211304654392
geometry_1_05_focus4,44b6_eb2880fc,44b6_eb2880fc:282,union|44b6_eb2880fc:282|47,0,-24.59038481629566
geometry_1_05_focus4,44b6_eb2880fc,44b6_eb2880fc:282,union|44b6_eb2880fc:282|48,0,-27.353723771014884
geometry_1_05_focus4,44b6_eb2880fc,44b6_eb2880fc:282,union|44b6_eb2880fc:282|49,0,-24.64730734247766
geometry_1_05_focus4,44b6_eb2880fc,44b6_eb2880fc:282,union|44b6_eb2880fc:282|50,0,-22.68193433441102
geometry_1_05_focus4,44b6_eb2880fc,44b6_eb2880fc:282,union|44b6_eb2880fc:282|51,0,-25.621984566670214
geometry_1_05_focus4,44b6_eb2880fc,44b6_eb2880fc:282,union|44b6_eb2880fc:282|52,1,-21.150282427783644
geometry_1_05_focus4,44b6_eb2880fc,44b6_eb2880fc:282,union|44b6_eb2880fc:282|53,0,-24.007130055180518
geometry_1_05_focus4,44b6_eb2880fc,44b6_eb2880fc:282,union|44b6_eb2880fc:282|54,0,-24.10394211919541
geometry_1_05_focus4,44b6_eb2880fc,44b6_eb2880fc:282,union|44b6_eb2880fc:282|55,0,-22.251140070412724
geometry_1_05_focus4,44b6_eb2880fc,44b6_eb2880fc:282,union|44b6_eb2880fc:282|56,0,-28.232353731225118
geometry_1_05_focus4,44b6_eb2880fc,44b6_eb2880fc:282,union|44b6_eb2880fc:282|57,0,-26.05936728401823
geometry_1_05_focus4,44b6_eb2880fc,44b6_eb2880fc:282,union|44b6_eb2880fc:282|58,0,-26.383479252866344
geometry_1_05_focus4,44b6_eb2880fc,44b6_eb2880fc:282,union|44b6_eb2880fc:282|59,0,-19.644465377819504
geometry_1_05_focus4,44b6_eb2880fc,44b6_eb2880fc:282,union|44b6_eb2880fc:282|60,0,-18.379155723348312
geometry_1_05_focus4,44b6_eb2880fc,44b6_eb2880fc:282,union|44b6_eb2880fc:282|61,0,-16.041679044162663
geometry_1_05_focus4,44b6_eb2880fc,44b6_eb2880fc:282,union|44b6_eb2880fc:282|62,0,-21.79077919709701
geometry_1_05_focus4,44b6_eb2880fc,44b6_eb2880fc:282,union|44b6_eb2880fc:282|63,0,-23.326026457491967
geometry_1_05_focus4,44b6_eb2880fc,44b6_eb2880fc:282,union|44b6_eb2880fc:282|64,0,-21.213227614730794
geometry_1_05_focus4,44b6_eb2880fc,44b6_eb2880fc:282,union|44b6_eb2880fc:282|65,0,-21.13540341024659
geometry_1_05_focus4,44b6_eb2880fc,44b6_eb2880fc:282,union|44b6_eb2880fc:282|66,0,-26.005544412213847
geometry_1_05_focus4,44b6_eb2880fc,44b6_eb2880fc:282,union|44b6_eb2880fc:282|67,0,-26.49487536565745
geometry_1_05_focus4,44b6_eb2880fc,44b6_eb2880fc:282,union|44b6_eb2880fc:282|68,0,-25.648283435114774
geometry_1_05_focus4,44b6_eb2880fc,44b6_eb2880fc:282,union|44b6_eb2880fc:282|69,0,-23.5772747393042
geometry_1_05_focus4,44b6_eb2880fc,44b6_eb2880fc:282,union|44b6_eb2880fc:282|70,0,-23.16662169282136
geometry_1_05_focus4,44b6_eb2880fc,44b6_eb2880fc:282,union|44b6_eb2880fc:282|71,0,-20.82943082402074
geometry_1_05_focus4,44b6_eb2880fc,44b6_eb2880fc:282,union|44b6_eb2880fc:282|72,0,-20.82943082402074
geometry_1_05_focus4,44b6_eb2880fc,44b6_eb2880fc:282,union|44b6_eb2880fc:282|73,0,-23.78741873261364
geometry_1_05_focus4,44b6_eb2880fc,44b6_eb2880fc:282,union|44b6_eb2880fc:282|74,0,-24.02308391440785
geometry_1_05_focus4,44b6_eb2880fc,44b6_eb2880fc:282,union|44b6_eb2880fc:282|75,0,-24.269532474582213
geometry_1_05_focus4,44b6_eb2880fc,44b6_eb2880fc:282,union|44b6_eb2880fc:282|76,0,-23.836456428774277
geometry_1_05_focus4,44b6_eb2880fc,44b6_eb2880fc:282,union|44b6_eb2880fc:282|77,0,-20.121178266343026
geometry_1_05_focus4,44b6_eb2880fc,44b6_eb2880fc:282,union|44b6_eb2880fc:282|78,0,-18.365690128777313
geometry_1_05_focus4,44b6_eb2880fc,44b6_eb2880fc:282,union|44b6_eb2880fc:282|79,0,-24.19250437799603
geometry_1_05_focus4,44b6_eb2880fc,44b6_eb2880fc:282,union|44b6_eb2880fc:282|80,0,-23.75520541310484
geometry_1_05_focus4,44b6_eb2880fc,44b6_eb2880fc:282,union|44b6_eb2880fc:282|81,0,-28.29372288979507
geometry_1_05_focus4,44b6_eb2880fc,44b6_eb2880fc:282,union|44b6_eb2880fc:282|82,0,-23.565019508208962
geometry_1_05_focus4,44b6_eb2880fc,44b6_eb2880fc:282,union|44b6_eb2880fc:282|83,0,-23.46917474111439
geometry_1_05_focus4,44b6_eb2880fc,44b6_eb2880fc:282,union|44b6_eb2880fc:282|84,0,-28.92913645305883
geometry_1_05_focus4,44b6_eb2880fc,44b6_eb2880fc:282,union|44b6_eb2880fc:282|85,0,-26.963117721741522
geometry_1_05_focus4,44b6_eb2880fc,44b6_eb2880fc:282,union|44b6_eb2880fc:282|86,0,-19.423864883356984
geometry_1_05_focus4,44b6_eb2880fc,44b6_eb2880fc:282,union|44b6_eb2880fc:282|87,0,-22.777681851840942
geometry_1_05_focus4,44b6_eb2880fc,44b6_eb2880fc:282,union|44b6_eb2880fc:282|88,0,-17.228684756547246
geometry_1_05_focus4,44b6_eb2880fc,44b6_eb2880fc:282,union|44b6_eb2880fc:282|89,0,-21.323397260727937
geometry_1_05_focus4,44b6_eb2880fc,44b6_eb2880fc:282,union|44b6_eb2880fc:282|90,0,-21.55358645473042
geometry_1_05_focus4,44b6_eb2880fc,44b6_eb2880fc:282,union|44b6_eb2880fc:282|91,0,-11.750667933565744
geometry_1_05_focus4,44b6_eb2880fc,44b6_eb2880fc:282,union|44b6_eb2880fc:282|92,0,-21.88642643537301
geometry_1_05_focus4,44b6_eb2880fc,44b6_eb2880fc:282,union|44b6_eb2880fc:282|93,0,-18.380762990573416
geometry_1_05_focus4,44b6_eb2880fc,44b6_eb2880fc:282,union|44b6_eb2880fc:282|94,0,-23.275477817599707
geometry_1_05_focus4,44b6_eb2880fc,44b6_eb2880fc:282,union|44b6_eb2880fc:282|95,0,-16.076801439449902
geometry_1_05_focus4,44b6_eb2880fc,44b6_eb2880fc:282,union|44b6_eb2880fc:282|96,0,-24.917525676670714
geometry_1_05_focus4,44b6_eb2880fc,44b6_eb2880fc:282,union|44b6_eb2880fc:282|97,0,-17.674991085266782
geometry_1_05_focus4,44b6_eb2880fc,44b6_eb2880fc:282,union|44b6_eb2880fc:282|98,0,-18.233765630793286
geometry_1_05_focus4,44b6_eb2880fc,44b6_eb2880fc:282,union|44b6_eb2880fc:282|99,0,-14.237580692355525
geometry_1_05_focus4,44b6_eb2880fc,44b6_eb2880fc:282,union|44b6_eb2880fc:282|100,0,-23.571562838417904
geometry_1_05_focus4,44b6_eb2880fc,44b6_eb2880fc:282,union|44b6_eb2880fc:282|101,0,-21.415457916854674
geometry_1_05_focus4,44b6_eb2880fc,44b6_eb2880fc:282,union|44b6_eb2880fc:282|102,0,-21.19080951619242
geometry_1_05_focus4,44b6_eb2880fc,44b6_eb2880fc:282,union|44b6_eb2880fc:282|103,0,-18.11102696488534
geometry_1_05_focus4,44b6_eb2880fc,44b6_eb2880fc:282,union|44b6_eb2880fc:282|104,0,-23.721818515952773
geometry_1_05_focus4,44b6_eb2880fc,44b6_eb2880fc:282,union|44b6_eb2880fc:282|105,0,-24.480984403128105
geometry_1_05_focus4,44b6_eb2880fc,44b6_eb2880fc:282,union|44b6_eb2880fc:282|106,0,-23.660303787557055
geometry_1_05_focus4,44b6_eb2880fc,44b6_eb2880fc:282,union|44b6_eb2880fc:282|107,0,-21.454878348241287
geometry_1_05_focus4,44b6_eb2880fc,44b6_eb2880fc:282,union|44b6_eb2880fc:282|108,0,-25.06089992228457
geometry_1_05_focus4,44b6_eb2880fc,44b6_eb2880fc:282,union|44b6_eb2880fc:282|109,0,-23.895899592482742
geometry_1_05_focus4,44b6_eb2880fc,44b6_eb2880fc:282,union|44b6_eb2880fc:282|110,0,-23.750923516500734
geometry_1_05_focus4,44b6_eb2880fc,44b6_eb2880fc:282,union|44b6_eb2880fc:282|111,0,-23.85816128912399
geometry_1_05_focus4,44b6_eb2880fc,44b6_eb2880fc:282,union|44b6_eb2880fc:282|112,0,-21.149823308688173
geometry_1_05_focus4,44b6_eb2880fc,44b6_eb2880fc:282,union|44b6_eb2880fc:282|113,0,-26.55792652096959
geometry_1_05_focus4,44b6_eb2880fc,44b6_eb2880fc:282,union|44b6_eb2880fc:282|114,0,-21.591950560722825
geometry_1_05_focus4,44b6_eb2880fc,44b6_eb2880fc:282,union|44b6_eb2880fc:282|115,0,-22.155905859122107
geometry_1_05_focus4,44b6_eb2880fc,44b6_eb2880fc:282,union|44b6_eb2880fc:282|116,0,-27.16542739524311
geometry_1_05_focus4,44b6_eb2880fc,44b6_eb2880fc:282,union|44b6_eb2880fc:282|117,0,-24.997001160934722
geometry_1_05_focus4,44b6_eb2880fc,44b6_eb2880fc:282,union|44b6_eb2880fc:282|118,0,-21.913582233137674
geometry_1_05_focus4,44b6_eb2880fc,44b6_eb2880fc:282,union|44b6_eb2880fc:282|119,0,-21.84091097185805
geometry_1_05_focus4,44b6_eb2880fc,44b6_eb2880fc:282,union|44b6_eb2880fc:282|120,0,-19.120268928312708
geometry_1_05_focus4,44b6_eb2880fc,44b6_eb2880fc:282,union|44b6_eb2880fc:282|121,0,-17.517678570080843
geometry_1_05_focus4,44b6_eb2880fc,44b6_eb2880fc:282,union|44b6_eb2880fc:282|122,0,-24.474997538697576
geometry_1_05_focus4,44b6_eb2880fc,44b6_eb2880fc:282,union|44b6_eb2880fc:282|123,0,-23.320417732131258
geometry_1_05_focus4,44b6_eb2880fc,44b6_eb2880fc:282,union|44b6_eb2880fc:282|124,0,-23.56761119633234
geometry_1_05_focus4,44b6_eb2880fc,44b6_eb2880fc:282,union|44b6_eb2880fc:282|125,0,-23.651975441551144
geometry_1_05_focus4,44b6_eb2880fc,44b6_eb2880fc:282,union|44b6_eb2880fc:282|126,0,-24.881241858427032
geometry_1_05_focus4,44b6_eb2880fc,44b6_eb2880fc:282,union|44b6_eb2880fc:282|127,0,-19.11650103413305
geometry_1_05_focus4,44b6_eb2880fc,44b6_eb2880fc:282,union|44b6_eb2880fc:282|128,0,-21.453691902933667
geometry_1_05_focus4,44b6_eb2880fc,44b6_eb2880fc:282,union|44b6_eb2880fc:282|129,0,-27.26799086919761
geometry_1_05_focus4,44b6_eb2880fc,44b6_eb2880fc:282,union|44b6_eb2880fc:282|130,0,-27.74241501548538
geometry_1_05_focus4,44b6_eb2880fc,44b6_eb2880fc:282,union|44b6_eb2880fc:282|131,0,-27.597559591617586
geometry_1_05_focus4,44b6_eb2880fc,44b6_eb2880fc:282,union|44b6_eb2880fc:282|132,0,-27.7206430797354
geometry_1_05_focus4,44b6_eb2880fc,44b6_eb2880fc:282,union|44b6_eb2880fc:282|133,0,-20.82283834521795
geometry_1_05_focus4,44b6_eb2880fc,44b6_eb2880fc:282,union|44b6_eb2880fc:282|134,0,-22.96997850827021
geometry_1_05_focus4,44b6_eb2880fc,44b6_eb2880fc:282,union|44b6_eb2880fc:282|135,0,-23.479580645884926
geometry_1_05_focus4,44b6_eb2880fc,44b6_eb2880fc:282,union|44b6_eb2880fc:282|136,0,-23.70662352802742
geometry_1_05_focus4,44b6_eb2880fc,44b6_eb2880fc:282,union|44b6_eb2880fc:282|137,0,-25.477273685473016
geometry_1_05_focus4,44b6_eb2880fc,44b6_eb2880fc:282,union|44b6_eb2880fc:282|138,0,-28.033963577546608
geometry_1_05_focus4,44b6_eb2880fc,44b6_eb2880fc:282,union|44b6_eb2880fc:282|139,0,-25.664938939520148
geometry_1_05_focus4,44b6_eb2880fc,44b6_eb2880fc:282,union|44b6_eb2880fc:282|140,0,-25.055948790947255
geometry_1_05_focus4,44b6_eb2880fc,44b6_eb2880fc:282,union|44b6_eb2880fc:282|141,0,-22.187077651089528
geometry_1_05_focus4,44b6_eb2880fc,44b6_eb2880fc:282,union|44b6_eb2880fc:282|142,0,-16.56782698464265
geometry_1_05_focus4,44b6_eb2880fc,44b6_eb2880fc:282,union|44b6_eb2880fc:282|143,0,-21.620214475673087
geometry_1_05_focus4,44b6_eb2880fc,44b6_eb2880fc:282,union|44b6_eb2880fc:282|144,0,-16.117371957550002
geometry_1_05_focus4,44b6_eb2880fc,44b6_eb2880fc:282,union|44b6_eb2880fc:282|145,0,-24.92152971665869
geometry_1_05_focus4,44b6_eb2880fc,44b6_eb2880fc:282,union|44b6_eb2880fc:282|146,0,-19.24005819763132
geometry_1_05_focus4,44b6_eb2880fc,44b6_eb2880fc:282,union|44b6_eb2880fc:282|147,0,-17.818966827421598
geometry_1_05_focus4,44b6_eb2880fc,44b6_eb2880fc:282,union|44b6_eb2880fc:282|148,0,-16.38300138192131
geometry_1_05_focus4,44b6_eb2880fc,44b6_eb2880fc:282,union|44b6_eb2880fc:282|149,0,-23.24977205819971
geometry_1_05_focus4,44b6_eb2880fc,44b6_eb2880fc:282,union|44b6_eb2880fc:282|150,0,-23.362672319240403
geometry_1_05_focus4,44b6_eb2880fc,44b6_eb2880fc:282,union|44b6_eb2880fc:282|151,0,-20.928650877809503
geometry_1_05_focus4,44b6_eb2880fc,44b6_eb2880fc:282,union|44b6_eb2880fc:282|152,0,-22.474361253662877
geometry_1_05_focus4,44b6_eb2880fc,44b6_eb2880fc:282,union|44b6_eb2880fc:282|153,0,-22.65649331222339
geometry_1_05_focus4,44b6_eb2880fc,44b6_eb2880fc:282,union|44b6_eb2880fc:282|154,0,-24.171285361005836
geometry_1_05_focus4,44b6_eb2880fc,44b6_eb2880fc:282,union|44b6_eb2880fc:282|155,0,-22.49330666639657
geometry_1_05_focus4,44b6_eb2880fc,44b6_eb2880fc:282,union|44b6_eb2880fc:282|156,0,-22.355797601483296
geometry_1_05_focus4,44b6_eb2880fc,44b6_eb2880fc:282,union|44b6_eb2880fc:282|157,0,-19.876444878948956
geometry_1_05_focus4,44b6_eb2880fc,44b6_eb2880fc:282,union|44b6_eb2880fc:282|158,0,-21.02551801922109
geometry_1_05_focus4,44b6_eb2880fc,44b6_eb2880fc:282,union|44b6_eb2880fc:282|159,0,-25.50291415059897
geometry_1_05_focus4,44b6_eb2880fc,44b6_eb2880fc:282,union|44b6_eb2880fc:282|160,0,-20.731655528620234
geometry_1_05_focus4,44b6_eb2880fc,44b6_eb2880fc:282,union|44b6_eb2880fc:282|161,0,-22.753191542849464
geometry_1_05_focus4,44b6_eb2880fc,44b6_eb2880fc:282,union|44b6_eb2880fc:282|162,0,-26.07706600589473
geometry_1_05_focus4,44b6_eb2880fc,44b6_eb2880fc:282,union|44b6_eb2880fc:282|163,0,-23.248019983842617
geometry_1_05_focus4,44b6_eb2880fc,44b6_eb2880fc:282,union|44b6_eb2880fc:282|164,0,-27.79949401723325
geometry_1_05_focus4,44b6_eb2880fc,44b6_eb2880fc:282,union|44b6_eb2880fc:282|165,0,-28.3815468652821
geometry_1_05_focus4,44b6_eb2880fc,44b6_eb2880fc:282,union|44b6_eb2880fc:282|166,0,-22.41809737101685
geometry_1_05_focus4,44b6_eb2880fc,44b6_eb2880fc:282,union|44b6_eb2880fc:282|167,0,-25.285945224606944
geometry_1_05_focus4,44b6_eb2880fc,44b6_eb2880fc:282,union|44b6_eb2880fc:282|168,0,-27.453035652909083
geometry_1_05_focus4,44b6_eb2880fc,44b6_eb2880fc:282,union|44b6_eb2880fc:282|169,0,-22.384317539191354
geometry_1_05_focus4,44b6_eb2880fc,44b6_eb2880fc:282,union|44b6_eb2880fc:282|170,0,-17.92662199975404
geometry_1_05_focus4,44b6_eb2880fc,44b6_eb2880fc:282,union|44b6_eb2880fc:282|171,0,-17.80435479906158
geometry_1_05_focus4,44b6_eb2880fc,44b6_eb2880fc:282,union|44b6_eb2880fc:282|172,0,-30.739274658186126
geometry_1_05_focus4,44b6_eb2880fc,44b6_eb2880fc:282,union|44b6_eb2880fc:282|173,0,-24.93069532911118
geometry_1_05_focus4,44b6_eb2880fc,44b6_eb2880fc:282,union|44b6_eb2880fc:282|174,0,-27.907150789771073
geometry_1_05_focus4,44b6_eb2880fc,44b6_eb2880fc:282,union|44b6_eb2880fc:282|175,0,-26.491032377707512
geometry_1_05_focus4,44b6_eb2880fc,44b6_eb2880fc:282,union|44b6_eb2880fc:282|176,0,-23.232897478472
geometry_1_05_focus4,44b6_eb2880fc,44b6_eb2880fc:282,union|44b6_eb2880fc:282|177,0,-20.7099181456403
geometry_1_05_focus4,44b6_eb2880fc,44b6_eb2880fc:282,union|44b6_eb2880fc:282|178,0,-29.90170906941193
geometry_1_05_focus4,44b6_eb2880fc,44b6_eb2880fc:282,union|44b6_eb2880fc:282|179,0,-19.99532661337637
geometry_1_05_focus4,44b6_eb2880fc,44b6_eb2880fc:282,union|44b6_eb2880fc:282|180,0,-30.543889634246657
geometry_1_05_focus4,6bba_05db0fb1,6bba_05db0fb1:229,union|6bba_05db0fb1:229|0,0,-19.134317129512198
geometry_1_05_focus4,6bba_05db0fb1,6bba_05db0fb1:229,union|6bba_05db0fb1:229|1,0,-21.300850587625977
geometry_1_05_focus4,6bba_05db0fb1,6bba_05db0fb1:229,union|6bba_05db0fb1:229|2,0,-20.118337952141182
geometry_1_05_focus4,6bba_05db0fb1,6bba_05db0fb1:229,union|6bba_05db0fb1:229|3,0,-20.605144991186354
geometry_1_05_focus4,6bba_05db0fb1,6bba_05db0fb1:229,union|6bba_05db0fb1:229|4,0,-22.97240893150763
geometry_1_05_focus4,6bba_05db0fb1,6bba_05db0fb1:229,union|6bba_05db0fb1:229|5,0,-19.201561685379502
geometry_1_05_focus4,6bba_05db0fb1,6bba_05db0fb1:229,union|6bba_05db0fb1:229|6,0,-23.62952423768222
geometry_1_05_focus4,6bba_05db0fb1,6bba_05db0fb1:229,union|6bba_05db0fb1:229|7,0,-22.699965795909357
geometry_1_05_focus4,6bba_05db0fb1,6bba_05db0fb1:229,union|6bba_05db0fb1:229|8,0,-22.624516619064135
geometry_1_05_focus4,6bba_05db0fb1,6bba_05db0fb1:229,union|6bba_05db0fb1:229|9,0,-23.62952423768222
geometry_1_05_focus4,6bba_05db0fb1,6bba_05db0fb1:229,union|6bba_05db0fb1:229|10,0,-23.487543191437645
geometry_1_05_focus4,6bba_05db0fb1,6bba_05db0fb1:229,union|6bba_05db0fb1:229|11,0,-24.80850888590182
geometry_1_05_focus4,6bba_05db0fb1,6bba_05db0fb1:229,union|6bba_05db0fb1:229|12,0,-22.905235158400426
geometry_1_05_focus4,6bba_05db0fb1,6bba_05db0fb1:229,union|6bba_05db0fb1:229|13,0,-27.690649791458256
geometry_1_05_focus4,6bba_05db0fb1,6bba_05db0fb1:229,union|6bba_05db0fb1:229|14,0,-26.780575605093837
geometry_1_05_focus4,6bba_05db0fb1,6bba_05db0fb1:229,union|6bba_05db0fb1:229|15,0,-23.536067102011167
geometry_1_05_focus4,6bba_05db0fb1,6bba_05db0fb1:229,union|6bba_05db0fb1:229|16,0,-14.385497717851043
geometry_1_05_focus4,6bba_05db0fb1,6bba_05db0fb1:229,union|6bba_05db0fb1:229|17,0,-14.780523291625164
geometry_1_05_focus4,6bba_05db0fb1,6bba_05db0fb1:229,union|6bba_05db0fb1:229|18,0,-20.99795271423347
geometry_1_05_focus4,6bba_05db0fb1,6bba_05db0fb1:229,union|6bba_05db0fb1:229|19,0,-16.539317364485864
geometry_1_05_focus4,6bba_05db0fb1,6bba_05db0fb1:229,union|6bba_05db0fb1:229|20,0,-17.14380093898218
geometry_1_05_focus4,6bba_05db0fb1,6bba_05db0fb1:229,union|6bba_05db0fb1:229|21,0,-22.03026598122068
geometry_1_05_focus4,6bba_05db0fb1,6bba_05db0fb1:229,union|6bba_05db0fb1:229|22,0,-20.27994727615757
geometry_1_05_focus4,6bba_05db0fb1,6bba_05db0fb1:229,union|6bba_05db0fb1:229|23,0,-16.320166170868802
geometry_1_05_focus4,6bba_05db0fb1,6bba_05db0fb1:229,union|6bba_05db0fb1:229|24,0,-23.778810392574137
geometry_1_05_focus4,6bba_05db0fb1,6bba_05db0fb1:229,union|6bba_05db0fb1:229|25,0,-25.318986876570957
geometry_1_05_focus4,6bba_05db0fb1,6bba_05db0fb1:229,union|6bba_05db0fb1:229|26,0,-27.053522834743713
geometry_1_05_focus4,6bba_05db0fb1,6bba_05db0fb1:229,union|6bba_05db0fb1:229|27,0,-14.866780777215606
geometry_1_05_focus4,6bba_05db0fb1,6bba_05db0fb1:229,union|6bba_05db0fb1:229|28,0,-20.69375770713266
geometry_1_05_focus4,6bba_05db0fb1,6bba_05db0fb1:229,union|6bba_05db0fb1:229|29,0,-28.851605596831874
geometry_1_05_focus4,6bba_05db0fb1,6bba_05db0fb1:229,union|6bba_05db0fb1:229|30,0,-19.56766673191708
geometry_1_05_focus4,6bba_05db0fb1,6bba_05db0fb1:229,union|6bba_05db0fb1:229|31,0,-24.130616440455142
geometry_1_05_focus4,6bba_05db0fb1,6bba_05db0fb1:229,union|6bba_05db0fb1:229|32,0,-20.84086245088126
geometry_1_05_focus4,6bba_05db0fb1,6bba_05db0fb1:229,union|6bba_05db0fb1:229|33,0,-21.01771933959198
geometry_1_05_focus4,6bba_05db0fb1,6bba_05db0fb1:229,union|6bba_05db0fb1:229|34,0,-21.676047201266137
geometry_1_05_focus4,6bba_05db0fb1,6bba_05db0fb1:229,union|6bba_05db0fb1:229|35,0,-20.53275778250617
geometry_1_05_focus4,6bba_05db0fb1,6bba_05db0fb1:229,union|6bba_05db0fb1:229|36,0,-25.11401493486072
geometry_1_05_focus4,6bba_05db0fb1,6bba_05db0fb1:229,union|6bba_05db0fb1:229|37,0,-23.655866836934155
geometry_1_05_focus4,6bba_05db0fb1,6bba_05db0fb1:229,union|6bba_05db0fb1:229|38,0,-23.851791230974463
geometry_1_05_focus4,6bba_05db0fb1,6bba_05db0fb1:229,union|6bba_05db0fb1:229|39,0,-19.532181915198734
geometry_1_05_focus4,6bba_05db0fb1,6bba_05db0fb1:229,union|6bba_05db0fb1:229|40,0,-27.49689165431031
geometry_1_05_focus4,6bba_05db0fb1,6bba_05db0fb1:229,union|6bba_05db0fb1:229|41,0,-28.38548555380067
geometry_1_05_focus4,6bba_05db0fb1,6bba_05db0fb1:229,union|6bba_05db0fb1:229|42,0,-16.417299872194107
geometry_1_05_focus4,6bba_05db0fb1,6bba_05db0fb1:229,union|6bba_05db0fb1:229|43,0,-17.137330822805524
geometry_1_05_focus4,6bba_05db0fb1,6bba_05db0fb1:229,union|6bba_05db0fb1:229|44,0,-14.665982096633991
geometry_1_05_focus4,6bba_05db0fb1,6bba_05db0fb1:229,union|6bba_05db0fb1:229|45,0,-19.606372165863984
geometry_1_05_focus4,6bba_05db0fb1,6bba_05db0fb1:229,union|6bba_05db0fb1:229|46,0,-22.77690484389522
geometry_1_05_focus4,6bba_05db0fb1,6bba_05db0fb1:229,union|6bba_05db0fb1:229|47,0,-22.699965795909357
geometry_1_05_focus4,6bba_05db0fb1,6bba_05db0fb1:229,union|6bba_05db0fb1:229|48,0,-21.010188679899187
geometry_1_05_focus4,6bba_05db0fb1,6bba_05db0fb1:229,union|6bba_05db0fb1:229|49,0,-13.953431254507759
geometry_1_05_focus4,6bba_05db0fb1,6bba_05db0fb1:229,union|6bba_05db0fb1:229|50,0,-20.27901642822487
geometry_1_05_focus4,6bba_05db0fb1,6bba_05db0fb1:229,union|6bba_05db0fb1:229|51,0,-24.209822049626545
geometry_1_05_focus4,6bba_05db0fb1,6bba_05db0fb1:229,union|6bba_05db0fb1:229|52,0,-23.3789917913269
geometry_1_05_focus4,6bba_05db0fb1,6bba_05db0fb1:229,union|6bba_05db0fb1:229|53,0,-19.482300964683667
geometry_1_05_focus4,6bba_05db0fb1,6bba_05db0fb1:229,union|6bba_05db0fb1:229|54,0,-24.403460256249307
geometry_1_05_focus4,6bba_05db0fb1,6bba_05db0fb1:229,union|6bba_05db0fb1:229|55,0,-18.700608142264812
geometry_1_05_focus4,6bba_05db0fb1,6bba_05db0fb1:229,union|6bba_05db0fb1:229|56,0,-22.950834156797775
geometry_1_05_focus4,6bba_05db0fb1,6bba_05db0fb1:229,union|6bba_05db0fb1:229|57,0,-29.2311297125549
geometry_1_05_focus4,6bba_05db0fb1,6bba_05db0fb1:229,union|6bba_05db0fb1:229|58,0,-17.190097964240053
geometry_1_05_focus4,6bba_05db0fb1,6bba_05db0fb1:229,union|6bba_05db0fb1:229|59,0,-25.323758969925464
geometry_1_05_focus4,6bba_05db0fb1,6bba_05db0fb1:229,union|6bba_05db0fb1:229|60,0,-14.483883206535907
geometry_1_05_focus4,6bba_05db0fb1,6bba_05db0fb1:229,union|6bba_05db0fb1:229|61,0,-16.08421585086213
geometry_1_05_focus4,6bba_05db0fb1,6bba_05db0fb1:229,union|6bba_05db0fb1:229|62,0,-23.655866836934155
geometry_1_05_focus4,6bba_05db0fb1,6bba_05db0fb1:229,union|6bba_05db0fb1:229|63,0,-16.807359639296322
geometry_1_05_focus4,6bba_05db0fb1,6bba_05db0fb1:229,union|6bba_05db0fb1:229|64,0,-15.555490082631266
geometry_1_05_focus4,6bba_05db0fb1,6bba_05db0fb1:229,union|6bba_05db0fb1:229|65,0,-19.776391903869673
geometry_1_05_focus4,6bba_05db0fb1,6bba_05db0fb1:229,union|6bba_05db0fb1:229|66,0,-23.287203604599306
geometry_1_05_focus4,6bba_05db0fb1,6bba_05db0fb1:229,union|6bba_05db0fb1:229|67,0,-22.90887211339916
geometry_1_05_focus4,6bba_05db0fb1,6bba_05db0fb1:229,union|6bba_05db0fb1:229|68,0,-28.989484983138095
geometry_1_05_focus4,6bba_05db0fb1,6bba_05db0fb1:229,union|6bba_05db0fb1:229|69,0,-18.876617408233543
geometry_1_05_focus4,6bba_05db0fb1,6bba_05db0fb1:229,union|6bba_05db0fb1:229|70,0,-19.819887303309233
geometry_1_05_focus4,6bba_05db0fb1,6bba_05db0fb1:229,union|6bba_05db0fb1:229|71,0,-28.277495648233945
geometry_1_05_focus4,6bba_05db0fb1,6bba_05db0fb1:229,union|6bba_05db0fb1:229|72,0,-19.050056707592567
geometry_1_05_focus4,6bba_05db0fb1,6bba_05db0fb1:229,union|6bba_05db0fb1:229|73,0,-24.732573307231984
geometry_1_05_focus4,6bba_05db0fb1,6bba_05db0fb1:229,union|6bba_05db0fb1:229|74,0,-22.117297322561207
geometry_1_05_focus4,6bba_05db0fb1,6bba_05db0fb1:229,union|6bba_05db0fb1:229|75,0,-24.341280251049632
geometry_1_05_focus4,6bba_05db0fb1,6bba_05db0fb1:229,union|6bba_05db0fb1:229|76,0,-23.36045100284881
geometry_1_05_focus4,6bba_05db0fb1,6bba_05db0fb1:229,union|6bba_05db0fb1:229|77,0,-20.585114710650863
geometry_1_05_focus4,6bba_05db0fb1,6bba_05db0fb1:229,union|6bba_05db0fb1:229|78,0,-22.814012023025366
geometry_1_05_focus4,6bba_05db0fb1,6bba_05db0fb1:229,union|6bba_05db0fb1:229|79,0,-21.260835100974717
geometry_1_05_focus4,6bba_05db0fb1,6bba_05db0fb1:229,union|6bba_05db0fb1:229|80,0,-24.696057909571177
geometry_1_05_focus4,6bba_05db0fb1,6bba_05db0fb1:229,union|6bba_05db0fb1:229|81,0,-25.1555314928099
geometry_1_05_focus4,6bba_05db0fb1,6bba_05db0fb1:229,union|6bba_05db0fb1:229|82,0,-24.11255736617888
geometry_1_05_focus4,6bba_05db0fb1,6bba_05db0fb1:229,union|6bba_05db0fb1:229|83,0,-27.347544717325974
geometry_1_05_focus4,6bba_05db0fb1,6bba_05db0fb1:229,union|6bba_05db0fb1:229|84,0,-20.306461985619933
geometry_1_05_focus4,6bba_05db0fb1,6bba_05db0fb1:229,union|6bba_05db0fb1:229|85,0,-19.67314305152225
geometry_1_05_focus4,6bba_05db0fb1,6bba_05db0fb1:229,union|6bba_05db0fb1:229|86,0,-15.82669503983127
geometry_1_05_focus4,6bba_05db0fb1,6bba_05db0fb1:229,union|6bba_05db0fb1:229|87,1,-14.950230943517465
geometry_1_05_focus4,6bba_05db0fb1,6bba_05db0fb1:229,union|6bba_05db0fb1:229|88,0,-15.940730974010872
geometry_1_05_focus4,6bba_05db0fb1,6bba_05db0fb1:229,union|6bba_05db0fb1:229|89,0,-19.007048479436875
geometry_1_05_focus4,6bba_05db0fb1,6bba_05db0fb1:229,union|6bba_05db0fb1:229|90,0,-22.689073792596623
geometry_1_05_focus4,6bba_05db0fb1,6bba_05db0fb1:229,union|6bba_05db0fb1:229|91,0,-25.151549302427554
geometry_1_05_focus4,6bba_05db0fb1,6bba_05db0fb1:229,union|6bba_05db0fb1:229|92,0,-20.61794902109316
geometry_1_05_focus4,6bba_05db0fb1,6bba_05db0fb1:229,union|6bba_05db0fb1:229|93,0,-23.835166952428732
geometry_1_05_focus4,6bba_05db0fb1,6bba_05db0fb1:229,union|6bba_05db0fb1:229|94,0,-18.282737150069384
geometry_1_05_focus4,6bba_05db0fb1,6bba_05db0fb1:229,union|6bba_05db0fb1:229|95,0,-20.272463895459286
geometry_1_05_focus4,6bba_05db0fb1,6bba_05db0fb1:229,union|6bba_05db0fb1:229|96,0,-20.424011534557813
geometry_1_05_focus4,6bba_05db0fb1,6bba_05db0fb1:229,union|6bba_05db0fb1:229|97,0,-16.94984887348029
geometry_1_05_focus4,6bba_05db0fb1,6bba_05db0fb1:229,union|6bba_05db0fb1:229|98,0,-20.006993009023674
geometry_1_05_focus4,6bba_05db0fb1,6bba_05db0fb1:229,union|6bba_05db0fb1:229|99,0,-24.58553818161826
geometry_1_05_focus4,6bba_05db0fb1,6bba_05db0fb1:229,union|6bba_05db0fb1:229|100,0,-23.193949716654735
geometry_1_05_focus4,6bba_05db0fb1,6bba_05db0fb1:229,union|6bba_05db0fb1:229|101,0,-21.26399550423731
geometry_1_05_focus4,6bba_05db0fb1,6bba_05db0fb1:229,union|6bba_05db0fb1:229|102,0,-16.38080077130016
geometry_1_05_focus4,6bba_05db0fb1,6bba_05db0fb1:229,union|6bba_05db0fb1:229|103,0,-25.024572633765295
geometry_1_05_focus4,6bba_05db0fb1,6bba_05db0fb1:229,union|6bba_05db0fb1:229|104,0,-20.871599175949903
geometry_1_05_focus4,6bba_05db0fb1,6bba_05db0fb1:229,union|6bba_05db0fb1:229|105,0,-21.044916336495472
geometry_1_05_focus4,6bba_05db0fb1,6bba_05db0fb1:229,union|6bba_05db0fb1:229|106,0,-20.53275778250617
geometry_1_05_focus4,6bba_05db0fb1,6bba_05db0fb1:229,union|6bba_05db0fb1:229|107,0,-19.780465119321455
geometry_1_05_focus4,6bba_05db0fb1,6bba_05db0fb1:229,union|6bba_05db0fb1:229|108,0,-21.472143271059362
geometry_1_05_focus4,6bba_05db0fb1,6bba_05db0fb1:229,union|6bba_05db0fb1:229|109,0,-26.29294429412484
geometry_1_05_focus4,6bba_05db0fb1,6bba_05db0fb1:229,union|6bba_05db0fb1:229|110,0,-23.94407223617435
geometry_1_05_focus4,6bba_05db0fb1,6bba_05db0fb1:229,union|6bba_05db0fb1:229|111,0,-24.262752906946332
geometry_1_05_focus4,6bba_05db0fb1,6bba_05db0fb1:229,union|6bba_05db0fb1:229|112,0,-24.711111026006247
geometry_1_05_focus4,6bba_05db0fb1,6bba_05db0fb1:229,union|6bba_05db0fb1:229|113,0,-21.224937420950727
geometry_1_05_focus4,6bba_05db0fb1,6bba_05db0fb1:229,union|6bba_05db0fb1:229|114,0,-22.285197865261317
geometry_1_05_focus4,6bba_05db0fb1,6bba_05db0fb1:229,union|6bba_05db0fb1:229|115,0,-24.485493933805294
geometry_1_05_focus4,6bba_05db0fb1,6bba_05db0fb1:229,union|6bba_05db0fb1:229|116,0,-18.67739520854277
geometry_1_05_focus4,6bba_05db0fb1,6bba_05db0fb1:229,union|6bba_05db0fb1:229|117,0,-20.775372773891878
geometry_1_05_focus4,6bba_05db0fb1,6bba_05db0fb1:229,union|6bba_05db0fb1:229|118,0,-24.11704858186433
geometry_1_05_focus4,6bba_05db0fb1,6bba_05db0fb1:229,union|6bba_05db0fb1:229|119,0,-27.959361700898228
geometry_1_05_focus4,6bba_05db0fb1,6bba_05db0fb1:229,union|6bba_05db0fb1:229|120,0,-19.770345138542854
geometry_1_05_focus4,6bba_05db0fb1,6bba_05db0fb1:229,union|6bba_05db0fb1:229|121,0,-16.27227834669428
geometry_1_05_focus4,6bba_05db0fb1,6bba_05db0fb1:229,union|6bba_05db0fb1:229|122,0,-20.3557140079757
geometry_1_05_focus4,6bba_05db0fb1,6bba_05db0fb1:229,union|6bba_05db0fb1:229|123,0,-20.82503863888624
geometry_1_05_focus4,6bba_05db0fb1,6bba_05db0fb1:229,union|6bba_05db0fb1:229|124,0,-24.189746728908638
geometry_1_05_focus4,6bba_05db0fb1,6bba_05db0fb1:229,union|6bba_05db0fb1:229|125,0,-24.14012376181695
geometry_1_05_focus4,6bba_05db0fb1,6bba_05db0fb1:229,union|6bba_05db0fb1:229|126,0,-23.439253515289565
geometry_1_05_focus4,6bba_05db0fb1,6bba_05db0fb1:229,union|6bba_05db0fb1:229|127,0,-19.776391903869673
geometry_1_05_focus4,6bba_05db0fb1,6bba_05db0fb1:229,union|6bba_05db0fb1:229|128,0,-19.471911716421634
geometry_1_05_focus4,6bba_05db0fb1,6bba_05db0fb1:229,union|6bba_05db0fb1:229|129,0,-20.704050465939556
geometry_1_05_focus4,6bba_05db0fb1,6bba_05db0fb1:229,union|6bba_05db0fb1:229|130,0,-18.353953085003067
geometry_1_05_focus4,6bba_05db0fb1,6bba_05db0fb1:229,union|6bba_05db0fb1:229|131,0,-20.77797151260981
geometry_1_05_focus4,6bba_05db0fb1,6bba_05db0fb1:229,union|6bba_05db0fb1:229|132,0,-28.652197810237894
geometry_1_05_focus4,6bba_05db0fb1,6bba_05db0fb1:229,union|6bba_05db0fb1:229|133,0,-20.703301171921044
geometry_1_05_focus4,6bba_05db0fb1,6bba_05db0fb1:229,union|6bba_05db0fb1:229|134,0,-20.128368941704398
geometry_1_05_focus4,6bba_05db0fb1,6bba_05db0fb1:229,union|6bba_05db0fb1:229|135,0,-24.426578535165252
geometry_1_05_focus4,6bba_05db0fb1,6bba_05db0fb1:229,union|6bba_05db0fb1:229|136,0,-10.941028058224513
geometry_1_05_focus4,6bba_05db0fb1,6bba_05db0fb1:229,union|6bba_05db0fb1:229|137,0,-22.13065819205802
geometry_1_05_focus4,6bba_05db0fb1,6bba_05db0fb1:229,union|6bba_05db0fb1:229|138,0,-16.807359639296322
geometry_1_05_focus4,6bba_05db0fb1,6bba_05db0fb1:229,union|6bba_05db0fb1:229|139,0,-20.586444948727042
geometry_1_05_focus4,6bba_05db0fb1,6bba_05db0fb1:229,union|6bba_05db0fb1:229|140,0,-27.185077800255563
geometry_1_05_focus4,6bba_05db0fb1,6bba_05db0fb1:229,union|6bba_05db0fb1:229|141,0,-23.473984785143358
geometry_1_05_focus4,6bba_05db0fb1,6bba_05db0fb1:229,union|6bba_05db0fb1:229|142,0,-21.360532845654348
geometry_1_05_focus4,6bba_05db0fb1,6bba_05db0fb1:229,union|6bba_05db0fb1:229|143,0,-22.888727492600772
geometry_1_05_focus4,6bba_05db0fb1,6bba_05db0fb1:229,union|6bba_05db0fb1:229|144,0,-27.998259545017063
geometry_1_05_focus4,6bba_05db0fb1,6bba_05db0fb1:229,union|6bba_05db0fb1:229|145,0,-23.645628574737255
geometry_1_05_focus4,6bba_05db0fb1,6bba_05db0fb1:229,union|6bba_05db0fb1:229|146,0,-19.886638827389874
geometry_1_05_focus4,6bba_05db0fb1,6bba_05db0fb1:229,union|6bba_05db0fb1:229|147,0,-24.179379926028062
geometry_1_05_focus4,6bba_05db0fb1,6bba_05db0fb1:229,union|6bba_05db0fb1:229|148,0,-22.06421718563807
geometry_1_05_focus4,6bba_05db0fb1,6bba_05db0fb1:229,union|6bba_05db0fb1:229|149,0,-23.78741873261364
geometry_1_05_focus4,6bba_05db0fb1,6bba_05db0fb1:229,union|6bba_05db0fb1:229|150,0,-25.352550991073358
geometry_1_05_focus4,6bba_05db0fb1,6bba_05db0fb1:229,union|6bba_05db0fb1:229|151,0,-28.14745060257109
geometry_1_05_focus4,6bba_05db0fb1,6bba_05db0fb1:229,union|6bba_05db0fb1:229|152,0,-25.454747080098706
geometry_1_05_focus4,6bba_05db0fb1,6bba_05db0fb1:229,union|6bba_05db0fb1:229|153,0,-25.224738715852368
geometry_1_05_focus4,6bba_05db0fb1,6bba_05db0fb1:229,union|6bba_05db0fb1:229|154,0,-26.01666780530114
geometry_1_05_focus4,6bba_05db0fb1,6bba_05db0fb1:229,union|6bba_05db0fb1:229|155,0,-20.439181360284042
geometry_1_05_focus4,6bba_05db0fb1,6bba_05db0fb1:229,union|6bba_05db0fb1:229|156,0,-27.452047008821967
geometry_1_05_focus4,6bba_05db0fb1,6bba_05db0fb1:229,union|6bba_05db0fb1:229|157,0,-22.356019455489076
geometry_1_05_focus4,6bba_05db0fb1,6bba_05db0fb1:229,union|6bba_05db0fb1:229|158,0,-26.989681422217974
geometry_1_05_focus4,6bba_05db0fb1,6bba_05db0fb1:229,union|6bba_05db0fb1:229|159,0,-27.47073137041044
geometry_1_05_focus4,6bba_05db0fb1,6bba_05db0fb1:229,union|6bba_05db0fb1:229|160,0,-25.19544882431316
geometry_1_05_focus4,6bba_05db0fb1,6bba_05db0fb1:229,union|6bba_05db0fb1:229|161,0,-31.011893262440054
geometry_1_05_focus4,6bba_05db0fb1,6bba_05db0fb1:229,union|6bba_05db0fb1:229|162,0,-31.918883446274677
geometry_1_05_focus4,6bba_05db0fb1,6bba_05db0fb1:229,union|6bba_05db0fb1:229|163,0,-24.832761048311433
geometry_1_05_focus4,6bba_05db0fb1,6bba_05db0fb1:229,union|6bba_05db0fb1:229|164,0,-33.069937839821634
geometry_1_05_focus4,6bba_05db0fb1,6bba_05db0fb1:229,union|6bba_05db0fb1:229|165,0,-23.943650540977345
geometry_1_05_focus4,6bba_05db0fb1,6bba_05db0fb1:229,union|6bba_05db0fb1:229|166,0,-28.363893754597495
geometry_1_05_focus4,6bba_05db0fb1,6bba_05db0fb1:229,union|6bba_05db0fb1:229|167,0,-28.67313051526048
geometry_1_05_focus4,6bba_05db0fb1,6bba_05db0fb1:229,union|6bba_05db0fb1:229|168,0,-24.082923673690146
geometry_1_05_focus4,6bba_05db0fb1,6bba_05db0fb1:229,union|6bba_05db0fb1:229|169,0,-24.68858589692113
geometry_1_05_focus4,6bba_05db0fb1,6bba_05db0fb1:229,union|6bba_05db0fb1:229|170,0,-29.160335788947485
geometry_1_05_focus4,6bba_05db0fb1,6bba_05db0fb1:229,union|6bba_05db0fb1:229|171,0,-27.12145906311248
geometry_1_05_focus4,6bba_05db0fb1,6bba_05db0fb1:229,union|6bba_05db0fb1:229|172,0,-26.38811504468245
geometry_1_05_focus4,6bba_05db0fb1,6bba_05db0fb1:751,union|6bba_05db0fb1:751|0,0,-21.245999485818587
geometry_1_05_focus4,6bba_05db0fb1,6bba_05db0fb1:751,union|6bba_05db0fb1:751|1,0,-16.276446232053473
geometry_1_05_focus4,6bba_05db0fb1,6bba_05db0fb1:751,union|6bba_05db0fb1:751|2,0,-16.60622560012573
geometry_1_05_focus4,6bba_05db0fb1,6bba_05db0fb1:751,union|6bba_05db0fb1:751|3,0,-16.286888040034945
geometry_1_05_focus4,6bba_05db0fb1,6bba_05db0fb1:751,union|6bba_05db0fb1:751|4,0,-16.333614233103837
geometry_1_05_focus4,6bba_05db0fb1,6bba_05db0fb1:751,union|6bba_05db0fb1:751|5,0,-18.61547656140406
geometry_1_05_focus4,6bba_05db0fb1,6bba_05db0fb1:751,union|6bba_05db0fb1:751|6,0,-17.280335523533708
geometry_1_05_focus4,6bba_05db0fb1,6bba_05db0fb1:751,union|6bba_05db0fb1:751|7,0,-21.058404632006287
geometry_1_05_focus4,6bba_05db0fb1,6bba_05db0fb1:751,union|6bba_05db0fb1:751|8,0,-21.33627898368092
geometry_1_05_focus4,6bba_05db0fb1,6bba_05db0fb1:751,union|6bba_05db0fb1:751|9,0,-20.28120363491277
geometry_1_05_focus4,6bba_05db0fb1,6bba_05db0fb1:751,union|6bba_05db0fb1:751|10,0,-25.81547496644692
geometry_1_05_focus4,6bba_05db0fb1,6bba_05db0fb1:751,union|6bba_05db0fb1:751|11,0,-20.200974486739632
geometry_1_05_focus4,6bba_05db0fb1,6bba_05db0fb1:751,union|6bba_05db0fb1:751|12,0,-20.650891251845714
geometry_1_05_focus4,6bba_05db0fb1,6bba_05db0fb1:751,union|6bba_05db0fb1:751|13,0,-24.46269282929083
geometry_1_05_focus4,6bba_05db0fb1,6bba_05db0fb1:751,union|6bba_05db0fb1:751|14,0,-20.744725101935128
geometry_1_05_focus4,6bba_05db0fb1,6bba_05db0fb1:751,union|6bba_05db0fb1:751|15,0,-24.102389442075932
geometry_1_05_focus4,6bba_05db0fb1,6bba_05db0fb1:751,union|6bba_05db0fb1:751|16,0,-22.533627382175318
geometry_1_05_focus4,6bba_05db0fb1,6bba_05db0fb1:751,union|6bba_05db0fb1:751|17,0,-20.968167838416402
geometry_1_05_focus4,6bba_05db0fb1,6bba_05db0fb1:751,union|6bba_05db0fb1:751|18,0,-21.154584262835645
geometry_1_05_focus4,6bba_05db0fb1,6bba_05db0fb1:751,union|6bba_05db0fb1:751|19,0,-21.015234964692834
geometry_1_05_focus4,6bba_05db0fb1,6bba_05db0fb1:751,union|6bba_05db0fb1:751|20,0,-20.727910447565204
geometry_1_05_focus4,6bba_05db0fb1,6bba_05db0fb1:751,union|6bba_05db0fb1:751|21,0,-19.66627855894427
geometry_1_05_focus4,6bba_05db0fb1,6bba_05db0fb1:751,union|6bba_05db0fb1:751|22,0,-21.939620222989596
geometry_1_05_focus4,6bba_05db0fb1,6bba_05db0fb1:751,union|6bba_05db0fb1:751|23,0,-18.737797071005843
geometry_1_05_focus4,6bba_05db0fb1,6bba_05db0fb1:751,union|6bba_05db0fb1:751|24,0,-25.365838418625806
geometry_1_05_focus4,6bba_05db0fb1,6bba_05db0fb1:751,union|6bba_05db0fb1:751|25,0,-24.831231043026296
geometry_1_05_focus4,6bba_05db0fb1,6bba_05db0fb1:751,union|6bba_05db0fb1:751|26,0,-23.63856909232083
geometry_1_05_focus4,6bba_05db0fb1,6bba_05db0fb1:751,union|6bba_05db0fb1:751|27,0,-26.298011064539843
geometry_1_05_focus4,6bba_05db0fb1,6bba_05db0fb1:751,union|6bba_05db0fb1:751|28,0,-23.661921957138865
geometry_1_05_focus4,6bba_05db0fb1,6bba_05db0fb1:751,union|6bba_05db0fb1:751|29,0,-21.316834686651674
geometry_1_05_focus4,6bba_05db0fb1,6bba_05db0fb1:751,union|6bba_05db0fb1:751|30,0,-17.819148938167924
geometry_1_05_focus4,6bba_05db0fb1,6bba_05db0fb1:751,union|6bba_05db0fb1:751|31,0,-19.952918800995377
geometry_1_05_focus4,6bba_05db0fb1,6bba_05db0fb1:751,union|6bba_05db0fb1:751|32,1,-12.009249461739895
geometry_1_05_focus4,6bba_05db0fb1,6bba_05db0fb1:751,union|6bba_05db0fb1:751|33,0,-16.95566130632095
geometry_1_05_focus4,6bba_05db0fb1,6bba_05db0fb1:751,union|6bba_05db0fb1:751|34,0,-15.415565274344374
geometry_1_05_focus4,6bba_05db0fb1,6bba_05db0fb1:751,union|6bba_05db0fb1:751|35,0,-20.312927608570664
geometry_1_05_focus4,6bba_05db0fb1,6bba_05db0fb1:751,union|6bba_05db0fb1:751|36,0,-16.07607803289033
geometry_1_05_focus4,6bba_05db0fb1,6bba_05db0fb1:751,union|6bba_05db0fb1:751|37,0,-25.300592705055458
geometry_1_05_focus4,6bba_05db0fb1,6bba_05db0fb1:751,union|6bba_05db0fb1:751|38,0,-25.709032988836213
geometry_1_05_focus4,6bba_05db0fb1,6bba_05db0fb1:751,union|6bba_05db0fb1:751|39,0,-25.099816795298743
geometry_1_05_focus4,6bba_05db0fb1,6bba_05db0fb1:751,union|6bba_05db0fb1:751|40,0,-19.21945572157913
geometry_1_05_focus4,6bba_05db0fb1,6bba_05db0fb1:751,union|6bba_05db0fb1:751|41,0,-23.67254693279098
geometry_1_05_focus4,6bba_05db0fb1,6bba_05db0fb1:751,union|6bba_05db0fb1:751|42,0,-22.402464827489307
geometry_1_05_focus4,6bba_05db0fb1,6bba_05db0fb1:751,union|6bba_05db0fb1:751|43,0,-18.522873127536293
geometry_1_05_focus4,6bba_05db0fb1,6bba_05db0fb1:751,union|6bba_05db0fb1:751|44,0,-16.823805952498507
geometry_1_05_focus4,6bba_05db0fb1,6bba_05db0fb1:751,union|6bba_05db0fb1:751|45,0,-20.241948299572435
geometry_1_05_focus4,6bba_05db0fb1,6bba_05db0fb1:751,union|6bba_05db0fb1:751|46,0,-19.924921360025294
geometry_1_05_focus4,6bba_05db0fb1,6bba_05db0fb1:751,union|6bba_05db0fb1:751|47,0,-18.59767339346026
geometry_1_05_focus4,6bba_05db0fb1,6bba_05db0fb1:751,union|6bba_05db0fb1:751|48,0,-20.879535721760483
geometry_1_05_focus4,6bba_05db0fb1,6bba_05db0fb1:751,union|6bba_05db0fb1:751|49,0,-20.873069675513108
geometry_1_05_focus4,6bba_05db0fb1,6bba_05db0fb1:751,union|6bba_05db0fb1:751|50,0,-22.637518117371027
geometry_1_05_focus4,6bba_05db0fb1,6bba_05db0fb1:751,union|6bba_05db0fb1:751|51,0,-25.573947190409392
geometry_1_05_focus4,6bba_05db0fb1,6bba_05db0fb1:751,union|6bba_05db0fb1:751|52,0,-17.23319553002164
geometry_1_05_focus4,6bba_05db0fb1,6bba_05db0fb1:751,union|6bba_05db0fb1:751|53,0,-22.00830102380893
geometry_1_05_focus4,6bba_05db0fb1,6bba_05db0fb1:751,union|6bba_05db0fb1:751|54,0,-24.790341855047338
geometry_1_05_focus4,6bba_05db0fb1,6bba_05db0fb1:751,union|6bba_05db0fb1:751|55,0,-24.279879458115612
geometry_1_05_focus4,6bba_05db0fb1,6bba_05db0fb1:751,union|6bba_05db0fb1:751|56,0,-25.73085879724072
geometry_1_05_focus4,6bba_05db0fb1,6bba_05db0fb1:751,union|6bba_05db0fb1:751|57,0,-23.709026158592895
geometry_1_05_focus4,6bba_05db0fb1,6bba_05db0fb1:751,union|6bba_05db0fb1:751|58,0,-16.936375507618983
geometry_1_05_focus4,6bba_05db0fb1,6bba_05db0fb1:751,union|6bba_05db0fb1:751|59,0,-15.08378622257856
geometry_1_05_focus4,6bba_05db0fb1,6bba_05db0fb1:751,union|6bba_05db0fb1:751|60,0,-18.772042234091245
geometry_1_05_focus4,6bba_05db0fb1,6bba_05db0fb1:751,union|6bba_05db0fb1:751|61,0,-18.85377855894427
geometry_1_05_focus4,6bba_05db0fb1,6bba_05db0fb1:751,union|6bba_05db0fb1:751|62,0,-20.83876107612415
geometry_1_05_focus4,6bba_05db0fb1,6bba_05db0fb1:751,union|6bba_05db0fb1:751|63,0,-23.686525708407046
geometry_1_05_focus4,6bba_05db0fb1,6bba_05db0fb1:751,union|6bba_05db0fb1:751|64,0,-24.03268062803493
geometry_1_05_focus4,6bba_05db0fb1,6bba_05db0fb1:751,union|6bba_05db0fb1:751|65,0,-23.820628943215148
geometry_1_05_focus4,6bba_05db0fb1,6bba_05db0fb1:751,union|6bba_05db0fb1:751|66,0,-22.13895557208103
geometry_1_05_focus4,6bba_05db0fb1,6bba_05db0fb1:751,union|6bba_05db0fb1:751|67,0,-15.614477345070664
geometry_1_05_focus4,6bba_05db0fb1,6bba_05db0fb1:751,union|6bba_05db0fb1:751|68,0,-24.26402580906691
geometry_1_05_focus4,6bba_05db0fb1,6bba_05db0fb1:751,union|6bba_05db0fb1:751|69,0,-24.239981758659553
geometry_1_05_focus4,6bba_05db0fb1,6bba_05db0fb1:751,union|6bba_05db0fb1:751|70,0,-21.22578120376672
geometry_1_05_focus4,6bba_05db0fb1,6bba_05db0fb1:751,union|6bba_05db0fb1:751|71,0,-21.022631397634598
geometry_1_05_focus4,6bba_05db0fb1,6bba_05db0fb1:751,union|6bba_05db0fb1:751|72,0,-21.9375
geometry_1_05_focus4,6bba_05db0fb1,6bba_05db0fb1:751,union|6bba_05db0fb1:751|73,0,-23.500376519812136
geometry_1_05_focus4,6bba_05db0fb1,6bba_05db0fb1:751,union|6bba_05db0fb1:751|74,0,-27.906448943711595
geometry_1_05_focus4,6bba_05db0fb1,6bba_05db0fb1:751,union|6bba_05db0fb1:751|75,0,-21.970292442739943
geometry_1_05_focus4,6bba_05db0fb1,6bba_05db0fb1:751,union|6bba_05db0fb1:751|76,0,-25.49525260648344
geometry_1_05_focus4,6bba_05db0fb1,6bba_05db0fb1:751,union|6bba_05db0fb1:751|77,0,-15.543778083601996
geometry_1_05_focus4,6bba_05db0fb1,6bba_05db0fb1:751,union|6bba_05db0fb1:751|78,0,-10.511009446485234
geometry_1_05_focus4,6bba_05db0fb1,6bba_05db0fb1:751,union|6bba_05db0fb1:751|79,0,-17.80080981811484
geometry_1_05_focus4,6bba_05db0fb1,6bba_05db0fb1:751,union|6bba_05db0fb1:751|80,0,-21.64388822874026
geometry_1_05_focus4,6bba_05db0fb1,6bba_05db0fb1:751,union|6bba_05db0fb1:751|81,0,-13.697170672572751
geometry_1_05_focus4,6bba_05db0fb1,6bba_05db0fb1:751,union|6bba_05db0fb1:751|82,0,-22.016721077578744
geometry_1_05_focus4,6bba_05db0fb1,6bba_05db0fb1:751,union|6bba_05db0fb1:751|83,0,-22.728603593320848
geometry_1_05_focus4,6bba_05db0fb1,6bba_05db0fb1:751,union|6bba_05db0fb1:751|84,0,-22.339269593699747
geometry_1_05_focus4,6bba_05db0fb1,6bba_05db0fb1:751,union|6bba_05db0fb1:751|85,0,-25.685686745773495
geometry_1_05_focus4,6bba_05db0fb1,6bba_05db0fb1:751,union|6bba_05db0fb1:751|86,0,-23.794132924698165
geometry_1_05_focus4,6bba_05db0fb1,6bba_05db0fb1:751,union|6bba_05db0fb1:751|87,0,-13.835537752986784
geometry_1_05_focus4,6bba_05db0fb1,6bba_05db0fb1:751,union|6bba_05db0fb1:751|88,0,-21.13610101681317
geometry_1_05_focus4,6bba_05db0fb1,6bba_05db0fb1:751,union|6bba_05db0fb1:751|89,0,-21.511017355810466
geometry_1_05_focus4,6bba_05db0fb1,6bba_05db0fb1:751,union|6bba_05db0fb1:751|90,0,-19.997489958842916
geometry_1_05_focus4,6bba_05db0fb1,6bba_05db0fb1:751,union|6bba_05db0fb1:751|91,0,-15.231337165933489
geometry_1_05_focus4,6bba_05db0fb1,6bba_05db0fb1:751,union|6bba_05db0fb1:751|92,0,-18.113128682488803
geometry_1_05_focus4,6bba_05db0fb1,6bba_05db0fb1:751,union|6bba_05db0fb1:751|93,0,-20.727910447565204
geometry_1_05_focus4,6bba_05db0fb1,6bba_05db0fb1:751,union|6bba_05db0fb1:751|94,0,-18.155832897341064
geometry_1_05_focus4,6bba_05db0fb1,6bba_05db0fb1:751,union|6bba_05db0fb1:751|95,0,-23.435637566375647
geometry_1_05_focus4,6bba_05db0fb1,6bba_05db0fb1:751,union|6bba_05db0fb1:751|96,0,-22.545762158076947
geometry_1_05_focus4,6bba_05db0fb1,6bba_05db0fb1:751,union|6bba_05db0fb1:751|97,0,-21.980260270000862
geometry_1_05_focus4,6bba_05db0fb1,6bba_05db0fb1:751,union|6bba_05db0fb1:751|98,0,-26.54385186991427
geometry_1_05_focus4,6bba_05db0fb1,6bba_05db0fb1:751,union|6bba_05db0fb1:751|99,0,-21.781507062324287
geometry_1_05_focus4,6bba_05db0fb1,6bba_05db0fb1:751,union|6bba_05db0fb1:751|100,0,-19.595832834389963
geometry_1_05_focus4,6bba_05db0fb1,6bba_05db0fb1:751,union|6bba_05db0fb1:751|101,0,-22.441259972014667
geometry_1_05_focus4,6bba_05db0fb1,6bba_05db0fb1:751,union|6bba_05db0fb1:751|102,0,-22.409853319374392
geometry_1_05_focus4,6bba_05db0fb1,6bba_05db0fb1:751,union|6bba_05db0fb1:751|103,0,-15.463789033518001
geometry_1_05_focus4,6bba_05db0fb1,6bba_05db0fb1:751,union|6bba_05db0fb1:751|104,0,-21.015234964692834
geometry_1_05_focus4,6bba_05db0fb1,6bba_05db0fb1:751,union|6bba_05db0fb1:751|105,0,-14.417541384990916
geometry_1_05_focus4,6bba_05db0fb1,6bba_05db0fb1:751,union|6bba_05db0fb1:751|106,0,-19.15842623155119
geometry_1_05_focus4,6bba_05db0fb1,6bba_05db0fb1:751,union|6bba_05db0fb1:751|107,0,-23.581627535481573
geometry_1_05_focus4,6bba_05db0fb1,6bba_05db0fb1:751,union|6bba_05db0fb1:751|108,0,-21.405235769876203
geometry_1_05_focus4,6bba_05db0fb1,6bba_05db0fb1:751,union|6bba_05db0fb1:751|109,0,-25.249271789933793
geometry_1_05_focus4,6bba_05db0fb1,6bba_05db0fb1:751,union|6bba_05db0fb1:751|110,0,-22.670491638064874
geometry_1_05_focus4,6bba_05db0fb1,6bba_05db0fb1:751,union|6bba_05db0fb1:751|111,0,-11.452775472014363
geometry_1_05_focus4,6bba_05db0fb1,6bba_05db0fb1:751,union|6bba_05db0fb1:751|112,0,-18.852420400954358
geometry_1_05_focus4,6bba_05db0fb1,6bba_05db0fb1:751,union|6bba_05db0fb1:751|113,0,-23.28122140461057
geometry_1_05_focus4,6bba_05db0fb1,6bba_05db0fb1:751,union|6bba_05db0fb1:751|114,0,-23.322524559069908
geometry_1_05_focus4,6bba_05db0fb1,6bba_05db0fb1:751,union|6bba_05db0fb1:751|115,0,-16.81375934665811
geometry_1_05_focus4,6bba_05db0fb1,6bba_05db0fb1:751,union|6bba_05db0fb1:751|116,0,-16.497635720392992
geometry_1_05_focus4,6bba_05db0fb1,6bba_05db0fb1:751,union|6bba_05db0fb1:751|117,0,-21.388067813531315
geometry_1_05_focus4,6bba_05db0fb1,6bba_05db0fb1:751,union|6bba_05db0fb1:751|118,0,-24.500129751913747
geometry_1_05_focus4,6bba_05db0fb1,6bba_05db0fb1:751,union|6bba_05db0fb1:751|119,0,-23.479580645884926
geometry_1_05_focus4,6bba_05db0fb1,6bba_05db0fb1:751,union|6bba_05db0fb1:751|120,0,-24.121158052245438
geometry_1_05_focus4,6bba_05db0fb1,6bba_05db0fb1:751,union|6bba_05db0fb1:751|121,0,-25.06963113804652
geometry_1_05_focus4,6bba_05db0fb1,6bba_05db0fb1:751,union|6bba_05db0fb1:751|122,0,-20.13395481321588
geometry_1_05_focus4,6bba_05db0fb1,6bba_05db0fb1:751,union|6bba_05db0fb1:751|123,0,-16.05780361703738
geometry_1_05_focus4,6bba_05db0fb1,6bba_05db0fb1:751,union|6bba_05db0fb1:751|124,0,-24.45131457690554
geometry_1_05_focus4,6bba_05db0fb1,6bba_05db0fb1:751,union|6bba_05db0fb1:751|125,0,-20.504190054439796
geometry_1_05_focus4,6bba_05db0fb1,6bba_05db0fb1:751,union|6bba_05db0fb1:751|126,0,-20.431804661290407
geometry_1_05_focus4,6bba_05db0fb1,6bba_05db0fb1:751,union|6bba_05db0fb1:751|127,0,-22.116954566109484
geometry_1_05_focus4,6bba_05db0fb1,6bba_05db0fb1:751,union|6bba_05db0fb1:751|128,0,-24.684697052696777
geometry_1_05_focus4,6bba_05db0fb1,6bba_05db0fb1:751,union|6bba_05db0fb1:751|129,0,-24.404910756275097
geometry_1_05_focus4,6bba_05db0fb1,6bba_05db0fb1:751,union|6bba_05db0fb1:751|130,0,-22.771087871875665
geometry_1_05_focus4,6bba_05db0fb1,6bba_05db0fb1:751,union|6bba_05db0fb1:751|131,0,-22.394951043779727
geometry_1_05_focus4,6bba_05db0fb1,6bba_05db0fb1:751,union|6bba_05db0fb1:751|132,0,-20.681705410777237
geometry_1_05_focus4,6bba_05db0fb1,6bba_05db0fb1:751,union|6bba_05db0fb1:751|133,0,-21.934113130865583
geometry_1_05_focus4,6bba_05db0fb1,6bba_05db0fb1:751,union|6bba_05db0fb1:751|134,0,-26.57453219576347
geometry_1_05_focus4,6bba_05db0fb1,6bba_05db0fb1:751,union|6bba_05db0fb1:751|135,0,-18.920602468820682
geometry_1_05_focus4,6bba_05db0fb1,6bba_05db0fb1:751,union|6bba_05db0fb1:751|136,0,-19.877941984891812
geometry_1_05_focus4,6bba_05db0fb1,6bba_05db0fb1:751,union|6bba_05db0fb1:751|137,0,-20.499375208436113
geometry_1_05_focus4,6bba_05db0fb1,6bba_05db0fb1:751,union|6bba_05db0fb1:751|138,0,-16.23569438010724
geometry_1_05_focus4,6bba_05db0fb1,6bba_05db0fb1:751,union|6bba_05db0fb1:751|139,0,-23.93767548470333
geometry_1_05_focus4,6bba_05db0fb1,6bba_05db0fb1:751,union|6bba_05db0fb1:751|140,0,-19.17990097190627
geometry_1_05_focus4,6bba_05db0fb1,6bba_05db0fb1:751,union|6bba_05db0fb1:751|141,0,-26.778509096731213
geometry_1_05_focus4,6bba_05db0fb1,6bba_05db0fb1:751,union|6bba_05db0fb1:751|142,0,-23.20664617038052
geometry_1_05_focus4,6bba_05db0fb1,6bba_05db0fb1:751,union|6bba_05db0fb1:751|143,0,-25.311510049930618
geometry_1_05_focus4,6bba_05db0fb1,6bba_05db0fb1:751,union|6bba_05db0fb1:751|144,0,-27.734397031981985
geometry_1_05_focus4,6bba_05db0fb1,6bba_05db0fb1:751,union|6bba_05db0fb1:751|145,0,-27.61154698805101
geometry_1_05_focus4,6bba_05db0fb1,6bba_05db0fb1:751,union|6bba_05db0fb1:751|146,0,-20.358348149188153
geometry_1_05_focus4,6bba_05db0fb1,6bba_05db0fb1:751,union|6bba_05db0fb1:751|147,0,-27.90104580574475
geometry_1_05_focus4,6bba_05db0fb1,6bba_05db0fb1:751,union|6bba_05db0fb1:751|148,0,-28.339431192431082
geometry_1_05_focus4,6bba_05db0fb1,6bba_05db0fb1:751,union|6bba_05db0fb1:751|149,0,-27.702113125312152
geometry_1_05_focus4,6bba_05db0fb1,6bba_05db0fb1:751,union|6bba_05db0fb1:751|150,0,-27.107416090422177
geometry_1_05_focus4,6bba_05db0fb1,6bba_05db0fb1:751,union|6bba_05db0fb1:751|151,0,-25.53855446908298
geometry_1_05_focus4,6bba_05db0fb1,6bba_05db0fb1:751,union|6bba_05db0fb1:751|152,0,-27.342488838055296
geometry_1_05_focus4,6bba_05db0fb1,6bba_05db0fb1:751,union|6bba_05db0fb1:751|153,0,-28.1077718858755
geometry_1_05_focus4,6bba_05db0fb1,6bba_05db0fb1:751,union|6bba_05db0fb1:751|154,0,-27.949200323464233
geometry_1_05_focus4,6bba_05db0fb1,6bba_05db0fb1:751,union|6bba_05db0fb1:751|155,0,-29.799662889252268
geometry_1_05_focus4,6bba_05db0fb1,6bba_05db0fb1:751,union|6bba_05db0fb1:751|156,0,-29.356798510816148
geometry_1_05_focus4,6bba_05db0fb1,6bba_05db0fb1:751,union|6bba_05db0fb1:751|157,0,-28.104995886451025
geometry_1_05_focus4,6bba_05db0fb1,6bba_05db0fb1:751,union|6bba_05db0fb1:751|158,0,-31.04691119423348
geometry_1_05_focus4,6bba_05db0fb1,6bba_05db0fb1:751,union|6bba_05db0fb1:751|159,0,-28.350705484397963
geometry_1_05_focus4,6bba_05db0fb1,6bba_05db0fb1:751,union|6bba_05db0fb1:751|160,0,-26.050324032062754
geometry_1_05_focus4,6bba_05db0fb1,6bba_05db0fb1:751,union|6bba_05db0fb1:751|161,0,-28.971820239577863
geometry_1_05_focus4,6bba_05db0fb1,6bba_05db0fb1:751,union|6bba_05db0fb1:751|162,0,-27.85346803446599
geometry_1_05_focus4,6bba_05db0fb1,6bba_05db0fb1:751,union|6bba_05db0fb1:751|163,0,-29.723449431153433
geometry_1_05_focus4,6bba_05db0fb1,6bba_05db0fb1:751,union|6bba_05db0fb1:751|164,0,-23.52502304839085
geometry_1_05_focus4,6bba_05db0fb1,6bba_05db0fb1:751,union|6bba_05db0fb1:751|165,0,-26.641248282967418
geometry_1_05_focus4,6bba_05db0fb1,6bba_05db0fb1:751,union|6bba_05db0fb1:751|166,0,-27.40576397364686
geometry_1_05_focus4,6bba_05db0fb1,6bba_05db0fb1:751,union|6bba_05db0fb1:751|167,0,-21.131259439505783
geometry_1_05_focus4,6bba_05db0fb1,6bba_05db0fb1:751,union|6bba_05db0fb1:751|168,0,-27.818373020285378
geometry_1_05_focus4,6bba_05db0fb1,6bba_05db0fb1:751,union|6bba_05db0fb1:751|169,0,-23.876552981519865
geometry_1_05_focus4,6bba_05db0fb1,6bba_05db0fb1:751,union|6bba_05db0fb1:751|170,0,-28.700549849316754
geometry_1_05_focus4,6bba_05db0fb1,6bba_05db0fb1:751,union|6bba_05db0fb1:751|171,0,-28.819748292193673
geometry_1_05_focus4,6bba_05db0fb1,6bba_05db0fb1:751,union|6bba_05db0fb1:751|172,0,-23.13299130829854
geometry_1_05_focus4,6bba_207c6aaf,6bba_207c6aaf:146,union|6bba_207c6aaf:146|0,0,-18.456200220074678
geometry_1_05_focus4,6bba_207c6aaf,6bba_207c6aaf:146,union|6bba_207c6aaf:146|1,0,-23.08121326311684
geometry_1_05_focus4,6bba_207c6aaf,6bba_207c6aaf:146,union|6bba_207c6aaf:146|2,0,-25.23357844686644
geometry_1_05_focus4,6bba_207c6aaf,6bba_207c6aaf:146,union|6bba_207c6aaf:146|3,0,-24.09122967309629
geometry_1_05_focus4,6bba_207c6aaf,6bba_207c6aaf:146,union|6bba_207c6aaf:146|4,0,-24.536393473582333
geometry_1_05_focus4,6bba_207c6aaf,6bba_207c6aaf:146,union|6bba_207c6aaf:146|5,0,-18.811841365582012
geometry_1_05_focus4,6bba_207c6aaf,6bba_207c6aaf:146,union|6bba_207c6aaf:146|6,0,-21.344537890289708
geometry_1_05_focus4,6bba_207c6aaf,6bba_207c6aaf:146,union|6bba_207c6aaf:146|7,0,-17.676644660089515
geometry_1_05_focus4,6bba_207c6aaf,6bba_207c6aaf:146,union|6bba_207c6aaf:146|8,0,-18.206908107025832
geometry_1_05_focus4,6bba_207c6aaf,6bba_207c6aaf:146,union|6bba_207c6aaf:146|9,0,-20.3702425971407
geometry_1_05_focus4,6bba_207c6aaf,6bba_207c6aaf:146,union|6bba_207c6aaf:146|10,0,-19.647026115966888
geometry_1_05_focus4,6bba_207c6aaf,6bba_207c6aaf:146,union|6bba_207c6aaf:146|11,0,-23.407827112121424
geometry_1_05_focus4,6bba_207c6aaf,6bba_207c6aaf:146,union|6bba_207c6aaf:146|12,0,-23.579837469708195
geometry_1_05_focus4,6bba_207c6aaf,6bba_207c6aaf:146,union|6bba_207c6aaf:146|13,1,-16.823696820769626
geometry_1_05_focus4,6bba_207c6aaf,6bba_207c6aaf:146,union|6bba_207c6aaf:146|14,0,-20.674487553085925
geometry_1_05_focus4,6bba_207c6aaf,6bba_207c6aaf:146,union|6bba_207c6aaf:146|15,0,-22.815192055070312
geometry_1_05_focus4,6bba_207c6aaf,6bba_207c6aaf:146,union|6bba_207c6aaf:146|16,0,-18.197091926469938
geometry_1_05_focus4,6bba_207c6aaf,6bba_207c6aaf:146,union|6bba_207c6aaf:146|17,0,-23.835290729734787
geometry_1_05_focus4,6bba_207c6aaf,6bba_207c6aaf:146,union|6bba_207c6aaf:146|18,0,-23.112969691177497
geometry_1_05_focus4,6bba_207c6aaf,6bba_207c6aaf:146,union|6bba_207c6aaf:146|19,0,-20.14157610284004
geometry_1_05_focus4,6bba_207c6aaf,6bba_207c6aaf:146,union|6bba_207c6aaf:146|20,0,-26.256488535390055
geometry_1_05_focus4,6bba_207c6aaf,6bba_207c6aaf:146,union|6bba_207c6aaf:146|21,0,-16.513701197773617
geometry_1_05_focus4,6bba_207c6aaf,6bba_207c6aaf:146,union|6bba_207c6aaf:146|22,0,-19.44249332767668
geometry_1_05_focus4,6bba_207c6aaf,6bba_207c6aaf:146,union|6bba_207c6aaf:146|23,0,-19.53433376191488
geometry_1_05_focus4,6bba_207c6aaf,6bba_207c6aaf:146,union|6bba_207c6aaf:146|24,0,-21.98250042473665
geometry_1_05_focus4,6bba_207c6aaf,6bba_207c6aaf:146,union|6bba_207c6aaf:146|25,0,-10.142693253507655
geometry_1_05_focus4,6bba_207c6aaf,6bba_207c6aaf:146,union|6bba_207c6aaf:146|26,0,-23.040648346815477
geometry_1_05_focus4,6bba_207c6aaf,6bba_207c6aaf:146,union|6bba_207c6aaf:146|27,0,-21.780964608157554
geometry_1_05_focus4,6bba_207c6aaf,6bba_207c6aaf:146,union|6bba_207c6aaf:146|28,0,-24.153656213773413
geometry_1_05_focus4,6bba_207c6aaf,6bba_207c6aaf:146,union|6bba_207c6aaf:146|29,0,-17.026534284168168
geometry_1_05_focus4,6bba_207c6aaf,6bba_207c6aaf:146,union|6bba_207c6aaf:146|30,0,-22.75617675942349
geometry_1_05_focus4,6bba_207c6aaf,6bba_207c6aaf:146,union|6bba_207c6aaf:146|31,0,-25.63684021183714
geometry_1_05_focus4,6bba_207c6aaf,6bba_207c6aaf:146,union|6bba_207c6aaf:146|32,0,-18.85050897841313
geometry_1_05_focus4,6bba_207c6aaf,6bba_207c6aaf:146,union|6bba_207c6aaf:146|33,0,-19.540523942160725
geometry_1_05_focus4,6bba_207c6aaf,6bba_207c6aaf:146,union|6bba_207c6aaf:146|34,0,-21.265585269965875
geometry_1_05_focus4,6bba_207c6aaf,6bba_207c6aaf:146,union|6bba_207c6aaf:146|35,0,-20.043544059531126
geometry_1_05_focus4,6bba_207c6aaf,6bba_207c6aaf:146,union|6bba_207c6aaf:146|36,0,-19.04010966979599
geometry_1_05_focus4,6bba_207c6aaf,6bba_207c6aaf:146,union|6bba_207c6aaf:146|37,0,-23.408300402708072
geometry_1_05_focus4,6bba_207c6aaf,6bba_207c6aaf:146,union|6bba_207c6aaf:146|38,0,-21.443432919254374
geometry_1_05_focus4,6bba_207c6aaf,6bba_207c6aaf:146,union|6bba_207c6aaf:146|39,0,-16.44180523171858
geometry_1_05_focus4,6bba_207c6aaf,6bba_207c6aaf:146,union|6bba_207c6aaf:146|40,0,-17.93921082209524
geometry_1_05_focus4,6bba_207c6aaf,6bba_207c6aaf:146,union|6bba_207c6aaf:146|41,0,-24.474997538697576
geometry_1_05_focus4,6bba_207c6aaf,6bba_207c6aaf:146,union|6bba_207c6aaf:146|42,0,-23.019037261079028
geometry_1_05_focus4,6bba_207c6aaf,6bba_207c6aaf:146,union|6bba_207c6aaf:146|43,0,-21.24590252435159
geometry_1_05_focus4,6bba_207c6aaf,6bba_207c6aaf:146,union|6bba_207c6aaf:146|44,0,-23.413531233943473
geometry_1_05_focus4,6bba_207c6aaf,6bba_207c6aaf:146,union|6bba_207c6aaf:146|45,0,-20.575898987148772
geometry_1_05_focus4,6bba_207c6aaf,6bba_207c6aaf:146,union|6bba_207c6aaf:146|46,0,-19.400831612492503
geometry_1_05_focus4,6bba_207c6aaf,6bba_207c6aaf:146,union|6bba_207c6aaf:146|47,0,-21.525093283257398
geometry_1_05_focus4,6bba_207c6aaf,6bba_207c6aaf:146,union|6bba_207c6aaf:146|48,0,-23.75697889129981
geometry_1_05_focus4,6bba_207c6aaf,6bba_207c6aaf:146,union|6bba_207c6aaf:146|49,0,-19.431814823768438
geometry_1_05_focus4,6bba_207c6aaf,6bba_207c6aaf:146,union|6bba_207c6aaf:146|50,0,-23.78272185717595
geometry_1_05_focus4,6bba_207c6aaf,6bba_207c6aaf:146,union|6bba_207c6aaf:146|51,0,-24.272902945718307
geometry_1_05_focus4,6bba_207c6aaf,6bba_207c6aaf:146,union|6bba_207c6aaf:146|52,0,-20.3125
geometry_1_05_focus4,6bba_207c6aaf,6bba_207c6aaf:146,union|6bba_207c6aaf:146|53,0,-24.25971470060577
geometry_1_05_focus4,6bba_207c6aaf,6bba_207c6aaf:146,union|6bba_207c6aaf:146|54,0,-21.738022481293118
geometry_1_05_focus4,6bba_207c6aaf,6bba_207c6aaf:146,union|6bba_207c6aaf:146|55,0,-21.149823308688173
geometry_1_05_focus4,6bba_207c6aaf,6bba_207c6aaf:146,union|6bba_207c6aaf:146|56,0,-15.54300421300362
geometry_1_05_focus4,6bba_207c6aaf,6bba_207c6aaf:146,union|6bba_207c6aaf:146|57,0,-18.801857187512226
geometry_1_05_focus4,6bba_207c6aaf,6bba_207c6aaf:146,union|6bba_207c6aaf:146|58,0,-28.15215712341226
geometry_1_05_focus4,6bba_207c6aaf,6bba_207c6aaf:146,union|6bba_207c6aaf:146|59,0,-21.8446594142294
geometry_1_05_focus4,6bba_207c6aaf,6bba_207c6aaf:146,union|6bba_207c6aaf:146|60,0,-20.6856320975073
geometry_1_05_focus4,6bba_207c6aaf,6bba_207c6aaf:146,union|6bba_207c6aaf:146|61,0,-21.969221342503758
geometry_1_05_focus4,6bba_207c6aaf,6bba_207c6aaf:146,union|6bba_207c6aaf:146|62,0,-18.879727635265567
geometry_1_05_focus4,6bba_207c6aaf,6bba_207c6aaf:146,union|6bba_207c6aaf:146|63,0,-22.988604880629655
geometry_1_05_focus4,6bba_207c6aaf,6bba_207c6aaf:146,union|6bba_207c6aaf:146|64,0,-26.694959169949225
geometry_1_05_focus4,6bba_207c6aaf,6bba_207c6aaf:146,union|6bba_207c6aaf:146|65,0,-22.059019334652653
geometry_1_05_focus4,6bba_207c6aaf,6bba_207c6aaf:146,union|6bba_207c6aaf:146|66,0,-20.814872652321217
geometry_1_05_focus4,6bba_207c6aaf,6bba_207c6aaf:146,union|6bba_207c6aaf:146|67,0,-20.322242655816748
geometry_1_05_focus4,6bba_207c6aaf,6bba_207c6aaf:146,union|6bba_207c6aaf:146|68,0,-26.169961574031078
geometry_1_05_focus4,6bba_32db13fc,6bba_32db13fc:115,union|6bba_32db13fc:115|0,0,-19.18131700185846
geometry_1_05_focus4,6bba_32db13fc,6bba_32db13fc:115,union|6bba_32db13fc:115|1,0,-19.20210509488749
geometry_1_05_focus4,6bba_32db13fc,6bba_32db13fc:115,union|6bba_32db13fc:115|2,0,-23.79625341248986
geometry_1_05_focus4,6bba_32db13fc,6bba_32db13fc:115,union|6bba_32db13fc:115|3,0,-19.117479756717884
geometry_1_05_focus4,6bba_32db13fc,6bba_32db13fc:115,union|6bba_32db13fc:115|4,0,-21.154584262835645
geometry_1_05_focus4,6bba_32db13fc,6bba_32db13fc:115,union|6bba_32db13fc:115|5,0,-23.76257415421301
geometry_1_05_focus4,6bba_32db13fc,6bba_32db13fc:115,union|6bba_32db13fc:115|6,0,-19.949409806978267
geometry_1_05_focus4,6bba_32db13fc,6bba_32db13fc:115,union|6bba_32db13fc:115|7,0,-19.489421670233547
geometry_1_05_focus4,6bba_32db13fc,6bba_32db13fc:115,union|6bba_32db13fc:115|8,0,-22.304426056286445
geometry_1_05_focus4,6bba_32db13fc,6bba_32db13fc:115,union|6bba_32db13fc:115|9,0,-23.825179705138808
geometry_1_05_focus4,6bba_32db13fc,6bba_32db13fc:115,union|6bba_32db13fc:115|10,0,-28.50392282210043
geometry_1_05_focus4,6bba_32db13fc,6bba_32db13fc:115,union|6bba_32db13fc:115|11,0,-20.474328719734157
geometry_1_05_focus4,6bba_32db13fc,6bba_32db13fc:115,union|6bba_32db13fc:115|12,0,-20.697204092470372
geometry_1_05_focus4,6bba_32db13fc,6bba_32db13fc:115,union|6bba_32db13fc:115|13,0,-18.206908107025832
geometry_1_05_focus4,6bba_32db13fc,6bba_32db13fc:115,union|6bba_32db13fc:115|14,0,-12.167090439049897
geometry_1_05_focus4,6bba_32db13fc,6bba_32db13fc:115,union|6bba_32db13fc:115|15,0,-13.950796633893052
geometry_1_05_focus4,6bba_32db13fc,6bba_32db13fc:115,union|6bba_32db13fc:115|16,0,-21.2355460535979
geometry_1_05_focus4,6bba_32db13fc,6bba_32db13fc:115,union|6bba_32db13fc:115|17,0,-22.615772031791174
geometry_1_05_focus4,6bba_32db13fc,6bba_32db13fc:115,union|6bba_32db13fc:115|18,0,-15.801248111634928
geometry_1_05_focus4,6bba_32db13fc,6bba_32db13fc:115,union|6bba_32db13fc:115|19,0,-18.710352080309615
geometry_1_05_focus4,6bba_32db13fc,6bba_32db13fc:115,union|6bba_32db13fc:115|20,0,-21.40831163206503
geometry_1_05_focus4,6bba_32db13fc,6bba_32db13fc:115,union|6bba_32db13fc:115|21,0,-21.674249995711605
geometry_1_05_focus4,6bba_32db13fc,6bba_32db13fc:115,union|6bba_32db13fc:115|22,0,-18.620143759037497
geometry_1_05_focus4,6bba_32db13fc,6bba_32db13fc:115,union|6bba_32db13fc:115|23,0,-19.797588440582597
geometry_1_05_focus4,6bba_32db13fc,6bba_32db13fc:115,union|6bba_32db13fc:115|24,0,-26.630258709452253
geometry_1_05_focus4,6bba_32db13fc,6bba_32db13fc:115,union|6bba_32db13fc:115|25,0,-26.74317408923757
geometry_1_05_focus4,6bba_32db13fc,6bba_32db13fc:115,union|6bba_32db13fc:115|26,0,-26.37930836627679
geometry_1_05_focus4,6bba_32db13fc,6bba_32db13fc:115,union|6bba_32db13fc:115|27,0,-29.533546909807214
geometry_1_05_focus4,6bba_32db13fc,6bba_32db13fc:115,union|6bba_32db13fc:115|28,0,-20.890973154807867
geometry_1_05_focus4,6bba_32db13fc,6bba_32db13fc:115,union|6bba_32db13fc:115|29,0,-20.019236968827652
geometry_1_05_focus4,6bba_32db13fc,6bba_32db13fc:115,union|6bba_32db13fc:115|30,0,-21.057012191258444
geometry_1_05_focus4,6bba_32db13fc,6bba_32db13fc:115,union|6bba_32db13fc:115|31,0,-20.79005284869745
geometry_1_05_focus4,6bba_32db13fc,6bba_32db13fc:115,union|6bba_32db13fc:115|32,0,-15.083063519614395
geometry_1_05_focus4,6bba_32db13fc,6bba_32db13fc:115,union|6bba_32db13fc:115|33,0,-20.434004899475692
geometry_1_05_focus4,6bba_32db13fc,6bba_32db13fc:115,union|6bba_32db13fc:115|34,0,-20.673046308955705
geometry_1_05_focus4,6bba_32db13fc,6bba_32db13fc:115,union|6bba_32db13fc:115|35,0,-19.359855157815197
geometry_1_05_focus4,6bba_32db13fc,6bba_32db13fc:115,union|6bba_32db13fc:115|36,0,-25.54284472401507
geometry_1_05_focus4,6bba_32db13fc,6bba_32db13fc:115,union|6bba_32db13fc:115|37,0,-24.120159026155008
geometry_1_05_focus4,6bba_32db13fc,6bba_32db13fc:115,union|6bba_32db13fc:115|38,0,-22.355740740369786
geometry_1_05_focus4,6bba_32db13fc,6bba_32db13fc:115,union|6bba_32db13fc:115|39,0,-21.26560264789235
geometry_1_05_focus4,6bba_32db13fc,6bba_32db13fc:115,union|6bba_32db13fc:115|40,0,-24.655451096062016
geometry_1_05_focus4,6bba_32db13fc,6bba_32db13fc:115,union|6bba_32db13fc:115|41,0,-20.205205316332545
geometry_1_05_focus4,6bba_32db13fc,6bba_32db13fc:115,union|6bba_32db13fc:115|42,0,-25.672785974386702
geometry_1_05_focus4,6bba_32db13fc,6bba_32db13fc:115,union|6bba_32db13fc:115|43,0,-25.16032702012013
geometry_1_05_focus4,6bba_32db13fc,6bba_32db13fc:115,union|6bba_32db13fc:115|44,0,-28.67307664981972
geometry_1_05_focus4,6bba_32db13fc,6bba_32db13fc:115,union|6bba_32db13fc:115|45,0,-28.819631422635613
geometry_1_05_focus4,6bba_32db13fc,6bba_32db13fc:115,union|6bba_32db13fc:115|46,0,-20.934908310847653
geometry_1_05_focus4,6bba_32db13fc,6bba_32db13fc:115,union|6bba_32db13fc:115|47,0,-16.440189910011224
geometry_1_05_focus4,6bba_32db13fc,6bba_32db13fc:115,union|6bba_32db13fc:115|48,0,-21.235559526564174
geometry_1_05_focus4,6bba_32db13fc,6bba_32db13fc:115,union|6bba_32db13fc:115|49,0,-21.921665174639877
geometry_1_05_focus4,6bba_32db13fc,6bba_32db13fc:115,union|6bba_32db13fc:115|50,0,-19.58790893177182
geometry_1_05_focus4,6bba_32db13fc,6bba_32db13fc:115,union|6bba_32db13fc:115|51,0,-25.377867296532447
geometry_1_05_focus4,6bba_32db13fc,6bba_32db13fc:115,union|6bba_32db13fc:115|52,0,-16.76652881971926
geometry_1_05_focus4,6bba_32db13fc,6bba_32db13fc:115,union|6bba_32db13fc:115|53,0,-17.745267855121263
geometry_1_05_focus4,6bba_32db13fc,6bba_32db13fc:115,union|6bba_32db13fc:115|54,0,-19.489421670233547
geometry_1_05_focus4,6bba_32db13fc,6bba_32db13fc:115,union|6bba_32db13fc:115|55,0,-13.927410598191067
geometry_1_05_focus4,6bba_32db13fc,6bba_32db13fc:115,union|6bba_32db13fc:115|56,0,-18.54050539240989
geometry_1_05_focus4,6bba_32db13fc,6bba_32db13fc:115,union|6bba_32db13fc:115|57,0,-18.091266398048116
geometry_1_05_focus4,6bba_32db13fc,6bba_32db13fc:115,union|6bba_32db13fc:115|58,0,-18.396951125326908
geometry_1_05_focus4,6bba_32db13fc,6bba_32db13fc:115,union|6bba_32db13fc:115|59,0,-18.573695977534992
geometry_1_05_focus4,6bba_32db13fc,6bba_32db13fc:115,union|6bba_32db13fc:115|60,0,-23.275477817599707
geometry_1_05_focus4,6bba_32db13fc,6bba_32db13fc:115,union|6bba_32db13fc:115|61,1,-17.522814185330965
geometry_1_05_focus4,6bba_32db13fc,6bba_32db13fc:115,union|6bba_32db13fc:115|62,0,-23.27288029570569
geometry_1_05_focus4,6bba_32db13fc,6bba_32db13fc:115,union|6bba_32db13fc:115|63,0,-24.24024634996745
geometry_1_05_focus4,6bba_32db13fc,6bba_32db13fc:115,union|6bba_32db13fc:115|64,0,-23.313423806206984
geometry_1_05_focus4,6bba_32db13fc,6bba_32db13fc:115,union|6bba_32db13fc:115|65,0,-27.47443599006478
geometry_1_05_focus4,6bba_32db13fc,6bba_32db13fc:115,union|6bba_32db13fc:115|66,0,-19.186810164739285
geometry_1_05_focus4,6bba_32db13fc,6bba_32db13fc:115,union|6bba_32db13fc:115|67,0,-18.424427919868045
geometry_1_05_focus4,6bba_32db13fc,6bba_32db13fc:115,union|6bba_32db13fc:115|68,0,-17.001128305570678
geometry_1_05_focus4,6bba_32db13fc,6bba_32db13fc:115,union|6bba_32db13fc:115|69,0,-23.227255784896577
geometry_1_05_focus4,6bba_32db13fc,6bba_32db13fc:115,union|6bba_32db13fc:115|70,0,-26.672686006441044
geometry_1_05_focus4,6bba_32db13fc,6bba_32db13fc:115,union|6bba_32db13fc:115|71,0,-29.560633639751057
geometry_1_05_focus4,6bba_32db13fc,6bba_32db13fc:115,union|6bba_32db13fc:115|72,0,-19.66627855894427
geometry_1_05_focus4,6bba_32db13fc,6bba_32db13fc:115,union|6bba_32db13fc:115|73,0,-18.01799421859527
geometry_1_05_focus4,6bba_32db13fc,6bba_32db13fc:115,union|6bba_32db13fc:115|74,0,-15.553521322232463
geometry_1_05_focus4,6bba_32db13fc,6bba_32db13fc:115,union|6bba_32db13fc:115|75,0,-18.452493088320484
geometry_1_05_focus4,6bba_32db13fc,6bba_32db13fc:115,union|6bba_32db13fc:115|76,0,-23.78272185717595
geometry_1_05_focus4,6bba_32db13fc,6bba_32db13fc:115,union|6bba_32db13fc:115|77,0,-21.759042866086617
geometry_1_05_focus4,6bba_32db13fc,6bba_32db13fc:115,union|6bba_32db13fc:115|78,0,-17.85886446286058
geometry_1_05_focus4,6bba_32db13fc,6bba_32db13fc:115,union|6bba_32db13fc:115|79,0,-24.908058049464202
geometry_1_05_focus4,6bba_32db13fc,6bba_32db13fc:115,union|6bba_32db13fc:115|80,0,-23.438755569196758
geometry_1_05_focus4,6bba_32db13fc,6bba_32db13fc:115,union|6bba_32db13fc:115|81,0,-29.64796894855467
geometry_1_05_focus4,6bba_32db13fc,6bba_32db13fc:115,union|6bba_32db13fc:115|82,0,-23.896604996727902
geometry_1_05_focus4,6bba_32db13fc,6bba_32db13fc:115,union|6bba_32db13fc:115|83,0,-21.856258327245804
geometry_1_05_focus4,6bba_32db13fc,6bba_32db13fc:115,union|6bba_32db13fc:115|84,0,-21.42546406324751
geometry_1_05_focus4,6bba_32db13fc,6bba_32db13fc:115,union|6bba_32db13fc:115|85,0,-18.646235709256416
geometry_1_05_focus4,6bba_32db13fc,6bba_32db13fc:115,union|6bba_32db13fc:115|86,0,-24.043985881645167
geometry_1_05_focus4,6bba_32db13fc,6bba_32db13fc:115,union|6bba_32db13fc:115|87,0,-27.656446118467425
geometry_1_05_focus4,6bba_32db13fc,6bba_32db13fc:115,union|6bba_32db13fc:115|88,0,-24.028159030193585
geometry_1_05_focus4,6bba_32db13fc,6bba_32db13fc:115,union|6bba_32db13fc:115|89,0,-26.46558359440338
geometry_1_05_focus4,6bba_32db13fc,6bba_32db13fc:115,union|6bba_32db13fc:115|90,0,-18.713835323611296
geometry_1_05_focus4,6bba_32db13fc,6bba_32db13fc:115,union|6bba_32db13fc:115|91,0,-27.209558695168912
geometry_1_05_focus4,6bba_32db13fc,6bba_32db13fc:115,union|6bba_32db13fc:115|92,0,-16.940900889437135
geometry_1_05_focus4,6bba_32db13fc,6bba_32db13fc:115,union|6bba_32db13fc:115|93,0,-21.15698792006193
geometry_1_05_focus4,6bba_32db13fc,6bba_32db13fc:115,union|6bba_32db13fc:115|94,0,-18.52694160002996
geometry_1_05_focus4,6bba_32db13fc,6bba_32db13fc:115,union|6bba_32db13fc:115|95,0,-24.007130055180518
geometry_1_05_focus4,6bba_32db13fc,6bba_32db13fc:115,union|6bba_32db13fc:115|96,0,-12.41235826779628
geometry_1_05_focus4,6bba_32db13fc,6bba_32db13fc:115,union|6bba_32db13fc:115|97,0,-23.425011040537264
geometry_1_05_focus4,6bba_32db13fc,6bba_32db13fc:115,union|6bba_32db13fc:115|98,0,-24.849823184377545
geometry_1_05_focus4,6bba_32db13fc,6bba_32db13fc:115,union|6bba_32db13fc:115|99,0,-27.713665986478905
geometry_1_05_focus4,6bba_32db13fc,6bba_32db13fc:115,union|6bba_32db13fc:115|100,0,-22.746314875325854
geometry_1_05_focus4,6bba_32db13fc,6bba_32db13fc:115,union|6bba_32db13fc:115|101,0,-19.54439468389013
geometry_1_05_focus4,6bba_32db13fc,6bba_32db13fc:115,union|6bba_32db13fc:115|102,0,-19.19289419290379
geometry_1_05_focus4,6bba_32db13fc,6bba_32db13fc:115,union|6bba_32db13fc:115|103,0,-22.691555664893592
geometry_1_05_focus4,6bba_32db13fc,6bba_32db13fc:115,union|6bba_32db13fc:115|104,0,-24.177372777989696
geometry_1_05_focus4,6bba_32db13fc,6bba_32db13fc:115,union|6bba_32db13fc:115|105,0,-26.11271830193637
geometry_1_05_focus4,6bba_32db13fc,6bba_32db13fc:115,union|6bba_32db13fc:115|106,0,-24.716950839585206
geometry_1_05_focus4,6bba_32db13fc,6bba_32db13fc:115,union|6bba_32db13fc:115|107,0,-17.424106396153793
geometry_1_05_focus4,6bba_32db13fc,6bba_32db13fc:115,union|6bba_32db13fc:115|108,0,-20.012057085663876
geometry_1_05_focus4,6bba_32db13fc,6bba_32db13fc:115,union|6bba_32db13fc:115|109,0,-20.814872652321217
geometry_1_05_focus4,6bba_32db13fc,6bba_32db13fc:115,union|6bba_32db13fc:115|110,0,-20.66440310246193
geometry_1_05_focus4,6bba_32db13fc,6bba_32db13fc:115,union|6bba_32db13fc:115|111,0,-21.47598695680234
geometry_1_05_focus4,6bba_32db13fc,6bba_32db13fc:115,union|6bba_32db13fc:115|112,0,-21.967149820617188
geometry_1_05_focus4,6bba_32db13fc,6bba_32db13fc:115,union|6bba_32db13fc:115|113,0,-25.530493902581924
geometry_1_05_focus4,6bba_32db13fc,6bba_32db13fc:115,union|6bba_32db13fc:115|114,0,-28.08518811132422
geometry_1_05_focus4,6bba_32db13fc,6bba_32db13fc:115,union|6bba_32db13fc:115|115,0,-20.96461087877631
geometry_1_05_focus4,6bba_32db13fc,6bba_32db13fc:115,union|6bba_32db13fc:115|116,0,-19.445076460977305
geometry_1_05_focus4,6bba_32db13fc,6bba_32db13fc:115,union|6bba_32db13fc:115|117,0,-24.895413625860492
geometry_1_05_focus4,6bba_32db13fc,6bba_32db13fc:115,union|6bba_32db13fc:115|118,0,-23.748882676908725
geometry_1_05_focus4,6bba_32db13fc,6bba_32db13fc:115,union|6bba_32db13fc:115|119,0,-21.037441614603136
geometry_1_05_focus4,6bba_32db13fc,6bba_32db13fc:115,union|6bba_32db13fc:115|120,0,-23.155180557953372
geometry_1_05_focus4,6bba_32db13fc,6bba_32db13fc:115,union|6bba_32db13fc:115|121,0,-23.876268569155872
geometry_1_05_focus4,6bba_32db13fc,6bba_32db13fc:115,union|6bba_32db13fc:115|122,0,-21.670411258947237
geometry_1_05_focus4,6bba_32db13fc,6bba_32db13fc:115,union|6bba_32db13fc:115|123,0,-22.51572395789229
geometry_1_05_focus4,6bba_32db13fc,6bba_32db13fc:115,union|6bba_32db13fc:115|124,0,-22.872905089883176
geometry_1_05_focus4,6bba_32db13fc,6bba_32db13fc:115,union|6bba_32db13fc:115|125,0,-27.560268501237573
geometry_1_05_focus4,6bba_32db13fc,6bba_32db13fc:115,union|6bba_32db13fc:115|126,0,-27.798721384017433
geometry_1_05_focus4,6bba_32db13fc,6bba_32db13fc:115,union|6bba_32db13fc:115|127,0,-28.73818959050461
geometry_1_05_focus4,6bba_32db13fc,6bba_32db13fc:115,union|6bba_32db13fc:115|128,0,-20.160715910818276
geometry_1_05_focus4,6bba_32db13fc,6bba_32db13fc:115,union|6bba_32db13fc:115|129,0,-28.583366935243433
geometry_1_05_focus4,6bba_32db13fc,6bba_32db13fc:115,union|6bba_32db13fc:115|130,0,-24.130436128821376
geometry_1_05_focus4,6bba_32db13fc,6bba_32db13fc:115,union|6bba_32db13fc:115|131,0,-27.1862482221004
geometry_1_05_focus4,6bba_32db13fc,6bba_32db13fc:115,union|6bba_32db13fc:115|132,0,-28.642028551340285
geometry_1_05_focus4,6bba_32db13fc,6bba_32db13fc:115,union|6bba_32db13fc:115|133,0,-31.48105938405179
geometry_1_05_focus4,6bba_32db13fc,6bba_32db13fc:115,union|6bba_32db13fc:115|134,0,-29.8573511043898
geometry_1_05_focus4,6bba_32db13fc,6bba_32db13fc:115,union|6bba_32db13fc:115|135,0,-27.69910159514304
geometry_1_05_focus4,6bba_32db13fc,6bba_32db13fc:115,union|6bba_32db13fc:115|136,0,-30.874815111817036
geometry_1_05_focus4,6bba_32db13fc,6bba_32db13fc:115,union|6bba_32db13fc:115|137,0,-28.343034778925105
geometry_1_05_focus4,6bba_32db13fc,6bba_32db13fc:115,union|6bba_32db13fc:115|138,0,-31.847107782476805
geometry_1_05_focus4,6bba_474be664,6bba_474be664:205,union|6bba_474be664:205|0,0,-21.761931454995008
geometry_1_05_focus4,6bba_474be664,6bba_474be664:205,union|6bba_474be664:205|1,0,-20.86651928847659
geometry_1_05_focus4,6bba_474be664,6bba_474be664:205,union|6bba_474be664:205|2,0,-22.405492872792983
geometry_1_05_focus4,6bba_474be664,6bba_474be664:205,union|6bba_474be664:205|3,0,-24.353603593320848
geometry_1_05_focus4,6bba_474be664,6bba_474be664:205,union|6bba_474be664:205|4,0,-24.05309706616775
geometry_1_05_focus4,6bba_474be664,6bba_474be664:205,union|6bba_474be664:205|5,0,-25.43565513257238
geometry_1_05_focus4,6bba_474be664,6bba_474be664:205,union|6bba_474be664:205|6,0,-23.081573634702888
geometry_1_05_focus4,6bba_474be664,6bba_474be664:205,union|6bba_474be664:205|7,0,-20.067867754153788
geometry_1_05_focus4,6bba_474be664,6bba_474be664:205,union|6bba_474be664:205|8,0,-24.99533731789402
geometry_1_05_focus4,6bba_474be664,6bba_474be664:205,union|6bba_474be664:205|9,0,-21.880803760084554
geometry_1_05_focus4,6bba_474be664,6bba_474be664:205,union|6bba_474be664:205|10,0,-24.08111215118555
geometry_1_05_focus4,6bba_474be664,6bba_474be664:205,union|6bba_474be664:205|11,0,-23.851791230974463
geometry_1_05_focus4,6bba_474be664,6bba_474be664:205,union|6bba_474be664:205|12,0,-24.23071089905093
geometry_1_05_focus4,6bba_474be664,6bba_474be664:205,union|6bba_474be664:205|13,0,-24.414245498184876
geometry_1_05_focus4,6bba_474be664,6bba_474be664:205,union|6bba_474be664:205|14,0,-27.087112240865384
geometry_1_05_focus4,6bba_474be664,6bba_474be664:205,union|6bba_474be664:205|15,0,-27.408638572005163
geometry_1_05_focus4,6bba_474be664,6bba_474be664:205,union|6bba_474be664:205|16,0,-21.738022481293118
geometry_1_05_focus4,6bba_474be664,6bba_474be664:205,union|6bba_474be664:205|17,0,-23.686542459034
geometry_1_05_focus4,6bba_474be664,6bba_474be664:205,union|6bba_474be664:205|18,0,-21.06230209096926
geometry_1_05_focus4,6bba_474be664,6bba_474be664:205,union|6bba_474be664:205|19,0,-23.99073924928076
geometry_1_05_focus4,6bba_474be664,6bba_474be664:205,union|6bba_474be664:205|20,0,-23.582981488956825
geometry_1_05_focus4,6bba_474be664,6bba_474be664:205,union|6bba_474be664:205|21,0,-22.973404370956075
geometry_1_05_focus4,6bba_474be664,6bba_474be664:205,union|6bba_474be664:205|22,0,-21.33219550344581
geometry_1_05_focus4,6bba_474be664,6bba_474be664:205,union|6bba_474be664:205|23,0,-23.24676844753119
geometry_1_05_focus4,6bba_474be664,6bba_474be664:205,union|6bba_474be664:205|24,0,-20.424689970733144
geometry_1_05_focus4,6bba_474be664,6bba_474be664:205,union|6bba_474be664:205|25,0,-20.744022394316225
geometry_1_05_focus4,6bba_474be664,6bba_474be664:205,union|6bba_474be664:205|26,0,-20.22291841708929
geometry_1_05_focus4,6bba_474be664,6bba_474be664:205,union|6bba_474be664:205|27,0,-25.098158514668903
geometry_1_05_focus4,6bba_474be664,6bba_474be664:205,union|6bba_474be664:205|28,0,-20.92674670461013
geometry_1_05_focus4,6bba_474be664,6bba_474be664:205,union|6bba_474be664:205|29,0,-24.82147107683791
geometry_1_05_focus4,6bba_474be664,6bba_474be664:205,union|6bba_474be664:205|30,0,-24.20463482726432
geometry_1_05_focus4,6bba_474be664,6bba_474be664:205,union|6bba_474be664:205|31,0,-24.82147107683791
geometry_1_05_focus4,6bba_474be664,6bba_474be664:205,union|6bba_474be664:205|32,0,-17.210725513182272
geometry_1_05_focus4,6bba_474be664,6bba_474be664:205,union|6bba_474be664:205|33,0,-18.700802220156064
geometry_1_05_focus4,6bba_474be664,6bba_474be664:205,union|6bba_474be664:205|34,0,-23.030471719225847
geometry_1_05_focus4,6bba_474be664,6bba_474be664:205,union|6bba_474be664:205|35,0,-12.26632754161094
geometry_1_05_focus4,6bba_474be664,6bba_474be664:205,union|6bba_474be664:205|36,0,-21.738022481293118
geometry_1_05_focus4,6bba_474be664,6bba_474be664:205,union|6bba_474be664:205|37,1,-11.530608948663392
geometry_1_05_focus4,6bba_474be664,6bba_474be664:205,union|6bba_474be664:205|38,0,-18.73912521165736
geometry_1_05_focus4,6bba_474be664,6bba_474be664:205,union|6bba_474be664:205|39,0,-17.451415810804043
geometry_1_05_focus4,6bba_474be664,6bba_474be664:205,union|6bba_474be664:205|40,0,-21.98765095069431
geometry_1_05_focus4,6bba_474be664,6bba_474be664:205,union|6bba_474be664:205|41,0,-17.278739317332864
geometry_1_05_focus4,6bba_474be664,6bba_474be664:205,union|6bba_474be664:205|42,0,-17.42549475148161
geometry_1_05_focus4,6bba_474be664,6bba_474be664:205,union|6bba_474be664:205|43,0,-17.725224551485013
geometry_1_05_focus4,6bba_474be664,6bba_474be664:205,union|6bba_474be664:205|44,0,-26.609639760900805
geometry_1_05_focus4,6bba_474be664,6bba_474be664:205,union|6bba_474be664:205|45,0,-23.822366491842537
geometry_1_05_focus4,6bba_474be664,6bba_474be664:205,union|6bba_474be664:205|46,0,-28.51249716133337
geometry_1_05_focus4,6bba_474be664,6bba_474be664:205,union|6bba_474be664:205|47,0,-28.235749187718852
geometry_1_05_focus4,6bba_474be664,6bba_474be664:205,union|6bba_474be664:205|48,0,-21.623263777241874
geometry_1_05_focus4,6bba_474be664,6bba_474be664:205,union|6bba_474be664:205|49,0,-19.445076460977305
geometry_1_05_focus4,6bba_474be664,6bba_474be664:205,union|6bba_474be664:205|50,0,-16.643927363111754
geometry_1_05_focus4,6bba_474be664,6bba_474be664:205,union|6bba_474be664:205|51,0,-20.229322621360296
geometry_1_05_focus4,6bba_474be664,6bba_474be664:205,union|6bba_474be664:205|52,0,-16.71872673704444
geometry_1_05_focus4,6bba_474be664,6bba_474be664:205,union|6bba_474be664:205|53,0,-22.713089233052827
geometry_1_05_focus4,6bba_474be664,6bba_474be664:205,union|6bba_474be664:205|54,0,-21.057012191258444
geometry_1_05_focus4,6bba_474be664,6bba_474be664:205,union|6bba_474be664:205|55,0,-20.751229995804792
geometry_1_05_focus4,6bba_474be664,6bba_474be664:205,union|6bba_474be664:205|56,0,-24.73558682310904
geometry_1_05_focus4,6bba_474be664,6bba_474be664:205,union|6bba_474be664:205|57,0,-25.424398070586214
geometry_1_05_focus4,6bba_474be664,6bba_474be664:205,union|6bba_474be664:205|58,0,-28.60101494077172
geometry_1_05_focus4,6bba_474be664,6bba_474be664:205,union|6bba_474be664:205|59,0,-18.700802220156064
geometry_1_05_focus4,6bba_474be664,6bba_474be664:205,union|6bba_474be664:205|60,0,-20.043544059531126
geometry_1_05_focus4,6bba_474be664,6bba_474be664:205,union|6bba_474be664:205|61,0,-22.24915658883544
geometry_1_05_focus4,6bba_474be664,6bba_474be664:205,union|6bba_474be664:205|62,0,-18.700802220156064
geometry_1_05_focus4,6bba_474be664,6bba_474be664:205,union|6bba_474be664:205|63,0,-23.04297762837434
geometry_1_05_focus4,6bba_474be664,6bba_474be664:205,union|6bba_474be664:205|64,0,-22.903631260758928
geometry_1_05_focus4,6bba_474be664,6bba_474be664:205,union|6bba_474be664:205|65,0,-20.048848197734443
geometry_1_05_focus4,6bba_474be664,6bba_474be664:205,union|6bba_474be664:205|66,0,-23.416090215025505
geometry_1_05_focus4,6bba_474be664,6bba_474be664:205,union|6bba_474be664:205|67,0,-25.668447968940395
geometry_1_05_focus4,6bba_474be664,6bba_474be664:205,union|6bba_474be664:205|68,0,-21.963921171749355
geometry_1_05_focus4,6bba_474be664,6bba_474be664:205,union|6bba_474be664:205|69,0,-23.235153997341243
geometry_1_05_focus4,6bba_474be664,6bba_474be664:205,union|6bba_474be664:205|70,0,-18.419653375994866
geometry_1_05_focus4,6bba_474be664,6bba_474be664:205,union|6bba_474be664:205|71,0,-23.030471719225847
geometry_1_05_focus4,6bba_474be664,6bba_474be664:205,union|6bba_474be664:205|72,0,-22.777681851840942
geometry_1_05_focus4,6bba_474be664,6bba_474be664:205,union|6bba_474be664:205|73,0,-22.366675745340544
geometry_1_05_focus4,6bba_474be664,6bba_474be664:205,union|6bba_474be664:205|74,0,-27.571659862719052
geometry_1_05_focus4,6bba_474be664,6bba_474be664:205,union|6bba_474be664:205|75,0,-27.620080680456937
geometry_1_05_focus4,6bba_474be664,6bba_474be664:205,union|6bba_474be664:205|76,0,-22.23843675365785
geometry_1_05_focus4,6bba_474be664,6bba_474be664:205,union|6bba_474be664:205|77,0,-14.200995994628697
geometry_1_05_focus4,6bba_474be664,6bba_474be664:205,union|6bba_474be664:205|78,0,-18.54204369983471
geometry_1_05_focus4,6bba_474be664,6bba_474be664:205,union|6bba_474be664:205|79,0,-15.276277796108259
geometry_1_05_focus4,6bba_474be664,6bba_474be664:205,union|6bba_474be664:205|80,0,-21.695754354728145
geometry_1_05_focus4,6bba_474be664,6bba_474be664:205,union|6bba_474be664:205|81,0,-16.743288212292974
geometry_1_05_focus4,6bba_474be664,6bba_474be664:205,union|6bba_474be664:205|82,0,-15.127397712625331
geometry_1_05_focus4,6bba_474be664,6bba_474be664:205,union|6bba_474be664:205|83,0,-15.987804002858585
geometry_1_05_focus4,6bba_474be664,6bba_474be664:205,union|6bba_474be664:205|84,0,-23.41449226608327
geometry_1_05_focus4,6bba_474be664,6bba_474be664:205,union|6bba_474be664:205|85,0,-26.39378607729669
geometry_1_05_focus4,6bba_474be664,6bba_474be664:205,union|6bba_474be664:205|86,0,-26.209696859118658
geometry_1_05_focus4,6bba_474be664,6bba_474be664:205,union|6bba_474be664:205|87,0,-26.860717018084333
geometry_1_05_focus4,6bba_474be664,6bba_474be664:205,union|6bba_474be664:205|88,0,-21.60772783908739
geometry_1_05_focus4,6bba_474be664,6bba_474be664:205,union|6bba_474be664:205|89,0,-15.889718043215707
geometry_1_05_focus4,6bba_474be664,6bba_474be664:205,union|6bba_474be664:205|90,0,-20.772959453125825
geometry_1_05_focus4,6bba_474be664,6bba_474be664:205,union|6bba_474be664:205|91,0,-19.98800209653755
geometry_1_05_focus4,6bba_474be664,6bba_474be664:205,union|6bba_474be664:205|92,0,-23.156938970090025
geometry_1_05_focus4,6bba_474be664,6bba_474be664:205,union|6bba_474be664:205|93,0,-23.347699735333475
geometry_1_05_focus4,6bba_474be664,6bba_474be664:205,union|6bba_474be664:205|94,0,-18.491846916560565
geometry_1_05_focus4,6bba_474be664,6bba_474be664:205,union|6bba_474be664:205|95,0,-16.87146263834547
geometry_1_05_focus4,6bba_474be664,6bba_474be664:205,union|6bba_474be664:205|96,0,-17.17070920106598
geometry_1_05_focus4,6bba_474be664,6bba_474be664:205,union|6bba_474be664:205|97,0,-12.653726274290703
geometry_1_05_focus4,6bba_474be664,6bba_474be664:205,union|6bba_474be664:205|98,0,-15.98161933006851
geometry_1_05_focus4,6bba_474be664,6bba_474be664:205,union|6bba_474be664:205|99,0,-13.740515506976207
geometry_1_05_focus4,6bba_474be664,6bba_474be664:205,union|6bba_474be664:205|100,0,-21.72785073722658
geometry_1_05_focus4,6bba_474be664,6bba_474be664:205,union|6bba_474be664:205|101,0,-24.194591203209455
geometry_1_05_focus4,6bba_474be664,6bba_474be664:205,union|6bba_474be664:205|102,0,-23.014947140911957
geometry_1_05_focus4,6bba_474be664,6bba_474be664:205,union|6bba_474be664:205|103,0,-24.62172158233201
geometry_1_05_focus4,6bba_474be664,6bba_474be664:205,union|6bba_474be664:205|104,0,-27.767464921313852
geometry_1_05_focus4,6bba_474be664,6bba_474be664:205,union|6bba_474be664:205|105,0,-21.792301464115983
geometry_1_05_focus4,6bba_474be664,6bba_474be664:205,union|6bba_474be664:205|106,0,-17.628762496067992
geometry_1_05_focus4,6bba_474be664,6bba_474be664:205,union|6bba_474be664:205|107,0,-16.08421585086213
geometry_1_05_focus4,6bba_474be664,6bba_474be664:205,union|6bba_474be664:205|108,0,-19.563188105781066
geometry_1_05_focus4,6bba_474be664,6bba_474be664:205,union|6bba_474be664:205|109,0,-27.905422346447914
geometry_1_05_focus4,6bba_474be664,6bba_474be664:205,union|6bba_474be664:205|110,0,-22.194796236106708
geometry_1_05_focus4,6bba_474be664,6bba_474be664:205,union|6bba_474be664:205|111,0,-19.345847215761765
geometry_1_05_focus4,6bba_474be664,6bba_474be664:205,union|6bba_474be664:205|112,0,-18.435646417901733
geometry_1_05_focus4,6bba_474be664,6bba_474be664:205,union|6bba_474be664:205|113,0,-17.64996327893241
geometry_1_05_focus4,6bba_474be664,6bba_474be664:205,union|6bba_474be664:205|114,0,-15.707646214079912
geometry_1_05_focus4,6bba_474be664,6bba_474be664:205,union|6bba_474be664:205|115,0,-20.338805717004274
geometry_1_05_focus4,6bba_474be664,6bba_474be664:205,union|6bba_474be664:205|116,0,-25.47898588211303
geometry_1_05_focus4,6bba_474be664,6bba_474be664:205,union|6bba_474be664:205|117,0,-24.41662618912263
geometry_1_05_focus4,6bba_474be664,6bba_474be664:205,union|6bba_474be664:205|118,0,-17.997801238183385
geometry_1_05_focus4,6bba_474be664,6bba_474be664:205,union|6bba_474be664:205|119,0,-21.08116950485747
geometry_1_05_focus4,6bba_474be664,6bba_474be664:205,union|6bba_474be664:205|120,0,-16.938216150063333
geometry_1_05_focus4,6bba_474be664,6bba_474be664:205,union|6bba_474be664:205|121,0,-19.55209318304112
geometry_1_05_focus4,6bba_474be664,6bba_474be664:205,union|6bba_474be664:205|122,0,-25.197014746031037
geometry_1_05_focus4,6bba_474be664,6bba_474be664:205,union|6bba_474be664:205|123,0,-23.99750174677902
geometry_1_05_focus4,6bba_474be664,6bba_474be664:205,union|6bba_474be664:205|124,0,-23.66711703209916
geometry_1_05_focus4,6bba_474be664,6bba_474be664:205,union|6bba_474be664:205|125,0,-14.906650040709557
geometry_1_05_focus4,6bba_474be664,6bba_474be664:205,union|6bba_474be664:205|126,0,-13.367196075638937
geometry_1_05_focus4,6bba_474be664,6bba_474be664:205,union|6bba_474be664:205|127,0,-21.72785073722658
geometry_1_05_focus4,6bba_474be664,6bba_474be664:205,union|6bba_474be664:205|128,0,-26.200691372053477
geometry_1_05_focus4,6bba_474be664,6bba_474be664:205,union|6bba_474be664:205|129,0,-25.852949533392874
geometry_1_05_focus4,6bba_474be664,6bba_474be664:205,union|6bba_474be664:205|130,0,-23.63321863060822
geometry_1_05_focus4,6bba_474be664,6bba_474be664:205,union|6bba_474be664:205|131,0,-26.275082030860208
geometry_1_05_focus4,6bba_474be664,6bba_474be664:205,union|6bba_474be664:205|132,0,-14.981449414642247
geometry_1_05_focus4,6bba_474be664,6bba_474be664:205,union|6bba_474be664:205|133,0,-22.732446622646723
geometry_1_05_focus4,6bba_474be664,6bba_474be664:205,union|6bba_474be664:205|134,0,-24.288892151475117
geometry_1_05_focus4,6bba_474be664,6bba_474be664:205,union|6bba_474be664:205|135,0,-23.488223525650888
geometry_1_05_focus4,6bba_474be664,6bba_474be664:205,union|6bba_474be664:205|136,0,-18.68024266040633
geometry_1_05_focus4,6bba_474be664,6bba_474be664:205,union|6bba_474be664:205|137,0,-27.47822851726486
geometry_1_05_focus4,6bba_474be664,6bba_474be664:205,union|6bba_474be664:205|138,0,-25.94404834399082
geometry_1_05_focus4,6bba_474be664,6bba_474be664:205,union|6bba_474be664:205|139,0,-20.962054702710223
geometry_1_05_focus4,6bba_474be664,6bba_474be664:205,union|6bba_474be664:205|140,0,-27.681848964691774
geometry_1_05_focus4,6bba_474be664,6bba_474be664:205,union|6bba_474be664:205|141,0,-21.689169816450367
geometry_1_05_focus4,6bba_474be664,6bba_474be664:205,union|6bba_474be664:205|142,0,-25.752761081265668
geometry_1_05_focus4,6bba_474be664,6bba_474be664:205,union|6bba_474be664:205|143,0,-32.78324427986138
geometry_1_05_focus4,6bba_5c039895,6bba_5c039895:121,union|6bba_5c039895:121|0,0,-19.679530208778125
geometry_1_05_focus4,6bba_5c039895,6bba_5c039895:121,union|6bba_5c039895:121|1,0,-22.517135349943473
geometry_1_05_focus4,6bba_5c039895,6bba_5c039895:121,union|6bba_5c039895:121|2,0,-20.908225431178728
geometry_1_05_focus4,6bba_5c039895,6bba_5c039895:121,union|6bba_5c039895:121|3,0,-19.340968028319427
geometry_1_05_focus4,6bba_5c039895,6bba_5c039895:121,union|6bba_5c039895:121|4,0,-21.921372928520903
geometry_1_05_focus4,6bba_5c039895,6bba_5c039895:121,union|6bba_5c039895:121|5,0,-19.046141126334465
geometry_1_05_focus4,6bba_5c039895,6bba_5c039895:121,union|6bba_5c039895:121|6,0,-17.721033611725545
geometry_1_05_focus4,6bba_5c039895,6bba_5c039895:121,union|6bba_5c039895:121|7,1,-10.12716369888933
geometry_1_05_focus4,6bba_5c039895,6bba_5c039895:121,union|6bba_5c039895:121|8,0,-22.24915658883544
geometry_1_05_focus4,6bba_5c039895,6bba_5c039895:121,union|6bba_5c039895:121|9,0,-15.585845392423487
geometry_1_05_focus4,6bba_5c039895,6bba_5c039895:121,union|6bba_5c039895:121|10,0,-17.873710183038657
geometry_1_05_focus4,6bba_5c039895,6bba_5c039895:121,union|6bba_5c039895:121|11,0,-20.09904498100859
geometry_1_05_focus4,6bba_5c039895,6bba_5c039895:680,union|6bba_5c039895:680|0,0,-21.020561354059456
geometry_1_05_focus4,6bba_5c039895,6bba_5c039895:680,union|6bba_5c039895:680|1,0,-17.100383538078184
geometry_1_05_focus4,6bba_5c039895,6bba_5c039895:680,union|6bba_5c039895:680|2,0,-15.819583353015652
geometry_1_05_focus4,6bba_5c039895,6bba_5c039895:680,union|6bba_5c039895:680|3,0,-23.960807299022257
geometry_1_05_focus4,6bba_5c039895,6bba_5c039895:680,union|6bba_5c039895:680|4,0,-25.12516664477309
geometry_1_05_focus4,6bba_5c039895,6bba_5c039895:680,union|6bba_5c039895:680|5,1,-13.135222036712083
geometry_1_05_focus4,6bba_5c039895,6bba_5c039895:680,union|6bba_5c039895:680|6,0,-19.993356828813326
geometry_1_05_focus4,6bba_5c039895,6bba_5c039895:680,union|6bba_5c039895:680|7,0,-20.908225431178728
geometry_1_05_focus4,6bba_705ec2c9,6bba_705ec2c9:250,union|6bba_705ec2c9:250|0,0,-19.253762496067992
geometry_1_05_focus4,6bba_705ec2c9,6bba_705ec2c9:250,union|6bba_705ec2c9:250|1,0,-19.476077523658255
geometry_1_05_focus4,6bba_705ec2c9,6bba_705ec2c9:250,union|6bba_705ec2c9:250|2,0,-20.878762496067992
geometry_1_05_focus4,6bba_705ec2c9,6bba_705ec2c9:250,union|6bba_705ec2c9:250|3,0,-19.594100882394265
geometry_1_05_focus4,6bba_705ec2c9,6bba_705ec2c9:250,union|6bba_705ec2c9:250|4,0,-13.687616424446484
geometry_1_05_focus4,6bba_705ec2c9,6bba_705ec2c9:250,union|6bba_705ec2c9:250|5,0,-10.016036103190048
geometry_1_05_focus4,6bba_705ec2c9,6bba_705ec2c9:250,union|6bba_705ec2c9:250|6,0,-19.13148322036496
geometry_1_05_focus4,6bba_705ec2c9,6bba_705ec2c9:250,union|6bba_705ec2c9:250|7,0,-22.428769106220393
geometry_1_05_focus4,6bba_705ec2c9,6bba_705ec2c9:250,union|6bba_705ec2c9:250|8,1,-13.13418550430324
geometry_1_05_focus4,6bba_705ec2c9,6bba_705ec2c9:250,union|6bba_705ec2c9:250|9,0,-17.340334313489613
geometry_1_05_focus4,6bba_705ec2c9,6bba_705ec2c9:250,union|6bba_705ec2c9:250|10,0,-22.420787359297186
geometry_1_05_focus4,6bba_705ec2c9,6bba_705ec2c9:250,union|6bba_705ec2c9:250|11,0,-19.685841180709303
geometry_1_05_focus4,6bba_705ec2c9,6bba_705ec2c9:250,union|6bba_705ec2c9:250|12,0,-19.935747934797
geometry_1_05_focus4,6bba_705ec2c9,6bba_705ec2c9:250,union|6bba_705ec2c9:250|13,0,-28.789917305310524
geometry_1_05_focus4,6bba_7af54fde,6bba_7af54fde:556,union|6bba_7af54fde:556|0,0,-23.04784836345567
geometry_1_05_focus4,6bba_7af54fde,6bba_7af54fde:556,union|6bba_7af54fde:556|1,1,-19.924921360025294
geometry_1_05_focus4,6bba_7af54fde,6bba_7af54fde:556,union|6bba_7af54fde:556|2,0,-22.094750348355117
geometry_1_05_focus4,6bba_7af54fde,6bba_7af54fde:556,union|6bba_7af54fde:556|3,0,-21.88124273922527
geometry_1_05_focus4,6bba_7af54fde,6bba_7af54fde:556,union|6bba_7af54fde:556|4,0,-18.66228697138231
geometry_1_05_focus4,6bba_7af54fde,6bba_7af54fde:556,union|6bba_7af54fde:556|5,0,-19.44249332767668
geometry_1_05_focus4,6bba_7af54fde,6bba_7af54fde:556,union|6bba_7af54fde:556|6,0,-20.134410094811834
geometry_1_05_focus4,6bba_7af54fde,6bba_7af54fde:556,union|6bba_7af54fde:556|7,0,-21.87605085966978
geometry_1_05_focus4,6bba_7af54fde,6bba_7af54fde:556,union|6bba_7af54fde:556|8,0,-18.482762795269196
geometry_1_05_focus4,6bba_7af54fde,6bba_7af54fde:556,union|6bba_7af54fde:556|9,0,-19.752146828026007
geometry_1_05_focus4,6bba_7af54fde,6bba_7af54fde:556,union|6bba_7af54fde:556|10,0,-19.476082233137674
geometry_1_05_focus4,6bba_7af54fde,6bba_7af54fde:556,union|6bba_7af54fde:556|11,0,-24.102049623362426
geometry_1_05_focus4,6bba_7af54fde,6bba_7af54fde:556,union|6bba_7af54fde:556|12,0,-21.278011833759017
geometry_1_05_focus4,6bba_7af54fde,6bba_7af54fde:556,union|6bba_7af54fde:556|13,0,-15.778792649149008
geometry_1_05_focus4,6bba_7af54fde,6bba_7af54fde:556,union|6bba_7af54fde:556|14,0,-21.723134298915916
geometry_1_05_focus4,6bba_7af54fde,6bba_7af54fde:556,union|6bba_7af54fde:556|15,0,-24.76555533836968
geometry_1_05_focus4,6bba_7af54fde,6bba_7af54fde:556,union|6bba_7af54fde:556|16,0,-21.323397260727937
geometry_1_05_focus4,6bba_7af54fde,6bba_7af54fde:556,union|6bba_7af54fde:556|17,0,-17.911270154415433
geometry_1_05_focus4,6bba_7af54fde,6bba_7af54fde:590,union|6bba_7af54fde:590|0,0,-23.08397372295478
geometry_1_05_focus4,6bba_7af54fde,6bba_7af54fde:590,union|6bba_7af54fde:590|1,0,-21.248718515388504
geometry_1_05_focus4,6bba_7af54fde,6bba_7af54fde:590,union|6bba_7af54fde:590|2,0,-21.60772783908739
geometry_1_05_focus4,6bba_7af54fde,6bba_7af54fde:590,union|6bba_7af54fde:590|3,0,-23.37240036458305
geometry_1_05_focus4,6bba_7af54fde,6bba_7af54fde:590,union|6bba_7af54fde:590|4,0,-25.093542736970438
geometry_1_05_focus4,6bba_7af54fde,6bba_7af54fde:590,union|6bba_7af54fde:590|5,0,-25.423239477167613
geometry_1_05_focus4,6bba_7af54fde,6bba_7af54fde:590,union|6bba_7af54fde:590|6,0,-16.192491680587654
geometry_1_05_focus4,6bba_7af54fde,6bba_7af54fde:590,union|6bba_7af54fde:590|7,0,-15.964902395547233
geometry_1_05_focus4,6bba_7af54fde,6bba_7af54fde:590,union|6bba_7af54fde:590|8,0,-17.338523502705357
geometry_1_05_focus4,6bba_7af54fde,6bba_7af54fde:590,union|6bba_7af54fde:590|9,0,-21.475140094551872
geometry_1_05_focus4,6bba_7af54fde,6bba_7af54fde:590,union|6bba_7af54fde:590|10,1,-20.228663883706815
geometry_1_05_focus4,6bba_7af54fde,6bba_7af54fde:590,union|6bba_7af54fde:590|11,0,-25.620071969861414
geometry_1_05_focus4,6bba_7af54fde,6bba_7af54fde:590,union|6bba_7af54fde:590|12,0,-13.62589281159357
geometry_1_05_focus4,6bba_7af54fde,6bba_7af54fde:590,union|6bba_7af54fde:590|13,0,-17.392570727855187
geometry_1_05_focus4,6bba_7af54fde,6bba_7af54fde:590,union|6bba_7af54fde:590|14,0,-18.227104437427187
geometry_1_05_focus4,6bba_7af54fde,6bba_7af54fde:590,union|6bba_7af54fde:590|15,0,-21.248718515388504
geometry_1_05_focus4,6bba_7af54fde,6bba_7af54fde:590,union|6bba_7af54fde:590|16,0,-6.019733539421726
geometry_1_05_focus4,6bba_7af54fde,6bba_7af54fde:590,union|6bba_7af54fde:590|17,0,-21.114694721374196
geometry_1_05_focus4,6bba_7af54fde,6bba_7af54fde:590,union|6bba_7af54fde:590|18,0,-13.07513548091628
geometry_1_05_focus4,6bba_7af54fde,6bba_7af54fde:590,union|6bba_7af54fde:590|19,0,-19.471251119758623
geometry_1_05_focus4,6bba_7af54fde,6bba_7af54fde:590,union|6bba_7af54fde:590|20,0,-22.59448470287961
geometry_1_05_focus4,6bba_7af54fde,6bba_7af54fde:590,union|6bba_7af54fde:590|21,0,-17.313637812827448
geometry_1_05_focus4,6bba_7af54fde,6bba_7af54fde:590,union|6bba_7af54fde:590|22,0,-25.485238271943484
geometry_1_05_focus4,6bba_7af54fde,6bba_7af54fde:590,union|6bba_7af54fde:590|23,0,-19.88408912334123
geometry_1_05_focus4,6bba_7af54fde,6bba_7af54fde:590,union|6bba_7af54fde:590|24,0,-22.157185737988414
geometry_1_05_focus4,6bba_7af54fde,6bba_7af54fde:590,union|6bba_7af54fde:590|25,0,-21.116333034600313
geometry_1_05_focus4,6bba_7af54fde,6bba_7af54fde:590,union|6bba_7af54fde:590|26,0,-22.3588195210854
geometry_1_05_focus4,6bba_7af54fde,6bba_7af54fde:590,union|6bba_7af54fde:590|27,0,-22.076335747675046
geometry_1_05_focus4,6bba_7af54fde,6bba_7af54fde:590,union|6bba_7af54fde:590|28,0,-25.370068449729388
geometry_1_05_focus4,6bba_7af54fde,6bba_7af54fde:590,union|6bba_7af54fde:590|29,0,-25.38542775225347
geometry_1_05_focus4,6bba_7af54fde,6bba_7af54fde:590,union|6bba_7af54fde:590|30,0,-25.306651033749596
geometry_1_05_focus4,6bba_907271db,6bba_907271db:902,union|6bba_907271db:902|0,1,-16.224428717744548
geometry_1_05_focus4,6bba_afb141ff,6bba_afb141ff:115,union|6bba_afb141ff:115|0,1,-17.081788055405344
geometry_1_05_focus4,6bba_afb141ff,6bba_afb141ff:115,union|6bba_afb141ff:115|1,0,-16.87703149658693
geometry_1_05_focus4,6bba_afb141ff,6bba_afb141ff:115,union|6bba_afb141ff:115|2,0,-21.1126322471079
geometry_1_05_focus4,6bba_afb141ff,6bba_afb141ff:115,union|6bba_afb141ff:115|3,0,-19.319734868856244
geometry_1_05_focus4,6bba_afb141ff,6bba_afb141ff:115,union|6bba_afb141ff:115|4,0,-13.954390798187557
geometry_1_05_focus4,6bba_afb141ff,6bba_afb141ff:115,union|6bba_afb141ff:115|5,0,-23.726061760930953
geometry_1_05_focus4,6bba_afb141ff,6bba_afb141ff:115,union|6bba_afb141ff:115|6,0,-12.575245779729475
geometry_1_05_focus4,6bba_afb141ff,6bba_afb141ff:115,union|6bba_afb141ff:115|7,0,-17.40557447932182
geometry_1_05_focus4,6bba_afb141ff,6bba_afb141ff:115,union|6bba_afb141ff:115|8,0,-20.52770342584002
geometry_1_05_focus4,6bba_afb141ff,6bba_afb141ff:115,union|6bba_afb141ff:115|9,0,-22.380110519269294
geometry_1_05_focus4,6bba_afb141ff,6bba_afb141ff:115,union|6bba_afb141ff:115|10,0,-13.709349504354662
geometry_1_05_focus4,6bba_afb141ff,6bba_afb141ff:115,union|6bba_afb141ff:115|11,0,-18.43248823735189
geometry_1_05_focus4,6bba_afb141ff,6bba_afb141ff:115,union|6bba_afb141ff:115|12,0,-24.178301200565485
geometry_1_05_focus4,6bba_afb141ff,6bba_afb141ff:115,union|6bba_afb141ff:115|13,0,-22.717197813432637
geometry_1_05_focus4,6bba_afb141ff,6bba_afb141ff:115,union|6bba_afb141ff:115|14,0,-23.54100999857348
geometry_1_05_focus4,6bba_afb141ff,6bba_afb141ff:115,union|6bba_afb141ff:115|15,0,-13.307290425999977
geometry_1_05_focus4,6bba_afb141ff,6bba_afb141ff:115,union|6bba_afb141ff:115|16,0,-22.876839361407416
geometry_1_05_focus4,6bba_afb141ff,6bba_afb141ff:115,union|6bba_afb141ff:115|17,0,-23.78715907668289
geometry_1_05_focus4,6bba_afb141ff,6bba_afb141ff:304,union|6bba_afb141ff:304|0,0,-24.076791983057788
geometry_1_05_focus4,6bba_afb141ff,6bba_afb141ff:304,union|6bba_afb141ff:304|1,1,-15.638479804873281
geometry_1_05_focus4,6bba_afb141ff,6bba_afb141ff:304,union|6bba_afb141ff:304|2,0,-23.44248686545162
geometry_1_05_focus4,6bba_afb141ff,6bba_afb141ff:304,union|6bba_afb141ff:304|3,0,-21.248706408984333
geometry_1_05_focus4,6bba_afb141ff,6bba_afb141ff:304,union|6bba_afb141ff:304|4,0,-25.851459073502806
geometry_1_05_focus4,6bba_afb141ff,6bba_afb141ff:304,union|6bba_afb141ff:304|5,0,-24.671462681011008
geometry_1_05_focus4,6bba_d1acb6ff,6bba_d1acb6ff:414,union|6bba_d1acb6ff:414|0,1,-9.803536005659275
geometry_1_05_focus4,6bba_d1acb6ff,6bba_d1acb6ff:414,union|6bba_d1acb6ff:414|1,0,-23.907220075230505
geometry_1_05_focus4,6bba_d1acb6ff,6bba_d1acb6ff:414,union|6bba_d1acb6ff:414|2,0,-19.779902140580184
geometry_1_05_focus4,6bba_d1acb6ff,6bba_d1acb6ff:414,union|6bba_d1acb6ff:414|3,0,-16.717219396453284
geometry_1_05_focus4,6bba_d1acb6ff,6bba_d1acb6ff:414,union|6bba_d1acb6ff:414|4,0,-21.629155723348312
geometry_1_05_focus4,6bba_d1acb6ff,6bba_d1acb6ff:414,union|6bba_d1acb6ff:414|5,0,-23.7092273949733
geometry_1_05_focus4,6bba_d1acb6ff,6bba_d1acb6ff:414,union|6bba_d1acb6ff:414|6,0,-20.011860192748507
geometry_1_05_focus4,6bba_d1acb6ff,6bba_d1acb6ff:414,union|6bba_d1acb6ff:414|7,0,-21.20563362790903
geometry_1_05_focus4,6bba_d1acb6ff,6bba_d1acb6ff:414,union|6bba_d1acb6ff:414|8,0,-20.229948377546194
geometry_1_05_focus4,6bba_d1acb6ff,6bba_d1acb6ff:414,union|6bba_d1acb6ff:414|9,0,-16.70874594435344
geometry_1_05_focus4,6bba_d1acb6ff,6bba_d1acb6ff:414,union|6bba_d1acb6ff:414|10,0,-16.363000616498745
geometry_1_05_focus4,6bba_d1acb6ff,6bba_d1acb6ff:414,union|6bba_d1acb6ff:414|11,0,-19.86746142723969
geometry_1_05_focus4,6bba_d1acb6ff,6bba_d1acb6ff:414,union|6bba_d1acb6ff:414|12,0,-25.743219337545675
geometry_1_05_focus4,6bba_d1acb6ff,6bba_d1acb6ff:414,union|6bba_d1acb6ff:414|13,0,-22.262579620390003
geometry_1_05_focus4,6bba_d1acb6ff,6bba_d1acb6ff:414,union|6bba_d1acb6ff:414|14,0,-20.029648800242356
geometry_1_05_focus4,6bba_d1acb6ff,6bba_d1acb6ff:414,union|6bba_d1acb6ff:414|15,0,-17.982659881663817
geometry_1_05_focus4,6bba_d1acb6ff,6bba_d1acb6ff:414,union|6bba_d1acb6ff:414|16,0,-24.04311272478094
geometry_1_05_focus4,6bba_d1acb6ff,6bba_d1acb6ff:414,union|6bba_d1acb6ff:414|17,0,-21.706002633815437
geometry_1_05_focus4,6bba_d1acb6ff,6bba_d1acb6ff:414,union|6bba_d1acb6ff:414|18,0,-26.677175866733343
geometry_1_05_focus4,6bba_d1acb6ff,6bba_d1acb6ff:414,union|6bba_d1acb6ff:414|19,0,-18.79314527678796
geometry_1_05_focus4,6bba_d1acb6ff,6bba_d1acb6ff:414,union|6bba_d1acb6ff:414|20,0,-16.414998475499935
geometry_1_05_focus4,6bba_d1acb6ff,6bba_d1acb6ff:414,union|6bba_d1acb6ff:414|21,0,-20.76284238498214
geometry_1_05_focus4,6bba_d1acb6ff,6bba_d1acb6ff:414,union|6bba_d1acb6ff:414|22,0,-19.44078761196925
geometry_1_05_focus4,6bba_d1acb6ff,6bba_d1acb6ff:414,union|6bba_d1acb6ff:414|23,0,-16.66203067057033
geometry_1_05_focus4,6bba_d1acb6ff,6bba_d1acb6ff:414,union|6bba_d1acb6ff:414|24,0,-20.870833212542323
geometry_1_05_focus4,6bba_d1acb6ff,6bba_d1acb6ff:414,union|6bba_d1acb6ff:414|25,0,-24.062156752994685
geometry_1_05_focus4,6bba_e16ffc58,6bba_e16ffc58:331,union|6bba_e16ffc58:331|0,0,-11.890893245182696
geometry_1_05_focus4,6bba_e16ffc58,6bba_e16ffc58:331,union|6bba_e16ffc58:331|1,0,-19.0039730057245
geometry_1_05_focus4,6bba_e16ffc58,6bba_e16ffc58:331,union|6bba_e16ffc58:331|2,0,-7.444350598886809
geometry_1_05_focus4,6bba_e16ffc58,6bba_e16ffc58:331,union|6bba_e16ffc58:331|3,0,-12.696701714759904
geometry_1_05_focus4,6bba_e16ffc58,6bba_e16ffc58:331,union|6bba_e16ffc58:331|4,0,-20.070851991649306
geometry_1_05_focus4,6bba_e16ffc58,6bba_e16ffc58:331,union|6bba_e16ffc58:331|5,0,-19.454914922848005
geometry_1_05_focus4,6bba_e16ffc58,6bba_e16ffc58:331,union|6bba_e16ffc58:331|6,0,-16.628537514411764
geometry_1_05_focus4,6bba_e16ffc58,6bba_e16ffc58:331,union|6bba_e16ffc58:331|7,0,-15.639062407533435
geometry_1_05_focus4,6bba_e16ffc58,6bba_e16ffc58:331,union|6bba_e16ffc58:331|8,1,-14.188990284038976
geometry_1_05_focus4,6bba_e16ffc58,6bba_e16ffc58:331,union|6bba_e16ffc58:331|9,0,-14.577988165555762
geometry_1_05_focus4,6bba_e16ffc58,6bba_e16ffc58:331,union|6bba_e16ffc58:331|10,0,-20.96237415687402
geometry_1_05_focus4,6bba_e16ffc58,6bba_e16ffc58:331,union|6bba_e16ffc58:331|11,0,-21.786607843038976
geometry_1_05_focus4,6bba_e16ffc58,6bba_e16ffc58:331,union|6bba_e16ffc58:331|12,0,-18.079204021031295
geometry_1_05_focus4,6bba_e16ffc58,6bba_e16ffc58:331,union|6bba_e16ffc58:331|13,0,-21.36708634969416
geometry_1_05_focus4,6bba_e16ffc58,6bba_e16ffc58:331,union|6bba_e16ffc58:331|14,0,-21.162404071578763
geometry_1_05_focus4,6bba_e16ffc58,6bba_e16ffc58:331,union|6bba_e16ffc58:331|15,0,-25.282615148650834
geometry_1_05_focus4,6bba_e16ffc58,6bba_e16ffc58:331,union|6bba_e16ffc58:331|16,0,-25.107648055892803
geometry_1_05_focus4,6bba_e16ffc58,6bba_e16ffc58:331,union|6bba_e16ffc58:331|17,0,-24.68551117607489
geometry_1_05_focus4,6bba_e16ffc58,6bba_e16ffc58:331,union|6bba_e16ffc58:331|18,0,-12.344706811724574
geometry_1_05_focus4,6bba_e16ffc58,6bba_e16ffc58:331,union|6bba_e16ffc58:331|19,0,-20.783453415667005
geometry_1_05_focus4,6bba_e16ffc58,6bba_e16ffc58:331,union|6bba_e16ffc58:331|20,0,-20.548875742608715
geometry_1_05_focus4,6bba_e16ffc58,6bba_e16ffc58:331,union|6bba_e16ffc58:331|21,0,-17.165013232782623
geometry_1_05_focus4,6bba_e16ffc58,6bba_e16ffc58:331,union|6bba_e16ffc58:331|22,0,-21.102653377444152
geometry_1_05_focus4,6bba_e16ffc58,6bba_e16ffc58:331,union|6bba_e16ffc58:331|23,0,-24.780567060927254
geometry_1_05_focus4,6bba_e16ffc58,6bba_e16ffc58:331,union|6bba_e16ffc58:331|24,0,-16.747089015181547
geometry_1_05_focus4,6bba_e16ffc58,6bba_e16ffc58:331,union|6bba_e16ffc58:331|25,0,-25.527752374310346
geometry_1_05_focus4,6bba_e16ffc58,6bba_e16ffc58:331,union|6bba_e16ffc58:331|26,0,-20.19674013232816
geometry_1_05_focus4,6bba_e16ffc58,6bba_e16ffc58:331,union|6bba_e16ffc58:331|27,0,-25.844064809920873
geometry_1_05_focus4,6bba_fe670320,6bba_fe670320:4,union|6bba_fe670320:4|0,1,-13.324141703396839
geometry_1_05_focus4,6bba_fe670320,6bba_fe670320:4,union|6bba_fe670320:4|1,0,-11.45865718905038
geometry_1_05_focus4,6bba_fe670320,6bba_fe670320:4,union|6bba_fe670320:4|2,0,-10.642953354794138
geometry_1_05_focus4,6bba_fe670320,6bba_fe670320:519,union|6bba_fe670320:519|0,0,-19.709732824667935
geometry_1_05_focus4,6bba_fe670320,6bba_fe670320:519,union|6bba_fe670320:519|1,0,-24.009317129512198
geometry_1_05_focus4,6bba_fe670320,6bba_fe670320:519,union|6bba_fe670320:519|2,0,-22.612737648814786
geometry_1_05_focus4,6bba_fe670320,6bba_fe670320:519,union|6bba_fe670320:519|3,1,-13.99726992479581
geometry_1_05_focus4,6bba_fe670320,6bba_fe670320:519,union|6bba_fe670320:519|4,0,-13.126339217390354
geometry_1_05_focus4,6bba_fe670320,6bba_fe670320:519,union|6bba_fe670320:519|5,0,-19.345847215761765
geometry_1_05_focus4,6bba_fe670320,6bba_fe670320:519,union|6bba_fe670320:519|6,0,-22.646301763317183
geometry_1_05_focus4,6bba_fe670320,6bba_fe670320:519,union|6bba_fe670320:519|7,0,-12.893846166387707
geometry_1_00_focus4,44b6_2a2eff9f,44b6_2a2eff9f:13,union|44b6_2a2eff9f:13|0,0,-25.792824564333458
geometry_1_00_focus4,44b6_2a2eff9f,44b6_2a2eff9f:13,union|44b6_2a2eff9f:13|1,0,-23.76520770339744
geometry_1_00_focus4,44b6_2a2eff9f,44b6_2a2eff9f:13,union|44b6_2a2eff9f:13|2,0,-29.290992543567963
geometry_1_00_focus4,44b6_2a2eff9f,44b6_2a2eff9f:13,union|44b6_2a2eff9f:13|3,0,-22.152970069049577
geometry_1_00_focus4,44b6_2a2eff9f,44b6_2a2eff9f:13,union|44b6_2a2eff9f:13|4,0,-27.75758090675407
geometry_1_00_focus4,44b6_2a2eff9f,44b6_2a2eff9f:13,union|44b6_2a2eff9f:13|5,0,-20.446293216603586
geometry_1_00_focus4,44b6_2a2eff9f,44b6_2a2eff9f:13,union|44b6_2a2eff9f:13|6,0,-24.320773014030618
geometry_1_00_focus4,44b6_2a2eff9f,44b6_2a2eff9f:13,union|44b6_2a2eff9f:13|7,0,-34.387880517870876
geometry_1_00_focus4,44b6_2a2eff9f,44b6_2a2eff9f:13,union|44b6_2a2eff9f:13|8,0,-37.060230621099535
geometry_1_00_focus4,44b6_2a2eff9f,44b6_2a2eff9f:13,union|44b6_2a2eff9f:13|9,0,-23.71294194592687
geometry_1_00_focus4,44b6_2a2eff9f,44b6_2a2eff9f:13,union|44b6_2a2eff9f:13|10,0,-21.59214728280726
geometry_1_00_focus4,44b6_2a2eff9f,44b6_2a2eff9f:13,union|44b6_2a2eff9f:13|11,0,-19.585946839917153
geometry_1_00_focus4,44b6_2a2eff9f,44b6_2a2eff9f:13,union|44b6_2a2eff9f:13|12,0,-30.8597080405341
geometry_1_00_focus4,44b6_2a2eff9f,44b6_2a2eff9f:13,union|44b6_2a2eff9f:13|13,0,-25.383311446696627
geometry_1_00_focus4,44b6_2a2eff9f,44b6_2a2eff9f:13,union|44b6_2a2eff9f:13|14,0,-32.86082097306156
geometry_1_00_focus4,44b6_2a2eff9f,44b6_2a2eff9f:13,union|44b6_2a2eff9f:13|15,0,-26.750443848744624
geometry_1_00_focus4,44b6_2a2eff9f,44b6_2a2eff9f:13,union|44b6_2a2eff9f:13|16,0,-19.749082767160804
geometry_1_00_focus4,44b6_2a2eff9f,44b6_2a2eff9f:13,union|44b6_2a2eff9f:13|17,0,-26.247259516259238
geometry_1_00_focus4,44b6_2a2eff9f,44b6_2a2eff9f:13,union|44b6_2a2eff9f:13|18,0,-26.293526572511066
geometry_1_00_focus4,44b6_2a2eff9f,44b6_2a2eff9f:13,union|44b6_2a2eff9f:13|19,0,-22.7088284781729
geometry_1_00_focus4,44b6_2a2eff9f,44b6_2a2eff9f:13,union|44b6_2a2eff9f:13|20,0,-26.115485194281398
geometry_1_00_focus4,44b6_2a2eff9f,44b6_2a2eff9f:13,union|44b6_2a2eff9f:13|21,0,-19.22725929507375
geometry_1_00_focus4,44b6_2a2eff9f,44b6_2a2eff9f:13,union|44b6_2a2eff9f:13|22,0,-31.05246855914491
geometry_1_00_focus4,44b6_2a2eff9f,44b6_2a2eff9f:13,union|44b6_2a2eff9f:13|23,0,-27.966042686612894
geometry_1_00_focus4,44b6_2a2eff9f,44b6_2a2eff9f:13,union|44b6_2a2eff9f:13|24,0,-30.488671440575423
geometry_1_00_focus4,44b6_2a2eff9f,44b6_2a2eff9f:13,union|44b6_2a2eff9f:13|25,0,-27.19686268975979
geometry_1_00_focus4,44b6_2a2eff9f,44b6_2a2eff9f:13,union|44b6_2a2eff9f:13|26,0,-33.133213484333055
geometry_1_00_focus4,44b6_2a2eff9f,44b6_2a2eff9f:13,union|44b6_2a2eff9f:13|27,0,-31.50199919520588
geometry_1_00_focus4,44b6_2a2eff9f,44b6_2a2eff9f:13,union|44b6_2a2eff9f:13|28,0,-28.60377855894427
geometry_1_00_focus4,44b6_2a2eff9f,44b6_2a2eff9f:13,union|44b6_2a2eff9f:13|29,0,-24.963723680572976
geometry_1_00_focus4,44b6_2a2eff9f,44b6_2a2eff9f:13,union|44b6_2a2eff9f:13|30,0,-26.345313385208698
geometry_1_00_focus4,44b6_2a2eff9f,44b6_2a2eff9f:13,union|44b6_2a2eff9f:13|31,0,-27.712184659891392
geometry_1_00_focus4,44b6_2a2eff9f,44b6_2a2eff9f:13,union|44b6_2a2eff9f:13|32,0,-35.40291126414631
geometry_1_00_focus4,44b6_2a2eff9f,44b6_2a2eff9f:13,union|44b6_2a2eff9f:13|33,0,-27.769992980340334
geometry_1_00_focus4,44b6_2a2eff9f,44b6_2a2eff9f:13,union|44b6_2a2eff9f:13|34,1,-24.536961914629938
geometry_1_00_focus4,44b6_2a2eff9f,44b6_2a2eff9f:13,union|44b6_2a2eff9f:13|35,0,-37.71611971864099
geometry_1_00_focus4,44b6_2a2eff9f,44b6_2a2eff9f:13,union|44b6_2a2eff9f:13|36,0,-28.41739927887692
geometry_1_00_focus4,44b6_2a2eff9f,44b6_2a2eff9f:13,union|44b6_2a2eff9f:13|37,0,-21.623263777241874
geometry_1_00_focus4,44b6_2a2eff9f,44b6_2a2eff9f:13,union|44b6_2a2eff9f:13|38,0,-27.826562407533437
geometry_1_00_focus4,44b6_2a2eff9f,44b6_2a2eff9f:13,union|44b6_2a2eff9f:13|39,0,-26.996527554483745
geometry_1_00_focus4,44b6_2a2eff9f,44b6_2a2eff9f:13,union|44b6_2a2eff9f:13|40,0,-25.520992886032353
geometry_1_00_focus4,44b6_2a2eff9f,44b6_2a2eff9f:13,union|44b6_2a2eff9f:13|41,0,-32.6471218229153
geometry_1_00_focus4,44b6_2a2eff9f,44b6_2a2eff9f:13,union|44b6_2a2eff9f:13|42,0,-20.034345509649174
geometry_1_00_focus4,44b6_2a2eff9f,44b6_2a2eff9f:13,union|44b6_2a2eff9f:13|43,0,-33.30219201405973
geometry_1_00_focus4,44b6_2a2eff9f,44b6_2a2eff9f:13,union|44b6_2a2eff9f:13|44,0,-31.636164514375302
geometry_1_00_focus4,44b6_2a2eff9f,44b6_2a2eff9f:13,union|44b6_2a2eff9f:13|45,0,-29.25
geometry_1_00_focus4,44b6_2a2eff9f,44b6_2a2eff9f:13,union|44b6_2a2eff9f:13|46,0,-31.961868576192938
geometry_1_00_focus4,44b6_2a2eff9f,44b6_2a2eff9f:13,union|44b6_2a2eff9f:13|47,0,-38.2053547344907
geometry_1_00_focus4,44b6_2a2eff9f,44b6_2a2eff9f:13,union|44b6_2a2eff9f:13|48,0,-25.1603959909501
geometry_1_00_focus4,44b6_2a2eff9f,44b6_2a2eff9f:13,union|44b6_2a2eff9f:13|49,0,-31.594723753589008
geometry_1_00_focus4,44b6_2a2eff9f,44b6_2a2eff9f:13,union|44b6_2a2eff9f:13|50,0,-23.613537739167842
geometry_1_00_focus4,44b6_2a2eff9f,44b6_2a2eff9f:13,union|44b6_2a2eff9f:13|51,0,-31.418663407141253
geometry_1_00_focus4,44b6_2a2eff9f,44b6_2a2eff9f:13,union|44b6_2a2eff9f:13|52,0,-32.23438629602031
geometry_1_00_focus4,44b6_2a2eff9f,44b6_2a2eff9f:13,union|44b6_2a2eff9f:13|53,0,-39.788905637335716
geometry_1_00_focus4,44b6_587a1e22,44b6_587a1e22:24,union|44b6_587a1e22:24|0,0,-23.965241055319627
geometry_1_00_focus4,44b6_587a1e22,44b6_587a1e22:24,union|44b6_587a1e22:24|1,0,-30.126512023025366
geometry_1_00_focus4,44b6_587a1e22,44b6_587a1e22:24,union|44b6_587a1e22:24|2,0,-31.62559835347656
geometry_1_00_focus4,44b6_587a1e22,44b6_587a1e22:24,union|44b6_587a1e22:24|3,0,-31.85339703096989
geometry_1_00_focus4,44b6_587a1e22,44b6_587a1e22:24,union|44b6_587a1e22:24|4,0,-33.851611407782755
geometry_1_00_focus4,44b6_587a1e22,44b6_587a1e22:24,union|44b6_587a1e22:24|5,0,-24.902402395547234
geometry_1_00_focus4,44b6_587a1e22,44b6_587a1e22:24,union|44b6_587a1e22:24|6,0,-20.692155307661565
geometry_1_00_focus4,44b6_587a1e22,44b6_587a1e22:24,union|44b6_587a1e22:24|7,0,-35.40361618313869
geometry_1_00_focus4,44b6_587a1e22,44b6_587a1e22:24,union|44b6_587a1e22:24|8,0,-19.051506700685373
geometry_1_00_focus4,44b6_587a1e22,44b6_587a1e22:24,union|44b6_587a1e22:24|9,0,-26.01417530756512
geometry_1_00_focus4,44b6_587a1e22,44b6_587a1e22:24,union|44b6_587a1e22:24|10,0,-39.330141420088616
geometry_1_00_focus4,44b6_587a1e22,44b6_587a1e22:24,union|44b6_587a1e22:24|11,0,-29.749167599080828
geometry_1_00_focus4,44b6_587a1e22,44b6_587a1e22:24,union|44b6_587a1e22:24|12,0,-29.429454566109484
geometry_1_00_focus4,44b6_587a1e22,44b6_587a1e22:24,union|44b6_587a1e22:24|13,0,-26.229821196382133
geometry_1_00_focus4,44b6_587a1e22,44b6_587a1e22:24,union|44b6_587a1e22:24|14,0,-36.68039829249396
geometry_1_00_focus4,44b6_587a1e22,44b6_587a1e22:24,union|44b6_587a1e22:24|15,0,-35.41713233660876
geometry_1_00_focus4,44b6_587a1e22,44b6_587a1e22:24,union|44b6_587a1e22:24|16,0,-24.976808852148977
geometry_1_00_focus4,44b6_587a1e22,44b6_587a1e22:24,union|44b6_587a1e22:24|17,0,-26.41079713859382
geometry_1_00_focus4,44b6_587a1e22,44b6_587a1e22:24,union|44b6_587a1e22:24|18,1,-23.010209941105767
geometry_1_00_focus4,44b6_587a1e22,44b6_587a1e22:24,union|44b6_587a1e22:24|19,0,-30.54140756000683
geometry_1_00_focus4,44b6_587a1e22,44b6_587a1e22:24,union|44b6_587a1e22:24|20,0,-30.675029610781976
geometry_1_00_focus4,44b6_587a1e22,44b6_587a1e22:24,union|44b6_587a1e22:24|21,0,-22.455006178231766
geometry_1_00_focus4,44b6_587a1e22,44b6_587a1e22:24,union|44b6_587a1e22:24|22,0,-34.797317914461985
geometry_1_00_focus4,44b6_587a1e22,44b6_587a1e22:24,union|44b6_587a1e22:24|23,0,-32.85176418257625
geometry_1_00_focus4,44b6_587a1e22,44b6_587a1e22:24,union|44b6_587a1e22:24|24,0,-34.28281019446406
geometry_1_00_focus4,44b6_587a1e22,44b6_587a1e22:24,union|44b6_587a1e22:24|25,0,-30.014276666115265
geometry_1_00_focus4,44b6_587a1e22,44b6_587a1e22:24,union|44b6_587a1e22:24|26,0,-39.225245303756715
geometry_1_00_focus4,44b6_587a1e22,44b6_587a1e22:24,union|44b6_587a1e22:24|27,0,-19.20848342294231
geometry_1_00_focus4,44b6_587a1e22,44b6_587a1e22:24,union|44b6_587a1e22:24|28,0,-24.15410137923262
geometry_1_00_focus4,44b6_587a1e22,44b6_587a1e22:24,union|44b6_587a1e22:24|29,0,-30.912452717658528
geometry_1_00_focus4,44b6_587a1e22,44b6_587a1e22:24,union|44b6_587a1e22:24|30,0,-22.09484766973623
geometry_1_00_focus4,44b6_587a1e22,44b6_587a1e22:24,union|44b6_587a1e22:24|31,0,-29.66680963022445
geometry_1_00_focus4,44b6_587a1e22,44b6_587a1e22:24,union|44b6_587a1e22:24|32,0,-27.6201554009492
geometry_1_00_focus4,44b6_587a1e22,44b6_587a1e22:24,union|44b6_587a1e22:24|33,0,-25.95978635154657
geometry_1_00_focus4,44b6_587a1e22,44b6_587a1e22:24,union|44b6_587a1e22:24|34,0,-35.70878987484607
geometry_1_00_focus4,44b6_587a1e22,44b6_587a1e22:24,union|44b6_587a1e22:24|35,0,-29.578341166801213
geometry_1_00_focus4,44b6_587a1e22,44b6_587a1e22:24,union|44b6_587a1e22:24|36,0,-31.62519840764211
geometry_1_00_focus4,44b6_5f15d135,44b6_5f15d135:103,union|44b6_5f15d135:103|0,0,-26.01417530756512
geometry_1_00_focus4,44b6_5f15d135,44b6_5f15d135:103,union|44b6_5f15d135:103|1,0,-16.325266186785473
geometry_1_00_focus4,44b6_5f15d135,44b6_5f15d135:103,union|44b6_5f15d135:103|2,0,-19.20848342294231
geometry_1_00_focus4,44b6_5f15d135,44b6_5f15d135:103,union|44b6_5f15d135:103|3,0,-23.73265255469451
geometry_1_00_focus4,44b6_5f15d135,44b6_5f15d135:103,union|44b6_5f15d135:103|4,0,-28.671661475171867
geometry_1_00_focus4,44b6_5f15d135,44b6_5f15d135:103,union|44b6_5f15d135:103|5,0,-29.816262496067992
geometry_1_00_focus4,44b6_5f15d135,44b6_5f15d135:103,union|44b6_5f15d135:103|6,0,-26.98517492712613
geometry_1_00_focus4,44b6_5f15d135,44b6_5f15d135:103,union|44b6_5f15d135:103|7,0,-36.73476308385433
geometry_1_00_focus4,44b6_5f15d135,44b6_5f15d135:103,union|44b6_5f15d135:103|8,0,-34.33909557815964
geometry_1_00_focus4,44b6_5f15d135,44b6_5f15d135:103,union|44b6_5f15d135:103|9,0,-21.16897251677392
geometry_1_00_focus4,44b6_5f15d135,44b6_5f15d135:103,union|44b6_5f15d135:103|10,0,-18.968527598943666
geometry_1_00_focus4,44b6_5f15d135,44b6_5f15d135:103,union|44b6_5f15d135:103|11,0,-32.10413383288223
geometry_1_00_focus4,44b6_5f15d135,44b6_5f15d135:103,union|44b6_5f15d135:103|12,0,-33.79249471013506
geometry_1_00_focus4,44b6_5f15d135,44b6_5f15d135:103,union|44b6_5f15d135:103|13,0,-22.924318559305718
geometry_1_00_focus4,44b6_5f15d135,44b6_5f15d135:103,union|44b6_5f15d135:103|14,0,-27.512332176741115
geometry_1_00_focus4,44b6_5f15d135,44b6_5f15d135:103,union|44b6_5f15d135:103|15,0,-37.952135851286
geometry_1_00_focus4,44b6_5f15d135,44b6_5f15d135:103,union|44b6_5f15d135:103|16,0,-26.5978153808881
geometry_1_00_focus4,44b6_5f15d135,44b6_5f15d135:103,union|44b6_5f15d135:103|17,0,-34.090576866927506
geometry_1_00_focus4,44b6_5f15d135,44b6_5f15d135:103,union|44b6_5f15d135:103|18,0,-20.692155307661565
geometry_1_00_focus4,44b6_5f15d135,44b6_5f15d135:103,union|44b6_5f15d135:103|19,0,-27.76128577852883
geometry_1_00_focus4,44b6_5f15d135,44b6_5f15d135:103,union|44b6_5f15d135:103|20,1,-19.890727905970408
geometry_1_00_focus4,44b6_5f15d135,44b6_5f15d135:103,union|44b6_5f15d135:103|21,0,-31.068439015094896
geometry_1_00_focus4,44b6_5f15d135,44b6_5f15d135:103,union|44b6_5f15d135:103|22,0,-22.39131658459287
geometry_1_00_focus4,44b6_5f15d135,44b6_5f15d135:103,union|44b6_5f15d135:103|23,0,-16.34717706376219
geometry_1_00_focus4,44b6_5f15d135,44b6_5f15d135:103,union|44b6_5f15d135:103|24,0,-29.512864365823518
geometry_1_00_focus4,44b6_5f15d135,44b6_5f15d135:103,union|44b6_5f15d135:103|25,0,-34.57730466425746
geometry_1_00_focus4,44b6_5f15d135,44b6_5f15d135:103,union|44b6_5f15d135:103|26,0,-22.305298911531978
geometry_1_00_focus4,44b6_5f15d135,44b6_5f15d135:103,union|44b6_5f15d135:103|27,0,-28.44128760820914
geometry_1_00_focus4,44b6_5f15d135,44b6_5f15d135:103,union|44b6_5f15d135:103|28,0,-25.920041055012263
geometry_1_00_focus4,44b6_5f15d135,44b6_5f15d135:103,union|44b6_5f15d135:103|29,0,-24.632918219416307
geometry_1_00_focus4,44b6_5f15d135,44b6_5f15d135:103,union|44b6_5f15d135:103|30,0,-26.62391102453035
geometry_1_00_focus4,44b6_5f15d135,44b6_5f15d135:103,union|44b6_5f15d135:103|31,0,-31.686832842928595
geometry_1_00_focus4,44b6_5f15d135,44b6_5f15d135:103,union|44b6_5f15d135:103|32,0,-20.816655723348312
geometry_1_00_focus4,44b6_5f15d135,44b6_5f15d135:103,union|44b6_5f15d135:103|33,0,-21.87605085966978
geometry_1_00_focus4,44b6_5f15d135,44b6_5f15d135:103,union|44b6_5f15d135:103|34,0,-28.193167746373682
geometry_1_00_focus4,44b6_5f15d135,44b6_5f15d135:103,union|44b6_5f15d135:103|35,0,-30.19344134653545
geometry_1_00_focus4,44b6_5f15d135,44b6_5f15d135:103,union|44b6_5f15d135:103|36,0,-24.819210486243108
geometry_1_00_focus4,44b6_5f15d135,44b6_5f15d135:103,union|44b6_5f15d135:103|37,0,-34.18651507253974
geometry_1_00_focus4,44b6_5f15d135,44b6_5f15d135:103,union|44b6_5f15d135:103|38,0,-34.27692481662993
geometry_1_00_focus4,44b6_5f15d135,44b6_5f15d135:103,union|44b6_5f15d135:103|39,0,-35.87258259839872
geometry_1_00_focus4,44b6_5f15d135,44b6_5f15d135:103,union|44b6_5f15d135:103|40,0,-28.86576582924193
geometry_1_00_focus4,44b6_5f15d135,44b6_5f15d135:103,union|44b6_5f15d135:103|41,0,-28.220884173385272
geometry_1_00_focus4,44b6_5f15d135,44b6_5f15d135:103,union|44b6_5f15d135:103|42,0,-20.977562432936587
geometry_1_00_focus4,44b6_5f15d135,44b6_5f15d135:103,union|44b6_5f15d135:103|43,0,-22.985657952719748
geometry_1_00_focus4,44b6_5f15d135,44b6_5f15d135:103,union|44b6_5f15d135:103|44,0,-34.86463556698746
geometry_1_00_focus4,44b6_5f15d135,44b6_5f15d135:103,union|44b6_5f15d135:103|45,0,-29.605875896961656
geometry_1_00_focus4,44b6_5f15d135,44b6_5f15d135:103,union|44b6_5f15d135:103|46,0,-31.10771990527152
geometry_1_00_focus4,44b6_5f15d135,44b6_5f15d135:103,union|44b6_5f15d135:103|47,0,-27.673415466449256
geometry_1_00_focus4,44b6_5f15d135,44b6_5f15d135:103,union|44b6_5f15d135:103|48,0,-34.61670945019212
geometry_1_00_focus4,44b6_5f15d135,44b6_5f15d135:103,union|44b6_5f15d135:103|49,0,-30.736719279704012
geometry_1_00_focus4,44b6_5f15d135,44b6_5f15d135:103,union|44b6_5f15d135:103|50,0,-34.27249835397345
geometry_1_00_focus4,44b6_5f15d135,44b6_5f15d135:103,union|44b6_5f15d135:103|51,0,-35.71547699524556
geometry_1_00_focus4,44b6_5f15d135,44b6_5f15d135:103,union|44b6_5f15d135:103|52,0,-23.972347034567886
geometry_1_00_focus4,44b6_5f15d135,44b6_5f15d135:103,union|44b6_5f15d135:103|53,0,-29.269714693967718
geometry_1_00_focus4,44b6_5f15d135,44b6_5f15d135:103,union|44b6_5f15d135:103|54,0,-28.19064220166964
geometry_1_00_focus4,44b6_5f15d135,44b6_5f15d135:103,union|44b6_5f15d135:103|55,0,-21.058997386094518
geometry_1_00_focus4,44b6_5f15d135,44b6_5f15d135:103,union|44b6_5f15d135:103|56,0,-28.127606014935377
geometry_1_00_focus4,44b6_5f15d135,44b6_5f15d135:103,union|44b6_5f15d135:103|57,0,-25.26155534800045
geometry_1_00_focus4,44b6_5f15d135,44b6_5f15d135:103,union|44b6_5f15d135:103|58,0,-30.48538573979779
geometry_1_00_focus4,44b6_5f15d135,44b6_5f15d135:103,union|44b6_5f15d135:103|59,0,-21.36728146016873
geometry_1_00_focus4,44b6_5f15d135,44b6_5f15d135:103,union|44b6_5f15d135:103|60,0,-20.332120774433605
geometry_1_00_focus4,44b6_5f15d135,44b6_5f15d135:103,union|44b6_5f15d135:103|61,0,-28.581712095724562
geometry_1_00_focus4,44b6_5f15d135,44b6_5f15d135:103,union|44b6_5f15d135:103|62,0,-32.51623582235681
geometry_1_00_focus4,44b6_5f15d135,44b6_5f15d135:103,union|44b6_5f15d135:103|63,0,-28.76461309971537
geometry_1_00_focus4,44b6_5f15d135,44b6_5f15d135:103,union|44b6_5f15d135:103|64,0,-32.45322034451867
geometry_1_00_focus4,44b6_5f15d135,44b6_5f15d135:103,union|44b6_5f15d135:103|65,0,-31.72335988433435
geometry_1_00_focus4,44b6_5f15d135,44b6_5f15d135:103,union|44b6_5f15d135:103|66,0,-27.81334825145196
geometry_1_00_focus4,44b6_74d0c52e,44b6_74d0c52e:59,union|44b6_74d0c52e:59|0,0,-20.229322621360296
geometry_1_00_focus4,44b6_74d0c52e,44b6_74d0c52e:59,union|44b6_74d0c52e:59|1,0,-23.71294194592687
geometry_1_00_focus4,44b6_74d0c52e,44b6_74d0c52e:59,union|44b6_74d0c52e:59|2,0,-30.51062254920079
geometry_1_00_focus4,44b6_74d0c52e,44b6_74d0c52e:59,union|44b6_74d0c52e:59|3,0,-21.801662780622948
geometry_1_00_focus4,44b6_74d0c52e,44b6_74d0c52e:59,union|44b6_74d0c52e:59|4,0,-27.63123036941535
geometry_1_00_focus4,44b6_74d0c52e,44b6_74d0c52e:59,union|44b6_74d0c52e:59|5,0,-30.60295446417228
geometry_1_00_focus4,44b6_74d0c52e,44b6_74d0c52e:59,union|44b6_74d0c52e:59|6,0,-30.61018977868364
geometry_1_00_focus4,44b6_74d0c52e,44b6_74d0c52e:59,union|44b6_74d0c52e:59|7,0,-23.74305093087019
geometry_1_00_focus4,44b6_74d0c52e,44b6_74d0c52e:59,union|44b6_74d0c52e:59|8,0,-23.5011767662639
geometry_1_00_focus4,44b6_74d0c52e,44b6_74d0c52e:59,union|44b6_74d0c52e:59|9,0,-22.67355784314335
geometry_1_00_focus4,44b6_74d0c52e,44b6_74d0c52e:59,union|44b6_74d0c52e:59|10,1,-24.536961914629938
geometry_1_00_focus4,44b6_74d0c52e,44b6_74d0c52e:59,union|44b6_74d0c52e:59|11,0,-27.33811101249549
geometry_1_00_focus4,44b6_74d0c52e,44b6_74d0c52e:59,union|44b6_74d0c52e:59|12,0,-27.99453984959162
geometry_1_00_focus4,44b6_74d0c52e,44b6_74d0c52e:59,union|44b6_74d0c52e:59|13,0,-28.246458190793273
geometry_1_00_focus4,44b6_74d0c52e,44b6_74d0c52e:59,union|44b6_74d0c52e:59|14,0,-27.760270211175502
geometry_1_00_focus4,44b6_74d0c52e,44b6_74d0c52e:59,union|44b6_74d0c52e:59|15,0,-19.714963986892542
geometry_1_00_focus4,44b6_74d0c52e,44b6_74d0c52e:59,union|44b6_74d0c52e:59|16,0,-25.086210625460126
geometry_1_00_focus4,44b6_74d0c52e,44b6_74d0c52e:59,union|44b6_74d0c52e:59|17,0,-22.04257244515712
geometry_1_00_focus4,44b6_74d0c52e,44b6_74d0c52e:59,union|44b6_74d0c52e:59|18,0,-21.922117612890034
geometry_1_00_focus4,44b6_74d0c52e,44b6_74d0c52e:59,union|44b6_74d0c52e:59|19,0,-27.36048597049734
geometry_1_00_focus4,44b6_74d0c52e,44b6_74d0c52e:59,union|44b6_74d0c52e:59|20,0,-32.93682171655241
geometry_1_00_focus4,44b6_74d0c52e,44b6_74d0c52e:59,union|44b6_74d0c52e:59|21,0,-34.26123680671404
geometry_1_00_focus4,44b6_74d0c52e,44b6_74d0c52e:59,union|44b6_74d0c52e:59|22,0,-30.528681951367616
geometry_1_00_focus4,44b6_74d0c52e,44b6_74d0c52e:59,union|44b6_74d0c52e:59|23,0,-24.972661648987362
geometry_1_00_focus4,44b6_74d0c52e,44b6_74d0c52e:59,union|44b6_74d0c52e:59|24,0,-22.980970388562795
geometry_1_00_focus4,44b6_74d0c52e,44b6_74d0c52e:59,union|44b6_74d0c52e:59|25,0,-22.865485194281398
geometry_1_00_focus4,44b6_74d0c52e,44b6_74d0c52e:59,union|44b6_74d0c52e:59|26,0,-25.16014851982367
geometry_1_00_focus4,44b6_74d0c52e,44b6_74d0c52e:59,union|44b6_74d0c52e:59|27,0,-33.298878830065455
geometry_1_00_focus4,44b6_74d0c52e,44b6_74d0c52e:59,union|44b6_74d0c52e:59|28,0,-34.704316454064454
geometry_1_00_focus4,44b6_74d0c52e,44b6_74d0c52e:59,union|44b6_74d0c52e:59|29,0,-14.16642156650719
geometry_1_00_focus4,44b6_74d0c52e,44b6_74d0c52e:59,union|44b6_74d0c52e:59|30,0,-28.518634259024395
geometry_1_00_focus4,44b6_74d0c52e,44b6_74d0c52e:59,union|44b6_74d0c52e:59|31,0,-26.202337681970285
geometry_1_00_focus4,44b6_74d0c52e,44b6_74d0c52e:59,union|44b6_74d0c52e:59|32,0,-28.164099384580933
geometry_1_00_focus4,44b6_74d0c52e,44b6_74d0c52e:59,union|44b6_74d0c52e:59|33,0,-17.703952630550347
geometry_1_00_focus4,44b6_74d0c52e,44b6_74d0c52e:59,union|44b6_74d0c52e:59|34,0,-23.11832227779585
geometry_1_00_focus4,44b6_74d0c52e,44b6_74d0c52e:59,union|44b6_74d0c52e:59|35,0,-28.312935864000288
geometry_1_00_focus4,44b6_74d0c52e,44b6_74d0c52e:59,union|44b6_74d0c52e:59|36,0,-22.545223839100473
geometry_1_00_focus4,44b6_74d0c52e,44b6_74d0c52e:59,union|44b6_74d0c52e:59|37,0,-27.07994739992941
geometry_1_00_focus4,44b6_74d0c52e,44b6_74d0c52e:59,union|44b6_74d0c52e:59|38,0,-30.27870542163538
geometry_1_00_focus4,44b6_74d0c52e,44b6_74d0c52e:59,union|44b6_74d0c52e:59|39,0,-24.01588101589897
geometry_1_00_focus4,44b6_74d0c52e,44b6_74d0c52e:59,union|44b6_74d0c52e:59|40,0,-25.64425533727234
geometry_1_00_focus4,44b6_74d0c52e,44b6_74d0c52e:59,union|44b6_74d0c52e:59|41,0,-29.25052313072545
geometry_1_00_focus4,44b6_74d0c52e,44b6_74d0c52e:59,union|44b6_74d0c52e:59|42,0,-37.00724036067302
geometry_1_00_focus4,44b6_74d0c52e,44b6_74d0c52e:59,union|44b6_74d0c52e:59|43,0,-20.540407359913544
geometry_1_00_focus4,44b6_74d0c52e,44b6_74d0c52e:59,union|44b6_74d0c52e:59|44,0,-27.802058261755946
geometry_1_00_focus4,44b6_74d0c52e,44b6_74d0c52e:59,union|44b6_74d0c52e:59|45,0,-29.107940062633347
geometry_1_00_focus4,44b6_74d0c52e,44b6_74d0c52e:59,union|44b6_74d0c52e:59|46,0,-26.35029934973864
geometry_1_00_focus4,44b6_74d0c52e,44b6_74d0c52e:59,union|44b6_74d0c52e:59|47,0,-28.777231804679968
geometry_1_00_focus4,44b6_74d0c52e,44b6_74d0c52e:59,union|44b6_74d0c52e:59|48,0,-29.471738474778086
geometry_1_00_focus4,44b6_74d0c52e,44b6_74d0c52e:59,union|44b6_74d0c52e:59|49,0,-31.409428604538686
geometry_1_00_focus4,44b6_74d0c52e,44b6_74d0c52e:59,union|44b6_74d0c52e:59|50,0,-26.815822756460847
geometry_1_00_focus4,44b6_74d0c52e,44b6_74d0c52e:59,union|44b6_74d0c52e:59|51,0,-31.829305138277103
geometry_1_00_focus4,44b6_74d0c52e,44b6_74d0c52e:59,union|44b6_74d0c52e:59|52,0,-37.38856732916674
geometry_1_00_focus4,44b6_996155de,44b6_996155de:60,union|44b6_996155de:60|0,1,-12.721194077712559
geometry_1_00_focus4,44b6_996155de,44b6_996155de:60,union|44b6_996155de:60|1,0,-21.01590905877482
geometry_1_00_focus4,44b6_996155de,44b6_996155de:60,union|44b6_996155de:60|2,0,-20.063640517953374
geometry_1_00_focus4,44b6_996155de,44b6_996155de:60,union|44b6_996155de:60|3,0,-17.60540233798958
geometry_1_00_focus4,44b6_996155de,44b6_996155de:60,union|44b6_996155de:60|4,0,-25.033574582129905
geometry_1_00_focus4,44b6_996155de,44b6_996155de:60,union|44b6_996155de:60|5,0,-26.18513451855596
geometry_1_00_focus4,44b6_9be80b04,44b6_9be80b04:155,union|44b6_9be80b04:155|0,0,-24.08111215118555
geometry_1_00_focus4,44b6_9be80b04,44b6_9be80b04:155,union|44b6_9be80b04:155|1,0,-30.045220189065283
geometry_1_00_focus4,44b6_9be80b04,44b6_9be80b04:155,union|44b6_9be80b04:155|2,0,-34.89781053012946
geometry_1_00_focus4,44b6_9be80b04,44b6_9be80b04:155,union|44b6_9be80b04:155|3,0,-23.29106100363731
geometry_1_00_focus4,44b6_9be80b04,44b6_9be80b04:155,union|44b6_9be80b04:155|4,0,-26.82070453387338
geometry_1_00_focus4,44b6_9be80b04,44b6_9be80b04:155,union|44b6_9be80b04:155|5,0,-32.83200496277912
geometry_1_00_focus4,44b6_9be80b04,44b6_9be80b04:155,union|44b6_9be80b04:155|6,0,-31.661267223913427
geometry_1_00_focus4,44b6_9be80b04,44b6_9be80b04:155,union|44b6_9be80b04:155|7,0,-34.350356694511376
geometry_1_00_focus4,44b6_9be80b04,44b6_9be80b04:155,union|44b6_9be80b04:155|8,0,-31.503277247323055
geometry_1_00_focus4,44b6_9be80b04,44b6_9be80b04:155,union|44b6_9be80b04:155|9,0,-34.0033195479695
geometry_1_00_focus4,44b6_9be80b04,44b6_9be80b04:155,union|44b6_9be80b04:155|10,0,-27.78429747437285
geometry_1_00_focus4,44b6_9be80b04,44b6_9be80b04:155,union|44b6_9be80b04:155|11,0,-32.424348090807506
geometry_1_00_focus4,44b6_9be80b04,44b6_9be80b04:155,union|44b6_9be80b04:155|12,0,-38.315856401193756
geometry_1_00_focus4,44b6_9be80b04,44b6_9be80b04:155,union|44b6_9be80b04:155|13,0,-21.06198934219786
geometry_1_00_focus4,44b6_9be80b04,44b6_9be80b04:155,union|44b6_9be80b04:155|14,0,-20.678825200572966
geometry_1_00_focus4,44b6_9be80b04,44b6_9be80b04:155,union|44b6_9be80b04:155|15,0,-26.460640399230755
geometry_1_00_focus4,44b6_9be80b04,44b6_9be80b04:155,union|44b6_9be80b04:155|16,0,-28.60377855894427
geometry_1_00_focus4,44b6_9be80b04,44b6_9be80b04:155,union|44b6_9be80b04:155|17,0,-31.927490211873568
geometry_1_00_focus4,44b6_9be80b04,44b6_9be80b04:155,union|44b6_9be80b04:155|18,0,-28.513220412692903
geometry_1_00_focus4,44b6_9be80b04,44b6_9be80b04:155,union|44b6_9be80b04:155|19,0,-31.48056418213141
geometry_1_00_focus4,44b6_9be80b04,44b6_9be80b04:155,union|44b6_9be80b04:155|20,0,-33.61372826603545
geometry_1_00_focus4,44b6_9be80b04,44b6_9be80b04:155,union|44b6_9be80b04:155|21,0,-32.17481637260104
geometry_1_00_focus4,44b6_9be80b04,44b6_9be80b04:155,union|44b6_9be80b04:155|22,0,-35.61829761096058
geometry_1_00_focus4,44b6_9be80b04,44b6_9be80b04:155,union|44b6_9be80b04:155|23,0,-37.3472113115615
geometry_1_00_focus4,44b6_9be80b04,44b6_9be80b04:155,union|44b6_9be80b04:155|24,0,-30.983299072874626
geometry_1_00_focus4,44b6_9be80b04,44b6_9be80b04:155,union|44b6_9be80b04:155|25,0,-39.128728816278205
geometry_1_00_focus4,44b6_9be80b04,44b6_9be80b04:155,union|44b6_9be80b04:155|26,0,-38.71089717717255
geometry_1_00_focus4,44b6_9be80b04,44b6_9be80b04:155,union|44b6_9be80b04:155|27,0,-22.7088284781729
geometry_1_00_focus4,44b6_9be80b04,44b6_9be80b04:155,union|44b6_9be80b04:155|28,0,-26.48023795648599
geometry_1_00_focus4,44b6_9be80b04,44b6_9be80b04:155,union|44b6_9be80b04:155|29,0,-24.18214091762971
geometry_1_00_focus4,44b6_9be80b04,44b6_9be80b04:155,union|44b6_9be80b04:155|30,0,-25.383311446696627
geometry_1_00_focus4,44b6_9be80b04,44b6_9be80b04:155,union|44b6_9be80b04:155|31,0,-30.010693110814913
geometry_1_00_focus4,44b6_9be80b04,44b6_9be80b04:155,union|44b6_9be80b04:155|32,0,-29.500786426629787
geometry_1_00_focus4,44b6_9be80b04,44b6_9be80b04:155,union|44b6_9be80b04:155|33,0,-28.60377855894427
geometry_1_00_focus4,44b6_9be80b04,44b6_9be80b04:155,union|44b6_9be80b04:155|34,0,-31.18074457273701
geometry_1_00_focus4,44b6_9be80b04,44b6_9be80b04:155,union|44b6_9be80b04:155|35,0,-28.765788825475354
geometry_1_00_focus4,44b6_9be80b04,44b6_9be80b04:155,union|44b6_9be80b04:155|36,0,-32.28443820222865
geometry_1_00_focus4,44b6_9be80b04,44b6_9be80b04:155,union|44b6_9be80b04:155|37,0,-33.17532423553368
geometry_1_00_focus4,44b6_9be80b04,44b6_9be80b04:155,union|44b6_9be80b04:155|38,0,-38.00873996458047
geometry_1_00_focus4,44b6_9be80b04,44b6_9be80b04:155,union|44b6_9be80b04:155|39,0,-33.17145297332419
geometry_1_00_focus4,44b6_9be80b04,44b6_9be80b04:155,union|44b6_9be80b04:155|40,0,-27.816169690458445
geometry_1_00_focus4,44b6_9be80b04,44b6_9be80b04:155,union|44b6_9be80b04:155|41,0,-31.98898779516711
geometry_1_00_focus4,44b6_9be80b04,44b6_9be80b04:155,union|44b6_9be80b04:155|42,0,-25.973331098671004
geometry_1_00_focus4,44b6_9be80b04,44b6_9be80b04:155,union|44b6_9be80b04:155|43,0,-32.06525300902418
geometry_1_00_focus4,44b6_9be80b04,44b6_9be80b04:155,union|44b6_9be80b04:155|44,0,-27.19686268975979
geometry_1_00_focus4,44b6_9be80b04,44b6_9be80b04:155,union|44b6_9be80b04:155|45,0,-32.35413980969377
geometry_1_00_focus4,44b6_9be80b04,44b6_9be80b04:155,union|44b6_9be80b04:155|46,0,-25.704965850535842
geometry_1_00_focus4,44b6_9be80b04,44b6_9be80b04:155,union|44b6_9be80b04:155|47,0,-30.59101954670051
geometry_1_00_focus4,44b6_9be80b04,44b6_9be80b04:155,union|44b6_9be80b04:155|48,0,-29.25351373441851
geometry_1_00_focus4,44b6_9be80b04,44b6_9be80b04:155,union|44b6_9be80b04:155|49,0,-37.99399435445717
geometry_1_00_focus4,44b6_9be80b04,44b6_9be80b04:155,union|44b6_9be80b04:155|50,0,-36.43590396818761
geometry_1_00_focus4,44b6_9be80b04,44b6_9be80b04:155,union|44b6_9be80b04:155|51,0,-14.831086065101225
geometry_1_00_focus4,44b6_9be80b04,44b6_9be80b04:155,union|44b6_9be80b04:155|52,0,-19.52992338024862
geometry_1_00_focus4,44b6_9be80b04,44b6_9be80b04:155,union|44b6_9be80b04:155|53,0,-27.02568015049723
geometry_1_00_focus4,44b6_9be80b04,44b6_9be80b04:155,union|44b6_9be80b04:155|54,0,-23.606639293361816
geometry_1_00_focus4,44b6_9be80b04,44b6_9be80b04:155,union|44b6_9be80b04:155|55,0,-20.581071381674413
geometry_1_00_focus4,44b6_9be80b04,44b6_9be80b04:155,union|44b6_9be80b04:155|56,0,-27.943975173076435
geometry_1_00_focus4,44b6_9be80b04,44b6_9be80b04:155,union|44b6_9be80b04:155|57,0,-32.00090038185957
geometry_1_00_focus4,44b6_9be80b04,44b6_9be80b04:155,union|44b6_9be80b04:155|58,0,-26.42263265172575
geometry_1_00_focus4,44b6_9be80b04,44b6_9be80b04:155,union|44b6_9be80b04:155|59,0,-35.98145257461681
geometry_1_00_focus4,44b6_9be80b04,44b6_9be80b04:155,union|44b6_9be80b04:155|60,0,-28.759678831941464
geometry_1_00_focus4,44b6_9be80b04,44b6_9be80b04:155,union|44b6_9be80b04:155|61,0,-23.10102567531927
geometry_1_00_focus4,44b6_9be80b04,44b6_9be80b04:155,union|44b6_9be80b04:155|62,0,-34.99077953647544
geometry_1_00_focus4,44b6_9be80b04,44b6_9be80b04:155,union|44b6_9be80b04:155|63,0,-38.95734320988552
geometry_1_00_focus4,44b6_9be80b04,44b6_9be80b04:155,union|44b6_9be80b04:155|64,0,-32.80263147361059
geometry_1_00_focus4,44b6_9be80b04,44b6_9be80b04:155,union|44b6_9be80b04:155|65,0,-37.36398979848927
geometry_1_00_focus4,44b6_9be80b04,44b6_9be80b04:155,union|44b6_9be80b04:155|66,1,-13.160906709588275
geometry_1_00_focus4,44b6_9be80b04,44b6_9be80b04:155,union|44b6_9be80b04:155|67,0,-28.531781747125414
geometry_1_00_focus4,44b6_9be80b04,44b6_9be80b04:155,union|44b6_9be80b04:155|68,0,-26.35150556217054
geometry_1_00_focus4,44b6_9be80b04,44b6_9be80b04:155,union|44b6_9be80b04:155|69,0,-24.806383603915567
geometry_1_00_focus4,44b6_9be80b04,44b6_9be80b04:155,union|44b6_9be80b04:155|70,0,-15.338038803467114
geometry_1_00_focus4,44b6_9be80b04,44b6_9be80b04:155,union|44b6_9be80b04:155|71,0,-22.39131658459287
geometry_1_00_focus4,44b6_9be80b04,44b6_9be80b04:155,union|44b6_9be80b04:155|72,0,-31.85377855894427
geometry_1_00_focus4,44b6_9be80b04,44b6_9be80b04:155,union|44b6_9be80b04:155|73,0,-24.88096177899929
geometry_1_00_focus4,44b6_9be80b04,44b6_9be80b04:155,union|44b6_9be80b04:155|74,0,-36.661380635608964
geometry_1_00_focus4,44b6_9be80b04,44b6_9be80b04:155,union|44b6_9be80b04:155|75,0,-23.90988485317837
geometry_1_00_focus4,44b6_9be80b04,44b6_9be80b04:155,union|44b6_9be80b04:155|76,0,-21.393730715041976
geometry_1_00_focus4,44b6_9be80b04,44b6_9be80b04:155,union|44b6_9be80b04:155|77,0,-32.39867297562857
geometry_1_00_focus4,44b6_9be80b04,44b6_9be80b04:155,union|44b6_9be80b04:155|78,0,-38.678394405693595
geometry_1_00_focus4,44b6_9be80b04,44b6_9be80b04:155,union|44b6_9be80b04:155|79,0,-30.845883050229936
geometry_1_00_focus4,44b6_9be80b04,44b6_9be80b04:155,union|44b6_9be80b04:155|80,0,-38.26670173393208
geometry_1_00_focus4,44b6_9be80b04,44b6_9be80b04:155,union|44b6_9be80b04:155|81,0,-33.61008588030422
geometry_1_00_focus4,44b6_9be80b04,44b6_9be80b04:155,union|44b6_9be80b04:155|82,0,-36.908484771721106
geometry_1_00_focus4,44b6_9be80b04,44b6_9be80b04:155,union|44b6_9be80b04:155|83,0,-27.085568493674423
geometry_1_00_focus4,44b6_9be80b04,44b6_9be80b04:155,union|44b6_9be80b04:155|84,0,-19.14628622257856
geometry_1_00_focus4,44b6_9be80b04,44b6_9be80b04:155,union|44b6_9be80b04:155|85,0,-28.531781747125414
geometry_1_00_focus4,44b6_9be80b04,44b6_9be80b04:155,union|44b6_9be80b04:155|86,0,-15.645183928162407
geometry_1_00_focus4,44b6_9be80b04,44b6_9be80b04:155,union|44b6_9be80b04:155|87,0,-24.10239379784491
geometry_1_00_focus4,44b6_9be80b04,44b6_9be80b04:155,union|44b6_9be80b04:155|88,0,-25.5835997553264
geometry_1_00_focus4,44b6_9be80b04,44b6_9be80b04:155,union|44b6_9be80b04:155|89,0,-26.57121028538058
geometry_1_00_focus4,44b6_9be80b04,44b6_9be80b04:155,union|44b6_9be80b04:155|90,0,-29.438317692832577
geometry_1_00_focus4,44b6_9be80b04,44b6_9be80b04:155,union|44b6_9be80b04:155|91,0,-30.701310604014594
geometry_1_00_focus4,44b6_9be80b04,44b6_9be80b04:155,union|44b6_9be80b04:155|92,0,-27.153242012643332
geometry_1_00_focus4,44b6_9be80b04,44b6_9be80b04:155,union|44b6_9be80b04:155|93,0,-38.38766680162807
geometry_1_00_focus4,44b6_9be80b04,44b6_9be80b04:155,union|44b6_9be80b04:155|94,0,-32.60832112593121
geometry_1_00_focus4,44b6_9be80b04,44b6_9be80b04:155,union|44b6_9be80b04:155|95,0,-36.02029062241481
geometry_1_00_focus4,44b6_9be80b04,44b6_9be80b04:155,union|44b6_9be80b04:155|96,0,-34.727923851210825
geometry_1_00_focus4,44b6_9be80b04,44b6_9be80b04:155,union|44b6_9be80b04:155|97,0,-38.487416645069956
geometry_1_00_focus4,44b6_9be80b04,44b6_9be80b04:155,union|44b6_9be80b04:155|98,0,-29.340407475528394
geometry_1_00_focus4,44b6_9be80b04,44b6_9be80b04:155,union|44b6_9be80b04:155|99,0,-32.42882170260719
geometry_1_00_focus4,44b6_9be80b04,44b6_9be80b04:155,union|44b6_9be80b04:155|100,0,-27.916563257006736
geometry_1_00_focus4,44b6_9be80b04,44b6_9be80b04:155,union|44b6_9be80b04:155|101,0,-22.815192055070312
geometry_1_00_focus4,44b6_9be80b04,44b6_9be80b04:155,union|44b6_9be80b04:155|102,0,-34.337717678749485
geometry_1_00_focus4,44b6_9be80b04,44b6_9be80b04:155,union|44b6_9be80b04:155|103,0,-31.507548692965216
geometry_1_00_focus4,44b6_9be80b04,44b6_9be80b04:155,union|44b6_9be80b04:155|104,0,-34.985535203405476
geometry_1_00_focus4,44b6_9be80b04,44b6_9be80b04:155,union|44b6_9be80b04:155|105,0,-38.78920402784682
geometry_1_00_focus4,44b6_9be80b04,44b6_9be80b04:155,union|44b6_9be80b04:155|106,0,-37.965893249308394
geometry_1_00_focus4,44b6_9be80b04,44b6_9be80b04:155,union|44b6_9be80b04:155|107,0,-32.9356792535758
geometry_1_00_focus4,44b6_9be80b04,44b6_9be80b04:155,union|44b6_9be80b04:155|108,0,-30.551814567084314
geometry_1_00_focus4,44b6_9be80b04,44b6_9be80b04:155,union|44b6_9be80b04:155|109,0,-22.962548718646552
geometry_1_00_focus4,44b6_9be80b04,44b6_9be80b04:155,union|44b6_9be80b04:155|110,0,-29.043408045493862
geometry_1_00_focus4,44b6_9be80b04,44b6_9be80b04:155,union|44b6_9be80b04:155|111,0,-17.959199390966933
geometry_1_00_focus4,44b6_9be80b04,44b6_9be80b04:155,union|44b6_9be80b04:155|112,0,-34.23624393279216
geometry_1_00_focus4,44b6_9be80b04,44b6_9be80b04:155,union|44b6_9be80b04:155|113,0,-25.520347914469507
geometry_1_00_focus4,44b6_9be80b04,44b6_9be80b04:155,union|44b6_9be80b04:155|114,0,-34.19355003951381
geometry_1_00_focus4,44b6_9be80b04,44b6_9be80b04:155,union|44b6_9be80b04:155|115,0,-31.332045721575643
geometry_1_00_focus4,44b6_9be80b04,44b6_9be80b04:155,union|44b6_9be80b04:155|116,0,-26.839260205806337
geometry_1_00_focus4,44b6_9be80b04,44b6_9be80b04:155,union|44b6_9be80b04:155|117,0,-22.951562407533437
geometry_1_00_focus4,44b6_9be80b04,44b6_9be80b04:155,union|44b6_9be80b04:155|118,0,-29.205956335452107
geometry_1_00_focus4,44b6_9be80b04,44b6_9be80b04:155,union|44b6_9be80b04:155|119,0,-31.329030718495147
geometry_1_00_focus4,44b6_9be80b04,44b6_9be80b04:155,union|44b6_9be80b04:155|120,0,-33.69988454157488
geometry_1_00_focus4,44b6_9be80b04,44b6_9be80b04:155,union|44b6_9be80b04:155|121,0,-34.55257363162192
geometry_1_00_focus4,44b6_9be80b04,44b6_9be80b04:155,union|44b6_9be80b04:155|122,0,-26.128303991369904
geometry_1_00_focus4,44b6_9be80b04,44b6_9be80b04:155,union|44b6_9be80b04:155|123,0,-35.518099219227885
geometry_1_00_focus4,44b6_9be80b04,44b6_9be80b04:155,union|44b6_9be80b04:155|124,0,-32.56850336478129
geometry_1_00_focus4,44b6_9be80b04,44b6_9be80b04:155,union|44b6_9be80b04:155|125,0,-19.025831390311474
geometry_1_00_focus4,44b6_9be80b04,44b6_9be80b04:155,union|44b6_9be80b04:155|126,0,-27.180340966477704
geometry_1_00_focus4,44b6_9be80b04,44b6_9be80b04:155,union|44b6_9be80b04:155|127,0,-32.197160371923154
geometry_1_00_focus4,44b6_9be80b04,44b6_9be80b04:155,union|44b6_9be80b04:155|128,0,-36.15266823734971
geometry_1_00_focus4,44b6_9be80b04,44b6_9be80b04:155,union|44b6_9be80b04:155|129,0,-28.833822105049098
geometry_1_00_focus4,44b6_9be80b04,44b6_9be80b04:155,union|44b6_9be80b04:155|130,0,-29.755158511013672
geometry_1_00_focus4,44b6_9be80b04,44b6_9be80b04:155,union|44b6_9be80b04:155|131,0,-28.313077259507725
geometry_1_00_focus4,44b6_9be80b04,44b6_9be80b04:155,union|44b6_9be80b04:155|132,0,-30.159483462332233
geometry_1_00_focus4,44b6_9be80b04,44b6_9be80b04:155,union|44b6_9be80b04:155|133,0,-30.81046013271439
geometry_1_00_focus4,44b6_9be80b04,44b6_9be80b04:155,union|44b6_9be80b04:155|134,0,-33.00667809436373
geometry_1_00_focus4,44b6_9be80b04,44b6_9be80b04:155,union|44b6_9be80b04:155|135,0,-33.81443143451153
geometry_1_00_focus4,44b6_9be80b04,44b6_9be80b04:155,union|44b6_9be80b04:155|136,0,-33.55988054725614
geometry_1_00_focus4,44b6_9be80b04,44b6_9be80b04:155,union|44b6_9be80b04:155|137,0,-26.273005181087452
geometry_1_00_focus4,44b6_9be80b04,44b6_9be80b04:155,union|44b6_9be80b04:155|138,0,-31.454302569246938
geometry_1_00_focus4,44b6_9be80b04,44b6_9be80b04:155,union|44b6_9be80b04:155|139,0,-38.57230793836112
geometry_1_00_focus4,44b6_9be80b04,44b6_9be80b04:155,union|44b6_9be80b04:155|140,0,-30.3590113979869
geometry_1_00_focus4,44b6_9be80b04,44b6_9be80b04:155,union|44b6_9be80b04:155|141,0,-34.69768130728693
geometry_1_00_focus4,44b6_9be80b04,44b6_9be80b04:155,union|44b6_9be80b04:155|142,0,-28.64150115441664
geometry_1_00_focus4,44b6_9be80b04,44b6_9be80b04:155,union|44b6_9be80b04:155|143,0,-35.2615693115843
geometry_1_00_focus4,44b6_9be80b04,44b6_9be80b04:155,union|44b6_9be80b04:155|144,0,-27.790540482418894
geometry_1_00_focus4,44b6_9be80b04,44b6_9be80b04:155,union|44b6_9be80b04:155|145,0,-37.692295747609805
geometry_1_00_focus4,44b6_9be80b04,44b6_9be80b04:155,union|44b6_9be80b04:155|146,0,-29.747379331134432
geometry_1_00_focus4,44b6_9be80b04,44b6_9be80b04:155,union|44b6_9be80b04:155|147,0,-28.995986031327178
geometry_1_00_focus4,44b6_9be80b04,44b6_9be80b04:155,union|44b6_9be80b04:155|148,0,-41.10325371331803
geometry_1_00_focus4,44b6_9be80b04,44b6_9be80b04:155,union|44b6_9be80b04:155|149,0,-32.63956681724547
geometry_1_00_focus4,44b6_9be80b04,44b6_9be80b04:155,union|44b6_9be80b04:155|150,0,-24.607219948076896
geometry_1_00_focus4,44b6_9be80b04,44b6_9be80b04:155,union|44b6_9be80b04:155|151,0,-33.76734747043328
geometry_1_00_focus4,44b6_9be80b04,44b6_9be80b04:155,union|44b6_9be80b04:155|152,0,-38.00945113238926
geometry_1_00_focus4,44b6_9be80b04,44b6_9be80b04:155,union|44b6_9be80b04:155|153,0,-33.36174157084378
geometry_1_00_focus4,44b6_9be80b04,44b6_9be80b04:155,union|44b6_9be80b04:155|154,0,-42.37993775404876
geometry_1_00_focus4,44b6_9be80b04,44b6_9be80b04:155,union|44b6_9be80b04:155|155,0,-34.913142344733075
geometry_1_00_focus4,44b6_9be80b04,44b6_9be80b04:155,union|44b6_9be80b04:155|156,0,-28.402720881439915
geometry_1_00_focus4,44b6_9be80b04,44b6_9be80b04:155,union|44b6_9be80b04:155|157,0,-32.69300275674314
geometry_1_00_focus4,44b6_9be80b04,44b6_9be80b04:155,union|44b6_9be80b04:155|158,0,-35.675333471602634
geometry_1_00_focus4,44b6_9be80b04,44b6_9be80b04:155,union|44b6_9be80b04:155|159,0,-35.634615086430664
geometry_1_00_focus4,44b6_9be80b04,44b6_9be80b04:155,union|44b6_9be80b04:155|160,0,-30.678292360276412
geometry_1_00_focus4,44b6_9be80b04,44b6_9be80b04:155,union|44b6_9be80b04:155|161,0,-42.85845768334473
geometry_1_00_focus4,44b6_9be80b04,44b6_9be80b04:155,union|44b6_9be80b04:155|162,0,-40.3422475868539
geometry_1_00_focus4,44b6_9be80b04,44b6_9be80b04:155,union|44b6_9be80b04:155|163,0,-42.57316082269206
geometry_1_00_focus4,44b6_9be80b04,44b6_9be80b04:155,union|44b6_9be80b04:155|164,0,-39.44532173686295
geometry_1_00_focus4,44b6_9be80b04,44b6_9be80b04:155,union|44b6_9be80b04:155|165,0,-40.52928409943332
geometry_1_00_focus4,44b6_9be80b04,44b6_9be80b04:155,union|44b6_9be80b04:155|166,0,-29.269071924855822
geometry_1_00_focus4,44b6_9be80b04,44b6_9be80b04:155,union|44b6_9be80b04:155|167,0,-41.65377671067037
geometry_1_00_focus4,44b6_9be80b04,44b6_9be80b04:155,union|44b6_9be80b04:155|168,0,-37.100683675665685
geometry_1_00_focus4,44b6_aaf8b0ea,44b6_aaf8b0ea:93,union|44b6_aaf8b0ea:93|0,1,-18.364522459130445
geometry_1_00_focus4,44b6_aaf8b0ea,44b6_aaf8b0ea:93,union|44b6_aaf8b0ea:93|1,0,-27.316655723348312
geometry_1_00_focus4,44b6_aaf8b0ea,44b6_aaf8b0ea:93,union|44b6_aaf8b0ea:93|2,0,-23.326466430181966
geometry_1_00_focus4,44b6_aaf8b0ea,44b6_aaf8b0ea:93,union|44b6_aaf8b0ea:93|3,0,-27.805190580606578
geometry_1_00_focus4,44b6_aaf8b0ea,44b6_aaf8b0ea:93,union|44b6_aaf8b0ea:93|4,0,-19.39170236497701
geometry_1_00_focus4,44b6_c50204e0,44b6_c50204e0:43,union|44b6_c50204e0:43|0,0,-22.603685352814015
geometry_1_00_focus4,44b6_c50204e0,44b6_c50204e0:43,union|44b6_c50204e0:43|1,0,-23.10675974310094
geometry_1_00_focus4,44b6_c50204e0,44b6_c50204e0:43,union|44b6_c50204e0:43|2,0,-31.068439015094896
geometry_1_00_focus4,44b6_c50204e0,44b6_c50204e0:43,union|44b6_c50204e0:43|3,0,-29.24107687261314
geometry_1_00_focus4,44b6_c50204e0,44b6_c50204e0:43,union|44b6_c50204e0:43|4,0,-35.59061241217034
geometry_1_00_focus4,44b6_c50204e0,44b6_c50204e0:43,union|44b6_c50204e0:43|5,0,-34.96516904668316
geometry_1_00_focus4,44b6_c50204e0,44b6_c50204e0:43,union|44b6_c50204e0:43|6,0,-28.960538302045208
geometry_1_00_focus4,44b6_c50204e0,44b6_c50204e0:43,union|44b6_c50204e0:43|7,0,-32.483545366288084
geometry_1_00_focus4,44b6_c50204e0,44b6_c50204e0:43,union|44b6_c50204e0:43|8,0,-31.312807627422387
geometry_1_00_focus4,44b6_c50204e0,44b6_c50204e0:43,union|44b6_c50204e0:43|9,0,-31.393455267939316
geometry_1_00_focus4,44b6_c50204e0,44b6_c50204e0:43,union|44b6_c50204e0:43|10,0,-33.42703288966625
geometry_1_00_focus4,44b6_c50204e0,44b6_c50204e0:43,union|44b6_c50204e0:43|11,0,-33.0841578119899
geometry_1_00_focus4,44b6_c50204e0,44b6_c50204e0:43,union|44b6_c50204e0:43|12,0,-24.963723680572976
geometry_1_00_focus4,44b6_c50204e0,44b6_c50204e0:43,union|44b6_c50204e0:43|13,0,-26.233299318512437
geometry_1_00_focus4,44b6_c50204e0,44b6_c50204e0:43,union|44b6_c50204e0:43|14,0,-27.106861840286488
geometry_1_00_focus4,44b6_c50204e0,44b6_c50204e0:43,union|44b6_c50204e0:43|15,0,-30.379959536603067
geometry_1_00_focus4,44b6_c50204e0,44b6_c50204e0:43,union|44b6_c50204e0:43|16,0,-28.023440493918038
geometry_1_00_focus4,44b6_c50204e0,44b6_c50204e0:43,union|44b6_c50204e0:43|17,0,-20.767768549874763
geometry_1_00_focus4,44b6_c50204e0,44b6_c50204e0:43,union|44b6_c50204e0:43|18,0,-29.694630055180518
geometry_1_00_focus4,44b6_c50204e0,44b6_c50204e0:43,union|44b6_c50204e0:43|19,0,-29.63896562274406
geometry_1_00_focus4,44b6_c50204e0,44b6_c50204e0:43,union|44b6_c50204e0:43|20,0,-24.086683036668617
geometry_1_00_focus4,44b6_c50204e0,44b6_c50204e0:43,union|44b6_c50204e0:43|21,0,-27.375232848892967
geometry_1_00_focus4,44b6_c50204e0,44b6_c50204e0:43,union|44b6_c50204e0:43|22,0,-32.208028782441495
geometry_1_00_focus4,44b6_c50204e0,44b6_c50204e0:43,union|44b6_c50204e0:43|23,0,-31.292596807320603
geometry_1_00_focus4,44b6_c50204e0,44b6_c50204e0:43,union|44b6_c50204e0:43|24,0,-36.87509565037263
geometry_1_00_focus4,44b6_c50204e0,44b6_c50204e0:43,union|44b6_c50204e0:43|25,0,-29.611761501426912
geometry_1_00_focus4,44b6_c50204e0,44b6_c50204e0:43,union|44b6_c50204e0:43|26,0,-29.574424834522496
geometry_1_00_focus4,44b6_c50204e0,44b6_c50204e0:43,union|44b6_c50204e0:43|27,0,-20.446293216603586
geometry_1_00_focus4,44b6_c50204e0,44b6_c50204e0:43,union|44b6_c50204e0:43|28,0,-27.598700296906948
geometry_1_00_focus4,44b6_c50204e0,44b6_c50204e0:43,union|44b6_c50204e0:43|29,0,-27.490605846607288
geometry_1_00_focus4,44b6_c50204e0,44b6_c50204e0:43,union|44b6_c50204e0:43|30,0,-33.1798119775776
geometry_1_00_focus4,44b6_c50204e0,44b6_c50204e0:43,union|44b6_c50204e0:43|31,0,-28.73219992619186
geometry_1_00_focus4,44b6_c50204e0,44b6_c50204e0:43,union|44b6_c50204e0:43|32,0,-26.233299318512437
geometry_1_00_focus4,44b6_c50204e0,44b6_c50204e0:43,union|44b6_c50204e0:43|33,0,-30.03538650701531
geometry_1_00_focus4,44b6_c50204e0,44b6_c50204e0:43,union|44b6_c50204e0:43|34,0,-31.021922341709228
geometry_1_00_focus4,44b6_c50204e0,44b6_c50204e0:43,union|44b6_c50204e0:43|35,0,-27.447086405690623
geometry_1_00_focus4,44b6_c50204e0,44b6_c50204e0:43,union|44b6_c50204e0:43|36,0,-33.95446309139584
geometry_1_00_focus4,44b6_c50204e0,44b6_c50204e0:43,union|44b6_c50204e0:43|37,0,-24.9737442018086
geometry_1_00_focus4,44b6_c50204e0,44b6_c50204e0:43,union|44b6_c50204e0:43|38,0,-22.455006178231766
geometry_1_00_focus4,44b6_c50204e0,44b6_c50204e0:43,union|44b6_c50204e0:43|39,0,-29.25322331384494
geometry_1_00_focus4,44b6_c50204e0,44b6_c50204e0:43,union|44b6_c50204e0:43|40,0,-31.416898611585935
geometry_1_00_focus4,44b6_c50204e0,44b6_c50204e0:43,union|44b6_c50204e0:43|41,0,-27.668638242675854
geometry_1_00_focus4,44b6_c50204e0,44b6_c50204e0:43,union|44b6_c50204e0:43|42,0,-28.17079889616566
geometry_1_00_focus4,44b6_c50204e0,44b6_c50204e0:43,union|44b6_c50204e0:43|43,0,-30.2414586644797
geometry_1_00_focus4,44b6_c50204e0,44b6_c50204e0:43,union|44b6_c50204e0:43|44,0,-33.30017210657088
geometry_1_00_focus4,44b6_c50204e0,44b6_c50204e0:43,union|44b6_c50204e0:43|45,0,-28.051691370441397
geometry_1_00_focus4,44b6_c50204e0,44b6_c50204e0:43,union|44b6_c50204e0:43|46,0,-31.42049752123952
geometry_1_00_focus4,44b6_c50204e0,44b6_c50204e0:43,union|44b6_c50204e0:43|47,0,-32.993166061207795
geometry_1_00_focus4,44b6_c50204e0,44b6_c50204e0:43,union|44b6_c50204e0:43|48,0,-30.403960695818576
geometry_1_00_focus4,44b6_c50204e0,44b6_c50204e0:43,union|44b6_c50204e0:43|49,0,-31.841638808597025
geometry_1_00_focus4,44b6_c50204e0,44b6_c50204e0:43,union|44b6_c50204e0:43|50,0,-22.03026598122068
geometry_1_00_focus4,44b6_c50204e0,44b6_c50204e0:43,union|44b6_c50204e0:43|51,0,-24.821627320934073
geometry_1_00_focus4,44b6_c50204e0,44b6_c50204e0:43,union|44b6_c50204e0:43|52,0,-34.971734215293836
geometry_1_00_focus4,44b6_c50204e0,44b6_c50204e0:43,union|44b6_c50204e0:43|53,0,-25.772132291427656
geometry_1_00_focus4,44b6_c50204e0,44b6_c50204e0:43,union|44b6_c50204e0:43|54,0,-24.276489884336783
geometry_1_00_focus4,44b6_c50204e0,44b6_c50204e0:43,union|44b6_c50204e0:43|55,0,-21.392172754824585
geometry_1_00_focus4,44b6_c50204e0,44b6_c50204e0:43,union|44b6_c50204e0:43|56,0,-28.33038996672702
geometry_1_00_focus4,44b6_c50204e0,44b6_c50204e0:43,union|44b6_c50204e0:43|57,0,-29.39488215226512
geometry_1_00_focus4,44b6_c50204e0,44b6_c50204e0:43,union|44b6_c50204e0:43|58,0,-31.329030718495147
geometry_1_00_focus4,44b6_c50204e0,44b6_c50204e0:43,union|44b6_c50204e0:43|59,0,-32.58514778390784
geometry_1_00_focus4,44b6_c50204e0,44b6_c50204e0:43,union|44b6_c50204e0:43|60,0,-25.23025636572668
geometry_1_00_focus4,44b6_c50204e0,44b6_c50204e0:43,union|44b6_c50204e0:43|61,0,-29.25322331384494
geometry_1_00_focus4,44b6_c50204e0,44b6_c50204e0:43,union|44b6_c50204e0:43|62,0,-23.7158012006484
geometry_1_00_focus4,44b6_c50204e0,44b6_c50204e0:43,union|44b6_c50204e0:43|63,0,-31.509919073206138
geometry_1_00_focus4,44b6_c50204e0,44b6_c50204e0:43,union|44b6_c50204e0:43|64,0,-30.014276666115265
geometry_1_00_focus4,44b6_c50204e0,44b6_c50204e0:43,union|44b6_c50204e0:43|65,0,-32.166655061441446
geometry_1_00_focus4,44b6_c50204e0,44b6_c50204e0:43,union|44b6_c50204e0:43|66,0,-28.550222331872263
geometry_1_00_focus4,44b6_c50204e0,44b6_c50204e0:43,union|44b6_c50204e0:43|67,0,-29.543541769740745
geometry_1_00_focus4,44b6_c50204e0,44b6_c50204e0:43,union|44b6_c50204e0:43|68,0,-25.368589184139942
geometry_1_00_focus4,44b6_c50204e0,44b6_c50204e0:43,union|44b6_c50204e0:43|69,0,-19.735380368625734
geometry_1_00_focus4,44b6_c50204e0,44b6_c50204e0:43,union|44b6_c50204e0:43|70,0,-35.59061241217034
geometry_1_00_focus4,44b6_c50204e0,44b6_c50204e0:43,union|44b6_c50204e0:43|71,0,-27.696222032671063
geometry_1_00_focus4,44b6_c50204e0,44b6_c50204e0:43,union|44b6_c50204e0:43|72,0,-34.49537375294311
geometry_1_00_focus4,44b6_c50204e0,44b6_c50204e0:43,union|44b6_c50204e0:43|73,0,-32.56409023988454
geometry_1_00_focus4,44b6_c50204e0,44b6_c50204e0:43,union|44b6_c50204e0:43|74,0,-33.62995953660307
geometry_1_00_focus4,44b6_c50204e0,44b6_c50204e0:43,union|44b6_c50204e0:43|75,0,-27.696222032671063
geometry_1_00_focus4,44b6_c50204e0,44b6_c50204e0:43,union|44b6_c50204e0:43|76,0,-33.10521169615395
geometry_1_00_focus4,44b6_c50204e0,44b6_c50204e0:43,union|44b6_c50204e0:43|77,0,-38.01088112276435
geometry_1_00_focus4,44b6_c50204e0,44b6_c50204e0:43,union|44b6_c50204e0:43|78,0,-34.1409543066261
geometry_1_00_focus4,44b6_c50204e0,44b6_c50204e0:43,union|44b6_c50204e0:43|79,0,-29.681830747374732
geometry_1_00_focus4,44b6_c50204e0,44b6_c50204e0:43,union|44b6_c50204e0:43|80,0,-28.431388180577123
geometry_1_00_focus4,44b6_c50204e0,44b6_c50204e0:43,union|44b6_c50204e0:43|81,0,-29.675420722833046
geometry_1_00_focus4,44b6_c50204e0,44b6_c50204e0:43,union|44b6_c50204e0:43|82,0,-35.628646485207085
geometry_1_00_focus4,44b6_c50204e0,44b6_c50204e0:43,union|44b6_c50204e0:43|83,0,-25.474706941008897
geometry_1_00_focus4,44b6_c50204e0,44b6_c50204e0:43,union|44b6_c50204e0:43|84,0,-25.825268582208984
geometry_1_00_focus4,44b6_c50204e0,44b6_c50204e0:43,union|44b6_c50204e0:43|85,0,-11.080295967740398
geometry_1_00_focus4,44b6_c50204e0,44b6_c50204e0:43,union|44b6_c50204e0:43|86,1,-16.921982333426854
geometry_1_00_focus4,44b6_c50204e0,44b6_c50204e0:43,union|44b6_c50204e0:43|87,0,-25.5176473787099
geometry_1_00_focus4,44b6_c50204e0,44b6_c50204e0:43,union|44b6_c50204e0:43|88,0,-22.346618242772298
geometry_1_00_focus4,44b6_c50204e0,44b6_c50204e0:43,union|44b6_c50204e0:43|89,0,-29.30010967946184
geometry_1_00_focus4,44b6_c50204e0,44b6_c50204e0:43,union|44b6_c50204e0:43|90,0,-30.309826443265713
geometry_1_00_focus4,44b6_c50204e0,44b6_c50204e0:43,union|44b6_c50204e0:43|91,0,-36.94670441786085
geometry_1_00_focus4,44b6_c50204e0,44b6_c50204e0:43,union|44b6_c50204e0:43|92,0,-27.433788963679618
geometry_1_00_focus4,44b6_c50204e0,44b6_c50204e0:43,union|44b6_c50204e0:43|93,0,-27.01089255124851
geometry_1_00_focus4,44b6_c50204e0,44b6_c50204e0:43,union|44b6_c50204e0:43|94,0,-33.526082179031405
geometry_1_00_focus4,44b6_c50204e0,44b6_c50204e0:43,union|44b6_c50204e0:43|95,0,-32.343617000874325
geometry_1_00_focus4,44b6_c50204e0,44b6_c50204e0:43,union|44b6_c50204e0:43|96,0,-30.3998493947725
geometry_1_00_focus4,44b6_c50204e0,44b6_c50204e0:43,union|44b6_c50204e0:43|97,0,-35.05105330041203
geometry_1_00_focus4,44b6_c50204e0,44b6_c50204e0:43,union|44b6_c50204e0:43|98,0,-23.702010302909123
geometry_1_00_focus4,44b6_c50204e0,44b6_c50204e0:43,union|44b6_c50204e0:43|99,0,-28.858212288318192
geometry_1_00_focus4,44b6_c50204e0,44b6_c50204e0:43,union|44b6_c50204e0:43|100,0,-39.060025562608644
geometry_1_00_focus4,44b6_c50204e0,44b6_c50204e0:43,union|44b6_c50204e0:43|101,0,-24.289082971969368
geometry_1_00_focus4,44b6_c50204e0,44b6_c50204e0:43,union|44b6_c50204e0:43|102,0,-23.901178840965578
geometry_1_00_focus4,44b6_c50204e0,44b6_c50204e0:43,union|44b6_c50204e0:43|103,0,-21.88124273922527
geometry_1_00_focus4,44b6_c50204e0,44b6_c50204e0:43,union|44b6_c50204e0:43|104,0,-35.45481648637468
geometry_1_00_focus4,44b6_c50204e0,44b6_c50204e0:43,union|44b6_c50204e0:43|105,0,-21.547952905269614
geometry_1_00_focus4,44b6_c50204e0,44b6_c50204e0:43,union|44b6_c50204e0:43|106,0,-13.583210783253595
geometry_1_00_focus4,44b6_c50204e0,44b6_c50204e0:43,union|44b6_c50204e0:43|107,0,-23.010209941105767
geometry_1_00_focus4,44b6_c50204e0,44b6_c50204e0:43,union|44b6_c50204e0:43|108,0,-21.442548534941885
geometry_1_00_focus4,44b6_c50204e0,44b6_c50204e0:43,union|44b6_c50204e0:43|109,0,-33.61372826603545
geometry_1_00_focus4,44b6_c50204e0,44b6_c50204e0:43,union|44b6_c50204e0:43|110,0,-35.05105330041203
geometry_1_00_focus4,44b6_c50204e0,44b6_c50204e0:43,union|44b6_c50204e0:43|111,0,-28.617666000854285
geometry_1_00_focus4,44b6_c50204e0,44b6_c50204e0:43,union|44b6_c50204e0:43|112,0,-29.39488215226512
geometry_1_00_focus4,44b6_c50204e0,44b6_c50204e0:43,union|44b6_c50204e0:43|113,0,-36.47283296262041
geometry_1_00_focus4,44b6_c50204e0,44b6_c50204e0:43,union|44b6_c50204e0:43|114,0,-27.010600312478637
geometry_1_00_focus4,44b6_c50204e0,44b6_c50204e0:43,union|44b6_c50204e0:43|115,0,-25.749802323793595
geometry_1_00_focus4,44b6_c50204e0,44b6_c50204e0:43,union|44b6_c50204e0:43|116,0,-21.54615560686276
geometry_1_00_focus4,44b6_c50204e0,44b6_c50204e0:43,union|44b6_c50204e0:43|117,0,-27.862784645085256
geometry_1_00_focus4,44b6_c50204e0,44b6_c50204e0:43,union|44b6_c50204e0:43|118,0,-34.98369478385833
geometry_1_00_focus4,44b6_c50204e0,44b6_c50204e0:43,union|44b6_c50204e0:43|119,0,-33.58415591050664
geometry_1_00_focus4,44b6_c50204e0,44b6_c50204e0:43,union|44b6_c50204e0:43|120,0,-31.555841026831217
geometry_1_00_focus4,44b6_c50204e0,44b6_c50204e0:43,union|44b6_c50204e0:43|121,0,-30.78511867061014
geometry_1_00_focus4,44b6_c50204e0,44b6_c50204e0:43,union|44b6_c50204e0:43|122,0,-27.384614393732686
geometry_1_00_focus4,44b6_c50204e0,44b6_c50204e0:43,union|44b6_c50204e0:43|123,0,-34.16142128962552
geometry_1_00_focus4,44b6_c50204e0,44b6_c50204e0:43,union|44b6_c50204e0:43|124,0,-32.690090539014655
geometry_1_00_focus4,44b6_c50204e0,44b6_c50204e0:43,union|44b6_c50204e0:43|125,0,-28.021530422446133
geometry_1_00_focus4,44b6_c50204e0,44b6_c50204e0:43,union|44b6_c50204e0:43|126,0,-28.051691370441397
geometry_1_00_focus4,44b6_c50204e0,44b6_c50204e0:43,union|44b6_c50204e0:43|127,0,-22.499314376574446
geometry_1_00_focus4,44b6_c50204e0,44b6_c50204e0:43,union|44b6_c50204e0:43|128,0,-27.89796543360734
geometry_1_00_focus4,44b6_c50204e0,44b6_c50204e0:43,union|44b6_c50204e0:43|129,0,-20.678825200572966
geometry_1_00_focus4,44b6_c50204e0,44b6_c50204e0:43,union|44b6_c50204e0:43|130,0,-31.987917012497398
geometry_1_00_focus4,44b6_c50204e0,44b6_c50204e0:43,union|44b6_c50204e0:43|131,0,-33.88088271905759
geometry_1_00_focus4,44b6_c50204e0,44b6_c50204e0:43,union|44b6_c50204e0:43|132,0,-31.824104508963906
geometry_1_00_focus4,44b6_c50204e0,44b6_c50204e0:43,union|44b6_c50204e0:43|133,0,-31.666103593320848
geometry_1_00_focus4,44b6_c50204e0,44b6_c50204e0:43,union|44b6_c50204e0:43|134,0,-23.702010302909123
geometry_1_00_focus4,44b6_c50204e0,44b6_c50204e0:43,union|44b6_c50204e0:43|135,0,-23.702010302909123
geometry_1_00_focus4,44b6_c50204e0,44b6_c50204e0:43,union|44b6_c50204e0:43|136,0,-38.41438311297601
geometry_1_00_focus4,44b6_c50204e0,44b6_c50204e0:184,union|44b6_c50204e0:184|0,0,-22.413430122845575
geometry_1_00_focus4,44b6_c50204e0,44b6_c50204e0:184,union|44b6_c50204e0:184|1,0,-26.93504053597411
geometry_1_00_focus4,44b6_c50204e0,44b6_c50204e0:184,union|44b6_c50204e0:184|2,0,-29.681830747374732
geometry_1_00_focus4,44b6_c50204e0,44b6_c50204e0:184,union|44b6_c50204e0:184|3,0,-23.616126049180256
geometry_1_00_focus4,44b6_c50204e0,44b6_c50204e0:184,union|44b6_c50204e0:184|4,0,-32.604206285285784
geometry_1_00_focus4,44b6_c50204e0,44b6_c50204e0:184,union|44b6_c50204e0:184|5,0,-26.231050729903455
geometry_1_00_focus4,44b6_c50204e0,44b6_c50204e0:184,union|44b6_c50204e0:184|6,0,-25.861422974504755
geometry_1_00_focus4,44b6_c50204e0,44b6_c50204e0:184,union|44b6_c50204e0:184|7,0,-34.55747863466573
geometry_1_00_focus4,44b6_c50204e0,44b6_c50204e0:184,union|44b6_c50204e0:184|8,0,-28.125482134861173
geometry_1_00_focus4,44b6_c50204e0,44b6_c50204e0:184,union|44b6_c50204e0:184|9,0,-27.70585063662083
geometry_1_00_focus4,44b6_c50204e0,44b6_c50204e0:184,union|44b6_c50204e0:184|10,0,-31.416898611585935
geometry_1_00_focus4,44b6_c50204e0,44b6_c50204e0:184,union|44b6_c50204e0:184|11,0,-30.22359034819846
geometry_1_00_focus4,44b6_c50204e0,44b6_c50204e0:184,union|44b6_c50204e0:184|12,0,-33.27893099252128
geometry_1_00_focus4,44b6_c50204e0,44b6_c50204e0:184,union|44b6_c50204e0:184|13,0,-22.336850982054834
geometry_1_00_focus4,44b6_c50204e0,44b6_c50204e0:184,union|44b6_c50204e0:184|14,0,-31.720925049864867
geometry_1_00_focus4,44b6_c50204e0,44b6_c50204e0:184,union|44b6_c50204e0:184|15,0,-26.444630055180518
geometry_1_00_focus4,44b6_c50204e0,44b6_c50204e0:184,union|44b6_c50204e0:184|16,0,-30.824589591783585
geometry_1_00_focus4,44b6_c50204e0,44b6_c50204e0:184,union|44b6_c50204e0:184|17,0,-21.963921171749355
geometry_1_00_focus4,44b6_c50204e0,44b6_c50204e0:184,union|44b6_c50204e0:184|18,0,-22.516315559483758
geometry_1_00_focus4,44b6_c50204e0,44b6_c50204e0:184,union|44b6_c50204e0:184|19,0,-29.142542866677644
geometry_1_00_focus4,44b6_c50204e0,44b6_c50204e0:184,union|44b6_c50204e0:184|20,0,-28.953636141321507
geometry_1_00_focus4,44b6_c50204e0,44b6_c50204e0:184,union|44b6_c50204e0:184|21,0,-25.970461445491992
geometry_1_00_focus4,44b6_c50204e0,44b6_c50204e0:184,union|44b6_c50204e0:184|22,0,-34.90528293074779
geometry_1_00_focus4,44b6_c50204e0,44b6_c50204e0:184,union|44b6_c50204e0:184|23,0,-33.09175187809582
geometry_1_00_focus4,44b6_c50204e0,44b6_c50204e0:184,union|44b6_c50204e0:184|24,0,-33.526082179031405
geometry_1_00_focus4,44b6_c50204e0,44b6_c50204e0:184,union|44b6_c50204e0:184|25,0,-38.88931280707733
geometry_1_00_focus4,44b6_c50204e0,44b6_c50204e0:184,union|44b6_c50204e0:184|26,0,-27.47704233618614
geometry_1_00_focus4,44b6_c50204e0,44b6_c50204e0:184,union|44b6_c50204e0:184|27,0,-31.590498076979642
geometry_1_00_focus4,44b6_c50204e0,44b6_c50204e0:184,union|44b6_c50204e0:184|28,0,-23.995951313768856
geometry_1_00_focus4,44b6_c50204e0,44b6_c50204e0:184,union|44b6_c50204e0:184|29,0,-25.46926375322567
geometry_1_00_focus4,44b6_c50204e0,44b6_c50204e0:184,union|44b6_c50204e0:184|30,0,-22.10377855894427
geometry_1_00_focus4,44b6_c50204e0,44b6_c50204e0:184,union|44b6_c50204e0:184|31,0,-23.592408206481146
geometry_1_00_focus4,44b6_c50204e0,44b6_c50204e0:184,union|44b6_c50204e0:184|32,0,-33.09305016641652
geometry_1_00_focus4,44b6_c50204e0,44b6_c50204e0:184,union|44b6_c50204e0:184|33,0,-25.80895712902511
geometry_1_00_focus4,44b6_c50204e0,44b6_c50204e0:184,union|44b6_c50204e0:184|34,0,-30.944276635923913
geometry_1_00_focus4,44b6_c50204e0,44b6_c50204e0:184,union|44b6_c50204e0:184|35,0,-34.50553129558579
geometry_1_00_focus4,44b6_c50204e0,44b6_c50204e0:184,union|44b6_c50204e0:184|36,0,-33.2948286012486
geometry_1_00_focus4,44b6_c50204e0,44b6_c50204e0:184,union|44b6_c50204e0:184|37,0,-20.581071381674413
geometry_1_00_focus4,44b6_c50204e0,44b6_c50204e0:184,union|44b6_c50204e0:184|38,0,-31.95373024441554
geometry_1_00_focus4,44b6_c50204e0,44b6_c50204e0:184,union|44b6_c50204e0:184|39,0,-25.80895712902511
geometry_1_00_focus4,44b6_c50204e0,44b6_c50204e0:184,union|44b6_c50204e0:184|40,0,-26.82070453387338
geometry_1_00_focus4,44b6_c50204e0,44b6_c50204e0:184,union|44b6_c50204e0:184|41,0,-31.04988049391444
geometry_1_00_focus4,44b6_c50204e0,44b6_c50204e0:184,union|44b6_c50204e0:184|42,0,-26.181789977863595
geometry_1_00_focus4,44b6_c50204e0,44b6_c50204e0:184,union|44b6_c50204e0:184|43,0,-27.585138106683914
geometry_1_00_focus4,44b6_c50204e0,44b6_c50204e0:184,union|44b6_c50204e0:184|44,0,-30.917615616346218
geometry_1_00_focus4,44b6_c50204e0,44b6_c50204e0:184,union|44b6_c50204e0:184|45,0,-23.77144106614884
geometry_1_00_focus4,44b6_c50204e0,44b6_c50204e0:184,union|44b6_c50204e0:184|46,0,-28.795676647060485
geometry_1_00_focus4,44b6_c50204e0,44b6_c50204e0:184,union|44b6_c50204e0:184|47,0,-29.40724103796779
geometry_1_00_focus4,44b6_c50204e0,44b6_c50204e0:184,union|44b6_c50204e0:184|48,0,-24.238629647536875
geometry_1_00_focus4,44b6_c50204e0,44b6_c50204e0:184,union|44b6_c50204e0:184|49,0,-26.115485194281398
geometry_1_00_focus4,44b6_c50204e0,44b6_c50204e0:184,union|44b6_c50204e0:184|50,0,-19.763701197773617
geometry_1_00_focus4,44b6_c50204e0,44b6_c50204e0:184,union|44b6_c50204e0:184|51,0,-25.64628622257856
geometry_1_00_focus4,44b6_c50204e0,44b6_c50204e0:184,union|44b6_c50204e0:184|52,0,-24.375
geometry_1_00_focus4,44b6_c50204e0,44b6_c50204e0:184,union|44b6_c50204e0:184|53,0,-25.15620363491277
geometry_1_00_focus4,44b6_c50204e0,44b6_c50204e0:184,union|44b6_c50204e0:184|54,0,-31.66814378276496
geometry_1_00_focus4,44b6_c50204e0,44b6_c50204e0:184,union|44b6_c50204e0:184|55,0,-29.51945541558279
geometry_1_00_focus4,44b6_c50204e0,44b6_c50204e0:184,union|44b6_c50204e0:184|56,0,-33.22397510617185
geometry_1_00_focus4,44b6_c50204e0,44b6_c50204e0:184,union|44b6_c50204e0:184|57,0,-33.71442770226494
geometry_1_00_focus4,44b6_c50204e0,44b6_c50204e0:184,union|44b6_c50204e0:184|58,0,-34.41532941031734
geometry_1_00_focus4,44b6_c50204e0,44b6_c50204e0:184,union|44b6_c50204e0:184|59,0,-30.145514954820072
geometry_1_00_focus4,44b6_c50204e0,44b6_c50204e0:184,union|44b6_c50204e0:184|60,0,-22.136024831294904
geometry_1_00_focus4,44b6_c50204e0,44b6_c50204e0:184,union|44b6_c50204e0:184|61,0,-32.907281807478924
geometry_1_00_focus4,44b6_c50204e0,44b6_c50204e0:184,union|44b6_c50204e0:184|62,0,-23.50624572681352
geometry_1_00_focus4,44b6_c50204e0,44b6_c50204e0:184,union|44b6_c50204e0:184|63,0,-23.222859358261086
geometry_1_00_focus4,44b6_c50204e0,44b6_c50204e0:184,union|44b6_c50204e0:184|64,0,-29.551340989832163
geometry_1_00_focus4,44b6_c50204e0,44b6_c50204e0:184,union|44b6_c50204e0:184|65,0,-22.136024831294904
geometry_1_00_focus4,44b6_c50204e0,44b6_c50204e0:184,union|44b6_c50204e0:184|66,0,-28.47991528784207
geometry_1_00_focus4,44b6_c50204e0,44b6_c50204e0:184,union|44b6_c50204e0:184|67,0,-24.890578477538796
geometry_1_00_focus4,44b6_c50204e0,44b6_c50204e0:184,union|44b6_c50204e0:184|68,0,-31.987917012497398
geometry_1_00_focus4,44b6_c50204e0,44b6_c50204e0:184,union|44b6_c50204e0:184|69,0,-31.60599776230331
geometry_1_00_focus4,44b6_c50204e0,44b6_c50204e0:184,union|44b6_c50204e0:184|70,0,-34.25223806709985
geometry_1_00_focus4,44b6_c50204e0,44b6_c50204e0:184,union|44b6_c50204e0:184|71,0,-18.654283617898177
geometry_1_00_focus4,44b6_c50204e0,44b6_c50204e0:184,union|44b6_c50204e0:184|72,0,-26.599432618227013
geometry_1_00_focus4,44b6_c50204e0,44b6_c50204e0:184,union|44b6_c50204e0:184|73,0,-23.407827112121424
geometry_1_00_focus4,44b6_c50204e0,44b6_c50204e0:184,union|44b6_c50204e0:184|74,0,-20.241948299572435
geometry_1_00_focus4,44b6_c50204e0,44b6_c50204e0:184,union|44b6_c50204e0:184|75,0,-31.434130703281475
geometry_1_00_focus4,44b6_c50204e0,44b6_c50204e0:184,union|44b6_c50204e0:184|76,0,-28.125482134861173
geometry_1_00_focus4,44b6_c50204e0,44b6_c50204e0:184,union|44b6_c50204e0:184|77,0,-29.126310679590638
geometry_1_00_focus4,44b6_c50204e0,44b6_c50204e0:184,union|44b6_c50204e0:184|78,0,-34.22683856035496
geometry_1_00_focus4,44b6_c50204e0,44b6_c50204e0:184,union|44b6_c50204e0:184|79,0,-31.455749560793834
geometry_1_00_focus4,44b6_c50204e0,44b6_c50204e0:184,union|44b6_c50204e0:184|80,0,-30.87826072217968
geometry_1_00_focus4,44b6_c50204e0,44b6_c50204e0:184,union|44b6_c50204e0:184|81,0,-31.05586636401837
geometry_1_00_focus4,44b6_c50204e0,44b6_c50204e0:184,union|44b6_c50204e0:184|82,0,-23.11834159580973
geometry_1_00_focus4,44b6_c50204e0,44b6_c50204e0:184,union|44b6_c50204e0:184|83,0,-26.01417530756512
geometry_1_00_focus4,44b6_c50204e0,44b6_c50204e0:184,union|44b6_c50204e0:184|84,0,-12.105420832022665
geometry_1_00_focus4,44b6_c50204e0,44b6_c50204e0:184,union|44b6_c50204e0:184|85,0,-31.355398979103875
geometry_1_00_focus4,44b6_c50204e0,44b6_c50204e0:184,union|44b6_c50204e0:184|86,0,-23.480214542913338
geometry_1_00_focus4,44b6_c50204e0,44b6_c50204e0:184,union|44b6_c50204e0:184|87,0,-19.843041645257966
geometry_1_00_focus4,44b6_c50204e0,44b6_c50204e0:184,union|44b6_c50204e0:184|88,0,-27.327062467886947
geometry_1_00_focus4,44b6_c50204e0,44b6_c50204e0:184,union|44b6_c50204e0:184|89,0,-29.5126070171967
geometry_1_00_focus4,44b6_c50204e0,44b6_c50204e0:184,union|44b6_c50204e0:184|90,0,-31.584649446303423
geometry_1_00_focus4,44b6_c50204e0,44b6_c50204e0:184,union|44b6_c50204e0:184|91,0,-32.15470672566037
geometry_1_00_focus4,44b6_c50204e0,44b6_c50204e0:184,union|44b6_c50204e0:184|92,0,-33.431378306746
geometry_1_00_focus4,44b6_c50204e0,44b6_c50204e0:184,union|44b6_c50204e0:184|93,0,-30.344342037057693
geometry_1_00_focus4,44b6_c50204e0,44b6_c50204e0:184,union|44b6_c50204e0:184|94,0,-34.41964704185692
geometry_1_00_focus4,44b6_c50204e0,44b6_c50204e0:184,union|44b6_c50204e0:184|95,0,-27.042142702988798
geometry_1_00_focus4,44b6_c50204e0,44b6_c50204e0:184,union|44b6_c50204e0:184|96,0,-34.96516904668316
geometry_1_00_focus4,44b6_c50204e0,44b6_c50204e0:184,union|44b6_c50204e0:184|97,0,-34.1409543066261
geometry_1_00_focus4,44b6_c50204e0,44b6_c50204e0:184,union|44b6_c50204e0:184|98,0,-30.22359034819846
geometry_1_00_focus4,44b6_c50204e0,44b6_c50204e0:184,union|44b6_c50204e0:184|99,0,-20.640213220798984
geometry_1_00_focus4,44b6_c50204e0,44b6_c50204e0:184,union|44b6_c50204e0:184|100,0,-28.125482134861173
geometry_1_00_focus4,44b6_c50204e0,44b6_c50204e0:184,union|44b6_c50204e0:184|101,0,-28.021875062940296
geometry_1_00_focus4,44b6_c50204e0,44b6_c50204e0:184,union|44b6_c50204e0:184|102,0,-33.20521933959198
geometry_1_00_focus4,44b6_c50204e0,44b6_c50204e0:184,union|44b6_c50204e0:184|103,0,-31.661267223913427
geometry_1_00_focus4,44b6_c50204e0,44b6_c50204e0:184,union|44b6_c50204e0:184|104,0,-34.07063355593202
geometry_1_00_focus4,44b6_c50204e0,44b6_c50204e0:184,union|44b6_c50204e0:184|105,0,-25.042431337053138
geometry_1_00_focus4,44b6_c50204e0,44b6_c50204e0:184,union|44b6_c50204e0:184|106,0,-28.856128377588213
geometry_1_00_focus4,44b6_c50204e0,44b6_c50204e0:184,union|44b6_c50204e0:184|107,0,-29.43221672530659
geometry_1_00_focus4,44b6_c50204e0,44b6_c50204e0:184,union|44b6_c50204e0:184|108,0,-25.300592705055458
geometry_1_00_focus4,44b6_c50204e0,44b6_c50204e0:184,union|44b6_c50204e0:184|109,0,-32.21771471338853
geometry_1_00_focus4,44b6_c50204e0,44b6_c50204e0:184,union|44b6_c50204e0:184|110,0,-35.25608138272571
geometry_1_00_focus4,44b6_c50204e0,44b6_c50204e0:184,union|44b6_c50204e0:184|111,0,-24.35031520704436
geometry_1_00_focus4,44b6_c50204e0,44b6_c50204e0:184,union|44b6_c50204e0:184|112,0,-23.52549155945895
geometry_1_00_focus4,44b6_c50204e0,44b6_c50204e0:184,union|44b6_c50204e0:184|113,0,-24.090085566321715
geometry_1_00_focus4,44b6_c50204e0,44b6_c50204e0:184,union|44b6_c50204e0:184|114,0,-30.484608336335505
geometry_1_00_focus4,44b6_c50204e0,44b6_c50204e0:184,union|44b6_c50204e0:184|115,0,-32.671887917668975
geometry_1_00_focus4,44b6_c50204e0,44b6_c50204e0:184,union|44b6_c50204e0:184|116,0,-25.08185696165672
geometry_1_00_focus4,44b6_c50204e0,44b6_c50204e0:184,union|44b6_c50204e0:184|117,0,-30.403960695818576
geometry_1_00_focus4,44b6_c50204e0,44b6_c50204e0:184,union|44b6_c50204e0:184|118,0,-28.966283820103605
geometry_1_00_focus4,44b6_c50204e0,44b6_c50204e0:184,union|44b6_c50204e0:184|119,0,-30.15889048090637
geometry_1_00_focus4,44b6_c50204e0,44b6_c50204e0:184,union|44b6_c50204e0:184|120,0,-28.60377855894427
geometry_1_00_focus4,44b6_c50204e0,44b6_c50204e0:184,union|44b6_c50204e0:184|121,0,-20.41569274664738
geometry_1_00_focus4,44b6_c50204e0,44b6_c50204e0:184,union|44b6_c50204e0:184|122,1,-14.290006843786474
geometry_1_00_focus4,44b6_c50204e0,44b6_c50204e0:184,union|44b6_c50204e0:184|123,0,-23.822912811497126
geometry_1_00_focus4,44b6_c50204e0,44b6_c50204e0:184,union|44b6_c50204e0:184|124,0,-27.494879122200068
geometry_1_00_focus4,44b6_c50204e0,44b6_c50204e0:184,union|44b6_c50204e0:184|125,0,-31.0870360799344
geometry_1_00_focus4,44b6_c50204e0,44b6_c50204e0:184,union|44b6_c50204e0:184|126,0,-28.593036799247162
geometry_1_00_focus4,44b6_c50204e0,44b6_c50204e0:184,union|44b6_c50204e0:184|127,0,-29.6001193590974
geometry_1_00_focus4,44b6_c50204e0,44b6_c50204e0:184,union|44b6_c50204e0:184|128,0,-26.701291537550127
geometry_1_00_focus4,44b6_c50204e0,44b6_c50204e0:184,union|44b6_c50204e0:184|129,0,-29.760760872248838
geometry_1_00_focus4,44b6_c50204e0,44b6_c50204e0:184,union|44b6_c50204e0:184|130,0,-32.06061831869586
geometry_1_00_focus4,44b6_c50204e0,44b6_c50204e0:184,union|44b6_c50204e0:184|131,0,-23.289864442692025
geometry_1_00_focus4,44b6_c50204e0,44b6_c50204e0:184,union|44b6_c50204e0:184|132,0,-19.763701197773617
geometry_1_00_focus4,44b6_c50204e0,44b6_c50204e0:184,union|44b6_c50204e0:184|133,0,-33.153530321225716
geometry_1_00_focus4,44b6_c50204e0,44b6_c50204e0:184,union|44b6_c50204e0:184|134,0,-29.694630055180518
geometry_1_00_focus4,44b6_c50204e0,44b6_c50204e0:184,union|44b6_c50204e0:184|135,0,-29.25
geometry_1_00_focus4,44b6_c50204e0,44b6_c50204e0:184,union|44b6_c50204e0:184|136,0,-24.821627320934073
geometry_1_00_focus4,44b6_c50204e0,44b6_c50204e0:184,union|44b6_c50204e0:184|137,0,-25.28083760199075
geometry_1_00_focus4,44b6_c50204e0,44b6_c50204e0:184,union|44b6_c50204e0:184|138,0,-30.379959536603067
geometry_1_00_focus4,44b6_c50204e0,44b6_c50204e0:184,union|44b6_c50204e0:184|139,0,-32.051631127816094
geometry_1_00_focus4,44b6_c50204e0,44b6_c50204e0:184,union|44b6_c50204e0:184|140,0,-29.480290581969633
geometry_1_00_focus4,44b6_c50204e0,44b6_c50204e0:184,union|44b6_c50204e0:184|141,0,-19.901661866559195
geometry_1_00_focus4,44b6_c50204e0,44b6_c50204e0:184,union|44b6_c50204e0:184|142,0,-20.28956599756299
geometry_1_00_focus4,44b6_c50204e0,44b6_c50204e0:184,union|44b6_c50204e0:184|143,0,-30.786291085718013
geometry_1_00_focus4,44b6_c50204e0,44b6_c50204e0:184,union|44b6_c50204e0:184|144,0,-25.33565820102226
geometry_1_00_focus4,44b6_c50204e0,44b6_c50204e0:184,union|44b6_c50204e0:184|145,0,-22.346618242772298
geometry_1_00_focus4,44b6_c50204e0,44b6_c50204e0:184,union|44b6_c50204e0:184|146,0,-27.279976813237
geometry_1_00_focus4,44b6_c50204e0,44b6_c50204e0:184,union|44b6_c50204e0:184|147,0,-30.372325263156142
geometry_1_00_focus4,44b6_c50204e0,44b6_c50204e0:184,union|44b6_c50204e0:184|148,0,-24.89196585074785
geometry_1_00_focus4,44b6_c50204e0,44b6_c50204e0:184,union|44b6_c50204e0:184|149,0,-27.877143320054216
geometry_1_00_focus4,44b6_c50204e0,44b6_c50204e0:184,union|44b6_c50204e0:184|150,0,-25.11514167056224
geometry_1_00_focus4,44b6_c50204e0,44b6_c50204e0:184,union|44b6_c50204e0:184|151,0,-32.46701010000501
geometry_1_00_focus4,44b6_c50204e0,44b6_c50204e0:184,union|44b6_c50204e0:184|152,0,-28.193167746373682
geometry_1_00_focus4,44b6_c50204e0,44b6_c50204e0:184,union|44b6_c50204e0:184|153,0,-31.505905950944037
geometry_1_00_focus4,44b6_c50204e0,44b6_c50204e0:184,union|44b6_c50204e0:184|154,0,-39.40776557138838
geometry_1_00_focus4,44b6_c50204e0,44b6_c50204e0:184,union|44b6_c50204e0:184|155,0,-16.4500466416287
geometry_1_00_focus4,44b6_c50204e0,44b6_c50204e0:184,union|44b6_c50204e0:184|156,0,-21.104114841818273
geometry_1_00_focus4,44b6_c50204e0,44b6_c50204e0:184,union|44b6_c50204e0:184|157,0,-32.22523429660232
geometry_1_00_focus4,44b6_c50204e0,44b6_c50204e0:184,union|44b6_c50204e0:184|158,0,-30.220558159430336
geometry_1_00_focus4,44b6_c50204e0,44b6_c50204e0:184,union|44b6_c50204e0:184|159,0,-25.42590400125957
geometry_1_00_focus4,44b6_c50204e0,44b6_c50204e0:184,union|44b6_c50204e0:184|160,0,-26.89692368547146
geometry_1_00_focus4,44b6_c50204e0,44b6_c50204e0:184,union|44b6_c50204e0:184|161,0,-23.200339681097574
geometry_1_00_focus4,44b6_c50204e0,44b6_c50204e0:184,union|44b6_c50204e0:184|162,0,-30.746322932912832
geometry_1_00_focus4,44b6_c50204e0,44b6_c50204e0:184,union|44b6_c50204e0:184|163,0,-24.329856285155575
geometry_1_00_focus4,44b6_c50204e0,44b6_c50204e0:184,union|44b6_c50204e0:184|164,0,-22.980970388562795
geometry_1_00_focus4,44b6_c50204e0,44b6_c50204e0:184,union|44b6_c50204e0:184|165,0,-28.877367377606614
geometry_1_00_focus4,44b6_c50204e0,44b6_c50204e0:184,union|44b6_c50204e0:184|166,0,-20.490016547747565
geometry_1_00_focus4,44b6_c50204e0,44b6_c50204e0:184,union|44b6_c50204e0:184|167,0,-25.78306009457922
geometry_1_00_focus4,44b6_c50204e0,44b6_c50204e0:184,union|44b6_c50204e0:184|168,0,-21.08116950485747
geometry_1_00_focus4,44b6_c50204e0,44b6_c50204e0:184,union|44b6_c50204e0:184|169,0,-31.661267223913427
geometry_1_00_focus4,44b6_c50204e0,44b6_c50204e0:184,union|44b6_c50204e0:184|170,0,-24.74287570170721
geometry_1_00_focus4,44b6_c50204e0,44b6_c50204e0:184,union|44b6_c50204e0:184|171,0,-28.816196876578246
geometry_1_00_focus4,44b6_c50204e0,44b6_c50204e0:184,union|44b6_c50204e0:184|172,0,-31.544437084108026
geometry_1_00_focus4,44b6_c50204e0,44b6_c50204e0:184,union|44b6_c50204e0:184|173,0,-30.266696331272374
geometry_1_00_focus4,44b6_c50204e0,44b6_c50204e0:184,union|44b6_c50204e0:184|174,0,-19.689553911838033
geometry_1_00_focus4,44b6_c50204e0,44b6_c50204e0:184,union|44b6_c50204e0:184|175,0,-27.160397909672824
geometry_1_00_focus4,44b6_c50204e0,44b6_c50204e0:184,union|44b6_c50204e0:184|176,0,-31.093835907181138
geometry_1_00_focus4,44b6_c50204e0,44b6_c50204e0:184,union|44b6_c50204e0:184|177,0,-32.690090539014655
geometry_1_00_focus4,44b6_c50204e0,44b6_c50204e0:184,union|44b6_c50204e0:184|178,0,-31.502782865314806
geometry_1_00_focus4,44b6_c50204e0,44b6_c50204e0:184,union|44b6_c50204e0:184|179,0,-24.16699640491442
geometry_1_00_focus4,44b6_c50204e0,44b6_c50204e0:184,union|44b6_c50204e0:184|180,0,-35.650846231084955
geometry_1_00_focus4,44b6_c50204e0,44b6_c50204e0:184,union|44b6_c50204e0:184|181,0,-24.688943677844094
geometry_1_00_focus4,44b6_c50204e0,44b6_c50204e0:184,union|44b6_c50204e0:184|182,0,-22.071675492983804
geometry_1_00_focus4,44b6_c50204e0,44b6_c50204e0:184,union|44b6_c50204e0:184|183,0,-32.679454566109484
geometry_1_00_focus4,44b6_c50204e0,44b6_c50204e0:184,union|44b6_c50204e0:184|184,0,-33.85806999745297
geometry_1_00_focus4,44b6_c50204e0,44b6_c50204e0:184,union|44b6_c50204e0:184|185,0,-25.832286107970155
geometry_1_00_focus4,44b6_c50204e0,44b6_c50204e0:184,union|44b6_c50204e0:184|186,0,-24.970725431178728
geometry_1_00_focus4,44b6_c50204e0,44b6_c50204e0:184,union|44b6_c50204e0:184|187,0,-26.995818714436126
geometry_1_00_focus4,44b6_c50204e0,44b6_c50204e0:184,union|44b6_c50204e0:184|188,0,-34.89781053012946
geometry_1_00_focus4,44b6_c50204e0,44b6_c50204e0:184,union|44b6_c50204e0:184|189,0,-28.314252937126863
geometry_1_00_focus4,44b6_c50204e0,44b6_c50204e0:184,union|44b6_c50204e0:184|190,0,-25.992853977641047
geometry_1_00_focus4,44b6_c50204e0,44b6_c50204e0:184,union|44b6_c50204e0:184|191,0,-26.82070453387338
geometry_1_00_focus4,44b6_c50204e0,44b6_c50204e0:184,union|44b6_c50204e0:184|192,0,-21.232896846163154
geometry_1_00_focus4,44b6_c50204e0,44b6_c50204e0:184,union|44b6_c50204e0:184|193,0,-25.73529622542036
geometry_1_00_focus4,44b6_c50204e0,44b6_c50204e0:184,union|44b6_c50204e0:184|194,0,-29.411590023505134
geometry_1_00_focus4,44b6_c50204e0,44b6_c50204e0:184,union|44b6_c50204e0:184|195,0,-31.539886682833107
geometry_1_00_focus4,44b6_d2f34f90,44b6_d2f34f90:103,union|44b6_d2f34f90:103|0,0,-24.316674043725236
geometry_1_00_focus4,44b6_d2f34f90,44b6_d2f34f90:103,union|44b6_d2f34f90:103|1,0,-33.79249471013506
geometry_1_00_focus4,44b6_d2f34f90,44b6_d2f34f90:103,union|44b6_d2f34f90:103|2,0,-33.00388156601625
geometry_1_00_focus4,44b6_d2f34f90,44b6_d2f34f90:103,union|44b6_d2f34f90:103|3,0,-32.33201190265182
geometry_1_00_focus4,44b6_d2f34f90,44b6_d2f34f90:103,union|44b6_d2f34f90:103|4,0,-28.960538302045208
geometry_1_00_focus4,44b6_d2f34f90,44b6_d2f34f90:103,union|44b6_d2f34f90:103|5,0,-34.27756563453755
geometry_1_00_focus4,44b6_d2f34f90,44b6_d2f34f90:103,union|44b6_d2f34f90:103|6,0,-25.781957563243182
geometry_1_00_focus4,44b6_d2f34f90,44b6_d2f34f90:103,union|44b6_d2f34f90:103|7,0,-34.341629091472655
geometry_1_00_focus4,44b6_d2f34f90,44b6_d2f34f90:103,union|44b6_d2f34f90:103|8,0,-34.96883517005018
geometry_1_00_focus4,44b6_d2f34f90,44b6_d2f34f90:103,union|44b6_d2f34f90:103|9,0,-34.04234584527556
geometry_1_00_focus4,44b6_d2f34f90,44b6_d2f34f90:103,union|44b6_d2f34f90:103|10,0,-20.540326713725356
geometry_1_00_focus4,44b6_d2f34f90,44b6_d2f34f90:103,union|44b6_d2f34f90:103|11,0,-25.46926375322567
geometry_1_00_focus4,44b6_d2f34f90,44b6_d2f34f90:103,union|44b6_d2f34f90:103|12,1,-14.831086065101225
geometry_1_00_focus4,44b6_d2f34f90,44b6_d2f34f90:103,union|44b6_d2f34f90:103|13,0,-18.364522459130445
geometry_1_00_focus4,44b6_d2f34f90,44b6_d2f34f90:103,union|44b6_d2f34f90:103|14,0,-19.451326858326727
geometry_1_00_focus4,44b6_d2f34f90,44b6_d2f34f90:103,union|44b6_d2f34f90:103|15,0,-24.23534711521012
geometry_1_00_focus4,44b6_d2f34f90,44b6_d2f34f90:103,union|44b6_d2f34f90:103|16,0,-30.422698105837547
geometry_1_00_focus4,44b6_d2f34f90,44b6_d2f34f90:103,union|44b6_d2f34f90:103|17,0,-31.96986545844488
geometry_1_00_focus4,44b6_d2f34f90,44b6_d2f34f90:103,union|44b6_d2f34f90:103|18,0,-33.42466677614801
geometry_1_00_focus4,44b6_d2f34f90,44b6_d2f34f90:103,union|44b6_d2f34f90:103|19,0,-37.325568924718404
geometry_1_00_focus4,44b6_d2f34f90,44b6_d2f34f90:103,union|44b6_d2f34f90:103|20,0,-34.8305317057965
geometry_1_00_focus4,44b6_d2f34f90,44b6_d2f34f90:103,union|44b6_d2f34f90:103|21,0,-21.374974306016007
geometry_1_00_focus4,44b6_d2f34f90,44b6_d2f34f90:103,union|44b6_d2f34f90:103|22,0,-20.90577533431317
geometry_1_00_focus4,44b6_d2f34f90,44b6_d2f34f90:103,union|44b6_d2f34f90:103|23,0,-20.28956599756299
geometry_1_00_focus4,44b6_d2f34f90,44b6_d2f34f90:103,union|44b6_d2f34f90:103|24,0,-32.91679442524921
geometry_1_00_focus4,44b6_d2f34f90,44b6_d2f34f90:103,union|44b6_d2f34f90:103|25,0,-35.853646562656834
geometry_1_00_focus4,44b6_d2f34f90,44b6_d2f34f90:103,union|44b6_d2f34f90:103|26,0,-21.895562080109777
geometry_1_00_focus4,44b6_d2f34f90,44b6_d2f34f90:103,union|44b6_d2f34f90:103|27,0,-29.067547662168344
geometry_1_00_focus4,44b6_d2f34f90,44b6_d2f34f90:103,union|44b6_d2f34f90:103|28,0,-27.577164466275352
geometry_1_00_focus4,44b6_d2f34f90,44b6_d2f34f90:103,union|44b6_d2f34f90:103|29,0,-27.01089255124851
geometry_1_00_focus4,44b6_d2f34f90,44b6_d2f34f90:103,union|44b6_d2f34f90:103|30,0,-31.72064830081947
geometry_1_00_focus4,44b6_d2f34f90,44b6_d2f34f90:103,union|44b6_d2f34f90:103|31,0,-32.734982716787684
geometry_1_00_focus4,44b6_d2f34f90,44b6_d2f34f90:103,union|44b6_d2f34f90:103|32,0,-22.79717247480891
geometry_1_00_focus4,44b6_d2f34f90,44b6_d2f34f90:103,union|44b6_d2f34f90:103|33,0,-26.249783068601396
geometry_1_00_focus4,44b6_d2f34f90,44b6_d2f34f90:103,union|44b6_d2f34f90:103|34,0,-36.80083891304765
geometry_1_00_focus4,44b6_d2f34f90,44b6_d2f34f90:103,union|44b6_d2f34f90:103|35,0,-23.22180509356662
geometry_1_00_focus4,44b6_d2f34f90,44b6_d2f34f90:103,union|44b6_d2f34f90:103|36,0,-21.33167129279484
geometry_1_00_focus4,44b6_d2f34f90,44b6_d2f34f90:103,union|44b6_d2f34f90:103|37,0,-16.404589350943606
geometry_1_00_focus4,44b6_d2f34f90,44b6_d2f34f90:103,union|44b6_d2f34f90:103|38,0,-27.76128577852883
geometry_1_00_focus4,44b6_d2f34f90,44b6_d2f34f90:103,union|44b6_d2f34f90:103|39,0,-30.522379666421976
geometry_1_00_focus4,44b6_d2f34f90,44b6_d2f34f90:103,union|44b6_d2f34f90:103|40,0,-31.846901460556808
geometry_1_00_focus4,44b6_d2f34f90,44b6_d2f34f90:103,union|44b6_d2f34f90:103|41,0,-31.081750007105065
geometry_1_00_focus4,44b6_d2f34f90,44b6_d2f34f90:103,union|44b6_d2f34f90:103|42,0,-33.741428275017675
geometry_1_00_focus4,44b6_d2f34f90,44b6_d2f34f90:103,union|44b6_d2f34f90:103|43,0,-36.31797911367708
geometry_1_00_focus4,44b6_d2f34f90,44b6_d2f34f90:103,union|44b6_d2f34f90:103|44,0,-29.933264596595556
geometry_1_00_focus4,44b6_d2f34f90,44b6_d2f34f90:103,union|44b6_d2f34f90:103|45,0,-16.69684043079047
geometry_1_00_focus4,44b6_d2f34f90,44b6_d2f34f90:103,union|44b6_d2f34f90:103|46,0,-24.712599724572733
geometry_1_00_focus4,44b6_d2f34f90,44b6_d2f34f90:103,union|44b6_d2f34f90:103|47,0,-25.34294912248853
geometry_1_00_focus4,44b6_d2f34f90,44b6_d2f34f90:103,union|44b6_d2f34f90:103|48,0,-37.23167076377881
geometry_1_00_focus4,44b6_d2f34f90,44b6_d2f34f90:103,union|44b6_d2f34f90:103|49,0,-31.479046826980667
geometry_1_00_focus4,44b6_d2f34f90,44b6_d2f34f90:103,union|44b6_d2f34f90:103|50,0,-35.83154031286746
geometry_1_00_focus4,44b6_d2f34f90,44b6_d2f34f90:103,union|44b6_d2f34f90:103|51,0,-29.78463090465382
geometry_1_00_focus4,44b6_d2f34f90,44b6_d2f34f90:103,union|44b6_d2f34f90:103|52,0,-30.26364347476882
geometry_1_00_focus4,44b6_d2f34f90,44b6_d2f34f90:103,union|44b6_d2f34f90:103|53,0,-28.271482490892858
geometry_1_00_focus4,44b6_d2f34f90,44b6_d2f34f90:103,union|44b6_d2f34f90:103|54,0,-37.24653964262475
geometry_1_00_focus4,44b6_d2f34f90,44b6_d2f34f90:103,union|44b6_d2f34f90:103|55,0,-31.62356525190343
geometry_1_00_focus4,44b6_d2f34f90,44b6_d2f34f90:103,union|44b6_d2f34f90:103|56,0,-33.243032518337614
geometry_1_00_focus4,44b6_d2f34f90,44b6_d2f34f90:103,union|44b6_d2f34f90:103|57,0,-37.43316152425325
geometry_1_00_focus4,44b6_d2f34f90,44b6_d2f34f90:103,union|44b6_d2f34f90:103|58,0,-36.04322093892928
geometry_1_00_focus4,44b6_d2f34f90,44b6_d2f34f90:103,union|44b6_d2f34f90:103|59,0,-38.35022311198165
geometry_1_00_focus4,44b6_d2f34f90,44b6_d2f34f90:103,union|44b6_d2f34f90:103|60,0,-36.435213053243885
geometry_1_00_focus4,44b6_d2f34f90,44b6_d2f34f90:103,union|44b6_d2f34f90:103|61,0,-27.363241240654375
geometry_1_00_focus4,44b6_d2f34f90,44b6_d2f34f90:103,union|44b6_d2f34f90:103|62,0,-29.934778507525248
geometry_1_00_focus4,44b6_d2f34f90,44b6_d2f34f90:103,union|44b6_d2f34f90:103|63,0,-37.08840404449686
geometry_1_00_focus4,44b6_d2f34f90,44b6_d2f34f90:103,union|44b6_d2f34f90:103|64,0,-38.23805880843463
geometry_1_00_focus4,44b6_d2f34f90,44b6_d2f34f90:103,union|44b6_d2f34f90:103|65,0,-37.88616937380666
geometry_1_00_focus4,44b6_d2f34f90,44b6_d2f34f90:103,union|44b6_d2f34f90:103|66,0,-39.30208788750135
geometry_1_00_focus4,44b6_d2f34f90,44b6_d2f34f90:103,union|44b6_d2f34f90:103|67,0,-39.22872916728457
geometry_1_00_focus4,44b6_d2f34f90,44b6_d2f34f90:103,union|44b6_d2f34f90:103|68,0,-41.362752386623896
geometry_1_00_focus4,44b6_d2f34f90,44b6_d2f34f90:103,union|44b6_d2f34f90:103|69,0,-29.320515744620575
geometry_1_00_focus4,44b6_d2f34f90,44b6_d2f34f90:103,union|44b6_d2f34f90:103|70,0,-36.193970679298175
geometry_1_00_focus4,44b6_d2f34f90,44b6_d2f34f90:103,union|44b6_d2f34f90:103|71,0,-25.20356586275348
geometry_1_00_focus4,44b6_d2f34f90,44b6_d2f34f90:103,union|44b6_d2f34f90:103|72,0,-43.95721932963477
geometry_1_00_focus4,44b6_d2f34f90,44b6_d2f34f90:103,union|44b6_d2f34f90:103|73,0,-31.8311953474458
geometry_1_00_focus4,44b6_d2f34f90,44b6_d2f34f90:103,union|44b6_d2f34f90:103|74,0,-35.208291047666805
geometry_1_00_focus4,44b6_d2f34f90,44b6_d2f34f90:103,union|44b6_d2f34f90:103|75,0,-38.07639293453998
geometry_1_00_focus4,44b6_d2f34f90,44b6_d2f34f90:137,union|44b6_d2f34f90:137|0,0,-23.355536764768793
geometry_1_00_focus4,44b6_d2f34f90,44b6_d2f34f90:137,union|44b6_d2f34f90:137|1,0,-27.329704649017827
geometry_1_00_focus4,44b6_d2f34f90,44b6_d2f34f90:137,union|44b6_d2f34f90:137|2,0,-18.835553612636833
geometry_1_00_focus4,44b6_d2f34f90,44b6_d2f34f90:137,union|44b6_d2f34f90:137|3,0,-28.956521944136504
geometry_1_00_focus4,44b6_d2f34f90,44b6_d2f34f90:137,union|44b6_d2f34f90:137|4,0,-28.27231038038944
geometry_1_00_focus4,44b6_d2f34f90,44b6_d2f34f90:137,union|44b6_d2f34f90:137|5,0,-24.632918219416307
geometry_1_00_focus4,44b6_d2f34f90,44b6_d2f34f90:137,union|44b6_d2f34f90:137|6,0,-23.882524992135988
geometry_1_00_focus4,44b6_d2f34f90,44b6_d2f34f90:137,union|44b6_d2f34f90:137|7,0,-29.44304811925513
geometry_1_00_focus4,44b6_d2f34f90,44b6_d2f34f90:137,union|44b6_d2f34f90:137|8,0,-29.593280794268345
geometry_1_00_focus4,44b6_d2f34f90,44b6_d2f34f90:137,union|44b6_d2f34f90:137|9,0,-31.481325580018893
geometry_1_00_focus4,44b6_d2f34f90,44b6_d2f34f90:137,union|44b6_d2f34f90:137|10,0,-26.090916277759078
geometry_1_00_focus4,44b6_d2f34f90,44b6_d2f34f90:137,union|44b6_d2f34f90:137|11,0,-34.15905775744545
geometry_1_00_focus4,44b6_d2f34f90,44b6_d2f34f90:137,union|44b6_d2f34f90:137|12,0,-33.23768237236631
geometry_1_00_focus4,44b6_d2f34f90,44b6_d2f34f90:137,union|44b6_d2f34f90:137|13,0,-24.683259702717393
geometry_1_00_focus4,44b6_d2f34f90,44b6_d2f34f90:137,union|44b6_d2f34f90:137|14,0,-29.236051621687707
geometry_1_00_focus4,44b6_d2f34f90,44b6_d2f34f90:137,union|44b6_d2f34f90:137|15,0,-33.018341708109816
geometry_1_00_focus4,44b6_d2f34f90,44b6_d2f34f90:137,union|44b6_d2f34f90:137|16,0,-30.824589591783585
geometry_1_00_focus4,44b6_d2f34f90,44b6_d2f34f90:137,union|44b6_d2f34f90:137|17,0,-24.55161460857322
geometry_1_00_focus4,44b6_d2f34f90,44b6_d2f34f90:137,union|44b6_d2f34f90:137|18,0,-19.67314305152225
geometry_1_00_focus4,44b6_d2f34f90,44b6_d2f34f90:137,union|44b6_d2f34f90:137|19,0,-34.10203304428612
geometry_1_00_focus4,44b6_d2f34f90,44b6_d2f34f90:137,union|44b6_d2f34f90:137|20,0,-30.62112112574259
geometry_1_00_focus4,44b6_d2f34f90,44b6_d2f34f90:137,union|44b6_d2f34f90:137|21,0,-25.73529622542036
geometry_1_00_focus4,44b6_d2f34f90,44b6_d2f34f90:137,union|44b6_d2f34f90:137|22,0,-27.329704649017827
geometry_1_00_focus4,44b6_d2f34f90,44b6_d2f34f90:137,union|44b6_d2f34f90:137|23,0,-29.950545447069484
geometry_1_00_focus4,44b6_d2f34f90,44b6_d2f34f90:137,union|44b6_d2f34f90:137|24,0,-33.34517682078275
geometry_1_00_focus4,44b6_d2f34f90,44b6_d2f34f90:137,union|44b6_d2f34f90:137|25,0,-23.980592976188483
geometry_1_00_focus4,44b6_d2f34f90,44b6_d2f34f90:137,union|44b6_d2f34f90:137|26,0,-26.58658093948307
geometry_1_00_focus4,44b6_d2f34f90,44b6_d2f34f90:137,union|44b6_d2f34f90:137|27,0,-21.305908276139853
geometry_1_00_focus4,44b6_d2f34f90,44b6_d2f34f90:137,union|44b6_d2f34f90:137|28,1,-12.974484370076492
geometry_1_00_focus4,44b6_d2f34f90,44b6_d2f34f90:137,union|44b6_d2f34f90:137|29,0,-30.13467390570147
geometry_1_00_focus4,44b6_d2f34f90,44b6_d2f34f90:137,union|44b6_d2f34f90:137|30,0,-21.038458977403145
geometry_1_00_focus4,44b6_d2f34f90,44b6_d2f34f90:137,union|44b6_d2f34f90:137|31,0,-23.65087170129671
geometry_1_00_focus4,44b6_d2f34f90,44b6_d2f34f90:137,union|44b6_d2f34f90:137|32,0,-22.87927011840322
geometry_1_00_focus4,44b6_d2f34f90,44b6_d2f34f90:137,union|44b6_d2f34f90:137|33,0,-32.25963629013148
geometry_1_00_focus4,44b6_d2f34f90,44b6_d2f34f90:137,union|44b6_d2f34f90:137|34,0,-30.274781775792583
geometry_1_00_focus4,44b6_d2f34f90,44b6_d2f34f90:137,union|44b6_d2f34f90:137|35,0,-33.0372152831007
geometry_1_00_focus4,44b6_d2f34f90,44b6_d2f34f90:137,union|44b6_d2f34f90:137|36,0,-28.271192462713955
geometry_1_00_focus4,44b6_d2f34f90,44b6_d2f34f90:137,union|44b6_d2f34f90:137|37,0,-20.719734623919507
geometry_1_00_focus4,44b6_d2f34f90,44b6_d2f34f90:137,union|44b6_d2f34f90:137|38,0,-22.676859236657048
geometry_1_00_focus4,44b6_d2f34f90,44b6_d2f34f90:137,union|44b6_d2f34f90:137|39,0,-26.60165569079083
geometry_1_00_focus4,44b6_d2f34f90,44b6_d2f34f90:137,union|44b6_d2f34f90:137|40,0,-28.271192462713955
geometry_1_00_focus4,44b6_d2f34f90,44b6_d2f34f90:137,union|44b6_d2f34f90:137|41,0,-23.09530639066353
geometry_1_00_focus4,44b6_d2f34f90,44b6_d2f34f90:137,union|44b6_d2f34f90:137|42,0,-21.48931030811674
geometry_1_00_focus4,44b6_d2f34f90,44b6_d2f34f90:137,union|44b6_d2f34f90:137|43,0,-28.570319273361775
geometry_1_00_focus4,44b6_d2f34f90,44b6_d2f34f90:137,union|44b6_d2f34f90:137|44,0,-25.896431636254334
geometry_1_00_focus4,44b6_d2f34f90,44b6_d2f34f90:137,union|44b6_d2f34f90:137|45,0,-28.764004721679985
geometry_1_00_focus4,44b6_d2f34f90,44b6_d2f34f90:137,union|44b6_d2f34f90:137|46,0,-18.848824572726656
geometry_1_00_focus4,44b6_d2f34f90,44b6_d2f34f90:137,union|44b6_d2f34f90:137|47,0,-25.03007688582838
geometry_1_00_focus4,44b6_d2f34f90,44b6_d2f34f90:137,union|44b6_d2f34f90:137|48,0,-23.32066376436224
geometry_1_00_focus4,44b6_d2f34f90,44b6_d2f34f90:137,union|44b6_d2f34f90:137|49,0,-27.37057496280802
geometry_1_00_focus4,44b6_d2f34f90,44b6_d2f34f90:137,union|44b6_d2f34f90:137|50,0,-31.04988049391444
geometry_1_00_focus4,44b6_d2f34f90,44b6_d2f34f90:137,union|44b6_d2f34f90:137|51,0,-26.80071497491901
geometry_1_00_focus4,44b6_d2f34f90,44b6_d2f34f90:137,union|44b6_d2f34f90:137|52,0,-32.604206285285784
geometry_1_00_focus4,44b6_d2f34f90,44b6_d2f34f90:137,union|44b6_d2f34f90:137|53,0,-21.038458977403145
geometry_1_00_focus4,44b6_d2f34f90,44b6_d2f34f90:137,union|44b6_d2f34f90:137|54,0,-22.980970388562795
geometry_1_00_focus4,44b6_d2f34f90,44b6_d2f34f90:137,union|44b6_d2f34f90:137|55,0,-18.917664314283535
geometry_1_00_focus4,44b6_d2f34f90,44b6_d2f34f90:137,union|44b6_d2f34f90:137|56,0,-25.792824564333458
geometry_1_00_focus4,44b6_d2f34f90,44b6_d2f34f90:137,union|44b6_d2f34f90:137|57,0,-24.03281403888252
geometry_1_00_focus4,44b6_d2f34f90,44b6_d2f34f90:137,union|44b6_d2f34f90:137|58,0,-24.665133640216276
geometry_1_00_focus4,44b6_d2f34f90,44b6_d2f34f90:137,union|44b6_d2f34f90:137|59,0,-29.40313215108911
geometry_1_00_focus4,44b6_d2f34f90,44b6_d2f34f90:137,union|44b6_d2f34f90:137|60,0,-29.21422542573297
geometry_1_00_focus4,44b6_d2f34f90,44b6_d2f34f90:137,union|44b6_d2f34f90:137|61,0,-16.629186392055015
geometry_1_00_focus4,44b6_d2f34f90,44b6_d2f34f90:137,union|44b6_d2f34f90:137|62,0,-19.767172754824585
geometry_1_00_focus4,44b6_d2f34f90,44b6_d2f34f90:137,union|44b6_d2f34f90:137|63,0,-31.269221158170932
geometry_1_00_focus4,44b6_d2f34f90,44b6_d2f34f90:137,union|44b6_d2f34f90:137|64,0,-27.248613039796094
geometry_1_00_focus4,44b6_d2f34f90,44b6_d2f34f90:137,union|44b6_d2f34f90:137|65,0,-24.285747989550593
geometry_1_00_focus4,44b6_d2f34f90,44b6_d2f34f90:137,union|44b6_d2f34f90:137|66,0,-32.25963629013148
geometry_1_00_focus4,44b6_d2f34f90,44b6_d2f34f90:137,union|44b6_d2f34f90:137|67,0,-27.57473670611904
geometry_1_00_focus4,44b6_d2f34f90,44b6_d2f34f90:137,union|44b6_d2f34f90:137|68,0,-22.985657952719748
geometry_1_00_focus4,44b6_d2f34f90,44b6_d2f34f90:137,union|44b6_d2f34f90:137|69,0,-23.389989439178404
geometry_1_00_focus4,44b6_d2f34f90,44b6_d2f34f90:137,union|44b6_d2f34f90:137|70,0,-25.203227015829363
geometry_1_00_focus4,44b6_d754aa59,44b6_d754aa59:54,union|44b6_d754aa59:54|0,0,-23.061217897326785
geometry_1_00_focus4,44b6_d754aa59,44b6_d754aa59:54,union|44b6_d754aa59:54|1,0,-28.890785486119185
geometry_1_00_focus4,44b6_d754aa59,44b6_d754aa59:54,union|44b6_d754aa59:54|2,0,-24.721677104180216
geometry_1_00_focus4,44b6_d754aa59,44b6_d754aa59:54,union|44b6_d754aa59:54|3,1,-19.39170236497701
geometry_1_00_focus4,44b6_d754aa59,44b6_d754aa59:54,union|44b6_d754aa59:54|4,0,-24.25156303316948
geometry_1_00_focus4,44b6_d754aa59,44b6_d754aa59:54,union|44b6_d754aa59:54|5,0,-25.793676910604127
geometry_1_00_focus4,44b6_d754aa59,44b6_d754aa59:54,union|44b6_d754aa59:54|6,0,-20.540326713725356
geometry_1_00_focus4,44b6_d754aa59,44b6_d754aa59:54,union|44b6_d754aa59:54|7,0,-26.470821333623494
geometry_1_00_focus4,44b6_d754aa59,44b6_d754aa59:54,union|44b6_d754aa59:54|8,0,-32.52138084962782
geometry_1_00_focus4,44b6_deabac95,44b6_deabac95:15,union|44b6_deabac95:15|0,0,-25.91465723118504
geometry_1_00_focus4,44b6_deabac95,44b6_deabac95:15,union|44b6_deabac95:15|1,0,-30.89776493652515
geometry_1_00_focus4,44b6_deabac95,44b6_deabac95:15,union|44b6_deabac95:15|2,0,-27.05375751562179
geometry_1_00_focus4,44b6_deabac95,44b6_deabac95:15,union|44b6_deabac95:15|3,0,-27.375232848892967
geometry_1_00_focus4,44b6_deabac95,44b6_deabac95:15,union|44b6_deabac95:15|4,0,-34.795475168719804
geometry_1_00_focus4,44b6_deabac95,44b6_deabac95:15,union|44b6_deabac95:15|5,0,-28.681953241744154
geometry_1_00_focus4,44b6_deabac95,44b6_deabac95:15,union|44b6_deabac95:15|6,0,-30.263711057430868
geometry_1_00_focus4,44b6_deabac95,44b6_deabac95:15,union|44b6_deabac95:15|7,0,-27.357366089388844
geometry_1_00_focus4,44b6_deabac95,44b6_deabac95:15,union|44b6_deabac95:15|8,0,-27.945656423986662
geometry_1_00_focus4,44b6_deabac95,44b6_deabac95:15,union|44b6_deabac95:15|9,0,-25.34135577932539
geometry_1_00_focus4,44b6_deabac95,44b6_deabac95:15,union|44b6_deabac95:15|10,0,-25.14282490360143
geometry_1_00_focus4,44b6_deabac95,44b6_deabac95:15,union|44b6_deabac95:15|11,0,-31.030690198332934
geometry_1_00_focus4,44b6_deabac95,44b6_deabac95:15,union|44b6_deabac95:15|12,0,-24.276489884336783
geometry_1_00_focus4,44b6_deabac95,44b6_deabac95:15,union|44b6_deabac95:15|13,0,-25.16014851982367
geometry_1_00_focus4,44b6_deabac95,44b6_deabac95:15,union|44b6_deabac95:15|14,0,-29.58953646910418
geometry_1_00_focus4,44b6_deabac95,44b6_deabac95:15,union|44b6_deabac95:15|15,0,-28.332229941009324
geometry_1_00_focus4,44b6_deabac95,44b6_deabac95:15,union|44b6_deabac95:15|16,0,-31.30246091227716
geometry_1_00_focus4,44b6_deabac95,44b6_deabac95:15,union|44b6_deabac95:15|17,0,-23.260892408941537
geometry_1_00_focus4,44b6_deabac95,44b6_deabac95:15,union|44b6_deabac95:15|18,0,-18.739872232700378
geometry_1_00_focus4,44b6_deabac95,44b6_deabac95:15,union|44b6_deabac95:15|19,0,-30.14314041135115
geometry_1_00_focus4,44b6_deabac95,44b6_deabac95:15,union|44b6_deabac95:15|20,0,-27.553173815316185
geometry_1_00_focus4,44b6_deabac95,44b6_deabac95:15,union|44b6_deabac95:15|21,0,-26.0030459656795
geometry_1_00_focus4,44b6_deabac95,44b6_deabac95:15,union|44b6_deabac95:15|22,0,-18.057377334435152
geometry_1_00_focus4,44b6_deabac95,44b6_deabac95:15,union|44b6_deabac95:15|23,0,-22.714798488522018
geometry_1_00_focus4,44b6_deabac95,44b6_deabac95:15,union|44b6_deabac95:15|24,0,-27.043267131131067
geometry_1_00_focus4,44b6_deabac95,44b6_deabac95:15,union|44b6_deabac95:15|25,0,-28.60735466524576
geometry_1_00_focus4,44b6_deabac95,44b6_deabac95:15,union|44b6_deabac95:15|26,0,-25.00006478152283
geometry_1_00_focus4,44b6_deabac95,44b6_deabac95:15,union|44b6_deabac95:15|27,0,-20.496583051702174
geometry_1_00_focus4,44b6_deabac95,44b6_deabac95:15,union|44b6_deabac95:15|28,0,-29.743845298110678
geometry_1_00_focus4,44b6_deabac95,44b6_deabac95:15,union|44b6_deabac95:15|29,1,-20.965782023405012
geometry_1_00_focus4,44b6_deabac95,44b6_deabac95:15,union|44b6_deabac95:15|30,0,-26.292873903850747
geometry_1_00_focus4,44b6_deabac95,44b6_deabac95:15,union|44b6_deabac95:15|31,0,-28.877367377606614
geometry_1_00_focus4,44b6_deabac95,44b6_deabac95:15,union|44b6_deabac95:15|32,0,-30.763306932621127
geometry_1_00_focus4,44b6_deabac95,44b6_deabac95:15,union|44b6_deabac95:15|33,0,-20.772959453125825
geometry_1_00_focus4,44b6_deabac95,44b6_deabac95:15,union|44b6_deabac95:15|34,0,-28.61092853729495
geometry_1_00_focus4,44b6_eb2880fc,44b6_eb2880fc:282,union|44b6_eb2880fc:282|0,0,-27.70585063662083
geometry_1_00_focus4,44b6_eb2880fc,44b6_eb2880fc:282,union|44b6_eb2880fc:282|1,0,-26.93504053597411
geometry_1_00_focus4,44b6_eb2880fc,44b6_eb2880fc:282,union|44b6_eb2880fc:282|2,0,-32.13935004287346
geometry_1_00_focus4,44b6_eb2880fc,44b6_eb2880fc:282,union|44b6_eb2880fc:282|3,0,-25.34739209441657
geometry_1_00_focus4,44b6_eb2880fc,44b6_eb2880fc:282,union|44b6_eb2880fc:282|4,0,-23.616126049180256
geometry_1_00_focus4,44b6_eb2880fc,44b6_eb2880fc:282,union|44b6_eb2880fc:282|5,0,-30.571142078205884
geometry_1_00_focus4,44b6_eb2880fc,44b6_eb2880fc:282,union|44b6_eb2880fc:282|6,0,-28.631417593884713
geometry_1_00_focus4,44b6_eb2880fc,44b6_eb2880fc:282,union|44b6_eb2880fc:282|7,0,-29.21422542573297
geometry_1_00_focus4,44b6_eb2880fc,44b6_eb2880fc:282,union|44b6_eb2880fc:282|8,0,-33.27893099252128
geometry_1_00_focus4,44b6_eb2880fc,44b6_eb2880fc:282,union|44b6_eb2880fc:282|9,0,-38.83479064946829
geometry_1_00_focus4,44b6_eb2880fc,44b6_eb2880fc:282,union|44b6_eb2880fc:282|10,0,-38.5482910588254
geometry_1_00_focus4,44b6_eb2880fc,44b6_eb2880fc:282,union|44b6_eb2880fc:282|11,0,-36.230610676289956
geometry_1_00_focus4,44b6_eb2880fc,44b6_eb2880fc:282,union|44b6_eb2880fc:282|12,0,-26.455178570080843
geometry_1_00_focus4,44b6_eb2880fc,44b6_eb2880fc:282,union|44b6_eb2880fc:282|13,0,-25.03007688582838
geometry_1_00_focus4,44b6_eb2880fc,44b6_eb2880fc:282,union|44b6_eb2880fc:282|14,0,-21.698745682678325
geometry_1_00_focus4,44b6_eb2880fc,44b6_eb2880fc:282,union|44b6_eb2880fc:282|15,0,-32.4259831189179
geometry_1_00_focus4,44b6_eb2880fc,44b6_eb2880fc:282,union|44b6_eb2880fc:282|16,0,-30.9147837060397
geometry_1_00_focus4,44b6_eb2880fc,44b6_eb2880fc:282,union|44b6_eb2880fc:282|17,0,-27.726168840985142
geometry_1_00_focus4,44b6_eb2880fc,44b6_eb2880fc:282,union|44b6_eb2880fc:282|18,0,-31.97525215955088
geometry_1_00_focus4,44b6_eb2880fc,44b6_eb2880fc:282,union|44b6_eb2880fc:282|19,0,-29.874084621290002
geometry_1_00_focus4,44b6_eb2880fc,44b6_eb2880fc:282,union|44b6_eb2880fc:282|20,0,-38.39088901983811
geometry_1_00_focus4,44b6_eb2880fc,44b6_eb2880fc:282,union|44b6_eb2880fc:282|21,0,-36.641156817219866
geometry_1_00_focus4,44b6_eb2880fc,44b6_eb2880fc:282,union|44b6_eb2880fc:282|22,0,-30.617310190311365
geometry_1_00_focus4,44b6_eb2880fc,44b6_eb2880fc:282,union|44b6_eb2880fc:282|23,0,-34.49804692940243
geometry_1_00_focus4,44b6_eb2880fc,44b6_eb2880fc:282,union|44b6_eb2880fc:282|24,0,-37.69309890524805
geometry_1_00_focus4,44b6_eb2880fc,44b6_eb2880fc:282,union|44b6_eb2880fc:282|25,0,-21.618832334657068
geometry_1_00_focus4,44b6_eb2880fc,44b6_eb2880fc:282,union|44b6_eb2880fc:282|26,0,-30.13467390570147
geometry_1_00_focus4,44b6_eb2880fc,44b6_eb2880fc:282,union|44b6_eb2880fc:282|27,0,-25.486918518617507
geometry_1_00_focus4,44b6_eb2880fc,44b6_eb2880fc:282,union|44b6_eb2880fc:282|28,0,-28.999775800267237
geometry_1_00_focus4,44b6_eb2880fc,44b6_eb2880fc:282,union|44b6_eb2880fc:282|29,0,-34.127384610464446
geometry_1_00_focus4,44b6_eb2880fc,44b6_eb2880fc:282,union|44b6_eb2880fc:282|30,0,-24.955649302284503
geometry_1_00_focus4,44b6_eb2880fc,44b6_eb2880fc:282,union|44b6_eb2880fc:282|31,0,-27.054579924781393
geometry_1_00_focus4,44b6_eb2880fc,44b6_eb2880fc:282,union|44b6_eb2880fc:282|32,0,-30.145514954820072
geometry_1_00_focus4,44b6_eb2880fc,44b6_eb2880fc:282,union|44b6_eb2880fc:282|33,0,-27.767360792081945
geometry_1_00_focus4,44b6_eb2880fc,44b6_eb2880fc:282,union|44b6_eb2880fc:282|34,0,-29.126310679590638
geometry_1_00_focus4,44b6_eb2880fc,44b6_eb2880fc:282,union|44b6_eb2880fc:282|35,0,-32.24062949899669
geometry_1_00_focus4,44b6_eb2880fc,44b6_eb2880fc:282,union|44b6_eb2880fc:282|36,0,-35.08007726519125
geometry_1_00_focus4,44b6_eb2880fc,44b6_eb2880fc:282,union|44b6_eb2880fc:282|37,0,-25.080625549520537
geometry_1_00_focus4,44b6_eb2880fc,44b6_eb2880fc:282,union|44b6_eb2880fc:282|38,0,-31.135502450430934
geometry_1_00_focus4,44b6_eb2880fc,44b6_eb2880fc:282,union|44b6_eb2880fc:282|39,0,-33.37174876270214
geometry_1_00_focus4,44b6_eb2880fc,44b6_eb2880fc:282,union|44b6_eb2880fc:282|40,0,-28.362588209961864
geometry_1_00_focus4,44b6_eb2880fc,44b6_eb2880fc:282,union|44b6_eb2880fc:282|41,0,-28.51803297428994
geometry_1_00_focus4,44b6_eb2880fc,44b6_eb2880fc:282,union|44b6_eb2880fc:282|42,0,-24.75668829361113
geometry_1_00_focus4,44b6_eb2880fc,44b6_eb2880fc:282,union|44b6_eb2880fc:282|43,0,-30.824589591783585
geometry_1_00_focus4,44b6_eb2880fc,44b6_eb2880fc:282,union|44b6_eb2880fc:282|44,0,-31.701863567333632
geometry_1_00_focus4,44b6_eb2880fc,44b6_eb2880fc:282,union|44b6_eb2880fc:282|45,0,-31.62559835347656
geometry_1_00_focus4,44b6_eb2880fc,44b6_eb2880fc:282,union|44b6_eb2880fc:282|46,0,-36.24681120152603
geometry_1_00_focus4,44b6_eb2880fc,44b6_eb2880fc:282,union|44b6_eb2880fc:282|47,0,-30.829158224808566
geometry_1_00_focus4,44b6_eb2880fc,44b6_eb2880fc:282,union|44b6_eb2880fc:282|48,0,-36.35583613424702
geometry_1_00_focus4,44b6_eb2880fc,44b6_eb2880fc:282,union|44b6_eb2880fc:282|49,0,-30.943003277172565
geometry_1_00_focus4,44b6_eb2880fc,44b6_eb2880fc:282,union|44b6_eb2880fc:282|50,0,-30.559414102712555
geometry_1_00_focus4,44b6_eb2880fc,44b6_eb2880fc:282,union|44b6_eb2880fc:282|51,0,-35.57303664672688
geometry_1_00_focus4,44b6_eb2880fc,44b6_eb2880fc:282,union|44b6_eb2880fc:282|52,1,-27.4961102894578
geometry_1_00_focus4,44b6_eb2880fc,44b6_eb2880fc:282,union|44b6_eb2880fc:282|53,0,-32.94463005518052
geometry_1_00_focus4,44b6_eb2880fc,44b6_eb2880fc:282,union|44b6_eb2880fc:282|54,0,-33.403429672281334
geometry_1_00_focus4,44b6_eb2880fc,44b6_eb2880fc:282,union|44b6_eb2880fc:282|55,0,-29.697825574715964
geometry_1_00_focus4,44b6_eb2880fc,44b6_eb2880fc:282,union|44b6_eb2880fc:282|56,0,-37.660252896340744
geometry_1_00_focus4,44b6_eb2880fc,44b6_eb2880fc:282,union|44b6_eb2880fc:282|57,0,-33.31428000192697
geometry_1_00_focus4,44b6_eb2880fc,44b6_eb2880fc:282,union|44b6_eb2880fc:282|58,0,-33.962503939623204
geometry_1_00_focus4,44b6_eb2880fc,44b6_eb2880fc:282,union|44b6_eb2880fc:282|59,0,-23.78741873261364
geometry_1_00_focus4,44b6_eb2880fc,44b6_eb2880fc:282,union|44b6_eb2880fc:282|60,0,-24.066655723348312
geometry_1_00_focus4,44b6_eb2880fc,44b6_eb2880fc:282,union|44b6_eb2880fc:282|61,0,-19.39170236497701
geometry_1_00_focus4,44b6_eb2880fc,44b6_eb2880fc:282,union|44b6_eb2880fc:282|62,0,-29.792976161056345
geometry_1_00_focus4,44b6_eb2880fc,44b6_eb2880fc:282,union|44b6_eb2880fc:282|63,0,-31.84759834887445
geometry_1_00_focus4,44b6_eb2880fc,44b6_eb2880fc:282,union|44b6_eb2880fc:282|64,0,-29.734799506113276
geometry_1_00_focus4,44b6_eb2880fc,44b6_eb2880fc:282,union|44b6_eb2880fc:282|65,0,-29.579151097144866
geometry_1_00_focus4,44b6_eb2880fc,44b6_eb2880fc:282,union|44b6_eb2880fc:282|66,0,-35.31943310107938
geometry_1_00_focus4,44b6_eb2880fc,44b6_eb2880fc:282,union|44b6_eb2880fc:282|67,0,-36.29809500796659
geometry_1_00_focus4,44b6_eb2880fc,44b6_eb2880fc:282,union|44b6_eb2880fc:282|68,0,-34.604911146881236
geometry_1_00_focus4,44b6_eb2880fc,44b6_eb2880fc:282,union|44b6_eb2880fc:282|69,0,-30.28764194941608
geometry_1_00_focus4,44b6_eb2880fc,44b6_eb2880fc:282,union|44b6_eb2880fc:282|70,0,-30.831731362617347
geometry_1_00_focus4,44b6_eb2880fc,44b6_eb2880fc:282,union|44b6_eb2880fc:282|71,0,-26.157349625016117
geometry_1_00_focus4,44b6_eb2880fc,44b6_eb2880fc:282,union|44b6_eb2880fc:282|72,0,-26.157349625016117
geometry_1_00_focus4,44b6_eb2880fc,44b6_eb2880fc:282,union|44b6_eb2880fc:282|73,0,-32.07332544220192
geometry_1_00_focus4,44b6_eb2880fc,44b6_eb2880fc:282,union|44b6_eb2880fc:282|74,0,-32.54465580579033
geometry_1_00_focus4,44b6_eb2880fc,44b6_eb2880fc:282,union|44b6_eb2880fc:282|75,0,-29.03755292613906
geometry_1_00_focus4,44b6_eb2880fc,44b6_eb2880fc:282,union|44b6_eb2880fc:282|76,0,-32.001980370935
geometry_1_00_focus4,44b6_eb2880fc,44b6_eb2880fc:282,union|44b6_eb2880fc:282|77,0,-24.5714240460725
geometry_1_00_focus4,44b6_eb2880fc,44b6_eb2880fc:282,union|44b6_eb2880fc:282|78,0,-21.060447770941074
geometry_1_00_focus4,44b6_eb2880fc,44b6_eb2880fc:282,union|44b6_eb2880fc:282|79,0,-32.71407626937851
geometry_1_00_focus4,44b6_eb2880fc,44b6_eb2880fc:282,union|44b6_eb2880fc:282|80,0,-31.839478339596127
geometry_1_00_focus4,44b6_eb2880fc,44b6_eb2880fc:282,union|44b6_eb2880fc:282|81,0,-36.91651329297659
geometry_1_00_focus4,44b6_eb2880fc,44b6_eb2880fc:282,union|44b6_eb2880fc:282|82,0,-27.459106529804373
geometry_1_00_focus4,44b6_eb2880fc,44b6_eb2880fc:282,union|44b6_eb2880fc:282|83,0,-27.26741699561523
geometry_1_00_focus4,44b6_eb2880fc,44b6_eb2880fc:282,union|44b6_eb2880fc:282|84,0,-38.18734041950411
geometry_1_00_focus4,44b6_eb2880fc,44b6_eb2880fc:282,union|44b6_eb2880fc:282|85,0,-34.25530295686949
geometry_1_00_focus4,44b6_eb2880fc,44b6_eb2880fc:282,union|44b6_eb2880fc:282|86,0,-26.365867926427477
geometry_1_00_focus4,44b6_eb2880fc,44b6_eb2880fc:282,union|44b6_eb2880fc:282|87,0,-30.485733648501366
geometry_1_00_focus4,44b6_eb2880fc,44b6_eb2880fc:282,union|44b6_eb2880fc:282|88,0,-22.739327867836526
geometry_1_00_focus4,44b6_eb2880fc,44b6_eb2880fc:282,union|44b6_eb2880fc:282|89,0,-28.858212288318192
geometry_1_00_focus4,44b6_eb2880fc,44b6_eb2880fc:282,union|44b6_eb2880fc:282|90,0,-28.30271834335136
geometry_1_00_focus4,44b6_eb2880fc,44b6_eb2880fc:282,union|44b6_eb2880fc:282|91,0,-16.41812508387789
geometry_1_00_focus4,44b6_eb2880fc,44b6_eb2880fc:282,union|44b6_eb2880fc:282|92,0,-29.42124146296327
geometry_1_00_focus4,44b6_eb2880fc,44b6_eb2880fc:282,union|44b6_eb2880fc:282|93,0,-24.931347411065985
geometry_1_00_focus4,44b6_eb2880fc,44b6_eb2880fc:282,union|44b6_eb2880fc:282|94,0,-31.481325580018893
geometry_1_00_focus4,44b6_eb2880fc,44b6_eb2880fc:282,union|44b6_eb2880fc:282|95,0,-20.483831713791805
geometry_1_00_focus4,44b6_eb2880fc,44b6_eb2880fc:282,union|44b6_eb2880fc:282|96,0,-32.207183978816325
geometry_1_00_focus4,44b6_eb2880fc,44b6_eb2880fc:282,union|44b6_eb2880fc:282|97,0,-22.34914218657827
geometry_1_00_focus4,44b6_eb2880fc,44b6_eb2880fc:282,union|44b6_eb2880fc:282|98,0,-23.376240646946425
geometry_1_00_focus4,44b6_eb2880fc,44b6_eb2880fc:282,union|44b6_eb2880fc:282|99,0,-17.779910492562983
geometry_1_00_focus4,44b6_eb2880fc,44b6_eb2880fc:282,union|44b6_eb2880fc:282|100,0,-30.27621814764349
geometry_1_00_focus4,44b6_eb2880fc,44b6_eb2880fc:282,union|44b6_eb2880fc:282|101,0,-27.76128577852883
geometry_1_00_focus4,44b6_eb2880fc,44b6_eb2880fc:282,union|44b6_eb2880fc:282|102,0,-28.593036799247162
geometry_1_00_focus4,44b6_eb2880fc,44b6_eb2880fc:282,union|44b6_eb2880fc:282|103,0,-23.74019208948419
geometry_1_00_focus4,44b6_eb2880fc,44b6_eb2880fc:282,union|44b6_eb2880fc:282|104,0,-33.0920256241228
geometry_1_00_focus4,44b6_eb2880fc,44b6_eb2880fc:282,union|44b6_eb2880fc:282|105,0,-32.48010696596972
geometry_1_00_focus4,44b6_eb2880fc,44b6_eb2880fc:282,union|44b6_eb2880fc:282|106,0,-29.692740200589007
geometry_1_00_focus4,44b6_eb2880fc,44b6_eb2880fc:282,union|44b6_eb2880fc:282|107,0,-26.427894856196083
geometry_1_00_focus4,44b6_eb2880fc,44b6_eb2880fc:282,union|44b6_eb2880fc:282|108,0,-33.63993800428265
geometry_1_00_focus4,44b6_eb2880fc,44b6_eb2880fc:282,union|44b6_eb2880fc:282|109,0,-31.309937344679
geometry_1_00_focus4,44b6_eb2880fc,44b6_eb2880fc:282,union|44b6_eb2880fc:282|110,0,-30.634939503809154
geometry_1_00_focus4,44b6_eb2880fc,44b6_eb2880fc:282,union|44b6_eb2880fc:282|111,0,-32.646692523067465
geometry_1_00_focus4,44b6_eb2880fc,44b6_eb2880fc:282,union|44b6_eb2880fc:282|112,0,-27.23001656219583
geometry_1_00_focus4,44b6_eb2880fc,44b6_eb2880fc:282,union|44b6_eb2880fc:282|113,0,-34.046222986758664
geometry_1_00_focus4,44b6_eb2880fc,44b6_eb2880fc:282,union|44b6_eb2880fc:282|114,0,-24.114271066265136
geometry_1_00_focus4,44b6_eb2880fc,44b6_eb2880fc:282,union|44b6_eb2880fc:282|115,0,-25.242181663063697
geometry_1_00_focus4,44b6_eb2880fc,44b6_eb2880fc:282,union|44b6_eb2880fc:282|116,0,-35.2612247353057
geometry_1_00_focus4,44b6_eb2880fc,44b6_eb2880fc:282,union|44b6_eb2880fc:282|117,0,-30.92437226668893
geometry_1_00_focus4,44b6_eb2880fc,44b6_eb2880fc:282,union|44b6_eb2880fc:282|118,0,-30.038582233137674
geometry_1_00_focus4,44b6_eb2880fc,44b6_eb2880fc:282,union|44b6_eb2880fc:282|119,0,-28.877367377606614
geometry_1_00_focus4,44b6_eb2880fc,44b6_eb2880fc:282,union|44b6_eb2880fc:282|120,0,-26.522496211367454
geometry_1_00_focus4,44b6_eb2880fc,44b6_eb2880fc:282,union|44b6_eb2880fc:282|121,0,-23.205178570080843
geometry_1_00_focus4,44b6_eb2880fc,44b6_eb2880fc:282,union|44b6_eb2880fc:282|122,0,-33.88036502221463
geometry_1_00_focus4,44b6_eb2880fc,44b6_eb2880fc:282,union|44b6_eb2880fc:282|123,0,-30.922793819004546
geometry_1_00_focus4,44b6_eb2880fc,44b6_eb2880fc:282,union|44b6_eb2880fc:282|124,0,-31.417180747406714
geometry_1_00_focus4,44b6_eb2880fc,44b6_eb2880fc:282,union|44b6_eb2880fc:282|125,0,-31.58590923784432
geometry_1_00_focus4,44b6_eb2880fc,44b6_eb2880fc:282,union|44b6_eb2880fc:282|126,0,-32.895576187661746
geometry_1_00_focus4,44b6_eb2880fc,44b6_eb2880fc:282,union|44b6_eb2880fc:282|127,0,-24.44441983512843
geometry_1_00_focus4,44b6_eb2880fc,44b6_eb2880fc:282,union|44b6_eb2880fc:282|128,0,-29.11880157272966
geometry_1_00_focus4,44b6_eb2880fc,44b6_eb2880fc:282,union|44b6_eb2880fc:282|129,0,-36.74739950525755
geometry_1_00_focus4,44b6_eb2880fc,44b6_eb2880fc:282,union|44b6_eb2880fc:282|130,0,-37.69624779783309
geometry_1_00_focus4,44b6_eb2880fc,44b6_eb2880fc:282,union|44b6_eb2880fc:282|131,0,-37.4065369500975
geometry_1_00_focus4,44b6_eb2880fc,44b6_eb2880fc:282,union|44b6_eb2880fc:282|132,0,-37.652703926333125
geometry_1_00_focus4,44b6_eb2880fc,44b6_eb2880fc:282,union|44b6_eb2880fc:282|133,0,-23.85709445729822
geometry_1_00_focus4,44b6_eb2880fc,44b6_eb2880fc:282,union|44b6_eb2880fc:282|134,0,-31.135502450430934
geometry_1_00_focus4,44b6_eb2880fc,44b6_eb2880fc:282,union|44b6_eb2880fc:282|135,0,-32.15470672566037
geometry_1_00_focus4,44b6_eb2880fc,44b6_eb2880fc:282,union|44b6_eb2880fc:282|136,0,-32.343617000874325
geometry_1_00_focus4,44b6_eb2880fc,44b6_eb2880fc:282,union|44b6_eb2880fc:282|137,0,-32.15009280483655
geometry_1_00_focus4,44b6_eb2880fc,44b6_eb2880fc:282,union|44b6_eb2880fc:282|138,0,-37.263472588983724
geometry_1_00_focus4,44b6_eb2880fc,44b6_eb2880fc:282,union|44b6_eb2880fc:282|139,0,-32.52542331293081
geometry_1_00_focus4,44b6_eb2880fc,44b6_eb2880fc:282,union|44b6_eb2880fc:282|140,0,-31.307443015785026
geometry_1_00_focus4,44b6_eb2880fc,44b6_eb2880fc:282,union|44b6_eb2880fc:282|141,0,-30.022543894396303
geometry_1_00_focus4,44b6_eb2880fc,44b6_eb2880fc:282,union|44b6_eb2880fc:282|142,0,-21.305475399204454
geometry_1_00_focus4,44b6_eb2880fc,44b6_eb2880fc:282,union|44b6_eb2880fc:282|143,0,-28.17079889616566
geometry_1_00_focus4,44b6_eb2880fc,44b6_eb2880fc:282,union|44b6_eb2880fc:282|144,0,-20.564972749992002
geometry_1_00_focus4,44b6_eb2880fc,44b6_eb2880fc:282,union|44b6_eb2880fc:282|145,0,-32.215192058792276
geometry_1_00_focus4,44b6_eb2880fc,44b6_eb2880fc:282,union|44b6_eb2880fc:282|146,0,-25.47927641130735
geometry_1_00_focus4,44b6_eb2880fc,44b6_eb2880fc:282,union|44b6_eb2880fc:282|147,0,-22.54664304020305
geometry_1_00_focus4,44b6_eb2880fc,44b6_eb2880fc:282,union|44b6_eb2880fc:282|148,0,-21.682791980589027
geometry_1_00_focus4,44b6_eb2880fc,44b6_eb2880fc:282,union|44b6_eb2880fc:282|149,0,-29.632636587207102
geometry_1_00_focus4,44b6_eb2880fc,44b6_eb2880fc:282,union|44b6_eb2880fc:282|150,0,-32.37373323069805
geometry_1_00_focus4,44b6_eb2880fc,44b6_eb2880fc:282,union|44b6_eb2880fc:282|151,0,-26.787671700438484
geometry_1_00_focus4,44b6_eb2880fc,44b6_eb2880fc:282,union|44b6_eb2880fc:282|152,0,-26.597111099543007
geometry_1_00_focus4,44b6_eb2880fc,44b6_eb2880fc:282,union|44b6_eb2880fc:282|153,0,-26.961375216664027
geometry_1_00_focus4,44b6_eb2880fc,44b6_eb2880fc:282,union|44b6_eb2880fc:282|154,0,-29.990959314228917
geometry_1_00_focus4,44b6_eb2880fc,44b6_eb2880fc:282,union|44b6_eb2880fc:282|155,0,-26.635001925010386
geometry_1_00_focus4,44b6_eb2880fc,44b6_eb2880fc:282,union|44b6_eb2880fc:282|156,0,-26.35998379518384
geometry_1_00_focus4,44b6_eb2880fc,44b6_eb2880fc:282,union|44b6_eb2880fc:282|157,0,-24.683259702717393
geometry_1_00_focus4,44b6_eb2880fc,44b6_eb2880fc:282,union|44b6_eb2880fc:282|158,0,-26.220857468361338
geometry_1_00_focus4,44b6_eb2880fc,44b6_eb2880fc:282,union|44b6_eb2880fc:282|159,0,-35.1756497311171
geometry_1_00_focus4,44b6_eb2880fc,44b6_eb2880fc:282,union|44b6_eb2880fc:282|160,0,-25.63313248715962
geometry_1_00_focus4,44b6_eb2880fc,44b6_eb2880fc:282,union|44b6_eb2880fc:282|161,0,-29.676204515618082
geometry_1_00_focus4,44b6_eb2880fc,44b6_eb2880fc:282,union|44b6_eb2880fc:282|162,0,-35.28722448259714
geometry_1_00_focus4,44b6_eb2880fc,44b6_eb2880fc:282,union|44b6_eb2880fc:282|163,0,-27.426409912504717
geometry_1_00_focus4,44b6_eb2880fc,44b6_eb2880fc:282,union|44b6_eb2880fc:282|164,0,-36.52935797928599
geometry_1_00_focus4,44b6_eb2880fc,44b6_eb2880fc:282,union|44b6_eb2880fc:282|165,0,-37.69346367538368
geometry_1_00_focus4,44b6_eb2880fc,44b6_eb2880fc:282,union|44b6_eb2880fc:282|166,0,-25.766564686853176
geometry_1_00_focus4,44b6_eb2880fc,44b6_eb2880fc:282,union|44b6_eb2880fc:282|167,0,-31.50226039403337
geometry_1_00_focus4,44b6_eb2880fc,44b6_eb2880fc:282,union|44b6_eb2880fc:282|168,0,-33.27820393129306
geometry_1_00_focus4,44b6_eb2880fc,44b6_eb2880fc:282,union|44b6_eb2880fc:282|169,0,-27.767795094427413
geometry_1_00_focus4,44b6_eb2880fc,44b6_eb2880fc:282,union|44b6_eb2880fc:282|170,0,-18.761953384867937
geometry_1_00_focus4,44b6_eb2880fc,44b6_eb2880fc:282,union|44b6_eb2880fc:282|171,0,-19.938938433015164
geometry_1_00_focus4,44b6_eb2880fc,44b6_eb2880fc:282,union|44b6_eb2880fc:282|172,0,-40.611641787179934
geometry_1_00_focus4,44b6_eb2880fc,44b6_eb2880fc:282,union|44b6_eb2880fc:282|173,0,-28.233523283697256
geometry_1_00_focus4,44b6_eb2880fc,44b6_eb2880fc:282,union|44b6_eb2880fc:282|174,0,-34.186434205017044
geometry_1_00_focus4,44b6_eb2880fc,44b6_eb2880fc:282,union|44b6_eb2880fc:282|175,0,-31.35419738088992
geometry_1_00_focus4,44b6_eb2880fc,44b6_eb2880fc:282,union|44b6_eb2880fc:282|176,0,-29.374504342303858
geometry_1_00_focus4,44b6_eb2880fc,44b6_eb2880fc:282,union|44b6_eb2880fc:282|177,0,-24.41899630732531
geometry_1_00_focus4,44b6_eb2880fc,44b6_eb2880fc:282,union|44b6_eb2880fc:282|178,0,-38.93651060963154
geometry_1_00_focus4,44b6_eb2880fc,44b6_eb2880fc:282,union|44b6_eb2880fc:282|179,0,-22.899362612112597
geometry_1_00_focus4,44b6_eb2880fc,44b6_eb2880fc:282,union|44b6_eb2880fc:282|180,0,-40.220871739300996
geometry_1_00_focus4,6bba_05db0fb1,6bba_05db0fb1:229,union|6bba_05db0fb1:229|0,0,-24.009317129512198
geometry_1_00_focus4,6bba_05db0fb1,6bba_05db0fb1:229,union|6bba_05db0fb1:229|1,0,-27.271481835659976
geometry_1_00_focus4,6bba_05db0fb1,6bba_05db0fb1:229,union|6bba_05db0fb1:229|2,0,-25.977358774770163
geometry_1_00_focus4,6bba_05db0fb1,6bba_05db0fb1:229,union|6bba_05db0fb1:229|3,0,-26.95097285286051
geometry_1_00_focus4,6bba_05db0fb1,6bba_05db0fb1:229,union|6bba_05db0fb1:229|4,0,-31.685500733503062
geometry_1_00_focus4,6bba_05db0fb1,6bba_05db0fb1:229,union|6bba_05db0fb1:229|5,0,-24.143806241246807
geometry_1_00_focus4,6bba_05db0fb1,6bba_05db0fb1:229,union|6bba_05db0fb1:229|6,0,-32.99973134585224
geometry_1_00_focus4,6bba_05db0fb1,6bba_05db0fb1:229,union|6bba_05db0fb1:229|7,0,-30.86548973807008
geometry_1_00_focus4,6bba_05db0fb1,6bba_05db0fb1:229,union|6bba_05db0fb1:229|8,0,-30.989716108616072
geometry_1_00_focus4,6bba_05db0fb1,6bba_05db0fb1:229,union|6bba_05db0fb1:229|9,0,-32.99973134585224
geometry_1_00_focus4,6bba_05db0fb1,6bba_05db0fb1:229,union|6bba_05db0fb1:229|10,0,-32.71576925336309
geometry_1_00_focus4,6bba_05db0fb1,6bba_05db0fb1:229,union|6bba_05db0fb1:229|11,0,-30.614315045749862
geometry_1_00_focus4,6bba_05db0fb1,6bba_05db0fb1:229,union|6bba_05db0fb1:229|12,0,-27.551153187288655
geometry_1_00_focus4,6bba_05db0fb1,6bba_05db0fb1:229,union|6bba_05db0fb1:229|13,0,-37.121982453404314
geometry_1_00_focus4,6bba_05db0fb1,6bba_05db0fb1:229,union|6bba_05db0fb1:229|14,0,-35.30183408067548
geometry_1_00_focus4,6bba_05db0fb1,6bba_05db0fb1:229,union|6bba_05db0fb1:229|15,0,-31.741914864430356
geometry_1_00_focus4,6bba_05db0fb1,6bba_05db0fb1:229,union|6bba_05db0fb1:229|16,0,-18.365918549873708
geometry_1_00_focus4,6bba_05db0fb1,6bba_05db0fb1:229,union|6bba_05db0fb1:229|17,0,-19.15596969742195
geometry_1_00_focus4,6bba_05db0fb1,6bba_05db0fb1:229,union|6bba_05db0fb1:229|18,0,-28.400179997288213
geometry_1_00_focus4,6bba_05db0fb1,6bba_05db0fb1:229,union|6bba_05db0fb1:229|19,0,-22.67355784314335
geometry_1_00_focus4,6bba_05db0fb1,6bba_05db0fb1:229,union|6bba_05db0fb1:229|20,0,-22.34633938189637
geometry_1_00_focus4,6bba_05db0fb1,6bba_05db0fb1:229,union|6bba_05db0fb1:229|21,0,-28.730312622849375
geometry_1_00_focus4,6bba_05db0fb1,6bba_05db0fb1:229,union|6bba_05db0fb1:229|22,0,-28.95507335593301
geometry_1_00_focus4,6bba_05db0fb1,6bba_05db0fb1:229,union|6bba_05db0fb1:229|23,0,-22.235255455909222
geometry_1_00_focus4,6bba_05db0fb1,6bba_05db0fb1:229,union|6bba_05db0fb1:229|24,0,-32.75316621903878
geometry_1_00_focus4,6bba_05db0fb1,6bba_05db0fb1:229,union|6bba_05db0fb1:229|25,0,-35.13646173011655
geometry_1_00_focus4,6bba_05db0fb1,6bba_05db0fb1:229,union|6bba_05db0fb1:229|26,0,-35.10434294343365
geometry_1_00_focus4,6bba_05db0fb1,6bba_05db0fb1:229,union|6bba_05db0fb1:229|27,0,-15.150043963680288
geometry_1_00_focus4,6bba_05db0fb1,6bba_05db0fb1:229,union|6bba_05db0fb1:229|28,0,-25.883704978580834
geometry_1_00_focus4,6bba_05db0fb1,6bba_05db0fb1:229,union|6bba_05db0fb1:229|29,0,-38.267790342361494
geometry_1_00_focus4,6bba_05db0fb1,6bba_05db0fb1:229,union|6bba_05db0fb1:229|30,0,-24.73025657800578
geometry_1_00_focus4,6bba_05db0fb1,6bba_05db0fb1:229,union|6bba_05db0fb1:229|31,0,-30.58326576218495
geometry_1_00_focus4,6bba_05db0fb1,6bba_05db0fb1:229,union|6bba_05db0fb1:229|32,0,-26.35150556217054
geometry_1_00_focus4,6bba_05db0fb1,6bba_05db0fb1:229,union|6bba_05db0fb1:229|33,0,-26.70521933959198
geometry_1_00_focus4,6bba_05db0fb1,6bba_05db0fb1:229,union|6bba_05db0fb1:229|34,0,-28.021875062940296
geometry_1_00_focus4,6bba_05db0fb1,6bba_05db0fb1:229,union|6bba_05db0fb1:229|35,0,-25.73529622542036
geometry_1_00_focus4,6bba_05db0fb1,6bba_05db0fb1:229,union|6bba_05db0fb1:229|36,0,-34.89781053012946
geometry_1_00_focus4,6bba_05db0fb1,6bba_05db0fb1:229,union|6bba_05db0fb1:229|37,0,-31.98151433427633
geometry_1_00_focus4,6bba_05db0fb1,6bba_05db0fb1:229,union|6bba_05db0fb1:229|38,0,-32.37336312235694
geometry_1_00_focus4,6bba_05db0fb1,6bba_05db0fb1:229,union|6bba_05db0fb1:229|39,0,-19.734144490805484
geometry_1_00_focus4,6bba_05db0fb1,6bba_05db0fb1:229,union|6bba_05db0fb1:229|40,0,-35.663563969028644
geometry_1_00_focus4,6bba_05db0fb1,6bba_05db0fb1:229,union|6bba_05db0fb1:229|41,0,-37.44075176800936
geometry_1_00_focus4,6bba_05db0fb1,6bba_05db0fb1:229,union|6bba_05db0fb1:229|42,0,-23.3593029152646
geometry_1_00_focus4,6bba_05db0fb1,6bba_05db0fb1:229,union|6bba_05db0fb1:229|43,0,-20.678936214432323
geometry_1_00_focus4,6bba_05db0fb1,6bba_05db0fb1:229,union|6bba_05db0fb1:229|44,0,-20.581071381674413
geometry_1_00_focus4,6bba_05db0fb1,6bba_05db0fb1:229,union|6bba_05db0fb1:229|45,0,-27.271481835659976
geometry_1_00_focus4,6bba_05db0fb1,6bba_05db0fb1:229,union|6bba_05db0fb1:229|46,0,-30.22359034819846
geometry_1_00_focus4,6bba_05db0fb1,6bba_05db0fb1:229,union|6bba_05db0fb1:229|47,0,-30.86548973807008
geometry_1_00_focus4,6bba_05db0fb1,6bba_05db0fb1:229,union|6bba_05db0fb1:229|48,0,-30.415556163416248
geometry_1_00_focus4,6bba_05db0fb1,6bba_05db0fb1:229,union|6bba_05db0fb1:229|49,0,-19.15596969742195
geometry_1_00_focus4,6bba_05db0fb1,6bba_05db0fb1:229,union|6bba_05db0fb1:229|50,0,-29.067547662168344
geometry_1_00_focus4,6bba_05db0fb1,6bba_05db0fb1:229,union|6bba_05db0fb1:229|51,0,-33.6151895331436
geometry_1_00_focus4,6bba_05db0fb1,6bba_05db0fb1:229,union|6bba_05db0fb1:229|52,0,-31.256471559628437
geometry_1_00_focus4,6bba_05db0fb1,6bba_05db0fb1:229,union|6bba_05db0fb1:229|53,0,-27.3597807329852
geometry_1_00_focus4,6bba_05db0fb1,6bba_05db0fb1:229,union|6bba_05db0fb1:229|54,0,-29.804217786444838
geometry_1_00_focus4,6bba_05db0fb1,6bba_05db0fb1:229,union|6bba_05db0fb1:229|55,0,-22.8176986937787
geometry_1_00_focus4,6bba_05db0fb1,6bba_05db0fb1:229,union|6bba_05db0fb1:229|56,0,-30.397857877911065
geometry_1_00_focus4,6bba_05db0fb1,6bba_05db0fb1:229,union|6bba_05db0fb1:229|57,0,-39.02683857380754
geometry_1_00_focus4,6bba_05db0fb1,6bba_05db0fb1:229,union|6bba_05db0fb1:229|58,0,-21.62930311688654
geometry_1_00_focus4,6bba_05db0fb1,6bba_05db0fb1:229,union|6bba_05db0fb1:229|59,0,-32.9695508211256
geometry_1_00_focus4,6bba_05db0fb1,6bba_05db0fb1:229,union|6bba_05db0fb1:229|60,0,-19.4924695839482
geometry_1_00_focus4,6bba_05db0fb1,6bba_05db0fb1:229,union|6bba_05db0fb1:229|61,0,-20.227169205656267
geometry_1_00_focus4,6bba_05db0fb1,6bba_05db0fb1:229,union|6bba_05db0fb1:229|62,0,-31.98151433427633
geometry_1_00_focus4,6bba_05db0fb1,6bba_05db0fb1:229,union|6bba_05db0fb1:229|63,0,-22.009898082210512
geometry_1_00_focus4,6bba_05db0fb1,6bba_05db0fb1:229,union|6bba_05db0fb1:229|64,0,-21.63568333613892
geometry_1_00_focus4,6bba_05db0fb1,6bba_05db0fb1:229,union|6bba_05db0fb1:229|65,0,-28.062298613457948
geometry_1_00_focus4,6bba_05db0fb1,6bba_05db0fb1:229,union|6bba_05db0fb1:229|66,0,-31.769952643089127
geometry_1_00_focus4,6bba_05db0fb1,6bba_05db0fb1:229,union|6bba_05db0fb1:229|67,0,-32.029161993660644
geometry_1_00_focus4,6bba_05db0fb1,6bba_05db0fb1:229,union|6bba_05db0fb1:229|68,0,-38.97626724022241
geometry_1_00_focus4,6bba_05db0fb1,6bba_05db0fb1:229,union|6bba_05db0fb1:229|69,0,-23.169717225716155
geometry_1_00_focus4,6bba_05db0fb1,6bba_05db0fb1:229,union|6bba_05db0fb1:229|70,0,-24.13596417093398
geometry_1_00_focus4,6bba_05db0fb1,6bba_05db0fb1:229,union|6bba_05db0fb1:229|71,0,-37.11957044516563
geometry_1_00_focus4,6bba_05db0fb1,6bba_05db0fb1:229,union|6bba_05db0fb1:229|72,0,-24.62481658606152
geometry_1_00_focus4,6bba_05db0fb1,6bba_05db0fb1:229,union|6bba_05db0fb1:229|73,0,-31.787179495738638
geometry_1_00_focus4,6bba_05db0fb1,6bba_05db0fb1:229,union|6bba_05db0fb1:229|74,0,-30.63886921394369
geometry_1_00_focus4,6bba_05db0fb1,6bba_05db0fb1:229,union|6bba_05db0fb1:229|75,0,-33.35234116250729
geometry_1_00_focus4,6bba_05db0fb1,6bba_05db0fb1:229,union|6bba_05db0fb1:229|76,0,-32.186460151948985
geometry_1_00_focus4,6bba_05db0fb1,6bba_05db0fb1:229,union|6bba_05db0fb1:229|77,0,-27.574503990123
geometry_1_00_focus4,6bba_05db0fb1,6bba_05db0fb1:229,union|6bba_05db0fb1:229|78,0,-30.126512023025366
geometry_1_00_focus4,6bba_05db0fb1,6bba_05db0fb1:229,union|6bba_05db0fb1:229|79,0,-28.92594477077071
geometry_1_00_focus4,6bba_05db0fb1,6bba_05db0fb1:229,union|6bba_05db0fb1:229|80,0,-30.389413093088578
geometry_1_00_focus4,6bba_05db0fb1,6bba_05db0fb1:229,union|6bba_05db0fb1:229|81,0,-32.71533755444107
geometry_1_00_focus4,6bba_05db0fb1,6bba_05db0fb1:229,union|6bba_05db0fb1:229|82,0,-30.62938930117903
geometry_1_00_focus4,6bba_05db0fb1,6bba_05db0fb1:229,union|6bba_05db0fb1:229|83,0,-37.01712231592662
geometry_1_00_focus4,6bba_05db0fb1,6bba_05db0fb1:229,union|6bba_05db0fb1:229|84,0,-28.671661475171867
geometry_1_00_focus4,6bba_05db0fb1,6bba_05db0fb1:229,union|6bba_05db0fb1:229|85,0,-24.811844249295866
geometry_1_00_focus4,6bba_05db0fb1,6bba_05db0fb1:229,union|6bba_05db0fb1:229|86,0,-20.04856888328041
geometry_1_00_focus4,6bba_05db0fb1,6bba_05db0fb1:229,union|6bba_05db0fb1:229|87,1,-21.939620222989596
geometry_1_00_focus4,6bba_05db0fb1,6bba_05db0fb1:229,union|6bba_05db0fb1:229|88,0,-20.390976753740347
geometry_1_00_focus4,6bba_05db0fb1,6bba_05db0fb1:229,union|6bba_05db0fb1:229|89,0,-26.409275762491617
geometry_1_00_focus4,6bba_05db0fb1,6bba_05db0fb1:229,union|6bba_05db0fb1:229|90,0,-31.589565352055573
geometry_1_00_focus4,6bba_05db0fb1,6bba_05db0fb1:229,union|6bba_05db0fb1:229|91,0,-31.300395878801332
geometry_1_00_focus4,6bba_05db0fb1,6bba_05db0fb1:229,union|6bba_05db0fb1:229|92,0,-26.6523804514354
geometry_1_00_focus4,6bba_05db0fb1,6bba_05db0fb1:229,union|6bba_05db0fb1:229|93,0,-32.16652346917298
geometry_1_00_focus4,6bba_05db0fb1,6bba_05db0fb1:229,union|6bba_05db0fb1:229|94,0,-24.604632636093438
geometry_1_00_focus4,6bba_05db0fb1,6bba_05db0fb1:229,union|6bba_05db0fb1:229|95,0,-25.214708451326587
geometry_1_00_focus4,6bba_05db0fb1,6bba_05db0fb1:229,union|6bba_05db0fb1:229|96,0,-28.906760573047634
geometry_1_00_focus4,6bba_05db0fb1,6bba_05db0fb1:229,union|6bba_05db0fb1:229|97,0,-21.95843525089258
geometry_1_00_focus4,6bba_05db0fb1,6bba_05db0fb1:229,union|6bba_05db0fb1:229|98,0,-25.209531451937863
geometry_1_00_focus4,6bba_05db0fb1,6bba_05db0fb1:229,union|6bba_05db0fb1:229|99,0,-33.66956434021115
geometry_1_00_focus4,6bba_05db0fb1,6bba_05db0fb1:229,union|6bba_05db0fb1:229|100,0,-32.59931720017179
geometry_1_00_focus4,6bba_05db0fb1,6bba_05db0fb1:229,union|6bba_05db0fb1:229|101,0,-26.58672851240663
geometry_1_00_focus4,6bba_05db0fb1,6bba_05db0fb1:229,union|6bba_05db0fb1:229|102,0,-16.82033904653233
geometry_1_00_focus4,6bba_05db0fb1,6bba_05db0fb1:229,union|6bba_05db0fb1:229|103,0,-30.613724416228333
geometry_1_00_focus4,6bba_05db0fb1,6bba_05db0fb1:229,union|6bba_05db0fb1:229|104,0,-25.801935855831815
geometry_1_00_focus4,6bba_05db0fb1,6bba_05db0fb1:229,union|6bba_05db0fb1:229|105,0,-24.411865554265614
geometry_1_00_focus4,6bba_05db0fb1,6bba_05db0fb1:229,union|6bba_05db0fb1:229|106,0,-25.73529622542036
geometry_1_00_focus4,6bba_05db0fb1,6bba_05db0fb1:229,union|6bba_05db0fb1:229|107,0,-24.23071089905093
geometry_1_00_focus4,6bba_05db0fb1,6bba_05db0fb1:229,union|6bba_05db0fb1:229|108,0,-27.442774519093362
geometry_1_00_focus4,6bba_05db0fb1,6bba_05db0fb1:229,union|6bba_05db0fb1:229|109,0,-33.255669248657696
geometry_1_00_focus4,6bba_05db0fb1,6bba_05db0fb1:229,union|6bba_05db0fb1:229|110,0,-28.55792513275672
geometry_1_00_focus4,6bba_05db0fb1,6bba_05db0fb1:229,union|6bba_05db0fb1:229|111,0,-29.09008496259041
geometry_1_00_focus4,6bba_05db0fb1,6bba_05db0fb1:229,union|6bba_05db0fb1:229|112,0,-30.092002712420516
geometry_1_00_focus4,6bba_05db0fb1,6bba_05db0fb1:229,union|6bba_05db0fb1:229|113,0,-23.119655502309474
geometry_1_00_focus4,6bba_05db0fb1,6bba_05db0fb1:229,union|6bba_05db0fb1:229|114,0,-30.035953876774002
geometry_1_00_focus4,6bba_05db0fb1,6bba_05db0fb1:229,union|6bba_05db0fb1:229|115,0,-34.43654601386196
geometry_1_00_focus4,6bba_05db0fb1,6bba_05db0fb1:229,union|6bba_05db0fb1:229|116,0,-22.820348563336907
geometry_1_00_focus4,6bba_05db0fb1,6bba_05db0fb1:229,union|6bba_05db0fb1:229|117,0,-27.016303694035123
geometry_1_00_focus4,6bba_05db0fb1,6bba_05db0fb1:229,union|6bba_05db0fb1:229|118,0,-29.23139443767489
geometry_1_00_focus4,6bba_05db0fb1,6bba_05db0fb1:229,union|6bba_05db0fb1:229|119,0,-37.384281548047824
geometry_1_00_focus4,6bba_05db0fb1,6bba_05db0fb1:229,union|6bba_05db0fb1:229|120,0,-27.935869080703576
geometry_1_00_focus4,6bba_05db0fb1,6bba_05db0fb1:229,union|6bba_05db0fb1:229|121,0,-20.939735497006428
geometry_1_00_focus4,6bba_05db0fb1,6bba_05db0fb1:229,union|6bba_05db0fb1:229|122,0,-29.106606819569272
geometry_1_00_focus4,6bba_05db0fb1,6bba_05db0fb1:229,union|6bba_05db0fb1:229|123,0,-27.861495044634804
geometry_1_00_focus4,6bba_05db0fb1,6bba_05db0fb1:229,union|6bba_05db0fb1:229|124,0,-32.77467226143514
geometry_1_00_focus4,6bba_05db0fb1,6bba_05db0fb1:229,union|6bba_05db0fb1:229|125,0,-32.67542632725178
geometry_1_00_focus4,6bba_05db0fb1,6bba_05db0fb1:229,union|6bba_05db0fb1:229|126,0,-31.273685834197
geometry_1_00_focus4,6bba_05db0fb1,6bba_05db0fb1:229,union|6bba_05db0fb1:229|127,0,-28.062298613457948
geometry_1_00_focus4,6bba_05db0fb1,6bba_05db0fb1:229,union|6bba_05db0fb1:229|128,0,-24.139368866733783
geometry_1_00_focus4,6bba_05db0fb1,6bba_05db0fb1:229,union|6bba_05db0fb1:229|129,0,-25.906588908853745
geometry_1_00_focus4,6bba_05db0fb1,6bba_05db0fb1:229,union|6bba_05db0fb1:229|130,0,-25.103084973624004
geometry_1_00_focus4,6bba_05db0fb1,6bba_05db0fb1:229,union|6bba_05db0fb1:229|131,0,-27.767360792081945
geometry_1_00_focus4,6bba_05db0fb1,6bba_05db0fb1:229,union|6bba_05db0fb1:229|132,0,-38.30169289442202
geometry_1_00_focus4,6bba_05db0fb1,6bba_05db0fb1:229,union|6bba_05db0fb1:229|133,0,-26.823084753091166
geometry_1_00_focus4,6bba_05db0fb1,6bba_05db0fb1:229,union|6bba_05db0fb1:229|134,0,-24.75292744772431
geometry_1_00_focus4,6bba_05db0fb1,6bba_05db0fb1:229,union|6bba_05db0fb1:229|135,0,-29.417736219028242
geometry_1_00_focus4,6bba_05db0fb1,6bba_05db0fb1:229,union|6bba_05db0fb1:229|136,0,-11.80186286294137
geometry_1_00_focus4,6bba_05db0fb1,6bba_05db0fb1:229,union|6bba_05db0fb1:229|137,0,-26.583349265390712
geometry_1_00_focus4,6bba_05db0fb1,6bba_05db0fb1:229,union|6bba_05db0fb1:229|138,0,-22.009898082210512
geometry_1_00_focus4,6bba_05db0fb1,6bba_05db0fb1:229,union|6bba_05db0fb1:229|139,0,-27.384307664316403
geometry_1_00_focus4,6bba_05db0fb1,6bba_05db0fb1:229,union|6bba_05db0fb1:229|140,0,-35.36745287445735
geometry_1_00_focus4,6bba_05db0fb1,6bba_05db0fb1:229,union|6bba_05db0fb1:229|141,0,-31.45748437600532
geometry_1_00_focus4,6bba_05db0fb1,6bba_05db0fb1:229,union|6bba_05db0fb1:229|142,0,-27.219553668283332
geometry_1_00_focus4,6bba_05db0fb1,6bba_05db0fb1:229,union|6bba_05db0fb1:229|143,0,-30.97300041909206
geometry_1_00_focus4,6bba_05db0fb1,6bba_05db0fb1:229,union|6bba_05db0fb1:229|144,0,-37.192064523924635
geometry_1_00_focus4,6bba_05db0fb1,6bba_05db0fb1:229,union|6bba_05db0fb1:229|145,0,-28.486802583365023
geometry_1_00_focus4,6bba_05db0fb1,6bba_05db0fb1:229,union|6bba_05db0fb1:229|146,0,-20.337856803477493
geometry_1_00_focus4,6bba_05db0fb1,6bba_05db0fb1:229,union|6bba_05db0fb1:229|147,0,-29.55430528594664
geometry_1_00_focus4,6bba_05db0fb1,6bba_05db0fb1:229,union|6bba_05db0fb1:229|148,0,-25.32397980516666
geometry_1_00_focus4,6bba_05db0fb1,6bba_05db0fb1:229,union|6bba_05db0fb1:229|149,0,-32.07332544220192
geometry_1_00_focus4,6bba_05db0fb1,6bba_05db0fb1:229,union|6bba_05db0fb1:229|150,0,-35.203589959121345
geometry_1_00_focus4,6bba_05db0fb1,6bba_05db0fb1:229,union|6bba_05db0fb1:229|151,0,-36.79338918211681
geometry_1_00_focus4,6bba_05db0fb1,6bba_05db0fb1:229,union|6bba_05db0fb1:229|152,0,-31.40798213717205
geometry_1_00_focus4,6bba_05db0fb1,6bba_05db0fb1:229,union|6bba_05db0fb1:229|153,0,-30.947965408679366
geometry_1_00_focus4,6bba_05db0fb1,6bba_05db0fb1:229,union|6bba_05db0fb1:229|154,0,-32.53182358757691
geometry_1_00_focus4,6bba_05db0fb1,6bba_05db0fb1:229,union|6bba_05db0fb1:229|155,0,-27.08978048743041
geometry_1_00_focus4,6bba_05db0fb1,6bba_05db0fb1:229,union|6bba_05db0fb1:229|156,0,-35.90139129159016
geometry_1_00_focus4,6bba_05db0fb1,6bba_05db0fb1:229,union|6bba_05db0fb1:229|157,0,-29.107217714596022
geometry_1_00_focus4,6bba_05db0fb1,6bba_05db0fb1:229,union|6bba_05db0fb1:229|158,0,-36.19078061129827
geometry_1_00_focus4,6bba_05db0fb1,6bba_05db0fb1:229,union|6bba_05db0fb1:229|159,0,-35.50604188951862
geometry_1_00_focus4,6bba_05db0fb1,6bba_05db0fb1:229,union|6bba_05db0fb1:229|160,0,-32.60231541548864
geometry_1_00_focus4,6bba_05db0fb1,6bba_05db0fb1:229,union|6bba_05db0fb1:229|161,0,-39.02108379882634
geometry_1_00_focus4,6bba_05db0fb1,6bba_05db0fb1:229,union|6bba_05db0fb1:229|162,0,-40.83506416649558
geometry_1_00_focus4,6bba_05db0fb1,6bba_05db0fb1:229,union|6bba_05db0fb1:229|163,0,-30.161711660938376
geometry_1_00_focus4,6bba_05db0fb1,6bba_05db0fb1:229,union|6bba_05db0fb1:229|164,0,-42.70445482834101
geometry_1_00_focus4,6bba_05db0fb1,6bba_05db0fb1:229,union|6bba_05db0fb1:229|165,0,-29.303783491203767
geometry_1_00_focus4,6bba_05db0fb1,6bba_05db0fb1:229,union|6bba_05db0fb1:229|166,0,-35.04982039046966
geometry_1_00_focus4,6bba_05db0fb1,6bba_05db0fb1:229,union|6bba_05db0fb1:229|167,0,-33.910840179218695
geometry_1_00_focus4,6bba_05db0fb1,6bba_05db0fb1:229,union|6bba_05db0fb1:229|168,0,-28.662036911695807
geometry_1_00_focus4,6bba_05db0fb1,6bba_05db0fb1:229,union|6bba_05db0fb1:229|169,0,-27.69920467511693
geometry_1_00_focus4,6bba_05db0fb1,6bba_05db0fb1:229,union|6bba_05db0fb1:229|170,0,-34.885250726592716
geometry_1_00_focus4,6bba_05db0fb1,6bba_05db0fb1:229,union|6bba_05db0fb1:229|171,0,-30.807497274922696
geometry_1_00_focus4,6bba_05db0fb1,6bba_05db0fb1:229,union|6bba_05db0fb1:229|172,0,-31.098262970639567
geometry_1_00_focus4,6bba_05db0fb1,6bba_05db0fb1:751,union|6bba_05db0fb1:751|0,0,-28.513220412692903
geometry_1_00_focus4,6bba_05db0fb1,6bba_05db0fb1:751,union|6bba_05db0fb1:751|1,0,-22.02168882919417
geometry_1_00_focus4,6bba_05db0fb1,6bba_05db0fb1:751,union|6bba_05db0fb1:751|2,0,-20.417188404982266
geometry_1_00_focus4,6bba_05db0fb1,6bba_05db0fb1:751,union|6bba_05db0fb1:751|3,0,-21.55248985749133
geometry_1_00_focus4,6bba_05db0fb1,6bba_05db0fb1:751,union|6bba_05db0fb1:751|4,0,-22.136024831294904
geometry_1_00_focus4,6bba_05db0fb1,6bba_05db0fb1:751,union|6bba_05db0fb1:751|5,0,-26.699749487895346
geometry_1_00_focus4,6bba_05db0fb1,6bba_05db0fb1:751,union|6bba_05db0fb1:751|6,0,-24.029467412154645
geometry_1_00_focus4,6bba_05db0fb1,6bba_05db0fb1:751,union|6bba_05db0fb1:751|7,0,-30.286630693931734
geometry_1_00_focus4,6bba_05db0fb1,6bba_05db0fb1:751,union|6bba_05db0fb1:751|8,0,-28.69377940841757
geometry_1_00_focus4,6bba_05db0fb1,6bba_05db0fb1:751,union|6bba_05db0fb1:751|9,0,-30.03120363491277
geometry_1_00_focus4,6bba_05db0fb1,6bba_05db0fb1:751,union|6bba_05db0fb1:751|10,0,-33.219836790554474
geometry_1_00_focus4,6bba_05db0fb1,6bba_05db0fb1:751,union|6bba_05db0fb1:751|11,0,-23.696535337940357
geometry_1_00_focus4,6bba_05db0fb1,6bba_05db0fb1:751,union|6bba_05db0fb1:751|12,0,-26.770578868778657
geometry_1_00_focus4,6bba_05db0fb1,6bba_05db0fb1:751,union|6bba_05db0fb1:751|13,0,-33.535108061706936
geometry_1_00_focus4,6bba_05db0fb1,6bba_05db0fb1:751,union|6bba_05db0fb1:751|14,0,-26.092517561212965
geometry_1_00_focus4,6bba_05db0fb1,6bba_05db0fb1:751,union|6bba_05db0fb1:751|15,0,-33.02747534921737
geometry_1_00_focus4,6bba_05db0fb1,6bba_05db0fb1:751,union|6bba_05db0fb1:751|16,0,-30.536051129437865
geometry_1_00_focus4,6bba_05db0fb1,6bba_05db0fb1:751,union|6bba_05db0fb1:751|17,0,-27.957557117888538
geometry_1_00_focus4,6bba_05db0fb1,6bba_05db0fb1:751,union|6bba_05db0fb1:751|18,0,-28.33038996672702
geometry_1_00_focus4,6bba_05db0fb1,6bba_05db0fb1:751,union|6bba_05db0fb1:751|19,0,-28.051691370441397
geometry_1_00_focus4,6bba_05db0fb1,6bba_05db0fb1:751,union|6bba_05db0fb1:751|20,0,-27.47704233618614
geometry_1_00_focus4,6bba_05db0fb1,6bba_05db0fb1:751,union|6bba_05db0fb1:751|21,0,-25.35377855894427
geometry_1_00_focus4,6bba_05db0fb1,6bba_05db0fb1:751,union|6bba_05db0fb1:751|22,0,-29.90046188703493
geometry_1_00_focus4,6bba_05db0fb1,6bba_05db0fb1:751,union|6bba_05db0fb1:751|23,0,-19.064480999672323
geometry_1_00_focus4,6bba_05db0fb1,6bba_05db0fb1:751,union|6bba_05db0fb1:751|24,0,-32.75289827830734
geometry_1_00_focus4,6bba_05db0fb1,6bba_05db0fb1:751,union|6bba_05db0fb1:751|25,0,-31.68368352710832
geometry_1_00_focus4,6bba_05db0fb1,6bba_05db0fb1:751,union|6bba_05db0fb1:751|26,0,-29.298359625697387
geometry_1_00_focus4,6bba_05db0fb1,6bba_05db0fb1:751,union|6bba_05db0fb1:751|27,0,-34.61724357013542
geometry_1_00_focus4,6bba_05db0fb1,6bba_05db0fb1:751,union|6bba_05db0fb1:751|28,0,-29.34506535533346
geometry_1_00_focus4,6bba_05db0fb1,6bba_05db0fb1:751,union|6bba_05db0fb1:751|29,0,-29.838406578034153
geometry_1_00_focus4,6bba_05db0fb1,6bba_05db0fb1:751,union|6bba_05db0fb1:751|30,0,-24.617011653757288
geometry_1_00_focus4,6bba_05db0fb1,6bba_05db0fb1:751,union|6bba_05db0fb1:751|31,0,-25.28083760199075
geometry_1_00_focus4,6bba_05db0fb1,6bba_05db0fb1:751,union|6bba_05db0fb1:751|32,1,-15.732592213891515
geometry_1_00_focus4,6bba_05db0fb1,6bba_05db0fb1:751,union|6bba_05db0fb1:751|33,0,-23.50624572681352
geometry_1_00_focus4,6bba_05db0fb1,6bba_05db0fb1:751,union|6bba_05db0fb1:751|34,0,-22.545223839100473
geometry_1_00_focus4,6bba_05db0fb1,6bba_05db0fb1:751,union|6bba_05db0fb1:751|35,0,-28.795676647060485
geometry_1_00_focus4,6bba_05db0fb1,6bba_05db0fb1:751,union|6bba_05db0fb1:751|36,0,-22.676859236657048
geometry_1_00_focus4,6bba_05db0fb1,6bba_05db0fb1:751,union|6bba_05db0fb1:751|37,0,-35.18508181679007
geometry_1_00_focus4,6bba_05db0fb1,6bba_05db0fb1:751,union|6bba_05db0fb1:751|38,0,-33.00695283533306
geometry_1_00_focus4,6bba_05db0fb1,6bba_05db0fb1:751,union|6bba_05db0fb1:751|39,0,-33.494219955058576
geometry_1_00_focus4,6bba_05db0fb1,6bba_05db0fb1:751,union|6bba_05db0fb1:751|40,0,-26.153004733569986
geometry_1_00_focus4,6bba_05db0fb1,6bba_05db0fb1:751,union|6bba_05db0fb1:751|41,0,-31.954816268707223
geometry_1_00_focus4,6bba_05db0fb1,6bba_05db0fb1:751,union|6bba_05db0fb1:751|42,0,-29.40799701232132
geometry_1_00_focus4,6bba_05db0fb1,6bba_05db0fb1:751,union|6bba_05db0fb1:751|43,0,-21.868442720138088
geometry_1_00_focus4,6bba_05db0fb1,6bba_05db0fb1:751,union|6bba_05db0fb1:751|44,0,-21.36170519540874
geometry_1_00_focus4,6bba_05db0fb1,6bba_05db0fb1:751,union|6bba_05db0fb1:751|45,0,-27.688633803875675
geometry_1_00_focus4,6bba_05db0fb1,6bba_05db0fb1:751,union|6bba_05db0fb1:751|46,0,-27.054579924781393
geometry_1_00_focus4,6bba_05db0fb1,6bba_05db0fb1:751,union|6bba_05db0fb1:751|47,0,-24.400083991651325
geometry_1_00_focus4,6bba_05db0fb1,6bba_05db0fb1:751,union|6bba_05db0fb1:751|48,0,-28.96380864825177
geometry_1_00_focus4,6bba_05db0fb1,6bba_05db0fb1:751,union|6bba_05db0fb1:751|49,0,-27.767360792081945
geometry_1_00_focus4,6bba_05db0fb1,6bba_05db0fb1:751,union|6bba_05db0fb1:751|50,0,-30.9234248269593
geometry_1_00_focus4,6bba_05db0fb1,6bba_05db0fb1:751,union|6bba_05db0fb1:751|51,0,-32.73678123847941
geometry_1_00_focus4,6bba_05db0fb1,6bba_05db0fb1:751,union|6bba_05db0fb1:751|52,0,-17.671128264774083
geometry_1_00_focus4,6bba_05db0fb1,6bba_05db0fb1:751,union|6bba_05db0fb1:751|53,0,-27.221339252348667
geometry_1_00_focus4,6bba_05db0fb1,6bba_05db0fb1:751,union|6bba_05db0fb1:751|54,0,-32.78542091482548
geometry_1_00_focus4,6bba_05db0fb1,6bba_05db0fb1:751,union|6bba_05db0fb1:751|55,0,-31.764496120962033
geometry_1_00_focus4,6bba_05db0fb1,6bba_05db0fb1:751,union|6bba_05db0fb1:751|56,0,-34.66645479921225
geometry_1_00_focus4,6bba_05db0fb1,6bba_05db0fb1:751,union|6bba_05db0fb1:751|57,0,-32.79305231718579
geometry_1_00_focus4,6bba_05db0fb1,6bba_05db0fb1:751,union|6bba_05db0fb1:751|58,0,-22.851464792659403
geometry_1_00_focus4,6bba_05db0fb1,6bba_05db0fb1:751,union|6bba_05db0fb1:751|59,0,-19.14628622257856
geometry_1_00_focus4,6bba_05db0fb1,6bba_05db0fb1:751,union|6bba_05db0fb1:751|60,0,-26.522798245603926
geometry_1_00_focus4,6bba_05db0fb1,6bba_05db0fb1:751,union|6bba_05db0fb1:751|61,0,-23.72877855894427
geometry_1_00_focus4,6bba_05db0fb1,6bba_05db0fb1:751,union|6bba_05db0fb1:751|62,0,-30.65623592966974
geometry_1_00_focus4,6bba_05db0fb1,6bba_05db0fb1:751,union|6bba_05db0fb1:751|63,0,-33.021440009031345
geometry_1_00_focus4,6bba_05db0fb1,6bba_05db0fb1:751,union|6bba_05db0fb1:751|64,0,-33.26090668996038
geometry_1_00_focus4,6bba_05db0fb1,6bba_05db0fb1:751,union|6bba_05db0fb1:751|65,0,-30.935844250891385
geometry_1_00_focus4,6bba_05db0fb1,6bba_05db0fb1:751,union|6bba_05db0fb1:751|66,0,-29.256624921583505
geometry_1_00_focus4,6bba_05db0fb1,6bba_05db0fb1:751,union|6bba_05db0fb1:751|67,0,-15.832022047484037
geometry_1_00_focus4,6bba_05db0fb1,6bba_05db0fb1:751,union|6bba_05db0fb1:751|68,0,-33.35074808319933
geometry_1_00_focus4,6bba_05db0fb1,6bba_05db0fb1:751,union|6bba_05db0fb1:751|69,0,-33.458677294740546
geometry_1_00_focus4,6bba_05db0fb1,6bba_05db0fb1:751,union|6bba_05db0fb1:751|70,0,-27.826562407533437
geometry_1_00_focus4,6bba_05db0fb1,6bba_05db0fb1:751,union|6bba_05db0fb1:751|71,0,-27.420262795269196
geometry_1_00_focus4,6bba_05db0fb1,6bba_05db0fb1:751,union|6bba_05db0fb1:751|72,0,-29.25
geometry_1_00_focus4,6bba_05db0fb1,6bba_05db0fb1:751,union|6bba_05db0fb1:751|73,0,-31.584649446303423
geometry_1_00_focus4,6bba_05db0fb1,6bba_05db0fb1:751,union|6bba_05db0fb1:751|74,0,-37.18789788742319
geometry_1_00_focus4,6bba_05db0fb1,6bba_05db0fb1:751,union|6bba_05db0fb1:751|75,0,-25.315584885479886
geometry_1_00_focus4,6bba_05db0fb1,6bba_05db0fb1:751,union|6bba_05db0fb1:751|76,0,-32.36550521296688
geometry_1_00_focus4,6bba_05db0fb1,6bba_05db0fb1:751,union|6bba_05db0fb1:751|77,0,-20.682479281375613
geometry_1_00_focus4,6bba_05db0fb1,6bba_05db0fb1:751,union|6bba_05db0fb1:751|78,0,-14.321972251341771
geometry_1_00_focus4,6bba_05db0fb1,6bba_05db0fb1:751,union|6bba_05db0fb1:751|79,0,-23.77144106614884
geometry_1_00_focus4,6bba_05db0fb1,6bba_05db0fb1:751,union|6bba_05db0fb1:751|80,0,-29.308997898536248
geometry_1_00_focus4,6bba_05db0fb1,6bba_05db0fb1:751,union|6bba_05db0fb1:751|81,0,-17.91904451602189
geometry_1_00_focus4,6bba_05db0fb1,6bba_05db0fb1:751,union|6bba_05db0fb1:751|82,0,-29.681830747374732
geometry_1_00_focus4,6bba_05db0fb1,6bba_05db0fb1:751,union|6bba_05db0fb1:751|83,0,-30.041103593320848
geometry_1_00_focus4,6bba_05db0fb1,6bba_05db0fb1:751,union|6bba_05db0fb1:751|84,0,-29.874084621290002
geometry_1_00_focus4,6bba_05db0fb1,6bba_05db0fb1:751,union|6bba_05db0fb1:751|85,0,-32.96026034920762
geometry_1_00_focus4,6bba_05db0fb1,6bba_05db0fb1:751,union|6bba_05db0fb1:751|86,0,-30.88285221385742
geometry_1_00_focus4,6bba_05db0fb1,6bba_05db0fb1:751,union|6bba_05db0fb1:751|87,0,-17.507326778614406
geometry_1_00_focus4,6bba_05db0fb1,6bba_05db0fb1:751,union|6bba_05db0fb1:751|88,0,-26.88192443675161
geometry_1_00_focus4,6bba_05db0fb1,6bba_05db0fb1:751,union|6bba_05db0fb1:751|89,0,-27.625102068963642
geometry_1_00_focus4,6bba_05db0fb1,6bba_05db0fb1:751,union|6bba_05db0fb1:751|90,0,-24.817676382751337
geometry_1_00_focus4,6bba_05db0fb1,6bba_05db0fb1:751,union|6bba_05db0fb1:751|91,0,-18.600035245218088
geometry_1_00_focus4,6bba_05db0fb1,6bba_05db0fb1:751,union|6bba_05db0fb1:751|92,0,-25.821180479149227
geometry_1_00_focus4,6bba_05db0fb1,6bba_05db0fb1:751,union|6bba_05db0fb1:751|93,0,-27.47704233618614
geometry_1_00_focus4,6bba_05db0fb1,6bba_05db0fb1:751,union|6bba_05db0fb1:751|94,0,-25.906588908853745
geometry_1_00_focus4,6bba_05db0fb1,6bba_05db0fb1:751,union|6bba_05db0fb1:751|95,0,-32.51966372496854
geometry_1_00_focus4,6bba_05db0fb1,6bba_05db0fb1:751,union|6bba_05db0fb1:751|96,0,-29.675420722833046
geometry_1_00_focus4,6bba_05db0fb1,6bba_05db0fb1:751,union|6bba_05db0fb1:751|97,0,-29.15606597389224
geometry_1_00_focus4,6bba_05db0fb1,6bba_05db0fb1:751,union|6bba_05db0fb1:751|98,0,-36.38229010428963
geometry_1_00_focus4,6bba_05db0fb1,6bba_05db0fb1:751,union|6bba_05db0fb1:751|99,0,-29.157937238820196
geometry_1_00_focus4,6bba_05db0fb1,6bba_05db0fb1:751,union|6bba_05db0fb1:751|100,0,-23.794733026122636
geometry_1_00_focus4,6bba_05db0fb1,6bba_05db0fb1:751,union|6bba_05db0fb1:751|101,0,-29.705216409094838
geometry_1_00_focus4,6bba_05db0fb1,6bba_05db0fb1:751,union|6bba_05db0fb1:751|102,0,-30.4146297529204
geometry_1_00_focus4,6bba_05db0fb1,6bba_05db0fb1:751,union|6bba_05db0fb1:751|103,0,-19.09739949695516
geometry_1_00_focus4,6bba_05db0fb1,6bba_05db0fb1:751,union|6bba_05db0fb1:751|104,0,-28.051691370441397
geometry_1_00_focus4,6bba_05db0fb1,6bba_05db0fb1:751,union|6bba_05db0fb1:751|105,0,-19.35978594085822
geometry_1_00_focus4,6bba_05db0fb1,6bba_05db0fb1:751,union|6bba_05db0fb1:751|106,0,-23.965241055319627
geometry_1_00_focus4,6bba_05db0fb1,6bba_05db0fb1:751,union|6bba_05db0fb1:751|107,0,-31.747151477642298
geometry_1_00_focus4,6bba_05db0fb1,6bba_05db0fb1:751,union|6bba_05db0fb1:751|108,0,-28.00601697364292
geometry_1_00_focus4,6bba_05db0fb1,6bba_05db0fb1:751,union|6bba_05db0fb1:751|109,0,-32.08743043752821
geometry_1_00_focus4,6bba_05db0fb1,6bba_05db0fb1:751,union|6bba_05db0fb1:751|110,0,-28.635569640590834
geometry_1_00_focus4,6bba_05db0fb1,6bba_05db0fb1:751,union|6bba_05db0fb1:751|111,0,-12.205504302400024
geometry_1_00_focus4,6bba_05db0fb1,6bba_05db0fb1:751,union|6bba_05db0fb1:751|112,0,-22.314563205033988
geometry_1_00_focus4,6bba_05db0fb1,6bba_05db0fb1:751,union|6bba_05db0fb1:751|113,0,-31.16551016656385
geometry_1_00_focus4,6bba_05db0fb1,6bba_05db0fb1:751,union|6bba_05db0fb1:751|114,0,-31.46774558320532
geometry_1_00_focus4,6bba_05db0fb1,6bba_05db0fb1:751,union|6bba_05db0fb1:751|115,0,-21.764879606667325
geometry_1_00_focus4,6bba_05db0fb1,6bba_05db0fb1:751,union|6bba_05db0fb1:751|116,0,-21.165092870705138
geometry_1_00_focus4,6bba_05db0fb1,6bba_05db0fb1:751,union|6bba_05db0fb1:751|117,0,-28.42452421927988
geometry_1_00_focus4,6bba_05db0fb1,6bba_05db0fb1:751,union|6bba_05db0fb1:751|118,0,-33.58415591050664
geometry_1_00_focus4,6bba_05db0fb1,6bba_05db0fb1:751,union|6bba_05db0fb1:751|119,0,-32.15470672566037
geometry_1_00_focus4,6bba_05db0fb1,6bba_05db0fb1:751,union|6bba_05db0fb1:751|120,0,-29.831202962151508
geometry_1_00_focus4,6bba_05db0fb1,6bba_05db0fb1:751,union|6bba_05db0fb1:751|121,0,-33.43384864055413
geometry_1_00_focus4,6bba_05db0fb1,6bba_05db0fb1:751,union|6bba_05db0fb1:751|122,0,-24.43773105635092
geometry_1_00_focus4,6bba_05db0fb1,6bba_05db0fb1:751,union|6bba_05db0fb1:751|123,0,-16.285428663993912
geometry_1_00_focus4,6bba_05db0fb1,6bba_05db0fb1:751,union|6bba_05db0fb1:751|124,0,-33.07245058373023
geometry_1_00_focus4,6bba_05db0fb1,6bba_05db0fb1:751,union|6bba_05db0fb1:751|125,0,-25.178201538798746
geometry_1_00_focus4,6bba_05db0fb1,6bba_05db0fb1:751,union|6bba_05db0fb1:751|126,0,-26.51199791479806
geometry_1_00_focus4,6bba_05db0fb1,6bba_05db0fb1:751,union|6bba_05db0fb1:751|127,0,-29.429454566109484
geometry_1_00_focus4,6bba_05db0fb1,6bba_05db0fb1:751,union|6bba_05db0fb1:751|128,0,-31.390615546449283
geometry_1_00_focus4,6bba_05db0fb1,6bba_05db0fb1:751,union|6bba_05db0fb1:751|129,0,-30.831042953605923
geometry_1_00_focus4,6bba_05db0fb1,6bba_05db0fb1:751,union|6bba_05db0fb1:751|130,0,-27.56339718480706
geometry_1_00_focus4,6bba_05db0fb1,6bba_05db0fb1:751,union|6bba_05db0fb1:751|131,0,-30.438290679776706
geometry_1_00_focus4,6bba_05db0fb1,6bba_05db0fb1:751,union|6bba_05db0fb1:751|132,0,-25.947307228233623
geometry_1_00_focus4,6bba_05db0fb1,6bba_05db0fb1:751,union|6bba_05db0fb1:751|133,0,-29.063771695621682
geometry_1_00_focus4,6bba_05db0fb1,6bba_05db0fb1:751,union|6bba_05db0fb1:751|134,0,-34.737951249187574
geometry_1_00_focus4,6bba_05db0fb1,6bba_05db0fb1:751,union|6bba_05db0fb1:751|135,0,-24.36590810851775
geometry_1_00_focus4,6bba_05db0fb1,6bba_05db0fb1:751,union|6bba_05db0fb1:751|136,0,-24.365606372908893
geometry_1_00_focus4,6bba_05db0fb1,6bba_05db0fb1:751,union|6bba_05db0fb1:751|137,0,-25.82144688193774
geometry_1_00_focus4,6bba_05db0fb1,6bba_05db0fb1:751,union|6bba_05db0fb1:751|138,0,-18.99609193109087
geometry_1_00_focus4,6bba_05db0fb1,6bba_05db0fb1:751,union|6bba_05db0fb1:751|139,0,-32.45924737608581
geometry_1_00_focus4,6bba_05db0fb1,6bba_05db0fb1:751,union|6bba_05db0fb1:751|140,0,-23.555347377703058
geometry_1_00_focus4,6bba_05db0fb1,6bba_05db0fb1:751,union|6bba_05db0fb1:751|141,0,-35.20540678567967
geometry_1_00_focus4,6bba_05db0fb1,6bba_05db0fb1:751,union|6bba_05db0fb1:751|142,0,-28.061680932978287
geometry_1_00_focus4,6bba_05db0fb1,6bba_05db0fb1:751,union|6bba_05db0fb1:751|143,0,-32.27140869207848
geometry_1_00_focus4,6bba_05db0fb1,6bba_05db0fb1:751,union|6bba_05db0fb1:751|144,0,-37.117182656181214
geometry_1_00_focus4,6bba_05db0fb1,6bba_05db0fb1:751,union|6bba_05db0fb1:751|145,0,-36.871482568319266
geometry_1_00_focus4,6bba_05db0fb1,6bba_05db0fb1:751,union|6bba_05db0fb1:751|146,0,-25.300592705055458
geometry_1_00_focus4,6bba_05db0fb1,6bba_05db0fb1:751,union|6bba_05db0fb1:751|147,0,-36.38598801816865
geometry_1_00_focus4,6bba_05db0fb1,6bba_05db0fb1:751,union|6bba_05db0fb1:751|148,0,-37.262758791541316
geometry_1_00_focus4,6bba_05db0fb1,6bba_05db0fb1:751,union|6bba_05db0fb1:751|149,0,-35.98812265730345
geometry_1_00_focus4,6bba_05db0fb1,6bba_05db0fb1:751,union|6bba_05db0fb1:751|150,0,-34.7987285875235
geometry_1_00_focus4,6bba_05db0fb1,6bba_05db0fb1:751,union|6bba_05db0fb1:751|151,0,-32.27265437205648
geometry_1_00_focus4,6bba_05db0fb1,6bba_05db0fb1:751,union|6bba_05db0fb1:751|152,0,-35.8805231100011
geometry_1_00_focus4,6bba_05db0fb1,6bba_05db0fb1:751,union|6bba_05db0fb1:751|153,0,-37.41108920564151
geometry_1_00_focus4,6bba_05db0fb1,6bba_05db0fb1:751,union|6bba_05db0fb1:751|154,0,-37.09394608081898
geometry_1_00_focus4,6bba_05db0fb1,6bba_05db0fb1:751,union|6bba_05db0fb1:751|155,0,-37.18821263616516
geometry_1_00_focus4,6bba_05db0fb1,6bba_05db0fb1:751,union|6bba_05db0fb1:751|156,0,-36.30248387929292
geometry_1_00_focus4,6bba_05db0fb1,6bba_05db0fb1:751,union|6bba_05db0fb1:751|157,0,-33.79887863056268
geometry_1_00_focus4,6bba_05db0fb1,6bba_05db0fb1:751,union|6bba_05db0fb1:751|158,0,-39.682709246127594
geometry_1_00_focus4,6bba_05db0fb1,6bba_05db0fb1:751,union|6bba_05db0fb1:751|159,0,-34.29029782645656
geometry_1_00_focus4,6bba_05db0fb1,6bba_05db0fb1:751,union|6bba_05db0fb1:751|160,0,-31.395234428586598
geometry_1_00_focus4,6bba_05db0fb1,6bba_05db0fb1:751,union|6bba_05db0fb1:751|161,0,-37.238226843616815
geometry_1_00_focus4,6bba_05db0fb1,6bba_05db0fb1:751,union|6bba_05db0fb1:751|162,0,-35.00152243339306
geometry_1_00_focus4,6bba_05db0fb1,6bba_05db0fb1:751,union|6bba_05db0fb1:751|163,0,-38.74148522676796
geometry_1_00_focus4,6bba_05db0fb1,6bba_05db0fb1:751,union|6bba_05db0fb1:751|164,0,-27.65976849990697
geometry_1_00_focus4,6bba_05db0fb1,6bba_05db0fb1:751,union|6bba_05db0fb1:751|165,0,-33.885563923277545
geometry_1_00_focus4,6bba_05db0fb1,6bba_05db0fb1:751,union|6bba_05db0fb1:751|166,0,-35.634224412359224
geometry_1_00_focus4,6bba_05db0fb1,6bba_05db0fb1:751,union|6bba_05db0fb1:751|167,0,-26.399879792362675
geometry_1_00_focus4,6bba_05db0fb1,6bba_05db0fb1:751,union|6bba_05db0fb1:751|168,0,-36.246468443696024
geometry_1_00_focus4,6bba_05db0fb1,6bba_05db0fb1:751,union|6bba_05db0fb1:751|169,0,-28.362828366164997
geometry_1_00_focus4,6bba_05db0fb1,6bba_05db0fb1:751,union|6bba_05db0fb1:751|170,0,-38.00416705597622
geometry_1_00_focus4,6bba_05db0fb1,6bba_05db0fb1:751,union|6bba_05db0fb1:751|171,0,-38.24256394173005
geometry_1_00_focus4,6bba_05db0fb1,6bba_05db0fb1:751,union|6bba_05db0fb1:751|172,0,-27.088679081662583
geometry_1_00_focus4,6bba_207c6aaf,6bba_207c6aaf:146,union|6bba_207c6aaf:146|0,0,-21.496296846828503
geometry_1_00_focus4,6bba_207c6aaf,6bba_207c6aaf:146,union|6bba_207c6aaf:146|1,0,-30.746322932912832
geometry_1_00_focus4,6bba_207c6aaf,6bba_207c6aaf:146,union|6bba_207c6aaf:146|2,0,-35.05105330041203
geometry_1_00_focus4,6bba_207c6aaf,6bba_207c6aaf:146,union|6bba_207c6aaf:146|3,0,-32.76635575287173
geometry_1_00_focus4,6bba_207c6aaf,6bba_207c6aaf:146,union|6bba_207c6aaf:146|4,0,-33.65668335384382
geometry_1_00_focus4,6bba_207c6aaf,6bba_207c6aaf:146,union|6bba_207c6aaf:146|5,0,-24.322484476871292
geometry_1_00_focus4,6bba_207c6aaf,6bba_207c6aaf:146,union|6bba_207c6aaf:146|6,0,-29.387877526286687
geometry_1_00_focus4,6bba_207c6aaf,6bba_207c6aaf:146,union|6bba_207c6aaf:146|7,0,-22.0520910658863
geometry_1_00_focus4,6bba_207c6aaf,6bba_207c6aaf:146,union|6bba_207c6aaf:146|8,0,-23.013722930794273
geometry_1_00_focus4,6bba_207c6aaf,6bba_207c6aaf:146,union|6bba_207c6aaf:146|9,0,-26.115485194281398
geometry_1_00_focus4,6bba_207c6aaf,6bba_207c6aaf:146,union|6bba_207c6aaf:146|10,0,-25.992853977641047
geometry_1_00_focus4,6bba_207c6aaf,6bba_207c6aaf:146,union|6bba_207c6aaf:146|11,0,-32.74274141274572
geometry_1_00_focus4,6bba_207c6aaf,6bba_207c6aaf:146,union|6bba_207c6aaf:146|12,0,-32.80806353163364
geometry_1_00_focus4,6bba_207c6aaf,6bba_207c6aaf:146,union|6bba_207c6aaf:146|13,1,-22.626107418960693
geometry_1_00_focus4,6bba_207c6aaf,6bba_207c6aaf:146,union|6bba_207c6aaf:146|14,0,-29.973975106171846
geometry_1_00_focus4,6bba_207c6aaf,6bba_207c6aaf:146,union|6bba_207c6aaf:146|15,0,-32.42882170260719
geometry_1_00_focus4,6bba_207c6aaf,6bba_207c6aaf:146,union|6bba_207c6aaf:146|16,0,-25.37289763036131
geometry_1_00_focus4,6bba_207c6aaf,6bba_207c6aaf:146,union|6bba_207c6aaf:146|17,0,-32.95558060999627
geometry_1_00_focus4,6bba_207c6aaf,6bba_207c6aaf:146,union|6bba_207c6aaf:146|18,0,-31.156309327174473
geometry_1_00_focus4,6bba_207c6aaf,6bba_207c6aaf:146,union|6bba_207c6aaf:146|19,0,-29.261865983101526
geometry_1_00_focus4,6bba_207c6aaf,6bba_207c6aaf:146,union|6bba_207c6aaf:146|20,0,-34.29555451421878
geometry_1_00_focus4,6bba_207c6aaf,6bba_207c6aaf:146,union|6bba_207c6aaf:146|21,0,-21.652402395547234
geometry_1_00_focus4,6bba_207c6aaf,6bba_207c6aaf:146,union|6bba_207c6aaf:146|22,0,-25.68342424781992
geometry_1_00_focus4,6bba_207c6aaf,6bba_207c6aaf:146,union|6bba_207c6aaf:146|23,0,-25.668574240572365
geometry_1_00_focus4,6bba_207c6aaf,6bba_207c6aaf:146,union|6bba_207c6aaf:146|24,0,-29.340000849473302
geometry_1_00_focus4,6bba_207c6aaf,6bba_207c6aaf:146,union|6bba_207c6aaf:146|25,0,-14.205193253507655
geometry_1_00_focus4,6bba_207c6aaf,6bba_207c6aaf:146,union|6bba_207c6aaf:146|26,0,-31.36629584415765
geometry_1_00_focus4,6bba_207c6aaf,6bba_207c6aaf:146,union|6bba_207c6aaf:146|27,0,-29.489016404817978
geometry_1_00_focus4,6bba_207c6aaf,6bba_207c6aaf:146,union|6bba_207c6aaf:146|28,0,-33.23768237236631
geometry_1_00_focus4,6bba_207c6aaf,6bba_207c6aaf:146,union|6bba_207c6aaf:146|29,0,-23.775666172789105
geometry_1_00_focus4,6bba_207c6aaf,6bba_207c6aaf:146,union|6bba_207c6aaf:146|30,0,-31.160742111064227
geometry_1_00_focus4,6bba_207c6aaf,6bba_207c6aaf:146,union|6bba_207c6aaf:146|31,0,-33.05625786711295
geometry_1_00_focus4,6bba_207c6aaf,6bba_207c6aaf:146,union|6bba_207c6aaf:146|32,0,-24.300924673568872
geometry_1_00_focus4,6bba_207c6aaf,6bba_207c6aaf:146,union|6bba_207c6aaf:146|33,0,-27.706047884321446
geometry_1_00_focus4,6bba_207c6aaf,6bba_207c6aaf:146,union|6bba_207c6aaf:146|34,0,-27.816169690458445
geometry_1_00_focus4,6bba_207c6aaf,6bba_207c6aaf:146,union|6bba_207c6aaf:146|35,0,-26.01417530756512
geometry_1_00_focus4,6bba_207c6aaf,6bba_207c6aaf:146,union|6bba_207c6aaf:146|36,0,-26.70521933959198
geometry_1_00_focus4,6bba_207c6aaf,6bba_207c6aaf:146,union|6bba_207c6aaf:146|37,0,-28.599178248854813
geometry_1_00_focus4,6bba_207c6aaf,6bba_207c6aaf:146,union|6bba_207c6aaf:146|38,0,-29.48677255525135
geometry_1_00_focus4,6bba_207c6aaf,6bba_207c6aaf:146,union|6bba_207c6aaf:146|39,0,-18.258610463437158
geometry_1_00_focus4,6bba_207c6aaf,6bba_207c6aaf:146,union|6bba_207c6aaf:146|40,0,-22.676859236657048
geometry_1_00_focus4,6bba_207c6aaf,6bba_207c6aaf:146,union|6bba_207c6aaf:146|41,0,-33.88036502221463
geometry_1_00_focus4,6bba_207c6aaf,6bba_207c6aaf:146,union|6bba_207c6aaf:146|42,0,-32.83651211462462
geometry_1_00_focus4,6bba_207c6aaf,6bba_207c6aaf:146,union|6bba_207c6aaf:146|43,0,-28.14019364092043
geometry_1_00_focus4,6bba_207c6aaf,6bba_207c6aaf:146,union|6bba_207c6aaf:146|44,0,-32.20206246788695
geometry_1_00_focus4,6bba_207c6aaf,6bba_207c6aaf:146,union|6bba_207c6aaf:146|45,0,-27.751704691040146
geometry_1_00_focus4,6bba_207c6aaf,6bba_207c6aaf:146,union|6bba_207c6aaf:146|46,0,-24.72875041348788
geometry_1_00_focus4,6bba_207c6aaf,6bba_207c6aaf:146,union|6bba_207c6aaf:146|47,0,-29.650093283257398
geometry_1_00_focus4,6bba_207c6aaf,6bba_207c6aaf:146,union|6bba_207c6aaf:146|48,0,-33.16234637481686
geometry_1_00_focus4,6bba_207c6aaf,6bba_207c6aaf:146,union|6bba_207c6aaf:146|49,0,-24.238629647536875
geometry_1_00_focus4,6bba_207c6aaf,6bba_207c6aaf:146,union|6bba_207c6aaf:146|50,0,-32.49581365917138
geometry_1_00_focus4,6bba_207c6aaf,6bba_207c6aaf:146,union|6bba_207c6aaf:146|51,0,-33.920805891436615
geometry_1_00_focus4,6bba_207c6aaf,6bba_207c6aaf:146,union|6bba_207c6aaf:146|52,0,-26.0
geometry_1_00_focus4,6bba_207c6aaf,6bba_207c6aaf:146,union|6bba_207c6aaf:146|53,0,-33.80442855173824
geometry_1_00_focus4,6bba_207c6aaf,6bba_207c6aaf:146,union|6bba_207c6aaf:146|54,0,-29.40313215108911
geometry_1_00_focus4,6bba_207c6aaf,6bba_207c6aaf:146,union|6bba_207c6aaf:146|55,0,-27.23001656219583
geometry_1_00_focus4,6bba_207c6aaf,6bba_207c6aaf:146,union|6bba_207c6aaf:146|56,0,-20.808606030460005
geometry_1_00_focus4,6bba_207c6aaf,6bba_207c6aaf:146,union|6bba_207c6aaf:146|57,0,-23.2521029672417
geometry_1_00_focus4,6bba_207c6aaf,6bba_207c6aaf:146,union|6bba_207c6aaf:146|58,0,-38.08689169026318
geometry_1_00_focus4,6bba_207c6aaf,6bba_207c6aaf:146,union|6bba_207c6aaf:146|59,0,-28.9743179789855
geometry_1_00_focus4,6bba_207c6aaf,6bba_207c6aaf:146,union|6bba_207c6aaf:146|60,0,-26.656263345541298
geometry_1_00_focus4,6bba_207c6aaf,6bba_207c6aaf:146,union|6bba_207c6aaf:146|61,0,-25.223441835534214
geometry_1_00_focus4,6bba_207c6aaf,6bba_207c6aaf:146,union|6bba_207c6aaf:146|62,0,-23.686542459034
geometry_1_00_focus4,6bba_207c6aaf,6bba_207c6aaf:146,union|6bba_207c6aaf:146|63,0,-31.62559835347656
geometry_1_00_focus4,6bba_207c6aaf,6bba_207c6aaf:146,union|6bba_207c6aaf:146|64,0,-35.17249578333711
geometry_1_00_focus4,6bba_207c6aaf,6bba_207c6aaf:146,union|6bba_207c6aaf:146|65,0,-29.04840861412479
geometry_1_00_focus4,6bba_207c6aaf,6bba_207c6aaf:146,union|6bba_207c6aaf:146|66,0,-26.560115249461916
geometry_1_00_focus4,6bba_207c6aaf,6bba_207c6aaf:146,union|6bba_207c6aaf:146|67,0,-26.292873903850747
geometry_1_00_focus4,6bba_207c6aaf,6bba_207c6aaf:146,union|6bba_207c6aaf:146|68,0,-34.12250059150082
geometry_1_00_focus4,6bba_32db13fc,6bba_32db13fc:115,union|6bba_32db13fc:115|0,0,-24.38385544477265
geometry_1_00_focus4,6bba_32db13fc,6bba_32db13fc:115,union|6bba_32db13fc:115|1,0,-22.649250653171908
geometry_1_00_focus4,6bba_32db13fc,6bba_32db13fc:115,union|6bba_32db13fc:115|2,0,-33.61372826603545
geometry_1_00_focus4,6bba_32db13fc,6bba_32db13fc:115,union|6bba_32db13fc:115|3,0,-24.2561809544915
geometry_1_00_focus4,6bba_32db13fc,6bba_32db13fc:115,union|6bba_32db13fc:115|4,0,-28.33038996672702
geometry_1_00_focus4,6bba_32db13fc,6bba_32db13fc:115,union|6bba_32db13fc:115|5,0,-33.54636974948175
geometry_1_00_focus4,6bba_32db13fc,6bba_32db13fc:115,union|6bba_32db13fc:115|6,0,-25.920041055012263
geometry_1_00_focus4,6bba_32db13fc,6bba_32db13fc:115,union|6bba_32db13fc:115|7,0,-25.00006478152283
geometry_1_00_focus4,6bba_32db13fc,6bba_32db13fc:115,union|6bba_32db13fc:115|8,0,-30.63007355362862
geometry_1_00_focus4,6bba_32db13fc,6bba_32db13fc:115,union|6bba_32db13fc:115|9,0,-29.671580851333346
geometry_1_00_focus4,6bba_32db13fc,6bba_32db13fc:115,union|6bba_32db13fc:115|10,0,-37.157612562723266
geometry_1_00_focus4,6bba_32db13fc,6bba_32db13fc:115,union|6bba_32db13fc:115|11,0,-28.680176482153342
geometry_1_00_focus4,6bba_32db13fc,6bba_32db13fc:115,union|6bba_32db13fc:115|12,0,-25.639448648337677
geometry_1_00_focus4,6bba_32db13fc,6bba_32db13fc:115,union|6bba_32db13fc:115|13,0,-23.013722930794273
geometry_1_00_focus4,6bba_32db13fc,6bba_32db13fc:115,union|6bba_32db13fc:115|14,0,-15.890433191201517
geometry_1_00_focus4,6bba_32db13fc,6bba_32db13fc:115,union|6bba_32db13fc:115|15,0,-16.880307045207545
geometry_1_00_focus4,6bba_32db13fc,6bba_32db13fc:115,union|6bba_32db13fc:115|16,0,-30.640913537114958
geometry_1_00_focus4,6bba_32db13fc,6bba_32db13fc:115,union|6bba_32db13fc:115|17,0,-31.252765504638077
geometry_1_00_focus4,6bba_32db13fc,6bba_32db13fc:115,union|6bba_32db13fc:115|18,0,-23.15874853637158
geometry_1_00_focus4,6bba_32db13fc,6bba_32db13fc:115,union|6bba_32db13fc:115|19,0,-24.625441365350035
geometry_1_00_focus4,6bba_32db13fc,6bba_32db13fc:115,union|6bba_32db13fc:115|20,0,-31.326138069848664
geometry_1_00_focus4,6bba_32db13fc,6bba_32db13fc:115,union|6bba_32db13fc:115|21,0,-30.866638151136723
geometry_1_00_focus4,6bba_32db13fc,6bba_32db13fc:115,union|6bba_32db13fc:115|22,0,-25.749802323793595
geometry_1_00_focus4,6bba_32db13fc,6bba_32db13fc:115,union|6bba_32db13fc:115|23,0,-27.151429194266917
geometry_1_00_focus4,6bba_32db13fc,6bba_32db13fc:115,union|6bba_32db13fc:115|24,0,-36.357782831926784
geometry_1_00_focus4,6bba_32db13fc,6bba_32db13fc:115,union|6bba_32db13fc:115|25,0,-36.510106371964525
geometry_1_00_focus4,6bba_32db13fc,6bba_32db13fc:115,union|6bba_32db13fc:115|26,0,-34.85473234101619
geometry_1_00_focus4,6bba_32db13fc,6bba_32db13fc:115,union|6bba_32db13fc:115|27,0,-39.21686073813683
geometry_1_00_focus4,6bba_32db13fc,6bba_32db13fc:115,union|6bba_32db13fc:115|28,0,-28.381853026358336
geometry_1_00_focus4,6bba_32db13fc,6bba_32db13fc:115,union|6bba_32db13fc:115|29,0,-27.769992980340334
geometry_1_00_focus4,6bba_32db13fc,6bba_32db13fc:115,union|6bba_32db13fc:115|30,0,-29.845543425201917
geometry_1_00_focus4,6bba_32db13fc,6bba_32db13fc:115,union|6bba_32db13fc:115|31,0,-29.311624740079928
geometry_1_00_focus4,6bba_32db13fc,6bba_32db13fc:115,union|6bba_32db13fc:115|32,0,-17.89764608191382
geometry_1_00_focus4,6bba_32db13fc,6bba_32db13fc:115,union|6bba_32db13fc:115|33,0,-28.599528841636413
geometry_1_00_focus4,6bba_32db13fc,6bba_32db13fc:115,union|6bba_32db13fc:115|34,0,-29.077611660596446
geometry_1_00_focus4,6bba_32db13fc,6bba_32db13fc:115,union|6bba_32db13fc:115|35,0,-22.451229358315423
geometry_1_00_focus4,6bba_32db13fc,6bba_32db13fc:115,union|6bba_32db13fc:115|36,0,-34.18295486105241
geometry_1_00_focus4,6bba_32db13fc,6bba_32db13fc:115,union|6bba_32db13fc:115|37,0,-32.48535851570694
geometry_1_00_focus4,6bba_32db13fc,6bba_32db13fc:115,union|6bba_32db13fc:115|38,0,-28.956521944136504
geometry_1_00_focus4,6bba_32db13fc,6bba_32db13fc:115,union|6bba_32db13fc:115|39,0,-26.776245759181627
geometry_1_00_focus4,6bba_32db13fc,6bba_32db13fc:115,union|6bba_32db13fc:115|40,0,-33.555942655520965
geometry_1_00_focus4,6bba_32db13fc,6bba_32db13fc:115,union|6bba_32db13fc:115|41,0,-24.655451096062016
geometry_1_00_focus4,6bba_32db13fc,6bba_32db13fc:115,union|6bba_32db13fc:115|42,0,-35.59061241217034
geometry_1_00_focus4,6bba_32db13fc,6bba_32db13fc:115,union|6bba_32db13fc:115|43,0,-34.56569450363718
geometry_1_00_focus4,6bba_32db13fc,6bba_32db13fc:115,union|6bba_32db13fc:115|44,0,-37.591193763036365
geometry_1_00_focus4,6bba_32db13fc,6bba_32db13fc:115,union|6bba_32db13fc:115|45,0,-37.78902976379363
geometry_1_00_focus4,6bba_32db13fc,6bba_32db13fc:115,union|6bba_32db13fc:115|46,0,-28.469723338437916
geometry_1_00_focus4,6bba_32db13fc,6bba_32db13fc:115,union|6bba_32db13fc:115|47,0,-19.48028653676505
geometry_1_00_focus4,6bba_32db13fc,6bba_32db13fc:115,union|6bba_32db13fc:115|48,0,-29.07102576987095
geometry_1_00_focus4,6bba_32db13fc,6bba_32db13fc:115,union|6bba_32db13fc:115|49,0,-30.443237066022355
geometry_1_00_focus4,6bba_32db13fc,6bba_32db13fc:115,union|6bba_32db13fc:115|50,0,-25.775724580286248
geometry_1_00_focus4,6bba_32db13fc,6bba_32db13fc:115,union|6bba_32db13fc:115|51,0,-33.355641309807496
geometry_1_00_focus4,6bba_32db13fc,6bba_32db13fc:115,union|6bba_32db13fc:115|52,0,-22.511771416859958
geometry_1_00_focus4,6bba_32db13fc,6bba_32db13fc:115,union|6bba_32db13fc:115|53,0,-23.660357140161686
geometry_1_00_focus4,6bba_32db13fc,6bba_32db13fc:115,union|6bba_32db13fc:115|54,0,-25.00006478152283
geometry_1_00_focus4,6bba_32db13fc,6bba_32db13fc:115,union|6bba_32db13fc:115|55,0,-19.729821196382133
geometry_1_00_focus4,6bba_32db13fc,6bba_32db13fc:115,union|6bba_32db13fc:115|56,0,-24.285747989550593
geometry_1_00_focus4,6bba_32db13fc,6bba_32db13fc:115,union|6bba_32db13fc:115|57,0,-24.692047601814835
geometry_1_00_focus4,6bba_32db13fc,6bba_32db13fc:115,union|6bba_32db13fc:115|58,0,-24.31204041036733
geometry_1_00_focus4,6bba_32db13fc,6bba_32db13fc:115,union|6bba_32db13fc:115|59,0,-25.656906760788587
geometry_1_00_focus4,6bba_32db13fc,6bba_32db13fc:115,union|6bba_32db13fc:115|60,0,-31.481325580018893
geometry_1_00_focus4,6bba_32db13fc,6bba_32db13fc:115,union|6bba_32db13fc:115|61,1,-23.180211800839313
geometry_1_00_focus4,6bba_32db13fc,6bba_32db13fc:115,union|6bba_32db13fc:115|62,0,-29.643026004433658
geometry_1_00_focus4,6bba_32db13fc,6bba_32db13fc:115,union|6bba_32db13fc:115|63,0,-31.504250893424285
geometry_1_00_focus4,6bba_32db13fc,6bba_32db13fc:115,union|6bba_32db13fc:115|64,0,-28.722963220876583
geometry_1_00_focus4,6bba_32db13fc,6bba_32db13fc:115,union|6bba_32db13fc:115|65,0,-35.09863889865196
geometry_1_00_focus4,6bba_32db13fc,6bba_32db13fc:115,union|6bba_32db13fc:115|66,0,-27.352334106900006
geometry_1_00_focus4,6bba_32db13fc,6bba_32db13fc:115,union|6bba_32db13fc:115|67,0,-24.053593044466894
geometry_1_00_focus4,6bba_32db13fc,6bba_32db13fc:115,union|6bba_32db13fc:115|68,0,-22.511771416859958
geometry_1_00_focus4,6bba_32db13fc,6bba_32db13fc:115,union|6bba_32db13fc:115|69,0,-31.43322534721459
geometry_1_00_focus4,6bba_32db13fc,6bba_32db13fc:115,union|6bba_32db13fc:115|70,0,-36.36913020637147
geometry_1_00_focus4,6bba_32db13fc,6bba_32db13fc:115,union|6bba_32db13fc:115|71,0,-39.271034198024516
geometry_1_00_focus4,6bba_32db13fc,6bba_32db13fc:115,union|6bba_32db13fc:115|72,0,-25.35377855894427
geometry_1_00_focus4,6bba_32db13fc,6bba_32db13fc:115,union|6bba_32db13fc:115|73,0,-24.205809867109693
geometry_1_00_focus4,6bba_32db13fc,6bba_32db13fc:115,union|6bba_32db13fc:115|74,0,-19.276864074384083
geometry_1_00_focus4,6bba_32db13fc,6bba_32db13fc:115,union|6bba_32db13fc:115|75,0,-24.423124336354483
geometry_1_00_focus4,6bba_32db13fc,6bba_32db13fc:115,union|6bba_32db13fc:115|76,0,-32.49581365917138
geometry_1_00_focus4,6bba_32db13fc,6bba_32db13fc:115,union|6bba_32db13fc:115|77,0,-27.687907162092387
geometry_1_00_focus4,6bba_32db13fc,6bba_32db13fc:115,union|6bba_32db13fc:115|78,0,-18.814994338743436
geometry_1_00_focus4,6bba_32db13fc,6bba_32db13fc:115,union|6bba_32db13fc:115|79,0,-32.83987429241779
geometry_1_00_focus4,6bba_32db13fc,6bba_32db13fc:115,union|6bba_32db13fc:115|80,0,-28.97362674685613
geometry_1_00_focus4,6bba_32db13fc,6bba_32db13fc:115,union|6bba_32db13fc:115|81,0,-39.44570481563174
geometry_1_00_focus4,6bba_32db13fc,6bba_32db13fc:115,union|6bba_32db13fc:115|82,0,-33.81443143451153
geometry_1_00_focus4,6bba_32db13fc,6bba_32db13fc:115,union|6bba_32db13fc:115|83,0,-29.733738095547338
geometry_1_00_focus4,6bba_32db13fc,6bba_32db13fc:115,union|6bba_32db13fc:115|84,0,-28.87214956755075
geometry_1_00_focus4,6bba_32db13fc,6bba_32db13fc:115,union|6bba_32db13fc:115|85,0,-23.313692859568565
geometry_1_00_focus4,6bba_32db13fc,6bba_32db13fc:115,union|6bba_32db13fc:115|86,0,-33.018341708109816
geometry_1_00_focus4,6bba_32db13fc,6bba_32db13fc:115,union|6bba_32db13fc:115|87,0,-37.33411367799058
geometry_1_00_focus4,6bba_32db13fc,6bba_32db13fc:115,union|6bba_32db13fc:115|88,0,-30.0775395014429
geometry_1_00_focus4,6bba_32db13fc,6bba_32db13fc:115,union|6bba_32db13fc:115|89,0,-34.95238862986249
geometry_1_00_focus4,6bba_32db13fc,6bba_32db13fc:115,union|6bba_32db13fc:115|90,0,-19.44889208827832
geometry_1_00_focus4,6bba_32db13fc,6bba_32db13fc:115,union|6bba_32db13fc:115|91,0,-34.56888430886023
geometry_1_00_focus4,6bba_32db13fc,6bba_32db13fc:115,union|6bba_32db13fc:115|92,0,-22.39131658459287
geometry_1_00_focus4,6bba_32db13fc,6bba_32db13fc:115,union|6bba_32db13fc:115|93,0,-29.832113999837368
geometry_1_00_focus4,6bba_32db13fc,6bba_32db13fc:115,union|6bba_32db13fc:115|94,0,-25.563398005778524
geometry_1_00_focus4,6bba_32db13fc,6bba_32db13fc:115,union|6bba_32db13fc:115|95,0,-32.94463005518052
geometry_1_00_focus4,6bba_32db13fc,6bba_32db13fc:115,union|6bba_32db13fc:115|96,0,-12.699716535592561
geometry_1_00_focus4,6bba_32db13fc,6bba_32db13fc:115,union|6bba_32db13fc:115|97,0,-29.947287494096805
geometry_1_00_focus4,6bba_32db13fc,6bba_32db13fc:115,union|6bba_32db13fc:115|98,0,-32.723404562244475
geometry_1_00_focus4,6bba_32db13fc,6bba_32db13fc:115,union|6bba_32db13fc:115|99,0,-37.52344758142042
geometry_1_00_focus4,6bba_32db13fc,6bba_32db13fc:115,union|6bba_32db13fc:115|100,0,-32.69736695538251
geometry_1_00_focus4,6bba_32db13fc,6bba_32db13fc:115,union|6bba_32db13fc:115|101,0,-26.293526572511066
geometry_1_00_focus4,6bba_32db13fc,6bba_32db13fc:115,union|6bba_32db13fc:115|102,0,-25.590525590538387
geometry_1_00_focus4,6bba_32db13fc,6bba_32db13fc:115,union|6bba_32db13fc:115|103,0,-30.313481274606666
geometry_1_00_focus4,6bba_32db13fc,6bba_32db13fc:115,union|6bba_32db13fc:115|104,0,-31.378503749468784
geometry_1_00_focus4,6bba_32db13fc,6bba_32db13fc:115,union|6bba_32db13fc:115|105,0,-34.32155221233535
geometry_1_00_focus4,6bba_32db13fc,6bba_32db13fc:115,union|6bba_32db13fc:115|106,0,-29.583668597692814
geometry_1_00_focus4,6bba_32db13fc,6bba_32db13fc:115,union|6bba_32db13fc:115|107,0,-22.366350952021094
geometry_1_00_focus4,6bba_32db13fc,6bba_32db13fc:115,union|6bba_32db13fc:115|108,0,-28.53362897704636
geometry_1_00_focus4,6bba_32db13fc,6bba_32db13fc:115,union|6bba_32db13fc:115|109,0,-26.560115249461916
geometry_1_00_focus4,6bba_32db13fc,6bba_32db13fc:115,union|6bba_32db13fc:115|110,0,-25.83832101064246
geometry_1_00_focus4,6bba_32db13fc,6bba_32db13fc:115,union|6bba_32db13fc:115|111,0,-26.04923932662696
geometry_1_00_focus4,6bba_32db13fc,6bba_32db13fc:115,union|6bba_32db13fc:115|112,0,-26.958057834723768
geometry_1_00_focus4,6bba_32db13fc,6bba_32db13fc:115,union|6bba_32db13fc:115|113,0,-33.15710341362646
geometry_1_00_focus4,6bba_32db13fc,6bba_32db13fc:115,union|6bba_32db13fc:115|114,0,-36.320143141170846
geometry_1_00_focus4,6bba_32db13fc,6bba_32db13fc:115,union|6bba_32db13fc:115|115,0,-29.44735991726613
geometry_1_00_focus4,6bba_32db13fc,6bba_32db13fc:115,union|6bba_32db13fc:115|116,0,-23.820522866774088
geometry_1_00_focus4,6bba_32db13fc,6bba_32db13fc:115,union|6bba_32db13fc:115|117,0,-33.3089654114345
geometry_1_00_focus4,6bba_32db13fc,6bba_32db13fc:115,union|6bba_32db13fc:115|118,0,-30.595030766839727
geometry_1_00_focus4,6bba_32db13fc,6bba_32db13fc:115,union|6bba_32db13fc:115|119,0,-25.09864142269566
geometry_1_00_focus4,6bba_32db13fc,6bba_32db13fc:115,union|6bba_32db13fc:115|120,0,-28.406476724369355
geometry_1_00_focus4,6bba_32db13fc,6bba_32db13fc:115,union|6bba_32db13fc:115|121,0,-27.902304056834147
geometry_1_00_focus4,6bba_32db13fc,6bba_32db13fc:115,union|6bba_32db13fc:115|122,0,-28.271192462713955
geometry_1_00_focus4,6bba_32db13fc,6bba_32db13fc:115,union|6bba_32db13fc:115|123,0,-29.540962721503185
geometry_1_00_focus4,6bba_32db13fc,6bba_32db13fc:115,union|6bba_32db13fc:115|124,0,-28.769568373255737
geometry_1_00_focus4,6bba_32db13fc,6bba_32db13fc:115,union|6bba_32db13fc:115|125,0,-35.27030392099755
geometry_1_00_focus4,6bba_32db13fc,6bba_32db13fc:115,union|6bba_32db13fc:115|126,0,-36.52781271285434
geometry_1_00_focus4,6bba_32db13fc,6bba_32db13fc:115,union|6bba_32db13fc:115|127,0,-38.40674912582871
geometry_1_00_focus4,6bba_32db13fc,6bba_32db13fc:115,union|6bba_32db13fc:115|128,0,-21.251801766456037
geometry_1_00_focus4,6bba_32db13fc,6bba_32db13fc:115,union|6bba_32db13fc:115|129,0,-38.09710381530634
geometry_1_00_focus4,6bba_32db13fc,6bba_32db13fc:115,union|6bba_32db13fc:115|130,0,-28.410639176165155
geometry_1_00_focus4,6bba_32db13fc,6bba_32db13fc:115,union|6bba_32db13fc:115|131,0,-33.46976185722308
geometry_1_00_focus4,6bba_32db13fc,6bba_32db13fc:115,union|6bba_32db13fc:115|132,0,-36.307815296169956
geometry_1_00_focus4,6bba_32db13fc,6bba_32db13fc:115,union|6bba_32db13fc:115|133,0,-41.05823437656619
geometry_1_00_focus4,6bba_32db13fc,6bba_32db13fc:115,union|6bba_32db13fc:115|134,0,-38.738460402268984
geometry_1_00_focus4,6bba_32db13fc,6bba_32db13fc:115,union|6bba_32db13fc:115|135,0,-33.494318798748694
geometry_1_00_focus4,6bba_32db13fc,6bba_32db13fc:115,union|6bba_32db13fc:115|136,0,-39.84574583209668
geometry_1_00_focus4,6bba_32db13fc,6bba_32db13fc:115,union|6bba_32db13fc:115|137,0,-32.83583647637261
geometry_1_00_focus4,6bba_32db13fc,6bba_32db13fc:115,union|6bba_32db13fc:115|138,0,-39.84398248347601
geometry_1_00_focus4,6bba_474be664,6bba_474be664:205,union|6bba_474be664:205|0,0,-28.107759316669163
geometry_1_00_focus4,6bba_474be664,6bba_474be664:205,union|6bba_474be664:205|1,0,-26.316934983632322
geometry_1_00_focus4,6bba_474be664,6bba_474be664:205,union|6bba_474be664:205|2,0,-29.39488215226512
geometry_1_00_focus4,6bba_474be664,6bba_474be664:205,union|6bba_474be664:205|3,0,-33.29110359332085
geometry_1_00_focus4,6bba_474be664,6bba_474be664:205,union|6bba_474be664:205|4,0,-32.690090539014655
geometry_1_00_focus4,6bba_474be664,6bba_474be664:205,union|6bba_474be664:205|5,0,-31.45520667182391
geometry_1_00_focus4,6bba_474be664,6bba_474be664:205,union|6bba_474be664:205|6,0,-26.747043676084925
geometry_1_00_focus4,6bba_474be664,6bba_474be664:205,union|6bba_474be664:205|7,0,-24.80551616871559
geometry_1_00_focus4,6bba_474be664,6bba_474be664:205,union|6bba_474be664:205|8,0,-34.57457104246719
geometry_1_00_focus4,6bba_474be664,6bba_474be664:205,union|6bba_474be664:205|9,0,-28.431388180577123
geometry_1_00_focus4,6bba_474be664,6bba_474be664:205,union|6bba_474be664:205|10,0,-32.83200496277912
geometry_1_00_focus4,6bba_474be664,6bba_474be664:205,union|6bba_474be664:205|11,0,-32.37336312235694
geometry_1_00_focus4,6bba_474be664,6bba_474be664:205,union|6bba_474be664:205|12,0,-33.131202458509875
geometry_1_00_focus4,6bba_474be664,6bba_474be664:205,union|6bba_474be664:205|13,0,-33.498271656777774
geometry_1_00_focus4,6bba_474be664,6bba_474be664:205,union|6bba_474be664:205|14,0,-34.84400514213879
geometry_1_00_focus4,6bba_474be664,6bba_474be664:205,union|6bba_474be664:205|15,0,-35.48705780441834
geometry_1_00_focus4,6bba_474be664,6bba_474be664:205,union|6bba_474be664:205|16,0,-29.40313215108911
geometry_1_00_focus4,6bba_474be664,6bba_474be664:205,union|6bba_474be664:205|17,0,-33.30017210657088
geometry_1_00_focus4,6bba_474be664,6bba_474be664:205,union|6bba_474be664:205|18,0,-28.051691370441397
geometry_1_00_focus4,6bba_474be664,6bba_474be664:205,union|6bba_474be664:205|19,0,-33.908565687064396
geometry_1_00_focus4,6bba_474be664,6bba_474be664:205,union|6bba_474be664:205|20,0,-33.09305016641652
geometry_1_00_focus4,6bba_474be664,6bba_474be664:205,union|6bba_474be664:205|21,0,-31.873895930415024
geometry_1_00_focus4,6bba_474be664,6bba_474be664:205,union|6bba_474be664:205|22,0,-24.591478195394494
geometry_1_00_focus4,6bba_474be664,6bba_474be664:205,union|6bba_474be664:205|23,0,-28.42062408356525
geometry_1_00_focus4,6bba_474be664,6bba_474be664:205,union|6bba_474be664:205|24,0,-25.433276348145437
geometry_1_00_focus4,6bba_474be664,6bba_474be664:205,union|6bba_474be664:205|25,0,-26.071941195311602
geometry_1_00_focus4,6bba_474be664,6bba_474be664:205,union|6bba_474be664:205|26,0,-25.029733240857723
geometry_1_00_focus4,6bba_474be664,6bba_474be664:205,union|6bba_474be664:205|27,0,-34.78021343601695
geometry_1_00_focus4,6bba_474be664,6bba_474be664:205,union|6bba_474be664:205|28,0,-26.437389815899408
geometry_1_00_focus4,6bba_474be664,6bba_474be664:205,union|6bba_474be664:205|29,0,-34.22683856035496
geometry_1_00_focus4,6bba_474be664,6bba_474be664:205,union|6bba_474be664:205|30,0,-32.993166061207795
geometry_1_00_focus4,6bba_474be664,6bba_474be664:205,union|6bba_474be664:205|31,0,-34.22683856035496
geometry_1_00_focus4,6bba_474be664,6bba_474be664:205,union|6bba_474be664:205|32,0,-22.152970069049577
geometry_1_00_focus4,6bba_474be664,6bba_474be664:205,union|6bba_474be664:205|33,0,-23.903340663070253
geometry_1_00_focus4,6bba_474be664,6bba_474be664:205,union|6bba_474be664:205|34,0,-30.991313383271176
geometry_1_00_focus4,6bba_474be664,6bba_474be664:205,union|6bba_474be664:205|35,0,-16.246748373633604
geometry_1_00_focus4,6bba_474be664,6bba_474be664:205,union|6bba_474be664:205|36,0,-29.40313215108911
geometry_1_00_focus4,6bba_474be664,6bba_474be664:205,union|6bba_474be664:205|37,1,-16.98102464381913
geometry_1_00_focus4,6bba_474be664,6bba_474be664:205,union|6bba_474be664:205|38,0,-25.53698792724672
geometry_1_00_focus4,6bba_474be664,6bba_474be664:205,union|6bba_474be664:205|39,0,-24.002000231296616
geometry_1_00_focus4,6bba_474be664,6bba_474be664:205,union|6bba_474be664:205|40,0,-31.18003910611943
geometry_1_00_focus4,6bba_474be664,6bba_474be664:205,union|6bba_474be664:205|41,0,-24.943848987128856
geometry_1_00_focus4,6bba_474be664,6bba_474be664:205,union|6bba_474be664:205|42,0,-24.31978586805045
geometry_1_00_focus4,6bba_474be664,6bba_474be664:205,union|6bba_474be664:205|43,0,-25.433276348145437
geometry_1_00_focus4,6bba_474be664,6bba_474be664:205,union|6bba_474be664:205|44,0,-35.15859436329845
geometry_1_00_focus4,6bba_474be664,6bba_474be664:205,union|6bba_474be664:205|45,0,-30.948769304128966
geometry_1_00_focus4,6bba_474be664,6bba_474be664:205,union|6bba_474be664:205|46,0,-38.3983762136571
geometry_1_00_focus4,6bba_474be664,6bba_474be664:205,union|6bba_474be664:205|47,0,-36.9015523737609
geometry_1_00_focus4,6bba_474be664,6bba_474be664:205,union|6bba_474be664:205|48,0,-29.748263777241874
geometry_1_00_focus4,6bba_474be664,6bba_474be664:205,union|6bba_474be664:205|49,0,-23.820522866774088
geometry_1_00_focus4,6bba_474be664,6bba_474be664:205,union|6bba_474be664:205|50,0,-21.019373768908537
geometry_1_00_focus4,6bba_474be664,6bba_474be664:205,union|6bba_474be664:205|51,0,-28.19016428540563
geometry_1_00_focus4,6bba_474be664,6bba_474be664:205,union|6bba_474be664:205|52,0,-21.16897251677392
geometry_1_00_focus4,6bba_474be664,6bba_474be664:205,union|6bba_474be664:205|53,0,-32.63091567083646
geometry_1_00_focus4,6bba_474be664,6bba_474be664:205,union|6bba_474be664:205|54,0,-29.845543425201917
geometry_1_00_focus4,6bba_474be664,6bba_474be664:205,union|6bba_474be664:205|55,0,-29.233979034294613
geometry_1_00_focus4,6bba_474be664,6bba_474be664:205,union|6bba_474be664:205|56,0,-34.1409543066261
geometry_1_00_focus4,6bba_474be664,6bba_474be664:205,union|6bba_474be664:205|57,0,-34.15283246161632
geometry_1_00_focus4,6bba_474be664,6bba_474be664:205,union|6bba_474be664:205|58,0,-38.57541177253378
geometry_1_00_focus4,6bba_474be664,6bba_474be664:205,union|6bba_474be664:205|59,0,-23.903340663070253
geometry_1_00_focus4,6bba_474be664,6bba_474be664:205,union|6bba_474be664:205|60,0,-26.01417530756512
geometry_1_00_focus4,6bba_474be664,6bba_474be664:205,union|6bba_474be664:205|61,0,-31.000049400429013
geometry_1_00_focus4,6bba_474be664,6bba_474be664:205,union|6bba_474be664:205|62,0,-23.903340663070253
geometry_1_00_focus4,6bba_474be664,6bba_474be664:205,union|6bba_474be664:205|63,0,-32.58769147950681
geometry_1_00_focus4,6bba_474be664,6bba_474be664:205,union|6bba_474be664:205|64,0,-32.30899874427599
geometry_1_00_focus4,6bba_474be664,6bba_474be664:205,union|6bba_474be664:205|65,0,-26.599432618227013
geometry_1_00_focus4,6bba_474be664,6bba_474be664:205,union|6bba_474be664:205|66,0,-33.33391665280914
geometry_1_00_focus4,6bba_474be664,6bba_474be664:205,union|6bba_474be664:205|67,0,-31.766949936203982
geometry_1_00_focus4,6bba_474be664,6bba_474be664:205,union|6bba_474be664:205|68,0,-28.858212288318192
geometry_1_00_focus4,6bba_474be664,6bba_474be664:205,union|6bba_474be664:205|69,0,-31.400677939501964
geometry_1_00_focus4,6bba_474be664,6bba_474be664:205,union|6bba_474be664:205|70,0,-21.769676696809217
geometry_1_00_focus4,6bba_474be664,6bba_474be664:205,union|6bba_474be664:205|71,0,-30.991313383271176
geometry_1_00_focus4,6bba_474be664,6bba_474be664:205,union|6bba_474be664:205|72,0,-30.485733648501366
geometry_1_00_focus4,6bba_474be664,6bba_474be664:205,union|6bba_474be664:205|73,0,-29.40313215108911
geometry_1_00_focus4,6bba_474be664,6bba_474be664:205,union|6bba_474be664:205|74,0,-36.073689670257586
geometry_1_00_focus4,6bba_474be664,6bba_474be664:205,union|6bba_474be664:205|75,0,-36.170531305733356
geometry_1_00_focus4,6bba_474be664,6bba_474be664:205,union|6bba_474be664:205|76,0,-30.403960695818576
geometry_1_00_focus4,6bba_474be664,6bba_474be664:205,union|6bba_474be664:205|77,0,-20.116085279669118
geometry_1_00_focus4,6bba_474be664,6bba_474be664:205,union|6bba_474be664:205|78,0,-25.14282490360143
geometry_1_00_focus4,6bba_474be664,6bba_474be664:205,union|6bba_474be664:205|79,0,-19.651724201905044
geometry_1_00_focus4,6bba_474be664,6bba_474be664:205,union|6bba_474be664:205|80,0,-30.596245914187094
geometry_1_00_focus4,6bba_474be664,6bba_474be664:205,union|6bba_474be664:205|81,0,-23.872946777049073
geometry_1_00_focus4,6bba_474be664,6bba_474be664:205,union|6bba_474be664:205|82,0,-19.723591790337892
geometry_1_00_focus4,6bba_474be664,6bba_474be664:205,union|6bba_474be664:205|83,0,-21.95843525089258
geometry_1_00_focus4,6bba_474be664,6bba_474be664:205,union|6bba_474be664:205|84,0,-31.498765192574556
geometry_1_00_focus4,6bba_474be664,6bba_474be664:205,union|6bba_474be664:205|85,0,-36.09160847503727
geometry_1_00_focus4,6bba_474be664,6bba_474be664:205,union|6bba_474be664:205|86,0,-33.792775609227675
geometry_1_00_focus4,6bba_474be664,6bba_474be664:205,union|6bba_474be664:205|87,0,-34.15148803449186
geometry_1_00_focus4,6bba_474be664,6bba_474be664:205,union|6bba_474be664:205|88,0,-29.142542866677644
geometry_1_00_focus4,6bba_474be664,6bba_474be664:205,union|6bba_474be664:205|89,0,-17.706523274934288
geometry_1_00_focus4,6bba_474be664,6bba_474be664:205,union|6bba_474be664:205|90,0,-27.473006094754524
geometry_1_00_focus4,6bba_474be664,6bba_474be664:205,union|6bba_474be664:205|91,0,-25.903091381577973
geometry_1_00_focus4,6bba_474be664,6bba_474be664:205,union|6bba_474be664:205|92,0,-32.240965128682916
geometry_1_00_focus4,6bba_474be664,6bba_474be664:205,union|6bba_474be664:205|93,0,-27.12545346899014
geometry_1_00_focus4,6bba_474be664,6bba_474be664:205,union|6bba_474be664:205|94,0,-25.042431337053138
geometry_1_00_focus4,6bba_474be664,6bba_474be664:205,union|6bba_474be664:205|95,0,-22.842093886379466
geometry_1_00_focus4,6bba_474be664,6bba_474be664:205,union|6bba_474be664:205|96,0,-21.54615560686276
geometry_1_00_focus4,6bba_474be664,6bba_474be664:205,union|6bba_474be664:205|97,0,-15.69382290104453
geometry_1_00_focus4,6bba_474be664,6bba_474be664:205,union|6bba_474be664:205|98,0,-21.432035025224245
geometry_1_00_focus4,6bba_474be664,6bba_474be664:205,union|6bba_474be664:205|99,0,-17.463858259127825
geometry_1_00_focus4,6bba_474be664,6bba_474be664:205,union|6bba_474be664:205|100,0,-28.125482134861173
geometry_1_00_focus4,6bba_474be664,6bba_474be664:205,union|6bba_474be664:205|101,0,-30.32849724791575
geometry_1_00_focus4,6bba_474be664,6bba_474be664:205,union|6bba_474be664:205|102,0,-29.3339306022678
geometry_1_00_focus4,6bba_474be664,6bba_474be664:205,union|6bba_474be664:205|103,0,-30.616825055654374
geometry_1_00_focus4,6bba_474be664,6bba_474be664:205,union|6bba_474be664:205|104,0,-35.96498384095089
geometry_1_00_focus4,6bba_474be664,6bba_474be664:205,union|6bba_474be664:205|105,0,-31.643340432163974
geometry_1_00_focus4,6bba_474be664,6bba_474be664:205,union|6bba_474be664:205|106,0,-23.316262496067992
geometry_1_00_focus4,6bba_474be664,6bba_474be664:205,union|6bba_474be664:205|107,0,-20.227169205656267
geometry_1_00_focus4,6bba_474be664,6bba_474be664:205,union|6bba_474be664:205|108,0,-27.18511371549414
geometry_1_00_focus4,6bba_474be664,6bba_474be664:205,union|6bba_474be664:205|109,0,-37.18422658388617
geometry_1_00_focus4,6bba_474be664,6bba_474be664:205,union|6bba_474be664:205|110,0,-24.819646470536608
geometry_1_00_focus4,6bba_474be664,6bba_474be664:205,union|6bba_474be664:205|111,0,-25.896431636254334
geometry_1_00_focus4,6bba_474be664,6bba_474be664:205,union|6bba_474be664:205|112,0,-25.970461445491992
geometry_1_00_focus4,6bba_474be664,6bba_474be664:205,union|6bba_474be664:205|113,0,-24.399095167553348
geometry_1_00_focus4,6bba_474be664,6bba_474be664:205,union|6bba_474be664:205|114,0,-20.51446103784835
geometry_1_00_focus4,6bba_474be664,6bba_474be664:205,union|6bba_474be664:205|115,0,-25.34739209441657
geometry_1_00_focus4,6bba_474be664,6bba_474be664:205,union|6bba_474be664:205|116,0,-34.262008084669944
geometry_1_00_focus4,6bba_474be664,6bba_474be664:205,union|6bba_474be664:205|117,0,-30.206634269235618
geometry_1_00_focus4,6bba_474be664,6bba_474be664:205,union|6bba_474be664:205|118,0,-23.200339681097574
geometry_1_00_focus4,6bba_474be664,6bba_474be664:205,union|6bba_474be664:205|119,0,-29.367076214445746
geometry_1_00_focus4,6bba_474be664,6bba_474be664:205,union|6bba_474be664:205|120,0,-21.08116950485747
geometry_1_00_focus4,6bba_474be664,6bba_474be664:205,union|6bba_474be664:205|121,0,-23.773967026490258
geometry_1_00_focus4,6bba_474be664,6bba_474be664:205,union|6bba_474be664:205|122,0,-32.33334433355891
geometry_1_00_focus4,6bba_474be664,6bba_474be664:205,union|6bba_474be664:205|123,0,-31.199740698288846
geometry_1_00_focus4,6bba_474be664,6bba_474be664:205,union|6bba_474be664:205|124,0,-28.707615955188672
geometry_1_00_focus4,6bba_474be664,6bba_474be664:205,union|6bba_474be664:205|125,0,-19.282096446506344
geometry_1_00_focus4,6bba_474be664,6bba_474be664:205,union|6bba_474be664:205|126,0,-16.717219396453284
geometry_1_00_focus4,6bba_474be664,6bba_474be664:205,union|6bba_474be664:205|127,0,-28.125482134861173
geometry_1_00_focus4,6bba_474be664,6bba_474be664:205,union|6bba_474be664:205|128,0,-34.34069758560379
geometry_1_00_focus4,6bba_474be664,6bba_474be664:205,union|6bba_474be664:205|129,0,-35.00993538722963
geometry_1_00_focus4,6bba_474be664,6bba_474be664:205,union|6bba_474be664:205|130,0,-28.63981915220679
geometry_1_00_focus4,6bba_474be664,6bba_474be664:205,union|6bba_474be664:205|131,0,-32.98021806004361
geometry_1_00_focus4,6bba_474be664,6bba_474be664:205,union|6bba_474be664:205|132,0,-19.43169519437172
geometry_1_00_focus4,6bba_474be664,6bba_474be664:205,union|6bba_474be664:205|133,0,-30.13467390570147
geometry_1_00_focus4,6bba_474be664,6bba_474be664:205,union|6bba_474be664:205|134,0,-29.951166193940583
geometry_1_00_focus4,6bba_474be664,6bba_474be664:205,union|6bba_474be664:205|135,0,-27.40650104962497
geometry_1_00_focus4,6bba_474be664,6bba_474be664:205,union|6bba_474be664:205|136,0,-22.03026598122068
geometry_1_00_focus4,6bba_474be664,6bba_474be664:205,union|6bba_474be664:205|137,0,-36.89577187602656
geometry_1_00_focus4,6bba_474be664,6bba_474be664:205,union|6bba_474be664:205|138,0,-35.19213300842553
geometry_1_00_focus4,6bba_474be664,6bba_474be664:205,union|6bba_474be664:205|139,0,-23.297491296410797
geometry_1_00_focus4,6bba_474be664,6bba_474be664:205,union|6bba_474be664:205|140,0,-35.79375192770674
geometry_1_00_focus4,6bba_474be664,6bba_474be664:205,union|6bba_474be664:205|141,0,-24.048120293308756
geometry_1_00_focus4,6bba_474be664,6bba_474be664:205,union|6bba_474be664:205|142,0,-29.444837004028177
geometry_1_00_focus4,6bba_474be664,6bba_474be664:205,union|6bba_474be664:205|143,0,-41.99654255804596
geometry_1_00_focus4,6bba_5c039895,6bba_5c039895:121,union|6bba_5c039895:121|0,0,-25.007449009773502
geometry_1_00_focus4,6bba_5c039895,6bba_5c039895:121,union|6bba_5c039895:121|1,0,-30.682659292104198
geometry_1_00_focus4,6bba_5c039895,6bba_5c039895:121,union|6bba_5c039895:121|2,0,-28.220725431178728
geometry_1_00_focus4,6bba_5c039895,6bba_5c039895:121,union|6bba_5c039895:121|3,0,-25.086210625460126
geometry_1_00_focus4,6bba_5c039895,6bba_5c039895:121,union|6bba_5c039895:121|4,0,-30.247020425863077
geometry_1_00_focus4,6bba_5c039895,6bba_5c039895:121,union|6bba_5c039895:121|5,0,-24.496556821490202
geometry_1_00_focus4,6bba_5c039895,6bba_5c039895:121,union|6bba_5c039895:121|6,0,-24.663036654796038
geometry_1_00_focus4,6bba_5c039895,6bba_5c039895:121,union|6bba_5c039895:121|7,1,-14.864812113451137
geometry_1_00_focus4,6bba_5c039895,6bba_5c039895:121,union|6bba_5c039895:121|8,0,-31.000049400429013
geometry_1_00_focus4,6bba_5c039895,6bba_5c039895:121,union|6bba_5c039895:121|9,0,-20.392660216191924
geometry_1_00_focus4,6bba_5c039895,6bba_5c039895:121,union|6bba_5c039895:121|10,0,-22.24915658883544
geometry_1_00_focus4,6bba_5c039895,6bba_5c039895:121,union|6bba_5c039895:121|11,0,-26.699826184775308
geometry_1_00_focus4,6bba_5c039895,6bba_5c039895:680,union|6bba_5c039895:680|0,0,-26.28616317151584
geometry_1_00_focus4,6bba_5c039895,6bba_5c039895:680,union|6bba_5c039895:680|1,0,-24.183594321331775
geometry_1_00_focus4,6bba_5c039895,6bba_5c039895:680,union|6bba_5c039895:680|2,0,-21.62199395120672
geometry_1_00_focus4,6bba_5c039895,6bba_5c039895:680,union|6bba_5c039895:680|3,0,-32.166655061441446
geometry_1_00_focus4,6bba_5c039895,6bba_5c039895:680,union|6bba_5c039895:680|4,0,-34.49537375294311
geometry_1_00_focus4,6bba_5c039895,6bba_5c039895:680,union|6bba_5c039895:680|5,1,-19.376152956855325
geometry_1_00_focus4,6bba_5c039895,6bba_5c039895:680,union|6bba_5c039895:680|6,0,-26.390988226447924
geometry_1_00_focus4,6bba_5c039895,6bba_5c039895:680,union|6bba_5c039895:680|7,0,-28.220725431178728
geometry_1_00_focus4,6bba_705ec2c9,6bba_705ec2c9:250,union|6bba_705ec2c9:250|0,0,-26.566262496067992
geometry_1_00_focus4,6bba_705ec2c9,6bba_705ec2c9:250,union|6bba_705ec2c9:250|1,0,-27.01089255124851
geometry_1_00_focus4,6bba_705ec2c9,6bba_705ec2c9:250,union|6bba_705ec2c9:250|2,0,-29.816262496067992
geometry_1_00_focus4,6bba_705ec2c9,6bba_705ec2c9:250,union|6bba_705ec2c9:250|3,0,-23.24693926872054
geometry_1_00_focus4,6bba_705ec2c9,6bba_705ec2c9:250,union|6bba_705ec2c9:250|4,0,-19.928547344589727
geometry_1_00_focus4,6bba_705ec2c9,6bba_705ec2c9:250,union|6bba_705ec2c9:250|5,0,-12.585386702076857
geometry_1_00_focus4,6bba_705ec2c9,6bba_705ec2c9:250,union|6bba_705ec2c9:250|6,0,-26.10909463632494
geometry_1_00_focus4,6bba_705ec2c9,6bba_705ec2c9:250,union|6bba_705ec2c9:250|7,0,-29.053493576064845
geometry_1_00_focus4,6bba_705ec2c9,6bba_705ec2c9:250,union|6bba_705ec2c9:250|8,1,-18.82168550430324
geometry_1_00_focus4,6bba_705ec2c9,6bba_705ec2c9:250,union|6bba_705ec2c9:250|9,0,-22.526796822574244
geometry_1_00_focus4,6bba_705ec2c9,6bba_705ec2c9:250,union|6bba_705ec2c9:250|10,0,-29.03753008221843
geometry_1_00_focus4,6bba_705ec2c9,6bba_705ec2c9:250,union|6bba_705ec2c9:250|11,0,-27.217810557013625
geometry_1_00_focus4,6bba_705ec2c9,6bba_705ec2c9:250,union|6bba_705ec2c9:250|12,0,-24.06745123321806
geometry_1_00_focus4,6bba_705ec2c9,6bba_705ec2c9:250,union|6bba_705ec2c9:250|13,0,-37.7757899742451
geometry_1_00_focus4,6bba_7af54fde,6bba_7af54fde:556,union|6bba_7af54fde:556|0,0,-31.836379597399144
geometry_1_00_focus4,6bba_7af54fde,6bba_7af54fde:556,union|6bba_7af54fde:556|1,1,-27.054579924781393
geometry_1_00_focus4,6bba_7af54fde,6bba_7af54fde:556,union|6bba_7af54fde:556|2,0,-31.394237901441038
geometry_1_00_focus4,6bba_7af54fde,6bba_7af54fde:556,union|6bba_7af54fde:556|3,0,-29.503168348938345
geometry_1_00_focus4,6bba_7af54fde,6bba_7af54fde:556,union|6bba_7af54fde:556|4,0,-24.632918219416307
geometry_1_00_focus4,6bba_7af54fde,6bba_7af54fde:556,union|6bba_7af54fde:556|5,0,-25.68342424781992
geometry_1_00_focus4,6bba_7af54fde,6bba_7af54fde:556,union|6bba_7af54fde:556|6,0,-26.48023795648599
geometry_1_00_focus4,6bba_7af54fde,6bba_7af54fde:556,union|6bba_7af54fde:556|7,0,-28.77034197623862
geometry_1_00_focus4,6bba_7af54fde,6bba_7af54fde:556,union|6bba_7af54fde:556|8,0,-24.170262795269196
geometry_1_00_focus4,6bba_7af54fde,6bba_7af54fde:556,union|6bba_7af54fde:556|9,0,-26.302731248518576
geometry_1_00_focus4,6bba_7af54fde,6bba_7af54fde:556,union|6bba_7af54fde:556|10,0,-25.163582233137674
geometry_1_00_focus4,6bba_7af54fde,6bba_7af54fde:556,union|6bba_7af54fde:556|11,0,-33.22233950362391
geometry_1_00_focus4,6bba_7af54fde,6bba_7af54fde:556,union|6bba_7af54fde:556|12,0,-29.760760872248838
geometry_1_00_focus4,6bba_7af54fde,6bba_7af54fde:556,union|6bba_7af54fde:556|13,0,-17.76900306516034
geometry_1_00_focus4,6bba_7af54fde,6bba_7af54fde:556,union|6bba_7af54fde:556|14,0,-30.244706190298395
geometry_1_00_focus4,6bba_7af54fde,6bba_7af54fde:556,union|6bba_7af54fde:556|15,0,-34.54935093363842
geometry_1_00_focus4,6bba_7af54fde,6bba_7af54fde:556,union|6bba_7af54fde:556|16,0,-28.858212288318192
geometry_1_00_focus4,6bba_7af54fde,6bba_7af54fde:556,union|6bba_7af54fde:556|17,0,-20.840780565729922
geometry_1_00_focus4,6bba_7af54fde,6bba_7af54fde:590,union|6bba_7af54fde:590|0,0,-32.09503463441243
geometry_1_00_focus4,6bba_7af54fde,6bba_7af54fde:590,union|6bba_7af54fde:590|1,0,-28.42452421927988
geometry_1_00_focus4,6bba_7af54fde,6bba_7af54fde:590,union|6bba_7af54fde:590|2,0,-29.142542866677644
geometry_1_00_focus4,6bba_7af54fde,6bba_7af54fde:590,union|6bba_7af54fde:590|3,0,-32.671887917668975
geometry_1_00_focus4,6bba_7af54fde,6bba_7af54fde:590,union|6bba_7af54fde:590|4,0,-32.11417266244375
geometry_1_00_focus4,6bba_7af54fde,6bba_7af54fde:590,union|6bba_7af54fde:590|5,0,-32.77356614283809
geometry_1_00_focus4,6bba_7af54fde,6bba_7af54fde:590,union|6bba_7af54fde:590|6,0,-22.107580965628074
geometry_1_00_focus4,6bba_7af54fde,6bba_7af54fde:590,union|6bba_7af54fde:590|7,0,-21.652402395547234
geometry_1_00_focus4,6bba_7af54fde,6bba_7af54fde:590,union|6bba_7af54fde:590|8,0,-23.41871675621301
geometry_1_00_focus4,6bba_7af54fde,6bba_7af54fde:590,union|6bba_7af54fde:590|9,0,-28.877367377606614
geometry_1_00_focus4,6bba_7af54fde,6bba_7af54fde:590,union|6bba_7af54fde:590|10,1,-26.179925371866396
geometry_1_00_focus4,6bba_7af54fde,6bba_7af54fde:590,union|6bba_7af54fde:590|11,0,-35.474881325571815
geometry_1_00_focus4,6bba_7af54fde,6bba_7af54fde:590,union|6bba_7af54fde:590|12,0,-18.50089281159357
geometry_1_00_focus4,6bba_7af54fde,6bba_7af54fde:590,union|6bba_7af54fde:590|13,0,-23.52681120651267
geometry_1_00_focus4,6bba_7af54fde,6bba_7af54fde:590,union|6bba_7af54fde:590|14,0,-23.972347034567886
geometry_1_00_focus4,6bba_7af54fde,6bba_7af54fde:590,union|6bba_7af54fde:590|15,0,-28.42452421927988
geometry_1_00_focus4,6bba_7af54fde,6bba_7af54fde:590,union|6bba_7af54fde:590|16,0,-6.395887691711344
geometry_1_00_focus4,6bba_7af54fde,6bba_7af54fde:590,union|6bba_7af54fde:590|17,0,-26.464126828597383
geometry_1_00_focus4,6bba_7af54fde,6bba_7af54fde:590,union|6bba_7af54fde:590|18,0,-14.89194071263486
geometry_1_00_focus4,6bba_7af54fde,6bba_7af54fde:590,union|6bba_7af54fde:590|19,0,-26.460640399230755
geometry_1_00_focus4,6bba_7af54fde,6bba_7af54fde:590,union|6bba_7af54fde:590|20,0,-31.11605659426209
geometry_1_00_focus4,6bba_7af54fde,6bba_7af54fde:590,union|6bba_7af54fde:590|21,0,-21.876382814061323
geometry_1_00_focus4,6bba_7af54fde,6bba_7af54fde:590,union|6bba_7af54fde:590|22,0,-35.20521392973596
geometry_1_00_focus4,6bba_7af54fde,6bba_7af54fde:590,union|6bba_7af54fde:590|23,0,-27.286316406395976
geometry_1_00_focus4,6bba_7af54fde,6bba_7af54fde:590,union|6bba_7af54fde:590|24,0,-30.2414586644797
geometry_1_00_focus4,6bba_7af54fde,6bba_7af54fde:590,union|6bba_7af54fde:590|25,0,-26.97433582000292
geometry_1_00_focus4,6bba_7af54fde,6bba_7af54fde:590,union|6bba_7af54fde:590|26,0,-30.644726230673676
geometry_1_00_focus4,6bba_7af54fde,6bba_7af54fde:590,union|6bba_7af54fde:590|27,0,-27.670809655063607
geometry_1_00_focus4,6bba_7af54fde,6bba_7af54fde:590,union|6bba_7af54fde:590|28,0,-34.258275059172284
geometry_1_00_focus4,6bba_7af54fde,6bba_7af54fde:590,union|6bba_7af54fde:590|29,0,-32.697942693009814
geometry_1_00_focus4,6bba_7af54fde,6bba_7af54fde:590,union|6bba_7af54fde:590|30,0,-30.848039453348186
geometry_1_00_focus4,6bba_907271db,6bba_907271db:902,union|6bba_907271db:902|0,1,-22.973560606365485
geometry_1_00_focus4,6bba_afb141ff,6bba_afb141ff:115,union|6bba_afb141ff:115|0,1,-23.632372475897917
geometry_1_00_focus4,6bba_afb141ff,6bba_afb141ff:115,union|6bba_afb141ff:115|1,0,-23.222859358261086
geometry_1_00_focus4,6bba_afb141ff,6bba_afb141ff:115,union|6bba_afb141ff:115|2,0,-27.510263644742494
geometry_1_00_focus4,6bba_afb141ff,6bba_afb141ff:115,union|6bba_afb141ff:115|3,0,-28.108266102799718
geometry_1_00_focus4,6bba_afb141ff,6bba_afb141ff:115,union|6bba_afb141ff:115|4,0,-19.465033909476837
geometry_1_00_focus4,6bba_afb141ff,6bba_afb141ff:115,union|6bba_afb141ff:115|5,0,-32.73712267238861
geometry_1_00_focus4,6bba_afb141ff,6bba_afb141ff:115,union|6bba_afb141ff:115|6,0,-17.02549155945895
geometry_1_00_focus4,6bba_afb141ff,6bba_afb141ff:115,union|6bba_afb141ff:115|7,0,-23.32066376436224
geometry_1_00_focus4,6bba_afb141ff,6bba_afb141ff:115,union|6bba_afb141ff:115|8,0,-24.97586687101551
geometry_1_00_focus4,6bba_afb141ff,6bba_afb141ff:115,union|6bba_afb141ff:115|9,0,-30.045220189065283
geometry_1_00_focus4,6bba_afb141ff,6bba_afb141ff:115,union|6bba_afb141ff:115|10,0,-18.974951321811048
geometry_1_00_focus4,6bba_afb141ff,6bba_afb141ff:115,union|6bba_afb141ff:115|11,0,-25.374491280422387
geometry_1_00_focus4,6bba_afb141ff,6bba_afb141ff:115,union|6bba_afb141ff:115|12,0,-32.277062420466436
geometry_1_00_focus4,6bba_afb141ff,6bba_afb141ff:115,union|6bba_afb141ff:115|13,0,-30.719394777391972
geometry_1_00_focus4,6bba_afb141ff,6bba_afb141ff:115,union|6bba_afb141ff:115|14,0,-32.36701914767365
geometry_1_00_focus4,6bba_afb141ff,6bba_afb141ff:115,union|6bba_afb141ff:115|15,0,-15.124095657718556
geometry_1_00_focus4,6bba_afb141ff,6bba_afb141ff:115,union|6bba_afb141ff:115|16,0,-29.674138742150298
geometry_1_00_focus4,6bba_afb141ff,6bba_afb141ff:115,union|6bba_afb141ff:115|17,0,-31.49477817270125
geometry_1_00_focus4,6bba_afb141ff,6bba_afb141ff:304,union|6bba_afb141ff:304|0,0,-33.89426683660338
geometry_1_00_focus4,6bba_afb141ff,6bba_afb141ff:304,union|6bba_afb141ff:304|1,1,-20.37612821943509
geometry_1_00_focus4,6bba_afb141ff,6bba_afb141ff:304,union|6bba_afb141ff:304|2,0,-28.603057052364946
geometry_1_00_focus4,6bba_afb141ff,6bba_afb141ff:304,union|6bba_afb141ff:304|3,0,-28.23809568845647
geometry_1_00_focus4,6bba_afb141ff,6bba_afb141ff:304,union|6bba_afb141ff:304|4,0,-33.42100146846732
geometry_1_00_focus4,6bba_afb141ff,6bba_afb141ff:304,union|6bba_afb141ff:304|5,0,-31.06100868348372
geometry_1_00_focus4,6bba_d1acb6ff,6bba_d1acb6ff:414,union|6bba_d1acb6ff:414|0,1,-13.526878757810895
geometry_1_00_focus4,6bba_d1acb6ff,6bba_d1acb6ff:414,union|6bba_d1acb6ff:414|1,0,-33.55512302094881
geometry_1_00_focus4,6bba_d1acb6ff,6bba_d1acb6ff:414,union|6bba_d1acb6ff:414|2,0,-28.301474031962663
geometry_1_00_focus4,6bba_d1acb6ff,6bba_d1acb6ff:414,union|6bba_d1acb6ff:414|3,0,-23.417266038081983
geometry_1_00_focus4,6bba_d1acb6ff,6bba_d1acb6ff:414,union|6bba_d1acb6ff:414|4,0,-30.566655723348312
geometry_1_00_focus4,6bba_d1acb6ff,6bba_d1acb6ff:414,union|6bba_d1acb6ff:414|5,0,-28.65215499551128
geometry_1_00_focus4,6bba_d1acb6ff,6bba_d1acb6ff:414,union|6bba_d1acb6ff:414|6,0,-23.670303086211792
geometry_1_00_focus4,6bba_d1acb6ff,6bba_d1acb6ff:414,union|6bba_d1acb6ff:414|7,0,-28.566771824216573
geometry_1_00_focus4,6bba_d1acb6ff,6bba_d1acb6ff:414,union|6bba_d1acb6ff:414|8,0,-26.20057962558019
geometry_1_00_focus4,6bba_d1acb6ff,6bba_d1acb6ff:414,union|6bba_d1acb6ff:414|9,0,-22.159161639509176
geometry_1_00_focus4,6bba_d1acb6ff,6bba_d1acb6ff:414,union|6bba_d1acb6ff:414|10,0,-22.7088284781729
geometry_1_00_focus4,6bba_d1acb6ff,6bba_d1acb6ff:414,union|6bba_d1acb6ff:414|11,0,-27.043267131131067
geometry_1_00_focus4,6bba_d1acb6ff,6bba_d1acb6ff:414,union|6bba_d1acb6ff:414|12,0,-32.72013888065602
geometry_1_00_focus4,6bba_d1acb6ff,6bba_d1acb6ff:414,union|6bba_d1acb6ff:414|13,0,-28.171741941494783
geometry_1_00_focus4,6bba_d1acb6ff,6bba_d1acb6ff:414,union|6bba_d1acb6ff:414|14,0,-26.214802168883228
geometry_1_00_focus4,6bba_d1acb6ff,6bba_d1acb6ff:414,union|6bba_d1acb6ff:414|15,0,-21.706002633815437
geometry_1_00_focus4,6bba_d1acb6ff,6bba_d1acb6ff:414,union|6bba_d1acb6ff:414|16,0,-33.82690832004968
geometry_1_00_focus4,6bba_d1acb6ff,6bba_d1acb6ff:414,union|6bba_d1acb6ff:414|17,0,-29.152688138118677
geometry_1_00_focus4,6bba_d1acb6ff,6bba_d1acb6ff:414,union|6bba_d1acb6ff:414|18,0,-35.09503460395449
geometry_1_00_focus4,6bba_d1acb6ff,6bba_d1acb6ff:414,union|6bba_d1acb6ff:414|19,0,-26.32796030437822
geometry_1_00_focus4,6bba_d1acb6ff,6bba_d1acb6ff:414,union|6bba_d1acb6ff:414|20,0,-20.13834122765155
geometry_1_00_focus4,6bba_d1acb6ff,6bba_d1acb6ff:414,union|6bba_d1acb6ff:414|21,0,-26.26735452076658
geometry_1_00_focus4,6bba_d1acb6ff,6bba_d1acb6ff:414,union|6bba_d1acb6ff:414|22,0,-26.189919500590186
geometry_1_00_focus4,6bba_d1acb6ff,6bba_d1acb6ff:414,union|6bba_d1acb6ff:414|23,0,-19.306888586316074
geometry_1_00_focus4,6bba_d1acb6ff,6bba_d1acb6ff:414,union|6bba_d1acb6ff:414|24,0,-25.050010701736333
geometry_1_00_focus4,6bba_d1acb6ff,6bba_d1acb6ff:414,union|6bba_d1acb6ff:414|25,0,-25.35801371155405
geometry_1_00_focus4,6bba_e16ffc58,6bba_e16ffc58:331,union|6bba_e16ffc58:331|0,0,-15.338038803467114
geometry_1_00_focus4,6bba_e16ffc58,6bba_e16ffc58:331,union|6bba_e16ffc58:331|1,0,-24.806383603915567
geometry_1_00_focus4,6bba_e16ffc58,6bba_e16ffc58:331,union|6bba_e16ffc58:331|2,0,-10.013701197773617
geometry_1_00_focus4,6bba_e16ffc58,6bba_e16ffc58:331,union|6bba_e16ffc58:331|3,0,-18.49911231295097
geometry_1_00_focus4,6bba_e16ffc58,6bba_e16ffc58:331,union|6bba_e16ffc58:331|4,0,-25.61038898000366
geometry_1_00_focus4,6bba_e16ffc58,6bba_e16ffc58:331,union|6bba_e16ffc58:331|5,0,-23.261601083277522
geometry_1_00_focus4,6bba_e16ffc58,6bba_e16ffc58:331,union|6bba_e16ffc58:331|6,0,-21.416744698365363
geometry_1_00_focus4,6bba_e16ffc58,6bba_e16ffc58:331,union|6bba_e16ffc58:331|7,0,-18.076562407533437
geometry_1_00_focus4,6bba_e16ffc58,6bba_e16ffc58:331,union|6bba_e16ffc58:331|8,1,-19.934232881179675
geometry_1_00_focus4,6bba_e16ffc58,6bba_e16ffc58:331,union|6bba_e16ffc58:331|9,0,-20.712228644213248
geometry_1_00_focus4,6bba_e16ffc58,6bba_e16ffc58:331,union|6bba_e16ffc58:331|10,0,-27.393433310453084
geometry_1_00_focus4,6bba_e16ffc58,6bba_e16ffc58:331,union|6bba_e16ffc58:331|11,0,-27.924986923659457
geometry_1_00_focus4,6bba_e16ffc58,6bba_e16ffc58:331,union|6bba_e16ffc58:331|12,0,-23.714660355164316
geometry_1_00_focus4,6bba_e16ffc58,6bba_e16ffc58:331,union|6bba_e16ffc58:331|13,0,-29.53261029185488
geometry_1_00_focus4,6bba_e16ffc58,6bba_e16ffc58:331,union|6bba_e16ffc58:331|14,0,-29.123245735624096
geometry_1_00_focus4,6bba_e16ffc58,6bba_e16ffc58:331,union|6bba_e16ffc58:331|15,0,-33.36366788976823
geometry_1_00_focus4,6bba_e16ffc58,6bba_e16ffc58:331,union|6bba_e16ffc58:331|16,0,-33.01373370425217
geometry_1_00_focus4,6bba_e16ffc58,6bba_e16ffc58:331,union|6bba_e16ffc58:331|17,0,-32.16945994461634
geometry_1_00_focus4,6bba_e16ffc58,6bba_e16ffc58:331,union|6bba_e16ffc58:331|18,0,-17.79512250688031
geometry_1_00_focus4,6bba_e16ffc58,6bba_e16ffc58:331,union|6bba_e16ffc58:331|19,0,-27.035591828039053
geometry_1_00_focus4,6bba_e16ffc58,6bba_e16ffc58:331,union|6bba_e16ffc58:331|20,0,-25.44952272279894
geometry_1_00_focus4,6bba_e16ffc58,6bba_e16ffc58:331,union|6bba_e16ffc58:331|21,0,-22.489696135107078
geometry_1_00_focus4,6bba_e16ffc58,6bba_e16ffc58:331,union|6bba_e16ffc58:331|22,0,-27.673991751593352
geometry_1_00_focus4,6bba_e16ffc58,6bba_e16ffc58:331,union|6bba_e16ffc58:331|23,0,-33.91290535943602
geometry_1_00_focus4,6bba_e16ffc58,6bba_e16ffc58:331,union|6bba_e16ffc58:331|24,0,-21.653847699904926
geometry_1_00_focus4,6bba_e16ffc58,6bba_e16ffc58:331,union|6bba_e16ffc58:331|25,0,-31.4072759862022
geometry_1_00_focus4,6bba_e16ffc58,6bba_e16ffc58:331,union|6bba_e16ffc58:331|26,0,-21.862165261361362
geometry_1_00_focus4,6bba_e16ffc58,6bba_e16ffc58:331,union|6bba_e16ffc58:331|27,0,-32.039900857423255
geometry_1_00_focus4,6bba_fe670320,6bba_fe670320:4,union|6bba_fe670320:4|0,1,-19.565072623540082
geometry_1_00_focus4,6bba_fe670320,6bba_fe670320:4,union|6bba_fe670320:4|1,0,-15.834103594847164
geometry_1_00_focus4,6bba_fe670320,6bba_fe670320:4,union|6bba_fe670320:4|2,0,-14.785906709588275
geometry_1_00_focus4,6bba_fe670320,6bba_fe670320:519,union|6bba_fe670320:519|0,0,-25.16014851982367
geometry_1_00_focus4,6bba_fe670320,6bba_fe670320:519,union|6bba_fe670320:519|1,0,-33.7593171295122
geometry_1_00_focus4,6bba_fe670320,6bba_fe670320:519,union|6bba_fe670320:519|2,0,-32.43021250236038
geometry_1_00_focus4,6bba_fe670320,6bba_fe670320:519,union|6bba_fe670320:519|3,1,-20.547854345288382
geometry_1_00_focus4,6bba_fe670320,6bba_fe670320:519,union|6bba_fe670320:519|4,0,-17.50178562318714
geometry_1_00_focus4,6bba_fe670320,6bba_fe670320:519,union|6bba_fe670320:519|5,0,-25.896431636254334
geometry_1_00_focus4,6bba_fe670320,6bba_fe670320:519,union|6bba_fe670320:519|6,0,-32.49734073136517
geometry_1_00_focus4,6bba_fe670320,6bba_fe670320:519,union|6bba_fe670320:519|7,0,-17.036799521181845
oof_logistic_3feat,44b6_2a2eff9f,44b6_2a2eff9f:13,union|44b6_2a2eff9f:13|0,0,0.2951286503526438
oof_logistic_3feat,44b6_2a2eff9f,44b6_2a2eff9f:13,union|44b6_2a2eff9f:13|1,0,0.39918972336093844
oof_logistic_3feat,44b6_2a2eff9f,44b6_2a2eff9f:13,union|44b6_2a2eff9f:13|2,0,0.29430043171197656
oof_logistic_3feat,44b6_2a2eff9f,44b6_2a2eff9f:13,union|44b6_2a2eff9f:13|3,0,0.3977061955178588
oof_logistic_3feat,44b6_2a2eff9f,44b6_2a2eff9f:13,union|44b6_2a2eff9f:13|4,0,0.17896019481444422
oof_logistic_3feat,44b6_2a2eff9f,44b6_2a2eff9f:13,union|44b6_2a2eff9f:13|5,0,0.43413823866754014
oof_logistic_3feat,44b6_2a2eff9f,44b6_2a2eff9f:13,union|44b6_2a2eff9f:13|6,0,0.3934285811043756
oof_logistic_3feat,44b6_2a2eff9f,44b6_2a2eff9f:13,union|44b6_2a2eff9f:13|7,0,0.06778231359966541
oof_logistic_3feat,44b6_2a2eff9f,44b6_2a2eff9f:13,union|44b6_2a2eff9f:13|8,0,0.021307616715366875
oof_logistic_3feat,44b6_2a2eff9f,44b6_2a2eff9f:13,union|44b6_2a2eff9f:13|9,0,0.3142222301088577
oof_logistic_3feat,44b6_2a2eff9f,44b6_2a2eff9f:13,union|44b6_2a2eff9f:13|10,0,0.3343603706140549
oof_logistic_3feat,44b6_2a2eff9f,44b6_2a2eff9f:13,union|44b6_2a2eff9f:13|11,0,0.3539841352816641
oof_logistic_3feat,44b6_2a2eff9f,44b6_2a2eff9f:13,union|44b6_2a2eff9f:13|12,0,0.2515761364794573
oof_logistic_3feat,44b6_2a2eff9f,44b6_2a2eff9f:13,union|44b6_2a2eff9f:13|13,0,0.2988345229838815
oof_logistic_3feat,44b6_2a2eff9f,44b6_2a2eff9f:13,union|44b6_2a2eff9f:13|14,0,0.023960806158034312
oof_logistic_3feat,44b6_2a2eff9f,44b6_2a2eff9f:13,union|44b6_2a2eff9f:13|15,0,0.06512509000441762
oof_logistic_3feat,44b6_2a2eff9f,44b6_2a2eff9f:13,union|44b6_2a2eff9f:13|16,0,0.3867480754287806
oof_logistic_3feat,44b6_2a2eff9f,44b6_2a2eff9f:13,union|44b6_2a2eff9f:13|17,0,0.3560624923221451
oof_logistic_3feat,44b6_2a2eff9f,44b6_2a2eff9f:13,union|44b6_2a2eff9f:13|18,0,0.18847497823582865
oof_logistic_3feat,44b6_2a2eff9f,44b6_2a2eff9f:13,union|44b6_2a2eff9f:13|19,0,0.7586356131217328
oof_logistic_3feat,44b6_2a2eff9f,44b6_2a2eff9f:13,union|44b6_2a2eff9f:13|20,0,0.0957674361404917
oof_logistic_3feat,44b6_2a2eff9f,44b6_2a2eff9f:13,union|44b6_2a2eff9f:13|21,0,0.8292200312780609
oof_logistic_3feat,44b6_2a2eff9f,44b6_2a2eff9f:13,union|44b6_2a2eff9f:13|22,0,0.025863926855220064
oof_logistic_3feat,44b6_2a2eff9f,44b6_2a2eff9f:13,union|44b6_2a2eff9f:13|23,0,0.3347948445877887
oof_logistic_3feat,44b6_2a2eff9f,44b6_2a2eff9f:13,union|44b6_2a2eff9f:13|24,0,0.028131953166214693
oof_logistic_3feat,44b6_2a2eff9f,44b6_2a2eff9f:13,union|44b6_2a2eff9f:13|25,0,0.3134971386879673
oof_logistic_3feat,44b6_2a2eff9f,44b6_2a2eff9f:13,union|44b6_2a2eff9f:13|26,0,0.1472404660408747
oof_logistic_3feat,44b6_2a2eff9f,44b6_2a2eff9f:13,union|44b6_2a2eff9f:13|27,0,0.2747962499621829
oof_logistic_3feat,44b6_2a2eff9f,44b6_2a2eff9f:13,union|44b6_2a2eff9f:13|28,0,0.0868262724342435
oof_logistic_3feat,44b6_2a2eff9f,44b6_2a2eff9f:13,union|44b6_2a2eff9f:13|29,0,0.33469484709341696
oof_logistic_3feat,44b6_2a2eff9f,44b6_2a2eff9f:13,union|44b6_2a2eff9f:13|30,0,0.03153317552414414
oof_logistic_3feat,44b6_2a2eff9f,44b6_2a2eff9f:13,union|44b6_2a2eff9f:13|31,0,0.07188099473783426
oof_logistic_3feat,44b6_2a2eff9f,44b6_2a2eff9f:13,union|44b6_2a2eff9f:13|32,0,0.022858294313139092
oof_logistic_3feat,44b6_2a2eff9f,44b6_2a2eff9f:13,union|44b6_2a2eff9f:13|33,0,0.3410773094796445
oof_logistic_3feat,44b6_2a2eff9f,44b6_2a2eff9f:13,union|44b6_2a2eff9f:13|34,1,0.3732348658750624
oof_logistic_3feat,44b6_2a2eff9f,44b6_2a2eff9f:13,union|44b6_2a2eff9f:13|35,0,0.0195022171150798
oof_logistic_3feat,44b6_2a2eff9f,44b6_2a2eff9f:13,union|44b6_2a2eff9f:13|36,0,0.08027990514303741
oof_logistic_3feat,44b6_2a2eff9f,44b6_2a2eff9f:13,union|44b6_2a2eff9f:13|37,0,0.2214008832227572
oof_logistic_3feat,44b6_2a2eff9f,44b6_2a2eff9f:13,union|44b6_2a2eff9f:13|38,0,0.08953473483119118
oof_logistic_3feat,44b6_2a2eff9f,44b6_2a2eff9f:13,union|44b6_2a2eff9f:13|39,0,0.183858552169621
oof_logistic_3feat,44b6_2a2eff9f,44b6_2a2eff9f:13,union|44b6_2a2eff9f:13|40,0,0.0346566546750983
oof_logistic_3feat,44b6_2a2eff9f,44b6_2a2eff9f:13,union|44b6_2a2eff9f:13|41,0,0.07389980403037553
oof_logistic_3feat,44b6_2a2eff9f,44b6_2a2eff9f:13,union|44b6_2a2eff9f:13|42,0,0.7792217829656316
oof_logistic_3feat,44b6_2a2eff9f,44b6_2a2eff9f:13,union|44b6_2a2eff9f:13|43,0,0.25617624328563443
oof_logistic_3feat,44b6_2a2eff9f,44b6_2a2eff9f:13,union|44b6_2a2eff9f:13|44,0,0.026803562979397667
oof_logistic_3feat,44b6_2a2eff9f,44b6_2a2eff9f:13,union|44b6_2a2eff9f:13|45,0,0.08463098519489096
oof_logistic_3feat,44b6_2a2eff9f,44b6_2a2eff9f:13,union|44b6_2a2eff9f:13|46,0,0.014055833526583857
oof_logistic_3feat,44b6_2a2eff9f,44b6_2a2eff9f:13,union|44b6_2a2eff9f:13|47,0,0.010759153404228302
oof_logistic_3feat,44b6_2a2eff9f,44b6_2a2eff9f:13,union|44b6_2a2eff9f:13|48,0,0.018784537300616033
oof_logistic_3feat,44b6_2a2eff9f,44b6_2a2eff9f:13,union|44b6_2a2eff9f:13|49,0,0.025278307019889992
oof_logistic_3feat,44b6_2a2eff9f,44b6_2a2eff9f:13,union|44b6_2a2eff9f:13|50,0,0.3780291692864858
oof_logistic_3feat,44b6_2a2eff9f,44b6_2a2eff9f:13,union|44b6_2a2eff9f:13|51,0,0.027050578201066353
oof_logistic_3feat,44b6_2a2eff9f,44b6_2a2eff9f:13,union|44b6_2a2eff9f:13|52,0,0.0043556219506535555
oof_logistic_3feat,44b6_2a2eff9f,44b6_2a2eff9f:13,union|44b6_2a2eff9f:13|53,0,0.003143195692882318
oof_logistic_3feat,44b6_587a1e22,44b6_587a1e22:24,union|44b6_587a1e22:24|0,0,0.14853975447483458
oof_logistic_3feat,44b6_587a1e22,44b6_587a1e22:24,union|44b6_587a1e22:24|1,0,0.0933484766724667
oof_logistic_3feat,44b6_587a1e22,44b6_587a1e22:24,union|44b6_587a1e22:24|2,0,0.10187617790306869
oof_logistic_3feat,44b6_587a1e22,44b6_587a1e22:24,union|44b6_587a1e22:24|3,0,0.10071092590201948
oof_logistic_3feat,44b6_587a1e22,44b6_587a1e22:24,union|44b6_587a1e22:24|4,0,0.09098775749238779
oof_logistic_3feat,44b6_587a1e22,44b6_587a1e22:24,union|44b6_587a1e22:24|5,0,0.12133309696348926
oof_logistic_3feat,44b6_587a1e22,44b6_587a1e22:24,union|44b6_587a1e22:24|6,0,0.8954813004539465
oof_logistic_3feat,44b6_587a1e22,44b6_587a1e22:24,union|44b6_587a1e22:24|7,0,0.041068000857047884
oof_logistic_3feat,44b6_587a1e22,44b6_587a1e22:24,union|44b6_587a1e22:24|8,0,0.9570637522463398
oof_logistic_3feat,44b6_587a1e22,44b6_587a1e22:24,union|44b6_587a1e22:24|9,0,0.43425609013027305
oof_logistic_3feat,44b6_587a1e22,44b6_587a1e22:24,union|44b6_587a1e22:24|10,0,0.004611728553225977
oof_logistic_3feat,44b6_587a1e22,44b6_587a1e22:24,union|44b6_587a1e22:24|11,0,0.2348186262272961
oof_logistic_3feat,44b6_587a1e22,44b6_587a1e22:24,union|44b6_587a1e22:24|12,0,0.09671674185403246
oof_logistic_3feat,44b6_587a1e22,44b6_587a1e22:24,union|44b6_587a1e22:24|13,0,0.1136028647766986
oof_logistic_3feat,44b6_587a1e22,44b6_587a1e22:24,union|44b6_587a1e22:24|14,0,0.005348181343034167
oof_logistic_3feat,44b6_587a1e22,44b6_587a1e22:24,union|44b6_587a1e22:24|15,0,0.012859018848427259
oof_logistic_3feat,44b6_587a1e22,44b6_587a1e22:24,union|44b6_587a1e22:24|16,0,0.07144581900814229
oof_logistic_3feat,44b6_587a1e22,44b6_587a1e22:24,union|44b6_587a1e22:24|17,0,0.05661699552294325
oof_logistic_3feat,44b6_587a1e22,44b6_587a1e22:24,union|44b6_587a1e22:24|18,1,0.8826470733307277
oof_logistic_3feat,44b6_587a1e22,44b6_587a1e22:24,union|44b6_587a1e22:24|19,0,0.17503857823005906
oof_logistic_3feat,44b6_587a1e22,44b6_587a1e22:24,union|44b6_587a1e22:24|20,0,0.22559993650601026
oof_logistic_3feat,44b6_587a1e22,44b6_587a1e22:24,union|44b6_587a1e22:24|21,0,0.06972768340330357
oof_logistic_3feat,44b6_587a1e22,44b6_587a1e22:24,union|44b6_587a1e22:24|22,0,0.04243086428840125
oof_logistic_3feat,44b6_587a1e22,44b6_587a1e22:24,union|44b6_587a1e22:24|23,0,0.04710176522171229
oof_logistic_3feat,44b6_587a1e22,44b6_587a1e22:24,union|44b6_587a1e22:24|24,0,0.03712953670210956
oof_logistic_3feat,44b6_587a1e22,44b6_587a1e22:24,union|44b6_587a1e22:24|25,0,0.04672387567829514
oof_logistic_3feat,44b6_587a1e22,44b6_587a1e22:24,union|44b6_587a1e22:24|26,0,0.004950569678662757
oof_logistic_3feat,44b6_587a1e22,44b6_587a1e22:24,union|44b6_587a1e22:24|27,0,0.5294452171540084
oof_logistic_3feat,44b6_587a1e22,44b6_587a1e22:24,union|44b6_587a1e22:24|28,0,0.23300583601389668
oof_logistic_3feat,44b6_587a1e22,44b6_587a1e22:24,union|44b6_587a1e22:24|29,0,0.007380363459247677
oof_logistic_3feat,44b6_587a1e22,44b6_587a1e22:24,union|44b6_587a1e22:24|30,0,0.32056225619574613
oof_logistic_3feat,44b6_587a1e22,44b6_587a1e22:24,union|44b6_587a1e22:24|31,0,0.18224885868936952
oof_logistic_3feat,44b6_587a1e22,44b6_587a1e22:24,union|44b6_587a1e22:24|32,0,0.008866892979600829
oof_logistic_3feat,44b6_587a1e22,44b6_587a1e22:24,union|44b6_587a1e22:24|33,0,0.11593407002816265
oof_logistic_3feat,44b6_587a1e22,44b6_587a1e22:24,union|44b6_587a1e22:24|34,0,0.005646596501779811
oof_logistic_3feat,44b6_587a1e22,44b6_587a1e22:24,union|44b6_587a1e22:24|35,0,0.036746527878496756
oof_logistic_3feat,44b6_587a1e22,44b6_587a1e22:24,union|44b6_587a1e22:24|36,0,0.0012151956452395032
oof_logistic_3feat,44b6_5f15d135,44b6_5f15d135:103,union|44b6_5f15d135:103|0,0,0.4399170944840873
oof_logistic_3feat,44b6_5f15d135,44b6_5f15d135:103,union|44b6_5f15d135:103|1,0,0.44118004019767826
oof_logistic_3feat,44b6_5f15d135,44b6_5f15d135:103,union|44b6_5f15d135:103|2,0,0.5285677929985512
oof_logistic_3feat,44b6_5f15d135,44b6_5f15d135:103,union|44b6_5f15d135:103|3,0,0.10392252206359327
oof_logistic_3feat,44b6_5f15d135,44b6_5f15d135:103,union|44b6_5f15d135:103|4,0,0.40601399884743833
oof_logistic_3feat,44b6_5f15d135,44b6_5f15d135:103,union|44b6_5f15d135:103|5,0,0.3916639006687997
oof_logistic_3feat,44b6_5f15d135,44b6_5f15d135:103,union|44b6_5f15d135:103|6,0,0.2558735097170356
oof_logistic_3feat,44b6_5f15d135,44b6_5f15d135:103,union|44b6_5f15d135:103|7,0,0.013503557612615343
oof_logistic_3feat,44b6_5f15d135,44b6_5f15d135:103,union|44b6_5f15d135:103|8,0,0.07824980549786818
oof_logistic_3feat,44b6_5f15d135,44b6_5f15d135:103,union|44b6_5f15d135:103|9,0,0.4484760714089995
oof_logistic_3feat,44b6_5f15d135,44b6_5f15d135:103,union|44b6_5f15d135:103|10,0,0.47707591800982485
oof_logistic_3feat,44b6_5f15d135,44b6_5f15d135:103,union|44b6_5f15d135:103|11,0,0.31460679376914863
oof_logistic_3feat,44b6_5f15d135,44b6_5f15d135:103,union|44b6_5f15d135:103|12,0,0.06413705020363614
oof_logistic_3feat,44b6_5f15d135,44b6_5f15d135:103,union|44b6_5f15d135:103|13,0,0.425894062362141
oof_logistic_3feat,44b6_5f15d135,44b6_5f15d135:103,union|44b6_5f15d135:103|14,0,0.3685256138689635
oof_logistic_3feat,44b6_5f15d135,44b6_5f15d135:103,union|44b6_5f15d135:103|15,0,0.012681262968289416
oof_logistic_3feat,44b6_5f15d135,44b6_5f15d135:103,union|44b6_5f15d135:103|16,0,0.09277166649023813
oof_logistic_3feat,44b6_5f15d135,44b6_5f15d135:103,union|44b6_5f15d135:103|17,0,0.06464130158082806
oof_logistic_3feat,44b6_5f15d135,44b6_5f15d135:103,union|44b6_5f15d135:103|18,0,0.5092012565287871
oof_logistic_3feat,44b6_5f15d135,44b6_5f15d135:103,union|44b6_5f15d135:103|19,0,0.30271441879820615
oof_logistic_3feat,44b6_5f15d135,44b6_5f15d135:103,union|44b6_5f15d135:103|20,1,0.9256605959022947
oof_logistic_3feat,44b6_5f15d135,44b6_5f15d135:103,union|44b6_5f15d135:103|21,0,0.07323706885420786
oof_logistic_3feat,44b6_5f15d135,44b6_5f15d135:103,union|44b6_5f15d135:103|22,0,0.5619899418822103
oof_logistic_3feat,44b6_5f15d135,44b6_5f15d135:103,union|44b6_5f15d135:103|23,0,0.9633175945103377
oof_logistic_3feat,44b6_5f15d135,44b6_5f15d135:103,union|44b6_5f15d135:103|24,0,0.2315268356262892
oof_logistic_3feat,44b6_5f15d135,44b6_5f15d135:103,union|44b6_5f15d135:103|25,0,0.015091973413548355
oof_logistic_3feat,44b6_5f15d135,44b6_5f15d135:103,union|44b6_5f15d135:103|26,0,0.45388186579117884
oof_logistic_3feat,44b6_5f15d135,44b6_5f15d135:103,union|44b6_5f15d135:103|27,0,0.13390464653919956
oof_logistic_3feat,44b6_5f15d135,44b6_5f15d135:103,union|44b6_5f15d135:103|28,0,0.4411303357259162
oof_logistic_3feat,44b6_5f15d135,44b6_5f15d135:103,union|44b6_5f15d135:103|29,0,0.45778385027832924
oof_logistic_3feat,44b6_5f15d135,44b6_5f15d135:103,union|44b6_5f15d135:103|30,0,0.11275408843932841
oof_logistic_3feat,44b6_5f15d135,44b6_5f15d135:103,union|44b6_5f15d135:103|31,0,0.08885700364642893
oof_logistic_3feat,44b6_5f15d135,44b6_5f15d135:103,union|44b6_5f15d135:103|32,0,0.3843215319899393
oof_logistic_3feat,44b6_5f15d135,44b6_5f15d135:103,union|44b6_5f15d135:103|33,0,0.11331755514506839
oof_logistic_3feat,44b6_5f15d135,44b6_5f15d135:103,union|44b6_5f15d135:103|34,0,0.2979686293292145
oof_logistic_3feat,44b6_5f15d135,44b6_5f15d135:103,union|44b6_5f15d135:103|35,0,0.2765596760918073
oof_logistic_3feat,44b6_5f15d135,44b6_5f15d135:103,union|44b6_5f15d135:103|36,0,0.2780285709460981
oof_logistic_3feat,44b6_5f15d135,44b6_5f15d135:103,union|44b6_5f15d135:103|37,0,0.015398764876827122
oof_logistic_3feat,44b6_5f15d135,44b6_5f15d135:103,union|44b6_5f15d135:103|38,0,0.04904816181707324
oof_logistic_3feat,44b6_5f15d135,44b6_5f15d135:103,union|44b6_5f15d135:103|39,0,0.04529942421079416
oof_logistic_3feat,44b6_5f15d135,44b6_5f15d135:103,union|44b6_5f15d135:103|40,0,0.08144975091535353
oof_logistic_3feat,44b6_5f15d135,44b6_5f15d135:103,union|44b6_5f15d135:103|41,0,0.4861017970125994
oof_logistic_3feat,44b6_5f15d135,44b6_5f15d135:103,union|44b6_5f15d135:103|42,0,0.9216537839494869
oof_logistic_3feat,44b6_5f15d135,44b6_5f15d135:103,union|44b6_5f15d135:103|43,0,0.29767821847827525
oof_logistic_3feat,44b6_5f15d135,44b6_5f15d135:103,union|44b6_5f15d135:103|44,0,0.01487024984169989
oof_logistic_3feat,44b6_5f15d135,44b6_5f15d135:103,union|44b6_5f15d135:103|45,0,0.3619820053538422
oof_logistic_3feat,44b6_5f15d135,44b6_5f15d135:103,union|44b6_5f15d135:103|46,0,0.11854258116506661
oof_logistic_3feat,44b6_5f15d135,44b6_5f15d135:103,union|44b6_5f15d135:103|47,0,0.08623809576988847
oof_logistic_3feat,44b6_5f15d135,44b6_5f15d135:103,union|44b6_5f15d135:103|48,0,0.061598058331247305
oof_logistic_3feat,44b6_5f15d135,44b6_5f15d135:103,union|44b6_5f15d135:103|49,0,0.074423208224606
oof_logistic_3feat,44b6_5f15d135,44b6_5f15d135:103,union|44b6_5f15d135:103|50,0,0.011040565027538475
oof_logistic_3feat,44b6_5f15d135,44b6_5f15d135:103,union|44b6_5f15d135:103|51,0,0.01024633835518735
oof_logistic_3feat,44b6_5f15d135,44b6_5f15d135:103,union|44b6_5f15d135:103|52,0,0.5415450601712807
oof_logistic_3feat,44b6_5f15d135,44b6_5f15d135:103,union|44b6_5f15d135:103|53,0,0.23379686605458255
oof_logistic_3feat,44b6_5f15d135,44b6_5f15d135:103,union|44b6_5f15d135:103|54,0,0.020950832153620716
oof_logistic_3feat,44b6_5f15d135,44b6_5f15d135:103,union|44b6_5f15d135:103|55,0,0.18684911767886797
oof_logistic_3feat,44b6_5f15d135,44b6_5f15d135:103,union|44b6_5f15d135:103|56,0,0.13581848487080467
oof_logistic_3feat,44b6_5f15d135,44b6_5f15d135:103,union|44b6_5f15d135:103|57,0,0.27340927618978716
oof_logistic_3feat,44b6_5f15d135,44b6_5f15d135:103,union|44b6_5f15d135:103|58,0,0.018625839575296003
oof_logistic_3feat,44b6_5f15d135,44b6_5f15d135:103,union|44b6_5f15d135:103|59,0,0.4660657396991691
oof_logistic_3feat,44b6_5f15d135,44b6_5f15d135:103,union|44b6_5f15d135:103|60,0,0.19111068375038162
oof_logistic_3feat,44b6_5f15d135,44b6_5f15d135:103,union|44b6_5f15d135:103|61,0,0.020535438426044363
oof_logistic_3feat,44b6_5f15d135,44b6_5f15d135:103,union|44b6_5f15d135:103|62,0,0.041237468263911906
oof_logistic_3feat,44b6_5f15d135,44b6_5f15d135:103,union|44b6_5f15d135:103|63,0,0.04973130304491045
oof_logistic_3feat,44b6_5f15d135,44b6_5f15d135:103,union|44b6_5f15d135:103|64,0,0.002852114958307134
oof_logistic_3feat,44b6_5f15d135,44b6_5f15d135:103,union|44b6_5f15d135:103|65,0,0.0029627470738082017
oof_logistic_3feat,44b6_5f15d135,44b6_5f15d135:103,union|44b6_5f15d135:103|66,0,0.025993816843706597
oof_logistic_3feat,44b6_74d0c52e,44b6_74d0c52e:59,union|44b6_74d0c52e:59|0,0,0.4159799937033551
oof_logistic_3feat,44b6_74d0c52e,44b6_74d0c52e:59,union|44b6_74d0c52e:59|1,0,0.5977421325435871
oof_logistic_3feat,44b6_74d0c52e,44b6_74d0c52e:59,union|44b6_74d0c52e:59|2,0,0.4424117383756387
oof_logistic_3feat,44b6_74d0c52e,44b6_74d0c52e:59,union|44b6_74d0c52e:59|3,0,0.6374550138500288
oof_logistic_3feat,44b6_74d0c52e,44b6_74d0c52e:59,union|44b6_74d0c52e:59|4,0,0.5774029377532682
oof_logistic_3feat,44b6_74d0c52e,44b6_74d0c52e:59,union|44b6_74d0c52e:59|5,0,0.20105713138875758
oof_logistic_3feat,44b6_74d0c52e,44b6_74d0c52e:59,union|44b6_74d0c52e:59|6,0,0.08564581452477207
oof_logistic_3feat,44b6_74d0c52e,44b6_74d0c52e:59,union|44b6_74d0c52e:59|7,0,0.22588654087911966
oof_logistic_3feat,44b6_74d0c52e,44b6_74d0c52e:59,union|44b6_74d0c52e:59|8,0,0.22772164530790873
oof_logistic_3feat,44b6_74d0c52e,44b6_74d0c52e:59,union|44b6_74d0c52e:59|9,0,0.3905390426862621
oof_logistic_3feat,44b6_74d0c52e,44b6_74d0c52e:59,union|44b6_74d0c52e:59|10,1,0.3715282006231126
oof_logistic_3feat,44b6_74d0c52e,44b6_74d0c52e:59,union|44b6_74d0c52e:59|11,0,0.3436981552818864
oof_logistic_3feat,44b6_74d0c52e,44b6_74d0c52e:59,union|44b6_74d0c52e:59|12,0,0.21979724718628507
oof_logistic_3feat,44b6_74d0c52e,44b6_74d0c52e:59,union|44b6_74d0c52e:59|13,0,0.08331130817970557
oof_logistic_3feat,44b6_74d0c52e,44b6_74d0c52e:59,union|44b6_74d0c52e:59|14,0,0.08493188632827275
oof_logistic_3feat,44b6_74d0c52e,44b6_74d0c52e:59,union|44b6_74d0c52e:59|15,0,0.11618418961147442
oof_logistic_3feat,44b6_74d0c52e,44b6_74d0c52e:59,union|44b6_74d0c52e:59|16,0,0.5008263032197623
oof_logistic_3feat,44b6_74d0c52e,44b6_74d0c52e:59,union|44b6_74d0c52e:59|17,0,0.6149893553959697
oof_logistic_3feat,44b6_74d0c52e,44b6_74d0c52e:59,union|44b6_74d0c52e:59|18,0,0.616222562870906
oof_logistic_3feat,44b6_74d0c52e,44b6_74d0c52e:59,union|44b6_74d0c52e:59|19,0,0.11282203898764127
oof_logistic_3feat,44b6_74d0c52e,44b6_74d0c52e:59,union|44b6_74d0c52e:59|20,0,0.18532560977290402
oof_logistic_3feat,44b6_74d0c52e,44b6_74d0c52e:59,union|44b6_74d0c52e:59|21,0,0.07405829267518957
oof_logistic_3feat,44b6_74d0c52e,44b6_74d0c52e:59,union|44b6_74d0c52e:59|22,0,0.16647180692174132
oof_logistic_3feat,44b6_74d0c52e,44b6_74d0c52e:59,union|44b6_74d0c52e:59|23,0,0.20254512730794036
oof_logistic_3feat,44b6_74d0c52e,44b6_74d0c52e:59,union|44b6_74d0c52e:59|24,0,0.5235793977124188
oof_logistic_3feat,44b6_74d0c52e,44b6_74d0c52e:59,union|44b6_74d0c52e:59|25,0,0.5248255756880466
oof_logistic_3feat,44b6_74d0c52e,44b6_74d0c52e:59,union|44b6_74d0c52e:59|26,0,0.12270748095514362
oof_logistic_3feat,44b6_74d0c52e,44b6_74d0c52e:59,union|44b6_74d0c52e:59|27,0,0.11264138729139458
oof_logistic_3feat,44b6_74d0c52e,44b6_74d0c52e:59,union|44b6_74d0c52e:59|28,0,0.10670530134554125
oof_logistic_3feat,44b6_74d0c52e,44b6_74d0c52e:59,union|44b6_74d0c52e:59|29,0,0.9735819985222578
oof_logistic_3feat,44b6_74d0c52e,44b6_74d0c52e:59,union|44b6_74d0c52e:59|30,0,0.107903141850584
oof_logistic_3feat,44b6_74d0c52e,44b6_74d0c52e:59,union|44b6_74d0c52e:59|31,0,0.233382473842093
oof_logistic_3feat,44b6_74d0c52e,44b6_74d0c52e:59,union|44b6_74d0c52e:59|32,0,0.09430498957573138
oof_logistic_3feat,44b6_74d0c52e,44b6_74d0c52e:59,union|44b6_74d0c52e:59|33,0,0.8705850924506177
oof_logistic_3feat,44b6_74d0c52e,44b6_74d0c52e:59,union|44b6_74d0c52e:59|34,0,0.4374655697106609
oof_logistic_3feat,44b6_74d0c52e,44b6_74d0c52e:59,union|44b6_74d0c52e:59|35,0,0.0893596311073193
oof_logistic_3feat,44b6_74d0c52e,44b6_74d0c52e:59,union|44b6_74d0c52e:59|36,0,0.13541523499932062
oof_logistic_3feat,44b6_74d0c52e,44b6_74d0c52e:59,union|44b6_74d0c52e:59|37,0,0.22665804958727176
oof_logistic_3feat,44b6_74d0c52e,44b6_74d0c52e:59,union|44b6_74d0c52e:59|38,0,0.08677560362412233
oof_logistic_3feat,44b6_74d0c52e,44b6_74d0c52e:59,union|44b6_74d0c52e:59|39,0,0.8128712828927921
oof_logistic_3feat,44b6_74d0c52e,44b6_74d0c52e:59,union|44b6_74d0c52e:59|40,0,0.4107809690568697
oof_logistic_3feat,44b6_74d0c52e,44b6_74d0c52e:59,union|44b6_74d0c52e:59|41,0,0.08611324976454714
oof_logistic_3feat,44b6_74d0c52e,44b6_74d0c52e:59,union|44b6_74d0c52e:59|42,0,0.014896443548600492
oof_logistic_3feat,44b6_74d0c52e,44b6_74d0c52e:59,union|44b6_74d0c52e:59|43,0,0.06559714048223016
oof_logistic_3feat,44b6_74d0c52e,44b6_74d0c52e:59,union|44b6_74d0c52e:59|44,0,0.04877429080903324
oof_logistic_3feat,44b6_74d0c52e,44b6_74d0c52e:59,union|44b6_74d0c52e:59|45,0,0.04621885139845389
oof_logistic_3feat,44b6_74d0c52e,44b6_74d0c52e:59,union|44b6_74d0c52e:59|46,0,0.051772356721684336
oof_logistic_3feat,44b6_74d0c52e,44b6_74d0c52e:59,union|44b6_74d0c52e:59|47,0,0.017973447673708103
oof_logistic_3feat,44b6_74d0c52e,44b6_74d0c52e:59,union|44b6_74d0c52e:59|48,0,0.017450706752658245
oof_logistic_3feat,44b6_74d0c52e,44b6_74d0c52e:59,union|44b6_74d0c52e:59|49,0,0.015255007267821688
oof_logistic_3feat,44b6_74d0c52e,44b6_74d0c52e:59,union|44b6_74d0c52e:59|50,0,0.10683816343972116
oof_logistic_3feat,44b6_74d0c52e,44b6_74d0c52e:59,union|44b6_74d0c52e:59|51,0,0.014984504851327315
oof_logistic_3feat,44b6_74d0c52e,44b6_74d0c52e:59,union|44b6_74d0c52e:59|52,0,0.011818970505161208
oof_logistic_3feat,44b6_996155de,44b6_996155de:60,union|44b6_996155de:60|0,1,0.995789594466857
oof_logistic_3feat,44b6_996155de,44b6_996155de:60,union|44b6_996155de:60|1,0,0.8126510610367028
oof_logistic_3feat,44b6_996155de,44b6_996155de:60,union|44b6_996155de:60|2,0,0.6204072842531271
oof_logistic_3feat,44b6_996155de,44b6_996155de:60,union|44b6_996155de:60|3,0,0.8381490143698017
oof_logistic_3feat,44b6_996155de,44b6_996155de:60,union|44b6_996155de:60|4,0,0.5580044889624624
oof_logistic_3feat,44b6_996155de,44b6_996155de:60,union|44b6_996155de:60|5,0,0.16677705737784157
oof_logistic_3feat,44b6_9be80b04,44b6_9be80b04:155,union|44b6_9be80b04:155|0,0,0.0774808193897779
oof_logistic_3feat,44b6_9be80b04,44b6_9be80b04:155,union|44b6_9be80b04:155|1,0,0.05913444077526382
oof_logistic_3feat,44b6_9be80b04,44b6_9be80b04:155,union|44b6_9be80b04:155|2,0,0.047296562656440604
oof_logistic_3feat,44b6_9be80b04,44b6_9be80b04:155,union|44b6_9be80b04:155|3,0,0.08027073791971494
oof_logistic_3feat,44b6_9be80b04,44b6_9be80b04:155,union|44b6_9be80b04:155|4,0,0.06848188062596741
oof_logistic_3feat,44b6_9be80b04,44b6_9be80b04:155,union|44b6_9be80b04:155|5,0,0.05203261240423094
oof_logistic_3feat,44b6_9be80b04,44b6_9be80b04:155,union|44b6_9be80b04:155|6,0,0.05491226207836354
oof_logistic_3feat,44b6_9be80b04,44b6_9be80b04:155,union|44b6_9be80b04:155|7,0,0.0485101995295088
oof_logistic_3feat,44b6_9be80b04,44b6_9be80b04:155,union|44b6_9be80b04:155|8,0,0.009372561391340867
oof_logistic_3feat,44b6_9be80b04,44b6_9be80b04:155,union|44b6_9be80b04:155|9,0,0.00830896527438435
oof_logistic_3feat,44b6_9be80b04,44b6_9be80b04:155,union|44b6_9be80b04:155|10,0,0.011208884069804791
oof_logistic_3feat,44b6_9be80b04,44b6_9be80b04:155,union|44b6_9be80b04:155|11,0,0.006180824469075947
oof_logistic_3feat,44b6_9be80b04,44b6_9be80b04:155,union|44b6_9be80b04:155|12,0,0.006748226966462494
oof_logistic_3feat,44b6_9be80b04,44b6_9be80b04:155,union|44b6_9be80b04:155|13,0,0.19626743569968969
oof_logistic_3feat,44b6_9be80b04,44b6_9be80b04:155,union|44b6_9be80b04:155|14,0,0.1992221265799775
oof_logistic_3feat,44b6_9be80b04,44b6_9be80b04:155,union|44b6_9be80b04:155|15,0,0.15812960242403423
oof_logistic_3feat,44b6_9be80b04,44b6_9be80b04:155,union|44b6_9be80b04:155|16,0,0.14474986488106756
oof_logistic_3feat,44b6_9be80b04,44b6_9be80b04:155,union|44b6_9be80b04:155|17,0,0.12587336284704562
oof_logistic_3feat,44b6_9be80b04,44b6_9be80b04:155,union|44b6_9be80b04:155|18,0,0.14529566547892556
oof_logistic_3feat,44b6_9be80b04,44b6_9be80b04:155,union|44b6_9be80b04:155|19,0,0.12828319653304715
oof_logistic_3feat,44b6_9be80b04,44b6_9be80b04:155,union|44b6_9be80b04:155|20,0,0.11712776316124812
oof_logistic_3feat,44b6_9be80b04,44b6_9be80b04:155,union|44b6_9be80b04:155|21,0,0.022474085518845204
oof_logistic_3feat,44b6_9be80b04,44b6_9be80b04:155,union|44b6_9be80b04:155|22,0,0.01440358654457362
oof_logistic_3feat,44b6_9be80b04,44b6_9be80b04:155,union|44b6_9be80b04:155|23,0,0.01756567867093817
oof_logistic_3feat,44b6_9be80b04,44b6_9be80b04:155,union|44b6_9be80b04:155|24,0,0.023782311488323476
oof_logistic_3feat,44b6_9be80b04,44b6_9be80b04:155,union|44b6_9be80b04:155|25,0,0.00446951220230644
oof_logistic_3feat,44b6_9be80b04,44b6_9be80b04:155,union|44b6_9be80b04:155|26,0,0.005023370764662133
oof_logistic_3feat,44b6_9be80b04,44b6_9be80b04:155,union|44b6_9be80b04:155|27,0,0.3513485811590645
oof_logistic_3feat,44b6_9be80b04,44b6_9be80b04:155,union|44b6_9be80b04:155|28,0,0.3107873673047141
oof_logistic_3feat,44b6_9be80b04,44b6_9be80b04:155,union|44b6_9be80b04:155|29,0,0.33520581267687993
oof_logistic_3feat,44b6_9be80b04,44b6_9be80b04:155,union|44b6_9be80b04:155|30,0,0.322322170545683
oof_logistic_3feat,44b6_9be80b04,44b6_9be80b04:155,union|44b6_9be80b04:155|31,0,0.2115887750916737
oof_logistic_3feat,44b6_9be80b04,44b6_9be80b04:155,union|44b6_9be80b04:155|32,0,0.2802409902119253
oof_logistic_3feat,44b6_9be80b04,44b6_9be80b04:155,union|44b6_9be80b04:155|33,0,0.14474986488106756
oof_logistic_3feat,44b6_9be80b04,44b6_9be80b04:155,union|44b6_9be80b04:155|34,0,0.05480456297483076
oof_logistic_3feat,44b6_9be80b04,44b6_9be80b04:155,union|44b6_9be80b04:155|35,0,0.01998322546783311
oof_logistic_3feat,44b6_9be80b04,44b6_9be80b04:155,union|44b6_9be80b04:155|36,0,0.052090934488653734
oof_logistic_3feat,44b6_9be80b04,44b6_9be80b04:155,union|44b6_9be80b04:155|37,0,0.006564194017401878
oof_logistic_3feat,44b6_9be80b04,44b6_9be80b04:155,union|44b6_9be80b04:155|38,0,0.016327130552419012
oof_logistic_3feat,44b6_9be80b04,44b6_9be80b04:155,union|44b6_9be80b04:155|39,0,0.07586561429322083
oof_logistic_3feat,44b6_9be80b04,44b6_9be80b04:155,union|44b6_9be80b04:155|40,0,0.0962521320650885
oof_logistic_3feat,44b6_9be80b04,44b6_9be80b04:155,union|44b6_9be80b04:155|41,0,0.07999495571797414
oof_logistic_3feat,44b6_9be80b04,44b6_9be80b04:155,union|44b6_9be80b04:155|42,0,0.10433114357332111
oof_logistic_3feat,44b6_9be80b04,44b6_9be80b04:155,union|44b6_9be80b04:155|43,0,0.07972254805921264
oof_logistic_3feat,44b6_9be80b04,44b6_9be80b04:155,union|44b6_9be80b04:155|44,0,0.09890281352936595
oof_logistic_3feat,44b6_9be80b04,44b6_9be80b04:155,union|44b6_9be80b04:155|45,0,0.013615250558978517
oof_logistic_3feat,44b6_9be80b04,44b6_9be80b04:155,union|44b6_9be80b04:155|46,0,0.01871299765152944
oof_logistic_3feat,44b6_9be80b04,44b6_9be80b04:155,union|44b6_9be80b04:155|47,0,0.014815535854756014
oof_logistic_3feat,44b6_9be80b04,44b6_9be80b04:155,union|44b6_9be80b04:155|48,0,0.007203399866846878
oof_logistic_3feat,44b6_9be80b04,44b6_9be80b04:155,union|44b6_9be80b04:155|49,0,0.010384488034446453
oof_logistic_3feat,44b6_9be80b04,44b6_9be80b04:155,union|44b6_9be80b04:155|50,0,0.005717420400995093
oof_logistic_3feat,44b6_9be80b04,44b6_9be80b04:155,union|44b6_9be80b04:155|51,0,0.9208578567171298
oof_logistic_3feat,44b6_9be80b04,44b6_9be80b04:155,union|44b6_9be80b04:155|52,0,0.9025297674228713
oof_logistic_3feat,44b6_9be80b04,44b6_9be80b04:155,union|44b6_9be80b04:155|53,0,0.5780605622794354
oof_logistic_3feat,44b6_9be80b04,44b6_9be80b04:155,union|44b6_9be80b04:155|54,0,0.26813983149781695
oof_logistic_3feat,44b6_9be80b04,44b6_9be80b04:155,union|44b6_9be80b04:155|55,0,0.8979415651098673
oof_logistic_3feat,44b6_9be80b04,44b6_9be80b04:155,union|44b6_9be80b04:155|56,0,0.5871575716652514
oof_logistic_3feat,44b6_9be80b04,44b6_9be80b04:155,union|44b6_9be80b04:155|57,0,0.1254812593275222
oof_logistic_3feat,44b6_9be80b04,44b6_9be80b04:155,union|44b6_9be80b04:155|58,0,0.20597140673854708
oof_logistic_3feat,44b6_9be80b04,44b6_9be80b04:155,union|44b6_9be80b04:155|59,0,0.014155124625661103
oof_logistic_3feat,44b6_9be80b04,44b6_9be80b04:155,union|44b6_9be80b04:155|60,0,0.1176694495655323
oof_logistic_3feat,44b6_9be80b04,44b6_9be80b04:155,union|44b6_9be80b04:155|61,0,0.29702737321500433
oof_logistic_3feat,44b6_9be80b04,44b6_9be80b04:155,union|44b6_9be80b04:155|62,0,0.005459871864709511
oof_logistic_3feat,44b6_9be80b04,44b6_9be80b04:155,union|44b6_9be80b04:155|63,0,0.004963849328598032
oof_logistic_3feat,44b6_9be80b04,44b6_9be80b04:155,union|44b6_9be80b04:155|64,0,0.015181171243293195
oof_logistic_3feat,44b6_9be80b04,44b6_9be80b04:155,union|44b6_9be80b04:155|65,0,0.005466599087251319
oof_logistic_3feat,44b6_9be80b04,44b6_9be80b04:155,union|44b6_9be80b04:155|66,1,0.9943773163201567
oof_logistic_3feat,44b6_9be80b04,44b6_9be80b04:155,union|44b6_9be80b04:155|67,0,0.22382963371832482
oof_logistic_3feat,44b6_9be80b04,44b6_9be80b04:155,union|44b6_9be80b04:155|68,0,0.5860324965254639
oof_logistic_3feat,44b6_9be80b04,44b6_9be80b04:155,union|44b6_9be80b04:155|69,0,0.25685123722622627
oof_logistic_3feat,44b6_9be80b04,44b6_9be80b04:155,union|44b6_9be80b04:155|70,0,0.9757322700181829
oof_logistic_3feat,44b6_9be80b04,44b6_9be80b04:155,union|44b6_9be80b04:155|71,0,0.6507042155622468
oof_logistic_3feat,44b6_9be80b04,44b6_9be80b04:155,union|44b6_9be80b04:155|72,0,0.12626813147592558
oof_logistic_3feat,44b6_9be80b04,44b6_9be80b04:155,union|44b6_9be80b04:155|73,0,0.2184976117709894
oof_logistic_3feat,44b6_9be80b04,44b6_9be80b04:155,union|44b6_9be80b04:155|74,0,0.013701241263845122
oof_logistic_3feat,44b6_9be80b04,44b6_9be80b04:155,union|44b6_9be80b04:155|75,0,0.14443358083603233
oof_logistic_3feat,44b6_9be80b04,44b6_9be80b04:155,union|44b6_9be80b04:155|76,0,0.31464243081322224
oof_logistic_3feat,44b6_9be80b04,44b6_9be80b04:155,union|44b6_9be80b04:155|77,0,0.006188495435082048
oof_logistic_3feat,44b6_9be80b04,44b6_9be80b04:155,union|44b6_9be80b04:155|78,0,0.005031273626164542
oof_logistic_3feat,44b6_9be80b04,44b6_9be80b04:155,union|44b6_9be80b04:155|79,0,0.016670783258218465
oof_logistic_3feat,44b6_9be80b04,44b6_9be80b04:155,union|44b6_9be80b04:155|80,0,0.005572328739909649
oof_logistic_3feat,44b6_9be80b04,44b6_9be80b04:155,union|44b6_9be80b04:155|81,0,0.006553742589690695
oof_logistic_3feat,44b6_9be80b04,44b6_9be80b04:155,union|44b6_9be80b04:155|82,0,0.01720867877911963
oof_logistic_3feat,44b6_9be80b04,44b6_9be80b04:155,union|44b6_9be80b04:155|83,0,0.23627923229541825
oof_logistic_3feat,44b6_9be80b04,44b6_9be80b04:155,union|44b6_9be80b04:155|84,0,0.6677055641296368
oof_logistic_3feat,44b6_9be80b04,44b6_9be80b04:155,union|44b6_9be80b04:155|85,0,0.22382963371832482
oof_logistic_3feat,44b6_9be80b04,44b6_9be80b04:155,union|44b6_9be80b04:155|86,0,0.9753762231437432
oof_logistic_3feat,44b6_9be80b04,44b6_9be80b04:155,union|44b6_9be80b04:155|87,0,0.6315710228995832
oof_logistic_3feat,44b6_9be80b04,44b6_9be80b04:155,union|44b6_9be80b04:155|88,0,0.16388802914880263
oof_logistic_3feat,44b6_9be80b04,44b6_9be80b04:155,union|44b6_9be80b04:155|89,0,0.20479274398407038
oof_logistic_3feat,44b6_9be80b04,44b6_9be80b04:155,union|44b6_9be80b04:155|90,0,0.019352956348183882
oof_logistic_3feat,44b6_9be80b04,44b6_9be80b04:155,union|44b6_9be80b04:155|91,0,0.10821857759587514
oof_logistic_3feat,44b6_9be80b04,44b6_9be80b04:155,union|44b6_9be80b04:155|92,0,0.25760240489668673
oof_logistic_3feat,44b6_9be80b04,44b6_9be80b04:155,union|44b6_9be80b04:155|93,0,0.00463268954476789
oof_logistic_3feat,44b6_9be80b04,44b6_9be80b04:155,union|44b6_9be80b04:155|94,0,0.0067463912704992
oof_logistic_3feat,44b6_9be80b04,44b6_9be80b04:155,union|44b6_9be80b04:155|95,0,0.01301170577242007
oof_logistic_3feat,44b6_9be80b04,44b6_9be80b04:155,union|44b6_9be80b04:155|96,0,0.0066113240692609754
oof_logistic_3feat,44b6_9be80b04,44b6_9be80b04:155,union|44b6_9be80b04:155|97,0,0.005177584587370938
oof_logistic_3feat,44b6_9be80b04,44b6_9be80b04:155,union|44b6_9be80b04:155|98,0,0.024671954362121145
oof_logistic_3feat,44b6_9be80b04,44b6_9be80b04:155,union|44b6_9be80b04:155|99,0,0.19264445796749435
oof_logistic_3feat,44b6_9be80b04,44b6_9be80b04:155,union|44b6_9be80b04:155|100,0,0.22906792048322705
oof_logistic_3feat,44b6_9be80b04,44b6_9be80b04:155,union|44b6_9be80b04:155|101,0,0.27575649629479
oof_logistic_3feat,44b6_9be80b04,44b6_9be80b04:155,union|44b6_9be80b04:155|102,0,0.033947663120292904
oof_logistic_3feat,44b6_9be80b04,44b6_9be80b04:155,union|44b6_9be80b04:155|103,0,0.03876033028101021
oof_logistic_3feat,44b6_9be80b04,44b6_9be80b04:155,union|44b6_9be80b04:155|104,0,0.032929970259858055
oof_logistic_3feat,44b6_9be80b04,44b6_9be80b04:155,union|44b6_9be80b04:155|105,0,0.004543550902243775
oof_logistic_3feat,44b6_9be80b04,44b6_9be80b04:155,union|44b6_9be80b04:155|106,0,0.005309811996261905
oof_logistic_3feat,44b6_9be80b04,44b6_9be80b04:155,union|44b6_9be80b04:155|107,0,0.020798245115290024
oof_logistic_3feat,44b6_9be80b04,44b6_9be80b04:155,union|44b6_9be80b04:155|108,0,0.20723416457457391
oof_logistic_3feat,44b6_9be80b04,44b6_9be80b04:155,union|44b6_9be80b04:155|109,0,0.625350502569809
oof_logistic_3feat,44b6_9be80b04,44b6_9be80b04:155,union|44b6_9be80b04:155|110,0,0.5539731894945101
oof_logistic_3feat,44b6_9be80b04,44b6_9be80b04:155,union|44b6_9be80b04:155|111,0,0.22115210613631608
oof_logistic_3feat,44b6_9be80b04,44b6_9be80b04:155,union|44b6_9be80b04:155|112,0,0.13489294741086602
oof_logistic_3feat,44b6_9be80b04,44b6_9be80b04:155,union|44b6_9be80b04:155|113,0,0.02331837537174306
oof_logistic_3feat,44b6_9be80b04,44b6_9be80b04:155,union|44b6_9be80b04:155|114,0,0.0062491901788938355
oof_logistic_3feat,44b6_9be80b04,44b6_9be80b04:155,union|44b6_9be80b04:155|115,0,0.007788654546935559
oof_logistic_3feat,44b6_9be80b04,44b6_9be80b04:155,union|44b6_9be80b04:155|116,0,0.027772902673154957
oof_logistic_3feat,44b6_9be80b04,44b6_9be80b04:155,union|44b6_9be80b04:155|117,0,0.27443459252672703
oof_logistic_3feat,44b6_9be80b04,44b6_9be80b04:155,union|44b6_9be80b04:155|118,0,0.21818790946721167
oof_logistic_3feat,44b6_9be80b04,44b6_9be80b04:155,union|44b6_9be80b04:155|119,0,0.1291091559356592
oof_logistic_3feat,44b6_9be80b04,44b6_9be80b04:155,union|44b6_9be80b04:155|120,0,0.034979283002168356
oof_logistic_3feat,44b6_9be80b04,44b6_9be80b04:155,union|44b6_9be80b04:155|121,0,0.033606814586944284
oof_logistic_3feat,44b6_9be80b04,44b6_9be80b04:155,union|44b6_9be80b04:155|122,0,0.020877806309461237
oof_logistic_3feat,44b6_9be80b04,44b6_9be80b04:155,union|44b6_9be80b04:155|123,0,0.006363786173587655
oof_logistic_3feat,44b6_9be80b04,44b6_9be80b04:155,union|44b6_9be80b04:155|124,0,0.0068917579510095195
oof_logistic_3feat,44b6_9be80b04,44b6_9be80b04:155,union|44b6_9be80b04:155|125,0,0.6869134829109901
oof_logistic_3feat,44b6_9be80b04,44b6_9be80b04:155,union|44b6_9be80b04:155|126,0,0.1535278912152632
oof_logistic_3feat,44b6_9be80b04,44b6_9be80b04:155,union|44b6_9be80b04:155|127,0,0.16381997588684827
oof_logistic_3feat,44b6_9be80b04,44b6_9be80b04:155,union|44b6_9be80b04:155|128,0,0.014039452973789876
oof_logistic_3feat,44b6_9be80b04,44b6_9be80b04:155,union|44b6_9be80b04:155|129,0,0.11729578277712353
oof_logistic_3feat,44b6_9be80b04,44b6_9be80b04:155,union|44b6_9be80b04:155|130,0,0.234164411780128
oof_logistic_3feat,44b6_9be80b04,44b6_9be80b04:155,union|44b6_9be80b04:155|131,0,0.0188138429811062
oof_logistic_3feat,44b6_9be80b04,44b6_9be80b04:155,union|44b6_9be80b04:155|132,0,0.008241714745351613
oof_logistic_3feat,44b6_9be80b04,44b6_9be80b04:155,union|44b6_9be80b04:155|133,0,0.0075019888781322815
oof_logistic_3feat,44b6_9be80b04,44b6_9be80b04:155,union|44b6_9be80b04:155|134,0,0.02072807563721762
oof_logistic_3feat,44b6_9be80b04,44b6_9be80b04:155,union|44b6_9be80b04:155|135,0,0.11612267188438229
oof_logistic_3feat,44b6_9be80b04,44b6_9be80b04:155,union|44b6_9be80b04:155|136,0,0.14887566372524266
oof_logistic_3feat,44b6_9be80b04,44b6_9be80b04:155,union|44b6_9be80b04:155|137,0,0.13081035194793364
oof_logistic_3feat,44b6_9be80b04,44b6_9be80b04:155,union|44b6_9be80b04:155|138,0,0.1623158740342665
oof_logistic_3feat,44b6_9be80b04,44b6_9be80b04:155,union|44b6_9be80b04:155|139,0,0.004591486271382209
oof_logistic_3feat,44b6_9be80b04,44b6_9be80b04:155,union|44b6_9be80b04:155|140,0,0.017063212611631857
oof_logistic_3feat,44b6_9be80b04,44b6_9be80b04:155,union|44b6_9be80b04:155|141,0,0.006620985850405858
oof_logistic_3feat,44b6_9be80b04,44b6_9be80b04:155,union|44b6_9be80b04:155|142,0,0.00832918142632241
oof_logistic_3feat,44b6_9be80b04,44b6_9be80b04:155,union|44b6_9be80b04:155|143,0,0.018616260218867312
oof_logistic_3feat,44b6_9be80b04,44b6_9be80b04:155,union|44b6_9be80b04:155|144,0,0.020933051554263334
oof_logistic_3feat,44b6_9be80b04,44b6_9be80b04:155,union|44b6_9be80b04:155|145,0,0.005277008499118903
oof_logistic_3feat,44b6_9be80b04,44b6_9be80b04:155,union|44b6_9be80b04:155|146,0,0.008407075064155287
oof_logistic_3feat,44b6_9be80b04,44b6_9be80b04:155,union|44b6_9be80b04:155|147,0,0.02507804251748058
oof_logistic_3feat,44b6_9be80b04,44b6_9be80b04:155,union|44b6_9be80b04:155|148,0,0.0018055580545147901
oof_logistic_3feat,44b6_9be80b04,44b6_9be80b04:155,union|44b6_9be80b04:155|149,0,0.01753311371143835
oof_logistic_3feat,44b6_9be80b04,44b6_9be80b04:155,union|44b6_9be80b04:155|150,0,0.0437793036522107
oof_logistic_3feat,44b6_9be80b04,44b6_9be80b04:155,union|44b6_9be80b04:155|151,0,0.0009405769088100716
oof_logistic_3feat,44b6_9be80b04,44b6_9be80b04:155,union|44b6_9be80b04:155|152,0,0.0008434111281277652
oof_logistic_3feat,44b6_9be80b04,44b6_9be80b04:155,union|44b6_9be80b04:155|153,0,0.001056969394483918
oof_logistic_3feat,44b6_9be80b04,44b6_9be80b04:155,union|44b6_9be80b04:155|154,0,0.0007408397455101568
oof_logistic_3feat,44b6_9be80b04,44b6_9be80b04:155,union|44b6_9be80b04:155|155,0,0.002437884912238086
oof_logistic_3feat,44b6_9be80b04,44b6_9be80b04:155,union|44b6_9be80b04:155|156,0,0.021456728569916032
oof_logistic_3feat,44b6_9be80b04,44b6_9be80b04:155,union|44b6_9be80b04:155|157,0,0.000990951664728171
oof_logistic_3feat,44b6_9be80b04,44b6_9be80b04:155,union|44b6_9be80b04:155|158,0,0.0021616240219608706
oof_logistic_3feat,44b6_9be80b04,44b6_9be80b04:155,union|44b6_9be80b04:155|159,0,0.0009651661587790735
oof_logistic_3feat,44b6_9be80b04,44b6_9be80b04:155,union|44b6_9be80b04:155|160,0,0.0010927981021198704
oof_logistic_3feat,44b6_9be80b04,44b6_9be80b04:155,union|44b6_9be80b04:155|161,0,0.0006664243073289231
oof_logistic_3feat,44b6_9be80b04,44b6_9be80b04:155,union|44b6_9be80b04:155|162,0,0.0017236512441860846
oof_logistic_3feat,44b6_9be80b04,44b6_9be80b04:155,union|44b6_9be80b04:155|163,0,0.0006890413202397579
oof_logistic_3feat,44b6_9be80b04,44b6_9be80b04:155,union|44b6_9be80b04:155|164,0,0.0007865963676175274
oof_logistic_3feat,44b6_9be80b04,44b6_9be80b04:155,union|44b6_9be80b04:155|165,0,0.0008105174922597822
oof_logistic_3feat,44b6_9be80b04,44b6_9be80b04:155,union|44b6_9be80b04:155|166,0,0.0013147116745152246
oof_logistic_3feat,44b6_9be80b04,44b6_9be80b04:155,union|44b6_9be80b04:155|167,0,0.0007205105373659255
oof_logistic_3feat,44b6_9be80b04,44b6_9be80b04:155,union|44b6_9be80b04:155|168,0,0.0009573667927360892
oof_logistic_3feat,44b6_aaf8b0ea,44b6_aaf8b0ea:93,union|44b6_aaf8b0ea:93|0,1,0.839860731075139
oof_logistic_3feat,44b6_aaf8b0ea,44b6_aaf8b0ea:93,union|44b6_aaf8b0ea:93|1,0,0.3077434781578025
oof_logistic_3feat,44b6_aaf8b0ea,44b6_aaf8b0ea:93,union|44b6_aaf8b0ea:93|2,0,0.6963950547635703
oof_logistic_3feat,44b6_aaf8b0ea,44b6_aaf8b0ea:93,union|44b6_aaf8b0ea:93|3,0,0.6574278130202728
oof_logistic_3feat,44b6_aaf8b0ea,44b6_aaf8b0ea:93,union|44b6_aaf8b0ea:93|4,0,0.37868622696070187
oof_logistic_3feat,44b6_c50204e0,44b6_c50204e0:43,union|44b6_c50204e0:43|0,0,0.11542670756770398
oof_logistic_3feat,44b6_c50204e0,44b6_c50204e0:43,union|44b6_c50204e0:43|1,0,0.11320980010141575
oof_logistic_3feat,44b6_c50204e0,44b6_c50204e0:43,union|44b6_c50204e0:43|2,0,0.08280025770119916
oof_logistic_3feat,44b6_c50204e0,44b6_c50204e0:43,union|44b6_c50204e0:43|3,0,0.08904440257914925
oof_logistic_3feat,44b6_c50204e0,44b6_c50204e0:43,union|44b6_c50204e0:43|4,0,0.04266700349820787
oof_logistic_3feat,44b6_c50204e0,44b6_c50204e0:43,union|44b6_c50204e0:43|5,0,0.057114210602542084
oof_logistic_3feat,44b6_c50204e0,44b6_c50204e0:43,union|44b6_c50204e0:43|6,0,0.09003983064554895
oof_logistic_3feat,44b6_c50204e0,44b6_c50204e0:43,union|44b6_c50204e0:43|7,0,0.07824129201555266
oof_logistic_3feat,44b6_c50204e0,44b6_c50204e0:43,union|44b6_c50204e0:43|8,0,0.0819960869613589
oof_logistic_3feat,44b6_c50204e0,44b6_c50204e0:43,union|44b6_c50204e0:43|9,0,0.08173225567982235
oof_logistic_3feat,44b6_c50204e0,44b6_c50204e0:43,union|44b6_c50204e0:43|10,0,0.0117261250112007
oof_logistic_3feat,44b6_c50204e0,44b6_c50204e0:43,union|44b6_c50204e0:43|11,0,0.011900333765383637
oof_logistic_3feat,44b6_c50204e0,44b6_c50204e0:43,union|44b6_c50204e0:43|12,0,0.3790742877771712
oof_logistic_3feat,44b6_c50204e0,44b6_c50204e0:43,union|44b6_c50204e0:43|13,0,0.1685213637887532
oof_logistic_3feat,44b6_c50204e0,44b6_c50204e0:43,union|44b6_c50204e0:43|14,0,0.35737898468107776
oof_logistic_3feat,44b6_c50204e0,44b6_c50204e0:43,union|44b6_c50204e0:43|15,0,0.052953492930816984
oof_logistic_3feat,44b6_c50204e0,44b6_c50204e0:43,union|44b6_c50204e0:43|16,0,0.05833937075831766
oof_logistic_3feat,44b6_c50204e0,44b6_c50204e0:43,union|44b6_c50204e0:43|17,0,0.4229067284356955
oof_logistic_3feat,44b6_c50204e0,44b6_c50204e0:43,union|44b6_c50204e0:43|18,0,0.08294834946123196
oof_logistic_3feat,44b6_c50204e0,44b6_c50204e0:43,union|44b6_c50204e0:43|19,0,0.16520297026662567
oof_logistic_3feat,44b6_c50204e0,44b6_c50204e0:43,union|44b6_c50204e0:43|20,0,0.38809984974119405
oof_logistic_3feat,44b6_c50204e0,44b6_c50204e0:43,union|44b6_c50204e0:43|21,0,0.3547008903630321
oof_logistic_3feat,44b6_c50204e0,44b6_c50204e0:43,union|44b6_c50204e0:43|22,0,0.12143589171272094
oof_logistic_3feat,44b6_c50204e0,44b6_c50204e0:43,union|44b6_c50204e0:43|23,0,0.3167083362593848
oof_logistic_3feat,44b6_c50204e0,44b6_c50204e0:43,union|44b6_c50204e0:43|24,0,0.01737756802195416
oof_logistic_3feat,44b6_c50204e0,44b6_c50204e0:43,union|44b6_c50204e0:43|25,0,0.04662991781066609
oof_logistic_3feat,44b6_c50204e0,44b6_c50204e0:43,union|44b6_c50204e0:43|26,0,0.14911438425358883
oof_logistic_3feat,44b6_c50204e0,44b6_c50204e0:43,union|44b6_c50204e0:43|27,0,0.4787055187232711
oof_logistic_3feat,44b6_c50204e0,44b6_c50204e0:43,union|44b6_c50204e0:43|28,0,0.07703936492385909
oof_logistic_3feat,44b6_c50204e0,44b6_c50204e0:43,union|44b6_c50204e0:43|29,0,0.40327686076814095
oof_logistic_3feat,44b6_c50204e0,44b6_c50204e0:43,union|44b6_c50204e0:43|30,0,0.1450297877197535
oof_logistic_3feat,44b6_c50204e0,44b6_c50204e0:43,union|44b6_c50204e0:43|31,0,0.39034322122075626
oof_logistic_3feat,44b6_c50204e0,44b6_c50204e0:43,union|44b6_c50204e0:43|32,0,0.4165125762131084
oof_logistic_3feat,44b6_c50204e0,44b6_c50204e0:43,union|44b6_c50204e0:43|33,0,0.37693212564737283
oof_logistic_3feat,44b6_c50204e0,44b6_c50204e0:43,union|44b6_c50204e0:43|34,0,0.14898348483779203
oof_logistic_3feat,44b6_c50204e0,44b6_c50204e0:43,union|44b6_c50204e0:43|35,0,0.02596506904551853
oof_logistic_3feat,44b6_c50204e0,44b6_c50204e0:43,union|44b6_c50204e0:43|36,0,0.03891156615783068
oof_logistic_3feat,44b6_c50204e0,44b6_c50204e0:43,union|44b6_c50204e0:43|37,0,0.17634324648801547
oof_logistic_3feat,44b6_c50204e0,44b6_c50204e0:43,union|44b6_c50204e0:43|38,0,0.07316867229524204
oof_logistic_3feat,44b6_c50204e0,44b6_c50204e0:43,union|44b6_c50204e0:43|39,0,0.05546746540054546
oof_logistic_3feat,44b6_c50204e0,44b6_c50204e0:43,union|44b6_c50204e0:43|40,0,0.0660225850939871
oof_logistic_3feat,44b6_c50204e0,44b6_c50204e0:43,union|44b6_c50204e0:43|41,0,0.1599479320878406
oof_logistic_3feat,44b6_c50204e0,44b6_c50204e0:43,union|44b6_c50204e0:43|42,0,0.08813504749669104
oof_logistic_3feat,44b6_c50204e0,44b6_c50204e0:43,union|44b6_c50204e0:43|43,0,0.14546818196464265
oof_logistic_3feat,44b6_c50204e0,44b6_c50204e0:43,union|44b6_c50204e0:43|44,0,0.12968740854154087
oof_logistic_3feat,44b6_c50204e0,44b6_c50204e0:43,union|44b6_c50204e0:43|45,0,0.15772045748146352
oof_logistic_3feat,44b6_c50204e0,44b6_c50204e0:43,union|44b6_c50204e0:43|46,0,0.06261140007553599
oof_logistic_3feat,44b6_c50204e0,44b6_c50204e0:43,union|44b6_c50204e0:43|47,0,0.058712264828304654
oof_logistic_3feat,44b6_c50204e0,44b6_c50204e0:43,union|44b6_c50204e0:43|48,0,0.1445911816478987
oof_logistic_3feat,44b6_c50204e0,44b6_c50204e0:43,union|44b6_c50204e0:43|49,0,0.04985228736630635
oof_logistic_3feat,44b6_c50204e0,44b6_c50204e0:43,union|44b6_c50204e0:43|50,0,0.09613674002415172
oof_logistic_3feat,44b6_c50204e0,44b6_c50204e0:43,union|44b6_c50204e0:43|51,0,0.7568040758782794
oof_logistic_3feat,44b6_c50204e0,44b6_c50204e0:43,union|44b6_c50204e0:43|52,0,0.06706775542859103
oof_logistic_3feat,44b6_c50204e0,44b6_c50204e0:43,union|44b6_c50204e0:43|53,0,0.7491091513898804
oof_logistic_3feat,44b6_c50204e0,44b6_c50204e0:43,union|44b6_c50204e0:43|54,0,0.7611443931751071
oof_logistic_3feat,44b6_c50204e0,44b6_c50204e0:43,union|44b6_c50204e0:43|55,0,0.7832152158273294
oof_logistic_3feat,44b6_c50204e0,44b6_c50204e0:43,union|44b6_c50204e0:43|56,0,0.1644548427224054
oof_logistic_3feat,44b6_c50204e0,44b6_c50204e0:43,union|44b6_c50204e0:43|57,0,0.06798976727455262
oof_logistic_3feat,44b6_c50204e0,44b6_c50204e0:43,union|44b6_c50204e0:43|58,0,0.14729668876197474
oof_logistic_3feat,44b6_c50204e0,44b6_c50204e0:43,union|44b6_c50204e0:43|59,0,0.020870509396727455
oof_logistic_3feat,44b6_c50204e0,44b6_c50204e0:43,union|44b6_c50204e0:43|60,0,0.0653878164152546
oof_logistic_3feat,44b6_c50204e0,44b6_c50204e0:43,union|44b6_c50204e0:43|61,0,0.05546746540054546
oof_logistic_3feat,44b6_c50204e0,44b6_c50204e0:43,union|44b6_c50204e0:43|62,0,0.06953334886090756
oof_logistic_3feat,44b6_c50204e0,44b6_c50204e0:43,union|44b6_c50204e0:43|63,0,0.05054063191570398
oof_logistic_3feat,44b6_c50204e0,44b6_c50204e0:43,union|44b6_c50204e0:43|64,0,0.05375738294340033
oof_logistic_3feat,44b6_c50204e0,44b6_c50204e0:43,union|44b6_c50204e0:43|65,0,0.04918647555173939
oof_logistic_3feat,44b6_c50204e0,44b6_c50204e0:43,union|44b6_c50204e0:43|66,0,0.05709248528119783
oof_logistic_3feat,44b6_c50204e0,44b6_c50204e0:43,union|44b6_c50204e0:43|67,0,0.05480916267610476
oof_logistic_3feat,44b6_c50204e0,44b6_c50204e0:43,union|44b6_c50204e0:43|68,0,0.0650208288091277
oof_logistic_3feat,44b6_c50204e0,44b6_c50204e0:43,union|44b6_c50204e0:43|69,0,0.08161273940446923
oof_logistic_3feat,44b6_c50204e0,44b6_c50204e0:43,union|44b6_c50204e0:43|70,0,0.04266700349820787
oof_logistic_3feat,44b6_c50204e0,44b6_c50204e0:43,union|44b6_c50204e0:43|71,0,0.05912670860576034
oof_logistic_3feat,44b6_c50204e0,44b6_c50204e0:43,union|44b6_c50204e0:43|72,0,0.044657158026889486
oof_logistic_3feat,44b6_c50204e0,44b6_c50204e0:43,union|44b6_c50204e0:43|73,0,0.048383768322368355
oof_logistic_3feat,44b6_c50204e0,44b6_c50204e0:43,union|44b6_c50204e0:43|74,0,0.046291976771980964
oof_logistic_3feat,44b6_c50204e0,44b6_c50204e0:43,union|44b6_c50204e0:43|75,0,0.05912670860576034
oof_logistic_3feat,44b6_c50204e0,44b6_c50204e0:43,union|44b6_c50204e0:43|76,0,0.04731082789950732
oof_logistic_3feat,44b6_c50204e0,44b6_c50204e0:43,union|44b6_c50204e0:43|77,0,0.005808218132028832
oof_logistic_3feat,44b6_c50204e0,44b6_c50204e0:43,union|44b6_c50204e0:43|78,0,0.059077055163601566
oof_logistic_3feat,44b6_c50204e0,44b6_c50204e0:43,union|44b6_c50204e0:43|79,0,0.07083472061926172
oof_logistic_3feat,44b6_c50204e0,44b6_c50204e0:43,union|44b6_c50204e0:43|80,0,0.07450155767339411
oof_logistic_3feat,44b6_c50204e0,44b6_c50204e0:43,union|44b6_c50204e0:43|81,0,0.0672201040511473
oof_logistic_3feat,44b6_c50204e0,44b6_c50204e0:43,union|44b6_c50204e0:43|82,0,0.008498257609072659
oof_logistic_3feat,44b6_c50204e0,44b6_c50204e0:43,union|44b6_c50204e0:43|83,0,0.09803284966485361
oof_logistic_3feat,44b6_c50204e0,44b6_c50204e0:43,union|44b6_c50204e0:43|84,0,0.18938298288804095
oof_logistic_3feat,44b6_c50204e0,44b6_c50204e0:43,union|44b6_c50204e0:43|85,0,0.9684920923680045
oof_logistic_3feat,44b6_c50204e0,44b6_c50204e0:43,union|44b6_c50204e0:43|86,1,0.9597377232584509
oof_logistic_3feat,44b6_c50204e0,44b6_c50204e0:43,union|44b6_c50204e0:43|87,0,0.15607767707998507
oof_logistic_3feat,44b6_c50204e0,44b6_c50204e0:43,union|44b6_c50204e0:43|88,0,0.8886046139071169
oof_logistic_3feat,44b6_c50204e0,44b6_c50204e0:43,union|44b6_c50204e0:43|89,0,0.06825161849344835
oof_logistic_3feat,44b6_c50204e0,44b6_c50204e0:43,union|44b6_c50204e0:43|90,0,0.15295598860145573
oof_logistic_3feat,44b6_c50204e0,44b6_c50204e0:43,union|44b6_c50204e0:43|91,0,0.017324427856524327
oof_logistic_3feat,44b6_c50204e0,44b6_c50204e0:43,union|44b6_c50204e0:43|92,0,0.05102989944213381
oof_logistic_3feat,44b6_c50204e0,44b6_c50204e0:43,union|44b6_c50204e0:43|93,0,0.09227759452678615
oof_logistic_3feat,44b6_c50204e0,44b6_c50204e0:43,union|44b6_c50204e0:43|94,0,0.0711135995316387
oof_logistic_3feat,44b6_c50204e0,44b6_c50204e0:43,union|44b6_c50204e0:43|95,0,0.07458922857460554
oof_logistic_3feat,44b6_c50204e0,44b6_c50204e0:43,union|44b6_c50204e0:43|96,0,0.0806431841274919
oof_logistic_3feat,44b6_c50204e0,44b6_c50204e0:43,union|44b6_c50204e0:43|97,0,0.0539535176207956
oof_logistic_3feat,44b6_c50204e0,44b6_c50204e0:43,union|44b6_c50204e0:43|98,0,0.0854729598172755
oof_logistic_3feat,44b6_c50204e0,44b6_c50204e0:43,union|44b6_c50204e0:43|99,0,0.08575995609923227
oof_logistic_3feat,44b6_c50204e0,44b6_c50204e0:43,union|44b6_c50204e0:43|100,0,0.008687367644928848
oof_logistic_3feat,44b6_c50204e0,44b6_c50204e0:43,union|44b6_c50204e0:43|101,0,0.19986111630935707
oof_logistic_3feat,44b6_c50204e0,44b6_c50204e0:43,union|44b6_c50204e0:43|102,0,0.20257473110574653
oof_logistic_3feat,44b6_c50204e0,44b6_c50204e0:43,union|44b6_c50204e0:43|103,0,0.17807654068068798
oof_logistic_3feat,44b6_c50204e0,44b6_c50204e0:43,union|44b6_c50204e0:43|104,0,0.018465232883754016
oof_logistic_3feat,44b6_c50204e0,44b6_c50204e0:43,union|44b6_c50204e0:43|105,0,0.03937526575247917
oof_logistic_3feat,44b6_c50204e0,44b6_c50204e0:43,union|44b6_c50204e0:43|106,0,0.9809186274182872
oof_logistic_3feat,44b6_c50204e0,44b6_c50204e0:43,union|44b6_c50204e0:43|107,0,0.1709978750280712
oof_logistic_3feat,44b6_c50204e0,44b6_c50204e0:43,union|44b6_c50204e0:43|108,0,0.8924405026190139
oof_logistic_3feat,44b6_c50204e0,44b6_c50204e0:43,union|44b6_c50204e0:43|109,0,0.13523974334160582
oof_logistic_3feat,44b6_c50204e0,44b6_c50204e0:43,union|44b6_c50204e0:43|110,0,0.0539535176207956
oof_logistic_3feat,44b6_c50204e0,44b6_c50204e0:43,union|44b6_c50204e0:43|111,0,0.07016493030456514
oof_logistic_3feat,44b6_c50204e0,44b6_c50204e0:43,union|44b6_c50204e0:43|112,0,0.15818701565780147
oof_logistic_3feat,44b6_c50204e0,44b6_c50204e0:43,union|44b6_c50204e0:43|113,0,0.01767907247534704
oof_logistic_3feat,44b6_c50204e0,44b6_c50204e0:43,union|44b6_c50204e0:43|114,0,0.051929271556860765
oof_logistic_3feat,44b6_c50204e0,44b6_c50204e0:43,union|44b6_c50204e0:43|115,0,0.15475136701007763
oof_logistic_3feat,44b6_c50204e0,44b6_c50204e0:43,union|44b6_c50204e0:43|116,0,0.892006871832665
oof_logistic_3feat,44b6_c50204e0,44b6_c50204e0:43,union|44b6_c50204e0:43|117,0,0.16727057349467747
oof_logistic_3feat,44b6_c50204e0,44b6_c50204e0:43,union|44b6_c50204e0:43|118,0,0.05410335732277341
oof_logistic_3feat,44b6_c50204e0,44b6_c50204e0:43,union|44b6_c50204e0:43|119,0,0.05730673582948036
oof_logistic_3feat,44b6_c50204e0,44b6_c50204e0:43,union|44b6_c50204e0:43|120,0,0.14606109741127613
oof_logistic_3feat,44b6_c50204e0,44b6_c50204e0:43,union|44b6_c50204e0:43|121,0,0.02253305046328329
oof_logistic_3feat,44b6_c50204e0,44b6_c50204e0:43,union|44b6_c50204e0:43|122,0,0.05113364495814062
oof_logistic_3feat,44b6_c50204e0,44b6_c50204e0:43,union|44b6_c50204e0:43|123,0,0.11265309130205999
oof_logistic_3feat,44b6_c50204e0,44b6_c50204e0:43,union|44b6_c50204e0:43|124,0,0.059445537317510774
oof_logistic_3feat,44b6_c50204e0,44b6_c50204e0:43,union|44b6_c50204e0:43|125,0,0.02358499983585317
oof_logistic_3feat,44b6_c50204e0,44b6_c50204e0:43,union|44b6_c50204e0:43|126,0,0.1661284419944671
oof_logistic_3feat,44b6_c50204e0,44b6_c50204e0:43,union|44b6_c50204e0:43|127,0,0.08965455044700181
oof_logistic_3feat,44b6_c50204e0,44b6_c50204e0:43,union|44b6_c50204e0:43|128,0,0.07223632701187309
oof_logistic_3feat,44b6_c50204e0,44b6_c50204e0:43,union|44b6_c50204e0:43|129,0,0.2154438948365146
oof_logistic_3feat,44b6_c50204e0,44b6_c50204e0:43,union|44b6_c50204e0:43|130,0,0.06117748461918372
oof_logistic_3feat,44b6_c50204e0,44b6_c50204e0:43,union|44b6_c50204e0:43|131,0,0.13388563421164262
oof_logistic_3feat,44b6_c50204e0,44b6_c50204e0:43,union|44b6_c50204e0:43|132,0,0.021558249248791534
oof_logistic_3feat,44b6_c50204e0,44b6_c50204e0:43,union|44b6_c50204e0:43|133,0,0.06198692320637959
oof_logistic_3feat,44b6_c50204e0,44b6_c50204e0:43,union|44b6_c50204e0:43|134,0,0.0854729598172755
oof_logistic_3feat,44b6_c50204e0,44b6_c50204e0:43,union|44b6_c50204e0:43|135,0,0.0854729598172755
oof_logistic_3feat,44b6_c50204e0,44b6_c50204e0:43,union|44b6_c50204e0:43|136,0,0.0024030002145023974
oof_logistic_3feat,44b6_c50204e0,44b6_c50204e0:184,union|44b6_c50204e0:184|0,0,0.09469732552218424
oof_logistic_3feat,44b6_c50204e0,44b6_c50204e0:184,union|44b6_c50204e0:184|1,0,0.07911850423208155
oof_logistic_3feat,44b6_c50204e0,44b6_c50204e0:184,union|44b6_c50204e0:184|2,0,0.07083472061926172
oof_logistic_3feat,44b6_c50204e0,44b6_c50204e0:184,union|44b6_c50204e0:184|3,0,0.09030386540083074
oof_logistic_3feat,44b6_c50204e0,44b6_c50204e0:184,union|44b6_c50204e0:184|4,0,0.06290656925830265
oof_logistic_3feat,44b6_c50204e0,44b6_c50204e0:184,union|44b6_c50204e0:184|5,0,0.08137994430496903
oof_logistic_3feat,44b6_c50204e0,44b6_c50204e0:184,union|44b6_c50204e0:184|6,0,0.08259075809058516
oof_logistic_3feat,44b6_c50204e0,44b6_c50204e0:184,union|44b6_c50204e0:184|7,0,0.05807733627485935
oof_logistic_3feat,44b6_c50204e0,44b6_c50204e0:184,union|44b6_c50204e0:184|8,0,0.07542481806240621
oof_logistic_3feat,44b6_c50204e0,44b6_c50204e0:184,union|44b6_c50204e0:184|9,0,0.07670841142467599
oof_logistic_3feat,44b6_c50204e0,44b6_c50204e0:184,union|44b6_c50204e0:184|10,0,0.0660225850939871
oof_logistic_3feat,44b6_c50204e0,44b6_c50204e0:184,union|44b6_c50204e0:184|11,0,0.06929838111698229
oof_logistic_3feat,44b6_c50204e0,44b6_c50204e0:184,union|44b6_c50204e0:184|12,0,0.061197460670023664
oof_logistic_3feat,44b6_c50204e0,44b6_c50204e0:184,union|44b6_c50204e0:184|13,0,0.11078952330392448
oof_logistic_3feat,44b6_c50204e0,44b6_c50204e0:184,union|44b6_c50204e0:184|14,0,0.07648169218235547
oof_logistic_3feat,44b6_c50204e0,44b6_c50204e0:184,union|44b6_c50204e0:184|15,0,0.09436287900851091
oof_logistic_3feat,44b6_c50204e0,44b6_c50204e0:184,union|44b6_c50204e0:184|16,0,0.07928317087749402
oof_logistic_3feat,44b6_c50204e0,44b6_c50204e0:184,union|44b6_c50204e0:184|17,0,0.11239871318322939
oof_logistic_3feat,44b6_c50204e0,44b6_c50204e0:184,union|44b6_c50204e0:184|18,0,0.11002234618711014
oof_logistic_3feat,44b6_c50204e0,44b6_c50204e0:184,union|44b6_c50204e0:184|19,0,0.08479462490929213
oof_logistic_3feat,44b6_c50204e0,44b6_c50204e0:184,union|44b6_c50204e0:184|20,0,0.08543487723472516
oof_logistic_3feat,44b6_c50204e0,44b6_c50204e0:184,union|44b6_c50204e0:184|21,0,0.09614139521183865
oof_logistic_3feat,44b6_c50204e0,44b6_c50204e0:184,union|44b6_c50204e0:184|22,0,0.0672489500317762
oof_logistic_3feat,44b6_c50204e0,44b6_c50204e0:184,union|44b6_c50204e0:184|23,0,0.07237250172325115
oof_logistic_3feat,44b6_c50204e0,44b6_c50204e0:184,union|44b6_c50204e0:184|24,0,0.0711135995316387
oof_logistic_3feat,44b6_c50204e0,44b6_c50204e0:184,union|44b6_c50204e0:184|25,0,0.00875158986043002
oof_logistic_3feat,44b6_c50204e0,44b6_c50204e0:184,union|44b6_c50204e0:184|26,0,0.16962224971606976
oof_logistic_3feat,44b6_c50204e0,44b6_c50204e0:184,union|44b6_c50204e0:184|27,0,0.100402741259694
oof_logistic_3feat,44b6_c50204e0,44b6_c50204e0:184,union|44b6_c50204e0:184|28,0,0.19204231658447607
oof_logistic_3feat,44b6_c50204e0,44b6_c50204e0:184,union|44b6_c50204e0:184|29,0,0.18228847131427797
oof_logistic_3feat,44b6_c50204e0,44b6_c50204e0:184,union|44b6_c50204e0:184|30,0,0.20514576095547146
oof_logistic_3feat,44b6_c50204e0,44b6_c50204e0:184,union|44b6_c50204e0:184|31,0,0.19478233755114385
oof_logistic_3feat,44b6_c50204e0,44b6_c50204e0:184,union|44b6_c50204e0:184|32,0,0.1307083072082231
oof_logistic_3feat,44b6_c50204e0,44b6_c50204e0:184,union|44b6_c50204e0:184|33,0,0.18009497238925232
oof_logistic_3feat,44b6_c50204e0,44b6_c50204e0:184,union|44b6_c50204e0:184|34,0,0.1494124705197856
oof_logistic_3feat,44b6_c50204e0,44b6_c50204e0:184,union|44b6_c50204e0:184|35,0,0.055178365306232165
oof_logistic_3feat,44b6_c50204e0,44b6_c50204e0:184,union|44b6_c50204e0:184|36,0,0.09389841995829198
oof_logistic_3feat,44b6_c50204e0,44b6_c50204e0:184,union|44b6_c50204e0:184|37,0,0.5315290682324484
oof_logistic_3feat,44b6_c50204e0,44b6_c50204e0:184,union|44b6_c50204e0:184|38,0,0.2681495574142705
oof_logistic_3feat,44b6_c50204e0,44b6_c50204e0:184,union|44b6_c50204e0:184|39,0,0.47470723839770285
oof_logistic_3feat,44b6_c50204e0,44b6_c50204e0:184,union|44b6_c50204e0:184|40,0,0.07948184042114585
oof_logistic_3feat,44b6_c50204e0,44b6_c50204e0:184,union|44b6_c50204e0:184|41,0,0.23756555324294568
oof_logistic_3feat,44b6_c50204e0,44b6_c50204e0:184,union|44b6_c50204e0:184|42,0,0.47066252399400915
oof_logistic_3feat,44b6_c50204e0,44b6_c50204e0:184,union|44b6_c50204e0:184|43,0,0.4554770077358178
oof_logistic_3feat,44b6_c50204e0,44b6_c50204e0:184,union|44b6_c50204e0:184|44,0,0.060626097088944224
oof_logistic_3feat,44b6_c50204e0,44b6_c50204e0:184,union|44b6_c50204e0:184|45,0,0.49685615868449456
oof_logistic_3feat,44b6_c50204e0,44b6_c50204e0:184,union|44b6_c50204e0:184|46,0,0.44244300952470955
oof_logistic_3feat,44b6_c50204e0,44b6_c50204e0:184,union|44b6_c50204e0:184|47,0,0.435887106838694
oof_logistic_3feat,44b6_c50204e0,44b6_c50204e0:184,union|44b6_c50204e0:184|48,0,0.13322142110546212
oof_logistic_3feat,44b6_c50204e0,44b6_c50204e0:184,union|44b6_c50204e0:184|49,0,0.12406782599205243
oof_logistic_3feat,44b6_c50204e0,44b6_c50204e0:184,union|44b6_c50204e0:184|50,0,0.15736024446843047
oof_logistic_3feat,44b6_c50204e0,44b6_c50204e0:184,union|44b6_c50204e0:184|51,0,0.1263042423878759
oof_logistic_3feat,44b6_c50204e0,44b6_c50204e0:184,union|44b6_c50204e0:184|52,0,0.13253752417710013
oof_logistic_3feat,44b6_c50204e0,44b6_c50204e0:184,union|44b6_c50204e0:184|53,0,0.12867693076435105
oof_logistic_3feat,44b6_c50204e0,44b6_c50204e0:184,union|44b6_c50204e0:184|54,0,0.10009791049698416
oof_logistic_3feat,44b6_c50204e0,44b6_c50204e0:184,union|44b6_c50204e0:184|55,0,0.09790224767833577
oof_logistic_3feat,44b6_c50204e0,44b6_c50204e0:184,union|44b6_c50204e0:184|56,0,0.09416112868640815
oof_logistic_3feat,44b6_c50204e0,44b6_c50204e0:184,union|44b6_c50204e0:184|57,0,0.09235607041736395
oof_logistic_3feat,44b6_c50204e0,44b6_c50204e0:184,union|44b6_c50204e0:184|58,0,0.01417083727065706
oof_logistic_3feat,44b6_c50204e0,44b6_c50204e0:184,union|44b6_c50204e0:184|59,0,0.28387320313130626
oof_logistic_3feat,44b6_c50204e0,44b6_c50204e0:184,union|44b6_c50204e0:184|60,0,0.7137637503547928
oof_logistic_3feat,44b6_c50204e0,44b6_c50204e0:184,union|44b6_c50204e0:184|61,0,0.06213342453944392
oof_logistic_3feat,44b6_c50204e0,44b6_c50204e0:184,union|44b6_c50204e0:184|62,0,0.30201103794036477
oof_logistic_3feat,44b6_c50204e0,44b6_c50204e0:184,union|44b6_c50204e0:184|63,0,0.7040024248831648
oof_logistic_3feat,44b6_c50204e0,44b6_c50204e0:184,union|44b6_c50204e0:184|64,0,0.6435914177888935
oof_logistic_3feat,44b6_c50204e0,44b6_c50204e0:184,union|44b6_c50204e0:184|65,0,0.7137637503547928
oof_logistic_3feat,44b6_c50204e0,44b6_c50204e0:184,union|44b6_c50204e0:184|66,0,0.654215172720653
oof_logistic_3feat,44b6_c50204e0,44b6_c50204e0:184,union|44b6_c50204e0:184|67,0,0.5404956968454726
oof_logistic_3feat,44b6_c50204e0,44b6_c50204e0:184,union|44b6_c50204e0:184|68,0,0.06117748461918372
oof_logistic_3feat,44b6_c50204e0,44b6_c50204e0:184,union|44b6_c50204e0:184|69,0,0.2711301125511569
oof_logistic_3feat,44b6_c50204e0,44b6_c50204e0:184,union|44b6_c50204e0:184|70,0,0.17650505966398367
oof_logistic_3feat,44b6_c50204e0,44b6_c50204e0:184,union|44b6_c50204e0:184|71,0,0.3952781164465029
oof_logistic_3feat,44b6_c50204e0,44b6_c50204e0:184,union|44b6_c50204e0:184|72,0,0.2744085122964341
oof_logistic_3feat,44b6_c50204e0,44b6_c50204e0:184,union|44b6_c50204e0:184|73,0,0.18646191912714763
oof_logistic_3feat,44b6_c50204e0,44b6_c50204e0:184,union|44b6_c50204e0:184|74,0,0.37888549521123477
oof_logistic_3feat,44b6_c50204e0,44b6_c50204e0:184,union|44b6_c50204e0:184|75,0,0.10101913046744715
oof_logistic_3feat,44b6_c50204e0,44b6_c50204e0:184,union|44b6_c50204e0:184|76,0,0.3020808480044735
oof_logistic_3feat,44b6_c50204e0,44b6_c50204e0:184,union|44b6_c50204e0:184|77,0,0.292976981896295
oof_logistic_3feat,44b6_c50204e0,44b6_c50204e0:184,union|44b6_c50204e0:184|78,0,0.055814168596184294
oof_logistic_3feat,44b6_c50204e0,44b6_c50204e0:184,union|44b6_c50204e0:184|79,0,0.09070726043286557
oof_logistic_3feat,44b6_c50204e0,44b6_c50204e0:184,union|44b6_c50204e0:184|80,0,0.2158046097209821
oof_logistic_3feat,44b6_c50204e0,44b6_c50204e0:184,union|44b6_c50204e0:184|81,0,0.05257325980082432
oof_logistic_3feat,44b6_c50204e0,44b6_c50204e0:184,union|44b6_c50204e0:184|82,0,0.30558190548441494
oof_logistic_3feat,44b6_c50204e0,44b6_c50204e0:184,union|44b6_c50204e0:184|83,0,0.16986197251492482
oof_logistic_3feat,44b6_c50204e0,44b6_c50204e0:184,union|44b6_c50204e0:184|84,0,0.9495182029646498
oof_logistic_3feat,44b6_c50204e0,44b6_c50204e0:184,union|44b6_c50204e0:184|85,0,0.10133075508102223
oof_logistic_3feat,44b6_c50204e0,44b6_c50204e0:184,union|44b6_c50204e0:184|86,0,0.7826145856745709
oof_logistic_3feat,44b6_c50204e0,44b6_c50204e0:184,union|44b6_c50204e0:184|87,0,0.9307047362423007
oof_logistic_3feat,44b6_c50204e0,44b6_c50204e0:184,union|44b6_c50204e0:184|88,0,0.7688931460590575
oof_logistic_3feat,44b6_c50204e0,44b6_c50204e0:184,union|44b6_c50204e0:184|89,0,0.4902928989049251
oof_logistic_3feat,44b6_c50204e0,44b6_c50204e0:184,union|44b6_c50204e0:184|90,0,0.062193380773249866
oof_logistic_3feat,44b6_c50204e0,44b6_c50204e0:184,union|44b6_c50204e0:184|91,0,0.0882291353527173
oof_logistic_3feat,44b6_c50204e0,44b6_c50204e0:184,union|44b6_c50204e0:184|92,0,0.16863974077644303
oof_logistic_3feat,44b6_c50204e0,44b6_c50204e0:184,union|44b6_c50204e0:184|93,0,0.21976330734653723
oof_logistic_3feat,44b6_c50204e0,44b6_c50204e0:184,union|44b6_c50204e0:184|94,0,0.058406382157828673
oof_logistic_3feat,44b6_c50204e0,44b6_c50204e0:184,union|44b6_c50204e0:184|95,0,0.3307862012593023
oof_logistic_3feat,44b6_c50204e0,44b6_c50204e0:184,union|44b6_c50204e0:184|96,0,0.057114210602542084
oof_logistic_3feat,44b6_c50204e0,44b6_c50204e0:184,union|44b6_c50204e0:184|97,0,0.059077055163601566
oof_logistic_3feat,44b6_c50204e0,44b6_c50204e0:184,union|44b6_c50204e0:184|98,0,0.06929838111698229
oof_logistic_3feat,44b6_c50204e0,44b6_c50204e0:184,union|44b6_c50204e0:184|99,0,0.09169028673345361
oof_logistic_3feat,44b6_c50204e0,44b6_c50204e0:184,union|44b6_c50204e0:184|100,0,0.07542481806240621
oof_logistic_3feat,44b6_c50204e0,44b6_c50204e0:184,union|44b6_c50204e0:184|101,0,0.07573989137880065
oof_logistic_3feat,44b6_c50204e0,44b6_c50204e0:184,union|44b6_c50204e0:184|102,0,0.061382042702632277
oof_logistic_3feat,44b6_c50204e0,44b6_c50204e0:184,union|44b6_c50204e0:184|103,0,0.06536974862824609
oof_logistic_3feat,44b6_c50204e0,44b6_c50204e0:184,union|44b6_c50204e0:184|104,0,0.059247418722604826
oof_logistic_3feat,44b6_c50204e0,44b6_c50204e0:184,union|44b6_c50204e0:184|105,0,0.28810580833993343
oof_logistic_3feat,44b6_c50204e0,44b6_c50204e0:184,union|44b6_c50204e0:184|106,0,0.2552907296951483
oof_logistic_3feat,44b6_c50204e0,44b6_c50204e0:184,union|44b6_c50204e0:184|107,0,0.2505530485814184
oof_logistic_3feat,44b6_c50204e0,44b6_c50204e0:184,union|44b6_c50204e0:184|108,0,0.0801888036174764
oof_logistic_3feat,44b6_c50204e0,44b6_c50204e0:184,union|44b6_c50204e0:184|109,0,0.06390552860004346
oof_logistic_3feat,44b6_c50204e0,44b6_c50204e0:184,union|44b6_c50204e0:184|110,0,0.03641304373767485
oof_logistic_3feat,44b6_c50204e0,44b6_c50204e0:184,union|44b6_c50204e0:184|111,0,0.18031909933225335
oof_logistic_3feat,44b6_c50204e0,44b6_c50204e0:184,union|44b6_c50204e0:184|112,0,0.13684658226265795
oof_logistic_3feat,44b6_c50204e0,44b6_c50204e0:184,union|44b6_c50204e0:184|113,0,0.1819992497613567
oof_logistic_3feat,44b6_c50204e0,44b6_c50204e0:184,union|44b6_c50204e0:184|114,0,0.14415757148736957
oof_logistic_3feat,44b6_c50204e0,44b6_c50204e0:184,union|44b6_c50204e0:184|115,0,0.13280526651193264
oof_logistic_3feat,44b6_c50204e0,44b6_c50204e0:184,union|44b6_c50204e0:184|116,0,0.11633449743248644
oof_logistic_3feat,44b6_c50204e0,44b6_c50204e0:184,union|44b6_c50204e0:184|117,0,0.1445911816478987
oof_logistic_3feat,44b6_c50204e0,44b6_c50204e0:184,union|44b6_c50204e0:184|118,0,0.15250404309746948
oof_logistic_3feat,44b6_c50204e0,44b6_c50204e0:184,union|44b6_c50204e0:184|119,0,0.024278348398105613
oof_logistic_3feat,44b6_c50204e0,44b6_c50204e0:184,union|44b6_c50204e0:184|120,0,0.11276918211000228
oof_logistic_3feat,44b6_c50204e0,44b6_c50204e0:184,union|44b6_c50204e0:184|121,0,0.8044512027661969
oof_logistic_3feat,44b6_c50204e0,44b6_c50204e0:184,union|44b6_c50204e0:184|122,1,0.9904352315597154
oof_logistic_3feat,44b6_c50204e0,44b6_c50204e0:184,union|44b6_c50204e0:184|123,0,0.7948787509004533
oof_logistic_3feat,44b6_c50204e0,44b6_c50204e0:184,union|44b6_c50204e0:184|124,0,0.5122443986848132
oof_logistic_3feat,44b6_c50204e0,44b6_c50204e0:184,union|44b6_c50204e0:184|125,0,0.06346865689713763
oof_logistic_3feat,44b6_c50204e0,44b6_c50204e0:184,union|44b6_c50204e0:184|126,0,0.10152156759553609
oof_logistic_3feat,44b6_c50204e0,44b6_c50204e0:184,union|44b6_c50204e0:184|127,0,0.19332553415886408
oof_logistic_3feat,44b6_c50204e0,44b6_c50204e0:184,union|44b6_c50204e0:184|128,0,0.24815359830518519
oof_logistic_3feat,44b6_c50204e0,44b6_c50204e0:184,union|44b6_c50204e0:184|129,0,0.28728981962957073
oof_logistic_3feat,44b6_c50204e0,44b6_c50204e0:184,union|44b6_c50204e0:184|130,0,0.06431578344187638
oof_logistic_3feat,44b6_c50204e0,44b6_c50204e0:184,union|44b6_c50204e0:184|131,0,0.367881694397077
oof_logistic_3feat,44b6_c50204e0,44b6_c50204e0:184,union|44b6_c50204e0:184|132,0,0.15736024446843047
oof_logistic_3feat,44b6_c50204e0,44b6_c50204e0:184,union|44b6_c50204e0:184|133,0,0.05531511074545031
oof_logistic_3feat,44b6_c50204e0,44b6_c50204e0:184,union|44b6_c50204e0:184|134,0,0.10810543880908424
oof_logistic_3feat,44b6_c50204e0,44b6_c50204e0:184,union|44b6_c50204e0:184|135,0,0.10998556349425354
oof_logistic_3feat,44b6_c50204e0,44b6_c50204e0:184,union|44b6_c50204e0:184|136,0,0.11750392690604068
oof_logistic_3feat,44b6_c50204e0,44b6_c50204e0:184,union|44b6_c50204e0:184|137,0,0.12806994919110623
oof_logistic_3feat,44b6_c50204e0,44b6_c50204e0:184,union|44b6_c50204e0:184|138,0,0.10526284054851495
oof_logistic_3feat,44b6_c50204e0,44b6_c50204e0:184,union|44b6_c50204e0:184|139,0,0.015682268501841626
oof_logistic_3feat,44b6_c50204e0,44b6_c50204e0:184,union|44b6_c50204e0:184|140,0,0.06428833132299186
oof_logistic_3feat,44b6_c50204e0,44b6_c50204e0:184,union|44b6_c50204e0:184|141,0,0.8079467250648931
oof_logistic_3feat,44b6_c50204e0,44b6_c50204e0:184,union|44b6_c50204e0:184|142,0,0.8053133270743329
oof_logistic_3feat,44b6_c50204e0,44b6_c50204e0:184,union|44b6_c50204e0:184|143,0,0.47644998943376793
oof_logistic_3feat,44b6_c50204e0,44b6_c50204e0:184,union|44b6_c50204e0:184|144,0,0.11520370423573432
oof_logistic_3feat,44b6_c50204e0,44b6_c50204e0:184,union|44b6_c50204e0:184|145,0,0.24734190698146374
oof_logistic_3feat,44b6_c50204e0,44b6_c50204e0:184,union|44b6_c50204e0:184|146,0,0.24348423849393522
oof_logistic_3feat,44b6_c50204e0,44b6_c50204e0:184,union|44b6_c50204e0:184|147,0,0.2818706587670826
oof_logistic_3feat,44b6_c50204e0,44b6_c50204e0:184,union|44b6_c50204e0:184|148,0,0.3302472154169147
oof_logistic_3feat,44b6_c50204e0,44b6_c50204e0:184,union|44b6_c50204e0:184|149,0,0.06861554692057527
oof_logistic_3feat,44b6_c50204e0,44b6_c50204e0:184,union|44b6_c50204e0:184|150,0,0.07670809803619232
oof_logistic_3feat,44b6_c50204e0,44b6_c50204e0:184,union|44b6_c50204e0:184|151,0,0.0568974326033119
oof_logistic_3feat,44b6_c50204e0,44b6_c50204e0:184,union|44b6_c50204e0:184|152,0,0.06774171038464608
oof_logistic_3feat,44b6_c50204e0,44b6_c50204e0:184,union|44b6_c50204e0:184|153,0,0.059184174672094185
oof_logistic_3feat,44b6_c50204e0,44b6_c50204e0:184,union|44b6_c50204e0:184|154,0,0.006453823508000536
oof_logistic_3feat,44b6_c50204e0,44b6_c50204e0:184,union|44b6_c50204e0:184|155,0,0.8423062643407936
oof_logistic_3feat,44b6_c50204e0,44b6_c50204e0:184,union|44b6_c50204e0:184|156,0,0.5810639279507321
oof_logistic_3feat,44b6_c50204e0,44b6_c50204e0:184,union|44b6_c50204e0:184|157,0,0.06058691548936027
oof_logistic_3feat,44b6_c50204e0,44b6_c50204e0:184,union|44b6_c50204e0:184|158,0,0.09524009842941082
oof_logistic_3feat,44b6_c50204e0,44b6_c50204e0:184,union|44b6_c50204e0:184|159,0,0.2232434789187514
oof_logistic_3feat,44b6_c50204e0,44b6_c50204e0:184,union|44b6_c50204e0:184|160,0,0.2465683724196762
oof_logistic_3feat,44b6_c50204e0,44b6_c50204e0:184,union|44b6_c50204e0:184|161,0,0.34908945078843645
oof_logistic_3feat,44b6_c50204e0,44b6_c50204e0:184,union|44b6_c50204e0:184|162,0,0.06784528707426747
oof_logistic_3feat,44b6_c50204e0,44b6_c50204e0:184,union|44b6_c50204e0:184|163,0,0.3574198697852683
oof_logistic_3feat,44b6_c50204e0,44b6_c50204e0:184,union|44b6_c50204e0:184|164,0,0.5610570582736816
oof_logistic_3feat,44b6_c50204e0,44b6_c50204e0:184,union|44b6_c50204e0:184|165,0,0.10039830368106242
oof_logistic_3feat,44b6_c50204e0,44b6_c50204e0:184,union|44b6_c50204e0:184|166,0,0.2626904030317048
oof_logistic_3feat,44b6_c50204e0,44b6_c50204e0:184,union|44b6_c50204e0:184|167,0,0.2556849172543254
oof_logistic_3feat,44b6_c50204e0,44b6_c50204e0:184,union|44b6_c50204e0:184|168,0,0.37032842399012195
oof_logistic_3feat,44b6_c50204e0,44b6_c50204e0:184,union|44b6_c50204e0:184|169,0,0.06536974862824609
oof_logistic_3feat,44b6_c50204e0,44b6_c50204e0:184,union|44b6_c50204e0:184|170,0,0.3515934324368537
oof_logistic_3feat,44b6_c50204e0,44b6_c50204e0:184,union|44b6_c50204e0:184|171,0,0.06960326773364094
oof_logistic_3feat,44b6_c50204e0,44b6_c50204e0:184,union|44b6_c50204e0:184|172,0,0.18046943677881622
oof_logistic_3feat,44b6_c50204e0,44b6_c50204e0:184,union|44b6_c50204e0:184|173,0,0.22034332904283105
oof_logistic_3feat,44b6_c50204e0,44b6_c50204e0:184,union|44b6_c50204e0:184|174,0,0.3845597464996469
oof_logistic_3feat,44b6_c50204e0,44b6_c50204e0:184,union|44b6_c50204e0:184|175,0,0.07840680729598759
oof_logistic_3feat,44b6_c50204e0,44b6_c50204e0:184,union|44b6_c50204e0:184|176,0,0.11565400777418665
oof_logistic_3feat,44b6_c50204e0,44b6_c50204e0:184,union|44b6_c50204e0:184|177,0,0.059445537317510774
oof_logistic_3feat,44b6_c50204e0,44b6_c50204e0:184,union|44b6_c50204e0:184|178,0,0.062401530497246865
oof_logistic_3feat,44b6_c50204e0,44b6_c50204e0:184,union|44b6_c50204e0:184|179,0,0.08390419988432861
oof_logistic_3feat,44b6_c50204e0,44b6_c50204e0:184,union|44b6_c50204e0:184|180,0,0.008027164903242649
oof_logistic_3feat,44b6_c50204e0,44b6_c50204e0:184,union|44b6_c50204e0:184|181,0,0.11810409911405793
oof_logistic_3feat,44b6_c50204e0,44b6_c50204e0:184,union|44b6_c50204e0:184|182,0,0.13049465588546902
oof_logistic_3feat,44b6_c50204e0,44b6_c50204e0:184,union|44b6_c50204e0:184|183,0,0.08640902142966747
oof_logistic_3feat,44b6_c50204e0,44b6_c50204e0:184,union|44b6_c50204e0:184|184,0,0.059765191566349296
oof_logistic_3feat,44b6_c50204e0,44b6_c50204e0:184,union|44b6_c50204e0:184|185,0,0.01821975885525424
oof_logistic_3feat,44b6_c50204e0,44b6_c50204e0:184,union|44b6_c50204e0:184|186,0,0.22669772393527346
oof_logistic_3feat,44b6_c50204e0,44b6_c50204e0:184,union|44b6_c50204e0:184|187,0,0.21161904042365118
oof_logistic_3feat,44b6_c50204e0,44b6_c50204e0:184,union|44b6_c50204e0:184|188,0,0.05727229678062192
oof_logistic_3feat,44b6_c50204e0,44b6_c50204e0:184,union|44b6_c50204e0:184|189,0,0.03559975025379306
oof_logistic_3feat,44b6_c50204e0,44b6_c50204e0:184,union|44b6_c50204e0:184|190,0,0.2539510409193346
oof_logistic_3feat,44b6_c50204e0,44b6_c50204e0:184,union|44b6_c50204e0:184|191,0,0.07948184042114585
oof_logistic_3feat,44b6_c50204e0,44b6_c50204e0:184,union|44b6_c50204e0:184|192,0,0.05748300575937086
oof_logistic_3feat,44b6_c50204e0,44b6_c50204e0:184,union|44b6_c50204e0:184|193,0,0.0830076573497083
oof_logistic_3feat,44b6_c50204e0,44b6_c50204e0:184,union|44b6_c50204e0:184|194,0,0.05625422753468078
oof_logistic_3feat,44b6_c50204e0,44b6_c50204e0:184,union|44b6_c50204e0:184|195,0,0.010136762002204706
oof_logistic_3feat,44b6_d2f34f90,44b6_d2f34f90:103,union|44b6_d2f34f90:103|0,0,0.10257223360536889
oof_logistic_3feat,44b6_d2f34f90,44b6_d2f34f90:103,union|44b6_d2f34f90:103|1,0,0.06545628674369293
oof_logistic_3feat,44b6_d2f34f90,44b6_d2f34f90:103,union|44b6_d2f34f90:103|2,0,0.06799396575490073
oof_logistic_3feat,44b6_d2f34f90,44b6_d2f34f90:103,union|44b6_d2f34f90:103|3,0,0.0702276216875831
oof_logistic_3feat,44b6_d2f34f90,44b6_d2f34f90:103,union|44b6_d2f34f90:103|4,0,0.0824919749459626
oof_logistic_3feat,44b6_d2f34f90,44b6_d2f34f90:103,union|44b6_d2f34f90:103|5,0,0.063939407628465
oof_logistic_3feat,44b6_d2f34f90,44b6_d2f34f90:103,union|44b6_d2f34f90:103|6,0,0.0160321360102607
oof_logistic_3feat,44b6_d2f34f90,44b6_d2f34f90:103,union|44b6_d2f34f90:103|7,0,0.010360277588030221
oof_logistic_3feat,44b6_d2f34f90,44b6_d2f34f90:103,union|44b6_d2f34f90:103|8,0,0.010033158960103608
oof_logistic_3feat,44b6_d2f34f90,44b6_d2f34f90:103,union|44b6_d2f34f90:103|9,0,0.010520066376819761
oof_logistic_3feat,44b6_d2f34f90,44b6_d2f34f90:103,union|44b6_d2f34f90:103|10,0,0.8175643782035779
oof_logistic_3feat,44b6_d2f34f90,44b6_d2f34f90:103,union|44b6_d2f34f90:103|11,0,0.5376126724955829
oof_logistic_3feat,44b6_d2f34f90,44b6_d2f34f90:103,union|44b6_d2f34f90:103|12,1,0.987721770027238
oof_logistic_3feat,44b6_d2f34f90,44b6_d2f34f90:103,union|44b6_d2f34f90:103|13,0,0.8577791748542754
oof_logistic_3feat,44b6_d2f34f90,44b6_d2f34f90:103,union|44b6_d2f34f90:103|14,0,0.9461988140340268
oof_logistic_3feat,44b6_d2f34f90,44b6_d2f34f90:103,union|44b6_d2f34f90:103|15,0,0.10919892704026035
oof_logistic_3feat,44b6_d2f34f90,44b6_d2f34f90:103,union|44b6_d2f34f90:103|16,0,0.03806453165202706
oof_logistic_3feat,44b6_d2f34f90,44b6_d2f34f90:103,union|44b6_d2f34f90:103|17,0,0.027267163731765024
oof_logistic_3feat,44b6_d2f34f90,44b6_d2f34f90:103,union|44b6_d2f34f90:103|18,0,0.011595201535350902
oof_logistic_3feat,44b6_d2f34f90,44b6_d2f34f90:103,union|44b6_d2f34f90:103|19,0,0.004589342600718281
oof_logistic_3feat,44b6_d2f34f90,44b6_d2f34f90:103,union|44b6_d2f34f90:103|20,0,0.02388675726005264
oof_logistic_3feat,44b6_d2f34f90,44b6_d2f34f90:103,union|44b6_d2f34f90:103|21,0,0.8110424028682715
oof_logistic_3feat,44b6_d2f34f90,44b6_d2f34f90:103,union|44b6_d2f34f90:103|22,0,0.8147305070053034
oof_logistic_3feat,44b6_d2f34f90,44b6_d2f34f90:103,union|44b6_d2f34f90:103|23,0,0.8194893483300996
oof_logistic_3feat,44b6_d2f34f90,44b6_d2f34f90:103,union|44b6_d2f34f90:103|24,0,0.07258740198159615
oof_logistic_3feat,44b6_d2f34f90,44b6_d2f34f90:103,union|44b6_d2f34f90:103|25,0,0.02901956922788577
oof_logistic_3feat,44b6_d2f34f90,44b6_d2f34f90:103,union|44b6_d2f34f90:103|26,0,0.5830786247580441
oof_logistic_3feat,44b6_d2f34f90,44b6_d2f34f90:103,union|44b6_d2f34f90:103|27,0,0.49119493688935373
oof_logistic_3feat,44b6_d2f34f90,44b6_d2f34f90:103,union|44b6_d2f34f90:103|28,0,0.5104482595031087
oof_logistic_3feat,44b6_d2f34f90,44b6_d2f34f90:103,union|44b6_d2f34f90:103|29,0,0.08563895177767766
oof_logistic_3feat,44b6_d2f34f90,44b6_d2f34f90:103,union|44b6_d2f34f90:103|30,0,0.0768603536050857
oof_logistic_3feat,44b6_d2f34f90,44b6_d2f34f90:103,union|44b6_d2f34f90:103|31,0,0.03392257248174475
oof_logistic_3feat,44b6_d2f34f90,44b6_d2f34f90:103,union|44b6_d2f34f90:103|32,0,0.04309152413622855
oof_logistic_3feat,44b6_d2f34f90,44b6_d2f34f90:103,union|44b6_d2f34f90:103|33,0,0.016713185000694936
oof_logistic_3feat,44b6_d2f34f90,44b6_d2f34f90:103,union|44b6_d2f34f90:103|34,0,0.004714904645783356
oof_logistic_3feat,44b6_d2f34f90,44b6_d2f34f90:103,union|44b6_d2f34f90:103|35,0,0.042683758715296644
oof_logistic_3feat,44b6_d2f34f90,44b6_d2f34f90:103,union|44b6_d2f34f90:103|36,0,0.838027379431153
oof_logistic_3feat,44b6_d2f34f90,44b6_d2f34f90:103,union|44b6_d2f34f90:103|37,0,0.9536737386625574
oof_logistic_3feat,44b6_d2f34f90,44b6_d2f34f90:103,union|44b6_d2f34f90:103|38,0,0.08265065480120153
oof_logistic_3feat,44b6_d2f34f90,44b6_d2f34f90:103,union|44b6_d2f34f90:103|39,0,0.08137096988254598
oof_logistic_3feat,44b6_d2f34f90,44b6_d2f34f90:103,union|44b6_d2f34f90:103|40,0,0.035459271979999755
oof_logistic_3feat,44b6_d2f34f90,44b6_d2f34f90:103,union|44b6_d2f34f90:103|41,0,0.028511318532091556
oof_logistic_3feat,44b6_d2f34f90,44b6_d2f34f90:103,union|44b6_d2f34f90:103|42,0,0.011409078560546071
oof_logistic_3feat,44b6_d2f34f90,44b6_d2f34f90:103,union|44b6_d2f34f90:103|43,0,0.004833465770170161
oof_logistic_3feat,44b6_d2f34f90,44b6_d2f34f90:103,union|44b6_d2f34f90:103|44,0,0.030555942583864897
oof_logistic_3feat,44b6_d2f34f90,44b6_d2f34f90:103,union|44b6_d2f34f90:103|45,0,0.8679727019272008
oof_logistic_3feat,44b6_d2f34f90,44b6_d2f34f90:103,union|44b6_d2f34f90:103|46,0,0.10682273180426283
oof_logistic_3feat,44b6_d2f34f90,44b6_d2f34f90:103,union|44b6_d2f34f90:103|47,0,0.04893251237300108
oof_logistic_3feat,44b6_d2f34f90,44b6_d2f34f90:103,union|44b6_d2f34f90:103|48,0,0.020910811315139277
oof_logistic_3feat,44b6_d2f34f90,44b6_d2f34f90:103,union|44b6_d2f34f90:103|49,0,0.006198252932302569
oof_logistic_3feat,44b6_d2f34f90,44b6_d2f34f90:103,union|44b6_d2f34f90:103|50,0,0.022709812548552276
oof_logistic_3feat,44b6_d2f34f90,44b6_d2f34f90:103,union|44b6_d2f34f90:103|51,0,0.07506062238366838
oof_logistic_3feat,44b6_d2f34f90,44b6_d2f34f90:103,union|44b6_d2f34f90:103|52,0,0.08237609653341536
oof_logistic_3feat,44b6_d2f34f90,44b6_d2f34f90:103,union|44b6_d2f34f90:103|53,0,0.04235098718313334
oof_logistic_3feat,44b6_d2f34f90,44b6_d2f34f90:103,union|44b6_d2f34f90:103|54,0,0.020895084743216115
oof_logistic_3feat,44b6_d2f34f90,44b6_d2f34f90:103,union|44b6_d2f34f90:103|55,0,0.006152416154711531
oof_logistic_3feat,44b6_d2f34f90,44b6_d2f34f90:103,union|44b6_d2f34f90:103|56,0,0.02587625932945333
oof_logistic_3feat,44b6_d2f34f90,44b6_d2f34f90:103,union|44b6_d2f34f90:103|57,0,0.008334229619701143
oof_logistic_3feat,44b6_d2f34f90,44b6_d2f34f90:103,union|44b6_d2f34f90:103|58,0,0.008949366319903045
oof_logistic_3feat,44b6_d2f34f90,44b6_d2f34f90:103,union|44b6_d2f34f90:103|59,0,0.007951520631457527
oof_logistic_3feat,44b6_d2f34f90,44b6_d2f34f90:103,union|44b6_d2f34f90:103|60,0,0.004804410288899831
oof_logistic_3feat,44b6_d2f34f90,44b6_d2f34f90:103,union|44b6_d2f34f90:103|61,0,0.013944857561668555
oof_logistic_3feat,44b6_d2f34f90,44b6_d2f34f90:103,union|44b6_d2f34f90:103|62,0,0.006201424287805538
oof_logistic_3feat,44b6_d2f34f90,44b6_d2f34f90:103,union|44b6_d2f34f90:103|63,0,0.0032975937492796432
oof_logistic_3feat,44b6_d2f34f90,44b6_d2f34f90:103,union|44b6_d2f34f90:103|64,0,0.0014046465797736176
oof_logistic_3feat,44b6_d2f34f90,44b6_d2f34f90:103,union|44b6_d2f34f90:103|65,0,0.0006882312299322043
oof_logistic_3feat,44b6_d2f34f90,44b6_d2f34f90:103,union|44b6_d2f34f90:103|66,0,0.0029776129952634226
oof_logistic_3feat,44b6_d2f34f90,44b6_d2f34f90:103,union|44b6_d2f34f90:103|67,0,0.002953309417954182
oof_logistic_3feat,44b6_d2f34f90,44b6_d2f34f90:103,union|44b6_d2f34f90:103|68,0,0.00119543605415528
oof_logistic_3feat,44b6_d2f34f90,44b6_d2f34f90:103,union|44b6_d2f34f90:103|69,0,0.0010710714154178313
oof_logistic_3feat,44b6_d2f34f90,44b6_d2f34f90:103,union|44b6_d2f34f90:103|70,0,0.0034946414774232495
oof_logistic_3feat,44b6_d2f34f90,44b6_d2f34f90:103,union|44b6_d2f34f90:103|71,0,0.0027512600839627076
oof_logistic_3feat,44b6_d2f34f90,44b6_d2f34f90:103,union|44b6_d2f34f90:103|72,0,0.0005029839765929241
oof_logistic_3feat,44b6_d2f34f90,44b6_d2f34f90:103,union|44b6_d2f34f90:103|73,0,0.004322598397642649
oof_logistic_3feat,44b6_d2f34f90,44b6_d2f34f90:103,union|44b6_d2f34f90:103|74,0,0.0016423466255306106
oof_logistic_3feat,44b6_d2f34f90,44b6_d2f34f90:103,union|44b6_d2f34f90:103|75,0,0.000681503133381411
oof_logistic_3feat,44b6_d2f34f90,44b6_d2f34f90:137,union|44b6_d2f34f90:137|0,0,0.10163609659658174
oof_logistic_3feat,44b6_d2f34f90,44b6_d2f34f90:137,union|44b6_d2f34f90:137|1,0,0.11713590796002225
oof_logistic_3feat,44b6_d2f34f90,44b6_d2f34f90:137,union|44b6_d2f34f90:137|2,0,0.5464570368371202
oof_logistic_3feat,44b6_d2f34f90,44b6_d2f34f90:137,union|44b6_d2f34f90:137|3,0,0.23226474348100204
oof_logistic_3feat,44b6_d2f34f90,44b6_d2f34f90:137,union|44b6_d2f34f90:137|4,0,0.4252333670653944
oof_logistic_3feat,44b6_d2f34f90,44b6_d2f34f90:137,union|44b6_d2f34f90:137|5,0,0.4717196736630778
oof_logistic_3feat,44b6_d2f34f90,44b6_d2f34f90:137,union|44b6_d2f34f90:137|6,0,0.48139313698014474
oof_logistic_3feat,44b6_d2f34f90,44b6_d2f34f90:137,union|44b6_d2f34f90:137|7,0,0.41051671408704005
oof_logistic_3feat,44b6_d2f34f90,44b6_d2f34f90:137,union|44b6_d2f34f90:137|8,0,0.4086391899997746
oof_logistic_3feat,44b6_d2f34f90,44b6_d2f34f90:137,union|44b6_d2f34f90:137|9,0,0.06919525051273058
oof_logistic_3feat,44b6_d2f34f90,44b6_d2f34f90:137,union|44b6_d2f34f90:137|10,0,0.08943599954137404
oof_logistic_3feat,44b6_d2f34f90,44b6_d2f34f90:137,union|44b6_d2f34f90:137|11,0,0.06079635288949095
oof_logistic_3feat,44b6_d2f34f90,44b6_d2f34f90:137,union|44b6_d2f34f90:137|12,0,0.06357281394504462
oof_logistic_3feat,44b6_d2f34f90,44b6_d2f34f90:137,union|44b6_d2f34f90:137|13,0,0.09553998868716725
oof_logistic_3feat,44b6_d2f34f90,44b6_d2f34f90:137,union|44b6_d2f34f90:137|14,0,0.07705277133818157
oof_logistic_3feat,44b6_d2f34f90,44b6_d2f34f90:137,union|44b6_d2f34f90:137|15,0,0.0642509804767222
oof_logistic_3feat,44b6_d2f34f90,44b6_d2f34f90:137,union|44b6_d2f34f90:137|16,0,0.0714134618087337
oof_logistic_3feat,44b6_d2f34f90,44b6_d2f34f90:137,union|44b6_d2f34f90:137|17,0,0.13281850865930744
oof_logistic_3feat,44b6_d2f34f90,44b6_d2f34f90:137,union|44b6_d2f34f90:137|18,0,0.16463398477297628
oof_logistic_3feat,44b6_d2f34f90,44b6_d2f34f90:137,union|44b6_d2f34f90:137|19,0,0.08550240008618513
oof_logistic_3feat,44b6_d2f34f90,44b6_d2f34f90:137,union|44b6_d2f34f90:137|20,0,0.10065781121285051
oof_logistic_3feat,44b6_d2f34f90,44b6_d2f34f90:137,union|44b6_d2f34f90:137|21,0,0.07728993660097923
oof_logistic_3feat,44b6_d2f34f90,44b6_d2f34f90:137,union|44b6_d2f34f90:137|22,0,0.11713590796002225
oof_logistic_3feat,44b6_d2f34f90,44b6_d2f34f90:137,union|44b6_d2f34f90:137|23,0,0.10383871902781754
oof_logistic_3feat,44b6_d2f34f90,44b6_d2f34f90:137,union|44b6_d2f34f90:137|24,0,0.08861081794454945
oof_logistic_3feat,44b6_d2f34f90,44b6_d2f34f90:137,union|44b6_d2f34f90:137|25,0,0.2812214156052927
oof_logistic_3feat,44b6_d2f34f90,44b6_d2f34f90:137,union|44b6_d2f34f90:137|26,0,0.5037683567965936
oof_logistic_3feat,44b6_d2f34f90,44b6_d2f34f90:137,union|44b6_d2f34f90:137|27,0,0.7513064062925778
oof_logistic_3feat,44b6_d2f34f90,44b6_d2f34f90:137,union|44b6_d2f34f90:137|28,1,0.9888325583877142
oof_logistic_3feat,44b6_d2f34f90,44b6_d2f34f90:137,union|44b6_d2f34f90:137|29,0,0.062555043526606
oof_logistic_3feat,44b6_d2f34f90,44b6_d2f34f90:137,union|44b6_d2f34f90:137|30,0,0.7995952062687368
oof_logistic_3feat,44b6_d2f34f90,44b6_d2f34f90:137,union|44b6_d2f34f90:137|31,0,0.5608740182157318
oof_logistic_3feat,44b6_d2f34f90,44b6_d2f34f90:137,union|44b6_d2f34f90:137|32,0,0.8859111972589341
oof_logistic_3feat,44b6_d2f34f90,44b6_d2f34f90:137,union|44b6_d2f34f90:137|33,0,0.21452625106452747
oof_logistic_3feat,44b6_d2f34f90,44b6_d2f34f90:137,union|44b6_d2f34f90:137|34,0,0.21524887238691204
oof_logistic_3feat,44b6_d2f34f90,44b6_d2f34f90:137,union|44b6_d2f34f90:137|35,0,0.19679342401890382
oof_logistic_3feat,44b6_d2f34f90,44b6_d2f34f90:137,union|44b6_d2f34f90:137|36,0,0.23864016394220863
oof_logistic_3feat,44b6_d2f34f90,44b6_d2f34f90:137,union|44b6_d2f34f90:137|37,0,0.09792047317474094
oof_logistic_3feat,44b6_d2f34f90,44b6_d2f34f90:137,union|44b6_d2f34f90:137|38,0,0.29503917810864794
oof_logistic_3feat,44b6_d2f34f90,44b6_d2f34f90:137,union|44b6_d2f34f90:137|39,0,0.2546682715176876
oof_logistic_3feat,44b6_d2f34f90,44b6_d2f34f90:137,union|44b6_d2f34f90:137|40,0,0.23864016394220863
oof_logistic_3feat,44b6_d2f34f90,44b6_d2f34f90:137,union|44b6_d2f34f90:137|41,0,0.5487206211192507
oof_logistic_3feat,44b6_d2f34f90,44b6_d2f34f90:137,union|44b6_d2f34f90:137|42,0,0.5691786132275128
oof_logistic_3feat,44b6_d2f34f90,44b6_d2f34f90:137,union|44b6_d2f34f90:137|43,0,0.47815244469488033
oof_logistic_3feat,44b6_d2f34f90,44b6_d2f34f90:137,union|44b6_d2f34f90:137|44,0,0.2750789806067613
oof_logistic_3feat,44b6_d2f34f90,44b6_d2f34f90:137,union|44b6_d2f34f90:137|45,0,0.12241441330521181
oof_logistic_3feat,44b6_d2f34f90,44b6_d2f34f90:137,union|44b6_d2f34f90:137|46,0,0.7742687813193645
oof_logistic_3feat,44b6_d2f34f90,44b6_d2f34f90:137,union|44b6_d2f34f90:137|47,0,0.713639598512113
oof_logistic_3feat,44b6_d2f34f90,44b6_d2f34f90:137,union|44b6_d2f34f90:137|48,0,0.5650726046003836
oof_logistic_3feat,44b6_d2f34f90,44b6_d2f34f90:137,union|44b6_d2f34f90:137|49,0,0.6882970702926356
oof_logistic_3feat,44b6_d2f34f90,44b6_d2f34f90:137,union|44b6_d2f34f90:137|50,0,0.22524908665187188
oof_logistic_3feat,44b6_d2f34f90,44b6_d2f34f90:137,union|44b6_d2f34f90:137|51,0,0.24711997746446723
oof_logistic_3feat,44b6_d2f34f90,44b6_d2f34f90:137,union|44b6_d2f34f90:137|52,0,0.055475684012627625
oof_logistic_3feat,44b6_d2f34f90,44b6_d2f34f90:137,union|44b6_d2f34f90:137|53,0,0.7995952062687368
oof_logistic_3feat,44b6_d2f34f90,44b6_d2f34f90:137,union|44b6_d2f34f90:137|54,0,0.5693820728950286
oof_logistic_3feat,44b6_d2f34f90,44b6_d2f34f90:137,union|44b6_d2f34f90:137|55,0,0.9050272824615594
oof_logistic_3feat,44b6_d2f34f90,44b6_d2f34f90:137,union|44b6_d2f34f90:137|56,0,0.2761479921233766
oof_logistic_3feat,44b6_d2f34f90,44b6_d2f34f90:137,union|44b6_d2f34f90:137|57,0,0.27468385966497083
oof_logistic_3feat,44b6_d2f34f90,44b6_d2f34f90:137,union|44b6_d2f34f90:137|58,0,0.08132751435778242
oof_logistic_3feat,44b6_d2f34f90,44b6_d2f34f90:137,union|44b6_d2f34f90:137|59,0,0.06480907338404632
oof_logistic_3feat,44b6_d2f34f90,44b6_d2f34f90:137,union|44b6_d2f34f90:137|60,0,0.0654032994832617
oof_logistic_3feat,44b6_d2f34f90,44b6_d2f34f90:137,union|44b6_d2f34f90:137|61,0,0.6473910184524713
oof_logistic_3feat,44b6_d2f34f90,44b6_d2f34f90:137,union|44b6_d2f34f90:137|62,0,0.809916298979986
oof_logistic_3feat,44b6_d2f34f90,44b6_d2f34f90:137,union|44b6_d2f34f90:137|63,0,0.22327706468628247
oof_logistic_3feat,44b6_d2f34f90,44b6_d2f34f90:137,union|44b6_d2f34f90:137|64,0,0.2428386210735404
oof_logistic_3feat,44b6_d2f34f90,44b6_d2f34f90:137,union|44b6_d2f34f90:137|65,0,0.5527775541903394
oof_logistic_3feat,44b6_d2f34f90,44b6_d2f34f90:137,union|44b6_d2f34f90:137|66,0,0.21452625106452747
oof_logistic_3feat,44b6_d2f34f90,44b6_d2f34f90:137,union|44b6_d2f34f90:137|67,0,0.13819274746987348
oof_logistic_3feat,44b6_d2f34f90,44b6_d2f34f90:137,union|44b6_d2f34f90:137|68,0,0.30606609520501643
oof_logistic_3feat,44b6_d2f34f90,44b6_d2f34f90:137,union|44b6_d2f34f90:137|69,0,0.28135190198567006
oof_logistic_3feat,44b6_d2f34f90,44b6_d2f34f90:137,union|44b6_d2f34f90:137|70,0,0.05702841865131417
oof_logistic_3feat,44b6_d754aa59,44b6_d754aa59:54,union|44b6_d754aa59:54|0,0,0.4419905401447191
oof_logistic_3feat,44b6_d754aa59,44b6_d754aa59:54,union|44b6_d754aa59:54|1,0,0.3704512968923424
oof_logistic_3feat,44b6_d754aa59,44b6_d754aa59:54,union|44b6_d754aa59:54|2,0,0.10656466879231645
oof_logistic_3feat,44b6_d754aa59,44b6_d754aa59:54,union|44b6_d754aa59:54|3,1,0.9747153754547409
oof_logistic_3feat,44b6_d754aa59,44b6_d754aa59:54,union|44b6_d754aa59:54|4,0,0.6737443906275977
oof_logistic_3feat,44b6_d754aa59,44b6_d754aa59:54,union|44b6_d754aa59:54|5,0,0.33488607585938707
oof_logistic_3feat,44b6_d754aa59,44b6_d754aa59:54,union|44b6_d754aa59:54|6,0,0.7138935725287848
oof_logistic_3feat,44b6_d754aa59,44b6_d754aa59:54,union|44b6_d754aa59:54|7,0,0.32724126857045577
oof_logistic_3feat,44b6_d754aa59,44b6_d754aa59:54,union|44b6_d754aa59:54|8,0,0.1816790832289467
oof_logistic_3feat,44b6_deabac95,44b6_deabac95:15,union|44b6_deabac95:15|0,0,0.0975108810049598
oof_logistic_3feat,44b6_deabac95,44b6_deabac95:15,union|44b6_deabac95:15|1,0,0.07858170458448062
oof_logistic_3feat,44b6_deabac95,44b6_deabac95:15,union|44b6_deabac95:15|2,0,0.09285411964252947
oof_logistic_3feat,44b6_deabac95,44b6_deabac95:15,union|44b6_deabac95:15|3,0,0.09157647642901276
oof_logistic_3feat,44b6_deabac95,44b6_deabac95:15,union|44b6_deabac95:15|4,0,0.06618488052106232
oof_logistic_3feat,44b6_deabac95,44b6_deabac95:15,union|44b6_deabac95:15|5,0,0.08654454835339656
oof_logistic_3feat,44b6_deabac95,44b6_deabac95:15,union|44b6_deabac95:15|6,0,0.11867798239395225
oof_logistic_3feat,44b6_deabac95,44b6_deabac95:15,union|44b6_deabac95:15|7,0,0.4238041351748381
oof_logistic_3feat,44b6_deabac95,44b6_deabac95:15,union|44b6_deabac95:15|8,0,0.4169986668523903
oof_logistic_3feat,44b6_deabac95,44b6_deabac95:15,union|44b6_deabac95:15|9,0,0.44733054191388516
oof_logistic_3feat,44b6_deabac95,44b6_deabac95:15,union|44b6_deabac95:15|10,0,0.44966194265458753
oof_logistic_3feat,44b6_deabac95,44b6_deabac95:15,union|44b6_deabac95:15|11,0,0.38188044396580384
oof_logistic_3feat,44b6_deabac95,44b6_deabac95:15,union|44b6_deabac95:15|12,0,0.15177400017771536
oof_logistic_3feat,44b6_deabac95,44b6_deabac95:15,union|44b6_deabac95:15|13,0,0.14645151688310631
oof_logistic_3feat,44b6_deabac95,44b6_deabac95:15,union|44b6_deabac95:15|14,0,0.12206685561901906
oof_logistic_3feat,44b6_deabac95,44b6_deabac95:15,union|44b6_deabac95:15|15,0,0.12860961219620198
oof_logistic_3feat,44b6_deabac95,44b6_deabac95:15,union|44b6_deabac95:15|16,0,0.1136160015851791
oof_logistic_3feat,44b6_deabac95,44b6_deabac95:15,union|44b6_deabac95:15|17,0,0.6613671082003213
oof_logistic_3feat,44b6_deabac95,44b6_deabac95:15,union|44b6_deabac95:15|18,0,0.7076579877173476
oof_logistic_3feat,44b6_deabac95,44b6_deabac95:15,union|44b6_deabac95:15|19,0,0.5848327883591099
oof_logistic_3feat,44b6_deabac95,44b6_deabac95:15,union|44b6_deabac95:15|20,0,0.1258207291946425
oof_logistic_3feat,44b6_deabac95,44b6_deabac95:15,union|44b6_deabac95:15|21,0,0.5929530169065422
oof_logistic_3feat,44b6_deabac95,44b6_deabac95:15,union|44b6_deabac95:15|22,0,0.8456199394726024
oof_logistic_3feat,44b6_deabac95,44b6_deabac95:15,union|44b6_deabac95:15|23,0,0.8145019687879504
oof_logistic_3feat,44b6_deabac95,44b6_deabac95:15,union|44b6_deabac95:15|24,0,0.12850765931436306
oof_logistic_3feat,44b6_deabac95,44b6_deabac95:15,union|44b6_deabac95:15|25,0,0.14173707469195243
oof_logistic_3feat,44b6_deabac95,44b6_deabac95:15,union|44b6_deabac95:15|26,0,0.6043933921026304
oof_logistic_3feat,44b6_deabac95,44b6_deabac95:15,union|44b6_deabac95:15|27,0,0.6542144407665369
oof_logistic_3feat,44b6_deabac95,44b6_deabac95:15,union|44b6_deabac95:15|28,0,0.13529933233962696
oof_logistic_3feat,44b6_deabac95,44b6_deabac95:15,union|44b6_deabac95:15|29,1,0.8396540644437853
oof_logistic_3feat,44b6_deabac95,44b6_deabac95:15,union|44b6_deabac95:15|30,0,0.13255065789076376
oof_logistic_3feat,44b6_deabac95,44b6_deabac95:15,union|44b6_deabac95:15|31,0,0.14018477880878477
oof_logistic_3feat,44b6_deabac95,44b6_deabac95:15,union|44b6_deabac95:15|32,0,0.10999085115085125
oof_logistic_3feat,44b6_deabac95,44b6_deabac95:15,union|44b6_deabac95:15|33,0,0.19325705594973447
oof_logistic_3feat,44b6_deabac95,44b6_deabac95:15,union|44b6_deabac95:15|34,0,0.12040015282965778
oof_logistic_3feat,44b6_eb2880fc,44b6_eb2880fc:282,union|44b6_eb2880fc:282|0,0,0.03239741110764688
oof_logistic_3feat,44b6_eb2880fc,44b6_eb2880fc:282,union|44b6_eb2880fc:282|1,0,0.033047859355971924
oof_logistic_3feat,44b6_eb2880fc,44b6_eb2880fc:282,union|44b6_eb2880fc:282|2,0,0.028889967070511502
oof_logistic_3feat,44b6_eb2880fc,44b6_eb2880fc:282,union|44b6_eb2880fc:282|3,0,0.03442756483810981
oof_logistic_3feat,44b6_eb2880fc,44b6_eb2880fc:282,union|44b6_eb2880fc:282|4,0,0.03599536493104863
oof_logistic_3feat,44b6_eb2880fc,44b6_eb2880fc:282,union|44b6_eb2880fc:282|5,0,0.02618200483032938
oof_logistic_3feat,44b6_eb2880fc,44b6_eb2880fc:282,union|44b6_eb2880fc:282|6,0,0.03163271182748726
oof_logistic_3feat,44b6_eb2880fc,44b6_eb2880fc:282,union|44b6_eb2880fc:282|7,0,0.031160187768677364
oof_logistic_3feat,44b6_eb2880fc,44b6_eb2880fc:282,union|44b6_eb2880fc:282|8,0,0.028049665077303252
oof_logistic_3feat,44b6_eb2880fc,44b6_eb2880fc:282,union|44b6_eb2880fc:282|9,0,0.004357762297527747
oof_logistic_3feat,44b6_eb2880fc,44b6_eb2880fc:282,union|44b6_eb2880fc:282|10,0,0.00439102947471101
oof_logistic_3feat,44b6_eb2880fc,44b6_eb2880fc:282,union|44b6_eb2880fc:282|11,0,0.004669612172320978
oof_logistic_3feat,44b6_eb2880fc,44b6_eb2880fc:282,union|44b6_eb2880fc:282|12,0,0.058712755287593836
oof_logistic_3feat,44b6_eb2880fc,44b6_eb2880fc:282,union|44b6_eb2880fc:282|13,0,0.06084811309606215
oof_logistic_3feat,44b6_eb2880fc,44b6_eb2880fc:282,union|44b6_eb2880fc:282|14,0,0.057453427443298656
oof_logistic_3feat,44b6_eb2880fc,44b6_eb2880fc:282,union|44b6_eb2880fc:282|15,0,0.05050872563701088
oof_logistic_3feat,44b6_eb2880fc,44b6_eb2880fc:282,union|44b6_eb2880fc:282|16,0,0.022603937798007692
oof_logistic_3feat,44b6_eb2880fc,44b6_eb2880fc:282,union|44b6_eb2880fc:282|17,0,0.056867783827059884
oof_logistic_3feat,44b6_eb2880fc,44b6_eb2880fc:282,union|44b6_eb2880fc:282|18,0,0.051088156514917486
oof_logistic_3feat,44b6_eb2880fc,44b6_eb2880fc:282,union|44b6_eb2880fc:282|19,0,0.03779766330816042
oof_logistic_3feat,44b6_eb2880fc,44b6_eb2880fc:282,union|44b6_eb2880fc:282|20,0,0.007917056841225695
oof_logistic_3feat,44b6_eb2880fc,44b6_eb2880fc:282,union|44b6_eb2880fc:282|21,0,0.008292002513966541
oof_logistic_3feat,44b6_eb2880fc,44b6_eb2880fc:282,union|44b6_eb2880fc:282|22,0,0.009722579556587627
oof_logistic_3feat,44b6_eb2880fc,44b6_eb2880fc:282,union|44b6_eb2880fc:282|23,0,0.008775308617771278
oof_logistic_3feat,44b6_eb2880fc,44b6_eb2880fc:282,union|44b6_eb2880fc:282|24,0,0.008064524892592706
oof_logistic_3feat,44b6_eb2880fc,44b6_eb2880fc:282,union|44b6_eb2880fc:282|25,0,0.08185628906012904
oof_logistic_3feat,44b6_eb2880fc,44b6_eb2880fc:282,union|44b6_eb2880fc:282|26,0,0.046418680091845486
oof_logistic_3feat,44b6_eb2880fc,44b6_eb2880fc:282,union|44b6_eb2880fc:282|27,0,0.22774678138928958
oof_logistic_3feat,44b6_eb2880fc,44b6_eb2880fc:282,union|44b6_eb2880fc:282|28,0,0.027271639305850272
oof_logistic_3feat,44b6_eb2880fc,44b6_eb2880fc:282,union|44b6_eb2880fc:282|29,0,0.02078703534959079
oof_logistic_3feat,44b6_eb2880fc,44b6_eb2880fc:282,union|44b6_eb2880fc:282|30,0,0.23024757137369722
oof_logistic_3feat,44b6_eb2880fc,44b6_eb2880fc:282,union|44b6_eb2880fc:282|31,0,0.2204795718609592
oof_logistic_3feat,44b6_eb2880fc,44b6_eb2880fc:282,union|44b6_eb2880fc:282|32,0,0.2066427901151107
oof_logistic_3feat,44b6_eb2880fc,44b6_eb2880fc:282,union|44b6_eb2880fc:282|33,0,0.10801036103753059
oof_logistic_3feat,44b6_eb2880fc,44b6_eb2880fc:282,union|44b6_eb2880fc:282|34,0,0.21113312831380696
oof_logistic_3feat,44b6_eb2880fc,44b6_eb2880fc:282,union|44b6_eb2880fc:282|35,0,0.04152230451060724
oof_logistic_3feat,44b6_eb2880fc,44b6_eb2880fc:282,union|44b6_eb2880fc:282|36,0,0.03861186245430216
oof_logistic_3feat,44b6_eb2880fc,44b6_eb2880fc:282,union|44b6_eb2880fc:282|37,0,0.04706400121991512
oof_logistic_3feat,44b6_eb2880fc,44b6_eb2880fc:282,union|44b6_eb2880fc:282|38,0,0.04525176326457998
oof_logistic_3feat,44b6_eb2880fc,44b6_eb2880fc:282,union|44b6_eb2880fc:282|39,0,0.061183885341434
oof_logistic_3feat,44b6_eb2880fc,44b6_eb2880fc:282,union|44b6_eb2880fc:282|40,0,0.024157101809823996
oof_logistic_3feat,44b6_eb2880fc,44b6_eb2880fc:282,union|44b6_eb2880fc:282|41,0,0.06905288313260585
oof_logistic_3feat,44b6_eb2880fc,44b6_eb2880fc:282,union|44b6_eb2880fc:282|42,0,0.07578475574711895
oof_logistic_3feat,44b6_eb2880fc,44b6_eb2880fc:282,union|44b6_eb2880fc:282|43,0,0.03688673256889767
oof_logistic_3feat,44b6_eb2880fc,44b6_eb2880fc:282,union|44b6_eb2880fc:282|44,0,0.06379171697717144
oof_logistic_3feat,44b6_eb2880fc,44b6_eb2880fc:282,union|44b6_eb2880fc:282|45,0,0.06391325953484915
oof_logistic_3feat,44b6_eb2880fc,44b6_eb2880fc:282,union|44b6_eb2880fc:282|46,0,0.01050478803381945
oof_logistic_3feat,44b6_eb2880fc,44b6_eb2880fc:282,union|44b6_eb2880fc:282|47,0,0.01211738627525946
oof_logistic_3feat,44b6_eb2880fc,44b6_eb2880fc:282,union|44b6_eb2880fc:282|48,0,0.010474617088942283
oof_logistic_3feat,44b6_eb2880fc,44b6_eb2880fc:282,union|44b6_eb2880fc:282|49,0,0.012081106435146548
oof_logistic_3feat,44b6_eb2880fc,44b6_eb2880fc:282,union|44b6_eb2880fc:282|50,0,0.04591999755652413
oof_logistic_3feat,44b6_eb2880fc,44b6_eb2880fc:282,union|44b6_eb2880fc:282|51,0,0.020016819860167435
oof_logistic_3feat,44b6_eb2880fc,44b6_eb2880fc:282,union|44b6_eb2880fc:282|52,1,0.049633795000777366
oof_logistic_3feat,44b6_eb2880fc,44b6_eb2880fc:282,union|44b6_eb2880fc:282|53,0,0.034930426152004895
oof_logistic_3feat,44b6_eb2880fc,44b6_eb2880fc:282,union|44b6_eb2880fc:282|54,0,0.04271006377405284
oof_logistic_3feat,44b6_eb2880fc,44b6_eb2880fc:282,union|44b6_eb2880fc:282|55,0,0.04693695064815029
oof_logistic_3feat,44b6_eb2880fc,44b6_eb2880fc:282,union|44b6_eb2880fc:282|56,0,0.0069562158257342995
oof_logistic_3feat,44b6_eb2880fc,44b6_eb2880fc:282,union|44b6_eb2880fc:282|57,0,0.007804108541663932
oof_logistic_3feat,44b6_eb2880fc,44b6_eb2880fc:282,union|44b6_eb2880fc:282|58,0,0.0076714191125120445
oof_logistic_3feat,44b6_eb2880fc,44b6_eb2880fc:282,union|44b6_eb2880fc:282|59,0,0.03121059001499135
oof_logistic_3feat,44b6_eb2880fc,44b6_eb2880fc:282,union|44b6_eb2880fc:282|60,0,0.25035727013757264
oof_logistic_3feat,44b6_eb2880fc,44b6_eb2880fc:282,union|44b6_eb2880fc:282|61,0,0.2744685313563826
oof_logistic_3feat,44b6_eb2880fc,44b6_eb2880fc:282,union|44b6_eb2880fc:282|62,0,0.10291633808234518
oof_logistic_3feat,44b6_eb2880fc,44b6_eb2880fc:282,union|44b6_eb2880fc:282|63,0,0.04443856507827152
oof_logistic_3feat,44b6_eb2880fc,44b6_eb2880fc:282,union|44b6_eb2880fc:282|64,0,0.2230764636514426
oof_logistic_3feat,44b6_eb2880fc,44b6_eb2880fc:282,union|44b6_eb2880fc:282|65,0,0.2237965015321198
oof_logistic_3feat,44b6_eb2880fc,44b6_eb2880fc:282,union|44b6_eb2880fc:282|66,0,0.04169856060983609
oof_logistic_3feat,44b6_eb2880fc,44b6_eb2880fc:282,union|44b6_eb2880fc:282|67,0,0.04066829576753822
oof_logistic_3feat,44b6_eb2880fc,44b6_eb2880fc:282,union|44b6_eb2880fc:282|68,0,0.0424664766579339
oof_logistic_3feat,44b6_eb2880fc,44b6_eb2880fc:282,union|44b6_eb2880fc:282|69,0,0.0412149953236055
oof_logistic_3feat,44b6_eb2880fc,44b6_eb2880fc:282,union|44b6_eb2880fc:282|70,0,0.026005446552397858
oof_logistic_3feat,44b6_eb2880fc,44b6_eb2880fc:282,union|44b6_eb2880fc:282|71,0,0.02935565190923397
oof_logistic_3feat,44b6_eb2880fc,44b6_eb2880fc:282,union|44b6_eb2880fc:282|72,0,0.02935565190923397
oof_logistic_3feat,44b6_eb2880fc,44b6_eb2880fc:282,union|44b6_eb2880fc:282|73,0,0.02518001703865517
oof_logistic_3feat,44b6_eb2880fc,44b6_eb2880fc:282,union|44b6_eb2880fc:282|74,0,0.02487339987397232
oof_logistic_3feat,44b6_eb2880fc,44b6_eb2880fc:282,union|44b6_eb2880fc:282|75,0,0.004901794464011759
oof_logistic_3feat,44b6_eb2880fc,44b6_eb2880fc:282,union|44b6_eb2880fc:282|76,0,0.021972334744460725
oof_logistic_3feat,44b6_eb2880fc,44b6_eb2880fc:282,union|44b6_eb2880fc:282|77,0,0.026658001250551785
oof_logistic_3feat,44b6_eb2880fc,44b6_eb2880fc:282,union|44b6_eb2880fc:282|78,0,0.029197519087986804
oof_logistic_3feat,44b6_eb2880fc,44b6_eb2880fc:282,union|44b6_eb2880fc:282|79,0,0.021568029734813674
oof_logistic_3feat,44b6_eb2880fc,44b6_eb2880fc:282,union|44b6_eb2880fc:282|80,0,0.022065631325543598
oof_logistic_3feat,44b6_eb2880fc,44b6_eb2880fc:282,union|44b6_eb2880fc:282|81,0,0.0034540198763137932
oof_logistic_3feat,44b6_eb2880fc,44b6_eb2880fc:282,union|44b6_eb2880fc:282|82,0,0.004440178571242577
oof_logistic_3feat,44b6_eb2880fc,44b6_eb2880fc:282,union|44b6_eb2880fc:282|83,0,0.004462827436575536
oof_logistic_3feat,44b6_eb2880fc,44b6_eb2880fc:282,union|44b6_eb2880fc:282|84,0,0.003339336109026178
oof_logistic_3feat,44b6_eb2880fc,44b6_eb2880fc:282,union|44b6_eb2880fc:282|85,0,0.0037070480640407954
oof_logistic_3feat,44b6_eb2880fc,44b6_eb2880fc:282,union|44b6_eb2880fc:282|86,0,0.2723276749251292
oof_logistic_3feat,44b6_eb2880fc,44b6_eb2880fc:282,union|44b6_eb2880fc:282|87,0,0.037209032670446535
oof_logistic_3feat,44b6_eb2880fc,44b6_eb2880fc:282,union|44b6_eb2880fc:282|88,0,0.4382118806894615
oof_logistic_3feat,44b6_eb2880fc,44b6_eb2880fc:282,union|44b6_eb2880fc:282|89,0,0.10524012126163441
oof_logistic_3feat,44b6_eb2880fc,44b6_eb2880fc:282,union|44b6_eb2880fc:282|90,0,0.04862915990395636
oof_logistic_3feat,44b6_eb2880fc,44b6_eb2880fc:282,union|44b6_eb2880fc:282|91,0,0.9779005951634633
oof_logistic_3feat,44b6_eb2880fc,44b6_eb2880fc:282,union|44b6_eb2880fc:282|92,0,0.06752084244725212
oof_logistic_3feat,44b6_eb2880fc,44b6_eb2880fc:282,union|44b6_eb2880fc:282|93,0,0.4011945338505507
oof_logistic_3feat,44b6_eb2880fc,44b6_eb2880fc:282,union|44b6_eb2880fc:282|94,0,0.03626971172680935
oof_logistic_3feat,44b6_eb2880fc,44b6_eb2880fc:282,union|44b6_eb2880fc:282|95,0,0.8105748668732228
oof_logistic_3feat,44b6_eb2880fc,44b6_eb2880fc:282,union|44b6_eb2880fc:282|96,0,0.021177967372387654
oof_logistic_3feat,44b6_eb2880fc,44b6_eb2880fc:282,union|44b6_eb2880fc:282|97,0,0.5726502004481112
oof_logistic_3feat,44b6_eb2880fc,44b6_eb2880fc:282,union|44b6_eb2880fc:282|98,0,0.5473003243842627
oof_logistic_3feat,44b6_eb2880fc,44b6_eb2880fc:282,union|44b6_eb2880fc:282|99,0,0.9120954933993093
oof_logistic_3feat,44b6_eb2880fc,44b6_eb2880fc:282,union|44b6_eb2880fc:282|100,0,0.04122703258582228
oof_logistic_3feat,44b6_eb2880fc,44b6_eb2880fc:282,union|44b6_eb2880fc:282|101,0,0.03990051430346914
oof_logistic_3feat,44b6_eb2880fc,44b6_eb2880fc:282,union|44b6_eb2880fc:282|102,0,0.10590771624925552
oof_logistic_3feat,44b6_eb2880fc,44b6_eb2880fc:282,union|44b6_eb2880fc:282|103,0,0.28641880917845386
oof_logistic_3feat,44b6_eb2880fc,44b6_eb2880fc:282,union|44b6_eb2880fc:282|104,0,0.061613666572382216
oof_logistic_3feat,44b6_eb2880fc,44b6_eb2880fc:282,union|44b6_eb2880fc:282|105,0,0.052958557833121846
oof_logistic_3feat,44b6_eb2880fc,44b6_eb2880fc:282,union|44b6_eb2880fc:282|106,0,0.02261316279884435
oof_logistic_3feat,44b6_eb2880fc,44b6_eb2880fc:282,union|44b6_eb2880fc:282|107,0,0.06166017766213269
oof_logistic_3feat,44b6_eb2880fc,44b6_eb2880fc:282,union|44b6_eb2880fc:282|108,0,0.05142893906687489
oof_logistic_3feat,44b6_eb2880fc,44b6_eb2880fc:282,union|44b6_eb2880fc:282|109,0,0.05454526871372541
oof_logistic_3feat,44b6_eb2880fc,44b6_eb2880fc:282,union|44b6_eb2880fc:282|110,0,0.04085064932062914
oof_logistic_3feat,44b6_eb2880fc,44b6_eb2880fc:282,union|44b6_eb2880fc:282|111,0,0.035199191126883016
oof_logistic_3feat,44b6_eb2880fc,44b6_eb2880fc:282,union|44b6_eb2880fc:282|112,0,0.040446676344923764
oof_logistic_3feat,44b6_eb2880fc,44b6_eb2880fc:282,union|44b6_eb2880fc:282|113,0,0.006143568036720141
oof_logistic_3feat,44b6_eb2880fc,44b6_eb2880fc:282,union|44b6_eb2880fc:282|114,0,0.00799121461056774
oof_logistic_3feat,44b6_eb2880fc,44b6_eb2880fc:282,union|44b6_eb2880fc:282|115,0,0.0077563204995093876
oof_logistic_3feat,44b6_eb2880fc,44b6_eb2880fc:282,union|44b6_eb2880fc:282|116,0,0.005948910593061171
oof_logistic_3feat,44b6_eb2880fc,44b6_eb2880fc:282,union|44b6_eb2880fc:282|117,0,0.006673236178083933
oof_logistic_3feat,44b6_eb2880fc,44b6_eb2880fc:282,union|44b6_eb2880fc:282|118,0,0.1023133524829885
oof_logistic_3feat,44b6_eb2880fc,44b6_eb2880fc:282,union|44b6_eb2880fc:282|119,0,0.04792523268057302
oof_logistic_3feat,44b6_eb2880fc,44b6_eb2880fc:282,union|44b6_eb2880fc:282|120,0,0.4135555553037351
oof_logistic_3feat,44b6_eb2880fc,44b6_eb2880fc:282,union|44b6_eb2880fc:282|121,0,0.41229921923861673
oof_logistic_3feat,44b6_eb2880fc,44b6_eb2880fc:282,union|44b6_eb2880fc:282|122,0,0.03409911595975356
oof_logistic_3feat,44b6_eb2880fc,44b6_eb2880fc:282,union|44b6_eb2880fc:282|123,0,0.09934007470387728
oof_logistic_3feat,44b6_eb2880fc,44b6_eb2880fc:282,union|44b6_eb2880fc:282|124,0,0.09816696554452445
oof_logistic_3feat,44b6_eb2880fc,44b6_eb2880fc:282,union|44b6_eb2880fc:282|125,0,0.09776943112069664
oof_logistic_3feat,44b6_eb2880fc,44b6_eb2880fc:282,union|44b6_eb2880fc:282|126,0,0.03855337538416586
oof_logistic_3feat,44b6_eb2880fc,44b6_eb2880fc:282,union|44b6_eb2880fc:282|127,0,0.11684693253335468
oof_logistic_3feat,44b6_eb2880fc,44b6_eb2880fc:282,union|44b6_eb2880fc:282|128,0,0.10458769256252617
oof_logistic_3feat,44b6_eb2880fc,44b6_eb2880fc:282,union|44b6_eb2880fc:282|129,0,0.016485982599443696
oof_logistic_3feat,44b6_eb2880fc,44b6_eb2880fc:282,union|44b6_eb2880fc:282|130,0,0.01608078276536053
oof_logistic_3feat,44b6_eb2880fc,44b6_eb2880fc:282,union|44b6_eb2880fc:282|131,0,0.016203451944430534
oof_logistic_3feat,44b6_eb2880fc,44b6_eb2880fc:282,union|44b6_eb2880fc:282|132,0,0.016099161582700073
oof_logistic_3feat,44b6_eb2880fc,44b6_eb2880fc:282,union|44b6_eb2880fc:282|133,0,0.0230910072201075
oof_logistic_3feat,44b6_eb2880fc,44b6_eb2880fc:282,union|44b6_eb2880fc:282|134,0,0.04525176326457998
oof_logistic_3feat,44b6_eb2880fc,44b6_eb2880fc:282,union|44b6_eb2880fc:282|135,0,0.04409217070087765
oof_logistic_3feat,44b6_eb2880fc,44b6_eb2880fc:282,union|44b6_eb2880fc:282|136,0,0.03547463486067457
oof_logistic_3feat,44b6_eb2880fc,44b6_eb2880fc:282,union|44b6_eb2880fc:282|137,0,0.008048155829754803
oof_logistic_3feat,44b6_eb2880fc,44b6_eb2880fc:282,union|44b6_eb2880fc:282|138,0,0.007029673718295746
oof_logistic_3feat,44b6_eb2880fc,44b6_eb2880fc:282,union|44b6_eb2880fc:282|139,0,0.007968659991237761
oof_logistic_3feat,44b6_eb2880fc,44b6_eb2880fc:282,union|44b6_eb2880fc:282|140,0,0.008229507742886123
oof_logistic_3feat,44b6_eb2880fc,44b6_eb2880fc:282,union|44b6_eb2880fc:282|141,0,0.06651844510435415
oof_logistic_3feat,44b6_eb2880fc,44b6_eb2880fc:282,union|44b6_eb2880fc:282|142,0,0.42462386845482836
oof_logistic_3feat,44b6_eb2880fc,44b6_eb2880fc:282,union|44b6_eb2880fc:282|143,0,0.03948435274406609
oof_logistic_3feat,44b6_eb2880fc,44b6_eb2880fc:282,union|44b6_eb2880fc:282|144,0,0.8102424807442239
oof_logistic_3feat,44b6_eb2880fc,44b6_eb2880fc:282,union|44b6_eb2880fc:282|145,0,0.021173541978784342
oof_logistic_3feat,44b6_eb2880fc,44b6_eb2880fc:282,union|44b6_eb2880fc:282|146,0,0.5521147903669831
oof_logistic_3feat,44b6_eb2880fc,44b6_eb2880fc:282,union|44b6_eb2880fc:282|147,0,0.5527744084633797
oof_logistic_3feat,44b6_eb2880fc,44b6_eb2880fc:282,union|44b6_eb2880fc:282|148,0,0.8711897720036188
oof_logistic_3feat,44b6_eb2880fc,44b6_eb2880fc:282,union|44b6_eb2880fc:282|149,0,0.04191063385700216
oof_logistic_3feat,44b6_eb2880fc,44b6_eb2880fc:282,union|44b6_eb2880fc:282|150,0,0.06273024167265417
oof_logistic_3feat,44b6_eb2880fc,44b6_eb2880fc:282,union|44b6_eb2880fc:282|151,0,0.04090687773243687
oof_logistic_3feat,44b6_eb2880fc,44b6_eb2880fc:282,union|44b6_eb2880fc:282|152,0,0.013545122439849146
oof_logistic_3feat,44b6_eb2880fc,44b6_eb2880fc:282,union|44b6_eb2880fc:282|153,0,0.01341596895466635
oof_logistic_3feat,44b6_eb2880fc,44b6_eb2880fc:282,union|44b6_eb2880fc:282|154,0,0.012387834463802568
oof_logistic_3feat,44b6_eb2880fc,44b6_eb2880fc:282,union|44b6_eb2880fc:282|155,0,0.013531630925256579
oof_logistic_3feat,44b6_eb2880fc,44b6_eb2880fc:282,union|44b6_eb2880fc:282|156,0,0.013629856468657029
oof_logistic_3feat,44b6_eb2880fc,44b6_eb2880fc:282,union|44b6_eb2880fc:282|157,0,0.04316571000304931
oof_logistic_3feat,44b6_eb2880fc,44b6_eb2880fc:282,union|44b6_eb2880fc:282|158,0,0.10221560522079733
oof_logistic_3feat,44b6_eb2880fc,44b6_eb2880fc:282,union|44b6_eb2880fc:282|159,0,0.08229306930288607
oof_logistic_3feat,44b6_eb2880fc,44b6_eb2880fc:282,union|44b6_eb2880fc:282|160,0,0.10366254285400096
oof_logistic_3feat,44b6_eb2880fc,44b6_eb2880fc:282,union|44b6_eb2880fc:282|161,0,0.09406603975110069
oof_logistic_3feat,44b6_eb2880fc,44b6_eb2880fc:282,union|44b6_eb2880fc:282|162,0,0.036258137642080586
oof_logistic_3feat,44b6_eb2880fc,44b6_eb2880fc:282,union|44b6_eb2880fc:282|163,0,0.007320749884794553
oof_logistic_3feat,44b6_eb2880fc,44b6_eb2880fc:282,union|44b6_eb2880fc:282|164,0,0.005752277882374292
oof_logistic_3feat,44b6_eb2880fc,44b6_eb2880fc:282,union|44b6_eb2880fc:282|165,0,0.005577469979403656
oof_logistic_3feat,44b6_eb2880fc,44b6_eb2880fc:282,union|44b6_eb2880fc:282|166,0,0.007649460039864857
oof_logistic_3feat,44b6_eb2880fc,44b6_eb2880fc:282,union|44b6_eb2880fc:282|167,0,0.006571878822666423
oof_logistic_3feat,44b6_eb2880fc,44b6_eb2880fc:282,union|44b6_eb2880fc:282|168,0,0.003684539071726881
oof_logistic_3feat,44b6_eb2880fc,44b6_eb2880fc:282,union|44b6_eb2880fc:282|169,0,0.16941611671516243
oof_logistic_3feat,44b6_eb2880fc,44b6_eb2880fc:282,union|44b6_eb2880fc:282|170,0,0.19385016787685141
oof_logistic_3feat,44b6_eb2880fc,44b6_eb2880fc:282,union|44b6_eb2880fc:282|171,0,0.4329812414758967
oof_logistic_3feat,44b6_eb2880fc,44b6_eb2880fc:282,union|44b6_eb2880fc:282|172,0,0.005708407705970356
oof_logistic_3feat,44b6_eb2880fc,44b6_eb2880fc:282,union|44b6_eb2880fc:282|173,0,0.004212736533033939
oof_logistic_3feat,44b6_eb2880fc,44b6_eb2880fc:282,union|44b6_eb2880fc:282|174,0,0.0035967083045487145
oof_logistic_3feat,44b6_eb2880fc,44b6_eb2880fc:282,union|44b6_eb2880fc:282|175,0,0.003877721992656906
oof_logistic_3feat,44b6_eb2880fc,44b6_eb2880fc:282,union|44b6_eb2880fc:282|176,0,0.15340673731813687
oof_logistic_3feat,44b6_eb2880fc,44b6_eb2880fc:282,union|44b6_eb2880fc:282|177,0,0.18235275531758785
oof_logistic_3feat,44b6_eb2880fc,44b6_eb2880fc:282,union|44b6_eb2880fc:282|178,0,0.005967573903888947
oof_logistic_3feat,44b6_eb2880fc,44b6_eb2880fc:282,union|44b6_eb2880fc:282|179,0,0.17719149767795783
oof_logistic_3feat,44b6_eb2880fc,44b6_eb2880fc:282,union|44b6_eb2880fc:282|180,0,0.005767846260049081
oof_logistic_3feat,6bba_05db0fb1,6bba_05db0fb1:229,union|6bba_05db0fb1:229|0,0,0.1535263436315587
oof_logistic_3feat,6bba_05db0fb1,6bba_05db0fb1:229,union|6bba_05db0fb1:229|1,0,0.0697869266877633
oof_logistic_3feat,6bba_05db0fb1,6bba_05db0fb1:229,union|6bba_05db0fb1:229|2,0,0.14097316530603968
oof_logistic_3feat,6bba_05db0fb1,6bba_05db0fb1:229,union|6bba_05db0fb1:229|3,0,0.1350865754476706
oof_logistic_3feat,6bba_05db0fb1,6bba_05db0fb1:229,union|6bba_05db0fb1:229|4,0,0.10935552445560974
oof_logistic_3feat,6bba_05db0fb1,6bba_05db0fb1:229,union|6bba_05db0fb1:229|5,0,0.15264016124613441
oof_logistic_3feat,6bba_05db0fb1,6bba_05db0fb1:229,union|6bba_05db0fb1:229|6,0,0.10301768383992578
oof_logistic_3feat,6bba_05db0fb1,6bba_05db0fb1:229,union|6bba_05db0fb1:229|7,0,0.09622775744506473
oof_logistic_3feat,6bba_05db0fb1,6bba_05db0fb1:229,union|6bba_05db0fb1:229|8,0,0.11284760226614685
oof_logistic_3feat,6bba_05db0fb1,6bba_05db0fb1:229,union|6bba_05db0fb1:229|9,0,0.10301768383992578
oof_logistic_3feat,6bba_05db0fb1,6bba_05db0fb1:229,union|6bba_05db0fb1:229|10,0,0.10435894212852688
oof_logistic_3feat,6bba_05db0fb1,6bba_05db0fb1:229,union|6bba_05db0fb1:229|11,0,0.015117092208886442
oof_logistic_3feat,6bba_05db0fb1,6bba_05db0fb1:229,union|6bba_05db0fb1:229|12,0,0.028655895986067166
oof_logistic_3feat,6bba_05db0fb1,6bba_05db0fb1:229,union|6bba_05db0fb1:229|13,0,0.01781482037773634
oof_logistic_3feat,6bba_05db0fb1,6bba_05db0fb1:229,union|6bba_05db0fb1:229|14,0,0.019507768060908145
oof_logistic_3feat,6bba_05db0fb1,6bba_05db0fb1:229,union|6bba_05db0fb1:229|15,0,0.05640324867362286
oof_logistic_3feat,6bba_05db0fb1,6bba_05db0fb1:229,union|6bba_05db0fb1:229|16,0,0.7613342394221674
oof_logistic_3feat,6bba_05db0fb1,6bba_05db0fb1:229,union|6bba_05db0fb1:229|17,0,0.7539617918977077
oof_logistic_3feat,6bba_05db0fb1,6bba_05db0fb1:229,union|6bba_05db0fb1:229|18,0,0.18450833703082017
oof_logistic_3feat,6bba_05db0fb1,6bba_05db0fb1:229,union|6bba_05db0fb1:229|19,0,0.7193171637870827
oof_logistic_3feat,6bba_05db0fb1,6bba_05db0fb1:229,union|6bba_05db0fb1:229|20,0,0.4823170498305294
oof_logistic_3feat,6bba_05db0fb1,6bba_05db0fb1:229,union|6bba_05db0fb1:229|21,0,0.06512462112339505
oof_logistic_3feat,6bba_05db0fb1,6bba_05db0fb1:229,union|6bba_05db0fb1:229|22,0,0.45477454463428696
oof_logistic_3feat,6bba_05db0fb1,6bba_05db0fb1:229,union|6bba_05db0fb1:229|23,0,0.7237926915414535
oof_logistic_3feat,6bba_05db0fb1,6bba_05db0fb1:229,union|6bba_05db0fb1:229|24,0,0.07470462780900222
oof_logistic_3feat,6bba_05db0fb1,6bba_05db0fb1:229,union|6bba_05db0fb1:229|25,0,0.04292710399972345
oof_logistic_3feat,6bba_05db0fb1,6bba_05db0fb1:229,union|6bba_05db0fb1:229|26,0,0.012069893019692288
oof_logistic_3feat,6bba_05db0fb1,6bba_05db0fb1:229,union|6bba_05db0fb1:229|27,0,0.39362074390812385
oof_logistic_3feat,6bba_05db0fb1,6bba_05db0fb1:229,union|6bba_05db0fb1:229|28,0,0.16885320332133397
oof_logistic_3feat,6bba_05db0fb1,6bba_05db0fb1:229,union|6bba_05db0fb1:229|29,0,0.007726218918456269
oof_logistic_3feat,6bba_05db0fb1,6bba_05db0fb1:229,union|6bba_05db0fb1:229|30,0,0.31012028054553015
oof_logistic_3feat,6bba_05db0fb1,6bba_05db0fb1:229,union|6bba_05db0fb1:229|31,0,0.03597772037194496
oof_logistic_3feat,6bba_05db0fb1,6bba_05db0fb1:229,union|6bba_05db0fb1:229|32,0,0.07288396155380912
oof_logistic_3feat,6bba_05db0fb1,6bba_05db0fb1:229,union|6bba_05db0fb1:229|33,0,0.07167850063088686
oof_logistic_3feat,6bba_05db0fb1,6bba_05db0fb1:229,union|6bba_05db0fb1:229|34,0,0.06735139148775443
oof_logistic_3feat,6bba_05db0fb1,6bba_05db0fb1:229,union|6bba_05db0fb1:229|35,0,0.07502870589259507
oof_logistic_3feat,6bba_05db0fb1,6bba_05db0fb1:229,union|6bba_05db0fb1:229|36,0,0.048449658350286806
oof_logistic_3feat,6bba_05db0fb1,6bba_05db0fb1:229,union|6bba_05db0fb1:229|37,0,0.05575863426511546
oof_logistic_3feat,6bba_05db0fb1,6bba_05db0fb1:229,union|6bba_05db0fb1:229|38,0,0.05471933013253098
oof_logistic_3feat,6bba_05db0fb1,6bba_05db0fb1:229,union|6bba_05db0fb1:229|39,0,0.02097976277577573
oof_logistic_3feat,6bba_05db0fb1,6bba_05db0fb1:229,union|6bba_05db0fb1:229|40,0,0.009446772833838782
oof_logistic_3feat,6bba_05db0fb1,6bba_05db0fb1:229,union|6bba_05db0fb1:229|41,0,0.008637953038985692
oof_logistic_3feat,6bba_05db0fb1,6bba_05db0fb1:229,union|6bba_05db0fb1:229|42,0,0.8218172066812129
oof_logistic_3feat,6bba_05db0fb1,6bba_05db0fb1:229,union|6bba_05db0fb1:229|43,0,0.2509273995077438
oof_logistic_3feat,6bba_05db0fb1,6bba_05db0fb1:229,union|6bba_05db0fb1:229|44,0,0.8961252015408729
oof_logistic_3feat,6bba_05db0fb1,6bba_05db0fb1:229,union|6bba_05db0fb1:229|45,0,0.4204133888327848
oof_logistic_3feat,6bba_05db0fb1,6bba_05db0fb1:229,union|6bba_05db0fb1:229|46,0,0.06065362632663773
oof_logistic_3feat,6bba_05db0fb1,6bba_05db0fb1:229,union|6bba_05db0fb1:229|47,0,0.09622775744506473
oof_logistic_3feat,6bba_05db0fb1,6bba_05db0fb1:229,union|6bba_05db0fb1:229|48,0,0.4364394484137858
oof_logistic_3feat,6bba_05db0fb1,6bba_05db0fb1:229,union|6bba_05db0fb1:229|49,0,0.9026764470366848
oof_logistic_3feat,6bba_05db0fb1,6bba_05db0fb1:229,union|6bba_05db0fb1:229|50,0,0.4723864792117882
oof_logistic_3feat,6bba_05db0fb1,6bba_05db0fb1:229,union|6bba_05db0fb1:229|51,0,0.07173207430948188
oof_logistic_3feat,6bba_05db0fb1,6bba_05db0fb1:229,union|6bba_05db0fb1:229|52,0,0.05179978790806819
oof_logistic_3feat,6bba_05db0fb1,6bba_05db0fb1:229,union|6bba_05db0fb1:229|53,0,0.47494138983847145
oof_logistic_3feat,6bba_05db0fb1,6bba_05db0fb1:229,union|6bba_05db0fb1:229|54,0,0.01574248651473537
oof_logistic_3feat,6bba_05db0fb1,6bba_05db0fb1:229,union|6bba_05db0fb1:229|55,0,0.30537779135880866
oof_logistic_3feat,6bba_05db0fb1,6bba_05db0fb1:229,union|6bba_05db0fb1:229|56,0,0.13904987417022305
oof_logistic_3feat,6bba_05db0fb1,6bba_05db0fb1:229,union|6bba_05db0fb1:229|57,0,0.007436008249073545
oof_logistic_3feat,6bba_05db0fb1,6bba_05db0fb1:229,union|6bba_05db0fb1:229|58,0,0.6143214423566623
oof_logistic_3feat,6bba_05db0fb1,6bba_05db0fb1:229,union|6bba_05db0fb1:229|59,0,0.03200003584433654
oof_logistic_3feat,6bba_05db0fb1,6bba_05db0fb1:229,union|6bba_05db0fb1:229|60,0,0.8488020219365289
oof_logistic_3feat,6bba_05db0fb1,6bba_05db0fb1:229,union|6bba_05db0fb1:229|61,0,0.5092347841580304
oof_logistic_3feat,6bba_05db0fb1,6bba_05db0fb1:229,union|6bba_05db0fb1:229|62,0,0.05575863426511546
oof_logistic_3feat,6bba_05db0fb1,6bba_05db0fb1:229,union|6bba_05db0fb1:229|63,0,0.5427910193266551
oof_logistic_3feat,6bba_05db0fb1,6bba_05db0fb1:229,union|6bba_05db0fb1:229|64,0,0.8342854995439021
oof_logistic_3feat,6bba_05db0fb1,6bba_05db0fb1:229,union|6bba_05db0fb1:229|65,0,0.48513542313955577
oof_logistic_3feat,6bba_05db0fb1,6bba_05db0fb1:229,union|6bba_05db0fb1:229|66,0,0.07823305640488264
oof_logistic_3feat,6bba_05db0fb1,6bba_05db0fb1:229,union|6bba_05db0fb1:229|67,0,0.1418933663072108
oof_logistic_3feat,6bba_05db0fb1,6bba_05db0fb1:229,union|6bba_05db0fb1:229|68,0,0.009935219946137951
oof_logistic_3feat,6bba_05db0fb1,6bba_05db0fb1:229,union|6bba_05db0fb1:229|69,0,0.3015959863004921
oof_logistic_3feat,6bba_05db0fb1,6bba_05db0fb1:229,union|6bba_05db0fb1:229|70,0,0.18168847176851763
oof_logistic_3feat,6bba_05db0fb1,6bba_05db0fb1:229,union|6bba_05db0fb1:229|71,0,0.008186713289669965
oof_logistic_3feat,6bba_05db0fb1,6bba_05db0fb1:229,union|6bba_05db0fb1:229|72,0,0.45717645513813693
oof_logistic_3feat,6bba_05db0fb1,6bba_05db0fb1:229,union|6bba_05db0fb1:229|73,0,0.033914744755871196
oof_logistic_3feat,6bba_05db0fb1,6bba_05db0fb1:229,union|6bba_05db0fb1:229|74,0,0.16799899778696442
oof_logistic_3feat,6bba_05db0fb1,6bba_05db0fb1:229,union|6bba_05db0fb1:229|75,0,0.05220200888692061
oof_logistic_3feat,6bba_05db0fb1,6bba_05db0fb1:229,union|6bba_05db0fb1:229|76,0,0.09054516953796293
oof_logistic_3feat,6bba_05db0fb1,6bba_05db0fb1:229,union|6bba_05db0fb1:229|77,0,0.19090623625171016
oof_logistic_3feat,6bba_05db0fb1,6bba_05db0fb1:229,union|6bba_05db0fb1:229|78,0,0.05469421121116948
oof_logistic_3feat,6bba_05db0fb1,6bba_05db0fb1:229,union|6bba_05db0fb1:229|79,0,0.18052154049792563
oof_logistic_3feat,6bba_05db0fb1,6bba_05db0fb1:229,union|6bba_05db0fb1:229|80,0,0.015288221238280901
oof_logistic_3feat,6bba_05db0fb1,6bba_05db0fb1:229,union|6bba_05db0fb1:229|81,0,0.03417413496929367
oof_logistic_3feat,6bba_05db0fb1,6bba_05db0fb1:229,union|6bba_05db0fb1:229|82,0,0.037851496050915215
oof_logistic_3feat,6bba_05db0fb1,6bba_05db0fb1:229,union|6bba_05db0fb1:229|83,0,0.02620606876563166
oof_logistic_3feat,6bba_05db0fb1,6bba_05db0fb1:229,union|6bba_05db0fb1:229|84,0,0.403178347098834
oof_logistic_3feat,6bba_05db0fb1,6bba_05db0fb1:229,union|6bba_05db0fb1:229|85,0,0.12650846573431676
oof_logistic_3feat,6bba_05db0fb1,6bba_05db0fb1:229,union|6bba_05db0fb1:229|86,0,0.5674037661617533
oof_logistic_3feat,6bba_05db0fb1,6bba_05db0fb1:229,union|6bba_05db0fb1:229|87,1,0.9318069133061682
oof_logistic_3feat,6bba_05db0fb1,6bba_05db0fb1:229,union|6bba_05db0fb1:229|88,0,0.58185943173963
oof_logistic_3feat,6bba_05db0fb1,6bba_05db0fb1:229,union|6bba_05db0fb1:229|89,0,0.48700041816156947
oof_logistic_3feat,6bba_05db0fb1,6bba_05db0fb1:229,union|6bba_05db0fb1:229|90,0,0.1446355517437697
oof_logistic_3feat,6bba_05db0fb1,6bba_05db0fb1:229,union|6bba_05db0fb1:229|91,0,0.014606620090445287
oof_logistic_3feat,6bba_05db0fb1,6bba_05db0fb1:229,union|6bba_05db0fb1:229|92,0,0.2656683170210751
oof_logistic_3feat,6bba_05db0fb1,6bba_05db0fb1:229,union|6bba_05db0fb1:229|93,0,0.12863359846556144
oof_logistic_3feat,6bba_05db0fb1,6bba_05db0fb1:229,union|6bba_05db0fb1:229|94,0,0.6991453549919949
oof_logistic_3feat,6bba_05db0fb1,6bba_05db0fb1:229,union|6bba_05db0fb1:229|95,0,0.07688567019740547
oof_logistic_3feat,6bba_05db0fb1,6bba_05db0fb1:229,union|6bba_05db0fb1:229|96,0,0.40030654802020776
oof_logistic_3feat,6bba_05db0fb1,6bba_05db0fb1:229,union|6bba_05db0fb1:229|97,0,0.4872411497592945
oof_logistic_3feat,6bba_05db0fb1,6bba_05db0fb1:229,union|6bba_05db0fb1:229|98,0,0.10591409985271946
oof_logistic_3feat,6bba_05db0fb1,6bba_05db0fb1:229,union|6bba_05db0fb1:229|99,0,0.04609662770120289
oof_logistic_3feat,6bba_05db0fb1,6bba_05db0fb1:229,union|6bba_05db0fb1:229|100,0,0.1384015489876791
oof_logistic_3feat,6bba_05db0fb1,6bba_05db0fb1:229,union|6bba_05db0fb1:229|101,0,0.12759648746215907
oof_logistic_3feat,6bba_05db0fb1,6bba_05db0fb1:229,union|6bba_05db0fb1:229|102,0,0.19372074426315405
oof_logistic_3feat,6bba_05db0fb1,6bba_05db0fb1:229,union|6bba_05db0fb1:229|103,0,0.011358455130255126
oof_logistic_3feat,6bba_05db0fb1,6bba_05db0fb1:229,union|6bba_05db0fb1:229|104,0,0.13210279206784556
oof_logistic_3feat,6bba_05db0fb1,6bba_05db0fb1:229,union|6bba_05db0fb1:229|105,0,0.04858851569962826
oof_logistic_3feat,6bba_05db0fb1,6bba_05db0fb1:229,union|6bba_05db0fb1:229|106,0,0.07502870589259507
oof_logistic_3feat,6bba_05db0fb1,6bba_05db0fb1:229,union|6bba_05db0fb1:229|107,0,0.08051109973312323
oof_logistic_3feat,6bba_05db0fb1,6bba_05db0fb1:229,union|6bba_05db0fb1:229|108,0,0.062190045164430774
oof_logistic_3feat,6bba_05db0fb1,6bba_05db0fb1:229,union|6bba_05db0fb1:229|109,0,0.01066345971697908
oof_logistic_3feat,6bba_05db0fb1,6bba_05db0fb1:229,union|6bba_05db0fb1:229|110,0,0.013500266687489193
oof_logistic_3feat,6bba_05db0fb1,6bba_05db0fb1:229,union|6bba_05db0fb1:229|111,0,0.012261762989385593
oof_logistic_3feat,6bba_05db0fb1,6bba_05db0fb1:229,union|6bba_05db0fb1:229|112,0,0.012500324870644204
oof_logistic_3feat,6bba_05db0fb1,6bba_05db0fb1:229,union|6bba_05db0fb1:229|113,0,0.0177221465246944
oof_logistic_3feat,6bba_05db0fb1,6bba_05db0fb1:229,union|6bba_05db0fb1:229|114,0,0.09995729021602542
oof_logistic_3feat,6bba_05db0fb1,6bba_05db0fb1:229,union|6bba_05db0fb1:229|115,0,0.08155871400776872
oof_logistic_3feat,6bba_05db0fb1,6bba_05db0fb1:229,union|6bba_05db0fb1:229|116,0,0.13812234433858023
oof_logistic_3feat,6bba_05db0fb1,6bba_05db0fb1:229,union|6bba_05db0fb1:229|117,0,0.11463684955186564
oof_logistic_3feat,6bba_05db0fb1,6bba_05db0fb1:229,union|6bba_05db0fb1:229|118,0,0.016200002905803153
oof_logistic_3feat,6bba_05db0fb1,6bba_05db0fb1:229,union|6bba_05db0fb1:229|119,0,0.014668512741605086
oof_logistic_3feat,6bba_05db0fb1,6bba_05db0fb1:229,union|6bba_05db0fb1:229|120,0,0.46764587423460163
oof_logistic_3feat,6bba_05db0fb1,6bba_05db0fb1:229,union|6bba_05db0fb1:229|121,0,0.5562542531979802
oof_logistic_3feat,6bba_05db0fb1,6bba_05db0fb1:229,union|6bba_05db0fb1:229|122,0,0.4528655880351739
oof_logistic_3feat,6bba_05db0fb1,6bba_05db0fb1:229,union|6bba_05db0fb1:229|123,0,0.16968869517010385
oof_logistic_3feat,6bba_05db0fb1,6bba_05db0fb1:229,union|6bba_05db0fb1:229|124,0,0.11798731979772241
oof_logistic_3feat,6bba_05db0fb1,6bba_05db0fb1:229,union|6bba_05db0fb1:229|125,0,0.1185132501493804
oof_logistic_3feat,6bba_05db0fb1,6bba_05db0fb1:229,union|6bba_05db0fb1:229|126,0,0.12616034966407352
oof_logistic_3feat,6bba_05db0fb1,6bba_05db0fb1:229,union|6bba_05db0fb1:229|127,0,0.48513542313955577
oof_logistic_3feat,6bba_05db0fb1,6bba_05db0fb1:229,union|6bba_05db0fb1:229|128,0,0.11117611422227786
oof_logistic_3feat,6bba_05db0fb1,6bba_05db0fb1:229,union|6bba_05db0fb1:229|129,0,0.06690225269263811
oof_logistic_3feat,6bba_05db0fb1,6bba_05db0fb1:229,union|6bba_05db0fb1:229|130,0,0.503593877681113
oof_logistic_3feat,6bba_05db0fb1,6bba_05db0fb1:229,union|6bba_05db0fb1:229|131,0,0.17036383882167305
oof_logistic_3feat,6bba_05db0fb1,6bba_05db0fb1:229,union|6bba_05db0fb1:229|132,0,0.010278189155779363
oof_logistic_3feat,6bba_05db0fb1,6bba_05db0fb1:229,union|6bba_05db0fb1:229|133,0,0.26397919758527894
oof_logistic_3feat,6bba_05db0fb1,6bba_05db0fb1:229,union|6bba_05db0fb1:229|134,0,0.17707290030775447
oof_logistic_3feat,6bba_05db0fb1,6bba_05db0fb1:229,union|6bba_05db0fb1:229|135,0,0.012061706723146355
oof_logistic_3feat,6bba_05db0fb1,6bba_05db0fb1:229,union|6bba_05db0fb1:229|136,0,0.9400827891194165
oof_logistic_3feat,6bba_05db0fb1,6bba_05db0fb1:229,union|6bba_05db0fb1:229|137,0,0.04373347303313805
oof_logistic_3feat,6bba_05db0fb1,6bba_05db0fb1:229,union|6bba_05db0fb1:229|138,0,0.5427910193266551
oof_logistic_3feat,6bba_05db0fb1,6bba_05db0fb1:229,union|6bba_05db0fb1:229|139,0,0.17313317042854298
oof_logistic_3feat,6bba_05db0fb1,6bba_05db0fb1:229,union|6bba_05db0fb1:229|140,0,0.011911474986789954
oof_logistic_3feat,6bba_05db0fb1,6bba_05db0fb1:229,union|6bba_05db0fb1:229|141,0,0.13375741750821188
oof_logistic_3feat,6bba_05db0fb1,6bba_05db0fb1:229,union|6bba_05db0fb1:229|142,0,0.06285500727214191
oof_logistic_3feat,6bba_05db0fb1,6bba_05db0fb1:229,union|6bba_05db0fb1:229|143,0,0.08120427939952711
oof_logistic_3feat,6bba_05db0fb1,6bba_05db0fb1:229,union|6bba_05db0fb1:229|144,0,0.012391472022843927
oof_logistic_3feat,6bba_05db0fb1,6bba_05db0fb1:229,union|6bba_05db0fb1:229|145,0,0.019155164890257367
oof_logistic_3feat,6bba_05db0fb1,6bba_05db0fb1:229,union|6bba_05db0fb1:229|146,0,0.019000456589381216
oof_logistic_3feat,6bba_05db0fb1,6bba_05db0fb1:229,union|6bba_05db0fb1:229|147,0,0.018161968007189735
oof_logistic_3feat,6bba_05db0fb1,6bba_05db0fb1:229,union|6bba_05db0fb1:229|148,0,0.022420702332978448
oof_logistic_3feat,6bba_05db0fb1,6bba_05db0fb1:229,union|6bba_05db0fb1:229|149,0,0.04979820778506585
oof_logistic_3feat,6bba_05db0fb1,6bba_05db0fb1:229,union|6bba_05db0fb1:229|150,0,0.04278715387736635
oof_logistic_3feat,6bba_05db0fb1,6bba_05db0fb1:229,union|6bba_05db0fb1:229|151,0,0.007965072616944015
oof_logistic_3feat,6bba_05db0fb1,6bba_05db0fb1:229,union|6bba_05db0fb1:229|152,0,0.01044652449026144
oof_logistic_3feat,6bba_05db0fb1,6bba_05db0fb1:229,union|6bba_05db0fb1:229|153,0,0.010690998558412148
oof_logistic_3feat,6bba_05db0fb1,6bba_05db0fb1:229,union|6bba_05db0fb1:229|154,0,0.009872285458296012
oof_logistic_3feat,6bba_05db0fb1,6bba_05db0fb1:229,union|6bba_05db0fb1:229|155,0,0.1752866059118314
oof_logistic_3feat,6bba_05db0fb1,6bba_05db0fb1:229,union|6bba_05db0fb1:229|156,0,0.011596279251470745
oof_logistic_3feat,6bba_05db0fb1,6bba_05db0fb1:229,union|6bba_05db0fb1:229|157,0,0.13880694014435466
oof_logistic_3feat,6bba_05db0fb1,6bba_05db0fb1:229,union|6bba_05db0fb1:229|158,0,0.02540027085993135
oof_logistic_3feat,6bba_05db0fb1,6bba_05db0fb1:229,union|6bba_05db0fb1:229|159,0,0.008880155184181792
oof_logistic_3feat,6bba_05db0fb1,6bba_05db0fb1:229,union|6bba_05db0fb1:229|160,0,0.030327986431100264
oof_logistic_3feat,6bba_05db0fb1,6bba_05db0fb1:229,union|6bba_05db0fb1:229|161,0,0.0019459316419757954
oof_logistic_3feat,6bba_05db0fb1,6bba_05db0fb1:229,union|6bba_05db0fb1:229|162,0,0.00177485470027122
oof_logistic_3feat,6bba_05db0fb1,6bba_05db0fb1:229,union|6bba_05db0fb1:229|163,0,0.030849287150065664
oof_logistic_3feat,6bba_05db0fb1,6bba_05db0fb1:229,union|6bba_05db0fb1:229|164,0,0.0012087333053217232
oof_logistic_3feat,6bba_05db0fb1,6bba_05db0fb1:229,union|6bba_05db0fb1:229|165,0,0.05799949393162739
oof_logistic_3feat,6bba_05db0fb1,6bba_05db0fb1:229,union|6bba_05db0fb1:229|166,0,0.005758362810701992
oof_logistic_3feat,6bba_05db0fb1,6bba_05db0fb1:229,union|6bba_05db0fb1:229|167,0,0.0018885673190821332
oof_logistic_3feat,6bba_05db0fb1,6bba_05db0fb1:229,union|6bba_05db0fb1:229|168,0,0.033211387351719045
oof_logistic_3feat,6bba_05db0fb1,6bba_05db0fb1:229,union|6bba_05db0fb1:229|169,0,0.008344777694625482
oof_logistic_3feat,6bba_05db0fb1,6bba_05db0fb1:229,union|6bba_05db0fb1:229|170,0,0.0017974811925397674
oof_logistic_3feat,6bba_05db0fb1,6bba_05db0fb1:229,union|6bba_05db0fb1:229|171,0,0.0022105030881522133
oof_logistic_3feat,6bba_05db0fb1,6bba_05db0fb1:229,union|6bba_05db0fb1:229|172,0,0.00703014327621611
oof_logistic_3feat,6bba_05db0fb1,6bba_05db0fb1:751,union|6bba_05db0fb1:751|0,0,0.14826251077965186
oof_logistic_3feat,6bba_05db0fb1,6bba_05db0fb1:751,union|6bba_05db0fb1:751|1,0,0.7088419558366638
oof_logistic_3feat,6bba_05db0fb1,6bba_05db0fb1:751,union|6bba_05db0fb1:751|2,0,0.36714991777987954
oof_logistic_3feat,6bba_05db0fb1,6bba_05db0fb1:751,union|6bba_05db0fb1:751|3,0,0.6423331155880948
oof_logistic_3feat,6bba_05db0fb1,6bba_05db0fb1:751,union|6bba_05db0fb1:751|4,0,0.707641196480096
oof_logistic_3feat,6bba_05db0fb1,6bba_05db0fb1:751,union|6bba_05db0fb1:751|5,0,0.6574629826266443
oof_logistic_3feat,6bba_05db0fb1,6bba_05db0fb1:751,union|6bba_05db0fb1:751|6,0,0.687342222116835
oof_logistic_3feat,6bba_05db0fb1,6bba_05db0fb1:751,union|6bba_05db0fb1:751|7,0,0.40132475781349597
oof_logistic_3feat,6bba_05db0fb1,6bba_05db0fb1:751,union|6bba_05db0fb1:751|8,0,0.14710740363979463
oof_logistic_3feat,6bba_05db0fb1,6bba_05db0fb1:751,union|6bba_05db0fb1:751|9,0,0.6183831116240828
oof_logistic_3feat,6bba_05db0fb1,6bba_05db0fb1:751,union|6bba_05db0fb1:751|10,0,0.019588047174064465
oof_logistic_3feat,6bba_05db0fb1,6bba_05db0fb1:751,union|6bba_05db0fb1:751|11,0,0.09219835294376631
oof_logistic_3feat,6bba_05db0fb1,6bba_05db0fb1:751,union|6bba_05db0fb1:751|12,0,0.2713674841096905
oof_logistic_3feat,6bba_05db0fb1,6bba_05db0fb1:751,union|6bba_05db0fb1:751|13,0,0.1293586064230982
oof_logistic_3feat,6bba_05db0fb1,6bba_05db0fb1:751,union|6bba_05db0fb1:751|14,0,0.17757923685182703
oof_logistic_3feat,6bba_05db0fb1,6bba_05db0fb1:751,union|6bba_05db0fb1:751|15,0,0.14953450053799983
oof_logistic_3feat,6bba_05db0fb1,6bba_05db0fb1:751,union|6bba_05db0fb1:751|16,0,0.23521912232132505
oof_logistic_3feat,6bba_05db0fb1,6bba_05db0fb1:751,union|6bba_05db0fb1:751|17,0,0.1518643464201275
oof_logistic_3feat,6bba_05db0fb1,6bba_05db0fb1:751,union|6bba_05db0fb1:751|18,0,0.14943977214396742
oof_logistic_3feat,6bba_05db0fb1,6bba_05db0fb1:751,union|6bba_05db0fb1:751|19,0,0.15124914990379512
oof_logistic_3feat,6bba_05db0fb1,6bba_05db0fb1:751,union|6bba_05db0fb1:751|20,0,0.15503670980925202
oof_logistic_3feat,6bba_05db0fb1,6bba_05db0fb1:751,union|6bba_05db0fb1:751|21,0,0.16970512260729725
oof_logistic_3feat,6bba_05db0fb1,6bba_05db0fb1:751,union|6bba_05db0fb1:751|22,0,0.13957803761436072
oof_logistic_3feat,6bba_05db0fb1,6bba_05db0fb1:751,union|6bba_05db0fb1:751|23,0,0.0394064499509992
oof_logistic_3feat,6bba_05db0fb1,6bba_05db0fb1:751,union|6bba_05db0fb1:751|24,0,0.026600211829140043
oof_logistic_3feat,6bba_05db0fb1,6bba_05db0fb1:751,union|6bba_05db0fb1:751|25,0,0.028044051045853058
oof_logistic_3feat,6bba_05db0fb1,6bba_05db0fb1:751,union|6bba_05db0fb1:751|26,0,0.0315445296035941
oof_logistic_3feat,6bba_05db0fb1,6bba_05db0fb1:751,union|6bba_05db0fb1:751|27,0,0.024253801619516943
oof_logistic_3feat,6bba_05db0fb1,6bba_05db0fb1:751,union|6bba_05db0fb1:751|28,0,0.03147209274306808
oof_logistic_3feat,6bba_05db0fb1,6bba_05db0fb1:751,union|6bba_05db0fb1:751|29,0,0.264387618918253
oof_logistic_3feat,6bba_05db0fb1,6bba_05db0fb1:751,union|6bba_05db0fb1:751|30,0,0.6058148771151372
oof_logistic_3feat,6bba_05db0fb1,6bba_05db0fb1:751,union|6bba_05db0fb1:751|31,0,0.11746546356396531
oof_logistic_3feat,6bba_05db0fb1,6bba_05db0fb1:751,union|6bba_05db0fb1:751|32,1,0.9377671550255439
oof_logistic_3feat,6bba_05db0fb1,6bba_05db0fb1:751,union|6bba_05db0fb1:751|33,0,0.710693903369921
oof_logistic_3feat,6bba_05db0fb1,6bba_05db0fb1:751,union|6bba_05db0fb1:751|34,0,0.9142269316222768
oof_logistic_3feat,6bba_05db0fb1,6bba_05db0fb1:751,union|6bba_05db0fb1:751|35,0,0.41965931164710046
oof_logistic_3feat,6bba_05db0fb1,6bba_05db0fb1:751,union|6bba_05db0fb1:751|36,0,0.8268396217703928
oof_logistic_3feat,6bba_05db0fb1,6bba_05db0fb1:751,union|6bba_05db0fb1:751|37,0,0.045231866446056916
oof_logistic_3feat,6bba_05db0fb1,6bba_05db0fb1:751,union|6bba_05db0fb1:751|38,0,0.0197969144117461
oof_logistic_3feat,6bba_05db0fb1,6bba_05db0fb1:751,union|6bba_05db0fb1:751|39,0,0.05813791056426918
oof_logistic_3feat,6bba_05db0fb1,6bba_05db0fb1:751,union|6bba_05db0fb1:751|40,0,0.6334178135795592
oof_logistic_3feat,6bba_05db0fb1,6bba_05db0fb1:751,union|6bba_05db0fb1:751|41,0,0.13867664983803735
oof_logistic_3feat,6bba_05db0fb1,6bba_05db0fb1:751,union|6bba_05db0fb1:751|42,0,0.154290194981624
oof_logistic_3feat,6bba_05db0fb1,6bba_05db0fb1:751,union|6bba_05db0fb1:751|43,0,0.23665434672458815
oof_logistic_3feat,6bba_05db0fb1,6bba_05db0fb1:751,union|6bba_05db0fb1:751|44,0,0.6879215909267006
oof_logistic_3feat,6bba_05db0fb1,6bba_05db0fb1:751,union|6bba_05db0fb1:751|45,0,0.28617648589214106
oof_logistic_3feat,6bba_05db0fb1,6bba_05db0fb1:751,union|6bba_05db0fb1:751|46,0,0.29280451792392476
oof_logistic_3feat,6bba_05db0fb1,6bba_05db0fb1:751,union|6bba_05db0fb1:751|47,0,0.3214993580019149
oof_logistic_3feat,6bba_05db0fb1,6bba_05db0fb1:751,union|6bba_05db0fb1:751|48,0,0.27312270815144174
oof_logistic_3feat,6bba_05db0fb1,6bba_05db0fb1:751,union|6bba_05db0fb1:751|49,0,0.15311360538822305
oof_logistic_3feat,6bba_05db0fb1,6bba_05db0fb1:751,union|6bba_05db0fb1:751|50,0,0.10712981145788887
oof_logistic_3feat,6bba_05db0fb1,6bba_05db0fb1:751,union|6bba_05db0fb1:751|51,0,0.020065132540514324
oof_logistic_3feat,6bba_05db0fb1,6bba_05db0fb1:751,union|6bba_05db0fb1:751|52,0,0.11496473247191982
oof_logistic_3feat,6bba_05db0fb1,6bba_05db0fb1:751,union|6bba_05db0fb1:751|53,0,0.07402929110457611
oof_logistic_3feat,6bba_05db0fb1,6bba_05db0fb1:751,union|6bba_05db0fb1:751|54,0,0.05683062625622699
oof_logistic_3feat,6bba_05db0fb1,6bba_05db0fb1:751,union|6bba_05db0fb1:751|55,0,0.05967664640472863
oof_logistic_3feat,6bba_05db0fb1,6bba_05db0fb1:751,union|6bba_05db0fb1:751|56,0,0.05191816368465655
oof_logistic_3feat,6bba_05db0fb1,6bba_05db0fb1:751,union|6bba_05db0fb1:751|57,0,0.08329065016363468
oof_logistic_3feat,6bba_05db0fb1,6bba_05db0fb1:751,union|6bba_05db0fb1:751|58,0,0.627027546963682
oof_logistic_3feat,6bba_05db0fb1,6bba_05db0fb1:751,union|6bba_05db0fb1:751|59,0,0.6699143735874152
oof_logistic_3feat,6bba_05db0fb1,6bba_05db0fb1:751,union|6bba_05db0fb1:751|60,0,0.582463402019856
oof_logistic_3feat,6bba_05db0fb1,6bba_05db0fb1:751,union|6bba_05db0fb1:751|61,0,0.18166170871691295
oof_logistic_3feat,6bba_05db0fb1,6bba_05db0fb1:751,union|6bba_05db0fb1:751|62,0,0.5306655696168671
oof_logistic_3feat,6bba_05db0fb1,6bba_05db0fb1:751,union|6bba_05db0fb1:751|63,0,0.09734936434946218
oof_logistic_3feat,6bba_05db0fb1,6bba_05db0fb1:751,union|6bba_05db0fb1:751|64,0,0.07294032111807575
oof_logistic_3feat,6bba_05db0fb1,6bba_05db0fb1:751,union|6bba_05db0fb1:751|65,0,0.06568064075266046
oof_logistic_3feat,6bba_05db0fb1,6bba_05db0fb1:751,union|6bba_05db0fb1:751|66,0,0.1912119705880238
oof_logistic_3feat,6bba_05db0fb1,6bba_05db0fb1:751,union|6bba_05db0fb1:751|67,0,0.2667145494061393
oof_logistic_3feat,6bba_05db0fb1,6bba_05db0fb1:751,union|6bba_05db0fb1:751|68,0,0.1474570412261923
oof_logistic_3feat,6bba_05db0fb1,6bba_05db0fb1:751,union|6bba_05db0fb1:751|69,0,0.16033747248752064
oof_logistic_3feat,6bba_05db0fb1,6bba_05db0fb1:751,union|6bba_05db0fb1:751|70,0,0.10470209309716295
oof_logistic_3feat,6bba_05db0fb1,6bba_05db0fb1:751,union|6bba_05db0fb1:751|71,0,0.10665365356236796
oof_logistic_3feat,6bba_05db0fb1,6bba_05db0fb1:751,union|6bba_05db0fb1:751|72,0,0.09811186680918782
oof_logistic_3feat,6bba_05db0fb1,6bba_05db0fb1:751,union|6bba_05db0fb1:751|73,0,0.053825565733298816
oof_logistic_3feat,6bba_05db0fb1,6bba_05db0fb1:751,union|6bba_05db0fb1:751|74,0,0.013954201449251302
oof_logistic_3feat,6bba_05db0fb1,6bba_05db0fb1:751,union|6bba_05db0fb1:751|75,0,0.025221240050414425
oof_logistic_3feat,6bba_05db0fb1,6bba_05db0fb1:751,union|6bba_05db0fb1:751|76,0,0.017761010757338422
oof_logistic_3feat,6bba_05db0fb1,6bba_05db0fb1:751,union|6bba_05db0fb1:751|77,0,0.7392880688317616
oof_logistic_3feat,6bba_05db0fb1,6bba_05db0fb1:751,union|6bba_05db0fb1:751|78,0,0.9790826640385852
oof_logistic_3feat,6bba_05db0fb1,6bba_05db0fb1:751,union|6bba_05db0fb1:751|79,0,0.482801665636394
oof_logistic_3feat,6bba_05db0fb1,6bba_05db0fb1:751,union|6bba_05db0fb1:751|80,0,0.14322745447396484
oof_logistic_3feat,6bba_05db0fb1,6bba_05db0fb1:751,union|6bba_05db0fb1:751|81,0,0.8587811853143484
oof_logistic_3feat,6bba_05db0fb1,6bba_05db0fb1:751,union|6bba_05db0fb1:751|82,0,0.11331711693629642
oof_logistic_3feat,6bba_05db0fb1,6bba_05db0fb1:751,union|6bba_05db0fb1:751|83,0,0.05796356899795616
oof_logistic_3feat,6bba_05db0fb1,6bba_05db0fb1:751,union|6bba_05db0fb1:751|84,0,0.08547001855056681
oof_logistic_3feat,6bba_05db0fb1,6bba_05db0fb1:751,union|6bba_05db0fb1:751|85,0,0.019843016879783057
oof_logistic_3feat,6bba_05db0fb1,6bba_05db0fb1:751,union|6bba_05db0fb1:751|86,0,0.06584611103482503
oof_logistic_3feat,6bba_05db0fb1,6bba_05db0fb1:751,union|6bba_05db0fb1:751|87,0,0.9173663421678753
oof_logistic_3feat,6bba_05db0fb1,6bba_05db0fb1:751,union|6bba_05db0fb1:751|88,0,0.17243026231822547
oof_logistic_3feat,6bba_05db0fb1,6bba_05db0fb1:751,union|6bba_05db0fb1:751|89,0,0.16648766724242905
oof_logistic_3feat,6bba_05db0fb1,6bba_05db0fb1:751,union|6bba_05db0fb1:751|90,0,0.2106516187508566
oof_logistic_3feat,6bba_05db0fb1,6bba_05db0fb1:751,union|6bba_05db0fb1:751|91,0,0.7710333171557565
oof_logistic_3feat,6bba_05db0fb1,6bba_05db0fb1:751,union|6bba_05db0fb1:751|92,0,0.6859176474857276
oof_logistic_3feat,6bba_05db0fb1,6bba_05db0fb1:751,union|6bba_05db0fb1:751|93,0,0.15503670980925202
oof_logistic_3feat,6bba_05db0fb1,6bba_05db0fb1:751,union|6bba_05db0fb1:751|94,0,0.6849817359150477
oof_logistic_3feat,6bba_05db0fb1,6bba_05db0fb1:751,union|6bba_05db0fb1:751|95,0,0.09961343716843411
oof_logistic_3feat,6bba_05db0fb1,6bba_05db0fb1:751,union|6bba_05db0fb1:751|96,0,0.05898678214199688
oof_logistic_3feat,6bba_05db0fb1,6bba_05db0fb1:751,union|6bba_05db0fb1:751|97,0,0.08836594174734713
oof_logistic_3feat,6bba_05db0fb1,6bba_05db0fb1:751,union|6bba_05db0fb1:751|98,0,0.05060261929727132
oof_logistic_3feat,6bba_05db0fb1,6bba_05db0fb1:751,union|6bba_05db0fb1:751|99,0,0.26413441235594903
oof_logistic_3feat,6bba_05db0fb1,6bba_05db0fb1:751,union|6bba_05db0fb1:751|100,0,0.19528114382933334
oof_logistic_3feat,6bba_05db0fb1,6bba_05db0fb1:751,union|6bba_05db0fb1:751|101,0,0.17230104409358743
oof_logistic_3feat,6bba_05db0fb1,6bba_05db0fb1:751,union|6bba_05db0fb1:751|102,0,0.2519084806841816
oof_logistic_3feat,6bba_05db0fb1,6bba_05db0fb1:751,union|6bba_05db0fb1:751|103,0,0.54208342158812
oof_logistic_3feat,6bba_05db0fb1,6bba_05db0fb1:751,union|6bba_05db0fb1:751|104,0,0.15124914990379512
oof_logistic_3feat,6bba_05db0fb1,6bba_05db0fb1:751,union|6bba_05db0fb1:751|105,0,0.8496654306511146
oof_logistic_3feat,6bba_05db0fb1,6bba_05db0fb1:751,union|6bba_05db0fb1:751|106,0,0.14594604606958453
oof_logistic_3feat,6bba_05db0fb1,6bba_05db0fb1:751,union|6bba_05db0fb1:751|107,0,0.053406494980031465
oof_logistic_3feat,6bba_05db0fb1,6bba_05db0fb1:751,union|6bba_05db0fb1:751|108,0,0.09318920145848926
oof_logistic_3feat,6bba_05db0fb1,6bba_05db0fb1:751,union|6bba_05db0fb1:751|109,0,0.02072442951606163
oof_logistic_3feat,6bba_05db0fb1,6bba_05db0fb1:751,union|6bba_05db0fb1:751|110,0,0.07322967837386579
oof_logistic_3feat,6bba_05db0fb1,6bba_05db0fb1:751,union|6bba_05db0fb1:751|111,0,0.9103160988464732
oof_logistic_3feat,6bba_05db0fb1,6bba_05db0fb1:751,union|6bba_05db0fb1:751|112,0,0.20810780072890414
oof_logistic_3feat,6bba_05db0fb1,6bba_05db0fb1:751,union|6bba_05db0fb1:751|113,0,0.1429912276678286
oof_logistic_3feat,6bba_05db0fb1,6bba_05db0fb1:751,union|6bba_05db0fb1:751|114,0,0.15989829003283643
oof_logistic_3feat,6bba_05db0fb1,6bba_05db0fb1:751,union|6bba_05db0fb1:751|115,0,0.7414090667404248
oof_logistic_3feat,6bba_05db0fb1,6bba_05db0fb1:751,union|6bba_05db0fb1:751|116,0,0.5159057527269109
oof_logistic_3feat,6bba_05db0fb1,6bba_05db0fb1:751,union|6bba_05db0fb1:751|117,0,0.11989806051388409
oof_logistic_3feat,6bba_05db0fb1,6bba_05db0fb1:751,union|6bba_05db0fb1:751|118,0,0.04887863637992319
oof_logistic_3feat,6bba_05db0fb1,6bba_05db0fb1:751,union|6bba_05db0fb1:751|119,0,0.07683449226961671
oof_logistic_3feat,6bba_05db0fb1,6bba_05db0fb1:751,union|6bba_05db0fb1:751|120,0,0.023184146144141216
oof_logistic_3feat,6bba_05db0fb1,6bba_05db0fb1:751,union|6bba_05db0fb1:751|121,0,0.05830615272972002
oof_logistic_3feat,6bba_05db0fb1,6bba_05db0fb1:751,union|6bba_05db0fb1:751|122,0,0.149466886556805
oof_logistic_3feat,6bba_05db0fb1,6bba_05db0fb1:751,union|6bba_05db0fb1:751|123,0,0.21007787535965822
oof_logistic_3feat,6bba_05db0fb1,6bba_05db0fb1:751,union|6bba_05db0fb1:751|124,0,0.10177654199821233
oof_logistic_3feat,6bba_05db0fb1,6bba_05db0fb1:751,union|6bba_05db0fb1:751|125,0,0.14474549178046178
oof_logistic_3feat,6bba_05db0fb1,6bba_05db0fb1:751,union|6bba_05db0fb1:751|126,0,0.13053988287754023
oof_logistic_3feat,6bba_05db0fb1,6bba_05db0fb1:751,union|6bba_05db0fb1:751|127,0,0.08725300462301042
oof_logistic_3feat,6bba_05db0fb1,6bba_05db0fb1:751,union|6bba_05db0fb1:751|128,0,0.02845291609698008
oof_logistic_3feat,6bba_05db0fb1,6bba_05db0fb1:751,union|6bba_05db0fb1:751|129,0,0.0292497166060708
oof_logistic_3feat,6bba_05db0fb1,6bba_05db0fb1:751,union|6bba_05db0fb1:751|130,0,0.03435248116962451
oof_logistic_3feat,6bba_05db0fb1,6bba_05db0fb1:751,union|6bba_05db0fb1:751|131,0,0.10951122234800906
oof_logistic_3feat,6bba_05db0fb1,6bba_05db0fb1:751,union|6bba_05db0fb1:751|132,0,0.07042584601185459
oof_logistic_3feat,6bba_05db0fb1,6bba_05db0fb1:751,union|6bba_05db0fb1:751|133,0,0.08874454769477369
oof_logistic_3feat,6bba_05db0fb1,6bba_05db0fb1:751,union|6bba_05db0fb1:751|134,0,0.018159947904246406
oof_logistic_3feat,6bba_05db0fb1,6bba_05db0fb1:751,union|6bba_05db0fb1:751|135,0,0.4604438073222943
oof_logistic_3feat,6bba_05db0fb1,6bba_05db0fb1:751,union|6bba_05db0fb1:751|136,0,0.19145071597662988
oof_logistic_3feat,6bba_05db0fb1,6bba_05db0fb1:751,union|6bba_05db0fb1:751|137,0,0.20229405159449912
oof_logistic_3feat,6bba_05db0fb1,6bba_05db0fb1:751,union|6bba_05db0fb1:751|138,0,0.5285587034700293
oof_logistic_3feat,6bba_05db0fb1,6bba_05db0fb1:751,union|6bba_05db0fb1:751|139,0,0.05160615421347899
oof_logistic_3feat,6bba_05db0fb1,6bba_05db0fb1:751,union|6bba_05db0fb1:751|140,0,0.1141432253966772
oof_logistic_3feat,6bba_05db0fb1,6bba_05db0fb1:751,union|6bba_05db0fb1:751|141,0,0.018448856438421708
oof_logistic_3feat,6bba_05db0fb1,6bba_05db0fb1:751,union|6bba_05db0fb1:751|142,0,0.026312169562588045
oof_logistic_3feat,6bba_05db0fb1,6bba_05db0fb1:751,union|6bba_05db0fb1:751|143,0,0.021352257542604797
oof_logistic_3feat,6bba_05db0fb1,6bba_05db0fb1:751,union|6bba_05db0fb1:751|144,0,0.016769269803149075
oof_logistic_3feat,6bba_05db0fb1,6bba_05db0fb1:751,union|6bba_05db0fb1:751|145,0,0.01697641099042547
oof_logistic_3feat,6bba_05db0fb1,6bba_05db0fb1:751,union|6bba_05db0fb1:751|146,0,0.07260824129388982
oof_logistic_3feat,6bba_05db0fb1,6bba_05db0fb1:751,union|6bba_05db0fb1:751|147,0,0.00860468979710571
oof_logistic_3feat,6bba_05db0fb1,6bba_05db0fb1:751,union|6bba_05db0fb1:751|148,0,0.008232761433629818
oof_logistic_3feat,6bba_05db0fb1,6bba_05db0fb1:751,union|6bba_05db0fb1:751|149,0,0.00877891414796391
oof_logistic_3feat,6bba_05db0fb1,6bba_05db0fb1:751,union|6bba_05db0fb1:751|150,0,0.009320866145428243
oof_logistic_3feat,6bba_05db0fb1,6bba_05db0fb1:751,union|6bba_05db0fb1:751|151,0,0.015855536971493677
oof_logistic_3feat,6bba_05db0fb1,6bba_05db0fb1:751,union|6bba_05db0fb1:751|152,0,0.013234306935518662
oof_logistic_3feat,6bba_05db0fb1,6bba_05db0fb1:751,union|6bba_05db0fb1:751|153,0,0.012255979911415067
oof_logistic_3feat,6bba_05db0fb1,6bba_05db0fb1:751,union|6bba_05db0fb1:751|154,0,0.012452648351528657
oof_logistic_3feat,6bba_05db0fb1,6bba_05db0fb1:751,union|6bba_05db0fb1:751|155,0,0.0031700070944238453
oof_logistic_3feat,6bba_05db0fb1,6bba_05db0fb1:751,union|6bba_05db0fb1:751|156,0,0.0033154857016340126
oof_logistic_3feat,6bba_05db0fb1,6bba_05db0fb1:751,union|6bba_05db0fb1:751|157,0,0.003763681157134747
oof_logistic_3feat,6bba_05db0fb1,6bba_05db0fb1:751,union|6bba_05db0fb1:751|158,0,0.002793600115205721
oof_logistic_3feat,6bba_05db0fb1,6bba_05db0fb1:751,union|6bba_05db0fb1:751|159,0,0.0036711849131986166
oof_logistic_3feat,6bba_05db0fb1,6bba_05db0fb1:751,union|6bba_05db0fb1:751|160,0,0.013197186159941898
oof_logistic_3feat,6bba_05db0fb1,6bba_05db0fb1:751,union|6bba_05db0fb1:751|161,0,0.00983980652194042
oof_logistic_3feat,6bba_05db0fb1,6bba_05db0fb1:751,union|6bba_05db0fb1:751|162,0,0.011011391488912716
oof_logistic_3feat,6bba_05db0fb1,6bba_05db0fb1:751,union|6bba_05db0fb1:751|163,0,0.009122633482204226
oof_logistic_3feat,6bba_05db0fb1,6bba_05db0fb1:751,union|6bba_05db0fb1:751|164,0,0.037538098471763204
oof_logistic_3feat,6bba_05db0fb1,6bba_05db0fb1:751,union|6bba_05db0fb1:751|165,0,0.027517944838160273
oof_logistic_3feat,6bba_05db0fb1,6bba_05db0fb1:751,union|6bba_05db0fb1:751|166,0,0.029118052709752828
oof_logistic_3feat,6bba_05db0fb1,6bba_05db0fb1:751,union|6bba_05db0fb1:751|167,0,0.3061100933011544
oof_logistic_3feat,6bba_05db0fb1,6bba_05db0fb1:751,union|6bba_05db0fb1:751|168,0,0.024589273710768734
oof_logistic_3feat,6bba_05db0fb1,6bba_05db0fb1:751,union|6bba_05db0fb1:751|169,0,0.036268245909857166
oof_logistic_3feat,6bba_05db0fb1,6bba_05db0fb1:751,union|6bba_05db0fb1:751|170,0,0.022437313392501518
oof_logistic_3feat,6bba_05db0fb1,6bba_05db0fb1:751,union|6bba_05db0fb1:751|171,0,0.022173088531959168
oof_logistic_3feat,6bba_05db0fb1,6bba_05db0fb1:751,union|6bba_05db0fb1:751|172,0,0.0442547809994705
oof_logistic_3feat,6bba_207c6aaf,6bba_207c6aaf:146,union|6bba_207c6aaf:146|0,0,0.07773496372353629
oof_logistic_3feat,6bba_207c6aaf,6bba_207c6aaf:146,union|6bba_207c6aaf:146|1,0,0.054466350590966724
oof_logistic_3feat,6bba_207c6aaf,6bba_207c6aaf:146,union|6bba_207c6aaf:146|2,0,0.04603143508372388
oof_logistic_3feat,6bba_207c6aaf,6bba_207c6aaf:146,union|6bba_207c6aaf:146|3,0,0.05034063255225492
oof_logistic_3feat,6bba_207c6aaf,6bba_207c6aaf:146,union|6bba_207c6aaf:146|4,0,0.04861772323074855
oof_logistic_3feat,6bba_207c6aaf,6bba_207c6aaf:146,union|6bba_207c6aaf:146|5,0,0.24101382739832472
oof_logistic_3feat,6bba_207c6aaf,6bba_207c6aaf:146,union|6bba_207c6aaf:146|6,0,0.20496118018814918
oof_logistic_3feat,6bba_207c6aaf,6bba_207c6aaf:146,union|6bba_207c6aaf:146|7,0,0.2585147557558427
oof_logistic_3feat,6bba_207c6aaf,6bba_207c6aaf:146,union|6bba_207c6aaf:146|8,0,0.2385336601301692
oof_logistic_3feat,6bba_207c6aaf,6bba_207c6aaf:146,union|6bba_207c6aaf:146|9,0,0.1067906158265028
oof_logistic_3feat,6bba_207c6aaf,6bba_207c6aaf:146,union|6bba_207c6aaf:146|10,0,0.22866494987257502
oof_logistic_3feat,6bba_207c6aaf,6bba_207c6aaf:146,union|6bba_207c6aaf:146|11,0,0.11711350624214907
oof_logistic_3feat,6bba_207c6aaf,6bba_207c6aaf:146,union|6bba_207c6aaf:146|12,0,0.09860184867385044
oof_logistic_3feat,6bba_207c6aaf,6bba_207c6aaf:146,union|6bba_207c6aaf:146|13,1,0.6172596729761058
oof_logistic_3feat,6bba_207c6aaf,6bba_207c6aaf:146,union|6bba_207c6aaf:146|14,0,0.483575900711941
oof_logistic_3feat,6bba_207c6aaf,6bba_207c6aaf:146,union|6bba_207c6aaf:146|15,0,0.19580254786215623
oof_logistic_3feat,6bba_207c6aaf,6bba_207c6aaf:146,union|6bba_207c6aaf:146|16,0,0.5902266775131941
oof_logistic_3feat,6bba_207c6aaf,6bba_207c6aaf:146,union|6bba_207c6aaf:146|17,0,0.07821750833830275
oof_logistic_3feat,6bba_207c6aaf,6bba_207c6aaf:146,union|6bba_207c6aaf:146|18,0,0.0669390364344702
oof_logistic_3feat,6bba_207c6aaf,6bba_207c6aaf:146,union|6bba_207c6aaf:146|19,0,0.5510394418128746
oof_logistic_3feat,6bba_207c6aaf,6bba_207c6aaf:146,union|6bba_207c6aaf:146|20,0,0.018214597654169117
oof_logistic_3feat,6bba_207c6aaf,6bba_207c6aaf:146,union|6bba_207c6aaf:146|21,0,0.5687401778366459
oof_logistic_3feat,6bba_207c6aaf,6bba_207c6aaf:146,union|6bba_207c6aaf:146|22,0,0.24320922427940958
oof_logistic_3feat,6bba_207c6aaf,6bba_207c6aaf:146,union|6bba_207c6aaf:146|23,0,0.21926020384106662
oof_logistic_3feat,6bba_207c6aaf,6bba_207c6aaf:146,union|6bba_207c6aaf:146|24,0,0.09477825776813881
oof_logistic_3feat,6bba_207c6aaf,6bba_207c6aaf:146,union|6bba_207c6aaf:146|25,0,0.9851537666630193
oof_logistic_3feat,6bba_207c6aaf,6bba_207c6aaf:146,union|6bba_207c6aaf:146|26,0,0.08306473358291545
oof_logistic_3feat,6bba_207c6aaf,6bba_207c6aaf:146,union|6bba_207c6aaf:146|27,0,0.13168267836705727
oof_logistic_3feat,6bba_207c6aaf,6bba_207c6aaf:146,union|6bba_207c6aaf:146|28,0,0.06178393962695262
oof_logistic_3feat,6bba_207c6aaf,6bba_207c6aaf:146,union|6bba_207c6aaf:146|29,0,0.7187103859893407
oof_logistic_3feat,6bba_207c6aaf,6bba_207c6aaf:146,union|6bba_207c6aaf:146|30,0,0.10479283901803359
oof_logistic_3feat,6bba_207c6aaf,6bba_207c6aaf:146,union|6bba_207c6aaf:146|31,0,0.019149333470107333
oof_logistic_3feat,6bba_207c6aaf,6bba_207c6aaf:146,union|6bba_207c6aaf:146|32,0,0.22904633925052056
oof_logistic_3feat,6bba_207c6aaf,6bba_207c6aaf:146,union|6bba_207c6aaf:146|33,0,0.5069008718442369
oof_logistic_3feat,6bba_207c6aaf,6bba_207c6aaf:146,union|6bba_207c6aaf:146|34,0,0.09489080026473669
oof_logistic_3feat,6bba_207c6aaf,6bba_207c6aaf:146,union|6bba_207c6aaf:146|35,0,0.14891043895537937
oof_logistic_3feat,6bba_207c6aaf,6bba_207c6aaf:146,union|6bba_207c6aaf:146|36,0,0.5171905639172169
oof_logistic_3feat,6bba_207c6aaf,6bba_207c6aaf:146,union|6bba_207c6aaf:146|37,0,0.022915864153179043
oof_logistic_3feat,6bba_207c6aaf,6bba_207c6aaf:146,union|6bba_207c6aaf:146|38,0,0.19355066744737973
oof_logistic_3feat,6bba_207c6aaf,6bba_207c6aaf:146,union|6bba_207c6aaf:146|39,0,0.14177313823598
oof_logistic_3feat,6bba_207c6aaf,6bba_207c6aaf:146,union|6bba_207c6aaf:146|40,0,0.266697255073034
oof_logistic_3feat,6bba_207c6aaf,6bba_207c6aaf:146,union|6bba_207c6aaf:146|41,0,0.06026857897044758
oof_logistic_3feat,6bba_207c6aaf,6bba_207c6aaf:146,union|6bba_207c6aaf:146|42,0,0.193174333007384
oof_logistic_3feat,6bba_207c6aaf,6bba_207c6aaf:146,union|6bba_207c6aaf:146|43,0,0.11703897665693094
oof_logistic_3feat,6bba_207c6aaf,6bba_207c6aaf:146,union|6bba_207c6aaf:146|44,0,0.08514469363723372
oof_logistic_3feat,6bba_207c6aaf,6bba_207c6aaf:146,union|6bba_207c6aaf:146|45,0,0.2049394598535863
oof_logistic_3feat,6bba_207c6aaf,6bba_207c6aaf:146,union|6bba_207c6aaf:146|46,0,0.1557394097437408
oof_logistic_3feat,6bba_207c6aaf,6bba_207c6aaf:146,union|6bba_207c6aaf:146|47,0,0.19250380865636207
oof_logistic_3feat,6bba_207c6aaf,6bba_207c6aaf:146,union|6bba_207c6aaf:146|48,0,0.09731365738944135
oof_logistic_3feat,6bba_207c6aaf,6bba_207c6aaf:146,union|6bba_207c6aaf:146|49,0,0.11438439890150137
oof_logistic_3feat,6bba_207c6aaf,6bba_207c6aaf:146,union|6bba_207c6aaf:146|50,0,0.06357739533603997
oof_logistic_3feat,6bba_207c6aaf,6bba_207c6aaf:146,union|6bba_207c6aaf:146|51,0,0.07979466556081682
oof_logistic_3feat,6bba_207c6aaf,6bba_207c6aaf:146,union|6bba_207c6aaf:146|52,0,0.10724476062388646
oof_logistic_3feat,6bba_207c6aaf,6bba_207c6aaf:146,union|6bba_207c6aaf:146|53,0,0.07573587698826657
oof_logistic_3feat,6bba_207c6aaf,6bba_207c6aaf:146,union|6bba_207c6aaf:146|54,0,0.13208730651192657
oof_logistic_3feat,6bba_207c6aaf,6bba_207c6aaf:146,union|6bba_207c6aaf:146|55,0,0.07776410023548058
oof_logistic_3feat,6bba_207c6aaf,6bba_207c6aaf:146,union|6bba_207c6aaf:146|56,0,0.742722707661424
oof_logistic_3feat,6bba_207c6aaf,6bba_207c6aaf:146,union|6bba_207c6aaf:146|57,0,0.13947840206153522
oof_logistic_3feat,6bba_207c6aaf,6bba_207c6aaf:146,union|6bba_207c6aaf:146|58,0,0.015624564143450755
oof_logistic_3feat,6bba_207c6aaf,6bba_207c6aaf:146,union|6bba_207c6aaf:146|59,0,0.09087590729628406
oof_logistic_3feat,6bba_207c6aaf,6bba_207c6aaf:146,union|6bba_207c6aaf:146|60,0,0.099070199734945
oof_logistic_3feat,6bba_207c6aaf,6bba_207c6aaf:146,union|6bba_207c6aaf:146|61,0,0.01883067559629475
oof_logistic_3feat,6bba_207c6aaf,6bba_207c6aaf:146,union|6bba_207c6aaf:146|62,0,0.16146199022842692
oof_logistic_3feat,6bba_207c6aaf,6bba_207c6aaf:146,union|6bba_207c6aaf:146|63,0,0.10301185502299741
oof_logistic_3feat,6bba_207c6aaf,6bba_207c6aaf:146,union|6bba_207c6aaf:146|64,0,0.0175803704430151
oof_logistic_3feat,6bba_207c6aaf,6bba_207c6aaf:146,union|6bba_207c6aaf:146|65,0,0.0725644579538458
oof_logistic_3feat,6bba_207c6aaf,6bba_207c6aaf:146,union|6bba_207c6aaf:146|66,0,0.07976423388485011
oof_logistic_3feat,6bba_207c6aaf,6bba_207c6aaf:146,union|6bba_207c6aaf:146|67,0,0.12512620476593775
oof_logistic_3feat,6bba_207c6aaf,6bba_207c6aaf:146,union|6bba_207c6aaf:146|68,0,0.01834238225721866
oof_logistic_3feat,6bba_32db13fc,6bba_32db13fc:115,union|6bba_32db13fc:115|0,0,0.19034025842758104
oof_logistic_3feat,6bba_32db13fc,6bba_32db13fc:115,union|6bba_32db13fc:115|1,0,0.07629233463026866
oof_logistic_3feat,6bba_32db13fc,6bba_32db13fc:115,union|6bba_32db13fc:115|2,0,0.12644140793207137
oof_logistic_3feat,6bba_32db13fc,6bba_32db13fc:115,union|6bba_32db13fc:115|3,0,0.19137630855022691
oof_logistic_3feat,6bba_32db13fc,6bba_32db13fc:115,union|6bba_32db13fc:115|4,0,0.1604105635068647
oof_logistic_3feat,6bba_32db13fc,6bba_32db13fc:115,union|6bba_32db13fc:115|5,0,0.12683287021420078
oof_logistic_3feat,6bba_32db13fc,6bba_32db13fc:115,union|6bba_32db13fc:115|6,0,0.17821009509897595
oof_logistic_3feat,6bba_32db13fc,6bba_32db13fc:115,union|6bba_32db13fc:115|7,0,0.1854001897369527
oof_logistic_3feat,6bba_32db13fc,6bba_32db13fc:115,union|6bba_32db13fc:115|8,0,0.14479574352570249
oof_logistic_3feat,6bba_32db13fc,6bba_32db13fc:115,union|6bba_32db13fc:115|9,0,0.020295949358104567
oof_logistic_3feat,6bba_32db13fc,6bba_32db13fc:115,union|6bba_32db13fc:115|10,0,0.004200430769882877
oof_logistic_3feat,6bba_32db13fc,6bba_32db13fc:115,union|6bba_32db13fc:115|11,0,0.3592622252750458
oof_logistic_3feat,6bba_32db13fc,6bba_32db13fc:115,union|6bba_32db13fc:115|12,0,0.06593067014556127
oof_logistic_3feat,6bba_32db13fc,6bba_32db13fc:115,union|6bba_32db13fc:115|13,0,0.26789828051927295
oof_logistic_3feat,6bba_32db13fc,6bba_32db13fc:115,union|6bba_32db13fc:115|14,0,0.9270481218678165
oof_logistic_3feat,6bba_32db13fc,6bba_32db13fc:115,union|6bba_32db13fc:115|15,0,0.6984581482852359
oof_logistic_3feat,6bba_32db13fc,6bba_32db13fc:115,union|6bba_32db13fc:115|16,0,0.40107653075751903
oof_logistic_3feat,6bba_32db13fc,6bba_32db13fc:115,union|6bba_32db13fc:115|17,0,0.14079091343337327
oof_logistic_3feat,6bba_32db13fc,6bba_32db13fc:115,union|6bba_32db13fc:115|18,0,0.8966257439154464
oof_logistic_3feat,6bba_32db13fc,6bba_32db13fc:115,union|6bba_32db13fc:115|19,0,0.33119846789485363
oof_logistic_3feat,6bba_32db13fc,6bba_32db13fc:115,union|6bba_32db13fc:115|20,0,0.4453431059359156
oof_logistic_3feat,6bba_32db13fc,6bba_32db13fc:115,union|6bba_32db13fc:115|21,0,0.30362993333530847
oof_logistic_3feat,6bba_32db13fc,6bba_32db13fc:115,union|6bba_32db13fc:115|22,0,0.5183694650063321
oof_logistic_3feat,6bba_32db13fc,6bba_32db13fc:115,union|6bba_32db13fc:115|23,0,0.44999372046499264
oof_logistic_3feat,6bba_32db13fc,6bba_32db13fc:115,union|6bba_32db13fc:115|24,0,0.02821596896394882
oof_logistic_3feat,6bba_32db13fc,6bba_32db13fc:115,union|6bba_32db13fc:115|25,0,0.026744669867402305
oof_logistic_3feat,6bba_32db13fc,6bba_32db13fc:115,union|6bba_32db13fc:115|26,0,0.0162827092502764
oof_logistic_3feat,6bba_32db13fc,6bba_32db13fc:115,union|6bba_32db13fc:115|27,0,0.0037712712581494563
oof_logistic_3feat,6bba_32db13fc,6bba_32db13fc:115,union|6bba_32db13fc:115|28,0,0.21629536123037799
oof_logistic_3feat,6bba_32db13fc,6bba_32db13fc:115,union|6bba_32db13fc:115|29,0,0.37034408232410926
oof_logistic_3feat,6bba_32db13fc,6bba_32db13fc:115,union|6bba_32db13fc:115|30,0,0.34529097829563926
oof_logistic_3feat,6bba_32db13fc,6bba_32db13fc:115,union|6bba_32db13fc:115|31,0,0.3516605626930261
oof_logistic_3feat,6bba_32db13fc,6bba_32db13fc:115,union|6bba_32db13fc:115|32,0,0.49700354444224765
oof_logistic_3feat,6bba_32db13fc,6bba_32db13fc:115,union|6bba_32db13fc:115|33,0,0.36023830186344136
oof_logistic_3feat,6bba_32db13fc,6bba_32db13fc:115,union|6bba_32db13fc:115|34,0,0.35446919934915133
oof_logistic_3feat,6bba_32db13fc,6bba_32db13fc:115,union|6bba_32db13fc:115|35,0,0.08298697858427334
oof_logistic_3feat,6bba_32db13fc,6bba_32db13fc:115,union|6bba_32db13fc:115|36,0,0.0315242486720534
oof_logistic_3feat,6bba_32db13fc,6bba_32db13fc:115,union|6bba_32db13fc:115|37,0,0.046945981998957984
oof_logistic_3feat,6bba_32db13fc,6bba_32db13fc:115,union|6bba_32db13fc:115|38,0,0.05597503841095734
oof_logistic_3feat,6bba_32db13fc,6bba_32db13fc:115,union|6bba_32db13fc:115|39,0,0.062346006951260795
oof_logistic_3feat,6bba_32db13fc,6bba_32db13fc:115,union|6bba_32db13fc:115|40,0,0.04449219434744526
oof_logistic_3feat,6bba_32db13fc,6bba_32db13fc:115,union|6bba_32db13fc:115|41,0,0.06918725047613972
oof_logistic_3feat,6bba_32db13fc,6bba_32db13fc:115,union|6bba_32db13fc:115|42,0,0.040161991123236755
oof_logistic_3feat,6bba_32db13fc,6bba_32db13fc:115,union|6bba_32db13fc:115|43,0,0.0422902634785429
oof_logistic_3feat,6bba_32db13fc,6bba_32db13fc:115,union|6bba_32db13fc:115|44,0,0.00436333927407063
oof_logistic_3feat,6bba_32db13fc,6bba_32db13fc:115,union|6bba_32db13fc:115|45,0,0.004063909950429542
oof_logistic_3feat,6bba_32db13fc,6bba_32db13fc:115,union|6bba_32db13fc:115|46,0,0.215513707514454
oof_logistic_3feat,6bba_32db13fc,6bba_32db13fc:115,union|6bba_32db13fc:115|47,0,0.30583940375360763
oof_logistic_3feat,6bba_32db13fc,6bba_32db13fc:115,union|6bba_32db13fc:115|48,0,0.21021984062932583
oof_logistic_3feat,6bba_32db13fc,6bba_32db13fc:115,union|6bba_32db13fc:115|49,0,0.19849848873501844
oof_logistic_3feat,6bba_32db13fc,6bba_32db13fc:115,union|6bba_32db13fc:115|50,0,0.2404078123601103
oof_logistic_3feat,6bba_32db13fc,6bba_32db13fc:115,union|6bba_32db13fc:115|51,0,0.024128916194438084
oof_logistic_3feat,6bba_32db13fc,6bba_32db13fc:115,union|6bba_32db13fc:115|52,0,0.6327549738707935
oof_logistic_3feat,6bba_32db13fc,6bba_32db13fc:115,union|6bba_32db13fc:115|53,0,0.49145599222194924
oof_logistic_3feat,6bba_32db13fc,6bba_32db13fc:115,union|6bba_32db13fc:115|54,0,0.1854001897369527
oof_logistic_3feat,6bba_32db13fc,6bba_32db13fc:115,union|6bba_32db13fc:115|55,0,0.9272053549210407
oof_logistic_3feat,6bba_32db13fc,6bba_32db13fc:115,union|6bba_32db13fc:115|56,0,0.3351641099929244
oof_logistic_3feat,6bba_32db13fc,6bba_32db13fc:115,union|6bba_32db13fc:115|57,0,0.5322282591263027
oof_logistic_3feat,6bba_32db13fc,6bba_32db13fc:115,union|6bba_32db13fc:115|58,0,0.38091839801105914
oof_logistic_3feat,6bba_32db13fc,6bba_32db13fc:115,union|6bba_32db13fc:115|59,0,0.5195880350423298
oof_logistic_3feat,6bba_32db13fc,6bba_32db13fc:115,union|6bba_32db13fc:115|60,0,0.07452687248596282
oof_logistic_3feat,6bba_32db13fc,6bba_32db13fc:115,union|6bba_32db13fc:115|61,1,0.5934493084641231
oof_logistic_3feat,6bba_32db13fc,6bba_32db13fc:115,union|6bba_32db13fc:115|62,0,0.039680351175341744
oof_logistic_3feat,6bba_32db13fc,6bba_32db13fc:115,union|6bba_32db13fc:115|63,0,0.034513811217738256
oof_logistic_3feat,6bba_32db13fc,6bba_32db13fc:115,union|6bba_32db13fc:115|64,0,0.022334540050566756
oof_logistic_3feat,6bba_32db13fc,6bba_32db13fc:115,union|6bba_32db13fc:115|65,0,0.004678130865220386
oof_logistic_3feat,6bba_32db13fc,6bba_32db13fc:115,union|6bba_32db13fc:115|66,0,0.5719228013056595
oof_logistic_3feat,6bba_32db13fc,6bba_32db13fc:115,union|6bba_32db13fc:115|67,0,0.33788781815223035
oof_logistic_3feat,6bba_32db13fc,6bba_32db13fc:115,union|6bba_32db13fc:115|68,0,0.5606147590934172
oof_logistic_3feat,6bba_32db13fc,6bba_32db13fc:115,union|6bba_32db13fc:115|69,0,0.11146005565227884
oof_logistic_3feat,6bba_32db13fc,6bba_32db13fc:115,union|6bba_32db13fc:115|70,0,0.026938167139078435
oof_logistic_3feat,6bba_32db13fc,6bba_32db13fc:115,union|6bba_32db13fc:115|71,0,0.003760591486267305
oof_logistic_3feat,6bba_32db13fc,6bba_32db13fc:115,union|6bba_32db13fc:115|72,0,0.18260954924915795
oof_logistic_3feat,6bba_32db13fc,6bba_32db13fc:115,union|6bba_32db13fc:115|73,0,0.4842949516418236
oof_logistic_3feat,6bba_32db13fc,6bba_32db13fc:115,union|6bba_32db13fc:115|74,0,0.5488825746204018
oof_logistic_3feat,6bba_32db13fc,6bba_32db13fc:115,union|6bba_32db13fc:115|75,0,0.37954286831583706
oof_logistic_3feat,6bba_32db13fc,6bba_32db13fc:115,union|6bba_32db13fc:115|76,0,0.07093248534553744
oof_logistic_3feat,6bba_32db13fc,6bba_32db13fc:115,union|6bba_32db13fc:115|77,0,0.08340249174377999
oof_logistic_3feat,6bba_32db13fc,6bba_32db13fc:115,union|6bba_32db13fc:115|78,0,0.06802457706179685
oof_logistic_3feat,6bba_32db13fc,6bba_32db13fc:115,union|6bba_32db13fc:115|79,0,0.03225004647405703
oof_logistic_3feat,6bba_32db13fc,6bba_32db13fc:115,union|6bba_32db13fc:115|80,0,0.0220487347550235
oof_logistic_3feat,6bba_32db13fc,6bba_32db13fc:115,union|6bba_32db13fc:115|81,0,0.0037263616328499084
oof_logistic_3feat,6bba_32db13fc,6bba_32db13fc:115,union|6bba_32db13fc:115|82,0,0.12528111969853462
oof_logistic_3feat,6bba_32db13fc,6bba_32db13fc:115,union|6bba_32db13fc:115|83,0,0.15072613837487464
oof_logistic_3feat,6bba_32db13fc,6bba_32db13fc:115,union|6bba_32db13fc:115|84,0,0.15661355880829134
oof_logistic_3feat,6bba_32db13fc,6bba_32db13fc:115,union|6bba_32db13fc:115|85,0,0.1991575956848472
oof_logistic_3feat,6bba_32db13fc,6bba_32db13fc:115,union|6bba_32db13fc:115|86,0,0.06914422586687663
oof_logistic_3feat,6bba_32db13fc,6bba_32db13fc:115,union|6bba_32db13fc:115|87,0,0.013660842541251276
oof_logistic_3feat,6bba_32db13fc,6bba_32db13fc:115,union|6bba_32db13fc:115|88,0,0.01987610319995509
oof_logistic_3feat,6bba_32db13fc,6bba_32db13fc:115,union|6bba_32db13fc:115|89,0,0.015453951081245703
oof_logistic_3feat,6bba_32db13fc,6bba_32db13fc:115,union|6bba_32db13fc:115|90,0,0.03423523097653329
oof_logistic_3feat,6bba_32db13fc,6bba_32db13fc:115,union|6bba_32db13fc:115|91,0,0.0048095485663472055
oof_logistic_3feat,6bba_32db13fc,6bba_32db13fc:115,union|6bba_32db13fc:115|92,0,0.562173263673684
oof_logistic_3feat,6bba_32db13fc,6bba_32db13fc:115,union|6bba_32db13fc:115|93,0,0.3152449554356799
oof_logistic_3feat,6bba_32db13fc,6bba_32db13fc:115,union|6bba_32db13fc:115|94,0,0.5208144133573235
oof_logistic_3feat,6bba_32db13fc,6bba_32db13fc:115,union|6bba_32db13fc:115|95,0,0.06939393888824734
oof_logistic_3feat,6bba_32db13fc,6bba_32db13fc:115,union|6bba_32db13fc:115|96,0,0.6819527207575058
oof_logistic_3feat,6bba_32db13fc,6bba_32db13fc:115,union|6bba_32db13fc:115|97,0,0.03907558632578791
oof_logistic_3feat,6bba_32db13fc,6bba_32db13fc:115,union|6bba_32db13fc:115|98,0,0.03244160087448683
oof_logistic_3feat,6bba_32db13fc,6bba_32db13fc:115,union|6bba_32db13fc:115|99,0,0.01418245266604406
oof_logistic_3feat,6bba_32db13fc,6bba_32db13fc:115,union|6bba_32db13fc:115|100,0,0.24473010960434677
oof_logistic_3feat,6bba_32db13fc,6bba_32db13fc:115,union|6bba_32db13fc:115|101,0,0.31207823386833755
oof_logistic_3feat,6bba_32db13fc,6bba_32db13fc:115,union|6bba_32db13fc:115|102,0,0.3200632528941342
oof_logistic_3feat,6bba_32db13fc,6bba_32db13fc:115,union|6bba_32db13fc:115|103,0,0.07887150982752392
oof_logistic_3feat,6bba_32db13fc,6bba_32db13fc:115,union|6bba_32db13fc:115|104,0,0.03473467029763138
oof_logistic_3feat,6bba_32db13fc,6bba_32db13fc:115,union|6bba_32db13fc:115|105,0,0.016737602919703557
oof_logistic_3feat,6bba_32db13fc,6bba_32db13fc:115,union|6bba_32db13fc:115|106,0,0.006240862886400363
oof_logistic_3feat,6bba_32db13fc,6bba_32db13fc:115,union|6bba_32db13fc:115|107,0,0.40530394082890087
oof_logistic_3feat,6bba_32db13fc,6bba_32db13fc:115,union|6bba_32db13fc:115|108,0,0.48181583243823833
oof_logistic_3feat,6bba_32db13fc,6bba_32db13fc:115,union|6bba_32db13fc:115|109,0,0.09444297152489942
oof_logistic_3feat,6bba_32db13fc,6bba_32db13fc:115,union|6bba_32db13fc:115|110,0,0.11082727935922343
oof_logistic_3feat,6bba_32db13fc,6bba_32db13fc:115,union|6bba_32db13fc:115|111,0,0.04753577440034064
oof_logistic_3feat,6bba_32db13fc,6bba_32db13fc:115,union|6bba_32db13fc:115|112,0,0.043422389308506115
oof_logistic_3feat,6bba_32db13fc,6bba_32db13fc:115,union|6bba_32db13fc:115|113,0,0.017774942619829395
oof_logistic_3feat,6bba_32db13fc,6bba_32db13fc:115,union|6bba_32db13fc:115|114,0,0.004388572600398323
oof_logistic_3feat,6bba_32db13fc,6bba_32db13fc:115,union|6bba_32db13fc:115|115,0,0.3196254073682208
oof_logistic_3feat,6bba_32db13fc,6bba_32db13fc:115,union|6bba_32db13fc:115|116,0,0.10749395099670793
oof_logistic_3feat,6bba_32db13fc,6bba_32db13fc:115,union|6bba_32db13fc:115|117,0,0.04271361191059335
oof_logistic_3feat,6bba_32db13fc,6bba_32db13fc:115,union|6bba_32db13fc:115|118,0,0.03781742063351149
oof_logistic_3feat,6bba_32db13fc,6bba_32db13fc:115,union|6bba_32db13fc:115|119,0,0.04766673183934111
oof_logistic_3feat,6bba_32db13fc,6bba_32db13fc:115,union|6bba_32db13fc:115|120,0,0.02270057111795093
oof_logistic_3feat,6bba_32db13fc,6bba_32db13fc:115,union|6bba_32db13fc:115|121,0,0.006813402251934807
oof_logistic_3feat,6bba_32db13fc,6bba_32db13fc:115,union|6bba_32db13fc:115|122,0,0.0870288342664028
oof_logistic_3feat,6bba_32db13fc,6bba_32db13fc:115,union|6bba_32db13fc:115|123,0,0.09305605681735672
oof_logistic_3feat,6bba_32db13fc,6bba_32db13fc:115,union|6bba_32db13fc:115|124,0,0.03963598949908782
oof_logistic_3feat,6bba_32db13fc,6bba_32db13fc:115,union|6bba_32db13fc:115|125,0,0.004636316972503503
oof_logistic_3feat,6bba_32db13fc,6bba_32db13fc:115,union|6bba_32db13fc:115|126,0,0.007135601223509746
oof_logistic_3feat,6bba_32db13fc,6bba_32db13fc:115,union|6bba_32db13fc:115|127,0,0.006469096658195633
oof_logistic_3feat,6bba_32db13fc,6bba_32db13fc:115,union|6bba_32db13fc:115|128,0,0.01578475256381865
oof_logistic_3feat,6bba_32db13fc,6bba_32db13fc:115,union|6bba_32db13fc:115|129,0,0.00657451672210526
oof_logistic_3feat,6bba_32db13fc,6bba_32db13fc:115,union|6bba_32db13fc:115|130,0,0.006635009353217521
oof_logistic_3feat,6bba_32db13fc,6bba_32db13fc:115,union|6bba_32db13fc:115|131,0,0.003916358600479306
oof_logistic_3feat,6bba_32db13fc,6bba_32db13fc:115,union|6bba_32db13fc:115|132,0,0.0032209274746396763
oof_logistic_3feat,6bba_32db13fc,6bba_32db13fc:115,union|6bba_32db13fc:115|133,0,0.0013881643867218478
oof_logistic_3feat,6bba_32db13fc,6bba_32db13fc:115,union|6bba_32db13fc:115|134,0,0.002835828928251919
oof_logistic_3feat,6bba_32db13fc,6bba_32db13fc:115,union|6bba_32db13fc:115|135,0,0.002064236875122369
oof_logistic_3feat,6bba_32db13fc,6bba_32db13fc:115,union|6bba_32db13fc:115|136,0,0.0014793498853627495
oof_logistic_3feat,6bba_32db13fc,6bba_32db13fc:115,union|6bba_32db13fc:115|137,0,0.000615509872172759
oof_logistic_3feat,6bba_32db13fc,6bba_32db13fc:115,union|6bba_32db13fc:115|138,0,0.0004259784146389322
oof_logistic_3feat,6bba_474be664,6bba_474be664:205,union|6bba_474be664:205|0,0,0.0648140147385265
oof_logistic_3feat,6bba_474be664,6bba_474be664:205,union|6bba_474be664:205|1,0,0.07077347063546956
oof_logistic_3feat,6bba_474be664,6bba_474be664:205,union|6bba_474be664:205|2,0,0.060822785914878705
oof_logistic_3feat,6bba_474be664,6bba_474be664:205,union|6bba_474be664:205|3,0,0.05010053635761178
oof_logistic_3feat,6bba_474be664,6bba_474be664:205,union|6bba_474be664:205|4,0,0.051629199770601174
oof_logistic_3feat,6bba_474be664,6bba_474be664:205,union|6bba_474be664:205|5,0,0.008781897881062215
oof_logistic_3feat,6bba_474be664,6bba_474be664:205,union|6bba_474be664:205|6,0,0.011226617943072692
oof_logistic_3feat,6bba_474be664,6bba_474be664:205,union|6bba_474be664:205|7,0,0.0803632502214421
oof_logistic_3feat,6bba_474be664,6bba_474be664:205,union|6bba_474be664:205|8,0,0.046978474853215976
oof_logistic_3feat,6bba_474be664,6bba_474be664:205,union|6bba_474be664:205|9,0,0.0673289478531073
oof_logistic_3feat,6bba_474be664,6bba_474be664:205,union|6bba_474be664:205|10,0,0.05415017049286379
oof_logistic_3feat,6bba_474be664,6bba_474be664:205,union|6bba_474be664:205|11,0,0.05540126988794113
oof_logistic_3feat,6bba_474be664,6bba_474be664:205,union|6bba_474be664:205|12,0,0.05334841428864064
oof_logistic_3feat,6bba_474be664,6bba_474be664:205,union|6bba_474be664:205|13,0,0.05238008344851174
oof_logistic_3feat,6bba_474be664,6bba_474be664:205,union|6bba_474be664:205|14,0,0.007790888912236258
oof_logistic_3feat,6bba_474be664,6bba_474be664:205,union|6bba_474be664:205|15,0,0.007533300646955486
oof_logistic_3feat,6bba_474be664,6bba_474be664:205,union|6bba_474be664:205|16,0,0.13784440364020917
oof_logistic_3feat,6bba_474be664,6bba_474be664:205,union|6bba_474be664:205|17,0,0.11520548371852934
oof_logistic_3feat,6bba_474be664,6bba_474be664:205,union|6bba_474be664:205|18,0,0.14652686262334746
oof_logistic_3feat,6bba_474be664,6bba_474be664:205,union|6bba_474be664:205|19,0,0.11197808669209461
oof_logistic_3feat,6bba_474be664,6bba_474be664:205,union|6bba_474be664:205|20,0,0.11632254735597074
oof_logistic_3feat,6bba_474be664,6bba_474be664:205,union|6bba_474be664:205|21,0,0.1230898221039368
oof_logistic_3feat,6bba_474be664,6bba_474be664:205,union|6bba_474be664:205|22,0,0.030459016976892007
oof_logistic_3feat,6bba_474be664,6bba_474be664:205,union|6bba_474be664:205|23,0,0.025033423422522277
oof_logistic_3feat,6bba_474be664,6bba_474be664:205,union|6bba_474be664:205|24,0,0.07389722212138511
oof_logistic_3feat,6bba_474be664,6bba_474be664:205,union|6bba_474be664:205|25,0,0.07162709551047478
oof_logistic_3feat,6bba_474be664,6bba_474be664:205,union|6bba_474be664:205|26,0,0.07536556098263823
oof_logistic_3feat,6bba_474be664,6bba_474be664:205,union|6bba_474be664:205|27,0,0.04649575342828363
oof_logistic_3feat,6bba_474be664,6bba_474be664:205,union|6bba_474be664:205|28,0,0.07035722811742978
oof_logistic_3feat,6bba_474be664,6bba_474be664:205,union|6bba_474be664:205|29,0,0.047805592602945673
oof_logistic_3feat,6bba_474be664,6bba_474be664:205,union|6bba_474be664:205|30,0,0.05085289919189338
oof_logistic_3feat,6bba_474be664,6bba_474be664:205,union|6bba_474be664:205|31,0,0.047805592602945673
oof_logistic_3feat,6bba_474be664,6bba_474be664:205,union|6bba_474be664:205|32,0,0.44110823370540025
oof_logistic_3feat,6bba_474be664,6bba_474be664:205,union|6bba_474be664:205|33,0,0.23926499918727473
oof_logistic_3feat,6bba_474be664,6bba_474be664:205,union|6bba_474be664:205|34,0,0.06991958339173754
oof_logistic_3feat,6bba_474be664,6bba_474be664:205,union|6bba_474be664:205|35,0,0.9402163757959834
oof_logistic_3feat,6bba_474be664,6bba_474be664:205,union|6bba_474be664:205|36,0,0.13784440364020917
oof_logistic_3feat,6bba_474be664,6bba_474be664:205,union|6bba_474be664:205|37,1,0.9852471880213377
oof_logistic_3feat,6bba_474be664,6bba_474be664:205,union|6bba_474be664:205|38,0,0.4514788586402233
oof_logistic_3feat,6bba_474be664,6bba_474be664:205,union|6bba_474be664:205|39,0,0.6425710848196894
oof_logistic_3feat,6bba_474be664,6bba_474be664:205,union|6bba_474be664:205|40,0,0.2559956254992437
oof_logistic_3feat,6bba_474be664,6bba_474be664:205,union|6bba_474be664:205|41,0,0.802721595885636
oof_logistic_3feat,6bba_474be664,6bba_474be664:205,union|6bba_474be664:205|42,0,0.6939414207311947
oof_logistic_3feat,6bba_474be664,6bba_474be664:205,union|6bba_474be664:205|43,0,0.7513754152237896
oof_logistic_3feat,6bba_474be664,6bba_474be664:205,union|6bba_474be664:205|44,0,0.01782843107637177
oof_logistic_3feat,6bba_474be664,6bba_474be664:205,union|6bba_474be664:205|45,0,0.053732555808714375
oof_logistic_3feat,6bba_474be664,6bba_474be664:205,union|6bba_474be664:205|46,0,0.010347330356824835
oof_logistic_3feat,6bba_474be664,6bba_474be664:205,union|6bba_474be664:205|47,0,0.005959694951746547
oof_logistic_3feat,6bba_474be664,6bba_474be664:205,union|6bba_474be664:205|48,0,0.18775385693089708
oof_logistic_3feat,6bba_474be664,6bba_474be664:205,union|6bba_474be664:205|49,0,0.09884631678903097
oof_logistic_3feat,6bba_474be664,6bba_474be664:205,union|6bba_474be664:205|50,0,0.45588043050052035
oof_logistic_3feat,6bba_474be664,6bba_474be664:205,union|6bba_474be664:205|51,0,0.36476210030586725
oof_logistic_3feat,6bba_474be664,6bba_474be664:205,union|6bba_474be664:205|52,0,0.4539259423890602
oof_logistic_3feat,6bba_474be664,6bba_474be664:205,union|6bba_474be664:205|53,0,0.2417093885236273
oof_logistic_3feat,6bba_474be664,6bba_474be664:205,union|6bba_474be664:205|54,0,0.34480065531928694
oof_logistic_3feat,6bba_474be664,6bba_474be664:205,union|6bba_474be664:205|55,0,0.3521160251871205
oof_logistic_3feat,6bba_474be664,6bba_474be664:205,union|6bba_474be664:205|56,0,0.0507245582520796
oof_logistic_3feat,6bba_474be664,6bba_474be664:205,union|6bba_474be664:205|57,0,0.04576796996819146
oof_logistic_3feat,6bba_474be664,6bba_474be664:205,union|6bba_474be664:205|58,0,0.010252247445985378
oof_logistic_3feat,6bba_474be664,6bba_474be664:205,union|6bba_474be664:205|59,0,0.23926499918727473
oof_logistic_3feat,6bba_474be664,6bba_474be664:205,union|6bba_474be664:205|60,0,0.16046769355950666
oof_logistic_3feat,6bba_474be664,6bba_474be664:205,union|6bba_474be664:205|61,0,0.1779021315030817
oof_logistic_3feat,6bba_474be664,6bba_474be664:205,union|6bba_474be664:205|62,0,0.23926499918727473
oof_logistic_3feat,6bba_474be664,6bba_474be664:205,union|6bba_474be664:205|63,0,0.16599581924922416
oof_logistic_3feat,6bba_474be664,6bba_474be664:205,union|6bba_474be664:205|64,0,0.16803864549745817
oof_logistic_3feat,6bba_474be664,6bba_474be664:205,union|6bba_474be664:205|65,0,0.21437285891556296
oof_logistic_3feat,6bba_474be664,6bba_474be664:205,union|6bba_474be664:205|66,0,0.16062393060405838
oof_logistic_3feat,6bba_474be664,6bba_474be664:205,union|6bba_474be664:205|67,0,0.007796713567365132
oof_logistic_3feat,6bba_474be664,6bba_474be664:205,union|6bba_474be664:205|68,0,0.0775910842257586
oof_logistic_3feat,6bba_474be664,6bba_474be664:205,union|6bba_474be664:205|69,0,0.06852990002778525
oof_logistic_3feat,6bba_474be664,6bba_474be664:205,union|6bba_474be664:205|70,0,0.10889732271891438
oof_logistic_3feat,6bba_474be664,6bba_474be664:205,union|6bba_474be664:205|71,0,0.06991958339173754
oof_logistic_3feat,6bba_474be664,6bba_474be664:205,union|6bba_474be664:205|72,0,0.07167185030431016
oof_logistic_3feat,6bba_474be664,6bba_474be664:205,union|6bba_474be664:205|73,0,0.06418419360385623
oof_logistic_3feat,6bba_474be664,6bba_474be664:205,union|6bba_474be664:205|74,0,0.00869431164919755
oof_logistic_3feat,6bba_474be664,6bba_474be664:205,union|6bba_474be664:205|75,0,0.008650445484981723
oof_logistic_3feat,6bba_474be664,6bba_474be664:205,union|6bba_474be664:205|76,0,0.13169641305358254
oof_logistic_3feat,6bba_474be664,6bba_474be664:205,union|6bba_474be664:205|77,0,0.9276748933137953
oof_logistic_3feat,6bba_474be664,6bba_474be664:205,union|6bba_474be664:205|78,0,0.45662689874621193
oof_logistic_3feat,6bba_474be664,6bba_474be664:205,union|6bba_474be664:205|79,0,0.6933332226631936
oof_logistic_3feat,6bba_474be664,6bba_474be664:205,union|6bba_474be664:205|80,0,0.2618978728399672
oof_logistic_3feat,6bba_474be664,6bba_474be664:205,union|6bba_474be664:205|81,0,0.8115045102573992
oof_logistic_3feat,6bba_474be664,6bba_474be664:205,union|6bba_474be664:205|82,0,0.7428388189225559
oof_logistic_3feat,6bba_474be664,6bba_474be664:205,union|6bba_474be664:205|83,0,0.7839853880030712
oof_logistic_3feat,6bba_474be664,6bba_474be664:205,union|6bba_474be664:205|84,0,0.05786277155823417
oof_logistic_3feat,6bba_474be664,6bba_474be664:205,union|6bba_474be664:205|85,0,0.04150808503408684
oof_logistic_3feat,6bba_474be664,6bba_474be664:205,union|6bba_474be664:205|86,0,0.0131517055559333
oof_logistic_3feat,6bba_474be664,6bba_474be664:205,union|6bba_474be664:205|87,0,0.006882530067020998
oof_logistic_3feat,6bba_474be664,6bba_474be664:205,union|6bba_474be664:205|88,0,0.13948424706081894
oof_logistic_3feat,6bba_474be664,6bba_474be664:205,union|6bba_474be664:205|89,0,0.2284582285332452
oof_logistic_3feat,6bba_474be664,6bba_474be664:205,union|6bba_474be664:205|90,0,0.15038106491594208
oof_logistic_3feat,6bba_474be664,6bba_474be664:205,union|6bba_474be664:205|91,0,0.16125773873631255
oof_logistic_3feat,6bba_474be664,6bba_474be664:205,union|6bba_474be664:205|92,0,0.12101743694936108
oof_logistic_3feat,6bba_474be664,6bba_474be664:205,union|6bba_474be664:205|93,0,0.009935323845921575
oof_logistic_3feat,6bba_474be664,6bba_474be664:205,union|6bba_474be664:205|94,0,0.45793963407809396
oof_logistic_3feat,6bba_474be664,6bba_474be664:205,union|6bba_474be664:205|95,0,0.6564816644607782
oof_logistic_3feat,6bba_474be664,6bba_474be664:205,union|6bba_474be664:205|96,0,0.36371060631053975
oof_logistic_3feat,6bba_474be664,6bba_474be664:205,union|6bba_474be664:205|97,0,0.8688420298062082
oof_logistic_3feat,6bba_474be664,6bba_474be664:205,union|6bba_474be664:205|98,0,0.7252712163467459
oof_logistic_3feat,6bba_474be664,6bba_474be664:205,union|6bba_474be664:205|99,0,0.8213990882882947
oof_logistic_3feat,6bba_474be664,6bba_474be664:205,union|6bba_474be664:205|100,0,0.06834815195979534
oof_logistic_3feat,6bba_474be664,6bba_474be664:205,union|6bba_474be664:205|101,0,0.02287695206536264
oof_logistic_3feat,6bba_474be664,6bba_474be664:205,union|6bba_474be664:205|102,0,0.05822655115811555
oof_logistic_3feat,6bba_474be664,6bba_474be664:205,union|6bba_474be664:205|103,0,0.015510135580007604
oof_logistic_3feat,6bba_474be664,6bba_474be664:205,union|6bba_474be664:205|104,0,0.006259272413281528
oof_logistic_3feat,6bba_474be664,6bba_474be664:205,union|6bba_474be664:205|105,0,0.37368745564352734
oof_logistic_3feat,6bba_474be664,6bba_474be664:205,union|6bba_474be664:205|106,0,0.48058692866887465
oof_logistic_3feat,6bba_474be664,6bba_474be664:205,union|6bba_474be664:205|107,0,0.521254009562872
oof_logistic_3feat,6bba_474be664,6bba_474be664:205,union|6bba_474be664:205|108,0,0.4300777380897113
oof_logistic_3feat,6bba_474be664,6bba_474be664:205,union|6bba_474be664:205|109,0,0.01102335858855847
oof_logistic_3feat,6bba_474be664,6bba_474be664:205,union|6bba_474be664:205|110,0,0.011204355762145166
oof_logistic_3feat,6bba_474be664,6bba_474be664:205,union|6bba_474be664:205|111,0,0.3124901936381915
oof_logistic_3feat,6bba_474be664,6bba_474be664:205,union|6bba_474be664:205|112,0,0.6184150528236388
oof_logistic_3feat,6bba_474be664,6bba_474be664:205,union|6bba_474be664:205|113,0,0.637751609694889
oof_logistic_3feat,6bba_474be664,6bba_474be664:205,union|6bba_474be664:205|114,0,0.6835842647841521
oof_logistic_3feat,6bba_474be664,6bba_474be664:205,union|6bba_474be664:205|115,0,0.0782783500439073
oof_logistic_3feat,6bba_474be664,6bba_474be664:205,union|6bba_474be664:205|116,0,0.04551740527144631
oof_logistic_3feat,6bba_474be664,6bba_474be664:205,union|6bba_474be664:205|117,0,0.01584362350648989
oof_logistic_3feat,6bba_474be664,6bba_474be664:205,union|6bba_474be664:205|118,0,0.3437897680621928
oof_logistic_3feat,6bba_474be664,6bba_474be664:205,union|6bba_474be664:205|119,0,0.2746085362703769
oof_logistic_3feat,6bba_474be664,6bba_474be664:205,union|6bba_474be664:205|120,0,0.3693990621003988
oof_logistic_3feat,6bba_474be664,6bba_474be664:205,union|6bba_474be664:205|121,0,0.0844727335615561
oof_logistic_3feat,6bba_474be664,6bba_474be664:205,union|6bba_474be664:205|122,0,0.02063098665682344
oof_logistic_3feat,6bba_474be664,6bba_474be664:205,union|6bba_474be664:205|123,0,0.049804034868595706
oof_logistic_3feat,6bba_474be664,6bba_474be664:205,union|6bba_474be664:205|124,0,0.017123407715371363
oof_logistic_3feat,6bba_474be664,6bba_474be664:205,union|6bba_474be664:205|125,0,0.7472573034670764
oof_logistic_3feat,6bba_474be664,6bba_474be664:205,union|6bba_474be664:205|126,0,0.8270974447412753
oof_logistic_3feat,6bba_474be664,6bba_474be664:205,union|6bba_474be664:205|127,0,0.06834815195979534
oof_logistic_3feat,6bba_474be664,6bba_474be664:205,union|6bba_474be664:205|128,0,0.018598912938988903
oof_logistic_3feat,6bba_474be664,6bba_474be664:205,union|6bba_474be664:205|129,0,0.04383568623172117
oof_logistic_3feat,6bba_474be664,6bba_474be664:205,union|6bba_474be664:205|130,0,0.01718363048462254
oof_logistic_3feat,6bba_474be664,6bba_474be664:205,union|6bba_474be664:205|131,0,0.007317438735981401
oof_logistic_3feat,6bba_474be664,6bba_474be664:205,union|6bba_474be664:205|132,0,0.7457657640314105
oof_logistic_3feat,6bba_474be664,6bba_474be664:205,union|6bba_474be664:205|133,0,0.06190761265413076
oof_logistic_3feat,6bba_474be664,6bba_474be664:205,union|6bba_474be664:205|134,0,0.016054875670888872
oof_logistic_3feat,6bba_474be664,6bba_474be664:205,union|6bba_474be664:205|135,0,0.009790716492358612
oof_logistic_3feat,6bba_474be664,6bba_474be664:205,union|6bba_474be664:205|136,0,0.0918544882588338
oof_logistic_3feat,6bba_474be664,6bba_474be664:205,union|6bba_474be664:205|137,0,0.016294478807331713
oof_logistic_3feat,6bba_474be664,6bba_474be664:205,union|6bba_474be664:205|138,0,0.043435082382721146
oof_logistic_3feat,6bba_474be664,6bba_474be664:205,union|6bba_474be664:205|139,0,0.02264330045544761
oof_logistic_3feat,6bba_474be664,6bba_474be664:205,union|6bba_474be664:205|140,0,0.006315640149980749
oof_logistic_3feat,6bba_474be664,6bba_474be664:205,union|6bba_474be664:205|141,0,0.013678412205343847
oof_logistic_3feat,6bba_474be664,6bba_474be664:205,union|6bba_474be664:205|142,0,0.0037264276354650036
oof_logistic_3feat,6bba_474be664,6bba_474be664:205,union|6bba_474be664:205|143,0,0.000698517367576694
oof_logistic_3feat,6bba_5c039895,6bba_5c039895:121,union|6bba_5c039895:121|0,0,0.14546525621262416
oof_logistic_3feat,6bba_5c039895,6bba_5c039895:121,union|6bba_5c039895:121|1,0,0.11246920413594473
oof_logistic_3feat,6bba_5c039895,6bba_5c039895:121,union|6bba_5c039895:121|2,0,0.193269358656959
oof_logistic_3feat,6bba_5c039895,6bba_5c039895:121,union|6bba_5c039895:121|3,0,0.21996128330420922
oof_logistic_3feat,6bba_5c039895,6bba_5c039895:121,union|6bba_5c039895:121|4,0,0.1773677378425363
oof_logistic_3feat,6bba_5c039895,6bba_5c039895:121,union|6bba_5c039895:121|5,0,0.22526795995712343
oof_logistic_3feat,6bba_5c039895,6bba_5c039895:121,union|6bba_5c039895:121|6,0,0.6574995322119772
oof_logistic_3feat,6bba_5c039895,6bba_5c039895:121,union|6bba_5c039895:121|7,1,0.991753476194845
oof_logistic_3feat,6bba_5c039895,6bba_5c039895:121,union|6bba_5c039895:121|8,0,0.18125916436679032
oof_logistic_3feat,6bba_5c039895,6bba_5c039895:121,union|6bba_5c039895:121|9,0,0.7056303855812046
oof_logistic_3feat,6bba_5c039895,6bba_5c039895:121,union|6bba_5c039895:121|10,0,0.25869881231816727
oof_logistic_3feat,6bba_5c039895,6bba_5c039895:121,union|6bba_5c039895:121|11,0,0.2168356013304131
oof_logistic_3feat,6bba_5c039895,6bba_5c039895:680,union|6bba_5c039895:680|0,0,0.05831656666969147
oof_logistic_3feat,6bba_5c039895,6bba_5c039895:680,union|6bba_5c039895:680|1,0,0.7667318882492138
oof_logistic_3feat,6bba_5c039895,6bba_5c039895:680,union|6bba_5c039895:680|2,0,0.7897080948379713
oof_logistic_3feat,6bba_5c039895,6bba_5c039895:680,union|6bba_5c039895:680|3,0,0.04362153930750049
oof_logistic_3feat,6bba_5c039895,6bba_5c039895:680,union|6bba_5c039895:680|4,0,0.038839279045088715
oof_logistic_3feat,6bba_5c039895,6bba_5c039895:680,union|6bba_5c039895:680|5,1,0.9718629733451779
oof_logistic_3feat,6bba_5c039895,6bba_5c039895:680,union|6bba_5c039895:680|6,0,0.2085400745388155
oof_logistic_3feat,6bba_5c039895,6bba_5c039895:680,union|6bba_5c039895:680|7,0,0.193269358656959
oof_logistic_3feat,6bba_705ec2c9,6bba_705ec2c9:250,union|6bba_705ec2c9:250|0,0,0.4343279706209979
oof_logistic_3feat,6bba_705ec2c9,6bba_705ec2c9:250,union|6bba_705ec2c9:250|1,0,0.42891988556381194
oof_logistic_3feat,6bba_705ec2c9,6bba_705ec2c9:250,union|6bba_705ec2c9:250|2,0,0.3952372345859137
oof_logistic_3feat,6bba_705ec2c9,6bba_705ec2c9:250,union|6bba_705ec2c9:250|3,0,0.13026165059896422
oof_logistic_3feat,6bba_705ec2c9,6bba_705ec2c9:250,union|6bba_705ec2c9:250|4,0,0.9583568192662172
oof_logistic_3feat,6bba_705ec2c9,6bba_705ec2c9:250,union|6bba_705ec2c9:250|5,0,0.97069225660233
oof_logistic_3feat,6bba_705ec2c9,6bba_705ec2c9:250,union|6bba_705ec2c9:250|6,0,0.6335358096133789
oof_logistic_3feat,6bba_705ec2c9,6bba_705ec2c9:250,union|6bba_705ec2c9:250|7,0,0.10980107141370833
oof_logistic_3feat,6bba_705ec2c9,6bba_705ec2c9:250,union|6bba_705ec2c9:250|8,1,0.9604927011027724
oof_logistic_3feat,6bba_705ec2c9,6bba_705ec2c9:250,union|6bba_705ec2c9:250|9,0,0.673712960500445
oof_logistic_3feat,6bba_705ec2c9,6bba_705ec2c9:250,union|6bba_705ec2c9:250|10,0,0.10987845765594707
oof_logistic_3feat,6bba_705ec2c9,6bba_705ec2c9:250,union|6bba_705ec2c9:250|11,0,0.6206823337170121
oof_logistic_3feat,6bba_705ec2c9,6bba_705ec2c9:250,union|6bba_705ec2c9:250|12,0,0.13639436142991324
oof_logistic_3feat,6bba_705ec2c9,6bba_705ec2c9:250,union|6bba_705ec2c9:250|13,0,0.01307060050174018
oof_logistic_3feat,6bba_7af54fde,6bba_7af54fde:556,union|6bba_7af54fde:556|0,0,0.07585682712549817
oof_logistic_3feat,6bba_7af54fde,6bba_7af54fde:556,union|6bba_7af54fde:556|1,1,0.2504467125583115
oof_logistic_3feat,6bba_7af54fde,6bba_7af54fde:556,union|6bba_7af54fde:556|2,0,0.18850278287417965
oof_logistic_3feat,6bba_7af54fde,6bba_7af54fde:556,union|6bba_7af54fde:556|3,0,0.09074566490894409
oof_logistic_3feat,6bba_7af54fde,6bba_7af54fde:556,union|6bba_7af54fde:556|4,0,0.30526039391778936
oof_logistic_3feat,6bba_7af54fde,6bba_7af54fde:556,union|6bba_7af54fde:556|5,0,0.2210123497213171
oof_logistic_3feat,6bba_7af54fde,6bba_7af54fde:556,union|6bba_7af54fde:556|6,0,0.15074505309616004
oof_logistic_3feat,6bba_7af54fde,6bba_7af54fde:556,union|6bba_7af54fde:556|7,0,0.060755781359361
oof_logistic_3feat,6bba_7af54fde,6bba_7af54fde:556,union|6bba_7af54fde:556|8,0,0.29846681143920534
oof_logistic_3feat,6bba_7af54fde,6bba_7af54fde:556,union|6bba_7af54fde:556|9,0,0.21220978355562795
oof_logistic_3feat,6bba_7af54fde,6bba_7af54fde:556,union|6bba_7af54fde:556|10,0,0.16541570659017482
oof_logistic_3feat,6bba_7af54fde,6bba_7af54fde:556,union|6bba_7af54fde:556|11,0,0.0426492144371607
oof_logistic_3feat,6bba_7af54fde,6bba_7af54fde:556,union|6bba_7af54fde:556|12,0,0.21033116667892968
oof_logistic_3feat,6bba_7af54fde,6bba_7af54fde:556,union|6bba_7af54fde:556|13,0,0.2691338226575433
oof_logistic_3feat,6bba_7af54fde,6bba_7af54fde:556,union|6bba_7af54fde:556|14,0,0.16220952251178772
oof_logistic_3feat,6bba_7af54fde,6bba_7af54fde:556,union|6bba_7af54fde:556|15,0,0.03833414894100353
oof_logistic_3feat,6bba_7af54fde,6bba_7af54fde:556,union|6bba_7af54fde:556|16,0,0.12697495247098364
oof_logistic_3feat,6bba_7af54fde,6bba_7af54fde:556,union|6bba_7af54fde:556|17,0,0.111654944359857
oof_logistic_3feat,6bba_7af54fde,6bba_7af54fde:590,union|6bba_7af54fde:590|0,0,0.08363463629517706
oof_logistic_3feat,6bba_7af54fde,6bba_7af54fde:590,union|6bba_7af54fde:590|1,0,0.11041829343385468
oof_logistic_3feat,6bba_7af54fde,6bba_7af54fde:590,union|6bba_7af54fde:590|2,0,0.1046470640380539
oof_logistic_3feat,6bba_7af54fde,6bba_7af54fde:590,union|6bba_7af54fde:590|3,0,0.08000486663414759
oof_logistic_3feat,6bba_7af54fde,6bba_7af54fde:590,union|6bba_7af54fde:590|4,0,0.007119073893513353
oof_logistic_3feat,6bba_7af54fde,6bba_7af54fde:590,union|6bba_7af54fde:590|5,0,0.0067390726687231485
oof_logistic_3feat,6bba_7af54fde,6bba_7af54fde:590,union|6bba_7af54fde:590|6,0,0.7395236525080524
oof_logistic_3feat,6bba_7af54fde,6bba_7af54fde:590,union|6bba_7af54fde:590|7,0,0.7468013598579603
oof_logistic_3feat,6bba_7af54fde,6bba_7af54fde:590,union|6bba_7af54fde:590|8,0,0.5650047390745067
oof_logistic_3feat,6bba_7af54fde,6bba_7af54fde:590,union|6bba_7af54fde:590|9,0,0.10674678075897219
oof_logistic_3feat,6bba_7af54fde,6bba_7af54fde:590,union|6bba_7af54fde:590|10,1,0.13706050238691508
oof_logistic_3feat,6bba_7af54fde,6bba_7af54fde:590,union|6bba_7af54fde:590|11,0,0.025628347870216443
oof_logistic_3feat,6bba_7af54fde,6bba_7af54fde:590,union|6bba_7af54fde:590|12,0,0.9161874552317242
oof_logistic_3feat,6bba_7af54fde,6bba_7af54fde:590,union|6bba_7af54fde:590|13,0,0.5627779154870092
oof_logistic_3feat,6bba_7af54fde,6bba_7af54fde:590,union|6bba_7af54fde:590|14,0,0.3490361841703194
oof_logistic_3feat,6bba_7af54fde,6bba_7af54fde:590,union|6bba_7af54fde:590|15,0,0.11041829343385468
oof_logistic_3feat,6bba_7af54fde,6bba_7af54fde:590,union|6bba_7af54fde:590|16,0,0.9967748649094094
oof_logistic_3feat,6bba_7af54fde,6bba_7af54fde:590,union|6bba_7af54fde:590|17,0,0.05298756645697226
oof_logistic_3feat,6bba_7af54fde,6bba_7af54fde:590,union|6bba_7af54fde:590|18,0,0.7262729523441674
oof_logistic_3feat,6bba_7af54fde,6bba_7af54fde:590,union|6bba_7af54fde:590|19,0,0.30328045667456865
oof_logistic_3feat,6bba_7af54fde,6bba_7af54fde:590,union|6bba_7af54fde:590|20,0,0.09013829100474179
oof_logistic_3feat,6bba_7af54fde,6bba_7af54fde:590,union|6bba_7af54fde:590|21,0,0.39331427346463554
oof_logistic_3feat,6bba_7af54fde,6bba_7af54fde:590,union|6bba_7af54fde:590|22,0,0.026198547820113056
oof_logistic_3feat,6bba_7af54fde,6bba_7af54fde:590,union|6bba_7af54fde:590|23,0,0.2888671068484804
oof_logistic_3feat,6bba_7af54fde,6bba_7af54fde:590,union|6bba_7af54fde:590|24,0,0.09633023722072558
oof_logistic_3feat,6bba_7af54fde,6bba_7af54fde:590,union|6bba_7af54fde:590|25,0,0.07052643131321693
oof_logistic_3feat,6bba_7af54fde,6bba_7af54fde:590,union|6bba_7af54fde:590|26,0,0.09342931813439982
oof_logistic_3feat,6bba_7af54fde,6bba_7af54fde:590,union|6bba_7af54fde:590|27,0,0.03002108422021426
oof_logistic_3feat,6bba_7af54fde,6bba_7af54fde:590,union|6bba_7af54fde:590|28,0,0.01751182160727408
oof_logistic_3feat,6bba_7af54fde,6bba_7af54fde:590,union|6bba_7af54fde:590|29,0,0.006781610054456682
oof_logistic_3feat,6bba_7af54fde,6bba_7af54fde:590,union|6bba_7af54fde:590|30,0,0.003040247088598653
oof_logistic_3feat,6bba_907271db,6bba_907271db:902,union|6bba_907271db:902|0,1,0.8217895752446773
oof_logistic_3feat,6bba_afb141ff,6bba_afb141ff:115,union|6bba_afb141ff:115|0,1,0.679389049385436
oof_logistic_3feat,6bba_afb141ff,6bba_afb141ff:115,union|6bba_afb141ff:115|1,0,0.6826875014572781
oof_logistic_3feat,6bba_afb141ff,6bba_afb141ff:115,union|6bba_afb141ff:115|2,0,0.09438987468068497
oof_logistic_3feat,6bba_afb141ff,6bba_afb141ff:115,union|6bba_afb141ff:115|3,0,0.6422173559204182
oof_logistic_3feat,6bba_afb141ff,6bba_afb141ff:115,union|6bba_afb141ff:115|4,0,0.9118646587139395
oof_logistic_3feat,6bba_afb141ff,6bba_afb141ff:115,union|6bba_afb141ff:115|5,0,0.07907477045178353
oof_logistic_3feat,6bba_afb141ff,6bba_afb141ff:115,union|6bba_afb141ff:115|6,0,0.9337395274206909
oof_logistic_3feat,6bba_afb141ff,6bba_afb141ff:115,union|6bba_afb141ff:115|7,0,0.5261895672172547
oof_logistic_3feat,6bba_afb141ff,6bba_afb141ff:115,union|6bba_afb141ff:115|8,0,0.10878712890731483
oof_logistic_3feat,6bba_afb141ff,6bba_afb141ff:115,union|6bba_afb141ff:115|9,0,0.08665568715279225
oof_logistic_3feat,6bba_afb141ff,6bba_afb141ff:115,union|6bba_afb141ff:115|10,0,0.9133142137709281
oof_logistic_3feat,6bba_afb141ff,6bba_afb141ff:115,union|6bba_afb141ff:115|11,0,0.5071742837091404
oof_logistic_3feat,6bba_afb141ff,6bba_afb141ff:115,union|6bba_afb141ff:115|12,0,0.08518349738757851
oof_logistic_3feat,6bba_afb141ff,6bba_afb141ff:115,union|6bba_afb141ff:115|13,0,0.08469750854587543
oof_logistic_3feat,6bba_afb141ff,6bba_afb141ff:115,union|6bba_afb141ff:115|14,0,0.08007991800456467
oof_logistic_3feat,6bba_afb141ff,6bba_afb141ff:115,union|6bba_afb141ff:115|15,0,0.600795259814911
oof_logistic_3feat,6bba_afb141ff,6bba_afb141ff:115,union|6bba_afb141ff:115|16,0,0.09301202717903076
oof_logistic_3feat,6bba_afb141ff,6bba_afb141ff:115,union|6bba_afb141ff:115|17,0,0.08747128517966996
oof_logistic_3feat,6bba_afb141ff,6bba_afb141ff:304,union|6bba_afb141ff:304|0,0,0.1010618640710032
oof_logistic_3feat,6bba_afb141ff,6bba_afb141ff:304,union|6bba_afb141ff:304|1,1,0.6498305491959969
oof_logistic_3feat,6bba_afb141ff,6bba_afb141ff:304,union|6bba_afb141ff:304|2,0,0.02303126059476555
oof_logistic_3feat,6bba_afb141ff,6bba_afb141ff:304,union|6bba_afb141ff:304|3,0,0.12177232651655384
oof_logistic_3feat,6bba_afb141ff,6bba_afb141ff:304,union|6bba_afb141ff:304|4,0,0.019336218766944635
oof_logistic_3feat,6bba_afb141ff,6bba_afb141ff:304,union|6bba_afb141ff:304|5,0,0.021067273684718
oof_logistic_3feat,6bba_d1acb6ff,6bba_d1acb6ff:414,union|6bba_d1acb6ff:414|0,1,0.9875340969094373
oof_logistic_3feat,6bba_d1acb6ff,6bba_d1acb6ff:414,union|6bba_d1acb6ff:414|1,0,0.10193501354271366
oof_logistic_3feat,6bba_d1acb6ff,6bba_d1acb6ff:414,union|6bba_d1acb6ff:414|2,0,0.531144680424893
oof_logistic_3feat,6bba_d1acb6ff,6bba_d1acb6ff:414,union|6bba_d1acb6ff:414|3,0,0.769971894123781
oof_logistic_3feat,6bba_d1acb6ff,6bba_d1acb6ff:414,union|6bba_d1acb6ff:414|4,0,0.2764344236028647
oof_logistic_3feat,6bba_d1acb6ff,6bba_d1acb6ff:414,union|6bba_d1acb6ff:414|5,0,0.016245161598937723
oof_logistic_3feat,6bba_d1acb6ff,6bba_d1acb6ff:414,union|6bba_d1acb6ff:414|6,0,0.09824048866808227
oof_logistic_3feat,6bba_d1acb6ff,6bba_d1acb6ff:414,union|6bba_d1acb6ff:414|7,0,0.32182663506682974
oof_logistic_3feat,6bba_d1acb6ff,6bba_d1acb6ff:414,union|6bba_d1acb6ff:414|8,0,0.1396592038961568
oof_logistic_3feat,6bba_d1acb6ff,6bba_d1acb6ff:414,union|6bba_d1acb6ff:414|9,0,0.6043327092510362
oof_logistic_3feat,6bba_d1acb6ff,6bba_d1acb6ff:414,union|6bba_d1acb6ff:414|10,0,0.7760191353950228
oof_logistic_3feat,6bba_d1acb6ff,6bba_d1acb6ff:414,union|6bba_d1acb6ff:414|11,0,0.31199437095124316
oof_logistic_3feat,6bba_d1acb6ff,6bba_d1acb6ff:414,union|6bba_d1acb6ff:414|12,0,0.013367374833661363
oof_logistic_3feat,6bba_d1acb6ff,6bba_d1acb6ff:414,union|6bba_d1acb6ff:414|13,0,0.08047465916814416
oof_logistic_3feat,6bba_d1acb6ff,6bba_d1acb6ff:414,union|6bba_d1acb6ff:414|14,0,0.34729030344393685
oof_logistic_3feat,6bba_d1acb6ff,6bba_d1acb6ff:414,union|6bba_d1acb6ff:414|15,0,0.1680555109544005
oof_logistic_3feat,6bba_d1acb6ff,6bba_d1acb6ff:414,union|6bba_d1acb6ff:414|16,0,0.10073098793438925
oof_logistic_3feat,6bba_d1acb6ff,6bba_d1acb6ff:414,union|6bba_d1acb6ff:414|17,0,0.12327913808075715
oof_logistic_3feat,6bba_d1acb6ff,6bba_d1acb6ff:414,union|6bba_d1acb6ff:414|18,0,0.0167655142836474
oof_logistic_3feat,6bba_d1acb6ff,6bba_d1acb6ff:414,union|6bba_d1acb6ff:414|19,0,0.5549638944416846
oof_logistic_3feat,6bba_d1acb6ff,6bba_d1acb6ff:414,union|6bba_d1acb6ff:414|20,0,0.3881960739473716
oof_logistic_3feat,6bba_d1acb6ff,6bba_d1acb6ff:414,union|6bba_d1acb6ff:414|21,0,0.1684003325112721
oof_logistic_3feat,6bba_d1acb6ff,6bba_d1acb6ff:414,union|6bba_d1acb6ff:414|22,0,0.32097422794674946
oof_logistic_3feat,6bba_d1acb6ff,6bba_d1acb6ff:414,union|6bba_d1acb6ff:414|23,0,0.3982914745521103
oof_logistic_3feat,6bba_d1acb6ff,6bba_d1acb6ff:414,union|6bba_d1acb6ff:414|24,0,0.07484464721844501
oof_logistic_3feat,6bba_d1acb6ff,6bba_d1acb6ff:414,union|6bba_d1acb6ff:414|25,0,0.0031286148087838416
oof_logistic_3feat,6bba_e16ffc58,6bba_e16ffc58:331,union|6bba_e16ffc58:331|0,0,0.9375741242969053
oof_logistic_3feat,6bba_e16ffc58,6bba_e16ffc58:331,union|6bba_e16ffc58:331|1,0,0.2599631384063998
oof_logistic_3feat,6bba_e16ffc58,6bba_e16ffc58:331,union|6bba_e16ffc58:331|2,0,0.9956410675950682
oof_logistic_3feat,6bba_e16ffc58,6bba_e16ffc58:331,union|6bba_e16ffc58:331|3,0,0.9733613672223369
oof_logistic_3feat,6bba_e16ffc58,6bba_e16ffc58:331,union|6bba_e16ffc58:331|4,0,0.26359303680091006
oof_logistic_3feat,6bba_e16ffc58,6bba_e16ffc58:331,union|6bba_e16ffc58:331|5,0,0.15915763691749513
oof_logistic_3feat,6bba_e16ffc58,6bba_e16ffc58:331,union|6bba_e16ffc58:331|6,0,0.7378015108690834
oof_logistic_3feat,6bba_e16ffc58,6bba_e16ffc58:331,union|6bba_e16ffc58:331|7,0,0.33486600390771065
oof_logistic_3feat,6bba_e16ffc58,6bba_e16ffc58:331,union|6bba_e16ffc58:331|8,1,0.9215443542854495
oof_logistic_3feat,6bba_e16ffc58,6bba_e16ffc58:331,union|6bba_e16ffc58:331|9,0,0.9184829591707692
oof_logistic_3feat,6bba_e16ffc58,6bba_e16ffc58:331,union|6bba_e16ffc58:331|10,0,0.24550498591559855
oof_logistic_3feat,6bba_e16ffc58,6bba_e16ffc58:331,union|6bba_e16ffc58:331|11,0,0.1285432421986884
oof_logistic_3feat,6bba_e16ffc58,6bba_e16ffc58:331,union|6bba_e16ffc58:331|12,0,0.6223673327041681
oof_logistic_3feat,6bba_e16ffc58,6bba_e16ffc58:331,union|6bba_e16ffc58:331|13,0,0.2143480785097073
oof_logistic_3feat,6bba_e16ffc58,6bba_e16ffc58:331,union|6bba_e16ffc58:331|14,0,0.2180578557061482
oof_logistic_3feat,6bba_e16ffc58,6bba_e16ffc58:331,union|6bba_e16ffc58:331|15,0,0.03677286009770586
oof_logistic_3feat,6bba_e16ffc58,6bba_e16ffc58:331,union|6bba_e16ffc58:331|16,0,0.03744149924987084
oof_logistic_3feat,6bba_e16ffc58,6bba_e16ffc58:331,union|6bba_e16ffc58:331|17,0,0.03910313329681068
oof_logistic_3feat,6bba_e16ffc58,6bba_e16ffc58:331,union|6bba_e16ffc58:331|18,0,0.9743203511239619
oof_logistic_3feat,6bba_e16ffc58,6bba_e16ffc58:331,union|6bba_e16ffc58:331|19,0,0.24906699642523003
oof_logistic_3feat,6bba_e16ffc58,6bba_e16ffc58:331,union|6bba_e16ffc58:331|20,0,0.144116006161975
oof_logistic_3feat,6bba_e16ffc58,6bba_e16ffc58:331,union|6bba_e16ffc58:331|21,0,0.7265508862015226
oof_logistic_3feat,6bba_e16ffc58,6bba_e16ffc58:331,union|6bba_e16ffc58:331|22,0,0.24273640254070117
oof_logistic_3feat,6bba_e16ffc58,6bba_e16ffc58:331,union|6bba_e16ffc58:331|23,0,0.09672746058748588
oof_logistic_3feat,6bba_e16ffc58,6bba_e16ffc58:331,union|6bba_e16ffc58:331|24,0,0.7353411811929812
oof_logistic_3feat,6bba_e16ffc58,6bba_e16ffc58:331,union|6bba_e16ffc58:331|25,0,0.02059562862485077
oof_logistic_3feat,6bba_e16ffc58,6bba_e16ffc58:331,union|6bba_e16ffc58:331|26,0,0.06987162694504365
oof_logistic_3feat,6bba_e16ffc58,6bba_e16ffc58:331,union|6bba_e16ffc58:331|27,0,0.019924144031286325
oof_logistic_3feat,6bba_fe670320,6bba_fe670320:4,union|6bba_fe670320:4|0,1,0.967938313428062
oof_logistic_3feat,6bba_fe670320,6bba_fe670320:4,union|6bba_fe670320:4|1,0,0.9738386595714951
oof_logistic_3feat,6bba_fe670320,6bba_fe670320:4,union|6bba_fe670320:4|2,0,0.9831554375939351
oof_logistic_3feat,6bba_fe670320,6bba_fe670320:519,union|6bba_fe670320:519|0,0,0.1522836740098368
oof_logistic_3feat,6bba_fe670320,6bba_fe670320:519,union|6bba_fe670320:519|1,0,0.09979022697483163
oof_logistic_3feat,6bba_fe670320,6bba_fe670320:519,union|6bba_fe670320:519|2,0,0.24166466295193284
oof_logistic_3feat,6bba_fe670320,6bba_fe670320:519,union|6bba_fe670320:519|3,1,0.9572499168431534
oof_logistic_3feat,6bba_fe670320,6bba_fe670320:519,union|6bba_fe670320:519|4,0,0.9172441494975369
oof_logistic_3feat,6bba_fe670320,6bba_fe670320:519,union|6bba_fe670320:519|5,0,0.31501671601874615
oof_logistic_3feat,6bba_fe670320,6bba_fe670320:519,union|6bba_fe670320:519|6,0,0.24097469607838792
oof_logistic_3feat,6bba_fe670320,6bba_fe670320:519,union|6bba_fe670320:519|7,0,0.9192041954743858
